대학,언론사,기사 제목,기사 요약,발행시각,언론사 링크,네이버 링크
서울대학교,더퍼블릭,"코웨이-서울대, 음식물 처리기 미생물 분해 기술 이전 협약 체결",코웨이가 서울대학교와 산학협력을 통해 개발된 '미생물을 활용한 음식물쓰레기 분해 혼합 균주 개발 기술' 이전 협약을 체결했다고 밝혔다. 이번 기술 개발은 서울대학교 농업생명과학대학 강동현 교수 연구팀이...,2026-09-18 07:36,https://www.thepublic.kr/news/articleView.html?idxno=319244,https://www.thepublic.kr/news/articleView.html?idxno=319244
서울대학교,헤럴드경제,김기현 서울대 철학과 교수 ‘AI 시대의 인간다움?’ 특강,서울 서초구(구청장 전성수)는 오는 9월 30일과 10월 7일 오후 2시 서초문화예술회관 1층 아트홀에서... 이번 강연에는 김기현 서울대학교 철학과 명예교수와 문시연 숙명여자대학교 제21대 총장이 강연자로 나선다. 먼저...,2026-09-18 07:14,https://biz.heraldcorp.com/article/10877724?ref=naver,https://n.news.naver.com/mnews/article/016/0002699081?sid=102
연세대학교,후생신보,"연세대 신촌캠퍼스, 혁신성장시설·의과대학 신축 본격화","의과대학 신축도 본격화된다. (C)윤병기 기자 연세대는 기존 알렌관과 연세의료원 행정동 부지에 연면적 약 9만7천㎡, 지상 11층 규모의 의과대학을 새롭게 건립할 계획이다. 이번 사업이 완료되면 연세대 신촌캠퍼스의...",2026-09-18 07:02,http://www.whosaeng.com/sub_read.html?uid=173813&section=sc4,http://www.whosaeng.com/sub_read.html?uid=173813&section=sc4
고려대학교,LABORTODAY,"[이주호 고려대 노동문제연구소 선임연구위원] ""산별노조운동 '정체성'...",▲ 정기훈 기자 이주호(62·사진) 고려대 노동문제연구소 선임연구위원은 최근 보건의료노조를 중심으로 한 산별노조운동에 대해 집대성한 박사논문을 완성했다. 2016년 고려대 사회학 박사과정을 시작한 뒤 11년 만에...,2026-09-18 06:34,https://www.labortoday.co.kr/news/articleView.html?idxno=236854,https://www.labortoday.co.kr/news/articleView.html?idxno=236854
서울대학교,팜뉴스,"서울대·이화여대 연구진, 변이 무관 염기교정으로 조로증 치료 가능성...",서울대학교 약학대학과 이화여자대학교 약학대학 공동 연구팀은 허친슨-길포드 조기 노화 증후군(HGPS)의 주요 병인인 프로제린 단백질의 파네실화 부위를 표적으로 하는 변이 무관 염기교정 기술 'FATE...,2026-09-18 06:00,https://www.pharmnews.com/news/articleView.html?idxno=306383,https://www.pharmnews.com/news/articleView.html?idxno=306383
서울대학교,충청투데이,"[금요논평] '서울대 10개 만들기' 사업 선정, 충남대학교가 지역 인재 요...",이에 이재명 대통령은 후보 시절 수도권 일극 체제를 완화하고 지역 균형 발전을 도모하기 위해 전국의 주요 거점국립대학교를 서울대 수준의 세계적 경쟁력을 갖춘 대학으로 집중 육성하겠다는 '서울대 10개 만들기...,2026-09-18 06:00,https://www.cctoday.co.kr/news/articleView.html?idxno=2237006,https://www.cctoday.co.kr/news/articleView.html?idxno=2237006
연세대학교,NONGMIN,"당진 송악농협·NH농협생명·연세대학교 세브란스병원,농촌 순회 무료진...","충남 당진 송악농협(조합장 홍진희)이 NH농협생명, 연세대학교 세브란스병원과 함께 12일 의료 사각지대에 놓인 지역조합원들을 위해 송악문화스포츠센터 다목적체육관에서 농촌 순회 무료 진료를 했다(사진). 이날...",2026-09-18 05:01,https://www.nongmin.com/article/20260916500512,https://n.news.naver.com/mnews/article/662/0000104573?sid=102
연세대학교,국민일보,"“연세대 간호대학 120주년, ‘사랑과 섬김’의 유산으로 도약”",연세대 간호대학이 창립 120주년을 맞았다. 1906년 미국 선교사 에스더 쉴즈(Esther L Shields)의 헌신으로 시작된... 연세의 정신을 이은 리더들이 자국의 간호 인재를 키워내는 모습을 보며 쉴즈 선교사로부터 시작된 기독교...,2026-09-18 03:07,https://www.kmib.co.kr/article/view.asp?arcid=9000013235&cp=nv,https://n.news.naver.com/mnews/article/005/0001873765?sid=103
고려대학교,더퍼스트미디어,"고려대 안암병원 소화기내과 이호승·이재민 교수 연구팀, 고위험 급성...","▲좌측부터 고려대학교 안암병원 소화기내과 이호승, 이재민 교수 고려대학교 안암병원 소화기내과... 다만 연구 대상이 141명으로 비교적 제한적이고 후향적 연구라는 점 등을 고려하면, 치료 전략의 적용 범위와...",2026-09-18 01:26,http://www.thefirstmedia.net/news/articleView.html?idxno=209001,http://www.thefirstmedia.net/news/articleView.html?idxno=209001
고려대학교,더퍼스트미디어,"고려대 안산병원 비뇨의학과 배재현 교수, 방광질루 단일공 로봇수술 9...",▲고려대 안산병원 비뇨의학과 배재현 교수와 다빈치 SP 로봇수술실 고려대학교 안산병원 비뇨의학과 배재현 교수가 방광질루 환자를 대상으로 단일공 로봇수술을 시행한 결과 90%의 1차 수술 성공률을 확인했다....,2026-09-18 01:26,http://www.thefirstmedia.net/news/articleView.html?idxno=208997,http://www.thefirstmedia.net/news/articleView.html?idxno=208997
고려대학교,아시아투데이,"“AI시대 국가경쟁력, 기술보다 정책성과”…고대정책포럼 정책세미나","이날 정책세미나에는 배기선 고대정책포럼 상임대표를 비롯해 박형준·이동기·표대성 전 교우회장, 함명진 고대정책포럼 공동대표의장, 신동수 고대정책포럼 사무총장 등 교우 60여 명이 참석했다.고려대 정책대학원...",2026-09-18 00:12,https://www.asiatoday.co.kr/kn/view.php?key=20260917002355513,https://www.asiatoday.co.kr/kn/view.php?key=20260917002355513
연세대학교,강원일보,"원주시·연세대학교 미래캠퍼스, 문화공공외교 정책 에세이 공모전 시상...","원주시와 연세대 미래캠퍼스는 ‘유네스코 문학 창의도시 원주, 문화공공외교 정책 에세이 공모전’ 수상작을 17일 발표했다. 최우수상에는 연세대 미래캠퍼스 글로벌행정학과 이정훈 학생의 ‘유학생과 다국어...",2026-09-18 00:08,https://www.kwnews.co.kr/article/20260917500221,https://n.news.naver.com/mnews/article/087/0001219024?sid=102
고려대학교,한국일보,외국인 유학생 30만 시대... 고려대 국제화 우수대학 평가 2년 연속 1위,"우수대학으로 선정했다. 고려대(149.52점)는 교육과 연구 영역에서 모두 1위를 차지하며 지난해에 이어 종합... 졸업 후 영향력(사회적 영향력) 등 대학 국제화의 전 생애주기를 고려한 매우 바람직한 평가""라고 말했다.",2026-09-18 00:00,https://www.hankookilbo.com/news/article/A2026091520250005842?did=NA,https://n.news.naver.com/mnews/article/469/0000954721?sid=102
서울대학교,뉴스웍스,"코웨이, 서울대학교와 '음식물 처리기 미생물 분해기술' 이전 협약",코웨이는 서울대학교와 산학협력을 통해 개발된 '미생물을 활용한 음식물쓰레기 분해 혼합 균주 개발 기술' 이전 협약을 체결했다고 17일 밝혔다. 앞서 코웨이는 2023년부터 서울대학교와 산학협력을 통해 음식물 처리기에...,2026-09-17 23:36,https://www.newsworks.co.kr/news/articleView.html?idxno=854158,https://www.newsworks.co.kr/news/articleView.html?idxno=854158
연세대학교,메디컬월드뉴스,[인사]연세대학교 의료원 연세의대 피부생물학연구소장 박창욱 외,연세대학교 의료원이 교원 보직 인사를 실시했다. ◆ 의과대학 ▲ 피부생물학연구소장 박창욱 ◆ 보건대학원 ▲ 산업환경보건학과 주임교수 김치년 ◆ 용인세브란스병원 ▲ 간담췌외과장 최문석 ▲ 갑상선내분비외과장...,2026-09-17 23:30,https://medicalworldnews.co.kr/news/view.php?idx=1510977317,https://medicalworldnews.co.kr/news/view.php?idx=1510977317
서울대학교,GNMAEIL,'서울대 10개 만들기' 경상국립대 포함해야,﻿ 경남도의회 정재욱(국민의힘·진주1) 의원은 17일 제436회 정례회 제4차 본회의 5분 자유발언을 통해 경상국립대학교의 '서울대 10개 만들기' 패키지 지원대학 추가 선정을 촉구했다. 최근 정부는 부산대학교와 전남대학교...,2026-09-17 23:06,http://www.gnmaeil.com/news/articleView.html?idxno=595067,http://www.gnmaeil.com/news/articleView.html?idxno=595067
연세대학교,점프볼,“노력은 남들이 알아주지 않는다” 연세대 골밑의 한 축으로 자라나는...,연세대 위진석은 17일 연세대학교 신촌캠퍼스 체육관에서 열린 2026 KUSF 대학농구 U-리그 건국대와의 맞대결에서 팀의 79-63 승리에 힘을 보탰다. 이날 20점 9리바운드를 기록. 2쿼터까지 양 팀의 승부는 팽팽하게 맞물렸다....,2026-09-17 22:26,https://m.sports.naver.com/basketball/article/065/0000301671,https://m.sports.naver.com/basketball/article/065/0000301671
서울대학교,TOURNEWS21,"코웨이, 서울대와 산학협력…음식물 쓰레기 분해 미생물 기술 확보",코웨이가 서울대학교와 음식물 처리기용 미생물 분해 기술 이전 협약을 체결했다고 17일 밝혔다. 코웨이 측에... 연구는 서울대학교 농업생명과학대학 강동현 교수 연구팀이 주도했다. 강 교수는 미국 캔자스주립대에서...,2026-09-17 22:18,https://www.tournews21.com/news/articleView.html?idxno=143769,https://www.tournews21.com/news/articleView.html?idxno=143769
서울대학교,THEDAILYPOST,"코웨이, 서울대와 '음식물 처리기 미생물 분해 기술' 독점 이전 협약","ㅣ데일리포스트=곽민구 기자ㅣ코웨이가 서울대학교와의 산학협력을 통해 국내 음식물 처리 환경에 최적화된 미생물 분해 원천 기술을 확보하고 신제품 출시에 나선다. 코웨이는 ""서울대학교 강동현 교수 연구팀이 개발한...",2026-09-17 21:50,https://www.thedailypost.kr/news/articleView.html?idxno=115703,https://www.thedailypost.kr/news/articleView.html?idxno=115703
연세대학교,점프볼,"1순위 판도 바뀐다! 연세대 김승우, 얼리 엔트리 선언···1년 빨리 프로...","고민 끝에 연세대에 잔류했고, 1년 더 대학에서 시간을 보냈다. 올해는 확실하게 마음을 굳히며 1년 빨리 프로 무대에 도전하게 됐다. 올해 드래프트는 이동근(고려대)이 강력한 1순위 후보로 평가 받았다. 그러나...",2026-09-17 21:48,https://m.sports.naver.com/basketball/article/065/0000301670,https://m.sports.naver.com/basketball/article/065/0000301670
고려대학교,점프볼,"""동근이 형, 금메달 실물 영접하고 싶어요""… 고려대 양종윤이 이동근에...",고려대는 17일 경희대학교 국제캠퍼스 선승관에서 열린 2026 KUSF 대학농구 U-리그 경희대와의 경기에서 접전 끝에 70-69로 승리했다. 양종윤은 18점(3P 2개) 9리바운드 6어시스트로 공수 양면에서 에너지를 보탰다. 전반을 31...,2026-09-17 21:37,https://m.sports.naver.com/basketball/article/065/0000301668,https://m.sports.naver.com/basketball/article/065/0000301668
고려대학교,점프볼,"""초등학생 때 넣은 위닝샷 생각나"" 위닝샷 터뜨린 정재엽, 고려대 우승...","고려대가 17일 경희대학교 국제캠퍼스 선승관에서 열린 2026 KUSF 대학농구 U-리그 경희대와의 경기에서 접전 끝에 70-69로 꺾고, 단독 2위(15승 3패)를 고수했다. 경기 종료 18.6초 전, 귀중한 리바운드에 이은 결승 레이업이...",2026-09-17 21:36,https://m.sports.naver.com/basketball/article/065/0000301667,https://m.sports.naver.com/basketball/article/065/0000301667
서울대학교,이데일리,"차기 서울대 총장 후보들 공약 살펴보니…""교수 처우 개선·재정확충"" 주...",서울대학교 정문 전경.(사진=뉴시스) 서울대는 17일 오후 서울 종로구 연건캠퍼스에서 교수 등 학내 구성원을 대상으로 ‘제29대 총장예비후보자 공개 소견 발표회’를 진행했다. 지난 9일 서울대 총장추천위원회(총추위)...,2026-09-17 21:22,https://www.edaily.co.kr/News/Read?newsId=06182806645581104&mediaCodeNo=257&utm_source=naver&utm_medium=referral&utm_campaign=news_syndication&utm_content=original_article,https://n.news.naver.com/mnews/article/018/0006371561?sid=102
서울대학교,조선일보,“교수 연봉 3억” “자산 10조 확보”... 서울대 총장 후보 공약 들어보...,제29대 서울대 총장을 뽑는 서울대 총장추천위원회는 17일 오후 3시 서울 종로구 서울대 연건캠퍼스 의과대학에서 총장 예비 후보자 소견 발표회를 열었다. 앞서 서울대 총장추천위는 지난 9일 강준호 사범대 체육교육과...,2026-09-17 21:01,https://www.chosun.com/national/national_general/2026/09/17/ASUNED6ABNFC5C5YTEWB5EEB6Q/?utm_source=naver&utm_medium=referral&utm_campaign=naver-news,https://n.news.naver.com/mnews/article/023/0003999063?sid=102
연세대학교,점프볼,"건국대 꺾은 연세대, 팀 역대 최저 5위 확정…최저 승률 피할까?",이 때문에 연세대는 11개 대학 중 가장 먼저 최종 순위 5위에 자리잡았다. 연세대는 2010년 출범한 대학농구리그에서 10번이나 2위를 기록했다. 코로나19로 단일 대회 방식으로 열린 2020년과 2021년을 제외했다. 즉...,2026-09-17 20:54,https://m.sports.naver.com/basketball/article/065/0000301665,https://m.sports.naver.com/basketball/article/065/0000301665
서울대학교,아주경제,"'정체와 위기' 갈림길 선 서울대…""경영자·석학·COO·개혁가 '4인 4색'...","서울대 교수협의회 조사 결과 교수 연봉이 서울 상위권 대학 중 10위권에 머물고 최근 초봉이 7000만 원 안팎에 불과하다는 점, 최근 설문조사에서 차기 총장 최우선 과제로 ‘연봉 인상’이 꼽힌 점을 짚었다. 강 후보는...",2026-09-17 19:56,https://www.ajunews.com/view/20260917194012439,https://www.ajunews.com/view/20260917194012439
서울대학교,비욘드포스트,"관악문화재단-서울대, 개교 80주년 '2026 예술주간' 공동 개최","관악문화재단(대표이사 소홍삼)이 서울대학교(예술주간 조직위원장, 학생부처장 이건학)와 손잡고 서울대 개교 80주년을 기념하는 '2026 서울대학교 예술주간'을 오는 28일부터 다음 달 2일까지 5일간 관악구 일대에서...",2026-09-17 19:34,http://www.beyondpost.co.kr/view.php?ud=20260917192022153592e75d13a3_30,http://www.beyondpost.co.kr/view.php?ud=20260917192022153592e75d13a3_30
서울대학교,로이슈,"코웨이, 서울대와 음식물 처리기 미생물 기술 이전 계약 체결","코웨이가 서울대학교 농업생명과학대학 강동현 교수 연구팀과 개발한 음식물쓰레기 분해 혼합 균주 기술 이전 협약을 17일 체결했다. 이번 협약으로 코웨이는 프로테아제, 아밀라아제, 셀룰라아제, 리파아제 등 4종의...",2026-09-17 19:28,http://www.lawissue.co.kr/view.php?ud=202609171927189853204ead0791_12,http://www.lawissue.co.kr/view.php?ud=202609171927189853204ead0791_12
서울대학교,노컷뉴스,"'서울대 10개 만들기 탈락' 충북대, 교통대 통합 선결 '부심'",국립한국교통대학교와 통합 무산 위기에 더해 서울대 10개 만들기 사업에서도 탈락한 충북대학교의 거점 국립대 위상이 크게 흔들리고 있다. 급기야 충북대 교수회는 통합 재추진과 서울대 10개 만들기 선정을 위한...,2026-09-17 19:08,https://www.nocutnews.co.kr/news/6580154?utm_source=naver&utm_medium=article&utm_campaign=20260917070736,https://n.news.naver.com/mnews/article/079/0004190714?sid=102
서울대학교,S-JOURNAL,"코웨이-서울대, 미생물 음식물 분해 기술이전 협약 체결",코웨이가 서울대학교와 산학협력을 통해 개발된 미생물을 적용한 음식물쓰레기 분해 혼합 균주 개발 기술 이전 협약을 체결했다. 코웨이는 지난 2023년부터 서울대학교와 산학협력을 통해 음식물 처리기에 최적화된 미생물...,2026-09-17 19:08,https://www.s-journal.co.kr/news/articleView.html?idxno=43849,https://www.s-journal.co.kr/news/articleView.html?idxno=43849
고려대학교,점프볼,"‘우승경쟁 불 지폈다’ 고려대, 대접전 끝에 경희대 제압","고려대는 17일 경희대학교 국제캠퍼스 선승관에서 열린 2026 KUSF 대학농구 U-리그 경희대와의 경기에서 70-69로 승리했다. 9연승을 질주한 고려대는 15승(3패)을 기록, 단독 2위를 지켰다. 심주언이 풀타임을 소화하며...",2026-09-17 19:04,https://m.sports.naver.com/basketball/article/065/0000301661,https://m.sports.naver.com/basketball/article/065/0000301661
연세대학교,점프볼,"'주영·승우 공백 최소화 숙제' 연세대 이병엽 ""기회라고 생각...책임감...","연세대는 17일 연세대 신촌캠퍼스 체육관에서 열린 2026 kUSF 대학농구 U-리그 건국대와의 맞대결에서 79-63으로 승리했다. 이채형(21점)과 위진석(20점)이 41점을 합작한 가운데, 이병엽도 2점 10어시스트 2스틸로 팀 승리에...",2026-09-17 18:49,https://m.sports.naver.com/basketball/article/065/0000301660,https://m.sports.naver.com/basketball/article/065/0000301660
서울대학교,메디컬월드뉴스,"[9월 17일 병원계 이모저모①]삼육서울, 일산백, 일산차, 서울대치과병...","◆삼육서울병원, 산후조리원 리모델링 마치고 재개원 삼육서울병원(병원장 양거승) 산후조리원(원장... ◆서울대치과병원, ‘청렴·윤리경영 실천 서약식’ 개최 서울대학교치과병원(원장 김성균)이 지난 9월 14일 감사실...",2026-09-17 18:40,https://medicalworldnews.co.kr/news/view.php?idx=1510977305,https://medicalworldnews.co.kr/news/view.php?idx=1510977305
서울대학교,경남일보,"정재욱 경남도의원 ""서울대 10개 만들기, 경상국립대 선정을""","경상국립대학교를 정부의 '서울대 10개 만들기' 패키지 지원대학으로 추가 선정해야 한다는 주장이 나왔다. 정재욱 경남도의원(사진, 국민의힘·진주1)은 17일 제436회 정례회 제4차 본회의 5분 자유발언에서 경상국립대의...",2026-09-17 18:38,https://www.gnnews.co.kr/news/articleView.html?idxno=645851,https://www.gnnews.co.kr/news/articleView.html?idxno=645851
고려대학교,루키,"끝까지 치열했다! '3점슛 14개 성공' 고려대, 경희대에 1점 차 승리","고려대학교는 17일 경희대학교 국제캠퍼스 선승관에서 열린 2026 KUSF 대학농구 U-리그 경희대학교와의 경기에서 70-69로 이겼다. 이날 승리로 고려대는 리그 2위를 유지했다. 고려대에서 심주언(19득점 7리바운드), 양종윤...",2026-09-17 18:36,http://www.rookie.co.kr/news/articleView.html?idxno=126998,https://m.sports.naver.com/basketball/article/398/0000102741
서울대학교,경남일보,"[기고]서울대 10개만들기, 국가균형발전 초심으로 돌아가야",김택균·경상국립대학교 총동문회장 지역대학의 경쟁력은 지역의 산업 경쟁력이자 대한민국의 지속 가능한 성장과 직결되는 국가적 과제다. 이러한 배경에서 추진되는 이른바 '서울대 10개 만들기' 정책에 지역사회가...,2026-09-17 18:36,https://www.gnnews.co.kr/news/articleView.html?idxno=645820,https://www.gnnews.co.kr/news/articleView.html?idxno=645820
연세대학교,점프볼,"‘후반기 전승’달리는 연세대, 조동현 감독 “원동력은 리바운드와 궂...",조동현 감독이 이끄는 연세대는 17일 연세대학교 신촌캠퍼스 체육관에서 열린 2026 KUSF 대학농구 U-리그 건국대와의 맞대결에서 79-63로 승리했다. 후반기 시작과 함께 3연승을 거두며 상승세를 이어갔다. 연세대는 2쿼터...,2026-09-17 18:24,https://m.sports.naver.com/basketball/article/065/0000301658,https://m.sports.naver.com/basketball/article/065/0000301658
연세대학교,루키,"""보이지 않는 곳에서 헌신하는 선수가 되는 것이 목표!"" 연세대 4학년 홍...",연세대학교가 17일 연세대 신촌캠퍼스 체육관에서 열린 2026 KUSF 대학농구 U-리그 건국대학교와의 경기에서 79-63으로 승리했다. 이날 연세대는 이채형과 위진석이 동반 20+득점을 달성하며 팀 공격을 이끌었고 이병엽 역시...,2026-09-17 18:23,http://www.rookie.co.kr/news/articleView.html?idxno=126999,https://m.sports.naver.com/basketball/article/398/0000102740
연세대학교,LAWLEADER,"참여연대 한상희 ""검찰보고서의 마지막 제호…권력 감시 계속할 것""","한상훈 참여연대 사법감시센터 실행위원(연세대 법학전문대학원 교수), 김혜경 참여연대 사법감시센터 실행위원(계명대 경찰행정학과 교수), 오병두 참여연대 사법감시센터 실행위원(홍익대 법과대학 교수) 등이 참석했다.",2026-09-17 18:20,http://www.lawleader.co.kr/news/articleView.html?idxno=19972,http://www.lawleader.co.kr/news/articleView.html?idxno=19972
서울대학교,GNDOMIN,"정재욱 경남도의원 ""경상국립대 '서울대 10개 만들기' 추가해야""","▲ 정재욱 경남도의원 경남도의회 정재욱(국민의힘, 진주1) 의원은 제436회 정례회 제4차 본회의 5분 자유발언을 통해 경상국립대학교의 '서울대 10개 만들기' 패키지 지원대학 추가 선정을 촉구했다. 최근 정부는...",2026-09-17 18:20,http://www.gndomin.com/news/articleView.html?idxno=489960,http://www.gndomin.com/news/articleView.html?idxno=489960
고려대학교,메디칼타임즈,"고대구로 김다솜 전공의, EMS Korea 우수포스터상",고려대학교 구로병원 응급의학과 김다솜 전공의가 지난 9월 8일(화) 서울 백범김구기념관에서 열린 응급의료 학술대회 ‘EMS Korea 2026’에서 우수포스터상을 수상했다. 김다솜...,2026-09-17 18:16,https://www.medicaltimes.com/Main/News/InformView.html?ID=11344&ref=naverpc,https://www.medicaltimes.com/Main/News/InformView.html?ID=11344&ref=naverpc
고려대학교,메디칼타임즈,"고대구로병원, 새암병원 첫 삽…중증·필수의료 인프라 확충",환자의 특성에 따른 다양한 항암치료가 가능하다는 점도 고려대학교 구로병원의 강점이다. 표적항암치료와 면역항암치료 등 다양한 치료법을 활용하고 환자의 유전자와 면역 상태 등을 고려해 맞춤형 항암치료를...,2026-09-17 18:16,https://www.medicaltimes.com/Main/News/NewsView.html?ID=1170775&ref=naverpc,https://www.medicaltimes.com/Main/News/NewsView.html?ID=1170775&ref=naverpc
연세대학교,바스켓코리아,"[대학리그] 후반기 3연승 이끈 조동현 연세대 감독, “감독한테 만족은...","이날 연세대는 현재 대학리그 득점왕인 건국대 김태균(184cm, G)을 한 자릿수 득점으로 막아냈다. 그러나 조동현 감독은 크게 의식하지 않았다. 조 감독은 “물론 김태균은 개인 능력이 좋은 선수다. 하지만 특정 선수가...",2026-09-17 18:15,https://basketkorea.com/news/newsview.php?ncode=1065604423009619,https://m.sports.naver.com/basketball/article/351/0000088257
서울대학교,SBS Biz,서울대 총장 후보들 공약…정교수 연봉 3억까지 올린다,"차기 서울대 총장 선거에 출사표를 던진 예비후보들이 교수 연봉 3억원과 수조원대 기금 조성, 총장 권한 축소 등 대학 경쟁력 강화를 위한 각자의 청사진을 내놨습니다. 17일 서울대 연건캠퍼스에서 열린 제29대 총장...",2026-09-17 18:14,https://biz.sbs.co.kr/article_hub/20000335379?division=NAVER,https://n.news.naver.com/mnews/article/374/0000533573?sid=103
서울대학교,뉴스1,"서울대 총장후보 4인 본격 유세…""교수 연봉 3억원·10조 자산""",서울대는 17일 오후 서울 종로구 연건캠퍼스에서 교수 등 서울대 구성원을 대상으로 '제29대 총장예비후보자 공개 소견 발표회'를 진행했다. 지난 9일 서울대 총장추천위원회(총추위) 비공개 평가를 통해 예비후보로...,2026-09-17 18:13,https://www.news1.kr/society/education/6294449,https://n.news.naver.com/mnews/article/421/0009177533?sid=102
연세대학교,루키,"난적 건국대 꺾은 연세대 조동현 감독 ""3쿼터에도 선수들이 이겨내는 힘...",연세대학교가 17일 연세대 신촌캠퍼스 체육관에서 열린 2026 KUSF 대학농구 U-리그 건국대학교와의 경기에서 79-63으로 승리했다. 이날 전반까지 치열한 승부를 펼쳤던 양 팀이다. 하지만 연세대는 3쿼터 들어 주장 이채형과...,2026-09-17 18:12,http://www.rookie.co.kr/news/articleView.html?idxno=126997,https://m.sports.naver.com/basketball/article/398/0000102739
서울대학교,파이낸셜뉴스,"코웨이, 서울대와 기술이전 협약... 이달 음식물처리기 신제품에 적용",코웨이가 서울대학교와 '미생물을 활용한 음식물 쓰레기 분해 혼합 균주 개발 기술' 이전 협약을 체결했다고 17일 밝혔다. 코웨이는 2023년부터 서울대학교와 산학협력을 통해 음식물 처리기에 최적화된 미생물 균종을...,2026-09-17 18:10,https://www.fnnews.com/news/202609171808305195,https://n.news.naver.com/mnews/article/014/0005577571?sid=101
연세대학교,이뉴스투데이,[인사] 연세대학교 의료원,◇ 의과대학 ▲ 피부생물학연구소장 박창욱 ◇ 보건대학원 ▲ 산업환경보건학과 주임교수 김치년 ◇ 용인세브란스병원 ▲ 간담췌외과장 최문석 ▲ 갑상선내분비외과장 이초록 ▲ 대장항문외과장 김태형 ▲ 소아외과장...,2026-09-17 18:03,http://www.enewstoday.co.kr/news/articleView.html?idxno=2471899,http://www.enewstoday.co.kr/news/articleView.html?idxno=2471899
연세대학교,점프볼,"'이채형-위진석 41점 합작' 달라진 연세대, 건국대도 16점 차 제압...2학...",연세대는 17일 연세대 신촌캠퍼스 체육관에서 열린 2026 KUSF 대학농구 U-리그 건국대와의 경기에서 79-63으로 승리했다. 이날 승리로 3연승을 달리며 11승(7패)를 기록한 연세대는 5위를 유지했다. 연세대는 2학기 2경기를...,2026-09-17 18:03,https://m.sports.naver.com/basketball/article/065/0000301656,https://m.sports.naver.com/basketball/article/065/0000301656
서울대학교,연합뉴스,서울대 총장 후보들 공약 들어보니…정교수 연봉 3억까지 올리겠다,"차기 서울대 총장 선거에 출사표를 던진 예비후보들이 교수 연봉 3억원과 수조원대 기금 조성, 총장 권한 축소 등 대학 경쟁력 강화를 위한 각자의 청사진을 내놨다. 17일 서울대 연건캠퍼스에서 열린 제29대 총장...",2026-09-17 17:53,https://www.yna.co.kr/view/AKR20260917183100004?input=1195m,https://n.news.naver.com/mnews/article/001/0016319082?sid=102
연세대학교,NEWS2DAY,[오늘의 인사 : 9월 17일] 충북도·한국마사회·국립중앙박물관·연세대...,안경숙 ■ 연세대학교 의료원 ◇ 의과대학 ▷ 피부생물학연구소장 박창욱 ◇ 보건대학원 ▷ 산업환경보건학과 주임교수 김치년 ◇ 용인세브란스병원 ▷ 간담췌외과장 최문석 ▷ 갑상선내분비외과장 이초록...,2026-09-17 17:50,https://www.news2day.co.kr/article/20260917500131,https://www.news2day.co.kr/article/20260917500131
연세대학교,루키,"3Q 지배한 연세대, 건국대 추격 뿌리치고 승리 따내… 시즌 11승 달성",연세대학교가 17일 연세대 신촌캠퍼스 체육관에서 열린 2026 KUSF 대학농구 U-리그 건국대학교와의 경기에서 79-63으로 승리했다. 1쿼터부터 치열한 흐름의 승부가 펼쳐졌다. 양 팀 모두 높은 에너지레벨을 발휘했고 각자의...,2026-09-17 17:44,http://www.rookie.co.kr/news/articleView.html?idxno=126992,https://m.sports.naver.com/basketball/article/398/0000102737
연세대학교,바스켓코리아,"[대학리그] ‘3Q 23-8’ 연세대, 전반 부진 털어내고 건국대 제압...후반...",연세대는 17일 연세대학교 체육관에서 열린 2026 KUSF 대학농구 U-리그 남대부 정규리그 경기에서 건국대에 79-63으로 승리했다. 후반기 연승을 이어갔다. 경기 초반은 팽팽했다. 연세대는 투맨 게임을 통해 득점에...,2026-09-17 17:44,https://basketkorea.com/news/newsview.php?ncode=1065602330114199,https://m.sports.naver.com/basketball/article/351/0000088255
고려대학교,로이슈,"고려대 구로병원 김다솜 전공의, EMS Korea 우수포스터상",고려대학교 구로병원 응급의학과 김다솜 전공의가 지난 8일 서울 백범김구기념관에서 열린 응급의료 학술대회 ‘EMS Korea 2026’에서 우수포스터상을 수상했다고 17일 밝혔다. 김다솜 전공의는 이번 학술대회에서...,2026-09-17 17:44,http://www.lawissue.co.kr/view.php?ud=202609171742325086f4ab64559d_12,http://www.lawissue.co.kr/view.php?ud=202609171742325086f4ab64559d_12
서울대학교,TODAYECONOMIC,"코웨이, 서울대 미생물 분해 기술 이전…음식물처리기 신제품 이달 말 ...",투데이e코노믹 = 이혜진 기자 | 코웨이가 서울대학교와 공동 개발한 미생물 분해 기술을 바탕으로 음식물처리기 시장 공략에 나선다. 코웨이는 서울대학교와 산학협력으로 개발한 ‘미생물을 활용한 음식물쓰레기 분해...,2026-09-17 17:34,https://www.todayeconomic.com/news/article.html?no=32175,https://www.todayeconomic.com/news/article.html?no=32175
서울대학교,KFENEWS,"코웨이, 서울대와 '음식물처리기 미생물 분해 기술 이전' 협약",최인두 코웨이 1연구소장(왼쪽)과 강동현 서울대학교 농업생명과학대학 교수(오른쪽)가 기념 촬영을 하고 있다. 사진=코웨이 한국금융경제신문=조희경 기자 | 코웨이가 서울대학교와 공동 연구한 미생물 기반 음식물쓰레기...,2026-09-17 17:30,https://www.kfenews.co.kr/news/articleView.html?idxno=664763,https://www.kfenews.co.kr/news/articleView.html?idxno=664763
서울대학교,뉴시스,"""연봉 3억"" vs ""지르기 경쟁""…서울대 총장 예비후보 4인 첫 소견발표","신항섭 기자, 이은서 인턴기자 = 서울대 제29대 총장 예비후보자 4인이 17일 연건캠퍼스에서 처음으로... 그는 ""서울대 정교수 평균 연봉은 어느 정도가 적절할까. 제가 생각한 기준은 3억""이라며 법인회계 재배분과...",2026-09-17 17:29,https://www.newsis.com/view/NISX20260917_0003794482,https://n.news.naver.com/mnews/article/003/0014198060?sid=102
고려대학교,이데일리,"고려대, 충전·수명 개선한 리튬-황 전지 음극 개발",고려대 KU-KIST융합대학원 허영훈 석박사통합과정생과 한국과학기술연구원(KIST) 이주연 연구원이 공동 제1 저자로 참여했다. 연구 결과는 저명 국제학술지(Advanced Functional Materials)에 게재됐다. 연구진은 “이번 연구가...,2026-09-17 17:29,https://www.edaily.co.kr/News/Read?newsId=04893766645581104&mediaCodeNo=257&utm_source=naver&utm_medium=referral&utm_campaign=news_syndication&utm_content=original_article,https://n.news.naver.com/mnews/article/018/0006371378?sid=102
고려대학교,KFENEWS,"고려대, 리튬-황 전지 수명 한계 극복",고려대학교는 KU-KIST융합대학원 윤영수 교수 연구팀이 KIST 및 중국 허베이과학기술대 연구진과의 공동 연구를 통해 전극 표면에 얇은 고분자 보호막을 형성하는 '스킨 패시베이션' 기술을 개발하고 고성능 리튬-황...,2026-09-17 17:26,https://www.kfenews.co.kr/news/articleView.html?idxno=664787,https://www.kfenews.co.kr/news/articleView.html?idxno=664787
서울대학교,FTODAY,"코웨이, 서울대와 '음식물 처리기 미생물 분해 기술' 이전 협약 체결",코웨이가 서울대학교와 산학협력을 통해 개발된 '미생물을 활용한 음식물쓰레기 분해 혼합 균주 개발 기술' 이전 협약을 체결했다고 17일 밝혔다. 코웨이는 2023년부터 서울대학교와 연구를 진행한 결과 전통...,2026-09-17 17:04,http://www.ftoday.co.kr/news/articleView.html?idxno=365665,http://www.ftoday.co.kr/news/articleView.html?idxno=365665
서울대학교,100SSD,"코웨이-서울대, 음식물쓰레기 분해 미생물 기술 확보…신제품 적용",코웨이는 서울대학교와 산학협력을 통해 개발한 '미생물을 활용한 음식물쓰레기 분해 혼합 균주 개발 기술... 코웨이는 지난 2023년부터 서울대와 산학협력을 통해 음식물처리기에 적합한 미생물 균종을 발굴하는 연구를...,2026-09-17 17:00,https://www.100ssd.co.kr/news/articleView.html?idxno=212923,https://www.100ssd.co.kr/news/articleView.html?idxno=212923
연세대학교,이데일리,"참여연대 ""李대통령 공소취소 논란, 개혁 아닌 특혜""",한상훈 연세대 교수는 “국가 권력형 비리와 부패에 대한 엄정한 수사·기소는 여전히 고위공직자범죄수사처(공수처)의 몫”이라며 공수처 인력 확충과 임기 제도 개선을 제안했다. 오병두 홍익대 교수는...,2026-09-17 16:59,https://www.edaily.co.kr/News/Read?newsId=04775686645581104&mediaCodeNo=257&utm_source=naver&utm_medium=referral&utm_campaign=news_syndication&utm_content=original_article,https://n.news.naver.com/mnews/article/018/0006371351?sid=102
연세대학교,메디칼트리뷴,연세대의료원,"피부생물학연구소장 박창욱 산업환경보건학과 주임교수 김치년 [용인세브란스병원] 간담췌외과장 최문석, 갑상선내분비외과장 이초록, 대장항문외과장 김태형, 소아외과장 호인걸, 유방외과장 이준상, 위장관외과장...",2026-09-17 16:54,http://www.medical-tribune.co.kr/news/articleView.html?idxno=215203,http://www.medical-tribune.co.kr/news/articleView.html?idxno=215203
서울대학교,아시아경제,[포토] 심사평하는 이현수 서울대학교 건축학과 명예교수,이현수 서울대학교 건축학과 명예교수가 17일 서울 중구 프레스센터에서 열린 ‘제21회 아시아건설종합대상’에 참석해 심사평 하고 있다.,2026-09-17 16:53,https://view.asiae.co.kr/article/2026091716533640774,https://n.news.naver.com/mnews/article/277/0005818031?sid=101
서울대학교,아시아경제,[포토] 아시아건설종합대상서 심사평하는 이현수 서울대 건축학과 명예...,이현수 서울대학교 건축학과 명예교수가 17일 서울 중구 프레스센터에서 열린 ‘제21회 아시아건설종합대상’에 참석해 심사평 하고 있다.,2026-09-17 16:53,https://view.asiae.co.kr/article/2026091716535753429,https://n.news.naver.com/mnews/article/277/0005818030?sid=101
서울대학교,NEWSWORKER,[뉴스워커_코웨이] 맵고 짠 음식물도 분해할 미생물 찾았다…서울대 기...,2023년부터 서울대학교와 진행한 공동연구 결과를 실제 음식물 처리기에 적용하는 것이다. 코웨이는 서울대학교와 산학협력을 통해 개발한 '미생물을 활용한 음식물쓰레기 분해 혼합 균주 개발 기술'의 이전 협약을...,2026-09-17 16:50,https://www.newsworker.co.kr/news/articleView.html?idxno=504965,https://www.newsworker.co.kr/news/articleView.html?idxno=504965
서울대학교,화이트페이퍼,"코웨이, 서울대 개발 '미생물 기술' 9월말 출시 신제품에 적용","화이트페이퍼, WHITEPAPER최인두 코웨이 1연구소장(왼쪽)과 강동현 서울대학교 농업생명과학대학 교수(오른쪽)가 기념 촬영을 하고 있다. (사진=코웨이)  코웨이가 서울대학교와 산학협력을 통해 개발한 음식물쓰레기 분해...",2026-09-17 16:44,http://www.whitepaper.co.kr/news/articleView.html?idxno=266963,http://www.whitepaper.co.kr/news/articleView.html?idxno=266963
서울대학교,NEWSCAPE,"코웨이, 서울대와 미생물 활용한 음식물쓰레기 분해 기술 이전 협약",코웨이는 서울대학교와 산학협력을 통해 개발된 '미생물을 활용한 음식물쓰레기 분해 혼합 균주 개발 기술' 이전 협약을 맺었다고 17일 밝혔다. 최인두 코웨이 1연구소장(왼쪽)과 강동현 서울대학교 농업생명과학대학...,2026-09-17 16:34,http://www.newscape.co.kr/news/articleView.html?idxno=124638,http://www.newscape.co.kr/news/articleView.html?idxno=124638
서울대학교,메가경제,"코웨이, 서울대와 ‘음식물쓰레기 분해 미생물’ 기술 확보",코웨이가 서울대학교와 산학협력을 통해 개발한 음식물쓰레기 분해 미생물 기술을 이전받고 음식물 처리기 사업 경쟁력 강화에 나선다. 코웨이는 서울대학교와 ‘미생물을 활용한 음식물쓰레기 분해 혼합 균주 개발...,2026-09-17 16:30,https://www.megaeconomy.co.kr/news/newsview.php?ncode=1065597982435194,https://www.megaeconomy.co.kr/news/newsview.php?ncode=1065597982435194
고려대학교,보건뉴스,"고대구로병원 김다솜 전공의, 'EMS Korea 2026' 우수포스터상 수상",고려대학교 구로병원 응급의학과 김다솜 전공의가 지난 8일 서울 백범김구기념관에서 열린 응급의료 학술대회 'EMS Korea 2026'에서 우수포스터상을 수상했다. 김다솜 전공의는 이번 학술대회에서 'Early...,2026-09-17 16:28,http://www.bokuennews.com/news/article.html?no=284414,http://www.bokuennews.com/news/article.html?no=284414
연세대학교,청년의사,[인사] 연세대의료원,연세대의료원이 교원 보직 인사를 실시했다고 17일 밝혔다.. 의과대학 ▲ 피부생물학연구소장 박창욱 보건대학원 ▲ 산업환경보건학과 주임교수 김치년 용인세브란스병원 ▲ 간담췌외과장 최문석 ▲ 갑상선내분비외과장...,2026-09-17 16:24,http://www.docdocdoc.co.kr/news/articleView.html?idxno=3042888,http://www.docdocdoc.co.kr/news/articleView.html?idxno=3042888
고려대학교,보건뉴스,"고대구로병원, '새암병원' 첫 삽…중증·암 진료 대전환",등을 고려한 맞춤형 항암치료를 강화할 예정이다. 임상시험과 새로운 항암치료법 연구에도 적극 참여해 최신 치료법을 실제 진료에 적용하는 연구-임상 연계도 확대한다. 고려대 구로병원은 건강보험심사평가원...,2026-09-17 16:24,http://www.bokuennews.com/news/article.html?no=284412,http://www.bokuennews.com/news/article.html?no=284412
연세대학교,글로벌이코노믹,연세대 신촌캠퍼스에 '혁신성장동·신의과대학' 신축…AI·의료 거점 대...,"서울 연세대학교 신촌캠퍼스에 혁신성장시설동과 신축 의과대학이 들어서며 AI 융합 연구 및 전문 의료... 이와 함께 기존 알렌관과 연세의료원 행정동 부지에는 지상 11층, 연면적 약 9만 7000㎡ 규모의 의과대학...",2026-09-17 16:22,https://www.g-enews.com/view.php?ud=202609171512296471a9fc143920_1,https://www.g-enews.com/view.php?ud=202609171512296471a9fc143920_1
서울대학교,교수신문,"농학 교육 120년… 서울대 농생명과학대, 'CALS Vision 2040' 선포",서울대 농업생명과학대(학장 강병철)는 지난 15일(화) 「농학 120년·개교 80주년 기념행사」를 개최하고... 행사는 1906년 농상공학교 농과의 분리·독립에서 출발한 우리나라 농업교육 120년의 역사와 서울대 개교...,2026-09-17 16:12,https://www.kyosu.net/news/articleView.html?idxno=210479,https://www.kyosu.net/news/articleView.html?idxno=210479
서울대학교,NEWSGN,"정재욱 경남도의원, ""경상국립대 '서울대 10개 만들기' 추가 선정해야""","경남도의회 정재욱(국민의힘, 진주1) 의원은 제436회 정례회 제4차 본회의 5분 자유발언을 통해 경상국립대학교의 '서울대 10개 만들기' 패키지 지원대학 추가 선정을 촉구했다. 최근 정부는 부산대학교와 전남대학교...",2026-09-17 16:08,https://www.newsgn.com/news/articleView.html?idxno=574615,https://www.newsgn.com/news/articleView.html?idxno=574615
서울대학교,메디컬투데이,"코웨이, 서울대 개발 미생물 기술 품는다…음식물처리기 신제품에 적용",코웨이가 서울대학교와 공동 연구한 음식물쓰레기 분해 미생물 기술을 확보하고 이를 적용한 음식물처리기를 이달 말 선보인다. 코웨이는 서울대와 산학협력을 통해 개발한 '미생물을 활용한 음식물쓰레기 분해 혼합...,2026-09-17 16:04,https://www.mdtoday.co.kr/news/articleView.html?idxno=613638,https://www.mdtoday.co.kr/news/articleView.html?idxno=613638
서울대학교,지디넷코리아,"코웨이, 서울대와 '음식물 분해 미생물' 기술 이전 협약…연구 역량 내...",코웨이가 서울대학교와 손잡고 한국 식문화에 최적화된 고효율 음식물 분해 미생물 기술을 독점 확보했다. 코웨이는 서울대학교 농업생명과학대학과 산학협력을 통해 개발한 ‘미생물을 활용한 음식물쓰레기 분해 혼합...,2026-09-17 16:04,https://zdnet.co.kr/view/?no=20260917152232,https://n.news.naver.com/mnews/article/092/0002437915?sid=105
서울대학교,여성소비자신문,"코웨이·바디프랜드, 서울대학교와 '음식물쓰레기 분해균주 개발기술' ...",코웨이가 서울대학교와 '미생물을 활용한 음식물쓰레기 분해 혼합 균주 개발 기술' 이전 협약을 체결했으며 바디프랜드는 용인시 복합쇼핑몰 리빙파워센터에 신규 라운지를 오픈했다. 코웨이가 서울대학교와...,2026-09-17 16:04,http://www.wsobi.com/news/articleView.html?idxno=318415,http://www.wsobi.com/news/articleView.html?idxno=318415
고려대학교,INDUSTRYNEWS,"고려대 윤영수 교수팀, 전극에 '인공 피부' 입힌 고성능 리튬-황 전지 개...",고려대학교는 KU-KIST융합대학원 윤영수 교수 연구팀이 전극 표면에 얇은 고분자 피막을 형성해 고성능 리튬-황 전지를 구현하는 데 성공했다고 17일 밝혔다. 기존 흑연 대신 리튬 금속을 음극재로 활용하면 이론적...,2026-09-17 16:02,https://www.industrynews.co.kr/news/articleView.html?idxno=86199,https://www.industrynews.co.kr/news/articleView.html?idxno=86199
연세대학교,TVDAILY,"'연세대 출신' 브래드 피트 子, 부친 흔적 지우기…법원서 개명 승인 [T...",한편 매덕스 졸리 피트는 2019년 연세대학교 언더우드국제대학에 입학해 국내에서 주목받았다. 안젤리나 졸리와 브래드 피트는 2005년 작품으로 인연을 맺은 뒤 2014년 가정을 꾸렸다. 전 세계의 이목을 끌었던 두...,2026-09-17 16:00,http://www.tvdaily.co.kr/read.php3?aid=17896263421802632011,https://m.entertain.naver.com/article/440/0000045827
서울대학교,BBS NEWS,"충북대 교수회 ""서울대 10개 만들기 선정 기준 공개해야""","정부의 서울대 10개 만들기 패키지 지원 대학 선정 탈락을 두고 충북대학교 교수회가 ""지역 교육 생태계 파괴""라며 반발했습니다. 교수회는 어제(16일) 성명을 내고 ""2026학년도 수시원서 접수 결과 충남대는 지난해보다 8.6...",2026-09-17 15:36,https://news.bbsi.co.kr/news/articleView.html?idxno=4107251,https://news.bbsi.co.kr/news/articleView.html?idxno=4107251
서울대학교,HBNPRESS,"코웨이, 서울대와 음식물 미생물 분해 기술 이전 협약",코웨이는 서울대학교와 산학협력을 통해 개발된 ‘미생물을 활용한 음식물쓰레기 분해 혼합 균주 개발 기술’ 이전 협약을 체결했다고 17일 밝혔다. 왼쪽부터 최인두 코웨이 1연구소장과 강동현 서울대학교...,2026-09-17 15:26,https://hbnpress.com/news/view/1065594186265662,https://hbnpress.com/news/view/1065594186265662
서울대학교,뉴스핌,"코웨이, 서울대와 음식물 처리기 미생물 분해 기술 이전 협약",코웨이는 서울대학교와 산학협력을 통해 개발된 '미생물을 활용한 음식물쓰레기 분해 혼합 균주 개발 기술' 이전 협약을 체결했다고 17일 밝혔다. 코웨이는 지난 2023년부터 서울대학교와 산학협력을 통해 음식물 처리기에...,2026-09-17 15:22,https://www.newspim.com/news/view/20260917000955,https://www.newspim.com/news/view/20260917000955
연세대학교,AREYOU,[아유경제_부동산] 연세대 혁신성장시설동ㆍ의과대학 신축… 2031년까지...,"대상지는 서대문구 연세로 50(신촌동) 일원 86만2767㎡ 규모의 연세대 내 부지다. 혁신성장시설동은 기존 동문회관 부지에 지상 17층ㆍ연면적 약 10만9000㎡ 규모로 조성되며, 인공지능융합대학과 심장ㆍ뇌혈관 전문...",2026-09-17 15:08,http://www.areyou.co.kr/news/articleView.html?idxno=95418,http://www.areyou.co.kr/news/articleView.html?idxno=95418
연세대학교,HERALDMUSE,"[할리웃뮤즈] 브래드 피트, 결국 자녀에게 또 버려졌다…‘연대생’ 매...",그는 2019년 연세대학교 언더우드국제대학에 입학하며 국내에서도 큰 관심을 받았다. 당시 졸리가 한국을 방문해 여느 학부모와 다름없이 아이와 동행하는 모습은 여전히 회자되고 있다. 안젤리나 졸리와 브래드 피트는...,2026-09-17 15:05,https://www.heraldmuse.com/article/10877260?ref=naver,https://m.entertain.naver.com/article/112/0003807658
서울대학교,핀포인트뉴스,"코웨이, 서울대와 음식물쓰레기 분해 균주 기술 이전",최인두 코웨이 1연구소장(왼쪽)과 강동현 서울대 농업생명과학대학 교수가 기념 촬영을 하고 있다. 사진... 코웨이는 이 같은 국내 환경에 맞춘 음식물쓰레기 처리 기술을 확보하기 위해 서울대와 개발한 미생물 기술을...,2026-09-17 15:00,https://www.pinpointnews.co.kr/news/articleView.html?idxno=488064,https://www.pinpointnews.co.kr/news/articleView.html?idxno=488064
서울대학교,SEOULTIMES,"코웨이, 서울대와 음식물 처리기 미생물 기술 이전",음식물 분해에 적합한 혼합 균주 개발 기술 확보 맵고 짠 국내 음식물 환경서 효소 활성 유지 미생물 선별 기술 적용한 ‘제로 음식물 처리기 미생물형’ 9월 말 출시 [서울타임즈뉴스 = 서연옥 기자] 코웨이는 서울대학교...,2026-09-17 15:00,https://www.seoultimes.news/news/article.html?no=2000100004,https://www.seoultimes.news/news/article.html?no=2000100004
서울대학교,스포츠서울,"“맵고 짠 한국 음식 쓰레기 싹 분해” 코웨이, 서울대 미생물 기술 독...",코웨이가 서울대학교와 산학협력을 통해 개발한 음식물 쓰레기 미생물 분해 기술을 확보하고 이달 말 관련 신제품을 선보인다. 코웨이는 서울대학교와 ‘미생물을 활용한 음식물쓰레기 분해 혼합 균주 개발 기술’ 이전...,2026-09-17 14:48,https://www.sportsseoul.com/news/read/1635997?ref=naver,https://n.news.naver.com/mnews/article/468/0001267191?sid=105
서울대학교,헤럴드경제,서울대 기술 품은 코웨이…미생물 음식물처리기 9월 말 출격,코웨이가 서울대학교와 공동 개발한 음식물쓰레기 미생물 분해 기술을 이전받아 음식물처리기 시장 공략을... 코웨이는 서울대학교와 산학협력을 통해 개발한 ‘미생물을 활용한 음식물쓰레기 분해 혼합 균주 개발...,2026-09-17 14:36,https://biz.heraldcorp.com/article/10877182?ref=naver,https://n.news.naver.com/mnews/article/016/0002698870?sid=101
서울대학교,파이낸셜뉴스,"코웨이, 음식물처리기 미생물 기술 강화...서울대 연구팀과 협약",코웨이가 서울대학교와 '미생물을 활용한 음식물 쓰레기 분해 혼합 균주 개발 기술' 이전 협약을 체결했다고 17일 밝혔다. 코웨이는 2023년부터 서울대학교와 산학협력을 통해 음식물 처리기에 최적화된 미생물 균종을...,2026-09-17 14:29,https://www.fnnews.com/news/202609171416364896,https://n.news.naver.com/mnews/article/014/0005577396?sid=101
고려대학교,조선비즈,"고려대 캠퍼스타운 입주기업 ‘NAWA’, 기후에너지혁신상 장관상 수상",고려대 캠퍼스타운 입주기업인 주식회사 ‘나와(NAWA)’가 16일 부산 벡스코에서 열린 ‘2026 기후산업국제박람회’ 현장의 기후에너지혁신상 시상식에서 기후에너지환경부 장관상을 받았다고 17일 밝혔다....,2026-09-17 14:28,https://biz.chosun.com/industry/business_info/2026/09/17/4TBI467GGBC3TDXCGMPRPKTUUU/?utm_source=naver&utm_medium=original&utm_campaign=biz,https://n.news.naver.com/mnews/article/366/0001193047?sid=101
서울대학교,NEWSJEJU,"'서울대 10개' 3곳만 우선지원…거점국립대 교수회 ""새 서열화""","정부의 '서울대 10개 만들기' 사업에서 부산대와 전남대, 충남대 등 3개 거점국립대가 우선 지원 대상으로 선정된 가운데 거점국립대학교수회연합회가 미선정 6개 대학도 추가 선정해야 한다고 촉구했다....",2026-09-17 14:16,https://www.newsjeju.net/news/articleView.html?idxno=426014,https://www.newsjeju.net/news/articleView.html?idxno=426014
고려대학교,에듀동아,"고려대, 고속 충전·장수명 리튬-황 전지 음극 개발","고려대 KU-KIST융합대학원 허영훈 석박사통합과정생과 한국과학기술연구원(KIST) 이주연 연구원이 공동제1저자로, 고려대 윤영수 교수, KIST 김선준 박사와 성혜정 박사, 중국 허베이과학기술대학교 카이웨이 양(Kaiwei...",2026-09-17 14:16,https://edu.donga.com/news/articleView.html?idxno=112058,https://edu.donga.com/news/articleView.html?idxno=112058
연세대학교,매일일보,"신촌 연세대, 심장·뇌혈관 전문진료기관 들어서...주민 개방시설 1만3천...","매일일보 = 이창희 선임기자  |  서울 서대문구 신촌 연세대학교 캠퍼스에 심장·뇌혈관 전문진료기관이... 공사는 의과대학이 먼저 시작한다. 알렌관과 연세의료원 행정동 자리에 지상 11층, 연면적 약 9만7000...",2026-09-17 14:08,https://www.m-i.kr/news/articleView.html?idxno=1415420,https://www.m-i.kr/news/articleView.html?idxno=1415420
고려대학교,뉴스티앤티,"고려대 연구팀, '인공 피부' 입힌 리튬-황 전지 개발","KU-KIST융합대학원 허영훈 석박사통합과정생과 한국과학기술연구원(KIST) 이주연 연구원이 공동 제1저자로 참여했다. 윤영수 고려대 교수, 김선준·성혜정 KIST 박사, 중국 허베이과학기술대학교 카이웨이 양...",2026-09-17 14:06,https://www.newstnt.com/news/articleView.html?idxno=718926,https://www.newstnt.com/news/articleView.html?idxno=718926
연세대학교,의학신문,연세대학교 의료원 인사,연세대학교 의료원 교원 보직 인사 ◆ 의과대학 ▲ 피부생물학연구소장 박창욱 ◆ 보건대학원 ▲ 산업환경보건학과 주임교수 김치년 ◆ 용인세브란스병원 ▲ 간담췌외과장 최문석 ▲ 갑상선내분비외과장 이초록...,2026-09-17 14:06,https://www.bosa.co.kr/news/articleView.html?idxno=3012343,https://www.bosa.co.kr/news/articleView.html?idxno=3012343
고려대학교,엑스포츠뉴스,"카이스트 허성범·고대 김민경, 알고 보니 '엘리트 집안'…형제자매 직...","지난 6월 김민경은 MBC '라디오스타'에 출연해 대학 졸업 후 6년간 취업 준비에 매진할 수 있었던 배경을 설명했다. 김민경은 ""오빠를 자랑하자면, 서울대학교 약대 출신이다. 로스쿨도 나와서 현재 대형 로펌에서 근무하고...",2026-09-17 14:05,https://www.xportsnews.com/article/2196607,https://m.entertain.naver.com/article/311/0002058028
서울대학교,매일일보,"코웨이, 서울대와 음식물 처리기 미생물 분해 기술 이전 협약 체결",최인두 코웨이 1연구소장과 강동현 서울대학교 농업생명과학대학 교수. 사진=코웨이 제공 매일일보 = 신승엽 기자  |  코웨이는 서울대학교와 산학협력을 통해 개발된 '미생물을 활용한 음식물쓰레기 분해 혼합 균주...,2026-09-17 14:02,https://www.m-i.kr/news/articleView.html?idxno=1415324,https://www.m-i.kr/news/articleView.html?idxno=1415324
연세대학교,디지털타임스,"""DDP는 엔터·관광, 연대는 AI·의료""…서울시, 혁신 거점 대개조","연세대 신촌 캠퍼스에는 인공지능(AI)융합대학과 전문진료기관 등이 들어서는 대규모 혁신성장시설이... 기존 알렌관과 연세의료원 행정동 부지에는 연면적 약 9만7000㎡, 지상 11층짜리 의과대학을 새로 짓는다....",2026-09-17 13:59,https://www.dt.co.kr/article/12084528?ref=naver,https://n.news.naver.com/mnews/article/029/0003048587?sid=101
고려대학교,주간한국,"김다솜 고대구로병원 전공의, 심정지 예후·응급데이터 연구로 우수포스...",김다솜 고려대학교 구로병원 응급의학과 전공의. 사진=고대구로병원  고려대학교 구로병원은 김다솜 응급의학과 전공의가 지난 8일 서울 백범김구기념관에서 열린 응급의료 학술대회 'EMS Korea 2026'에서 우수포스터상을...,2026-09-17 13:58,https://weekly.hankooki.com/news/articleView.html?idxno=7184735,https://weekly.hankooki.com/news/articleView.html?idxno=7184735
서울대학교,파이낸셜포스트,"코웨이, 서울대와 '미생물 기반 음식물쓰레기 분해 기술' 이전 협약",코웨이(Coway)가 서울대와의 산학협력으로 개발된 '미생물을 활용한 음식물쓰레기 분해 혼합 균주 개발 기술... 한편 코웨이는 최근 서울 성동구 경일초등학교 운동장에 약 365㎡ 규모의 '코웨이 생태숲 3호'를 조성했다....,2026-09-17 13:58,https://www.financialpost.co.kr/news/articleView.html?idxno=276183,https://www.financialpost.co.kr/news/articleView.html?idxno=276183
서울대학교,이데일리,거국련 “’서울대 10개’에 3개 선정은 대학 줄세우기”,대학교수회연합회(거국련)가 정부의 ‘서울대 10개 만들기’ 정책에서 부산대·전남대·충남대 등 3개 대학만 선정된 것을 두고 “국가균형발전 취지에 맞지 않는다”며 반발했다. 최교진 교육부 장관이 지난 1일 서울...,2026-09-17 13:43,https://www.edaily.co.kr/News/Read?newsId=03850726645581104&mediaCodeNo=257&utm_source=naver&utm_medium=referral&utm_campaign=news_syndication&utm_content=original_article,https://n.news.naver.com/mnews/article/018/0006371120?sid=102
서울대학교,KOREAITTIMES,"코웨이, 서울대와 음식물 처리 기술 고도화… 미생물 기반 신제품 출격","최인두 코웨이 1연구소장(사진 왼쪽)과 강동현 서울대학교 농업생명과학대학 교수가 기념 촬영을 하고 있다... 17일 관련업계에 따르면, 코웨이는 서울대학교와 '미생물을 활용한 음식물쓰레기 분해 혼합 균주 개발 기술'에...",2026-09-17 13:32,https://www.koreaittimes.com/news/articleView.html?idxno=157289,https://www.koreaittimes.com/news/articleView.html?idxno=157289
고려대학교,CNB저널,"고려대, 전극에 '인공 피부' 입혀 고속충전·장수명 리튬-황 전지 음극 ...",문화경제 | CNB저널 | 씨앤비저널 고려대학교는 KU-KIST융합대학원 윤영수 교수 연구팀이 전극 표면에 얇은 고분자 보호막을 적용해 고성능 리튬-황 전지를 구현했다고 17일 밝혔다. 리튬 금속은 기존 흑연 음극보다...,2026-09-17 13:28,https://www.cnbizm.com/news/articleView.html?idxno=315494,https://www.cnbizm.com/news/articleView.html?idxno=315494
서울대학교,팝콘뉴스,"현대건설, 서울대학교·병원과 '건강주거 모델' 개발 MOU",현대건설은 지난 16일 서울 종로구 서울대학교병원에서 두 기관과 'AI 기반 건강주거 생태계 구축 및 건강가치 창출'을 위한 업무협약(MOU)을 체결했다고 17일 밝혔다. 이날 협약식에는 이한우 현대건설 대표이사와 백남종...,2026-09-17 13:18,http://www.popcornnews.net/news/articleView.html?idxno=133322,http://www.popcornnews.net/news/articleView.html?idxno=133322
서울대학교,BUSINESSKOREA,"코웨이, 서울대 '한국형 음식물 분해' 기술 확보",코웨이가 서울대학교로부터 미생물을 활용한 음식물 쓰레기 분해 핵심 기술을 이전받으며 차세대 친환경 가전 시장 공략에 속도를 낸다. 코웨이는 17일 서울대학교와 '미생물을 활용한 음식물 쓰레기 분해 혼합 균주...,2026-09-17 13:10,https://www.businesskorea.co.kr/news/articleView.html?idxno=277188,https://www.businesskorea.co.kr/news/articleView.html?idxno=277188
고려대학교,베리타스알파,[단독] 2027 QS 세계 MBA.. 고대 세계75위 '등장과 동시에 역대 최고' 연...,연대 성대 우송대 순> 2027 QS 세계 MBA 순위에서 고려대 경영대학원이 데뷔전에서 국내 1위를 차지했다. 그간 순위권에 등장한 적 없었던 고려대 경영전문대학원이 단숨에 세계 75위에 이름을 올렸다. 특히 세계...,2026-09-17 13:04,https://www.veritas-a.com/news/articleView.html?idxno=628385,https://www.veritas-a.com/news/articleView.html?idxno=628385
서울대학교,SOCIALVALUE,"코웨이, 음식물 분해 ‘맞춤 균주’ 확보…서울대와 3년 산학협력 결실",코웨이가 서울대학교와 산학협력을 통해 한국 음식물쓰레기 특성에 맞는 미생물 분해 기술을 확보하고 음식물 처리기 기술 경쟁력 강화에 나선다. 코웨이는 서울대학교와 공동 개발한 ‘미생물을 활용한 음식물쓰레기...,2026-09-17 13:00,https://www.socialvalue.kr/news/view/1065585429018398,https://www.socialvalue.kr/news/view/1065585429018398
고려대학교,주간한국,"배재현 고대안산병원 교수, 방광질루 단일공 로봇수술 1차 성공률 90%",배재현 고려대 안산병원 비뇨의학과 교수. 사진=고대안산병원  고려대 안산병원은 배재현 비뇨의학과 교수가 방광질루 단일공 로봇수술의 우수한 치료 결과를 확인했다고 17일 밝혔다. 방광질루는 방광과 질 사이에...,2026-09-17 12:56,https://weekly.hankooki.com/news/articleView.html?idxno=7184706,https://weekly.hankooki.com/news/articleView.html?idxno=7184706
서울대학교,DELIGHTI,"코웨이, 서울대와 음식물 분해 미생물 기술 이전 협약…신제품 적용 출...",최인두 코웨이 제1연구소장(왼쪽)과 강동현 서울대 농업생명과학대학 교수가 기술 이전 협약을 체결한 뒤 기념촬영을 하고 있다. (사진=코웨이) 코웨이가 서울대학교와 음식물쓰레기 분해에 특화된 미생물 기술을 개발하고...,2026-09-17 12:42,https://www.delighti.co.kr/news/articleView.html?idxno=122037,https://www.delighti.co.kr/news/articleView.html?idxno=122037
서울대학교,NEWSLOCK,"코웨이, 서울대 '음식물 분해 미생물 기술' 이전…9월 말 신제품 출시",코웨이가 서울대학교와 공동 연구한 음식물쓰레기 미생물 분해 기술을 이전받고 음식물처리기 시장 공략을 강화한다. 코웨이는 서울대학교와 '미생물을 활용한 음식물쓰레기 분해 혼합 균주 개발 기술' 이전 협약을...,2026-09-17 12:28,http://www.newslock.co.kr/news/articleView.html?idxno=136454,http://www.newslock.co.kr/news/articleView.html?idxno=136454
고려대학교,팝콘뉴스,"고려대 연구팀, 전극 표면에 '인공 피부' 입힌 고성능 리튬-황 전지 개발","고려대학교(총장 김동원)는 KU-KIST융합대학원 윤영수 교수 연구팀이 전극 표면에 얇은 '인공 피부'를 입힌 고성능 리튬-황 전지를 구현했다고 17일 밝혔다. 웨어러블 기기, 드론, 로봇, 도심항공교통(UAM) 등 차세대...",2026-09-17 12:22,http://www.popcornnews.net/news/articleView.html?idxno=133315,http://www.popcornnews.net/news/articleView.html?idxno=133315
고려대학교,주간한국,"고대안암병원 연구팀, 수술 어려운 담낭염 환자의 단계적 배액 전략 제...",이호승·이재민 고려대 안암병원 소화기내과 교수. 사진=고대안암병원  고려대학교 안암병원은 이호승·이재민 소화기내과 교수가 참여한 다기관 공동연구팀이 수술이 어려운 고위험 급성담낭염...,2026-09-17 12:20,https://weekly.hankooki.com/news/articleView.html?idxno=7184691,https://weekly.hankooki.com/news/articleView.html?idxno=7184691
고려대학교,스마트경제,"""방전·단락 싹 잡았다""… 고려대, 전극에 '인공 피부' 입혀 리튬-황 전...","윤영수 고려대 KU-KIST융합대학원 교수는 ""이번 연구 결과는 고속 충·방전을 견디면서도 화재 위험 없이 오래 작동하는 차세대 리튬 금속, 리튬-황 배터리 상용화의 결정적 돌파구가 될 것""이라며 ""웨어러블...",2026-09-17 12:18,http://www.dailysmart.co.kr/news/articleView.html?idxno=129918,http://www.dailysmart.co.kr/news/articleView.html?idxno=129918
연세대학교,국민일보,"동의대·연세대 등 5개 대학, 인문사회에 AI·디자인 접목…학점 교류",동의대학교가 연세대 등과 손잡고 인문사회 학문에 인공지능(AI)과 디자인 기술을 접목한 융합교육에 나선다. 참여 대학 학생들은 다른 대학의 관련 수업을 듣고 소속 대학의 학점으로 인정받을 수 있다. 동의대는 지난...,2026-09-17 12:14,https://www.kmib.co.kr/article/view.asp?arcid=9000012966&cp=nv,https://n.news.naver.com/mnews/article/005/0001873566?sid=102
고려대학교,베리타스알파,고려대 윤영수 교수팀 전극에 '인공 피부' 입혀 리튬-황 전지 수명 확보...,"참여했으며, 고려대 윤영수 교수, KIST 김선준 박사와 성혜정 박사, 중국 허베이과학기술대학교 카이웨이 양(Kaiwei Yang) 교수가 공동 교신저자로 이름을 올렸다. (왼쪽부터) KU-KIST융합대학원 허영훈...",2026-09-17 12:10,https://www.veritas-a.com/news/articleView.html?idxno=628410,https://www.veritas-a.com/news/articleView.html?idxno=628410
고려대학교,점프볼,"우승 가능성 생긴 고려대, 가장 힘든 상대와 3경기 남았다","2026 KUSF 대학농구 U-리그도 막바지로 흘러가고 있다. 중앙대가 15승 2패로 1위를 달리는 가운데 고려대(14승 3패), 경희대(13승 3패), 성균관대(12승 3패)가 2위부터 4위까지 자리잡았다. 중앙대는 남은 3경기를 모두...",2026-09-17 12:07,https://m.sports.naver.com/basketball/article/065/0000301650,https://m.sports.naver.com/basketball/article/065/0000301650
서울대학교,GLOBALE,"코웨이, 서울대와 '음식물쓰레기 분해 미생물' 기술 이전 협약",코웨이가 서울대와 공동개발한 '미생물을 활용한 음식물쓰레기 분해 혼합 균주 개발 기술' 이전 협약을 체결했다. 코웨이는 2023년부터 서울대와 산학협력을 통해 음식물처리기에 최적화된 미생물 균종을 발굴하는...,2026-09-17 11:54,https://www.globale.co.kr/news/articleView.html?idxno=40449,https://www.globale.co.kr/news/articleView.html?idxno=40449
서울대학교,KOREAITTIMES,"코웨이, 서울대 미생물 기술 이전…한국형 음식물처리기 개발에 적용",최인두 코웨이 1연구소장과 강동현 서울대학교 농업생명과학대학 교수가 기념 촬영을 하고 있다. / 사진=코웨이 코웨이가 서울대학교와 산학협력을 통해 개발한 음식물쓰레기 분해 미생물 기술을 확보하고 미생물형...,2026-09-17 11:48,https://www.koreaittimes.com/news/articleView.html?idxno=157271,https://www.koreaittimes.com/news/articleView.html?idxno=157271
고려대학교,후생신보,"고대 김도훈 교수 “日, 요양병상 분리·기능 재편 중”","고려대 고령사회연구원 김도훈 교수는 검증 결과 ""이는 사실과 다르다""고 말했다. 17일 백범기념관 컨벤션홀에서 진행된 대한요양병원협회(회장 임선재) 2026년 추계학술대회 주제발표를 통해서다. 김도훈 교수는...",2026-09-17 11:46,http://www.whosaeng.com/173788,http://www.whosaeng.com/173788
서울대학교,FINANCIALREVIEW,"서울대 미생물 분해 기술 품은 코웨이, '제로 음식물' 시장 선도한다",최인두 코웨이 1연구소장(왼쪽과)과 강동현 서울대학교 농업생명과학대학 교수(오른쪽)가 기념촬영을 하고 있다./사진=코웨이 코웨이가 서울대학교와 함께 연구한 '미생물 분해 기술'을 독점 확보하며 일명 '잔반 제로...,2026-09-17 11:38,http://www.financialreview.co.kr/news/articleView.html?idxno=44916,http://www.financialreview.co.kr/news/articleView.html?idxno=44916
서울대학교,이데일리,[포토]2026 글로벌대학벤처포럼에서 발표하는 차인환 서울대학교기술지...,"차인환 서울대학교기술지주(SNU Tech Holdings) 대표가 17일 서울 관악구 서울대학교 호암교수회관... 올해 처음 열린 '2026 글로벌대학벤처포럼'은 서울대학교를 비롯해 중국 칭화대학교, 홍콩과학기술대학교, 일본...",2026-09-17 11:36,https://www.edaily.co.kr/News/Read?newsId=03588326645581104&mediaCodeNo=257&utm_source=naver&utm_medium=referral&utm_campaign=news_syndication&utm_content=original_article,https://n.news.naver.com/mnews/article/018/0006371053?sid=101
서울대학교,뉴시스,"코웨이·서울대, '미생물 음처기' 기술이전 협약식","코웨이는 서울대학교와 산학협력을 통해 개발된 '미생물을 활용한 음식물쓰레기 분해 혼합 균주 개발 기술... 서울대 농업생명과학대학 강동현 교수 연구팀이 주도한 연구에서, 극한의 분해 환경에서도 우수한 성능을...",2026-09-17 11:34,https://www.newsis.com/view/NISX20260917_0003793614,https://n.news.naver.com/mnews/article/003/0014196599?sid=101
서울대학교,이데일리,[포토]2026 글로벌대학벤처포럼 환영사하는 김주한 서울대학교 연구부총...,"김주한 서울대학교 연구부총장이 17일 서울 관악구 서울대학교 호암교수회관 삼성컨벤션센터에서... 올해 처음 열린 '2026 글로벌대학벤처포럼'은 서울대학교를 비롯해 중국 칭화대학교, 홍콩과학기술대학교, 일본...",2026-09-17 11:33,https://www.edaily.co.kr/News/Read?newsId=03555526645581104&mediaCodeNo=257&utm_source=naver&utm_medium=referral&utm_campaign=news_syndication&utm_content=original_article,https://n.news.naver.com/mnews/article/018/0006371044?sid=101
서울대학교,THELEC,"코웨이, 서울대 음식물 처리 미생물 기술 이전받아",코웨이는 서울대학교와 '미생물을 활용한 음식물쓰레기 분해 혼합 균주 개발 기술' 이전 협약을 체결했다고 17일 밝혔다. 해당 기술을 적용한 신제품 '제로 음식물 처리기 미생물형'은 9월 말 출시한다. 코웨이와 서울대는...,2026-09-17 11:28,https://www.thelec.kr/news/articleView.html?idxno=62422,https://www.thelec.kr/news/articleView.html?idxno=62422
서울대학교,뉴스드림,"코웨이, 서울대와 음식물 분해 미생물 기술이전 계약…친환경 라인업 확...",코웨이는 서울대학교 산학협력단을 통해 개발된 '미생물 기반 음식물 쓰레기 분해 복합 균주 선별 및 배양... 연구는 서울대학교 농업생명과학대학 강동현 교수팀이 주관했다. 강 교수팀은 미생물 생육 제어 및 유해균 억제...,2026-09-17 11:22,http://www.newsdream.kr/news/articleView.html?idxno=118390,http://www.newsdream.kr/news/articleView.html?idxno=118390
연세대학교,데일리안,[인사] 연세대학교의료원,◇ 의과대학 ▲ 피부생물학연구소장 박창욱 ◇ 보건대학원 ▲ 산업환경보건학과 주임교수 김치년 ◇ 용인세브란스병원 ▲ 간담췌외과장 최문석 ▲ 갑상선내분비외과장 이초록 ▲ 대장항문외과장 김태형 ▲ 소아외과장...,2026-09-17 11:22,https://www.dailian.co.kr/news/view/1691619/?sc=Naver,https://n.news.naver.com/mnews/article/119/0003133795?sid=102
연세대학교,강원일보,[포토뉴스]연세대 미래캠퍼스 이종욱펠로우십 프로그램 학위과정 입교식,연세대 미래캠퍼스(부총장:하연섭)는 지난 14일 대학에서 이종욱펠로우십 프로그램 학위과정(의공학)에 선발된 신규 해외 연수생을 환영하는 입교식을 했다.,2026-09-17 11:16,https://www.kwnews.co.kr/article/20260917500453,https://n.news.naver.com/mnews/article/087/0001218743?sid=102
연세대학교,BBS NEWS,"서울 DDP 일대, K- 컬쳐의 중심지로...연세대에는 의대 들어선다","서울시는 이와함께 서대문구 신촌동 134번지 연세대학교의 도시계획시설 세부시설조성 계획결정 변경안도... 기존 알렌관과 연세의료원 행정동 부지에는 연면적 약 9만7천㎡, 지상 11층 규모의 의과대학을 신축할...",2026-09-17 11:16,https://news.bbsi.co.kr/news/articleView.html?idxno=4107158,https://news.bbsi.co.kr/news/articleView.html?idxno=4107158
서울대학교,아이뉴스24,"코웨이, 서울대와 음식물쓰레기 분해 미생물 기술 이전 협약 체결",코웨이가 서울대학교와 공동 개발한 음식물 처리기용 미생물 분해 기술을 이전받고 관련 제품 출시에 나선다. 코웨이는 서울대와 '미생물을 활용한 음식물쓰레기 분해 혼합 균주 개발 기술' 이전 협약을 체결했다고 17일...,2026-09-17 11:12,http://www.inews24.com/view/2006627,https://n.news.naver.com/mnews/article/031/0001059253?sid=101
서울대학교,서울경제,"코웨이, 서울대와 음식물처리기 미생물 분해 기술 이전 협약 체결",코웨이(021240)가 서울대학교와 산학협력을 통해 개발된 ‘미생물을 활용한 음식물쓰레기 분해 혼합 균주 개발 기술’ 이전 협약을 체결했다고 17일 밝혔다. 코웨이는 지난 2023년부터 서울대학교와 산학협력을 통해 음식물...,2026-09-17 11:02,https://www.sedaily.com/article/20092032?ref=naver,https://n.news.naver.com/mnews/article/011/0004662835?sid=101
서울대학교,메트로신문,"현대건설, 서울대·병원과 AI 기반 헬스케어 주거 서비스 공동 개발","현대건설은 지난 16일 서울 종로구에 위치한 서울대학교병원에서 서울대학교병원, 서울대학교와 'AI 기반 건강주거 생태계 구축 및 건강가치 창출'을 위한 업무협약(MOU)을 체결했다고 17일 밝혔다. 협약식에는 현대건설...",2026-09-17 11:00,http://www.metroseoul.co.kr/article/20260917500125,http://www.metroseoul.co.kr/article/20260917500125
연세대학교,주간한국,"연세대 신촌캠퍼스, AI융합대학·심장뇌혈관센터·의과대학 신축","사진=서울시  연세대 신촌캠퍼스에 인공지능융합대학과 심장·뇌혈관 전문 진료기관을 갖춘... 기존 알렌관과 연세의료원 행정동 부지에는 연면적 약 9만7000㎡, 지상 11층 규모 의과대학이 들어선다....",2026-09-17 10:58,https://weekly.hankooki.com/news/articleView.html?idxno=7184648,https://weekly.hankooki.com/news/articleView.html?idxno=7184648
서울대학교,JOB-POST,"코웨이, 음식물처리기용 미생물 개발 노하우 확보...서울대와 기술 이전...",코웨이는 서울대학교와 개발한 '미생물을 활용한 음식물쓰레기 분해 혼합 균주 개발 기술'을 이전받는... 코웨이의 수처리 자회사 코웨이엔텍도 영남대학교와 손잡고 물 재이용 공정의 난제로 꼽히는 역삼투(RO) 농축수...,2026-09-17 10:58,https://www.job-post.co.kr/news/articleView.html?idxno=227929,https://www.job-post.co.kr/news/articleView.html?idxno=227929
연세대학교,서울경제,연세대 신촌캠퍼스 확 바뀐다…동문회관 부지에 혁신성장시설 신설,"연세대 의과대학도 새 건물로 탈바꿈한다. 기존 알렌관과 연세의료원 행정동 부지에 연면적 약 9만7000㎡, 지상 11층 규모의 의과대학을 신축한다. 두 사업의 연면적을 합치면 약 20만6000㎡에 달한다. 의과대학이 먼저...",2026-09-17 10:54,https://www.sedaily.com/article/20092023?ref=naver,https://n.news.naver.com/mnews/article/011/0004662827?sid=101
서울대학교,CNB뉴스,"관악문화재단, 서울대학교 개교 80주년 예술주간 개최",2일까지 '2026 서울대학교 예술주간'을 개최하며 공동 협력의 의지를 다졌다고 17일 밝혔다. 이번 예술주간은 '경계를 넘은 모두의 예술'을 슬로건으로 진행된다. 관악문화재단은 서울 관악구의 문화 예술 정책과 사업을...,2026-09-17 10:54,https://www.cnbnews.com/news/articleView.html?idxno=1016194,https://www.cnbnews.com/news/articleView.html?idxno=1016194
서울대학교,전자신문,"코웨이, 서울대 음식물 처리기 미생물 분해 기술 이전받는다",코웨이가 서울대와 산학협력을 통해 개발한 '미생물을 활용한 음식물쓰레기 분해 혼합 균주 개발 기술' 이전 협약을 체결했다고 17일 밝혔다. 코웨이는 2023년부터 서울대와 산학협력을 통해 음식물 처리기에 최적화된...,2026-09-17 10:52,https://www.etnews.com/20260917000226,https://n.news.naver.com/mnews/article/030/0003467769?sid=101
연세대학교,뉴시스,[인사]연세대학교 의료원,◇ 의과대학 ▲피부생물학연구소장 박창욱 ◇ 보건대학원 ▲산업환경보건학과 주임교수 김치년 ◇용인세브란스병원 ▲간담췌외과장 최문석 ▲갑상선내분비외과장 이초록 ▲대장항문외과장 김태형 ▲소아외과장 호인걸...,2026-09-17 10:50,https://www.newsis.com/view/NISX20260917_0003793474,https://n.news.naver.com/mnews/article/003/0014196359?sid=102
서울대학교,WOMENTIMES,"현대건설, 서울대학교병원·서울대학교와 AI 헬스케어 주거 서비스 개발","우먼타임스 = 송현섭 기자 현대건설이 서울대학교병원, 서울대학교와 'AI 기반 건강주거 생태계 구축 및 건강가치 창출'을 위한 업무협약(MOU)을 맺고 AI 기반 헬스케어 주거 서비스 개발에 나선다고 17일 밝혔다. 지난 16일...",2026-09-17 10:48,https://www.womentimes.co.kr/news/articleView.html?idxno=106287,https://www.womentimes.co.kr/news/articleView.html?idxno=106287
고려대학교,쿠키뉴스,"고려대구로병원, 22일 ‘새암병원’ 착공…2029년 완공 예정",쿠키뉴스=배준열 기자 | 고려대학교구로병원이 중증·필수의료와 암 치료 역량을 강화하기 위한 새암병원... 새암병원 건립은 고려대구로병원이 2019년부터 추진해 온 중증환자 치료 중심 병원 구조 재편 사업의 2단계에...,2026-09-17 10:46,https://www.kukinews.com/article/view/kuk202609170074,https://www.kukinews.com/article/view/kuk202609170074
서울대학교,헤럴드경제,"‘서울대 10개 만들기’에 왜 3개만?…거국련, ‘대학 줄세우기’ 반발...",거점국립대학교수회연합회(거국련)가 정부의 ‘서울대 10개 만들기’ 사업에서 부산대·전남대·충남대 등 3개 대학만 선정된 데 대해 “국가균형발전 취지에 맞지 않는다”며 반발했다. 거국련은 17일 비상 공동성명을...,2026-09-17 10:46,https://biz.heraldcorp.com/article/10876725?ref=naver,https://n.news.naver.com/mnews/article/016/0002698651?sid=102
서울대학교,연합뉴스,"코웨이, 서울대와 '음식물처리기 미생물 분해 기술' 이전 협약",코웨이는 서울대학교와 산학협력으로 개발된 '미생물을 활용한 음식물쓰레기 분해 혼합 균주 개발 기술' 이전 협약을 맺었다고 17일 밝혔다. 코웨이는 지난 2023년부터 서울대와 함께 음식물 처리기에 최적화된 미생물...,2026-09-17 10:42,https://www.yna.co.kr/view/AKR20260917067400030?input=1195m,https://n.news.naver.com/mnews/article/001/0016317048?sid=102
연세대학교,MONEWS,[인사] 연세대학교의료원 인사,연세대학교의료원은 교원 보직 인사를 단행했다. 이하 명단. ◆ 의과대학 △피부생물학연구소장 박창욱 ◆ 보건대학원 △산업환경보건학과 주임교수 김치년 ◆ 용인세브란스병원 △간담췌외과장 최문석...,2026-09-17 10:32,https://www.monews.co.kr/news/articleView.html?idxno=413975,https://www.monews.co.kr/news/articleView.html?idxno=413975
서울대학교,OBSNEWS,"거점대 교수회연합, '서울대 10개 만들기' 선정 반발",거점국립대학교수회연합회는 정부의 '서울대 10개 만들기' 사업 선정 결과에 대해 국가균형발전 취지에 맞지 않는다며 재검토를 촉구했습니다. 연합회는 일부 거점국립대만 선별해 지원하면 대학 간 격차와 서열화를 키울...,2026-09-17 10:26,https://www.obsnews.co.kr/news/articleView.html?idxno=1537753,https://www.obsnews.co.kr/news/articleView.html?idxno=1537753
서울대학교,비욘드포스트,"코웨이·서울대, 음식물처리기용 미생물 혼합 균주 기술 협력",코웨이가 서울대학교와 산학협력으로 개발한 '미생물을 활용한 음식물쓰레기 분해 혼합 균주 개발 기술'을 이전받는 협약을 체결했다고 17일 밝혔다. 코웨이는 2023년부터 서울대와 음식물처리기에 적합한 미생물 균종을...,2026-09-17 10:24,http://www.beyondpost.co.kr/view.php?ud=20260917102001855446a9e4dd7f_30,http://www.beyondpost.co.kr/view.php?ud=20260917102001855446a9e4dd7f_30
서울대학교,디지털데일리,"코웨이, 서울대 산학협력으로 음식물 처리기 핵심 기술 내재화",코웨이가 서울대학교와 산학협력을 통해 개발된 '미생물을 활용한 음식물쓰레기 분해 혼합 균주 개발 기술' 이전 협약을 체결했다고 17일 밝혔다. 코웨이는 지난 2023년부터 서울대와 산학협력을 통해 음식물 처리기에...,2026-09-17 10:22,https://www.ddaily.co.kr/page/view/2026091710142443508,https://n.news.naver.com/mnews/article/138/0002241778?sid=105
서울대학교,서울경제TV,"“김치·국물에도 살아남는 미생물”…코웨이, 서울대 기술 협력 성과","서울대와 3년간 공동 연구를 진행해 한국의 식문화에 맞는 분해 균주를 찾아내고, 이 기술을 자사 제품에 적용하기로 했다. 코웨이는 서울대와 ‘미생물을 활용한 음식물쓰레기 분해 혼합 균주 개발 기술’ 이전 협약을...",2026-09-17 10:20,https://www.sentv.co.kr/article/view/sentv202609170067,https://www.sentv.co.kr/article/view/sentv202609170067
서울대학교,E-SCIENCE,"코웨이, 서울대 미생물 원천기술 확보…한국형 음식물 처리기 기술 내재...",| 이코노미사이언스 김연옥 기자 | 코웨이가 서울대학교와의 산학협력을 통해 한국형 음식물 쓰레기 분해에... 코웨이는 서울대학교와 '미생물을 활용한 음식물 쓰레기 분해 혼합 균주 개발 기술' 이전 협약을 체결했다....,2026-09-17 10:20,https://www.e-science.co.kr/news/articleView.html?idxno=135657,https://www.e-science.co.kr/news/articleView.html?idxno=135657
서울대학교,한국대학신문,"거국련 ""서울대 10개 만들기, 미선정 거점국립대 추가 선정해야""",최교진 교육부 장관이 지난 1일 정부서울청사에서 서울대 10개 만들기 패키지 지원대학 3개교를 발표하고 있는 모습. (사진=한국대학신문 DB)  거점국립대학교수회연합회(거국련)가 '서울대 10개 만들기' 사업에 3개...,2026-09-17 10:20,https://news.unn.net/news/articleView.html?idxno=597625,https://news.unn.net/news/articleView.html?idxno=597625
서울대학교,스마트경제,"코웨이, 서울대 미생물 기술 독점 이전…음식물처리기 경쟁력 강화",코웨이가 서울대학교와 공동 연구한 음식물쓰레기 분해 미생물 기술을 확보하며 이달 말 출시 예정인 미생물형 음식물처리기에 적용한다. 코웨이는 서울대와 '미생물을 활용한 음식물쓰레기 분해 혼합 균주 개발 기술...,2026-09-17 10:16,http://www.dailysmart.co.kr/news/articleView.html?idxno=129874,http://www.dailysmart.co.kr/news/articleView.html?idxno=129874
서울대학교,데일리안,"코웨이, 서울대 미생물 기술 품었다…음식물처리기 신제품에 적용",코웨이가 서울대학교와 산학협력을 통해 개발한 음식물쓰레기 미생물 분해 기술을 이전받고 관련 기술을 적용한 신제품을 선보인다. 코웨이는 서울대와 '미생물을 활용한 음식물쓰레기 분해 혼합 균주 개발 기술' 이전...,2026-09-17 10:10,https://www.dailian.co.kr/news/view/1691540/?sc=Naver,https://n.news.naver.com/mnews/article/119/0003133718?sid=101
서울대학교,뉴스1,"코웨이, 서울대 음식물 분해 미생물 기술 이전…신제품에 적용",코웨이가 서울대학교와 공동 개발한 음식물쓰레기 분해 미생물 기술을 이전받아 자체 연구 역량을 강화한다. 해당 기술은 이달 말 출시 예정인 미생물형 음식물처리기에 적용된다. 코웨이는 서울대와 '미생물을 활용한...,2026-09-17 10:09,https://www.news1.kr/industry/general-industry/6293550,https://n.news.naver.com/mnews/article/421/0009175804?sid=101
서울대학교,THEPOWERNEWS,"코웨이, 서울대와 음식물쓰레기 분해 균주 개발…9월 말 처리기 출시",코웨이가 서울대학교와 3년여간 공동 연구한 음식물쓰레기 분해 미생물 기술을 넘겨받아 음식물처리기 핵심... 코웨이는 서울대학교와 산학협력을 통해 개발한 ‘미생물을 활용한 음식물쓰레기 분해 혼합 균주 개발...,2026-09-17 10:06,https://www.thepowernews.co.kr/view.php?ud=202609171003592161de3f0aa1be_7,https://www.thepowernews.co.kr/view.php?ud=202609171003592161de3f0aa1be_7
서울대학교,글로벌이코노믹,"코웨이, 서울대와 미생물 기술 이전 협약…9월 음식물처리기 선보여",코웨이가 서울대학교와 공동 개발한 음식물쓰레기 분해 미생물 기술을 이전받는다. 코웨이는 해당 기술을 이달 말 출시 예정인 미생물형 음식물처리기에 적용할 계획이다. 코웨이는 서울대와 ‘미생물을 활용한...,2026-09-17 10:04,https://www.g-enews.com/view.php?ud=2026091709574715271d2373fc0f_1,https://www.g-enews.com/view.php?ud=2026091709574715271d2373fc0f_1
연세대학교,이데일리,"연세대, 혁신성장시설동·의과대학동 신설한다",연세대 의과대학 조감도. (사진=서울시 제공) 서울시는 지난 16일 제15차 도시계획위원회를 열고... 기존 알렌관과 연세의료원 행정동 부지에는 연먼적 9만 7000㎡ 규모로 지상 11층 규모 의과대학이 신축된다....,2026-09-17 10:03,https://www.edaily.co.kr/News/Read?newsId=03024166645581104&mediaCodeNo=257&utm_source=naver&utm_medium=referral&utm_campaign=news_syndication&utm_content=original_article,https://n.news.naver.com/mnews/article/018/0006370899?sid=101
연세대학교,파이낸셜뉴스,연세대에 AI융합대·의과대학 들어선다…2031년까지 순차 준공,"연세대학교 신촌캠퍼스에 인공지능융합대학과 심장·뇌혈관 전문진료기관을 갖춘 혁신성장시설동과 새... 기존 알렌관과 연세의료원 행정동 부지에는 연면적 약 9만7000㎡, 지상 11층 규모의 의과대학을 신축한다....",2026-09-17 10:02,https://www.fnnews.com/news/202609170848100864,https://n.news.naver.com/mnews/article/014/0005577193?sid=101
서울대학교,ENGDAILY,"서울대 연구소 ""설계도면 발주자 귀속…원설계자 보상체계 손봐야""",17일 서울대 건설환경종합연구소가 발행한 VOICE 제46호 연구보고서에 따르면 발주청은 설계비 지급만으로 결과물에 대한 소유·재사용 권리를 오롯이 누리는 것으로 드러났다. 성과품에 대한 설계사 저작권이 인정되지...,2026-09-17 10:02,http://www.engdaily.com/news/articleView.html?idxno=23344,http://www.engdaily.com/news/articleView.html?idxno=23344
연세대학교,헤럴드경제,DDP 일대 ‘K컬처 거점’으로 재개발…연세대엔 새 의과대학 신축 확정...,"연세대학교 신촌캠퍼스에는 인공지능(AI)융합대학과 심뇌혈관 전문진료기관 등을 갖춘 혁신성장시설과 새... 기존 알렌관과 연세의료원 행정동 부지에는 연면적 약 9만7000㎡, 지상 11층 규모의 새 의과대학을 짓는다....",2026-09-17 10:01,https://biz.heraldcorp.com/article/10876371?ref=naver,https://n.news.naver.com/mnews/article/016/0002698582?sid=101
연세대학교,연합뉴스,동대문디자인플라자를 K팝 메카로…연대에는 의과대학 신축 가결,"이에 따라 연세대학교는 혁신성장시설동과 의과대학을 신축할 수 있게 됐다. 혁신성장시설동은 기존... 알렌관과 연세의료원 행정동 부지에는 연면적 약 9만7천㎡, 지상 11층 규모의 의과대학을 신축한다....",2026-09-17 10:00,https://www.yna.co.kr/view/AKR20260916175600004?input=1195m,https://n.news.naver.com/mnews/article/001/0016316835?sid=102
연세대학교,머니투데이,연세대 혁신성장시설·의대 건물 신축…2031년까지 순차 준공,"서울 연세대학교 신촌캠퍼스에 인공지능융합대학과 심장·뇌혈관 전문진료기관이 들어서는... 기존 알렌관과 연세의료원 행정동 부지에는 연면적 약 9만7000㎡, 지상 11층 규모의 의과대학 건물을 신축한다....",2026-09-17 10:00,https://www.mt.co.kr/estate/2026/09/17/2026091618214843115,https://n.news.naver.com/mnews/article/008/0005415070?sid=101
연세대학교,뉴스1,연세대 혁신성장동·의과대학 신축… 2031년까지 순차 준공,연세대가 17층 규모의 혁신성장시설동과 11층 규모의 의과대학을 신축한다. 서울시는 16일 제15차 도시계획위원회를 열고 연세대 도시계획시설 세부시설조성 계획결정을 수정 가결했다고 17일 밝혔다. 대상지는...,2026-09-17 10:00,https://www.news1.kr/realestate/general/6293228,https://n.news.naver.com/mnews/article/421/0009175740?sid=101
연세대학교,뉴시스,연세대 혁신성장시설동·의과대학 신축…2031년 8월 준공,"이번 결정으로 연세대학교는 '혁신성장시설동'과 '의과대학'을 신축할 수 있게 됐다. 혁신성장시설동은... 기존 알렌관과 연세의료원 행정동 부지에는 연면적 약 9만7000㎡, 지상 11층 규모 의과대학을 신축한다....",2026-09-17 10:00,https://www.newsis.com/view/NISX20260916_0003792790,https://n.news.naver.com/mnews/article/003/0014196093?sid=102
연세대학교,이투데이,DDP 일대 'K팝 거점'으로 재편⋯연세대엔 AI·의료시설 신축,"이투데이=이난희 기자 | 엔터기업 입주 시 용적률 최대 200% 인센티브 연세대 혁신성장시설동·의과대학... 기존 알렌관과 연세의료원 행정동 부지에는 연면적 약 9만7000㎡, 지상 11층 규모의 의과대학을 신축한다....",2026-09-17 10:00,https://www.etoday.co.kr/news/view/2626494,https://www.etoday.co.kr/news/view/2626494
서울대학교,WOLYO,건강검진 데이터가 집으로…현대건설·서울대 'AI 건강주거' 개발,현대건설은 서울대학교병원 및 서울대학교와 'AI 기반 건강주거 생태계 구축 및 건강가치 창출'을 위한 업무협약(MOU)을 체결했다고 17일 밝혔다. 협약식은 지난 16일 종로구 서울대학교병원에서 열렸으며 이한우 현대건설...,2026-09-17 09:58,https://www.wolyo.co.kr/news/articleView.html?idxno=317929,https://www.wolyo.co.kr/news/articleView.html?idxno=317929
서울대학교,아주경제,"코웨이, 서울대 산학협력 기술 이전…미생물형 '제로 음식물 처리기' 이...",com 최인두 코웨이 제1연구소장(왼쪽)과 강동현 서울대학교 농업생명과학대학 교수가 기념 촬영을 하고 있다. [사진=코웨이] 코웨이가 서울대학교와 산학협력을 통해 개발한 '미생물 활용 음식물쓰레기 분해 혼합 균주...,2026-09-17 09:52,https://www.ajunews.com/view/20260917094213288,https://www.ajunews.com/view/20260917094213288
서울대학교,YOUTHDAILY,"코웨이, 서울대 음식물 분해 미생물 기술 이전…'한국형' 처리기 경쟁력...","코웨이가 서울대학교와의 산학협력을 통해 국내 음식물 처리 환경에 최적화된 미생물 분해 기술을 확보하고... 17일 코웨이에 따르면, 서울대학교와 이전 협약을 체결한 '미생물을 활용한 음식물쓰레기 분해 혼합 균주 개발...",2026-09-17 09:50,https://www.youthdaily.co.kr/news/article.html?no=227221,https://www.youthdaily.co.kr/news/article.html?no=227221
서울대학교,KPENEWS,"코웨이, 음식물 분해 핵심 기술 확보..서울대와 미생물 분해 기술 이전...",한국정경신문 박진희 기­자 pre-jini@hanmail.net [한국정경신문=박진희 기자] 코웨이가 음식물 분해 핵심 기술 확보를 위해 서울대학교와 손잡는다. 베스트 라이프 솔루션 기업 코웨이(대표 서장원)가 서울대학교와 산학협력을...,2026-09-17 09:48,https://kpenews.com/View.aspx?No=4230928,https://kpenews.com/View.aspx?No=4230928
서울대학교,컨슈머타임스,"코웨이, 서울대 음식물쓰레기 분해 미생물 기술 이전…이달 말 미생물형...",최인두 코웨이 1연구소장(왼쪽)과 강동현 서울대학교 농업생명과학대학 교수(오른쪽)가 기념 촬영을 하고 있다. 컨슈머타임스=이필립 기자 | 코웨이는 서울대학교와 함께 개발한 '미생물을 활용한 음식물쓰레기 분해 혼합...,2026-09-17 09:46,https://www.cstimes.com/news/articleView.html?idxno=721079,https://www.cstimes.com/news/articleView.html?idxno=721079
서울대학교,더페어,"코웨이, 서울대 미생물 분해 기술 확보…음식물 처리기 적용",코웨이가 서울대학교와 공동 연구한 미생물 분해 기술을 이전받아 음식물 처리기 기술 경쟁력 강화에 나선다. 코웨이는 서울대와 산학협력을 통해 개발한 '미생물을 활용한 음식물쓰레기 분해 혼합 균주 개발 기술' 이전...,2026-09-17 09:44,https://www.thefairnews.co.kr/news/articleView.html?idxno=88336,https://www.thefairnews.co.kr/news/articleView.html?idxno=88336
서울대학교,EBN,"코웨이, 서울대와 음식물처리기 미생물 분해 기술 이전 협약",코웨이는 서울대와 산학협력을 통해 개발된 '미생물을 활용한 음식물쓰레기 분해 혼합 균주 개발 기술' 이전 협약을 체결했다고 17일 밝혔다. 코웨이는 지난 2023년부터 서울대와 산학협력을 맺고 음식물 처리기에 최적화된...,2026-09-17 09:42,https://www.ebn.co.kr/news/articleView.html?idxno=1724602,https://www.ebn.co.kr/news/articleView.html?idxno=1724602
서울대학교,팝콘뉴스,"코웨이, 서울대와 '미생물 음식물 분해 기술' 확보...친환경 음식물 처...",베스트 라이프 솔루션 기업 코웨이가 서울대학교와의 산학협력을 통해 음식물쓰레기 분해에 특화된 미생물 기술을 확보하고 차세대 음식물 처리기 시장 공략에 나선다. 코웨이는 서울대학교와 '미생물을 활용한...,2026-09-17 09:42,http://www.popcornnews.net/news/articleView.html?idxno=133253,http://www.popcornnews.net/news/articleView.html?idxno=133253
서울대학교,글로벌에픽,"코웨이, 서울대와 한국형 음식물 처리 미생물 기술 이전 협약",베스트 라이프 솔루션 기업 코웨이가 서울대학교와의 산학협력을 통해 개발된 '미생물을 활용한... 코웨이는 2023년부터 서울대학교와 함께 음식물 처리기에 최적화된 미생물 균종 발굴 연구를 진행해왔다. 이 과정에서...,2026-09-17 09:42,http://www.globalepic.co.kr/view.php?ud=20260917093938993848439a4874_29,http://www.globalepic.co.kr/view.php?ud=20260917093938993848439a4874_29
서울대학교,아주경제,"""함께 키워야 할 대학을 또 줄세우나""…거국련, '서울대 10개 만들기' 선...","[사진=위키피디아] 거점국립대학교수회연합회(이하 ‘거국련’)가 교육부의 ‘서울대 10개 만들기’ 선정 결과에 대해 강력히 반발하며, 이번 평가에서 탈락한 6개 거점국립대를 즉각 추가 선정하고 선별·집중 방식의...",2026-09-17 09:40,https://www.ajunews.com/view/20260917093226226,https://www.ajunews.com/view/20260917093226226
서울대학교,인사이트,"""사람이 경쟁력"" 24년째 지킨 김남구 회장...서울대·고려대 직접 간다","2003년 시작한 대학 채용설명회 참석은 올해로 24년째다.17일 한국투자증권에 따르면 김 회장은 다음 달 1일 서울대학교, 7일 고려대학교에서 열리는 채용설명회에 강연자로 나선다. 회사가 찾는 인재상과 금융산업의...",2026-09-17 09:34,https://www.insight.co.kr/news/573927,https://www.insight.co.kr/news/573927
서울대학교,CNB저널,"관악문화재단·서울대학교, '개교 80주년 예술주간' 본격 시동… '2026 서...","문화경제 | CNB저널 | 씨앤비저널 ​ 서울 관악문화재단(대표이사 소홍삼)이 서울대학교(예술주간 조직위원장, 학생부처장 이건학)와 함께 서울대학교 개교 80주년을 맞아 오는 9월 28일부터 10월 2일까지 '2026 서울대학교...",2026-09-17 09:34,https://www.cnbizm.com/news/articleView.html?idxno=315463,https://www.cnbizm.com/news/articleView.html?idxno=315463
고려대학교,인사이트,"""사람이 경쟁력"" 24년째 지킨 김남구 회장...서울대·고려대 직접 간다","2003년 시작한 대학 채용설명회 참석은 올해로 24년째다.17일 한국투자증권에 따르면 김 회장은 다음 달 1일 서울대학교, 7일 고려대학교에서 열리는 채용설명회에 강연자로 나선다. 회사가 찾는 인재상과 금융산업의...",2026-09-17 09:34,https://www.insight.co.kr/news/573927,https://www.insight.co.kr/news/573927
서울대학교,THETRACKER,"현대건설·서울대, AI 기반 건강주거 생태계 구축 '맞손'","더트래커 박민정 기­자 mjp@thetracker.co.kr 더트래커 = 박민정 기자현대건설이 서울대학교병원, 서울대학교와 AI 기반 건강주거 모델을 공동 개발한다. 질병의 진단과 치료를 넘어 일상 속 건강관리와 건강 수명 증진까지...",2026-09-17 09:33,https://thetracker.co.kr/View.aspx?No=4230912,https://thetracker.co.kr/View.aspx?No=4230912
고려대학교,DOCTORSTIMES,"이호승·이재민 고대 안암병원 교수 연구팀, 고위험 급성담낭염 새로운...","이호승·이재민 고려대 안암병원 소화기내과 교수가 참여한 다기관 공동연구팀이 수술이 어려운... 특성을 고려한 맞춤형 담낭배액 전략 수립에 도움이 될 것으로 기대한다""고 말했다. 한편, 이번 연구...",2026-09-17 09:32,http://www.doctorstimes.com/news/articleView.html?idxno=240063,http://www.doctorstimes.com/news/articleView.html?idxno=240063
연세대학교,강원도민일보,"몽골·탄자니아 등 4개국 연수생들, 연세대 미래캠 이종욱펠로우십 통해...",연세대 미래캠퍼스 '2026-30년 이종욱펠로우십 프로그램 학위과정(의공학)'이 해외 연수생 9명을 대상으로 운영된다. 이종욱펠로우십 프로그램은 한국국제보건의료재단(KOFIH) 주관의 개발도상국 보건의료 인력 개발 지원...,2026-09-17 09:20,https://www.kado.net/news/articleView.html?idxno=2073293,https://n.news.naver.com/mnews/article/654/0000201140?sid=102
서울대학교,국제뉴스,"관악문화재단·서울대, '2026 예술주간'으로 지역 예술 확장",관악문화재단X서울대학교 문화예술 공동추진회의 현장. [사진제공=관악문화재단]  관악문화재단은 서울대학교와 함께 서울대학교 개교 80주년을 맞아 오는 9월 28일부터 10월 2일까지 '2026 서울대학교 예술주간'을 공동...,2026-09-17 09:12,https://www.gukjenews.com/news/articleView.html?idxno=3698000,https://www.gukjenews.com/news/articleView.html?idxno=3698000
서울대학교,인사이트,"업비트 키운 송치형, 후배 창업가 돕는다...두나무·서울대 '스타트업 스...",두나무는 서울대학교 경영대학과 스타트업 7개사의 사무공간을 마련하고 최대 2년간 성장 과정을 함께한다.지난 14일 두나무는 서울대 경영대학과 공동 조성한 창업 지원 공간 'SNU x 업비트 스타트업 스튜디오(UPbit...,2026-09-17 08:54,https://www.insight.co.kr/news/573687,https://www.insight.co.kr/news/573687
고려대학교,이뉴스투데이,"고려대, '피지컬 AI' 앞당길 인간 뇌 모사 반도체 개발",고려대학교(총장 김동원) KU-KIST융합대학원/융합에너지공학과 왕건욱 교수 연구진과 KIST(한국과학기술연구원) 양성욱 박사 연구진이 공동으로 '재구성형(reconfigurable) 뉴로모픽 소자' 기술을 개발했다. 인간의 뇌는...,2026-09-17 08:10,http://www.enewstoday.co.kr/news/articleView.html?idxno=2471267,http://www.enewstoday.co.kr/news/articleView.html?idxno=2471267
고려대학교,메디컬월드뉴스,"고려대 구로병원, 새암병원 기공식…중증·필수의료 확충 본격화",고려대학교 구로병원(병원장 민병욱)이 오는 9월 22일 오후 4시 새암병원 기공식을 열고 중증질환 특화... 상태를 고려한 맞춤형 항암치료를 시행하고 있다. 병원 측에 따르면 건강보험심사평가원 적정성평가에서 대장암...,2026-09-17 08:10,https://medicalworldnews.co.kr/news/view.php?idx=1510977290,https://medicalworldnews.co.kr/news/view.php?idx=1510977290
고려대학교,스포츠조선,"고려대 구로병원, 새암병원 2029년 말 완공 목표…""미래형 암 치료 플랫...",환자의 특성에 따른 다양한 항암치료가 가능하다는 점도 고려대 구로병원의 강점이다. 표적항암치료와 면역항암치료 등 다양한 치료법을 활용하고 환자의 유전자와 면역 상태 등을 고려해 맞춤형 항암치료를 시행하고...,2026-09-17 07:41,https://www.sportschosun.com/life/2026-09-17/202609170100116830007541,https://n.news.naver.com/mnews/article/076/0004446913?sid=102
서울대학교,KOREAREPORT,"한국기후테크협회, 서울대 기후테크센터와 맞손…기후 테크 산업 본격 ...","한국기후테크협회(회장 김종규)가 서울대학교 기후테크센터(센터장 정수종)와 최근 손을 잡았다. 기후 위기... 한국기후테크협회는 종전 기술, 정책, 시장을 연결하는 산업 생태계 조성에 주력했으며, 이번 서울대...",2026-09-17 07:32,https://www.koreareport.co.kr/news/articleView.html?idxno=53004,https://www.koreareport.co.kr/news/articleView.html?idxno=53004
연세대학교,스포츠서울,"원주시, 연대 미래캠 ‘유네스코 문학 창의도시원주’ 문화공공외교 정...","원주시와 연세대학교 미래캠퍼스는 지난 14일 ‘유네스코 문학 창의도시 원주, 문화공공외교 정책 에세이... 원주시와 연세대학교 미래캠퍼스가 공동 주관하고 한국국제교류재단(KF)이 후원했다. 지난해 처음 개최된...",2026-09-17 07:31,https://www.sportsseoul.com/news/read/1635807?ref=naver,https://n.news.naver.com/mnews/article/468/0001266996?sid=102
고려대학교,THEDAILYPOST,"NHN클라우드, 고려대와 '국방 AX' 맞손…전장 클라우드 구축 추진","ㅣ데일리포스트=곽민구 기자ㅣNHN클라우드가 고려대학교와 손잡고 국방 AI 전환(AX) 지원을 가속화한다. 엔에이치엔클라우드(NHN Cloud)는 ""고려대학교 C5ISRT융합연구원과 국방 전장 클라우드 및 지휘통제 분야...",2026-09-17 00:32,https://www.thedailypost.kr/news/articleView.html?idxno=115670,https://www.thedailypost.kr/news/articleView.html?idxno=115670
고려대학교,메디컬월드뉴스,"[9월 16일 병원계 이모저모④]고려대의료원, 서울대, 전북대, 한림대성...","신일우(고려대 경영대학원 연구과정 35회, 前 오가약국 대표)·홍남희 부부로부터 발전기금 2억 원을... ◆전북대병원, 생명나눔 주간 맞아 장기기증 캠페인 개최 전북대학교병원(병원장 양종철)이 장기기증의 날과 생명나눔...",2026-09-17 00:10,https://medicalworldnews.co.kr/news/view.php?idx=1510977288,https://medicalworldnews.co.kr/news/view.php?idx=1510977288
서울대학교,로이슈,"아이스크림미디어, 서울대·앱티마이저와 AI 교육 협약","아이스크림미디어가 지난 14일 서울대학교 한국인적자원연구센터, 서울대학교기술지주 자회사 앱티마이저와 AI 기반 교육서비스 및 진로교육 협력을 위한 업무협약을 체결했다고 16일 밝혔다. 이번 협약은 교원·학부모...",2026-09-16 23:52,http://www.lawissue.co.kr/view.php?ud=202609162349573011f4ab64559d_12,http://www.lawissue.co.kr/view.php?ud=202609162349573011f4ab64559d_12
고려대학교,로이슈,"고려대 안암병원 안상정 교수, 복지부 장관표창","이화여자대학교 인공지능학과 최장환 교수, 이유미 석박사통합과정생 등이 참여했다. 2025년 열린... 의과대학과 고려대학교 안암병원을 중심으로 국내의 우수한 의료데이터와 AI 연구역량을 세계 연구진과 연결하고...",2026-09-16 23:22,http://www.lawissue.co.kr/view.php?ud=202609162320178162f4ab64559d_12,http://www.lawissue.co.kr/view.php?ud=202609162320178162f4ab64559d_12
연세대학교,디지털데일리,"[2026 AI 이노베이션 포럼] 박새별 연세대 교수 ""AI는 원석, 나만의 보석...","""AI가 원석을 던져주면, 그 속에서 나만의 보석을 깎아내는 것이 창작의 새로운 과정입니다."" 박새별 연세대... 스탠퍼드대학교 석학 펠로우 등 정부·국회·학계·산업계 주요 인사들이 참석했다. 한성숙 국무총리는...",2026-09-16 21:27,https://www.ddaily.co.kr/page/view/2026091611562057796,https://n.news.naver.com/mnews/article/138/0002241711?sid=105
고려대학교,IDAEGU,"상주여고, 고려대서 진로 체험","상주여자고등학교는 지난 12일 2학년 소인수 과목 '나와 지구를 위한 지속가능 스타일링' 수강생 5명이 고려대... 학생들은 고려대 교수·강사의 특강을 통해 지속가능한 의생활과 스타일링을 배우고, 자신의 이미지와...",2026-09-16 20:54,https://www.idaegu.co.kr/news/articleView.html?idxno=559862,https://www.idaegu.co.kr/news/articleView.html?idxno=559862
서울대학교,서울신문,"양천구, 서울대와 함께하는 평생학습 ‘양천 지식 브런치’",서울 양천구는 서울대 교수진과 함께하는 평생학습 프로그램 ‘양천 지식 브런치’를 운영한다고 16일 밝혔다. 양천 지식 브런치는 2023년 서울대 평생교육원과 맺은 업무협약을 바탕으로 운영한 인문·교양 릴레이...,2026-09-16 20:54,https://www.seoul.co.kr/news/publicnews/seoul_local/news_seoul/2026/09/16/20260916500293?wlog_tag3=naver,https://n.news.naver.com/mnews/article/081/0003680961?sid=102
연세대학교,워크투데이,"KAIST-연세대 등 공동연구진, 초박막 반도체 전기 주입 난제 해결 … AI ...","KAIST는 생명화학공학과 서준기 교수 연구팀이 연세대학교, 중국 베이징 계산과학연구센터, 한국과학기술연구원(KIST), 울산과학기술원(UNIST), 삼성전자 연구진과 공동으로 '범용 반데르발스 터널링 주입기'를...",2026-09-16 19:50,http://www.worktoday.co.kr/news/articleView.html?idxno=89348,http://www.worktoday.co.kr/news/articleView.html?idxno=89348
서울대학교,CCDN,"""서울대 10개 만들기' 재검토""","충북대학교 교수회가 대학을 서열화하는 '서울대 10개 만들기' 사업 선별적 추진 재검토를 촉구했다. 충북대 교수회는 16일 성명을 통해 ""최근 선정 결과가 발표된 '서울대 10개 만들기' 선별적 추진은 '5극 3특 국가균형발전...",2026-09-16 19:35,https://www.ccdn.co.kr/news/articleView.html?idxno=1100391,https://www.ccdn.co.kr/news/articleView.html?idxno=1100391
서울대학교,MHNSE,"'환연2' 출신 남스타, 서울대 축제에서 포착…""오랜만에 학교"" [MHN:피드...","그는 16일 자신의 계정에 ""서울대 축제도 재밌어졌다~오랜만에 학교~""라는 글과 함께 여러 장의 사진과 영상을 공개했다. 공개된 게시물에는 서울대학교 축제를 찾은 정현규 모습이 담겼다. 서울대학교 사범대학...",2026-09-16 19:18,https://mhnse.com/news/articleView.html?idxno=1546457,https://m.entertain.naver.com/article/445/0000465228
연세대학교,엑스포츠뉴스,"'연세대 출신' 안젤리나 졸리 장남, 아빠 성 '피트' 뺐다...개명 법원 승...","지난 2019년 연세대학교 언더우드국제대학 생명과학공학과에 입학하면서 화제를 모았으며, 당시 안젤리나 졸리가 직접 한국을 찾아 아들의 입학을 준비하는 모습이 알려지기도 했다. 한편 안젤리나 졸리와 브래드...",2026-09-16 19:10,https://www.xportsnews.com/article/2196309,https://m.entertain.naver.com/article/311/0002057672
고려대학교,뉴시스,"NHN클라우드, 고려대와 '국방 전장 클라우드' 공동개발…100억 투자",NHN클라우드는 15일 경기 성남시 사옥 플레이뮤지엄에서 고려대 기술경영전문대학원 국방기술경영학과 C5ISRT융합연구원과 국방 전장 클라우드 및 C5ISRT 분야 산학협력 업무협약을 맺었다고 16일 밝혔다. C5ISRT는...,2026-09-16 18:13,https://www.newsis.com/view/NISX20260916_0003792707,https://n.news.naver.com/mnews/article/003/0014195388?sid=105
고려대학교,디지털타임스,"NHN클라우드, 고려대와 국방 전장 클라우드 개발 추진…100억 투자",이를 위해 회사는 전날 고려대 기술경영전문대학원 국방기술경영학과 C5ISRT융합연구원과 산학협력을 위한 업무협약을 체결했다. 양측은 인공지능(AI) 지휘통제체계를 비롯한 국방 관련 사업을 공동 기획·제안...,2026-09-16 18:10,https://www.dt.co.kr/article/12084389?ref=naver,https://n.news.naver.com/mnews/article/029/0003048443?sid=105
고려대학교,MTN 머니투데이방송,"NHN클라우드, 고려대와 국방 AI 전환 맞손…전장 클라우드 개발",NHN클라우드가 고려대학교와 함께 국방 분야의 인공지능(AI) 전환을 위한 클라우드 기술 개발에 나선다.NHN클라우드는 15일 고려대학교 기술경영전문대학원 국방기술경영학과 C5ISRT융합연구원과 국방 전장 클라우드...,2026-09-16 17:54,https://news.mtn.co.kr/news-detail/2026091617423357712,https://news.mtn.co.kr/news-detail/2026091617423357712
고려대학교,서울신문,"고려대 구로병원, 새암병원 첫 삽…2029년 말 완공 목표",등을 고려해 맞춤형 항암치료를 시행하고 있다. 다양한 임상시험과 새로운 항암치료법 연구에도 적극적으로 참여하며 최신 치료법을 실제 진료에 적용하기 위한 노력을 이어가고 있다. 이러한 노력에 힘입어 고려대학교...,2026-09-16 17:42,https://www.seoul.co.kr/news/society/health-welfare/2026/09/16/20260916500268?wlog_tag3=naver,https://n.news.naver.com/mnews/article/081/0003680932?sid=102
연세대학교,파이낸셜뉴스,"달리면 기부되는 '온코런'… 연세대, 암 생존자와 함께 뛴다","연세대학교 스포츠응용산업학과와 연세암병원 암예방센터, 서대문구청은 오는 11월 7일 연세대 신촌캠퍼스와 안산자락길 일대에서 '제2회 온코런(OncoRun)'을 개최한다고 16일 밝혔다. 온코런은 종양학을 뜻하는...",2026-09-16 17:04,https://www.fnnews.com/news/202609161702267928,https://n.news.naver.com/mnews/article/014/0005576859?sid=102
연세대학교,매일경제,자녀들 하나둘 ‘브래드 피트’ 손절…‘연세대’ 장남도 결국 성 지웠...,2019년 연세대학교 언더우드국제대학에 입학하며 국내에서도 큰 관심을 받았다. 눈길을 끄는 건 ‘피트’를 지운 자녀가 매덕스 한 명이 아니라는 점이다. 딸 샤일로는 18세가 된 2024년 법원에 직접 개명을 신청했고 같은...,2026-09-16 17:03,https://www.mk.co.kr/article/12154446,https://n.news.naver.com/mnews/article/009/0005736220?sid=103
고려대학교,더퍼스트미디어,"고려대 안암병원, 정형외과 임플란트 감염 억제 항균 겔 개발",고려대학교 안암병원 정형외과 장우영 교수와 고려대 의과대학 나노표지자의학연구소 황장선 연구교수 연구팀은 기존 정형외과 임플란트에 수술 중 적용할 수 있는 폴리헥사메틸렌 바이구아나이드(PHMB) 항균...,2026-09-16 16:58,http://www.thefirstmedia.net/news/articleView.html?idxno=208806,http://www.thefirstmedia.net/news/articleView.html?idxno=208806
고려대학교,더퍼스트미디어,"고려대 안암병원 전공의 2명, 국제치과연구학회 학술경연서 수상","▲좌측부터 두 연구의 책임자인 고려대학교 안암병원 구강악안면외과 전상호교수, 장인서 전공의(3년차), 김재연 전공의(2년차) 고려대학교 안암병원 구강악안면외과 전공의 2명이 국제치과연구학회...",2026-09-16 16:58,http://www.thefirstmedia.net/news/articleView.html?idxno=208843,http://www.thefirstmedia.net/news/articleView.html?idxno=208843
고려대학교,팝콘뉴스,"NHN클라우드, 고려대와 '국방 AX' 맞손…100억 투자해 전장 클라우드 키...",16일 NHN클라우드에 따르면 회사는 지난 15일 성남시 사옥 플레이뮤지엄에서 고려대 기술경영전문대학원 국방기술경영학과 C5ISRT융합연구원과 국방 전장 클라우드 및 C5ISRT 분야 산학협력을 위한 업무협약을...,2026-09-16 16:30,http://www.popcornnews.net/news/articleView.html?idxno=133156,http://www.popcornnews.net/news/articleView.html?idxno=133156
고려대학교,더퍼스트미디어,"고려대 경영대학원 신일우 교우 부부, 고려대의료원에 발전기금 2억원 ...","▲좌측부터 김동원 고려대 총장, 신일우·홍남희 부부 기부자가 기념촬영을 하고 있다 신일우 고려대 경영대학원 연구과정 35회 교우와 부인 홍남희 여사가 고려대의료원에 발전기금 2억원을 기부했다. 고려대학교의료원...",2026-09-16 16:10,http://www.thefirstmedia.net/news/articleView.html?idxno=208764,http://www.thefirstmedia.net/news/articleView.html?idxno=208764
고려대학교,더퍼스트미디어,"""젊은 통풍 환자, 심방세동 위험 44% 높아""…고려대병원 교수 연구팀 65...",▲고려대 안산병원 류마티스내과 강은송 교수 젊은 통풍 환자에서 심방세동 발생 위험이 통풍이 없는... 고려대 안산병원은 류마티스내과 강은송·정재현 교수 연구팀이 고려대 구로병원 류마티스내과 송관규 교수...,2026-09-16 16:10,http://www.thefirstmedia.net/news/articleView.html?idxno=208758,http://www.thefirstmedia.net/news/articleView.html?idxno=208758
고려대학교,SWTVNEWS,"고대미래포럼-펫비즈코리아, 국내 펫 산업 ‘창업·유통·해외시장 진출...",고려대학교 교우들의 지식·비즈니스 네트워크인 고대미래포럼은 앞서 지난 4일 고려대학교 교우회관에서 펫비즈코리아 2026과 ‘펫 창업·비즈니스 생태계 활성화를 위한 상생협력 업무협약’을 체결했다. ▲ 강전찬...,2026-09-16 16:06,https://swtvnews.com/news/newsview.php?ncode=1065590689684457,https://swtvnews.com/news/newsview.php?ncode=1065590689684457
고려대학교,라포르시안,"신일우·홍남희 부부, 고대의료원에 발전 기금 2억 기부",고대의료원(의무부총장 겸 의료원장 윤을식)은 신일우(고려대 경영대학원 연구 과정 35회·전 오가약국 대표)·홍남희 부부로부터 발전 기금 2억 원을 기부받았다고 16일 밝혔다. 기부식은 지난 14일 고려대 본관...,2026-09-16 16:02,https://www.rapportian.com/news/articleView.html?idxno=240423,https://www.rapportian.com/news/articleView.html?idxno=240423
고려대학교,의학신문,"고대안암병원 안상정 교수, 보건복지부장관 표창","특히 고려대학교와 이화여자대학교 연구진이 공동으로 참여한 연구팀을 바탕으로 일본, 인도, 독일, 터키, 네덜란드, 미국, 사우디아라비아 등과 협력 네트워크를 확대했으며 의료·병리학과 인공지능 연구역량을...",2026-09-16 15:44,https://www.bosa.co.kr/news/articleView.html?idxno=3012273,https://www.bosa.co.kr/news/articleView.html?idxno=3012273
연세대학교,NEWSPENGUIN,'축제 쓰레기'로 여성 원피스 만든 연세대생들,"축제에서 나온 페트병 300개로 만든 원단 이번 프로젝트를 기획한 연세환경단체연합회는 지난해 11월 교내 환경문제를 함께 고민하기 위해 결성됐다. 연그린, 농땡이, YES, 대학생기후행동 연세대지부 등 교내 4개 단체가...",2026-09-16 15:38,https://www.newspenguin.com/news/articleView.html?idxno=22185,https://www.newspenguin.com/news/articleView.html?idxno=22185
연세대학교,중앙일보,"연세대·연세암병원·서대문구청, 11월 7일 ‘온코런’ 개최","연세대학교 스포츠응용산업학과와 연세암병원 암예방센터가 서대문구청과 함께 11월 7일 연세대 신촌캠퍼스와 안산자락길 일대에서 ‘제2회 온코런(OncoRun)’을 개최한다. 온코런은 암 생존자와 가족, 의료진...",2026-09-16 15:30,https://www.joongang.co.kr/article/25462352,https://n.news.naver.com/mnews/article/025/0003551801?sid=103
고려대학교,충청리뷰,"고려대 세종캠퍼스, 필립 람방 교수 초청강연",고려대학교 세종캠퍼스(부총장 양지운) BK21 IoT데이터사이언스팀(팀장 조민호 교수)은 지난 2일 라디오믹스(Radiomics) 분야의 세계적 석학인 네덜란드 마스트리흐트대학교(Maastricht University) 필립 람방(Philippe Lambin)...,2026-09-16 15:26,https://www.ccreview.co.kr/news/articleView.html?idxno=357696,https://www.ccreview.co.kr/news/articleView.html?idxno=357696
고려대학교,워크투데이,"NHN클라우드, 고려대와 국방 C5ISRT 협력…100억원 투자 지원","강석중 고려대학교 기술경영전문대학원 교수, 김동훈 NHN클라우드 대표 NHN클라우드가 고려대학교와 국방 전장 클라우드 및 C5ISRT 분야 공동 연구에 나서며 국방 AI 전환 관련 사업을 확대한다. 엔에이치엔클라우드...",2026-09-16 15:24,http://www.worktoday.co.kr/news/articleView.html?idxno=89328,http://www.worktoday.co.kr/news/articleView.html?idxno=89328
고려대학교,라포르시안,"안상정 고대안암병원 교수, 글로벌 오픈이노베이션 유공 장관 표창","국내에서는 안상정 교수와 고려대 오하림·송의섭·김은수·이한주 연구진, 이화여대 인공지능학과 최장환 교수·이유미 연구진이 하나의 연구팀을 구성해 챌린지 기획과 운영에 참여했다. 서로 다른 대학과...",2026-09-16 15:12,https://www.rapportian.com/news/articleView.html?idxno=240422,https://www.rapportian.com/news/articleView.html?idxno=240422
고려대학교,TECHM,"NHN클라우드, 고려대와 기술개발 협력...국방 특화 전장 클라우드 플랫...",지난 15일 경기도 성남 NHN 사옥 플레이뮤지엄에서 NHN클라우드와 고려대 기술경영전문대학원 국방기술경영학과 C5ISRT융합연구원이 국방 전장 클라우드 및 C5ISRT 분야 산학협력을 위한 업무협약을 체결했다. 사진은...,2026-09-16 15:08,https://www.techm.kr/news/articleView.html?idxno=155303,https://www.techm.kr/news/articleView.html?idxno=155303
고려대학교,보건뉴스,"고대안암병원 안상정 교수, 보건복지부 장관 표창",이화여자대학교 인공지능학과 최장환 교수와 이유미 석박사통합과정생이 하나의 연구팀을 구성해... 특히 이러한 성과는 연구자 개인의 연구를 넘어 고려대학교 의과대학과 고려대학교 안암병원이 축적해 온...,2026-09-16 15:04,http://www.bokuennews.com/news/article.html?no=284302,http://www.bokuennews.com/news/article.html?no=284302
고려대학교,GAME,"NHN클라우드, 고려대와 '국방 AX' 위한 전장 클라우드 플랫폼 구축 나서","엔에이치엔클라우드(NHN Cloud, 대표 김동훈, 이하 NHN클라우드)는 15일 성남시 사옥 플레이뮤지엄에서 고려대학교 기술경영전문대학원 국방기술경영학과 C5ISRT융합연구원(이하 고려대 C5ISRT융합연구원)과 국방 전장...",2026-09-16 15:01,http://game.dailyesports.com/view.php?ud=20260916144421452121ad998911_26,https://m.sports.naver.com/esports/article/347/0000195707
고려대학교,스마트경제,"""인간 뇌 닮은 단 한 개의 칩""… 고려대·KIST, 세계 최초 '변신하는 반...",고려대학교(총장 김동원)는 왕건욱 KU-KIST융합대학원/융합에너지공학과 교수 연구팀과 양성욱 한국과학기술연구원(KIST) 박사 연구팀이 공동 연구를 통해 단 하나의 반도체 소자로 기억 기능과 신호 발생 기능을...,2026-09-16 15:00,http://www.dailysmart.co.kr/news/articleView.html?idxno=129836,http://www.dailysmart.co.kr/news/articleView.html?idxno=129836
고려대학교,전자신문,"[포토] 이상근 고려대 교수, 'AI강국의 조건, K-AI Security'","인사이트 콘서트 2026'이 'AI시대, 사이버 보안의 미래 '를 주제로 16일 서울 용산구 서울드래곤시티 호텔에서 열렸다. 이상근 고려대 교수가 'AI강국의 조건, K-AI Security'를 주제로 기조강연을 하고 있다.",2026-09-16 14:51,https://www.etnews.com/20260916000285,https://n.news.naver.com/mnews/article/030/0003467418?sid=105
고려대학교,주간한국,"고려대 구로병원, 22일 '새암병원' 기공식 진행",환자의 특성에 따른 다양한 항암치료가 가능하다는 점도 고려대학교 구로병원의 강점이다. 표적항암치료와 면역항암치료 등 다양한 치료법을 활용하고 환자의 유전자와 면역 상태 등을 고려해 맞춤형 항암치료를...,2026-09-16 14:36,https://weekly.hankooki.com/news/articleView.html?idxno=7184386,https://weekly.hankooki.com/news/articleView.html?idxno=7184386
고려대학교,아시아투데이,중증치료 동선 줄이고 암 진료 한곳에…고대구로병원 '새암병원' 착공,"아시아투데이 배다현 기자 = 고려대학교 구로병원이 응급실에서 수술실, 중환자실로 이어지는 중증환자 치료... 새암병원 완공 이후에는 이러한 다학제진료 경험에 환자의 유전자와 면역 상태 등을 고려한 정밀의료를...",2026-09-16 14:16,https://www.asiatoday.co.kr/kn/view.php?key=20260916010006132,https://www.asiatoday.co.kr/kn/view.php?key=20260916010006132
고려대학교,EPNC,"NHN클라우드-고려대, 국방 C5ISRT 연구·기술개발 '맞손'…전장 클라우드...",NHN클라우드는 지난 15일 경기 성남시 플레이뮤지엄에서 고려대학교 기술경영전문대학원 국방기술경영학과 C5ISRT융합연구원과 국방 전장 클라우드 및 C5ISRT 분야 산학협력을 위한 업무협약을 체결했다고 밝혔다....,2026-09-16 14:06,https://www.epnc.co.kr/news/articleView.html?idxno=407026,https://www.epnc.co.kr/news/articleView.html?idxno=407026
고려대학교,주간한국,"안상정 고려대 안암병원 교수, 의료 AI 국제 연구협력 공로로 장관표창",이화여자대학교 인공지능학과 교수와 이유미 석박사통합과정생이 하나의 연구팀을 구성해 챌린지의... 특히 이러한 성과는 연구자 개인의 연구를 넘어 고려대학교 의과대학과 고려대학교 안암병원이 축적해...,2026-09-16 13:56,https://weekly.hankooki.com/news/articleView.html?idxno=7184473,https://weekly.hankooki.com/news/articleView.html?idxno=7184473
고려대학교,전자신문,"NHN클라우드, 고려대와 공동 기술개발 맞손…국방 AX 지원 본격화",NHN클라우드는 지난 15일 성남시 사옥 플레이뮤지엄에서 고려대학교 기술경영전문대학원 국방기술경영학과 C5ISRT융합연구원(이하 고려대 C5ISRT융합연구원)과 국방 전장 클라우드 및 C5ISRT(지휘·통제·통신·컴퓨터...,2026-09-16 13:55,https://www.etnews.com/20260916000222,https://n.news.naver.com/mnews/article/030/0003467362?sid=105
고려대학교,이데일리,"NHN클라우드, 고려대와 ‘국방 AX’ 맞손…100억 투자",NHN클라우드는 지난 15일 경기 성남시 사옥 플레이뮤지엄에서 고려대학교 기술경영전문대학원 국방기술경영학과 C5ISRT융합연구원과 국방 전장 클라우드 및 C5ISRT 분야 산학협력을 위한 업무협약을 체결했다고 16일...,2026-09-16 13:48,https://www.edaily.co.kr/News/Read?newsId=03637526645580776&mediaCodeNo=257&utm_source=naver&utm_medium=referral&utm_campaign=news_syndication&utm_content=original_article,https://n.news.naver.com/mnews/article/018/0006370352?sid=105
고려대학교,서울경제TV,"고대 구강악안면외과 전공의, 국제치과연구학회 1·3위 ‘석권’",고려대학교 안암병원 치과 구강악안면외과 전공의들이 국내 권위 있는 치과 연구 학술경연에서 나란히 1위와 3위를 석권하며 글로벌 역량을 입증했다. 고려대학교 안암병원 구강악안면외과 장인서 전공의(3년차)...,2026-09-16 13:36,https://www.sentv.co.kr/article/view/sentv202609160117,https://www.sentv.co.kr/article/view/sentv202609160117
고려대학교,BBS NEWS,"유승한 고려대 교수, 공정위 비상임위원 위촉",유승한 고려대학교 경제학과 교수가 오늘 자로 공정거래위원회 비상임위원에 신규 위촉됐습니다. 유승한 신임 비상임위원은 미국 코넬대에서 경제학 박사를 취득한 뒤 고려대 조교수와 부교수를 거쳐 현재 교수로 재직...,2026-09-16 13:36,https://news.bbsi.co.kr/news/articleView.html?idxno=4106945,https://news.bbsi.co.kr/news/articleView.html?idxno=4106945
고려대학교,이데일리,"신일우·홍남희 부부, 고대의료원에 발전기금 2억 원 기부","고려대학교의료원(의무부총장 겸 의료원장 윤을식)이 신일우(고려대 경영대학원 연구과정 35회, 前 오가약국 대표)·홍남희 부부로부터 발전기금 2억 원을 기부받았다. 기부식은 지난 14일 오후 2시 고려대학교 본관...",2026-09-16 13:32,https://www.edaily.co.kr/News/Read?newsId=03601446645580776&mediaCodeNo=257&utm_source=naver&utm_medium=referral&utm_campaign=news_syndication&utm_content=original_article,https://n.news.naver.com/mnews/article/018/0006370344?sid=102
고려대학교,CNB저널,"고려대학교, 뇌 모사 반도체 개발",문화경제 | CNB저널 | 씨앤비저널 고려대학교(총장 김동원)는 KU-KIST융합대학원·융합에너지공학과 왕건욱 교수 연구진과 한국과학기술연구원(KIST) 양성욱 박사 연구진이 하나의 반도체 소자에서 기억과 신호 발생 기능을...,2026-09-16 13:22,https://www.cnbizm.com/news/articleView.html?idxno=315363,https://www.cnbizm.com/news/articleView.html?idxno=315363
고려대학교,교수신문,"고려대-KIST연구팀, 뉴로모픽 소자 개발…손동작 98% 분류 성공",이번 연구는 고려대(총장 김동원) KU-KIST융합대학원/융합에너지공학과 왕건욱 교수팀과 KIST(한국과학기술연구원) 양성욱 박사팀이 공동으로 진행했다. 연구진은 하나의 반도체 소자 내부 구조를 정밀하게...,2026-09-16 13:00,https://www.kyosu.net/news/articleView.html?idxno=210390,https://www.kyosu.net/news/articleView.html?idxno=210390
고려대학교,DELIGHTI,"고대미래포럼-'펫비즈코리아 2026', 펫 창업·비즈니스 생태계 활성화 위...","고대미래포럼(Korea University Future Forum)은 사회 각계각층에서 활약하는 고려대 교우들이 미래사회 변화와 신성장 비즈니스, 트렌드에 대한 인사이트와 경험을 공유하는 대학 동문 네트워크로, 다양한 분야의 혁신...",2026-09-16 12:54,https://www.delighti.co.kr/news/articleView.html?idxno=121967,https://www.delighti.co.kr/news/articleView.html?idxno=121967
고려대학교,교수신문,"고려대 유승한 교수, 공정위 비상임위원 신규 위촉","고려대 경제학과 대학원 주임과 학과장, BK21 프로그램 부단장 등을 지냈으며 미국 캘리포니아대 샌디에이고와 버클리, 일본 오사카대 방문학자로도 활동했다. 유 위원은 현재 공정위 공정거래정책 자문위원을 맡고...",2026-09-16 12:52,https://www.kyosu.net/news/articleView.html?idxno=210370,https://www.kyosu.net/news/articleView.html?idxno=210370
고려대학교,교수신문,"장길수 고려대 공대학장, 연구동 건립 기금 1억원 기부","고려대 장길수 공과대학장은 전력계통 분야의 권위자로, 고려대 전기공학과를 졸업한 뒤 미국 아이오와주립대에서 박사학위를 받고 2000년부터 모교에서 교수로 재직해왔다. 그는 한국공학한림원 정회원, CIGRE...",2026-09-16 12:46,https://www.kyosu.net/news/articleView.html?idxno=210277,https://www.kyosu.net/news/articleView.html?idxno=210277
고려대학교,THISISGAME,"NHN클라우드, 고려대와 국방 AX 전장 클라우드 플랫폼 공동 개발 맞손",NHN클라우드는 15일 성남시 사옥 플레이뮤지엄에서 고려대학교 기술경영전문대학원 국방기술경영학과 C5ISRT 융합연구원(이하 고려대 C5ISRT융합연구원)과 국방 전장 클라우드 및 C5ISRT 분야 산학협력을 위한...,2026-09-16 12:24,https://www.thisisgame.com/articles/430007,https://www.thisisgame.com/articles/430007
고려대학교,뉴스티앤티,"고려대·KIST, 하나의 소자로 시냅스·뉴런 기능 선택 구현",고려대 KU-KIST융합대학원·융합에너지공학과 왕건욱 교수 연구진과 KIST 양성욱 박사 연구진은 '재구성형(reconfigurable) 뉴로모픽 소자' 기술을 공동 개발했다고 16일 밝혔다. 뉴로모픽 기술은 인간 뇌의 정보처리...,2026-09-16 11:52,https://www.newstnt.com/news/articleView.html?idxno=718609,https://www.newstnt.com/news/articleView.html?idxno=718609
고려대학교,INTN,"유승한 고려대 교수, 공정위 비상임위원에 신규 위촉…임기 3년",공정거래위원회는 유승한(52세) 고려대학교 경제학과 교수가 9월16일 자로 비상임위원에 새롭게 위촉됐다고... 이후 고려대학교 경제학과 조교수와 부교수를 거쳐 현재 고려대학교 경제학과 교수로 재직하고 있다. 유...,2026-09-16 11:50,http://www.intn.co.kr/news/articleView.html?idxno=2053386,http://www.intn.co.kr/news/articleView.html?idxno=2053386
고려대학교,한스경제,"고대 구로병원, '새암병원' 짓는다…2029년 완공",고려대학교 구로병원 새암병원 조감도. /고려대학교 구로병원 제공 | 서울=한스경제 김동주 기자 | 고려대학교 구로병원이 중증·응급의료와 암 치료 역량 강화를 위한 새 병원 건립에 본격적으로 들어간다. 고려대학교...,2026-09-16 11:44,http://www.hansbiz.co.kr/news/articleView.html?idxno=865645,http://www.hansbiz.co.kr/news/articleView.html?idxno=865645
연세대학교,서울신문,"서대문구의회 김선우 의원, 연세대·안산자락길 등 범죄 예방 안전망 구...","서울 서대문구의회 김선우 의원은 제319회 정례회 5분 발언을 통해 연세대학교 기숙사 인근 및 안산자락길... 또 서대문구, 서대문경찰서, 관내 대학이 참여하는 상시 안전 협력체계 구축도 강조했다. 김 의원은 사건 발생...",2026-09-16 11:43,https://www.seoul.co.kr/news/publicnews/seoul_local/focus_seoul/2026/09/16/20260916500109?wlog_tag3=naver,https://n.news.naver.com/mnews/article/081/0003680764?sid=102
고려대학교,ITDAILY,"NHN클라우드-고려대, '국방 AX' 위한 전장 클라우드 플랫폼 구축 나선다",NHN클라우드는 성남시 사옥 플레이뮤지엄에서 고려대학교 기술경영전문대학원 국방기술경영학과 C5ISRT융합연구원(이하 고려대 C5ISRT융합연구원)과 국방 전장 클라우드 및 C5ISRT 분야 산학협력을 위한 업무협약을...,2026-09-16 11:40,https://www.itdaily.kr/news/articleView.html?idxno=241651,https://www.itdaily.kr/news/articleView.html?idxno=241651
고려대학교,전자신문,"고대구로병원, '새암병원' 첫 삽…“미래형 암 치료 플랫폼”",고려대학교 구로병원이 중증·필수의료와 정밀 암 치료 역량을 강화하기 위해 '새암병원'을 건립한다.... 환자의 유전자와 면역 상태 등을 고려한 표적항암치료와 면역항암치료도 시행하고 있다. 건강보험심사평가원...,2026-09-16 11:33,https://www.etnews.com/20260916000180,https://n.news.naver.com/mnews/article/030/0003467323?sid=105
고려대학교,뉴스1,"NHN클라우드, 고려대와 국방 전장 클라우드 C5ISRT 분야 협력",NHN클라우드는 지난 15일 경기 성남시 사옥 플레이뮤지엄에서 고려대 기술경영전문대학원 국방기술경영학과 C5ISRT융합연구원과 국방 전장 클라우드 및 C5ISRT 분야 산학협력을 위한 업무협약을 체결했다고 16일...,2026-09-16 11:26,https://www.news1.kr/it-science/internet-platform/6292171,https://n.news.naver.com/mnews/article/421/0009173476?sid=105
고려대학교,서울경제TV,중환자실 25개·수술실 7개 늘린다…고려대 구로병원 새암병원 착공,상태를 고려한 맞춤형 항암치료도 시행하고 있다. 임상시험과 항암치료법 연구에도 참여해 최신 치료법을 진료에 적용하고 있다는 것이 병원 측 설명이다. 고려대 구로병원은 건강보험심사평가원 적정성평가에서 대장암...,2026-09-16 11:18,https://www.sentv.co.kr/article/view/sentv202609160101,https://www.sentv.co.kr/article/view/sentv202609160101
연세대학교,한국대학신문,"연세대-연세암병원-서대문구청, 암 생존자와 지역사회 함께하는 온코런...",연세대학교(총장 윤동섭) 스포츠응용산업학과와 연세암병원 암예방센터는 서대문구청과 함께 오는 11월 7일 연세대 신촌캠퍼스와 안산자락길 일대에서 '제2회 온코런(OncoRun)'을 개최한다. 온코런은 암 생존자와 가족...,2026-09-16 11:16,https://news.unn.net/news/articleView.html?idxno=597553,https://news.unn.net/news/articleView.html?idxno=597553
고려대학교,데일리메디,"﻿고대구로병원, 새암병원 첫 삽…2029년 완공",환자 특성에 따른 다양한 항암치료가 가능하다는 점도 고려대학교 구로병원의 강점이다. 표적항암치료와 면역항암치료 등 다양한 치료법을 활용하고 환자의 유전자와 면역 상태 등을 고려해 맞춤형 항암치료를 시행하고...,2026-09-16 11:14,https://www.dailymedi.com/news/news_view.php?wr_id=940579,https://www.dailymedi.com/news/news_view.php?wr_id=940579
고려대학교,연합뉴스TV,"공정위, '증원 몫' 비상임위원에 유승한 고려대 교수 위촉",공정거래위원회는 유승한 고려대 경제학과 교수를 비상임위원으로 위촉했다고 오늘(16일) 밝혔습니다. 유 신임 비상임위원은 2008년 미국 코넬대에서 경제학 박사를 취득한 이후 고려대 경제학과 조교수·부교수를 거쳐...,2026-09-16 11:12,http://www.yonhapnewstv.co.kr/news/AKR20260916111208xlV,https://n.news.naver.com/mnews/article/422/0000906660?sid=101
고려대학교,KHGAMES,"NHN클라우드, 고려대와 '국방 AX' 협력...전장 클라우드 플랫폼 구축",NHN클라우드는 지난 15일 성남시 사옥 플레이뮤지엄에서 고려대학교 기술경영전문대학원 국방기술경영학과 C5ISRT융합연구원과 국방 전장 클라우드 및 C5ISRT 분야 산학협력을 위한 업무협약을 체결했다고 밝혔다....,2026-09-16 11:10,https://www.khgames.co.kr/news/articleView.html?idxno=308440,https://www.khgames.co.kr/news/articleView.html?idxno=308440
고려대학교,문화일보,"NHN클라우드, 고려대와 ‘국방 AI 지휘체계’ 공동 개발 협약",NHN클라우드는 경기 성남시 사옥 플레이뮤지엄에서 고려대 기술경영전문대학원 국방기술경영학과 C5ISRT융합연구원과 국방 전장 클라우드 및 C5ISRT 분야 산학협력을 위한 업무협약을 전날 체결했다고 16일 밝혔다....,2026-09-16 11:08,https://www.munhwa.com/article/11617398?ref=naver,https://n.news.naver.com/mnews/article/021/0002819148?sid=101
고려대학교,한스경제,"진료 인연이 기부로…부부, 고려대의료원에 2억 전달","김동원 고려대 총장, 신일우·홍남희 부부 기부자가 기념촬영을 하고 있다. /고려대의료원 제공 | 서울=한스경제 김동주 기자 | 의료진에게 진료 받은 경험을 계기로 부부가 고려대의료원 발전을 위한 기부에 나섰다....",2026-09-16 11:08,http://www.hansbiz.co.kr/news/articleView.html?idxno=865682,http://www.hansbiz.co.kr/news/articleView.html?idxno=865682
고려대학교,조선일보,고려대 구로병원 새암병원 첫 삽… “중환자실·수술실 확충”,"고려대 구로병원이 중증·필수의료 인프라를 확충하고 암 진료 역량을 강화하기 위한 새암병원 건립에... 표적항암치료와 면역항암치료 등 다양한 치료법을 활용하고, 환자의 유전자와 면역 상태 등을 고려한 맞춤형...",2026-09-16 11:04,https://health.chosun.com/site/data/html_dir/2026/09/16/2026091601397.html,https://n.news.naver.com/mnews/article/346/0000116079?sid=103
고려대학교,보건뉴스,"고대안암병원 장우영 교수팀, 정형외과 임플란트 감염 막는 '항균 겔 코...","고려대학교 안암병원 정형외과 장우영 교수와 고려대학교 의과대학 나노표지자의학연구소 황장선 연구교수 연구팀은 기존 정형외과 임플란트에 수술 중 간편하게 적용할 수 있는 PHMB 항균 하이드로겔을 개발하고, 세균...",2026-09-16 11:00,http://www.bokuennews.com/news/article.html?no=284292,http://www.bokuennews.com/news/article.html?no=284292
고려대학교,주간한국,"고대안산병원 연구팀, 20·30대 통풍 환자 심방세동 위험 44% 상승 확인","강은송 고려대 안산병원 류마티스내과 교수. 사진=고대안산병원  고려대 안산병원은 강은송·정재현... 그 결과 연령과 성별, 생활습관, 동반질환 등 여러 요인을 고려한 이후에도 연구 시작 당시 통풍이 있었던...",2026-09-16 11:00,https://weekly.hankooki.com/news/articleView.html?idxno=7184427,https://weekly.hankooki.com/news/articleView.html?idxno=7184427
고려대학교,디지털데일리,"NHN클라우드·고려대, 국방 전장 클라우드 공동 연구…100억원 규모 지원",국방 분야 연구 투자를 확대하겠다”고 말했다. 강석중 고려대 기술경영전문대학원 교수는 “클라우드 기반 C5ISRT 연구개발을 강화하고 국방 플랫폼 연구와 전문인력 양성을 연계하겠다”고 밝혔다.,2026-09-16 10:53,https://www.ddaily.co.kr/page/view/2026091610205152362,https://n.news.naver.com/mnews/article/138/0002241607?sid=105
고려대학교,데일리안,"고려대 구로병원, '암병원' 첫삽…중증·암 치료 역량 키운다",고려대학교 구로병원이 암병원 건립에 나서며 중증·필수의료와 암 치료 역량 강화에 속도를 낸다. 16일... 표적항암치료와 면역항암치료를 비롯해 환자의 유전자와 면역 상태 등을 고려한 맞춤형 치료도 시행 중이다. 새...,2026-09-16 10:48,https://www.dailian.co.kr/news/view/1691092/?sc=Naver,https://n.news.naver.com/mnews/article/119/0003133287?sid=103
고려대학교,이투데이,공정위 비상임위원에 유승한 고려대 교수 위촉,"(52) 고려대 경제학과 교수가 16일 자로 비상임위원에 신규 위촉됐다고 밝혔다. 유 신임 위원은 1997년 고려대 경제학과를 졸업하고 2003년 미국 뉴욕대에서 수학·통계학 석사, 2008년 코넬대에서 경제학 박사 학위를 받았다....",2026-09-16 10:48,https://www.etoday.co.kr/news/view/2626178,https://www.etoday.co.kr/news/view/2626178
고려대학교,의학신문,"고대의료원, 신일우·홍남희 부부로부터 발전기금 2억원 기부받아","신일우 씨는 ""받은 것들을 조금이나마 다시 나누고 고려대와 의료 발전에 보탬이 될 수 있다면 그것만으로도 감사한 일""이라고 말했다. 홍남희 씨는 ""이번 기부가 안암병원이 환자들에게 더욱 따뜻한 안식처가 되는 데...",2026-09-16 10:44,https://www.bosa.co.kr/news/articleView.html?idxno=3012239,https://www.bosa.co.kr/news/articleView.html?idxno=3012239
고려대학교,TV조선,공정위 신임 비상임위원에 유승한 고려대 교수,유승한 고려대학교 경제학과 교수가 공정거래위원회 신임 비상임위원으로 새롭게 위촉됐다. 미시경제이론과 플랫폼 경제 분야의 전문성을 바탕으로 공정위 심결에 참여하게 된다. 공정위는 16일 유승한 고려대 경제학과...,2026-09-16 10:40,https://news.tvchosun.com/site/data/html_dir/2026/09/16/2026091690089.html,https://n.news.naver.com/mnews/article/448/0000639640?sid=101
고려대학교,주간한국,"신일우 전 오가약국 대표 부부, 고려대의료원에 2억원 후원","사진=고려대의료원  고려대학교의료원은 신일우(고려대 경영대학원 연구과정 35회, 前 오가약국 대표)·홍남희 부부로부터 발전기금 2억원을 기부받았다고 16일 밝혔다. 기부식은 지난 14일 서울 성북구 고려대학교 본관...",2026-09-16 10:38,https://weekly.hankooki.com/news/articleView.html?idxno=7184418,https://weekly.hankooki.com/news/articleView.html?idxno=7184418
연세대학교,일간스포츠,"‘연세대 출신’ 안젤리나 졸리 장남 매덕스, 결국 아빠 성 ‘피트’ 지...","매덕스는 2019년 연세대학교 언더우드국제대학에 입학해 국내에서도 주목받은 바 있다. 또 여동생 샤일로 역시 최근 자신의 성에서 ‘피트’를 삭제했으며, 자하라와 비비안 역시 성을 바꾸는 절차를 진행 중인 것으로...",2026-09-16 10:36,https://isplus.com/article/view/isp202609160049,https://m.entertain.naver.com/article/241/0003530904
고려대학교,디지털투데이,"NHN클라우드, 고려대와 '국방 AX' 맞손…전장 클라우드 개발",[사진: NHN클라우드] NHN클라우드는 지난 15일 경기 성남시 사옥 플레이뮤지엄에서 고려대 기술경영전문대학원 국방기술경영학과 C5ISRT융합연구원과 국방 전장 클라우드 및 C5ISRT 분야 산학협력을 위한 업무협약을...,2026-09-16 10:36,https://www.digitaltoday.co.kr/news/articleView.html?idxno=700906,https://www.digitaltoday.co.kr/news/articleView.html?idxno=700906
고려대학교,뉴스프리존,"신일우·홍남희 부부, 고대의료원에 발전기금 2억 기탁","고대의료원이 지난 14일 고려대 본관 프레지던트챔버홀에서 신일우(고려대 경영대학원 연구과정 35회, 前 오가약국 대표)·홍남희 부부로부터 발전기금 2억 원을 기부받았다. 기부식에는 김동원 총장, 윤을식 의무부총장...",2026-09-16 10:34,https://www.newsfreezone.co.kr/news/articleView.html?idxno=709507,https://www.newsfreezone.co.kr/news/articleView.html?idxno=709507
연세대학교,에듀동아,"연세대·연세암병원·서대문구청, 암 생존자와 지역사회가 함께하는 제...",연세대학교(총장 윤동섭) 스포츠응용산업학과와 연세암병원 암예방센터는 서대문구청과 함께 오는 11월 7일(토) 연세대 신촌캠퍼스와 안산자락길 일대에서 '제2회 온코런(OncoRun)'을 개최한다. 온코런은 암 생존자와...,2026-09-16 10:30,https://edu.donga.com/news/articleView.html?idxno=111997,https://edu.donga.com/news/articleView.html?idxno=111997
고려대학교,보건뉴스,"고대안암병원 구강악안면외과 전공의, 국제치과연구학회 학술경연 1위·...","고려대학교 안암병원 구강악안면외과 장인서 전공의(3년차)와 김재연 전공의(2년차)가 지난 9월... 두 연구의 책임자인 고려대학교 안암병원 치과 구강악안면외과 전상호 교수는 ""두 전공의가 임상...",2026-09-16 10:30,http://www.bokuennews.com/news/article.html?no=284273,http://www.bokuennews.com/news/article.html?no=284273
고려대학교,아이뉴스24,"NHN클라우드, 고려대와 '국방 AX' 위한 전장 클라우드 플랫폼 구축",NHN클라우드(대표 김동훈)는 고려대학교 기술경영전문대학원 국방기술경영학과 C5ISRT융합연구원(이하 고려대 C5ISRT융합연구원)과 국방 전장 클라우드 및 C5ISRT 분야 산학협력을 위한 업무협약을 체결했다고 16일...,2026-09-16 10:30,http://www.inews24.com/view/2006147,https://n.news.naver.com/mnews/article/031/0001058816?sid=105
고려대학교,대학저널,"멕시카나치킨, 고려대서 ‘치킨원정대’",멕시카나치킨은 지난 14일 고려대학교 캠퍼스에서 헌혈에 참여한 학생과 교직원들에게 치킨을 전달하며 생명 나눔의 의미를 되새기는 사회공헌 활동을 진행했다고 밝혔다. 이번 행사는 헌혈에 직접 참여하는 대학생과...,2026-09-16 10:28,https://dhnews.co.kr/news/view/1065576284058807,https://dhnews.co.kr/news/view/1065576284058807
고려대학교,뉴스1,"고려대 구로병원, 새암병원 첫 삽…중증·필수의료 혁신 본격화","고려대 구로병원이 오는 22일 오후 새암병원 기공식을 열고, 중증질환 특화 상급종합병원으로서의 새로운... 표적항암치료와 면역항암치료 등 다양한 치료법을 활용하고 환자의 유전자와 면역 상태 등을 고려해 맞춤형...",2026-09-16 10:23,https://www.news1.kr/bio/welfare-medical/6292156,https://n.news.naver.com/mnews/article/421/0009173134?sid=105
고려대학교,주간한국,"고려대 안암병원 장인서·김재연 전공의, KADR 학술경연 1·3위 수상",장인서 고려대 안암병원 전공의. 사진=고대안암병원  고려대학교 안암병원은 장인서 구강악안면외과 전공의(3년차)와 김재연 전공의(2년차)가 지난 5일 서울 오스템임플란트...,2026-09-16 10:22,https://weekly.hankooki.com/news/articleView.html?idxno=7184412,https://weekly.hankooki.com/news/articleView.html?idxno=7184412
고려대학교,머니투데이,공정위 비상임위원에 유승한 고려대 경제학과 교수,공정거래위원회가 신임 비상임위원에 유승한 고려대 경제학과 교수가 위촉됐다고 16일 밝혔다. 공정위 비상임위원은 공정위원장 제청으로 대통령이 위촉한다. 임기는 3년이다. 신임 유 위원은 고려대 경제학과를 졸업한 뒤...,2026-09-16 10:19,https://www.mt.co.kr/economy/2026/09/16/2026091609273552881,https://n.news.naver.com/mnews/article/008/0005414454?sid=101
고려대학교,데일리안,"NHN클라우드, 고려대 손잡고 ‘국방 AX’ 전장 클라우드 플랫폼 구축 시...",NHN클라우드는 지난 15일 성남시 사옥 플레이뮤지엄에서 고려대학교 기술경영전문대학원 국방기술경영학과 C5ISRT융합연구원과 국방 전장클라우드 및 C5ISRT 분야 산학협력을 위한 업무협약을 체결했다고 16일 밝혔다....,2026-09-16 10:19,https://www.dailian.co.kr/news/view/1691029/?sc=Naver,https://n.news.naver.com/mnews/article/119/0003133256?sid=105
고려대학교,파이낸셜포스트,"신일우·홍남희 부부, 고려대의료원에 2억원 기부","16일 고려대에 따르면, 신일우 전 오가약국 대표는 고려대 경영대학원 연구과정 35회 교우로, 서울 종로5가에서 약국을 30여년간 운영하며 후원과 기부를 이어왔다. 특히 부부가 각각 고려대 안암병원에서 진료받은 바 있다....",2026-09-16 10:18,https://www.financialpost.co.kr/news/articleView.html?idxno=275852,https://www.financialpost.co.kr/news/articleView.html?idxno=275852
고려대학교,헤럴드경제,"유승한 고려대 교수, 공정위 비상임위원 위촉…플랫폼경제·시장설계 전...","공정거래위원회 비상임위원에 시장설계와 플랫폼 경제 전문가인 유승한 고려대 경제학과 교수(52)가 새로... 2011년부터 고려대 경제학과에서 조교수·부교수·정교수로 재직해 왔다. 미시경제이론과 시장설계, 플랫폼...",2026-09-16 10:18,https://biz.heraldcorp.com/article/10875191?ref=naver,https://n.news.naver.com/mnews/article/016/0002697989?sid=101
고려대학교,팝콘뉴스,"""시냅스도 뉴런도 된다""…고려대 연구팀, '재구성형(reconfigurable) 뉴로모...",고려대학교(총장 김동원)는 KU-KIST융합대학원/융합에너지공학과 왕건욱 교수 연구진이 KIST(한국과학기술연구원) 양성욱 박사 연구진과 공동으로 '재구성형(reconfigurable) 뉴로모픽 소자' 기술을 개발했다고 16일 밝혔다....,2026-09-16 10:18,http://www.popcornnews.net/news/articleView.html?idxno=133110,http://www.popcornnews.net/news/articleView.html?idxno=133110
고려대학교,이데일리,"고려대, 피지컬 AI 앞당길 인간 뇌 모사 반도체 개발","고려대 KU-KIST융합대학원의 박관영 박사과정(제1저자), 왕건욱 교수(교신저자). (사진=고려대) 고려대는 KU-KIST융합대학원·융합에너지공학과의 왕건욱 교수 연구팀이 ‘재구성형(reconfigurable) 뉴로모픽 소자’ 기술을...",2026-09-16 10:17,https://www.edaily.co.kr/News/Read?newsId=03096326645580776&mediaCodeNo=257&utm_source=naver&utm_medium=referral&utm_campaign=news_syndication&utm_content=original_article,https://n.news.naver.com/mnews/article/018/0006370218?sid=102
고려대학교,뉴스핌,"유승한 고려대 교수, 공정위 비상임위원 신규 위촉",유승한(52) 고려대 경제학과 교수가 공정거래위원회 비상임위원으로 신규 위촉됐다. 공정위는 유 교수가... [사진=공정위] 유 신임 위원은 1974년생으로 고려대 경제학과를 졸업하고 미국 뉴욕대에서 수학·통계학 석사...,2026-09-16 10:13,https://www.newspim.com/news/view/20260916000313,https://www.newspim.com/news/view/20260916000313
고려대학교,한국일보,공정위 '증원' 비상임위원에 유승한 고려대 교수 위촉,공정거래위원회가 유승한(52) 고려대 경제학과 교수를 비상임위원으로 위촉했다고 16일 밝혔다. 유 신임 비상임위원은 2008년 미국 코넬대에서 경제학 박사를 취득한 이후 고려대 경제학과 조교수·부교수를 거쳐 현재...,2026-09-16 10:11,https://www.hankookilbo.com/news/article/A2026091610030003311?did=NA,https://n.news.naver.com/mnews/article/469/0000954307?sid=101
고려대학교,이데일리,"고려대 연구팀, 정형외과 임플란트 감염 막는 ‘항균 겔 코팅’ 개발",고려대학교 안암병원 정형외과 장우영 교수와 고려대학교 의과대학 나노표지자의학연구소 황장선 연구교수 연구팀은 기존 정형외과 임플란트에 수술 중 간편하게 적용할 수 있는 PHMB 항균 하이드로겔을...,2026-09-16 10:05,https://www.edaily.co.kr/News/Read?newsId=03034006645580776&mediaCodeNo=257&utm_source=naver&utm_medium=referral&utm_campaign=news_syndication&utm_content=original_article,https://n.news.naver.com/mnews/article/018/0006370204?sid=102
고려대학교,이데일리,공정위 비상임위원에 유승한 고려대 교수,"고려대 경제학과 학과장과 대학원 주임 등을 역임했으며 싱가포르 난양공대 교수, 미국 UC버클리·UC샌디에이고 방문학자 경력도 있다. 공정위는 “유 위원이 경제학 분야의 전문지식과 시장설계·온라인 플랫폼에 대한...",2026-09-16 10:04,https://www.edaily.co.kr/News/Read?newsId=03011046645580776&mediaCodeNo=257&utm_source=naver&utm_medium=referral&utm_campaign=news_syndication&utm_content=original_article,https://n.news.naver.com/mnews/article/018/0006370199?sid=101
고려대학교,KDPRESS,"멕시카나치킨, 고려대서 '치킨원정대' 전개…학생·교직원과 '헌혈' 나눔...",치킨 프랜차이즈 기업 ㈜멕시카나의 대표 사회공헌(CSR) 프로그램인 '치킨원정대'가 고려대학교를 찾아 생명 나눔 실천에 나섰다. 멕시카나치킨은 지난 14일 고려대학교를 방문해 헌혈 참여를 독려하고 생명 나눔에 동참한...,2026-09-16 10:02,https://www.kdpress.co.kr/news/articleView.html?idxno=208648,https://www.kdpress.co.kr/news/articleView.html?idxno=208648
고려대학교,DOCTORSTIMES,"장우영 고려대 안암병원 교수팀, 정형외과 임플란트 감염 막는 '항균 겔...","장우영 고려대 안암병원 정형외과 교수와 황장선 고려대 의대 나노표지자의학연구소 연구교수팀은 기존 정형외과 임플란트에 수술 중 간편하게 적용할 수 있는 PHMB 항균 하이드로겔을 개발하고, 세균 감염...",2026-09-16 10:02,http://www.doctorstimes.com/news/articleView.html?idxno=240043,http://www.doctorstimes.com/news/articleView.html?idxno=240043
고려대학교,중앙이코노미뉴스,"NHN클라우드, 고려대와 국방 전장 클라우드 개발...100억원 투자 지원","강석중 고려대 기술경영전문대학원 교수 겸 C5ISRT 연구센터장은 ""국방 C5ISRT 체계는 인공지능과 데이터, 클라우드 기술을 바탕으로 지속적인 연구개발과 고도화가 필요한 분야""라며 ""국방 플랫폼 연구와 전문인력...",2026-09-16 10:02,https://www.joongangenews.com/news/articleView.html?idxno=548453,https://www.joongangenews.com/news/articleView.html?idxno=548453
고려대학교,연합뉴스,공정위 '증원 몫' 비상임위원에 유승한 고려대 교수 위촉,공정거래위원회는 유승한(52) 고려대 경제학과 교수를 비상임위원으로 위촉했다고 16일 밝혔다. 유 신임 비상임위원은 2008년 미국 코넬대에서 경제학 박사를 취득한 이후 고려대 경제학과 조교수·부교수를 거쳐 현재...,2026-09-16 10:00,https://www.yna.co.kr/view/AKR20260916053400002?input=1195m,https://n.news.naver.com/mnews/article/001/0016313740?sid=102
고려대학교,아시아경제,"공정위, 비상임위원에 유승한 고려대 교수 위촉","유 위원은 2008년 미국 코넬대에서 경제학 박사를 취득했고, 고려대 경제학과 조교수, 부교수를 거쳐 현재 고려대학교 경제학과 교수로 재직하고 있다. 미시경제이론, 시장 설계 및 플랫폼 경제 분야의 전문가로...",2026-09-16 10:00,https://view.asiae.co.kr/article/2026091609444128461,https://n.news.naver.com/mnews/article/277/0005817008?sid=101
고려대학교,뉴스프리존,"고려대, '피지컬 AI' 앞당긴다...인간 뇌 모사 반도체 개발","고려대가 왕건욱 KU-KIST융합대학원·융합에너지공학과 교수 연구진이 양성욱 KIST 박사 연구진과 공동으로, 하나의 반도체 소자가 기억 기능과 신호 발생 기능을 선택적으로 수행하는 '재구성형(reconfigurable)...",2026-09-16 09:56,https://www.newsfreezone.co.kr/news/articleView.html?idxno=709494,https://www.newsfreezone.co.kr/news/articleView.html?idxno=709494
고려대학교,DATANET,"NHN클라우드·고려대, 국방 전장 클라우드·C5ISRT 기술 개발 맞손","강석중 고려대학교 기술경영전문대학원 교수, 김동훈 NHN클라우드 대표  NHN클라우드(대표 김동훈)가 고려대학교와 국방 전장 클라우드 및 C5ISRT 분야 공동 연구·기술개발에 나선다. 양측은 NHN클라우드의 클라우드...",2026-09-16 09:56,https://www.datanet.co.kr/news/articleView.html?idxno=214495,https://www.datanet.co.kr/news/articleView.html?idxno=214495
고려대학교,SPORTS,"NHN클라우드, 고려대와 '국방 AX' 연구·사업 협력",NHN클라우드는 고려대학교 기술경영전문대학원 국방기술경영학과 C5ISRT융합연구원(이하 고려대 C5ISRT융합연구원)과 국방 전장 클라우드 및 C5ISRT 분야 산학협력을 위한 업무협약을 진행했다고 16일 밝혔다. 회사...,2026-09-16 09:56,https://sports.hankooki.com/news/articleView.html?idxno=6939762,https://sports.hankooki.com/news/articleView.html?idxno=6939762
고려대학교,아주경제,"NHN클라우드, 고려대와 '국방 AX' 맞손…클라우드 플랫폼 구축",C5ISRT 공동 연구·개발…국방 공용·표준 플랫폼 적용 추진 100억원 투자 지원…국방 AI 데이터센터로 사업 확대 아주경제=백서현 기자 qortjgus0602@ajunews.com 강석중 고려대학교 기술경영전문대학원 교수(좌) 김동훈...,2026-09-16 09:54,https://www.ajunews.com/view/20260916094232634,https://www.ajunews.com/view/20260916094232634
연세대학교,파이낸셜포스트,"연세대, 누락 데이터 대체 없이 사망위험 예측하는 의료 AI 개발","박유랑 연세대 의과대학 의생명시스템정보학교실 교수와 홍재성 연세대 의과대학 의생명시스템정보학교실 연구원, 김민규 연세대 인공지능융합대학 연구원으로 구성된 연구팀은 결측·비동기 의료 데이터를...",2026-09-16 09:46,https://www.financialpost.co.kr/news/articleView.html?idxno=275840,https://www.financialpost.co.kr/news/articleView.html?idxno=275840
고려대학교,한국대학신문,"시냅스도 뉴런도 된다…고려대, '피지컬 AI' 앞당길 인간 뇌 모사 반도체...",고려대학교(총장 김동원) KU-KIST융합대학원/융합에너지공학과 왕건욱 교수 연구진과 KIST(한국과학기술연구원) 양성욱 박사 연구진이 공동으로 '재구성형(reconfigurable) 뉴로모픽 소자' 기술을 개발했다. KU...,2026-09-16 09:42,https://news.unn.net/news/articleView.html?idxno=597534,https://news.unn.net/news/articleView.html?idxno=597534
고려대학교,연합뉴스,"NHN클라우드·고려대, '국방 AI 지휘체계' 공동 개발","강석중 고려대학교 기술경영전문대학원 교수(C5ISRT 연구센터장)는 ""국방 C5ISRT 체계는 AI와 데이터, 클라우드 기술을 바탕으로 지속적인 연구개발과 고도화가 필요한 분야""라며 ""NHN클라우드와의 협력을 통해 국방...",2026-09-16 09:41,https://www.yna.co.kr/view/AKR20260916043100017?input=1195m,https://n.news.naver.com/mnews/article/001/0016313633?sid=105
고려대학교,파이낸셜포스트,"고려대 안암병원 전공의 2명, 국제치과연구학회 관련 수상",고려대학교 안암병원 구강악안면외과 전공의 2명이 타액선 질환 관련 연구로 국제치과연구학회 한국지부회 학술대회에서 상을 받아 모교 이름을 드높였다. 고려대 안암병원은 장인서 3년차 전공의와 김재연...,2026-09-16 09:40,https://www.financialpost.co.kr/news/articleView.html?idxno=275835,https://www.financialpost.co.kr/news/articleView.html?idxno=275835
고려대학교,POINTE,"NHN클라우드, 고려대와 국방 전장 클라우드 연구…100억원 투자",△ 고려대 C5ISRT융합연구업무협약 체결…100억원 규모 투입 NHN클라우드는 성남 사옥에서 고려대학교 기술경영전문대학원 C5ISRT융합연구원과 국방 전장 클라우드 및 C5ISRT 분야 협업을 위한 업무협약을 맺었다고 16일...,2026-09-16 09:40,https://www.pointe.co.kr/news/articleView.html?idxno=84806,https://www.pointe.co.kr/news/articleView.html?idxno=84806
고려대학교,서울경제TV,"NHN클라우드, 고려대와 손잡고 ‘국방 AX’ 공략…전장 클라우드 개발",NHN클라우드는 지난 15일 성남시 플레이뮤지엄에서 고려대 기술경영전문대학원 국방기술경영학과 C5ISRT융합연구원과 국방 전장 클라우드·C5ISRT 분야 산학협력을 위한 업무협약을 체결했다. 양측은 AI...,2026-09-16 09:36,https://www.sentv.co.kr/article/view/sentv202609160042,https://www.sentv.co.kr/article/view/sentv202609160042
고려대학교,서울경제,"NHN클라우드, 고려대와 손잡고 국방 특화 클라우드 플랫폼 구축",NHN클라우드는 15일 성남시 사옥 플레이뮤지엄에서 고려대학교 기술경영전문대학원 국방기술경영학과 C5ISRT융합연구원과 국방 전장 클라우드 및 C5ISRT 분야 산학협력을 위한 업무협약(MOU)을 체결했다고 16일 밝혔다....,2026-09-16 09:36,https://www.sedaily.com/article/20091475?ref=naver,https://n.news.naver.com/mnews/article/011/0004662345?sid=105
고려대학교,매일경제,"NHN클라우드·고려대, ‘국방 AX’ 위한 전장 클라우드 플랫폼 구축 맞손",NHN클라우드는 15일 성남시 사옥 플레이뮤지엄에서 고려대학교 기술경영전문대학원 국방기술경영학과 C5ISRT융합연구원과 국방 전장 클라우드 및 C5ISRT 분야 산학협력을 위한 업무협약을 체결했다고 밝혔다. 양측은...,2026-09-16 09:26,https://www.mk.co.kr/article/12153946,https://n.news.naver.com/mnews/article/009/0005735857?sid=105
고려대학교,주간한국,"고대안암병원 연구팀, 정형외과 임플란트용 항균 하이드로겔 개발",사진=고대안암병원  고려대학교 안암병원은 장우영 정형외과 교수와 황장선 고려대학교 의과대학 나노표지자의학연구소 연구교수 연구팀이 기존 정형외과 임플란트에 수술 중 간편하게 적용할 수 있는...,2026-09-16 09:26,https://weekly.hankooki.com/news/articleView.html?idxno=7184380,https://weekly.hankooki.com/news/articleView.html?idxno=7184380
고려대학교,베리타스알파,고려대 왕건욱 교수팀 KIST와 공동연구.. '기억과 연산 모두 되는 반도체...,고려대 KU-KIST융합대학원/융합에너지공학과 왕건욱 교수 연구팀과 KIST 양성욱 박사 연구팀은 공동으로 '재구성형(reconfigurable) 뉴로모픽 소자' 기술을 개발했다. 인간의 뇌는 신호를 발생시키는 '뉴런'과 정보를 기억하는...,2026-09-16 09:14,https://www.veritas-a.com/news/articleView.html?idxno=628128,https://www.veritas-a.com/news/articleView.html?idxno=628128
고려대학교,베타뉴스,"NHN클라우드, 고려대학교와 국방 C5ISRT 공동 연구 기술 개발 추진",NHN클라우드는 9월 15일 성남시 사옥 플레이뮤지엄에서 고려대학교 기술경영전문대학원 국방기술경영학과 C5ISRT융합연구원(이하 고려대 C5ISRT융합연구원)과 국방 전장 클라우드 및 C5ISRT 분야 산학협력을 위한...,2026-09-16 09:12,https://www.betanews.net/article/view/beta202609160012,https://www.betanews.net/article/view/beta202609160012
고려대학교,DOCTORSTIMES,"고려대 구로병원, 새 암병원 첫 삽",환자의 특성에 따른 다양한 항암치료가 가능하다는 점도 고려대학교 구로병원의 강점이다. 표적항암치료와 면역항암치료 등 다양한 치료법을 활용하고 환자의 유전자와 면역 상태 등을 고려해 맞춤형 항암치료를...,2026-09-16 09:06,http://www.doctorstimes.com/news/articleView.html?idxno=240038,http://www.doctorstimes.com/news/articleView.html?idxno=240038
고려대학교,MONEWS,"고대 구로병원, 미래형 암 치료 플랫폼 새암병원 건립 첫 삽 떠","고려대학교 구로병원은 22일 새암병원 건립을 위한 기공식 개최하고, 중증필수의료 인프라 확충에 나선다. 새암병원은 2029년 말 완공 예정이다. 고대 구로병원은 새암병원을 연면적 약 9214평(3만458㎡), 지하 9층·지상 6층...",2026-09-16 09:04,https://www.monews.co.kr/news/articleView.html?idxno=413937,https://www.monews.co.kr/news/articleView.html?idxno=413937
고려대학교,에듀동아,[상위권 제시문 면접] 서울대·연세대·고려대 제시문 면접 합격 공식 |...,"서울대, 고려대, 연세대 등 상위권 대학 수시 면접의 최대 분수령 가운데 하나는 '제시문 기반 면접'이다.... ▶ 장광원 데오럭스 입시컨설팅 대표 (전 건국대학교 입학사정관, 《대입면접 로드맵》 공동 저자)",2026-09-16 09:00,https://edu.donga.com/news/articleView.html?idxno=111694,https://edu.donga.com/news/articleView.html?idxno=111694
연세대학교,에듀동아,[상위권 제시문 면접] 서울대·연세대·고려대 제시문 면접 합격 공식 |...,"서울대, 고려대, 연세대 등 상위권 대학 수시 면접의 최대 분수령 가운데 하나는 '제시문 기반 면접'이다.... ▶ 장광원 데오럭스 입시컨설팅 대표 (전 건국대학교 입학사정관, 《대입면접 로드맵》 공동 저자)",2026-09-16 09:00,https://edu.donga.com/news/articleView.html?idxno=111694,https://edu.donga.com/news/articleView.html?idxno=111694
고려대학교,마이데일리,"고려대 구로병원, 새암병원 첫 삽…중증·필수의료 인프라 확충",표적항암치료와 면역항암치료 등을 활용하고 환자의 유전자와 면역 상태 등을 고려해 맞춤형 항암치료를 시행한다. 다양한 임상시험과 새로운 항암치료법 연구에도 참여하고 있다. 고려대 구로병원은...,2026-09-16 09:00,https://www.mydaily.co.kr/page/view/2026091608595213772,https://n.news.naver.com/mnews/article/117/0004105807?sid=102
고려대학교,파이낸셜포스트,장우영 고려대 안암병원 교수팀 '항균 겔 코팅' 개발,"16일 의료계에 따르면, 장우영 고려대학교 안암병원 정형외과 교수팀은 기존 정형외과 임플란트에 수술 중 간편하게 적용할 수 있는 PHMB 항균 하이드로겔을 개발하고, 세균 감염 억제와 골절 치유 보호 효과를 확인했다....",2026-09-16 08:48,https://www.financialpost.co.kr/news/articleView.html?idxno=275811,https://www.financialpost.co.kr/news/articleView.html?idxno=275811
고려대학교,조선일보,"고려대 구로병원, '새암병원' 첫 삽… 미래형 암 치료 플랫폼 구축",고려대학교 구로병원이 중증·필수의료와 암 치료 역량을 강화하기 위한 '새암병원' 건립에 나선다.... 고려대 구로병원은 오는 22일 새암병원 기공식을 열고 본격적인 건립 공사에 들어간다고 16일 밝혔다. 새암병원은...,2026-09-16 08:46,https://it.chosun.com/news/articleView.html?idxno=2023092170225,https://it.chosun.com/news/articleView.html?idxno=2023092170225
고려대학교,후생신보,"고대 구로병원, 새 암병원 29년 완공 목표 첫삽",등을 고려해 맞춤형 항암치료를 시행하고 있다. 다양한 임상시험과 새로운 항암치료법 연구에도 적극적으로 참여하며 최신 치료법을 실제 진료에 적용하기 위한 노력을 이어가고 있다. 이러한 노력에 힘입어 고려대학교...,2026-09-16 08:34,http://www.whosaeng.com/173741,http://www.whosaeng.com/173741
고려대학교,파이낸셜뉴스,고려대 구로병원 '암병원' 짓는다…2029년 완공,상태를 고려한 맞춤형 항암치료도 시행 중이다. 다양한 임상시험과 신규 항암치료법 연구에도 적극 참여하고 있다. 이 같은 노력에 힘입어 고려대 구로병원은 건강보험심사평가원 적정성평가에서 대장암·위암·유방암...,2026-09-16 08:31,https://www.fnnews.com/news/202609160825038436,https://n.news.naver.com/mnews/article/014/0005576432?sid=103
고려대학교,K-HEALTH,"고려대구로병원, 새 암병원으로 '다학제·정밀의료 고도화' 전력투구",고려대구로병원은 이를 고려한 맞춤항암치료는 물론 다양한 임상시험과 새 항암치료법 연구에도 적극 참여하고 있다. 환자부담을 줄이는 최소침습·로봇수술 분야의 성과도 두드러진다. 고려대구로병원은 단일공로봇수술...,2026-09-16 08:24,https://www.k-health.com/news/articleView.html?idxno=101195,https://www.k-health.com/news/articleView.html?idxno=101195
고려대학교,이뉴스투데이,"[고려대 소식] 고려대 '리필로드', 다회용컵 순환으로 '제4회 체인지메...","한편, 장길수 공과대학장은 고려대 전기공학과를 졸업하고 미국 아이오와주립대학교에서 박사학위를 취득한 뒤 2000년부터 고려대 교수로 재직 중이다. 전력계통 분야의 전문가로 한국공학한림원 정회원, CIGRE...",2026-09-16 08:10,http://www.enewstoday.co.kr/news/articleView.html?idxno=2470876,http://www.enewstoday.co.kr/news/articleView.html?idxno=2470876
고려대학교,한국강사신문,"고려대학교 세종캠퍼스, 필립 람방 교수 초청 디지털 트윈·에이전틱 AI...","의과대학 및 컴퓨터소프트웨어학과 등과 공동연구를 진행할 예정이다. 이번 초청강연은 라디오믹스와 인공지능을 융합한 의료영상 연구의 최신 흐름을 공유하고, 고려대학교와 마스트리흐트대학교 간 공동연구...",2026-09-16 07:39,https://www.lecturernews.com/news/articleView.html?idxno=210660,https://www.lecturernews.com/news/articleView.html?idxno=210660
연세대학교,TV조선,"[단독] 지난해에도 '전산 오류'…연대 의대 지원자, 원서 접수도 못해","지난주 대학 수시 원서 접수 당시 발생한 전산 오류는 처음이 아닙니다. 지난해에도 한 수험생이 전산 오류... [리포트] 로스쿨생 손 모 씨는 지난해 1월, 연세대 의대 전형에 지원했지만 서류 미비로 불합격 처리됐습니다....",2026-09-15 22:00,https://news.tvchosun.com/site/data/html_dir/2026/09/15/2026091590240.html,https://n.news.naver.com/mnews/article/448/0000639559?sid=102
고려대학교,후생신보,"고대 안암 김재우 전공의, 심부전학회 최우수상 영예","이번에 수상한 연구는 ‘심장대사 표현형 기반 심부전의 순환 단백체 시그니처 식별’로, 고려대학교 안암병원 순환기내과 조동혁 교수와 고려대학교 의과대학 생화학분자생물학교실 남기훈 교수의 지도 아래...",2026-09-15 18:52,http://www.whosaeng.com/173733,http://www.whosaeng.com/173733
고려대학교,바스켓코리아,"[대학리그] ‘얼리 엔트리 선언’ 고려대 심주언, 상명대전에서 보여준...",고려대학교는 15일 상명대학교 천안캠퍼스 체육관에서 열린 2026 KUSF 대학농구 U-리그 남대부 정규리그에서 상명대학교를 80-67로 꺾었다. 14승 3패를 기록했다. 1위 중앙대학교(15승 2패)와 1게임 차다. 고려대는 2026시즌...,2026-09-15 18:30,https://basketkorea.com/news/newsview.php?ncode=1065600741039729,https://m.sports.naver.com/basketball/article/351/0000088229
고려대학교,점프볼,"‘외곽포 폭발’ 양종윤·김정현 다니엘 나란히 3점슛 5개…고려대, 상...",고려대는 15일 상명대 체육관에서 열린 2026 KUSF 대학농구 U-리그 상명대와의 맞대결에서 80-67로 승리했다. 시즌 전적 14승 3패로 3연승을 달렸다. 1위 중앙대(15승 2패)와 승차도 줄였다. 고려대는 나란히 3점슛 5개를...,2026-09-15 18:24,https://m.sports.naver.com/basketball/article/065/0000301613,https://m.sports.naver.com/basketball/article/065/0000301613
고려대학교,바스켓코리아,"[대학리그] 상명대 꺾은 고려대, 1위 중앙대와 1게임 차 … 광주대, 1위...",고려대학교는 15일 상명대학교 천안캠퍼스 체육관에서 열린 2026 KUSF 대학농구 U-리그 남대부 정규리그에서 상명대학교를 80-67로 꺾었다. 14승 3패를 기록했다. 1위 중앙대학교(15승 2패)와 1게임 차다. 고려대는 이동근...,2026-09-15 17:38,https://basketkorea.com/news/newsview.php?ncode=1065600633559516,https://m.sports.naver.com/basketball/article/351/0000088227
고려대학교,TV조선,"박홍근, 고려대 특강서 ""대학이 기숙사용 건물 사면 세제지원 검토""",앞서 TV조선은 지난 5월 대학생 주거문제에 대한 3부작 기획보도 과정에서 김세용 고려대 건축학과 교수에게 자문을 구했는데 김 교수가 같은 주장을 한 바 있다. 김 교수는 TV조선과의 인터뷰에서...,2026-09-15 16:47,https://news.tvchosun.com/site/data/html_dir/2026/09/15/2026091590194.html,https://n.news.naver.com/mnews/article/448/0000639518?sid=101
고려대학교,한국강사신문,"고양시, 고려대 이광렬 교수 초청 '사춘기, 과학으로 풀다' 부모교육 특...","이번 강연에는 고려대학교 화학과 이광렬 교수가 강사로 나서 청소년기의 신체·정서적 변화를 과학적 관점에서 설명했다. 부모들이 사춘기 자녀의 행동을 보다 깊이 이해하고, 성장 과정에 맞는 지원과 소통을 할 수...",2026-09-15 16:29,https://www.lecturernews.com/news/articleView.html?idxno=210634,https://www.lecturernews.com/news/articleView.html?idxno=210634
고려대학교,메디파나뉴스,"고대안암병원 김재우 전공의, '최우수 임상연구상' 수상","이번 연구는 한국연구재단 우수신진연구 사업의 지원을 받아 진행됐으며, 고려대 안암병원 순환기내과 조동혁 교수와 고려대 의과대학 생화학분자생물학교실 남기훈 교수가 지도 교수로 참여했다. 최우수상을 거머쥔...",2026-09-15 16:26,https://www.medipana.com/news/articleView.html?idxno=417671,https://www.medipana.com/news/articleView.html?idxno=417671
고려대학교,중앙일보,"고려대 학생팀 ‘리필로드’, 다회용컵 순환 시스템으로 대상",고려대학교 학생팀 ‘리필로드’가 교내 다회용컵 순환 시스템을 구축한 성과로 9월 10일 열린 제4회... 고려대에 따르면 이를 통해 줄인 온실가스는 약 255.8㎏(CO₂-eq)으로 집계됐다. 한국환경공단 전력 배출계수를...,2026-09-15 16:20,https://www.joongang.co.kr/article/25462041,https://n.news.naver.com/mnews/article/025/0003551537?sid=102
고려대학교,뉴스티앤티,"고려대 장길수 공과대학장, 연구동 건립에 1억원 기부",고려대는 장길수 공과대학장(전기 86)이 지난 14일 '연구동 건축기금'으로 1억원을 전달했다고 15일 밝혔다.... 장 학장은 고려대 전기공학과를 졸업하고 미국 아이오와주립대학교에서 박사학위를 취득한 뒤 2000년부터...,2026-09-15 15:50,https://www.newstnt.com/news/articleView.html?idxno=718398,https://www.newstnt.com/news/articleView.html?idxno=718398
고려대학교,파이낸셜뉴스,"고려대 공대학장, 연구동 건립에 사재 1억 쾌척",고려대학교는 장길수 공과대학장이 지난 14일 서울 성북구 고려대 본관에서 연구동 건축기금 1억원을 전달했다고 15일 밝혔다. 이번 기부는 사립대 공학 연구 현장의 인프라 부족 문제를 환기하고 사회 각계의 공대 투자를...,2026-09-15 15:28,https://www.fnnews.com/news/202609151525384822,https://n.news.naver.com/mnews/article/014/0005576124?sid=102
고려대학교,CNB저널,"장길수 고려대 공과대학장, 연구동 건축기금 1억원 기부","이번 기부식은 14일 오후 2시 30분 고려대 본관 1층 총장실에서 진행됐으며, 고려대 장길수 공과대학장과 김동원 총장, 신호정 대외협력처장이 참석했다. 한편, 고려대는 14일 AI를 활용한 대학 교육과 청년 창업의 변화를...",2026-09-15 14:44,https://www.cnbizm.com/news/articleView.html?idxno=315178,https://www.cnbizm.com/news/articleView.html?idxno=315178
고려대학교,에듀동아,"고려대 장길수 공과대학장, 연구동 건축기금 1억 원 기부","한편, 장길수 공과대학장은 고려대 전기공학과를 졸업하고 미국 아이오와주립대학교에서 박사학위를 취득한 뒤 2000년부터 고려대 교수로 재직 중이다. 전력계통 분야의 전문가로 한국공학한림원 정회원, CIGRE...",2026-09-15 14:28,https://edu.donga.com/news/articleView.html?idxno=111961,https://edu.donga.com/news/articleView.html?idxno=111961
고려대학교,스마트경제,"""국가 경쟁력, 공학에 달렸다""…장길수 고려대 공학대학장, 고려대에 사...",한편 1억원의 기부금을 선뜻 기탁하며 귀감이 된 장길수 공과대학장은 고려대학교 전기공학과를 졸업하고 미국 아이오와주립대학교에서 공학 박사학위를 받은 전력계통 분야의 세계적 권위자다. 지난 2000년부터 고려대...,2026-09-15 14:00,http://www.dailysmart.co.kr/news/articleView.html?idxno=129764,http://www.dailysmart.co.kr/news/articleView.html?idxno=129764
고려대학교,에듀동아,"고려대 리필로드, 다회용컵 순환으로 제4회 체인지메이커스 대상","버려지는 일회용 컵을 줄이기 위해 고려대 학생들이 직접 '다회용 컵 시스템'을 만들었다. 학생이 카페에서... 리필로드의 특징은 학생들의 개인적인 실천에만 의존하지 않고, 학생·카페·전문 세척업체·대학이 역할을...",2026-09-15 13:58,https://edu.donga.com/news/articleView.html?idxno=111950,https://edu.donga.com/news/articleView.html?idxno=111950
고려대학교,팝콘뉴스,"""현직 교수의 솔선수범""…고려대 장길수 공과대학장, 연구동 건축기금 ...","기부식은 14일 오후 2시 30분 고려대 본관 1층 총장실에서 고려대 장길수 공과대학장과 김동원 총장, 신호정 대외협력처장이 참석한 가운데 진행됐다. 장길수 학장은 ""국가 경쟁력은 공학에 달려 있고 공대의 성과는 재정...",2026-09-15 13:38,http://www.popcornnews.net/news/articleView.html?idxno=133000,http://www.popcornnews.net/news/articleView.html?idxno=133000
고려대학교,베리타스알파,고려대 장길수 공과대학장 연구동 건립기금 1억원 쾌척.. '모교 향한 감...,장길수 고려대 공과대학장(전기 86)은 14일 연구동 건축기금으로 1억원을 고려대에 기부했다. 고려대는 자연계캠퍼스 내에 연면적 3000여평 규모의 연구동을 신축할 계획이다. 연구 공간을 확충하고 차세대 융합연구 및...,2026-09-15 13:30,https://www.veritas-a.com/news/articleView.html?idxno=628001,https://www.veritas-a.com/news/articleView.html?idxno=628001
고려대학교,교수신문,"대학 기부금, 연세·서울·고려대가 32.5% 차지…비수도권 118개 대학보다...","한국대학교육협의회로부터 제출받은 자료를 분석한 결과, 2021년부터 2025년까지 전국 국·공·사립 4년제 대학 191개교 기부금 규모는 △연세대 3,656억원 △서울대 3,503억원 △고려대 3,360억원 순으로 집계됐다....",2026-09-15 13:02,https://www.kyosu.net/news/articleView.html?idxno=210267,https://www.kyosu.net/news/articleView.html?idxno=210267
