대학,언론사,기사 제목,기사 요약,발행시각,언론사 링크,네이버 링크
고려대학교,헤럴드경제,특혜 줄여도 91.6대 1…여전한 경찰대 인기 왜?,2027학년도 경찰대학 신입생 모집에는 50명 선발에 4582명이 몰렸다. 지난해 경쟁률 86.9대 1보다 지원자가 238명... 연세대·고려대 자연계열 진학을 고려하던 한 재수생은 재수 과정에서 희망 진로를 법조계로 바꾼 뒤...,2026-10-08 11:16,https://biz.heraldcorp.com/article/10896798?ref=naver,https://n.news.naver.com/mnews/article/016/0002706938?sid=102
연세대학교,헤럴드경제,특혜 줄여도 91.6대 1…여전한 경찰대 인기 왜?,입시업계에서는 최근 경찰대 합격권을 과거처럼 서울대·연세대·고려대 최상위권과 직접 비교하기보다는 서강대·성균관대·한양대 등 상위권 대학 지원자층과 상당 부분 겹치는 것으로 보고 있다. 경찰 조직...,2026-10-08 11:16,https://biz.heraldcorp.com/article/10896798?ref=naver,https://n.news.naver.com/mnews/article/016/0002706938?sid=102
연세대학교,금강일보,"헬릭스미스 주가, 급등세... 왜?",헬릭스미스가 연세대 연구진과 진행한 난소암·위암 대상 고형암 CAR-T 전임상 연구에서 항암 효과를 확인한 연구 결과가 국제 학술지에 게재되면서 관련 기술에 대한 관심이 커지고 있다. 이번 연구에서는...,2026-10-08 11:16,https://www.ggilbo.com/news/articleView.html?idxno=1185838,https://www.ggilbo.com/news/articleView.html?idxno=1185838
서울대학교,헤럴드경제,특혜 줄여도 91.6대 1…여전한 경찰대 인기 왜?,입시업계에서는 최근 경찰대 합격권을 과거처럼 서울대·연세대·고려대 최상위권과 직접 비교하기보다는... 과거 서울대나 연·고대 합격권 학생들이 경찰대를 택하는 사례가 많았지만 병역 혜택 폐지와 경찰대 개혁...,2026-10-08 11:16,https://biz.heraldcorp.com/article/10896798?ref=naver,https://n.news.naver.com/mnews/article/016/0002706938?sid=102
서울대학교,헤럴드경제,포니정재단 제7회 영리더상 안세영 선수·김도형 교수,김도형 교수는 2012년 서울대 재료공학부를 졸업하고 2018년 미국 UC버클리에서 박사학위를 받은 뒤 스탠퍼드대학교에서 박사후연구과정을 밟았다. 2022년부터 펜실베이니아대학교 화학·생체분자공학과 조교수로...,2026-10-08 11:15,https://biz.heraldcorp.com/article/10896795?ref=naver,https://n.news.naver.com/mnews/article/016/0002706935?sid=101
고려대학교,MHN스포츠,"스디파, '10인 안무가' 총출동…11월 전국 5개 지역 투어 공연 ('스디파...","'스트릿 월드 파이터 : 디렉터스 워 [ON THE STAGE]' 전국투어는 오는 11월 21일(토)과 22일(일) 서울 고려대학교 화정체육관 공연을 시작한다. 이어 오는 11월 28일 광주, 12월 5일 부산, 12월 13일 대전, 12월 19일...",2026-10-08 11:15,https://mhnse.com/news/articleView.html?idxno=1579518,https://m.entertain.naver.com/article/445/0000473298
고려대학교,뉴스드림,"SKT·업스테이지, 'AI 사이버보안 협의체' 출범… 안랩·고려대 등 11곳 ...","AI 모델의 안전성 검증은 두 모델이 서로를 공격하며 취약점을 찾는 '상호 레드티밍' 방식과 대학의 독립 평가로 진행된다. 고려대·숭실대·부산대가 제3자 입장에서 레드티밍 설계와 보안 성능 평가 기준, 가드레일...",2026-10-08 11:14,http://www.newsdream.kr/news/articleView.html?idxno=119639,http://www.newsdream.kr/news/articleView.html?idxno=119639
고려대학교,MHN스포츠,"'나랏말싸미' 조철현 감독, 한글날 하루 앞두고 비보...'암 투병 중 별세...","빈소는 서울 성북구 고려대학교 안암병원 장례식장 303호에 마련됐으며, 입관은 오는 9일 오후 3시에 진행된다. 이후 발인은 오는 10일 오전 7시에 엄수될 예정이며, 이후 조철현 감독은 서울추모공원에서 영원한 안식을...",2026-10-08 11:14,https://mhnse.com/news/articleView.html?idxno=1579511,https://m.entertain.naver.com/article/445/0000473297
고려대학교,국제뉴스,"SK텔레콤, AI 모델 고도화로 국내 보안 서비스 강화 나선다","이번 협약식에는 SK쉴더스, 시큐아이, 안랩, 라온시큐어, 지니언스, 파이오링크 등 6개 정보보호 기업과 고려대학교, 숭실대학교, 부산대학교 등 3개 대학이 참여해 총 11개 기관이 뜻을 모았다. 협의체는 정기적인...",2026-10-08 11:14,https://www.gukjenews.com/news/articleView.html?idxno=3716065,https://www.gukjenews.com/news/articleView.html?idxno=3716065
서울대학교,뉴스메이커,우주항공 메카 '사천' 위한 융합형 전문인재 양성에 총력 기울이다,"차성경 기자 biblecar@ 경상국립대학교의 중심에는 기술경영학과와 과학기술정책학과, 우주항공기술경영학과 세 개 학과의 학과장을 겸임하고 있는 전정환 교수가 있다. 전 교수는 KAIST에서 기계공학 석사를, 서울대학...",2026-10-08 11:12,http://www.newsmaker.or.kr/news/articleView.html?idxno=183810,http://www.newsmaker.or.kr/news/articleView.html?idxno=183810
서울대학교,연합뉴스,'데블스 플랜3'에 장동민·하석진·홍진호 등 출연,'데블스 플랜' 시즌 1·2 우승자인 배우 하석진과 서울대 출신 인플루언서 정현규가 시즌3 우승에 다시 도전한다. '더 지니어스: 블랙 가넷' 등 서바이벌 예능에서만 5회 우승을 거머쥔 장동민과 프로게이머 출신 포커...,2026-10-08 11:12,https://www.yna.co.kr/view/AKR20261008082400005?input=1195m,https://n.news.naver.com/mnews/article/001/0016365347?sid=103
고려대학교,서울경제TV,"SKT·업스테이지, 보안 AI 협의체 출범…기업·대학 11곳 참여","레드티밍 설계와 평가는 참여 대학이 맡는다. 고려대는 실행 파일 분석 능력과 공격 방어력을, 숭실대는 보안 성능 평가 기준과 안전장치 우회 공격 대응력을, 부산대는 차기·경량 모델의 성능과 안전성을 검증한다....",2026-10-08 11:12,https://www.sentv.co.kr/article/view/sentv202610080059,https://www.sentv.co.kr/article/view/sentv202610080059
연세대학교,프레스나인,"헬릭스미스·연세대, L1CAM CAR-T 난소암 동물모델 종양 소실 확인",헬릭스미스와 연세대학교 의과대학 연구진이 L1CAM을 표적으로 하는 키메릭항원수용체 T세포(CAR-T) 치료제를 난소암 환자유래 동물모델에 투여한 결과 일부 개체에서 종양 신호가 완전히 사라지는 항종양 효과를...,2026-10-08 11:12,http://www.press9.kr/news/articleView.html?idxno=83913,http://www.press9.kr/news/articleView.html?idxno=83913
서울대학교,매일일보,"인천 영종구, 용유·무의 해역에 어린 조피볼락 51만 마리 방류",서울대학교 농생명과학공동기기원의 친어·종자 유전자 분석을 통해 자체 생산 여부를 확인하고 국립수산물품질관리원의 전염병 검사를 통과한 우량종자다. 구는 방류된 치어의 정착과 생존을 고려해 인공어초가 조성된...,2026-10-08 11:12,https://www.m-i.kr/news/articleView.html?idxno=2003923,https://www.m-i.kr/news/articleView.html?idxno=2003923
고려대학교,아시아경제,"[구멍 난 금융보안]⑦""AI 공격엔 AI로 방어해야""…해외 금융권, 어떻게 ...","김승주 고려대 정보보호대학원 교수는 ""해킹 방어에 반드시 프런티어 AI가 필요한 것은 아니다""며 ""기존에 공개된 상용 AI를 여러 개 조합하는 방식으로도 충분히 방어할 수 있고, 이미 관련 도구와 상품도 나와 있다...",2026-10-08 11:12,https://view.asiae.co.kr/article/2026100806492772864,https://n.news.naver.com/mnews/article/277/0005826226?sid=101
고려대학교,뉴스1,성북구서 만나는 박경리·염상섭·박완서…근현대 문인 5명 특강,"이번 특강은 성북근현대문학관과 고려대 BK21국어국문학교육연구단, 국제한국언어문화연구소 HK3.0 연구단이 공동 기획했다. 강연은 매주 수요일 오전 10시부터 정오까지 총 5회 진행된다. 회차당 20명 안팎을 모집하며...",2026-10-08 11:10,https://www.news1.kr/local/moi/6314147,https://n.news.naver.com/mnews/article/421/0009216956?sid=102
연세대학교,팜뉴스,"원주세브란스 박지수·오진록 교수팀, '노보시스' 활용 주상골 불유합 ...",연세대학교 원주세브란스기독병원 정형외과 박지수·오진록 교수 연구팀은 시지바이오의 골대체재 '노보시스(NOVOSIS)'를 적용한 주상골 불유합 치료의 예비 임상 연구 결과를 국제학술지에 발표했다고 8일 밝혔다. 연구...,2026-10-08 11:10,https://www.pharmnews.com/news/articleView.html?idxno=306775,https://www.pharmnews.com/news/articleView.html?idxno=306775
연세대학교,머니투데이,"헬릭스미스, 연세대와 난소암 CAR-T 전임상서 '종양 완전 소실' 확인",헬릭스미스가 연세대학교 의과대학 연구진과 함께 기존 혈액암 중심 키메릭 항원 수용체 T세포(CAR-T) 치료제의 한계를 극복하고 난치성 고형암인 난소암과 위암에서 종양이 완전히 사라지는 전임상 치료 효과를...,2026-10-08 11:10,https://www.mt.co.kr/stock/2026/10/08/2026100810592516919,https://n.news.naver.com/mnews/article/008/0005423803?sid=101
고려대학교,이데일리,"걷다가 다리가 저리고, 쉬면 좋아진다면, ‘척추관협착증’ 의심",종합적으로 고려해 치료 방향을 정해야 한다. 예방을 위해서는 적정 체중을 유지하고 등/허리와 복부 주변... 고려대학교 안암병원 신경외과 척추 분과장인 허준석 교수는 “진료를 하다보면 요통 환자분들 중 상당수가...,2026-10-08 11:10,https://www.edaily.co.kr/News/Read?newsId=03325926645610952&mediaCodeNo=257&utm_source=naver&utm_medium=referral&utm_campaign=news_syndication&utm_content=original_article,https://n.news.naver.com/mnews/article/018/0006383538?sid=102
고려대학교,SEOULTIMES,"SKT, 11개 기관과 ‘독자 AI 사이버보안 협의체’ 출범","지난 7일 SKT타워에서 열린 협약식에는 SKT와 업스테이지를 비롯해 SK쉴더스, 시큐아이, 안랩, 라온시큐어, 지니언스, 파이오링크 등 정보보호 기업 6곳과 고려대학교, 숭실대학교, 부산대학교 등 3개 대학이 참여했다....",2026-10-08 11:09,https://www.seoultimes.news/news/article.html?no=2000100674,https://www.seoultimes.news/news/article.html?no=2000100674
연세대학교,톱스타뉴스,"공유, ""말로 형용 못할 감동"" 요코하마서 첫 아시아 투어 시작했다",문을 연 공유는 앞으로 아시아 5개 도시를 돌며 각 지역 팬들과 차례로 만날 계획이다. 한국에서는 오는 11월 28일 오후 5시 연세대학교 신촌캠퍼스 대강당에서 서울 팬미팅을 열고 국내 팬들과도 대면 소통을 이어간다.,2026-10-08 11:08,https://www.topstarnews.net/news/articleView.html?idxno=16241562,https://www.topstarnews.net/news/articleView.html?idxno=16241562
고려대학교,TV리포트,"'나랏말싸미' 조철현 감독, 암 투병 끝 사망…향년 66세","빈소는 서울 고려대 안암병원 장례식장 303호에 마련됐다. 입관은 9일 오후 3시, 발인은 10일 오전 7시다. 장지는 서울추모공원이다. 조 감독은 약 40년 동안 충무로에서 영화 제작자이자 시나리오 작가로 활동했다. 연출에...",2026-10-08 11:08,https://www.tvreport.co.kr/star/article/1081540/,https://m.entertain.naver.com/article/213/0001403919
연세대학교,한국강사신문,"서울시, '미래서울 아침특강' 외부전문가 중심 강연 넘어 실·국장 직접...","경찰대학교 행정학 학사, 카네기멜론대학교 경영학 석사(MBA), 연세대학교 도시공학 박사 학위를 갖추고 행정과 도시·교통 분야에서 전문성을 쌓아왔다. 이번 강연에서는 자율주행 기술의 상용화가 시민들의 이동 방식과...",2026-10-08 11:06,https://www.lecturernews.com/news/articleView.html?idxno=211676,https://www.lecturernews.com/news/articleView.html?idxno=211676
연세대학교,에듀동아,"연세대 김지현 교수, 남극 빙붕 아래서 철광층 형성 비밀 밝혀내","연세대학교(총장 윤동섭) 시스템생물학과 김지현 교수팀은 남극 해저에서 새로운 세균을 발견하고, 이... 논문의 제1저자로 이번 분석을 주도한 연세대 미생물유전체학 및 시스템/합성생물학 연구실 윤재경 연구교수는...",2026-10-08 11:06,https://edu.donga.com/news/articleView.html?idxno=112626,https://edu.donga.com/news/articleView.html?idxno=112626
서울대학교,에듀동아,"연세대 김지현 교수, 남극 빙붕 아래서 철광층 형성 비밀 밝혀내","연세대학교(총장 윤동섭) 시스템생물학과 김지현 교수팀은 남극 해저에서 새로운 세균을 발견하고, 이... 책임연구원, 서울대 지구환경과학부 황청연 교수, 경상국립대 생명과학부 권순경 교수 등이 참여했다. 연구는...",2026-10-08 11:06,https://edu.donga.com/news/articleView.html?idxno=112626,https://edu.donga.com/news/articleView.html?idxno=112626
서울대학교,이뉴스투데이,"선생님 꿈 향한 뜨거운 도전, 서울 공립교사 지원자 23.4% 증가","서울특별시교육청(교육감 정근식)은 ""2027학년도 공립·국립·사립 유치원·초등학교·특수학교 교사... 특히 서울대학교사범대학부설초등학교는 2명 모집에 141명이 몰리면서 70.50대 1의 높은 경쟁률을 기록했다....",2026-10-08 11:05,http://www.enewstoday.co.kr/news/articleView.html?idxno=2478207,http://www.enewstoday.co.kr/news/articleView.html?idxno=2478207
서울대학교,서울이코노미뉴스,프랑스 북부의 옛 도시 릴이 그린 '삼각형',"서희정(hopesuh@gmail.com) 학력: 예원학교, 서울예술고등학교 졸업 서울대학교 음악대학 기악과 피아노 전공 학사(B.A.) 서울대학교 음악대학 대학원 석사(M.A.) 미국 샌프란시스코 컨서바토리 음악대학원(SFCM) 석사(M.M., 연주 및...",2026-10-08 11:04,http://www.seouleconews.com/news/articleView.html?idxno=94216,http://www.seouleconews.com/news/articleView.html?idxno=94216
연세대학교,데일리팜,"연세대 특성화대학원, 내달 2일 AI·제약산업 주제로 심포지엄",연세대학교 제약바이오산업 특성화대학원이 AI 융복합을 주도하는 제약바이오산업이 무엇을 준비해야 할지 논의하는 자리를 마련한다. 내달 2일 오후 5시부터 연세대 신촌캠퍼스 백양누리 그랜드볼룸 AB에서 'AI 융복합이...,2026-10-08 11:04,https://www.dailypharm.com/user/news/343223?REFERER=NP,https://www.dailypharm.com/user/news/343223?REFERER=NP
연세대학교,공감신문,"한글날 문 여는 AI 신문, 어려운 AI를 '생활의 말'로 바꾼다","신 대표는 연세대에서 전기전자공학을 전공하며 AI를 공부했다. 현재 AI 제품 개발·AX 컨설팅 기업 바이브릭(VibeRick)을 운영하며 AI 서비스를 직접 만들어 현장에 적용하고 있으며, 구글 '제미나이 3 서울 해커톤'에서...",2026-10-08 11:04,https://www.gokorea.kr/news/articleView.html?idxno=880800,https://www.gokorea.kr/news/articleView.html?idxno=880800
연세대학교,싱글리스트,"공유, 日 팬미팅 5000석 전석매진…아시아 투어 포문",요코하마에서 투어의 첫 일정을 마친 공유는 앞으로 아시아 5개 도시를 돌며 현지 팬들과 만남을 이어간다. 서울 공연은 오는 11월 28일 오후 5시 연세대학교 신촌캠퍼스 대강당에서 개최된다.,2026-10-08 11:04,https://www.slist.kr/news/articleView.html?idxno=771968,https://www.slist.kr/news/articleView.html?idxno=771968
고려대학교,연합뉴스,"[가요소식] NCT 위시, 신보 발매 기념 팝업스토어","NCT 위시는 앨범 발매에 앞서 오는 10∼11일 서울 고려대학교 화정체육관에서 오프라인 이벤트 '아이 스파이 유'(I SPY YOU)도 연다. ▲ 이채연, 일본 데뷔 싱글 '마이 보이스' 발표 = 걸그룹 아이즈원 출신 가수 이채연이...",2026-10-08 11:03,https://www.yna.co.kr/view/AKR20261008079900005?input=1195m,https://m.entertain.naver.com/article/001/0016365301
고려대학교,점프볼,"[26슬램게임] ""수비로 오래 살아남고 싶어요"" 단국대 김태영(017)","대학팀과의 연습 경기에서도 쉽게 지지 않았고, 여준석 선수가 있던 고려대를 상대로도 3쿼터까지... 그때 대학교에 갈 수 있을까라는 생각을 많이 했고, 더 잘하고 싶은데 못해서 좌절감과 상실감을 많이 느꼈던 것...",2026-10-08 11:03,https://m.sports.naver.com/basketball/article/065/0000302586,https://m.sports.naver.com/basketball/article/065/0000302586
서울대학교,매일신문,무리에 휩쓸리지 마라…2027년 트렌드는 '알파쉽(Alpha Sheep)',김난도 서울대 소비자학과 명예교수 등이 펴낸 이번 책은 인공지능(AI)이 범용재가 된 이후의 사회 변화를 짚으며 내년 대한민국을 관통할 10대 소비 트렌드를 제시한다. 올해 책의 슬로건은 'ALPHA SHEEP(알파쉽)...,2026-10-08 11:02,https://www.imaeil.com/page/view/2026100715353031137,https://n.news.naver.com/mnews/article/088/0001032976?sid=103
고려대학교,뉴스1,"""퇴원하고 집에 왔을 뿐인데""…뇌졸중 재발 부르는 '이것'","이건주 고려대 구로병원 신경과 교수 연구팀은 급성 허혈성 뇌졸중 환자의 퇴원 후 아황산가스(SO₂) 노출과... 때 고려할 필요가 있음을 보여준다""고 말했다. 이어 ""관찰연구인 만큼 아황산가스가 재발의 직접적인...",2026-10-08 11:02,https://www.news1.kr/bio/welfare-medical/6314156,https://n.news.naver.com/mnews/article/421/0009216926?sid=105
서울대학교,연합뉴스,국토교통 R&D 예산 지역차 심각…전남광주 69억 1.2% 불과,"수도권에서는 경기와 서울에 각각 약 1천809억원과 1천286억원이 배정돼 전남광주의 약 26배와 19배에... 서울대는 산학협력단을 포함해 약 83억원, 인하대 산학협력단은 약 57억원을 배정받았다. 전남광주에서는...",2026-10-08 11:01,https://www.yna.co.kr/view/AKR20261008027200054?input=1195m,https://n.news.naver.com/mnews/article/001/0016365293?sid=102
연세대학교,메디칼타임즈,자가골 없이 주상골 불유합 잡았다…'노보시스' 가능성 입증,"왼쪽부터 연세대학교 원주의과대학 원주세브란스기독병원 정형외과 오진록 교수, 박지수 교수. 사진 제공=원주세브란스기독병원 홈페이지.이번 연구 결과는 국제학술출판사 와일리(Wiley)가 발행하는 정형외과 분야...",2026-10-08 11:00,https://www.medicaltimes.com/Main/News/NewsView.html?ID=1171086&ref=naverpc,https://www.medicaltimes.com/Main/News/NewsView.html?ID=1171086&ref=naverpc
고려대학교,비즈워크,복층·알파공간 특화 설계…'씨엘스톤 더 써밋 구로구청' 공급,"세탁기와 아일랜드 식탁을 갖춘 주방 등 생활 편의를 고려한 구성도 반영했다. 입지는 서울지하철 2·7호선... 구로구청과 고려대 구로병원, NC백화점, 이마트 등 생활편의시설도 인접해 있다. 분양 관계자는...",2026-10-08 11:00,https://www.bizwork.co.kr/news/articleView.html?idxno=419672,https://www.bizwork.co.kr/news/articleView.html?idxno=419672
서울대학교,bnt뉴스,‘오페라의 유령’ 40주년…윤영석·김소현 축하,서울대 성악과 출신 김소현 역시 당시 ‘크리스틴’ 역으로 뮤지컬 데뷔를 했다. 당시 한국어 프로덕션의... ‘오페라의 유령’ 40주년 스페셜 시즌은 서울 한정 공연으로 12월 22일부터 2027년 2월 28일까지 블루스퀘어...,2026-10-08 11:00,https://www.bntnews.co.kr/article/view/bnt202610080178,https://www.bntnews.co.kr/article/view/bnt202610080178
서울대학교,이투뉴스,"노일리스킨, 사춘기 피지 고민 겨냥한 '피지 클리어 효소 반달 토너패드...",노일리스킨은 서울대 연구진의 연구 노하우를 바탕으로 피지 분비가 왕성하고 트러블이 쉽게 발생하는 사춘기 피부 특성을 고려한 기초 케어 제품을 선보이고 있다. 2024년 4월 브랜드 론칭 이후 '블랙헤드 슬라임...,2026-10-08 11:00,http://www.e2news.com/news/articleView.html?idxno=334921,http://www.e2news.com/news/articleView.html?idxno=334921
서울대학교,뉴스엔,"‘美 음대 출신’ 33기 옥순, ‘나는 솔로’ 출연료 기부 “특별한 의미...","공개된 사진 속에는 서울대학교 어린이병원 후원회로부터 받은 기부증서가 담겼다. 33기 옥순은 ""촬영을 결정했던 순간부터 마음속에 담아두었던 다짐이 있었고, 제가 할 수 있는 방식으로 마음을 나누고 싶어 어린이...",2026-10-08 11:00,https://www.newsen.com/news_view.php?uid=202610081045522310,https://m.entertain.naver.com/article/609/0001176606
서울대학교,경인매일,"양주시, 연세대·성균관대 캠퍼스 투어 참가자 12일부터 모집","양주시는 올해 상반기에도 서울대학교와 경희대학교, 고려대학교에서 캠퍼스 투어를 진행했으며, 당시 학생 260명이 참여했다. 참가 대상과 모집 인원 등 세부 사항은 양주진로진학플랫폼에서 확인할 수 있다. 양주시는...",2026-10-08 10:58,https://www.kmaeil.com/news/articleView.html?idxno=653819,https://www.kmaeil.com/news/articleView.html?idxno=653819
연세대학교,경인매일,"양주시, 연세대·성균관대 캠퍼스 투어 참가자 12일부터 모집","양주시가 지역 학생들의 진로 탐색과 대학 진학 준비를 돕기 위해 연세대학교와 성균관대학교를 방문하는 캠퍼스 투어를 운영한다. 대학생 멘토와의 교류를 비롯해 전공 소개, 창업 특강 등 학생 참여형 프로그램을...",2026-10-08 10:58,https://www.kmaeil.com/news/articleView.html?idxno=653819,https://www.kmaeil.com/news/articleView.html?idxno=653819
고려대학교,경인매일,"양주시, 연세대·성균관대 캠퍼스 투어 참가자 12일부터 모집","입시자료만으로 파악하기 어려운 학과별 특성과 대학생활의 경험을 직접 듣는 과정이 학생들의 진로 판단에 도움이 될 것으로 기대된다. 양주시는 올해 상반기에도 서울대학교와 경희대학교, 고려대학교에서 캠퍼스...",2026-10-08 10:58,https://www.kmaeil.com/news/articleView.html?idxno=653819,https://www.kmaeil.com/news/articleView.html?idxno=653819
서울대학교,뉴스클레임,[미래에셋 인사 전망]① 세대교체 3년… ETF·연금·디지털자산 키운 전...,오세진은 1987년생으로 서울대 경영학과를 졸업한 뒤 바클레이즈 서울지점과 뱅크오브아메리카메릴린치 서울지점에서 일했다. 블록체인 관련 스타트업 경험을 거쳐 2019년 코빗 최고전략책임자로 합류했고 2020년...,2026-10-08 10:56,https://www.newsclaim.co.kr/news/articleView.html?idxno=3077756,https://www.newsclaim.co.kr/news/articleView.html?idxno=3077756
고려대학교,CNB저널,"성북근현대문학관,  '성북을 거닌 문인들: 근현대 작가 특강3' 개최...성...","이번 특강은 성북근현대문학관과 고려대학교 BK21국어국문학교육연구단, 국제한국언어문화연구소 HK3.0 연구단이 공동 기획한 강연 시리즈의 세 번째 프로그램이다. 성북과 인연이 있거나 성북의 시대적 풍경과 맞닿아...",2026-10-08 10:56,https://www.cnbizm.com/news/articleView.html?idxno=317443,https://www.cnbizm.com/news/articleView.html?idxno=317443
연세대학교,뉴스클레임,[미래에셋 인사 전망]① 세대교체 3년… ETF·연금·디지털자산 키운 전...,"허선호는 1969년생으로 조선대 경제학과를 졸업하고 연세대 대학원에서 경제학을 공부했다. 대우증권에서 금융상품법인영업과 전략기획을 맡았고 미래에셋증권에서는 경영지원부문대표와 혁신추진단, WM총괄을...",2026-10-08 10:56,https://www.newsclaim.co.kr/news/articleView.html?idxno=3077756,https://www.newsclaim.co.kr/news/articleView.html?idxno=3077756
연세대학교,게임포커스,"벗뷰리풀, 유튜브 채널 '션과 함께' 주관 시즌제 러닝 리그에 '츄룹 클럽...","운영 중이며 이외에도 뉴욕 음악 커뮤니티 ‘스튜디오 잼(Studio Jams)’, USC 대학 클럽, 연세대 미주·남가주 동문회와 국내 운동 커뮤니티 ‘천칼로리클럽’ 등 다양한 글로벌 커뮤니티에서 츄룹 클럽을 활용하고 있다.",2026-10-08 10:56,https://gamefocus.co.kr/detail.php?number=179658,https://gamefocus.co.kr/detail.php?number=179658
서울대학교,한국경제,"세종, 21일 자본시장·M&A 세미나…중복상장 규제 대응 방안 논의 [로앤...","8일 법조계에 따르면 세종은 오는 21일 서울 종로구 그랑서울 24층 세미나실에서 '제3회 자본시장·M&A 세미나... 첫 번째 세션에서는 정준혁 서울대 법학전문대학원 교수가 'M&A 법제도의 과거, 현재, 그리고 미래'를 주제로...",2026-10-08 10:53,https://www.hankyung.com/article/202610080474i,https://n.news.naver.com/mnews/article/015/0005340475?sid=102
고려대학교,뉴스클레임,SKT 업스테이지 독자 AI 사이버보안 협의체 출범,"정익래 고려대 정보보호대학원장, 권헌영 고려대 교수, 강석균 안랩 대표, 정삼용 시큐아이 대표, 조영철 파이오링크 대표, 이동범 지니언스 대표, 이정아 라온시큐어 대표, 김병무 SK쉴더스 부사장 . SK텔레콤 제공...",2026-10-08 10:52,https://www.newsclaim.co.kr/news/articleView.html?idxno=3077796,https://www.newsclaim.co.kr/news/articleView.html?idxno=3077796
연세대학교,뉴스핌,"차인영 시의원 ""도시 간 정책 교류, 시민이 체감하는 변화로 이어져야""","포럼은 서울AI재단 김만기 이사장의 개회사와 차인영 부위원장의 축사에 이어, 연세대학교 이정훈 교수와 프란체스코 세네세 이탈리아 나폴리 시청 국제관계대사, 알베르트 코이플라인 독일 카를스루에 부시장의...",2026-10-08 10:52,https://www.newspim.com/news/view/20261008000509,https://www.newspim.com/news/view/20261008000509
연세대학교,뉴스클레임,원주세브란스 연구팀 노보시스 활용 주상골 불유합 임상 발표,"대웅제약,시지바이오 (왼쪽부터) 연세대학교 원주의과대학 원주세브란스기독병원 정형외과 오진록 교수, 박지수 교수. 사진 제공=원주세브란스기독병원 홈페이지. 연세대학교 원주세브란스기독병원 정형외과 박지수...",2026-10-08 10:52,https://www.newsclaim.co.kr/news/articleView.html?idxno=3077810,https://www.newsclaim.co.kr/news/articleView.html?idxno=3077810
고려대학교,일간스포츠,"[단독] ‘나랏말싸미’ 조철현 감독, 오늘(8일) 암투병 끝 별세...향년 ...","빈소는 고려대 안암병원 장례식장 303호이며, 입관은 오는 9일 오후 3시다. 발인은 오는 10일 오전 7시, 장지는 서울추모공원이다. 조철현 감독은 1959년생으로 약 40년간 충무로에 몸 담으며 영화 제작자와 시나리오...",2026-10-08 10:51,https://isplus.com/article/view/isp202610080015,https://m.entertain.naver.com/article/241/0003534412
서울대학교,부산일보,‘세계문화가 창원으로’…제21회 MAMF 23일 개막,"기존 문화다양성 아이디어 공모전은 서울대학교와 공동 운영하는 ‘문화다양성 정책연구 발표 학술제’로 개편하고, 외국인근로자를 위한 찾아가는 일자리 상담 부스도 시범 운영한다. 이밖에 14개국 이주민...",2026-10-08 10:50,https://www.busan.com/view/busan/view.php?code=2026100809580655883,https://n.news.naver.com/mnews/article/082/0001401662?sid=102
연세대학교,퀸,"저소득층, 주택가격전망지수 131 '최고' … 중저가 더 오를 것으로 봐","김정식 연세대 경제학부 명예교수는 ""강남을 제외한 강북 등 서울 집값은 상승 추세를 보이고 있다""며 ""서민들은 고가 주택을 살 수 없기 때문에 중저가 주택의 가격이 오를 것으로 보는 것""이라고 말했다.",2026-10-08 10:50,http://www.queen.co.kr/news/articleView.html?idxno=464423,http://www.queen.co.kr/news/articleView.html?idxno=464423
고려대학교,MHN스포츠,"NCT WISH, 미니앨범 발매 기념 팝업 개최..상하이, 도쿄로 확산","한편, NCT WISH는 오는 10~11일 양일간 서울 고려대학교 화정체육관에서 오프라인 이벤트 ‘I SPY YOU’(아이 스파이 유)를 개최하고, 네 번째 미니앨범 ‘I SPY’는 오는 12일 오후 6시 각종 음악 사이트에서...",2026-10-08 10:50,https://mhnse.com/news/articleView.html?idxno=1579469,https://m.entertain.naver.com/article/445/0000473290
연세대학교,메디소비자뉴스,"시지바이오 '노보시스', 주상골 불유합 환자 모두 골유합",연세대학교 원주세브란스기독병원 연구팀이 시지바이오의 골대체재 '노보시스(NOVOSIS)'를 활용해 주상골 불유합을 치료한 예비 연구에서 환자 7명 모두 골유합을 확인했다. 8일 시지바이오에 따르면 이번 연구는...,2026-10-08 10:48,http://www.medisobizanews.com/news/articleView.html?idxno=142966,http://www.medisobizanews.com/news/articleView.html?idxno=142966
서울대학교,스포츠조선,"정현규, 막말·태도 논란 속 '데블스플랜3' 재등장...장동민→하석진과...","선보인 서울대 박사 출신의 구글러 현경렬, '더 타임 호텔' 우승자이자 노스웨스턴 대학 출신 브레인 존박이... 이외에도 '여고추리반'의 핵심 브레인 재재, 연예계 대표 보드게임 마니아인 18년 차 래퍼 넉살, 서울대 출신의...",2026-10-08 10:44,https://www.sportschosun.com/entertainment/2026-10-08/202610080100054750003533,https://m.entertain.naver.com/article/076/0004454249
고려대학교,비즈니스포스트,"SK텔레콤·업스테이지, 보안기업·대학 9곳과 '독자 AI 사이버보안 협의...","지난 7일 서울 중구 SKT타워에서 열린 협약식에는 SK텔레콤과 업스테이지를 비롯해 SK쉴더스, 시큐아이, 안랩, 라온시큐어, 지니언스, 파이오링크 등 보안기업 6곳과 고려대학교, 숭실대학교, 부산대학교 등 대학 3곳을...",2026-10-08 10:44,https://www.businesspost.co.kr/BP?command=article_view&num=448884,https://www.businesspost.co.kr/BP?command=article_view&num=448884
고려대학교,디지틀조선TV,"SKT·업스테이지, 11개 기관과 ‘AI 사이버보안 협의체’ 출범","협의체에는 SKT와 업스테이지를 비롯해 SK쉴더스, 시큐아이, 안랩, 라온시큐어, 지니언스, 파이오링크 등 6개 보안기업과 고려대·숭실대·부산대 등 3개 대학이 참여한다. 협의체가 활용하는 AI 모델은 SKT의 A.X K 시리즈와...",2026-10-08 10:44,https://www.dizzotv.com/site/data/html_dir/2026/10/08/2026100880054.html,https://www.dizzotv.com/site/data/html_dir/2026/10/08/2026100880054.html
서울대학교,이데일리,"장동민·홍진호·하석진…넷플릭스, '데블스 플랜3' 라인업 공개","선보인 서울대 박사 출신의 구글러 현경렬, ‘더 타임 호텔 ’ 우승자이자 노스웨스턴 대학 출신 브레인... 이외에도 ‘여고추리반’의 핵심 브레인 재재, 연예계 대표 보드게임 마니아인 18년 차 래퍼 넉살, 서울대 출신의...",2026-10-08 10:44,https://www.edaily.co.kr/News/Read?newsId=03060246645610952&mediaCodeNo=257&utm_source=naver&utm_medium=referral&utm_campaign=news_syndication&utm_content=original_article,https://m.entertain.naver.com/article/018/0006383458
연세대학교,프레스나인,시지바이오 노보시스 활용 주상골 불유합 연구서 7명 전원 골유합 확인,임상적 관찰이 보다 객관적으로 확인되고 관련 근거가 축적되기를 기대한다고 밝혔다. 연세대학교 원주의과대학 원주세브란스기독병원 정형외과 오진록 교수(왼쪽)와 박지수 교수. 사진/원주세브란스기독병원 홈페이지,2026-10-08 10:42,http://www.press9.kr/news/articleView.html?idxno=83909,http://www.press9.kr/news/articleView.html?idxno=83909
서울대학교,교수신문,"ETS TOEFL, 서울 주요 4개 대학 '2026 캠퍼스 투어' 성료…대학생 1803명 ...",2일까지 서울 소재 4개 대학에서 진행한 '2026 ETS 토플 캠퍼스 투어'를 성공적으로 마쳤다고 밝혔다. 이번 캠퍼스 투어는 ▲9월 29일 숙명여자대학교 ▲9월 30일 서울대학교 ▲10월 1일 서강대학교 ▲10월 2일...,2026-10-08 10:42,https://www.kyosu.net/news/articleView.html?idxno=211035,https://www.kyosu.net/news/articleView.html?idxno=211035
연세대학교,비즈니스코리아,"원주세브란스 연구팀, 자가골 이식 없이 손목뼈 붙여",연세대학교 원주세브란스기독병원 정형외과 박지수·오진록 교수 연구팀은 시지바이오의 골대체재 '노보시스(NOVOSIS)'를 활용해 주상골 불유합 환자 전원에서 골유합을 확인했다는 연구 결과를 발표했다. 연구팀은...,2026-10-08 10:42,https://www.businesskorea.co.kr/news/articleView.html?idxno=278463,https://www.businesskorea.co.kr/news/articleView.html?idxno=278463
고려대학교,와이드경제,"'AI 대전' 맞붙던 SKT·업스테이지, '사이버보안' 지키려 뭉쳤다","AI 모델의 성능과 안전성에 대한 독립 평가는 협의체에 참여한 대학들이 맡아 객관성을 담보한다. 고려대는 실행파일 분석과 방어력을, 숭실대는 가드레일 우회 공격 대응력을, 부산대는 경량 모델을 포함한 전반적인...",2026-10-08 10:40,https://www.widedaily.com/news/articleView.html?idxno=301805,https://www.widedaily.com/news/articleView.html?idxno=301805
서울대학교,신소재경제신문,"FITI, 공주 친환경 포장 푸드테크 생태계 조성","FITI시험연구원은 7일 공주시청 대백제실에서 공주시, 한국식품안전관리인증원, 한국포장협회, 월드푸드테크협의회, 서울대학교 식품바이오융합연구소 푸드테크센터, 국립공주대학교 산학협력단, 동원시스템즈...",2026-10-08 10:40,http://amenews.kr/news/view.php?idx=68243,http://amenews.kr/news/view.php?idx=68243
서울대학교,법률방송뉴스,"""UN은 신뢰받고 있나""... 前 ITU 아태지역대표 김은주 박사, 오늘 UN 관련...","서울대에서 석사 학위를, 영국 런던에서 ITU와 유네스코(UNESCO)를 연구해 박사 학위를 받았다. 현재 스위스에 거주하며 서울과학종합대학원대학교(aSSIST) 석좌교수로 재직 중이다. 김 박사의 저서는 ITU를 사례로 UN...",2026-10-08 10:40,https://www.lawtv.kr/news/articleView.html?idxno=61103,https://www.lawtv.kr/news/articleView.html?idxno=61103
서울대학교,한국정경신문,"코웨이, 1인 가구·주방 수요 겨냥..음식물처리기 시장 재진입",서울대학교에서 독점 이전 받은 기술을 기반으로 한국 전통 발효식품에서 추출한 미생물 5종도 적용했다. 국물과 양념 등으로 수분과 염도가 높은 국내 음식물 환경에서도 미생물이 활동할 수 있는 것이 특징이다. 이러한...,2026-10-08 10:40,https://kpenews.com/View.aspx?No=4256159,https://kpenews.com/View.aspx?No=4256159
서울대학교,매경헬스,"""잘 먹는 것도 건강""…고령층 위한 '부드러운 한 끼' 주목",분당서울대학교병원 연구에 따르면 65세 이상 고령층 3명 중 1명꼴로 연하장애가 나타나는 것으로 보고됐다. 제대로 관리하지 않으면 영양실조나 흡인성 폐렴 등 합병증 위험이 커질 수 있다. 삼킴에 어려움을 겪는 사람을...,2026-10-08 10:38,http://www.mkhealth.co.kr/news/articleView.html?idxno=80370,http://www.mkhealth.co.kr/news/articleView.html?idxno=80370
고려대학교,파이낸스투데이,"SKT·업스테이지, 독자 AI 보안 강화 맞손···11개 기관 협의체 출범","지난 7일 SKT타워에서 열린 협약식에는 SKT와 업스테이지, SK쉴더스·시큐아이·안랩·라온시큐어·지니언스·파이오링크 등 보안기업 6곳, 고려대·숭실대·부산대 등 대학 3곳이 참여했다. 협의체는 정부 '독자 AI...",2026-10-08 10:38,http://www.finomy.com/news/articleView.html?idxno=263179,http://www.finomy.com/news/articleView.html?idxno=263179
서울대학교,조선비즈,"ETS TOEFL, 서울 4개 대학서 ‘토플 캠퍼스 투어’… 1803명 참여","ETS가 서울 소재 주요 대학 4곳에서 대학생 대상 TOEFL 체험 프로그램을 성공적으로 마무리했다고 밝혔다. ETS는 지난 9월 29일부터 10월 2일까지 숙명여자대학교, 서울대학교, 서강대학교, 숭실대학교를 차례로 찾아...",2026-10-08 10:37,https://biz.chosun.com/industry/business_info/2026/10/08/DCXB4RNQIJCC5BDC4OSOMJSO3M/?utm_source=naver&utm_medium=original&utm_campaign=biz,https://n.news.naver.com/mnews/article/366/0001196870?sid=101
서울대학교,NEWSTOWN,박경리문학상 특별상 '우리이음상' 신설…첫 수상자에 번역가 안톤 허,"1981년 스웨덴 스톡홀름에서 태어난 안톤 허는 고려대학교에서 법학과 심리학을 전공했으며, 서울대학교 대학원에서 빅토리아 시대 시(Victorian poetry)를 공부했다. 2016년부터 국제적인 번역 활동을 본격적으로 이어왔고...",2026-10-08 10:36,http://www.newstown.co.kr/news/articleView.html?idxno=717973,http://www.newstown.co.kr/news/articleView.html?idxno=717973
연세대학교,오마이뉴스,"삐라를 들었던 10대, 운동에 첫사랑을 고백하다","손으로 글을 써서 가져가면 대학생 형, 누나들이 누군지 묻지도 않고 타자를 쳐서 등사기로 밀어주었다. 주로 단국대, 연세대 총학생회를 많이 갔는데 나중에 연세대학교에 최신형 등사기가 들어와서 연대 학생회관을 자주...",2026-10-08 10:36,https://www.ohmynews.com/NWS_Web/View/at_pg.aspx?CNTN_CD=A0003273534&CMPT_CD=P0010&utm_source=naver&utm_medium=newsearch&utm_campaign=naver_news,https://n.news.naver.com/mnews/article/047/0002531562?sid=102
고려대학교,NEWSTOWN,박경리문학상 특별상 '우리이음상' 신설…첫 수상자에 번역가 안톤 허,"1981년 스웨덴 스톡홀름에서 태어난 안톤 허는 고려대학교에서 법학과 심리학을 전공했으며, 서울대학교 대학원에서 빅토리아 시대 시(Victorian poetry)를 공부했다. 2016년부터 국제적인 번역 활동을 본격적으로 이어왔고...",2026-10-08 10:36,http://www.newstown.co.kr/news/articleView.html?idxno=717973,http://www.newstown.co.kr/news/articleView.html?idxno=717973
고려대학교,한스경제,SKT·업스테이지 'AI 보안 동맹' 결성…국내 보안 강자 총출동,"협의체에는 SK텔레콤과 업스테이지 외에 SK쉴더스, 시큐아이, 안랩, 라온시큐어, 지니언스, 파이오링크 등 정보보호 기업 6개사와 고려대학교, 숭실대학교, 부산대학교 등 3개 대학이 참여했다. 정부의 '독자 AI...",2026-10-08 10:36,http://www.hansbiz.co.kr/news/articleView.html?idxno=871009,http://www.hansbiz.co.kr/news/articleView.html?idxno=871009
고려대학교,인더뉴스,"SKT-업스테이지, ‘독자 AI 사이버보안 협의체’ 출범…사이버보안 영역...","7일 오후 SKT타워에서 열린 협약식에는 SKT와 업스테이지를 비롯해 SK쉴더스, 시큐아이, 안랩, 라온시큐어, 지니언스, 파이오링크 등 정보보호 기업 6개 사와 고려대학교, 숭실대학교, 부산대학교 등 대학 3개교를 포함해...",2026-10-08 10:36,https://www.inthenews.co.kr/news/article.html?no=92855,https://www.inthenews.co.kr/news/article.html?no=92855
서울대학교,톱데일리,김대헌 '믿을맨' 전진배치…호반그룹 2세 체제 전환 속도,"서울대 원자핵공학을 전공한 수석인 데다 인수합병(M&A), 사업 다각화 경력을 키우며 호반호텔앤리조트... 호반그룹이 운영하는 파주 서서울컨트리클럽(서서울CC), 이천 H1클럽 등에 집중한다는 방침이다. 사장단 인사 이후...",2026-10-08 10:36,https://www.topdaily.kr/articles/112260,https://www.topdaily.kr/articles/112260
서울대학교,조선비즈,‘화성 향남 롯데캐슬 시그니처’ 10월 분양… 1542가구 규모,"아토스터디는 2026학년도 서울대·연세대·고려대 및 의·치·한의대 합격 실적 415건, 서울 주요 10개 대학 합격 실적 1,017건을 배출한 검증된 교육 브랜드다. 여기에 YBM 어학 프로그램과 교보문고 북큐레이션 서비스...",2026-10-08 10:35,https://biz.chosun.com/industry/business_info/2026/10/08/OQ3FWWY63JFXXP2APXI5M4WP6I/?utm_source=naver&utm_medium=original&utm_campaign=biz,https://n.news.naver.com/mnews/article/366/0001196868?sid=101
연세대학교,조선비즈,‘화성 향남 롯데캐슬 시그니처’ 10월 분양… 1542가구 규모,"아토스터디는 2026학년도 서울대·연세대·고려대 및 의·치·한의대 합격 실적 415건, 서울 주요 10개 대학 합격 실적 1,017건을 배출한 검증된 교육 브랜드다. 여기에 YBM 어학 프로그램과 교보문고 북큐레이션 서비스...",2026-10-08 10:35,https://biz.chosun.com/industry/business_info/2026/10/08/OQ3FWWY63JFXXP2APXI5M4WP6I/?utm_source=naver&utm_medium=original&utm_campaign=biz,https://n.news.naver.com/mnews/article/366/0001196868?sid=101
고려대학교,조선비즈,‘화성 향남 롯데캐슬 시그니처’ 10월 분양… 1542가구 규모,"아토스터디는 2026학년도 서울대·연세대·고려대 및 의·치·한의대 합격 실적 415건, 서울 주요 10개 대학 합격 실적 1,017건을 배출한 검증된 교육 브랜드다. 여기에 YBM 어학 프로그램과 교보문고 북큐레이션 서비스...",2026-10-08 10:35,https://biz.chosun.com/industry/business_info/2026/10/08/OQ3FWWY63JFXXP2APXI5M4WP6I/?utm_source=naver&utm_medium=original&utm_campaign=biz,https://n.news.naver.com/mnews/article/366/0001196868?sid=101
고려대학교,한국면세뉴스,"SKT·업스테이지 등 11개 기관, AI 사이버보안 기술 개발 협력","사진=SK텔레콤 제공 지난 7일 서울 중구 SKT타워에서 열린 협약식에는 SKT와 업스테이지, SK쉴더스, 시큐아이, 안랩, 라온시큐어, 지니언스, 파이오링크 등 기업 8곳과 고려대학교, 숭실대학교, 부산대학교 등 대학 3곳이...",2026-10-08 10:34,http://www.kdfnews.com/news/articleView.html?idxno=189012,http://www.kdfnews.com/news/articleView.html?idxno=189012
서울대학교,전자신문,"ETS TOEFL, 서울 소재 4개 대학 '2026 ETS 토플 캠퍼스 투어' 성료",2일까지 서울 소재 4개 대학에서 진행한 '2026 ETS 토플 캠퍼스 투어'를 성공적으로 마쳤다고 밝혔다. 이번 캠퍼스 투어는 △9월 29일 숙명여자대학교 △9월 30일 서울대학교 △10월 1일 서강대학교 △10월 2일...,2026-10-08 10:33,https://www.etnews.com/20261008000120,https://n.news.naver.com/mnews/article/030/0003473409?sid=101
연세대학교,매일신문,[주목 이 책] 세균도 사랑을 아는데,"김응빈 연세대 시스템생물학과 교수가 미생물의 세계를 통해 인간의 삶과 관계를 돌아본 책 '세균도 사랑을 아는데'를 펴냈다. 책은 세균과 곰팡이, 미세조류, 장내 미생물 등 다양한 미생물의 삶을 따라가며 '함께 산다는...",2026-10-08 10:32,https://www.imaeil.com/page/view/2026100610283703876,https://n.news.naver.com/mnews/article/088/0001032967?sid=103
연세대학교,한국대학신문,"연세대 노영훈·양성욱 교수팀, 생체 안정성을 높인 DNA 나노 접착제 기...","연세대학교(총장 윤동섭) 생명시스템대학 노영훈 교수(생명공학과), 양성욱 교수(시스템생물학과)팀이 덴마크 로스킬레대, 영국 옥스퍼드대, 미국 코넬대와의 공동연구를 통해 DNA 나노 접착제(DNA Nanoglue) 기술을...",2026-10-08 10:32,https://news.unn.net/news/articleView.html?idxno=598425,https://news.unn.net/news/articleView.html?idxno=598425
고려대학교,MHN스포츠,"Mnet '스트릿 월드 파이터 : 디렉터스 워', K-댄스 열기 전국투어로 확장...","'스트릿 월드 파이터 : 디렉터스 워 [ON THE STAGE]' 전국투어는 11월 21일과 22일 서울 고려대학교 화정체육관 공연을 시작으로, 11월 28일 광주, 12월 5일 부산, 12월 13일 대전, 12월 19일 대구까지 전국 5개 도시에서 총...",2026-10-08 10:32,https://www.mhns.co.kr/news/articleView.html?idxno=763189,https://www.mhns.co.kr/news/articleView.html?idxno=763189
서울대학교,SPOCHOO,"""아, 또 잃었어""…17세가 전한 교실 속 불법 스포츠 도박, 어른들이 놓친...",17세 고교생인 백하연 리더는 지난 8월 26일 국회도서관 대강당에서 열린 '2026 청소년 도박문제 포럼'의 종합토론(좌장 김동일 서울대 교육학과 교수)에 토론자로 나서 '청소년이 바라본 대한민국의 청소년 도박 예방'을...,2026-10-08 10:31,http://www.spochoo.com/news/articleView.html?idxno=130665,https://m.sports.naver.com/general/article/529/0000078833
고려대학교,스마트경제,척박한 돌밭 일궈낸 '식물원 개척자'… 삼육대에 10억원 쾌척한 한상경...,"아침고요수목원 설립자인 한상경 회장(전 삼육대 교수, 대학원 신학과 동문)이 모교인 삼육대학교에 전달한... 서울시립대 원예학과를 졸업한 한 회장은 삼육대 대학원 신학석사, 고려대 대학원 원예학 석·박사 학위를...",2026-10-08 10:30,http://www.dailysmart.co.kr/news/articleView.html?idxno=130806,http://www.dailysmart.co.kr/news/articleView.html?idxno=130806
고려대학교,DELIGHTI,"SKT·업스테이지, AI 사이버보안 협의체 출범…11개 기관 참여","(사진=SK텔레콤) SK텔레콤과 업스테이지가 국내 정보보호 기업·대학과 손잡고 독자 인공지능(AI) 모델의... 기업과 고려대, 숭실대, 부산대 등이 참여했다. 이번 협의체는 정부의 '독자 AI 파운데이션 모델 프로젝트...",2026-10-08 10:28,https://www.delighti.co.kr/news/articleView.html?idxno=122986,https://www.delighti.co.kr/news/articleView.html?idxno=122986
서울대학교,데일리한국,[공주소식] '친환경 포장재' 푸드테크 연구지원센터 건립 추진 외,"사진=공주시 제공  공주시(시장 최원철)는 7일 시청 대백제실에서 한국식품안전관리인증원, FITI시험연구원, 한국포장협회, 공주대 산학협력단, 서울대 식품바이오융합연구소, 월드푸드테크협의회, 동원시스템즈...",2026-10-08 10:28,https://daily.hankooki.com/news/articleView.html?idxno=1413087,https://daily.hankooki.com/news/articleView.html?idxno=1413087
서울대학교,더구루,"대상그룹, 베트남 청소년 학업·예술 경연 '대상컵 2026'…'K-CSR' 결실",대상문화재단은 서울대 대학원에 입학하는 인도네시아·베트남 학생 4명에게 연 1900만~2000만원을 지원하는 '대상 아시아 장학' 사업도 운영하고 있다. 이는 베트남 사업 성장에 따른 사회공헌으로...,2026-10-08 10:28,https://www.theguru.co.kr/news/article.html?no=108032,https://www.theguru.co.kr/news/article.html?no=108032
서울대학교,매일신문,국토교통 R&D 예산 59% 수도권 쏠림…대구는 1.4% 그쳐,"가운데 서울·경기·인천에 3천328억원(59.2%)이 배정됐다. 비수도권 몫 40.8% 중 연구기관이 밀집한 대전(17.... 서울대 산학협력단이 82억6천650만원으로 가장 많았고, 상위 10곳이 받은 예산은 405억원으로 일반 대학...",2026-10-08 10:28,https://www.imaeil.com/page/view/2026100810272154600,https://n.news.naver.com/mnews/article/088/0001032961?sid=101
고려대학교,비즈워크,"SKT-업스테이지, 보안기업'·대학과 독자 AI 보안협의체' 출범","제3자 검증은 대학이 맡는다. 고려대는 실행파일 분석과 공격 방어력을, 숭실대는 보안 성능평가 기준과 가드레일 우회 공격 대응력을, 부산대는 차기 모델과 경량 모델의 성능·안전성을 검증할 예정이다. 협의체는...",2026-10-08 10:28,https://www.bizwork.co.kr/news/articleView.html?idxno=419707,https://www.bizwork.co.kr/news/articleView.html?idxno=419707
고려대학교,포스인사이트,"SKT·업스테이지, 보안 AI 협력 이어간다..11개 기관 협의체 출범","정익래 고려대 정보보호대학원장, 권헌영 고려대 교수, 강석균 안랩 대표, 정삼용 시큐아이 대표, 조영철 파이오링크 대표, 이동범 지니언스 대표, 이정아 라온시큐어 대표, 김병무 SK쉴더스 부사장 등 참석자들이...",2026-10-08 10:26,http://www.4th.kr/news/articleView.html?idxno=2119404,http://www.4th.kr/news/articleView.html?idxno=2119404
고려대학교,토요경제,"[오늘의 통신] SKT, 독자 AI 보안 적용 확대…KT ‘모두의 AI’ 실증","기업, 대학이 참여하는 ‘독자 AI 사이버보안 협의체’를 출범했다고 8일 밝혔다. 협의체에는 SKT와 업스테이지를 비롯해 SK쉴더스·시큐아이·안랩·라온시큐어·지니언스·파이오링크 등 정보보호 기업 6곳과 고려대...",2026-10-08 10:26,https://sateconomy.co.kr/news/view/1065576080255500,https://sateconomy.co.kr/news/view/1065576080255500
서울대학교,CBC뉴스,[총수家] 리사 수 AMD CEO ②ㅣ 韓 AI 생태계에 승부수…연구거점 구축부...,"과학기술정보통신부는 7일 포시즌스 호텔 서울에서 류제명 2차관과 리사 수 AMD 회장이 면담한 뒤, 국내... 또한 최근 서울대 AI연구소와의 MOU 등 산학협력 계획, 국내 AI 인프라 기업 망고부스트와의 첫 클라우드...",2026-10-08 10:24,https://www.cbci.co.kr/news/articleView.html?idxno=613431,https://www.cbci.co.kr/news/articleView.html?idxno=613431
서울대학교,텐아시아,"[공식] 막말에 태도 논란까지 터졌는데…정현규, '데블스 플랜3' 재출연...","현경렬은 구글에서 근무한 이력이 있고, 존박은 미국 노스웨스턴대학교 출신이다. 이 밖에 '여고추리반'의 재재, 래퍼 넉살, 서울대 출신 강사 이도, 싱어송라이터 스텔라장, 보드게임 대회 우승 경력을 가진 정원영이...",2026-10-08 10:23,https://www.tenasia.co.kr/article/2026100802644,https://m.entertain.naver.com/article/312/0000779162
고려대학교,뉴시스,"최강희, 키스 과외 받은 사연…""송은이·김숙한테 물어볼 순 없잖아""","고려대 졸업하고 인기로 가서 홍대 마녀로 활동하며 홍대 문화를 관찰했다. 그래서 키스신 셔츠 올리는 건 도움 받았다""고 답했다. 이를 듣던 오만석은 ""그래서 그날 셔츠 잘 올렸구나""라고 거들었다. 최강희는 키스신을...",2026-10-08 10:22,https://www.newsis.com/view/NISX20261008_0003818610,https://m.entertain.naver.com/article/003/0014240940
고려대학교,이투데이,"[스톡 브리핑] 엔시티 위시, 'I SPY' 발매 기념 팝업스토어 오픈","또 엔시티 위시는 앨범 발매에 앞서 오는 10일과 11일 서울 고려대학교 화정체육관에서 오프라인 이벤트 ‘I SPY YOU’를 개최하고, 현장에서 새 앨범 MD 일부를 최초 공개 및 판매할 예정이다. 한편 엔시티 위시의...",2026-10-08 10:20,https://enter.etoday.co.kr/news/view/303435,https://enter.etoday.co.kr/news/view/303435
고려대학교,이코노뉴스,"SKT·업스테이지, '독자 AI 사이버보안 협의체' 출범…11개 기관 참여","지난 7일 SKT타워에서 열린 협약식에는 SKT와 업스테이지를 비롯해 SK쉴더스, 시큐아이, 안랩, 라온시큐어, 지니언스, 파이오링크 등 정보보호 기업 6개사와 고려대학교, 숭실대학교, 부산대학교 등 대학 3개교가...",2026-10-08 10:20,http://www.econonews.co.kr/news/articleView.html?idxno=445440,http://www.econonews.co.kr/news/articleView.html?idxno=445440
고려대학교,라포르시안,"케이메디허브, '유전자·후성유전체·RNA 편집기술 성과교류회' 개최",이날 행사는 남진우 한양대학교 교수가 좌장을 맡은 가운데 정성원 한국연구재단 단장의 축사로 시작됐다. 이어 ▲조작된 고정밀 FnCas9을 활용한 cfDNA 내 저빈도 돌연변이 탐지 초고감도 분석법(허준석 고려대 교수)...,2026-10-08 10:20,https://www.rapportian.com/news/articleView.html?idxno=241067,https://www.rapportian.com/news/articleView.html?idxno=241067
고려대학교,MHN스포츠,"""상대 배우 6명, 실제로 키스""...'49세' 최강희, 파격 연기→과외까지 ""...","또 ""오지은 씨가 대치동 출신에 고려대를 졸업한 분이다. 홍대의 인디 문화를 많이 관찰한 분""이라며 ""키스신에서 셔츠를 올리는 데 도움을 많이 받았다""고 밝혔다. 키스신 상대 배우가 여러 명이라는 점도 공개했다....",2026-10-08 10:20,https://mhnse.com/news/articleView.html?idxno=1579398,https://m.entertain.naver.com/article/445/0000473276
서울대학교,라포르시안,"케이메디허브, '유전자·후성유전체·RNA 편집기술 성과교류회' 개최",(이동성 서울대 교수) ▲Type III-E CRISPR 이펙터 복합체 기반 고효율 RNA 스크리닝 및 진단 플랫폼(김성철 포항공대 교수) ▲RNA 치료제를 위한 고용량 RNA 전달 및 EV 생성 RNA 나노모듈(이종범 서울시립대 교수) 등 핵심...,2026-10-08 10:20,https://www.rapportian.com/news/articleView.html?idxno=241067,https://www.rapportian.com/news/articleView.html?idxno=241067
서울대학교,국제뉴스,"영종구, 조피볼락 용유·무의 해역 방류…수산자원 회복","방류된 조피볼락은 전장 6cm 이상 10cm 미만의 크기로, 서울대학교 농생명과학공동기기원의 유전자분석과 국립수산물품질관리원의 전염병 검사를 거친 건강한 종자다. 앞으로 일정 기간 동안 특정 어구 사용을 제한하고...",2026-10-08 10:20,https://www.gukjenews.com/news/articleView.html?idxno=3715990,https://www.gukjenews.com/news/articleView.html?idxno=3715990
고려대학교,뉴스락,"SKT, 업스테이지와 '독자 AI 사이버보안 협의체' 출범",지난 7일 SKT타워에서 열린 협약식에는 SKT와 업스테이지를 비롯해 SK쉴더스·시큐아이·안랩·라온시큐어·지니언스·파이오링크 등 정보보호 기업 6곳과 고려대학교·숭실대학교·부산대학교 등 대학 3곳이 참여했다....,2026-10-08 10:20,http://www.newslock.co.kr/news/articleView.html?idxno=137623,http://www.newslock.co.kr/news/articleView.html?idxno=137623
연세대학교,디스커버리뉴스,"차인영 서울시의회 주택공간부위원장, '2026 글로벌 CDO 포럼'서 축사…...","이어 연세대학교 이정훈 교수, 프란체스코 세네세 이탈리아 나폴리 시청 국제관계대사, 알베르트 코이플라인 독일 카를스루에 부시장의 기조연설이 진행됐다. 아울러 중국 베이징, 캐나다 몬트리올, 에스토니아 타르투...",2026-10-08 10:20,https://www.discoverynews.kr/news/articleView.html?idxno=1103572,https://www.discoverynews.kr/news/articleView.html?idxno=1103572
고려대학교,조선일보,미세먼지 말고… 뇌졸중 재발 위험 높이는 ‘아황산가스’,"고려대 구로병원 신경과 이건주 교수, 순천향대 의료IT공학과 황정은 교수, 분당서울대병원 신경과 김성은... 때 고려할 필요가 있음을 보여준다”고 말했다. 이어 “환자들은 기존의 이차예방 치료를 충실히...",2026-10-08 10:19,https://health.chosun.com/site/data/html_dir/2026/10/08/2026100801178.html,https://n.news.naver.com/mnews/article/346/0000117068?sid=103
고려대학교,아시아타임즈,"SKT·업스테이지, 11개 기관과 ‘독자 AI 보안’ 생태계 구축","7일 SKT타워에서 열린 협약식에는 SKT와 업스테이지를 비롯해 SK쉴더스, 시큐아이, 안랩, 라온시큐어, 지니언스, 파이오링크 등 정보보호 기업 6개사와 고려대학교, 숭실대학교, 부산대학교 등 대학 3개교를 포함해 총...",2026-10-08 10:18,https://www.asiatime.co.kr/article/20261008500085,https://www.asiatime.co.kr/article/20261008500085
고려대학교,SR타임스,"SKT·업스테이지 '독파모', 사이버보안 확장 나선다","보안기업·대학 합류 '독자 AI 사이버보안 협의체' 출범 SK텔레콤가 '독자 AI 사이버보안 협의체'를 출범했다.... 6개사와 고려대, 숭실대, 부산대 등 3개교를 포함한 총 11개 기관이 참여했다. 이번 협약은 정부의 '독파모...",2026-10-08 10:18,http://www.srtimes.kr/news/articleView.html?idxno=214268,http://www.srtimes.kr/news/articleView.html?idxno=214268
고려대학교,베리타스알파,고려대 김동훈 교수팀 '광물 구조 변화 압력 지속 시간에도 좌우' 규명...,"고려대 김동훈 지구환경과학과 교수 연구팀이 미국 카네기과학연구소(Carnegie Institution for Science)와... 연구는 과학기술정보통신부/한국연구재단, 고려대, 미국 카네기과학연구소의 Carnegie Fellowship 지원으로...",2026-10-08 10:18,https://www.veritas-a.com/news/articleView.html?idxno=631052,https://www.veritas-a.com/news/articleView.html?idxno=631052
고려대학교,디지털데일리,국산 AI에 보안 현장 데이터 입힌다…SKT·업스테이지 협의체 출범,"대학들은 제3자 입장에서 검증을 맡는다. 고려대는 AI의 실행파일 분석 능력과 공격 방어력을, 숭실대는 보안 성능 평가 기준과 가드레일 우회 공격 대응력을, 부산대는 차기 모델과 경량 모델의 성능·안전성을...",2026-10-08 10:17,https://www.ddaily.co.kr/page/view/2026100810145775667,https://n.news.naver.com/mnews/article/138/0002244094?sid=105
고려대학교,테크월드뉴스,"SKT-업스테이지, 국내 보안기업·대학과 AI 보안 기술 협력 추진","구체적으로 정보보호기업은 SK쉴더스, 시큐아이, 안랩, 라온시큐어, 지니언스, 파이오링크 등 6개사가 참여하고 국내 대학으로는 고려대학교, 숭실대학교, 부산대학교 등 3개교에서 참여한다. 이번 협약은 정부의 '독자...",2026-10-08 10:16,https://www.epnc.co.kr/news/articleView.html?idxno=407940,https://www.epnc.co.kr/news/articleView.html?idxno=407940
고려대학교,bnt뉴스,"엔시티 위시, 신보 발매 기념 팝업 오픈","더불어 NCT WISH는 앨범 발매에 앞서 10월 10~11일 양일간 서울 고려대학교 화정체육관에서 오프라인 이벤트 ‘I SPY YOU’(아이 스파이 유)를 개최하며, 현장에서는 새 앨범 MD 일부를 최초 공개하고 판매할...",2026-10-08 10:16,https://www.bntnews.co.kr/article/view/bnt202610080154,https://www.bntnews.co.kr/article/view/bnt202610080154
고려대학교,텐아시아,"최강희, 키스 과외 받았다…""낯선 남자 등줄기 만지게 될 것 같다고""","최강희는 ""안나가 귀족인데, 오지은 씨가 대치동 출신에 고려대를 졸업해 학벌도 좋다. 그런데 모든 걸 버리고 인디로 갔다. 홍대 마녀로 활동하면서 홍대 인디의 문화를 눈으로 관찰한 분이다""고 답했다. 이어 ""키스신에서...",2026-10-08 10:15,https://www.tenasia.co.kr/article/2026100802024,https://m.entertain.naver.com/article/312/0000779161
연세대학교,여성경제신문,"[김공필 칼럼] 혈액으로 암 진단, 어디까지 와 있나","김공필 의학저널리스트 연세대학교 정치외교학과를 졸업했고, 조선일보 출판국 기자, 조선일보 행복플러스 섹션 편집장, 월간  편집장, ㈜헬스조선 취재본부장을 지냈다. 현재 의학저널리스트로 활동...",2026-10-08 10:14,https://www.womaneconomy.co.kr/news/articleView.html?idxno=259470,https://www.womaneconomy.co.kr/news/articleView.html?idxno=259470
고려대학교,톱스타뉴스,"NCT WISH, 성수 팝업 'WISH LAND'로 미니 4집 세계관 확장",NCT WISH는 앨범 발매에 앞서 10월 10일부터 11일까지 이틀 동안 서울 고려대학교 화정체육관에서 오프라인 이벤트 'I SPY YOU'를 연다. 이 자리에서는 네 번째 미니앨범 관련 MD 일부를 처음 선보이고 현장에서...,2026-10-08 10:14,https://www.topstarnews.net/news/articleView.html?idxno=16241475,https://www.topstarnews.net/news/articleView.html?idxno=16241475
고려대학교,M이코노미뉴스,"SKT·업스테이지, 안랩 등 6개 보안사와 맞손... 'AI 사이버보안 연합' 출...","SK텔레콤은 8일 업스테이지, 보안 전문기업 6개사, 대학 3개교와 함께 '독자 AI 사이버보안 협의체'를... 보안기업과 고려대, 숭실대, 부산대 등 총 11개 기관이 참여했다. 협의체는 보안 현장에서 발생하는 대규모 원천...",2026-10-08 10:12,https://www.meconomynews.com/news/articleView.html?idxno=202340,https://www.meconomynews.com/news/articleView.html?idxno=202340
고려대학교,팝콘뉴스,"고려대 김동훈 교수 연구팀, 지구 광물 변화의 '시간 효과' 확인","고려대학교(총장 김동원)는 지구환경과학과 김동훈 교수 연구팀이 미국 카네기과학연구소(Carnegie... 한편, 과학기술정보통신부와 한국연구재단, 고려대학교 및 미국 카네기과학연구소의 Carnegie Fellowship 지원을...",2026-10-08 10:12,http://www.popcornnews.net/news/articleView.html?idxno=135339,http://www.popcornnews.net/news/articleView.html?idxno=135339
고려대학교,스타뉴스,"NCT WISH, 성수동에 팝업 연다..외벽 대형 랩핑부터 포토존까지","더불어 NCT WISH는 앨범 발매에 앞서 10~11일 양일간 서울 고려대학교 화정체육관에서 오프라인 이벤트 'I SPY YOU'(아이 스파이 유)를 개최하며, 현장에서는 새 앨범 MD 일부를 최초 공개하고 판매할 계획이다. 'I...",2026-10-08 10:11,https://www.starnewskorea.com/music/2026/10/08/2026100810031534192,https://m.entertain.naver.com/article/108/0003477055
고려대학교,한국대학신문,"아침고요수목원 한상경 회장, 삼육대 누적 기부 10억 원","삼육대학교(총장 제해종)는 아침고요수목원 설립자인 한상경 회장(삼육대 전 교수·대학원 신학과 동문)의... 한 회장은 서울시립대 원예학과를 졸업하고 삼육대 대학원 신학과에서 신학석사, 고려대 대학원에서...",2026-10-08 10:10,https://news.unn.net/news/articleView.html?idxno=598420,https://news.unn.net/news/articleView.html?idxno=598420
서울대학교,인사이트,AI 안경 쓰고 수능 부정행위하면 2년 응시 금지... 교육부 적발 매뉴얼 ...,최 장관은 '서울대 10개 만들기' 사업 확대 계획도 공개했다. 그는 중점 지원 대상 추가 선정 여부를 묻는... 밝혔다.서울대 10개 만들기는 거점국립대를 서울대 수준 경쟁력을 갖춘 대학으로 육성하기 위해 대규모 예산을...,2026-10-08 10:10,https://www.insight.co.kr/news/576979,https://www.insight.co.kr/news/576979
연세대학교,헤럴드경제,"동탄 있는 화성, 전세는 4건 중 1건…경기까지 월세화 가속 [부동산360]","고준석 연세대 상남경영원 교수는 “경기도 내에서도 토지거래허가구역이 확대 지정되고, 비거주 1주택자에 대한 과세 강화, 등록임대사업자 말소에 따른 혜택 축소 등 여러 요인이 전세 매물을 줄어들게 하고 있다”...",2026-10-08 10:09,https://biz.heraldcorp.com/article/10896611?ref=naver,https://n.news.naver.com/mnews/article/016/0002706859?sid=101
서울대학교,고양신문,"AI가 답하는 시대, 질문하는 힘 키운다","오는 21일에는 오승용 KBS PD가 'AI 시대의 시민성'을 주제로, 11월 4일에는 고학수 서울대 법학전문대학원 교수가 'AI 시대의 공정성'을 주제로 각각 초청 강연을 진행한다. 이어 12월에는 진로별 심화 토론을 거쳐 교내...",2026-10-08 10:08,http://www.mygoyang.com/news/articleView.html?idxno=90639,http://www.mygoyang.com/news/articleView.html?idxno=90639
고려대학교,뉴스퀘스트,"SK텔레콤·업스테이지·6개 보안사·3개 대학, AI 사이버보안 협의체 출...","이번 협의체에는 SK텔레콤, 업스테이지, SK쉴더스, 시큐아이, 안랩, 라온시큐어, 지니언스, 파이오링크 등 6개 정보보호 기업과 고려대학교, 숭실대학교, 부산대학교 등 3개 대학이 참여해 총 11개 기관이 힘을 모았다....",2026-10-08 10:08,https://www.newsquest.co.kr/news/articleView.html?idxno=302287,https://www.newsquest.co.kr/news/articleView.html?idxno=302287
서울대학교,데일리팝,"건설업계, 다음 경쟁력은 '공간의 진화'…주택 공급부터 데이터센터·SM...","GS건설은 서울에너지공사와 서울시 정비사업지를 대상으로 지역난방과 태양광·지열·수열 등 저탄소... HD한국조선해양, 한국전력기술, 현대건설, 한국선급, UNIST, 서울대, KAIST 등이 참여해 시험설비와 연구 인프라를...",2026-10-08 10:06,http://www.dailypop.kr/news/articleView.html?idxno=103181,http://www.dailypop.kr/news/articleView.html?idxno=103181
연세대학교,연합뉴스,"""가족돌봄아동 지원""…아시아 첫 '영케어러 위크' 23∼29일 개최","29일에는 연세대에서 영케어러 위크 기념행사가 열린다. 30일에는 국회의원회관에서 정책토론회 '위기아동·청년법 시행 이후, 무엇이 달라졌는가'가 예정돼 있다. 이번 행사는 보건복지부 후원으로 진행된다. 밴드...",2026-10-08 10:06,https://www.yna.co.kr/view/AKR20261008057700371?input=1195m,https://n.news.naver.com/mnews/article/001/0016364989?sid=102
고려대학교,국세신문,"국세청 고위공무원 총 36명 …'71년생, 영남권·행시·고려대 출신' 가장...","출신대학은 고려대 출신이 12명으로 최다이고, 서울대 6명, 서강대 5명, 연세대 4명, 한양대와 세무대 각 2명, 성균관대·부산대·경북대·강원대·명지대 각 1명 순이다. 한편 국세청 차장 및 7개 지방국세청장 자리를...",2026-10-08 10:04,http://www.intn.co.kr/news/articleView.html?idxno=2053898,http://www.intn.co.kr/news/articleView.html?idxno=2053898
고려대학교,싱글리스트,"NCT WISH, 성수에 '위시랜드' 팝업 연다…상하이·도쿄까지 글로벌 확장",NCT WISH는 오는 10일과 11일 서울 고려대학교 화정체육관에서 'I SPY YOU'를 개최한다. 현장에서는 새 앨범 관련 MD 일부가 처음 공개되며 판매도 함께 진행될 예정이다. 한편 NCT WISH의 네 번째 미니앨범 'I SPY'는...,2026-10-08 10:04,https://www.slist.kr/news/articleView.html?idxno=771951,https://www.slist.kr/news/articleView.html?idxno=771951
서울대학교,국세신문,"국세청 고위공무원 총 36명 …'71년생, 영남권·행시·고려대 출신' 가장...","서울대 6명, 서강대 5명, 연세대 4명, 한양대와 세무대 각 2명, 성균관대·부산대·경북대·강원대·명지대 각 1명 순이다. 한편 국세청 차장 및 7개 지방국세청장 자리를 살펴보면,  호남 출신이 3명으로 가장 많고 서울...",2026-10-08 10:04,http://www.intn.co.kr/news/articleView.html?idxno=2053898,http://www.intn.co.kr/news/articleView.html?idxno=2053898
서울대학교,아시아경제,"법무법인 세종, 제3회 '자본시장·M&A 세미나' 개최","법무법인 세종이 오는 21일 서울 종로구 세종 그랑서울 세미나실에서 제3회 자본시장·M&A 세미나를 온... 세미나는 장재영 대표변호사(사법연수원 29기)의 개회사로 시작되며, 정준혁 서울대학교 법학전문대학원 교수와...",2026-10-08 10:04,https://view.asiae.co.kr/article/2026100810040363200,https://n.news.naver.com/mnews/article/277/0005826144?sid=102
고려대학교,스마트경제,"고려대, 270만 기압 짓눌러도 '멀쩡'… 10억 분의 1초가 만든 지구과학계...","고려대학교(총장 김동원)는 김동훈 지구환경과학과 교수 연구진이 미국 카네기과학연구소와의 협업을 통해... 연구를 이끈 김동훈 고려대 지구환경과학과 교수는 ""압력의 강도가 아무리 세더라도 작용 시간이 짧으면...",2026-10-08 10:04,http://www.dailysmart.co.kr/news/articleView.html?idxno=130794,http://www.dailysmart.co.kr/news/articleView.html?idxno=130794
고려대학교,전자신문,"SKT·업스테이지, 보안기업 6곳과 AI 사이버보안 협의체 출범","레드티밍에서 대학들은 독립적인 평가를 담당한다. 고려대는 실행 파일 분석과 공격 방어 능력을, 숭실대는 보안 성능과 안전장치 우회 공격 대응력을 검증한다. 부산대는 차기 모델과 경량 모델의 성능·안전성을...",2026-10-08 10:04,https://www.etnews.com/20261008000073,https://n.news.naver.com/mnews/article/030/0003473368?sid=105
연세대학교,국세신문,"국세청 고위공무원 총 36명 …'71년생, 영남권·행시·고려대 출신' 가장...","출신대학은 고려대 출신이 12명으로 최다이고, 서울대 6명, 서강대 5명, 연세대 4명, 한양대와 세무대 각 2명, 성균관대·부산대·경북대·강원대·명지대 각 1명 순이다. 한편 국세청 차장 및 7개 지방국세청장 자리를...",2026-10-08 10:04,http://www.intn.co.kr/news/articleView.html?idxno=2053898,http://www.intn.co.kr/news/articleView.html?idxno=2053898
서울대학교,이데일리,"ETS TOEFL, 서울 주요 4개 대학 ‘2026 캠퍼스 투어’ 성료","글로벌 교육 및 평가 기관 ETS의 TOEFL이 9월 29일부터 10월 2일까지 서울 소재 4개 대학에서 ‘2026 ETS 토플 캠퍼스 투어’를 진행했다고 8일 밝혔다. 이번 캠퍼스 투어는 9월 29일 숙명여자대학교, 9월 30일 서울대학...",2026-10-08 10:03,https://www.edaily.co.kr/News/Read?newsId=02906086645610952&mediaCodeNo=257&utm_source=naver&utm_medium=referral&utm_campaign=news_syndication&utm_content=original_article,https://n.news.naver.com/mnews/article/018/0006383417?sid=102
서울대학교,이데일리,서울 공립 유·초·특수교사 임용 경쟁률 4.7대 1…전년과 유사,서울시교육청의 2027학년도 공립 유치원·초등학교·특수학교 교사 임용시험 경쟁률이 평균 4.7대 1을... 이 가운데 서울대학교사범대학부설초등학교는 2명 선발에 141명이 지원해 70.50대 1을 기록했다. 사립학교는...,2026-10-08 10:02,https://www.edaily.co.kr/News/Read?newsId=02899526645610952&mediaCodeNo=257&utm_source=naver&utm_medium=referral&utm_campaign=news_syndication&utm_content=original_article,https://n.news.naver.com/mnews/article/018/0006383415?sid=102
서울대학교,SBS,"'한국 초연 크리스틴' 김소현 ""'오페라의 유령', 내 인생 바꾼 작품…40...",서울대 성악과 출신인 김소현은 이 무대에서 크리스틴 역으로 뮤지컬에 데뷔했다. 윤영석은 이후 모든... '오페라의 유령' 40주년 스페셜 시즌은 오는 12월 22일부터 2027년 2월 28일까지 서울 블루스퀘어 우리은행홀에서...,2026-10-08 10:02,https://ent.sbs.co.kr/news/article.do?article_id=E10010323045&plink=ORI&cooper=NAVER,https://m.entertain.naver.com/article/416/0000327228
연세대학교,데일리한국,"차인영 서울시의원, '2026 글로벌 CDO 포럼' 참석","김만기 서울AI재단 이사장의 개회사에 이어 차 부위원장이 축사했으며 이정훈 연세대학교 교수, 프란체스코 세네세 나폴리시 국제관계대사, 알베르트 코이플라인 카를스루에 부시장 등이 기조연설에 나섰다. 차...",2026-10-08 10:02,https://daily.hankooki.com/news/articleView.html?idxno=1413060,https://daily.hankooki.com/news/articleView.html?idxno=1413060
고려대학교,국제뉴스,"성북근현대문학관, 21일부터 '성북을 거닌 문인들: 근현대 작가 특강3' ...","이번 특강은 성북근현대문학관이 고려대학교 BK21국어국문학교육연구단, 국제한국언어문화연구소 HK3.0 연구단과 함께 기획한 강연 시리즈의 세 번째 프로그램이다. 성북과 인연이 있거나 성북의 시대적 풍경과 맞닿아...",2026-10-08 10:02,https://www.gukjenews.com/news/articleView.html?idxno=3715961,https://www.gukjenews.com/news/articleView.html?idxno=3715961
서울대학교,파이낸셜뉴스,서울 유치원 교사 임용 경쟁률 16.4대 1… 초등은 2.9대 1,서울 공립 유치원 교사 임용시험 경쟁률이 16.44대 1로 높아졌다. 선발 인원은 5명 줄었지만 지원자는... 특히 서울대학교사범대학부설초등학교는 2명 선발에 141명이 지원해 70.50대 1을 기록했다. 사립학교...,2026-10-08 10:01,https://www.fnnews.com/news/202610080943175850,https://n.news.naver.com/mnews/article/014/0005586590?sid=102
고려대학교,아이티데일리,"SKT·업스테이지, 독자 AI 보안 역량 키운다…11개 기관 협의체 출범","(사진: SKT) 이번 협의체에는 업스테이지를 비롯해 SK쉴더스, 시큐아이, 안랩, 라온시큐어, 지니언스, 파이오링크 등 정보보호 기업 6개사와 고려대학교, 숭실대학교, 부산대학교 등 3개 대학을 포함해 총 11개 기관이...",2026-10-08 10:00,https://www.itdaily.kr/news/articleView.html?idxno=242078,https://www.itdaily.kr/news/articleView.html?idxno=242078
고려대학교,CNB저널,"SK텔레콤·업스테이지, '독자 AI 사이버보안 협의체' 출범","SK텔레콤은 8일 업스테이지를 비롯해 SK쉴더스, 시큐아이, 안랩, 라온시큐어, 지니언스, 파이오링크 등 정보보호 기업 6곳과 고려대학교, 숭실대학교, 부산대학교 등 대학 3곳이 참여하는 협의체를 출범했다고 밝혔다....",2026-10-08 10:00,https://www.cnbizm.com/news/articleView.html?idxno=317434,https://www.cnbizm.com/news/articleView.html?idxno=317434
고려대학교,KOREAITTIMES,".SKT, 국산 AI에 보안 현장 데이터 입힌다… 'AI 사이버보안' 연합 출범","이번 협력에는 SK텔레콤과 업스테이지를 비롯해 SK쉴더스, 시큐아이, 안랩, 라온시큐어, 지니언스, 파이오링크 등 정보보호 기업 6곳과 고려대학교, 숭실대학교, 부산대학교 등 3개 대학이 참여한다. 모두 11개 기관이...",2026-10-08 10:00,https://www.koreaittimes.com/news/articleView.html?idxno=157927,https://www.koreaittimes.com/news/articleView.html?idxno=157927
고려대학교,스포츠동아,‘스디파’ 전국투어 예매 오픈… 게스트 누군데?,"‘스트릿 월드 파이터 : 디렉터스 워 [ON THE STAGE]’ 전국투어는 11월 21일과 22일 서울 고려대학교 화정체육관에서 막을 올린다. 이어 11월 28일 광주, 12월 5일 부산, 12월 13일 대전, 12월 19일 대구에서 공연을...",2026-10-08 10:00,https://sports.donga.com/ent/article/all/20261008/134807505/1,https://m.entertain.naver.com/article/382/0001297923
연세대학교,오피니언뉴스,"[김창덕의 미래항공교통] 日, 빌딩 옥상이착륙장 버티포트로 활용 검토...","연세대학교 공과대학 공학연구원 교수, 동대학원 산학협력원 부원장을 거쳐 현재 남서울대학교 대학원 빅데이터콘텐츠융합학과 교수로 재직 중이다. 저서로는 'UAM(도심항공교통) AAM(첨단항공교통) 과학기술과 운용'이...",2026-10-08 10:00,http://www.opinionnews.co.kr/news/articleView.html?idxno=145389,http://www.opinionnews.co.kr/news/articleView.html?idxno=145389
서울대학교,TV리포트,장동민·홍진호→하석진까지 모였다…'데블스 플랜3' 초호화 라인업 '눈...,"출연자이자 서울대 박사 출신 구글러 현경렬, '더 타임 호텔' 우승자 존박도 합류한다. 여기에 '여고추리반'의 재재, 보드게임 마니아 넉살, 서울대 출신 스타 강사 이도, 싱어송라이터 스텔라장, 각종 보드게임 대회에서...",2026-10-08 10:00,https://www.tvreport.co.kr/broadcast/article/1081502/,https://m.entertain.naver.com/article/213/0001403903
서울대학교,아시아경제,내년 서울 초등교사 임용경쟁률 3대1 밑으로…유치원·특수학급은 상승,2027학년도 서울 공립 초등학교 임용시험 경쟁률이 지난해 3.29대 1에서 올해 2.91대 1로 소폭 낮아졌다.... 특히 서울대 사범대학 부설초등학교는 2명 선발에 141명이 지원해 70.50대 1의 경쟁률을 기록했다....,2026-10-08 10:00,https://view.asiae.co.kr/article/2026100809222113478,https://n.news.naver.com/mnews/article/277/0005826140?sid=102
서울대학교,뉴스1,서울 공립 유·초·특수교사 임용 경쟁률 4.70대 1…전년과 비슷,내년 서울 공립 유치원·초등학교·특수학교(유치원·초등) 교사 임용 경쟁률이 4.70대 1로 전년과 비슷한... 특히 서울대학교사범대학부설초등학교는 2명 선발에 141명이 지원해 70.50대 1의 경쟁률을 보였다. 초등...,2026-10-08 10:00,https://www.news1.kr/society/education/6313483,https://n.news.naver.com/mnews/article/421/0009216577?sid=102
서울대학교,뉴스핌,서울대 부설초 교사 경쟁률 70.5대 1…서울 공립 임용은 4.7대 1,2027학년도 서울 지역 교사 임용시험 원서접수 결과 서울대학교사범대학부설초등학교의 경쟁률이 70.5대 1을 기록했다. 공립 유치원·초등학교·특수학교는 지원자가 지난해보다 23.4% 늘었지만 선발 규모도...,2026-10-08 10:00,https://www.newspim.com/news/view/20261007001263,https://www.newspim.com/news/view/20261007001263
서울대학교,뉴데일리경제,공립 '동시지원' 빗장 풀린 서울사대부초 임용 경쟁률 70.5대1 '급증' …...,"뉴데일리 임정환 기자 = 서울시교육청은 2027학년도 공립(국·사립) 유치원·초등학교·특수학교(유치원·초등) 교사 임용후보자 선정경쟁시험 응시원서 접수 결과, 국립 서울대학교사범대학부설초등학교(서울사...",2026-10-08 10:00,https://biz.newdaily.co.kr/site/data/html/2026/10/08/2026100800005.html,https://biz.newdaily.co.kr/site/data/html/2026/10/08/2026100800005.html
서울대학교,천지일보,서울 공립 유·초·특수교사 임용 경쟁률 4.70대1,2027학년도 서울 공립 유치원·초등학교·특수학교(유치원·초등) 교사 임용시험 원서 접수 결과 370명... 특히 서울대학교사범대학부설초등학교는 2명 선발에 141명이 몰려 경쟁률이 70.50대1에 달했다....,2026-10-08 10:00,https://www.newscj.com/news/articleView.html?idxno=3438606,https://www.newscj.com/news/articleView.html?idxno=3438606
서울대학교,뉴시스,서울 공립 유·초 임용 경쟁률 4.70대 1…총 370명 선발,내년도 서울 지역 공립 유치원·초등학교·특수교사 임용시험 지원자가 올해보다 23%가량 늘었지만... 서울대학교사범대학부설초등학교는 2명 선발에 141명이 몰려 경쟁률이 70.50대 1에 달했다. 사립학교는 17명...,2026-10-08 10:00,https://www.newsis.com/view/NISX20261008_0003818452,https://n.news.naver.com/mnews/article/003/0014240851?sid=102
서울대학교,이투데이,서울 공립 유·초·특수교사 지원자 23% 늘어⋯경쟁률은 4.70대 1,92대 1 서울 지역 2027학년도 공립 유치원·초등학교·특수학교 교사 임용시험에 1739명이 지원해 평균 4.... 특히 서울대학교사범대학부설초등학교에는 2명 선발에 141명이 몰리면서 70.50대 1의 높은 경쟁률을...,2026-10-08 10:00,https://www.etoday.co.kr/news/view/2633505,https://www.etoday.co.kr/news/view/2633505
서울대학교,데일리안,"장동민·홍진호→하석진, 두뇌 서바이벌 꿈의 라인업 완성한 '데블스 플...","슈퍼주니어 신동,서울대 박사 출신의 구글러 현경렬, '더 타임 호텔' 우승자인 존박도 가세해 밀도 높은 심리전을 예고한다. 이외에도 래퍼 넉살, 서울대 출신의 스타 강사 이도, 싱어송라이터 스텔라장, 사내 서바이벌을...",2026-10-08 09:59,https://www.dailian.co.kr/news/view/1699242/?sc=Naver,https://m.entertain.naver.com/article/119/0003140751
연세대학교,에듀동아,"연세대 국어국문학과, '채식주의자' 번역가 데보라 스미스 초청","연세대학교 국어국문학과 BK21 교육연구단(단장 조태린)은 10월 9일(금) 연세대 윤동주기념관에서 한국문학 번역가 데보라 스미스(Deborah Smith)를 초청해 ""Translation as Political Education"" 을 주제로 초청 강연을 개최한다....",2026-10-08 09:58,https://edu.donga.com/news/articleView.html?idxno=112613,https://edu.donga.com/news/articleView.html?idxno=112613
고려대학교,팝콘뉴스,"아침고요수목원 한상경 회장, 삼육대에 누적 기부액 10억 달성","신학석사를, 고려대 대학원에서 원예학 석·박사 학위를 취득했다. 1979년부터 2004년까지 삼육대 원예학과(현 환경디자인원예학과) 교수로 재직하며 후학을 양성했다. 그는 ""초창기 대학 교수가 사재를 털어 수목원을...",2026-10-08 09:58,http://www.popcornnews.net/news/articleView.html?idxno=135329,http://www.popcornnews.net/news/articleView.html?idxno=135329
고려대학교,넥스트데일리,"SKT·업스테이지, 정보보호 기업·대학과 '독자 AI 사이버보안 협의체' ...","SKT와 업스테이지 외에 SK쉴더스, 시큐아이, 안랩, 라온시큐어, 지니언스, 파이오링크 등 보안기업 6곳과 고려대, 숭실대, 부산대 등 대학 3곳까지 모두 11개 기관이 이름을 올렸다. 이번 협력은 정부의 독자 AI 파운데이션...",2026-10-08 09:56,https://www.nextdaily.co.kr/news/articleView.html?idxno=253669,https://www.nextdaily.co.kr/news/articleView.html?idxno=253669
고려대학교,비즈워치,"SKT·업스테이지, '독자 AI 사이버보안 협의체' 출범","SK텔레콤(SKT)과 업스테이지는 국내 주요 정보보호 기업, 대학과 함께 '독자 인공지능(AI) 사이버보안 협의체... 6개사와 고려대와 숭실대, 부산대 등 11개 기관이 참여했다. 이번 협약은 정부의 '독자 AI 파운데이션 모델...",2026-10-08 09:56,https://news.bizwatch.co.kr/article/mobile/2026/10/08/0010,https://n.news.naver.com/mnews/article/648/0000051425?sid=101
서울대학교,매일경제,"장동민 홍진호→정현규, ‘데블스 플랜3’ 최강 라인업 완성","선보인 서울대 박사 출신의 구글러 현경렬, ‘더 타임 호텔’ 우승자이자 노스웨스턴 대학 출신 브레인 존박이 가세한다. ‘여고추리반’의 핵심 브레인 재재, 연예계 대표 보드게임 마니아인 18년 차 래퍼 넉살, 서울대...",2026-10-08 09:56,https://www.mk.co.kr/article/12171175,https://m.entertain.naver.com/article/009/0005745740
고려대학교,파이낸셜포스트,"SKT, 'AI 사이버보안 원팀' 결성…11개 기관 협의체 본격 가동","협의체에는 AI 기업 업스테이지 외에 SK쉴더스·안랩·시큐아이·라온시큐어·지니언스·파이오링크 등 주요 정보보호 기업 6개사, 고려대·숭실대·부산대 등 대학 3곳이 포함된다. 이번 협력은 정부 '독자 AI...",2026-10-08 09:54,https://www.financialpost.co.kr/news/articleView.html?idxno=279342,https://www.financialpost.co.kr/news/articleView.html?idxno=279342
고려대학교,바이라인네트워크,"SKT·업스테이지, 보안기업 6곳과 ‘독자 AI 사이버보안 협의체’ 출범","SK텔레콤(이하 SKT)는 업스테이지와 SK쉴더스·시큐아이·안랩·라온시큐어·지니언스·파이오링크 등 보안기업 6곳, 고려대·숭실대·부산대 등 대학 3곳과 ‘독자 AI 사이버보안 협의체’를 구성했다고 8일 밝혔다....",2026-10-08 09:54,https://byline.network/?p=9004111222622655,https://byline.network/?p=9004111222622655
연세대학교,한국경제,"경제학자 64% ""불어난 세수로 나랏빚 갚자""…복지지출 '0명'","김현철 연세대 의대 교수는 “반도체 호황은 일시적일 수밖에 없으므로 장기적 관점에서 재정건전성을... 양희승 연세대 경제학부 교수는 “일시적인 세수 증가가 지속적인 지출 의무로 이어지지 않아야 한다""며 ""기금...",2026-10-08 09:53,https://www.hankyung.com/article/202610080179i,https://n.news.naver.com/mnews/article/015/0005340439?sid=101
고려대학교,보건뉴스,루게릭병 운동기능 개선 새 후보물질 찾았다,"고려대안산병원 김명지 교수, 고려대 의과대학 박해철, 서용보 교수 루게릭병으로 알려진 근위축성측삭경화증(ALS)의 떨어진 운동기능을 개선할 가능성이 있는 새로운 후보물질이 확인됐다. 고려대 안산병원...",2026-10-08 09:52,http://www.bokuennews.com/news/article.html?no=285250,http://www.bokuennews.com/news/article.html?no=285250
고려대학교,글로벌경제신문,"자연·교통·직장을 한 번에 잇는 '트리플 커넥트', 아크메르 동탄","한림대학교 동탄성심병원, 스타필드마켓 동탄점, 롯데백화점 동탄점, 코스트코, 이마트트레이더스 등 대형 생활·의료시설이 인접해 있다. 또한 학동초교와 석우중교, 동탄고교가 지근거리에 있다. 현재 고려대학교의료...",2026-10-08 09:52,https://www.getnews.co.kr/news/articleView.html?idxno=882973,https://www.getnews.co.kr/news/articleView.html?idxno=882973
서울대학교,미디어펜,'데블스 플랜3' 장동민·홍진호→재재…역대급 라인업 예고,"여기에 서울대 박사 출신 구글러 현경렬, 노스웨스턴 대학 출신의 가수 존박, '여고추리반'에서 활약한 방송인 재재, 래퍼 넉살, 서울대 출신 강사 이도, 4개 국어를 구사하는 싱어송라이터 스텔라장, 보드게임 대회를 휩쓴...",2026-10-08 09:52,https://www.mediapen.com/news/view/1128646,https://www.mediapen.com/news/view/1128646
서울대학교,마이데일리,"장동민·홍진호→하석진·정현규, '데블스 플랜' 시즌3 최강 라인업 떴...","선보인 서울대 박사 출신의 구글러 현경렬, '더 타임 호텔 ' 우승자이자 노스웨스턴 대학 출신 브레인 존박이... 이외에도 '여고추리반'의 핵심 브레인 재재, 연예계 대표 보드게임 마니아인 18년 차 래퍼 넉살, 서울대...",2026-10-08 09:52,https://www.mydaily.co.kr/page/view/2026100809131031382,https://m.entertain.naver.com/article/117/0004113448
서울대학교,더팩트,"장동민→슈퍼주니어 신동, '데블스 플랜3' 출연…4분기 공개","이 밖에도 슈퍼주니어 신동, 서울대 박사 출신 구글 직원 현경렬, 가수 존박, 방송인 재재, 래퍼 넉살, 서울대 출신 스타 강사 이도, 싱어송라이터 스텔라장, 숨겨진 강자 정원영까지 합류해 치열한 두뇌 대결을 펼칠...",2026-10-08 09:51,https://news.tf.co.kr/read/entertain/2374153.htm,https://m.entertain.naver.com/article/629/0000540363
고려대학교,뉴스투데이,"SKT·업스테이지, 사이버보안에 독자 AI 투입…11개 기관 뭉쳤다","정익래 고려대 정보보호대학원장, 권헌영 고려대 교수, 강석균 안랩 대표, 정삼용 시큐아이 대표, 조영철 파이오링크 대표, 이동범 지니언스 대표, 이정아 라온시큐어 대표, 김병무 SK쉴더스 부사장 [사진 = SKT]...",2026-10-08 09:50,https://www.news2day.co.kr/article/20261008500093,https://www.news2day.co.kr/article/20261008500093
고려대학교,TLEAVES,[기획] 편의가 만든 공격면…은행 보안의 맹점,"실제 신한은행 간편조회 서비스는 단순 조회까지 동일한 인증을 적용하면 고객 불편이 커진다는 점을 고려... 고려대학교 정보보호대학원 임종인 교수는 더리브스 질의에 ""은행 시스템이 그동안 디지털전환(DX)에 맞춰...",2026-10-08 09:50,https://www.tleaves.co.kr/news/articleView.html?idxno=9933,https://www.tleaves.co.kr/news/articleView.html?idxno=9933
고려대학교,머니투데이,"SKT·업스테이지, 독자 AI 모델에 보안 데이터 학습…사이버보안 협의체...","대학들은 독립적인 평가를 맡는다. 고려대는 실행 파일 분석 능력과 공격 방어력을, 숭실대는 보안 성능과 안전장치 우회 공격 대응력을 검증한다. 부산대는 차기 모델과 경량 모델의 성능 및 안전성을 평가한다....",2026-10-08 09:49,https://www.mt.co.kr/tech/2026/10/08/2026100809170480927,https://n.news.naver.com/mnews/article/008/0005423713?sid=105
고려대학교,지디넷코리아,"SKT, 업스테이지와 'AI 사이버보안 협의체' 출범","전날 오후 SKT타워에서 열린 협약식엔 SK텔레콤과 업스테이지를 비롯해 SK쉴더스, 시큐아이, 안랩, 라온시큐어, 지니언스, 파이오링크 등 정보보호 기업 6개사와 고려대, 숭실대, 부산대 등 대학 3개교를 포함해 총 11개...",2026-10-08 09:48,https://zdnet.co.kr/view/?no=20261008094349,https://n.news.naver.com/mnews/article/092/0002440248?sid=105
고려대학교,메트로신문,SK텔레콤 '독자 AI 사이버보안 협의체' 출범…에이닷엑스 보안 기능 강화,"지난 7일 열린 협약에는 SK텔레콤과 업스테이지, SK쉴더스, 시큐아이, 안랩, 라온시큐어, 지니언스, 파이오링크 등 정보보호 기업 6개 사와 고려대학교, 숭실대학교, 부산대학교 등 대학 3개교를 포함해 총 11개 기관이...",2026-10-08 09:48,http://www.metroseoul.co.kr/article/20261008500048,http://www.metroseoul.co.kr/article/20261008500048
고려대학교,메디파나뉴스,"혈관에서 뇌까지…폴리코사놀, 인지건강 연구 확장","주경미 고려대학교 약학대학 특임교수는 '왜 지금 HDL과 Brain Health를 함께 논의하는가'를 주제로, 기능성... 日 대사증후군·인지건강 관리, HDL의 양에서 질로…기능성 표시 근거 공유 이어 김헌경 차의과학대학교...",2026-10-08 09:48,https://www.medipana.com/news/articleView.html?idxno=418946,https://www.medipana.com/news/articleView.html?idxno=418946
서울대학교,KPI뉴스,[노성열의 AI경제] AI를 이기려는 중국의 인간 주도권 회복 실험,우리나라에서는 서울대 공과대학 컴퓨터공학부 4학년 전공과목 시험에서 수강생 62명 중 절반이 넘는 36명이 AI 사용 과제 제출로 낙제를 했다. 미국 프린스턴 대학은 133년간 지켜온 '무(無)감독 시험' 전통을 포기하고...,2026-10-08 09:47,https://www.kpinews.kr/newsView/1065573667423003,https://www.kpinews.kr/newsView/1065573667423003
고려대학교,이데일리,"퇴원 후 아황산가스 노출, 허혈성 뇌졸중 재발 위험 높여",고려대학교 구로병원 신경과 이건주 교수·순천향대학교 의료IT공학과 황정은 교수·분당서울대학교병원... 때 고려할 필요가 있음을 보여준다”고 말했다. 이어 “관찰연구인 만큼 아황산가스가 재발의 직접적인...,2026-10-08 09:47,https://www.edaily.co.kr/News/Read?newsId=02817526645610952&mediaCodeNo=257&utm_source=naver&utm_medium=referral&utm_campaign=news_syndication&utm_content=original_article,https://n.news.naver.com/mnews/article/018/0006383395?sid=102
서울대학교,이데일리,"퇴원 후 아황산가스 노출, 허혈성 뇌졸중 재발 위험 높여",고려대학교 구로병원 신경과 이건주 교수·순천향대학교 의료IT공학과 황정은 교수·분당서울대학교병원 신경과 김성은·배희준 교수 공동 연구팀이 급성 허혈성 뇌졸중 환자의 퇴원 후 아황산가스(SO₂) 노출과...,2026-10-08 09:47,https://www.edaily.co.kr/News/Read?newsId=02817526645610952&mediaCodeNo=257&utm_source=naver&utm_medium=referral&utm_campaign=news_syndication&utm_content=original_article,https://n.news.naver.com/mnews/article/018/0006383395?sid=102
서울대학교,세계일보,"ETS TOEFL, 서울 주요 4개 대학 ‘2026 캠퍼스 투어’ 마쳐… 대학생 1,80...",2일까지 서울 소재 4개 대학에서 진행한 ‘2026 ETS 토플 캠퍼스 투어’를 마쳤다고 밝혔다. 이번 캠퍼스 투어는 ▲9월 29일 숙명여자대학교 ▲9월 30일 서울대학교 ▲10월 1일 서강대학교 ▲10월 2일 숭실대학교에서...,2026-10-08 09:46,https://www.segye.com/newsView/20261008504666?OutUrl=naver,https://n.news.naver.com/mnews/article/022/0004165019?sid=101
연세대학교,의학신문,"개정 의료분쟁조정법, 오히려 필수의료를 위축시키지 않을까?","이날 발제를 맡은 서종희 연세대학교 법학전문대학원 교수는 무엇보다 '중과실'을 법률에 12가지 유형으로 미리 규정하는 방식 자체의 문제를 지적하였다. 중과실 여부는 개별 사건에서 환자의 상태, 당시의 의료환경...",2026-10-08 09:46,https://www.bosa.co.kr/news/articleView.html?idxno=3013515,https://www.bosa.co.kr/news/articleView.html?idxno=3013515
서울대학교,헬로티,"아비바코리아, 화학공학 공정설계 경진대회 후원...디지털 인재 양성",대상인 아비바·다우데이타상은 서울대학교 'My Chemical Process'팀이 수상했다. 최우수상인 LG화학상과 삼성엔지니어링상은 각각 서울시립대학교 '양질의 공정'팀과 성균관대학교 'pKa츄'팀에 돌아갔다. 아비바코리아는 이번...,2026-10-08 09:46,https://www.hellot.net/news/article.html?no=115341,https://www.hellot.net/news/article.html?no=115341
서울대학교,경북신문,대기업 오너 4·5세 94%는 유학파…미국 컬럼비아·뉴욕·코넬대 최다,"오너 일가가 가장 많이 다닌 대학교는 국내에서는 고려대, 해외에서는 미국 컬럼비아대였다.7일... 다음은 서울대 출신이 50명으로, 이재용 삼성전자 회장(동양사학), 정몽준 아산재단 이사장(경제학), 김범수 카카오...",2026-10-08 09:46,https://www.kbsm.net/news/view.php?idx=536754,https://www.kbsm.net/news/view.php?idx=536754
고려대학교,경북신문,대기업 오너 4·5세 94%는 유학파…미국 컬럼비아·뉴욕·코넬대 최다,"다닌 대학교는 국내에서는 고려대, 해외에서는 미국 컬럼비아대였다.7일 기업데이터연구소 CEO스코어가 총수가 있는 대기업집단 89곳의 오너 일가 중 학력 조사가 가능한 350명을 대상으로 유학파 비중 및 출신 대학을...",2026-10-08 09:46,https://www.kbsm.net/news/view.php?idx=536754,https://www.kbsm.net/news/view.php?idx=536754
고려대학교,파이낸셜뉴스,"'독파모' SKT·업스테이지, AI 사이버보안 능력 제고 나섰다",전날 열린 협약식에는 SK텔레콤과 업스테이지를 비롯해 SK쉴더스·시큐아이·안랩·라온시큐어·지니언스·파이오링크 등 보안기업 6개사와 고려대·숭실대·부산대 등 대학 3개교가 참여했다. 협력의 중심은 독파모...,2026-10-08 09:45,https://www.fnnews.com/news/202610080929378557,https://n.news.naver.com/mnews/article/014/0005586566?sid=105
고려대학교,이데일리,"SKT·업스테이지, ‘실전형 보안 AI’ 승부수…네이버·LG와 맞붙는다","정익래 고려대 정보보호대학원장, 권헌영 고려대 교수, 강석균 안랩 대표, 정삼용 시큐아이 대표, 조영철 파이오링크 대표, 이동범 지니언스 대표, 이정아 라온시큐어 대표, 김병무 SK쉴더스 부사장 사진=SK텔레콤...",2026-10-08 09:44,https://www.edaily.co.kr/News/Read?newsId=02784726645610952&mediaCodeNo=257&utm_source=naver&utm_medium=referral&utm_campaign=news_syndication&utm_content=original_article,https://n.news.naver.com/mnews/article/018/0006383387?sid=105
고려대학교,연합뉴스,"[AI픽] SKT·업스테이지 AI, 서로 공격하며 해킹 방어력 키운다",고려대·숭실대·부산대 등 대학은 AI 모델의 안전성과 성능을 검증한다. A.X K와 솔라가 서로를 공격하고 평가해 취약점을 찾는 '상호 레드티밍'도 진행한다. 발견된 취약 사례는 학습 데이터로 활용해 양 모델의 방어...,2026-10-08 09:44,https://www.yna.co.kr/view/AKR20261008037500017?input=1195m,https://n.news.naver.com/mnews/article/001/0016364910?sid=105
고려대학교,조선비즈,"독파모 경쟁 SKT·업스테이지, ‘보안 AI’ 손잡았다… 안랩·대학 등과...","지난 7일 서울 중구 SKT타워에서 열린 협약식에는 SK텔레콤과 업스테이지를 비롯해 SK쉴더스, 시큐아이, 안랩, 라온시큐어, 지니언스, 파이오링크 등 정보보호 기업 6개사와 고려대학교, 숭실대학교, 부산대학교 등 대학...",2026-10-08 09:44,https://biz.chosun.com/it-science/ict/2026/10/08/IRFRKDWUIJDDFHNI2IRWGWQGRE/?utm_source=naver&utm_medium=original&utm_campaign=biz,https://n.news.naver.com/mnews/article/366/0001196839?sid=105
고려대학교,라이센스뉴스,"독파모 경쟁자 SKT·업스테이지, AI 사이버보안은 협력","양사는 국내 보안기업·대학과 함께 실제 보안 데이터를 AI 모델에 학습시키고, 취약점 분석과 보안관제 등... 파이오링크와 고려대, 숭실대, 부산대 등 11개 기관이 참여한다. SK텔레콤과 업스테이지는 정부의 '독자 AI...",2026-10-08 09:44,https://www.lcnews.co.kr/news/articleView.html?idxno=209385,https://www.lcnews.co.kr/news/articleView.html?idxno=209385
고려대학교,OSEN,"‘스디파’, 11월 전국투어 시작…위댐보이즈→베베 크루 함께한다","한편 ‘스트릿 월드 파이터 : 디렉터스 워 ‘ON THE STAGE’’ 전국투어는 오는 11월 21일(토)과 22일(일) 서울 고려대학교 화정체육관에서 열리는 서울 공연을 시작으로 광주(11월 28일), 부산(12월 5일), 대전(12월 13일)...",2026-10-08 09:44,http://www.osen.co.kr/article/G1112889723,https://m.entertain.naver.com/article/109/0005620398
서울대학교,국제뉴스,'오페라의 유령' 40주년…윤영석·김소현 등 한국 첫 주역 축하 메세지,김소현은 서울대 성악과 재학 중 '크리스틴'으로 발탁되어 뮤지컬 데뷔를 알렸다. 두 배우 모두 '오페라의... 40주년을 기념하는 스페셜 시즌은 12월 22일부터 2027년 2월 28일까지 서울 블루스퀘어 우리은행홀에서...,2026-10-08 09:42,https://www.gukjenews.com/news/articleView.html?idxno=3715934,https://www.gukjenews.com/news/articleView.html?idxno=3715934
서울대학교,BEOPBO,동국대 총장 선출 11월 착수 전망…하마평 들어보니,"서울대 금속공학과를 졸업하고 미국 UC버클리대학에서 기계공학 박사학위를 받은 임 교수는 1996년 동국대... 후보 자격은 서울캠퍼스에 10년 이상 재직 중인 교수와 현직 총장, 총장으로서 자격과 능력을 갖춘 외부...",2026-10-08 09:42,https://www.beopbo.com/news/articleView.html?idxno=338183,https://www.beopbo.com/news/articleView.html?idxno=338183
서울대학교,AITIMES,"아비바코리아, 공정 시뮬레이션 인재 양성으로 화학·플랜트 산업 디지...","올해 대상(아비바·다우데이타상)은 서울대학교 'My Chemical Process'팀이 수상했으며, 최우수상(LG화학상·삼성엔지니어링상)은 서울시립대학교 '양질의 공정'팀, 성균관대학교 'pKa츄'팀이 수상했다. 아비바코리아 박기범...",2026-10-08 09:42,https://www.aitimes.kr/news/articleView.html?idxno=42218,https://www.aitimes.kr/news/articleView.html?idxno=42218
연세대학교,데이터넷,"벗뷰리풀, 러닝 리그 'R1'에 '츄룹 클럽' 공급","현지 K-팝 팬 커뮤니티 '체이싱 케이팝'은 지난 9월 호스트 모집 2주 만에 수백명의 멤버를 확보해 정기 이벤트를 운영 중이며 이외에도 뉴욕 음악 커뮤니티 '스튜디오 잼', USC 대학 클럽, 연세대 미주·남가주 동문회와...",2026-10-08 09:40,https://www.datanet.co.kr/news/articleView.html?idxno=214969,https://www.datanet.co.kr/news/articleView.html?idxno=214969
연세대학교,데일리팜,"대형병원 27곳, 의료기기 도매 1곳서 90% 이상 독점 납품","연세대 산하 병원(세브란스병원 99.25%, 강남세브란스 93.28%, 원주세브란스 91.11%)은 에비슨케어를 통해 납품을 받았으며, 고려대 산하 3개 병원(안암 99.41%, 구로 99.27%, 안산 99.20%)은 스마트엠케어가 99% 이상 독점...",2026-10-08 09:38,https://www.dailypharm.com/user/news/343201?REFERER=NP,https://www.dailypharm.com/user/news/343201?REFERER=NP
고려대학교,데일리팜,"대형병원 27곳, 의료기기 도매 1곳서 90% 이상 독점 납품","연세대 산하 병원(세브란스병원 99.25%, 강남세브란스 93.28%, 원주세브란스 91.11%)은 에비슨케어를 통해 납품을 받았으며, 고려대 산하 3개 병원(안암 99.41%, 구로 99.27%, 안산 99.20%)은 스마트엠케어가 99% 이상 독점...",2026-10-08 09:38,https://www.dailypharm.com/user/news/343201?REFERER=NP,https://www.dailypharm.com/user/news/343201?REFERER=NP
서울대학교,머니투데이,"법무법인 세종, 제3회 자본시장·M&A 세미나 개최",법무법인 세종은 오는 21일 세종 24층 그랑서울 세미나실에서 제3회 자본시장·M&A 세미나를 온·오프라인으로... 세미나는 장재영 대표변호사(사법연수원 29기)의 개회사로 시작되며 서울대학교 법학전문대학원 정준혁...,2026-10-08 09:37,https://www.mt.co.kr/society/2026/10/08/2026100809325472217,https://n.news.naver.com/mnews/article/008/0005423698?sid=102
고려대학교,뉴스케이프,"SK텔레콤, '독자 AI 사이버보안 협의체' 출범…업스테이지 등 참여","협약식에는 SK텔레콤과 업스테이지를 비롯해 SK쉴더스, 시큐아이, 안랩, 라온시큐어, 지니언스, 파이오링크 등 정보보호 기업 6개 사와 고려대학교, 숭실대학교, 부산대학교 등 대학 3개가 참여했다. 이번 협약은 정부의...",2026-10-08 09:36,http://www.newscape.co.kr/news/articleView.html?idxno=124966,http://www.newscape.co.kr/news/articleView.html?idxno=124966
서울대학교,문화일보,1억 지원뒤 출산 40% 증가… “일·육아 병행 믿음에 낳아”[온나라 다함...,크래프톤과 서울대 인구정책연구센터가 진행 중인 제도 효과 분석에서는 현금과 비현금 지원의 역할이 다르게 나타났다. 1억 원에 이르는 현금성 지원은 직접적인 출산 유인보다는 회사가 저출생 문제에 진지하게...,2026-10-08 09:36,https://www.munhwa.com/article/11622128?ref=naver,https://n.news.naver.com/mnews/article/021/0002823783?sid=102
서울대학교,파이낸셜뉴스,"파산 몰린 전직 독일 정보수장 12년간 기밀 팔았다 …""전후 최대 스파이...","이근 서울대 국제대학원 교수는 이와 관련, ""독일 정보기관의 신뢰가 땅에 떨어지고 있다""면서 ""최근에는 2022년 같은 독일연방정보국 직원이 러우 전쟁 중 러시아에 기밀을 넘긴 혐의로 수사를 받은 적이 있다""라고...",2026-10-08 09:36,https://www.fnnews.com/news/202610080857313125,https://n.news.naver.com/mnews/article/014/0005586553?sid=104
고려대학교,신아일보,"SKT·업스테이지, '보안 AI' 육성한다…'독자 AI 사이버보안 협의체' 출...","레드티밍 설계와 평가는 참여 대학이 제3자 입장에서 맡는다. 고려대학교는 AI의 실행 파일 분석 능력과 공격에 대한 방어력을, 숭실대학교는 AI 보안 성능 평가 기준과 안전장치(가드레일) 우회 공격 대응력을...",2026-10-08 09:34,https://www.shinailbo.co.kr/news/articleView.html?idxno=5069805,https://www.shinailbo.co.kr/news/articleView.html?idxno=5069805
고려대학교,이뉴스투데이,"SKT·업스테이지, 국산 AI로 해킹 막는다···보안기업·대학 11곳 뭉쳤...","지난 7일 서울 SKT타워에서 열린 협약식에는 SK텔레콤과 업스테이지, SK쉴더스, 시큐아이, 안랩, 라온시큐어, 지니언스, 파이오링크 등 보안기업 6곳과 고려대·숭실대·부산대 등 대학 3곳이 참여했다. 협력의 핵심은...",2026-10-08 09:32,http://www.enewstoday.co.kr/news/articleView.html?idxno=2478141,http://www.enewstoday.co.kr/news/articleView.html?idxno=2478141
고려대학교,포인트엔,"SKT·업스테이지, 보안기업·대학과 AI 사이버보안 협력","대학과 함께 '독자 AI사이버보안 협의체'를 출범하고 기술 협약을 맺었다고 8일 밝혔다. 참여 기관은 SK텔레콤과 업스테이지 외에 SK쉴더스, 안랩, 시큐아이, 라온시큐어, 지니언스, 파이오링크 등 보안 기업과 고려대...",2026-10-08 09:32,https://www.pointe.co.kr/news/articleView.html?idxno=85770,https://www.pointe.co.kr/news/articleView.html?idxno=85770
연세대학교,더팩트,"'노래하는 시인' 박인희, 11월 이화여대 삼성홀서 단독 콘서트",11월 26·27일 '모닥불' '끝이 없는 길' 등 대표곡 선사 2024년 연세대 공연 전석 매진...티켓 오픈 10월 8일 가수 박인희가 오는 11월 이화여자대학교 ECC 삼성홀에서 단독 콘서트를 열고 오랜 시간 자신의 음악을 사랑해온...,2026-10-08 09:32,https://news.tf.co.kr/read/entertain/2374151.htm,https://m.entertain.naver.com/article/629/0000540355
고려대학교,한국대학신문,"고려대 세종캠퍼스, '2026 에코업 페어' 개최","지난달 30일 정부세종컨벤션센터에서 열린 행사에는 고려대 세종캠퍼스를 비롯한 참여대학 학생과 에코업 관련 기업·기관, 지역 관계자 등 400여 명이 참석했다. 올해로 4회째인 에코업 페어는 학생들이 산업·연구...",2026-10-08 09:30,https://news.unn.net/news/articleView.html?idxno=598415,https://news.unn.net/news/articleView.html?idxno=598415
고려대학교,컨슈머타임스,"'AI에 보안 지능 입힌다' SKT·업스테이지, 사이버보안 협의체 출범","협의체에는 SKT와 업스테이지를 포함해 SK쉴더스, 시큐아이, 안랩, 라온시큐어, 지니언스, 파이오링크 등 정보보호 기업 6곳, 고려대학교, 숭실대학교, 부산대학교 등 대학 3곳 등이 참여했다. 우선 SKT와 업스테이지는...",2026-10-08 09:30,https://www.cstimes.com/news/articleView.html?idxno=723331,https://www.cstimes.com/news/articleView.html?idxno=723331
고려대학교,뉴스1,'독자 AI 사이버보안 협의체' 출범,"정익래 고려대 정보보호대학원장, 권헌영 고려대 교수, 강석균 안랩 대표, 정삼용 시큐아이 대표, 조영철 파이오링크 대표, 이동범 지니언스 대표, 이정아 라온시큐어 대표, 김병무 SK쉴더스 부사장. (SKT 제공....",2026-10-08 09:30,https://www.news1.kr/photos/8148706,https://n.news.naver.com/mnews/article/421/0009216484?sid=105
서울대학교,스포츠동아,‘오페라의 유령’ 40주년…윤영석·김소현의 특별한 인사 [PS],서울대 성악과 출신인 김소현도 2001년 한국 초연에서 ‘크리스틴’으로 발탁돼 뮤지컬 배우로 첫발을... 서울 한정으로 열리는 40주년 스페셜 시즌은 12월 22일부터 2027년 2월 28일까지 블루스퀘어 우리은행홀에서...,2026-10-08 09:29,https://sports.donga.com/life/article/all/20261008/134807139/1,https://n.news.naver.com/mnews/article/382/0001297917?sid=103
고려대학교,톱스타뉴스,"스트릿 월드 파이터 디렉터스 워, 안무가·크루 총출동 전국투어 연다","'스트릿 월드 파이터 : 디렉터스 워 'ON THE STAGE'' 전국투어는 11월 21일과 22일 서울 고려대학교 화정체육관 공연을 시작으로 광주 11월 28일, 부산 12월 5일, 대전 12월 13일, 대구 12월 19일까지 전국 5개 지역에서 총 10회...",2026-10-08 09:28,https://www.topstarnews.net/news/articleView.html?idxno=16241423,https://www.topstarnews.net/news/articleView.html?idxno=16241423
고려대학교,스마트비즈엔,"SK텔레콤·업스테이지, 국산 AI 보안 실증 나선다","대학은 기업과 분리된 평가자 역할을 맡는다. 고려대는 실행파일 분석과 공격 방어 성능을, 숭실대는 보안 평가 기준과 가드레일 우회 대응을 검증한다. 부산대는 차기 모델과 경량 모델의 성능·안전성을 평가한다....",2026-10-08 09:28,https://www.smartbizn.com/news/articleView.html?idxno=155873,https://www.smartbizn.com/news/articleView.html?idxno=155873
서울대학교,불교닷컴,"명진 스님 새긴돌, 마석 민주열사묘역에","이에 앞서 같은 날 오전 11시 서울 봉은사에서는 명진 스님의 49재를 봉행한다. 명진 스님은 생전 백기완... 전 민주노총 위원장 이수호, 국립중앙박물관장 유홍준, 서울대 명예교수 최갑수는 조사를 통해 스님을 기린다. 4....",2026-10-08 09:26,http://www.bulkyo21.com/news/articleView.html?idxno=65209,http://www.bulkyo21.com/news/articleView.html?idxno=65209
고려대학교,이투데이,"SKT·업스테이지, ‘독자 AI 사이버보안 협의체’ 출범…상호 레드티밍...","7일 오후 SKT타워에서 열린 협약식에는 SKT와 업스테이지를 비롯해 SK쉴더스, 시큐아이, 안랩, 라온시큐어, 지니언스, 파이오링크 등 정보보호 기업 6개사와 고려대학교, 숭실대학교, 부산대학교 등 대학 3개교를 포함해...",2026-10-08 09:26,https://www.etoday.co.kr/news/view/2633727,https://www.etoday.co.kr/news/view/2633727
연세대학교,조이뉴스24,"'아침마당' 이현주 ""AI시대, 내면의 경쟁력 중요⋯중요 결정은 사람과""",'아침마당' 연세대 이현주 교수가 '인공지능 시대 AI가 대신 할 수 없는 것들'에 대해 강의를 했다. 8일 오전 방송한 KBS 1TV '아침마당-목요특강 쌤의한수'에는 연세대 미래융합연구원 이현주 교수가 출연했다. 아침마당...,2026-10-08 09:26,http://www.joynews24.com/view/2013002,http://www.joynews24.com/view/2013002
고려대학교,문화일보,사재 털어 시작한 ‘인재보국’… 장학생 5300명·박사 1000명 ‘인재숲...,"지난 52년간 해외유학장학제도와 대학특별장학제도 등을 통해 약 5300명의 장학생을 지원하고 세계 유수 대학의 박사 1000여 명을 배출했다. 최장집 고려대 명예교수, 이창용 전 한국은행 총재, 염재호 태재대 총장...",2026-10-08 09:24,https://www.munhwa.com/article/11622117?ref=naver,https://n.news.naver.com/mnews/article/021/0002823773?sid=101
연세대학교,문화일보,사재 털어 시작한 ‘인재보국’… 장학생 5300명·박사 1000명 ‘인재숲...,"유수 대학의 박사 1000여 명을 배출했다. 최장집 고려대 명예교수, 이창용 전 한국은행 총재, 염재호 태재대 총장, 김용학 전 연세대 총장, 천명우 예일대 교수 등이 대표적인 재단 장학생 출신이다. 1998년 제2대...",2026-10-08 09:24,https://www.munhwa.com/article/11622117?ref=naver,https://n.news.naver.com/mnews/article/021/0002823773?sid=101
고려대학교,서울경제,"SKT·업스테이지, 사이버보안 협의체 출범...안랩 등 참여","협의체에는 SK텔레콤과 업스테이지를 비롯해 SK쉴더스, 시큐아이, 안랩(053800), 라온시큐어, 지니언스, 파이오링크 등 정보보호 기업 6곳과 고려대, 숭실대, 부산대 등 대학 3곳을 포함해 총 11개 기관이 참여했다. 이번...",2026-10-08 09:23,https://www.sedaily.com/article/20099387?ref=naver,https://n.news.naver.com/mnews/article/011/0004669321?sid=105
서울대학교,아주경제,"""영화 만들 자유 있다면 비판할 자유도""…서울대·연세대에 '암살자(들...","com 연세대에 붙은 암살자들 비판 대자보 [출처=트루스포럼 SNS] 서울대, 고려대, 연세대에 영화 암살자(들)을 비판하는 대자보가 붙었다. 대자보를 붙인 주체는 기독교 보수주의적 가치를 지향하는 대학생 단체다. 서울대...",2026-10-08 09:22,https://www.ajunews.com/view/20261008083807439,https://www.ajunews.com/view/20261008083807439
고려대학교,아주경제,"""영화 만들 자유 있다면 비판할 자유도""…서울대·연세대에 '암살자(들...","com 연세대에 붙은 암살자들 비판 대자보 [출처=트루스포럼 SNS] 서울대, 고려대, 연세대에 영화 암살자(들)을 비판하는 대자보가 붙었다. 대자보를 붙인 주체는 기독교 보수주의적 가치를 지향하는 대학생 단체다....",2026-10-08 09:22,https://www.ajunews.com/view/20261008083807439,https://www.ajunews.com/view/20261008083807439
연세대학교,아주경제,"""영화 만들 자유 있다면 비판할 자유도""…서울대·연세대에 '암살자(들...","com 연세대에 붙은 암살자들 비판 대자보 [출처=트루스포럼 SNS] 서울대, 고려대, 연세대에 영화 암살자(들)을 비판하는 대자보가 붙었다. 대자보를 붙인 주체는 기독교 보수주의적 가치를 지향하는 대학생 단체다....",2026-10-08 09:22,https://www.ajunews.com/view/20261008083807439,https://www.ajunews.com/view/20261008083807439
고려대학교,한국블록체인뉴스,"SKT, 국내 보안기업·대학과 AI 사이버보안 협력...공동 실증 추진","파이오링크이며 고려대와 숭실대, 부산대도 협의체에 참여했다. 협의체는 SKT의 ‘A.X K’ 시리즈와 업스테이지의 ‘솔라(Solar)’에 실제 보안 현장에서 생성된 데이터를 학습시키고, 대학이 안전성을 검증한 뒤 참여...",2026-10-08 09:22,https://hbnpress.com/news/view/1065572298209074,https://hbnpress.com/news/view/1065572298209074
서울대학교,뉴시스,'최종길 교수' 53주기 추모제…18일 모란공원서 거행,서울대학교 법과대학 교수로 재직하다 중앙정보부의 고문으로 숨진 최종길 교수의 53주기 추모제가 오는... 최 교수는 1973년 10월 19일 서울대 법대 교수로 재직하던 중 중앙정보부에서 조사를 받다 숨졌다. 당시 정권에...,2026-10-08 09:21,https://www.newsis.com/view/NISX20261008_0003818541,https://n.news.naver.com/mnews/article/003/0014240708?sid=102
고려대학교,뉴스1,"SKT, 업스테이지·안랩 등과 '독자 AI 사이버보안 협의체' 출범","레드티밍 설계와 평가는 참여 대학이 제3자 입장에서 맡는다. 고려대학교는 AI의 실행 파일 분석 능력과 공격에 대한 방어력을, 숭실대학교는 AI 보안 성능 평가 기준과 안전장치(가드레일) 우회 공격 대응력을...",2026-10-08 09:20,https://www.news1.kr/it-science/cc-newmedia/6313822,https://n.news.naver.com/mnews/article/421/0009216430?sid=105
서울대학교,조선비즈,"법무법인 세종, 21일 자본시장·M&A 세미나…중복상장 규제 대응 논의","법무법인(유) 세종은 오는 21일 서울 종로구 그랑서울에서 이 같은 제도 변화와 기업 대응 방안을 다루는... 첫 번째 세션에서는 정준혁 서울대 법학전문대학원 교수가 ‘M&A 법제도의 과거, 현재, 그리고 미래’를 주제로...",2026-10-08 09:18,https://biz.chosun.com/topics/law_firm/2026/10/08/PSMISUZSLJDDDHCTYKIDZQXXCI/?utm_source=naver&utm_medium=original&utm_campaign=biz,https://n.news.naver.com/mnews/article/366/0001196825?sid=102
서울대학교,bnt뉴스,‘데블스 플랜3’ 장동민·홍진호·오현민 재회,"선보인 서울대 박사 출신의 구글러 현경렬, ‘더 타임 호텔’ 우승자이자 노스웨스턴 대학 출신 브레인... 이외에도 ‘여고추리반’의 핵심 브레인 재재, 연예계 대표 보드게임 마니아인 18년 차 래퍼 넉살, 서울대 출신의...",2026-10-08 09:18,https://www.bntnews.co.kr/article/view/bnt202610080113,https://www.bntnews.co.kr/article/view/bnt202610080113
고려대학교,연합인포맥스,"SKT·업스테이지, '독자 AI 사이버보안 협의체'로 해킹 대응한다",SK텔레콤과 업스테이지가 주요 보안기업과 대학이 함께하는 '독자 인공지능(AI) 사이버보안 협의체'를... 업스테이지·SK쉴더스·시큐아이·안랩·라온시큐어·지니언스·파이오링크·고려대학교·숭실대학교...,2026-10-08 09:18,https://news.einfomax.co.kr/news/articleView.html?idxno=4438268,https://news.einfomax.co.kr/news/articleView.html?idxno=4438268
고려대학교,아이티데일리,[현장] 로봇이 멈추면 서울은 안전할까…AI·로봇 도시의 도입 조건,"김성후 고려대 교수는 대중교통망 개편을 예로 들었다. AI가 수요에 맞춰 시스템을 최적화할 수 있지만, 교통 접근성이 낮거나 필요한 서비스를 이용하지 못하는 사람 등 여러 이해관계자를 고려해야 한다는 것이다. AI가...",2026-10-08 09:16,https://www.itdaily.kr/news/articleView.html?idxno=242073,https://www.itdaily.kr/news/articleView.html?idxno=242073
연세대학교,아이티데일리,[현장] 로봇이 멈추면 서울은 안전할까…AI·로봇 도시의 도입 조건,"신동준 연세대 교수, 남창모 로브로스 부대표, 아오이 후카와 갤봇 부사장. (사진: 김병주 기자) 작업 속도... 신동준 연세대 교수는 하반신 마비 장애인을 위한 자전거 시스템을 개발하면서 실제 사용자의 상체 움직임과...",2026-10-08 09:16,https://www.itdaily.kr/news/articleView.html?idxno=242073,https://www.itdaily.kr/news/articleView.html?idxno=242073
연세대학교,서울신문,"차인영 서울시의회 주택공간위원회 부위원장, ‘2026 글로벌 CDO 포럼’...","이어 연세대학교 이정훈 교수, 프란체스코 세네세 이탈리아 나폴리시 국제관계대사, 알베르트 코이플라인 독일 카를스루에 부시장의 기조연설이 진행됐고, 중국 베이징·캐나다 몬트리올·에스토니아 타르투·브라질...",2026-10-08 09:14,https://www.seoul.co.kr/news/publicnews/local_govern/smc_movement/2026/10/08/20261008500024?wlog_tag3=naver,https://n.news.naver.com/mnews/article/081/0003687100?sid=102
고려대학교,NGO저널,"SKT·업스테이지, 11개 기관과 'AI 사이버보안 협의체' 출범","SK텔레콤과 업스테이지는 8일 SK쉴더스, 시큐아이, 안랩, 라온시큐어, 지니언스, 파이오링크 등 6개 보안기업, 고려대·숭실대·부산대 등 3개 대학과 함께 'AI 사이버보안 협의체'를 출범했다고 밝혔다. 협의체에는 총...",2026-10-08 09:14,https://www.ngonews.kr/news/articleView.html?idxno=240097,https://www.ngonews.kr/news/articleView.html?idxno=240097
연세대학교,이코노믹리뷰,"대광건영·모아건설산업, '송도 대광로제비앙 모아엘가' 529가구 11월 공...","단지 앞에 유치원과 초· 중교가 예정돼 있으며, 연세대국제캠퍼스와 인천글로벌캠퍼스도 인접하다. 한국외대 송도캠퍼스도 내년 개교 예정이다. 연세대 국제캠퍼스2단계 사업과 인하대 송도캠퍼스 조성사업도 추진...",2026-10-08 09:14,https://www.econovill.com/news/articleView.html?idxno=753043,https://www.econovill.com/news/articleView.html?idxno=753043
고려대학교,뉴데일리경제,"SKT·업스테이지, '독자 AI 사이버보안 협의체' 출범 … 안랩 등 11개 기...","대학들은 제3자 관점에서 평가를 담당한다. 고려대는 AI의 실행파일 분석 능력과 공격 방어력을 검증한다. 숭실대는 보안 성능 평가 기준과 안전장치 우회 공격 대응 능력을, 부산대는 차기 모델과 경량 모델의 성능 및...",2026-10-08 09:12,https://biz.newdaily.co.kr/site/data/html/2026/10/08/2026100800053.html,https://biz.newdaily.co.kr/site/data/html/2026/10/08/2026100800053.html
연세대학교,뉴스케이알,"'선박왕' 권혁, 15년 체납 4천억원 완납 나서... 해외 선박 5척 담보",'선박왕' 된 권혁 권 회장은 연세대 경영학과를 졸업한 뒤 1979년 현대종합상사에 입사했고 이후 현대자동차에서 수출 차량 선적과 자동차 전용선(PCC) 관련 업무를 담당했다. 현대차 도쿄지사 근무 등을 통해 일본...,2026-10-08 09:12,http://www.newskr.kr/news/articleView.html?idxno=106992,http://www.newskr.kr/news/articleView.html?idxno=106992
서울대학교,헤럴드경제,전남광주특별시 백승주 균형발전·윤난실 시민주권 부시장 첫 출근,"백 부시장은 서울대 경제학과를 졸업했다. 국립순천대 석좌교수와 아시아개발은행연구소 부소장을 거쳤고, 기획재정부에서는 기획조정실장과 재정혁신국장을 지냈다. 윤 부시장은 한국방송통신대 행정학과 출신이다....",2026-10-08 09:10,https://biz.heraldcorp.com/article/10896442?ref=naver,https://n.news.naver.com/mnews/article/016/0002706789?sid=102
고려대학교,데일리안,"SKT·업스테이지, 독자 AI에 보안 입힌다…11개 기관 ‘AI 사이버보안 협...","전날 오후 SKT타워에서 열린 협약식에는 SKT와 업스테이지를 비롯해 SK쉴더스, 시큐아이, 안랩, 라온시큐어, 지니언스, 파이오링크 등 정보보호 기업 6개사와 고려대학교, 숭실대학교, 부산대학교 등 대학 3개교를 포함해...",2026-10-08 09:10,https://www.dailian.co.kr/news/view/1699221/?sc=Naver,https://n.news.naver.com/mnews/article/119/0003140693?sid=105
연세대학교,디스커버리뉴스,"벗뷰리풀, 러닝 리그 'R1'에 커뮤니티 관리 솔루션 '츄룹 클럽' 공급","현재 미국 로스앤젤레스(LA) 지역의 K-팝 팬 커뮤니티 '체이싱 케이팝(Chasing K-pop)', 남가주주립대(USC) 캠퍼스 클럽, 연세대 미주·남가주 동문회를 비롯해 뉴욕 음악 커뮤니티 '스튜디오 잼(Studio Jams)' 등에 플랫폼을...",2026-10-08 09:10,https://www.discoverynews.kr/news/articleView.html?idxno=1103555,https://www.discoverynews.kr/news/articleView.html?idxno=1103555
고려대학교,아시아경제,SKT·업스테이지-보안기업·대학과 ‘독자 AI 사이버보안 협의체’ 출범,"전날 오후 SKT타워에서 열린 협약식에는 SKT와 업스테이지를 비롯해 SK쉴더스, 시큐아이, 안랩, 라온시큐어, 지니언스, 파이오링크 등 정보보호 기업 6개사와 고려대, 숭실대, 부산대 등 대학 3개교를 포함해 총 11개 기관이...",2026-10-08 09:10,https://view.asiae.co.kr/article/2026100809100298108,https://n.news.naver.com/mnews/article/277/0005826072?sid=105
연세대학교,퍼블릭뉴스,[부고] 유훈씨(셀리콘바이오 대표) 부친상,"△ 유복모씨(연세대 명예교수) 별세, 최연순씨 남편상, 유훈씨(셀리콘바이오 대표) 부친상 = 6일 오후 6시, 신촌세브란스병원 장례식장 12호실, 발인 9일 오전 8시, 장지 능인선원, (02)2227-7500 노혁진 객원기자",2026-10-08 09:10,https://www.public25.com/news/articleView.html?idxno=56101,https://www.public25.com/news/articleView.html?idxno=56101
연세대학교,연합뉴스TV,"[월드앤이슈] 또 나온 트럼프 노벨상 타령…""관세로 평화 기여""","오늘은 봉영식 연세대 객원교수와 함께합니다.  트럼프 대통령 끝없이 노래해 온 노벨평화상, 이란 전쟁 장기화로 수상 가능성은 사실상 희박해 한다는 게 중론인데요, 하지만 트럼프 대통령은 생각은...",2026-10-08 09:09,http://www.yonhapnewstv.co.kr/news/MYH20261008090751ai1,https://n.news.naver.com/mnews/article/422/0000913652?sid=104
서울대학교,스포츠동아,"하석진X정현규, 장동민에 도전장…‘데블스 플랜’ 시즌3 라인업 공개 ...","‘소사이어티 게임’에 출연했던 서울대 박사 출신 구글러 현경렬과 ‘더 타임 호텔’ 우승자 존박도 참가한다. 존박은 미국 노스웨스턴대학교 출신이다. 여기에 ‘여고추리반’에서 추리력을 보여준 재재, 보드게임을...",2026-10-08 09:09,https://sports.donga.com/ent/article/all/20261008/134807144/1,https://m.entertain.naver.com/article/382/0001297914
연세대학교,라이센스뉴스,"[금융 게시판] 하나은행, 한국바둑리그 타이틀 스폰서 참여…신한·우리...","하나은행은 2026-2027 한국바둑리그의 타이틀 스폰서로 참여하고, 신한은행은 연세대학교 기술지주회사와 손잡고 대학 기술 기반 스타트업 발굴·육성에 나선다. 우리은행은 한국남부발전의 친환경 사업에 녹색여신을...",2026-10-08 09:08,https://www.lcnews.co.kr/news/articleView.html?idxno=209371,https://www.lcnews.co.kr/news/articleView.html?idxno=209371
고려대학교,싱글리스트,'스디파' 전국투어 예매 오픈…안무가·크루 시너지 기대,"전국투어는 11월 21~22일 서울 고려대학교 화정체육관 공연으로 시작한다. 이어 광주 11월 28일, 부산 12월 5일, 대전 12월 13일, 대구 12월 19일로 이어지며 전국 5개 지역에서 총 10회 공연을 펼칠 예정이다.",2026-10-08 09:08,https://www.slist.kr/news/articleView.html?idxno=771915,https://www.slist.kr/news/articleView.html?idxno=771915
고려대학교,APSK,"걷다가 다리가 저리고, 쉬면 좋아진다면, '척추관협착증' 의심","종합적으로 고려해 치료 방향을 정해야 한다. 예방을 위해서는 적정 체중을 유지하고 등/허리와 복부 주변... 고려대학교 안암병원 신경외과 척추 분과장인 허준석 교수는 ""진료를 하다보면 요통 환자분들 중 상당수가 과거...",2026-10-08 09:08,https://www.apsk.co.kr/news/articleView.html?idxno=540674,https://www.apsk.co.kr/news/articleView.html?idxno=540674
고려대학교,뉴시스,AI·과학기술로 제주환경 보전 방안은?…12일 학술세미나,이환희 고려대 보건정책관리학부 교수는 AI를 활용한 기후변화 대응전략을 발표하며 한충훈 제주대 원자력과학기술연구소 환경동위원소측정부장은 제주의 미세먼지에 포함된 자연 방사성 핵종의 방사능 농도와 연간...,2026-10-08 09:05,https://www.newsis.com/view/NISX20261008_0003818500,https://n.news.naver.com/mnews/article/003/0014240638?sid=102
연세대학교,이뉴스투데이,"차인영 서울시의원, ""AI 행정, 시민이 체감하는 변화로 이어져야""","기조연설에는 이정훈 연세대학교 교수와 프란체스코 세네세 이탈리아 나폴리 시청 국제관계대사, 알베르트 코이플라인 독일 카를스루에 부시장이 참여했다. 이어 중국 베이징, 캐나다 몬트리올, 에스토니아 타르투...",2026-10-08 09:05,http://www.enewstoday.co.kr/news/articleView.html?idxno=2478142,http://www.enewstoday.co.kr/news/articleView.html?idxno=2478142
서울대학교,안동MBC,R]2026 국감...'TK 패싱'부터 '보고서 복붙'까지,"3대 메가 프로젝트의 특정 지역 편중, '서울대 10개 만들기' 지원 대상에서 경북대 탈락 등이 쟁점으로 꼽힙니다. 특히 '서울대 10개 만들기' 탈락과 관련해 국민의힘 대구·경북 의원들은 불공정 심사 의혹 등을 제기하며...",2026-10-08 09:04,http://andongmbc.co.kr/adboard/NewsView85159,http://andongmbc.co.kr/adboard/NewsView85159
고려대학교,아주경제,SKT·업스테이지 '독자 AI 사이버보안 협의체' 출범…AI 보안 강화,"정익래 고려대 정보보호대학원장, 권헌영 고려대 교수, 강석균 안랩 대표, 정삼용 시큐아이 대표, 조영철 파이오링크 대표, 이동범 지니언스 대표, 이정아 라온시큐어 대표, 김병무 SK쉴더스 부사장 [사진=SKT]...",2026-10-08 09:04,https://www.ajunews.com/view/20261008085931544,https://www.ajunews.com/view/20261008085931544
고려대학교,브릿지경제,"SKT-업스테이지, 국내 대표 보안기업·대학과 ‘독자 AI 사이버보안 협...","지난 7일 오후 SKT타워에서 열린 협약식에는 SKT와 업스테이지를 비롯해 SK쉴더스, 시큐아이, 안랩, 라온시큐어, 지니언스, 파이오링크 등 정보보호 기업 6개사와 고려대학교, 숭실대학교, 부산대학교 등 대학 3개교를...",2026-10-08 09:04,https://www.viva100.com/article/20261008500147,https://www.viva100.com/article/20261008500147
고려대학교,데이터뉴스,"SKT·업스테이지, ‘독자 AI 사이버보안 협의체’ 출범","협의체에는 SK텔레콤과 업스테이지를 비롯해 SK쉴더스, 시큐아이, 안랩, 라온시큐어, 지니언스, 파이오링크 등 6개 보안기업과 고려대, 숭실대, 부산대 등 3개 대학이 참여했다. 이번 협력은 정부의 ‘독자 AI 파운데이션...",2026-10-08 09:04,http://www.datanews.co.kr/news/article.html?no=146835,http://www.datanews.co.kr/news/article.html?no=146835
서울대학교,국제뉴스,"HD현대중공업 등 12개 기관, 'SMR 해양 기술 실증센터' 출범 협약","HD현대중공업, HD한국조선해양, 한국전력기술, 현대건설, 한국선급, 현대중공업터보기계, 클래드코리아, 울산테크노파크, 울산과학기술원, 서울대학교, 한국과학기술원, 한양대학교 등 12개 기관은 지난 6일...",2026-10-08 09:04,https://www.gukjenews.com/news/articleView.html?idxno=3715823,https://www.gukjenews.com/news/articleView.html?idxno=3715823
서울대학교,싱글리스트,'데블스 플랜3' 장동민·홍진호·하석진→이도·정현규…역대급 라인업...,"'대탈출' 시리즈에서 추리력을 발휘해온 슈퍼주니어 신동을 비롯해 '소사이어티 게임'에 출연했던 서울대... 여기에 서울대 출신 스타 강사이자 '모태솔로지만 연애는 하고 싶어'에 출연했던 이도, 프랑스 명문대 출신으로...",2026-10-08 09:04,https://www.slist.kr/news/articleView.html?idxno=771903,https://www.slist.kr/news/articleView.html?idxno=771903
서울대학교,스마트투데이,[한국화가 김현정 칼럼] 김홍도 '서당' 속 훈장이 화면 안으로 들어간 ...,"한국화가 김현정은 선화예중·예고와 서울대학교 경영학과·동양화과를 졸업하고, 동 대학원 동양화과에서... EBS 〈해요화 해요〉의 ‘댕기언니’로 활동했으며 서울시와 희망브리지 홍보대사를 맡고 있다. 현재 MBC 드라마...",2026-10-08 09:02,https://www.smarttoday.co.kr/ko-kr/articles/112190,https://www.smarttoday.co.kr/ko-kr/articles/112190
서울대학교,제주의소리,내 삶이 작다고 생각하지 마세요,서울대 생명과학부 이유리 교수는 최근 낸 책 『식물이 내게 가르쳐준 것들』에서 '우리는 모두 나만의 봄에 피어납니다'라고 말한다. 남들이 말하는 봄이 아니라 나만의 봄을 찾을 수 있다면 우리는 좀 더 자신의 삶을...,2026-10-08 09:02,https://www.jejusori.net/news/articleView.html?idxno=506950,https://www.jejusori.net/news/articleView.html?idxno=506950
서울대학교,동아사이언스,"""별 탄생 초기 환경, 생각보다 복잡하다""…세계 최대 전파망원경으로 확...",서울대는 이정은 물리천문학부 교수가 공동책임연구자로 이끄는 '칠레 아타카마 대형 밀리미터... 정재홍 서울대 연구원이 주도한 연구에서 새로운 302.9기가헤르츠(GHz)의 '클래스 I 메탄올 메이저' 주파수...,2026-10-08 09:01,https://www.dongascience.com/news/view/80230,https://n.news.naver.com/mnews/article/584/0000039610?sid=105
서울대학교,아이뉴스24,"젊은 별 주변 화학 환경, 알려진 것보다 다양하고 역동적 [지금은 우주...",COMPASS는 이정은 서울대 물리천문학부 교수가 공동책임연구자로 이끌고 있다. 한국·일본·대만을 포함한... 서울대 정재홍 연구원이 주도한 연구에서는 302.9기가헤르츠(GHz)의 새로운 class I 메탄올 메이저를...,2026-10-08 09:01,http://www.inews24.com/view/2012544,https://n.news.naver.com/mnews/article/031/0001064389?sid=105
고려대학교,데일리안,"AI에 정신 팔린 정부, 개인정보 다 털리는데 대책은 ‘공염불’",김승주 고려대 정보보호대학원 교수는 “과거부터 형식적으로만 해오던 보안 대처들로 인해 궁극적인 보안 허점들은 해소되지 않은 채 계속 쌓여 왔다”며 “이른바 ‘보안 부채’가 쌓이고 쌓여서 결국 어떤 한계를...,2026-10-08 09:01,https://www.dailian.co.kr/news/view/1699186/?sc=Naver,https://n.news.naver.com/mnews/article/119/0003140683?sid=105
고려대학교,YTN,현실화된 'AI 해킹'...금융권 넘어 일상 곳곳 사각지대 [뉴스UP],■ 진행 : 이세나 앵커 ■ 출연 : 임종인 고려대 정보보호대학원 명예교수 * 아래 텍스트는 실제 방송 내용과... 임종인 숭실대학교 AI위원회 AI 위원장 나오셨습니다. [임종인] 안녕하세요. 임종인입니다. [앵커] 최근...,2026-10-08 09:01,https://www.ytn.co.kr/_ln/0102_202610080901537313,https://n.news.naver.com/mnews/article/052/0002416126?sid=101
연세대학교,연합뉴스,남극 얼음 아래서 찾은 비밀…거대 철광층 형성 단서 발견,"연세대와 성균관대, 극지연구소 등이 참여하는 연구진은 남극 라르센 C 빙붕 아래 해저 퇴적물에서... 연구 논문의 제1저자인 윤재경 연세대 연구교수는 ""1만여 년의 기록이 담긴 남극 퇴적층을 분석해 당시 환경과...",2026-10-08 09:00,https://www.yna.co.kr/view/AKR20261008007200017?input=1195m,https://n.news.naver.com/mnews/article/001/0016364748?sid=101
연세대학교,조선일보,[유성룡의 입시포인트] 2026학년도 전국 4년제 대학 신입생 충원율,7%포인트 상승한 것은 2025학년도에 2024학년도 대학입시에서 반도체 등 첨단 분야 관련 모집단위가 신설 또는 확대되면서 서울대·연세대·고려대 등 상위권 대학의 모집 정원을 증원한 것과 간호학과 등...,2026-10-08 09:00,https://edu.chosun.com/site/data/html_dir/2026/10/07/2026100780078.html,https://edu.chosun.com/site/data/html_dir/2026/10/07/2026100780078.html
연세대학교,충청리뷰,1회 대한민국 영케어러 위크…전국 가족돌봄아동 발굴·지원 나서,"주요 행사는 △23일 영케어러 토크콘서트 '애프터 스토리'(숭실대학교) △28일 온라인 세미나 '영케어러, 어떻게 발견할 것인가' △29일 영케어러 위크 기념행사(연세대 그랜드볼룸) △30일 정책토론회 '위기아동·청년법...",2026-10-08 09:00,https://www.ccreview.co.kr/news/articleView.html?idxno=359375,https://www.ccreview.co.kr/news/articleView.html?idxno=359375
고려대학교,THE-BIZ,[THE CEO] 김남구 한국투자금융지주 회장,1963년 전남 강진에서 김재철 동원그룹 명예회장의 장남으로 태어난 김 회장은 서울 경성고와 고려대 경영학과를 졸업했다. 1991년 일본 게이오대 대학원에서 경영관리학 석사학위를 취득한 뒤 2015년 중국 칭화대 E...,2026-10-08 09:00,http://www.the-biz.co.kr/news/articleView.html?idxno=728416,http://www.the-biz.co.kr/news/articleView.html?idxno=728416
서울대학교,뉴스핌,"ETS 토플, 서울 주요 4개 대학 캠퍼스 투어 진행","2일까지 서울 소재 4개 대학에서 진행한 '2026 ETS 토플 캠퍼스 투어'를 마쳤다고 밝혔다. 2026 ETS 토플 캠퍼스 투어 행사 사진 이번 캠퍼스 투어는 숙명여자대학교, 서울대학교, 서강대학교, 숭실대학교에서...",2026-10-08 09:00,https://www.newspim.com/news/view/20261008000132,https://www.newspim.com/news/view/20261008000132
서울대학교,시원의소리,"초혼부터 재혼까지 맞춤 케어… 결혼정보회사 엔노블, 프라이버시 중심...","또한, 결혼정보회사 엔노블은 서울대, 연세대, 고려대 등 32개 명문대 동문회 단독 제휴 인프라를 바탕으로 확보한 안정적인 회원 인프라를 활용하여, 초혼 회원은 물론 재혼 회원들의 다양한 특수성을 배려한 핀셋 매칭을...",2026-10-08 09:00,https://www.swtvnews.com/news/newsview.php?ncode=1065604447013366,https://www.swtvnews.com/news/newsview.php?ncode=1065604447013366
연세대학교,비즈워크,마포 대흥동 '이대역 마포 프론티어' 2차 모집…최대 10년 임대,"사업지 반경 약 1㎞ 안팎에 초·중·고교가 분포해 있으며 이화여자대학교와 서강대학교, 연세대학교, 홍익대학교 등 서울 서북권 주요 대학도 비교적 가깝다. 생활편의시설로는 현대백화점 신촌점과 대형마트, 전통시장...",2026-10-08 09:00,https://www.bizwork.co.kr/news/articleView.html?idxno=419660,https://www.bizwork.co.kr/news/articleView.html?idxno=419660
서울대학교,조선일보,[유성룡의 입시포인트] 2026학년도 전국 4년제 대학 신입생 충원율,"7%, 경희대·광운대·동양대·목원대·서울시립대 99.6%, 경성대·서울대·영남대 99.5%, 국립부경대·부산교대·세종대·이화여대 99.4%, 성신여대·한동대 99.3%, 가천대·평택대 99.2%, 우석대 99.1%, 가톨릭대·고려대...",2026-10-08 09:00,https://edu.chosun.com/site/data/html_dir/2026/10/07/2026100780078.html,https://edu.chosun.com/site/data/html_dir/2026/10/07/2026100780078.html
서울대학교,뉴스케이알,"최찬중 초이스외과의원 대표원장 ""혈관질환, 진단부터 치료·관리까지 ...",서울 중구에 있는 초이스외과의원은 이러한 혈관질환에 특화된 진료를 제공하고 있다. 최근 혈관외과... 서울대학교병원 본원 이식혈관외과 전임의와 인하대학교병원 혈관외과 임상강사 등을 거친 이지선 원장에 이어...,2026-10-08 09:00,http://www.newskr.kr/news/articleView.html?idxno=106955,http://www.newskr.kr/news/articleView.html?idxno=106955
고려대학교,조선일보,[유성룡의 입시포인트] 2026학년도 전국 4년제 대학 신입생 충원율,서울대·연세대·고려대 등 상위권 대학의 모집 정원을 증원한 것과 간호학과 등 보건계열 모집단위의... 여부를 고려하라는 조언 등에 영향을 받은 것 때문으로 분석된다. 2026학년도 대학별 신입생 충원율을...,2026-10-08 09:00,https://edu.chosun.com/site/data/html_dir/2026/10/07/2026100780078.html,https://edu.chosun.com/site/data/html_dir/2026/10/07/2026100780078.html
서울대학교,시선뉴스,[정책브리핑] 2026년 10월 08일 목요일 주요 정책,"또한, 서울역 인근 피해자 소통공간에서도 신청 상담을 받을 수 있다. 특히, 기존 「가습기살균제... 수상자로 서울대학교 물리천문학부 이정은 교수를 선정하였다. 대한민국 과학기술인상은 최근 3년간 독창적인 연구...",2026-10-08 09:00,http://www.sisunnews.co.kr/news/articleView.html?idxno=247363,http://www.sisunnews.co.kr/news/articleView.html?idxno=247363
고려대학교,시원의소리,"초혼부터 재혼까지 맞춤 케어… 결혼정보회사 엔노블, 프라이버시 중심...","또한, 결혼정보회사 엔노블은 서울대, 연세대, 고려대 등 32개 명문대 동문회 단독 제휴 인프라를 바탕으로 확보한 안정적인 회원 인프라를 활용하여, 초혼 회원은 물론 재혼 회원들의 다양한 특수성을 배려한 핀셋 매칭을...",2026-10-08 09:00,https://www.swtvnews.com/news/newsview.php?ncode=1065604447013366,https://www.swtvnews.com/news/newsview.php?ncode=1065604447013366
고려대학교,중앙일보,"티디에스이노베이션, 저지연·저전력 AI칩 위한 2D 반도체 공정 개발","한편 이번 Nature 연구는 티디에스이노베이션과 KAIST 강기범·최성율·양희준 교수, UNIST 김병조 교수, 한양대학교 김우희 교수, 포스텍 김종환 교수, 성균관대학교 홍영준 교수, 고려대학교 김용주 교수, MIT 김지환 교수...",2026-10-08 09:00,https://www.joongang.co.kr/article/25468087,https://n.news.naver.com/mnews/article/025/0003556536?sid=101
연세대학교,시원의소리,"초혼부터 재혼까지 맞춤 케어… 결혼정보회사 엔노블, 프라이버시 중심...","또한, 결혼정보회사 엔노블은 서울대, 연세대, 고려대 등 32개 명문대 동문회 단독 제휴 인프라를 바탕으로 확보한 안정적인 회원 인프라를 활용하여, 초혼 회원은 물론 재혼 회원들의 다양한 특수성을 배려한 핀셋 매칭을...",2026-10-08 09:00,https://www.swtvnews.com/news/newsview.php?ncode=1065604447013366,https://www.swtvnews.com/news/newsview.php?ncode=1065604447013366
고려대학교,더페어,"""K-보안 역량 결집""…SKT·업스테이지, 11개 기관과 '독자 AI 사이버보안...","지난 7일 서울 SKT타워에서 열린 협약식에는 SKT와 업스테이지를 포함해 SK쉴더스, 안랩, 시큐아이, 라온시큐어, 지니언스, 파이오링크 등 보안 기업 6곳과 고려대, 숭실대, 부산대 등 3개 대학까지 총 11개 기관이 뜻을...",2026-10-08 08:58,https://www.thefairnews.co.kr/news/articleView.html?idxno=90083,https://www.thefairnews.co.kr/news/articleView.html?idxno=90083
서울대학교,스포츠서울,"“40년의 전설, 한국에서 다시 열린다”…韓 최초 ‘오페라의 유령’ 윤...",서울대 성악과 출신인 그는 당시 한국어 프로덕션의 첫 ‘크리스틴’으로 강렬한 인상을 남겼다.... 40주년 스페셜 시즌은 오는 12월 22일부터 2027년 2월 28일까지 서울 용산구 블루스퀘어 우리은행홀에서 펼쳐진다....,2026-10-08 08:57,https://www.sportsseoul.com/news/read/1640179?ref=naver,https://m.entertain.naver.com/article/468/0001271368
고려대학교,FETV,"[포토] SKT·업스테이지, '독자 AI 사이버보안 협의체' 출범","6곳과 고려대·숭실대·부산대 등 총 11개 기관이 참여한다. 참여 기관들은 보안 데이터를 활용해 SKT의 'A.X K'와 업스테이지의 '솔라'를 고도화하고, 상호 레드티밍과 대학 독립 평가를 거쳐 보안 제품·서비스 적용을...",2026-10-08 08:56,https://www.fetv.co.kr/news/articleView.html?idxno=311421,https://www.fetv.co.kr/news/articleView.html?idxno=311421
고려대학교,뉴시스,"독파모 경쟁 SKT·업스테이지, '사이버보안 AI' 손잡는다","협의체에는 SK텔레콤과 업스테이지를 비롯해 SK쉴더스, 시큐아이, 안랩, 라온시큐어, 지니언스, 파이오링크 등 정보보호 기업 6곳과 고려대, 숭실대, 부산대 등 대학 3곳을 포함해 총 11개 기관이 참여했다. 이번 협력으로...",2026-10-08 08:56,https://www.newsis.com/view/NISX20261008_0003818462,https://n.news.naver.com/mnews/article/003/0014240609?sid=105
서울대학교,아주경제,24년째 대학 강단 선 김남구 회장…한국투자증권의 남다른 '인재 사랑',지난 1일 서울대에서 2시간 동안 채용설명회를 진행한 데 이어 7일에는 고려대를 방문해 학생들과 만났다.... 8일 금융투자업계에 따르면 김 회장은 지난 7일 서울 성북구 고려대 서울캠퍼스 100주년기념관에서 열린...,2026-10-08 08:54,https://www.ajunews.com/view/20261008085049478,https://www.ajunews.com/view/20261008085049478
고려대학교,AITIMES,"SKT·업스테이지, 국내 대표 보안기업·대학과 '독자 AI 사이버보안 협의...","7일 오후 SKT타워에서 열린 협약식에는 SKT와 업스테이지를 비롯해 SK쉴더스, 시큐아이, 안랩, 라온시큐어, 지니언스, 파이오링크 등 정보보호 기업 6개사와 고려대학교, 숭실대학교, 부산대학교 등 대학 3개교를 포함해...",2026-10-08 08:54,https://www.aitimes.kr/news/articleView.html?idxno=42216,https://www.aitimes.kr/news/articleView.html?idxno=42216
연세대학교,아주경제,24년째 대학 강단 선 김남구 회장…한국투자증권의 남다른 '인재 사랑',[사진=한국투자증권] 김남구 한국금융지주 회장이 올해도 직접 대학을 찾아 신입사원 채용에 나섰다. 지난... 지난달 29일 성균관대 채용설명회에 참석했으며 오는 13일에는 연세대를 방문할 예정이다.,2026-10-08 08:54,https://www.ajunews.com/view/20261008085049478,https://www.ajunews.com/view/20261008085049478
고려대학교,아주경제,24년째 대학 강단 선 김남구 회장…한국투자증권의 남다른 '인재 사랑',지난 1일 서울대에서 2시간 동안 채용설명회를 진행한 데 이어 7일에는 고려대를 방문해 학생들과 만났다. 국내 대형 금융그룹 회장이 직접 대학 강단에 서서 회사의 미래를 설명하고 예비 지원자들의 질문에 답하는...,2026-10-08 08:54,https://www.ajunews.com/view/20261008085049478,https://www.ajunews.com/view/20261008085049478
고려대학교,이로운넷,"SKT·업스테이지, 11개 기업·대학과 맞손...'독자 AI 사이버보안 협의체...","협의쳬에는 SKT, 업스테이지를 포함해 SK쉴더스, 시큐아이, 안랩, 라온시큐어, 지니언스, 파이오링크 등 정보보호 기업 6곳, 고려대학교, 숭실대학교, 부산대학교 등 대학 3곳 등이 참여했다. 이번 협약은 정부의 '독자 AI...",2026-10-08 08:52,https://www.eroun.net/news/articleView.html?idxno=91889,https://www.eroun.net/news/articleView.html?idxno=91889
서울대학교,톱스타뉴스,"'오페라의 유령' 40주년, 한국 첫 유령 윤영석·크리스틴 김소현 ""인생 ...",서울대 성악과 출신인 김소현은 2001년 초연에서 크리스틴 역에 발탁되며 본격적인 뮤지컬 행보를... 한편 '오페라의 유령' 40주년 스페셜 시즌은 서울 한정 공연으로 진행된다. 공연은 2026년 12월 22일부터 2027년 2월...,2026-10-08 08:50,https://www.topstarnews.net/news/articleView.html?idxno=16241330,https://www.topstarnews.net/news/articleView.html?idxno=16241330
고려대학교,데일리한국,"SKT, 업스테이지·보안기업·대학과 AI 정보보호 기술 협력","협약식은 지난 7일 SKT타워에서 열렸으며, SKT와 업스테이지를 비롯해 SK쉴더스, 시큐아이, 안랩, 라온시큐어, 지니언스, 파이오링크 등 정보보호 기업 6개사와 고려대학교, 숭실대학교, 부산대학교 등 대학 3개교를...",2026-10-08 08:48,https://daily.hankooki.com/news/articleView.html?idxno=1413000,https://daily.hankooki.com/news/articleView.html?idxno=1413000
서울대학교,굿모닝충청,[어원 상고사 기행] 평양 천도와 고리 영토의 의문,"언어학의 경우는 서울대 이기문(1930~2020) 학파의 주장만 있고, 역사학의 경우는 서울대 이병도(1896~1989)의 주장만 있습니다. 그런데 학문이 무슨 종교나 절대 진리도 아니고, 어떤 현상에 대한 의견인데, 이렇게까지 독점이...",2026-10-08 08:46,https://www.goodmorningcc.com/news/articleView.html?idxno=453646,https://www.goodmorningcc.com/news/articleView.html?idxno=453646
연세대학교,뉴스1,[부고] 유훈 씨(셀리콘바이오 대표) 부친상,"■ 유복모 씨(연세대 명예교수) 별세, 최연순 씨 남편상, 유훈 씨(셀리콘바이오 대표) 부친상 = 6일 오후 6시, 신촌세브란스병원 장례식장 12호실, 발인 9일 오전 8시, 장지 능인선원. (02)2227-7500 * 부고 게재 문의는...",2026-10-08 08:44,https://www.news1.kr/bio/general/6313802,https://n.news.naver.com/mnews/article/421/0009216317?sid=102
고려대학교,디지털투데이,"SKT·업스테이지, '독자 AI 사이버보안 협의체' 출범...국내 보안 기업·...","레드티밍 설계와 평가는 참여 대학이 제3자 입장에서 맡는다. 고려대학교는 AI 실행 파일 분석 능력과 공격에 대한 방어력을, 숭실대학교는 AI 보안 성능 평가 기준과 안전장치(가드레일) 우회 공격 대응력을...",2026-10-08 08:42,https://www.digitaltoday.co.kr/news/articleView.html?idxno=705765,https://www.digitaltoday.co.kr/news/articleView.html?idxno=705765
고려대학교,메디컬투데이,"한은, 신임 부총재보에 최영주 금융시장국장 임명","높이고, 우리 경제의 대외안정성을 강화할 것""으로 평가했다. 한편, 최 부총재보는 1972년생으로 전주신흥고와 고려대 경제학과를 졸업하고 미국 미시간주립대에서 경제학 석사 학위를 취득한 뒤 1997년 한국은행에 입행했다.",2026-10-08 08:40,https://www.mdtoday.co.kr/news/articleView.html?idxno=617755,https://www.mdtoday.co.kr/news/articleView.html?idxno=617755
고려대학교,스포츠조선,뇌졸중 재발 위험 높이는 대기오염물질 정체는 '아황산가스',"고려대학교 구로병원 신경과 이건주 교수·순천향대학교 의료IT공학과 황정은 교수·분당서울대학교병원... 때 고려할 필요가 있음을 보여준다""고 말했다. 이어 ""관찰연구인 만큼 아황산가스가 재발의 직접적인...",2026-10-08 08:39,https://www.sportschosun.com/life/2026-10-08/202610080100053630003462,https://n.news.naver.com/mnews/article/076/0004454209?sid=102
서울대학교,스포츠조선,뇌졸중 재발 위험 높이는 대기오염물질 정체는 '아황산가스',고려대학교 구로병원 신경과 이건주 교수·순천향대학교 의료IT공학과 황정은 교수·분당서울대학교병원 신경과 김성은·배희준 교수 공동 연구팀이 급성 허혈성 뇌졸중 환자의 퇴원 후 아황산가스(SO2) 노출과...,2026-10-08 08:39,https://www.sportschosun.com/life/2026-10-08/202610080100053630003462,https://n.news.naver.com/mnews/article/076/0004454209?sid=102
고려대학교,헤럴드경제,"AI 보안 ‘총력전’ 나선다…SKT·업스테이지, ‘독자 AI 사이버보안 협...","협의체에는 SKT, 업스테이를 포함해 SK쉴더스, 시큐아이, 안랩, 라온시큐어, 지니언스, 파이오링크 등 정보보호 기업 6곳, 고려대학교, 숭실대학교, 부산대학교 등 대학 3곳 등이 참여했다. 우선 SKT와 업스테이지는 참여...",2026-10-08 08:36,https://biz.heraldcorp.com/article/10896377?ref=naver,https://n.news.naver.com/mnews/article/016/0002706759?sid=105
서울대학교,파이낸셜뉴스,[새책] 부동산 트렌드 2027,"김경민 서울대 환경대학원 교수 등 5명의 저자는 빅데이터로 서울과 전국 광역시의 아파트, 서울 빌라 시장을 분석한다. 교통망과 고임금 일자리를 중심으로 서울과 경기 주요 지역이 연결되는 '대서울 역삼각권'을...",2026-10-08 08:31,https://www.fnnews.com/news/202610080521018841,https://n.news.naver.com/mnews/article/014/0005586500?sid=103
고려대학교,파이낸셜뉴스,퇴원 후 아황산가스 오래 마시면 뇌졸중 재발 위험↑ [헬스체크],"고려대 구로병원 신경과 이건주·순천향대 의료IT공학과 황정은·분당서울대병원 신경과 김성은·배희준... 때 고려할 필요가 있음을 보여준다""고 말했다. 이어 ""관찰연구인 만큼 아황산가스가 재발의 직접적인...",2026-10-08 08:29,https://www.fnnews.com/news/202610080824061882,https://n.news.naver.com/mnews/article/014/0005586497?sid=103
고려대학교,e의료정보,"뇌졸중 재발 위험, 아황산가스 장기 노출과 연관","특히 노출 기간이 길어질수록 연관성이 뚜렷해져 뇌졸중 이차예방에서 생활환경에 대한 고려가 필요하다는 분석이다. 고려대학교 구로병원 신경과 이건주 교수, 순천향대학교 의료IT공학과 황정은 교수...",2026-10-08 08:28,http://www.kmedinfo.co.kr/news/articleView.html?idxno=98098,http://www.kmedinfo.co.kr/news/articleView.html?idxno=98098
서울대학교,e의료정보,"뇌졸중 재발 위험, 아황산가스 장기 노출과 연관","고려대학교 구로병원 신경과 이건주 교수, 순천향대학교 의료IT공학과 황정은 교수, 분당서울대학교병원 신경과 김성은·배희준 교수 공동 연구팀은 급성 허혈성 뇌졸중 환자의 퇴원 후 대기오염 노출과 재발 위험을...",2026-10-08 08:28,http://www.kmedinfo.co.kr/news/articleView.html?idxno=98098,http://www.kmedinfo.co.kr/news/articleView.html?idxno=98098
연세대학교,더밸류뉴스,"박용갑 의원 “의료기기 실증센터·특성화대학원, 5극 3특 권역별 구축...","8일 국회 보건복지위원회 소속 박용갑 더불어민주당 의원(대전 중구)은 ""의료기기 실증지원센터 역시 수도권에 편중돼 있으며, 정부가 지정한 의료기기 특성화대학원 3곳도 연세대·성균관대·동국대 등 모두 서울에...",2026-10-08 08:24,http://www.thevaluenews.co.kr/news/view.php?idx=202188,http://www.thevaluenews.co.kr/news/view.php?idx=202188
연세대학교,인터뷰365,"[Interview人 동정] 한글 반포 580돌...김슬옹 박사, '한글이 한류다' 펴...","졸업하고 연세대에서 훈민정음학, 동국대에서 국어교육학, 상명대에서 문학으로 박사 학위를 받았다. 현재 세종국어문화원 원장이자 한국외국어대학교 교육대학원 객원교수다. 간송미술관의 요청으로 '훈민정음...",2026-10-08 08:22,http://www.interview365.com/news/articleView.html?idxno=112207,http://www.interview365.com/news/articleView.html?idxno=112207
서울대학교,불교신문,리앤원재단 '인도·신라·일본 밀교 조명' 국제학술강연회,"강연에 앞서 이주형 서울대 명예교수가 강연 주제와 강연자를 소개하며, 세 강연이 끝난 뒤에는 이 교수의 사회로 라운드테이블이 이어진다. 강연은 한국어와 영어로 진행되며, 각각 동시통역이 제공된다. 이에 앞서 10월...",2026-10-08 08:22,http://www.ibulgyo.com/news/articleView.html?idxno=442937,http://www.ibulgyo.com/news/articleView.html?idxno=442937
고려대학교,비즈워치,AI 해킹에 멈칫한 금융권 망분리…완화론 vs 신중론,"권헌영 고려대 정보보호대학원 교수는 ""제로트러스트(Zero Trust·모든 단계마다 보안 적용)를 할 수 있는 환경을 만들어 놓고 망분리를 나가야 한다""며 ""보안을 위해 혁신을 하지 말자는 게 아니라 혁신을 하면서 보안을...",2026-10-08 08:20,https://news.bizwatch.co.kr/article/finance/2026/10/07/0036,https://n.news.naver.com/mnews/article/648/0000051418?sid=101
서울대학교,여성소비자신문,세종대 '공공기관 채용 분석' 프로그램 운영...Big Data & AI MBA 과정 융...,세종대학교는 공공기관 채용 분석 프로그램을 운영하며 Big Data & AI MBA 과정을 통해 융합형 인재를... 서울대학교 동양화과 교수인 조인호 작가는 전통 수묵산수를 바탕으로 자연을 직접 경험하고 그 과정에서 느낀...,2026-10-08 08:16,http://www.wsobi.com/news/articleView.html?idxno=319364,http://www.wsobi.com/news/articleView.html?idxno=319364
서울대학교,오마이뉴스,"""차라리 남남으로 살자""는 사람들, 눈 감는다고 평화가 올까","▲  김성윤 합동참모본부 정보분석처장이 5일 서울 용산구 국방부에서 열린 비무장지대(DMZ) 지뢰 폭발... 서울대 통일평화연구원의 최근 조사에서 국민 10명 중 4명(39.1%)이 ""통일은 불가능하다""고 답했다. 81.8%는 이미...",2026-10-08 08:11,https://www.ohmynews.com/NWS_Web/View/at_pg.aspx?CNTN_CD=A0003273419&CMPT_CD=P0010&utm_source=naver&utm_medium=newsearch&utm_campaign=naver_news,https://n.news.naver.com/mnews/article/047/0002531533?sid=104
서울대학교,인터뷰365,[김지수 시인의 좋은 시 365] 방민호 시인의 '선악에 관하여',"산문집 '서울문학기행'에서는 서울의 공간을 작가들의 삶과 작품을 따라 살펴보며 문학적 의미를 새롭게 조명했습니다 방민호 시인은 서울대학교 국어국문학과 교수로 재직하며 한글과 한국어, 한국문학을 주제로...",2026-10-08 08:10,http://www.interview365.com/news/articleView.html?idxno=112201,http://www.interview365.com/news/articleView.html?idxno=112201
서울대학교,시사인,이문영 “한국∙폴란드처럼 우크라이나 외교에 당한 나라 많아” [김은...,"■ 진행 : 김은지 기자 ■ 출연 : 김종대 전 의원, 이문영 서울대학교 통일평화연구원 교수 이문영 “작년 8월... PD, 백정하·한지훈 수습PD 진행: 김은지 기자 출연: 김종대 전 의원, 이문영 서울대학교 통일평화연구원 교수",2026-10-08 08:10,https://www.sisain.co.kr/news/articleView.html?idxno=58644,https://n.news.naver.com/mnews/article/308/0000038839?sid=100
서울대학교,더벨,"[더벨][현장 줌인] 손주은 메가스터디 회장 ""벤처투자 선순환 핵심은 '사...",행사는 LP-VC 미팅을 시작으로 손 회장과 이영민 서울대 교수(전 한국벤처투자 대표)의 강연 순으로 진행됐다. 손주은 메가스터디 회장은 7일 부산 벡스코에서 열린 FLY ASIA 행사에서 강연을 진행했다. 손 회장은 벤처투자...,2026-10-08 08:08,https://www.thebell.co.kr/free/content/ArticleView.asp?key=202610080723004520106295,https://www.thebell.co.kr/free/content/ArticleView.asp?key=202610080723004520106295
서울대학교,뉴스1,박경리문학상 특별상 '우리이음상'에 번역가 안톤 허…첫 수상,1981년 스웨덴 스톡홀름에서 태어난 안톤 허는 고려대학교에서 법학과 심리학을 전공하고 서울대학교 대학원에서 빅토리아 시대 시(Victorian poetry)를 전공했다. 2016년부터 국제 번역 활동을 본격화했고 2024년 더블린...,2026-10-08 08:07,https://www.news1.kr/life-culture/book/6313662,https://n.news.naver.com/mnews/article/421/0009216254?sid=103
고려대학교,뉴스1,박경리문학상 특별상 '우리이음상'에 번역가 안톤 허…첫 수상,1981년 스웨덴 스톡홀름에서 태어난 안톤 허는 고려대학교에서 법학과 심리학을 전공하고 서울대학교 대학원에서 빅토리아 시대 시(Victorian poetry)를 전공했다. 2016년부터 국제 번역 활동을 본격화했고 2024년 더블린...,2026-10-08 08:07,https://www.news1.kr/life-culture/book/6313662,https://n.news.naver.com/mnews/article/421/0009216254?sid=103
고려대학교,더나은미래,[People&Planet] 대체투자 자산운용사에 왜 '사회공헌추진단'이 생겼을까,"고려대학교 부동산금융학회 KREDIT 학생들과는 '도시와 자본을 설계하다'를 주제로 블라인드 펀드, 밸류애드 전략, 업계 커리어 설계에 대해 이야기했다. 성균관대학교 부동산금융학회 SRF 학생들과는 '투자 너머의 가치를...",2026-10-08 08:02,https://futurechosun.com/?p=162337,https://futurechosun.com/?p=162337
고려대학교,뉴스1,'승정원일기'부터 한시까지…고전번역 문체 개선 논의,"충남대학교 인문대학 문원강당에서 연다. 학술대회에서는 역사문헌과 한시, 산문인 서찰 등의 실제 번역... 종합토론은 김우정 단국대학교 교수가 좌장을 맡는다. 최일영 고려대학교 교수와 서담원 성균관대학교 교수...",2026-10-08 08:02,https://www.news1.kr/life-culture/book/6313661,https://n.news.naver.com/mnews/article/421/0009216252?sid=103
고려대학교,이뉴스투데이,"AI가 취약점 찾아 공격···잇따른 해킹사태 교훈, ""보안공식 바뀌었다...","김승주 고려대 정보보호대학원 교수는 ""획일적인 물리적 망분리에서 벗어나 N2SF를 기반으로 AI에는 AI로 대응하는 체계를 만들어야 한다""면서 ""취약점을 숨기게 만들기보다 먼저 찾아 고치도록 유도하자는 취지""라고...",2026-10-08 08:00,http://www.enewstoday.co.kr/news/articleView.html?idxno=2477830,http://www.enewstoday.co.kr/news/articleView.html?idxno=2477830
고려대학교,뉴시스,"지방은행 해킹 '비상'…""더 취약"" vs ""단정할 수 없어""","강형우 고려대 정보보호대학원 교수는 8일 뉴시스와의 통화에서 ""자산 규모와 수익이 차이가 꽤 나기 때문에 그 규모에 따라 (보안에) 투자하는 인력이나 금액의 차이가 있다""며 ""이것이 보안 수준의 차이로 이어질 수 있다...",2026-10-08 08:00,https://www.newsis.com/view/NISX20261007_0003817958,https://n.news.naver.com/mnews/article/003/0014240493?sid=102
서울대학교,뉴데일리경제,"국립대병원, 복지부 이관 후 첫 국감 … 수도권 쏠림 막을 '금융지원' 구...","병원별로는 서울대치과병원이 48%로 가장 높았고 충남대병원 43.1%, 강원대병원 39.67%, 부산대병원 38.3%, 전북대병원 38.2%, 경상국립대병원 36%, 제주대병원 34% 등의 순이었다. 전체 17곳 가운데 9곳에서 내용연수를 넘긴 장비...",2026-10-08 08:00,https://biz.newdaily.co.kr/site/data/html/2026/10/07/2026100700385.html,https://biz.newdaily.co.kr/site/data/html/2026/10/07/2026100700385.html
서울대학교,청년일보,"[기자수첩] 수도권엔 '닥공', 지방엔 빈집…균형성장 거스른 정부의 '엇...",서울 집값과 전월세 불안을 잡겠다는 취지 자체는 이해할 만하다. 그러나 국정과제로 내건 '5극 3특'과... '서울대 10개 만들기'와 공공기관 2차 이전이 제 효과를 내려면 사람이 내려가 살 집과 일자리가 함께 준비돼...,2026-10-08 08:00,https://www.youthdaily.co.kr/news/article.html?no=228036,https://www.youthdaily.co.kr/news/article.html?no=228036
고려대학교,위키트리,25곳 모두 “수용 어렵다”..한밤중 35주 산모 위해 벌어진 긴급 작전,"수도권의 고려대안암병원과 고려대안산병원, 아주대병원, 가천대길병원을 비롯해 충북대병원과 충남대병원, 단국대병원, 양산부산대병원 등에서도 산과 전문의가 기준에 미달했다. 신생아 치료 인력도 부족하다....",2026-10-08 07:58,https://www.wikitree.co.kr/articles/1164692,https://www.wikitree.co.kr/articles/1164692
연세대학교,KBS,"충주의료원, 원격중환자실 협력 네트워크 정식 운영","충주의료원이 연세대 원주세브란스기독병원과 연계한 원격 중환자실 협력 네트워크 사업을 정식 운영합니다. 이는 권역 간 공공의료 협력 체계로, 거점 병원인 원주세브란스기독병원에 구축된 관련 통합관제시스템으로...",2026-10-08 07:55,https://news.kbs.co.kr/news/pc/view/view.do?ncd=8680586&ref=A,https://n.news.naver.com/mnews/article/056/0012269993?sid=102
서울대학교,핀포인트뉴스,포니정 영리더상에 안세영·김도형 교수…'도전과 혁신' 젊은 리더 선정,시상식은 오는 11월 25일 서울 강남구 삼성동 아이파크타워 포니정홀에서 열린다. 수상자에게는 각각 상금... 서울대 재료공학부를 졸업한 뒤 UC버클리에서 박사학위를 받고 스탠퍼드대 박사후연구과정을 거쳐 2022년...,2026-10-08 07:54,https://www.pinpointnews.co.kr/news/articleView.html?idxno=493537,https://www.pinpointnews.co.kr/news/articleView.html?idxno=493537
서울대학교,아주경제,서울대 차기 총장 3파전 압축…강준호·최해천·이재영 교수,"com 제29대 서울대학교 총장 선거 예비후보자로 나선 4인. (왼쪽부터) 최해천, 김현철, 이재영, 강준호 후보(기호순). [사진=서울대 홈페이지] 서울대학교를 이끌 제29대 총장 선거 레이스가 강준호 사범대학 교수...",2026-10-08 07:52,https://www.ajunews.com/view/20261008074703279,https://www.ajunews.com/view/20261008074703279
서울대학교,한국강사신문,"서울대학교 조인호 교수팀, 구름에 가린 위성영상으로도 건축물 피해 예...",조인호 서울대학교 건축학과 교수(교신저자) [사진출처=서울대학교]  서울대학교 공과대학 건축학과 조인호 교수 연구팀이 재난 직후 위성영상 일부가 구름이나 연기 등에 가려진 상황에서도 도시 단위의 건축물 피해를...,2026-10-08 07:50,https://www.lecturernews.com/news/articleView.html?idxno=211699,https://www.lecturernews.com/news/articleView.html?idxno=211699
고려대학교,MBC,"'AI로 해킹'? 증거 나왔다 ""AI가 딥시크·클로드 동원해서‥"" [모닝콜]","■ 방송 : MBC 뉴스투데이 (월~금 오전 06:00, 토 오전 07:00) ■ 진행 : 손령 ■ 대담자 : 김승주 고려대학교 정보보호대학원 교수, 대통령직속 국가인공지능전략위원회 보안특위 위원 손령> 투데이 모닝콜입니다. 최근 금융사...",2026-10-08 07:42,https://imnews.imbc.com/replay/2026/nwtoday/article/6856502_37012.html,https://n.news.naver.com/mnews/article/214/0001527832?sid=101
고려대학교,MHN스포츠,"영탁, 익숙함 ‘꺾어’ 새 역사 열었다…‘시간여행’으로 완성한 ‘TA...",영탁은 지난 10월 3일부터 5일까지 서울 고려대학교 화정체육관에서 ‘2026 YOUNGTAK CONCERT [ TAK SHOW 5 : TAK TO THE FUTHURE ]’(이하 ‘TAK SHOW5’)를 개최했다. 공연장은 현장을 가득 메운 팬덤 ‘영탁앤블루스’(이하 ‘영블스’...,2026-10-08 07:42,https://mhnse.com/news/articleView.html?idxno=1579207,https://m.entertain.naver.com/article/445/0000473217
연세대학교,PCKWORLD,본교단 올해 군종사관후보생 합격자 4명… 최근 5년 중 최소,"지난 9월 29일 발표된 2026년 기독교 군종사관후보생 최종 합격자 20명 중 본교단 소속은 장신대 3명, 연세대 1명으로, 지난해 8명에서 절반으로 줄었다. 교단별로는 감리교 8명이 가장 많았고, 본교단과 합동이 각각 4명...",2026-10-08 07:30,http://www.pckworld.com/article.php?aid=11239127418,http://www.pckworld.com/article.php?aid=11239127418
서울대학교,오마이뉴스,'카메라 뒤에 사람 있다'... 한빛이 바꾼 방송계,은퇴 교사인 부부는 서울에서 벗어나 온천으로 유명한 도고에 계시는데 땅집이 주는 온기와 선생님이... 한빛이 빛으로 와 어둠을 밝힌 곳들 서울대 사회학과를 졸업한 한빛은 2016년 CJ ENM에 PD로 입사해 드라마 제작국에서...,2026-10-08 07:26,https://www.ohmynews.com/NWS_Web/View/at_pg.aspx?CNTN_CD=A0003271614&CMPT_CD=P0010&utm_source=naver&utm_medium=newsearch&utm_campaign=naver_news,https://n.news.naver.com/mnews/article/047/0002531529?sid=102
서울대학교,가스신문,[전문가 기고] CO₂ 배출 줄이는 최적의 신에너지 '수소'가 가야 할 길 ...,"등 주요 선진국의 중장기 정책 트렌드와 원천기술 확보 전략을 면밀히 분석하고, 이를 바탕으로 일관성 있고 한발 앞선 정책적·기술적 통찰력을 발휘해 나아가야 할 것이다. 서울대 공과대학 기계공학부 박상욱 교수",2026-10-08 07:18,https://www.gasnews.com/news/articleView.html?idxno=127074,https://www.gasnews.com/news/articleView.html?idxno=127074
서울대학교,아시아경제,"김명자 국민통합위 고문 ""AI가 IQ 맡는 시대…인간다움이란""[파워K우먼]",서울대 화학과를 졸업하고 미국 버지니아대에서 이학박사 학위를 받았다. 숙명여대 교수 등을 거쳐 1999~2003년 환경부 장관을 지냈으며 김대중 정부 최장수 장관으로 기록됐다. 제17대 국회의원...,2026-10-08 07:17,https://view.asiae.co.kr/article/2026100616470671342,https://n.news.naver.com/mnews/article/277/0005825946?sid=101
서울대학교,스포츠서울,"2026년 제15회 박경리문학상 특별상 ‘우리이음상’ 첫 수상자, 번역가...",1981년 스웨덴 스톡홀름에서 태어난 안톤 허는 고려대학교에서 법학 및 심리학을 전공하고 서울대학교 대학원에서 빅토리아 시대 시(Victorian poetry)를 전공했다. 2016년부터 국제 번역 활동을 본격화했다. 2024년 더블린...,2026-10-08 07:17,https://www.sportsseoul.com/news/read/1640154?ref=naver,https://n.news.naver.com/mnews/article/468/0001271338?sid=102
고려대학교,스포츠서울,"2026년 제15회 박경리문학상 특별상 ‘우리이음상’ 첫 수상자, 번역가...",1981년 스웨덴 스톡홀름에서 태어난 안톤 허는 고려대학교에서 법학 및 심리학을 전공하고 서울대학교 대학원에서 빅토리아 시대 시(Victorian poetry)를 전공했다. 2016년부터 국제 번역 활동을 본격화했다. 2024년 더블린...,2026-10-08 07:17,https://www.sportsseoul.com/news/read/1640154?ref=naver,https://n.news.naver.com/mnews/article/468/0001271338?sid=102
서울대학교,헤럴드경제,포니정재단 ‘제7회 영리더상’ 수상자는 안세영 선수·김도형 교수,김도형 교수는 2012년 서울대 재료공학부를 졸업하고 2018년 미국 UC버클리에서 박사학위를 받은 뒤 스탠퍼드대학교에서 박사후연구과정을 밟았다. 2022년부터 펜실베이니아대학교 화학·생체분자공학과 조교수로...,2026-10-08 07:14,https://biz.heraldcorp.com/article/10896277?ref=naver,https://n.news.naver.com/mnews/article/016/0002706715?sid=101
서울대학교,한국강사신문,"서울시, 김현철 연세대 교수 서울건강총괄관 위촉…건강·교육·일자리...","서울시가 시민의 건강을 중심으로 교육과 일자리, 복지 등 다양한 정책 영역을 연결하는 데 전문성을... 연세대학교 경제학 석사와 서울대학교 보건학 석사를 거쳐 미국 컬럼비아대학교에서 경제학 박사 학위를 취득했다....",2026-10-08 07:10,https://www.lecturernews.com/news/articleView.html?idxno=211673,https://www.lecturernews.com/news/articleView.html?idxno=211673
연세대학교,메디코파마뉴스,"﻿[명약 인사이드][자디앙]국내 도입 10년…당뇨병서 만성콩팥병까지, ...","관련해 양재원 연세대학교 원주세브란스기독병원 신장내과 교수는 ""만성콩팥병은 질환 특성상 정기적인 검사를 통해 일찍 발견하고 적절한 치료를 받는 것이 중요하다""며 ""과거에는 사용할 수 있는 치료 옵션이...",2026-10-08 07:10,https://www.medicopharma.co.kr/news/articleView.html?idxno=69773,https://www.medicopharma.co.kr/news/articleView.html?idxno=69773
연세대학교,한국강사신문,"서울시, 김현철 연세대 교수 서울건강총괄관 위촉…건강·교육·일자리...","의과대학을 졸업한 의사이면서 경제학을 전공한 연구자다. 연세대학교 경제학 석사와 서울대학교 보건학... 한편 김현철 교수는 현재 연세대학교 인구와인재연구원장과 연세대학교 의과대학 예방의학교실 교수, 연세의료...",2026-10-08 07:10,https://www.lecturernews.com/news/articleView.html?idxno=211673,https://www.lecturernews.com/news/articleView.html?idxno=211673
연세대학교,이투데이,“노인도 삶의 결정권 가진 시민”… ‘노인지사’ 출범,“어떤 권리를 보장할 것인가 함께 고민해야” ‘노인인권기본법의 의미와 실천과제’를 발표한 이혜경 노인지사 공동대표·연세대 명예교수는 노인정책의 설계 기준을 바꾸는 ‘권리 기반 접근’을 제시했다. 이 대표는...,2026-10-08 07:02,https://bravo.etoday.co.kr/view/atc_view/20216,https://bravo.etoday.co.kr/view/atc_view/20216
연세대학교,JTBC,"연세대 알몸 복면남, 홍제 망사스타킹남…'과다노출' 2년 사이 63% 급증","실제로 최근 연세대학교 신촌캠퍼스 일대에서 알몸 상태로 복면만 쓴 남성이 나타나 경찰이 수사에 나서는가 하면, 서울 홍제동에서도 망사스타킹만 착용한 채 여자화장실에 침입한 남성이 적발되는 등 관련 사건이...",2026-10-08 07:02,https://news.jtbc.co.kr/article/NB12321921?influxDiv=NAVER,https://n.news.naver.com/mnews/article/437/0000514627?sid=102
고려대학교,딜사이트,"유한양행, 차기 리더십 '공동대표 체제' 가닥 잡나",김 사장은 고려대 의과대학 교수 출신으로 2023년 유한양행에 합류한 R&D 전문가다. 현재 R&D 총괄사장을 맡아... 김 사장의 R&D 전문성과 별개로 회사 전반을 이끌 경영 역량과 조직 안정성을 함께 고려해야 한다는 시각이다....,2026-10-08 07:02,https://dealsite.co.kr/articles/170274,https://dealsite.co.kr/articles/170274
고려대학교,이데일리,"""미디어포레가 쉼터라는 뜻이에요?""…이해 안되는 외국어로 뒤덮인 일상",신지영 고려대 국어국문학과 교수는 “공공정책의 이름을 지속적으로 점검할 수 있는 조직이 필요하다”며 “특히 공적 영역의 정책은 누구나 쉽게 이해하고 접근할 수 있는 우리말로 표현해야 한다”고 했다.,2026-10-08 07:02,https://www.edaily.co.kr/News/Read?newsId=02286166645610952&mediaCodeNo=257&utm_source=naver&utm_medium=referral&utm_campaign=news_syndication&utm_content=original_article,https://n.news.naver.com/mnews/article/018/0006383279?sid=102
고려대학교,비즈니스포스트,[Who is ?] 최광진 IBK투자증권 대표이사 사장,부산진고등학교와 고려대학교 경제학과를 졸업했다. 미국 아이오와대학교 경영대학원에서 MB과정을... 관련 제도 변화와 IBK금융그룹의 추진 방향을 고려해 디지털자산 사업을 단계적으로 확대한다는 방침을 세웠다....,2026-10-08 07:00,https://www.businesspost.co.kr/BP?command=article_view&num=448629,https://www.businesspost.co.kr/BP?command=article_view&num=448629
고려대학교,스타뉴스,"49세 최강희, 키스 과외까지 받았다..""상대 男 6명, 닿는 정도는 진짜"" ...","김구라가 오지은을 두고 ""재야의 고수냐""고 묻자 최강희는 ""오지은 씨가 대치동 출신에 고려대를 졸업한 분이다. 홍대의 인디 문화를 많이 관찰한 분""이라며 ""키스신에서 셔츠를 올리는 데 도움을 많이 받았다""고 말해...",2026-10-08 06:54,https://www.starnewskorea.com/broadcast-show/2026/10/08/2026100723475868104,https://m.entertain.naver.com/article/108/0003477000
서울대학교,매일경제,22살에 벌써 ‘GOAT’ 이야기 나온다…포니정 영리더로 선정된 ‘여제’,김 교수는 2012년 서울대 재료공학부를 졸업하고 2018년 미국 버클리 캘리포니아대(UC버클리)에서 박사... 시상식은 오는 11월 25일 서울 강남구 삼성동 아이파크타워 포니정홀에서 개최될 예정이다. 한편 포니정...,2026-10-08 06:50,https://www.mk.co.kr/article/12171063,https://n.news.naver.com/mnews/article/009/0005745656?sid=101
고려대학교,뉴스1,[특별기고] 안전상비의약품은 정말 안전한가,2020년 고려대학교병원 응급의학과 연구팀은 2012년 안전상비의약품 제도 시행 이후 약국 외 경로에서 구입한 아세트아미노펜으로 인한 급성 중독 환자가 지속해서 증가했다고 발표했다. 응급실을 찾은 아세트아미노펜...,2026-10-08 06:30,https://www.news1.kr/bio/general/6313050,https://n.news.naver.com/mnews/article/421/0009216193?sid=105
서울대학교,조세일보,"""반도체는 팀 스포츠"" 리사 수, 삼성·SK와 협력 확대…韓 AI 연구소 설립","8일 과학기술정보통신부와 반도체 업계에 따르면, 리사 수 회장은 전날 서울 포시즌스호텔에서 류제명... 수 회장은 최근 서울대학교 AI연구소와 양해각서(MOU)를 체결한 사실을 소개하며 국내 대학과 스타트업으로...",2026-10-08 06:13,http://www.joseilbo.com/news/news_read.php?uid=577015&class=78&grp=,https://n.news.naver.com/mnews/article/123/0002391481?sid=004
고려대학교,KBS,KDB생명도 뚫릴 뻔…‘국가 배후 조직’ 해킹 시도도,"[김승주/고려대 정보보호대학원 교수 : ""다양한 도구를 이용해서 다양한 곳에서 공격이 지금 집중되고 있다. 그래서 전방위적으로 지금 한번 조사를 해 볼 필요가 있다. 이렇게 가야 하는 게 맞는 거예요.""] 8월 말부터 AI...",2026-10-08 06:12,https://news.kbs.co.kr/news/pc/view/view.do?ncd=8680444&ref=A,https://n.news.naver.com/mnews/article/056/0012269849?sid=101
서울대학교,뉴스1,대구 법조계에 거센 '여풍'…중수청장·공소청장 모두 여성,"홍 청장은 광주에서 태어나 전남여고와 서울대 사법학과를, 정 청장은 서울에서 태어났으나 광주 송원여고와 고려대 법학과를 각각 졸업했다. 홍 청장은 39회 사법시험에 합격해 사법연수원 29기를 수료한 후 2000년...",2026-10-08 06:11,https://www.news1.kr/local/daegu-gyeongbuk/6313222,https://n.news.naver.com/mnews/article/421/0009216186?sid=102
고려대학교,뉴스1,대구 법조계에 거센 '여풍'…중수청장·공소청장 모두 여성,"홍 청장은 광주에서 태어나 전남여고와 서울대 사법학과를, 정 청장은 서울에서 태어났으나 광주 송원여고와 고려대 법학과를 각각 졸업했다. 홍 청장은 39회 사법시험에 합격해 사법연수원 29기를 수료한 후 2000년...",2026-10-08 06:11,https://www.news1.kr/local/daegu-gyeongbuk/6313222,https://n.news.naver.com/mnews/article/421/0009216186?sid=102
연세대학교,뉴스1,"저소득층일수록 ""집값 오른다""…고소득층 주춤해도 상승 지속","김정식 연세대 경제학부 명예교수는 ""강남을 제외한 강북 등 서울 집값은 상승 추세를 보이고 있다""며 ""서민들은 고가 주택을 살 수 없기 때문에 중저가 주택의 가격이 오를 것으로 보는 것""이라고 말했다.",2026-10-08 06:05,https://www.news1.kr/economy/trend/6313366,https://n.news.naver.com/mnews/article/421/0009216184?sid=101
서울대학교,세계일보,"AMD ‘AI 반도체 여제’, K기업과 글로벌 연합작전 펼친다",과학기술정보통신부 제공 과학기술정보통신부는 7일 서울 종로구 포시즌스 호텔에서 류제명 2차관과... 최근 서울대 AI연구소와 체결한 MOU 등 산학협력 계획도 소개했다. 류 차관은 MOU 체결 이후 AMD가 약속한...,2026-10-08 06:03,https://www.segye.com/newsView/20261007516634?OutUrl=naver,https://n.news.naver.com/mnews/article/022/0004164960?sid=101
서울대학교,이투데이,[논현광장-김상경의 Nature Finance] ⑧ AI 데이터센터 또 하나의 경쟁력...,국내에서는 자연환경복원진흥원과 서울대 환경대학원 연구진이 2025년부터 매해 TNFD의 LEAP 접근법을 활용해 기업의 자연 관련 의존도와 영향을 분석하고 있다. 금융기관은 이 평가자료와 재무자료로 기업의 위험과...,2026-10-08 06:02,https://www.etoday.co.kr/news/view/2633593,https://www.etoday.co.kr/news/view/2633593
서울대학교,매일경제,"나무 1억그루 공급실적을 데이터화...수프로, AI플랫폼 기업 변신",수프로는 이를 위해 서울대 공대 출신으로 경험이 많은 AX(AI Transformation) 인재를 영입하고 전담 조직을 신설했다. 기존 사업에 AI를 추가하는 수준이 아니라 생산·유통·시공·나무관리·산림복원 등 회사의 전체 사업을 AI...,2026-10-08 06:01,https://www.mk.co.kr/article/12170973,https://n.news.naver.com/mnews/article/009/0005745646?sid=101
서울대학교,조선비즈,[인터뷰] 아토피 근본 원인 잡는다… 성승용 샤페론 대표 “바르는 치료...,그렇기에 몇 달을 발라도 안심하고 쓸 수 있는 약이 절실합니다.” 성승용 샤페론 대표는 지난 1일 서울 강남구 사무실에서 조선비즈와 만나 이렇게 말했다. 서울대 의대 교수이기도 한 성 대표가 2008년 학내 벤처로...,2026-10-08 06:01,https://biz.chosun.com/science-chosun/bio/2026/10/08/MAOH6XFFP5EHJLEWYJF5ZQYODI/?utm_source=naver&utm_medium=original&utm_campaign=biz,https://n.news.naver.com/mnews/article/366/0001196777?sid=101
고려대학교,뉴스핌,직원용·모집인 뚫린 은행권…대면업무 확대 인뱅도 '보안 숙제',"임종인 고려대 정보보호대학원 교수는 ""은행들이 고객정보나 금전과 직접 관련된 핵심 시스템의 보안은 철저히 했지만 외부 영업·지원 시스템은 이중인증이 적용되지 않는 등 상대적으로 관리가 소홀했던 측면이 있다...",2026-10-08 06:00,https://www.newspim.com/news/view/20261007001276,https://www.newspim.com/news/view/20261007001276
고려대학교,아시아투데이,[칼럼] D-리보오스서 치료제용 희귀 원료까지…바이오제조의 숨은 '수율...,효소를 활용한 방법도 희귀하고 비싼 원료에서 출발해 수율이 30%를 넘기기 어려웠다.고려대·경북대 공동... 된다면 환자의 치료비 부담을 낮추는 데도 기여할 것으로 기대한다./김경헌 고려대학교 융합생명공학과 교수,2026-10-08 06:00,https://www.asiatoday.co.kr/kn/view.php?key=20261005010001025,https://www.asiatoday.co.kr/kn/view.php?key=20261005010001025
고려대학교,뉴스1,[흔들린 보안시계]AI가 낮춘 문턱…'해킹 대중화' 시대,김승주 고려대 정보보호대학원 교수는 기업들이 대문만 굳게 지키다가 AI 물량 공세에 쪽문이 뚫렸다고 비유했다. 고도의 보안 체계를 새로 뚫는 대신 이미 존재하지만 방치된 허점을 AI로 더 쉽고 빠르게 찾아 공격할 수...,2026-10-08 06:00,https://www.news1.kr/it-science/security-hacking/6313585,https://n.news.naver.com/mnews/article/421/0009216169?sid=105
서울대학교,ABC뉴스,고마운 마음 하나 건네고 싶었습니다,"안정언 드림 [안정언 숙명여대 시각영상디자인과 명예교수는 서울대 미대 응용미술학과 졸업 후, 88서울올림픽 조직위와 대전국제무역박람회(EXPO'93) 조직위 디자인 전문위원으로 참여했고, 행정안전부 자전거길 조성...",2026-10-08 06:00,https://www.abcn.kr/news/articleView.html?idxno=92810,https://www.abcn.kr/news/articleView.html?idxno=92810
서울대학교,메디칼업저버,"중증 호산구성 천식, 산정특례 논의 재점화","대한천식알레르기학회 김세훈 TF팀장(분당서울대학교병원 알레르기내과)은 ""결국 생물학적 제제에 대한 접근성이 낮아질수록 약제비 부담만의 문제가 아니라 급성 악화와 스테로이드 사용에 따른 추가적인 의료...",2026-10-08 05:58,https://www.monews.co.kr/news/articleView.html?idxno=414295,https://www.monews.co.kr/news/articleView.html?idxno=414295
고려대학교,서울경제,[단독] 김남구 한투 회장 “해외 운용사 M&A로 亞 1위 승부…조금 더 분...,김 회장은 7일 서울 성북구 고려대 서울캠퍼스 100주년기념관에서 열린 한국투자증권 채용설명회에서 “글로벌에서 상품을 소싱하고 WM을 통해 리테일 고객에게 공급할 수 있는 운용사를 M&A하기 위해 준비하고 있으며...,2026-10-08 05:51,https://www.sedaily.com/article/20099317?ref=naver,https://n.news.naver.com/mnews/article/011/0004669237?sid=101
고려대학교,뉴스1,"AI 활용 금융권 해킹…""'패턴 없는 공격' 해커 특정 더 어려워""","""인간 해커는 패턴 남기고 AI는 무작위""…가짜 흔적에 추적 혼선 최병호 고려대 AI연구소 교수는 ""인간 해커는 타깃을 정해 연구한 뒤 몇 개의 공격 스크립트를 만들어 반복적으로 시도하지만 AI 에이전트는 취약점을 찾는...",2026-10-08 05:50,https://www.news1.kr/society/incident-accident/6312926,https://n.news.naver.com/mnews/article/421/0009216153?sid=102
고려대학교,SIDAE,"은행에 교회까지 당하는데…39개 해킹대책 법안, 낮잠 재우는 국회","임종인 숭실대 AI위원회 위원장(고려대 정보보호대학원 명예교수)은 시대와 통화에서 ""기본법은 정부가... 적용도 고려할 수 있다고 했다. 임 위원장은 그동안 나온 법안들이 사람 해커를 전제로 한 단편적 접근에 머물러...",2026-10-08 05:39,https://www.sidae.com/article/2026100713041735698,https://n.news.naver.com/mnews/article/417/0001160349?sid=100
고려대학교,이데일리,"""삼권분립 위해 개헌 불가피…대법관 임명 국회로 넘겨야""",더욱이 대법관추천위의 구성에서 정치적 중립성 및 독립성과 전문성을 오히려 약화시킴으로써 대통령 사법부 코드인사 문제를 더 악화시킬 우려가 크다. 차진아 고려대학교 법학전문대학원 교수. (사진= ),2026-10-08 05:38,https://www.edaily.co.kr/News/Read?newsId=01899126645610952&mediaCodeNo=257&utm_source=naver&utm_medium=referral&utm_campaign=news_syndication&utm_content=original_article,https://n.news.naver.com/mnews/article/018/0006383256?sid=102
고려대학교,이데일리,"""충돌하는 임명·제청권, 개헌으로 새 판 짜야""",(사진=연합뉴스) 한상희 참여연대 공동대표(건국대 법학전문대학원 명예교수)와 차진아 고려대 법학전문대학원 교수는 이번 대법관 재제청 논란의 책임 소재에 대해서는 다른 해석을 내놓았지만 대법관 임명·제청절차에...,2026-10-08 05:37,https://www.edaily.co.kr/News/Read?newsId=01889286645610952&mediaCodeNo=257&utm_source=naver&utm_medium=referral&utm_campaign=news_syndication&utm_content=original_article,https://n.news.naver.com/mnews/article/018/0006383254?sid=102
서울대학교,투어코리아,"연천 DMZ, 국제협력 무대로 전환한다…'글로벌 리빙랩' 통해 평화경제 ...","이어진 토크콘서트에는 김덕현 연천군수와 박수진 서울대 아시아연구소장, 파트리크 스트룀 스웨덴 스톡홀름 경제대학교 아시아연구센터장이 참여해 DMZ 국제화와 녹색전환 방안을 논의했다. 김덕현 군수는 ""접경지역의...",2026-10-08 05:06,https://www.tournews21.com/news/articleView.html?idxno=145194,https://www.tournews21.com/news/articleView.html?idxno=145194
고려대학교,이투데이,‘누가 AI를 소유했나’…갈라지는 산업 생태계 [AI 신계급사회],"최병호 고려대 휴먼인스파이어드 AI연구원 연구교수는 ""예컨대, 독파모(독자 AI 파운데이션 모델) 모델을 보유한 업체와 그렇지 않은 업체는 현격한 차이가 있다. 독파모는 단순히 자체 모델을 보유하는 것을 떠나 그런...",2026-10-08 05:02,https://www.etoday.co.kr/news/view/2630315,https://www.etoday.co.kr/news/view/2630315
서울대학교,서울신문,“AI 안경 적발 땐 2년간 수능 응시 금지… 수시 접수는 국가 직접 관리...,또한 ‘서울대 10개 만들기’ 중점 지원 대학을 2개 이상 추가하겠다는 계획도 제시했다. 최 장관은 7일 국회... 최 장관은 서울대 10개 만들기 중점 지원 대상을 추가할 계획이 있냐는 질문에 “내년에 2곳 이상을 추가...,2026-10-08 05:02,https://www.seoul.co.kr/news/society/education-news/2026/10/08/20261008004003?wlog_tag3=naver,https://n.news.naver.com/mnews/article/081/0003686995?sid=102
연세대학교,노컷뉴스,[단독]'알몸남' 출몰 잇따르더니…'과다노출' 3년간 63% 급증,최근 대학가·여자화장실 등 공공장소서 '알몸남' 기승 실제로 최근 시민들이 일상적으로 이용하는 공간에서 신체를 노출하는 남성들이 잇따라 나타나고 있다. 지난 6월부터 8월까지 서울 서대문구 연세대학교...,2026-10-08 05:01,https://www.nocutnews.co.kr/news/6588525?utm_source=naver&utm_medium=article&utm_campaign=20261008070232,https://n.news.naver.com/mnews/article/079/0004196718?sid=102
고려대학교,아시아투데이,"사법부 독립까지 흔든 국감…""삼권분립 훼손 선례 남겨""","차진아 고려대학교 법학전문대학원 교수는 ""삼권분립과 사법부 독립은 헌법의 근간으로 이 중 사법부의 독립은 법원과 법관, 재판의 독립성을 모두 포함한다""며 ""사법행정 업무를 관장하는 법원행정처장이 별도로 있는...",2026-10-08 05:00,https://www.asiatoday.co.kr/kn/view.php?key=20261007010002105,https://www.asiatoday.co.kr/kn/view.php?key=20261007010002105
서울대학교,이뉴스투데이,[교육 단상] 과제를 AI가 대신 해준다면,서울대 교육학과를 졸업하고 2001년 제44회 행정고시에 합격했다. 2003년부터 교육부에서 근무하다 2012년 이대 교수로 부임했다. 한국교육학회 부회장도 맡고 있다. 〈외부 필진의 칼럼은 본사의 편집 방향과 다를 수...,2026-10-08 05:00,http://www.enewstoday.co.kr/news/articleView.html?idxno=2477119,http://www.enewstoday.co.kr/news/articleView.html?idxno=2477119
고려대학교,이투데이,대고객 서비스 보안 집중한 은행권⋯해킹 통로는 ‘사각지대’ [AI 보안...,임종인 고려대 정보보호대학원 교수는 “내부시스템은 그동안 공격을 받더라도 정보유출 피해가 상대적으로 적다고 여겨졌고 여러 보안 영역 가운데 상대적으로 취약할 수 있다”며 “이번에는 AI가 이런 취약한...,2026-10-08 05:00,https://www.etoday.co.kr/news/view/2633465,https://www.etoday.co.kr/news/view/2633465
서울대학교,머니투데이,먼 우주 아닌 지구 바로 위 '돈줄' 뚫렸다…'LEO 산업' 빅뱅 본격화,"2~5시 서울 삼성동 서울 코엑스에서 개최하는 제2회 K-우주포럼 플래그십 포럼의 주제를 '저궤도 산업혁명... 이복직 K-우주포럼 의장(서울대 항공우주공학과 교수)은 ""우주 사업을 한다고 하면 고객은 '우주에서...",2026-10-08 05:00,https://www.mt.co.kr/future/2026/10/08/2026100701091968592,https://n.news.naver.com/mnews/article/008/0005423606?sid=101
서울대학교,중앙일보,[단독] “세로로 서 있는데 왜 가로등인가요?”…초·중·고 문해력 쇼크,"장윤희 서울대 국어국문학과 교수(한국어문학연구회 이사장)는 “‘국(國)’이라는 한자를 배우면 국가, 국민, 애국 등 다양한 단어를 이해하기 쉽다”며 “추론·이해 능력과 어휘력을 키울 수 있는 가장 효과적 방법”...",2026-10-08 05:00,https://www.joongang.co.kr/article/25468048,https://n.news.naver.com/mnews/article/025/0003556504?sid=102
고려대학교,중앙일보,“대통령은 제청 관여 불가”…조희대가 꺼낸 ‘헌법 해석론’ 3가지,차진아 고려대 로스쿨 교수는 “만약 법 개정을 통해 추천위가 낸 후보 중에서만 제청해야 한다고 규정하면 무조건 위헌이 된다. 대법원장의 제청권을 부당하게 제약하는 것이기 때문”이라고 했다. “재제청 요구하려면...,2026-10-08 05:00,https://www.joongang.co.kr/article/25468055,https://n.news.naver.com/mnews/article/025/0003556514?sid=102
서울대학교,동아일보,"“초판본, 그 속에 담긴 오류마저도 열정의 소산”","1956년 서울대 문리대 문학회가 만든 ‘문학’ 창간호도 그중 하나. 고 박맹호 전 민음사 회장의 단편소설이 실려 있고, 고 이어령 전 문화부 장관의 이름도 보였다. 김 교수가 처음부터 수집가였던 건 아니다. 13년간...",2026-10-08 04:36,https://www.donga.com/news/Culture/article/all/20261008/134805610/2,https://n.news.naver.com/mnews/article/020/0003753596?sid=103
고려대학교,동아일보,"“‘워코노미’ 시대 도래… 공급망 재편, 韓이 中 빈자리 차지할 기회...",문정빈 고려대 경영대 교수는 “상대방이 무리한 요구를 한다면 우리도 ‘카운터 오퍼(맞제안)’를 던지면서 접점을 찾아가야 한다”고 말했다. 이날 한성숙 국무총리는 영상 축사를 통해 “공급망과 에너지의...,2026-10-08 04:36,https://www.donga.com/news/Economy/article/all/20261007/134806221/2,https://n.news.naver.com/mnews/article/020/0003753589?sid=101
연세대학교,동아일보,민주당 법사위 의원들… “공수처 수사대상 줄여 판검사-경찰 전담해야...,한상훈 연세대 법학전문대학원 교수도 “중수청은 행안부 장관 산하에서 지휘를 받게 돼 있는데 과연 비리를 엄정하게 수사할 수 있겠냐”고 지적했다. 민주당은 내부 논의를 거쳐 다음 달 초 공수처 수사 대상과 권한 개편...,2026-10-08 04:35,https://www.donga.com/news/Politics/article/all/20261008/134805769/2,https://n.news.naver.com/mnews/article/020/0003753578?sid=100
연세대학교,동아일보,서울 장애인 전문치과 3곳서 2년간 4만2000명 치료,"지난해 6월에는 연세대 치과병원 안에 서울 권역 장애인 구강 진료센터를 설치했고, 올해 3월에는 강서구에 서부 장애인치과병원을 추가로 문을 열었다. 서울시 등록장애인이라면 장애 유형이나 등급, 나이에 관계없이...",2026-10-08 04:32,https://www.donga.com/news/Society/article/all/20261007/134805441/2,https://n.news.naver.com/mnews/article/020/0003753524?sid=102
고려대학교,한국일보,왜 나를 찾는 사람은 없을까… 오늘의 매너가 내일의 인연을 좌우한다,한창수 고려대구로병원 교수가 4주에 한 번 '마음정비소'를 열어 한국인이 흔히 겪는 마음의 문제를 진단하고... 2013년 조지타운대 크리스틴 포래스와 선더버드 경영대학원 크리스틴 피어슨이 하버드 비즈니스 리뷰에...,2026-10-08 04:31,https://www.hankookilbo.com/news/article/A2026100610060002423?did=NA,https://n.news.naver.com/mnews/article/469/0000958321?sid=103
서울대학교,한국일보,"한 사람의 여러 얼굴, '멀티 페르소나' [세상을 움직일 미래 코드]","자유가 삶의 분절이 아니라 개인의 가능성을 넓히는 힘이 되게 하는 것, 그것이 멀티 페르소나 시대에 필요한 사회의 조건이다.  '인구' - 이철희 (서울대 경제학부 교수) 고동현 경제·인문사회연구회 초빙연구위원",2026-10-08 04:31,https://www.hankookilbo.com/news/article/A2026100709460004067?did=NA,https://n.news.naver.com/mnews/article/469/0000958323?sid=110
서울대학교,한국일보,"설탕부담금, 근거 없는 '착한 세금'의 위험한 역설 [기고]",확실한 설탕부담금 입법 논의는 전면 재검토되어야 마땅하다. 입법부는 정밀한 실증 데이터에 기반하여 정책의 득실을 냉정하게 따져보는 책임 있는 자세를 국민에게 보여줄 의무가 있다. 홍석철 서울대 경제학부 교수,2026-10-08 04:31,https://www.hankookilbo.com/news/article/A2026100709430001258?did=NA,https://n.news.naver.com/mnews/article/469/0000958326?sid=110
서울대학교,한국일보,"'한·미·일 3각 동맹도 용인', 바뀌는 안보 여론 [정한울의 한국사람탐...","북한에 대한 무관심과 적대 인식 고조 2007년부터 이어진 서울대 통일평화연구원의 국민통일인식조사 등에 따르면 남북한 통일에 대한 필요성과 관련, 추세적으로 부정적 여론이 확산되고 있다. 또 북한의 핵개발과...",2026-10-08 04:30,https://www.hankookilbo.com/news/article/A2026100714310001534?did=NA,https://n.news.naver.com/mnews/article/469/0000958309?sid=110
고려대학교,머니투데이,은행 점검 늘리고 방어막 두터워도 'IT자산 식별' 못하면 또 털린다,"김승주 고려대 정보보호대학원 교수는 ""자산식별은 보안의 첫 단추고 AI 방어 시스템이 있어도 자산 파악이 안돼 있으면 적용대상 자체가 누락될 수 있다""며 ""미국 연방정부 시스템은 주 단위로 자산정보를 업데이트하는...",2026-10-08 04:10,https://www.mt.co.kr/finance/2026/10/08/2026100719561631211,https://n.news.naver.com/mnews/article/008/0005423589?sid=101
연세대학교,머니투데이,제식구 챙기는 대학병원… 관계업체가 '납품 독점',이들은 모두 사립대병원으로 이 중에는 대학병원의 운영자인 학교법인 소유의 간납사로부터 제품의 99%를... 에비슨케어는 학교법인 연세대가 2021년 전액 출자해 설립한 간납사다. 이곳은 지난해 세브란스병원에...,2026-10-08 04:10,https://www.mt.co.kr/thebio/2026/10/08/2026100719505388703,https://n.news.naver.com/mnews/article/008/0005423592?sid=101
고려대학교,마이데일리,"블랙핑크 40명→트와이스 750명, 스타디움 채우는데 '생일잔치'는 왜 작...",지난해 데뷔 10주년에는 고려대학교 화정체육관에서 약 6500명 규모의 팬미팅을 개최한 바 있다. 당시에도 팬덤 규모에 비해 공연장이 작다는 아쉬움이 나왔는데 올해 행사는 이보다 훨씬 적은 인원만 참여할 수 있게...,2026-10-08 04:01,https://www.mydaily.co.kr/page/view/2026100801211119669,https://m.entertain.naver.com/article/117/0004113385
서울대학교,머니투데이,"""실증 넘어 사업화·투자까지… 연합 생태계로 확장""",""" 김준학 관악중소벤처진흥원장은 지난 6일 서울 관악구 디노랩 테크센터에서 열린 '디노랩 테크센터... 이번 행사에는 관악중소벤처진흥원을 비롯해 관악구청, 서울대 캠퍼스타운, 서울대기술지주, 네이버클라우드...",2026-10-08 04:00,https://www.mt.co.kr/future/2026/10/08/2026100719443285657,https://n.news.naver.com/mnews/article/008/0005423579?sid=101
연세대학교,머니투데이,개인정보유출 보상은 없다는 '듀오' 수천억 과징금 쿠팡과 역차별 논란,"서종희 연세대 법학전문대학원 교수는 ""유출정보의 성격, 실제 피해 발생 여부, 기업의 사후대응 노력 등을 충분히 반영한 결과인지 살펴볼 필요가 있다""며 ""사업자의 손익과 무관하게 매출액을 기준으로 과징금을...",2026-10-08 03:58,https://www.mt.co.kr/industry/2026/10/08/2026100719572534624,https://n.news.naver.com/mnews/article/008/0005423574?sid=101
고려대학교,메디게이트뉴스,"고려대 의대 이남규 교수, 포스코사이언스펠로십 선정",고려대학교 의과대학 생화학분자생물학교실 이남규 교수가 ‘제18기 포스코사이언스펠로십’에 선정됐다고 7일 밝혔다. 포스코사이언스펠로십은 국내 대학에 임용된 지 3년 이내의 신진 과학자를 선발해 지원하는...,2026-10-08 03:36,https://www.medigatenews.com/news/3503352629,https://www.medigatenews.com/news/3503352629
고려대학교,메디게이트뉴스,"고려대 안산병원, 루게릭병 치료 후보물질 ‘트리벤질아민’ 발굴","고려대 안산병원 신경외과 김명지 교수와 고려대 의과대학 융합의학교실 박해철 교수, 제브라피쉬 중개의학연구소 서용보 교수 연구팀이 루게릭병 제브라피쉬 동물 모델을 개발하고 새로운 치료 후보물질을...",2026-10-08 03:32,https://www.medigatenews.com/news/2824929058,https://www.medigatenews.com/news/2824929058
서울대학교,국민일보,도망치듯 떠난 세계 여행… 베트남 19세 가장이 나눠준 위로,"동반(베트남)=글·사진 이영민 자유기고가 필자 이영민은 서울대 국어국문학·정치학과 졸업·정치학 석사. 조선일보 공채 취재기자를 시작으로 빅이슈 편집부국장, 아프리카TV 홍보팀장·콘텐츠크리에이션팀장...",2026-10-08 02:30,https://www.kmib.co.kr/article/view.asp?arcid=9000020838&cp=nv,https://n.news.naver.com/mnews/article/005/0001877454?sid=103
서울대학교,국민일보,“카톡 프사부터 내리자”… 해킹·딥페이크에 떠는 여성들,서울 한 고등학교에 재직 중인 40대 교사 C씨는 “교직원 사이에서 딥페이크에 악용될 가능성도 있으니 괜히... 2024년 대규모 딥페이크 성범죄가 발생했던 서울대는 내년도 졸업앨범에 사람 눈에는 잘 보이지 않는 작은...,2026-10-08 02:14,https://www.kmib.co.kr/article/view.asp?arcid=9000020834&cp=nv,https://n.news.naver.com/mnews/article/005/0001877451?sid=102
연세대학교,국민일보,대기업 오너 4·5세 94% ‘유학파’… 최대 학맥은 美컬럼비아·뉴욕대,"국내 대학은 고려대(54명), 서울대(50명), 연세대(35명) 순이었다. 최태원 SK그룹 회장과 정의선 현대자동차그룹 회장, 허창수 GS그룹 회장, 이재현 CJ그룹 회장, 박정원 두산그룹 회장 등은 고려대, 이재용 삼성전자...",2026-10-08 01:24,https://www.kmib.co.kr/article/view.asp?arcid=9000020819&cp=nv,https://n.news.naver.com/mnews/article/005/0001877440?sid=101
서울대학교,국민일보,대기업 오너 4·5세 94% ‘유학파’… 최대 학맥은 美컬럼비아·뉴욕대,"국내 대학은 고려대(54명), 서울대(50명), 연세대(35명) 순이었다. 최태원 SK그룹 회장과 정의선... 두산그룹 회장 등은 고려대, 이재용 삼성전자 회장, 정몽준 아산재단 이사장, 구본준 LX홀딩스 회장은 서울대 출신이다.",2026-10-08 01:24,https://www.kmib.co.kr/article/view.asp?arcid=9000020819&cp=nv,https://n.news.naver.com/mnews/article/005/0001877440?sid=101
고려대학교,국민일보,대기업 오너 4·5세 94% ‘유학파’… 최대 학맥은 美컬럼비아·뉴욕대,"국내 대학은 고려대(54명), 서울대(50명), 연세대(35명) 순이었다. 최태원 SK그룹 회장과 정의선 현대자동차그룹 회장, 허창수 GS그룹 회장, 이재현 CJ그룹 회장, 박정원 두산그룹 회장 등은 고려대, 이재용 삼성전자...",2026-10-08 01:24,https://www.kmib.co.kr/article/view.asp?arcid=9000020819&cp=nv,https://n.news.naver.com/mnews/article/005/0001877440?sid=101
고려대학교,YTN,"여의도순복음 ""성도 85만 명 정보 유출 의심""...'성역' 없는 해킹",[김승주 / 고려대 정보보호대학원 교수 (YTN 라디오) : 최신 버전으로 PC와 스마트폰 앱들을 업데이트하셔라. 그러면 보이스피싱 문자 같은 게 왔을 때 혹시나 링크를 클릭하셔도 스마트폰이 건강하기 때문에 견뎌낼 수가...,2026-10-08 01:23,https://www.ytn.co.kr/_ln/0106_202610080123249375,https://n.news.naver.com/mnews/article/052/0002416059?sid=103
서울대학교,CTS기독교TV,믿음으로 딴 테크볼 금메달…‘눈물의 8년’ 대한테크볼협회 유송근 협...,수입해 서울대와 군부대 등 보급하며 저변을 넓혔습니다. 하지만 이내 코로나와 예산 문제 등으로 협회는... [유송근 협회장 / 대한테크볼협회] 당시에는 한 개에 500만 원 가까이 들 정도로 한 100여 개 가져와서 서울대학교...,2026-10-08 01:20,http://www.cts.tv/news/view?ncate=&dpid=342918,http://www.cts.tv/news/view?ncate=&dpid=342918
연세대학교,뉴스버스,43년·19번의 재판…국가가 빼앗아버린 한 사람의 봄,"서울대 농학과를 거쳐 연세대 대학원 경제학과에서 경제학을 전공한 뒤 9년간 한국신용정보에서 기업 평가·금융VAN업무를 수행했고, 서울대 농생대 창업보육센터에서 3년간 보육매니저로 창업보육 업무를 했다. 현재...",2026-10-08 01:10,https://www.newsverse.kr/news/articleView.html?idxno=11614,https://www.newsverse.kr/news/articleView.html?idxno=11614
서울대학교,뉴스버스,43년·19번의 재판…국가가 빼앗아버린 한 사람의 봄,"서울대 농학과를 거쳐 연세대 대학원 경제학과에서 경제학을 전공한 뒤 9년간 한국신용정보에서 기업 평가·금융VAN업무를 수행했고, 서울대 농생대 창업보육센터에서 3년간 보육매니저로 창업보육 업무를 했다. 현재...",2026-10-08 01:10,https://www.newsverse.kr/news/articleView.html?idxno=11614,https://www.newsverse.kr/news/articleView.html?idxno=11614
고려대학교,AP신문,"DN솔루션즈, 하반기 신입 공채…미래 제조 인재 두 자릿수 뽑는다",지난 9월 1일 서울 성북구 고려대학교 SK미래관에서 설치된 DN솔루션즈 채용설명회 부스에서 채용담당자 및 같은 학교 출신의 현직자가 채용상담을 하고 있다. [사진 = DN솔루션즈] DN솔루션즈가 미래 제조업과 첨단산업의...,2026-10-08 01:08,https://www.apnews.kr/news/articleView.html?idxno=3051839,https://www.apnews.kr/news/articleView.html?idxno=3051839
고려대학교,조선일보,하청 파업때 원청 직원이 대신 일 못한다? 노란봉투법 새 갈등,박지순 고려대 법학전문대학원 교수는 “기존 노조법은 직접 계약 관계를 전제해서 만들어진 것인데 새로운 개념을 도입하면서도 기존 조항과 모순되는 부분을 그냥 무시한 채 입법을 강행했다”며 “노란봉투법으로...,2026-10-08 00:47,https://www.chosun.com/national/labor/2026/10/08/GTY3TATF5RCGDK6FTCSJRN32D4/?utm_source=naver&utm_medium=referral&utm_campaign=naver-news,https://n.news.naver.com/mnews/article/023/0004002716?sid=102
연세대학교,조선일보,[부음] 신경도 별세 외,"(061)685-4444 ▲유복모 연세대 명예교수 별세, 최연순 남편상, 유훈 셀리콘바이오 대표 부친상=6일18시... 이상길 연세암병원 병원장·이상도·이상헌 부친상, 김선경·최나리 시부상=5일17시12분...",2026-10-08 00:41,https://www.chosun.com/national/obituary-personnel/2026/10/08/M4BW2XA4SRBW3HQ4IZS6XN2LR4/?utm_source=naver&utm_medium=referral&utm_campaign=naver-news,https://n.news.naver.com/mnews/article/023/0004002695?sid=102
서울대학교,조선일보,“목표 달성한 자녀에게 은행에 맡긴 돈 준다”,가능 “서울대에 합격하면 1억원을 주겠다.” 부모와 자녀 사이에서 오가던 약속을 은행 계약으로 만드는... 센터큐는 한영외고를 자퇴한 뒤 서울대 철학과를 졸업한 허지원(46) 대표가 2010년 설립했다. 허 대표는 “내가...,2026-10-08 00:36,https://www.chosun.com/economy/stock-finance/2026/10/08/XFN2TRQNRNAMZISOPVWL5UZ5K4/?utm_source=naver&utm_medium=referral&utm_campaign=naver-news,https://n.news.naver.com/mnews/article/023/0004002680?sid=101
연세대학교,국민일보,"[기고] 높은 교육 성취, 늦은 사회 진입","첫 경력이 이어지는지, 경제적 독립이 빨라졌는지로 평가해야 한다. 세계 최고 수준의 교육 성취가 사회 진입의 성공으로 이어지게 하는 것, 그것이 다음 청년정책의 핵심이어야 한다. 김철희 연세대 행정대학원 객원교수",2026-10-08 00:34,https://www.kmib.co.kr/article/view.asp?arcid=9000020803&cp=nv,https://n.news.naver.com/mnews/article/005/0001877424?sid=110
서울대학교,뉴스투데이,"[미네르바의 눈] 물류단상(物流斷想): 38도선의 두 끝, 포르투갈에서 묻...",[정리=최봉 산업경제 전문기자] ◀ 김승한(Seunghan Kim) ▶ 서울대 산업공학 박사 / (주)JNDK 본부장 / 경기대 SW경영대학 겸직교수 / (전) 전국화물자동차운송사업연합회 단장 / (전) (주)화물맨 부사장 / (전) (주)포테닛 사장...,2026-10-08 00:32,https://www.news2day.co.kr/article/20261007500209,https://www.news2day.co.kr/article/20261007500209
서울대학교,조선일보,"SNS 열심히 하는 사람 봤더니, ‘이 감정’ 느끼고 있었다",서울대의대 예방의학교실 민경복 교수팀은 ‘2024년 서울서베이’에 참여한 서울 거주 평균 52.3세 성인 3만4142명을 대상으로 SNS 이용과 외로움의 연관성을 분석했다. 연구팀은 가족 또는 가족 이외의...,2026-10-08 00:31,https://health.chosun.com/site/data/html_dir/2026/10/07/2026100702300.html,https://n.news.naver.com/mnews/article/346/0000117045?sid=004
서울대학교,중앙일보,"[중앙시평] 대통령의 SNS, 과학과 사연",사연에서 벗어나지 못한다면 남은 임기 동안 그는 정치적 반대자뿐 아니라 성과를 낮추는 과학적 예측과도 힘든 싸움을 이어가게 될 것이다. 장덕진 서울대 사회학과 교수,2026-10-08 00:22,https://www.joongang.co.kr/article/25468025,https://n.news.naver.com/mnews/article/025/0003556487?sid=110
고려대학교,국제뉴스,"두쫀쿠부터 부캉이까지…2026년 유행, 한 해에 몰아쳤다","두바이 쫀득 쿠키 (두쫀쿠) / 사진=고려대 구로병원 제공 2026년도 어느덧 10월까지 왔다. 연초부터 지금까지 온라인을 달군 유행을 순서대로 짚어 보면, 몇 해에 걸친 일처럼 느껴지지만 모두 2026년 한 해 동안 나온...",2026-10-08 00:20,https://www.gukjenews.com/news/articleView.html?idxno=3715688,https://www.gukjenews.com/news/articleView.html?idxno=3715688
고려대학교,티브이데일리,‘라디오스타’ 최강희 “‘클로저’ 役 위해 키스 속성강의 받아” [T...,달랐다”면서 오지은에게 물어보면서 연구를 많이 했다고. 그는 “오지은 씨가 대치동 출신이다. 고려대학교 졸업하고 인디로 가신 홍대 ‘안나’라고 보시면 된다”면서 그에게 키스 관련 강의를 받았다고 고백했다.,2026-10-08 00:16,http://www.tvdaily.co.kr/read.php3?aid=17913860781805103019,https://m.entertain.naver.com/article/440/0000048251
서울대학교,펜앤드마이크,"경북도, '2026 세계경주포럼' 개최…문화산업 중심 국제협력 모색","'디지털·인공지능(AI)' 분과(이교구 서울대 교수 등)에서는 창작자와 기술·제도의 공존을, '역사·문화' 분과(앤디 프랫 교수 등)에서는 지속 가능한 미래를 주제로 발표와 토론을 이어간다. 이와 함께 진중권 동양대 교수...",2026-10-08 00:16,https://www.pennmike.com/news/articleView.html?idxno=129154,https://www.pennmike.com/news/articleView.html?idxno=129154
고려대학교,STN스포츠,"대한민국 스포츠스태킹 국가대표팀, 태국 아시안 챔피언십 앞두고 소집...","조한서·조은진 주장 선임… 서로 믿고 경기하도록 남자부 주장은 조한서(고려대학교), 여자부 주장은 조은진(DREAMZ)이 맡았다. 두 선수 모두 대학부 소속으로 국내외 주요 대회 경험을 쌓았다. 개인전뿐 아니라 여러...",2026-10-08 00:14,https://www.stnsports.co.kr/news/articleView.html?idxno=323739,https://m.sports.naver.com/general/article/450/0000154684
서울대학교,강원도민일보,8개 읍·면 주민 3000명 한자리…평창 화합 열기 가득,"올해 명예군민에는 의료사각지대인 방림면 계촌리를 방문, 매년 무료 진료활동을 펼치고 있는 서울대와 이와여대 연합 의료봉사동아리 '이울진료회'의 김경환 지도교수와 전국 규모의 전원 클래식축제로 발돋움한...",2026-10-08 00:07,https://www.kado.net/news/articleView.html?idxno=2077033,https://n.news.naver.com/mnews/article/654/0000204422?sid=102
서울대학교,스카이데일리,[방민호의 오늘의 문학] 낯익은 주제의 처리 능력,스카이데일리(skyedaily@skyedaily.com) 기사입력 2026-10-08 00:02:55 ▲ 방민호 서울대 국문과 교수·문학평론가·시인 최근 젊은 작가들의 소설에서 자주 보이는 건조한 문장과 불친절한 인물 제시는 송혜령의 단편 ‘하악’에도...,2026-10-08 00:06,https://m.skyedaily.com/news_view.html?ID=312594,https://m.skyedaily.com/news_view.html?ID=312594
연세대학교,강원도민일보,원주 미래 먹거리 '국방드론' 육성 속도,"연세대 미래캠, 한라대, 한국생산기술연구원, 한국산업기술시험원, 고등기술연구원, 산림항공본부, 도 경제진흥원, 원주미래산업진흥원, KT 강원법인단, 시 소공인복합지원센터, 강원원주국방산업협회, 폴리텍대학...",2026-10-08 00:06,https://www.kado.net/news/articleView.html?idxno=2076989,https://n.news.naver.com/mnews/article/654/0000204386?sid=102
서울대학교,강원도민일보,원주 미래 먹거리 '국방드론' 육성 속도,"이날 협약에는 시, 제36보병사단, 제1군수지원사령부, 서울대 IVIT연구센터, 강원대 원주캠, 상지대, 연세대 미래캠, 한라대, 한국생산기술연구원, 한국산업기술시험원, 고등기술연구원, 산림항공본부, 도 경제진흥원...",2026-10-08 00:06,https://www.kado.net/news/articleView.html?idxno=2076989,https://n.news.naver.com/mnews/article/654/0000204386?sid=102
서울대학교,경상일보,"HD현대중공업 등 12개 기관, 해양 SMR(소형모듈원자로) 상용화 협력","UNIST, 서울대, KAIST, 한양대 등 12개 기관이 참여했다. 'SMR 해양 기술 실증센터'는 참여기관의 기술과 전문인력, 연구설비 등을 연계해 해양 SMR 기술개발과 시험·검증, 실증을 공동으로 추진하고 산업화 기반을 구축하는...",2026-10-08 00:02,https://www.ksilbo.co.kr/news/articleView.html?idxno=1069099,https://www.ksilbo.co.kr/news/articleView.html?idxno=1069099
연세대학교,국제뉴스,"인제군, 농촌왕진버스 올해도 운영…기린면 등 300명 대상 한방진료·질...","세명대학교 부속 한방병원 의료진은 한방내과, 한방침구의학과, 한방재활의학과 진료상담과 혈압 측정, 침 치료, 물리치료 등을 제공한다. 연세대학교 스포츠재활연구소는 근골격계 질환 관리와 1대1 맞춤 운동처방을...",2026-10-08 00:02,https://www.gukjenews.com/news/articleView.html?idxno=3715717,https://www.gukjenews.com/news/articleView.html?idxno=3715717
고려대학교,더팩트,조희대의 '대통령·국회 위헌' 선언…사법부 안팎도 의견 분분,"차진아 고려대 로스쿨 교수는 ""청와대는 손봉기 후보자를 임명하지 않겠으니 대법관후보추천위원회의 추천 내용을 존중해 최대한 신속히 재제청을 하라고 요청했다""며 ""이는 대통령이 대법원장이 어떤 사람을 어떤...",2026-10-08 00:01,https://news.tf.co.kr/read/life/2374107.htm,https://n.news.naver.com/mnews/article/629/0000540312?sid=102
서울대학교,중앙일보,리사 수 “한국에 AI 연구센터 지을 것”,"리사 수(사진) AMD 회장 겸 최고경영자(CEO)는 7일 오전 서울 포시즌스 호텔에서 류제명... 사실, 서울대 AI연구원에 AMD GPU를 지원하는 내용의 양해각서(MOU)를 맺은 사실도 공개했다. 수 CEO는 “삼성전자와...",2026-10-08 00:01,https://www.joongang.co.kr/article/25467970,https://n.news.naver.com/mnews/article/025/0003556433?sid=105
서울대학교,한국일보,"원전 공론화, 놓쳐서는 안 될 역사적 사실들 [아침을 열며]","그해 2월과 3월에는 서울 공릉동의 서울대 공대 부지에 원자력연구소와 원자력공학과가 각각 창립됐다. 당시 서울대 원자력공학과 1회 입학생 선발에 경기고, 경남고 등 전국 명문고 수석 졸업생 등 수재들이 대거...",2026-10-08 00:00,https://www.hankookilbo.com/news/article/A2026100709250002851?did=NA,https://n.news.naver.com/mnews/article/469/0000958301?sid=110
서울대학교,뉴스핌,"[로펌이슈] 세종, 21일 자본시장·M&A 세미나 개최…중복상장 규제 대응...","법무법인 세종은 오는 21일 서울 종로구 그랑서울 24층 세미나실에서 '제3회 자본시장·M&A 세미나'를 온... 첫 번째 세션에서는 정준혁 서울대학교 법학전문대학원 교수가 'M&A 법제도의 과거, 현재, 그리고 미래'를 주제로...",2026-10-08 00:00,https://www.newspim.com/news/view/20261008000262,https://www.newspim.com/news/view/20261008000262
고려대학교,더퍼스트미디어,"고려대 의대 이남규 교수, 제18기 포스코사이언스펠로십 생명과학 분야...",▲고려대 의대 이남규 교수 고려대학교 의과대학은 생화학분자생물학교실 이남규 교수가 제18기 포스코사이언스펠로십 생명과학 분야 연구자로 선정됐다고 7일 밝혔다. 포스코사이언스펠로십은 국내 대학에 임용된 지...,2026-10-07 23:58,http://www.thefirstmedia.net/news/articleView.html?idxno=210385,http://www.thefirstmedia.net/news/articleView.html?idxno=210385
서울대학교,서울경제TV,"경북도, ‘2026 세계경주포럼’ 개최",8일 개막식에서는 피에르 루이지 사코 이탈리아 단눈치오 키에티 페스카라 대학교 교수와 앤디 프랫 영국... 오후 ‘디지털·인공지능(AI)’ 분과에서는 이교구 서울대 교수 등이 창작자·산업·제도의 공존 방안을...,2026-10-07 23:44,https://www.sentv.co.kr/article/view/sentv202610070217,https://www.sentv.co.kr/article/view/sentv202610070217
서울대학교,소방방재신문,"[2026 소방청 국감] 정춘생 “국립소방병원, 의료진ㆍ연구 인프라 확보...",이에 최용철 소방청장은 “현재 국립소방병원 운영은 서울대학교병원에 전부 위탁하고 있다”며 “서울대학교병원과의 소통을 통해 채용 내지는 자체 로테이션 방법도 강구하고 있다”고 설명했다. 그러면서 “내과...,2026-10-07 23:30,http://fpn119.co.kr/257671,http://fpn119.co.kr/257671
서울대학교,한국대학신문,'수시 원서접수 먹통'부터 '암살자들' 논란까지… 교육정책 책임론 달군...,"국회 교육위원회는 7일 서울 여의도 국회에서 교육부와 국가교육위원회(국교위) 등 8개 기관을 대상으로... ■ '서울대 10개 만들기' 이공계 편중 지적에 ""지역대학에 서울대 수준 투자"" 해명 = 지역거점국립대 육성을 목표로...",2026-10-07 23:24,https://news.unn.net/news/articleView.html?idxno=598402,https://news.unn.net/news/articleView.html?idxno=598402
서울대학교,HANGYO,‘서울대 10개 만들기’ 내년 2곳 이상 추가 추진,"국정감사에서 ‘서울대 10개 만들기’ 추가 확대와 수시 원서접수 먹통, 정보교사 부족 등 교육 현안이 집중적으로 다뤄졌다. 7일 국회 교육위원회의 교육부 등에 대한 국정감사에서 최교진 교육부 장관은 ‘서울대 10개...",2026-10-07 23:24,https://www.hangyo.com/news/article.html?no=109588,https://www.hangyo.com/news/article.html?no=109588
연세대학교,대한변협신문,"""공수처, 판·검사 비위 전담해야"" vs ""수사 기능 축소 안 돼""","반면 한상훈 연세대 교수는 ""공수처가 기대에 못 미쳤다고 해서 제도적으로 그 권한을 박탈하자는 결론이 논리 필연적으로 도출될 수 있는가""라고 반문했다. 박상현 공수처 수사기획관도 ""지금 공수처에 필요한 것은 그...",2026-10-07 23:22,https://news.koreanbar.or.kr/news/articleView.html?idxno=36190,https://news.koreanbar.or.kr/news/articleView.html?idxno=36190
서울대학교,세계일보,[세계포럼] 커지는 통일무용론,"서울대 통일평화연구원이 지난달 29일 발표한 ‘2026 통일의식조사’(7월1∼26일 성인 1200명 면접조사) 결과... 서울대 조사 결과 ‘통일 필요-불필요’ 응답은 20대에선 25.2%-44.8%, 30대에선 27.0%-47.0%로 큰 격차를 보였다....",2026-10-07 23:21,https://www.segye.com/newsView/20261007516833?OutUrl=naver,https://n.news.naver.com/mnews/article/022/0004164920?sid=110
고려대학교,더퍼스트미디어,"고려대 안산병원 신경외과 김명지 교수 연구팀, 루게릭병 치료 후보물질...","▲고려대 안산병원 김명지 교수, 고려대 의과대학 박해철, 서용보 교수 국내 연구진이 루게릭병의 주요 증상을 재현한 제브라피쉬 모델을 활용해 운동기능 개선 가능성이 있는 후보물질을 발굴했다. 고려대...",2026-10-07 23:14,http://www.thefirstmedia.net/news/articleView.html?idxno=210375,http://www.thefirstmedia.net/news/articleView.html?idxno=210375
서울대학교,아이뉴스24,[2026 노벨상] 화학상…제약 설계에 획기적 발견한 이들에게,최태림 취리히연방공대 재료과학과 교수(전 서울대 화학부 교수는 “대칭 반응의 근본 연구를 했던 분이 카강 교수이고 비선형 효과(Non-linear effect)로 촉매의 비대칭 비율(%)이 합성된 물질의 비대칭 비율(%)과 선형(linear)...,2026-10-07 23:02,http://www.inews24.com/view/2012937,https://n.news.naver.com/mnews/article/031/0001064361?sid=105
연세대학교,동아일보,"“내일은 맑고 춥다”… 전쟁이 낳은 측후소, 서울 날씨 100년을 쓰다[염...",이원철(1896∼1963)은 일제강점기 미국 미시간대에서 박사학위를 받고 귀국해 연희전문학교(현 연세대)... 현재 대학로에 있는 서울대병원 구내다. 경성측후소는 강제병합 이후인 1913년 1월 “낙원동 대빈궁지(大嬪宮址)...,2026-10-07 23:01,https://www.donga.com/news/Opinion/article/all/20261007/134805595/3,https://n.news.naver.com/mnews/article/020/0003753475?sid=110
서울대학교,세계일보,우주정거장·국제재판소·한국 시민… 올 노벨평화상은 누구? [노벨상],세계정치학회(IPSA) 전현직 회장인 해외 정치학자 3명이 김의영 서울대 정치외교학부 교수의 제안을 받아 추천서를 냈다. 이들은 이른바 ‘빛의 혁명’을 전 세계적 독재화 흐름 속에서 시민이 민주주의를 지켜낸 모범...,2026-10-07 22:54,https://www.segye.com/newsView/20261007516605?OutUrl=naver,https://n.news.naver.com/mnews/article/022/0004164901?sid=104
고려대학교,GECONOMY,"“글로벌 공작기계 탑티어로”… DN솔루션즈, 2026년 하반기 신입사원 ...",지난 9월 1일 서울 성북구 고려대학교 SK미래관에서 설치된 DN솔루션즈 채용설명회부스에서 채용담당자 및 같은 학교 출신의 현직자가 채용상담을 하고 있다. DN솔루션즈 제공,2026-10-07 22:52,https://www.geconomy.co.kr/news/article.html?no=324195,https://www.geconomy.co.kr/news/article.html?no=324195
고려대학교,KBS,[단독] KDB생명도 뚫릴 뻔…‘국가배후 조직’ 해킹 시도도,"[김승주/고려대 정보보호대학원 교수 : ""다양한 도구를 이용해서 다양한 곳에서 공격이 지금 집중되고 있다. 그래서 전방위적으로 지금 한번 조사를 해 볼 필요가 있다. 이렇게 가야 하는 게 맞는 거예요.""] 8월 말부터 AI...",2026-10-07 22:51,https://news.kbs.co.kr/news/pc/view/view.do?ncd=8680366&ref=A,https://n.news.naver.com/mnews/article/056/0012269805?sid=101
서울대학교,시민일보,"영등포구, 과학 분야 명사특강 개최","또한 11월13일에는 김재인 경희대 교수가 ‘인공지능 시대에 살아남기 위한 단 하나의 능력, 언어력’을 주제로 강연하며, 11월27일에는 홍영준 서울대 수리과학부 교수가 ‘수학자가 풀어주는 AI 이야기’를 주제로...",2026-10-07 22:46,https://www.siminilbo.co.kr/news/newsview.php?ncode=1160291550849641,https://www.siminilbo.co.kr/news/newsview.php?ncode=1160291550849641
연세대학교,톱스타뉴스,"공유, 요코하마 팬미팅 무대서 근황…편안한 무대 리허설 포착","이번 투어는 10월 4일 일본 요코하마 공연을 시작으로 방콕, 자카르타, 마카오, 마닐라를 거쳐 11월 28일 서울 연세대학교 신촌캠퍼스 대강당 무대로 이어지며, 각 도시에서 팬들과 긴 시간 대화를 나누는 콘셉트로...",2026-10-07 22:42,https://www.topstarnews.net/news/articleView.html?idxno=16241142,https://www.topstarnews.net/news/articleView.html?idxno=16241142
고려대학교,컨슈머타임스,"인천시, 글로벌 한인 생명과학자 네트워크와 '송도 바이오' R&D 역량 고도...",이날 체결식에는 김성중 인천시 행정부시장과 글로벌 한인 생명과학자협회 대표위원인 리시연 고려대학교 교수를 비롯한 양측 핵심 관계자들이 참석했다. 이번 협약의 핵심은 미국 실리콘밸리와 보스턴 등 북미 전역에...,2026-10-07 22:32,https://www.cstimes.com/news/articleView.html?idxno=723259,https://www.cstimes.com/news/articleView.html?idxno=723259
서울대학교,더퍼스트미디어,"대한적십자사, 오는 17일 '국제인도법 시네마 토크'…영화로 전쟁의 가...",대한적십자사 인도법연구소는 오는 17일 서울영화센터와 함께 '2026 국제인도법 시네마 토크'를 개최한다고... 이혜영 서울대 국제대학원 교수와 장문석 서울대 서양사학과 교수가 패널로 참여해 영화의 역사적 배경과...,2026-10-07 22:18,http://www.thefirstmedia.net/news/articleView.html?idxno=210363,http://www.thefirstmedia.net/news/articleView.html?idxno=210363
고려대학교,더퍼스트미디어,"고대 안암병원 안과 김동현 교수, 안구건조증 신약 후보 'RCI001' 2상 시험...",▲고대 안암병원 안과 김동현 교수 고려대학교 안암병원은 안과 김동현 교수가 개발 총책임자로 참여하는 안구건조증 신약 후보물질 'RCI001'의 국내 임상 2상 시험계획이 승인됐다고 7일 밝혔다. 식품의약품안전처는...,2026-10-07 22:06,http://www.thefirstmedia.net/news/articleView.html?idxno=210353,http://www.thefirstmedia.net/news/articleView.html?idxno=210353
연세대학교,채널A,[김종석의 리포트]박정희 고향서 ‘암살자(들)’ 내렸다,"똑같은 내용의 대자보가 오늘 연세대, 고려대에도 붙는 등 영화 암살자들의 역사왜곡 논란이 대학가로도 확산하고 있습니다. 역사왜곡 논란 이후로도 박스오피스에서 선두를 달리고 있는 암살자들이죠. 어제 누적 관객...",2026-10-07 22:04,https://www.ichannela.com/news/main/news_detailPage.do?publishId=000000554084,https://n.news.naver.com/mnews/article/449/0000363369?sid=102
고려대학교,채널A,[김종석의 리포트]박정희 고향서 ‘암살자(들)’ 내렸다,"똑같은 내용의 대자보가 오늘 연세대, 고려대에도 붙는 등 영화 암살자들의 역사왜곡 논란이 대학가로도 확산하고 있습니다. 역사왜곡 논란 이후로도 박스오피스에서 선두를 달리고 있는 암살자들이죠. 어제 누적 관객...",2026-10-07 22:04,https://www.ichannela.com/news/main/news_detailPage.do?publishId=000000554084,https://n.news.naver.com/mnews/article/449/0000363369?sid=102
서울대학교,채널A,[김종석의 리포트]박정희 고향서 ‘암살자(들)’ 내렸다,"서울대 중앙도서관 건물에 대자보가 붙어 있습니다. 작성자는 보수 성향의 대학생 단체. 이들은 역사왜곡 논란에 대해 '영화적 상상력'이라는 제작진을 향해선, 영화적 상상력은 면죄부냐고 물었습니다, 여당을...",2026-10-07 22:04,https://www.ichannela.com/news/main/news_detailPage.do?publishId=000000554084,https://n.news.naver.com/mnews/article/449/0000363369?sid=102
서울대학교,코리아리포트,포니정 영리더상에 안세영 선수·김도형 교수 선정,펜실베이니아대학교 화학·생체분자공학과 교수를 선정했다고 7일 밝혔다. 시상식은 오는 11월 25일 서울... 김도형 교수는 2012년 서울대학교 재료공학부를 졸업하고 2018년 미국 UC버클리에서 박사학위를 받았다....,2026-10-07 22:00,https://www.koreareport.co.kr/news/articleView.html?idxno=53499,https://www.koreareport.co.kr/news/articleView.html?idxno=53499
고려대학교,아시아경제,고전은 어떻게 '오늘의 문장'이 되는가…번역 문체 다시 묻는다,"한국고전번역원과 한국고전번역학회는 오는 30일 충남대 인문대학 문원강당에서 '번역 문체의 개선 방안'을... 종합토론은 김우정 단국대 교수가 좌장을 맡고 최일영 고려대 교수, 서담원 성균관대 교수, 정만호 충남대...",2026-10-07 21:58,https://view.asiae.co.kr/article/2026100721584065020,https://n.news.naver.com/mnews/article/277/0005825915?sid=103
고려대학교,세계일보,韓銀 국제금융 부총재보 최영주… 경제연구원장에는 윤경수 내정,최 신임 부총재보는 고려대 경제학과를 졸업하고 1997년 한은에 입행해 지속가능성장실장을 거쳐 금융시장국장을 역임했다. 윤 원장 내정자는 고려대 경제학과를 졸업하고 1998년부터 한은에서 일하며 영란은행 시니어...,2026-10-07 21:57,https://www.segye.com/newsView/20261007516879?OutUrl=naver,https://n.news.naver.com/mnews/article/022/0004164893?sid=101
서울대학교,뉴데일리,"포스텍 연구진, 수소 저장·운송 걸림돌 ‘촉매 열화’ 원인 찾았다","POSTECH(포항공과대학교) 화학공학과·친환경소재학과 윤창원 교수와 화학공학과 한승목 박사 연구팀은 서울대 한정우 교수 연구팀, 한국과학기술연구원(KIST) 김용민 박사 연구팀과 공동으로 액상유기수소운반체(LOHC)...",2026-10-07 21:56,https://tk.newdaily.co.kr/site/data/html/2026/10/07/2026100700384.html,https://tk.newdaily.co.kr/site/data/html/2026/10/07/2026100700384.html
서울대학교,KPI뉴스,백승주 균형발전부시장 후보 인사청문회서 '적격' 결론…보고서 곳곳에...,"서울대학교를 졸업한 백 후보자는 기획예산처와 기획재정부에서 재정·예산 업무를 담당했으며 기획재정부 기획조정실장과 재정혁신국장, 아시아개발은행연구소 부소장 등을 지냈다. 백 후보자는 무안청사에서...",2026-10-07 21:53,https://www.kpinews.kr/newsView/1065616273653895,https://www.kpinews.kr/newsView/1065616273653895
서울대학교,한국대학신문,"서울대 제29대 총장 후보, '강준호·최해천·이재영' 3인 압축","서울대 전경. (사진=한국대학신문DB)  서울대 제29대 총장 예비 후보자가 정책평가를 거쳐 강준호 사범대학 교수, 최해천 공과대학 교수, 이재영 인문대학 교수 등 3명으로 압축됐다. 김현철 국제대학원 교수는 4위에...",2026-10-07 21:52,https://news.unn.net/news/articleView.html?idxno=598401,https://news.unn.net/news/articleView.html?idxno=598401
연세대학교,뉴시안,"[금융픽] 하나금융, 노인의 날 맞아 치매 예방 교구 제작 봉사활동 外",전날 서울 서대문구 연세대학교 본관에서 열린 협약식에는 이종구 신한은행 영업추진1그룹장과 홍종일 연대기술지주 대표 등 양 기관 주요 관계자들이 참석했다. 이번 협약은 대학이 보유한 우수 연구성과와 기술의...,2026-10-07 21:46,http://www.newsian.co.kr/news/articleView.html?idxno=96644,http://www.newsian.co.kr/news/articleView.html?idxno=96644
서울대학교,ULSANPRESS,"HD현대중공업, 울산서 '해양 SMR 실증센터' 출범","참여기관은 HD현대중공업과 HD한국조선해양, 한국전력기술, 현대건설, 한국선급, 현대중공업터보기계, 클래드코리아와 울산테크노파크, UNIST, 서울대, KAIST, 한양대 등이다. 실증센터는 각 기관의 전문인력과...",2026-10-07 21:42,https://www.ulsanpress.net/news/articleView.html?idxno=584344,https://www.ulsanpress.net/news/articleView.html?idxno=584344
서울대학교,뉴시스,"최교진 ""'암살자(들)' 관람 간섭 한계…차정인 ""대입개편 연기 검토""(종...","'서울대 10개 만들기' 사업은 내년 2곳 이상을 추가 지원할 계획이다. 최 장관은 ""내년에도 2개 이상의 지역을 이번 국회의 논의 과정에서 예산 등을 종합적으로 고려해서 하도록 지금 계획은 세우고 있다""고 밝혔다. 최...",2026-10-07 21:37,https://www.newsis.com/view/NISX20261007_0003818150,https://n.news.naver.com/mnews/article/003/0014240282?sid=102
연세대학교,경향신문,공수처를 ‘경찰·중수청 견제’로…개편론 나왔다,한상훈 연세대 법학전문대학원 교수는 “중수청은 행안부 장관 산하로 장관의 지휘를 받게 돼 있다”며 “중수청이 인사권자를 어떻게 강력하게 수사할 수 있겠느냐”고 말했다. 한 교수는 “만약 중수청이 살아있는...,2026-10-07 21:22,https://www.khan.co.kr/article/202610072122045,https://n.news.naver.com/mnews/article/032/0003474982?sid=100
서울대학교,매일경제,"전선규 미코그룹 회장, 전미세라믹학회서 ‘기술 발전 리더십 메달’ 수...","전 회장은 서울대 경영학과 졸업 후 1996년 코미코를 창업하며 반도체 부품 세정 및 코팅 사업에 뛰어들었다. 코미코는 2025년 기준 매출 6000억원, 영업이익 1000억원의 글로벌 기업으로 성장했다. 이외에도 세라믹 히터...",2026-10-07 21:21,https://www.mk.co.kr/article/12170919,https://n.news.naver.com/mnews/article/009/0005745632?sid=101
서울대학교,한겨레,‘암살자(들)’에 자유언론실천선언 들어간 이유 [권태호 칼럼],1974년 10월23일 수원에서 서울대 농대생 300명이 유신반대 시위를 벌였다. 신문사 출입 기관원이 기사를 내지 말라고 했다. 동아일보 편집국장 송건호는 기사를 내보냈다. 중앙정보부는 송 국장 등 3명을 연행했다. 24일...,2026-10-07 21:20,https://www.hani.co.kr/arti/opinion/column/1281419.html,https://n.news.naver.com/mnews/article/028/0002826502?sid=110
서울대학교,아이뉴스24,"DMZ를 글로벌 리빙랩으로...연천군, 한·스웨덴 국제학술 세미나 개최","이어진 토크콘서트에서는 김덕현 연천군수, 박수진 서울대 아시아연구소장, 파트리크 스트룀 스웨덴 스톡홀름 경제대학교 아시아연구센터장 등이 참석해 DMZ의 녹색 전환 방안을 논의했다. 김덕현 연천군수는...",2026-10-07 21:18,http://www.inews24.com/view/2012904,https://n.news.naver.com/mnews/article/031/0001064349?sid=102
연세대학교,공감신문,한글 한류의 힘 《한글이 한류다》 출간,"졸업하고 연세대에서 훈민정음학, 동국대에서 국어교육학, 상명대에서 문학으로 박사 학위를 받았다. 현재 세종국어문화원 원장이자 한국외국어대학교 교육대학원 객원교수다. 간송미술관의 요청으로...",2026-10-07 21:16,https://www.gokorea.kr/news/articleView.html?idxno=880749,https://www.gokorea.kr/news/articleView.html?idxno=880749
고려대학교,이뉴스투데이,"[고려대 소식] 아이섀도 속 '영원한 화학물질' 과불화화합물(PFAS), 바른...","첫 번째 세션(금융)에서는 윤지환 부원장(고려대 기술경영전문대학원)이 좌장을 맡고, 김장호 교수(같은 대학원)가 '금융 AI 기술과 R&D의 중요성'을 발표한다. 류혁선 KAIST 경영대학 교수가 지정토론자로 나서 금융 AI...",2026-10-07 21:15,http://www.enewstoday.co.kr/news/articleView.html?idxno=2478023,http://www.enewstoday.co.kr/news/articleView.html?idxno=2478023
서울대학교,한국일보,서울대 차기 총장 후보 3명으로 압축… 강준호·최해천·이재영,"서울대 제29대 총장 선거 최종 후보가 강준호 사범대학 교수와 최해천 공과대학 교수, 이재영 인문대학 교수 등 3명으로 압축됐다. 7일 서울대에 따르면, 이날 총장 예비 후보자 4명을 대상으로 실시한 정책평가에서 강...",2026-10-07 21:12,https://www.hankookilbo.com/news/article/A2026100713140003417?did=NA,https://n.news.naver.com/mnews/article/469/0000958295?sid=102
서울대학교,에너지경제,[패트롤] 광명시-부천시-시흥시-안산시-안양시,"여기에 신안산선, 월곶판교선, GTX 등 광역교통망이 더해지고 도심공항터미널까지 갖춰져 서울 주요 도심은... 55억원 △배곧서울대학교병원 건립 지원 32억원 △매화역 건설 18억원 △양달천 하천 개선 10억원 등을...",2026-10-07 21:10,https://www.ekn.kr/web/view.php?key=20261007026043535,https://www.ekn.kr/web/view.php?key=20261007026043535
연세대학교,경향신문,MBA? 아예 학부부터…바뀐 재벌 후계 코스,"국내 대학은 고려대(54명), 서울대(50명), 연세대(35명) 순이었다. 최태원 SK그룹 회장과 정의선 현대자동차그룹 회장은 고려대, 이재용 회장은 서울대 출신이다. 어린 나이에 유학을 떠나는 현상은 기업인의 국적...",2026-10-07 21:05,https://www.khan.co.kr/article/202610072105015,https://n.news.naver.com/mnews/article/032/0003474967?sid=101
서울대학교,경향신문,MBA? 아예 학부부터…바뀐 재벌 후계 코스,"국내 대학은 고려대(54명), 서울대(50명), 연세대(35명) 순이었다. 최태원 SK그룹 회장과 정의선 현대자동차그룹 회장은 고려대, 이재용 회장은 서울대 출신이다. 어린 나이에 유학을 떠나는 현상은 기업인의 국적...",2026-10-07 21:05,https://www.khan.co.kr/article/202610072105015,https://n.news.naver.com/mnews/article/032/0003474967?sid=101
고려대학교,경향신문,MBA? 아예 학부부터…바뀐 재벌 후계 코스,"국내 대학은 고려대(54명), 서울대(50명), 연세대(35명) 순이었다. 최태원 SK그룹 회장과 정의선 현대자동차그룹 회장은 고려대, 이재용 회장은 서울대 출신이다. 어린 나이에 유학을 떠나는 현상은 기업인의 국적...",2026-10-07 21:05,https://www.khan.co.kr/article/202610072105015,https://n.news.naver.com/mnews/article/032/0003474967?sid=101
서울대학교,더팩트,서울대 총장 후보 강준호·최해천·이재영 3인 압축,"공약 서울대학교는 7일 제29대 총장 예비후보자 정책평가에서 강준호 체육교육과 교수, 최해천 기계공학부 교수, 이재영 영어영문학과 교수가 1~3위를 차지했다고 밝혔다. 김현철 국제대학원 교수는 4위였다. 서울대...",2026-10-07 21:04,https://news.tf.co.kr/read/life/2374098.htm,https://n.news.naver.com/mnews/article/629/0000540309?sid=102
연세대학교,매일경제,5% 금리 시대…생존 공식 리뉴얼,"김정식 연세대 경제학과 명예교수는 “금리 인상과 고유가, 반도체 속도조절론은 한국 경제에도 충격을 줄 수 있다. 인플레이션 기대를 낮추고 고금리에 따른 금융 부실 확산을 막는 데 정책 역량을 모아야 한다”고...",2026-10-07 21:01,https://www.mk.co.kr/article/12166972,https://n.news.naver.com/mnews/article/024/0000108765?sid=101
고려대학교,한겨레,정부 작년 금융사 261곳 보안점검 ‘수박 겉핥기’였나,김승주 고려대 정보보호대학원 교수는 “인공지능(AI) 해킹 공격을 인공지능으로 막는다고 말하기에 앞서 무엇을 갖고 있는지부터 알아야 한다”며 “지난해 261개 금융사의 자산조사가 서류만 왔다 갔다 하는 식으로...,2026-10-07 20:58,https://www.hani.co.kr/arti/economy/economy_general/1281416.html,https://n.news.naver.com/mnews/article/028/0002826499?sid=101
서울대학교,머니투데이,서울대 차기 총장 후보 '3파전'…강준호·최해천·이재영 교수,"서울대학교 제29대 총장 후보군이 강준호 사범대 교수, 최해천 공과대 교수, 이재영 인문대 교수 3명으로 압축됐다. 서울대 총장추천위원회는 7일 총장 예비후보자 4명을 대상으로 정책평가를 실시한 결과△ 강 교수 △최...",2026-10-07 20:58,https://www.mt.co.kr/policy/2026/10/07/2026100720553315805,https://n.news.naver.com/mnews/article/008/0005423536?sid=102
고려대학교,JIBS제주방송,과적 기준·복원성 승인 의무 없어...법적 사각지대,"김인현 / 고려대학교 해상법연구센터 소장 ""흘수가 없으니까 배에서 작업하는 분들은 과적이 됐는지를 모르지 않습니까? 길이가 짧은 배라도 (만재흘수선) 표시되는 게 맞죠. 복원성 승인도 마찬가지로 더 작은 배에도...",2026-10-07 20:56,https://www.jibs.co.kr/news/replay/viewNewsReplayDetail/2026100718083642515?feed=na,https://n.news.naver.com/mnews/article/661/0000084513?sid=102
연세대학교,데일리포스트,"신한은행, 연세대 기술지주와 맞손…혁신기술 스타트업 발굴",""" (이종구 신한은행 영업추진1그룹장) 신한은행이 연세대학교 기술지주와 대학 기술을 기반으로 한 스타트업 발굴과 사업화를 지원한다. 신한은행은 지난 6일 서울 서대문구 연세대학교 본관에서 연세대학교 기술지주와...",2026-10-07 20:52,https://www.thedailypost.kr/news/articleView.html?idxno=116079,https://www.thedailypost.kr/news/articleView.html?idxno=116079
서울대학교,이코노믹리뷰,"리사 수 AMD 회장 ""韓 HBM 공급망 많이 의존·협력… 게임, AMD 핵심 산업...","리사 수 CEO는 7일 서울 용산구 서울드래곤시티에서 열린 'AMD 게이머 데이'에서 ""제 사명 중 일부는... 지난달 28일에는 서울대 AI연구원과 가속 컴퓨팅·고성능 컴퓨팅 분야 전략적 협력과 공동 과학·공학 연구를...",2026-10-07 20:50,https://www.econovill.com/news/articleView.html?idxno=753003,https://www.econovill.com/news/articleView.html?idxno=753003
연세대학교,이코노믹리뷰,한은 금융시장국장에 이대건·국제국장에 김신영…후속 부서장 인사,"이대건 신임 금융시장국장은 1972년생으로, 성균관대 농업경제학과를 졸업, 연세대에서 경제학 석사, 한국과학기술원(KAIST)에서 경영학 석사 학위를 취득한 뒤 2000년 한은에 입행했다. 금융안정국과 금융시장국...",2026-10-07 20:50,https://www.econovill.com/news/articleView.html?idxno=753009,https://www.econovill.com/news/articleView.html?idxno=753009
서울대학교,울산제일일보,"HD현대重, 해양 SMR기술 실증·산업화 박차","UNIST, 서울대학교, 한국과학기술원(KAIST), 한양대학교 등 12개 기관이 참여했다. 'SMR 해양 기술 실증센터'는 참여기관의 기술과 전문인력, 연구설비 등을 연계해 해양 SMR 기술개발과 시험·검증, 실증을 공동으로...",2026-10-07 20:43,http://www.ujeil.com/news/articleView.html?idxno=393161,http://www.ujeil.com/news/articleView.html?idxno=393161
서울대학교,뉴스핌,서울대 차기 총장 후보 3명 압축…강준호·최해천·이재영 교수,"제29대 서울대학교 총장 후보가 강준호 사범대학 교수, 최해천 공과대학 교수, 이재영 인문대학 교수 등 3명으로 좁혀졌다. 7일 서울대에 따르면 총장 예비후보자 4명을 대상으로 실시한 정책평가단 투표에서 강 교수와...",2026-10-07 20:41,https://www.newspim.com/news/view/20261007001618,https://www.newspim.com/news/view/20261007001618
고려대학교,뉴스1,아미노산은 왜 L형일까…생명 기원 실마리 찾은 과학자들 노벨상,"곽경원 고려대 화학과 교수는 ""생명의 기원을 넘어 우주를 이루는 물질들이 왜 방향성을 가지고 한 방향으로 존재하는지에 대한 질문에 중요한 단서를 준 실험""이라고 평가했다.",2026-10-07 20:40,https://www.news1.kr/it-science/general-science/6313586,https://n.news.naver.com/mnews/article/421/0009216006?sid=105
서울대학교,YTN,서울대 총장 후보 3명 압축...강준호·최해천·이재영,"제29대 서울대 총장 선거 후보가 3명으로 압축됐습니다. 서울대 총장후보추천위원회는 오늘(7일) 정책평가 결과 강준호 사범대학 교수, 최해천 공과대학 교수, 이재영 인문대학 교수 등 3명을 총장 후보자로 선정했다고...",2026-10-07 20:39,https://www.ytn.co.kr/_ln/0103_202610072039069116,https://n.news.naver.com/mnews/article/052/0002415981?sid=102
고려대학교,MBC,"나무 그늘 늘리는 뉴욕 ""가로수 한 그루도 소중""‥그런데 한국은 '뎅강...","[이정아/고려대 환경생태공학부 교수] ""도시 계획에서는 단순히 나무 몇 그루를 심었느냐보다는 충분한 수관을 형성하고 있느냐 그리고 지속적으로 나무가 온도를 낮추는 역할을 하는 그 기능을 수행할 수 있는가를...",2026-10-07 20:39,https://imnews.imbc.com/replay/2026/nwdesk/article/6856418_37004.html,https://n.news.naver.com/mnews/article/214/0001527747?sid=104
서울대학교,비즈트리뷴,"포니정재단, 7회 '포니정 영리더상' 수상자에 안세영 선수·김도형 교수...",펜실베이니아대학교 화학·생체분자공학과 교수를 선정했다고 밝혔다. 시상식은 오는 11월 25일 서울... 1987년생인 김 교수는 2012년 서울대학교 재료공학부를 졸업한 뒤 미국 버클리캘리포니아대학교에서 재료공학...,2026-10-07 20:38,http://www.biztribune.co.kr/news/articleView.html?idxno=360222,http://www.biztribune.co.kr/news/articleView.html?idxno=360222
서울대학교,뉴시스,'작은 차이가 어떻게 한쪽을 지배했나’…100년 화학 수수께끼 풀었다(...,"카간 프랑스 파리 제11대학교 명예교수와 소아이 겐소 일본 도쿄이과대학교 명예교수를 노벨 화학상 공동... 최태림 취리히연방공대 재료과학과 교수(전 서울대 화학부 교수)는 “이번 수상은 노요리 료지, 윌리엄 놀스, K....",2026-10-07 20:32,https://www.newsis.com/view/NISX20261007_0003818142,https://n.news.naver.com/mnews/article/003/0014240259?sid=104
연세대학교,경향신문,JAZZ 물드는 가을…9일부터 3일간 23회 자라섬 페스티벌,"23일 서울 연세대학교 백주년기념관 콘서트홀에서는 미국의 색소폰 연주자 조슈아 레드먼의 공연이 열린다. 12년 만의 쿼텟 편성 내한으로, 신보 의 연주를 들을 수 있다. 이외에도 이달 11일에는 일본의...",2026-10-07 20:32,https://www.khan.co.kr/article/202610072032015,https://n.news.naver.com/mnews/article/032/0003474951?sid=103
서울대학교,조세일보,“연봉 8200만원 넘으면 주52시간 예외”…이창용·한은 연구진 제안,"이창용 서울대 특임교수와 한국은행 연구진은 6일 서울대 국가미래전략원 인구클러스터 포럼에서 이 같은 내용의 '근로시간 제도, 어떻게 바꿀 것인가' 연구 결과를 발표했다. 연구진은 연구개발(R&D)·정보기술(IT)·금융...",2026-10-07 20:31,http://www.joseilbo.com/news/news_read.php?uid=577008&class=1&grp=,https://n.news.naver.com/mnews/article/123/0002391474?sid=101
연세대학교,텐아시아,"'70억 CEO' 김소영, '♥오상진'과 단둘이 떠났다…""너무 어색해""","오상진과 김소영은 연세대학교 동문으로 오상진은 경영학, 김소영은 사회학을 졸업했다. 김소영은 현재 다양한 브랜드를 운영하는 사업가로 바쁜 나날을 보내고 있으며 특히 최근 유명 투자회사로부터 70억 투자까지 받게...",2026-10-07 20:31,https://www.tenasia.co.kr/article/2026100793804,https://m.entertain.naver.com/article/312/0000779109
연세대학교,서울경제,“요즘 재벌집 자녀들은 서울대 안 간다”…확 달라진 오너 4·5세 ‘유...,"국내 대학에서는 고려대가 54명으로 가장 많았고 서울대 50명, 연세대 35명으로 집계됐다. 15년 전에도 시작된 변화…당시엔 해외대 진학 40% 오너가 자녀의 조기 유학 움직임은 이미 2010년대 초반부터 뚜렷해지고...",2026-10-07 20:25,https://www.sedaily.com/article/20099299?ref=naver,https://n.news.naver.com/mnews/article/011/0004669201?sid=102
고려대학교,서울경제,“요즘 재벌집 자녀들은 서울대 안 간다”…확 달라진 오너 4·5세 ‘유...,"국내 대학에서는 고려대가 54명으로 가장 많았고 서울대 50명, 연세대 35명으로 집계됐다. 15년 전에도 시작된 변화…당시엔 해외대 진학 40% 오너가 자녀의 조기 유학 움직임은 이미 2010년대 초반부터 뚜렷해지고...",2026-10-07 20:25,https://www.sedaily.com/article/20099299?ref=naver,https://n.news.naver.com/mnews/article/011/0004669201?sid=102
서울대학교,서울경제,“요즘 재벌집 자녀들은 서울대 안 간다”…확 달라진 오너 4·5세 ‘유...,"국내 대학에서는 고려대가 54명으로 가장 많았고 서울대 50명, 연세대 35명으로 집계됐다. 15년 전에도... 이 회장은 서울대 동양사학과를 졸업했고, 정 회장 역시 고려대 경영학과를 나온 뒤 미국...",2026-10-07 20:25,https://www.sedaily.com/article/20099299?ref=naver,https://n.news.naver.com/mnews/article/011/0004669201?sid=102
서울대학교,KBS,서울대 총장 후보 3명 압축…강준호·최해천·이재영,"제29대 서울대 총장 선거 후보가 3명으로 압축됐습니다. 서울대는 예비 후보자 4명을 대상으로 한 정책평가단 투표 결과, 강준호 사범대학 교수와 최해천 공과대학 교수, 이재영 인문대학 교수가 차례로 1~3위를...",2026-10-07 20:20,https://news.kbs.co.kr/news/pc/view/view.do?ncd=8680153&ref=A,https://n.news.naver.com/mnews/article/056/0012269613?sid=102
서울대학교,서울경제,서울대 차기 총장 후보 3명으로…강준호·최해천·이재영 교수,"서울대 제29대 총장 선거에 나설 후보자가 3명으로 좁혀졌다. 7일 서울대에 따르면 이날 오후 예비 후보자 4명을 대상으로 실시한 정책평가단 투표에서 강준호 사범대학 교수와 최해천 공과대학 교수, 이재영 인문대학...",2026-10-07 20:17,https://www.sedaily.com/article/20099295?ref=naver,https://n.news.naver.com/mnews/article/011/0004669197?sid=102
서울대학교,경향신문,[역사와 현실]‘사회’의 발견,| 장문석 서울대 서양사학과 교수 지금 모두의 시선이 부동산과 주식 시장에 꽂혀 있는 것 같다. 투자자들은 가격의 오르내림에 일희일비하며 오르면 도파민이 터지고 내리면 멜랑콜리에 빠지는 조울증에 시달린다. 나만...,2026-10-07 20:14,https://www.khan.co.kr/article/202610072014005,https://n.news.naver.com/mnews/article/032/0003474935?sid=110
서울대학교,매일경제,"“결국엔 상대를 존중해야”…홍창우, 무대와 장기판 오간다",느껴 서울대학교 법과대학 ALP 총동문회 합창단을 이끌고 있기도 하다. 홍창우는 “무대에서는 노래를 잘하는 것도 중요하지만 함께하는 사람들과 호흡하고 관객에게 마음을 전달하는 것이 더 중요하다고 생각한다”며...,2026-10-07 20:13,https://www.mk.co.kr/article/12170890,https://m.entertain.naver.com/article/410/0001142640
서울대학교,뉴스1,서울대 차기 총장 후보 3인 압축…강준호·최해천·이재영 교수,권준언 안소연 기자 = 내년 2월 임기를 시작하는 서울대 차기 총장 후보군이 7일 열린 교내 정책평가를 통해 3명으로 압축됐다. 서울대 총장추천위원회(총추위)는 이날 서울대 교원·직원·학생으로 구성된 정책평가단이...,2026-10-07 20:13,https://www.news1.kr/society/education/6313574,https://n.news.naver.com/mnews/article/421/0009215978?sid=102
서울대학교,비욘드포스트,"서울시향 '얍 판 츠베덴', 10월 무대는 '올 모차르트'…르노 카퓌송 협연...","이후 베를린 캄머 오케스트라 협연 및 베르비에, 라비니아 페스티벌 참여 등 화려한 경력을 바탕으로 현재 서울시향 비올라 수석이자 서울대 교수로 출강하며 후학 양성에 힘쓰고 있다. 공연의 대미는 모차르트 최후의...",2026-10-07 20:12,http://www.beyondpost.co.kr/view.php?ud=20261007193323123692e75d13a3_30,http://www.beyondpost.co.kr/view.php?ud=20261007193323123692e75d13a3_30
고려대학교,OBS경인TV,"공격 IP 상당수가 세탁용…""국제공조 쉽지 않아""",[김승주 / 고려대 정보보호대학원 교수: IP 추적하는 건 쉽지 않은 일이고 그걸 하려면 국제공조가 이루어져야 됩니다. 그런데 국제공조라는 게 그렇게 쉽지 않고 시간도 오래 걸리는….］ 금융당국은 전 금융권을...,2026-10-07 20:12,https://www.obsnews.co.kr/news/articleView.html?idxno=1539804,https://www.obsnews.co.kr/news/articleView.html?idxno=1539804
서울대학교,더팩트,[기획] 찢긴 '한글'지 다시 붙여 읽었다…순천이 기억해야 할 한글학자...,순천대학교 교정에 남은 짧은 비문은 두 사람의 삶을 연결하는 흔적이기도 하다. ◇서울대학교 언어학과 권재일 명예교수가 다시 조명한 '아보 송병수' 송병수 선생의 우리말 사랑은 지역에만 머물지 않았다. 최근에는...,2026-10-07 20:10,https://news.tf.co.kr/read/national/2374087.htm,https://n.news.naver.com/mnews/article/629/0000540306?sid=102
고려대학교,녹색경제신문,"한은, 국제담당 부총재보 최영주 금융시장국장…경제연구원장엔 윤경수...","최 신임 부총재보는 고려대 경제학과를 졸업하고 1997년 한은에 발을 들였다. 이후 줄곧 금융시장국과... 윤 내정자 역시 고려대 경제학과 출신으로, 미국 오하이오주립대에서 경제학 박사 학위를 받았다. 1998년 한은에...",2026-10-07 20:09,https://www.greened.kr/news/articleView.html?idxno=351630,https://www.greened.kr/news/articleView.html?idxno=351630
연세대학교,헬로디디,"누리호 5차 성공 '700여명'의 땀과 헌신 ""연구실·제조·발사대로 이어진...","양대원(연세대).(UES-Y_Sys.) 권기호 외 15명(항우연), 이정규 외 19명(나라스페이스).(E3T-TESTER-KARI-2) 그리고... 누리호 3단에는 주탑재위성과 함께 기업과 대학, 연구기관이 만든 작은 위성들도 실렸다. 그중 대전샛-1호는...",2026-10-07 20:08,http://www.hellodd.com/news/articleView.html?idxno=113420,http://www.hellodd.com/news/articleView.html?idxno=113420
서울대학교,헬로디디,"누리호 5차 성공 '700여명'의 땀과 헌신 ""연구실·제조·발사대로 이어진...","방우찬(서울대).(GBSAT-01) 조남석, 이재호, 이태영, 설동욱, 김성규, 강상연, 박정원(무인탐사연구소) 은영호... 고등학교 동문으로 같은 관심사를 공유하며 위성 '지비샛'을 개발한 KAIST팀은 KAIST를 비롯해 DGIST, 서울대...",2026-10-07 20:08,http://www.hellodd.com/news/articleView.html?idxno=113420,http://www.hellodd.com/news/articleView.html?idxno=113420
연세대학교,에듀동아,"[윤한울의 입시 큐레이팅] AI 시대의 역설, 우리 아이의 진짜 경쟁력은...",▶윤한울 MEDISKY LAB 대표이사 의치한수 SKY 진로맞춤형 학종 설계 전문가 - 연세대학교 졸업 - 現 MEDISKY LAB 대표 - 現 강남구청 인강 입시설명회 강사 - 前 이투스 / 비상에듀 / 비타에듀 인터넷강사 - 前 대치 시대인재 / 대치...,2026-10-07 20:08,https://edu.donga.com/news/articleView.html?idxno=112595,https://edu.donga.com/news/articleView.html?idxno=112595
서울대학교,경향신문,[교육 돌아보기]입시에도 ‘베블런 효과’가 필요한가,"또 현직 교사, 서울대 입학사정관 출신, 대학 입학사정관 등 전문가들 글을 읽으며 현장 교육 안목을 넓힐 수 있다. 비싼 값을 치러야만 좋은 대학에 간다는 마케팅에 휘둘리지 말자. 우리는 교육부가 선별한 기사부터...",2026-10-07 20:08,https://www.khan.co.kr/article/202610072008005,https://n.news.naver.com/mnews/article/032/0003474934?sid=110
연세대학교,한국경제,"""SKY 면접에서 중요한 건…"" 입시 컨설턴트의 '조언'",실제 연세대 언더우드국제대학에 응시한 제자들 가운데 영어 발음은 투박해도 논지를 정확히 짚어 답변한 학생이 합격한 사례를 들기도 했다. ◇신문 읽기에도 연령별 방법 달라 하 컨설턴트는 사고력 훈련 도구로...,2026-10-07 20:01,https://www.hankyung.com/article/2026100791791,https://n.news.naver.com/mnews/article/015/0005340303?sid=102
고려대학교,한국경제,"""SKY 면접에서 중요한 건…"" 입시 컨설턴트의 '조언'",그가 최근 한경매거진앤북을 통해 펴낸 에도 최상위권 대학의 선발 기준과 학년별 사고력 훈련법을 고스란히 담아냈다. ◇입시 지도 경험 담아 책 출간 하 컨설턴트는 부산 경혜여고를 졸업하고 2002년 고려대...,2026-10-07 20:01,https://www.hankyung.com/article/2026100791791,https://n.news.naver.com/mnews/article/015/0005340303?sid=102
서울대학교,한국경제,"""SKY 면접에서 중요한 건…"" 입시 컨설턴트의 '조언'","“서울대·고려대·연세대(SKY)와 주요 의대가 최근 면접의 역할이 확대되는 건 결국 ‘스스로 생각하는 힘’... 상위권 대학의 면접 비중은 보통 30%, 서울대 일반전형은 50%에 달한다. 서울대는 2028학년도부터...",2026-10-07 20:01,https://www.hankyung.com/article/2026100791791,https://n.news.naver.com/mnews/article/015/0005340303?sid=102
고려대학교,채널A,전쟁이 경제 흔드는 시대…한국 생존법은?,"바이오, 뷰티."" [문정빈 / 고려대 교수] ""동맹 안에서 우리가 원하는 것을 명확하게 요구하고 협상을 할 수 있는."" [양기욱 / 산업통상부 산업자원안보실장] ""지금은 축구경기 같은 겁니다. 정부와 민간이 하나의 팀플레이를...",2026-10-07 19:59,https://www.ichannela.com/news/main/news_detailPage.do?publishId=000000554079,https://n.news.naver.com/mnews/article/449/0000363365?sid=101
서울대학교,연합뉴스,서울대 차기 총장 후보 3명 압축…강준호·최해천·이재영,"제29대 서울대 총장 선거 후보가 3명으로 압축됐다. 7일 서울대에 따르면 이날 오후 예비 후보자 4명을 대상으로 한 정책평가단 투표 결과 강준호 사범대학 교수, 최해천 공과대학 교수, 이재영 인문대학 교수가 나란히 1...",2026-10-07 19:59,https://www.yna.co.kr/view/AKR20261007197000004?input=1195m,https://n.news.naver.com/mnews/article/001/0016364273?sid=102
서울대학교,뉴시스,서울대 총장 후보 3인 압축…강준호·최해천·이재영 교수,"조수원 조성하 기자 = 서울대학교 제29대 총장 예비후보자가 정책평가를 거쳐 강준호 사범대 교수, 최해천 공과대 교수, 이재영 인문대 교수 등 3명으로 압축됐다. 서울대 총장추천위원회는 7일 총장 예비후보자 4명을...",2026-10-07 19:58,https://www.newsis.com/view/NISX20261007_0003818010,https://n.news.naver.com/mnews/article/003/0014240202?sid=102
서울대학교,조선일보,"서울대, 차기 총장 후보 강준호·최해천·이재영 3인 압축","김현철 교수, 4위로 후보서 탈락 서울대 총장 선거 ‘인맥 경쟁’ 막는다 총추위 축소하고 수개월간 후보자 검증 제29대 총장을 선출하고 있는 서울대가 총장 후보로 강준호 사범대 체육교육과 교수, 최해천 공대...",2026-10-07 19:56,https://www.chosun.com/national/national_general/2026/10/07/ND5LLJ3BMFFRHGP7DW5D6RIZUY/?utm_source=naver&utm_medium=referral&utm_campaign=naver-news,https://n.news.naver.com/mnews/article/023/0004002636?sid=102
연세대학교,KBS,[여기는 충주] 기업도시 신설 학교인데…통학로 안전 확보는?,"충주의료원, 원격 중환자실 협력 네트워크 정식 운영 충주의료원이 연세대 원주세브란스기독병원과 연계한 원격 중환자실 협력 네트워크 사업을 이달부터 정식 운영합니다. 이는 권역 간 공공의료 협력 체계 사업 가운데...",2026-10-07 19:55,https://news.kbs.co.kr/news/pc/view/view.do?ncd=8680121&ref=A,https://n.news.naver.com/mnews/article/056/0012269601?sid=102
서울대학교,국제뉴스,"전시기획사 고운, 관악구 신사옥 이전…10월 독립 문화예술 공간 오픈","서울 관악구 남부순환로 위더스빌딩 3층에 마련됐다. 고운은 2010년 설립 이후 미술관, 갤러리, 대학교... 신사옥은 지하철 2호선 낙성대역 인근에 위치해 있으며, 서울대학교와 관악산 생활권과 인접해 있다. 위더스빌딩은...",2026-10-07 19:54,https://www.gukjenews.com/news/articleView.html?idxno=3715486,https://www.gukjenews.com/news/articleView.html?idxno=3715486
서울대학교,KBS,"[네트워크 현장] 순천시, 우주·방산 업무협약 체결 외",일부를 서울대 남부학술림으로 무상 양도한 기간이 올해 말 만료됨에 따라 백운산을 국립공원으로 지정할 기회를 맞았다고 주장했습니다. 추진위를 구성한 광양 시민들은 지난 2010년부터 백운산의 서울대 학술림 무상...,2026-10-07 19:54,https://news.kbs.co.kr/news/pc/view/view.do?ncd=8680117&ref=A,https://n.news.naver.com/mnews/article/056/0012269604?sid=101
서울대학교,디일렉,"HD현대중공업, 해양 SMR 실증 추진","해당 협약에는 HD현대중공업, HD한국조선해양, 한국전력기술, 현대건설, 한국선급, 현대중공업터보기계, 클래드코리아, 울산테크노파크, 울산과학기술원, 서울대학교, 한국과학기술원(KAIST), 한양대학교 등이 참여했다....",2026-10-07 19:50,https://www.thelec.kr/news/articleView.html?idxno=63441,https://www.thelec.kr/news/articleView.html?idxno=63441
서울대학교,JTBC,한국 첫 ICJ 재판관 나올까? '물밑 외교전' 한창,당사자는 국제해양법재판소의 소장을 역임한 백진현 서울대 명예교수입니다. 아시아 몫 한 자리를 놓고... 국가 간 해양경계 분쟁 재판에서 백진현 서울대 명예교수가 심리를 주재합니다. [백진현/당시 국제해양법재판소...,2026-10-07 19:45,https://news.jtbc.co.kr/article/NB12321833?influxDiv=NAVER,https://n.news.naver.com/mnews/article/437/0000514590?sid=104
서울대학교,한국경제,[단독] 서울대 총장 후보 4명→3명…강준호·최해천·이재영 최종 3인,서울대 제29대 총장 선거 후보자가 정책평가를 거쳐 4명에서 3명으로 압축됐다. 추후 이사회는 이들 최종... 서울대 총장 선출기구인 총장추천위원회는 7일 학내 포털을 통해 정책평가 결과를 공지했다. 1위부터 강준호...,2026-10-07 19:43,https://www.hankyung.com/article/202610078564i,https://n.news.naver.com/mnews/article/015/0005340297?sid=102
서울대학교,영남일보,대구 ‘중수청·경찰’ 본격 시동…양대 기관 ‘수사 사령탑’ 모두 호...,박 청장은 1996년 경위로 임관한 후 주로 경찰청·서울경찰청·광주경찰청에서 근무했다. 대구경북 경찰... 연합뉴스 초대 대구중수청장으로 선임된 홍종희 전 대한변협법률구조재단 감사는 광주 전남여고를 거쳐 서울대...,2026-10-07 19:42,https://www.yeongnam.com/web/view.php?key=20261007023322543,https://www.yeongnam.com/web/view.php?key=20261007023322543
연세대학교,벤처스퀘어,"코리아스타트업포럼, 집단소송법에 스타트업 방어권 요구…“피해자 구...",소급효·옵트아웃이 투자에 미칠 영향은…단계적 적용 등 보완책 논의 첫 발제를 맡은 한석훈 연세대 법무대학원 겸임교수는 미국식 집단소송제의 소송 비용과 남소...,2026-10-07 19:42,https://www.venturesquare.net/1118439/,https://www.venturesquare.net/1118439/
서울대학교,헤럴드경제,“여기가 한국 맞아?” 진짜 호랑이 ‘700만원’에 대놓고 거래…수상한...,"영국동물학회(ZSL) 동물학연구소와 유니버시티칼리지런던(UCL), 한국범보전기금, 서울대 연구진은 2024년 5월 국제학술지 PLOS ONE에 한국의 대형고양잇과 거래 실태를 분석한 연구를 발표하고 이같은 문제를 지적했다....",2026-10-07 19:41,https://biz.heraldcorp.com/article/10896051?ref=naver,https://n.news.naver.com/mnews/article/016/0002706666?sid=105
고려대학교,스포츠서울,“잠실 30-30은 나만의 것!” 이병규 2군 감독의 웃음…박용택 해설위원...,"휘문고-고려대 출신 박용택도 만만치 않다. 1998년 LG 2차 우선 지명이다. 고려대 졸업 후 2002년 LG에 입단했다. LG를 대표하는 호타준족으로 군림했다. 통산 2237경기, 2504안타, 타율 0.308, 213홈런 1192타점 313도루, OPS 0.821...",2026-10-07 19:38,https://www.sportsseoul.com/news/read/1640089?ref=naver,https://m.sports.naver.com/kbaseball/article/468/0001271274
서울대학교,강원일보,"SBS, 보도본부장 후보로 인제 출신 주영진 앵커 지명","주영진 후보자는 인제에서 태어나 강원고와 서울대 법과대학을 졸업했으며 서강대 미디어커뮤니케이션 대학원에서 언론학 석사학위를 받았다. 1993년 SBS에 공채 3기 기자로 입사해 워싱턴 특파원, 시민사회부장...",2026-10-07 19:37,https://www.kwnews.co.kr/article/20261007501739,https://n.news.naver.com/mnews/article/087/0001222575?sid=102
고려대학교,헤럴드경제,김영숙 선일금고 회장 “끊임없는 혁신이 성장의 비결…‘최초’ 넘어...,▶김영숙 선일금고 회장이 걸어온 길 ▷1955년 파주 출생 ▷1976년 선일금고 입사 ▷1997년 고려대 산업대학원 고위산업정책과정 수료 ▷2004년 연세대 AMP과정 수료 ▷2005년 선일금고 대표 취임 ▷2007년 서울대 GLP과정 수료...,2026-10-07 19:31,https://biz.heraldcorp.com/article/10895905?ref=naver,https://n.news.naver.com/mnews/article/016/0002706665?sid=101
연세대학교,헤럴드경제,김영숙 선일금고 회장 “끊임없는 혁신이 성장의 비결…‘최초’ 넘어...,▶김영숙 선일금고 회장이 걸어온 길 ▷1955년 파주 출생 ▷1976년 선일금고 입사 ▷1997년 고려대 산업대학원 고위산업정책과정 수료 ▷2004년 연세대 AMP과정 수료 ▷2005년 선일금고 대표 취임 ▷2007년 서울대 GLP과정 수료...,2026-10-07 19:31,https://biz.heraldcorp.com/article/10895905?ref=naver,https://n.news.naver.com/mnews/article/016/0002706665?sid=101
서울대학교,헤럴드경제,김영숙 선일금고 회장 “끊임없는 혁신이 성장의 비결…‘최초’ 넘어...,▶김영숙 선일금고 회장이 걸어온 길 ▷1955년 파주 출생 ▷1976년 선일금고 입사 ▷1997년 고려대 산업대학원 고위산업정책과정 수료 ▷2004년 연세대 AMP과정 수료 ▷2005년 선일금고 대표 취임 ▷2007년 서울대 GLP과정 수료...,2026-10-07 19:31,https://biz.heraldcorp.com/article/10895905?ref=naver,https://n.news.naver.com/mnews/article/016/0002706665?sid=101
고려대학교,채널A,대형교회 2곳도 정보 유출…헌금 기록 ‘탈탈’,"[염흥열 / 순천향대 정보보호학과 교수] ""허니팟이 꿀이 이렇게 들어 있는 곳이어서 해커들이 노리는 그런 곳이라고 볼 수도 있을 것 같고요."" [김승주 / 고려대 정보대학원 교수] ""(정보의) 품질이 되게 좋단 말이에요. 재산...",2026-10-07 19:29,https://www.ichannela.com/news/main/news_detailPage.do?publishId=000000554057,https://n.news.naver.com/mnews/article/449/0000363345?sid=102
연세대학교,프라임경제,"[현장] ""소송 한 건에 폐업 위기""…집단소송법 도입, 벤처·스타트업 '초...","첫 번째 발제자로 나선 한석훈 연세대 법무대학원 겸임교수는 ""옵트아웃 방식은 기판력의 무제한적 확대로... 전성민 가천대학교 경영학부 교수는 ""국내 스타트업의 평균 자산은 85억원 수준에 불과한데, 100만명 대상 1인당...",2026-10-07 19:26,http://www.newsprime.co.kr/news/article.html?no=750230,http://www.newsprime.co.kr/news/article.html?no=750230
서울대학교,경남일보,"LH, 기숙사형 전세임대주택 전국 확대",LH는 서울대학교와 협업해 오는 2030년까지 기숙사형 전세임대주택 200호를 공급하고 7일부터 500호 규모의... LH는 지난달 4일 서울대와 업무협약을 체결하고 서울대 노후 기숙사 재건축에 따른 대체 주거공간 확보를 위해...,2026-10-07 19:22,https://www.gnnews.co.kr/news/articleView.html?idxno=647024,https://www.gnnews.co.kr/news/articleView.html?idxno=647024
고려대학교,채널A,"구미CGV, ‘암살자(들)’ 상영 중단…서울대에 대자보","서울대, 연세대, 고려대 등 대학가엔 영화 규탄 대자보가 붙었습니다. 윤지유 기자입니다. [기자] 영화관 자동매표기. 상영 중인 영화 포스터가운데 '암살자(들)'이 보이지 않습니다. 이 영화관은 CGV 구미점. 어제부터...",2026-10-07 19:16,https://www.ichannela.com/news/main/news_detailPage.do?publishId=000000554048,https://n.news.naver.com/mnews/article/449/0000363334?sid=100
연세대학교,채널A,"구미CGV, ‘암살자(들)’ 상영 중단…서울대에 대자보","서울대, 연세대, 고려대 등 대학가엔 영화 규탄 대자보가 붙었습니다. 윤지유 기자입니다. [기자] 영화관 자동매표기. 상영 중인 영화 포스터가운데 '암살자(들)'이 보이지 않습니다. 이 영화관은 CGV 구미점. 어제부터...",2026-10-07 19:16,https://www.ichannela.com/news/main/news_detailPage.do?publishId=000000554048,https://n.news.naver.com/mnews/article/449/0000363334?sid=100
서울대학교,채널A,"구미CGV, ‘암살자(들)’ 상영 중단…서울대에 대자보","서울대, 연세대, 고려대 등 대학가엔 영화 규탄 대자보가 붙었습니다. 윤지유 기자입니다. [기자] 영화관... 서울대 중앙도서관 건물에 대자보가 붙어 있습니다. 작성자는 보수 성향의 대학생 단체. 이들은 역사왜곡 논란에...",2026-10-07 19:16,https://www.ichannela.com/news/main/news_detailPage.do?publishId=000000554048,https://n.news.naver.com/mnews/article/449/0000363334?sid=100
연세대학교,굿모닝경제,"인제군, 농촌왕진버스 운영⋯""농촌으로 찾아가는 의료서비스""","세명대학교 부속 한방병원 의료진과 연세대학교 스포츠재활연구소, 전문안경사들이 이번 사업에 참여한다. 인제군은 ""평소 거리와 교통 여건 등으로 의료기관을 자주 이용하기 어려웠던 농업인들이 한자리에서 건강...",2026-10-07 19:14,https://www.goodkyung.com/news/articleView.html?idxno=292150,https://www.goodkyung.com/news/articleView.html?idxno=292150
서울대학교,한국경제,"""'암살자(들)' 단체관람, 교육부 일일이 간섭엔 한계""","최 장관은 이른바 '서울대 10개 만들기' 사업 확대 계획도 언급했다. 조국혁신당 강경숙 의원이 현재 3개 대학이 선정된 사업에 내년 추가 대학 선정 계획이 있는지 묻자, 최 장관은 ""확정적이지는 않지만 예산 상황을 봐서...",2026-10-07 19:14,https://www.hankyung.com/article/2026100793687,https://n.news.naver.com/mnews/article/015/0005340288?sid=100
서울대학교,디지털타임스,[기획] 韓에 연구소·수백명 채용… 리사 수의 특별한 ‘K-AI 러브콜’,"이와 관련, 수 CEO는 7일 오전 서울 포시즌스 호텔에서 류제명 과학기술정보통신부 2차관과 면담하고... 수 CEO는 최근 서울대 AI연구소와 양해각서(MOU)를 체결했다며, 국내 대학 및 스타트업과의 협력을 넓혀가겠다고...",2026-10-07 19:14,https://www.dt.co.kr/article/12088059?ref=naver,https://n.news.naver.com/mnews/article/029/0003052077?sid=101
서울대학교,중앙일보,교육부 장관 “이르면 내년 국가 주도 대입 원서 체계 구축”,"아울러 ‘서울대 10개 만들기’ 정책과 관련, 내년 2곳 이상의 국립대를 집중 지원 대학으로 추가... “서울대 10개 만들기, 내년 2곳 이상 추가” 다만 교육계 안팎에선 내년 수시 모집(9월)에 맞춰 정부 시스템이...",2026-10-07 19:13,https://www.joongang.co.kr/article/25467944,https://n.news.naver.com/mnews/article/025/0003556413?sid=102
서울대학교,한겨레,차정인 “대입 개편안 공개 늦추는 방안 논의…공론화 더 필요”,최교진 교육부 장관이 이재명 정부의 국정과제인 ‘서울대 10개 만들기’와 관련해 내년 2곳 이상의... 최 장관은 7일 국회 교육위원회 국정감사에서 `서울대 10개 만들기' 추가 선정 계획에 대한 질의를 받고 “이번 국회...,2026-10-07 19:06,https://www.hani.co.kr/arti/society/schooling/1281406.html,https://n.news.naver.com/mnews/article/028/0002826489?sid=102
연세대학교,충청타임즈,'제1회 대한민국 영케어러 위크' 개최,"주요 행사는 △23일 영케어러 토크콘서트 '애프터 스토리'(숭실대학교) △28일 온라인 세미나 '영케어러, 어떻게 발견할 것인가?' △29일 영케어러 위크 기념행사(연세대학교 그랜드볼룸) △30일 정책토론회 '「위기아동...",2026-10-07 19:02,http://www.cctimes.kr/news/articleView.html?idxno=931102,http://www.cctimes.kr/news/articleView.html?idxno=931102
서울대학교,교수신문,"최교진 ""서울대 10개, 내년 2개교 추가 선정""…이공계 편중·거점대 간 ...","""이름은 서울대 10개 만들기인데, 설계도는 사실상 '카이스트 10개 만들기' 아닌가.""(안규백 더불어민주당 의원) 서울대 10개 만들기를 둘러싸고 지역 거점국립대의 이공계 편중과 인문사회 분야 육성 방안이 국정감사...",2026-10-07 18:58,https://www.kyosu.net/news/articleView.html?idxno=211018,https://www.kyosu.net/news/articleView.html?idxno=211018
서울대학교,전북도민일보,"원광대 법학전문대학원, 2027학년도 신입학 전국 최고 경쟁률 기록",원광대학교 법학전문대학원이 2027학년도 신입학 모집에서 전국 25개 법학전문대학원 가운데 가장 높은... 이는 서울대·전북대·영남대·동아대 등을 포함한 전국 25개 법학전문대학원 가운데 가장 높은 경쟁률로...,2026-10-07 18:58,https://sjbnews.com/news/news.php?number=889422,https://sjbnews.com/news/news.php?number=889422
서울대학교,이데일리,"리사 수 AMD CEO, 韓 AI·반도체·게임 생태계 잇달아 접촉","류제명 과학기술정보통신부 제2차관(왼쪽)이 7일 오전 서울 종로구 포시즌스호텔에서 리사 수 AMD... AMD는 최근 서울대 AI연구원과 업무협약(MOU)을 체결했다. 리사 수 CEO는 국내 대학과 연구 커뮤니티, 스타트업과의...",2026-10-07 18:57,https://www.edaily.co.kr/News/Read?newsId=05343126645610624&mediaCodeNo=257&utm_source=naver&utm_medium=referral&utm_campaign=news_syndication&utm_content=original_article,https://n.news.naver.com/mnews/article/018/0006383176?sid=105
서울대학교,재외동포신문,"K-산불대응, 프랑스와 손잡고 아시아 넘어 세계로","서울대학교와 프랑스 PSL 대학, AFoCO는 석사 복수학위 장학프로그램 운영을 위한 양해각서를 체결했다. 이에 따라 회원국 장학생 4명이 선발돼 내년 9월부터 학업을 시작할 예정이다. 현장 대응 인력뿐 아니라 산불 연구...",2026-10-07 18:56,https://www.dongponews.net/news/articleView.html?idxno=60939,https://www.dongponews.net/news/articleView.html?idxno=60939
서울대학교,티티엘뉴스,"HD현대중공업 등 13개 기관, 울산과기원서 'SMR 해양 기술 실증센터' 출...","학계에서는 연구 거점을 제공하는 울산과학기술원을 비롯해 서울대학교, 한국과학기술원(KAIST), 한양대학교 등 원자력·조선해양 핵심 연구진이 가세했다. 국제해사기구(IMO)가 2030년을 목표로 해상 인명안전협약(SOLAS) 내...",2026-10-07 18:52,http://www.ttlnews.com/news/articleView.html?idxno=3149814,http://www.ttlnews.com/news/articleView.html?idxno=3149814
서울대학교,금강일보,"[사설] 민선 9기 출범 100일, 변화를 체감하고 있나","대전의료원 총사업비 조정과 충남대의 '서울대 10개 만들기' 사업 선정, 온통대전 2.0 재개 등도 민선 9기 들어 이뤄졌다. 세종은 대규모 기업 투자 유치가 눈에 띈다. 삼성전기는 세종사업장에 8조원을 투자해 AI 서버용...",2026-10-07 18:48,https://www.ggilbo.com/news/articleView.html?idxno=1185801,https://www.ggilbo.com/news/articleView.html?idxno=1185801
서울대학교,한겨레,"‘조각사회’ 속 2030, 이념보다 정책으로 설득해야 [왜냐면]",김민섭 | 학교법인 가톨릭학원 보건정책실·서울대 인구정책연구센터 연구원 여야 정치권이 2030 청년의 마음을 얻기 위해 경쟁하고 있다. 그러나 청년층을 자기 진영으로 끌어오는 것만 고민해서는 답을 찾기 어렵다....,2026-10-07 18:46,https://www.hani.co.kr/arti/opinion/because/1281396.html,https://n.news.naver.com/mnews/article/028/0002826479?sid=110
연세대학교,법률저널,"2027 로스쿨 경쟁률 '뚝' 4.74대 1...지원자 1,100명 급감 왜?","반면 서울대는 402명, 고려대 367명, 성균관대 239명, 연세대 326명 등이었다. 정원이 큰 대학일수록 상대적으로 지원자가 적은 현상을 보이면서 경쟁률 또한 낮은 것과 맥락을 같이 한다. 전체 평균 4.74대 1을...",2026-10-07 18:46,http://www.lec.co.kr/news/articleView.html?idxno=752822,http://www.lec.co.kr/news/articleView.html?idxno=752822
고려대학교,법률저널,"2027 로스쿨 경쟁률 '뚝' 4.74대 1...지원자 1,100명 급감 왜?","반면 서울대는 402명, 고려대 367명, 성균관대 239명, 연세대 326명 등이었다. 정원이 큰 대학일수록... 이성진 이 같은 흐름을 고려하면 단기간에 로스쿨 경쟁률이 다시 2025학년도 수준으로 반등할 가능성은...",2026-10-07 18:46,http://www.lec.co.kr/news/articleView.html?idxno=752822,http://www.lec.co.kr/news/articleView.html?idxno=752822
서울대학교,법률저널,"2027 로스쿨 경쟁률 '뚝' 4.74대 1...지원자 1,100명 급감 왜?","한양대 2.05대 1, 서울대 2.68대 1, 고려대 3.06대 1, 충북대 3.07대 1, 경북대 3.36대 1, 전남대 3.52대 1 등도... 반면 서울대는 402명, 고려대 367명, 성균관대 239명, 연세대 326명 등이었다. 정원이 큰 대학일수록...",2026-10-07 18:46,http://www.lec.co.kr/news/articleView.html?idxno=752822,http://www.lec.co.kr/news/articleView.html?idxno=752822
연세대학교,화이트페이퍼,"신한은행, 연세대 기술지주와 스타트업 성장 지원 협약",(사진=신한은행) 신한은행이 연세대학교 기술지주(이하 연대기술지주)와 협력해 대학 기술 창업기업의 발굴과 성장을 지원한다. 신한은행은 전날 서울 서대문구 연세대학교 본관에서 연대기술지주와 '혁신기술 스타트업...,2026-10-07 18:44,http://www.whitepaper.co.kr/news/articleView.html?idxno=267582,http://www.whitepaper.co.kr/news/articleView.html?idxno=267582
연세대학교,시사위크,"민주당, '공수처 개편' 추진하는 이유","한상훈 연세대 법학전문대학원 교수는 ""공수처 수사 대상 축소는 부정부패나, 권력형 범죄에 대한 대응 체계에 있어서 심각한 후퇴가 될 수 있다""며 ""공수처가 미흡한 점이 있더라도 권한을 박탈하기보단 반대로 가야 한다...",2026-10-07 18:44,https://www.sisaweek.com/news/articleView.html?idxno=238267,https://www.sisaweek.com/news/articleView.html?idxno=238267
서울대학교,연합뉴스,"최교진, 암살자(들)단체관람에 ""교육부가 일일이 간섭하긴 한계""(종합2보...","것"" ""서울대 10개 만들기, 내년에 예산 상황 봐서 2개 이상 확대 노력"" (세종=연합뉴스) 고상민 기자 = 최교진... 아울러 최 장관은 이른바 '서울대 10개 만들기' 사업 확대와 관련해 '현재 3개 대학이 선정됐는데 내년에 추가...",2026-10-07 18:43,https://www.yna.co.kr/view/AKR20261007095552530?input=1195m,https://n.news.naver.com/mnews/article/001/0016364157?sid=102
서울대학교,연합인포맥스,"장용성 금통위원 ""내수 좋아지려면 고용 늘어야…반도체는 자본집약적...",장 위원은 7일 마포구 서강대학교에서 남덕우기념사업회가 개최한 '한국은행 통화정책의 기조는 옳은가... 이날 토론회에서 발제자로 나선 이윤수 서울대 국제대학원 교수는 긴축적 통화정책과 확정적 재정정책으로 인한...,2026-10-07 18:42,https://news.einfomax.co.kr/news/articleView.html?idxno=4438194,https://news.einfomax.co.kr/news/articleView.html?idxno=4438194
서울대학교,매일일보,"HD현대重 등 12개 기관, 'SMR 해양 기술 실증센터' 출범","(UNIST), 서울대학교, 한국과학기술원(KAIST), 한양대학교 등이 힘을 합친다. 'SMR 해양 기술 실증센터'는 각 기관이 보유한 전문 인력, 기술력, 시험 및 연구 인프라를 연계해 해양 SMR 기술개발과 성능 검증, 실증을...",2026-10-07 18:38,https://www.m-i.kr/news/articleView.html?idxno=2003733,https://www.m-i.kr/news/articleView.html?idxno=2003733
서울대학교,이뉴스투데이,"[연천 소식] 연천군-미주한인회총연합회, 국제 교류 및 지역발전 '맞손...","이어진 토크콘서트에서는 김덕현 연천군수, 박수진 서울대 아시아연구소장, 파트리크 스트룀 스웨덴 스톡홀름 경제대학교 아시아연구센터장 등이 참여해 DMZ의 국제화 및 녹색 전환 방안을 논의했다. ◇ 연천군, '제8회...",2026-10-07 18:37,http://www.enewstoday.co.kr/news/articleView.html?idxno=2477968,http://www.enewstoday.co.kr/news/articleView.html?idxno=2477968
서울대학교,경남도민신문,'세계문화가 창원으로' 제21회 MAMF 23일 개막,"기존 '문화다양성 아이디어 공모전'은 서울대학교와 공동 운영하는 '문화다양성 정책연구 발표 학술제'로 확대해, 아이디어 발굴을 넘어 정책적·학술적 논의가 가능한 프로그램으로 발전시켰다. 외국인근로자를 위한...",2026-10-07 18:37,http://www.gndomin.com/news/articleView.html?idxno=492068,http://www.gndomin.com/news/articleView.html?idxno=492068
고려대학교,이코노믹리뷰,한은 국제금융·협력 부총재보에 최영주…경제연구원장 윤경수 내정,최 부총재보는 고려대 경제학과를 졸업한 뒤 1997년 한은에 입행했다. 금융시장국과 통화정책국에서... 윤 원장 내정자는 고려대 경제학과를 졸업하고 미국 오하이오주립대에서 박사 학위를 취득했다. 1998년 한은에 입행해...,2026-10-07 18:36,https://www.econovill.com/news/articleView.html?idxno=752964,https://www.econovill.com/news/articleView.html?idxno=752964
연세대학교,이코노믹리뷰,"신한은행, 연세대 기술지주와 혁신 스타트업 발굴·육성",신한은행이 연세대학교 기술지주와 손잡고 혁신기술 스타트업 발굴부터 투자·금융·보육까지 성장 단계별 지원에 나선다. 대학이 보유한 연구성과의 사업화를 촉진하고 유망 기술기업을 금융·투자 인프라와 연결한다는...,2026-10-07 18:36,https://www.econovill.com/news/articleView.html?idxno=752940,https://www.econovill.com/news/articleView.html?idxno=752940
서울대학교,브레이크뉴스,"박범계 의원 ""학술원, 서울대 80%·남성 96%·평균 80.5세...”",전체 140명 중 서울대 112명…최근 5년 신규회원도 82.4%로 편중 심화 여성 회원은... 가운데 서울대학교 출신은 무려 112명으로 전체의 80.0%를 차지했다. 성별로는...,2026-10-07 18:36,http://www.breaknews.com/1241560,http://www.breaknews.com/1241560
서울대학교,브레이크뉴스,"충북교육청, IB 학교 문화 정착 및 인증 과정 지원 위한 관리자 교육 실...","이날 행사에서는 서울대학교 IB 교육센터장이 '왜 우리는 IB에 주목하는가'를... 또한 전 광주교육대학교 광주부설초등학교장이 'IB 월드스쿨 리더십, IB 내일교실'을...",2026-10-07 18:34,http://www.breaknews.com/1241609,http://www.breaknews.com/1241609
서울대학교,디지털타임스,‘SMR 해양 기술 실증센터’ 출범…HD현대重 등 조선·원자력 12곳 참여,회사는 실증센터에 HD현대중공업·HD한국조선해양과 한국전력기술·현대건설·한국선급·현대중공업터보기계·클래드코리아·울산테크노파크·UNIST·서울대학교·한국과학기술원(KAIST)·한양대학교 등 총 12개 기관이...,2026-10-07 18:32,https://www.dt.co.kr/article/12088043?ref=naver,https://n.news.naver.com/mnews/article/029/0003052064?sid=101
서울대학교,부산일보,"유현목영화예술상 고 임재철 평론가 대리 수상 임재란 ""오빠, 사랑해!”...","향년 65세로 별세한 고 임재철 평론가는 서울대 신문학과 졸업 후 중앙일보 기자를 거쳐 미국 뉴욕시립대에서 영화이론 석사 학위를 받았다. 서울시네마테크 운영위원장, 광주국제영화제 수석 프로그래머를 역임했으며...",2026-10-07 18:30,https://www.busan.com/view/busan/view.php?code=2026100701331813536,https://n.news.naver.com/mnews/article/082/0001401597?sid=103
서울대학교,한국경제,"이왕준 ""韓, 의료AI 강국 부상…미국 1등 병원도 배우러 온다""",IHF에 속한 각국 리더들이 오는 19~22일 서울 마곡 코엑스 컨벤션센터에서 열리는 세계병원대회 총회... 1983년 서울대 의대에 입학한 뒤 졸업을 앞둔 1992년 의료신문 ‘청년의사’를 창간해 28세 최연소 발행인이 됐다. 외과...,2026-10-07 18:30,https://www.hankyung.com/article/2026100792421,https://n.news.naver.com/mnews/article/015/0005340268?sid=102
서울대학교,문화일보,"김현정 한국화가, “내숭 시리즈는 ‘21세기 풍속화’”…K드라마와 협...","졸업하고, 서울대학교 대학원에서 동양화 석사·박사 학위를 취득했다. 그의 작업물은 교과서 31종에 수록되어 있으며, 개인전 전시 작품 ‘완판’을 비롯해 6만 7402명의 관람 기록을 보유했다. 현재는 서울특별시...",2026-10-07 18:27,https://www.munhwa.com/article/11622028?ref=naver,https://m.entertain.naver.com/article/021/0002823684
연세대학교,디지틀조선일보,코스포 “집단소송 한 건이 스타트업 존폐 가를 수도…방어권 고려한 제...,◇ 옵트아웃·소급효 쟁점으로…“스타트업 대응 여력 고려해야” 첫 번째 발제에 나선 한석훈 연세대 법무대학원 겸임교수는 미국식 집단소송제의 구조와 해외 사례를 중심으로 제도 도입에 따른 영향을 짚었다. 한...,2026-10-07 18:26,http://digitalchosun.dizzo.com/site/data/html_dir/2026/10/07/2026100780073.html,http://digitalchosun.dizzo.com/site/data/html_dir/2026/10/07/2026100780073.html
고려대학교,이데일리,"""해킹 당한 기업에 일률적 책임 안돼…AI규제 기준 정비 필요""","법무법인 태평양(대표변호사 이준기)과 고려대학교 법학전문대학원(원장 김상중)은 7일 서울 종로구 태평양 본사에서 ‘최근 데이터, AI법 이슈의 분석과 향후 과제’를 주제로 공동 세미나를 개최했다. 이는 최근 AI...",2026-10-07 18:23,https://www.edaily.co.kr/News/Read?newsId=05205366645610624&mediaCodeNo=257&utm_source=naver&utm_medium=referral&utm_campaign=news_syndication&utm_content=original_article,https://n.news.naver.com/mnews/article/018/0006383161?sid=102
서울대학교,파이낸셜뉴스,"HD현대重, SMR 해양 기술 실증 참여","협약에는 HD현대중공업과 HD한국조선해양, 한국전력기술, 현대건설, 한국선급, 현대중공업터보기계, 클래드코리아, 울산테크노파크, UNIST, 서울대, 한국과학기술원(KAIST), 한양대학교가 참여했다.",2026-10-07 18:22,https://www.fnnews.com/news/202610071820259649,https://n.news.naver.com/mnews/article/014/0005586358?sid=101
서울대학교,파이낸셜뉴스,안세영 선수·김도형 교수 '포니정 영리더상',김 교수는 2012년 서울대 재료공학부를 졸업하고 2018년 미국 UC버클리에서 박사학위를 받은 뒤 스탠퍼드대에서 박사후연구과정을 거쳤다. 2022년부터 펜실베이니아대 화학·생체분자공학과 조교수로 재직하고 있다.,2026-10-07 18:22,https://www.fnnews.com/news/202610071820176960,https://n.news.naver.com/mnews/article/014/0005586356?sid=101
서울대학교,매일경제,"교육부, 지거국 지원 확대…AI 안경 부정행위도 손본다","지원 대상 거점국립대 2곳 이상 추가 “수능 AI 안경 적발시 2년 응시 제한” 최교진 교육부 장관이 ‘서울대... 교육부는 유웨이어플라이에 대한 특별조사와 함께 한국대학교육협의회, 민간 대행사와 태스크포스(TF)를...",2026-10-07 18:21,https://www.mk.co.kr/article/12170790,https://n.news.naver.com/mnews/article/009/0005745566?sid=102
서울대학교,디지털데일리,"이부환 한화에어로 대표 ""채용 가이드라인, 명백한 과오…인사팀 관리 ...",서울·판교 근무자는 서울대·연세대·고려대 등을 포함한 국내 11개 대학 출신자를 대상으로 하고 해외 대학은 QS 세계대학순위 100위권 이내를 기준으로 제시했다. 지방 사업장은 인근 거점 국립대와 QS 200위권 이내 해외...,2026-10-07 18:19,https://www.ddaily.co.kr/page/view/2026100718160734156,https://n.news.naver.com/mnews/article/138/0002244032?sid=101
고려대학교,디지털데일리,"이부환 한화에어로 대표 ""채용 가이드라인, 명백한 과오…인사팀 관리 ...",연령대를 고려한다며 '1980년생 이하'를 기준으로 제시하고 이를 필수 충족 조건으로 명시한 내용이 담긴 것으로 알려졌다. 출신 대학에도 제한을 뒀다. 서울·판교 근무자는 서울대·연세대·고려대 등을 포함한 국내 11개...,2026-10-07 18:19,https://www.ddaily.co.kr/page/view/2026100718160734156,https://n.news.naver.com/mnews/article/138/0002244032?sid=101
연세대학교,디지털데일리,"이부환 한화에어로 대표 ""채용 가이드라인, 명백한 과오…인사팀 관리 ...",서울·판교 근무자는 서울대·연세대·고려대 등을 포함한 국내 11개 대학 출신자를 대상으로 하고 해외 대학은 QS 세계대학순위 100위권 이내를 기준으로 제시했다. 지방 사업장은 인근 거점 국립대와 QS 200위권 이내 해외...,2026-10-07 18:19,https://www.ddaily.co.kr/page/view/2026100718160734156,https://n.news.naver.com/mnews/article/138/0002244032?sid=101
서울대학교,한겨레,바다 위 원전 미래 연다…조선·원자력 12개 기관 ‘해양 SMR 실증센터’...,"협약에는 에이치디현대중공업과 에이치디한국조선해양, 한국전력기술, 현대건설, 한국선급, 현대중공업터보기계, 클래드코리아, 울산테크노파크, 울산과학기술원, 서울대, 한국과학기술원(KAIST), 한양대가 참여했다....",2026-10-07 18:16,https://www.hani.co.kr/arti/economy/marketing/1281383.html,https://n.news.naver.com/mnews/article/028/0002826466?sid=101
서울대학교,노컷뉴스,"""세계문화 함께 즐겨요"" 제21회 창원 맘프, 10월 23일 개막","기존 '문화다양성 아이디어 공모전'은 서울대학교와 공동 운영하는 '문화다양성 정책연구 발표 학술제'로 확대해, 아이디어 발굴을 넘어 정책적·학술적 논의가 가능한 프로그램으로 발전시켰다. 외국인근로자를 위한...",2026-10-07 18:16,https://www.nocutnews.co.kr/news/6588516?utm_source=naver&utm_medium=article&utm_campaign=20261007061525,https://n.news.naver.com/mnews/article/079/0004196667?sid=102
연세대학교,한국경제,외부연구비·기술이전·글로벌 평판…서울대 압도적 1위,연세대의 전임교원 확보율은 전체 대학 중 24위에 그쳤다. 외국인 유학생을 엄격하게 선발해 유학생 비중이 낮은 서울대는 내년부터 외국인 유학생을 대상으로 하는 글로벌인재학부를 신설한다. 최영총/고재연 기자...,2026-10-07 18:13,https://www.hankyung.com/article/2026100792001,https://n.news.naver.com/mnews/article/015/0005340251?sid=102
서울대학교,한국경제,외부연구비·기술이전·글로벌 평판…서울대 압도적 1위,이태우 서울대 재료공학부 교수 연구팀은 2024년 미국 빅테크의 ‘러브콜’을 받았다. 연구팀이 개발한... ◇연구·교육 모두 잡은 서울대 7일 공개된 ‘2026 INUE·한경 대학평가’에서 서울대는 연구성과와 교육혁신...,2026-10-07 18:13,https://www.hankyung.com/article/2026100792001,https://n.news.naver.com/mnews/article/015/0005340251?sid=102
고려대학교,비즈니스포스트,"한국은행 국제금융·협력 부총재보에 최영주 임명, 금융시장국장 지내",최 부총재보는 1972년생으로 전주신흥고등학교와 고려대학교 경제학과를 졸업했다. 미국 미시간주립대학교에서 경제학 석사학위를 받았다. 1997년 한국은행에 입행한 뒤 금융시장국과 통화정책국 등 정책부서에서 주로...,2026-10-07 18:12,https://www.businesspost.co.kr/BP?command=article_view&num=448864,https://www.businesspost.co.kr/BP?command=article_view&num=448864
서울대학교,한국경제,"교육혁신 강한 포스텍…우수 교수엔 10억 정착비, 학생엔 진로탐색 지원...",이남윤 고려대 전기전자공학부 교수와 조철현 서울대 수리과학부 교수 등이 포스텍으로 자리를... 이공계특성화대학은 연구 성과에만 강할 것이라는 인식과 달리 포스텍은 교육혁신 부문에서 서울대에 이어 2위를...,2026-10-07 18:11,https://www.hankyung.com/article/2026100791991,https://n.news.naver.com/mnews/article/015/0005340250?sid=102
고려대학교,한국경제,"교육혁신 강한 포스텍…우수 교수엔 10억 정착비, 학생엔 진로탐색 지원...",이남윤 고려대 전기전자공학부 교수와 조철현 서울대 수리과학부 교수 등이 포스텍으로 자리를 옮기면서다. 포스텍은 우수 교원에게 파격적인 지원을 하는 대학 중 하나다. 우수한 학자를 유치하기 위해 분야에...,2026-10-07 18:11,https://www.hankyung.com/article/2026100791991,https://n.news.naver.com/mnews/article/015/0005340250?sid=102
서울대학교,한국경제,부산·충남·전남대 '톱20' 포진…거점국립대 저력 입증했다,"정부의 ‘서울대 10개 만들기’ 정책 패키지 지원 대학으로 선정된 부산대, 충남대, 전남대가 ‘2026 INUE... 부문에서는 서울 주요 대학과의 격차가 드러났다. 종합순위가 부산대(13위)와 경북대(15위) 사이인 서강대...",2026-10-07 18:10,https://www.hankyung.com/article/2026100792051,https://n.news.naver.com/mnews/article/015/0005340249?sid=102
연세대학교,베타뉴스,"영천시, ‘농촌왕진버스’ 3개 권역 순회 운영 마무리","양·한방 진료, 근골격계 질환 관리, 검안 및 돋보기 지원 등을 시행했다. 이날은 대한의료봉사회가 양·한방 진료, 연세대 스포츠재활연구소가 1대1 맞춤형 운동 처방, 돋보기 지원, 치매 조기검진 등을 각각 진행했다.",2026-10-07 18:08,https://www.betanews.net/article/view/beta202610070106,https://www.betanews.net/article/view/beta202610070106
서울대학교,노컷뉴스,"최교진 ""서울대 10개 만들기 대학, 내년에 2곳 이상 추가""","핵심요약올해 부산대와 전남대, 충남대 등 3곳 선정 최교진 교육부 장관이 내년에 '서울대 10개 만들기' 사업 대상 대학을 2곳 이상 추가 선정하겠다고 7일 밝혔다. '서울대 10개 만들기' 사업은 지방 거점국립대에...",2026-10-07 18:08,https://www.nocutnews.co.kr/news/6588512?utm_source=naver&utm_medium=article&utm_campaign=20261007060725,https://n.news.naver.com/mnews/article/079/0004196663?sid=102
연세대학교,한국경제,연구성과는 성균관대…글로벌화는 고려대,연세대 고려대 성균관대 한양대 경희대 등 주요 사립대가 1~5위를 차지했다. 서울 주요 대학 중 외국인 학생 유치 등 글로벌화를 가장 적극적으로 추진하는 대학이다. ‘민족 고대’에서 ‘세계 고대’로 변신을...,2026-10-07 18:07,https://www.hankyung.com/article/2026100792021,https://n.news.naver.com/mnews/article/015/0005340248?sid=102
고려대학교,한국경제,연구성과는 성균관대…글로벌화는 고려대,‘민족 고대’에서 ‘세계 고대’로 변신을 추구하고 있는 고려대는 본교 학부 유학생이 약 3700명으로 주요 대학 중 가장 많다. 대학의 국제화를 평가할 때 주요한 지표로 작용하는 외국인 유학생 중도 이탈률은...,2026-10-07 18:07,https://www.hankyung.com/article/2026100792021,https://n.news.naver.com/mnews/article/015/0005340248?sid=102
서울대학교,한국경제,연구성과는 성균관대…글로벌화는 고려대,성균관대는 교원 1인당 SCI급 논문 수에서 서울대와 KAIST를 제치고 영남대에 이어 2위를 차지했다. 우수... 서울 주요 대학 중 외국인 학생 유치 등 글로벌화를 가장 적극적으로 추진하는 대학이다. ‘민족 고대’에서...,2026-10-07 18:07,https://www.hankyung.com/article/2026100792021,https://n.news.naver.com/mnews/article/015/0005340248?sid=102
서울대학교,뉴스티앤티,"연천군, DMZ 국제화 논의…평화경제특구·2029 구석기엑스포 연계","이어 김덕현 연천군수와 박수진 서울대 아시아연구소장, 파트리크 스트룀 스톡홀름 경제대학교 아시아연구센터장 등이 참여한 토크콘서트에서는 DMZ 국제화와 녹색 전환 방안이 논의됐다. 김 군수는 ""접경지역의...",2026-10-07 18:06,https://www.newstnt.com/news/articleView.html?idxno=721895,https://www.newstnt.com/news/articleView.html?idxno=721895
연세대학교,한국일보,[부고] 조성길(스트리미 이사)씨 모친상 외,허명자씨 시부상=6일 오후6시 연세대 신촌장례식장 발인 9일 오전7시40분 (02)2227-6151 ▲김은희씨 별세·김성곤(이데일리 정치부 부국장)씨 부인상=6일 은평성모장례식장 발인 9일 오전6시 (02)2030-4444,2026-10-07 18:05,https://www.hankookilbo.com/news/article/A2026100716260003136?did=NA,https://n.news.naver.com/mnews/article/469/0000958271?sid=102
서울대학교,스포츠동아,"연천군 DMZ, 국제협력 거점으로.. ‘평화·녹색전환’ 해법 모색",스웨덴 등 국내외 전문가 참여 국제세미나 개최…평화경제특구·2029 세계 구석기 엑스포 연계 방안 논의 연천군(군수 김덕현)은 지난 9월 29일 한반도통일미래센터에서 서울대학교 국토문제연구소·아시아연구소...,2026-10-07 18:05,https://sports.donga.com/region/article/all/20261007/134804537/1,https://n.news.naver.com/mnews/article/382/0001297821?sid=102
서울대학교,글로벌이코노믹,"연천군, DMZ 넘어 세계와 연결…국제교류·평화경제 외연 넓힌다","앞서 지난 9월 29일에는 국립평화통일민주교육원 한반도통일미래센터에서 서울대학교 국토문제연구소, 서울대학교 아시아연구소 미래지구 프로그램과 공동으로 '2026 DMZ 연천-스웨덴 국제학술 세미나'를 열었다. 한국과...",2026-10-07 18:04,https://www.g-enews.com/view.php?ud=202610071622153233e99a18c428_1,https://www.g-enews.com/view.php?ud=202610071622153233e99a18c428_1
서울대학교,부산일보,[인터뷰] 전민현 사립대학총장협의회 회장 “인재 키우고 지역 정주 구...,“지방국립대 등록금 무료나 거점국립대 서울대 10개 만들기 정책은 원래 목적인 지역균형발전에 부합하지... 인제대학교 전민현 총장의 제언이다. 전 총장은 정부의 국립대 집중 지원 기조에 대해 우려하며 균형발전을...,2026-10-07 18:03,https://www.busan.com/view/busan/view.php?code=2026100717592845146,https://n.news.naver.com/mnews/article/082/0001401568?sid=102
서울대학교,라이브뉴스,"[기자수첩] 모아데이타, 임상호 등 사내이사 4명 한꺼번에 선임…신사업...",2001~2010년 국립수의과학검역원 해외전염병과장·세균과장 등을 지냈으며 서울대 대학원에서 수의학 박사학위를 받았다. 2016년부터 한울타리통일모임 감사로 활동하고 있다. 특히 김창기·주이석 씨는 모아데이타...,2026-10-07 18:02,https://www.livesnews.com/news/article.html?no=64790,https://www.livesnews.com/news/article.html?no=64790
연세대학교,한국경제,"같은 1위, 다른 이유…서울대·연세대, '우수'와 '선호' 평가 갈렸다",K-선호대학에서는 연세대가 1위였고 서울대와 고려대가 각각 2위와 3위로 뒤를 이었다. 올해 평가는 재학생 4000명 이상인 전국 120개 일반대학을 대상으로 진행됐으며 참가자들은 학문·연구 성과와 객관적 우수성을...,2026-10-07 18:01,https://www.hankyung.com/article/202610078841i,https://n.news.naver.com/mnews/article/015/0005340245?sid=102
서울대학교,한국경제,"같은 1위, 다른 이유…서울대·연세대, '우수'와 '선호' 평가 갈렸다",서울대와 연세대가 국내 대학 브랜드 평가에서 각각 ‘우수대학’과 ‘선호대학’ 1위에 올랐다. 교육·연구·조직 역량 등 대학의 실질 경쟁력을 반영한 ‘이성적 브랜드가치’에서는 서울대가 가장 높은 평가를 받은...,2026-10-07 18:01,https://www.hankyung.com/article/202610078841i,https://n.news.naver.com/mnews/article/015/0005340245?sid=102
고려대학교,한국경제,"같은 1위, 다른 이유…서울대·연세대, '우수'와 '선호' 평가 갈렸다","대학평가연구원(INUE)과 한국경제신문이 실시한 ‘2026 INUE·한경 대학브랜드평가’에서 K-우수대학은 서울대가 1위, 연세대가 2위, 고려대가 3위를 기록했다. K-선호대학에서는 연세대가 1위였고 서울대와 고려대가 각각...",2026-10-07 18:01,https://www.hankyung.com/article/202610078841i,https://n.news.naver.com/mnews/article/015/0005340245?sid=102
고려대학교,주간조선,"""서울대 아니었네""…대기업 오너 일가 가장 많이 다닌 대학은 '이곳'",국내 대기업 오너 일가가 가장 많이 다닌 대학은 고려대인 것으로 나타났다. 오너 4∼5세의 경우 10명 중 9명 이상이 해외 유학 경험이 있는 것으로 조사됐다. 7일 기업데이터연구소 CEO스코어가 총수가 있는 대기업...,2026-10-07 18:00,http://weekly.chosun.com/news/articleView.html?idxno=55931,https://n.news.naver.com/mnews/article/053/0000062076?sid=101
서울대학교,주간조선,"""서울대 아니었네""…대기업 오너 일가 가장 많이 다닌 대학은 '이곳'","서울대가 50명으로 뒤를 이었고 연세대 35명, 이화여대 26명 순이었다. 고려대 출신 오너 일가에는 최태원... 서울대 출신으로는 이재용 삼성전자 회장(동양사학), 정몽준 아산재단 이사장(경제학), 김범수 카카오...",2026-10-07 18:00,http://weekly.chosun.com/news/articleView.html?idxno=55931,https://n.news.naver.com/mnews/article/053/0000062076?sid=101
연세대학교,주간조선,"""서울대 아니었네""…대기업 오너 일가 가장 많이 다닌 대학은 '이곳'","연세대 출신은 장형진 영풍 회장(상학), 정지선 현대백화점그룹 회장(사회학), 서경배 아모레퍼시픽그룹 회장(경영학), 조동길 한솔그룹 회장(경제학) 등이었다. 해외 대학 가운데서는 미국 컬럼비아대가 22명으로...",2026-10-07 18:00,http://weekly.chosun.com/news/articleView.html?idxno=55931,https://n.news.naver.com/mnews/article/053/0000062076?sid=101
서울대학교,영남일보,[울진포럼] 울진 ‘2026 에너지산업 수도 울진 미래에너지 포럼’ 개최,"이상훈 UNIST 기술경영대학원 교수는 주민 참여와 이익공유를 통한 '울진형 재생에너지 주민상생모델'을 제안했으며, 박찬오 서울대 원자력정책센터 박사는 기존 원전 인프라를 차세대 기술과 연구개발, 관련 산업...",2026-10-07 18:00,https://www.yeongnam.com/web/view.php?key=20261007027322938,https://www.yeongnam.com/web/view.php?key=20261007027322938
연세대학교,한국경제,[부고] 이주우 씨 별세 外,"▶이주우씨 별세, 박송자씨 남편상, 이상길 연세암병원 병원장·이상도·이상헌씨 부친상=연세대 신촌장례식장 발인 8일 오전10시 02-2227-7500 ▶윤영배씨 별세, 유현숙씨 남편상, 윤택근·윤신근·윤동근씨 부친상...",2026-10-07 17:57,https://www.hankyung.com/article/2026100792761,https://n.news.naver.com/mnews/article/015/0005340238?sid=102
고려대학교,라포르시안,"세계 90개국 병원 리더 모인다…IHF 세계병원대회, 19년 만에 서울서 개...","서울성모병원과 고려대 안암병원, 국립암센터, 국민건강보험 일산병원, 삼성서울병원, 서울대병원, 서울아산병원, 세브란스병원, 이대서울병원 등 총 15개 의료기관이 병원투어에 참여한다. 약 500명의 해외...",2026-10-07 17:56,https://www.rapportian.com/news/articleView.html?idxno=241059,https://www.rapportian.com/news/articleView.html?idxno=241059
고려대학교,서울경제TV,내성균 'CRE' 감염 5만명…국가필수 항생제도 ‘공급 불안’,"[싱크] 윤영경 / 고려대 안암병원 감염내과 ""세피데로콜이라고 하는 신약도 사실 사용 승인은 돼 있지만... [싱크] 윤영경 / 고려대 안암병원 감염내과 ""신약 도입이 지연되는 것뿐만 아니라 기존에 우리가 사용하고...",2026-10-07 17:56,https://www.sentv.co.kr/article/view/sentv202610070083,https://www.sentv.co.kr/article/view/sentv202610070083
연세대학교,뉴스락,"신한은행, 연세대와 산학협력… '스타트업' 투자·보육 지원",금융권과 대학 연구기관이 손을 잡고 성장 잠재력을 지닌 예비 창업가를 발굴해 전방위적인 육성에 나서는 산학협력 생태계가 조성된다. 신한은행(은행장 정상혁)이 연세대학교 기술지주 주식회사(대표 홍종일)와...,2026-10-07 17:56,http://www.newslock.co.kr/news/articleView.html?idxno=137597,http://www.newslock.co.kr/news/articleView.html?idxno=137597
연세대학교,투데이경제,"신한은행, 연세대 기술지주와 스타트업 지원 협약…발굴부터 투자·보육...",투데이e코노믹 = 우혜정 기자 | 신한은행은 연세대학교 기술지주회사와 ‘혁신기술 스타트업 성장 지원을 위한 전략적 파트너십’을 체결했다고 7일 밝혔다. 대학의 연구성과와 기술이 사업화로 이어질 수 있도록 기업...,2026-10-07 17:54,https://www.todayeconomic.com/news/article.html?no=32359,https://www.todayeconomic.com/news/article.html?no=32359
연세대학교,연합인포맥스,"이대건 신임 한은 금융시장국장 ""불확실성 큰 상황…열심히 하겠다""","이 신임 국장은 1972년생으로 성균관대 농업경제학과에서 학사 학위를, 연세대와 한국과학기술원(KAIST)에서 각각 경제학, 경영학 석사 학위를 받았다. 2000년 한은에 입행한 뒤 경제통계국과 대구경북본부, 금융시장국...",2026-10-07 17:54,https://news.einfomax.co.kr/news/articleView.html?idxno=4438183,https://news.einfomax.co.kr/news/articleView.html?idxno=4438183
연세대학교,SBS Biz,"한은, 이대건 금융시장국장·김신영 국제국장 임명","이 신임 금융시장국장은 1972년생으로 성균관대 농업경제학과를 졸업하고 연세대에서 경제학 석사, 한국과학기술원(KAIST·카이스트)에서 경영학 석사 학위를 받았다. 2000년 한은에 입행한 뒤 금융안정국과 금융시장국...",2026-10-07 17:54,https://biz.sbs.co.kr/article_hub/20000338827?division=NAVER,https://n.news.naver.com/mnews/article/374/0000536758?sid=101
서울대학교,충북일보,평화공존의 '새 통일관' 시급하다,"서울대학교 통일평화연구원의 국민통일의식 조사에 따르면, 북한을 하나의 독립된 국가로 바라보는 인식은 2023년 49.9%에서 2024년 52.1%, 2025년 54.5%로 매년 완연한 상승세를 보이고 있다. 반면 통일이 필요하다는 응답은 30...",2026-10-07 17:54,https://www.inews365.com/news/article.html?no=938435,https://www.inews365.com/news/article.html?no=938435
고려대학교,한국경제,한은 국제담당 부총재보에 최영주 금융시장국장,"최 부총재보는 고려대 경제학과를 졸업하고 1997년 입행해 금융시장국, 통화정책국 등 주요 부서를 거쳤다. 국내외 금융시장 분석, 공개시장 운영, 비상대응 태스크포스(TF) 지원 등 다양한 실무 경험을 축적해왔으며...",2026-10-07 17:53,https://www.hankyung.com/article/2026100791671,https://n.news.naver.com/mnews/article/015/0005340233?sid=101
서울대학교,한국경제,"이용익 신흥 회장, 서울대 발전공로상",서울대는 제19회 발전공로상 수상자로 이용익 신흥 회장(사진)과 이윤경·이도영 CM병원 행정대표·이사장 부부를 선정했다고 7일 밝혔다. 시상식은 오는 14일 제80주년 서울대 개교기념식에서 열린다. 이 회장은 치과용...,2026-10-07 17:53,https://www.hankyung.com/article/2026100791661,https://n.news.naver.com/mnews/article/015/0005340232?sid=102
연세대학교,조선일보,"“단 한 건 소송만으로 존립 위협”...스타트업 업계, 집단소송법 도입...",이날 발제자로 나선 한석훈 연세대학교 법무대학원 겸임교수는 현재 검토되고 있는 옵트아웃(Opt-out) 방식의 집단소송이 부적합한 이유로 과도한 소송 비용과 특정 법무법인의 시장 장악 가능성 등을 꼽았다. 옵트아웃...,2026-10-07 17:52,https://www.chosun.com/economy/tech_it/2026/10/07/2HCGCWK2QBG3PHWUUEEEU4WTGE/?utm_source=naver&utm_medium=referral&utm_campaign=naver-news,https://n.news.naver.com/mnews/article/023/0004002622?sid=105
고려대학교,위키트리,"구미시, 학력제고 지원사업 성과 가시화","의학계열 진학생도 2024년 12명에서 2025년 14명, 2026년 16명으로 꾸준히 늘었으며, 서울대·연세대·고려대 진학생은 매년 10명 이상을 유지했다. 본 사업은 대학 진학실적뿐만 아니라 학교 자체의 교육역량을 높였다는...",2026-10-07 17:50,https://www.wikitree.co.kr/articles/1164543,https://www.wikitree.co.kr/articles/1164543
연세대학교,한겨레,10월 8일 궂긴 소식,"◆ 이주우씨 별세: 박송자씨 남편, 상길(연세암병원 병원장) 상도 상헌씨 부친, 김선경 최나리씨 시부=5일 오후 5시12분 연세대세브란스병원. 발인 8일 오전 10시. (02)2227-7500. ◆ 신경도씨 별세: 지선희씨 남편...",2026-10-07 17:50,https://www.hani.co.kr/arti/society/obituary/1281371.html,https://n.news.naver.com/mnews/article/028/0002826454?sid=102
연세대학교,위키트리,"구미시, 학력제고 지원사업 성과 가시화","의학계열 진학생도 2024년 12명에서 2025년 14명, 2026년 16명으로 꾸준히 늘었으며, 서울대·연세대·고려대 진학생은 매년 10명 이상을 유지했다. 본 사업은 대학 진학실적뿐만 아니라 학교 자체의 교육역량을 높였다는...",2026-10-07 17:50,https://www.wikitree.co.kr/articles/1164543,https://www.wikitree.co.kr/articles/1164543
연세대학교,헤모필리아라이프,"굿윌치과병원, 외부 초청강연 재개… 첫 강연은 '근관치료 후 통증'","첫 강연은 치과보존과 전문의인 '곽영준 연세자연치과 원장'이 맡았다. 곽 원장은 연세대학교 치과대학을 졸업하고 같은 대학원에서 박사 학위를 받았으며, 현재 연세대·서울대 치과대학 외래교수와...",2026-10-07 17:50,https://www.hemophilia.co.kr/news/articleView.html?idxno=44929,https://www.hemophilia.co.kr/news/articleView.html?idxno=44929
서울대학교,한겨레,10월 8일 알림,◇ 과학기술정보통신부와 한국연구재단은 대한민국과학기술인상 10월 수상자로 이정은 서울대 물리천문학부 교수를 선정했다고 7일 밝혔다. 이 교수는 원시 재료가 어떻게 만들어지고 이동하는지를 규명해 별과...,2026-10-07 17:50,https://www.hani.co.kr/arti/society/society_general/1281373.html,https://n.news.naver.com/mnews/article/028/0002826456?sid=102
서울대학교,헤모필리아라이프,"굿윌치과병원, 외부 초청강연 재개… 첫 강연은 '근관치료 후 통증'","곽 원장은 연세대학교 치과대학을 졸업하고 같은 대학원에서 박사 학위를 받았으며, 현재 연세대·서울대 치과대학 외래교수와 대한치과근관치료학회 공보이사, 서울시치과의사회 학술이사 및 SIDEX 학술본부장을 맡고...",2026-10-07 17:50,https://www.hemophilia.co.kr/news/articleView.html?idxno=44929,https://www.hemophilia.co.kr/news/articleView.html?idxno=44929
서울대학교,위키트리,"구미시, 학력제고 지원사업 성과 가시화","의학계열 진학생도 2024년 12명에서 2025년 14명, 2026년 16명으로 꾸준히 늘었으며, 서울대·연세대·고려대 진학생은 매년 10명 이상을 유지했다. 본 사업은 대학 진학실적뿐만 아니라 학교 자체의 교육역량을 높였다는...",2026-10-07 17:50,https://www.wikitree.co.kr/articles/1164543,https://www.wikitree.co.kr/articles/1164543
연세대학교,이투데이,"한은, 부서장 인선 단행⋯이대건 금융시장국장·김신영 국제국장 선임","이대건 신임 금융시장국장(1972년생)은 성균관대 농업경제학과에서 학사 학위를, 연세대와 한국과학기술원(KAIST)에서 각각 경제학, 경영학 석사 학위를 받았다. 한은에는 2000년 입행했다. 한은은 이 신임 국장에 대해...",2026-10-07 17:50,https://www.etoday.co.kr/news/view/2633581,https://www.etoday.co.kr/news/view/2633581
서울대학교,헤럴드경제,‘군 면제’ 발언이 건드린 반백 년 병역특례…존폐 기로,"서이종 서울대 사회학과 교수는 언론 인터뷰에서 “우리나라는 이미 선진국이 됐고, 스포츠에서도 충분히 성과를 내고 있다”며 과거의 국위선양 기준을 관성적으로 유지하기보다 현재의 공정성에 맞게 제도를 고칠...",2026-10-07 17:49,https://biz.heraldcorp.com/article/10896128?ref=naver,https://m.sports.naver.com/general/article/016/0002706642
연세대학교,아시아타임즈,[은행 뉴스브리핑] KB금융-세종학당재단 한국 문화체험 프로그램 후원,"본관에서 연세대학교 기술지주 주식회사와 '혁신기술 스타트업 성장 지원을 위한 전략적 파트너십' 업무협약을 체결했다. 이번 협약은 대학이 보유한 우수 연구성과와 기술의 사업화를 촉진하고, 성장 가능성이 높은...",2026-10-07 17:48,https://www.asiatime.co.kr/article/20261007500372,https://www.asiatime.co.kr/article/20261007500372
서울대학교,매일경제,"""年수출 1조달러 시대 … '포스트 반도체' 준비하는 출발선돼야""","코트라도 최선을 다하겠다."" 강경성 사장 △1965년 경북 문경 △울산대 전기공학과, 연세대 경제학 석사, 서울대 경제학 박사 △행정고시(기술고시) 37회 △산업통상자원부 무역투자실장 △산업정책실장...",2026-10-07 17:47,https://www.mk.co.kr/article/12170729,https://n.news.naver.com/mnews/article/009/0005745525?sid=101
서울대학교,한국경제,"대학 빅5 '서연고성포'…포스텍, KAIST 제쳤다",대학평가’에서 서울대가 95.97점으로 지난해에 이어 올해도 종합순위 1위를 차지했다. 연세대(93.61점)는 지속가능성 부문에서 높은 점수를 받아 2위에 올랐다. 7일 공개된 INUE·한경 대학평가에서 서울대와 연세대...,2026-10-07 17:47,https://www.hankyung.com/article/2026100791801,https://n.news.naver.com/mnews/article/015/0005340226?sid=102
연세대학교,한국경제,"대학 빅5 '서연고성포'…포스텍, KAIST 제쳤다","7일 공개된 INUE·한경 대학평가에서 서울대와 연세대, 고려대가 1~3위를 차지해 ‘SKY 대학’의 저력을 입증했다. 연세대와 고려대는 지난해보다 두 계단씩 상승했다. 평가는 재학생 4000명 이상 전국 120개 일반 대학을...",2026-10-07 17:47,https://www.hankyung.com/article/2026100791801,https://n.news.naver.com/mnews/article/015/0005340226?sid=102
연세대학교,매일경제,"""年수출 1조달러 시대 … '포스트 반도체' 준비하는 출발선돼야""","연구기관, 대학이 함께 경쟁력을 쌓아왔다."" -올해 수출 호조의 바탕은 무엇인가. ""각 산업에서 기업과... 코트라도 최선을 다하겠다."" 강경성 사장 △1965년 경북 문경 △울산대 전기공학과, 연세대 경제학 석사, 서울대...",2026-10-07 17:47,https://www.mk.co.kr/article/12170729,https://n.news.naver.com/mnews/article/009/0005745525?sid=101
고려대학교,한국경제,"대학 빅5 '서연고성포'…포스텍, KAIST 제쳤다","7일 공개된 INUE·한경 대학평가에서 서울대와 연세대, 고려대가 1~3위를 차지해 ‘SKY 대학’의 저력을 입증했다. 연세대와 고려대는 지난해보다 두 계단씩 상승했다. 평가는 재학생 4000명 이상 전국 120개 일반 대학을...",2026-10-07 17:47,https://www.hankyung.com/article/2026100791801,https://n.news.naver.com/mnews/article/015/0005340226?sid=102
서울대학교,서울경제,"“서울대 10개 만들기 사업, 내년 2곳 이상 추가 지원”",교육부가 ‘서울대 10개 만들기’ 사업 대상에 기존 부산대·전남대·충남대 외에 2개 이상의 지역... 최교진 교육부 장관은 7일 국회 교육위원회 국정감사에서 서울대 10개 만들기 사업의 지속 추진 필요성을 묻는 질의에...,2026-10-07 17:46,https://www.sedaily.com/article/20099217?ref=naver,https://n.news.naver.com/mnews/article/011/0004669146?sid=102
서울대학교,매일경제,"리사 수, 韓 AI 반도체 기업 13곳과 '동맹'","수 회장은 7일 서울 중구 포시즌스호텔에서 류제명 과학기술정보통신부 2차관과 만난 자리에서 한국 내에... 수 회장은 ""최근 서울대 AI연구소와 MOU를 체결했다""며 ""국내 대학이나 스타트업과 함께하는 협력 관계를...",2026-10-07 17:44,https://www.mk.co.kr/article/12170717,https://n.news.naver.com/mnews/article/009/0005745517?sid=101
고려대학교,EBN 산업경제,"안구건조증 신약 'RCI001' 2상 진입…고대안암병원, 김동현 교수 개발 주...",고려대학교 안암병원 안과 김동현 교수가 안구건조증 신약 후보물질 'RCI001'의 국내 임상 2상 개발을 이끈다. 7일 업계에 따르면 식품의약품안전처의 임상시험계획 승인을 계기로 실제 환자를 대상으로 한 치료...,2026-10-07 17:44,https://www.ebn.co.kr/news/articleView.html?idxno=1727066,https://www.ebn.co.kr/news/articleView.html?idxno=1727066
서울대학교,경북일보,구미 4개 고교 우수대학 진학생 3년 새 52.5% 증가,서울대·연세대·고려대 진학생도 매년 10명 이상을 유지했다. 사업의 변화는 진학실적에만 그치지 않았다. 학교별로 학생의 학업수준과 진로를 진단하고 '수준별 학습→탐구활동→학생부 관리→진학지도'로...,2026-10-07 17:42,https://www.kyongbuk.co.kr/news/articleView.html?idxno=4086525,https://www.kyongbuk.co.kr/news/articleView.html?idxno=4086525
고려대학교,의사신문,"""19년 만에 서울서 열린다""···제49차 IHF(국제병원연맹) 세계병원대회...","서울성모병원, 고려대 안암병원, 국립암센터, 건보공단 일산병원, 삼성서울병원, 서울대병원, 서울아산병원, 세브란스병원, 이대서울병원 등 국내 15개 주요 의료기관을 둘러보며 한국의 선진 스마트병원...",2026-10-07 17:42,http://www.doctorstimes.com/news/articleView.html?idxno=240382,http://www.doctorstimes.com/news/articleView.html?idxno=240382
고려대학교,경북일보,구미 4개 고교 우수대학 진학생 3년 새 52.5% 증가,"서울대·연세대·고려대 진학생도 매년 10명 이상을 유지했다. 사업의 변화는 진학실적에만 그치지 않았다.... * 우수대학 : 대학의 특수성과 입학 경쟁도 등을 고려해 의·약학계열, 과학기술특성화대학(KAIST·포항공대...",2026-10-07 17:42,https://www.kyongbuk.co.kr/news/articleView.html?idxno=4086525,https://www.kyongbuk.co.kr/news/articleView.html?idxno=4086525
연세대학교,경북일보,구미 4개 고교 우수대학 진학생 3년 새 52.5% 증가,고교 학력제고 지원사업을 통해 우수대학 진학생이 3년 새 52.5% 늘어나는 등 가시적인 성과도 나타났다.... 서울대·연세대·고려대 진학생도 매년 10명 이상을 유지했다. 사업의 변화는 진학실적에만 그치지 않았다....,2026-10-07 17:42,https://www.kyongbuk.co.kr/news/articleView.html?idxno=4086525,https://www.kyongbuk.co.kr/news/articleView.html?idxno=4086525
서울대학교,서울경제,"“지구 빚은 물질, 어디서 왔나”…어린 별에서 찾은 기원 단서",과학기술정보통신부가 주최하고 한국연구재단과 서울경제신문이 공동 주관하는 ‘대한민국 과학기술인상’ 10월 수상자로 선정된 이정은 서울대 물리천문학부 교수는 “이번 연구는 어린 별이 성장하는 과정에서...,2026-10-07 17:39,https://www.sedaily.com/article/20099198?ref=naver,https://n.news.naver.com/mnews/article/011/0004669130?sid=105
고려대학교,이데일리,"""사후약방문 처방 그만...AI공격 사전예방 시급""",공격자가 AI를 쓴다면 방어자도 AI로 맞서야 한다.” 임종인 고려대 정보보호대학원 명예교수(전 대통령... 다만 급변하는 기술 환경을 고려해 지나치게 세부적인 규율보다는 현장이 상황에 맞게 대응할 수 있도록...,2026-10-07 17:38,https://www.edaily.co.kr/News/Read?newsId=05041366645610624&mediaCodeNo=257&utm_source=naver&utm_medium=referral&utm_campaign=news_syndication&utm_content=original_article,https://n.news.naver.com/mnews/article/018/0006383135?sid=101
연세대학교,서울경제,“판검사 수사에 집중” vs “권력견제 기능 상실…도마 위에 오른 공수...,한상훈 연세대 법학전문대학원 교수는 “수사 범위를 줄이는 것은 부패 범죄 대응 체계의 심각한 후퇴”라며 “행안부 장관 산하의 중수청이 살아 있는 권력의 비리를 엄정하게 수사하기는 어렵다”고 지적했다. 김영중...,2026-10-07 17:37,https://www.sedaily.com/article/20099192?ref=naver,https://n.news.naver.com/mnews/article/011/0004669124?sid=100
서울대학교,서울경제,10월 대한민국 과학기술인상 이정은 교수,과학기술정보통신부가 주최하고 한국연구재단과 서울경제신문이 공동 주관하는 ‘대한민국 과학기술인상’ 10월 수상자로 이정은 서울대 물리천문학부 교수가 선정됐다. 과기정통부와 연구재단은 세계우주주간(10월...,2026-10-07 17:36,https://www.sedaily.com/article/20099191?ref=naver,https://n.news.naver.com/mnews/article/011/0004669123?sid=105
연세대학교,한국강사신문,"연세대학교, AI·반도체 융합 인재양성 본격화…2031년까지 270명 양성","특히 연세대는 대학원 교육과 연구개발, 기업 협력을 유기적으로 연결해 AI를 활용한 반도체 설계부터 제조와 품질관리까지 산업 전반을 아우르는 융합 교육·연구 생태계를 조성할 방침이다. 연세대는...",2026-10-07 17:36,https://www.lecturernews.com/news/articleView.html?idxno=211616,https://www.lecturernews.com/news/articleView.html?idxno=211616
서울대학교,충청리뷰,"""IB 변화, 교실 넘어 학교문화로""…충북교육청, 관리자 리더십 강화","""왜 IB인가""…미래교육과 학교 변화 방향 살펴 첫 강연은 송진웅 서울대 IB 교육센터장이 맡았다. 송 센터장은 '왜 우리는 IB에 주목하는가'를 주제로 IB 교육이 미래교육에서 갖는 의미와 학교 교육의 변화 방향을...",2026-10-07 17:36,https://www.ccreview.co.kr/news/articleView.html?idxno=359366,https://www.ccreview.co.kr/news/articleView.html?idxno=359366
서울대학교,매일경제,"최교진 ""서울대 10개 만들기, 내년 2곳이상 추가""",국회 교육위 국정감사서 밝혀 수능 서·논술형 발표 늦춰질듯 최교진 교육부 장관이 '서울대 10개 만들기... '서울대 10개 만들기'는 거점국립대에 대한 투자를 확대해 서울대 수준의 교육·연구 경쟁력을 갖출 수 있도록...,2026-10-07 17:36,https://www.mk.co.kr/article/12170677,https://n.news.naver.com/mnews/article/009/0005745488?sid=102
고려대학교,베리타스알파,[단독] 방치된 마이스터고 '깜깜이 입시'.. 14개 교육청 중 9곳 경쟁률 ...,"연세대 14.03대1, 고려대 20.54대1보다 낮고, 가장 높은 중앙대 32.74대1의 4분의1에도 못 미친다. 경쟁률이 곧 서열이라면 서울대가 상위 15개대 중 꼴찌라는 얘기가 된다. 서울대 경쟁률이 낮은 것은 최상위 대학일수록...",2026-10-07 17:34,https://www.veritas-a.com/news/articleView.html?idxno=630974,https://www.veritas-a.com/news/articleView.html?idxno=630974
고려대학교,경북도민일보,구미 고교 학력제고 성과…우수대학 진학생 52.5% 증가,서울대·연세대·고려대 진학생 역시 매년 10명 이상을 유지했다. 이번 사업은 단순한 대학 진학실적 개선을 넘어 학교의 자체 교육역량을 높였다는 점에서도 의미가 있다는 평가다. 각 학교는 학생의 학업 수준과...,2026-10-07 17:34,https://www.hidomin.com/news/articleView.html?idxno=724045,https://www.hidomin.com/news/articleView.html?idxno=724045
연세대학교,베리타스알파,[단독] 방치된 마이스터고 '깜깜이 입시'.. 14개 교육청 중 9곳 경쟁률 ...,"연세대 14.03대1, 고려대 20.54대1보다 낮고, 가장 높은 중앙대 32.74대1의 4분의1에도 못 미친다. 경쟁률이 곧 서열이라면 서울대가 상위 15개대 중 꼴찌라는 얘기가 된다. 서울대 경쟁률이 낮은 것은 최상위 대학일수록...",2026-10-07 17:34,https://www.veritas-a.com/news/articleView.html?idxno=630974,https://www.veritas-a.com/news/articleView.html?idxno=630974
서울대학교,경북도민일보,구미 고교 학력제고 성과…우수대학 진학생 52.5% 증가,서울대·연세대·고려대 진학생 역시 매년 10명 이상을 유지했다. 이번 사업은 단순한 대학 진학실적 개선을 넘어 학교의 자체 교육역량을 높였다는 점에서도 의미가 있다는 평가다. 각 학교는 학생의 학업 수준과...,2026-10-07 17:34,https://www.hidomin.com/news/articleView.html?idxno=724045,https://www.hidomin.com/news/articleView.html?idxno=724045
연세대학교,경기일보,"안민석, “남·북부 부교육감에 독립 권한…교육격차 해소하겠다”","위원회는 김현철 연세대 교수를 위원장으로 교수진 5명과 교육청 관계자 등이 참여하고 있다. AI교육과 관련, 교육과정 편성과 함께 AI이음 플랫폼 등을 활용해 초등학교부터 고등학교까지 12년간의 성장기록을 축적할 수...",2026-10-07 17:34,https://www.kyeonggi.com/article/20261007580537,https://n.news.naver.com/mnews/article/666/0000126502?sid=102
연세대학교,경북도민일보,구미 고교 학력제고 성과…우수대학 진학생 52.5% 증가,서울대·연세대·고려대 진학생 역시 매년 10명 이상을 유지했다. 이번 사업은 단순한 대학 진학실적 개선을 넘어 학교의 자체 교육역량을 높였다는 점에서도 의미가 있다는 평가다. 각 학교는 학생의 학업 수준과...,2026-10-07 17:34,https://www.hidomin.com/news/articleView.html?idxno=724045,https://www.hidomin.com/news/articleView.html?idxno=724045
서울대학교,뉴스1,"광양 백운산 국립공원 지정추진위 출범…""시민 품으로""",백운산 지키기 시민운동은 2010년 서울대 법인화 과정에서 국유림의 무상양도 문제가 불거지면서 시작됐다. 지역사회는 백운산이 법인화된 서울대에 넘어갈 수 있다는 우려에 서명운동과 시민행동으로 대응했다. 운동...,2026-10-07 17:34,https://www.news1.kr/local/gwangju-jeonnam/6313413,https://n.news.naver.com/mnews/article/421/0009215699?sid=102
서울대학교,베리타스알파,[단독] 서울 고교 자퇴 29.7% '강남3구'.. '3년 학업중단률' 한광고 청담...,"지난해 서울 일반고와 자사고에서 학업을 중단한 학생 10명 중 3명은 강남3구(강남/서초/송파) 학교... 서울대, 고려대, 연세대의 검정고시 출신 신입생은 2024학년 189명으로 12년 만에 가장 많았다. 정시 40% 확대...",2026-10-07 17:32,https://www.veritas-a.com/news/articleView.html?idxno=630840,https://www.veritas-a.com/news/articleView.html?idxno=630840
고려대학교,의협신문,"프랑스, 의료 조정 의사(medecin regulateur) 제도",안덕선 대한의사협회 의료정책연구원장(고려대 명예교수) ⓒ의협신문 프랑스 응급의료 체계의... 능력을 고려한다. 예를 들어 급성심근경색 환자는 경피적관상동맥중재술(Percutaenous Coronary Intervention...,2026-10-07 17:32,http://www.doctorsnews.co.kr/news/articleView.html?idxno=166657,http://www.doctorsnews.co.kr/news/articleView.html?idxno=166657
연세대학교,주간한국,"안민석 경기교육감 ""교권 회복 없이는 아무것도 할 수 없어…교사 지키...","위원장은 김현철 연세대 교수가 맡으며 가천대·경인교대 교수 등 전문가들이 참여한다고 설명했다. 또 라스... 안 교육감은 AI 교육을 위해 대학과 기업의 벽도 허물겠다고 말했다. 그는 ""AI 교육에서 대학이 손난로...",2026-10-07 17:32,https://weekly.hankooki.com/news/articleView.html?idxno=7187875,https://weekly.hankooki.com/news/articleView.html?idxno=7187875
연세대학교,베리타스알파,[단독] 서울 고교 자퇴 29.7% '강남3구'.. '3년 학업중단률' 한광고 청담...,"2028학년 상위 15개 대학의 정시 비중은 37.8%로 전년도 40.7% 대비 2.9%p 하락했으며, 특히 서울대 연세대 한양대 등 최상위권 대학들은 정시 비중을 30% 안팎까지 축소했다. 수능에 올인하기 위해 학교를 자퇴하고...",2026-10-07 17:32,https://www.veritas-a.com/news/articleView.html?idxno=630840,https://www.veritas-a.com/news/articleView.html?idxno=630840
고려대학교,베리타스알파,[단독] 서울 고교 자퇴 29.7% '강남3구'.. '3년 학업중단률' 한광고 청담...,"서울대, 고려대, 연세대의 검정고시 출신 신입생은 2024학년 189명으로 12년 만에 가장 많았다. 정시 40% 확대 이후 '자퇴 후 수능'이 상위권 대학 진학의 한 경로로 굳어진 셈이다. 단 2028대입부터는 판이 달라진다....",2026-10-07 17:32,https://www.veritas-a.com/news/articleView.html?idxno=630840,https://www.veritas-a.com/news/articleView.html?idxno=630840
서울대학교,아시아투데이,"'수시 먹통' 뭇매… 고개 숙인 교육장관 ""공공 원서접수 검토""",교육부·한국대학교육협의회·대행사 간 태스크포스(TF)를 가동한다. 공공 원서접수 시스템으로의 전면 전환을 포함한 원서접수 체계 개편도 검토한다.정부 핵심 고등교육 정책인 '서울대 10개 만들기'도 쟁점이 됐다....,2026-10-07 17:32,https://www.asiatoday.co.kr/kn/view.php?key=20261008010002256,https://www.asiatoday.co.kr/kn/view.php?key=20261008010002256
연세대학교,뉴시스,"[영천소식]창업 청년·로컬기업, 내달 13일까지 '금호장' 개장 등","고경농협(조합장 이상혁)과 함께한 이날 왕진버스는 주민 300명을 대상으로 대한의료봉사회의 양·한방 진료, 연세대 스포츠재활연구소의 맞춤형 운동 처방, 정밀 시력검사를 통한 돋보기 지원, 치매 조기 검진 등이...",2026-10-07 17:31,https://www.newsis.com/view/NISX20261007_0003817770,https://n.news.naver.com/mnews/article/003/0014239937?sid=102
고려대학교,시사캐스트,"DN솔루션즈, 하반기 신입사원 공개채용…21일까지 온라인 접수",지난달 1일 서울 성북구 고려대학교 SK미래관에서 설치된 DN솔루션즈 채용설명회 부스에서 채용담당자 및 같은 학교 출신의 현직자가 채용상담을 하고 있다. 사진=DN솔루션즈 DN솔루션즈가 기계·제어 분야 연구개발(R&D)...,2026-10-07 17:30,http://www.sisacast.kr/news/articleView.html?idxno=100781,http://www.sisacast.kr/news/articleView.html?idxno=100781
연세대학교,이뉴스투데이,"신한은행·연세대 기술지주, 혁신기술 스타트업 육성 '맞손'","신한은행이 연세대학교 기술지주회사와 손잡고 대학의 우수 기술을 기반으로 한 스타트업 발굴과 성장 지원에 나선다. 유망 창업기업을 공동으로 발굴해 투자와 금융, 보육 프로그램을 연계하고 기술 사업화까지...",2026-10-07 17:30,http://www.enewstoday.co.kr/news/articleView.html?idxno=2477943,http://www.enewstoday.co.kr/news/articleView.html?idxno=2477943
연세대학교,CNB저널,"신한은행, 연세대 기술지주와 혁신기술 스타트업 성장 지원",문화경제 CNB저널 | CNB저널 | 씨앤비저널 신한은행이 연세대학교 기술지주회사와 손잡고 대학의 우수 기술을 사업화하고 혁신기술 스타트업의 발굴부터 투자·보육까지 성장 단계별 지원에 나선다. 대학이 보유한 기술과...,2026-10-07 17:28,https://www.cnbizm.com/news/articleView.html?idxno=317379,https://www.cnbizm.com/news/articleView.html?idxno=317379
서울대학교,뉴스핌,[2026 국감] '암살자(들)'로 고성 번진 교육위 국감…'수시 먹통'에 장관...,정성국 국민의힘 의원은 7일 서울 여의도 국회에서 열린 국회 교육위의 교육부·국가교육위원회 등에 대한... 최 장관은 이른바 '서울대 10개 만들기' 사업과 관련해 내년 지원 대학을 2곳 이상 추가하는 방안을...,2026-10-07 17:27,https://www.newspim.com/news/view/20261007001503,https://www.newspim.com/news/view/20261007001503
서울대학교,아시아투데이,"성남 K의료기기, 베트남 시장 공략…KAT 2026 호치민서 성황","이 사업은 중앙정부와 지자체가 힘을 모아 진행하며, 성남시가 매칭 투자하고 성남산업진흥원이 주관기관으로, 분당서울대학교병원, 가톨릭대학교 산학협력단, 한국AI의료헬스케어연구원이 함께 컨소시엄을 이루고 있다.",2026-10-07 17:26,https://www.asiatoday.co.kr/kn/view.php?key=20261007010002167,https://www.asiatoday.co.kr/kn/view.php?key=20261007010002167
연세대학교,동아일보,민주당 법사위 의원들 “공수처 수사대상 줄여 사법 전담 기관으로 개편...,한상훈 연세대 법학전문대학원 교수도 “중수청은 행안부 장관 산하에서 지휘를 받게 돼 있는데 과연 비리를 엄정하게 수사할 수 있겠냐”고 지적했다. 민주당은 내부 논의를 거쳐 다음 달 초 공수처 수사 대상과 권한 개편...,2026-10-07 17:26,https://www.donga.com/news/Politics/article/all/20261007/134802509/1,https://n.news.naver.com/mnews/article/020/0003753426?sid=100
연세대학교,연합인포맥스,"한국은행, 이대건 금융시장국장·김신영 국제국장 임명","이 신임 국장은 1972년생으로 성균관대 농업경제학과에서 학사 학위를, 연세대와 한국과학기술원(KAIST)에서 각각 경제학, 경영학 석사 학위를 받았다. 2000년 한은에 입행했다. 한은은 이 신임 국장에 대해 ""금융안정국...",2026-10-07 17:26,https://news.einfomax.co.kr/news/articleView.html?idxno=4438173,https://news.einfomax.co.kr/news/articleView.html?idxno=4438173
서울대학교,서울파이낸스,"[경기소식] 시흥시, 2조922억원 제3회 추경 편성···1467억원↑ 등",주요 사업으로 △장현1초 학교복합시설 93억원 △월곶 공유수면 매립 55억원 △배곧서울대학교병원 건립 지원 32억원 △매화역 건설 18억원 △양달천 하천개선 10억원 등을 반영했다. 민생·복지 분야에는 기초연금...,2026-10-07 17:25,https://www.seoulfn.com/news/articleView.html?idxno=639595,https://www.seoulfn.com/news/articleView.html?idxno=639595
연세대학교,한스경제,"구미시, '학력제고 지원사업' 통해 대입 경쟁력 높여","지원사업이 대학 진학 성과와 교육 역량 강화라는 결실을 보고 있다. 구미시는 공모로 경구고·구미고... 의학계열 진학생은 2024년 12명에서 2026년 16명으로 늘었고, 서울대·연세대·고려대 진학생은 매년 10명 이상을...",2026-10-07 17:24,http://www.hansbiz.co.kr/news/articleView.html?idxno=870820,http://www.hansbiz.co.kr/news/articleView.html?idxno=870820
고려대학교,한스경제,"구미시, '학력제고 지원사업' 통해 대입 경쟁력 높여","지원사업이 대학 진학 성과와 교육 역량 강화라는 결실을 보고 있다. 구미시는 공모로 경구고·구미고... 의학계열 진학생은 2024년 12명에서 2026년 16명으로 늘었고, 서울대·연세대·고려대 진학생은 매년 10명 이상을...",2026-10-07 17:24,http://www.hansbiz.co.kr/news/articleView.html?idxno=870820,http://www.hansbiz.co.kr/news/articleView.html?idxno=870820
서울대학교,한스경제,"구미시, '학력제고 지원사업' 통해 대입 경쟁력 높여","의학계열 진학생은 2024년 12명에서 2026년 16명으로 늘었고, 서울대·연세대·고려대 진학생은 매년 10명 이상을 유지했다. ◆ 학교별 맞춤형 교육 체계 구축 각 학교는 학생의 학업 수준과 진로를 진단하고 수준별 학습...",2026-10-07 17:24,http://www.hansbiz.co.kr/news/articleView.html?idxno=870820,http://www.hansbiz.co.kr/news/articleView.html?idxno=870820
서울대학교,뉴시스,"세종뮤지엄갤러리 1관, 오늘부터 '조인호 기획초대전' 개최",이예인 인턴 기자 = 7일 세종대학교는 세종뮤지엄갤러리 1관이 이날부터 25일까지 조인호 작가의 개인전 '완더링즈 투워드 프리덤(Wanderings Toward Freedom) 유(遊): 자유를 향한 여정'을 개최한다고 밝혔다. 서울대학교...,2026-10-07 17:23,https://www.newsis.com/view/NISX20261007_0003817815,https://n.news.naver.com/mnews/article/003/0014239919?sid=102
고려대학교,베리타스알파,고려대 미래성장연구원/기술경영전문대학원 15일 'AX 전략 공개 세미나...,"금융 분야를 다루는 첫 세션은 윤지환 고려대 기술경영전문대학원 부원장이 좌장을 맡는다. 같은 대학원 김장호 교수가 '금융 AI 기술과 R&D의 중요성'을 주제로 발표하고, 류혁선 KAIST 경영대학 교수가 지정토론자로...",2026-10-07 17:22,https://www.veritas-a.com/news/articleView.html?idxno=630979,https://www.veritas-a.com/news/articleView.html?idxno=630979
서울대학교,뉴스핌,포니정 영리더상 올해 수상자에 배드민턴 안세영 선수·김도형 교수,김도형 교수는 서울대 재료공학부를 졸업하고 미국 버클리캘리포니아대학교(UC버클리)에서 박사학위를... 시상식은 다음달 25일 서울 강남구 삼성동 아이파크타워 포니정홀에서 개최 예정이다.,2026-10-07 17:22,https://www.newspim.com/news/view/20261007001482,https://www.newspim.com/news/view/20261007001482
서울대학교,뉴스메이커,"""단호하되 배려 있는 해결 방식은 지속 가능한 사회를 위한 길""","원광대학교 법학전문대학원의 김용길 교수다. 민법과 물권법, 지적재산권법, 정보(IT)법, 중국법을 두루... 중재위원, 서울대학교병원 임상시험심사위원회(IRB) 심사위원도 역임했다. 국제무대에서의 활동도 두드러진다....",2026-10-07 17:22,http://www.newsmaker.or.kr/news/articleView.html?idxno=183795,http://www.newsmaker.or.kr/news/articleView.html?idxno=183795
연세대학교,뉴스메이커,"""기술 없는 윤리는 불가능하지만 윤리 없는 기술은 위험하다""","김소윤 연세대학교 의과대학 교수의 행보가 재조명되고 있다. 김 교수는 의료기술이 빠르게 변화하고... 참가자들은 연세대학교와 세브란스병원을 비롯해 건강보험심사평가원, 원주세브란스기독병원, 충남대학교병원...",2026-10-07 17:22,http://www.newsmaker.or.kr/news/articleView.html?idxno=183796,http://www.newsmaker.or.kr/news/articleView.html?idxno=183796
서울대학교,뉴스메이커,"""정신 건강은 사회 전체가 함께 책임져야 할 과제""","장정미 기자 haiyap@ 서울대학교 의과대학 대학원과 차의과대학교 통합의학대학원에서 석사 과정을 마치고 용인정신병원에서 전공의 수련과 전문의 자격을 취득한 정혜민 원장은, 환자 개인의 치료를 넘어 사회적 인식...",2026-10-07 17:20,http://www.newsmaker.or.kr/news/articleView.html?idxno=183618,http://www.newsmaker.or.kr/news/articleView.html?idxno=183618
서울대학교,톱스타뉴스,"'종료 17초 터치다운'…서울대, 미식축구 2관왕 완성","서울대학교와 서울시립대학교 모두 결승전 내내 실점을 허용하지 않으며 0-0 균형을 이어갔다. 점수판이 움직이지 않은 상황에서도 서울대학교는 준비해 온 전술을 바탕으로 마지막 공격 기회를 노렸고, 경기 종료를 앞둔...",2026-10-07 17:20,https://www.topstarnews.net/news/articleView.html?idxno=16240865,https://www.topstarnews.net/news/articleView.html?idxno=16240865
연세대학교,뉴스투데이,[오늘의 부고 : 10월 7일] 김태훈(군인공제회 건설사업팀장)씨 모친상 外,"☎ 051-509-3000 ▲ 이주우(향년 86세)씨 별세, 박송자씨 남편상, 이상길(연세암병원 병원장)·이상도·이상헌씨 부친상, 김선경·최나리씨 시부상 = 5일 오후 5시 12분, 연세대 신촌장례식장 8호실, 발인 8일 오전 10시...",2026-10-07 17:20,https://www.news2day.co.kr/article/20261007500345,https://www.news2day.co.kr/article/20261007500345
연세대학교,파이낸셜리뷰,[오늘의 은행] 우리은행·신한은행·하나은행·BNK경남은행·BNK부산은행,6일  연세대학교 기술지주 주식회사와 '혁신기술 스타트업 성장 지원을 위한 전략적 파트너십' 업무협약을... 연대기술지주는 2026년 과학기술정보통신부 '기술경영촉진(기술사업화 종합전문회사육성형) 사업'의 대학...,2026-10-07 17:20,http://www.financialreview.co.kr/news/articleView.html?idxno=45354,http://www.financialreview.co.kr/news/articleView.html?idxno=45354
서울대학교,주간경향,기후변화·대기오염 통합 접근 필요하다···서울대 IIASA 주최 국제 워...,서울대 환경대학원과 국제응용시스템분석연구소(IIASA)가 주최하고 숙명여자대학교 탄소중립대학원이 공동주관하는 ‘2026 기후변화와 청정대기의 미래 국제 워크숍(GUIDE IAM)’가 오는 13일 서울대학교에서 열린다....,2026-10-07 17:19,https://weekly.khan.co.kr/article/202610071719001,https://n.news.naver.com/mnews/article/033/0000052580?sid=103
고려대학교,매일경제,한국은행 부총재보에 최영주,"신임 한은 경제연구원장에는 윤경수 국장이 내정됐다. 윤 내정자는 고려대 경제학과를 졸업하고 미국 오하이오주립대에서 경제학 박사 학위를 받았다. 영란은행 시니어 이코노미스트, 정책보좌관 등을 역임했다.",2026-10-07 17:15,https://www.mk.co.kr/article/12170622,https://n.news.naver.com/mnews/article/009/0005745442?sid=102
연세대학교,매일경제,[부음] 윤영배씨 별세 외,"(02)2227-6151 ▲이주우씨 별세, 박송자씨 배우자상, 이상길(연세암병원 병원장) 이상도 이상헌씨 부친상, 김선경 최나리씨 시부상=5일 연세대 세브란스병원, 발인 8일 오전 10시. (02)2227-7500 ▲신경도씨 별세, 지선희씨...",2026-10-07 17:15,https://www.mk.co.kr/article/12170624,https://n.news.naver.com/mnews/article/009/0005745444?sid=102
서울대학교,아시아경제,"[2026국감]최교진 ""'서울대 10개 만들기, 내년 2곳 이상 추가 지원""","최교진 교육부 장관이 '서울대 10개 만들기' 사업과 관련해 ""내년에도 2개 이상의 지역을 추가 지원하는... 이날 안 의원은 서울대 10개 만들기 사업이 지역 전략산업과 연계되면서 이공계 중심으로 설계됐다고 지적했다. 안...",2026-10-07 17:15,https://view.asiae.co.kr/article/2026100717151051972,https://n.news.naver.com/mnews/article/277/0005825847?sid=102
서울대학교,매일경제,포니정 영리더에 배드민턴 여제·차세대 과학자,김 교수는 2012년 서울대 재료공학부를 졸업하고 2018년 미국 캘리포니아대 버클리캠퍼스(UC버클리)에서 박사... 시상식은 오는 11월 25일 서울 강남구 삼성동 아이파크타워 포니정홀에서 개최될 예정이다. 한편 포니정...,2026-10-07 17:15,https://www.mk.co.kr/article/12170618,https://n.news.naver.com/mnews/article/009/0005745445?sid=101
서울대학교,아주경제,"[2026 국감] 최교진 ""'서울대 10개 만들기' 내년 2곳 이상 추가 지원""","국회 교육위 국정감사…이재명 정부 역점 '서울대 10개 만들기' 평가 및 확장 계획 집중 점검 올해 3곳 선정... 안 의원은 “지방은 이미 산업과 일자리가 이공계 위주로 형성돼 남초 도시화되고, 인문계 청년들은 서울...",2026-10-07 17:14,https://www.ajunews.com/view/20261007170259679,https://www.ajunews.com/view/20261007170259679
서울대학교,팍스경제TV,"[이슈] 셀비온, 전립선암 3차 치료시장 공략 속도...""생산·QC 구축해 상...","서울대학교병원 암연구소 내 GMP 시설도 임상시험용 의약품과 주사제의 생산·품질관리 기반으로 활용하고 있다. 다만 회사는 현재 시점에서 구체적인 시장 규모나 목표 점유율, 출시 이후 매출 목표를 제시하지는...",2026-10-07 17:14,http://www.paxetv.com/news/articleView.html?idxno=283568,http://www.paxetv.com/news/articleView.html?idxno=283568
연세대학교,아시아경제,"안민석 교육감 ""경기남부 8개 도시 묶어 AI·반도체 교육 메카 조성""",이를 위해 도교육청은 최근 연세대 김현철 교수를 위원장으로 하는 'AI 교육위원회'를 출범했다. 위원회는 AI... 아울러 내실 있는 AI 교육을 위해 도내 대학 및 기업들과 이른바 '벽 깨기 협약(업무협약)'을 맺고 협력을...,2026-10-07 17:11,https://view.asiae.co.kr/article/2026100717111236764,https://n.news.naver.com/mnews/article/277/0005825843?sid=102
고려대학교,IMPACTON,【위클리 ESG 행사】 10월 2주차,"한국에너지공단 박상구 센터장과 한국패시브건축협회 최정만 협회장, 고려대학교 연상훈 박사 등이... 이어 서울과학기술대학교 노용진 교수가 글로벌 공급망 실사 법제화에 따른 국내 기업의 영향과 지원 방안을...",2026-10-07 17:10,https://www.impacton.net/news/articleView.html?idxno=30149,https://www.impacton.net/news/articleView.html?idxno=30149
연세대학교,조선비즈,병원 로비에 고양이가 찾아왔다…아픈 아이들 곁에 놓인 45점의 그림,"김주성 작가는 서울여자대에서 공예를 공부했지만 이후 연세대에서 식품생물공학 석사, 한성대에서 국문학 박사 과정을 수료하며 다른 분야로 관심을 넓혔다. 음식과 책, 생활문화 분야에서 연구와 집필을 이어가며 세...",2026-10-07 17:08,https://biz.chosun.com/culture/culture_general/2026/10/07/RYFL3XJ26ND3HOFPF5WDDINGBE/?utm_source=naver&utm_medium=original&utm_campaign=biz,https://n.news.naver.com/mnews/article/366/0001196720?sid=103
연세대학교,뉴시스,"연구재단, 신체 부위별 통증 차이 모방한 인지 시스템 개발",한국연구재단은 연세대 전기전자공학과 김현재 교수팀이 별도의 소재 변경이나 추가 공정 없이 단일 후처리 기술로 신체 부위별 통증 민감도 차이를 구현하는데 성공했다고 7일 밝혔다. 기존 인공 통각 연구는 자극에...,2026-10-07 17:07,https://www.newsis.com/view/NISX20261007_0003817916,https://n.news.naver.com/mnews/article/003/0014239885?sid=102
연세대학교,한겨레,"“고위 공직자 제외, 수사기관 수사에 집중”…공수처 개편안 띄우는 여...",한상훈 연세대 법학전문대학원 교수는 이날 토론회에서 “공수처의 대상 수사 범위를 줄인다는 것은 대단히 안타까운 생각”이라며 “중수청은 행전안전부 장관 산하에서 지휘를 받게 돼 있다. 중수청이 행안부 장관의...,2026-10-07 17:06,https://www.hani.co.kr/arti/politics/politics_general/1281351.html,https://n.news.naver.com/mnews/article/028/0002826440?sid=100
서울대학교,연합뉴스,"""낮엔 훈련, 밤엔 전력 분석""…서울대 미식축구부 '우승 방정식'",서울대는 지난 4일 2026 서울시 대학미식축구 추계리그 결승전에서 난적 서울시립대를 7-0으로 꺾고 우승 트로피를 들어 올렸다. 지난 봄 춘계대회에 이은 2연속 우승이자 올해 2관왕 달성이다. 결승전은 경기 종료...,2026-10-07 17:06,https://www.yna.co.kr/view/AKR20261007170000007?input=1195m,https://m.sports.naver.com/general/article/001/0016363930
서울대학교,세정신문,[프로필]재정경제부 국장급(2명),"김건영 재정경제부 소득법인세정책관 ▷1973년생 ▷서울대 경영학과 ▷서울대 행정학 석사 ▷영국 런던정경대 금융·회계학 석사 ▷행시 40회 ▷기획재정부 소득세제과장, 법인세제과장 ▷대통령비서실...",2026-10-07 17:06,https://www.taxtimes.co.kr/news/article.html?no=277202,https://www.taxtimes.co.kr/news/article.html?no=277202
서울대학교,동아사이언스,"[과기원NOW] UNIST, 그린수소 생산단가 낮출 망간 촉매 개발 外","■ 포스텍은 윤창원 화학공학과·친환경소재학과 교수와 한승목 화학공학과 연구원이 서울대, 한국과학기술연구원(KIST) 연구팀과 함께 액상유기수소운반체(LOHC) 수소 추출 과정에서 촉매를 빠르게 열화시키는...",2026-10-07 17:05,https://www.dongascience.com/news/view/80244,https://n.news.naver.com/mnews/article/584/0000039603?sid=105
고려대학교,엑스포츠뉴스,"루시, 가오슝 파크뮤직페스티벌 출격…대만까지 이어진 'K-밴드' 활약","한편 루시는 오는 10월 23일부터 25일까지 사흘간 서울 고려대학교 화정체육관에서 '2026 LUCY 9TH CONCERT 'ISLAND' ENCORE IN SEOUL'을 개최한다. 그런가 하면 지난 3일 'XMF(Xnterstellar Music Festival) 2026', 4일 '2026...",2026-10-07 17:04,https://www.xportsnews.com/article/2205110,https://m.entertain.naver.com/article/311/0002066345
연세대학교,이뉴스투데이,[부고] 윤문정(코리아헤럴드 대리)씨 조부상,"시부상, 윤문정(코리아헤럴드 편집부 외신팀 대리)·윤효정·윤정훈·윤애정·윤라영·윤수영씨 조부상 = 6일 오후 6시, 연세대 신촌장례식장 11호실, 발인 9일 오전 7시 40분, 장지 이천호국원. ☎ 02-2227-6151",2026-10-07 17:04,http://www.enewstoday.co.kr/news/articleView.html?idxno=2477917,http://www.enewstoday.co.kr/news/articleView.html?idxno=2477917
서울대학교,이투데이,"장병탁 교수 ""주도권 놓친 LLM...피지컬 AI가 승부처"" [미리 보는 테크퀘...",이투데이=김동효 기자 | 서울대학교 AI연구원 초대원장인 장병탁 컴퓨터공학부 교수가 한국의 피지컬 AI와... 이투데이는 22일 서울 여의도 중소기업중앙회 KBIZ홀에서 창립 20주년을 맞아 ‘2027 테크 퀘스트(TECH QUEST)-AI...,2026-10-07 17:04,https://www.etoday.co.kr/news/view/2633383,https://www.etoday.co.kr/news/view/2633383
서울대학교,글로벌경제신문,"""신라 천년의 멋, 세계를 잇는다""… '2026 세계경주포럼' 경주 HICO서 개...","8일 개막식에서는 피에르 루이지 사코 이탈리아 단눈치오 키에티 페스카라 대학교 교수와 앤디 프랫 영국... '디지털·AI' 분과에서는 이교구 서울대 교수 등이 창작자·산업·제도의 공존 방안을 다루며, '역사·문화...",2026-10-07 17:04,https://www.getnews.co.kr/news/articleView.html?idxno=882893,https://www.getnews.co.kr/news/articleView.html?idxno=882893
서울대학교,중앙일보,"리사 수 “AI 연구자 수백 명 채용”… AMD, 한국 AI 인프라 생태계 만든...",리사 수 AMD 회장 겸 최고경영자(CEO)는 7일 오전 서울 포시즌스 호텔에서 류제명 과학기술정보통신부... 최근 서울대 AI연구원과도 MOU를 맺었다고도 발표했다. 이날 강조된 건 AMD의 중앙처리장치(CPU)·그래픽처리장치...,2026-10-07 17:03,https://www.joongang.co.kr/article/25467915,https://n.news.naver.com/mnews/article/025/0003556390?sid=105
고려대학교,경북일보,경북 대학 A등급 졸업생 39.8%…전국 최저,"서울대·연세대·고려대 등 주요 10개 대학의 A등급 졸업생 비율은 같은기간 59.5%에서 72.3%로 12.8%p 높아졌다. 주요 대학별로는 A등급 졸업생 비중은 고려대가 83.4%로 가장 높았고, 연세대(80.6%), 서울대(80.3...",2026-10-07 17:02,https://www.kyongbuk.co.kr/news/articleView.html?idxno=4086485,https://www.kyongbuk.co.kr/news/articleView.html?idxno=4086485
서울대학교,e대한경제,대기업 오너 4ㆍ5세 94%가 유학파…美 컬럼비아대 ‘최다’,"국내 대학은 고려대 54명 최다…서울대ㆍ연세대 순 국내 대기업집단 오너 일가의 유학 비중이 1세대는 5.9... 국내의 경우 고려대(54명), 서울대(50명), 연세대(35명) 등이었다. 7일 CEO스코어가 총수가 있는 대기업집단...",2026-10-07 17:02,https://www.dnews.co.kr/uhtml/view.jsp?idxno=202610070828313740676,https://www.dnews.co.kr/uhtml/view.jsp?idxno=202610070828313740676
고려대학교,메트로신문,[이준민 박사의 건강운동 가이드] 천천히 달려도 운동이 될까?,"이준민 박사(스포츠운동의학 박사·고려대학교 스포츠의학과 외래교수) 달리기를 마치고 스마트폰의 러닝 앱을 열어본다. 거리와 심박수, 1㎞를 달리는 데 걸린 시간이 화면에 뜬다. 평균 페이스는 8분대다. 곧 다른 사람의...",2026-10-07 17:02,http://www.metroseoul.co.kr/article/20261007500541,http://www.metroseoul.co.kr/article/20261007500541
서울대학교,경북일보,경북 대학 A등급 졸업생 39.8%…전국 최저,서울권 주요 대학의 학점 인플레이션이 두드러졌다. 서울대·연세대·고려대 등 주요 10개 대학의 A등급 졸업생 비율은 같은기간 59.5%에서 72.3%로 12.8%p 높아졌다. 주요 대학별로는 A등급 졸업생 비중은 고려대가...,2026-10-07 17:02,https://www.kyongbuk.co.kr/news/articleView.html?idxno=4086485,https://www.kyongbuk.co.kr/news/articleView.html?idxno=4086485
고려대학교,e대한경제,대기업 오너 4ㆍ5세 94%가 유학파…美 컬럼비아대 ‘최다’,"국내 대학은 고려대 54명 최다…서울대ㆍ연세대 순 국내 대기업집단 오너 일가의 유학 비중이 1세대는 5.9%에 불과했지만 4~5세대는 90%를 넘어선 것으로 나타났다. 출신 대학은 미국 컬럼비아대(22명), 뉴욕대(18명)...",2026-10-07 17:02,https://www.dnews.co.kr/uhtml/view.jsp?idxno=202610070828313740676,https://www.dnews.co.kr/uhtml/view.jsp?idxno=202610070828313740676
연세대학교,e대한경제,대기업 오너 4ㆍ5세 94%가 유학파…美 컬럼비아대 ‘최다’,"국내 대학은 고려대 54명 최다…서울대ㆍ연세대 순 국내 대기업집단 오너 일가의 유학 비중이 1세대는 5.9%에 불과했지만 4~5세대는 90%를 넘어선 것으로 나타났다. 출신 대학은 미국 컬럼비아대(22명), 뉴욕대(18명)...",2026-10-07 17:02,https://www.dnews.co.kr/uhtml/view.jsp?idxno=202610070828313740676,https://www.dnews.co.kr/uhtml/view.jsp?idxno=202610070828313740676
연세대학교,경북일보,경북 대학 A등급 졸업생 39.8%…전국 최저,"서울대·연세대·고려대 등 주요 10개 대학의 A등급 졸업생 비율은 같은기간 59.5%에서 72.3%로 12.8%p 높아졌다. 주요 대학별로는 A등급 졸업생 비중은 고려대가 83.4%로 가장 높았고, 연세대(80.6%), 서울대(80.3...",2026-10-07 17:02,https://www.kyongbuk.co.kr/news/articleView.html?idxno=4086485,https://www.kyongbuk.co.kr/news/articleView.html?idxno=4086485
연세대학교,세이프타임즈,[부고종합·7일] 이상길 연세암병원 병원장 부친상 등,"■ 이상길 연세암병원 병원장 부친상 ▲이주우(향년 86세)씨 별세, 박송자씨 남편상, 이상길(연세암병원 병원장)·이상도·이상헌씨 부친상, 김선경·최나리씨 시부상 = 5일 오후 5시 12분, 연세대 신촌장례식장...",2026-10-07 17:02,https://www.safetimes.co.kr/news/articleView.html?idxno=246285,https://www.safetimes.co.kr/news/articleView.html?idxno=246285
연세대학교,데이터넷,"""집단소송법, 스타트업 생존 위협 ··· 방어권 함께 고려해야""","한석훈 연세대 법무대학원 겸임교수는 ""미국식 집단소송은 남소와 고비용 소송구조로 정작 피해구제보다 집단소송 전문 로펌의 이익 추구에 이용되는 폐해가 있어 독일·프랑스·일본은 이를 도입하지 않고 피해구제절차를...",2026-10-07 17:00,https://www.datanet.co.kr/news/articleView.html?idxno=214954,https://www.datanet.co.kr/news/articleView.html?idxno=214954
연세대학교,전라일보,익산 중앙동 상가 절반이 공실…원도심 활성화 과제,"앞서 연세대학교 모종린 교수는 지난 6월 익산희망연대가 주최한 제50차 희망포럼에서 낙후된 건축환경 개선과 로컬브랜드 육성을 원도심 활성화의 과제로 제시했다. 모 교수는 ""건물에 대한 투자가 부족해 상권이...",2026-10-07 17:00,http://www.jeollailbo.com/news/articleView.html?idxno=813013,http://www.jeollailbo.com/news/articleView.html?idxno=813013
고려대학교,뉴스클레임,[DL 인사 전망]② '혁신' 17명 올렸는데… 안전사고·입찰 잡음·외부 이...,박창용은 1974년생으로 고려대 건축공학과와 같은 대학원을 나와 2003년 입사했으며 현재 주택사업본부 실장을 맡고 있다. 도시정비사업 실무는 채준환 담당임원이 맡고 있다. 4월 10일 압구정5구역 시공사 입찰 마감...,2026-10-07 17:00,https://www.newsclaim.co.kr/news/articleView.html?idxno=3077666,https://www.newsclaim.co.kr/news/articleView.html?idxno=3077666
고려대학교,코리아헬스로그,제브라피쉬 모델로 루게릭병 치료제 개발 가능성 열어,"이와 관련, 고대안산병원 신경외과 김명지 교수와 고려대 의과대학 융합의학교실 박해철 교수(신약중개연구사업단장), 제브라피쉬 중개의학연구소 서용보 교수 연구팀은 루게릭병 제브라피쉬 동물 모델을...",2026-10-07 17:00,https://www.koreahealthlog.com/news/articleView.html?idxno=59341,https://www.koreahealthlog.com/news/articleView.html?idxno=59341
고려대학교,매경헬스,허리 아프고 쉽게 지치는데…단순 노화 아닌 '이 암' 신호일 수도,"성화정 고려대학교 안산병원 혈액종양내과 교수는 ""다발골수종은 뼈 통증이나 빈혈, 신장 이상이 복합적으로 나타나는 경우가 많은데, 이를 단순 노화로 여기고 방치하다가 병이 진행된 후 발견되는 경우가 많다""고...",2026-10-07 17:00,http://www.mkhealth.co.kr/news/articleView.html?idxno=80365,http://www.mkhealth.co.kr/news/articleView.html?idxno=80365
서울대학교,IT비즈뉴스,대한민국 과학기술인상 10월 수상자에 이정은 서울대 교수,과학기술정보통신부와 한국연구재단은 대한민국 과학기술인상 10월 수상자로 서울대학교 물리천문학부 이정은 교수를 선정했다. 과기정통부와 연구재단은 UN이 정한 세계우주주간을 맞아 원시별이 형성되는 과정에서...,2026-10-07 16:58,https://www.it-b.co.kr/news/articleView.html?idxno=90162,https://www.it-b.co.kr/news/articleView.html?idxno=90162
고려대학교,중도일보,"체육중·고 없는 '세종시', 국립체육영재학교 유치 절실","선수의 성장 과정은 물론 은퇴 이후 삶까지 고려한 교육을 뒷받침하는 혁신 교육기관인 셈이다. 세종 유치의... 한편, 이날 포럼은 세종미디어네트가 주최하고, 세종시체육회, 고려대 산학교육센터, RISE사업단 등이...",2026-10-07 16:58,https://www.joongdo.co.kr/web/view.php?key=20261007010001834,https://www.joongdo.co.kr/web/view.php?key=20261007010001834
연세대학교,이데일리,오늘의 부고 종합,"△이주우(향년 86세)씨 별세, 박송자 씨 남편상, 이상길(연세암병원 병원장)·상도·상헌 씨 부친상, 김선경·최나리 씨 시부상=5일 오후 5시 12분, 연세대 신촌장례식장 8호실, 발인 8일 오전 10시, 장지 곤지암...",2026-10-07 16:57,https://www.edaily.co.kr/News/Read?newsId=04795366645610624&mediaCodeNo=257&utm_source=naver&utm_medium=referral&utm_campaign=news_syndication&utm_content=original_article,https://n.news.naver.com/mnews/article/018/0006383086?sid=102
서울대학교,강원도민일보,"평화 2.0포럼 in 강원, 한반도 평화와 자원 환경에 대한 새로운 접근 방...","강원대학교 통일강원연구원(원장 송영훈)과 평화재단(이사장 법륜스님)이 공동주최한 '제5차 평화 2.0포럼 in... 이정철 서울대 정치외교학부 교수가 좌장을 맡아 진행된 토론에는 조한범 통일연구원 석좌연구위원, 남기정...",2026-10-07 16:57,https://www.kado.net/news/articleView.html?idxno=2076914,https://n.news.naver.com/mnews/article/654/0000204314?sid=100
고려대학교,교수신문,'정규강의 0건' 세종 공동캠퍼스… 2027년 '학점 교류' 시동 걸고 예열 ...,"세종 공동캠퍼스에는 현재 서울대 행정대학원, 충북대 수의학과, 한밭대 인공지능소프트웨어학과, 충남대 의대 등 5곳이 입주해 800여명의 학생·교직원이 생활하고 있다. 고려대는 계약을 체결해서 공사를 준비하고...",2026-10-07 16:56,https://www.kyosu.net/news/articleView.html?idxno=211007,https://www.kyosu.net/news/articleView.html?idxno=211007
연세대학교,의학신문,"홍영재 누네안과병원장, 10월 17일 '플루트 독주회'",홍영재 누네안과병원장(연세의대 명예교수)이 10월 17일 오후 3시부터 연세대학교 음악대학 체임버홀에서... (총신대학교 피아노 전공 교수) 등 찬조 출연자들도 여럿 무대에 올라 가을날 주말 오후를 잔잔한 선율로...,2026-10-07 16:56,https://www.bosa.co.kr/news/articleView.html?idxno=3013486,https://www.bosa.co.kr/news/articleView.html?idxno=3013486
연세대학교,신아일보,"스타트업계, 집단소송법 '우려'…""한 번의 소송, 생존 문제로…취지는 ...","첫 발제를 맡은 한석훈 연세대 법무대학원 겸임교수는 미국식 집단소송제의 부작용과 해외 제도를 비교하며 국내 제도 설계에 신중할 필요가 있다고 주장했다. 한 교수는 ""미국식 집단소송은 남소와 고비용 소송구조로...",2026-10-07 16:56,https://www.shinailbo.co.kr/news/articleView.html?idxno=5069702,https://www.shinailbo.co.kr/news/articleView.html?idxno=5069702
서울대학교,교수신문,'정규강의 0건' 세종 공동캠퍼스… 2027년 '학점 교류' 시동 걸고 예열 ...,"세종 공동캠퍼스에는 현재 서울대 행정대학원, 충북대 수의학과, 한밭대 인공지능소프트웨어학과, 충남대 의대 등 5곳이 입주해 800여명의 학생·교직원이 생활하고 있다. 고려대는 계약을 체결해서 공사를 준비하고...",2026-10-07 16:56,https://www.kyosu.net/news/articleView.html?idxno=211007,https://www.kyosu.net/news/articleView.html?idxno=211007
서울대학교,IUSM,"HD현대중공업 등 12개 기관, 해양 SMR 산업화 기반 다진다","이 실증센터에는 HD현대중공업, HD한국조선해양, 한국전력기술, 현대건설, 한국선급, 현대중공업터보기계, 클래드코리아, 울산테크노파크, 울산과학기술원, 서울대학교, 한국과학기술원(KAIST), 한양대학교 등 12개...",2026-10-07 16:56,https://www.iusm.co.kr/news/articleView.html?idxno=1068852,https://www.iusm.co.kr/news/articleView.html?idxno=1068852
연세대학교,스포티비뉴스,"'대림 4세' 이주영, 크롭톱 볼륨 몸매 과시…""10월에 여름""","이주영은 현재 조지타운 대학교 로스쿨에서 법학을 전공하고 있으나, 지난달 교환학생 기회를 통해 현재 연세대 로스쿨에 다니고 있다는 근황을 전했다. 그는 한국에서 정해진 기간 캠퍼스 생활을 이어갈 전망이다.",2026-10-07 16:55,https://www.spotvnews.co.kr/news/articleView.html?idxno=1011888,https://m.entertain.naver.com/article/477/0000632015
서울대학교,엑스포츠뉴스,[오피셜] 안세영 대형 뉴스! 정몽규 이사장에게 상 받는다…포니정 영리...,시상식은 내달 25일 서울 강남구 아이파크타워 포니정홀에서 열린다. 포니정 영리더상은 현대자동차... 안세영은 앞서 지난 4월엔 서울대학교총동창회 4·19 민주평화상 운영위원회가 4·19 민주혁명 66주년을 기념해...,2026-10-07 16:55,https://www.xportsnews.com/article/2205088,https://m.sports.naver.com/general/article/311/0002066333
서울대학교,데일리안,"교육부 국감서 '수시 접수 먹통 사태' 질타…교육장관 ""원서접수 공공 ...","이에 교육부와 한국대학교육협의회(대교협), 유웨이어플라이는 장애 대응 매뉴얼에 따라 접수 마감 시간을... 한편, 이날 국감에서 최 장관은 지역거점국립대의 학생 지원을 서울대 수준으로 끌어올리는 사업인 이른바...",2026-10-07 16:54,https://www.dailian.co.kr/news/view/1698972/?sc=Naver,https://n.news.naver.com/mnews/article/119/0003140551?sid=102
연세대학교,전북일보,[전북일보 리더스아카데미 13기 2학기 4강] 전주서 태어난 인요한 교수...,"전남 순천에서 자랐으며, 연세대 의과대학을 졸업하고 연세대 세브란스병원 국제진료소장을 지냈다. 한편 전북일보 리더스아카데미 13기 2학기 5강은 오는 13일 열린다. 원우들은 사과의 고장 장수를 찾아 사과 수확 체험...",2026-10-07 16:54,https://www.jjan.kr/article/20261007500061,https://www.jjan.kr/article/20261007500061
연세대학교,AP신문,"신한은행, 연세대 기술지주와 맞손…혁신 스타트업 성장 지원","연세대학교 기술지주는 2026년 과학기술정보통신부 '기술경영촉진(기술사업화 종합전문회사육성형) 사업'의 대학 부문 유일 수행기관으로, 유망 기술과 혁신기업의 발굴부터 사업화·투자·보육까지 지원하고 있다. 양...",2026-10-07 16:54,https://www.apnews.kr/news/articleView.html?idxno=3051820,https://www.apnews.kr/news/articleView.html?idxno=3051820
서울대학교,톱데일리,"[TOP's Pick] [중후장대] LS일렉트릭, 대만 석화그룹과 전력 인프라 JV 설...",UNIST·서울대·KAIST·한양대 등 조선·원자력 분야 12개 기관이 ‘SMR 해양 기술 실증센터’ 출범을 위한... 해양대학교에서 국적선사 승선을 앞둔 인도네시아 해기사 30여명을 대상으로 ‘승선 전 직무 역량강화 교육’...,2026-10-07 16:54,https://www.topdaily.kr/articles/112253,https://www.topdaily.kr/articles/112253
연세대학교,중도일보,[22대 첫 국감] 충청 하계U대회·행정수도 완성 강하게 어필,"의료기기 전문인력을 양성하기 위해 지정한 3개 특성화대학원도 연세대와 성균관대, 동국대 등 모두 서울에 있다. 박용갑 의원은 ""국내 의료기기 실증 지원, 전문인력 양성 인프라는 수도권에 집중됐다""며 ""정부가...",2026-10-07 16:54,https://www.joongdo.co.kr/web/view.php?key=20261007010001825,https://www.joongdo.co.kr/web/view.php?key=20261007010001825
서울대학교,뉴시스,"최교진 ""'암살자(들)' 관람 간섭 한계…대입 원서 접수 체계 개선""(종합...","'서울대 10개 만들기' 사업은 내년에도 2곳 이상의 지역을 추가 지원할 계획이다. 최 장관은 ""내년에도 2개 이상의 지역을 이번 국회의 논의 과정에서 예산 등을 종합적으로 고려해서 하도록 지금 계획은 세우고 있다""고...",2026-10-07 16:53,https://www.newsis.com/view/NISX20261007_0003817855,https://n.news.naver.com/mnews/article/003/0014239850?sid=102
서울대학교,뉴스1,수시 먹통에 원서접수 공공화 검토…'서울대 10개' 내년 2곳+α(종합),"사태'부터 '서울대 10개 만들기', 인공지능(AI) 스마트 안경을 이용한 수능 부정행위까지 굵직한 교육 현안이... 7일 서울 여의도 국회에서 열린 교육위원회의 교육부·국가교육위원회 등에 대한 국정감사에서는 지난달...",2026-10-07 16:52,https://www.news1.kr/society/education/6313323,https://n.news.naver.com/mnews/article/421/0009215552?sid=102
고려대학교,이코노텔링,대기업 오너 일가 해외 유학 비중 높아져,"한편 이들이 다녔던 국내 대학으로는 고려대가 54명으로 가장 많았다. 그 뒤를 서울대(50명), 연세대(35명), 이화여대(26명)가 이었다. 고려대 출신으로는 최태원 SK그룹 회장(물리학), 정의선 현대자동차그룹 회장...",2026-10-07 16:52,http://www.econotelling.com/news/articleView.html?idxno=21414,http://www.econotelling.com/news/articleView.html?idxno=21414
서울대학교,이코노텔링,대기업 오너 일가 해외 유학 비중 높아져,"그 뒤를 서울대(50명), 연세대(35명), 이화여대(26명)가 이었다. 고려대 출신으로는 최태원 SK그룹 회장... 서울대 출신은 이재용 삼성전자 회장(동양사학), 정몽준 아산재단 이사장(경제학), 김범수 카카오...",2026-10-07 16:52,http://www.econotelling.com/news/articleView.html?idxno=21414,http://www.econotelling.com/news/articleView.html?idxno=21414
연세대학교,이코노텔링,대기업 오너 일가 해외 유학 비중 높아져,"한편 이들이 다녔던 국내 대학으로는 고려대가 54명으로 가장 많았다. 그 뒤를 서울대(50명), 연세대(35명), 이화여대(26명)가 이었다. 고려대 출신으로는 최태원 SK그룹 회장(물리학), 정의선 현대자동차그룹 회장...",2026-10-07 16:52,http://www.econotelling.com/news/articleView.html?idxno=21414,http://www.econotelling.com/news/articleView.html?idxno=21414
고려대학교,의사신문,[의료기기업계 소식] 10월 7일,"이에 패널로 참석한 김춘관 보훈병원 부원장과 나진오 고려대 구로병원 순환기내과 교수는 고엽제... 최우식 대표는 ""충북권 심뇌혈관 대응 거점인 충북대학교병원은 뇌동맥류 AI가 중증 진료 흐름 안에서 어떤...",2026-10-07 16:52,http://www.doctorstimes.com/news/articleView.html?idxno=240375,http://www.doctorstimes.com/news/articleView.html?idxno=240375
서울대학교,뉴스1,대한민국학술원 회원 10명 중 8명 '서울대' 출신…96%는 남성,대한민국을 대표하는 석학들의 국가기관인 대한민국학술원 회원 10명 중 8명이 서울대 출신인 것으로... 가운데 서울대 출신은 112명으로 80%를 차지했다. 성별과 연령에서도 편중된 회원 구성이 나타났다. 회원들 중...,2026-10-07 16:52,https://www.news1.kr/society/education/6313327,https://n.news.naver.com/mnews/article/421/0009215557?sid=102
고려대학교,의사신문,[제약업계 소식] 10월 7일,"대웅제약은 한국약학대학생연합과 산학협력 프로그램 '제약산업대회(Industrial Skills Event, ISE)'를... 이지영 건국의대 산부인과 교수가 좌장과 연자를 맡고 류기진 고려대 안암병원 산부인과 교수가 연자로 참여한다....",2026-10-07 16:52,http://www.doctorstimes.com/news/articleView.html?idxno=240358,http://www.doctorstimes.com/news/articleView.html?idxno=240358
서울대학교,이투데이,"최교진 “대입 원서접수 공공 전환, 이르면 내년”…‘서울대 10개’ 2곳...","이른바 ‘서울대 10개 만들기’ 사업도 내년 2곳 이상의 거점국립대를 추가 지원하는 방향으로 확대한다.... 교육부는 한국대학교육협의회, 원서접수 대행사와 태스크포스(TF)를 구성해 서비스 운영 체계와 장애 발생 시...",2026-10-07 16:50,https://www.etoday.co.kr/news/view/2633531,https://www.etoday.co.kr/news/view/2633531
고려대학교,뉴스에프씨,한은 새 부총재보에 최영주 선임⋯경제연구원장은 윤경수 내정,"윤 신임 경제연구원장은 1972년생으로 고려대 경제학과를 졸업, 미국 오하이오 주립대학교에서 경제학 박사 학위를 받았다. 그는 국제국과 금융안정국을 거쳤으며 2024년 5월부터 국제국장 직무를 수행해 왔다. 한은측은 윤...",2026-10-07 16:50,http://www.newsfc.co.kr/news/articleView.html?idxno=81609,http://www.newsfc.co.kr/news/articleView.html?idxno=81609
고려대학교,보건뉴스,개봉마디튼튼의원 10월 12일 정식 개원,"정영철 대표원장은 고려대 대학병원에서 쌓은 진료 경험을 바탕으로 척추·관절과 다양한 근골격계 통증을... 지역 주민의 진료 접근성도 고려했다. 월요일부터 일요일까지 진료하며, 월요일과 목요일에는 오후 8시까지...",2026-10-07 16:50,http://www.bokuennews.com/news/article.html?no=285220,http://www.bokuennews.com/news/article.html?no=285220
고려대학교,비즈워치,'해킹사태'로 드러난 사각지대…은행들 인증 범위 다시 그릴까,"2016년 정보통신망법 개정으로 대학과 대형병원이 의무 대상에 추가될 때, 금융권은 금융위원회의 자체 점검... ""업무망까지 넓히고 의무화해야"" 권헌영 고려대 교수는 ""이번 사태는 형식적 보안에서 실질적 보안으로...",2026-10-07 16:49,https://news.bizwatch.co.kr/article/finance/2026/10/07/0030,https://n.news.naver.com/mnews/article/648/0000051404?sid=101
고려대학교,인사이트코리아,"정재헌 SKT 대표,국방 AX 노크...전통 강자 KT와 전면전 벌인다","최병호 고려대 교수는 ""경량화 모델은 양질의 데이터를 얼마나 확보해 제공하느냐에 따라 품질이 크게 달라진다""며 ""실제 데이터 확보뿐 아니라 합성 데이터를 만드는 과정에서도 품질을 통제하는 방법이 중요하다""고...",2026-10-07 16:48,https://www.insightkorea.co.kr/news/articleView.html?idxno=256051,https://www.insightkorea.co.kr/news/articleView.html?idxno=256051
고려대학교,데일리팝,"DN솔루션즈, 글로벌 제조사업 넓혀...하반기 신입사원 두 자릿수 채용",사진=지난 9월 1일 서울 성북구 고려대학교 SK미래관에서 설치된 DN솔루션즈 채용설명회부스에서 채용담당자 및 같은 학교 출신의 현직자가 채용상담을 하고 있다. 실제 올해 들어 양사의 협업도 본격화되고 있다....,2026-10-07 16:48,http://www.dailypop.kr/news/articleView.html?idxno=103169,http://www.dailypop.kr/news/articleView.html?idxno=103169
서울대학교,NGO저널,"허태정시장의 100일, '성과 나열'보다 대전의 다음 4년을 꺼냈다","여기에 유성 자운대 일원 4년제 국군사관학교 창설 확정, 대전의료원 총사업비 2,223억 원 증액, 충남대의 '서울대 10개 만들기' 사업 선정 등도 대전의 산업·교육·의료 기반을 확장할 핵심 사업으로 꼽힌다. 정부...",2026-10-07 16:48,https://www.ngonews.kr/news/articleView.html?idxno=240048,https://www.ngonews.kr/news/articleView.html?idxno=240048
서울대학교,뉴스핌,"최교진 ""서울대 10개 만들기, 내년 2곳 이상 추가 선정 계획""","최교진 교육부 장관이 7일 오후 서울 여의도 국회 교육위원회에서 열린 교육부, 국가교육위원회 등에 대한 국정감사에서 의원 질의에 답하고 있다. 2026.10.07 mironj19@newspim.com",2026-10-07 16:47,https://www.newspim.com/news/view/20261007001423,https://www.newspim.com/news/view/20261007001423
서울대학교,브릿지경제,‘두마리 토끼’ 잡기 K-GX 전략 ⋯ 실효성•수요 창출은 ‘관건’,홍종호 서울대 환경대학원 교수는 “결국 K-GX가 가시적인 성과를 내기 위해서는 기술 개발과 함께 안정적인 수요를 창출해내는 정책이 필수적”이라고 제언했다. 이어 그는 “현장의 대기업과 중소기업들은 정부...,2026-10-07 16:46,https://www.viva100.com/article/20261007501227,https://www.viva100.com/article/20261007501227
연세대학교,머니투데이,[단독] 대학병원에 의료기기 99% 공급한 그곳…학교법인 소유였다,"이들은 모두 사립대병원으로, 이 중에는 대학병원의 운영자인 학교법인 소유의 간납사로부터 제품의 99%를... 에비슨케어는 학교법인 연세대가 2021년 전액 출자해 설립한 간납사다. 이곳은 지난해 세브란스병원에...",2026-10-07 16:46,https://www.mt.co.kr/thebio/2026/10/08/2026100712155435754,https://n.news.naver.com/mnews/article/008/0005423397?sid=101
연세대학교,MHN스포츠,이적·존박 공연에 2만5천명 몰렸다…연세대 첫 '아트위크',"연세대 미래캠퍼스는 연세아트위크를 통해 대학과 지역사회가 문화예술을 중심으로 교류할 수 있는 가능성을 확인했다고 설명했다. 하연섭 미래캠퍼스부총장은 ""대학의 공간과 문화예술 자원을 지역사회와 공유하며...",2026-10-07 16:46,https://www.mhns.co.kr/news/articleView.html?idxno=763092,https://www.mhns.co.kr/news/articleView.html?idxno=763092
연세대학교,팜뉴스,'혁신신약살롱 신촌' 출범... 오는 21일 연세대서 첫 모임 개최,"혁신신약살롱 신촌은 오는 10월 21일 오후 5시 서울 서대문구 연세대학교 공학원 대강당에서 첫 모임을... 모임은 대학과 대형 병원, 바이오 벤처가 밀집한 서북권 연구자 간 개방형 혁신(오픈 이노베이션)을...",2026-10-07 16:46,https://www.pharmnews.com/news/articleView.html?idxno=306747,https://www.pharmnews.com/news/articleView.html?idxno=306747
서울대학교,메가경제,"롯데멤버스, NCSI 포인트멤버십플랫폼 부문 1위","반영해 플랫폼을 개선해 온 결과”라며 “고객 경험을 강화하는 대표 멤버십 플랫폼으로 자리매김하겠다”고 말했다. 한편, 롯데멤버스는 지난 6월 서울대와 미래 소비 예측 모델 개발을 위한 업무협약을 체결했다.",2026-10-07 16:46,https://www.megaeconomy.co.kr/news/newsview.php?ncode=1065598917217870,https://www.megaeconomy.co.kr/news/newsview.php?ncode=1065598917217870
서울대학교,인사이트코리아,"한화는 통제, HD현대는 발사대, 로템은 엔진…K방산 '우주 꿈' 쏘았다","김승조 서울대 항공우주공학과 명예교수(전 한국항공우주연구원장)는 ""기술적으로는 어느 정도 안정화가 됐다고 보이지만 문제는 현재 누리호가 상업성이 없다는 점""이라며 ""한 번 발사하는 데 1200억원이 들고 단가를...",2026-10-07 16:46,https://www.insightkorea.co.kr/news/articleView.html?idxno=256025,https://www.insightkorea.co.kr/news/articleView.html?idxno=256025
서울대학교,머니투데이,"최교진 장관 ""'서울대 10개 만들기' 대학, 내년 2개 지역서 추가 선정""","최교진 교육부 장관이 '서울대 10개 만들기' 대상 대학을 내년 2개 이상 지역에서 추가 선정하겠다고 밝혔다. 7일 국회 교육위원회 국정감사에서 최 장관은 서울대 10개 만들기 대학 추가 선정 가능성을 묻는 질의에 ""이번...",2026-10-07 16:45,https://www.mt.co.kr/policy/2026/10/07/2026100716410454561,https://n.news.naver.com/mnews/article/008/0005423394?sid=102
연세대학교,MTN 머니투데이방송,"""SKT·쿠팡, 새 집단소송제 도입되면 수조원 배상해야""… 벤처·스타트업...","한석훈 연세대학교 법무대학원 겸임교수, 조정훈 국회의원, 손미진 초기엑셀러레이터협회 부회장, 전성민 가천대학교 경영학부교수, 이민형 벤처기업협회 정책총괄본부장, 강종수 콜즈다이나믹스 대표 등(사진...",2026-10-07 16:44,https://news.mtn.co.kr/news-detail/2026100715525074919,https://news.mtn.co.kr/news-detail/2026100715525074919
서울대학교,서울경제,"최교진 “‘서울대 10개’ 만들기, 내년 2곳 이상 추가 지원”",정부가 ‘서울대 10개 만들기’ 사업의 지원 대상을 내년 2곳 이상 추가하는 방안을 추진한다. 올해 부산대... 최교진 교육부 장관은 7일 국회 교육위원회 국정감사에서 안규백 더불어민주당 의원이 ‘서울대 10개 만들기’...,2026-10-07 16:42,https://www.sedaily.com/article/20099155?ref=naver,https://n.news.naver.com/mnews/article/011/0004669092?sid=102
연세대학교,티티엘뉴스,"신한은행ㆍ연세대 기술지주회사, 혁신 스타트업 성장 지원 MOU 체결",대학 연구실 안에서 축적된 첨단 공학 기술이 시장으로 직행하지 못하고 사장되는 이른바 연구실 창업의 데스밸리를 건너기 위한 산학 금융 동맹이 출범했다. 신한은행은 10월 6일 서울 서대문구 연세대학교 본관에서...,2026-10-07 16:42,http://www.ttlnews.com/news/articleView.html?idxno=3149838,http://www.ttlnews.com/news/articleView.html?idxno=3149838
연세대학교,뉴스1,"""AI 해킹엔 AI 에이전트로""…재경부 전략경제자문단, KISA서 보안 대응책...","이날 회의에는 박영선 전략경제자문단 위원장 김성수 연세대 공과대학 특임교수(부위원장), 천정희 양자보안 분과 위원장, 김동호 메가존클라우드 부사장, 조지훈 삼성SDS 보안연구팀장, 서재홍 한양대 수학과 교수가...",2026-10-07 16:42,https://www.news1.kr/economy/trend/6313339,https://n.news.naver.com/mnews/article/421/0009215516?sid=101
서울대학교,동아일보,벽지로 표지 만든 윤동주 시집 최초본부터…30년 세월 품은 ‘초판본 보...,"1956년 서울대 문리대 문학회가 만든 ‘문학’ 창간호도 그중 하나. 고 박맹호 민음사 회장의 단편소설이 실려 있고, 이어령 전 문화부 장관의 이름도 보였다. 김 교수가 처음부터 수집가였던 건 아니다. 13년간 편집자로...",2026-10-07 16:41,https://www.donga.com/news/Culture/article/all/20261007/134802767/1,https://n.news.naver.com/mnews/article/020/0003753398?sid=103
서울대학교,조선일보,"교육부 장관 “서울대 10개 만들기, 내년 2곳 이상 추가 선정”",장관이 ‘서울대 10개 만들기’ 대상 대학을 내년 2개 이상 지역에서 추가 선정하겠다고 밝혔다. 7일 국회 교육위원회 국정감사에서 안규백 더불어민주당 의원이 “추가로 (서울대 10개 만들기) 사업을 추진해 선정할...,2026-10-07 16:40,https://www.chosun.com/national/education/2026/10/07/LJFLYYAP2VFGJJMQW6MR7J3QFQ/?utm_source=naver&utm_medium=referral&utm_campaign=naver-news,https://n.news.naver.com/mnews/article/023/0004002605?sid=102
서울대학교,조선일보,"경북도, APEC 성과 잇는 ‘세계경주포럼’ 첫 개최","8일 개막식에선 피에르 루이지 사코 이탈리아 단눈치오 키에티 페스카라 대학 교수 등이 기조연설에 나서고... ‘디지털·인공지능’ 분야에선 이교구 서울대 교수 등이 창작자와 산업, 제도의 공존 방안을 다룬다....",2026-10-07 16:40,https://www.chosun.com/national/national_general/2026/10/07/5L7Q3SGPHZFYBBG2XPI7HOSZ3M/?utm_source=naver&utm_medium=referral&utm_campaign=naver-news,https://n.news.naver.com/mnews/article/023/0004002606?sid=102
서울대학교,비즈워크,"LH, 청년 기숙사형 전세임대 확대…전국 500가구 공모","LH는 지난달 서울대학교와 협약을 맺고 2030년까지 기숙사형 전세임대 200가구를 공급하기로 했다. 노후... 해당 주택에는 냉장고와 인덕션, 에어컨 등 빌트인 시설이 갖춰졌으며 서울대가 침대와 책상, 옷장 등 가구를...",2026-10-07 16:40,https://www.bizwork.co.kr/news/articleView.html?idxno=419685,https://www.bizwork.co.kr/news/articleView.html?idxno=419685
서울대학교,브릿지경제,"지씨셀, ‘GCC2005’ 1b상 개시⋯첫 대상자 투약 완료",이번 승인은 기존 치료 이후 선택 가능한 치료 대안이 제한적인 말초 T세포 림프종 환자를 대상으로 서울대학교병원이 신청해 이뤄졌다. 이에 따라 서울대학교병원은 해당 환자에게 임상시험용 의약품인 GCC2005를...,2026-10-07 16:40,https://www.viva100.com/article/20261007501297,https://www.viva100.com/article/20261007501297
서울대학교,매일신문,"김형동, 행정통합 회의적…""시도민에 돌아갈 이익 분명해야""","경북대가 빠진 '서울대 10개 만들기' 등 'TK 패싱' 논란에는 ""성장은 결국 민간이 이끌지만, 신공항처럼 공공이 감당할 인프라에서 TK를 빠뜨리지 말라는 것""이라고 말했다. 그는 ""국회에서 추가 예산 확보를 통해 추가 선정을...",2026-10-07 16:39,https://www.imaeil.com/page/view/2026100615185804300,https://n.news.naver.com/mnews/article/088/0001032876?sid=100
서울대학교,이코노믹포스트,"HD현대重 등 조선·원자력 12개 기관, 'SMR 해양 기술 실증센터' 출범","이번 협약에는 HD현대중공업과 HD한국조선해양을 비롯해 한국전력기술, 현대건설, 한국선급, 현대중공업터보기계, 클래드코리아, 울산테크노파크, 울산과학기술원, 서울대학교, 한국과학기술원(KAIST), 한양대학교 등...",2026-10-07 16:38,http://www.efnews.co.kr/news/articleView.html?idxno=132955,http://www.efnews.co.kr/news/articleView.html?idxno=132955
서울대학교,한국경제,"장애인은 언제부터 '일할 수 없는' 사람이 됐나, 신간",이 책은 의 저자 김승섭 서울대 교수가 에 이어 번역과 해제를 맡았다. 김 교수가 출판사에 직접 번역 출간을 제안했다고 한다. 그는 해제에서 “한국에서 장애인은 학교와 병원...,2026-10-07 16:37,https://www.hankyung.com/article/202610078722i,https://n.news.naver.com/mnews/article/015/0005340144?sid=103
고려대학교,JIBS제주방송,[자막뉴스] 과적 기준·복원성 승인 의무 없어...법적 사각지대,"김인현 / 고려대학교 해상법연구센터 소장 ""흘수가 없으니까 배에서 작업하는 분들은 과적이 됐는지를 모르지 않습니까? 길이가 짧은 배라도 (만재흘수선) 표시되는 게 맞죠. 복원성 승인도 마찬가지로 더 작은 배에도...",2026-10-07 16:37,https://www.jibs.co.kr/news/articles/articlesDetail/66269?feed=na,https://n.news.naver.com/mnews/article/661/0000084502?sid=102
서울대학교,지피코리아,"인류애실천분중문화재단, '인류애실천 분중문화상' 시상식·차세대 예술...",김재율 / 서울대학교 미술대학 대학원 조소전공 남지강 / 서울예술대학교 공연학부 연기전공 문수찬 / 이화여자대학교 음악대학 대학원 박유림 / 한국예술종합학교 전통예술원 엄찬주 / 한국전통문화대학교...,2026-10-07 16:36,https://www.gpkorea.com/news/articleView.html?idxno=147374,https://www.gpkorea.com/news/articleView.html?idxno=147374
연세대학교,브릿지경제,[부고] 윤문정(코리아헤럴드 대리)씨 조부상 외,"▲이주우씨 별세, 박송자씨 남편상, 이상길(연세암병원 병원장)·이상도·이상헌씨 부친상, 김선경·최나리씨 시부상 = 5일 오후 5시12분, 연세대 신촌장례식장 8호실, 발인 8일 오전 10시, 장지 곤지암 소망동산(02...",2026-10-07 16:36,https://www.viva100.com/article/20261007501284,https://www.viva100.com/article/20261007501284
고려대학교,한국경제TV,"김동현 고대안암병원 교수, 안구건조증 신약 후보물질 임상 2상 이끈다","개발 총책임자는 김동현 고려대학교 안암병원 안과 교수다. 김 교수는 비임상 연구에서 RCI001의 항염증, 항산화 효과를 비롯해 안구 표면 손상 회복과 눈물 분비 촉진 가능성 등을 확인한 바 있다. 또한, 쇼그렌...",2026-10-07 16:36,http://www.wowtv.co.kr/NewsCenter/News/Read?articleId=A202610070120&t=NN,https://n.news.naver.com/mnews/article/215/0001268452?sid=102
연세대학교,경향신문,검찰 없애고 공수처 손보나···공수처를 ‘수사기관을 수사하는 기관...,토론자로 참석한 한상훈 연세대 법학전문대학원 교수는 “중수청은 행안부장관 산하로 장관의 지휘를 받게 돼 있다”면서 “중수청이 행안부 장관을 수사할 수 있다고 보지 않는다. 대통령에 대한 수사도 어렵다....,2026-10-07 16:35,https://www.khan.co.kr/article/202610071635001,https://n.news.naver.com/mnews/article/032/0003474838?sid=100
고려대학교,쿠키뉴스,루게릭병 동물모델서 운동기능 회복 가능성 확인…후보물질 발굴,"고려대안산병원 신경외과 김명지 교수와 고려대 의과대학 융합의학교실 박해철 교수, 제브라피쉬 중개의학연구소 서용보 교수 연구팀은 루게릭병 제브라피쉬 모델을 활용한 약물 탐색에서 ‘트리벤질아민’...",2026-10-07 16:34,https://www.kukinews.com/article/view/kuk202610070208,https://www.kukinews.com/article/view/kuk202610070208
서울대학교,글로벌에픽,"법무법인 태신, 응급의학과 전문의 정일채 변호사 파트너로 다시 영입","정일채 변호사는 서울대학교 생명과학부에서 이학사, 부산대학교 의학과에서 의학사, 부산대학교 법학전문대학원에서 법학전문석사 학위를 받았다. 부산 명성의원 부원장으로 근무했고 응급의학과 수련과정을 거쳐...",2026-10-07 16:32,http://www.globalepic.co.kr/view.php?ud=20261007161802240137600e7ec7_29,http://www.globalepic.co.kr/view.php?ud=20261007161802240137600e7ec7_29
서울대학교,HDHY,블루카본 인지도 3년 만에 51.1%p 상승,"블루카본사업단(블루카본 기반 기후변화 적응형 해안조성 기술개발 연구단, 단장 김종성 서울대 교수)은 해수부 정책을 과학적 성과로 뒷받침했다. 사업단에 참여한 대학·연구기관·공공기관 등은 해수부 지원 아래...",2026-10-07 16:32,https://www.hdhy.co.kr/news/articleView.html?idxno=35423,https://www.hdhy.co.kr/news/articleView.html?idxno=35423
고려대학교,컨슈머타임스,한은 부총재보에 최영주…경제연구원장엔 윤경수 내정,최 신임 부총재보는 고려대 경제학과를 졸업하고 1997년 한은에 입행했다. 금융시장국과 통화정책국 등 주요... 윤 경제연구원장 내정자는 고려대 경제학과를 졸업하고 미국 오하이오주립대에서 박사 학위를 받았다. 1998년...,2026-10-07 16:32,https://www.cstimes.com/news/articleView.html?idxno=723235,https://www.cstimes.com/news/articleView.html?idxno=723235
서울대학교,금강일보,강한 엘니뇨 땐 한반도 11월 비 '2배'…수온 위치 관건,서울대학교 국종성 교수 연구팀은 장기간 관측 및 재분석 자료를 토대로 엘니뇨가 발달해 정점에 이른 뒤 쇠퇴하기까지 각 시기별 한반도 기온과 강수 변화를 분석한 결과를 한국기상학회 주최 '2026년 한국기상학회...,2026-10-07 16:32,https://www.ggilbo.com/news/articleView.html?idxno=1185757,https://www.ggilbo.com/news/articleView.html?idxno=1185757
서울대학교,매일일보,"리사 수, 한국에 AI 연구센터 세운다…수백명 채용",(CEO)가 서울 종로구 포시즌스호텔에서 면담했다고 밝혔다. 이어 국내 AI 반도체 생태계 기업 13곳이 참여한... 최근 서울대 AI연구소와 체결한 업무협약을 바탕으로 산학협력도 확대한다. AMD는 자사 중앙처리장치(CPU)...,2026-10-07 16:32,https://www.m-i.kr/news/articleView.html?idxno=2003576,https://www.m-i.kr/news/articleView.html?idxno=2003576
서울대학교,국제신문,국내 최대 문화다양성 축제 '맘프' 창원서 오는 23일 개막,그간 진행해 온 ‘아이디어 공모전’을 서울대학교와 공동 운영하는 ‘정책연구 발표 학술제’로 확대한다. 이와 함께 ‘외국인 찾아가는 일자리 상담 부스’를 시범 운영해 상담사를 통한 취업정보와 관련 지원...,2026-10-07 16:32,http://www.kookje.co.kr/news2011/asp/newsbody.asp?code=0300&key=20261007.99099001917,https://n.news.naver.com/mnews/article/658/0000157766?sid=102
연세대학교,잡포스트,"신한은행, 연세대 기술지주와 혁신기술 스타트업 성장 지원 맞손",신한은행은 연세대학교 기술지주 주식회사와 혁신기술 스타트업의 성장 지원을 위한 전략적 파트너십... 신한은행은 대학 기술지주와의 협력을 지속적으로 확대하고 있다. 지난 4월에는 고려대학교 기술지주와 혁신기술...,2026-10-07 16:30,https://www.job-post.co.kr/news/articleView.html?idxno=231167,https://www.job-post.co.kr/news/articleView.html?idxno=231167
고려대학교,잡포스트,"신한은행, 연세대 기술지주와 혁신기술 스타트업 성장 지원 맞손",신한은행은 연세대학교 기술지주 주식회사와 혁신기술 스타트업의 성장 지원을 위한 전략적 파트너십... 신한은행은 대학 기술지주와의 협력을 지속적으로 확대하고 있다. 지난 4월에는 고려대학교 기술지주와 혁신기술...,2026-10-07 16:30,https://www.job-post.co.kr/news/articleView.html?idxno=231167,https://www.job-post.co.kr/news/articleView.html?idxno=231167
연세대학교,더밸류뉴스,[더밸류 브리핑] 오늘의 금융계 소식…신한은행·수협중앙회·DAXA,"신한은행은 연세대학교 기술지주회사와 협약을 맺고 유망 기술기업의 발굴부터 투자·보육까지 지원한다.... 금융 연구기관과 학계, 법조계 전문가들이 집필에 참여했고 안수현 한국외국어대학교 법학전문대학원 교수가...",2026-10-07 16:30,http://www.thevaluenews.co.kr/news/view.php?idx=202179,http://www.thevaluenews.co.kr/news/view.php?idx=202179
연세대학교,파이낸셜뉴스,"""집단소송제, 벤처·스타트업 생존 위협할 수도""...집단소송법에 스타트...","한석훈 연세대 법무대학원 겸임교수도 옵트아웃 방식의 경우 소송에 참여하지 않은 피해자까지 판결에 구속돼 개인의 재판청구권을 침해할 우려가 있고, 집단 규모와 청구액·기판력이 크게 확대돼 기업의 법적 부담을...",2026-10-07 16:30,https://www.fnnews.com/news/202610071534340329,https://n.news.naver.com/mnews/article/014/0005586269?sid=101
서울대학교,파이낸스투데이,"HD현대중공업, 해양 SMR 실증·산업화 추진",협약에는 △HD현대중공업 △HD한국조선해양 △한국전력기술 △현대건설 △한국선급 △현대중공업터보기계 △클래드코리아 △울산테크노파크 △울산과학기술원 △서울대학교 △한국과학기술원(KAIST) △한양대학교...,2026-10-07 16:28,http://www.finomy.com/news/articleView.html?idxno=263068,http://www.finomy.com/news/articleView.html?idxno=263068
서울대학교,뉴스경남,22개국 문화 함께하는 제21회 '맘프' 창원서 23일 개최,기존 '문화다양성 아이디어 공모전'은 서울대학교와 공동 운영하는 '문화다양성 정책연구 발표 학술제'로 확대한다. '외국인 찾아가는 일자리 상담 부스'도 시범 운영한다. 상담사가 취업·지원 정보를 안내하고...,2026-10-07 16:28,https://www.newsgn.com/news/articleView.html?idxno=577958,https://www.newsgn.com/news/articleView.html?idxno=577958
고려대학교,지디넷코리아,‘의료AI’ ‘환자중심’ ‘지속가능한 병원’ 논의하는 IHF 세계병원대...,"또 해외 참가자들이 국내 의료현장을 직접 경험할 수 있도록 서울성모병원, 고려대 안암병원, 국립암센터, 국민건강보험 일산병원, 삼성서울병원, 서울대병원, 서울아산병원, 세브란스병원, 이대서울병원 등 15개...",2026-10-07 16:27,https://zdnet.co.kr/view/?no=20261007145909,https://n.news.naver.com/mnews/article/092/0002440183?sid=105
연세대학교,데일리한국,[금융단신]신한은행·우리금융·농협은행·기업은행,본관에서 연세대학교 기술지주 주식회사(이하 연대기술지주)와 '혁신기술 스타트업 성장 지원을 위한 전략적 파트너십' 업무협약을 체결했다고 밝혔다. 7일 신한은행에 따르면 이번 협약은 대학의 연구성과와 기술...,2026-10-07 16:26,https://daily.hankooki.com/news/articleView.html?idxno=1412874,https://daily.hankooki.com/news/articleView.html?idxno=1412874
서울대학교,수원일보,"조희연·조용식, 프레이리 교육개혁 실험에서 교육자치의 길 찾는다…1...",주관하고 서울·울산·제주 교육청과 마을교육공동체TV가 후원한다. 참여 대상은 관심 있는 사람 누구나다. 발제는 유성상 서울대 교수가 맡는다. 유 교수는 프레이리가 브라질 상파울루시 교육감으로 재임하며 추진했던...,2026-10-07 16:26,https://www.suwonilbo.kr/view.html?id=L261007160414678e,https://www.suwonilbo.kr/view.html?id=L261007160414678e
고려대학교,NEWSTOMATO,"개인정보위, 이성엽·박민철·양동훈 비상임위원 위촉",(사진=개인정보위) 이성엽 신임 위원은 고려대 기술경영전문대학원 교수로 재직 중이며 한국정보통신법학회 회장을 맡고 있습니다. 한국데이터법정책학회 회장을 역임했으며 제35회 행정고시에 합격해 정보통신부와...,2026-10-07 16:24,http://www.newstomato.com/ReadNews.aspx?no=1315960&inflow=N,http://www.newstomato.com/ReadNews.aspx?no=1315960&inflow=N
고려대학교,뉴스에프씨,"AI 해킹 확산, '스마트홈' 보안 경고…TV·로봇청소기도 표적 우려",임종인 고려대 정보보호대학원 교수는 개인정보 보호 책임을 개인에게만 돌려서는 안 되며 기업도 서비스와 제품의 프라이버시 위험을 지속적으로 점검해야 한다고 강조했다.,2026-10-07 16:22,http://www.newsfc.co.kr/news/articleView.html?idxno=81594,http://www.newsfc.co.kr/news/articleView.html?idxno=81594
고려대학교,팝콘뉴스,"고려대, 'AX 전략 공개 세미나' 15일 개최…금융·국방 AI 전환 과제 논...","첫 번째 세션(금융)에서는 윤지환 부원장(고려대 기술경영전문대학원)이 좌장을 맡고, 김장호 교수(같은 대학원)가 '금융 AI 기술과 R&D의 중요성'을 발표한다. 류혁선 KAIST 경영대학 교수가 지정토론자로 나서 금융 AI...",2026-10-07 16:20,http://www.popcornnews.net/news/articleView.html?idxno=135257,http://www.popcornnews.net/news/articleView.html?idxno=135257
서울대학교,매일일보,"성남시, 베트남서 국산 의료기기 교육훈련…500여명 참여","호치민 홍방국제대학교에서 열린 오전 강연에서는 분당서울대학교병원 허찬영 성형외과 교수의 'K뷰티의 과거와 현재, 미래' 기조 강연을 시작으로 △코 성형 △가슴 성형 △리프팅 △필러 등 미용성형 분야...",2026-10-07 16:16,https://www.m-i.kr/news/articleView.html?idxno=2003624,https://www.m-i.kr/news/articleView.html?idxno=2003624
고려대학교,후생신보,전세계 병원계 주요 인사 서울 총집합,"서울성모병원, 고려대안암병원, 국립암센터, 국민건강보험 일산병원, 삼성서울병원, 서울대병원, 서울아산병원, 세브란스병원, 이대서울병원 등 15개 의료기관 대상이다. 현재 약 480명의 해외 참가자가 등록을...",2026-10-07 16:16,http://www.whosaeng.com/174254,http://www.whosaeng.com/174254
고려대학교,메트로신문,한은 부총재보에 최영주…경제연구원장 윤경수 내정,최 신임 부총재보는 고려대 경제학과를 졸업하고 미국 미시간주립대에서 경제학 석사 학위를 받았다. 1997년... 윤 내정자는 고려대 경제학과를 졸업하고 미국 오하이오주립대에서 경제학 박사 학위를 받았다. 1998년...,2026-10-07 16:14,http://www.metroseoul.co.kr/article/20261007500463,http://www.metroseoul.co.kr/article/20261007500463
서울대학교,MHN스포츠,"창원특례시, 23일부터 세계문화축제 'MAMF 2026' 개최",기존 '문화다양성 아이디어 공모전'은 서울대학교와 공동 운영하는 '문화다양성 정책연구 발표 학술제'로 확대한다. 외국인 근로자를 대상으로 취업정보와 관련 지원 정보를 제공하는 '찾아가는 일자리 상담 부스'도...,2026-10-07 16:14,https://www.mhns.co.kr/news/articleView.html?idxno=763082,https://www.mhns.co.kr/news/articleView.html?idxno=763082
연세대학교,시사캐스트,"신한은행-연세대 기술지주회사, 대학 우수 기술 사업화 촉진...혁신기술...",왼쪽부터 신한은행 이종구 영업추진1그룹장과 홍종일 연세대학교 기술지주회사 대표. 사진=신한은행  대학이 보유한 우수 연구성과와 기술의 사업화를 촉진하고 성장 가능성이 높은 혁신기업을 공동 발굴해 투자·금융...,2026-10-07 16:14,http://www.sisacast.kr/news/articleView.html?idxno=100747,http://www.sisacast.kr/news/articleView.html?idxno=100747
연세대학교,연합뉴스,"안민석 ""경기남부 'AI·반도체 교육 메카'로 조성하겠다""",이를 위해 도교육청은 최근 연세대 김현철 교수를 위원장으로 하는 'AI 교육위원회'를 출범했다. 위원회는 AI... 아울러 내실 있는 AI 교육을 위해 도내 대학 및 기업들과 이른바 '벽 깨기 협약(업무협약)'을 맺고 협력을...,2026-10-07 16:13,https://www.yna.co.kr/view/AKR20261007147500061?input=1195m,https://n.news.naver.com/mnews/article/001/0016363776?sid=102
서울대학교,글로벌이코노믹,"리사 수 ""韓기업과 협력해 글로벌 AI 생태계 연결 지원할 것""","최근 서울대학교 AI연구소와 업무협약(MOU)을 체결하는 등 산학협력도 추진하고 있다. 국내 AI 인프라 기업 망고부스트와는 첫 클라우드 설비 구축에도 나선다. 리사 수 회장은 ""한국이 AI 분야의 경쟁력을 높여가는...",2026-10-07 16:12,https://www.g-enews.com/view.php?ud=2026100714564724653d7a510102_1,https://www.g-enews.com/view.php?ud=2026100714564724653d7a510102_1
서울대학교,한국대학신문,"최교진 장관, '서울대 10개 만들기' 내년 2개교 추가 지원[2026 국감]",장관이 '서울대 10개 만들기'와 관련해 내년 두 개 이상의 지역(대학)을 추가 지원하는 계획을 세우고 있다고 밝혔다. 최교진 장관은 7일 2026년 국회 교육위원회 국정감사에서 내년 서울대 10개 만들기 추가 선정 계획에...,2026-10-07 16:12,https://news.unn.net/news/articleView.html?idxno=598389,https://news.unn.net/news/articleView.html?idxno=598389
고려대학교,티티엘뉴스,"대원제약, 10월 12일부터 5일간 온라인 의학 학술 심포지엄 개최",10월 15일에는 폐경 전후 여성의 생애주기별 관리와 호르몬 요법을 주제로 건국의대 산부인과 이지영 교수와 고려대 안암병원 류기진 교수가 치료 가이드라인을 설명한다. 10월 16일에는 인하대병원 신경외과 윤승환...,2026-10-07 16:12,http://www.ttlnews.com/news/articleView.html?idxno=3149823,http://www.ttlnews.com/news/articleView.html?idxno=3149823
서울대학교,ONEWS,"세종대 세종뮤지엄갤러리, 조인호 개인전 '유(遊): 자유를 향한 여정' 개...","유_아타바스카 빙하 I Wandering Athabasca Glacier, 순지에 수묵, 130.3x190cm, 2026 (사진=세종대 제공) ©열린뉴스통신ONA 세종대학교 세종뮤지엄갤러리 1관에서 조인호 서울대학교 동양화과 교수의 개인전 'Wanderings Toward Freedom...",2026-10-07 16:12,https://www.onews.tv/news/articleView.html?idxno=288656,https://www.onews.tv/news/articleView.html?idxno=288656
서울대학교,KOOKBANG,요즘것들의 재미에 지갑 열렸다,서울 종로구 동대문 완구거리를 찾은 시민들이 문구·완구 제품들을 살펴보고 있다. 연합뉴스 기온이... 필자 권정윤은 서울대학교 소비자학과에서 학·석·박사 학위를 마치고 현재 서울대학교 소비트렌드분석센터...,2026-10-07 16:12,https://kookbang.dema.mil.kr/newsWeb/20261008/1/ATCE_CTGR_0020010005/view.do,https://kookbang.dema.mil.kr/newsWeb/20261008/1/ATCE_CTGR_0020010005/view.do
연세대학교,스포탈코리아,"2026 S2 양구사과 전국대학클럽축구대회, 성균관대 ESKARA 우승","'2026 S2 양구사과 전국대학클럽축구대회'가 성균관대 ESKARA의 우승으로 막을 내렸다 ESKARA는 10월 6일... 한림대 레오, 연세대 FC연세, 강원대 강적들을 잇달아 격파하며 예선 3승으로 본선에 올랐다. 예선 전승은...",2026-10-07 16:11,https://www.sportalkorea.com/news/articleView.html?idxno=2025052909553597076,https://m.sports.naver.com/kfootball/article/139/0002254179
서울대학교,강원일보,평창 노산문화제·군민의 날 ‘풍성’…화합·도약 다졌다,명예평창군민에 선정된 김경환 서울대학교병원 교수와 신혜민 현대차 정몽구 재단 사업팀장에게는 명예군민증서 및 명예군민패가 수여됐다. 축제의 흥을 돋우고 지역 자긍심을 높인 읍·면 선수단 입장상은...,2026-10-07 16:11,https://www.kwnews.co.kr/article/20261007501086,https://n.news.naver.com/mnews/article/087/0001222496?sid=102
서울대학교,더팩트,"광양백운산국립공원지정추진위원회 출범…""백운산 국가적 보전 체계 구...","백운산은 1946년부터 서울대학교가 연구를 위한 학술림으로 관리해 오고 있다. 향후 추진위원회가 백운산 국립공원 지정을 위한 시민사회 여론을 어떻게 확산하고, 광양시와 전남도, 정부 등 관계기관과의 협의를 어떤...",2026-10-07 16:10,https://news.tf.co.kr/read/national/2373968.htm,https://n.news.naver.com/mnews/article/629/0000540218?sid=102
서울대학교,이데일리,"최교진 ""'서울대 10개 만들기', 내년 2곳 이상 추가 선정 추진""",최교진 교육부 장관이 이재명 정부의 대표 교육정책인 ‘서울대 10개 만들기’ 정책과 관련해 내년에 2곳... (사진=연합뉴스) 최 장관은 7일 국회 교육위원회 국정감사에서 서울대 10개 만들기 정책 관련 추가 지원 대학...,2026-10-07 16:08,https://www.edaily.co.kr/News/Read?newsId=04555926645610624&mediaCodeNo=257&utm_source=naver&utm_medium=referral&utm_campaign=news_syndication&utm_content=original_article,https://n.news.naver.com/mnews/article/018/0006383045?sid=102
서울대학교,아시아투데이,"[2026국감] 수시 '먹통' 결국 국가가 맡나…최교진 ""공공 원서접수 검토...","사태와 '서울대 10개 만들기', 청소년 자살 문제, 수능 서·논술형 평가 도입 등이 집중적으로 도마 위에... 교육부와 한국대학교육협의회(대교협), 대행사는 마감시간을 오후 7시까지 연장했다. 마감시간을 연장한 100개...",2026-10-07 16:08,https://www.asiatoday.co.kr/kn/view.php?key=20261007010002190,https://www.asiatoday.co.kr/kn/view.php?key=20261007010002190
연세대학교,테크홀릭,"신한은행, 연세대학교 기술지주회사와 혁신기술 스타트업 성장 지원","신한은행(은행장 정상혁)은 지난 6일 서울 서대문구 연세대학교 본관에서 연세대학교 기술지주 주식회사... 이번 협약은 대학이 보유한 우수 연구성과와 기술의 사업화를 촉진하고, 성장 가능성이 높은 혁신기업을 공동...",2026-10-07 16:08,http://www.techholic.co.kr/news/articleView.html?idxno=223164,http://www.techholic.co.kr/news/articleView.html?idxno=223164
고려대학교,NSPNA,"한은, 국제금융 부총재보 두 달 만에 채웠다…최영주 선임·경제연구원...",고려대 경제학과를 졸업하고 1997년 한은에 입행해 금융시장국과 통화정책국 등 정책 부서에서 오래 근무하며... 윤 내정자는 고려대 경제학과를 졸업하고 미국 오하이오주립대에서 박사학위를 받았다. 윤 내정자는 1998년...,2026-10-07 16:08,https://www.nspna.com/news/?mode=view&newsid=830868,https://www.nspna.com/news/?mode=view&newsid=830868
고려대학교,코메디닷컴,“루게릭병으로 떨어진 운동능력 되살렸다”⋯국내 연구진이 찾은 ‘물...,"고려대 안산병원 신경외과 김명지 교수와 고려대 의과대학 융합의학교실 박해철 교수, 제브라피쉬 중개의학연구소 서용보 교수 연구팀은 루게릭병 동물모델을 개발하고 이를 이용해 트리벤질아민(Tribenzylamine·TBA)을...",2026-10-07 16:08,https://kormedi.com/?p=2880068,https://n.news.naver.com/mnews/article/296/0000105667?sid=102
연세대학교,아주경제,"與, 공수처 개편 움직임...수사 대상 '판검사'로 축소해 내실화","한상훈 연세대 법학전문대학원 교수는 ""국가의 거대한 조직을 성급하게 바꾸면 안 된다. 중수청이 정치적 중립성과 공정성에서 공수처보다 뛰어나다고 보느냐""고 물었고, 김영중 한국형사·법무정책연구원 연구위원은...",2026-10-07 16:06,https://www.ajunews.com/view/20261007140658734,https://www.ajunews.com/view/20261007140658734
서울대학교,데일리팜,"응용약물학회, 16일 학술대회...항노화·뇌신경 신약 조명","한국응용약물학회(회장 이충재, 충남대 의대)가 오는 16일 서울대학교 호암교수회관... 경북대학교 세포소기관연구소, 동국대학교 생체분자화학연구소, 숙명여자대학교 근육피지옴 연구센터, 아주대학교...",2026-10-07 16:06,https://www.dailypharm.com/user/news/343179?REFERER=NP,https://www.dailypharm.com/user/news/343179?REFERER=NP
서울대학교,한스경제,"리사 수, 삼성과 7개월 만에 재회…HBM 넘어 파운드리 '촉각'",/ 연합뉴스 | 서울=한스경제 김진영 기자 | 리사 수 AMD 회장 겸 최고경영자(CEO)가 방한을 계기로 한국과... AMD는 망고부스트와 클라우드 구축 협력을 시작했고 최근 서울대학교 AI연구원과도 MOU를 체결했다....,2026-10-07 16:06,http://www.hansbiz.co.kr/news/articleView.html?idxno=870831,http://www.hansbiz.co.kr/news/articleView.html?idxno=870831
서울대학교,한경매거진,"이정동 서울대 교수 ""AI 변혁기, 기업 사업계획도 새로운 질문에서 출발...",휴넷은 지난 10월 1일 그랜드 인터컨티넨탈 서울 파르나스에서 사업계획을 주제로 ‘휴넷CEO 포럼–포사이트 코리아 2027’을 개최했다고 밝혔다. 기조강연을 맡은 이정동 서울대학교 교수는 ‘그랜드 퀘스트: 모방의...,2026-10-07 16:06,https://magazine.hankyung.com/money/article/202610078771c,https://magazine.hankyung.com/money/article/202610078771c
고려대학교,아시아경제,"유인환 거창군체육회장, 도민체전 유치 꿈 현실로… 이제 성공 개최 준...",수원FC가 거창에서 2년간 전지 훈련을 실시했을 당시 K3·K4 리그 팀과 대학 축구부 9개 팀 등이 함께 연습경기를 진행하면서 약 400명이 지역을 찾았다. 여자축구에서도 고려대학교 여자축구부를 시작으로 초·중·고교...,2026-10-07 16:05,https://view.asiae.co.kr/article/2026100716055127376,https://n.news.naver.com/mnews/article/277/0005825809?sid=102
서울대학교,글로벌이코노믹,"HD현대중공업 등 12개 기관, 해양 SMR 기술 실증센터 출범",HD현대중공업·HD한국조선해양·한국전력기술·현대건설·한국선급·현대중공업터보기계·클래드코리아·울산테크노파크·울산과학기술원(UNIST)·서울대학교·한국과학기술원(KAIST)·한양대학교 등 12개 기업·기관...,2026-10-07 16:04,https://www.g-enews.com/view.php?ud=20261007155948398224debea800_1,https://www.g-enews.com/view.php?ud=20261007155948398224debea800_1
연세대학교,글로벌이코노믹,"신한은행, 연세대 기술지주와 혁신 스타트업 성장 지원 ‘맞손’",협약식에는 이종구 신한은행 영업추진1그룹장과 홍종일 연세대학교 기술지주 대표 등 양 기관 관계자들이 참석했다. 이번 협약은 대학이 보유한 연구성과와 기술의 사업화를 촉진하고 성장 가능성이 있는 혁신기업을...,2026-10-07 16:04,https://www.g-enews.com/view.php?ud=202610071559011155bb91c46fcd_1,https://www.g-enews.com/view.php?ud=202610071559011155bb91c46fcd_1
고려대학교,중도일보,"세종시, 2032년 전국체전 유치 선언… 행정수도 도약","2027년 충청권 하계세계대학경기대회의 분산 운영을 참고해 기존 시설 활용과 지역 상생을 도모하자는... 한편, 이날 포럼은 세종미디어네트가 주최하고, 세종시체육회, 고려대 산학교육센터, RISE사업단 등이 후원했다....",2026-10-07 16:04,https://www.joongdo.co.kr/web/view.php?key=20261007010001784,https://www.joongdo.co.kr/web/view.php?key=20261007010001784
서울대학교,뷰어스,[최수영의 보험법률] 보험료 할인보다 먼저 따져야 할 것…나는 무엇에...,"■ 필자 최수영 변호사는 법무법인 정윤 소속으로 서울대 정치학과를 졸업했다. 사법시험 39회(연수원 29기), 금융감독원 분쟁조정위원회 전문위원(현), 근로복지공단 서울북부 업무상질병판정위원회 위원(현)...",2026-10-07 16:04,https://theviewers.co.kr/View.aspx?No=4254970,https://theviewers.co.kr/View.aspx?No=4254970
고려대학교,SIDAE,최영주 한은 부총재보 임명…국제금융 담당,"1972년생인 최 신임 부총재보는 전주신흥고와 고려대 경제학과를 졸업하고 미국 미시간주립대에서 경제학 석사 학위를 받았다. 한국은행 관계자는 ""최 신임 부총재보는 국내외 금융시장에 대한 폭넓은 이해와 참신한...",2026-10-07 16:03,https://www.sidae.com/article/2026100714195333187,https://n.news.naver.com/mnews/article/417/0001160311?sid=101
서울대학교,뉴스1,세종 공동캠퍼스 취지 맞지 않게 운영…공동과목 운영 안해,"2024년 개교한 캠퍼스에는 서울대 행정대학원, KDI 국제정책대학원, 충북대 수의학과, 한밭대 인공지능소프트웨어학과 등이 입주해 있다. 그러나 설립 취지와 달리 대학 간 공동 개설 과목은 없고, 학생들이 입주 대학...",2026-10-07 16:02,https://www.news1.kr/local/sejong-chungbuk/6313227,https://n.news.naver.com/mnews/article/421/0009215413?sid=102
연세대학교,더퍼스트미디어,"신한은행, 연세대 기술 스타트업 키운다…발굴부터 투자까지","사진=신한은행 신한은행이 연세대학교가 보유한 연구·기술을 기반으로 한 스타트업을 발굴하고 투자와 금융, 보육 프로그램을 연계한다. 대학의 기술사업화 역량과 금융그룹의 투자 인프라를 연결해 초기 창업기업의...",2026-10-07 16:02,http://www.thefirstmedia.net/news/articleView.html?idxno=210331,http://www.thefirstmedia.net/news/articleView.html?idxno=210331
고려대학교,연합인포맥스,"최영주 신임 한은 국제담당 부총재보 ""외환시장 안정 매우 중요""","최 부총재보는 1972년생으로 고려대 경제학과를 졸업하고 1997년 한국은행에 입행했다. 미시간주립대에서 경제학 석사학위를 받았다. 금융시장국과 통화정책국, 지속가능성장실 등을 거쳐 지난 8월 금융시장국장에...",2026-10-07 16:02,https://news.einfomax.co.kr/news/articleView.html?idxno=4438159,https://news.einfomax.co.kr/news/articleView.html?idxno=4438159
연세대학교,한경매거진,“집단소송 한 건에 존폐 갈린다” 스타트업계 호소,"한석훈 연세대 법무대학원 겸임교수는 집단소송이 청구액을 크게 늘릴 수 있고, 법 시행 이전 사건까지 적용하는 소급 규정은 법적 안정성과 신뢰보호 원칙에 문제가 될 수 있다고 주장했다. 구태언 법무법인 린 변호사는...",2026-10-07 16:02,https://magazine.hankyung.com/job-joy/article/202610078736d,https://magazine.hankyung.com/job-joy/article/202610078736d
서울대학교,DDANZI,[20261007]요약은 더 힘들다 뉴스공장,김의영 서울대 교수는 AI는 정답을 주는 오라클이나 신탁이 아니라 인간에게 질문을 던지는 소크라테스가 되어야 한다며 자칫 AI에게 모든 걸 맡겨버리면 민주주의의 외주화 위험이 있다고 경고했다. 이 대표는 1년에 약...,2026-10-07 16:02,http://www.ddanzi.com/896487979,http://www.ddanzi.com/896487979
서울대학교,전자신문,"[ET시론] 자율주행, 빨리 가려면 안전하게 가야 한다",서울대 경제학과를 졸업하고 같은 대학 행정대학원에서 석사학위를 취득했다. 대통령비서실 선임행정관... 이후 서울대 과학기술미래연구센터 연구위원과 서강대 산학협력중점교수로 활동했다. 올해...,2026-10-07 16:01,https://www.etnews.com/20261007000049,https://n.news.naver.com/mnews/article/030/0003473183?sid=101
연세대학교,데일리안,"안민석, ""남북부 교육격차 해소 위해 남·북부청 독립청으로 운영할 것...","위원회는 연세대 김현철 교수가 위원장을 맡고 가천대, 경인교대 교수 등 5명으로 구성됐으며, AI 교육연구원을 어떤 체계로 만들 것인지, AI 시대에 맞는 교과 편성 등을 고민하게 된다""며 ""내년부터는 학생들의 RAS...",2026-10-07 16:01,https://www.dailian.co.kr/news/view/1698966/?sc=Naver,https://n.news.naver.com/mnews/article/119/0003140514?sid=102
서울대학교,조선일보,부모가 자녀에 “서울대 가면 1억”... 말뿐 아닌 은행 신탁상품 나왔다,"목적 “서울대에 합격하면 1억원을 주겠다.” 부모와 자녀 사이에서 말로 오가던 약속을 은행 계약으로... ‘서울대 합격 시 1억원’처럼 대학 진학을 조건으로 걸거나 성적 향상, 외국어 시험, 자격증 취득 등을 넣을 수...",2026-10-07 16:01,https://www.chosun.com/economy/stock-finance/2026/10/07/TZ7E7XG2QVBODBWLSPD3UFCI6U/?utm_source=naver&utm_medium=referral&utm_campaign=naver-news,https://n.news.naver.com/mnews/article/023/0004002598?sid=101
서울대학교,인더뉴스,"HD현대중공업, 12개 기관과 해양 SMR 실증센터 구축","협약에는 HD현대중공업과 HD한국조선해양을 비롯해 한국전력기술, 현대건설, 한국선급, 현대중공업터보기계, 클래드코리아, 울산테크노파크, 울산과학기술원, 서울대학교, 한국과학기술원(KAIST), 한양대학교 등 12개...",2026-10-07 16:00,https://www.inthenews.co.kr/news/article.html?no=92805,https://www.inthenews.co.kr/news/article.html?no=92805
서울대학교,DELIGHTI,"휴넷, 사업계획 특화 포럼 '포사이트 코리아 2027' 개최…기업 HR 관계자...",포럼은 ▲ 동국대학교 이중학 교수의 'AI 네이티브 HR: 사람을 넘어 하이브리드 리소스의 시대로... 않는가' ▲ 서울대학교 신재용 교수의 '보상의 재설계: 공정한 보상과 정서적 연봉' ▲ SK AX 김민주 팀장의...,2026-10-07 16:00,https://www.delighti.co.kr/news/articleView.html?idxno=122966,https://www.delighti.co.kr/news/articleView.html?idxno=122966
서울대학교,폴리뉴스,"문화, 공동번영·공동성장의 미래 이끈다!… 2026 세계경주포럼, 8일 개...",8일 개막식에서는 피에르 루이지 사코 이탈리아 단눈치오 키에티 페스카라 대학교 교수와 앤디 프랫 영국... 오후 '디지털·인공지능(AI)' 분과에서는 이교구 서울대 교수 등이 창작자·산업·제도의 공존 방안을 짚는다....,2026-10-07 16:00,https://www.polinews.co.kr/news/articleView.html?idxno=745129,https://www.polinews.co.kr/news/articleView.html?idxno=745129
연세대학교,중앙일보,"연세대, ‘양자-바이오 이노베이션 포럼’…의료·바이오 활용 논의","송호택 연세대 의과대학 영상의학과 교수, Lewis M. Antill 포스텍 교수, 신성욱 세종대 양자지능정보학과 교수가 연사로 참여했다. 연구 세션에서는 양자 스핀을 활용한 대사 연구와 양자 센서를 활용한 생체정보 분석...",2026-10-07 16:00,https://www.joongang.co.kr/article/25467877,https://n.news.naver.com/mnews/article/025/0003556357?sid=102
서울대학교,서울신문,"광양 시민사회, 백운산 국립공원 지정 추진위 공식 출범","추진위 출범은 백운산의 생물다양성과 희귀 동식물 서식 환경을 보전하고, 서울대학교 남부학술림 중심의... 산이다”며 서울대의 무상 사용 기간 종료 이후 재임대나 재사용을 중단할 것을 요구했다. 지난달 11일에는...",2026-10-07 15:59,https://www.seoul.co.kr/news/publicnews/2026/10/07/20261007500225?wlog_tag3=naver,https://n.news.naver.com/mnews/article/081/0003686883?sid=100
서울대학교,뉴스클레임,[영풍 인사 전망]② 석포·영업망 다시 짠 임원들…전자계열도 제조·DX...,1965년생으로 서울대 법학과를 졸업했고 과거 석포제련소장을 지냈다. 2023년 아르신(비소화수소) 가스 중독... 동서울대를 나온 1974년생 안일섭 이사는 P1C 영업을 맡았다. 구매에서는 계열사 이동이 있었다. 영남대를...,2026-10-07 15:56,https://www.newsclaim.co.kr/news/articleView.html?idxno=3077665,https://www.newsclaim.co.kr/news/articleView.html?idxno=3077665
고려대학교,뉴시스,"고려대, 금융·국방 AI 전환 전략 논의…15일 공개 세미나 개최",이예인 인턴 기자 = 고려대학교 미래성장연구원과 기술경영전문대학원이 한국경제의 후원을 받아 오는 15일 서울 한국프레스센터 19층 기자회견장에서 '인공지능 전환(AX) 전략 공개 세미나'를 연다. 7일 고려대에 따르면...,2026-10-07 15:56,https://www.newsis.com/view/NISX20261007_0003817564,https://n.news.naver.com/mnews/article/003/0014239536?sid=102
연세대학교,뉴스클레임,[영풍 인사 전망]② 석포·영업망 다시 짠 임원들…전자계열도 제조·DX...,김동국 전무는 1966년생으로 연세대 대학원에서 정치학을 전공했고 한국일보 국장석 선임기자를 지냈다. 지난해 상무에서 전무로 승진해 홍보를 맡고 있다. 김 전무가 직급을 올린 뒤에도 고려아연 경영권 분쟁은...,2026-10-07 15:56,https://www.newsclaim.co.kr/news/articleView.html?idxno=3077665,https://www.newsclaim.co.kr/news/articleView.html?idxno=3077665
연세대학교,머니투데이,"소득정보 털린 듀오, ""좋은 배우자가 보상""...쿠팡 '6200억 과징금' 도마","서종희 연세대 법학전문대학원 교수는 ""기업은 개인정보 유출에 대해 반드시 책임을 져야 한다. 다만 유출 정보의 성격, 실제 피해 발생 여부, 기업의 사후 대응 노력 등을 충분히 반영한 결과인지 살펴볼 필요가 있다""고...",2026-10-07 15:55,https://www.mt.co.kr/living/2026/10/08/2026100715223451307,https://n.news.naver.com/mnews/article/008/0005423339?sid=101
연세대학교,신아일보,"구미 학력제고 지원 4개 고교, 우수대학 진학생 2년 새 52.5% 증가","우수대학 진학생이 2년 새 52.5% 증가한 것으로 나타났다. 구미시는 경구고와 구미고, 구미산동고, 현일고... 서울대·연세대·고려대 진학생은 매년 10명 이상을 유지했다. 시는 학교별 여건과 학생 수준에 따라 수준별...",2026-10-07 15:54,https://www.shinailbo.co.kr/news/articleView.html?idxno=5069668,https://www.shinailbo.co.kr/news/articleView.html?idxno=5069668
고려대학교,이투데이,"운석으로 우주를 가르치는 김환철 운석교육 전문 교사, 강화도서 운석 ...",전시회는 10월 10일 오전 11시부터 오후 4시까지 강화도 선원사 고려팔만대장경 박물관에서 열리며 달과 화성... 김환철 교사는 고려대학교에서 이학석사 학위를 받았으며 국제운석학회 정회원으로 활동하면서 운석을...,2026-10-07 15:54,https://www.etoday.co.kr/news/view/2633482,https://www.etoday.co.kr/news/view/2633482
고려대학교,이데일리,"“대주주는 1만원, 나는 2955원?”…같은 주식인데 개미만 소외된 M&A",김우찬 고려대 경영대학 교수는 ‘50%+1주’를 골자로 한 의무공개매수제도에 대해 “일반주주가 가진 60% 중 10%만 대주주와 동등한 대우를 받고 나머지 50%는 차별 대우를 받는다는 것”이라며 “의무공개매수제도...,2026-10-07 15:54,https://www.edaily.co.kr/News/Read?newsId=04424726645610624&mediaCodeNo=257&utm_source=naver&utm_medium=referral&utm_campaign=news_syndication&utm_content=original_article,https://n.news.naver.com/mnews/article/018/0006383015?sid=101
고려대학교,신아일보,"구미 학력제고 지원 4개 고교, 우수대학 진학생 2년 새 52.5% 증가","우수대학 진학생이 2년 새 52.5% 증가한 것으로 나타났다. 구미시는 경구고와 구미고, 구미산동고, 현일고... 서울대·연세대·고려대 진학생은 매년 10명 이상을 유지했다. 시는 학교별 여건과 학생 수준에 따라 수준별...",2026-10-07 15:54,https://www.shinailbo.co.kr/news/articleView.html?idxno=5069668,https://www.shinailbo.co.kr/news/articleView.html?idxno=5069668
서울대학교,아주경제,[누리호 성공] 아이들 환호 속 솟구친 누리호…다중위성 수송 능력 입증,"우주항공청은 서울대 등 국내 항공우주공학과 대학·대학원생, 우주항공청 스페이스캠프에 참가한 고등학생 등 총 8명의 학생을 초청했다. 장정우 한국과학기술원(KAIST) 항공우주공학과 학생은 ""실제로 눈앞에서...",2026-10-07 15:54,https://www.ajunews.com/view/20261007111526278,https://www.ajunews.com/view/20261007111526278
서울대학교,신아일보,"구미 학력제고 지원 4개 고교, 우수대학 진학생 2년 새 52.5% 증가","서울대·연세대·고려대 진학생은 매년 10명 이상을 유지했다. 시는 학교별 여건과 학생 수준에 따라 수준별·심화학습과 학생부 관리, 진학컨설팅 등을 지원하고 있다. 각 학교는 학업 수준과 진로 진단을 토대로...",2026-10-07 15:54,https://www.shinailbo.co.kr/news/articleView.html?idxno=5069668,https://www.shinailbo.co.kr/news/articleView.html?idxno=5069668
고려대학교,머니투데이,점검 늘리고 범위 넓혀도…'자산식별' 안 되면 AI 해킹 못 막는다,"김승주 고려대 정보보호대학원 교수는 ""자산 식별은 보안의 첫 단추고, AI 방어 시스템이 있어도 자산 파악이 안 돼 있으면 적용 대상 자체가 누락될 수 있다""며 ""미국 연방정부 시스템은 주 단위로 자산 정보를...",2026-10-07 15:54,https://www.mt.co.kr/finance/2026/10/08/2026100713033247033,https://n.news.naver.com/mnews/article/008/0005423338?sid=101
연세대학교,서울경제,서울 장애인 치과진료망 넓혔더니…2년간 4만 2000명 이용,"두 병원 모두 서울대학교치과병원이 위탁 운영하며 일반 치과진료와 전신마취 전문진료, 구강보건교육... 중증장애인은 연세대학교 치과병원 내 ‘서울 권역장애인구강진료센터’가 맡는다. 지난해 6월 문을 연 센터는...",2026-10-07 15:53,https://www.sedaily.com/article/20099116?ref=naver,https://n.news.naver.com/mnews/article/011/0004669067?sid=102
서울대학교,머니투데이,AI교육 확대한다더니…정보교사 없는 중학교 163곳,"한 의원은 자폐 스펙트럼과 지적장애가 있는 학생이 특수학교를 찾아 서울에서 강원도로 이사한 사례를 들며 ""특수교육 대상자 학부모들 사이에서는 특수학교 가는 게 서울대학교 가는 것보다 어렵다는 이야기가...",2026-10-07 15:53,https://www.mt.co.kr/politics/2026/10/07/2026100715491545013,https://n.news.naver.com/mnews/article/008/0005423335?sid=100
서울대학교,서울경제,서울 장애인 치과진료망 넓혔더니…2년간 4만 2000명 이용,"두 병원 모두 서울대학교치과병원이 위탁 운영하며 일반 치과진료와 전신마취 전문진료, 구강보건교육... 전신마취가 필요하거나 고난도·희귀난치 질환을 가진 중증장애인은 연세대학교 치과병원 내 ‘서울...",2026-10-07 15:53,https://www.sedaily.com/article/20099116?ref=naver,https://n.news.naver.com/mnews/article/011/0004669067?sid=102
서울대학교,글로벌E,외국인의 눈으로 다시 본 한국…'K팝 너머 판소리·역사까지',"지난 5일 서울 성균관 명륜당·비천당 일원에서 열린 '제1회 재한외국인 과거시험'에는 55개국 출신... 안나 파올라 ""달라졌다기보다는 그냥 더 많이 배웠어요"" 멕시코 출신 안나 파올라는 본인 소개에 따르면 서울대학교...",2026-10-07 15:50,https://www.globale.co.kr/news/articleView.html?idxno=40846,https://www.globale.co.kr/news/articleView.html?idxno=40846
연세대학교,데이터솜,"신한은행, 연세대 기술지주와 기술창업 지원 협력","연세대 기술지주는 대학이 보유한 기술과 연구성과를 바탕으로 사업화 가능성이 있는 예비창업자와 창업기업을 찾는다. 신한은행은 이 가운데 지원 대상 기업에 금융과 투자, 창업보육 프로그램을 연계할 예정이다....",2026-10-07 15:50,https://www.datasom.co.kr/news/articleView.html?idxno=210241,https://www.datasom.co.kr/news/articleView.html?idxno=210241
고려대학교,한겨레,"교수님 눈물로 준비한 ‘동성혼’ 축사…“극히 평범한 결혼, 사랑의 본...","고려대 법대를 나와 영국 런던정경대(LSE) 대학원에서 박사 학위를 한 홍 교수는 법철학, 법사회학, 인권법 등의 전문가다. 한국성소수자연구회 회장, 한국젠더법학회 회장, 인권법학회 회장 등을 맡고 있으며, 저서로는...",2026-10-07 15:50,https://www.hani.co.kr/arti/society/society_general/1281320.html,https://n.news.naver.com/mnews/article/028/0002826409?sid=102
연세대학교,경향신문,‘그래미 2관왕’ 네이트 스미스부터 ‘천재 피아니스트’ 하마시안까...,"23일 서울 연세대학교 백주년기념관 콘서트홀에서는 미국의 색소폰 연주자 조슈아 레드먼의 공연이 열린다. 12년 만의 쿼텟 편성 내한으로, 신보 의 연주를 들을 수 있다. 이외에도 이달 11일에는 일본의...",2026-10-07 15:49,https://www.khan.co.kr/article/202610071549001,https://n.news.naver.com/mnews/article/032/0003474817?sid=103
서울대학교,브레이크뉴스,"구미시, 학력제고 지원사업 성과 가시화...김장호 구미시장, ""공교육 경...","의학계열 진학생 역시 2024년 12명, 2025년 14명, 2026년 16명으로 매년 꾸준히 증가했으며, 서울대·연세대·고려대 진학생도 매년 10명 이상을 유지했다. (우수대학 기준...",2026-10-07 15:48,http://www.breaknews.com/1241486,http://www.breaknews.com/1241486
고려대학교,브레이크뉴스,"구미시, 학력제고 지원사업 성과 가시화...김장호 구미시장, ""공교육 경...","의학계열 진학생 역시 2024년 12명, 2025년 14명, 2026년 16명으로 매년 꾸준히 증가했으며, 서울대·연세대·고려대 진학생도 매년 10명 이상을 유지했다. (우수대학 기준...",2026-10-07 15:48,http://www.breaknews.com/1241486,http://www.breaknews.com/1241486
연세대학교,브레이크뉴스,"구미시, 학력제고 지원사업 성과 가시화...김장호 구미시장, ""공교육 경...","의학계열 진학생 역시 2024년 12명, 2025년 14명, 2026년 16명으로 매년 꾸준히 증가했으며, 서울대·연세대·고려대 진학생도 매년 10명 이상을 유지했다. (우수대학 기준...",2026-10-07 15:48,http://www.breaknews.com/1241486,http://www.breaknews.com/1241486
서울대학교,전국매일신문,"성남시, 베트남서 KAT 2026 개최…국산 의료기기 경쟁력 홍보","제2회 KAT 베트남 라이브 데모 현장 사진(르반틴 병원) 성남시가 사업비를 매칭 투자하고 성남산업진흥원이 주관기관을 맡고 있으며 분당서울대학교병원과 가톨릭대학교 산학협력단, 한국AI의료헬스케어연구원이...",2026-10-07 15:46,https://www.jeonmae.co.kr/news/articleView.html?idxno=1299625,https://www.jeonmae.co.kr/news/articleView.html?idxno=1299625
연세대학교,스포츠서울,"신한은행, 연세대 기술지주와 손잡아…혁신기술 스타트업 ‘스케일업’...",대학이 보유한 기술과 금융·투자 인프라가 만나 혁신기술 스타트업의 성장 지원에 나선다. 신한은행은 지난 6일 서울 서대문구 연세대학교 본관에서 연세대학교 기술지주 주식회사(연대기술지주)와 ‘혁신기술 스타트업...,2026-10-07 15:45,https://www.sportsseoul.com/news/read/1639982?ref=naver,https://n.news.naver.com/mnews/article/468/0001271169?sid=101
서울대학교,머니투데이,"""면역세포를 치료제로 전환""…엠브릭스, 80억 시리즈B 투자유치","서울대기술지주, 아이진, 코리아오메가투자금융, 라이프코어파트너스 등이 참여했다. 엠브릭스는 2022년 32억원 규모의 시리즈A에 이어 이번 투자까지 유치하면서 누적 투자금 112억원을 확보했다. 엠브릭스는 서울대...",2026-10-07 15:45,https://www.mt.co.kr/future/2026/10/07/2026100714553510420,https://n.news.naver.com/mnews/article/008/0005423324?sid=101
고려대학교,서울경제TV,"김동현 고대 안암병원 교수, 안구건조증 신약 후보물질 국내 임상 2상 이...",김동현 고려대학교 안암병원 안과 교수가 개발 총책임을 맡고 있는 안구건조증 신약 후보물질 ‘RCI001’이 본격적인 임상 시험 단계에 돌입했다. 고려대학교 안암병원은 김동현 교수가 개발 총책임을 맡은 안구건조증...,2026-10-07 15:44,https://www.sentv.co.kr/article/view/sentv202610070135,https://www.sentv.co.kr/article/view/sentv202610070135
고려대학교,CNB저널,"고려대, 15일 'AX 전략 공개 세미나' 개최…금융·국방 AI 전환 과제 모...",금융 세션에서는 윤지환 고려대 기술경영전문대학원 부원장이 좌장을 맡고 김장호 교수가 '금융 AI 기술과 R&D의 중요성'을 발표한다. 류혁선 KAIST 경영대학 교수는 금융 AI 기술과 연구개발 방향을 주제로 토론에...,2026-10-07 15:44,https://www.cnbizm.com/news/articleView.html?idxno=317334,https://www.cnbizm.com/news/articleView.html?idxno=317334
서울대학교,매일신문,"""살아만 있어라 기도했죠""… 5년간 만든 위성, 우주서 생존 신호 보냈다","경기북과학고 동문인 양준영(한국항공대), 이상훈·정범준·김현민(DGIST), 이제민(KAIST), 방우찬(서울대), 이태균(GIST) 학생은 대학 진학 후 학교가 흩어진 뒤에도 팀을 유지했다. 한국항공우주연구원이 주관한 큐브위성...",2026-10-07 15:43,https://www.imaeil.com/page/view/2026100715023418616,https://n.news.naver.com/mnews/article/088/0001032852?sid=102
고려대학교,한겨레,한은 국제 담당 부총재보에 최영주…경제연구원장에 윤경수,"윤 내정자는 고려대 경제학과를 졸업하고 미국 오하이오 주립대학교에서 박사 학위를 받았다. 1998년 한은에 입행해 국제국, 금융안정국을 거쳐 잉글랜드은행 시니어 이코노미스트, 정책보좌관, 국제국장을 역임했다....",2026-10-07 15:42,https://www.hani.co.kr/arti/economy/economy_general/1281319.html,https://n.news.naver.com/mnews/article/028/0002826408?sid=101
연세대학교,여성소비자신문,"금융권, 한국 문화체험 프로그램 후원·연세대 기술지주와 혁신 스타트...","KB금융이 한글날 제정 100돌을 맞아 한국 문화체험 프로그램을 후원하는 한편, 신한은행은 연세대학교... 이번 협약은 대학이 보유한 우수 연구성과와 기술의 사업화를 촉진하고, 성장 가능성이 높은 혁신기업을 공동...",2026-10-07 15:42,http://www.wsobi.com/news/articleView.html?idxno=319342,http://www.wsobi.com/news/articleView.html?idxno=319342
고려대학교,전자신문,[뉴스줌인] 안방 위협하는 글로벌 플랫폼…자본력과 기술력 앞세워 거센...,이성엽 고려대 기술경영전문대학원 교수는 “국내 플랫폼은 AI를 기존 서비스에 덧붙이는 수준을 넘어 이용자의 검색·비교·예약·결제를 한 번에 해결하는 에이전트로 가야 한다”면서 “정부는 규제의 예측...,2026-10-07 15:41,https://www.etnews.com/20261007000299,https://n.news.naver.com/mnews/article/030/0003473158?sid=101
연세대학교,서울경제,안민석 “교권 회복이 경기교육 대전환의 출발점”,"김현철 연세대 교수가 위원장을 맡은 위원회는 AI 시대에 맞는 교육과정 재설계, AI 교육연구원 설립, 라스 활동 성장기록 플랫폼 등을 논의할 예정이다. 사교육비 절감도 향후 과제로 제시됐다. 그는 “학원 선생님들보다...",2026-10-07 15:41,https://www.sedaily.com/article/20099107?ref=naver,https://n.news.naver.com/mnews/article/011/0004669058?sid=102
서울대학교,금강일보,러시아 페스트 유출 의심... '흑사병' 증상·치료법은?,"서울대학교병원에 따르면 겐타마이신, 스트렙토마이신, 독시사이클린, 레보플록사신, 클로람페니콜 등이 치료에 사용될 수 있으며, 발병 초기에 치료를 시작하는 것이 중요하다. 특히 치료가 지연될 경우 패혈증으로...",2026-10-07 15:40,https://www.ggilbo.com/news/articleView.html?idxno=1185727,https://www.ggilbo.com/news/articleView.html?idxno=1185727
연세대학교,포인트데일리,"신한은행, 연세대 기술지주와 혁신 스타트업 지원 협약",홍종일 연세대학교 기술지주회사 대표가 기념촬영하고 있다. 사진=신한은행  신한은행이 대학이 보유한 우수 연구 성과의 사업화를 촉진하고 성장 가능성이 높은 유망 기업을 선제적으로 발굴하기 위해 적극적인 행보에...,2026-10-07 15:40,https://www.pointdaily.co.kr/news/articleView.html?idxno=321552,https://www.pointdaily.co.kr/news/articleView.html?idxno=321552
서울대학교,쿠키뉴스,전북대 총장 선거 앞두고 되풀이되는 갈등 격화,"AI 대전환에 따른 대학 교육과 연구 방향의 재정립과 국가균형발전의 일환인 ‘서울대 10개 만들기’ 재도전, 남원 글로컬캠퍼스의 안착, 불합리한 학사구조의 개편, 외국인 유학생 5000명 유치와 정주 여건 조성이 핵심인...",2026-10-07 15:40,https://www.kukinews.com/article/view/kuk202610070185,https://www.kukinews.com/article/view/kuk202610070185
고려대학교,한국금융신문,[프로필] 최영주 한국은행 국제금융·협력 담당 부총재보,"1997년 한은 입행 후 실무 경험 축적 최영주 신임 부총재보는 1972년생으로, 전주신흥고, 고려대 경제학과를... ◇ 출생 ▲ 1972년생 ◇ 학력 ▲ 전주신흥고등학교 졸업 ▲ 고려대 경제학과 졸업 ▲ Michigan State Univ. 졸업...",2026-10-07 15:38,https://www.fntimes.com/html/view.php?ud=202610071527434726179ad43907_18,https://www.fntimes.com/html/view.php?ud=202610071527434726179ad43907_18
서울대학교,한국정경신문,"HD현대重, SMR 기술 검증에 속도..12개 기관과 SMR 해양 기술 실증센터 ...",협약에는 HD현대중공업과 HD한국조선해양 한국전력기술 현대건설 한국선급 현대중공업터보기계 클래드코리아 울산테크노파크 울산과학기술원 서울대학교 한국과학기술원(KAIST) 한양대학교 등 총 12개 기관이...,2026-10-07 15:36,https://kpenews.com/View.aspx?No=4255148,https://kpenews.com/View.aspx?No=4255148
서울대학교,뉴시스,"최교진 ""'서울대 10개' 사업, 내년 2개 대학 추가 지원""","최교진 교육부 장관이 7일 '서울대 10개 만들기' 사업과 관련해 ""내년에도 2곳 이상의 지역(대학)을 추가 지원하는 방안을 추진하겠다""고 밝혔다. 최 장관은 이날 국회 교육위원회 국정감사에서 '서울대 10개 만들기' 사업의...",2026-10-07 15:36,https://www.newsis.com/view/NISX20261007_0003817621,https://n.news.naver.com/mnews/article/003/0014239487?sid=102
연세대학교,매일일보,"[기획] 금리·규제·세제 삼중 압박에 전세, '구조적 월세화'","고준석 연세대 상남경영원 교수는 ""서울 전지역이 토허구역으로 묶이고 비거주 1주택자에 대한 과세 강화 등으로 실거주 의무가 부과되면서 전세 물량이 줄어들고 있다""며 ""공급에도 시차가 존재하기 때문에 전셋값...",2026-10-07 15:36,https://www.m-i.kr/news/articleView.html?idxno=2003581,https://www.m-i.kr/news/articleView.html?idxno=2003581
연세대학교,매일경제,"“집단소송법, 스타트업 생존 위협…방어권 보완해야”","한석훈 연세대 법무대학원 겸임교수는 최근 논의되고 있는 옵트 아웃 방식의 경우 소송에 참여하지 않은 피해자까지 판결에 구속돼 개인의 재판청구권을 침해할 우려가 있고, 집단 규모와 청구액·기판력이 크게 확대돼...",2026-10-07 15:36,https://www.mk.co.kr/article/12170475,https://n.news.naver.com/mnews/article/009/0005745327?sid=101
서울대학교,뉴스핌,"[2026 국감] ""서울대 10개 만들기, 내년 2곳 이상 추가…수능 서·논술형...",최교진 교육부 장관이 7일 오전 서울 여의도 국회 교육위원회에서 열린 교육부 등에 대한 국정감사에서 업무보고를 하고 있다. 2026.10.07 mironj19@newspim.com 서울대 10개 만들기는 지역 거점국립대에 대한 투자를 확대해 교육...,2026-10-07 15:35,https://www.newspim.com/news/view/20261007001191,https://www.newspim.com/news/view/20261007001191
고려대학교,메디컬투데이,세계 병원계 서울로…90개국 2000명 모이는 IHF 세계병원대회,"서울성모병원과 고려대학교 안암병원, 국립암센터, 국민건강보험 일산병원, 삼성서울병원, 서울대학교병원, 서울아산병원, 세브란스병원, 이대서울병원 등 총 15개 의료기관이 참여한다. 병원투어에는 해외 참가자...",2026-10-07 15:34,https://www.mdtoday.co.kr/news/articleView.html?idxno=617671,https://www.mdtoday.co.kr/news/articleView.html?idxno=617671
고려대학교,인천투데이,"인천시, 바이오과학기술원 설립 본격화··· 글로벌 한인 생명과학자협...",협약식에는 김성중 행정부시장과 글로벌 한인 생명과학자협회 리시연 대표위원(고려대 교수) 등이 참석했다. 이번 협약은 민선 9기 인천시의 핵심 공약인 '인천바이오과학기술원' 설립 기반 마련에 맞춰 글로벌 고급 연구...,2026-10-07 15:34,https://www.incheontoday.com/news/articleView.html?idxno=324592,https://www.incheontoday.com/news/articleView.html?idxno=324592
서울대학교,메디컬투데이,세계 병원계 서울로…90개국 2000명 모이는 IHF 세계병원대회,"서울성모병원과 고려대학교 안암병원, 국립암센터, 국민건강보험 일산병원, 삼성서울병원, 서울대학교병원, 서울아산병원, 세브란스병원, 이대서울병원 등 총 15개 의료기관이 참여한다. 병원투어에는 해외 참가자...",2026-10-07 15:34,https://www.mdtoday.co.kr/news/articleView.html?idxno=617671,https://www.mdtoday.co.kr/news/articleView.html?idxno=617671
서울대학교,파이낸셜포스트,'셔틀콕 전설' 안세영·청정에너지 개척 김도형… 제7회 '포니정 영리더...,"펜실베이니아대학교 화학·생체분자공학과 교수를 선정했다고 7일 밝혔다. 포니정 영리더상은 1974년 한국... 서울대 졸업 후 UC버클리에서 박사학위를 받았으며, 약 1만 5000건의 논문 인용 횟수를 기록했다. 지난해...",2026-10-07 15:32,https://www.financialpost.co.kr/news/articleView.html?idxno=279184,https://www.financialpost.co.kr/news/articleView.html?idxno=279184
고려대학교,글로벌이코노믹,"한국은행, 국제 담당 부총재보 최영주 임명…경제연구원장 윤경수 내정","윤 원장 내정자는 고려대 경제학과를 졸업하고 미국 오하이오 주립대학교에서 박사 학위를 받았다. 1998년 한은에 입행해 국제국, 금융안정국 등을 거쳐 잉글랜드은행 시니어 이코노미스트, 정책보좌관, 국제국장 등을...",2026-10-07 15:32,https://www.g-enews.com/view.php?ud=202610071505411944bb91c46fcd_1,https://www.g-enews.com/view.php?ud=202610071505411944bb91c46fcd_1
고려대학교,미디어펜,"""카카오모빌리티, 그룹 미래 성장축으로""… 피지컬 AI 영토 확장","카카오모빌리티는 고려대학교 C5ISRT융합연구원과 국방 AI 분야 연구·사업 협력을 위한 업무협약을 맺고 드론과 다족보행로봇, 무인지상차량(UGV) 등 무인 장비를 통합 운영하는 기술을 개발하고 있다. 핵심은 종류와...",2026-10-07 15:32,https://www.mediapen.com/news/view/1128415,https://www.mediapen.com/news/view/1128415
연세대학교,서울신문,"與, 공수처 수사 대상 축소 추진…“권력형 범죄 대응 후퇴” 우려도",한상훈 연세대 법학전문대학원 교수는 “공수처 수사대상 축소는 부정부패라든가 권력형 범죄에 대한 대응 체계에 있어서 심각한 후퇴가 될 수 있다”라며 “공수처가 미흡한 점이 있더라도 권한을 박탈하기보다는 반대로...,2026-10-07 15:32,https://www.seoul.co.kr/news/politics/2026/10/07/20261007500203?wlog_tag3=naver,https://n.news.naver.com/mnews/article/081/0003686859?sid=100
서울대학교,뉴스클레임,국회 복지위 국감 증인 출석 명단 살펴보니 대표이사 회장 빠지고…,1963년생으로 광주 송원고등학교와 서울대학교 경영학과를 졸업해 1991년 DB생명의 전신인... 이 원장은 고려대학교 의과대학 및 서울 서북병원장을 거쳐 2023년 7월 서울의료원에 취임했다. 그는 흉부외과 및...,2026-10-07 15:30,https://www.newsclaim.co.kr/news/articleView.html?idxno=3077674,https://www.newsclaim.co.kr/news/articleView.html?idxno=3077674
고려대학교,뉴스클레임,국회 복지위 국감 증인 출석 명단 살펴보니 대표이사 회장 빠지고…,1976년생으로 동국대 독어독문학과와 미국 샌디에이고대학교 경영대학원을 졸업한 뒤 2003년부터 경영... 이 원장은 고려대학교 의과대학 및 서울 서북병원장을 거쳐 2023년 7월 서울의료원에 취임했다. 그는 흉부외과...,2026-10-07 15:30,https://www.newsclaim.co.kr/news/articleView.html?idxno=3077674,https://www.newsclaim.co.kr/news/articleView.html?idxno=3077674
연세대학교,뉴스클레임,국회 복지위 국감 증인 출석 명단 살펴보니 대표이사 회장 빠지고…,금기창 연세의료원장은 허종식 더불어민주당 국회의원의 소환을 받아 2026년 10월 27일 국정감사대에 선다.... 금 원장은 1988년 연세대학교 의과대학 의학과를 졸업했다. 이후 아주대학교와 원광대학교에서 의학 석사...,2026-10-07 15:30,https://www.newsclaim.co.kr/news/articleView.html?idxno=3077674,https://www.newsclaim.co.kr/news/articleView.html?idxno=3077674
고려대학교,교수신문,"2025 노벨화학상 기타가와 교수, 고려대 특별강연…""MOF 혁신과 기체의...",기타가와 교수는 지난 1일 고려대 본교 대강당 김양현홀에서 열린 제12회 Next Intelligence Forum(NIF) 특별강연에서 '지속 가능하고 건강한 미래를 위한 분자 공간 설계'를 주제로 강연했다. NIF는 고려대 개교 120주년을...,2026-10-07 15:30,https://www.kyosu.net/news/articleView.html?idxno=210967,https://www.kyosu.net/news/articleView.html?idxno=210967
연세대학교,농민신문,"경북 영천 고경농협, ‘농촌왕진버스 운영’ 운영","또한 연세대 스포츠재활연구소 전문가들의 근골격계 운동요령과 서울 소재 그랑프리 안경원의 검안 및 맞춤형 돋보기 제공, 영천시 치매안심센터의 기억력 검진, 영천시의 지적·세무·농지 민원까지 다양한 서비스를...",2026-10-07 15:29,https://www.nongmin.com/article/20261007500170,https://n.news.naver.com/mnews/article/662/0000105699?sid=102
고려대학교,농민신문,"한은, 국제금융·협력 담당 부총재보에 최영주…경제연구원장 윤경수 내...",윤 내정자는 고려대 경제학과를 졸업하고 미국 오하이오 주립대학교에서 경제학 박사 학위를 받았다. 1998년 한은에 입행한 뒤 국제국과 금융안정국 등을 거쳤으며 영란은행에서 시니어 이코노미스트와 정책보좌관으로...,2026-10-07 15:29,https://www.nongmin.com/article/20261007500306,https://n.news.naver.com/mnews/article/662/0000105698?sid=101
연세대학교,비욘드포스트,"""가족력부터 정밀의료까지""…을지대 설재웅 교수, '유전자를 알면 장수...",저자인 설재웅 교수는 연세대학교에서 보건학 박사학위를 취득하고 미국 존스홉킨스대학교 블룸버그 보건대학원 박사후연구원을 거쳐 2024~2025년 미국 콜로라도대학교 보건대학원 방문교수로 연구를 수행했다. 현재...,2026-10-07 15:28,http://www.beyondpost.co.kr/view.php?ud=20261007151607281892e75d13a3_30,http://www.beyondpost.co.kr/view.php?ud=20261007151607281892e75d13a3_30
연세대학교,이데일리,"'대통령·의원' 수사대상 제외? 공수처 개편안 두고 ""심각한 후퇴"" 비판",한상훈 연세대 법학전문대학원 교수도 “우리나라의 권력형 범죄에 대한 대응 체계에 있어서 심각한 후퇴가 될 수 있다는 걱정이 크다”고 비판했다. 한 교수는 “사법은 공정해야 할 뿐만 아니라 공정하게 보여야 한다는...,2026-10-07 15:28,https://www.edaily.co.kr/News/Read?newsId=04293526645610624&mediaCodeNo=257&utm_source=naver&utm_medium=referral&utm_campaign=news_syndication&utm_content=original_article,https://n.news.naver.com/mnews/article/018/0006382993?sid=100
고려대학교,한국금융신문,"한국은행, 국제담당 부총재보에 최영주…경제연구원장에 윤경수","신임 최영주 부총재보는 1972년생으로, 전주신흥고, 고려대 경제학과를 졸업했다. Michigan State Univ. 경제학 석사를 받았다. 1997년 한은 입행 후 금융시장국, 통화정책국 등 정책부서에서 오랜기간 근무하면서 국내외...",2026-10-07 15:24,https://www.fntimes.com/html/view.php?ud=202610071504452686179ad43907_18,https://www.fntimes.com/html/view.php?ud=202610071504452686179ad43907_18
연세대학교,미디어펜,"""소급적용·옵트아웃 집단소송법, 한국 기업에 '회복 불가 강펀치' 될 것...","한석훈 연세대 법무대학원 겸임교수는 ""미국식 옵트아웃 방식은 고비용 구조 속에 피해자보다 전문 로펌의 수익 추구 수단으로 악용될 위험이 크다""며 ""사적 제재와 소송 경험이 축적된 해외 전문 로펌들이 국내 법조...",2026-10-07 15:24,https://www.mediapen.com/news/view/1128335,https://www.mediapen.com/news/view/1128335
연세대학교,뉴시스,"신한은행, 연세대 기술지주와 '혁신 스타트업' 성장 지원","신한은행은 연세대학교 기술지주 주식회사와 혁신기술 스타트업 성장 지원을 위한 전략적 파트너십... 이종구 신한은행 영업추진1그룹장은 ""앞으로도 대학, 기술지주와의 협력을 확대해 성장 가능성이 높은 기업을...",2026-10-07 15:23,https://www.newsis.com/view/NISX20261007_0003817608,https://n.news.naver.com/mnews/article/003/0014239378?sid=101
서울대학교,신아일보,"창원특례시, 제21회 문화다양성축제 MAMF 23~25일 개최",문화다양성 정책에 대한 논의도 강화해 기존 문화다양성 아이디어 공모전을 서울대학교와 공동 운영하는 '문화다양성 정책연구 발표 학술제'로 확대한다. 외국인근로자를 위한 '외국인 찾아가는 일자리 상담 부스'도...,2026-10-07 15:22,https://www.shinailbo.co.kr/news/articleView.html?idxno=5069620,https://www.shinailbo.co.kr/news/articleView.html?idxno=5069620
서울대학교,팜뉴스,"응용약물학회, 16일 추계학술대회 개최... 항노화·뇌신경계 신약 개발...",한국응용약물학회는 오는 10월 16일 서울 관악구 서울대학교 호암교수회관 삼성컨벤션센터에서... 기조강연에서는 김종필 동국대학교 화학과 교수가 '노화 및 신경계 질환 역전을 위한 세포 리프로그래밍...,2026-10-07 15:22,https://www.pharmnews.com/news/articleView.html?idxno=306742,https://www.pharmnews.com/news/articleView.html?idxno=306742
연세대학교,금강일보,"우송대, 국제화 역량 3년 연속 국내 1위","우송대 제공 우송대학교가 영국의 글로벌 대학평가기관인 '타임스고등교육(THE)'이 발표한 '2027 THE... 경영대학, 연세대 경영대학, 성균관대 GSB에 이어 국내 4위를 기록하며 국제적 비즈니스 교육기관으로서의 입지를...",2026-10-07 15:22,https://www.ggilbo.com/news/articleView.html?idxno=1185717,https://www.ggilbo.com/news/articleView.html?idxno=1185717
연세대학교,CCDAILYNEWS,의료기기 실증 수도권 쏠림 대전 기업의 먼 길,"정부 지정 의료기기 특성화대학원 3곳은 연세대·성균관대·동국대에 모두 있다. 연구개발부터 임상 검증, 사업화와 인력 양성이 한 지역에서 이어져야 기업의 시간·비용 부담을 줄일 수 있다는 지적이 나온다. 미국은...",2026-10-07 15:22,https://www.ccdailynews.com/news/articleView.html?idxno=2445115,https://www.ccdailynews.com/news/articleView.html?idxno=2445115
연세대학교,쿠키뉴스,“지역이 주도하는 R&D 체계 전환”…테크노파크 역할 강화 모색,"문일 연세대학교 교수를 중심으로 고영주 한국화학연구원 전문경영위원, 김선우 세종대학교 교수, 이송인... 특히 지역주도 R&D 체계가 실질적으로 작동하기 위해서는 지역의 기업·대학·연구기관을 연결하고 R&D 기획부터...",2026-10-07 15:22,https://www.kukinews.com/article/view/kuk202610070171,https://www.kukinews.com/article/view/kuk202610070171
고려대학교,금강일보,"우송대, 국제화 역량 3년 연속 국내 1위","우송대 제공 우송대학교가 영국의 글로벌 대학평가기관인 '타임스고등교육(THE)'이 발표한 '2027 THE... 순위'에서 고려대 경영대학, 연세대 경영대학, 성균관대 GSB에 이어 국내 4위를 기록하며 국제적 비즈니스...",2026-10-07 15:22,https://www.ggilbo.com/news/articleView.html?idxno=1185717,https://www.ggilbo.com/news/articleView.html?idxno=1185717
서울대학교,국제신문,"국내 조선·원자력산업계·학계, 해양 SMR(소형모듈원자로) 기술 실증과...","이 실증센터는 HD현대중공업, HD한국조선해양, 한국전력기술, 현대건설, 한국선급, 현대중공업터보기계, 클래드코리아, 울산테크노파크, 울산과학기술원, 서울대학교, 한국과학기술원(KAIST), 한양대학교 등 12개 기관이...",2026-10-07 15:19,http://www.kookje.co.kr/news2011/asp/newsbody.asp?code=0200&key=20261007.99099001803,https://n.news.naver.com/mnews/article/658/0000157755?sid=101
서울대학교,뉴스핌,"창원시, '문화다양성축제 MAMF 2026' 23일 팡파르…글로벌 문화 교류 강...",문화다양성 아이디어 공모전은 서울대학교와 공동 운영하는 '문화다양성 정책연구 발표 학술제'로 전환한다. 문화다양성에 관한 아이디어를 정책과 학술 차원에서 논의하는 자리다. 외국인근로자를 위한 '외국인...,2026-10-07 15:18,https://www.newspim.com/news/view/20261007001144,https://www.newspim.com/news/view/20261007001144
고려대학교,매일신문,박상현 경북도 대변인 취임…정무·소통라인 재편 마무리,"뒤 고려대에서 국제경영학 석사, 영남대에서 정치외교학 박사 학위를 받았다. 1993년 윤영탁 국회의원실 비서를 시작으로 국회사무총장실 비서관을 지냈으며 이후 대경대학교 경찰행정과 학과장, 비서실장...",2026-10-07 15:17,https://www.imaeil.com/page/view/2026100708195235665,https://n.news.naver.com/mnews/article/088/0001032827?sid=102
연세대학교,TV조선,"'어정쩡한' 공수처 손본다는 與…김기표 ""판검사·경찰, 어떤 범죄든 수...","한상훈 연세대 로스쿨 교수는 “중수청은 행정안전부 장관 산하에 있고, 장관의 지휘를 받게 돼 있다”며 “중수청이 행안부 장관의 비리 의혹을 엄정하게 수사할 수 있겠느냐”고 지적했다. 이어 “공수처가 살아 있는...",2026-10-07 15:16,https://news.tvchosun.com/site/data/html_dir/2026/10/07/2026100790161.html,https://n.news.naver.com/mnews/article/448/0000643560?sid=100
고려대학교,비건뉴스,한은 부총재보에 최영주 임명…윤경수 원장 내정,"윤 내정자는 고려대 경제학과를 졸업하고 미국 오하이오 주립대학교에서 경제학 박사 학위를 받았다. 1998년 한국은행에 입행해 국제국과 금융안정국 등을 거쳤으며, 영란은행 선임 이코노미스트와 정책보좌관...",2026-10-07 15:16,https://www.vegannews.co.kr/news/article.html?no=391588,https://www.vegannews.co.kr/news/article.html?no=391588
고려대학교,뉴시스,"""AI 해킹 무서운데 망 풀어도 되나""…시험대 오른 망 분리 완화 정책","김승주 고려대 정보보호대학원 교수는 ""국가 안보와 직결되는 중요 정보와 시스템처럼 강력한 망 분리가 필요한 영역은 분명히 존재하지만, 문제는 위험의 정도와 데이터 중요성을 충분히 구분하지 않은 채 망 분리를...",2026-10-07 15:16,https://www.newsis.com/view/NISX20261006_0003816013,https://n.news.naver.com/mnews/article/003/0014239325?sid=105
서울대학교,스마트비즈엔,'세계 1위' 안세영·'차세대 과학자' 김도형···포니정 영리더상 수상,서울대학교 재료공학부를 졸업한 뒤 미국 UC버클리에서 재료공학 박사학위를 받았다. 이후 스탠퍼드대학교... 올해 수상식은 다음달 25일 서울 삼성동 아이파크타워 포니정홀에서 열린다. 두 수상자에게는 각각...,2026-10-07 15:16,https://www.smartbizn.com/news/articleView.html?idxno=155820,https://www.smartbizn.com/news/articleView.html?idxno=155820
연세대학교,비즈월드,"신한은행, 연대기술지주와 협약…혁신기술 스타트업 성장 지원",협약식은 지난 6일 서울 서대문구 연세대학교 본관에서 열렸다. 이종구 신한은행 영업추진1그룹장과 홍종일 연대기술지주 대표 등 양 기관 주요 관계자들이 참석했다. 7일 신한은행에 따르면 이번 협약은 대학이 보유한...,2026-10-07 15:16,http://www.bizwnews.com/news/articleView.html?idxno=148276,http://www.bizwnews.com/news/articleView.html?idxno=148276
연세대학교,한국강사신문,"연세대학교, AI중심대학·AX대학원 공동 출범…AI 인재 양성 체계 구축","대학과 정부, 산업계가 AI 교육 혁신과 인재 양성을 위해 협력하겠다는 의지를 공유하는 자리로 마련됐다. 윤동섭 연세대 총장은 축사를 통해 AI 시대 대학 교육이 단순히 기술을 활용하는 수준을 넘어 스스로...",2026-10-07 15:16,https://www.lecturernews.com/news/articleView.html?idxno=211615,https://www.lecturernews.com/news/articleView.html?idxno=211615
서울대학교,에이블뉴스,4년간 특수교육 대상자 2만명 증가했지만 특수학교 증가 7곳 뿐,"찾아 서울에서 강원도로 이사하면서 동네에서 8년간 사귄 친구들과 헤어져야 했다. 한병도 의원은 ""특수교육 대상자 학부모들 사이에서 특수학교에 가는 것이 서울대학교에 가는 것보다 어렵다는 이야기가 공공연히...",2026-10-07 15:14,https://www.ablenews.co.kr/news/articleView.html?idxno=233748,https://www.ablenews.co.kr/news/articleView.html?idxno=233748
서울대학교,프레시안,"강경숙, 교육부 국감서 '전북 교육 뇌관' 정조준… S-10 전북대 배제 등...",강경숙 의원은 국감 초반 교육부 본부 감사에서 정부가 역점 추진 중인 거점국립대 육성책 '서울대 10개 만들기(S-10)' 사업의 맹점을 정조준할 예정이다. 교육부는 올해 부산대·전남대·충남대 3곳을 집중 지원 대학으로...,2026-10-07 15:14,https://www.pressian.com/pages/articles/2026100715094905925?utm_source=naver&utm_medium=search,https://n.news.naver.com/mnews/article/002/0002459933?sid=102
서울대학교,내일신문,"시흥시, 1467억원 증액…제3회 추경안 편성",주요 사업을 보면 대도시 기반시설 확충을 위해 △장현1초 학교복합시설 건립 93억원 △월곶 공유수면 매립 55억원 △배곧서울대학교병원 건립 지원 32억원 △매화역 건설사업 18억원 △양달천 하천개선사업 10억원...,2026-10-07 15:14,https://www.naeil.com/news/read/604484?ref=naver,https://www.naeil.com/news/read/604484?ref=naver
고려대학교,e의료정보,세계병원대회 19년 만에 서울에서 열린다…세계 90개국 2천 여명 집결,"참여 기관에는 서울성모병원, 고려대학교 안암병원, 국립암센터, 국민건강보험 일산병원, 삼성서울병원, 서울대학교병원, 서울아산병원, 세브란스병원, 이대서울병원 등이 포함됐다. 약 500명의 해외 참가자가...",2026-10-07 15:10,http://www.kmedinfo.co.kr/news/articleView.html?idxno=98094,http://www.kmedinfo.co.kr/news/articleView.html?idxno=98094
고려대학교,메디컬투데이,"고려대 의대 이남규 교수, 포스코사이언스펠로십 선정…셀레늄 세포사...",고려대학교 의과대학 이남규 교수가 셀레늄에 의해 유도되는 새로운 형태의 세포사멸 기전을 규명하는 연구로 '제18기 포스코사이언스펠로십'에 선정됐다. 고려대 의대는 생화학분자생물학교실 이남규 교수가 올해...,2026-10-07 15:10,https://www.mdtoday.co.kr/news/articleView.html?idxno=617667,https://www.mdtoday.co.kr/news/articleView.html?idxno=617667
서울대학교,FETV,"HD현대중공업 등 12개 기관, 해양 SMR 실증센터 출범",▲HD현대중공업 ▲HD한국조선해양 ▲한국전력기술 ▲현대건설 ▲한국선급 ▲울산과학기술원(UNIST) ▲서울대 ▲KAIST 등 12개 기관은 6일 UNIST에서 'SMR 해양 기술 실증센터' 출범을 위한 업무협약을 체결했다고 7일 밝혔다....,2026-10-07 15:10,https://www.fetv.co.kr/news/articleView.html?idxno=311383,https://www.fetv.co.kr/news/articleView.html?idxno=311383
서울대학교,여성소비자신문,HD현대중공업·한화 'SMR 해양 기술 실증센터' 출범·미국 '패스트 컴퍼...,"울산과학기술원, 서울대학교, 한국과학기술원(KAIST), 한양대학교 등 12개 기관이 참여했다. 'SMR 해양 기술 실증센터'는 참여기관의 기술과 전문인력, 연구설비 등을 연계해 해양 SMR 기술개발과 시험ㆍ검증...",2026-10-07 15:10,http://www.wsobi.com/news/articleView.html?idxno=319335,http://www.wsobi.com/news/articleView.html?idxno=319335
서울대학교,연합뉴스,"""세종 공동캠퍼스, 취지 맞지 않게 공동 교육과정 운영 안 해""","국내 첫 공유형 대학캠퍼스…정일영 ""대학 교육과정 연계 운영체계 필요"" 세종시에 건립된 국내 첫 공유형... 현재 서울대 행정대학원, 충북대 수의학과, 한밭대 인공지능소프트웨어학과, 충남대 의대 등 5곳이 입주해...",2026-10-07 15:10,https://www.yna.co.kr/view/AKR20261007135100063?input=1195m,https://n.news.naver.com/mnews/article/001/0016363421?sid=102
서울대학교,e의료정보,세계병원대회 19년 만에 서울에서 열린다…세계 90개국 2천 여명 집결,"참여 기관에는 서울성모병원, 고려대학교 안암병원, 국립암센터, 국민건강보험 일산병원, 삼성서울병원, 서울대학교병원, 서울아산병원, 세브란스병원, 이대서울병원 등이 포함됐다. 약 500명의 해외 참가자가...",2026-10-07 15:10,http://www.kmedinfo.co.kr/news/articleView.html?idxno=98094,http://www.kmedinfo.co.kr/news/articleView.html?idxno=98094
고려대학교,머니투데이,세계 90개국 보건의료 전문가 한국 온다…19일 세계병원대회 서울 개막,"대회 기간에는 해외 참가자들이 국내 의료현장을 직접 경험할 수 있도록 서울성모병원, 고려대 안암병원, 국립암센터, 국민건강보험 일산병원, 삼성서울병원, 서울대병원, 서울아산병원, 세브란스병원...",2026-10-07 15:09,https://www.mt.co.kr/thebio/2026/10/07/2026100712272983083,https://n.news.naver.com/mnews/article/008/0005423300?sid=103
서울대학교,경북도민일보,"수소 꺼낼수록 망가지는 촉매… 포스텍, 열화 원인 찾았다","포스텍 화학공학과·친환경소재학과 윤창원 교수, 화학공학과 한승목 박사 연구팀은 서울대 재료공학부 한정우 교수, 재료공학부 박사과정 성기헌 씨, 한국과학기술연구원(KIST) 김용민 박사 연구팀과 함께...",2026-10-07 15:08,https://www.hidomin.com/news/articleView.html?idxno=723974,https://www.hidomin.com/news/articleView.html?idxno=723974
연세대학교,직썰,"신한은행, 연세대 기술지주와 혁신기술 창업기업 성장 지원","연세대 기술지주는 2026년 과학기술정보통신부 '기술경영촉진 사업'의 대학 부문 유일 수행기관으로, 유망 기술과 혁신기업을 발굴해 사업화·투자·보육 등을 지원하고 있다. 신한은행은 연세대 기술지주가 발굴·추천한...",2026-10-07 15:08,https://www.ziksir.com/news/articleView.html?idxno=148626,https://www.ziksir.com/news/articleView.html?idxno=148626
연세대학교,뉴스1,"""공수처, 수사기관의 수사기관으로 특화해야…역할 재정립""","토론을 맡은 한상훈 연세대 법학전문대학원 교수는 ""공수처의 대상 수사 범위를 줄인다는 것은 대단히 안타까운 생각""이라며 ""부정부패나 권력형 범죄에 대한 대응 체계에 있어서는 심각한 후퇴""라고 말했다. 한 교수는...",2026-10-07 15:07,https://www.news1.kr/society/court-prosecution/6312989,https://n.news.naver.com/mnews/article/421/0009215070?sid=102
서울대학교,한국강사신문,"서울시, 신종호 교수의 가정 문해력 강연과 강정아 강사의 그림책 읽기...","서울시, 신종호 교수의 가정 문해력 강연과 강정아 강사의 그림책 읽기 시연…책읽는 서울광장에서 '엄마 북... 이어 신종호 서울대학교 교육학과 교수가 '읽는 아이, 가정에서의 문해력 교육'을 주제로 강연한다. 신...",2026-10-07 15:06,https://www.lecturernews.com/news/articleView.html?idxno=211656,https://www.lecturernews.com/news/articleView.html?idxno=211656
서울대학교,인사이트,"""다음 달부터 비 많이 내린다""... 역대급 엘니뇨에 한반도 날씨 비상","서울대학교 지구환경과학부 국종성 교수는 KBS에 ""지금까지 10도 이상 오른 적이 딱 한 번 있었는데 그게 97~98년 엘니뇨""라며 ""올해는 훨씬 더 빨리 나타났다. 97~98년을 능가하는 매우 강력한 엘니뇨가 발생하지 않을까...",2026-10-07 15:06,https://www.insight.co.kr/news/576886,https://www.insight.co.kr/news/576886
고려대학교,메트로신문,"노벨화학상 기타가와 교수, 고려대서 강연","한편, 기타가와 교수는 고려대 KU-KIST융합대학원 석좌교수로 위촉됐으며, 이번 강연은 고려대가 세계 석학을 초청해 미래의 주요 의제를 다루는 NIF의 일환으로 열렸다.",2026-10-07 15:06,http://www.metroseoul.co.kr/article/20261007500347,http://www.metroseoul.co.kr/article/20261007500347
연세대학교,스마트경제,"""기술 생태계와 금융의 역대급 만남""… 신한은행, 연세대 기술지주와 손...",위해 대학의 강력한 R&D 사업화 역량과 시중은행의 차별화된 투자·금융 인프라가 하나로 결합한 차세대 지원 생태계가 마침내 닻을 올렸다. 신한은행은 지난 6일 서울 서대문구 연세대학교 본관에서 연세대학교 기술지주...,2026-10-07 15:06,http://www.dailysmart.co.kr/news/articleView.html?idxno=130754,http://www.dailysmart.co.kr/news/articleView.html?idxno=130754
연세대학교,위키리크스한국,"""투자 끊기고 생존 위기""…집단소송법 추진에 벤처·스타트업계 머리 맞...","이날 첫 번째 발제를 맡은 한석훈 연세대 법무대학원 겸임교수는 미국에서 활성화된 집단소송에 대해 ""남소와 고비용 소송구조로 정작 피해구제보다 집단소송 전문 로펌의 이익 추구에 이용되는 폐해가 있어 독일...",2026-10-07 15:04,http://www.wikileaks-kr.org/news/articleView.html?idxno=192939,http://www.wikileaks-kr.org/news/articleView.html?idxno=192939
서울대학교,국제뉴스,"충북교육청, IB 학교 관리자 워크숍 개최…미래교육 비전 공유","송진웅 서울대학교 IB 교육센터장은 '왜 우리는 IB에 주목하는가'를 주제로 IB 교육의 미래교육적 의미와... 정종문 전 광주교육대학교광주부설초등학교장은 'IB 월드스쿨 리더십, IB 내일교실' 발표를 통해 IB 학교 운영...",2026-10-07 15:02,https://www.gukjenews.com/news/articleView.html?idxno=3714612,https://www.gukjenews.com/news/articleView.html?idxno=3714612
서울대학교,IKLD,지역주택조합 사업 문턱 낮아졌다…건축심의 접수 예정 '남성역 헤르니...,"6월 말 기준 서울 지역주택조합 112곳 가운데 착공 단계에 진입한 곳은 11곳에 그친다. 이 가운데 서울 동작구... 차량 10분대 거리에는 반포·강남 학원가가 있고, 서울대·중앙대·숭실대 등 대학도 인근에 위치한다. 생활...",2026-10-07 15:02,http://www.ikld.kr/news/articleView.html?idxno=341886,http://www.ikld.kr/news/articleView.html?idxno=341886
서울대학교,부산일보,"HD현대중공업, 산학연 12개 기관과 ‘해양 SMR 실증센터’ 출범","UNIST, 서울대, 한국과학기술원(KAIST), 한양대 등 12개 기관이 참여했다. 실증센터는 참여 기관의 기술력과 전문 인력, 연구 설비를 연계해 해양 SMR 기술 개발부터 시험·검증, 실증을 공동 추진하고 산업화 기반을 다지는...",2026-10-07 15:01,https://www.busan.com/view/busan/view.php?code=2026100713243904834,https://n.news.naver.com/mnews/article/082/0001401494?sid=102
서울대학교,한국일보,"'엔비디아 라이벌' AMD, 또 러브콜… ""연구거점 세워 수백명 채용""",AMD는 최근 서울대 AI연구원과 MOU를 체결한 데 이어 다른 국내 대학·연구기관과의 공동 연구 역시 확대할 계획이다. 리사 수 회장은 이날 오후 서울 용산 드래곤시티에서 국내 게이머들과도 만났다. 그는 이날 오전...,2026-10-07 15:00,https://www.hankookilbo.com/news/article/A2026100713290004033?did=NA,https://n.news.naver.com/mnews/article/469/0000958176?sid=105
고려대학교,월간불광,"""불교를 넘어, 붓다를 다시 만나야 합니다""-조성택 교수의 『왜 다시 붓...","조성택 교수는 고려대 영문학과를 졸업하고, 해군 장교로 제대 후 동국대 인도철학과에 입학하며 불교 공부를 시작했다. 1988년 유학길에 올라 1995년 미국 U.C. 버클리에서 박사학위를 받고, 곧바로 뉴욕주립대학...",2026-10-07 15:00,http://www.bulkwang.co.kr/news/articleView.html?idxno=40683,http://www.bulkwang.co.kr/news/articleView.html?idxno=40683
서울대학교,시사오늘,"대우건설 컨소 ""가덕도신공항 PBD 설계 졸속 통과 아냐"" [건설·분양오늘...","GS건설, 서울에너지공사와 제로에너지 건축 확산 GS건설은 서울에너지공사와 '민간 공동주택 제로에너지... 김도형 교수는 서울대학교 재료공학부를 졸업하고 UC버클리에서 박사학위를 받았다. 스탠퍼드대학교...",2026-10-07 15:00,https://www.sisaon.co.kr/news/articleView.html?idxno=204972,https://www.sisaon.co.kr/news/articleView.html?idxno=204972
연세대학교,폴리뉴스,"신한은행, 연세대 기술지주와 맞손…혁신 스타트업 발굴·성장 지원",신한은행이 연세대학교 기술지주회사와 손잡고 대학의 우수 연구기술 사업화와 혁신 스타트업 발굴·육성에 나선다. 신한은행은 지난 6일 서울 서대문구 연세대학교 본관에서 연세대학교 기술지주 주식회사와 '혁신기술...,2026-10-07 14:58,https://www.polinews.co.kr/news/articleView.html?idxno=745086,https://www.polinews.co.kr/news/articleView.html?idxno=745086
고려대학교,한국대학신문,"고려대, 'AX 전략 공개 세미나' 15일 개최… 금융·국방 AI 전환 과제 논...",첫 번째 세션(금융)에서는 윤지환 고려대 기술경영전문대학원 부원장이 좌장을 맡고 김장호 고려대 기술경영전문대학원 교수가 '금융 AI 기술과 R&D의 중요성'을 발표한다. 류혁선 KAIST 경영대학 교수가 지정토론자로...,2026-10-07 14:58,https://news.unn.net/news/articleView.html?idxno=598382,https://news.unn.net/news/articleView.html?idxno=598382
고려대학교,워크투데이,"DN솔루션즈, 하반기 신입사원 공개채용 … 글로벌 제조 인재 확보",지난 9월 1일 서울 성북구 고려대학교 SK미래관에서 설치된 DN솔루션즈 채용설명회 부스에서 채용담당자 및 같은 학교 출신의 현직자가 채용상담을 하고 있다.(사진=DN솔루션즈) 공작기계 글로벌 3위 기업인 DN솔루션즈가...,2026-10-07 14:58,http://www.worktoday.co.kr/news/articleView.html?idxno=90149,http://www.worktoday.co.kr/news/articleView.html?idxno=90149
연세대학교,연합뉴스,연세대 미래캠퍼스 첫 '연세아트위크' 2만5천명 참여,음악·문학·영화·연극 한자리…대학 공간 지역사회에 개방 연세대학교 미래캠퍼스는 처음 마련한 문화예술 축제 '연세아트위크'에 지역 주민과 대학 구성원 등 약 2만5천명이 참여했다고 7일 밝혔다. 지난달 28일부터...,2026-10-07 14:56,https://www.yna.co.kr/view/AKR20261007134400062?input=1195m,https://n.news.naver.com/mnews/article/001/0016363319?sid=102
연세대학교,LG헬로비전,"원주시, 하반기 대학생 학자금 10만 원 지원","원주시가 관내로 전입신고를 마친 관내 대학생을 대상으로 하반기 학자금 10만 원을 지원합니다. 지원 대상은 강원대학교 원주캠퍼스, 경동대학교 메디컬캠퍼스, 상지대, 연세대 미래캠퍼스와 한라대학교 학생입니다....",2026-10-07 14:56,http://news.lghellovision.net/news/articleView.html?idxno=557481,http://news.lghellovision.net/news/articleView.html?idxno=557481
고려대학교,스트레이트뉴스,"DN솔루션즈, 하반기 신입 두 자릿수 채용…R&D·생산품질 인재 확보",DN솔루션즈는 최근 대학 채용설명회 등을 통해 신입 인재 확보에도 나서고 있다. 지난 9월 1일에는 고려대학교에서 채용설명회 부스를 운영하며 채용 담당자와 현직자가 학생들을 대상으로 상담을 진행했다. DN솔루션즈...,2026-10-07 14:56,https://www.straightnews.co.kr/news/articleView.html?idxno=312706,https://www.straightnews.co.kr/news/articleView.html?idxno=312706
서울대학교,글로벌경제신문,"강스템바이오텍, 혈관·면역 갖춘 인공 피부 개발...네이처 계열 학술지...","서울대학교 교수이자 강스템바이오텍의 최고과학자(CSO)인 강경선 박사는 이 난제를 풀기 위해 피부 오가노이드에 혈관 오가노이드를 결합하는 방식을 택했다. 그 결과 피부의 표피와 진피 구조는 물론, 모낭과 신경...",2026-10-07 14:54,https://www.getnews.co.kr/news/articleView.html?idxno=882871,https://www.getnews.co.kr/news/articleView.html?idxno=882871
연세대학교,한국면세뉴스,"[주목! e금융] 하나은행·신한은행·우리금융·케이뱅크·KB국민은행...""...","협약식은 지난 6일 서울 서대문구 연세대학교 본관에서 열렸다. 양측은 대학의 연구성과와 기술을 사업화할 창업기업을 함께 발굴한다. 발굴한 기업에는 투자와 창업보육, 금융 지원을 연계할 계획이다. 신한은행은...",2026-10-07 14:54,http://www.kdfnews.com/news/articleView.html?idxno=188981,http://www.kdfnews.com/news/articleView.html?idxno=188981
연세대학교,뉴스인사이드,"신한은행, 연세대 기술지주와 혁신 스타트업 육성 맞손",신한은행은 지난 6일 서울 서대문구 연세대 본관에서 연대기술지주와 '혁신기술 스타트업 성장 지원을 위한 전략적 파트너십' 업무협약을 체결했다고 7일 밝혔다. 이번 협약은 대학이 보유한 우수 연구성과와 기술의...,2026-10-07 14:54,https://www.newsinside.kr/news/articleView.html?idxno=5018674,https://www.newsinside.kr/news/articleView.html?idxno=5018674
고려대학교,프레시안,구미시 학력제고 지원사업 성과...우수대학 진학생 52.5% 증가,"서울대·연세대·고려대 진학생 역시 매년 10명 이상을 유지하며 사업의 성과를 뒷받침했다. 구미시가... 선정하고, 대학별 특수성과 입학 경쟁도 등을 고려해 의·약학계열, KAIST·포항공대·UNIST·GIST 등...",2026-10-07 14:53,https://www.pressian.com/pages/articles/2026100709205711704?utm_source=naver&utm_medium=search,https://n.news.naver.com/mnews/article/002/0002459906?sid=102
연세대학교,프레시안,구미시 학력제고 지원사업 성과...우수대학 진학생 52.5% 증가,"서울대·연세대·고려대 진학생 역시 매년 10명 이상을 유지하며 사업의 성과를 뒷받침했다. 구미시가 말하는 ‘우수대학’은 2025년 중앙일보 대학평가를 기준으로 주요 대학을 선정하고, 대학별 특수성과 입학 경쟁도...",2026-10-07 14:53,https://www.pressian.com/pages/articles/2026100709205711704?utm_source=naver&utm_medium=search,https://n.news.naver.com/mnews/article/002/0002459906?sid=102
연세대학교,파이낸셜뉴스,"11월 차세대 양자컴퓨터 여는 연세대, 바이오 융합 연구 가속","현장에는 연세대 의과대학, 포스텍, 세종대 등 주요 연구진이 연사로 나섰다. 이들은 양자의 미세한 성질(양자 스핀)을 이용해 몸속 물질 변화를 관찰하는 연구부터 양자 센서를 활용한 생체 정보 분석, 인공지능 기법을...",2026-10-07 14:53,https://www.fnnews.com/news/202610071451120541,https://n.news.naver.com/mnews/article/014/0005586172?sid=102
서울대학교,프레시안,구미시 학력제고 지원사업 성과...우수대학 진학생 52.5% 증가,"서울대·연세대·고려대 진학생 역시 매년 10명 이상을 유지하며 사업의 성과를 뒷받침했다. 구미시가 말하는 ‘우수대학’은 2025년 중앙일보 대학평가를 기준으로 주요 대학을 선정하고, 대학별 특수성과 입학 경쟁도...",2026-10-07 14:53,https://www.pressian.com/pages/articles/2026100709205711704?utm_source=naver&utm_medium=search,https://n.news.naver.com/mnews/article/002/0002459906?sid=102
고려대학교,EBN 산업경제,"한은, 국제금융·연구 진용 정비…최영주·윤경수 발탁",1972년생인 최 부총재보는 전주신흥고와 고려대 경제학과를 졸업하고 미국 미시간주립대에서 경제학 석사 학위를 받았다. ◆윤경수 연구원장 내정…중장기 연구 방향 총괄 윤 경제연구원장 내정자는 1998년 한은에 입행해...,2026-10-07 14:52,https://www.ebn.co.kr/news/articleView.html?idxno=1727016,https://www.ebn.co.kr/news/articleView.html?idxno=1727016
서울대학교,NEWSTOMATO,"과기정통부, AMD 리사 수 면담…AI반도체 추가 협력 논의","과기정통부는 7일 서울 종로구 포시즌즈 호텔에서 류제명 제2차관이 리사 수 AMD 회장과 면담하고 국내 AI... 수 회장은 ""최근 서울대 AI 연구소와 산학 협력을 위한 MOU를 체결한 데 이어 연내 연구센터도 설립한다""며 ""AI...",2026-10-07 14:52,http://www.newstomato.com/ReadNews.aspx?no=1315928&inflow=N,http://www.newstomato.com/ReadNews.aspx?no=1315928&inflow=N
고려대학교,뉴스투데이,[김찬희의 방방곡곡 이야기(66)] 핑크 뮬리와 블루 애로우가 매력적인 ...,김찬희 프로필 ▶ 고려대학교 산업공학 학사 / 한양사이버대학원 MBA 경영학 석사 / 前 메타넷디지털(대우정보시스템) 프로그래머 / 前 MIT경영과정보기술 선임컨설턴트 / 前 한국생산성본부 본부장 / 現 남동가족센터...,2026-10-07 14:50,https://www.news2day.co.kr/article/20261007500087,https://www.news2day.co.kr/article/20261007500087
서울대학교,스마트경제,"""자연 속 거닐며 자유 찾다""… 세종대 세종뮤지엄갤러리, 조인호 기획초...",세종대학교(총장 엄종화) 세종뮤지엄갤러리 1관이 10월 7일부터 25일까지 조인호 작가의 기획초대전 'Wanderings... 서울대학교 동양화과 교수로 재직 중인 조인호 작가는 단순히 풍경을 관조하고 재현하는 데 그치지 않고...,2026-10-07 14:50,http://www.dailysmart.co.kr/news/articleView.html?idxno=130750,http://www.dailysmart.co.kr/news/articleView.html?idxno=130750
연세대학교,에너지경제,[인터뷰] 이광재 “정치인 평가할 ‘성적표’ 만들어 고성방가 정치 끝...,"과거 지역별 대학 진학률을 투명하게 공개해 교육당국의 자발적 경쟁을 유도했던 경험처럼, 삶의 질 지표를... "" ■ 이광재 국회 예산결산특별위원장 프로필 △1965년 강원 평창 출생 △원주고-연세대 법학과 △노무현...",2026-10-07 14:50,https://www.ekn.kr/web/view.php?key=20261007029533342,https://www.ekn.kr/web/view.php?key=20261007029533342
연세대학교,위클리오늘,"[위클리오늘] 원주시, 하반기 대학생 학자금 10만 원 지원","지원 대상은 강원대학교 원주캠퍼스, 경동대학교 메디컬캠퍼스, 상지대학교, 연세대학교 미래캠퍼스, 한라대학교 등 관내 5개 대학 재학생이다. 다만, 하반기 신청 마감일을 기준으로 한 달 전인 10월 13일까지 전입신고를...",2026-10-07 14:50,http://www.weeklytoday.com/news/articleView.html?idxno=797226,http://www.weeklytoday.com/news/articleView.html?idxno=797226
서울대학교,HUFFINGTONPOST,노무현 윤석열 정부에서도 '대법관 제청 갈등' 있었고 대법원장의 '대통...,결국 김 대법원장은 법조계에서 상대적으로 정치적 색채가 뚜렷하지 않은 '무난한 카드'라는 평가를 받는 권영준 서울대 법학전문대학원 교수와 서경환 서울고법 부장판사를 윤 전 대통령에게 제청했다. 당시...,2026-10-07 14:50,https://www.huffingtonpost.kr/article/261046,https://www.huffingtonpost.kr/article/261046
서울대학교,한국경제,사진에도 권태기가 온다…무언가를 다시 사랑하는 법 [서병철의 은퇴 후...,그의 한국 취재는 1965년 서울대 학생들의 침묵시위 현장에서 시작되었다. 무표정하지만 비장하게 걸어가는 학생들의 비폭력 시위 모습은 바로 눈앞에서 보는 듯 생생했다. 억눌린 서민들의 삶이 녹아 있는 청계천 사진은...,2026-10-07 14:50,https://www.hankyung.com/article/202609289896i,https://n.news.naver.com/mnews/article/015/0005340069?sid=103
연세대학교,아시아A,"신한은행, 연세대 기술지주와 혁신기술 스타트업 성장 업무협약","신한은행은 지난 6일 서울 서대문구 연세대학교 본관에서 연세대학교 기술지주회사와 혁신기술 스타트업의... 이번 협약은 대학이 보유한 우수 연구성과를 사업화하고, 성장 가능성이 높은 혁신기업을 공동으로 발굴해...",2026-10-07 14:48,https://www.asiaa.co.kr/news/articleView.html?idxno=265434,https://www.asiaa.co.kr/news/articleView.html?idxno=265434
연세대학교,법률방송뉴스,함재학 연세대 교수 별세,"▲함재학 연세대 교수 별세, 함재봉 한국학술연구원장 동생상, 함제호(박정희대통령기념재단 근무)씨 부친상=6일 오후 7시55분, 신촌세브란스병원, 발인 9일 오전 10시20분 (02) 2227-7500",2026-10-07 14:48,https://www.lawtv.kr/news/articleView.html?idxno=61091,https://www.lawtv.kr/news/articleView.html?idxno=61091
고려대학교,국제뉴스,"한은 국제 담당 부총재보에 최영주, 경제연구원장에 윤경수",최 신임 부총재보는 고려대 경제학과를 졸업하고 1997년 한은에 입행해 금융시장국과 통화정책국 등 주요... 윤 내정자는 고려대 경제학과를 졸업하고 미국 오하이오주립대에서 박사 학위를 받았다. 1998년 한은에 입행해...,2026-10-07 14:46,https://www.gukjenews.com/news/articleView.html?idxno=3715207,https://www.gukjenews.com/news/articleView.html?idxno=3715207
서울대학교,뉴스웨이,"HD현대중공업, 12개 기관과 해양 SMR 상용화 발판 마련","이번 협력에는 조선·원자력 관련 기업을 비롯해 한국선급, 울산테크노파크와 UNIST·서울대·KAIST·한양대 등 연구·교육기관이 참여했다. 실증센터는 각 기관이 보유한 기술과 연구 인력, 시험·검증 설비 등을 연계해...",2026-10-07 14:44,https://www.newsway.co.kr/news/view?ud=2026100714000490736,https://www.newsway.co.kr/news/view?ud=2026100714000490736
서울대학교,데일리안,원시별서 ‘행성 재료’ 생성 포착…이정은 교수 과학기술인상,과학기술정보통신부와 한국연구재단은 이정은 서울대 물리천문학부 교수를 ‘대한민국 과학기술인상’ 10월 수상자로 선정했다고 7일 밝혔다. 이 교수는 결정질 규산염이 원시별 주변에서 만들어져 먼 곳까지...,2026-10-07 14:44,https://www.dailian.co.kr/news/view/1698940/?sc=Naver,https://n.news.naver.com/mnews/article/119/0003140450?sid=105
서울대학교,THE-BIZ,"세종뮤지엄갤러리, 조인호 개인전… 현대적 수묵산수 30여점 공개",세종대학교 세종뮤지엄갤러리 1관이 자연을 직접 거닐며 체득한 풍경과 내면의 사유를 수묵으로 담아낸... 오는 7일부터 25일까지 열리는 이번 전시에서는 서울대학교 동양화과 교수로 재직 중인 조인호 작가의 수묵산수...,2026-10-07 14:44,http://www.the-biz.co.kr/news/articleView.html?idxno=728899,http://www.the-biz.co.kr/news/articleView.html?idxno=728899
서울대학교,WOODKOREA,"국립산림과학원, 도시숲 탄소흡수원 연구성과 공유","산림청 국립산림과학원(원장 김용관)은 지난 9월 30일 국가기후위기대응위원회, 서울대학교 지속가능발전연구소와 함께 서울 전경련회관 컨퍼런스센터에서 'NDC 이행을 위한 도시숲 탄소흡수원 미래 전략 포럼'을...",2026-10-07 14:44,https://www.woodkorea.co.kr/news/articleView.html?idxno=91711,https://www.woodkorea.co.kr/news/articleView.html?idxno=91711
고려대학교,보건뉴스,"고대의대 이남규 교수, 포스코사이언스펠로십 선정",고려대학교 의과대학 생화학분자생물학교실 이남규 교수가 미래 신진 과학자를 지원하는 '제18기 포스코사이언스펠로십'에 선정됐다. 포스코사이언스펠로십(POSCO Science Fellowship)은 국내 대학에 임용된 지 3년 이내의...,2026-10-07 14:44,http://www.bokuennews.com/news/article.html?no=285211,http://www.bokuennews.com/news/article.html?no=285211
고려대학교,전자신문,"인스타그램, 총 사용시간서 카카오톡 첫 추월…두 달 연속 우위","이성엽 고려대 기술경영전문대학원 교수는 “카카오톡은 용건이 끝나면 나가는 앱이고, 인스타그램은 릴스 중심의 체류형 앱”이라면서 “이용자 수가 포화된 상태에서 총 사용시간은 1인당 체류시간이...",2026-10-07 14:44,https://www.etnews.com/20261007000336,https://n.news.naver.com/mnews/article/030/0003473110?sid=101
서울대학교,한국대학신문,"서울대 강경선 교수팀, 인간 피부 완벽 재현 피부질환 연구에 전기 마련","서울대학교 수의과대학 강경선 교수 연구팀(교신저자 강경선 교수, 주저자 김민지 박사)은 인간 유도만능줄기세포(induced pluripotent stem cell, iPSC) 유래 피부 오가노이드와 혈관 오가노이드를 조립해, 혈관과 면역 환경을...",2026-10-07 14:42,https://news.unn.net/news/articleView.html?idxno=598381,https://news.unn.net/news/articleView.html?idxno=598381
서울대학교,대학저널,"서울대 빅데이터혁신융합대학-구름, '2026 IRB 순위결정전' 진행","이번 대회를 진행하는 빅데이터 혁신융합대학사업단은 교육부 지원 ‘첨단분야 혁신융합대학사업’의 빅데이터 분야 컨소시엄으로, 서울대학교를 주관대학으로 경기과학기술대학교 · 경상국립대학교 · 서울시립...",2026-10-07 14:42,https://dhnews.co.kr/news/view/1065591591819223,https://dhnews.co.kr/news/view/1065591591819223
서울대학교,한경매거진,"서울대 빅데이터혁신융합대학사업단·구름, '2026 IRB' 순위결정전 개최","빅데이터혁신융합대학 컨소시엄은 교육부 지원사업으로 운영되며, 서울대학교를 주관대학으로 경기과학기술대학교·경상국립대학교·서울시립대학교·숙명여자대학교·전북대학교·한동대학교가 참여한다. 대학...",2026-10-07 14:40,https://magazine.hankyung.com/job-joy/article/202610078414d,https://magazine.hankyung.com/job-joy/article/202610078414d
고려대학교,매일신문,"구미시, '학력제고 지원사업' 성과 가시화","선정하고, 대학의 특수성과 입학 경쟁도 등을 고려해 의·약학계열, 과학기술특성화대학(KAIST·포항공대... 의학계열 진학생도 2024년 12명에서 2025년 14명, 2026년 16명으로 꾸준히 늘었으며, 서울대·연세대·고려대...",2026-10-07 14:40,https://www.imaeil.com/page/view/2026100713214214869,https://n.news.naver.com/mnews/article/088/0001032809?sid=102
고려대학교,뉴스티앤티,"고려대, '금융·국방 AX 전략 공개 세미나' 개최…AI 전환 현안·과제 논...","1세션(금융)은 윤지환 고려대 기술경영전문대학원 부원장이 좌장을 맡고, 김장호 교수가 '금융 AI 기술과 R&D의 중요성'을 발표한다. 지정토론자로는 류혁선 KAIST 경영대학 교수가 참여해 금융 분야 AI 기술 방향과...",2026-10-07 14:40,https://www.newstnt.com/news/articleView.html?idxno=721842,https://www.newstnt.com/news/articleView.html?idxno=721842
고려대학교,브릿지경제,인천시 1만6000명 글로벌 한인 바이오 인재와 손잡는다,협약식에는 김성중 인천시 행정부시장과 리시연 글로벌 한인 생명과학자협회 대표위원(고려대 교수) 등이 참석했다. 이번 협약은 민선 9기 핵심 사업인 ‘(가칭)인천바이오과학기술원’ 설립을 위한 글로벌 연구인력...,2026-10-07 14:40,https://www.viva100.com/article/20261007500930,https://www.viva100.com/article/20261007500930
서울대학교,매일신문,"구미시, '학력제고 지원사업' 성과 가시화","의학계열 진학생도 2024년 12명에서 2025년 14명, 2026년 16명으로 꾸준히 늘었으며, 서울대·연세대·고려대 진학생은 매년 10명 이상을 유지했다. 경구고는 학습유형·진로검사를 기반으로 한 소인수 학습코칭과 방과후...",2026-10-07 14:40,https://www.imaeil.com/page/view/2026100713214214869,https://n.news.naver.com/mnews/article/088/0001032809?sid=102
연세대학교,매일신문,"구미시, '학력제고 지원사업' 성과 가시화","경북 구미시는 지역 고등학교의 학력 향상과 대입 경쟁력 강화를 위해 추진한 '학력제고 지원사업'이 대학... 의학계열 진학생도 2024년 12명에서 2025년 14명, 2026년 16명으로 꾸준히 늘었으며, 서울대·연세대·고려대...",2026-10-07 14:40,https://www.imaeil.com/page/view/2026100713214214869,https://n.news.naver.com/mnews/article/088/0001032809?sid=102
서울대학교,MHN스포츠,"""주 4.5일제, 생산성 안 오르고 월급만 깎인다""…AI·고령화 시대 '한국...","7일 한국은행에 따르면 이창용 전 한은 총재와 오삼일 조사국 고용연구팀장 등 연구진은 전날 서울대 국가미래전략원 포럼에서 이 같은 실증 분석을 담은 '근로시간 제도, 어떻게 바꿀 것인가' 연구 보고서를 발표했다....",2026-10-07 14:40,https://www.mhns.co.kr/news/articleView.html?idxno=763049,https://www.mhns.co.kr/news/articleView.html?idxno=763049
고려대학교,마이데일리,유한양행 차기 대표 누구…후보 확정 시점 넘기고도 ‘안갯속’,"유한양행은 지난해 7월 임원과 승계 후보자를 대상으로 워크숍을 열었고, 국내 대학 Executive MBA 파견과 외부... 김열홍 사장은 고려대 의대 교수와 암연구소장을 지낸 뒤 2023년 유한양행에 합류한 외부 영입 인사다. 현재...",2026-10-07 14:39,https://www.mydaily.co.kr/page/view/2026100711093746084,https://n.news.naver.com/mnews/article/117/0004113134?sid=102
서울대학교,여성소비자신문,"신세계그룹·HDC그룹, 신세계 지식향연·포니정 영리더상 통해 청년 인재...",신세계 지식향연은 10월 16일과 17일 이틀간 서울 신세계남산 트리니티홀에서 열리는 '인문학축제'를... 김도형 교수는 2012년 서울대학교 재료공학부를 졸업하고 2018년 미국 버클리캘리포니아대학교(UC버클리)에서...,2026-10-07 14:38,http://www.wsobi.com/news/articleView.html?idxno=319323,http://www.wsobi.com/news/articleView.html?idxno=319323
고려대학교,서울파이낸스,[프로필] 윤경수 한국은행 경제연구원장 내정자,윤경수 신임 내정자는 미국 오하이오 주립대학교(The Ohio States Univ.) 경제학 박사로서 국제경제 및... 2월 고려대학교 경제학 학사 -2008년 6월 The Ohio States Univeristy 경제학 석사 -2011년 6월 The Ohio States...,2026-10-07 14:38,https://www.seoulfn.com/news/articleView.html?idxno=639544,https://www.seoulfn.com/news/articleView.html?idxno=639544
연세대학교,스마트비즈엔,"[금융家 브리핑] 금융권, 금융서비스 넘어 사회공헌 활동 강화","신한은행, 혁신기술 스타트업 지원 업무협약 체결 신한은행이 연세대학교 기술지주 주식회사와 '혁신기술... 지원하겠다""며 ""대학 및 기술지주와의 협력을 확대해 성장 가능성이 높은 기업을 선제적으로 발굴하고...",2026-10-07 14:38,https://www.smartbizn.com/news/articleView.html?idxno=155795,https://www.smartbizn.com/news/articleView.html?idxno=155795
고려대학교,스마트경제,"""아이섀도 PFAS, 눈 표면으로 38% 전이""…최윤형 고려대 보건환경융합과...",해당 연구에는 김지원 대학원생이 제1저자로 최윤형 고려대 교수와 전준호 창원대 교수가 공동 교신저자로... 아울러 안구의 특수성을 고려한 정밀 노출 기준과 눈 화장품 맞춤형 안전관리 가이드라인을 선제적으로...,2026-10-07 14:38,http://www.dailysmart.co.kr/news/articleView.html?idxno=130747,http://www.dailysmart.co.kr/news/articleView.html?idxno=130747
서울대학교,로이슈,"HD현대重 등 12개 기관, ‘SMR 해양 기술 실증센터’ 출범","협약에는 HD현대중공업, HD한국조선해양, 한국전력기술, 현대건설, 한국선급, 현대중공업터보기계, 클래드코리아, 울산테크노파크, 울산과학기술원, 서울대학교, 한국과학기술원(KAIST), 한양대학교 등 12개 기관이...",2026-10-07 14:38,http://www.lawissue.co.kr/view.php?ud=202610071436584767191f6c6e_12,http://www.lawissue.co.kr/view.php?ud=202610071436584767191f6c6e_12
고려대학교,서울파이낸스,"한은, 국제금융·협력 담당 부총재보에 최영주 국장 선임","1972년생인 윤 원장 내정자는 고려대 경제학과를 졸업하고 미국 오하이오 주립대학교에서 박사 학위를 받았다. 이후 1998년 한은에 입행해 국제국, 금융안정국 등을 거쳐 잉글랜드은행 시니어 이코노미스트, 정책보좌관...",2026-10-07 14:37,https://www.seoulfn.com/news/articleView.html?idxno=639539,https://www.seoulfn.com/news/articleView.html?idxno=639539
고려대학교,뉴시스,"""K-의료 소개""…세계병원대회, 19년만 서울 개최","병원투어에는 서울성모병원, 고려대학교 안암병원, 국립암센터, 국민건강보험 일산병원, 삼성서울병원, 서울대학교병원, 서울아산병원, 세브란스병원, 이대서울병원 등 총 15개 의료기관이 참여하며 500여명의 해외...",2026-10-07 14:36,https://www.newsis.com/view/NISX20261007_0003817312,https://n.news.naver.com/mnews/article/003/0014239076?sid=102
서울대학교,뉴시스,"""K-의료 소개""…세계병원대회, 19년만 서울 개최","병원투어에는 서울성모병원, 고려대학교 안암병원, 국립암센터, 국민건강보험 일산병원, 삼성서울병원, 서울대학교병원, 서울아산병원, 세브란스병원, 이대서울병원 등 총 15개 의료기관이 참여하며 500여명의 해외...",2026-10-07 14:36,https://www.newsis.com/view/NISX20261007_0003817312,https://n.news.naver.com/mnews/article/003/0014239076?sid=102
서울대학교,데일리팝,"외로워서 SNS 하나, SNS 해서 외롭나...'어떻게 쓰느냐'가 관건",서울대 의대 예방의학교실 연구팀(교신저자 민경복 교수)은 서울시가 조사한 '2024년 서울서베이' 응답을 분석했다. 대상은 성인 3만4142명이고 평균 나이는 52.3세다. 이 가운데 2만5134명이 SNS를 쓰고 있었고...,2026-10-07 14:36,http://www.dailypop.kr/news/articleView.html?idxno=103143,http://www.dailypop.kr/news/articleView.html?idxno=103143
서울대학교,데일리한국,"리사 수 AMD 회장 ""韓 기업, 중요 파트너…다양한 협력 확대""",리사 수 AMD 회장 겸 최고경영자(CEO)가 7일 서울 종로구 포시즌스호텔에서 류제명 과학기술정보통신부... 최근 서울대 AI 연구원과 체결한 MOU에 대해 언급했다. 류 차관은 이에 AMD의 빠른 약속 이행에 사의를 표하고...,2026-10-07 14:34,https://daily.hankooki.com/news/articleView.html?idxno=1412736,https://daily.hankooki.com/news/articleView.html?idxno=1412736
고려대학교,주간한국,"이남규 고려대 의대 교수, 포스코사이언스펠로십 선정",이남규 고려대학교 의과대학 생화학분자생물학교실 교수. 사진=고려대의대  고려대학교 의과대학은 이남규 생화학분자생물학교실 교수가 미래 신진 과학자를 지원하는 '제18기 포스코사이언스펠로십'에 선정됐다고 7일...,2026-10-07 14:32,https://weekly.hankooki.com/news/articleView.html?idxno=7187829,https://weekly.hankooki.com/news/articleView.html?idxno=7187829
고려대학교,조세일보,"한은, 윤경수 경제연구원장 내정…“연구역량 강화에 크게 기여할 것”",윤 내정자는 1972년생으로 전주 한일고와 고려대학교 경제학과를 졸업했다. 2008년과 2011년 미국 오하이오주립대학교에서 경제학 석사 및 박사 학위를 받았다. < 윤경수 한국은행 경제연구원장 내정자 약력...,2026-10-07 14:32,http://www.joseilbo.com/news/news_read.php?uid=576976&class=18&grp=,https://n.news.naver.com/mnews/article/123/0002391442?sid=101
연세대학교,이데일리,"""소송 한 번에 흔들""...벤처업계, 집단소송법 우려 목소리",발제를 맡은 한석훈 연세대 법무대학원 겸임교수는 “벤처·스타트업은 기업 규모는 작지만 소비자층은 대규모인 경우가 많다”며 “취약한 자본 구조로 막대한 소송 비용을 감당하기가 어려워 집단소송의 영향이 더 크게...,2026-10-07 14:32,https://www.edaily.co.kr/News/Read?newsId=04083606645610624&mediaCodeNo=257&utm_source=naver&utm_medium=referral&utm_campaign=news_syndication&utm_content=original_article,https://n.news.naver.com/mnews/article/018/0006382950?sid=101
고려대학교,톱스타뉴스,"'스디파' 콘서트, 오늘(7일) 예매 오픈…서울→대구 공연 일정 보니","공연 일정을 보면 서울 공연은 오는 11월 21일-22일 고려대학교 화정체육관에서 열린다. 이어 광주 유니버시아드 체육관에서 11월 28일 관객들을 만난다. 12월 5일에는 KBS 부산홀, 12월 13일에는 대전 컨벤션센터, 12월...",2026-10-07 14:30,https://www.topstarnews.net/news/articleView.html?idxno=16240607,https://www.topstarnews.net/news/articleView.html?idxno=16240607
고려대학교,TFMEDIA,"한은, 부총재보에 최영주·경제연구원장에 윤경수 발탁",1972년생인 최 부총재보는 전주신흥고와 고려대 경제학과를 졸업하고 미국 미시간주립대에서 경제학 석사... 윤 내정자는 고려대 경제학과를 졸업하고 미국 오하이오주립대에서 경제학 박사 학위를 받았다. 국제경제와...,2026-10-07 14:30,https://www.tfmedia.co.kr/news/article.html?no=207788,https://www.tfmedia.co.kr/news/article.html?no=207788
연세대학교,경북신문,"구미시, 학력제고 지원사업 성과 '쑥쑥'…우수대학 진학생 52.5% 증가",서울대·연세대·고려대 진학생은 매년 10명 이상을 유지했다.시는 대학 진학 실적뿐 아니라 학교 자체의 교육역량을 높이는 데도 성과를 거둔 것으로 보고 있다.각 학교는 기존 방과후 프로그램 중심의 운영에서...,2026-10-07 14:30,https://www.kbsm.net/news/view.php?idx=536814,https://www.kbsm.net/news/view.php?idx=536814
고려대학교,경북신문,"구미시, 학력제고 지원사업 성과 '쑥쑥'…우수대학 진학생 52.5% 증가",서울대·연세대·고려대 진학생은 매년 10명 이상을 유지했다.시는 대학 진학 실적뿐 아니라 학교 자체의 교육역량을 높이는 데도 성과를 거둔 것으로 보고 있다.각 학교는 기존 방과후 프로그램 중심의 운영에서...,2026-10-07 14:30,https://www.kbsm.net/news/view.php?idx=536814,https://www.kbsm.net/news/view.php?idx=536814
서울대학교,에너지경제,"[똑똑한교육] 재능교육, 위버스마인드 뇌새김, 아이스크림에듀, 비상교...","11시 서울 혜화동에서 '재능 혜화 마티네'를 열고 한국·일본·대만 연주자가 함께하는 호른 앙상블을... ◇ 아이스크림에듀, 서울대·경인교대 등과 AI 맞춤학습 공동연구 아이스크림에듀가 서울대학교, 경인교육대학교...",2026-10-07 14:30,https://www.ekn.kr/web/view.php?key=20261007023573311,https://www.ekn.kr/web/view.php?key=20261007023573311
서울대학교,경북신문,"구미시, 학력제고 지원사업 성과 '쑥쑥'…우수대학 진학생 52.5% 증가",서울대·연세대·고려대 진학생은 매년 10명 이상을 유지했다.시는 대학 진학 실적뿐 아니라 학교 자체의 교육역량을 높이는 데도 성과를 거둔 것으로 보고 있다.각 학교는 기존 방과후 프로그램 중심의 운영에서...,2026-10-07 14:30,https://www.kbsm.net/news/view.php?idx=536814,https://www.kbsm.net/news/view.php?idx=536814
서울대학교,메디소비자뉴스,세계 90개국 보건의료 리더 서울 집결...'미래의료·K-헬스케어' 선도,"참여 의료기관은 서울대학교병원, 세브란스병원, 삼성서울병원, 서울아산병원, 서울성모병원, 고려대학교 안암병원, 이대서울병원, 국립암센터, 국민건강보험 일산병원 등 15곳이다. 참가자들은 각 병원의...",2026-10-07 14:28,http://www.medisobizanews.com/news/articleView.html?idxno=142915,http://www.medisobizanews.com/news/articleView.html?idxno=142915
고려대학교,메디소비자뉴스,세계 90개국 보건의료 리더 서울 집결...'미래의료·K-헬스케어' 선도,"참여 의료기관은 서울대학교병원, 세브란스병원, 삼성서울병원, 서울아산병원, 서울성모병원, 고려대학교 안암병원, 이대서울병원, 국립암센터, 국민건강보험 일산병원 등 15곳이다. 참가자들은 각 병원의...",2026-10-07 14:28,http://www.medisobizanews.com/news/articleView.html?idxno=142915,http://www.medisobizanews.com/news/articleView.html?idxno=142915
서울대학교,이로운넷,"경북도,오는 8일 '2026 세계경주포럼' 개최…문화 중심 글로벌 협력 나선...",오는 8일 개막식에서는 피에르 루이지 사코 이탈리아 페스카라 대학교 교수와 앤디 프랫 영국 런던시티... 이교구 서울대 교수 등 각 분야 전문가들이 지역 문화 자산의 디지털 전환과 글로벌 브랜드화 방안에 대해...,2026-10-07 14:28,https://www.eroun.net/news/articleView.html?idxno=91758,https://www.eroun.net/news/articleView.html?idxno=91758
연세대학교,교수신문,대기업 오너 일가 4·5세대 94% 유학파…재벌가 모교 1위는 고려대,"오너 일가 출신 대학은 국내의 경우 고려대가 54명으로 가장 많았고, 이어 서울대(50명), 연세대(35명)가 뒤를 이었다. 해외는 미국 컬럼비아대(22명), 뉴욕대(18명), 코넬대(16명) 순으로 나타났다. 두산은 뉴욕대, GS는...",2026-10-07 14:26,https://www.kyosu.net/news/articleView.html?idxno=211002,https://www.kyosu.net/news/articleView.html?idxno=211002
연세대학교,대경일보,구미시 공교육의 쾌거… 우수대학 진학생 52.5% 수직 상승,우수대학 진학생 수의 수직 상승을 이뤄내며 지방 소도시 교육 혁신의 모범적인 성공 신화를 써 내려가고... (서울대·연세대·고려대) 진학생 규모도 매년 10명 이상을 탄탄하게 유지하며 명문고의 위상을 확고히 했다....,2026-10-07 14:26,https://www.dkilbo.com/news/articleView.html?idxno=556494,https://www.dkilbo.com/news/articleView.html?idxno=556494
서울대학교,BBS NEWS,BBS울산 '문화소식' - 울산시립미술관 '황소' 이중섭 회고전·통도사 '어...,"김민 음악감독은 국립교향악단 악장과 KBS교향악단 초대 악장, 서울대 음대 학장, 국립심포니오케스트라 음악감독 등을 역임했습니다. 1980년 서울바로크합주단을 재창단한 뒤 45년째 단일 음악감독으로...",2026-10-07 14:26,https://news.bbsi.co.kr/news/articleView.html?idxno=4110822,https://news.bbsi.co.kr/news/articleView.html?idxno=4110822
서울대학교,교수신문,대기업 오너 일가 4·5세대 94% 유학파…재벌가 모교 1위는 고려대,"오너 일가 출신 대학은 국내의 경우 고려대가 54명으로 가장 많았고, 이어 서울대(50명), 연세대(35명)가... 서울대 출신(50명)은 이재용 삼성전자 회장(동양사학), 정몽준 아산재단 이사장(경제학), 김범수 카카오...",2026-10-07 14:26,https://www.kyosu.net/news/articleView.html?idxno=211002,https://www.kyosu.net/news/articleView.html?idxno=211002
서울대학교,대경일보,구미시 공교육의 쾌거… 우수대학 진학생 52.5% 수직 상승,"최상위권의 척도인 의학계열 진학생 역시 2024년 12명에서 올해 16명으로 꾸준히 늘어났으며, SKY(서울대·연세대·고려대) 진학생 규모도 매년 10명 이상을 탄탄하게 유지하며 명문고의 위상을 확고히 했다. 이 같은...",2026-10-07 14:26,https://www.dkilbo.com/news/articleView.html?idxno=556494,https://www.dkilbo.com/news/articleView.html?idxno=556494
고려대학교,STARTUPTODAY,[인사] 한은 국제 담당 부총재보에 최영주…경제연구원장에 윤경수,"윤 원장 내정자는 고려대 경제학과를 졸업하고 미국 오하이오 주립대학교에서 박사 학위를 받았다. 1998년 한은에 입행해 국제국, 금융안정국 등을 거쳐 잉글랜드은행 시니어 이코노미스트, 정책보좌관, 국제국장 등을...",2026-10-07 14:26,https://www.startuptoday.co.kr/news/articleView.html?idxno=815236,https://www.startuptoday.co.kr/news/articleView.html?idxno=815236
고려대학교,교수신문,대기업 오너 일가 4·5세대 94% 유학파…재벌가 모교 1위는 고려대,"오너 일가 출신 대학은 국내에서는 고려대가 54명으로 가장 많았다. 최태원 SK그룹 회장(물리학), 정의선 현대자동차그룹 회장(경영학), 허창수 GS그룹 회장(경영학), 이재현 CJ그룹 회장(법학), 박정원 두산그룹 회장...",2026-10-07 14:26,https://www.kyosu.net/news/articleView.html?idxno=211002,https://www.kyosu.net/news/articleView.html?idxno=211002
고려대학교,대경일보,구미시 공교육의 쾌거… 우수대학 진학생 52.5% 수직 상승,우수대학 진학생 수의 수직 상승을 이뤄내며 지방 소도시 교육 혁신의 모범적인 성공 신화를 써 내려가고... (서울대·연세대·고려대) 진학생 규모도 매년 10명 이상을 탄탄하게 유지하며 명문고의 위상을 확고히 했다....,2026-10-07 14:26,https://www.dkilbo.com/news/articleView.html?idxno=556494,https://www.dkilbo.com/news/articleView.html?idxno=556494
고려대학교,ㅍㅍㅅㅅ,"한국은행, 최영주·윤경수 인사 단행...국제 부총재보·경제연구원장 내...","윤경수 내정자는 고려대학교 경제학과를 졸업하고, 미국 오하이오주립대학교에서 박사 학위를 취득했다. 1998년 한은 입행을 시작으로 국제국과 금융안정국 등 여러 주요 부서를 거쳤으며, 잉글랜드은행에서 시니어...",2026-10-07 14:25,https://www.ppss.kr/news/articleView.html?idxno=314381,https://www.ppss.kr/news/articleView.html?idxno=314381
고려대학교,한국경제,"한은, 국제 담당 부총재보에 최영주 금융시장국장 임명","최 부총재보는 고려대 경제학과를 졸업하고 1997년 한은에 입행해 금융시장국, 통화정책국 등 정책 부서에서 근무했다. 국내외 금융시장 분석, 공개시장 운영, 비상대응 태스크포스(TF) 지원 등 다양한 실무 경험을...",2026-10-07 14:25,https://www.hankyung.com/article/202610078313i,https://n.news.naver.com/mnews/article/015/0005340052?sid=101
서울대학교,전자신문,"아이스크림에듀, 서울대·경인교대와 AI 기반 학습 플랫폼 만든다","아이스크림에듀가 서울대·경인교대와 인공지능(AI) 기반 맞춤형 학습·성장 플랫폼을 개발한다. 두 대학과... 서울대 빅데이터혁신융합대학과는 해당 진단 결과로 콘텐츠 유형과 학습 구성 로직, 맞춤형 문항 생성 기술...",2026-10-07 14:25,https://www.etnews.com/20261007000306,https://n.news.naver.com/mnews/article/030/0003473082?sid=105
서울대학교,컨슈머타임스,"아이스크림에듀, 서울대·경인교대와 AI 학습 플랫폼 개발","컨슈머타임스=김동역 기자 | 아이스크림에듀가 서울대학교, 경인교육대학교, 특수교육디지털교육협회(SeeD)와 공동 연구 협약을 맺고 AI 기반 맞춤형 학습·성장 플랫폼 개발에 착수한다. 이번 플랫폼은 '아이스크림 홈런...",2026-10-07 14:24,https://www.cstimes.com/news/articleView.html?idxno=723199,https://www.cstimes.com/news/articleView.html?idxno=723199
서울대학교,스타뉴스,"HD현대, 'SMR 해양 기술 실증센터' 출범","이번 협약에는 HD현대중공업, HD한국조선해양, 한국전력기술, 현대건설, 한국선급, 현대중공업터보기계, 클래드코리아, 울산테크노파크, 울산과학기술원, 서울대학교, 한국과학기술원(KAIST), 한양대학교 등 12개...",2026-10-07 14:24,https://www.starnewskorea.com/business-life/2026/10/07/2026100714231252691,https://n.news.naver.com/mnews/article/108/0003476718?sid=004
서울대학교,뉴스메이커,최승복 전 광주부교육감 별세…전남광주교육계 깊은 애도,"고인은 서울대학교 경영학과를 졸업하고 아주대학교에서 경영학 석사 학위를 받았다. 미국... 이후 목포대학교 사무국장, 서울특별시교육청 기획조정실장, 교육부 역사교과서 국정화 진상조사팀장 등을 지냈다. 교육...",2026-10-07 14:24,http://www.newsmaker.or.kr/news/articleView.html?idxno=183675,http://www.newsmaker.or.kr/news/articleView.html?idxno=183675
서울대학교,아시아A,"포니정재단, 제7회 '포니정 영리더상'에 안세영·김도형 선정",김도형 교수는 2012년 서울대학교 재료공학부를 졸업하고 2018년 UC버클리에서 박사학위를 받았다. 이후 스탠퍼드대학교에서 박사후연구과정을 거쳐 2022년부터 펜실베이니아대학교 화학·생체분자공학과 조교수로...,2026-10-07 14:24,https://www.asiaa.co.kr/news/articleView.html?idxno=265410,https://www.asiaa.co.kr/news/articleView.html?idxno=265410
연세대학교,충청뉴스,"한국연구재단, 신체 부위별 통증 다른 인공 통각 시스템 소개",한국연구재단은 연세대학교 전기전자공학과 김현재 교수 연구팀이 신체 부위에 따라 다르게 활성화되는 통각 섬유 특성을 반영한 인공 통각 인지 시스템을 개발했다고 7일 밝혔다. 연구팀은 '인듐-갈륨-징크-옥사이드...,2026-10-07 14:24,http://www.ccnnews.co.kr/news/articleView.html?idxno=415900,http://www.ccnnews.co.kr/news/articleView.html?idxno=415900
서울대학교,e대한경제,"연천군, ‘2026 DMZ 연천-스웨덴 국제학술 세미나’ 개최",‘2029 세계 구석기 엑스포 잇는 연천 DMZ 글로벌 리빙랩’ 구축 및 평화경제특구 연계 모색 경기연천군은국립평화통일민주교육원 한반도통일미래센터에서 서울대학교 국토문제연구소·서울대학교 아시아연구소...,2026-10-07 14:22,https://www.dnews.co.kr/uhtml/view.jsp?idxno=202610071119576780739,https://www.dnews.co.kr/uhtml/view.jsp?idxno=202610071119576780739
서울대학교,비온뒤,[2026 노벨상 특집] 빛으로 뇌세포를 켜고 끈다? ‘광유전학’이 바꿀 뇌...,"서울대 생명과학부 최명환 교수와 조동찬 한양대 융합의과학 특임교수가 노벨상 특집을 통해 광유전학의 기본 원리부터 파킨슨병, 우울증, 알츠하이머 등 난치성 뇌 질환 치료에 가져올 혁명적인 변화를 알기 쉽게...",2026-10-07 14:22,http://aftertherain.kr/sub/contents/view.php?seq=98070,http://aftertherain.kr/sub/contents/view.php?seq=98070
고려대학교,뉴스핌,"일선 경찰, '사건 쏠림'에 업무 가중 아우성...""베테랑 수사관들 부서 떠...","김선택 고려대 법학전문대학원 교수는 ""검찰청이 쥐고 있던 사건 10만여 건이 경찰로 넘어오면서 경찰이 사건을 중수청에 보내도 되돌려 받을 가능성이 크다""라며 ""중수청은 아직 시스템이 갖춰져 있지 않기 때문에 모든...",2026-10-07 14:22,https://www.newspim.com/news/view/20261006001291,https://www.newspim.com/news/view/20261006001291
고려대학교,전자신문,세계 병원 리더 2000여명 서울 집결…'의료 AI 공동 원칙' 마련한다,"서울성모병원, 고려대 안암병원, 국립암센터, 삼성서울병원, 서울대병원, 서울아산병원, 세브란스병원 등 국내 15개 의료기관에 해외 참가자 약 460명이 방문해 선진 의료 현장을 직접 체험하게 된다. 국내 의료AI...",2026-10-07 14:21,https://www.etnews.com/20261007000300,https://n.news.naver.com/mnews/article/030/0003473078?sid=105
서울대학교,매일경제,연천 DMZ를 ‘글로벌 리빙랩’으로…평화경제특구·구석기 엑스포 연계,"이어진 토크콘서트에는 김덕현 연천군수와 박수진 서울대 아시아연구소장, 파트리크 스트룀 스웨덴 스톡홀름 경제대학교 아시아연구센터장 등이 참여해 DMZ 국제화와 녹색 전환 방안을 논의했다. 총 4개 세션으로 진행된...",2026-10-07 14:20,https://www.mk.co.kr/article/12170365,https://n.news.naver.com/mnews/article/009/0005745233?sid=102
연세대학교,서울파이낸스,"[국감] 의료기기 실증센터 7곳 중 5곳 수도권···""지역 인프라 확충 필...","의료기기 전문인력 양성을 위해 정부가 지정한 특성화대학원도 연세대·성균관대·동국대 등 3곳 모두 서울에 몰려 있는 것으로 나타났다. 특히 대전과 강원 춘천·홍천, 전남 화순 등에서는 바이오 분야...",2026-10-07 14:19,https://www.seoulfn.com/news/articleView.html?idxno=639530,https://www.seoulfn.com/news/articleView.html?idxno=639530
연세대학교,뉴스클레임,김기표 의원 공수처 기능 개편 토론회,"한상훈 연세대 교수는 공수처가 기대에 미치지 못했다는 이유만으로 권한을 축소해야 한다는 결론이 당연하게 도출되는 것은 아니라고 밝히며, 김영중 한국형사·법무정책연구원 연구위원도 공수처의 독립성과 공정성...",2026-10-07 14:18,https://www.newsclaim.co.kr/news/articleView.html?idxno=3077667,https://www.newsclaim.co.kr/news/articleView.html?idxno=3077667
연세대학교,중소기업신문,"신한은행·연세대 기술지주회사, 혁신기술 스타트업 지원",사진/신한은행 신한은행이 연세대학교 기술지주 주식회사(이하 연대기술지주)와 '혁신기술 스타트업 성장 지원을 위한 전략적 파트너십' 업무협약을 체결했다. 7일 신한은행에 따르면 이번 협약은 대학이 보유한 우수...,2026-10-07 14:18,http://www.smedaily.co.kr/news/articleView.html?idxno=364309,http://www.smedaily.co.kr/news/articleView.html?idxno=364309
고려대학교,매일일보,"대기업 오너 4·5세, 94%가 유학파…美 컬럼비아대 출신 최다","국내 대학 중 오너 일가를 가장 많이 배출한 곳은 고려대로 54명이었다. 최태원 SK그룹 회장, 정의선 현대자동차그룹 회장, 허창수 GS그룹 회장, 이재현 CJ그룹 회장 등이 고려대 출신이다. 서울대가 이재용 삼성전자...",2026-10-07 14:18,https://www.m-i.kr/news/articleView.html?idxno=2003518,https://www.m-i.kr/news/articleView.html?idxno=2003518
고려대학교,조세일보,"한은, 신임 부총재보에 최영주 임명…“대표적 금융 전문가”",최 부총재보는 1972년생으로 전주신흥고와 고려대학교 경제학과를 졸업했다. 2007년 미국 미시간주립대학교에서 경제학 석사 학위를 받았다.  △ 출생 : 1972. 9. 25 △ 학력 1991. 2...,2026-10-07 14:18,http://www.joseilbo.com/news/news_read.php?uid=576973&class=18&grp=,https://n.news.naver.com/mnews/article/123/0002391439?sid=101
연세대학교,매일일보,"대기업 오너 4·5세, 94%가 유학파…美 컬럼비아대 출신 최다","서울대가 이재용 삼성전자 회장, 김범수 카카오 미래이니셔티브센터장 등 50명으로 뒤를 이었고 연세대는 35명, 이화여대는 26명이었다. 해외에서는 미국 대학 선호가 뚜렷했다. 컬럼비아대가 22명으로 가장 많았고...",2026-10-07 14:18,https://www.m-i.kr/news/articleView.html?idxno=2003518,https://www.m-i.kr/news/articleView.html?idxno=2003518
서울대학교,매일일보,"대기업 오너 4·5세, 94%가 유학파…美 컬럼비아대 출신 최다","서울대가 이재용 삼성전자 회장, 김범수 카카오 미래이니셔티브센터장 등 50명으로 뒤를 이었고 연세대는 35명, 이화여대는 26명이었다. 해외에서는 미국 대학 선호가 뚜렷했다. 컬럼비아대가 22명으로 가장 많았고...",2026-10-07 14:18,https://www.m-i.kr/news/articleView.html?idxno=2003518,https://www.m-i.kr/news/articleView.html?idxno=2003518
연세대학교,조선비즈,"유비온, 삼성전자 DS부문 ‘DScovery’ 유지보수·운영 18억5000만원 수주","유비온은 대학과 기업, 공공기관 등을 대상으로 학습 플랫폼 구축·운영 사업을 하고 있다. 연세대학교, 삼성전자, 교육부 K-MOOC, 대한상공회의소 등을 대상으로 관련 사업을 수행해 왔으며, 최근에는 AI...",2026-10-07 14:17,https://biz.chosun.com/industry/business_info/2026/10/07/QUPK5EQMUVBORPJUHR67DVEYXU/?utm_source=naver&utm_medium=original&utm_campaign=biz,https://n.news.naver.com/mnews/article/366/0001196650?sid=101
고려대학교,포인트데일리,"한은, 부총재보에 최영주 금융시장국장… 경제연구원장엔 윤경수",최영주 신임 부총재보는 고려대학교 경제학과를 졸업한 뒤 1997년 한국은행에 입행했다. 이후 금융시장국과... 윤경수 원장 내정자는 고려대학교 경제학과를 졸업하고 미국 오하이오주립대에서 경제학 박사 학위를...,2026-10-07 14:16,https://www.pointdaily.co.kr/news/articleView.html?idxno=321536,https://www.pointdaily.co.kr/news/articleView.html?idxno=321536
연세대학교,토요경제,[은행업계동향] NH농협은행 자산알림 특허…신한 스타트업·하나 바둑 후...,연세대 기술지주는 올해 과학기술정보통신부의 '기술경영촉진 사업'에서 대학 부문 유일 수행기관으로 선정됐다. 양측은 앞으로 실무협의체를 구성해 기업 발굴과 지원 프로그램을 구체화할 계획이다. 하나은행은...,2026-10-07 14:16,https://sateconomy.co.kr/news/view/1065588567996172,https://sateconomy.co.kr/news/view/1065588567996172
고려대학교,한스경제,한국은행 국제금융·협력 부총재보에 최영주,경험을 국제금융 분야로 확장해 대외 금융환경 변화에 대응하는 역할을 맡을 것으로 보고 있다. 최 부총재보는 1972년생으로 전주신흥고와 고려대 경제학과를 졸업한 뒤 미국 미시간주립대에서 경제학 석사 학위를 받았다.,2026-10-07 14:16,http://www.hansbiz.co.kr/news/articleView.html?idxno=870807,http://www.hansbiz.co.kr/news/articleView.html?idxno=870807
서울대학교,데일리한국,"""세계의 문화가 창원으로"" 제21회 MAMF 23일 개막","기존 '문화다양성 아이디어 공모전'은 서울대학교와 공동 운영하는 '문화다양성 정책연구 발표 학술제'로 확대해, 아이디어 발굴을 넘어 정책적·학술적 논의가 가능한 프로그램으로 발전시켰다. 외국인근로자를 위한...",2026-10-07 14:16,https://daily.hankooki.com/news/articleView.html?idxno=1412699,https://daily.hankooki.com/news/articleView.html?idxno=1412699
연세대학교,대구일보,"대구서 태어난 '선박왕' 권혁, 15년 체납 3천938억 마침표","1950년 대구 수성구에서 의사인 부모의 2남1녀 중 차남으로 태어난 그는 경북중·고를 거쳐 연세대 경영학과를 졸업했다. 과거 인터뷰에서는 자신을 ""대구 수성동 토박이""라고 소개하기도 했다. 당초 의사인 아버지의...",2026-10-07 14:16,https://www.idaegu.com/news/articleView.html?idxno=666133,https://www.idaegu.com/news/articleView.html?idxno=666133
서울대학교,더퍼블릭,"""新사업 무대는 글로벌""…오너 4~5세대, 10명 중 9명이 조기유학 위해 '...","등이 서울대를 나왔다. 연세대학교는 35명으로 3위에 올랐다. 장형진 영풍 회장(상학), 정지선 현대백화점그룹 회장(사회학), 유경선 유진그룹 회장(중어중문학), 서경배 아모레퍼시픽그룹 회장(경영학), 조동길...",2026-10-07 14:14,https://www.thepublic.kr/news/articleView.html?idxno=321357,https://www.thepublic.kr/news/articleView.html?idxno=321357
고려대학교,한국강사신문,"한국고전번역원·한국고전번역학회, '번역 문체의 개선 방안' 학술대회...","충남대학교 인문대학 문원강당에서 '번역 문체의 개선 방안'을 주제로 학술대회를 개최한다. 이번... 마지막 종합토론에서는 김우정 단국대학교 교수가 좌장을 맡는다. 최일영 고려대학교 교수, 서담원 성균관대학교 교수...",2026-10-07 14:14,https://www.lecturernews.com/news/articleView.html?idxno=211663,https://www.lecturernews.com/news/articleView.html?idxno=211663
고려대학교,더퍼블릭,"""新사업 무대는 글로벌""…오너 4~5세대, 10명 중 9명이 조기유학 위해 '...",북미 이외 지역에서는 중국 칭화대학교와 일본 게이오대학교 출신이 각각 4명으로 가장 많았다. 국내 대학 중에서는 고려대학교가 총 54명을 배출하며 오너 일가 최대 요람으로 집계됐다. 최태원 SK그룹 회장(물리학)...,2026-10-07 14:14,https://www.thepublic.kr/news/articleView.html?idxno=321357,https://www.thepublic.kr/news/articleView.html?idxno=321357
연세대학교,강원도민일보,"원주시, 전입 신고 대학생 학자금 지원…지역 정착 유도","시는 대학생의 학업 부담을 덜고 시 전입을 유도, 안정적인 생활과 지역 정착을 지원하기 위해 하반기 대학생 학자금 지원사업을 실시한다. 대상은 강원대 원주캠퍼스, 경동대 메디컬캠퍼스, 상지대, 연세대 미래캠퍼스...",2026-10-07 14:14,https://www.kado.net/news/articleView.html?idxno=2076868,https://n.news.naver.com/mnews/article/654/0000204276?sid=102
연세대학교,더퍼블릭,"""新사업 무대는 글로벌""…오너 4~5세대, 10명 중 9명이 조기유학 위해 '...","국내 대학 중에서는 고려대학교가 총 54명을 배출하며 오너 일가 최대 요람으로 집계됐다. 최태원 SK그룹... 연세대학교는 35명으로 3위에 올랐다. 장형진 영풍 회장(상학), 정지선 현대백화점그룹 회장(사회학), 유경선...",2026-10-07 14:14,https://www.thepublic.kr/news/articleView.html?idxno=321357,https://www.thepublic.kr/news/articleView.html?idxno=321357
고려대학교,점프볼,"‘전성현-유기상 재현’ 이관우, 아쉽게 놓친 3점슛 성공률 50%",6일 고려대와 맞대결이 자신의 대학농구리그 정규리그 마지막 경기였다. 이제 플레이오프만 남겨놓았다. 이관우는 17경기에 나서 평균 14.9점 4.2리바운드 4.5어시스트 1.8스틸을 기록했다. 장기인 평균 3점슛은 3....,2026-10-07 14:13,https://m.sports.naver.com/basketball/article/065/0000302536,https://m.sports.naver.com/basketball/article/065/0000302536
서울대학교,SBS Biz,“25달러 AI가 해킹 무기로”…크리덴셜 스터핑까지 가속화한 ‘AI 에이...,"■ 용감한 토크쇼 '직설' - 손석우 앵커 경제평론가(건국대 겸임교수), 김형중 고려대 정보보호대학원 교수, 천정희 서울대 수리학부 교수, 이용준 극동대 해킹보안학과 교수 - AI 만나 무서워진 '크리덴셜 스터핑...",2026-10-07 14:12,https://biz.sbs.co.kr/article_hub/20000338739?division=NAVER,https://n.news.naver.com/mnews/article/374/0000536689?sid=101
고려대학교,SBS Biz,“25달러 AI가 해킹 무기로”…크리덴셜 스터핑까지 가속화한 ‘AI 에이...,"■ 용감한 토크쇼 '직설' - 손석우 앵커 경제평론가(건국대 겸임교수), 김형중 고려대 정보보호대학원 교수, 천정희 서울대 수리학부 교수, 이용준 극동대 해킹보안학과 교수 - AI 만나 무서워진 '크리덴셜 스터핑...",2026-10-07 14:12,https://biz.sbs.co.kr/article_hub/20000338739?division=NAVER,https://n.news.naver.com/mnews/article/374/0000536689?sid=101
연세대학교,더벨,"[더벨]한투신탁·한투밸류, 7월부터 TF 가동…연말 분할 목표","1961년생인 배 대표는 연세대 경제학과를 졸업하고 한국종합금융, SK증권을 거쳐 2000년 삼성자산운용에 입사했다. 2002년 국내 최초 ETF인 'KODEX 200' 도입을 주도해 'ETF의 아버지'로 불린다. 2022년 한투신탁운용 대표로...",2026-10-07 14:12,https://www.thebell.co.kr/free/content/ArticleView.asp?key=202610021347442480105067,https://www.thebell.co.kr/free/content/ArticleView.asp?key=202610021347442480105067
서울대학교,메디게이트뉴스,"연세의대 김현철 교수, 서울시 건강총괄관 위촉…""근거 기반·지속가능...","김현철 신임 서울건강총괄관. 사진=김현철 총괄관 페이스북 연세대 의과대학 김현철 교수가... 연세대 경제학 석사와 서울대 보건학 석사를 거쳐 미국 컬럼비아대학교에서 경제학 박사 학위를 받았고, 미국 코넬대학교...",2026-10-07 14:10,https://www.medigatenews.com/news/2201609819,https://www.medigatenews.com/news/2201609819
연세대학교,메디게이트뉴스,"연세의대 김현철 교수, 서울시 건강총괄관 위촉…""근거 기반·지속가능...","신임 건강총괄관인 김현철 교수는 연세대학교 의과대학을 졸업한 의사이자 경제학자다. 연세대 경제학 석사와 서울대 보건학 석사를 거쳐 미국 컬럼비아대학교에서 경제학 박사 학위를 받았고, 미국 코넬대학교 교수를...",2026-10-07 14:10,https://www.medigatenews.com/news/2201609819,https://www.medigatenews.com/news/2201609819
서울대학교,THE-BIZ,"프랜차이즈 후발주자의 공급망 비밀은 ""선점보다 시스템""","현재 서울대학교를 비롯해 전국 주요 대학과 병원 등 특수상권을 중심으로 40여개 매장을 운영한다. 프랜차이즈 본사의 가맹점 관리 방식에도 변화가 나타나고 있다. 모바일 활용이 늘면서 매출과 재고 관리, 공지 전달...",2026-10-07 14:10,http://www.the-biz.co.kr/news/articleView.html?idxno=728893,http://www.the-biz.co.kr/news/articleView.html?idxno=728893
서울대학교,이뉴스투데이,10월 '대한민국 과학기술인상' 수상자에 이정은 서울대 교수,이정은 서울대 물리천문학부 교수가 원시별의 폭발 전후를 추적하는 관측을 통해 초기 태양계에서 행성 형성 물질이 만들어지고 이동하는 과정을 밝힌 연구 성과로 '대한민국 과학기술인상' 10월 수상자로 선정됐다....,2026-10-07 14:10,http://www.enewstoday.co.kr/news/articleView.html?idxno=2477795,http://www.enewstoday.co.kr/news/articleView.html?idxno=2477795
고려대학교,아시아투데이,[취재후일담] 전략 지시냐 근로조건 결정이냐…삼성전자 '사용자성' 쟁...,박지순 고려대 법학전문대학원 교수는 사업지원TF가 삼성바이오로직스 근로자 개개인의 인사·노무에 구체적으로 관여했다면 사용자성 판단의 근거가 될 수 있다고 봤습니다. 다만 그룹 컨트롤타워가 개별 계열사 직원들의...,2026-10-07 14:08,https://www.asiatoday.co.kr/kn/view.php?key=20261007010001894,https://www.asiatoday.co.kr/kn/view.php?key=20261007010001894
연세대학교,딜사이트TV,"[은행 Talk Talk] KB금융, 세종학당재단 한국 문화체험 프로그램 후원 外","◆신한은행, 연대기술지주와 혁신기술 스타트업 성장 지원 신한은행이 6일 서울 서대문구 연세대학교... 지원하겠다""며 ""앞으로도 대학 및 기술지주와의 협력을 확대해 성장 가능성이 높은 기업을 선제적으로 발굴하고...",2026-10-07 14:08,https://news.dealsitetv.com/articles/176720,https://news.dealsitetv.com/articles/176720
서울대학교,일요서울,'SMR 해양 기술 실증센터' 추진… HD현대重 등 조선·원자력 12개 기관 협...,협약에는 HD현대중공업과 HD한국조선해양을 비롯해 한국전력기술·현대건설·한국선급·현대중공업터보기계·클래드코리아·울산테크노파크·울산과학기술원·서울대학교·한국과학기술원(KAIST)·한양대학교 등이...,2026-10-07 14:08,https://www.ilyoseoul.co.kr/news/articleView.html?idxno=523419,https://www.ilyoseoul.co.kr/news/articleView.html?idxno=523419
고려대학교,SBS Biz,“한 곳이 아니었다”…12개국 IP 동원한 금융권 전방위 해킹,"■ 용감한 토크쇼 '직설' - 손석우 앵커 경제평론가(건국대 겸임교수), 김형중 고려대 정보보호대학원 교수, 천정희 서울대 수리학부 교수, 이용준 극동대 해킹보안학과 교수 - 이번 해킹, 기존 금융권 공격과 다른...",2026-10-07 14:06,https://biz.sbs.co.kr/article_hub/20000338738?division=NAVER,https://n.news.naver.com/mnews/article/374/0000536687?sid=101
고려대학교,이사이언스,"대원제약, 의료진 온라인 학술행사 개최...질환별 최신 진료지침 공유",의료진의 진료 일정 등을 고려해 점심시간에 참여할 수 있도록 구성했다. 특히 사전에 접수한 질문에 해당... 15일에는 폐경의 이해와 치료를 주제로 이지영 건국의대 산부인과 교수와 류기진 고려대 안암병원...,2026-10-07 14:06,https://www.e-science.co.kr/news/articleView.html?idxno=136889,https://www.e-science.co.kr/news/articleView.html?idxno=136889
서울대학교,SBS Biz,“한 곳이 아니었다”…12개국 IP 동원한 금융권 전방위 해킹,"■ 용감한 토크쇼 '직설' - 손석우 앵커 경제평론가(건국대 겸임교수), 김형중 고려대 정보보호대학원 교수, 천정희 서울대 수리학부 교수, 이용준 극동대 해킹보안학과 교수 - 이번 해킹, 기존 금융권 공격과 다른...",2026-10-07 14:06,https://biz.sbs.co.kr/article_hub/20000338738?division=NAVER,https://n.news.naver.com/mnews/article/374/0000536687?sid=101
고려대학교,뉴스1,한은 부총재보에 최영주 금융시장국장…국제금융·협력 담당,"1972년생인 최 부총재보는 전주신흥고와 고려대 경제학과를 졸업하고 미국 미시간주립대에서 경제학 석사 학위를 받았다. * 인사 게재 문의는 카톡 뉴스1제보, 이메일 (확인용 담당자 연락처 포함)",2026-10-07 14:06,https://www.news1.kr/economy/trend/6312816,https://n.news.naver.com/mnews/article/421/0009214751?sid=102
서울대학교,경남도민일보,세계문화 창원에 모인다…23일 '맘프' 개막,기존 '문화다양성 아이디어 공모전'은 서울대학교와 공동 운영하는 '문화다양성 정책연구 발표 학술제'로 확대해 아이디어 발굴을 넘어 정책적·학술적 논의가 가능한 프로그램으로 열릴 예정이다. 올해 맘프는...,2026-10-07 14:06,https://www.idomin.com/news/articleView.html?idxno=2016449,https://www.idomin.com/news/articleView.html?idxno=2016449
연세대학교,에스저널,"신한은행, 연세대 기술지주와 맞손…혁신기술 스타트업 성장 지원",신한은행은 지난 6일 서울 서대문구 연세대학교 본관에서 연세대학교 기술지주와 '혁신기술 스타트업 성장 지원을 위한 전략적 파트너십' 업무협약을 체결했다고 밝혔다. 이번 협약은 대학이 보유한 연구성과와 기술의...,2026-10-07 14:04,https://www.s-journal.co.kr/news/articleView.html?idxno=44266,https://www.s-journal.co.kr/news/articleView.html?idxno=44266
고려대학교,BBS NEWS,[인사]한국은행 부총재보 최영주,"신임 최영주 부총재보는 1972년생으로 고려대를 나와 1997년 입행 후 금융시장국, 통화정책국 등 정책 부서에서 오랜기간 근무하면서 국내외 금융시장 분석, 공개시장운영, 비상대응TF 지원 등 다양한 실무경험을 축적해...",2026-10-07 14:04,https://news.bbsi.co.kr/news/articleView.html?idxno=4110809,https://news.bbsi.co.kr/news/articleView.html?idxno=4110809
서울대학교,빅데이터뉴스,서울대 빅데이터 혁신융합대학 구름 '2026 IRB 순위결정전' 마쳐 일곱 개...,"서울대학교가 주관대학을 맡고 경기과학기술대학교, 경상국립대학교, 서울시립대학교, 숙명여자대학교, 전북대학교, 한동대학교 등 일곱 개 대학이 참여한다. 사업단은 대학과 전공의 경계를 넘어 학생 누구나...",2026-10-07 14:04,https://www.thebigdata.co.kr/view.php?ud=20261007140040535037600e7ec7_23,https://www.thebigdata.co.kr/view.php?ud=20261007140040535037600e7ec7_23
서울대학교,교수신문,마오의 인민공사에서 '농가 주도 산업화'까지…중국 한 농촌의 33년,"장경섭 서울대 사회학과 특임석좌교수가 중국 하북성의 한 농촌을 30여 년에 걸쳐 추적한 연구서 『대하인민공사(大河人民公社), 1970~2003: 탈집체 사회주의와 중국 농민』(나남)을 펴냈다. 서울대 통일평화연구원...",2026-10-07 14:04,https://www.kyosu.net/news/articleView.html?idxno=211003,https://www.kyosu.net/news/articleView.html?idxno=211003
연세대학교,전자신문,“소송 한 번에 스타트업 흔들”…집단소송법에 벤처업계 반발,한석훈 연세대 법무대학원 겸임교수는 이러한 소급 적용에 대해 “신뢰보호와 법적 안정성을 내용으로 하는 법치국가 원리에 위배된다”고 말했다. 소송 위험이 벤처투자 시장으로 확산할 가능성도 제기됐다. 국내...,2026-10-07 14:04,https://www.etnews.com/20261007000281,https://n.news.naver.com/mnews/article/030/0003473063?sid=101
서울대학교,KOREADAILY,[삶과추억] 한인사회 원로 김죽봉 회장 별세…12일 포리스트론서 장례식,평북 강계 출신인 고인은 서울대 문리대를 졸업한 뒤 1958년 유학차 도미해 USC를 졸업했다. 이후 미국 금융권을 거쳐 무역업에 종사하며 한국 산업화에 기여했다. 코스트 트레이딩과 렉서스 코퍼레이션 등을...,2026-10-07 14:04,https://www.koreadaily.com/article/20261006220239978,https://www.koreadaily.com/article/20261006220239978
고려대학교,헤럴드경제,한은 신임 부총재보에 최영주…경제연구원장에 윤경수,"윤 내정자는 고려대 경제학과를 졸업하고 미국 오하이오 주립대학교에서 박사 학위를 받았다. 1998년 한은에 입행해 국제국, 금융안정국 등을 거쳐 잉글랜드은행 시니어 이코노미스트, 정책보좌관, 국제국장 등을...",2026-10-07 14:03,https://biz.heraldcorp.com/article/10895712?ref=naver,https://n.news.naver.com/mnews/article/016/0002706519?sid=101
서울대학교,데일리시큐,"퀀텀테크 기업 QAI, 전문 인재 영입해 한국형 양자 클라우드 구축 속도","신성욱 연구소장은 서울대 물리학 박사 출신이자 QML 연구자로, 독일 베를린자유대 박사후연구원을 거쳐 세종대 교수를 겸임하고 있다. QAI에서 양자 알고리즘의 실용화 연구를 총괄한다. QAI는 국내에 양자 장비와...",2026-10-07 14:02,https://www.dailysecu.com/news/articleView.html?idxno=208766,https://www.dailysecu.com/news/articleView.html?idxno=208766
고려대학교,BBS NEWS,"한국은행, 경제연구원장에 윤경수 국제국장 내정",윤 내정자는 1972년생으로 고려대를 나와 미국 오하이오 주립대학교에서 석사와 박사를 취득했으며 국제경제와 금융시장 분야의 연구를 수행하고 다수의 논문을 게재했다고 한국은행은 전했습니다. 한국은행은 윤...,2026-10-07 14:00,https://news.bbsi.co.kr/news/articleView.html?idxno=4110807,https://news.bbsi.co.kr/news/articleView.html?idxno=4110807
고려대학교,한국경제TV,한국은행 국제금융 담당 부총재보에 최영주...경제연구원장 윤경수,"윤 내정자는 고려대 경제학과를 졸업하고 미국 오하이오 주립대학교에서 박사 학위를 받았다. 1998년 한은에 입행해 국제국, 금융안정국 등을 거쳐 잉글랜드은행 시니어 이코노미스트, 정책보좌관, 국제국장 등을...",2026-10-07 14:00,http://www.wowtv.co.kr/NewsCenter/News/Read?articleId=A202610070080&t=NN,https://n.news.naver.com/mnews/article/215/0001268426?sid=102
서울대학교,파이낸셜뉴스,"리사 수 ""한국 AI에 투자""…정부, AMD와 3대 프로젝트 협력 모색","한국 AI 연구거점 설립…피지컬 AI까지 협력 수 회장은 7일 서울 포시즌스 호텔에서 류제명... 수 회장은 ""첫 단계로 클라우드 구축과 관련해 망고부스트와 협력하게 됐다""며 최근 서울대학교 AI 연구소와 MOU를 체결한...",2026-10-07 14:00,https://www.fnnews.com/news/202610071330163026,https://n.news.naver.com/mnews/article/014/0005586118?sid=105
서울대학교,비즈니스플러스,"[영상]리사 수 AMD 회장 ""한국 AI 생태계 위해 수백명 채용""",리사 수 AMD 회장이 7일 서울 포시즌스호텔에서 진행된 류제명 과학기술정보통신부 2차관과의 면담에서... AMD는 국내 기업 망고부스트와 협력해 첫 클라우드 설비를 구축하고 연산 용량을 확대하는 한편 서울대 AI연구소...,2026-10-07 14:00,https://www.businessplus.kr/news/articleView.html?idxno=117819,https://www.businessplus.kr/news/articleView.html?idxno=117819
고려대학교,연합인포맥스,한은 신임 부총재보에 최영주 금융시장국장…경제연구원장 윤경수 국제...,윤 신임 경제연구원장은 1972년생으로 고려대 경제학과를 졸업하고 미국 오하이오 주립대학교에서 경제학 박사 학위를 받았다. 그는 국제국과 금융안정국을 거쳤으며 2024년 5월부터 국제국장 직무를 수행해 왔다. 한은은...,2026-10-07 14:00,https://news.einfomax.co.kr/news/articleView.html?idxno=4438128,https://news.einfomax.co.kr/news/articleView.html?idxno=4438128
고려대학교,뉴스1,"""스마트 가전도 뚫릴라""…AI 해킹에 TV·로봇청소기도 '비상'","고려하는 것도 하나의 방법이 될 수 있다""며 ""업데이트 진행, 연결된 앱 권한 설정 점검, 비밀번호 노출 관리, 카메라 미사용 시 가리기 등은 소비자가 즉각적으로 취해볼 수 있다""고 말했다. 임종인 고려대 정보보호대학원...",2026-10-07 13:58,https://www.news1.kr/industry/general-industry/6312105,https://n.news.naver.com/mnews/article/421/0009214719?sid=101
서울대학교,아주경제,리사 수 AMD 회장 만난 정부…AI 연구소 설립 채용·이기종 컴퓨팅 인프...,"com 리사 수 AMD 회장 겸 최고경영자(CEO)가 7일 서울 종로구 포시즌스호텔에서 열린 AI반도체 기업... 류 차관도 이와 관련해 ""서울대·망고부스트뿐 아니라 한국에는 유망한 대학 연구소와 스타트업 등이 많다....",2026-10-07 13:56,https://www.ajunews.com/view/20261007114947429,https://www.ajunews.com/view/20261007114947429
고려대학교,전자신문,[인사] 개인정보보호위원회,◆개인정보보호위원회 ◇위원 위촉 △이성엽(고려대 기술경영전문대학원 교수) △박민철(법무법인 MCP&파트너스 대표변호사) △양동훈(법무법인 삼현 대표변호사),2026-10-07 13:56,https://www.etnews.com/20261007000270,https://n.news.naver.com/mnews/article/030/0003473052?sid=102
서울대학교,브릿지경제,"HD현대중공업 등 12개 기관, SMR 해양 기술 실증센터 출범","이번 협약에는 HD현대중공업과 HD한국조선해양, 한국전력기술, 현대건설, 한국선급, 현대중공업터보기계, 클래드코리아, 울산테크노파크, UNIST, 서울대학교, 한국과학기술원(KAIST), 한양대학교가 참여했다. 실증센터는...",2026-10-07 13:56,https://www.viva100.com/article/20261007500841,https://www.viva100.com/article/20261007500841
고려대학교,이데일리,김광수·이성엽 등 개인정보위 새 진용…AI·데이터 전문가 포진,김광수 성균관대 소프트웨어융합대학 교수(왼쪽)와 이성엽 고려대 기술경영전문대학원 교수. 사진=이데일리DB 먼저 개인정보위는 지난달 21일 권건보 아주대 법학전문대학원 교수와 김광수 성균관대 소프트웨어융합대학...,2026-10-07 13:54,https://www.edaily.co.kr/News/Read?newsId=03939286645610624&mediaCodeNo=257&utm_source=naver&utm_medium=referral&utm_campaign=news_syndication&utm_content=original_article,https://n.news.naver.com/mnews/article/018/0006382915?sid=105
서울대학교,조선일보,"한국학원총연합회-앱티마이저, 학원장·강사 교육프로그램 운영 협력",임민진 기자 | 한국학원총연합회와 서울대학교 기술지주 자회사 앱티마이저가 학원장과 강사 대상... 도입 ▲‘서울대 석학이 알려주는 자녀교육법’ 등 학부모 교육 프로그램 제공 ▲학원장·학원 종사자 대상...,2026-10-07 13:54,https://edu.chosun.com/site/data/html_dir/2026/10/07/2026100780116.html,https://edu.chosun.com/site/data/html_dir/2026/10/07/2026100780116.html
서울대학교,브레이크뉴스,"POSTECH 연구진, LOHC 촉매 열화 원인 규명…장수명 수소 촉매 설계 길 열...","포항공과대학교(POSTECH) 화학공학과·친환경소재학과 윤창원 교수와 화학공학과 한승목 박사 연구팀은 서울대 재료공학부 한정우 교수 연구팀, 한국과학기술연구원...",2026-10-07 13:54,http://www.breaknews.com/1241455,http://www.breaknews.com/1241455
고려대학교,충남일보,"우송대, 2027 THE 세계대학평가 3년 연속 순위 등재","(사진제공=우송대학교) 우송대학교가 영국 글로벌 대학평가기관인 타임스고등교육(THE)이 발표한 '2027 THE... 순위'에서 고려대 경영대학, 연세대 경영대학, 성균관대 GSB에 이어 국내 4위를 기록하며 국제적 비즈니스...",2026-10-07 13:54,http://www.chungnamilbo.co.kr/news/articleView.html?idxno=913520,http://www.chungnamilbo.co.kr/news/articleView.html?idxno=913520
연세대학교,충남일보,"우송대, 2027 THE 세계대학평가 3년 연속 순위 등재","(사진제공=우송대학교) 우송대학교가 영국 글로벌 대학평가기관인 타임스고등교육(THE)이 발표한 '2027 THE... 경영대학, 연세대 경영대학, 성균관대 GSB에 이어 국내 4위를 기록하며 국제적 비즈니스 교육기관으로서의...",2026-10-07 13:54,http://www.chungnamilbo.co.kr/news/articleView.html?idxno=913520,http://www.chungnamilbo.co.kr/news/articleView.html?idxno=913520
고려대학교,디지털데일리,"한은, 국제금융·협력 부총재보에 최영주 금융시장국장 임명",최 신임 부총재보는 1972년생으로 고려대 경제학과를 졸업하고 미국 미시간주립대에서 경제학 석사 학위를 받았다. 1997년 한국은행에 입행한 뒤 금융시장국과 통화정책국 등 주요 정책부서를 두루 거쳤다....,2026-10-07 13:53,https://www.ddaily.co.kr/page/view/2026100713523909288,https://n.news.naver.com/mnews/article/138/0002243967?sid=105
연세대학교,머니투데이,"""K팝·드라마 푹 빠져 공부""...외국인 1200명 고개 푹 숙이고 한글백일장",연세대 어학당 학생뿐 아니라 다른 대학과 고등학교에 다니는 학생들도 글솜씨를 겨뤘다. 주어진 시간은 약 2시간. 글제가 공개되자 참가자들은 옆자리 친구와 무엇을 쓸지 이야기를 나눴다. 수정펜 등 필기구를 챙기지...,2026-10-07 13:52,https://www.mt.co.kr/society/2026/10/08/2026100711520371020,https://n.news.naver.com/mnews/article/008/0005423238?sid=102
고려대학교,데일리시큐,'AI가 공격하는 시대' 보안 해법 공유…'AIS 2026 인공지능 보안 컨퍼런...,또 김승주 고려대학교 교수는 '생성형 AI 시대의 새로운 위협과 대응'을 주제로 생성형 AI 확산에 따라 새롭게 등장하는 보안 위험과 대응 방향을 제시한다. 이외에도 AI 기반 안티 랜섬웨어와 최근 금융사를...,2026-10-07 13:52,https://www.dailysecu.com/news/articleView.html?idxno=208764,https://www.dailysecu.com/news/articleView.html?idxno=208764
서울대학교,디지털타임스,초기 태양계·행성 형성 규명 공로… 이정은 서울대 교수 ‘10월 수상자...,과학기술정보통신부와 한국연구재단은 대한민국 과학기술인상 10월 수상자로 이정은(사진) 서울대 물리천문학부 교수를 선정했다고 7일 밝혔다. 이 교수는 원시별(아주 어린 별)이 형성되는 과정에서 행성의 바탕이...,2026-10-07 13:51,https://www.dt.co.kr/article/12087900?ref=naver,https://n.news.naver.com/mnews/article/029/0003051926?sid=105
서울대학교,EBN 산업경제,"[현장] 리사 수 ""韓 AI 생태계 기여""…국내 AI 반도체업계와 이기종 AI 인...",과학기술정보통신부는 7일 서울 포시즌스 호텔에서 류제명 제2차관과 리사 수 AMD 회장의 면담에 이어... 수 회장은 최근 서울대 AI연구소와 체결한 MOU 등 산학협력 계획도 소개했다. 또 국내 AI 스타트업과 일반...,2026-10-07 13:50,https://www.ebn.co.kr/news/articleView.html?idxno=1726980,https://www.ebn.co.kr/news/articleView.html?idxno=1726980
고려대학교,백세시대,루게릭병 새 치료 후보물질 찾았다 … 제브라피쉬 모델로 300개 물질 선...,"고려대 안산병원 신경외과 김명지 교수와 고려대 의과대학 융합의학교실 박해철 교수(신약중개연구사업단장), 제브라피쉬 중개의학연구소 서용보 교수 연구팀은 루게릭병과 관련된 FUS 유전자 변이 제브라피쉬...",2026-10-07 13:50,https://www.100ssd.co.kr/news/articleView.html?idxno=213288,https://www.100ssd.co.kr/news/articleView.html?idxno=213288
고려대학교,경인일보,안산시 ‘다문화도시’ 교육 대전환 나선다,대부도 국제학교·상호문화공유학교 등 확충 한양대·고려대 연계 영재교육 미래 인재 육성 다문화 환경... 대학과 연계한 영재교육도 추진한다. 한양대학교 ERICA 부설 영재교육원은 경기도교육청 승인을 받아 2027학년도...,2026-10-07 13:50,https://www.kyeongin.com/article/1772123,https://www.kyeongin.com/article/1772123
서울대학교,대전일보,대기업 오너 4·5세대 94% '유학파'…美 컬럼비아대 최다,"다음은 서울대 출신이 50명으로, 이재용 삼성전자 회장(동양사학), 정몽준 아산재단 이사장(경제학), 김범수 카카오 미래이니셔티브센터 센터장(산업공학), 구본준 LX홀딩스 회장(계산통계학), 이호진 전 태광그룹...",2026-10-07 13:48,https://www.daejonilbo.com/news/articleView.html?idxno=2305594,https://n.news.naver.com/mnews/article/656/0000188800?sid=102
연세대학교,파이낸스투데이,"신한은행·연세대, 혁신기술 스타트업 발굴·투자 지원 '맞손'",현대경제신문 정준기 기자 | 신한은행이 연세대학교와 손잡고 대학의 연구성과를 기반으로 한 기술 스타트업의 발굴부터 투자·보육까지 지원한다. 연세대 기술지주가 발굴한 기업을 신한 퓨처스랩과 신한 스퀘어브릿지...,2026-10-07 13:48,http://www.finomy.com/news/articleView.html?idxno=263053,http://www.finomy.com/news/articleView.html?idxno=263053
고려대학교,이뉴스투데이,한은 국제금융·협력 부총재보에 최영주 금융시장국장,최 신임 부총재보는 1972년생으로 전주신흥고와 고려대 경제학과를 졸업하고 미국 미시간주립대에서 경제학 석사 학위를 받았다. 1997년 한은에 입행했다. 입행 이후 금융시장국과 통화정책국 등 정책부서에서 주로...,2026-10-07 13:48,http://www.enewstoday.co.kr/news/articleView.html?idxno=2477786,http://www.enewstoday.co.kr/news/articleView.html?idxno=2477786
고려대학교,스마트경제,"""금융·국방 AI 대전환의 길을 찾다""… 고려대, 이달 15일 'AX 전략 공개...",첫 번째 금융 세션에서는 윤지환 고려대 기술경영전문대학원 부원장이 좌장을 맡은 가운데 같은 대학원 김장호 교수가 '금융 AI 기술과 R&D의 중요성'을 주제로 발제에 나선다. 이어 류혁선 KAIST 경영대학 교수가...,2026-10-07 13:48,http://www.dailysmart.co.kr/news/articleView.html?idxno=130732,http://www.dailysmart.co.kr/news/articleView.html?idxno=130732
고려대학교,이뉴스투데이,한은 경제연구원장에 윤경수 국제국장 내정,윤 내정자는 1972년생으로 전주 한일고와 고려대 경제학과를 졸업했다. 이후 미국 오하이오주립대에서 경제학 석사와 박사 학위를 받았다. 국제경제와 금융시장 분야를 중심으로 연구해 다수의 논문을 게재했다. 1998년...,2026-10-07 13:48,http://www.enewstoday.co.kr/news/articleView.html?idxno=2477789,http://www.enewstoday.co.kr/news/articleView.html?idxno=2477789
고려대학교,대전일보,대기업 오너 4·5세대 94% '유학파'…美 컬럼비아대 최다,"한편 국내 대학에서는 고려대가 54명으로 가장 상위권에 있었다. 고려대 출신 오너 일가는 최태원 SK그룹 회장(물리학), 정의선 현대자동차그룹 회장(경영학), 허창수 GS그룹 회장(경영학), 이재현 CJ그룹 회장(법학)...",2026-10-07 13:48,https://www.daejonilbo.com/news/articleView.html?idxno=2305594,https://n.news.naver.com/mnews/article/656/0000188800?sid=102
서울대학교,비즈니스코리아,"HD현대重, 12개 기관과 해양 SMR 실증센터 출범","학계에서는 울산과학기술원, 서울대학교, 한국과학기술원(KAIST), 한양대학교가 이름을 올렸다. 실증센터는 참여기관이 보유한 전문 인력과 연구 설비를 연계해 기술 개발부터 시험, 검증, 실증에 이르는 전 과정을 공동...",2026-10-07 13:48,https://www.businesskorea.co.kr/news/articleView.html?idxno=278379,https://www.businesskorea.co.kr/news/articleView.html?idxno=278379
연세대학교,대전일보,대기업 오너 4·5세대 94% '유학파'…美 컬럼비아대 최다,"오너 일가가 가장 많이 다닌 해외 대학은 미국 컬럼비아대였다. 7일 기업데이터연구소 CEO스코어가 총수가... 이어 연세대는 35명으로, 장형진 영풍 회장(상학), 정지선 현대백화점그룹 회장(사회학), 유경선 유진그룹...",2026-10-07 13:48,https://www.daejonilbo.com/news/articleView.html?idxno=2305594,https://n.news.naver.com/mnews/article/656/0000188800?sid=102
연세대학교,이사이언스,"신한은행·연세대, 연구실 기술을 스타트업으로…투자·TIPS까지 잇는다","| 이코노미사이언스 박성현 기자 | 신한은행이 연세대학교 기술지주회사와 손잡고 대학 연구실에서 나온 기술을 스타트업으로 키우는 사업에 나선다. 단순한 창업 지원을 넘어 연구성과 발굴에서 기술사업화, 투자와...",2026-10-07 13:48,https://www.e-science.co.kr/news/articleView.html?idxno=136866,https://www.e-science.co.kr/news/articleView.html?idxno=136866
서울대학교,한국강사신문,"[강원국의 인생독서] ""책 고르기는 음식을 선택하는 장보기"" 책을 선택...","칼럼니스트 프로필 강원국 칼럼니스트는 서울대학교 외교학과를 졸업했고, 2000년부터 2008년까지 대통령비서실 공보수석실 행정관, 연설비서관으로 재직했다. 2004년 홍조근정훈장을 수상했다. 쉰 살까지 기업 회장비서실과...",2026-10-07 13:46,https://www.lecturernews.com/news/articleView.html?idxno=211167,https://www.lecturernews.com/news/articleView.html?idxno=211167
연세대학교,더파워,"기술사업화부터 금융까지 한 번에…신한은행, 연세대와 스타트업 육성",연세대 기술지주는 올해 과학기술정보통신부 ‘기술경영촉진 사업’의 기술사업화 종합전문회사 육성 분야에서 대학 부문 유일 수행기관으로 선정돼 유망 기술과 혁신기업의 발굴·사업화·투자·보육을 지원하고 있다....,2026-10-07 13:46,https://www.thepowernews.co.kr/view.php?ud=202610071344146096de3f0aa1be_7,https://www.thepowernews.co.kr/view.php?ud=202610071344146096de3f0aa1be_7
연세대학교,메트로신문,"명지병원, 라보로AI와 병원용 ‘피지컬 AI’ 공동 실증",카네기멜론대학교 로보틱스학과 교수인 오혜진 대표와 뉴욕 알버트 아인슈타인 의과대학 버크재활병원... 국내에서는 연세대학교 기계공학과 송순호 교수팀이 연구 파트너로 참여하고 있다. 명지병원은 지난 2월...,2026-10-07 13:46,http://www.metroseoul.co.kr/article/20261007500254,http://www.metroseoul.co.kr/article/20261007500254
고려대학교,한국일보,"한은 국제 담당 부총재보에 최영주, 경제연구원장에 윤경수 선임","윤 내정자는 고려대 경제학과를 졸업하고 미국 오하이오 주립대학교에서 박사 학위를 받았다. 1998년 한은에 입행해 국제국, 금융안정국 등을 거쳐 잉글랜드은행 선임 연구원, 정책보좌관, 국제국장 등을 역임했다.",2026-10-07 13:46,https://www.hankookilbo.com/news/article/A2026100708490005506?did=NA,https://n.news.naver.com/mnews/article/469/0000958141?sid=101
서울대학교,서울경제,"HD현대重, 11개 기관 손잡고 SMR 해양실증센터 구축","협약에는 HD현대중공업을 필두로 HD한국조선해양(009540), 한국전력기술, 현대건설(000720), 한국선급, 현대중공업터보기계, 클래드코리아, 울산테크노파크, 울산과학기술원, 서울대, 한국과학기술원(KAIST), 한양대 등 12개...",2026-10-07 13:43,https://www.sedaily.com/article/20099002?ref=naver,https://n.news.naver.com/mnews/article/011/0004668981?sid=101
서울대학교,서울경제,포니정 영리더상에 안세영 선수·김도형 교수…스포츠·과학 혁신가 선...,펜실베이니아대학교 교수가 올해의 ‘포니정 영리더상’ 수상자로 선정됐다. 포니정재단은 제7회... 1987년생인 김도형 교수는 2012년 서울대학교 재료공학부를 졸업한 뒤 2018년 미국 UC버클리에서 재료공학 박사학위를...,2026-10-07 13:42,https://www.sedaily.com/article/20098998?ref=naver,https://n.news.naver.com/mnews/article/011/0004668979?sid=101
고려대학교,SBS Biz,"[직설] 이번 해킹, 기존 금융권 공격과 다른 점은?","■ 용감한 토크쇼 '직설' - 손석우 앵커 경제평론가 및 건국대 겸임교수, 김형중 고려대 정보보호대학원 교수, 천정희 서울대 수리학부 교수, 이용준 극동대 해킹보안학과 교수 AI를 활용한 해킹으로 은행권이 줄줄이...",2026-10-07 13:42,https://biz.sbs.co.kr/article_hub/20000338649?division=NAVER,https://n.news.naver.com/mnews/article/374/0000536683?sid=101
고려대학교,서울경제,한은 국제담당 부총재보에 최영주...경제연구원장은 윤경수,"윤 신임 경제연구원장 내정자는 고려대 경제학과를 졸업하고 미국 오하이오 주립대학교에서 박사 학위를 받았다. 1998년 한은에 입행해 국제국, 금융안정국 등을 거쳐 잉글랜드은행 시니어 이코노미스트, 정책보좌관...",2026-10-07 13:42,https://www.sedaily.com/article/20098997?ref=naver,https://n.news.naver.com/mnews/article/011/0004668978?sid=101
서울대학교,SBS Biz,"[직설] 이번 해킹, 기존 금융권 공격과 다른 점은?","천정희 서울대 수리학부 교수, 이용준 극동대 해킹보안학과 교수 AI를 활용한 해킹으로 은행권이 줄줄이... 고려대 정보보호대학원  김형중 교수, 서울대 수리학부 천정희 교수, 극동대 해킹보안학과 이용준 교수...",2026-10-07 13:42,https://biz.sbs.co.kr/article_hub/20000338649?division=NAVER,https://n.news.naver.com/mnews/article/374/0000536683?sid=101
고려대학교,디스커버리뉴스,"인천시, 1만6000명 북미 한인 생명과학자 네트워크와 협약",협약식에는 김성중 인천시 행정부시장과 리시연 글로벌 한인 생명과학자협회 대표위원(고려대 교수) 등이 참석했다. 이번 협약은 박찬대 인천시장이 민선 9기 핵심 공약으로 추진하는 '(가칭)인천바이오과학기술원...,2026-10-07 13:42,https://www.discoverynews.kr/news/articleView.html?idxno=1103480,https://www.discoverynews.kr/news/articleView.html?idxno=1103480
서울대학교,민중의소리,"허태정 대전시장 “100일의 성과, 이제 시민 삶의 변화로”","0, 충남대 서울대 10개 만들기 선정, 2029 인빅터스게임 유치 등을 언급하며 녹록지 않은 여건에서 출범했지만 공직자 여러분이 함께해 준 덕분에 많은 성과를 만들어냈다고 격려했다.이어 그동안 해온 일을 시민께 보고하는...",2026-10-07 13:42,https://vop.co.kr/A00001697039.html,https://vop.co.kr/A00001697039.html
연세대학교,경남도민일보,"대한민국 나노의 중심, 밀양에서 경남의 미래를 열다",한국나노폴리텍대학 등으로 밀양 내 나노산업 생태계가 자리를 잡아가고 있다. 나노기술이 만드는 산업의... 카이스트와 연세대에서 각각 원자력·화학·공학 학사·석사·박사를 땄으며 SF소설 작가이자 숭실사이버대...,2026-10-07 13:40,https://www.idomin.com/news/articleView.html?idxno=2016438,https://www.idomin.com/news/articleView.html?idxno=2016438
서울대학교,이데일리,"""몸속에서 항암 치료제 만든다""...서울대기술지주, 바이오 벤처 '엠브릭...",환자 몸속에서 직접 치료제를 만들어내는 차세대 항암 기술 기업이 서울대학교기술지주로부터 투자 유치에 성공했다. 7일 서울대기술지주는 바이오 벤처 ‘엠브릭스’에 신규 투자를 집행했다고 밝혔다. 엠브릭스는...,2026-10-07 13:40,https://www.edaily.co.kr/News/Read?newsId=03893366645610624&mediaCodeNo=257&utm_source=naver&utm_medium=referral&utm_campaign=news_syndication&utm_content=original_article,https://n.news.naver.com/mnews/article/018/0006382905?sid=101
고려대학교,아주경제,"한은, 국제금융 담당 부총재보에 최영주…경제연구원장에 윤경수","윤 원장 내정자는 고려대 경제학과를 졸업하고 미국 오하이오 주립대학교에서 박사 학위를 받았다. 1998년 한은에 입행해 국제국, 금융안정국 등을 거쳐 영은행 시니어 이코노미스트, 정책보좌관, 국제국장 등을...",2026-10-07 13:40,https://www.ajunews.com/view/20261007132322573,https://www.ajunews.com/view/20261007132322573
연세대학교,매일일보,"집단소송법에 스타트업계 '긴장'…""소급 위험에 초기투자 위축 우려""","발제를 맡은 한석훈 연세대 법무대학원 겸임교수는 미국식 집단소송의 소송 비용과 남소 가능성을 지적했다. 독일과 프랑스, 일본 등이 미국식 제도 대신 피해구제 절차를 결합한 단체소송제를 채택했다며 국내 도입...",2026-10-07 13:36,https://www.m-i.kr/news/articleView.html?idxno=2003469,https://www.m-i.kr/news/articleView.html?idxno=2003469
연세대학교,IDSN,"서울시, 장애인 치과진료 체계 확대...누적 4만2000여 명 진료",두 병원은 서울대학교치과병원이 위탁 운영하며 일반 치과진료와 함께 전신마취가 필요한 치료... 치과치료는 연세대학교 치과병원에 설치된 ‘서울 권역장애인구강진료센터’가 맡는다. 지난해 6월 문을 연 센터에는...,2026-10-07 13:36,https://idsn.co.kr/news/view/1065587648880478,https://idsn.co.kr/news/view/1065587648880478
서울대학교,IDSN,"서울시, 장애인 치과진료 체계 확대...누적 4만2000여 명 진료",이에 따라 장애인 전문 치과진료 기반이 서울 동·서 권역으로 확대됐다. 두 병원은 서울대학교치과병원이... 연세대학교 치과병원에 설치된 ‘서울 권역장애인구강진료센터’가 맡는다. 지난해 6월 문을 연 센터에는...,2026-10-07 13:36,https://idsn.co.kr/news/view/1065587648880478,https://idsn.co.kr/news/view/1065587648880478
연세대학교,뉴스퀘스트,"신한은행, 연세대 기술지주와 맞손...혁신 스타트업 육성",신한은행이 연세대학교 기술지주 주식회사와 손잡고 혁신기술을 보유한 스타트업 발굴과 육성에 나선다.... 이번 협약에 따라 양측은 대학의 연구성과와 기술을 기반으로 성장 잠재력이 있는 기업을 발굴하고 사업화부터...,2026-10-07 13:36,https://www.newsquest.co.kr/news/articleView.html?idxno=302205,https://www.newsquest.co.kr/news/articleView.html?idxno=302205
연세대학교,한경매거진,한국 HBM 수출 200배 뛴 말레이시아…이유는?,고영경 연세대 디지털통상연구센터 교수는 “반도체 산업 전체의 수요가 급격하게 커지면서 기존 생산거점이 소화하지 못한 물량이 설비와 생산능력을 갖춘 지역으로 분산되고 있다”며 “한국이 늘어난 메모리...,2026-10-07 13:35,https://magazine.hankyung.com/business/article/202610016190b,https://n.news.naver.com/mnews/article/050/0000111730?sid=101
서울대학교,ㅍㅍㅅㅅ,세계문화가 창원으로…제21회 MAMF 23일 개막,기존 '문화다양성 아이디어 공모전'은 서울대학교와 공동 운영하는 '문화다양성 정책연구 발표 학술제'로 개편된다. 외국인 근로자를 대상으로 한 '찾아가는 일자리 상담 부스'도 시범 운영해 취업정보와 관련 지원...,2026-10-07 13:34,https://www.ppss.kr/news/articleView.html?idxno=314403,https://www.ppss.kr/news/articleView.html?idxno=314403
서울대학교,프레시안,"연천군, DMZ 국제화 모색…스웨덴과 국제학술 세미나","이어진 토크콘서트에는 김덕현 연천군수와 박수진 서울대 아시아연구소장, 파트리크 스트룀 스웨덴 스톡홀름 경제대학교 아시아연구센터장 등이 참여해 DMZ 국제화와 녹색 전환 방안을 논의했다. 김덕현 군수는...",2026-10-07 13:32,https://www.pressian.com/pages/articles/2026100712034449589?utm_source=naver&utm_medium=search,https://n.news.naver.com/mnews/article/002/0002459876?sid=102
연세대학교,정보통신신문,[특별기고] AI 에이전트 신뢰성 높이는 '자가치유' 기술…오류 감지부터...,최근 필자(정천수 박사)와 신영근 연구자(연세대학교 석사과정)가 수행한 연구 'An Integrated Self-Healing Framework for Enhancing the Reliability of LLM-Based Autonomous Software Agents'가 국제 SCIE 색인 학술지인 'International Journal of...,2026-10-07 13:32,https://www.koit.co.kr/news/articleView.html?idxno=209387,https://www.koit.co.kr/news/articleView.html?idxno=209387
연세대학교,정보통신신문,"""집단소송법 도입 시 벤처·스타트업 생존 위협""","이날 토론회에서 첫 발제를 맡은 한석훈 연세대학교 법무대학원 겸임교수는 ""미국식 집단소송은 남소와... 이후 토론에서는 최지영 대표가 좌장을 맡은 가운데 전성민 가천대학교 경영학부 교수, 강종수 콜즈다이나믹스...",2026-10-07 13:32,https://www.koit.co.kr/news/articleView.html?idxno=209385,https://www.koit.co.kr/news/articleView.html?idxno=209385
고려대학교,뉴스핌,한은 부총재보에 최영주 금융시장국장…경제연구원장에 윤경수 국제국...,1972년생으로 전주신흥고와 고려대 경제학과를 졸업하고 미국 미시간주립대에서 경제학 석사 학위를 받았다.... 윤 내정자는 1972년생으로 고려대 경제학과를 졸업하고 미국 오하이오주립대에서 경제학 석·박사 학위를...,2026-10-07 13:31,https://www.newspim.com/news/view/20261007000791,https://www.newspim.com/news/view/20261007000791
고려대학교,TV조선,"한은, 국제담당 부총재보에 최영주 임명 …경제연구원장에 윤경수","윤 원장 내정자는 고려대 경제학과를 졸업하고 미국 오하이오 주립대학교에서 박사 학위를 받았다. 1998년 한은에 입행해 국제국, 금융안정국 등을 거쳐 잉글랜드은행 시니어 이코노미스트, 정책보좌관, 국제국장 등을...",2026-10-07 13:31,https://news.tvchosun.com/site/data/html_dir/2026/10/07/2026100790130.html,https://n.news.naver.com/mnews/article/448/0000643529?sid=101
연세대학교,부산일보,"대기업 오너 4·5세, 열에 아홉이 ‘유학파’","국내 대학 중에서는 고려대 출신이 54명으로 가장 많았다. 서울대(50명), 연세대(35명), 이화여대(26명)가 뒤를 이었다. 고려대에서는 SK그룹 최태원 회장과 현대차그룹 정의선 회장이, 서울대에서는 삼성전자 이재용...",2026-10-07 13:27,https://www.busan.com/view/busan/view.php?code=2026100713255905438,https://n.news.naver.com/mnews/article/082/0001401459?sid=101
서울대학교,부산일보,"대기업 오너 4·5세, 열에 아홉이 ‘유학파’","서울대(50명), 연세대(35명), 이화여대(26명)가 뒤를 이었다. 고려대에서는 SK그룹 최태원 회장과 현대차그룹 정의선 회장이, 서울대에서는 삼성전자 이재용 회장이 학부를 마쳤다. 한편, CEO스코어는 2018년에도...",2026-10-07 13:27,https://www.busan.com/view/busan/view.php?code=2026100713255905438,https://n.news.naver.com/mnews/article/082/0001401459?sid=101
고려대학교,부산일보,"대기업 오너 4·5세, 열에 아홉이 ‘유학파’","국내 대학 중에서는 고려대 출신이 54명으로 가장 많았다. 서울대(50명), 연세대(35명), 이화여대(26명)가 뒤를 이었다. 고려대에서는 SK그룹 최태원 회장과 현대차그룹 정의선 회장이, 서울대에서는 삼성전자 이재용...",2026-10-07 13:27,https://www.busan.com/view/busan/view.php?code=2026100713255905438,https://n.news.naver.com/mnews/article/082/0001401459?sid=101
서울대학교,메가경제,포니정 영리더상에 안세영·김도형…배드민턴·나노촉매 분야서 두각,2012년 서울대학교 재료공학부를 졸업한 뒤 미국 버클리캘리포니아대학교에서 재료공학 박사학위를... 시상식은 오는 11월 25일 서울 강남구 삼성동 아이파크타워 포니정홀에서 열린다. 포니정 영리더상은...,2026-10-07 13:26,https://www.megaeconomy.co.kr/news/newsview.php?ncode=1065586907909518,https://www.megaeconomy.co.kr/news/newsview.php?ncode=1065586907909518
고려대학교,브릿지경제,"한은, 윤경수 신임 경제연구원장 내정",1972년생인 윤 내정자는 고려대학교 경제학과를 졸업하고 미국 오하이오주립대학교에서 경제학 석·박사 학위를 받았다. 국제경제와 금융시장 분야를 중심으로 연구를 수행하며 다수의 논문을 게재했다. 1998년...,2026-10-07 13:26,https://www.viva100.com/article/20261007500780,https://www.viva100.com/article/20261007500780
연세대학교,아주경제,,"아주경제=강민선 기자 mingtung@ajunews.com ▲이주우씨 별세, 박송자씨 배우자상, 이상길(연세암병원 병원장)·상도·상헌씨 부친상, 김선경·최나리씨 시부상=5일, 연세대 신촌세브란스병원 장례식장 8호실, 발인...",2026-10-07 13:24,https://www.ajunews.com/view/20261007132010569,https://www.ajunews.com/view/20261007132010569
고려대학교,브릿지경제,"한은, 국제금융·협력 담당 부총재보에 최영주 금융시장국장 임명",1972년생인 최 신임 부총재보는 고려대학교 경제학과를 졸업하고 미국 미시간주립대학교에서 경제학 석사 학위를 받았다. 1997년 한국은행에 입행한 뒤 금융시장국과 통화정책국 등 주요 정책부서를 거치며 국내외...,2026-10-07 13:24,https://www.viva100.com/article/20261007500774,https://www.viva100.com/article/20261007500774
연세대학교,비즈니스포스트,"[부음] 이상길 부친, 윤문정 조부","△이주우씨 별세, 박송자 남편상, 이상길(연세암병원 병원장)·이상도·이상헌 부친상, 김선경·최나리 시부상 = 5일, 빈소 서울 서대문구 연세대 신촌장례식장 8호실, 발인 8일 오전 10시, (02)2227-7500. △윤영배씨...",2026-10-07 13:24,https://www.businesspost.co.kr/BP?command=article_view&num=448801,https://www.businesspost.co.kr/BP?command=article_view&num=448801
서울대학교,HINEWS,서울대·숙명여대·숭실대·IIASA 연구진 기후·대기 국제 워크숍 한자리...,"숙명여자대학교 탄소중립대학원이 공동주관하며, 연구진과 정부·공공기관, 지방자치단체 관계자 등 약 120명이 참여한다. 발표에는 서울대 우정헌·홍종호 교수, 숙명여대 안영환 교수, 숭실대 황규백 교수가...",2026-10-07 13:24,https://www.hinews.co.kr/view.php?ud=20261007132036272137600e7ec7_48,https://www.hinews.co.kr/view.php?ud=20261007132036272137600e7ec7_48
서울대학교,쿠키뉴스,창원 강기윤호 출범 초기 언론 키워드 분석…긍정 평가 65.8%,올해는 문화다양성 관련 정책 논의를 강화하기 위해 서울대학교와 공동으로 정책연구 발표 학술제를 운영한다. 외국인근로자를 위한 찾아가는 일자리 상담 부스도 시범 운영해 취업정보와 지원제도를 안내한다. 이...,2026-10-07 13:24,https://www.kukinews.com/article/view/kuk202610070132,https://www.kukinews.com/article/view/kuk202610070132
고려대학교,라포르시안,"고려대 연구팀, 루게릭병 운동기능 개선 새 후보물질 발굴",고대안산병원은 본원 김명지 신경외과 교수와 고대의대 융합의학교실 박해철 교수·제브라피쉬 중개의학연구소 서용보 교수 연구팀이 루게릭병 제브라피쉬 동물 모델을 개발하고 새로운 치료 후보물질을...,2026-10-07 13:24,https://www.rapportian.com/news/articleView.html?idxno=241041,https://www.rapportian.com/news/articleView.html?idxno=241041
연세대학교,스타뉴스,"'1R 이승원 2억 5000만 원' KT, '계약금 0원' 최지만 포함 2027 신인 11명...","8라운드 좌완 조영우(22·연세대)는 4000만 원을 받는다. 유신고 출신인 조영우는 안정적인 제구와 슬라이더, 타자가 공을 보기 어려운 디셉션이 강점으로 당장 퓨처스리그에서 활용할 수 있는 자원이라는...",2026-10-07 13:23,https://www.starnewskorea.com/sports/2026/10/07/2026100712315871962,https://m.sports.naver.com/kbaseball/article/108/0003476691
고려대학교,뉴데일리경제,"한은, 국제 담당 부총재보에 최영주 … 경제연구원장 윤경수",최 신임 부총재보는 고려대 경제학과를 졸업하고 1997년 한은에 입행했다. 금융시장국과 통화정책국 등 정책... 윤 신임 경제연구원장 내정자는 고려대 경제학과를 졸업하고 미국 오하이오 주립대에서 경제학 박사...,2026-10-07 13:22,https://biz.newdaily.co.kr/site/data/html/2026/10/07/2026100700215.html,https://biz.newdaily.co.kr/site/data/html/2026/10/07/2026100700215.html
서울대학교,TV조선,안세영·김도형 교수…올해 '포니정 영리더상' 수상자 선정,서울대학교 재료공학부를 졸업하고 2018년 미국 UC버클리에서 박사학위를 받았다. 이후 스탠퍼드대학교에서... 5000만원과 상패를 수여한다. 올해 시상식은 다음 달 25일 서울 삼성동 아이파크타워 포니정홀에서 열린다.,2026-10-07 13:21,https://news.tvchosun.com/site/data/html_dir/2026/10/07/2026100790121.html,https://n.news.naver.com/mnews/article/448/0000643520?sid=101
고려대학교,노컷뉴스,"한은, 국제담당 부총재보에 최영주 임명…경제연구원장에 윤경수 내정","최 신임 부총재보는 고려대 경제학과를 졸업하고 1997년 한은에 입행해 금융시장국, 통화정책국 등 정책... 윤 원장 내정자는 고려대 경제학과를 졸업하고 미국 오하이오 주립대에서 박사 학위를 받았다. 1998년 한은에...",2026-10-07 13:20,https://www.nocutnews.co.kr/news/6588150?utm_source=naver&utm_medium=article&utm_campaign=20261007011923,https://n.news.naver.com/mnews/article/079/0004196427?sid=101
서울대학교,스포츠한국,"HD현대重, 조선·원자력 분야 12개 기관과 'SMR 해양 기술 실증센터' 출...","울산과학기술원, 서울대학교, 한국과학기술원(KAIST), 한양대학교 등 12개 기관이 참여했다. SMR 해양 기술 실증센터는 참여기관의 기술과 전문인력, 연구설비 등을 연계해 해양 SMR 기술개발과 시험·검증, 실증을...",2026-10-07 13:20,https://sports.hankooki.com/news/articleView.html?idxno=6941324,https://sports.hankooki.com/news/articleView.html?idxno=6941324
서울대학교,비욘드포스트,동북아 대기질 해법 서울대·IIASA 국제 워크숍서 논의,서울대 환경대학원과 국제응용시스템분석연구소(IIASA)가 주최하고 숙명여자대학교 탄소중립대학원이 공동주관하는 '2026 기후변화와 청정대기의 미래 국제 워크숍(GUIDE IAM)'이다. 기후·에너지·대기환경 분야 국내외...,2026-10-07 13:18,http://www.beyondpost.co.kr/view.php?ud=20261007131535655837600e7ec7_30,http://www.beyondpost.co.kr/view.php?ud=20261007131535655837600e7ec7_30
서울대학교,워크투데이,"HD현대중공업, 해양 SMR 실증 거점 구축 … 조선·원자력·학계 12곳 맞손","협약에는 HD현대중공업과 HD한국조선해양을 비롯해 한국전력기술, 현대건설, 한국선급, 현대중공업터보기계, 클래드코리아, 울산테크노파크, 울산과학기술원, 서울대학교, 한국과학기술원(KAIST), 한양대학교가 참여했다....",2026-10-07 13:14,http://www.worktoday.co.kr/news/articleView.html?idxno=90140,http://www.worktoday.co.kr/news/articleView.html?idxno=90140
서울대학교,천지일보,"산길에서 만난 풍경, 먹으로 담다… 세종뮤지엄갤러리 조인호 초대전",세종대학교 세종뮤지엄갤러리 1관이 7일부터 25일까지 동양화가 조인호 작가 기획 초대전 'Wanderings Toward Freedom 유(遊): 자유를 향한 여정'을 개최한다. 서울대학교 동양화과 교수인 조 작가가 자연을 직접 경험하며 느낀...,2026-10-07 13:14,https://www.newscj.com/news/articleView.html?idxno=3438528,https://www.newscj.com/news/articleView.html?idxno=3438528
서울대학교,WOODKOREA,"산림청, 프랑스서 '아시아 산불역량 강화사업' 제2차 운영위원회 개최","서울대학교와 프랑스 PSL(Paris Sciences et Lettres) 대학, 아시아산림협력기구는 석사 복수학위 장학프로그램 양해각서(MOU)를 체결했다. 이에 따라 회원국 장학생 4명을 선발해 내년 9월부터 학업을 시작할 예정이다....",2026-10-07 13:14,https://www.woodkorea.co.kr/news/articleView.html?idxno=91689,https://www.woodkorea.co.kr/news/articleView.html?idxno=91689
서울대학교,빅데이터뉴스,서울대 환경대학원 IIASA와 기후·대기 통합평가 모델링 시연한다,"서울대 환경대학원과 국제응용시스템분석연구소(IIASA)는 오는 10월 13일 서울대에서 '2026 기후변화와 청정대기의 미래 국제 워크숍(GUIDE IAM)'을 개최한다. 숙명여자대학교 탄소중립대학원이 공동주관하며, 국내외...",2026-10-07 13:14,https://www.thebigdata.co.kr/view.php?ud=20261007131058261037600e7ec7_23,https://www.thebigdata.co.kr/view.php?ud=20261007131058261037600e7ec7_23
서울대학교,뉴스클레임,[영풍 인사 전망]① 중대재해 뒤 김기호 앉혔다… 장세준 코리아써키트...,◇ 중대재해 뒤 석포 맡은 김기호… 조업 재개 뒤 환경·안전 문제 남아 1962년생인 김기호 대표는 서울대... 혐의로 서울 종로경찰서에 고발했다. 영풍·MBK 측은 같은 날 최대주주로서 기업가치 제고 활동을 한 것이라는...,2026-10-07 13:12,https://www.newsclaim.co.kr/news/articleView.html?idxno=3077621,https://www.newsclaim.co.kr/news/articleView.html?idxno=3077621
연세대학교,뉴스클레임,[영풍 인사 전망]① 중대재해 뒤 김기호 앉혔다… 장세준 코리아써키트...,"1968년생인 권 CFO는 한국외대와 연세대 경영대학원을 거쳐 ㈜한화와 한화시스템, 한화에어로스페이스에서 일했고 2022년 영풍으로 옮겼다. 올해 3월 사내이사로 재선임돼 2028년 3월까지 임기가 이어진다. 권 CFO는...",2026-10-07 13:12,https://www.newsclaim.co.kr/news/articleView.html?idxno=3077621,https://www.newsclaim.co.kr/news/articleView.html?idxno=3077621
서울대학교,글로벌에픽,서울대·IIASA 10월 13일 '2026 기후변화와 청정대기의 미래' 국제 워크숍...,"서울대 환경대학원과 국제응용시스템분석연구소(IIASA)가 공동 개최하는 '2026 기후변화와 청정대기의 미래 국제 워크숍(GUIDE IAM)'이다. 숙명여자대학교 탄소중립대학원이 공동주관하며, 국내외 연구진과 정부·공공기관...",2026-10-07 13:10,http://www.globalepic.co.kr/view.php?ud=20261007130843999437600e7ec7_29,http://www.globalepic.co.kr/view.php?ud=20261007130843999437600e7ec7_29
서울대학교,더파워,기후위기와 대기오염은 따로 풀 수 없다... 서울대 통합 대응 국제 워크...,서울대학교 환경대학원과 국제응용시스템분석연구소(IIASA)는 오는 10월 13일 서울대에서 '2026 기후변화와 청정대기의 미래 국제 워크숍(GUIDE IAM)'을 개최한다고 밝혔다. 숙명여자대학교 탄소중립대학원이 공동주관한다....,2026-10-07 13:08,https://www.thepowernews.co.kr/view.php?ud=20261007130450971937600e7ec7_7,https://www.thepowernews.co.kr/view.php?ud=20261007130450971937600e7ec7_7
연세대학교,스타뉴스,"KIA, '美 유턴파' 최병용 등 육성선수 7명 영입 ""성장 가능성 중점→팀 ...","함께 합류한 내야수 이지원(대전고-연세대)은 안정적인 타격 능력과 성실함을, 송승엽(충암고-동원대)은... 부산고-동원과기대를 거친 김태언은 정교한 콘택트 능력을 바탕으로 올 시즌 대학리그에서 꾸준히 고타율을...",2026-10-07 13:06,https://www.starnewskorea.com/sports/2026/10/07/2026100713020046049,https://m.sports.naver.com/kbaseball/article/108/0003476683
연세대학교,뉴스웰,신한은행·연세대기술지주 손잡고 '혁신 스타트업 성장' 지원,대학의 우수한 연구 기술이 스타트업의 성장으로 이어지도록 금융과 대학이 손을 잡았습니다. 신한은행이 연세대학교 기술지주회사와 혁신기술 창업기업 지원을 위한 업무협약을 체결했습니다. 양 기관은 유망...,2026-10-07 13:06,http://www.newswell.co.kr/news/articleView.html?idxno=22506,http://www.newswell.co.kr/news/articleView.html?idxno=22506
서울대학교,내일신문,[혁신을 일구는 사람들 28 윤 찬 에버엑스 대표] 스마트폰으로 병원 밖...,윤 찬 에버엑스 대표는 서울대 의과대학을 졸업한 스포츠의학 전문 정형외과 전문의 출신이다. 윤 대표는... 지난달 15일 서울 서초구 본사에서 윤 대표를 만났다. ◆의료 전문성과 AI 결합 = 에버엑스의 핵심기술은...,2026-10-07 13:04,https://www.naeil.com/news/read/604420?ref=naver,https://www.naeil.com/news/read/604420?ref=naver
고려대학교,인천in,"이식된 자리, 이어진 군락 - 마르기 전에","단국대학교 서양화과 졸업, 고려대학교 교육대학원 졸업, 단국대학교에서 미술학 박사학위를 받았다. 인천아트플랫폼, 아트센터 예술의 시간, 소마미술관, 금호미술관 등에서 개인전을 개최했으며, 국내외 주요...",2026-10-07 13:04,http://www.incheonin.com/news/articleView.html?idxno=121291,http://www.incheonin.com/news/articleView.html?idxno=121291
서울대학교,내일신문,코웨이 ‘미생물형 음식물처리기’ 출시,"코웨이는 서울대에서 독점 이전받은 기술을 기반으로 한국 전통 발효식품에서 추출한 미생물 5종을 신제품에 적용했다. 미생물의 분해성능은 시험을 통해서도 확인됐다. 한국환경수도연구원 시험결과, 신제품에 적용된...",2026-10-07 13:04,https://www.naeil.com/news/read/604422?ref=naver,https://www.naeil.com/news/read/604422?ref=naver
연세대학교,충남일보,"연구재단, 신체 부위별 통증 차이 모사한 인공신경 개발 지원",(사진제공=연세대학교 전기전자공학과 김현재 교수)  손등은 작은 압력에도 예민하게 반응하지만 종아리는... 한국연구재단의 지원으로 김현재 연세대학교 교수 연구팀이 별도의 소재 변경이나 추가 공정 없이 단일...,2026-10-07 13:02,http://www.chungnamilbo.co.kr/news/articleView.html?idxno=913359,http://www.chungnamilbo.co.kr/news/articleView.html?idxno=913359
연세대학교,핀포인트뉴스,"신한은행, 연세대 기술지주 맞손…혁신 스타트업 발굴·투자 지원",지난 6일 서울 서대문구 연세대학교 본관에서 열린 협약식에는 이종구 신한은행 영업추진1그룹장과 홍종일 연세대 기술지주 대표 등이 참석했다. 이번 협약에 따라 양측은 대학이 보유한 연구성과와 기술의 사업화를...,2026-10-07 13:02,https://www.pinpointnews.co.kr/news/articleView.html?idxno=493339,https://www.pinpointnews.co.kr/news/articleView.html?idxno=493339
서울대학교,국제뉴스,창원서 MAMF2026 개최…22개국·10개 대사관 참여 확대,"기존의 '문화다양성 아이디어 공모전'은 서울대학교와 공동 운영하는 '문화다양성 정책연구 발표 학술제'로 확대됐다. 외국인근로자를 위한 '외국인 찾아가는 일자리 상담 부스'가 시범 운영되며, 외국인근로자들이...",2026-10-07 13:02,https://www.gukjenews.com/news/articleView.html?idxno=3715026,https://www.gukjenews.com/news/articleView.html?idxno=3715026
고려대학교,이데일리,안구건조증 환자 200명 대상 RCI001 국내 임상 2상 진행,고려대학교 안암병원 안과 김동현 교수가 개발 총책임을 맡고 있는 안구건조증 신약 후보물질 ‘RCI001’이 지난 9월 22일 식품의약품안전처로부터 국내 임상 2상 시험계획을 승인받았다. RCI001은 루다큐어와...,2026-10-07 13:02,https://www.edaily.co.kr/News/Read?newsId=03794966645610624&mediaCodeNo=257&utm_source=naver&utm_medium=referral&utm_campaign=news_syndication&utm_content=original_article,https://n.news.naver.com/mnews/article/018/0006382885?sid=102
서울대학교,로이슈,"서울대 환경대학원·IIASA, 기후·대기 통합 대응 국제 워크숍 10월 13일...",서울대학교 환경대학원과 국제응용시스템분석연구소(IIASA)가 오는 10월 13일 서울대에서 '2026 기후변화와 청정대기의 미래 국제 워크숍(GUIDE IAM)'을 연다. 숙명여자대학교 탄소중립대학원이 공동주관하는 이번...,2026-10-07 13:02,http://www.lawissue.co.kr/view.php?ud=20261007125807195637600e7ec7_12,http://www.lawissue.co.kr/view.php?ud=20261007125807195637600e7ec7_12
고려대학교,이데일리,한은 부총재보에 최영주 금융시장국장…경제연구원장엔 윤경수,고려대 경제학과를 졸업한 최 신임 부총재보는 1997년 한은에 입행한 뒤 금융시장국과 통화정책국 등에서... 윤 내정자는 고려대 경제학과를 졸업하고 미국 오하이오주립대에서 경제학 박사 학위를 받은 뒤 국제경제와...,2026-10-07 13:01,https://www.edaily.co.kr/News/Read?newsId=03788406645610624&mediaCodeNo=257&utm_source=naver&utm_medium=referral&utm_campaign=news_syndication&utm_content=original_article,https://n.news.naver.com/mnews/article/018/0006382883?sid=101
고려대학교,여성경제신문,[양선주 더봄] 윤동주의 '가슴1',여성경제신문 양선주 시인·한국미니픽션작가회 회원 zoo-mouse@hanmail.net 양선주 시인·작가 고려대학교 대학원에서 응용언어학 박사 과정을 수료했으며 대산창작기금을 수혜하며 문단에 데뷔해 시집 를 출간했다....,2026-10-07 13:00,https://www.womaneconomy.co.kr/news/articleView.html?idxno=259230,https://www.womaneconomy.co.kr/news/articleView.html?idxno=259230
고려대학교,뉴스클레임,[DL 인사 전망]① 박상신 부회장 올린 이해욱… 건설 안전·화학 재편 남...,"1962년생인 박 부회장은 고려대 경영학과를 졸업한 뒤 1985년 DL건설의 전신인 삼호에 입사했다. 삼호 경영혁신본부장과 고려개발 대표, 대림산업 주택사업본부장을 거쳐 2018년 대림산업 대표를 맡았다. 그룹을 떠났던...",2026-10-07 12:56,https://www.newsclaim.co.kr/news/articleView.html?idxno=3077609,https://www.newsclaim.co.kr/news/articleView.html?idxno=3077609
서울대학교,톱스타뉴스,"AI 알고리즘이 민주주의 흔드나…김의영 ""불신 커지면 극우 메시지에 가...","김의영 서울대 교수, 이정환 슬로우뉴스 대표가 의견을 나눴다. 출연진은 AI가 단순히 가짜뉴스를... 김의영 서울대 정치외교학부 교수, 이정환 슬로우뉴스 대표가 대담했다. 이날 논의는 기자들의 AI 활용에서 시작해...",2026-10-07 12:54,https://www.topstarnews.net/news/articleView.html?idxno=16240542,https://www.topstarnews.net/news/articleView.html?idxno=16240542
연세대학교,전자신문,[부음] 윤문정(코리아헤럴드 대리)씨 조부상,"▲윤영배씨 별세, 유현숙씨 남편상, 윤택근·신근·동근씨 부친상, 김정미·허명자씨 시부상, 윤문정(코리아헤럴드 편집부 외신팀 대리)·효정·정훈·애정·라영·수영씨 조부상=6일, 연세대 신촌장례식장 11호실...",2026-10-07 12:54,https://www.etnews.com/20261007000209,https://n.news.naver.com/mnews/article/030/0003472995?sid=102
서울대학교,데일리벳,"한국수의종양의학연구회 제4회 컨퍼런스, 10월 25일 서울대서 개최","5시까지 서울대학교 수의과대학 스코필드홀에서 열린다.먼저, 서울대학교병원 김희승 교수... 전북대학교 수의과대학 윤학영 교수(수의영상의학)는 ‘비뇨기 종양의심 병변에서의 영상 평가’를 주제로...",2026-10-07 12:52,https://www.dailyvet.co.kr/news/academy/299701,https://www.dailyvet.co.kr/news/academy/299701
서울대학교,뉴스엔,"티아라 지연 효민 큐리, 수영복 입고 호캉스‥결혼·이혼 겪어도 여전한...",효민의 남편은 10살 연상으로 서울대학교 산업공학과 출신의 글로벌 사모펀드(PEF) 전무로 알려졌다. 은정은 현재 배우로 활발히 활동 중이며 8살 연상 김병우 감독과 지난해 11월 결혼했다.,2026-10-07 12:44,https://www.newsen.com/news_view.php?uid=202610071219326110,https://m.entertain.naver.com/article/609/0001176220
서울대학교,뉴스프리존,"제21회 MAMF 2026, 22개국 참여 속 10월23일 개막","기존 '문화다양성 아이디어 공모전'은 서울대학교와 공동 운영하는 '문화다양성 정책연구 발표 학술제'로 확대해, 아이디어 발굴을 넘어 정책적∙학술적 논의가 가능한 프로그램으로 발전시켰다. 외국인근로자를 위한...",2026-10-07 12:44,https://www.newsfreezone.co.kr/news/articleView.html?idxno=712694,https://www.newsfreezone.co.kr/news/articleView.html?idxno=712694
연세대학교,뉴스더원,"신한은행, 연세대학교 기술지주회사와 혁신기술 스타트업 성장 지원 업...","더트래커 강혜림 기­자 raak@thetracker.co.kr 더트래커 = 강혜림 기자신한은행이 연세대학교 기술지주... 이번 협약은 대학이 보유한 우수 연구성과와 기술의 사업화를 촉진하고, 성장 가능성이 높은 혁신기업을 공동 발굴해...",2026-10-07 12:44,https://thetracker.co.kr/View.aspx?No=4254915,https://thetracker.co.kr/View.aspx?No=4254915
고려대학교,이데일리,"해킹 때문에 내 계좌에서 돈이?…""지금 당장 ㅇㅇ하세요""",사진=인공지능(AI) 생성 이미지 7일 방송된 YTN 라디오 ‘장성철의 뉴스명당’에는 김승주 고려대 정보보호대학원 교수가 출연해 최근 은행 등에서 발생한 해킹사고를 주제로 이야기를 나눴다. 이날 김 교수는 이번 해킹...,2026-10-07 12:41,https://www.edaily.co.kr/News/Read?newsId=03742486645610624&mediaCodeNo=257&utm_source=naver&utm_medium=referral&utm_campaign=news_syndication&utm_content=original_article,https://n.news.naver.com/mnews/article/018/0006382875?sid=101
서울대학교,INCHEONNEWS,"[2026 국감] 김경협 ""동포 성금 30억, 교육문화센터에 쓴다"" … 송도 건립...",교육문화센터는 당초 경기도 시흥시 서울대학교 시흥캠퍼스 부지에 연면적 6758㎡ 규모로 건립하는 방안이... 국회예산정책처도 앞서 서울대학교와 건축계획 및 임대차 비용 협의 등에 시간이 소요되면서 사업이 당초...,2026-10-07 12:36,http://www.incheonnews.com/news/articleView.html?idxno=441376,http://www.incheonnews.com/news/articleView.html?idxno=441376
서울대학교,한국경제,[단독] 판결문 공개 막던 비실명화 작업…AI로 단축한다,"이재진 서울대 데이터사이언스대학원장이 이끄는 '초거대 AI 모델 및 플랫폼 최적화 센터' 연구팀은 판결문... 서울고등법원의 한 부장판사는 ""20여 년 전부터 미국의 웨스트로·렉시스넥시스처럼 민간이나 별도 재단이...",2026-10-07 12:35,https://www.hankyung.com/article/202609291179i,https://n.news.naver.com/mnews/article/015/0005340003?sid=102
연세대학교,아시아타임즈,“소송 한 번에 문 닫을 판”…스타트업 떨게 하는 ‘집단소송법’,“G7에도 없는 파괴적 조합”…무기한 소급에 헌법 위배 지적 한석훈 연세대 법무대학원 겸임교수가 집단소송법의 미비점에 대해 이야기하고 있다. (사진=이하영 기자) 전문가들은 현재 논의 중인 집단소송법이 해외...,2026-10-07 12:32,https://www.asiatime.co.kr/article/20261007500209,https://www.asiatime.co.kr/article/20261007500209
고려대학교,메디칼업저버,"[동정] 고대 안암 김동현 교수, 신약 후보물질 임상2상 진행",고려대학교 안암병원 김동현 교수(안과)가 개발 총책임을 맡고 있는 안구건조증 신약 후보물질 'RCI001'이 지난 22일 식품의약품안전처로부터 국내 임상 2상 시험계획을 승인받았다. RCI001은 루다큐어와...,2026-10-07 12:30,https://www.monews.co.kr/news/articleView.html?idxno=414365,https://www.monews.co.kr/news/articleView.html?idxno=414365
서울대학교,뉴스프리존,"한국 아마복싱 올림픽 흑역사 2탄, 1972년 뮌헨 올림픽","1972년 뮌헨 올림픽 8강전에서 탈락한 고생근은 1951년 7월 서울 용산태생으로, 복싱인들 중 자식 농사에 가장 성공한 대표적인 인물로 손꼽힌다. 이화여대를 나온 큰딸은 영국에 유학 중이며 서울대를 나온 둘째 딸은...",2026-10-07 12:24,https://www.newsfreezone.co.kr/news/articleView.html?idxno=712686,https://www.newsfreezone.co.kr/news/articleView.html?idxno=712686
서울대학교,광주일보,"전남광주시 출범 100일, ‘신세계’ 향한 음악회","서울대 전기공학부와 음악대학 작곡과 지휘전공을 거쳐 미국 커티스 음악원과 템플대에서 공부한 그는 국내 주요 오케스트라와 오페라 무대에서 활동해왔다. 최근에는 방송과 강연, SNS 등을 통해 클래식을 쉽고...",2026-10-07 12:24,http://www.kwangju.co.kr/article.php?aid=1791343200804031007,http://www.kwangju.co.kr/article.php?aid=1791343200804031007
서울대학교,글로벌이코노믹,"포니정재단, 제7회 ‘포니정 영리더상’에 안세영 선수·김도형 교수 선...",김도형 교수는 서울대 재료공학부를 졸업하고 UC버클리에서 박사학위를 거쳐 2022년부터 펜실베이니아대학교 조교수로 재직 중이다. 고체 촉매 표면 반응 부위를 지도화해 에너지 전환 효율을 높이는 연구로 주목받고...,2026-10-07 12:24,https://www.g-enews.com/view.php?ud=202610071133205452a9fc143920_1,https://www.g-enews.com/view.php?ud=202610071133205452a9fc143920_1
고려대학교,의협신문,"""닥터스 피 도입·전공의수련 투자, 사회적 합의 필요""",기존 대학에서 필수의료·지역의료 인력을 별도 선발·교육하고 의무복무를 부과하는 방식이 더 효과적... 명예교수 ▲정지태 고려대 명예교수 ▲홍성태 서울대 명예교수 ▲임인석 중앙대 명예교수 ▲박정율 고려의대...,2026-10-07 12:22,http://www.doctorsnews.co.kr/news/articleView.html?idxno=166645,http://www.doctorsnews.co.kr/news/articleView.html?idxno=166645
서울대학교,의협신문,"""닥터스 피 도입·전공의수련 투자, 사회적 합의 필요""",명예교수 ▲홍성태 서울대 명예교수 ▲임인석 중앙대 명예교수 ▲박정율 고려의대 교수 ▲배상철 한양대 석좌교수 ▲염호기 호기내과의원장 ▲김재규 중앙의대 교수 ▲박중신 서울의대 교수 ▲이우용 성균관의대 교수...,2026-10-07 12:22,http://www.doctorsnews.co.kr/news/articleView.html?idxno=166645,http://www.doctorsnews.co.kr/news/articleView.html?idxno=166645
고려대학교,조선비즈,한은 국제담당 부총재보 최영주·경제연구원장 윤경수,최 신임 부총재보는 1972년생으로 전주신흥고와 고려대 경제학과를 졸업하고 1997년 한국은행에 입행했다.... 윤 신임 원장은 1972년생으로 전주 한일고와 고려대 경제학과를 졸업해 1998년 한국은행에 입행했다. 미국...,2026-10-07 12:21,https://biz.chosun.com/policy/policy_sub/2026/10/07/ZGGLMN4IBZFT3IDETQDH7MOVEQ/?utm_source=naver&utm_medium=original&utm_campaign=biz,https://n.news.naver.com/mnews/article/366/0001196619?sid=101
연세대학교,포스인사이트,"[4th-Infra] ""로봇 친화 도시 되려면 작업·환경 함께 설계해야""","신동준 연세대학교 기계공학부 교수, 남창모 로브로스 부대표, 아오이 후카와 갤봇 부사장이 토론을... 신동준 연세대학교 기계공학부 교수는 '인간중심 AI 로보틱스' 발제를 통해 이같은 목적을 달성하기 위해서는 사람과...",2026-10-07 12:20,http://www.4th.kr/news/articleView.html?idxno=2119331,http://www.4th.kr/news/articleView.html?idxno=2119331
서울대학교,약업신문,[KSMCB 2026]프로티나 윤태영 대표 “AI가 항체 쏟아내는 시대…관건은 ...,7일 열린 첨단 이미징 기술과 응용 심포지엄에서는 첨단 이미징 기술을 활용한 생명과학 연구와 신약개발 사례가 소개됐다.프로티나 윤태영 대표 겸 서울대학교 생명과학부 교수는 이날 ‘항체 서열 공간의 대규모...,2026-10-07 12:20,https://www.yakup.com/news/index.html?mode=view&cat=12&nid=333457,https://www.yakup.com/news/index.html?mode=view&cat=12&nid=333457
고려대학교,전자신문,"대원제약, 'AGORA WEEK' 개최…5일간 의료진 대상 온라인 학술 강의",이지영 건국의대 산부인과 교수가 좌장과 연자를 맡고 류기진 고려대 안암병원 산부인과 교수가 연자로 참여한다. 마지막 날인 16일에는 척추질환과 요통 관리를 주제로 윤승환 인하대병원 신경외과 교수가 좌장을...,2026-10-07 12:15,https://www.etnews.com/20261007000189,https://n.news.naver.com/mnews/article/030/0003472978?sid=105
고려대학교,루키,"강력했던 구민교! 고려대 전에서 팀을 지탱했던 에이스, 하지만 그 밑바...",성균관대학교가 6일 성균관대 자연과학캠퍼스 수성관에서 열린 2026 KUSF 대학농구 U-리그 고려대학교와의 경기에서 81-78로 승리했다. 이날 치열했던 접전 승부였다. 양 팀은 수없이 리드 체인지와 동점을 기록하며 경기...,2026-10-07 12:15,http://www.rookie.co.kr/news/articleView.html?idxno=127911,https://m.sports.naver.com/basketball/article/398/0000103415
연세대학교,문화일보,‘이 대학으로 유학가면 재벌 4세와 친구된다?’…오너가 4~5세 93%는 ‘...,"아들 신유열 롯데바이오로직스 대표, 이경후 CJ ENM 브랜드전략 담당실장과 이선호 CJ그룹 미래전략그룹장 남매 등이 컬럼비아대 출신 인사다. 국내 대학 중에선 고려대(54명), 서울대(50명), 연세대(35명) 순이었다.",2026-10-07 12:13,https://www.munhwa.com/article/11621943?ref=naver,https://n.news.naver.com/mnews/article/021/0002823599?sid=101
서울대학교,문화일보,‘이 대학으로 유학가면 재벌 4세와 친구된다?’…오너가 4~5세 93%는 ‘...,"아들 신유열 롯데바이오로직스 대표, 이경후 CJ ENM 브랜드전략 담당실장과 이선호 CJ그룹 미래전략그룹장 남매 등이 컬럼비아대 출신 인사다. 국내 대학 중에선 고려대(54명), 서울대(50명), 연세대(35명) 순이었다.",2026-10-07 12:13,https://www.munhwa.com/article/11621943?ref=naver,https://n.news.naver.com/mnews/article/021/0002823599?sid=101
고려대학교,문화일보,‘이 대학으로 유학가면 재벌 4세와 친구된다?’…오너가 4~5세 93%는 ‘...,"아들 신유열 롯데바이오로직스 대표, 이경후 CJ ENM 브랜드전략 담당실장과 이선호 CJ그룹 미래전략그룹장 남매 등이 컬럼비아대 출신 인사다. 국내 대학 중에선 고려대(54명), 서울대(50명), 연세대(35명) 순이었다.",2026-10-07 12:13,https://www.munhwa.com/article/11621943?ref=naver,https://n.news.naver.com/mnews/article/021/0002823599?sid=101
연세대학교,의약뉴스,"바이엘 케렌디아, SGLT-2 억제제에 더해 알부민뇨ㆍ단백뇨 개선","5일, Diabetes, Obesity and Metabolism에는 연세대학교 연구진이 86명의 제2형 당뇨병 환자를 대상으로 진행한 단일 기관 후향적 코호트 분석 결과가 게재됐다. 연구 대상은 당뇨병 및 만성콩팥병 치료제 중 하나인...",2026-10-07 12:12,http://www.newsmp.com/news/articleView.html?idxno=258512,http://www.newsmp.com/news/articleView.html?idxno=258512
서울대학교,위클리오늘,"[위클리오늘] 연천군, '2026 DMZ 연천-스웨덴 국제학술 세미나' 성황리 ...","이어진 토크콘서트에서는 김덕현 연천군수, 박수진 서울대 아시아연구소장, 파트리크 스트룀 스웨덴 스톡홀름 경제대학교 아시아연구센터장 등이 참여해 DMZ의 국제화 및 녹색 전환 방안을 논의했다. 김덕현...",2026-10-07 12:12,http://www.weeklytoday.com/news/articleView.html?idxno=797166,http://www.weeklytoday.com/news/articleView.html?idxno=797166
서울대학교,NC,'사계' 두 곡과 '전람회의 그림'… 김유빈의 러시아 선택,"김유빈은 예원학교, 서울예술고등학교, 서울대학교 음악대학 졸업 후 독일 라이프치히 음악연극대석사 및 마이스터클라세 엑자멘을 수료하고 이탈리아 이몰라 피아노 아카데미 아티스트 디플로마를...",2026-10-07 12:11,https://www.nc.press/news/articleView.html?idxno=628031,https://www.nc.press/news/articleView.html?idxno=628031
고려대학교,문화일보,“투자대상·운용기준 엄격히… 일자리 등 장기과제 집중”,한국경제학회장인 강성진 고려대 경제학과 교수도 “지금 부채를 갚아주면 젊은 세대가 나중에 갚아야 할... 대학의 AI 과목 개설을 지원하는 데서 나아가 청년들이 AI 전문기업의 실제 프로젝트에 참여하며 직무 경험을...,2026-10-07 12:11,https://www.munhwa.com/article/11621936?ref=naver,https://n.news.naver.com/mnews/article/021/0002823593?sid=101
연세대학교,루키,"성균관대, 2위 확정! 그렇다면 남은 3, 4위는 누가?... 고려대와 경희대...",성균관대학교가 6일 성균관대 자연과학캠퍼스 수성관에서 열린 2026 KUSF 대학농구 U-리그 고려대학교와의... 현재 1위 중앙대와 5위 연세대의 순위가 확정이 난 만큼 4위가 되는 것은 위험 요소가 크다. 당장 8강에서부터...,2026-10-07 12:10,http://www.rookie.co.kr/news/articleView.html?idxno=127909,https://m.sports.naver.com/basketball/article/398/0000103414
연세대학교,공감신문,"신한은행과 연세대, 혁신 스타트업 지원 협력으로 창업 생태계 활력 기...","연세대 기술지주는 과학기술정보통신부의 '기술경영촉진(기술사업화 종합전문회사육성형) 사업'에서 대학 부문 유일 수행기관으로 선정되어 주목받고 있다. 이 기관은 유망 기술과 혁신 기업을 발굴하며, 이를...",2026-10-07 12:10,https://www.gokorea.kr/news/articleView.html?idxno=880673,https://www.gokorea.kr/news/articleView.html?idxno=880673
고려대학교,루키,"성균관대, 2위 확정! 그렇다면 남은 3, 4위는 누가?... 고려대와 경희대...",성균관대학교가 6일 성균관대 자연과학캠퍼스 수성관에서 열린 2026 KUSF 대학농구 U-리그 고려대학교와의 경기에서 81-78로 승리했다. 이날 승리로 17승 3패가 된 성균관대는 자력으로 2위 자리에 올랐다. 중앙대가 1위...,2026-10-07 12:10,http://www.rookie.co.kr/news/articleView.html?idxno=127909,https://m.sports.naver.com/basketball/article/398/0000103414
서울대학교,동아사이언스,10월 대한민국 과학기술인상에 이정은…초기 태양계 및 행성 형성 규명,10월 대한민국 과학기술인상에 이정은 서울대 물리천문학부 교수가 선정됐다. 원시별과 행성을 형성하는 재료가 어떻게 생성되고 이동하는지 규명해 별과 행성의 기원을 밝힌 공로가 인정받았다. 과학기술정보통신부와...,2026-10-07 12:09,https://www.dongascience.com/news/view/80231,https://n.news.naver.com/mnews/article/584/0000039593?sid=105
고려대학교,세계비즈,"한국은행, 신임 부총재보에 최영주…경제연구원장에 윤경수 내정",1972년생인 최 부총재보는 전주신흥고와 고려대 경제학과를 졸업하고 미국 미시간주립대에서 경제학 석사... 한국은헹 제공 한은의 싱크탱크 역할을 총괄하는 경제연구원장에 발탁된 윤 내정자는 전주한일고와 고려대...,2026-10-07 12:08,http://www.segyebiz.com/newsView/20261007508910?OutUrl=naver,http://www.segyebiz.com/newsView/20261007508910?OutUrl=naver
서울대학교,라포르시안,"대한임상화학회, 15~16일 추계학술대회 개최… 'AX 시대 검사실 역량' 모...",대한임상화학회(회장 윤여민)가 오는 10월 15일부터 16일까지 서울 세종대학교 광개토관 컨벤션홀에서... 이어 분당서울대학교병원 신장내과 김세중 교수가 '의료 인공지능의 개발에서 임상적용과 거버넌스까지...,2026-10-07 12:08,https://www.rapportian.com/news/articleView.html?idxno=241044,https://www.rapportian.com/news/articleView.html?idxno=241044
서울대학교,뉴스투데이,"HD현대중공업, 산학연과 해양 SMR 실증 나선다…12개 기관 협력","협약에는 HD현대중공업과 HD한국조선해양을 비롯해 한국전력기술, 현대건설, 한국선급, 현대중공업터보기계, 클래드코리아, 울산테크노파크, UNIST, 서울대학교, 한국과학기술원(KAIST), 한양대학교가 참여했다. SMR 해양...",2026-10-07 12:06,https://www.news2day.co.kr/article/20261007500186,https://www.news2day.co.kr/article/20261007500186
고려대학교,메디칼타임즈,전 세계 90여 개국 병원 리더들 한자리에...한국 의료 탐방,"서울성모병원, 고려대 안암병원, 국립암센터, 국민건강보험 일산병원, 삼성서울병원, 서울대병원, 서울아산병원, 세브란스병원, 이대서울병원 등 15개 의료기관이 참여하며, 해외 참가자 500여 명이 각 병원의 진료...",2026-10-07 12:06,https://www.medicaltimes.com/Main/News/NewsView.html?ID=1171060&ref=naverpc,https://www.medicaltimes.com/Main/News/NewsView.html?ID=1171060&ref=naverpc
서울대학교,한국강사신문,"EBS '위대한 수업', 지식·교양 콘텐츠 시청자 평가 2회 연속 1위","입자물리학자 김영기 시카고대 석좌교수, 나노과학자 현택환 서울대 석좌교수, 김경희 윌리엄앤메리대 교육심리학 교수가 강단에 오른다. 또 2025년 노벨경제학상 수상자 필리프 아기옹을 비롯해 노벨상 수상자...",2026-10-07 12:06,https://www.lecturernews.com/news/articleView.html?idxno=211638,https://www.lecturernews.com/news/articleView.html?idxno=211638
서울대학교,팝콘뉴스,포니정재단 '포니정 영리더상'에 안세영 선수·김도형 교수 선정,"공동 수상자인 김도형 교수는 서울대학교 재료공학부를 졸업하고 UC버클리 박사, 스탠퍼드대 박사후연구원을 거쳐 2022년부터 펜실베이니아대학교 화학·생체분자공학과 조교수로 재직 중이다. 현재 '나노 전기화학 및...",2026-10-07 12:04,http://www.popcornnews.net/news/articleView.html?idxno=135204,http://www.popcornnews.net/news/articleView.html?idxno=135204
서울대학교,에듀동아,"아이스크림에듀, 서울대·경인교대·SeeD와 'AI 기반 학습분석, 생성 엔...","아이스크림에듀는 서울대학교와 경인교육대학교, 특수교육디지털교육협회(SeeD)와 함께 'AI 진단·추천 모델 및 생성형 AI기반 맞춤학습 생성 연구'를 위해 협력한다고 밝혔다. AI 기반 맞춤형 학습·성장 플랫폼은 자사의...",2026-10-07 12:02,https://edu.donga.com/news/articleView.html?idxno=112579,https://edu.donga.com/news/articleView.html?idxno=112579
연세대학교,후생신보,"손등은 예민하게, 종아리는 둔감하게…‘인공 통각’ 구현",한국연구재단(이사장 홍원화)은 연세대학교 김현재 교수 연구팀이 단일 후처리 기술만으로 신체 부위별 압력 통증 역치의 차이를 구현한 인공 통각 인지 시스템을 개발했다고 7일 밝혔다. 이번 연구는...,2026-10-07 12:02,http://www.whosaeng.com/sub_read.html?uid=174246&section=sc2,http://www.whosaeng.com/sub_read.html?uid=174246&section=sc2
연세대학교,조선비즈,고액 체납 1위 ‘선박왕’ 15년 만에 밀린 세금 4000억 완납하기로,"그는 경북고, 연세대 상대에 진학했다. 과거 한 인터뷰에서 아버지가 의사가 되라고 권유했지만 본인 의지로 상대에 진학했다고 밝힌 바 있다. 이어 1974년 고려해운에서 사회생활을 시작한 것으로 알려졌다. 1979년...",2026-10-07 12:01,https://biz.chosun.com/policy/policy_sub/2026/10/07/3LH553UC6RGCZFCP2GLPUQVGXI/?utm_source=naver&utm_medium=original&utm_campaign=biz,https://n.news.naver.com/mnews/article/366/0001196611?sid=101
연세대학교,노컷뉴스,예민함부터 둔함까지…사람의 감각 시스템 모방한 신경망 개발,한국연구재단은 연세대학교 김현재 교수 연구팀이 별도의 소재 변경이나 추가 공정 없이 단일 후처리 기술만으로 손등과 종아리의 서로 다른 압력 통증 역치를 모사한 인공 통각 인지 시스템을 개발했다고 7일 밝혔다....,2026-10-07 12:01,https://www.nocutnews.co.kr/news/6588062?utm_source=naver&utm_medium=article&utm_campaign=20261007120023,https://n.news.naver.com/mnews/article/079/0004196394?sid=102
연세대학교,전자신문,자외선 처리만으로 손등·종아리 통증 차이 구현…인공 통각 시스템 개...,한국연구재단은 김현재 연세대 교수 연구팀이 별도의 소재 변경이나 추가 공정 없이 자외선(UV) 처리 시간만 조절해 손등과 종아리의 서로 다른 압력 통증 역치를 모사한 인공 통각 인지 시스템을 개발했다고 7일 밝혔다....,2026-10-07 12:01,https://www.etnews.com/20261007000076,https://n.news.naver.com/mnews/article/030/0003472971?sid=105
서울대학교,뉴스1,원시별 폭발서 '행성 재료' 탄생 포착…이정은 교수 과학기술인상,이정은 서울대학교 물리천문학부 교수가 원시별의 폭발 과정에서 행성의 바탕이 되는 물질이 만들어지고 이동하는 과정을 세계 최초로 관측한 공로로 '대한민국 과학기술인상' 10월 수상자로 선정됐다....,2026-10-07 12:00,https://www.news1.kr/it-science/general-science/6312478,https://n.news.naver.com/mnews/article/421/0009214079?sid=105
서울대학교,아유경제,"[아유경제_부동산] LH, 서울대와 협력… 2030년까지 기숙사형 전세임대...","LH는 지난달(9월) 4일 서울대와 업무협약을 맺고 2030년까지 기숙사형 전세임대주택 200가구를 공급한다. 이번... 사업 신청자는 공고일 기준 지방자치단체(전국) 또는 「고등교육법」에 따른 대학교이어야 하며, 단독 또는...",2026-10-07 12:00,http://www.areyou.co.kr/news/articleView.html?idxno=95698,http://www.areyou.co.kr/news/articleView.html?idxno=95698
서울대학교,연합뉴스,10월 과학기술인상에 이정은 서울대 교수,별·행성 기원 연구에 기여…결과 '네이처'에 실려 과학기술정보통신부와 한국연구재단은 대한민국 과학기술인상 10월 수상자로 이정은 서울대 물리천문학부 교수를 선정했다고 7일 밝혔다. 이 교수는 원시 재료...,2026-10-07 12:00,https://www.yna.co.kr/view/AKR20261007052100017?input=1195m,https://n.news.naver.com/mnews/article/001/0016362357?sid=101
서울대학교,디지털투데이,10월 과기인상에 이정은 서울대 교수...원시별 폭발 속 행성 재료 생성...,[사진: 과기정통부] 과학기술정보통신부와 한국연구재단은 '대한민국 과학기술인상' 10월 수상자로 이정은 서울대학교 물리천문학부 교수를 선정했다고 7일 밝혔다. 대한민국 과학기술인상은 최근 3년간 독창적인 연구...,2026-10-07 12:00,https://www.digitaltoday.co.kr/news/articleView.html?idxno=705508,https://www.digitaltoday.co.kr/news/articleView.html?idxno=705508
서울대학교,공무원수험신문,[최창호 변호사의 법조단상] 대법관 임명절차,"최창호 변호사 서울대 사법학과 학·석사 출신으로 1989년 31회 사법시험에 합격했다. 사법연수원, 군법무관을 거쳐 1995년에 검사로 임용되어 공안, 기획, 특수, 강력, 의료, 식품, 환경, 외국인범죄, 산업안전, 명예훼손...",2026-10-07 12:00,https://www.gosiweek.com/article/1065581756714696,https://www.gosiweek.com/article/1065581756714696
서울대학교,뉴스웍스,이정은 서울대 교수 대한민국 과학기술인상 수상…원시별 폭발 전후 관...,과학기술정보통신부와 한국연구재단이 '대한민국 과학기술인상' 10월 수상자로 이정은 서울대학교 물리천문학부 교수를 선정했다. 상은 최근 3년간 독창적인 연구 성과로 과학기술 발전에 크게 기여한 연구자를 매월...,2026-10-07 12:00,https://www.newsworks.co.kr/news/articleView.html?idxno=855786,https://www.newsworks.co.kr/news/articleView.html?idxno=855786
연세대학교,에듀동아,"연세대 백준상, 박영목 교수팀, 결핵 치료 지원하는 챗봇 설계 방향 제...","연세대학교(총장 윤동섭) 생활과학대학 백준상, 의과대학 박영목 교수팀이 결핵 치료를 지원하는 대화형 에이전트(이하 챗봇)의 설계 방향을 제시했다. 연구팀은 결핵 환자와 의료진을 대상으로 설문조사와 심층 인터뷰를...",2026-10-07 12:00,https://edu.donga.com/news/articleView.html?idxno=112578,https://edu.donga.com/news/articleView.html?idxno=112578
연세대학교,아시아경제,"""신체 부위별 다른 통증 인식""…'인공 통각' 인지 시스템 개발",한국연구재단은 연세대 전기전자공학과 김현재 교수 연구팀이 소재 변경 또는 추가 공정 없이 단일 후처리 기술만으로 서로 다른 '압력 통증 역치'를 모사한 인공 통각 인지 시스템을 개발했다고 7일 밝혔다. 압력 통증...,2026-10-07 12:00,https://view.asiae.co.kr/article/2026100711032700146,https://n.news.naver.com/mnews/article/277/0005825627?sid=102
고려대학교,뉴스1,한은 경제연구원장에 윤경수 국제국장…정책보좌관 출신,"1972년 10월생으로 전주 한일고와 고려대 경제학과를 졸업했으며, 미국 오하이오주립대에서 경제학 석·박사 학위를 받았다. 1998년 한은 입행 후 금융안정 부서와 국제국 등에서 근무했다. 국제국 외환정보팀장과...",2026-10-07 11:59,https://www.news1.kr/economy/trend/6312800,https://n.news.naver.com/mnews/article/421/0009214066?sid=102
고려대학교,서울이코노미뉴스,대기업 오너 4~5세 94%는 유학파…美 컬럼비아大 최다,"다닌 대학교는 국내에서는 고려대, 해외에서는 미국 컬럼비아대였다. 7일 기업데이터연구소 CEO스코어가 총수가 있는 대기업집단 89곳의 오너일가 중 학력 조사가 가능한 350명을 대상으로 유학파 비중 및 출신대학을...",2026-10-07 11:58,http://www.seouleconews.com/news/articleView.html?idxno=94193,http://www.seouleconews.com/news/articleView.html?idxno=94193
서울대학교,서울이코노미뉴스,대기업 오너 4~5세 94%는 유학파…美 컬럼비아大 최다,"오너일가가 가장 많이 다닌 대학교는 국내에서는 고려대, 해외에서는 미국 컬럼비아대였다. 7일... 다음은 서울대 출신이 50명이다. 이재용 삼성전자 회장(동양사학), 정몽준 아산재단 이사장(경제학), 김범수 카카오...",2026-10-07 11:58,http://www.seouleconews.com/news/articleView.html?idxno=94193,http://www.seouleconews.com/news/articleView.html?idxno=94193
고려대학교,문화일보,‘대학가 딥페이크’ 손놓은 정부…2024년 이후 실태조사 전무,"지난 2024년 대학가를 휩쓴 이른바 ‘서울대 딥페이크’ 사건이 불거진 지 2년이 지났지만, 정부 차원의 대학... 고려대에서도 올해 1학기부터 ‘원스트라이크 아웃’ 등 디지털 성범죄 관련 징계를 강화했다. 고려대...",2026-10-07 11:57,https://www.munhwa.com/article/11621900?ref=naver,https://n.news.naver.com/mnews/article/021/0002823559?sid=102
서울대학교,문화일보,‘대학가 딥페이크’ 손놓은 정부…2024년 이후 실태조사 전무,"지난 2024년 대학가를 휩쓴 이른바 ‘서울대 딥페이크’ 사건이 불거진 지 2년이 지났지만, 정부 차원의 대학... 서울대 총학생회는 최근 졸업사진에 딥페이크 방지 기술을 적용하겠다고 공지했다. 사람의 눈으로는 볼 수...",2026-10-07 11:57,https://www.munhwa.com/article/11621900?ref=naver,https://n.news.naver.com/mnews/article/021/0002823559?sid=102
서울대학교,팝콘뉴스,"HD현대중공업, 해양 SMR 실증 본격화…조선·원전 12개 기관 뭉쳤다",연구기관에서는 울산과학기술원·서울대학교·한국과학기술원(KAIST)·한양대학교가 이름을 올렸다. 조선 설계·건조와 원전 설계·건설 선급 인증 연구개발 역량을 하나의 협력체로 묶은 것이다. SMR 해양 기술...,2026-10-07 11:56,http://www.popcornnews.net/news/articleView.html?idxno=135201,http://www.popcornnews.net/news/articleView.html?idxno=135201
서울대학교,베이비뉴스,"[문화 트렌드] 재능문화, 10월 '재능 혜화 마티네' 무대 선보여 外","김홍박은 서울예술고등학교와 서울대학교를 졸업한 뒤 오스트리아 잘츠부르크 국립음대 석사과정과 독일... 2010년 설립 이후 미술관과 갤러리, 대학교, 백화점, 복합상업시설 등 외부 공간에서 전시를 기획해온 고운이...",2026-10-07 11:56,https://www.ibabynews.com/news/articleView.html?idxno=155034,https://www.ibabynews.com/news/articleView.html?idxno=155034
연세대학교,퍼블릭뉴스,[부고] 윤문정씨(코리아헤럴드 대리) 조부상,"윤문정(코리아헤럴드 편집부 외신팀 대리)·윤효정·윤정훈·윤애정·윤라영·윤수영씨 조부상 = 6일 오후 6시, 연세대 신촌장례식장 11호실, 발인 9일 오전 7시 40분, 장지 이천호국원, ☎ 02-2227-6151 노혁진 객원기자",2026-10-07 11:50,https://www.public25.com/news/articleView.html?idxno=56038,https://www.public25.com/news/articleView.html?idxno=56038
연세대학교,메디칼타임즈,저선량 방사선 무시하면 큰일...지속적 노출 백혈병 위험 확인,"이번 연구에는 양산부산대병원을 비롯해 부산대학교, 가천대학교 길병원, 경희대학교 의과대학, 한국과학기술연구원, 과학기술연합대학원대학교, 연세대학교 원주의과대학 등 7개 기관의 연구진이 참여했다.김기훈...",2026-10-07 11:50,https://www.medicaltimes.com/Main/News/NewsView.html?ID=1171058&ref=naverpc,https://www.medicaltimes.com/Main/News/NewsView.html?ID=1171058&ref=naverpc
고려대학교,MCNEWS,"리나솔루션, 자체 진동·고주파 신호 센서 활용…철도 구조물 진단 모색",리나솔루션은 지난 2022년 8월 당시 고려대 기계공학부 소속이던 이시맥 대표와 한국기술교육대 유형민... 특성을 고려한 상태 모니터링이 필요하다는 게 업체측 설명이다. 회전체의 진동 변화는 가속도계를 통해...,2026-10-07 11:50,http://mcnews.co.kr/86767,http://mcnews.co.kr/86767
서울대학교,연합뉴스,"[AI프리즘] 국내 AI기업들 ""개방형 생태계로""…리사 수 ""함께 가자""(종합...",호텔 서울에서 류제명 2차관과 리사 수 AMD 회장이 면담한 데 이어 국내 AI반도체 생태계 기업 13개사와... 최근 서울대 AI연구소와 체결한 MOU 등 산학협력 계획도 함께 소개했다. 또한 국내 AI 스타트업과 일반...,2026-10-07 11:49,https://www.yna.co.kr/view/AKR20261006188352017?input=1195m,https://n.news.naver.com/mnews/article/001/0016362282?sid=105
서울대학교,에너지경제,"HD현대중공업 등 12개 산학, ‘SMR 해양 기술 실증센터’ 출범","협약에는 HD현대중공업과 HD한국조선해양, 한국전력기술, 현대건설, 한국선급, 현대중공업터보기계, 클래드코리아, 울산테크노파크, UNIST, 서울대학교, 한국과학기술원(KAIST), 한양대학교가 참여했다. SMR 해양 기술...",2026-10-07 11:48,https://www.ekn.kr/web/view.php?key=20261007020423197,https://www.ekn.kr/web/view.php?key=20261007020423197
서울대학교,뉴스펭귄,"송이 1kg 171만원, 기후위기가 토종 먹거리 '몸값'과 '주소' 바꾼다",전남대·서울대·한국환경연구원 연구진이 2026년 국가산림자원조사와 국가생태계조사 자료를 분석한 결과 붉가시나무와 종가시나무의 잠재 생육지는 모든 기후변화 시나리오에서 확대됐다. 현재 제주와 남해안에...,2026-10-07 11:48,https://www.newspenguin.com/news/articleView.html?idxno=22264,https://www.newspenguin.com/news/articleView.html?idxno=22264
고려대학교,아시아투데이,"우송대, 국제화 역량 3년 연속 국내 1위 기록","아시아투데이 최정현 기자 = 우송대학교는 영국의 글로벌 대학평가기관인 '타임스고등교육(Times... 2027)'에서 고려대 경영대학, 연세대 경영대학, 성균관대 GSB에 이어 국내 4위를 기록하며 국제적...",2026-10-07 11:46,https://www.asiatoday.co.kr/kn/view.php?key=20261007010001902,https://www.asiatoday.co.kr/kn/view.php?key=20261007010001902
연세대학교,아시아투데이,"우송대, 국제화 역량 3년 연속 국내 1위 기록","아시아투데이 최정현 기자 = 우송대학교는 영국의 글로벌 대학평가기관인 '타임스고등교육(Times... 경영대학, 연세대 경영대학, 성균관대 GSB에 이어 국내 4위를 기록하며 국제적 비즈니스...",2026-10-07 11:46,https://www.asiatoday.co.kr/kn/view.php?key=20261007010001902,https://www.asiatoday.co.kr/kn/view.php?key=20261007010001902
서울대학교,매일일보,"""전신마취 가능한 치과, 이제 집 근처에""… 장애인 치과진료 4만 명 넘었...","서울시 등록장애인은 장애유형·등급·나이와 관계없이 이용 가능하며, 두 병원 모두 서울대학교치과병원이 위탁 운영한다. 성동구 병원은 올해 9월까지 외래환자 1만1,929명(서울시민 1만1,179명, 타지역 750명)이 찾았고...",2026-10-07 11:46,https://www.m-i.kr/news/articleView.html?idxno=2003425,https://www.m-i.kr/news/articleView.html?idxno=2003425
연세대학교,매일일보,"""전신마취 가능한 치과, 이제 집 근처에""… 장애인 치과진료 4만 명 넘었...","성동구 서울시립장애인치과병원(지난해 1만8,189명·올해 1만1,929명)을 비롯해 지난해 개원한 연세대... 서울시 등록장애인은 장애유형·등급·나이와 관계없이 이용 가능하며, 두 병원 모두 서울대학교치과병원이 위탁...",2026-10-07 11:46,https://www.m-i.kr/news/articleView.html?idxno=2003425,https://www.m-i.kr/news/articleView.html?idxno=2003425
서울대학교,전라일보,"원광대 법학전문대학원, 7년 연속 전국 최고 경쟁률",원광대학교(총장 박성태) 법학전문대학원이 2027학년도 신입학 모집에서 전국 25개 법학전문대학원 가운데... 이는 서울대·전북대·영남대·동아대 등을 포함한 전국 25개 법학전문대학원 가운데 가장 높은 경쟁률로...,2026-10-07 11:46,http://www.jeollailbo.com/news/articleView.html?idxno=813016,http://www.jeollailbo.com/news/articleView.html?idxno=813016
고려대학교,에듀동아,"고려대 최윤형 교수 연구팀, 과총 주관 과학기술우수논문상","그러면서 안구의 특수성을 고려한 정밀 노출 기준과 눈 화장품 맞춤형 안전관리 가이드라인 마련의... 이번 논문은 한국환경보건학회지에 게재됐으며, 김지원 대학원생이 제1저자로, 최윤형 고려대 교수와 전준호 창원대...",2026-10-07 11:46,https://edu.donga.com/news/articleView.html?idxno=112574,https://edu.donga.com/news/articleView.html?idxno=112574
고려대학교,지디넷코리아,"DN솔루션즈, 하반기 신입사원 공채",지난 9월 1일 서울 성북구 고려대학교 SK미래관에서 설치된 DN솔루션즈 채용설명회부스에서 채용담당자 및 같은 학교 출신의 현직자가 채용상담을 하고 있다. (사진=DN솔루션즈) 입사 지원 기간은 8일부터 21일 오후...,2026-10-07 11:45,https://zdnet.co.kr/view/?no=20261007111925,https://n.news.naver.com/mnews/article/092/0002440123?sid=105
서울대학교,코리아리포트,"""사람·신뢰·사업보국""…故 최창걸 명예회장 1주기 추모",6일 서울 종로구 본사에서 故 최창걸 명예회장의 별세 1주기를 맞아 비철금속 산업 발전에 헌신한 고인의... 최창걸 명예회장은 1941년 황해도에서 故 최기호 창업주의 차남으로 태어나 서울대 상대 학사와 미국...,2026-10-07 11:44,https://www.koreareport.co.kr/news/articleView.html?idxno=53474,https://www.koreareport.co.kr/news/articleView.html?idxno=53474
서울대학교,문화일보,한유성문학상에 김추인 시인,"시상식은 시 전문지 ‘포엠포엠’(대표 한창옥)과 송파구 후원으로 오는 12월 11일 오후 2시 30분 서울 송파구청 4층 대강당에서 열린다. 심사는 나태주·박완호 시인, 방민호 서울대 교수(문학평론가)가 맡았다.",2026-10-07 11:44,https://www.munhwa.com/article/11621872?ref=naver,https://n.news.naver.com/mnews/article/021/0002823532?sid=103
연세대학교,아시아경제,"[단독]""빚 많이 낼수록 더 힘들 줄 알았더니""…5억 넘게 빌린 사장님보...","김정식 연세대 경제학부 명예교수는 ""1인 사업자의 연체율이 높다는 것은 그만큼 사업 여건이 악화돼 인건비조차 감당하기 어려운 자영업자가 늘고 있다는 의미로 볼 수 있다""며 ""내수 침체가 길어지고 금리까지 더...",2026-10-07 11:43,https://view.asiae.co.kr/article/2026100707590149426,https://n.news.naver.com/mnews/article/277/0005825611?sid=101
서울대학교,연합뉴스,[율곡로] 한국 공권력 우습게 본 중식당 테러,"홍콩 민주화 시위가 격화하던 2019년 11월엔 중국 유학생들이 서울대, 연세대, 고려대, 전남대, 한양대 등 전국... 2017년 사드(THAAD·고고도미사일방어체계) 배치 결정 직후엔 서울 명동, 동대문 길거리 등에서 우리 주권인...",2026-10-07 11:42,https://www.yna.co.kr/view/AKR20261007088100546?input=1195m,https://n.news.naver.com/mnews/article/001/0016362248?sid=102
연세대학교,에이블뉴스,"서울시, 장애인 치과 3곳서 누적 4만명 진료··""예방부터 치료까지 맞춤...",전신마취가 필요하거나 고난도·희귀난치 질환을 가진 중증장애인은 연세대학교 치과병원 내 '서울 권역장애인구강진료센터'에서 전문적인 치과진료를 받을 수 있다. 2025년 6월 문을 연 센터는 중증장애인의 특성을...,2026-10-07 11:42,https://www.ablenews.co.kr/news/articleView.html?idxno=233744,https://www.ablenews.co.kr/news/articleView.html?idxno=233744
고려대학교,연합뉴스,[율곡로] 한국 공권력 우습게 본 중식당 테러,"연세대, 고려대, 전남대, 한양대 등 전국 대학 캠퍼스에 걸린 '홍콩 시위 지지' 대자보와 현수막을 칼로... 외교 마찰을 걱정하는 건 정부로서 당연한 고려 사항이긴 하지만, 우리 공권력과 법질서가 정면으로 침해되거나...",2026-10-07 11:42,https://www.yna.co.kr/view/AKR20261007088100546?input=1195m,https://n.news.naver.com/mnews/article/001/0016362248?sid=102
서울대학교,에이블뉴스,"서울시, 장애인 치과 3곳서 누적 4만명 진료··""예방부터 치료까지 맞춤...",서울시 등록장애인은 장애유형·등급·나이와 관계없이 이용할 수 있다. 두 병원은 서울대학교치과병원이... 전신마취가 필요하거나 고난도·희귀난치 질환을 가진 중증장애인은 연세대학교 치과병원 내 '서울...,2026-10-07 11:42,https://www.ablenews.co.kr/news/articleView.html?idxno=233744,https://www.ablenews.co.kr/news/articleView.html?idxno=233744
연세대학교,연합뉴스,[율곡로] 한국 공권력 우습게 본 중식당 테러,"홍콩 민주화 시위가 격화하던 2019년 11월엔 중국 유학생들이 서울대, 연세대, 고려대, 전남대, 한양대 등 전국 대학 캠퍼스에 걸린 '홍콩 시위 지지' 대자보와 현수막을 칼로 찢거나 무단 철거하는 사태도 있었다. 이를...",2026-10-07 11:42,https://www.yna.co.kr/view/AKR20261007088100546?input=1195m,https://n.news.naver.com/mnews/article/001/0016362248?sid=102
서울대학교,화이트페이퍼,"리사 수 美AMD 회장, 한국서 'AI반도체' 키운다 ""연내 AI 연구센터 설립...","화이트페이퍼, WHITEPAPER7일 류제명 과기정통부 2차관(왼쪽)이 서울 종로구 포시즌스호텔에서 리사 수 AMD... 리사 수 회장은 최근 서울대학교 AI연구소와 업무협약(MOU)을 맺은 사실을 공개하며 향후 국내 주요 대학과...",2026-10-07 11:42,http://www.whitepaper.co.kr/news/articleView.html?idxno=267555,http://www.whitepaper.co.kr/news/articleView.html?idxno=267555
서울대학교,메가경제,"아이스크림에듀, 산학 협력 AI 학습엔진 개발…초개인화 플랫폼 고도화","아이스크림에듀는 서울대학교, 경인교육대학교, 특수교육디지털교육협회(SeeD)와 AI 진단·추천 모델 및 생성형 AI 기반 맞춤학습 생성 연구를 위한 업무협약을 체결했다고 7일 밝혔다. 참여 기관들은 AI 기반 맞춤형 학습...",2026-10-07 11:36,https://www.megaeconomy.co.kr/news/newsview.php?ncode=1065580428255954,https://www.megaeconomy.co.kr/news/newsview.php?ncode=1065580428255954
서울대학교,헤럴드경제,"“화이트칼라, 블루칼라처럼 관리해선 나라 발전 없어”","전날 서울대 국가미래전략원 인구클러스터가 개최한 ‘인구·AI 대전환 시대, 얼마나 어떻게 일할 것인가’ 포럼에서 이 같은 연구 결과를 발표했다. 특히 이번 연구에는 이창용 전 한은 총재(현 서울대 특임교수)도...",2026-10-07 11:36,https://biz.heraldcorp.com/article/10895541?ref=naver,https://n.news.naver.com/mnews/article/016/0002706435?sid=102
서울대학교,대학저널,"위캔캠프, 예비 중·고생 대상 겨울방학캠프 ‘얼리버드’ 신청 접수","이에 한국진로개발원(대표 이원석)이 주관하는 서울대캠프 위캔캠프는 예비 중·고등학생을 대상으로 ‘2027... 서울대학교 출신 공신 멘토진이 참여해 과목별 공부 전략과 시간 관리, 시험 대비 방법 등을 안내하며...",2026-10-07 11:36,http://dhnews.co.kr/news/view/1065580434075909,http://dhnews.co.kr/news/view/1065580434075909
서울대학교,대학저널,"원광대 로스쿨, 7년 연속 전국 최고 경쟁률 기록",원광대학교 법학전문대학원.  원광대학교 법학전문대학원(이하 로스쿨)이 7년 연속 전국 최고 경쟁률을... 이는 서울대·전북대·영남대·동아대 등을 포함한 전국 25개 로스쿨 가운데 가장 높은 경쟁률이다. 윤상민...,2026-10-07 11:36,https://dhnews.co.kr/news/view/1065580188818092,https://dhnews.co.kr/news/view/1065580188818092
서울대학교,대구일보,"""구미에서도 명문대 간다""…공교육 투자 3년, 지역 떠나는 학부모·학생...",의학계열 진학생도 같은 기간 12명에서 16명으로 늘었고 서울대·연세대·고려대 진학생은 매년 10명 이상을 유지했다. 단순히 예산을 나눠주는 방식에서 벗어나 학교별 특성과 학생 수준에 맞춘 교육 시스템을 구축한...,2026-10-07 11:36,https://www.idaegu.com/news/articleView.html?idxno=666124,https://www.idaegu.com/news/articleView.html?idxno=666124
서울대학교,블로터,AMD 리사 수 방한…한국에 'AI 연구센터' 세우고 수백명 채용한다,"국내 'AI 연구거점' 설립…""연구인력 수백명 채용"" 과학기술정보통신부(과기정통부)는 7일 서울 종로구... AMD는 최근 서울대학교 AI연구원과 MOU를 체결했다. 수 CEO는 ""한국 대학과 스타트업 커뮤니티에서 우리의...",2026-10-07 11:36,https://www.bloter.net/news/articleView.html?idxno=675145,https://n.news.naver.com/mnews/article/293/0000091301?sid=105
연세대학교,대구일보,"""구미에서도 명문대 간다""…공교육 투자 3년, 지역 떠나는 학부모·학생...",그 결과 4개교의 우수대학 진학생은 2024년 졸업생 61명에서 올해 93명으로 32명 증가했다. 의학계열 진학생도 같은 기간 12명에서 16명으로 늘었고 서울대·연세대·고려대 진학생은 매년 10명 이상을 유지했다. 단순히...,2026-10-07 11:36,https://www.idaegu.com/news/articleView.html?idxno=666124,https://www.idaegu.com/news/articleView.html?idxno=666124
고려대학교,대구일보,"""구미에서도 명문대 간다""…공교육 투자 3년, 지역 떠나는 학부모·학생...",그 결과 4개교의 우수대학 진학생은 2024년 졸업생 61명에서 올해 93명으로 32명 증가했다. 의학계열 진학생도 같은 기간 12명에서 16명으로 늘었고 서울대·연세대·고려대 진학생은 매년 10명 이상을 유지했다. 단순히...,2026-10-07 11:36,https://www.idaegu.com/news/articleView.html?idxno=666124,https://www.idaegu.com/news/articleView.html?idxno=666124
고려대학교,오마이뉴스,행정수도 세종의 문화민주주의,"조치원에는 고려대와 홍익대 세종캠퍼스가 있어 수만 명의 대학생이 생활한다. 여기에 공무원과 연구자, 농민, 자영업자, 예술인까지 서로 다른 삶의 배경을 가진 사람들이 한 도시를 이루고 있다. 이런 차이를 없애는 것이...",2026-10-07 11:36,https://www.ohmynews.com/NWS_Web/View/at_pg.aspx?CNTN_CD=A0003273284&CMPT_CD=P0010&utm_source=naver&utm_medium=newsearch&utm_campaign=naver_news,https://n.news.naver.com/mnews/article/047/0002531444?sid=103
연세대학교,연합뉴스,"신한은행, 연세대 기술지주와 스타트업 지원 협약","연세대 기술지주는 올해 과학기술정보통신부 '기술경영촉진(기술사업화 종합전문회사육성형) 사업'의 대학 부문 유일 수행기관으로, 유망 기술과 혁신기업을 발굴해 사업화·투자·보육 등을 지원한다. 신한은행은...",2026-10-07 11:35,https://www.yna.co.kr/view/AKR20261007081900002?input=1195m,https://n.news.naver.com/mnews/article/001/0016362219?sid=101
서울대학교,이로운넷,[이로운체크] 지방 국립대 등록금 전액 지원부터 돌봄·AI까지...최교진...,"유아 무상교육·보육 확대하고 AI 기본교육 강화수시 원서접수 장애·교부금 개편·'서울대 10개 만들기'도... 서울과학종합대학원대학교(aSSIST)와 관련해서는 조동성 발전자문위원장, 최용주 총장, 주미연 지속경영본부장...",2026-10-07 11:34,https://www.eroun.net/news/articleView.html?idxno=91796,https://www.eroun.net/news/articleView.html?idxno=91796
서울대학교,톱스타뉴스,"AI 시대 기자 역할 바뀐다…이정환 슬로우뉴스 대표 ""판단 맡기면 경쟁...","이날 방송에는 김희교 광운대 교수, 차지호 더불어민주당 의원, 김의영 서울대 정치외교학부 교수도 함께했다. 이 대표는 최근 기자실에서 레거시 미디어와 뉴미디어를 가리지 않고 기자들이 노트북 한쪽에 챗GPT나...",2026-10-07 11:34,https://www.topstarnews.net/news/articleView.html?idxno=16240463,https://www.topstarnews.net/news/articleView.html?idxno=16240463
고려대학교,아시아경제,"""AI해킹 빙산의 일각…SW이력관리·파편화된 소통 채널 통합해야""","이상근 고려대 교수는 ""해킹당한 기업을 보면 허술했던 외부 업무 시스템을 방치하거나 웹사이트에 대한 소프트웨어(SW) 패치가 이미 나왔지만 적용하지 않은 경우가 많다""라며 ""기업 IT자산에 대한 전수조사로 취약한...",2026-10-07 11:34,https://view.asiae.co.kr/article/2026100710130675312,https://n.news.naver.com/mnews/article/277/0005825604?sid=105
연세대학교,헤럴드경제,정보보호 ‘기본인증’ 조차 없었다 [H-EXCLUSIVE],권태경 연세대 정보대학원 교수는 “쪽문 역시 정문과 같은 수준의 보안 정비가 이뤄졌어야 한다”며 “이를 잡아내지 못한 건 현 제도상의 문제일 수도 있다”고 했다. 특히 2금융권은 아예 인증조차 받지 않은...,2026-10-07 11:32,https://biz.heraldcorp.com/article/10895525?ref=naver,https://n.news.naver.com/mnews/article/016/0002706425?sid=101
연세대학교,천지일보,대기업 오너 4·5세 94%가 유학파… 학부부터 해외 진학 늘었다,"특히 4·5세대는 10명 중 9명 이상이 해외에서 공부했고 상당수는 학부 과정부터 해외 대학에 진학했다. 7일... 이어 연세대가 35명으로, 장형진 영풍 회장(상학), 정지선 현대백화점그룹 회장(사회학), 유경선 유진그룹...",2026-10-07 11:32,https://www.newscj.com/news/articleView.html?idxno=3438482,https://www.newscj.com/news/articleView.html?idxno=3438482
서울대학교,천지일보,대기업 오너 4·5세 94%가 유학파… 학부부터 해외 진학 늘었다,"다음은 서울대 출신이 50명으로, 이재용 삼성전자 회장(동양사학), 정몽준 아산재단 이사장(경제학), 김범수 카카오 미래이니셔티브센터 센터장(산업공학), 구본준 LX홀딩스 회장(계산통계학) 등이 있다. 이어...",2026-10-07 11:32,https://www.newscj.com/news/articleView.html?idxno=3438482,https://www.newscj.com/news/articleView.html?idxno=3438482
고려대학교,천지일보,대기업 오너 4·5세 94%가 유학파… 학부부터 해외 진학 늘었다,"국내 대학 가운데서는 고려대 출신이 54명으로 가장 많았다. 최태원 SK그룹 회장(물리학)과 정의선 현대자동차그룹 회장(경영학), 허창수 GS그룹 회장(경영학), 이재현 CJ그룹 회장(법학), 박정원 두산그룹 회장(경영학)...",2026-10-07 11:32,https://www.newscj.com/news/articleView.html?idxno=3438482,https://www.newscj.com/news/articleView.html?idxno=3438482
서울대학교,HUFFINGTONPOST,HD현대중공업 소형모듈원전 사업 확장일로 : 조선·원자력·학계 12개 기...,"울산과학기술원, 서울대학교, 한국과학기술원(KAIST), 한양대학교 등 12개 기관이 참여했다. 참여기관들은 각자 보유한 시험설비와 연구 인프라를 공동 활용해 중복투자를 줄이고 기술 검증의 효율성 향상에 협력한다....",2026-10-07 11:30,https://www.huffingtonpost.kr/article/261036,https://www.huffingtonpost.kr/article/261036
연세대학교,조선일보,"명지병원·라보로 AI, 병원 환경서 피지컬 AI 공동 R&D 추진",국내에서는 연세대 기계공학과 송순호 교수 연구팀과 협력하고 있다. 이번 협약에 따라 양측은 의료현장에서 로봇과 자율시스템이 병원 내 다양한 작업과 환경에 적응할 수 있는지를 확인하고 피지컬 AI 기술의 성능과...,2026-10-07 11:30,https://health.chosun.com/site/data/html_dir/2026/10/07/2026100701658.html,https://n.news.naver.com/mnews/article/346/0000117008?sid=103
서울대학교,시사포커스,HD현대중공업 등 12개 기관 맞손…해양 SMR 실증센터 추진,"협약에는 HD현대중공업과 HD한국조선해양, 한국전력기술, 현대건설, 한국선급, 현대중공업터보기계, 클래드코리아, 울산테크노파크, UNIST, 서울대학교, 한국과학기술원(KAIST), 한양대학교가 참여했다. 실증센터는...",2026-10-07 11:30,http://www.sisafocus.co.kr/news/articleView.html?idxno=365875,http://www.sisafocus.co.kr/news/articleView.html?idxno=365875
서울대학교,헤럴드경제,리사 수 “한국에 AI 연구소 설립”,리사 수 회장은 7일 서울 포시즌스호텔에서 진행된 류제명 과학기술정보통신부 2차관과의 면담... 리사 수 회장은 최근 서울대 AI연구소와 양해각서(MOU)를 체결했다는 소식을 전하면서 “앞으로 국내 대학...,2026-10-07 11:30,https://biz.heraldcorp.com/article/10895512?ref=naver,https://n.news.naver.com/mnews/article/016/0002706416?sid=105
연세대학교,지디넷코리아,"오리엔텀 양자 미들웨어 '아톰-큐'…""뭐든 연결""",현재 연세대·KB국민은행과 함께 과기정통부 '양자이득 도전연구' 국가과제를 수행 중이다. 지난 2022년부터 한국양자산업협회 설립을 주도했다. 엔비디아·IBM·아이온큐·파스칼 등 글로벌 기업과 협력하고 있다....,2026-10-07 11:29,https://zdnet.co.kr/view/?no=20261006203849,https://n.news.naver.com/mnews/article/092/0002440115?sid=105
연세대학교,비즈니스코리아,"신한은행, 연세대기술지주와 전략적 협력",신한은행은 지난 6일 서울 서대문구 연세대학교 본관에서 연세대학교 기술지주 주식회사와 '혁신기술 스타트업 성장 지원을 위한 전략적 파트너십' 업무협약을 체결했다. 이번 협약은 대학이 보유한 원천 기술의 사업화를...,2026-10-07 11:28,https://www.businesskorea.co.kr/news/articleView.html?idxno=278369,https://www.businesskorea.co.kr/news/articleView.html?idxno=278369
연세대학교,연합뉴스TV,대기업 오너 4·5세 94%는 유학파…컬럼비아대 최다,"미국 외 대학 중에서는 중국 칭화대와 일본 게이오대가 각각 4명으로 가장 많았습니다. 국내에서는 고려대가 54명으로 가장 많았고, 서울대 출신은 50명, 연세대 출신 35명 순이었습니다. #대기업 #오너 #유학",2026-10-07 11:27,http://www.yonhapnewstv.co.kr/news/AKR20261007112651m7l,https://n.news.naver.com/mnews/article/422/0000913311?sid=101
고려대학교,연합뉴스TV,대기업 오너 4·5세 94%는 유학파…컬럼비아대 최다,"이어 뉴욕대 출신은 18명, 코넬대 출신은 16명이었고, 미국 외 대학 중에서는 중국 칭화대와 일본 게이오대가 각각 4명으로 가장 많았습니다. 국내에서는 고려대가 54명으로 가장 많았고, 서울대 출신은 50명...",2026-10-07 11:27,http://www.yonhapnewstv.co.kr/news/AKR20261007112651m7l,https://n.news.naver.com/mnews/article/422/0000913311?sid=101
서울대학교,연합뉴스TV,대기업 오너 4·5세 94%는 유학파…컬럼비아대 최다,"미국 외 대학 중에서는 중국 칭화대와 일본 게이오대가 각각 4명으로 가장 많았습니다. 국내에서는 고려대가 54명으로 가장 많았고, 서울대 출신은 50명, 연세대 출신 35명 순이었습니다. #대기업 #오너 #유학",2026-10-07 11:27,http://www.yonhapnewstv.co.kr/news/AKR20261007112651m7l,https://n.news.naver.com/mnews/article/422/0000913311?sid=101
연세대학교,연합뉴스,[신간] '공생'으로 바라본 생태계…'세균도 사랑을 아는데',미생물학자이자 연세대학교 시스템생물학과 교수인 저자가 생태계의 공생적 관계에 대해 쓴 책이다. 생물학에서 공생은 서식지와 먹이를 공유하고 상호작용하며 살아가는 일이다. 이는 협동과 경쟁 속에서 이뤄진다. 책은...,2026-10-07 11:27,https://www.yna.co.kr/view/AKR20261007084800005?input=1195m,https://n.news.naver.com/mnews/article/001/0016362153?sid=103
서울대학교,IKPNEWS,"""일상적 구매 채널 확대해야""…학계가 보는 친환경 소비 정책은",한국유기농업연구소(소장 최동근)는 지난 6일 서울 용산구 광주전남전북비즈니스라운지에서 전문가... 윤지현 서울대학교 식품영양학과 교수가 참석했다. 한국유기농업연구소는 이번 연구를 위해 만 19~69세 가구 내 식품...,2026-10-07 11:26,http://www.ikpnews.net/news/articleView.html?idxno=71614,http://www.ikpnews.net/news/articleView.html?idxno=71614
고려대학교,뉴스티앤티,"고려대 연구팀, 아이섀도 속 PFAS, 콘택트렌즈로 눈 표면 전달 확인…연...","고려대학교 보건환경융합과학부 최윤형 교수 연구팀은 콘택트렌즈를 활용한 체외 실험에서 아이섀도에... 연구의 제1저자는 대학원생 김지원이며, 최윤형 교수와 전준호 창원대 교수가 공동 교신저자로 참여했다....",2026-10-07 11:26,https://www.newstnt.com/news/articleView.html?idxno=721765,https://www.newstnt.com/news/articleView.html?idxno=721765
서울대학교,경북매일,"수소 충전지 발목 잡던 촉매 고장, ‘중간 반응’서 원인 찾았다","포항공과대학교(이하 포스텍) 윤창원 화학공학과·친환경소재학과 교수, 한승목 박사 연구팀은 서울대 한정우 교수, 한국과학기술연구원(KIST) 김용민 박사 연구팀과 함께 LOHC 수소 추출 시 백금 촉매를 망가뜨리는...",2026-10-07 11:26,https://www.kbmaeil.com/article/20261007500273,https://www.kbmaeil.com/article/20261007500273
서울대학교,디지털타임스,"리사 수, 韓서 AI 연구소 짓는다…“수백명 인재 채용”",수 회장은 7일 서울 포시즌스호텔에서 류제명 과학기술정보통신부 2차관과 면담하고 한국 내 AMD AI... 수 회장은 최근 서울대 AI연구소와 양해각서(MOU)를 체결했다며 앞으로 국내 대학·스타트업과의 협력 관계를...,2026-10-07 11:25,https://www.dt.co.kr/article/12087871?ref=naver,https://n.news.naver.com/mnews/article/029/0003051897?sid=101
연세대학교,강원일보,[포토뉴스]원주시보건소 학생비만 예방·건강격차 해소 업무협약,"원주시보건소는 지난 6일 강원특별자치도원주교육지원청에서 원주교육지원청과 대한비만학회 소아청소년위원회, 연세대학교 의료복지연구소와 ‘학생비만 예방 및 건강격차 해소를 위한 4자 업무협약(MOU)식을 진행했다.",2026-10-07 11:25,https://www.kwnews.co.kr/article/20261007500470,https://n.news.naver.com/mnews/article/087/0001222421?sid=102
서울대학교,매일경제,"제주까지 찾아간 핸볼, 학교체육에 스며들다…대한핸드볼협회 ‘찾아가...","오는 11월 28일 서울대학교 관악캠퍼스 체육관에서는 ‘제5회 핸볼 페스티벌’이 열린다. 학생과 교원, 학부모가 함께 참여하는 이번 페스티벌에서는 핸볼 경기뿐만 아니라 신한금융그룹 후원으로 마련된 다양한 체험...",2026-10-07 11:24,https://www.mk.co.kr/article/12170201,https://m.sports.naver.com/general/article/410/0001142573
서울대학교,연합뉴스TV,K-원전 글로벌 진출 본격화…리더스 포럼 출범,"산업통상부는 오늘(7일) 서울 한국프레스센터에서 원자력 산·학·연·관 관계자 약 100명이 참석한 가운데... 원자력산업협회, 서울대 등 원자력 관련 산학연관 전문가 및 관계자 100여명이 참석했습니다. 참석자들은 한미...",2026-10-07 11:23,http://www.yonhapnewstv.co.kr/news/AKR20261007112220qJI,https://n.news.naver.com/mnews/article/422/0000913308?sid=101
고려대학교,뉴스에프씨,대기업 오너 4·5세 유학파 비중 94%…미국 컬럼비아대 '최다',"오너 일가가 가장 많이 다닌 해외 대학교는 미국 컬럼비아대로 나타났다. 기업데이터연구소 CEO스코어는... 국내 대학 출신으로는 고려대 54명, 서울대 50명, 연세대 35명, 이화여대 26명 등 순이었다. 고려대 출신 오너...",2026-10-07 11:22,http://www.newsfc.co.kr/news/articleView.html?idxno=81584,http://www.newsfc.co.kr/news/articleView.html?idxno=81584
서울대학교,뉴스티앤티,세종대서 조인호 수묵산수전 개최…자유를 향한 여정 담아내다,세종대학교 세종뮤지엄갤러리 1관은 동양화가 조인호의 개인전 'Wanderings Toward Freedom 유(遊): 자유를 향한... 조인호 작가(서울대 동양화과 교수)는 전통 수묵산수의 미학을 바탕으로 직접 보고 걸으며 체험한 자연의...,2026-10-07 11:22,https://www.newstnt.com/news/articleView.html?idxno=721761,https://www.newstnt.com/news/articleView.html?idxno=721761
서울대학교,뉴스에프씨,대기업 오너 4·5세 유학파 비중 94%…미국 컬럼비아대 '최다',"오너 일가가 가장 많이 다닌 해외 대학교는 미국 컬럼비아대로 나타났다. 기업데이터연구소 CEO스코어는... 국내 대학 출신으로는 고려대 54명, 서울대 50명, 연세대 35명, 이화여대 26명 등 순이었다. 고려대 출신 오너...",2026-10-07 11:22,http://www.newsfc.co.kr/news/articleView.html?idxno=81584,http://www.newsfc.co.kr/news/articleView.html?idxno=81584
서울대학교,이코노믹리뷰,"리사 수 AMD 회장 ""韓 AI 연구소 세우고 연구원 수백명 채용""",리사 수 회장은 이날 서울 포시즌스호텔에서 류제명 과학기술정보통신부 2차관을 만나 이런 계획을... 리사 수 회장은 최근 서울대 AI연구소와 양해각서(MOU)를 맺었다고 소개했다. 앞으로 국내 대학·스타트업과 협력...,2026-10-07 11:22,https://www.econovill.com/news/articleView.html?idxno=752927,https://www.econovill.com/news/articleView.html?idxno=752927
서울대학교,이지경제,"AMD 리사 수, 국내 AI 반도체 13곳과 협력…이기종 AI 인프라 구축",과학기술정보통신부는 7일 서울 포시즌스 호텔에서 류제명 2차관과 리사 수 AMD 회장이 면담한 뒤 국내... AMD는 서울대 AI연구소와도 협력 관계를 구축하고 있다. 또 국내 AI 기업의 연산 수요에 대응하기 위해 AI...,2026-10-07 11:22,https://www.ezyeconomy.com/news/articleView.html?idxno=240548,https://www.ezyeconomy.com/news/articleView.html?idxno=240548
연세대학교,충청데일리,"의료기기 실증지원센터 7곳 중 5곳 수도권…""대전 등 권역별 인프라 필...",아주대학교병원 글로벌 혁신의료기술 실증지원센터가 있다. 비수도권에는 전북 전주와 경북 경산에 각각 1곳씩 운영되고 있다. 의료기기 전문인력 양성을 위한 특성화대학원 3곳도 연세대·성균관대·동국대 등 모두...,2026-10-07 11:22,https://www.ccdn.co.kr/news/articleView.html?idxno=1103542,https://www.ccdn.co.kr/news/articleView.html?idxno=1103542
연세대학교,뉴스에프씨,대기업 오너 4·5세 유학파 비중 94%…미국 컬럼비아대 '최다',"오너 일가가 가장 많이 다닌 해외 대학교는 미국 컬럼비아대로 나타났다. 기업데이터연구소 CEO스코어는... 국내 대학 출신으로는 고려대 54명, 서울대 50명, 연세대 35명, 이화여대 26명 등 순이었다. 고려대 출신 오너...",2026-10-07 11:22,http://www.newsfc.co.kr/news/articleView.html?idxno=81584,http://www.newsfc.co.kr/news/articleView.html?idxno=81584
서울대학교,파이낸셜뉴스,"아이스크림에듀, 서울대·경인교대와 '초개인화 AI 학습 엔진' 공동 개발","아이스크림에듀는 서울대학교, 경인교육대학교, 특수교육디지털교육협회(SeeD)와 'AI 진단·추천 모델 및 생성형 AI 기반 맞춤학습 생성 연구'를 위한 공동 협약을 체결했다고 7일 밝혔다. 이번 협력은 아이스크림에듀의...",2026-10-07 11:20,https://www.fnnews.com/news/202610071118317820,https://n.news.naver.com/mnews/article/014/0005586036?sid=102
연세대학교,강원도민일보,캠퍼스를 시민 문화예술 향유 공간으로…연세대 미래캠퍼스 '연세아트위...,"문화예술축제 '제1회 연세아트위크(Yonsei Arts Week)'가 시민 호응 속 성황리에 펼쳐졌다. 연세대 미래캠퍼스가... 측제는 대학이 가진 역량과 자원을 활용, 시민들에게 다양한 장르의 문화예술 향유 기회를 제공한 것에서...",2026-10-07 11:19,https://www.kado.net/news/articleView.html?idxno=2076838,https://n.news.naver.com/mnews/article/654/0000204247?sid=102
연세대학교,에듀동아,"연세대, '제12회 양자-바이오 이노베이션 포럼' 개최","이번 포럼에는 송호택 연세대 의과대학 영상의학과 교수, Lewis M. Antill 포스텍 교수(K-BIGHEART), 신성욱 세종대 양자지능정보학과 교수가 연사로 참여했으며, 연구 세션에서 양자 스핀을 활용한 대사 연구, 양자 센서를...",2026-10-07 11:18,https://edu.donga.com/news/articleView.html?idxno=112571,https://edu.donga.com/news/articleView.html?idxno=112571
서울대학교,주간한국,"[국감2026] ""서울대, '시진핑 자료실' 무기한 특혜...중국 눈치 보나""","사진=박정훈 의원 페이스북  서울대 중앙도서관의 '시진핑 기증도서자료실'이 별도의 협약 없이 11년째... 6일 국회 교육위원회 소속 박정훈 국민의힘 의원이 서울대로부터 제출받은 자료에 따르면, 도서관 자료실 운영에...",2026-10-07 11:18,https://weekly.hankooki.com/news/articleView.html?idxno=7187774,https://weekly.hankooki.com/news/articleView.html?idxno=7187774
고려대학교,바스켓코리아,"[대학리그] ‘자력 2위’ 성균관대 김상준 감독, “성균관대 첫 우승 주...",“성균관대의 대학리그 첫 우승 주역들로 남길 바란다.” 성균관대학교는 6일 성균관대학교 자연과학캠퍼스 수성관에서 열린 2026 KUSF 대학농구 U-리그 남대부 경기에서 고려대학교를 81-78로 꺾었다. 2위 결정전이었던...,2026-10-07 11:18,https://basketkorea.com/news/newsview.php?ncode=1065579346172992,https://m.sports.naver.com/basketball/article/351/0000088593
연세대학교,이투데이,"서울시, 장애인 구강진료에 78억원 투입⋯동네치과부터 전문병원까지 연...",전신마취가 필요하거나 고난도·희귀난치 질환이 있는 중증장애인은 연세대학교 치과병원 내 서울 권역장애인구강진료센터에서 진료를 받는다. 지난해 6월 문을 연 센터에는 휠체어 이동과 회전이 가능한 진료실을...,2026-10-07 11:16,https://www.etoday.co.kr/news/view/2633226,https://www.etoday.co.kr/news/view/2633226
서울대학교,디일렉,AMD 하드웨어에 국산 NPU 심는다…한국과 AI 협력 확대,"리사 수 CEO는 7일 서울 포시즌스 호텔에서 류제명 과학기술정보통신부(과기정통부) 2차관과 만나 ""AMD는... AMD는 서울대학교 AI 연구소와 업무협약(MOU)를 체결했고, 많은 협력을 함께 할 것""이라고 강조했다. 수 CEO는...",2026-10-07 11:16,https://www.thelec.kr/news/articleView.html?idxno=63359,https://www.thelec.kr/news/articleView.html?idxno=63359
연세대학교,연합뉴스,서울시 장애인 전문 치과 3곳서 2년 새 4만2천명 진료,"서울대학교치과병원이 위탁 운영하며, 일반 치과 진료뿐 아니라 전신마취가 필요한 전문진료, 보건교육과... 전신마취가 필요하거나 고난도·희귀 난치 질환을 가진 중증장애인을 대상으로는 연세대학교 치과병원 내...",2026-10-07 11:15,https://www.yna.co.kr/view/AKR20261007041600004?input=1195m,https://n.news.naver.com/mnews/article/001/0016362047?sid=102
연세대학교,뉴스1,"""동네 검진부터 전신마취까지""…서울시, 장애인 '치과 문턱' 낮춘다",전신마취가 필요하거나 고난도·희귀난치 질환을 가진 중증장애인은 연세대학교 치과병원 내 '서울 권역장애인구강진료센터'에서 치료받을 수 있다. 지난해 6월 문을 연 센터에는 휠체어 이동과 회전이 가능한 진료실을...,2026-10-07 11:15,https://www.news1.kr/local/moi/6312353,https://n.news.naver.com/mnews/article/421/0009213881?sid=102
연세대학교,뉴시스,"서울시, 장애인 구강진료 78억 투입…동행치과 69곳 운영",전신마취·고난도 치료가 필요한 중증장애인과 희귀난치질환이 있는 중증장애인은 연세대치과병원 내 서울 권역장애인구강진료센터에서 전문적인 치과진료를 받을 수 있다. 지난해 6월 문을 연 센터는 휠체어가...,2026-10-07 11:15,https://www.newsis.com/view/NISX20261007_0003816576,https://n.news.naver.com/mnews/article/003/0014237932?sid=102
연세대학교,뉴스핌,"서울시, 장애인 치과 진료 인프라 구축…4만2000명 진료 성과",전신마취가 필요하거나 고난도·희귀난치 질환을 가진 중증장애인은 연세대학교 치과병원 내 '서울 권역장애인구강진료센터'에서 전문적인 치과진료를 받을 수 있다. 2025년 6월 문을 연 센터는 중증장애인의 특성을...,2026-10-07 11:15,https://www.newspim.com/news/view/20261007000163,https://www.newspim.com/news/view/20261007000163
연세대학교,머니투데이,서울 장애인 치과 3곳서 4.2만명 진료…동네 '동행치과' 69곳으로 확대,"고난도 치료나 희귀난치 질환이 있는 중증장애인 진료는 연세대학교 치과병원 내 서울 권역장애인구강진료센터가 맡는다. 서울시는 동네 치과의 검진·예방진료부터 시립병원의 전문치료, 권역센터의 고난도 치료로...",2026-10-07 11:15,https://www.mt.co.kr/policy/2026/10/07/2026100708100862565,https://n.news.naver.com/mnews/article/008/0005423129?sid=102
서울대학교,연합뉴스,서울시 장애인 전문 치과 3곳서 2년 새 4만2천명 진료,"서울대학교치과병원이 위탁 운영하며, 일반 치과 진료뿐 아니라 전신마취가 필요한 전문진료, 보건교육과... 연세대학교 치과병원 내 '서울 권역장애인구강진료센터'에서 전문적인 진료를 제공한다. 지난해 6월 문을 연...",2026-10-07 11:15,https://www.yna.co.kr/view/AKR20261007041600004?input=1195m,https://n.news.naver.com/mnews/article/001/0016362047?sid=102
서울대학교,뉴시스,"서울시, 장애인 구강진료 78억 투입…동행치과 69곳 운영",서울시 등록장애인이면 장애 유형·등급·나이와 관계없이 사전 예약 후 진료받을 수 있다. 두 병원은 서울대치과병원이 위탁 운영하며 일반 치과진료와 전신마취가 필요한 전문진료를 제공한다. 구강보건교육과...,2026-10-07 11:15,https://www.newsis.com/view/NISX20261007_0003816576,https://n.news.naver.com/mnews/article/003/0014237932?sid=102
서울대학교,교수신문,시정 권고에도 서울대 80%·남성 96%·평균 80.5세…'그들만의 리그' 대한...,"대학(서울대) 출신과 특정 성별(남성), 고령층에 극도로 편중된 구조를 벗어나지 못하고 있는 것으로 드러났다. 특히 과거 국정감사에서 개선 지적을 받았음에도 최근 신규 회원 선출에서 서울대 출신 비중이 오히려...",2026-10-07 11:14,https://www.kyosu.net/news/articleView.html?idxno=210996,https://www.kyosu.net/news/articleView.html?idxno=210996
연세대학교,헤럴드경제,관내 대학만 9곳…전국 최대 캠퍼스타운을 지킨다 [우리동네 경찰서 (12...,서대문구에는 감리교신학대·경기대·디지털서울문화예술대·명지대·명지전문대·서울여자간호대·연세대·이화여대·추계예술대 등 9개 대학이 자리하고 있는데 전국 기초자치단체 중 가장 많은 대학이 밀집해 있다....,2026-10-07 11:14,https://biz.heraldcorp.com/article/10895437?ref=naver,https://n.news.naver.com/mnews/article/016/0002706368?sid=102
연세대학교,청년의사,서울시 정책에 '건강' 입힌다…서울건강총괄관에 김현철 교수,"김 교수는 연세의대를 졸업하고 연세대 경제학 석사와 서울대 보건학 석사를 거쳐 미국 컬럼비아대에서 경제학 박사학위를 받았다. 미국 코넬대 교수를 거쳐 홍콩과학기술대 종신교수로 재직했으며, 현재 연세대...",2026-10-07 11:12,http://www.docdocdoc.co.kr/news/articleView.html?idxno=3043394,http://www.docdocdoc.co.kr/news/articleView.html?idxno=3043394
서울대학교,메트로신문,"시흥시, 2조922억원 규모 제3회 추경안 제출","대도시 기반시설 확충에는 장현1초 학교복합시설 건립 93억원, 월곶 공유수면 매립 55억원, 배곧서울대학교병원 건립 지원 32억원, 매화역 건설사업 18억원, 양달천 하천개선사업 10억원 등이 반영됐다. 민생경제와...",2026-10-07 11:12,http://www.metroseoul.co.kr/article/20261006500493,http://www.metroseoul.co.kr/article/20261006500493
연세대학교,미디어펜,"신한은행, 혁신기술 스타트업 성장 지원 업무협약 체결",본관에서 연세대학교 기술지주 주식회사와 ‘혁신기술 스타트업 성장 지원을 위한 전략적 파트너십’ 업무협약을 체결했다고 7일 밝혔다./사진=신한은행 제공. 이번 협약은 대학이 보유한 우수 연구성과와 기술의...,2026-10-07 11:12,https://www.mediapen.com/news/view/1128351,https://www.mediapen.com/news/view/1128351
연세대학교,뉴스웍스,[2026 국감] 복지위 국감 돌입…'약 배송·창고형 약국·임신중절 의약품...,같은 날 박정환 대한비만학회 정책이사(한양대학교병원 내분비대사내과 부교수)는 GLP-1 계열 비만 치료제와... 이 밖에 송도 세브란스병원 건립 지연 문제(금기창 연세대 의무부총장)와 청소년 고카페인 음료 과다 섭취...,2026-10-07 11:12,https://www.newsworks.co.kr/news/articleView.html?idxno=855791,https://www.newsworks.co.kr/news/articleView.html?idxno=855791
서울대학교,청년의사,서울시 정책에 '건강' 입힌다…서울건강총괄관에 김현철 교수,서울시는 김 교수가 의학과 경제학을 함께 공부하며 건강뿐 아니라 교육·노동·인구 등 삶에 영향을 미치는 요인을 연구해 왔다는 점에 주목했다. 김 교수는 연세의대를 졸업하고 연세대 경제학 석사와 서울대 보건학...,2026-10-07 11:12,http://www.docdocdoc.co.kr/news/articleView.html?idxno=3043394,http://www.docdocdoc.co.kr/news/articleView.html?idxno=3043394
고려대학교,전자신문,"카카오모빌리티-고려대, 모빌리티 기술로 국방 AX 가속화",카카오모빌리티가 고려대학교와 손잡고 인공지능(AI) 기반 배차·라우팅·관제와 자율주행·로봇 등... 카카오모빌리티는 고려대학교 C5ISRT융합연구원과 '국방 인공지능(AI) 분야 상호발전을 위한 협력 양해각서(MOU)'를...,2026-10-07 11:11,https://www.etnews.com/20261007000162,https://n.news.naver.com/mnews/article/030/0003472951?sid=101
연세대학교,메트로신문,"국립창원대, 한화에어로스페이스와 AX대학원 출범",사진/국립창원대학교 국립창원대학교가 한화에어로스페이스와 함께 6일 연세대학교 백양누리홀에서 열린 'AX대학원 출범식'에 참석하고 '인공지능혁신인재 양성사업'을 본격 추진한다. 해당 사업에는 6년간...,2026-10-07 11:10,http://www.metroseoul.co.kr/article/20261006500509,http://www.metroseoul.co.kr/article/20261006500509
서울대학교,아시아경제,"이창용의 파격 제안 ""재량으론 해결 안 된다…연 8200 받는 사무직, 주 ...","근로시간과 임금 구조의 개혁이 필요하다."" 이창용 전 한국은행 총재(서울대 특임교수)가 '한국형... ""앞으로의 한국, 화이트칼라 제대로 일해야 미래 있다."" 이 전 총재는 6일 서울대 국가미래전략원 인구클러스터...",2026-10-07 11:10,https://view.asiae.co.kr/article/2026100709544749910,https://n.news.naver.com/mnews/article/277/0005825567?sid=101
연세대학교,후생신보,"명지병원, 의료현장 ‘피지컬 AI’ 실증 첫발",카네기멜론대학교 로보틱스학과 교수인 오혜진 대표와 뉴욕 알버트 아인슈타인 의과대학 버크재활병원... 국내에서는 연세대학교 기계공학과 송순호 교수 연구팀과 협력하고 있다. 지난 6일 열린 협약식에는 이왕준...,2026-10-07 11:08,http://www.whosaeng.com/174233,http://www.whosaeng.com/174233
연세대학교,뉴스핌,"[정국진단] 전수미 ""한동훈, 당밖에서 국힘 접수 노림수…장동혁보다 훨...","◆프로필 -1982년생(전북 군산) -군산여고, 연세대 정치외교학, 인하대 법학전문대학원, 연세대 대학원 정치학 박사 -더불어민주당 대변인, 더불어민주당 인권대변인, 김대중기념사업회 인권위원장 -이재명 대선후보 직속...",2026-10-07 11:07,https://www.newspim.com/news/view/20261007000550,https://www.newspim.com/news/view/20261007000550
서울대학교,서울경제TV,"HD현대重, 산학연 손잡고 ‘SMR 해양 기술 실증센터’ 출범","이번 협약에는 HD현대중공업과 HD한국조선해양, 한국전력기술, 현대건설, 한국선급, 현대중공업터보기계, 클래드코리아, 울산테크노파크, 울산과학기술원, 서울대학교, 한국과학기술원(KAIST), 한양대학교 등이...",2026-10-07 11:06,https://www.sentv.co.kr/article/view/sentv202610070067,https://www.sentv.co.kr/article/view/sentv202610070067
서울대학교,CEOSCOREDAILY,"[알림] ‘선점할 것인가, 소외될 것인가’…스테이블코인·STO가 바꿀 미...","정 대표는 1993년 서울대 경제학 학사 졸업 후 1997년 미국 펜실베이니아대 와튼스쿨 경영학 석사(MBA) 등을 받았다. 신한금융투자 부사장, SC제일은행 부행장, SC증권 대표 등을 역임했다. 서강대학교 경영대학 교수로...",2026-10-07 11:06,https://www.ceoscoredaily.com/page/view/2026100615093128303,https://www.ceoscoredaily.com/page/view/2026100615093128303
서울대학교,비즈니스포스트,HD현대중공업 12개 기관과 'SMR 해양기술 실증센터' 출범 위한 업무협약,"HD현대중공업, HD한국조선해양, 한국전력기술, 현대건설, 한국선급, 현대중공업터보기계, 클래드코리아, 울산테크노파크, 울산과학기술원, 서울대학교, 한국과학기술원(KAIST), 한양대학교 등이 참여한다. 'SMR 해양...",2026-10-07 11:06,https://www.businesspost.co.kr/BP?command=article_view&num=448787,https://www.businesspost.co.kr/BP?command=article_view&num=448787
서울대학교,비즈니스플러스,"HD현대중공업 등 12개 기관, 'SMR 해양 기술 실증센터' 출범","협약에는 HD현대중공업, HD한국조선해양, 한국전력기술, 현대건설, 한국선급, 현대중공업터보기계, 클래드코리아, 울산테크노파크, 울산과학기술원, 서울대학교, 한국과학기술원(KAIST), 한양대학교 등이 참여했다. SMR...",2026-10-07 11:06,https://www.businessplus.kr/news/articleView.html?idxno=117812,https://www.businessplus.kr/news/articleView.html?idxno=117812
연세대학교,헤럴드경제,[부고] 윤문정(코리아헤럴드 편집부 외신팀 대리) 씨 조부상,"▶윤영배 씨 별세, 유현숙 씨 배우자상, 윤택근·신근·동근 씨 부친상, 김정미·허명자 씨 시부상, 윤문정(코리아헤럴드 편집부 외신팀 대리)·효정·정훈·애정·라영·수영 씨 조부상=7일, 연세대학교신촌장례식...",2026-10-07 11:06,https://biz.heraldcorp.com/article/10895410?ref=naver,https://n.news.naver.com/mnews/article/016/0002706354?sid=102
연세대학교,CEOSCOREDAILY,"[알림] ‘선점할 것인가, 소외될 것인가’…스테이블코인·STO가 바꿀 미...","서강대학교 경영대학 교수로 재직했으며, 조각투자장외거래소 넥스체인지 초대 대표를 역임하고 있다.... 김 변호사는 1999년 연세대학교 법학과 졸업 후 2001년 제43회 사법시험에 합격했다. 2020년 금융감독원...",2026-10-07 11:06,https://www.ceoscoredaily.com/page/view/2026100615093128303,https://www.ceoscoredaily.com/page/view/2026100615093128303
연세대학교,더리포트,"신한은행·연세대 기술지주, 혁신기술 스타트업 발굴·육성 맞손",연세대 기술지주는 과학기술정보통신부의 2026년 '기술경영촉진 사업' 대학 부문 유일 수행기관으로 선정돼 유망 기술과 혁신기업의 사업화·투자·보육 등을 지원하고 있다. 신한은행은 연세대 기술지주가 발굴...,2026-10-07 11:06,https://www.thereport.co.kr/news/articleView.html?idxno=92043,https://www.thereport.co.kr/news/articleView.html?idxno=92043
고려대학교,한국일보,"""지금 스마트폰 업데이트하세요!""… 해킹 전문가의 긴급처방","최근 7개 금융사 등에서 해킹 공격이 발생해 약 6만8,000명의 개인정보가 노출된 가운데, 김승주 고려대 정보보호대학원 교수가 7일 이 같은 해킹 예방법을 내놓았다. 이날 YTN라디오 '장성철의 뉴스명당'에서 김 교수는 먼저...",2026-10-07 11:05,https://www.hankookilbo.com/news/article/A2026100709180005148?did=NA,https://n.news.naver.com/mnews/article/469/0000958099?sid=105
서울대학교,IMINJU,"HD현대중공업, 해양 SMR 실증 거점 구축…12개 기관 협력",기관은 ▲HD현대중공업 ▲HD한국조선해양 ▲한국전력기술 ▲현대건설 ▲한국선급 ▲현대중공업터보기계 ▲클래드코리아 ▲울산테크노파크 ▲울산과학기술원 ▲서울대학교 ▲한국과학기술원(KAIST) ▲한양대학교...,2026-10-07 11:04,http://www.iminju.net/news/articleView.html?idxno=170478,http://www.iminju.net/news/articleView.html?idxno=170478
서울대학교,KOREADAILY,[열린광장] 77년 전 시작된 인연,특이 이번 연주회는 어린 시절부터 친구이자 서울예고와 서울대 음대 동창이기도 한 피아니스트 임자향 씨와의 협연이라 더 의미가 크다. 두 음악가는 이제 나이가 80대에 접어든 연주자다. 원숙하고 깊이 있는 연주로...,2026-10-07 11:04,https://www.koreadaily.com/article/20261006190217572,https://www.koreadaily.com/article/20261006190217572
서울대학교,컨슈머타임스,"HD현대중공업·한국전력기술 등 12곳, 해양 SMR 산업화 협력 체계 구축","HD현대중공업, HD한국조선해양, 한국전력기술, 현대건설, 한국선급, 현대중공업터보기계, 클래드코리아, 울산테크노파크, 울산과학기술원, 서울대학교, 한국과학기술원, 한양대학교가 이름을 올렸다. 실증센터는...",2026-10-07 11:04,https://www.cstimes.com/news/articleView.html?idxno=723163,https://www.cstimes.com/news/articleView.html?idxno=723163
연세대학교,서울파이낸스,"[은행브리핑] 신한은행, 연세기술지주와 혁신기술 성장 지원 협약 외",신한은행은 지난 6일 서울 서대문구 연세대학교 기술지주 주식회사(연대기술지주)와 '혁신기술 스타트업 성장 지원을 위한 전략적 파트너십'을 위한 업무협약을 체결했다고 7일 밝혔다. 양측은 대학의 연구성과와 보유...,2026-10-07 11:03,https://www.seoulfn.com/news/articleView.html?idxno=639515,https://www.seoulfn.com/news/articleView.html?idxno=639515
연세대학교,뉴시스,"우송대, 세계대학평가서 국제화 역량 3년 연속 국내 1위","우송대학교는 영국 글로벌 대학평가기관 '타임스고등교육(Times Higher Education, THE)'의 '2027 세계대학평가... 또 솔브릿지국제경영대학이 영국 고등교육 평가기관 QS의 '세계 MBA 순위'에서 고려대 경영대, 연세대...",2026-10-07 11:02,https://www.newsis.com/view/NISX20261007_0003817059,https://n.news.naver.com/mnews/article/003/0014237845?sid=102
연세대학교,THE-PR,"대학의 혁신기술로 스타트업 키운다…신한은행, 연세대와 발굴·육성 맞...","더피알=김지은 기자｜신한은행이 연세대학교 기술지주와 함께 대학 연구성과를 기반으로 한 혁신기술 스타트업을 공동 발굴하고, 투자·금융·보육 지원을 연계한다. 신한은행은 지난 6일 서울 서대문구 연세대학교...",2026-10-07 11:02,https://www.the-pr.co.kr/news/articleView.html?idxno=62829,https://www.the-pr.co.kr/news/articleView.html?idxno=62829
연세대학교,조선일보,대기업 오너 4·5세 94%가 유학파… 컬럼비아대가 가장 많아,"회장과 신유열 롯데지주 부사장 등이 이름을 올렸다. 이어 뉴욕대 18명, 코넬대 16명, 스탠퍼드대 15명, 하버드대 14명 순이었다. 국내 대학은 고려대가 54명으로 가장 많았고 서울대 50명, 연세대 35명이 뒤를 이었다.",2026-10-07 11:02,https://www.chosun.com/economy/industry-company/2026/10/07/ZIDUS633BRGXZKOXVR72X3TDIA/?utm_source=naver&utm_medium=referral&utm_campaign=naver-news,https://n.news.naver.com/mnews/article/023/0004002535?sid=101
연세대학교,초이스경제,"신한은행, 연세대와 스타트업 지원 '맞손'...금융권·대학 협력 확산","연세대 기술지주는 2026년 과학기술정보통신부 '기술경영촉진(기술사업화 종합전문회사육성형) 사업'의 대학 부문 유일 수행기관으로, 유망 기술과 혁신기업을 발굴해 사업화·투자·보육 등을 지원한다. 신한은행은...",2026-10-07 11:02,http://www.choicenews.co.kr/news/articleView.html?idxno=171996,http://www.choicenews.co.kr/news/articleView.html?idxno=171996
고려대학교,뉴시스,"우송대, 세계대학평가서 국제화 역량 3년 연속 국내 1위","우송대학교는 영국 글로벌 대학평가기관 '타임스고등교육(Times Higher Education, THE)'의 '2027 세계대학평가... 또 솔브릿지국제경영대학이 영국 고등교육 평가기관 QS의 '세계 MBA 순위'에서 고려대 경영대, 연세대...",2026-10-07 11:02,https://www.newsis.com/view/NISX20261007_0003817059,https://n.news.naver.com/mnews/article/003/0014237845?sid=102
서울대학교,조선일보,대기업 오너 4·5세 94%가 유학파… 컬럼비아대가 가장 많아,"회장과 신유열 롯데지주 부사장 등이 이름을 올렸다. 이어 뉴욕대 18명, 코넬대 16명, 스탠퍼드대 15명, 하버드대 14명 순이었다. 국내 대학은 고려대가 54명으로 가장 많았고 서울대 50명, 연세대 35명이 뒤를 이었다.",2026-10-07 11:02,https://www.chosun.com/economy/industry-company/2026/10/07/ZIDUS633BRGXZKOXVR72X3TDIA/?utm_source=naver&utm_medium=referral&utm_campaign=naver-news,https://n.news.naver.com/mnews/article/023/0004002535?sid=101
서울대학교,서울이코노미뉴스,"리사 수 美AMD 회장, 한국서 '개방형 AI' 판 키운다…수백명 연구인력 채...","리사 수 회장은 7일 서울 종로구 포시즌스호텔에서 과학기술정보통신부와 AMD가 개최한 '코리아 AI... 최근 서울대 AI 연구원과 MOU를 체결했으며, 향후 국내 대학과 연구 커뮤니티로 협력범위를 넓힐 계획이다. 국내...",2026-10-07 11:02,http://www.seouleconews.com/news/articleView.html?idxno=94180,http://www.seouleconews.com/news/articleView.html?idxno=94180
고려대학교,조선일보,대기업 오너 4·5세 94%가 유학파… 컬럼비아대가 가장 많아,"회장과 신유열 롯데지주 부사장 등이 이름을 올렸다. 이어 뉴욕대 18명, 코넬대 16명, 스탠퍼드대 15명, 하버드대 14명 순이었다. 국내 대학은 고려대가 54명으로 가장 많았고 서울대 50명, 연세대 35명이 뒤를 이었다.",2026-10-07 11:02,https://www.chosun.com/economy/industry-company/2026/10/07/ZIDUS633BRGXZKOXVR72X3TDIA/?utm_source=naver&utm_medium=referral&utm_campaign=naver-news,https://n.news.naver.com/mnews/article/023/0004002535?sid=101
서울대학교,비즈니스포스트,"AMD 회장 리사 수 한국에 'AMD AI 연구소' 조성하기로, ""한국 AI 연구원 ...","리사 수 회장은 7일 서울 포시즌스호텔에서 류제명 과학기술정보통신부 2차관과 만나 국내에 'AMD AI 연구소... 수 회장은 최근 서울대학교 AI연구소와 업무협약(MOU)을 맺은 사실을 공개하며, 향후 국내 주요 대학과 유망...",2026-10-07 11:02,https://www.businesspost.co.kr/BP?command=article_view&num=448783,https://www.businesspost.co.kr/BP?command=article_view&num=448783
고려대학교,뉴스1,"우송대, THE 세계대학평가서 국제화 역량 3년 연속 국내 1위","우송대학교가 2027 THE 세계대학평가에서 국제화 역량 3년 연속 국내 1위를 기록하며 종합 순위 비수도권... 순위'에서 고려대 경영대학, 연세대 경영대학, 성균관대 GSB에 이어 국내 4위를 기록했다. 진고환 총장은...",2026-10-07 11:00,https://www.news1.kr/local/daejeon-chungnam/6312659,https://n.news.naver.com/mnews/article/421/0009213774?sid=102
연세대학교,이코노믹포스트,"신한은행, 연세대 기술지주와 협약...혁신기술 스타트업 성장 지원",(사진=신한은행) 신한은행이 대학이 보유한 우수 연구성과와 기술의 사업화와 혁신기술을 보유한 스타트업이 성장해나갈 수 있도록 연세대학교와 협력 관계를 맺었다. 신한은행은 지난 6일 연세대학교 기술지주 주식회사...,2026-10-07 11:00,http://www.efnews.co.kr/news/articleView.html?idxno=132933,http://www.efnews.co.kr/news/articleView.html?idxno=132933
연세대학교,뉴스1,"우송대, THE 세계대학평가서 국제화 역량 3년 연속 국내 1위","우송대학교가 2027 THE 세계대학평가에서 국제화 역량 3년 연속 국내 1위를 기록하며 종합 순위 비수도권... 경영대학, 연세대 경영대학, 성균관대 GSB에 이어 국내 4위를 기록했다. 진고환 총장은 ""우송대는 84개국에서 온...",2026-10-07 11:00,https://www.news1.kr/local/daejeon-chungnam/6312659,https://n.news.naver.com/mnews/article/421/0009213774?sid=102
서울대학교,THE-TODAY,"HD현대중공업 포함 12개 기관·기업, 'SMR 해양 기술 실증센터' 출범","울산과학기술원, 서울대학교, 한국과학기술원(KAIST), 한양대학교 등 12개 기관·기업이 참여했다. 'SMR 해양 기술 실증센터'는 참여 기관·기업의 기술과 전문인력, 연구설비 등을 연계해 해양 SMR 기술개발과 시험·검증...",2026-10-07 11:00,https://www.the-today.com/news/articleView.html?idxno=91309,https://www.the-today.com/news/articleView.html?idxno=91309
연세대학교,동아일보,"신한은행, 혁신기술 스타트업 성장 돕는다…연대기술지주와 맞손",신한은행이 혁신 기술 스타트업의 성장을 지원하기 위해 연세대학교 기술지주회사(연대기술지주)와 손을... “앞으로도 대학 및 기술지주와의 협력을 확대해 성장 가능성이 높은 기업을 선제적으로 발굴하고 생산적...,2026-10-07 10:59,https://www.donga.com/news/Economy/article/all/20261007/134800052/1,https://n.news.naver.com/mnews/article/020/0003753305?sid=101
서울대학교,더파워,정부·원전업계 100명 한자리에…‘원전수출 리더스포럼’ 발족,"산업통상부는 7일 서울 한국프레스센터에서 원자력 산업계·학계·연구계·정부 관계자들이 참여하는... BHI, 무진기연, 금화정수, 미래와도전, 코센, 이투에스 등 중소·중견기업과 경희대, 서울대, 핵정책학회...",2026-10-07 10:58,https://www.thepowernews.co.kr/view.php?ud=202610071055564940de3f0aa1be_7,https://www.thepowernews.co.kr/view.php?ud=202610071055564940de3f0aa1be_7
연세대학교,이지경제,"신한은행, 연세대 기술지주와 함께 혁신기술 스타트업 육성",신한은행이 연세대학교 기술지주회사와 손잡고 대학이 보유한 우수 기술의 사업화를 촉진하고 성장 가능성이 높은 혁신기업 발굴·육성에 나선다. 신한은행은 지난 6일 서울 서대문구 연세대 본관에서 연세대 기술지주...,2026-10-07 10:56,https://www.ezyeconomy.com/news/articleView.html?idxno=240545,https://www.ezyeconomy.com/news/articleView.html?idxno=240545
연세대학교,위클리오늘,[금융권 소식] 신한은행ㆍ하나금융ㆍ하나은행(10.7),지난 6일 서울 서대문구 연세대학교 본관에서 열린 협약식에는 이종구 신한은행 영업추진1그룹장과 홍종일 연세대학교 기술지주 대표 등 양측 관계자가 참석했다. 이번 협약은 대학이 보유한 연구성과와 기술의 사업화를...,2026-10-07 10:56,http://www.weeklytoday.com/news/articleView.html?idxno=797123,http://www.weeklytoday.com/news/articleView.html?idxno=797123
서울대학교,파이낸셜리뷰,"[김홍권 칼럼] 100% 내 회사인데, 내 돈 꺼내면 횡령이라고요?",1인 법인의 돈도 제대로 가져와야 내 돈이다. 김홍권 회계사 약력 현 회계법인베율 상무(파트너 회계사) 전 삼일회계법인 회계감사본부 전 삼일회계법인 조세본부 전 안진회계법인 세무자문본부 서울대학교 졸업,2026-10-07 10:56,http://www.financialreview.co.kr/news/articleView.html?idxno=45335,http://www.financialreview.co.kr/news/articleView.html?idxno=45335
서울대학교,중소기업신문,HD현대重 등 12개 기관 SMR 위해 뭉쳤다,"울산과학기술원, 서울대학교, 한국과학기술원(KAIST), 한양대학교 등 12개 기관이 참여했다. 'SMR 해양 기술 실증센터'는 참여기관의 기술과 전문인력, 연구설비 등을 연계해 해양 SMR 기술개발과 시험·검증, 실증을...",2026-10-07 10:56,http://www.smedaily.co.kr/news/articleView.html?idxno=364282,http://www.smedaily.co.kr/news/articleView.html?idxno=364282
서울대학교,이지경제,"HD현대중공업, 해양 SMR 실증 나선다…12개 기관 손잡아","협약에는 HD현대중공업과 HD한국조선해양, 한국전력기술, 현대건설, 한국선급, 현대중공업터보기계, 클래드코리아, 울산테크노파크, UNIST, 서울대, KAIST, 한양대 등이 참여했다. 실증센터는 각 기관이 보유한...",2026-10-07 10:56,https://www.ezyeconomy.com/news/articleView.html?idxno=240541,https://www.ezyeconomy.com/news/articleView.html?idxno=240541
서울대학교,경향신문,재벌가 4·5세 94%가 해외유학파···미 컬럼비아대 출신 22명 ‘최다’,"국내 대학은 고려대(54명), 서울대(50명), 연세대(35명) 순이었다. 최태원 SK그룹 회장과 정의선 현대자동차그룹 회장은 고려대, 이재용 회장은 서울대 출신이다. 점점 어린 나이에 유학을 떠나는 현상은 기업인의 국적...",2026-10-07 10:55,https://www.khan.co.kr/article/202610071055001,https://n.news.naver.com/mnews/article/032/0003474712?sid=101
연세대학교,경향신문,재벌가 4·5세 94%가 해외유학파···미 컬럼비아대 출신 22명 ‘최다’,"국내 대학은 고려대(54명), 서울대(50명), 연세대(35명) 순이었다. 최태원 SK그룹 회장과 정의선 현대자동차그룹 회장은 고려대, 이재용 회장은 서울대 출신이다. 점점 어린 나이에 유학을 떠나는 현상은 기업인의 국적...",2026-10-07 10:55,https://www.khan.co.kr/article/202610071055001,https://n.news.naver.com/mnews/article/032/0003474712?sid=101
연세대학교,바스켓코리아,"[대학리그] ‘16년 만의 정규리그 우승’ 중앙대 윤호영 감독, “통합 우...","중앙대학교는 6일 중앙대학교 다빈치캠퍼스 청룡체육관에서 열린 2026 KUSF 대학농구 U-리그 남대부 경기에서 연세대학교를 79-58로 꺾었다. 시즌 18승 2패, 16년 만의 정상 복귀다. 이날 중앙대는 고찬유가 19점 5어시스트...",2026-10-07 10:55,https://basketkorea.com/news/newsview.php?ncode=1065578016987555,https://m.sports.naver.com/basketball/article/351/0000088592
고려대학교,경향신문,재벌가 4·5세 94%가 해외유학파···미 컬럼비아대 출신 22명 ‘최다’,"국내 대학은 고려대(54명), 서울대(50명), 연세대(35명) 순이었다. 최태원 SK그룹 회장과 정의선 현대자동차그룹 회장은 고려대, 이재용 회장은 서울대 출신이다. 점점 어린 나이에 유학을 떠나는 현상은 기업인의 국적...",2026-10-07 10:55,https://www.khan.co.kr/article/202610071055001,https://n.news.naver.com/mnews/article/032/0003474712?sid=101
고려대학교,뉴스로드,국내 재벌 4·5세 93.9% 해외 유학파…학부부터 '미국행',"오너일가의 국내 출신 대학은 고려대가 54명으로 가장 많았다. 서울대가 50명, 연세대가 35명으로 뒤를 이었다. 이화여대 출신도 26명으로 조사됐다. 고려대 출신으로는 최태원 SK그룹 회장, 정의선 현대자동차그룹 회장...",2026-10-07 10:54,http://www.newsroad.co.kr/news/articleView.html?idxno=65376,http://www.newsroad.co.kr/news/articleView.html?idxno=65376
연세대학교,뉴스로드,국내 재벌 4·5세 93.9% 해외 유학파…학부부터 '미국행',"오너일가의 국내 출신 대학은 고려대가 54명으로 가장 많았다. 서울대가 50명, 연세대가 35명으로 뒤를 이었다. 이화여대 출신도 26명으로 조사됐다. 고려대 출신으로는 최태원 SK그룹 회장, 정의선 현대자동차그룹 회장...",2026-10-07 10:54,http://www.newsroad.co.kr/news/articleView.html?idxno=65376,http://www.newsroad.co.kr/news/articleView.html?idxno=65376
연세대학교,스마트투데이,"신한은행, 연세대기술지주와 스타트업 성장지원 업무협약","|스마트투데이=최성 기자| 신한은행은 지난 6일 연세대학교 기술지주와 ‘혁신기술 스타트업 성장 지원을... 이번 협약은 대학이 보유한 우수 연구성과와 기술의 사업화를 촉진하고, 성장 가능성이 높은 혁신기업을 공동...",2026-10-07 10:54,https://www.smarttoday.co.kr/ko-kr/articles/112363,https://www.smarttoday.co.kr/ko-kr/articles/112363
연세대학교,뉴스로드,"[금융로드] ""연세 기술 스타트업, 신한은행 타고 스케일업""…산학금 융...",신한은행이 연세대학교 기술지주회사와 손잡고 대학 보유 기술 기반 스타트업의 스케일업을 지원하는 전략적 파트너십을 구축했다. 산학금(産學金)을 아우르는 이번 협력으로 연구실 단계의 우수 기술이 시장에서...,2026-10-07 10:54,http://www.newsroad.co.kr/news/articleView.html?idxno=65378,http://www.newsroad.co.kr/news/articleView.html?idxno=65378
고려대학교,공무원수험신문,"대치동 멘토스학원, 2027 윈터스쿨·수능 후 논술 사전예약 진행",국민대학교를 비롯해 수학 중심으로 평가하는 고려대학교 세종캠퍼스 등 9개 대학의 약술형 논술을... 멘토스학원은 통합과학이 2028학년도 수능부터 탐구 영역에 적용되는 점을 고려해 관련 강좌를 개설하고...,2026-10-07 10:54,https://www.gosiweek.com/article/1065577948510574,https://www.gosiweek.com/article/1065577948510574
서울대학교,뉴스로드,국내 재벌 4·5세 93.9% 해외 유학파…학부부터 '미국행',"서울대가 50명, 연세대가 35명으로 뒤를 이었다. 이화여대 출신도 26명으로 조사됐다. 고려대 출신으로는... 서울대에는 이재용 삼성전자 회장, 정몽준 아산재단 이사장, 김범수 카카오 미래이니셔티브센터 센터장...",2026-10-07 10:54,http://www.newsroad.co.kr/news/articleView.html?idxno=65376,http://www.newsroad.co.kr/news/articleView.html?idxno=65376
서울대학교,OBS경인TV,"각군 AX 거점, 이달 중 서울·부산·대전 등 5곳 개소","국방부 국감 업무보고 등에 따르면 육군의 경우 대전에서 KAIST, 해군·해병대는 부산에서 UNIST, 공군은 서울 양재동에서 서울대와 함께 AX 거점을 개소합니다. 군 관계자는 ""지능형 군수지원, 항공기 결함 분석 등...",2026-10-07 10:54,https://www.obsnews.co.kr/news/articleView.html?idxno=1539724,https://www.obsnews.co.kr/news/articleView.html?idxno=1539724
서울대학교,아시아경제,"리사 수 만난 韓 AI 기업들…""AMD AI연구센터에 수백명 채용""(종합)","수 CEO는 7일 오전 서울 포시즌스호텔에서 하정우 국가인공지능전략위원회 부위원장, 류제명... 잡았고, 서울대 AI 연구소와 업무협약(MOU)을 체결했다""고 말했다. 류 차관이 AMD가 전달한 AI PC '헤일로'를...",2026-10-07 10:53,https://view.asiae.co.kr/article/2026100710135801658,https://n.news.naver.com/mnews/article/277/0005825532?sid=105
연세대학교,플래텀,"스타트업계 ""집단소송법 소급 적용·옵트아웃, 초기 투자 얼어붙게 할 ...","첫 발제를 맡은 한석훈 연세대 법무대학원 겸임교수는 해외 사례를 들어 미국식 집단소송의 부작용을 지적했다. 한 교수는 ""미국식 집단소송은 남소와 고비용 소송구조로 정작 피해구제보다 집단소송 전문 로펌의 이익...",2026-10-07 10:52,https://platum.kr/archives/295856,https://platum.kr/archives/295856
연세대학교,포스인사이트,"[경제소식] 하나금융, 임직원 200여명 참여 치매 예방 교구 제작 봉사",서울 서대문구 연세대학교 본관에서 열린 협약식에는 이종구 신한은행 영업추진1그룹장과 홍종일 연세대학교 기술지주 대표 등이 참석했다. 이번 협약은 대학이 보유한 연구성과와 기술의 사업화를 촉진하고 성장...,2026-10-07 10:52,http://www.4th.kr/news/articleView.html?idxno=2119306,http://www.4th.kr/news/articleView.html?idxno=2119306
고려대학교,동아사이언스,"러 실험실서 페스트균 유출 의심 '파문'…""위험 크지 않지만 경계해야""","정재훈 고려대 의대 예방의학교실 교수는 ""폐렴형 페스트는 일찍 진단하면 항생제로 치료할 수 있다""면서... 브렌던 렌 영국 런던위생열대의학 대학원 교수는 ""항생제에 내성을 가진 균주들이 출현하고 있으며 만약 해당...",2026-10-07 10:51,https://www.dongascience.com/news/view/80227,https://n.news.naver.com/mnews/article/584/0000039590?sid=103
서울대학교,디지털데일리,"리사 수 “韓서 AI 연구인력 수백명 채용”…AMD, AI CoE 설립 착수","리사 수 AMD 회장 겸 최고경영자(CEO)는 7일 오전 서울 포시즌스호텔에서 류제명 과학기술정보통신부... 스타트업, 서울대를 포함한 대학 교육·연구 프로그램 지원을 빠르게 진행해줘 감사하다”고 말했다. 이어...",2026-10-07 10:47,https://www.ddaily.co.kr/page/view/2026100710231345969,https://n.news.naver.com/mnews/article/138/0002243921?sid=105
서울대학교,MONEYSTORM,"HD현대重, 해양 원자력 시장 공략…""주요 12개 기관과 SMR 사업화 협력""","협약에는 HD현대중공업과 HD한국조선해양, 한국전력기술, 현대건설, 한국선급, 현대중공업터보기계, 클래드코리아, 울산테크노파크, UNIST, 서울대학교, 한국과학기술원(KAIST), 한양대학교 등 12개 기관이 참여했다....",2026-10-07 10:47,https://www.moneystorm.kr/news/articleView.html?idxno=7090,https://www.moneystorm.kr/news/articleView.html?idxno=7090
서울대학교,스카이데일리,"육지 갇힌 원전, 바다로 갈까? 12개 산학연 승부수","협약에는 HD현대중공업, HD한국조선해양, 한국전력기술, 현대건설, 한국선급, 현대중공업터보기계, 클래드코리아, 울산테크노파크, UNIST, 서울대학교, 한국과학기술원(KAIST), 한양대학교 등 12개 기관이 참여했다. SMR...",2026-10-07 10:46,https://m.skyedaily.com/news_view.html?ID=312604,https://m.skyedaily.com/news_view.html?ID=312604
서울대학교,아시아타임즈,"[AT 현장] 리사 수 ""韓에 AI 연구센터 연내 설립""…국산 AI반도체와 협력...",설립과 대학 교육·연구 지원 등이 빠르게 진척됐다며 서울대 외 여러 대학과 연구소로 협력 프로그램을 확대해달라고 요청했다. 7일 오전 서울 종로구 포시즌스 호텔에서 열린 과학기술정보통신부 간담회에서...,2026-10-07 10:46,https://www.asiatime.co.kr/article/20261007500097,https://www.asiatime.co.kr/article/20261007500097
고려대학교,한국강사신문,"고려대학교 원왕연 교수팀, ""바이오플라스틱, 탄소배출 얼마나 줄일까…...","바이오 원료를 활용한 플라스틱이 기존 석유계 플라스틱보다 온실가스 배출을 크게 줄일 수 있지만, 폐기 방식에 따라 감축 효과가 달라지는 만큼 생산과 폐기 전 과정을 함께 고려해야 한다는 분석이다. 고려대학교...",2026-10-07 10:46,https://www.lecturernews.com/news/articleView.html?idxno=211611,https://www.lecturernews.com/news/articleView.html?idxno=211611
연세대학교,헤럴드경제,"신한은행, 연세대 기술지주와 혁신 스타트업 육성",대학 연구성과에 생산적 금융 연결 신한은행이 연세대학교 기술지주와 혁신기술 스타트업 발굴과 성장 지원에 나선다. 대학의 연구성과를 사업화하고 유망 기업에 투자·금융·창업보육 지원을 연계한다는 구상이다....,2026-10-07 10:46,https://biz.heraldcorp.com/article/10895350?ref=naver,https://n.news.naver.com/mnews/article/016/0002706330?sid=101
연세대학교,파이낸셜투데이,"신한은행, 연세대 기술지주와 혁신 스타트업 발굴·성장 지원",신한은행이 연세대학교 기술지주회사와 손잡고 대학의 우수 기술을 사업화하고 혁신 스타트업의 성장을 지원한다. 신한은행은 지난 6일 서울 서대문구 연세대학교 본관에서 연세대학교 기술지주와 혁신기술 스타트업...,2026-10-07 10:46,http://www.ftoday.co.kr/news/articleView.html?idxno=366763,http://www.ftoday.co.kr/news/articleView.html?idxno=366763
연세대학교,연합뉴스,"""의료기기 실증 받으러 출장…실증지원센터 대부분 수도권에""","정부가 의료기기 전문인력을 양성하기 위해 지정한 3개 특성화대학원도 연세대, 성균관대, 동국대 등 모두 서울에 집중돼 있다. 특히 대전과 강원 춘천·홍천, 전남 화순 등에는 바이오 분야 국가첨단전략산업...",2026-10-07 10:46,https://www.yna.co.kr/view/AKR20261007069700063?input=1195m,https://n.news.naver.com/mnews/article/001/0016361861?sid=101
서울대학교,이뉴스투데이,"세종뮤지엄갤러리, 조인호 작가 개인전 개최, 수묵산수로 떠나는 자유의...",세종대학교(총장 엄종화) 세종뮤지엄갤러리 1관이 7일부터 25일까지 동양화가 조인호 작가의 개인전... 서울대학교 동양화과 교수로 재직 중인 조인호 작가는 전통 수묵산수를 바탕으로 자연에서 체험한 감각과 기억을...,2026-10-07 10:45,http://www.enewstoday.co.kr/news/articleView.html?idxno=2477661,http://www.enewstoday.co.kr/news/articleView.html?idxno=2477661
서울대학교,경북매일,"구미, 학교·학생별 맞춤교육으로 대입 경쟁력 높인다",서울대·연세대·고려대 진학생도 매년 10명 이상을 유지했다. 구미시가 주목하는 부분은 단순히 진학실적을 높이는 데 그치지 않고 학교마다 다른 교육 여건과 학생들의 학업 수준·진로를 반영했다는 점이다. 경구고는...,2026-10-07 10:44,https://www.kbmaeil.com/article/20261007500140,https://www.kbmaeil.com/article/20261007500140
서울대학교,비즈니스코리아,"한국과 프랑스, '아시아 산불역량 강화' 본격화","서울대학교와 프랑스 PSL(Paris Sciences et Lettres) 대학, 아시아산림협력기구가 3자 간 석사 복수학위 장학 프로그램 양해각서(MOU)를 체결함에 따라 내년 9월부터 회원국 장학생 4명이 선발되어 학업을 시작한다. 이현주...",2026-10-07 10:44,https://www.businesskorea.co.kr/news/articleView.html?idxno=278349,https://www.businesskorea.co.kr/news/articleView.html?idxno=278349
서울대학교,디지털데일리,"HD현대重, 조선·원자력 업계와 'SMR 해양기술 실증센터' 출범",이번 협약에는 HD현대중공업·HD한국조선해양·한국전력기술·현대건설·한국선급·현대중공업터보기계·클래드코리아·울산테크노파크·UNIST·서울대학교·한국과학기술원(KAIST)·한양대학교가 참여한다. 해양 SMR은...,2026-10-07 10:44,https://www.ddaily.co.kr/page/view/2026100710334377714,https://n.news.naver.com/mnews/article/138/0002243918?sid=101
연세대학교,경북매일,"구미, 학교·학생별 맞춤교육으로 대입 경쟁력 높인다","사업 시행 전인 2024년 2월 졸업생과 비교하면 2026년 졸업생의 우수대학 진학생은 32명, 52.5% 증가했다. 의학계열 진학생도 2024년 12명에서 2025년 14명, 2026년 16명으로 증가했다. 서울대·연세대·고려대 진학생도 매년 10명...",2026-10-07 10:44,https://www.kbmaeil.com/article/20261007500140,https://www.kbmaeil.com/article/20261007500140
고려대학교,경북매일,"구미, 학교·학생별 맞춤교육으로 대입 경쟁력 높인다","사업 시행 전인 2024년 2월 졸업생과 비교하면 2026년 졸업생의 우수대학 진학생은 32명, 52.5% 증가했다. 의학계열 진학생도 2024년 12명에서 2025년 14명, 2026년 16명으로 증가했다. 서울대·연세대·고려대 진학생도 매년 10명...",2026-10-07 10:44,https://www.kbmaeil.com/article/20261007500140,https://www.kbmaeil.com/article/20261007500140
연세대학교,더페어,"""대학 우수 기술 사업화 물꼬 틔운다""…신한은행, 연세대 기술지주와 맞...",신한은행이 대학이 보유한 우수 연구 성과의 사업화를 촉진하고 유망 혁신기업의 성장을 돕기 위해 산학 금융 협력에 나선다. 신한은행은 서울 서대문구 연세대학교 본관에서 연세대학교 기술지주 주식회사와 '혁신기술...,2026-10-07 10:44,https://www.thefairnews.co.kr/news/articleView.html?idxno=89995,https://www.thefairnews.co.kr/news/articleView.html?idxno=89995
고려대학교,뉴데일리,금융보안의 시계를 앞서간 해커의 경고 [취재수첩],"바로 이 지점에서 김승주 고려대 정보보호대학원 교수는 AI 보안제품을 더 들여놓기 전에 밀린 기본부터 다시 챙겨야 한다고 지적한다. 서버와 네트워크 장비, 소프트웨어 버전과 패치 상태, 인터넷 접점을 정확히...",2026-10-07 10:44,https://www.newdaily.co.kr/site/data/html/2026/10/07/2026100700120.html,https://www.newdaily.co.kr/site/data/html/2026/10/07/2026100700120.html
연세대학교,SEOULTIMES,"신한은행, 연세대 기술지주와 혁신기업 키운다…투자·금융·TIPS 지원",협약식에는 이종구 신한은행 영업추진1그룹장과 홍종일 연세대학교 기술지주 대표 등 양측 관계자들이 참석했다. 양측은 대학이 보유한 연구성과와 기술의 사업화를 돕고 성장 가능성이 있는 혁신기업을 함께 발굴한다....,2026-10-07 10:43,https://www.seoultimes.news/news/article.html?no=2000100614,https://www.seoultimes.news/news/article.html?no=2000100614
연세대학교,EBN 산업경제,"신한은행, 연세대 기술지주와 혁신 스타트업 성장 지원","신한은행이 연세대학교 기술지주와 손잡고 대학의 우수 기술을 기반으로 한 혁신 스타트업 발굴과 육성에 나선다. 유망 기술의 사업화부터 투자와 금융, 창업보육까지 연결해 성장 가능성이 높은 기업을 체계적으로...",2026-10-07 10:42,https://www.ebn.co.kr/news/articleView.html?idxno=1726956,https://www.ebn.co.kr/news/articleView.html?idxno=1726956
고려대학교,메디칼트리뷴,운동기능 저하 '루게릭병' 개선 후보물질 발견,"고대안산병원 신경외과 김명지 교수, 고려대의대 융합의학교실 박해철 교수(신약중개연구사업단장), 제브라피쉬 중개의학연구소 서용보 교수 연구팀은 루게릭병 제브라피쉬 동물 모델로 새 치료 후보물질을...",2026-10-07 10:42,http://www.medical-tribune.co.kr/news/articleView.html?idxno=215387,http://www.medical-tribune.co.kr/news/articleView.html?idxno=215387
고려대학교,CNB저널,"고려대학교 연구팀, 아이섀도 속 PFAS 안구 전달 규명…바른 양의 38% 눈...","문화경제 CNB저널 | CNB저널 | 씨앤비저널 고려대학교 보건환경융합과학부 최윤형 교수 연구팀이 아이섀도에... 한편, 지난 6일 고려대학교 C5ISRT융합연구원은 카카오모빌리티와 국방 인공지능(AI) 분야 연구·사업 협력을...",2026-10-07 10:42,https://www.cnbizm.com/news/articleView.html?idxno=317291,https://www.cnbizm.com/news/articleView.html?idxno=317291
서울대학교,비즈워크,포니정 영리더상에 안세영·김도형 선정,올해 시상식은 오는 11월 25일 서울 삼성동 아이파크타워 포니정홀에서 열린다. 안세영 선수는 10대부터... 김도형 교수는 서울대학교 재료공학부와 미국 UC버클리를 거쳐 2022년부터 펜실베이니아대학교에서 '나노...,2026-10-07 10:40,https://www.bizwork.co.kr/news/articleView.html?idxno=419653,https://www.bizwork.co.kr/news/articleView.html?idxno=419653
연세대학교,퀸,"신한은행-연세대 기술지주, 혁신 스타트업 성장 지원 협약",지난 6일 서울 서대문구 연세대 본관에서 열린 협약식에는 신한은행 이종구 영업추진1그룹장과 연대기술지주 홍종일 대표 등 양 기관 주요 관계자들이 참석했다. 이번 협약은 대학이 보유한 우수 연구성과와 기술의...,2026-10-07 10:40,http://www.queen.co.kr/news/articleView.html?idxno=464376,http://www.queen.co.kr/news/articleView.html?idxno=464376
서울대학교,매일일보,"영등포구 ""AI시대, 인간다운 삶의 답을 찾다"" …과학 분야 명사특강 개...","이번 특강은 뇌과학, 언어학, 수학, 경영학 등 각 분야를 대표하는 대학교수 4명이 강사로 나서 인공지능의... 11월 27일에는 홍영준 서울대 수리과학부 교수가 '수학자가 풀어주는 AI 이야기'를 주제로 이번 특강을...",2026-10-07 10:40,https://www.m-i.kr/news/articleView.html?idxno=2003356,https://www.m-i.kr/news/articleView.html?idxno=2003356
서울대학교,에너지신문,"HD현대중공업, 해양 SMR 실증센터 구축···12개 기관 협력","이번 협약에는 HD현대중공업과 HD한국조선해양, 한국전력기술, 현대건설, 한국선급, 현대중공업터보기계, 클래드코리아, 울산테크노파크, 울산과학기술원, 서울대학교, 한국과학기술원(KAIST), 한양대학교 등 12개 기관이...",2026-10-07 10:40,https://www.energy-news.co.kr/news/articleView.html?idxno=228813,https://www.energy-news.co.kr/news/articleView.html?idxno=228813
서울대학교,굿모닝충청,[국감] 대한민국학술원 회원 80% 서울대 출신…남성 96.4%,"가운데 서울대 출신은 112명으로 80.0%를 차지했다. 남성은 135명으로 96.4%에 달했고, 여성은 5명(3.6%)에... 2020년 국정감사 당시 서울대 출신 비율은 78.6%였지만 올해는 80.0%로 1.4%포인트 높아졌다. 최근 5년간...",2026-10-07 10:40,https://www.goodmorningcc.com/news/articleView.html?idxno=453578,https://www.goodmorningcc.com/news/articleView.html?idxno=453578
서울대학교,신아일보,"대한적십자사, 영화 '레지스탕스'로 국제인도법 의미 조명",대한적십자사 인도법연구소는 오는 17일 서울영화센터와 공동으로 '2026 국제인도법 시네마 토크'를... 이혜영 서울대학교 국제대학원 교수와 장문석 서울대학교 서양사학과 교수가 패널로 참여해 작품의 역사적 배경을...,2026-10-07 10:40,https://www.shinailbo.co.kr/news/articleView.html?idxno=5069389,https://www.shinailbo.co.kr/news/articleView.html?idxno=5069389
연세대학교,비즈니스플러스,"신한은행, 연세대 기술지주 발굴 스타트업에 투자·보육 연계","연세대 기술지주는 올해 과학기술정보통신부 '기술경영촉진(기술사업화 종합전문회사육성형) 사업'의 대학 부문 유일 수행기관이다. 유망 기술과 혁신기업을 발굴해 사업화와 투자, 보육 등을 지원하고 있다. 신한은행은...",2026-10-07 10:38,https://www.businessplus.kr/news/articleView.html?idxno=117800,https://www.businessplus.kr/news/articleView.html?idxno=117800
고려대학교,핸드메이커,"국립광주박물관·호남고고학회, '고대 도시와 마한 도시론' 학술대회 개...","일본 후쿠오카대학교 다케스에 준이치 교수는 '일본 야요이시대 거점 취락과 도시론'을, 전남대학교 허진아 교수는 '농경-해양 다중심 항시 모델'을 각각 발표한다. 발표 이후에는 박대재 고려대학교 교수를 좌장으로...",2026-10-07 10:38,https://www.handmk.com/news/articleView.html?idxno=43870,https://www.handmk.com/news/articleView.html?idxno=43870
고려대학교,포인트데일리,"아이섀도 PFAS의 약 38%, 눈 표면으로 이동…고려대 연구팀 규명","점을 고려해야 한다고 덧붙였다. 이에 따라 연구팀은 안구의 특수성을 반영한 정밀한 노출 기준과 눈... 김지원 대학원생이 제1저자로 참여했으며, 최윤형 고려대 교수와 전준호 창원대 교수가 공동 교신저자로 참여했다.",2026-10-07 10:38,https://www.pointdaily.co.kr/news/articleView.html?idxno=321505,https://www.pointdaily.co.kr/news/articleView.html?idxno=321505
고려대학교,한국대학신문,"우송대, 세계대학평가 경쟁력 입중…국제화 역량 3년 연속 국내 1위","솔브릿지경영대학 전경.  우송대학교(총장 진고환)는 영국의 글로벌 대학평가기관인... 2027)'에서 고려대 경영대학, 연세대 경영대학, 성균관대 GSB에 이어 국내 4위를 기록하며 국제적 비즈니스...",2026-10-07 10:38,https://news.unn.net/news/articleView.html?idxno=598354,https://news.unn.net/news/articleView.html?idxno=598354
서울대학교,핸드메이커,"국립광주박물관·호남고고학회, '고대 도시와 마한 도시론' 학술대회 개...","학술대회는 권오영 서울대학교 교수가 '마한의 취락은 도시인가?'를 주제로 기조 강연을 하는 것으로 시작한다. 이어 김민구 전남대학교 교수가 '고고학으로 본 도시와 유럽의 연구 사례'를 발표하고, 중국 난징대학교...",2026-10-07 10:38,https://www.handmk.com/news/articleView.html?idxno=43870,https://www.handmk.com/news/articleView.html?idxno=43870
서울대학교,코리아헬스로그,유전자 변이에 따라 다른 갑상선암 악성화 경로 규명,"서울대학교 의과대학 내과학교실 박영주 교수 연구팀이 갑상선암을 유발하는 대표 유전자 변이인 BRAF... 연구팀은 병리학교실 원재경 교수, 삼성서울병원 박웅양 교수 연구팀 등과 공동으로 갑상선암 조직을 분석했다....",2026-10-07 10:38,https://www.koreahealthlog.com/news/articleView.html?idxno=59332,https://www.koreahealthlog.com/news/articleView.html?idxno=59332
서울대학교,컨슈머타임스,김성곤의 중국한시기행3: 섬서·사천 편,"저자인 김성곤은 한국방송통신대학교 중어중문학과 교수로, 서울대학교 중어중문학과에서 박사학위를 받았다. 두보·이백·도연명 등 중국 고전문학과 동양사상, '사기' '한서' 등 사서 연구를 30년 가까이 이어오고 있다....",2026-10-07 10:38,https://www.cstimes.com/news/articleView.html?idxno=723152,https://www.cstimes.com/news/articleView.html?idxno=723152
연세대학교,한국대학신문,"우송대, 세계대학평가 경쟁력 입중…국제화 역량 3년 연속 국내 1위","솔브릿지경영대학 전경.  우송대학교(총장 진고환)는 영국의 글로벌 대학평가기관인... 경영대학, 연세대 경영대학, 성균관대 GSB에 이어 국내 4위를 기록하며 국제적 비즈니스 교육기관으로서의 입지를...",2026-10-07 10:38,https://news.unn.net/news/articleView.html?idxno=598354,https://news.unn.net/news/articleView.html?idxno=598354
연세대학교,뉴스드림,"신한은행, 연대기술지주와 파트너십… ""대학 우수 기술 사업화 이끈다""",신한은행이 연세대학교 기술지주회사(이하 연대기술지주)와 손잡고 대학 발(發) 혁신기술 스타트업 발굴 및 육성에 본격 나선다. 신한은행은 지난 6일 서울 서대문구 연세대학교 본관에서 연대기술지주와 '혁신기술...,2026-10-07 10:38,http://www.newsdream.kr/news/articleView.html?idxno=119529,http://www.newsdream.kr/news/articleView.html?idxno=119529
서울대학교,이데일리,"파라택시스 합병 무산…코리아-상폐 대응, 이더리움-독자 경영","이명훈 파라택시스이더리움 대표가 지난 6월 2일 서울 서초구에서 진행된 이데일리와의 인터뷰에서 답변을... 합병특별위에는 김한호 NH농협경제지주 사외이사, 박성춘 전 서울대 윤리교육과 교수, 오봉근 전...",2026-10-07 10:37,https://www.edaily.co.kr/News/Read?newsId=03270166645610624&mediaCodeNo=257&utm_source=naver&utm_medium=referral&utm_campaign=news_syndication&utm_content=original_article,https://n.news.naver.com/mnews/article/018/0006382763?sid=101
고려대학교,뉴스더원,"이화영 개운중 교장 저서 ‘AI·로보틱스 가이드북’, 다이나믹솔루션 ...","서울시교육청 진로직업교육과와 감사관실 수석장학사를 지냈으며, 서울여자대학교 겸임교수와 고려대학교 교육문제연구소 객원연구원으로도 활동했다. 학생을 직접 지도한 경험과 교육정책을 다룬 경험이 책의...",2026-10-07 10:37,https://thetracker.co.kr/View.aspx?No=4254308,https://thetracker.co.kr/View.aspx?No=4254308
연세대학교,강원일보,"원주시, 주소이전 대학생 하반기 학자금 10만원 지원","지원 대상은 강원대 원주캠퍼스와 경동대 메디컬캠퍼스, 상지대, 연세대 미래캠퍼스, 한라대 등 5개 대학 재학생이다. 하반기 신청 마감일을 기준으로 한 달 전인 오는 13일까지 원주시에 전입신고를 마쳐야 한다....",2026-10-07 10:36,https://www.kwnews.co.kr/article/20261007500340,https://n.news.naver.com/mnews/article/087/0001222401?sid=102
서울대학교,신아일보,"HD현대중 등 12개 기관, '해양 SMR' 상용화 속도…실증센터 출범","이번 협약에는 HD현대중공업과 HD한국조선해양, 한국전력기술, 현대건설, 한국선급, 현대중공업터보기계, 클래드코리아, 울산테크노파크, UNIST, 서울대학교, KAIST, 한양대학교가 참여했다. 실증센터는 각 기관이 보유한...",2026-10-07 10:34,https://www.shinailbo.co.kr/news/articleView.html?idxno=5069385,https://www.shinailbo.co.kr/news/articleView.html?idxno=5069385
서울대학교,경북매일,문화로 만드는 글로벌 공동번영...‘2026 세계경주포럼’ 개최,"오후에는 이교구 서울대 교수가 이끄는 ‘디지털·인공지능(AI)’ 분과와 앤디 프랫 교수가 참여하는 ‘역사·문화’ 분과에서 지속 가능한 발전 방향을 다룬다. 이와 함께 진중권 동양대 교수, 김한솔 ‘고려 거란전쟁’...",2026-10-07 10:34,https://www.kbmaeil.com/article/20261007500119,https://www.kbmaeil.com/article/20261007500119
서울대학교,인더스트리뉴스,"'K-조선·원전 동맹' 뜬다… HD현대重 등 12개 기관, 해양 SMR 실증센터 ...","협약에는 HD현대중공업을 비롯해 HD한국조선해양, 한국전력기술, 현대건설, 한국선급, 현대중공업터보기계, 클래드코리아 등 산업계와 울산테크노파크, UNIST, 서울대, KAIST, 한양대 등 연구·학계 핵심 기관이...",2026-10-07 10:34,https://www.industrynews.co.kr/news/articleView.html?idxno=87136,https://www.industrynews.co.kr/news/articleView.html?idxno=87136
서울대학교,비욘드포스트,"아이스크림에듀, 서울대·경인교대 등과 AI 맞춤학습 공동 연구","아이스크림에듀가 서울대학교, 경인교육대학교, 특수교육디지털교육협회와 함께 AI 기반 맞춤형 학습·성장 플랫폼 개발을 위한 공동 연구에 나선다고 밝혔다. 이번 연구는 'AI 진단·추천 모델 및 생성형 AI 기반 맞춤학습...",2026-10-07 10:34,http://www.beyondpost.co.kr/view.php?ud=20261007103234654746a9e4dd7f_30,http://www.beyondpost.co.kr/view.php?ud=20261007103234654746a9e4dd7f_30
서울대학교,천지일보,"HD현대重 등 12개 기관, 해양 SMR 실증 본격화","HD현대중공업, HD한국조선해양, 한국전력기술, 현대건설, 한국선급, 현대중공업터보기계, 클래드코리아, 울산테크노파크, 울산과학기술원(UNIST), 서울대, 한국과학기술원(KAIST), 한양대 등은 지난 6일 UNIST에서 'SMR 해양...",2026-10-07 10:34,https://www.newscj.com/news/articleView.html?idxno=3438462,https://www.newscj.com/news/articleView.html?idxno=3438462
서울대학교,아주경제,포니정 영리더상에 세계 정상 오른 안세영·촉매 연구 이끈 김도형 수상,시상식은 오는 11월 25일 서울 삼성동 아이파크타워 포니정홀에서 열릴 예정이다. 안세영 선수는 10대부터... 2012년 서울대 재료공학부를 졸업한 뒤 2018년 미국 버클리캘리포니아대학교에서 박사학위를 받았다. 이후...,2026-10-07 10:34,https://www.ajunews.com/view/20261007095714886,https://www.ajunews.com/view/20261007095714886
서울대학교,SEOULTIMES,"HD현대중공업, 조선·원자력 12개 기관과 해양 SMR 실증 나선다","서울대·KAIST 등 12곳 참여 보유 시험설비 공동 사용…핵심기술·국책사업·정부 R&D 과제 발굴 [서울타임즈... UNIST, 서울대학교, 한국과학기술원(KAIST), 한양대학교가 협약에 참여했다. 실증센터에서는 참여기관이...",2026-10-07 10:34,https://www.seoultimes.news/news/article.html?no=2000100615,https://www.seoultimes.news/news/article.html?no=2000100615
고려대학교,기계신문,"두산로보틱스, 피지컬 AI 국책과제 2건 수주… 차세대 협동로봇·지능형...","총 54개월 간 진행되는 이 과제에는 두산로보틱스가 총괄주관기관을 맡고 에이딘로보틱스, 모빌린트, 세이지, 한국전자기술연구원(KETI), 한국생산기술연구원(KITECH), 고려대학교·동국대학교·세종대학교·연세대학교...",2026-10-07 10:32,https://www.mtnews.net/news/articleView.html?idxno=26152,https://www.mtnews.net/news/articleView.html?idxno=26152
연세대학교,기계신문,"두산로보틱스, 피지컬 AI 국책과제 2건 수주… 차세대 협동로봇·지능형...","총 54개월 간 진행되는 이 과제에는 두산로보틱스가 총괄주관기관을 맡고 에이딘로보틱스, 모빌린트, 세이지, 한국전자기술연구원(KETI), 한국생산기술연구원(KITECH), 고려대학교·동국대학교·세종대학교·연세대학교...",2026-10-07 10:32,https://www.mtnews.net/news/articleView.html?idxno=26152,https://www.mtnews.net/news/articleView.html?idxno=26152
서울대학교,이사이언스,"HD현대중공업, 해양 SMR 실증센터 출범…12개 기관 기술 결집","협약에는 HD현대중공업을 비롯해 HD한국조선해양, 한국전력기술, 현대건설, 한국선급, 현대중공업터보기계, 클래드코리아, 울산테크노파크, 울산과학기술원, 서울대학교, 한국과학기술원(KAIST), 한양대학교가 참여했다....",2026-10-07 10:32,https://www.e-science.co.kr/news/articleView.html?idxno=136820,https://www.e-science.co.kr/news/articleView.html?idxno=136820
서울대학교,kbc광주방송,"'엔비디아 라이벌' AMD 리사 수 ""'AI 동맹' 거점 한국에 베팅""",리사 수 회장은 7일 서울 포시즌스호텔에서 진행된 류제명 과학기술정보통신부 2차관과의 면담 자리에서... 리사 수 회장은 최근 서울대 AI연구소와 양해각서(MOU)를 체결했다며 앞으로 국내 대학·스타트업과의...,2026-10-07 10:31,https://www.ikbc.co.kr/article/view/kbc202610070027,https://n.news.naver.com/mnews/article/660/0000118577?sid=101
서울대학교,중앙일보,리사 수 “한국에 AMD 연구소 세우고 수백 명 뽑겠다”,리사 수 회장은 7일 서울 포시즌스호텔에서 류제명 과학기술정보통신부 2차관과 만나 한국 내 AMD AI... 수 회장은 최근 서울대 AI연구소와 양해각서(MOU)를 체결한 사실을 소개하며 앞으로 국내 대학과 스타트업을...,2026-10-07 10:31,https://www.joongang.co.kr/article/25467779,https://n.news.naver.com/mnews/article/025/0003556271?sid=105
고려대학교,한국대학신문,"아이섀도 속 '영원한 화학물질' PFAS, 바른 양의 3분의 1 이상 눈에 전달","그러면서 안구의 특수성을 고려한 정밀 노출 기준과 눈 화장품 맞춤형 안전관리 가이드라인 마련의... 이번 논문은 한국환경보건학회지에 게재됐으며, 김지원 대학원생이 제1저자로, 최윤형 고려대 교수와 전준호...",2026-10-07 10:30,https://news.unn.net/news/articleView.html?idxno=598352,https://news.unn.net/news/articleView.html?idxno=598352
서울대학교,CNB뉴스,"HD현대중공업, 12개 기관과 해양 SMR 실증센터 출범","HD현대중공업, HD한국조선해양, 한국전력기술, 현대건설, 한국선급, UNIST, 서울대, KAIST 등 12개 기관은 지난 6일 울산과학기술원(UNIST)에서 'SMR 해양 기술 실증센터' 출범을 위한 업무협약을 체결했다고 7일 밝혔다. 해양...",2026-10-07 10:30,https://www.cnbnews.com/news/articleView.html?idxno=1018390,https://www.cnbnews.com/news/articleView.html?idxno=1018390
서울대학교,지디넷코리아,"'바다 위 원전' 개발 시동…HD현대중공업, 기술 실증 착수","이번 협약에는 HD현대중공업, HD한국조선해양, 한국전력기술, 현대건설, 한국선급, 현대중공업터보기계, 클래드코리아, 울산테크노파크, 울산과학기술원, 서울대학교, 한국과학기술원(KAIST), 한양대학교 등 12개 기관이...",2026-10-07 10:30,https://zdnet.co.kr/view/?no=20261007091848,https://n.news.naver.com/mnews/article/092/0002440086?sid=105
서울대학교,빅데이터뉴스,HD현대重 주도 ‘SMR 해양 기술 실증센터’ 출범,"울산과학기술원, 서울대학교, 한국과학기술원(KAIST), 한양대학교 등이 참여했다. ‘SMR 해양 기술 실증센터’는 참여기관의 기술과 전문인력, 연구설비 등을 연계해 해양 SMR 기술개발과 시험·검증, 실증을 공동으로...",2026-10-07 10:30,https://www.thebigdata.co.kr/view.php?ud=202610070959115774570d99e4c8_23,https://www.thebigdata.co.kr/view.php?ud=202610070959115774570d99e4c8_23
서울대학교,베이비타임즈,[변요한목사 시론] 하나님이 함께하시는 삶,예수님 이름으로 기도합니다.  - 경찰청교회 시무 - 극동방송 운영위원 - 민주평화통일자문회의 자문위원 - 대한민국국가조찬기도회 경찰자문위원 - 서울대학교 동창회 이사,2026-10-07 10:30,http://www.babytimes.co.kr/news/articleView.html?idxno=74302,http://www.babytimes.co.kr/news/articleView.html?idxno=74302
서울대학교,연합뉴스,[AI프리즘] 리사 수의 '한국 AI 승부수'…연구거점·반도체 동맹 구축(종...,호텔 서울에서 류제명 2차관과 리사 수 AMD 회장이 면담한 데 이어 국내 AI반도체 생태계 기업 13개사와... 최근 서울대 AI연구소와 체결한 MOU 등 산학협력 계획도 함께 소개했다. 또한 국내 AI 스타트업과 일반...,2026-10-07 10:28,https://www.yna.co.kr/view/AKR20261006188351017?input=1195m,https://n.news.naver.com/mnews/article/001/0016361705?sid=105
연세대학교,브릿지경제,"신한은행, 연세대 기술지주와 맞손…혁신 스타트업 발굴·육성",신한은행이 연세대학교 기술지주회사와 손잡고 대학의 연구성과를 기반으로 한 스타트업 발굴과 육성에 나선다. 신한은행은 지난 6일 서울 서대문구 연세대학교 본관에서 연세대학교 기술지주 주식회사와 혁신기술...,2026-10-07 10:28,https://www.viva100.com/article/20261007500517,https://www.viva100.com/article/20261007500517
연세대학교,퍼블릭뉴스,"신한은행-연세대 기술지주, 혁신기술 스타트업 발굴·성장 지원 MOU",본관에서 연세대학교 기술지주 주식회사(이하 '연대기술지주')와 '혁신기술 스타트업 성장 지원을 위한 전략적 파트너십' 업무협약을 체결했다고 7일 밝혔다. 이번 협약은 대학의 연구성과와 기술을 사업화하고 성장...,2026-10-07 10:26,https://www.public25.com/news/articleView.html?idxno=56022,https://www.public25.com/news/articleView.html?idxno=56022
연세대학교,워크투데이,대기업 오너家 '유학파' 세대교체 … 4·5세대 열에 아홉은 해외서 학업,"출신 대학별로는 국내 대학의 경우 고려대가 54명으로 가장 많았다. 서울대가 50명으로 뒤를 이었고 연세대 35명, 이화여대 26명 등의 순이었다. 고려대 출신 오너 일가에는 최태원 SK그룹 회장, 정의선 현대자동차그룹...",2026-10-07 10:26,http://www.worktoday.co.kr/news/articleView.html?idxno=90124,http://www.worktoday.co.kr/news/articleView.html?idxno=90124
고려대학교,워크투데이,대기업 오너家 '유학파' 세대교체 … 4·5세대 열에 아홉은 해외서 학업,"출신 대학별로는 국내 대학의 경우 고려대가 54명으로 가장 많았다. 서울대가 50명으로 뒤를 이었고 연세대 35명, 이화여대 26명 등의 순이었다. 고려대 출신 오너 일가에는 최태원 SK그룹 회장, 정의선 현대자동차그룹...",2026-10-07 10:26,http://www.worktoday.co.kr/news/articleView.html?idxno=90124,http://www.worktoday.co.kr/news/articleView.html?idxno=90124
서울대학교,1코노미뉴스,"HD현대重, 'SMR 해양 기술 실증센터' 출범…12개 기관 기술·인프라 결집",협약에는 ▲HD현대중공업 ▲HD한국조선해양 ▲한국전력기술 ▲현대건설 ▲한국선급 ▲현대중공업터보기계 ▲클래드코리아 ▲울산테크노파크 ▲울산과학기술원 ▲서울대학교 ▲한국과학기술원(KAIST) ▲한양대학교가...,2026-10-07 10:26,https://www.1conomynews.co.kr/news/articleView.html?idxno=50712,https://www.1conomynews.co.kr/news/articleView.html?idxno=50712
서울대학교,워크투데이,대기업 오너家 '유학파' 세대교체 … 4·5세대 열에 아홉은 해외서 학업,"서울대가 50명으로 뒤를 이었고 연세대 35명, 이화여대 26명 등의 순이었다. 고려대 출신 오너 일가에는... 서울대 출신으로는 이재용 삼성전자 회장, 정몽준 아산재단 이사장, 김범수 카카오 미래이니셔티브센터 센터장...",2026-10-07 10:26,http://www.worktoday.co.kr/news/articleView.html?idxno=90124,http://www.worktoday.co.kr/news/articleView.html?idxno=90124
서울대학교,한국블록체인뉴스,"HD현대중공업, 조선·원자력 산학연과 해양 SMR 실증 추진","[사진=HD현대중공업] 협약에는 HD현대중공업과 HD한국조선해양, 한국전력기술, 현대건설, 한국선급, 현대중공업터보기계, 클래드코리아, 울산테크노파크, UNIST, 서울대학교, 한국과학기술원(KAIST), 한양대학교 등이...",2026-10-07 10:26,https://hbnpress.com/news/view/1065576216347816,https://hbnpress.com/news/view/1065576216347816
서울대학교,뉴스1,AMD 리사 수 “韓 AI 수요 대응해 개방형 생태계 확장 준비”,수 회장은 7일 오전 서울 광화문 포시즌스 호텔에서 류제명 과학기술정보통신부 제2차관과 만나 이같이... 또 최근 서울대 AI 연구원과의 업무협약(MOU)을 소개하며 한국 대학 및 AI 스타트업들과 다양한 활동을...,2026-10-07 10:25,https://www.news1.kr/it-science/internet-platform/6312556,https://n.news.naver.com/mnews/article/421/0009213602?sid=105
서울대학교,월요신문,"HD현대重, 12개 기관과 'SMR 해양 기술 실증센터' 출범","이번 협약에는 HD현대중공업, HD한국조선해양, 한국전력기술, 현대건설, 한국선급, 현대중공업터보기계, 클래드코리아, 울산테크노파크를 비롯해 울산과학기술원(UNIST), 서울대, 한국과학기술원(KAIST), 한양대 등 총 12개...",2026-10-07 10:24,https://www.wolyo.co.kr/news/articleView.html?idxno=318753,https://www.wolyo.co.kr/news/articleView.html?idxno=318753
고려대학교,팝콘뉴스,"고려대 최윤형 교수 연구팀, 아이섀도 속 과불화화합물(PFAS)의 일부 눈 ...","그러면서 안구의 특수성을 고려한 정밀 노출 기준과 눈 화장품 맞춤형 안전관리 가이드라인 마련의... 한편, 김지원 대학원생이 제1저자로, 최윤형 고려대 교수와 전준호 창원대 교수가 공동 교신저자로 참여한 이번...",2026-10-07 10:24,http://www.popcornnews.net/news/articleView.html?idxno=135165,http://www.popcornnews.net/news/articleView.html?idxno=135165
서울대학교,인천투데이,국감 상임위별 인천 현안 즐비···항만·공항·매립지 등 검증대,"한국폴리텍대학교 인천캠퍼스(부평구), 건설기술교육원(남동구) 등 인천 소재 기관들이 이전 후보로... 이어 16일 교육위원회는 서울대, 인천대, 한국방송통신대 등 수도권 대학을 대상으로 국감을 진행한다. 인천대에서는...",2026-10-07 10:24,https://www.incheontoday.com/news/articleView.html?idxno=324565,https://www.incheontoday.com/news/articleView.html?idxno=324565
서울대학교,이데일리,최교진 “내년부터 지방 국립대 신입생 등록금 전액 지원”,최 장관은 지역 균형 발전을 위해 이재명 정부의 대표 교육정책인 ‘서울대 10개 만들기’ 정책도 흔들림 없이 추진한다는 방침이다. 최 장관은 “거점국립대 브랜드 단과대를 육성하고 융합연구원 등을 확산하는 등 5극...,2026-10-07 10:24,https://www.edaily.co.kr/News/Read?newsId=03194726645610624&mediaCodeNo=257&utm_source=naver&utm_medium=referral&utm_campaign=news_syndication&utm_content=original_article,https://n.news.naver.com/mnews/article/018/0006382743?sid=102
연세대학교,메트로신문,"신한은행-연세대 기술지주, 혁신기업 성장 지원 ‘맞손’",신한은행은 지난 6일 서울 서대문구 연세대 본관에서 연세대 기술지주 주식회사(연대기술지주)와 '혁신기술 스타트업 성장 지원을 위한 전략적 파트너십' 업무협약을 체결했다고 7일 밝혔다. 이번 협약은 대학이 보유한...,2026-10-07 10:24,http://www.metroseoul.co.kr/article/20261007500136,http://www.metroseoul.co.kr/article/20261007500136
서울대학교,대구MBC,"'문화로 세계와 연결'···2026 세계경주포럼, 10월 8~9일 경북 경주에...",10월 8일 개막식에서는 피에르 루이지 사코 이탈리아 단눈치오 키에티 페스카라 대학교 교수와 앤디 프랫... 오후에는 '디지털·인공지능(AI)' 분과에서 이교구 서울대 교수 등이 창작자·산업·제도의 공존 방안을 짚고...,2026-10-07 10:23,https://dgmbc.com/NewsArticle/866032,https://n.news.naver.com/mnews/article/657/0000056055?sid=103
서울대학교,아주경제,"리사 수 AMD 회장 ""AI 연구센터 설립, 수백명 인재 채용""","""서울대 AI 연구소와 양해각서…한국 대학·스타트업과 다양한 활동 연계"" 류제명 ""AMD 개방형 AI 컴퓨팅... com 리사 수 AMD 회장이 7일 서울 광화문 포시즌즈호텔에서 류제명 과학기술정보통신부 제2차관을 접견하고...",2026-10-07 10:22,https://www.ajunews.com/view/20261007095849893,https://www.ajunews.com/view/20261007095849893
서울대학교,뉴스1,"HD현대중 등 12개 조선·원자력 기관, 'SMR 해양 기술 실증센터' 출범","협약에는 HD현대중공업과 HD한국조선해양, 한국전력기술, 현대건설, 한국선급, 현대중공업터보기계, 클래드코리아, 울산테크노파크, UNIST, 서울대, KAIST, 한양대가 참여했다. 실증센터는 참여기관의 기술과 전문인력...",2026-10-07 10:22,https://www.news1.kr/local/ulsan/6312555,https://n.news.naver.com/mnews/article/421/0009213582?sid=102
연세대학교,뉴스티앤티,"신한은행, 연세대 기술지주와 창업지원 파트너십 체결",신한은행이 연세대학교 기술지주 주식회사와 '혁신기술 스타트업 성장 지원을 위한 전략적 파트너십' 업무협약을 체결했다. 양 기관은 대학 보유 기술의 사업화 촉진과 유망 창업기업의 발굴·성장 지원을 위해 협력을...,2026-10-07 10:22,https://www.newstnt.com/news/articleView.html?idxno=721755,https://www.newstnt.com/news/articleView.html?idxno=721755
연세대학교,중앙이코노미뉴스,"""대학 기술 사업화 지원""…신한은행, 연세대 기술지주와 협약","|중앙이코노미뉴스 정재혁 기자|지난 6일 서울 서대문구 연세대학교 본관에서 진행된 '혁신기술 스타트업... 이번 협약은 대학이 보유한 우수 연구성과와 기술의 사업화를 촉진하고, 성장 가능성이 높은 혁신기업을 공동...",2026-10-07 10:22,https://www.joongangenews.com/news/articleView.html?idxno=553105,https://www.joongangenews.com/news/articleView.html?idxno=553105
서울대학교,머니투데이,"이창용 ""연봉 8200만원 이상 화이트칼라, 주 52시간 예외 검토해야""","7일 한국은행 등에 따르면 이 전 총재와 오삼일 한은 조사국 고용연구팀장, 윤진영 과장, 한진수 조사역은 전날 서울대 국가미래전략원 인구클러스터 포럼에서 이 같은 내용의 '근로시간 제도, 어떻게 바꿀 것인가' 연구...",2026-10-07 10:21,https://www.mt.co.kr/economy/2026/10/07/2026100710162461454,https://n.news.naver.com/mnews/article/008/0005423073?sid=101
고려대학교,뉴스프리존,"신한은행, 연세대 기술지주와 손잡고 혁신기업 발굴",신한은행은 지난 6일 서울 서대문구 연세대학교 본관에서 연세대학교 기술지주 주식회사(연대기술지주)와... 신한은행은 지난 4월 고려대학교 기술지주와도 혁신기술 스타트업 육성을 위한 업무협약을 체결하는 등 대학...,2026-10-07 10:20,https://www.newsfreezone.co.kr/news/articleView.html?idxno=712627,https://www.newsfreezone.co.kr/news/articleView.html?idxno=712627
연세대학교,뉴스프리존,"신한은행, 연세대 기술지주와 손잡고 혁신기업 발굴",신한은행은 지난 6일 서울 서대문구 연세대학교 본관에서 연세대학교 기술지주 주식회사(연대기술지주)와... 신한은행은 지난 4월 고려대학교 기술지주와도 혁신기술 스타트업 육성을 위한 업무협약을 체결하는 등 대학...,2026-10-07 10:20,https://www.newsfreezone.co.kr/news/articleView.html?idxno=712627,https://www.newsfreezone.co.kr/news/articleView.html?idxno=712627
서울대학교,뉴스드림,"HD현대중공업, 산학연과 'SMR 해양 실증센터' 가동…차세대 선박 동력 개...","울산과학기술원, 서울대학교, 한국과학기술원(KAIST), 한양대학교 등 4개 주요 공학계 대학이 대거 동참했다. 'SMR 해양 기술 실증센터'는 각 기관이 보유한 독자 기술과 전문 인력, 첨단 연구 인프라를 유기적으로 연결해...",2026-10-07 10:20,http://www.newsdream.kr/news/articleView.html?idxno=119515,http://www.newsdream.kr/news/articleView.html?idxno=119515
서울대학교,충남일보,"[사설] 대전시장 100일 프로젝트 재평가, 체감도 관건","이 과정에서 방산 소부장 특화단지 지정, 알테오젠 2532억 원 투자유치, 국군사관학교 대전 창설 확정, 대전의료원 총사업비 증액, 충남대 '서울대 10개 만들기' 등 현안 사업은 주요 성과로 꼽힌다. 이를 통해 대전의...",2026-10-07 10:20,http://www.chungnamilbo.co.kr/news/articleView.html?idxno=913410,http://www.chungnamilbo.co.kr/news/articleView.html?idxno=913410
서울대학교,뉴스더원,호른 4대가 만드는 ‘웅장한 화음’…10월 ‘재능 혜화 마티네’ 개최,김홍박은 서울예술고등학교와 서울대학교를 졸업한 뒤 오스트리아 잘츠부르크 국립음대 석사과정과 독일 베를린 국립음대 최고연주자과정을 졸업했다. 현재 서울대학교 음악대학 부교수로 재직하고 있다. 최혜민은...,2026-10-07 10:18,https://thetracker.co.kr/View.aspx?No=4254461,https://thetracker.co.kr/View.aspx?No=4254461
연세대학교,의학신문,세브란스병원 김진아 교수 모친상,연세대 의대 세브란스병원 영상의학과 김진아 교수(연세의료원 발전기금 사무국장)의 모친(故 이영해 님)이 6일 별세했다. 故 이영해 님은 제 20대 여자의사회장을 역임했다. 빈 소 : 연세대학교 신촌장례식장...,2026-10-07 10:16,https://www.bosa.co.kr/news/articleView.html?idxno=3013436,https://www.bosa.co.kr/news/articleView.html?idxno=3013436
연세대학교,프레스맨,"금융권, 스타트업·방산 중소기업 지원 협약 잇따라","은행권이 대학 기술창업과 방산 중소기업, 청년층 등 각기 다른 대상을 겨냥한 금융 지원 협력을 이어가고 있다. 신한은행은 지난 6일 연세대학교 기술지주와 '혁신기술 스타트업 성장 지원을 위한 전략적 파트너십...",2026-10-07 10:16,https://www.pressman.kr/news/articleView.html?idxno=103907,https://www.pressman.kr/news/articleView.html?idxno=103907
연세대학교,코리아리포트,재벌가 유학 컬럼비아대·뉴욕대·코넬대 순서로 많아,"오너 일가가 가장 많이 다닌 대학은 국내에서는 고려대, 서울대, 연세대 순서였다. 기업데이터연구소 CEO스코어가 7일 학력 조사가 가능한 오너일가 350명 대상 출신 대학 및 학력을 조사한 결과, 1~3세대는 국내...",2026-10-07 10:16,https://www.koreareport.co.kr/news/articleView.html?idxno=53463,https://www.koreareport.co.kr/news/articleView.html?idxno=53463
서울대학교,코리아리포트,재벌가 유학 컬럼비아대·뉴욕대·코넬대 순서로 많아,"오너 일가가 가장 많이 다닌 대학은 국내에서는 고려대, 서울대, 연세대 순서였다. 기업데이터연구소 CEO스코어가 7일 학력 조사가 가능한 오너일가 350명 대상 출신 대학 및 학력을 조사한 결과, 1~3세대는 국내...",2026-10-07 10:16,https://www.koreareport.co.kr/news/articleView.html?idxno=53463,https://www.koreareport.co.kr/news/articleView.html?idxno=53463
고려대학교,코리아리포트,재벌가 유학 컬럼비아대·뉴욕대·코넬대 순서로 많아,"오너 일가가 가장 많이 다닌 대학은 국내에서는 고려대, 서울대, 연세대 순서였다. 기업데이터연구소 CEO스코어가 7일 학력 조사가 가능한 오너일가 350명 대상 출신 대학 및 학력을 조사한 결과, 1~3세대는 국내...",2026-10-07 10:16,https://www.koreareport.co.kr/news/articleView.html?idxno=53463,https://www.koreareport.co.kr/news/articleView.html?idxno=53463
서울대학교,아시아경제,"QAI, 양자·AI 인재 영입…임세만·김의태 각자대표 체제 출범",서울대에서 물리학 박사 학위를 받고 독일 베를린자유대 박사후연구원을 거쳤다. 세종대 교수를 겸임한다. QAI에서 양자 알고리즘과 실용화 연구를 이끈다. QAI는 양자 장비와 그래픽처리장치(GPU)를 모두 국내에...,2026-10-07 10:14,https://view.asiae.co.kr/article/2026100710142326707,https://n.news.naver.com/mnews/article/277/0005825488?sid=101
서울대학교,뉴시스,"안세영 선수·김도형 교수, 포니정 영리더상 수상",배드민턴 국가대표 안세영 선수와 김도형 미국 펜실베이니아대학교 교수가 제7회 포니정 영리더상... 김도형 교수는 2012년 서울대 재료공학부를 졸업하고 2018년 미국 UC버클리에서 박사학위를 받은 뒤 스탠퍼드대에서...,2026-10-07 10:14,https://www.newsis.com/view/NISX20261007_0003816906,https://n.news.naver.com/mnews/article/003/0014237520?sid=101
서울대학교,DDANZI,[뉴공 아카이브]백년위원회: AI가 바꾸는 미디어와 민주주의… 앞으로 ...,현재는 서울대 정치외교학부 교수님이시고요.김의영 : 맞습니다.▶김어준 : 근데 왜 AI 쪽 분과 위원장이 되신 거예요?김의영 : 민주주의를 워낙 제 전공으로 하고요. AI시대 때 민주주의는 당연히 정치학자라면 해야 되는...,2026-10-07 10:14,http://www.ddanzi.com/896464239,http://www.ddanzi.com/896464239
서울대학교,뉴스티앤티,"HD현대중공업 등 12개 기관, 'SMR 해양 기술 실증센터' 출범…해양 원전...","이번 협약에는 HD현대중공업, HD한국조선해양, 한국전력기술, 현대건설, 한국선급, 현대중공업터보기계, 클래드코리아, 울산테크노파크, 울산과학기술원, 서울대학교, 한국과학기술원(KAIST), 한양대학교 등 산·학·연...",2026-10-07 10:14,https://www.newstnt.com/news/articleView.html?idxno=721753,https://www.newstnt.com/news/articleView.html?idxno=721753
서울대학교,포스인사이트,"HD현대중공업, 해양 SMR 상용화 속도..12개 산학연 실증 협력","협약에는 현대중공업터보기계, 클래드코리아, 울산테크노파크를 비롯해 UNIST와 서울대학교, 한국과학기술원(KAIST), 한양대학교 등도 참여했다. 조선소뿐 아니라 원전 설계·건설, 선급, 기자재, 대학 등 해양 SMR...",2026-10-07 10:14,http://www.4th.kr/news/articleView.html?idxno=2119310,http://www.4th.kr/news/articleView.html?idxno=2119310
연세대학교,MTN 머니투데이방송,"[글로컬픽] 숲길엔 플루트, 잔디밭엔 동네 책방...문학이 일상으로 나온...","한쪽에서는 부모와 아이가 피아노 연주를 들으며 시를 접하는 프로그램도 진행됐다.올해 첫선을 보인 연세대 미래캠퍼스 '연세아트위크'의 마지막 날, 숲길과 잔디밭 등 캠퍼스 곳곳에서는 음악과 책, 시가 자연스럽게...",2026-10-07 10:14,https://news.mtn.co.kr/news-detail/2026100709234872564,https://news.mtn.co.kr/news-detail/2026100709234872564
서울대학교,경북도민일보,"AMD 리사 수 ""한국서 AI 연구인력 수백명 채용""…국내 AI 기업 14곳과 맞...",과학기술정보통신부는 7일 서울 종로구 포시즌스 호텔에서 류제명 2차관과 리사 수 AMD 회장 겸... 최근 서울대 AI연구소와 MOU를 체결한 사실도 언급하며 국내 대학 및 스타트업과의 산학협력을 확대하겠다는 뜻을...,2026-10-07 10:14,https://www.hidomin.com/news/articleView.html?idxno=723920,https://www.hidomin.com/news/articleView.html?idxno=723920
고려대학교,베리타스알파,고려대 최윤형 교수팀 '제36회 과학기술우수논문상' 수상.. '아이섀도 속...,"논문은 한국환경보건학회지에 실렸다. 김지원 대학원생이 제1저자로, 최 교수와 전준호 창원대 교수가 공동 교신저자로 참여했다. 최윤형 교수 사진 /사진=고려대 제공 ▲교육전문신문 베리타스알파 [베리타스알파=]",2026-10-07 10:14,https://www.veritas-a.com/news/articleView.html?idxno=630837,https://www.veritas-a.com/news/articleView.html?idxno=630837
고려대학교,주간한국,"고려대 연구팀, 제브라피쉬 모델로 루게릭병 치료 후보물질 발굴","김명지 고려대 안산병원 교수, 박해철·서용보 고려대 의과대학 교수. 사진=고대안산병원  고려대 안산병원은 김명지 신경외과 교수와 박해철 고려대 의과대학 융합의학교실 교수(신약중개연구사업단장)...",2026-10-07 10:14,https://weekly.hankooki.com/news/articleView.html?idxno=7187740,https://weekly.hankooki.com/news/articleView.html?idxno=7187740
고려대학교,와이드경제,"고대안암병원·루다큐어·한림제약, 안구건조증 신약 2상 돌입",고려대학교 안암병원은 김동현 안과 교수가 개발을 총괄하는 안구건조증 신약 후보물질 'RCI001'이 식품의약품안전처로부터 국내 임상 2상 시험계획을 승인받았다고 7일 밝혔다. RCI001은 바이오 벤처 루다큐어와...,2026-10-07 10:14,https://www.widedaily.com/news/articleView.html?idxno=301781,https://www.widedaily.com/news/articleView.html?idxno=301781
서울대학교,디지틀조선일보,"강스템바이오텍, 혈관·면역 요소 더한 ‘인간 피부 모델’ 개발…아토...",은 서울대학교와 공동으로 진행한 이 같은 연구 결과가 국제학술지 ‘Experimental & Molecular Medicine(EMM)’에 지난 1일 게재됐다고 7일 밝혔다. 연구에는 강스템바이오텍 최고과학자(CSO)를 맡고 있는 강경선 서울대 교수가...,2026-10-07 10:12,http://digitalchosun.dizzo.com/site/data/html_dir/2026/10/07/2026100780041.html,http://digitalchosun.dizzo.com/site/data/html_dir/2026/10/07/2026100780041.html
서울대학교,한국경제,"'참치 명가' 동원, 공학도 CEO 앞세워 미래산업 키운다",조성진 동원건설산업 대표는 서울대 건축공학과를 졸업하고 대우건설에서 36년간 근무한 뒤 2023년... 신사업 매출 확대·수익성 확보가 관건 서울대 축산학과 출신인 노경탁 동원팜스 대표는 그룹 식품 계열사의 발효...,2026-10-07 10:12,https://www.hankyung.com/article/202610077259i,https://n.news.naver.com/mnews/article/015/0005339942?sid=101
서울대학교,KPI뉴스,"수소 저장·운송 기술 발목 잡던 촉매 열화, '반응 경로'에서 원인 찾아","▲ 포스텍 화학공학과·친환경소재학과 윤창원 교수(왼쪽 사진부터), 서울대 재료공학부 한정우 교수, 한국과학기술연구원(KIST) 김용민 박사, 화학공학과 한승목 박사, 서울대 재료공학부 박사과정 성기헌 씨. [포스텍...",2026-10-07 10:11,https://www.kpinews.kr/newsView/1065575399179470,https://www.kpinews.kr/newsView/1065575399179470
고려대학교,데일리한국,"김동현 고려대 안암병원 교수, 안구건조증 신약 임상 2상 이끈다",사진=고려대 안암병원 제공  고려대 안암병원은 김동현 안과 교수가 개발 총책임을 맡고 있는 안구건조증 신약 후보물질 'RCI001'이 지난달 22일 식품의약품안전처로부터 임상 2상 시험계획(IND)을 승인 받았다고 7일...,2026-10-07 10:10,https://daily.hankooki.com/news/articleView.html?idxno=1412626,https://daily.hankooki.com/news/articleView.html?idxno=1412626
연세대학교,인더뉴스,신한은행 혁신기술 창업기업 성장지원…생산적금융 강화,"것""이라며 ""대학이나 기술지주와 협력 확대해 성장가능성 높은 기업을 선제적으로 발굴하고 생산적금융을 강화하겠다""고 말했습니다. 사진ㅣ신한은행 6일 연세대 본관에서 이종구 신한은행 영업추진1그룹장(왼쪽 세번째)...",2026-10-07 10:10,https://www.inthenews.co.kr/news/article.html?no=92776,https://www.inthenews.co.kr/news/article.html?no=92776
서울대학교,IKLD,"포니정재단, 제7회 영리더상 수상자 '안세영 선수, 김도형 교수' 선정",김도형 교수는 2012년 서울대학교 재료공학부를 졸업하고 2018년 미국 버클리캘리포니아대학교(UC버클리)에서 박사학위를 받은 뒤 스탠퍼드대학교에서 박사 및 연구과정을 밟았다. 2022년부터 펜실베이니아대학교 화학...,2026-10-07 10:10,http://www.ikld.kr/news/articleView.html?idxno=341868,http://www.ikld.kr/news/articleView.html?idxno=341868
서울대학교,한국강사신문,"문화체육관광부, 경주 APEC 문화협력 성과 잇는다…'2026 세계경주포럼...","피에르 루이지 사코 이탈리아 단눈치오 키에티 페스카라대학교 교수는 '다극화된 글로벌 문화창조... 오후에는 '디지털·AI' 분과에서 이교구 서울대 교수 등이 참여해 인공지능 시대 창작자와 문화산업, 제도가 조화를...",2026-10-07 10:10,https://www.lecturernews.com/news/articleView.html?idxno=211613,https://www.lecturernews.com/news/articleView.html?idxno=211613
연세대학교,뉴스클레임,신한은행 연세대 손잡고 차세대 유망 스타트업 키운다,신한은행 제공 신한은행(은행장 정상혁)은 연세대학교 기술지주 주식회사와 '혁신기술 스타트업 성장 지원을 위한 전략적 파트너십' 업무협약을 체결했다고 7일 밝혔습니다. 이번 협약은 대학이 보유한 우수 기술의...,2026-10-07 10:08,https://www.newsclaim.co.kr/news/articleView.html?idxno=3077626,https://www.newsclaim.co.kr/news/articleView.html?idxno=3077626
연세대학교,바이오타임즈,"혁신신약살롱, 신촌에 새 거점 마련…10월 21일 첫 모임",혁신신약살롱 신촌은 오는 10월 21일 연세대학교 공학원 대강당 B106에서 첫 모임을 개최한다고 밝혔다. 이번 행사는 연세대학교 국가연구소 바이오센테니얼융합연구원(BCCI)과 연세대학교 앵커사업단이 공동...,2026-10-07 10:08,https://www.biotimes.co.kr/news/articleView.html?idxno=35000,https://www.biotimes.co.kr/news/articleView.html?idxno=35000
서울대학교,한국면세뉴스,"HD현대중공업 등 12개 기관, 해양 SMR 기술 실증센터 출범...""조선·원자...","HD한국조선해양, 한국전력기술, 현대건설, 한국선급, 현대중공업터보기계, 클래드코리아, 울산테크노파크, UNIST, 서울대학교, 한국과학기술원(KAIST), 한양대학교가 함께 참여했다. HD현대중공업 등 12개 기관이 지난 6일...",2026-10-07 10:08,http://www.kdfnews.com/news/articleView.html?idxno=188944,http://www.kdfnews.com/news/articleView.html?idxno=188944
서울대학교,팝콘뉴스,"세종대 세종뮤지엄갤러리 1관, 'Wanderings Toward Freedom 유(遊): 자유를...",세종대학교(총장 엄종화)는 세종뮤지엄갤러리 1관이 동양화가 조인호 작가의 개인전 'Wanderings Toward Freedom 유... 서울대학교 동양화과 교수인 조인호 작가는 전통 수묵산수를 바탕으로 자연을 직접 경험하고 그 과정에서...,2026-10-07 10:08,http://www.popcornnews.net/news/articleView.html?idxno=135159,http://www.popcornnews.net/news/articleView.html?idxno=135159
서울대학교,베리타스알파,세종대 세종뮤지엄갤러리 동양화가 조인호 기획초대전 개최.. '수묵산수...,"조인호 작가는 서울대 동양화과 교수로, 전통 수묵산수에 뿌리를 두고 자연을 몸소 경험하며 얻은 감각과 사유를 화폭에 옮겨왔다. 작가에게 산수란 멀리서 감상하는 풍경이 아니라 직접 걷고 머무르는 공간이다....",2026-10-07 10:06,https://www.veritas-a.com/news/articleView.html?idxno=630830,https://www.veritas-a.com/news/articleView.html?idxno=630830
서울대학교,헤모필리아라이프,"이현택성형외과의원 이현택 원장, 파리 기메박물관 컬렉션 모델 심사 진...",이번 컬렉션 참가 모델 선발 심사위원으로 선정된 이현택성형외과의원 이현택 대표원장은 서울대학교병원에서 성형외과 전문의 자격을 취득했으며 서울대학교 의과대학 성형외과 대학원 과정을 수료했다....,2026-10-07 10:06,https://www.hemophilia.co.kr/news/articleView.html?idxno=44913,https://www.hemophilia.co.kr/news/articleView.html?idxno=44913
고려대학교,뉴시스,"고대안암병원 ""안구건조증 신약 임상 2상 승인""",이런 가운데 김동현 고려대학교 안암병원 안과 교수가 루다큐어와 한림제약과 공동 개발 중인... 고려대학교 안암병원은 김동현 교수가 개발 총책임을 맡고 있는 안구건조증 신약 후보물질 'RCI001'이 지난달 22일...,2026-10-07 10:06,https://www.newsis.com/view/NISX20261007_0003816885,https://n.news.naver.com/mnews/article/003/0014237461?sid=102
연세대학교,뉴시안,"[2026 국감] 의료기기 실증센터 7곳 중 5곳 수도권…""권역별 인프라 구축...","정부가 의료기기 전문인력 양성을 위해 지정한 특성화대학원 3곳은 연세대, 성균관대, 동국대 등 모두 서울에 있다. 해외 주요국은 의료기기 실증·연구 인프라를 지역별로 분산해 운영하고 있다. 미국 국립보건원(NIH)...",2026-10-07 10:06,http://www.newsian.co.kr/news/articleView.html?idxno=96642,http://www.newsian.co.kr/news/articleView.html?idxno=96642
고려대학교,의사신문,루게릭병으로 떨어진 운동기능 개선하는 새 후보물질 찾았다,"좌측부터 고려대 안산병원 김명지 교수, 고려대 의과대학 박해철, 서용보 교수 김명지 고려대 안산병원 신경외과 교수와 박해철 고려대 의대 융합의학교실 교수(신약중개연구사업단장), 서용보 제브라피쉬...",2026-10-07 10:04,http://www.doctorstimes.com/news/articleView.html?idxno=240357,http://www.doctorstimes.com/news/articleView.html?idxno=240357
서울대학교,이데일리,안세영 선수·김도형 교수 '포니정 영리더상' 선정,펜실베니아대학교 화학·생체분자공학과 교수. (사진=포니정재단 제공) 김도형 교수는 나노미터 단위의 촉매·액체 계면을 연구하며 청정에너지와 화학공정분야의 새 가능성을 제시하는 젊은 과학자다. 2012년 서울대...,2026-10-07 10:04,https://www.edaily.co.kr/News/Read?newsId=03116006645610624&mediaCodeNo=257&utm_source=naver&utm_medium=referral&utm_campaign=news_syndication&utm_content=original_article,https://n.news.naver.com/mnews/article/018/0006382724?sid=101
연세대학교,세정신문,"""큰 손실 피하고, 이해할 수 있는 자산에 투자하고, 좋은 자산 오래 보유...","연세대 경영전문대학원 MBA를 취득했으며, 현재 사업가·자산가 절세컨설팅과 가족 자산설계를 전문으로 하고 있다. 박 세무사가 제시하는 자산관리의 핵심 원칙은 명확하다. 박 세무사는 절세로 확보한 유동성으로 우량...",2026-10-07 10:04,https://www.taxtimes.co.kr/news/article.html?no=277182,https://www.taxtimes.co.kr/news/article.html?no=277182
연세대학교,뉴스맵,"신한은행, 연세대 기술지주와 혁신 스타트업 성장 지원 업무협약","이번 협약식은 지난 6일 서울 서대문구 연세대학교 본관에서 진행됐으며, 이종구 신한은행 영업추진1그룹장과 홍종일 연세대학교 기술지주회사 대표 등 양 기관 주요 관계자들이 참석했다. 이번 협약은 대학이 보유한...",2026-10-07 10:04,https://www.newsmap.co.kr/news/articleView.html?idxno=3861,https://www.newsmap.co.kr/news/articleView.html?idxno=3861
연세대학교,이뉴스투데이,[부고] 이상길(연세암병원 병원장)씨 부친상,"▲ 이주우(향년 86세)씨 별세, 박송자씨 남편상, 이상길(연세암병원 병원장)·이상도·이상헌씨 부친상, 김선경·최나리씨 시부상 = 5일 오후 5시 12분, 연세대 신촌장례식장 8호실, 발인 8일 오전 10시, 장지...",2026-10-07 10:03,http://www.enewstoday.co.kr/news/articleView.html?idxno=2477649,http://www.enewstoday.co.kr/news/articleView.html?idxno=2477649
고려대학교,쿠키뉴스,구미시 맞춤형 지원 ‘결실’…우수대 진학생 3년 새 52.5%↑,"사업 추진 결과 우수대학 진학생은 2024년 61명에서 2026년 93명으로 52.5% 급증했다. 의학계열 진학생 역시 2024년 12명, 2025년 14명, 2026년 16명으로 매년 늘었으며, 서울대·연세대·고려대 진학생도 매년 10명 이상을...",2026-10-07 10:02,https://www.kukinews.com/article/view/kuk202610070055,https://www.kukinews.com/article/view/kuk202610070055
서울대학교,e대한경제,HD현대重 등 조선ㆍ원자력 분야 12개 기관 ‘SMR 해양 기술 실증센터’...,"HD현대중공업, HD한국조선해양, 한국전력기술, 현대건설, 한국선급, 현대중공업터보기계, 클래드코리아, 울산테크노파크, 유니스트, 서울대학교, 한국과학기술원(카이스트), 한양대학교 등 12개 기관이 참여했다. SMR...",2026-10-07 10:02,https://www.dnews.co.kr/uhtml/view.jsp?idxno=202610070953072610706,https://www.dnews.co.kr/uhtml/view.jsp?idxno=202610070953072610706
연세대학교,헤럴드경제,"‘대문’만 신경 쓴 금융권, ‘쪽문’ 보안은 부실…정보보호 ‘기본인...",권태경 연세대 정보대학원 교수는 “쪽문 역시 정문과 같은 수준의 보안 정비가 이뤄졌어야 한다”며 “이를 잡아내지 못한 건 현 제도상의 문제일 수도 있다”고 했다. 특히 2금융권은 아예 인증조차 받지 않은...,2026-10-07 10:02,https://biz.heraldcorp.com/article/10895197?ref=naver,https://n.news.naver.com/mnews/article/016/0002706278?sid=101
연세대학교,쿠키뉴스,구미시 맞춤형 지원 ‘결실’…우수대 진학생 3년 새 52.5%↑,"사업 추진 결과 우수대학 진학생은 2024년 61명에서 2026년 93명으로 52.5% 급증했다. 의학계열 진학생 역시 2024년 12명, 2025년 14명, 2026년 16명으로 매년 늘었으며, 서울대·연세대·고려대 진학생도 매년 10명 이상을...",2026-10-07 10:02,https://www.kukinews.com/article/view/kuk202610070055,https://www.kukinews.com/article/view/kuk202610070055
서울대학교,비즈니스플러스,"포니정재단, '제7회 영리더상'에 안세영 선수·김도형 교수 선정",과학 부문 수상자인 김도형 교수는 2012년 서울대 재료공학부를 졸업하고 2018년 미국 UC버클리에서 박사... 이번 시상식은 오는 11월 25일 서울 삼성동 아이파크타워에 위치한 포니정홀에서 열릴 예정이다.,2026-10-07 10:02,https://www.businessplus.kr/news/articleView.html?idxno=117792,https://www.businessplus.kr/news/articleView.html?idxno=117792
서울대학교,SIDAE,"HD현대중공업, 해양 SMR 실증센터 출범","협약에는 HD현대중공업과 HD한국조선해양, 한국전력기술, 현대건설, 한국선급, 현대중공업터보기계, 클래드코리아, 울산테크노파크, UNIST, 서울대학교, 한국과학기술원(KAIST), 한양대학교가 참여했다. 실증센터는...",2026-10-07 10:02,https://www.sidae.com/article/2026100710003659781,https://n.news.naver.com/mnews/article/417/0001160257?sid=101
서울대학교,파이낸셜포스트,"HD현대중, 조선·원자력 학계 맞손…'SMR 해양 기술 실증센터' 출범","울산과학기술원, 서울대학교, 한국과학기술원(KAIST), 한양대학교 등 12개 기관이 참여했다. HD현대중공업은 SMR 해양 기술 실증센터 출범을 위한 업무협약을 체결함으로써 참여기관들과 해양 원자력 기술의 실증...",2026-10-07 10:02,https://www.financialpost.co.kr/news/articleView.html?idxno=279073,https://www.financialpost.co.kr/news/articleView.html?idxno=279073
서울대학교,쿠키뉴스,구미시 맞춤형 지원 ‘결실’…우수대 진학생 3년 새 52.5%↑,"의학계열 진학생 역시 2024년 12명, 2025년 14명, 2026년 16명으로 매년 늘었으며, 서울대·연세대·고려대 진학생도 매년 10명 이상을 유지했다. 이번 사업은 단순한 성과 확대를 넘어 학교 자체의 진학지도 체계를...",2026-10-07 10:02,https://www.kukinews.com/article/view/kuk202610070055,https://www.kukinews.com/article/view/kuk202610070055
서울대학교,더팩트,대기업 오너 4·5세 94% 유학파…미국 컬럼비아대 출신 최다,미성년 유학길 오른 사례 많아져 국내는 고려대·서울대·연세대 순 국내 대기업 오너 일가 중 유학파 비중이 갈수록 높아져 4~5세대의 경우 94%에 달하는 것으로 파악됐다. 오너 일가가 가장 많이 다닌 해외 대학교는...,2026-10-07 10:01,https://news.tf.co.kr/read/economy/2373680.htm,https://n.news.naver.com/mnews/article/629/0000539984?sid=101
서울대학교,전자신문,[박건영의 셀프 입시]〈17〉인문대학으로 가는 생기부,"서울의 일반고에서 서울대 인문계열에 진학한 남학생이다. 성적은 최상위였다. 2학년부터는 인문사회 과정 수강자가 90명이 채 되지 않아 1등급이 세 명 남짓 나오는 구조였는데, 그 안에서 거의 전 과목 1등급을 지켰다....",2026-10-07 10:01,https://www.etnews.com/20261002000113,https://n.news.naver.com/mnews/article/030/0003472875?sid=102
연세대학교,더팩트,대기업 오너 4·5세 94% 유학파…미국 컬럼비아대 출신 최다,미성년 유학길 오른 사례 많아져 국내는 고려대·서울대·연세대 순 국내 대기업 오너 일가 중 유학파 비중이 갈수록 높아져 4~5세대의 경우 94%에 달하는 것으로 파악됐다. 오너 일가가 가장 많이 다닌 해외 대학교는...,2026-10-07 10:01,https://news.tf.co.kr/read/economy/2373680.htm,https://n.news.naver.com/mnews/article/629/0000539984?sid=101
고려대학교,더팩트,대기업 오너 4·5세 94% 유학파…미국 컬럼비아대 출신 최다,미성년 유학길 오른 사례 많아져 국내는 고려대·서울대·연세대 순 국내 대기업 오너 일가 중 유학파 비중이 갈수록 높아져 4~5세대의 경우 94%에 달하는 것으로 파악됐다. 오너 일가가 가장 많이 다닌 해외 대학교는...,2026-10-07 10:01,https://news.tf.co.kr/read/economy/2373680.htm,https://n.news.naver.com/mnews/article/629/0000539984?sid=101
서울대학교,BBS NEWS,"'2026 세계경주포럼' 8일 개막...경주, 세계 문화 담론 이끄는 '문화의 ...",첫날 개막식에서는 이탈리아 단눈치오 키에티 페스카라대학교 피에르 루이지 사코 교수와 영국... '디지털·AI' 분과에서는 이교구 서울대 교수 등이 창작자·산업·제도의 공존 방안을 짚습니다. '역사·문화' 분과에서는...,2026-10-07 10:00,https://news.bbsi.co.kr/news/articleView.html?idxno=4110681,https://news.bbsi.co.kr/news/articleView.html?idxno=4110681
서울대학교,브릿지경제,"포니정재단, 제7회 영리더상 수상자로 안세영 선수·김도형 교수 선정",김도형 교수는 2012년 서울대학교 재료공학부를 졸업하고 미국 버클리캘리포니아대학교에서 박사학위를... 에이피알(APR) 대표였다. 시상식은 오는 11월 25일 서울 삼성동 아이파크타워 포니정홀에서 열릴 예정이다.,2026-10-07 09:58,https://www.viva100.com/article/20261007500300,https://www.viva100.com/article/20261007500300
서울대학교,조선비즈,‘SMR 해양기술실증센터’ 출범… 조선·원자력 산학 12개 기관 협력,"울산과학기술원, 서울대학교, 한국과학기술원(KAIST), 한양대학교 등 12개 기관이 참여했다. ‘SMR 해양 기술 실증 센터’는 참여 기관의 기술과 전문 인력, 연구설비 등을 연계해 해양 SMR 기술 개발과 시험·검증, 실증을...",2026-10-07 09:58,https://biz.chosun.com/industry/company/2026/10/07/PTOLB5BSZ5GH5ECL5P2S4EL274/?utm_source=naver&utm_medium=original&utm_campaign=biz,https://n.news.naver.com/mnews/article/366/0001196543?sid=101
서울대학교,한국대학신문,"전남대, Clarivate와 손잡고 글로벌 연구경쟁력 높인다",(사진=전남대)  전남대학교(총장 이근배)가 글로벌 연구정보·분석 기업 Clarivate와 협력해 데이터 기반... 이른바 '서울대 10개 만들기'의 취지와도 맞닿아 있다. 전남대는 연구의 글로벌 경쟁력과 국제적 위상을...,2026-10-07 09:58,https://news.unn.net/news/articleView.html?idxno=598346,https://news.unn.net/news/articleView.html?idxno=598346
서울대학교,파이낸셜뉴스,HD현대重 등 산학연 12곳 '해양 SMR 실증센터' 출범,"협약에는 HD현대중공업과 HD한국조선해양, 한국전력기술, 현대건설, 한국선급, 현대중공업터보기계, 클래드코리아, 울산테크노파크, 울산과학기술원, 서울대학교, 한국과학기술원(KAIST), 한양대학교가 참여했다....",2026-10-07 09:58,https://www.fnnews.com/news/202610070933350845,https://n.news.naver.com/mnews/article/014/0005585960?sid=101
연세대학교,글로벌경제신문,"신한은행, 연세대학교 기술지주와 혁신기술 스타트업 성장 지원 '맞손'","신한은행은 지난 6일 서울 서대문구 연세대학교 본관에서 연세대학교 기술지주 주식회사와 '혁신기술... 이번 협약은 대학이 보유한 우수 연구성과와 기술의 사업화를 촉진하고, 성장 가능성이 높은 혁신기업을 공동...",2026-10-07 09:56,https://www.getnews.co.kr/news/articleView.html?idxno=882825,https://www.getnews.co.kr/news/articleView.html?idxno=882825
서울대학교,뉴시스,"HD현대중공업, 해양 SMR 생태계 조성 본격화…12개 기관과 기술실증센터...","구체적으로 HD현대중공업, HD한국조선해양, 한국전력기술, 현대건설, 한국선급, 현대중공업터보기계, 클래드코리아, 울산테크노파크, 울산과학기술원, 서울대학교, 한국과학기술원(KAIST), 한양대학교 등 12개 기관이...",2026-10-07 09:55,https://www.newsis.com/view/NISX20261007_0003816818,https://n.news.naver.com/mnews/article/003/0014237425?sid=101
서울대학교,월요신문,1세대 6% 불과하던 오너 유학파...4·5세는 10명 중 9명,"오너 일가의 출신 대학을 살펴보면 소위 'SKY(서울대·고려대·연세대)'대 쏠림 현상이 두드러졌다. 국내... 서울대 출신(50명)은 이재용 삼성전자 회장(동양사학), 정몽준 아산재단 이사장(경제학), 김범수 카카오...",2026-10-07 09:54,https://www.wolyo.co.kr/news/articleView.html?idxno=318728,https://www.wolyo.co.kr/news/articleView.html?idxno=318728
서울대학교,뉴스워치,[워치칼럼] 영화가 정치화될 때: 예술과 편견 그리고 관객,■ 약력 서울대학교 법과대학 공법학과 졸업 성균관대학교 대학원 문화학 박사학위 취득 서울시 영등포구청 인권위원회 위원 사)서울시 아동공공생활 지원센터 운영위원 전)동덕여자대학교 교양대학 교수,2026-10-07 09:54,http://www.newswatch.kr/news/articleView.html?idxno=81429,http://www.newswatch.kr/news/articleView.html?idxno=81429
고려대학교,월요신문,1세대 6% 불과하던 오너 유학파...4·5세는 10명 중 9명,"국내 대학 중에서는 고려대가 54명으로 가장 많았다. 주요 인물로는 최태원 SK그룹 회장(물리학), 정의선 현대자동차그룹 회장(경영학), 허창수 GS그룹 회장(경영학), 이재현 CJ그룹 회장(법학), 박정원 두산그룹 회장...",2026-10-07 09:54,https://www.wolyo.co.kr/news/articleView.html?idxno=318728,https://www.wolyo.co.kr/news/articleView.html?idxno=318728
연세대학교,월요신문,1세대 6% 불과하던 오너 유학파...4·5세는 10명 중 9명,"오너 일가의 출신 대학을 살펴보면 소위 'SKY(서울대·고려대·연세대)'대 쏠림 현상이 두드러졌다. 국내 대학 중에서는 고려대가 54명으로 가장 많았다. 주요 인물로는 최태원 SK그룹 회장(물리학), 정의선...",2026-10-07 09:54,https://www.wolyo.co.kr/news/articleView.html?idxno=318728,https://www.wolyo.co.kr/news/articleView.html?idxno=318728
서울대학교,SR타임스,HD현대중공업 등 12개 산학연 '해양 SMR 기술 동맹'…실증센터 출범,"UNIST, 서울대학교, 한국과학기술원(KAIST), 한양대학교 등 주요 대학이 이름을 올렸다. 새롭게 출범하는 'SMR 해양 기술 실증센터'는 각 참여 기관의 기술, 전문 인력, 연구 설비를 하나로 연계해 해양 SMR 기술 개발과 검증...",2026-10-07 09:54,http://www.srtimes.kr/news/articleView.html?idxno=214140,http://www.srtimes.kr/news/articleView.html?idxno=214140
서울대학교,DELIGHTI,"HD현대중공업, 조선·원자력계와 해양 SMR 기술 개발 본격화","실증센터에는 HD현대중공업, HD한국조선해양, 한국전력기술, 현대건설, 한국선급, 현대중공업터보기계, 클래드코리아, 울산테크노파크, UNIST, 서울대, 한국과학기술원(KAIST), 한양대가 참여한다. 실증센터는 참여...",2026-10-07 09:54,https://www.delighti.co.kr/news/articleView.html?idxno=122909,https://www.delighti.co.kr/news/articleView.html?idxno=122909
서울대학교,쿠키뉴스,"HD현대重, 조선·원전 12개 기관 뭉쳤다…해양 SMR 실증부터 사업화까지","이번 협약에는 HD현대중공업과 HD한국조선해양, 한국전력기술, 현대건설, 한국선급, 현대중공업터보기계, 클래드코리아, 울산테크노파크를 비롯해 울산과학기술원, 서울대학교, 한국과학기술원(KAIST), 한양대학교가...",2026-10-07 09:54,https://www.kukinews.com/article/view/kuk202610070043,https://www.kukinews.com/article/view/kuk202610070043
연세대학교,KOREA,"대미투자의 성패, 실행에 달렸다",◆ 장상식 한국무역협회 국제무역통상연구원장 연세대 경제학과와 KDI대학원(MBA)을 거쳐 건국대에서 무역학 박사 학위를 받았다. 1992년 한국무역협회 입사 후 30년 이상 수출입 동향분석과 글로벌 통상전략 수립을...,2026-10-07 09:53,https://www.korea.kr/news/cultureColumnView.do?newsId=148973031&call_from=naver_news,https://www.korea.kr/news/cultureColumnView.do?newsId=148973031&call_from=naver_news
서울대학교,KBS,역대 최강 엘니뇨 온다…“다음 달부터 많은 비”,"[국종성/서울대학교 지구환경과학부 교수 : ""지금까지 10도 이상 오른 적이 딱 한 번 있었어요. 그게 97~98년... [국종성/서울대학교 지구환경과학부 교수 : ""(기후 인자 중에) 가장 예측을 잘할 수 있는 게 엘니뇨입니다. 잘...",2026-10-07 09:53,https://news.kbs.co.kr/news/pc/view/view.do?ncd=8679529&ref=A,https://n.news.naver.com/mnews/article/056/0012269101?sid=102
연세대학교,뉴스핌,"원주시, '학생비만 예방' 4자 업무협약 체결","강원 원주시보건소는 지난 6일 원주교육지원청, 대한비만학회 소아청소년위원회, 연세대학교 의료복지연구소와 '학생비만 예방 및 건강격차 해소를 위한 4자 업무협약(MOU)'을 체결하고 학생 건강증진을 위한...",2026-10-07 09:53,https://www.newspim.com/news/view/20261007000340,https://www.newspim.com/news/view/20261007000340
서울대학교,서울경제TV,대기업 오너 4·5세 유학파 비중 94%…미국 컬럼비아대 출신 ‘최다’,국내 대학 중에서는 고려대가 54명으로 가장 많은 오너 일가를 배출했으며 서울대(50명)와 연세대(35명) 순으로 나타났다. 업계에 따르면 오너 일가의 조기 해외 유학 확대가 글로벌 시장 이해도 제고와 현지...,2026-10-07 09:52,https://www.sentv.co.kr/article/view/sentv202610070020,https://www.sentv.co.kr/article/view/sentv202610070020
서울대학교,코리아데일리타임즈,"KALS, 청소년 AI 교육서 기업 AX까지 활동 확대…전 생애 AI 교육체계 구...","8월에는 서울대학교 경력개발센터에서 AI Career Camp를 진행하며 대학생과 청년층으로 교육 대상을... KALS는 서울대학교 경력개발센터, 인공지능 아카데미, 굿네이버스, ㈜젠다이브, 용인특례시청 시목회 등과 교육...",2026-10-07 09:52,https://www.kdpress.co.kr/news/articleView.html?idxno=209117,https://www.kdpress.co.kr/news/articleView.html?idxno=209117
서울대학교,에너지경제,[패트롤]경북도-경북여성정책개발원-경북교육청,"8일 개막식에서는 피에르 루이지 사코 이탈리아 단눈치오 키에티 페스카라 대학교 교수와 앤디 프랫 영국... 오후 디지털·AI 세션에서는 이교구 서울대 교수 등이 AI 시대 창작자와 산업, 제도가 함께 발전하기 위한 방향을...",2026-10-07 09:52,https://www.ekn.kr/web/view.php?key=20261007021013133,https://www.ekn.kr/web/view.php?key=20261007021013133
고려대학교,파이낸셜포스트,"대원제약, 하반기 'AGORA WEEK' 개최...12~16일간 진행",이지영 건국의대 산부인과 교수가 좌장과 연자를 맡고 류기진 고려대 안암병원 산부인과 교수가 연자로 참여한다. 마지막 날인 16일에는 척추 질환과 요통 관리 세션이 열린다. 윤승환 인하대병원 신경외과 교수가...,2026-10-07 09:52,https://www.financialpost.co.kr/news/articleView.html?idxno=279069,https://www.financialpost.co.kr/news/articleView.html?idxno=279069
고려대학교,서울경제TV,대기업 오너 4·5세 유학파 비중 94%…미국 컬럼비아대 출신 ‘최다’,국내 대학 중에서는 고려대가 54명으로 가장 많은 오너 일가를 배출했으며 서울대(50명)와 연세대(35명) 순으로 나타났다. 업계에 따르면 오너 일가의 조기 해외 유학 확대가 글로벌 시장 이해도 제고와 현지...,2026-10-07 09:52,https://www.sentv.co.kr/article/view/sentv202610070020,https://www.sentv.co.kr/article/view/sentv202610070020
고려대학교,보건뉴스,"고대안암병원 김동현 교수, 안구건조증 신약 후보물질 임상 2상 이끈다",고려대학교 안암병원 안과 김동현 교수가 개발 총책임을 맡고 있는 안구건조증 신약 후보물질 'RCI001'이 지난 9월 22일 식품의약품안전처로부터 국내 임상 2상 시험계획을 승인받았다. RCI001은 루다큐어와...,2026-10-07 09:52,http://www.bokuennews.com/news/article.html?no=285166,http://www.bokuennews.com/news/article.html?no=285166
연세대학교,서울경제TV,대기업 오너 4·5세 유학파 비중 94%…미국 컬럼비아대 출신 ‘최다’,국내 대학 중에서는 고려대가 54명으로 가장 많은 오너 일가를 배출했으며 서울대(50명)와 연세대(35명) 순으로 나타났다. 업계에 따르면 오너 일가의 조기 해외 유학 확대가 글로벌 시장 이해도 제고와 현지...,2026-10-07 09:52,https://www.sentv.co.kr/article/view/sentv202610070020,https://www.sentv.co.kr/article/view/sentv202610070020
연세대학교,전자신문,"신한은행, 연세대학교 기술지주회사와 혁신기술 스타트업 성장 지원 MOU","신한은행(행장 정상혁)은 지난 6일 서울 서대문구 연세대학교 본관에서 연세대학교 기술지주 주식회사(대표... 이번 협약은 대학이 보유한 우수 연구성과와 기술의 사업화를 촉진하고, 성장 가능성이 높은 혁신기업을 공동...",2026-10-07 09:51,https://www.etnews.com/20261007000071,https://n.news.naver.com/mnews/article/030/0003472863?sid=101
서울대학교,직썰,"HD현대중공업 등 12개 기관, 해양 SMR 실증센터 출범…시험·검증 공동 ...","이번 협약에는 현대중공업터보기계, 클래드코리아, 울산테크노파크, 서울대학교, 한국과학기술원(KAIST), 한양대학교 등도 참여했다. 향후 실증센터를 중심으로 개발한 기술의 시험과 검증을 거쳐 사업화까지...",2026-10-07 09:50,https://www.ziksir.com/news/articleView.html?idxno=148531,https://www.ziksir.com/news/articleView.html?idxno=148531
서울대학교,헤럴드경제,"HD현대重 등 산학 12개 기관, ‘SMR 해양 기술 실증센터’ 출범","울산과학기술원, 서울대학교, 한국과학기술원(KAIST), 한양대학교 등 12개 기관이 참여했다. SMR 해양 기술 실증센터는 참여기관의 기술과 전문인력, 연구설비 등을 연계해 해양 SMR 기술개발과 시험·검증, 실증을...",2026-10-07 09:50,https://biz.heraldcorp.com/article/10895156?ref=naver,https://n.news.naver.com/mnews/article/016/0002706263?sid=101
서울대학교,한경매거진,"HD현대중공업, 조선·원자력·학계와 해양 SMR 실증 추진","협약에는 HD현대중공업, HD한국조선해양, 한국전력기술, 현대건설, 한국선급, 현대중공업터보기계, 클래드코리아, 울산테크노파크, 울산과학기술원, 서울대학교, 한국과학기술원(KAIST), 한양대학교가 참여했다. ‘SMR...",2026-10-07 09:49,https://magazine.hankyung.com/business/article/202610077496b,https://n.news.naver.com/mnews/article/050/0000111718?sid=101
서울대학교,머니투데이,"강스템바이오텍, 차세대 피부 오가노이드 개발…혈관·면역 기능 갖춰","강스템바이오텍 최고과학자(CSO)인 강경선 서울대 교수는 이 문제를 해결하기 위해 피부 오가노이드에 혈관 오가노이드를 결합했다. 피부의 표피와 진피 구조뿐만 아니라 모낭과 신경 관련 구조, 혈관 네트워크가 함께...",2026-10-07 09:49,https://www.mt.co.kr/thebio/2026/10/07/2026100709395280350,https://n.news.naver.com/mnews/article/008/0005423046?sid=101
연세대학교,디지털타임스,"신한은행·연세대 기술지주, 유망 스타트업 공동 발굴 나선다","신한은행은 지난 6일 서울 서대문구 연세대학교 본관에서 연세대학교 기술지주 주식회사와 ‘혁신기술... 이번 협약은 대학이 보유한 우수 연구성과와 기술의 사업화를 촉진하고, 성장 가능성이 높은 혁신기업을 공동...",2026-10-07 09:49,https://www.dt.co.kr/article/12087835?ref=naver,https://n.news.naver.com/mnews/article/029/0003051859?sid=101
고려대학교,중앙일보,"안구건조증 신약 후보물질, 임상 2상 진입",고려대 안암병원 안과 김동현 교수가 개발 총책임을 맡고 있는 안구건조증 신약 후보물질 'RCI001'이 지난달 22일 식품의약품안전처로부터 국내 임상 2상 시험계획을 승인받았다. RCI001은 루다큐어와 한림제약이 공동...,2026-10-07 09:48,https://jhealthmedia.joins.com/news/articleView.html?idxno=33656,https://jhealthmedia.joins.com/news/articleView.html?idxno=33656
서울대학교,머니투데이,"리사 수 ""한국에 AI 연구인력 수백명 채용""…AMD-韓 협력 구체화","리사 수 AMD 회장은 7일 오전 서울 종로구 포시즌스호텔에서 류제명 과학기술정보통신부 2차관과 만나... AMD는 최근 서울대학교 AI연구원과 MOU를 체결했다. 수 회장은 ""한국 대학과 스타트업 커뮤니티에서 우리의...",2026-10-07 09:48,https://www.mt.co.kr/tech/2026/10/07/2026100709240349777,https://n.news.naver.com/mnews/article/008/0005423043?sid=105
서울대학교,연합인포맥스,"AMD 리사 수 ""한국서 AI 연구센터 출범 기뻐…생태계 넓히고파""","류제명 차관, 리사 수 AMD 회장과 악수(서울=연합뉴스) 서명곤 기자 = 류제명 과기정통부 2차관이 7일 서울... 최근 서울대학교 AI연구원과 업무협약(MoU)를 맺었다고 언급했다. AMD는 지난 7월 샌프란시스코에서...",2026-10-07 09:48,https://news.einfomax.co.kr/news/articleView.html?idxno=4438059,https://news.einfomax.co.kr/news/articleView.html?idxno=4438059
서울대학교,서울경제,"HD현대중공업 등 12개 기관, ‘SMR 해양 기술 실증센터’ 출범","(UNIST), 서울대학교, 한국과학기술원(KAIST), 한양대학교 등 연구·교육기관 5곳이 참여했다. 실증센터는 각 기관이 보유한 전문 인력과 시험 설비, 연구 인프라를 연계해 해양 SMR 기술 검증과 실증을 총괄하는 거점...",2026-10-07 09:48,https://www.sedaily.com/article/20098865?ref=naver,https://n.news.naver.com/mnews/article/011/0004668871?sid=101
서울대학교,파이낸셜뉴스,"포니정재단, 제7회 영리더상에 안세영·김도형 선정",김도형 교수는 2012년 서울대학교 재료공학부를 졸업하고 2018년 미국 UC버클리에서 박사학위를 받은 뒤 스탠퍼드대학교에서 박사후연구과정을 거쳤다. 2022년부터 펜실베이니아대학교 화학·생체분자공학과 조교수로...,2026-10-07 09:46,https://www.fnnews.com/news/202610070927439549,https://n.news.naver.com/mnews/article/014/0005585946?sid=101
서울대학교,경북신문,"포스텍 연구팀, 수소 운송 촉매 성능 떨어뜨리는 원인 밝혔다",수소를 액체에 담아 저장·운송하는 기술의 효율을 떨어뜨리던 촉매 열화 원인이 국내 연구진에 의해 밝혀졌다.포스텍 화학공학과·친환경소재학과 윤창원 교수와 한승목 박사 연구팀은 서울대 한정우 교수팀...,2026-10-07 09:46,https://www.kbsm.net/news/view.php?idx=536747,https://www.kbsm.net/news/view.php?idx=536747
서울대학교,시민일보,"동작구의회, 사당청소년센터 학생 대상 청소년 모의의회 개최","▲ 청소년 모의의회 진행 모습.(사진=동작구의회 제공)  서울 동작구의회(의장 강한옥)가 지난 9월30일... ( 서울대학교 아마추어 천문 동아리 AAA와 함께 우주와 자연의 원리를 이해하고, 별과 행성을 직접 관찰하며 과학적...",2026-10-07 09:46,https://www.siminilbo.co.kr/news/newsview.php?ncode=1160268231308239,https://www.siminilbo.co.kr/news/newsview.php?ncode=1160268231308239
고려대학교,SR타임스,[SR신간] 디지털 시대 존중의 위기 다룬 '존중 없는 사회',"한 교수는 고려대학교에서 금속공학을 전공한 뒤 독일에서 철학과 독문학, 신학을 공부했으며 베를린예술대학교 교수로 재직하고 있다. 저서로 '피로사회', '투명사회', '에로스의 종말', '하이데거 입문' 등이 있다. 이번...",2026-10-07 09:46,http://www.srtimes.kr/news/articleView.html?idxno=214134,http://www.srtimes.kr/news/articleView.html?idxno=214134
연세대학교,포인트엔,"신한은행-연세대 기술지주, 혁신 스타트업 성장 지원 나서","신한은행이 연세대학교 기술지주와 전략적 파트너십을 맺고 혁신기술 스타트업의 성장을 다방면으로... 이번 협약은 대학이 보유한 우수한 연구 성과와 기술의 사업화를 촉진하고, 성장 가능성이 높은 혁신기업을 함께...",2026-10-07 09:46,https://www.pointe.co.kr/news/articleView.html?idxno=85686,https://www.pointe.co.kr/news/articleView.html?idxno=85686
고려대학교,bnt뉴스,"루시, 대만 가오슝 파크뮤직페스티벌 출격",한편 루시는 오는 10월 23일부터 25일까지 서울 고려대학교 화정체육관을 시작으로 아시아 주요 도시에서 ‘2026 LUCY 9TH CONCERT 'ISLAND'’ 앙코르 콘서트를 개최하고 팬들과 만난다.,2026-10-07 09:46,https://www.bntnews.co.kr/article/view/bnt202610070147,https://www.bntnews.co.kr/article/view/bnt202610070147
서울대학교,더팩트,"HD현대重 등 12개 기관, 해양 SMR 실증센터 출범","협약에는 HD현대중공업과 HD한국조선해양, 한국전력기술, 현대건설, 한국선급, 현대중공업터보기계, 클래드코리아, 울산테크노파크, 울산과학기술원, 서울대학교, 한국과학기술원(KAIST), 한양대학교 등 12개 기관이...",2026-10-07 09:45,https://news.tf.co.kr/read/economy/2373657.htm,https://n.news.naver.com/mnews/article/629/0000539963?sid=101
고려대학교,의사신문,"김동현 고려대 안암병원 교수, 안구건조증 신약 후보물질 임상 2상 이끈...",김동현 고려대 안암병원 안과 교수 김동현 고려대 안암병원 안과 교수가 개발 총책임을 맡고 있는 안구건조증 신약 후보물질 'RCI001'이 지난 9월22일 식품의약품안전처로부터 국내 임상 2상 시험계획을...,2026-10-07 09:44,http://www.doctorstimes.com/news/articleView.html?idxno=240353,http://www.doctorstimes.com/news/articleView.html?idxno=240353
연세대학교,국제뉴스,"신한은행, 연세대 기술지주회사와 혁신기술 스타트업 지원 위해 맞손","연세대학교 기술지주 주식회사는 2026년 과학기술정보통신부의 기술경영촉진(기술사업화 종합전문회사육성형) 사업에서 대학 부문 유일 수행기관으로 선정되어, 유망 기술과 혁신기업의 발굴 및 사업화, 투자, 보육을...",2026-10-07 09:44,https://www.gukjenews.com/news/articleView.html?idxno=3714766,https://www.gukjenews.com/news/articleView.html?idxno=3714766
서울대학교,뉴스워치,[최유경의 알쏭달쏭 일본 265] 우린 왜 오니나 바케모노에 열광하는 걸...,"■ 프로필 이화여자대학교 졸업 오사카부립대학원 박사학위 취득 서울대, 성균관대 등 다수 대학에서 강의 서울대인문학연구원, 명지대 연구교수, 학술교수 ※ 외부인사 원고는 본지의 편집방향과 일치하지 않을 수...",2026-10-07 09:44,http://www.newswatch.kr/news/articleView.html?idxno=81430,http://www.newswatch.kr/news/articleView.html?idxno=81430
연세대학교,한국경제,아들 내한 무대 닷새 앞두고 영면…韓 메조소프라노 최초 유럽 진출 김...,고등학교 3학년 때 한예종 예비학교에서 고인을 처음 만나 대학 졸업 때까지 5년간 배웠다는 그는 스승의... 국내에서는 1973~1978년까지 중앙대와 연세대에서 학생들을 가르쳤다. 다시 유럽으로 건너가 연주 활동을...,2026-10-07 09:44,https://www.hankyung.com/article/202610065840i,https://n.news.naver.com/mnews/article/015/0005339923?sid=103
연세대학교,DAILYT,"절세 이후의 돈 관리까지… 과천도시공사, 박소영 세무사 초청 직장인 ...","삼성세무서 국세심사위원회 위원과 한국여성세무사회 제20대 홍보이사를 지냈으며, 연세대 경영전문대학원에서 MBA를 취득했다. 현재 사업가·자산가 절세컨설팅과 가족 자산설계 분야에서 활동하고 있다. 이번 강연은...",2026-10-07 09:42,https://www.dailyt.co.kr/newsView/dlt202610070008,https://www.dailyt.co.kr/newsView/dlt202610070008
서울대학교,조선일보,한·일·대만 호르니스트 한자리에…‘재능 혜화 마티네’ 15일 개최,김홍박은 서울예술고등학교와 서울대학교를 졸업하고 오스트리아 잘츠부르크 국립음대 석사과정과 독일 베를린 국립음대 최고연주자과정을 마쳤다. 현재 서울대학교 음악대학 부교수로 재직하고 있다. 최혜민은...,2026-10-07 09:42,https://edu.chosun.com/site/data/html_dir/2026/10/07/2026100780022.html,https://edu.chosun.com/site/data/html_dir/2026/10/07/2026100780022.html
연세대학교,데일리안,유럽 무대 개척한 메조소프라노 김청자 별세…향년 82세,"1973년부터 1978년까지 중앙대와 연세대에서 학생들을 가르쳤으며, 1994년부터 2010년까지 한예종 성악과 교수로 재직했다. 퇴임 뒤에는 아프리카 말라위로 건너가 ‘희망’이라는 뜻의 ‘루수빌로’ 음악학교를 세웠다....",2026-10-07 09:42,https://www.dailian.co.kr/news/view/1698654/?sc=Naver,https://n.news.naver.com/mnews/article/119/0003140200?sid=103
연세대학교,브레이크뉴스,"대기업 오너일가, ‘유학 쏠림’ 심화..4~5세대 90% 유학파","특히, 과거 선대 회장들이 국내 대학 졸업 후 해외에서 석·박사나 MBA 과정을... 연세대는 35명으로, △장형진 영풍 회장(상학) △정지선 현대백화점그룹 회장...",2026-10-07 09:42,http://www.breaknews.com/1241387,http://www.breaknews.com/1241387
서울대학교,SR타임스,"대한핸드볼협회, 전국 50개교 '찾아가는 핸볼 교실' 마무리",협회는 오는 11월 28일 서울대학교 관악캠퍼스 체육관에서 '제5회 핸볼 페스티벌'을 개최할 예정이다. 전국 각 권역에서는 학생들이 참여하는 핸볼 리그를 운영하고 12월 6일 인천 선학체육관에서 경기와 핸드볼 H리그...,2026-10-07 09:42,http://www.srtimes.kr/news/articleView.html?idxno=214128,http://www.srtimes.kr/news/articleView.html?idxno=214128
고려대학교,브레이크뉴스,"대기업 오너일가, ‘유학 쏠림’ 심화..4~5세대 90% 유학파",오너 일가가 졸업한 국내 대학 중에서는 고려대가 54명으로 가장 많았다. 고려대 출신에는 △최태원 SK그룹 회장(물리학) △정의선 현대자동차그룹 회장(경영학)...,2026-10-07 09:42,http://www.breaknews.com/1241387,http://www.breaknews.com/1241387
서울대학교,브레이크뉴스,"대기업 오너일가, ‘유학 쏠림’ 심화..4~5세대 90% 유학파","서울대 출신은 50명으로, △이재용 삼성전자 회장(동양사학) △정몽준 아산재단 이사장(경제학) △김범수 카카오 미래이니셔티브센터 센터장(산업공학) △구본준...",2026-10-07 09:42,http://www.breaknews.com/1241387,http://www.breaknews.com/1241387
서울대학교,월요신문,"""네 대의 호른과 피아노""…'재능 혜화 마티네' 15일 공연",김홍박은 서울예술고와 서울대를 졸업한 뒤 오스트리아 잘츠부르크 국립음대 석사과정과 독일 베를린 국립음대 최고연주자과정을 마쳤다. 제32회 운파음악상 등을 수상했으며 현재 서울대 음악대학 부교수로 재직하고...,2026-10-07 09:42,https://www.wolyo.co.kr/news/articleView.html?idxno=318743,https://www.wolyo.co.kr/news/articleView.html?idxno=318743
연세대학교,뉴스1,소설가 전수찬이 음악과 함께 지나온 시간들,"전수찬은 1968년 대구에서 태어나 연세대학교 전기공학과를 졸업했다. 2004년 '어느덧 일주일'로 문학동네작가상을 받으며 작품활동을 시작했고, 장편소설 '오래된 빛'과 '수치' 등을 썼다. △ '말하라, 음악이여'/ 전수찬...",2026-10-07 09:41,https://www.news1.kr/life-culture/book/6311394,https://n.news.naver.com/mnews/article/421/0009213416?sid=103
서울대학교,KOREAJOONGANGDAILY,"In the AI era, humanities will determine the victor (KOR)","AI 대전환기의 승패는 ‘문(文)’에 달렸다 김병연 서울대 석좌교수·경제학 얼마 전 런던 금융가의 한 임원과 대화를 나누었다. 학부와 대학원에서 각각 공학, 경영학을...",2026-10-07 09:41,https://www.koreajoongangdaily.com/bilingual-news/in-the-ai-era-humanities-will-determine-the-victor-kor/12908340,https://n.news.naver.com/mnews/article/640/0000095134?sid=110
서울대학교,연합뉴스,"[AI픽] 리사 수 ""한국 AI 생태계에 베팅""…연구인력 수백명 뽑는다",리사 수 회장은 7일 서울 포시즌스호텔에서 진행된 류제명 과학기술정보통신부 2차관과의 면담 자리에서... 리사 수 회장은 최근 서울대 AI연구소와 양해각서(MOU)를 체결했다며 앞으로 국내 대학·스타트업과의...,2026-10-07 09:41,https://www.yna.co.kr/view/AKR20261007049900017?input=1195m,https://n.news.naver.com/mnews/article/001/0016361463?sid=105
고려대학교,메디코파마뉴스,"고대안암병원, 안구건조증 신약 'RCI001' 국내 2상 이끈다",고려대학교 안암병원은 김동현 안과 교수가 개발 총책임을 맡고 있는 RCI001이 지난달 22일 식품의약품안전처로부터 국내 임상 2상 시험계획을 승인받았다고 밝혔다. RCI001은 루다큐어와 한림제약이 공동 개발하고...,2026-10-07 09:40,https://www.medicopharma.co.kr/news/articleView.html?idxno=69768,https://www.medicopharma.co.kr/news/articleView.html?idxno=69768
서울대학교,뉴스퀘스트,"HD현대중공업, 해양 SMR 실제 검증 나선다…12개 기관 기술·설비 공동 ...","이번 협약에는 HD현대중공업과 HD한국조선해양, 한국전력기술, 현대건설, 한국선급, 현대중공업터보기계, 클래드코리아, 울산테크노파크, UNIST, 서울대학교, 한국과학기술원(KAIST), 한양대학교가 참여했다. 실증센터는 각...",2026-10-07 09:40,https://www.newsquest.co.kr/news/articleView.html?idxno=302170,https://www.newsquest.co.kr/news/articleView.html?idxno=302170
연세대학교,한국정경신문,"신한은행, 혁신기술 스타트업 성장 지원..연세대 기술지주와 협약","연세대학교 기술지주는 올해 과학기술정보통신부 ‘기술경영촉진(기술사업화 종합전문회사육성형) 사업’의 대학 부문 유일 수행기관이다. 유망 기술과 혁신기업을 발굴해 사업화와 투자, 보육 등을 지원하고 있다....",2026-10-07 09:40,https://kpenews.com/View.aspx?No=4254392,https://kpenews.com/View.aspx?No=4254392
서울대학교,문화일보,"UNIST에 ‘SMR 해양기술실증센터’ 출범…HD현대중 등 12개 기관 참여, 기...","이날 개소식에는 HD현대중공업, HD한국조선해양, 한국전력기술, 현대건설, 한국선급, 현대중공업터보기계, 클래드코리아, 울산테크노파크, UNIST, 서울대, 카이스트, 한양대 등 12개 기관이 참여했다. 이들 기관은 해양...",2026-10-07 09:39,https://www.munhwa.com/article/11621829?ref=naver,https://n.news.naver.com/mnews/article/021/0002823489?sid=102
서울대학교,NEWSTOWN,"HD현대중공업 등 12개 기관, 해양 SMR 실증·산업화 협력 본격화","협약에는 HD현대중공업과 HD한국조선해양을 비롯해 한국전력기술, 현대건설, 한국선급, 현대중공업터보기계, 클래드코리아, 울산테크노파크, 울산과학기술원, 서울대학교, 한국과학기술원(KAIST), 한양대학교 등 총 12개...",2026-10-07 09:39,http://www.newstown.co.kr/news/articleView.html?idxno=717877,http://www.newstown.co.kr/news/articleView.html?idxno=717877
서울대학교,데일리한국,"HD현대重, 조선·원자력 기관들과 'SMR 해양 기술 실증센터' 출범","협약에는 HD현대중공업, HD한국조선해양, 한국전력기술, 현대건설, 한국선급, 현대중공업터보기계, 클래드코리아, 울산테크노파크, 울산과학기술원, 서울대학교, 한국과학기술원(KAIST), 한양대학교 등 12개 기관이...",2026-10-07 09:38,https://daily.hankooki.com/news/articleView.html?idxno=1412601,https://daily.hankooki.com/news/articleView.html?idxno=1412601
서울대학교,EBN 산업경제,"'바다 위 원전' 상용화 잰걸음...HD현대重, 해양 SMR 실증 연합 구축","협약에는 HD현대중공업과 HD한국조선해양을 비롯해 한국전력기술, 현대건설, 한국선급, 현대중공업터보기계, 클래드코리아, 울산테크노파크, UNIST, 서울대학교, 한국과학기술원(KAIST), 한양대학교가 참여했다. SMR 해양...",2026-10-07 09:38,https://www.ebn.co.kr/news/articleView.html?idxno=1726934,https://www.ebn.co.kr/news/articleView.html?idxno=1726934
서울대학교,우먼타임스,"HD현대중공업, 해양 SMR 실증·산업화 나선다…12개 기관 협력","협약에는 HD현대중공업과 HD한국조선해양을 비롯해 한국전력기술, 현대건설, 한국선급, 현대중공업터보기계, 클래드코리아, 울산테크노파크, UNIST, 서울대학교, 한국과학기술원(KAIST), 한양대학교 등이 참여했다. SMR...",2026-10-07 09:38,https://www.womentimes.co.kr/news/articleView.html?idxno=106809,https://www.womentimes.co.kr/news/articleView.html?idxno=106809
연세대학교,주간한국,"신한銀·연세대 기술지주, 유망 스타트업 공동 발굴 나선다",연세대학교 기술지주는 올해 과학기술정보통신부 '기술경영촉진 사업' 대학 부문 수행기관으로 선정돼 유망 기술과 혁신기업의 사업화·투자·보육을 지원하고 있다. 신한은행은 연세대학교 기술지주가 발굴·추천한...,2026-10-07 09:38,https://weekly.hankooki.com/news/articleView.html?idxno=7187718,https://weekly.hankooki.com/news/articleView.html?idxno=7187718
서울대학교,매일경제,"재벌 4·5세 가장 많이 나온 국내 대학, 서울대 아니네?… 고려대 ‘최다...","서울대 출신은 50명으로 뒤를 이었다. 이재용 삼성전자 회장(동양사학), 정몽준 아산재단 이사장(경제학), 김범수 카카오 미래이니셔티브센터 센터장(산업공학), 구본준 LX홀딩스 회장(계산통계학), 이호진 전...",2026-10-07 09:36,https://www.mk.co.kr/article/12170053,https://n.news.naver.com/mnews/article/009/0005745009?sid=101
서울대학교,신아일보,"영등포구, 'AI와 인간' 명사특강…뇌과학·언어·수학으로 AI 시대 조명","이번 강연에는 뇌과학, 언어학, 수학, 경영학 분야의 대학교수 4명이 강사로 참여한다. 각 분야의 관점에서... 홍영준 서울대 수리과학부 교수가 '수학자가 풀어주는 AI 이야기'를 통해 특강을 마무리한다. 참여 대상은...",2026-10-07 09:36,https://www.shinailbo.co.kr/news/articleView.html?idxno=5069343,https://www.shinailbo.co.kr/news/articleView.html?idxno=5069343
서울대학교,데일리안,재벌가 4·5세 94%가 유학파…가장 많이 간 대학은?,"서울대가 50명으로 뒤를 이었다. 이재용 삼성전자 회장, 정몽준 아산재단 이사장, 김범수 카카오 미래이니셔티브센터장, 구본준 LX홀딩스 회장 등이 서울대 출신이다. 연세대 출신은 35명, 이화여대는 26명으로...",2026-10-07 09:36,https://www.dailian.co.kr/news/view/1698651/?sc=Naver,https://n.news.naver.com/mnews/article/119/0003140190?sid=101
연세대학교,데일리안,재벌가 4·5세 94%가 유학파…가장 많이 간 대학은?,"연세대 출신은 35명, 이화여대는 26명으로 집계됐다. 해외 대학 가운데서는 미국 컬럼비아대 출신이 22명으로 가장 많았다. 신동빈 롯데그룹 회장과 신유열 롯데지주 부사장, 이경후 CJ ENM 음악콘텐츠사업본부 CCO 겸...",2026-10-07 09:36,https://www.dailian.co.kr/news/view/1698651/?sc=Naver,https://n.news.naver.com/mnews/article/119/0003140190?sid=101
연세대학교,매일경제,"재벌 4·5세 가장 많이 나온 국내 대학, 서울대 아니네?… 고려대 ‘최다...","유학 경험이 있는 46명 가운데 33명(71.7%)이 학부 과정부터 해외 대학에 진학했다. 1~3세대가 국내 대학에서... 이어 연세대가 35명으로, 장형진 영풍 회장(상학), 정지선 현대백화점그룹 회장(사회학), 유경선 유진그룹...",2026-10-07 09:36,https://www.mk.co.kr/article/12170053,https://n.news.naver.com/mnews/article/009/0005745009?sid=101
고려대학교,매일경제,"재벌 4·5세 가장 많이 나온 국내 대학, 서울대 아니네?… 고려대 ‘최다...","국내 대학에서는 고려대 출신 오너 일가가 54명으로 가장 많았다. 최태원 SK그룹 회장(물리학), 정의선 현대자동차그룹 회장(경영학), 허창수 GS그룹 회장(경영학), 이재현 CJ그룹 회장(법학), 박정원 두산그룹 회장...",2026-10-07 09:36,https://www.mk.co.kr/article/12170053,https://n.news.naver.com/mnews/article/009/0005745009?sid=101
고려대학교,데일리안,재벌가 4·5세 94%가 유학파…가장 많이 간 대학은?,"오너 일가가 가장 많이 나온 국내 대학은 고려대였다. 고려대 출신은 54명으로 최태원 SK그룹 회장, 정의선 현대자동차그룹 회장, 허창수 GS그룹 회장, 이재현 CJ그룹 회장, 박정원 두산그룹 회장, 박현주 미래에셋그룹...",2026-10-07 09:36,https://www.dailian.co.kr/news/view/1698651/?sc=Naver,https://n.news.naver.com/mnews/article/119/0003140190?sid=101
연세대학교,데일리팜,부음-이상길 연세암병원장 부친,*이상길 연세암병원장(소화기내과 교수) 부친 6일 별세. *빈소: 연세대 신촌장례식장 8호실(대표전화 02-2227-7500) *발인: 10월8일(목) 오전 10시 *장지: 곤지암 소망동산.,2026-10-07 09:34,https://www.dailypharm.com/user/news/today-focus/12445?REFERER=NP,https://www.dailypharm.com/user/news/today-focus/12445?REFERER=NP
서울대학교,뉴스핌,"HD현대중공업, '해양 SMR 실증센터 출범' 추진…사업화 속도 가속","07 협약에는 HD현대중공업과 HD한국조선해양, 한국전력기술, 현대건설, 한국선급, 현대중공업터보기계, 클래드코리아, 울산테크노파크, UNIST, 서울대, 한국과학기술원(KAIST), 한양대가 참여했다. 실증센터는 참여 기관의...",2026-10-07 09:34,https://www.newspim.com/news/view/20261007000288,https://www.newspim.com/news/view/20261007000288
서울대학교,경기일보,"빗물 한 방울서 시작된 27년 출입구 혁신, ㈜에이앤에스개발 [경기도 미...","청와대·국회도서관·삼성전자·현대자동차·서울아산병원·롯데백화점·신세계백화점·서울대 등에 제품을 공급하고 있으며, 영국·미국·일본·호주·프랑스·스페인·태국·싱가포르 등 10여개국에 자체 브랜드로 직접...",2026-10-07 09:34,https://www.kyeonggi.com/article/20261007580032,https://n.news.naver.com/mnews/article/666/0000126354?sid=101
서울대학교,포인트데일리,"HD현대중공업 등 12개 기관, 해양 SMR 실증·사업화 협력","협약에는 HD현대중공업과 HD한국조선해양, 한국전력기술, 현대건설, 한국선급, 현대중공업터보기계, 클래드코리아, 울산테크노파크, UNIST, 서울대학교, 한국과학기술원(KAIST), 한양대학교가 참여했다. 실증센터는 각...",2026-10-07 09:34,https://www.pointdaily.co.kr/news/articleView.html?idxno=321481,https://www.pointdaily.co.kr/news/articleView.html?idxno=321481
서울대학교,뉴스핌,재벌가 4·5세 '10명 중 9명' 해외로 유학갔다,"총수 일가 출신 국내 대학은 고려대가 54명으로 가장 많았고 서울대 50명, 연세대 35명, 이화여대 26명 순이었다. 해외 대학은 미국 컬럼비아대가 22명으로 가장 많았으며 뉴욕대 18명, 코넬대 16명, 스탠퍼드대 15명...",2026-10-07 09:33,https://www.newspim.com/news/view/20261007000287,https://www.newspim.com/news/view/20261007000287
서울대학교,데일리안,"HD현대重 등 12기관, ‘SMR 해양 기술 실증센터’ 출범","협약에는 HD현대중공업과 HD한국조선해양, 한국전력기술, 현대건설, 한국선급, 현대중공업터보기계, 클래드코리아, 울산테크노파크, UNIST, 서울대학교, 한국과학기술원(KAIST), 한양대학교가 참여했다. 실증센터는...",2026-10-07 09:33,https://www.dailian.co.kr/news/view/1698643/?sc=Naver,https://n.news.naver.com/mnews/article/119/0003140186?sid=101
고려대학교,뉴스핌,재벌가 4·5세 '10명 중 9명' 해외로 유학갔다,"총수 일가 출신 국내 대학은 고려대가 54명으로 가장 많았고 서울대 50명, 연세대 35명, 이화여대 26명 순이었다. 해외 대학은 미국 컬럼비아대가 22명으로 가장 많았으며 뉴욕대 18명, 코넬대 16명, 스탠퍼드대 15명...",2026-10-07 09:33,https://www.newspim.com/news/view/20261007000287,https://www.newspim.com/news/view/20261007000287
연세대학교,뉴스핌,재벌가 4·5세 '10명 중 9명' 해외로 유학갔다,"총수 일가 출신 국내 대학은 고려대가 54명으로 가장 많았고 서울대 50명, 연세대 35명, 이화여대 26명 순이었다. 해외 대학은 미국 컬럼비아대가 22명으로 가장 많았으며 뉴욕대 18명, 코넬대 16명, 스탠퍼드대 15명...",2026-10-07 09:33,https://www.newspim.com/news/view/20261007000287,https://www.newspim.com/news/view/20261007000287
서울대학교,글로벌경제신문,"포니정재단, '영리더상 수상자'에 안세영·김도형 선정","김 교수는 2012년 서울대 재료공학부를 졸업, 지난 2018년 미국 버클리캘리포니아대학교(UC버클리)에서 박사학위를 받은 뒤 스탠퍼드대학교에서 박사후연구과정을 밟았다. 지난 2022년부터 펜실베이니아대학교 화학...",2026-10-07 09:32,https://www.getnews.co.kr/news/articleView.html?idxno=882811,https://www.getnews.co.kr/news/articleView.html?idxno=882811
서울대학교,테크월드뉴스,"QAI, 양자·AI 인재 영입으로 소버린 양자 클라우드 구동 속도",서울대에서 물리학 박사 학위를 받고 독일 베를린자유대 박사후연구원을 거쳤다. 세종대 교수를 겸임한다. 양자 알고리즘이 기존 GPU 연산보다 실제 이득이 있는지 평가하는 전문가다. QAI에서 양자 알고리즘과...,2026-10-07 09:32,https://www.epnc.co.kr/news/articleView.html?idxno=407858,https://www.epnc.co.kr/news/articleView.html?idxno=407858
서울대학교,핀포인트뉴스,"HD현대중공업, '해양 SMR 실증센터' 출범…산학연 12곳 협력","협약에는 HD현대중공업, HD한국조선해양, 한국전력기술, 현대건설, 한국선급, 현대중공업터보기계, 클래드코리아, 울산테크노파크, 울산과학기술원, 서울대학교, 한국과학기술원, 한양대학교 등 12개 기관이 참여했다....",2026-10-07 09:30,https://www.pinpointnews.co.kr/news/articleView.html?idxno=493232,https://www.pinpointnews.co.kr/news/articleView.html?idxno=493232
서울대학교,이코노미스트,"HD현대重, 해양 SMR 실증 나선다",협약에는 ▲HD현대중공업 ▲HD한국조선해양 ▲한국전력기술 ▲현대건설 ▲한국선급 ▲현대중공업터보기계 ▲클래드코리아 ▲울산테크노파크 ▲울산과학기술원 ▲서울대학교 ▲한국과학기술원(KAIST) ▲한양대학교 등...,2026-10-07 09:29,https://economist.co.kr/article/view/ecn202610070009,https://n.news.naver.com/mnews/article/243/0000103930?sid=101
서울대학교,이코노뉴스,"HD현대중공업 등 12개 기관, 'SMR 해양 기술 실증센터' 출범 추진","협약에는 HD현대중공업, HD한국조선해양, 한국전력기술, 현대건설, 한국선급, 현대중공업터보기계, 클래드코리아, 울산테크노파크, 울산과학기술원, 서울대학교, 한국과학기술원(KAIST), 한양대학교 등 12개 기관이...",2026-10-07 09:28,http://www.econonews.co.kr/news/articleView.html?idxno=445369,http://www.econonews.co.kr/news/articleView.html?idxno=445369
연세대학교,IKLD,송도 대광로제비앙 모아엘가 11월 오픈 예정,"단지 바로 앞에는 유치원과 초·중교 부지가 계획돼 있으며, 연세대학교 국제캠퍼스와 인천글로벌캠퍼스도 가깝다. 한국외국어대학교 송도캠퍼스도 들어설 예정이다. 수변 생활환경도 갖출 전망이다. 단지 바로...",2026-10-07 09:28,http://www.ikld.kr/news/articleView.html?idxno=341854,http://www.ikld.kr/news/articleView.html?idxno=341854
서울대학교,핸드메이커,"고려아연, 최창걸 명예회장 1주기 추모…'사람·신뢰' 경영철학 계승",고려아연은 고(故) 최창걸 명예회장의 별세 1주기를 맞아 지난 6일 서울 종로구 본사에서 추모식을 열었다.... 경기고등학교와 서울대학교 경제학과를 졸업한 뒤 미국 컬럼비아대학교 경영대학원에서 MBA를 취득했다....,2026-10-07 09:28,https://www.handmk.com/news/articleView.html?idxno=43858,https://www.handmk.com/news/articleView.html?idxno=43858
서울대학교,이투데이,"빌 게이츠와 손잡은 HD현대, 해양 SMR 실증에도 속도","UNIST, 서울대, KAIST, 한양대가 참여했다. 실증센터는 각 기관이 보유한 기술과 전문인력, 연구설비를 연결해... 정 회장은 8월 14일 서울에서 빌 게이츠 테라파워 창업자 겸 회장, 크리스 르베크 테라파워 최고경영자(CEO)...",2026-10-07 09:28,https://www.etoday.co.kr/news/view/2633199,https://www.etoday.co.kr/news/view/2633199
서울대학교,연합인포맥스,'40년된 기숙사'와 치솟는 원룸 월세…LH 전세임대 대학가 대안될까,한병도 의원실이 부동산 플랫폼 다방 매물 데이터를 분석한 결과에 따르면 서울 주요 10개 대학가 원룸... 고등교육법상 대학교를 대상으로 500호 규모의 전국 공모에 들어갔다. 서울대의 경우 기숙사 수용률이 22.7...,2026-10-07 09:26,https://news.einfomax.co.kr/news/articleView.html?idxno=4438047,https://news.einfomax.co.kr/news/articleView.html?idxno=4438047
연세대학교,뉴스케이프,경영권 승계 전 해외로…대기업 오너 4~5세대 유학파 점령,"1~3세대는 국내 대학에서 학사 학위를 받은 뒤 해외에서 MBA 등 석·박사 과정을 밟는 사례가 많았지만, 4... 서울대 출신은 50명으로 이재용 삼성전자 회장, 정몽준 아산재단 이사장 등이 포함됐으며 연세대 출신은...",2026-10-07 09:24,http://www.newscape.co.kr/news/articleView.html?idxno=124936,http://www.newscape.co.kr/news/articleView.html?idxno=124936
고려대학교,뉴스케이프,경영권 승계 전 해외로…대기업 오너 4~5세대 유학파 점령,"국내 대학에서는 고려대 출신이 54명으로 가장 많았다. 최태원 SK그룹 회장, 정의선 현대자동차그룹 회장, 이재현 CJ그룹 회장, 박정원 두산그룹 회장 등이 고려대를 졸업했다. 서울대 출신은 50명으로 이재용...",2026-10-07 09:24,http://www.newscape.co.kr/news/articleView.html?idxno=124936,http://www.newscape.co.kr/news/articleView.html?idxno=124936
서울대학교,파이낸셜뉴스,"경북 문화산업, 세계와 연결 플랫폼으로 조성",오후 '디지털·인공지능'(AI) 분과에서는 이교구 서울대 교수 등이 창작자·산업·제도의 공존 방안을 짚는다. '역사·문화' 분과에서는 앤디 프랫 교수 등이 지속 가능한 미래를 주제로 의견을 나눈다. 외교부와 경주시는...,2026-10-07 09:24,https://www.fnnews.com/news/202610070819433699,https://n.news.naver.com/mnews/article/014/0005585917?sid=102
서울대학교,뉴스케이프,경영권 승계 전 해외로…대기업 오너 4~5세대 유학파 점령,"현대자동차그룹 회장, 이재현 CJ그룹 회장, 박정원 두산그룹 회장 등이 고려대를 졸업했다. 서울대 출신은 50명으로 이재용 삼성전자 회장, 정몽준 아산재단 이사장 등이 포함됐으며 연세대 출신은 35명으로 집계됐다.",2026-10-07 09:24,http://www.newscape.co.kr/news/articleView.html?idxno=124936,http://www.newscape.co.kr/news/articleView.html?idxno=124936
서울대학교,아시아경제,"HD현대重 등 조선·원자력 12개 기관, SMR 해양 기술 실증센터 출범","이번 협약에는 HD현대중공업과 HD한국조선해양, 한국전력기술, 현대건설, 한국선급, 현대중공업터보기계, 클래드코리아, 울산테크노파크, 울산과학기술원(UNIST), 서울대학교, 한국과학기술원(KAIST), 한양대학교 등 12개...",2026-10-07 09:24,https://view.asiae.co.kr/article/2026100709244230614,https://n.news.naver.com/mnews/article/277/0005825436?sid=101
고려대학교,점프볼,"3위 기회 잡은 경희대, PO서 중앙-고려-연세 다 피할까?",(보통 고려대 또는 연세대 출전)가 유력한 우승 후보다. 올해 서울 대표는 고려대다. 여기에 대학농구리그... 플레이오프까지 약 한 달간 준비 시간이 있는 걸 고려할 때 고려대와 연세대는 정규리그와 다른 전력이...,2026-10-07 09:23,https://m.sports.naver.com/basketball/article/065/0000302533,https://m.sports.naver.com/basketball/article/065/0000302533
연세대학교,점프볼,"3위 기회 잡은 경희대, PO서 중앙-고려-연세 다 피할까?",농구종목 남자일반부에서는 국군체육부대(상무)와 서울 대표(보통 고려대 또는 연세대 출전)가 유력한 우승 후보다. 올해 서울 대표는 고려대다. 여기에 대학농구리그 우승팀인 중앙대도 우승을 노려볼 만하다....,2026-10-07 09:23,https://m.sports.naver.com/basketball/article/065/0000302533,https://m.sports.naver.com/basketball/article/065/0000302533
서울대학교,이투데이,"한·일·대만 호르니스트 한자리에…재능문화, 혜화 마티네 진행",김홍박은 서울예술고등학교와 서울대학교를 졸업하고 오스트리아 잘츠부르크 국립음대 석사과정과 독일 베를린 국립음대 최고연주자과정을 졸업했다. 현재 서울대학교 음악대학 부교수로 재직하고 있다. 최혜민은...,2026-10-07 09:22,https://www.etoday.co.kr/news/view/2633186,https://www.etoday.co.kr/news/view/2633186
서울대학교,조선비즈,대기업 오너 4·5세 94%가 유학파…美 컬럼비아대 최다,"美 뉴욕대·코넬대 순…국내는 고려대·서울대·연세 세대별 유학파 1세대 6%→2세대 68%→3세대 79%로 높아져... 다음은 서울대 출신이 50명으로, 이재용 삼성전자 회장(동양사학), 정몽준 아산재단 이사장(경제학)...",2026-10-07 09:22,https://biz.chosun.com/industry/company/2026/10/07/A7DTRB2H4ZCO7HAMZBR55JQJWY/?utm_source=naver&utm_medium=original&utm_campaign=biz,https://n.news.naver.com/mnews/article/366/0001196511?sid=101
고려대학교,조선비즈,대기업 오너 4·5세 94%가 유학파…美 컬럼비아대 최다,"오너 일가가 가장 많이 다닌 대학은 국내에서는 고려대, 해외에서는 미국 컬럼비아대였다. 유학 형태도 달라졌다. 1~3세대는 국내 대학에서 학사 학위를 취득한 뒤 외국에서 MBA 등 석·박사 과정을 밟은 경우가...",2026-10-07 09:22,https://biz.chosun.com/industry/company/2026/10/07/A7DTRB2H4ZCO7HAMZBR55JQJWY/?utm_source=naver&utm_medium=original&utm_campaign=biz,https://n.news.naver.com/mnews/article/366/0001196511?sid=101
연세대학교,이로운넷,"한국 중성미자 연구, 20년의 성과와 남은 숙제",김충선 연세대 명예교수는 1988년 위스콘신대 매디슨에서 할젠 교수의 지도로 박사학위를 받았다. 예산과... 정부와 대학을 찾아다니는 모습이 30대 같았다고 회상했다. 센서가 얼음 속 푸른 체렌코프 빛을 잡아낸...,2026-10-07 09:20,https://www.eroun.net/news/articleView.html?idxno=91736,https://www.eroun.net/news/articleView.html?idxno=91736
연세대학교,의학신문,의료기기 실증센터 7곳 중 5곳 수도권? 지역 인프라 격차,정부가 의료기기 전문인력 양성을 위해 지정한 특성화대학원은 연세대·성균관대·동국대 등 3곳으로 모두 서울에 위치했다. 반면 해외 주요국은 의료기기 연구·실증 인프라를 여러 지역에 분산하고 있다. 미국은...,2026-10-07 09:20,https://www.bosa.co.kr/news/articleView.html?idxno=3013416,https://www.bosa.co.kr/news/articleView.html?idxno=3013416
고려대학교,파이낸셜포스트,"김동현 고대안암병원 교수 총책임 'RCI001', 국내 임상 2상 계획 승인",김동현 고려대 안암병원 안과 교수가 개발 총책임을 맡은 안구건조증 신약 후보물질 'RCI001'의 국내 임상... 고려대 안암병원은 루다큐어와 한림제약이 공동 개발 중인 RCI001이 식품의약품안전처로부터 국내 임상 2상...,2026-10-07 09:20,https://www.financialpost.co.kr/news/articleView.html?idxno=279048,https://www.financialpost.co.kr/news/articleView.html?idxno=279048
서울대학교,이로운넷,"한국 중성미자 연구, 20년의 성과와 남은 숙제","김수봉 서울대 교수팀이 120억 원 규모로 시작한 이 실험에서 중국이 논문을 3주 먼저 냈지만, 한국 결과도... 하이퍼카미오칸데 한국 협력단 대표인 유종희 서울대 교수는 12억 원으로는 처음 약속한 전자장비를...",2026-10-07 09:20,https://www.eroun.net/news/articleView.html?idxno=91736,https://www.eroun.net/news/articleView.html?idxno=91736
연세대학교,청년일보,대기업 오너 4·5세대 94% '유학파'…컬럼비아대 출신 '최다',"오너 일가 유학 비중 세대 낮아질수록 증가…1세대 5.9%→4·5세대 93.9% 국내 대학 고려대·서울대·연세대 순... 조현준 효성그룹 회장, 홍정혁 BGF 사장 등이 이름을 올렸다. 컬럼비아대학교 캠퍼스. [사진=연합뉴스]",2026-10-07 09:18,https://www.youthdaily.co.kr/news/article.html?no=228024,https://www.youthdaily.co.kr/news/article.html?no=228024
서울대학교,청년일보,대기업 오너 4·5세대 94% '유학파'…컬럼비아대 출신 '최다',"오너 일가 유학 비중 세대 낮아질수록 증가…1세대 5.9%→4·5세대 93.9% 국내 대학 고려대·서울대·연세대 순... 조현준 효성그룹 회장, 홍정혁 BGF 사장 등이 이름을 올렸다. 컬럼비아대학교 캠퍼스. [사진=연합뉴스]",2026-10-07 09:18,https://www.youthdaily.co.kr/news/article.html?no=228024,https://www.youthdaily.co.kr/news/article.html?no=228024
서울대학교,헤럴드경제,이창용 전 총재 “연봉 1.5억 화이트칼라가 열심히 일해야 나라 발전”...,"7일 금융권에 따르면 전날 오삼일 한국은행 조사국 고용연구팀장은 서울대 국가미래전략원 인구클러스터가 서울대 우석경제관에서 개최한 ‘인구·AI 대전환 시대, 얼마나 어떻게 일할 것인가’ 포럼에서 이런 내용의...",2026-10-07 09:18,https://biz.heraldcorp.com/article/10895062?ref=naver,https://n.news.naver.com/mnews/article/016/0002706226?sid=102
고려대학교,청년일보,대기업 오너 4·5세대 94% '유학파'…컬럼비아대 출신 '최다',"오너 일가 유학 비중 세대 낮아질수록 증가…1세대 5.9%→4·5세대 93.9% 국내 대학 고려대·서울대·연세대 순... 조현준 효성그룹 회장, 홍정혁 BGF 사장 등이 이름을 올렸다. 컬럼비아대학교 캠퍼스. [사진=연합뉴스]",2026-10-07 09:18,https://www.youthdaily.co.kr/news/article.html?no=228024,https://www.youthdaily.co.kr/news/article.html?no=228024
서울대학교,쿠키뉴스,"“문화로 세계 잇는다”…경북도, 경주서 ‘포스트 APEC’ 본격화","8일 개막식에서는 피에르 루이지 사코 이탈리아 단눈치오 키에티 페스카라대학교 교수와 앤디 프랫 영국... 이교구 서울대 교수 등이 창작자·산업·제도의 공존 방안을 모색하고, 앤디 프랫 교수 등은 지속 가능한...",2026-10-07 09:16,https://www.kukinews.com/article/view/kuk202610070026,https://www.kukinews.com/article/view/kuk202610070026
서울대학교,전자신문,"'QS·THE 순위 상승세 잇는다'…전남대-클래리베이트, 글로벌 연구경쟁...",전남대학교(총장 이근배)는 글로벌 연구정보·분석 기업 업 클래리베이트(Clarivate)와 협력해 데이터 기반... 이른바 '서울대 10개 만들기'의 취지와도 맞닿아 있다. 전남대는 연구의 글로벌 경쟁력과 국제적 위상을...,2026-10-07 09:16,https://www.etnews.com/20261007000033,https://n.news.naver.com/mnews/article/030/0003472827?sid=102
고려대학교,주간한국,"김동현 고려대 교수 개발 총괄 안구건조증 신약, 국내 임상 2상 승인",김동현 고려대 안암병원 안과 교수. 사진=고대안암병원  고려대학교 안암병원은 김동현 안과 교수가 개발 총책임을 맡고 있는 안구건조증 신약 후보물질 'RCI001'이 지난달 22일 식품의약품안전처로부터 국내...,2026-10-07 09:14,https://weekly.hankooki.com/news/articleView.html?idxno=7187702,https://weekly.hankooki.com/news/articleView.html?idxno=7187702
서울대학교,스타뉴스,"대한핸드볼협회, '찾아가는 핸볼 교실' 성료→전국 50개교 2천여 명 참여","오는 11월 28일 서울대학교 관악캠퍼스 체육관에서 학생과 학부모, 교원이 함께하는 '제5회 핸볼 페스티벌'이 열린다. 신한금융그룹의 후원으로 다양한 체험 프로그램과 이벤트가 마련돼 화합의 장을 이룰 전망이다. 이어...",2026-10-07 09:14,https://www.starnewskorea.com/sports/2026/10/07/2026100709114554588,https://m.sports.naver.com/general/article/108/0003476589
고려대학교,노컷뉴스,박경리 탄생 100주년 특별상 '우리이음상'…첫 수상자 안톤 허,스웨덴 스톡홀름에서 태어난 그는 고려대에서 법학과 심리학을 전공하고 서울대 대학원에서 빅토리아 시대 시를 공부했다. GKL 한국문학번역상과 홍진기 창조인상 등을 받았으며 더블린 문학상과 국제 부커상...,2026-10-07 09:12,https://www.nocutnews.co.kr/news/6587917?utm_source=naver&utm_medium=article&utm_campaign=20261007091121,https://n.news.naver.com/mnews/article/079/0004196252?sid=103
서울대학교,노컷뉴스,박경리 탄생 100주년 특별상 '우리이음상'…첫 수상자 안톤 허,스웨덴 스톡홀름에서 태어난 그는 고려대에서 법학과 심리학을 전공하고 서울대 대학원에서 빅토리아 시대 시를 공부했다. GKL 한국문학번역상과 홍진기 창조인상 등을 받았으며 더블린 문학상과 국제 부커상...,2026-10-07 09:12,https://www.nocutnews.co.kr/news/6587917?utm_source=naver&utm_medium=article&utm_campaign=20261007091121,https://n.news.naver.com/mnews/article/079/0004196252?sid=103
서울대학교,연합뉴스,"HD현중 등 조선·원자력 12개 기관, SMR 해양기술실증센터 출범","이 실증센터에는 HD현대중공업, HD한국조선해양, 한국전력기술, 현대건설, 한국선급, 현대중공업터보기계, 클래드코리아, 울산테크노파크, 울산과학기술원, 서울대학교, 한국과학기술원(KAIST), 한양대학교 등 12개...",2026-10-07 09:10,https://www.yna.co.kr/view/AKR20261007037900057?input=1195m,https://n.news.naver.com/mnews/article/001/0016361372?sid=101
연세대학교,연합뉴스,"원주시, 하반기 대학생 학자금 10만원 지원","지역 대학생의 학업 부담을 덜고 지역 정착을 돕기 위해 하반기 학자금 10만원을 지원한다고 7일 밝혔다. 지원 대상은 강원대학교 원주캠퍼스와 경동대학교 메디컬캠퍼스, 상지대학교, 연세대학교 미래캠퍼스...",2026-10-07 09:08,https://www.yna.co.kr/view/AKR20261007036400062?input=1195m,https://n.news.naver.com/mnews/article/001/0016361365?sid=102
연세대학교,연합뉴스,"원주시, 학생비만 예방·건강격차 해소 4자 협력체계 구축","교육지원청·비만학회·연세대 연구소와 협약…건강증진 사업 추진 임보연 기자 강원 원주시가 교육·의료... 원주시보건소는 원주교육지원청, 대한비만학회 소아청소년위원회, 연세대학교 의료복지연구소와 4자...",2026-10-07 09:07,https://www.yna.co.kr/view/AKR20261007035600062?input=1195m,https://n.news.naver.com/mnews/article/001/0016361363?sid=103
연세대학교,이코노믹포스트,대기업 오너 4·5세 94%는 유학파 … 美 컬럼비아대 '최다',"오너 일가 출신 대학은 국내의 경우 고려대가 54명으로 가장 많았고, 이어 서울대(50명), 연세대(35명)가 뒤를 이었다. 해외는 미국 컬럼비아대(22명), 뉴욕대(18명), 코넬대(16명) 순으로 나타났다. 7일 기업데이터연구소...",2026-10-07 09:06,http://www.efnews.co.kr/news/articleView.html?idxno=132923,http://www.efnews.co.kr/news/articleView.html?idxno=132923
고려대학교,이코노믹포스트,대기업 오너 4·5세 94%는 유학파 … 美 컬럼비아대 '최다',"오너 일가 출신 대학은 국내의 경우 고려대가 54명으로 가장 많았고, 이어 서울대(50명), 연세대(35명)가 뒤를 이었다. 해외는 미국 컬럼비아대(22명), 뉴욕대(18명), 코넬대(16명) 순으로 나타났다. 7일 기업데이터연구소...",2026-10-07 09:06,http://www.efnews.co.kr/news/articleView.html?idxno=132923,http://www.efnews.co.kr/news/articleView.html?idxno=132923
서울대학교,한국강사신문,"노작홍사용문학관, 권영민·김신정 문학평론가 초청 문학특강 개최","권 평론가는 대한민국예술원 회원이자 서울대학교 국어국문학과 명예교수로, 한국 현대문학사의 체계를... 오후 7시에는 김신정 한국방송통신대학교 국어국문학과 교수가 '윤동주의 오래된 노트―원고노트에 담긴 시와...",2026-10-07 09:06,https://www.lecturernews.com/news/articleView.html?idxno=211626,https://www.lecturernews.com/news/articleView.html?idxno=211626
서울대학교,이코노믹포스트,대기업 오너 4·5세 94%는 유학파 … 美 컬럼비아대 '최다',"오너 일가 출신 대학은 국내의 경우 고려대가 54명으로 가장 많았고, 이어 서울대(50명), 연세대(35명)가... 서울대 출신(50명)은 이재용 삼성전자 회장(동양사학), 정몽준 아산재단 이사장(경제학), 김범수 카카오...",2026-10-07 09:06,http://www.efnews.co.kr/news/articleView.html?idxno=132923,http://www.efnews.co.kr/news/articleView.html?idxno=132923
서울대학교,한경매거진,김성환 “2030년 재생에너지 100GW 가능” [ESG 뉴스 5],이창용 서울대 특임교수가 주 52시간 근무 상한제가 저소득층의 소득을 줄이고 일부 기업의 생산성을 떨어뜨렸다는 연구 결과를 내놨다. 이 특임교수는 6일 서울대 국가미래전략원 포럼에서 오삼일 한국은행 조사국...,2026-10-07 09:03,https://magazine.hankyung.com/business/article/202610077225b,https://n.news.naver.com/mnews/article/050/0000111714?sid=101
연세대학교,SR타임스,국내 오너 일가 졸업 대학 고려대 1위…서울대·연세대 뒤이어,"국내 오너 일가의 대학이 고려대, 서울대, 연세대 순으로 많은 것으로 나타났다. CEO스코어가 7일 조사한 결과에 따르면 오너 일가 출신 대학은 고려대가 54명으로 가장 많은 것으로 조사됐다. 고려대 출신 오너 일가는...",2026-10-07 09:02,http://www.srtimes.kr/news/articleView.html?idxno=214117,http://www.srtimes.kr/news/articleView.html?idxno=214117
고려대학교,SR타임스,국내 오너 일가 졸업 대학 고려대 1위…서울대·연세대 뒤이어,"국내 오너 일가의 대학이 고려대, 서울대, 연세대 순으로 많은 것으로 나타났다. CEO스코어가 7일 조사한 결과에 따르면 오너 일가 출신 대학은 고려대가 54명으로 가장 많은 것으로 조사됐다. 고려대 출신 오너 일가는...",2026-10-07 09:02,http://www.srtimes.kr/news/articleView.html?idxno=214117,http://www.srtimes.kr/news/articleView.html?idxno=214117
서울대학교,SBS,"""커피 들고 오면 광탈입니다""…논란 부른 면접관의 진짜 속마음 [스프]","곽금주 | 서울대 심리학과 명예교수 그 사람의 그 성향이라든지 근면성, 성실성, 어느 정도 열정을 가지고... 곽금주 | 서울대 심리학과 명예교수 우리나라에서는 조금 아닌 것 같다는 생각이 들어요. 어떤 회사냐에 따라서...",2026-10-07 09:02,https://news.sbs.co.kr/news/endPage.do?news_id=N1008784648&plink=ORI&cooper=NAVER,https://n.news.naver.com/mnews/article/055/0001393648?sid=104
연세대학교,한스경제,"[단독 인터뷰] ""행복한 완벽주의자"" 30승 뒤 신지애가 꺼낸 이야기","'네 명의 완벽주의자'라는 책인데요."" 이동귀 연세대 심리학과 교수 등이 쓴 '네 명의 완벽주의자'는 완벽주의를 무조건 버려야 할 성향으로 보지 않는다. 높은 기준과 성취 욕구는 성장의 동력이 될 수 있지만, 실수에...",2026-10-07 09:02,http://www.hansbiz.co.kr/news/articleView.html?idxno=870614,http://www.hansbiz.co.kr/news/articleView.html?idxno=870614
서울대학교,SR타임스,국내 오너 일가 졸업 대학 고려대 1위…서울대·연세대 뒤이어,"국내 오너 일가의 대학이 고려대, 서울대, 연세대 순으로 많은 것으로 나타났다. CEO스코어가 7일 조사한... 서울대 출신(50명)은 이재용 삼성전자 회장(동양사학), 정몽준 아산재단 이사장(경제학), 김범수 카카오...",2026-10-07 09:02,http://www.srtimes.kr/news/articleView.html?idxno=214117,http://www.srtimes.kr/news/articleView.html?idxno=214117
서울대학교,메디소비자뉴스,"강스템바이오텍, 혈관·면역 통합 차세대 피부 오가노이드 개발","강경선 서울대 교수 겸 강스템바이오텍 최고과학자(CSO) 연구팀은 피부 오가노이드에 혈관 오가노이드를 결합해 이 문제를 해결했다. 이를 통해 표피·진피 구조뿐만 아니라 모낭, 신경 관련 구조, 혈관...",2026-10-07 09:02,http://www.medisobizanews.com/news/articleView.html?idxno=142887,http://www.medisobizanews.com/news/articleView.html?idxno=142887
서울대학교,조선비즈,과기정통부·AI 기업 만난 리사 수 AMD 회장 “연구자 수백 명 채용”…...,연내 AI 연구센터 설립 추진… 망고부스트·서울대와도 협력 AMD CPU·GPU에 국산 NPU 결합… 내년 실증 사업... 수 회장은 이날 오전 서울 종로구 포시즌스 호텔 서울에서 류제명 과학기술정보통신부 2차관과 면담한 뒤...,2026-10-07 09:00,https://biz.chosun.com/it-science/ict/2026/10/07/YTYJKL2W7ZGBPLGH3GTHRGXOFE/?utm_source=naver&utm_medium=original&utm_campaign=biz,https://n.news.naver.com/mnews/article/366/0001196496?sid=105
서울대학교,조선일보,[서동인의 커리業] 스마트폰 압수가 실패하는 이유,"◇ 서울대생들은 의지로 버티지 않는다 그렇다면 잘 해내는 아이들은 무엇이 다를까. 필자는 대학에서 학생들을 가르치며 이 질문을 자주 던져봤다. 고등학교 때 폰은 어떻게 했느냐고 물으면, 솔직히 ""참았다""는 답이 나올...",2026-10-07 09:00,https://edu.chosun.com/site/data/html_dir/2026/10/02/2026100280026.html,https://edu.chosun.com/site/data/html_dir/2026/10/02/2026100280026.html
서울대학교,머니투데이,"피지컬 AI부터 초소형 원자로까지… 서울대, 16일 테크 IR 데이 개최",서울대학교 유망 딥테크 스타트업들이 기관 투자자들을 상대로 본격적인 투자 유치에 나선다. 로봇과 AI... 서울대학교 창업지원단은 오는 10월 16일(금) 오후 1시 30분부터 서울대 관악캠퍼스 교수회관 2층...,2026-10-07 09:00,https://www.mt.co.kr/future/2026/10/07/2026100707301848082,https://n.news.naver.com/mnews/article/008/0005422987?sid=101
고려대학교,국제뉴스,"박승원 시장 ""재정분권 필요""…지방정부 자율성 강조","이어 송창석 (사)자치분권연구소 이사장이 좌장을 맡고 정창수 서울 강북구청장, 이재은 경기대학교 명예교수, 이재준 전 경기 고양시장, 류양훈 고려대학교 겸임교수가 토론에 참여했다. 정 강북구청장은 국고보조사업의...",2026-10-07 09:00,https://www.gukjenews.com/news/articleView.html?idxno=3714607,https://www.gukjenews.com/news/articleView.html?idxno=3714607
고려대학교,SEOULTIMES,[뉴스 앤 데이터] 대기업 오너 4·5세 10명 중 9명 유학파…학부부터 해...,"CEO스코어, 공시대상기업집단 오너 일가 출신 대학 현황 조사 4·5세 49명 중 46명 해외서 공부…1세대 유학 경험자는 5.9% 유학파 71.7% 해외 대학서 학사 시작…컬럼비아대 22명 최다 국내 대학은 고려대 54명 1위...",2026-10-07 09:00,https://www.seoultimes.news/news/article.html?no=2000100601,https://www.seoultimes.news/news/article.html?no=2000100601
서울대학교,SEOULTIMES,[뉴스 앤 데이터] 대기업 오너 4·5세 10명 중 9명 유학파…학부부터 해...,7% 해외 대학서 학사 시작…컬럼비아대 22명 최다 국내 대학은 고려대 54명 1위…서울대 50명·연세대 35명 [서울타임즈뉴스 = 서연옥 기자] 대기업 오너 일가 4·5세대는 10명 중 9명 이상이 해외에서 공부한 것으로...,2026-10-07 09:00,https://www.seoultimes.news/news/article.html?no=2000100601,https://www.seoultimes.news/news/article.html?no=2000100601
서울대학교,머니투데이,딥테크 스타트업 성장거점 '디노랩 테크센터'…연합 생태계로 확장,""" 김준학 관악중소벤처진흥원 원장은 6일 서울 관악구 디노랩 테크센터에서 열린 '디노랩 테크센터 파트너스... 관악구청, 서울대 캠퍼스타운, 서울대기술지주, 네이버클라우드, 한국성장금융과 △프렌드투자파트너스...",2026-10-07 09:00,https://www.mt.co.kr/future/2026/10/08/2026100700145722549,https://n.news.naver.com/mnews/article/008/0005422988?sid=101
연세대학교,SEOULTIMES,[뉴스 앤 데이터] 대기업 오너 4·5세 10명 중 9명 유학파…학부부터 해...,7% 해외 대학서 학사 시작…컬럼비아대 22명 최다 국내 대학은 고려대 54명 1위…서울대 50명·연세대 35명 [서울타임즈뉴스 = 서연옥 기자] 대기업 오너 일가 4·5세대는 10명 중 9명 이상이 해외에서 공부한 것으로...,2026-10-07 09:00,https://www.seoultimes.news/news/article.html?no=2000100601,https://www.seoultimes.news/news/article.html?no=2000100601
연세대학교,KOREADAILY,"이대역 마포 프론티어, 2차 임차인 모집…전용 49~74㎡ 647가구 계획","이화여자대학교와 서강대학교를 비롯해 연세대학교, 홍익대학교 등 서울 서북권 주요 대학도 인접해 있다. 생활편의시설은 현대백화점 신촌점과 대형마트, 전통시장 등을 이용할 수 있으며 세브란스병원 등 의료시설도...",2026-10-07 09:00,https://www.koreadaily.com/article/20261006170005884,https://www.koreadaily.com/article/20261006170005884
고려대학교,BTNNEWS,"강화 전등사, 삼랑성축제 학술대회‥세계유산 가치·서운대종사 사상 조...","지난 4일 전등사 역사문화교육관에서 열린 학술대회에서는 전등사 주지 지불스님이 '전등사의 불교미술과 문화유산 가치'를 발표한 데 이어, 고려대 류성룡 교수가 '사적 삼랑성과 전등사', 동국대 조성금 교수가...",2026-10-07 08:58,https://www.btnnews.tv/news/articleView.html?idxno=91872,https://www.btnnews.tv/news/articleView.html?idxno=91872
연세대학교,데일리메디,명지병원 '간호·간병 피지컬 AI' 첫발,"최근에는 간병 돌봄 로봇을 비롯한 헬스케어 AI 로봇 기술에 집중하고 있으며, 국내 연구 파트너로는 연세대 기계공학과 송순호 교수팀이 같이하고 있다. 명지병원은 지난 6일 오후 라보로 AI와 ‘피지컬 AI 기반 병원환경...",2026-10-07 08:56,https://www.dailymedi.com/news/news_view.php?wr_id=941164,https://www.dailymedi.com/news/news_view.php?wr_id=941164
서울대학교,중소기업신문,"고려아연, 故 최창걸 명예회장 1주기 추모",고려아연이 6일 서울 종로구에 위치한 본사에서 최창걸 명예회장 1주기 추모식을 엄수했다. 고려아연이 고... 1960년 경기고등학교 졸업 후 서울대학교 상과대학 경제학과 학사와 미국 컬럼비아대학교 경영대학원에서...,2026-10-07 08:54,http://www.smedaily.co.kr/news/articleView.html?idxno=364253,http://www.smedaily.co.kr/news/articleView.html?idxno=364253
서울대학교,SR타임스,"보증금 단돈 100만원에 풀옵션…LH, '기숙사형 전세임대' 500호 전국 공모",특히 LH와 서울대가 건물 임대인과 상생 협약을 맺고 월세를 최대한 전세보증금으로 전환해 학생들의 실질적인 매월 임대료 부담을 낮췄다. 이러한 성공적인 협력 모델을 바탕으로 LH는 전국 지자체와 대학교를 대상으로...,2026-10-07 08:52,http://www.srtimes.kr/news/articleView.html?idxno=214114,http://www.srtimes.kr/news/articleView.html?idxno=214114
연세대학교,EBN 산업경제,대기업 오너 4·5세 94% 유학파…컬럼비아대 최다,등이 연세대를 졸업했다. 오너 일가의 학력 경로가 세대별로 뚜렷하게 달라지면서 경영 승계 과정에서도 글로벌 교육 경험의 비중이 커지고 있다는 분석이 나온다. 특히 4·5세대로 갈수록 해외 대학 학부 과정부터...,2026-10-07 08:52,https://www.ebn.co.kr/news/articleView.html?idxno=1726921,https://www.ebn.co.kr/news/articleView.html?idxno=1726921
연세대학교,세정일보,'박소영 세무사의 끌리는 특강' 이번에는 과천도시공사 임직원 200명 대...,"연세대 경영전문대학원 MBA를 취득했으며, 현재 사업가·자산가 절세컨설팅과 가족 자산설계를 전문으로 하고 있다. 박 세무사가 전한 메시지는 분명하다. 세금을 아끼는 데서 멈추지 말고, 아낀 돈에 시간을 더해...",2026-10-07 08:52,https://www.sejungilbo.com/news/articleView.html?idxno=60462,https://www.sejungilbo.com/news/articleView.html?idxno=60462
고려대학교,EBN 산업경제,대기업 오너 4·5세 94% 유학파…컬럼비아대 최다,"국내 대학 중에서는 고려대 출신 오너 일가가 54명으로 가장 많았다. 최태원 SK그룹 회장과 정의선 현대자동차그룹 회장, 허창수 GS그룹 회장, 이재현 CJ그룹 회장, 박정원 두산그룹 회장, 박현주 미래에셋그룹 회장...",2026-10-07 08:52,https://www.ebn.co.kr/news/articleView.html?idxno=1726921,https://www.ebn.co.kr/news/articleView.html?idxno=1726921
서울대학교,EBN 산업경제,대기업 오너 4·5세 94% 유학파…컬럼비아대 최다,"서울대 출신은 50명으로 뒤를 이었다. 이재용 삼성전자 회장과 정몽준 아산재단 이사장, 김범수 카카오 미래이니셔티브센터 센터장, 구본준 LX홀딩스 회장 등이 포함됐다. 연세대 출신은 35명으로 집계됐다. 장형진...",2026-10-07 08:52,https://www.ebn.co.kr/news/articleView.html?idxno=1726921,https://www.ebn.co.kr/news/articleView.html?idxno=1726921
연세대학교,이뉴스투데이,[원주소식] 미국 수출 85만 달러 협약…중소기업 판로 확대 등,"지원 대상은 원주시에 전입신고를 마친 강원대 원주캠퍼스, 경동대 메디컬캠퍼스, 상지대, 연세대 미래캠퍼스, 한라대 등 관내 5개 대학 재학생이다. 신청 마감일 기준 한 달 전인 오는 13일까지 전입신고를 완료한...",2026-10-07 08:50,http://www.enewstoday.co.kr/news/articleView.html?idxno=2477587,http://www.enewstoday.co.kr/news/articleView.html?idxno=2477587
고려대학교,뉴스1,"""점수 줄 세우기 끝나고 생각의 깊이 본다""…2028년도 대학입시의 새 기...","의예과 역시 대학마다 선발 방식이 달라 서울대는 정시에서도 면접을 점수화하고, 연세대는 단계별 평가를 도입하며, 고려대는 결격 여부를 따지는 인·적성 면접을 실시한다. 저자는 해법으로 초등학교 3학년부터...",2026-10-07 08:49,https://www.news1.kr/life-culture/book/6312215,https://n.news.naver.com/mnews/article/421/0009213250?sid=103
연세대학교,뉴스1,"""점수 줄 세우기 끝나고 생각의 깊이 본다""…2028년도 대학입시의 새 기...","의예과 역시 대학마다 선발 방식이 달라 서울대는 정시에서도 면접을 점수화하고, 연세대는 단계별 평가를 도입하며, 고려대는 결격 여부를 따지는 인·적성 면접을 실시한다. 저자는 해법으로 초등학교 3학년부터...",2026-10-07 08:49,https://www.news1.kr/life-culture/book/6312215,https://n.news.naver.com/mnews/article/421/0009213250?sid=103
서울대학교,뉴스1,"""점수 줄 세우기 끝나고 생각의 깊이 본다""…2028년도 대학입시의 새 기...","이 책은 서울대가 새로 도입하는 역량평가 면접을 비롯해 대학별 선발 구조를 낱낱이 파헤친다. 서울대 일반전형은 서류 50%와 면접 50%로 선발하고, 지역균형전형은 서류 70%와 면접 30%를 반영한다. 의예과 역시 대학마다...",2026-10-07 08:49,https://www.news1.kr/life-culture/book/6312215,https://n.news.naver.com/mnews/article/421/0009213250?sid=103
고려대학교,이데일리,대기업 오너 4·5세 94% 유학파…10명 중 7명 해외서 학부,"국내 대학 중에서는 고려대 출신이 54명으로 가장 많았다. 서울대가 50명, 연세대가 35명, 이화여대가 26명으로 뒤를 이었다. 해외 대학 가운데서는 미국 컬럼비아대 출신이 22명으로 최다였다. 뉴욕대가 18명...",2026-10-07 08:48,https://www.edaily.co.kr/News/Read?newsId=02860166645610624&mediaCodeNo=257&utm_source=naver&utm_medium=referral&utm_campaign=news_syndication&utm_content=original_article,https://n.news.naver.com/mnews/article/018/0006382664?sid=101
연세대학교,이데일리,대기업 오너 4·5세 94% 유학파…10명 중 7명 해외서 학부,"서울대가 50명, 연세대가 35명, 이화여대가 26명으로 뒤를 이었다. 해외 대학 가운데서는 미국 컬럼비아대 출신이 22명으로 최다였다. 뉴욕대가 18명, 코넬대가 16명, 스탠퍼드대가 15명으로 집계됐다. 하버드대와...",2026-10-07 08:48,https://www.edaily.co.kr/News/Read?newsId=02860166645610624&mediaCodeNo=257&utm_source=naver&utm_medium=referral&utm_campaign=news_syndication&utm_content=original_article,https://n.news.naver.com/mnews/article/018/0006382664?sid=101
서울대학교,이데일리,대기업 오너 4·5세 94% 유학파…10명 중 7명 해외서 학부,"서울대가 50명, 연세대가 35명, 이화여대가 26명으로 뒤를 이었다. 해외 대학 가운데서는 미국 컬럼비아대 출신이 22명으로 최다였다. 뉴욕대가 18명, 코넬대가 16명, 스탠퍼드대가 15명으로 집계됐다. 하버드대와...",2026-10-07 08:48,https://www.edaily.co.kr/News/Read?newsId=02860166645610624&mediaCodeNo=257&utm_source=naver&utm_medium=referral&utm_campaign=news_syndication&utm_content=original_article,https://n.news.naver.com/mnews/article/018/0006382664?sid=101
서울대학교,위키트리,서울대 교수가 예측한 '미친 듯한 올겨울 날씨'... 정말 심상찮다,"국종성 서울대 지구환경과학부 교수가 ""올겨울 1997~1998년을 능가하는 매우 강력한 엘니뇨가 발생하지 않을까 예상하고 있다""고 말했다. 태평양 적도 바다가 유례없이 빠르게 뜨거워지면서 올해 늦가을과 초겨울 사이...",2026-10-07 08:46,https://www.wikitree.co.kr/articles/1164414,https://www.wikitree.co.kr/articles/1164414
연세대학교,NBN TV,"박영사, 사건 판단·윤리 다룬 '진실에 이르는 좋은 수사' 출간","저자 이성일은 연세대학교 법학과를 졸업하고 서울시립대학교 세무전문대학원 세무학 석사, 성균관대학교 법학전문대학원 형사법 박사 학위를 받았다. 현재는 건국대학교 법학전문대학원 형사법 교수로 재직 중이다....",2026-10-07 08:46,https://www.nbntv.co.kr/news/articleView.html?idxno=4025609,https://www.nbntv.co.kr/news/articleView.html?idxno=4025609
연세대학교,이뉴스투데이,"서울시 베테랑 공무원들이 그리는 '10년 후 서울', 미래서울 아침특강 ...","그동안 오은영 정신건강의학과 전문의와 경제 유튜버 슈카, 미국 사회학자 샘 리처드, 공경철 카이스트 교수, 김현철 연세대 의대 교수 등 국내외 각 분야 전문가들이 강연자로 나서 서울의 미래와 시정 방향에 대한...",2026-10-07 08:45,http://www.enewstoday.co.kr/news/articleView.html?idxno=2477565,http://www.enewstoday.co.kr/news/articleView.html?idxno=2477565
고려대학교,YTN,"""지금 당장 핸드폰 업데이트하세요!"" 나도 '금융 해킹' 피해자? 전문가...","■ 방송 : FM 94.5 (07:15~09:00) ■ 방송일 : 2026년 10월 07일 (수) ■ 진행 : 장성철 공론센터 소장 ■ 출연 : 김승주 고려대 정보보호대학원 교수 - 뚫린 건 핵심망보다 주변 시스템, 쌓여온 관리 공백 노출 - 당장 금융기관별...",2026-10-07 08:43,https://www.ytn.co.kr/_ln/0101_202610070843531320,https://n.news.naver.com/mnews/article/052/0002415594?sid=100
서울대학교,리걸타임즈,미국 로펌 한국계 파트너들도 로펌 이동 활발,"박 변호사는 한국에서 서울대 법대를 졸업하고 펜실베니아대 로스쿨(LLM)과 와튼스쿨을 거쳐 미국변호사가 된 케이스로, 미국으로 건너가기 전 한화석유화학 법무팀에서 근무한 경력도 있다. 박 변호사는...",2026-10-07 08:40,http://www.legaltimes.co.kr/news/articleView.html?idxno=96352,http://www.legaltimes.co.kr/news/articleView.html?idxno=96352
고려대학교,신아일보,대기업 오너 4·5세 94%가 유학파… 미국 컬럼비아대 출신 '최다',"오너 일가 출신 대학을 보면 국내 대학의 경우 고려대가 54명으로 가장 많은 오너 일가를 배출했다. 고려대 출신으로는 최태원 SK그룹 회장, 정의선 현대자동차그룹 회장, 허창수 GS그룹 회장, 이재현 CJ그룹 회장...",2026-10-07 08:40,https://www.shinailbo.co.kr/news/articleView.html?idxno=5069292,https://www.shinailbo.co.kr/news/articleView.html?idxno=5069292
연세대학교,신아일보,대기업 오너 4·5세 94%가 유학파… 미국 컬럼비아대 출신 '최다',"이어 서울대(50명), 연세대(35명), 이화여대(26명) 순으로 집계됐다. 해외 대학 중에서는 미국 컬럼비아대가 22명으로 1위를 차지했다. 신동빈 롯데그룹 회장과 신유열 롯데지주 부사장, 이경후 CJ ENM CCO, 이선호 CJ그룹...",2026-10-07 08:40,https://www.shinailbo.co.kr/news/articleView.html?idxno=5069292,https://www.shinailbo.co.kr/news/articleView.html?idxno=5069292
서울대학교,신아일보,대기업 오너 4·5세 94%가 유학파… 미국 컬럼비아대 출신 '최다',"이어 서울대(50명), 연세대(35명), 이화여대(26명) 순으로 집계됐다. 해외 대학 중에서는 미국 컬럼비아대가 22명으로 1위를 차지했다. 신동빈 롯데그룹 회장과 신유열 롯데지주 부사장, 이경후 CJ ENM CCO, 이선호 CJ그룹...",2026-10-07 08:40,https://www.shinailbo.co.kr/news/articleView.html?idxno=5069292,https://www.shinailbo.co.kr/news/articleView.html?idxno=5069292
연세대학교,의학신문,"원주의대 국제보건의료개발연구소, 'DR콩고 쾅고주 모자보건사업' 종료",연세대학교 원주의과대학 국제보건의료개발연구소(이하 연구소)는 콩고민주공화국(DR콩고) 보건부와 공동으로 10월 1일 수도 킨샤사(Cercle de Kinshasa)에서 '제3차 전략사업관리위원회(CSSP) 겸 종료보고회'를 개최했다....,2026-10-07 08:38,https://www.bosa.co.kr/news/articleView.html?idxno=3013406,https://www.bosa.co.kr/news/articleView.html?idxno=3013406
고려대학교,신아일보,"박승원 광명시장 ""지방정부 재정 자율성 높여야 실질적 지방자치""","이어 송창석 자치분권연구소 이사장을 좌장으로 정창수 서울 강북구청장, 이재은 경기대학교 명예교수, 이재준 전 경기 고양시장, 류양훈 고려대학교 겸임교수가 토론에 참여했다. 토론에서는 국고보조사업의 지방비 부담...",2026-10-07 08:36,https://www.shinailbo.co.kr/news/articleView.html?idxno=5069250,https://www.shinailbo.co.kr/news/articleView.html?idxno=5069250
고려대학교,문화일보,최태원·정의선 등 국내 대기업 오너 배출 대학 1위는 ‘이곳’,"다닌 대학교는 국내에서는 고려대, 해외에서는 미국 컬럼비아대인 것으로 나타났다. 7일 기업데이터연구소 CEO스코어가 총수가 있는 대기업집단 89곳의 오너 일가 중 학력 조사가 가능한 350명을 대상으로 출신 대학...",2026-10-07 08:35,https://www.munhwa.com/article/11621806?ref=naver,https://n.news.naver.com/mnews/article/021/0002823466?sid=101
연세대학교,문화일보,최태원·정의선 등 국내 대기업 오너 배출 대학 1위는 ‘이곳’,"국내 대기업 오너 일가가 가장 많이 다닌 대학교는 국내에서는 고려대, 해외에서는 미국 컬럼비아대인... 출신 대학을 조사한 결과 고려대가 54명으로 가장 많았다. 이어 서울대(50명), 연세대(35명), 이화여대(26명)...",2026-10-07 08:35,https://www.munhwa.com/article/11621806?ref=naver,https://n.news.naver.com/mnews/article/021/0002823466?sid=101
서울대학교,문화일보,최태원·정의선 등 국내 대기업 오너 배출 대학 1위는 ‘이곳’,"국내 대기업 오너 일가가 가장 많이 다닌 대학교는 국내에서는 고려대, 해외에서는 미국 컬럼비아대인... 이어 서울대(50명), 연세대(35명), 이화여대(26명), 컬럼비아대(22명), 뉴욕대(18명), 코넬대(16명), 스탠퍼드대...",2026-10-07 08:35,https://www.munhwa.com/article/11621806?ref=naver,https://n.news.naver.com/mnews/article/021/0002823466?sid=101
서울대학교,대구MBC,"[만평] 김형동 국민의힘 경북도당위원장 ""'서울대 10개 만들기' 선정 과...",2026년도 국회 국정감사가 시작되면서 'TK 패싱' 논란과 최근 대구MBC 보도로 드러난 한국산업단지공단의 '보고서 복붙' 국비 낭비 실태 등 대구·경북 주요 현안이 핵심 쟁점으로 떠올랐는데요. 김형동 국민의힘...,2026-10-07 08:33,https://dgmbc.com/NewsArticle/865786,https://n.news.naver.com/mnews/article/657/0000056048?sid=100
고려대학교,한경매거진,"두산은 NYU, GS는 스탠퍼드…재벌가 '단골 유학' 대학 보니","오너 일가의 국내 출신 대학은 고려대가 54명으로 가장 많았다. 서울대가 50명, 연세대 35명, 이화여대 26명으로 뒤를 이었다. 고려대 출신에는 최태원 SK그룹 회장(물리학), 정의선 현대자동차그룹 회장(경영학), 허창수...",2026-10-07 08:31,https://magazine.hankyung.com/business/article/202610077053b,https://n.news.naver.com/mnews/article/050/0000111710?sid=101
연세대학교,한경매거진,"두산은 NYU, GS는 스탠퍼드…재벌가 '단골 유학' 대학 보니","오너 일가의 국내 출신 대학은 고려대가 54명으로 가장 많았다. 서울대가 50명, 연세대 35명, 이화여대 26명으로 뒤를 이었다. 고려대 출신에는 최태원 SK그룹 회장(물리학), 정의선 현대자동차그룹 회장(경영학), 허창수...",2026-10-07 08:31,https://magazine.hankyung.com/business/article/202610077053b,https://n.news.naver.com/mnews/article/050/0000111710?sid=101
서울대학교,한경매거진,"두산은 NYU, GS는 스탠퍼드…재벌가 '단골 유학' 대학 보니","서울대가 50명, 연세대 35명, 이화여대 26명으로 뒤를 이었다. 고려대 출신에는 최태원 SK그룹 회장(물리학)... 서울대 출신으로는 이재용 삼성전자 회장(동양사학), 정몽준 아산재단 이사장(경제학), 김범수 카카오...",2026-10-07 08:31,https://magazine.hankyung.com/business/article/202610077053b,https://n.news.naver.com/mnews/article/050/0000111710?sid=101
서울대학교,뉴시안,대기업 오너 4·5세 94% '유학파'…컬럼비아대에 가장 많이 몰렸다,"# 국내 대학은 고려대·서울대·연세대 순 오너 일가의 출신 대학을 보면 국내에서는 고려대가 54명으로 가장 많았다. 이어 서울대 50명, 연세대 35명, 이화여대 26명 순이었다. 고려대 출신으로는 최태원 SK그룹 회장...",2026-10-07 08:30,http://www.newsian.co.kr/news/articleView.html?idxno=96630,http://www.newsian.co.kr/news/articleView.html?idxno=96630
고려대학교,뉴시안,대기업 오너 4·5세 94% '유학파'…컬럼비아대에 가장 많이 몰렸다,"# 국내 대학은 고려대·서울대·연세대 순 오너 일가의 출신 대학을 보면 국내에서는 고려대가 54명으로 가장 많았다. 이어 서울대 50명, 연세대 35명, 이화여대 26명 순이었다. 고려대 출신으로는 최태원 SK그룹 회장...",2026-10-07 08:30,http://www.newsian.co.kr/news/articleView.html?idxno=96630,http://www.newsian.co.kr/news/articleView.html?idxno=96630
고려대학교,이뉴스투데이,[고려대 소식] 2025년 노벨화학상 수상자 스스무 기타가와 고려대 석좌...,"이어 ""이번 행사는 기타가와 교수를 고려대 KU-KIST융합대학원 석좌교수로 모시게 된 뜻깊은 자리라는 점에서 더욱 의미가 크다""고 밝혔다. 이번 강연에서 기타가와 교수는 ""19세기가 고체, 20세기가 액체의...",2026-10-07 08:30,http://www.enewstoday.co.kr/news/articleView.html?idxno=2477483,http://www.enewstoday.co.kr/news/articleView.html?idxno=2477483
연세대학교,뉴시안,대기업 오너 4·5세 94% '유학파'…컬럼비아대에 가장 많이 몰렸다,"# 국내 대학은 고려대·서울대·연세대 순 오너 일가의 출신 대학을 보면 국내에서는 고려대가 54명으로 가장 많았다. 이어 서울대 50명, 연세대 35명, 이화여대 26명 순이었다. 고려대 출신으로는 최태원 SK그룹 회장...",2026-10-07 08:30,http://www.newsian.co.kr/news/articleView.html?idxno=96630,http://www.newsian.co.kr/news/articleView.html?idxno=96630
고려대학교,YTN,후티 공습에 현대차 공장 인근도 피격...중동 전황은 [뉴스UP],"■ 진행 : 조진혁 앵커 ■ 출연 : 김덕일 고려대 아연 중동·이슬람센터 연구위원 * 아래 텍스트는 실제 방송... 파장도 고려해야 하기 때문에 다자 간 전쟁, 확전. 이 정도까지는 번지지 않을 것으로 예상하고 있습니다....",2026-10-07 08:28,https://www.ytn.co.kr/_ln/0104_202610070828185423,https://n.news.naver.com/mnews/article/052/0002415586?sid=104
고려대학교,불교공뉴스,[탐사보도-소나무재선충병 ㉚] 안면도까지 확산…천년 안면송 숲 '방제...,고려시대부터 국가가 관리해 온 충남 태안군 안면도의 안면송(安眠松)숲 인접 지역까지 소나무재선충병이... 1999~2000년에는 고려대학교 자연환경보전연구소와 한국수목보호연구회가 공동 기초조사를 진행했다. 조사...,2026-10-07 08:28,https://www.bzeronews.com/news/articleView.html?idxno=823502,https://www.bzeronews.com/news/articleView.html?idxno=823502
고려대학교,철강금속신문,"두산로보틱스, 차세대 협동로봇·고난도 용접 자동화 기술 개발","세이지, 고려대·동국대·세종대·연세대 산학협력단 등이 참여한다. 두 번째 과제인 '협동로봇·AI 기반... 과제 기간은 45개월로, 두산로보틱스가 주관기관을, 딥엑스, 세이지, 국립창원대학교 산학협력단이...",2026-10-07 08:22,http://www.snmnews.com/news/articleView.html?idxno=575574,http://www.snmnews.com/news/articleView.html?idxno=575574
연세대학교,철강금속신문,"두산로보틱스, 차세대 협동로봇·고난도 용접 자동화 기술 개발","고려대·동국대·세종대·연세대 산학협력단 등이 참여한다. 두 번째 과제인 '협동로봇·AI 기반 지능형 용접... 과제 기간은 45개월로, 두산로보틱스가 주관기관을, 딥엑스, 세이지, 국립창원대학교 산학협력단이...",2026-10-07 08:22,http://www.snmnews.com/news/articleView.html?idxno=575574,http://www.snmnews.com/news/articleView.html?idxno=575574
연세대학교,파이낸셜포스트,신약개발 산·학·연·병 연구자 교류...'혁신신약살롱 신촌' 출범한다,"첫 모임은 오는 21일 연세대학교에서 열리며 신약개발 분야 산·학·연·병 연구자들이 참여한다. 혁신신약살롱 신촌은 오는 21일 오후 5시 연세대학교 공학원 대강당 B106에서 'OPEN INNOVATION, FIRST MEETING'을 주제로...",2026-10-07 08:22,https://www.financialpost.co.kr/news/articleView.html?idxno=279024,https://www.financialpost.co.kr/news/articleView.html?idxno=279024
고려대학교,이뉴스투데이,"고려대, 올해도 '고연전' 종합우승···5년간 무패 이어가","고려대학교(총장 김동원)가 10월 2일부터 3일까지 진행된 '2026 정기고연전'에서 3승 2패를 기록하며... 이어 연세대 윤동섭 총장은 ""연세와 고려는 오랜 역사 속에서 가장 뜨겁게 경쟁하면서 서로의 성장을 이끄는 가장...",2026-10-07 08:20,http://www.enewstoday.co.kr/news/articleView.html?idxno=2477493,http://www.enewstoday.co.kr/news/articleView.html?idxno=2477493
연세대학교,여성소비자신문,"포스코, PIMS Tech Day 개최...제18기 포스코사이언스펠로 32명 선정",이날 증서수여식에서는 서울대학교 현택환 석좌교수가 특별강연자로 나서 독창적인 연구주제를... KAIST 이승재 교수(포스코사이언스펠로 2기)와 연세대학교 서진수 교수(10기)의 공동연구가 대표적이다. 두 연구진은...,2026-10-07 08:20,http://www.wsobi.com/news/articleView.html?idxno=319284,http://www.wsobi.com/news/articleView.html?idxno=319284
연세대학교,이뉴스투데이,"고려대, 올해도 '고연전' 종합우승···5년간 무패 이어가","고려대학교(총장 김동원)가 10월 2일부터 3일까지 진행된 '2026 정기고연전'에서 3승 2패를 기록하며... 이어 연세대 윤동섭 총장은 ""연세와 고려는 오랜 역사 속에서 가장 뜨겁게 경쟁하면서 서로의 성장을 이끄는 가장...",2026-10-07 08:20,http://www.enewstoday.co.kr/news/articleView.html?idxno=2477493,http://www.enewstoday.co.kr/news/articleView.html?idxno=2477493
연세대학교,공감신문,"해외 유학파가 대세, 대기업 오너 가문의 세대별 학력 변화는?","반면 국내 대학에서는 고려대가 54명으로 가장 많은 오너 졸업생을 기록했으며, 서울대가 50명, 연세대가 35명으로 그 뒤를 따랐다. 고려대 출신으로는 SK그룹 최태원 회장과 현대차그룹 정의선 회장 등이 있으며, 서울대...",2026-10-07 08:12,https://www.gokorea.kr/news/articleView.html?idxno=880636,https://www.gokorea.kr/news/articleView.html?idxno=880636
고려대학교,공감신문,"해외 유학파가 대세, 대기업 오너 가문의 세대별 학력 변화는?","반면 국내 대학에서는 고려대가 54명으로 가장 많은 오너 졸업생을 기록했으며, 서울대가 50명, 연세대가 35명으로 그 뒤를 따랐다. 고려대 출신으로는 SK그룹 최태원 회장과 현대차그룹 정의선 회장 등이 있으며, 서울대...",2026-10-07 08:12,https://www.gokorea.kr/news/articleView.html?idxno=880636,https://www.gokorea.kr/news/articleView.html?idxno=880636
연세대학교,건강다이제스트,수술 전 8가지 정보로 '급성 신장 손상' 위험 예측…AI 모델 개발,"연세대 세브란스병원 이식외과 이주한 교수와 신장내과 김형우 교수, 연세대 의대 의생명시스템정보학교실 유승찬·김선지 교수 연구팀은 전신마취 수술 환자의 대규모 데이터를 분석해 수술 전 8가지 정보만으로...",2026-10-07 08:10,https://www.ikunkang.com/news/articleView.html?idxno=51638,https://www.ikunkang.com/news/articleView.html?idxno=51638
고려대학교,TV조선,"李 ""檢, 없는 죄 뒤집어씌워""…법조계 ""수사 지휘 중단해야""","차진아 / 고려대 법학전문대학원 교수 ""수장 내지는 그 권한대행을 국무회의에 배석시켜가지고 수사 지휘하고 있는 거거든요. 당장 이러한 것은 중지해야 된다라고 봅니다."" 공소청에 만들어지는 사건심의위원회는...",2026-10-07 08:09,https://news.tvchosun.com/site/data/html_dir/2026/10/07/2026100790032.html,https://n.news.naver.com/mnews/article/448/0000643452?sid=102
연세대학교,점프볼,“마지막은 스승이 웃어야죠” 한 번도 못 이겼는데…성균관대는 왜 결...,"올해 대학농구의 상위권은 익숙한 구도에서 벗어났다. 오랫동안 고려대와 연세대의 우승 경쟁에 관심이 쏠렸지만, 이번에는 중앙대가 16년 만에 정규리그 정상에 올랐다. 성균관대도 6일 고려대를 81-78로 꺾고 17승 3패로...",2026-10-07 08:00,https://m.sports.naver.com/basketball/article/065/0000302529,https://m.sports.naver.com/basketball/article/065/0000302529
고려대학교,바이오타임즈,"[이달의 K-바이오] 엔도로보틱스 '로보페라', 올림푸스 타고 美 진출…...",기술의 출발점은 대학 연구였다. 김병곤 엔도로보틱스 대표와 고려대학교 홍대희 교수 연구팀은 2012년부터... 2026년 '비디오GIE'에는 미국 플로리다주 올랜도의 어드벤트헬스 중재내시경센터와 스탠퍼드대학교 소속...,2026-10-07 08:00,https://www.biotimes.co.kr/news/articleView.html?idxno=34979,https://www.biotimes.co.kr/news/articleView.html?idxno=34979
고려대학교,점프볼,“마지막은 스승이 웃어야죠” 한 번도 못 이겼는데…성균관대는 왜 결...,"올해 대학농구의 상위권은 익숙한 구도에서 벗어났다. 오랫동안 고려대와 연세대의 우승 경쟁에 관심이 쏠렸지만, 이번에는 중앙대가 16년 만에 정규리그 정상에 올랐다. 성균관대도 6일 고려대를 81-78로 꺾고 17승 3패로...",2026-10-07 08:00,https://m.sports.naver.com/basketball/article/065/0000302529,https://m.sports.naver.com/basketball/article/065/0000302529
연세대학교,건강다이제스트,[이후경의 마음처방전]억울한 일을 당했을 때 위로의 처방 3가지,"연세대 의과대학과 동대학원을 거쳐 정신건강의학과 전문의를 취득하고, 연세대 경영대학원과 중앙대에서 경영학을 전공했다. 2014년부터 2020년까지 7년 동안 경제주간지 『중앙 이코노미스트』 칼럼리스트로 활동했다....",2026-10-07 08:00,https://www.ikunkang.com/news/articleView.html?idxno=51440,https://www.ikunkang.com/news/articleView.html?idxno=51440
