대학,언론사,기사 제목,기사 요약,발행시각,언론사 링크,네이버 링크
연세대학교,서울신문,김성중 인천시 행정부시장 취임…4개월 공백 해소,"목표가 차질 없이 실현될 수 있도록 성심껏 보좌하겠다”고 밝혔다. 1967년생인 김 부시장은 연세대 행정학과를 졸업한 뒤 서울대 행정대학원에서 행정학 석사, 영국 엑서터대에서 공공행정학 석사 학위를 받았다.",2026-09-28 10:58,https://www.seoul.co.kr/news/publicnews/2026/09/28/20260928500058?wlog_tag3=naver,https://n.news.naver.com/mnews/article/081/0003683909?sid=100
서울대학교,CHUNGNAMILBO,"[의료 칼럼] 통증 너머, 다시 일상으로…정확한 진단에서 시작되는 관절...",김 대표원장은 충남대학교병원에서 정형외과 전문의 과정을 거친 뒤 관절 질환과 외상 환자를 진료해 왔으며... 영상의학과 박주영 원장은 서울대 교수로 근무한 경험을 바탕으로 영상검사와 관련한 진료를 담당하며...,2026-09-28 10:58,http://www.chungnamilbo.co.kr/news/articleView.html?idxno=911870,http://www.chungnamilbo.co.kr/news/articleView.html?idxno=911870
서울대학교,서울신문,김성중 인천시 행정부시장 취임…4개월 공백 해소,"목표가 차질 없이 실현될 수 있도록 성심껏 보좌하겠다”고 밝혔다. 1967년생인 김 부시장은 연세대 행정학과를 졸업한 뒤 서울대 행정대학원에서 행정학 석사, 영국 엑서터대에서 공공행정학 석사 학위를 받았다.",2026-09-28 10:58,https://www.seoul.co.kr/news/publicnews/2026/09/28/20260928500058?wlog_tag3=naver,https://n.news.naver.com/mnews/article/081/0003683909?sid=100
고려대학교,프레시안,이지성 전북자치도 행정부지사 취임…“원팀 행정으로 체감 성과 창출”,1975년 전북 고창에서 태어난 이 부지사는 전주고와 고려대 행정학과를 졸업하고 KDI 국제정책대학원에서 공공정책학 석사학위를 취득했다. 1999년 지방고시 4회(행정고시 42회)로 공직에 입문한 그는 전주시 덕진구청장...,2026-09-28 10:57,https://www.pressian.com/pages/articles/2026092810554109180?utm_source=naver&utm_medium=search,https://n.news.naver.com/mnews/article/002/0002458397?sid=102
고려대학교,메디칼타임즈,"고대안암병원, 소아 응급진료 역량 강화에 박차","고려대학교 안암병원이 소아응급환자 진료를 위한 역량강화에 박차를 가하고 있다. 고려대 안암병원은... 특히 소아는 성인과 질환의 양상이나 증상 표현, 치료 과정이 다른 경우가 많아 연령과 상태를 고려한 세심한...",2026-09-28 10:56,https://www.medicaltimes.com/Main/News/NewsView.html?ID=1170895&ref=naverpc,https://www.medicaltimes.com/Main/News/NewsView.html?ID=1170895&ref=naverpc
서울대학교,INCHEONILBO,"성남시, MICE·건강도시·친환경·노인복지 '4대 맞춤 시정' 속도","서울대 김호 교수, 순천향대 강은정 교수, 성남시정연구원 배채영 연구위원이 발제자로 나서 기후 적응과 건강영향평가, 도시 회복력을 조명한다. 이와 함께 시청 앞 여수 상권을 '다회용기 특화지구'로 지정해...",2026-09-28 10:56,https://www.incheonilbo.com/news/articleView.html?idxno=1332938,https://www.incheonilbo.com/news/articleView.html?idxno=1332938
서울대학교,PLATUM,"로봇·자율주행 AI를 여러 제조사 칩에서 돌리는 소프트웨어, 바이스트...",서울대학교기술지주가 로봇과 자율주행 기기의 AI를 여러 제조사의 칩에서 돌릴 수 있게 하는... 김형규 공동대표는 삼성테크윈과 서울대 정밀기계연구소에서 기기 내장형 소프트웨어와 AI를 다뤘다. 로봇과...,2026-09-28 10:56,https://platum.kr/archives/295235,https://platum.kr/archives/295235
연세대학교,EFNEWS,"서울투자진흥재단, 10월 '서울투자서밋' 개최…글로벌 투자자·기업 연...","분야별 프로그램에는 퓨처플레이, 연세대 앵커사업단, 전북경제통상진흥원, 시그나이트, 유진투자증권, 서울핀테크랩 등이 협력기관으로 참여한다. 투자자와 기업 간 1대1 만남도 마련된다. 행사 전용 투자 매칭...",2026-09-28 10:56,http://www.efnews.co.kr/news/articleView.html?idxno=132669,http://www.efnews.co.kr/news/articleView.html?idxno=132669
서울대학교,GOKOREA,"전남대, '서울대 10개 만들기'로 지역 경제 활력 찾는다","교육부 장관이 전남대학교를 방문해 '서울대 10개 만들기' 사업의 일환으로 주요 프로그램을 점검하고, 지역 발전을 위한 협력 방안을 논의한다. 이번 방문은 전남대가 추진 중인 패키지 지원대학 사업의 실행 계획을...",2026-09-28 10:54,https://www.gokorea.kr/news/articleView.html?idxno=879810,https://www.gokorea.kr/news/articleView.html?idxno=879810
연세대학교,THEPOWERNEWS,사립대 적립금 12.2조 ‘사상 최대’…5.2조는 10년 뒤에나 쓴다,"대학별 적립금 규모 자체도 상당했다. 홍익대의 2025회계연도 결산 적립금은 8562억원으로 가장 많았고 연세대 7615억원, 이화여대 6819억원, 고려대 4627억원, 수원대 4247억원 등이 뒤를 이었다. 적립금을 100억원 이상...",2026-09-28 10:54,https://www.thepowernews.co.kr/view.php?ud=202609281051551767de3f0aa1be_7,https://www.thepowernews.co.kr/view.php?ud=202609281051551767de3f0aa1be_7
고려대학교,THEPOWERNEWS,사립대 적립금 12.2조 ‘사상 최대’…5.2조는 10년 뒤에나 쓴다,"6819억원, 고려대 4627억원, 수원대 4247억원 등이 뒤를 이었다. 적립금을 100억원 이상 보유하고 있으면서도 3년 안에 사용할 계획을 한 푼도 잡지 않은 대학은 모두 26곳으로 나타났다. 대학들이 적립금을 어디에...",2026-09-28 10:54,https://www.thepowernews.co.kr/view.php?ud=202609281051551767de3f0aa1be_7,https://www.thepowernews.co.kr/view.php?ud=202609281051551767de3f0aa1be_7
서울대학교,이투데이,"[인터뷰]""출연금 0원 시대, 오히려 자립의 시험대""…박훈기 대표가 바꾼...","서울대 경영학과를 졸업한 그는 한국IBM에서 글로벌 서비스 업무를 맡았고, GS홈쇼핑 정보전략부문장(CIO)을 거쳐 BNK금융지주 디지털·IT 총괄부사장을 지냈다. 기업의 시스템을 만들고 디지털 전환을 이끌었던 경험을...",2026-09-28 10:54,https://www.etoday.co.kr/news/view/2629603,https://www.etoday.co.kr/news/view/2629603
서울대학교,한국경제,"카카오, CA협의체 공동의장에 김도영…인적분할 준비 본격화",김 내정자는 1975년생으로 서울대 항공우주공학과를 졸업하고 서울대 경영전문대학원에서 석사(MBA) 학위를 받았다. 삼성SDS 선임컨설턴트를 거쳐 2007년부터 2022년까지 삼성증권 IB본부에서 근무했다. 이후...,2026-09-28 10:53,https://www.hankyung.com/article/202609288948g,https://n.news.naver.com/mnews/article/015/0005336535?sid=105
서울대학교,아시아타임즈,[28일 서울 마포구] 김난도 교수 초청 강연 참여자 모집 등,서울 마포구는 10월 13일 개최되는 김난도 서울대학교 소비자학과 명예교수 초청 강연 ‘마음의 트렌드를 읽다’에 참여할 구민을 선착순 모집한다. 10월 10일 ‘세계 정신건강의 날’을 기념해 열리는 이번 강연은...,2026-09-28 10:52,https://www.asiatime.co.kr/article/20260928500130,https://www.asiatime.co.kr/article/20260928500130
서울대학교,뉴스웨이,"카카오, 인적분할 앞두고 CA협의체 공동의장 체제로…정신아·김도영 투...",김 내정자는 1975년생으로 서울대학교 항공우주공학과를 졸업하고 서울대 경영전문대학원에서 경영학 석사(MBA) 학위를 받았다. 2001년 삼성SDS 선임컨설턴트로 경력을 시작해 2007년부터 2022년까지 삼성증권 IB본부 이사로...,2026-09-28 10:50,https://www.newsway.co.kr/news/view?ud=2026092810440432057,https://www.newsway.co.kr/news/view?ud=2026092810440432057
서울대학교,이데일리,"두 얼굴의 대표님…`노조 탄압` 신사고 대표, 불구속 기소","(사진= 서울대) 노동조합과의 단체교섭을 거부하고, 조합원들을 포상에서 제외하거나 불리한 인사평가로 연봉을 동결한 혐의를 받는 좋은책신사고 대표가 재판에 넘겨졌다. 서울남부지검 형사6부(부장검사 전철호)는...",2026-09-28 10:50,https://www.edaily.co.kr/News/Read?newsId=02542006645584712&mediaCodeNo=257&utm_source=naver&utm_medium=referral&utm_campaign=news_syndication&utm_content=original_article,https://n.news.naver.com/mnews/article/018/0006376240?sid=102
서울대학교,BABYTIMES,[변요한목사 시론] 성령의 열매와 그리스도인의 삶,축복을 다 받아 누리게 하시길 예수님 이름으로 기도합니다.  - 경찰청교회 시무 - 극동방송 운영위원 - 민주평화통일자문회의 자문위원 - 대한민국국가조찬기도회 경찰자문위원 - 서울대학교 동창회 이사,2026-09-28 10:50,http://www.babytimes.co.kr/news/articleView.html?idxno=74222,http://www.babytimes.co.kr/news/articleView.html?idxno=74222
고려대학교,뉴스1,"이지성 전북도 행정부지사 취임…""원팀·속도·현장 중심 행정 구현""","전북 고창 출생의 이 부지사는 전주고와 고려대 행정학과를 졸업하고 KDI 국제정책대학원에서 석사(공공정책학) 학위를 받았다. 지난 1999년 지방고시 4회(행정고시 42회)를 통해 공직에 입문한 뒤 전주시 덕진구청장, 전북도...",2026-09-28 10:50,https://www.news1.kr/local/jeonbuk/6303007,https://n.news.naver.com/mnews/article/421/0009194717?sid=102
고려대학교,이데일리,"고려대 안암병원, 소아응급진료 역량 강화에 박차","특히 소아는 성인과 질환의 양상이나 증상 표현, 치료 과정이 다른 경우가 많아 연령과 상태를 고려한 세심한 진료가 중요하다. 이에 고려대학교 안암병원은 소아응급환자 전담전문의를 중심으로 초기 응급진료를 강화하고...",2026-09-28 10:49,https://www.edaily.co.kr/News/Read?newsId=02532166645584712&mediaCodeNo=257&utm_source=naver&utm_medium=referral&utm_campaign=news_syndication&utm_content=original_article,https://n.news.naver.com/mnews/article/018/0006376238?sid=102
연세대학교,한국경제,김성중 인천시 신임 행정부시장 취임,"제주 오현고와 연세대 행정학과를 졸업했다. 서울대 행정학 석사 출신이며, 영국의 엑시터대에서 공공행정학 석사과정을 마쳤다. 김성중 신임 행정부시장은 별도의 취임식을 생략하고, 임용장을 받은 후 곧바로 시정...",2026-09-28 10:48,https://www.hankyung.com/article/202609288873h,https://n.news.naver.com/mnews/article/015/0005336529?sid=102
서울대학교,디지털투데이,'AI 과학자' 한자리에...AI4Sci 코리아 2026 개최,"과학기술정보통신부는 27일부터 10월 1일까지 서울 용산구 드래곤시티호텔에서 'AI4Sci 코리아 2026... 기조강연에는 석차옥 서울대 화학부 교수와 토마스 자카리아 AMD 수석부사장, 임우형 LG AI연구원 공동원장 등이...",2026-09-28 10:48,https://www.digitaltoday.co.kr/news/articleView.html?idxno=703122,https://www.digitaltoday.co.kr/news/articleView.html?idxno=703122
서울대학교,아주경제,"""통일 불필요·분단 선호"" 역대 최고…北 정권 불신 78% 달하지만 '실용...","서울대 통일평화연구원, '2026 통일의식조사' 발표…통일 필요 39.0% vs 불필요 32.2% 北 핵 포기 불가 90.4... 이어 황지환 서울시립대 국제관계학과 교수는 ‘북한의 국가성과 한반도 두 국가론 인식’ 발표에서 국민 81.8...",2026-09-28 10:48,https://www.ajunews.com/view/20260928103635343,https://www.ajunews.com/view/20260928103635343
서울대학교,한국경제,김성중 인천시 신임 행정부시장 취임,"서울대 행정학 석사 출신이며, 영국의 엑시터대에서 공공행정학 석사과정을 마쳤다. 김성중 신임 행정부시장은 별도의 취임식을 생략하고, 임용장을 받은 후 곧바로 시정 업무보고를 받는 등 공식 업무에 들어갔다. 김성중...",2026-09-28 10:48,https://www.hankyung.com/article/202609288873h,https://n.news.naver.com/mnews/article/015/0005336529?sid=102
서울대학교,JOSEILBO,[신간] 돈의 역류 2027년 경제전망,"서울대학교 대학원 재학 시절 서울대학교 경영연구소에서 연구원으로 산업과 기업경영을 연구했다.... 현재 한국경제산업연구원 경제연구실장으로서 실물경제를 연구하고 있으며, 한양대학교에서 겸임교수로 재직하며...",2026-09-28 10:47,http://www.joseilbo.com/news/news_read.php?uid=576405&class=18&grp=,https://n.news.naver.com/mnews/article/123/0002390889?sid=101
고려대학교,파이낸셜뉴스,"온앤오프, 도쿄 팬미팅 성료…아시아 팬들과 밀착 소통",단순히 같은 공연을 반복하기보다 현지 팬들을 고려한 곡과 구성을 더하면서 아시아 팬들과의 접점을... 한편 온앤오프는 오는 10월 17일 서울 고려대학교 화정체육관에서 열리는 'HEARTBEAT BY DUDUDO 2026(하트비트...,2026-09-28 10:46,https://www.fnnews.com/news/202609281043444252,https://m.entertain.naver.com/article/014/0005581513
고려대학교,BBS NEWS,"건정연, 개원 20주년 기념식-세미나 개최...건설산업 새로운 20년 논한다",기조강연은 건정연의 제4대 원장을 역임한 박상우 전 국토교통부 장관(고려대학교 공학대학원 석좌교수)이 'AI로 건설산업의 날개를 달자'를 주제로 진행합니다. 박상우 석좌교수는 AI의 발전이 건설산업에 가져올 변화와...,2026-09-28 10:44,https://news.bbsi.co.kr/news/articleView.html?idxno=4108844,https://news.bbsi.co.kr/news/articleView.html?idxno=4108844
서울대학교,MARKETNEWS,"""AI의 미래""...AI4Sci Korea 2026 국제학술대회 서울서 개막","전문가들이 서울에 모였다. 과학기술정보통신부(과기정통부)는 지난 27일부터 10월 1일까지 서울 용산구... 석차옥 서울대 교수가 공동조직위원장을 맡았다. 아울러 한국물리학회, 대한화학회, 생화학분자생물학회...",2026-09-28 10:44,http://www.marketnews.co.kr/news/articleView.html?idxno=74267,http://www.marketnews.co.kr/news/articleView.html?idxno=74267
고려대학교,TECHM,"""옵트아웃 집단소송, 위헌 소지 크다""...집단소송 확대 앞두고 전문가들...","박종현 한양대 법학전문대학원 교수와 계인국 고려대 행정전문대학원 교수, 표정률 율촌 변호사 등은 토론자로 참여했다. 김소연 전북대 교수는 현재 국회에 발의된 집단소송 관련 법안을 비교하며 옵트인과 옵트아웃...",2026-09-28 10:44,https://www.techm.kr/news/articleView.html?idxno=155605,https://www.techm.kr/news/articleView.html?idxno=155605
서울대학교,THELEC,"카카오, CA협의체 공동의장에 김도영 카카오X 대표 내정자 선임",김 내정자는 1975년생으로 서울대학교 항공우주공학과를 졸업하고 같은 대학 경영전문대학원에서 경영학석사(MBA)를 받았다. 2001년 삼성SDS에서 선임컨설턴트로 근무한 뒤 2007년부터 2022년까지 삼성증권 IB본부 이사를...,2026-09-28 10:42,https://www.thelec.kr/news/articleView.html?idxno=62822,https://www.thelec.kr/news/articleView.html?idxno=62822
고려대학교,CHRISTIANTODAY,감신대 변선환 학술행사 사태: 진리의 둑을 지키는 거룩한 용기,최근 감리교신학대학교에서 일어난 변선환 전 학장 기념 학술행사 사태와 이를 둘러싼 논란은... D) 심리학자·칼럼니스트 서울 중랑구 은혜제일교회 예수교장로회 국제연합총회 UPCA 심리학 박사로 서울 한영신대와 고려대...,2026-09-28 10:42,https://www.christiantoday.co.kr/news/377597,https://www.christiantoday.co.kr/news/377597
서울대학교,국민일보,"檢, 노조 교섭 거부한 좋은책신사고 대표 불구속 기소",서울지노위가 이후 내린 조합원에 대한 구제 명령도 좋은책신사고 측은 이행하지 않았다. 홍 대표는 지난 1월 서울대에 1000억원 기부 약정을 한 뒤 반복적인 부당노동행위가 드러나 ‘오염된 기부’ 논란에 휩싸인 바...,2026-09-28 10:41,https://www.kmib.co.kr/article/view.asp?arcid=9000017717&cp=nv,https://n.news.naver.com/mnews/article/005/0001875329?sid=102
고려대학교,국제뉴스,"[인사] 세종특별자치시교육청, 이윤홍 부교육감 28일자로 부임","이윤홍 부교육감은 배화여자고등학교, 고려대학교를 졸업했다. 행정고시 44회에 합격해 교육부 창조행정담당관, 혁신행정담당관, 운영지원과장, 장관실 비서실장, 부경대 사무국장, 중앙교육연수원장, 교육부...",2026-09-28 10:40,https://www.gukjenews.com/news/articleView.html?idxno=3706859,https://www.gukjenews.com/news/articleView.html?idxno=3706859
서울대학교,포인트데일리,폭염·기후변화에 도시가 답한다... 성남시 '건강도시' 정책 모색,"첫 번째 발제자로는 김호 서울대학교 보건대학원 교수가 나선다. 김 교수는 '기후변화와 건강: 도시환경과... 변병설 인하대학교 행정학과 교수가 좌장을 맡고 손창우 연세대학교 보건행정학부 교수, 김성아 서울연구원...",2026-09-28 10:40,https://www.pointdaily.co.kr/news/articleView.html?idxno=320483,https://www.pointdaily.co.kr/news/articleView.html?idxno=320483
연세대학교,포인트데일리,폭염·기후변화에 도시가 답한다... 성남시 '건강도시' 정책 모색,"첫 번째 발제자로는 김호 서울대학교 보건대학원 교수가 나선다. 김 교수는 '기후변화와 건강: 도시환경과... 변병설 인하대학교 행정학과 교수가 좌장을 맡고 손창우 연세대학교 보건행정학부 교수, 김성아 서울연구원...",2026-09-28 10:40,https://www.pointdaily.co.kr/news/articleView.html?idxno=320483,https://www.pointdaily.co.kr/news/articleView.html?idxno=320483
연세대학교,DATANET,"리미니스트리트, 연세의료원에 SAP ERP 유지보수 지원",리미니스트리트가 연세대학교의료원의 SAP 전사적자원관리(ERP) 시스템 유지보수를 지원한다고 28일 밝혔다. 연세의료원은 SAP ERP의 안정적인 운영과 IT 투자 효율성 강화를 위해 리미니스트리트의 '리미니 서포트...,2026-09-28 10:40,https://www.datanet.co.kr/news/articleView.html?idxno=214726,https://www.datanet.co.kr/news/articleView.html?idxno=214726
서울대학교,BREAKNEWS,부산대 양산캠퍼스 54만㎡ 활용 본격화…양산시 범부서 TF 가동,부산대학교 양산캠퍼스 유휴부지 약 54만㎡를 연구·산업·창업 기능이 결합된... 양산시는 부산대가 ‘서울대 10개 만들기(S-TEN) 프로젝트’에 선정된 것을 계기로...,2026-09-28 10:38,http://www.breaknews.com/1239236,http://www.breaknews.com/1239236
고려대학교,BREAKNEWS,전북자치도 '이지성 행정부지사' 취임,신임 이지성 행정부지사는 고창 출신으로 전주고와 고려대학교를 졸업했으며 지방고시 4회(행정고시 42회)로 공직에 입문했다. 전주시 덕진구청장ㆍ전주시장...,2026-09-28 10:38,http://www.breaknews.com/1239230,http://www.breaknews.com/1239230
서울대학교,PPSS,원자-빛 상호작용 계량화할 자기 그래프 이론 개발,한국연구재단(이사장 홍원화)은 서울대 박남규·유선규 교수와 서울시립대 박현희 교수팀이 그동안 구간마다 서로 다른 방식으로 설명해 오던 원자-빛 상호작용을 하나의 숫자로 계량화할 수있는 자기 그래프 이론을...,2026-09-28 10:36,https://www.ppss.kr/news/articleView.html?idxno=312651,https://www.ppss.kr/news/articleView.html?idxno=312651
고려대학교,BREAKNEWS,"김탄허 스님, 중국분열 예언...“일본 열도 침몰도 예언했는데...”",스님은 당시 서울 고려대 옆 개운사 주변에 있는 작은 사찰에 주석(住錫)했었다.... 중앙대학교 명예교수인 장화수 박사가 생전의 탄허 스님과 나눈 대담을 바탕으로...,2026-09-28 10:36,http://www.breaknews.com/1239240,http://www.breaknews.com/1239240
서울대학교,뉴시스,"마포구, 김난도 교수 마음건강 강연…참가자 선착순 모집",마포구는 김난도 서울대 소비자학과 명예교수의 마음건강 강연 참가자를 선착순 모집한다고 28일 밝혔다. 김 교수의 '마음의 트렌드를 읽다' 강연은 다음달 13일 오전 10시부터 낮 12시까지 마포중앙도서관 6층 마중홀에서...,2026-09-28 10:34,https://www.newsis.com/view/NISX20260928_0003805025,https://n.news.naver.com/mnews/article/003/0014217020?sid=102
고려대학교,주간한국,"김용엽 고대구로병원 교수, 대한갑상선학회 우수연제상 수상","김 교수는 이승훈 정신건강의학과 교수, 박찬미 고려대 의과대학 암연구소 교수와 함께 갑상선 수술을 기존 절개 방법으로 시행한 환자들과 내시경 또는 로봇으로 시행한 환자들의 수술 방법에 따른 수술 후 정신건강...",2026-09-28 10:34,https://weekly.hankooki.com/news/articleView.html?idxno=7186111,https://weekly.hankooki.com/news/articleView.html?idxno=7186111
서울대학교,머니투데이,AI가 바꿀 과학기술 연구의 미래…국내 첫 'AI4SCi' 포럼 개최,과학기술정보통신부는 27일부터 다음 달 1일까지 서울 용산구 드래곤시티호텔에서 제1회 'AI4Sci Korea 2026... 임경태 KAIST(카이스트) 교수와 석차옥 서울대 교수가 조직위원회 공동위원장을 맡으며 한국물리학회...,2026-09-28 10:32,https://www.mt.co.kr/tech/2026/09/28/2026092807473894209,https://n.news.naver.com/mnews/article/008/0005418930?sid=105
서울대학교,뉴스엔,"피는 못 속여! 신동엽 박명수 딸, 서울대→한예종 진학…탄탄대로 ‘엘...","신동엽 박명수 딸, 서울대→한예종 합격…탄탄대로 엘리트 코스 방송인 신동엽과 박명수가 엘리트 코스를... 아이가 대학교에 좀 붙었으면 하는 바람이야. 오늘이 아이 수시 발표 나는 날""이라고 하기도 했다. 민서 양은...",2026-09-28 10:31,https://www.newsen.com/news_view.php?uid=202609280901562310,https://m.entertain.naver.com/article/609/0001172961
연세대학교,스포츠서울,"곰팡이 지하방 살면서도 ‘아파트 한채값’ 기부…최수종, 89세 모친과 ...","빈소는 서울 연세대학교 신촌세브란스병원 장례식장 특1호실에 마련됐다. 최수종은 아내 하희라를 비롯한 가족들과 빈소를 지키며 조문객을 맞고 있다. 발인은 29일 오전 8시, 장지는 용인로뎀파크다. 빈소에는 연예계...",2026-09-28 10:31,https://www.sportsseoul.com/news/read/1637896?ref=naver,https://m.entertain.naver.com/article/468/0001269075
연세대학교,DATANEWS,"강진모 아이티센그룹 회장, 대한당구연맹 회장 도전…4대 공약 제시","강 후보는 아주대 물리학과와 연세대 공학대학원을 졸업했으며, 현재 아이티센글로벌 회장을 맡고 있다. 한국IT서비스산업협회 회장과 한국정보처리학회장을 역임했다. 아이티센그룹 계열사 아이티센클로잇은 1986...",2026-09-28 10:30,http://www.datanews.co.kr/news/article.html?no=146656,http://www.datanews.co.kr/news/article.html?no=146656
서울대학교,EINFOMAX,기획처 기조실장에 정향우 사회예산심의관 임명,"서울대 인류학과를 졸업하고 같은 대학에서 행정학 석사 학위를 받았으며, 영국 엑시터대에서 정치학... 서울대 토목공학과를 졸업하고 미국 스탠퍼드대에서 건설환경공학 석사 학위를 받았다. 기획예산처...",2026-09-28 10:30,https://news.einfomax.co.kr/news/articleView.html?idxno=4436653,https://news.einfomax.co.kr/news/articleView.html?idxno=4436653
서울대학교,뉴시스,[프로필] 정향우 기획처 기조실장…예산·공공정책 두루 거친 기획통,서울대 인류학과를 졸업하고 같은 대학에서 행정학 석사 학위를 받았다. 영국 엑시터대에서는 정치학 박사... ◇프로필 ▲1969년생(57세) ▲행시 40회 ▲서울대 인류학 ▲서울대 행정학 석사 ▲영국 엑시터대 정치학 박사...,2026-09-28 10:30,https://www.newsis.com/view/NISX20260928_0003804982,https://n.news.naver.com/mnews/article/003/0014216984?sid=101
연세대학교,KMAEIL,"인천시, 중문소식지 '인천지창' 가을호 발간...경제도시 성장상 조명","화교 가족의 인천 정착기를 담은 '가족의 탄생', 소래습지생태공원 갈대밭과 하늘정원 코스모스 풍경을 소개하는 '사계절 투어', 영흥도 포도를 다룬 '인천의 맛', 연세대학교 국제캠퍼스 중어중문학과 학생이 전하는 중국...",2026-09-28 10:28,https://www.kmaeil.com/news/articleView.html?idxno=652855,https://www.kmaeil.com/news/articleView.html?idxno=652855
연세대학교,한국대학신문,"연세대, 일본 도쿄서 한국형 횡단보도 그늘막 실증 실험","연세대학교(총장 윤동섭) 기후적응 리빙랩 연구사업단(연구책임자 양준석 정치외교학과 교수)은 일본 도쿄도 시나가와구, 일본 건축설계사무소 Open A와 함께 오는 30일(수)부터 10월 7일(수)까지 오이마치역 서쪽 출구 일대...",2026-09-28 10:26,https://news.unn.net/news/articleView.html?idxno=597930,https://news.unn.net/news/articleView.html?idxno=597930
연세대학교,CBCI,[입시 리포트] 간판보다 의대…최상위권 자연계 대학생들의 '의대 재도...,"서울대, 연세대, 고려대에서 중도에 학업을 그만둔 학생 수가 1만 명을 넘어선 것으로 집계됐다. 종로학원이 27일 발표한 대학알리미 공시자료 분석에 따르면, 2021년부터 지난해까지 이들 세 대학에서...",2026-09-28 10:26,https://www.cbci.co.kr/news/articleView.html?idxno=610203,https://www.cbci.co.kr/news/articleView.html?idxno=610203
고려대학교,CBCI,[입시 리포트] 간판보다 의대…최상위권 자연계 대학생들의 '의대 재도...,"연세대, 고려대에서 중도에 학업을 그만둔 학생 수가 1만 명을 넘어선 것으로 집계됐다. 종로학원이 27일 발표한 대학알리미 공시자료 분석에 따르면, 2021년부터 지난해까지 이들 세 대학에서 중도탈락한 학생은...",2026-09-28 10:26,https://www.cbci.co.kr/news/articleView.html?idxno=610203,https://www.cbci.co.kr/news/articleView.html?idxno=610203
서울대학교,CBCI,[입시 리포트] 간판보다 의대…최상위권 자연계 대학생들의 '의대 재도...,"'의대 열풍'에 흔들리는 명문대 이공계…4년 연속 자퇴생 2천 명 웃돌아  최근 5년 동안 서울대, 연세대... 지난해 기준으로 고려대의 중도탈락자가 836명으로 가장 많았고, 연세대가 801명, 서울대가 375명으로 뒤를...",2026-09-28 10:26,https://www.cbci.co.kr/news/articleView.html?idxno=610203,https://www.cbci.co.kr/news/articleView.html?idxno=610203
서울대학교,CCNNEWS,"""중부권, 10대 암 수술 자체 충족률 전국 '꼴찌'""","이와 함께 서울대학교병원, 삼성서울병원, 서울아산병원, 신촌세브란스병원, 서울성모병원 등 서울 빅5... 이어 박 의원은 ""정부가 국립대학교병원을 중심으로 지역 완결적 암 치료 기반을 갖출 수 있도록 지원하고...",2026-09-28 10:24,http://www.ccnnews.co.kr/news/articleView.html?idxno=415469,http://www.ccnnews.co.kr/news/articleView.html?idxno=415469
연세대학교,ZIKSIR,[부고] 신홍순(전 LG패션 대표)씨 별세,"▲신홍순(전 LG패션 대표이사·제19대 예술의전당 사장·향년 85세)씨 별세, 남혜숙씨 남편상, 신년수·신수화·신수현·신수경·신수혜씨 부친상 = 28일 오전, 연세대 용인장례식장 특실, 발인 30일 오전 7시....",2026-09-28 10:24,https://www.ziksir.com/news/articleView.html?idxno=147556,https://www.ziksir.com/news/articleView.html?idxno=147556
서울대학교,파이낸셜포스트,"박성훈 의원, '금융 AI 시대 소비자 권리와 금융회사 책임' 토론회 개최",발제자로는 정순섭 서울대학교 법학전문대학원 교수와 정희수 하나금융연구소 소장이 나선다. 정 교수는... 한양대학교 법학전문대학원 교수 등이 참여해 금융권 AI 도입에 따른 과제와 보완책을 논의한다. 박 의원은...,2026-09-28 10:24,https://www.financialpost.co.kr/news/articleView.html?idxno=277512,https://www.financialpost.co.kr/news/articleView.html?idxno=277512
고려대학교,아이뉴스24,"법무법인 율촌, '집단소송 법제화 과정 쟁점과 기업 대응전략' 세미나 ...","계인국 고려대 행정전문대학원 교수, 표정률 율촌 변호사가 토론자로 나섰다. 세미나 참석자들은 제22대... 문제를 고려해 소송허가 요건의 문턱이 높아질 가능성이 크다고 전망했다. 박 교수는 ""현재의 논의가 과학적...",2026-09-28 10:22,http://www.inews24.com/view/2009356,https://n.news.naver.com/mnews/article/031/0001061452?sid=102
고려대학교,한국강사신문,"고려대학교 세종캠퍼스 이상만 교수, 2026년 상반기 '앵커 리더' 선정…...","대학 교원과 직원, 학생을 비롯해 기관·기업 임직원, 지역앵커센터 직원 등이 대상이며, 사업 성과와... 종합적으로 고려해 이뤄졌다. 이상만 교수는 ""이번 선정은 대학이 지원한 교원창업의 성과뿐 아니라 대학...",2026-09-28 10:20,https://www.lecturernews.com/news/articleView.html?idxno=211212,https://www.lecturernews.com/news/articleView.html?idxno=211212
서울대학교,KMAEIL,"인천시, 김성중 제24대 행정부시장 취임...민선9기 시정 합류","김 부시장은 연세대학교 행정학과를 졸업하고 서울대학교 행정대학원에서 행정학 석사, 영국 엑서터대학교에서 공공행정학 석사 학위를 받았다. 행정안전부 기획재정담당관과 조직기획과장, 경제조직과장, 조직진단과장...",2026-09-28 10:20,https://www.kmaeil.com/news/articleView.html?idxno=652849,https://www.kmaeil.com/news/articleView.html?idxno=652849
서울대학교,AUTODAILY,"[이사람] ""당장 양산 어려워도 게임에는 남아야""⋯""배터리 기술 주도권...","또, 서울대학교와 공동 배터리연구센터에서 전고체와 리튬메탈 배터리 연구를 진행중이며 미국 솔리드파워 등 외부 업체와의 협력도 이어가고 있다. 전고체 배터리 자체를 대규모로 생산하는게 아니라 그룹에서...",2026-09-28 10:20,https://www.autodaily.co.kr/news/articleView.html?idxno=600727,https://www.autodaily.co.kr/news/articleView.html?idxno=600727
고려대학교,메디칼타임즈,"고대구로병원 김용엽 교수, 갑상선학회 우수 연제상","김 교수는 고려대학교 구로병원 정신건강의학과 이승훈 교수, 고려대학교 의과대학 암연구소 박찬미 교수와 함께 갑상선 수술을 기존 절개 방법으로 시행한 환자들과 내시경 또는 로봇으로 시행한...",2026-09-28 10:20,https://www.medicaltimes.com/Main/News/InformView.html?ID=11363&ref=naverpc,https://www.medicaltimes.com/Main/News/InformView.html?ID=11363&ref=naverpc
연세대학교,KMAEIL,"인천시, 김성중 제24대 행정부시장 취임...민선9기 시정 합류","김 부시장은 연세대학교 행정학과를 졸업하고 서울대학교 행정대학원에서 행정학 석사, 영국 엑서터대학교에서 공공행정학 석사 학위를 받았다. 행정안전부 기획재정담당관과 조직기획과장, 경제조직과장, 조직진단과장...",2026-09-28 10:20,https://www.kmaeil.com/news/articleView.html?idxno=652849,https://www.kmaeil.com/news/articleView.html?idxno=652849
고려대학교,약업신문,"루다큐어 ""RCI001, 안구건조증 2상 진입…200명서 유효성 검증 목표""",고려대학교 안암병원 김동현 교수도 연구진으로 참여한다. 루다큐어는 전안부 전문의들과 협력해... 항염증과 항산화 작용을 동시에 활용하면서 스테로이드성 치료제에서 고려해야 하는 안압 상승 부담을 낮출...,2026-09-28 10:20,https://www.yakup.com/news/index.html?mode=view&cat=12&nid=333008,https://www.yakup.com/news/index.html?mode=view&cat=12&nid=333008
연세대학교,스마트투데이,"강진모 아이티센그룹 회장, 대한당구연맹 회장 선거 출마",강진모 후보는 아주대학교 물리학과와 연세대학교 공학대학원(공학경영 석사)을 졸업했다. 2005년 아이티센 대표이사를 맡은 뒤 아이티센그룹 총괄회장을 거쳐 현재 아이티센글로벌 회장을 맡고 있다....,2026-09-28 10:18,https://www.smarttoday.co.kr/ko-kr/articles/112015,https://www.smarttoday.co.kr/ko-kr/articles/112015
고려대학교,BOANNEWS,"""딥페이크·스팸 막을 묘수 찾는다""... KISA '디지털 시대의 법' 경연대...","대회 후원기관으로는 고려대학교 법학전문대학원, 김·장 법률사무소, 법무법인 세종, 법무법인 율촌 등 주요 로펌과 학회가 대거 참여했다. 수상 논문은 논문집으로 발간돼 관계 기관에 배포되며 수상자 명단과...",2026-09-28 10:18,https://www.boannews.com/news/articleView.html?idxno=146050,https://www.boannews.com/news/articleView.html?idxno=146050
연세대학교,연합뉴스TV,[뉴스초점] 지뢰 사고 현장조사 돌입…北포로 송환 ‘진실공방’,"관련 내용들, 봉영식 연세대 객원교수와 함께 이야기 나눠보겠습니다.  지난주 경기 파주 서부전선 비무장지대에서 발생한 지뢰 폭발 사고와 관련해 우리 군과 유엔군사령부가 어제 현장 조사를 실시했는데요. 사고...",2026-09-28 10:18,http://www.yonhapnewstv.co.kr/news/MYH20260928101618ZJW,https://n.news.naver.com/mnews/article/422/0000910279?sid=100
서울대학교,아시아경제,"[단독] ""법 위에 공무원 있다?"" 담당자가 '안 돼' 하면 끝…68년 묵은 '이...","이에 단체는 행정소송을 제기했고, 사건을 맡은 서울행정법원 재판부가 원고 측의 위헌법률심판제청 신청을... 이동진 서울대 법학전문대학원 교수는 ""인가주의는 행정청의 재량을 배제할 뿐 시스템적으로는 허가주의의...",2026-09-28 10:16,https://view.asiae.co.kr/article/2026092217481922440,https://n.news.naver.com/mnews/article/277/0005821426?sid=102
서울대학교,글로벌이코노믹,"카페 컵 다회용 제공 재사용...성남시, '다회용기 특화지구' 시범 운영","김호 서울대학교 보건대학원 교수는 '기후변화와 건강: 도시환경과 적응'을 주제로 기후변화가 건강에... 손창우 연세대학교 보건행정학부 교수와 김성아 서울연구원 포용도시연구실 연구위원, 신지영...",2026-09-28 10:16,https://www.g-enews.com/view.php?ud=2026092809384523708fbfc802b3_1,https://www.g-enews.com/view.php?ud=2026092809384523708fbfc802b3_1
연세대학교,글로벌이코노믹,"카페 컵 다회용 제공 재사용...성남시, '다회용기 특화지구' 시범 운영",김호 서울대학교 보건대학원 교수는 '기후변화와 건강: 도시환경과 적응'을 주제로 기후변화가 건강에... 주제발표 후에는 변병설 인하대학교 행정학과 교수를 좌장으로 토론이 진행된다. 손창우 연세대학교...,2026-09-28 10:16,https://www.g-enews.com/view.php?ud=2026092809384523708fbfc802b3_1,https://www.g-enews.com/view.php?ud=2026092809384523708fbfc802b3_1
고려대학교,연합뉴스,"이지성 전북도 신임 행정부지사 취임…""지역 성장 기틀 다질 것""","고창 출생인 그는 전주고와 고려대를 졸업했으며 지방고시(4회)를 통해 공직에 입문한 뒤 전주시 덕진구청장, 도 문화체육관광국장, 행정안전부 조직진단과장과 정책기획관 등을 역임했다.",2026-09-28 10:15,https://www.yna.co.kr/view/AKR20260928051600055?input=1195m,https://n.news.naver.com/mnews/article/001/0016339963?sid=102
연세대학교,강원일보,강원경찰청 공공안전부장에 백남익⋯경무관 전보 인사,"백남익 부장은 천안중앙고를 졸업하고 한국방송대 법학과, 연세대 행정대학원(경찰사법행정)을 졸업했다. 1992년 경찰에 입문직해 서울경찰청 인사계장, 충남경찰청 홍보담당관, 천안동남경찰서장, 서울 수서경찰서장...",2026-09-28 10:13,https://www.kwnews.co.kr/article/20260928500196,https://n.news.naver.com/mnews/article/087/0001220599?sid=102
연세대학교,한국경제,"유학생 30만 시대, 대학가 건물의 가치는 어떻게 달라질까?",인근 연세대학교 국제캠퍼스 학생들까지 더해지면서 외식·쇼핑·여가수요의 주요 수용처 역할을 합니다. 서울의 전통적인 대학가에서는 학생 증가가 원룸과 골목상권 수요로 비교적 넓게 퍼질 수 있습니다. 송도에서는...,2026-09-28 10:13,https://www.hankyung.com/article/202609234280O,https://n.news.naver.com/mnews/article/015/0005336510?sid=101
서울대학교,JOB-POST,"관악의 10월, 거리 전체가 무대 된다…별빛내린천부터 샤로수길까지 '문...","서울 관악구가 문화의 달 10월을 맞아 별빛내린천과 관악구청 광장, 샤로수길, 지역 마을 곳곳을 공연과... 서울대학교는 개교 80주년 기념 예술주간 프로그램의 하나로 이날 오후 1시 관악구청 광장에서 '브런치 클래식...",2026-09-28 10:12,https://www.job-post.co.kr/news/articleView.html?idxno=229271,https://www.job-post.co.kr/news/articleView.html?idxno=229271
연세대학교,매일경제,김성중 제24대 인천시 행정부시장 취임,"제주에서 태어난 김 부시장은 제주 오현고, 연세대 행정학과를 졸업하고 서울대 행정대학원에서 행정학 석사, 영국 엑시터대에서 공공정책학 석사 학위를 받았다. 행시 39회로 공직에 입문해 행정안전부 조직정책관...",2026-09-28 10:11,https://www.mk.co.kr/article/12162427,https://n.news.naver.com/mnews/article/009/0005740600?sid=100
연세대학교,파이낸셜뉴스,"""대학 품은 단지가 대세""...대학 인근 아파트 신고가 행진",대학교 인근에 위치한 아파트들이 교직원과 학생 등 풍부한 배후수요를 등에 업고 매매시장에서 강세를... 자이S&D는 서울 중구 중림동에 연세대·이화여대 등 주요 명문 대학가와 인접한 '충정로역자이르네'(총...,2026-09-28 10:11,https://www.fnnews.com/news/202609280952069017,https://n.news.naver.com/mnews/article/014/0005581463?sid=101
서울대학교,매일경제,김성중 제24대 인천시 행정부시장 취임,"제주에서 태어난 김 부시장은 제주 오현고, 연세대 행정학과를 졸업하고 서울대 행정대학원에서 행정학 석사, 영국 엑시터대에서 공공정책학 석사 학위를 받았다. 행시 39회로 공직에 입문해 행정안전부 조직정책관...",2026-09-28 10:11,https://www.mk.co.kr/article/12162427,https://n.news.naver.com/mnews/article/009/0005740600?sid=100
고려대학교,브릿지경제,"고려대 세종캠퍼스 이상만 교수, 앵커 리더 선정","이상만 교수는 고려대 교원창업기업 ㈜씨큐립톤을 통해 대학의 연구 성과를 산업 현장에 적용하며, AI 기반... 선정 대상은 앵커사업에 참여해 뛰어난 성과를 낸 대학 교원, 직원, 학생, 관련 기관 및 기업 관계자 등이다....",2026-09-28 10:10,https://www.viva100.com/article/20260928500358,https://www.viva100.com/article/20260928500358
서울대학교,한국강사신문,[엄정식의 아웅다웅 우주 이야기] 우주망원경의 수명은 누가 결정할까?,"서울대학교에서 국제정치(안보) 박사를 취득하고, 공군사관학교 항공우주정책전략학과에서 교수로서 미래전, 국가안보를 가르치고 있다. 한국우주안보학회 상임이사로도 활동하며 활발한 우주 교육과 강연을 이어가고...",2026-09-28 10:10,https://www.lecturernews.com/news/articleView.html?idxno=211191,https://www.lecturernews.com/news/articleView.html?idxno=211191
서울대학교,INDUSTRYNEWS,AI 연구인력 소속 비중 중국이 미국 앞서…KAIST 기관 순위 3위,"서울대는 20위에 이름을 올렸다. 2025년 순위에서는 베이징대와 칭화대가 각각 1위와 2위를 차지했다. KAIST에 이어 상하이교통대가 4위, 미국 매사추세츠공대(MIT)가 5위, 스탠퍼드대가 6위였고, 2022년 1위였던...",2026-09-28 10:08,https://www.industrynews.co.kr/news/articleView.html?idxno=86592,https://www.industrynews.co.kr/news/articleView.html?idxno=86592
서울대학교,JOSEILBO,"삼일PwC ""이사의 ‘몰랐다’는 항변 면책 안돼…내부통제 작동해야""","이번 호에는 정준혁 서울대 법학전문대학원 교수가 '이사의 법적 책임, 알고 대비하기'를 주제로 기고해, 이사가 부담하는 주요 의무와 책임을 정리하고 실무적 대응 방안을 제시했다. 기고문은 이사가 직접 업무를...",2026-09-28 10:06,http://www.joseilbo.com/news/news_read.php?uid=576396&class=10&grp=,https://n.news.naver.com/mnews/article/123/0002390880?sid=101
연세대학교,디지털데일리,"연세의료원, SAP ERP 유지보수 리미니스트리트로 전환…비용 50% 절감 기...",연세대학교의료원이 SAP 전사적자원관리(ERP) 시스템 유지보수를 리미니스트리트의 제3자 지원 서비스로... 리미니스트리트는 연세의료원이 SAP ERP 유지보수 서비스 ‘리미니 서포트’를 도입했다고 28일 밝혔다....,2026-09-28 10:05,https://www.ddaily.co.kr/page/view/2026092810021367211,https://n.news.naver.com/mnews/article/138/0002242780?sid=105
서울대학교,VENTURESQUARE,"서울대기술지주, 엔비디아 밖에서도 로봇 AI 돌린다…바이스트라타 투자",서울대학교기술지주가 여러 종류의 GPU에서 AI 모델과 센서 데이터를 처리하는 크로스플랫폼 소프트웨어 스타트업 바이스트라타에 투자했다. 서울대학교기술지주는...,2026-09-28 10:03,https://www.venturesquare.net/1116329/,https://www.venturesquare.net/1116329/
서울대학교,데일리안,과학기술과 인공지능의 결합…‘제1회 AI4Sci Korea’ 개막,과학기술과 인공지능(AI) 융합 연구를 다루는 국내 첫 과학기술 AI 분야 국제학술대회가 서울에서 열린다.... 석차옥 서울대학교 교수가 조직위원회 공동위원장을 맡았다. 한국물리학회와 대한화학회 등 11개...,2026-09-28 10:03,https://www.dailian.co.kr/news/view/1694223/?sc=Naver,https://n.news.naver.com/mnews/article/119/0003136750?sid=105
연세대학교,JOB-POST,"베테랑스에듀, SAT 상담부터 등록까지 학부모 확인 순서 공개","2011년 설립돼 재외국민·국제학교 학생을 대상으로 SAT·AP·TOEFL과 미국 대학 입시, 재외국민 특별전형... 학생은 연세대에 입학했으며 ""합격하고 나서 추천도 했다""고 말했다. 이번 인터뷰는 학생과 학부모가 함께 응했으며...",2026-09-28 10:02,https://www.job-post.co.kr/news/articleView.html?idxno=229265,https://www.job-post.co.kr/news/articleView.html?idxno=229265
서울대학교,지디넷코리아,19개국 600여 명 모여 '과학기술+AI' 논의,과학기술정보통신부는 27일부터 10월 1일까지 닷새간 서울 용산구 드래곤시티호텔에서 제1회 'AI4Sci Korea... (사진=ETRI) 기조강연은 석차옥 서울대 화학부 교수가 화학·분자과학과 AI의 융합 연구 사례를 공개한다. 또...,2026-09-28 10:01,https://zdnet.co.kr/view/?no=20260926153037,https://n.news.naver.com/mnews/article/092/0002438895?sid=105
서울대학교,전자신문,"“AI 기반 과학기술 연구 미래 논의”, 서울서 국제학술 대회 개최",닷새간 서울 용산구 서울드래곤시티에서 '제1회 AI4Sci 코리아 2026'을 개최한다. 과학기술 AI 분야에서 국내... 석차옥 서울대 화학부 교수 겸 갤럭스 대표는 화학·분자과학과 AI의 융합연구를 선도 사례로 제시하며 AI가...,2026-09-28 10:01,https://www.etnews.com/20260928000105,https://n.news.naver.com/mnews/article/030/0003470224?sid=105
서울대학교,연합뉴스,[AI픽] AI가 과학 연구에 참여한다…'AI4Sci 코리아' 첫 개최,"19개국 연구자·산업계 전문가 600여 명 서울 집결 자율형 연구 에이전트·AI 기반 과학적 발견 논의... 기조 강연에서는 학술대회 공동조직위원장인 석차옥 서울대 교수가 AI가 연구 현장에서 만드는 성과를, 토마스...",2026-09-28 10:00,https://www.yna.co.kr/view/AKR20260927054000017?input=1195m,https://n.news.naver.com/mnews/article/001/0016339899?sid=105
서울대학교,PPSS,충청권 10대 암 수술 자체 충족 35.3%,"또한, 서울대학교병원, 삼성서울병원, 서울아산병원, 신촌세브란스병원, 서울성모병원 등 서울 빅5... 국립대학교병원을 중심으로 지역 완결적 암 치료 기반을 갖출 수 있도록 지원하고, 10대 암 수술 자체 충족률이...",2026-09-28 10:00,https://www.ppss.kr/news/articleView.html?idxno=312639,https://www.ppss.kr/news/articleView.html?idxno=312639
고려대학교,에너지경제,"[주목! 이기업] 레이메드, 암 찾아가는 ‘표적물질’에 방사선 싣는다","서울대병원·고려대 안암병원·분당서울대병원이 RayVision(Y-90) 구매를 완료했으며, 글로벌 의료기기 기업들과 공동 판매도 협의하고 있다. 정희순 기자 hsjung@ekn.kr 검증된 펩타이드·항체 활용해 방사성 항암제로 ‘Ray...",2026-09-28 10:00,https://www.ekn.kr/web/view.php?key=20260928026138702,https://www.ekn.kr/web/view.php?key=20260928026138702
연세대학교,WOMANECONOMY,"[손흥철 더봄] 신강의 영혼 천산, 천산의 진주 천지","연세대학교(원주) 겸임교수, 한국국제대학교 교수, 안양대학교 교양대학 교수(학장), 중국 남경대학 철학계 방문학자 및 율곡학회 회장을 역임했으며 현재 중국 산동성 태산학술원 객좌교수로 활동하고 있다. 저서로...",2026-09-28 10:00,https://www.womaneconomy.co.kr/news/articleView.html?idxno=257919,https://www.womaneconomy.co.kr/news/articleView.html?idxno=257919
고려대학교,보건뉴스,"우리아이들병원, 추석 맞아 지역사회에 꽃송이버섯 120박스 기부",고려대학교의료원 교류협력 우리아이들의료재단 우리아이들병원(이사장 정성관·병원장 백정현)은 구로구 관내 기관에 꽃송이버섯 120박스를 기부했다고 23일 밝혔다. 이번 기부는 추석을 앞두고 지역 내 도움이 필요한...,2026-09-28 09:58,http://www.bokuennews.com/news/article.html?no=284759,http://www.bokuennews.com/news/article.html?no=284759
연세대학교,ENETNEWS,"마포구 대흥동 '이대역 마포 프론티어', 2차 임차인 모집","이화여자대학교와 서강대학교를 비롯해 연세대학교, 홍익대학교 등도 인접해 있다. 현대백화점 신촌점과 대형마트, 전통시장 등 생활편의시설을 이용할 수 있으며 세브란스병원 등 의료시설도 주변에 자리한다. 신촌...",2026-09-28 09:58,https://www.enetnews.co.kr/news/articleView.html?idxno=54773,https://www.enetnews.co.kr/news/articleView.html?idxno=54773
서울대학교,FASHIONBIZ,[인터뷰] 토머신 허머스톤 나이키 디렉터 “‘문슈’로 헤리티지와 혁신...,"서울대학교 제1파워플랜트에서 진행한 전시는 문슈의 탄생 과정에서 출발해, 완성품 이면의 프로토타입과... 노팅엄 트렌트 대학교에서 패션 마케팅, 바잉 및 디자인을 공부했으며 다양한 글로벌 풋웨어 및 제품 경험을...",2026-09-28 09:56,https://www.fashionbiz.co.kr/article/229799,https://www.fashionbiz.co.kr/article/229799
서울대학교,뉴스프리존,변화하는 양산시∙∙∙산학연 혁신부터 쾌적한 산책로,"부산대 양산캠퍼스, 동남권 산업∙AI 혁신 거점 육성= 양산시가 부산대학교의 '서울대 10개 만들기(S-TEN) 프로젝트' 선정에 발맞춰, 부산대 양산캠퍼스 유휴 부지를 동남권 산업∙연구∙AI 혁신을 선도하는 거점으로...",2026-09-28 09:56,https://www.newsfreezone.co.kr/news/articleView.html?idxno=711163,https://www.newsfreezone.co.kr/news/articleView.html?idxno=711163
서울대학교,대학저널,"호남대 교양아카데미, 최재천 교수 초청 AI 시대 ‘공존’ 특강","호남대학교가 AI 시대 필요한 인문학적 성찰과 삶의 지혜를 지역사회와 나누기 위해 신설한... 두 번째 강연은 오는 10월 13일 서울대 김헌 교수를 초청해 ‘인공지능이 채울 수 없는 결핍, 고전의 지혜’를 주제로...",2026-09-28 09:54,https://dhnews.co.kr/news/view/1065572610648569,https://dhnews.co.kr/news/view/1065572610648569
고려대학교,스포츠서울,"온앤오프, 日 팬미팅 ‘어텀 피크닉’ 성료","한편, 일본 팬미팅을 성공적으로 마친 온앤오프는 오는 10월 17일 서울 성북구 고려대학교 화정체육관에서 개최되는 ‘하트비트 바이 두두두 2026(HEARTBEAT BY DUDUDO 2026)’ 무대에 올라 국내 팬들과의 만남을...",2026-09-28 09:53,https://www.sportsseoul.com/news/read/1637882?ref=naver,https://m.entertain.naver.com/article/468/0001269063
연세대학교,주간한국,"연세대, 26회 언더우드 선교상 시상식…김완일·김용대 선교사 수상자 ...",사진=연세대  연세대 언더우드기념사업회는 내달 12일 루스채플 예배실에서 '제26회 언더우드 선교상' 시상식을 개최한다고 28일 밝혔다. 이 상은 연세대 창립자 호레이스 그랜트 언더우드(1859~1916)·릴리어스 호튼...,2026-09-28 09:50,https://weekly.hankooki.com/news/articleView.html?idxno=7186084,https://weekly.hankooki.com/news/articleView.html?idxno=7186084
고려대학교,CBCI,[정부家] 이재명 대통령 ㉝ㅣ 美·멕시코 순방 마치고 귀국…외교 성과...,"강유정 청와대 수석대변인은 ""소수자 및 사회적 약자의 인권 보호 등 대법원 본연의 역할을 고려해도 대법원... 차진아 고려대 로스쿨 교수는 대통령이 임명권을 갖고 있지만 합당한 이유를 제시해야 하며, 남은 후보...",2026-09-28 09:50,https://www.cbci.co.kr/news/articleView.html?idxno=610306,https://www.cbci.co.kr/news/articleView.html?idxno=610306
연세대학교,MBN,초등학교 코앞에 '홀덤펍' 버젓이…'19금' 표시도 미부착,대부분이 지하철 2호선 신촌역에서 연세대삼거리로 이어지는 도로 인근과 홍대입구역 근처에 몰려 있었습니다. 성동구가 3곳으로 세 번째로 많았고 동대문·은평·노원·관악구에 각 1곳 있는 것으로 집계됐습니다....,2026-09-28 09:49,http://mbn.mk.co.kr/pages/news/newsView.php?category=mbn00009&news_seq_no=5221723,https://n.news.naver.com/mnews/article/057/0001970979?sid=102
서울대학교,서울신문,"메디아크, 베트남 K-BRAND 엑스포서 MOF 기반 두피관리 브랜드 ‘더마모...","김세나 대표는 석사과정부터 약 19년간 MOF를 연구한 연구자로, 서울대학교에서 박사학위를 받은 뒤... 한편, 메디아크는 서원대학교가 운영하는 ‘2026년 창업도약패키지(일반형)’에 선정되었다. 창업도약패키지...",2026-09-28 09:48,https://www.seoul.co.kr/news/economy/2026/09/28/20260928500028?wlog_tag3=naver,https://n.news.naver.com/mnews/article/081/0003683879?sid=101
서울대학교,NEWSCLAIM,[포스코 인사 전망]② 사장 아래 임원들 9개월… 승진 뒤 맡긴 일은 어디...,"1970년생인 엄 원장은 서울대 박사 출신으로 연구기획그룹장과 포스코홀딩스 미래기술전략, 그룹기술전략... 2025년 4월 경기 광명 신안산선 제5-2공구 붕괴사고로 작업자 1명이 숨졌고 같은 해 12월 서울 여의도 제4...",2026-09-28 09:48,https://www.newsclaim.co.kr/news/articleView.html?idxno=3076584,https://www.newsclaim.co.kr/news/articleView.html?idxno=3076584
고려대학교,파이낸셜뉴스,"수능 D-50 ""반복적으로 틀리는 내용과 문제 유형 집중 공부가 효과적""","지원 대학의 수준이 달라질 수 있다""고 덧붙였다. 메가스터디교육 자료에 따르면 고려대 교과전형(학교추천)... 남 소장은 ""반영 비율이 높은 과목의 성적 향상 가능성을 고려해 학습 시간을 배분하고, 해당 과목을...",2026-09-28 09:46,https://www.fnnews.com/news/202609280945169132,https://n.news.naver.com/mnews/article/014/0005581433?sid=102
연세대학교,스포츠서울,"“4년 전 과오 반성” 돈스파이크, 출소 후 요식업 복귀… ‘마약 기부...","연세대 작곡과 출신인 돈스파이크는 1996년 밴드 포지션(Position)의 객원 키보디스트로 가요계에 입문했다. 이후 김범수의 ‘보고 싶다’, 브라운 아이즈의 ‘가지마 가지마’, 엑소의 ‘12월의 기적’ 등을 편곡하며...",2026-09-28 09:43,https://www.sportsseoul.com/news/read/1637876?ref=naver,https://m.entertain.naver.com/article/468/0001269058
서울대학교,파이낸셜뉴스,30개 도시 3만㎞ 답사…현직 영사가 다시 쓴 중국 동북,"이근 중앙대 석좌교수 겸 서울대 명예교수, 이규형 전 주중·주러시아 대사, 홍기원 국회 한중의원연맹 사무총장, 박주봉 인천상공회의소 회장 등도 추천사를 실었다. 한국콘텐츠진흥원 한승훈 상임감사는 동북 3성에서...",2026-09-28 09:41,https://www.fnnews.com/news/202609280935083388,https://n.news.naver.com/mnews/article/014/0005581424?sid=103
연세대학교,이뉴스투데이,"성남시, 건강도시 심포지엄 개최···기후위기 대응",첫 번째 발제는 김호 서울대학교 보건대학원 교수가 맡아 '기후변화와 건강: 도시환경과 적응'을 주제로... 주제 발표 이후에는 변병설 인하대학교 행정학과 교수가 좌장을 맡아 종합토론을 진행한다. 손창우 연세대학교...,2026-09-28 09:40,http://www.enewstoday.co.kr/news/articleView.html?idxno=2474462,http://www.enewstoday.co.kr/news/articleView.html?idxno=2474462
서울대학교,AMENEWS,"에너지연, 정학근 제20대 원장 취임","정학근 원장은 전남대학교에서 전기공학 학사, GIST에서 메카트로닉스공학 석사, 서울대학교에서 기계항공공학 박사 학위를 취득했다. 1998년 한국에너지기술연구원에 입사한 이후 에너지효율연구본부장을 역임했으며...",2026-09-28 09:40,http://amenews.kr/news/view.php?idx=68123,http://amenews.kr/news/view.php?idx=68123
서울대학교,이뉴스투데이,"성남시, 건강도시 심포지엄 개최···기후위기 대응","첫 번째 발제는 김호 서울대학교 보건대학원 교수가 맡아 '기후변화와 건강: 도시환경과 적응'을 주제로... 손창우 연세대학교 보건행정학부 교수, 김성아 서울연구원 포용도시연구실 연구위원, 신지영...",2026-09-28 09:40,http://www.enewstoday.co.kr/news/articleView.html?idxno=2474462,http://www.enewstoday.co.kr/news/articleView.html?idxno=2474462
서울대학교,베리타스알파,[포토] 국립공주사대부고 제15회 충남 학생 창의수학 탐구대회 수상,"8명의 서울대 합격자를 배출했다. 최상위권 격전지인 의대에만 13명이 합격했다. 이밖에 약대 7명, 치대 1명, 수의대 1명 등 의약계열 합격 실적은 22명에 달한다. 2026대입자원인 고3 재적인원 154명 기준으로 서울대...",2026-09-28 09:38,https://www.veritas-a.com/news/articleView.html?idxno=629536,https://www.veritas-a.com/news/articleView.html?idxno=629536
서울대학교,SMARTBIZN,[김형일의 입시컨설팅] (247) 현 고2 2028학년도 입시전략,"서울대와 연세대 등 주요 대학도 이미 2028학년도 입시를 앞두고 전공 연계 과목 선택 안내 또는 가이드라인을 별도로 공개하고 있다. 서울대는 2025년부터 2028학년도 전공 연계 과목 선택 안내를 제시했고, 연세대 역시...",2026-09-28 09:38,https://www.smartbizn.com/news/articleView.html?idxno=154894,https://www.smartbizn.com/news/articleView.html?idxno=154894
연세대학교,SMARTBIZN,[김형일의 입시컨설팅] (247) 현 고2 2028학년도 입시전략,"서울대와 연세대 등 주요 대학도 이미 2028학년도 입시를 앞두고 전공 연계 과목 선택 안내 또는 가이드라인을 별도로 공개하고 있다. 서울대는 2025년부터 2028학년도 전공 연계 과목 선택 안내를 제시했고, 연세대 역시...",2026-09-28 09:38,https://www.smartbizn.com/news/articleView.html?idxno=154894,https://www.smartbizn.com/news/articleView.html?idxno=154894
서울대학교,KOREAJOONGANGDAILY,Broken windows in Yeouido (KOR),여의도의 깨진 유리창 김은미 서울대 언론정보학과 교수 사회과학에서 깨진 유리창 이론이라는 이름으로 널리 알려진 개념이 있다. 동네에 깨진 유리창 하나를 그대로...,2026-09-28 09:37,https://www.koreajoongangdaily.com/bilingual-news/broken-windows-in-yeouido-kor/12893482,https://n.news.naver.com/mnews/article/640/0000094737?sid=110
서울대학교,연합뉴스,"최교진, 전남대 찾아 '서울대 10개 만들기' 사업 점검",반도체·에너지 인재양성·산학연 협력 방안 논의 최교진 교육부 장관이 28일 오후 전남대학교를 찾아 학교 및 산업계 관계자들과 간담회를 연다고 교육부가 밝혔다. 이번 방문은 전남대의 '서울대 10개 만들기' 패키지...,2026-09-28 09:37,https://www.yna.co.kr/view/AKR20260928036500530?input=1195m,https://n.news.naver.com/mnews/article/001/0016339768?sid=102
서울대학교,BBS NEWS,"임미애 ""조희대, 국민 볼모로 대통령 향해 몽니 부리는 것 아닌가""","그렇지만 서울대 10개 만들기 프로젝트에서도 빠지셨다고요. 그래서 지금 TK에서 최근에 지지율도 별로 그렇게... 라는 요구를 하고 있는 거고, 저희가 대표적으로 영양군의 경우는 서울의 강남하고 비교했을 때 제때...",2026-09-28 09:36,https://news.bbsi.co.kr/news/articleView.html?idxno=4108787,https://news.bbsi.co.kr/news/articleView.html?idxno=4108787
서울대학교,아시아경제,"""이사들 '몰랐다' 항변 면책 안돼…내부 통제 필요""",정준혁 서울대 법학전문대학원 교수는 이번 호 기고문을 통해 이사가 부담하는 주요 의무와 책임을 정리하고 실무적 대응 방안을 제시했다. 정 교수는 이사가 직접 업무를 수행하거나 이사회 안건을 검토·결정할 때...,2026-09-28 09:34,https://view.asiae.co.kr/article/2026092809344822305,https://n.news.naver.com/mnews/article/277/0005821388?sid=101
서울대학교,CHUNGNAMILBO,"[충남일보-대전교육청 다문화 공동캠페인⑥] 대전교육청, 이주배경·북...","서울스카이, 아쿠아리움 등을 방문해 역사·문화·관광 콘텐츠를 체험하고 대학로 소극장에서는 연극 관람과 배우와의 커튼콜 토크쇼를 통해 공연예술 분야의 직업 세계를 접했다. 캠프에 참가한 한 학생은 ""서울대 멘토...",2026-09-28 09:34,http://www.chungnamilbo.co.kr/news/articleView.html?idxno=911780,http://www.chungnamilbo.co.kr/news/articleView.html?idxno=911780
서울대학교,DAILY,"마포구, 김난도 교수 초청 마음건강 강연 개최",사진=마포구 제공 서울 마포구가 김난도 서울대학교 소비자학과 명예교수를 초청해 마음건강을 주제로 한 강연을 열고 참가자를 선착순 모집한다고 28일 밝혔다. 이번 강연은 '세계 정신건강의 날'을 기념해 정신건강에...,2026-09-28 09:34,https://daily.hankooki.com/news/articleView.html?idxno=1409819,https://daily.hankooki.com/news/articleView.html?idxno=1409819
서울대학교,NC,[전통N] 줄풍류 합주 대신 두 악기…이결이 고른 '가즌회상'의 여백,"국립국악고등학교와 서울대학교 음악대학 국악과를 졸업했고 서울대학교 음악대학 대학원을 마친 뒤 박사과정을 수료했다. 국가무형유산 종묘제례악과 대금정악, 서울특별시무형유산 삼현육각 이수자다. 정악과...",2026-09-28 09:34,https://www.nc.press/news/articleView.html?idxno=627286,https://www.nc.press/news/articleView.html?idxno=627286
서울대학교,TBC,"사라진 기후위기 보고서...기후부 ""지자체 책임""","[홍종호 / 서울대 환경대학원 교수 ""심지어 대학에서도 학생들 시험 성적 채점한 결과를 5년씩 보관하게 되어 있는데 보고서를 폐기합니까. 기후부 역시도 저는 무책임하고 무능한 것으로 이거 국민 세금으로 다 하는 그런...",2026-09-28 09:32,https://www.tbc.co.kr/news/view?pno=20260915142101AE05615&id=211484,https://www.tbc.co.kr/news/view?pno=20260915142101AE05615&id=211484
고려대학교,IBULGYO,[부고]이민성 한국학중앙연구원 박사 별세…향년 44세,이민성 박사는 동국대 대학원에서 불교학 석사학위를 취득한 뒤 독일 보훔루르대학교(Ruhr-Universität Bochum)... 빈소는 서울 성북구 고려대로 73 고려대 안암병원 장례식장 101호에 마련됐다. 발인은 9월 29일 오전...,2026-09-28 09:30,http://www.ibulgyo.com/news/articleView.html?idxno=442638,http://www.ibulgyo.com/news/articleView.html?idxno=442638
고려대학교,INTERVIEW365,"NAWA 기업, 부산 벡스코 '기후산업국제박람회(WCE)'서 신제품 공개",신제품인 일회용컵 스마트 쓰레기통 세로형 제품 '버티컵'은 오는 9월 30일~10월 2일 킨텍스에서 개최되는 '2026 산학연협력 EXPO 고려대학교 부스'에서 추가적인 고객 피드백을 받을 예정이다.,2026-09-28 09:30,http://www.interview365.com/news/articleView.html?idxno=112158,http://www.interview365.com/news/articleView.html?idxno=112158
서울대학교,연합뉴스,관악구 곳곳서 가을 문화행사…별빛내린천서 '떠있는 거리' 공연,"10월 2일 서울대 '브런치 클래식' 공연…3일엔 '샤로수길 클럽데이' 서울 관악구(구청장 박준희)는 문화의 달 10월을 맞아 별빛내린천, 구청 광장, 샤로수길 등 곳곳에서 다양한 문화행사를 마련한다고 28일 밝혔다. 먼저...",2026-09-28 09:29,https://www.yna.co.kr/view/AKR20260928035600004?input=1195m,https://n.news.naver.com/mnews/article/001/0016339741?sid=102
연세대학교,아시아타임즈,[28일 성남시] 마이스산업 성과지표 마련 등,김호 서울대학교 보건대학원 교수는 ‘기후변화와 건강: 도시환경과 적응’을 주제로 기후변화가 건강에... 주제발표 이후에는 변병설 인하대학교 행정학과 교수가 좌장을 맡아 지정토론을 진행한다. 손창우 연세대학교...,2026-09-28 09:26,https://www.asiatime.co.kr/article/20260928500057,https://www.asiatime.co.kr/article/20260928500057
서울대학교,HANDMK,박영사 『국가 영토론』 출간,"대구대학교 일본어일본학과 교수, 최효원 한국형사법무정책연구원 부연구위원, 윤대현 FM그룹 회장 겸 한국헌법학연구소 고문, 조기환 에머티바이오 대표이사, 김준호 전 서울대학교 국가재정연구센터 연구원 등 10명이...",2026-09-28 09:26,https://www.handmk.com/news/articleView.html?idxno=43131,https://www.handmk.com/news/articleView.html?idxno=43131
고려대학교,HANDMK,박영사 『국가 영토론』 출간,"강원대학교 법학전문대학원 교수, 최장근 대구대학교 일본어일본학과 교수, 최효원 한국형사법무정책연구원... 정동은 고려대학교 국제법연구센터 고문은 ""본서가 앞으로 국가 영토론에 대한 학술적 논의뿐 아니라...",2026-09-28 09:26,https://www.handmk.com/news/articleView.html?idxno=43131,https://www.handmk.com/news/articleView.html?idxno=43131
서울대학교,아시아타임즈,[28일 성남시] 마이스산업 성과지표 마련 등,"김호 서울대학교 보건대학원 교수는 ‘기후변화와 건강: 도시환경과 적응’을 주제로 기후변화가 건강에... 손창우 연세대학교 보건행정학부 교수, 김성아 서울연구원 포용도시연구실 연구위원, 신지영...",2026-09-28 09:26,https://www.asiatime.co.kr/article/20260928500057,https://www.asiatime.co.kr/article/20260928500057
고려대학교,문화일보,“대구 경제 63%가 전통 제조업 의존… AI 접목한 대개조 매진할 것”[민...,“단순히 정치적 고려에 의해서 행해진 프로젝트라고 생각한다. 그렇지만 여러 여건을 만들면 기회는 온다.... 계성고 △고려대 경영학과 △제25회 행정고시 합격 △미국 오리건대 대학원 경제학 석사 △제20·21·22대...,2026-09-28 09:25,https://www.munhwa.com/article/11619752?ref=naver,https://n.news.naver.com/mnews/article/021/0002821473?sid=102
서울대학교,TV리포트,"'음주 논란→6년 만 복귀' 男가수, 생방 중 '방귀 소동' 터졌다…본인도...",서울대학교 치과대학을 중퇴하고 중앙대학교 연극학과에 편입한 이력도 화제가 됐다. 이후에는 드라마 ‘궁’과 ‘로맨스가 필요해’ 등에 이름을 올리며 배우로 활동 범위를 넓혔다. 사생활 문제로 구설에 오른 적도...,2026-09-28 09:25,https://www.tvreport.co.kr/entertainment/article/1078735/,https://m.entertain.naver.com/article/213/0001402651
서울대학교,파이낸셜뉴스,"서울대기술지주, 'GPU 종속 낮출' AI SW에 베팅 [fn마켓워치]","서울대학교기술지주가 인공지능(AI) 반도체 종류에 관계없이 구동할 수 있는 크로스플랫폼 소프트웨어(SW)... 28일 차인환 서울대기술지주 대표는 ""글로벌 AI 시장에서 특정 반도체 칩 독점에 따른 비용 부담을 줄이고자...",2026-09-28 09:22,https://www.fnnews.com/news/202609280816024297,https://n.news.naver.com/mnews/article/014/0005581398?sid=101
연세대학교,TV리포트,"'국민 배우' 최수종, 모친상 비보 속…이병헌·김혜수·변요한 등 연예...","유족은 연세대학교 신촌세브란스 장례식장에 빈소를 마련했으며 26일 오후부터 조객들을 맞이했다. 영정 앞에는 이병헌, 김혜수, 변요한 등 동료 배우들이 보낸 근조화환이 놓였고, 주상욱-차예련 부부, 박하선-류수영...",2026-09-28 09:21,https://www.tvreport.co.kr/entertainment/article/1078731/,https://m.entertain.naver.com/article/213/0001402649
서울대학교,INCHEONIN,인천시 행정부시장에 김성중 경기도 행정1부지사,"김 부시장은 서울대 행정대학원에서 행정학 석사, 영국 엑시터 대학에서 공공행정학 석사 학위를 받은 학구파다. 김성중 행정부시장은 3개월가량 행정부시장이 공백이었던 점을 고려해 이날 박찬대 시장으로부터...",2026-09-28 09:20,http://www.incheonin.com/news/articleView.html?idxno=121068,http://www.incheonin.com/news/articleView.html?idxno=121068
연세대학교,국제뉴스,"인천시, 中文'인천지창' 2026년 가을호 발간","화교 가족의 인천 정착기, 소래습지생태공원과 하늘정원 코스모스, 영흥도 포도, 연세대 국제캠퍼스 학생의 중국 이야기 등도 포함됐다. 독자 참여형 퀴즈 이벤트가 마련됐으며, 추첨을 통해 3명에게 상품이 증정된다....",2026-09-28 09:20,https://www.gukjenews.com/news/articleView.html?idxno=3706748,https://www.gukjenews.com/news/articleView.html?idxno=3706748
연세대학교,INCHEONIN,인천시 행정부시장에 김성중 경기도 행정1부지사,"그는 제주 오현고와 연세대 행정학과를 나와 행정고시 39회로 공직을 시작해 행정자치부 장관 비서실장... 김 부시장은 서울대 행정대학원에서 행정학 석사, 영국 엑시터 대학에서 공공행정학 석사 학위를 받은 학구파다....",2026-09-28 09:20,http://www.incheonin.com/news/articleView.html?idxno=121068,http://www.incheonin.com/news/articleView.html?idxno=121068
서울대학교,한국대학신문,"멀어진 통일의 꿈, 익숙해진 분단 현실","인식(서울시립대 국제관계학과 황지환 교수)을 주제로 심화 분석 내용을 발표하고, 이선우 서울대 정치외교학부 교수와 김필국 MBC 논설위원의 토론이 있을 예정이다. 3부에서는 △박명규(서울대 통일평화연구원...",2026-09-28 09:18,https://news.unn.net/news/articleView.html?idxno=597919,https://news.unn.net/news/articleView.html?idxno=597919
서울대학교,TV리포트,"""억지 음모론→고인 모독""…홍혜걸, '암살자(들)' 역사 왜곡 논란에 직...","홍혜걸은 서울대 의과대학 선후배로 만난 의사 겸 방송인 여에스더와 1994년 결혼해 슬하에 두 아들을 두고 있다. / 사진= 영화 '암살자(들)', SBS '동상이몽2-너는 내 운명', KBS 2TV '옥탑방의 문제아들'",2026-09-28 09:18,https://www.tvreport.co.kr/entertainment/article/1078726/,https://m.entertain.naver.com/article/213/0001402647
서울대학교,뉴시스,"[성남소식]시, 노인복지시설 16곳 위험요인 사전 확인 등","김호 서울대학교 보건대학원 교수가 '기후변화와 건강: 도시환경과 적응'을 주제로 기후변화가 건강에... 연세대학교 보건행정학부 교수, 김성아 서울연구원 포용도시연구실 연구위원, 신지영 한국보건사회연구원...",2026-09-28 09:18,https://www.newsis.com/view/NISX20260928_0003804561,https://n.news.naver.com/mnews/article/003/0014216650?sid=102
연세대학교,뉴시스,"[성남소식]시, 노인복지시설 16곳 위험요인 사전 확인 등","김호 서울대학교 보건대학원 교수가 '기후변화와 건강: 도시환경과 적응'을 주제로 기후변화가 건강에... 인하대학교 행정학과 교수가 좌장을 맡아 손창우 연세대학교 보건행정학부 교수, 김성아 서울연구원...",2026-09-28 09:18,https://www.newsis.com/view/NISX20260928_0003804561,https://n.news.naver.com/mnews/article/003/0014216650?sid=102
고려대학교,BNTNEWS,"‘日 정식 데뷔’ 이즈나, 브랜드평판 62계단 상승","이즈나는 가천대학교, 한서대학교, 여주대학교에 이어 경희대학교 국제캠퍼스, 고려대학교, 동덕여자대학교, 전주대학교, 명지전문대학 등 다양한 캠퍼스 무대에 오를 예정이다. 한편 이즈나는 오는 10월 9일...",2026-09-28 09:16,https://www.bntnews.co.kr/article/view/bnt202609280115,https://www.bntnews.co.kr/article/view/bnt202609280115
고려대학교,바이오타임즈,"엔도로보틱스, 미래에셋증권 IPO 대표주관사 우선협상대상자 선정…2028...","엔도로보틱스는 김병곤 대표와 고려대학교 홍대희 교수 연구팀이 2012년부터 과학기술정보통신부와... 김병곤 엔도로보틱스 대표는 ""기술개발과 상용화 과정에서 시장의 요구를 고려해 온 결과 더 큰 성과로 이어질 수...",2026-09-28 09:16,https://www.biotimes.co.kr/news/articleView.html?idxno=34716,https://www.biotimes.co.kr/news/articleView.html?idxno=34716
고려대학교,일간스포츠,"온앤오프, 도쿄서 ‘어텀 피크닉’…日 퓨즈와 이틀간 만났다",앞으로도 좋은 음악과 무대로 보답하겠다”고 전했다. 온앤오프는 오는 10월 17일 서울 성북구 고려대학교 화정체육관에서 열리는 ‘하트비트 바이 두두두 2026’ 무대에 올라 국내 팬들과 만난다. 유화연 기자,2026-09-28 09:15,https://isplus.com/article/view/isp202609280050,https://m.entertain.naver.com/article/241/0003532585
고려대학교,톱스타뉴스,"izna, ""브랜드평판 62계단 상승""…첫 콘서트 투어까지 글로벌 행보","izna는 가천대학교, 한서대학교, 여주대학교 무대에 선 데 이어 경희대학교 국제캠퍼스, 고려대학교, 동덕여자대학교, 전주대학교, 명지전문대학 등 여러 캠퍼스 공연을 통해 학생 관객과도 만나고 있다. 이와 같은...",2026-09-28 09:14,https://www.topstarnews.net/news/articleView.html?idxno=16221796,https://www.topstarnews.net/news/articleView.html?idxno=16221796
서울대학교,MONEWS,"[동정] 박성배 교수팀, 척추 기초연구 부분 우리 학술상 수상",서울대학교병원운영 서울특별시보라매병원 박성배 교수(신경외과) 연구팀이 지난 17일부터 19일까지 드래곤시티에서 열린 제40차 대한척추신경외과학회 정기학술대회에서 기초연구 부문 우리 학술상을...,2026-09-28 09:14,https://www.monews.co.kr/news/articleView.html?idxno=414163,https://www.monews.co.kr/news/articleView.html?idxno=414163
연세대학교,JTBC,"20GB 요금제 비교해보니…""서울 통신비 세계 최고 수준""",[김정식/연세대 경제학부 교수 : 공급적인 측면에도 독과점 문제가 있고 수요도 굉장히 강하기 때문에 수요가 많기 때문에 가격을 높여도 그 쓰지 않을 수가 없다…] 통신사들의 담합 구조를 다시 들여다봐야 한다는...,2026-09-28 09:12,https://news.jtbc.co.kr/article/NB12320195?influxDiv=NAVER,https://n.news.naver.com/mnews/article/437/0000512954?sid=101
서울대학교,UPKOREANEWS,"추석 연휴 끝, 월요일 일상 복귀…'명절 후유증' 어떻게 극복할까","분당서울대학교병원 건강상식 코너에서는 명절증후군을 명절 기간 스트레스와 생활 변화 등에 따라 나타나는... 서울아산병원 건강TV는 수면이 부족하거나 질이 떨어지면 낮 동안 졸림과 집중력·기억력 저하, 감정 변화...",2026-09-28 09:12,https://www.upkoreanews.kr/news/articleView.html?idxno=100410,https://www.upkoreanews.kr/news/articleView.html?idxno=100410
고려대학교,CBCI,"[정국 파장] 출구 없는 '네 탓' 공방…사법부 독립 원칙인가, 정무적 무...","차진아 고려대 로스쿨 교수는 대통령이 임명권을 갖지만 합당한 사유를 제시해야 하며, 남은 후보 중 제청을 요구하는 것은 제청권 침해로 볼 수 있다고 설명했다. 관행적으로 사법부와 행정부가 협의로 인선을...",2026-09-28 09:10,https://www.cbci.co.kr/news/articleView.html?idxno=610171,https://www.cbci.co.kr/news/articleView.html?idxno=610171
연세대학교,PUBLIC25,[부고] 은형석씨(참씨큐리티 대표) 모친상,"△ 유명자씨(광림교회 권사) 별세, 은형주·형민·형석씨(참씨큐리티 대표) 모친상 = 27일, 연세대 신촌세브란스병원 장례식장 9호실, 발인 29일 오전 6시 20분, 장지 하늘문추모공원, (02)2227-7500 노혁진 객원기자",2026-09-28 09:06,https://www.public25.com/news/articleView.html?idxno=55414,https://www.public25.com/news/articleView.html?idxno=55414
연세대학교,KR,"트라운드, KIMES BUSAN 2026서 비착용 청각보조 의자 'SoundXR Chair' 선보...","공인시험인증센터 평가에서 청각과 촉각의 실시간 연동을 통해 미디어 몰입도가 16.78% 향상된 것으로 확인됐으며, 연세대학교 원주세브란스기독병원 사용적합성 형성평가에서 전 과업 작업 성공률 100%, 만족도 92....",2026-09-28 09:04,https://kr.aving.net/news/articleView.html?idxno=1814774,https://kr.aving.net/news/articleView.html?idxno=1814774
서울대학교,뉴스1,"최교진, 전남대 찾아 '서울대 10개' 점검…서남권 인재 양성 논의",최교진 교육부 장관이 '서울대 10개 만들기' 우선 지원 대학 중 1곳인 전남대학교의 사업 추진 계획을 점검하고 서남권 인재 양성 방안을 논의한다. 최 장관은 28일 패키지 지원대학으로 선정된 전남대를 방문해 대학...,2026-09-28 09:03,https://www.news1.kr/society/education/6302749,https://n.news.naver.com/mnews/article/421/0009194315?sid=102
고려대학교,영남일보,[특성화고 특집]대구소프트웨어마이스터고…실리콘밸리 IT기업 취업자 ...,취업 후 고려대·성균관대·경북대 등 소프트웨어 관련 학과에 재직자 특별전형으로 진학하는 길도 열려 있다. 김유경 대구SW마이스터고 교장 학교는 교육부 직업계고 재구조화 지원 사업에 선정돼 2028학년도...,2026-09-28 09:02,https://www.yeongnam.com/web/view.php?key=20260927023510330,https://www.yeongnam.com/web/view.php?key=20260927023510330
연세대학교,바스켓코리아,[나고야 AG] “교수님 저희 금메달 따왔습니다!” 복귀하자마자 적으로...,"5x5 대표팀 형들이 각자의 소속팀으로 복귀했듯, 사상 첫 금메달을 일궈낸 이주영, 김승우(연세대), 이동근(고려대), 구민교(성균관대) 등 ‘대학생 4인방’ 역시 각자의 소속 대학으로 돌아간다. 올해 초 소집을 시작으로...",2026-09-28 09:00,https://basketkorea.com/news/newsview.php?ncode=1065540843965895,https://m.sports.naver.com/basketball/article/351/0000088404
서울대학교,중앙일보,"“통일 필요” 39%, “현재가 좋다” 31.5%…서울대, 통일의식 조사","서울대학교 통일평화연구원은 9월 29일 서울대 국제대학원에서 ‘통일의식조사 20년: 멀어진 통일의 꿈, 익숙해진 분단 현실’을 주제로 ‘2026 통일의식조사’ 결과를 발표한다. 연구원은 2007년부터 통일과 북한...",2026-09-28 09:00,https://www.joongang.co.kr/article/25465149,https://n.news.naver.com/mnews/article/025/0003554120?sid=102
연세대학교,BUSINESSPOST,[김민정 기자의 '코스뽀'] '적외선영상센서' 아이쓰리시스템 주가 반등...,1960년 태어나 연세대학교 전자공학과를 졸업한 뒤 한국과학기술원(KAIST)에서 전자공학 석사와 박사학위를 받았다. 1996년 현대전자(현 SK하이닉스)에서 선임연구원으로 일하다 1998년 회사를 나와 한꿈엔지니어링을...,2026-09-28 09:00,https://www.businesspost.co.kr/BP?command=article_view&num=447980,https://www.businesspost.co.kr/BP?command=article_view&num=447980
고려대학교,바스켓코리아,[나고야 AG] “교수님 저희 금메달 따왔습니다!” 복귀하자마자 적으로...,"5x5 대표팀 형들이 각자의 소속팀으로 복귀했듯, 사상 첫 금메달을 일궈낸 이주영, 김승우(연세대), 이동근(고려대), 구민교(성균관대) 등 ‘대학생 4인방’ 역시 각자의 소속 대학으로 돌아간다. 올해 초 소집을 시작으로...",2026-09-28 09:00,https://basketkorea.com/news/newsview.php?ncode=1065540843965895,https://m.sports.naver.com/basketball/article/351/0000088404
서울대학교,약업신문,"DIA Korea, ‘RMP Forum’ 10월23일 개최…글로벌 규제·RWD 활용 전략 논...","이화여자대학교, 카카오헬스케어, 모더나코리아, 셀타스퀘어 전문가들이 발표한다.이어지는... 프로그램 위원장을 맡은 신주영 서울대학교 약학대학 교수는 “RMP는 실제 진료현장에서 축적되는...",2026-09-28 08:56,https://www.yakup.com/news/index.html?mode=view&cat=12&nid=332986,https://www.yakup.com/news/index.html?mode=view&cat=12&nid=332986
서울대학교,한국강사신문,"[강원국의 인생독서] ""좋은 책의 기준은 바로 오래 살아남은 책이다.""","칼럼니스트 프로필 강원국 칼럼니스트는 서울대학교 외교학과를 졸업했고, 2000년부터 2008년까지 대통령비서실 공보수석실 행정관, 연설비서관으로 재직했다. 2004년 홍조근정훈장을 수상했다. 쉰 살까지 기업...",2026-09-28 08:56,https://www.lecturernews.com/news/articleView.html?idxno=211168,https://www.lecturernews.com/news/articleView.html?idxno=211168
서울대학교,국제뉴스,"관악구, 10월 31일 '플레이스트리트' 개최","서울대학교 미술교육과 동아리와 함께하는 탁본·레진 딥아트 체험, 스포츠 리듬 트레이닝, 중앙대학교 국궁... 이외에도 서울 지역 대학 동아리와 학부모 공동체가 화장품·향수 만들기, 꽃 장식, 양말목 공예 등 다양한...",2026-09-28 08:56,https://www.gukjenews.com/news/articleView.html?idxno=3706590,https://www.gukjenews.com/news/articleView.html?idxno=3706590
서울대학교,매일일보,"성남시, '2026년 건강도시 심포지엄' 개최…기후위기·도시 회복력 논의...","김호 서울대학교 보건대학원 교수는 '기후변화와 건강: 도시환경과 적응'을 주제로 기후변화가 건강에... 손창우 연세대학교 보건행정학부 교수와 김성아 서울연구원 포용도시연구실 연구위원, 신지영 한국보건사회연구원...",2026-09-28 08:54,https://www.m-i.kr/news/articleView.html?idxno=1418209,https://www.m-i.kr/news/articleView.html?idxno=1418209
연세대학교,매일일보,"성남시, '2026년 건강도시 심포지엄' 개최…기후위기·도시 회복력 논의...",김호 서울대학교 보건대학원 교수는 '기후변화와 건강: 도시환경과 적응'을 주제로 기후변화가 건강에... 발표 이후에는 변병설 인하대학교 행정학과 교수가 좌장을 맡아 지정토론을 진행한다. 손창우 연세대학교...,2026-09-28 08:54,https://www.m-i.kr/news/articleView.html?idxno=1418209,https://www.m-i.kr/news/articleView.html?idxno=1418209
연세대학교,매일경제,"최수종·하희라 모친상, 유독 부부들이 함께했다…주상욱·차예련부터",최수종은 지난 25일 모친 이숙경 씨를 떠나보낸 뒤 하희라와 함께 연세대학교 신촌세브란스 장례식장에 마련된 빈소를 지키며 조문객을 맞고 있다. 연예계 대표 잉꼬부부로 오랜 시간 사랑받아온 최수종·하희라 부부의...,2026-09-28 08:51,https://www.mk.co.kr/article/12162264,https://m.entertain.naver.com/article/410/0001141456
연세대학교,DISCOVERYNEWS,"성남시, 건강도시 심포지엄 개최…기후변화 건강영향·적응정책 논의",첫 발표는 김호 서울대학교 보건대학원 교수가 맡아 기후변화에 따른 건강 영향을 짚고 도시가 마련해야 할... 주제 발표 뒤에는 변병설 인하대학교 행정학과 교수가 좌장을 맡아 전문가 토론을 진행한다. 손창우 연세대학...,2026-09-28 08:50,https://www.discoverynews.kr/news/articleView.html?idxno=1102613,https://www.discoverynews.kr/news/articleView.html?idxno=1102613
서울대학교,DISCOVERYNEWS,"성남시, 건강도시 심포지엄 개최…기후변화 건강영향·적응정책 논의","첫 발표는 김호 서울대학교 보건대학원 교수가 맡아 기후변화에 따른 건강 영향을 짚고 도시가 마련해야 할... 손창우 연세대학교 교수와 김성아 서울연구원 연구위원, 신지영 한국보건사회연구원 부연구위원이 참여해...",2026-09-28 08:50,https://www.discoverynews.kr/news/articleView.html?idxno=1102613,https://www.discoverynews.kr/news/articleView.html?idxno=1102613
연세대학교,뉴스1,[부고] 은형석 씨(참씨큐리티 대표) 모친상,"■ 유명자 씨(광림교회 권사) 별세, 은형주·형민·형석 씨(참씨큐리티 대표) 모친상 = 27일, 연세대 신촌세브란스병원 장례식장 9호실, 발인 29일 오전 6시 20분, 장지 하늘문추모공원. (02)2227-7500 * 부고 게재...",2026-09-28 08:49,https://www.news1.kr/it-science/security-hacking/6302717,https://n.news.naver.com/mnews/article/421/0009194270?sid=102
서울대학교,ILEMONDE,[나연수의 투자칼럼] 주가는 이익과 할인율로 매겨집니다 — 집보다 쉽...,"* 나연수 칼럼니스트는 서울대학교 국제경제학과를 졸업한 뒤 대기업과 공기업에서 전략기획과 재무관리 업무를 담당했습니다. 이후 사모펀드 운용사에서 투자심의와 딜 소싱, 리스크 관리 경험을 쌓았으며, 2021년...",2026-09-28 08:44,https://www.ilemonde.com/news/articleView.html?idxno=30681,https://www.ilemonde.com/news/articleView.html?idxno=30681
고려대학교,스타뉴스,"""럭비 하면 연·고대 갈 수 있어요"" 한국 럭비 지도자의 '웃픈' 한마디....","현재 국내에서 럭비부를 운영하는 주요 대학은 고려대와 연세대, 경희대, 단국대 정도다. 김 감독은 지난달... 이후 대학 진학에는 어떤 도움이 되는지를 먼저 보는 경우도 있다""고 말했다. 심지어 ""대학교에 가면 럭비는...",2026-09-28 08:41,https://www.starnewskorea.com/sports/2026/09/28/2026092715410041240,https://m.sports.naver.com/general/article/108/0003473996
연세대학교,스타뉴스,"""럭비 하면 연·고대 갈 수 있어요"" 한국 럭비 지도자의 '웃픈' 한마디....","현재 국내에서 럭비부를 운영하는 주요 대학은 고려대와 연세대, 경희대, 단국대 정도다. 김 감독은 지난달... 이후 대학 진학에는 어떤 도움이 되는지를 먼저 보는 경우도 있다""고 말했다. 심지어 ""대학교에 가면 럭비는...",2026-09-28 08:41,https://www.starnewskorea.com/sports/2026/09/28/2026092715410041240,https://m.sports.naver.com/general/article/108/0003473996
서울대학교,BIZWORK,"COPD 3제 흡입제 '브레즈트리', 종합병원 처방권 넓힌다",28일 관련 업계에 따르면 브레즈트리 에어로스피어(부데소니드·글리코피로니움·포르모테롤)는 최근 서울대학교병원과 신촌세브란스병원 등 상급종합병원 약사위원회(DC)를 통과했다. 지난 9월 보험급여가...,2026-09-28 08:40,https://www.bizwork.co.kr/news/articleView.html?idxno=419432,https://www.bizwork.co.kr/news/articleView.html?idxno=419432
서울대학교,이투데이,"삼일PwC ""이사의 '몰랐다'는 항변 면책 안돼…내부통제 작동해야""","이번 호에는 정준혁 서울대 법학전문대학원 교수가 ‘이사의 법적 책임, 알고 대비하기’를 주제로 기고해, 이사가 부담하는 주요 의무와 책임을 정리하고 실무적 대응 방안을 제시했다. 기고문은 이사가 직접 업무를...",2026-09-28 08:40,https://www.etoday.co.kr/news/view/2629666,https://www.etoday.co.kr/news/view/2629666
서울대학교,E2NEWS,"정학근 에기硏 신임원장 ""탄소중립 위한 수직도약""",1973년 생인 신임 정학근 원장은 전남대학교 전기공학 학사(1996년)와 GIST 메카트로닉스공학 석사를 거쳐 서울대학교에서 기계항공공학 박사학위(2013년)를 취득했다. 1998년 에너지기술연구원에 입사한 이후 주로 효율...,2026-09-28 08:40,http://www.e2news.com/news/articleView.html?idxno=334596,http://www.e2news.com/news/articleView.html?idxno=334596
고려대학교,톱스타뉴스,"온앤오프, 日 팬들과 '어텀 피크닉'에서 가까이 만난 이유",일본 일정을 마무리한 온앤오프는 국내 무대로 발걸음을 옮긴다. 온앤오프는 오는 10월 17일 서울 성북구 고려대학교 화정체육관에서 열리는 'HEARTBEAT BY DUDUDO 2026'에 출연해 국내 팬들과 다시 만날 예정이다.,2026-09-28 08:38,https://www.topstarnews.net/news/articleView.html?idxno=16221748,https://www.topstarnews.net/news/articleView.html?idxno=16221748
서울대학교,국제뉴스,"오유경 아나운서 ""3살 연상 남편 얼굴 보며 매일 행복""","오 아나운서보다 3살 연상인 천종식 교수는 점잖은 모습으로 출연진의 시선을 끌었다. 서울대학교에서 20년간 교수로 재직한 천 교수는 ""이런 생방송 출연은 처음이라 굉장히 떨린다""며 긴장된 소감을 밝혔다.",2026-09-28 08:36,https://www.gukjenews.com/news/articleView.html?idxno=3706708,https://www.gukjenews.com/news/articleView.html?idxno=3706708
고려대학교,의학신문,"우리아이들병원, 지역사회에 꽃송이버섯 120박스 기부","고려대학교의료원 교류협력 우리아이들의료재단 우리아이들병원(이사장 정성관, 병원장 백정현)이 추석을 맞아 지역사회와 따뜻한 마음을 나누기 위해 구로구 관내 기관에 꽃송이버섯 120박스를 기부했다고 23일 밝혔다....",2026-09-28 08:36,https://www.bosa.co.kr/news/articleView.html?idxno=3012818,https://www.bosa.co.kr/news/articleView.html?idxno=3012818
연세대학교,HEMOPHILIA,"연세대 세브란스병원-인천 퍼스트병원, '급성기-회복기 재활 연계' 진료...","상급종합병원인 연세대학교 세브란스병원과 공식 진료협력 협약을 체결하고, 본격적인 '수술-회복기 재활... 내에서 대학병원급 수술 경과를 온전히 이해하고 이어받을 병원을 찾기 어려웠기 때문이다. 이번...",2026-09-28 08:36,https://www.hemophilia.co.kr/news/articleView.html?idxno=44591,https://www.hemophilia.co.kr/news/articleView.html?idxno=44591
서울대학교,KOR,[오늘의 신문] 대미투자 확정 지연·서울 전셋값 상승…DMZ 폭발 조사와...,뿌연 대기 너머로 서울의 한 아파트 단지가 겹겹이 보인다. 지난달 서울 아파트 평균 전세가격은 2년 전보다... 최근 5년간 ‘SKY’ 대학 중도탈락 1만736명2021년부터 2025년까지 서울대·고려대·연세대 중도탈락 학생이...,2026-09-28 08:32,http://kor.theasian.asia/archives/416807,http://kor.theasian.asia/archives/416807
고려대학교,KOR,[오늘의 신문] 대미투자 확정 지연·서울 전셋값 상승…DMZ 폭발 조사와...,폭발물의 종류와 매설 경위는 현장조사 결과를 통해 확인해야 한다.최근 5년간 ‘SKY’ 대학 중도탈락 1만736명2021년부터 2025년까지 서울대·고려대·연세대 중도탈락 학생이 1만736명으로 집계됐다. 종로학원은 의학계열...,2026-09-28 08:32,http://kor.theasian.asia/archives/416807,http://kor.theasian.asia/archives/416807
연세대학교,KOR,[오늘의 신문] 대미투자 확정 지연·서울 전셋값 상승…DMZ 폭발 조사와...,폭발물의 종류와 매설 경위는 현장조사 결과를 통해 확인해야 한다.최근 5년간 ‘SKY’ 대학 중도탈락 1만736명2021년부터 2025년까지 서울대·고려대·연세대 중도탈락 학생이 1만736명으로 집계됐다. 종로학원은 의학계열...,2026-09-28 08:32,http://kor.theasian.asia/archives/416807,http://kor.theasian.asia/archives/416807
서울대학교,HBNPRESS,"마포구, 세계 정신건강의 날 맞아 김난도 교수 강연",서울 마포구가 세계 정신건강의 날을 맞아 구민들이 마음건강을 돌아볼 수 있는 강연을 마련한다. 마포구는 내달 13일 김난도 서울대학교 소비자학과 명예교수를 초청해 ‘마음의 트렌드를 읽다’를 주제로 강연을...,2026-09-28 08:30,https://hbnpress.com/news/view/1065569071834818,https://hbnpress.com/news/view/1065569071834818
고려대학교,브릿지경제,세종시교육청 이윤홍 부교육감 28일 취임,"고려대학교를 졸업하고, 2001년 행정고시 44회에 합격하며 공직에 입문했다. 그는 교육부에서 창조행정담당관, 혁신행정담당관, 운영지원과장, 장관실 비서실장 등 다양한 직책을 맡아왔으며, 부경대학교 사무국장...",2026-09-28 08:30,https://www.viva100.com/article/20260928500058,https://www.viva100.com/article/20260928500058
연세대학교,YTN,"청와대 ""우크라, '북한 포로' 거짓말...사과하라"" [뉴스UP]",■ 진행 : 조진혁 앵커 ■ 출연 : 봉영식 연세대 국제대학원 객원교수 * 아래 텍스트는 실제 방송 내용과 차이가 있을 수 있으니 보다 정확한 내용은 방송으로 확인하시기 바랍니다. 인용 시 [YTN 뉴스UP] 명시해주시기...,2026-09-28 08:30,https://www.ytn.co.kr/_ln/0101_202609280830238285,https://n.news.naver.com/mnews/article/052/0002411742?sid=100
서울대학교,스타뉴스,"""영화 '암살자(들) 불편, 고인 모독""..홍혜걸, 공개 저격",해당 작품은 개봉 후 4일 만에 100만 관객을 넘어섰다. 한편 홍혜걸은 서울대 의과대학 선후배로 만난 의사 겸 방송인 여에스더와 1994년 결혼해 슬하에 두 아들을 두고 있다.,2026-09-28 08:24,https://www.starnewskorea.com/star/2026/09/28/2026092808033624275,https://m.entertain.naver.com/article/108/0003473991
서울대학교,이데일리,"서울대기술지주, AI 소프트웨어 스타트업 ‘바이스트라타’ 투자",서울대학교기술지주가 로봇과 자율주행차 등에 들어가는 AI 소프트웨어 스타트업 바이스트라타에 투자했다. 서울대기술지주는 바이스트라타에 신규 투자를 진행했다고 28일 밝혔다. 투자 규모는 공개하지 않았다....,2026-09-28 08:24,https://www.edaily.co.kr/News/Read?newsId=02066406645584712&mediaCodeNo=257&utm_source=naver&utm_medium=referral&utm_campaign=news_syndication&utm_content=original_article,https://n.news.naver.com/mnews/article/018/0006376121?sid=105
고려대학교,BNTNEWS,"온앤오프, 일본 팬미팅 마무리",“언제나 변함없이 응원해 주시는 팬분들께 감사드린다”고 전했다. 온앤오프는 오는 10월 17일 서울 고려대학교 화정체육관에서 열리는 ‘하트비트 바이 두두두 2026’ 무대에 오른다. 사진제공=케이아이엔터테인먼트,2026-09-28 08:24,https://www.bntnews.co.kr/article/view/bnt202609280077,https://www.bntnews.co.kr/article/view/bnt202609280077
서울대학교,DNEWS,"[부산ㆍ경남 대학 브리핑 모음(9월28일)] 경상국립대, 외국인 유학생 10...","이번 대회는 지난 17일부터 19일까지 서울과학기술대학교 주관으로 서울과학기술대와 육사화랑구장 등에서... 국립부경대는 예선에서 방송통신대학교를 5대 0, 강원대학교를 3대 1, 서울대학교를 2대 0으로 차례로 꺾으며...",2026-09-28 08:22,https://www.dnews.co.kr/uhtml/view.jsp?idxno=202609251118376500376,https://www.dnews.co.kr/uhtml/view.jsp?idxno=202609251118376500376
고려대학교,STARDAILYNEWS,"[S이슈] 영탁, 3년의 기다림 끝에 만든 'GOGO', 그리고 '꺾어'가 보여준...",다음 장면은 10월 3일부터 5일까지 서울 고려대학교 화정체육관에서 열리는 단독 콘서트 'TAK SHOW5'다. 서울 공연 이후 전주·대구·인천·부산으로 전국투어가 이어진다. 음악방송에서 시작된 '꺾어'의 에너지가 이제는...,2026-09-28 08:20,https://www.stardailynews.co.kr/news/articleView.html?idxno=550729,https://www.stardailynews.co.kr/news/articleView.html?idxno=550729
고려대학교,신아일보,"김희정 국회 교육위원장, 수시모집 대학 143곳, 접수번호로 지원 인원 유...",국회 교육위원회 김희정 위원장(국민의힘·부산 연제구)이 한국대학교육협의회를 통해 전국 일반대학... 김 위원장에 따르면 해당 대학에는 연세대·고려대·한양대 등 서울 소재 대학 30곳과 부산대·인천대·충북대 등...,2026-09-28 08:16,https://www.shinailbo.co.kr/news/articleView.html?idxno=5066136,https://www.shinailbo.co.kr/news/articleView.html?idxno=5066136
연세대학교,신아일보,"김희정 국회 교육위원장, 수시모집 대학 143곳, 접수번호로 지원 인원 유...",국회 교육위원회 김희정 위원장(국민의힘·부산 연제구)이 한국대학교육협의회를 통해 전국 일반대학... 김 위원장에 따르면 해당 대학에는 연세대·고려대·한양대 등 서울 소재 대학 30곳과 부산대·인천대·충북대 등...,2026-09-28 08:16,https://www.shinailbo.co.kr/news/articleView.html?idxno=5066136,https://www.shinailbo.co.kr/news/articleView.html?idxno=5066136
서울대학교,톱스타뉴스,"김신록, 우아한 트위드 자태…FW 캠페인 화보로 물들인 존재감",서울대학교 사회과학대학 지리학과를 졸업한 김신록은 한양대학교 대학원 연극영화학 과정과 한국예술종합학교 연극원 연기과 예술전문사 과정을 거치며 이론과 실기를 두루 갖춘 배우로 성장했다. 유도 공인 3단...,2026-09-28 08:16,https://www.topstarnews.net/news/articleView.html?idxno=16221709,https://www.topstarnews.net/news/articleView.html?idxno=16221709
고려대학교,SLIST,"온앤오프, 日 도쿄 팬미팅 성료…'Open The Door' 일본어 무대",일본 팬들과의 만남을 마친 온앤오프는 국내 무대로 활동을 이어간다. 오는 10월 17일 서울 성북구 고려대학교 화정체육관에서 개최되는 'HEARTBEAT BY DUDUDO 2026'에 출연해 팬들과 만날 예정이다.,2026-09-28 08:10,https://www.slist.kr/news/articleView.html?idxno=769142,https://www.slist.kr/news/articleView.html?idxno=769142
서울대학교,KLNEWS,"로지스올그룹, 유통 혁신에 대응하는 피지컬 인터넷의 비전 논의","이번 세미나는 서울대학교 경영대학 박성호 교수를 초청해 '유통 혁신의 시대, LAPI의 기회와 과제'를 주제로 진행됐으며, 약 100명의 KCCLO 회원사 관계자가 온라인으로 참석했다. 유통산업의 변화가 물류 운영 방식에...",2026-09-28 08:06,https://www.klnews.co.kr/news/articleView.html?idxno=322851,https://www.klnews.co.kr/news/articleView.html?idxno=322851
연세대학교,조선일보,“걸음걸이 이상해” 나이 탓인 줄 알았는데… ‘치료 가능한 치매’,"의심되는 변화가 나타났다면 너무 늦기 전에 확인하는 것이 중요하다."" 장원석 교수는… 연세대 의대를 졸업하고 동 대학원에서 석·박사 학위를 취득했다. 세브란스병원에서 수련한 뒤 캐나다 토론토대 부설 아동병원(The...",2026-09-28 08:01,https://health.chosun.com/site/data/html_dir/2026/09/23/2026092302984.html,https://n.news.naver.com/mnews/article/346/0000116582?sid=103
서울대학교,WOMANECONOMY,"[김성재 칼럼] 비트코인, 버틸 수 있을까? 운명을 좌우할 연준의 긴축 패...",김성재 퍼먼대학교 경영학과 교수 서울대 경제학과를 졸업한 후 종합금융회사에서 외환딜러 및 국제투자 업무를 담당했다. IMF 외환위기 당시 예금보험공사로 전직해 적기 정리부와 비서실에서 근무했다. 2005년...,2026-09-28 08:00,https://www.womaneconomy.co.kr/news/articleView.html?idxno=259108,https://www.womaneconomy.co.kr/news/articleView.html?idxno=259108
고려대학교,한국경제,[단독] 적립금 12조 쌓아두고도…손실 두려워 '2% 예금'에 방치한 사립대,다만 2008년 말 글로벌 금융위기를 거치며 대학 법인은 투자 손실에 대한 불안이 커졌다. 고려대 재단인 고려중앙학원은 2012년 이사회 심의와 의결 절차를 거치지 않고 490억원의 유동자산을 고위험 파생상품에...,2026-09-28 08:00,https://www.hankyung.com/article/2026092776431,https://n.news.naver.com/mnews/article/015/0005336437?sid=100
연세대학교,IKUNKANG,[2026년 희망가]악성 흑색종 4기 진단받은 한주영 씨가 사는 법,인터넷 검색을 하고 수소문을 해서 겨우 알아낸 것은 연세대 세브란스병원 신상준 교수가 점막 악성 흑색종의 권위자라는 거였다. 2025년 4월 14일 세브란스병원에서 PET-CT를 포함한 정밀 검사를 진행했던 이유다. 검사...,2026-09-28 08:00,https://www.ikunkang.com/news/articleView.html?idxno=51432,https://www.ikunkang.com/news/articleView.html?idxno=51432
서울대학교,핀포인트뉴스,독자 문턱 낮추고 작가 몫 늘리고…네이버웹툰이 키운 '한국 만화 생태...,유병준 서울대학교 경영대학 교수와 이재환 충남대학교 경상대학 교수팀이 진행한 '2023년 한국 창작 생태계 기여 효과' 연구에 따르면 네이버웹툰이 2023년 한 해 한국 경제에 미친 경제적 파급효과는 약 4조3522억원으로...,2026-09-28 07:56,https://www.pinpointnews.co.kr/news/articleView.html?idxno=490012,https://www.pinpointnews.co.kr/news/articleView.html?idxno=490012
서울대학교,NEWSWELL,"'SBI 협력 확대' 교보생명, 지분구조 변화에 쏠리는 눈 [조수연의 그래...","/출처=교보생명 신창재 회장은 신용호 교보생명 창업주의 장남으로, 경기고등학교를 나와 서울대 의대 박사 출신인 대표적 재벌 금수저 엘리트라고 할 수 있다. 그는 서울대 의과대학 교수까지 지내다가 1996년 43세...",2026-09-28 07:56,http://www.newswell.co.kr/news/articleView.html?idxno=22206,http://www.newswell.co.kr/news/articleView.html?idxno=22206
고려대학교,오마이뉴스,[손병관의 뉴스프레소] 씁쓸한 뒷맛 남긴 북한군 포로들의 한국행,측면을 고려하여 비공개에 합의하고 송환 절차를 진행했다고 한다. 성기홍은 우크라이나 정부에 공식적인... 광주 출신으로 대동고와 고려대 법학과를 졸업한 임현은 검찰 재직 당시 대검 공안 1·2과장과 서울중앙지검...,2026-09-28 07:46,https://www.ohmynews.com/NWS_Web/View/at_pg.aspx?CNTN_CD=A0003270802&CMPT_CD=P0010&utm_source=naver&utm_medium=newsearch&utm_campaign=naver_news,https://n.news.naver.com/mnews/article/047/0002530394?sid=102
연세대학교,헤럴드경제,‘새벽 5시 쓰러진 부모’ ‘억대 슈퍼카 몰던 코인사기범’… 서대문구...,서대문구에는 감리교신학대·경기대·디지털서울문화예술대·명지대·명지전문대·서울여자간호대·연세대·이화여대·추계예술대 등 9개 대학이 자리하고 있는데 전국 기초자치단체 중 가장 많은 대학이 밀집해 있다....,2026-09-28 07:46,https://biz.heraldcorp.com/article/10885492?ref=naver,https://n.news.naver.com/mnews/article/016/0002702303?sid=102
서울대학교,KBS,경북 국립의대 신설…이번에는 될까?,"그런 점에 많이 호소했고요.""] 지역 정치권도 서울대 10개 만들기 사업에서 경북대가 제외되는 등 'TK 홀대'가 계속될 경우 좌시하지 않겠다며 정부를 압박하고 있습니다. [이인선/국회 교육위원회/국민의힘 : ""교육이라든지...",2026-09-28 07:40,https://news.kbs.co.kr/news/pc/view/view.do?ncd=8672341&ref=A,https://n.news.naver.com/mnews/article/056/0012263972?sid=102
고려대학교,스타뉴스,'군필' 베테랑부터 '19세' 막내까지... '12년 만의 韓 농구 金' 새역사 숨...,"고려대 시절 대표팀에 발탁됐던 포인트가드 문유현은 신인답지 않게 안정적인 경기 운영을 펼쳤다. 조별리그 인도네시아전에서 10득점 8어시스트를 올린 데 이어, 한일 결승전에서도 9분간 코트를 지키며 수비와 리딩을...",2026-09-28 07:32,https://www.starnewskorea.com/sports/2026/09/28/2026092209501581332,https://m.sports.naver.com/basketball/article/108/0003473970
고려대학교,에듀동아,서연고 중도탈락자 5년간 1만명 넘어…의대 재입학 추정,"서울대 자유전공학부 11명, 경영학과 8명, 경제학부 4명, 연세대 언더우드학부 38명, 글로벌인재학부 31명, 경영계열 25명, 고려대 경영학과 48명, 경제학과 24명, 미디어학부 17명이다. 지난해 3개 대학의 전체...",2026-09-28 07:24,https://edu.donga.com/news/articleView.html?idxno=112262,https://edu.donga.com/news/articleView.html?idxno=112262
연세대학교,에듀동아,서연고 중도탈락자 5년간 1만명 넘어…의대 재입학 추정,"27일 종로학원이 27일 대학알리미 공시자료를 분석한 결과, 2021년부터 2025년까지 서울대·연세대·고려대의 중도탈락자는 모두 1만736명이다. 연도별로는 2021년 1971명, 2022년 2131명, 2023년 2126명, 2024년 2496명, 2025년...",2026-09-28 07:24,https://edu.donga.com/news/articleView.html?idxno=112262,https://edu.donga.com/news/articleView.html?idxno=112262
서울대학교,에듀동아,서연고 중도탈락자 5년간 1만명 넘어…의대 재입학 추정,"서울대·연세대·고려대를 다니다가 중도탈락한 학생이 5년간 1만 명이 넘는 것으로 나타났다. 27일 종로학원이 27일 대학알리미 공시자료를 분석한 결과, 2021년부터 2025년까지 서울대·연세대·고려대의...",2026-09-28 07:24,https://edu.donga.com/news/articleView.html?idxno=112262,https://edu.donga.com/news/articleView.html?idxno=112262
서울대학교,DAILYT,토익에 밀렸지만 살아남았다…텝스는 왜 사라지지 않았나,"""요즘도 텝스(TEPS)를 준비하는 사람이 있나요"", ""서울대 가려면 텝스 준비해야죠"" 한때 취업 준비생들... 텝스는 1999년 서울대학교 언어교육원이 개발한 영어능력 평가시험이다. 국내 환경에 맞는 영어 평가 체계를...",2026-09-28 07:24,https://www.dailyt.co.kr/newsView/dlt202609280004,https://www.dailyt.co.kr/newsView/dlt202609280004
연세대학교,비욘드포스트,"성남시, ‘기업 성장·시민 건강’ 두 축으로 도시경쟁력 높인다","김호 서울대학교 보건대학원 교수가 ‘기후변화와 건강: 도시환경과 적응’을 주제로 첫 발제에 나서며... 이어 변병설 인하대학교 교수를 좌장으로 손창우 연세대학교 교수, 김성아 서울연구원 연구위원, 신지영...",2026-09-28 07:22,http://www.beyondpost.co.kr/view.php?ud=2026092807101874244c878f8fa1_30,http://www.beyondpost.co.kr/view.php?ud=2026092807101874244c878f8fa1_30
서울대학교,비욘드포스트,"성남시, ‘기업 성장·시민 건강’ 두 축으로 도시경쟁력 높인다","김호 서울대학교 보건대학원 교수가 ‘기후변화와 건강: 도시환경과 적응’을 주제로 첫 발제에 나서며... 이어 변병설 인하대학교 교수를 좌장으로 손창우 연세대학교 교수, 김성아 서울연구원 연구위원, 신지영...",2026-09-28 07:22,http://www.beyondpost.co.kr/view.php?ud=2026092807101874244c878f8fa1_30,http://www.beyondpost.co.kr/view.php?ud=2026092807101874244c878f8fa1_30
고려대학교,스포츠동아,걸그룹 여행에 경찰 출동한 사연 “싸우는 줄 알고 신고” (아는 형님),한편 프로미스나인은 지난 4일부터 6일까지 서울 성북구 고려대학교 화정체육관에서 ‘2026 프로미스나인 아시아 투어 ‘투모로우 글로우.’ 인 서울’(‘2026 fromis_9 ASIA TOUR ’TOMORROW GLOW.‘ IN SEOUL’)을 개최했다. 오는...,2026-09-28 07:19,https://sports.donga.com/ent/article/all/20260928/134740733/1,https://m.entertain.naver.com/article/382/0001295935
고려대학교,ABCN,"두보, 관리 꿈꾸며 과거에 낙방하면서도 굴욕적 구직 활동","제물포고, 고려대를 졸업하고 서울예술대학에서 예술가를 꿈꾸는 학생들을 가르치다가 정년퇴직했다. 문화 예술과 관련해 지은 책으로는 , , <예술혼을 찾아서...",2026-09-28 07:16,https://www.abcn.kr/news/articleView.html?idxno=92385,https://www.abcn.kr/news/articleView.html?idxno=92385
서울대학교,ABCN,"두보, 관리 꿈꾸며 과거에 낙방하면서도 굴욕적 구직 활동","문학』 서울대출판문화원/ 다카시마 도시오(2003), 이원규 역 『이백, 두보를 만나다』 심산/ 백형찬(2015) 『예술가를 꿈꾸는 젊은이에게』 태학사 [백형찬 교수는 수필가로 제물포고, 고려대를 졸업하고 서울예술대학에서...",2026-09-28 07:16,https://www.abcn.kr/news/articleView.html?idxno=92385,https://www.abcn.kr/news/articleView.html?idxno=92385
서울대학교,JTBC,"국민 10명 중 4명 ""통일 불가능""…""전쟁 나면 미국이 도울 것"" 61.2%","어제(27일) 중앙일보가 서울대 통일평화연구원의 올해 통일의식조사를 인용해 보도한 내용에 따르면 통일이 가능한 시기를 묻는 물음에 응답자 39.1%는 ""통일이 불가능하다""고 답했습니다. 통일이 이뤄지기까지 30년...",2026-09-28 07:05,https://news.jtbc.co.kr/article/NB12320189?influxDiv=NAVER,https://n.news.naver.com/mnews/article/437/0000512926?sid=100
서울대학교,DEALSITE,"[스테이블코인 시대] 서상민 카이아 의장 ""누가 발행하든, 원화코인 해...","◆서상민 의장은 서울대학교 컴퓨터공학부에서 학사 및 박사 학위를 취득했다. 2013년부터 SK플래닛에서 대규모 분산 시스템 연구원으로 재직하다, 2018년 7월 카카오의 블록체인 계열사 그라운드X의 플랫폼 부문 총괄로...",2026-09-28 07:02,https://dealsite.co.kr/articles/169422,https://dealsite.co.kr/articles/169422
서울대학교,EINFOMAX,[이번주 재정경제부 등 경제부처 일정],간담회(서울대학교) *10월2일(금) -특이일정 없음 [방송미디어통신위원회] *9월28일(월) -특이일정 없음 *9월29일(화) ▲10:00 위원장 국무회의(서울) *9월30일(수) -특이일정 없음 *10월1일(목) ▲09:00 부위원장...,2026-09-28 07:02,https://news.einfomax.co.kr/news/articleView.html?idxno=4436590,https://news.einfomax.co.kr/news/articleView.html?idxno=4436590
연세대학교,EINFOMAX,[이번주 재정경제부 등 경제부처 일정],AI중심대학-AX대학원 공동 출범식(연세대학교) ▲15:30 본부장 기초연구 R&D 예산안 간담회(그레이츠... (서울대학교) *10월2일(금) -특이일정 없음 [방송미디어통신위원회] *9월28일(월) -특이일정 없음 *9월29일...,2026-09-28 07:02,https://news.einfomax.co.kr/news/articleView.html?idxno=4436590,https://news.einfomax.co.kr/news/articleView.html?idxno=4436590
고려대학교,톱스타뉴스,"""전 세대를 아우르는""…영탁 콘서트 'TAK SHOW5' 대구 공연, 오늘(28일) 티...","서울 공연은 고려대학교 화정체육관에서 열린다. 이어 10월 24일-25일 전주 한국소리문화의전당 야외공연장에서 팬들을 만난다. 11월 28일-29일 대구 공연 후 12월 19일-20일 인천, 2027년 1월 16일-17일 부산으로...",2026-09-28 07:00,https://www.topstarnews.net/news/articleView.html?idxno=16219895,https://www.topstarnews.net/news/articleView.html?idxno=16219895
서울대학교,텐아시아,"연예인 금수저는 다르네…신동엽 딸은 서울대·박명수 딸은 한예종, 무...",앞서 신동엽도 발레를 전공한 딸 신지효 양의 서울대학교 합격 소식을 전해 화제를 모았다. 신지효 양은 5세 때 발레를 시작해 선화예중과 선화예고에서 전공을 이어왔다. 올해 서울대학교 체육교육과에 입학하면서...,2026-09-28 07:00,https://www.tenasia.co.kr/article/2026092772504,https://m.entertain.naver.com/article/312/0000777716
서울대학교,머니투데이,"검사비 3만원도 못 냈는데...""장례 치를 돈 없어"" 가족 있어도 혼자였다","상속받을 재산이 있는 자녀들만 돌아가시기 직전에 부모를 찾는 경우가 많습니다."" 무연고 사망자 증가와 관련한 서이종 서울대 사회학과 교수의 진단이다. 초고령화와 1인 가구 증가에 따른 자연스런 현상으로만 보기는...",2026-09-28 07:00,https://www.mt.co.kr/politics/2026/09/28/2026092718315780861,https://n.news.naver.com/mnews/article/008/0005418797?sid=100
연세대학교,BUSINESSPOST,[Who Is ?] 장호성 단국대학교 법인 이사장,미국 오리건주립대학교 대학원에서 전자공학 석사학위와 박사학위를 받았다. 한양대학교에서... 충남도는 당초 연세대학교병원과 위탁 운영을 협의해왔다. 다만 경영상 이유로 위탁운영을 거절한 연세대병원 대신...,2026-09-28 07:00,https://www.businesspost.co.kr/BP?command=article_view&num=447927,https://www.businesspost.co.kr/BP?command=article_view&num=447927
연세대학교,FUTURECHOSUN,2인분의 삶 짊어진 영케어러…지원금 넘어 ‘독박 간병’ 끊어낼 제도 ...,최영준 연세대학교 행정학과 교수는 “영케어러 문제가 두드러지는 사회일수록 공적 돌봄 체계가 충분하지 않거나 가족이 돌봄을 책임져야 한다는 규범이 강한 경우가 많다”며 “돌봄이 필요한 가족들에 돌봄을...,2026-09-28 07:00,https://futurechosun.com/?p=161075,https://futurechosun.com/?p=161075
서울대학교,대전일보,"[대일논단] 민주적 결정, 다시 묻는 명분은 어디에 있는가",최근 지역의 중요 현안이었던 충남대학교와 국립공주대학교의 통합안이 대학공동체의 투표에 부쳐졌다.... 현 정부는 '5극3특'과 '서울대 10개 만들기'를 통해 국가거점국립대학을 교육·연구·산업을 연결하는...,2026-09-28 07:00,https://www.daejonilbo.com/news/articleView.html?idxno=2303596,https://n.news.naver.com/mnews/article/656/0000187902?sid=110
고려대학교,ECONOTELLING,[김성희의 역사갈피] 간신의 대명사 명나라 '위충현',"2008년엔 고려대학교 언론학부 초빙교수로 강단에 선 이후 2014년까지 7년 간 숙명여자대학교 미디어학부 겸임교수로 미디어 글쓰기를 강의했다. 네이버, 프레시안, 국민은행 인문학사이트, 아시아경제신문, 중앙일보...",2026-09-28 07:00,http://www.econotelling.com/news/articleView.html?idxno=21360,http://www.econotelling.com/news/articleView.html?idxno=21360
고려대학교,연합뉴스,[아프리카 녹색전환] ④'광물주권' 앞세운 자원국들…한국의 그린 파트...,"서상현 고려대 아시아·아프리카개발협력센터 연구위원은 짐바브웨와 콩고민주공화국(DRC)... 함께 고려해야 한다고 지적했다. 그는 현지 가공의 경제성이 비교적 높은 분야로 DRC와 잠비아의 구리·코발트, 짐바브웨의 리튬...",2026-09-28 07:00,https://www.yna.co.kr/view/AKR20260911059200898?input=1195m,https://n.news.naver.com/mnews/article/001/0016339529?sid=101
고려대학교,머니투데이,"검사비 3만원도 못 냈는데...""장례 치를 돈 없어"" 가족 있어도 혼자였다","윤인진 고려대 사회학과 교수는 ""대부분 경제력이 없는 부모를 자녀가 돌보지 못하거나 방치하는 경우가... 서 교수는 ""사회공동체 약화와 구조적 원인을 고려하면 이런 현상은 더욱 심화할 가능성이 크다""고 했다. 윤...",2026-09-28 07:00,https://www.mt.co.kr/politics/2026/09/28/2026092718315780861,https://n.news.naver.com/mnews/article/008/0005418797?sid=100
서울대학교,BUSINESSPOST,[Who Is ?] 안와르 알 히즈아지 에쓰오일 대표이사,"△장애인과 함께 하는 '감동의 마라톤' 15년째 후원 에쓰오일은 2026년 6월14일 서울 마포구 본사에서... 국민대학교 경영학부 교수, 강진아 서울대학교 기술경영경제정책대학원 교수가 독립이사를 맡고 있다. 이사회...",2026-09-28 07:00,https://www.businesspost.co.kr/BP?command=article_view&num=445463,https://www.businesspost.co.kr/BP?command=article_view&num=445463
연세대학교,CHRISTIANTODAY,"“이주민들 자녀교육 고민, 건강한 다문화 신앙인 양육으로”",교수(연세대 신촌캠퍼스 생명공학과)가 ‘전공 선택과 대학생활’을 전하는 등 선배 몽골인들이 강연했다. 또 『죽기엔 너무 젊고 살기엔 너무 가난하다』의 저자 김남순 소장(목회자은퇴준비연구소)은 ‘크리스천의...,2026-09-28 06:54,https://www.christiantoday.co.kr/news/377595,https://www.christiantoday.co.kr/news/377595
서울대학교,문화일보,"김난도 교수, 마포구민 만난다…‘마음의 트렌드’ 짚는다",‘트렌드 코리아’ 시리즈로 잘 알려진 김난도 서울대 소비자학과 명예교수가 마포구민을 만나 현대인의 마음건강과 미래 트렌드를 짚는다. 마포구는 다음 달 13일 마포중앙도서관 6층 마중홀에서 김 교수를 초청해...,2026-09-28 06:52,https://www.munhwa.com/article/11619692?ref=naver,https://n.news.naver.com/mnews/article/021/0002821412?sid=102
서울대학교,문화일보,"관악구, 서울대와 함께하는 ‘별빛원정대’ 모집…“과학·예술 융합 체...",서울 관악구(구청장 박준희)는 다음 달 31일 별빛내린천 수변무대 일대에서 여는 ‘과학예술융합놀이터... 박 구청장은 “이번 행사는 서울대 등 대학 교육 자원을 활용해 지역 청소년들에게 다양한 체험 기회를...,2026-09-28 06:47,https://www.munhwa.com/article/11619686?ref=naver,https://n.news.naver.com/mnews/article/021/0002821406?sid=102
연세대학교,QUEEN,"전문가 70% ""추가 부동산 대책 필요"" ... 최우선 과제는 '전월세시장 안...","박합수 건국대 부동산대학원 겸임교수는 ""과도한 세금 중과는 전월세가격으로 전가하는 등 시장 불안을... ◆설문 대상 전문가 20인 고종완 한국자산관리연구원 원장, 고준석 연세대 상남경영원 교수, 김규정...",2026-09-28 06:36,http://www.queen.co.kr/news/articleView.html?idxno=463888,http://www.queen.co.kr/news/articleView.html?idxno=463888
서울대학교,LABORTODAY,K-직업교육 세계와 나눈다,"최근 젠슨 황 엔비디아 최고경영자가 서울대를 찾아 ""요즘엔 K가 붙으면 큰 인기를 끈다""며 ""나를 K-젠슨이라 불러달라""고 말해 학생들의 환호를 받았다. 이는 'K'가 단순한 국가 표기를 넘어 창의성, 역동성, 미래 가능성을...",2026-09-28 06:34,https://www.labortoday.co.kr/news/articleView.html?idxno=236954,https://www.labortoday.co.kr/news/articleView.html?idxno=236954
서울대학교,KBS,“AI 시대에 필요한 것은요”…베트남 한국어 말하기 대회,"[레 투이 짱/2023년 수상자 : ""참가자들과의 교류, 그리고 선생님과 심사위원들의 진심 어린 조언이 서울대 진학과 한국을 향한 여정의 출발점이 되었습니다.""] 이번 대회 수상자들에게도 6개월의 한국 유학 기회가...",2026-09-28 06:33,https://news.kbs.co.kr/news/pc/view/view.do?ncd=8672279&ref=A,https://n.news.naver.com/mnews/article/056/0012263861?sid=104
고려대학교,서울경제,"“대학 기부금도 부익부 빈익빈”…연세대 1곳 , 사립대 109개와 맞먹어",연세대에 이어 고려대가 지난해 755억원의 기부금을 모금해 전체 사립대 중 2위를 기록했으며 성균관대가... 통해 대학 기부금 자체를 늘려야 한다고 주장한다. 실제 한국대학교육협회가 자체 분석한 결과에 따르면 이...,2026-09-28 06:31,https://www.sedaily.com/article/20095284?ref=naver,https://n.news.naver.com/mnews/article/011/0004665774?sid=102
서울대학교,서울경제,"“대학 기부금도 부익부 빈익빈”…연세대 1곳 , 사립대 109개와 맞먹어",특히 서울 소재 주요 사립대나 유명 의대를 보유한 대학으로의 기부금 쏠림 현상으로 대학간 기부금 ‘부익부 빈익빈’ 현상이 심해지는 모습이다. 정부가 ‘서울대 10개 만들기’ 정책과 ‘지역 국립대 무상등록금’...,2026-09-28 06:31,https://www.sedaily.com/article/20095284?ref=naver,https://n.news.naver.com/mnews/article/011/0004665774?sid=102
연세대학교,서울경제,"“대학 기부금도 부익부 빈익빈”…연세대 1곳 , 사립대 109개와 맞먹어",지난해 연세대 한 곳이 모금한 기부금이 국내 109개 사립대학이 받은 기부금 전체 규모와 맞먹는 것으로... 통해 대학 기부금 자체를 늘려야 한다고 주장한다. 실제 한국대학교육협회가 자체 분석한 결과에 따르면 이...,2026-09-28 06:31,https://www.sedaily.com/article/20095284?ref=naver,https://n.news.naver.com/mnews/article/011/0004665774?sid=102
고려대학교,매일신문,"SW 기획·개발 전 과정 참여…대구SW마이스터고, 실리콘밸리 취업자 역...","졸업 후에는 취업한 뒤 대학에 진학하는 경로가 열려 있다. 고려대·성균관대·경북대 등 소프트웨어 관련 학과의 재직자 특별전형으로 도전할 수 있다. 김유경 교장은 ""높은 취업률과 실리콘밸리 취업 성과는 학교의...",2026-09-28 06:31,https://www.imaeil.com/page/view/2026092419061712495,https://n.news.naver.com/mnews/article/088/0001030831?sid=102
고려대학교,ABCN,추억의 농구 경기,"대학 초년 시절, 태릉 육사 코트에서 전국 법학도 대항 농구대회가 열렸는데 결승에서 홈팀 육사를 꺾고... [조광권 필자는 고려대 법학과 학사, 연세대 도시행정학 석사, 한국학중앙연구원 정치학 박사이다. 1973년...",2026-09-28 06:30,https://www.abcn.kr/news/articleView.html?idxno=92382,https://www.abcn.kr/news/articleView.html?idxno=92382
연세대학교,ABCN,추억의 농구 경기,"대학 초년 시절, 태릉 육사 코트에서 전국 법학도 대항 농구대회가 열렸는데 결승에서 홈팀 육사를 꺾고... [조광권 필자는 고려대 법학과 학사, 연세대 도시행정학 석사, 한국학중앙연구원 정치학 박사이다. 1973년...",2026-09-28 06:30,https://www.abcn.kr/news/articleView.html?idxno=92382,https://www.abcn.kr/news/articleView.html?idxno=92382
연세대학교,ABCN,"허효순 시인, 독일서 한영 시집 『먼 안부』 출간","[오봉옥 시인은 광주광역시에서 태어나 연세대 대학원에서 수학했다. 1985년 『창작과 비평』으로 등단했다.... 한송문학상을 수상했다. 현재 서울디지털대학교 교수, 문예지 『문학의 오늘』 편집인을 맡고 있다.]",2026-09-28 06:30,https://www.abcn.kr/news/articleView.html?idxno=92361,https://www.abcn.kr/news/articleView.html?idxno=92361
서울대학교,ABCN,"김윤미, 외로운 개인을 일상의 장소로 끌어내는 '가벼운 공동체'",이에 대해 공석기 서울대 아시아연구소 연구교수는 이렇게 말한다. 우리가 꿈꾸는 지역공동체는 연줄에 기초한 강한 유대감을 가진 전통적인 공동체로 돌아가는 것을 의미하지 않는다. 가벼운 공동체(light...,2026-09-28 06:30,https://www.abcn.kr/news/articleView.html?idxno=92363,https://www.abcn.kr/news/articleView.html?idxno=92363
서울대학교,매일경제,“내가 그 주식을 대체 왜 샀을까”…오답노트의 고수가 찍은 미래 10년...,"했습니다.” 서울대 경영학과에 진학한 뒤 그의 투자 인생을 결정적으로 바꾼 것은 1997년 외환위기였다.... 그때 우연히 찾은 곳이 서울대 투자연구회(SMIC)였다. 이곳에서 황성환 타임폴리오자산운용 대표, 강성부 KCGI...",2026-09-28 06:28,https://www.mk.co.kr/article/12162187,https://n.news.naver.com/mnews/article/009/0005740494?sid=101
서울대학교,DNEWS,"정유 4사, 역래깅 파고 넘어 냉각시장ㆍ윤활기유 새활로","HD현대오일뱅크는 액침냉각 제품 ‘엑스티어 E-쿨링 플루이드’를 2025~2028년까지 4년간 네이버클라우드에 공급하는 계약을 맺고, 서울대ㆍ한국세라믹기술원과 교차 검증을 이어가고 있다. 다만 업계 관계자는...",2026-09-28 06:22,https://www.dnews.co.kr/uhtml/view.jsp?idxno=202609231642288520332,https://www.dnews.co.kr/uhtml/view.jsp?idxno=202609231642288520332
서울대학교,뉴스1,"[단독] 취업난에 서울대생도 졸업 미뤘다…""'초과 학기생' 600명 넘어""","취업난이 이어지면서 서울대에서도 정규 학기를 넘긴 뒤 1~3학점만 수강하는 학부생이 올해 1학기 600명을 넘어섰다. 최근 5년 새 가장 많은 규모로, 서울대 한 학년 입학 규모의 약 16%에 해당하는 수준이다....",2026-09-28 06:20,https://www.news1.kr/society/education/6302374,https://n.news.naver.com/mnews/article/421/0009194093?sid=102
고려대학교,GREENED,세종시교육청 새 부교육감에 'AI 정책통' 이윤홍…교육부 25년 경력,"배화여자고등학교와 고려대학교를 거쳤으며 행정고시 44회에 합격해 2001년 4월 9일 공직에 들어왔다. 공직 입문부터 이번 부임까지 약 25년 5개월 동안 교육부 본부와 대학, 교육연수기관을 오가며 교육행정...",2026-09-28 06:14,https://www.greened.kr/news/articleView.html?idxno=350821,https://www.greened.kr/news/articleView.html?idxno=350821
서울대학교,머니투데이,공학도·개발자 출신 증권사 대표…서비스 혁신 주도,◇약력 △1977년 출생 △서울대 전기공학부 학사 △미국 스탠퍼드대 경영과학·공학 및 전기공학 석사 △동 대학원 전기공학 박사 △네이버 SW 엔지니어 △인텔 수석연구원 △맥킨지앤드컴퍼니 팀장 △삼성전자 부장...,2026-09-28 06:10,https://www.mt.co.kr/stock/2026/09/28/2026092315322795282,https://n.news.naver.com/mnews/article/008/0005418789?sid=101
연세대학교,일간스포츠,[나고야 2026] 김영범·노엘진·황서현...나고야 흔든 '라이징 스타',AG 사상 처음으로 남자 3대3 농구에서 금메달을 획득한 이동근(고려대) 이주영·김승우(이상 연세대) 구민교(성균관대)도 한국 농구 기대주다. 네 선수 모두 올해 열리는 KBL 신인 드래프트에 참가한다. 육상 여자...,2026-09-28 06:10,https://isplus.com/article/view/isp202609270091,https://m.sports.naver.com/general/article/241/0003532534
고려대학교,일간스포츠,[나고야 2026] 김영범·노엘진·황서현...나고야 흔든 '라이징 스타',AG 사상 처음으로 남자 3대3 농구에서 금메달을 획득한 이동근(고려대) 이주영·김승우(이상 연세대) 구민교(성균관대)도 한국 농구 기대주다. 네 선수 모두 올해 열리는 KBL 신인 드래프트에 참가한다. 육상 여자...,2026-09-28 06:10,https://isplus.com/article/view/isp202609270091,https://m.sports.naver.com/general/article/241/0003532534
연세대학교,이데일리,"""AI시대, '사람 손길' 명품 된다…편의와 바꾼 '사고 외주화' 경고""",임일 연세대 AI미래혁신센터장(경영학과 교수)이 지난 21일 연세대 신촌캠퍼스에서 이데일리와 인터뷰를... 그는 노동 대체 과정에서 발생하는 사회적 진통에 대해선 “미국 대학생들 사이에서 본인들이 AI를 쓰면서도...,2026-09-28 06:09,https://www.edaily.co.kr/News/Read?newsId=01649846645584712&mediaCodeNo=257&utm_source=naver&utm_medium=referral&utm_campaign=news_syndication&utm_content=original_article,https://n.news.naver.com/mnews/article/018/0006376079?sid=105
서울대학교,쿠키뉴스,"바이브코딩 시대, ‘문제를 보는 눈’이 경쟁력이다 [유재은의 정책디자...",대학 교육도 이러한 변화에 주목해야 한다. 새로운 AI 도구와 프로그램을 가르치는 것은 필요하다. 그러나... 일자리위원회 위원 전 서울특별시 청년정책네트워크 정책평가단 고문 서울대학교 행정대학원 정책학 박사,2026-09-28 06:02,https://www.kukinews.com/article/view/kuk202609270035,https://www.kukinews.com/article/view/kuk202609270035
서울대학교,세계일보,"한화에어로, ‘학력·나이 제한’ 경력채용 지침 사과","한화에어로스페이스에 따르면, 인사담당자가 지난달 경력직 공개채용 전에 서울·판교 근무지의 경우 서울대와 연세대, 고려대 등 국내 11개 대학이나 세계대학순위 100위권 해외 대학 출신에 1980년생 이하를 채용 기준으로...",2026-09-28 06:02,https://www.segye.com/newsView/20260927509742?OutUrl=naver,https://n.news.naver.com/mnews/article/022/0004162176?sid=101
서울대학교,SKYEDAILY,[리더가 사는 곳] 신약개발 승부사가 이끄는 명인제약… 유쾌·상쾌·통...,새로운 성장 전략을 짜는 이 대표의 보금자리는 서울 송파구 오금동의 가락우창아파트다. 5호선 개롱역과... 1960년생으로 대전고를 거쳐 1982년 서울대 화학교육과를 졸업했으며 1989년 KAIST에서 화학 박사학위를...,2026-09-28 06:02,https://m.skyedaily.com/news_view.html?ID=312076,https://m.skyedaily.com/news_view.html?ID=312076
서울대학교,이투데이,"[시론] 치유농업, 이제 과학에서 산업으로","이투데이=김창길 서울대 농업생명과학대학 특임교수·스마트치유산업포럼 원장 | 고령화와 만성질환, 우울과 스트레스, 번아웃과 사회적 고립이 우리 사회의 일상이 되고 있다. 병이 생긴 뒤 치료하는 것만으로는...",2026-09-28 06:02,https://www.etoday.co.kr/news/view/2629571,https://www.etoday.co.kr/news/view/2629571
고려대학교,의학신문,"""소아청소년 안심진료 최적 모델 정립하겠다""",대학병원급 교육·수련·연구 활동 활발 또한 우리아이들병원은 지역 중소병원의 역량을 넘어서 대학병원급에 버금가는 교육·수련·연구 기능도 수행하고 있다. 지난 4월 소청과 전문병원으로는 처음으로 고려대학교의료...,2026-09-28 06:02,https://www.bosa.co.kr/news/articleView.html?idxno=3012808,https://www.bosa.co.kr/news/articleView.html?idxno=3012808
서울대학교,아시아투데이,[특파원 시선] 한국어라는 사다리의 다음 칸,"2023년 중고교 부문 수상자는 서울대에서 공부하고, 2024년 수상자는 우리 대사관에서 일하고 있다. 지난해 수상자 두 명은 이화여대에서 어학연수를 받고 있다. 이들에게 한국어는 한 칸씩 딛고 올라선 사다리였다. 올해...",2026-09-28 06:02,https://www.asiatoday.co.kr/kn/view.php?key=20260927010009356,https://www.asiatoday.co.kr/kn/view.php?key=20260927010009356
연세대학교,조선일보,"""신촌역 1분인데 보증금 30만원""…주 45만원에 사는 9평 오피스텔","☞이사·출장·여행갈 때 잠깐 머물 집 고민 끝…수수료 부담없는 단단홈즈 주변에는 연세대와 서강대, 이화여대, 홍익대 등 대학가가 밀집해 있다. 연세대까지는 도보 약 10분 거리라고 호스트는 설명했다. 최소...",2026-09-28 06:02,https://realty.chosun.com/site/data/html_dir/2026/09/24/2026092401715.html,https://realty.chosun.com/site/data/html_dir/2026/09/24/2026092401715.html
연세대학교,세계일보,"한화에어로, ‘학력·나이 제한’ 경력채용 지침 사과","한화에어로스페이스에 따르면, 인사담당자가 지난달 경력직 공개채용 전에 서울·판교 근무지의 경우 서울대와 연세대, 고려대 등 국내 11개 대학이나 세계대학순위 100위권 해외 대학 출신에 1980년생 이하를 채용 기준으로...",2026-09-28 06:02,https://www.segye.com/newsView/20260927509742?OutUrl=naver,https://n.news.naver.com/mnews/article/022/0004162176?sid=101
고려대학교,세계일보,"한화에어로, ‘학력·나이 제한’ 경력채용 지침 사과","한화에어로스페이스에 따르면, 인사담당자가 지난달 경력직 공개채용 전에 서울·판교 근무지의 경우 서울대와 연세대, 고려대 등 국내 11개 대학이나 세계대학순위 100위권 해외 대학 출신에 1980년생 이하를 채용 기준으로...",2026-09-28 06:02,https://www.segye.com/newsView/20260927509742?OutUrl=naver,https://n.news.naver.com/mnews/article/022/0004162176?sid=101
서울대학교,조선비즈,[인터뷰] 송기헌 과방위원장 “‘티빙 개인정보 유출’ 과방위 차원서 ...,"우수 과학기술 인재를 확보하기 위한 과감한 투자도 필요하다.” ☞송기헌은 누구 강원 원주에서 태어나 원주고와 서울대 법대를 졸업했다. 1986년 제28회 사법시험에 합격한 뒤 서울중앙지검과 대구지검, 인천지검...",2026-09-28 06:01,https://biz.chosun.com/policy/politics/assembly/2026/09/28/A5HITXGSBBHRJLSK7WV4QLQQ6A/?utm_source=naver&utm_medium=original&utm_campaign=biz,https://n.news.naver.com/mnews/article/366/0001194614?sid=100
연세대학교,연합뉴스,"학교 200ｍ내 홀덤펍 전국 20곳…모두 서울, 신촌·홍대 집중",대부분이 지하철 2호선 신촌역에서 연세대삼거리로 이어지는 도로 인근과 홍대입구역 근처에 몰려 있었다. 성동구가 3곳으로 세 번째로 많았고 동대문·은평·노원·관악구에 각 1곳 있는 것으로 집계됐다. 홀덤펍은 술을...,2026-09-28 06:01,https://www.yna.co.kr/view/AKR20260924043200530?input=1195m,https://n.news.naver.com/mnews/article/001/0016339499?sid=102
서울대학교,연합뉴스,"[삶] ""대학병원내 교수 급여차 2배이상…MRI등 처방 많으면 급여상승""","1964년 서울에서 태어난 김 교수는 서울대 의대를 최우등으로 졸업하고 같은 대학에서 의학 박사 학위를 받았다. 서울대 병원 종양내과 전공의, 류마티스 내과 전임의를 거쳐 2000년부터 한림대 성심병원 교수(류마티스...",2026-09-28 06:01,https://www.yna.co.kr/view/AKR20260927034200546?input=1195m,https://n.news.naver.com/mnews/article/001/0016339502?sid=102
서울대학교,파이낸셜뉴스,"""1년 내내 칼 갈았다""...베트남 한국학 명문대들이 9월만 기다리는 이유...",대상 수장자인 레 득 틴 하노이대학교 한국어학과 학생은 인공지능(AI) 시대에 필요한 가치로 '인간의 공감과... 2023년 중고교 부문 수상자인 레 투이 짱씨는 현재 서울대학교에서 학업을 이어가고 있습니다. 대회 수상으로...,2026-09-28 06:01,https://www.fnnews.com/news/202609272347510259,https://n.news.naver.com/mnews/article/014/0005581313?sid=102
고려대학교,메디파나뉴스,"[기고] AI 의료기기, 인공지능기본법 의무 별도로 지켜야 할까","|기고| 최미연 대표변호사(법률사무소 파나케이아) - 사법시험 제55회 합격, 사법연수원 제45기 수료 - 고려대학교 법과대학 학사 및 일반대학원 석사(행정법 전공) - 대한의료데이터협회 상임이사 - 한국보건의료정보원...",2026-09-28 06:00,https://www.medipana.com/news/articleView.html?idxno=418286,https://www.medipana.com/news/articleView.html?idxno=418286
연세대학교,SIDAE,[시대의창/김상근]놀란 감독의 오디세이에 놀람 II,"김상근 연세대 명예교수는 미국 프린스턴 신학대학원에서 박사학위를 받았으며 연세대 신과대학장, 연합신학대학원장을 역임했다. 그리스 로마 철학, 르네상스 연구의 권위자로 다양한 저서와 강연으로 널리 알려져...",2026-09-28 06:00,https://www.sidae.com/article/2026092314151675067,https://n.news.naver.com/mnews/article/417/0001159326?sid=110
서울대학교,이투데이,[알립니다] '2027 테크 퀘스트'가 대한민국 AI의 미래를 엽니다,이투데이는 창립 20주년을 맞아 10월 22일 서울 여의도 중소기업중앙회 KBIZ홀에서 ‘2027 테크 퀘스트(TECH... 이어 장병탁 서울대학교 컴퓨터공학부 교수가 '피지컬 AI의 거장이 그리는 2027 로보틱스 생태계'를 주제로...,2026-09-28 06:00,https://www.etoday.co.kr/news/view/2628621,https://www.etoday.co.kr/news/view/2628621
서울대학교,영남일보,"[박종문의 캠퍼스 오디세이] 일본 대학 10곳 세계 100위 내 진입, 왜 실...",박종문 논설위원 일본판 서울대 10개 만들기는 2013년 일본 아베 정부의 '일본재흥전략(日本再興?略)'에서... 대학 교원의 업무 가운데 연구시간 비중도 2002년 47.5%에서 2008년 36.1%로 낮아졌다. 교육과 대학 운영에 쓰는...,2026-09-28 06:00,https://www.yeongnam.com/web/view.php?key=20260927026320843,https://www.yeongnam.com/web/view.php?key=20260927026320843
서울대학교,아주경제,"[이학노 칼럼] 대미 투자의 '상업적 합리성', 금과옥조인가?",일이 또 발생하면 어쩌나 하는 걱정이 기우이기를 바라는 마음 간절하다. 이학노 필진 주요 이력 △서울대 경제학과 △텍사스대 오스틴캠퍼스 경제학 박사 △통상교섭민간자문위원회 위원장 △케이더블유 경제연구소 대표,2026-09-28 06:00,https://www.ajunews.com/view/20260927063438480,https://www.ajunews.com/view/20260927063438480
서울대학교,NEWSWATCH,"[박수진의 금융人] 메리츠증권 장원재의 2막, '56만 고객' 잡고…'모음'...","장 대표는 서울대에서 수학 학사·석사 학위를, 미국 미네소타 대학(University of Minnesota)에서 수학 박사 학위를 취득했다. 이후 삼성증권 Capital Market본부 운용담당 상무를 거친 그는 메리츠금융그룹 내에서...",2026-09-28 06:00,http://www.newswatch.kr/news/articleView.html?idxno=81299,http://www.newswatch.kr/news/articleView.html?idxno=81299
서울대학교,약사공론,"[인터뷰]""최선을 다하는 게 당연한 삶이었습니다""",서울대 약대 약학과를 수석 졸업한 뒤 미국 아이오와주립대에서 생화학·생물리학 박사학위를 받았다. 이후 국립보건안전연구원 보건연구관을 거쳐 1995년 덕성여대 약대 교수로 자리를 옮겼다. 연구자로서 오랫동안...,2026-09-28 05:56,https://www.kpanews.co.kr/news/articleView.html?idxno=544844,https://www.kpanews.co.kr/news/articleView.html?idxno=544844
서울대학교,서울신문,"“김혜수·엄정화, 애 안 낳아서 안 늙는다” 진짜?…출산한 여성, 몸에...",영상에는 백지연이 제작진과 함께 서울 종로구 서순라길에 위치한 유명 타코 가게를 방문한 모습이 담겼다.... 서울대 의대 교수 “출산 안 하면 덜 늙고 오래 산다” 주장 지난해 온라인 커뮤니티에서는 유성호 서울대...,2026-09-28 05:56,https://www.seoul.co.kr/news/life/health-news/2026/09/27/20260927500099?wlog_tag3=naver,https://n.news.naver.com/mnews/article/081/0003683849?sid=103
서울대학교,약사공론,[일반의약품] '부비동염·중이염' 약을 권하지 않아야 할 때,"Otolaryngol Head Neck Surg. 2016;154(1S):S1-S41. 10) 서울대학교병원 의학정보. 급성 부비동염. 11) Sahi D, Nguyen H, Callender KD. Mastoiditis. In: StatPearls. Treasure Island (FL): StatPearls Publishing; 2023.",2026-09-28 05:52,https://www.kpanews.co.kr/news/articleView.html?idxno=544576,https://www.kpanews.co.kr/news/articleView.html?idxno=544576
고려대학교,내일신문,"고려대·경북대, 흔한 당으로 항암제 원료 만든다",고려대는 생명과학대학 김경헌 교수팀과 경북대 식품공학부 김동현 교수팀이 자연에 흔한 ‘D-리보오스’를 의약품 원료로 쓰이는 ‘L-리보오스’로 98% 이상 바꾸는 데 성공했다고 27일 밝혔다. 리보오스는 당의 한...,2026-09-28 05:50,https://www.naeil.com/news/read/603435?ref=naver,https://www.naeil.com/news/read/603435?ref=naver
연세대학교,메디칼타임즈,"""15년 헬스케어 노하우… AI·지역사회 잇는 플랫폼으로""","위치한 연세대학교 미래캠퍼스로 본사를 전격 이전했습니다. 헬스케어의 무게중심이 점차 병원을 넘어... - 강원도의 '원주 AI 헬스케어 글로벌 혁신 특구 사업'의 주요 사업자로서, 연세대학교 미래캠퍼스 내 디지털...",2026-09-28 05:30,https://www.medicaltimes.com/Main/News/NewsView.html?ID=1170831&ref=naverpc,https://www.medicaltimes.com/Main/News/NewsView.html?ID=1170831&ref=naverpc
서울대학교,메디칼타임즈,"""15년 헬스케어 노하우… AI·지역사회 잇는 플랫폼으로""",대한디지털헬스학회 김현정 이사장(서울대 치과병원 마취통증의학과)과 이성환 국제이사(분당차병원 외과)... 연세대학교 미래캠퍼스로 본사를 전격 이전했습니다. 헬스케어의 무게중심이 점차 병원을 넘어 지역사회와...,2026-09-28 05:30,https://www.medicaltimes.com/Main/News/NewsView.html?ID=1170831&ref=naverpc,https://www.medicaltimes.com/Main/News/NewsView.html?ID=1170831&ref=naverpc
서울대학교,서울신문,[데스크 시각] 부부는 법정에서도 서로의 동료인가,"둘은 동갑내기이자 서울대 법대 88학번 동기로 알려졌다. 백 판사는 캄보디아 크메르루즈 특별재판소 국제재판관을 지낸 국제 형사법 전문가다. 백 판사는 현재 서울고법에 재직 중인데, 해당 재판부 사건이 대법원에...",2026-09-28 05:11,https://www.seoul.co.kr/news/editOpinion/column/journalist-viewpoint/2026/09/28/20260928027004?wlog_tag3=naver,https://n.news.naver.com/mnews/article/081/0003683844?sid=110
연세대학교,세계일보,100억 자산가 황현희가 예능을 등질 수밖에 없었던 이유,"세계일보 자료사진 서울시 은평구에서 태어난 황현희는 관동대학교에서 법학과 행정학을 전공한 뒤, 2004년... 연세대학교 경제대학원 기업경제 석사과정에 진학해 경제와 금융의 구조를 바닥부터 파기 시작했고, 철저한...",2026-09-28 05:09,https://www.segye.com/newsView/20260722516437?OutUrl=naver,https://n.news.naver.com/mnews/article/022/0004162164?sid=103
연세대학교,뉴스1,"다음 카드는 '전월세 안정'…전문가 70% ""추가 대책 필요""","박합수 건국대 부동산대학원 겸임교수는 ""과도한 세금 중과는 전월세가격으로 전가하는 등 시장 불안을... ◆설문 대상 전문가 20인 고종완 한국자산관리연구원 원장, 고준석 연세대 상남경영원 교수, 김규정...",2026-09-28 05:05,https://www.news1.kr/realestate/general/6300209,https://n.news.naver.com/mnews/article/421/0009194033?sid=101
연세대학교,서울신문,"AI시대, 지식인의 자리는 어디인가 [모종린의 문화로 읽는 AI시대]",보스턴칼리지 연구원 제프리 산젠바커의 분석에 따르면 챗GPT 출시 이후 55세 이상 대학교원이 1년 안에... 더 많은 지식을 가진 사람이 아니라 철학을 가지고 현장에 서는 사람이다. 모종린 연세대 국제학대학원 명예교수,2026-09-28 05:04,https://www.seoul.co.kr/news/editOpinion/opinion/MoJongryn-AI/2026/09/28/20260928025001?wlog_tag3=naver,https://n.news.naver.com/mnews/article/081/0003683820?sid=110
서울대학교,서울신문,“삶을 더 사랑하기 위해 죽음의 방식 치열하게 논의해야” [월요인터뷰...,"지난 22일 서울 관악구 서울대 의대 강의실에서 만난 법의학자 유성호(54) 교수는 “우리는 흔히 죽음을 병원이라는 공간에 격리하고 외면하지만, 사(死)는 생(生)의 연장선이자 마침표”라며 죽음을 올바르게 마주해야...",2026-09-28 05:03,https://www.seoul.co.kr/news/plan/monday-interview/2026/09/28/20260928016001?wlog_tag3=naver,https://n.news.naver.com/mnews/article/081/0003683795?sid=102
서울대학교,글로벌이코노믹,[K금융 리더] 임종룡號 자산관리·기업금융 '레벨 업'… 비은행·자본 동...,"서울대 연계 교육을 통해 AI·데이터 전문인력 50명을 양성하고, 2029년 완공을 목표로 8500억 원 규모의 ‘AI 디지털 유니버스’ 건립도 추진하고 있다. 시장 평가도 달라졌다. 임 회장이 취임 첫해인 2023년 9월 자사주...",2026-09-28 05:02,https://www.g-enews.com/view.php?ud=202609231322513922e30fcb1ba8_1,https://www.g-enews.com/view.php?ud=202609231322513922e30fcb1ba8_1
고려대학교,이투데이,접속 막아도 '새 주소'로 다시 활동…텔레그램 추적도 한계 [K콘텐츠 방...,"정윤경 고려대학교 법학연구원 학술연구교수는 “기존 차단조치를 우회하는 후속 사이트에 신속히 대응할 수 있는 절차를 마련하여야 한다”며 “도메인 등록기관, 호스팅업체, 검색·광고·결제사업자 등 인터넷...",2026-09-28 05:00,https://www.etoday.co.kr/news/view/2628802,https://www.etoday.co.kr/news/view/2628802
서울대학교,뉴시스,AI가 해체한 음악의 영토…그래도 '인간의 서사'는 남는다,문화산업 사회학자인 고윤화 서울대 한류연구센터 연구원은 대중이 AI 음악 앞에서 느끼는 이질감의 근원으로 '서사(Narrative)'의 부재를 꼽는다. 방탄소년단의 음악이 전 세계 청자들의 심장을 울린 까닭은 일곱...,2026-09-28 05:00,https://www.newsis.com/view/NISX20260922_0003800467,https://m.entertain.naver.com/article/003/0014216380
서울대학교,동아일보,[단독]“온실가스 감축 기술투자 기업 지원” 목적인데…렌터카 업계에...,홍종호 서울대 환경대학원 교수는 “이른바 ‘기후 테크’를 지원하는 것은 정책 목표에 부합하지만 렌터카 업계가 CCUS의 4배에 이르는 지원을 받는 것은 납득하기 어렵다”고 꼬집었다. ● 감축 계획만 내도 지원...,2026-09-28 04:34,https://www.donga.com/news/Society/article/all/20260927/134739515/2,https://n.news.naver.com/mnews/article/020/0003750928?sid=102
고려대학교,동아일보,반도체 호황에 올해 초과세수 85조… 미래기금 200조 넘을듯,김태일 고려대 행정학과 교수는 “평상시보다 늘어난 세수를 기금으로 적립해 필요한 데 쓰는 건 적절하지만 국회 심사 등을 기존처럼 유지해야 정부가 재량으로 지출을 늘리는 것을 방지할 수 있다”고 지적했다.,2026-09-28 04:32,https://www.donga.com/news/Economy/article/all/20260928/134739505/2,https://n.news.naver.com/mnews/article/020/0003750882?sid=101
고려대학교,동아일보,[단독]중수청장 후보 이어 차장도 檢출신 검토,"광주 출신으로 대동고와 고려대 법학과를 졸업한 임 변호사는 검찰 재직 당시 노동과 공안, 중대재해 사건 등을 전담한 대표적인 ‘공안통’이다. 대검 공안 1·2과장과 서울중앙지검 공안부장을 두루 지냈다. 대검...",2026-09-28 04:32,https://www.donga.com/news/Society/article/all/20260928/134739502/2,https://n.news.naver.com/mnews/article/020/0003750883?sid=102
연세대학교,동아일보,서울 아파트값 85주째 올라 ‘역대 최장’ 타이… 전월세도 동반상승,고준석 연세대 상남경영원 교수는 “신규 입주 물량이 적은 상황에서 토허구역 지정으로 실거주 의무가 부여되다 보니 매물 부족으로 인한 전월세 가격 상승이 이어지고 있다”고 했다.,2026-09-28 04:31,https://www.donga.com/news/Economy/article/all/20260928/134739694/2,https://n.news.naver.com/mnews/article/020/0003750871?sid=101
고려대학교,한국일보,구한말의 교훈으로 보는 AI시대의 빛과 그림자 [헌법학자의 눈으로 본 ...,"개항에 따른 위험성을 알고 적절하게 대응했다면, 쇄국정책의 폐해를 피할 수 있었을 것이라는 역사의 교훈을 되새겨야 할 때다. 장영수 진화위 상임위원·고려대 명예교수",2026-09-28 04:31,https://www.hankookilbo.com/news/article/A2026092312590003764?did=NA,https://n.news.naver.com/mnews/article/469/0000956244?sid=110
서울대학교,한국일보,칠순 할머니 두고 세 살 손자가 '가족 대표'… 없애는 데 꼬박 50년 걸린...,"김광억 서울대 인류학과 교수는 ""중국과 일본 역시 유교문화권이지만 호주제가 사라졌다""고 강조했다. 호주제 폐지가 곧 가족과 사회질서의 해체로 이어진다는 주장은 성립하기 어렵다는 취지다. 한경혜 서울대...",2026-09-28 04:31,https://www.hankookilbo.com/news/article/A2026092211090003925?did=NA,https://n.news.naver.com/mnews/article/469/0000956242?sid=102
서울대학교,한국일보,"40년 전 민중을 향했던 판화가의 고민, '집단적 흥'의 경지에 오르다",서울 종로구 평창동에 있는 서울시립 미술아카이브는 오윤의 예술에 대한 이해를 깊게 하는 소장자료... 서울대 조소과 재학 시절 홍명희 소설 '임꺽정' 속 우직한 인물 '개도치'를 자처하며 판각에 대한 집념과 민중의...,2026-09-28 04:31,https://www.hankookilbo.com/news/article/A2026092213360003092?did=NA,https://n.news.naver.com/mnews/article/469/0000956233?sid=103
서울대학교,한국일보,"'오운완'과 '런태기', 우리 스포츠가 제 말을 갖기 시작했다  [인문산책...","오운완도 런태기도 보통 사람이 제 몸의 뜻을 펴려고 지은 말이다. 다가오는 한글날, 세종대왕께 감사할 체육적 이유 하나가 여기에 있다. 최의창 서울대 체육교육과 교수",2026-09-28 04:30,https://www.hankookilbo.com/news/article/A2026092309320005847?did=NA,https://n.news.naver.com/mnews/article/469/0000956224?sid=110
고려대학교,머니투데이,"""잠시 기다려주시면..."" 상담사 연결까지 1시간, '요금 폭탄' 터진다?","이성엽 고려대학교 교수는 ""이동통신요금은 계속 인하됐는데 부가통화요금은 몇 년째 그대로""라면서 ""전화 부가통화 대가는 신고제 방식으로 돼 있어 정부가 손대지 못하는데 고객의 숨은 요금부담도 확인할 필요가...",2026-09-28 04:17,https://www.mt.co.kr/tech/2026/09/28/2026092719251515929,https://n.news.naver.com/mnews/article/008/0005418766?sid=105
서울대학교,NONGMIN,"어지럽고 눈앞 캄캄…갑작스러운 실신, 조심해야 하는 이유","최서영 부산대학교 신경과 교수는 유튜브 건강 채널을 통해 “심장성 실신의 경우 전조증상 없이 갑자기... ◇도움말=질병관리청, 서울대학교병원 건강은 행복의 기본이자 최고의 자산입니다. 하지만 나이가 들수록 점점...",2026-09-28 04:00,https://www.nongmin.com/article/20260921500238,https://n.news.naver.com/mnews/article/662/0000105120?sid=103
서울대학교,국민일보,묶어도 오르고 풀면 더 오르고… ‘토허제 덫’에 걸린 정부,지난해 10·15 대책 이후 서울 전역과 경기 주요 지역을 토지거래허가구역으로 묶은 지 1년을 앞두고 있지만... 보고서를 쓴 문소현 서울대 국토문제연구소 연구원은 “토허제가 단기적인 거래 억제 수단으로 기능할 수...,2026-09-28 02:07,https://www.kmib.co.kr/article/view.asp?arcid=9000017633&cp=nv,https://n.news.naver.com/mnews/article/005/0001875264?sid=101
고려대학교,뉴스티앤티,"세종시교육청, 이윤홍(李侖泓) 부교육감 부임","이윤홍 부교육감은 배화여자고등학교·고려대학교를 졸업했으며, 행정고시 44회에 합격해 지난 2001년 공직에 입문한 후 교육부 창조행정담당관·혁신행정담당관·운영지원과장·장관 비서실장·부경대 사무국장...",2026-09-28 02:00,https://www.newstnt.com/news/articleView.html?idxno=720231,https://www.newstnt.com/news/articleView.html?idxno=720231
서울대학교,국민일보,김지훈 英길드홀 첫 한국인 교수 임용… “한국 가곡 선택과목 개설 방...,"서울대 성악과와 이탈리아 밀라노 베르디 국립음악원을 졸업한 김 교수는 오스트리아 페루초 탈리아비니 콩쿠르, 이탈리아 루이지 일리카 콩쿠르 등 유럽 유수의 국제 성악 콩쿠르에서 1위를 차지했고 유럽 주요 오페라...",2026-09-28 01:25,https://www.kmib.co.kr/article/view.asp?arcid=9000017630&cp=nv,https://n.news.naver.com/mnews/article/005/0001875262?sid=103
고려대학교,조선일보,“위암 직행열차” 피해야 할 습관 세 가지,최근 고려대 안암병원 위장관외과 이인영 교수가 유튜브 채널 ‘건나물TV’를 통해 “위암은 좋다는 음식만으로 막는 병이 아니다”라며 위 건강을 해치는 생활 습관들을 소개했다. 위 건강을 위해 평소 피해야 하는...,2026-09-28 01:01,https://health.chosun.com/site/data/html_dir/2026/09/23/2026092303300.html,https://n.news.naver.com/mnews/article/346/0000116573?sid=103
연세대학교,조선일보,"독박육아 대신 일터… 30대 후반 女고용, 이대남 제쳤다","20대 후반 여성 고용률도 작년부터 2년 연속 하락하고 있다. 김정식 연세대 교수는 “20대 후반의 취업난이 장기화할 경우 결혼, 출산도 연쇄적으로 늦어지면서 또 다른 사회 문제를 낳을 수 있다”고 말했다.",2026-09-28 00:49,https://www.chosun.com/economy/economy_general/2026/09/28/77OXJ5KTKRBAVH3RSK5W7ZGJQM/?utm_source=naver&utm_medium=referral&utm_campaign=naver-news,https://n.news.naver.com/mnews/article/023/0004000669?sid=101
서울대학교,조선일보,“해운대보다 부캉이” 추석 연휴 46만명 몰렸다,곽금주 서울대 심리학과 명예교수는 “대전 오월드를 탈출했던 늑대 ‘늑구’에 사람들이 열광했듯 인간은 야생동물의 자유로움을 통해 대리 만족을 느끼는 감정이 있다”고 했다. 부캉이는 곧 먼 바다로 돌아갈...,2026-09-28 00:47,https://www.chosun.com/national/regional/2026/09/28/HQSLDGBIYFCQNDLIXTLBPRVEYI/?utm_source=naver&utm_medium=referral&utm_campaign=naver-news,https://n.news.naver.com/mnews/article/023/0004000663?sid=102
고려대학교,조선일보,취업 자소서 대신 서술형 문답 40개… 온라인 인터뷰까지,김성희 고려대 노동대학원 교수는 “기업들이 구직자를 다각도로 검증해야 할 책임을 구직자에게 전가하는 건 아닌지 고민해볼 필요가 있다”고 했다. 실제 취업 준비생이 서류 전형에 통과하기는 갈수록 어려워지고...,2026-09-28 00:47,https://www.chosun.com/national/national_general/2026/09/28/ERLELRRJM5FNVBHAF7IYBUHQF4/?utm_source=naver&utm_medium=referral&utm_campaign=naver-news,https://n.news.naver.com/mnews/article/023/0004000665?sid=102
고려대학교,국민일보,[글로벌 포커스] 파병하지 않으면 안전한가,언제 가는가. 어디까지 할 것인가. 어떻게 우리 장병과 선원을 지킬 것인가.’ 이러한 질문에 분명히 답할 수 있을 때 비로소 호르무즈 파병은 대한민국의 선택이 된다. 마영삼 전 주이스라엘대사·고려대 아연 연구위원,2026-09-28 00:34,https://www.kmib.co.kr/article/view.asp?arcid=9000017603&cp=nv,https://n.news.naver.com/mnews/article/005/0001875241?sid=110
서울대학교,GOLFJOURNAL,음악과 함께 하는 골프 이야기 : 코트의 전설 이종경 선수와의 라운드,"김동섭 성악가 서울대학교 음대 성악과 졸업. 뮌헨 음대 가곡과 오페라와 최고 연주자 과정 졸업. 뮌헨(ARD)... 대한배구협회 전무이사로 한국 배구를 위한 배구 행정도 했으며, 현재는 경기대학교 교수로 후학들을 양성하고...",2026-09-28 00:30,https://www.golfjournal.co.kr/news/articleView.html?idxno=11072,https://www.golfjournal.co.kr/news/articleView.html?idxno=11072
고려대학교,주간조선,"""1980년생 이하·11개 대학만""…한화에어로, 채용 가이드라인 결국 사과","논란이 된 내부 가이드라인에는 경력직 채용 시 '1980년생 이하'를 연령 기준으로 제시하고, 서울·판교 근무자의 경우 서울대·연세대·고려대 등을 포함한 국내 11개 대학 출신자를 대상으로 하는 내용이 담긴 것으로...",2026-09-28 00:30,http://weekly.chosun.com/news/articleView.html?idxno=55649,https://n.news.naver.com/mnews/article/053/0000061818?sid=102
연세대학교,주간조선,"""1980년생 이하·11개 대학만""…한화에어로, 채용 가이드라인 결국 사과","논란이 된 내부 가이드라인에는 경력직 채용 시 '1980년생 이하'를 연령 기준으로 제시하고, 서울·판교 근무자의 경우 서울대·연세대·고려대 등을 포함한 국내 11개 대학 출신자를 대상으로 하는 내용이 담긴 것으로...",2026-09-28 00:30,http://weekly.chosun.com/news/articleView.html?idxno=55649,https://n.news.naver.com/mnews/article/053/0000061818?sid=102
서울대학교,주간조선,"""1980년생 이하·11개 대학만""…한화에어로, 채용 가이드라인 결국 사과","논란이 된 내부 가이드라인에는 경력직 채용 시 '1980년생 이하'를 연령 기준으로 제시하고, 서울·판교 근무자의 경우 서울대·연세대·고려대 등을 포함한 국내 11개 대학 출신자를 대상으로 하는 내용이 담긴 것으로...",2026-09-28 00:30,http://weekly.chosun.com/news/articleView.html?idxno=55649,https://n.news.naver.com/mnews/article/053/0000061818?sid=102
서울대학교,중앙일보,"[서경호의 시선] 주병기호 공정위 1년, 빛과 그림자","책에서 이 챕터를 쓴 사람은 주병기 당시 서울대 경제학부 교수, 지금의 공정거래위원장이다. 환경·사회·지배구조를 뜻하는 ESG 경영을 한국이 잘하면 국가와 기업의 가치를 높일 수 있음을 강조하기 위해 현실을 더...",2026-09-28 00:18,https://www.joongang.co.kr/article/25465100,https://n.news.naver.com/mnews/article/025/0003554078?sid=110
연세대학교,강원도민일보,강원청년경제인연합회 'AI·양자기술' 산업 현장 활용 모색,"이날 강연을 맡은 김평식 연세대 겸임교수는 ""양자컴퓨터가 내 사업과 무슨 관계가 있을까?""라는 화두로 강의를 시작했다. 김 교수는 배송지 100곳의 최단 경로를 찾는 사례를 들어 양자컴퓨팅이 물류 등 산업 현장에...",2026-09-28 00:08,https://www.kado.net/news/articleView.html?idxno=2075019,https://n.news.naver.com/mnews/article/654/0000202611?sid=101
연세대학교,강원도민일보,연세대 미래캠 헌혈릴레이 1위 선정,대한적십자사 강원도혈액원은 22일 연세대 미래캠퍼스에서 '대학 헌혈릴레이' 우수 참여대학 1위(최우수)로 선정된 연세대학교 미래캠퍼스에 표창을 전달했다.,2026-09-28 00:08,https://www.kado.net/news/articleView.html?idxno=2074999,https://n.news.naver.com/mnews/article/654/0000202591?sid=102
서울대학교,강원도민일보,평창형 소규모 학교 혁신 모델 만든다,"평창교육지원청은 22일 교육지원청 대회의실에서 심재국 군수, 이창열 군의장과 군의원, 이정균 도의원, 군내 각급 학교 교장과 학교운영위원장, 서울대 그린바이오기술원·군이장연합회·군번영회장 관계자와 주민 등이...",2026-09-28 00:07,https://www.kado.net/news/articleView.html?idxno=2074972,https://n.news.naver.com/mnews/article/654/0000202566?sid=102
연세대학교,강원일보,수능 코앞 ‘수시 올인’은 금물 ‘수능 성적’이 당락 좌우,"2027학년도 기준 도내 의과대학 4곳(가톨릭관동대, 강원대, 연세대 미래캠퍼스, 한림대)은 지역의사제 선발인원 63명 전원에 수능 최저학력기준을 적용한다. 강원대 치의예과·약학과·수의학과, 상지대 한의예과 등을...",2026-09-28 00:07,https://www.kwnews.co.kr/article/20260927500544,https://n.news.naver.com/mnews/article/087/0001220543?sid=102
서울대학교,강원도민일보,"""국가책임 유효기간 없다…과거사재단 설립 피해회복 온힘""",송 위원장과의 인터뷰는 지난 18일 강원대학교 미래광장에서 진행됐다. 주요 내용을 싣는다. -제3기 진실... 출생 △서울 충암고·서울대 공법학과 졸업 △제34기 사법연수원 수료 △법무법인 덕수 변호사 △민주사회를 위한...,2026-09-28 00:05,https://www.kado.net/news/articleView.html?idxno=2074943,https://n.news.naver.com/mnews/article/654/0000202537?sid=100
고려대학교,강원일보,"김영수 의정관, 신임 행정부지사 내정…여중협 부지사는 국민생명위 기...","여 부지사는 원주 대성고와 고려대를 졸업했으며 행정고시로 공직에 입문해 행안부 윤리담당관, 청와대 의전행정관, 행안부 법무담당관, 인천광역시 기획조정실장, 행안부 차세대지방재정 세입정보화추진단장 등을...",2026-09-28 00:03,https://www.kwnews.co.kr/article/20260927501016,https://n.news.naver.com/mnews/article/087/0001220525?sid=100
서울대학교,강원일보,"김영수 의정관, 신임 행정부지사 내정…여중협 부지사는 국민생명위 기...","김 의정관은 홍천중과 춘천고, 서울대 사회교육학과를 졸업했으며 행정고시에 합격해 행자부 중앙공무원교육원 기획협력과장, 미래정보학과장, 행자부 장관 비서실장, 공공서비스혁신과장, 청와대 의전비서관실...",2026-09-28 00:03,https://www.kwnews.co.kr/article/20260927501016,https://n.news.naver.com/mnews/article/087/0001220525?sid=100
고려대학교,FNTIMES,“증권사 65% 디지털자산 정규조직 구축”…미래·신한 ‘앞장’,"정 본부장은 연세대학교 컴퓨터과학을 전공했으며, 대신증권과 KB증권, KB국민은행, 카카오페이... 고려대 법학과 출신으로 리테일 전략팀장과 본부장 등을 거친 김 본부장을 중심으로 디지털자산 금융상품의 구현...",2026-09-28 00:02,https://www.fntimes.com/html/view.php?ud=202609231728515691dd55077bc2_18,https://www.fntimes.com/html/view.php?ud=202609231728515691dd55077bc2_18
서울대학교,FNTIMES,“증권사 65% 디지털자산 정규조직 구축”…미래·신한 ‘앞장’,"올해 3월 합류한 최인수 부서장은 서울대 경제학부를 졸업하고 약 20년간 블록체인과 핀테크 분야에서... 정 본부장은 연세대학교 컴퓨터과학을 전공했으며, 대신증권과 KB증권, KB국민은행, 카카오페이...",2026-09-28 00:02,https://www.fntimes.com/html/view.php?ud=202609231728515691dd55077bc2_18,https://www.fntimes.com/html/view.php?ud=202609231728515691dd55077bc2_18
연세대학교,FNTIMES,“증권사 65% 디지털자산 정규조직 구축”…미래·신한 ‘앞장’,"연세대 신소재공학과를 졸업한 뒤 자산운용사와 증권사에서 주식운용과 부동산 대체투자 업무를 거쳤으며... 정 본부장은 연세대학교 컴퓨터과학을 전공했으며, 대신증권과 KB증권, KB국민은행, 카카오페이...",2026-09-28 00:02,https://www.fntimes.com/html/view.php?ud=202609231728515691dd55077bc2_18,https://www.fntimes.com/html/view.php?ud=202609231728515691dd55077bc2_18
서울대학교,KSILBO,국공립 중심 공공의료정책 울산 소외,특히 울산대학교 의과대학도 지역 자체를 교육 자원으로 활용하는 등 의학교육을 다방면으로 확대하고 있어... 성균관대·울산대·서울대 등 이른바 '빅5' 연계 의대가 첨단진료와 의료산업 등에서 독특한 위상을 갖는 만큼...,2026-09-28 00:02,https://www.ksilbo.co.kr/news/articleView.html?idxno=1068295,https://www.ksilbo.co.kr/news/articleView.html?idxno=1068295
서울대학교,교수신문,"""호메로스 다음은 셰익스피어""...숭배 대신 비평으로 읽은 대문호","서울대 영어교육과를 나와 미국 위스콘신대(밀워키)에서 새뮤얼 존슨 연구로 박사학위를 받았고, 한국영어영문학회장과 국제비교문학회 부회장을 지냈다. 1985년 『포스트모더니즘』을 번역해 국내에 포스트모더니즘...",2026-09-27 23:18,https://www.kyosu.net/news/articleView.html?idxno=210724,https://www.kyosu.net/news/articleView.html?idxno=210724
연세대학교,교수신문,"""호메로스 다음은 셰익스피어""...숭배 대신 비평으로 읽은 대문호","그는 30여 년간 대학에서 비평과 이론을 가르치며 ""영문학 비평의 역사는 바로 셰익스피어 비평의 역사와... 윤민우 연세대 명예교수(전 한국영어영문학회장)는 추천사에서 ""18세기 영국 신고전주의 대가 새뮤얼 존슨이...",2026-09-27 23:18,https://www.kyosu.net/news/articleView.html?idxno=210724,https://www.kyosu.net/news/articleView.html?idxno=210724
고려대학교,점프볼,“예전엔 그냥 봤는데…” 동국대 유정원이 프로농구 관중석에서 유심...,"프로의 기운을 가득 담은 그의 시선은 이제 대학리그 막바지로 향한다. 직전 경기에서 대어 고려대를 꺾고... 유정원은 ""대학교 4년의 마지막 홈 경기다. 꼭 승리로 마무리 짓고 싶다. 건국대도 마찬가지로 우리가 1학기 때...",2026-09-27 23:13,https://m.sports.naver.com/basketball/article/065/0000302128,https://m.sports.naver.com/basketball/article/065/0000302128
고려대학교,서울경제,“한국 농구 22번 누구야? 배우인 줄”…금메달 따고 더 난리 난 204㎝ 선...,"여준석은 고교 시절 호주 NBA 글로벌 아카데미에서 생활했고, 고려대에 진학한 뒤 2022년 해외 진출을 선언했다. 2023년에는 미국 대학농구 명문 곤자가대에 합류했고 이후 더 많은 출전 기회를 얻기 위해 시애틀대로...",2026-09-27 23:08,https://www.sedaily.com/article/20095316?ref=naver,https://n.news.naver.com/mnews/article/011/0004665728?sid=104
서울대학교,TOURNEWS21,"세종시, 'AI 행정 전문가' 배일권 행정부시장 취임…스마트 행정수도에...",배 신임 행정부시장은 1972년 서울 출생으로 서울대학교 사회학과를 졸업한 뒤 서울대 대학원과 미국 시라큐스대학교 대학원에서 행정학 석사학위를 취득했다. 1999년 제42회 행정고시에 합격하면서 공직에 입문한 이후...,2026-09-27 23:02,https://www.tournews21.com/news/articleView.html?idxno=144325,https://www.tournews21.com/news/articleView.html?idxno=144325
연세대학교,뉴스웍스,"호남 반도체, 석 달 새 입지·전력·용수 '첫 단추'…남은 관문은?","같은 날 광주상공회의소에서 열린 국제포럼에서 이순형 동신대학교 교수는 ""에너지자립은 조건부로... 이호근 전 연세대 교수는 최근 광주테크노파크에서 열린 (사)에너지밸리포럼 강연에서 전남광주 지역의 전력...",2026-09-27 22:52,https://www.newsworks.co.kr/news/articleView.html?idxno=854830,https://www.newsworks.co.kr/news/articleView.html?idxno=854830
서울대학교,메디컬월드뉴스,"질병청·보사연, 코로나19 사회대응 돌아보는 포럼 개최","질병관리청(청장 임승관)이 한국보건사회연구원(원장 신영석)과 함께 지난 21일 서울 명동 코트야드... 홍석철 서울대 교수가 맡았다. 거리두기가 사회·경제 전반에 미친 영향을 살펴보고, 향후 감염병 위기에서 방역...",2026-09-27 22:30,https://medicalworldnews.co.kr/news/view.php?idx=1510977480,https://medicalworldnews.co.kr/news/view.php?idx=1510977480
서울대학교,YTN,5년간 'SKY대' 1만 명 떠났다...60%가 자연계,"서울대와 연세대, 고려대를 다니다가 그만둔 학생이 지난 5년 동안 만 명이 넘고, 이 가운데 60% 이상은... [기자] 지난 2021년부터 5년 동안 서울대와 연세대, 고려대 학생 가운데 '중도탈락자'는 1만7백여 명에...",2026-09-27 22:19,https://www.ytn.co.kr/_ln/0103_202609272219106047,https://n.news.naver.com/mnews/article/052/0002411674?sid=102
연세대학교,YTN,5년간 'SKY대' 1만 명 떠났다...60%가 자연계,위해 대학을 떠난 사례가 상당수 있었던 것으로 추정했습니다. 2027학년도부터 지역의사제 도입에 따른 의대 모집인원 확대가 예정돼 있어 이 같은 흐름에 더욱 영향을 미칠 것으로 보입니다. 특히 서울대와 연세대...,2026-09-27 22:19,https://www.ytn.co.kr/_ln/0103_202609272219106047,https://n.news.naver.com/mnews/article/052/0002411674?sid=102
고려대학교,YTN,5년간 'SKY대' 1만 명 떠났다...60%가 자연계,"서울대와 연세대, 고려대를 다니다가 그만둔 학생이 지난 5년 동안 만 명이 넘고, 이 가운데 60% 이상은... 종로학원 측은 상위권 자연계열 학생들의 경우 의학계열 재입학을 위해 대학을 떠난 사례가 상당수 있었던...",2026-09-27 22:19,https://www.ytn.co.kr/_ln/0103_202609272219106047,https://n.news.naver.com/mnews/article/052/0002411674?sid=102
서울대학교,헤럴드경제,"“5수생, 합창단, 포기하려던 때 잡은 기회”…K-저음 3인방의 인생 역...",서울대 성악과를 다닌 바리톤 김건(30). 졸업 후 날이면 날마다 유학 경비로 계산기를 두드렸다. 아무리... 최근 서울 서초동 국립오페라단 연습실에서 마주한 세 사람은 “국립오페라스튜디오는 인생의 가장 큰...,2026-09-27 22:19,https://biz.heraldcorp.com/article/10885425?ref=naver,https://n.news.naver.com/mnews/article/016/0002702253?sid=103
연세대학교,세계일보,[김정식칼럼] 경상수지 흑자와 네덜란드병,김정식 연세대 경제학부 명예교수 자산가격 버블 붕괴로 인한 금융위기 위험도 높인다. 대규모의 경상수지... 미치는 충격을 최소화하는 데 통화 및 외환정책의 초점을 둘 필요가 있다. 김정식 연세대 경제학부 명예교수,2026-09-27 21:59,https://www.segye.com/newsView/20260927507593?OutUrl=naver,https://n.news.naver.com/mnews/article/022/0004162139?sid=110
서울대학교,KBS,"주베트남 한국 대사관, 제5회 한국어말하기대회 개최","또 2023년 중고등부 수상자인 레 투이 짱씨는 수상을 통해 얻은 한국 여행을 계기로 한국 유학을 위해 노력, 현재 서울대 언론정보학과에 재학 중입니다. 2024년 수상자인 쩐 투 떰씨는 한국대사관에서 근무하며 한국과...",2026-09-27 21:55,https://news.kbs.co.kr/news/pc/view/view.do?ncd=8672182&ref=A,https://n.news.naver.com/mnews/article/056/0012263756?sid=104
연세대학교,MHNS,"대입 수시 경쟁률, 접수번호로 샜다…부산대 등 143개 대학서 확인 가능","국회 교육위원장인 국민의힘 김희정 의원(부산 연제구)이 한국대학교육협의회를 통해 확인한 결과, 전국... 해당 대학에는 연세대·고려대·한양대 등 서울 소재 대학 30곳과 부산대·인천대·충북대·제주대 등 국립대...",2026-09-27 21:44,https://www.mhns.co.kr/news/articleView.html?idxno=761809,https://www.mhns.co.kr/news/articleView.html?idxno=761809
고려대학교,MHNS,"대입 수시 경쟁률, 접수번호로 샜다…부산대 등 143개 대학서 확인 가능","국회 교육위원장인 국민의힘 김희정 의원(부산 연제구)이 한국대학교육협의회를 통해 확인한 결과, 전국... 해당 대학에는 연세대·고려대·한양대 등 서울 소재 대학 30곳과 부산대·인천대·충북대·제주대 등 국립대...",2026-09-27 21:44,https://www.mhns.co.kr/news/articleView.html?idxno=761809,https://www.mhns.co.kr/news/articleView.html?idxno=761809
서울대학교,GNMAEIL,"한화에어로 대표이사 사과 ""채용 가이드라인 개인 일탈""","회사는 지난달 말 작성한 문건에서 수도권 근무자의 경우 서울대 등을 포함한 11개 대학, 해외대학의 경우 세계대학순위 100위 이내로 한정 채용한다는 원칙을 내부적으로 세운 의혹을 받아 논란을 일으킨 바 있다....",2026-09-27 21:42,http://www.gnmaeil.com/news/articleView.html?idxno=595456,http://www.gnmaeil.com/news/articleView.html?idxno=595456
서울대학교,IDAEGU,"""농지 전수조사?…내 재산도 마음대로 못 하나""","지역 국회의원들은 이재명 정부의 광주군공항 이전과 경북대의 '지역 서울대 10개 만들기' 탈락 등 TK지역 소외에 대한 불만이 쏟아졌다고 전했다. 김정재(경북 포항시북구) 의원은 ""지역 경제가 어렵다보니 이재명 대통령...",2026-09-27 21:14,https://www.idaegu.co.kr/news/articleView.html?idxno=560710,https://www.idaegu.co.kr/news/articleView.html?idxno=560710
서울대학교,연합뉴스,"주베트남 韓대사관, 제5회 한국어말하기대회 개최","역대 수상자들, 삼성전자·대사관 근무, 서울대 진학도 박진형 특파원 = 주베트남 한국대사관은 '2026... 현재 서울대 언론정보학과에 재학 중이다. 2024년 수상자인 쩐 투 떰씨는 한국대사관에서 근무하며 한국과 베트남을...",2026-09-27 20:54,https://www.yna.co.kr/view/AKR20260927052400084?input=1195m,https://n.news.naver.com/mnews/article/001/0016339110?sid=104
서울대학교,세계일보,차기 은행연합회장 윤종규·윤종원·박종복 ‘3파전’,"김광수 전 은행연합회장과 같은 서울대 경제학과·행시 27회 출신으로, 재정경제부·기획재정부 요직을 두루 거쳤다. 문재인정부 시절 청와대 경제수석을 지냈고 2020∼22년 IBK기업은행장을 역임했다. SC제일은행장(2015...",2026-09-27 20:47,https://www.segye.com/newsView/20260927508153?OutUrl=naver,https://n.news.naver.com/mnews/article/022/0004162131?sid=101
고려대학교,세계일보,韓농구 ‘황금세대’ 만리장성·후지산 넘었다 [2026 아이치 나고야 아...,"이주영, 김승우(이상 연세대), 이동근(고려대), 구민교(성균관대)로 구성된 한국 남자 3대3 농구 대표팀은 지난 25일 일본 나고야 긴조후토역 광장 특설 코트에서 열린 결승전에서 카타르를 19-10으로 꺾고 이 종목 사상...",2026-09-27 20:42,http://www.segye.com/newsView/20260927508378?OutUrl=naver,https://n.news.naver.com/mnews/article/022/0004162130?sid=104
연세대학교,세계일보,韓농구 ‘황금세대’ 만리장성·후지산 넘었다 [2026 아이치 나고야 아...,"이주영, 김승우(이상 연세대), 이동근(고려대), 구민교(성균관대)로 구성된 한국 남자 3대3 농구 대표팀은 지난 25일 일본 나고야 긴조후토역 광장 특설 코트에서 열린 결승전에서 카타르를 19-10으로 꺾고 이 종목 사상...",2026-09-27 20:42,http://www.segye.com/newsView/20260927508378?OutUrl=naver,https://n.news.naver.com/mnews/article/022/0004162130?sid=104
고려대학교,뉴데일리,이윤홍 신임 세종교육청 부교육감 28일 부임,"이 신임 부교육감은 배화여자고등학교와 고려대학교를 졸업하고 행정고시 44회에 합격해 2001년 공직에 입문했다. 이후 교육부 창조행정담당관과 혁신행정담당관, 운영지원과장, 장관실 비서실장, 부경대 사무국장...",2026-09-27 20:34,https://cc.newdaily.co.kr/site/data/html/2026/09/27/2026092700062.html,https://cc.newdaily.co.kr/site/data/html/2026/09/27/2026092700062.html
고려대학교,스포츠동아,"“미래형 암 치료 플랫폼” 고려대 구로병원, ‘새암병원’ 짓는다","고려대 구로병원이 최근 새암병원 기공식을 열고, 중증질환 중심의 진료체계 도약을 위한 마스터플랜 2단계... 민병욱 고려대 구로병원장은 “새암병원 기공은 ‘생명과 존엄을 지키는 공간 진화’의 첫걸음”이라며...",2026-09-27 20:22,https://sports.donga.com/life/article/all/20260927/134735471/1,https://n.news.naver.com/mnews/article/382/0001295905?sid=103
서울대학교,스포츠경향,이상기 아시아엔 발행인 ‘왜 다시 아시아인가’ 북토크···29일 프레스...,아시아의 현재를 조명한 신간 서적에 대한 북토크가 서울 프레스센터에서 열린다. 이상기 아시아엔 발행인... 이상묵 서울대 교수는 ‘2027 지구과학올림픽’을 소개한다. 이상기 발행인은 한국기자협회장(2002~05)을...,2026-09-27 20:10,https://sports.khan.co.kr/article/202609272009013?pt=nv,https://n.news.naver.com/mnews/article/144/0001140680?sid=103
고려대학교,스포츠경향,이상기 아시아엔 발행인 ‘왜 다시 아시아인가’ 북토크···29일 프레스...,이집트와 싱가포르 주재 대사를 지낸 홍진욱 고려대 중동이슬람센터 연구위원 강평도 마련이 된다. 이상묵 서울대 교수는 ‘2027 지구과학올림픽’을 소개한다. 이상기 발행인은 한국기자협회장(2002~05)을 역임했으며...,2026-09-27 20:10,https://sports.khan.co.kr/article/202609272009013?pt=nv,https://n.news.naver.com/mnews/article/144/0001140680?sid=103
고려대학교,뉴스1,"영탁, 신곡 '꺾어'로 '뮤직뱅크' 1위 ""생각도 못해…팬들 덕분""","지상파 음악방송 1위를 차지하며 막강한 저력을 입증한 영탁은 오는 10월 3일부터 5일까지 서울 고려대학교 화정체육관에서 단독 콘서트 '탁 쇼5'(TAK SHOW5)를 개최하고 전주, 대구, 인천, 부산 등 전국 투어에 나선다....",2026-09-27 20:09,https://www.news1.kr/entertain/celebrity-topic/6302516,https://m.entertain.naver.com/article/421/0009193765
서울대학교,서울신문,“부캉이 보며 다시 웃어”… 일상 속 힐링 ‘동물 팬덤’,"서울에서 3년째 취업을 준비 중인 김모(29)씨도 추석 연휴 홀로 부산을 찾아 부캉이를 봤다. 김씨는 “불안한... 곽금주 서울대 심리학과 명예교수는 “학교와 취업, 직장 등에서 끊임없이 비교·평가받는 사람들이...",2026-09-27 20:06,https://www.seoul.co.kr/news/society/2026/09/28/20260928010008?wlog_tag3=naver,https://n.news.naver.com/mnews/article/081/0003683755?sid=102
서울대학교,이뉴스투데이,"""AI 대체 불가한 인간의 깊은 감성""···오주리 가톨릭관동대 교수, 제...",문학평론가인 장경렬 서울대 명예교수(영문과)는 '장미릉'을 두고 현실적 존재 장미를 넘어 영원한 본질인... 문학평론가 신범순 서울대 명예교수(국문과)는 해설을 통해 이 시집이 김소월 특유 '한'과 영혼의 세계를 잇고...,2026-09-27 20:02,http://www.enewstoday.co.kr/news/articleView.html?idxno=2474379,http://www.enewstoday.co.kr/news/articleView.html?idxno=2474379
연세대학교,조선일보,미리 보는 《topclass》 10월호 / 스페셜 이슈 ‘한국이 좋아서’,▲판소리에 매료돼 영국에서 건너온 서울대학교 국악과 교수 안나 예이츠 ▲스리랑카에서 출가해 북한산 국녕사 주지가 된 봉연 스님 ▲이상 문학을 사랑하고 한국에 주짓수를 들여온 연세대학교 교수 존 프랭클...,2026-09-27 20:00,http://topclass.chosun.com/news/articleView.html?idxno=36823,http://topclass.chosun.com/news/articleView.html?idxno=36823
서울대학교,조선일보,미리 보는 《topclass》 10월호 / 스페셜 이슈 ‘한국이 좋아서’,▲판소리에 매료돼 영국에서 건너온 서울대학교 국악과 교수 안나 예이츠 ▲스리랑카에서 출가해 북한산 국녕사 주지가 된 봉연 스님 ▲이상 문학을 사랑하고 한국에 주짓수를 들여온 연세대학교 교수 존 프랭클...,2026-09-27 20:00,http://topclass.chosun.com/news/articleView.html?idxno=36823,http://topclass.chosun.com/news/articleView.html?idxno=36823
고려대학교,경향신문,대학생·초보 감독 뭉쳐 첫 금메달…‘3 대 3 농구’ 불모지의 기적,"이주영(22)과 김승우(21·이상 연세대), 이동근(23·고려대), 구민교(21·성균관대) 등 평균 나이 21.7세 대학생들... 배 감독은 26일 귀국한 뒤 “선수 차출에 응해준 대학교 감독들, 대표팀 실전 경험을 위해 스파링을 해준...",2026-09-27 19:57,https://www.khan.co.kr/article/202609271957015,https://n.news.naver.com/mnews/article/032/0003472678?sid=104
연세대학교,경향신문,대학생·초보 감독 뭉쳐 첫 금메달…‘3 대 3 농구’ 불모지의 기적,"금메달을 대학생 4총사가 따냈다. 이주영(22)과 김승우(21·이상 연세대), 이동근(23·고려대), 구민교(21... 배 감독은 26일 귀국한 뒤 “선수 차출에 응해준 대학교 감독들, 대표팀 실전 경험을 위해 스파링을 해준 국내...",2026-09-27 19:57,https://www.khan.co.kr/article/202609271957015,https://n.news.naver.com/mnews/article/032/0003472678?sid=104
연세대학교,경인일보,김성중 인천시 행정부시장 부임… 예산 편성 업무 총괄,"김성중 부시장은 제주 출생으로 오현고, 연세대 행정학과를 졸업했다. 행정고시 39회로 공직에 입문했다. 경기도 행정1부지사, 제주특별자치도 행정부지사, 행정안전부 재난대응정책관, 조직정책관, 정부혁신기획관 등을...",2026-09-27 19:54,https://www.kyeongin.com/article/1771548,https://www.kyeongin.com/article/1771548
연세대학교,세계일보,전공의 복귀에도… 피부과는 일반의 늘어,한 대학병원에서 의료진이 이동하고 있다. 뉴스1 27일 의료계에 따르면 이상규 연세대 의대 예방의학교실 교수 연구팀은 건강보험심사평가원 빅데이터를 토대로 ‘전공의 집단사직 전후 일반의 분포 변화’를...,2026-09-27 19:52,https://www.segye.com/newsView/20260927508240?OutUrl=naver,https://n.news.naver.com/mnews/article/022/0004162116?sid=102
서울대학교,YTN,"""회복 불가능"" 섬뜩한 연구 결과...인류가 모르는 사실 [자막뉴스]",[국종성 / 서울대 지구환경과학부 교수 : 굉장히 비선형 시스템이라 그런 거고요. / 탁자에 이제 어떤 물컵이 있으면 걔를 옮긴단 말이죠. 이 포인트에서 넘어가게 되면 확 떨어지잖아요. 현재 시점에서 티핑 포인트가...,2026-09-27 19:44,https://www.ytn.co.kr/_ln/0134_202609271944022299,https://n.news.naver.com/mnews/article/052/0002411631?sid=105
고려대학교,경인일보,"농구 코트, 한국이 점령했다","이주영, 김승우(이상 연세대), 이동근(고려대), 구민교(성균관대) 등 대학생 4인조로 이뤄진 남자 3대3 농구 대표팀(감독·배길태)은 지난 25일 카타르를 제압하며 이 종목에서 첫 금메달을 따냈다. 김정은(부산 BNK 썸)...",2026-09-27 19:28,https://www.kyeongin.com/article/1771536,https://www.kyeongin.com/article/1771536
연세대학교,경인일보,"농구 코트, 한국이 점령했다","이주영, 김승우(이상 연세대), 이동근(고려대), 구민교(성균관대) 등 대학생 4인조로 이뤄진 남자 3대3 농구 대표팀(감독·배길태)은 지난 25일 카타르를 제압하며 이 종목에서 첫 금메달을 따냈다. 김정은(부산 BNK 썸)...",2026-09-27 19:28,https://www.kyeongin.com/article/1771536,https://www.kyeongin.com/article/1771536
연세대학교,엑스포츠뉴스,연세대-고려대의 e스포츠 한판 승부…SOOP '2026 사이버 정기전' 개최,"'사이버 정기전'은 연세대학교와 고려대학교 학생들이 e스포츠를 통해 교류하는 대학 친선 대회다. 올해는 연세대학교 e스포츠 동아리 연겜과 고려대학교 게임 동아리 디럭스(DELUXE)가 주최하고, GGA가 주관하며...",2026-09-27 19:19,https://www.xportsnews.com/article/2200985,https://m.sports.naver.com/esports/article/311/0002062373
고려대학교,엑스포츠뉴스,연세대-고려대의 e스포츠 한판 승부…SOOP '2026 사이버 정기전' 개최,"'사이버 정기전'은 연세대학교와 고려대학교 학생들이 e스포츠를 통해 교류하는 대학 친선 대회다. 올해는 연세대학교 e스포츠 동아리 연겜과 고려대학교 게임 동아리 디럭스(DELUXE)가 주최하고, GGA가 주관하며...",2026-09-27 19:19,https://www.xportsnews.com/article/2200985,https://m.sports.naver.com/esports/article/311/0002062373
서울대학교,GGMEDINEWS,"[기류] 의료 AX 기반 '디지털헬스케어법' 제정안, 국회 우려 속 계속심사...",서준범 울산대 의과대학 서울아산병원 교수(국가인공지능전략위원회 과학분과 의료소그룹장)는... 김옥주 서울대 의과대학 인문학교실 교수(국가생명윤리위원회 위원장)는 '디지털헬스케어법(안) 심의제도의 변화'를...,2026-09-27 19:18,http://www.ggmedinews.com/news/articleView.html?idxno=6877,http://www.ggmedinews.com/news/articleView.html?idxno=6877
연세대학교,JTBC,뉴욕·런던 보다 비싼 '한국 통신비'…전문가가 본 원인은,[김정식/연세대 경제학부 교수 : 공급적인 측면에도 독과점 문제가 있고 수요도 굉장히 강하기 때문에 수요가 많기 때문에 가격을 높여도 그 쓰지 않을 수가 없다…] 통신사들의 담합 구조를 다시 들여다봐야 한다는...,2026-09-27 19:14,https://news.jtbc.co.kr/article/NB12320162?influxDiv=NAVER,https://n.news.naver.com/mnews/article/437/0000512904?sid=101
연세대학교,중부매일,한국경비협회 회관에 의원 입주…경비협회 회원·경비 종사자 우대 혜택,"피부·줄기세포 진료는 동아인 대표원장이, 안과 진료는 연세대학교 의학박사 출신 안과전문의 김은우 대표원장이 맡는다. 우대 대상은 한국경비협회 회원사 대표와 임직원이다. 경비원, 경비지도사, 직원 가족도...",2026-09-27 19:02,https://www.jbnews.com/news/articleView.html?idxno=1512313,https://www.jbnews.com/news/articleView.html?idxno=1512313
고려대학교,국민일보,"“독감 백신 작년엔 폐기, 올핸 태부족”",정재훈 고려대의대 예방의학교실 교수는 “코로나19 이후 감염병 주기가 흔들리는 건 한국뿐 아니라 전 세계적인 추세”라며 “백신 접종 일정은 전 세계가 비슷한 일정대로 움직여 크게 조정하긴 어렵지만 백신의 생산...,2026-09-27 18:56,https://www.kmib.co.kr/article/view.asp?arcid=9000017534&cp=nv,https://n.news.naver.com/mnews/article/005/0001875204?sid=102
연세대학교,국민일보,SKY대 5년간 1만명 그만둬… 지역의사제에 올해 더 늘 듯,연세대를 다니다가 학교를 떠난 학생이 최근 5년 동안 1만명을 넘어선 것으로 나타났다. 주로 자연계열에서 중도탈락자가 발생해 의대 쏠림 현상이 영향을 끼친 것으로 풀이된다. 종로학원이 27일 대학알리미...,2026-09-27 18:49,https://www.kmib.co.kr/article/view.asp?arcid=9000017531&cp=nv,https://n.news.naver.com/mnews/article/005/0001875201?sid=102
서울대학교,국민일보,SKY대 5년간 1만명 그만둬… 지역의사제에 올해 더 늘 듯,"서울대, 고려대, 연세대를 다니다가 학교를 떠난 학생이 최근 5년 동안 1만명을 넘어선 것으로... 서울대에서는 전기정보공학부 26명, 첨단융합학부 26명, 생명과학부 18명 등이다. 연세대의 경우 공학계열 132명...",2026-09-27 18:49,https://www.kmib.co.kr/article/view.asp?arcid=9000017531&cp=nv,https://n.news.naver.com/mnews/article/005/0001875201?sid=102
고려대학교,국민일보,SKY대 5년간 1만명 그만둬… 지역의사제에 올해 더 늘 듯,"서울대, 고려대, 연세대를 다니다가 학교를 떠난 학생이 최근 5년 동안 1만명을 넘어선 것으로... 종로학원이 27일 대학알리미 공시자료를 분석한 결과 2021년부터 지난해까지 세 대학의 중도탈락자는 총...",2026-09-27 18:49,https://www.kmib.co.kr/article/view.asp?arcid=9000017531&cp=nv,https://n.news.naver.com/mnews/article/005/0001875201?sid=102
고려대학교,GPKOREA,'꺾어'로 뮤직뱅크 1위 거머쥔 영탁 음반 차트 이어 지상파 음방까지 접...,"음방 1위로 기세를 올린 영탁은 오는 10월 3일부터 5일까지 서울 고려대학교 화정체육관에서 단독 콘서트 'TAK SHOW5'를 열고 전주, 대구, 인천, 부산으로 이어지는 전국투어의 화려한 막을 올린다. /지피코리아 , 사진...",2026-09-27 18:46,https://www.gpkorea.com/news/articleView.html?idxno=147053,https://www.gpkorea.com/news/articleView.html?idxno=147053
연세대학교,INCHEONILBO,경기도비 30%로 낮추면 시·군 재정은 허리 휜다,"양준모 연세대 경제학과 교수는 ""재정 상황이 어렵다고 해서 도비를 일률적으로 줄이기보다 어떤 사업을 줄였을 때 주민에게 미치는 영향과 재정 절감 효과를 함께 따져봐야 한다""며 ""각 지자체의 재정 상황과 사업 여건이...",2026-09-27 18:26,https://www.incheonilbo.com/news/articleView.html?idxno=1332905,https://www.incheonilbo.com/news/articleView.html?idxno=1332905
서울대학교,CCDN,충북대·교통대 통합 끝내 좌초되나,양 대학 교수·직원·학생 대표로 구성된 통합추진대표단은 최근 통합 논의를 중단하기로 결정했다. 양... 충북대는 이달 초 발표된 국립대학 육성사업 패키지인 이른바 '서울대 10개 만들기' 선도대학 추가 선정에서도...,2026-09-27 18:24,https://www.ccdn.co.kr/news/articleView.html?idxno=1101885,https://www.ccdn.co.kr/news/articleView.html?idxno=1101885
연세대학교,국제신문,"K-농구 황금시대…남녀 동반 우승, 3대3도 첫 金(종합)","여기에 3대3 농구 대표팀 남자부(이주영·김승우(연세대), 이동근(고려대), 구민교(성균관대))는 프로가 아닌 가능성 높은 대학 선수로 팀을 꾸리고 각종 국제 대회에 참가하며 조직력을 다진 뒤 성과를 낸 것이어서 한국...",2026-09-27 18:23,http://www.kookje.co.kr/news2011/asp/newsbody.asp?code=0600&key=20260928.22018008698,https://n.news.naver.com/mnews/article/658/0000156744?sid=104
고려대학교,국제신문,"K-농구 황금시대…남녀 동반 우승, 3대3도 첫 金(종합)","여기에 3대3 농구 대표팀 남자부(이주영·김승우(연세대), 이동근(고려대), 구민교(성균관대))는 프로가 아닌 가능성 높은 대학 선수로 팀을 꾸리고 각종 국제 대회에 참가하며 조직력을 다진 뒤 성과를 낸 것이어서 한국...",2026-09-27 18:23,http://www.kookje.co.kr/news2011/asp/newsbody.asp?code=0600&key=20260928.22018008698,https://n.news.naver.com/mnews/article/658/0000156744?sid=104
서울대학교,한겨레,9월28일 알림,"행사에서는 책 소개에 이어 인도·베트남·시리아·이란·튀르키예·우즈베키스탄·네팔 등에서 온 참석자들의 현지 이야기, 이집트·싱가포르 대사를 지낸 홍진욱 고려대 연구위원의 강평, 이상묵 서울대 교수의 2027...",2026-09-27 18:20,https://www.hani.co.kr/arti/society/ngo/1279634.html,https://n.news.naver.com/mnews/article/028/0002824821?sid=102
고려대학교,한겨레,9월28일 알림,"행사에서는 책 소개에 이어 인도·베트남·시리아·이란·튀르키예·우즈베키스탄·네팔 등에서 온 참석자들의 현지 이야기, 이집트·싱가포르 대사를 지낸 홍진욱 고려대 연구위원의 강평, 이상묵 서울대 교수의 2027...",2026-09-27 18:20,https://www.hani.co.kr/arti/society/ngo/1279634.html,https://n.news.naver.com/mnews/article/028/0002824821?sid=102
연세대학교,한겨레,9월28일 궂긴 소식,7시 연세대세브란스병원. 발인 29일 오전 7시20분. (02)2227-7500. ◆ 유명자(광림교회 권사)씨 별세: 은형주 형민 형석(참씨큐리티 대표)씨 모친=27일 오전 1시50분 연세대세브란스병원. 발인 29일 오전 6시20분. (02)...,2026-09-27 18:20,https://www.hani.co.kr/arti/society/obituary/1279633.html,https://n.news.naver.com/mnews/article/028/0002824820?sid=102
고려대학교,파이낸셜뉴스,"中 HBM의 추격… ""韓과 기술격차 2년뿐""[반도체 호황의 그림자]","신창환 고려대 전기전자공학부 교수는 ""HBM 기술격차는 2년 내외 수준까지 와 있다""고 평가했다. HBM의... 김용석 가천대 반도체대학 석좌교수와 백서인 한양대 글로벌문화통상학부 교수는 HBM 기술격차를 3년으로...",2026-09-27 18:13,https://www.fnnews.com/news/202609271810599126,https://n.news.naver.com/mnews/article/014/0005581243?sid=101
연세대학교,KPINEWS,"하종목 행안부 예방정책국장, 28일 경기도 행정1부지사 취임","[경기도 제공] 1971년생인 신임 하종목 행정1부지사는 경남 거창 출신으로 부산 동천고와 연세대학교 행정학과를 졸업했으며, 행시 42회에 합격해 1999년 공직생활을 시작했다. 하 부지사는 행안부 지방세정정책과장...",2026-09-27 18:09,https://www.kpinews.kr/newsView/1065602673321894,https://www.kpinews.kr/newsView/1065602673321894
서울대학교,DOMIN,전북 정치권 정기국회 현안 해결 성과 내야,"정부의 2차 공공기관 이전 추진에 맞춰 전북의 전략산업을 도약시킬 알짜 기관을 유치해야 하고, 남원 국립의전원 설립, 전북대의 '서울대 10개 만들기' 추가 지정, 제3금융중심지 지정 등 굵직한 과제들이 산적해 있다....",2026-09-27 18:04,http://www.domin.co.kr/news/articleView.html?idxno=1570103,http://www.domin.co.kr/news/articleView.html?idxno=1570103
고려대학교,동아일보,반도체 호황에 올해 초과세수 85조…미래기금 200조 넘을듯,김태일 고려대 행정학과 교수는 “평상시보다 늘어난 세수를 기금으로 적립해 필요한 데 쓰는 건 적절하지만 국회 심사 등을 기존처럼 유지해야 정부가 재량으로 지출을 늘리는 것을 방지할 수 있다”고 지적했다.,2026-09-27 18:01,https://www.donga.com/news/Economy/article/all/20260927/134737634/1,https://n.news.naver.com/mnews/article/020/0003750798?sid=101
연세대학교,가톨릭평화방송,야구선수 박용택의 성공비결,"물론 그가 대학생이던 2001년에 경기하는 모습을 잠깐 보아서 대충 유망주로만 알고 있었다. 그런데 나는... 원주고등학교와 연세대학교를 졸업했다. 1992년 OB 베어스에 입단 후, 두산 베어스와 SK 와이번스를 거쳐 2010년...",2026-09-27 18:00,https://news.cpbc.co.kr/article/1175848?division=NAVER,https://news.cpbc.co.kr/article/1175848?division=NAVER
고려대학교,전북일보,이지성 전북도 행정부지사 28일 취임,"고창 출생인 이 행정부지사는 전주고와 고려대학교를 졸업하고 지방고시 4회(행정고시 42회)로 공직에 입문, 전주시 덕진구청장, 전주시장 비서실장, 도의회 사무처장, 행정안전부 정책기획관 등을 역임했다. /백세종...",2026-09-27 18:00,https://www.jjan.kr/article/20260927500091,https://www.jjan.kr/article/20260927500091
서울대학교,JEMIN,추석 제주 밥상머리 화두 '물가·안전',다만 일각에서는 최근 지방 공항을 중심으로 한 지역관광 활성화 정책과 서울대 10개 만들기 등 정부 정책에서 제주가 제외되면서 정부가 제주를 홀대하고 있다는 여론도 적지 않아 이 같은 문제를 해소하기 위해 제주도와...,2026-09-27 17:56,https://www.jemin.com/news/articleView.html?idxno=843457,https://www.jemin.com/news/articleView.html?idxno=843457
서울대학교,전북도민일보,"한병도 의원, “등록 카드납부 사립대 참여 유도책 시급”","2026년 카드납부 이용은 △충남대(1,224명) △충북대(536명) △건국대(404명) △국립창원대(399명) △경상국립대(304명) △서울교대(295명) 순이었고, 분할납부는 △서울대(5,608명) △전북대(2,532명) △충남대(2...",2026-09-27 17:52,https://sjbnews.com/news/news.php?number=888663,https://sjbnews.com/news/news.php?number=888663
고려대학교,위키트리,최근 5년간 서울대·연세대·고려대서 무려 1만명이 넘게 학업을 중도 포...,"지난해 기준 대학별 중도탈락자 규모는 고려대가 836명으로 가장 많았고, 연세대가 801명, 서울대학교가... 비중을 고려할 때 의학계열을 겨냥한 재수 및 반수 이동은 여전히 대학 입시 지형의 핵심 변수로 작용하고...",2026-09-27 17:46,https://www.wikitree.co.kr/articles/1162289,https://www.wikitree.co.kr/articles/1162289
서울대학교,위키트리,최근 5년간 서울대·연세대·고려대서 무려 1만명이 넘게 학업을 중도 포...,서울대·연세대·고려대 등 이른바 스카이(SKY) 대학에서 2021년부터 지난해까지 5년간 중도에 학업을 포기한... 일각에서는 국가 핵심 인재 양성을 목적으로 설립된 특수 대학교마저 의대 블랙홀 현상에 잠식되면서...,2026-09-27 17:46,https://www.wikitree.co.kr/articles/1162289,https://www.wikitree.co.kr/articles/1162289
연세대학교,위키트리,최근 5년간 서울대·연세대·고려대서 무려 1만명이 넘게 학업을 중도 포...,"지난해 기준 대학별 중도탈락자 규모는 고려대가 836명으로 가장 많았고, 연세대가 801명, 서울대학교가 375명으로 그 뒤를 이었다. 계열 및 학과별 이탈 집중 현상 지난해 발생한 중도탈락자를 전공 계열별로 분류하면...",2026-09-27 17:46,https://www.wikitree.co.kr/articles/1162289,https://www.wikitree.co.kr/articles/1162289
연세대학교,한겨레,전공의 대거 복귀했지만…‘피부과 일반의’ 의정갈등 전보다 1.8배 많아,27일 박준영·이상규 연세대 의과대학 예방의학교실 교수는 최근 대한의학회 학술지인 대한의학회지(JKMS)에 이 같은 내용을 담은 ‘2024~2025 의료위기 기간 한국 일반의 분포 변화’ 연구 결과를 발표했다....,2026-09-27 17:44,https://www.hani.co.kr/arti/society/health/1279627.html,https://n.news.naver.com/mnews/article/028/0002824814?sid=102
고려대학교,파이낸셜뉴스,美 압박 속 中 따라붙어… K반도체 정부·기업 '원팀' 대응을[반도체 호...,"김용석 가천대 반도체대학 석좌교수도 용인 반도체 클러스터를 예정대로, 가능하면 조기에 완성할 수 있도록... 신창환 고려대 전기전자공학부 교수는 ""국내에 첨단 공장을 먼저 지을 여건이 중요하다""며 ""송전망과 용수...",2026-09-27 17:41,https://www.fnnews.com/news/202609271739394027,https://n.news.naver.com/mnews/article/014/0005581175?sid=101
연세대학교,서울경제,무작정 지출 늘리면 물가 자극…“경기 확장땐 속도조절 나서야”,김정식 연세대 경제학부 명예교수는 “통화 긴축으로 내수가 크게 위축될 때는 재정이 보완적인 역할을 할 필요도 있지만 지금은 금리를 큰 폭으로 올려야 할 상황은 아니라고 본다”며 “이런 상황에서 재정까지...,2026-09-27 17:41,https://www.sedaily.com/article/20095244?ref=naver,https://n.news.naver.com/mnews/article/011/0004665680?sid=101
서울대학교,GNDOMIN,윤영석 의원 '연금제도 구조개혁' 정책토론회 개최,토론회 좌장은 구인회 서울대학교 교수가 맡는다. 주제발표에는 양재진 연세대학교 교수와 김학주 동국대학교 교수가 나서 연금 구조개혁의 주요 쟁점과 향후 과제를 발표한다. 지정토론에는 민간 전문가와 청년세대...,2026-09-27 17:40,http://www.gndomin.com/news/articleView.html?idxno=490747,http://www.gndomin.com/news/articleView.html?idxno=490747
연세대학교,GNDOMIN,윤영석 의원 '연금제도 구조개혁' 정책토론회 개최,"주제발표에는 양재진 연세대학교 교수와 김학주 동국대학교 교수가 나서 연금 구조개혁의 주요 쟁점과 향후 과제를 발표한다. 지정토론에는 민간 전문가와 청년세대, 정부 관계자가 함께 참여한다. 오건호...",2026-09-27 17:40,http://www.gndomin.com/news/articleView.html?idxno=490747,http://www.gndomin.com/news/articleView.html?idxno=490747
고려대학교,강원도민일보,"서연고 5년간 1만명 중도탈락…""지방 의대 재입학 늘 수도""","지난해 대학별 중도탈락자는 고려대가 836명으로 가장 많았고 연세대 801명, 서울대 375명 순이었다. 자연계에서는 서울대 전기정보공학부와 첨단융합학부에서 각각 26명, 생명과학부에서 18명이 중도탈락했다....",2026-09-27 17:39,https://www.kado.net/news/articleView.html?idxno=2074920,https://n.news.naver.com/mnews/article/654/0000202509?sid=102
서울대학교,강원도민일보,"서연고 5년간 1만명 중도탈락…""지방 의대 재입학 늘 수도""",서울대·연세대·고려대에서 최근 5년간 학교를 중도에 그만둔 학생이 1만명을 넘어선 것으로... 27일 종로학원이 대학알리미 공시자료를 분석한 결과 2021년부터 2025년까지 서울대·연세대·고려대 중도탈락자는...,2026-09-27 17:39,https://www.kado.net/news/articleView.html?idxno=2074920,https://n.news.naver.com/mnews/article/654/0000202509?sid=102
연세대학교,강원도민일보,"서연고 5년간 1만명 중도탈락…""지방 의대 재입학 늘 수도""","지난해 대학별 중도탈락자는 고려대가 836명으로 가장 많았고 연세대 801명, 서울대 375명 순이었다. 자연계에서는 서울대 전기정보공학부와 첨단융합학부에서 각각 26명, 생명과학부에서 18명이 중도탈락했다....",2026-09-27 17:39,https://www.kado.net/news/articleView.html?idxno=2074920,https://n.news.naver.com/mnews/article/654/0000202509?sid=102
서울대학교,GNDOMIN,진주 코리아 색소폰 콰이어 '마을음악 상설무대' 개최,"이번 사업은 서울대 및 한국예술종합학교 출신의 진주 지역 청년들로 구성된 국내 유일의 색소폰 전문 청년예술단체 '코리아 색소폰 콰이어(대표 최한울)'가 주관한다. 대한민국국제관악제, 제주국제관악제...",2026-09-27 17:38,http://www.gndomin.com/news/articleView.html?idxno=490827,http://www.gndomin.com/news/articleView.html?idxno=490827
서울대학교,GNDOMIN,양산상공회의소 서울대 김영민 교수 초청 CEO 조찬세미나,가운데 서울대학교 정치외교학부 김영민 교수를 초청해 CEO 조찬세미나를 개최했다. /양산상공회의소 양산상공회의소(회장 박창현)는 지난 22일 회원기업 대표 및 기관장 등 120여명이 참석한 가운데 서울대학교...,2026-09-27 17:38,http://www.gndomin.com/news/articleView.html?idxno=490791,http://www.gndomin.com/news/articleView.html?idxno=490791
고려대학교,GNDOMIN,계간지 '시와비평' 2026 가을호 선보였다,"고형진 평론가는 고려대학교 국어교육과 명예교수로 1988년 '현대시학'으로 평론을 시작해 비평집 '시인의 샘', '또 하나의 실재', '백석 시 바로 읽기', '백석시를 읽는다는 것', '백석시의 물명고-백석시어 분류사전...",2026-09-27 17:38,http://www.gndomin.com/news/articleView.html?idxno=490836,http://www.gndomin.com/news/articleView.html?idxno=490836
고려대학교,연합뉴스,[동정] 이상기 아시아엔 발행인 '왜 다시 아시아인가' 북토크,"행사에서는 책 소개에 이어 인도·베트남·시리아·이란·튀르키예·우즈베키스탄·네팔 등에서 온 참석자들의 현지 이야기, 이집트·싱가포르 대사를 지낸 홍진욱 고려대 연구위원의 강평, 이상묵 서울대 교수의 2027...",2026-09-27 17:36,https://www.yna.co.kr/view/AKR20260927041900505?input=1195m,https://n.news.naver.com/mnews/article/001/0016338840?sid=102
서울대학교,연합뉴스,[동정] 이상기 아시아엔 발행인 '왜 다시 아시아인가' 북토크,"등에서 온 참석자들의 현지 이야기, 이집트·싱가포르 대사를 지낸 홍진욱 고려대 연구위원의 강평, 이상묵 서울대 교수의 2027 지구과학올림픽 소개가 이어진다. (서울=연합뉴스)",2026-09-27 17:36,https://www.yna.co.kr/view/AKR20260927041900505?input=1195m,https://n.news.naver.com/mnews/article/001/0016338840?sid=102
고려대학교,중앙일보,서울대·고대·성대 B 이상 100% 육박…챗GPT 출시 이후 눈에 띄는 학점...,"27일 중앙일보가 대학알리미 공시 자료를 토대로 서울대·연세대·고려대 등 서울 시내 9개 대학과 부산대·전남대·충남대 등 지방 거점 국립대 9개 대학의 졸업생 성적을 분석한 결과, 백분율로 환산한 졸업생...",2026-09-27 17:31,https://www.joongang.co.kr/article/25465015,https://n.news.naver.com/mnews/article/025/0003553994?sid=102
연세대학교,중앙일보,서울대·고대·성대 B 이상 100% 육박…챗GPT 출시 이후 눈에 띄는 학점...,"27일 중앙일보가 대학알리미 공시 자료를 토대로 서울대·연세대·고려대 등 서울 시내 9개 대학과 부산대·전남대·충남대 등 지방 거점 국립대 9개 대학의 졸업생 성적을 분석한 결과, 백분율로 환산한 졸업생...",2026-09-27 17:31,https://www.joongang.co.kr/article/25465015,https://n.news.naver.com/mnews/article/025/0003553994?sid=102
서울대학교,중앙일보,서울대·고대·성대 B 이상 100% 육박…챗GPT 출시 이후 눈에 띄는 학점...,"27일 중앙일보가 대학알리미 공시 자료를 토대로 서울대·연세대·고려대 등 서울 시내 9개 대학과 부산대·전남대·충남대 등 지방 거점 국립대 9개 대학의 졸업생 성적을 분석한 결과, 백분율로 환산한 졸업생...",2026-09-27 17:31,https://www.joongang.co.kr/article/25465015,https://n.news.naver.com/mnews/article/025/0003553994?sid=102
고려대학교,대전일보,"""SKY보다 지역 의대로""… 서·연·고 중도탈락 5년 새 1만 명 넘어",서울대·연세대·고려대 등 이른바 'SKY' 대학에서 최근 5년간 1만 명이 넘는 학생이 학교를 떠난 것으로 나타났다. 중도탈락자 10명 중 6명 이상이 자연계열에 몰려 있어 의대 선호 현상이 이탈에 영향을 미친...,2026-09-27 17:29,https://www.daejonilbo.com/news/articleView.html?idxno=2303624,https://n.news.naver.com/mnews/article/656/0000187879?sid=102
연세대학교,대전일보,"""SKY보다 지역 의대로""… 서·연·고 중도탈락 5년 새 1만 명 넘어",서울대·연세대·고려대 등 이른바 'SKY' 대학에서 최근 5년간 1만 명이 넘는 학생이 학교를 떠난 것으로 나타났다. 중도탈락자 10명 중 6명 이상이 자연계열에 몰려 있어 의대 선호 현상이 이탈에 영향을 미친...,2026-09-27 17:29,https://www.daejonilbo.com/news/articleView.html?idxno=2303624,https://n.news.naver.com/mnews/article/656/0000187879?sid=102
서울대학교,대전일보,"""SKY보다 지역 의대로""… 서·연·고 중도탈락 5년 새 1만 명 넘어","서울대·연세대·고려대 등 이른바 'SKY' 대학에서 최근 5년간 1만 명이 넘는 학생이 학교를 떠난 것으로... 있다""며 ""서울대·연세대·고려대에 재학 중인 지방권 학생 가운데 지역 의대 진학을 위해 재입학을...",2026-09-27 17:29,https://www.daejonilbo.com/news/articleView.html?idxno=2303624,https://n.news.naver.com/mnews/article/656/0000187879?sid=102
고려대학교,MBC,"영탁, '꺾어'로 멈출 수 없는 상승세 ""영블스 고마워""","'TAK SHOW5'는 오는 10월 3일부터 5일까지 서울 고려대학교 화정체육관에서 개최되며, 서울 공연을 시작으로 10월 24~25일 전주, 11월 28~29일 대구, 12월 19~20일 인천, 내년 1월 16~17일 부산으로 이어진다.",2026-09-27 17:26,http://enews.imbc.com/News/RetrieveNewsInfo/519360,https://m.entertain.naver.com/article/408/0000322553
연세대학교,스포츠조선,"'충격' 중국이 금메달 0개, 한국은 金 75% 싹쓸이...세상에 어떻게 이런...","이주영과 김승우(이상 연세대), 이동근(고려대), 구민교(성균관대)가 고르게 활약하며 상대를 제압했다. 김정은(BNK) 최예슬(삼성생명) 허유정(신한은행) 송윤하(KB)로 꾸린 한국 여자 3X3 대표팀은 25일 일본의 긴조후토역...",2026-09-27 17:25,https://www.sportschosun.com/sports-news/2026-09-27/202609270100180780011926,https://m.sports.naver.com/basketball/article/076/0004450115
고려대학교,스포츠조선,"'충격' 중국이 금메달 0개, 한국은 金 75% 싹쓸이...세상에 어떻게 이런...","이주영과 김승우(이상 연세대), 이동근(고려대), 구민교(성균관대)가 고르게 활약하며 상대를 제압했다. 김정은(BNK) 최예슬(삼성생명) 허유정(신한은행) 송윤하(KB)로 꾸린 한국 여자 3X3 대표팀은 25일 일본의 긴조후토역...",2026-09-27 17:25,https://www.sportschosun.com/sports-news/2026-09-27/202609270100180780011926,https://m.sports.naver.com/basketball/article/076/0004450115
서울대학교,YTN,서울대 다닐 바에 떠나겠다...심상치 않은 지방행? [자막뉴스],"지난 2021년부터 5년 동안 서울대와 연세대, 고려대 학생 가운데 '중도탈락자'는 1만7백여 명에... 특히 서울대와 연세대, 고려대에 재학 중인 지방권 학생 가운데 지역의대 진학을 위해 재입학을 선택하는 사례가...",2026-09-27 17:23,https://www.ytn.co.kr/_ln/0134_202609271723257561,https://n.news.naver.com/mnews/article/052/0002411613?sid=102
고려대학교,YTN,서울대 다닐 바에 떠나겠다...심상치 않은 지방행? [자막뉴스],"지난 2021년부터 5년 동안 서울대와 연세대, 고려대 학생 가운데 '중도탈락자'는 1만7백여 명에... 종로학원 측은 상위권 자연계열 학생들의 경우 의학계열 재입학을 위해 대학을 떠난 사례가 상당수 있었던 것으로...",2026-09-27 17:23,https://www.ytn.co.kr/_ln/0134_202609271723257561,https://n.news.naver.com/mnews/article/052/0002411613?sid=102
연세대학교,YTN,서울대 다닐 바에 떠나겠다...심상치 않은 지방행? [자막뉴스],대학을 떠난 사례가 상당수 있었던 것으로 추정했습니다. 2027학년도부터 지역의사제 도입에 따른 의대 모집인원 확대가 예정돼 있어 이 같은 흐름에 더욱 영향을 미칠 것으로 보입니다. 특히 서울대와 연세대...,2026-09-27 17:23,https://www.ytn.co.kr/_ln/0134_202609271723257561,https://n.news.naver.com/mnews/article/052/0002411613?sid=102
고려대학교,MEDIAPEN,"영탁, ‘뮤직뱅크’ 결방에도 1위…“모두 영블스 덕분”","한편, 영탁은 오는 10월 3~5일 서울 고려대학교 화정체육관에서 단독 콘서트 ‘탁 쇼5(TAK SHOW5)’를 개최한다. 이후 전주, 대구, 인천, 부산에서 전국투어를 이어간다.",2026-09-27 17:22,https://www.mediapen.com/news/view/1126171,https://www.mediapen.com/news/view/1126171
연세대학교,한국경제,"[단독] ""의대 말고 공대 갈래요""…반도체 호황에 '반전'",고려대 서강대 성균관대 연세대 한양대 등 5개 대학 반도체 계약학과 지원자는 5992명으로 전년 대비 19.4% 증가해 역대 최대치를 기록했다. 평균 경쟁률도 28.53 대 1로 역대 최고였다. 백 의원은 “AI와 반도체 산업의...,2026-09-27 17:20,https://www.hankyung.com/article/2026092776031,https://n.news.naver.com/mnews/article/015/0005336330?sid=102
고려대학교,한국경제,"[단독] ""의대 말고 공대 갈래요""…반도체 호황에 '반전'",고려대 서강대 성균관대 연세대 한양대 등 5개 대학 반도체 계약학과 지원자는 5992명으로 전년 대비 19.4% 증가해 역대 최대치를 기록했다. 평균 경쟁률도 28.53 대 1로 역대 최고였다. 백 의원은 “AI와 반도체 산업의...,2026-09-27 17:20,https://www.hankyung.com/article/2026092776031,https://n.news.naver.com/mnews/article/015/0005336330?sid=102
서울대학교,IKOREANSPIRIT,"서랍은 사회, 작은 새는 우리…정해윤이 그린 관계의 풍경","정해윤은 2008년 서울대학교 미술대학 동양화과를 졸업했다. 주요 개인전으로 2026년 《보이는 것 너머》, 갤더스 갤러리, 서울; 2024년 《평화를 살 수 있다면》, 화이트스톤 갤러리, 서울; 《본성의 여정》...",2026-09-27 17:18,http://www.ikoreanspirit.com/news/articleView.html?idxno=87449,http://www.ikoreanspirit.com/news/articleView.html?idxno=87449
서울대학교,한국경제,학교 재정 수조원 늘린다는 서울대 총장 예비 후보들,서울대 차기 총장 후보들이 교육·연구 투자를 뒷받침할 수조원대 재정 확충 방안을 공약으로 내걸었다.... 27일 서울대 총장 예비 후보 4명의 발전계획서와 소견 발표회 발언 등에 따르면 최해천 기계공학부 교수는 기업...,2026-09-27 17:18,https://www.hankyung.com/article/2026092776061,https://n.news.naver.com/mnews/article/015/0005336326?sid=102
고려대학교,서울경제,[단독] 대학 기부금도 ‘부익부 빈익빈’…상위 10곳이 절반 차지,"27일 서울경제신문이 대학알리미에 공시된 154개 사립대 기부금 자료를 분석한 결과 연세대가 지난해 모금한 기부금은 1215억 원으로 전년보다 377억 원 증가했다. 고려대가 755억 원으로 2위, 성균관대가 381억 원으로...",2026-09-27 17:16,https://www.sedaily.com/article/20095207?ref=naver,https://n.news.naver.com/mnews/article/011/0004665648?sid=102
연세대학교,서울경제,[단독] 대학 기부금도 ‘부익부 빈익빈’…상위 10곳이 절반 차지,지난해 연세대 한 곳이 모금한 기부금이 국내 109개 사립대학의 기부금 합계와 맞먹는 것으로 나타났다. 서울 소재 주요 사립대와 유명 의대를 보유한 대학에 기부금이 몰리면서 대학 간 ‘부익부 빈익빈’ 현상도...,2026-09-27 17:16,https://www.sedaily.com/article/20095207?ref=naver,https://n.news.naver.com/mnews/article/011/0004665648?sid=102
서울대학교,서울경제,이병래 “남동산단에 뷰티·소부장 접목…미래산업 거점으로”,이 구청장은 27일 서울경제신문과의 인터뷰에서 “공약 이행률이나 사업 개수 같은 숫자보다 구민들이... 전북 전주 출신으로 서울대 농공학과를 졸업한 뒤 1988년 만석동 대우중공업 연구원으로 인천에 첫발을 디뎠다....,2026-09-27 17:11,https://www.sedaily.com/article/20095200?ref=naver,https://n.news.naver.com/mnews/article/011/0004665641?sid=102
고려대학교,CCDAILYNEWS,교육행정과 AI 인재정책 거친 이윤홍 부교육감,"교육부 핵심 보직과 대학 사무국, 중앙교육연수원장을 거치며 쌓은 행정 경험이 세종교육의 정책 실행력과... 이 부교육감은 배화여자고와 고려대를 졸업한 뒤 행정고시 44회로 2001년 공직에 들어섰다. 교육부...",2026-09-27 17:10,https://www.ccdailynews.com/news/articleView.html?idxno=2443105,https://www.ccdailynews.com/news/articleView.html?idxno=2443105
고려대학교,뉴시스,"'왜 다시 아시아인가'…이상기, 29일 신간 북토크","등에서 온 언론인, 교수, 사업가 등이 현지 이야기를 들려준다. 이집트·싱가포르 대사를 지낸 홍진욱 고려대 중동이슬람센터 연구위원의 강평도 이어진다. 이상묵 서울대 교수는 2027 지구과학올림픽을 소개한다.",2026-09-27 17:09,https://www.newsis.com/view/NISX20260927_0003804350,https://n.news.naver.com/mnews/article/003/0014215942?sid=103
서울대학교,뉴시스,"'왜 다시 아시아인가'…이상기, 29일 신간 북토크",신간 북토크는 29일 오후 3시 서울 중구 한국프레스센터에서 열린다. 한국기자협회장을 지낸 이 발행인은... 고려대 중동이슬람센터 연구위원의 강평도 이어진다. 이상묵 서울대 교수는 2027 지구과학올림픽을 소개한다.,2026-09-27 17:09,https://www.newsis.com/view/NISX20260927_0003804350,https://n.news.naver.com/mnews/article/003/0014215942?sid=103
연세대학교,한국경제,"""수도권 전세, 연말까지 3% 이상 강세…집값도 밀어올릴 것""",고준석 연세대 상남경영원 교수는 “주택 공급이 부족한 상황에서 실거주 의무 강화와 비거주 1주택자 세 부담 증가로 전세 매물이 줄어 전셋값 상승이 매매가 상승으로 이어지고 있다”고 분석했다. 남혁우 우리은행...,2026-09-27 17:03,https://www.hankyung.com/article/2026092776081,https://n.news.naver.com/mnews/article/015/0005336306?sid=101
고려대학교,굿모닝충청,[인사] 신임 세종교육청 부교육감에 이윤홍씨,"신임 이 부교육감은 배화여고와 고려대를 졸업했고, 행정고시 44회에 합격해 2001년에 공직에 입문한 후 교육부 혁신행정담당관, 운영지원과장, 중앙교육연수원장, 인공지능인재지원국장 등 주요 보직을 두루 역임했다.",2026-09-27 17:02,https://www.goodmorningcc.com/news/articleView.html?idxno=452958,https://www.goodmorningcc.com/news/articleView.html?idxno=452958
고려대학교,JEONMIN,"이지성 행안부 정책기획관, 전북자치도 행정부지사 발령","한편 이 신임 부지사는 전주고와 고려대 행정학과를 졸업했다. 전북도 성과관리과장과 문화체육관광국장, 전북도의회 사무처장을 지냈으며, 행정안전부 주민과장·국민참여혁신과장·조직진단과장, 지방자치인재개발원...",2026-09-27 17:00,http://www.jeonmin.co.kr/news/articleView.html?idxno=447631,http://www.jeonmin.co.kr/news/articleView.html?idxno=447631
서울대학교,전북일보,[사설] 대전환 성과 없으면 매서운 심판 뒤따를 것,또 야심차게 도전했던 전북대는 서울대 10개 만들기 교육부 사업에서 탈락했다. 커다란 상실감과 박탈감을 맛본 사업들이다. 지난 2월 27일 발표된 현대차그룹의 새만금 9조원 투자와 최근의 피지컬 AI 실증도시 선정...,2026-09-27 17:00,https://www.jjan.kr/article/20260927500264,https://www.jjan.kr/article/20260927500264
서울대학교,매일경제,"""지방이라도 의대가 낫지"" SKY대, 5년간 1만명 떠나",자연계 중도탈락은 65% 이른바 'SKY'로 불리는 서울대·연세대·고려대에서 최근 5년간 1만명 넘는... 종로학원이 27일 대학알리미 공시자료를 분석한 결과에 따르면 2021년부터 지난해까지 서울대·연세대...,2026-09-27 16:58,https://www.mk.co.kr/article/12162036,https://n.news.naver.com/mnews/article/009/0005740388?sid=102
고려대학교,매일경제,"""지방이라도 의대가 낫지"" SKY대, 5년간 1만명 떠나","종로학원은 이 같은 현상의 배경으로 재학 중인 대학보다 의대 등 선호도가 높은 대학·학과로 이동하려는 수요를 꼽았다. 임성호 종로학원 대표는 ""서울대·연세대·고려대에 재학 중인 지방권 학생 가운데...",2026-09-27 16:58,https://www.mk.co.kr/article/12162036,https://n.news.naver.com/mnews/article/009/0005740388?sid=102
연세대학교,매일경제,"""지방이라도 의대가 낫지"" SKY대, 5년간 1만명 떠나","종로학원은 이 같은 현상의 배경으로 재학 중인 대학보다 의대 등 선호도가 높은 대학·학과로 이동하려는 수요를 꼽았다. 임성호 종로학원 대표는 ""서울대·연세대·고려대에 재학 중인 지방권 학생 가운데...",2026-09-27 16:58,https://www.mk.co.kr/article/12162036,https://n.news.naver.com/mnews/article/009/0005740388?sid=102
서울대학교,SAMDAILBO,"""국가거점국립대학 육성·지역혁신 기회 공정 보장해야""","지난 23일 제주도청에서 위성곤 제주도지사(가운데)와 송영훈 제주도의회 의장(왼쪽), 양덕순 제주대학교 총장이 '서울대 10개 만들기'(S-10) 패키지 지원사업 미선정과 관련해 공동 입장문을 발표하고 있다. <제주도 제공...",2026-09-27 16:56,http://www.samdailbo.com/news/articleView.html?idxno=270692,http://www.samdailbo.com/news/articleView.html?idxno=270692
서울대학교,NEWSGN,정치보다 민생…경남 추석 밥상엔 '의료·대학·집값' 올랐다,정부가 이른바 '서울대 10개 만들기'로 불리는 주요 거점대학 육성 사업의 1차 지원 대상으로 부산대·전남대... 서울·수도권에서는 집값과 대출 문제가 뜨거운 현안이지만 부산·울산·경남의 체감경기는 사뭇 다르다. 같은...,2026-09-27 16:54,https://www.newsgn.com/news/articleView.html?idxno=576278,https://www.newsgn.com/news/articleView.html?idxno=576278
연세대학교,동아일보,서울 아파트값 85주 연속 17.5% 올랐다…‘역대 최장’ 상승,고준석 연세대 상남경영원 교수는 “신규 입주 물량이 적은 상황에서 토허구역 지정으로 실거주 의무가 부여되다 보니 매물 부족으로 인한 전월세 가격 상승이 이어지고 있다”고 했다.,2026-09-27 16:50,https://www.donga.com/news/Economy/article/all/20260927/134737526/1,https://n.news.naver.com/mnews/article/020/0003750790?sid=101
연세대학교,BUSINESSPOST,"[부음] 김대원 장모, 최수종 모친, 이정선 부인 외","서울 연세대학교 신촌세브란스 장례식장 특1호실, 발인 29일 오전 8시, (02)2227-7500. △이재준(전 조선대... 조선대학교병원 장례식장 2호실, 발인 28일 오전 9시30분, (062)220-3352. △노석규씨 별세, 김기호(SBS Biz...",2026-09-27 16:48,https://www.businesspost.co.kr/BP?command=article_view&num=448008,https://www.businesspost.co.kr/BP?command=article_view&num=448008
연세대학교,경인일보,인천시 행정부시장에 김성중 경기도 행정1부지사 취임,"김성중 부시장은 제주 출생으로 오현고, 연세대 행정학과를 졸업했다. 행정고시 39회로 공직에 입문했다. 경기도 행정1부지사, 제주특별자치도 행정부지사, 행정안전부 재난대응정책관, 조직정책관, 정부혁신기획관 등을...",2026-09-27 16:48,https://www.kyeongin.com/article/1771510,https://www.kyeongin.com/article/1771510
고려대학교,디지털타임스,"유한양행, 대표·의장 의견 불합치에 차기 리더 안갯속",반면 김 사장은 고려대 의대 종양혈액내과 교수 출신으로 조 대표가 2023년 R&D 총괄사장 자리를 신설하면서 영입한 인물이다. 김 사장이 차기 대표에 내정되면 신입사원부터 시작한 유한맨이 대표가 되는 관행이 깨지게...,2026-09-27 16:47,https://www.dt.co.kr/article/12085984?ref=naver,https://n.news.naver.com/mnews/article/029/0003050026?sid=105
연세대학교,KIHOILBO,[모두가 행복한 경기교육 대전환] 찾아가는 교육감실로 소통 나선 경기...,"2부에서는 조벽 고려대학교 석좌교수가 'AI시대, 인성이 실력이다'를 주제로 강연했다. 조 교수는 ""AI시대는... 강연자로는 김현철 연세대학교 교수가 강연자로 나섰다. 김 교수는 AI시대에는 지식 암기보다 공감·신체...",2026-09-27 16:42,https://www.kihoilbo.co.kr/news/articleView.html?idxno=3035842,https://www.kihoilbo.co.kr/news/articleView.html?idxno=3035842
고려대학교,KIHOILBO,[모두가 행복한 경기교육 대전환] 찾아가는 교육감실로 소통 나선 경기...,"2부에서는 조벽 고려대학교 석좌교수가 'AI시대, 인성이 실력이다'를 주제로 강연했다. 조 교수는 ""AI시대는... 강연자로는 김현철 연세대학교 교수가 강연자로 나섰다. 김 교수는 AI시대에는 지식 암기보다 공감·신체...",2026-09-27 16:42,https://www.kihoilbo.co.kr/news/articleView.html?idxno=3035842,https://www.kihoilbo.co.kr/news/articleView.html?idxno=3035842
고려대학교,국제신문,"[2026 국감 브리핑] 김희정 ""'대입 원서 접수번호로 경쟁률 유추 가능' ...",특히 연세대와 고려대 한양대 등 서울 소재 대학 30곳뿐만 아니라 부산대와 인천대 충북대 제주대 등 국립대 25곳도 포함됐다. 서울과학기술대학교 경희대 전남대 등 이번 수시모집 원서접수 전산 장애 당시 구제신청을...,2026-09-27 16:39,http://www.kookje.co.kr/news2011/asp/newsbody.asp?code=0100&key=20260927.99099008662,https://n.news.naver.com/mnews/article/658/0000156687?sid=100
연세대학교,국제신문,"[2026 국감 브리핑] 김희정 ""'대입 원서 접수번호로 경쟁률 유추 가능' ...",특히 연세대와 고려대 한양대 등 서울 소재 대학 30곳뿐만 아니라 부산대와 인천대 충북대 제주대 등 국립대 25곳도 포함됐다. 서울과학기술대학교 경희대 전남대 등 이번 수시모집 원서접수 전산 장애 당시 구제신청을...,2026-09-27 16:39,http://www.kookje.co.kr/news2011/asp/newsbody.asp?code=0100&key=20260927.99099008662,https://n.news.naver.com/mnews/article/658/0000156687?sid=100
연세대학교,경북신문,전공의 집단사직·복귀 그후…'피부과 일반의' 시장만 커져,"진료과목을 피부과로 신고한 의원에서 근무하는 일반의는 의정갈등 이전에는 571명이었으나, 올해 3월에는 1022명에 달했다.27일 의료계에 따르면 이상규 연세대 의대 예방의학교실 교수가 건강보험심사평가원...",2026-09-27 16:38,https://www.kbsm.net/news/view.php?idx=535582,https://www.kbsm.net/news/view.php?idx=535582
고려대학교,IKOREANSPIRIT,'뚱뚱한 로미오를 사랑한 줄리엣'과 함께 '인간의 등급화'를 묻다,"오광욱 작가는 중앙대학교 예술대학원에서 연극을, 고려대학교 대학원에서 희곡을 전공했다. 현재 극작가와 연출가로 활동하면서 배우 교육과 연극 창작을 병행한다. 수원대학교, 대진대학교, 안양예술고등학교...",2026-09-27 16:38,http://www.ikoreanspirit.com/news/articleView.html?idxno=87448,http://www.ikoreanspirit.com/news/articleView.html?idxno=87448
서울대학교,INDUSTRYNEWS,"경상국립대, 균형발전 촉구·우주기술 사업화·글로벌 교류 강화",서울대 10개 만들기 전면 재검토 촉구…거점국립대 균형 지원 요구 경상국립대 교수회와 총동문회는 지난 17일 성명을 발표하고 정부의 서울대 10개 만들기 정책에 대한 전면 재검토와 경상국립대 추가 선정을 촉구했다....,2026-09-27 16:38,https://www.industrynews.co.kr/news/articleView.html?idxno=86585,https://www.industrynews.co.kr/news/articleView.html?idxno=86585
연세대학교,SIDAE,"""11개 대학에 80년생 이하"" 경력채용 지침 사과",서울·판교 근무자는 서울대·연세대·고려대 등 국내 11개 대학 출신이나 QS 세계대학평가 100위권 이내 해외 대학 출신으로 대상을 한정했다. 지방 사업장은 인근 거점 국립대와 세계 200위권 이내 해외 대학 출신까지...,2026-09-27 16:35,https://www.sidae.com/article/2026092716210053788,https://n.news.naver.com/mnews/article/417/0001159316?sid=101
고려대학교,SIDAE,"""11개 대학에 80년생 이하"" 경력채용 지침 사과",서울·판교 근무자는 서울대·연세대·고려대 등 국내 11개 대학 출신이나 QS 세계대학평가 100위권 이내 해외 대학 출신으로 대상을 한정했다. 지방 사업장은 인근 거점 국립대와 세계 200위권 이내 해외 대학 출신까지...,2026-09-27 16:35,https://www.sidae.com/article/2026092716210053788,https://n.news.naver.com/mnews/article/417/0001159316?sid=101
고려대학교,뉴시스,"""金 따더니 얼굴까지 화제""…204㎝ 여준석, 영어까지 유창",여준석은 고등학교 시절 호주 NBA 글로벌 아카데미에서 생활한 뒤 고려대를 거쳐 미국으로 건너갔다. 2023년 곤자가대에 합류했고 이후 시애틀대로 옮겨 NCAA 무대에서 뛰었다. 처음부터 영어가 익숙했던 것은 아니다. 미국...,2026-09-27 16:35,https://www.newsis.com/view/NISX20260927_0003804252,https://n.news.naver.com/mnews/article/003/0014215879?sid=104
서울대학교,SIDAE,"""11개 대학에 80년생 이하"" 경력채용 지침 사과",서울·판교 근무자는 서울대·연세대·고려대 등 국내 11개 대학 출신이나 QS 세계대학평가 100위권 이내 해외 대학 출신으로 대상을 한정했다. 지방 사업장은 인근 거점 국립대와 세계 200위권 이내 해외 대학 출신까지...,2026-09-27 16:35,https://www.sidae.com/article/2026092716210053788,https://n.news.naver.com/mnews/article/417/0001159316?sid=101
연세대학교,KGNEWS,"하종목 행안부 예방정책국장, 경기도 행정1부지사 취임","하 신임 행정1부지사는 1971년 경남 거창 출신으로 부산 동천고와 연세대 행정학과를 졸업했다. 행정고시 42회로 1999년 공직에 입문해 경상남도 기획조정실장, 창원특례시 제1부시장, 행정안전부 지방재정국장 등을...",2026-09-27 16:32,https://www.kgnews.co.kr/news/article.html?no=913063,https://www.kgnews.co.kr/news/article.html?no=913063
서울대학교,아이뉴스24,"인천시, 신임 행정부시장에 김성중 임명…28일 취임",김 신임 부시장은 연세대 행정학과를 졸업하고 서울대 행정대학원과 영국 엑서터대에서 각각 행정학 석사... 서울대를 졸업한 지 과장은 대통령비서실 국정상황실 근무를 거쳐 행안부 자연재난대응과장 등을 맡았다....,2026-09-27 16:28,http://www.inews24.com/view/2009099,https://n.news.naver.com/mnews/article/031/0001061346?sid=102
연세대학교,아이뉴스24,"인천시, 신임 행정부시장에 김성중 임명…28일 취임","김 신임 부시장은 연세대 행정학과를 졸업하고 서울대 행정대학원과 영국 엑서터대에서 각각 행정학 석사 학위를 받았다. 1995년 제39회 행정고시에 합격해 공직에 입문한 후 행정자치부 기획재정담당관, 대통령비서실...",2026-09-27 16:28,http://www.inews24.com/view/2009099,https://n.news.naver.com/mnews/article/031/0001061346?sid=102
고려대학교,IDAEGU,"서울대, 연고대 중도탈락 5년간 1만명이상, 의대 재입학 가능성 높아","연세대는 언더우드학부 38명, 글로벌인재학부 31명, 경영계열 25명이고 고려대에서는 경영학과 48명, 경제학과 24명, 미디어학부 17명이다. 작년 3개 대학 중도탈락자의 64.5%(1천297명)는 자연계이고 인문계는 32.5...",2026-09-27 16:24,https://www.idaegu.co.kr/news/articleView.html?idxno=560697,https://www.idaegu.co.kr/news/articleView.html?idxno=560697
고려대학교,서울경제,입시 경쟁에 자퇴 주춤…4년제 신입생 중도탈락률 8.7%,"지난해 이들 15개 대학의 평균 중도 탈락률은 9.3%로 전년(10.9%)보다 1.6%포인트 하락했다. 고려대 서울캠퍼스는 11.7%에서 7.9%로 3.8%포인트 내려 감소 폭이 가장 컸다. 중앙대는 3.5%포인트, 성균관대는 3.0%포인트...",2026-09-27 16:24,https://www.sedaily.com/article/20095194?ref=naver,https://n.news.naver.com/mnews/article/011/0004665636?sid=102
서울대학교,IDAEGU,"서울대, 연고대 중도탈락 5년간 1만명이상, 의대 재입학 가능성 높아",서울대·연세대·고려대를 다니다가 중도탈락한 학생이 5년간 1만명이 넘는 것으로 나타났다. 특히... 종로학원이 27일 대학알리미 공시자료를 분석한 결과에 따르면 2021년부터 작년까지 서울대·연세대...,2026-09-27 16:24,https://www.idaegu.co.kr/news/articleView.html?idxno=560697,https://www.idaegu.co.kr/news/articleView.html?idxno=560697
서울대학교,서울경제,입시 경쟁에 자퇴 주춤…4년제 신입생 중도탈락률 8.7%,서울대는 5.2%로 15개 대학 가운데 가장 낮았다. 지난해 이들 15개 대학의 평균 중도 탈락률은 9.3%로 전년(10.9%)보다 1.6%포인트 하락했다. 고려대 서울캠퍼스는 11.7%에서 7.9%로 3.8%포인트 내려 감소 폭이 가장 컸다....,2026-09-27 16:24,https://www.sedaily.com/article/20095194?ref=naver,https://n.news.naver.com/mnews/article/011/0004665636?sid=102
연세대학교,IDAEGU,"서울대, 연고대 중도탈락 5년간 1만명이상, 의대 재입학 가능성 높아","종로학원이 27일 대학알리미 공시자료를 분석한 결과에 따르면 2021년부터 작년까지 서울대·연세대·고려대의 중도탈락자는 모두 1만736명이다. 2021년 1천971명에서 2022년 2천131명, 2023년 2천126명, 2024명...",2026-09-27 16:24,https://www.idaegu.co.kr/news/articleView.html?idxno=560697,https://www.idaegu.co.kr/news/articleView.html?idxno=560697
서울대학교,중부일보,"김성중 인천시 행정부시장, 민선 9기 출범 100일 앞두고 첫 출근","지 내정자는 서울대를 나와 제45회 행정고시에 합격했으며, 청와대 국정상황실과 행안부 교부세과장을 거친 대표적인 지방재정 전문가다. 이번 인선은 민선 9기 출범 직후 가동된 재정예산개혁 태스크포스(TF)의 후속...",2026-09-27 16:24,https://www.joongboo.com/news/articleView.html?idxno=363737778,https://www.joongboo.com/news/articleView.html?idxno=363737778
연세대학교,서울경제,입시 경쟁에 자퇴 주춤…4년제 신입생 중도탈락률 8.7%,"중앙대는 3.5%포인트, 성균관대는 3.0%포인트, 연세대는 2.9%포인트 각각 하락했다. 반면 서강대는 11.4%에서 12.4%로 1.0%포인트 상승했다. 전체 4년제 일반대학의 신입생 중도 탈락률도 전년보다 낮아졌다. 신입생...",2026-09-27 16:24,https://www.sedaily.com/article/20095194?ref=naver,https://n.news.naver.com/mnews/article/011/0004665636?sid=102
연세대학교,중부일보,"김성중 인천시 행정부시장, 민선 9기 출범 100일 앞두고 첫 출근","김 부시장은 연세대 행정학과를 졸업하고 제39회 행정고시로 공직에 들어선 뒤 행안부 조직정책관, 대통령비서실 선임행정관, 제주도 행정부지사 등을 지냈다. 신임 기획조정실장에는 지용구 행정안전부 교부세과장이...",2026-09-27 16:24,https://www.joongboo.com/news/articleView.html?idxno=363737778,https://www.joongboo.com/news/articleView.html?idxno=363737778
서울대학교,KYONGBUK,"TK 추석 민심, 여야 엇갈린 진단…공통 화두는 민생 회복",박 위원장은 추석 이후 대구로페이 발행 규모를 확대해 '1조원 시대'를 열기 위한 활동과 정부의 '서울대 10개 만들기' 정책의 추가 선정과 공공기관 이전에 힘을 쏟겠다고 밝혔다. 오는 30일 예정된 예산정책협의회를 통해...,2026-09-27 16:22,https://www.kyongbuk.co.kr/news/articleView.html?idxno=4085429,https://www.kyongbuk.co.kr/news/articleView.html?idxno=4085429
서울대학교,노컷뉴스,김지훈 영국 길드홀 음악연극학교 교수로…한국인 첫 임용,"그는 서울대 성악과를 수석 졸업하고, 이탈리아 밀라노 주세페 베르디 음악원을 최우수 성적으로 조기 졸업하는 등 엘리트 코스를 밟아왔다. 그는 2010년 오스트리아 페루초 탈리아비니 콩쿠르와 같은 해 이탈리아...",2026-09-27 16:20,https://www.nocutnews.co.kr/news/6583462?utm_source=naver&utm_medium=article&utm_campaign=20260927041924,https://n.news.naver.com/mnews/article/079/0004193093?sid=103
서울대학교,매일경제,"""향후 10년 韓·美에 큰 기회 … 전력기기·조방원·로봇株 주목""",""" 서울대 경영학과에 진학한 뒤 그의 투자 인생을 결정적으로 바꾼 것은 1997년 외환위기였다. 군복무를... 그때 우연히 찾은 곳이 서울대 투자연구회(SMIC)였다. 이곳에서 황성환 타임폴리오자산운용 대표, 강성부 KCGI 대표...",2026-09-27 16:13,https://www.mk.co.kr/article/12161939,https://n.news.naver.com/mnews/article/009/0005740314?sid=102
연세대학교,매일경제,[단독] 최수종 모친상 빈소에 이병헌·김혜수·변요한 위로 이어져,"최수종은 하희라와 함께 연세대학교 신촌세브란스 장례식장에 마련된 빈소를 지키며 26일 오후 1시부터 조문객을 맞고 있는 것으로 알려졌다. 연예계 동료들도 최수종의 슬픔을 함께 나누고 있다. 이병헌, 김혜수...",2026-09-27 16:11,https://www.mk.co.kr/article/12161938,https://m.entertain.naver.com/article/410/0001141394
연세대학교,GGILBO,수시접수 '경쟁률 비공개' 무색…143개 대학 접수번호로 지원자 수 짐작...,"국회 교육위원회 소속 국민의힘 김희정 의원이 한국대학교육협의회를 통해 확인한 결과, 전국 일반대학... 접수번호를 통해 지원 현황을 파악할 수 있는 대학에는 연세대·고려대·한양대 등 서울 소재 대학 30곳뿐만...",2026-09-27 16:06,https://www.ggilbo.com/news/articleView.html?idxno=1183743,https://www.ggilbo.com/news/articleView.html?idxno=1183743
고려대학교,GGILBO,수시접수 '경쟁률 비공개' 무색…143개 대학 접수번호로 지원자 수 짐작...,"국회 교육위원회 소속 국민의힘 김희정 의원이 한국대학교육협의회를 통해 확인한 결과, 전국 일반대학... 접수번호를 통해 지원 현황을 파악할 수 있는 대학에는 연세대·고려대·한양대 등 서울 소재 대학 30곳뿐만...",2026-09-27 16:06,https://www.ggilbo.com/news/articleView.html?idxno=1183743,https://www.ggilbo.com/news/articleView.html?idxno=1183743
고려대학교,전자신문,[ET시론]AI 속도조절의 필요성과 실현가능성,"이런 상황을 고려하면 속도조절론에는 설득력이 있다. 재귀적 자기개선이 본격화하면 AI 발전 속도가... 이성엽 고려대 기술경영전문대학원 교수·한국정보통신법학회장 dysylee@korea.ac.kr 〈필자〉고려대 법학과, 서울대...",2026-09-27 16:01,https://www.etnews.com/20260927000059,https://n.news.naver.com/mnews/article/030/0003470089?sid=105
서울대학교,전자신문,[ET시론]AI 속도조절의 필요성과 실현가능성,"이성엽 고려대 기술경영전문대학원 교수·한국정보통신법학회장 dysylee@korea.ac.kr 〈필자〉고려대 법학과, 서울대 행정대학원, 미국 미네소타대 로스쿨을 졸업한 후 미국 뉴욕주 변호사 자격을 취득했고, 서울대에서...",2026-09-27 16:01,https://www.etnews.com/20260927000059,https://n.news.naver.com/mnews/article/030/0003470089?sid=105
서울대학교,DAILYT,명절은 끝났는데 피로는 남았다…‘명절 후유증’ 일상 복귀가 중요,"분당서울대학교병원은 과식과 불규칙한 식사, 자극적인 음식이 위에 부담을 줄 수 있다고 설명한다. 식사... 분당서울대학교병원 역시 과도한 음주가 수면장애와 불안감 등을 유발할 수 있다고 지적한다. '가족을 만난 뒤 더...",2026-09-27 16:00,https://www.dailyt.co.kr/newsView/dlt202609270002,https://www.dailyt.co.kr/newsView/dlt202609270002
서울대학교,한국일보,"AI 핫라인 가동키로 한 미중… ""한국도 '평가·검증국' 노려야""","윤성로 서울대 전기정보공학부 교수는 27일 ""미중이 AI를 놓고 패권 경쟁을 하면서도 이 부분에서는 이해관계가 맞아떨어진다""며 ""AI 안전 문제가 민간 기업의 모델 성능이나 윤리 문제를 넘어 국가 간 위험관리 이슈로...",2026-09-27 16:00,https://www.hankookilbo.com/news/article/A2026092715170002821?did=NA,https://n.news.naver.com/mnews/article/469/0000956164?sid=101
서울대학교,SIDAE,추석 연휴 32만명 홀린 '부캉이'…북항 못 떠나는 이유,"곽금주 서울대 심리학과 교수는 ""동물을 가족처럼 대하는 인식이 야생동물에게까지 옮겨가 공포의 대상이 될 수 있는 상어에게도 친근감을 느끼는 것""이라며 ""수족관의 상어와 달리 바다에서 들어와 곧 떠날 야생...",2026-09-27 15:57,https://www.sidae.com/article/2026092714063030332,https://n.news.naver.com/mnews/article/417/0001159315?sid=102
고려대학교,국제뉴스,"영탁, 결방에도 음악방송 '1위'...""영블스 덕분입니다""","'탁 쇼5'는 오는 10월 3일부터 5일까지 서울 고려대학교 화정체육관에서 개최되며, 서울 공연을 시작으로 10월 24~25일 전주, 11월 28~29일 대구, 12월 19~20일 인천, 내년 1월 16~17일 부산으로 이어진다.",2026-09-27 15:56,https://www.gukjenews.com/news/articleView.html?idxno=3706477,https://www.gukjenews.com/news/articleView.html?idxno=3706477
고려대학교,BZERONEWS,"이윤홍 전 교육부 국장, 28일 '세종시 부교육감' 부임","27일 세종시교육청에 따르면, 이 부교육감은 배화여자고등학교와 고려대학교를 졸업했다. 그는 이어... 부경대학교 사무국장과 중앙교육연수원장도 지냈다. 한편 이 부교육감은 지난해 12월부터 교육부...",2026-09-27 15:40,https://www.bzeronews.com/news/articleView.html?idxno=823126,https://www.bzeronews.com/news/articleView.html?idxno=823126
서울대학교,JEMIN,"""차라리 지방 의대"" 서연고 중도탈락 5년 새 1만명 넘어",서울대·연세대·고려대(서연고) 재학생 중 중도에 학교를 떠난 인원이 최근 5년간 1만명을 넘어선 것으로... 27일 종로학원이 대학알리미 공시자료를 분석한 결과에 따르면 2021년부터 지난해까지 서울대·연세대...,2026-09-27 15:38,https://www.jemin.com/news/articleView.html?idxno=843441,https://www.jemin.com/news/articleView.html?idxno=843441
연세대학교,JEMIN,"""차라리 지방 의대"" 서연고 중도탈락 5년 새 1만명 넘어","27일 종로학원이 대학알리미 공시자료를 분석한 결과에 따르면 2021년부터 지난해까지 서울대·연세대·고려대의 중도탈락자는 모두 1만736명으로 집계됐다. 연도별로 보면 2021년 1971명에서 2022년 2131명, 2023년...",2026-09-27 15:38,https://www.jemin.com/news/articleView.html?idxno=843441,https://www.jemin.com/news/articleView.html?idxno=843441
고려대학교,JEMIN,"""차라리 지방 의대"" 서연고 중도탈락 5년 새 1만명 넘어","27일 종로학원이 대학알리미 공시자료를 분석한 결과에 따르면 2021년부터 지난해까지 서울대·연세대·고려대의 중도탈락자는 모두 1만736명으로 집계됐다. 연도별로 보면 2021년 1971명에서 2022년 2131명, 2023년...",2026-09-27 15:38,https://www.jemin.com/news/articleView.html?idxno=843441,https://www.jemin.com/news/articleView.html?idxno=843441
서울대학교,CCDN,대학 기숙사비 카드납부 도입률 3년째 15% 안팎 제자리,"2026년 카드납부 이용 사례는 충남대(1천224명), 충북대(536명), 건국대(404명), 국립창원대(399명), 경상국립대(304명), 서울교대(295명) 순이었으며, 분할납부는 서울대(5천608명), 전북대(2천532명), 충남대(2천89명)...",2026-09-27 15:36,https://www.ccdn.co.kr/news/articleView.html?idxno=1101823,https://www.ccdn.co.kr/news/articleView.html?idxno=1101823
고려대학교,NONGMIN,“연휴 끝났는데 왜 이렇게 피곤하지?”…명절 후유증 줄이는 법,"한규만 고려대학교 안암병원 정신건강의학과 교수는 “명절에는 평소와 다른 일정과 생활환경이 이어지면서... 것이 중요하다”고 말했다. ◇도움말=보건복지부 국립정신건강센터, 고려대학교 안암병원, 서울아산병원",2026-09-27 15:28,https://www.nongmin.com/article/20260927500017,https://n.news.naver.com/mnews/article/662/0000105116?sid=103
연세대학교,데일리메디,﻿의정사태 사직 전공의들 '피부과 일반의' 선택,연세대학교 의과대학 예방의학교실 이상규 교수는 최근 대한의학회지(JKMS)에 전공의 집단사직 전후 일반의 분포 변화를 분석한 결과를 발표했다. 앞서 2024년 2월 윤석열 정부가 의과대학 정원을 2000명...,2026-09-27 15:28,https://www.dailymedi.com/news/news_view.php?wr_id=940866,https://www.dailymedi.com/news/news_view.php?wr_id=940866
연세대학교,강원일보,[포토뉴스]2026 강원청년경제인연합회 청년포럼,퍼포먼스룸에서 ‘2026 (사)강원청년경제인연합회 청년포럼’을 개최했다. ‘AI·양자기술로 여는 강원의 새로운 성장’을 주제로 열린 이번 포럼에서는 김평식 연세대 겸임교수(교육학박사)가 강연을 진행했다.,2026-09-27 15:22,https://www.kwnews.co.kr/article/20260927501041,https://n.news.naver.com/mnews/article/087/0001220480?sid=101
고려대학교,INEWS365,이윤홍 신임 세종시부교육감 부임,"27일 시교육청에 따르면 이 신임 부교육감은 배화여고와 고려대를 졸업하고, 2001년 행정고시 44회로 공직에 입문했다. 이후 교육부 창조행정담당관, 혁신행정담당관, 운영지원과장, 장관실 비서실장, 부경대 사무국장...",2026-09-27 15:18,https://www.inews365.com/news/article.html?no=937260,https://www.inews365.com/news/article.html?no=937260
서울대학교,매일신문,의대 진학 영향…SKY 중도탈락 5년간 1만명 넘어,"서울대·연세대·고려대를 다니다가 중도탈락한 학생이 최근 5년간 1만명을 넘어선 것으로 나타났다.... 종로학원이 27일 대학알리미 공시자료를 분석한 결과, 2021년부터 지난해까지 서울대·연세대·고려대의...",2026-09-27 15:18,https://www.imaeil.com/page/view/2026092715170673782,https://n.news.naver.com/mnews/article/088/0001030771?sid=102
연세대학교,매일신문,의대 진학 영향…SKY 중도탈락 5년간 1만명 넘어,"지난해 대학별 중도탈락자는 고려대가 836명으로 가장 많았고 연세대 801명, 서울대 375명 순이었다. 자연계 학과별로는 서울대에서 전기정보공학부와 첨단융합학부가 각각 26명으로 가장 많았고 생명과학부가...",2026-09-27 15:18,https://www.imaeil.com/page/view/2026092715170673782,https://n.news.naver.com/mnews/article/088/0001030771?sid=102
고려대학교,매일신문,의대 진학 영향…SKY 중도탈락 5년간 1만명 넘어,"지난해 대학별 중도탈락자는 고려대가 836명으로 가장 많았고 연세대 801명, 서울대 375명 순이었다. 자연계 학과별로는 서울대에서 전기정보공학부와 첨단융합학부가 각각 26명으로 가장 많았고 생명과학부가...",2026-09-27 15:18,https://www.imaeil.com/page/view/2026092715170673782,https://n.news.naver.com/mnews/article/088/0001030771?sid=102
서울대학교,매일신문,"한화에어로 이부환 대표 ""나이·학력 채용 제한, 있어선 안 될 일"" 공식...","서울·판교 근무자는 서울대·연세대·고려대 등 국내 11개 대학 출신을 대상으로 하고, 해외 대학은 QS 세계대학 순위 100위권 이내로 제한했다. 고용노동부는 16일 한화에어로스페이스가 경력 사원 채용을 실시하면서 연령과...",2026-09-27 15:16,https://www.imaeil.com/page/view/2026092713092530320,https://n.news.naver.com/mnews/article/088/0001030766?sid=101
연세대학교,매일신문,"한화에어로 이부환 대표 ""나이·학력 채용 제한, 있어선 안 될 일"" 공식...","서울·판교 근무자는 서울대·연세대·고려대 등 국내 11개 대학 출신을 대상으로 하고, 해외 대학은 QS 세계대학 순위 100위권 이내로 제한했다. 고용노동부는 16일 한화에어로스페이스가 경력 사원 채용을 실시하면서 연령과...",2026-09-27 15:16,https://www.imaeil.com/page/view/2026092713092530320,https://n.news.naver.com/mnews/article/088/0001030766?sid=101
고려대학교,매일신문,"한화에어로 이부환 대표 ""나이·학력 채용 제한, 있어선 안 될 일"" 공식...","지난 8월 말 작성된 이 지침에는 인력 구조의 고령화와 적체를 막기 위해 직급별 연령대를 고려하도록 하면서... 서울·판교 근무자는 서울대·연세대·고려대 등 국내 11개 대학 출신을 대상으로 하고, 해외 대학은 QS...",2026-09-27 15:16,https://www.imaeil.com/page/view/2026092713092530320,https://n.news.naver.com/mnews/article/088/0001030766?sid=101
연세대학교,머니투데이,"3주 약값이 1000만원...""두 돌 아이 두고 죽을까 무섭다"" 30대 엄마 호소","장혁재 연세대학교 세브란스병원 심장내과 교수는 ""폐동맥고혈압 치료에서 폐이식은 결국 최후의 수단""이라며 ""이식을 기다리는 환자들은 더 쓸 수 있는 치료제도 없지만 공여자 또한 부족하기 때문에 대기 기간동안...",2026-09-27 15:15,https://www.mt.co.kr/thebio/2026/09/27/2026092715024180115,https://n.news.naver.com/mnews/article/008/0005418688?sid=101
서울대학교,메디게이트뉴스,"[미래 헬스케어 트렌드] 김지혜 HIMSS 한국지사장 ""의료AI 성과, 환자 치...","한국에서는 서울대학교병원과 서울아산병원이 참여한다. 싱가포르에서는 싱가포르 국립대학교병원(National University Hospital, NUH)과 싱가포르 보건서비스(SingHealth)가 참여하고, 대만에서는 국립대만대학병원(National...",2026-09-27 15:14,https://www.medigatenews.com/news/98014586,https://www.medigatenews.com/news/98014586
연세대학교,GGILBO,서연고 중도탈락 5년간 1만 명 이상…의학계열 등 재입학 추정,사진 = 종로학원 국내 최상위권 대학인 서울대·연세대·고려대를 다니다 중도탈락한 학생이 최근 5년간 1만 명이 넘는 것으로 나타났다. 27일 종로학원에 따르면 대학알리미 공시자료를 분석한 결과 2021년부터...,2026-09-27 15:14,https://www.ggilbo.com/news/articleView.html?idxno=1183690,https://www.ggilbo.com/news/articleView.html?idxno=1183690
고려대학교,GGILBO,이윤홍 세종시 부교육감 부임,"세종시교육청에 따르면 28일 취임하는 이 부교육감은 배화여자고등학교, 고려대학교를 졸업했으며 행정고시 44회에 합격해 2001년 공직에 입문한 후 교육부 창조행정담당관, 혁신행정담당관, 운영지원과장, 장관실...",2026-09-27 15:14,https://www.ggilbo.com/news/articleView.html?idxno=1183706,https://www.ggilbo.com/news/articleView.html?idxno=1183706
서울대학교,GGILBO,서연고 중도탈락 5년간 1만 명 이상…의학계열 등 재입학 추정,대학인 서울대·연세대·고려대를 다니다 중도탈락한 학생이 최근 5년간 1만 명이 넘는 것으로 나타났다. 27일 종로학원에 따르면 대학알리미 공시자료를 분석한 결과 2021년부터 지난해까지 서울대·연세대...,2026-09-27 15:14,https://www.ggilbo.com/news/articleView.html?idxno=1183690,https://www.ggilbo.com/news/articleView.html?idxno=1183690
고려대학교,GGILBO,서연고 중도탈락 5년간 1만 명 이상…의학계열 등 재입학 추정,사진 = 종로학원 국내 최상위권 대학인 서울대·연세대·고려대를 다니다 중도탈락한 학생이 최근 5년간 1만 명이 넘는 것으로 나타났다. 27일 종로학원에 따르면 대학알리미 공시자료를 분석한 결과 2021년부터...,2026-09-27 15:14,https://www.ggilbo.com/news/articleView.html?idxno=1183690,https://www.ggilbo.com/news/articleView.html?idxno=1183690
서울대학교,경향신문,“테스 형~ 철학과가 다시 뜬다는데 왜 그래?”···AI 시대 ‘질문하는...,"최근 수시모집 결과 주요 대학에서 철학과가 경쟁률 상위권을 차지했고, 대학 교육 현장에서도 철학의... 2027학년도 대입 수시모집에서 서울대·고려대·연세대 모두 철학과가 인문계열 학과 중 경쟁률 상위권에...",2026-09-27 15:13,https://www.khan.co.kr/article/202609271513011,https://n.news.naver.com/mnews/article/032/0003472626?sid=102
연세대학교,경향신문,“테스 형~ 철학과가 다시 뜬다는데 왜 그래?”···AI 시대 ‘질문하는...,"최근 수시모집 결과 주요 대학에서 철학과가 경쟁률 상위권을 차지했고, 대학 교육 현장에서도 철학의... 철학과 인기는 대학입시에서도 나타난다. 2027학년도 대입 수시모집에서 서울대·고려대·연세대 모두 철학과가...",2026-09-27 15:13,https://www.khan.co.kr/article/202609271513011,https://n.news.naver.com/mnews/article/032/0003472626?sid=102
고려대학교,경향신문,“테스 형~ 철학과가 다시 뜬다는데 왜 그래?”···AI 시대 ‘질문하는...,"최근 수시모집 결과 주요 대학에서 철학과가 경쟁률 상위권을 차지했고, 대학 교육 현장에서도 철학의... 철학과 인기는 대학입시에서도 나타난다. 2027학년도 대입 수시모집에서 서울대·고려대·연세대 모두 철학과가...",2026-09-27 15:13,https://www.khan.co.kr/article/202609271513011,https://n.news.naver.com/mnews/article/032/0003472626?sid=102
연세대학교,뉴스1,북한군 포로 면담 주선한 '지한파'…새 주한 우크라대사에 내정,2000~2001년 연세대 한국어학당에서 한국어를 배운 뒤 2002년부터 2006년까지 주한 우크라이나대사관에서 아타셰와 3등서기관으로 근무했다. 이후 우크라이나 총리실에서도 동북아 국가들과의 협력을 담당했다. 외교관에서...,2026-09-27 15:10,https://www.news1.kr/diplomacy/defense-diplomacy/6302348,https://n.news.naver.com/mnews/article/421/0009193461?sid=100
고려대학교,한스경제,"[인터뷰] '金 캡틴' 이승현 ""농구 인기 많아지길""","고려대 재학 중이던 2014 인천 아시안게임 때 대표팀에 뽑히지 못한 게 특히 아쉬웠다. 당시 수개월 동안 대표팀 합숙 훈련에 참여했지만, 대회 직전 최종 명단에서는 탈락했다. 이듬해인 2015년 처음 태극마크를 단...",2026-09-27 15:04,http://www.hansbiz.co.kr/news/articleView.html?idxno=868184,http://www.hansbiz.co.kr/news/articleView.html?idxno=868184
고려대학교,스포츠경향,"정식리그도, 전문 지도자도, 전문 선수도 없는데…‘맨땅에 금메달 헤딩...","이주영(22)과 김승우(21·이상 연세대), 이동근(23·고려대), 구민교(21·성균관대) 등 평균 나이 21.7세 대학생들... 배 감독은 26일 귀국한 뒤 “선수 차출에 응해준 대학교 감독들, 대표팀 실전경험을 위해 스파링을 해준...",2026-09-27 14:58,https://sports.khan.co.kr/article/202609271457003?pt=nv,https://m.sports.naver.com/basketball/article/144/0001140627
고려대학교,워크투데이,"SOOP, 28일 연세대·고려대 '2026 사이버 정기전' 개최","연세대학교와 고려대학교 학생들이 e스포츠로 맞붙는 '2026 사이버 정기전'이 오는 28일 오후 2시 상암 SOOP... SOOP은 대학생들이 선수와 방송 제작, 콘텐츠 기획 등 e스포츠 관련 분야를 경험할 수 있도록 대학 e스포츠...",2026-09-27 14:58,http://www.worktoday.co.kr/news/articleView.html?idxno=89755,http://www.worktoday.co.kr/news/articleView.html?idxno=89755
연세대학교,스포츠경향,"정식리그도, 전문 지도자도, 전문 선수도 없는데…‘맨땅에 금메달 헤딩...","금메달을 대학생 4총사가 따냈다. 이주영(22)과 김승우(21·이상 연세대), 이동근(23·고려대), 구민교(21... 배 감독은 26일 귀국한 뒤 “선수 차출에 응해준 대학교 감독들, 대표팀 실전경험을 위해 스파링을 해준 국내...",2026-09-27 14:58,https://sports.khan.co.kr/article/202609271457003?pt=nv,https://m.sports.naver.com/basketball/article/144/0001140627
연세대학교,워크투데이,"SOOP, 28일 연세대·고려대 '2026 사이버 정기전' 개최","연세대학교와 고려대학교 학생들이 e스포츠로 맞붙는 '2026 사이버 정기전'이 오는 28일 오후 2시 상암 SOOP... SOOP은 대학생들이 선수와 방송 제작, 콘텐츠 기획 등 e스포츠 관련 분야를 경험할 수 있도록 대학 e스포츠...",2026-09-27 14:58,http://www.worktoday.co.kr/news/articleView.html?idxno=89755,http://www.worktoday.co.kr/news/articleView.html?idxno=89755
연세대학교,JTBC,의정 갈등 그 후...'피부과 일반의'만 늘었다,"이상규 연세대의대 예방의학교실 교수가 건강보험심사평가원 데이터를 토대로 분석한 결과, 피부과 의원에서 일하는 일반의는 올해 3월 기준 1022명이었습니다. 의·정 갈등 이전에는 571명이었는데 약 1.8배로 늘어난...",2026-09-27 14:56,https://news.jtbc.co.kr/article/NB12320148?influxDiv=NAVER,https://n.news.naver.com/mnews/article/437/0000512884?sid=102
고려대학교,부산일보,"예상치 못했던 농구 전성시대, ‘황금기’ 연 한국 농구 [여기는 나고야...","구민교(성균관대), 김승우(연세대), 이동근(고려대), 이주영(연세대) 등 20대 초반으로 팀을 구성한 남자 대표팀은 결승에서 신들린 듯한 외곽포로 평균 신장 2m의 카타르를 넘어 섰다. 이들은 한국 아시안게임 통산...",2026-09-27 14:55,https://www.busan.com/view/busan/view.php?code=2026092714415761963,https://n.news.naver.com/mnews/article/082/0001399975?sid=104
연세대학교,부산일보,"예상치 못했던 농구 전성시대, ‘황금기’ 연 한국 농구 [여기는 나고야...","구민교(성균관대), 김승우(연세대), 이동근(고려대), 이주영(연세대) 등 20대 초반으로 팀을 구성한 남자 대표팀은 결승에서 신들린 듯한 외곽포로 평균 신장 2m의 카타르를 넘어 섰다. 이들은 한국 아시안게임 통산...",2026-09-27 14:55,https://www.busan.com/view/busan/view.php?code=2026092714415761963,https://n.news.naver.com/mnews/article/082/0001399975?sid=104
고려대학교,NGETNEWS,유한양행 차기 대표 인선 임박…내부 승진 관례 갈림길,고려대 의대 교수로 오랫동안 활동한 뒤 2023년 유한양행에 합류해 R&D 분야를 총괄하고 있다. 김 사장이... 유한양행이 통상 3월 중순 주주총회를 열었다는 점을 고려해 업계에서는 9월 중 차기 대표가 결정될 것이라는...,2026-09-27 14:54,https://www.ngetnews.com/news/articleView.html?idxno=553716,https://www.ngetnews.com/news/articleView.html?idxno=553716
연세대학교,메디컬투데이,전공의 집단사직·복귀 이후 '피부과 일반의' 급증…571명→1022명,이상규 연세대 의대 예방의학교실 교수팀은 2022년 12월부터 2026년 3월까지 건강보험심사평가원 데이터를 토대로 전공의 집단사직 전후 일반의 분포 변화를 분석했다. 연구 결과는 지난달 발간된 대한의학회지...,2026-09-27 14:54,https://www.mdtoday.co.kr/news/articleView.html?idxno=616412,https://www.mdtoday.co.kr/news/articleView.html?idxno=616412
고려대학교,CCTIMES,세종시교육청 부교육감에 교육부 이윤홍 국장 부임,"이윤홍 부교육감은 고려대학교를 졸업하고 행정고시 44회에 합격해 2001년에 공직에 입문한 후 교육부 창조행정담당관, 혁신행정담당관, 운영지원과장, 장관실 비서실장, 부경대 사무국장, 중앙교육연수원장...",2026-09-27 14:52,http://www.cctimes.kr/news/articleView.html?idxno=929406,http://www.cctimes.kr/news/articleView.html?idxno=929406
서울대학교,위키트리,비교가 오히려 기회?…삶의 가치를 10배 끌어올리는 '3가지' 질문,내적인 고유 가치 대신 외부의 기준점에 의존할 때 우리의 심리적 안정성은 쉽게 무너진다.서울대학교 엄성우 교수의 유학 시절 경험은 이러한 상대평가의 심리적 오류를 단적으로 보여준다. 유학 초기 그는 상대적인 영어...,2026-09-27 14:52,https://www.wikitree.co.kr/articles/1159423,https://www.wikitree.co.kr/articles/1159423
고려대학교,YOUTHDAILY,"한화에어로 경력직 채용 논란 일파만파…이부환 대표, 공식 사과","지난달 말 작성된 지침에는 “인력구조 고령화, 적체를 막기 위해 직급 대비 연령대를 고려해 선발한다”는... 서울과 판교 근무자의 경우 서울대·연세대·고려대 등 11개 대학 졸업생을 기준으로 삼았으며, 해외 대학...",2026-09-27 14:48,https://www.youthdaily.co.kr/news/article.html?no=227622,https://www.youthdaily.co.kr/news/article.html?no=227622
연세대학교,YOUTHDAILY,"한화에어로 경력직 채용 논란 일파만파…이부환 대표, 공식 사과","서울과 판교 근무자의 경우 서울대·연세대·고려대 등 11개 대학 졸업생을 기준으로 삼았으며, 해외 대학 졸업자는 세계 대학순위(QS) 100위권 이내 학교만 채용 대상에 포함하는 내용이 담겼다. 근무지에 따라 대학 기준을...",2026-09-27 14:48,https://www.youthdaily.co.kr/news/article.html?no=227622,https://www.youthdaily.co.kr/news/article.html?no=227622
고려대학교,루키,"""형들 보면서 배울게요"" 동국대 5연승 상승세 주역→프로 진출 앞두고 ...","특히 최근 난적 고려대를 상대로 원정에서 승리를 거두기도 했다. 여름에 다녀왔던 중국 전지훈련의 효과도 보고 있다. 우성희는 ""우리의 단점을 많이 보완하기 위해 노력했다. 그게 경기에서 잘 나왔던 듯하다""라며...",2026-09-27 14:48,http://www.rookie.co.kr/news/articleView.html?idxno=127359,https://m.sports.naver.com/basketball/article/398/0000102994
서울대학교,YOUTHDAILY,"한화에어로 경력직 채용 논란 일파만파…이부환 대표, 공식 사과","서울과 판교 근무자의 경우 서울대·연세대·고려대 등 11개 대학 졸업생을 기준으로 삼았으며, 해외 대학 졸업자는 세계 대학순위(QS) 100위권 이내 학교만 채용 대상에 포함하는 내용이 담겼다. 근무지에 따라 대학 기준을...",2026-09-27 14:48,https://www.youthdaily.co.kr/news/article.html?no=227622,https://www.youthdaily.co.kr/news/article.html?no=227622
서울대학교,대전일보,충남대·공주대 통합신청서 제출 기한 연장…재논의 시간 확보,"특히 충남대는 공주대와의 통합을 기반으로 '서울대 10개 만들기' 사업에 선정된 만큼 통합 논의를 이어갈 필요성이 크다. 결국 추가로 확보된 3개월 동안 통합 재추진 방식을 결정짓고, 구성원들의 우려와 반대를 얼마나...",2026-09-27 14:40,https://www.daejonilbo.com/news/articleView.html?idxno=2303592,https://n.news.naver.com/mnews/article/656/0000187864?sid=102
서울대학교,중앙일보,[단독] “통일 불가능” 39.1% 역대 최고…“북한과 타협 불가” 78%,"27일 중앙일보가 확인한 서울대 통일평화연구원의 올해 통일의식조사에 따르면 통일이 가능한 시기를 묻는... 서울대 통일평가연구원은 지난 2007년부터 해마다 통일과 북한에 대한 인식, 정부의 대북정책에 대한 평가와...",2026-09-27 14:38,https://www.joongang.co.kr/article/25464976,https://n.news.naver.com/mnews/article/025/0003553957?sid=102
서울대학교,뉴스1,"'서울대 10개 만들기' 탈락 후폭풍…전북대 교수·학생·동문 ""납득 못해...","교육부는 지난 1일 정부서울청사에서 '2026년 서울대 10개 만들기' 패키지 지원대학으로 부산대학교와 전남대학교, 충남대학교를 선정했다. 선정된 대학에는 연 700억 원, 5년간 3500억 원가량의 대규모 재정 지원이 집중된다....",2026-09-27 14:29,https://www.news1.kr/local/jeonbuk/6302334,https://n.news.naver.com/mnews/article/421/0009193410?sid=102
고려대학교,국민일보,대입 경쟁률 감췄는데…접수번호로 지원 규모 추정,김 의원실이 한국대학교육협의회를 통해 확인한 결과다. 이는 응답 대학의 86.7%에 해당한다. 자료를 내지... 조사에서 지원 규모를 추정할 수 있는 것으로 분류된 대학에는 연세대·고려대·한양대 등 서울 소재 대학 30곳과...,2026-09-27 14:21,https://www.kmib.co.kr/article/view.asp?arcid=9000017459&cp=nv,https://n.news.naver.com/mnews/article/005/0001875154?sid=102
연세대학교,국민일보,대입 경쟁률 감췄는데…접수번호로 지원 규모 추정,김 의원실이 한국대학교육협의회를 통해 확인한 결과다. 이는 응답 대학의 86.7%에 해당한다. 자료를 내지... 조사에서 지원 규모를 추정할 수 있는 것으로 분류된 대학에는 연세대·고려대·한양대 등 서울 소재 대학 30곳과...,2026-09-27 14:21,https://www.kmib.co.kr/article/view.asp?arcid=9000017459&cp=nv,https://n.news.naver.com/mnews/article/005/0001875154?sid=102
서울대학교,NTODAY,[완벽한 날들⑬｜정선우의 여정] 1억 빚과 희귀암의 벼랑 끝… '암환자...,"서울대학교 심리학 연구진이 정리한 '한국어 감정단어'를 토대로, 인터뷰이가 자신의 경험을 가장 잘 나타낸다고 직접 선택한 감정단어를 따라 이들이 암을 마주하고 치료를 견디며 겪은 내면의 변화를 살펴본다. 이와...",2026-09-27 14:20,https://www.ntoday.co.kr/news/articleView.html?idxno=129350,https://www.ntoday.co.kr/news/articleView.html?idxno=129350
고려대학교,스포츠동아,"‘금3·동1’ AG서 역대급 성적 거둔 한국 농구, 재도약 발판 마련했다","우승의 주역 이주영(22), 김승우(21·이상 연세대), 이동근(23·고려대), 구민교(21·성균관대)는 11월 20일 열릴 2026 KBL 신인드래프트를 통해 프로에 데뷔한다. 전병준 감독(52)이 이끄는 여자 대표팀도 같은 날 열린...",2026-09-27 14:19,https://sports.donga.com/sports/article/all/20260927/134736596/1,https://m.sports.naver.com/basketball/article/382/0001295864
연세대학교,스포츠동아,"‘금3·동1’ AG서 역대급 성적 거둔 한국 농구, 재도약 발판 마련했다","우승의 주역 이주영(22), 김승우(21·이상 연세대), 이동근(23·고려대), 구민교(21·성균관대)는 11월 20일 열릴 2026 KBL 신인드래프트를 통해 프로에 데뷔한다. 전병준 감독(52)이 이끄는 여자 대표팀도 같은 날 열린...",2026-09-27 14:19,https://sports.donga.com/sports/article/all/20260927/134736596/1,https://m.sports.naver.com/basketball/article/382/0001295864
고려대학교,스포츠경향,"QWER, ‘소년만화’ 주인공 변신…스페셜 클립 공개","QWER은 지난 12-13일 서울 고려대학교 화정체육관에서 두 번째 투어 ‘락케이션: 로켓 런치(ROCKATION : ROCKET LAUNCH!!)’의 성공적인 포문을 열었다. 이들은 10월 10~11일 타이베이, 10월 13일 후쿠오카, 10월 15일 오사카...",2026-09-27 14:16,https://sports.khan.co.kr/article/202609271415003?pt=nv,https://m.entertain.naver.com/article/144/0001140620
서울대학교,아주경제,"한화에어로, '경력직 채용 가이드라인' 논란 사과…""공정한 기회 훼손""","해당 가이드라인에는 서울과 판교 근무자의 경우 서울대 등 11개 대학 졸업생을 대상으로 하고, 연령은 1980년생 이하로 제한하는 내용이 담긴 것으로 알려졌다. 한화에어로스페이스 사과문.[사진=한화에어로스페이스...",2026-09-27 14:16,https://www.ajunews.com/view/20260927140425914,https://www.ajunews.com/view/20260927140425914
고려대학교,스포츠서울,金 땄는데 얼굴이 더 난리…204㎝ 여준석 “서강준 보여”→영어까지 술...,"고등학교 시절 호주 NBA 글로벌 아카데미에서 생활했고, 고려대 진학 후에는 다시 미국행을 선택했다. 2023년 미국 대학농구 명문 곤자가대에 합류한 뒤 시애틀대로 옮겨 NCAA 무대에서 뛰었다. 영어 실력도 흥미롭다. 지금은...",2026-09-27 14:12,https://www.sportsseoul.com/news/read/1637740?ref=naver,https://m.entertain.naver.com/article/468/0001268922
고려대학교,NEWSTOMATO,'재제청 거부' 조희대 버티기…해결책 없는 청와대,"조 대법원장이 발표한 입장의 내용과 시기, 방식 등을 고려할 때 정치적 행보라는 비판 목소리가 큽니다. 먼저 이 대통령의 재제청 요청이 헌법적 근거가 없다는 조 대법원장 주장에 대해 김선택 고려대 법학전문대학원...",2026-09-27 14:06,http://www.newstomato.com/ReadNews.aspx?no=1314778&inflow=N,http://www.newstomato.com/ReadNews.aspx?no=1314778&inflow=N
서울대학교,NEWSTOMATO,"(사모펀드 민낯)①홈플러스, 1.2조 배당·3.3조 자산매각…MBK식 LBO 실체","박상인 서울대 행정대학원 교수는 ""채무자도 노동자도 일반 소비자도 아닌, 대주주가 경영 실패에 대한 책임을 가장 무겁게 질 수 있도록 관리와 채무조정 협상이 이루어져야 한다""고 했습니다. 이어 ""미국이나 일본과...",2026-09-27 14:04,http://www.newstomato.com/ReadNews.aspx?no=1314658&inflow=N,http://www.newstomato.com/ReadNews.aspx?no=1314658&inflow=N
연세대학교,아시아경제,"""혹시 우리 집 앞 피부과도?""…그 많던 '사직 전공의' 어디로 갔을까",27일 의료계에 따르면 이상규 연세대 의대 예방의학교실 교수가 건강보험심사평가원 데이터를 토대로 전공의 집단사직 전후 일반의 분포 변화를 분석한 결과 이러한 경향이 확인됐다. 연구 결과는...,2026-09-27 14:03,https://view.asiae.co.kr/article/2026092713592491884,https://n.news.naver.com/mnews/article/277/0005821150?sid=102
서울대학교,전자신문,[특별인터뷰]이정구 국립광주과학관장 “과학관은 과학기술과 국민의 삶...,○이정구 국립광주과학관장은… 이정구 관장은 서울대학교에서 지질학(고생물학)을 전공해 석·박사... 국립중앙과학관에서 공직을 시작한 이 관장은 20여 년간 국립과천과학관 과장과 국립서울과학관장...,2026-09-27 14:01,https://www.etnews.com/20260921000443,https://n.news.naver.com/mnews/article/030/0003470071?sid=105
고려대학교,스포츠조선,"영탁, '꺾어' 제대로 통했다…'뮤뱅' 결방에도 1위","영탁은 10월 3일부터 5일까지 서울 고려대학교 화정 체육관, 10월 24~25일 전주, 11월 28~29일 대구, 12월 19~20일 인천, 2027년 1월 16~17일 부산에서 단독 콘서트 '탁 쇼5'를 개최한다.",2026-09-27 14:00,https://www.sportschosun.com/entertainment/2026-09-27/202609270100178650011796,https://m.entertain.naver.com/article/076/0004450037
연세대학교,JOONGDO,"""배움의 꿈에 힘 보탠다"", 서산로타리클럽, 장학금 980만원 전달","서산로타리클럽은 최근 관명 장학금과 클럽 장학금을 마련해 대학생과 중·고등학생 등 장학생들에게... 윤정구 관명 장학금은 연세대학교 학생에게 100만원, 가복현 관명 장학금은 인하대학교 학생에게 100만원, 유장곤...",2026-09-27 13:54,https://www.joongdo.co.kr/web/view.php?key=20260927010008061,https://www.joongdo.co.kr/web/view.php?key=20260927010008061
연세대학교,한국경제,"부동산 전문가 99% ""연말까지 서울 전셋값 더 오른다""","고준석 연세대 상남경영원 교수는 “주택 공급이 부족한 가운데 실거주 의무, 비거주 1주택자 세 부담 증가 등으로 전세 매물이 감소하면서 전셋값 상승이 매매가격 상승으로 이어지고 있다”고 설명했다. 남혁우...",2026-09-27 13:50,https://www.hankyung.com/article/202609277380i,https://n.news.naver.com/mnews/article/015/0005336251?sid=101
고려대학교,DENTALNEWS,"고대안암병원 구강외과, KADR 학술경연 ‘두각’",장인서·김재연 전공의 1·3위…타액선 질환 연구 성과 인정  고려대학교안암병원(이하 고대안암병원) 구강악안면외과 장인서 전공의(3년차)와 김재연 전공의(2년차)가 지난 9월 5일 열린 ‘제45차...,2026-09-27 13:44,https://www.dentalnews.or.kr/news/article.html?no=48269,https://www.dentalnews.or.kr/news/article.html?no=48269
연세대학교,매일신문,[아시안게임] 추석을 금빛으로 물들인 장한 태극전사들,"이주영, 김승우(이상 연세대), 이동근(고려대), 구민교(성균관대) 등 대학생 선수들로만 꾸려진 한국 남자 3대3 농구팀은 25일 일본 나고야 긴조후토역 광장 특설 코트에서 열린 결승전에서 카타르를 19대10으로 꺾고...",2026-09-27 13:42,https://www.imaeil.com/page/view/2026092713411697780,https://n.news.naver.com/mnews/article/088/0001030723?sid=104
고려대학교,매일신문,[아시안게임] 추석을 금빛으로 물들인 장한 태극전사들,"이주영, 김승우(이상 연세대), 이동근(고려대), 구민교(성균관대) 등 대학생 선수들로만 꾸려진 한국 남자 3대3 농구팀은 25일 일본 나고야 긴조후토역 광장 특설 코트에서 열린 결승전에서 카타르를 19대10으로 꺾고...",2026-09-27 13:42,https://www.imaeil.com/page/view/2026092713411697780,https://n.news.naver.com/mnews/article/088/0001030723?sid=104
고려대학교,TV리포트,"""1위 생각지도 못해"" 영탁, '꺾어'로 '뮤직뱅크' 정상 등극","‘TAK SHOW5’는 오는 10월 3일부터 5일까지 서울 고려대학교 화정체육관에서 개최되며, 서울 공연을 시작으로 10월 24~25일 전주, 11월 28~29일 대구, 12월 19~20일 인천, 내년 1월 16~17일 부산으로 이어진다. 영탁은 가수 활동...",2026-09-27 13:41,https://www.tvreport.co.kr/music/article/1078596/,https://m.entertain.naver.com/article/213/0001402585
연세대학교,디지털데일리,"한화에어로 이부환 대표, ‘경력직 채용 지침’ 사과…책임자 징계·재...",서울·판교 등 수도권 근무자는 서울대·연세대·고려대 등을 포함한 국내 11개 대학 출신을 대상으로 하고 해외 대학의 경우 세계대학순위 100위권 이내라는 기준이 제시됐다. 지방 사업장은 지역 거점 국립대와 해외 대학...,2026-09-27 13:38,https://www.ddaily.co.kr/page/view/2026092713365024306,https://n.news.naver.com/mnews/article/138/0002242744?sid=101
고려대학교,디지털데일리,"한화에어로 이부환 대표, ‘경력직 채용 지침’ 사과…책임자 징계·재...",회사의 내부 지침에는 인력 구조의 고령화와 적체를 막기 위해 직급에 맞는 연령대를 고려한다는 내용과 함께 출신대학에 대한 기준 등이 포함된 것으로 알려졌다. 서울·판교 등 수도권 근무자는 서울대·연세대·고려대...,2026-09-27 13:38,https://www.ddaily.co.kr/page/view/2026092713365024306,https://n.news.naver.com/mnews/article/138/0002242744?sid=101
서울대학교,디지털데일리,"한화에어로 이부환 대표, ‘경력직 채용 지침’ 사과…책임자 징계·재...",서울·판교 등 수도권 근무자는 서울대·연세대·고려대 등을 포함한 국내 11개 대학 출신을 대상으로 하고 해외 대학의 경우 세계대학순위 100위권 이내라는 기준이 제시됐다. 지방 사업장은 지역 거점 국립대와 해외 대학...,2026-09-27 13:38,https://www.ddaily.co.kr/page/view/2026092713365024306,https://n.news.naver.com/mnews/article/138/0002242744?sid=101
서울대학교,HIDOMIN,"SKY 떠나는 학생들, 최근 5년간 1만명 돌파","서울대와 연세대, 고려대 등 국내 최상위권 대학을 다니다가 중도에 학교를 떠난 학생이 최근 5년간... 27일 종로학원이 대학알리미 공시자료를 분석한 결과에 따르면, 지난 2021년부터 2025년까지 서울대와 연세대...",2026-09-27 13:36,https://www.hidomin.com/news/articleView.html?idxno=722624,https://www.hidomin.com/news/articleView.html?idxno=722624
서울대학교,강원도민일보,평창교육지원청 교육혁신선도지역 공모 본격 도전,"평창교육지원청은 22일 교육지원청 대회의실에서 심재국 군수, 이창열 군의장과 군의원, 이정균 도의원, 군내 각급 학교 교장과 학교운영위원장, 서울대 그린바이오기술원·군이장연합회·군번영회장 관계자와 주민 등이...",2026-09-27 13:36,https://www.kado.net/news/articleView.html?idxno=2074863,https://n.news.naver.com/mnews/article/654/0000202462?sid=102
연세대학교,HIDOMIN,"SKY 떠나는 학생들, 최근 5년간 1만명 돌파","서울대와 연세대, 고려대 등 국내 최상위권 대학을 다니다가 중도에 학교를 떠난 학생이 최근 5년간 1만명을 넘어선 것으로 집계됐다. 27일 종로학원이 대학알리미 공시자료를 분석한 결과에 따르면, 지난...",2026-09-27 13:36,https://www.hidomin.com/news/articleView.html?idxno=722624,https://www.hidomin.com/news/articleView.html?idxno=722624
서울대학교,인사이트,SKY 중도탈락 5년간 1만736명... 공학·생명과학 학생들이 많이 떠났다,"해마다 2000명 안팎이 서울대·연세대·고려대에 합격하고도 학교를 떠나고 있다는 의미다. 27일... 지난해 기준 대학별로는 고려대가 836명으로 가장 많았고 연세대 801명, 서울대 375명 순으로 나타났다. 자연계열...",2026-09-27 13:36,https://www.insight.co.kr/news/575399,https://www.insight.co.kr/news/575399
고려대학교,스포츠서울,“농구 국대들 비주얼 보고 뽑나?” 금메달 여준석…‘서강준·안효섭 ...,"고려대에 진학했던 여준석은 2022년 해외 진출을 선언했고, 이듬해 미국 대학농구 명문 곤자가대에 합류했다. 이후 더 많은 출전 시간을 위해 시애틀대로 옮겼다. 2025-2026시즌에는 34경기에 모두 선발 출전해 평균 12득점...",2026-09-27 13:36,https://www.sportsseoul.com/news/read/1637731?ref=naver,https://m.sports.naver.com/basketball/article/468/0001268914
고려대학교,인사이트,SKY 중도탈락 5년간 1만736명... 공학·생명과학 학생들이 많이 떠났다,"지난해 기준 대학별로는 고려대가 836명으로 가장 많았고 연세대 801명, 서울대 375명 순으로 나타났다. 자연계열 이탈이 압도적이다. 지난해 3개 대학 중도탈락자 중 자연계열이 1297명으로 전체의 64.5%를...",2026-09-27 13:36,https://www.insight.co.kr/news/575399,https://www.insight.co.kr/news/575399
고려대학교,HIDOMIN,"SKY 떠나는 학생들, 최근 5년간 1만명 돌파","서울대와 연세대, 고려대 등 국내 최상위권 대학을 다니다가 중도에 학교를 떠난 학생이 최근 5년간 1만명을 넘어선 것으로 집계됐다. 27일 종로학원이 대학알리미 공시자료를 분석한 결과에 따르면, 지난...",2026-09-27 13:36,https://www.hidomin.com/news/articleView.html?idxno=722624,https://www.hidomin.com/news/articleView.html?idxno=722624
연세대학교,인사이트,SKY 중도탈락 5년간 1만736명... 공학·생명과학 학생들이 많이 떠났다,"지난해 기준 대학별로는 고려대가 836명으로 가장 많았고 연세대 801명, 서울대 375명 순으로 나타났다. 자연계열 이탈이 압도적이다. 지난해 3개 대학 중도탈락자 중 자연계열이 1297명으로 전체의 64.5%를...",2026-09-27 13:36,https://www.insight.co.kr/news/575399,https://www.insight.co.kr/news/575399
서울대학교,아시아타임즈,"한화에어로스페이스, '나이·학벌 차별' 채용 가이드라인 논란에 공식 ...",해당 문건에 따르면 서울·판교 근무자의 경우 서울대·연세대·고려대 등 국내 11개 주요 대학이나 세계 대학 순위 100위권 이내 해외 대학 출신으로 자격을 한정했다. 지방 사업장은 거점 국립대와 세계 200위권 해외...,2026-09-27 13:34,https://www.asiatime.co.kr/article/20260927500058,https://www.asiatime.co.kr/article/20260927500058
고려대학교,아시아타임즈,"한화에어로스페이스, '나이·학벌 차별' 채용 가이드라인 논란에 공식 ...",해당 문건에 따르면 서울·판교 근무자의 경우 서울대·연세대·고려대 등 국내 11개 주요 대학이나 세계 대학 순위 100위권 이내 해외 대학 출신으로 자격을 한정했다. 지방 사업장은 거점 국립대와 세계 200위권 해외...,2026-09-27 13:34,https://www.asiatime.co.kr/article/20260927500058,https://www.asiatime.co.kr/article/20260927500058
연세대학교,아시아타임즈,"한화에어로스페이스, '나이·학벌 차별' 채용 가이드라인 논란에 공식 ...",해당 문건에 따르면 서울·판교 근무자의 경우 서울대·연세대·고려대 등 국내 11개 주요 대학이나 세계 대학 순위 100위권 이내 해외 대학 출신으로 자격을 한정했다. 지방 사업장은 거점 국립대와 세계 200위권 해외...,2026-09-27 13:34,https://www.asiatime.co.kr/article/20260927500058,https://www.asiatime.co.kr/article/20260927500058
연세대학교,파이낸셜뉴스,"""SKY 떠나 의대로?""…중도탈락 65% 자연계, 5년간 1만명 넘어","27일 종로학원이 지난 8월 29일 대학알리미에 공시된 대학별 중도탈락자 수를 분석한 결과, 서울대·연세대·고려대의 최근 5년간 중도탈락자는 모두 1만736명으로 집계됐다. 연도별로는 2021년 1971명, 2022년 2131명...",2026-09-27 13:32,https://www.fnnews.com/news/202609271317270975,https://n.news.naver.com/mnews/article/014/0005581109?sid=102
연세대학교,세계일보,"[단독] 북한군 포로 송환 공개 논란 우크라, ‘지한파’ 인사 주한대사...",2001년 연세대에서 한국어를 공부한 뒤 2002∼2006년 주한 우크라이나대사관에서 3등서기관으로 근무했다. 이후 키로보흐라드주 주지사 등을 거쳐 국회의원이 됐으며 현재 한·우크라이나 의원친선그룹 공동회장을 맡고...,2026-09-27 13:32,https://www.segye.com/newsView/20260927506117?OutUrl=naver,https://n.news.naver.com/mnews/article/022/0004162059?sid=100
고려대학교,파이낸셜뉴스,"""SKY 떠나 의대로?""…중도탈락 65% 자연계, 5년간 1만명 넘어","27일 종로학원이 지난 8월 29일 대학알리미에 공시된 대학별 중도탈락자 수를 분석한 결과, 서울대·연세대·고려대의 최근 5년간 중도탈락자는 모두 1만736명으로 집계됐다. 연도별로는 2021년 1971명, 2022년 2131명...",2026-09-27 13:32,https://www.fnnews.com/news/202609271317270975,https://n.news.naver.com/mnews/article/014/0005581109?sid=102
서울대학교,파이낸셜뉴스,"""SKY 떠나 의대로?""…중도탈락 65% 자연계, 5년간 1만명 넘어","서울대·연세대·고려대에서 최근 5년간 1만명이 넘는 학생이 학교를 떠난 것으로 나타났다. 지난해에도... 27일 종로학원이 지난 8월 29일 대학알리미에 공시된 대학별 중도탈락자 수를 분석한 결과, 서울대...",2026-09-27 13:32,https://www.fnnews.com/news/202609271317270975,https://n.news.naver.com/mnews/article/014/0005581109?sid=102
서울대학교,WEBECONOMY,"LG유플러스, 강남 '틈' AI 아트 플랫폼으로 전환…팝업 넘어 신진작가 키...","'팝업에서 AI 아트 플랫폼으로' LG유플러스가 서울 강남역 복합문화공간 'U+일상비일상의틈'을 팝업스토어... 프리즈, 서울대학교, 홍익대학교 등과 작가 발굴·전시·멘토링 프로그램을 추진한다. 2027년 1분기에는...",2026-09-27 13:32,https://www.webeconomy.co.kr/news/articleView.html?idxno=2317416,https://www.webeconomy.co.kr/news/articleView.html?idxno=2317416
서울대학교,이코노미스트,"1만736명 'SKY' 붙고도 포기, 왜?…""의대 갈게요"" 입시업계 분석 나왔다","서울대·연세대·고려대(SKY)를 다니다가 자퇴 등으로 학업을 중단한 중도탈락 학생이 최근 5년간 1만... 27일 종로학원이 대학알리미 공시자료를 분석한 결과에 따르면, 2021년부터 2025년까지 최근 5년간 서울대...",2026-09-27 13:31,https://economist.co.kr/article/view/ecn202609270008,https://n.news.naver.com/mnews/article/243/0000103576?sid=101
고려대학교,이코노미스트,"1만736명 'SKY' 붙고도 포기, 왜?…""의대 갈게요"" 입시업계 분석 나왔다","지난해 대학별 중도탈락자는 고려대가 836명으로 가장 많았고 연세대 801명, 서울대 375명 순이었다. 계열별로는 자연계열 학생의 이탈이 압도적이었다. 지난해 3개 대학 전체 중도탈락자 중 자연계열은 1,297명으로...",2026-09-27 13:31,https://economist.co.kr/article/view/ecn202609270008,https://n.news.naver.com/mnews/article/243/0000103576?sid=101
연세대학교,이코노미스트,"1만736명 'SKY' 붙고도 포기, 왜?…""의대 갈게요"" 입시업계 분석 나왔다","지난해 대학별 중도탈락자는 고려대가 836명으로 가장 많았고 연세대 801명, 서울대 375명 순이었다. 계열별로는 자연계열 학생의 이탈이 압도적이었다. 지난해 3개 대학 전체 중도탈락자 중 자연계열은 1,297명으로...",2026-09-27 13:31,https://economist.co.kr/article/view/ecn202609270008,https://n.news.naver.com/mnews/article/243/0000103576?sid=101
고려대학교,대전일보,세종교육청 신임 부교육감에 이윤홍 전 교육부 국장,"이 부교육감은 배화여자고등학교와 고려대학교를 졸업한 뒤 행정고시 44회에 합격해 2001년 공직에... 2022년에는 부경대학교 사무국장으로 자리를 옮겼으며, 2024년 중앙교육연수원장을 거쳐 2025년 12월부터...",2026-09-27 13:26,https://www.daejonilbo.com/news/articleView.html?idxno=2303573,https://n.news.naver.com/mnews/article/656/0000187853?sid=102
연세대학교,이투데이,대곡에 9400가구 추가 공급⋯고양 ‘베드타운’ 탈피 다시 시험대,"고준석 연세대 상남경영원 교수는 ""대곡역은 GTX-A와 3호선이 만나는 곳으로 강남 접근성이 상당히 좋아졌다""며 ""베드타운 성격이 있더라도 서울의 주거 수요를 분산시키는 역할은 할 수 있을 것으로 보인다""고 전망했다....",2026-09-27 13:22,https://www.etoday.co.kr/news/view/2628587,https://www.etoday.co.kr/news/view/2628587
고려대학교,브릿지경제,"[브릿지 칼럼] “의대 광풍, 이제는 바뀌나?”",27학년도 대학입시 수시모집 경쟁률 분석 결과 서울대·연세대·고려대 의과대학 지원자는 전년 대비 11.3%가... 정책은 선의로 하는 것이 아니라 인간의 본성인 경제적 이익을 고려해야 한다고 한다. 정부는 반도체...,2026-09-27 13:20,https://www.viva100.com/article/20260920500048,https://www.viva100.com/article/20260920500048
연세대학교,브릿지경제,"[브릿지 칼럼] “의대 광풍, 이제는 바뀌나?”","27학년도 대학입시 수시모집 경쟁률 분석 결과 서울대·연세대·고려대 의과대학 지원자는 전년 대비 11.3%가 감소했지만, 삼성전자, SK하이닉스로 취업이 보장되는 5개 반도체 계약학과(고려대 서강대 성균관대 연세대...",2026-09-27 13:20,https://www.viva100.com/article/20260920500048,https://www.viva100.com/article/20260920500048
서울대학교,브릿지경제,"[브릿지 칼럼] “의대 광풍, 이제는 바뀌나?”","27학년도 대학입시 수시모집 경쟁률 분석 결과 서울대·연세대·고려대 의과대학 지원자는 전년 대비 11.3%가... 이것이 새로운 변화를 지속시키는 힘이다. 이기일 서울시립대 도시보건대학원장, 전 복지부차관",2026-09-27 13:20,https://www.viva100.com/article/20260920500048,https://www.viva100.com/article/20260920500048
고려대학교,매일경제,“SKY보다는 의대”…지난 5년간 SKY 중도탈락생 만명넘어,"종로학원이 27일 대학알리미 공시자료를 분석한 결과에 따르면 2021년부터 지난해까지 서울대·연세대·고려대의 중도탈락자는 총 1만736명으로 집계됐다. 연도별로는 2021년 1971명, 2022년 2131명, 2023년 2126명...",2026-09-27 13:15,https://www.mk.co.kr/article/12161844,https://n.news.naver.com/mnews/article/009/0005740250?sid=102
연세대학교,매일경제,“SKY보다는 의대”…지난 5년간 SKY 중도탈락생 만명넘어,"종로학원이 27일 대학알리미 공시자료를 분석한 결과에 따르면 2021년부터 지난해까지 서울대·연세대·고려대의 중도탈락자는 총 1만736명으로 집계됐다. 연도별로는 2021년 1971명, 2022년 2131명, 2023년 2126명...",2026-09-27 13:15,https://www.mk.co.kr/article/12161844,https://n.news.naver.com/mnews/article/009/0005740250?sid=102
서울대학교,매일경제,“SKY보다는 의대”…지난 5년간 SKY 중도탈락생 만명넘어,"종로학원, 최근 5년 중도탈락자 집계 자연계 비중 64.5%…의대 등 지원 이른바 ‘SKY’로 불리는 서울대... 종로학원이 27일 대학알리미 공시자료를 분석한 결과에 따르면 2021년부터 지난해까지 서울대·연세대...",2026-09-27 13:15,https://www.mk.co.kr/article/12161844,https://n.news.naver.com/mnews/article/009/0005740250?sid=102
서울대학교,강원일보,자연의 상처 딛고 피어난 회복의 희망… 김대영개인전,서울대 회화과를 졸업한 김작가는 평창비엔날레 운영위원장 등을 역임하며 오랜 기간 독창적인 조형 세계를 구축해 온 지역 대표 중견 화가다. 그는 오랜 시간 천착해 온 ‘순환’ 테마를 바탕으로 자연의 응축된 에너지를...,2026-09-27 13:10,https://www.kwnews.co.kr/article/20260927500423,https://n.news.naver.com/mnews/article/087/0001220448?sid=102
고려대학교,뉴스1,세종교육청 신임 부교육감에 이윤홍 교육부 국장…28일 부임,"이 신임 부교육감은 배화여고와 고려대를 졸업하고, 2001년 행정고시 44회로 공직에 입문했다. 이후 교육부 창조행정담당관, 혁신행정담당관, 운영지원과장, 장관실 비서실장, 부경대 사무국장, 중앙교육연수원장...",2026-09-27 13:08,https://www.news1.kr/local/sejong-chungbuk/6302294,https://n.news.naver.com/mnews/article/421/0009193311?sid=102
고려대학교,메트로신문,"서연고 자연계 중도탈락, 인문계의 2배…""의대 쏠림 여파""","고려대에서는 생명과학대학 44명, 생명공학부 43명, 전기전자공학부 36명 등이 중도탈락했다. 인문계열에서는 대학별로 경영·경제 등 주요 상경계열을 중심으로 중도탈락자가 발생했다. 고려대 경영학과가...",2026-09-27 13:08,http://www.metroseoul.co.kr/article/20260927500113,http://www.metroseoul.co.kr/article/20260927500113
연세대학교,메트로신문,"서연고 자연계 중도탈락, 인문계의 2배…""의대 쏠림 여파""","서연고 중도탈락자수./종로학원 대학별 전체 중도탈락자는 고려대 836명, 연세대 801명, 서울대 375명 순으로 나타났다. 세부 학과별로는 연세대 공학계열에서 중도탈락자가 132명으로 가장 많았다. 이어 연세대...",2026-09-27 13:08,http://www.metroseoul.co.kr/article/20260927500113,http://www.metroseoul.co.kr/article/20260927500113
서울대학교,메트로신문,"서연고 자연계 중도탈락, 인문계의 2배…""의대 쏠림 여파""",/종로학원 서울대·연세대·고려대(서연고)에서 중도 탈락한 학생 중 자연계열 비중이 인문계열의 약... 종로학원은 서울 상위권 대학 자연계열 학생들의 중도탈락 증가 배경으로 의대 정원 확대에 따른...,2026-09-27 13:08,http://www.metroseoul.co.kr/article/20260927500113,http://www.metroseoul.co.kr/article/20260927500113
서울대학교,경남도민일보,진주 예술인과 어르신이 펼치는 음악 앙상블,서울대와 한국예술종합학교 출신 진주지역 청년들로 구성된 국내 유일의 색소폰 전문 청년예술단체 '코리아 색소폰 콰이어'는 10월 2일 오전 10시 30분 진주 숲속재활어르신학교에서 '마을음악 상설무대 - 숲속에서...,2026-09-27 13:00,https://www.idomin.com/news/articleView.html?idxno=2015717,https://www.idomin.com/news/articleView.html?idxno=2015717
고려대학교,매일일보,"K-수출 반도체 쏠림 심화…""제2·3 수출축 키워야""","최병호 고려대 AI연구소 교수는 메모리 수요가 데이터센터 밖으로 확산할 가능성에 주목했다. 최 교수는 ""AI 메모리시장은 아직 개화 단계""라며 ""현재는 데이터센터가 중심이지만 앞으로 휴대전화와 피지컬 AI, 모빌리티...",2026-09-27 13:00,https://www.m-i.kr/news/articleView.html?idxno=1417489,https://www.m-i.kr/news/articleView.html?idxno=1417489
서울대학교,이데일리,"베이스 김지훈, 英 길드홀 음악연극학교 교수 임용…한국인 최초","서울대 성악과를 수석으로 졸업한 김지훈은 이탈리아 밀라노 주세페 베르디 음악원을 최우수 성적으로... 웨일스 내셔널 오페라와 이스라엘 오페라 등 유럽 주요 무대에서 공연했고 런던 필하모닉 오케스트라, 서울시립...",2026-09-27 12:49,https://www.edaily.co.kr/News/Read?newsId=01502246645584384&mediaCodeNo=257&utm_source=naver&utm_medium=referral&utm_campaign=news_syndication&utm_content=original_article,https://n.news.naver.com/mnews/article/018/0006375881?sid=103
고려대학교,JTBC,"영탁 '꺾어'로 지상파 음악방송 1위 “생각지도 못해, 영블스 덕분”","영탁은 단독 콘서트 'TAK SHOW5'로 앨범의 열기를 이어간다. 내달 3일부터 5일까지 서울 고려대학교 화정체육관에서 개최된다. 서울 공연을 시작으로 전주, 대구, 인천, 부산 공연을 펼친다.",2026-09-27 12:41,https://news.jtbc.co.kr/article/NB12320139?influxDiv=NAVER,https://m.entertain.naver.com/article/437/0000512876
연세대학교,KOOKBANG,"서구 열강, 단 한 발자국도 밟지 못한… 바다에 솟구친 천연 요새",필자 이내주는 육군사관학교 군사사학과 명예교수이자 한국군사문제연구원 객원연구위원으로 영국 근현대사와 군사사를 전공했다. 현재 연세대학교 사학과 객원교수로 활동하고 있다.,2026-09-27 12:26,https://kookbang.dema.mil.kr/newsWeb/20260928/1/ATCE_CTGR_0020010027/view.do,https://kookbang.dema.mil.kr/newsWeb/20260928/1/ATCE_CTGR_0020010027/view.do
서울대학교,ATSTAR1,"박명수, 신동엽 이어 '무용 전공 딸' 자랑…한예종 수시 합격","2008년생 박명수의 딸에 앞서 신동엽 선혜윤 부부도 지난해 딸의 대학교 입학 소식을 자랑한 바 있다. 신동엽 딸은 2007년생으로 선화예중, 선화예고를 졸업해 서울대학교 체육교육과, 한예종 무용원 발레 전공으로 모두...",2026-09-27 12:23,http://www.atstar1.com/news/articleView.html?idxno=6039003,https://m.entertain.naver.com/article/415/0000052260
연세대학교,JOSEILBO,"전공의 복귀했지만…피부과 일반의 571명→1022명, 정형외과도 2배","27일 이상규 연세대 의대 예방의학교실 교수 연구팀이 최근 대한의학회 국제학술지(JKMS)에 게재한 연구에 따르면, 건강보험심사평가원 의료기관 통계를 분석한 결과 2026년 3월 기준 피부과 의원에 근무하는...",2026-09-27 12:21,http://www.joseilbo.com/news/news_read.php?uid=576370&class=33&grp=,https://n.news.naver.com/mnews/article/123/0002390855?sid=102
서울대학교,한국경제TV,"""서울대도 그만둡니다""…SKY 매년 2천명 떠나는 이유",서울대·연세대·고려대를 다니다 중도에 그만둔 학생이 5년간 1만명이 넘는 것으로 나타났다. 종로학원이 27일 대학알리미 공시자료를 분석한 결과에 따르면 2021년부터 작년까지 서울대·연세대·고려대의...,2026-09-27 12:06,http://www.wowtv.co.kr/NewsCenter/News/Read?articleId=A202609270030&t=NN,https://n.news.naver.com/mnews/article/215/0001267272?sid=102
연세대학교,한국경제TV,"""서울대도 그만둡니다""…SKY 매년 2천명 떠나는 이유","종로학원이 27일 대학알리미 공시자료를 분석한 결과에 따르면 2021년부터 작년까지 서울대·연세대·고려대의 중도탈락자는 모두 1만736명이다. 2021년 1천971명에서 2022년 2천131명, 2023년 2천126명, 2024명...",2026-09-27 12:06,http://www.wowtv.co.kr/NewsCenter/News/Read?articleId=A202609270030&t=NN,https://n.news.naver.com/mnews/article/215/0001267272?sid=102
서울대학교,중앙일보,노벨문학상 D-11…하루키와 찬쉐 외에 하버드 석학은 두 작가 꼽았다,최근 서울대 서어서문학과 교수에서 정년퇴임한 클라우디아 마시아스는 중앙일보에 “파격적이고 혁신적인 문체와 장르를 넘나드는 글쓰기가 그녀의 비판적인 시선과 결합되면서 평단의 주목을 끌었다”고 설명했다....,2026-09-27 12:06,https://www.joongang.co.kr/article/25464951,https://n.news.naver.com/mnews/article/025/0003553936?sid=103
고려대학교,한국경제TV,"""서울대도 그만둡니다""…SKY 매년 2천명 떠나는 이유","종로학원이 27일 대학알리미 공시자료를 분석한 결과에 따르면 2021년부터 작년까지 서울대·연세대·고려대의 중도탈락자는 모두 1만736명이다. 2021년 1천971명에서 2022년 2천131명, 2023년 2천126명, 2024명...",2026-09-27 12:06,http://www.wowtv.co.kr/NewsCenter/News/Read?articleId=A202609270030&t=NN,https://n.news.naver.com/mnews/article/215/0001267272?sid=102
서울대학교,CHUNGNAMILBO,기숙사비 카드납부 대학 15% 그쳐… 대전 사립대 9곳 가상계좌,"충남대학교 학생생활관 전경. 사진은 충남대 홈페이지 갈무리. 기숙사비 목돈 부담을 덜기 위해... 304명, 서울교대 295명 등 순이었다. 분할납부는 서울대 5608명, 전북대 2532명, 충남대 2089명 등에 이용자가...",2026-09-27 12:02,http://www.chungnamilbo.co.kr/news/articleView.html?idxno=911734,http://www.chungnamilbo.co.kr/news/articleView.html?idxno=911734
고려대학교,스포츠동아,"영탁 ‘꺾어’, ‘뮤직뱅크’ K-차트 1위…결방 속 정상 등극","서울 공연은 오는 10월 3일부터 5일까지 고려대학교 화정체육관에서 열리며, 이후 전주(10월 24~25일), 대구(11월 28~29일), 인천(12월 19~20일), 부산(내년 1월 16~17일) 순으로 전국 5개 도시 일정을 이어간다.",2026-09-27 12:01,https://sports.donga.com/ent/article/all/20260927/134736309/1,https://m.entertain.naver.com/article/382/0001295851
서울대학교,조선일보,공주 드레스 입고 수어 인사… 베트남서 터진 ‘한국어 열전’,"대한민국대사배 한국어 말하기대회 가보니… 94개 기관 참가 역대 최대 역대 수상자 서울대·삼성전자... 2022년 수상자 하 투 호아이는 현재 삼성전자에서 통역 업무를 하고 있고, 2023년 수상자 레 투이 짱은 서울대...",2026-09-27 12:01,https://www.chosun.com/international/international_general/2026/09/27/PYYFN4GDG5DBRN3ZSWAQF4RVGQ/?utm_source=naver&utm_medium=referral&utm_campaign=naver-news,https://n.news.naver.com/mnews/article/023/0004000536?sid=104
서울대학교,전자신문,"'포켓몬고 매각' 나이언틱, 공간지능 기반 피지컬 AI 확산…韓 협업 시...",조 수 대표는 “한국은 오랜 제조 강국 역사와 하드웨어·소프트웨어에서도 강점이 있고 KAIST·서울대 소속 훌륭한 연구진 등 차세대 인재가 양성되고 있다”며 “초기 AI 혁명이 언어였다면 물리적 이해가 필요한...,2026-09-27 12:01,https://www.etnews.com/20260927000055,https://n.news.naver.com/mnews/article/030/0003470049?sid=105
서울대학교,CHUNGNAMILBO,세종시 배일권 행정부시장 취임,배일권 신임 행정부시장은 1972년 서울 출생으로 서울대학교 사회학과를 졸업하고 서울대와 미국 시라큐스대학교 대학원에서 행정학 석사학위를 취득했다. 그는 제42회 행정고시에 합격해 1999년 공직 입문 후 행정안전부...,2026-09-27 11:58,http://www.chungnamilbo.co.kr/news/articleView.html?idxno=911755,http://www.chungnamilbo.co.kr/news/articleView.html?idxno=911755
서울대학교,뉴시스,"베이스 김지훈, 한국인 첫 英 길드홀 음악연극학교 교수됐다","서울대 성악과를 수석으로 졸업한 김지훈은 오스트리아 페루초 탈리아비니 국제콩쿠르와 이탈리아 줄리오... 웨일스 내셔널 오페라와 이스라엘 오페라 등 유럽 주요 무대에 올랐고, 런던 필하모닉 오케스트라와 서울시...",2026-09-27 11:55,https://www.newsis.com/view/NISX20260927_0003804163,https://n.news.naver.com/mnews/article/003/0014215347?sid=103
연세대학교,베타뉴스,"[김찬 칼럼] 연세대 학생부종합전형 국제인재, 면접관이 없는 면접","연세대 국제인재 전형의 면접장에는 면접관이 없다. 지원자는 영어로 된 제시문 두 편을 8분 동안 읽고... 같은 단과대학에 이름이 비슷한 전형이 하나 더 있다. 그쪽은 영어 제시문을 읽되 답변은 한국어로 하고, 출제...",2026-09-27 11:54,https://www.betanews.net/article/view/beta202609160094,https://www.betanews.net/article/view/beta202609160094
서울대학교,DOMIN,"2026 미주총연의 밤' 행사 성료, 서정일 회장 긴밀 연대 강조.","서정일 미주한인회총연합회 제31대 총회장 기조연설에 나선 김범수 서울대 통일평화연구원장은 ""여러분은 민간외교관""이라며, ""한 자리에서 뵙게 돼 기쁘다""고 말한 뒤, 실질적 투표권에 대해 설명했다. 김 원장은 ""여러...",2026-09-27 11:52,http://www.domin.co.kr/news/articleView.html?idxno=1570056,http://www.domin.co.kr/news/articleView.html?idxno=1570056
서울대학교,SLIST,"베이스 김지훈, 한국인 첫 英길드홀 음악연극학교 교수 임용",서울대 성악과를 수석으로 졸업한 김지훈은 이탈리아 밀라노 주세페 베르디 음악원(Conservatorio Giuseppe Verdi)을 최우수 성적으로 조기 졸업한 뒤 주로 영국과 유럽에서 활동하고 있는 성악가다. 김지훈은...,2026-09-27 11:46,https://www.slist.kr/news/articleView.html?idxno=768999,https://www.slist.kr/news/articleView.html?idxno=768999
서울대학교,DENTALNEWS,"부산대치전원, 2026 종합학술대회 성료","임플란트·보철·근관·AI 영상진단 등 폭넓은 주제 다뤄 부산대학교치의학전문대학원(원장 김성식·이하... 학술대회에는 부산대치전원은 물론이고 서울대치의학대학원, 경희치대, 강원치대 등 교수진과 개원의 등 총...",2026-09-27 11:44,https://www.dentalnews.or.kr/news/article.html?no=48249,https://www.dentalnews.or.kr/news/article.html?no=48249
고려대학교,스포츠월드,"영탁, ‘꺾어’로 ‘뮤직뱅크’ 1위…팬들에게 가장 먼저 전한 말은?","‘TAK SHOW5’는 오는 10월 3일부터 5일까지 서울 고려대학교 화정체육관에서 열린다. 이후 10월 24~25일 전주, 11월 28~29일 대구, 12월 19~20일 인천, 내년 1월 16~17일 부산에서 공연을 이어간다.",2026-09-27 11:42,https://www.sportsworldi.com/newsView/20260927504837,https://m.entertain.naver.com/article/396/0000756399
서울대학교,국민일보,최재천 교수가 바라본 ‘AI 시대 공존’… 29일 호남대서 강연,"두 번째 강연은 오는 10월 13일 서울대학교 김헌 교수를 초청해 ‘인공지능이 채울 수 없는 결핍, 고전의 지혜’를 주제로 진행된다. 같은 달 27일 열리는 세 번째 강연에선 경희대학교 염운옥 교수가 ‘다양성이 힘이...",2026-09-27 11:28,https://www.kmib.co.kr/article/view.asp?arcid=9000017422&cp=nv,https://n.news.naver.com/mnews/article/005/0001875130?sid=102
연세대학교,NEWS2DAY,"[취준생을 위하여(315)] 한전KPS, 고장 전에 ‘AI 예측정비’ 지향…필요...","2026년 4월에는 한국남부발전·연세대학교와 다양한 발전설비에 적용할 수 있는 범용 AI 이상탐지 모델 개발에 착수했다. 남부발전은 실제 운전 데이터와 실증환경, 연세대는 AI 알고리즘, 한전KPS는 고장 분석과 정비...",2026-09-27 11:24,https://www.news2day.co.kr/article/20260923500013,https://www.news2day.co.kr/article/20260923500013
연세대학교,조선비즈,전공의 집단 사직 후 ‘피부과 일반의’ 급증…의정갈등에 의료인력 변...,"27일 의료계에 따르면 이상규 연세대 의대 예방의학교실 교수가 건강보험심사평가원 자료를 활용해 전공의 집단사직 전후 일반의 분포를 분석한 결과, 이 같은 변화가 확인됐다. 연구 결과는 대한의학회지...",2026-09-27 11:22,https://biz.chosun.com/science-chosun/medicine-health/2026/09/27/LUXJO6OB7JBIRGJO7QWZGPGMKI/?utm_source=naver&utm_medium=original&utm_campaign=biz,https://n.news.naver.com/mnews/article/366/0001194553?sid=105
고려대학교,스포츠서울,"‘뮤뱅’ 1위 영탁 “영블스 고마워요, 덕분입니다”","음악방송 정상에 오른 영탁은 단독 콘서트 ‘탁 쇼5(TAK SHOW5)’로 열기를 이어간다. 이번 전국투어는 오는 10월 3일부터 5일까지 서울 고려대학교 화정체육관에서 시작해 전주, 대구, 인천, 부산으로 이어진다.",2026-09-27 11:19,https://www.sportsseoul.com/news/read/1637710?ref=naver,https://m.entertain.naver.com/article/468/0001268889
고려대학교,PPSS,[의학칼럼] 당뇨병은 어떻게 우리몸에 찾아오는가,"고려대학교 안산병원 내분비내과 이다영 교수는 한 매체 인터뷰에서 ""인슐린 저항성은 쉽게 말해... 국내 연구로는 아주대학병원 내분비대사내과 김대중 교수·하경화 연구조교수팀이 국민건강보험공단 코호트...",2026-09-27 11:16,https://www.ppss.kr/news/articleView.html?idxno=312540,https://www.ppss.kr/news/articleView.html?idxno=312540
고려대학교,아시아경제,"""SKY 타이틀보단 의사, 지방의대라도 갈래요""…1만 명 짐 쌌다","최근 5년간 서울대·연세대·고려대, 이른바 'SKY 대학'에 다니다가 중도탈락한 학생이 1만명이 넘는 것으로 나타났다. 27일 종로학원 분석 결과에 따르면 2021년부터 작년까지 서울대·연세대·고려대의...",2026-09-27 11:11,https://view.asiae.co.kr/article/2026092711080624226,https://n.news.naver.com/mnews/article/277/0005821104?sid=102
서울대학교,아시아경제,"""SKY 타이틀보단 의사, 지방의대라도 갈래요""…1만 명 짐 쌌다","최근 5년간 서울대·연세대·고려대, 이른바 'SKY 대학'에 다니다가 중도탈락한 학생이 1만명이 넘는 것으로 나타났다. 27일 종로학원 분석 결과에 따르면 2021년부터 작년까지 서울대·연세대·고려대의...",2026-09-27 11:11,https://view.asiae.co.kr/article/2026092711080624226,https://n.news.naver.com/mnews/article/277/0005821104?sid=102
연세대학교,아시아경제,"""SKY 타이틀보단 의사, 지방의대라도 갈래요""…1만 명 짐 쌌다","최근 5년간 서울대·연세대·고려대, 이른바 'SKY 대학'에 다니다가 중도탈락한 학생이 1만명이 넘는 것으로 나타났다. 27일 종로학원 분석 결과에 따르면 2021년부터 작년까지 서울대·연세대·고려대의...",2026-09-27 11:11,https://view.asiae.co.kr/article/2026092711080624226,https://n.news.naver.com/mnews/article/277/0005821104?sid=102
서울대학교,연합뉴스,"베이스 김지훈, 한국인 첫 英 길드홀 음악연극학교 교수 임용",서울대 성악과를 수석으로 졸업한 김지훈은 이탈리아 밀라노 주세페 베르디 음악원(Conservatorio Giuseppe Verdi)을 최우수 성적으로 조기 졸업한 뒤 주로 영국과 유럽에서 활동하고 있는 성악가다. 김지훈은...,2026-09-27 11:10,https://www.yna.co.kr/view/AKR20260927021700005?input=1195m,https://n.news.naver.com/mnews/article/001/0016338099?sid=103
서울대학교,머니투데이,"""서울대도 그만둔다""…의대 가려고 SKY 5년간 1만명 떠났다",최근 5년간 서울대·연세대·고려대 등 이른바 'SKY 대학'에 다니다 중도 탈락한 학생이 1만명을 넘어선... 27일 종로학원이 대학알리미 대학별 중도 탈락자 공시자료를 분석한 결과에 따르면 2021~2025년 서울대...,2026-09-27 11:07,https://www.mt.co.kr/policy/2026/09/27/2026092709534182085,https://n.news.naver.com/mnews/article/008/0005418634?sid=102
고려대학교,머니투데이,"""서울대도 그만둔다""…의대 가려고 SKY 5년간 1만명 떠났다","최근 5년간 서울대·연세대·고려대 등 이른바 'SKY 대학'에 다니다 중도 탈락한 학생이 1만명을 넘어선 것으로 나타났다. 지난해 이들 3개 대학 중도탈락자 중 5명 중 3명 이상은 자연계열 학생으로, 상위권 대학...",2026-09-27 11:07,https://www.mt.co.kr/policy/2026/09/27/2026092709534182085,https://n.news.naver.com/mnews/article/008/0005418634?sid=102
연세대학교,머니투데이,"""서울대도 그만둔다""…의대 가려고 SKY 5년간 1만명 떠났다","최근 5년간 서울대·연세대·고려대 등 이른바 'SKY 대학'에 다니다 중도 탈락한 학생이 1만명을 넘어선 것으로 나타났다. 지난해 이들 3개 대학 중도탈락자 중 5명 중 3명 이상은 자연계열 학생으로, 상위권 대학...",2026-09-27 11:07,https://www.mt.co.kr/policy/2026/09/27/2026092709534182085,https://n.news.naver.com/mnews/article/008/0005418634?sid=102
고려대학교,스포티비뉴스,"영탁, 결방 '뮤직뱅크'서 정상 등극 ""생각지도 못했던 음악방송 1위""","오는 10월 3일부터 5일까지 서울 고려대학교 화정체육관에서 개최되는 서울 공연을 시작으로 10월 24~25일 전주, 11월 28~29일 대구, 12월 19~20일 인천, 내년 1월 16~17일 부산으로 이어진다.",2026-09-27 11:06,https://www.spotvnews.co.kr/news/articleView.html?idxno=1009798,https://m.entertain.naver.com/article/477/0000630162
연세대학교,TJB,'SKY' 다니다 만 학생 5년간 1만736명...의대로 재입학?,"고대 로고 서울 주요 3개 대학의 강의실이 해마다 2천 석씩 비어가고 있습니다. 서울대와 연세대, 고려대를 다니다 학교를 떠난 중도탈락 학생이 최근 5년간 1만736명으로 집계됐습니다. 종로학원이 27일...",2026-09-27 11:04,https://www.tjb.co.kr/news05/bodo/view/id/104094,https://www.tjb.co.kr/news05/bodo/view/id/104094
서울대학교,TJB,'SKY' 다니다 만 학생 5년간 1만736명...의대로 재입학?,"2025년 이탈 2천12명 중 자연계 64.5%, 의대·상위권 재입학 추정 2027학년도 지역의사제 도입 시 지방 출신 이탈 확대 전망 서울대.연대.고대 로고 서울 주요 3개 대학의 강의실이 해마다 2천 석씩 비어가고 있습니다....",2026-09-27 11:04,https://www.tjb.co.kr/news05/bodo/view/id/104094,https://www.tjb.co.kr/news05/bodo/view/id/104094
고려대학교,TJB,'SKY' 다니다 만 학생 5년간 1만736명...의대로 재입학?,"고대 로고 서울 주요 3개 대학의 강의실이 해마다 2천 석씩 비어가고 있습니다. 서울대와 연세대, 고려대를 다니다 학교를 떠난 중도탈락 학생이 최근 5년간 1만736명으로 집계됐습니다. 종로학원이 27일...",2026-09-27 11:04,https://www.tjb.co.kr/news05/bodo/view/id/104094,https://www.tjb.co.kr/news05/bodo/view/id/104094
고려대학교,KBS,종로학원 “서울대·연대·고대 다니다 그만둔 학생 5년간 만 명 넘어”,"종로학원은 대학알리미 공시 자료를 분석해, 2021년부터 지난해까지 5년 동안 서울대와 연세대·고려대 학생 가운데 ‘중도탈락자’가 모두 1만 736명으로 나타났다고 오늘(27일) 밝혔습니다. 중도탈락자는 학교에...",2026-09-27 11:04,https://news.kbs.co.kr/news/pc/view/view.do?ncd=8672046&ref=A,https://n.news.naver.com/mnews/article/056/0012263659?sid=102
서울대학교,KBS,종로학원 “서울대·연대·고대 다니다 그만둔 학생 5년간 만 명 넘어”,"학교별로 중도탈락자 규모를 보면 고려대학교가 836명으로 가장 많았고, 연세대가 801명, 서울대가 375명이었다고 설명했습니다. 또 자연계 비중이 매년 60% 이상을 차지해 높게 나타났다고 밝혔습니다. 종로학원은...",2026-09-27 11:04,https://news.kbs.co.kr/news/pc/view/view.do?ncd=8672046&ref=A,https://n.news.naver.com/mnews/article/056/0012263659?sid=102
연세대학교,KBS,종로학원 “서울대·연대·고대 다니다 그만둔 학생 5년간 만 명 넘어”,"종로학원은 대학알리미 공시 자료를 분석해, 2021년부터 지난해까지 5년 동안 서울대와 연세대·고려대... 학교별로 중도탈락자 규모를 보면 고려대학교가 836명으로 가장 많았고, 연세대가 801명, 서울대가...",2026-09-27 11:04,https://news.kbs.co.kr/news/pc/view/view.do?ncd=8672046&ref=A,https://n.news.naver.com/mnews/article/056/0012263659?sid=102
고려대학교,중앙일보,"“서울대도 그만둔다”…‘SKY’ 뛰쳐나간 학생 1만명, 무슨 일","지난해 대학별 중도 탈락자는 고려대가 836명으로 가장 많았다. 연세대 801명, 서울대 375명이 뒤를 이었다. 계열별로는 자연계열 학생의 이탈이 두드러졌다. 지난해 3개 대학 중도 탈락자 가운데 자연계열은...",2026-09-27 11:02,https://www.joongang.co.kr/article/25464943,https://n.news.naver.com/mnews/article/025/0003553929?sid=102
연세대학교,중앙일보,"“서울대도 그만둔다”…‘SKY’ 뛰쳐나간 학생 1만명, 무슨 일","지난해 대학별 중도 탈락자는 고려대가 836명으로 가장 많았다. 연세대 801명, 서울대 375명이 뒤를 이었다. 계열별로는 자연계열 학생의 이탈이 두드러졌다. 지난해 3개 대학 중도 탈락자 가운데 자연계열은...",2026-09-27 11:02,https://www.joongang.co.kr/article/25464943,https://n.news.naver.com/mnews/article/025/0003553929?sid=102
연세대학교,NEWSGN,"함안문화예술회관, 9월 하우스콘서트 선보여","비브라폰 연주자 우리는 예원학교와 서울예술고등학교, 연세대학교 음악대학 및 동 대학원을 졸업했으며, 대한민국 타악기 콩쿠르 최우수상 등 주요 콩쿠르에서 수상했다. 또 서울시립교향악단, 한경아르떼(arte)...",2026-09-27 11:02,https://www.newsgn.com/news/articleView.html?idxno=576026,https://www.newsgn.com/news/articleView.html?idxno=576026
서울대학교,중앙일보,"“서울대도 그만둔다”…‘SKY’ 뛰쳐나간 학생 1만명, 무슨 일",2021~2025년 중도탈락자 1만736명…종로학원 “의학계열 재입학 등 영향” 서울대·연세대·고려대에서... 27일 종로학원이 대학알리미의 대학별 중도 탈락자 공시자료를 분석한 결과 2021~2025년 서울대·연세대...,2026-09-27 11:02,https://www.joongang.co.kr/article/25464943,https://n.news.naver.com/mnews/article/025/0003553929?sid=102
고려대학교,노컷뉴스,"영탁 '꺾어' 지상파 음악방송 깜짝 1위…""생각도 못했다""","영탁은 다음달 3일부터 5일까지 서울 고려대학교 화정체육관에서 단독 콘서트 'TAK SHOW5'를 연다. 이 콘서트는 다음달 24~25일 전주, 11월 28~29일 대구, 12월 19~20일 인천, 내년 1월 16~17일 부산으로 이어진다.",2026-09-27 11:01,https://www.nocutnews.co.kr/news/6583392?utm_source=naver&utm_medium=article&utm_campaign=20260927110021,https://m.entertain.naver.com/article/079/0004193034
고려대학교,NBNTV,'아크메르 동탄' 10월 분양 예정…1808세대 대단지 조성,동탄지역에서는 대형 의료시설 건립도 추진되고 있다. 고려대학교 의료원은 지난 3월 동탄을 제4병원 입지로 확정했다. 계획에 따르면 고려대 동탄병원은 700병상 규모의 종합병원으로 추진된다.,2026-09-27 11:00,https://www.nbntv.co.kr/news/articleView.html?idxno=4025274,https://www.nbntv.co.kr/news/articleView.html?idxno=4025274
고려대학교,IKOREANSPIRIT,이야기를 담은 풍성한 우리 소리의 향연,"강의와 해설은 현재 고려대 한국학연구소 연구교수로 재직 중이며 판소리학회 부회장을 겸하고 있는 이태화... 김원균명칭평양음악대학을 졸업했다. 금강산가극단 민족관현악단 악장을 역임했으며, 2016년 '2.16예술상...",2026-09-27 10:56,http://www.ikoreanspirit.com/news/articleView.html?idxno=87445,http://www.ikoreanspirit.com/news/articleView.html?idxno=87445
연세대학교,LIVESNEWS,"인천 바이오, 생산기지 넘어 ‘혁신·사업화 허브’로…산학연관 연계 ...","이날 주제발표를 맡은 남궁완 연세대학교 약학과 교수는 인천이 이미 확보한 대규모 바이오 생산기반을... 김재춘 인천테크노파크 바이오탄소제로본부 바이오센터장, 박경민 인천대학교 생명공학부 교수, 이재선...",2026-09-27 10:56,https://www.livesnews.com/news/article.html?no=64522,https://www.livesnews.com/news/article.html?no=64522
고려대학교,NAMDONEWS,"광주동부교육지원청, 조선미 교수 초청 '학교폭력 예방 소통 라이브'","조 교수는 고려대학교 심리학과와 동 대학원에서 심리학을 전공했으며, 현재 아주대학교 의과대학 정신건강의학과에서 후학을 양성하고 있다. 한국임상심리학회 전문가 수련위원회 위원장과 한국심리학회 회원 등으로...",2026-09-27 10:50,https://www.namdonews.com/news/articleView.html?idxno=924436,https://www.namdonews.com/news/articleView.html?idxno=924436
서울대학교,이데일리,AI 인재 77% 국내에 남았다…KAIST 글로벌 3위,"KAIST는 이번 AI 연구자 소속기관 순위에서 3위까지 올라섰고 서울대도 20위에 진입했다. 하지만 세계... 서울대도 21.7점으로 20위에 올랐다. 21위 마이크로소프트(20.9점), 22위 프린스턴대(20.4점), 23위 하버드대(20....",2026-09-27 10:43,https://www.edaily.co.kr/News/Read?newsId=01357926645584384&mediaCodeNo=257&utm_source=naver&utm_medium=referral&utm_campaign=news_syndication&utm_content=original_article,https://n.news.naver.com/mnews/article/018/0006375839?sid=105
연세대학교,매일경제,“서울대 들어갔지만 미련 없이 관둡니다”…서연고 중도탈락자 매년 2...,"특히 연세대·고려대 등 상위권 대학 자연계 학생이 서울대 또는 의학계열로 이동하거나, 서울대 자연계 학생이 의대 진학을 위해 재입학을 선택하는 흐름이 있을 수 있다는 분석이다. 이들 3개 대학의...",2026-09-27 10:41,https://www.mk.co.kr/article/12161802,https://n.news.naver.com/mnews/article/009/0005740215?sid=102
서울대학교,매일경제,“서울대 들어갔지만 미련 없이 관둡니다”…서연고 중도탈락자 매년 2...,서울대·연세대·고려대에 입학하고도 학교를 떠나는 학생이 매년 2000명 안팎에 달하는 것으로... 27일 종로학원이 대학알리미 공시자료를 분석한 결과 2021~2025년 서울대·연세대·고려대의 중도탈락자는 총...,2026-09-27 10:41,https://www.mk.co.kr/article/12161802,https://n.news.naver.com/mnews/article/009/0005740215?sid=102
고려대학교,매일경제,“서울대 들어갔지만 미련 없이 관둡니다”…서연고 중도탈락자 매년 2...,"특히 연세대·고려대 등 상위권 대학 자연계 학생이 서울대 또는 의학계열로 이동하거나, 서울대 자연계 학생이 의대 진학을 위해 재입학을 선택하는 흐름이 있을 수 있다는 분석이다. 이들 3개 대학의...",2026-09-27 10:41,https://www.mk.co.kr/article/12161802,https://n.news.naver.com/mnews/article/009/0005740215?sid=102
고려대학교,MHNSE,"""생각지도 못한 결과""… 영탁, '뮤직뱅크' K차트 1위→지상파 정상 차지...","이번 공연은 오는 10월 3일부터 5일까지 서울 고려대학교 화정체육관에서 열리며, 10월 24~25일 전주, 11월 28~29일 대구, 12월 19~20일 인천을 거쳐 내년 1월 16~17일 부산으로 이어진다. 1983년생으로 올해 43세인 영탁은...",2026-09-27 10:39,https://mhnse.com/news/articleView.html?idxno=1560608,https://m.entertain.naver.com/article/445/0000468621
서울대학교,헤럴드경제,"‘서울대, 연·고대 붙어도 의대 가려 자퇴합니다’ 중도탈락 5년간 1만...",서울대·연세대·고려대를 다니다가 중도탈락한 학생이 5년간 1만명이 넘는 것으로 나타났다. 종로학원이 27일 대학알리미 공시자료를 분석한 결과에 따르면 2021년부터 작년까지 서울대·연세대·고려대의...,2026-09-27 10:37,https://biz.heraldcorp.com/article/10885150?ref=naver,https://n.news.naver.com/mnews/article/016/0002702135?sid=102
연세대학교,헤럴드경제,"‘서울대, 연·고대 붙어도 의대 가려 자퇴합니다’ 중도탈락 5년간 1만...","종로학원이 27일 대학알리미 공시자료를 분석한 결과에 따르면 2021년부터 작년까지 서울대·연세대·고려대의 중도탈락자는 모두 1만736명이다. 2021년 1971명에서 2022년 2131명, 2023년 2천126명, 2024명 2496명으로...",2026-09-27 10:37,https://biz.heraldcorp.com/article/10885150?ref=naver,https://n.news.naver.com/mnews/article/016/0002702135?sid=102
고려대학교,헤럴드경제,"‘서울대, 연·고대 붙어도 의대 가려 자퇴합니다’ 중도탈락 5년간 1만...","연세대는 언더우드학부 38명, 글로벌인재학부 31명, 경영계열 25명이고 고려대에서는 경영학과 48명, 경제학과 24명, 미디어학부 17명이다. 작년 3개 대학 중도탈락자의 64.5%(1297명)는 자연계이고 인문계는 32.5...",2026-09-27 10:37,https://biz.heraldcorp.com/article/10885150?ref=naver,https://n.news.naver.com/mnews/article/016/0002702135?sid=102
연세대학교,스포츠조선,"이러니까 모두 이현중, 이현중, 이현중 외친다...후배들 '롤모델' 선언에...","26일 일본 나고야에 마련된 코리아하우스에서 열린 2026년 아이치-나고야 아시안게임 메달리스트 기자회견, 이주영과 김승우(이상 연세대), 이동근(고려대), 구민교(성균관대)까지 네 명의 3X3 대표팀 선수들은 롤모델로...",2026-09-27 10:35,https://www.sportschosun.com/sports-news/2026-09-27/202609270100176450011651,https://m.sports.naver.com/basketball/article/076/0004449986
고려대학교,스포츠조선,"이러니까 모두 이현중, 이현중, 이현중 외친다...후배들 '롤모델' 선언에...","26일 일본 나고야에 마련된 코리아하우스에서 열린 2026년 아이치-나고야 아시안게임 메달리스트 기자회견, 이주영과 김승우(이상 연세대), 이동근(고려대), 구민교(성균관대)까지 네 명의 3X3 대표팀 선수들은 롤모델로...",2026-09-27 10:35,https://www.sportschosun.com/sports-news/2026-09-27/202609270100176450011651,https://m.sports.naver.com/basketball/article/076/0004449986
고려대학교,NC,"영탁, '꺾어'로 '뮤직뱅크' 1위...""영블스 덕분""","영탁의 단독 콘서트 'TAK SHOW5'는 오는 10월 3일부터 5일까지 서울 고려대학교 화정체육관에서 열린다. 이후 10월 24~25일 전주, 11월 28~29일 대구, 12월 19~20일 인천, 2027년 1월 16~17일 부산에서 공연을 이어간다. 한편...",2026-09-27 10:32,https://www.nc.press/news/articleView.html?idxno=627248,https://www.nc.press/news/articleView.html?idxno=627248
고려대학교,텐아시아,"아이돌 점령 시대에 이게 무슨 일…영탁, 지상파 음악방송 1위→결방 아...","영탁은 오는 10월 3일부터 5일까지 서울 고려대학교 화정체육관에서 단독 콘서트 'TAK SHOW5'를 개최한다. 이후 10월 24~25일 전주, 11월 28~29일 대구, 12월 19~20일 인천, 내년 1월 16~17일 부산에서 공연을 이어간다.",2026-09-27 10:30,https://www.tenasia.co.kr/article/2026092771994,https://m.entertain.naver.com/article/312/0000777664
고려대학교,한국경제,"""전기료 年 2억 아낀다""…고려대, 연구실 758곳 전수진단","고려대 현송SDG연구소가 교내 공과대학 연구실의 전력 사용 데이터를 분석한 결과, 별도의 설비 투자 없이 운영 방식만 개선해도 전력 사용량을 최대 10.9% 줄일 수 있는 것으로 나타났다. 연간 약 2억원의 전기요금을...",2026-09-27 10:29,https://www.hankyung.com/article/202609277211i,https://n.news.naver.com/mnews/article/015/0005336222?sid=102
고려대학교,스포츠서울,"“생각지도 못했다” 영탁, ‘꺾어’로 ‘뮤직뱅크’ 1위…37만 장 이어...","음원과 음반, 방송까지 존재감을 확장한 영탁은 오는 10월 3일부터 5일까지 서울 고려대 화정체육관에서 ‘TAK SHOW5’의 포문을 연다. 이후 전주, 대구, 인천, 부산으로 전국투어를 이어간다.",2026-09-27 10:26,https://www.sportsseoul.com/news/read/1637697?ref=naver,https://m.entertain.naver.com/article/468/0001268881
연세대학교,서울경제,5년간 ‘SKY대’ 1만명 떠났다…중도탈락 60%가 자연계,"최근 5년간 서울대·연세대·고려대 등 이른바 ‘SKY 대학’에 다니다 중도 탈락한 학생이 1만 명을 넘어선 것으로 나타났다. 지난해 이들 3개 대학 중도탈락자 10명 중 6명 이상은 자연계열 학생으로, 상당수가...",2026-09-27 10:14,https://www.sedaily.com/article/20095118?ref=naver,https://n.news.naver.com/mnews/article/011/0004665570?sid=102
고려대학교,서울경제,5년간 ‘SKY대’ 1만명 떠났다…중도탈락 60%가 자연계,"최근 5년간 서울대·연세대·고려대 등 이른바 ‘SKY 대학’에 다니다 중도 탈락한 학생이 1만 명을 넘어선 것으로 나타났다. 지난해 이들 3개 대학 중도탈락자 10명 중 6명 이상은 자연계열 학생으로, 상당수가...",2026-09-27 10:14,https://www.sedaily.com/article/20095118?ref=naver,https://n.news.naver.com/mnews/article/011/0004665570?sid=102
서울대학교,서울경제,5년간 ‘SKY대’ 1만명 떠났다…중도탈락 60%가 자연계,최근 5년간 서울대·연세대·고려대 등 이른바 ‘SKY 대학’에 다니다 중도 탈락한 학생이 1만 명을 넘어선... 27일 종로학원 분석 결과에 따르면 최근 5년간 서울대·연세대·고려대에서 중도 탈락한 학생은 총...,2026-09-27 10:14,https://www.sedaily.com/article/20095118?ref=naver,https://n.news.naver.com/mnews/article/011/0004665570?sid=102
연세대학교,연합뉴스,서연고 중도탈락 5년간 1만명 넘어…의대 재입학 등 추정,"종로학원이 27일 대학알리미 공시자료를 분석한 결과에 따르면 2021년부터 작년까지 서울대·연세대·고려대의 중도탈락자는 모두 1만736명이다. 2021년 1천971명에서 2022년 2천131명, 2023년 2천126명, 2024명...",2026-09-27 10:12,https://www.yna.co.kr/view/AKR20260927017600530?input=1195m,https://n.news.naver.com/mnews/article/001/0016337977?sid=102
서울대학교,연합뉴스,서연고 중도탈락 5년간 1만명 넘어…의대 재입학 등 추정,"전망"" 서울대·연세대·고려대를 다니다가 중도탈락한 학생이 5년간 1만명이 넘는 것으로 나타났다. 종로학원이 27일 대학알리미 공시자료를 분석한 결과에 따르면 2021년부터 작년까지 서울대·연세대·고려대의...",2026-09-27 10:12,https://www.yna.co.kr/view/AKR20260927017600530?input=1195m,https://n.news.naver.com/mnews/article/001/0016337977?sid=102
고려대학교,연합뉴스,서연고 중도탈락 5년간 1만명 넘어…의대 재입학 등 추정,"연세대는 언더우드학부 38명, 글로벌인재학부 31명, 경영계열 25명이고 고려대에서는 경영학과 48명, 경제학과 24명, 미디어학부 17명이다. 작년 3개 대학 중도탈락자의 64.5%(1천297명)는 자연계이고 인문계는 32.5...",2026-09-27 10:12,https://www.yna.co.kr/view/AKR20260927017600530?input=1195m,https://n.news.naver.com/mnews/article/001/0016337977?sid=102
고려대학교,문화일보,‘꺾어’로 ‘뮤직뱅크’ 1위…“생각지도 못했다”,"한편 영탁의 단독 콘서트 ‘TAK SHOW5’는 오는 10월 3일부터 5일까지 서울 고려대학교 화정체육관에서 개최된다. 이후 10월 24~25일 전주, 11월 28~29일 대구, 12월 19~20일 인천, 내년 1월 16~17일 부산으로 이어진다.",2026-09-27 10:11,https://www.munhwa.com/article/11619591?ref=naver,https://m.entertain.naver.com/article/021/0002821312
고려대학교,스타뉴스,"영탁, '꺾어'로 '뮤직뱅크' 1위 등극..""모두 영블스 덕분""","'TAK SHOW5'는 오는 10월 3일부터 5일까지 서울 고려대학교 화정체육관에서 개최되며, 서울 공연을 시작으로 10월 24~25일 전주, 11월 28~29일 대구, 12월 19~20일 인천, 내년 1월 16~17일 부산으로 이어진다.",2026-09-27 10:10,https://www.starnewskorea.com/music/2026/09/27/2026092710003211721,https://m.entertain.naver.com/article/108/0003473818
서울대학교,JEJUSORI,"""웃으며 간다"" 생의 마지막 집에서 보낸 말기 환자의 미소","# 16년 투병 끝 찾아온 마지막, 병원 대신 '집'을 택했다 서울에서 건설업에 종사해 온 고인은 2007년 제주에... 서울대 고령사회연구단이 2019년 실시한 조사를 보면 국내에서 가장 선호하는 임종 장소는 집(37.7%)이지만...",2026-09-27 10:08,https://www.jejusori.net/news/articleView.html?idxno=506672,https://www.jejusori.net/news/articleView.html?idxno=506672
서울대학교,아시아경제,"""스마트폰 내려놓자”""…경기교육청 '폰프리' 캠페인에 1만명 참여",이부진 호텔신라 사장의 아들 임동현 군이 올해 서울대 합격 후 입시 관련 특강에서 자신의 중·고교 시절 경험을 소개한 것이 대표적이다. 임 군은 당시 스마트폰과 게임을 끊은 것이 집중력과 몰입에 도움이 됐다고...,2026-09-27 10:03,https://view.asiae.co.kr/article/2026092709585234791,https://n.news.naver.com/mnews/article/277/0005821091?sid=102
서울대학교,서울경제,점심값 아끼다가 뼈 건강 ‘흔들’… 런치플레이션이 부른 영양 적자 [...,연골보강환의 효과는 자생한방병원 척추관절연구소와 서울대 약대 천연물과학연구소의 공동 연구를 통해 과학적으로 입증됐다. SCI(E)급 국제학술지 ‘BMC 보완대체의학저널(BMC Complementary & Alternative Medicine)’에 게재된...,2026-09-27 10:01,https://www.sedaily.com/article/20094373?ref=naver,https://n.news.naver.com/mnews/article/011/0004665564?sid=101
고려대학교,머니투데이,"1588 콜센터 ""잠깐 기다리세요""하더니 전화요금 '폭탄' 왜?","이성엽 고려대학교 교수는 ""이동통신요금은 계속 인하돼왔는데 부가통화요금은 몇년째 그대로""라면서 ""전화부가대가는 신고제 방식으로 돼 있어 정부가 손대지 못하는데, 고객들의 숨은 요금 부담도 확인할 필요가...",2026-09-27 10:00,https://www.mt.co.kr/tech/2026/09/28/2026092208204461789,https://n.news.naver.com/mnews/article/008/0005418615?sid=105
고려대학교,서울신문,추석 지나 2㎏ 쪘다고?…“전부 지방 아니다” 위고비 찾기 전 알아둘 ...,권영근 고려대 안암병원 비만대사센터 교수도 명절 전후 체중 증가에 놀라 식사를 거르거나 극단적으로 섭취량을 줄이는 방식은 피해야 한다고 조언했다. 우선 평소 식사와 활동 패턴으로 돌아간 뒤 며칠간 몸무게...,2026-09-27 10:00,https://nownews.seoul.co.kr/news/newsView.php?id=20260927601002&wlog_tag3=naver,https://n.news.naver.com/mnews/article/081/0003683667?sid=103
서울대학교,CCTIMES,세종시 행정부시장에 행정안전부 배일권 국장 부임,배일권 신임 행정부시장은 1972년 서울 출생으로 서울대 사회학과를 졸업하고 서울대 및 미국 시라큐스대학교 대학원에서 행정학 석사학위를 취득했다. 제42회 행정고시에 합격해 1999년 공직에 입문 후 행정안전부 글로...,2026-09-27 09:58,http://www.cctimes.kr/news/articleView.html?idxno=929301,http://www.cctimes.kr/news/articleView.html?idxno=929301
서울대학교,서울경제,점심값 아끼려다 뼈 건강도 ‘흔들’…런치플레이션의 그늘[일터 일침],자생한방병원 척추관절연구소와 서울대 약대 천연물과학연구소의 공동 연구에서는 연골보강환이 뼈를 생성하는 조골세포의 분화와 성숙도를 높이고 골다공증 유발 인자를 억제하는 것으로 나타났다. 해당 연구...,2026-09-27 09:56,https://www.sedaily.com/article/20095113?ref=naver,https://n.news.naver.com/mnews/article/011/0004665563?sid=103
서울대학교,미디어파인,"UN 김정훈, 가족과 라이브 방송 중 '뿡'-범인 누구?","서울대학교 치과대학을 중퇴한 뒤 중앙대학교 연극학과로 편입한 독특한 이력으로도 유명하다. 이후 '궁', '로맨스가 필요해' 등에 출연하며 배우로 활동 영역을 넓혔다. 다만 화려한 전성기 이후 사생활 논란도 있었다....",2026-09-27 09:56,https://www.mediafine.co.kr/news/articleView.html?idxno=90948,https://www.mediafine.co.kr/news/articleView.html?idxno=90948
고려대학교,스트레이트뉴스,올해 남는 세금 50조 이상…내년 미래대응기금 200조 훌쩍,지난 14일 고려대 대강당에서 강연한 박홍근 기획예산처 장관. [사진=연합뉴스] 올해 정부가 당초 예상보다 50조원 이상 많은 세금을 거둘 것으로 전망되면서 내년 신설되는 미래대응기금 규모도 200조원을 넘어설...,2026-09-27 09:52,https://www.straightnews.co.kr/news/articleView.html?idxno=311983,https://www.straightnews.co.kr/news/articleView.html?idxno=311983
서울대학교,아주경제,"수원시, 김훈동 위원장 오프너 2,290점 기증받아 상설 전시","김훈동 위원장(82)은 수원 출신으로 수원북중·농고, 서울대 농대, 중앙대 대학원을 졸업한 후 농협대 교수를 지냈다. 농민신문 편집국장, 농협경기지역본부장, 대한적십자사 경기도지사 회장, 수원문인협회 회장...",2026-09-27 09:42,https://www.ajunews.com/view/20260927084931498,https://www.ajunews.com/view/20260927084931498
연세대학교,점프볼,[2026 AG] 더 큰 선수가 되어야 하는 이주영 “현중이 형과 같이 뛸날 위...,대한민국 3x3 남자농구 대표팀의 금메달 획득에 앞장 선 이주영(연세대4)이 더 큰 미래를 바라봤다. 프로... 대학 최고의 유망주라 불리는 이들은 이번 아시안게임 금메달로 군 면제 병역 혜택까지 얻어내면서 주가가...,2026-09-27 09:40,https://m.sports.naver.com/basketball/article/065/0000302077,https://m.sports.naver.com/basketball/article/065/0000302077
연세대학교,브릿지경제,인천 바이오 ‘생산 초격차’ 굳혔지만…이젠 혁신·사업화가 승부처,"남궁완 연세대 약학과 교수는 이날 미국 주요 바이오 클러스터와 중국의 산업 육성전략 등을 분석하며 인천... 이에 따라 인천도 기존 생산기반과 연구개발 기능을 별개로 운영하기보다 연구기관과 대학, 기업, 투자기관...",2026-09-27 09:40,https://www.viva100.com/article/20260927500124,https://www.viva100.com/article/20260927500124
연세대학교,채널A,"최수종, 추석 당일 모친상⋯아내 하희라와 빈소 지켜",모친 이숙경 씨가 올해 89세 나이로 추석 당일이던 25일 별세했습니다. 빈소는 서울 연세대학교 신촌세브란스병원 장례식장에 마련됐습니다. 발인은 오는 29일 오전 8시로 장지는 용인 로뎀파크(용인평온의숲)입니다.,2026-09-27 09:39,https://www.ichannela.com/news/main/news_detailPage.do?publishId=000000552356,https://n.news.naver.com/mnews/article/449/0000362116?sid=102
고려대학교,OSEN,영탁 “생각지도 못한 음악방송 1위…영블스 고마워요!” 감격,"한편, '뮤직뱅크' 1위로 기세를 올린 영탁은 오는 10월 3일부터 5일까지 서울 고려대학교 화정체육관에서 단독 콘서트 'TAK SHOW5' 서울 공연을 개최하며 전국투어 포문을 연다. 이후 전주, 대구, 인천, 부산 등 전국 각지...",2026-09-27 09:38,http://www.osen.co.kr/article/G1112882650,https://m.entertain.naver.com/article/109/0005613446
고려대학교,스포츠경향,"영탁, ‘뮤직뱅크’ 결방에도 1위 등극…“영블스 고마워요”","‘탁 쇼5’는 오는 10월 3일부터 5일까지 서울 고려대학교 화정체육관에서 개최되며, 서울 공연을 시작으로 10월 24~25일 전주, 11월 28~29일 대구, 12월 19~20일 인천, 내년 1월 16~17일 부산으로 이어진다.",2026-09-27 09:31,https://sports.khan.co.kr/article/202609270930003?pt=nv,https://m.entertain.naver.com/article/144/0001140553
고려대학교,머니투데이,"웃으며 일 잘하고 퇴근하면 방전…""번아웃인 줄"" 직장인 앓는 이 병","진단을 고려한다. 우울증 치료는 증상의 정도와 지속 기간, 개인 건강 상태에 따라 다르다. 상담과 인지행동치료 등 정신 치료를 시행할 수 있고 필요시 항우울제를 비롯한 약물치료를 병행한다. 최원석 고려대학교...",2026-09-27 09:27,https://www.mt.co.kr/thebio/2026/09/27/2026092216030847261,https://n.news.naver.com/mnews/article/008/0005418607?sid=103
고려대학교,주간조선,"""서울대도 그만둔다""…SKY 5년간 1만명 떠났다, 왜","27일 종로학원이 대학알리미 공시자료를 분석한 결과, 2021~2025년 서울대·연세대·고려대 중도탈락자는 모두 1만736명으로 집계됐다. 연도별로는 2021년 1971명에서 2022년 2131명으로 처음 2000명을 넘어섰다. 이후 2023년...",2026-09-27 09:25,http://weekly.chosun.com/news/articleView.html?idxno=55635,https://n.news.naver.com/mnews/article/053/0000061804?sid=102
서울대학교,주간조선,"""서울대도 그만둔다""…SKY 5년간 1만명 떠났다, 왜","서울대·연세대·고려대에서 최근 5년간 학교를 중도에 그만둔 학생이 1만명을 넘어선 것으로 나타났다.... 27일 종로학원이 대학알리미 공시자료를 분석한 결과, 2021~2025년 서울대·연세대·고려대 중도탈락자는...",2026-09-27 09:25,http://weekly.chosun.com/news/articleView.html?idxno=55635,https://n.news.naver.com/mnews/article/053/0000061804?sid=102
연세대학교,주간조선,"""서울대도 그만둔다""…SKY 5년간 1만명 떠났다, 왜","27일 종로학원이 대학알리미 공시자료를 분석한 결과, 2021~2025년 서울대·연세대·고려대 중도탈락자는 모두 1만736명으로 집계됐다. 연도별로는 2021년 1971명에서 2022년 2131명으로 처음 2000명을 넘어섰다. 이후 2023년...",2026-09-27 09:25,http://weekly.chosun.com/news/articleView.html?idxno=55635,https://n.news.naver.com/mnews/article/053/0000061804?sid=102
고려대학교,MHNSE,"이채영, 해외서 경찰 신고 당한 사연…""현지인들이 말투로 오해"" ('아는...","한편 프로미스나인은 지난 4일부터 6일까지 서울 고려대학교 화정체육관에서 '2026 프로미스나인 아시아 투어 투모로우 글로우 인 서울'를 개최하고 팬들을 만났다. 이어지는 아시아 투어 일정은 10월부터 대만과 일본, 홍콩...",2026-09-27 09:23,https://mhnse.com/news/articleView.html?idxno=1560553,https://m.entertain.naver.com/article/445/0000468607
고려대학교,STARDAILYNEWS,"영탁, '꺾어'로 '뮤직뱅크' 1위…정규 3집 'GOGO' 음반 차트도 강세","영탁은 오는 10월 3일부터 5일까지 서울 고려대학교 화정체육관에서 단독 콘서트 'TAK SHOW5'를 개최한다. 서울 공연 이후 10월 24~25일 전주, 11월 28~29일 대구, 12월 19~20일 인천, 2027년 1월 16~17일 부산에서 전국투어를...",2026-09-27 09:22,https://www.stardailynews.co.kr/news/articleView.html?idxno=550724,https://www.stardailynews.co.kr/news/articleView.html?idxno=550724
고려대학교,스포츠서울,"“신인인데 뭔가 달랐다” 영탁, 19년 동료가 밝힌 남달랐던 아우라…터...","영탁은 음원과 방송 활동에 이어 단독 콘서트로 열기를 이어간다. ‘TAK SHOW5’는 오는 10월 3일부터 5일까지 서울 고려대 화정체육관에서 열리며, 전주·대구·인천·부산으로 전국투어를 이어간다.",2026-09-27 09:21,https://www.sportsseoul.com/news/read/1637677?ref=naver,https://m.entertain.naver.com/article/468/0001268867
고려대학교,톱스타뉴스,"영탁, ""생각지도 못한 음악방송 1위""…'꺾어'로 차트·투어 동시 질주","단독 콘서트 'TAK SHOW5'는 10월 3일부터 5일까지 서울 고려대학교 화정체육관에서 먼저 펼쳐진다. 이후 10월 24일부터 25일까지 전주, 11월 28일부터 29일까지 대구, 12월 19일부터 20일까지 인천, 2027년 1월 16일부터...",2026-09-27 09:20,https://www.topstarnews.net/news/articleView.html?idxno=16218488,https://www.topstarnews.net/news/articleView.html?idxno=16218488
고려대학교,BNTNEWS,"영탁, ‘꺾어’로 뮤직뱅크 1위 차지",초동 37만 장 돌파와 주간 음반 차트 석권에 이어 지상파 1위까지 안은 영탁은 오는 10월 3일 서울 고려대학교 화정체육관을 시작으로 단독 콘서트 ‘TAK SHOW5’ 전국투어를 펼친다. 영탁의 1위 소식이 전해진...,2026-09-27 09:20,https://www.bntnews.co.kr/article/view/bnt202609270025,https://www.bntnews.co.kr/article/view/bnt202609270025
서울대학교,주간경향,"“한국 학생들은 어떻게 공부도, 놀기도 열심히 하나”···베트남 천재...",서울대학교와 베트남 대기업 빈그룹이 설립한 빈대학 등으로부터 장학금 제안을 받았지만 그의 선택은... 많은 서울보다는 KAIST에서 온전히 공부에 집중할 수 있을 것 같다”고 말했다. 이어 “새로운 교육 환경에서...,2026-09-27 09:17,https://weekly.khan.co.kr/article/202609270917001,https://n.news.naver.com/mnews/article/033/0000052405?sid=102
고려대학교,GOKOREA,"[인사] 퍼블릭뉴스통신, 김태혁 신임 대표 선임",김태혁 신임 대표는 한국외국어대학교 영어과를 졸업하고 성균관대학교 언론정보대학원과 고려대학교 최고경영자과정(AMP) 82기를 수료했다. 한국일보 엘르와 일요신문에서 취재 기자로 활동한 뒤 매일일보 산업국장을...,2026-09-27 09:16,https://www.gokorea.kr/news/articleView.html?idxno=879751,https://www.gokorea.kr/news/articleView.html?idxno=879751
고려대학교,전남일보,대법관 인선 놓고 靑·대법원 정면충돌…출구 안 보인다,"이에 대법원이 박순영 고법판사를 제안했지만 청와대에서는 이재명 정부 첫 대법관이라는 상징성을 고려해... 차진아 고려대 로스쿨 교수는 ""임명권이 제청권에 구속되지 않기 때문에 대통령이 거부할 수는 있지만 합당한...",2026-09-27 09:13,https://www.jnilbo.com/news/articleView.html?idxno=90000068829,https://www.jnilbo.com/news/articleView.html?idxno=90000068829
서울대학교,DEALSITE,[대표님은 휴학 중] [알레프랩] 마인크래프트로 영어 배운다...23살 한관...,"챗GPT 충격에 서울대 컴공 휴학…‘알레프키즈’로 YC F25 선발 “시대를 정의하기 위해서는 아이들을... 이후 한성과학고를 거쳐 서울대학교 컴퓨터공학과에 진학했고, 스타트업 인턴십으로 실전 경험을 쌓을 무렵...",2026-09-27 09:12,https://dealsite.co.kr/articles/169629,https://dealsite.co.kr/articles/169629
서울대학교,미디어파인,"[칼럼] 의사의 진료 중 신체 접촉, 의료행위인가 강제추행인가?? (대법원...","변호사] 서울대학교 졸업 47회 사법시험 합격, 제37기 사법연수원 수료 한국토지주택공사 고문변호사 옥션 고문변호사 현대해상화재보험 고문변호사 대한자산관리실무학회 부회장 대한행정사협회 고문변호사 서울법률학원...",2026-09-27 09:08,https://www.mediafine.co.kr/news/articleView.html?idxno=90937,https://www.mediafine.co.kr/news/articleView.html?idxno=90937
서울대학교,한겨레,이 대통령 ‘사법 리스크’가 가라앉지 않는 이유,"당시 김기현 나경원 주진우 등 주로 서울대 나온 판검사 출신 의원들이 그런 주장을 했습니다. 지금 장동혁 대표, 정점식 원내대표도 서울대 나온 판검사 출신입니다. 법조인들은 기본적으로 기득권 세력에 가깝습니다....",2026-09-27 09:02,https://www.hani.co.kr/arti/politics/politics_general/1279548.html,https://n.news.naver.com/mnews/article/028/0002824738?sid=100
연세대학교,SBS,전공의 집단 사직·복귀 겪으며 '피부과 일반의' 급증,이상규 연세대 의대 예방의학교실 교수팀이 2022년 12월부터 2026년 3월까지의 건강보험심사평가원 데이터를 토대로 전공의 집단사직 전후 일반의 분포 변화를 분석한 결과 이런 경향이 확인됐습니다. 이 연구...,2026-09-27 09:02,https://news.sbs.co.kr/news/endPage.do?news_id=N1008771254&plink=ORI&cooper=NAVER,https://n.news.naver.com/mnews/article/055/0001391270?sid=102
서울대학교,조선일보,냉장고부터 칫솔까지 모두 ‘AI’…가전시장에 번지는 ‘AI 워싱’ 피로...,서울대 연구진이 올해 공개한 연구에서 실제 AI 기능이 없는 안마의자를 ‘AI 안마의자’라고 광고하자 20대 소비자의 구매 의도는 기존 2.56점(5점 만점)이었다가 3.14점으로 높아졌습니다. 제품 성능 평가도 2.74점에서...,2026-09-27 09:01,https://www.chosun.com/economy/tech_it/2026/09/27/ORENNKQENZE45EGOOLEW6EA7UA/?utm_source=naver&utm_medium=referral&utm_campaign=naver-news,https://n.news.naver.com/mnews/article/023/0004000511?sid=105
연세대학교,한국일보,"한국 농구, 금 3개·동 1개로 '전 종목 메달'... 침체기 끝, 중흥기 활짝","구민교(21·성균관대), 김승우(21·연세대), 이동근(23·고려대), 이주영(22·연세대) 등 대학생 4인방으로 구성된 대표팀은 결승에서 신들린 듯한 외곽포를 앞세워 평균 신장 2m의 카타르를 19-10으로 완파했다. 지난 두...",2026-09-27 09:00,https://www.hankookilbo.com/news/article/A2026092708490001705?did=NA,https://n.news.naver.com/mnews/article/469/0000956088?sid=104
서울대학교,아이뉴스24,"""사람이 없다""…건설기계업계, 완전 무인화보다 '작업 보조' 먼저",23일 HD건설기계 반기보고서에 따르면 회사는 서울대학교와 '휠로더 운전자 어시스트(Assist) 기술'을 개발하고 있다. 숙련도가 낮은 작업자도 장비를 보다 쉽게 운용하고 일정한 작업 품질을 낼 수 있도록 돕는 기술이다....,2026-09-27 09:00,http://www.inews24.com/view/2008935,https://n.news.naver.com/mnews/article/031/0001061294?sid=101
고려대학교,한국일보,"한국 농구, 금 3개·동 1개로 '전 종목 메달'... 침체기 끝, 중흥기 활짝","구민교(21·성균관대), 김승우(21·연세대), 이동근(23·고려대), 이주영(22·연세대) 등 대학생 4인방으로 구성된 대표팀은 결승에서 신들린 듯한 외곽포를 앞세워 평균 신장 2m의 카타르를 19-10으로 완파했다. 지난 두...",2026-09-27 09:00,https://www.hankookilbo.com/news/article/A2026092708490001705?did=NA,https://n.news.naver.com/mnews/article/469/0000956088?sid=104
서울대학교,동아일보,‘SKY’ 다니다 그만둔 학생 5년간 1만명…지역의사제 도입 후 늘어날 가...,"최근 5년간 이른바 ‘SKY대학’으로 불리는 서울대·연세대·고려대에서 중도탈락자가 1만736명 발생한... 27일 종로학원이 대학알리미 대학별 중도 탈락자 공시자료를 분석한 결과에 따르면, 2021~2025년 서울대...",2026-09-27 08:56,https://www.donga.com/news/Society/article/all/20260927/134735602/1,https://n.news.naver.com/mnews/article/020/0003750745?sid=102
연세대학교,동아일보,‘SKY’ 다니다 그만둔 학생 5년간 1만명…지역의사제 도입 후 늘어날 가...,"대학별로는 고려대 836명, 연세대 801명, 서울대 375명 순이었다. 지난해 중도 탈락자의 64.5%인 1297명은 자연계열이었다. 인문계열은 654명(32.5%), 예체능계열은 61명(3.0%)이었다. 자연계열에서는 서울대의 경우...",2026-09-27 08:56,https://www.donga.com/news/Society/article/all/20260927/134735602/1,https://n.news.naver.com/mnews/article/020/0003750745?sid=102
고려대학교,동아일보,‘SKY’ 다니다 그만둔 학생 5년간 1만명…지역의사제 도입 후 늘어날 가...,"대학별로는 고려대 836명, 연세대 801명, 서울대 375명 순이었다. 지난해 중도 탈락자의 64.5%인 1297명은 자연계열이었다. 인문계열은 654명(32.5%), 예체능계열은 61명(3.0%)이었다. 자연계열에서는 서울대의 경우...",2026-09-27 08:56,https://www.donga.com/news/Society/article/all/20260927/134735602/1,https://n.news.naver.com/mnews/article/020/0003750745?sid=102
고려대학교,스포츠경향,"‘아는 형님’ 프로미스나인 송하영·이채영·백지헌, 입담 대방출","한편, 프로미스나인은 지난 4일부터 6일까지 서울 성북구 고려대학교 화정체육관에서 ‘2026 프로미스나인 아시아 투어 ’투모로우 글로우.‘ 인 서울’(‘2026 fromis_9 ASIA TOUR ’TOMORROW GLOW.‘ IN SEOUL’)을 개최했다. 서울...",2026-09-27 08:40,https://sports.khan.co.kr/article/202609270839003?pt=nv,https://m.entertain.naver.com/article/144/0001140539
서울대학교,EROUN,"[이 사람, 이 소설] ⑤ 김형진 ""빽판 혁명""","건물 평당, 서울에서 인구밀도가 가장 높다는 저 곳은 미행자를 따돌리기 에 적합한 장소다. 건물 외벽에... - 그건 아니고 서울대 근처 신림동, 봉천동 레코드방에 가는거야 하마터면 내가 시위 주동을 했던 대학교에...",2026-09-27 08:36,https://www.eroun.net/news/articleView.html?idxno=90511,https://www.eroun.net/news/articleView.html?idxno=90511
고려대학교,TFMEDIA,[여행칼럼] 가고 싶은 태봉국 철원의 자연과 역사,"궁예와 태봉국의 도읍, 철원 궁예는 국호를 고려(고구려·901), 마진(904), 태봉(911) 등으로 계속 바꾸었다.... 석사, 고려대 통계학석사, 리버풀대 MBA, 경희대 의과학박사수료, 서강대 경영과학박사 [두루미와 철새]...",2026-09-27 08:32,https://www.tfmedia.co.kr/news/article.html?no=207145,https://www.tfmedia.co.kr/news/article.html?no=207145
고려대학교,이데일리,"명절 후 피로와 무기력, 명절증후군 어떻게 예방할까?",고려대학교 안암병원 정신건강의학과 한규만 교수는 “명절에는 평소와 다른 일정과 생활환경이 이어지면서 신체적인 피로뿐 아니라 심리적인 피로도 쌓일 수 있다”며 “명절을 즐겁게 보내야 한다는 생각에...,2026-09-27 08:31,https://www.edaily.co.kr/News/Read?newsId=01177526645584384&mediaCodeNo=257&utm_source=naver&utm_medium=referral&utm_campaign=news_syndication&utm_content=original_article,https://n.news.naver.com/mnews/article/018/0006375788?sid=102
연세대학교,이데일리,"""SKY 다닐 바에 의대 갈래요""…심상치 않은 탈출 상황",(사진=연합뉴스) 연간 2000명이 넘는 서연고 학생들이 중도탈락하는 것은 이들이 의대나 기존에 재학 중인 대학보다 상위권 대학으로 이탈하기 때문으로 풀이된다. 서울대와 연세대·고려대의 일부 자연계열...,2026-09-27 08:22,https://www.edaily.co.kr/News/Read?newsId=01167686645584384&mediaCodeNo=257&utm_source=naver&utm_medium=referral&utm_campaign=news_syndication&utm_content=original_article,https://n.news.naver.com/mnews/article/018/0006375785?sid=102
서울대학교,이데일리,"""SKY 다닐 바에 의대 갈래요""…심상치 않은 탈출 상황","서울대에서는 자유전공학부 11명, 경영학과 8명 등이 학교를 떠났다. 서울시 내 한 의과대학의 모습. (사진=연합뉴스) 연간 2000명이 넘는 서연고 학생들이 중도탈락하는 것은 이들이 의대나 기존에 재학 중인...",2026-09-27 08:22,https://www.edaily.co.kr/News/Read?newsId=01167686645584384&mediaCodeNo=257&utm_source=naver&utm_medium=referral&utm_campaign=news_syndication&utm_content=original_article,https://n.news.naver.com/mnews/article/018/0006375785?sid=102
고려대학교,이데일리,"""SKY 다닐 바에 의대 갈래요""…심상치 않은 탈출 상황","지난해 중도탈락자를 대학별로 보면 고려대가 836명으로 가장 많았다. 이어 연세대 801명, 서울대 375명으로 뒤를 이었다. 최근 5년간 누적 중도탈락자는 고려대 4524명, 연세대 4099명, 서울대 2113명이었다....",2026-09-27 08:22,https://www.edaily.co.kr/News/Read?newsId=01167686645584384&mediaCodeNo=257&utm_source=naver&utm_medium=referral&utm_campaign=news_syndication&utm_content=original_article,https://n.news.naver.com/mnews/article/018/0006375785?sid=102
서울대학교,한국경제,"서울대 붙었는데 ""미련 없어요""…SKY 학생 1만명 떠난 이유","서울대·연세대·고려대에서 최근 5년간 1만명이 넘는 학생이 중도 탈락한 것으로 나타났다. 특히 지난해... 27일 종로학원이 대학알리미의 대학별 중도 탈락자 공시자료를 분석한 결과, 2021~2025년 서울대·연세대...",2026-09-27 08:21,https://www.hankyung.com/article/2026092770407,https://n.news.naver.com/mnews/article/015/0005336207?sid=102
연세대학교,한국경제,"서울대 붙었는데 ""미련 없어요""…SKY 학생 1만명 떠난 이유","지난해 대학별 중도 탈락자는 고려대가 836명으로 가장 많았다. 연세대가 801명, 서울대가 375명으로 뒤를 이었다. 지난해 중도 탈락자 가운데 자연계열은 1297명으로 전체의 64.5%를 차지했다. 인문계열은 654명(32.5...",2026-09-27 08:21,https://www.hankyung.com/article/2026092770407,https://n.news.naver.com/mnews/article/015/0005336207?sid=102
고려대학교,한국경제,"서울대 붙었는데 ""미련 없어요""…SKY 학생 1만명 떠난 이유","지난해 대학별 중도 탈락자는 고려대가 836명으로 가장 많았다. 연세대가 801명, 서울대가 375명으로 뒤를 이었다. 지난해 중도 탈락자 가운데 자연계열은 1297명으로 전체의 64.5%를 차지했다. 인문계열은 654명(32.5...",2026-09-27 08:21,https://www.hankyung.com/article/2026092770407,https://n.news.naver.com/mnews/article/015/0005336207?sid=102
서울대학교,더퍼블릭,'보는 안경'에서 '답 알려주는 안경'으로…AI 글라스 악용 속 규제 공백,지난 4월 서울대가 주관한 텝스(TEPS) 시험에서는 생성형 AI 기능이 탑재된 스마트안경을 착용한 20대 수험생이 적발됐다. 시험 도중 안경을 자주 만지는 모습을 이상하게 여긴 감독관이 시험 종료 후 기기를 확인하면서...,2026-09-27 08:20,https://www.thepublic.kr/news/articleView.html?idxno=320124,https://www.thepublic.kr/news/articleView.html?idxno=320124
고려대학교,국제뉴스,"프로미스나인 송하영, 기상캐스터 변신…사투리 도전기에 웃음꽃","한편, 프로미스나인은 4일부터 6일까지 서울 성북구 고려대학교 화정체육관에서 '2026 프로미스나인 아시아 투어 '투모로우 글로우.' 인 서울'을 개최했다. 서울 공연을 마친 후, 10월부터 대만, 일본, 홍콩 등 아시아...",2026-09-27 08:20,https://www.gukjenews.com/news/articleView.html?idxno=3706316,https://www.gukjenews.com/news/articleView.html?idxno=3706316
고려대학교,STARDAILYNEWS,"'프로미스나인' 송하영·이채영·백지헌, '아는 형님'서 사투리·역사 이...","한편 프로미스나인은 지난 4일부터 6일까지 서울 성북구 고려대학교 화정체육관에서 '2026 fromis_9 ASIA TOUR 'TOMORROW GLOW.' IN SEOUL'을 개최했다. 서울 공연을 마친 프로미스나인은 오는 10월부터 대만, 일본, 홍콩 등 아시아...",2026-09-27 08:16,https://www.stardailynews.co.kr/news/articleView.html?idxno=550723,https://www.stardailynews.co.kr/news/articleView.html?idxno=550723
연세대학교,이코노미스트,"글램, ‘대한민국 매력 리포트’ 공개…이용자 데이터상 외모 1위 연세...","글램에 따르면 남녀 이용자를 합산한 ‘상위 외모’ 비율이 가장 높게 나타난 대학은 연세대학교로 10.1%를 기록했다. 한양대학교가 10.0%로 0.1%포인트 차이로 뒤를 이었으며 경희대학교 9.7%, 서울대학교 9.4%, 성균관대학교...",2026-09-27 08:01,https://economist.co.kr/article/view/ecn202609230060,https://n.news.naver.com/mnews/article/243/0000103562?sid=101
연세대학교,노컷뉴스,"""SKY 버리고 의대 간다""…대학 뛰쳐나간 학생 1만 명 넘어","지난해 대학별 중도탈락자는 서울대 375명, 연세대 801명, 고려대 836명이었다. 계열별로는 자연계가 1297명으로 전체의 64.5%를 차지했다. 인문계는 654명(32.5%), 예체능계는 61명(3.0%)이었다. 자연계에서는 서울대...",2026-09-27 08:01,https://www.nocutnews.co.kr/news/6582808?utm_source=naver&utm_medium=article&utm_campaign=20260927080020,https://n.news.naver.com/mnews/article/079/0004192992?sid=102
서울대학교,이코노미스트,"글램, ‘대한민국 매력 리포트’ 공개…이용자 데이터상 외모 1위 연세...","한양대학교가 10.0%로 0.1%포인트 차이로 뒤를 이었으며 경희대학교 9.7%, 서울대학교 9.4%, 성균관대학교 9.2% 순으로 나타났다. 성별로 구분하면 결과에 차이가 있었다. 남성 이용자 가운데서는 연세대학교가 9.4%로 가장 높은...",2026-09-27 08:01,https://economist.co.kr/article/view/ecn202609230060,https://n.news.naver.com/mnews/article/243/0000103562?sid=101
고려대학교,이코노미스트,"글램, ‘대한민국 매력 리포트’ 공개…이용자 데이터상 외모 1위 연세...",0% 뒤이어 -실제 호감 선택은 여성 이용자 고려대 남성·남성 이용자 한양대 여성에 집중 러브테크 기업... 글램에 따르면 남녀 이용자를 합산한 ‘상위 외모’ 비율이 가장 높게 나타난 대학은 연세대학교로 10.1%를...,2026-09-27 08:01,https://economist.co.kr/article/view/ecn202609230060,https://n.news.naver.com/mnews/article/243/0000103562?sid=101
고려대학교,텐아시아,"""싸우는 줄 알고 경찰 신고""…포항 출신 이채영, 여행 중 사투리 해프닝...",한편 프로미스나인은 지난 4일부터 6일까지 서울 성북구 고려대학교 화정체육관에서 '2026 프로미스나인 아시아 투어 '투모로우 글로우.' 인 서울'('2026 fromis_9 ASIA TOUR 'TOMORROW GLOW.' IN SEOUL')을 개최했다. 서울 공연을...,2026-09-27 08:01,https://www.tenasia.co.kr/article/2026092769984,https://m.entertain.naver.com/article/312/0000777656
고려대학교,노컷뉴스,"""SKY 버리고 의대 간다""…대학 뛰쳐나간 학생 1만 명 넘어","지난해 대학별 중도탈락자는 서울대 375명, 연세대 801명, 고려대 836명이었다. 계열별로는 자연계가 1297명으로 전체의 64.5%를 차지했다. 인문계는 654명(32.5%), 예체능계는 61명(3.0%)이었다. 자연계에서는 서울대...",2026-09-27 08:01,https://www.nocutnews.co.kr/news/6582808?utm_source=naver&utm_medium=article&utm_campaign=20260927080020,https://n.news.naver.com/mnews/article/079/0004192992?sid=102
서울대학교,INCHEONTODAY,"[연재] 네덜란드 뺨치는 강화도 간척의 역사, 인천 강화 선두포 축언 시...","48, 서울대학교 규장각한국학연구원, 2009 양선아, 〈조선 후기 서해연안 간척의 기술적 과정과 개간의 정치〉, 《쌀·삶·문명연구》 4, 전북대학교 인문한국 쌀·삶·문명연구원, 2010 양선아, 〈조선 후기 대규모 간척지...",2026-09-27 08:00,https://www.incheontoday.com/news/articleView.html?idxno=324024,https://www.incheontoday.com/news/articleView.html?idxno=324024
서울대학교,뉴시스,"""SKY도 성에 안 차""…최근 5년간 1만736명 중도탈락","최근 5년간 이른바 'SKY대학'으로 불리는 서울대·연세대·고려대에서 중도탈락자가 1만736명 발생한... 27일 종로학원이 대학알리미의 대학별 중도탈락자 수 공시자료를 분석한 결과, 최근 5년간 서울대·연세대...",2026-09-27 08:00,https://www.newsis.com/view/NISX20260922_0003800822,https://n.news.naver.com/mnews/article/003/0014215035?sid=102
서울대학교,뉴스1,SKY 다니다 그만둔 학생 5년 새 1만 명 돌파…결국 의대행?,"서울대·연세대·고려대에서 최근 5년간 1만 736명이 중도 탈락한 것으로 나타났다. 지난해에도 2012명이... 27일 종로학원이 대학알리미 대학별 중도 탈락자 공시자료를 분석한 결과에 따르면, 2021~2025년 서울대...",2026-09-27 08:00,https://www.news1.kr/society/education/6300068,https://n.news.naver.com/mnews/article/421/0009192951?sid=102
서울대학교,뉴스1,신입생 100명 중 9명 대학 떠났다…서울 주요대 중도탈락률 1위 어디,서울대는 5.2%로 15개 대학 가운데 가장 낮았다. 15개 대학의 평균 중도 탈락률은 9.3%로 전년 10.9%보다 1.6%포인트 하락했다. 고려대(서울)는 11.7%에서 7.9%로 3.8%포인트 떨어져 감소 폭이 가장 컸다. 중앙대(3.5%포인트)...,2026-09-27 08:00,https://www.news1.kr/society/education/6299877,https://n.news.naver.com/mnews/article/421/0009192952?sid=102
연세대학교,이투데이,'SKY' 중도탈락 5년간 1만명 넘었다…지난해 2012명 학교 떠나,"27일 종로학원이 대학알리미에 공시된 대학별 중도탈락자 수를 분석한 결과, 2021~2025년 서울대·연세대·고려대 중도탈락자는 총 1만736명으로 집계됐다. 연도별로 보면 2021년 1971명에서 2022년 2131명으로 처음...",2026-09-27 08:00,https://www.etoday.co.kr/news/view/2629253,https://www.etoday.co.kr/news/view/2629253
연세대학교,뉴스1,신입생 100명 중 9명 대학 떠났다…서울 주요대 중도탈락률 1위 어디,"15개 대학의 평균 중도 탈락률은 9.3%로 전년 10.9%보다 1.6%포인트 하락했다. 고려대(서울)는 11.7%에서 7.9%로 3.8%포인트 떨어져 감소 폭이 가장 컸다. 중앙대(3.5%포인트), 성균관대(3.0%포인트), 연세대(2.9%포인트) 등도...",2026-09-27 08:00,https://www.news1.kr/society/education/6299877,https://n.news.naver.com/mnews/article/421/0009192952?sid=102
고려대학교,뉴스1,SKY 다니다 그만둔 학생 5년 새 1만 명 돌파…결국 의대행?,"대학별로는 고려대 836명, 연세대 801명, 서울대 375명 순이었다. 지난해 중도 탈락자의 64.5%인 1297명은 자연계열이었다. 인문계열은 654명(32.5%), 예체능계열은 61명(3.0%)이었다. 자연계열에서는 공학·생명 관련...",2026-09-27 08:00,https://www.news1.kr/society/education/6300068,https://n.news.naver.com/mnews/article/421/0009192951?sid=102
고려대학교,뉴스1,신입생 100명 중 9명 대학 떠났다…서울 주요대 중도탈락률 1위 어디,"15개 대학의 평균 중도 탈락률은 9.3%로 전년 10.9%보다 1.6%포인트 하락했다. 고려대(서울)는 11.7%에서 7.9%로 3.8%포인트 떨어져 감소 폭이 가장 컸다. 중앙대(3.5%포인트), 성균관대(3.0%포인트), 연세대(2.9%포인트) 등도...",2026-09-27 08:00,https://www.news1.kr/society/education/6299877,https://n.news.naver.com/mnews/article/421/0009192952?sid=102
고려대학교,이투데이,'SKY' 중도탈락 5년간 1만명 넘었다…지난해 2012명 학교 떠나,"대학별로는 지난해 고려대가 836명으로 가장 많았다. 이어 연세대 801명, 서울대 375명 순이었다. 최근 5년간 누적 중도탈락자도 고려대가 4524명으로 가장 많았고 연세대 4099명, 서울대 2113명이었다. 특히 자연계열...",2026-09-27 08:00,https://www.etoday.co.kr/news/view/2629253,https://www.etoday.co.kr/news/view/2629253
고려대학교,뉴시스,"""SKY도 성에 안 차""…최근 5년간 1만736명 중도탈락","최근 5년간 이른바 'SKY대학'으로 불리는 서울대·연세대·고려대에서 중도탈락자가 1만736명 발생한 것으로 나타났다. 지난해 중도탈락자 중 5명 중 3명 이상은 자연계열 학생으로, 상위권 대학·학과나 의학계열로...",2026-09-27 08:00,https://www.newsis.com/view/NISX20260922_0003800822,https://n.news.naver.com/mnews/article/003/0014215035?sid=102
연세대학교,뉴시스,"""SKY도 성에 안 차""…최근 5년간 1만736명 중도탈락","최근 5년간 이른바 'SKY대학'으로 불리는 서울대·연세대·고려대에서 중도탈락자가 1만736명 발생한 것으로 나타났다. 지난해 중도탈락자 중 5명 중 3명 이상은 자연계열 학생으로, 상위권 대학·학과나 의학계열로...",2026-09-27 08:00,https://www.newsis.com/view/NISX20260922_0003800822,https://n.news.naver.com/mnews/article/003/0014215035?sid=102
연세대학교,뉴스1,SKY 다니다 그만둔 학생 5년 새 1만 명 돌파…결국 의대행?,"대학별로는 고려대 836명, 연세대 801명, 서울대 375명 순이었다. 지난해 중도 탈락자의 64.5%인 1297명은 자연계열이었다. 인문계열은 654명(32.5%), 예체능계열은 61명(3.0%)이었다. 자연계열에서는 공학·생명 관련...",2026-09-27 08:00,https://www.news1.kr/society/education/6300068,https://n.news.naver.com/mnews/article/421/0009192951?sid=102
서울대학교,이투데이,'SKY' 중도탈락 5년간 1만명 넘었다…지난해 2012명 학교 떠나,"5%로 가장 많아 “의대·상위권 대학 재입학 추정”…지역의사제 도입에 올해 더 늘 수도 서울대... 27일 종로학원이 대학알리미에 공시된 대학별 중도탈락자 수를 분석한 결과, 2021~2025년 서울대·연세대·고려대...",2026-09-27 08:00,https://www.etoday.co.kr/news/view/2629253,https://www.etoday.co.kr/news/view/2629253
