대학,언론사,기사 제목,기사 요약,발행시각,언론사 링크,네이버 링크
서울대학교,핀포인트뉴스,"서울대학교병원, 교육부 공공기관 브랜드평판 1위…한국장학재단 2위","6위 이하 순위에는 전남대학교병원, 전북대학교병원, 충북대학교병원, 국가평생교육진흥원, 제주대학교병원, 한국보육진흥원, 사립학교교직원연금공단, 강원대학교병원, 분당서울대학교병원...",2026-09-15 07:14,https://www.pinpointnews.co.kr/news/articleView.html?idxno=486967,https://www.pinpointnews.co.kr/news/articleView.html?idxno=486967
서울대학교,NEWSCJ,"[지역탐방] 안양수목원, 58년 만에 시민 품으로… '서울대연구숲'을 걷...",연구자와 학생들이 주로 오가던 서울대학교의 연구 숲이 58년 만에 시민에게 문을 열었다. 상시개방 이후... 안양수목원은 1967년 서울대학교가 관악산 남부 일대에 조성한 '관악수목원'에서 출발했다. 우리나라 최초의...,2026-09-15 07:02,https://www.newscj.com/news/articleView.html?idxno=3432668,https://www.newscj.com/news/articleView.html?idxno=3432668
서울대학교,문화일보,"“구청서 듣는 서울대 명강”…영등포구, 릴레이 특강 ‘영등포 지식人...",서울 영등포구가 서울대 교수진을 강사로 초청해 릴레이 특강을 개최하는 ‘영등포 지식人’을 운영한다고 15일 밝혔다. ‘영등포 지식人’은 영등포구가 서울대 평생교육원과 맺은 업무협약을 바탕으로 마련한...,2026-09-15 07:00,https://www.munhwa.com/article/11616980?ref=naver,https://n.news.naver.com/mnews/article/021/0002818732?sid=102
서울대학교,조선일보,서울대 나와 멕시코서 ‘웃음 빵빵’ “불안정? 그게 뭐라고 두려워하죠...,"서울대 체육교육과를 나와 체육교사 대신 코미디언이 됐다. 구독자 108만명인 유튜브 채널 ‘코미꼬’를... 지난 7일 서울 마포구 메타코미디사에서 만난 그는 “말을 하려면 그 나라 언어를 배워야 하지만, 웃기려면 그...",2026-09-15 00:44,https://www.chosun.com/culture-life/k-culture/2026/09/15/IY7LDRSDFNHCHJBOUS5T7TRWDM/?utm_source=naver&utm_medium=referral&utm_campaign=naver-news,https://n.news.naver.com/mnews/article/023/0003998439?sid=103
연세대학교,에너지경제,[패트롤]원주시-원주시의회-연세대학교 원주연세의료원-밥상공동체 연탄...,연세대학교 원주연세의료원은 14일 원주시 지정면 가곡리 제2병원 건립 현장에서 착공식을 열고 본격적인 공사에 들어갔다. 제2병원은 2028년 3월 완공한 뒤 약 3개월간 시범운영을 거쳐 같은 해 6월 본격 운영에 들어갈...,2026-09-14 23:48,https://www.ekn.kr/web/view.php?key=20260914023534609,https://www.ekn.kr/web/view.php?key=20260914023534609
서울대학교,조선일보,[김성수의 지평선 너머] 무상 등록금으론 ‘지방의 서울대’ 못 만든다,"정부가 ‘서울대 10개 만들기’를 내걸고 거점 국립대를 지역 성장의 축으로 키우려는 취지도 이해할... 하지만 서울대의 경쟁력은 예산 규모만으로 만들어진 게 아니다. 우수한 학생과 교수, 연구소와 병원, 기업과...",2026-09-14 23:45,https://www.chosun.com/opinion/specialist_column/2026/09/15/UTR24JR54BCHRMHDXNMZF5DKBQ/?utm_source=naver&utm_medium=referral&utm_campaign=naver-news,https://n.news.naver.com/mnews/article/023/0003998388?sid=103
고려대학교,메디컬월드뉴스,"[9월 14일 병원계 이모저모⑤]고려대안암, 보라매, 칠곡경북대병원 등 ...","◆고려대안암병원, ‘2026 Primary Care Physician과 함께 하는 심방세동(AF)의 치료’ 연수강좌 개최 고려대학교... ◆보라매병원, 10월 25일 ‘제17회 개원의를 위한 연수교육’ 개최 서울대학교병원운영...",2026-09-14 23:40,https://medicalworldnews.co.kr/news/view.php?idx=1510977236,https://medicalworldnews.co.kr/news/view.php?idx=1510977236
서울대학교,KBS,통합 무산 시 ‘서울대 10개 만들기’도 영향…벼랑 끝 충남대,이런 배경에는 또 최근 선정된 서울대 10개 만들기 패키지 사업 이른바 'S 10'에도 영향을 미칠 수 있다는 우려가 반영된 것으로 해석됩니다. 충남대가 해당 프로젝트에 선정된 큰 이유중 하나인 브랜드 단과대학 신설...,2026-09-14 21:36,https://news.kbs.co.kr/news/pc/view/view.do?ncd=8663139&ref=A,https://n.news.naver.com/mnews/article/056/0012257099?sid=102
서울대학교,IDAEGU,'서울대 10개 만들기' 경북대 후속 선정 요청,"더불어민주당 대구시당은 14일 제3차 상무위원회의를 열어 교육부의 '서울대 10개 만들기'에서 제외된 경북대 후속 선정을 당 지도부에 요청하는 결의문을 채택했다. 박형룡 시당위원장은 ""경북대 선정은 대구·경북이 5극...",2026-09-14 21:24,https://www.idaegu.co.kr/news/articleView.html?idxno=559626,https://www.idaegu.co.kr/news/articleView.html?idxno=559626
고려대학교,메디컬월드뉴스,"[9월 14일 병원계 이모저모①]강원대, 경상국립대, 고려대안암병원, 이...","◆경상국립대병원, 금품수수·갑질 없는 명절문화 조성 ‘청렴 라운딩’ 경상국립대학교병원(병원장... ◆고려대안암병원, ‘2026 부정맥의 날’ 건강강좌 개최 고려대학교 안암병원 순환기내과가 오는 10월 2일(금) 오후...",2026-09-14 21:20,https://medicalworldnews.co.kr/news/view.php?idx=1510977232,https://medicalworldnews.co.kr/news/view.php?idx=1510977232
서울대학교,TBC,"민주당 대구시당, 경북대 '서울대 10개 만들기' 후속 선정 촉구",더불어민주당 대구시당이 오늘(14일) 상무위원회를 열고 경북대의 '서울대 10개 만들기' 후속 선정을 강력 촉구하는 결의문을 채택했습니다. 박형룡 위원장은 경북대 후속 선정은 대구경북이 5극3특의 한 축으로 서기...,2026-09-14 21:14,https://www.tbc.co.kr/news/view?pno=20260914164745AE05557&id=211052,https://www.tbc.co.kr/news/view?pno=20260914164745AE05557&id=211052
고려대학교,더퍼스트미디어,"[단신] 고려대 안암병원, '2026 Primary Care Physician과 함께 하는 심방...",2026 Primary Care Physician과 함께 하는 심방세동의 치료 프로그램 고려대학교 안암병원은 오는 10월 2일... ◆ 고려대학교 안암병원 '부정맥의 날' 건강강좌 개최 고려대학교 안암병원은 오는 10월 2일 금요일 오후...,2026-09-14 20:44,http://www.thefirstmedia.net/news/articleView.html?idxno=208607,http://www.thefirstmedia.net/news/articleView.html?idxno=208607
서울대학교,KSMNEWS,'서울대 10개' 경북대 탈락…민주당도 “조기 2차 지정” 촉구,정부의 ‘서울대 10개 만들기’ 사업 1차 지원 대상에서 경북대가 제외된 가운데 대구·경북에서 경북대의... 김민석 민주당 대표가 최근 ‘서울대 10개 만들기’ 사업의 조기 후속 선정과 대상 확대 가능성을 언급한 것도...,2026-09-14 20:32,https://www.ksmnews.co.kr/news/view.php?idx=621959,https://www.ksmnews.co.kr/news/view.php?idx=621959
고려대학교,이뉴스투데이,"[고려대 소식] 고려대, 9월 18일 '2026 KU AI 포럼' 개최 외","이번 포럼은 교육부와 과학기술정보통신부, 고려대 인문사회디지털융합인재양성사업단·AI중심대학사업단이 주최·주관하고 고려사이버대학교, 핀다, 인튜브, 업스테이지, 구글 코리아, 한국연구재단이...",2026-09-14 20:30,http://www.enewstoday.co.kr/news/articleView.html?idxno=2470184,http://www.enewstoday.co.kr/news/articleView.html?idxno=2470184
서울대학교,국제뉴스,"경상국립대 교수회 ""'서울대 10개 만들기' 3개 대학 집중 지원 잘못됐다...",사진/경상국립대학교 이재명 정부의 '서울대 10개 만들기' 정책이 특정 3개 대학 중심의 패키지 지원으로 변질되고 있다는 지적이 제기됐다. 경상국립대학교 교수회는 14일 성명서 발표를 통해 정부를 향해 정책의 전면적인...,2026-09-14 20:20,https://www.gukjenews.com/news/articleView.html?idxno=3694948,https://www.gukjenews.com/news/articleView.html?idxno=3694948
서울대학교,경남일보,'서울대 10개 만들기 정책' 재검토 축구,"경상국립대 교수회가 ""정부의 '서울대 10개 만들기' 정책이 특정 3개 대학 중심의 패키지 지원으로 변질되고... 정부는 최근 이재명 정부의 국정과제인 이른바 '서울대 10개 만들기'의 패키지 지원대학에 부산대와 전남대...",2026-09-14 19:48,https://www.gnnews.co.kr/news/articleView.html?idxno=645510,https://www.gnnews.co.kr/news/articleView.html?idxno=645510
서울대학교,로이슈,"두나무, 서울대와 초기 스타트업 7곳 지원 공간 운영",두나무가 서울대학교 경영대학과 함께 초기 청년 창업기업을 지원하는 스타트업 공간 운영에 들어갔다. 두나무는 10일 서울대 경영대학과 공동 운영하는 ‘SNU x UPbit Startup Studio’ 입주 기업을 대상으로 환영 행사를...,2026-09-14 19:38,http://www.lawissue.co.kr/view.php?ud=20260914193629590204ead0791_12,http://www.lawissue.co.kr/view.php?ud=20260914193629590204ead0791_12
연세대학교,UJEIL,"울산대, 기부금 전국 사립대 중 4위… 1위는 연세대","최근 5년 동안 울산대학교가 받은 기부금 액수가 전국 사립대 중 4위를 차지한 것으로 나타났다. 국회... 집계됐고, 대학별로는 연세대가 3천656억원으로 가장 많았고 서울대 3천503억원, 고려대 3천360억원 순이었다....",2026-09-14 19:36,http://www.ujeil.com/news/articleView.html?idxno=392074,http://www.ujeil.com/news/articleView.html?idxno=392074
서울대학교,NEWSBRITE,두나무-서울대 경영대 '업비트 스타트업 스튜디오' 열었다,두나무가 서울대 경영대와 함께 청년 스타트업 지원 공간인 'SNU-업비트 스타트업 스튜디오'를 지난 10일... 두나무는 ESG 핵심 키워드인 청년인재 성장 일환으로 서울대와 협력해 입주팀의 성장을 위한 핵심 인프라를 무상...,2026-09-14 19:16,http://www.newsbrite.net/news/articleView.html?idxno=200370,http://www.newsbrite.net/news/articleView.html?idxno=200370
서울대학교,SKBROADBAND,"대구 민주당, '서울대 10개 만들기' 경북대 선정 요청 결의문 채택",더불어민주당 대구시당이 제3차 상무위원회를 열고 교육부의 '서울대 10개 만들기' 1차 선정에서 제외된... 박 위원장은 경북대의 '서울대 10개 만들기' 후속 선정은 대구경북이 지방주도성장을 이글어가기 위해 반드시...,2026-09-14 18:54,https://news.skbroadband.com/news/articleView.html?idxno=237862,https://news.skbroadband.com/news/articleView.html?idxno=237862
서울대학교,더팩트,"'서울대 10개 만들기'에서 빠진 전북대, 수시 3만 명 돌파로 '자력 경쟁...","3만 641명 지원, 전년보다 23.5% 증가…사업 선정 대학보다 높은 증가율 부산대·충남대·전남대 지원자 증가율보다 앞서 전북대학교가 정부의 '서울대 10개 만들기' 사업에 선정되지 않았음에도 2027학년도...",2026-09-14 18:38,https://news.tf.co.kr/read/national/2365782.htm,https://n.news.naver.com/mnews/article/629/0000533685?sid=102
서울대학교,한겨레,"베이징대 4위, 서울대 57위…학문 등산길, 단거리 경주 아니다","이삼십년 뒤, 내가 서울대학교 교수로 있으면서 아시아 물리교육 네트워크(Asia Physics Education Network)의 한국... 당시 서울대 물리학과 교수가 대략 30여명 수준이었기에 놀라운 숫자가 아닐 수 없었다. 그는 100명이나 되는...",2026-09-14 18:38,https://www.hani.co.kr/arti/opinion/column/1277805.html,https://n.news.naver.com/mnews/article/028/0002823076?sid=110
연세대학교,영남일보,연세대 한 곳이 대구경북 18개 사립대보다 기부금 2.4배,대학 한 곳으로 비교하면 격차는 더 두드러진다. 지난해 연세대 본교 기부금은 1천215억원으로 대구경북 사립대 전체 기부금의 2.4배였다. 고려대 본교도 755억6천만원으로 대구경북 전체 사립대보다 많았다....,2026-09-14 18:36,https://www.yeongnam.com/web/view.php?key=20260914028128480,https://www.yeongnam.com/web/view.php?key=20260914028128480
서울대학교,파이낸셜뉴스,"두나무, 서울대와 청년 스타트업 키운다",디지털자산 거래소 업비트를 운영하는 두나무가 서울대에 청년 스타트업 공간을 지원한다. 서울대 경영대학과 함께 청년 스타트업 지원 공간인 '서울대(SNU) x 업비트 스타트업 스튜디오'를 열었다. 14일 가상자산업계에...,2026-09-14 18:30,https://www.fnnews.com/news/202609141829086981,https://n.news.naver.com/mnews/article/014/0005575610?sid=105
서울대학교,DGMBC,"민주당 대구시당, '서울대 10개 만들기' 경북대 후속 선정 촉구 결의문...",더불어민주당 대구시당은 교육부의 '서울대 10개 만들기' 1차 사업 대상에서 제외된 경북대학교의 후속 선정을 당 지도부에 강력히 요청하기로 했습니다. 민주당 대구시당은 상무위원회의를 열고 경북대의 추가 선정을...,2026-09-14 18:28,https://dgmbc.com/NewsArticle/862183,https://n.news.naver.com/mnews/article/657/0000055358?sid=102
서울대학교,MHNSE,"'오상진♥' 김소영, 딸 '서울대 진학' 반대→이유 있었다…""부모와 동문...","강호동은 연세대학교 홍보대사인 오상진에게 난감한 질문도 던졌다. 그는 ""아이가 대학 갈 때 꿈을 펼치기 위해 서울대학교를 가겠다고 하면 두 팔 들고 반대할 거냐""고 물었다. 이에 오상진은 ""그런 건 엄마가 결정한다...",2026-09-14 18:26,https://mhnse.com/news/articleView.html?idxno=1543581,https://m.entertain.naver.com/article/445/0000464653
연세대학교,신아일보,"연세대 프랜차이즈 CEO, 찾아가는 동문기수 44기 '기수2주년' 월례회 개...",연세대학교 프랜차이즈 최고경영자과정(FCEO) 44기가 결성 2주년을 맞아 원우 간 교류와 상호 협력을 다지는 기념행사를 개최했다. 이번 행사는 지난 2024년 9월에 개강한 '제44기 연세대 FCEO' 2주년을 맞이한 월례회로...,2026-09-14 18:10,https://www.shinailbo.co.kr/news/articleView.html?idxno=5061592,https://www.shinailbo.co.kr/news/articleView.html?idxno=5061592
서울대학교,뉴스웨이,"미래에셋증권, 최재원 서울대 교수 사외이사 신규 선임","최 교수는 서울대학교 전기공학과를 졸업한 뒤 미국 프린스턴대학교에서 금융공학 석사 학위를, 뉴욕대학교 스턴스쿨에서 재무학 박사 학위를 받았다. 이후 미국 일리노이대학교 어바나-샴페인 경영대학에서 조교수와...",2026-09-14 18:10,https://www.newsway.co.kr/news/view?ud=2026091418083483212,https://www.newsway.co.kr/news/view?ud=2026091418083483212
서울대학교,한국경제,"[포토] 두나무·서울대, 청년 창업 지원",두나무는 서울대 경영대와 청년 스타트업 지원 공간인 ‘SNU x 업비트 스타트업 스튜디오’ 환영식을 열었다고 14일 밝혔다. 송치형 두나무 회장(맨 뒷줄 가운데)은 “지속가능한 성장을 이룰 수 있도록 든든한...,2026-09-14 17:55,https://www.hankyung.com/article/2026091439441,https://n.news.naver.com/mnews/article/015/0005332159?sid=101
서울대학교,디지털데일리,"“감사위원 공백에 법원 선임”…미래에셋증권, 최재원 서울대 교수 이...","미래에셋증권이 감사위원회 공백을 메우기 위해 법원 결정으로 최재원 서울대 경제학부 교수를 일시... 서울대 전기공학과를 졸업한 뒤 미국 프린스턴대에서 금융공학 석사, 뉴욕대 스턴스쿨에서 재무학 박사 학위를...",2026-09-14 17:41,https://www.ddaily.co.kr/page/view/2026091417395749843,https://n.news.naver.com/mnews/article/138/0002241368?sid=101
서울대학교,MTN 머니투데이방송,"두나무, 서울대와 청년 스타트업 육성…지원 공간 오픈",청년 스타트업의 성장을 지원하기 위해 두나무와 서울대학교가 손을 잡았다. 창업 초기에 필요한 인프라와 멘토링 등을 제공해 스타트업 생태계 활성화에 나선다. 업비트 운영사 두나무는 지난 10일 서울대학교...,2026-09-14 17:28,https://news.mtn.co.kr/news-detail/2026091415400919039,https://news.mtn.co.kr/news-detail/2026091415400919039
고려대학교,KFENEWS,"고려대, '2026 KU AI 포럼' 개최","교육부와 과학기술정보통신부, 고려대 인문사회디지털융합인재양성사업단·AI중심대학사업단이 공동 주최·주관하는 이번 행사에는 고려사이버대학교, 핀다, 인튜브, 업스테이지, 구글 코리아, 한국연구재단 등이...",2026-09-14 17:20,https://www.kfenews.co.kr/news/articleView.html?idxno=664505,https://www.kfenews.co.kr/news/articleView.html?idxno=664505
서울대학교,노컷뉴스,"'서울대 10개 만들기' 꼼수에 뿔났다…""전면 재검토"" 요구","경상국립대학교 교수회는 14일 성명을 내고 ""정부의 '서울대 10개 만들기' 정책이 특정 3개 대학 중심의 패키지 지원으로 변질되고 있다""며 정책 전면 재검토와 9개 거점국립대 균형 육성 방안을 촉구했다. 교수회는 ""막대한...",2026-09-14 17:16,https://www.nocutnews.co.kr/news/6577902?utm_source=naver&utm_medium=article&utm_campaign=20260914051557,https://n.news.naver.com/mnews/article/079/0004189185?sid=102
고려대학교,교수신문,"AI가 불러온 대학교육과 청년 창업 변화…고려대, 'AI 포럼' 개최","주최하고, 고려대 인문사회디지털융합인재양성사업단과 AI중심대학사업단이 공동 주관하는 '2026 KU AI 포럼'이 오는 18일(금) 서울캠퍼스 백주년기념삼성관 국제회의실에서 열린다. 이번 행사에는 고려사이버대...",2026-09-14 17:12,https://www.kyosu.net/news/articleView.html?idxno=210233,https://www.kyosu.net/news/articleView.html?idxno=210233
서울대학교,매일신문,"민주당 대구시당, 경북대 '서울대10개' 후속 선정 촉구","교육부의 '서울대 10개 만들기' 후속 선정에 경북대가 반드시 포함돼야 한다고 촉구했다. 민주당 대구시당은... 경북대의 '서울대 10개 만들기' 후속 선정이 반드시 필요하다""고 강조했다. 이어 ""경북대가 지역 인재 양성과...",2026-09-14 17:10,https://www.imaeil.com/page/view/2026091417031924470,https://n.news.naver.com/mnews/article/088/0001028408?sid=100
서울대학교,LGHELLOVISION,② 부산대 수도권 지원자 급증…서울대급 만들기 통했나,"부산대학교가 정부의 이른바 '서울대 10개 만들기' 정책의 첫 지원 대학으로 선정됐다는 소식... 서울과 경기, 인천 등 수도권 지역 지원자 수가 전년 대비 126.8% 급증했습니다. 수도권 지원자 수는 2026학년도 1천372명으로...",2026-09-14 17:00,http://news.lghellovision.net/news/articleView.html?idxno=554998,http://news.lghellovision.net/news/articleView.html?idxno=554998
고려대학교,1CONOMYNEWS,"숲과나눔, 고려대와 손잡고 1인 가구 마음건강·고립 대응 나선다","14일 재단법인 숲과나눔 1인 가구솔루션센터는 지난 8일 고려대학교 KU마음건강연구소와 마음건강 증진과 사회적 고립 예방, 사회적 연결 회복을 위한 업무협약(MOU)를 체결했다고 밝혔다. 이번 협약은 연구 결과를 실제 1인...",2026-09-14 16:56,https://www.1conomynews.co.kr/news/articleView.html?idxno=50396,https://www.1conomynews.co.kr/news/articleView.html?idxno=50396
서울대학교,동아일보,"두나무, 서울대와 청년 스타트업 키운다…‘SNU x 업비트 스타트업 스튜...",국내 가상자산거래소 업비트 운영사 두나무가 서울대 경영대학과 함께 청년 스타트업을 지원하는 공간을... 두나무와 서울대 경영대학은 지난 10일 공간 탄생을 기념하는 ‘Welcome Day’ 행사를 열었다. 송치형 두나무...,2026-09-14 16:55,https://www.donga.com/news/Economy/article/all/20260914/134665766/1,https://n.news.naver.com/mnews/article/020/0003747977?sid=101
서울대학교,경북신문,"현직 서울대 교수, 지도 대학원생 추행 혐의로 검찰 송치",현직 서울대 교수가 지도하던 학생을 추행한 혐의로 검찰에 넘겨졌다.14일 경찰에 따르면 서울 관악경찰서는 서울대 이과 계열 소속 교수인 50대 남성 A씨를 지난 6월 16일 업무상 위력 등에 의한 추행 혐의로...,2026-09-14 16:54,https://www.kbsm.net/news/view.php?idx=534074,https://www.kbsm.net/news/view.php?idx=534074
고려대학교,한겨레,"고려대, 수시 2731명 선발…전형 체계 대체로 전년 유지","고려대는 2027학년도 수시모집에서 전년 대비 28명 늘어난 2731명의 신입생을 선발한다. 전형별 모집 인원은... 면접은 제시문 기반으로 7분간 진행되며(의과대학은 MMI 실시), 수능최저학력기준은 적용하지 않는다....",2026-09-14 16:50,https://www.hani.co.kr/arti/society/schooling/1277728.html,https://n.news.naver.com/mnews/article/028/0002823007?sid=102
연세대학교,DNEWS,"연세대, 첫 ‘기업승계 최고위 과정’…건설업 승계·매각 해법은",연세대학교 미래교육원이 급변하는 가업승계 세제 환경에 대응하기 위해 제1기 ‘기업승계 최고위 과정’을 개설하고 오는30일 개강한다. 특히 사업용 토지 공제 축소와 건설경기 침체가 겹친 건설업계에 승계ㆍ매각...,2026-09-14 16:42,https://www.dnews.co.kr/uhtml/view.jsp?idxno=202609141621028640984,https://www.dnews.co.kr/uhtml/view.jsp?idxno=202609141621028640984
서울대학교,뉴스1,"민주당 대구시당, '서울대 10개 만들기'에 경북대 후속 선정 요청","더불어민주당 대구시당이 교육부의 '서울대 10개 만들기' 1차 선정에서 제외된 경북대의 후속 선정을 당... 앞서 정부는 '서울대 10개 만들기 패키지 지원 대학'에 부산대와 전남대, 충남대 등 3곳을 선정했다. 이에 대구...",2026-09-14 16:42,https://www.news1.kr/local/daegu-gyeongbuk/6290034,https://n.news.naver.com/mnews/article/421/0009169368?sid=102
서울대학교,동아일보,"서울대서 석탑 연구한 이란인 박사, 美대학 교수 됐다",서울대에서 박사학위를 받은 외국인 졸업생이 미국 대학 교수로 임용됐다. 14일 서울대는 공과대학 건축학과에서 박사학위를 받은 이란 출신 파히메 야바르타누 박사가 지난달 미국 하트퍼드대 건축학과 조교수로...,2026-09-14 16:33,https://www.donga.com/news/Society/article/all/20260914/134665231/1,https://n.news.naver.com/mnews/article/020/0003747969?sid=102
서울대학교,NEWSGN,'서울대 10개 만들기'라더니 3개 대학만 지원? 경상국립대 교수회 국립...,"경상국립대 교수회가 정부의 '서울대 10개 만들기' 정책이 특정 3개 대학 중심의 패키지 지원으로 변질되고 있다며 정책 전면 재검토와 9개 거점국립대 균형 육성 방안을 촉구하는 성명서를 발표했다. 교수회는 ""서울대 10개...",2026-09-14 16:32,https://www.newsgn.com/news/articleView.html?idxno=573547,https://www.newsgn.com/news/articleView.html?idxno=573547
고려대학교,아시아타임즈,[대학 뉴스브리핑] 삼육대·서울과기대대·고려대,"이번 포럼은 교육부와 과학기술정보통신부, 고려대 인문사회디지털융합인재양성사업단·AI중심대학사업단이 주최·주관하고 고려사이버대학교, 핀다, 인튜브, 업스테이지, 구글 코리아, 한국연구재단이 후원한다....",2026-09-14 16:32,https://www.asiatime.co.kr/article/20260914500340,https://www.asiatime.co.kr/article/20260914500340
고려대학교,의학신문,"고대안암병원, '부정맥의 날' 건강강좌 개최","강좌에서는 부정맥의 기본 개념과 심장 건강을 위한 생활습관을 비롯해 인공심박동기·제세동기, 심방세동 약물치료, 심방세동 시술, 펄스장 절제술, 시술 후 관리 등에 대한 고려대 안암병원 순환기내과 의료진의 설명이...",2026-09-14 16:12,https://www.bosa.co.kr/news/articleView.html?idxno=3012067,https://www.bosa.co.kr/news/articleView.html?idxno=3012067
서울대학교,S-JOURNAL,"두나무, 서울대와 청년 스타트업 지원 공간 개관… 청년 창업 생태계 활...",디지털자산 거래소 업비트를 운영하는 두나무는 서울대학교 경영대학과 손잡고 청년 스타트업 지원... 경영진과 서울대 경영대학 교수진이 함께 자리했다. 엄격한 심사를 거쳐 최종 입주 기업으로 선발된 곳은...,2026-09-14 16:02,https://www.s-journal.co.kr/news/articleView.html?idxno=43739,https://www.s-journal.co.kr/news/articleView.html?idxno=43739
서울대학교,KYONGBUK,영주서 '클래식 명곡 베스트'…서울대 음대 교수진 협연,서울대학교 음악대학 교수진과 유명 성악가들이 영주심포니오케스트라와 협연하는 대형 클래식 공연이... 무대에는 서울대학교 음악대학 교수진이 대거 오른다. 플루티스트 윤혜리가 도플러의 '헝가리 전원 환상곡'을...,2026-09-14 16:00,https://www.kyongbuk.co.kr/news/articleView.html?idxno=4084128,https://www.kyongbuk.co.kr/news/articleView.html?idxno=4084128
고려대학교,MONEWS,"[행사] 고대 안암병원, 부정맥의 날 건강강좌 개최","고려대학교 안암병원은 10월 2일 메디힐홀에서 2026 부정맥의 날 건강강좌를 개최한다. 이번 건강강좌는 부정맥과 심방세동, 인공심박동기, 제세동기 등 부정맥과 관련한 치료법, 주의점을 비롯한 다양한 강좌가 준비돼...",2026-09-14 15:54,https://www.monews.co.kr/news/articleView.html?idxno=413883,https://www.monews.co.kr/news/articleView.html?idxno=413883
고려대학교,주간한국,"고려대 안암병원, 내달 2일 심방세동 치료 연수강좌 진행",포스터=고대안암병원  고려대학교 안암병원은 내달 2일 오후 6시부터 5층 서울 성북구 본관 메디힐 홀에서 '2026 Primary Care Physician과 함께 하는 심방세동(AF)의 치료' 연수강좌를 연다고 14일 밝혔다....,2026-09-14 15:50,https://weekly.hankooki.com/news/articleView.html?idxno=7184149,https://weekly.hankooki.com/news/articleView.html?idxno=7184149
연세대학교,한국강사신문,"연세대학교 인구와 인재 연구원, 대한민국 사회구조 개혁의 새 지평 연...",연세대학교 인구와 인재 연구원이 인구 문제를 넘어 교육·노동·의료·이민·복지 등 대한민국 사회 전반의 구조적 변화를 진단하고 미래를 설계하는 대담한 여정에 나섰다. 연세대학교(총장 윤동섭) 인구와 인재 연구원...,2026-09-14 15:44,https://www.lecturernews.com/news/articleView.html?idxno=210486,https://www.lecturernews.com/news/articleView.html?idxno=210486
고려대학교,스마트경제,"""가설 세우고 스스로 피드백""…백서인 고려대 KU-KIST융합대학원/융합에...","고려대학교(총장 김동원)는 백서인 KU-KIST융합대학원/융합에너지공학과 교수 연구팀이 빅토르 펑(Victor Fung), 엠마 허(Guoxiang Hu) 미국 조지아 공과대학교(Georgia Institute of Technology) 교수 연구팀과의 공동 연구를 통해...",2026-09-14 15:42,http://www.dailysmart.co.kr/news/articleView.html?idxno=129701,http://www.dailysmart.co.kr/news/articleView.html?idxno=129701
서울대학교,교수신문,서울대 10개·전액장학금 기대감 반영됐나… 거점국립대 수시 지원자 '1...,"서울대 10개 만들기 정책과 국립대 전액 장학금에 대한 기대감이 맞물리면서 지방 거점국립대 수시... 띈다""며 ""정부의 서울대 10개 만들기 집중 육성과 '국립대 등록금 무료화(학비 감면)' 정책에 대한 기대감이...",2026-09-14 15:36,https://www.kyosu.net/news/articleView.html?idxno=210236,https://www.kyosu.net/news/articleView.html?idxno=210236
서울대학교,브릿지경제,"두나무-서울대 경영대, ‘SNU×업비트 스타트업 스튜디오’ 개관","두나무가 서울대학교 경영대학과 함께 청년 스타트업 지원 공간인 ‘SNU x 업비트 스타트업 스튜디오’를... 경영진, 서울대학교 경영대학 교수진들이 참석했다. 심사를 거쳐 최종 선정된 입주 스타트업은 △브레드크럼...",2026-09-14 15:30,https://www.viva100.com/article/20260914501116,https://www.viva100.com/article/20260914501116
고려대학교,에듀동아,"고려대, 다중 인공지능 에이전트로 고성능 촉매 설계","이번 연구는 고려대학교(총장 김동원) KU-KIST융합대학원/융합에너지공학과 백서인 교수 연구팀과 미국 조지아 공과대학교(Georgia Institute of Technology) 빅토르 펑(Victor Fung), 엠마 허(Guoxiang Hu) 교수 연구팀이...",2026-09-14 15:20,https://edu.donga.com/news/articleView.html?idxno=111903,https://edu.donga.com/news/articleView.html?idxno=111903
서울대학교,뉴스1,"두나무, 서울대와 손잡고 청년 창업 지원…스타트업 7곳 키운다",가상자산 거래소 업비트 운영사 두나무가 서울대학교 경영대학과 손잡고 청년 창업 지원에 나선다. 두나무는 서울대 경영대학과 청년 창업 지원 공간 'SNU x UPbit Startup Studio'를 개소했다고 15일 밝혔다. 지난 10일...,2026-09-14 15:16,https://www.news1.kr/finance/blockchain-fintech/6289729,https://n.news.naver.com/mnews/article/421/0009169050?sid=101
서울대학교,HIDOMIN,"민주당 대구시당, '서울대 10개' 탈락 경북대 후속 선정 촉구",더불어민주당 대구시당이 교육부의 '서울대 10개 만들기' 1차 사업에서 고배를 마신 경북대학교의 후속 선정을 당 지도부에 강력히 요청하며 총력전에 나섰다. 민주당 대구시당은 14일 제3차 상무위원회의를 열어 경북대의...,2026-09-14 15:10,https://www.hidomin.com/news/articleView.html?idxno=721058,https://www.hidomin.com/news/articleView.html?idxno=721058
서울대학교,DKILBO,"영주시, 서울대 음대 교수진 총출동하는 '클래식 명곡 베스트' 무대 선...","플루트 윤혜리, 바이올린 백주영, 피아노 주희성 등 현직 서울대학교 음악대학 교수들이 대거 출연해 깊이 있는 선율을 뽐낸다. 이에 더해 소프라노 김순영(숙명여대 초빙교수)과 테너 정의근(상명대 음대 교수)이 무대에...",2026-09-14 15:10,https://www.dkilbo.com/news/articleView.html?idxno=554269,https://www.dkilbo.com/news/articleView.html?idxno=554269
서울대학교,한국강사신문,"서울 양천도서관, 서울대 김붕년 교수 초청 '자녀의 사회성 발달과 양육...",서울특별시교육청(교육감 정근식) 산하 양천도서관(관장 고영갑)은 오는 10월 15일 오전 10시 도서관 1층 꿈동산실에서 서울대학교 소아청소년정신과 김붕년 교수를 초청해 '2026년 프리미엄 저자 강연회 북웨이브 북콘서트...,2026-09-14 15:08,https://www.lecturernews.com/news/articleView.html?idxno=210576,https://www.lecturernews.com/news/articleView.html?idxno=210576
고려대학교,팝콘뉴스,"""AI가 과학자처럼 가설 세우고 추론""...고려대 연구팀, 다중 인공지능 에...","고려대학교(총장 김동원)는 KU-KIST융합대학원/융합에너지공학과 백서인 교수 연구팀과 미국 조지아 공과대학교(Georgia Institute of Technology) 빅토르 펑(Victor Fung), 엠마 허(Guoxiang Hu) 교수 연구팀이 공동으로 대규모...",2026-09-14 15:02,http://www.popcornnews.net/news/articleView.html?idxno=132879,http://www.popcornnews.net/news/articleView.html?idxno=132879
고려대학교,NONGMIN,"박홍근 기획처 장관, 고대생과 ‘천원의 아침밥’…청년 고민 들어","이어 박 장관은 고려대 학생과 교수·대학원생 100여명을 대상으로 ‘대전환의 시대, 대한민국이 나아갈 길’을 주제로 특강을 진행했다. 특강에선 산업화와 민주화를 아우른 한국의 성장 발자취를 돌아보고 반도체와 K...",2026-09-14 14:57,https://www.nongmin.com/article/20260914500348,https://n.news.naver.com/mnews/article/662/0000104245?sid=100
서울대학교,뉴스1,"'서울대 10개 선정 탈락' 영향 없었다…전북대, 수시 경쟁률 상승",전북대학교의 2027학년도 수시모집 경쟁률이 크게 상승한 것으로 집계됐다. 지원자 수 역시 크게 증가하면서 '서울대 10개 만들기 사업' 탈락으로 제기됐던 우려를 말끔히 씻어냈다. 전북대는 2027학년도 수시모집...,2026-09-14 14:56,https://www.news1.kr/local/jeonbuk/6289818,https://n.news.naver.com/mnews/article/421/0009168952?sid=102
고려대학교,BBS NEWS,"박홍근 기획예산처 장관, 고려대 방문 청년 현장 소통",박홍근 기획예산처 장관이 오늘 고려대학교를 찾아 학생들과 아침 식사를 함께하며 청년들이 미래 준비... 이어 고려대 대강당에서 열린 특강에서 박 장관은 선제적 대규모 투자를 포함해 지방교육재정교부금 개편...,2026-09-14 14:54,https://news.bbsi.co.kr/news/articleView.html?idxno=4106435,https://news.bbsi.co.kr/news/articleView.html?idxno=4106435
서울대학교,BUSINESSPLUS,"두나무·서울대, 초기 스타트업 7곳 지원…창업 스튜디오 가동",/ 사진=두나무 14일 두나무에 따르면 서울대학교 경영대학과 공동 조성한 'SNU x UPbit Startup Studio'에 초기 스타트업 7개사가 입주했다. 두나무와 서울대는 지난 10일 입주 환영행사를 열고 지원 프로그램 운영에...,2026-09-14 14:52,https://www.businessplus.kr/news/articleView.html?idxno=116806,https://www.businessplus.kr/news/articleView.html?idxno=116806
고려대학교,메트로신문,"고려대, KU AI 포럼 개최…AI 세대를 위한 대학의 미래 짚는다","1부는 송길영 작가의 'AI 네이티브 시대, 배움의 재정의' 강연을 시작으로 고려대 학부·대학원생 40여 팀이 참여한 포스터 세션 'AI across Campus'가 진행된다. 2부는 교육 세션은 'AI 시대 대학 교육과 미래 진로의 변화...",2026-09-14 14:50,http://www.metroseoul.co.kr/article/20260914500365,http://www.metroseoul.co.kr/article/20260914500365
서울대학교,뉴스1,"서울대 현직 교수, 대학원생 추행 혐의로 불구속 송치",14일 경찰에 따르면 서울 관악경찰서는 서울대 소속 A 교수를 업무상 위력 등에 의한 추행 혐의로 지난 6월 16일 서울중앙지검에 불구속 송치했다. A 교수는 3월 24일 자신의 지도학생이던 대학원생 B 씨에게 스킨십을...,2026-09-14 14:46,https://www.news1.kr/society/incident-accident/6289096,https://n.news.naver.com/mnews/article/421/0009168915?sid=102
고려대학교,파이낸셜뉴스,'AI 네이티브' 청년 창업 키운다… 고려대·빅테크 머리 맞대,"맞춰, 대학 교육의 틀을 바꾸고 청년 창업 기업의 해외 진출을 돕기 위해 학계와 산업계가 머리를 맞댄다. 고려대학교는 오는 18일 서울 성북구 서울캠퍼스 백주년기념삼성관에서 'AI 네이티브 인재가 여는 대학 혁신의...",2026-09-14 14:29,https://www.fnnews.com/news/202609141427237163,https://n.news.naver.com/mnews/article/014/0005575413?sid=102
고려대학교,베리타스알파,고려대 AI 에이전트 스스로 촉매 설계.. 'MAESTRO' 개발,"고려대 KU-KIST융합대학원/융합에너지공학과 백서인 교수팀이 미국 조지아공과대학교(Georgia Institute of Technology) 빅토르 펑, 엠마 허 교수팀과 공동으로 인공지능이 스스로 촉매 구조를 설계하고 이전 설계 결과를...",2026-09-14 14:28,https://www.veritas-a.com/news/articleView.html?idxno=627770,https://www.veritas-a.com/news/articleView.html?idxno=627770
서울대학교,아주경제,"KIC중국, 서울대와 맞손...중국 진출 적극 모색키로","특히 이번 포럼에서 KIC중국과 서울대 산학협력단은 이번 협약을 바탕으로 우수 기술과 연구성과를 발굴하고 기술이전·사업화를 추진할 계획이다. 양국 대학과 연구기관, 기업 간 협력도 확대하기로 했다. KIC중국...",2026-09-14 14:20,https://www.ajunews.com/view/20260914141613269,https://www.ajunews.com/view/20260914141613269
서울대학교,뉴시스,"대구 민주당, '서울대 10개 만들기' 경북대 후속 선정 요청",특히 기존 정부 평가인 글로컬대학 사업 평가에서 경북대학교가 '서울대 10개 만들기'에 1차 선정된 전남대학교와 충남대학교에 앞섰는데도 탈락한 결과를 납득할 수 없다는 반발이 대구·경북에서 나왔다. 'TK패싱...,2026-09-14 14:16,https://www.newsis.com/view/NISX20260914_0003788534,https://n.news.naver.com/mnews/article/003/0014188659?sid=102
고려대학교,대학저널,"최주영 강사 ""고려대 계열적합 면접, 요약 아닌 원리 수립이 핵심""","대상으로 고려대 계열적합전형 면접 대비 전략에 대해 ""요약이 아닌 원리 수립이 핵심""이라며 전략을 상세히 설명했다. 최근 강연에서 최 이사는 고려대 계열적합전형이 수도권 수능 전 면접 가운데 가장 밀도가 높은...",2026-09-14 14:12,https://dhnews.co.kr/news/view/1065589728862782,https://dhnews.co.kr/news/view/1065589728862782
고려대학교,뉴스티앤티,"고려대, '2026 KU AI 포럼' 개최…AI 네이티브 인재·대학 혁신 논의","이번 포럼은 교육부와 과학기술정보통신부, 고려대 인문사회디지털융합인재양성사업단·AI중심대학사업단이 주최·주관한다. 고려사이버대학교, 핀다, 인튜브, 업스테이지, 구글코리아, 한국연구재단이 후원한다....",2026-09-14 14:08,https://www.newstnt.com/news/articleView.html?idxno=718149,https://www.newstnt.com/news/articleView.html?idxno=718149
연세대학교,대학저널,"제시문 면접, 연세대 고려대는 발표 뒤 닷새에서 아흐레가 남는다","연세대 활동우수형 면접 후기에서 회수한 질문 417건 가운데 105건, 25.2%가 제시문 문항이었다. 38개 대학 면접 후기에서 회수한 질문 2만7392건 가운데 제시문 문항은 2.3%다. 발표를 확인한 학생에게 남는 시간은 연세대가...",2026-09-14 14:06,http://dhnews.co.kr/news/view/1065589406829479,http://dhnews.co.kr/news/view/1065589406829479
고려대학교,대학저널,"제시문 면접, 연세대 고려대는 발표 뒤 닷새에서 아흐레가 남는다","대치동에서 대입 면접 자료를 만드는 현학적 연구소가 38개 대학의 공개 자료를 같은 기준으로 정리한 결과 32곳은 학생부를 바탕으로 묻는 서류 기반 면접이었고, 연세대와 고려대를 포함한 3곳은 면접장에서 처음 받는...",2026-09-14 14:06,http://dhnews.co.kr/news/view/1065589406829479,http://dhnews.co.kr/news/view/1065589406829479
서울대학교,EROUN,"영주시, 서울대 음대 교수진 등 '클래식 어벤져스' 총출동…'클래식 명...","서울대학교 음악대학 교수로 재직 중인 세계적인 플루티스트 윤혜리, 바이올리니스트 백주영, 피아니스트 주희성이 나란히 협연자로 나선다. 폭넓은 감정 표현과 가창력을 겸비한 소프라노 김순영(숙명여대 초빙교수)과...",2026-09-14 14:06,https://www.eroun.net/news/articleView.html?idxno=90006,https://www.eroun.net/news/articleView.html?idxno=90006
서울대학교,NEWSWELL,"두나무, 서울대 경영대학과 '청년 스타트업 꿈' 응원",두나무와 서울대학교 경영대학이 청년 스타트업 지원 공간 'SNU x UPbit Startup Studio'를 열고 지난 10일 입주... 두나무는 서울대의 연구 역량과 청년 창업가의 잠재력을 결합해 스타트업 생태계 활성화에 나설...,2026-09-14 13:34,http://www.newswell.co.kr/news/articleView.html?idxno=21872,http://www.newswell.co.kr/news/articleView.html?idxno=21872
서울대학교,SMARTTIMES,"두나무-서울대, 청년 스타트업 지원 공간 'SNU x UPbit Startup Studio' 출범",두나무가 서울대학교 경영대학과 함께 청년 스타트업 지원 공간 'SNU x UPbit Startup Studio'를 열고 9월... 두나무는 서울대와 협력해 입주팀에 오피스 등 인프라와 전문가 멘토링 프로그램을 무상...,2026-09-14 13:32,http://www.smarttimes.co.kr/news/articleView.html?idxno=48954,http://www.smarttimes.co.kr/news/articleView.html?idxno=48954
서울대학교,경기일보,"서울대 교수, 지도 대학원생에 ‘스킨십 요구’…추행 혐의 검찰행",14일 경찰에 따르면 서울 관악경찰서는 업무상 위력 등에 의한 추행 혐의로 서울대 교수인 50대 남성 A씨를 6월16일 서울중앙지검에 불구속 송치했다. A씨는 3월 서울 관악구 신림역 인근에서 자신의 지도학생인 20대...,2026-09-14 13:30,https://www.kyeonggi.com/article/20260914580133,https://n.news.naver.com/mnews/article/666/0000123260?sid=102
서울대학교,CNB뉴스,"두나무-서울대학교 경영대학, 'SNU x UPbit Startup Studio' 출범···입주...","두나무가 서울대학교 경영대학과 함께 청년 스타트업 지원 공간인 'SNU x UPbit Startup Studio'를 열고, 9월... 경영진, 서울대학교 경영대학 교수진들이 참석했다. 심사를 거쳐 최종 선정된 입주 스타트업은...",2026-09-14 13:30,https://www.cnbnews.com/news/articleView.html?idxno=1015646,https://www.cnbnews.com/news/articleView.html?idxno=1015646
고려대학교,KGNEWS,"응급환자 위험, AI로 한발 먼저 포착한다… 고려대 안산병원 이수교 교...",고려대학교 안산병원은 14일 응급의학과 ​이수교 교수가 서울 백범김구기념관에서 열린 ‘EMS Korea... [ 경기신문 = 정진희 기자 ] 이수교 고려대 안산병원 응급의학과 교수. (사진=고려대학교 안산병원),2026-09-14 13:22,https://www.kgnews.co.kr/news/article.html?no=911434,https://www.kgnews.co.kr/news/article.html?no=911434
연세대학교,비즈월드,"빗썸, 연세대 축제서 '건전한' 가상자산 브랜드 경험 선사","이와 함께 빗썸은 연세대 행사의 열기를 이어 이달 말 경희대학교, 동국대학교 등 주요 대학교 축제를 순회하며 청년 세대와의 접점을 꾸준히 이어 나간다는 방침이다. 빗썸 관계자는 ""대학생들이 가상자산과 관련 문화를...",2026-09-14 13:04,http://www.bizwnews.com/news/articleView.html?idxno=146141,http://www.bizwnews.com/news/articleView.html?idxno=146141
고려대학교,내일신문,"박홍근, 고려대 방문해 청년들과 소통 나서","이어진 특강에서 박 장관은 고려대 학생과 교수, 대학원생 등을 대상으로 ‘대전환의 시대, 대한민국이 나아갈 길’을 주제로 강연했다. 박 장관은 강연에서 한 세대 만에 산업화와 민주화를 달성한 대한민국의...",2026-09-14 13:02,https://www.naeil.com/news/read/602121?ref=naver,https://www.naeil.com/news/read/602121?ref=naver
고려대학교,에듀동아,"고려대, AI 네이티브 시대 논의… '2026 KU AI 포럼' 개최","이번 포럼은 교육부와 과학기술정보통신부, 고려대 인문사회디지털융합인재양성사업단·AI중심대학사업단이 주최·주관하고 고려사이버대학교, 핀다, 인튜브, 업스테이지, 구글 코리아, 한국연구재단이 후원한다....",2026-09-14 12:52,https://edu.donga.com/news/articleView.html?idxno=111885,https://edu.donga.com/news/articleView.html?idxno=111885
고려대학교,베리타스알파,고려대 AI네이티브 인재가 여는 대학혁신 논의.. '2026 KU AI 포럼' 개최,"이번 포럼은 교육부와 과학기술정보통신부, 고려대 인문사회디지털융합인재양성사업단/AI중심대학사업단이 주최/주관하고 고려사이버대학교, 핀다, 인튜브, 업스테이지, 구글 코리아, 한국연구재단이 후원한다....",2026-09-14 12:44,https://www.veritas-a.com/news/articleView.html?idxno=627726,https://www.veritas-a.com/news/articleView.html?idxno=627726
고려대학교,포인트데일리,"고려대, 'AI 네이티브 인재가 여는 대학 혁신' 포럼 개최","이번 포럼은 교육부와 과학기술정보통신부, 고려대 인문사회디지털융합인재양성사업단·AI중심대학사업단이 주최·주관하고 고려사이버대학교, 핀다, 인튜브, 업스테이지, 구글 코리아, 한국연구재단이 후원한다....",2026-09-14 12:32,https://www.pointdaily.co.kr/news/articleView.html?idxno=319144,https://www.pointdaily.co.kr/news/articleView.html?idxno=319144
서울대학교,이데일리,"서울대 현직 교수, 지도 대학원생 추행 혐의로 검찰 송치",(사진=뉴스1) 14일 경찰에 따르면 서울 관악경찰서는 지난 6월 16일 현직 서울대 이과 계열 소속 교수인 50대 남성 A 씨를 업무상 위력 등에 의한 추행 혐의로 서울중앙지검에 불구속 송치했다. A 씨는 지난 3월 서울 관악구...,2026-09-14 12:20,https://www.edaily.co.kr/News/Read?newsId=02899526645580120&mediaCodeNo=257&utm_source=naver&utm_medium=referral&utm_campaign=news_syndication&utm_content=original_article,https://n.news.naver.com/mnews/article/018/0006369016?sid=102
서울대학교,아이뉴스24,"서울대 교수, 20대 여제자에 스킨십 요구?⋯추행 혐의로 불구속 송치","수사에 착수한 경찰은 당시 상황이 담긴 폐쇄회로(CC)TV 영상 등을 토대로 A씨의 혐의가 인정된다고 판단, 지난 6월 16일 그를 서울중앙지검에 불구속 상태로 넘겨졌다. 또한 B씨 측은 서울대 인권센터에도 이 같은...",2026-09-14 12:19,http://www.inews24.com/view/2005242,https://n.news.naver.com/mnews/article/031/0001058067?sid=102
서울대학교,헤럴드경제,"서울대 현직 교수, 20대 대학원생에 스킨십 요구·성추행 혐의…검찰 송...",서울 관악경찰서는 지난 6월 16일 서울대 소속 교수인 50대 남성 A씨를 업무상 위력 등에 의한 추행 혐의로 서울중앙지검에 불구속 송치했다고 14일 밝혔다. A씨는 지난 3월 서울 관악구 신림역 인근에서 지도학생이던...,2026-09-14 12:17,https://biz.heraldcorp.com/article/10872627?ref=naver,https://n.news.naver.com/mnews/article/016/0002696945?sid=102
고려대학교,팝콘뉴스,"""AI 네이티브 시대를 논의하다!""...고려대, '2026 KU AI 포럼' 개최","한편, 이번 포럼은 교육부와 과학기술정보통신부, 고려대 인문사회디지털융합인재양성사업단·AI중심대학사업단이 주최·주관하고 고려사이버대학교, 핀다, 인튜브, 업스테이지, 구글 코리아, 한국연구재단이...",2026-09-14 12:04,http://www.popcornnews.net/news/articleView.html?idxno=132832,http://www.popcornnews.net/news/articleView.html?idxno=132832
고려대학교,뉴시스,고려대 특강하는 박홍근 예산처 장관,"박홍근 기획예산처 장관이 14일 서울 성북구 고려대학교 대강당에서 '대전환의 시대, 대한민국이 나아갈 길'을 주제로 특강을 하고 있다. 2026.09.14. xconfind@newsis.com",2026-09-14 11:54,https://www.newsis.com/view/NISI20260914_0021436424,https://n.news.naver.com/mnews/article/003/0014188246?sid=100
고려대학교,스마트경제,"""AI 네이티브가 바꿀 대학과 창업의 미래""… 고려대, '2026 KU AI 포럼' 개...","이번 포럼은 교육부, 과학기술정보통신부, 고려대 인문사회디지털융합인재양성사업단·AI중심대학사업단이 주최·주관하고 고려사이버대학교, 핀다, 인튜브, 업스테이지, 구글 코리아, 한국연구재단이 후원한다....",2026-09-14 11:52,http://www.dailysmart.co.kr/news/articleView.html?idxno=129688,http://www.dailysmart.co.kr/news/articleView.html?idxno=129688
고려대학교,한국대학신문,"고려대, AI 네이티브 시대 논의…'2026 KU AI 포럼' 개최","이번 포럼은 교육부와 과학기술정보통신부, 고려대 인문사회디지털융합인재양성사업단·AI중심대학사업단이 주최·주관하고 고려사이버대학교, 핀다, 인튜브, 업스테이지, 구글 코리아, 한국연구재단이 후원한다....",2026-09-14 11:46,https://news.unn.net/news/articleView.html?idxno=597406,https://news.unn.net/news/articleView.html?idxno=597406
서울대학교,CNB저널,"두나무-서울대, 청년 창업 돕는 'Startup Studio' 개소","문화경제 | CNB저널 | 씨앤비저널 디지털자산 거래소 업비트 운영사인 두나무가 서울대학교 경영대학과... 경영진, 서울대 경영대학 교수진이 참석했다. 입주 기업들은 딥페이크 탐지, 의료 AI, 불면증 개선, 교육 AX...",2026-09-14 11:42,https://www.cnbizm.com/news/articleView.html?idxno=314971,https://www.cnbizm.com/news/articleView.html?idxno=314971
서울대학교,JTBC,현직 서울대 교수가 대학원생 추행 혐의 검찰 넘겨져,지난 6월 16일 A 교수를 서울중앙지검에 불구속 송치했습니다. B 씨는 서울대 인권센터에도 같은 내용을 신고했습니다. 인권센터는 자체 조사를 거쳐 지난 7월 A 교수에 대한 '해임 또는 파면'을 대학 측에 권고한 것으로...,2026-09-14 11:29,https://news.jtbc.co.kr/article/NB12318205?influxDiv=NAVER,https://n.news.naver.com/mnews/article/437/0000510965?sid=102
서울대학교,JMBC,"전북대 총학, 서울대 10개 추가 선정 촉구 서명 운동 돌입",전북대 학생들이 정부의 서울대 10개 만들기 사업에 전북대를 추가 선정해달라는 취지의 서명 운동에 돌입했습니다. 전북대학교 총학생회는 오늘(14일) 결의문을 내고 지역균형 발전 취지에 따라 전북대를 추가 선정하라고...,2026-09-14 11:29,http://www.jmbc.co.kr/news/view/67919,https://n.news.naver.com/mnews/article/659/0000046893?sid=102
서울대학교,뉴데일리,"서울대 교수, 대학원생 추행 혐의로 검찰 송치 … 피해자 ""지도교수 요...",14일 경찰에 따르면 서울 관악경찰서는 지난 6월 서울대 이과 계열 소속 50대 남성 교수 A씨를 업무상 위력 등에 의한 추행 혐의로 서울중앙지검에 불구속 송치했다. A씨는 지난 3월 24일 서울 관악구 신림역 인근에서...,2026-09-14 11:28,https://www.newdaily.co.kr/site/data/html/2026/09/14/2026091400159.html,https://www.newdaily.co.kr/site/data/html/2026/09/14/2026091400159.html
서울대학교,E-SCIENCE,"두나무·서울대, AI·의료·딥페이크 스타트업 7곳 육성…기술 사업화 돕...","두나무와 서울대학교 경영대학은 인공지능(AI)과 의료, 딥페이크 탐지, 교육 AX 분야 기업 7곳의 기술 사업화를 지원한다. 디지털자산 거래소 업비트를 운영하는 두나무는 서울대 경영대학과 청년 창업 지원공간 'SNU x...",2026-09-14 11:24,https://www.e-science.co.kr/news/articleView.html?idxno=135383,https://www.e-science.co.kr/news/articleView.html?idxno=135383
서울대학교,뉴시스,"서울대 현직 교수, 대학원생 추행 혐의 검찰 송치…본인은 부인",서울 관악경찰서는 지난 6월 16일 서울대 교수인 50대 남성 A씨를 업무상 위력 등에 의한 추행 혐의로 서울중앙지검에 불구속 송치했다고 14일 밝혔다. A씨는 지난 3월 관악구 신림역 인근에서 지도학생이던 20대...,2026-09-14 11:21,https://www.newsis.com/view/NISX20260914_0003788281,https://n.news.naver.com/mnews/article/003/0014188124?sid=102
연세대학교,토큰포스트,빗썸 연세대 축제 현장 이벤트 성료,빗썸은 연세대 행사의 열기를 이어 오는 9월 말에도 주요 대학교 축제를 순회하며 청년 세대와의 접점을 꾸준히 이어 나갈 예정이다. 오는 21일부터 22일에는 동대문구 3개 대학(경희대·서울시립대·한국외대) 연합...,2026-09-14 11:18,https://www.tokenpost.kr/news/blockchain/407392,https://www.tokenpost.kr/news/blockchain/407392
서울대학교,TODAYKOREA,"서울대 교수, 지도 대학원생 추행 혐의로 검찰 송치","14일 복수의 매체에 따르면, 서울중앙지검 여성아동범죄조사2부(박지나 부장검사)는 최근 서울대 이과계열 소속으로 알려진 A교수를 업무상 위력 등에 의한 추행 혐의로 수사 중인 것으로 알려졌다. A교수는 올해 3월...",2026-09-14 11:16,https://www.todaykorea.co.kr/news/articleView.html?idxno=406046,https://www.todaykorea.co.kr/news/articleView.html?idxno=406046
서울대학교,강원일보,20대 여제자에 스킨십 요구하고 신체 접촉 등 추행 혐의 서울대 교수 검...,14일 서울 관악경찰서는 서울대 이과 계열 소속 교수인 50대 남성 A씨를 업무상 위력 등에 의한 추행 혐의로 서울중앙지검에 불구속 송치했다. 경찰에 따르면 A씨는 지난 3월 24일 관악구 신림역 인근에서 지도학생이던...,2026-09-14 11:05,https://www.kwnews.co.kr/article/20260914500363,https://n.news.naver.com/mnews/article/087/0001217689?sid=102
고려대학교,데일리안,"고려대생과 천원의 아침밥…박홍근 장관, 청년 생활비 부담 청취","박 장관은 이어 고려대 학생과 교수·대학원생 등 약 100명을 대상으로 대전환의 시대, 대한민국이 나아갈 길을 주제로 특강을 진행했다. 특강에서는 산업화와 민주화를 한 세대 만에 이룬 한국의 성장 과정을 돌아보고...",2026-09-14 11:02,https://www.dailian.co.kr/news/view/1689977/?sc=Naver,https://n.news.naver.com/mnews/article/119/0003132332?sid=101
서울대학교,서울신문,"서울대 현직 교수, 대학원생에 스킨십 요구·신체접촉 혐의…검찰 송치",14일 경찰에 따르면 서울 관악경찰서는 서울대 이과 계열 소속 교수인 50대 남성 A씨를 지난 6월 16일 업무상 위력 등에 의한 추행 혐의로 서울중앙지검에 불구속 송치했다. A씨는 지난 3월 24일 관악구 신림역 인근에서...,2026-09-14 11:02,https://www.seoul.co.kr/news/society/2026/09/14/20260914500082?wlog_tag3=naver,https://n.news.naver.com/mnews/article/081/0003679901?sid=102
서울대학교,KPINEWS,"광양 시민단체, 서울대 무상사용 80년 만료…""백운산 국립공원 지정하라...","서울대학교의 광양 백운산 무상사용 기간이 올해 말 종료되는 가운데 백운산을 국가가 체계적으로 관리하는... 준비위원회에 따르면 백운산은 해방 이후인 1946년 미군정에 의해 서울대에 관리권이 넘어갔으며, 서울대...",2026-09-14 11:02,https://www.kpinews.kr/newsView/1065577533757660,https://www.kpinews.kr/newsView/1065577533757660
고려대학교,EINFOMAX,"박홍근, 고려대서 청년 소통…""미래대응기금으로 선제적 투자""","박 장관은 14일 고려대학교에서 학생·교수·대학원생 등을 대상으로 '대전환의 시대, 대한민국이 나아갈 길'을 주제로 특강을 진행하며 이같이 말했다. 아울러 인구구조 변화에 대응해 지방교육재정교부금 개편 등...",2026-09-14 11:02,https://news.einfomax.co.kr/news/articleView.html?idxno=4434690,https://news.einfomax.co.kr/news/articleView.html?idxno=4434690
고려대학교,뉴스1,"박홍근, 고려대서 청년 현장 소통…생활비·주거 부담 점검",현장에는 고려대 학생과 교수·대학원생 등 약 100명이 참석했다. 박 장관은 먼저 고려대 학생회관에서 총학생회 학생들과 '천원의 아침밥'을 먹으며 대학생들이 체감하는 생활비 부담과 정책 개선 의견을 청취했다. 최근...,2026-09-14 11:00,https://www.news1.kr/economy/trend/6289357,https://n.news.naver.com/mnews/article/421/0009168294?sid=101
고려대학교,아시아경제,"박홍근 장관, 고려대서 천원의아침밥·특강·청년임대주택 방문…3시간...","현재 200여개 대학에서 운영 중이며, 내년도 예산안에 정부 지원 단가 인상(2000→3000원)이 반영됐다. 이어 박 장관은 고려대 학생과 교수 등 100여명을 대상으로 '대전환의 시대, 대한민국이 나아갈 길' 특강을 진행했다....",2026-09-14 11:00,https://view.asiae.co.kr/article/2026091409521585946,https://n.news.naver.com/mnews/article/277/0005815879?sid=101
서울대학교,더퍼블릭,"두나무, 서울대와 초기 스타트업 지원 공간 운영...7개사 입주",두나무와 서울대학교 경영대학이 초기 스타트업 지원을 위한 공간을 공동 운영한다. 두나무와 서울대 경영대학은 지난 10일 'SNU x UPbit Startup Studio' 입주 환영식인 '웰컴 데이(Welcome Day)'를 열었다고 14일 밝혔다. 지난...,2026-09-14 10:52,https://www.thepublic.kr/news/articleView.html?idxno=318580,https://www.thepublic.kr/news/articleView.html?idxno=318580
서울대학교,데일리안,"현직 서울대 교수, 지도하던 대학원생 추행 혐의로 검찰 송치",14일 경찰에 따르면 서울 관악경찰서는 서울대 이과 계열 소속 교수인 50대 남성 A씨를 지난 6월16일 업무상 위력 등에 의한 추행 혐의로 서울중앙지방검찰청에 불구속 송치했다. A씨는 지난 3월24일 서울 관악구 신림역...,2026-09-14 10:51,https://www.dailian.co.kr/news/view/1690005/?sc=Naver,https://n.news.naver.com/mnews/article/119/0003132318?sid=102
서울대학교,디지털투데이,"두나무, 서울대와 청년 스타트업 지원 나서",두나무가 서울대학교 경영대학과 손잡고 청년 스타트업 육성에 나선다. 초기 창업기업에 업무공간과 경영 멘토링 등을 제공해 성장 기반을 마련한다는 계획이다. 디지털자산 거래소 업비트 운영사 두나무는 서울대학...,2026-09-14 10:46,https://www.digitaltoday.co.kr/news/articleView.html?idxno=700210,https://www.digitaltoday.co.kr/news/articleView.html?idxno=700210
서울대학교,스포츠서울,"두나무, 서울대 청년 스타트업 지원 공간 ‘스누 업비트 스튜디오’ 오...","두나무가 서울대학교 경영대학과 손잡고 청년 스타트업 지원 공간인 ‘스누 업비트 스타트업 스튜디오(SNU x UPbit Startup Studio)’를 개소했다고 14일 밝혔다. 두나무는 지난 10일 스타트업 7개사 대표 및 임직원, 서울대...",2026-09-14 10:43,https://www.sportsseoul.com/news/read/1634916?ref=naver,https://n.news.naver.com/mnews/article/468/0001266112?sid=101
서울대학교,머니투데이,"두나무-서울대, 창업공간 개소…송치형 ""성공·실패 큰 자산""","업비트 운영사 두나무가 서울대 경영대와 청년 스타트업 지원공간 'SNU x 업비트 스타트업 스튜디오'를 열었다고 14일 밝혔다. 두나무는 ""자사 ESG 핵심 키워드 '청년'과 인재성장 일환으로 서울대와 협력해 입주팀의 성장을...",2026-09-14 10:38,https://www.mt.co.kr/stock/2026/09/14/2026091410295177167,https://n.news.naver.com/mnews/article/008/0005413217?sid=101
연세대학교,강원도민일보,"연세대 미래캠, '제1회 연세아트위크' 개최",원주시민과 대학 구성원이 함께 즐기는 무료 개방형 문화예술축제 '제1회 연세아트위크(Yonsei Arts Week)'가 오는 28일부터 10월 5일까지 연세대 미래캠퍼스에서 펼쳐진다. 이번 축제는 대학이 보유한 문화 예술 자원을 지역...,2026-09-14 10:37,https://www.kado.net/news/articleView.html?idxno=2072405,https://n.news.naver.com/mnews/article/654/0000200393?sid=102
고려대학교,보건뉴스,"고대구로병원 허윤정 교수, 국제학술대회서 '최우수 구연발표상' 수상","고려대학교 구로병원 응급중환자외상외과 허윤정 교수가 지난 4일 서울 한국과학기술회관에서 열린 '2026 응급중환자영상학회 국제학술대회(International Congress of Emergency & Critical Care Imaging 2026, ICEC Imaging 2026)'에서...",2026-09-14 10:36,http://www.bokuennews.com/news/article.html?no=284127,http://www.bokuennews.com/news/article.html?no=284127
서울대학교,kbc광주방송,"현직 서울대 교수, 지도 대학원생 '스킨십 요구·신체 접촉' 혐의로 검찰...",14일 경찰에 따르면 서울 관악경찰서는 서울대 A교수를 지난 6월 16일 업무상 위력 등에 의한 추행 혐의로 서울중앙지검에 불구속 송치했습니다. A씨는 지난 3월 24일 서울 관악구 신림역 인근에서 자신이 지도하던 20대...,2026-09-14 10:34,https://www.ikbc.co.kr/article/view/kbc202609140020,https://n.news.naver.com/mnews/article/660/0000117147?sid=102
서울대학교,서울경제,지도 대학원생 추행 혐의…현직 서울대 교수 검찰 송치,14일 경찰에 따르면 서울 관악경찰서는 서울대 이과 계열 소속 50대 교수 A 씨를 업무상 위력 등에 의한 추행 혐의로 지난 6월 16일 서울중앙지검에 불구속 송치했다. A 씨는 지난 3월 24일 서울 관악구 신림역 인근에서...,2026-09-14 10:29,https://www.sedaily.com/article/20090494?ref=naver,https://n.news.naver.com/mnews/article/011/0004661497?sid=102
서울대학교,더팩트,"경찰, '지도 대학원생 추행' 서울대 교수 송치",14일 경찰에 따르면 서울 관악경찰서는 지난 6월 서울대 이과계열 소속 50대 A 교수를 업무상 위력 등에 의한 추행 혐의로 불구속 송치했다. A 교수는 지난 3월 서울 관악구 신림역 인근에서 자신이 지도하던 20대 대학원생...,2026-09-14 10:29,https://news.tf.co.kr/read/life/2365318.htm,https://n.news.naver.com/mnews/article/629/0000533404?sid=102
서울대학교,TV조선,"현직 서울대 교수, 지도 학생 추행 혐의로 검찰 송치",14일 서울 관악경찰서는 서울대 소속 교수인 50대 남성 A씨를 업무상 위력 등에 의한 추행 혐의로 지난 6월 16일 서울중앙지검에 불구속 송치했다고 밝혔다. A씨는 지난 3월 24일 서울 관악구 신림역 인근에서 자신이...,2026-09-14 10:26,https://news.tvchosun.com/site/data/html_dir/2026/09/14/2026091490082.html,https://n.news.naver.com/mnews/article/448/0000639171?sid=102
서울대학교,디지털데일리,"“스타트업 7곳에 최대 2년 무상 지원”…두나무·서울대, 창업공간 문...","두나무가 서울대학교 경영대학과 손잡고 청년 스타트업 지원 공간인 ‘SNU x UPbit Startup Studio’를 열었다.... 행사에는 송치형 두나무 회장을 비롯한 두나무 경영진과 서울대 경영대학 교수진, 입주 스타트업 대표...",2026-09-14 10:23,https://www.ddaily.co.kr/page/view/2026091409223148679,https://n.news.naver.com/mnews/article/138/0002241247?sid=101
서울대학교,강원도민일보,"현직 서울대 교수, 대학원생 추행 혐의로 검찰 송치",14일 경찰에 따르면 서울 관악경찰서는 서울대 이과 계열 소속 50대 남성 교수 A씨를 지난 6월 16일 업무상 위력 등에 의한 추행 혐의로 서울중앙지검에 불구속 송치했다. A씨는 지난 3월 24일 서울 관악구 신림역 인근에서...,2026-09-14 10:22,https://www.kado.net/news/articleView.html?idxno=2072398,https://n.news.naver.com/mnews/article/654/0000200389?sid=102
고려대학교,충청리뷰,"고려대 세종캠퍼스, 지역혁신사례 최우수상",'앵커'는 기존 지역혁신중심 대학지원체계(RISE)를 바탕으로 지역 발전전략과 대학의 인재양성 기능을 연계하는 체계다. 고려대 세종캠퍼스는 이를 기반으로 세종 지역 대학과 기관의 교육·연구·산학협력 자원을 하나의...,2026-09-14 10:22,https://www.ccreview.co.kr/news/articleView.html?idxno=357400,https://www.ccreview.co.kr/news/articleView.html?idxno=357400
서울대학교,THEPOWERNEWS,AI·의료·딥페이크 탐지 7개사 입주…두나무·서울대 ‘스타트업 스튜...,"두나무와 서울대학교 경영대학이 AI와 의료, 딥페이크 탐지 등 다양한 분야의 초기 스타트업 7개사를 위한... 디지털자산 거래소 업비트를 운영하는 두나무는 서울대학교 경영대학과 함께 ‘SNU x UPbit Startup Studio’를...",2026-09-14 10:20,https://www.thepowernews.co.kr/view.php?ud=202609141017333389de3f0aa1be_7,https://www.thepowernews.co.kr/view.php?ud=202609141017333389de3f0aa1be_7
서울대학교,DAILY,"두나무, 서울대 경영대학과 청년 스타트업 지원 공간 열어","사진=두나무  디지털자산 거래소 업비트를 운영하는 두나무가 서울대학교 경영대학과 함께 청년... 경영진, 서울대학교 경영대학 교수진들이 참석했다. 심사를 거쳐 최종 선정된 입주 스타트업은 ▲브레드크럼...",2026-09-14 10:20,https://daily.hankooki.com/news/articleView.html?idxno=1405690,https://daily.hankooki.com/news/articleView.html?idxno=1405690
서울대학교,중앙이코노미뉴스,"""청년 창업가와 직접 소통""…두나무-서울대, '스타트업 스튜디오' 출범","서울대학교 경영대학과 함께 청년 스타트업 지원 공간인 'SNU x UPbit Startup Studio'를 열고, 이달 10일 'Welcome Day' 행사를 개최하며 창업 생태계 활성화에 기여할 것이라고 14일 밝혔다. [사진=두나무]  두나무는 서울대학...",2026-09-14 10:18,https://www.joongangenews.com/news/articleView.html?idxno=547892,https://www.joongangenews.com/news/articleView.html?idxno=547892
서울대학교,TTLNEWS,"두나무·서울대, 청년 창업 보육관 '스타트업 스튜디오' 개소…7개 스타...",두나무와 서울대학교 경영대학은 9월 10일 서울 관악구 서울대학교 캠퍼스에서 청년 기술 스타트업 육성 공간인 'SNU x UPbit Startup Studio'의 공식 출범을 알리는 'Welcome Day' 행사를 개최했다고 2026년 9월 14일 발표했다. 양...,2026-09-14 10:18,http://www.ttlnews.com/news/articleView.html?idxno=3143052,http://www.ttlnews.com/news/articleView.html?idxno=3143052
연세대학교,메디게이트뉴스,"연세대 용인세브란스병원, 디지털 트윈 기반 가상 재난 대응 훈련 플랫...",연세대학교 용인세브란스병원 정신건강의학과 박진영 교수 연구팀은 병원 전산 시스템 마비 상황을 가상으로 구현해 재난 대응 훈련을 시행하고 그 결과를 국제 학술지에 게재했다고 16일 밝혔다. 이번 연구에는...,2026-09-14 10:14,https://www.medigatenews.com/news/1513890581,https://www.medigatenews.com/news/1513890581
서울대학교,SPORTS,"두나무-서울대, 스타트업 지원 공간 마련…송치형 회장 경험 나누는 선...",ⓒ두나무  가상자산 거래소 업비트를 운영하는 두나무가 서울대학교 경영대학과 청년 창업가들의 사업 터전을 마련하고 성장 지원에 나섰다. 두나무는 서울대 경영대학과 함께 청년 스타트업 지원 공간...,2026-09-14 10:14,https://sports.hankooki.com/news/articleView.html?idxno=6939618,https://sports.hankooki.com/news/articleView.html?idxno=6939618
서울대학교,KHGAMES,"두나무·서울대 경영대학, 청년 스타트업 지원 공간 출범",디지털자산 거래소 업비트를 운영하는 두나무가 서울대학교 경영대학과 함께 초기 스타트업을 지원하는... 두나무는 지난 10일 서울대학교 경영대학과 함께 입주 기업을 대상으로 '웰컴 데이(Welcome Day)' 행사를...,2026-09-14 10:14,https://www.khgames.co.kr/news/articleView.html?idxno=308329,https://www.khgames.co.kr/news/articleView.html?idxno=308329
서울대학교,NEWSQUEST,"두나무, 청년 스타트업 지원 공간 개소…서울대와 'Welcome Day' 개최","두나무는 서울대학교 경영대학과 협력해 청년 스타트업을 위한 지원 공간 'SNU x UPbit Startup Studio'를... 입주 스타트업 대표와 임직원, 송치형 두나무 회장 등 두나무 경영진, 서울대학교 경영대학 교수진이 행사에...",2026-09-14 10:06,https://www.newsquest.co.kr/news/articleView.html?idxno=300830,https://www.newsquest.co.kr/news/articleView.html?idxno=300830
서울대학교,PLATUM,"두나무·서울대 경영대학, 스타트업 지원공간(SNU x UPbit Startup Studio) 개...","두나무와 서울대학교 경영대학이 청년 스타트업 지원 공간인 'SNU x UPbit Startup Studio'를 개소하고, 9월 10일 'Welcome Day' 행사를 개최했다. 이번 스튜디오는 두나무가 서울대와 협력해 조성한 창업 지원 공간으로...",2026-09-14 10:04,https://platum.kr/archives/294485,https://platum.kr/archives/294485
서울대학교,파이낸셜뉴스,"두나무-서울대, 스타트업 육성 지원 [크립토브리핑]",디지털자산 거래소 업비트를 운영하는 두나무가 서울대에 청년 스타트업 공간을 지원한다. 서울대학교 경영대학과 함께 청년 스타트업 지원 공간인 '서울대(SNU) x 업비트(UPbit) 스타트업 스튜디오'를 열었다. 14일...,2026-09-14 09:55,https://www.fnnews.com/news/202609140918481670,https://n.news.naver.com/mnews/article/014/0005575204?sid=105
고려대학교,충청리뷰,"세종도시교통공사, 고려대 세종캠퍼스에서 채용 상담",세종도시교통공사가 지난 7일부터 8일까지 고려대 세종캠퍼스에서 열린 '2026 채용박람회'에 참가해 대학생과 지역 청년들에게 채용 정보와 직무를 소개하고 1대1 상담을 진행했다. 공사는 이번 박람회를 계기로 충청권...,2026-09-14 09:54,https://www.ccreview.co.kr/news/articleView.html?idxno=357356,https://www.ccreview.co.kr/news/articleView.html?idxno=357356
서울대학교,FNTODAY,디지털융합교육원 서울대 호암교수회관서 '젠스파크AI 활용 나만의 비서...,디지털융합교육원 원장이자 GEO마케팅연구원 원장인 최재용 원장이 지난 12일 서울대학교 호암교수회관에서 '젠스파크AI(Genspark AI) 활용 나만의 비서 만들기' 특강을 진행했다. 이번 특강은 마스터마인드협회와...,2026-09-14 09:54,https://www.fntoday.co.kr/news/articleView.html?idxno=392915,https://www.fntoday.co.kr/news/articleView.html?idxno=392915
서울대학교,메가경제,"두나무, 청년 스타트업 육성 나선다…서울대와 7개사 성장 지원",두나무가 서울대학교 경영대학과 손잡고 청년 스타트업의 성장을 지원한다. 전용 업무공간과 경영·보안 분야 멘토링 등을 제공해 초기 창업기업이 사업에 집중할 수 있는 기반을 마련한다. 두나무는 서울대...,2026-09-14 09:52,https://www.megaeconomy.co.kr/news/newsview.php?ncode=1065574042711276,https://www.megaeconomy.co.kr/news/newsview.php?ncode=1065574042711276
서울대학교,YTN,"50대 서울대 교수, 지도 대학원생 추행 혐의로 송치",서울 관악경찰서는 여성 대학원생을 추행한 혐의로 현직 서울대학교 이과계열 50대 남성 A 교수를 불구속 상태로 지난 6월 검찰에 넘겼습니다. A 교수는 지난 3월 서울 신림역 인근에서 자신이 지도하던 20대 여성...,2026-09-14 09:50,https://www.ytn.co.kr/_ln/0103_202609140950287114,https://n.news.naver.com/mnews/article/052/0002406667?sid=102
서울대학교,SISAFOCUS,"두나무-서울대 경영대학, '스타트업 스튜디오' 출범","(사진 / 두나무) 업비트를 운영하는 두나무는 서울대학교 경영대학과 함께 청년 스타트업 지원 공간 'SNU x... 경영진, 서울대학교 경영대학 교수진들이 참석했다. 심사를 거쳐 최종 선정된 ▲브레드크럼 ▲스틸컷...",2026-09-14 09:50,http://www.sisafocus.co.kr/news/articleView.html?idxno=364893,http://www.sisafocus.co.kr/news/articleView.html?idxno=364893
서울대학교,연합뉴스,"두나무·서울대 경영대, 'SNU x 업비트 스타트업 스튜디오' 출범","두나무는 지난 10일 서울 강남구 소재 스튜디오에서 송치형 회장 등 경영진과 입주 기업 대표 및 임직원, 서울대 경영대 교수진이 참석한 가운데 '웰컴 데이' 행사를 했다. 이날 송치형 회장은 환영사에서 ""현장에서...",2026-09-14 09:45,https://www.yna.co.kr/view/AKR20260914042300002?input=1195m,https://n.news.naver.com/mnews/article/001/0016308056?sid=101
서울대학교,한국경제TV,"서울대 교수가 대학원생 추행 혐의 '송치'...""스킨십 요구해""",서울 관악경찰서는 서울대 이과 계열 소속 교수인 50대 남성 A씨를 지난 6월 16일 업무상 위력 등에 의한 추행 혐의로 서울중앙지검에 불구속 송치했다. A씨는 지난 3월 24일 관악구 신림역 인근에서 지도학생이던 20대...,2026-09-14 09:44,http://www.wowtv.co.kr/NewsCenter/News/Read?articleId=A202609140056&t=NN,https://n.news.naver.com/mnews/article/215/0001265834?sid=102
고려대학교,뉴스인사이드,"한화손보·고대 안암병원, 정신건강 입원학생 위한 '다숨교실' 운영","한화손해보험이 고려대학교 안암병원, 서울특별시교육청과 손잡고 정신건강 문제로 입원 치료를 받는 학생들의 학업과 일상 복귀를 지원한다. 한화손보는 고대 안암병원에서 정신건강 입원학생을 위한 병원학교 '다숨교실...",2026-09-14 09:40,https://www.newsinside.kr/news/articleView.html?idxno=5000112,https://www.newsinside.kr/news/articleView.html?idxno=5000112
서울대학교,토큰포스트,"두나무·서울대 경영대학, 'SNU x 업비트 스타트업 스튜디오' 출범","디지털자산 거래소 업비트를 운영하는 두나무가 서울대학교 경영대학과 함께 청년 스타트업 지원 공간인... 경영진, 서울대학교 경영대학 교수진들이 참석했다. 심사를 거쳐 최종 선정된 입주 스타트업은 ▲브레드크럼...",2026-09-14 09:40,https://www.tokenpost.kr/news/blockchain/407339,https://www.tokenpost.kr/news/blockchain/407339
서울대학교,뉴스프리존,"두나무·서울대, 스타트업 스튜디오 출범···7개사 입주",두나무가 서울대학교 경영대학과 청년 스타트업 지원 공간인 'SNU x UPbit Startup Studio'를 출범했다. 두나무는 지난 10일 입주 스타트업 7개사를 대상으로 환영 행사를 열었다고 14일 밝혔다. 선정 기업은 브레드크럼...,2026-09-14 09:36,https://www.newsfreezone.co.kr/news/articleView.html?idxno=709012,https://www.newsfreezone.co.kr/news/articleView.html?idxno=709012
서울대학교,뉴시스,"두나무, 서울대와 청년 스타트업 키운다…'업비트 스타트업 스튜디오' ...","가상자산 거래소 업비트를 운영하는 두나무는 서울대학교 경영대학과 마련한 청년 스타트업 지원 공간 'SNU... 경영진, 서울대학교 경영대학 교수진들이 참석했다. 심사를 거쳐 최종 선정된 입주 스타트업은...",2026-09-14 09:29,https://www.newsis.com/view/NISX20260914_0003787870,https://n.news.naver.com/mnews/article/003/0014187537?sid=101
서울대학교,전자신문,"두나무·서울대, 청년 창업 지원 '스타트업 스튜디오' 개소","두나무가 서울대학교 경영대학과 청년 스타트업 지원 공간인 'SNU x UPbit Startup Studio'를 열었다. 두나무는 지난 10일 입주 기업과 두나무 경영진, 서울대 경영대학 교수진 등이 참석한 가운데 '웰컴 데이'를...",2026-09-14 09:24,https://www.etnews.com/20260914000035,https://n.news.naver.com/mnews/article/030/0003466284?sid=101
서울대학교,포인트데일리,"두나무, 서울대 경영대와 'SNU x UPbit Startup Studio' 출범",사진=두나무  두나무는 서울대 경영대학과 함께 청년 스타트업 지원 공간인 'SNU x UPbit Startup Studio'를 열면서 지난 10일 '웰컴 데이' 행사를 개최했다고 14일 밝혔다. 서울대 안팎에선 청년 창업 생태계 활성화의...,2026-09-14 09:18,https://www.pointdaily.co.kr/news/articleView.html?idxno=319086,https://www.pointdaily.co.kr/news/articleView.html?idxno=319086
고려대학교,주간한국,"허윤정 고려대 구로병원 교수, AI '레보아 계산기' 연구로 최우수 구연...",허윤정 고려대 구로병원 응급중환자외상외과 교수. 사진=고대구로병원  고려대학교 구로병원은 허윤정 응급중환자외상외과 교수가 지난 4일 서울 한국과학기술회관에서 열린 '2026 응급중환자영상학회 국제학술대회...,2026-09-14 09:14,https://weekly.hankooki.com/news/articleView.html?idxno=7184003,https://weekly.hankooki.com/news/articleView.html?idxno=7184003
서울대학교,문화일보,"두나무, 청년 창업가들과 맞손…서울대 경영대와 ‘SNU x UPbit Startup Stud...",디지털자산 거래소 업비트를 운영하는 두나무가 서울대 경영대학과 함께 청년 스타트업 지원 공간인 ‘SNU x UPbit Startup Studio’를 열면서 지난 10일 ‘웰컴 데이’ 행사를 열었다. 서울대 안팎에선 청년 창업 생태계...,2026-09-14 08:52,https://www.munhwa.com/article/11616684?ref=naver,https://n.news.naver.com/mnews/article/021/0002818444?sid=101
서울대학교,CBCI,"두나무·서울대, 'SNU x UPbit Startup Studio' 개소…7개 스타트업 입주",두나무와 서울대학교 경영대학이 청년 스타트업 지원 공간인 'SNU x UPbit Startup Studio'를 출범하고 9월 10일... 회장과 서울대학교 경영대학 교수진이 참석했다. 두나무는 청년과 인재 성장에 중점을 두고 서울대와...,2026-09-14 08:50,https://www.cbci.co.kr/news/articleView.html?idxno=606453,https://www.cbci.co.kr/news/articleView.html?idxno=606453
서울대학교,헤럴드경제,"두나무, 서울대와 청년 창업 지원…송치형 회장 “실패 과정도 자산”","두나무가 서울대학교 경영대학과 함께 청년 스타트업 지원 공간을 열고 창업 생태계 육성에 나선다.... 경영진, 서울대학교 경영대학 교수진이 참석했다. 최종 선정된 입주 스타트업은 ▷브레드크럼 ▷스틸컷...",2026-09-14 08:48,https://biz.heraldcorp.com/article/10872005?ref=naver,https://n.news.naver.com/mnews/article/016/0002696638?sid=105
서울대학교,아주경제,"두나무, 서울대와 청년 창업 지원…'스타트업 스튜디오' 출범",[사진=두나무] 두나무가 서울대학교 경영대학과 손잡고 청년 스타트업 육성에 나선다. 디지털자산 거래소 업비트를 운영하는 두나무는 서울대 경영대학과 청년 창업 지원 공간인 'SNU x 업비트 스타트업 스튜디오...,2026-09-14 08:36,https://www.ajunews.com/view/20260914081559955,https://www.ajunews.com/view/20260914081559955
서울대학교,컨슈머타임스,"두나무-서울대학교 경영대학, 'SNU x UPbit Startup Studio' 출범",컨슈머타임스=김지훈 기자 | 두나무가 서울대학교 경영대학과 함께 청년 스타트업 지원 공간인 'SNU x UPbit... 회사는 자사 ESG 핵심 키워드인 '청년' 및 인재 성장의 일환으로 서울대와 협력해 입주팀의 성장을 위한...,2026-09-14 08:34,https://www.cstimes.com/news/articleView.html?idxno=720442,https://www.cstimes.com/news/articleView.html?idxno=720442
고려대학교,점프볼,"중앙대 우승 확정 연기시킨 경희대, 고려대와 2위 놓고 한판 승부",경희대가 이 기세를 이어 2위를 차지하기 위해서는 고려대의 벽을 넘어서야 한다. 2026 KUSF 대학농구 U-리그... 이 경우 남은 일정까지 고려할 때 정규리그 우승 확정 9부 능선을 넘어선 것과 마찬가지였다. 하지만...,2026-09-14 08:24,https://m.sports.naver.com/basketball/article/065/0000301570,https://m.sports.naver.com/basketball/article/065/0000301570
서울대학교,더페어,"""초기 스타트업의 든든한 동반자""…두나무·서울대, 청년 창업 스튜디오...",국내 대표 디지털자산 거래소 업비트를 운영하는 두나무가 서울대학교 경영대학과 힘을 모아 청년 창업가들의 실질적인 성장을 돕는 전용 전초기지를 구축했다. 두나무는 서울대학교 경영대학과 손잡고 청년...,2026-09-14 08:22,https://www.thefairnews.co.kr/news/articleView.html?idxno=87910,https://www.thefairnews.co.kr/news/articleView.html?idxno=87910
서울대학교,KPENEWS,"두나무-서울대 경영대학, 청년 스타트업 돕는다..지원 공간 개소",업비트 운영사 두나무는 서울대학교 경영대학과 함께 청년 스타트업 지원 공간인 ‘SNU x UPbit Startup Studio’... 경영진과 서울대학교 경영대학 교수진들이 참석했다. 심사를 거쳐 최종 선정된 입주 스타트업은...,2026-09-14 08:18,https://kpenews.com/View.aspx?No=4225065,https://kpenews.com/View.aspx?No=4225065
서울대학교,이투데이,"두나무, 서울대와 청년 스타트업 지원 공간 개소","이투데이=박정호 기자 | 국내 가상자산 거래소 두나무는 14일 서울대학교 경영대학과 함께 청년 스타트업... 경영진, 서울대 경영대학 교수진이 참석했다. 심사를 거쳐 최종 선정된 입주 스타트업은 브레드크럼...",2026-09-14 08:10,https://www.etoday.co.kr/news/view/2624946,https://www.etoday.co.kr/news/view/2624946
서울대학교,POINTE,"두나무·서울대, 청년 창업 요람 '스타트업 스튜디오' 출범",업비트 운영사 두나무가 서울대학교 경영대학과 손잡고 청년 창업 지원 공간인 'SNU x UPbit Startup Studio'를... 박소정 서울대학교 경영대학 벤처경영 연합전공 주임교수는 대학의 연구 역량과 기업의 실질적 지원이...,2026-09-14 08:10,https://www.pointe.co.kr/news/articleView.html?idxno=84678,https://www.pointe.co.kr/news/articleView.html?idxno=84678
서울대학교,영남일보,"[박종문의 캠퍼스 오디세이] 서울대 10개, 기존 사업과 뭐가 다른가?","'서울대 10개 만들기'의 첫 패키지 지원대학으로 부산대와 전남대, 충남대가 선정됐다. 9개 거점국립대가... 국회입법조사처도 지난달 27일 발간한 '2026 국정감사 이슈 분석'에서 '성장엔진 연계 지역인재 양성방안(서울대...",2026-09-14 06:02,https://www.yeongnam.com/web/view.php?key=20260913027508346,https://www.yeongnam.com/web/view.php?key=20260913027508346
고려대학교,한국대학신문,"김동원 고려대 총장 ""학내 반발 없이 혁신한 비결은 '소통'… 공감대 만...","또 구성원의 수용성을 최우선으로 고려해 지난 3년 반 동안 구성원들과 식사·운동 등 1000차례 이상 소통했다. 큰 학내 반발 없이 대학을 운영할 수 있었던 배경이라고 생각한다."" 김동원 고려대 총장은 11일 본지와...",2026-09-14 05:56,https://news.unn.net/news/articleView.html?idxno=596964,https://news.unn.net/news/articleView.html?idxno=596964
서울대학교,SCTODAY,[일랑 이종상 선생님 영전에_김성희 서울대 교수],선생님께서는 서울대학교 미술대학이 개교이래 추구했던 것처럼 수묵화를 중시하셨습니다. 그러나 무엇보다... 미술대학 교수로서는 처음으로 서울대학교 박물관장을 맡으셨는데 그 때 개최하셨던 독도전은 아직도...,2026-09-14 05:22,https://www.sctoday.co.kr/news/articleView.html?idxno=48598,https://www.sctoday.co.kr/news/articleView.html?idxno=48598
서울대학교,노컷뉴스,"[단독]서울대 현직 교수, 대학원생 추행 혐의로 검찰 송치",14일 CBS노컷뉴스 취재를 종합하면 서울중앙지검 여성아동범죄조사2부(박지나 부장검사)는 서울대 이과계열 소속 50대 A교수를 업무상 위력 등에 의한 추행 혐의로 수사 중이다. A교수는 지난 3월 24일 서울 관악구 신림역...,2026-09-14 05:01,https://www.nocutnews.co.kr/news/6577323?utm_source=naver&utm_medium=article&utm_campaign=20260914061352,https://n.news.naver.com/mnews/article/079/0004188803?sid=102
연세대학교,강원일보,"연세대 미래캠퍼스, ‘제1회 연세아트위크’",연세대 미래캠퍼스는 오는 28일부터 다음달 5일까지 대학에서 무료 개방형 문화예술축제 ‘제1회 연세아트위크(Yonsei Arts Week)’를 개최한다. 이번 축제는 연세대 미래캠퍼스가 보유한 문화·예술 자원을 지역사회와...,2026-09-14 00:09,https://www.kwnews.co.kr/article/20260911500318,https://n.news.naver.com/mnews/article/087/0001217613?sid=102
서울대학교,동아일보,[광화문에서/임현석]서울대는 멈춘 AI 탐지… 교육도 평가도 바뀌어야,서울대가 교내에 도입해 활용하던 AI 탐지 서비스의 재계약을 접고 지원을 전면 중단한 것도 이런 파행 끝에 나온 결정이다. 서울대는 학생뿐 아니라 교수진에게도 탐지기 사용 권한을 주지 않기로 했다. 탐지 도구에서...,2026-09-13 23:13,https://www.donga.com/news/Opinion/article/all/20260913/134660206/2,https://n.news.naver.com/mnews/article/020/0003747737?sid=110
서울대학교,세계일보,‘서울대 10개·등록금 0원’ 효과… 지방대 수시지원 ‘쑥’,2% 늘어 원서접수 마감 직전 서버 먹통 ‘1시간 긴급 연장’ 형평성 논란 정부의 ‘서울대 10개 만들기’... 이에 한국대학교육협의회는 원서 접수 마감 시한을 오후 7시까지 1시간 긴급 연장했다. 그러나 기존 마감...,2026-09-13 19:55,https://www.segye.com/newsView/20260913509604?OutUrl=naver,https://n.news.naver.com/mnews/article/022/0004158616?sid=102
고려대학교,내일신문,"고려대, 흑연·하드카본 섞어 배터리 성능 높였다",고려대학교는 윤영수 KU-KIST융합대학원 교수 연구팀이 흑연과 하드카본을 물리적으로 혼합한 리튬이온전지 음극을 개발했다고 13일 밝혔다. 흑연은 현재 배터리 음극에 널리 쓰이지만 빠르게 충전하면 저장할 수 있는...,2026-09-13 19:32,https://www.naeil.com/news/read/602062?ref=naver,https://www.naeil.com/news/read/602062?ref=naver
고려대학교,내일신문,"고려대, 지방간이 간암으로 악화하는 분자 경로 규명",국내 대학 연구팀이 비만이나 고지혈증 등으로 생기는 지방간이 간암으로 진행되는 과정에서 작용하는 새로운 분자 경로를 찾아냈다. 고려대는 구승회·지성욱 생명과학부 교수 공동 연구팀이 대사이상지방간질환이...,2026-09-13 19:32,https://www.naeil.com/news/read/602065?ref=naver,https://www.naeil.com/news/read/602065?ref=naver
고려대학교,내일신문,"이진규 고려대 명예교수, 장학기금 1억원 기부",이진규 고려대학교 경영대학 명예교수가 후학 지원을 위해 1억원을 기부했다. 고려대는 지난 9일 이 명예교수의 기부금을 바탕으로 ‘이진규 장학기금’을 조성해 경영대학 학생들의 학업 지원에 활용하기로 했다고...,2026-09-13 19:32,https://www.naeil.com/news/read/602063?ref=naver,https://www.naeil.com/news/read/602063?ref=naver
서울대학교,국제신문,‘서울대 10개’+‘등록금 0’ 영향? 수도권 부산대 지원 127%↑,특히 서울·경기·인천 등 수도권 지역 학생들의 지원이 전년 대비 126.8% 급증하며 전국적인 관심이... 부산대의 경쟁률이 크게 오른 배경으로는 최근 발표된 ‘서울대 10개 만들기’에 선정된 영향이 꼽힌다. 국립대...,2026-09-13 19:26,http://www.kookje.co.kr/news2011/asp/newsbody.asp?code=0300&key=20260914.22010004194,https://n.news.naver.com/mnews/article/658/0000155415?sid=102
연세대학교,NEWSTOWN,"연세대 미래캠퍼스, 지역과 함께하는 첫 '연세아트위크' 개최","하연섭 연세대학교 미래캠퍼스부총장은 ""이번 연세아트위크는 대학이 가진 아름다운 장소와 지적·문화적 자산을 지역사회에 개방하는 새로운 문화 플랫폼""이라며 ""대학과 지역사회가 예술을 통해 소통하고 문화적...",2026-09-13 18:58,http://www.newstown.co.kr/news/articleView.html?idxno=715612,http://www.newstown.co.kr/news/articleView.html?idxno=715612
고려대학교,루키,"깜짝 얼리 엔트리 선언한 고려대 심주언, 그 이유는?... ""MBC배 기점으로...","자신감을 완전히 회복한 고려대 심주언이 이번 드래프트에서 2번째로 조기 진출 의사를 밝혔다. 고려대학교... 한편, 제42회 MBC배 전국대학농구 상주대회가 심주언에게는 자신감을 얻는 계기가 되었을 것이다. 4강이었던...",2026-09-13 18:18,http://www.rookie.co.kr/news/articleView.html?idxno=126867,https://m.sports.naver.com/basketball/article/398/0000102649
고려대학교,루키,"[단독] '깜짝 발표' 고려대 3학년 심주언, 얼리 엔트리 참가 결정… 1년...","고려대의 슈터 심주언이 프로 조기 진출 의사를 밝혔다. 농구계에 정통한 관계자에 따르면 ""고려대... 특히 7월 열린 제42회 MBC배 전국대학농구 상주대회에서 심주언은 4강전 경희대 전에서 3점슛 6개 포함 26득점을...",2026-09-13 17:56,http://www.rookie.co.kr/news/articleView.html?idxno=126865,https://m.sports.naver.com/basketball/article/398/0000102648
서울대학교,동아일보,‘서울대 10개 만들기’ 영향…지방거점국립대 수시 지원자 5% 증가,"‘서울대 10개 만들기’와 신입생 등록금 전액 지원 등 정부의 지방국립대 지원 정책의 영향으로... 특히 ‘서울대 10개 만들기’ 첫 지원 대상으로 선정된 부산대, 전남대, 충남대 등 3곳의 지원자는...",2026-09-13 17:32,https://www.donga.com/news/Society/article/all/20260913/134657624/1,https://n.news.naver.com/mnews/article/020/0003747707?sid=102
고려대학교,더퍼스트미디어,"고려대 구로병원 서원준 교수, 단일공 로봇으로 복잡한 절개창 탈장 수...",▲고려대학교 구로병원 서원준 교수가 실시간으로 국내 의료진에게 수술관련 노하우를 전달하고 있다 고려대학교 구로병원(병원장 민병욱)  위장관외과 서원준 교수가 단일공 로봇수술을 활용해 복잡한 절개창 탈장...,2026-09-13 16:20,http://www.thefirstmedia.net/news/articleView.html?idxno=208452,http://www.thefirstmedia.net/news/articleView.html?idxno=208452
고려대학교,보건뉴스,"고대의대, 의료 영상 분석 개척자 필립 람방 교수 초청 강연 개최",고려대학교 의과대학(학장 편성범)은 지난 8월 31일 의과대학 본관 3층 최덕경강의실에서 라디오믹스(Radiomics) 분야의 세계적 석학 필립 람방(Philippe Lambin) 마스트리흐트대학교(네덜란드) 교수를 초청해 특별...,2026-09-13 15:10,http://www.bokuennews.com/news/article.html?no=284084,http://www.bokuennews.com/news/article.html?no=284084
고려대학교,더퍼스트미디어,"""AI로 응급환자 중증도·저혈압 예측 "" 연구…고려대 안산병원 이수교 ...",▲고려대 안산병원 응급의학과 이수교 교수 고려대 안산병원 응급의학과 이수교 교수가 인공지능(AI)을 활용해 응급환자의 중증도를 분류하고 저혈압 발생을 예측하는 연구로 학술대회 우수포스터상을 받았다....,2026-09-13 15:02,http://www.thefirstmedia.net/news/articleView.html?idxno=208438,http://www.thefirstmedia.net/news/articleView.html?idxno=208438
연세대학교,AITIMES,"AWS, 한국 '국민대·서울대·연세대' 포함...18개국 132개 대학에 AI 코딩...","한국에서는 국민대학교, 서울대학교, 연세대학교가 대상 대학에 포함됐다. AWS는 전 세계 18개국 132개 대학의 학생들이 키로를 1년 동안 무료로 사용할 수 있는 '키로 포 스튜던츠(Kiro for Students)' 프로그램을...",2026-09-13 14:14,https://www.aitimes.kr/news/articleView.html?idxno=41890,https://www.aitimes.kr/news/articleView.html?idxno=41890
연세대학교,텐아시아,"'연대여신' 박규영, '15kg 감량' 성공했다더니…뉴욕서 뽐낸 뼈말라 레더...","데뷔 후에는 예쁘게 옷도 입고 싶고 화면에 좀 더 명확하게 보이면 좋을 때가 있어서 다이어트를 했다""고 설명했다. 한편 1993년생인 박규영은 33세이며 연세대학교를 졸업했다. 박규영은 넷플릭스 영화 '사마귀'에 출연한다.",2026-09-13 11:41,https://www.tenasia.co.kr/article/2026091308184,https://m.entertain.naver.com/article/312/0000775881
연세대학교,베타뉴스,[최주영의 입시 해부] 수능 전 면접 시리즈 6탄 연세대(기회균형),연세대의 수능 전 면접은 11월 1일(일) 하루에 몰려 있다. 학생부종합전형 기회균형과 국제인재 두 전형인데... 연세대 면접의 실체를 이해하는 열쇠는 '현장 녹화'라는 단어다. 지원자는 면접대기실에 입실한 뒤...,2026-09-13 10:52,https://www.betanews.net/article/view/beta202609100036,https://www.betanews.net/article/view/beta202609100036
연세대학교,머니투데이,성추행남 연대 출몰 3개월째...'복면 쓰고 나체'로 나타나는 심리,서울 서대문구 안산과 연세대학교 일대에서 복면을 쓴 채 나체로 여성을 성추행하는 일명 '복면나체남... 13일 뉴시스에 따르면 범인은 지난 6월과 7월에 이어 지난달 19일 밤에도 연세대 교내에서 여성을 강제 추행했다....,2026-09-13 08:22,https://www.mt.co.kr/society/2026/09/13/2026091307450134621,https://n.news.naver.com/mnews/article/008/0005412846?sid=102
연세대학교,연합뉴스,"연세대 미래캠퍼스, 28일부터 첫 연세아트위크…지역 교류 확대","10월 5일까지…이적·존박, 김소현·손준호·원주시립교향악단도 참여 연세대학교 미래캠퍼스는 오는 28일부터 10월 5일까지 교내 일원에서 '제1회 연세아트위크'를 연다고 13일 밝혔다. 이번 행사는 지역 주민과 대학...",2026-09-13 08:00,https://www.yna.co.kr/view/AKR20260911122800062?input=1195m,https://n.news.naver.com/mnews/article/001/0016306328?sid=103
연세대학교,뉴시스,"김소영 ""자녀 서울대 가면 반대…부모와 같은 연세대 나와야""","오상진은 서장훈처럼 연세대 홍보대사로 활동 중이다. 강호동은 ""상진이는 아이가 대학 갈 때 꿈을 펼치기 위해 서울대학교를 간다고 하면 두 팔 들고 반대할 거냐""고 물었다. 이에 오상진에 ""그런 거는 엄마가 결정을 해야...",2026-09-13 00:10,https://www.newsis.com/view/NISX20260912_0003786985,https://m.entertain.naver.com/article/003/0014186115
연세대학교,엑스포츠뉴스,"'오상진♥' 김소영, 딸 서울대 진학 반대?…""부모와 같은 연세대 나오면...","딸의 대학 관련 질문에 답하며 남다른 모교 사랑을 드러냈다. 김소영은 연세대학교 출신이다. 12일 방송된 JTBC... 이 가운데 강호동은 ""상진이는 아이가 대학 갈 때 꿈을 펼치기 위해 서울대학교를 간다고 하면 두 팔 들고...",2026-09-12 21:53,https://www.xportsnews.com/article/2195090,https://m.entertain.naver.com/article/311/0002056446
연세대학교,뉴스엔,"연대 출신 오상진♥김소영 “자녀 서울대 간다면 반대, 부모랑 학교 같...","오상진은 연세대 홍보대사로서 ""아이가 대학 갈 때 꿈을 펼치기 위해 서울대를 가겠다고 하면 두팔 들고 반대할 거냐""는 질문을 받았고, 오상진은 ""그런 거는 엄마가 결정해야지. 아이 진로는 엄마 쪽이 하고 난 열심히...",2026-09-12 21:32,https://www.newsen.com/news_view.php?uid=202609122055386110,https://m.entertain.naver.com/article/609/0001168418
연세대학교,뉴시스,"""정체 숨기고 관음·지배 욕구 충족”…연대 출몰 ‘복면나체남’의 이...",서울 서대문구 안산과 연세대학교 일대에서 복면을 쓴 채 나체로 여성을 성추행하는 일명 ‘복면나체남’... 범인은 지난 6월과 7월에 이어 지난달 19일 밤에도 연세대 교내에서 여성을 강제추행했다. 경찰은 수사를 벌이고...,2026-09-12 19:00,https://www.newsis.com/view/NISX20260912_0003786808,https://n.news.naver.com/mnews/article/003/0014186045?sid=102
연세대학교,한국강사신문,"연세대학교, 지행합일의 철학으로 미래를 밝힌 고려대 김동원 총장에 명...","연세대 윤동섭 총장, 고려대 김동원 총장 [사진출처=연세대학교] 연세대학교가 학문과 실천의 경계를 넘어 교육의 새로운 지평을 열고, 대학의 사회적 책임을 실현해 온 고려대학교 김동원 총장에게 명예철학박사 학위를...",2026-09-12 16:36,https://www.lecturernews.com/news/articleView.html?idxno=210485,https://www.lecturernews.com/news/articleView.html?idxno=210485
고려대학교,한국강사신문,"연세대학교, 지행합일의 철학으로 미래를 밝힌 고려대 김동원 총장에 명...","연세대 윤동섭 총장, 고려대 김동원 총장 [사진출처=연세대학교] 연세대학교가 학문과 실천의 경계를 넘어 교육의 새로운 지평을 열고, 대학의 사회적 책임을 실현해 온 고려대학교 김동원 총장에게 명예철학박사 학위를...",2026-09-12 16:36,https://www.lecturernews.com/news/articleView.html?idxno=210485,https://www.lecturernews.com/news/articleView.html?idxno=210485
고려대학교,베타뉴스,[최주영의 입시해부] 수능 전 면접 시리즈 5탄 고려대 (계열적합),"고려대 계열적합전형은 수도권 수능 전 면접 가운데 가장 밀도가 높은 시험이다. 계열적합전형에는 수능최저학력기준이 적용되지 않기 때문에, 면접이 사실상 유일한 2차 변별 장치다. 참고로 고려대의 또 다른 학종인...",2026-09-12 14:56,https://www.betanews.net/article/view/beta202609090134,https://www.betanews.net/article/view/beta202609090134
연세대학교,한국강사신문,"연세대학교, 국립공주대·동의대·이화여대·한동대와 인문사회 융합인...","위한 대학 간 협력에 본격적으로 나섰다. 연세대학교(총장 윤동섭) 인문사회 융합인재양성사업단(단장 강연아)은 지난 9월 4일 국립공주대학교, 동의대학교, 이화여자대학교, 한동대학교와 '인문사회 융합인재양성을 위한...",2026-09-12 13:06,https://www.lecturernews.com/news/articleView.html?idxno=210484,https://www.lecturernews.com/news/articleView.html?idxno=210484
연세대학교,한국강사신문,"연세대학교 조만호 교수팀, 전력 소모 100분의 1로 낮춘 '자기장 없는' ...","연세대 물리학과 조만호 교수, 노승원 박사 [사진출처=연세대학교] 연세대학교 조만호 교수팀이 외부 자기장 없이 전류만으로 자석의 방향을 뒤집는 차세대 스핀소자를 세계 최초로 구현하며 초저전력·고집적...",2026-09-12 12:47,https://www.lecturernews.com/news/articleView.html?idxno=210483,https://www.lecturernews.com/news/articleView.html?idxno=210483
연세대학교,오마이뉴스,"[보도 후] 돌아온 고양이 급식소, ""함께 살자"" 반긴 연대생들","고아무개(연세대 대학원생, 23)씨는 ""철거했다는 소식을 듣고, 고양이들이 하루아침에 집을 잃었겠다 걱정되는 마음이 컸다. 떠돌아다니는 고양이들을 보면서 마음이 아팠다""라며 ""사람만 사는 세상이 아니라 고양이들도...",2026-09-12 11:31,https://www.ohmynews.com/NWS_Web/View/at_pg.aspx?CNTN_CD=A0003266251&CMPT_CD=P0010&utm_source=naver&utm_medium=newsearch&utm_campaign=naver_news,https://n.news.naver.com/mnews/article/047/0002528677?sid=102
연세대학교,헤럴드경제,"공포의 귀가길, 오리무중 연대 복면나체남…결국 서울경찰청장 직접 현...","연세대를 공포에 몰아넣은 일명 ‘복면나체남’이 약 3개월째 검거되지 않고 있다. 이에 고범석 서울경찰청장은 현장을 찾아 조속한 검거를 지시했다. 나체에 복면을 쓴 남성이 6, 7월에 이어 지난달 19일 밤 연세대...",2026-09-12 10:46,https://biz.heraldcorp.com/article/10871143?ref=naver,https://n.news.naver.com/mnews/article/016/0002696265?sid=102
연세대학교,한경매거진,"[현장] 삼성전자 인사담당 ""직무핏부터 확인"", 왜?…연세대 취업박람회...","학부·대학원 재학생은 물론 휴학생, 기졸업자, 외국인 유학생까지 취업을 준비하는 연세대 구성원이라면 누구나 참여할 수 있었다. 행사는 기업별 채용설명회와 채용 상담 부스로 나뉘어 진행됐다. 채용을 앞둔 삼성전자...",2026-09-12 08:46,https://magazine.hankyung.com/job-joy/article/202609120099d,https://magazine.hankyung.com/job-joy/article/202609120099d
고려대학교,메디게이트뉴스,"고려대 안산병원 이수교 교수, EMS코리아 2026 우수포스터상 수상",고려대학교 안산병원 응급의학과 이수교 교수가 지난 8일 서울 백범김구기념관에서 열린 ‘EMS Korea 2026’ 학술대회에서 우수포스터상을 수상했다고 밝혔다. 대한응급의학회가 주최하고...,2026-09-12 06:36,https://www.medigatenews.com/news/1860261394,https://www.medigatenews.com/news/1860261394
연세대학교,일간스포츠,"""못다 한 우승 해야죠""…대학야구 정상에도 웃지 않은 연세대 조성현 감...",대학야구 U-리그 A조에 편성된 연세대는 조별리그 9전 전승 이후 5개 조 상위 25개 팀이 참가한 토너먼트인 왕중왕전 4연승을 질주했다. U-리그 13연승. 2018년 대회 창설 이래 리그와 왕중왕전을 통틀어 전승으로 우승한...,2026-09-12 05:00,https://isplus.com/article/view/isp202609110079,https://m.sports.naver.com/kbaseball/article/241/0003530309
연세대학교,조선일보,[부음] 박병문 연세대 의대 명예교수 별세 외,"▲박병문 연세대 의대 명예교수 별세, 박준규 다산컨설턴트 부사장·박상규 가천대 응급구조학과 교수 부친상, 최선목 前 한화 커뮤니케이션위원회 사장 장인상, 장인경 한국바른채용인증원 부원장 시부상...",2026-09-12 00:34,https://www.chosun.com/national/obituary-personnel/2026/09/12/KKJQFJKBLBHDHDKPXBOIXFCB5M/?utm_source=naver&utm_medium=referral&utm_campaign=naver-news,https://n.news.naver.com/mnews/article/023/0003997991?sid=102
연세대학교,세계일보,"서울경찰청장, ‘알몸 복면남’ 출몰 연세대 방문… “피의자 조속 검거...",고범석 서울경찰청장이 최근 강제추행 신고가 잇따른 연세대 무악학사와 안산 산책로 일대를 찾아 범죄 취약 요소를 점검했다. 서울경찰청은 고 청장이 9일 연세대 후문길과 안산 산책로 일대를 방문해 현장 진단을...,2026-09-12 00:02,https://www.segye.com/newsView/20260911508107?OutUrl=naver,https://n.news.naver.com/mnews/article/022/0004158319?sid=102
연세대학교,더팩트,연세대 '나체 복면남' 꽁꽁 숨었다…석 달째 오리무중,"6월 첫 신고 이후 3개월째 피의자 특정 못해 경찰, 순찰 강화 등 수사 총력…장기화 우려도 연세대학교... 12일 경찰에 따르면 서울 서대문경찰서는 연세대 신촌캠퍼스 기숙사 인근에서 잇따라 발생한 공연음란, 강제추행...",2026-09-12 00:01,https://news.tf.co.kr/read/life/2365090.htm,https://n.news.naver.com/mnews/article/629/0000533145?sid=102
연세대학교,뉴스1,막차 입시에 막판 수시 눈치작전…서울대·연대 '주춤' 외대·중대 '껑충...,"대학별로 보면 서울대와 연세대의 경쟁률은 하락했고 고려대는 상승했다. 서울대는 8.12대 1에서 7.37대 1로, 연세대는 15.10대 1에서 14.02대 1로 각각 낮아졌다. 고려대는 20.35대 1에서 20.46대 1로 올랐다. 세 대학 경쟁률...",2026-09-11 21:41,https://www.news1.kr/society/education/6288207,https://n.news.naver.com/mnews/article/421/0009165938?sid=102
고려대학교,메디컬월드뉴스,"[9월 11일 병원계 이모저모①]국립중앙의료원, 고려대, 부산대, 창원경...","◆고려대의대, 이종욱펠로우십 감염병전문가과정 수료식 고려대학교 의과대학(학장 편성범)이 지난 3일 고려대학교 LG-POSCO경영관 안영일홀에서 2026년도 이종욱펠로우십 감염병전문가과정 통합 수료식을 개최했다....",2026-09-11 20:50,https://medicalworldnews.co.kr/news/view.php?idx=1510977204,https://medicalworldnews.co.kr/news/view.php?idx=1510977204
연세대학교,파이낸셜뉴스,"'AI가 스스로 판단해 도시 운영'… 연세대, 글로벌 기관과 'K-AI 시티' 수...","이정훈 어반 AI 아시아 추진위원장(연세대 정보대학원 교수)은 ""생성형 AI를 넘어 스스로 판단하고 움직이는 AI 기술이 본격화되면서, AI는 더 이상 개별 서비스용 기술이 아니라 도시의 의사결정과 운영 체계...",2026-09-11 19:51,https://www.fnnews.com/news/202609111948268094,https://n.news.naver.com/mnews/article/014/0005574641?sid=102
연세대학교,YTN,"서울청장, '복면남' 출몰 연세대 방문...""피의자 조속히 검거""",고범석 서울경찰청장이 최근 강제추행 신고가 잇따른 연세대 무악학사와 안산 산책로 일대를 찾아 범죄 취약 요소를 점검했습니다. 서울경찰청은 고 청장이 지난 9일 연세대 후문길과 안산 산책로 일대를 방문해 현장을...,2026-09-11 18:00,https://www.ytn.co.kr/_ln/0103_202609111800269816,https://n.news.naver.com/mnews/article/052/0002405881?sid=102
고려대학교,동아일보,[고려대 TLO 혁신] [3] 연구실과 해외 시장 도전하는 TLO의 힘 'Mini-TLO 글...,"대학의 장점과 특성을 살린 특화 기술사업화 모델, 기술이전과 창업 생태계 활성화 등 속속 성과를 낸 덕분이다. 특히 고려대학교 기술사업화센터는 유망 기술을 가진 연구실에 TLO를 파견, 한 몸처럼 움직이며...",2026-09-11 17:50,https://it.donga.com/109514/,https://it.donga.com/109514/
연세대학교,동아사이언스,"[사이언스게시판] 우주항공청, '2026년 캔위성 경연대회 시상식' 개최 外",올해 제15회를 맞는 캔위성 경연대회에는 슬기부(고등학생) 127팀과 창작부(대학생) 54팀이 참가했으며 1차... 창작부에서는 연세대 'LANDER'팀과 인하대 'ALL-STEP'팀이 우수상을 수상했다. 한국항공우주연구원장상이...,2026-09-11 17:50,https://www.dongascience.com/news/view/79880,https://n.news.naver.com/mnews/article/584/0000039291?sid=105
연세대학교,데일리안,‘2026 캔위성 경연대회’ 시상…경기과고·경희대 최우수상,"이번 대회에는 고등학생 대상인 슬기부 127팀과 대학생 대상인 창작부 54팀이 참가했다. 지난 5월... 용인한국외국어대학교부설고 ‘딸기잼’팀이 받았고, 창작부에서는 연세대 ‘LANDER’팀과 인하대 ‘ALL-STEP’팀이...",2026-09-11 17:40,https://www.dailian.co.kr/news/view/1689474/?sc=Naver,https://n.news.naver.com/mnews/article/119/0003131819?sid=105
연세대학교,전자신문,"연세대·한국IT서비스학회, 어반 AI와 국제심포지엄 개최",지난 9월 7일 연세대 새천년관에서 어반 AI(Urban AI)와 공동으로 '어반 AI 심포지엄 연세'를 개최됐다.... 연세대 정보대학원이 개최했다. 어반 AI는 AI와 도시의 접점에서 새로운 도시 혁신 모델을 연구하는 글로벌...,2026-09-11 17:00,https://www.etnews.com/20260911000304,https://n.news.naver.com/mnews/article/030/0003466018?sid=105
연세대학교,매일경제,[부음] 박병문씨(연세대 의대 명예교수·광명성애병원 명예원장) 별세,"▲박병문씨(연세대 의대 명예교수·광명성애병원 명예원장) 별세, 양원희씨 배우자상, 박준규((주)... 최동준(FM동물메디컬센터) 최동규씨(KB국민은행) 조부상=11일 연세대 세브란스병원, 발인 13일 오전 8시. (02)2227-7500",2026-09-11 16:57,https://www.mk.co.kr/article/12150577,https://n.news.naver.com/mnews/article/009/0005733973?sid=102
연세대학교,데일리안,"서울경찰청장, '나체 복면남 출몰' 연세대 현장점검…""평온한 일상 지켜...",서울경찰청은 고범석 청장이 지난 9일 서울 연세대학교 후문길과 안산 산책로 일대를 방문해 현장 진단을 실시했다고 11일 밝혔다. 연세대에서는 지난달 19일 신촌캠퍼스 기숙사 앞에서 한 남성이 나체 상태로 검은 복면을...,2026-09-11 16:32,https://www.dailian.co.kr/news/view/1689427/?sc=Naver,https://n.news.naver.com/mnews/article/119/0003131791?sid=102
연세대학교,데일리메디,"연세대 의대, 의예과부터 '의사과학자 육성'",﻿﻿﻿﻿연세대학교 의과대학(학장 최재영)이 의예과 단계부터 기초학문과 연구 역량을 체계적으로 쌓을 수 있는 교육과정을 신설하며 미래 의사과학자 양성에 나선다. 연세의대는 2026학년도 2학기부터 의예과...,2026-09-11 16:06,https://www.dailymedi.com/news/news_view.php?wr_id=940438,https://www.dailymedi.com/news/news_view.php?wr_id=940438
연세대학교,문화일보,"‘연대 나체·복면남, 아직도 못잡았어?’…신임 서울청장, 현장 직접 답...",고범석 신임 서울경찰청장이 연세대 인근 산책로에서 재학생을 대상으로 성추행한 알몸 복면남 사건... 11일 서울경찰청에 따르면 고 청장은 지난 9일 서울 서대문구 연세대 후면길과 안산 산책로 일대를 직접 걸으며...,2026-09-11 15:52,https://www.munhwa.com/article/11616395?ref=naver,https://n.news.naver.com/mnews/article/021/0002818157?sid=102
연세대학교,국민일보,"서울경찰청장, ‘복면 나체男’ 출몰 연세대 방문…“피의자 조속히 검...",고범석 서울경찰청장이 최근 강제추행 신고가 연이어 들어온 연세대 신촌캠퍼스 기숙사 인근과 안산 산책로를 찾아 범죄 취약 요인을 점검했다. 서울경찰청은 고 청장이 지난 9일 서울 서대문구 연세대 무악학사와 안산...,2026-09-11 15:40,https://www.kmib.co.kr/article/view.asp?arcid=9000011218&cp=nv,https://n.news.naver.com/mnews/article/005/0001872366?sid=102
연세대학교,POINTE,"빗썸, 연세대 축제서 청년층 소통…건전한 가상자산 문화 알린다",△ 연세대 축제서 청년층과 소통…주요 대학 순회 예정 가상자산 거래소 빗썸은 대학생들에게 친근한 브랜드 이미지를 전달하고 건전한 시장 문화를 알리기 위해 진행한 연세대학교 축제 부스 운영을 마무리했다고 11일...,2026-09-11 15:34,https://www.pointe.co.kr/news/articleView.html?idxno=84614,https://www.pointe.co.kr/news/articleView.html?idxno=84614
고려대학교,충청리뷰,"고려대 세종캠퍼스, 'ICT 챌린지 2026' 대상 수상",고려대학교 세종캠퍼스(부총장 양지운) 컴퓨터소프트웨어학과 한창희 교수 연구팀과 생명정보공학과... 이번 성과는 과학기술정보통신부와 정보통신기획평가원(IITP)이 지원하는 대학ICT연구센터사업(ITRC) '스마트시티...,2026-09-11 15:20,https://www.ccreview.co.kr/news/articleView.html?idxno=357252,https://www.ccreview.co.kr/news/articleView.html?idxno=357252
연세대학교,뉴데일리,"서울경찰청장, '복면남' 잇단 출몰 연세대 현장점검 … ""조속 검거""",뉴데일리 임찬웅 기자 = 고범석 서울경찰청장이 최근 강제추행 사건이 잇따른 연세대학교 신촌캠퍼스 일대를 찾아 현장 점검에 나섰다. 11일 서울경찰청 등에 따르면 고 청장은 지난 9일 서울 서대문구 연세대 후문길과...,2026-09-11 15:18,https://www.newdaily.co.kr/site/data/html/2026/09/11/2026091100206.html,https://www.newdaily.co.kr/site/data/html/2026/09/11/2026091100206.html
연세대학교,서울경제,"서울경찰청장, ‘연쇄 성추행’ 사건 연세대 현장 점검…순찰 강화 당부",최근 연세대학교 기숙사 인근에서 나체 상태의 복면 남성이 여성을 강제추행했다는 신고가 잇따르자 고범석... 서울경찰청은 고 청장이 이달 9일 오후 서울 서대문구 연세대학교 후면길과 안산 산책로 일대를 방문했다고...,2026-09-11 15:01,https://www.sedaily.com/article/20089879?ref=naver,https://n.news.naver.com/mnews/article/011/0004660916?sid=102
연세대학교,라포르시안,"연세대 의대, 2학기부터 수학·생명과학·사회과학 심화전공 신설",연세대학교 의과대학(학장 최재영) 2026학년도 2학기부터 의예과 학생을 대상으로 'Pre-PS(Physician-Scientist)... 연세의대는 의예과에서 시작한 기초학문 교육을 의학과의 실제 연구 경험으로 연결할 계획이다. 현재...,2026-09-11 14:46,https://www.rapportian.com/news/articleView.html?idxno=240256,https://www.rapportian.com/news/articleView.html?idxno=240256
연세대학교,에듀동아,"연세대 한국 IT서비스학회, Urban AI와 국제심포지엄 개최","이상우 연세대 정보대학원장은 환영사를 통해 ""최근 Physical AI와 Agentic AI의 발전으로 AI가 도시 공간과 일상을 근본적으로 변화시키고 있어 이에 대한 융복합적 R&D 혁신플랫폼의 필요성""을 강조했다....",2026-09-11 14:40,https://edu.donga.com/news/articleView.html?idxno=111849,https://edu.donga.com/news/articleView.html?idxno=111849
고려대학교,주간한국,"GC녹십자의료재단·고려대, 10개국 감염병 전문가 34명 교육","이와 함께 서울특별시 서북병원, 서울특별시 보건환경연구원, 국립중앙의료원, 국제백신연구소, 한국파스퇴르연구소, 고려대학교 의과대학 백신혁신센터 등 국내 주요 감염병 관련 기관을 방문해 한국의 감염병 관리...",2026-09-11 14:38,https://weekly.hankooki.com/news/articleView.html?idxno=7183787,https://weekly.hankooki.com/news/articleView.html?idxno=7183787
고려대학교,글로벌경제신문,"[AI의료]씨어스, 실적 성장으로 KRX 헬스케어 지수 편입 外 뷰노·고려대...","국내에서는 서울대학교병원 김유선 교수와 서울아산병원 박유경 교수가 국내 소아 RRS 운영 경험과... ◆고려대 안산병원, 응급실에 AI 접목 조기 위험 예측 연구 발표 고려대 안산병원 응급의학과 이수교...",2026-09-11 14:34,https://www.getnews.co.kr/news/articleView.html?idxno=880534,https://www.getnews.co.kr/news/articleView.html?idxno=880534
고려대학교,ENETNEWS,"고려대 창업지원단, 'KU 스타트업 커넥트 서울지역 공동 네트워킹 데이...",고려대학교 크림슨창업지원단(이하 고려대 창업지원단) 서울지역 초기창업패키지 선정기업의 해외 진출과 협력 기회 확대를 위한 네트워킹 행사를 진행했다. 고려대 창업지원단은 지난 9월 3일 고려대학교 하나스퀘어 B1...,2026-09-11 14:30,https://www.enetnews.co.kr/news/articleView.html?idxno=54324,https://www.enetnews.co.kr/news/articleView.html?idxno=54324
연세대학교,파이낸셜뉴스,"""대학생과 소통 강화""…빗썸, 연세대 축제 부스 진행",빗썸이 대학생과의 소통 강화를 골자로 연세대학교 축제에서 부스를 진행했다. 11일 가상자산 업계에... 한편 빗썸은 지난 5월에도 전국 12개 대학교를 순회하며 대학생과의 접점을 넓혔다. 당시에도 △가입 후 현장 방문...,2026-09-11 14:18,https://www.fnnews.com/news/202609111256177090,https://n.news.naver.com/mnews/article/014/0005574495?sid=105
고려대학교,한국대학신문,"고려대 김태근 교수 연구팀, 차세대 AI 상변화 메모리 개발",(사진=고려대)  국내 연구진이 전력 소모를 크게 줄이고 하나의 셀에 여러 정보를 안정적으로 저장하는... 11일 한국연구재단(이사장 홍원화)에 따르면 고려대학교 김태근 교수 연구팀은 서로 다른 특성을 지닌 두...,2026-09-11 14:16,https://news.unn.net/news/articleView.html?idxno=597299,https://news.unn.net/news/articleView.html?idxno=597299
고려대학교,채널A,"“전두환 물러가라” 징역형 고대생, 43년 만에 무죄","처했던 고려대 학생들이 재심에서 무죄를 선고받았습니다. 11일 관보에 따르면 지난달 24일... 이 씨와 송 씨 등은 1982년 5월 14일 고려대 학생회관에서 전두환 정권을 비판하는 유인물을 학생들에게 배포하고 ""전두환...",2026-09-11 14:13,https://www.ichannela.com/news/main/news_detailPage.do?publishId=000000549932,https://n.news.naver.com/mnews/article/449/0000360346?sid=102
고려대학교,DOCTORSTIMES,"김정연·윤영경 고려대 안암병원 교수팀, 국내 항생제 내성 병원체 대응...","김정연·윤영경 고려대 안암병원 감염내과 교수 연구팀(교신저자 윤영경 교수, 공동 제1저자 김정연... 공동 제1저자는 강원대학교 약학대학 유수연 교수가 맡았다. 연구 결과는 'Priority assessment of antimicrobial...",2026-09-11 14:10,http://www.doctorstimes.com/news/articleView.html?idxno=239963,http://www.doctorstimes.com/news/articleView.html?idxno=239963
연세대학교,서울경제,"빗썸, 연세대서 코인빵·팝콘 이벤트",빗썸이 연세대학교 축제 현장을 찾아 대학생들과의 접점을 넓혔다. 빗썸은 8일 연세대학교 송도... 21~22일에는 경희대학교·서울시립대학교·한국외국어대학교가 함께하는 동대문구 대학 연합 행사 ‘트로이카(TROIKA)...,2026-09-11 14:04,https://www.sedaily.com/article/20089844?ref=naver,https://n.news.naver.com/mnews/article/011/0004660887?sid=101
연세대학교,팝콘뉴스,"빗썸, 대학 축제 순회 나선다…연세대 이어 트로이카 참여","빗썸은 연세대에 이어 다른 대학 축제로 활동 범위를 넓힌다. 오는 21~22일에는 경희대와 서울시립대, 한국외대가 공동으로 여는 동대문구 대학 연합 축제 '트로이카'에 참여한다. 이어 28~30일에는 경희대 용인 국제캠퍼스...",2026-09-11 14:02,http://www.popcornnews.net/news/articleView.html?idxno=132646,http://www.popcornnews.net/news/articleView.html?idxno=132646
고려대학교,뉴스1,"""전두환 물러가라"" 징역형 고대생 2명, 43년 만에 무죄",처했던 고려대 학생들이 재심에서 무죄를 선고받았다. 11일 관보에 따르면 지난달 24일 서울중앙지법은... 이 씨와 송 씨 등은 1982년 5월 14일 고려대 학생회관에서 전두환 정권을 비판하는 유인물을 학생들에게...,2026-09-11 13:58,https://www.news1.kr/society/court-prosecution/6287626,https://n.news.naver.com/mnews/article/421/0009165139?sid=102
고려대학교,한국경제,"고려대 창업지원단, ‘KU 스타트업 커넥트 서울지역 공동 네트워킹 데이...",고려대학교 크림슨창업지원단(이하 고려대 창업지원단)이 2026년 초기창업패키지 선정기업을 대상으로 진행한 ‘KU 스타트업 커넥트 서울지역 공동 네트워킹 데이’를 성황리에 마무리했다고 밝혔다. 이번 행사는 지난 3일...,2026-09-11 13:52,https://www.hankyung.com/article/202609118921O,https://n.news.naver.com/mnews/article/015/0005331316?sid=101
연세대학교,중앙일보,"연세대, 교수 50명·신입생 200명 함께 책 읽고 ‘지성동행’","생명시스템대학장, 천진우 화학과 교수 등 교수 50명이 참여한다. 연세대 국제캠퍼스는 기숙형 교육... 참여를 희망하는 신입생은 원하는 교수를 선택해 커리어 연세 홈페이지에서 선착순으로 신청할 수 있다.",2026-09-11 13:25,https://www.joongang.co.kr/article/25461063,https://n.news.naver.com/mnews/article/025/0003550739?sid=102
연세대학교,CNB저널,"빗썸, 연세대 축제 '이색 부스' 성료…대학생 접점 확대","빗썸은 연세대에 이어 오는 9월 말 동대문구 3개 대학 연합 행사 'TROIKA'를 시작으로 경희대(국제캠), 동국대 등 주요 대학교 축제 현장을 순회하며 청년 세대와의 소통을 꾸준히 이어갈 계획이다. 가상자산 거래소들이...",2026-09-11 13:16,https://www.cnbizm.com/news/articleView.html?idxno=314808,https://www.cnbizm.com/news/articleView.html?idxno=314808
연세대학교,로이슈,"빗썸, 연세대 축제서 대학생 대상 가상자산 체험 공간 운영",빗썸이 연세대학교 축제 현장에서 대학생을 대상으로 가상자산 관련 체험 공간을 운영하며 현장 소통에... 빗썸은 9월 말 경희대·서울시립대·한국외대 연합 축제 ‘TROIKA’를 비롯해 경희대학교 국제캠퍼스와 동국대학교...,2026-09-11 13:06,http://www.lawissue.co.kr/view.php?ud=202609111304213661204ead0791_12,http://www.lawissue.co.kr/view.php?ud=202609111304213661204ead0791_12
연세대학교,베리타스알파,김천대 출신 서경진 박사 연세대 치과대학 연구조교수 임용.. '43년 전통...,김천대학교 치기공학과(학과장 김홍식)는 본교 출신 치의학 및 치과 생체재료 분야 연구자인 서경진 박사(현 김천대 초빙교원)가 연세대학교 치과대학 연구조교수로 임용됐다고 전했다. 서 박사는 김천대 치기공학과를...,2026-09-11 12:54,https://www.veritas-a.com/news/articleView.html?idxno=627429,https://www.veritas-a.com/news/articleView.html?idxno=627429
연세대학교,AITIMES,연세대 채찬병·한양대 선양국·서울대 김빛내리·카이스트 이상엽 교수...,"기관별 순위에서는 전 세계 1,801개 기관 가운데 캘리포니아대학 시스템이 243명으로 가장 많은 연구자를... B 국내 기관 가운데서는 서울대학교가 17명으로 가장 많았으며, KAIST, 연세대학교, 고려대학교...",2026-09-11 12:38,https://www.aitimes.kr/news/articleView.html?idxno=41874,https://www.aitimes.kr/news/articleView.html?idxno=41874
연세대학교,KHGAMES,"빗썸, 연세대 축제에서 현장 소통 확대",빗썸이 연세대학교 축제에 참여해 대학생 대상 현장 소통을 진행했다. 빗썸은 8일 연세대 송도 국제캠퍼스와 9일 서울 신촌캠퍼스에서 체험형 이벤트 부스를 운영했다고 밝혔다. 8일 송도 국제캠퍼스에서는 밤 11시까지...,2026-09-11 12:02,https://www.khgames.co.kr/news/articleView.html?idxno=308290,https://www.khgames.co.kr/news/articleView.html?idxno=308290
연세대학교,핀포인트뉴스,"빗썸, 연세대 축제서 대학생과 소통…대학가 행사 이어간다",가상자산 거래소 빗썸은 대학생을 대상으로 브랜드 체험 기회를 제공하기 위해 연세대학교 축제 행사에 참여했다고 11일 밝혔다. 행사는 지난 8일 연세대 송도 국제캠퍼스와 9일 서울 신촌캠퍼스에서 각각 진행됐다....,2026-09-11 12:00,https://www.pinpointnews.co.kr/news/articleView.html?idxno=486142,https://www.pinpointnews.co.kr/news/articleView.html?idxno=486142
연세대학교,KBS,"경찰, 연세대 ‘나체 추행범’ 아직 미검거…서울청장 현장순찰",서울 연세대학교 신촌캠퍼스 기숙사 인근에서 알몸 상태로 학생들을 추행하고 달아난 남성이 아직 검거되지 않은 것으로 확인됐습니다. 서울 서대문경찰서는 연세대 기숙사 인근에서 학생들을 추행하고 달아난 남성을...,2026-09-11 11:55,https://news.kbs.co.kr/news/pc/view/view.do?ncd=8661110&ref=A,https://n.news.naver.com/mnews/article/056/0012255557?sid=102
연세대학교,이데일리,연세대 '복면 나체남' 출몰에…현장 점검 나선 경찰,순찰과 대학생·자율방범대를 연계한 안전망을 가동하고 있다. 경찰에 따르면 서울 서대문경찰서는 지난달 24일 공연음란 혐의로 60대 남성 A 씨를 현행범 체포한 바 있다. 그는 서울 서대문구 연세대 신촌캠퍼스 인근 안산...,2026-09-11 11:33,https://www.edaily.co.kr/News/Read?newsId=03480086645579136&mediaCodeNo=257&utm_source=naver&utm_medium=referral&utm_campaign=news_syndication&utm_content=original_article,https://n.news.naver.com/mnews/article/018/0006367559?sid=102
연세대학교,연합뉴스,"서울경찰청장, '복면남' 출몰 연세대 방문…""피의자 조속 검거""",고범석 서울경찰청장이 최근 강제추행 신고가 잇따른 연세대 무악학사와 안산 산책로 일대를 찾아 범죄 취약 요소를 점검했다. 서울경찰청은 고 청장이 지난 9일 연세대 후문길과 안산 산책로 일대를 방문해 현장 진단을...,2026-09-11 11:17,https://www.yna.co.kr/view/AKR20260911067700004?input=1195m,https://n.news.naver.com/mnews/article/001/0016304404?sid=102
연세대학교,강원일보,"[포토뉴스]연세대 미래캠퍼스·원주고, ‘G-Lab 청소년 로컬 리서치 랩’",연세대 미래캠퍼스(부총장:하연섭)는 지난 10일 대학 컨버전스홀에서 원주고와 함께 ‘G-Lab 청소년 로컬 리서치 랩’ 발대식을 하고 지역사회 문제를 탐색·연구하는 지역 기반 교육 프로그램을 시작했다.,2026-09-11 11:10,https://www.kwnews.co.kr/article/20260911500083,https://n.news.naver.com/mnews/article/087/0001217265?sid=102
고려대학교,보건뉴스,"고려대안산병원 이수교 교수, 'EMS Korea 2026' 우수포스터상 수상",고려대 안산병원 응급의학과 이수교 교수가 지난 8일 서울 백범김구기념관에서 열린 'EMS Korea 2026' 학술대회에서 우수포스터상을 수상했다. EMS Korea 2026은 대한응급의학회가 주최하고 대한응급의료지도의사협의회가...,2026-09-11 11:08,http://www.bokuennews.com/news/article.html?no=284048,http://www.bokuennews.com/news/article.html?no=284048
고려대학교,라포르시안,"고대의대, 이종욱펠로우십 감염병전문가과정 성료…""10개국 34명 수료""",고대의대(학장 편성범)는 지난 3일 오전 10시 고려대학교 LG-POSCO경영관 안영일홀에서 2026년도 이종욱펠로우십 감염병전문가과정 통합 수료식을 개최했다고 밝혔다. 고대의대와 GC녹십자의료재단이 공동 운영한 이번...,2026-09-11 11:08,https://www.rapportian.com/news/articleView.html?idxno=240232,https://www.rapportian.com/news/articleView.html?idxno=240232
연세대학교,뉴스1,"서울경찰청장, '연쇄 성추행 신고' 연세대 방문…순찰 강화 당부",서대문구 연세대학교 신촌캠퍼스 일대를 찾아 현장 근무자들에게 시민 안전을 위한 순찰 활동 강화를 당부했다. 11일 서울청에 따르면 고 청장은 지난 9일 오후 서울 서대문구 연세대학교 후면길과 안산 산책로 일대를...,2026-09-11 11:06,https://www.news1.kr/society/incident-accident/6287433,https://n.news.naver.com/mnews/article/421/0009164718?sid=102
연세대학교,뉴시스,"서울청장, '복면남' 연세대 산책로 점검…조속 검거 지시","연세대 인근 산책로에서 재학생을 성추행한 '알몸 복면 남성'이 아직 검거되지 않은 가운데, 고범석... 11일 서울경찰청에 따르면 고 청장은 지난 9일 서울 서대문구 연세대 후면길과 안산 산책로 일대를 방문해 범죄예방을...",2026-09-11 11:04,https://www.newsis.com/view/NISX20260911_0003785659,https://n.news.naver.com/mnews/article/003/0014184224?sid=102
고려대학교,후생신보,"고대 구로 서원준 교수, 절개창 탈장도 단일공 로봇으로",고려대학교 구로병원 서원준 교수가 실시간으로 국내 의료진에게 수술관련 노하우를 전달하고 있다. 고려대학교 구로병원(병원장 민병욱) 위장관외과(상부) 서원준 교수가 절개창 탈장(Incisional Hernia) 환자를 대상으로...,2026-09-11 10:50,http://www.whosaeng.com/173635,http://www.whosaeng.com/173635
고려대학교,에너지경제,"이진규 고려대 명예교수, 경영대학 장학기금 1억원 쾌척",이진규 고려대학교 경영대학 명예교수가 모교 후학들을 위해 1억원을 쾌척했다. 고려대는 9일 고려대 본관 총장실에서 '이진규 장학기금' 기부식을 개최했다고 밝혔다. 이날 행사에는 이진규 명예교수와 김동원 총장...,2026-09-11 10:50,https://www.ekn.kr/web/view.php?key=20260911023433165,https://www.ekn.kr/web/view.php?key=20260911023433165
연세대학교,연합뉴스TV,"고범석 서울경찰청장, '연쇄 성추행' 연세대 산책로 순찰",고범석 서울경찰청장이 연세대학교 신촌캠퍼스 산책로 일대를 찾아 범죄 취약 요소를 점검했습니다. 고 청장은 어제(9일) 오후 연세대 기숙사인 무악학사와 안산 산책로 약 640m 구간을 도보로 순찰하며 보안등과 CCTV...,2026-09-11 10:49,http://www.yonhapnewstv.co.kr/news/AKR202609111048585Nx,https://n.news.naver.com/mnews/article/422/0000905099?sid=102
고려대학교,보건뉴스,"고려대의대, 이종욱펠로우십 감염병전문가과정 성료",고려대학교 의과대학(학장 편성범)은 지난 3일고려대학교 LG-POSCO경영관 안영일홀에서 2026년도 이종욱펠로우십 감염병전문가과정 통합 수료식을 개최했다. 고려대 의대와 GC녹십자의료재단이 공동 운영한 이번 과정에는...,2026-09-11 10:48,http://www.bokuennews.com/news/article.html?no=284036,http://www.bokuennews.com/news/article.html?no=284036
연세대학교,뉴시스,"빗썸, 연세대 축제 참여…""청년층 접점 확대""","가상자산 거래소 빗썸은 대학생에게 가상자산 브랜드 경험을 제공하기 위해 연세대 축제에 참여했다고 11일 밝혔다. 이번 행사는 지난 8일 송도 국제캠퍼스와 9일 서울 신촌캠퍼스에서 차례로 진행됐으며, 대학생들의...",2026-09-11 10:41,https://www.newsis.com/view/NISX20260911_0003785550,https://n.news.naver.com/mnews/article/003/0014184122?sid=101
연세대학교,메가경제,"빗썸, 연세대 축제서 체험형 부스 운영…비트코인·굿즈 이벤트 진행",빗썸이 연세대학교 축제에 참여해 대학생을 대상으로 가상자산 관련 브랜드 체험 행사를 진행했다. 이달 말까지 주요 대학 축제 현장을 순회하며 청년층과의 접점을 확대할 계획이다. 빗썸은 지난 8일 연세대 송도...,2026-09-11 10:26,https://www.megaeconomy.co.kr/news/newsview.php?ncode=1065576086705933,https://www.megaeconomy.co.kr/news/newsview.php?ncode=1065576086705933
고려대학교,법률신문,"고려대 기술법정책센터, AX 시대 통신산업 과제 살핀다",고려대 기술법정책센터(센터장 이성엽)는 2026년 9월 17일 오후 2시 30분 서울 태평로1가 프레스센터 20층 프레스클럽에서 'AX와 6G 시대를 대비한 통신산업의 과제'를 주제로 제87회 정기세미나를 연다. 이번 세미나는...,2026-09-11 10:12,https://www.lawtimes.co.kr/news/articleView.html?idxno=226206,https://www.lawtimes.co.kr/news/articleView.html?idxno=226206
연세대학교,워크투데이,"빗썸, 연세대 축제서 대학생 대상 브랜드 체험 행사 … 대학가 접점 확...",빗썸은 연세대 축제를 시작으로 이달 말까지 대학가 마케팅 활동을 확대할 계획이다. 오는 21~22일에는 경희대학교·서울시립대학교·한국외국어대학교 등 동대문구 소재 3개 대학이 함께하는 연합 행사 'TROIKA(트로이카)...,2026-09-11 10:06,http://www.worktoday.co.kr/news/articleView.html?idxno=89115,http://www.worktoday.co.kr/news/articleView.html?idxno=89115
연세대학교,강원일보,연세대 미래캠퍼스 ‘WAVE Startup Audition Part.2’ 행사,연세대 미래캠퍼스 미래창업지원단(단장:김창희)은 최근 대학 중앙도서관에서 '2026 WAVE Startup Audition Part.2’ 본선 평가 및 시상식을 했다.,2026-09-11 10:06,https://www.kwnews.co.kr/article/20260911500026,https://n.news.naver.com/mnews/article/087/0001217260?sid=102
연세대학교,전자신문,"빗썸, 연세대 축제 참여…대학생 대상 가상자산 체험 행사",빗썸은 연세대 행사의 열기를 이어 오는 9월 말에도 주요 대학교 축제를 순회하며 청년 세대와 접점을 꾸준히 이어 나갈 예정이다. 오는 21일부터 22일에는 동대문구 3개 대학(경희대·서울시립대·한국외대) 연합 행사인...,2026-09-11 09:55,https://www.etnews.com/20260911000071,https://n.news.naver.com/mnews/article/030/0003465844?sid=101
연세대학교,프라임경제,"[카드] 빗썸, 연세대 이어 주요 대학 축제 찾는다…청년층 접점 확대",빗썸은 대학생들에게 건전한 가상자산 브랜드 경험을 선사하기 위해 참여한 연세대학교 축제 행사를 성공적으로 마쳤다고 11일 밝혔다.,2026-09-11 09:50,http://www.newsprime.co.kr/news/article.html?no=747362,http://www.newsprime.co.kr/news/article.html?no=747362
연세대학교,연합뉴스,"연세대 미래캠퍼스-원주고, 청소년 로컬 리서치 랩 운영",양 기관은 대학의 연구·교육 자원과 학교 현장을 연계해 학생들의 지역사회 연구 활동을 지원할 계획이다. 연세대 미래캠퍼스와 원주고는 앞서 지역사회 문제 해결과 미래인재 양성을 위한 업무협약을 체결했다. 양...,2026-09-11 09:48,https://www.yna.co.kr/view/AKR20260911046600062?input=1195m,https://n.news.naver.com/mnews/article/001/0016304118?sid=102
고려대학교,주간한국,"이수교 고려대 안산병원 교수, 'EMS Korea 2026' 우수포스터상 수상",이수교 고려대 안산병원 응급의학과 교수. 사진=고대안산병원  고려대 안산병원은 이수교 응급의학과 교수가 지난 8일 서울 백범김구기념관에서 열린 'EMS Korea 2026' 학술대회에서 우수포스터상을 수상했다고 11일...,2026-09-11 09:48,https://weekly.hankooki.com/news/articleView.html?idxno=7183670,https://weekly.hankooki.com/news/articleView.html?idxno=7183670
고려대학교,메디게이트뉴스,"고려대 안암병원, 정신건강 입원학생 병원학교 ‘다숨교실’ 개교",고려대학교 안암병원이 정신건강 문제로 입원 치료를 받는 학생들을 위한 병원학교 ‘다숨교실’을 개교하고... 고려대 안암병원 측은 국내 상급종합병원 가운데 정신건강 입원학생을 중심으로 특화된 병원학교를...,2026-09-11 09:48,https://www.medigatenews.com/news/1913245478,https://www.medigatenews.com/news/1913245478
고려대학교,파이낸셜포스트,"고려대안산병원, AI로 응급환자 찾는다","이수교 고려대 안산병원 응급의학과 교수가 'EMS Korea 2026' 학술대회에서 우수포스터상을 수상했다. 11일 의료계에 따르면, EMS Korea 2026은 대한응급의학회가 주최하고 대한응급의료지도의사협의회가 주관한...",2026-09-11 09:46,https://www.financialpost.co.kr/news/articleView.html?idxno=275113,https://www.financialpost.co.kr/news/articleView.html?idxno=275113
고려대학교,데일리메디,"﻿고려대 의대, 의사과학자 양성체계 강화","고려대학교 의과대학(학장 편성범)이 학부생, 대학원생, 전공의, 박사후 연구자로 이어지는 전주기 의사과학자 양성 체계를 강화하고 있다. 특히 2026년 한국보건산업진흥원 주관 ‘융합형 의사과학자 양성사업’ 선정...",2026-09-11 09:44,https://www.dailymedi.com/news/news_view.php?wr_id=940418,https://www.dailymedi.com/news/news_view.php?wr_id=940418
연세대학교,SPORTS,"빗썸, 연세대 축제서 대학생 만났다…9월 대학가 순회","위해 대학교 축제에 참여한다. 빗썸은 지난 8일 송도 국제캠퍼스와 9일 서울 신촌캠퍼스에서 열린 연세대... 동국대학교 축제에 방문할 예정이다. 회사 관계자는 ""대학생들이 가상자산과 관련 문화를 부담 없이 경험할...",2026-09-11 09:44,https://sports.hankooki.com/news/articleView.html?idxno=6939526,https://sports.hankooki.com/news/articleView.html?idxno=6939526
연세대학교,후생신보,"연세대 김모임간호학연구소, 지역사회 노인 건강관리 교육 확대",김모임간호학연구소는 지난 9일 연세대학교 간호대학 창조관에서 서울시 서대문구 재가노인복지기관 소속 노인 100명을 대상으로 지역사회 노인 건강관리 교육 프로그램인 ‘2026-2차 연세건강이음’​을 개최했다고...,2026-09-11 09:28,http://www.whosaeng.com/173627,http://www.whosaeng.com/173627
연세대학교,뉴스드림,"빗썸, 대학가 파고든다…연세대 축제서 'Z세대 마케팅' 전개",빗썸은 연세대를 시작으로 이달 말까지 주요 대학 축제를 연이어 방문하며 오프라인 접점을 넓힐 계획이다. 오는 21~22일에는 서울 동대문구 소재 3개 대학(경희대·서울시립대·한국외대) 연합 축제인 '트로이카(TROIKA)'에...,2026-09-11 09:12,http://www.newsdream.kr/news/articleView.html?idxno=117932,http://www.newsdream.kr/news/articleView.html?idxno=117932
연세대학교,신아일보,"연세대 프랜차이즈 CEO 과정 48기 출발…""교육 참여와 책임감 강조""","연세대학교 프랜차이즈 최고경영자과정(FCEO) 48기가 지난 9일, 연세대학교 상남경영원에서 입학식을 열고 16주간의 교육과정을 시작했다. 이번 입학식에는 박세범 연세대 상남경영원 원장을 비롯해 황은주 FCEO 12대...",2026-09-11 09:10,https://www.shinailbo.co.kr/news/articleView.html?idxno=5060642,https://www.shinailbo.co.kr/news/articleView.html?idxno=5060642
연세대학교,뉴스프리존,"빗썸, 연세대 축제 현장 달궜다···대학생 소통 강화",빗썸은 연세대 행사의 열기를 이어 오는 9월 말에도 주요 대학교 축제를 순회하며 청년 세대와의 접점을 꾸준히 이어 나갈 예정이다. 오는 21일부터 22일에는 동대문구 3개 대학(경희대·서울시립대·한국외대) 연합...,2026-09-11 09:08,https://www.newsfreezone.co.kr/news/articleView.html?idxno=708738,https://www.newsfreezone.co.kr/news/articleView.html?idxno=708738
연세대학교,NONGAEK,"빗썸, 대학 축제 공략…연세대 이어 주요 대학 순회",연세대학교 축제에 참여한 데 이어 이달 말 경희대학교·서울시립대학교·한국외국어대학교 연합축제 등 주요 대학 행사에도 참여할 예정이다. 빗썸 연세대 축제 현장 이벤트 관련 이미지. (사진=빗썸) 빗썸은 지난 8일...,2026-09-11 09:04,http://www.nongaek.com/news/articleView.html?idxno=96744,http://www.nongaek.com/news/articleView.html?idxno=96744
연세대학교,CBCI,"빗썸, 연세대 축제서 대학생과 소통…신규 가입자에 비트코인·팝콘 증...","연세대 축제 이후에도 대학과의 소통을 지속할 예정이다. 9월 21일부터 22일까지 동대문구에서 열리는 경희대, 서울시립대, 한국외대가 참여하는 연합 축제 'TROIKA(트로이카)'에 참여하며, 28일부터 30일 경희대학교 용인...",2026-09-11 09:00,https://www.cbci.co.kr/news/articleView.html?idxno=605820,https://www.cbci.co.kr/news/articleView.html?idxno=605820
고려대학교,메디소비자뉴스,"고려대 안산병원 이수교 교수, 'EMS Korea 2026'서 우수포스터상",고려대 안산병원 응급의학과 이수교 교수가 지난 8일 서울 백범김구기념관에서 열린 'EMS Korea 2026' 학술대회에서 우수포스터상을 수상했다고 11일 밝혔다. 이 교수는 응급실 환자와 의료진의 대화 내용을 활용해 인공지능...,2026-09-11 09:00,http://www.medisobizanews.com/news/articleView.html?idxno=142102,http://www.medisobizanews.com/news/articleView.html?idxno=142102
연세대학교,중앙이코노미뉴스,"""가상자산 브랜드 경험 제공""…빗썸, 연세대 축제서 청년 소통",빗썸은 연세대 행사의 열기를 이어 이달 말에도 주요 대학교 축제를 순회하며 청년 세대와의 접점을 꾸준히 이어 나갈 예정이다. 오는 21일부터 22일에는 동대문구 3개 대학(경희대·서울시립대·한국외대) 연합 행사인...,2026-09-11 08:54,https://www.joongangenews.com/news/articleView.html?idxno=547365,https://www.joongangenews.com/news/articleView.html?idxno=547365
연세대학교,NEWSROAD,"빗썸, 연세대 축제 달군 '밤 11시 부스'…청년 세대 겨냥 현장 소통 확대",빗썸은 연세대 축제의 열기를 이어 9월 말부터 주요 대학 축제를 순회하며 청년 세대와의 접점을 꾸준히 넓혀간다는 계획이다. 오는 21~22일에는 경희대학교·서울시립대학교·한국외국어대학교가 참여하는 동대문구 3개...,2026-09-11 08:26,http://www.newsroad.co.kr/news/articleView.html?idxno=64141,http://www.newsroad.co.kr/news/articleView.html?idxno=64141
연세대학교,더페어,청년 세대 접점 넓히는 빗썸…연세대 축제 현장서 친근한 브랜드 소통 ...,가상자산 거래소 빗썸이 대학교 축제 현장을 직접 찾아 청년 세대와 밀착 소통을 펼치며 건강한 브랜드 경험을 선보였다. 빗썸은 대학생들에게 건전한 가상자산 문화와 브랜드를 알리기 위해 참여한 연세대학교 축제...,2026-09-11 08:12,https://www.thefairnews.co.kr/news/articleView.html?idxno=87704,https://www.thefairnews.co.kr/news/articleView.html?idxno=87704
연세대학교,ECONOVILL,빗썸이 연대 축제 달구다,빗썸은 연세대 행사의 열기를 이어 오는 9월 말에도 주요 대학교 축제를 순회하며 청년 세대와의 접점을 꾸준히 넓혀 나갈 예정이다. 오는 21일부터 22일까지는 경희대·서울시립대·한국외대 등 동대문구 3개 대학 연합...,2026-09-11 08:04,https://www.econovill.com/news/articleView.html?idxno=750512,https://www.econovill.com/news/articleView.html?idxno=750512
연세대학교,VENTURESQUARE,"KTX 타자마자 개발 시작…연세대 AI 창업캠프, 1박2일 만에 MVP를 만들다",창업했거나 창업에 관심 있는 연세대학교 대학·대학원생들이 참여해 Cursor를 기반으로 MVP를 개발하고 전문가 멘토링과 집중 개발을 거쳐 최종 피칭과 심사까지 이어갔다. 이번...,2026-09-11 08:03,https://www.venturesquare.net/1112637/,https://www.venturesquare.net/1112637/
고려대학교,동아일보,"고려대안암병원, 상급병원 첫 정신건강 학교 열어",고려대안암병원은 이달 3일부터 정신건강 질환으로 입원한 학생을 위한 병원학교인 ‘다숨교실’을 개교해 운영 중이라고 10일 밝혔다. 기존 병원학교가 주로 암이나 만성 신체질환으로 입원한 학생을 대상으로 운영되는...,2026-09-11 04:32,https://www.donga.com/news/Health/article/all/20260911/134646980/2,https://n.news.naver.com/mnews/article/020/0003747319?sid=102
고려대학교,VENTURESQUARE,"창업 아이디어 1만 명 선발…중기부, 고려대서 ‘모두의 창업’ 알렸다","대학생이 창업에 도전하려면 아이디어뿐 아니라 학업 병행과 실패 부담, 창업... 과정에서 고려해야 할 사항을 설명했다. 중소벤처기업부가 고려대학교에서 학생과...",2026-09-11 01:15,https://www.venturesquare.net/1112490/,https://www.venturesquare.net/1112490/
고려대학교,메디컬월드뉴스,"[9월 10일 병원계 이모저모④]고려대구로, 서울대, 이대서울, 일산백병...","◆고려대구로병원, ‘2026 의료기기 혁신성장 세미나’ 성료 고려대학교 구로병원(병원장 민병욱) G밸리의료기기개발지원센터(의료분야 사업총괄책임자: 영상의학과 용환석 교수)가 한국의료기기안전정보원(원장...",2026-09-10 23:10,https://medicalworldnews.co.kr/news/view.php?idx=1510977186,https://medicalworldnews.co.kr/news/view.php?idx=1510977186
고려대학교,메디파나뉴스,"고대안산병원, 자살예방 공로 보건복지부장관 표창",고려대 안산병원은 10일 서울 웨스틴조선호텔에서 열린 '2026년 자살예방의 날 기념식'에서 보건복지부장관 표창을 수상했다고 이날 밝혔다. 병원 생명사랑위기대응센터는 2014년부터 '응급실 기반 자살시도자...,2026-09-10 22:40,https://www.medipana.com/news/articleView.html?idxno=417436,https://www.medipana.com/news/articleView.html?idxno=417436
고려대학교,메디컬월드뉴스,"[9월 10일 병원계 이모저모③]고려대 안산, 명지, 자생한방병원 등 소식","◆고려대 안산병원, 새 종합병원 건립 나선 우즈베키스탄에 선진 의료시스템 전수 우즈베키스탄 타슈켄트주 정부와 보건의료 대표단이 고려대학교 안산병원(병원장 서동훈)에 방문했다. 대표단은 타슈켄트주 누랍샨...",2026-09-10 22:10,https://medicalworldnews.co.kr/news/view.php?idx=1510977185,https://medicalworldnews.co.kr/news/view.php?idx=1510977185
고려대학교,이뉴스투데이,"[고려대 소식] 고려대 김동원 총장, 연세대 명예철학박사 학위 수여 외","연세대학교(총장 윤동섭) 루스채플에서 연세대 명예철학박사 학위를 받았다. 연세대는 ""고려대 김동원 총장이 학문과 실천을 아우르는 '지행합일'의 철학을 바탕으로 교육 혁신과 대학의 사회적 책임을 실천하고...",2026-09-10 21:57,http://www.enewstoday.co.kr/news/articleView.html?idxno=2468829,http://www.enewstoday.co.kr/news/articleView.html?idxno=2468829
연세대학교,이뉴스투데이,"[고려대 소식] 고려대 김동원 총장, 연세대 명예철학박사 학위 수여 외","고려대학교 김동원 총장이 9월 8일 연세대학교(총장 윤동섭) 루스채플에서 연세대 명예철학박사 학위를... 연세대는 ""고려대 김동원 총장이 학문과 실천을 아우르는 '지행합일'의 철학을 바탕으로 교육 혁신과 대학의...",2026-09-10 21:57,http://www.enewstoday.co.kr/news/articleView.html?idxno=2468829,http://www.enewstoday.co.kr/news/articleView.html?idxno=2468829
연세대학교,프레시안,"“원주 현안, 고등학생이 푼다” 원주고·연세대 미래캠, 로컬 리서치랩...","연세대 앵커사업단 교수진, 전문가, 대학생 멘토진이 밀착 참여해 연구 전문성을 높인다. 연구 분야는 공공정책, 공공서비스, 산업 및 서비스 등 총 8개 영역이다. 세부적으로는 농촌 지역 공공교통 개선, 지역 휴식 공간...",2026-09-10 21:45,https://www.pressian.com/pages/articles/2026091017090506242?utm_source=naver&utm_medium=search,https://n.news.naver.com/mnews/article/002/0002456080?sid=102
고려대학교,이뉴스투데이,"고려대 연구진, '지방간이 간암으로 악화하는 이유' 밝혀내","고려대학교(총장 김동원) 생명과학부 구승회·지성욱 교수 공동 연구팀(제1저자 김근우 박사과정, 최다희... 구승회 고려대 교수는 ""이번 연구를 통해 질환 관련 간세포에서 PRMT1 감소에 따른 PRMT6의 보상 작용이...",2026-09-10 21:21,http://www.enewstoday.co.kr/news/articleView.html?idxno=2469368,http://www.enewstoday.co.kr/news/articleView.html?idxno=2469368
고려대학교,메디컬월드뉴스,"[9월 10일 병원계 이모저모②]고려대안산, 의정부을지대, 한강성심, 한양...","◆고려대 안산병원, 자살예방 공로 보건복지부장관 표창 고려대학교 안산병원(병원장 서동훈)이 10일 서울... ◆의정부을지대병원, 우수 진료의뢰기관 원장 간담회 개최 의정부을지대학교병원(병원장 송현)이 지난 9일...",2026-09-10 21:10,https://medicalworldnews.co.kr/news/view.php?idx=1510977184,https://medicalworldnews.co.kr/news/view.php?idx=1510977184
고려대학교,더퍼스트미디어,"고려대 안암병원, 정신건강 입원학생 위한 병원학교 '다숨교실' 운영…...",선임간호부장 고려대학교 안암병원이 정신건강 문제로 입원 치료를 받는 소아·청소년의 학습과 학교 복귀를 지원하는 병원학교를 운영한다. 고려대학교 안암병원은 지난 3일 정신건강의학과 입원학생을 위한 병원학교...,2026-09-10 20:20,http://www.thefirstmedia.net/news/articleView.html?idxno=208358,http://www.thefirstmedia.net/news/articleView.html?idxno=208358
고려대학교,메디컬월드뉴스,"[9월 10일 병원계 이모저모①]강원대, 고려대, 한양대구리병원, 이화의...","◆고려대 의대, 전주기 의사과학자 양성 체계 강화 고려대학교 의과대학(학장 편성범)이... 잘란트대학교 의과대학과 성차의학 및 젠더혁신 분야의 국제공동연구를 본격화하며 연구중심병원으로서 글로벌 연구 경쟁력...",2026-09-10 20:10,https://medicalworldnews.co.kr/news/view.php?idx=1510977183,https://medicalworldnews.co.kr/news/view.php?idx=1510977183
고려대학교,더퍼스트미디어,"고려대 안산병원, 자살예방 공로 보건복지부장관 표창 장관 표창...""12년...",▲고려대학교 안산병원 고려대학교 안산병원이 응급실을 기반으로 자살시도자에 대한 위기개입과 사후관리를 이어온 공로로 보건복지부장관 표창을 받았다. 고려대 안산병원은 10일 서울 웨스틴조선호텔에서 열린...,2026-09-10 19:38,http://www.thefirstmedia.net/news/articleView.html?idxno=208342,http://www.thefirstmedia.net/news/articleView.html?idxno=208342
고려대학교,로이슈,"고려대 구로병원·의료기기안전정보원, 의료기기 세미나 개최",고려대학교 구로병원 G밸리의료기기개발지원센터가 한국의료기기안전정보원과 공동으로 ‘2026 의료기기... 세 번째 세션에서는 김동욱 전북대학교 바이오메디컬공학부 교수를 좌장으로 ‘G밸리 의료기기 기업 지원을...,2026-09-10 19:00,http://www.lawissue.co.kr/view.php?ud=202609101857428935f4ab64559d_12,http://www.lawissue.co.kr/view.php?ud=202609101857428935f4ab64559d_12
고려대학교,한스경제,"중기부, 고려대서 '모두의 창업' 캠퍼스 투어 개최",| 서울=한스경제 김종효 기자 | 중소벤처기업부는 고려대학교에서 2차 '모두의 창업' 캠퍼스 투어를 개최하고 청년 예비 창업자들의 의견을 청취했다고 10일 밝혔다. 이번 캠퍼스 투어는 대학 내 우수한 아이디어가 실제...,2026-09-10 18:48,http://www.hansbiz.co.kr/news/articleView.html?idxno=864222,http://www.hansbiz.co.kr/news/articleView.html?idxno=864222
고려대학교,K-HEALTH,"고려대안산병원, 자살예방 공로 복지부장관 표창…지역사회 잇는 안전망...",고려대안산병원이 자살 고위험군에 대한 위기개입부터 퇴원 후 사후관리까지 이어지는 지역사회 자살예방 안전망을 구축해온 공로를 인정받았다. 고려대안산병원은 10일 서울 웨스틴조선호텔에서 열린 '2026년...,2026-09-10 18:24,https://www.k-health.com/news/articleView.html?idxno=101113,https://www.k-health.com/news/articleView.html?idxno=101113
고려대학교,더퍼스트미디어,"종합병원 건립 앞둔 우즈베키스탄 타슈켄트주 대표단, 고려대 안산병원...",대표단이 고려대 안산병원 심혈관센터를 방문해 진료 및 시술 체계에 대한 설명을 듣고 있다 우즈베키스탄 타슈켄트주 정부와 보건의료 대표단이 신규 종합병원 건립과 운영에 참고하기 위해 고려대학교 안산병원을...,2026-09-10 18:16,http://www.thefirstmedia.net/news/articleView.html?idxno=208333,http://www.thefirstmedia.net/news/articleView.html?idxno=208333
연세대학교,로이슈,"'윤동섭호' 연세대, 적립금 1000억 늘리고 사용비율 29%…등록금은 2년 ...",10일 국회 교육위원회 백승아 의원실과 본지의 대학알리미 공시를 분석 결과 등에 따르면 연세대가 2025년 교비회계에 새로 적립한 금액은 1404억 원이다. 반면 같은 기간 사용한 적립금은 408억 원에 그쳤다....,2026-09-10 18:16,http://www.lawissue.co.kr/view.php?ud=202609101716477634f4ab64559d_12,http://www.lawissue.co.kr/view.php?ud=202609101716477634f4ab64559d_12
고려대학교,보건뉴스,"고려대의대, 전주기 의사과학자 양성 체계 강화","편성범 의과대학장은 ""고려대 의대는 학부 단계의 연구 경험부터 대학원 교육과 국제 공동연구에 이르기까지 의사과학자로 성장할 수 있는 체계적인 경로를 구축하고 있다""며 ""앞으로도 학생들이 연구와 임상을 아우르는...",2026-09-10 18:00,http://www.bokuennews.com/news/article.html?no=284019,http://www.bokuennews.com/news/article.html?no=284019
고려대학교,보건뉴스,"고려대안산병원, 자살예방 공로 보건복지부장관 표창",고려대학교 안산병원(병원장 서동훈)이 10일 서울 웨스틴조선호텔에서 열린 '2026년 자살예방의 날 기념식... 고려대 안산병원 생명사랑위기대응센터는 2014년부터 '응급실 기반 자살시도자 사후관리사업'을 수행하며...,2026-09-10 17:48,http://www.bokuennews.com/news/article.html?no=284015,http://www.bokuennews.com/news/article.html?no=284015
고려대학교,로이슈,"고려대 의대, 의사과학자 양성 체계 확대",편성범 의과대학장은 “고려대 의대는 학부 단계의 연구 경험부터 대학원 교육과 국제 공동연구에 이르기까지 의사과학자로 성장할 수 있는 체계적인 경로를 구축하고 있다”며 “앞으로도 학생들이 연구와 임상을...,2026-09-10 17:46,http://www.lawissue.co.kr/view.php?ud=202609101745359848f4ab64559d_12,http://www.lawissue.co.kr/view.php?ud=202609101745359848f4ab64559d_12
고려대학교,팝콘뉴스,"고려대 연구팀, 지방간이 간암으로 악화하는 이유 규명","고려대학교(총장 김동원)는 생명과학부 구승회·지성욱 교수 공동 연구팀(제1저자 김근우 박사과정... 구승회 고려대 교수는 ""이번 연구를 통해 질환 관련 간세포에서 PRMT1 감소에 따른 PRMT6의 보상 작용이 과도하게...",2026-09-10 17:38,http://www.popcornnews.net/news/articleView.html?idxno=132535,http://www.popcornnews.net/news/articleView.html?idxno=132535
연세대학교,교수신문,"연세대 인구와인재연구원, 2026~2028년 사회구조 개혁 캠페인 본격 추진","위원장에는 이경률 연세대 총동문회장이 위촉됐고, 김병삼 만나교회 담임목사, 서경배 아모레퍼시픽 회장, 양문술 부평세림병원 병원장, 오치훈 대한제강 회장, 이재범 연세플러스안과 대표원장, 이창용 전 한국은행...",2026-09-10 17:22,https://www.kyosu.net/news/articleView.html?idxno=210094,https://www.kyosu.net/news/articleView.html?idxno=210094
고려대학교,교수신문,"이진규 고려대 명예교수, 경영대에 1억 원 기부...장학기금 조성",이진규 고려대 경영대학 명예교수(경영75)가 모교 후학들을 위해 1억 원을 쾌척했다. 고려대는 기부금을 바탕으로 '이진규 장학기금'을 조성해 경영대학 학생들의 학업 지원에 활용할 예정이다. 이번 기부는 이진규...,2026-09-10 17:20,https://www.kyosu.net/news/articleView.html?idxno=210107,https://www.kyosu.net/news/articleView.html?idxno=210107
고려대학교,지디넷코리아,"고려대, 지방간→간암 원인 밝혀…새 치료법 제시","고려대학교는 구승회·지성욱 생명과학부 교수 공동 연구팀(제1저자 김근우 박사과정, 최다희 박사... 지방간이 간암으로 악화하는 원인을 규명한 고려대 생명과학부 구승회 교수(왼쪽)와 지성욱 교수.(사진...",2026-09-10 17:20,https://zdnet.co.kr/view/?no=20260910171515,https://n.news.naver.com/mnews/article/092/0002437031?sid=105
고려대학교,뉴스티앤티,"고려대 연구팀, 지방간이 간암으로 악화하는 새로운 경로 규명","고려대학교는 생명과학부 구승회·지성욱 교수 공동 연구팀이 대사이상지방간질환(MASLD)이 지방변성... 구승회 고려대 교수는 ""질환 관련 간세포에서 PRMT1 감소에 따른 PRMT6의 보상 작용이 과도하게 활성화되면서...",2026-09-10 17:00,https://www.newstnt.com/news/articleView.html?idxno=717701,https://www.newstnt.com/news/articleView.html?idxno=717701
연세대학교,주간한국,"연세대 인구와 인재 연구원, 12대 아젠다 중심 사회구조 개혁 연구 추진",사진=연세대  연세대 인구와 인재 연구원은 지난달 19일 '대한민국 사회구조 개혁 캠페인 비전 선포식'을 열고 연구 범위를 교육·노동·의료·이민·복지 등 사회구조 전반으로 확대한다고 10일 밝혔다. 이 캠페인은 AI...,2026-09-10 16:54,https://weekly.hankooki.com/news/articleView.html?idxno=7183570,https://weekly.hankooki.com/news/articleView.html?idxno=7183570
고려대학교,동아일보,"고려대안암병원, 정신건강 입원학생 위한 ‘다숨교실’ 열어",고려대안암병원은 이달 3일부터 정신건강 질환으로 입원 학생을 위한 병원학교인 ‘다숨교실’을 개교해 운영 중이라고 10일 밝혔다. 기존 병원학교가 주로 암이나 만성 신체질환으로 입원한 학생을 대상으로 운영되는...,2026-09-10 16:47,https://www.donga.com/news/Society/article/all/20260910/134644084/1,https://n.news.naver.com/mnews/article/020/0003747210?sid=102
연세대학교,에듀동아,"연세대 신입생, 총장·교수님과 함께 책 읽고 토론한다…'교수와 함께하...","연세대는 신입생들이 대학 생활 초기부터 교수와 교류하고, 독서와 토론을 통해 사회를 보는 시각과... 참여를 희망하는 신입생은 누구나 원하는 교수님을 선택해 커리어 연세 홈페이지를 통해 선착순 신청할 수 있다.",2026-09-10 16:42,https://edu.donga.com/news/articleView.html?idxno=111812,https://edu.donga.com/news/articleView.html?idxno=111812
연세대학교,아시아경제,"동명대, 연세대·기업 등 6곳 맞손… 초광역 반려동물 산업생태계 구축","동명대학교 앵커사업단이 반려동물 산업을 중심으로 대학·연구기관·기업 간 초광역 협력체계를 구축했다. 동명대 앵커사업단은 지난 8일 연세대 미래창업지원단, 한국인공지능융합기술학회, 케이텍, 독백, 유담 등 5개...",2026-09-10 16:41,https://view.asiae.co.kr/article/2026091016411285709,https://n.news.naver.com/mnews/article/277/0005814749?sid=102
고려대학교,후생신보,"고려대 안산병원, 자살예방 공로 보건복지부장관 표창","고려대학교 안산병원(사진, 병원장 서동훈)이 10일 서울 웨스틴조선호텔에서 열린 ‘2026년 자살예방의 날... 고려대 안산병원 생명사랑위기대응센터는 2014년부터 ‘응급실 기반 자살시도자 사후관리사업’을 수행하며...",2026-09-10 16:28,http://www.whosaeng.com/173618,http://www.whosaeng.com/173618
고려대학교,INDUSTRYNEWS,"고려대 연구진, 지방간이 간암으로 악화되는 새 경로 규명","고려대학교 생명과학부 구승회·지성욱 교수 공동 연구팀(제1저자 김근우 박사과정, 최다희 박사... 구승회 고려대 교수는 ""이번 연구를 통해 질환 관련 간세포에서 PRMT1 감소에 따른 PRMT6의 보상 작용이...",2026-09-10 16:20,https://www.industrynews.co.kr/news/articleView.html?idxno=85823,https://www.industrynews.co.kr/news/articleView.html?idxno=85823
고려대학교,동아일보,"이진규 고려대 명예교수, 후배들 위해 장학기금 1억 원 기부",고려대는 이진규 경영대학 명예교수(74·경영75)가 후배들을 위해 장학기금 1억 원을 기부했다고 10일 밝혔다. 이 명예교수는 경영대학장으로 재임한 2010년 11월부터 2013년 1월까지 등록금뿐 아니라 어려운 학생의...,2026-09-10 16:18,https://www.donga.com/news/Society/article/all/20260910/134644135/1,https://n.news.naver.com/mnews/article/020/0003747194?sid=102
고려대학교,파이낸셜포스트,"고려대안산병원, 생명존중문화 확산 기여 '복지부 장관 표창'","고려대학교 안산병원(이하 고려대 안산병원)이 자살예방과 생명존중문화 확산에 기여한 공로로 보건복지부장관 표창을 수상했다. 10일 의료계에 따르면, 고려대 안산병원 산하기관인 생명사랑위기센터(이하 센터)는...",2026-09-10 16:16,https://www.financialpost.co.kr/news/articleView.html?idxno=274996,https://www.financialpost.co.kr/news/articleView.html?idxno=274996
연세대학교,데일리메디,서울대·연대·고대 의대 지원자 '11% 줄어',"대학별로는 연세대 의대 지원자가 684명에서 599명으로 85명, 12.4% 줄어 감소율이 가장 높았다. 고려대 의대는 1539명에서 1356명으로 183명, 11.9% 감소했고 서울대 의대도 1048명에서 948명으로 100명, 9.5% 줄었다....",2026-09-10 16:10,https://www.dailymedi.com/news/news_view.php?wr_id=940375,https://www.dailymedi.com/news/news_view.php?wr_id=940375
고려대학교,데일리메디,서울대·연대·고대 의대 지원자 '11% 줄어',"10일 종로학원이 2027학년도 수시모집 지원 현황을 분석한 결과, 서울대·연세대·고려대 의대 지원자는 총 2903명으로 지난해 3271명보다 368명, 11.3% 감소했다. 대학별로는 연세대 의대 지원자가 684명에서...",2026-09-10 16:10,https://www.dailymedi.com/news/news_view.php?wr_id=940375,https://www.dailymedi.com/news/news_view.php?wr_id=940375
고려대학교,PLATUM,"청년의 창업 도전, 대학에서 시작된다2차 「모두의 창업」 고려대 캠퍼...","중소벤처기업부는 9월 10일 고려대학교에서 2차 모두의 창업 캠퍼스 투어를 개최하고, 창업에 관심 있는... 이번 캠퍼스 투어는 대학 내 우수한 아이디어가 실제 창업으로 이어질 수 있도록 2차 모두의 창업 프로젝트(이하...",2026-09-10 16:08,https://platum.kr/archives/294377,https://platum.kr/archives/294377
연세대학교,텐아시아,"'15kg 감량' 박규영, '연세대'라더니…스카프 머리에 두르고 뽐낸 명품 ...","데뷔 후에는 예쁘게 옷도 입고 싶고 화면에 좀 더 명확하게 보이면 좋을 때가 있어서 다이어트를 했다""고 설명했다. 한편 1993년생인 박규영은 33세이며 연세대학교를 졸업했다. 박규영은 넷플릭스 영화 '사마귀'에 출연한다.",2026-09-10 16:01,https://www.tenasia.co.kr/article/2026091067524,https://m.entertain.naver.com/article/312/0000775558
고려대학교,SKYEDAILY,"고대미래포럼-펫비즈코리아, 펫 창업·비즈니스 생태계 활성화 함께 나...","고대미래포럼(Korea University Future Forum)은 사회 각계각층에서 활약하는 고려대 교우들이 미래사회 변화와 신성장 비즈니스와 트렌드에 대한 인사이트와 경험을 공유하는 대표적인 대학 동문 네트워크로, 다양한 분야의...",2026-09-10 15:58,https://m.skyedaily.com/news_view.html?ID=311385,https://m.skyedaily.com/news_view.html?ID=311385
고려대학교,DAILY,"고대 안암병원, 정신건강 입원학생 위한 '다숨교실' 개교",사진=고려대 안암병원 제공  고려대 안암병원은 지난 3일 정신건강 문제로 입원 치료를 받는 학생들을 위한 병원학교 '다숨교실'을 개교했다고 10일 밝혔다. 다숨교실은 정신건강의학과에 입원해 학교에 출석하기 어려운...,2026-09-10 15:52,https://daily.hankooki.com/news/articleView.html?idxno=1404920,https://daily.hankooki.com/news/articleView.html?idxno=1404920
고려대학교,서울신문,"“경영대학 후학에 써달라”… 이진규 고려대 명예교수, 장학기금 1억 쾌...",이진규 고려대학교 경영대학 명예교수가 모교 후학들을 위해 써달라며 발전기금 1억원을 기부했다. 고려대는 이 기부금을 재원으로 ‘이진규 장학기금’을 조성해 가정형편이 어려운 경영대학 학생들의 학업 지원에...,2026-09-10 15:43,https://www.seoul.co.kr/news/society/2026/09/10/20260910500216?wlog_tag3=naver,https://n.news.naver.com/mnews/article/081/0003679002?sid=102
연세대학교,CNET,AWS ‘키로 스튜던트’ 한국 상륙…서울대·연세대·국민대 재학생 1년 ...,"아마존웹서비스(AWS)가 서울대학교, 연세대학교, 국민대학교 재학생에게 AI 기반 개발도구 ‘키로(Kiro)’ 프로 요금제를 12개월간 무료 제공한다고 10일 밝혔다. 이번 지원은 대학생이 AI 에이전트를 활용해 아이디어를...",2026-09-10 15:40,https://www.cnet.co.kr/view/?no=20260910153624,https://www.cnet.co.kr/view/?no=20260910153624
고려대학교,연합뉴스,"[게시판] 이진규 고려대 명예교수, 경영대학에 1억원 기부",▲ 고려대학교는 이진규 경영대학 명예교수(경영 75)가 후배들을 위해 1억원의 기부금을 쾌척했다고 10일 밝혔다. 고려대는 이 기부금으로 '이진규 장학기금'을 조성해 경영대학 학생들의 학업 지원에 활용할...,2026-09-10 15:38,https://www.yna.co.kr/view/AKR20260910127900004?input=1195m,https://n.news.naver.com/mnews/article/001/0016303006?sid=102
연세대학교,베리타스알파,동명대 앵커사업단 반려동물 산업생태계 활성화 협약.. '연세대 미래창...,"동명대학교 앵커사업단(단장 차지철)이 8일 초광역 반려동물 산업생태계 활성화를 위한 업무협약을 체결했다. 협약에는 동명대 앵커사업단을 비롯해 연세대학교 미래창업지원단, (사)한국인공지능융합기술학회, 케이텍...",2026-09-10 15:36,https://www.veritas-a.com/news/articleView.html?idxno=627263,https://www.veritas-a.com/news/articleView.html?idxno=627263
고려대학교,아시아경제,"중기부, 고려대에서 '2차 모두의 창업' 캠퍼스 투어 개최",중소벤처기업부는 10일 고려대학교에서 2차 모두의 창업 캠퍼스 투어를 열고 대학생과 청년 예비창업자들과 만나 정책 지원에 대한 의견을 청취했다. 이번 캠퍼스 투어는 우수한 아이디어가 실제 창업으로 이어질 수...,2026-09-10 15:35,https://view.asiae.co.kr/article/2026091015352328567,https://n.news.naver.com/mnews/article/277/0005814703?sid=101
고려대학교,이데일리,"고려대 연구팀, 지방간→간암 악화 원인 규명","고려대 연구팀이 지방간이 중증 간담으로 악화하는 원인을 밝혀냈다. 왼쪽부터 생명과학부 구승회 교수, 생명과학부 지성욱 교수(사진=고려대) 고려대는 구승회·지성욱 생명과학부 교수팀이 이러한 연구 성과를...",2026-09-10 15:25,https://www.edaily.co.kr/News/Read?newsId=04346006645578808&mediaCodeNo=257&utm_source=naver&utm_medium=referral&utm_campaign=news_syndication&utm_content=original_article,https://n.news.naver.com/mnews/article/018/0006367039?sid=102
연세대학교,지디넷코리아,"AWS, 18개국 대학생에 '키로' 무료 개방…서울대·연세대·국민대 포함","국내서는 서울대와 연세대, 국민대가 프로그램 대상 학교로 우선 선정됐다. 재학생 전원은 12개월간 키로 프로 요금제를 무료로 이용할 수 있다. 석박사 학생에게도 프로그램이 지원된다. 아마존웹서비스(AWS)가 대학생...",2026-09-10 15:04,https://zdnet.co.kr/view/?no=20260910150021,https://n.news.naver.com/mnews/article/092/0002436995?sid=105
고려대학교,이데일리,"이진규 고려대 명예교수, 고려대에 장학금 1억원 기부",고려대 경영학과를 졸업한 이진규 고려대 경영대학 명예교수가 모교 후학들을 위해 1억 원을 쾌척했다. 고려대는 기부금을 바탕으로 ‘이진규 장학기금’을 조성해 경영대학 학생들의 학업 지원에 활용할 예정이다....,2026-09-10 15:01,https://www.edaily.co.kr/News/Read?newsId=04070486645578808&mediaCodeNo=257&utm_source=naver&utm_medium=referral&utm_campaign=news_syndication&utm_content=original_article,https://n.news.naver.com/mnews/article/018/0006366960?sid=102
고려대학교,주간한국,"고려대 안산병원, 자살예방 공로로 복지부장관 표창",고려대학교 안산병원 전경. 사진=고대안산병원  고려대학교 안산병원은 10일 서울 웨스틴조선호텔에서 열린 '2026년 자살예방의 날 기념식'에서 자살예방과 생명존중문화 확산에 기여한 공로로 보건복지부장관 표창을...,2026-09-10 14:58,https://weekly.hankooki.com/news/articleView.html?idxno=7183540,https://weekly.hankooki.com/news/articleView.html?idxno=7183540
연세대학교,뉴스1,"연세대, 교수·신입생 함께하는 독서토론 '연지동행' 운영",윤지오 수습기자 = 연세대학교는 교수와 신입생이 함께 책을 읽고 토론하는 '교수와 함께하는 지성동행... 단과대학 학장 등 교수 50명이 참여한다. 참여를 희망하는 신입생은 원하는 교수를 선택해 커리어 연세...,2026-09-10 14:50,https://www.news1.kr/society/education/6286472,https://n.news.naver.com/mnews/article/421/0009163168?sid=102
고려대학교,이투데이,"중기부, 고려대서 ‘모두의 창업’ 투어…청년 창업 소통","이투데이=서이원 기자 | 중소벤처기업부가 고려대 학생과 청년 예비창업자를 만나 창업 과정에서 겪는... 노 차관은 “대학은 새로운 아이디어와 기술, 인재가 모여 창업으로 이어질 수 있는 가장 중요한 출발점”이라며...",2026-09-10 14:46,https://www.etoday.co.kr/news/view/2624109,https://www.etoday.co.kr/news/view/2624109
고려대학교,뉴스티앤티,"고려대 이진규 명예교수, 후학 위해 1억원 기부…장학기금 조성",한편 이진규 명예교수는 미국 아이오와대학교에서 경영학 박사학위를 취득한 뒤 웨스트버지니아대학교 교수를 거쳐 고려대 노동대학원장과 경영대학장 등을 역임했다. 인사관리 분야 전문가로 연구와 후학 양성에...,2026-09-10 14:38,https://www.newstnt.com/news/articleView.html?idxno=717666,https://www.newstnt.com/news/articleView.html?idxno=717666
고려대학교,ISSUENBIZ,"중기부, 고려대서 '모두의 창업'…청년 창업 도전 지원",고려대학교 교정/사진=고려대학교 제공 중소벤처기업부는 10일 고려대학교에서 제2차 '모두의 창업' 캠퍼스 투어를 열고 대학생과 청년 예비창업자들에게 사업 참여 기회와 지원 내용을 소개했다고 밝혔다. 이번 행사는...,2026-09-10 14:32,http://www.issuenbiz.com/news/articleView.html?idxno=79655,http://www.issuenbiz.com/news/articleView.html?idxno=79655
고려대학교,매일경제,"이진규 고려대 명예교수, 모교 후학 위해 1억원 쾌척",고려대 경영학과 75학번인 이 명예교수는 미국 아이오와대학교에서 경영학 박사학위를 취득한 뒤 웨스트버지니아대학교 교수직을 역임했다. 이후 모교인 고려대에 돌아와 노동대학원장과 경영대학장 등을 역임했다....,2026-09-10 14:28,https://www.mk.co.kr/article/12149329,https://n.news.naver.com/mnews/article/009/0005733282?sid=102
고려대학교,한국일보,"고려대 안암병원, 정신건강 입원 학생 위한 '병원 학교' 열어",고려대 안암병원이 정신건강 문제로 입원 치료를 받는 학생들을 위한 ‘병원 학교’를 열었다. 국내 상급종합병원 중에선 최초의 시도다. 고려대 안암병원은 이달 3일 원내에 ‘다숨교실’을 열고 본격적인 운영에...,2026-09-10 14:22,https://www.hankookilbo.com/news/article/A2026091011240003283?did=NA,https://n.news.naver.com/mnews/article/469/0000953327?sid=103
고려대학교,한국대학신문,"고려대 연구진, 지방간이 간암으로 악화하는 이유 밝혀내","고려대학교(총장 김동원) 생명과학부 구승회·지성욱 교수 공동 연구팀(제1저자 김근우 박사과정... 구승회 고려대 교수는 ""이번 연구를 통해 질환 관련 간세포에서 PRMT1 감소에 따른 PRMT6의 보상 작용이...",2026-09-10 14:20,https://news.unn.net/news/articleView.html?idxno=597229,https://news.unn.net/news/articleView.html?idxno=597229
연세대학교,파이낸셜뉴스,"연세대, 총장·학장단 참여하는 '독서 멘토링' 도입",윤동섭 총장을 비롯해 단과대학장 등 주요 교수진 50명이 직접 멘토로 나선다. 연세대는 신입생과 교수가 함께 독서와 토론을 진행하는 '교수와 함께하는 지성동행' 프로그램을 운영한다고 10일 밝혔다. 이번 프로그램은...,2026-09-10 14:14,https://www.fnnews.com/news/202609101412278295,https://n.news.naver.com/mnews/article/014/0005573965?sid=102
고려대학교,조선일보,"고려대 안암병원, 정신건강 입원 학생 위한 병원학교 ‘다숨교실’ 운영",고려대학교 안암병원이 국내 상급종합병원 최초로 정신건강 문제로 입원 치료를 받는 학생들을 위한... 고려대학교 안암병원은 최근 정신건강 입원학생을 위한 병원학교 ‘다숨교실’을 개교하고 본격적인 운영에...,2026-09-10 14:14,https://health.chosun.com/site/data/html_dir/2026/09/10/2026091001719.html,https://n.news.naver.com/mnews/article/346/0000115790?sid=103
고려대학교,스마트경제,"고려대 ""지방간 소홀히 봤다간 큰코다친다""… 간암 악화시키는 '숨은 범...","고려대학교(총장 김동원)는 구승회·지성욱 생명과학부 교수 공동 연구팀이 대사이상지방간질환(MASLD)이... 구승회 고려대 생명과학부 교수는 ""지방간 환자의 질환 관련 간세포에서 PRMT1이 줄어들면 이를 메우기 위해...",2026-09-10 14:10,http://www.dailysmart.co.kr/news/articleView.html?idxno=129562,http://www.dailysmart.co.kr/news/articleView.html?idxno=129562
고려대학교,베리타스알파,고려대 지방간→간암 악화 새 원인 규명.. 'PRMT6 과활성화가 핵심 고리...,"고려대 생명과학부 구승회/지성욱 교수팀(제1저자 김근우 박사과정, 최다희 박사, 김수영 박사과정)은... 구승회 고려대 교수는 ""이번 연구를 통해 질환 관련 간세포에서 PRMT1 감소에 따른 PRMT6의 보상 작용이...",2026-09-10 14:08,https://www.veritas-a.com/news/articleView.html?idxno=627218,https://www.veritas-a.com/news/articleView.html?idxno=627218
고려대학교,서울경제TV,"고대 안암병원, 정신건강 입원학생 특화 병원학교 ‘다숨교실’ 개교",고려대학교 안암병원이 국내 상급종합병원 중 최초로 정신건강 문제로 입원 치료를 받는 학생들을 위한 특화... 10일 고려대학교 안암병원은 지난 3일 정신건강 입원학생을 위한 병원학교 ‘다숨교실’을 공식 개교하고...,2026-09-10 14:06,https://www.sentv.co.kr/article/view/sentv202609100131,https://www.sentv.co.kr/article/view/sentv202609100131
연세대학교,TV조선,"연세대, 인구 넘어 노동·연금·교육까지 연구…사회구조 개혁 캠페인 ...","연세대학교 인구와 인재 연구원이 인구 문제를 넘어 노동과 연금, 교육, 의료, 이민 등 한국 사회의 구조적 문제를 종합적으로 다루는 연구에 나선다. 연세대 인구와 인재 연구원은 지난달 19일 연세대 총장공관 영빈관에서...",2026-09-10 14:03,https://news.tvchosun.com/site/data/html_dir/2026/09/10/2026091090140.html,https://n.news.naver.com/mnews/article/448/0000638558?sid=101
고려대학교,연합뉴스,"중기부, 고려대서 '모두의 창업' 캠퍼스 투어",청년 예비 창업자와 시행착오 공유하고 정책 지원 논의 중소벤처기업부는 10일 고려대에서 제2차 '모두의 창업' 캠퍼스 투어를 열고 대학생과 청년 예비 창업자들에게 사업 참여 기회와 지원 내용을 소개했다고 밝혔다....,2026-09-10 14:00,https://www.yna.co.kr/view/AKR20260910077900030?input=1195m,https://n.news.naver.com/mnews/article/001/0016302495?sid=101
고려대학교,뉴스1,"""대학은 창업 출발점""…중기부, 고려대서 ‘모두의 창업’ 캠퍼스 투어",지난 8일 단국대학교 죽전캠퍼스에서 제2차 '모두의 창업 프로젝트' 캠퍼스 투어에 이은 두 번째 행사다. 이날 중기부는 2차 '모두의 창업'의 주요 지원 내용과 향후 일정을 안내했다. 멘토기관인 고려대는 1차 운영 성과와...,2026-09-10 14:00,https://www.news1.kr/industry/sb-founded/6285872,https://n.news.naver.com/mnews/article/421/0009162938?sid=101
고려대학교,뉴시스,예비 창업자에 필요 정책은?…고대 캠퍼스 투어,중기부는 10일 고려대학교에서 2차 모두의 창업 캠퍼스 투어를 진행했다고 밝혔다. 대학 내 우수한 아이디어가 실제 창업으로 이어질 수 있도록 2차 지원 내용과 참여 기회를 알리기 위해 마련됐다. 모두의 창업은...,2026-09-10 14:00,https://www.newsis.com/view/NISX20260910_0003783976,https://n.news.naver.com/mnews/article/003/0014182291?sid=101
고려대학교,뉴스1,"고려대 미래성장연구원-공군발전협회, 미래항공우주 및 국방분야 MOU",고려대학교 미래성장연구원(원장 김동수)과 (사)공군발전협회(회장 박종헌)가 미래 항공우주 및 국방 분야의... 이번 협약을 통해 고려대학교 미래성장연구원이 보유한 경제·산업 및 미래성장 분야의 연구 역량과...,2026-09-10 13:57,https://www.news1.kr/society/education/6286357,https://n.news.naver.com/mnews/article/421/0009162929?sid=102
고려대학교,신아일보,"우즈베키스탄 보건의료 대표단, 고려대 안산병원 의료시스템 벤치마킹",우즈베키스탄 타슈켄트주 보건의료 대표단이 신규 종합병원 건립과 운영에 참고하기 위해 고려대학교 경기 안산병원의 진료체계와 의료시설을 살펴봤다. 10일 고려대 안산병원에 따르면 아르지쿨로프 투라쿨...,2026-09-10 13:48,https://www.shinailbo.co.kr/news/articleView.html?idxno=5060951,https://www.shinailbo.co.kr/news/articleView.html?idxno=5060951
고려대학교,신아일보,"성남시청소년청년재단·고려대 교우회, 학교 밖 청소년 교육지원 맞손","경기 성남시청소년청년재단이 고려대학교 교우 단체들과 손잡고 학교 밖 청소년의 학습과 진로 지원에 나선다. 10일 성남시청소년청년재단에 따르면 지난 8일 고려대학교 교우사회공헌봉사회, 고려대학교...",2026-09-10 13:48,https://www.shinailbo.co.kr/news/articleView.html?idxno=5060930,https://www.shinailbo.co.kr/news/articleView.html?idxno=5060930
연세대학교,파이낸셜뉴스,"'땜질 처방 대신 판 뜯어고친다'… 연세대, 2년간 사회구조 개혁 12대 과...","이경률 연세대 총동문회장이 위원장을 맡았으며, 이창용 전 한국은행 총재, 오치훈 대한제강 회장, 정경선 현대해상 부사장, 김병삼 만나교회 담임목사, 양문술 부평세림병원장, 이재범 연세플러스안과 대표원장, 한성식...",2026-09-10 13:45,https://www.fnnews.com/news/202609101343588890,https://n.news.naver.com/mnews/article/014/0005573921?sid=102
연세대학교,한국대학신문,"연세대, '교수와 함께하는 지성동행' 운영…함께 책 읽고 토론한다","연세대는 신입생들이 대학 생활 초기부터 교수와 교류하고, 독서와 토론을 통해 사회를 보는 시각과... 참여를 희망하는 신입생은 누구나 원하는 교수님을 선택해 커리어 연세 홈페이지를 통해 선착순 신청할 수 있다.",2026-09-10 13:42,https://news.unn.net/news/articleView.html?idxno=597223,https://news.unn.net/news/articleView.html?idxno=597223
고려대학교,베리타스알파,[단독] [2027수시경쟁률] SKY '막판 소나기 지원' 23.5% '상승'.. 고대(24....,올해 수시에서 SKY 전체(서울대 고려대 연세대)에 마감 직전 지원한 비율은 23.5%다. SKY에 접수된 원서... 접근도 고려해 볼 수 있다. 지금처럼 대학마다 경쟁률을 공개하는 시점뿐 아니라 마감 시간마저 제각각이면...,2026-09-10 13:24,https://www.veritas-a.com/news/articleView.html?idxno=627179,https://www.veritas-a.com/news/articleView.html?idxno=627179
연세대학교,일간스포츠,"지난해 준우승 아픔 씻었다…연세대, U-리그 왕중왕전서 전승 우승 [IS 목...",조성현 감독이 이끄는 연세대학교 야구부가 2026 KUSF(한국대학스포츠협의회) U-리그 왕중왕전에서 우승했다. 10일 서울 목동야구장에서 열린 대회 결승전에서 중앙대를 7-1로 꺾으면서다. 2018년 첫 대회를 시작한 U-리그...,2026-09-10 13:22,https://isplus.com/article/view/isp202609100083,https://m.sports.naver.com/kbaseball/article/241/0003530079
연세대학교,뉴스엔,"“자네는 신촌가서 먹게” 주인공 손준호, 연대 성악 석사래도 “뮤지컬...","한편 손준호는 연세대학교 음악대학 성악과 학사, 연세대학교 대학원 음악학과 성악전공 석사를 취득했다. 그는 과거 방송에서 전원 서울대 출신의 '김소현 집안'에 들어온 유일한 '연세대 사위' 에피소드를 전하면서...",2026-09-10 12:09,https://www.newsen.com/news_view.php?uid=202609101208362110,https://m.entertain.naver.com/article/609/0001167375
고려대학교,청년의사,"새 종합병원 짓는 우즈베키스탄, 고대안산병원 찾은 이유",우즈베키스탄 타슈켄트주 보건의료 대표단이 새 종합병원 건립을 앞두고 고려대안산병원을 방문해 진료체계와 병원 운영 시스템을 확인했다. 고대안산병원은 타슈켄트주 보건의료 대표단이 지난 9일 병원을 방문해...,2026-09-10 12:00,http://www.docdocdoc.co.kr/news/articleView.html?idxno=3042663,http://www.docdocdoc.co.kr/news/articleView.html?idxno=3042663
고려대학교,뉴스1,"고려대안암병원, 정신건강 입원학생 학교 운영…배움까지 지원",고려대 안암병원이 국내 상급종합병원 최초로 정신건강 문제 때문에 입원 치료를 받는 학생들을 위한 병원학교 운영에 나섰다. 질병의 치료를 넘어 환자의 일상과 미래까지 돌보겠다는 상급종합병원의 사회적 책임을...,2026-09-10 11:48,https://www.news1.kr/bio/welfare-medical/6286226,https://n.news.naver.com/mnews/article/421/0009162489?sid=105
