대학,언론사,기사 제목,기사 요약,발행시각,언론사 링크,네이버 링크
서울대학교,에너지경제,국내 임산부·태아 ‘대체 PFAS’ 노출 해외보다 높다 [환경 포커스],"이번 연구는 을지대학교 보건환경안전학과 고영림 교수팀과 서울대 병원, 서울대 보건대학원(최경호 교수) 공동 연구팀이 수행했다. 연구 결과는 국제 학술지인 '환경 과학 기술 (Environmental Science & Technology)...",2026-10-01 10:46,https://www.ekn.kr/web/view.php?key=20261001028200577,https://www.ekn.kr/web/view.php?key=20261001028200577
고려대학교,코리아데일리타임즈,"한농연, 「CPTPP 가입 영향분석과 대응전략 모색 정책토론회」 열어","종합토론에는 김현수 대외경제정책연구원 팀장과 이상현 고려대학교 교수, 유정연 농림축산식품부 과장, 윤선영 산업통상부 과장, 서용석 한농연 총장, 박연순 한국과수농협연합회 전무가 참여한다. 한농연은 이번...",2026-10-01 10:44,https://www.kdpress.co.kr/news/articleView.html?idxno=209013,https://www.kdpress.co.kr/news/articleView.html?idxno=209013
고려대학교,아유경제,"[아유경제_가로주택정비] 구로동 511 일원 가로주택정비 ""시공자 찾아요...","더불어 주변에 고려대 구로병원, 우리아이들병원, 홈플러스, NC백화점, 구로구청, 구로경찰서, 구로역광장, 구로거리공원, 거리공원, 디큐브시티해바라기공원, 영등포생태공원, 도림천 등이 인접해 쇼핑ㆍ마트시설 및...",2026-10-01 10:44,http://www.areyou.co.kr/news/articleView.html?idxno=95603,http://www.areyou.co.kr/news/articleView.html?idxno=95603
고려대학교,베리타스알파,고려대 한국어센터 설립40주년 '한국어 주간' 축제 개최.. '75개국 연수생...,고려대 국제어학원 한국어센터가 설립 40주년을 기념해 10월6일부터 8일까지 사흘간 서울 성북구 북악산로... 1986년 3월 출범한 고려대 한국어센터는 40년간 약 13만명의 수료생을 길러냈다. 2018년 한국어교육관을 새로...,2026-10-01 10:44,https://www.veritas-a.com/news/articleView.html?idxno=630165,https://www.veritas-a.com/news/articleView.html?idxno=630165
고려대학교,전자신문,"홍릉강소특구, '2단계 투자기관협의체' 출범...이어달리기 투자체계 구...","행사에는 서울시, 한국과학기술연구원(KIST), 경희대, 고려대 관계자를 비롯해 투자기관 및 GRaND-K 창업학교... 홍릉강소특구는 이를 기반으로 KIST와 대학의 우수 연구성과가 기술이전이나 창업에서 끝나는 것이...",2026-10-01 10:44,https://www.etnews.com/20261001000168,https://n.news.naver.com/mnews/article/030/0003471529?sid=105
서울대학교,와이드경제,1300만명 찾는 '국가건강정보포털' 똑똑해진다…AI 기술로 전면 고도화,지난 2011년 문을 연 국가건강정보포털은 대한의학회와 서울대 산학협력단 등 보건의료 전문가들이 직접 감수한 신뢰도 높은 질병 정보를 제공해 왔다. 지난해에만 1311만 명이 방문해 누적 1억 뷰를 넘길 만큼 국민적인...,2026-10-01 10:44,https://www.widedaily.com/news/articleView.html?idxno=301626,https://www.widedaily.com/news/articleView.html?idxno=301626
서울대학교,이코노믹리뷰,"대상웰라이프, '연하장애 인식 개선 캠페인' 전개","분당서울대학교병원 연구에 따르면 65세 이상 고령층 3명 중 1명꼴로 나타날 만큼 흔하지만, 자연스러운 노화 현상으로 오인해 진단과 관리로 이어지지 않는 경우가 많다. 적절히 관리하지 않을 경우 영양실조나 흡인성...",2026-10-01 10:44,https://www.econovill.com/news/articleView.html?idxno=752414,https://www.econovill.com/news/articleView.html?idxno=752414
서울대학교,MHN스포츠,"강남심포니오케스트라, '아메리카노'로 아침을 물들인다…김정원·브랜...","브랜든 최는 미국 링컨센터, 프랑스 스트라스부르그 콘서트홀 등 세계 주요 무대에서 활약 중이며, 국내에서는 서울대학교 후학 양성에도 힘을 쏟고 있다. 관람은 초등학생 이상 모두 가능하며, 티켓 가격은 전석 20...",2026-10-01 10:42,https://www.mhns.co.kr/news/articleView.html?idxno=762058,https://www.mhns.co.kr/news/articleView.html?idxno=762058
서울대학교,교수신문,"과총 60년, 과학기술 강국 넘어 '사람 중심 미래' 선포","윤태영 서울대 생명과학부 교수(생물물리학·단백질 연구), 이성빈 카이스트 물리학과 교수(양자물질... 전승현 서울대 음악대학 교수의 축하 공연과 과총의 주요 활동 및 회원단체·지역연합회·재외과협의 역사를...",2026-10-01 10:42,https://www.kyosu.net/news/articleView.html?idxno=210805,https://www.kyosu.net/news/articleView.html?idxno=210805
서울대학교,신아일보,"대구시, 민주당에 TK신공항·행정통합 등 주요 현안 지원 요청","내년도 정부 예산과 관련해서는 서울대 10개 만들기 확대 추진을 비롯해 대구국가산업단지 공공폐수처리시설 증설, 대구권 광역철도 예비차량 구매, 국립뮤지컬콤플렉스 조성 등의 필요성을 강조했다. 대구시는 이들...",2026-10-01 10:42,https://www.shinailbo.co.kr/news/articleView.html?idxno=5067724,https://www.shinailbo.co.kr/news/articleView.html?idxno=5067724
고려대학교,스마트경제,"""전 세계 13만명이 거쳐간 한국어 교육의 요람""… 고려대 한국어센터, 설...",고려대학교(총장 김동원) 국제어학원 한국어센터는 설립 40주년을 기념해 오는 6일부터 8일까지 사흘간 서울 성북구 고려대 한국어교육관에서 '한국어 주간' 페스티벌(Festival)을 개최한다고 1일 밝혔다. 1986년 설립 이후...,2026-10-01 10:42,http://www.dailysmart.co.kr/news/articleView.html?idxno=130493,http://www.dailysmart.co.kr/news/articleView.html?idxno=130493
연세대학교,중앙일보,"가천대, ‘THE 세계대학평가’ 국내 공동 14위","연세대학교 80위, 고려대학교 128위, 포항공과대학교 143위 등이 뒤를 이었다. 이길여 가천대 총장은 “앞으로도 AI를 비롯한 첨단 분야의 교육·연구 역량을 강화하고 국제 공동연구와 산학협력을 확대해 대학...",2026-10-01 10:40,https://www.joongang.co.kr/article/25466279,https://n.news.naver.com/mnews/article/025/0003555045?sid=102
연세대학교,아시아경제,"[파워K우먼]돈 얘기에 위축되는 여성들, 돈 공부로 사로잡았다","▶박진영 어피티 대표는 박진영 어피티 대표는 연세대학교 국어국문학과를 졸업했으며 대학 시절 연세춘추 편집국장을 지냈다. 이후 미스핏츠·청춘씨:발아·알트 등 20대를 대상으로 한 뉴미디어를 창업했고, 2018년...",2026-10-01 10:40,https://view.asiae.co.kr/article/2026083107111615010,https://n.news.naver.com/mnews/article/277/0005823368?sid=102
고려대학교,중앙일보,"가천대, ‘THE 세계대학평가’ 국내 공동 14위","80위, 고려대학교 128위, 포항공과대학교 143위 등이 뒤를 이었다. 이길여 가천대 총장은 “앞으로도 AI를 비롯한 첨단 분야의 교육·연구 역량을 강화하고 국제 공동연구와 산학협력을 확대해 대학의 글로벌...",2026-10-01 10:40,https://www.joongang.co.kr/article/25466279,https://n.news.naver.com/mnews/article/025/0003555045?sid=102
서울대학교,뉴시스,[부고]박병한(전 YTN 선임기자)씨 부친상,"▲박인출씨 별세, 박병한(전 YTN 선임기자)씨 부친상=9월30일 서울대학교병원 장례식장 3호, 발인 3일 오전 6시30분. 02-2072-2010",2026-10-01 10:40,https://www.newsis.com/view/NISX20261001_0003810391,https://n.news.naver.com/mnews/article/003/0014226172?sid=102
서울대학교,중앙일보,"가천대, ‘THE 세계대학평가’ 국내 공동 14위","이번 평가에서는 영국 옥스퍼드대학교가 11년 연속 세계 1위를 기록했다. 국내에서는 서울대학교가 세계 56위로 가장 높았고 KAIST 64위, 성균관대학교 68위, 연세대학교 80위, 고려대학교 128위, 포항공과대학교...",2026-10-01 10:40,https://www.joongang.co.kr/article/25466279,https://n.news.naver.com/mnews/article/025/0003555045?sid=102
고려대학교,메디파나뉴스,세계 병원계 서울 집결…'AI 헬스케어 선언' 나온다,"서울성모병원과 고려대 안암병원, 국립암센터, 국민건강보험 일산병원, 삼성서울병원, 서울대병원, 서울아산병원, 세브란스병원, 이대서울병원 등 15개 의료기관이 참여하며 약 460명의 해외 참가자가 등록을...",2026-10-01 10:38,https://www.medipana.com/news/articleView.html?idxno=418571,https://www.medipana.com/news/articleView.html?idxno=418571
서울대학교,TFMEDIA,"[양현근 시인의 詩 감상] 오지 않네, 모든 것들","오지 않네, 모든 것들 / 함성호 나 은행나무 그늘 아래서 142번 서울대―수색 버스를 기다리네 어떤 날은 나 가지를 잘리운 버즘나무 그늘 아래서 72-1번 연신내행 버스를 오래도록 기다리고 그녀의 집에 가는 542번 심야...",2026-10-01 10:38,https://www.tfmedia.co.kr/news/article.html?no=207624,https://www.tfmedia.co.kr/news/article.html?no=207624
서울대학교,아시아경제,서울대 정원 늘어도 지방엔 그림의 떡…더 기운 운동장,올해 서울대학교 신입생 중 서울 강남구 한 지역에서 배출한 학생 수가 제2의 도시 부산 전체를 합친 것보다 2.4배나 많은 것으로 확인됐다. 지난 6년간 수도권과 비수도권의 교육 격차가 갈수록 벌어지는 가운데...,2026-10-01 10:37,https://view.asiae.co.kr/article/2026100110230530383,https://n.news.naver.com/mnews/article/277/0005823364?sid=102
서울대학교,아주경제,내일이 마감인데 '잠정 중단'…충북대-교통대 통합 불발 후폭풍 '비상',com [사진=AI로 제작] 충북대학교와 국립한국교통대학교의 '메가 통합'이 교육부 제출 시한을 단 하루 앞두고... 충북대의 경우 내년도 '서울대 10개 만들기' 선도대학 추가 선정 등 주요 재정 지원 사업에서도 연쇄적인...,2026-10-01 10:36,https://www.ajunews.com/view/20261001102037753,https://www.ajunews.com/view/20261001102037753
연세대학교,국제뉴스,"DDP서 글로벌 청년 혁신…2026 창업 올림피아드, 총 18,000달러 상금 수...","심사에는 지지 왕 UC 버클리 공과대학 교수, 전유정 연세대학교 교수, 알렉씨오스 곳소포울로스 성균관대 SKK GSB 부교수, 니디 아그라왈 한글과자 공동대표, 칼 하트레인 세인트클레어 대표 겸 한국 아일랜드...",2026-10-01 10:36,https://www.gukjenews.com/news/articleView.html?idxno=3710249,https://www.gukjenews.com/news/articleView.html?idxno=3710249
서울대학교,KOREA,'서울대 10개 만들기'…세 곳은 출발점이다,"홍창남 부산대학교 교육학과 교수 부산대, 전남대, 충남대가 '서울대 10개 만들기'의 첫 지원 대학으로 선정되었다. 세 대학에는 올해 대학당 약 700억 원이 투입되고, 2030년까지 다른 거점국립대보다 대학당 4000억 원 안팎을...",2026-10-01 10:34,https://www.korea.kr/news/contributePolicyView.do?newsId=148972795&call_from=naver_news,https://www.korea.kr/news/contributePolicyView.do?newsId=148972795&call_from=naver_news
서울대학교,전남일보,"""비수도권 최초 대학병원 GLP 지정""…화순전남대병원, 비임상센터 개소","화순전남대학교병원이 의약품 분야 비임상시험실시기관(GLP) 지정에 이어 비임상시험센터를 공식 개소하고... 이로써 서울대학교병원에 이어 국내 국립대병원 중 두 번째, 비수도권 대학병원으로는 최초로 GLP 기관에...",2026-10-01 10:34,https://www.jnilbo.com/news/articleView.html?idxno=90000070060,https://www.jnilbo.com/news/articleView.html?idxno=90000070060
고려대학교,의사신문,"[건강정보] 유방암 수술, 암만 떼고 가슴은 지킨다","이혜윤 고려대 안산병원 유방내분비외과 교수는 ""유방보존술은 암을 충분히 제거하여 종양학적 안전성을 확보하는 것뿐만 아니라 유방의 형태와 환자의 삶의 질까지 함께 고려하는 방향으로 발전하고 있다""며...",2026-10-01 10:34,http://www.doctorstimes.com/news/articleView.html?idxno=240253,http://www.doctorstimes.com/news/articleView.html?idxno=240253
서울대학교,파이낸셜뉴스,"씻기만 하던 여성청결제, 이제 '장벽'까지 챙긴다…케이랑 '이브이톡 올...","EV를 개발한 MD헬스케어 김윤근 박사(전 서울대의대·카이스트 교수)는 ""시중 세정제가 비누처럼 피부·점막의 지질층을 벗겨 내 오히려 장벽을 무너뜨린다면, 이 제품은 EV가 피부에 흡수돼 장벽 기능 자체를...",2026-10-01 10:29,https://www.fnnews.com/news/202610011025350103,https://n.news.naver.com/mnews/article/014/0005583515?sid=101
서울대학교,공무원수험신문,[최창호 변호사의 법조단상] 2026. 10. 2. 검찰 폐지,"최창호 변호사 서울대 사법학과 학·석사 출신으로 1989년 31회 사법시험에 합격했다. 사법연수원, 군법무관을 거쳐 1995년에 검사로 임용되어 공안, 기획, 특수, 강력, 의료, 식품, 환경, 외국인범죄, 산업안전, 명예훼손...",2026-10-01 10:28,https://www.gosiweek.com/article/1065576333344622,https://www.gosiweek.com/article/1065576333344622
서울대학교,헤럴드경제,황석영 “대통령 잘못한 게 뭐가 있나…퇴행하는 자들은 역사 뒤안길에...,더불어민주당 내 내홍에 대해선 “작은 파당 지어 당권 탈취하고 (조국혁신당과의)합당 문제 거론하며 권력 투쟁을 벌인 거는 백낙청 선생(서울대 명예교수)이 ‘반역행위’라고 했는데 동감한다. ‘90대 노객이...,2026-10-01 10:28,https://biz.heraldcorp.com/article/10890139?ref=naver,https://n.news.naver.com/mnews/article/016/0002704168?sid=100
서울대학교,이데일리,"나이벡, EAO 2026서 스트라우만 등 글로벌 기업과 미팅...유럽 시장 공략...","김성태, 조영단 서울대학교 치의학대학원 치주과학 분야 교수, 리카르도 파리아 알메이다 포르투갈 포르투대학교 치의학부 교수, 임플란트 임상·연구 전문가 곤살로 카라메스 박사, 미국 치주·임플란트 분야 전문가...",2026-10-01 10:26,https://www.edaily.co.kr/News/Read?newsId=03181606645608656&mediaCodeNo=257&utm_source=naver&utm_medium=referral&utm_campaign=news_syndication&utm_content=original_article,https://n.news.naver.com/mnews/article/018/0006378334?sid=101
서울대학교,싱글리스트,"[나눔] 스타벅스 '마이 스타 커피'·한국맥도날드, 군 장병 '행복의 버거...",분당서울대학교병원 연구에 따르면 65세 이상 고령층 3명 중 1명꼴로 나타나지만 노화 현상으로 오인해... 사진=스타벅스 코리아 스타벅스 코리아는 노인의 날을 앞두고 서울 노원구 시립중계노인전문요양원과...,2026-10-01 10:26,https://www.slist.kr/news/articleView.html?idxno=770211,https://www.slist.kr/news/articleView.html?idxno=770211
서울대학교,로톡뉴스,입사 하루 만에 1억 받고 퇴사해도 문제없다? '출산장려금 1억' 기업들의...,서울대 인구정책연구센터와 연구를 진행한 크래프톤 측은 구성원 조사를 통해 출산에 대한 실질적 인식을 바꾼 것은 오히려 비현금성 지원이라는 점을 확인했다. 크래프톤 글로벌 커뮤니케이션실 정다인 씨는 해당...,2026-10-01 10:26,https://lawtalknews.co.kr/article/TB9H2KVT4WRF,https://lawtalknews.co.kr/article/TB9H2KVT4WRF
고려대학교,주간한국,"최별이 고려대 안암병원 임상강사, 자궁내막증 연구로 최우수구연상",최별이 고려대 안암병원 임상강사. 사진=고대안암병원  고려대학교 안암병원은 박현태 산부인과 교수 연구팀의 최별이 임상강사가 지난달 20일 열린 '대한자궁내막증학회 제17차 학술대회'에서...,2026-10-01 10:26,https://weekly.hankooki.com/news/articleView.html?idxno=7186861,https://weekly.hankooki.com/news/articleView.html?idxno=7186861
연세대학교,한국경제,공덕·마포 이어 충정로까지…서울 도심 '자이 벨트' 형성,"연세대, 이화여대, 서강대, 홍익대 등 대학도 주변에 자리하고 있다. 한편, 충정로역자이르네 견본주택은 서울특별시 용산구 한강로3가 일원에 마련돼 있으며, 단지 내 상업시설인 ‘충정로 GL 스퀘어’는 10월 분양...",2026-10-01 10:26,https://www.hankyung.com/article/202610016815O,https://n.news.naver.com/mnews/article/015/0005338046?sid=101
서울대학교,월요신문,"KT, 병원 특화 AI 전환 서비스 '의료 표준모델' 구축","지난달 서울아산병원, 8월에는 서울대학교병원과 연세의료원 등과의 파트너십을 연달아 발표했다. 10월 중에는 국내 종합병원 관계자들을 초청해 세미나를 개최할 예정이다. 김봉균 KT 엔터프라이즈 부문장은 ""병원마다...",2026-10-01 10:24,https://www.wolyo.co.kr/news/articleView.html?idxno=318533,https://www.wolyo.co.kr/news/articleView.html?idxno=318533
고려대학교,보건뉴스,"고대안암병원 최별이 임상강사, 자궁내막증학회 최우수구연상 수상","고려대학교 안암병원 산부인과 박현태 교수 연구팀의 최별이 임상강사가 9월 20일 개최된... 이어 ""고려대학교 안암병원 산부인과 박현태 교수님을 비롯해 연구팀이 함께 고민한 결과라 더욱 뜻깊다""며...",2026-10-01 10:24,http://www.bokuennews.com/news/article.html?no=284968,http://www.bokuennews.com/news/article.html?no=284968
서울대학교,뉴시스,"강남3구 신입생, 충청권 전체보다 많아진 서울대의 불균형","더불어민주당 한병도 의원(전북 익산을)이 '서울대학교 신입생 지역별 현황'을 분석한 결과, 2026학년도 서울대 수시·정시 최종등록자 3673명 가운데 수도권(서울·인천·경기) 고교 출신은 2504명(68.2%)이었다. 신입생...",2026-10-01 10:24,https://www.newsis.com/view/NISX20261001_0003810156,https://n.news.naver.com/mnews/article/003/0014226085?sid=102
연세대학교,CNB뉴스,"2026 윤동주문학제, 한글날 제정 100주년 기념 '동주의 한글 별이 되다'...","우리나라 서울 연희전문학교(현재 연세대)에서 공부해서 연세대 안에 윤동주기념관, 시상을 떠올리던 인왕산 인근에 윤동주문학관, 윤동주 시인의 언덕이 운영되고 있다. 그의 시집 '하늘과 바람과 별과 시'의 육필...",2026-10-01 10:22,https://www.cnbnews.com/news/articleView.html?idxno=1017751,https://www.cnbnews.com/news/articleView.html?idxno=1017751
고려대학교,CCDAILYNEWS,행정문서와 데이터 분석에 스며드는 세종시 인공지능 교육,고려대학교 세종캠퍼스 세종SW중심대학사업단은 세종시와 함께 지난 9월 17일 시청 여민실에서 공무원과 산하기관 직원 218명을 대상으로 '2026 세종시청 전 직원 AI 행정혁신 교육 세미나'를 열었다. 데이터 기반 행정...,2026-10-01 10:22,https://www.ccdailynews.com/news/articleView.html?idxno=2444120,https://www.ccdailynews.com/news/articleView.html?idxno=2444120
고려대학교,동아일보,대전대 12대 총장 남상호 현 총장 재선임,대전대학교 제12대 총장으로 남상호 현 총장(사진)이 재선임됐다. 대전대는 학교법인 혜화학원 이사회에서... 고려대 생물학과를 졸업한 남 총장은 고려대 대학원에서 박사학위를 받은 뒤 1987년부터 대전대 교수로...,2026-10-01 10:21,https://www.donga.com/news/Society/article/all/20261001/134765941/1,https://n.news.naver.com/mnews/article/020/0003751986?sid=102
서울대학교,충청데일리,서울대 신입생 '강남 쏠림' 심화…강남구 한 곳이 부산 전체의 2.4배,"서울대 신입생 가운데 강남3구 출신은 서울 전체 출신의 36.4%를 차지했다. 한병도 의원은 ""서울대는 국가 재정이 투입되는 국립대학법인으로서 지역 간 교육 기회의 균형을 이끌 책무가 있다""며...",2026-10-01 10:20,https://www.ccdn.co.kr/news/articleView.html?idxno=1102755,https://www.ccdn.co.kr/news/articleView.html?idxno=1102755
서울대학교,한국대학신문,서울대 사회봉사상에 박재형 의대 명예교수,특히 에스와티니 기독대학교 의과대학 설립을 주도하고 의무부총장으로 재직하며 의과대학 인가와 교육체계 수립을 이끌었다. 서울대 의과대학과의 업무협약을 바탕으로 교육·연구·의료 분야 협력체계도 구축했다....,2026-10-01 10:20,https://news.unn.net/news/articleView.html?idxno=598141,https://news.unn.net/news/articleView.html?idxno=598141
서울대학교,메디컬월드뉴스,"복지부, 간호·간병통합서비스 혁신 협의체 출범…입원서비스 로드맵 논...","▲전문가(7명): 서울대 간호학과 김진현 명예교수, 이화여대 간호학과 신수진 교수, 중앙대 간호학과 장숙랑 교수, 서울대 간호대학 조성현 교수, 계명대 간호대학 권현정 교수, 한국보건사회연구원 여나금 연구위원...",2026-10-01 10:20,https://medicalworldnews.co.kr/news/view.php?idx=1510977563,https://medicalworldnews.co.kr/news/view.php?idx=1510977563
서울대학교,경기일보,"시흥시, 1천억 이상 투자기업 특별지원…‘앵커기업 유치’ 시동","특히 시흥시가 서울대 시흥캠퍼스와 시화국가산업단지, 배곧·거북섬 등 기존 산업·연구·관광 인프라를 기반으로 바이오·첨단산업 등 미래산업 육성에 나서고 있는 만큼 대규모 투자기업을 지역 산업 생태계의 핵심...",2026-10-01 10:17,https://www.kyeonggi.com/article/20261001580078,https://n.news.naver.com/mnews/article/666/0000125648?sid=102
연세대학교,NICEECONOMY,"우리 아이 독서 레벨은?…웅진씽크빅, 진단서비스 'KRS' 출시","웅진씽크빅은 김한샘 연세대 교수와 'KRS 도서 지수'를 개발했다. 해당 지수는 한국어 어휘 82만개 이상 분량의 데이터를 바탕으로 책의 언어와 내용, 구조, 배경 지식 등 복잡도를 47개 지표로 판단한다. 기질이 다르면...",2026-10-01 10:16,http://www.niceeconomy.co.kr/news/articleView.html?idxno=91182,http://www.niceeconomy.co.kr/news/articleView.html?idxno=91182
연세대학교,노컷뉴스,"파리크라상, 신임 대표에 강신봉 전 삼성전자 부사장 내정","강 내정자는 예원학교와 서울예고를 거쳐 연세대 경영학과를 졸업했다. 보스턴컨설팅그룹(BCG), 이베이, 요기요, 삼성전자 등을 거치며 전략·플랫폼·소비자 등 다양한 사업 분야와 글로벌 사업에서 경력을 쌓았다....",2026-10-01 10:15,https://www.nocutnews.co.kr/news/6585582?utm_source=naver&utm_medium=article&utm_campaign=20261001101409,https://n.news.naver.com/mnews/article/079/0004194578?sid=101
서울대학교,경북신문,"민주당, 국회서 대구·경북 예산정책협의회 개최","대구시는 서울대 10개 만들기 확대 추진, 대구국가산업단지 공공폐수처리시설 증설, 대구권 광역철도 예비차량 구매, 국립뮤지컬콤플렉스 조성 등 주요 국비사업의 필요성을 설명하고, 정부 최종안에 반드시 포함될 수...",2026-10-01 10:14,https://www.kbsm.net/news/view.php?idx=536191,https://www.kbsm.net/news/view.php?idx=536191
연세대학교,한국대학신문,"한양대, AI중심대학·AX대학원 동시 선정 …최대 565억 지원",과학기술정보통신부는 지난달 29일 서울 연세대학교에서 'AI중심대학·AX대학원 공동 출범식'을 개최했다.... AI중심대학은 대학 교육체계를 AI 중심으로 전환해 AI 전문인재와 각 전공 분야에 AI를 접목할 수 있는 AX...,2026-10-01 10:14,https://news.unn.net/news/articleView.html?idxno=598138,https://news.unn.net/news/articleView.html?idxno=598138
서울대학교,뉴스클레임,대구시 예산 국회 협조 구하기,"대구시는 정부 예산안에 반영이 필요한 사업으로 서울대 10개 만들기 확대 추진, 대구국가산업단지 공공폐수처리시설 증설, 대구권 광역철도 예비차량 구매, 국립뮤지컬콤플렉스 조성 등을 제시했다. 국비사업은 정부안에...",2026-10-01 10:14,https://www.newsclaim.co.kr/news/articleView.html?idxno=3077048,https://www.newsclaim.co.kr/news/articleView.html?idxno=3077048
서울대학교,쿠키뉴스,평창 그린바이오 벤처캠퍼스 시범가동…서울대·강원TP와 기업성장 지원,"쿠키뉴스=전인수 기자 | 강원 평창 그린바이오 벤처캠퍼스가 평창군과 서울대학교 그린바이오과학기술연구원... 평창군은 1일 군청 대회의실에서 서울대학교 그린바이오과학기술연구원, 강원테크노파크와 벤처캠퍼스...",2026-10-01 10:12,https://www.kukinews.com/article/view/kuk202610010056,https://www.kukinews.com/article/view/kuk202610010056
연세대학교,토요경제,"매일홀딩스, 배당원 이어 이익원도 넓어져…유가공 밖서 영업익 증가분...",배당금 43% 매일유업 밖서 유입…사업 이익도 다변화 뉴트리션 영업익 8.7억→38.1억…4.4배 증가 유가공 외 영업익 비중 57.0%→67.7% ▲ 지난 9월 22일 연세대학교 신촌캠퍼스 축제에 마련된 매일유업 ‘매일 도파민...,2026-10-01 10:10,https://sateconomy.co.kr/news/view/1065569728308634,https://sateconomy.co.kr/news/view/1065569728308634
고려대학교,뉴스1,"트와이스 지효, '디 어워즈 2027' MC 낙점…1차 퍼포머 라인업 공개","한편 '디 어워즈'는 지난 2025년부터 시작한 가요시상식으로, 고려대 화정체육관에서 열었던 1회와 2회 시상식에 이어 이번에는 파리로 향해 유럽에서 최초로 K팝 시상식을 열게 됐다.",2026-10-01 10:09,https://www.news1.kr/entertain/music/6307103,https://m.entertain.naver.com/article/421/0009202743
서울대학교,SBS Biz,"건강정보 검색했더니 63.6%가 '엉터리 정보' 경험…질병청, AI로 손본다","국가건강정보포털은 질병청이 2011년부터 운영해 온 공공 건강정보 홈페이지로, 대한의학회와 서울대 산학협력단 등 전문가들이 직접 집필하고 감수한 건강·질병 정보를 제공합니다. 지난해에는 1,311만 명이 방문해 1억...",2026-10-01 10:09,https://biz.sbs.co.kr/article_hub/20000337752?division=NAVER,https://n.news.naver.com/mnews/article/374/0000535773?sid=101
서울대학교,보건뉴스,"아스텔라스 '빌로이', 전이성 위암 1차 치료 급여 적용","이혜승 서울대학교병원 병리과 교수는 ""클라우딘18.2는 정밀 치료 전략 수립의 핵심 기준""이라며 ""급여 적용으로 환자들의 치료 접근성은 물론 관련 진단 검사도 한층 활성화될 것""이라고 평가했다.",2026-10-01 10:08,http://www.bokuennews.com/news/article.html?no=284961,http://www.bokuennews.com/news/article.html?no=284961
고려대학교,아시아경제,입시 경쟁 속 농어촌특별전형 관심 ↑…‘쌍용 더 플래티넘 한강’원스...,치열한 입시 경쟁 속에서 상대적으로 유리한 조건으로 대학 진학을 준비할 수 있는 전형을 찾는 수요가 늘고... 전원 기숙사 체제로 운영되는 양서고는 2020년부터 2026년까지 최근 7년 동안 서울대·연세대·고려대...,2026-10-01 10:07,https://view.asiae.co.kr/article/2026100110070551542,https://n.news.naver.com/mnews/article/277/0005823316?sid=101
연세대학교,아시아경제,입시 경쟁 속 농어촌특별전형 관심 ↑…‘쌍용 더 플래티넘 한강’원스...,치열한 입시 경쟁 속에서 상대적으로 유리한 조건으로 대학 진학을 준비할 수 있는 전형을 찾는 수요가 늘고... 전원 기숙사 체제로 운영되는 양서고는 2020년부터 2026년까지 최근 7년 동안 서울대·연세대·고려대...,2026-10-01 10:07,https://view.asiae.co.kr/article/2026100110070551542,https://n.news.naver.com/mnews/article/277/0005823316?sid=101
서울대학교,아시아경제,입시 경쟁 속 농어촌특별전형 관심 ↑…‘쌍용 더 플래티넘 한강’원스...,"전원 기숙사 체제로 운영되는 양서고는 2020년부터 2026년까지 최근 7년 동안 서울대·연세대·고려대 합격자만... 신팔당대교 개통 및 국도 6호선 6차로 확장(2027년 상반기 예정), 서울양평고속도로(계획) 추진 등의 교통...",2026-10-01 10:07,https://view.asiae.co.kr/article/2026100110070551542,https://n.news.naver.com/mnews/article/277/0005823316?sid=101
연세대학교,파이낸셜뉴스,"""예술가만 가는 곳 아닙니다""…음악·춤·이야기로 문턱 낮춘 대학로 예...","바이올리니스트이기도 한 김 편집장은 예원학교와 서울예고, 연세대 음대를 거쳐 독일 뒤셀도르프 국립음대와 트로징엔 국립음대에서 공부했다. 연주자와 대학 강사를 거쳐 현재 음악전문지 편집장과 칼럼니스트, 공연...",2026-10-01 10:06,https://www.fnnews.com/news/202610010927320978,https://n.news.naver.com/mnews/article/014/0005583494?sid=103
연세대학교,데일리시큐,"병원정보보안협회, 10월 15~16일 추계 세미나 개최","병원정보보안협회(K-HISA, 회장 김진응)는 오는 10월 15일부터 16일까지 연세대학교 의료원에서 '2026... AI 보안부터 제로트러스트까지 의료기관 대응 전략 공유 15일 학술세미나는 오전 8시 30분부터 오후 5시까지 연세대학교...",2026-10-01 10:06,https://www.dailysecu.com/news/articleView.html?idxno=208663,https://www.dailysecu.com/news/articleView.html?idxno=208663
연세대학교,노컷뉴스,2026콘텐츠미래포럼 종합토론,"융합, 미디어 산업의 미래를 묻다' 에서 종합토론이 진행되고 있다. 왼쪽부터 한규훈 숙명여대 홍보광고학과 교수, 최은경 클레이픽쳐스 대표, 이준성 연세대 스포츠응용산업학과 교수, 오성택 WSC Sports 총괄.",2026-10-01 10:03,https://www.nocutnews.co.kr/news/6585298?utm_source=naver&utm_medium=article&utm_campaign=20261001100209,https://m.entertain.naver.com/article/079/0004194566
서울대학교,뉴데일리경제,"검색부터 구매까지 'AI'로 뚝딱 … 유통가, '맞춤형 쇼핑' 경쟁",신세계백화점은 AI 고객 분석 시스템 S마인드를 운영하는 데 이어 서울대학교와 초개인화 고객 분석 기술을 공동 개발했다. 구매 이력과 선호 브랜드 등을 분석해 고객마다 다른 상품과 혜택을 제안하는 방식이다. 공동...,2026-10-01 10:02,https://biz.newdaily.co.kr/site/data/html/2026/10/01/2026100100086.html,https://biz.newdaily.co.kr/site/data/html/2026/10/01/2026100100086.html
연세대학교,서울경제,창원 항공엔진 특화단지…8000명 신규 고용,경상국립대가 항공방산 특성화대학원에 선정돼 2031년까지 석·박사급 전문인력 120명을 양성하는 등... 송도 연세대 국제캠퍼스에서 착공식을 열고 조성에 들어갔다. 지하 1층~지상 9층(연면적 2만375㎡) 규모에...,2026-10-01 10:01,https://www.sedaily.com/article/20096909?ref=naver,https://n.news.naver.com/mnews/article/011/0004667172?sid=101
연세대학교,헤럴드경제,“소득이 없는데 못 버티죠” 강남3구 장기보유 매도자 두 달간 1300명 육...,"고준석 연세대 상남경영원 교수는 “30년, 40년 실거주하신 1주택자들은 시세차익이 꽤 되니 장특공제 혜택이 축소되기 전 차익 실현을 하려는 분들 중심으로 처분하는 분위기”라며 “은퇴 후 소득이 없으신...",2026-10-01 10:01,https://biz.heraldcorp.com/article/10889926?ref=naver,https://n.news.naver.com/mnews/article/016/0002704140?sid=101
서울대학교,후생신보,"빌로이, 전이성 위암 1차 급여 적용","이혜승 서울대학교병원 병리과 교수는 “기존 전이성 위암 영역에서는 타 암종 대비 바이오마커 기반 표적치료에 대한 전략이 제한적이었던 만큼, 클라우딘18.2 진단 검사는 환자 선별과 치료 전략 수립에 있어...",2026-10-01 10:00,http://www.whosaeng.com/174096,http://www.whosaeng.com/174096
서울대학교,라이브뉴스,도시숲 탄소흡수원 확대 방안 논의,"산림과학원, 도시숲 탄소흡수원 미래 전략 모색 NDC 이행 위한 탄소흡수 기능 평가·관리방안 논의 산림청 국립산림과학원(원장 김용관)은 30일 서울 전경련회관 컨퍼런스센터에서 국가기후위기대응위원회, 서울대학교...",2026-10-01 10:00,https://www.livesnews.com/news/article.html?no=64628,https://www.livesnews.com/news/article.html?no=64628
서울대학교,한국일보,"[현장] ""삼겹살도 품종 따져 먹는다""… 돈육 바이어가 지리산 찾아간 이...","서울대에서 가축육종으로 박사학위를 받은 전문가로서 영국에서 유래한 흑돼지 버크셔 순종을 국내 사육환경과 한국인의 입맛에 맞게 20여 년간 연구해 만든 브랜드다. 5,500마리 검사…생햄·살라미까지 흔히...",2026-10-01 10:00,https://www.hankookilbo.com/news/article/A2026092817360005381?did=NA,https://n.news.naver.com/mnews/article/469/0000957042?sid=101
서울대학교,후생신보,“신약 접근성 확대는 재정부담 아닌 사회경제적 투자”,(이범희 서울아산병원 소아청소년과 교수) 의료현장에서 보는 암질환 치료 현황 및 한계점(김희준 중앙대학교병원 혈액종양내과 교수) 국내 중증질환 의료비 지출 현황 분석 연구(권용진 서울대학교병원 공공진료센터...,2026-10-01 10:00,http://www.whosaeng.com/174094,http://www.whosaeng.com/174094
서울대학교,뉴시스,"성균관대, 연세대 제쳤다…세계대학평가서 국내 사립대 1위","전민영 인턴 기자 = 성균관대학교가 영국 글로벌 대학평가기관 타임스 고등 교육(THE)이 발표한 '2027 THE 세계대학평가'에서 전체 68위를 차지했다. 국내 대학 중에서는 서울대와 카이스트(KAIST)에 이어 3위, 국내...",2026-10-01 10:00,https://www.newsis.com/view/NISX20261001_0003809875,https://n.news.naver.com/mnews/article/003/0014225943?sid=102
연세대학교,후생신보,“신약 접근성 확대는 재정부담 아닌 사회경제적 투자”,"중앙대학교병원 혈액종양내과 교수) 국내 중증질환 의료비 지출 현황 분석 연구(권용진 서울대학교병원... 이어진 패널토론에서는 라선영 연세대학교 세브란스병원 교수를 좌장으로 환자단체, 산업계, 언론...",2026-10-01 10:00,http://www.whosaeng.com/174094,http://www.whosaeng.com/174094
연세대학교,머니투데이,전 세계 327개 혁신 아이디어 '창업 도시' 서울에 모였다,"참가 접수 결과 중·고등 부문과 대학 부문을 합쳐 전 세계 32개국에서 총 327팀(국내 224개 팀, 국외 103개... 지지 왕 UC 버클리 공대 교수를 비롯해 전유정 연세대 교수, 알렉씨오스 곳소포울로스 성균관대 SKK GSB 부교수...",2026-10-01 10:00,https://www.mt.co.kr/future/2026/10/01/2026100108345069450,https://n.news.naver.com/mnews/article/008/0005420809?sid=101
연세대학교,베리타스알파,한양대 AI중심대학/AX대학원 동시 선정.. '최대 565억원 지원받아 학부~...,과학기술정보통신부는 29일 연세대에서 'AI중심대학·AX대학원 공동 출범식'을 열었다. 올해 출범한 대학은... AI중심대학은 대학 교육체계를 AI 중심으로 바꿔 AI 전문인재를 키우는 사업이다. 각 전공에 AI를 결합할 수...,2026-10-01 10:00,https://www.veritas-a.com/news/articleView.html?idxno=630130,https://www.veritas-a.com/news/articleView.html?idxno=630130
연세대학교,뉴시스,"성균관대, 연세대 제쳤다…세계대학평가서 국내 사립대 1위","전민영 인턴 기자 = 성균관대학교가 영국 글로벌 대학평가기관 타임스 고등 교육(THE)이 발표한 '2027 THE... 세계 100위권에는 서울대와 KAIST, 성균관대, 연세대 등 4개 대학이 이름을 올렸다. 국내 1위인 서울대는 세계...",2026-10-01 10:00,https://www.newsis.com/view/NISX20261001_0003809875,https://n.news.naver.com/mnews/article/003/0014225943?sid=102
고려대학교,백세시대,"유방암 수술, '제거'에서 '보존'으로 … 내시경·로봇수술도 활용","이혜윤 고려대 안산병원 유방내분비외과 교수는 ""유방보존술은 암을 충분히 제거해 치료의 안전성을 확보하는 동시에 유방의 형태와 환자의 삶의 질까지 고려하는 방향으로 발전하고 있다""며 ""종양의 위치와 크기, 유방...",2026-10-01 09:58,https://www.100ssd.co.kr/news/articleView.html?idxno=213145,https://www.100ssd.co.kr/news/articleView.html?idxno=213145
서울대학교,경인매일,"인천문화예술회관, 커피콘서트서 연가곡 '부부이야기' 선보인다","음악은 서울국제음악제 예술감독을 맡고 있으며 교향곡 2번과 가극 '아파트' 등을 발표한 작곡가 류재준이 맡았다. 현대적이면서도 로맨틱한 음악에 서울대 교수이자 '족제비처럼 살아가기', '달의 저편' 등을 선보인...",2026-10-01 09:58,https://www.kmaeil.com/news/articleView.html?idxno=653236,https://www.kmaeil.com/news/articleView.html?idxno=653236
서울대학교,TV리포트,"'S대 의대男과 결별' 성대 신세경, ""별명 제작진이 지어줘…일반인 비난...","앞서 8월 31일 방송된 '연애전쟁' 10회에는 서울대 의대 박사 과정 이성준과 '성대 신세경' 커플이 등장했다. 교제 40일 만에 남사친 문제로 갈등을 빚던 두 사람은 MC 서장훈의 ""본인의 삶까지 부정하면서 억지로 관계를...",2026-10-01 09:57,https://www.tvreport.co.kr/entertainment/article/1079690/,https://m.entertain.naver.com/article/213/0001403059
서울대학교,연합뉴스,1946년 첫 기록부터 오늘의 창작까지…서울대 개교 80주년展,"서울대 미대 역사 아카이브전부터 신진작가 소개 기획전까지 특별전 '새로운 미래', 13일 서울대미술관서 개막 서울대학교 80년 역사를 돌아보고 오늘의 젊은 작가들이 상상하는 미래를 살펴보는 전시가 열린다....",2026-10-01 09:57,https://www.yna.co.kr/view/AKR20261001054500005?input=1195m,https://n.news.naver.com/mnews/article/001/0016349265?sid=103
서울대학교,메디코파마뉴스,"빌로이, CLDN18.2 양성 전이성 위암 1차 치료 급여 적용","이번 급여 적용과 관련해 이혜승 서울대학교병원 병리과 교수는 ""기존 전이성 위암 영역에서는 타 암종 대비 바이오마커 기반 표적치료에 대한 전략이 제한적이었던 만큼, 클라우딘18.2 진단 검사는 환자...",2026-10-01 09:56,https://www.medicopharma.co.kr/news/articleView.html?idxno=69709,https://www.medicopharma.co.kr/news/articleView.html?idxno=69709
고려대학교,뉴스1,인천공항공사 차기 사장 후보 박남춘·김문권으로 압축,인천 토박이인 박 전 시장은 고려대 행정학과를 졸업하고 영국 웨일즈대에서 교통경제학 석사학위를 받았다. 해양수산부 관료 출신으로 해수부 총무과장과 해운항만청 유통과장 등을 거쳐 노무현 정부에서 대통령비서실...,2026-10-01 09:54,https://www.news1.kr/local/incheon/6307150,https://n.news.naver.com/mnews/article/421/0009202578?sid=102
서울대학교,뉴스1,인천공항공사 차기 사장 후보 박남춘·김문권으로 압축,부산 출신인 김 전 대표는 서울대 신문학과를 졸업한 뒤 한국경제신문 차장과 한국경제매거진 부국장 등을 지냈다. 이후 행정자치부·국토부 장관 정책보좌관과 에어프레미아 대외담당 상무 등을 거쳤으며 이스타항공...,2026-10-01 09:54,https://www.news1.kr/local/incheon/6307150,https://n.news.naver.com/mnews/article/421/0009202578?sid=102
서울대학교,뉴스맵,"대상웰라이프, 연하장애 인식 개선 캠페인 진행",연하장애는 음식물이나 음료를 삼킬 때 어려움이 발생하는 질환으로 분당서울대학교병원 연구 결과 65세 이상 고령자 3명 중 1명꼴로 나타날 정도로 흔하지만 노화 현상으로 오인해 진단과 관리가 미흡한 경우가 많다....,2026-10-01 09:54,https://www.newsmap.co.kr/news/articleView.html?idxno=3687,https://www.newsmap.co.kr/news/articleView.html?idxno=3687
서울대학교,가톨릭평화방송,"서울대 신입생 3명 중 2명, 수도권 출신… 강남3구, 6년 새 최다 배출",서울 관악구 서울대학교 정문. 뉴시스 서울대학교 신입생 중 수도권 출신 학생 쏠림 비중이 심해진 것으로 나타났다. 국회 교육위원회 소속 한병도(더불어민주당) 의원이 서울대학교 신입생 지역별 현황을...,2026-10-01 09:54,https://news.cpbc.co.kr/article/1176077?division=NAVER,https://news.cpbc.co.kr/article/1176077?division=NAVER
서울대학교,바이오타임즈,"피매치, 중기부 팁스 선정…AI 약물안전지수 개발",2021년 서울대학교 교원창업으로 설립된 피매치는 개인용 약물관리 애플리케이션 '필톡'과 돌봄기관용 AI 약물관리 플랫폼 '필톡 biz cares'를 운영하고 있다. 필톡은 사용자가 복용 중인 약물을 등록하면 성분 중복과...,2026-10-01 09:52,https://www.biotimes.co.kr/news/articleView.html?idxno=34846,https://www.biotimes.co.kr/news/articleView.html?idxno=34846
연세대학교,스포츠월드,"조관우, 단독콘서트 D-3…팝핀현준♥박애리 합주실 응원 방문",두 사람은 지난해 연세대학교 백주년콘서트홀에서 열린 ‘2025 조관우 MUSIC 콘서트-겨울이야기’에서도 호흡을 맞췄다. 당시 팝핀현준은 자신의 크루들과 함께 무대에 올라 퍼포먼스를 펼쳤다. 이번 공연에는...,2026-10-01 09:52,https://www.sportsworldi.com/newsView/20261001505293,https://m.entertain.naver.com/article/396/0000756793
연세대학교,아시아경제,"파리크라상, 신임 대표이사에 강신봉 전 삼성전자 부사장 내정","1970년생인 강 내정자는 연세대 경영학과, 듀크대 MBA 졸업 후 보스턴컨설팅그룹(BCG), 이베이, 요기요, 삼성전자 등을 거치며 전략·플랫폼·소비자 등 여러 사업 분야와 글로벌 비즈니스를 경험한 경영자다. 강 내정자는...",2026-10-01 09:50,https://view.asiae.co.kr/article/2026100109153960553,https://n.news.naver.com/mnews/article/277/0005823288?sid=103
연세대학교,데일리메디,연세대 원주의대-日 쿠루메 의대 '교류' 본격화,﻿﻿﻿연세대학교 원주의과대학(학장 김장영)이 일본 쿠루메 의과대학(Kurume University)과 고압의학 및 응급의료 분야를 중심으로 국제 교육 및 연구 교류를 확대하고 있다. 두 기관은 지난 2025년 10월 연세대학교...,2026-10-01 09:48,https://www.dailymedi.com/news/news_view.php?wr_id=940999,https://www.dailymedi.com/news/news_view.php?wr_id=940999
연세대학교,데일리메디,"병원정보보안協, 이달 15~16일 추계세미나 개최",﻿병원정보보안협회(K-HISA)는 오는 10월 15~16일 연세대학교의료원에서 ‘AI 디지털 헬스케어시대... 15일 학술세미나는 오전 8시 30분부터 오후 5시까지 연세대학교의료원 에비슨의생명연구센터 1층 유일한홀에서...,2026-10-01 09:46,https://www.dailymedi.com/news/news_view.php?wr_id=941017,https://www.dailymedi.com/news/news_view.php?wr_id=941017
고려대학교,뉴스티앤티,"밤까지 북적인 속초해변…썸머 페스티벌, 방문객·상권 소비 늘었다","속초시는 고려대학교 디지털혁신연구센터와 함께 축제 기간 이동통신 빅데이터와 상권 매출 등을 분석한 결과, 방문객과 관광 관련 업종의 소비가 함께 증가한 것으로 나타났다고 1일 밝혔다. 지난 7월 31일부터 8월...",2026-10-01 09:46,https://www.newstnt.com/news/articleView.html?idxno=720971,https://www.newstnt.com/news/articleView.html?idxno=720971
서울대학교,CNB저널,"성북구, 2026 성북구민과 함께하는 가을음악회 '둠칫둠칫 라이브' 개최",문화경제 CNB저널 | CNB저널 | 씨앤비저널 서울 성북구(구청장 이승로)가 오는 10월 10일 오후 6시부터 9시까지... 국민대학교와 성신여자대학교 연주자들로 구성된 현악 트리오 '아인클랑'과 한국예술종합학교·서울대학교...,2026-10-01 09:46,https://www.cnbizm.com/news/articleView.html?idxno=316768,https://www.cnbizm.com/news/articleView.html?idxno=316768
연세대학교,전자신문,"미타운, 패션 디깅 SNS '개멋(GAMUT)' 정식 출시…AI 가상피팅 기반 브랜...","미타운은 이도해 대표, 전상빈 부대표, 이인권 연구소장(연세대 컴퓨터과학과 정교수) 등 컴퓨터과학·컴퓨터그래픽스 분야 석박사 인력이 창업한 뉴럴렌더링 기반 3차원 AI 기술 스타트업이다. 자체 개발한 3D 뉴럴...",2026-10-01 09:44,https://www.etnews.com/20261001000080,https://n.news.naver.com/mnews/article/030/0003471443?sid=101
서울대학교,미디어오늘,박정희·이명박 미화 드라마엔 '표현의 자유' 강조했던 한나라당,"'서울의 봄'은 과장이 많습니다. 마지막 대치 장면은 허구입니다. 그럼에도 역사의 큰 틀을 흔들지는... 이익주 서울대 교수는 KBS '고려거란전쟁' 논란 당시 유튜브 콘텐츠를 통해 이렇게 지적합니다. ""사극은 역사를...",2026-10-01 09:43,https://www.mediatoday.co.kr/news/articleView.html?idxno=337452,https://n.news.naver.com/mnews/article/006/0000137991?sid=102
서울대학교,보건뉴스,임일한 신임 원장 취임…원자력의학원 새 도약,"이날 취임식에는 우원식 국회의원을 비롯해 김동환 서울과학기술대학교 총장, 배충식 KAIST 총장, 윤도영... 임 원장은 서울대학교 의과대학을 졸업하고 같은 대학에서 핵의학 박사학위를 취득했다. 원자력병원...",2026-10-01 09:42,http://www.bokuennews.com/news/article.html?no=284951,http://www.bokuennews.com/news/article.html?no=284951
서울대학교,오마이뉴스,"""작고 약하지만 용감""... 어린이 병원 찾아간 뮤지컬의 속뜻","▲  9월 30일, 서울대학교어린이병원에서는 어린이 환우와 가족을 위한 가족뮤지컬이 상영됐다. ⓒ 이규승... 9월 30일 오후 1시 30분, 서울대학교어린이병원 CJ홀에서 '예술극_장(場) 시네마' 특별상영회가 열렸다. 이날...",2026-10-01 09:41,https://www.ohmynews.com/NWS_Web/View/at_pg.aspx?CNTN_CD=A0003271671&CMPT_CD=P0010&utm_source=naver&utm_medium=newsearch&utm_campaign=naver_news,https://n.news.naver.com/mnews/article/047/0002530828?sid=103
서울대학교,뉴시스,"1300만 이용하는 국가건강정보포털, AI로 고도화한다","질병청이 2011년부터 운영한 국가건강정보포털은 공공 건강정보 홈페이지로, 대한의학회와 서울대 산학협력단 등 전문가들이 직접 집필·감수한 건강·질병 정보가 제공된다. 지난해에는 1311만명이 방문해 1억뷰 이상의...",2026-10-01 09:40,https://www.newsis.com/view/NISX20261001_0003810022,https://n.news.naver.com/mnews/article/003/0014225788?sid=102
고려대학교,뉴시스,"'122개 창업기업 배출' 고려대, 실험실 창업 장관 표창 영예","이예인 인턴 기자 = 고려대학교는 지난 30일 '2026 산학협력 엑스포'에서 실험실 창업 활성화 우수대학으로 선정돼 교육부 장관 표창을 받았다고 1일 밝혔다. 이번 표창은 연구성과 발굴부터 창업, 투자, 글로벌 진출까지...",2026-10-01 09:40,https://www.newsis.com/view/NISX20261001_0003810025,https://n.news.naver.com/mnews/article/003/0014225789?sid=102
연세대학교,뉴스케이알,"요기요 대표→삼성전자 D2C 수장까지... 강신봉, 파리크라상 새 대표로","1997년 연세대 경영학과를 졸업한 뒤 보스턴컨설팅그룹(BCG)에서 컨설턴트로 경력을 시작했다. 이후 두루넷을 거쳐 이베이코리아에서 전략 업무를 맡았고, 2004~2006년 미국 듀크대 경영대학원(MBA) 과정을 밟았다. 당시...",2026-10-01 09:40,http://www.newskr.kr/news/articleView.html?idxno=106806,http://www.newskr.kr/news/articleView.html?idxno=106806
연세대학교,뉴시안,"파리크라상, 새 수장에 강신봉 전 삼성전자 부사장 내정","1970년생인 강 내정자는 연세대학교 경영학과를 졸업하고 미국 듀크대학교에서 MBA를 취득했다. 보스턴컨설팅그룹(BCG)을 시작으로 두루넷과 이베이, 딜리버리히어로 코리아, 삼성전자 등을 거치며 전략기획부터...",2026-10-01 09:38,http://www.newsian.co.kr/news/articleView.html?idxno=96327,http://www.newsian.co.kr/news/articleView.html?idxno=96327
서울대학교,기호일보,"사랑에서 결혼, 육아와 갈등까지…무대에 오른 '현실 부부'의 삶","작곡은 교향곡 2번과 가극 '아파트' 등을 발표한 서울국제음악제 예술감독 류재준이, 가사는 서울대 교수이자 '족제비처럼 살아가기', '달의 저편' 등을 선보인 연출가 봉준수가 맡았다. 회관은 류재준의 음악이...",2026-10-01 09:36,https://www.kihoilbo.co.kr/news/articleView.html?idxno=3036331,https://www.kihoilbo.co.kr/news/articleView.html?idxno=3036331
서울대학교,이뉴스투데이,"서울시립대, '2026 서울 빅데이터 포럼' 개최, AI가 바꾸는 미래도시 조...","서울시립대학교가 인공지능(AI) 에이전트와 피지컬 AI 기술이 바꿔놓을 미래도시의 모습을 조망하는 국제... 이어 고아라 명지대 교수, 오민환 서울대 교수, 신인식 KAIST 교수, 김태완 한국 오라클 상무 등이 참여해 지속...",2026-10-01 09:35,http://www.enewstoday.co.kr/news/articleView.html?idxno=2475965,http://www.enewstoday.co.kr/news/articleView.html?idxno=2475965
서울대학교,충남일보,"서산의료원, 전국 단위 '2026년 생명사랑세미나' 개최","이번 세미나는 '청소년·청년층 자살위기 대응'을 주제로 가톨릭대학교 서울성모병원, 분당서울대학교병원, 한양대학교병원, 충남대학교병원 등 전국 의료기관 및 정신건강 관련 기관 실무자 90여 명이 참석한 가운데...",2026-10-01 09:34,http://www.chungnamilbo.co.kr/news/articleView.html?idxno=912530,http://www.chungnamilbo.co.kr/news/articleView.html?idxno=912530
연세대학교,보건뉴스,"해운대백병원 박병규 교수, 대한소아정형외과학회 '최우수논문상' 수상",인제대학교 부산 해운대백병원 소아정형외과 박병규 교수가 최근 연세대학교에서 열린 대한소아청소년정형외과학회 제42회 추계 증례토론회에서 2026년도 최우수논문상(2026 KPOS Best Paper Award)을 수상했다. 부산에서...,2026-10-01 09:32,http://www.bokuennews.com/news/article.html?no=284944,http://www.bokuennews.com/news/article.html?no=284944
서울대학교,스마트경제,"대상웰라이프, 첫 질환 인식 캠페인…연하장애 관리 중요성 알려",회사 측이 인용한 분당서울대학교병원 연구에 따르면 연하장애는 65세 이상 고령층 3명 중 1명꼴로 나타나는 것으로 조사됐다. 대상웰라이프는 연하장애를 적절히 관리하지 않을 경우 영양실조나 흡인성 폐렴 등 합병증...,2026-10-01 09:32,http://www.dailysmart.co.kr/news/articleView.html?idxno=130460,http://www.dailysmart.co.kr/news/articleView.html?idxno=130460
고려대학교,뉴스프리존,"고려대, 산학연협력 엑스포서 '실험실 창업 활성화 우수대학' 선정","이병천 고려대 크림슨창업지원단장은 ""이번 수상은 대학의 우수 연구성과가 창업으로 이어지고, 설립된 기업이 투자와 글로벌 시장으로 성장할 수 있도록 전주기 지원체계를 고도화해 온 성과를 인정받았다는...",2026-10-01 09:30,https://www.newsfreezone.co.kr/news/articleView.html?idxno=711777,https://www.newsfreezone.co.kr/news/articleView.html?idxno=711777
서울대학교,비즈워크,강남 인접 남성역 역세권 재개발 본격화…'남성역 헤르니티' 공급,자리하고 서울대·중앙대·숭실대 등 주요 대학도 가깝다. 생활 인프라도 갖췄다. 이수역 일대 이마트와 메가박스 등을 이용할 수 있으며 사당·서초·강남 생활권과 연결된다. 단지 앞에는 까치산공원이 있고 국립서울현...,2026-10-01 09:30,https://www.bizwork.co.kr/news/articleView.html?idxno=419554,https://www.bizwork.co.kr/news/articleView.html?idxno=419554
서울대학교,한국대학신문,"서울시립대, '2026 서울 빅데이터 포럼' 개최","서울시립대학교(총장 원용걸)가 오는 6일부터 7일까지 서울 코엑스 컨퍼런스홀에서 AI 에이전트와 피지컬... 이어 고아라 명지대 교수, 오민환 서울대 교수, 신인식 KAIST 교수, 김태완 한국오라클 상무가 패널로 참여해...",2026-10-01 09:30,https://news.unn.net/news/articleView.html?idxno=598129,https://news.unn.net/news/articleView.html?idxno=598129
고려대학교,매일경제,"F&F홀딩스, 새 대표에 마정만 F&F CFO 선임","마 신임 대표는 고려대 무역학과를 졸업하고 CJ제일제당 상무, CJ에듀케이션즈 대표 등을 역임했다. 2018년 F&F에 합류한 뒤 CFO를 맡아 재무 부문을 총괄해왔다. 기존 박의헌 대표는 일신상의 이유로 대표이사와...",2026-10-01 09:28,https://www.mk.co.kr/article/12165650,https://n.news.naver.com/mnews/article/009/0005742403?sid=102
연세대학교,뉴스핌,서울시 신임 대변인에 호준석 전 YTN 앵커팀 부국장,▲1969년 서울 출생 ▲한영고 ▲연세대 정치외교학과 ▲YTN 보도국 기자 ▲YTN 청와대 출입기자 ▲YTN 앵커실장 ▲YTN 기획조정실장 ▲YTN 앵커팀 부국장 ▲국민의힘 대변인 ▲제22대 국회의원 선거 서울 구로갑 후보...,2026-10-01 09:26,https://www.newspim.com/news/view/20261001000258,https://www.newspim.com/news/view/20261001000258
서울대학교,뉴스1,"동아에스티, 갤럭스와 AI 항체 설계 기반 ADC 신약 공동개발",한편 갤럭스는 서울대학교 화학부 석차옥 교수가 제자들과 함께 2020년 9월 설립한 AI 신약개발 기업이다. 서울대 연구진이 축적해 온 단백질 구조·상호작용 예측 기술을 바탕으로 AI를 활용한 신약 설계 플랫폼...,2026-10-01 09:26,https://www.news1.kr/bio/pharmaceutical-bio/6307046,https://n.news.naver.com/mnews/article/421/0009202438?sid=103
서울대학교,뉴시스,"""사레·기침 넘기지 마세요"" 대상웰라이프, 연하장애 인식 개선 나서",분당서울대학교병원 연구에 따르면 65세 이상 고령층 3명 중 1명꼴로 나타나지만 자연스러운 노화 현상으로 여겨 진단과 관리로 이어지지 않는 경우가 있다는 설명이다. 대상웰라이프는 아나운서 출신 방송인 조우종을...,2026-10-01 09:25,https://www.newsis.com/view/NISX20261001_0003810079,https://n.news.naver.com/mnews/article/003/0014225683?sid=101
서울대학교,글로벌이코노믹,"대구시, 민주당·중앙정부와 ‘밀착 소통’…대구 예산 패싱 막아야","■ 국비 확보, ‘요청’보다 ‘반영·확정’까지 챙겨야 대구시는 이번 협의회에서 서울대 10개 만들기 확대 추진, 대구국가산업단지 공공폐수처리시설 증설, 대구권 광역철도 예비차량 구매, 국립뮤지컬콤플렉스 조성 등...",2026-10-01 09:24,https://www.g-enews.com/view.php?ud=202610010859123873d2e64277d7_1,https://www.g-enews.com/view.php?ud=202610010859123873d2e64277d7_1
연세대학교,메디파나뉴스,"해운대백병원 박병규 교수, 뇌성마비 족부 연구 최우수논문상",인제대학교 해운대백병원은 소아정형외과 박병규 교수가 뇌성마비 소아의 후족부 외반 변형 수술 후 장기... 박 교수는 최근 연세대학교에서 열린 대한소아청소년정형외과학회 제42회 추계 증례토론회에서 '2026 KPOS...,2026-10-01 09:24,https://www.medipana.com/news/articleView.html?idxno=418538,https://www.medipana.com/news/articleView.html?idxno=418538
서울대학교,한국대학신문,서울대 신입생 수도권 쏠림 심화… 강남구 한 곳이 부산의 2.4배[2026 국감...,"서울 출신 서울대 신입생 가운데 강남3구 출신이 차지하는 비중은 36.4%였다. 한병도 의원은 ""서울대는 국가 재정이 투입되는 국립대학법인으로서 지역 간 교육 기회의 균형을 이끌 책무가 있다""며...",2026-10-01 09:24,https://news.unn.net/news/articleView.html?idxno=598125,https://news.unn.net/news/articleView.html?idxno=598125
연세대학교,LG헬로비전,인천 송도 K-바이오 랩허브 착공,인천경제자유구역청이 지난 30일 연세대학교 국제캠퍼스 내 공사부지에서 바이오 창업 종합지원 인프라 K-바이오 랩허브 착공식을 개최했습니다. K-바이오 랩허브는 바이오 창업기업의 성장 전 주기를 집중 지원하기...,2026-10-01 09:22,http://news.lghellovision.net/news/articleView.html?idxno=556876,http://news.lghellovision.net/news/articleView.html?idxno=556876
서울대학교,메디소비자뉴스,"서울대학교병원 강남센터 배정호 교수, 과학기술우수논문상 수상",서울대학교병원 강남센터 소화기내과 배정호 교수가 한국과학기술단체총연합회가 주관하는 '2026년 제36회 과학기술우수논문상'을 수상했다고 1일 밝혔다. 과학기술우수논문상은 과총이 국내 과학기술 분야...,2026-10-01 09:22,http://www.medisobizanews.com/news/articleView.html?idxno=142741,http://www.medisobizanews.com/news/articleView.html?idxno=142741
서울대학교,BEOPBO,"처짐과 볼륨 저하, 동시 개선 위한 실리프팅 및 필러 병행...체크할 점은...","의료진이 두 시술의 원리와 해부학적 구조를 충분히 이해하고, 환자 개개인의 상태에 맞춘 계획을 세우는지가 결과와 안전성을 좌우하는 요소다. 도움말 : 미앤미의원 서울대입구점 황순재 원장",2026-10-01 09:22,https://www.beopbo.com/news/articleView.html?idxno=338046,https://www.beopbo.com/news/articleView.html?idxno=338046
연세대학교,CNB저널,"은평구, 은평문화재단과 서대문구청이 함께하는 '2026 은평×서대문 예술...","10일에는 꿈의 무용단 은평, 가수 승운 등이 출연하며, 24일에는 국악 공연팀 900d, 연세대학교 혼성 6중창, 가수 블라(blah) 등이 출연한다. 공연과 함께 열리는 예술가 대담에서는 '동네에서 예술인 이웃과 함께하기', '좋은...",2026-10-01 09:22,https://www.cnbizm.com/news/articleView.html?idxno=316759,https://www.cnbizm.com/news/articleView.html?idxno=316759
고려대학교,라포르시안,"제49차 IHF 세계병원대회, 10월 서울서 개최...90개국 2천여명 참가","해외 참가자들이 국내 의료현장을 직접 경험할 수 있도록 서울성모병원, 고려대 안암병원, 국립암센터, 국민건강보험 일산병원, 삼성서울병원, 서울대병원, 서울아산병원, 세브란스병원, 이대서울병원 등 15개...",2026-10-01 09:20,https://www.rapportian.com/news/articleView.html?idxno=240870,https://www.rapportian.com/news/articleView.html?idxno=240870
고려대학교,데일리팜,"광장 MA아카데미, 경제성평가 보완사례 집중 해부","이날 패널토론에는 과거 경제성평가 소위원회에 참여했던 고려대 안형진 교수와 이화여대 배승진 교수도 참석해 실무자들이 궁금해 할 경제성평가 관련 궁금증에 대해 소통하는 시간을 가졌다. 한편, 제1기 광장 MA...",2026-10-01 09:20,https://www.dailypharm.com/user/news/342979?REFERER=NP,https://www.dailypharm.com/user/news/342979?REFERER=NP
연세대학교,한국강사신문,"경상국립대학교 김기현 교수팀, 물에 젖어도 부풀지 않는 음이온교환막...","[사진출처=경상국립대학교] 경상국립대학교 김기현 교수 연구팀이 화학적 가교 없이 고분자 사슬의... 공과대학 나노신소재융합공학부 김기현 교수 연구팀은 한국화학연구원 소순용 박사팀, 연세대 이상영 교수팀과...",2026-10-01 09:20,https://www.lecturernews.com/news/articleView.html?idxno=211355,https://www.lecturernews.com/news/articleView.html?idxno=211355
연세대학교,후생신보,난치성 두경부암 전이·면역회피 유발하는 ‘핵심 단백질’ 찾았다,연세대학교 강남세브란스병원 이비인후과 박영민 교수 연구팀은 미국 서던캘리포니아대학교(USC) 연구팀과 공동연구를 통해 전사조절인자 ‘ETS1’이 두경부 편평상피세포암의 전이와 면역 회피를 동시에...,2026-10-01 09:20,http://www.whosaeng.com/174097,http://www.whosaeng.com/174097
서울대학교,메디소비자뉴스,"'빌로이', 클라우딘18.2 양성 전이성 위암 1차 치료 급여","이혜승 서울대학교병원 병리과 교수는 ""클라우딘18.2 진단 검사는 환자 선별과 치료 전략 수립에 있어 중요한 기준으로 부상하고 있다""며 ""이번 급여 적용으로 클라우딘18.2 진단 검사가 진료 현장에서 더욱...",2026-10-01 09:18,http://www.medisobizanews.com/news/articleView.html?idxno=142738,http://www.medisobizanews.com/news/articleView.html?idxno=142738
고려대학교,의사신문,"제49차 IHF 세계병원대회, 10월19~22일 서울 코엑스 마곡서 개최","또한, 해외 참가자들이 국내 의료현장을 직접 경험할 수 있도록 서울성모병원, 고려대 안암병원, 국립암센터, 국민건강보험 일산병원, 삼성서울병원, 서울대병원, 서울아산병원, 세브란스병원, 이대서울병원 등...",2026-10-01 09:16,http://www.doctorstimes.com/news/articleView.html?idxno=240246,http://www.doctorstimes.com/news/articleView.html?idxno=240246
연세대학교,뉴스1,[프로필] 서울시 신임 대변인에 호준석 전 YTN 부국장…오세훈 캠프 출...,호 신임 대변인은 1969년 서울 출생으로 연세대 정치외교학과를 졸업했다. 1994년 YTN 보도국 기자로... △1969년 서울 출생 △한영고 △연세대 정치외교학과 △YTN 보도국 기자 △YTN 청와대 출입기자 △YTN 앵커실장 △YTN...,2026-10-01 09:16,https://www.news1.kr/local/moi/6307024,https://n.news.naver.com/mnews/article/421/0009202384?sid=102
서울대학교,전라일보,하루 세 번 보다 '한 번 제대로'…허석모 교수 '백년양치질' 출간,허 교수는 서울대학교 치과대학을 졸업하고 미국 뉴욕주립대학교 버펄로 치과대학에서 치주과 전문의 과정을 수료했으며 현재 전북대학교 치과대학 치주과학교실 교수이자 전북대학교 치과병원 치주과 전문의로...,2026-10-01 09:14,http://www.jeollailbo.com/news/articleView.html?idxno=812561,http://www.jeollailbo.com/news/articleView.html?idxno=812561
연세대학교,메트로신문,서울시 신임 대변인에 호준석 전 YTN 부국장,"1969년생인 호 대변인은 연세대 정치외교학과를 졸업한 뒤 1994년 YTN 보도국 기자로 언론계에 입문했다. 2000~2003년 청와대 출입기자를 지냈으며 이후 보도본부 앵커실장과 기획조정실장, 2TV 국장, 보도국 부국장 등을...",2026-10-01 09:14,http://www.metroseoul.co.kr/article/20261001500059,http://www.metroseoul.co.kr/article/20261001500059
서울대학교,연합뉴스,성북구 10일 '둠칫둠칫 라이브'…박명수·이찬원·바다 등 출연,서울 성북구(구청장 이승로)는 오는 10일 오후 6∼9시 개운산 운동장 특설무대에서 성북구민과 함께하는... 국민대학교와 성신여자대학교 연주자들로 구성된 현악 트리오 '아인클랑'과 한국예술종합학교·서울대학교 출신...,2026-10-01 09:13,https://www.yna.co.kr/view/AKR20261001039600004?input=1195m,https://n.news.naver.com/mnews/article/001/0016349022?sid=102
연세대학교,뉴시스,"서울시, 신임 대변인에 호준석 전 YTN 앵커팀 부국장 임명","1969년 8월 4일 생인 호준석 신임 대변인은 연세대 정치외교학과를 졸업한 뒤 1994년 YTN 보도국 기자로 언론계에 입문했다. 청와대 출입기자, 앵커실장, 기획조정실장, 앵커팀 부국장 등을 역임했다. 2024년부터 2025년까지...",2026-10-01 09:12,https://www.newsis.com/view/NISX20261001_0003810050,https://n.news.naver.com/mnews/article/003/0014225635?sid=102
서울대학교,매일신문,"국립대구과학관, '푸드 팝!'(FOOD POP!) 특별기획전 개막식","국립중앙과학관, 서울대, 대구경북과학기술원(DGIST), 세계김치연구소 등도 전시에 협력했다. 이난희 국립대구과학관장은 ""이번 특별기획전을 통해 관람객들이 일상에서 접하는 음식 속에 다양한 과학이 숨어 있다는...",2026-10-01 09:07,https://www.imaeil.com/page/view/2026100109055328635,https://n.news.naver.com/mnews/article/088/0001031574?sid=102
서울대학교,베리타스알파,송도고 개교 120주년 기념행사 개최.. 2일 오후2시,"등을 함께 운영하며 과정별 탐구, 연구 중심의 교육과정을 활성화한 점도 강점으로 꼽힌다. 가장 최근 2026대입에서 서울대 합격자 6명을 배출했다. 수시 2명, 정시 4명이다. ▲교육전문신문 베리타스알파 [베리타스알파=]",2026-10-01 09:06,https://www.veritas-a.com/news/articleView.html?idxno=630093,https://www.veritas-a.com/news/articleView.html?idxno=630093
서울대학교,서울경제TV,"덴컴, 치과 AI 플랫폼 ‘덴트허브 1.0’ 공개","덴컴은 지난 7월 서울대학교치과병원이 위탁 운영하는 서울특별시 서부장애인치과병원과 솔루션 공급 계약을 체결하고 시범 운영을 진행 중이며, 오는 11월 정식 운영으로 전환할 예정이다. 임병준 덴컴 대표는...",2026-10-01 09:02,https://www.sentv.co.kr/article/view/sentv202609300211,https://www.sentv.co.kr/article/view/sentv202609300211
고려대학교,동아일보,| 인터뷰 | 김완준 고려대학교 구로병원 간담췌외과 교수 “진행성 간암...,그에 대한 답을 얻기 위해 김완준 고려대학교 구로병원 간담췌외과 교수를 만났다. 김 교수는 “20여 년 전 20... 특히 김 교수는 “고려대학교 구로병원은 ‘다학제 원스톱 통합 진료 체계’를 통해 여러 임상과 의료진이...,2026-10-01 09:02,https://woman.donga.com/3/all/12/6401257/1,https://woman.donga.com/3/all/12/6401257/1
서울대학교,이데일리,"덴컴, 진료 대화부터 청구까지 연결하는 치과 AI 플랫폼 ‘덴트허브 1.0...",지난 7월 서울특별시 서부장애인치과병원(서울대학교치과병원 수탁운영)과 AI 솔루션 도입 계약을 체결하고 대기실·상담실·진료실을 대상으로 시범 운영을 진행 중이다. 오는 11월 공식 운영 전환을 목표로 하고...,2026-10-01 09:02,https://www.edaily.co.kr/News/Read?newsId=02820806645608656&mediaCodeNo=257&utm_source=naver&utm_medium=referral&utm_campaign=news_syndication&utm_content=original_article,https://n.news.naver.com/mnews/article/018/0006378249?sid=105
연세대학교,헤럴드경제,"장기 민간임대주택 ‘이대역 마포 프론티어’, 2차 임차인 모집","교육시설로는 인근에 초·중·고등학교가 있으며 이화여자대학교와 서강대학교, 연세대학교, 홍익대학교 등 대학이 자리하고 있다. 주변 지역에서는 교통 및 도시정비 관련 사업도 추진되고 있다. 새절역과...",2026-10-01 09:01,https://biz.heraldcorp.com/article/10881845?ref=naver,https://n.news.naver.com/mnews/article/016/0002704060?sid=101
고려대학교,서울신문,"은평구, AI로 되살린 고려 건축…‘성불사 극락전’ 야외전시","서울 은평구는 다음 달 1일까지 은평역사한옥박물관에서 ‘디지털로 되살린 고려 건축: 황해도 성불사... 고려대 건축문화유산연구실과 AI·디지털 기술 기업 위즈코어, 전통 한옥 전문업체 단한옥이 참여했으며 제작과...",2026-10-01 09:01,https://www.seoul.co.kr/news/publicnews/2026/09/30/20260930500207?wlog_tag3=naver,https://n.news.naver.com/mnews/article/081/0003685077?sid=100
서울대학교,매일일보,"대구시·경북도, 민주당에 국비·행정통합 지원 요청","이와 함께 서울대 10개 만들기 확대와 대구국가산업단지 공공폐수처리시설 증설, 대구권 광역철도 예비차량 구매, 국립뮤지컬콤플렉스 조성 등 10개 국비사업의 예산 반영을 요청했다. 경북도는 행정통합과 통합신공항...",2026-10-01 09:00,https://www.m-i.kr/news/articleView.html?idxno=2001490,https://www.m-i.kr/news/articleView.html?idxno=2001490
연세대학교,SBS,"콩쿠르 도중 건반에 피가? '포핸즈' 그 장면, 실제로 겪었다ㅣ피아니스...","커튼콜 331회는 피아니스트이자 작곡가이며, '밀회'를 시작으로 네 편의 드라마에 출연했던 박종훈 연세대 교수와 함께합니다. 실제로 포핸즈 연주를 즐겨 하는 피아니스트의 시선으로 드라마 '포핸즈...",2026-10-01 09:00,https://news.sbs.co.kr/news/endPage.do?news_id=N1008775652&plink=ORI&cooper=NAVER,https://n.news.naver.com/mnews/article/055/0001392329?sid=103
연세대학교,WOODKOREA,"자이S&D, 지하철 2·5호선 충정로역 직통 연결된 '충정로역자이르네' 10...","인근에는 연세대, 이화여대, 서강대, 홍익대 등 국내 주요 명문 대학교도 밀집해 있다. 단지는 우수한 미래가치도 품고 있다. 인근의 서울역센트럴자이, 공덕자이, 마포자이 더 센트리지, 마포프레스티지자이 등의...",2026-10-01 09:00,https://www.woodkorea.co.kr/news/articleView.html?idxno=91602,https://www.woodkorea.co.kr/news/articleView.html?idxno=91602
연세대학교,뉴데일리경제,"고즈넉한 궁궐 속 문학 이야기 … 정독도서관, 12일 창덕궁서 은희경 작...","은희경 작가는 숙명여대 국어국문학과와 연세대 대학원 국어국문학과를 졸업했다. 장편소설 ‘새의 선물’ ‘마지막 춤은 나와 함께’ ‘빛의 과거’ 등을 펴냈다. 문학동네소설상, 이상문학상, 한국일보문학상...",2026-10-01 09:00,https://biz.newdaily.co.kr/site/data/html/2026/10/01/2026100100006.html,https://biz.newdaily.co.kr/site/data/html/2026/10/01/2026100100006.html
고려대학교,머니투데이,"SCL사이언스, '이노씰 플러스 DL' 서남권 빅3 대학병원 치료재료 코드 등...","SCL사이언스는 복수의 대학병원에서 공급 기반을 확보함에 따라 제품 인지도와 의료진 접점을 확대하고, 지혈제 사업의 매출 성장을 본격화한다는 방침이다. SCL사이언스 관계자는 ""고려대 구로병원과 이대서울병원...",2026-10-01 09:00,https://www.mt.co.kr/stock/2026/10/01/2026100108553078445,https://n.news.naver.com/mnews/article/008/0005420743?sid=101
서울대학교,뉴스펭귄,화석연료로 데이터센터 돌리려는 대기업,"홍종호 서울대 환경대학원 교수는 ""AI 데이터센터에 필요한 전력 공급이 LNG와 석탄 등 화석연료 중심으로 논의가 이루어지고 있는 것은 우려스러운 일""이라며 ""2050 탄소중립 경로와 2035 NDC, 2040 탈석탄 목표에 비춰볼 때...",2026-10-01 09:00,https://www.newspenguin.com/news/articleView.html?idxno=22247,https://www.newspenguin.com/news/articleView.html?idxno=22247
서울대학교,조선일보,[유성룡의 입시포인트] 2027년도 9월 수능 모의평가 채점 결과 분석,또 다른 관심사는 서울대를 제외한 대다수 대학의 자연계 모집단위에서 정시 모집 수능시험 반영에 있어서 수학 영역 ‘미적분/기하’와 탐구 영역 ‘과학탐구’ 필수 반영을 폐지하고 수학 영역...,2026-10-01 09:00,https://edu.chosun.com/site/data/html_dir/2026/09/30/2026093080059.html,https://edu.chosun.com/site/data/html_dir/2026/09/30/2026093080059.html
연세대학교,이뉴스투데이,"영월 주민이 만든 마을 서체, 한글날 100주년 맞아 전시","특히 이날 연세대학교 박물관의 한글날 제정 100주년 특별순회전 '우리말, 한글, 영월'과 공동 개막식을 열고 주민 창작 서체와 한글 관련 자료를 선보인다. 전시는 진달래장 1층 할머니다방에서 매일 오전 10시부터 오후...",2026-10-01 08:54,http://www.enewstoday.co.kr/news/articleView.html?idxno=2475933,http://www.enewstoday.co.kr/news/articleView.html?idxno=2475933
서울대학교,뉴스로드,"휴메딕스, 창상피복재 '아르케' 임상 근거 구축 시동…국내 의료진 18인...","분당서울대학교병원 성형외과 김종호 교수, 와이퀸산부인과 김지연 원장, 성소병원 박민재 원장... 경북대학교병원 피부과 김진호 교수 등 총 14명이 참석한다. 회의에서는 좌장을 맡은 대구 브이성형외과 최원석...",2026-10-01 08:50,http://www.newsroad.co.kr/news/articleView.html?idxno=65090,http://www.newsroad.co.kr/news/articleView.html?idxno=65090
연세대학교,메트로신문,"부산시교육청, 초등 관리자 장학 역량 강화 연수 개최",첫날에는 김영훈 연세대 교수가 '노력과 재능을 대하는 태도'를 주제로 강연한다. 김영훈 교수는 획일적인 비교의 문화에서 개개인의 다름을 존중하는 고유성의 문화로의 전환을 다룰 예정이다. 특강 뒤에는 학교 현안을...,2026-10-01 08:46,http://www.metroseoul.co.kr/article/20260930500577,http://www.metroseoul.co.kr/article/20260930500577
서울대학교,NEWSTOWN,"나이벡, MDR 인증 재생 바이오소재 앞세워 유럽 시장 확대","포럼에는 서울대학교 치의학대학원 김성태·조영단 교수와 포르투갈 포르투대학교 치의학부 리카르도 파리아 알메이다(Ricardo Faria Almeida) 교수, 임플란트 임상·연구 전문가 곤살로 카라메스(Gonçalo Caramês)...",2026-10-01 08:45,http://www.newstown.co.kr/news/articleView.html?idxno=717389,http://www.newstown.co.kr/news/articleView.html?idxno=717389
서울대학교,브레이크뉴스,"전남광주특별시, 초대 산업경제부시장에 강명수 전 한국표준협회장 임...",이후 서울대학교 행정학 석사 및 미국 미주리대학교 경제학 박사 학위를 취득하며 독보적인 정책·경제적 학문 기반을 다졌다. 제35회 행정고시를 통해 공직에...,2026-10-01 08:44,http://www.breaknews.com/1240263,http://www.breaknews.com/1240263
서울대학교,아주경제,[곽재원의 Now&Future] 풍요로운 기술… 불안한 인간,"필자 이력 ▷전 중앙일보 경제부국장, 도쿄특파원 ▷전 서울대 공과대학 초빙교수 ▷전 한양대 기술경영학 석좌교수 ▷전 경기도 경기과학기술진흥원 원장 ▷현 광주과기원 AI정책전략대학원 특임 교수, 가천대 초빙교수...",2026-10-01 08:42,https://www.ajunews.com/view/20260930150925783,https://www.ajunews.com/view/20260930150925783
연세대학교,e대한경제,"연세대 법무대학원, ‘중대재해처벌법 전문가과정’ 6기 입학식 성료",연세대 법무대학원(원장 김홍기)은 9월30일 서울 서대문구 연세대 광복관 별관 국제회의장에서 ‘2026년 후기 중대재해처벌법 전문가 과정’ 입학식을 개최했다. 이 과정은 기업 경영과 현장 안전을 도모하는 전문가...,2026-10-01 08:40,https://www.dnews.co.kr/uhtml/view.jsp?idxno=202610010838066470043,https://www.dnews.co.kr/uhtml/view.jsp?idxno=202610010838066470043
연세대학교,점프볼,"얼리 대신 졸업 선택한 중앙대 서지우, “1년 뒤 더 좋은 평가 받고 도전...","시, 대학농구리그 원년인 2010년 이후 16년 만에 정규리그 우승을 차지한다. 남은 2경기 중 1승만 더해도 자력으로 우승을 확정짓는 상황. 하나, 중앙대 선수단은 동국대 전은 물론 오는 6일 홈에서 열리는 연세대와의...",2026-10-01 08:33,https://m.sports.naver.com/basketball/article/065/0000302180,https://m.sports.naver.com/basketball/article/065/0000302180
연세대학교,시사저널,[청양 24시] 청양 백제문화체험박물관 개관 10주년…유물 발굴·전통문화...,"안전점검 연세대 행정학과 학생들, 청양서 '통합돌봄' 현장 배운다 청양군 백제문화체험박물관이 개관... ◇ 연세대 행정학과 학생들, 청양서 '통합돌봄' 현장 배운다 연세대학교 행정학과 학생들이 청양군을 찾아...",2026-10-01 08:28,https://www.sisajournal.com/news/articleView.html?idxno=388710,https://n.news.naver.com/mnews/article/586/0000139187?sid=102
서울대학교,뉴스엔,"‘연애전쟁’ 성대 신세경, 조작 의혹 일축 “제작진이 붙인 별명, 일반...",한편 지난 8월 31일 방송된 '연애전쟁' 10회에서는 서울대 의대 박사 과정 이성준과 '성대 신세경' 김예리 커플이 출연했다. 이날 두 사람은 깊은 고민 끝에 방송 최초로 이별을 선택해 관심을 모았다.,2026-10-01 08:27,https://www.newsen.com/news_view.php?uid=202610010810170310,https://m.entertain.naver.com/article/609/0001174162
서울대학교,파이낸셜뉴스,"조희대 ""절대 조문 오지 말라""더니…부친상 조의금 봉투째 다 돌려줬다","지난달 30일 중앙일보에 따르면 이 사실은 조 대법원장의 서울대 법대·사법연수원 동기인 안홍렬 변호사(사법연수원 13기)가 서울대 법대 전체 대화방에 올린 글을 통해 알려졌다. 안 변호사는 ""장례를 치른 후 대법원의...",2026-10-01 08:27,https://www.fnnews.com/news/202610010818308389,https://n.news.naver.com/mnews/article/014/0005583360?sid=102
고려대학교,TV조선,"내년 4월부터 은행 30분 늦게 문 연다…금융 소비자 ""점심때 붐비는데 ...","김동헌 / 고려대 경제학과 교수 ""보조적으로 할 수 있는 특별한 지점들은 열어놔야 할 것 같은데요. (주식·외환 거래 등) 다른 금융 영역에서는 시간에 제약 없이 금융 거래를 하는 상황이기 때문에 역행하는 측면이...",2026-10-01 08:26,https://news.tvchosun.com/site/data/html_dir/2026/10/01/2026100190040.html,https://n.news.naver.com/mnews/article/448/0000642393?sid=101
서울대학교,문화일보,"성북구, 가을밤 수놓을 ‘둠칫둠칫 라이브’ 개최",서울 성북구가 오는 10일 개운산 운동장 특설무대에서 2026 가을음악회 ‘둠칫둠칫 라이브’를 개최한다고... 국민대학교와 성신여자대학교 연주자들로 구성된 현악 트리오 ‘아인클랑’과 한국예술종합학교·서울대학교...,2026-10-01 08:25,https://www.munhwa.com/article/11620705?ref=naver,https://n.news.naver.com/mnews/article/021/0002822376?sid=102
연세대학교,이뉴스투데이,"서울서 빛난 세계 청년 창업 아이디어, '2026 국제 유스 창업 올림피아...","결선 심사에는 지지 왕 UC 버클리 공과대학 교수와 전유정 연세대 교수, 알렉씨오스 곳소포울로스 성균관대 SKK GSB 부교수, 니디 아그라왈 한글과자 공동대표, 칼 하트레인 세인트클레어 대표 겸 한국 아일랜드...",2026-10-01 08:25,http://www.enewstoday.co.kr/news/articleView.html?idxno=2475900,http://www.enewstoday.co.kr/news/articleView.html?idxno=2475900
연세대학교,SK브로드밴드,창업부터 성장까지 지원… 'K-바이오 랩허브' 착공,"인천경제청은 연세대 국제캠퍼스에서'K-바이오 랩허브' 착공식을 열고, 본격적인 공사에 들어갔습니다. 'K-바이오 랩허브' 는 바이오 창업 지원 거점으로, 총 사업비 2천 240억 원이 투입됩니다. 오는 2029년 1월 준공될...",2026-10-01 08:24,https://news.skbroadband.com/news/articleView.html?idxno=239091,https://news.skbroadband.com/news/articleView.html?idxno=239091
서울대학교,여성소비자신문,"세종대, 고올레산 콩 계통 개발...'2026 세종국제음악제' 성료...'제8회 ...","세종대학교 총장상은 이윤서(대전상원초ㆍ5), 이효민(부산예고ㆍ2), 유지호(서울대ㆍ3) 학생이 받았다.... 1일 서울 광진구 세종대 광개토관 컨벤션홀에서 '제8회 ISF(International Student Futures) HE Korea 2026 Fall'를 연다....",2026-10-01 08:22,http://www.wsobi.com/news/articleView.html?idxno=319024,http://www.wsobi.com/news/articleView.html?idxno=319024
서울대학교,인터뷰365,[김지수 시인의 좋은 시 365] 김주혜 작가의 소설 '작은 땅의 야수들' 중...,"아홉 살에 미국으로 건너가 프린스턴대학교에서 미술사를 전공했으며, 친환경 생활과 생태문학을 다루는... 이항 서울대학교 수의과대학 명예교수가 이사장으로 있는 한국범보전기금은 한국의 호랑이와 표범을...",2026-10-01 08:16,http://www.interview365.com/news/articleView.html?idxno=112156,http://www.interview365.com/news/articleView.html?idxno=112156
서울대학교,뉴시스,"서울대 신입생 강남, 부산 2.4배…수도권 68% '쏠림 심화'",올해 서울대 신입생 가운데 서울 강남구 소재 고교 출신이 부산 전체의 2.4배에 달하는 것으로 나타났다. 강남·서초·송파 등 '강남3구' 출신은 영남권 5개 시도 출신을 모두 합한 규모와 맞먹었다. 1일 국회...,2026-10-01 08:13,https://www.newsis.com/view/NISX20261001_0003809852,https://n.news.naver.com/mnews/article/003/0014225465?sid=102
서울대학교,슬로우뉴스,"중수청은 개문발차 아니라 개문주차, 트럭으로 사건 기록 실어날라야 할...",장용석(서울대 통일평화연구원 연구원)은 “물리적 충돌은 피하는 절제된 해법을 찾아야 한다”고... 김대환(서울시립대 교수)은 “임명권은 대법관으로 누구를 고를 수 있는 권한은 아니”라고 지적했다. “임명해야...,2026-10-01 08:08,https://slownews.kr/167228,https://slownews.kr/167228
고려대학교,슬로우뉴스,"중수청은 개문발차 아니라 개문주차, 트럭으로 사건 기록 실어날라야 할...","박균택(민주당 의원)은 “당내 반발만 너무 고려하다가 국정이 망가지는 모습은 참 걱정스럽다”고 말했다.... 권혁(고려대 교수)은 “고용 정책이 청년, 노인 중심이어서 가족 부양 부담이 가장 큰 중년층은 오히려...",2026-10-01 08:08,https://slownews.kr/167228,https://slownews.kr/167228
연세대학교,딜사이트,에이블리-셀리맥스 연쇄 창업가 배인환…VC 설립,연세대 출신인 강 대표는 서울대·고려대·연세대·KAIST 연합 경영전략학회에서 배 대표와 인연을 맺어 에이블리를 공동창업해 유니콘 기업으로 키웠다. 배 대표의 또 다른 창업회사인 앱솔브랩은 어성초 바하...,2026-10-01 08:06,https://dealsite.co.kr/articles/169813,https://dealsite.co.kr/articles/169813
서울대학교,딜사이트,에이블리-셀리맥스 연쇄 창업가 배인환…VC 설립,서울대 경영학과를 졸업한 배인환 대표는 2012년 성형·시술 정보 플랫폼 바비톡을 시작으로 미팩토리... 연세대 출신인 강 대표는 서울대·고려대·연세대·KAIST 연합 경영전략학회에서 배 대표와 인연을 맺어 에이블리를...,2026-10-01 08:06,https://dealsite.co.kr/articles/169813,https://dealsite.co.kr/articles/169813
고려대학교,딜사이트,에이블리-셀리맥스 연쇄 창업가 배인환…VC 설립,연세대 출신인 강 대표는 서울대·고려대·연세대·KAIST 연합 경영전략학회에서 배 대표와 인연을 맺어 에이블리를 공동창업해 유니콘 기업으로 키웠다. 배 대표의 또 다른 창업회사인 앱솔브랩은 어성초 바하...,2026-10-01 08:06,https://dealsite.co.kr/articles/169813,https://dealsite.co.kr/articles/169813
서울대학교,라이센스뉴스,은행도 '아트테크'에 눈 돌렸다…iM뱅크가 주목한 '그림 투자',전통적인 미술품 유통시장은 서울옥션과 케이옥션이 주요 경매사로 자리 잡고 있다. 여기에 최근에는... 파라다이스문화재단과 서울대 경영연구소가 국내 주요 갤러리 관계자 설문과 전문가 자문을 거쳐 발표한 '코리아...,2026-10-01 08:00,https://www.lcnews.co.kr/news/articleView.html?idxno=209049,https://www.lcnews.co.kr/news/articleView.html?idxno=209049
고려대학교,이뉴스투데이,'2026 정기 연고전' 10월 2~3일 잠실·목동에서 개최,"정기 고려대학교·연세대학교 친선경기대회'를 개최한다. 고려대와 연세대는 정기전을 통해 오랜 시간... 대표적인 대학 스포츠 축제다. 양교 총학생회는 본 경기를 전후해 전야제, 헌혈 정기전 등 다양한 행사를 통해...",2026-10-01 08:00,http://www.enewstoday.co.kr/news/articleView.html?idxno=2475873,http://www.enewstoday.co.kr/news/articleView.html?idxno=2475873
고려대학교,뉴스1,월례포럼 '건강도시와 샬롬시티'…조무성 고려대 명예교수 발표,월례포럼에서는 글로컬건강도시연구원장을 맡고 있는 조무성 고려대 명예교수가 발표했다. 조 교수는 시민의 건강을 위해 도시부터 건강해야 한다고 강조했다. 쾌적한 환경이나 좋은 인간관계에 그치지 않고 하나님의...,2026-10-01 08:00,https://www.news1.kr/life-culture/religion/6306768,https://n.news.naver.com/mnews/article/421/0009202186?sid=103
서울대학교,퀸,[여성 칼럼] 훌륭한 남성 옆에는 훌륭한 파트너가 있다,여성의 우수함을 매일 체감하며 세상을 바꾸다 지난주 갑자기 서울대 생활과학대학장을 지내신 고(故) 황인경 교수님의 부고 소식을 들었다. 갑작스럽고 안타까운 소식이었다. 그동안 편찮으시다는 소식을 접하지...,2026-10-01 08:00,http://www.queen.co.kr/news/articleView.html?idxno=463676,http://www.queen.co.kr/news/articleView.html?idxno=463676
서울대학교,서울이코노미뉴스,AI와 함께 하는 유리알 유희,"kr) ▷서울대학교 컴퓨터공학과 졸업, 대학원 공학박사 ▷한국전자통신연구원 연구원, 국가교육과학기술자문회의 전문위원 ▷한국정보과학회 부회장, 한국소프트웨어감정평가학회 회장 ▷이화여자대학교...",2026-10-01 08:00,http://www.seouleconews.com/news/articleView.html?idxno=94015,http://www.seouleconews.com/news/articleView.html?idxno=94015
서울대학교,아주경제,"""AI가 바이오산업 바꾼다""… 세계 바이오 석학 4인 제주 집결","기조강연에는 미국 일리노이대(UIUC)의 후이민 자오(Huimin Zhao) 교수, 일본 도쿄대의 쇼지 타케우치(Shoji Takeuchi) 교수, 미국 매사추세츠공대(MIT)의 그레고리 스테파노풀로스(Gregory Stephanopoulos) 교수, 서울대 석차옥...",2026-10-01 08:00,https://www.ajunews.com/view/20261001074956015,https://www.ajunews.com/view/20261001074956015
연세대학교,이뉴스투데이,'2026 정기 연고전' 10월 2~3일 잠실·목동에서 개최,"고려대학교·연세대학교 친선경기대회'를 개최한다. 고려대와 연세대는 정기전을 통해 오랜 시간 이어온... 대표적인 대학 스포츠 축제다. 양교 총학생회는 본 경기를 전후해 전야제, 헌혈 정기전 등 다양한 행사를...",2026-10-01 08:00,http://www.enewstoday.co.kr/news/articleView.html?idxno=2475873,http://www.enewstoday.co.kr/news/articleView.html?idxno=2475873
연세대학교,IT비즈뉴스,K-바이오랩허브 착공…바이오 스타트업 혁신 거점 '첫삽',송도 연세대학교 국제캠퍼스에서 착공식을 가졌다. K-바이오 랩허브는 미국 보스턴의 바이오 스타트업 지원... 연세대는 구축부지를 제공해 연구와 산학 협력의 기반을 마련하고 인천시는 건축비를 부담해 바이오...,2026-10-01 08:00,https://www.itbiznews.com/news/articleView.html?idxno=226788,https://www.itbiznews.com/news/articleView.html?idxno=226788
서울대학교,경향신문,"대미투자 1호, 상업적 합리성 어떻게 챙겼나 “원리금 회수까지 수익배...",국제통상 전문가인 이재민 서울대 법학전문대학원 교수는 “‘두 배를 벌 수 있다’는 결론이 나오기까지 어떤 데이터를 토대로 어떻게 계산했는지를 알아야 정확한 평가가 가능하다”며 “지금 이를 공개해야 한다는...,2026-10-01 07:58,https://www.khan.co.kr/article/202610010758001,https://n.news.naver.com/mnews/article/032/0003473579?sid=101
서울대학교,컨슈머타임스,"코트라, 日 규슈서 '한·일 반도체 매칭 데이' 개최…K-소부장 수출 판로...","이들 참가사는 서울대학교 시스템반도체산업진흥센터(SIPC), 한국나노융합산업협회, 코트라 3자 합동 심사를 거쳐 엄선됐다. 한국 기업들과 테이블을 마주하는 일본 측 참여사는 종합상사와 벤더, 반도체 전문사 등...",2026-10-01 07:56,https://www.cstimes.com/news/articleView.html?idxno=722493,https://www.cstimes.com/news/articleView.html?idxno=722493
연세대학교,베리타스알파,[단독] [2027정시] '사탐런 역풍 맞은 과탐' 가산점 부여 대학 '주목'.. ...,현재 자연계열을 지망하는 과탐 선택자가 정시에서 그나마 유리한 위치를 점할 수 있는 돌파구는 대학의... 과탐 필수 24곳 가운데 가천대 강원대 건국대(글로컬) 건양대 계명대 고신대 대구가톨릭대 연세대(미래)...,2026-10-01 07:52,https://www.veritas-a.com/news/articleView.html?idxno=630061,https://www.veritas-a.com/news/articleView.html?idxno=630061
서울대학교,베리타스알파,[단독] [2027정시] '사탐런 역풍 맞은 과탐' 가산점 부여 대학 '주목'.. ...,"2027학년 정시 기준 주요22개대 중 자연계열 전 모집단위에 과탐 응시를 필수로 지정한 곳은 서울대가... 의약계열은 상당수가 과탐 응시를 필수 조건으로 두고 있지만, 서울대를 제외한 대부분 대학은 자연계열에 과탐...",2026-10-01 07:52,https://www.veritas-a.com/news/articleView.html?idxno=630061,https://www.veritas-a.com/news/articleView.html?idxno=630061
서울대학교,리얼캐스트,"NH투자증권, THE100리포트 134호 발간 外",두나무는 지난 29일 서울 광진구 그랜드 워커힐 서울에서 열린 '업비트 인스티튜셔널 서밋(Upbit Institutional... 이종섭 서울대학교 경영대학 교수를 좌장으로 최원석 두나무 해외사업총괄(Chief Global Business Officer)...,2026-10-01 07:50,https://www.rcast.co.kr/news/articleView.html?idxno=31742,https://www.rcast.co.kr/news/articleView.html?idxno=31742
서울대학교,아시아경제,"서울대생이 줄 서서 기다린 이 박람회…""대기업보다 좋아요""[르포]","""예전에는 대기업만을 추구했다면 지금은 스타트업도 하나의 취업 옵션으로 자리 잡은 것 같습니다"""" 30일 서울 관악구 서울대 38동 글로벌공학교육센터에서 열린 '2026 서울대X퓨처플레이 딥테크 인재채용 박람회'에서...",2026-10-01 07:49,https://view.asiae.co.kr/article/2026100107414116067,https://n.news.naver.com/mnews/article/277/0005823112?sid=101
서울대학교,오마이뉴스,"[손병관의 뉴스프레소] '암살자(들)' 감독 ""박정희 배후설을 전제로 만...","허창덕 영남대 사회학과 교수는 서울신문에 ""창작자에게 표현의 자유는 널리 보장돼야 하지만, 사회가... 반면, 이준웅 서울대 언론정보학과 교수는 경향신문에 ""역사 영화는 어디까지가 사실일까 관객들이 질문하게...",2026-10-01 07:46,https://www.ohmynews.com/NWS_Web/View/at_pg.aspx?CNTN_CD=A0003271737&CMPT_CD=P0010&utm_source=naver&utm_medium=newsearch&utm_campaign=naver_news,https://n.news.naver.com/mnews/article/047/0002530819?sid=102
고려대학교,TJMBC,'대학도 AI 중심 재편' 건양대 등 과기부 AI중심대학 선정,"건양대, 고려대 세종캠퍼스, 목원대, 순천향대가, 과학기술정보 통신부가 신설한 AI중심대학에... 통해 대학 교육체계를 AI 중심으로 재편합니다. 순천향대는 AI 기술과 산업·도메인 지식을 결합한 AI융합인재 양성을...",2026-10-01 07:45,https://tjmbc.co.kr/NewsArticle/865092,https://tjmbc.co.kr/NewsArticle/865092
고려대학교,포인트데일리,"경기도교육청, AI 시대 미래교육 화두로 '인성과 관계' 꺼냈다","이날 강연자로 나선 조벽 고려대학교 석좌교수는 'AI 시대, 기술을 넘어 사람을 잇는 인성과 관계의 힘'을 주제로 미래교육에서 인간관계와 인성이 갖는 의미를 강조했다. 조 교수는 HD행복연구소 공동소장이자...",2026-10-01 07:42,https://www.pointdaily.co.kr/news/articleView.html?idxno=320933,https://www.pointdaily.co.kr/news/articleView.html?idxno=320933
연세대학교,딜사이트TV,"[IT 투데이] 한국인공지능게임협회, 지스타 팝업 참가기업 모집 外","◆네이버, 스마트스토어 10년의 발자취 담은 보고서 발간 네이버가 서울대학교 유병준 교수 및 연세대학교 최보름 교수 연구팀과 공동 연구한 D-커머스 리포트 2026: 스마트스토어 10년 진화 경로 보고서를 발간했다고...",2026-10-01 07:38,https://news.dealsitetv.com/articles/176521,https://news.dealsitetv.com/articles/176521
서울대학교,딜사이트TV,"[IT 투데이] 한국인공지능게임협회, 지스타 팝업 참가기업 모집 外","◆네이버, 스마트스토어 10년의 발자취 담은 보고서 발간 네이버가 서울대학교 유병준 교수 및 연세대학교 최보름 교수 연구팀과 공동 연구한 D-커머스 리포트 2026: 스마트스토어 10년 진화 경로 보고서를 발간했다고...",2026-10-01 07:38,https://news.dealsitetv.com/articles/176521,https://news.dealsitetv.com/articles/176521
고려대학교,공무원수험신문,"자율주행·배달로봇·AI 안경, 개인정보는 어떻게 지킬까…‘개인정보 ...","홍조근정훈장은 최대선 숭실대학교 교수가 받았다. 최 교수는 인공지능 프라이버시 민관정책협의회... 대통령 표창은 안정민 한림대 교수, 이준상 법무법인 최선 변호사, 이상근 고려대 교수, 서준범 울산대 교수가...",2026-10-01 07:36,https://www.gosiweek.com/article/1065565630118749,https://www.gosiweek.com/article/1065565630118749
서울대학교,매일경제,‘싫어증’ 고객 어떻게 잡냐고요?…일단 출시해보고 고쳐쓰면 됩니다,김난도 서울대 소비자학과 명예교수는 “사람들은 권태로워지면 무언가를 구매하고 바꾼다”고 말했다.... 30일 신간 출간을 앞두고 최근 서울 관악구 트렌드코리아컴퍼니에서 만난 김 교수는 처음부터 권태사회를 첫...,2026-10-01 07:35,https://www.mk.co.kr/article/12165547,https://n.news.naver.com/mnews/article/009/0005742359?sid=102
서울대학교,조선일보,‘치과’에서 보톡스 맞았다… 피부 레이저도 괜찮을까?,"서울대치과병원 구강내과 정진우 교수는 ""보톡스 시술 전에는 턱이 각져 보이는 주된 원인이 실제로 교근의 비대에 의한 것인지, 골격이나 다른 연조직의 영향이 큰지를 먼저 평가하는 것이 중요하다""고 말했다. 치과에서는...",2026-10-01 07:31,https://health.chosun.com/site/data/html_dir/2026/09/30/2026093004519.html,https://n.news.naver.com/mnews/article/346/0000116764?sid=103
서울대학교,시사오늘,1962 경제개발계획의 명암 [연도별 정치사],그 가운데 1962년 6월 서울대 문리대 학생들은 한미행정협정 체결을 촉구하는 시위에 나섰다. 12월에는... 전경련 상근부회장을 지낸 김입삼은 1999년 서울신문>과의 인터뷰에서 표지와 총론 일부 말고는 장면 정부의 것과...,2026-10-01 07:30,https://www.sisaon.co.kr/news/articleView.html?idxno=204757,https://www.sisaon.co.kr/news/articleView.html?idxno=204757
서울대학교,아시아경제,[단독]위기의 대학생…전문대생 위기지표 2년 새 6배↑,전문대 자살시도율 2년 새 6.7배 늘어 1일 아시아경제가 성균관대학교 외상심리건강연구소에 의뢰해... 앞서 아시아경제 취재 결과 서울대에서도 자살예방상담전화 '스누콜' 이용 건수가 2020년 914건에서 지난해...,2026-10-01 07:30,https://view.asiae.co.kr/article/2026092811134759625,https://n.news.naver.com/mnews/article/277/0005823100?sid=102
서울대학교,공무원수험신문,"잘못 빠진 고속도로, 15분 안에 돌아오면 통행료 면제…가명정보 분석이...",개인정보보호위원회는 30일 서울 EL타워에서 ‘2026 가명정보 활용 경진대회’ 시상식을 열고 우수사례... 보건복지부 장관상은 국립산림과학원·서울대·경상국립대·한국임업진흥원이 함께 수행한 등산활동과...,2026-10-01 07:26,https://www.gosiweek.com/article/1065565250767153,https://www.gosiweek.com/article/1065565250767153
연세대학교,헤모필리아라이프,"서울경제진흥원, 세계 32개국 청년 혁신가 한자리에 모은 창업 올림피아...","지지 왕(Gigi Wang) UC 버클리 공과대학 교수를 비롯해 전유정 연세대학교 교수, 알렉씨오스 곳소포울로스(Aleksios Gotsopoulos) 성균관대 SKK GSB 부교수, 니디 아그라왈(Nidhi Agrawal) 한글과자 공동대표, 칼 하트레인(Carl...",2026-10-01 07:20,https://www.hemophilia.co.kr/news/articleView.html?idxno=44817,https://www.hemophilia.co.kr/news/articleView.html?idxno=44817
고려대학교,e대한경제,"[스타트업 스토리] 의료서류는 모바일로, 영양제는 맞춤형으로…투비콘...","고려대 식품생명공학과 연구진과 영양제 연구·제품 생산 협업도 진행하고 있다. 주요 고객층은 20∼30대로, 이 가운데 20대 여성의 비중이 가장 높다. 구독 고객은 남은 영양제의 양에 따라 다음 배송일을 조정할 수 있다....",2026-10-01 07:20,https://www.dnews.co.kr/uhtml/view.jsp?idxno=202609301319081650924,https://www.dnews.co.kr/uhtml/view.jsp?idxno=202609301319081650924
고려대학교,뉴스웨이,암 찾는 AI 바뀌면 임상 근거는…갈레리 심사로 본 검증 조건[In Depth],"고려대 안암병원은 캔서파인드를 남성 8종, 여성 11종의 암을 대상으로 하는 검사로 안내한다. 암 신호를... 국내 기업이 이 기준을 사업화에 접목하려면 한국 고유의 검진 체계부터 고려해야 한다. 한국의...",2026-10-01 07:10,https://www.newsway.co.kr/news/view?ud=2026093010094241843,https://www.newsway.co.kr/news/view?ud=2026093010094241843
서울대학교,헤럴드경제,"더불어민주당·대구시·경북도, 예산정책협의회 개최","또 대구시는 서울대 10개 만들기 확대 추진, 대구국가산업단지 공공폐수처리시설 증설, 대구권 광역철도 예비차량 구매, 국립뮤지컬콤플렉스 조성 등 주요 국비사업의 필요성을 설명했다. 경북도는 9개 핵심 현안에 관심을...",2026-10-01 07:08,https://biz.heraldcorp.com/article/10889711?ref=naver,https://n.news.naver.com/mnews/article/016/0002704001?sid=102
서울대학교,세이프타임즈,[오늘의 주요일정·1일] 경찰청 전국 경찰 수사 지휘관 회의,"정부서울청사) ▲ 과기부, 에스토니아 교육연구부 장관 면담(11:15 과기자문회의) ▲ 과기부, 양자 연구현장 방문 및 산업 간담회(15:00 서울대학교) ▲ 류제명 과기정통부 2차관, 한국데이터인공지능법정책학회...",2026-10-01 07:06,https://www.safetimes.co.kr/news/articleView.html?idxno=246143,https://www.safetimes.co.kr/news/articleView.html?idxno=246143
연세대학교,조세일보,"[진단] 제각각 회계기준, '회계기본법'으로 통일되나",2025년 국제경영개발대학원(IMD) 국가경쟁력 평가에서 우리나라 회계투명성 순위는 69개국 중 60위에 그쳤다.... 다른 발표자인 박성진 연세대 교수는 회계기본법이 단순히 기준을 통일하는 데 그치지 않고 서로 다른 부문의...,2026-10-01 07:03,http://www.joseilbo.com/news/news_read.php?uid=576635&class=10&grp=,https://n.news.naver.com/mnews/article/123/0002391112?sid=101
서울대학교,더벨,"[더벨][현장 줌인] 퓨처플레이, 스타트업 채용 박람회로 '밸류업 지원' ...",30일 서울 관악구 서울대학교 글로벌공학교육센터에서 열린 ‘2026 서울대학교X퓨처플레이 딥테크 인재채용 박람회’ 모습. 사진= 퓨처플레이 제공 이번 박람회에는 ▲퓨리오사AI ▲디노티시아 ▲모빌린트...,2026-10-01 07:02,https://www.thebell.co.kr/free/content/ArticleView.asp?key=202609301612049880101073,https://www.thebell.co.kr/free/content/ArticleView.asp?key=202609301612049880101073
서울대학교,더벨,"[더벨][FLY ASIA 2026] 글로벌 딜메이킹 가교 역할, 1300건 밋업 목표",LP·VC 포럼에서는 손주은 메가스터디 회장과 이영민 서울대 교수(전 한국벤처투자 대표)가 각각 기조 연설과 강연을 진행한다. LP 30곳과 VC 70여명이 참여해 약 40건의 LP-VC 1대1 매칭이 진행될 예정이다. LP로는...,2026-10-01 07:02,https://www.thebell.co.kr/free/content/ArticleView.asp?key=202609290706311000106146,https://www.thebell.co.kr/free/content/ArticleView.asp?key=202609290706311000106146
서울대학교,연합인포맥스,[오늘 재경부 등 경제부처 일정],(국회의원회관) ▲15:00 1차관 양자컴퓨팅 연구현장방문 및 산업 간담회(서울대학교) [방송미디어통신위원회] ▲09:00 부위원장 차관회의(서울) ▲14:00 부위원장 지역방송발전위원회(과천) (서울=연합인포맥스),2026-10-01 07:02,https://news.einfomax.co.kr/news/articleView.html?idxno=4437233,https://news.einfomax.co.kr/news/articleView.html?idxno=4437233
서울대학교,광주일보,[전영애의 ‘여백서원에서’] ‘바람 정원’에서 괴테 생일잔치를 열다,"자녀들의 애틋한 추모가 여기서는 만인의 기쁨이 되고 있는 것이다. 이런 지혜를 깨친 사람들의 소중한 마음이 어려 있어, 이 작은 숲은 내게 즐거운 사원(寺院) 같다. /전영애 서울대 독어독문학과 명예교수",2026-10-01 07:02,http://www.kwangju.co.kr/article.php?aid=1790805600803858066,http://www.kwangju.co.kr/article.php?aid=1790805600803858066
서울대학교,아이뉴스24,"유료방송 위기 해법은 규제 혁신…""20세기 방송 프레임 벗어나야""","""유료방송은 기간 미디어 플랫폼…20세기 방송 프레임 벗어나야"" 홍종윤 서울대 교수는 국내 방송 규제가 여전히 과거 매체별 규제 체계에 머물러 있다고 지적했다. 케이블TV와 위성방송, IPTV가 잇따라 등장하는 과정에서...",2026-10-01 07:02,http://www.inews24.com/view/2010639,https://n.news.naver.com/mnews/article/031/0001062562?sid=105
서울대학교,더벨,"[더벨][SKT 정재헌호 출범 1년] 위기 수습 탁월했던 구원투수, 사업 성과...",◇20년 법조인 생활 뒤 SK행…그룹 '핵심 요직' 거쳐 CEO로 정 대표는 1968년생으로 서울대학교 공법학과를 졸업했다. 사법연수원 29기로 2000년 서울중앙지방법원 판사를 시작으로 법조계에 발을 들였다. 이후 대법원...,2026-10-01 07:02,https://www.thebell.co.kr/free/content/ArticleView.asp?key=202609281843160320109133,https://www.thebell.co.kr/free/content/ArticleView.asp?key=202609281843160320109133
연세대학교,뉴시스,"""양자컴퓨터만 천억인데…랩허브 사업비 부족 우려""",""" 1일 관련업계에 따르면 이소영 중소벤처기업부 장관은 지난 30일 송도 연세대 국제캠퍼스에서 열린 'K... 인천 송도 연세대 국제캠퍼스에 착공해 오는 2028년 건물 완공을 목표로 한다. 시범사업에 참여 중인 8개사는...",2026-10-01 07:01,https://www.newsis.com/view/NISX20260930_0003809613,https://n.news.naver.com/mnews/article/003/0014225421?sid=101
연세대학교,연합뉴스,[우분투칼럼] 아프리카와 개발협력(17): 보릿고개를 이겨낸 말라위 창고...,"▲ 김영완 교수 현 서강대학교 정치외교학과 교수, 미 아이오와대학(University of Iowa) 정치학 박사, 미 캘리포니아주립대 샌디에이고(University of California San Diego) 개발협력 석사, 연세대학교 정치외교학과 학사, 한국연구재단...",2026-10-01 07:00,https://www.yna.co.kr/view/AKR20260922029800898?input=1195m,https://n.news.naver.com/mnews/article/001/0016348802?sid=101
연세대학교,FETV,"[HLB 변곡점] ②금융 출신 진양곤 의장, M&A로 구축한 왕국",1966년생인 진 의장은 원광대학교 법학과를 졸업하고 연세대학교에서 경제학 석사 과정을 밟았다. 이후 부산은행과 평화은행 등 금융권에서 근무했고 경영·자산관리 컨설팅과 M&A 분야로 활동 영역을 넓혔다. HLB와의...,2026-10-01 07:00,https://www.fetv.co.kr/news/articleView.html?idxno=310989,https://www.fetv.co.kr/news/articleView.html?idxno=310989
연세대학교,컨슈머타임스,"인천시·인천경제청, '송도 K-바이오 랩허브' 착공…2029년 1월 완공 목...","출발""이라며 ""연세대학교는 우수한 연구성과가 창업과 산업의 혁신으로 이어지고, 궁극적으로 인류의 더 나은 삶을 만드는 가치로 확장될 수 있도록 대학의 연구 역량과 산·학·연·병 협력 기반을 적극 연결해...",2026-10-01 07:00,https://www.cstimes.com/news/articleView.html?idxno=722488,https://www.cstimes.com/news/articleView.html?idxno=722488
서울대학교,뉴스클레임,[CJ 인사 전망]② 40명 올린 뒤 대표까지 갔다… 젊은 리더·신사업 역할...,◇ 1989년생 장나윤·김수주… 식품·헬시라이프 맡았다 1989년생 장나윤 CJ제일제당 경영리더는 서울대 영어교육학과를 졸업하고 2013년 CJ그룹 공채로 입사했다. CJ제일제당에서 냉동 육가공·만두 마케팅과 치킨 GSP를...,2026-10-01 07:00,https://www.newsclaim.co.kr/news/articleView.html?idxno=3077000,https://www.newsclaim.co.kr/news/articleView.html?idxno=3077000
연세대학교,뉴스클레임,[CJ 인사 전망]② 40명 올린 뒤 대표까지 갔다… 젊은 리더·신사업 역할...,"1979년생 김지영은 연세대 정치외교학과를 졸업하고 제일기획 마케팅팀, CJ㈜ 마케팅팀, CJ ENM 브랜드마케팅팀장을 거쳤다. 현재 음악마케팅담당이다. CJ ENM은 올해 아티스트 활동과 음악 콘텐츠의 해외 유통을...",2026-10-01 07:00,https://www.newsclaim.co.kr/news/articleView.html?idxno=3077000,https://www.newsclaim.co.kr/news/articleView.html?idxno=3077000
고려대학교,비즈니스포스트,[Who Is ?] 구자균 LS일렉트릭 대표이사 회장,국민대학교 경영학과와 고려대학교 국제대학원에서 교수로 재직하다 LS산전에 부사장으로 들어왔다. 2008년 LS산전(현 LS일렉트릭) 대표이사 사장이 됐다. 원칙을 중시하면서도 부드러운 카리스마를 보여주고 있다....,2026-10-01 07:00,https://www.businesspost.co.kr/BP?command=article_view&num=447521,https://www.businesspost.co.kr/BP?command=article_view&num=447521
연세대학교,루키,"[26정기전] ""후반기 연세대는 다르다"" 뜨거운 여름 이후 달라진 독수리...",연세대학교와 고려대학교는 2일 잠실학생체육관에서 2026 정기 연고전 농구 경기를 치른다. 올해는 고려대가... 연세대 조동현 감독이 감독으로는 처음으로 정기전에 출전한다. 과거 프로에 입단하기 전 대학 선수로서...,2026-10-01 06:55,http://www.rookie.co.kr/news/articleView.html?idxno=127498,https://m.sports.naver.com/basketball/article/398/0000103099
고려대학교,루키,"[26정기전] ""후반기 연세대는 다르다"" 뜨거운 여름 이후 달라진 독수리...",연세대학교와 고려대학교는 2일 잠실학생체육관에서 2026 정기 연고전 농구 경기를 치른다. 올해는 고려대가... 과거 프로에 입단하기 전 대학 선수로서 정기전 코트를 밟았던 이력이 있지만 한 팀을 이끄는 사령탑이 갖는...,2026-10-01 06:55,http://www.rookie.co.kr/news/articleView.html?idxno=127498,https://m.sports.naver.com/basketball/article/398/0000103099
연세대학교,루키,"[26정기전] ""일단 선수들을 믿어야죠"" 사령탑으로 6번째 정기전... '승률...",고려대학교와 연세대학교는 2일 잠실학생체육관에서 2026 정기 연고전 농구 경기를 치른다. 올해는 고려대가 정기전을 주최하기에 정식 명칭은 연고전으로 칭한다. 해마다 찾아오는 대학 최고의 라이벌전이 돌아온다. 역대...,2026-10-01 06:50,http://www.rookie.co.kr/news/articleView.html?idxno=127490,https://m.sports.naver.com/basketball/article/398/0000103097
고려대학교,루키,"[26정기전] ""일단 선수들을 믿어야죠"" 사령탑으로 6번째 정기전... '승률...",해마다 찾아오는 대학 최고의 라이벌전이 돌아온다. 역대 상대 전적에서는 고려대가 25승 5무 23패로 근소하게 앞서지만 특별한 두 팀의 라이벌리를 고려하면 어느 팀의 승리도 쉽게 예측할 수 없다. 고려대는 최근 정기전...,2026-10-01 06:50,http://www.rookie.co.kr/news/articleView.html?idxno=127490,https://m.sports.naver.com/basketball/article/398/0000103097
서울대학교,에너지경제,[패트롤] 구미시-김천교육지원청-상주시-문경시-성주군-고령군,국립금오공과대학교 ECRC 동아리도 기술 콘텐츠를 선보인다. 가족 단위 관광객을 겨냥한 '키즈꿀맛존'은... 지난달 30일 문경시는 서울대학교병원 인재원 대강당에서 시 공직자와 문경관광공사 직원 등 100여 명을...,2026-10-01 06:50,https://www.ekn.kr/web/view.php?key=20261001025140766,https://www.ekn.kr/web/view.php?key=20261001025140766
연세대학교,에너지경제,[패트롤] 인천시-인천시의회-인천시교육청-인천경제청,발제를 맡은 세한대학교 박창호 교수는 인천 내항의 역사와 현황을 점검하며 젠트리피케이션 완화 대책과... 윤동섭 연세대학교 총장은 대학의 연구 역량과 산·학·연·병 협력 기반을 연계해 연구성과가 창업과 산업...,2026-10-01 06:48,https://www.ekn.kr/web/view.php?key=20261001021460845,https://www.ekn.kr/web/view.php?key=20261001021460845
연세대학교,루키,'호랑이 vs 독수리' 1년 중 가장 뜨거운 경기! '정기전 D-2' 양 팀의 주요...,"정기전에서 과연 고려대가 또 한 번 우위를 과시하며 승리 행진을 이어갈 수 있을지, 아니면 연세대가 반전의 시나리오를 작성하며 오랜만에 고려대전 승리를 챙길 수 있을지 지켜볼 일이다. 사진 = 대학농구연맹 제공",2026-10-01 06:45,http://www.rookie.co.kr/news/articleView.html?idxno=127494,https://m.sports.naver.com/basketball/article/398/0000103095
고려대학교,루키,'호랑이 vs 독수리' 1년 중 가장 뜨거운 경기! '정기전 D-2' 양 팀의 주요...,"정기전에서 과연 고려대가 또 한 번 우위를 과시하며 승리 행진을 이어갈 수 있을지, 아니면 연세대가 반전의 시나리오를 작성하며 오랜만에 고려대전 승리를 챙길 수 있을지 지켜볼 일이다. 사진 = 대학농구연맹 제공",2026-10-01 06:45,http://www.rookie.co.kr/news/articleView.html?idxno=127494,https://m.sports.naver.com/basketball/article/398/0000103095
연세대학교,루키,"남대부 중앙대 정규리그 우승 '매직넘버1', 여대부 단국대는 전승 우승...",2026 KUSF 대학농구 U-리그가 막바지로 향해가고 있다. 남대부는 대부분의 팀들이 18경기에서 많게는... 1위 중앙대는 동국대와 연세대와의 일전을 앞두고 있다. 이들 중 한 팀이라도 잡을 시 중앙대는 자력으로 우승에...,2026-10-01 06:40,http://www.rookie.co.kr/news/articleView.html?idxno=127493,https://m.sports.naver.com/basketball/article/398/0000103094
고려대학교,루키,"남대부 중앙대 정규리그 우승 '매직넘버1', 여대부 단국대는 전승 우승...","2026 KUSF 대학농구 U-리그가 막바지로 향해가고 있다. 남대부는 대부분의 팀들이 18경기에서 많게는... 3위권인 경희대와 고려대는 15승 4패를 기록, 정규리그 1위와는 멀어진 상황이다. 다가올 플레이오프에서의 반격을...",2026-10-01 06:40,http://www.rookie.co.kr/news/articleView.html?idxno=127493,https://m.sports.naver.com/basketball/article/398/0000103094
서울대학교,매일노동뉴스,"박승흡 이사장 ""비정규직 고용·산재보험 확대""","박 이사장은 춘천고와 서울대 국어교육학과를 졸업하고, 숭실대에서 노동경제학 석사학위를 취득했다. 1999년 한국비정규노동센터를 설립했으며, 국가인권위원회 차별금지법제정 추진위원, 매일노동뉴스 대표이사, 서울...",2026-10-01 06:34,https://www.labortoday.co.kr/news/articleView.html?idxno=237033,https://www.labortoday.co.kr/news/articleView.html?idxno=237033
고려대학교,매일노동뉴스,"[K-양극화 막을 노동정책 ①] 사회적 대화, 1과 0 사이 그리고 그 너머",5명의 전문가가 양극화 해소를 위해 지금 필요한 노동정책을 제시하는 글을 보내왔다. 박성국 고려대 노동문제연구소 상임연구위원 한국 노정관계가 다시 한번 역사적 갈림길에 섰다. 7일 민주노총은...,2026-10-01 06:34,https://www.labortoday.co.kr/news/articleView.html?idxno=237028,https://www.labortoday.co.kr/news/articleView.html?idxno=237028
서울대학교,뉴스1,"고령자 건강 돌봄, '보건복지 시스템 AI'가 필요하다[김현정의 준비된 ...","필자는 서울대 의대를 졸업한 뒤 미국 하버드대에서 뇌신경과학 분야를 연구한 학자이자 대한디지털헬스학회 이사장으로 의료계와 학회에서 다양한 활동을 펼쳐왔습니다. 의학과 치의학의 경계, 장애인 치과, 지역사회...",2026-10-01 06:30,https://www.news1.kr/bio/healthcare/6306697,https://n.news.naver.com/mnews/article/421/0009202104?sid=103
연세대학교,히트뉴스,"""80대도 수술하는 시대... 노년암 진료, 나이보다 기능 봐야""","30일 서울대학교병원 이건희홀에서 열린 제84회 암정복포럼 '초고령사회와 노년암환자 진료의 새로운... '수술할 수 있나'에서 '치료 후 어떻게 살까'로 (왼쪽부터)김익용 연세대 원주의대 외과 교수, 이은주 울산의대 내과...",2026-10-01 06:12,https://www.hitnews.co.kr/news/articleView.html?idxno=79544,https://www.hitnews.co.kr/news/articleView.html?idxno=79544
연세대학교,히트뉴스,두 개의 신약을 만들었어도… 고종성은 여전히 배가 고프다,"1975년 서울대학교 화학교육과에 입학하며 교육자를 꿈꾸던 청년, 그렇지만 다른 길로 들어서 40년 넘게... 조병철 연세대 세브란스병원 교수(왼쪽), 남도현 에임드바이오 대표가 포즈를 취했다. 사진=방혜림 기자. 20...",2026-10-01 06:12,https://www.hitnews.co.kr/news/articleView.html?idxno=79442,https://www.hitnews.co.kr/news/articleView.html?idxno=79442
서울대학교,히트뉴스,"""80대도 수술하는 시대... 노년암 진료, 나이보다 기능 봐야""","30일 서울대학교병원 이건희홀에서 열린 제84회 암정복포럼 '초고령사회와 노년암환자 진료의 새로운... 이은주 울산대 의대 내과 교수는 ""약 5년 전 서울아산병원에서 암 수술 환자를 살펴봤을 당시 65세 이상이 60%였다""며...",2026-10-01 06:12,https://www.hitnews.co.kr/news/articleView.html?idxno=79544,https://www.hitnews.co.kr/news/articleView.html?idxno=79544
서울대학교,히트뉴스,두 개의 신약을 만들었어도… 고종성은 여전히 배가 고프다,"1975년 서울대학교 화학교육과에 입학하며 교육자를 꿈꾸던 청년, 그렇지만 다른 길로 들어서 40년 넘게 신약개발자로 살고 있는 고종성 대표와 신약 이야기를 했다. 그는 9월12일부터 15일까지 서울 코엑스에서 열린...",2026-10-01 06:12,https://www.hitnews.co.kr/news/articleView.html?idxno=79442,https://www.hitnews.co.kr/news/articleView.html?idxno=79442
서울대학교,GOLFHANKOOK,[방민준의 골프세상] 칼날은 목보다 먼저 마음을 벤다,"*칼럼니스트 방민준: 서울대에서 국문학을 전공했고, 한국일보에 입사해 30여 년간 언론인으로 활동했다. 30대 후반 골프와 조우, 밀림 같은 골프의 무궁무진한 세계를 탐험하며 다양한 골프 책을 집필했다. 그에게 골프와...",2026-10-01 06:10,https://golfhankook.hankooki.com/news/articleView.html?idxno=20022062,https://golfhankook.hankooki.com/news/articleView.html?idxno=20022062
고려대학교,아시아경제,"""30·40대 맞벌이가 부동산 핵심세력…정부, 시장과 긴밀히 소통해야""[경...","규제를 완화했을 때 발생할 후폭풍도 함께 고려해야 한다. 언제나 좋은 의도가 좋은 결과를 낳는 것은... 우리나라가 불확실성 지수가 가장 높다고 하는데, 허태균 고려대 심리학과 교수는 한국인의 심리적 특성 6가지 중...",2026-10-01 06:10,https://view.asiae.co.kr/article/2026093015030181270,https://n.news.naver.com/mnews/article/277/0005823085?sid=101
고려대학교,컨슈머타임스,"인천대, K-뷰티 기업 해외진출 지원·AI 석학 특강·직무부트캠프 성황","□ AI/SW교육원, 고려대 이성환 교수 초청 'Brain-to-Speech 인공지능' 특강 성료 지난 9월 16일 인천대학교에서... □ 대학일자리플러스센터, 하반기 '현직멘토 직무부트캠프' 성료 인천대학교 대학일자리플러스센터가...",2026-10-01 06:06,https://www.cstimes.com/news/articleView.html?idxno=722522,https://www.cstimes.com/news/articleView.html?idxno=722522
고려대학교,데일리메디,고대 총장선거 스타트…의과대학 도전여부 촉각,고려대학교는 1905년 개교해 1971년 우석학원과 고려중앙학원 병합으로 의과대학이 출범했다. 하지만 지금까지 의과대학 출신 총장은 전무했다. 고대의료원 산하 안암‧구로‧안산병원 모두 상급종합병원 반열에 올랐고...,2026-10-01 06:04,https://www.dailymedi.com/news/news_view.php?wr_id=941010,https://www.dailymedi.com/news/news_view.php?wr_id=941010
고려대학교,이데일리,"은행장 누가 뽑나… 금감원 '회장 힘 빼라'에 전문가 ""책임 물어야""",조명현 고려대 경영학과 교수(전 한국기업지배구조원 원장)는 지주의 인사 관여를 인정하되 임추위의 후보 검증 기능을 실질화해야 한다고 제안했다. 조 교수는“지주 회장과 자회사 CEO는 한 팀으로 일할 수 밖에 없다”...,2026-10-01 06:04,https://www.edaily.co.kr/News/Read?newsId=02076246645608656&mediaCodeNo=257&utm_source=naver&utm_medium=referral&utm_campaign=news_syndication&utm_content=original_article,https://n.news.naver.com/mnews/article/018/0006378149?sid=101
고려대학교,이데일리,"1973건 중 반대 4건…""거수기 사외이사 역할 강화하려면, 임기·보수 손...",짧은 재임 기간·낮은 보수…“후보 검증 여건부터 개선해야” 하지만 조명현 고려대 경영학과 교수는 당국의 지침대로 후보 정보를 공유하고 평가 의견을 받는 절차를 추가하는 것만으로는 기존의 형식적인 참여...,2026-10-01 06:04,https://www.edaily.co.kr/News/Read?newsId=02086086645608656&mediaCodeNo=257&utm_source=naver&utm_medium=referral&utm_campaign=news_syndication&utm_content=original_article,https://n.news.naver.com/mnews/article/018/0006378152?sid=101
연세대학교,세계일보,스타트업 육성 ‘K바이오랩허브’ 착공,송도 연세대서… 2028년 완공 60개사 입주 연구·사업화 지원 정부가 국내 의약·바이오 스타트업의... 중소벤처기업부는 30일 인천광역시 송도 연세대학교 국제캠퍼스에서 ‘K바이오랩허브’의 착공식을 개최한다고...,2026-10-01 06:04,https://www.segye.com/newsView/20260930516733?OutUrl=naver,https://n.news.naver.com/mnews/article/022/0004163175?sid=101
고려대학교,데일리팜,"""세계 최초에서 세계 표준으로…생체현미경 리딩 기업 목표""","의과대학에서 연구한 뒤 2010년 카이스트에 부임해 생체현미경 기술을 발전시켰다. 외부 연구자들의 분석... 해당 기기는 고려대 안암병원, 서울대병원, 분당서울대병원에서 허가를 위한 임상을 진행하고 있다. 김 대표는...",2026-10-01 06:02,https://www.dailypharm.com/user/news/342951?REFERER=NP,https://www.dailypharm.com/user/news/342951?REFERER=NP
서울대학교,의학신문,"""제네릭 지출 아껴 중증 신약에""...건보 약제비 '재배분' 해법 제안","""허가돼도 못 쓰는 약""…희귀질환 환자에겐 '희망고문' 이범희 서울아산병원 소아청소년과 교수는 희귀질환... 권용진 서울대학교병원 공공진료센터 교수는 2022~2024년 건강보험 약품비가 약 5조7000억원 증가했고 이 가운데...",2026-10-01 06:02,https://www.bosa.co.kr/news/articleView.html?idxno=3013084,https://www.bosa.co.kr/news/articleView.html?idxno=3013084
서울대학교,의학신문,"심평원, 다국적제약사 신약 등재 개선 요구에 일침...""협조적으로 변해...",권용진 서울대학교병원 공공진료센터 교수는 제네릭이 시장에 진입한 이후에도 오리지널 의약품의 지출이 충분히 감소하지 않고 가격경쟁 역시 제대로 작동하지 않는다고 지적했다. 최저가 의약품 대체조제와 실거래가...,2026-10-01 06:02,https://www.bosa.co.kr/news/articleView.html?idxno=3013085,https://www.bosa.co.kr/news/articleView.html?idxno=3013085
서울대학교,데일리팜,"""특허만료약 거품 빼고 혁신신약 채우자""…건보재정 전략은?","""신약 가격만 누를 문제 아니다""…약가 인하보다 시장 경쟁 유도 권용진 서울대학교병원 공공진료센터... 이범희 서울아산병원 소아청소년과 교수는 ""환자 수가 적고 대체치료가 제한적인 희귀질환 특성상 해외에서...",2026-10-01 06:02,https://www.dailypharm.com/user/news/342963?REFERER=NP,https://www.dailypharm.com/user/news/342963?REFERER=NP
연세대학교,이투데이,“비거주 1주택 세 부담 강화 부적절”…전문가들 “거래 위축 우려” ...,"고준석 연세대 상남경영원 교수는 ""비거주 1주택자 상당수는 직장이나 자녀 교육 때문에 불가피하게 다른 곳에 사는 실수요자""라며 ""이들을 투기 수요로 보는 것은 무리가 있고 오히려 전세 물건이 줄어 임차인의 부담만...",2026-10-01 06:02,https://www.etoday.co.kr/news/view/2630834,https://www.etoday.co.kr/news/view/2630834
서울대학교,조선일보,"[단독] 서울대 신입생 수, 강남3구 출신이 영남권 5개와 맞먹어",강남구 한 곳이 부산 전체의 2.4배 5년새 수도권 고교 출신 비중 63.4%→68.2% 한병도 “지역균형 전형 재점검 해야” 올해 서울대 신입생 가운데 서울 강남구 고교 출신이 부산 전체 고교 출신의 2.4배에 달하는...,2026-10-01 06:01,https://www.chosun.com/politics/assembly/2026/10/01/ISEKCMUNZVH65HT3CQGYBSACSQ/?utm_source=naver&utm_medium=referral&utm_campaign=naver-news,https://n.news.naver.com/mnews/article/023/0004001474?sid=100
연세대학교,ABC뉴스,이재무 시인 『당신은 슬픔마저도 자랑이었다』 출간,"[오봉옥 시인은 광주광역시에서 태어나 연세대 대학원에서 수학했다. 1985년 『창작과 비평』으로 등단했다.... 한송문학상을 수상했다. 현재 서울디지털대학교 교수, 문예지 『문학의 오늘』 편집인을 맡고 있다.]",2026-10-01 06:00,https://www.abcn.kr/news/articleView.html?idxno=92530,https://www.abcn.kr/news/articleView.html?idxno=92530
서울대학교,뉴스1,"푸바오는 이별, 늑구는 탈출, 부캉이는 출몰…'서사 있는 동물'에 빠졌...","곽금주 서울대 심리학과 명예교수는 ""반려동물을 키우는 일이 보편화하면서 야생동물에도 인간의 감정이나 정서를 투영하게 됐다""며 ""사회 안전망에 대한 신뢰가 있기 때문에 야생동물을 과거처럼 직접적인 공포의...",2026-10-01 06:00,https://www.news1.kr/society/incident-accident/6306623,https://n.news.naver.com/mnews/article/421/0009202088?sid=102
고려대학교,에너지데일리,[초점] 기술검증에서 수주까지…물기업 해외시장 진입 기반 넓힌다,"한국물산업협의회(KWP, 회장 홍승관 고려대학교 교수)는 혁신형 물기업 육성과 해외 프로젝트 현지화, 기술 테스트·제3자 검증, 국제전시회 한국관, 수출교육, 국가별 시장조사 등을 연계하고 있다. 기업의 수출역량을...",2026-10-01 06:00,https://www.energydaily.co.kr/news/articleView.html?idxno=203435,https://www.energydaily.co.kr/news/articleView.html?idxno=203435
고려대학교,메디파나뉴스,[기고] ﻿독감에 걸리면 왜 머리가 아플까?,|기고| 우리아이들병원 백정현 원장 - 고려대학교의료원 소아청소년과 전공의 수료 - 소아청소년과 전문의 - 고려대학교 소아청소년과 외래교수 - 경희대학교 의과대학·의학전문대학원 외래교수 - 대한전문병원협회...,2026-10-01 06:00,https://www.medipana.com/news/articleView.html?idxno=418365,https://www.medipana.com/news/articleView.html?idxno=418365
서울대학교,메디파나뉴스,"특허만료약 시장 '효율화' 주장에…政 ""신약 재원 셈법 복잡""","약품비 72%가 특허만료 시장…""문제는 가격경쟁 부재 구조"" 30일 열린 '중증질환 신약접근성 확대와 건강보험 재정지출 효율화 전략 토론회'에서 권용진 서울대학교병원 교수는 국내 약제비 지출구조 분석을 토대로 신약...",2026-10-01 06:00,https://www.medipana.com/news/articleView.html?idxno=418522,https://www.medipana.com/news/articleView.html?idxno=418522
서울대학교,영남일보,[사설] 민주당은 절박한 TK목소리 듣고 그냥 끝내면 안 된다,"'서울대 10개 만들기' 사업에서 탈락한 경북대의 추가 선정도 건의했다. 대구시는 첨단산업과 대학 경쟁력 확보, 경북도는 교통·문화·의료 인프라 확충에 초점을 맞췄다. 다만, 예산 조정 폭이 좁고 '내년 예산'이란...",2026-10-01 06:00,https://www.yeongnam.com/web/view.php?key=20260930029071501,https://www.yeongnam.com/web/view.php?key=20260930029071501
서울대학교,여성신문,"[여성계 게시판] 한국여성재단, ‘젠더폭력 대응활동 지원사업’ 공모 ...","28일 서울 중구 서울파이낸스센터 앞에서 열렸다. 이날 행사에는 시민사회단체 관계자와 의료인, 임신중지... 이석원 서울대학교 교수는 이날 주제 발표에서 ""청년세대의 젠더 갈등은 공정성에 대한 불신과 경쟁에서...",2026-10-01 06:00,https://www.womennews.co.kr/news/articleView.html?idxno=282783,https://n.news.naver.com/mnews/article/310/0000140428?sid=102
서울대학교,팜뉴스,"[전문가 칼럼] 환절기 호흡기 질환의 반복, 증상과 면역반응 함께 살펴...",서울우원이비인후과 노동환 대표원장 약력) 서울대학교 의과대학 의학과 졸업(2001) / 서울대학교 의과대학원 분자중앙의학 석사 / 이비인후과 박사수료 경력) 서울대학교병원 이비인후과 두경부외과 전임의 및 임상강사...,2026-10-01 05:56,https://www.pharmnews.com/news/articleView.html?idxno=306600,https://www.pharmnews.com/news/articleView.html?idxno=306600
서울대학교,팜뉴스,[칼럼] 2만 5천년 전 치아에 남은 빈랑의 흔적,최근 호주의 그리피스대학교 인간진화연구센터 애덤 브럼(Adam Brumm) 교수팀은 과학 학술지 Science Advances(2026... 아레콜린의 진화 과정을 다음 글에서 자세히 살펴보고자 한다. 글. 서울대학교 약학대학 명예교수 김영식,2026-10-01 05:50,https://www.pharmnews.com/news/articleView.html?idxno=306574,https://www.pharmnews.com/news/articleView.html?idxno=306574
연세대학교,중앙일보,[혁신도시 10년 원주] 외국인 과학기술 인재 국내 정착 도와,K-STAR 비자트랙 연세대 미래캠퍼스가 K-STAR 비자트랙을 통해 외국인 과학기술 인재의 국내 정착과 지역 연구인력 확보를 지원한다. 법무부 주관 사업인 K-STAR 비자트랙의 참여 대학으로 선정된 미래캠퍼스는 과학기술 분야...,2026-10-01 05:30,https://www.joongang.co.kr/article/25466225,https://n.news.naver.com/mnews/article/025/0003554998?sid=101
연세대학교,중앙일보,"[혁신도시 10년 원주] 대학 연구성과는 기업 성장으로, 인재는 지역 정...","1차년도에는 ‘연세 G-Tech 브릿지 톡’, ‘연세 R&D파트너스 포럼’, GMES 2025 연계 프로그램 등을 통해... 연세대 미래캠퍼스는 대학의 연구성과를 기업의 기술사업화와 지역 일자리, 정주로 연결하는 선순환 구조를...",2026-10-01 05:30,https://www.joongang.co.kr/article/25466231,https://n.news.naver.com/mnews/article/025/0003555006?sid=102
연세대학교,중앙일보,[혁신도시 10년 원주] 캠퍼스와 예술의 만남 ... 시민들과 문화 축제,"연세대 미래캠퍼스 연세아트위크 연세대 미래캠퍼스가 음악과 영화, 연극과 책이 어우러지는 문화예술의... 연결해 대학 구성원과 지역주민이 함께 즐기는 프로그램을 선보인다. 행사는 음악·영화·연극·강연·책을...",2026-10-01 05:30,https://www.joongang.co.kr/article/25466235,https://n.news.naver.com/mnews/article/025/0003555008?sid=101
연세대학교,중앙일보,[혁신도시 10년 원주] 혈액 한 방울로 140가지 항암 바이오마커 정밀 진...,온코인을 창업한 연세대 원주의과대학 생화학교실 교수 정양식 대표에게 기술의 원리와 향후 계획을 들었다. Q : 기존 항암 치료와 온코인의 기술은 무엇이 다른가. A : “바이오마커는 암세포가 가진 고유한 유전자...,2026-10-01 05:30,https://www.joongang.co.kr/article/25466234,https://n.news.naver.com/mnews/article/025/0003555003?sid=102
연세대학교,중앙일보,[혁신도시 10년 원주] 지역 산업 수요 맞춰 의료·피지컬 AI 실무형 인재...,"연세대 미래캠퍼스 소프트웨어학부 등 6개 학부·학과가 참여하고, 대학 내 AI융합과학원의 GPU 서버와 기업·지역기관의 플랫폼 및 데이터를 활용해 실습과 프로젝트 중심의 교육을 진행한다. 산업계 전문가도 교과목...",2026-10-01 05:30,https://www.joongang.co.kr/article/25466236,https://n.news.naver.com/mnews/article/025/0003555009?sid=102
연세대학교,중앙일보,[혁신도시 10년 원주] 음악으로 대학·지역 잇는 무료 콘서트 열어,"연세대 미래캠퍼스 연세콘서트시리즈 ‘연세콘서트시리즈’는 대학과 지역을 음악으로 잇는 문화 프로그램이다. 연세대 미래캠퍼스는 지난 20년간 2만명 이상의 지역주민과 학생·교직원, 학부모에게 클래식 공연을...",2026-10-01 05:30,https://www.joongang.co.kr/article/25466230,https://n.news.naver.com/mnews/article/025/0003555007?sid=101
연세대학교,중앙일보,[혁신도시 10년 원주] “가장 큰 자산은 의료데이터 … 원주를 메디테크...,"연세대 미래캠퍼스와 원주세브란스기독병원 등 지역 대학·병원과도 연계한다. 의료 AI 생태계를 만들고, AX 국가사업을 통해 기업과 병원의 공동 연구개발을 확대하면 연구가 창업으로 이어지고 다시 지역 일자리로...",2026-10-01 05:30,https://www.joongang.co.kr/article/25466228,https://n.news.naver.com/mnews/article/025/0003555001?sid=102
연세대학교,중앙일보,[혁신도시 10년 원주] 국제교류·융합연구로 지역 R&D 이끌어,"글로벌 BK21 포럼 연세대 미래캠퍼스가 국제 학술교류와 융합연구 지원을 통해 지역의 연구개발을 뒷받침할... 의생명·보건 분야부터 환경·인문사회까지 연구의 폭을 넓히고, 대학원 연구자들이 다양한 분야의 지식과...",2026-10-01 05:30,https://www.joongang.co.kr/article/25466227,https://n.news.naver.com/mnews/article/025/0003554999?sid=101
고려대학교,컨슈머타임스,"경기도교육청, '원어민 푸드트럭' 운영·AI 시대 명사 특강 개최",□ '경기교육 대전환 명사 초청 9월 강연회' 개최 9월 30일 경기도교육청 대강당에서 조벽 고려대석좌교수... 이번 특강에는 HD행복연구소 공동소장이자 사단법인 감정코칭협회 이사장으로 활동 중인 조벽 고려대학교...,2026-10-01 05:30,https://www.cstimes.com/news/articleView.html?idxno=722511,https://www.cstimes.com/news/articleView.html?idxno=722511
연세대학교,이데일리,"""촉법소년 책임은 국가·가정 몫…처벌보다 사회복귀 지원부터""","전달이 잘 안 되는 것까지 계속 이야기해줘야 한다.""(사진=방인권 기자) ■원민경 장관은… △1972년 서울 출생 △중앙여고 △연세대 법학과 △제40회 사법시험 △사법연수원 30기 △민변 여성인권위원장...",2026-10-01 05:27,https://www.edaily.co.kr/News/Read?newsId=01843366645608656&mediaCodeNo=257&utm_source=naver&utm_medium=referral&utm_campaign=news_syndication&utm_content=original_article,https://n.news.naver.com/mnews/article/018/0006378138?sid=103
연세대학교,디지털타임스,5만채 쌓인 지방 미분양…헛도는 ‘세제 특례’,"최원철 연세대 미래부동산개발 최고위과정 책임교수는 “세제 혜택을 준다고 해도 해당 지역에 주택을 살 이유가 없다”며 “집값 상승에 대한 기대감도 거의 없고, 별장으로 이용하기에도 관광지마다 숙박시설이...",2026-10-01 05:20,https://www.dt.co.kr/article/12086754?ref=naver,https://n.news.naver.com/mnews/article/029/0003050851?sid=101
서울대학교,서울신문,"“기후위기는 이미 현실… 온실가스 감축, 성과로 이어져야” [이순녀의...","서울대 경영학과를 졸업하고 독일 브레멘대에서 경제학 석·박사 학위를 받았다. 환경부 중앙환경정책위원회 위원, 2050 탄소중립위원회 위원, 한국환경연구원장, 국회 기후특위 공론화위원장 등을 지냈다. 서울대...",2026-10-01 05:11,https://www.seoul.co.kr/news/editOpinion/column/people-story-lsn/2026/10/01/20261001025001?wlog_tag3=naver,https://n.news.naver.com/mnews/article/081/0003685046?sid=102
고려대학교,서울신문,“K팝 생태계 새로운 접근 돋보여… 조어 사용은 신중해야” [독자권익...,"이상은(고려대 미디어학과 석사과정·교사), 홍정석(법무법인 화우 GRC그룹장·파트너 변호사) 위원이... 다각적인 관점을 바탕으로 정치적 맥락을 고려해 제청권과 임명권의 관계, 학설 대립, 선례를 정리한 문답형 해설....",2026-10-01 05:05,https://www.seoul.co.kr/news/society/2026/10/01/20261001022001?wlog_tag3=naver,https://n.news.naver.com/mnews/article/081/0003684989?sid=102
서울대학교,서울신문,“K팝 생태계 새로운 접근 돋보여… 조어 사용은 신중해야” [독자권익...,서울신문 독자권익위원회는 지난 29일 서울 중구 컨퍼런스하우스 달개비에서 제202차 회의를 열고 9월 한... 28일자 법의학자인 유성호 서울대 의대 교수의 월요 인터뷰 기사는 이미 대중적으로 익숙한 법의학 사건 내용만...,2026-10-01 05:05,https://www.seoul.co.kr/news/society/2026/10/01/20261001022001?wlog_tag3=naver,https://n.news.naver.com/mnews/article/081/0003684989?sid=102
서울대학교,이데일리,"""내년 키워드는 '알파 쉽'""","“내년 슬로건 ‘알파 쉽’(ALPHA SHEEP)처럼 시류와 알고리즘에 휩쓸리지 말고, 무리에서 먼저 뛰쳐나와 자신의 생각을 실행하는 첫 번째 양이 돼야 합니다.” 김난도 서울대 명예교수가 30일 서울 중구...",2026-10-01 05:03,https://www.edaily.co.kr/News/Read?newsId=01659686645608656&mediaCodeNo=257&utm_source=naver&utm_medium=referral&utm_campaign=news_syndication&utm_content=original_article,https://n.news.naver.com/mnews/article/018/0006378131?sid=103
고려대학교,한겨레,코로나19 백신 피해보상 재심…“방역 정책·백신 신뢰 회복 과정” [건...,"지난 22일 한겨레와 만난 최홍조 재심위원장(고려대 보건정책관리학부 교수)은 이번 피해 구제가 단순히 과거... 한계를 고려해, 일정한 정황적 조건이 확인되면 백신 접종과 건강 피해 사이의 연관성을 폭넓게 인정할 수...",2026-10-01 05:02,https://www.hani.co.kr/arti/hanihealth/medical/1280310.html,https://n.news.naver.com/mnews/article/028/0002825441?sid=103
서울대학교,노컷뉴스,'주가조작 패가망신' 현실로?…강제수사·중형 선고 잇따라,상장사 압색부터 총책 징역 15년까지…강제수사·중형 잇따라 1일 CBS노컷뉴스 취재를 종합하면 서울경찰청... 핵심 혐의자들은 서울대 경영 동아리와 글로벌 컨설팅회사에서 함께 활동하며 알게 된 사이인 것으로...,2026-10-01 05:02,https://www.nocutnews.co.kr/news/6585455?utm_source=naver&utm_medium=article&utm_campaign=20261001064608,https://n.news.naver.com/mnews/article/079/0004194493?sid=102
연세대학교,파이낸셜뉴스,"강남 폭락하는데...평당 2억6000만원, 263억원 찍은 나인원한남","고준석 연세대 교수는 ""100억을 넘어 200억원 시대 개막은 유동성이 폭증하고 있다는 하나의 단면""이라며 ""세제 개편 등 정부의 잇단 초강력 규제 역시 초고가 주택시장에 영향을 미치지 못할 것으로 보인다""고...",2026-10-01 05:01,https://www.fnnews.com/news/202609300920143164,https://n.news.naver.com/mnews/article/014/0005583304?sid=101
서울대학교,일간스포츠,"‘나혼산’ 속 인간미 그대로…‘로또 1등’ 옥자연, 이준혁과 연기합 ...","서울대 출신이란 이력도 눈에 띄었지만, 이는 그를 설명하는 하나의 수식어에 불과할 뿐 온전히 작품 안에서의 연기력과 캐릭터 소화력으로 차근차근 커리어를 쌓으며 성장해왔다. 악역이나 포스 있는 여성 캐릭터로...",2026-10-01 05:00,https://isplus.com/article/view/isp202609290031,https://m.entertain.naver.com/article/241/0003533267
서울대학교,중앙일보,"檢도 쩔쩔맨 이태원 수사…이런 고난도 사건, 사각지대 된다",서울서부지검은 경찰로부터 이태원 참사 사건을 넘겨받은 후 경찰청과 서울경찰청 등 10곳을 다시... 이봉의 서울대 법학전문대학원 교수는 “리니언시는 기본적으로 수사기관이 활용하는 자료라 중수청이 담당하는 게...,2026-10-01 05:00,https://www.joongang.co.kr/article/25466211,https://n.news.naver.com/mnews/article/025/0003554988?sid=102
서울대학교,뉴시스,[오늘의 주요일정]과기정통부·방미통위·개보위(10월1일 목요일),"(15:00, 서울대학교) ▲류제명 2차관, 한국데이터인공지능법정책학회 추계학술대회(14:00, 국회의원회관)  ▲고민수 부위원장, 차관회의(09:00, 서울)·지역방송발전위원회(14:00, 과천)...",2026-10-01 05:00,https://www.newsis.com/view/NISX20260930_0003809425,https://n.news.naver.com/mnews/article/003/0014225308?sid=105
고려대학교,매경헬스,"""감기인 줄 알았는데 재채기·콧물 계속""…가을철 유독 심해지는 이유","신재민 고려대학교 안암병원 이비인후과 교수는 ""알레르기 비염은 감기와 증상이 비슷해 대수롭지 않게... 원인 알레르겐이 확인됐고 증상이 지속되거나 장기적인 조절이 필요하다면 알레르겐 면역치료도 고려할 수 있다....",2026-10-01 05:00,http://www.mkhealth.co.kr/news/articleView.html?idxno=80292,http://www.mkhealth.co.kr/news/articleView.html?idxno=80292
고려대학교,뉴시스,[오늘의 주요일정]경기북부(10월1일 목요일),"(파주시-고려대학교), 접견실 ▲오후 4시, 분산에너지 실행전략 수립 연구용역 중간보고회, 접견실 ◇의정부 ▲오전 10시, 민락2지구 상가주택지역 주민 간담회, 시장실 ▲오전 10시, 2026년 제10회 조례·규칙심의회...",2026-10-01 05:00,https://www.newsis.com/view/NISX20260928_0003804855,https://n.news.naver.com/mnews/article/003/0014225323?sid=102
서울대학교,조선일보,"7살에 게임 만든 컴퓨터 신동, 회의록 정리 막내 사원들 감탄한 아이디...","스스로를 ‘프로덕트 가이(Product guy)’, 곧 제품 만드는 일이 가장 즐거운 사람이라고 소개한 그는 서울대에 진학한 뒤에도 쉬지 않고 새 서비스를 만들었다. 직장에 다니며 하루에도 몇 번씩 회의에 불려 다니던 무렵...",2026-10-01 04:46,https://www.chosun.com/economy/startup_story/2026/10/01/JDB5RU37IVFFTNHVBUKQC2IWU4/?utm_source=naver&utm_medium=referral&utm_campaign=naver-news,https://n.news.naver.com/mnews/article/023/0004001465?sid=101
고려대학교,더팩트,"‘2위→9위’ 추락 한화, 손혁 단장-김경문 감독 ‘동반 퇴진’하나 [김...","김경문 감독은 손혁 단장의 공주고-고려대 14년 선배다. 야구계에 공주고-고려대 인맥은 홍원기 두산 코치 포함 단 3명뿐이다. 손혁-김경문 조합은 2025시즌 코디 폰세, 라이언 와이스의 역대급 호투로 우승 문턱까지...",2026-10-01 04:41,https://news.tf.co.kr/read/baseball/2371645.htm,https://m.sports.naver.com/kbaseball/article/629/0000538352
고려대학교,동아일보,"‘그냥 쉰’ 4050 작년 67만명, 청년까지 합치면 128만명","권혁 고려대 노동대학원 교수는 “고용 정책이 청년, 노인 중심이어서 가족 부양 부담이 가장 큰 중년층은 오히려 사각지대에 놓여 있다”며 “이들이 노동시장에 재진입할 수 있도록 맞춤형 지원책을 서둘러야...",2026-10-01 04:34,https://www.donga.com/news/Society/article/all/20261001/134764048/2,https://n.news.naver.com/mnews/article/020/0003751944?sid=102
고려대학교,동아일보,노벨문학상 다가서다,"김춘미 고려대 일어일문학과 명예교수는 이 작품에 대해 “하루키 문학의 트레이드마크와도 같은 음악과 음식, 패션에 대한 독특한 표현은 더욱 섬세해졌고, 일본의 고전과 그리스 신화에 이르기까지 여러 가지 소스를...",2026-10-01 04:34,https://www.donga.com/news/Culture/article/all/20261001/134763982/2,https://n.news.naver.com/mnews/article/020/0003751952?sid=103
서울대학교,동아일보,[단독]IT 신입채용 3년새 반토막… 일 배울 기회조차 못 얻는 청년들,문태섭 서울대 전기·정보공학부 교수는 “현재 생산성의 일부는 다음 세대가 쌓아야 할 전문성을 앞당겨 쓰는 것일 수 있다. 주니어가 시니어로 성장하려면 실패하면서 배우는 과정이 필요한데 지금은 그런...,2026-10-01 04:33,https://www.donga.com/news/Economy/article/all/20261001/134764258/2,https://n.news.naver.com/mnews/article/020/0003751914?sid=101
고려대학교,동아일보,[단독]IT 신입채용 3년새 반토막… 일 배울 기회조차 못 얻는 청년들,이성엽 고려대 기술경영전문대학원 교수는 “신입이 처음부터 AI로 대체되지 않고 AI가 할 수 있는 일도 함께 배우도록 기업이 사람과 AI를 병행해 활용하는 방법을 고민해야 한다”고 말했다.,2026-10-01 04:33,https://www.donga.com/news/Economy/article/all/20261001/134764258/2,https://n.news.naver.com/mnews/article/020/0003751914?sid=101
서울대학교,한국일보,뇌는 두 개의 시선으로 세상을 살아간다 [뇌·몸·학습의 베리타스],"AI 시대에도 사라지지 않을 인간 지능의 특권이 있다면, 그것은 세상을 지도로 보되 언제나 그 지도 안의 한 몸으로 살아간다는 느낌을 유지하는 능력일 것이다. 이인아 서울대 뇌인지과학과 교수",2026-10-01 04:30,https://www.hankookilbo.com/news/article/A2026093009590001528?did=NA,https://n.news.naver.com/mnews/article/469/0000956996?sid=110
고려대학교,데일리안,"""아침마다 에취, 콧물 줄줄""…감기약 먹어도 소용 없는 '이 질환' [김효...",신재민 고려대학교 안암병원 이비인후과 교수는 “알레르기 비염은 감기와 증상이 비슷해 대수롭지 않게... 면역치료도 고려할 수 있다. 생활환경 관리도 병행해야 한다. 집먼지진드기가 원인이라면 침구류를 청결하게...,2026-10-01 04:00,https://www.dailian.co.kr/news/view/1696133/?sc=Naver,https://n.news.naver.com/mnews/article/119/0003138228?sid=103
연세대학교,문화일보,"“김정은 체제, 맹자의 왕도정치와 유사”…현직 민주평통 사무처장의...",지난달 30일 민주평통이 국회 외교통일위원회 야당 간사인 국민의힘 김대식 의원에게 제출한 자료에 따르면 방 처장은 2021년 3월 17∼18일 연세대학교 국학연구원 역사와공간연구소와 진행한 대담에서 ‘북한 사회를 맹자의...,2026-10-01 03:01,https://www.munhwa.com/article/11620648?ref=naver,https://n.news.naver.com/mnews/article/021/0002822320?sid=100
서울대학교,VOA,"[한국은 지금] 영화 '암살자(들)', 육영수 피격 사건 왜곡 논란… 정치권...",20대에서는 평화 공존 우선이 68.5%에 달했고 통일 우선은 6.7%에 불과했습니다.진행자) 최근 서울대 통일평화연구원이 발표한 조사 결과도 비슷한 결과가 나오지 않았습니까?기자) 그렇습니다. 서울대 통일평화연구원...,2026-10-01 02:45,https://www.voakorea.com/a/8206295.html,https://www.voakorea.com/a/8206295.html
서울대학교,비건뉴스,눈 뻑뻑함 반복되면 안구건조증…생활 관리와 진료 신호,"서울대학교병원은 눈의 피로와 이물감, 충혈, 찬바람에 눈물이 흐르는 증상도 안구건조증에서 나타날 수 있다고 안내한다. 건조한 실내 공기와 난방기·선풍기 바람은 눈을 불편하게 할 수 있다. 서울대학교병원은 실내에서...",2026-10-01 02:42,https://www.vegannews.co.kr/news/article.html?no=389803,https://www.vegannews.co.kr/news/article.html?no=389803
고려대학교,톱스타뉴스,"FT아일랜드 이홍기, 고려대 방문 비주얼…캠퍼스 인증샷","그룹 FT아일랜드(FTISLAND) 이홍기(35세)가 대학 캠퍼스에서 촬영한 사진으로 근황을 전했다. 붉은 톤... 남기며 고려대학교에 감사 인사를 전했다. 이홍기는 FTISLAND의 리더이자 메인보컬로, 폭발적인 고음과 라이브...",2026-10-01 01:02,https://www.topstarnews.net/news/articleView.html?idxno=16230922,https://www.topstarnews.net/news/articleView.html?idxno=16230922
고려대학교,조선일보,靑 “대법원장 마음대로 대법관 앉히는게 사법 독립 아니다”,기본으로 돌아가서 대화하고 소통해 풀어야 한다”고 했다. 김선택 고려대 법학전문대학원 교수는 “교착 상태가 지속될수록 국민의 재판받을 권리 침해가 커지는 만큼 양측이 서둘러 협의에 나서야 한다”고 했다.,2026-10-01 00:54,https://www.chosun.com/politics/politics_general/2026/10/01/KXGTYKXHYJDDBCFXOS4AN7FSC4/?utm_source=naver&utm_medium=referral&utm_campaign=naver-news,https://n.news.naver.com/mnews/article/023/0004001461?sid=100
고려대학교,베타뉴스,"산업통상부, 산업기술융합정책관에 정권 승진","정 신임 정책관은 1977년생으로 순천고와 고려대 경제학과를 졸업하고 미국 캘리포니아대에서 농업자원경제학 석사 학위를 받았다. 행시 46회로 공직에 들어와 주프랑스대사관, 산업기술시장혁신과장, 산업기술정책과장...",2026-10-01 00:52,https://www.betanews.net/article/view/beta202609290153,https://www.betanews.net/article/view/beta202609290153
고려대학교,조선일보,"헌법학자들 “대법원장의 제청권, 사법부 독립 헌법 취지 존중해야”",그러나 차진아 고려대 교수는 “임명을 거부하려면 후보자의 직무 능력이나 도덕성 등에 관한 합당한 사유를 제시해야 한다”고 했다. 조 대법원장이 지난 23일 “재제청 요청의 근거와 사유가 명확하지 않아 응할 수...,2026-10-01 00:51,https://www.chosun.com/national/court_law/2026/10/01/BNGYWEDDFVFI3C6242F3NRQGGA/?utm_source=naver&utm_medium=referral&utm_campaign=naver-news,https://n.news.naver.com/mnews/article/023/0004001457?sid=102
서울대학교,통일뉴스,"국민 32.2% ""통일 필요하지 않다""... 통일 필요하다는 응답 20년간 하락세",통일의 필요성과 관련한 의식조사 [자료- 서울대 통일평화연구원] 서울대 통일평화연구원이 '2026 통일의식조사 결과발표회'를 29일 오후 1시 30분 서울대 국제대학원 4층 국제회의실에서 열었다. 김범수 서울대...,2026-10-01 00:28,http://www.tongilnews.com/news/articleView.html?idxno=217614,http://www.tongilnews.com/news/articleView.html?idxno=217614
연세대학교,국민일보,카페도 편의점도 안 연다… “자영업 구조조정 시그널”,김정식 연세대 경제학부 명예교수는 “자영업자가 과잉 공급돼 경쟁이 과도한 것도 바람직하지 않다”면서도 “이런 흐름이 계속된다면 내수 침체의 하나의 시그널로 볼 수 있다”고 말했다.,2026-10-01 00:24,https://www.kmib.co.kr/article/view.asp?arcid=9000018792&cp=nv,https://n.news.naver.com/mnews/article/005/0001876035?sid=101
서울대학교,강원일보,"춘천 출신 김남훈, 검사장급 법무부 법무실장 승진","김 신임 법무실장은 춘천고와 서울대 법학과를 졸업했으며 2001년 제43회 사법시험에 합격해 사법연수원 33기를 수료했다. 검찰에 입직한 후 광주지검 인권보호부장, 서울동부지검 형사1부장·형사6부장, 대구지검...",2026-10-01 00:22,https://www.kwnews.co.kr/article/20260930501181,https://n.news.naver.com/mnews/article/087/0001221434?sid=102
서울대학교,중앙일보,[한규섭의 퍼스펙티브] 이재명 대통령 지지율은 반등할 수 있을까,"우선 민주당은 서울시장 선거에서 오세훈 서울시장의 부동산 정책을 공격하는 과정에서, 이 대통령과... 모두 결과는 우리가 아는 그대로였다. 이재명 대통령의 선택이 궁금해진다. 한규섭 서울대 언론정보학과 교수",2026-10-01 00:18,https://www.joongang.co.kr/article/25466181,https://n.news.naver.com/mnews/article/025/0003554963?sid=110
고려대학교,국민일보,뉴노멀 된 美 국채금리 5%… 韓 실물경제 부담 커지나,강성진 고려대 경제학과 교수는 “유가 상승 요인뿐 아니라 미국 경제에 대한 의구심이 커지는 상황에서 고금리 국채가 장기화될 가능성이 있다”며 “금융당국이 부채 리스크 관리뿐 아니라 자영업자를 비롯한 일부...,2026-10-01 00:17,https://www.kmib.co.kr/article/view.asp?arcid=9000018786&cp=nv,https://n.news.naver.com/mnews/article/005/0001876030?sid=101
서울대학교,충청뉴스,"한국타이어, '지속가능성·미래 모빌리티'로 경쟁력 입증","서울대학교 순환디자인연구실 '디스코랩(DISCO Lab)'과 협업해 선보인 '블래더 업사이클링 시리즈'는 블래더 분말을 재가공한 가구, 브릭, 라이프스타일 굿즈 등으로 구성됐다. 특히 브릭을 조립해 완성한 '키네틱...",2026-10-01 00:14,http://www.ccnnews.co.kr/news/articleView.html?idxno=415665,http://www.ccnnews.co.kr/news/articleView.html?idxno=415665
연세대학교,CBC뉴스,"꽃남·무한도전·영화까지…""야르, 요즘 유행어인 줄 알았는데""","남길임 연세대 국어국문학과 교수는 방송 영상, 포털 사전, 게시판 글 등 디지털 기록이 남아 있어 과거와 현재의 유행어가 이어질 수 있는 구조가 형성됐다고 설명했다. 남 교수는 신조어가 세대 간 소통의 장벽이...",2026-10-01 00:10,https://www.cbci.co.kr/news/articleView.html?idxno=611058,https://www.cbci.co.kr/news/articleView.html?idxno=611058
서울대학교,강원일보,전국 청년 도예작가 양구에 모인다…장작가마 캠프 개최,"이번 캠프에는 대학도자교육협회(KACE)의 추천을 받은 청년작가와 대학원 재학생 등 강릉원주대와 서울대, 홍익대 등 전국 18개 대학에서 70여명이 참여한다. 참가자들은 1일부터 이틀간 양구백토마을 장작가마에서...",2026-10-01 00:10,https://www.kwnews.co.kr/article/20260930500483,https://n.news.naver.com/mnews/article/087/0001221406?sid=102
서울대학교,강원도민일보,"심평원, 이소영 보험수가 상임이사 임명","이 이사는 중앙대 약학 학사에 이어 서울대 의학 석·박사학위를 취득하고 2004년 심평원에 입사했다. 그 동안 약제관리실장, 심사평가연구실장, 의약품관리종합정보센터장, 급여정보분석실장 등 주요 보직을 두루 거치며...",2026-10-01 00:09,https://www.kado.net/news/articleView.html?idxno=2075848,https://n.news.naver.com/mnews/article/654/0000203355?sid=102
서울대학교,파이낸셜포스트,"[현장] ""주주 권리 보호, 정보 격차부터 해소"" 디스커버리에 쏠리는 눈","이종섭 서울대 경영대 교수는 모바일 거래와 AI 활용으로 시장 참여 문턱이 낮아졌지만 정보 격차까지 해소된 것은 아니라고 진단했다. 투자자마다 정보를 접하고 해석하는 능력이 다른 만큼, 필요한 정보를 적시에 검증...",2026-10-01 00:06,https://www.financialpost.co.kr/news/articleView.html?idxno=278145,https://www.financialpost.co.kr/news/articleView.html?idxno=278145
서울대학교,뉴스클레임,[CJ 인사 전망]① CEO 두 자리 먼저 바꿨다… 윤석환·이건일 첫해 사업...,허민회 서울 중구 CJ 더 센터. 사진=CJ CJ그룹(회장 이재현)은 지난해 정기 임원인사에 앞서 최고경영자... ◇ 제일제당까지 맡은 윤석환… 7월에는 사업구조 다시 나눴다 1969년생 윤석환 CJ제일제당 대표는 서울대...,2026-10-01 00:06,https://www.newsclaim.co.kr/news/articleView.html?idxno=3076998,https://www.newsclaim.co.kr/news/articleView.html?idxno=3076998
연세대학교,뉴스클레임,[CJ 인사 전망]① CEO 두 자리 먼저 바꿨다… 윤석환·이건일 첫해 사업...,"1962년생 허민회 대표는 부산대 회계학과를 졸업하고 연세대 경영대학원에서 경영학 석사를 받았다. CJ제일제당 경리·자금 업무를 시작으로 CJ투자증권과 CJ헬로비전을 거쳤다. 이후 CJ푸드빌, CJ올리브네트웍스...",2026-10-01 00:06,https://www.newsclaim.co.kr/news/articleView.html?idxno=3076998,https://www.newsclaim.co.kr/news/articleView.html?idxno=3076998
서울대학교,광주드림,"""통합은 했는데""…전남광주 교육, 첫 국감 시험대",전남대학교도 거점국립대 육성과 지역 산업 인재 양성을 추진하는 만큼 정책의 실효성과 추진 과정이... 전남대 감사에서는 정부의 '서울대 10개 만들기' 정책과 지역 인재 양성 계획이 관심을 모을 것으로 보인다....,2026-10-01 00:02,http://www.gjdream.com/news/articleView.html?idxno=673108,http://www.gjdream.com/news/articleView.html?idxno=673108
연세대학교,경상일보,"[목요칼럼]지역이 키운 대학, 대학이 키운 지역","▲ 이사야 UNIST 경영과학부 교수 서울대학교 중소벤처기업정책센터 연구위원 2002년 국립대학을... 연세대 이종관 교수가 2021년 국제학술지 'Regional Science and Urban Economics'에 발표한 방법대로, 개교 전 울주군과...",2026-10-01 00:02,https://www.ksilbo.co.kr/news/articleView.html?idxno=1068598,https://www.ksilbo.co.kr/news/articleView.html?idxno=1068598
서울대학교,경상일보,"[목요칼럼]지역이 키운 대학, 대학이 키운 지역",▲ 이사야 UNIST 경영과학부 교수 서울대학교 중소벤처기업정책센터 연구위원 2002년 국립대학을... 일자리 약 1만 개로 돌아온 셈이다. 이사야 UNIST 경영과학부 교수 서울대학교 중소벤처기업정책센터 연구위원,2026-10-01 00:02,https://www.ksilbo.co.kr/news/articleView.html?idxno=1068598,https://www.ksilbo.co.kr/news/articleView.html?idxno=1068598
서울대학교,중앙일보,"부친상 숨겼던 조희대, 조의금도 돌려줬다",조 대법원장의 서울대 법대·사법연수원 동기인 안홍렬 변호사(68·사법연수원 13기)는 30일 서울대 법대 전체 대화방에 “장례를 치른 후 대법원의 인사 의전관이라면서 사무실에 전화가 왔다고 하여 사무실에 도착하니...,2026-10-01 00:01,https://www.joongang.co.kr/article/25466135,https://n.news.naver.com/mnews/article/025/0003554919?sid=102
서울대학교,중앙일보,"피부색 아닌 문화, 이들이 한국인","체육철학자 김정효 서울대 연구교수는 “같은 민족인지 여부를 결정하는 핵심 기준은 ‘공유된 기억’이다. 한글과 이순신, 유관순 등 역사의 공유를 통해 ‘우리’라는 소속감을 느끼는 것”이라면서 “피부색 등 낡은...",2026-10-01 00:01,https://www.joongang.co.kr/article/25466146,https://n.news.naver.com/mnews/article/025/0003554926?sid=104
고려대학교,뉴스클레임,[LS 인사 전망]② 전력 슈퍼사이클 뒤 더 큰 조직 맡겼다… 사장단 아래...,"LS는 전력사업 호황을 고려해 성과주의 인사를 했고, 전력 슈퍼사이클에서 사업 성장을 이끈 안길영... 1969년생인 조 부사장은 고려대 산업공학과를 졸업하고 같은 대학에서 석사 학위를 받았다. 엑센츄어 전무와...",2026-10-01 00:00,https://www.newsclaim.co.kr/news/articleView.html?idxno=3076975,https://www.newsclaim.co.kr/news/articleView.html?idxno=3076975
서울대학교,메디게이트뉴스,"심평원, 이소영 신임 보험수가상임이사 임명","이 신임 이사는 1971년생으로 중앙대학교 약학 학사, 서울대학교 의학 석사 및 박사를 취득했다. 주요 경력으로는 경제개발협력기구(OECD) 보건위원회 ‘의약품 및 의료기기 전문가 그룹’ 의장단을 맡고 있다. 심평원...",2026-09-30 23:40,https://www.medigatenews.com/news/3005551282,https://www.medigatenews.com/news/3005551282
고려대학교,메디게이트뉴스,"고려대 안산병원, ‘핸즈온 네트워킹 & 첨단 의료기기 사업단 세미나’...",고려대학교 안산병원은 30일 ‘2026 경기도 의료기기 개발 지원 사업’의 일환으로 ‘핸즈온 네트워킹 & 첨단... 고려대 안산병원 이주한 연구부원장은 “의료기기는 기술 개발뿐 아니라 실제 의료 현장에서 의료진과...,2026-09-30 23:38,https://www.medigatenews.com/news/3443252516,https://www.medigatenews.com/news/3443252516
연세대학교,조선일보,[발언대] 가짜 일 30% 줄여 정부·여당은 핵심 목표에 집중하라,지용구 연세대 산업공학과 교수 오디세우스는 세이렌의 바다를 지날 때 부하들의 귀를 밀랍으로 막고 자신의 몸은 돛대에 묶게 했다. 노래가 아름다울수록 배는 바위로 향한다는 것을 알았기 때문이다. 이 장면에서...,2026-09-30 23:35,https://www.chosun.com/opinion/podium/2026/09/30/XC6MGG5TERD65NNFML7BLHQY2U/?utm_source=naver&utm_medium=referral&utm_campaign=naver-news,https://n.news.naver.com/mnews/article/023/0004001367?sid=110
서울대학교,불교공뉴스,"대구시, 민주당에 TK신공항·행정통합 지원 요청",대구시는 ▲서울대 10개 만들기 확대 추진 ▲대구국가산업단지 공공폐수처리시설 증설 ▲대구권 광역철도 예비차량 구매 ▲국립뮤지컬콤플렉스 조성 등을 주요 건의사업으로 설명하고 정부 최종 예산안에 반영될 수...,2026-09-30 23:24,https://www.bzeronews.com/news/articleView.html?idxno=823288,https://www.bzeronews.com/news/articleView.html?idxno=823288
서울대학교,인사이트,"김지원, 1억 기부하고도 ""운이 좋았다""...장도연도 놀란 겸손","김지원은 지난번 서울대학교어린이병원에 1억원을 기부한 바 있다. 김지원은 이 칭찬에 ""운 좋게 또 그런 기회가 생겨서""라고 조심스럽게 말했다. 장도연은 ""기부하신 분이 운이 좋았다고 하는 건 처음 본다""며 깜짝 놀란...",2026-09-30 23:24,https://www.insight.co.kr/news/575856,https://www.insight.co.kr/news/575856
서울대학교,에너지경제,[패트롤] 구리시-남양주시-양평군=의정부시-하남시,"신종호 서울대 교수, 이경상 전 카이스트 교수, 김민식 연세대 교수가 연사로 나선다. 신청은 관내 초-중-고교 학부모를 비롯해 관심 있는 시민 누구나 남양주시 인재육성지원센터 누리집을 통해 접수할 수 있다....",2026-09-30 23:20,https://www.ekn.kr/web/view.php?key=20260930027220788,https://www.ekn.kr/web/view.php?key=20260930027220788
연세대학교,에너지경제,[패트롤] 구리시-남양주시-양평군=의정부시-하남시,"신종호 서울대 교수, 이경상 전 카이스트 교수, 김민식 연세대 교수가 연사로 나선다. 신청은 관내 초-중-고교 학부모를 비롯해 관심 있는 시민 누구나 남양주시 인재육성지원센터 누리집을 통해 접수할 수 있다....",2026-09-30 23:20,https://www.ekn.kr/web/view.php?key=20260930027220788,https://www.ekn.kr/web/view.php?key=20260930027220788
서울대학교,연합뉴스TV,"""미디어 생존 위해 규제 혁신 필요""","한국방송학회가 오늘(30일) 프레스센터에서 개최한 세미나에서 홍종윤 서울대 교수는 유료방송이 방송 재원과 미디어 다양성을 뒷받침하는 핵심 플랫폼이라며, 경쟁력 약화가 콘텐츠 투자와 유통에 영향을 줄 수 있다고...",2026-09-30 23:18,http://www.yonhapnewstv.co.kr/news/MYH20260930231720nvR,https://n.news.naver.com/mnews/article/422/0000911361?sid=101
연세대학교,비건뉴스,"매일유업, 대학 축제서 식물성 음료 체험 확대…한양대 부스 운영",10월 1일부터 2일까지 한양대학교 서울캠퍼스 축제에서 체험형 부스 ‘매일 도파민 충전소’를 운영할... 행사는 대학생들이 축제를 즐기면서 여러 브랜드의 제품을 접할 수 있도록 마련됐다. 지난 22일 연세대학교...,2026-09-30 23:12,https://www.vegannews.co.kr/news/article.html?no=389734,https://www.vegannews.co.kr/news/article.html?no=389734
서울대학교,NTODAY,[완벽한 날들⑳ ｜동행자 4인이 말하는 암 이후의 삶] 치료가 끝난 자리...,"서울대학교 심리학 연구진이 정리한 '한국어 감정단어' 434개 중 이들이 직접 고른 감정을 따라가자, 암 이후의 삶은 하나의 감정으로 설명되지 않았다. '버겁다'와 '허무' 곁에는 '해방'과 '여유롭다'가 있었고, '아득하다'와...",2026-09-30 23:10,https://www.ntoday.co.kr/news/articleView.html?idxno=129359,https://www.ntoday.co.kr/news/articleView.html?idxno=129359
고려대학교,메디컬월드뉴스,"[9월 30일 병원계 이모저모④]강동성심, 경상국립대, 고려대안산병원 등...","◆경상국립대병원, 2026년 ESG 대면 교육 진행 경상국립대학교병원(병원장 화정석)이 30일 경남지역암센터 2층... ◆고려대안산병원, ‘핸즈온 네트워킹 & 첨단 의료기기 사업단 세미나’ 개최 고려대학교 안산병원(병원장...",2026-09-30 23:10,https://medicalworldnews.co.kr/news/view.php?idx=1510977559,https://medicalworldnews.co.kr/news/view.php?idx=1510977559
연세대학교,NEWSTOWN,인천 송도 'K-바이오 랩허브' 착공…60개 바이오벤처 육성,인천시와 인천경제자유구역청은 9월 30일 연세대학교 국제캠퍼스 내 사업부지에서 착공식을 열고 총 2... 바이오기업과 대학·병원·연구기관을 연계해 창업기업의 연구개발과 사업화를 지원한다는 구상이다....,2026-09-30 23:07,http://www.newstown.co.kr/news/articleView.html?idxno=717304,http://www.newstown.co.kr/news/articleView.html?idxno=717304
서울대학교,NEWSTOWN,"[김병철 인물탐구] 김성제 의왕시장, 관료에서 징검다리 4선까지",숭실대학교와 수원대학교 및 대학원 강사 경력도 확인된다. 이 이력은 그가 지방정치에 들어오기 전 어떤... 의왕시 공식 프로필의 저서 소개에는 서울대학교 행정학 박사 취득 과정이 언급돼 있다. 2005년 출간된...,2026-09-30 23:05,http://www.newstown.co.kr/news/articleView.html?idxno=717355,http://www.newstown.co.kr/news/articleView.html?idxno=717355
고려대학교,세계일보,[열린마당] 개인정보보호도 ‘경영’해야 한다,이상헌 고려대 정보보호대학원 산학협력교수 전 SK텔레콤 부사장 주목할 것은 원인이다. 개인정보보호위원회가 지난해 처분한 유출 사건 115건의 원인은 업무 과실이 46%로 해킹 45%보다 많았다. 기술이 부족해서만 사고가...,2026-09-30 23:04,https://www.segye.com/newsView/20260930516602?OutUrl=naver,https://n.news.naver.com/mnews/article/022/0004163121?sid=110
서울대학교,세계일보,[사이언스프리즘] 서울대 총장 후보들은 답해야 한다,"말해야 서울대학교가 새 총장을 뽑고 있다. 후보 4명이 추려졌고, 10월7일 총장예비후보자 정책평가를 앞두고 있다. 필자는 그들에게 묻고 싶다. 서울대를 어디까지 올려놓을 것인가. 그리고 그건 언제까지 해낼...",2026-09-30 23:04,https://www.segye.com/newsView/20260930516599?OutUrl=naver,https://n.news.naver.com/mnews/article/022/0004163122?sid=110
연세대학교,CNB뉴스,"가천대, 전교생 AI 기초부터 전공 융합까지 '대학 전환'",가천대학교가 전교생 AI 기초교육과 전공별 융합교육을 연결하는 'AX-GACHON' 교육체계 구축을 추진한다.... 가천대는 지난 29일 연세대학교 백양누리홀 그랜드볼룸에서 열린 'AI중심대학·AX대학원 공동 출범식'에...,2026-09-30 22:58,https://www.cnbnews.com/news/articleView.html?idxno=1017646,https://www.cnbnews.com/news/articleView.html?idxno=1017646
서울대학교,오토데일리,"한국타이어, '2026 IDEA' 본상 2관왕⋯업사이클링 '리무브'·360도 '휠봇2...","서울대학교 순환디자인연구실 '디스코랩(DISCO Lab)'과 공동 개발했다. 출품작인 '블래더 업사이클링 시리즈'는 블래더 분말을 활용해 만든 가구와 브릭, 라이프스타일 제품으로 구성됐다. 브릭을 조립한 '키네틱...",2026-09-30 22:56,https://www.autodaily.co.kr/news/articleView.html?idxno=600814,https://www.autodaily.co.kr/news/articleView.html?idxno=600814
서울대학교,아시아엔,[가을편지] 평창 허브나라 단풍길로…이두이 대표의 “한번 오셔요”,서울대에서 농학을 공부한 그는 1993년 문을 연 농원에서 오랜 세월 꽃과 허브를 돌봐왔다. 밤에는 책으로 배우고 새벽이면 밭으로 나가던 시간이 오늘의 허브나라를 만들었다.이번 인사에는 초대가 담겼다. 10월 중순이면...,2026-09-30 22:50,http://kor.theasian.asia/archives/416904,http://kor.theasian.asia/archives/416904
연세대학교,국제뉴스,송도 K-바이오 랩허브 착공식 개최…2029년 준공 목표,"박찬대 인천광역시장이 30일 연세대학교 국제캠퍼스에서 열린 'K-바이오 랩허브 착공식'에서 발파... 기업과 연세세브란스병원 등 산·학·연·병 자원이 집적돼 있어, 스타트업과 대학, 병원, 기업, 투자기관 간 협력...",2026-09-30 22:44,https://www.gukjenews.com/news/articleView.html?idxno=3709947,https://www.gukjenews.com/news/articleView.html?idxno=3709947
연세대학교,웹이코노미,"경상국립대 김기현 교수팀, 내구성 높인 음이온교환막 개발","경상국립대는  공과대학 나노신소재융합공학부 김기현 교수 연구팀이 한국화학연구원, 연세대와 함께 새로운 음이온교환막을 개발했다고 30일 밝혔다. 이 막은 고분자 사슬의 물리적 얽힘만으로 내구성을 높였으며...",2026-09-30 22:42,https://www.webeconomy.co.kr/news/articleView.html?idxno=2321244,https://www.webeconomy.co.kr/news/articleView.html?idxno=2321244
서울대학교,울산제일일보,"박승흡 근로복지공단 이사장 취임… ""'임금체불 제로사회' 앞당길 것""","박 이사장은 서울대학교 국어교육학과를 졸업한 뒤 1999년 한국비정규노동센터를 설립해 초대 소장과... 이후 국가인권위원회 차별금지법제정 추진위원, 최저임금연대 집행위원장, 매일노동뉴스 발행인·대표이사, 서울시...",2026-09-30 22:40,http://www.ujeil.com/news/articleView.html?idxno=392881,http://www.ujeil.com/news/articleView.html?idxno=392881
서울대학교,CNB뉴스,"시흥시, '서울대 바이오 데이' 참가…국가첨단전략산업 특화단지 유치 ...",서울대학교 최고 수장의 연구진과 글로벌 투자사들이 대거 결집한 학술 무대에서 세계적 수준의 연구·임상 인프라를 갖춘 '시흥 바이오 메디컬 클러스터'의 위대한 청사진을 선포했다. 시흥시는 지난 29일 서울대학교...,2026-09-30 22:34,https://www.cnbnews.com/news/articleView.html?idxno=1017682,https://www.cnbnews.com/news/articleView.html?idxno=1017682
서울대학교,위키트리,뉴스타파 PD조차 암살자(들) 저격...“인간에 대한 예의 아냐”,"2005년 ‘PD수첩’ 책임프로듀서 시절에는 황우석 전 서울대 교수의 줄기세포 연구 조작 의혹을 취재했으며, 이후 ‘검사와 스폰서’, ‘4대강 수심 6ｍ의 비밀’ 등의 탐사보도에 참여했다.2012년 공정방송을 요구하는 파업...",2026-09-30 22:12,https://www.wikitree.co.kr/articles/1163133,https://www.wikitree.co.kr/articles/1163133
서울대학교,문화일보,"“자극·분주함 속 오히려 더 ‘권태로운’ 사회 온다”…김난도 교수,...","김난도 서울대 소비자학과 명예교수가 ‘트렌드 코리아 2027’를 출간하고 내년 10대 키워드를 공개했다. ‘권태사회’, ‘라이프 ROI’, ‘바이브 워킹’, ‘안목자본’ 등이다. 김난도 교수는 30일 서울 중구...",2026-09-30 22:11,https://www.munhwa.com/article/11620641?ref=naver,https://n.news.naver.com/mnews/article/021/0002822313?sid=103
고려대학교,한국대학신문,앵커(ANCHOR) 속 '초광역' 본격화… 공유대학‧성장엔진 협의체 역할 분...,"주관대학 6곳 가운데 국립금오공대와 국립목포대를 뺀 경남대‧고려대(세종)‧우석대‧단국대 4곳이 사립대다. 이번 포럼에선 초광역 사업 추진 과정에서 발생할 수 있는 쟁점을 미리 조율하고, 실효성 있는 초광역...",2026-09-30 22:00,https://news.unn.net/news/articleView.html?idxno=598120,https://news.unn.net/news/articleView.html?idxno=598120
서울대학교,WFLOWER,"노원구청소년상담복지센터, 김붕년 교수 초청 부모교육 진행",노원구청소년상담복지센터가 지난 28일 구청 소강당에서 김붕년 서울대 어린이병원 소아청소년정신과 교수를 초청해 ‘뇌발달로 이해하는 청소년기 정신건강과 부모소통법’을 주제로 하반기 부모교육을 열었다. 최근...,2026-09-30 21:52,https://www.wflower.info/news/article.html?no=12453,https://www.wflower.info/news/article.html?no=12453
고려대학교,지디넷코리아,"김선기 KTL 원장 ""K-방산·미래 모빌리티·AI 등 첨단 산업기술분야 시험...","한편, 김 원장은 강릉고와 고려대 사회학과를 졸업하고, 미국 카네기멜론대학교 대학원에서 정보통신기술 석사 학위를 취득했다. 김선기 한국산업기술시험원(KTL) 원장(두 번째줄 왼쪽 열 두 번째)이 30일 취임식에서...",2026-09-30 21:52,https://zdnet.co.kr/view/?no=20260930132338,https://n.news.naver.com/mnews/article/092/0002439379?sid=105
서울대학교,NTODAY,[완벽한 날들⑲｜이정아의 여정] 두 번의 암이 지나간 자리…나를 위한...,"서울대학교 심리학 연구진이 정리한 '한국어 감정단어'를 토대로, 인터뷰이가 자신의 경험을 가장 잘 나타낸다고 직접 선택한 감정단어를 따라 이들이 암을 마주하고 치료를 견디며 겪은 내면의 변화를 살펴본다. 이와...",2026-09-30 21:50,https://www.ntoday.co.kr/news/articleView.html?idxno=129358,https://www.ntoday.co.kr/news/articleView.html?idxno=129358
서울대학교,경향신문,‘암살자(들)’ 뒤쫓는 ‘입틀막 정치’,"주진우 국민의힘 의원은 “사자 명예훼손죄”라고 주장했고, 이종배 전 국민의힘 서울시의원은 29일 허 감독... 이준웅 서울대 언론정보학과 교수는 “역사 영화는 ‘어디까지가 사실일까’ 관객들이 질문하게 하고...",2026-09-30 21:47,https://www.khan.co.kr/article/202609302147015,https://n.news.naver.com/mnews/article/032/0003473543?sid=103
고려대학교,이뉴스투데이,"고려대, '실험실 창업 활성화 우수대학' 교육부 장관 표창","고려대학교(총장 김동원)는 9월 30일 '2026 산학협력 EXPO'에서 실험실 창업 활성화 우수대학으로 선정돼 교육부 장관 표창을 받았다. 연구성과 발굴부터 창업, 투자, 글로벌 진출까지 연계하는 전주기 지원체계를...",2026-09-30 21:40,http://www.enewstoday.co.kr/news/articleView.html?idxno=2475794,http://www.enewstoday.co.kr/news/articleView.html?idxno=2475794
고려대학교,TV조선,"내년 4월부터 은행 30분 늦게 문 연다…""점심때 붐비는데 연차 낼 판""","김동헌 / 고려대 경제학과 교수 ""보조적으로 할 수 있는 특별한 지점들은 열어놔야 할 것 같은데요. (주식·외환 거래 등) 다른 금융 영역에서는 시간에 제약 없이 금융 거래를 하는 상황이기 때문에 역행하는 측면이...",2026-09-30 21:36,https://news.tvchosun.com/site/data/html_dir/2026/09/30/2026093090249.html,https://n.news.naver.com/mnews/article/448/0000642356?sid=101
고려대학교,경남매일,김선기 한국산업기술시험원장 취임,"김 원장은 강원 횡성군 출신으로 고려대 사회학과를 졸업, 미국 카네기멜론대학교 대학원에서 정보통신기술 석사 학위를 취득했다. △대한무역투자진흥공사(KOTRA) 방산물자교역지원센터장 △산업통상부...",2026-09-30 21:32,http://www.gnmaeil.com/news/articleView.html?idxno=595766,http://www.gnmaeil.com/news/articleView.html?idxno=595766
서울대학교,TBC대구방송,"'TK 현안' 만난 與 지도부...김민석 ""여당으로서 노력""","이전과 서울대 10개 만들기 경북대 추가 선정 등에도 힘을 모아달라고 호소했습니다. 하지만 당 지도부의 화답은 어려움과 필요성에 공감한다는 다소 원론적인 수준에 그쳤습니다. [김민석 / 민주당 당 대표 ""정당은...",2026-09-30 21:30,https://www.tbc.co.kr/news/view?pno=20260930184421AE06242&id=211607,https://www.tbc.co.kr/news/view?pno=20260930184421AE06242&id=211607
서울대학교,메디컬투데이,"덴컴, 치과 AI 플랫폼 '덴트허브' 공개…서부장애인치과병원서 시범 운...",최근 서울특별시 서부장애인치과병원(서울대학교치과병원 수탁운영)과 AI 솔루션 도입 계약을 체결해 대기실·상담실·진료실 3개소에서 시범 운영 중이다. 회사 측은 기록·입력 업무에 투입되던 의료진의 시간을...,2026-09-30 21:28,https://www.mdtoday.co.kr/news/articleView.html?idxno=616919,https://www.mdtoday.co.kr/news/articleView.html?idxno=616919
서울대학교,대구신문,"[미디어 포커스] ""AI는 이미 일상""… 김난도 교수, 트렌드 코리아 2027서...","김난도 교수와 서울대 소비트렌드분석센터는 30일 서울 중구 프레스센터에서 '트렌드 코리아 2027' 출간 간담회를 열고, 2027년 정해년(丁未年) 양의 해를 이끌어갈 10대 소비 트렌드 키워드를 발표했다. 이번 발표의 가장...",2026-09-30 21:24,https://www.idaegu.co.kr/news/articleView.html?idxno=561137,https://www.idaegu.co.kr/news/articleView.html?idxno=561137
서울대학교,TV조선,[따져보니] 3이닝 던지고 '전역'…軍면제 위한 금메달?,"김정효 / 서울대 체육교육학과 연구교수 ""특례가 주어진다는 사실들을 모두 다 알고 있잖아요. 이왕에 주어진... 88서울올림픽을 거치며 메달이 늘어나자 올림픽 3위 이상, 아시안게임 1위로 대상이 좁혀지긴 했습니다....",2026-09-30 21:19,https://news.tvchosun.com/site/data/html_dir/2026/09/30/2026093090231.html,https://n.news.naver.com/mnews/article/448/0000642347?sid=104
연세대학교,폴리뉴스,"[정국인터뷰] 송영길② ""비핵화만 요구하면 대화 불가…동결부터 시작해...","■송영길 더불어민주당 의원은 인천 연수구갑을 지역구로 둔 6선 국회의원으로, 1963년 전남 고흥에서 태어나 광주대동고등학교와 연세대학교 경영학과를 졸업했다. 1985년 연세대학교 초대 직선 총학생회장을 지낸 뒤...",2026-09-30 21:19,https://www.polinews.co.kr/news/articleView.html?idxno=744344,https://www.polinews.co.kr/news/articleView.html?idxno=744344
서울대학교,뉴스엔,유재석 놀란 까치 지능 “괴롭힌 사람 얼굴 알아보고 뒤통수 때려”(유...,"서울대 생명공학부에 진학해 최재천 교수를 따라 서울대 까치 연구팀에 합류, 6년간 까치만 연구했다는 이원영 박사. 그는 서울대 까치 40쌍을 연구하다가 까치들의 타깃이 됐다며 ""제가 석사, 박사 과정 동안 까치 둥지를...",2026-09-30 21:08,https://www.newsen.com/news_view.php?uid=202609301900156110,https://m.entertain.naver.com/article/609/0001174060
서울대학교,MHN스포츠,"""삼성·하이닉스 가나 했는데 백수""…서울대 출신 '까치 박사'가 전한 현...",자연과학계의 거목이자 ‘개미 박사’로 잘 알려진 최재천 교수의 제자인 그는 학창 시절 서울대 교정에 서식하는 까치만 6년 동안 연구한 남다른 집념의 소유자다. 이 박사는 “까치 둥지를 직접 오르내리며 양육 행동을...,2026-09-30 21:04,https://mhnse.com/news/articleView.html?idxno=1565754,https://m.entertain.naver.com/article/445/0000469751
서울대학교,매일경제,"요람에서 무덤까지…펫, ‘사람’이 되다 [스페셜리포트]","지난해 한국리서치와 서울대 수의과대가 공동으로 진행한 조사에 따르면, 10살 이상 반려동물과 사는 가구가... 현재는 입지 규제와 주민 반대가 겹치며 서울 거주 보호자가 경기 외곽으로 ‘원정 장례’를 떠나는 경우가...",2026-09-30 21:01,https://www.mk.co.kr/article/12158254,https://n.news.naver.com/mnews/article/024/0000108606?sid=101
서울대학교,한국경제,'100억 이익 보려다가 3조 손실'…경고 쏟아진 '규제' 뭐길래,안상훈 국민의힘 의원과 서울대 건강금융연구센터는 30일 국회에서 토론회를 열고 이 같은 연구 결과를 발표했다. 홍석철 서울대 경제학부 교수 연구팀은 질병관리청 국민건강영양조사와 한국소비자원 가격정보...,2026-09-30 21:01,https://www.hankyung.com/article/2026093056091,https://n.news.naver.com/mnews/article/015/0005337858?sid=100
서울대학교,경향신문,‘공익’ 둔갑한 AI ‘무전취식’…내 창작이 날 죽인다면,▶남형두 서울대 법과대학을 졸업하고 미국 워싱턴대에서 석사·박사 학위를 취득했다. 사법시험 합격 후 법무법인 광장 변호사로 일하다가 2005년 이후 연세대 법학전문대학원 교수로 재직하고 있다. 저작권법을...,2026-09-30 20:58,https://www.khan.co.kr/article/202609302058001,https://n.news.naver.com/mnews/article/032/0003473512?sid=102
연세대학교,경향신문,‘공익’ 둔갑한 AI ‘무전취식’…내 창작이 날 죽인다면,"| 남형두 연세대 법학전문대학원 교수 ④저작권: 걸림돌인가 아킬레스건인가 오늘날 인공지능의 눈부신 발전에는 저작권자와의 갈등과 충돌이 따른다. 생성형 인공지능을 훈련(machine learning, feeding AI 등은 같은 말이나...",2026-09-30 20:58,https://www.khan.co.kr/article/202609302058001,https://n.news.naver.com/mnews/article/032/0003473512?sid=102
연세대학교,매일경제,"“아들, 연고대 말고 성균관대는 어때?”…세계대학평가서 국내 사립대...","세계 톱100에는 서울대와 KAIST를 비롯해 성균관대와 연세대까지 4개 대학이 이름을 올렸고, 300위권 내로 범위를 넓히면 10개 대학으로 늘어난다. 국내 1위 서울대는 세계 순위 56위로 지난해 58위에서 2계단...",2026-09-30 20:55,https://www.mk.co.kr/article/12165320,https://n.news.naver.com/mnews/article/009/0005742308?sid=102
서울대학교,매일경제,"“아들, 연고대 말고 성균관대는 어때?”…세계대학평가서 국내 사립대...",성균관대 전년 대비 19계단 상승 서울대 14년 연속 국내 최고 순위 中 칭화대는 세계 11위까지 올라... 14년 연속 국내 1위를 차지한 서울대(56위)와 KAIST(64위)에 이은 국내 3위로 역대 최고 성적이다. THE는 30일 전...,2026-09-30 20:55,https://www.mk.co.kr/article/12165320,https://n.news.naver.com/mnews/article/009/0005742308?sid=102
고려대학교,매일경제,"“아들, 연고대 말고 성균관대는 어때?”…세계대학평가서 국내 사립대...",고려대는 세계 128위로 국내 5위였지만 지난해 156위에서 28계단이나 오르며 국내에서 개별 순위를 받은 대학 중 가장 큰 상승폭을 기록했다. 최상위권에서는 여전히 영국·미국 명문대들이 우세를 보인 가운데...,2026-09-30 20:55,https://www.mk.co.kr/article/12165320,https://n.news.naver.com/mnews/article/009/0005742308?sid=102
서울대학교,굿모닝경제,"사람 중심 선포한 과총 60년, '결집' 넘어 '정책 실현' 시험대","과총은 서울 강남구 한국과학기술회관 국제회의실에서 60주년 기념식을 열고 '과학기술로 함께 여는 사람... 과학기술정책연구원 윤지웅 원장의 사회로 진행된 좌담에서 임우형 LG AI연구원 원장, 윤태영 서울대...",2026-09-30 20:46,https://www.goodkyung.com/news/articleView.html?idxno=291902,https://www.goodkyung.com/news/articleView.html?idxno=291902
서울대학교,CBC뉴스,'유 퀴즈 온 더 블럭' 깡통과 레고로 만든 로봇에서 옥스퍼드 7억 장학생...,"이원영 박사는 까치와 남극 펭귄을 연구하며 겪은 경험과 고등학생 시절 최재천의 책을 통해 동물 행동학자의 꿈을 키운 계기, 서울대 연구 활동, 남극 펭귄 연구 과정 등을 소개한다. 그는 서울대 까치에게 뒤통수를...",2026-09-30 20:46,https://www.cbci.co.kr/news/articleView.html?idxno=611095,https://www.cbci.co.kr/news/articleView.html?idxno=611095
서울대학교,경향신문,"‘공익’ 둔갑한 AI ‘무전취식’…내 창작이 날 죽인다면[AI시대, 한국...",▲남형두 서울대 법과대학을 졸업하고 미국 워싱턴대에서 석사·박사 학위를 취득했다. 사법시험 합격 후 법무법인 광장 변호사로 일하다가 2005년 이후 연세대 법학전문대학원 교수로 재직하고 있다. 저작권법을 중심으로...,2026-09-30 20:42,https://www.khan.co.kr/article/202609302042005,https://n.news.naver.com/mnews/article/032/0003473541?sid=102
연세대학교,경향신문,"‘공익’ 둔갑한 AI ‘무전취식’…내 창작이 날 죽인다면[AI시대, 한국...","| 남형두 연세대 법학전문대학원 교수 ④저작권 걸림돌인가 아킬레스건인가 알파고처럼 자기 데이터 사용하거나 학습 뒤 저작물 이용 흔적 지우는 등 AI 기업들, 저작권 문제 회피 안간힘 “스타일만 썼다”거나...",2026-09-30 20:42,https://www.khan.co.kr/article/202609302042005,https://n.news.naver.com/mnews/article/032/0003473541?sid=102
서울대학교,이투데이,"'국중박 분장놀이 1등' 전은솔→'영재발굴단' 출신 강준규, '유퀴즈' 특...",까치부터 남극 펭귄까지 연구해온 이원영 박사는 학창 시절 최재천 교수의 서적을 접한 뒤 동물 연구에 뛰어든 배경과 서울대에서 6년간 까치를 관찰한 일화를 전한다. 일주일이 소요되는 남극을 10차례 오간 연구 여정...,2026-09-30 20:40,https://enter.etoday.co.kr/news/view/303119,https://enter.etoday.co.kr/news/view/303119
서울대학교,메디파나뉴스,정신건강전문요원 '심리상담 공통업무화'…심리학과 학생 반발,충북대학교 심리학과 학부생과 대학원생 등 155명은 30일 공동성명을 발표하고 보건복지부의 '정신건강복지법... 지난 9월 11일 서울대학교 심리학과 대학원생 33명은 시행령 개정안에 반대하는 성명을 발표했다. 이어...,2026-09-30 20:38,https://www.medipana.com/news/articleView.html?idxno=418516,https://www.medipana.com/news/articleView.html?idxno=418516
서울대학교,뉴시스,"조희대, 부친상 조의금 봉투째 돌려줘…""절대 조문 오지말라"" 직원들에...","30일 중앙일보에 따르면 조 대법원장의 서울대 법대·사법연수원 동기인 안홍렬 변호사(68·사법연수원 13기)는 이날 서울대 법대 전체 대화방에 글을 올려 이같은 사실을 전했다. 안 변호사는 ""장례를 치른 후 대법원의 인사...",2026-09-30 20:33,https://www.newsis.com/view/NISX20260930_0003809641,https://n.news.naver.com/mnews/article/003/0014225165?sid=100
서울대학교,노컷뉴스,"TK서 4선 민주당 김상민 ""행정통합은 생존 전략…지역 정치권 나서야""",사실은 제가 또 서울에서 활동을 했었고 해서. 서울에서 했던 경험들을 지역에서 좀 이렇게 좀 돌파하고. 또... ◆ 김상민> 특히 패싱이 아마 메가 프로젝트와 관련하거나 서울대 100개 만들기 중에 경북대가 소외되고 하는...,2026-09-30 20:32,https://www.nocutnews.co.kr/news/6585457?utm_source=naver&utm_medium=article&utm_campaign=20260930083102,https://n.news.naver.com/mnews/article/079/0004194477?sid=102
고려대학교,한경매거진,"홍릉강소특구, 47개 투자기관과 ‘2단계 투자기관협의체’ 출범","이날 행사에는 서울특별시, 한국과학기술연구원(KIST), 경희대학교, 고려대학교 관계자를 비롯해 투자기관... 특히 연구기관과 대학에서 발굴된 우수기술이 기술창업→초기투자→후속투자→기업성장으로 이어질 수...",2026-09-30 20:24,https://magazine.hankyung.com/job-joy/article/202609305892d,https://magazine.hankyung.com/job-joy/article/202609305892d
서울대학교,한겨레,북 “도발” 군사 대응까지 언급…DMZ 긴장 완화 출구 안 보여,김 부장은 30일 조선중앙통신을 통한 담화에서 북한군 지뢰를 사고 원인으로 지목한 우리 군 발표를 “서울의... 장용석 서울대 통일평화연구원 객원연구원은 “2015년 목함지뢰 사건 당시와는 지뢰 매설 지점이나 국제적...,2026-09-30 20:24,https://www.hani.co.kr/arti/politics/politics_general/1280281.html,https://n.news.naver.com/mnews/article/028/0002825412?sid=100
고려대학교,뉴스티앤티,"고려대, 실험실창업 활성화 우수대학 선정…교육부 장관 표창","고려대학교가 실험실창업 활성화 우수대학으로 선정돼 교육부 장관 표창을 받았다. 고려대는 9월30일 열린 '2026 산학협력 EXPO'에서 연구성과 발굴부터 창업, 투자유치, 해외시장 진출까지 연계하는 전주기...",2026-09-30 20:22,https://www.newstnt.com/news/articleView.html?idxno=720918,https://www.newstnt.com/news/articleView.html?idxno=720918
서울대학교,KBS,[대담] 이정열 제주의료원 신임 원장 “지역 완결형 공공의료 완성”,"서울대학교병원 기획조정실장과 중앙보훈병원 병원장, 국군대전병원 병원장 등 경력이 눈에 띄는데요. 제주의료원장에 지원한 이유와 취임 소감 부탁드립니다. [앵커] 제주의료원이 3년 연속 적자 상태죠. 고금리 차입으로...",2026-09-30 20:21,https://news.kbs.co.kr/news/pc/view/view.do?ncd=8674914&ref=A,https://n.news.naver.com/mnews/article/056/0012265757?sid=102
연세대학교,톱스타뉴스,"조정민, 골프 예능 컴백 예고…필드 위 눈부신 비주얼","연세대학교 용인세브란스병원에서 열린 위촉식에 참석해 병원의 의료서비스와 사회공헌 활동을 널리 알리는 역할을 맡게 됐으며, 앞으로 각종 행사와 캠페인에 참여해 병원과 대중을 잇는 가교 역할을 수행할...",2026-09-30 20:20,https://www.topstarnews.net/news/articleView.html?idxno=16230065,https://www.topstarnews.net/news/articleView.html?idxno=16230065
서울대학교,한경매거진,"로맨시브, 동원, 롯데 등 대기업으로 부터 40억원 투자 유치 성공","이후에도 분당서울대학교병원, 경희대학교 한방병원 등 주요 의료기관과의 공동연구를 직접 주도하며 미국 특허를 포함한 특허 5건, FSSC 22000, ISO 22000, ISO140001과 같은 국내외 인증 3건을 확보했다. CES 2024에 소개됐으며...",2026-09-30 20:20,https://magazine.hankyung.com/job-joy/article/202609305885d,https://magazine.hankyung.com/job-joy/article/202609305885d
서울대학교,국민일보,설탕부담금 부과해도 성인 비만 600명 줄어드는 데 그쳐,"안상훈 국민의힘 의원이 30일 국회 의원회관에서 주최한 ‘가당음료 설탕부담금, 근거는 충분한가’ 토론회에서 홍석철 서울대 경제학부 교수는 설탕부담금에 따른 비용·편익 분석 결과를 공개했다. 앞서 이...",2026-09-30 20:19,https://www.kmib.co.kr/article/view.asp?arcid=9000018753&cp=nv,https://n.news.naver.com/mnews/article/005/0001876006?sid=102
고려대학교,국민일보,설탕부담금 부과해도 성인 비만 600명 줄어드는 데 그쳐,"토론회에 참석한 정재훈 고려대의대 예방의학교실 교수는 “당류 자체가 건강에 위협이 된다는 것은 확실한 근거가 쌓였다고 본다”면서도 “설탕부담금이 결국 건강불평등, 건강영향을 줄이는데 도움이 될 것인가...",2026-09-30 20:19,https://www.kmib.co.kr/article/view.asp?arcid=9000018753&cp=nv,https://n.news.naver.com/mnews/article/005/0001876006?sid=102
연세대학교,안전신문,연세대 중대재해처벌법 전문가과정 6기 입학… 안전리더 47명 참여,발생할 수 있는 사고 위험과 이에 대응하기 위한 기업의 안전보건관리체계 구축 필요성을 강조했다. 연세대 법무대학원 중대재해처벌법 전문가과정은 중대재해처벌법 시행 첫해인 2022년 개설돼 올해 6기를 맞았다.,2026-09-30 20:18,https://www.safetynews.co.kr/news/articleView.html?idxno=250790,https://www.safetynews.co.kr/news/articleView.html?idxno=250790
고려대학교,경인일보,"광주 개인정보 유출 살인, 국회 토론회 의제로 다룬다","김은혜·임이자 의원, 안전망 정책세미나 신청주의 등 사법절차 미비점 개선 취지 강효원 고려대 법학... 한편, 이번 세미나 토론자로는 강효원 고려대 법학연구원 전임연구원, 백고은 국민의힘 경기도당 차세대여성위원장...",2026-09-30 20:18,https://www.kyeongin.com/article/1771794,https://www.kyeongin.com/article/1771794
서울대학교,톱스타뉴스,"심소영, LA 해변에서 수영·휴식 만끽…여유로운 근황",심소영은 2015 S/S 서울패션위크를 통해 모델로 데뷔한 뒤 패션 현장을 중심으로 활동을 이어 왔다. 모델... 미국의 리버럴 아츠 칼리지인 웰즐리 칼리지에 17세에 입학한 데 이어 서울대학교 사회과학대학 심리학과...,2026-09-30 20:18,https://www.topstarnews.net/news/articleView.html?idxno=16230060,https://www.topstarnews.net/news/articleView.html?idxno=16230060
서울대학교,경인일보,인천시 재외동포 기능 일원화… ‘한상네트워크 거점’ 조성나서,30일 인천시 등에 따르면 서울 서초구 외교타운 내 위치했던 재외동포협력센터가 10월 1일부로 인천... 당초 경기 시흥시 배곧신도시 서울대 부지 내 건립이 확정됐던 재외동포교육문화센터도 계획을 바꿔 인천으로 올...,2026-09-30 20:10,https://www.kyeongin.com/article/1771792,https://www.kyeongin.com/article/1771792
고려대학교,이뉴스투데이,"KTL 제17대 김선기 원장 취임…""세계가 인정하는 기관으로""","김 원장은 강원 횡성군 출신으로, 고려대 사회학과를 졸업하고 미국 카네기멜론대학교 대학원에서 정보통신기술 석사 학위를 취득했다. 이후 △한국도시가스협회 상근부회장 △대한무역투자진흥공사(KOTRA)...",2026-09-30 20:10,http://www.enewstoday.co.kr/news/articleView.html?idxno=2475859,http://www.enewstoday.co.kr/news/articleView.html?idxno=2475859
서울대학교,한스경제,백악관·韓여야 집결···가상자산·금융 융합 논의,"오경석 두나무 대표가 29일 서울 광진구 그랜드 워커힐 서울에서 열린 '업비트 인스티튜셔널 서밋(UIS 2026)... 이종섭 서울대 경영대학 교수를 좌장으로 최원석 두나무 해외사업총괄, 엄태성 하나금융지주 상무, 황성원...",2026-09-30 20:06,http://www.hansbiz.co.kr/news/articleView.html?idxno=869151,http://www.hansbiz.co.kr/news/articleView.html?idxno=869151
고려대학교,더팩트,"F&F홀딩스, 신임 대표에 마정만 CFO 선임","1966년생인 마 신임 대표는 고려대학교 무역학과를 졸업했다. CJ건설 경영지원본부장을 거쳐 CJ에듀케이션즈 대표이사를 지냈으며, 이후 CJ제일제당 상무이사를 역임했다. 2018년 F&F에 합류한 뒤 재무 부문을...",2026-09-30 20:06,https://news.tf.co.kr/read/economy/2371623.htm,https://n.news.naver.com/mnews/article/629/0000538324?sid=101
연세대학교,지피코리아,"[인터뷰] ""사람 마음에도 스크래치가 있죠""…구본창이 40여 년간 바라본...","연세대 경영학과를 졸업한 뒤 회사원으로 일했다. 익숙한 삶의 틀에서 벗어나고 싶었던 그는 독일로 떠나 함부르크에서 사진디자인을 공부했다. ""찍어가면서 가다듬어진 것 같아요."" 학생 시절에는 이것저것 찍었다. 다른...",2026-09-30 20:00,https://www.gpkorea.com/news/articleView.html?idxno=147160,https://www.gpkorea.com/news/articleView.html?idxno=147160
서울대학교,메디컬월드뉴스,임일한 한국원자력의학원장 취임식 개최,"김동환 서울과학기술대학교 총장, 배충식 KAIST 총장, 윤도영 광운대학교 총장, 최성민 한국원자력학회장... 임일한 원장은 서울대학교 의과대학을 졸업하고 동 대학에서 핵의학 박사 학위를 취득한 원자력병원...",2026-09-30 20:00,https://medicalworldnews.co.kr/news/view.php?idx=1510977556,https://medicalworldnews.co.kr/news/view.php?idx=1510977556
서울대학교,전자신문,UST 입학 지원자 4년 연속 늘었다...지원자 수도 연이어 최다 경신,"과학기술연합대학원대학교(UST·총장 강대임) 입학 지원자가 해를 거듭해 늘어나고 있다. 해를 거듭해... 또한 서울대, 경북대, 세종대 등 일반대학 전임교원 임용, 과학기술정보통신부, 기후에너지환경부 등...",2026-09-30 19:58,https://www.etnews.com/20260930000455,https://n.news.naver.com/mnews/article/030/0003471347?sid=105
연세대학교,인천일보,생산 넘어 창업까지…'K-바이오랩허브' 첫 삽,"초기 기업이 송도에서 기술을 개발하고 성장한 뒤 기존 바이오 기업·대학·연구기관 등과 연계되는 생태계를 만들겠다는 구상이다. 총사업비는 2240억원으로, 국비 1021억원과 시비 930억원, 연세대 208억원(무상 제공...",2026-09-30 19:56,https://www.incheonilbo.com/news/articleView.html?idxno=1333230,https://www.incheonilbo.com/news/articleView.html?idxno=1333230
연세대학교,동양일보,"동양칼럼/ 4,500억 달러의 착시와 대한민국이라는 국가의 질문","［동양일보 동양일보］ 김종대 연세대 통일연구원 객원교수 정부가 발표한 2027년도 예산안은 총지출 820조 9천억 원, 사상 최대 규모다. 여기에 최근 10년간의 세수 추세를 훌쩍 뛰어넘는 초과세수를 묶어 162조 3천억 원...",2026-09-30 19:50,https://www.dynews.co.kr/news/articleView.html?idxno=867881,https://www.dynews.co.kr/news/articleView.html?idxno=867881
서울대학교,팍스경제TV,"기아, '초록여행 x 런피아노' 공연 개최…""장애인 문화예술 지원 확대""","최선자 서울시립발달장애인복지관 관장, 김예지 국회의원, 박종화 서울대 교수, 정의철 기아 기업전략실장 전무, 장상훈 국립민속박물관 관장이 기념촬영을 하고 있다. [사진=기아] 기아가 지난 29일 국립민속박물관에서...",2026-09-30 19:46,http://www.paxetv.com/news/articleView.html?idxno=283063,http://www.paxetv.com/news/articleView.html?idxno=283063
고려대학교,경남일보,"김선기 KTL 신임 원장 ""대표 시험인증 기관 도약 최선""",김 원장은 이날 진주 본원에서 내부 구성원만 참석한 가운데 취임식을 갖고 공식 업무에 들어갔다 김 원장은 강원 횡성 출신으로 고려대 사회학과를 졸업한 뒤 한국방송통신대 법학과를 거쳐 미국 카네기멜론대 대학원...,2026-09-30 19:42,https://www.gnnews.co.kr/news/articleView.html?idxno=646603,https://www.gnnews.co.kr/news/articleView.html?idxno=646603
서울대학교,KBS,[이슈대담] ‘법인화 갈등’ 국립창원대의 미래는?,서울대와 인천대는 교육부 소속의 특별법 국립대학교 그리고 이스트 계열의 4개 대학은 과기부 소속의 특별법 국립대학교 그리고 에너지공대는 기후에너지부 소속의 특별법 국립대학입니다. 모두 다 국립대 지위를 가지고...,2026-09-30 19:36,https://news.kbs.co.kr/news/pc/view/view.do?ncd=8674824&ref=A,https://n.news.naver.com/mnews/article/056/0012265711?sid=102
서울대학교,미디어파인,"서울공대·공군, AI·무인기술 등 미래 국방기술 협력 강화","서울대학교 공과대학이 대한민국 공군과 손잡고 인공지능(AI), 자율·무인기술을 비롯한 첨단 국방기술 분야의 협력을 확대한다. 서울공대는 29일 공과대학 대회의실에서 공군과 '국방기술 분야 상호협력을 위한 합의서'를...",2026-09-30 19:34,https://www.mediafine.co.kr/news/articleView.html?idxno=91307,https://www.mediafine.co.kr/news/articleView.html?idxno=91307
연세대학교,비욘드포스트,"박찬대 인천시장, 송도 K-바이오 랩허브 첫삽…“생산 넘어 창업·신약...","박찬대 인천시장은 30일 연세대학교 국제캠퍼스에서 열린 ‘K-바이오 랩허브’ 착공식에 참석해 송도의... 여기에 대학과 병원, 연구기관, 투자기관과 바이오 스타트업까지 유기적으로 연결되면 송도의 바이오산업...",2026-09-30 19:32,http://www.beyondpost.co.kr/view.php?ud=2026093019204415834c878f8fa1_30,http://www.beyondpost.co.kr/view.php?ud=2026093019204415834c878f8fa1_30
연세대학교,데일리메디,바이오기업·병원 연결…송도 'K-바이오랩허브',"중소벤처기업부는 30일 인천 송도 연세대학교 국제캠퍼스에서 K-바이오랩허브 착공식을 개최했다고... 셀트리온, 삼성바이오로직스, SK바이오사이언스, 롯데바이오로직스를 비롯해 연세세브란스병원 등과 연계해 공동...",2026-09-30 19:26,https://www.dailymedi.com/news/news_view.php?wr_id=941007,https://www.dailymedi.com/news/news_view.php?wr_id=941007
연세대학교,기호일보,바이오창업 마중물 'K-바이오랩허브' 첫삽,"기호일보, KIHOILBO 30일 인천시 연수구 송도 연세대학교 국제캠퍼스에서 열린 'K-바이오랩허브 착공식'에서... 스타트업과 대학, 병원, 기업, 투자기관 간 유기적 협력 생태계가 한층 강화될 전망이다. 박찬대...",2026-09-30 19:26,https://www.kihoilbo.co.kr/news/articleView.html?idxno=3036316,https://www.kihoilbo.co.kr/news/articleView.html?idxno=3036316
고려대학교,경북일보,"경북대, THE 세계대학평가 501~550위…지거국 '단독 1위'","경북대학교가 영국 대학평가기관 THE가 발표한 '2027 THE 세계대학평가'에서 501~550위에 올랐다. 전국... 80위, 고려대 128위 순으로 뒤를 이었다. 세계 1위는 영국 옥스퍼드대로 2017년 평가부터 11년 연속...",2026-09-30 19:24,https://www.kyongbuk.co.kr/news/articleView.html?idxno=4085905,https://www.kyongbuk.co.kr/news/articleView.html?idxno=4085905
연세대학교,경북일보,"경북대, THE 세계대학평가 501~550위…지거국 '단독 1위'","경북대학교가 영국 대학평가기관 THE가 발표한 '2027 THE 세계대학평가'에서 501~550위에 올랐다. 전국... 국내 전체 대학에서는 서울대가 세계 56위로 가장 높고, 카이스트(KAIST) 64위, 성균관대 68위, 연세대...",2026-09-30 19:24,https://www.kyongbuk.co.kr/news/articleView.html?idxno=4085905,https://www.kyongbuk.co.kr/news/articleView.html?idxno=4085905
서울대학교,디지털데일리,“아무도 TV 안 본다”로 끝낼 일인가…‘유료방송 붕괴’의 진짜 문제,◆ '미디어 기본권' 외치지만…정작 떠받칠 사업자는 없다 30일 오후 서울 프레스센터에서 한국방송학회와... 홍종윤 서울대 교수는 “단순히 유료방송을 살리기 위해 규제를 완화해야 한다는 얘기가 아니다”라며...,2026-09-30 19:24,https://www.ddaily.co.kr/page/view/2026093018331144735,https://n.news.naver.com/mnews/article/138/0002243231?sid=105
서울대학교,경북일보,"경북대, THE 세계대학평가 501~550위…지거국 '단독 1위'","경북대학교가 영국 대학평가기관 THE가 발표한 '2027 THE 세계대학평가'에서 501~550위에 올랐다. 전국... 국내 전체 대학에서는 서울대가 세계 56위로 가장 높고, 카이스트(KAIST) 64위, 성균관대 68위, 연세대...",2026-09-30 19:24,https://www.kyongbuk.co.kr/news/articleView.html?idxno=4085905,https://www.kyongbuk.co.kr/news/articleView.html?idxno=4085905
서울대학교,경북일보,"민주당-대구·경북, 국비 확보 '맞손'…신공항·행정통합 지원 논의","또 서울대 10개 만들기 확대 추진, 대구국가산업단지 공공폐수처리시설 증설, 대구권 광역철도 예비차량 구매, 국립뮤지컬콤플렉스 조성 등 주요 국비사업을 설명하고 정부 최종안에 반영될 수 있도록 협조를 구했다....",2026-09-30 19:22,https://www.kyongbuk.co.kr/news/articleView.html?idxno=4085914,https://www.kyongbuk.co.kr/news/articleView.html?idxno=4085914
고려대학교,NEWSTOWN,"경기도교육청, AI 시대 '인성과 관계' 강연","도내 학생과 학부모, 교직원 등을 대상으로 열린 행사에는 조벽 고려대학교 석좌교수가 강연자로 나섰다. 강연 주제는 'AI 시대, 기술을 넘어 사람을 잇는 인성과 관계의 힘'이었다. 조 교수는 인공지능 기술이...",2026-09-30 19:20,http://www.newstown.co.kr/news/articleView.html?idxno=717322,http://www.newstown.co.kr/news/articleView.html?idxno=717322
서울대학교,대경일보,"문경시, 규제혁신·적극행정 및 법제업무 역량 강화 교육",문경시는 30일 서울대학교병원 인재원 대강당에서 문경시 공직자와 문경관광공사 직원 등 100여명을 대상으로 '2026년 규제혁신·적극행정 및 법제업무 역량 강화 교육'을 실시했다. 이번 교육은 자치법규 입안·운용의...,2026-09-30 19:20,https://www.dkilbo.com/news/articleView.html?idxno=555862,https://www.dkilbo.com/news/articleView.html?idxno=555862
서울대학교,IUSM,"박승흡 근로복지공단 이사장 취임…""임금체불제로사회 추진""","춘천고와 서울대학교 국어교육학과를 졸업하고, 숭실대학교에서 노동경제학 석사학위를 취득했다. 1999년 한국비정규노동센터를 설립했으며, 국가인권위원회 차별금지법제정 추진위원, 매일노동뉴스 대표이사, 서울시...",2026-09-30 19:16,https://www.iusm.co.kr/news/articleView.html?idxno=1068639,https://www.iusm.co.kr/news/articleView.html?idxno=1068639
서울대학교,전북도민일보,유정기 전북교육청 부교육감 이임,"전주영생고등학교와 서울대학교 교육학과를 졸업했으며, 제40회 행정고시에 합격해 공직에 입문했다. 이후 교육인적자원부 대학정책과장, 교육부 학생복지정책과장 등을 거쳐 공주대학교와 교육부, 국방대학교 등에서...",2026-09-30 19:14,https://sjbnews.com/news/news.php?number=888989,https://sjbnews.com/news/news.php?number=888989
서울대학교,워크투데이,"기아, 제2회 '초록여행 x 런피아노' 개최 ... 장애인 문화예술 접근성 높...","상무, 서울시립발달장애인복지관 최선자 관장, 김예지 국회의원, 서울대 박종화 교수, 기아 기업전략실장 정의철 전무, 국립민속박물관 장상훈 관장 기아가 장애인의 이동 지원을 넘어 문화·예술 향유 기회를 넓히는...",2026-09-30 19:12,http://www.worktoday.co.kr/news/articleView.html?idxno=89906,http://www.worktoday.co.kr/news/articleView.html?idxno=89906
연세대학교,뉴스웍스,[인천 소식] 인천시민 대축제-불법어업 합동단속-건축정책 업무연찬-'인...,"인천시는 연세대 국제캠퍼스 부지에서 K-바이오 랩허브 착공식을 개최했다. 시설은 미국 보스턴의... 인천시는 셀트리온, 삼성바이오로직스 등 주요 기업과 연세세브란스병원 등 산·학·연·병 자원을 연결해 혁신...",2026-09-30 19:04,https://www.newsworks.co.kr/news/articleView.html?idxno=855229,https://www.newsworks.co.kr/news/articleView.html?idxno=855229
서울대학교,슬로우뉴스,"교통위반 과태료로 채우는 응급의료기금, 이대로면 거덜난다.","서울대학교 보건대학원. 자율주행이 기금 재정 위기로? 자율주행차는 미래 혁신을 상징하지만, 기금 재정엔 악영향을 미친다. 한국교통연구원 등에 따르면, 자율주행차 보급률이 2040년 40%로 확대할 경우, 교통사고...",2026-09-30 19:04,https://slownews.kr/167198,https://slownews.kr/167198
고려대학교,이투뉴스,한국산업기술시험원(KTL) 제17대 김선기 원장 취임…공식업무 개시,"강원 횡성군 출신으로 고려대 사회학과를 졸업하고, 미국 카네기멜론대학교 대학원에서 정보통신기술 석사 학위를 취득했으며, 한국도시가스협회 상근부회장과 대한무역투자진흥공사(KOTRA) 방산물자교역지원센터장...",2026-09-30 19:02,http://www.e2news.com/news/articleView.html?idxno=334724,http://www.e2news.com/news/articleView.html?idxno=334724
서울대학교,경향신문,상영중단·국감 출석·고발···‘암살자(들)’ 뒤쫓는 ‘입틀막 정치...,"주진우 국민의힘 의원은 “사자 명예훼손죄”라고 주장했고, 이종배 전 국민의힘 서울시의원은 29일 허... 이준웅 서울대 언론정보학과 교수는 “역사 영화는 ‘어디까지가 사실일까’ 관객들이 질문하게 하고 탐색하게...",2026-09-30 18:59,https://www.khan.co.kr/article/202609301859001,https://n.news.naver.com/mnews/article/032/0003473465?sid=103
서울대학교,BEMINOR,"병원에 못 가는 발달장애인, 어디서부터 해결해야 할까","왼쪽으로는 김승섭 서울대학교 보건대학원 교수, 김란영 서울대학교 보건환경연구소 연구교수, 김신애 발달장애인 가족 당사자, 박연지 한국피플퍼스트 서울집행위원이 앉았다. 오른쪽에는 임형석 우리동네의원 원장...",2026-09-30 18:54,https://www.beminor.com/news/articleView.html?idxno=30502,https://www.beminor.com/news/articleView.html?idxno=30502
서울대학교,국제뉴스,"대구광역시, TK신공항·행정통합 등 현안 국비 지원 요청...민주당 예산...","또한 대구시는 서울대 10개 만들기 확대, 대구국가산업단지 공공폐수처리시설 증설, 대구권 광역철도 예비차량 구매, 국립뮤지컬콤플렉스 조성 등 주요 국비사업의 필요성을 설명하고, 이 사업들이 정부 최종안에 반영될...",2026-09-30 18:54,https://www.gukjenews.com/news/articleView.html?idxno=3709828,https://www.gukjenews.com/news/articleView.html?idxno=3709828
고려대학교,전자신문,"공석이던 K-문샷 AI과학자 PD, 다시 뽑았다…임성빈 고려대 교수","임 교수는 고려대에서 정치외교학과 수학을 전공하고 동 대학원에서 수학 박사 학위를 받았다. 이후 삼성화재, 딥바이오, 카카오브레인 등에서 데이터 과학·AI 분야 연구원으로 활동했다. 임 교수는 2020년...",2026-09-30 18:49,https://www.etnews.com/20260930000447,https://n.news.naver.com/mnews/article/030/0003471340?sid=105
서울대학교,헬로디디,과학강국 일군 60년···이제 '어떤 나라'로 과총·고등과학원이 다시 ...,"윤지웅 과학기술정책연구원 원장을 좌장으로 임우형 LG AI연구원 원장, 윤태영 서울대학교 생명과학부 교수, 이성빈 KAIST 물리학과 교수가 참여해 AI·바이오·양자 분야의 미래 전망과 기술 간 융합, 인재·인프라·제도...",2026-09-30 18:48,http://www.hellodd.com/news/articleView.html?idxno=113355,http://www.hellodd.com/news/articleView.html?idxno=113355
서울대학교,헬로디디,"AI가 소재 찾고 실험 설계·결과 학습까지···화학연, '자율실험실' 주...",한상수 서울대 교수는 소재과학과 화학 분야의 셀프 드라이빙 랩을 소개했다. 조반니 피치 스위스 폴 셰러 연구소 수석연구원은 'Materials Cloud'를 기반으로 소재 데이터를 활용하는 개방형 디지털 인프라에 대해...,2026-09-30 18:48,http://www.hellodd.com/news/articleView.html?idxno=113351,http://www.hellodd.com/news/articleView.html?idxno=113351
고려대학교,부산일보,김선기 KTL 원장 취임…“대한민국 대표 시험인증기관 도약 위해 최선”,"김 원장은 강원 횡성군 출신으로, 고려대학교 사회학과를 졸업하고 미국 카네기멜론대학교 대학원에서 정보통신기술 석사 학위를 취득했다. 산업통상자원부(현 산업통상부) 바이오융합산업과장·자원안보정책과장...",2026-09-30 18:47,https://www.busan.com/view/busan/view.php?code=2026093018394602651,https://n.news.naver.com/mnews/article/082/0001400607?sid=101
고려대학교,로이슈,"인천대, 뇌 신호로 음성 생성하는 AI 연구 공유… 환자 의사소통 기술로...",인천대학교 AI/SW교육원은 지난 16일 교내 컨벤션센터에서 고려대학교 인공지능학과 이성환 교수를 초청해 ‘생각을 읽고 목소리를 생성하는 Brain-to-Speech 인공지능 연구 현황 및 전망’을 주제로 특강을 열고 관련...,2026-09-30 18:46,http://www.lawissue.co.kr/view.php?ud=202609301502286053d94aa4ada6_12,http://www.lawissue.co.kr/view.php?ud=202609301502286053d94aa4ada6_12
서울대학교,비즈월드,"한국타이어, 미국 '2026 IDEA 디자인 어워드'서 본상 2관왕 차지","서울대학교 순환디자인연구실 디스코랩(DISCO Lab)과 공동 개발한 이 프로젝트는 블래더 분말을 활용해 가구, 브릭, 라이프스타일 굿즈 등 다양한 제품으로 재탄생시켰다. 특히 블래더 브릭을 조립해 만든 조형물...",2026-09-30 18:46,http://www.bizwnews.com/news/articleView.html?idxno=147745,http://www.bizwnews.com/news/articleView.html?idxno=147745
고려대학교,이뉴스투데이,"경기도교육청, 조벽 교수 초청…AI 시대 인성·관계의 가치 조명","강연자로 나선 조벽 고려대학교 석좌교수는 'AI 시대, 기술을 넘어 사람을 잇는 인성과 관계의 힘'을 주제로 이야기를 나눴다. 조 교수는 HD행복연구소 공동소장이자 감정코칭협회 이사장으로 활동하며 인성과 감정코칭...",2026-09-30 18:43,http://www.enewstoday.co.kr/news/articleView.html?idxno=2475832,http://www.enewstoday.co.kr/news/articleView.html?idxno=2475832
고려대학교,충청타임즈,"세종시설관리공단, 2026 에코업(業) 페어 참가",▲ 세종시설관리공단 제공 세종시설관리공단은 고려대학교 세종 에코업혁신융합대학 사업단이 주최하는 2026 에코업(業) 페어 – Eco Career Planning Day에 30일 참가했다. 에코업(業) 페어는 환경 분야 기업들과 청년...,2026-09-30 18:42,http://www.cctimes.kr/news/articleView.html?idxno=930117,http://www.cctimes.kr/news/articleView.html?idxno=930117
서울대학교,그린포스트코리아,[단독][세금이 만든 친환경④] 5년간 제로마켓 939곳 지원했는데··· 서...,"홍종호 서울대 환경대학원 교수도 기존 업체에 대한 재지원을 다시 실적에 포함하는 것에 대해 ""실적 부풀리기만 하면 외화내빈""이라고 지적했다. 11대서도 2년간 환경수자원위 활동…부위원장 ""사업 잘 모른다"" 서울시...",2026-09-30 18:42,https://www.greenpostkorea.co.kr/news/articleView.html?idxno=307537,https://www.greenpostkorea.co.kr/news/articleView.html?idxno=307537
서울대학교,지디넷코리아,"""유료방송, K콘텐츠 플랫폼으로 봐야…규제 체계 전환 필요""",홍종윤 서울대 교수는 30일 서울 종로구 프레스센터에서 열린 지속가능한 미디어 생태계와 규제 혁신 세미나에서 “유료방송은 방송 채널과 시청자를 잇는 핵심 콘텐츠 유통 인프라”라며 “유료방송을 단순한 채널 거래...,2026-09-30 18:42,https://zdnet.co.kr/view/?no=20260930174819,https://n.news.naver.com/mnews/article/092/0002439375?sid=105
서울대학교,서울신문,"2027 소비트렌드는…“AI 일상화시대, 인간의 유일한 무기 ‘안목’될 ...",김난도 서울대 명예교수는 30일 열린 출간 기자간담회에서 ‘권태사회’를 필두로 한 2027년 10대 소비 트렌드를 공개했다. 김 교수는 지난해에 이어 올해도 우리 사회를 관통하는 핵심 동력으로 인공지능(AI)을 지목했다....,2026-09-30 18:41,https://www.seoul.co.kr/news/life/publication-literature/2026/09/30/20260930500263?wlog_tag3=naver,https://n.news.naver.com/mnews/article/081/0003684898?sid=103
연세대학교,더퍼스트미디어,"강남세브란스 이비인후과 박영민 교수 연구팀, 두경부암 전이·면역회피...",▲연세대 강남세브란스병원 이비인후과 박영민 교수 연세대 강남세브란스병원 이비인후과 박영민 교수 연구팀이 미국 서던캘리포니아대학교(USC) 연구팀과 함께 두경부 편평상피세포암의 전이와 면역 회피에...,2026-09-30 18:40,http://www.thefirstmedia.net/news/articleView.html?idxno=209891,http://www.thefirstmedia.net/news/articleView.html?idxno=209891
서울대학교,한국경제,"김난도 ""내년 키워드, 자극 넘쳐도 심심한 '권태사회'""",김난도 서울대 소비자학과 명예교수(사진)가 이끄는 ‘트렌드코리아’ 팀은 내년 한국 사회를 관통할... 김 교수는 30일 서울 태평로 한국프레스센터에서 열린  출간 간담회에서 “과거엔 권태와 자극이...,2026-09-30 18:38,https://www.hankyung.com/article/2026093056441,https://n.news.naver.com/mnews/article/015/0005337820?sid=102
연세대학교,스포츠조선,난치성 두경부암 전이·면역회피 유발 '핵심 단백질' 찾았다…신규 병용...,연세대 강남세브란스병원 이비인후과 박영민 교수 연구팀은 미국 서던캘리포니아대학교(USC) 연구팀과 함께 단일세포 전사체(scRNA-seq) 분석을 통해 전사조절인자 'ETS1'이 암세포의 전이와 면역 회피를 동시에...,2026-09-30 18:37,https://www.sportschosun.com/life/2026-09-30/202609300100204900013705,https://n.news.naver.com/mnews/article/076/0004451433?sid=102
서울대학교,전민일보,전북 현안 밀려선 안 돼…국감 역량 시험대,"지난 연말 1조2000억원 규모의 인공태양 공모 탈락에 이어, 올해는 3대 메가프로젝트 패싱과 전북대의 서울대 10개 만들기 사업 탈락까지 겹치며 도민들은 잇단 상실감을 맛봤다. 다행히 현대차그룹의 새만금 9조원 투자와...",2026-09-30 18:36,http://www.jeonmin.co.kr/news/articleView.html?idxno=447824,http://www.jeonmin.co.kr/news/articleView.html?idxno=447824
고려대학교,파이낸셜뉴스,한진 정책기획담당 부사장에 최종석 전 안전보안실장 선임,"최 부사장은 1970년생으로 서울대 사회복지학과를 졸업하고 코넬대 노사관계대학원 석사, 고려대 경영학 박사 학위를 받았다. 행정고시 합격 후 고용노동부 사무관을 시작으로 대통령실 고용노사비서관실 행정관...",2026-09-30 18:35,https://www.fnnews.com/news/202609301833406223,https://n.news.naver.com/mnews/article/014/0005583238?sid=101
서울대학교,파이낸셜뉴스,한진 정책기획담당 부사장에 최종석 전 안전보안실장 선임,"최 부사장은 1970년생으로 서울대 사회복지학과를 졸업하고 코넬대 노사관계대학원 석사, 고려대 경영학 박사 학위를 받았다. 행정고시 합격 후 고용노동부 사무관을 시작으로 대통령실 고용노사비서관실 행정관...",2026-09-30 18:35,https://www.fnnews.com/news/202609301833406223,https://n.news.naver.com/mnews/article/014/0005583238?sid=101
서울대학교,더퍼블릭,대한민국 역사·사실 왜곡 영화 10편 뜯어보니...법원이 잘라낸 건 세 장...,"12·12의 '서울의 봄', 천안함 좌초설을 담은 '천안함 프로젝트', 원전 폭발을 그린 '판도라'까지 실제 사건과... 서울대 원자력정책센터는 가압경수로 격납건물이 수소폭발 충격까지 견디도록 설계돼 영화 같은 폭발은...",2026-09-30 18:34,https://www.thepublic.kr/news/articleView.html?idxno=320661,https://www.thepublic.kr/news/articleView.html?idxno=320661
서울대학교,경북매일,"TK 패싱론 속 與, 대구경북 예산협의…지역 현안엔 ‘원론적 답변’","한편, 대구시는 서울대 10개 만들기 패키지 지원대학 확대를 비롯해 대구국가산단 공공폐수처리시설 증설, 대구권 광역철도 예비차량 구매, 국립뮤지컬콤플렉스 조성, 로봇산업 연계 국산 AI 반도체 개발·실증, K...",2026-09-30 18:34,https://www.kbmaeil.com/article/20260930500724,https://www.kbmaeil.com/article/20260930500724
서울대학교,한국일보,'사투리'의 어원 [달곰한 우리말],더욱이 '도막>토막'과 평행하게 '도리>토리'의 변화가 상정되므로 궁극적으로는 '도리다(=동그랗게 잘라내다)'에서 기원한 단어가 아닐까 한다. 정승철 서울대 국어국문학과 교수,2026-09-30 18:31,https://www.hankookilbo.com/news/article/A2026093009260004325?did=NA,https://n.news.naver.com/mnews/article/469/0000956962?sid=110
서울대학교,MHN스포츠,"대구시, 민주당 예산정책협의회서 국가산단 폐수시설 등 '10대 주요 국비...",주요 건의 사업으로는 △'서울대 10개 만들기' 확대 추진 △대구국가산업단지 공공폐수처리시설 증설 △대구권 광역철도 예비차량 구매 △국립뮤지컬콤플렉스 조성 등이 집중적으로 제안되었다. 김정기 행정부시장은...,2026-09-30 18:30,https://www.mhns.co.kr/news/articleView.html?idxno=762300,https://www.mhns.co.kr/news/articleView.html?idxno=762300
고려대학교,점프볼,"‘배현식·김수오·김서원 더블더블’ 경희대, 상명대 완파하고 다시 공...",경희대는 30일 경희대학교 국제캠퍼스 선승관에서 열린 2026 KUSF 대학농구 U-리그 상명대와의 경기에서 74... 15승 4패가 된 경희대는 다시 고려대와 함께 공동 3위가 됐다. 상명대는 박인섭(18점 4리바운드 4어시스트)...,2026-09-30 18:28,https://m.sports.naver.com/basketball/article/065/0000302175,https://m.sports.naver.com/basketball/article/065/0000302175
연세대학교,SISANEWS24,"순천향대, AX대학원 선정…충남도 “AI·AX 인재양성 핵심거점 구축”",29일 연세대학교 백양누리홀에서 열린 ‘AI중심대학·AX대학원 공동 출범식’에서 송병국 순천향대 총장... 인공지능혁신대학원 현판을 들고 기념촬영을 하고 있다. 사진=순천향대 제공. 순천향대학교(총장 송병국)가...,2026-09-30 18:26,http://www.sisanews24.co.kr/19551,http://www.sisanews24.co.kr/19551
서울대학교,대구MBC,"민주당, 대구·경북 예산정책협의회 열고 AI·로봇 등 국비 지원 건의","또한 국립 치의학연구원 등 의료 공공기관 유치와 '서울대 10개 만들기' 거점국립대 지원 확대, 대경선 예비 차량 구매 등 10개 주요 사업에 대한 총 313억 원 규모의 국비 증액 지원을 요청했습니다.",2026-09-30 18:26,https://dgmbc.com/NewsArticle/864985,https://n.news.naver.com/mnews/article/657/0000055846?sid=100
서울대학교,파이낸셜뉴스,"與, 공시 제도 개선·디스커버리 도입 추진","민주당 인공지능(AI) 금융·경제추진단과 K자본시장특별위원회는 30일 서울 여의도 한국거래소 홍보관에서... 이종섭 서울대 경영학과 교수는 사전적으로 공시 제도 개선을 통해 정보 대칭성을 확보하고, 사후에는...",2026-09-30 18:25,https://www.fnnews.com/news/202609301824049359,https://n.news.naver.com/mnews/article/014/0005583213?sid=100
고려대학교,경북일보,"엑스코 신임 사장에 이동원 전 코엑스 사장…""AI·디지털 전환 속도""",성균관대 정치외교학과를 졸업하고 고려대 언론대학원에서 광고홍보를 전공한 그는 1986년 LG애드에 입사해 32년간 글로벌 부문을 이끌었다. 서울올림픽과 월드컵 광고를 비롯해 타임·뉴스위크·CNN 등 해외 매체...,2026-09-30 18:22,https://www.kyongbuk.co.kr/news/articleView.html?idxno=4085875,https://www.kyongbuk.co.kr/news/articleView.html?idxno=4085875
고려대학교,매일경제,공석이던 K-문샷 AI과학자 PD에 임성빈 고려대 교수,"임 교수는 삼성화재, 카카오브레인 등 산업계에서 AI를 연구하다가 UNIST AI대학원 교수를 거쳐 2023년부터 고려대 통계학과 교수를 지내고 있다. 산업계와 학계의 AI 연구 경험을 두루 갖고 있다는 게 특징이다. 고려대...",2026-09-30 18:22,https://www.mk.co.kr/article/12165244,https://n.news.naver.com/mnews/article/009/0005742281?sid=105
서울대학교,아주경제,"[AI 인사이트] ""공장에도 사람처럼 '귀'가 필요하다""…아기 울음 듣던 A...",30일 서울 마포구 디플리 사무실에서 만난 이수지 대표는 디플리를 두고 “자동화된 공장에 청각 모듈을... 카이스트 전자과를 졸업한 뒤 서울대 뇌인지과학과에서 뇌파 신호처리를 전공한 그는 뇌파와 소리가 서로 다른...,2026-09-30 18:22,https://www.ajunews.com/view/20260930064132042,https://www.ajunews.com/view/20260930064132042
연세대학교,파이낸셜뉴스,서울 장애인 공공일자리 1년 만에 600개 증가,"영유아 발달장애·자폐스펙트럼 분야 전문가인 천근아 연세대 의과대학 교수는 '발달장애 조기개입의 중요성'을 주제로 강연한다. 장애인식개선 특강과 장애예술인 공연, 중증장애인 미술작품 전시 등도 마련된다.",2026-09-30 18:20,https://www.fnnews.com/news/202609301819165950,https://n.news.naver.com/mnews/article/014/0005583193?sid=102
서울대학교,이로운넷,"서울시교육청, 2027학년도 중등교사 등 694명 선발...공립 규모 전년보다...",서울농학교와 서울대학교사범대학부설중학교는 제1차 시험만 공립과 동시에 치르고 제2차 시험은 학교별로 진행한다. 한국우진학교는 제1·2차 시험 모두 공립과 동시에 시행한다. 사립학교 교사는 76개 학교법인...,2026-09-30 18:20,https://www.eroun.net/news/articleView.html?idxno=91283,https://www.eroun.net/news/articleView.html?idxno=91283
연세대학교,MTN 머니투데이방송,"쿠팡 PB 제조사 5년 새 4배…""PB, 독자 브랜드 육성 발판돼야""","최정혜 연세대 경영대학 교수 역시 ""유통사와 제조기업이 목표 고객과 사용 상황을 함께 설계하는 선순환 협력 구조가 필요하다""며 ""현지 사용 맥락에 맞춘 상품 개발과 역직구 인프라 활용 등 브랜드 현지화를 통해...",2026-09-30 18:18,https://news.mtn.co.kr/news-detail/2026093014570046663,https://news.mtn.co.kr/news-detail/2026093014570046663
고려대학교,마이데일리,"F&F홀딩스, 마정만 신임 대표 선임…“재무 전문가”","1966년생인 마 대표는 고려대학교 무역학과를 졸업했다. 이후 CJ건설 경영지원본부장, CJ에듀케이션즈 대표이사, CJ제일제당 경영전략실 상무이사 등을 역임하며 재무·경영 전략 분야에서 전문성을 쌓았다. 2018년 F...",2026-09-30 18:18,https://www.mydaily.co.kr/page/view/2026093018171573450,https://n.news.naver.com/mnews/article/117/0004110695?sid=103
고려대학교,MTN 머니투데이방송,"F&F홀딩스, 신임 대표이사에 마정만 CFO 선임",제공= F&FF&F홀딩스는 30일 이사회를 열고 신임 대표이사로 마정만 F&F 최고재무책임자(CFO) 전무를 선임했다고 공시했다.마정만 신임 대표이사는 1966년생으로 고려대 무역학과를 졸업한 뒤 CJ그룹에서 주요 경영...,2026-09-30 18:16,https://news.mtn.co.kr/news-detail/2026093017504145944,https://news.mtn.co.kr/news-detail/2026093017504145944
서울대학교,경남도민신문,아침을 열며-국립창원대학교에 고함,국립창원대학교에 고함-이수정/국립창원대 명예교수·철학자 지금 국립창원대학교가 안팎으로 시끄럽다.... 더구나 '서울대 10개 만들기'와 같은 국가적 대학정책의 변화까지 생각한다면 거기서 원천 배제된 국립창원대의...,2026-09-30 18:15,http://www.gndomin.com/news/articleView.html?idxno=491255,http://www.gndomin.com/news/articleView.html?idxno=491255
고려대학교,바스켓코리아,"[대학리그] 넘어져 있어도 노룩패스 보낸 김서원, “동료를 살리는 이타...","경희대는 30일 경희대학교 국제캠퍼스 선승관에서 열린 2026 KUSF 대학농구 U-리그 남대부 정규리그 경기에서 상명대를 74-52로 꺾었다. 15승(4패)째로 고려대와 공동 3위에 자리하며, 상위권 경쟁을 이어갔다. 이날 김서원은...",2026-09-30 18:15,https://basketkorea.com/news/newsview.php?ncode=1065604338001650,https://m.sports.naver.com/basketball/article/351/0000088453
서울대학교,강원도민일보,'권태사회' 벗어나려 '불편함' 기꺼이 사는 사람들…트렌드코리아 2027 ...,"미래 전망서 '트렌드코리아 2027' 출간에 따른 키워드 발표회가 30일 서울 한국프레스센터에서 열렸다.... 대표저자인 소비학자 김난도 서울대 명예교수는 이날 설명회에서 '권태사회'를 대표 개념으로 꼽으면서 ""지나친...",2026-09-30 18:13,https://www.kado.net/news/articleView.html?idxno=2075732,https://n.news.naver.com/mnews/article/654/0000203244?sid=103
서울대학교,파이낸셜포스트,"유료방송 매출 감소 '경고등'...전문가들 ""규제 풀고 비용 낮춰야""",이어 홍종윤 서울대학교 교수는 유료방송을 중소 PP와 지역 채널이 시청자를 만나는 핵심 창구이자 미디어 생태계의 '기간 플랫폼'으로 정의했다. 유료방송의 약화가 콘텐츠 제작 인프라 전반의 경색으로 이어지는 만큼...,2026-09-30 18:12,https://www.financialpost.co.kr/news/articleView.html?idxno=278138,https://www.financialpost.co.kr/news/articleView.html?idxno=278138
서울대학교,헤럴드경제,"韓 소부장 14개사, 日 규슈 공급망 노크…한일 반도체 64개사 만난다","국내 참가 기업은 서울대 시스템반도체산업진흥센터(SIPC), 한국나노융합산업협회, 코트라가 기술력과 시장성 등을 심사해 선정했다. 이번 행사의 초점은 단순 제품 판매를 넘어 일본 반도체 공급망에 한국 기업을...",2026-09-30 18:11,https://biz.heraldcorp.com/article/10889511?ref=naver,https://n.news.naver.com/mnews/article/016/0002703908?sid=101
서울대학교,조선일보,"지역 국립대병원 전문의 수, 수도권 빅5 절반 수준",30일 국회 보건복지위원회 소속 더불어민주당 박용갑 의원이 보건복지부로부터 제출받은 자료를 분석한 결과 올해 6월 기준 수도권 '빅5' 대형병원(서울아산·세브란스·서울성모·삼성서울·서울대) 10병상당 전문의...,2026-09-30 18:10,https://health.chosun.com/site/data/html_dir/2026/09/30/2026093005121.html,https://n.news.naver.com/mnews/article/346/0000116740?sid=004
연세대학교,경인방송,송도 K 바이오 랩허브 착공…2029년 1월 준공 목표,"인천경제자유구역청은 오늘(30일) 연세대학교 국제캠퍼스 내 사업 부지에서 K 바이오 랩허브 착공식을 했다.... 인천시는 송도에 집적된 바이오 기업과 대학, 병원, 연구기관 등 기존 산업 인프라와 연계해 연구·창업...",2026-09-30 18:10,https://news.ifm.kr/news/articleView.html?idxno=480624,https://news.ifm.kr/news/articleView.html?idxno=480624
서울대학교,매일신문,"""부친상 조용히 치르겠다""던 조희대, 조의금도 봉투째 전부 돌려줬다","30일 중앙일보 보도에 따르면 조 대법원장의 서울대 법대·사법연수원 동기인 안홍렬 변호사(68·사법연수원 13기)는 이날 서울대 법대 전체 대화방에 이 같은 내용의 글을 올렸다. 안 변호사는 ""장례를 치른 후 대법원의 인사...",2026-09-30 18:09,https://www.imaeil.com/page/view/2026093017261683284,https://n.news.naver.com/mnews/article/088/0001031526?sid=100
연세대학교,게임뷰,"[네이버 종합] 네이버 최수연 대표, 'UN글로벌콤팩트' 참석 소식 외","■ 네이버, '스마트스토어 10년 진화 경로 보고서' 발간 네이버(대표이사 최수연)가 서울대학교 유병준 교수 연구팀과 연세대학교 최보름 교수 연구팀이 공동으로 연구한 'D-커머스 리포트 2026: 스마트스토어 10년 진화...",2026-09-30 18:08,https://www.gamevu.co.kr/news/articleView.html?idxno=61120,https://www.gamevu.co.kr/news/articleView.html?idxno=61120
서울대학교,게임뷰,"[네이버 종합] 네이버 최수연 대표, 'UN글로벌콤팩트' 참석 소식 외","■ 네이버, '스마트스토어 10년 진화 경로 보고서' 발간 네이버(대표이사 최수연)가 서울대학교 유병준 교수 연구팀과 연세대학교 최보름 교수 연구팀이 공동으로 연구한 'D-커머스 리포트 2026: 스마트스토어 10년 진화...",2026-09-30 18:08,https://www.gamevu.co.kr/news/articleView.html?idxno=61120,https://www.gamevu.co.kr/news/articleView.html?idxno=61120
서울대학교,뉴스1,"김민석 대표 ""예산 각별히 챙기겠다""…TK, 민주당에 국비 지원 요청(종합...","또 서울대 10개 만들기 확대 추진, 대구국가산업단지 공공폐수처리시설 증설, 대구권 광역철도 예비차량 구매, 국립뮤지컬콤플렉스 조성 등 주요 국비사업이 정부 최종안에 반영될 수 있도록 지원을 요청했다. 김정기...",2026-09-30 18:08,https://www.news1.kr/local/daegu-gyeongbuk/6306598,https://n.news.naver.com/mnews/article/421/0009201773?sid=102
서울대학교,경북도민일보,"대구시, 민주당에 'TK신공항·행정통합' 속도전 촉구…국비 10건 반영 건...","주요 건의 사업에는 △서울대 10개 만들기 확대 추진 △대구국가산업단지 공공폐수처리시설 증설 △대구권 광역철도 예비차량 구매 △국립뮤지컬콤플렉스 조성 등이 포함됐다. 김정기 대구시 행정부시장은 ""이번...",2026-09-30 18:08,https://www.hidomin.com/news/articleView.html?idxno=723194,https://www.hidomin.com/news/articleView.html?idxno=723194
서울대학교,리걸타임즈,"[로펌 iN] 태평양 강태욱 변호사, 개인정보보호위원장 표창 수상","이날 서울 양재 엘타워에서 진행된 '제6회 개인정보 보호의 날' 기념식에서 표창을 받은 강 변호사는 ""AI... ◇강태욱 변호사 서울대 법대 재학 중 제40회 사법시험에 합격한 강 변호사는 2002년 판사로 임용되어 다양한...",2026-09-30 18:06,http://www.legaltimes.co.kr/news/articleView.html?idxno=96269,http://www.legaltimes.co.kr/news/articleView.html?idxno=96269
연세대학교,아이뉴스24,"서울시, 장애인 맞춤형 일자리 428개 발굴…58명은 민간기업 취업","발달장애·자폐스펙트럼 분야 전문가인 천근아 연세대 의과대학 교수는 발달장애 조기개입의 중요성을 주제로 강연했고, 장애인식 개선 교육과 장애예술인 공연, 중증장애인 미술작품 전시 등이 이어졌다. 시는...",2026-09-30 18:05,http://www.inews24.com/view/2010612,https://n.news.naver.com/mnews/article/031/0001062518?sid=102
연세대학교,전국매일신문,"부산교육청, 초등 관리자 장학 역량 강화 연수 운영",첫날에는 연세대학교 김영훈 교수가 '노력과 재능을 대하는 태도'를 주제로 강연에 나서 비교 중심의 교육문화에서 벗어나 학생 개개인의 특성을 존중하는 성장 지원 방안을 제시한다. 참석자들은 특강 이후 학교...,2026-09-30 18:04,https://www.jeonmae.co.kr/news/articleView.html?idxno=1297867,https://www.jeonmae.co.kr/news/articleView.html?idxno=1297867
서울대학교,BBS NEWS,심리학과 학생들도 '뿔났다'...'수련 과정 다른데 공통 업무라고?',서울대에 이어 충북대 심리학과 학생들도 심리상담의 전문성이 훼손될 수 있다며 공동 대응에 나섰습니다.... 어제는 가톨릭대학교 심리학과 학생들이 우려를 표명한 데 이어 오늘은 충북대학교 심리학과 학생 150여 명도...,2026-09-30 18:04,https://news.bbsi.co.kr/news/articleView.html?idxno=4109622,https://news.bbsi.co.kr/news/articleView.html?idxno=4109622
서울대학교,디지털투데이,"""유료방송 위기, K-콘텐츠 투자·유통 기반 흔든다""...규제 혁신 촉구","홍종윤 서울대 언론정보학과 교수는 30일 서울 중구 한국프레스센터에서 열린 '지속 가능한 미디어 생태계와 규제 혁신을 위한 통합 세미나'에서 ""유료방송 경쟁력 제고는 단순히 가입자 방어가 아니라 플랫폼 고유의...",2026-09-30 18:04,https://www.digitaltoday.co.kr/news/articleView.html?idxno=704031,https://www.digitaltoday.co.kr/news/articleView.html?idxno=704031
서울대학교,서울경제,푸바오·늑구 이번엔 ‘부캉이’…식지 않는 동물 팬덤,곽금주 서울대 심리학과 교수는 “반려동물 시대가 오면서 동물에 대한 친근감이 야생동물에게까지 확장되고 야생이 주는 자유로움과 해방감에도 사람들이 감정을 이입하게 됐다”며 “특정 동물의 인기가 커지면 이를...,2026-09-30 18:02,https://www.sedaily.com/article/20096766?ref=naver,https://n.news.naver.com/mnews/article/011/0004666982?sid=102
서울대학교,CNB뉴스,"하나금융그룹, 주요 관계사 CEO 경영승계 절차 시작","이재민 서울대 법학전문대학원 교수, 서영숙 전 SC제일은행 전무, 최현자 서울대 소비자학과 교수다. 이사는 이사회 구성원이다. 사외이사는 회사 외부 이사이므로 사외이사(社外理事)라고 부르며 독립이사라고도...",2026-09-30 18:02,https://www.cnbnews.com/news/articleView.html?idxno=1017656,https://www.cnbnews.com/news/articleView.html?idxno=1017656
연세대학교,인천in,바이오 스타트업 종합지원 플랫폼인 송도 'K-바이오 랩허브' 착공,송도국제도시 연세대 국제캠퍼스 내 'K-바이오 랩허브' 조감도(자료제공=인천시) 바이오 창업 및 신생기업 성장의 산실이 될 인천 송도국제도시 'K-바이오 랩허브'가 착공했다. 인천시는 30일 송도 연세대 국제캠퍼스...,2026-09-30 18:02,http://www.incheonin.com/news/articleView.html?idxno=121149,http://www.incheonin.com/news/articleView.html?idxno=121149
연세대학교,한국경제TV,"K-바이오랩허브, 인천 송도서 착공식...""스타트업 창업 지원""","중소벤처기업부가 인천 송도 연세대학교 국제캠퍼스에서 'K-바이오랩허브'의 착공식을 30일 개최했다. K... 윤동섭 연세대학교 총장, 삼성바이오로직스와 셀트리온 등 기업 관계자들이 참석했다. K-바이오랩허브...",2026-09-30 18:02,http://www.wowtv.co.kr/NewsCenter/News/Read?articleId=A202609300172&t=NN,https://n.news.naver.com/mnews/article/215/0001267764?sid=101
서울대학교,약사공론,제약산업 과제에 도전한 약대생들…'2026 과제해결경진대회' 개최,"마케킹즈팀 팀장 이지민 서울대 약학대학 6학년 학생은 ""처음 세운 방향을 고수하기보다 근거에 따라 문제를 다시 보고 전략을 수정하는 것의 중요성을 배웠다""며 이번 경험이 제약·헬스케어 분야의 업무를 체감하고 진로...",2026-09-30 17:58,https://www.kpanews.co.kr/news/articleView.html?idxno=545215,https://www.kpanews.co.kr/news/articleView.html?idxno=545215
서울대학교,BBS NEWS,"대구시, 민주당 예산정책협의회 참석…현안 해결·국비 지원 요청","또, '서울대 10개 만들기' 확대 추진을 비롯해 대구국가산업단지 공공폐수처리시설 증설, 대구권 광역철도 예비차량 구매, 국립뮤지컬콤플렉스 조성 등 지역 핵심 국비 사업들이 정부 최종안에 반드시 포함될 수 있도록...",2026-09-30 17:56,https://news.bbsi.co.kr/news/articleView.html?idxno=4109625,https://news.bbsi.co.kr/news/articleView.html?idxno=4109625
연세대학교,월간노동법률,"중앙경제HR교육원, ‘제11기 노사관계ㆍ노무관리 전문가 과정’ 개강",교수진으로는 ▲권오성 연세대 법학전문대학원 교수 ▲권혁 고려대 노동대학원 교수 ▲송연창 법무법인 율촌 변호사 ▲안순사 법무법인 율사서재 변호사 ▲한용현 한계단 법률사무소 변호사 ▲윤광희...,2026-09-30 17:54,http://www.worklaw.co.kr/view/view.asp?accessSite=Naver&accessMethod=Search&accessMenu=News&in_cate=125&in_cate2=0&gopage=1&bi_pidx=39622,http://www.worklaw.co.kr/view/view.asp?accessSite=Naver&accessMethod=Search&accessMenu=News&in_cate=125&in_cate2=0&gopage=1&bi_pidx=39622
고려대학교,매일일보,"세종시설공단, '에코업 페어' 참가…환경 분야 인재와 소통",고려대학교 세종 에코업혁신융합대학사업단이 주최한 이번 행사에는 세종시설공단을 비롯해 환경 분야 기업·기관 20여 곳과 5개 대학 연구실이 참여했다. 공단은 홍보·상담 부스를 운영하며 학생들을 대상으로 환경...,2026-09-30 17:54,https://www.m-i.kr/news/articleView.html?idxno=2001451,https://www.m-i.kr/news/articleView.html?idxno=2001451
고려대학교,월간노동법률,"중앙경제HR교육원, ‘제11기 노사관계ㆍ노무관리 전문가 과정’ 개강",부득이하게 참석이 어려운 경우를 고려해 동영상 다시 보기도 제공한다. 교수진으로는 ▲권오성 연세대 법학전문대학원 교수 ▲권혁 고려대 노동대학원 교수 ▲송연창 법무법인 율촌 변호사 ▲안순사 법무법인...,2026-09-30 17:54,http://www.worklaw.co.kr/view/view.asp?accessSite=Naver&accessMethod=Search&accessMenu=News&in_cate=125&in_cate2=0&gopage=1&bi_pidx=39622,http://www.worklaw.co.kr/view/view.asp?accessSite=Naver&accessMethod=Search&accessMenu=News&in_cate=125&in_cate2=0&gopage=1&bi_pidx=39622
연세대학교,대학저널,"한림대, AI중심대학·AX대학원 동시 선정",지난 29일 연세대학교 백양누리홀에서 ‘AI중심대학·AX대학원 공동 출범식’이 개최됐다. AI중심대학으로 선정된 한림대학교는 2026년부터 2033년까지 8년간 총 212.3억 원의 정부 지원을 받아 AI 인재양성에 나선다....,2026-09-30 17:54,https://dhnews.co.kr/news/view/1065602957108654,https://dhnews.co.kr/news/view/1065602957108654
서울대학교,스마트타임스,"두나무, 美 백악관·재무부·韓 여야 의원과 디지털금융 논의…UIS 성료",두나무는 지난 29일 서울 광진구 그랜드 워커힐 서울에서 '업비트 인스티튜셔널 서밋(UIS)'을 열고 글로벌... 국내 금융산업의 온체인 전환 세션에는 이종섭 서울대 경영대학 교수를 좌장으로 두나무와 하나금융지주...,2026-09-30 17:52,http://www.smarttimes.co.kr/news/articleView.html?idxno=49357,http://www.smarttimes.co.kr/news/articleView.html?idxno=49357
고려대학교,메디파나뉴스,"고대안산병원, 의료기기 개발업체-의료진 네트워크 행사 개최","고려대 안산병원 연구부는 첨단 의료기기 사업단을 주축으로 디지털 치료제(DTx), 3D 바이오프린팅, 광학... 이주한 고려대 안산병원 연구부원장은 ""의료기기는 기술 자체의 우수성만큼이나 실제 의료 현장에서 의료진과...",2026-09-30 17:52,https://www.medipana.com/news/articleView.html?idxno=418513,https://www.medipana.com/news/articleView.html?idxno=418513
고려대학교,비즈월드,"한양대 ERICA, 43.85억 규모 산학연 공동개발로 금형 지능형 가이드 구축","이번 과제는 주관연구개발기관인 자이컨시를 중심으로 한양대 ERICA, 인공지능 전문기업 아이젠, 한국생산기술연구원, 고려대학교, 미국 텍사스 A&M 대학교(Texas A&M University), 수요기업 ㈜한국몰드와 제이티 등이...",2026-09-30 17:52,http://www.bizwnews.com/news/articleView.html?idxno=147728,http://www.bizwnews.com/news/articleView.html?idxno=147728
서울대학교,중앙일보,피부색 다른데 “액땜” 유창한 한국말…용병 아니라 토종입니다,"체육철학자 김정효 서울대 연구교수는 “같은 민족인지 여부를 결정하는 핵심 기준은 ‘공유된 기억’이다. 한글과 이순신, 유관순 등 역사의 공유를 통해 ‘우리’라는 소속감을 느끼는 것이다. 한국어를 유창하게...",2026-09-30 17:52,https://www.joongang.co.kr/article/25466088,https://n.news.naver.com/mnews/article/025/0003554877?sid=104
서울대학교,FETV,"[단독] LG엔솔, 김재권 상무 '마케팅→전략가' 변신","1977년생인 김 상무는 서울대 응용화학 석사를 졸업한 인물로 아시아사업 총괄, 마케팅2그룹장을 역임했다. 그동안 CSO를 재무 혹은 전략 분야에 경험을 갖춘 임원을 배치했다면 이번에 마케팅을 담당했던 인물에게...",2026-09-30 17:52,https://www.fetv.co.kr/news/articleView.html?idxno=311044,https://www.fetv.co.kr/news/articleView.html?idxno=311044
고려대학교,루키,"""농구에 눈을 뜬 것 같다"" 드래프트를 준비하는 경희대 김서원이 원하는...","경희대학교는 30일 경희대학교 국제캠퍼스 선승관에서 열린 2026 대학농구 U-리그 상명대학교와의 경기에서 74... 고려대학교와의 경기가 아쉽지만 상대가 어떤 팀이든 간에 결승까지 가고 싶다""라고 덧붙였다. 마지막으로...",2026-09-30 17:51,http://www.rookie.co.kr/news/articleView.html?idxno=127489,https://m.sports.naver.com/basketball/article/398/0000103083
서울대학교,글로벌경제신문,"김난도 교수, 2027년 슬로건으로 '알파쉽(ALPHA SHEEP)' 제시…10대 소비...","김난도 서울대 소비자학과 명예교수는 30일 오전 서울 중구 프레스센터에서 '트렌드코리아 2027'(미래의 창) 출간 간담회를 열고, 2027년 10대 소비트렌드를 소비했다. 최근 몇년간 10대 키워드를 통해 인공지능(AI)을...",2026-09-30 17:50,https://www.getnews.co.kr/news/articleView.html?idxno=882271,https://www.getnews.co.kr/news/articleView.html?idxno=882271
서울대학교,아이티데일리,"조영태 서울대 교수 ""인구 변화, 불안 아닌 AI·SW 기업 새 기회로 봐야...",한국인공지능·소프트웨어산업협회(KOSA)는 30일 서울 삼정호텔에서 '제39회 KOSA 런앤그로우 포럼'을... 이번 포럼에서는 국내 인구학 권위자 조영태 서울대학교 인구정책연구센터장(보건대학원 교수)이 'AI 시대 인구와 부...,2026-09-30 17:50,https://www.itdaily.kr/news/articleView.html?idxno=241937,https://www.itdaily.kr/news/articleView.html?idxno=241937
연세대학교,중부일보,송도 바이오 텃밭에 '줄기' 구축… K-바이오 랩허브 첫 삽,윤동섭 연세대학교 총장(오른쪽 네 번째) 등 참석자들이 기념촬영과 발파 버튼 세리머니를 하며 기념촬영을... 30일 오후 연세대학교 국제캠퍼스에서 국내 바이오 스타트업 육성의 핵심 거점이 될 'K-바이오 랩허브...,2026-09-30 17:50,https://www.joongboo.com/news/articleView.html?idxno=363738145,https://www.joongboo.com/news/articleView.html?idxno=363738145
고려대학교,한국경제,한미반도체 '초대박' 난 이유는 [한경 프리미엄9 TODAY],먹거리 파동이 시장에 어떤 영향을 미치는지 유지상 고려대 식품자원경제학과 교수가 분석했다. 20만원짜리 바지에 지갑 열린다 프리미엄 애슬레저 브랜드의 인기가 뜨겁다. 룰루레몬이 국내 진출 9년 만에 2000억원대...,2026-09-30 17:49,https://www.hankyung.com/article/2026093056931,https://n.news.naver.com/mnews/article/015/0005337754?sid=101
고려대학교,서울경제,“책임감·창의성 갖춘 ‘사람’에 투자…1조대 VC로 성장한 비결이죠”...,고려대 무역학과를 졸업하고 1993년 삼성물산에 입사한 그는 무역 업무를 거쳐 기술사업 관련 조직에서... He is… △1967년 서울 △충암고 △고려대 무역학과 △1993년 삼성물산 신기술사업부 △1995년 삼양종합금융...,2026-09-30 17:48,https://www.sedaily.com/article/20096741?ref=naver,https://n.news.naver.com/mnews/article/011/0004666962?sid=101
고려대학교,뉴시스,"F&F홀딩스, 마정만 신임 대표이사 선임…내달 1일 취임","1966년생인 마 신임 대표는 고려대학교 무역학과를 졸업했다. CJ건설 경영지원본부장과 CJ에듀케이션즈 대표이사, CJ제일제당 경영전략실 상무이사 등을 거치며 재무·경영 분야에서 경력을 쌓았다. 2018년 F&F에...",2026-09-30 17:47,https://www.newsis.com/view/NISX20260930_0003809507,https://n.news.naver.com/mnews/article/003/0014225000?sid=101
연세대학교,이코노미스트,"신한금융, 일본과 금융 협력 확대 모색…탄소시장·디지털자산 주목","연세대학교 환경금융대학원과 한국녹색금융포럼이 주관하고 신한금융이 후원한 이번 컨퍼런스에는 국내외 대학 및 연구기관, 금융당국, 아시아개발은행 등 주요 기관 관계자들이 참석해 ▲기후전환 금융정책...",2026-09-30 17:47,https://economist.co.kr/article/view/ecn202609300059,https://n.news.naver.com/mnews/article/243/0000103716?sid=101
서울대학교,교수신문,"""양치는 하루에 세 번 꼭 해야 하나요?""…전북대 허석모 교수, 양치 통념...","허석모 교수는 서울대 치과대학을 졸업하고 미국 뉴욕주립대 버펄로 치과대학에서 치주과 전문의 과정을 수료했으며, 같은 대학원에서 구강생물학 박사학위를 받았다. 현재 전북대 치과대학 치주과학교실 교수이자...",2026-09-30 17:46,https://www.kyosu.net/news/articleView.html?idxno=210786,https://www.kyosu.net/news/articleView.html?idxno=210786
서울대학교,교수신문,"""대학이 키운 인재, 산업 현장 거쳐 지역으로""…산학연협력 엑스포 개막","교육부는 이를 위해 올해 앵커(지역성장 인재양성체계, 옛 라이즈) 체계를 개편하고, 성장엔진 연계 지역인재 양성 방안(서울대 10개 만들기)을 수립했다. 최 장관은 ""올해는 5극3특이라는 초광역 권역 중심의 국가 균형...",2026-09-30 17:46,https://www.kyosu.net/news/articleView.html?idxno=210790,https://www.kyosu.net/news/articleView.html?idxno=210790
고려대학교,딜사이트,"F&F홀딩스, 신임 대표에 '재무통' 마정만 전무 선임","마 신임 대표는 1966년 태어나 고려대학교 무역학과를 졸업했다. 이후 CJ그룹에서 CJ제일제당 재무팀, CJ ENM 재경팀 등을 거치며 재무전문가로 경력을 쌓았다. 20018년 에프앤에프홀딩스로 자리를 옮겨 재무총괄 상무...",2026-09-30 17:46,https://dealsite.co.kr/articles/169920,https://dealsite.co.kr/articles/169920
서울대학교,전북도민일보,국립의학전문대학 서울·남원 이원화 운영되나,정부의 서울대 만들기 프로젝트에서 전북대가 포함되지 않자 제2차 '전북몫 찾기' 운동을 하자는 주장을 펴고 있다. 따라서 보건복지부의 국립의학전문대학 최종 소재지가 전북 남원이 아닌 서울과 남원으로 이원화 될...,2026-09-30 17:44,http://www.domin.co.kr/news/articleView.html?idxno=1570578,http://www.domin.co.kr/news/articleView.html?idxno=1570578
고려대학교,이투데이,"F&F홀딩스, 마정만 신임 대표 선임…박의헌 대표 사임",마 신임 대표는 고려대학교 무역학과를 졸업했다. 이후 CJ에듀케이션즈 대표와 CJ제일제당 상무 등을 거쳐 2018년 F&F에 합류해 재무 부문을 총괄해왔다. 기존 박 대표는 일신상의 이유로 대표이사와 사내이사직을...,2026-09-30 17:44,https://www.etoday.co.kr/news/view/2631107,https://www.etoday.co.kr/news/view/2631107
고려대학교,바스켓코리아,"[대학리그] ‘공동 3위 도약’ 경희대, 상명대 꺾고 고려대와 어깨 나란...","경희대는 30일 경희대학교 국제캠퍼스 선승관에서 열린 2026 KUSF 대학농구 U-리그 남대부 정규리그 경기에서 상명대를 74-52로 꺾었다. 15승(4패)째로 고려대와 공동 3위에 자리하며, 상위권 경쟁을 이어갔다. 경희대가...",2026-09-30 17:43,https://basketkorea.com/news/newsview.php?ncode=1065602463114575,https://m.sports.naver.com/basketball/article/351/0000088451
서울대학교,뷰티누리,"헤어케어 기술 경쟁…아모레퍼시픽은 롱제비티, 코스맥스는 AI","코스맥스는 서울대학교와 공동으로 손상모의 인장 강도를 개선하는 신소재 '코어링크-에스(Corelink-S)'를 개발했으며, 해당 기술은 세계 최대 뷰티 박람회 '코스모프로프 볼로냐'의 '코스모팩 어워즈' 헤어케어 제형...",2026-09-30 17:42,https://www.thebk.co.kr/news/articleView.html?idxno=311957,https://www.thebk.co.kr/news/articleView.html?idxno=311957
연세대학교,매일경제,'연구환경 강화' 韓대학 나란히 상승…中대학 톱10 진입 눈앞,"세계 톱100에는 서울대와 KAIST를 비롯해 성균관대와 연세대까지 4개 대학이 이름을 올렸고, 300위권 내로 범위를 넓히면 10개 대학으로 늘어난다. 국내 1위 서울대는 세계 56위로 지난해 58위에서 2계단 올라섰다....",2026-09-30 17:41,https://www.mk.co.kr/article/12165192,https://n.news.naver.com/mnews/article/009/0005742246?sid=102
서울대학교,매일경제,'연구환경 강화' 韓대학 나란히 상승…中대학 톱10 진입 눈앞,2027 THE 세계대학평가 韓대학 4곳 '톱100위' 유지 성균관대 19계단 뛰어 68위 서울대 14년연속 국내 최고... 14년 연속 국내 1위를 차지한 서울대(56위)와 KAIST(64위)에 이은 국내 3위로 역대 최고 성적이다. THE는 30일 전...,2026-09-30 17:41,https://www.mk.co.kr/article/12165192,https://n.news.naver.com/mnews/article/009/0005742246?sid=102
고려대학교,매일경제,'연구환경 강화' 韓대학 나란히 상승…中대학 톱10 진입 눈앞,고려대는 세계 128위로 국내 5위였지만 지난해 156위에서 28계단이나 오르며 국내에서 개별 순위를 받은 대학 중 가장 큰 상승폭을 기록했다. 최상위권에서는 여전히 영국·미국 명문대들이 우세를 보인 가운데...,2026-09-30 17:41,https://www.mk.co.kr/article/12165192,https://n.news.naver.com/mnews/article/009/0005742246?sid=102
고려대학교,인사이트코리아,구광모 '원 LG' vs 이재용 '팀 삼성'…글로벌 AI 인프라 대결 뜨겁다,"최병호 고려대 인공지능연구소 교수는 ""두 그룹 모두 계열사 역량과 자본을 활용할 수 있는 만큼, 현재의 차이는 어떤 방식을 먼저 택하느냐의 문제""라며 ""선택과 집중의 차이일 뿐, 사업이 확대되면 접근 방식도...",2026-09-30 17:40,https://www.insightkorea.co.kr/news/articleView.html?idxno=255609,https://www.insightkorea.co.kr/news/articleView.html?idxno=255609
연세대학교,전자신문,"중기부, '산학연병' 바이오 거점 구축 나선다…'송도 K-바이오랩허브' ...","중기부는 30일 연세대 국제캠퍼스 내 공사부지에서 착공식을 열고 이같은 내용의 중장기 운영 로드맵을... 연세대와 세브란스병원, 국가연구기관 등과 협력해 기술이전과 공동연구, 전임상을 잇고 VC 데모데이를...",2026-09-30 17:40,https://www.etnews.com/20260930000439,https://n.news.naver.com/mnews/article/030/0003471333?sid=101
연세대학교,뉴스경남,"경상국립대 김기현 교수 연구팀, 물에 젖어도 잘 부풀지 않는 음이온 막...","경상국립대(총장 권진회)는 공과대학 나노신소재융합공학부 김기현 교수 연구팀이 한국화학연구원 소순용 박사팀, 연세대 이상영 교수팀과 함께 새로운 음이온교환막을 개발했다고 밝혔다. 이 막은 화학적...",2026-09-30 17:38,https://www.newsgn.com/news/articleView.html?idxno=576962,https://www.newsgn.com/news/articleView.html?idxno=576962
서울대학교,중도일보,"박세웅 ETRI원장 ""국가적 대형R&D 직접 발굴, 지역과 실증과 사업화""","박 원장은 서울대 전기·정보공학부 교수로 32년간 재직하고 5월 20일 ETRI 제11대 원장으로 취임했다. 박 원장은 ""AI를 중심으로 기술 패러다임이 바뀌고 PBS 폐지 등 정부출연연구기관의 연구환경에도 근본적인 변화가...",2026-09-30 17:38,https://www.joongdo.co.kr/web/view.php?key=20260930010009200,https://www.joongdo.co.kr/web/view.php?key=20260930010009200
고려대학교,강원도민일보,"속초 썸머 페스티벌, 방문객도 상권 소비도 늘었다… 축제 기간 방문객...",30일 속초시가 고려대 디지털혁신연구센터와 함께 '2026 속초 썸머 페스티벌'에 대해 이동통신 빅데이터 분석을 실시한 결과 축제 기간 사흘간(7월31일~8월2일) 누적 방문객은 10만 8532명으로 나타났다. 축제 1주 전...,2026-09-30 17:38,https://www.kado.net/news/articleView.html?idxno=2075712,https://n.news.naver.com/mnews/article/654/0000203227?sid=102
고려대학교,서울경제,“물 들어올 때 노 젓자”…실탄 확보 속도내는 네오클라우드 업계,"몬드리안에이아이는 AI 연산에 특화된 GPU 인프라와 클라우드 운영 플랫폼을 제공하는 기업으로, LG AI 연구원·고려대 등을 고객사로 확보하고 있다. 최근 네오클라우드 사업이 빠르게 성장하면서 회사 전체 매출도...",2026-09-30 17:37,https://www.sedaily.com/article/20096726?ref=naver,https://n.news.naver.com/mnews/article/011/0004666951?sid=105
서울대학교,SIDAE,"""양치질은 횟수보다는 방법이 더 중요""",허석모 전북대학교 치과대학 치주과학교실 교수가 26년간의 임상 경험과 근거기반 연구를 바탕으로 대중... 허 교수는 서울대 치과대학을 졸업하고 미국 뉴욕주립대 버펄로 치과대학에서 치주과 전문의 과정을 수료했으며...,2026-09-30 17:37,https://www.sidae.com/article/2026093015480264547,https://n.news.naver.com/mnews/article/417/0001159729?sid=102
서울대학교,HANGYO,교육위 국감 내달 7일 시작…67개 기관 감사,"12일에는 한국대학교육협의회와 한국전문대학교육협의회, 한국연구재단, 한국장학재단 등 13개 공공·유관기관을 감사한다. 14일에는 서울·경기·인천교육청을 대상으로 감사를 실시한다. 16일에는 서울대와 인천대...",2026-09-30 17:36,https://www.hangyo.com/news/article.html?no=109473,https://www.hangyo.com/news/article.html?no=109473
고려대학교,중도일보,"남상호 대전대 총장, 재신임...2년 더 대학 이끈다","더 대학을 이끈다. 학교법인 혜화학원은 지난 9월 29일 이사회를 열고 대전대학교 제12대 총장에 남상호 현... 남 총장은 고려대 생물학과에서 학사학위를 받고, 분류생태학 전공으로 고려대에서 박사학위를 받았다. 남...",2026-09-30 17:36,https://www.joongdo.co.kr/web/view.php?key=20260930010009247,https://www.joongdo.co.kr/web/view.php?key=20260930010009247
서울대학교,KOOKBANG,"[국군의 뿌리, 헌법에서 찾다] 신성한 의무를 품다",평시 고된 훈련과 첨단 국방 역량을 다지는 모든 노력이 결국 헌법이 지향하는 평화적 통일을 현실로 구현하기 위한 필수적인 자위력인 이유가 바로 여기에 있다.이효원 서울대 법학전문대학원 교수는 “현실적으로...,2026-09-30 17:34,https://kookbang.dema.mil.kr/newsWeb/20261001/13/ATCE_CTGR_0010010000/view.do,https://kookbang.dema.mil.kr/newsWeb/20261001/13/ATCE_CTGR_0010010000/view.do
서울대학교,NEWSTOMATO,"성장판 닫힌 유료방송…""K미디어 생태계 위해 규제 틀 바꿔야""","홍종윤 서울대 언론정보학과 교수는 ""유료방송 경쟁력은 산업 보호의 문제가 아니라 플랫폼 생태계의 경쟁성과 다양성 확보 문제로 접근해야 한다""고 강조했습니다. 유료방송의 역할도 단순한 채널 전달에서 벗어나야...",2026-09-30 17:32,http://www.newstomato.com/ReadNews.aspx?no=1315299&inflow=N,http://www.newstomato.com/ReadNews.aspx?no=1315299&inflow=N
연세대학교,서울경제,바이오 혁신 기업 키울 ‘송도 랩허브’ 첫삽,"대형 바이오 기업과 대학·연구기관·병원·투자사를 연결해 초기 기업의 성장에 필요한 시설과 장비, 협력 기회를 제공한다는 구상이다. 중소벤처기업부는 30일 인천 송도 연세대 국제캠퍼스에서 K-바이오 랩허브...",2026-09-30 17:30,https://www.sedaily.com/article/20096716?ref=naver,https://n.news.naver.com/mnews/article/011/0004666942?sid=101
연세대학교,뉴데일리경제,"성균관대 ""'Human+AI' 융합인재 키운다"" … AI중심대학·AX대학원 출범",뉴데일리 임정환 기자 = 성균관대학교는 지난 29일 연세대학교 백양누리홀에서 열린 ‘인공지능(AI)중심대학·인공지능 전환(AX)대학원 공동 출범식’에 참석해 AI 융합인재 양성을 본격 선언했다고 30일 밝혔다....,2026-09-30 17:30,https://biz.newdaily.co.kr/site/data/html/2026/09/30/2026093000350.html,https://biz.newdaily.co.kr/site/data/html/2026/09/30/2026093000350.html
서울대학교,재외동포신문,"[현장 인터뷰] 구철, 서울대 '세계한인 최고지도자과정' 총동문회장…""...",서울대학교 통일평화연구원이 운영하는 '세계한인통일평화 최고지도자과정' 총동문회장으로 최근 선출됐기... 이 과정은 지난 2월 제3기 졸업을 계기로 1~3기 졸업생 전원이 서울대 공식 동문회에 편입됐다. 구 전...,2026-09-30 17:30,https://www.dongponews.net/news/articleView.html?idxno=60832,https://www.dongponews.net/news/articleView.html?idxno=60832
서울대학교,뉴스웨이,상법 바뀌어도 막막한 주주 소송…디스커버리 도입론 부상,이종섭 서울대 경영대 교수는 공시가 투자자에게 유용하려면 필요한 정보를 적시에 검증 가능한 형태로 제공해야 한다고 봤다. 문서를 늘리는 것만으로는 경영진과 주주 간 정보 격차를 해소하기 어렵기 때문이다....,2026-09-30 17:30,https://www.newsway.co.kr/news/view?ud=2026093017151685114,https://www.newsway.co.kr/news/view?ud=2026093017151685114
서울대학교,뉴스클레임,[KT 인사 전망]② 94명에서 76명으로…AX·AI 책임자 빠진 자리 새 얼굴...,"8월에는 서울대·KAIST와 진행한 자율형 에이전트와 모델 평가, 프롬프트 압축 관련 연구도 발표했다. 9월에는 과학기술정보통신부의 다크팩토리 과제에 참여해 제조 현장에 적용할 인프라와 운영 플랫폼 개발에...",2026-09-30 17:30,https://www.newsclaim.co.kr/news/articleView.html?idxno=3076902,https://www.newsclaim.co.kr/news/articleView.html?idxno=3076902
연세대학교,노컷뉴스,"""중계권만으로는 한계""…AI 시대 맞은 스포츠 미디어의 생존법은?[콘텐...",연세대학교 스포츠응용산업학과 이준성 교수와 WSC Sports 오성택 한국 사업 책임자는 30일 서울 여의도 국회의원회관 제1소회의실에서 열린 '2026 콘텐츠미래포럼'에서 AI 기반 스포츠 미디어의 혁신 전략을 조명했다....,2026-09-30 17:29,https://www.nocutnews.co.kr/news/6585356?utm_source=naver&utm_medium=article&utm_campaign=20260930052801,https://m.sports.naver.com/general/article/079/0004194424
고려대학교,데일리안,"F&F홀딩스, 마정만 신임 대표이사 선임",오른 뒤 2024년 3월 재선임돼 회사를 이끌어왔다. 마 신임 대표는 고려대학교 무역학과를 졸업한 뒤 CJ에듀케이션즈 대표와 CJ제일제당 상무 등을 지냈다. 2018년 F&F에 합류한 이후 그룹의 재무 부문을 총괄해왔다.,2026-09-30 17:29,https://www.dailian.co.kr/news/view/1696449/?sc=Naver,https://n.news.naver.com/mnews/article/119/0003138168?sid=101
고려대학교,이데일리,"F&F홀딩스, 마정만 신임 대표 선임…재무통 지주사 이끈다","마 신임 대표는 고려대학교 무역학과를 졸업한 뒤 CJ건설 경영지원본부장과 CJ에듀케이션즈 대표이사, CJ제일제당 경영전략실 상무 등을 거쳤다. 이후 F&F에서 재무총괄 전무를 맡아왔으며 F&F 사내이사에서는 이날...",2026-09-30 17:26,https://www.edaily.co.kr/News/Read?newsId=04877366645585368&mediaCodeNo=257&utm_source=naver&utm_medium=referral&utm_campaign=news_syndication&utm_content=original_article,https://n.news.naver.com/mnews/article/018/0006377879?sid=101
서울대학교,아주경제,"한진, 정책기획담당 부사장직 신설…최종석 전 CSO 선임","최 부사장은 1970년생으로 서울대학교 사회복지학과를 졸업한 뒤 코넬대학교 노사관계대학원에서 석사 학위... 행정고시 합격 후 고용노동부 사무관을 시작으로 대통령실 고용노사비서관실 행정관, 서울지방노동위원회...",2026-09-30 17:24,https://www.ajunews.com/view/20260930160006026,https://www.ajunews.com/view/20260930160006026
고려대학교,아주경제,"한진, 정책기획담당 부사장직 신설…최종석 전 CSO 선임","최 부사장은 1970년생으로 서울대학교 사회복지학과를 졸업한 뒤 코넬대학교 노사관계대학원에서 석사 학위, 고려대학교에서 경영학 박사 학위를 취득했다. 행정고시 합격 후 고용노동부 사무관을 시작으로 대통령실...",2026-09-30 17:24,https://www.ajunews.com/view/20260930160006026,https://www.ajunews.com/view/20260930160006026
서울대학교,뉴시스,"""설탕부담금 부과해도 편익 적어…오히려 손해일수도""","안상훈 국민의힘 의원은 30일 국회에서 서울대 건강금융연구센터와 함께 가당음료 설탕부담금 정책포럼을 개최했다. 이 자리에서 홍석철 서울대 경제학부 교수는 김동영 국민대 교수, 김평식 경희대 교수와 함께...",2026-09-30 17:23,https://www.newsis.com/view/NISX20260930_0003809400,https://n.news.naver.com/mnews/article/003/0014224921?sid=102
고려대학교,서울경제,"F&F홀딩스, 신임 대표에 ‘재무통’ 마정만 CFO 선임","1966년생인 마 신임 대표는 고려대 무역학과를 졸업한 뒤 CJ그룹에서 주요 경영·재무 관련 보직을 거쳤다. CJ건설 경영지원본부장과 CJ에듀케이션즈 대표이사, CJ제일제당 경영전략실 상무 등을 역임했다. 2018년 F...",2026-09-30 17:23,https://www.sedaily.com/article/20096710?ref=naver,https://n.news.naver.com/mnews/article/011/0004666937?sid=101
연세대학교,베리타스알파,[단독] [2027대입잣대] 의학계열 교원 1인당 학생 수.. 울산대 0.76명 '톱...,"톱5 모두 대학병원을 운영, 많은 교수 수를 유지하고 있는 것으로 보인다. 전년 톱5는 가톨릭대 909명, 서울대 710명, 울산대 663명, 연세대 604명, 인제대 572명 순이었다. 전년 대비 전임교원이 가장 많이...",2026-09-30 17:22,https://www.veritas-a.com/news/articleView.html?idxno=629946,https://www.veritas-a.com/news/articleView.html?idxno=629946
서울대학교,한국대학신문,"[CHECK 책] 칫솔질, 열심히 하면 할수록 잇몸은 더 망가진다?","허석모 교수는 서울대 치과대학을 졸업하고 미국 뉴욕주립대학교 버펄로 치과대학에서 치주과 전문의 과정을 수료했으며, 같은 대학원에서 구강생물학 박사학위를 받았다. 현재 전북대 치과대학 치주과학교실 교수이자...",2026-09-30 17:22,https://news.unn.net/news/articleView.html?idxno=598114,https://news.unn.net/news/articleView.html?idxno=598114
서울대학교,뉴스투데이,"코스맥스, 2200만건 빅데이터로 ‘AI 원형탈모 예측’…헤어케어 매출 ...",서울대학교와 공동으로 모발의 시스틴 결합을 복구해 손상모의 인장 강도를 120% 이상 개선하는 신소재 ‘코어링크-에스(Corelink-S)’를 개발했다. 이 소재는 올해 ‘코스모프로프 볼로냐’의 ‘코스모팩어워즈’...,2026-09-30 17:22,https://www.news2day.co.kr/article/20260930500303,https://www.news2day.co.kr/article/20260930500303
서울대학교,베리타스알파,[단독] [2027대입잣대] 의학계열 교원 1인당 학생 수.. 울산대 0.76명 '톱...,"가톨릭중앙의료원이 서울성모를 비롯해 총 8개 병원을 운영하면서 교수의 수 역시 많은 것으로 분석된다. 가톨릭대에 이어 서울대 716명, 울산대 667명, 연세대 646명, 순천향대 533명 순으로 톱5다. 전년...",2026-09-30 17:22,https://www.veritas-a.com/news/articleView.html?idxno=629946,https://www.veritas-a.com/news/articleView.html?idxno=629946
고려대학교,베리타스알파,[단독] [2027대입잣대] 의학계열 교원 1인당 학생 수.. 울산대 0.76명 '톱...,"전국 39개 의대를 포함한 의학계열 운영 48개 대학의 전임교원 수를 살펴본 결과, 전임교원 1인당... 이어 경희대 24명(361명→385명), 고려대 18명(375명→393명), 충북대 16명(181명→197명), 중앙대 14명(238명...",2026-09-30 17:22,https://www.veritas-a.com/news/articleView.html?idxno=629946,https://www.veritas-a.com/news/articleView.html?idxno=629946
서울대학교,아시아경제,"문경시, ‘규제는 걷고 행정은 뛰게’…공직 실무역량 높인다",문경시는 30일 서울대학교병원 인재원 대강당에서 시 공직자와 문경 관광공사 직원 등 100여 명을 대상으로 '2026년 규제혁신·적극 행정 및 법제 업무 역량 강화 교육'을 실시했다. 이번 교육은 자치법규 입안과 운용에...,2026-09-30 17:21,https://view.asiae.co.kr/article/2026093017021707758,https://n.news.naver.com/mnews/article/277/0005822980?sid=102
연세대학교,스포츠경향,"이예준, 단독 콘서트 ‘YE’STERDAY : The Timeless Voice’로 팬들과 뜻깊...","각종 대학 행사 무대를 오르는 등 하반기에도 활발한 행보를 이어간다. 2026 이예준 단독 콘서트 ‘YE’STERDAY : The Timeless Voice’는 11월 14일 오후 6시, 11월 15일 오후 4시 연세대학교 백주년기념관...",2026-09-30 17:20,https://sports.khan.co.kr/article/202609301719003?pt=nv,https://m.entertain.naver.com/article/144/0001141380
서울대학교,한국강사신문,[서울시교육청] 2027학년도 중등학교교사와 특수(중등)·보건·영양·사...,서울농학교와 서울대학교사범대학부설중학교는 제1차 시험을 공립과 동시에 시행하고 제2차 시험은 학교별로 진행한다. 한국우진학교는 제1·2차 시험을 모두 공립과 동시에 시행한다. 사립학교 교사는 76개...,2026-09-30 17:20,https://www.lecturernews.com/news/articleView.html?idxno=211354,https://www.lecturernews.com/news/articleView.html?idxno=211354
고려대학교,이데일리,"""안 입는 옷, 기부하세요""…마스턴 '나눔 캠페인' 5년째 지속","고려대, 한국외대, 성균관대, 한양대 학생들과 국제산림학생연합(IFSA) 한국지부 학생들을 초청해 임직원의 전문성을 나누는 재능기부 특강을 진행했다. 밀알복지재단과 손잡고 문화예술을 접목한 장애인 인식개선...",2026-09-30 17:20,https://www.edaily.co.kr/News/Read?newsId=04831446645585368&mediaCodeNo=257&utm_source=naver&utm_medium=referral&utm_campaign=news_syndication&utm_content=original_article,https://n.news.naver.com/mnews/article/018/0006377872?sid=101
고려대학교,한국경제,"한국산업기술시험원(KTL), 제17대 김선기 원장 취임","김 원장은 강원 횡성군 출신으로 고려대 사회학과를 졸업하고, 미국 카네기멜론대학교 대학원에서 정보통신기술 석사 학위를 취득했다. 한국도시가스협회 상근부회장과 대한무역투자진흥공사(KOTRA)...",2026-09-30 17:20,https://www.hankyung.com/article/202609305489h,https://n.news.naver.com/mnews/article/015/0005337716?sid=101
고려대학교,디지털데일리,"F&F홀딩스, 'CJ제일제당' 출신 마정만CFO 신임 대표로 선임",마 신임 대표는 고려대 무역학과를 졸업해 CJ에듀케이션즈 대표와 CJ제일제당 상무 등을 역임한 후 2018년 F&F로 자리를 옮겨 재무를 총괄해왔다. 한편 박의헌 대표이사는 대표이사와 사내이사직을 모두 내려놓고...,2026-09-30 17:19,https://www.ddaily.co.kr/page/view/2026093017034986984,https://n.news.naver.com/mnews/article/138/0002243208?sid=101
고려대학교,인사이트코리아,"김동춘 LG화학 사장, 폭스바겐과 EU 겨냥 친환경 소재 개발 '맞손'","오동엽 고려대 신소재공학부 교수는 ""PP(폴리프로필렌)는 가격적인 측면에서 많이 활용되고 있지만 기본 물성은 ABS가 더 뛰어나다""며  ""특히 ABS는 다른 플라스틱과의 혼화성이 좋아 재활용할 때 품질 절하를...",2026-09-30 17:18,https://www.insightkorea.co.kr/news/articleView.html?idxno=255564,https://www.insightkorea.co.kr/news/articleView.html?idxno=255564
고려대학교,보건뉴스,"고대안산병원, '핸즈온 네트워킹&첨단 의료기기 사업단 세미나' 개최","고려대학교 안산병원(병원장 서동훈)은 30일 '2026 경기도 의료기기 개발 지원 사업'의 일환으로 '핸즈온... 고려대 안산병원 이주한 연구부원장은 ""의료기기는 기술 개발뿐 아니라 실제 의료 현장에서 의료진과 환자에게...",2026-09-30 17:18,http://www.bokuennews.com/news/article.html?no=284927,http://www.bokuennews.com/news/article.html?no=284927
고려대학교,머니투데이,K-문샷 'AI 과학자' PD 공석 채웠다…임성빈 고려대 교수 선임,"공백을 채우게 된 임 교수는 고려대에서 정치외교학과 수학을 전공하고 동 대학원에서 수학 박사학위를 취득했다. 삼성화재, 카카오브레인 등 산업계에서 연구원으로 활동한 경력이 있는 것으로 알려졌다.",2026-09-30 17:18,https://www.mt.co.kr/tech/2026/09/30/2026093017085470808,https://n.news.naver.com/mnews/article/008/0005420537?sid=105
서울대학교,청년의사,간호·간병통합서비스 손본다…중장기 로드맵 논의 착수,"전문가로는 서울대 간호학과 김진현 명예교수, 이화여대 간호학과 신수진 교수, 중앙대 간호학과 장숙랑 교수, 서울대 간호대학 조성현 교수, 계명대 간호대학 권현정 교수, 한국보건사회연구원 여나금 연구위원...",2026-09-30 17:18,http://www.docdocdoc.co.kr/news/articleView.html?idxno=3043181,http://www.docdocdoc.co.kr/news/articleView.html?idxno=3043181
서울대학교,삼다일보,"""제주人의 개척정신으로 한국외대를 '글로벌 지식혁신 허브'로""",강기훈 한국외국어대학교 총장이 지난 28일 한국외대 총장실에서 본지와 인터뷰를 진행한 후 기념촬영을... 한국 통계학계의 대표 주자로 서울로 진학한 청년 강기훈의 선택은 서울대학교 계산통계학과였다. 컴퓨터가...,2026-09-30 17:16,http://www.samdailbo.com/news/articleView.html?idxno=270844,http://www.samdailbo.com/news/articleView.html?idxno=270844
연세대학교,NEWSCHAM,"이태원 4주기를 한 달 앞두고, 오세훈은 무혐의로 남았다","정윤석 공공운수노조 연세대분회 부분회장은 기본합의서에 “교섭의제는 휴게시설뿐”이라는 문구를... 비판146%라는 숫자가 지우는 것은 학교 안의 일자리다 「대학생은 OECD 평균 72%, 중고생은 146%… 기형적...",2026-09-30 17:16,https://newscham.net/articles/117253,https://newscham.net/articles/117253
고려대학교,베리타스알파,'8년간 240억' AI중심대학 18개교 체제.. 한림대 등 비수도권 8개교 합류,AI중심대학은 올 5월 첫 삽을 떴다. 고려대 연세대 서강대 성균관대 숭실대 가천대 순천향대 7개교가 먼저... 대학이 전국 18개교 체제로 확대됐다./사진=한림대 제공 AI중심대학은 기존 SW교육 기반을 활용해 대학 교육...,2026-09-30 17:14,https://www.veritas-a.com/news/articleView.html?idxno=629966,https://www.veritas-a.com/news/articleView.html?idxno=629966
연세대학교,베리타스알파,'8년간 240억' AI중심대학 18개교 체제.. 한림대 등 비수도권 8개교 합류,AI중심대학은 올 5월 첫 삽을 떴다. 고려대 연세대 서강대 성균관대 숭실대 가천대 순천향대 7개교가 먼저... /사진=한림대 제공 AI중심대학은 기존 SW교육 기반을 활용해 대학 교육체계 전반을 AI 중심으로 전환하는...,2026-09-30 17:14,https://www.veritas-a.com/news/articleView.html?idxno=629966,https://www.veritas-a.com/news/articleView.html?idxno=629966
연세대학교,중도일보,송도 'K-바이오 랩허브' 첫 삽…2029년 준공·60개 벤처 집적,"기업들과 연세세브란스병원 등 산·학·연·병 자원이 밀집해 있어, 스타트업과 대기업, 병원, 투자자 간... 윤동섭 연세대학교 총장은 ""우수한 대학의 연구 성과가 창업과 산업 혁신, 그리고 인류의 삶을 개선하는 가치로...",2026-09-30 17:14,https://www.joongdo.co.kr/web/view.php?key=20260930010009289,https://www.joongdo.co.kr/web/view.php?key=20260930010009289
서울대학교,세계비즈,"알체라, ‘AI FESTA 26’ IITP 월드모델 특별관 참여","이미지=알체라 알체라(대표 황영규)가 10월 6일부터 8일까지 서울 코엑스에서 열리는 ‘AI FESTA 26... KAIST, 서울대학교, 로보티즈, 크라우드웍스 등 국내 대표 산학연 기관 및 기업들이 대거 동참한다. 알체라는...",2026-09-30 17:12,http://www.segyebiz.com/newsView/20260930517561?OutUrl=naver,http://www.segyebiz.com/newsView/20260930517561?OutUrl=naver
서울대학교,뉴스클레임,[LS 인사 전망]① CEO 대부분 유임했지만… 석 달 뒤 대표 자리는 다시 ...,홍원식 서울 용산구 LS용산타워. 사진=LS전선 LS그룹은 지난해 11월 정기 임원인사에서 주요 계열사 CEO... 신 사장은 서울대 경영학과와 대학원을 졸업하고 미국 펜실베이니아대 와튼스쿨에서 MBA를 받았다. LS엠트론...,2026-09-30 17:12,https://www.newsclaim.co.kr/news/articleView.html?idxno=3076923,https://www.newsclaim.co.kr/news/articleView.html?idxno=3076923
고려대학교,뉴스클레임,[LS 인사 전망]① CEO 대부분 유임했지만… 석 달 뒤 대표 자리는 다시 ...,신 사장은 서울대 경영학과와 대학원을 졸업하고 미국 펜실베이니아대 와튼스쿨에서 MBA를 받았다.... 한 대표는 고려대 경제학과를 졸업했다. ㈜LS에서 경영관리와 재경 업무를 거쳤고 E1에서는 경영기획본부장...,2026-09-30 17:12,https://www.newsclaim.co.kr/news/articleView.html?idxno=3076923,https://www.newsclaim.co.kr/news/articleView.html?idxno=3076923
서울대학교,뉴시안,"[현장] AI가 투자·결제까지…""금융사가 판단 근거 설명·입증해야""","박성훈 국민의힘 의원 주최로 열린 이날 토론회에는 정순섭 서울대학교 법학전문대학원 교수와 정희수... 안대준 한양대학교 법학전문대학원 교수는 ""AI의 입증 책임을 금융회사 측에 부담시키되, 사전 리스크 관리를...",2026-09-30 17:12,http://www.newsian.co.kr/news/articleView.html?idxno=96281,http://www.newsian.co.kr/news/articleView.html?idxno=96281
연세대학교,뉴스클레임,[LS 인사 전망]① CEO 대부분 유임했지만… 석 달 뒤 대표 자리는 다시 ...,명 부회장은 인하대 무역학과를 졸업하고 연세대에서 국제경영학 석사를 받았다. LS전선 경영관리총괄... 신 사장은 서울대 경영학과와 대학원을 졸업하고 미국 펜실베이니아대 와튼스쿨에서 MBA를 받았다....,2026-09-30 17:12,https://www.newsclaim.co.kr/news/articleView.html?idxno=3076923,https://www.newsclaim.co.kr/news/articleView.html?idxno=3076923
고려대학교,충남일보,"세종시설공단, '2026 에코업 페어' 참가",세종시설공단이 30일 정부세종컨벤션센터에서 고려대학교 세종 에코업혁신융합대학사업단이 주최한 '2026 에코업(業) 페어-Eco Career Planning Day'에 참가했다. 에코업 페어는 환경 분야 기업과 청년 인재를 연결하는 취업...,2026-09-30 17:10,http://www.chungnamilbo.co.kr/news/articleView.html?idxno=912507,http://www.chungnamilbo.co.kr/news/articleView.html?idxno=912507
고려대학교,경기일보,[새얼굴] 오후석 고양특례시 제2부시장,"중앙부처와 광역·기초자치단체를 두루 거치며 경제·안전·균형발전 분야에서 폭넓은 경험을 쌓은 정통 행정 관료 출신인 오후석 제2부시장은 고려대학교 행정학과를 졸업, 미국 워싱턴대학교에서 행정학 석사...",2026-09-30 17:10,https://www.kyeonggi.com/article/20260930580369,https://n.news.naver.com/mnews/article/666/0000125560?sid=102
서울대학교,미디어워치,[법조인 문학관] 가을 엽서 25 – 주광일,1979년 서울대학교 대학원에서 법학박사 학위를 취득했다. 2006년에는 미국 노스웨스턴대학교 로스쿨을... 서울지방검찰청 북부지청 차장검사로 있던 1989년 9월 18일부터 나흘간 홍콩에서 열린 아시아지역법률가회의에...,2026-09-30 17:10,https://www.mediawatch.kr/news/article.html?no=261228,https://www.mediawatch.kr/news/article.html?no=261228
연세대학교,경기일보,[새얼굴] 오후석 고양특례시 제2부시장,워싱턴대학교에서 행정학 석사 학위와 연세대학교에서 정보산업도시공학 박사 학위를 취득했다. 1994년 제38회 행정고시에 합격한 오 부시장은 2019년 경기도 경제실장을 시작으로 2021년 1월부터 2022년 2월까지 용인시...,2026-09-30 17:10,https://www.kyeonggi.com/article/20260930580369,https://n.news.naver.com/mnews/article/666/0000125560?sid=102
서울대학교,대전일보,국감 앞둔 충청 교육계…교육청·대학 현안 '정조준',충남대가 선정된 '서울대 10개 만들기' 사업과 지방 국립대 무상등록금 관련 질의도 예상된다. 지방교육재정교부금(교육교부금) 개편을 놓고는 유·초·중등 교육계와 고등·평생교육계 사이에서 재정 배분을 둘러싼...,2026-09-30 17:09,https://www.daejonilbo.com/news/articleView.html?idxno=2304376,https://n.news.naver.com/mnews/article/656/0000188210?sid=102
서울대학교,미디어워치,[법조인 문학관] 가을 엽서 24 – 주광일,1979년 서울대학교 대학원에서 법학박사 학위를 취득했다. 2006년에는 미국 노스웨스턴대학교 로스쿨을... 서울지방검찰청 북부지청 차장검사로 있던 1989년 9월 18일부터 나흘간 홍콩에서 열린 아시아지역법률가회의에...,2026-09-30 17:08,https://www.mediawatch.kr/news/article.html?no=261227,https://www.mediawatch.kr/news/article.html?no=261227
연세대학교,아주경제,"인천경제청, 송도 K-바이오 랩허브 착공...60개 벤처 신약개발·투자 전...",생산시설과 대학·병원·연구기관을 연결해 연구성과가 창업과 기술사업화로 이어지는 바이오 혁신 생태계를 구축할 계획이다. 박찬대 인천광역시장이 30일 연세대학교 국제캠퍼스에서 열린 'K-바이오 랩허브 착공식...,2026-09-30 17:08,https://www.ajunews.com/view/20260930165705257,https://www.ajunews.com/view/20260930165705257
고려대학교,디트뉴스24,대전대 제12대 총장에 남상호 현 총장 재선임,대전대학교 제12대 총장에 남상호 현 총장이 재선임됐다. 학교법인 혜화학원은 지난 29일 이사회를 열고... 전공으로 고려대에서 박사학위를 받았다. 남 총장은 지난 1987년 대전대 교수로 부임해 이과대학장...,2026-09-30 17:08,http://www.dtnews24.com/news/articleView.html?idxno=815667,http://www.dtnews24.com/news/articleView.html?idxno=815667
연세대학교,NGO저널,"K-바이오 랩허브 첫 삽…'바이오 도시' 송도, 창업 거점까지 품는다","있고, 연세대와 연세세브란스병원 등도 자리 잡고 있다. 인천시는 기존 생산시설에 연구와 창업 기능을 더해 송도를 바이오 기업의 성장 단계 전반을 아우르는 산업 거점으로 키운다는 계획이다. 대학과 병원, 기업...",2026-09-30 17:06,https://www.ngonews.kr/news/articleView.html?idxno=239557,https://www.ngonews.kr/news/articleView.html?idxno=239557
서울대학교,미디어워치,[법조인 문학관] 가을 엽서 23 – 주광일,1979년 서울대학교 대학원에서 법학박사 학위를 취득했다. 2006년에는 미국 노스웨스턴대학교 로스쿨을... 서울지방검찰청 북부지청 차장검사로 있던 1989년 9월 18일부터 나흘간 홍콩에서 열린 아시아지역법률가회의에...,2026-09-30 17:06,https://www.mediawatch.kr/news/article.html?no=261226,https://www.mediawatch.kr/news/article.html?no=261226
고려대학교,더퍼스트미디어,"고려대 안산병원, '핸즈온 네트워킹·첨단 의료기기 세미나' 개최...""의...","▲고려대 안산병원에서 개최된 핸즈온 네트워킹 & 첨단 의료기기 사업단 세미나에서 참석자들이 기념사진을 찍고 있다 고려대 안산병원이 의료기기 기업과 의료진이 직접 만나 제품의 임상 적용 가능성을 살펴보고, 의료...",2026-09-30 17:06,http://www.thefirstmedia.net/news/articleView.html?idxno=209883,http://www.thefirstmedia.net/news/articleView.html?idxno=209883
서울대학교,매일경제,"권태가 돈되는 시대, 완벽주의 기업은 위험",2027 트렌드코리아 발간 … 김난도 서울대 명예교수 콘텐츠 홍수에 소비자 쉽게 싫증 기성제품 개량통해 눈길... 30일 신간 출간을 앞두고 최근 서울 관악구 트렌드코리아컴퍼니에서 만난 김 교수는 처음부터 권태사회를 첫...,2026-09-30 17:05,https://www.mk.co.kr/article/12165060,https://n.news.naver.com/mnews/article/009/0005742144?sid=102
서울대학교,파이낸셜뉴스,"박승흡 근로복지공단 이사장 취임…""일하는 모든 사람 노동복지 플랫폼...","한편, 박 이사장은 춘천고와 서울대를 졸업하고, 숭실대에서 노동경제학 석사학위를 취득했다. 1999년 한국비정규직노동센터를 설립했으며, 국가인권위원회 차별금지법제정 추진위원, 매일노동뉴스 대표이사, 서울시...",2026-09-30 17:04,https://www.fnnews.com/news/202609301651438060,https://n.news.naver.com/mnews/article/014/0005583133?sid=101
서울대학교,더팩트,"[TF신간] ""수온 상승부터 식탁 변화까지""…기후 경고 담은 '동해가 보내...","1984년 서울대학교 기상학과에 입학해 동 대학원에서 석·박사 학위를 취득했으며, 1995년부터 SBS 기상·기후·과학 담당 전문기자로 활약하며 지구온난화와 미세먼지 등 기후 이슈를 집중 보도했다. 미국 샌디에이고...",2026-09-30 17:04,https://news.tf.co.kr/read/livingculture/2371514.htm,https://n.news.naver.com/mnews/article/629/0000538250?sid=103
고려대학교,조선비즈,"F&F홀딩스, 마정만 신임 대표 선임","전 대표는 2021년 5월 대표이사에 취임했으며, 2024년 3월 재선임됐다. 마 신임 대표는 고려대 무역학과를 졸업한 뒤 CJ에듀케이션즈 대표와 CJ제일제당 상무 등을 지냈다. 2018년 F&F에 합류한 이후 재무 부문을 총괄해왔다.",2026-09-30 17:04,https://biz.chosun.com/distribution/channel/2026/09/30/2ZBY3UJR4NAPVOFHZBAUCPE2IA/?utm_source=naver&utm_medium=original&utm_campaign=biz,https://n.news.naver.com/mnews/article/366/0001195394?sid=101
서울대학교,아시아경제,"""이사회가 답해야…상법개정 다음은 '공시·디스커버리'""","두 번째 발표자로 나선 이종섭 서울대학교 경영대 교수는 'AI시대 공시'가 나아가야 할 방향에 대해 소개했다. 먼저 이 교수는 한국 증시 거래대금의 70% 이상이 개인투자자임을 언급하며 ""개인투자자 비중이 크다는 것은...",2026-09-30 17:02,https://view.asiae.co.kr/article/2026093017025020517,https://n.news.naver.com/mnews/article/277/0005822967?sid=101
연세대학교,여성소비자신문,"서울시, 10월·11월 국제 포럼부터 청소년 대회까지 AI 행사 잇따라 개최","포럼에는 연세대학교 이정훈 교수, 독일 카를스루에시(市) 알베르트 코이플라인(Albert Kauflein) 부시장... 이어 'AI가 바꾸는 일상'과 'AI가 만드는 미래도시' 두 개 세션에서 MIT, 케임브리지대학교, 프라운호퍼 IESE...",2026-09-30 17:00,http://www.wsobi.com/news/articleView.html?idxno=319011,http://www.wsobi.com/news/articleView.html?idxno=319011
서울대학교,디지털타임스,박용갑 의원 “지역 국립대병원 전문의 1904명…다 합쳐도 수도권 빅5 절...,"30일 국회 보건복지위원회 소속 박용갑 더불어민주당 의원이 보건복지부로부터 제출받은 자료를 분석한 결과, 올해 6월 기준 수도권 ‘빅5’ 대형병원(서울아산·세브란스·서울성모·삼성서울·서울대) 10병상당...",2026-09-30 17:00,https://www.dt.co.kr/article/12086742?ref=naver,https://n.news.naver.com/mnews/article/029/0003050778?sid=105
서울대학교,여성신문,기술 강국 이끈 60년…과총의 다음 60년 키워드는 ‘사람’,"30일 오후 서울 한국과학기술회관 국제회의실에서 열린 기념식엔 800여 명이 참석해 성황을 이뤘다. 무대에 오른 권오남 회장(서울대 교수)은 ""과학기술이 향하는 곳은 결국 사람""이라며 국민·정부·기업·세계와 함께...",2026-09-30 16:59,https://www.womennews.co.kr/news/articleView.html?idxno=282798,https://n.news.naver.com/mnews/article/310/0000140419?sid=105
고려대학교,이데일리,"고려대, ‘실험실 창업 우수대학’ 선정…교육부 장관 표창",(사진=고려대) 고려대는 ‘2026 산학협력 EXPO’에서 실험실창업 활성화 우수대학으로 선정돼 교육부 장관 표창을 받았다고 30일 밝혔다. 고려대는 2017년부터 실험실창업 지원기반을 구축해 왔다. 2023년에는...,2026-09-30 16:59,https://www.edaily.co.kr/News/Read?newsId=04736326645585368&mediaCodeNo=257&utm_source=naver&utm_medium=referral&utm_campaign=news_syndication&utm_content=original_article,https://n.news.naver.com/mnews/article/018/0006377856?sid=102
연세대학교,한국대학신문,아시아 대학 약진에 한국은 '제자리'… 세계 200위권 2년째 6개교[2027 TH...,"100위 이내 대학은 서울대·KAIST·성균관대·연세대 4개교, 200위 이내 대학은 고려대·포항공대를 더한 6개교로 전년과 같다. 300위 이내 대학도 10개교로 변동이 없다. 500위 이내 대학은 14개교에서 15개교 1000위 이내...",2026-09-30 16:56,https://news.unn.net/news/articleView.html?idxno=598108,https://news.unn.net/news/articleView.html?idxno=598108
연세대학교,뉴스워커,"청양군, '통합돌봄 선도'... 미래 행정가 앞 다각적 복지 시스템 뽐내",30일 연세대학교 행정학과 방문단 20명을 청양 교월 고령자복지주택으로 초청하여 생생한 현장학습을 성공적으로 진행했다고 밝혔다. 이번 뜻깊은 현장 견학은 예비 행정 전문가를 꿈꾸는 대학생들에게 지역복지와 관련한...,2026-09-30 16:56,https://www.newsworker.co.kr/news/articleView.html?idxno=506636,https://www.newsworker.co.kr/news/articleView.html?idxno=506636
서울대학교,전라일보,빈껍데기 우려에 전북 정치권 '발끈' 잇단 패싱에 총력 대응,무엇보다 반도체 메가특구 800조 사업 배제에 이어 '서울대 10개 만들기'프로젝트에서 전북대가 제외되면서 '전북 패싱'에 대한 우려와 상실감이 분출하는 상황이다. 도내 국회의원들이 '호남 메가특구' 를 '광주·전라...,2026-09-30 16:56,http://www.jeollailbo.com/news/articleView.html?idxno=812537,http://www.jeollailbo.com/news/articleView.html?idxno=812537
서울대학교,미디어펜,"한진, 정책기획담당 부사장에 최종석 전 CSO 선임…대외 대응력 강화","/사진=한진 제공 1970년생인 최 부사장은 서울대 사회복지학과를 졸업하고 미국 코넬대 노사관계대학원에서... 행정관과 서울지방노동위원회 사무국장, 주미 대한민국대사관 고용노동관 등을 지냈다. 이후 한국경제신문...",2026-09-30 16:56,https://www.mediapen.com/news/view/1127026,https://www.mediapen.com/news/view/1127026
고려대학교,스마트경제,"""연구실 기술이 대박 스타트업으로""… 고려대, 교육부 장관 표창으로 '...","이병천 고려대 크림슨창업지원단장은 ""이번 수상은 대학의 우수한 연구 성과가 창업으로 연결되고 나아가 설립된 기업이 투자 유치와 글로벌 진출을 통해 독자적인 경쟁력을 갖추도록 전주기 체계를 고도화해 온...",2026-09-30 16:56,http://www.dailysmart.co.kr/news/articleView.html?idxno=130451,http://www.dailysmart.co.kr/news/articleView.html?idxno=130451
서울대학교,전라일보,"유정기 전북교육청 부교육감 이임···""어디서든 전북교육 응원""","전주영생고와 서울대 교육학과를 졸업한 그는 제40회 행정고시에 합격해 공직에 입문했다. 이후... 유정기 부교육감은 10월 1일 자로 국립경국대학교 사무국장으로 자리를 옮긴다. 그는 ""함께했던 소중한 기억을 가슴에...",2026-09-30 16:56,http://www.jeollailbo.com/news/articleView.html?idxno=812519,http://www.jeollailbo.com/news/articleView.html?idxno=812519
고려대학교,한국대학신문,아시아 대학 약진에 한국은 '제자리'… 세계 200위권 2년째 6개교[2027 TH...,"100위 이내 대학은 서울대·KAIST·성균관대·연세대 4개교, 200위 이내 대학은 고려대·포항공대를 더한 6개교로 전년과 같다. 300위 이내 대학도 10개교로 변동이 없다. 500위 이내 대학은 14개교에서 15개교 1000위 이내...",2026-09-30 16:56,https://news.unn.net/news/articleView.html?idxno=598108,https://news.unn.net/news/articleView.html?idxno=598108
서울대학교,한국대학신문,아시아 대학 약진에 한국은 '제자리'… 세계 200위권 2년째 6개교[2027 TH...,서울대 정문 전경. (사진=한국대학신문 DB)  영국 고등교육평가기관 THE(Times Higher Education)가 30일 발표한... 국내 대학은 전년보다 3개교 늘어난 44개교가 순위에 올랐으며 서울대가 세계 56위로 국내 1위를 지켰다....,2026-09-30 16:56,https://news.unn.net/news/articleView.html?idxno=598108,https://news.unn.net/news/articleView.html?idxno=598108
고려대학교,미디어펜,"한진, 정책기획담당 부사장에 최종석 전 CSO 선임…대외 대응력 강화","한진이 정책기획담당 부사장직을 신설하고 최종석 전 안전보안실장(CSO)을 선임했다./사진=한진 제공 1970년생인 최 부사장은 서울대 사회복지학과를 졸업하고 미국 코넬대 노사관계대학원에서 석사 학위를, 고려대에서...",2026-09-30 16:56,https://www.mediapen.com/news/view/1127026,https://www.mediapen.com/news/view/1127026
고려대학교,동아사이언스,K-문샷 AI과학자 PD 재선임…임성빈 고려대 교수,"임 교수는 고려대에서 정치외교학과 수학을 전공하고 동 대학원에서 수학 박사학위를 받았다. 이후 삼성화재, 카카오브레인 등에서 데이터사이언스 및 인공지능 분야에서 연구원으로 활동했다. 2023년 고려대...",2026-09-30 16:56,https://www.dongascience.com/news/view/80129,https://n.news.naver.com/mnews/article/584/0000039506?sid=105
서울대학교,매일일보,"네이버, 스마트스토어 10년 분석…""성숙기 판매자는 판로 중시""","네이버는 서울대 유병준 교수 연구팀과 연세대 최보름 교수 연구팀이 공동 연구한 'D-커머스 리포트 2026... 유병준 서울대 교수는 ""네이버는 시장 환경 변화 속에서 판매자가 사업을 키울 수 있도록 지난 10년간 기술...",2026-09-30 16:54,https://www.m-i.kr/news/articleView.html?idxno=2001294,https://www.m-i.kr/news/articleView.html?idxno=2001294
연세대학교,매일일보,"네이버, 스마트스토어 10년 분석…""성숙기 판매자는 판로 중시""",네이버는 서울대 유병준 교수 연구팀과 연세대 최보름 교수 연구팀이 공동 연구한 'D-커머스 리포트 2026: 스마트스토어 10년 진화 경로 보고서'를 발간했다고 30일 밝혔다. 연구팀은 지난 10년간 스마트스토어가 판매자의...,2026-09-30 16:54,https://www.m-i.kr/news/articleView.html?idxno=2001294,https://www.m-i.kr/news/articleView.html?idxno=2001294
서울대학교,뉴스투데이,[UIS 2026] 디지털자산·전통금융 결국 하나로…美 백악관 인사 “핵심은...,"29일 서울 광진구 그랜드 워커힐 서울에서 열린 ‘업비트 인스티튜셔널 서밋(UIS) 2026’에서 발언을 하고... 이종섭 서울대학교 경영대학 교수를 좌장으로 최원석 두나무 해외사업총괄, 엄태성 하나금융지주 상무...",2026-09-30 16:54,https://www.news2day.co.kr/article/20260930500263,https://www.news2day.co.kr/article/20260930500263
서울대학교,파이낸셜포스트,막 오른 금융 AI '행동'…사고 시 '누가 어떻게 책임'이 관건,이날 첫 발제를 맡은 정순섭 서울대학교 법학전문대학원 교수는 '금융 AI 시대의 혁신과 책임'을 주제로... 안태준 한양대학교 법학전문대학원 교수는 AI로 인한 금융사고는 기존 대면 금융거래와 비교해 피해가 빠르고...,2026-09-30 16:52,https://www.financialpost.co.kr/news/articleView.html?idxno=278111,https://www.financialpost.co.kr/news/articleView.html?idxno=278111
서울대학교,청년의사,"심평원, 보험수가상임이사에 이소영 약제관리실장 임명","중앙대 약대를 졸업하고 서울대 약대에서 석사 및 박사 학위를 취득했으며, 의약품 및 건강보험정책 연구 분야에서 전문성을 쌓아왔다. 보험수가상임이사는 건강보험 진료비 기준인 수가 관련 업무를 총괄하는...",2026-09-30 16:52,http://www.docdocdoc.co.kr/news/articleView.html?idxno=3043180,http://www.docdocdoc.co.kr/news/articleView.html?idxno=3043180
서울대학교,매일일보,"유료방송 업계 ""OTT와 규제 형평성 맞춰야…통합미디어법 시급""","한국IPTV방송협회는 한국케이블TV방송협회, KT스카이라이프, 한국방송학회와 서울 중구 한국프레스센터에서... 첫 번째 발제를 맡은 홍종윤 서울대 교수는 방송과 통신의 경계가 흐려지고 시청 방식이 달라진 만큼 기존...",2026-09-30 16:52,https://www.m-i.kr/news/articleView.html?idxno=2001279,https://www.m-i.kr/news/articleView.html?idxno=2001279
고려대학교,동아일보,일주일 앞으로 다가온 노벨문학상 수상자 발표…눈여겨볼 후보는?,"김춘미 고려대 일어일문학과 명예교수는 이 작품에 대해 “하루키 문학의 트레이드마크와도 같은 음악과 음식, 패션에 대한 독특한 표현은 더욱 섬세해졌고, 일본의 고전과 그리스 신화에 이르기까지 여러 가지 소스를...",2026-09-30 16:51,https://www.donga.com/news/Culture/article/all/20260930/134760519/1,https://n.news.naver.com/mnews/article/020/0003751780?sid=103
고려대학교,뉴시스,"손재일 전 한화에어로스페이스 대표, ㈜한화 인재경영원장으로 이동","손 신임 원장은 1965년 대구 출생으로 영진고와 고려대 경영학과를 졸업한 뒤 1990년 한화에 입사했다. 이후 ㈜한화 기획·인사 및 지원부문 인력팀장, 화약부문 상무 등을 거쳐 2017년 한화지상방산 대표이사에 올랐다....",2026-09-30 16:50,https://www.newsis.com/view/NISX20260930_0003809374,https://n.news.naver.com/mnews/article/003/0014224798?sid=101
연세대학교,노컷뉴스,"""AI가 제작비는 낮췄다…K-콘텐츠의 다음 숙제는 IP와 권리""","'AI와 K-컬처 콘텐츠의 융합, 미디어 산업의 미래를 묻다'를 주제로 최 대표에 이어 이준성 연세대 스포츠응용산업학과 교수가 AI와 스포츠 콘텐츠의 변화를, 오성택 WSC Sports 한국 사업 책임자가 스포츠 미디어와...",2026-09-30 16:49,https://www.nocutnews.co.kr/news/6585299?utm_source=naver&utm_medium=article&utm_campaign=20260930044801,https://n.news.naver.com/mnews/article/079/0004194390?sid=103
서울대학교,이코노뉴스,"경희대-독일 훔볼트재단, 국제학술대회 공동주관",좌장은 훔볼트 회원인 서울대학교 법학전문대학원 김재형 교수(전 대법관)와 고려대학교 법학전문대학원 지원림 명예교수가 맡는다. 한양대학교 법학전문대학원 송호영 교수와 부산대학교 법학전문대학원 윤석찬...,2026-09-30 16:48,http://www.econonews.co.kr/news/articleView.html?idxno=445072,http://www.econonews.co.kr/news/articleView.html?idxno=445072
서울대학교,서울경제,‘첫 노동운동가 출신’ 박승흡 복지공단 이사장… 첫 과제는 산재 승인,"춘천고와 서울대 국어교육과를 졸업한 그는 1999년 한국비정규노동센터를 설립해 초대 소장을 맡았다. 매일노동뉴스 대표, 서울시 일자리위원회 공동위원장, 전태일재단 이사장 등을 지냈다.",2026-09-30 16:48,https://www.sedaily.com/article/20096678?ref=naver,https://n.news.naver.com/mnews/article/011/0004666921?sid=102
고려대학교,CNB저널,"고려대, '실험실 창업 활성화 우수대학' 선정","이병천 고려대 크림슨창업지원단장은 ""대학의 우수 연구성과가 창업으로 이어지고, 설립된 기업이 투자와 글로벌 시장으로 성장할 수 있도록 전주기 지원체계를 고도화해 온 성과를 인정받았다""고 말했다. 한편...",2026-09-30 16:48,https://www.cnbizm.com/news/articleView.html?idxno=316699,https://www.cnbizm.com/news/articleView.html?idxno=316699
서울대학교,CNB저널,"서울시교육청, 2027학년도 중등학교교사, 특수(중등)·보건·영양·사서...",서울농학교와 서울대학교사범대학부설중학교는 제1차 시험만 공립과 동시에 시행하고 제2차 시험은 학교별로 시행한다. 한국우진학교는 1차·2차 시험을 모두 공립과 동시에 시행한다. 한국우진학교는 서울특별시...,2026-09-30 16:48,https://www.cnbizm.com/news/articleView.html?idxno=316701,https://www.cnbizm.com/news/articleView.html?idxno=316701
고려대학교,이코노뉴스,"경희대-독일 훔볼트재단, 국제학술대회 공동주관",좌장은 훔볼트 회원인 서울대학교 법학전문대학원 김재형 교수(전 대법관)와 고려대학교 법학전문대학원 지원림 명예교수가 맡는다. 한양대학교 법학전문대학원 송호영 교수와 부산대학교 법학전문대학원 윤석찬...,2026-09-30 16:48,http://www.econonews.co.kr/news/articleView.html?idxno=445072,http://www.econonews.co.kr/news/articleView.html?idxno=445072
고려대학교,머니투데이,"대전대, 남상호 총장 재선임…'대학 안정·정책 연계' 선택",대전대학교는 제12대 총장에 남상호 현 총장이 재선임됐다고 30일 밝혔다. 학교법인 혜화학원은 지난 29일... 남 총장은 고려대학교 생물학과를 졸업하고 동 대학원에서 분류생태학 전공으로 이학박사 학위를 받았다....,2026-09-30 16:47,https://www.mt.co.kr/policy/2026/09/30/2026093016423432192,https://n.news.naver.com/mnews/article/008/0005420497?sid=102
서울대학교,매일일보,"한국타이어, '2026 IDEA 디자인 어워드'서 2개 본상","이 프로젝트는 서울대 순환디자인연구실 '디스코랩'과 함께 타이어 생산 부산물인 블래더를 가구와 브릭, 생활용품으로 재탄생시킨 것이다. 출품작에는 블래더 분말로 만든 제품과 브릭을 조립한 조형물 '키네틱 월...",2026-09-30 16:46,https://www.m-i.kr/news/articleView.html?idxno=2001376,https://www.m-i.kr/news/articleView.html?idxno=2001376
서울대학교,라이센스뉴스,"하나증권, 블루포인트파트너스와 혁신기업 성장 지원 위한 업무협약 체...",하나증권(대표이사 강성묵)은 서울 여의도 본사에서 스타트업 액셀러레이터 블루포인트파트너스와 혁신기업... 키움증권은 지난달 서울대기술지주와 전략적 업무협약을 체결하고 기술·창업기업 발굴부터 초기 투자...,2026-09-30 16:46,https://www.lcnews.co.kr/news/articleView.html?idxno=209038,https://www.lcnews.co.kr/news/articleView.html?idxno=209038
고려대학교,뉴스1,"F&F홀딩스, 마정만 CFO 신임 대표로 선임","마 신임 대표는 고려대 무역학과를 졸업해 CJ에듀케이션즈 대표와 CJ제일제당 상무 등을 역임한 후 2018년 F&F로 자리를 옮겨 재무를 총괄해왔다. * 인사 게재 문의는 카톡 뉴스1제보, 이메일 (확인용 담당자 연락처...",2026-09-30 16:46,https://www.news1.kr/industry/distribution/6306467,https://n.news.naver.com/mnews/article/421/0009201585?sid=102
고려대학교,시사저널,"[전북 24시] ""스포츠산업 투자유치 어떻게 할까""…전북대, 역량 강화 프...",전북대학교가 스포츠산업 분야에서 예비 및 초기 창업기업 참여 대상으로 투자유치 역량과 사업 경쟁력... 첫 강좌에는 서상현 고려대학교 아세아문제연구원 아프리카센터 연구위원이 강연자로 나서 '아프리카 이해...,2026-09-30 16:45,https://www.sisajournal.com/news/articleView.html?idxno=388759,https://n.news.naver.com/mnews/article/586/0000139170?sid=102
서울대학교,뉴스엔,부모 등골 휜다“ 박명수 무용수 딸 뒷바라지 현실‥신동엽→성동일도...,2026학년도 입시에서 서울대학교 사범대학 체육교육과와 한국예술종합학교 무용원에 모두 합격했고 최종적으로 서울대 진학을 결정했다. 신동엽은 딸이 취미로 시작한 발레를 꾸준히 이어왔다고 밝혔다. 박명수의 딸...,2026-09-30 16:43,https://www.newsen.com/news_view.php?uid=202609300943035710,https://m.entertain.naver.com/article/609/0001173974
서울대학교,메디소비자뉴스,'간호·간병통합서비스 혁신 협의체' 출범…중장기 청사진 마련,"보건복지부는 30일 서울에서 협의체 착수 회의를 열고 간호·간병통합서비스 확대를 포함한 입원 서비스... 학계 및 전문가 그룹에는 서울대 간호학과 김진현 명예교수와 조성현 교수, 이화여대 신수진 교수, 중앙대 장숙랑...",2026-09-30 16:42,http://www.medisobizanews.com/news/articleView.html?idxno=142722,http://www.medisobizanews.com/news/articleView.html?idxno=142722
서울대학교,매일신문,"'서울대 10개' 고배 경북대, 대대적 인적 쇄신…핵심 보직 교체",정부의 '서울대 10개 만들기' 사업에서 탈락한 경북대학교가 대학본부 주요 보직교수를 대폭 교체한다. 사업 탈락 직후 주요 보직자들이 책임을 지는 차원에서 사의를 표명한 데 이어 허영우 총장이 예고했던 인적 쇄신이...,2026-09-30 16:42,https://www.imaeil.com/page/view/2026093016004745051,https://n.news.naver.com/mnews/article/088/0001031498?sid=102
서울대학교,굿모닝충청,"화학연, 국내외 소재·AI 전문가 초청 글로벌 R&D 포럼 개최","포럼에는 독일 프리드리히 알렉산더 대학교, 스위스 폴 셰러 연구소, 서울대학교, 일본 국립재료과학연구소, 중국 칭화대학교와 화학연 소속 전문가들이 연사로 참여했다. 오전 세션에서는 카이스트 김형준 교수가...",2026-09-30 16:42,https://www.goodmorningcc.com/news/articleView.html?idxno=453231,https://www.goodmorningcc.com/news/articleView.html?idxno=453231
연세대학교,데일리한국,[청양소식] 백제문화체험박물관 개관 10주년 '백제 가을 소풍' 개최 외,"◇ 연세대 행정학과, 청양군 '통합돌봄' 현장 벤치마킹 연세대학교 행정학과 학생 20명이 청양군의 우수한 지역사회 돌봄 시스템을 배우기 위해 30일 청양 교월 고령자복지주택을 방문했다. 지역복지 현장학습의...",2026-09-30 16:42,https://daily.hankooki.com/news/articleView.html?idxno=1410685,https://daily.hankooki.com/news/articleView.html?idxno=1410685
고려대학교,메가경제,"한진, 정책기획담당 부사장직 신설…최종석 前 CSO 선임",최 부사장은 1970년생으로 서울대학교 사회복지학과를 졸업하고 미국 코넬대학교 노사관계대학원에서 석사 학위를 받았다. 이후 고려대학교에서 경영학 박사 학위를 취득했다. 행정고시에 합격한 뒤 고용노동부...,2026-09-30 16:40,https://www.megaeconomy.co.kr/news/newsview.php?ncode=1065598677566487,https://www.megaeconomy.co.kr/news/newsview.php?ncode=1065598677566487
연세대학교,SBS,"인천 송도 'K-바이오랩허브' 착공…""바이오 창업 기업 성장 지원""","▲ 송도국제도시 연세대 국제캠퍼스 인천 송도국제도시 연세대 국제캠퍼스에서 바이오 벤처기업 종합... 중기부는 셀트리온과 삼성바이오로직스, SK바이오사이언스, 롯데바이오로직스, 연세세브란스병원 등 이 지역의...",2026-09-30 16:40,https://news.sbs.co.kr/news/endPage.do?news_id=N1008777227&plink=ORI&cooper=NAVER,https://n.news.naver.com/mnews/article/055/0001392183?sid=102
서울대학교,메가경제,"한진, 정책기획담당 부사장직 신설…최종석 前 CSO 선임","최 부사장은 1970년생으로 서울대학교 사회복지학과를 졸업하고 미국 코넬대학교 노사관계대학원에서 석사... 행정관, 서울지방노동위원회 사무국장, 주미합중국 대한민국대사관 고용노동관 등을 지냈다. 공직을 거쳐...",2026-09-30 16:40,https://www.megaeconomy.co.kr/news/newsview.php?ncode=1065598677566487,https://www.megaeconomy.co.kr/news/newsview.php?ncode=1065598677566487
고려대학교,SBS Biz,논란에 공석됐던 'K-문샷' AI과학자 PD에 임성빈 교수,"임 교수는 고려대에서 정치외교학과 수학을 전공한 뒤 같은 대학 대학원에서 수학 박사 학위를 받았습니다. 이후 삼성화재와 딥바이오, 카카오브레인 등에서 데이터 과학과 AI 분야 연구원으로 활동했습니다. 2020년...",2026-09-30 16:40,https://biz.sbs.co.kr/article_hub/20000337603?division=NAVER,https://n.news.naver.com/mnews/article/374/0000535633?sid=101
연세대학교,매일경제,"[매경이코노미스트] 자본시장 개혁, 유턴은 안 된다","""라며 강한 회의를 보였다. 이젠 다시 자본시장 정책이 유턴하는 우(愚)를 범하지 말아야 한다. ※ 외부 필진의 글은 본지 편집방향과 일치하지 않을 수 있습니다. [이남우 한국기업거버넌스포럼 회장·연세대 객원교수]",2026-09-30 16:39,https://www.mk.co.kr/article/12165013,https://n.news.naver.com/mnews/article/009/0005742118?sid=110
고려대학교,파이낸셜뉴스,"김선기 KTL 신임 원장 취임…""첨단산업 시험인증 역량 강화""","김 원장은 강원 횡성 출신으로 고려대 사회학과를 졸업하고 미국 카네기멜론대 대학원에서 정보통신기술 석사 학위를 받았다. 산업통상부 수소경제정책관과 자원안보정책과장, 대통령직속 국가균형발전위원회...",2026-09-30 16:36,https://www.fnnews.com/news/202609301633312760,https://n.news.naver.com/mnews/article/014/0005583112?sid=101
고려대학교,한국강사신문,최호근 교수 등 전문가 강연으로 배우는 인권교육…수원특례시 '시민 인...,"두 번째 강연은 10월 21일 최호근 고려대학교 사학과 교수가 맡는다. '혐오의 언어, 차별의 자연화'를 주제로... 11월 12일에는 조문영 연세대학교 문화인류학과 교수가 '정당한 분배, 부당한 낙인'을 주제로 강연한다. 지역과...",2026-09-30 16:36,https://www.lecturernews.com/news/articleView.html?idxno=211327,https://www.lecturernews.com/news/articleView.html?idxno=211327
연세대학교,한국강사신문,최호근 교수 등 전문가 강연으로 배우는 인권교육…수원특례시 '시민 인...,"두 번째 강연은 10월 21일 최호근 고려대학교 사학과 교수가 맡는다. '혐오의 언어, 차별의 자연화'를 주제로... 11월 12일에는 조문영 연세대학교 문화인류학과 교수가 '정당한 분배, 부당한 낙인'을 주제로 강연한다. 지역과...",2026-09-30 16:36,https://www.lecturernews.com/news/articleView.html?idxno=211327,https://www.lecturernews.com/news/articleView.html?idxno=211327
연세대학교,뉴시스,"""K-바이오랩허브, 기술이전 10건·M&A 2건 성과낼것""(종합)","송도 연세대 국제캠퍼스에서 개최했다고 밝혔다. K-바이오 랩허브는 미국 보스턴의 바이오 스타트업 지원... 롯데바이오로직스, 연세세브란스 병원 등 송도의 바이오 클러스터 인프라와 연계해 스타트업·대학·앵커기업...",2026-09-30 16:36,https://www.newsis.com/view/NISX20260930_0003809213,https://n.news.naver.com/mnews/article/003/0014224744?sid=101
연세대학교,경기신문,송도 세계적 생산기지 넘어 '글로벌 바이오 창업허브' 도약,연세대 송도캠퍼스 K-바이오 랩허브 본격 착공 총 2240억 투입 R&D·창업·투자 60개사 입주 미국 보스턴의... 여기에 연세세브란스병원 등 산·학·연·병 자원이 유기적으로 연결되는 개방형 혁신(오픈 이노베이션)...,2026-09-30 16:36,https://www.kgnews.co.kr/news/article.html?no=913573,https://www.kgnews.co.kr/news/article.html?no=913573
고려대학교,중앙일보,"경희대, ‘2026 Humboldt-Kolleg Korea’ 공동주관…AI 시대 법과 책임 논...",좌장은 김재형 서울대학교 법학전문대학원 교수와 지원림 고려대학교 법학전문대학원 명예교수가 맡는다. 송호영 한양대학교 법학전문대학원 교수와 윤석찬 부산대학교 법학전문대학원 교수도 토론자로 참여한다....,2026-09-30 16:35,https://www.joongang.co.kr/article/25466055,https://n.news.naver.com/mnews/article/025/0003554846?sid=102
서울대학교,중앙일보,"경희대, ‘2026 Humboldt-Kolleg Korea’ 공동주관…AI 시대 법과 책임 논...",좌장은 김재형 서울대학교 법학전문대학원 교수와 지원림 고려대학교 법학전문대학원 명예교수가 맡는다. 송호영 한양대학교 법학전문대학원 교수와 윤석찬 부산대학교 법학전문대학원 교수도 토론자로 참여한다....,2026-09-30 16:35,https://www.joongang.co.kr/article/25466055,https://n.news.naver.com/mnews/article/025/0003554846?sid=102
서울대학교,인사이트,"장애인 이동 돕던 기아 '초록여행', 이번엔 공연이 직접 관객을 찾아갔...",이번 공연은 서울발달장애인사생대회와 연계해 '예술로 하나되는 우리'를 주제로 열렸다. 발달장애인 약 1400명을 포함해 총 3000여명이 행사장을 찾았다.'런피아노'는 피아니스트 박종화 서울대 교수가 이끄는 프로젝트로...,2026-09-30 16:34,https://www.insight.co.kr/news/575992,https://www.insight.co.kr/news/575992
서울대학교,에스저널,"한진, 최종석 신임 정책기획담당 부사장 선임…대내외 환경 대응 역량 ...","최 부사장은 1970년생으로 서울대 사회복지학과 졸업 후 코넬대 노사관계대학원 석사, 고려대 경영학 박사 학위를 취득했다. 행정고시 합격 후 고용노동부 사무관으로 공직을 시작해 여러 정부기관을 거쳤고...",2026-09-30 16:34,https://www.s-journal.co.kr/news/articleView.html?idxno=44103,https://www.s-journal.co.kr/news/articleView.html?idxno=44103
서울대학교,신아일보,"시흥산업진흥원, 글로벌 바이오 허브 구축 전략 논의","이어 서울대학교 시흥캠퍼스 신영기 본부장을 좌장으로 최해종 경기도경제과학진흥원 바이오산업본부장, 최윤희 과학기술정책연구원 초빙연구위원, 김주원 연구위원, 오봉근 한국대표가 패널토의에 참여해 시흥의...",2026-09-30 16:34,https://www.shinailbo.co.kr/news/articleView.html?idxno=5067516,https://www.shinailbo.co.kr/news/articleView.html?idxno=5067516
고려대학교,에스저널,"한진, 최종석 신임 정책기획담당 부사장 선임…대내외 환경 대응 역량 ...","최 부사장은 1970년생으로 서울대 사회복지학과 졸업 후 코넬대 노사관계대학원 석사, 고려대 경영학 박사 학위를 취득했다. 행정고시 합격 후 고용노동부 사무관으로 공직을 시작해 여러 정부기관을 거쳤고...",2026-09-30 16:34,https://www.s-journal.co.kr/news/articleView.html?idxno=44103,https://www.s-journal.co.kr/news/articleView.html?idxno=44103
서울대학교,동아일보,"디디에이치-포인트임플란트, ‘전략적 사업협력 계약’ 체결","서울대학교치과병원 영상치의학과 교수진과 공동 연구한 AI 학습 모델을 기반으로 개발됐다. 치아우식(충치)과 치근단염(치아 뿌리 염증), 치조골 흡수 등 병변을 탐지해 영상 위에 표시하고 결과를 리포트로 자동...",2026-09-30 16:30,https://www.donga.com/news/Economy/article/all/20260930/134760930/1,https://n.news.naver.com/mnews/article/020/0003751764?sid=101
서울대학교,SIDAE,"AI 판단, 책임은 누가…금융권 입법 숙제","30일 국회에 따르면 박성훈 국민의힘 의원(정무위원회·부산 북구을)이 이날 국회의원회관에서 연 '금융 AI 시대의 소비자 권리와 금융회사 책임' 정책토론회에서 정순섭 서울대 법학전문대학원 교수는 ""현재 우리가 갖고...",2026-09-30 16:30,https://www.sidae.com/article/2026093015421486504,https://n.news.naver.com/mnews/article/417/0001159718?sid=101
서울대학교,1코노미뉴스,"[현장+] 1인 가구 삶, GDP로 설명 부족…전문가 ""돌봄·관계까지 봐야""","이날 기조강연에 나선 한준 연세대학교 사회학과 교수도 GDP가 놓치는 영역으로 가사노동과 자원봉사, 여가... 구인회 서울대학교 사회복지학과 교수는 ""사회복지학 분야에서 삶의 질은 굉장히 다차원적인 것이라는...",2026-09-30 16:28,https://www.1conomynews.co.kr/news/articleView.html?idxno=50632,https://www.1conomynews.co.kr/news/articleView.html?idxno=50632
연세대학교,1코노미뉴스,"[현장+] 1인 가구 삶, GDP로 설명 부족…전문가 ""돌봄·관계까지 봐야""","이날 기조강연에 나선 한준 연세대학교 사회학과 교수도 GDP가 놓치는 영역으로 가사노동과 자원봉사, 여가... 구인회 서울대학교 사회복지학과 교수는 ""사회복지학 분야에서 삶의 질은 굉장히 다차원적인 것이라는...",2026-09-30 16:28,https://www.1conomynews.co.kr/news/articleView.html?idxno=50632,https://www.1conomynews.co.kr/news/articleView.html?idxno=50632
연세대학교,뉴스1,"목원대, 435억 들여 전교생 AI교육…'AI중심대학' 전환 본격화",목원대는 지난 29일 서울 연세대학교 백양누리 그랜드볼룸에서 열린 'AI중심대학·AX대학원 공동 출범식... AI중심대학은 대학 교육체계를 AI 중심으로 전환해 AI 전문인재와 각 전공에 AI를 접목할 수 있는 AX...,2026-09-30 16:26,https://www.news1.kr/local/daejeon-chungnam/6306409,https://n.news.naver.com/mnews/article/421/0009201486?sid=102
고려대학교,의사신문,[병원계 소식] 9월 30일,"박태준 아주대학교 의과대학장은 ""지역사회와 필수·중증의료 현장을 의학교육의 학습공간으로 확장해 온... ■고려대 안산병원, '핸즈온 네트워킹 & 첨단 의료기기 사업단 세미나' 개최 고려대 안산병원(원장 서동훈)은...",2026-09-30 16:24,http://www.doctorstimes.com/news/articleView.html?idxno=240209,http://www.doctorstimes.com/news/articleView.html?idxno=240209
연세대학교,의사신문,[병원계 소식] 9월 30일,"박영민 연세대 강남세브란스병원(원장 김용욱) 이비인후과 교수 연구팀은 미국 서던캘리포니아대학교(USC)... 박태준 아주대학교 의과대학장은 ""지역사회와 필수·중증의료 현장을 의학교육의 학습공간으로 확장해 온...",2026-09-30 16:24,http://www.doctorstimes.com/news/articleView.html?idxno=240209,http://www.doctorstimes.com/news/articleView.html?idxno=240209
연세대학교,바이라인네트워크,"네이버, 스마트스토어 10년 변화 분석한 ‘D-커머스 리포트 2026’ 발간","네이버가 서울대학교 유병준 교수 연구팀, 연세대학교 최보름 교수 연구팀과 공동 연구한 ‘D-커머스 리포트 2026: 스마트스토어 10년 진화 경로 보고서’를 30일 발간했다. 이번 보고서에서 연구팀은 스마트스토어...",2026-09-30 16:24,https://byline.network/?p=9004111222621776,https://byline.network/?p=9004111222621776
고려대학교,메트로신문,"[CEO와칭] ‘커머스 해결사’서 ENM 총괄로…윤상현, 성장·수익성 두 마...",등을 고려해 추진하지 않기로 했다. CJ그룹의 주요 M&A를 경험한 윤 대표로서는 티빙·웨이브 통합을... ◆약력 ▲학력 -고려대 경영학과 ▲이력 2024~ CJ ENM 대표이사 2022~ CJ ENM 커머스부문 대표이사 2020~2021 CJ대한통운...,2026-09-30 16:24,http://www.metroseoul.co.kr/article/20260930500460,http://www.metroseoul.co.kr/article/20260930500460
서울대학교,바이라인네트워크,"네이버, 스마트스토어 10년 변화 분석한 ‘D-커머스 리포트 2026’ 발간","네이버가 서울대학교 유병준 교수 연구팀, 연세대학교 최보름 교수 연구팀과 공동 연구한 ‘D-커머스 리포트 2026: 스마트스토어 10년 진화 경로 보고서’를 30일 발간했다. 이번 보고서에서 연구팀은 스마트스토어...",2026-09-30 16:24,https://byline.network/?p=9004111222621776,https://byline.network/?p=9004111222621776
서울대학교,비즈트리뷴,"한진, 정책 대응 기능 부사장급으로 격상…최종석 신임 부사장 선임","최 부사장은 1970년생으로 서울대 사회복지학과를 졸업한 뒤 코넬대 노사관계대학원에서 석사 학위를... 행정고시 합격 후 고용노동부 사무관으로 공직에 입문했으며 대통령실 고용노사비서관실 행정관, 서울지방노동위...",2026-09-30 16:22,http://www.biztribune.co.kr/news/articleView.html?idxno=359808,http://www.biztribune.co.kr/news/articleView.html?idxno=359808
고려대학교,비즈트리뷴,"한진, 정책 대응 기능 부사장급으로 격상…최종석 신임 부사장 선임","최 부사장은 1970년생으로 서울대 사회복지학과를 졸업한 뒤 코넬대 노사관계대학원에서 석사 학위를, 고려대에서 경영학 박사 학위를 받았다. 행정고시 합격 후 고용노동부 사무관으로 공직에 입문했으며 대통령실...",2026-09-30 16:22,http://www.biztribune.co.kr/news/articleView.html?idxno=359808,http://www.biztribune.co.kr/news/articleView.html?idxno=359808
고려대학교,전자신문,공공부문 44% 'AI 도입 성과 공백'…“진단체계 혁신해야”,안문석 고려대 명예교수는 “공공 AI 정책은 선택과 집중을 통해 핵심 사업을 추진하고 성과를 제대로 평가해야 한다”며 “AI가 공공 부문의 생산성을 높이고 국민의 문제를 해결한다는 성과를 보여줘야 정책이...,2026-09-30 16:22,https://www.etnews.com/20260930000417,https://n.news.naver.com/mnews/article/030/0003471312?sid=105
고려대학교,바이라인네트워크,이상근 고려대 교수 “공격도 방어도 사람 손 떠났다…AI 통제체계 필수...,"기계의 속도로 움직이는 AI를 어떻게 감시하고 통제할지, 사람은 어디까지 개입할지 통제체계를 만드는 일이 매우 중요합니다.” 이상근 고려대학교 정보보호대학원 스마트보안학부 교수(AI보안연구소장)는 30일...",2026-09-30 16:22,https://byline.network/?p=9004111222621728,https://byline.network/?p=9004111222621728
서울대학교,연합뉴스,"박승흡 근로복지공단 이사장 취임…""일하는 누구나 보호받아야""","춘천고와 서울대 국어교육학과를 졸업하고, 숭실대에서 노동경제학 석사학위를 취득했다. 그는 1999년 한국비정규노동센터를 설립했고, 국가인권위원회 차별금지법제정 추진위원, 매일노동뉴스 대표이사, 서울시...",2026-09-30 16:22,https://www.yna.co.kr/view/AKR20260930153600530?input=1195m,https://n.news.naver.com/mnews/article/001/0016347797?sid=102
서울대학교,시민일보,"시흥시, 서울대 바이오데이서 바이오 특화단지 기반 소개",▲ 시흥시가 29일 서울대 호암교수회관에서 열린 ‘제6회 서울대 바이오 데이(SNU BIO-DAY)’에 참가해 시흥 바이오산업 및 국가첨단전략산업 바이오 특화단지 홍보 부스 모습 /사진제공=시흥시 경기 시흥시는 29일...,2026-09-30 16:20,https://www.siminilbo.co.kr/news/newsview.php?ncode=1160259158795175,https://www.siminilbo.co.kr/news/newsview.php?ncode=1160259158795175
고려대학교,디지털타임스,사후 처벌에 갇힌 땜질식 산재 대책… 면피용 ‘안전 서류’만 수북,"박지순 고려대 법학전문대학원 교수는 ""중대재해처벌법처럼 처벌을 강화하는 경우 경영진이 산업재해 문제에 더 관심을 갖는 일종의 위하효과가 발생하지만, 이러한 효과는 시간이 지나면 자연스럽게 감소한다""면서 ""처벌...",2026-09-30 16:20,https://www.dt.co.kr/article/12086721?ref=naver,https://n.news.naver.com/mnews/article/029/0003050758?sid=101
서울대학교,국제뉴스,"음성중학교, 창의융합 특강 '데이터·과학적 사고' 강조","정하웅 교수는 서울대학교 대학원에서 이학 박사 학위를 받고, 건명원 과학분야 운영위원과 한국과학기술한림원 준회원으로 활동하고 있다. 복잡계 네트워크 과학 분야에서 대표적인 학자로 꼽힌다. 정 교수는 구글...",2026-09-30 16:20,https://www.gukjenews.com/news/articleView.html?idxno=3709027,https://www.gukjenews.com/news/articleView.html?idxno=3709027
서울대학교,이데일리,"""자본비용 공시·디스커버리제도 도입해야 자본시장 선진화 가능""",이종섭 서울대 경영대 교수도 공시 확대 당위성에 힘을 보탰다. 그는 “공시는 단순한 정보 제공이 아닌 대리인 문제를 사전에 억제하는 장치”라며 “좋은 공시는 더 많은 문서가 아니라 필요한 정보를 적시에 동일하게...,2026-09-30 16:20,https://www.edaily.co.kr/News/Read?newsId=04532966645585368&mediaCodeNo=257&utm_source=naver&utm_medium=referral&utm_campaign=news_syndication&utm_content=original_article,https://n.news.naver.com/mnews/article/018/0006377823?sid=101
고려대학교,CNB뉴스,"김선기 KTL 신임 원장 취임…""새로운 도약 이끌겠다""","김 원장은 강원 횡성군 출신으로 고려대 사회학과를 졸업하고, 미국 카네기멜론대학교 대학원에서 정보통신기술 석사 학위를 취득했으며 ▲한국도시가스협회 상근부회장 ▲대한무역투자진흥공사(KOTRA)...",2026-09-30 16:18,https://www.cnbnews.com/news/articleView.html?idxno=1017618,https://www.cnbnews.com/news/articleView.html?idxno=1017618
고려대학교,쿠키뉴스,2026 속초 썸머 페스티벌 지역 경기 활성화 ‘한몫’,"속초시가 고려대학교 디지털혁신연구센터와 함께 이동통신 빅데이터 분석을 실시한 결과, 축제 기간 사흘간 누적 방문객은 10만 8532명으로 나타났다. 축제 1주 전 비교기간의 7만 2093명보다 50.5% 증가한 규모다. 일평균...",2026-09-30 16:18,https://www.kukinews.com/article/view/kuk202609300193,https://www.kukinews.com/article/view/kuk202609300193
서울대학교,아시아투데이,'제주 인재 양성의 산실' 서울제주도민회장학회가 58년 지탱한 힘은,"대전 새서울내과영상의학과의원 이기상 원장은 서울대 의대 1학년이던 1973년 제11차 장학생으로 선발돼 3만원의 장학금을 받았다. 그는 그 시절의 도움을 잊지 않고 2012년부터 매월 20만원씩 기부를 시작했으며, 2025년...",2026-09-30 16:18,https://www.asiatoday.co.kr/kn/view.php?key=20260930010010531,https://www.asiatoday.co.kr/kn/view.php?key=20260930010010531
서울대학교,아유경제,"[아유경제_교육] 서울시교육청, 2027년 서울 공립교사 694명 선발","서울농학교와 한국우진학교가 특수 중등 과목에서 각 4명을, 서울대학교사범대학부설중학교가 국어 과목에서 2명을 뽑는다. 사립학교 교사는 학교법인 76개(109개교)로부터 제1차 시험을 위탁받아 중등교사...",2026-09-30 16:18,http://www.areyou.co.kr/news/articleView.html?idxno=95599,http://www.areyou.co.kr/news/articleView.html?idxno=95599
서울대학교,연합뉴스,'인공태양과 에너지 전환' 나주 글로벌 에너지포럼 개막,"이어 황용석 서울대 교수, 오영국 한국핵융합에너지연구원장, 양형렬 케이(K)-문샷 프로젝트 핵융합 분야 PD, 윤병태 나주시장이 핵융합 기술의 상용화 가능성과 연구·산업 생태계 조성 방향을 논의했다. 포럼 둘째...",2026-09-30 16:18,https://www.yna.co.kr/view/AKR20260930153100054?input=1195m,https://n.news.naver.com/mnews/article/001/0016347785?sid=103
서울대학교,금강일보,"""AI가 실험하고 신소재 찾는다""…화학연 50주년 글로벌 포럼 개최","오전 세션에서는 독일 프리드리히 알렉산더 대학교의 크리스토프 J. 브라베츠 교수가 차세대 반도체의 설계 원리를, 서울대학교 한상수 교수가 소재과학·화학 분야의 셀프 드라이빙 랩(자율실험실)을 소개했다....",2026-09-30 16:16,https://www.ggilbo.com/news/articleView.html?idxno=1184548,https://www.ggilbo.com/news/articleView.html?idxno=1184548
서울대학교,금강일보,"한국타이어, 美 'IDEA 디자인 어워드' 2관왕","서울대학교 순환디자인연구실 '디스코랩'과 공동 개발했으며, 출품작 '블래더 업사이클링 시리즈'는 블래더 분말로 만든 가구와 브릭, 라이프스타일 굿즈로 구성됐다. 이 프로젝트는 올해 레드닷 디자인 어워드...",2026-09-30 16:16,https://www.ggilbo.com/news/articleView.html?idxno=1184549,https://www.ggilbo.com/news/articleView.html?idxno=1184549
서울대학교,비즈트리뷴,"코스맥스, 'AI 원형탈모 예측 모델' 개발…특허출원도",서울대학교와 손상모의 인장 강도를 120% 이상 개선하는 신소재 '코어링크-에스(Corelink-S)'를 개발해 '코스모팩어워즈' 헤어케어 제형 부문 파이널리스트에 올랐다. 또 인체 모낭 오가노이드로 스트레스성 새치 발생...,2026-09-30 16:16,http://www.biztribune.co.kr/news/articleView.html?idxno=359818,http://www.biztribune.co.kr/news/articleView.html?idxno=359818
서울대학교,시민일보,박준희 관악구청장 ‘SNU Bio-Day’ 참석,관악구는 최근 서울대학교 삼성컨벤션센터에서 열린 ‘제6회 SNU Bio-Day’에 관악중소벤처진흥원과 함께 참여해 관악S밸리의 창업 인프라와 기업 성장 단계별 지원사업을 알렸다. 사진은 박준희 구청장(왼쪽 첫 번째)...,2026-09-30 16:16,https://www.siminilbo.co.kr/news/newsview.php?ncode=1160287314300768,https://www.siminilbo.co.kr/news/newsview.php?ncode=1160287314300768
서울대학교,충북일보,이동우의 그림 이야기 - 국민건축가 김수근,"어릴 때 서울로 와 경기고에 진학했는데, 이때 건축학을 전공한 미군 병사에게 영어를 배우면서 건축가의 꿈을 키운다. 1950년 서울대학교 건축공학과에 입학했지만 6·25전쟁이 발발하자 통역병으로 징집된다. 휴가 중...",2026-09-30 16:16,https://www.inews365.com/news/article.html?no=937628,https://www.inews365.com/news/article.html?no=937628
연세대학교,오마이뉴스,'현대·기아차 1차 하청 갑질사건 여섯 번 검사 교체 끝에 무혐의,▲  현대.기아차 1차 하청업체 갑질사건의 피해자인 송윤섭 전 대표는 최근 검사를 받기 위해 연세대 세브란스병원 암센터를 방문했다. ⓒ 오마이뉴스 구영식 검찰이 '현대.기아차 1차 하청업체 갑질사건' 피해자가...,2026-09-30 16:16,https://www.ohmynews.com/NWS_Web/View/at_pg.aspx?CNTN_CD=A0003271572&CMPT_CD=P0010&utm_source=naver&utm_medium=newsearch&utm_campaign=naver_news,https://n.news.naver.com/mnews/article/047/0002530781?sid=102
연세대학교,프라임경제,"[스타트업 법률 가이드] 불공정 벤처투자계약, 무효 가능성",개정법의 명확한 해석을 위한 사전작업이 충실히 이루어지길 기대해 본다. 심건욱 법무법인 디엘지 변호사 연세대학교 정치외교학과 졸업 / 연세대학교 법학전문대학원 졸업 / (前) 법무법인(유한) 세종 / (前) 법무법인 세움,2026-09-30 16:16,http://www.newsprime.co.kr/news/article.html?no=749488,http://www.newsprime.co.kr/news/article.html?no=749488
연세대학교,히트뉴스,송도 K-바이오랩허브 첫 삽…60개 스타트업 입주·414억 지원,"중소벤처기업부는 30일 인천 송도 연세대학교 국제캠퍼스에서 K-바이오랩허브 착공식을 개최했다고... 송도에 자리 잡은 셀트리온, 삼성바이오로직스, SK바이오사이언스, 롯데바이오로직스와 연세세브란스병원 등...",2026-09-30 16:16,https://www.hitnews.co.kr/news/articleView.html?idxno=79537,https://www.hitnews.co.kr/news/articleView.html?idxno=79537
고려대학교,머니투데이,"""실내 로봇이 학생들에 정보제공""…도구로보틱스, 美 대학과 계약","AI(인공지능) 자율주행 순찰로봇 통합 솔루션 기업 도구로보틱스가 미국 볼주립대학교와 다목적 실내 로봇... 국내에서는 고려대 구로병원과 동대문구청, 연암대 팜한농 창사원, 대전중앙지하상가, 통영시 강구안 등에서...",2026-09-30 16:15,https://www.mt.co.kr/future/2026/09/30/2026093014431656107,https://n.news.naver.com/mnews/article/008/0005420454?sid=101
연세대학교,플래텀,"바이오 스타트업 입주 공간 K-바이오랩허브, 인천 송도서 착공","사업은 중앙정부, 지방자치단체, 대학이 분담한다. 연세대가 부지를 제공하고, 인천시가 건축비를... 송도에 있는 셀트리온, 삼성바이오로직스, SK바이오사이언스, 롯데바이오로직스, 연세세브란스병원 등과...",2026-09-30 16:14,https://platum.kr/archives/295465,https://platum.kr/archives/295465
서울대학교,BBS NEWS,"서울 관악구, '제6회 SNU Bio-Day' 참여...'관악S밸리' 적극 알려",서울 관악구가 바이오 연구와 산업 교류의 장에서 관악S밸리의 창업지원 정책을 적극 알렸습니다. 관악구는 29일 서울대 호암교수회관 삼성컨벤션센터에서 열린 '제6회 SNU Bio-Day'에 관악중소벤처진흥원과 함께...,2026-09-30 16:14,https://news.bbsi.co.kr/news/articleView.html?idxno=4109565,https://news.bbsi.co.kr/news/articleView.html?idxno=4109565
고려대학교,팝콘뉴스,"고려대, '실험실 창업 활성화 우수대학' 선정...교육부 장관 표창","이병천 고려대학교 크림슨창업지원단장은 ""이번 수상은 대학의 우수 연구성과가 창업으로 이어지고, 설립된 기업이 투자와 글로벌 시장으로 성장할 수 있도록 전주기 지원체계를 고도화해 온 성과를 인정받았다는...",2026-09-30 16:14,http://www.popcornnews.net/news/articleView.html?idxno=134521,http://www.popcornnews.net/news/articleView.html?idxno=134521
고려대학교,한국경제,"""MBA 통해 시장 폭넓게 이해…문제 원인 짚는 역량 키웠다""",실무 경험에 체계적인 경영 지식을 더하기 위해 경영전문대학원(MBA)을 찾는 직장인과 경영자도 늘고 있다.... 진학했습니다.” ▷조민지(고려대 MBA 재학)=“현대자동차그룹에서 글로벌 스마트시티·모빌리티 사업을...,2026-09-30 16:13,https://www.hankyung.com/article/2026093037681,https://n.news.naver.com/mnews/article/015/0005337686?sid=102
고려대학교,한국경제,"대체불가 '나만의 무기', 전문성·인맥·학위…MBA에서 빚어낸다","1963년 국내 최초로 MBA 과정을 도입한 고려대는 이달 대학평가기관 쿼카렐리시몬즈(QS)가 발표한 ‘2026 글로벌 MBA 랭킹’에서 세계 75위, 국내 1위를 기록했다. 고려대 MBA는 이그제큐티브 MBA, 코리아 MBA, 파이낸스 MBA...",2026-09-30 16:13,https://www.hankyung.com/article/2026093037611,https://n.news.naver.com/mnews/article/015/0005337685?sid=102
서울대학교,금강일보,"""4년 새 지원자 2배 껑충""…UST 내년 정원 10% 확대","과학기술연합대학원대학교(UST)의 내국인(일반전형) 신입학 지원자가 4년 연속 증가한 것으로 나타났다.... 또 서울대, 경북대, 세종대 등 일반대학 전임교원 임용, 과학기술정보통신부, 기후에너지환경부 등...",2026-09-30 16:12,https://www.ggilbo.com/news/articleView.html?idxno=1184546,https://www.ggilbo.com/news/articleView.html?idxno=1184546
서울대학교,위키트리,"조희대 대법원장, 부친상 때 받은 조의금 모두 '봉투째' 돌려줬다",조 대법원장의 서울대 법대 및 사법연수원 동기인 안홍렬 변호사는 30일 서울대 법대 전체 대화방에 관련... 반환 대상에는 서울뿐 아니라 지방에서 부의금을 전달한 사람들도 포함된 것으로 알려졌다. 조 대법원장은 2024년...,2026-09-30 16:12,https://www.wikitree.co.kr/articles/1163090,https://www.wikitree.co.kr/articles/1163090
서울대학교,KJDAILY,“AI 시대 창의성은 다양성에서 나옵니다”,"한편, 호남대학교 교양아카데미는 최재천 교수 강좌를 시작으로 오는 12월까지 국내 석학 6명과 함께하는 렉처 시리즈로 운영된다. 2번째 강연은 오는 10월13일 김헌 서울대학교 교수를 초청해 ‘인공지능이 채울 수 없는...",2026-09-30 16:12,http://www.kjdaily.com/article.php?aid=1790751721687959033,http://www.kjdaily.com/article.php?aid=1790751721687959033
고려대학교,뉴데일리,대전대 제12대 총장 남상호 재선임,남 총장은 고려대 생물학과를 졸업하고 같은 대학에서 분류생태학 전공으로 박사학위를 취득했다. 1987년... 대전대학교 관계자는 “대학의 지속적인 발전과 교육·연구 경쟁력 강화를 위해 노력하겠다”고 밝혔다....,2026-09-30 16:12,https://cc.newdaily.co.kr/site/data/html/2026/09/30/2026093000286.html,https://cc.newdaily.co.kr/site/data/html/2026/09/30/2026093000286.html
고려대학교,플래텀,"KIST·대학 기술창업에 단계별 투자 연결, 홍릉강소특구 투자기관협의체...",경희대·고려대를 축으로 한다. 협의체는 2021년 투자기관 28곳으로 출범했다. 2021년부터 2025년까지... 이 가운데는 KIST의 기술사업화 전문회사인 키스트이노베이션과 경희대학교기술지주처럼 연구기관·대학과...,2026-09-30 16:12,https://platum.kr/archives/295464,https://platum.kr/archives/295464
연세대학교,머니투데이,"K-바이오랩허브 인천 송도에 '첫삽'…중기부, 바이오 스타트업 거점 키...",중기부는 30일 인천 송도 연세대학교 국제캠퍼스 내 공사부지에서 바이오 창업 종합 지원 인프라인 K... 연세세브란스 병원 등 인천 송도의 바이오 클러스터(협력지구) 인프라와 연계해 스타트업-대학-앵커기업-병원 간...,2026-09-30 16:11,https://www.mt.co.kr/economy/2026/09/30/2026093015264328452,https://n.news.naver.com/mnews/article/008/0005420449?sid=101
서울대학교,아시아경제,'인공태양에서 차세대 전력망까지'…나주 에너지 미래 논한다,"나주시는 30일 한국에너지공과대학교 대강당에서 '나주 글로벌 에너지포럼 2026(NGEF 2026)' 개막식을 열고... 이어 황용석 서울대학교 교수, 오영국 한국핵융합에너지연구원장, 양형렬 K-문샷 프로젝트 핵융합 분야 PD와...",2026-09-30 16:10,https://view.asiae.co.kr/article/2026093015484990886,https://n.news.naver.com/mnews/article/277/0005822934?sid=102
서울대학교,불교공뉴스,'공정에 AI를 붙인다'…충북 제조현장 M.AX 전환 본격화,서울대 기계공학부 교수이자 원프레딕트 대표인 윤병동 대표가 제조 M.AX를 주제로 강연한 데 이어 한국고용정보원 김동규 연구위원은 AI 확산에 따른 일자리 변화와 제조 인력의 역량 강화 방안을 설명했다. 기업...,2026-09-30 16:10,https://www.bzeronews.com/news/articleView.html?idxno=823269,https://www.bzeronews.com/news/articleView.html?idxno=823269
고려대학교,서울신문,"고려대, ‘실험실 창업 우수대학’ 교육부 장관 표창",고려대학교가 연구성과 발굴부터 글로벌 진출까지 아우르는 전주기 창업지원 공로를 인정받아 교육부... 도입한 대학원 정규교과를 운영하고 있다. 창업 이후의 성장세도 가파르다. 교원창업기업 ㈜뉴로엑스티가...,2026-09-30 16:09,https://www.seoul.co.kr/news/society/2026/09/30/20260930500203?wlog_tag3=naver,https://n.news.naver.com/mnews/article/081/0003684838?sid=102
연세대학교,노컷뉴스,주제발표하는 이준성 교수,"이준성 연세대 스포츠응용산업학과 교수가 30일 국회 의원회관에서 열린 '2026 콘텐츠 미래포럼 : AI와 K-컬처 콘텐츠의 융합, 미디어 산업의 미래를 묻다' 에서 스포츠 콘텐츠, AI라는 날개를 달다라는 주제로...",2026-09-30 16:09,https://www.nocutnews.co.kr/news/6585256?utm_source=naver&utm_medium=article&utm_campaign=20260930040801,https://m.entertain.naver.com/article/079/0004194368
연세대학교,벤처스퀘어,K-바이오랩허브 송도서 착공…2028년 바이오 스타트업 60곳 입주,"셀트리온·삼성바이오로직스·SK바이오사이언스·롯데바이오로직스와 연세세브란... 사업은 정부와 지방자치단체, 대학이 역할을 나눠 추진한다. 연세대학교가...",2026-09-30 16:09,https://www.venturesquare.net/1117001/,https://www.venturesquare.net/1117001/
연세대학교,파이낸셜뉴스,"연세대 김원석 교수팀, 독도 해저 60만년 진화 비밀 밝혔다","연세대학교 지구시스템과학과 김원석 교수 연구팀은 독도 북측 해저 지형의 변화 과정을 정밀... 김원석 연세대 교수는 ""독도 해저 계단 지형에는 과거 수십만 년 동안 이어진 동해의 환경 변화 정보가 그대로 남아...",2026-09-30 16:09,https://www.fnnews.com/news/202609301607498172,https://n.news.naver.com/mnews/article/014/0005583096?sid=102
연세대학교,노컷뉴스,주제발표하는 이준성 스포츠응용산업학과 교수,"이준성 연세대 스포츠응용산업학과 교수가 30일 국회 의원회관에서 열린 '2026 콘텐츠 미래포럼 : AI와 K-컬처 콘텐츠의 융합, 미디어 산업의 미래를 묻다' 에서 스포츠 콘텐츠, AI라는 날개를 달다라는 주제로...",2026-09-30 16:09,https://www.nocutnews.co.kr/news/6585257?utm_source=naver&utm_medium=article&utm_campaign=20260930040801,https://m.entertain.naver.com/article/079/0004194369
서울대학교,전자신문,"태평양 강태욱 변호사, 개인정보보호위원장 표창 수상",이번 표창은 개인정보보호위원회가 서울 양재 엘타워에서 개최한 '제6회 개인정보 보호의 날' 기념식에서... 강 변호사는 서울대 법학과를 졸업하고 사법연수원 31기를 수료한 뒤 2002년 판사로 법조계에 입문했다....,2026-09-30 16:08,https://www.etnews.com/20260930000408,https://n.news.naver.com/mnews/article/030/0003471303?sid=105
연세대학교,에듀동아,대입 논술전형 대비 '파이널 강의' 캘린더 공개… 대학별 맞춤 집중 공...,"연세대, 홍익대, 서울시립대, 성신여대, 가톨릭대, 단국대 등 대학별 출제 스타일에 맞춘 현장 강의가 진행되며, 일부 강좌는 라이브(LIVE) 수업으로도 병행 제공된다. 10월 중순 연세대, 단국대, 가톨릭대, 중앙대 등의 시험...",2026-09-30 16:08,https://edu.donga.com/news/articleView.html?idxno=112387,https://edu.donga.com/news/articleView.html?idxno=112387
고려대학교,에듀동아,대입 논술전형 대비 '파이널 강의' 캘린더 공개… 대학별 맞춤 집중 공...,"가천대, 고려대 세종 약학, 국민대 등 약술형 논술을 실시하는 대학의 출제 범위와 유형에 맞춰 핵심 개념 정리와 단답형·서술형 문제 풀이 훈련을 진행한다. 평촌청솔학원 관계자는 ""논술전형은 단순히 글을 잘 쓰거나...",2026-09-30 16:08,https://edu.donga.com/news/articleView.html?idxno=112387,https://edu.donga.com/news/articleView.html?idxno=112387
서울대학교,머니투데이,"박승흡 전 전태일재단 이사장, 근로복지공단 신임 이사장 취임","춘천고와 서울대 국어교육학과를 졸업하고, 숭실대에서 노동경제학 석사학위를 취득했다. 1999년 한국비정규노동센터를 설립했으며 국가인권위원회 차별금지법제정 추진위원, 매일노동뉴스 대표이사, 서울시...",2026-09-30 16:07,https://www.mt.co.kr/economy/2026/09/30/2026093015301370078,https://n.news.naver.com/mnews/article/008/0005420446?sid=101
서울대학교,펜앤드마이크,"[막전막후] 1위 되찾은 '암살자(들)', 빈자리가 많아졌다...3가지 균열 눈...","공교롭게도 영화 논란이 한창이던 지난 29일, 서울대 통일평화연구원의 '2026 통일의식조사' 결과가 발표됐다. 한국갤럽에 의뢰해 지난 7월 1~26일 전국 만 19~74세 1200명을 방문 면접한 조사에서 '통일이 필요하다'는 응답은...",2026-09-30 16:06,https://www.pennmike.com/news/articleView.html?idxno=128708,https://www.pennmike.com/news/articleView.html?idxno=128708
고려대학교,한국경제,"고려대 경영전문대학원, 국내 1위 MBA 커리큘럼…기초부터 박사까지 단...",이번 성과는 고려대 경영대학이 구축해 온 폭넓은 교육 포트폴리오와 맞닿아 있다. 고려대 경영대학은 1905년 경영학 교육을 시작하고 1963년 국내 최초로 MBA 과정을 도입했다. 이후 △코리아 MBA △이그제큐티브 MBA...,2026-09-30 16:05,https://www.hankyung.com/article/2026093037871,https://n.news.naver.com/mnews/article/015/0005337676?sid=102
연세대학교,연합뉴스,K- 바이오 랩허브 착공식,"30일 인천 연수구 K-바이오 랩허브 부지에서 열린 착공식에서 이소영 중소벤처기업부 장관(가운데), 박찬대 인천시장(오른쪽 다섯번째), 윤동섭 연세대학교 총장(오른쪽 네 번째) 등 참석자들이 발파 버튼을 누르고...",2026-09-30 16:05,https://www.yna.co.kr/view/PYH20260930254000065?input=1196m,https://n.news.naver.com/mnews/article/001/0016347734?sid=101
서울대학교,중앙일보,"코스맥스, AI·빅데이터 기반 초개인화 헤어케어 확대",코스맥스는 서울대학교와 공동으로 모발의 시스틴 결합을 복구해 손상모의 인장 강도를 120% 이상 개선하는 신소재 ‘코어링크-에스(Corelink-S)’도 개발했다. 해당 소재는 올해 ‘코스모프로프 볼로냐’의...,2026-09-30 16:05,https://www.joongang.co.kr/article/25466042,https://n.news.naver.com/mnews/article/025/0003554834?sid=101
서울대학교,매일경제,"""AI, 경영 관점에선 결국 무엇을 맡기느냐""",""" 동국대학교 경영전문대학원(동국대 MBA)에서 '비즈니스애널리틱스 혁신경영'을 가르치는 임성묵 교수는... 강의를 맡은 임 교수는 서울대학교에서 박사학위를 받았다. 그동안 의사결정 최적화와 프로세스 효율성...",2026-09-30 16:04,https://www.mk.co.kr/article/12164961,https://n.news.naver.com/mnews/article/009/0005742085?sid=102
서울대학교,신소재경제신문,"화학연, 소재 데이터·AI 기반 ‘자율실험실’ 연구방식 모색","포럼에는 독일 프리드리히 알렉산더 대학교, 스위스 폴 셰러 연구소, 서울대학교, 일본 국립재료과학연구소, 중국 칭화대학교 및 화학연 소속 전문가들이 연사로 참여했다. 오전 세션은 KAIST 김형준 교수가...",2026-09-30 16:04,http://amenews.kr/news/view.php?idx=68170,http://amenews.kr/news/view.php?idx=68170
고려대학교,베리타스알파,고려대 '실험실창업 활성화 우수대학' 교육부 장관 표창.. '2022년 이어 두...,"이병천 고려대 크림슨창업지원단장은 ""이번 수상은 대학의 우수 연구성과가 창업으로 이어지고, 설립된 기업이 투자와 글로벌 시장으로 성장할 수 있도록 전주기 지원체계를 고도화해 온 성과를 인정받았다는...",2026-09-30 16:04,https://www.veritas-a.com/news/articleView.html?idxno=630077,https://www.veritas-a.com/news/articleView.html?idxno=630077
연세대학교,한국경제,인천 송도에 모이는 바이오 스타트업...바이오랩허브 2029년 건립,2029년 1월에 연세대 국제캠퍼스 안에 건립되면 바이오 스타트업 약 60개사가 입주하게 된다. K-바이오 랩허브는 미국 보스턴의 바이오 스타트업 지원기관인 랩센트럴(LabCentral)을 모델로 한다. 바이오 창업기업의 성장...,2026-09-30 16:04,https://www.hankyung.com/article/202609305214h,https://n.news.naver.com/mnews/article/015/0005337675?sid=102
서울대학교,매일경제,"입시의 계절 …'긴 항해' 시작, 아이의 GPS를 확인할 때 [김정민의 영어...","서울대는 2028학년도 '전공 연계 과목 선택 안내'를 통해 모집단위에 따라 권장과목을 제시했다. 일부 유형에서는 수학의 '기하'와 '미적분Ⅱ', 과학 진로선택과목 등을 권장한다. 더 중요한 것은 대학이 단순히 해당...",2026-09-30 16:03,https://www.mk.co.kr/article/12164951,https://n.news.naver.com/mnews/article/009/0005742077?sid=102
서울대학교,코메디닷컴,체중도 정상인데 왜 ‘지방간’이? 식탁에 이유 있었나⋯,한국인 10만여 명을 분석한 강북삼성병원·서울대 식품영양학과 공동 연구에서도 나트륨 섭취와 지방간 위험 사이의 연관성이 나타났다. 나트륨 섭취량이 가장 많은 집단은 가장 적은 집단보다 지방간 발생률이 남성은...,2026-09-30 16:02,https://kormedi.com/?p=2875776,https://n.news.naver.com/mnews/article/296/0000105422?sid=103
서울대학교,아이티데일리,"네이버 판매자쿠폰, 매출 효과 3개월 지속…장기 리뷰도 구매 늘려",네이버가 30일 발간한 'D-커머스 리포트 2026'에 따르면 서울대학교 유병준 교수 연구팀과 연세대학교 최보름 교수 연구팀은 스마트스토어 판매자의 실제 운영 데이터를 토대로 플랫폼 기능과 판매 성과의 관계를...,2026-09-30 16:02,https://www.itdaily.kr/news/articleView.html?idxno=241925,https://www.itdaily.kr/news/articleView.html?idxno=241925
서울대학교,팝콘뉴스,"한국타이어, 美서 미래·친환경 디자인 경쟁력 입증","서울대학교 순환디자인연구실 '디스코랩(DISCO Lab)'과의 협업으로 탄생한 출품작 '블래더 업사이클링 시리즈'는 블래더 분말을 활용해 가구, 브릭, 라이프스타일 굿즈 등으로 구성됐다. 특히 브릭을 조립해...",2026-09-30 16:02,http://www.popcornnews.net/news/articleView.html?idxno=134513,http://www.popcornnews.net/news/articleView.html?idxno=134513
서울대학교,경기신문,"박병권 부천시의회 의장, 경기 중부권 7개 시의회 의장협의회 신임 회장...","중부권 7개 시의회, 정례회의로 협력 강화 박병권 의장 “하나의 생활권, 공동 현안 함께 풀어가야” 박병권 부천시의회 의장이 지난 29일 서울대학교 시흥캠퍼스에서 열린 ‘경기도 중부권 7개 시의회 의장협의회 제129차...",2026-09-30 16:02,https://www.kgnews.co.kr/news/article.html?no=913475,https://www.kgnews.co.kr/news/article.html?no=913475
연세대학교,아이티데일리,"네이버 판매자쿠폰, 매출 효과 3개월 지속…장기 리뷰도 구매 늘려",네이버가 30일 발간한 'D-커머스 리포트 2026'에 따르면 서울대학교 유병준 교수 연구팀과 연세대학교 최보름 교수 연구팀은 스마트스토어 판매자의 실제 운영 데이터를 토대로 플랫폼 기능과 판매 성과의 관계를...,2026-09-30 16:02,https://www.itdaily.kr/news/articleView.html?idxno=241925,https://www.itdaily.kr/news/articleView.html?idxno=241925
연세대학교,한국일보,K-바이오랩허브 인천 송도에 2029년 들어선다... 60개 바이오 기업 입주,"인천경제자유구역청은 30일 연수구 송도동 연세대 국제캠퍼스에서 국가 차원의 바이오 창업 종합 지원... 총사업비 2,240억 원(국비 1,021억 원, 시비 930억 원, 연세대 208억 원, 민간 81억 원)을 들여 지하 1층~지상 9층...",2026-09-30 16:01,https://www.hankookilbo.com/news/article/A2026093010490000461?did=NA,https://n.news.naver.com/mnews/article/469/0000956898?sid=102
고려대학교,CCDAILYNEWS,환경 일자리 꿈 키우는 세종 공기업 만남,"행사는 고려대학교 세종 에코업혁신융합대학사업단이 주최했다. 에코업 페어는 환경기업과 청년 인재를 연결하는 취업·산학 연계 행사다. 현장에서 요구하는 역량과 직무 정보를 학생에게 전하고, 기업에는 지역...",2026-09-30 16:00,https://www.ccdailynews.com/news/articleView.html?idxno=2443913,https://www.ccdailynews.com/news/articleView.html?idxno=2443913
고려대학교,서울경제TV,"고려대 구로병원·KAIST 공동 연구팀, ‘흡입형 폐암 나노치료제’ 개발",고려대학교 구로병원은 김현구 고려대 구로병원 심장혈관흉부외과 교수와 박지호 KAIST 바이오및뇌공학과 교수 공동 연구팀은 항암제를 폐에 직접 밀착시켜 약효를 극대화하는 흡입형 나노치료제를 선보였다고 30일...,2026-09-30 16:00,https://www.sentv.co.kr/article/view/sentv202609300213,https://www.sentv.co.kr/article/view/sentv202609300213
연세대학교,뉴시스,K-바이오 랩허브 착공식,"30일 인천 연수구 K-바이오 랩허브 부지에서 열린 착공식에서 이소영(가운데) 중소벤처기업부 장관, 박찬대(오른쪽 다섯번째) 인천시장, 윤동섭(오른쪽 네번째) 연세대학교 총장 등 참석자들이 발파 버튼을 누르고...",2026-09-30 16:00,https://www.newsis.com/view/NISI20260930_0021468406,https://n.news.naver.com/mnews/article/003/0014224634?sid=102
연세대학교,뉴시스,K-바이오랩허브 착공식,"30일 인천 연수구 K-바이오 랩허브 부지에서 열린 착공식에서 이소영(가운데) 중소벤처기업부 장관, 박찬대(오른쪽 다섯번째) 인천시장, 윤동섭(오른쪽 네번째) 연세대학교 총장 등 참석자들이 발파 세레모 후...",2026-09-30 16:00,https://www.newsis.com/view/NISI20260930_0021468401,https://n.news.naver.com/mnews/article/003/0014224630?sid=102
연세대학교,뉴시스,K-바이오 랩허브 착공식 기념촬영,"30일 인천 연수구 K-바이오 랩허브 부지에서 열린 착공식에서 이소영(가운데) 중소벤처기업부 장관, 박찬대(오른쪽 다섯번째) 인천시장, 윤동섭(오른쪽 네번째) 연세대학교 총장 등 참석자들이 기념촬영을 하고 있다. K...",2026-09-30 16:00,https://www.newsis.com/view/NISI20260930_0021468400,https://n.news.naver.com/mnews/article/003/0014224628?sid=102
연세대학교,인천투데이,"K-바이오 랩허브, 송도 연세대 국제캠퍼스서 착공··· 2029년 1월 준공...","인천투데이=인투아이(INTO-AI)·장호영 기자｜인천시는 30일 연수구 송도국제도시 내 연세대학교... 기업과 연세세브란스병원 등 산·학·연·병 자원이 모여 있어, 스타트업과 대학, 병원, 기업, 투자기관 간 협력...",2026-09-30 16:00,https://www.incheontoday.com/news/articleView.html?idxno=324348,https://www.incheontoday.com/news/articleView.html?idxno=324348
연세대학교,아주경제,"K-바이오랩허브, 송도에 첫삽…바이오 스타트업 혁신 거점","아주경제=전성민 기자 ball@ajunews.com 이소영 중소벤처기업부 장관(왼쪽 여섯번째)이 30일 인천 연수구 연세대... 중기부는 셀트리온과 삼성바이오로직스, SK바이오사이언스, 롯데바이오로직스, 연세세브란스병원 등 이...",2026-09-30 16:00,https://www.ajunews.com/view/20260930154945965,https://www.ajunews.com/view/20260930154945965
서울대학교,글로벌경제신문,"한국타이어, 업사이클링·로보틱 휠로 美 IDEA 본상","한국타이어는 서울대학교 순환디자인연구실 디스코랩(DISCO Lab)과 프로젝트를 공동 개발했다. 블래더를 분말로 가공해 가구와 브릭, 생활용품을 제작했으며 브릭을 조립한 조형물 '키네틱 월(Kinetic Wall)'도...",2026-09-30 16:00,https://www.getnews.co.kr/news/articleView.html?idxno=882243,https://www.getnews.co.kr/news/articleView.html?idxno=882243
연세대학교,뉴데일리경제,[포토] K-바이오랩허브 착공식,뉴데일리 서성진 기자 = 이소영 중소벤처기업부 장관과 박찬대 인천시장을 비롯한 참석자들이 30일 오후 인천 연수구 연세대학교 국제캠퍼스 부지에서 열린 K-바이오랩허브 착공식에서 퍼포먼스를 하고 있다. 뉴데일리...,2026-09-30 15:58,https://biz.newdaily.co.kr/site/data/html/2026/09/30/2026093000300.html,https://biz.newdaily.co.kr/site/data/html/2026/09/30/2026093000300.html
연세대학교,뉴데일리경제,[포토] 기념사하는 박찬대 인천시장,뉴데일리 서성진 기자 = 박찬대 인천시장이 30일 오후 인천 연수구 연세대학교 국제캠퍼스 부지에서 열린 K-바이오랩허브 착공식에서 기념사를 하고 있다. 뉴데일리 서성진,2026-09-30 15:58,https://biz.newdaily.co.kr/site/data/html/2026/09/30/2026093000297.html,https://biz.newdaily.co.kr/site/data/html/2026/09/30/2026093000297.html
연세대학교,노컷뉴스,"""K-컬처 400조, 핵심 열쇠는 AI""…콘텐츠 미래 전략 본격 논의",이준성 연세대 스포츠응용산업학과 교수는 '경기는 끝나도 콘텐츠는 계속된다'를 주제로 AI와 빅데이터 기반의 스포츠 중계·분석 기술과 디지털 소비 변화를 다룬다. 오성택 WSC Sports 한국 사업 책임자는 '스포츠...,2026-09-30 15:58,https://www.nocutnews.co.kr/news/6585250?utm_source=naver&utm_medium=article&utm_campaign=20260930040400,https://n.news.naver.com/mnews/article/079/0004194358?sid=102
연세대학교,뉴데일리경제,[포토] 인사말하는 이소영 중소벤처기업부 장관,뉴데일리 서성진 기자 = 이소영 중소벤처기업부 장관이 30일 오후 인천 연수구 연세대학교 국제캠퍼스 부지에서 열린 K-바이오랩허브 착공식에서 인사말을 하고 있다. 뉴데일리 서성진,2026-09-30 15:56,https://biz.newdaily.co.kr/site/data/html/2026/09/30/2026093000294.html,https://biz.newdaily.co.kr/site/data/html/2026/09/30/2026093000294.html
서울대학교,아시아경제,AI는 사라지고 '안목'이 남았다…김난도가 본 2027년,"김난도 서울대 소비자학과 명예교수는 30일 서울 중구 한국프레스센터에서 열린 '트렌드 코리아 2027' 출간 기자간담회에서 ""AI는 이제 일상의 범용필수재가 됐다""며 ""AI 기술 자체보다 AI가 개인과 조직, 사회를 어떻게...",2026-09-30 15:55,https://view.asiae.co.kr/article/2026093015553645378,https://n.news.naver.com/mnews/article/277/0005822924?sid=103
고려대학교,신아일보,"한양대 ERICA, 숙련공 '손끝 감각' AI로 데이터화…금형 작업 지원 기술...","30일 한양대학교 ERICA에 따르면 배터리소재화학공학과 이재원 교수 연구팀은 자이컨시, 아이젠 등과 함께... 한국생산기술연구원, 고려대, 미국 텍사스 A&M대, 한국몰드, 제이티 등이 참여한다. 금형 제조의 마지막 단계인...",2026-09-30 15:54,https://www.shinailbo.co.kr/news/articleView.html?idxno=5067485,https://www.shinailbo.co.kr/news/articleView.html?idxno=5067485
서울대학교,신아일보,강원도 행정부지사 교체…김영수 제36대 부지사 10월 1일 취임,"김 신임 부지사는 서울대학교 사회교육학과를 졸업했으며 행정안전부 의정관과 주미 대한민국대사관 공사참사관, 청와대 선임행정관, 행정자치부 장관 비서실장 등을 역임했다. 취임 첫날인 1일 오전 8시30분 충열탑...",2026-09-30 15:54,https://www.shinailbo.co.kr/news/articleView.html?idxno=5067474,https://www.shinailbo.co.kr/news/articleView.html?idxno=5067474
고려대학교,인더스트리뉴스,[전문가칼럼] '미식의 시대' 넘어설 프랜차이즈 생존 전략,"고려대 사회학과를 졸업하고 세종대에서 경영학 박사학위를 취득했다. 부자비즈 대표 컨설턴트. KFCEO과정, 프랜차이즈 사관학교, 잇플외식경영 주임교수 등 활동반경이 넓다. 한국프랜차이즈산업협회 교육분과장과...",2026-09-30 15:52,https://www.industrynews.co.kr/news/articleView.html?idxno=86761,https://www.industrynews.co.kr/news/articleView.html?idxno=86761
연세대학교,철강금속신문,"중기중앙회·중소벤처기업연구원, '중소기업 정책 심포지엄' 개최","전계형 한국교원대학교 교수는 수출바우처사업의 수혜기업과 비수혜기업 데이터를 활용하여 중소기업의... 이승훈 연세대학교 교수는 ""성장성이 높은 기업과 정책지원 효과가 큰 기업이 반드시 일치하는 것은 아닌 만큼...",2026-09-30 15:52,http://www.snmnews.com/news/articleView.html?idxno=575334,http://www.snmnews.com/news/articleView.html?idxno=575334
연세대학교,더리포트,"네이버, 스마트스토어 10년 진화···판매자 지원 AX로 확장",서울대 유병준 교수 연구팀과 연세대 최보름 교수 연구팀이 공동 연구한 'D-커머스 리포트 2026: 스마트스토어 10년 진화 경로 보고서'는 판매자의 성장 단계별 장벽과 이에 대응해 네이버가 지원 인프라를 확대한...,2026-09-30 15:52,https://www.thereport.co.kr/news/articleView.html?idxno=91884,https://www.thereport.co.kr/news/articleView.html?idxno=91884
서울대학교,더리포트,"네이버, 스마트스토어 10년 진화···판매자 지원 AX로 확장",서울대 유병준 교수 연구팀과 연세대 최보름 교수 연구팀이 공동 연구한 'D-커머스 리포트 2026: 스마트스토어 10년 진화 경로 보고서'는 판매자의 성장 단계별 장벽과 이에 대응해 네이버가 지원 인프라를 확대한...,2026-09-30 15:52,https://www.thereport.co.kr/news/articleView.html?idxno=91884,https://www.thereport.co.kr/news/articleView.html?idxno=91884
서울대학교,넥스트데일리,"알체라, 10월 6~8일 'AI FESTA 26' 월드모델 특별관 참가…""From Data To Rea...","8일까지 서울 코엑스에서 열리는 'AI FESTA 26(인공지능 페스타 2026)'의 IITP 월드모델 특별관(Physical AI & Robotics 특별관)에 참가한다. 이 특별관에는 알체라와 함께 LG전자, KAIST, 서울대학교, 로보티즈...",2026-09-30 15:52,https://www.nextdaily.co.kr/news/articleView.html?idxno=253481,https://www.nextdaily.co.kr/news/articleView.html?idxno=253481
서울대학교,문화일보,"성균관대, THE 세계대학평가 68위…사립대 중 1위","수 있도록 최고의 배움터를 만들어 가겠다”고 밝혔다. 이번 평가에서 영국 옥스퍼드대가 11년 연속 세계 1위를 차지했다. 국내 대학 중에서는 서울대가 56위로 가장 높았고 카이스트(KAIST·64위), 성균관대(68위) 순이다.",2026-09-30 15:52,https://www.munhwa.com/article/11620594?ref=naver,https://n.news.naver.com/mnews/article/021/0002822266?sid=102
서울대학교,서울경제,“골태기·런태기…자극 넘치는데 재미 없는 ‘권태사회’ 온다”,김난도 서울대 명예교수는 30일 서울 중구 한국프레스센터에서 열린 ‘트렌드 코리아 2027’ 출간 기자간담회에서 ‘권태 사회’를 2027년의 10대 소비 트렌드 중 첫 번째로 꼽았다. 내년에 가장 주목해야 할 트렌드이자...,2026-09-30 15:51,https://www.sedaily.com/article/20096646?ref=naver,https://n.news.naver.com/mnews/article/011/0004666894?sid=103
서울대학교,매일경제,"“기술패권 시대, 글로벌 싱크탱크 간 ‘인텔리전스 시스템’ 구축해야...","토론은 이정동 서울대학교 교수가 좌장을 맡았으며, 미국 정보기술혁신재단(ITIF), 네덜란드... 한양대학교 등 국내외 전문가들이 패널로 참여했다. 좌장을 맡은 김 부연구위원은 “반도체와 컴퓨트에서부터 AI 모델...",2026-09-30 15:51,https://www.mk.co.kr/article/12164934,https://n.news.naver.com/mnews/article/009/0005742063?sid=105
고려대학교,아시아경제,폐에 직접 전달해 최대 48시간 유지…'흡입형 폐암 나노치료제' 개발,고려대학교 구로병원은 심장혈관흉부외과 김현구 교수와 KAIST 바이오및뇌공학과 박지호 교수 공동 연구팀(KIST 김경수 박사·고대 구로병원 심장혈관흉부외과 전은비 연구원·고대 구로병원 심장혈관흉부외과 이준희...,2026-09-30 15:51,https://view.asiae.co.kr/article/2026093015510440550,https://n.news.naver.com/mnews/article/277/0005822920?sid=101
서울대학교,헤드라인제주,"제주도, 민주당과 예산정책협의회...1900억여원 국비 지원 건의",문 위원장은 이밖에도 △제주4.3희생자 유족회 지원의 법적 근거 4.3특별법 개정안 처리 △'서울대 10개 만들기' 지원 탈락에 따른 후속 지원방안 △제주대병원 교육진료동 증축 국비 지원 등을 요청했다. 송영훈...,2026-09-30 15:50,https://www.headlinejeju.co.kr/news/articleView.html?idxno=599774,https://www.headlinejeju.co.kr/news/articleView.html?idxno=599774
서울대학교,코리아리포트,"네이버, '스마트스토어 10년 진화 경로 보고서' 발간","네이버가 서울대 유병준 교수 연구팀과 연세대 최보름 교수 연구팀이 공동 연구한 'D-커머스 리포트 2026... 서울대 유병준 교수는 ""네이버는 급변하는 시장 환경에서 판매자들이 경쟁력을 잃지 않고 사업을 키울 수...",2026-09-30 15:50,https://www.koreareport.co.kr/news/articleView.html?idxno=53324,https://www.koreareport.co.kr/news/articleView.html?idxno=53324
연세대학교,코리아리포트,"네이버, '스마트스토어 10년 진화 경로 보고서' 발간","네이버가 서울대 유병준 교수 연구팀과 연세대 최보름 교수 연구팀이 공동 연구한 'D-커머스 리포트 2026... 연세대 최보름 교수는 ""스마트스토어가 판매자 주도형 플랫폼으로 정체성을 갖추고 검색·결제·데이터·물류...",2026-09-30 15:50,https://www.koreareport.co.kr/news/articleView.html?idxno=53324,https://www.koreareport.co.kr/news/articleView.html?idxno=53324
연세대학교,아시아투데이,인천 송도 ‘K-바이오 랩허브’ 첫 삽…2240억 대형 프로젝트 개막,"인천광역시는 30일 연세대학교 국제캠퍼스 내 공사부지(송도동 162-1번지)에서 바이오 창업 종합지원 인프라... 기업과 연세세브란스병원 등 산·학·연·병 자원이 몰려 있어, 스타트업과 대기업, 대학, 병원, 투자기관 간...",2026-09-30 15:50,https://www.asiatoday.co.kr/kn/view.php?key=20260930010010811,https://www.asiatoday.co.kr/kn/view.php?key=20260930010010811
서울대학교,매일경제,과총 창립 60주년…“이제는 사람 위한 과학으로”,"권오남 과총 회장(서울대 교수)은 “지난 60년간 과학기술이 대한민국을 기술강국으로 이끌었다면, 다음 60년은 과학기술의 성과가 모든 사람의 삶에 고르게 닿는 시대여야 한다”고 했다. 이어 “과학기술은 결국...",2026-09-30 15:48,https://www.mk.co.kr/article/12164929,https://n.news.naver.com/mnews/article/009/0005742059?sid=105
서울대학교,SBS,"부친상 ""요란해 송구하다""던 조희대, 부의금 봉투 돌려줬다","조 대법원장의 서울대 법대 동기인 안홍렬 변호사는 오늘(30일) 서울대 법대 단체 대화방에 글을 올리고, ""대법원 인사 의전관이 직접 사무실을 찾아와 장례식장에서 접수했던 부의금 봉투를 그대로 돌려주고 갔다""고...",2026-09-30 15:48,https://news.sbs.co.kr/news/endPage.do?news_id=N1008776813&plink=ORI&cooper=NAVER,https://n.news.naver.com/mnews/article/055/0001392168?sid=102
연세대학교,헤럴드경제,인천 송도에 ‘한국판 랩센트럴’ 착공… 2240억 투입 2029년 준공,"인천경제자유구역청에 따르면 30일 연세대학교 국제캠퍼스 부지(연수구 송도동 162-1)에 바이오 창업 종합... 원, 연세대 208억 원, 민간 81억 원 등 총 2240억 원의 사업비가 투입되는 국가 차원의 바이오 창업 거점이다....",2026-09-30 15:47,https://biz.heraldcorp.com/article/10889294?ref=naver,https://n.news.naver.com/mnews/article/016/0002703849?sid=101
연세대학교,메디파나뉴스,두경부암 전이·면역회피 이끄는 'ETS1' 규명,연세대 강남세브란스병원 이비인후과 박영민 교수 연구팀은 미국 서던캘리포니아대학교(USC) 연구팀과 공동으로 전사인자 'ETS1'이 두경부 편평상피세포암의 전이와 면역 회피를 조절하는 기전을 규명했다고 30일...,2026-09-30 15:46,https://www.medipana.com/news/articleView.html?idxno=418504,https://www.medipana.com/news/articleView.html?idxno=418504
서울대학교,히트뉴스,심평원 보험수가상임이사에 이소영 약제실장 임명,□ 학 력 ○ 중앙대학교 약학 학사('94.) ○ 서울대학교 의학 석사('01.) ○ 서울대학교 의학 박사('04.) □ 주요 경력 ○ 경제개발협력기구(OECD) 보건위원회 '의약품 및 의료기기 전문가 그룹' 의장단 ('25. 10.~현재)...,2026-09-30 15:46,https://www.hitnews.co.kr/news/articleView.html?idxno=79535,https://www.hitnews.co.kr/news/articleView.html?idxno=79535
서울대학교,CNB뉴스,"두나무, 美 백악관·재무부부터 韓 여야 의원까지 한자리에···'UIS 2026...","두나무는 지난 29일 서울 광진구 그랜드 워커힐 서울에서 열린 '업비트 인스티튜셔널 서밋(Upbit... 국내 금융산업의 온체인 전환을 다룬 '금융, 온체인으로: 연결되는 돈, 결제, 자산' 세션에서는 이종섭 서울대학...",2026-09-30 15:46,https://www.cnbnews.com/news/articleView.html?idxno=1017611,https://www.cnbnews.com/news/articleView.html?idxno=1017611
서울대학교,아주경제,"배경훈 부총리 ""프론티어 AI 모델 도전합니다""...2027 예산·자원 AI에 총...","com 배경훈 부총리 겸 과학기술정보통신부 장관과 이해민 AI미래기획수석이 30일 서울 종로구 정부서울청사... 이종호 서울대 전기정보공학부 교수(전 과기정통부 장관)는 ""소버린 AI는 국방이나 금융, 행정 분야에서...",2026-09-30 15:46,https://www.ajunews.com/view/20260930150629777,https://www.ajunews.com/view/20260930150629777
고려대학교,한국일보,"대전대 남상호 총장, 12대 총장으로 재선임",학교법인 혜화학원은 이사회를 열어 대전대학교 제12대 총장에 남상호 현 총장을 재선임했다고 30일 밝혔다. 남 총장의 임기는 10월 1일부터 2년간이다. 남 총장은 고려대 생물학과를 졸업하고 같은 대학에서...,2026-09-30 15:45,https://www.hankookilbo.com/news/article/A2026093015400000982?did=NA,https://n.news.naver.com/mnews/article/469/0000956892?sid=102
연세대학교,일간스포츠,"[단독] 최수종, 어머니 마지막 길 배웅 후 ‘유퀴즈’ 녹화… 슬픔 속 프...","빈소는 서울 연세대학교 신촌세브란스병원 장례식장에 마련됐으며, 발인은 29일 오전 8시 엄수됐다. 장지는 경기 용인 로뎀파크다. 이에 최수종은 모친상, 아내 하희라는 시모상을 당했다. 가수 출신 목사 조하문은...",2026-09-30 15:45,https://isplus.com/article/view/isp202609300176,https://m.entertain.naver.com/article/241/0003533201
서울대학교,파이낸셜포스트,"'실리콘 아일랜드' 규슈 부활… 韓 소부장 14개사, 日 공급망 진입 도전","서울대 시스템반도체산업진흥센터와 한국나노융합산업협회, 코트라가 기술력과 시장성을 심사해 선정했다. 이들은 가네마쓰·키엔스·암코테크놀로지 재팬 등 일본 종합상사와 벤더, 반도체 기업 50여곳과 기업 간...",2026-09-30 15:44,https://www.financialpost.co.kr/news/articleView.html?idxno=278080,https://www.financialpost.co.kr/news/articleView.html?idxno=278080
서울대학교,한스경제,"민주당·K자본시장위, 공시·디스커버리 개선해야",30 | 서울=한스경제 이호형 기자 |  더불어민주당 AI 금융·경제추진단과 K-자본시장특별위원회가 30일 오후... 30이종섭 교수 (서울대학교 경영대)가 30일 오후 여의도 한국거래소에서 열린 '자본시장 제도개선: 공시와...,2026-09-30 15:44,http://www.hansbiz.co.kr/news/articleView.html?idxno=869051,http://www.hansbiz.co.kr/news/articleView.html?idxno=869051
연세대학교,매경헬스,대웅제약이 송도를 택한 이유…세포치료제 연구 넘어 환자 치료로,대웅제약은 연세대학교 국제캠퍼스에 제조소를 두고 지역 내 대학·연구기관·의료기관과 산·학·연·병 협력을 확대할 방침이다. 연구 결과를 임상과 치료로 연결할 수 있는 협력 기반을 확보한다는 구상이다. 대웅제약...,2026-09-30 15:44,http://www.mkhealth.co.kr/news/articleView.html?idxno=80303,http://www.mkhealth.co.kr/news/articleView.html?idxno=80303
서울대학교,KPI뉴스,나주 글로벌 에너지포럼 개막…세계 석학과 인공태양 상용화 모색,첫날에는 장대익 가천대학교 석좌교수의 오프닝 강연에 이어 영국 차세대 상용 핵융합 실증 프로젝트 STEP을 이끄는 하워드 윌슨 과학기술총괄이사가 기조발표에 나섰다. 황용석 서울대 교수와 오영국...,2026-09-30 15:41,https://www.kpinews.kr/newsView/1065594916080525,https://www.kpinews.kr/newsView/1065594916080525
고려대학교,에이빙뉴스,"MICE 베테랑 앞세워 디지털 도약 시동... 엑스코, 신임 대표이사에 이동...","1959년생인 이 사장은 성균관대 정치외교학과를 졸업하고 고려대 언론대학원 광고홍보전공을 수료했다. 1986년 8월부터 2018년 3월까지 LG애드 글로벌 부문 전무로 일했고, 2018년 3월부터 2022년 3월까지 ㈜코엑스 대표이사...",2026-09-30 15:40,https://kr.aving.net/news/articleView.html?idxno=1814928,https://kr.aving.net/news/articleView.html?idxno=1814928
연세대학교,문화일보,"서울시, 장애인 일상 바꾼 1년 성과 한자리에…정책박람회 개최",영유아 발달장애·자폐스펙트럼 분야 전문가인 천근아 연세대 의과대학 교수의 명사특강과 이미영 한국장애인개발원 전문강사의 장애인식개선 특강도 진행된다. 서울시는 “이번 박람회에서 공유된 장애인 당사자와...,2026-09-30 15:40,https://www.munhwa.com/article/11620588?ref=naver,https://n.news.naver.com/mnews/article/021/0002822260?sid=102
서울대학교,아시아투데이,"박승흡 근로복지공단 이사장 취임…""일하는 누구나 사회안전망 보호""","박 이사장은 춘천고와 서울대 국어교육학과를 졸업하고 숭실대에서 노동경제학 석사학위를 받았다. 1999년... 이후 국가인권위원회 차별금지법제정 추진위원, 매일노동뉴스 대표이사·회장, 서울시 일자리위원회...",2026-09-30 15:40,https://www.asiatoday.co.kr/kn/view.php?key=20260930010010738,https://www.asiatoday.co.kr/kn/view.php?key=20260930010010738
고려대학교,불교신문,"""근대 불교문화유산 보존관리 위해서는 유무형 관계 파악해야""","특수성을 고려하지 못하였으며, 이로 인해 종교적 기능을 지속하고, 공간 내 유형적 측면과 무형적 맥락을... 류성룡 고려대 교수, 남용협 이소건축사사무소 소장, 남근우 동국대학교 명예교수, 이주민 인천공항 감정관실...",2026-09-30 15:40,http://www.ibulgyo.com/news/articleView.html?idxno=442744,http://www.ibulgyo.com/news/articleView.html?idxno=442744
서울대학교,경북일보,"문경시, 규제혁신·적극행정 역량 높인다…김학홍 시장 '일일 강사'",문경시는 30일 서울대학교병원 인재원 대강당에서 문경시 공직자와 문경관광공사 직원 등 100여 명이 참석한 가운데 '2026년 규제혁신·적극행정 및 법제업무 역량 강화 교육'을 실시했다. 이번 교육은 자치법규를 입안...,2026-09-30 15:40,https://www.kyongbuk.co.kr/news/articleView.html?idxno=4085790,https://www.kyongbuk.co.kr/news/articleView.html?idxno=4085790
고려대학교,베이비뉴스,"[건강뉴스] 전통시장서 걷고 장 보고 인증하면 2000P… 강북구, '손목닥...",ⓒ고려대학교 안암병원 아침저녁으로 선선한 바람이 불고 일교차가 커지는 가을철에는 재채기와 콧물... 해당 연구는 서원대학교 상담심리학과 이지혜 교수가 책임연구자로 참여해 2026년 4월부터 7월까지 진행됐다....,2026-09-30 15:40,https://www.ibabynews.com/news/articleView.html?idxno=154857,https://www.ibabynews.com/news/articleView.html?idxno=154857
서울대학교,아시아경제,"과총 60년 ""연구현장 목소리 모아 정책으로 만든다""","과총은 30일 서울 강남구 한국과학기술회관에서 창립 60주년 기념식을 열고 '과학기술로 함께 여는 사람... 첫 특별대담에는 윤지웅 과학기술정책연구원 원장을 좌장으로 임우형 LG AI연구원 원장, 윤태영 서울대...",2026-09-30 15:38,https://view.asiae.co.kr/article/2026093015260709696,https://n.news.naver.com/mnews/article/277/0005822908?sid=105
연세대학교,메디파나뉴스,"원주의대-日 쿠루메의대, 고압의학·응급의료 교류 확대",연세대학교 원주의과대학과 일본 쿠루메 의과대학이 고압의학과 응급의료 분야를 중심으로 국제 교육·연구 교류를 확대한다. 지난해 업무협약(MOU) 체결에 이어 의료진과 의대생의 현장 교류가 시작됐으며...,2026-09-30 15:36,https://www.medipana.com/news/articleView.html?idxno=418498,https://www.medipana.com/news/articleView.html?idxno=418498
서울대학교,데일리팜,심평원 신임 보험수가상임이사에 이소영 약제관리실장,학력 및 주요 경력 중앙대학교 약학 학사(’94.) 서울대학교 의학 석사(’01.) 서울대학교 의학 박사(’04.) 경제개발협력기구(OECD) 보건위원회 ‘의약품 및 의료기기 전문가 그룹’ 의장단 (’25. 10.~현재) 심평원...,2026-09-30 15:36,https://www.dailypharm.com/user/news/342954?REFERER=NP,https://www.dailypharm.com/user/news/342954?REFERER=NP
고려대학교,연합뉴스,"공석 됐던 K-문샷 AI과학자 PD, 다시 뽑았다","임 교수는 고려대에서 정치외교학 및 수학을 전공하고 동 대학원에서 수학 박사 학위를 받았다. 이후 삼성화재, 딥바이오, 카카오브레인 등 산업계에서 데이터 과학 및 인공지능(AI) 분야 연구원으로 활동했다....",2026-09-30 15:35,https://www.yna.co.kr/view/AKR20260930136100017?input=1195m,https://n.news.naver.com/mnews/article/001/0016347513?sid=105
서울대학교,기호일보,"시흥시,서울대 SNU BIO-DAY 참가…바이오 특화단지 경쟁력 강화","기호일보, KIHOILBO 시흥시가 서울대학교 중심 산,학,연,병 네트워크을 연계한 시흥 바이오 혁신생태계 구축에 힘쓰고 있다고 30일 밝혔다. 시는 이날 서울대학교 호암교수회관에서 열린 제6회 서울대 바이오 데이(SNU BIO-DAY)...",2026-09-30 15:34,https://www.kihoilbo.co.kr/news/articleView.html?idxno=3036264,https://www.kihoilbo.co.kr/news/articleView.html?idxno=3036264
연세대학교,제주도민일보,초대 제주지방공소청장에 신대경 제주지검장,"신 공소청장은 경북 의성 출신으로 연세대학교 법학과를 졸업하고 42회 사법시험에 합격해 울산지검 부부장검사, 춘천지검 원주지청 형사1부 부장검사, 대검찰청 공판1과장, 대구지검 부부장검사, 법무부 송무심의관...",2026-09-30 15:34,https://www.jejudomin.co.kr/news/articleView.html?idxno=400755,https://www.jejudomin.co.kr/news/articleView.html?idxno=400755
연세대학교,서울경제TV,"K-바이오랩허브, 인천 송도서 착공…2028년 60개 바이오 스타트업 입주","중소벤처기업부는 30일 인천 송도 연세대학교 국제캠퍼스에서 K-바이오랩허브 착공식을 열었다고 밝혔다. K... 롯데바이오로직스, 연세세브란스병원 등과 연계해 스타트업과 대학, 기업, 병원 간 협력도 추진한다....",2026-09-30 15:32,https://www.sentv.co.kr/article/view/sentv202609300197,https://www.sentv.co.kr/article/view/sentv202609300197
서울대학교,뉴스드림,"코스맥스, AI 기반 원형탈모 예측 모델 특허 출원…맞춤형 헤어케어 공...",바이오 원천 소재 분야에서는 서울대와의 협력을 통해 손상모 인장 강도를 120% 이상 개선하는 '코어링크-에스'를 개발해 국제 뷰티 어워드에서 제형 기술력을 인정받았다. 인체 모낭 오가노이드를 활용한 스트레스성...,2026-09-30 15:32,http://www.newsdream.kr/news/articleView.html?idxno=119140,http://www.newsdream.kr/news/articleView.html?idxno=119140
서울대학교,주간한국,"강태욱 태평양 변호사, 개인정보보호위원장 표창 수상","강태욱 변호사는 서울대학교 법학과를 졸업하고 제31기 사법연수원을 수료한 뒤 2002년 판사로 법조계에 입문했다. 이후 2007년 태평양에 합류해 방송·통신, 개인정보, 게임 콘텐츠, IP 분야에서 자문 및...",2026-09-30 15:32,https://weekly.hankooki.com/news/articleView.html?idxno=7186696,https://weekly.hankooki.com/news/articleView.html?idxno=7186696
연세대학교,뉴시스,"성균관대, 'AI중심대학' 본격 출범…미래 융합인재 키운다",이예인 인턴 기자 = 성균관대학교는 지난 29일 연세대 백양누리홀에서 열린 'AI중심대학·AX대학원 공동 출범식'에서 AI 교육 혁신과 미래 융합인재 양성을 선언했다고 30일 밝혔다. 이번 행사는 과학기술정보통신부와...,2026-09-30 15:30,https://www.newsis.com/view/NISX20260930_0003809070,https://n.news.naver.com/mnews/article/003/0014224485?sid=102
고려대학교,주간한국,"고려대 안산병원, 의료진·기업 함께 의료기기 체험·개선 논의",고려대 안산병원에서 열린 핸즈온 네트워킹 & 첨단 의료기기 사업단 세미나에서 참석자들이 기념사진을 찍고 있다. 사진=고대안산병원  고려대학교 안산병원은 '2026 경기도 의료기기 개발 지원 사업'의 일환으로 30일...,2026-09-30 15:30,https://weekly.hankooki.com/news/articleView.html?idxno=7186695,https://weekly.hankooki.com/news/articleView.html?idxno=7186695
서울대학교,뉴스워커,"나주시, 글로벌 에너지포럼 2026 개막... F3 미래 전략 집중","나주시는 30일 한국에너지공과대학교 대강당에서 세계적인 석학들과 에너지 산업 전문가들을 대거... 이어서 황용석 서울대학교 교수, 오영국 한국핵융합에너지연구원장, 양형렬 K-문샷 프로젝트 핵융합 분야 PD와...",2026-09-30 15:30,https://www.newsworker.co.kr/news/articleView.html?idxno=506611,https://www.newsworker.co.kr/news/articleView.html?idxno=506611
서울대학교,데일리팝,"코스맥스, 헤어케어도 개인 맞춤형으로…AI·두피 데이터 활용 확대",서울대학교와 모발 소재 코어링크-S(Corelink-S)는 손상된 모발의 시스틴 결합을 복원하는 기술을 개발했다. 코스맥스는 해당 기술의 자체 시험에서 손상 모발의 인장 강도가 120% 이상 개선됐다고 밝혔다. 해당 소재는...,2026-09-30 15:30,http://www.dailypop.kr/news/articleView.html?idxno=102986,http://www.dailypop.kr/news/articleView.html?idxno=102986
서울대학교,파이낸셜투데이,"서울대미술관·미술대학·조형연구소, 개교 80주년 '새로운 미래'전 개최",서울대학교미술관과 서울대학교 미술대학·조형연구소가 서울대학교 개교 80주년 기념 특별전 '새로운 미래(New Horizons)'를 오는 10월 13일부터 11월 22일까지 개최한다. 이번 전시는 서울대학교 미술대학의 출범과...,2026-09-30 15:30,http://www.ftoday.co.kr/news/articleView.html?idxno=366360,http://www.ftoday.co.kr/news/articleView.html?idxno=366360
서울대학교,경북도민일보,"문경시, 규제혁신·적극행정 역량 강화 교육",시는 30일 서울대학교병원 인재원에서 문경시 공직자와 문경관광공사 직원 등 100여명을 대상으로 '2026년 규제혁신·적극행정 및 법제업무 역량 강화 교육'을 실시했다고 밝혔다. 이번 교육은 자치법규 입안·운용에 필요한...,2026-09-30 15:30,https://www.hidomin.com/news/articleView.html?idxno=723138,https://www.hidomin.com/news/articleView.html?idxno=723138
서울대학교,플래텀,"스마트스토어 판매자, 초기엔 수수료·정산을 보고 성숙기엔 판로를 본...","네이버는 서울대학교 유병준 교수 연구팀, 연세대학교 최보름 교수 연구팀과 함께 연구한 'D-커머스 리포트 2026: 스마트스토어 10년 진화 경로 보고서'를 30일 발간했다. 보고서는 판매자가 성장하면서 부딪히는 장벽이...",2026-09-30 15:28,https://platum.kr/archives/295440,https://platum.kr/archives/295440
서울대학교,직썰,"한국타이어, 美 IDEA 2관왕…업사이클링·미래 모빌리티 디자인 수상","한국타이어는 서울대학교 순환디자인연구실 디스코랩과 공동 개발했으며, 올해 IDEA 사회적 영향 디자인 부문에서 본상을 받았다. 리무브는 올해 IDEA를 포함해 레드닷 디자인 어워드 본상, A' 디자인 어워드 금상...",2026-09-30 15:28,https://www.ziksir.com/news/articleView.html?idxno=147895,https://www.ziksir.com/news/articleView.html?idxno=147895
연세대학교,플래텀,"스마트스토어 판매자, 초기엔 수수료·정산을 보고 성숙기엔 판로를 본...","네이버는 서울대학교 유병준 교수 연구팀, 연세대학교 최보름 교수 연구팀과 함께 연구한 'D-커머스 리포트 2026: 스마트스토어 10년 진화 경로 보고서'를 30일 발간했다. 보고서는 판매자가 성장하면서 부딪히는 장벽이...",2026-09-30 15:28,https://platum.kr/archives/295440,https://platum.kr/archives/295440
연세대학교,금강일보,수시 일반전형 지원자 과반 '논술'로 몰렸다,"사진=연합 2027학년도 대입 수시모집에서 논술전형을 실시하는 대학의 일반전형 지원자 절반 이상이... 이어 10일 연세대, 11일 가톨릭대(의·약학 제외)와 중앙대(창의형)가 시험을 치르며, 이후에도 연세대(미래)...",2026-09-30 15:28,https://www.ggilbo.com/news/articleView.html?idxno=1184495,https://www.ggilbo.com/news/articleView.html?idxno=1184495
서울대학교,데일리안,GDP만으로 국민 삶 설명 어렵다…삶의 질 지표 정책 활용 모색,이어 구인회 서울대학교 교수와 홍종호 서울대학교 교수가 대담을 통해 국민이 체감하는 삶의 질과... 황선재 충남대학교 교수는 중앙정부와 지방정부의 활용 사례를 토대로 삶의 질 지표가 실제 정책과정에 반영되기...,2026-09-30 15:27,https://www.dailian.co.kr/news/view/1696340/?sc=Naver,https://n.news.naver.com/mnews/article/119/0003138069?sid=102
고려대학교,충청뉴스,"대전대, 제12대 총장에 남상호 현 총장 재선임…3연임 성공",대전대 남상호 총장  대전대학교 제12대 총장에 남상호 현 총장이 재선임돼 대학 경영을 계속 이끌게 됐다.... 남 총장은 고려대 생물학과를 졸업하고 같은 대학원에서 분류생태학 박사학위를 취득한 생물학 분야의...,2026-09-30 15:26,http://www.ccnnews.co.kr/news/articleView.html?idxno=415624,http://www.ccnnews.co.kr/news/articleView.html?idxno=415624
고려대학교,로이슈,"한국산업기술시험원, 김선기 신임 원장 취임","김 원장은 강원 횡성군 출신으로 고려대학교 사회학과를 졸업하고 미국 카네기멜론대학교 대학원에서 정보통신기술 석사 학위를 취득했다. 이후 한국도시가스협회 상근부회장, 대한무역투자진흥공사(KOTRA)...",2026-09-30 15:26,http://www.lawissue.co.kr/view.php?ud=20260930152341867f4ab64559d_12,http://www.lawissue.co.kr/view.php?ud=20260930152341867f4ab64559d_12
서울대학교,메디파나뉴스,심평원 보험수가상임이사에 이소영…22년 내부 전문가,이 신임 상임이사는 중앙대학교에서 약학 학사를 취득한 뒤 서울대학교에서 의학 석사와 박사 학위를 받았다. 임기는 2026년 10월 2일부터 2028년 10월 1일까지 2년이다. 직무수행 실적에 따라 1년 단위로 연임할 수...,2026-09-30 15:26,https://www.medipana.com/news/articleView.html?idxno=418494,https://www.medipana.com/news/articleView.html?idxno=418494
연세대학교,디스커버리뉴스,"인천시-인천경제청, 송도 K-바이오 랩허브 착공…바이오 창업 생태계 본...","인천광역시(시장 박찬대)와 인천경제자유구역청(청장 김종철)은 30일 연세대학교 국제캠퍼스 내... 기업과 연세세브란스병원 등 연구·의료기관이 집적돼 있다. 이에 따라 스타트업을 중심으로 대학과 병원, 대기업...",2026-09-30 15:26,https://www.discoverynews.kr/news/articleView.html?idxno=1102956,https://www.discoverynews.kr/news/articleView.html?idxno=1102956
서울대학교,NEWSTOPKOREA,"'미래 K-유니콘' 12개사, 서울대 찾은 이유",국내 벤처캐피탈 퓨처플레이가 딥테크 스타트업의 인재 확보를 돕기 위해 서울대학교 창업지원단과 맞손을 잡았다. 단순 투자뿐만 아니라 포트폴리오사의 채용까지 책임지는 사후관리 전략의 일환이다. 서울대학교도...,2026-09-30 15:26,https://www.newstopkorea.com/news/articleView.html?idxno=47927,https://www.newstopkorea.com/news/articleView.html?idxno=47927
서울대학교,이투데이,"‘트렌드 코리아 2027’ 김난도 교수 “AI 시대, 중요한 건 안목과 실행...",김난도 서울대 소비자학과 명예교수는 30일 서울 중구 한국프레스센터에서 열린 ‘트렌드 코리아 2027’ 출간 기자간담회에서 AI의 현재를 이같이 짚었다. AI를 쓰는 일이 자연스러워진 만큼 기술 자체보다 AI가 개인과...,2026-09-30 15:24,https://www.etoday.co.kr/news/view/2630915,https://www.etoday.co.kr/news/view/2630915
서울대학교,파이낸셜뉴스,與 '공시·디스커버리·주가 누르기 방지법' 등 3차 상법 후속 작업 속도,"정보 대칭성 확보 민주당 인공지능(AI) 금융·경제추진단과 K자본시장특별위원회는 30일 서울 여의도... 이종섭 서울대 경영학과 교수는 사전적으로 공시 제도 개선을 통해 정보 대칭성을 확보하고, 사후에는 디스커버리...",2026-09-30 15:24,https://www.fnnews.com/news/202609301449194288,https://n.news.naver.com/mnews/article/014/0005583052?sid=100
연세대학교,KOREA,"글로벌탑10코리아, 강대국의 '글로벌전략' 필요한가",백우열 연세대 정치외교학과 교수 지난 며칠 우크라이나가 한반도에서 전쟁이 임박했다고 주장해서 화제가... ◆ 백우열 연세대 정치외교학과 교수 UCLA 정치학 박사로 혁신 과학 시대의 정치적 新舊 난제에 천착하는...,2026-09-30 15:23,https://www.korea.kr/news/cultureColumnView.do?newsId=148972793&call_from=naver_news,https://www.korea.kr/news/cultureColumnView.do?newsId=148972793&call_from=naver_news
연세대학교,브레이크뉴스,'민족사관고등학교'가 재정난 없이 운영될 수 있는 비결,"일반전형 96명, 강원인재전형과 사회통합전형 각 32명 등  한해에 160명을 뽑는 민사고는 올해 대학입학 전형에서도 서울대 18명, 연세대 17명, 고려대 9명, KAIST...",2026-09-30 15:22,http://www.breaknews.com/1240083,http://www.breaknews.com/1240083
고려대학교,브레이크뉴스,'민족사관고등학교'가 재정난 없이 운영될 수 있는 비결,"일반전형 96명, 강원인재전형과 사회통합전형 각 32명 등  한해에 160명을 뽑는 민사고는 올해 대학입학 전형에서도 서울대 18명, 연세대 17명, 고려대 9명, KAIST...",2026-09-30 15:22,http://www.breaknews.com/1240083,http://www.breaknews.com/1240083
서울대학교,브레이크뉴스,'민족사관고등학교'가 재정난 없이 운영될 수 있는 비결,"전형에서도 서울대 18명, 연세대 17명, 고려대 9명, KAIST(한국과학기술원)과... 민사고와 마찬가지로 학생 전원이 기숙사 생활을 하고, 올해 서울대에 29명을 합격시키는...",2026-09-30 15:22,http://www.breaknews.com/1240083,http://www.breaknews.com/1240083
고려대학교,매일신문,"대구교직원들 '일하며 공부' 지원 받는다… 대구시교육청, 고려사이버대...","교직원이 고려사이버대학교에 입학하면 학부 수업료의 절반을 감면받을 수 있게 된다. 대학원에 진학할... 일반대학원, 경영전문대학원을 운영하고 있다. 재학생은 일정 요건을 충족하면 고려대 오프라인 수업을...",2026-09-30 15:21,https://www.imaeil.com/page/view/2026093015110137504,https://n.news.naver.com/mnews/article/088/0001031443?sid=102
서울대학교,SR타임스,"코스맥스, 'AI 원형탈모 예측 모델' 특허 출원…K-헤어케어 '초격차' 이...",코스맥스는 서울대학교와 협력해 모발의 시스틴 결합을 복구해 손상모의 인장 강도를 120% 이상 개선하는 신소재 '코어링크-에스(Corelink-S)'를 개발했다. 이는 올해 세계 최대 뷰티 박람회 '코스모프로프 볼로냐'의...,2026-09-30 15:20,http://www.srtimes.kr/news/articleView.html?idxno=213618,http://www.srtimes.kr/news/articleView.html?idxno=213618
고려대학교,강원일보,"횡성 출신 김선기 한국도시가스협회 상근부회장, 한국산업기술시험원 ...","횡성 출신으로 강릉고와 고려대 사회학과를 졸업했으며 미국 카네기멜론대 대학원에서 정보통신기술 석사 학위를 취득했다. 행정고시 41회로 공직에 입문해 산업부 자원안보정책과장, 바이오융합산업과장...",2026-09-30 15:20,https://www.kwnews.co.kr/article/20260930500765,https://n.news.naver.com/mnews/article/087/0001221234?sid=102
연세대학교,노컷뉴스,'2026 콘텐츠미래포럼',"왼쪽부터 최은경 클레이픽쳐스 대표, 더불어민주당 황희 의원, 최민희 최고위원, 이 위원장, 최 장관, 나 사장, 김 대표이사, 이준성 연세대 스포츠응용산업학과 교수, 오성택 WSC 스포츠 총괄.",2026-09-30 15:20,https://www.nocutnews.co.kr/news/6585171?utm_source=naver&utm_medium=article&utm_campaign=20260930032000,https://m.entertain.naver.com/article/079/0004194322
연세대학교,노컷뉴스,2026 콘텐츠 미래포럼,"왼쪽부터 최은경 클레이픽쳐스 대표, 더불어민주당 황희 의원, 최민희 최고위원, 이 위원장, 최 장관, 나 사장, 김 대표이사, 이준성 연세대 스포츠응용산업학과 교수, 오성택 WSC 스포츠 총괄.",2026-09-30 15:20,https://www.nocutnews.co.kr/news/6585170?utm_source=naver&utm_medium=article&utm_campaign=20260930032000,https://m.entertain.naver.com/article/079/0004194321
서울대학교,전자신문,"KOSA, 제39회 런앤그로우 포럼 개최","30일 서울 삼정호텔에서 '제39회 KOSA 런앤그로우 포럼'을 열고, 인구 구조 변화가 인공지능(AI)·소프트웨어(SW) 산업에 미칠 영향과 대응 방향을 짚었다. 이날 강연자로는 국내 대표 인구학자인 조영태 서울대...",2026-09-30 15:20,https://www.etnews.com/20260930000361,https://n.news.naver.com/mnews/article/030/0003471243?sid=105
서울대학교,아주경제,"""AI 시대, 핵심은 안목과 엣지""…김난도가 꼽은 2027 트렌드","자극 넘칠수록 재미 잃는 '권태사회'…""심심함의 골짜기 견뎌야"" AI, 일상의 범용재…휴먼엣지·안목자본 새 경쟁력 아주경제=윤주혜 기자 jujusun@ajunews.com 김난도 서울대 명예교수가 30일 서울 중구 프레스센터에서 열린...",2026-09-30 15:20,https://www.ajunews.com/view/20260930142702602,https://www.ajunews.com/view/20260930142702602
서울대학교,폴리뉴스,노벨화학상 수상자 야기 교수 온다…나주서 '글로벌 에너지포럼' 이틀간...,"핵융합과 미래 에너지를 주제로 한 '나주 글로벌 에너지포럼 2026(NGEF 2026)'이 30일 한국에너지공과대학교... 황용석 서울대학교 교수와 오영국 한국핵융합에너지연구원장, 양형렬 K-문샷 프로젝트 핵융합 분야 PD...",2026-09-30 15:20,https://www.polinews.co.kr/news/articleView.html?idxno=744480,https://www.polinews.co.kr/news/articleView.html?idxno=744480
연세대학교,매일경제,대한민국 바이오 스타트업 요람 될 ‘K-바이오 랩허브’ 착공,윤동섭 연세대 총장은 “K-바이오랩허브의 착공은 대한민국 바이오 연구와 창업의 새로운 전환점을 여는 뜻깊은 출발”이라면서 “대학 연구 역량과 산·학·연·병 협력 기반을 적극 연결해 나가겠다”고 말했다.,2026-09-30 15:19,https://www.mk.co.kr/article/12164882,https://n.news.naver.com/mnews/article/009/0005742026?sid=102
연세대학교,스마트경제,"""AI 맹신 대신 질문하는 인재로""… 성균관대, 'Human+AI' 융합 교육 전면...",성균관대학교(총장 유지범)는 지난 29일 연세대학교 백양누리홀에서 열린 'AI중심대학·AX대학원 공동 출범식'에 참석해 AI 교육 혁신을 통한 미래 융합인재 양성을 본격 선언했다고 30일 밝혔다. 성균관대는...,2026-09-30 15:18,http://www.dailysmart.co.kr/news/articleView.html?idxno=130444,http://www.dailysmart.co.kr/news/articleView.html?idxno=130444
서울대학교,팝콘뉴스,"휴메딕스, 창상피복재 '아르케' 의료진 자문위 정기 미팅 진행","분당서울대학교병원 성형외과 김종호 교수, 와이퀸산부인과 김지연 원장, 성소병원 박민재 원장... 경북대학교병원 피부과 김진호 교수 등이다. 이날 회의는 좌장을 맡은 최원석 원장을 중심으로 향후 운영 계획을...",2026-09-30 15:18,http://www.popcornnews.net/news/articleView.html?idxno=134499,http://www.popcornnews.net/news/articleView.html?idxno=134499
서울대학교,가스신문,[결혼] (주)폴리텍 & 파이프뱅크 이원구 대표이사 딸 송희 양,- 일시: 10월 11일(일) 오후 3시 - 장소: 서울대학교 호암교수회관 2층 베리타스홀 ),2026-09-30 15:18,https://www.gasnews.com/news/articleView.html?idxno=127009,https://www.gasnews.com/news/articleView.html?idxno=127009
서울대학교,뉴스1,"유정기 전북부교육감, 임기 마무리…""전북교육 늘 응원할 것""","전북 완주 출신으로 전주영생고등학교와 서울대학교 교육학과를 졸업한 유 부교감은 제40회 행정고시에 합격해 공직에 입문했다. 공주대학교와 교육부, 국방대학교 등에서 근무한 뒤 지난 2024년 4월, 전북교육청...",2026-09-30 15:17,https://www.news1.kr/local/jeonbuk/6306216,https://n.news.naver.com/mnews/article/421/0009201164?sid=102
서울대학교,법률저널,"2027학년도 로스쿨 면접, 예상 핵심 화두는...","다음으로, 저출생·고령화와 세대 간 형평성이다(지난해 서울대 로스쿨 면접에서도 저출산과 사회적 문제가 출제된 바 있다). 인구구조 변화는 연금과 건강보험, 돌봄, 정년, 조세 등 다양한 제도에 영향을 미친다. 특히...",2026-09-30 15:16,http://www.lec.co.kr/news/articleView.html?idxno=752797,http://www.lec.co.kr/news/articleView.html?idxno=752797
서울대학교,강원도민일보,철원 출신 박승흡 신임 근로복지공단 이사장 취임…노동운동가 출신 첫...,"춘천고와 서울대 국어교육과를 졸업했다. 1999년 한국비정규노동센터를 세워 초대 소장과 이사장을 지내면서 비정규노동운동을 주도했다. 최저임금연대 집행위원장, 서울시 일자리위원회 공동위원장 등을 역임했으며...",2026-09-30 15:16,https://www.kado.net/news/articleView.html?idxno=2075656,https://n.news.naver.com/mnews/article/654/0000203185?sid=100
서울대학교,e의료정보,성인용 내시경 이용 소아 ERCP 91.5% 성공,인제대학교 일산백병원 소화기내과 이태승 교수가 참여한 연구팀은 2011년부터 2024년까지 서울대학교병원에서 19세 미만 소아·청소년 82명에게 성인용 십이지장 내시경을 이용해 시행한 ERCP 153건을 후향적으로...,2026-09-30 15:16,http://www.kmedinfo.co.kr/news/articleView.html?idxno=97965,http://www.kmedinfo.co.kr/news/articleView.html?idxno=97965
연세대학교,동양일보,"순천향대, AI 인재양성 전주기 체계 구축",［동양일보 최솔 기자］ 29일 연세대 백양누리홀에서 열린 'AI중심대학·AX대학원 공동 출범식'에서 송병국(오른쪽) 순천향대 총장과 류제명 과학기술정보통신부 2차관이 인공지능혁신대학원 현판을 들고...,2026-09-30 15:16,https://www.dynews.co.kr/news/articleView.html?idxno=867831,https://www.dynews.co.kr/news/articleView.html?idxno=867831
고려대학교,데일리한국,"학교법인 혜화학원, 대전대 제12대 총장에 남상호 총장 재선임","남 총장은 고려대학교 생물학과를 졸업하고 동 대학원에서 분류생태학 전공으로 박사학위를 받았으며 지난 1987년 대전대학교 교수로 부임했다. 이후 남 총장은 이과대학장, 교무연구처장, 부총장, 대학원장...",2026-09-30 15:16,https://daily.hankooki.com/news/articleView.html?idxno=1410897,https://daily.hankooki.com/news/articleView.html?idxno=1410897
연세대학교,이뉴스투데이,"성균관대, 'Human+AI' 인재 키운다; 대학 전반 AI 대전환 본격화","성균관대학교가 인공지능(AI) 기술과 인간 중심의 사고를 두루 갖춘 'Human+AI' 융합인재 양성에 본격적으로 나선다. 성균관대는 ""29일 연세대학교 백양누리홀에서 열린 'AI중심대학·AX대학원 공동 출범식'에...",2026-09-30 15:15,http://www.enewstoday.co.kr/news/articleView.html?idxno=2475711,http://www.enewstoday.co.kr/news/articleView.html?idxno=2475711
서울대학교,아시아투데이,"성균관대, 국내 사립종합대 1위…세계 68위로 19계단 ‘껑충’ ․ ‘글...",성균관대학교가 세계대학평가에서 국내 사립종합대 1위에 올랐다. 세계 순위는 지난해보다 19계단이나 뛰어오른 68위를 기록했다. 국내 대학 전체로는 서울대와 KAIST에 이어 3위다. 연세대(80위)와 고려대(128위)를...,2026-09-30 15:14,https://www.asiatoday.co.kr/kn/view.php?key=20260930001505192,https://www.asiatoday.co.kr/kn/view.php?key=20260930001505192
고려대학교,아시아투데이,"성균관대, 국내 사립종합대 1위…세계 68위로 19계단 ‘껑충’ ․ ‘글...",성균관대학교가 세계대학평가에서 국내 사립종합대 1위에 올랐다. 세계 순위는 지난해보다 19계단이나... 국내 대학 전체로는 서울대와 KAIST에 이어 3위다. 연세대(80위)와 고려대(128위)를 앞서며 국내 사립종합대...,2026-09-30 15:14,https://www.asiatoday.co.kr/kn/view.php?key=20260930001505192,https://www.asiatoday.co.kr/kn/view.php?key=20260930001505192
연세대학교,아시아투데이,"성균관대, 국내 사립종합대 1위…세계 68위로 19계단 ‘껑충’ ․ ‘글...",성균관대학교가 세계대학평가에서 국내 사립종합대 1위에 올랐다. 세계 순위는 지난해보다 19계단이나... 국내 대학 전체로는 서울대와 KAIST에 이어 3위다. 연세대(80위)와 고려대(128위)를 앞서며 국내 사립종합대...,2026-09-30 15:14,https://www.asiatoday.co.kr/kn/view.php?key=20260930001505192,https://www.asiatoday.co.kr/kn/view.php?key=20260930001505192
서울대학교,서울신문,"권태익 경기도의원, ‘제26회 경기도장애인 IT Festival’ 참석","경기도의회 보건복지위원회 권태익 의원(국민의힘, 비례)은 지난 29일 서울대학교 시흥캠퍼스 연수동＆컨벤션센터에서 열린 ‘KT와 함께하는 제26회 경기도장애인 IT Festival’에 참석해 참가자들의 도전과 열정을...",2026-09-30 15:14,https://www.seoul.co.kr/news/publicnews/local_govern/kyungki_do/2026/09/30/20260930500164?wlog_tag3=naver,https://n.news.naver.com/mnews/article/081/0003684799?sid=102
연세대학교,브릿지경제,"인천 송도 K-바이오 랩허브 첫 삽…‘생산기지’ 인천, 바이오 창업 허...",인천시와 인천경제자유구역청은 30일 연세대 국제캠퍼스 내 공사부지에서 K-바이오 랩허브 착공식을 열고... 비롯해 연세세브란스병원 등 대학·병원·연구기관이 집적돼 있어 창업기업의 기술개발과 사업화에 필요한...,2026-09-30 15:14,https://www.viva100.com/article/20260930501162,https://www.viva100.com/article/20260930501162
서울대학교,kbc광주방송,"""헌법적 권한끼리 충돌하면 국민만 피해…협의 관행 복원해야""[박영환의...","또 대통령이 자신이 원하는 대법관을 고르려 했다는 주장에도 반박했는데 ""법원조직법상 대법관후보추천위원회가 존재하며, 대통령의 문제의식은 이른바 '서울대·50대·남성' 중심의 대법원 구성에 다양성을 더하자는 취지...",2026-09-30 15:13,https://www.ikbc.co.kr/article/view/kbc202609300044,https://n.news.naver.com/mnews/article/660/0000118154?sid=100
연세대학교,이투데이,K-바이오랩허브 송도서 첫삽…스타트업 60개사 입주,"중소벤처기업부는 30일 인천 송도 연세대학교 국제캠퍼스에서 K-바이오랩허브 착공식을 개최했다. K... 셀트리온과 삼성바이오로직스, SK바이오사이언스, 롯데바이오로직스, 연세세브란스병원 등 송도 일대 바이오...",2026-09-30 15:12,https://www.etoday.co.kr/news/view/2630965,https://www.etoday.co.kr/news/view/2630965
고려대학교,헬로티,"[산업AI EXPO 프리뷰] AI 사업화 ① | KUOIRC, AI 스타트업 3개사와 공동...",스타트업 공동 연구개발(R&D)·사업화를 지원하는 고려대학교 개방형 공동혁신 R&D 센터(KUOIRC)는 ‘2026... 대학 연구 역량과 스타트업 기술을 산업 수요와 맞물리게 해 전시 이후의 사업화 가능성을 넓힌다는...,2026-09-30 15:12,https://www.hellot.net/news/article.html?no=115210,https://www.hellot.net/news/article.html?no=115210
연세대학교,아시아경제,인천 송도에 'K-바이오 랩허브' 착공…바이오 창업기업 성장 지원,"인천경제자유구역청은 30일 송도 연세대학교 국제캠퍼스 부지에서 K-바이오 랩허브 착공식을 열었다고... 롯데바이오로직스, 연세세브란스병원 등 산·학·연·병 자원이 모여 있어 스타트업과 대학, 병원, 기업, 투자기관...",2026-09-30 15:12,https://view.asiae.co.kr/article/2026093009552052417,https://n.news.naver.com/mnews/article/277/0005822896?sid=102
서울대학교,노컷뉴스,"""AI보다 안목이 돈 된다""…'트렌드 코리아 2027'이 본 내년[현장EN:]","김난도 서울대 소비자학과 교수 등 '트렌드 코리아' 연구진은 30일 출간한 '트렌드 코리아 2027'에서 내년... 김 교수는 30일 서울 중구 한국프레스센터에서 열린 '트렌드 코리아 2027' 출간 미디어데이에서 ""AI가 중요하지...",2026-09-30 15:11,https://www.nocutnews.co.kr/news/6585165?utm_source=naver&utm_medium=article&utm_campaign=20260930031100,https://n.news.naver.com/mnews/article/079/0004194306?sid=103
연세대학교,노컷뉴스,'2026 콘텐츠 미래포럼' 파이팅,"황희 의원, 최민희 최고위원, 이재정 국회 문화체육관광위원장, 최휘영 문화체육관광부 장관, CBS 나이영 사장, CBS 미디어캐스트 김동욱 대표이사, 이준성 연세대 스포츠응용산업학과 교수, 오성택 WSC 스포츠 총괄.",2026-09-30 15:11,https://www.nocutnews.co.kr/news/6585148?utm_source=naver&utm_medium=article&utm_campaign=20260930031001,https://m.entertain.naver.com/article/079/0004194302
연세대학교,MHN스포츠,"인천시립청소년교향악단, '이음(二音)' 무대로 두 번째 도약…정한결·...","공연의 하이라이트는 이지혜(한국예술종합학교 교수)와 문태국(연세대 교수)의 협연으로 완성되는 브람스 '이중협주곡'이다. 오랜 연주 내공과 후학 양성에 힘쓰는 이지혜와 문태국, 그리고 청소년 단원들이 한 무대에...",2026-09-30 15:10,https://www.mhns.co.kr/news/articleView.html?idxno=762000,https://www.mhns.co.kr/news/articleView.html?idxno=762000
고려대학교,로이슈,"고려대 구로병원, 폐에 최대 48시간 유지하는 흡입형 폐암 나노치료제 ...",고려대학교 구로병원 심장혈관흉부외과 김현구 교수와 KAIST 바이오및뇌공학과 박지호 교수 공동 연구팀이... 김현구 고려대학교 구로병원 심장혈관흉부외과 교수는 “이번 연구는 폐의 생리적 환경을 활용한 흡입형...,2026-09-30 15:10,http://www.lawissue.co.kr/view.php?ud=202609301508373373f4ab64559d_12,http://www.lawissue.co.kr/view.php?ud=202609301508373373f4ab64559d_12
서울대학교,매일경제,“권태가 2027년 출발점”...김난도 교수 10대 트렌드 발표,"AI가 일상인 시대, 소비자는 ‘효율’과 ‘인간다움’ 동시 추구 권태사회부터 안목자본까지…2027년 10대 트렌드 키워드 “바쁜 사람은 많은데 요즘 재미있다는 사람은 찾기 어렵다.” 김난도 서울대 소비자학과...",2026-09-30 15:10,https://www.mk.co.kr/article/12164874,https://n.news.naver.com/mnews/article/024/0000108592?sid=101
서울대학교,JTBC,위기의 K-미디어 생태계… “20년 된 방송 규제 틀 깨야 살아남아”,“유료방송은 미디어 생태계 유지하는 '기간 미디어 플랫폼'” 첫 번째 발제자로 나선 홍종윤 서울대 언론정보학과 교수는 현재의 방송 시장을 지상파나 케이블ㆍIPTV 등 기존의 경계가 허물어진 '시청각 미디어 생태계...,2026-09-30 15:08,https://news.jtbc.co.kr/article/NB12320700?influxDiv=NAVER,https://n.news.naver.com/mnews/article/437/0000513433?sid=100
서울대학교,소비자가 만드는 신문,"한진, 정책기획담당 부사장에 최종석 전 CSO 선임...대내외 대응·경영 ...","1970년생으로 서울대 사회복지학과 졸업 후 코넬대 노사관계대학원에서 석사 학위를, 고려대에서 경영학 박사 학위를 취득했다. 행정고시 합격 후 고용노동부 사무관으로 시작해 대통령실 고용노사비서관실 행정관, 서울...",2026-09-30 15:08,http://www.consumernews.co.kr/news/articleView.html?idxno=764952,http://www.consumernews.co.kr/news/articleView.html?idxno=764952
고려대학교,소비자가 만드는 신문,"한진, 정책기획담당 부사장에 최종석 전 CSO 선임...대내외 대응·경영 ...","최 부사장은 1970년생으로 서울대 사회복지학과 졸업 후 코넬대 노사관계대학원에서 석사 학위를, 고려대에서 경영학 박사 학위를 취득했다. 행정고시 합격 후 고용노동부 사무관으로 시작해 대통령실 고용노사비서관실...",2026-09-30 15:08,http://www.consumernews.co.kr/news/articleView.html?idxno=764952,http://www.consumernews.co.kr/news/articleView.html?idxno=764952
서울대학교,한국경제TV,"박승흡 전 전태일재단 이사장, 근로복지공단 이사장 취임","춘천고와 서울대 국어교육학과를 졸업한 뒤 숭실대학교에서 노동경제학 석사를 마쳤다. 이후 1999년 한국비정규노동센터를 설립해 초대 소장을 맡으며 국가인권위원회 차별금지법제정 추진위원, 매일노동뉴스 대표, 서울...",2026-09-30 15:08,http://www.wowtv.co.kr/NewsCenter/News/Read?articleId=A202609300131&t=NN,https://n.news.naver.com/mnews/article/215/0001267721?sid=101
서울대학교,COOKNCHEFNEWS,[염상균의 ‘역사 속 음식이야기’] (7) 한창기와 징광문화,전남 보성 벌교에서 태어난 한창기는 서울대학교 법과대학을 졸업하고 한국브리태니커 대표를 지냈다.... 성북문화재단은 『뿌리깊은나무』 창간 50주년을 맞아 9월 9일부터 10월 10일까지 서울 성북구 최순우 옛집에서...,2026-09-30 15:06,https://cooknchefnews.com/news/view/1065575089604905,https://cooknchefnews.com/news/view/1065575089604905
서울대학교,중앙이코노미뉴스,"한국타이어, 'IDEA 디자인 어워드' 본상 2건 수상...지속가능·미래 모빌...","서울대학교 순환디자인연구실 디스코랩(DISCO Lab)과 공동 개발했으며 블래더 분말을 활용한 가구와 브릭, 라이프스타일 굿즈 등으로 구성됐다. 특히 브릭을 조립한 조형물 '키네틱 월(Kinetic Wall)'을 통해 폐기물을...",2026-09-30 15:06,https://www.joongangenews.com/news/articleView.html?idxno=551559,https://www.joongangenews.com/news/articleView.html?idxno=551559
서울대학교,매일경제,"가천대, THE 세계대학평가 국내 공동 14위…세계 451~500위","국내 대학 중에서는 서울대가 세계 56위로 가장 높았고 KAIST 64위, 성균관대 68위, 연세대 80위, 고려대 128위, 포항공대 143위 등의 순이었다. THE 세계대학평가는 QS 세계대학순위, ARWU 세계대학학술순위와 함께 주요...",2026-09-30 15:06,https://www.mk.co.kr/article/12164863,https://n.news.naver.com/mnews/article/009/0005742011?sid=102
고려대학교,매일경제,"가천대, THE 세계대학평가 국내 공동 14위…세계 451~500위","국내 대학 중에서는 서울대가 세계 56위로 가장 높았고 KAIST 64위, 성균관대 68위, 연세대 80위, 고려대 128위, 포항공대 143위 등의 순이었다. THE 세계대학평가는 QS 세계대학순위, ARWU 세계대학학술순위와 함께 주요...",2026-09-30 15:06,https://www.mk.co.kr/article/12164863,https://n.news.naver.com/mnews/article/009/0005742011?sid=102
연세대학교,매일경제,"가천대, THE 세계대학평가 국내 공동 14위…세계 451~500위","국내 대학 중에서는 서울대가 세계 56위로 가장 높았고 KAIST 64위, 성균관대 68위, 연세대 80위, 고려대 128위, 포항공대 143위 등의 순이었다. THE 세계대학평가는 QS 세계대학순위, ARWU 세계대학학술순위와 함께 주요...",2026-09-30 15:06,https://www.mk.co.kr/article/12164863,https://n.news.naver.com/mnews/article/009/0005742011?sid=102
연세대학교,국제뉴스,2027 대학별 논술고사 일정...수시 일반전형 절반 이상 '논술' 몰렸다,"2027 대학별 논술고사 일정 (자료제공=진학사) 2027학년도 수시 모집에서 내신 성적 부담을 느낀... 10일 연세대, 11일 가톨릭대'의·약학 제외'와 중앙대'창의형' 등이 수능 전 논술을 실시할 예정이다. 우연철 진학사...",2026-09-30 15:06,https://www.gukjenews.com/news/articleView.html?idxno=3709506,https://www.gukjenews.com/news/articleView.html?idxno=3709506
서울대학교,엑스포츠뉴스,"'금융맨♥' 효민, 등이 이 정도로 파였다고?…베트남서 선보인 파격 무...","팬츠와 백리스 톱을 소화하며 강렬한 무대 스타일을 완성해 눈길을 끌었다. 한편 1989년생으로 만 37세인 효민은 2009년 티아라로 데뷔했으며, 지난해 4월 10살 연상의 서울대 출신 금융인과 결혼했다. 사진= 효민 계정",2026-09-30 15:05,https://www.xportsnews.com/article/2202486,https://m.entertain.naver.com/article/311/0002063775
서울대학교,강원일보,철원 출신 박승흡 근로복지공단 이사장 취임,"임기는 3년이다. 철원 태생인 그는 춘천고와 서울대 국어교육학과를 졸업했으며 한국비정규노동센터 초대 소장, 서울시 일자리위원회 공동위원장, 강원평화경제연구소 이사장, 전태일재단 이사장 등을 역임했다.",2026-09-30 15:04,https://www.kwnews.co.kr/article/20260930500862,https://n.news.naver.com/mnews/article/087/0001221231?sid=102
연세대학교,MTN 머니투데이방송,"K-바이오랩허브, 인천 송도서 착공…2028년 바이오 스타트업 60곳 입주","중소벤처기업부(중기부)는 30일 연세대학교 국제캠퍼스에서 'K-바이오랩허브' 착공식을 열었다고 밝혔다. 행사에는 중기부와 보건복지부, 인천시, 연세대 및 바이오 유관기관 관계자 등 200여 명이 참석했다.K...",2026-09-30 15:04,https://news.mtn.co.kr/news-detail/2026093011041126153,https://news.mtn.co.kr/news-detail/2026093011041126153
연세대학교,메트로신문,바이오 스타트업 거점 'K-바이오랩허브' 송도서 '첫 삽',"중소벤처기업부는 30일 오후 인천 송도에 있는 연세대학교 국제캠퍼스에서 K-바이오랩허브 착공식을... 롯데바이오로직스, 연세세브란스 병원 등 인천 송도의 바이오 클러스터(협력지구) 인프라와 연계해 스타트업-대학...",2026-09-30 15:02,http://www.metroseoul.co.kr/article/20260930500155,http://www.metroseoul.co.kr/article/20260930500155
서울대학교,한국정경신문,"코스맥스, 헤어케어 초개인화 재편..‘AI 원형탈모 예측 모델’ 개발",더불어 서울대학교와 협력해 모발의 시스틴 결합을 복구해 손상모의 인장 강도를 120% 이상 개선하는 신소재 ‘코어링크-에스’를 개발했다. 올해 ‘코스모팩어워즈’ 헤어케어 제형 부문 파이널리스트로 선정됐다. 세계...,2026-09-30 15:02,https://kpenews.com/View.aspx?No=4246875,https://kpenews.com/View.aspx?No=4246875
연세대학교,경기일보,인천 바이오 창업 거점 ‘K-바이오 랩허브’ 첫 삽…2029년 완공,"인천시와 인천경제자유구역청은 30일 연세대학교 국제캠퍼스에서 K-바이오 랩허브 착공식을 했다. 이날은... 아니라 연세세브란스병원 등이 모여 있다. 이를 통해 스타트업과 대학, 병원, 기업, 투자기관 간 유기적 협력...",2026-09-30 15:02,https://www.kyeonggi.com/article/20260930580248,https://n.news.naver.com/mnews/article/666/0000125519?sid=101
고려대학교,강원일보,"속초해변 여름축제, 지역상권 효자노릇 ‘톡톡’","속초시가 고려대 디지털혁신연구센터와 함께 이동통신 빅데이터를 분석한 결과, 축제 기간 사흘간 누적 방문객은 10만 8,532명으로 나타났다. 축제 1주 전 비교기간의 7만 2,093명보다 50.5% 증가한 규모다. 방문객 증가는...",2026-09-30 15:02,https://www.kwnews.co.kr/article/20260930500629,https://n.news.naver.com/mnews/article/087/0001221229?sid=102
서울대학교,이데일리,"[포토] 관악구, 관악S밸리 창업지원 역량 홍보",관악구(구청장 박준희)는 29일 서울대학교 호암교수회관 삼성컨벤션센터에서 열린 ‘제6회 SNU Bio-Day’에... 관악S밸리는 서울대학교의 우수한 인적·기술적 자원과 관악구의 창업지원 인프라를 연계해 혁신기업이...,2026-09-30 15:01,https://www.edaily.co.kr/News/Read?newsId=04201686645585368&mediaCodeNo=257&utm_source=naver&utm_medium=referral&utm_campaign=news_syndication&utm_content=original_article,https://n.news.naver.com/mnews/article/018/0006377763?sid=100
연세대학교,헤럴드경제,K-바이오랩허브 인천 송도서 착공…이소영 “바이오 스타트업 핵심 요람...,중소벤처기업부는 30일 인천 송도 연세대학교 국제캠퍼스에서 K-바이오랩허브 착공식을 개최했다고... 연세세브란스병원 등 관련 인프라가 집적돼 있다. 중기부는 K-바이오랩허브를 중심으로 스타트업과 대학...,2026-09-30 15:01,https://biz.heraldcorp.com/article/10888826?ref=naver,https://n.news.naver.com/mnews/article/016/0002703811?sid=101
연세대학교,매일일보,K-바이오랩허브 첫 삽…2028년 스타트업 60개사 입주,"중앙정부와 지방정부, 대학이 역할을 나눠 사업을 추진한다. 연세대학교는 구축부지를 제공해 연구와 산... 특히 셀트리온과 삼성바이오로직스, SK바이오사이언스, 롯데바이오로직스, 연세세브란스병원 등 인천 송도의...",2026-09-30 15:00,https://www.m-i.kr/news/articleView.html?idxno=2000903,https://www.m-i.kr/news/articleView.html?idxno=2000903
연세대학교,연합뉴스,"중기부, 연세대서 'K-바이오랩허브 착공식'…스타트업 성장 지원","2028년 11월 완공…60개 기업에 414억원 지원 이상서 홍현기 기자 = 중소벤처기업부는 30일 인천 송도 연세대... 중기부는 셀트리온과 삼성바이오로직스, SK바이오사이언스, 롯데바이오로직스, 연세세브란스병원 등 이...",2026-09-30 15:00,https://www.yna.co.kr/view/AKR20260930083800030?input=1195m,https://n.news.naver.com/mnews/article/001/0016347243?sid=101
연세대학교,아시아경제,"중기부, 인천 송도에 'K-바이오랩허브' 착공","중소벤처기업부는 30일 인천 송도 연세대학교 국제캠퍼스에서 바이오 창업 종합지원 인프라인 'K... 특히 셀트리온과 삼성바이오로직스, SK바이오사이언스, 롯데바이오로직스, 연세세브란스병원 등 송도의 바이오...",2026-09-30 15:00,https://view.asiae.co.kr/article/2026093001252643964,https://n.news.naver.com/mnews/article/277/0005822887?sid=101
서울대학교,조선일보,부담금 100원 걷는데 건강 편익은 7원… 설탕세의 역설,"홍석철 서울대 경제학부 교수는 30일 국회에서 열린 정책 포럼에서 김동영 국민대 교수, 김평식 경희대 교수와 함께 진행한 ‘설탕 부담금 도입이 건강과 경제에 미치는 비용·편익 분석’ 결과를 발표했다. 올해 들어...",2026-09-30 15:00,https://www.chosun.com/national/welfare-medical/2026/09/30/TFPGQUNCNBEQVEAPNVZCXHFICM/?utm_source=naver&utm_medium=referral&utm_campaign=naver-news,https://n.news.naver.com/mnews/article/023/0004001308?sid=102
서울대학교,비즈워치,[SFS 2.0]'씬파일러' 달리 보는 AI…데이터 못 쓰면 무용지물,"0]재무제표 밖 거래망까지 읽는다…AI가 넓힌 신용평가(2026년 9월30일) 지난 28일 서울 중구 더존을지타워에서... 윤종원 서울대 특임교수(전 경제수석)는 ""씬파일러의 금융 접근성을 높이는 것은 좋지만 신용도에 맞는...",2026-09-30 15:00,https://news.bizwatch.co.kr/article/finance/2026/09/29/0044,https://n.news.naver.com/mnews/article/648/0000051200?sid=101
고려대학교,비즈워치,[SFS 2.0]'씬파일러' 달리 보는 AI…데이터 못 쓰면 무용지물,"함께 고려하면 이를 낮출 수도 있다""며 ""거래 네트워크 정보 역시 연쇄부도를 예방하는 효과가 있는 반면 금융기관의 위험 신호에 대한 동조화를 키울 가능성도 있다""고 말했다. 신관호 고려대 경제학과 교수는 ""한 기업의...",2026-09-30 15:00,https://news.bizwatch.co.kr/article/finance/2026/09/29/0044,https://n.news.naver.com/mnews/article/648/0000051200?sid=101
연세대학교,뉴시스,송도 'K바이오랩허브' 착공…스타트업 60개사 성장 지원,"인천경제자유구역청은 30일 연수구 송도동 연세대학교 국제캠퍼스에서 바이오 창업 종합지원 인프라 'K... 기업과 연세세브란스병원 등 산·학·연·병 자원이 모여 있어 스타트업과 대학, 병원, 기업, 투자기관 간 유기적...",2026-09-30 15:00,https://www.newsis.com/view/NISX20260930_0003808164,https://n.news.naver.com/mnews/article/003/0014224327?sid=102
연세대학교,뉴시스,"""바이오 혁신 거점""…송도 K-바이오랩허브 '첫 삽'","송도 연세대 국제캠퍼스에서 개최했다고 밝혔다. K-바이오 랩허브는 미국 보스턴의 바이오 스타트업 지원... 롯데바이오로직스, 연세세브란스 병원 등 송도의 바이오 클러스터 인프라와 연계해 스타트업·대학·앵커기업...",2026-09-30 15:00,https://www.newsis.com/view/NISX20260930_0003808459,https://n.news.naver.com/mnews/article/003/0014224329?sid=101
연세대학교,뉴스1,"K-바이오랩허브, 송도에 첫삽…바이오 스타트업 혁신 거점 만든다","중소벤처기업부는 30일 인천 송도 연세대학교 국제캠퍼스에서 K-바이오랩허브 착공식을 개최했다고... 롯데바이오로직스, 연세세브란스병원 등 송도 바이오 클러스터 인프라와 연계해 스타트업과 대학, 앵커기업...",2026-09-30 15:00,https://www.news1.kr/industry/sb-founded/6305791,https://n.news.naver.com/mnews/article/421/0009201086?sid=101
연세대학교,뉴스핌,"중기부, 송도 'K-바이오랩허브' 첫삽...60개사 입주 공간 조성",중소벤처기업부는 30일 인천 송도 연세대학교 국제캠퍼스에서 'K-바이오랩허브 착공식'을 개최했다고... 연세대학교는 국제캠퍼스 내 사업 부지를 제공하고 인천시는 건축비를 부담한다. 중기부는 사업단 운영과 핵심...,2026-09-30 15:00,https://www.newspim.com/news/view/20260930000837,https://www.newspim.com/news/view/20260930000837
연세대학교,중기이코노미,"8800억 국민성장펀드, AC 6곳 전원 서류 탈락","이번에는 블루포인트파트너스, 선보엔젤파트너스, 슈미트, 연세대학교기술지주, 제피러스랩, 한국과학기술지주 등 6곳이 모두 소형 리그에 지원했다. 결과는 전원 탈락. 업계 관계자는 대형 펀드 운용 경험이...",2026-09-30 14:58,https://www.junggi.co.kr/news/articleView.html?idxno=37944,https://www.junggi.co.kr/news/articleView.html?idxno=37944
고려대학교,한국금융신문,"‘노사관계 중요’ 한진, 부사장에 노동부 출신 최종석 CSO 발탁","1970년생으로 서울대 사회복지학과를 졸업한 뒤 미국 코넬대 노사관계대학원에서 석사 학위를, 고려대에서 경영학 박사 학위를 받았다. 그는 행정고시에 합격해 고용노동부 사무관으로 공직을 시작했다. 이후 대통령실...",2026-09-30 14:58,https://www.fntimes.com/html/view.php?ud=202609301452437411fa6b69a559_18,https://www.fntimes.com/html/view.php?ud=202609301452437411fa6b69a559_18
연세대학교,아주경제,'2530 장애인 일상활력 프로젝트' 1주년…일자리·주거·여가 성과 공유,영유아 발달장애·자폐스펙트럼 분야 전문가인 천근아 연세대 의과대학 교수가 명사특강을 진행한다. 이어 이미영 한국장애인개발원 전문강사의 장애 인식 개선 특강도 마련된다. 장애에 대한 편견을 줄이고 장애...,2026-09-30 14:58,https://www.ajunews.com/view/20260930145449715,https://www.ajunews.com/view/20260930145449715
서울대학교,한국금융신문,"‘노사관계 중요’ 한진, 부사장에 노동부 출신 최종석 CSO 발탁","1970년생으로 서울대 사회복지학과를 졸업한 뒤 미국 코넬대 노사관계대학원에서 석사 학위를, 고려대에서... 이후 대통령실 고용노사비서관실 행정관, 서울지방노동위원회 사무국장, 주미합중국 대한민국대사관...",2026-09-30 14:58,https://www.fntimes.com/html/view.php?ud=202609301452437411fa6b69a559_18,https://www.fntimes.com/html/view.php?ud=202609301452437411fa6b69a559_18
연세대학교,대학저널,"가천대, ‘AI중심대학·AX대학원 공동 출범식’ 참석",사진=가천대 제공  가천대학교가 지난 29일 연세대 백양누리홀 그랜드볼룸에서 열린 ‘AI중심대학·AX대학원 공동 출범식’에 참석했다. 과학기술정보통신부와 정보통신기획평가원(IITP)이 추진하는 AI 인재양성...,2026-09-30 14:58,https://dhnews.co.kr/news/view/1065591868030338,https://dhnews.co.kr/news/view/1065591868030338
연세대학교,뉴스티앤티,"연세대 행정학과 학생들, 청양군 고령자복지주택 현장학습",충남 청양군은 30일 연세대학교 행정학과 방문단 20명이 교월 고령자복지주택을 찾아 지역사회 통합돌봄사업과 주거·복지서비스 연계 현장을 살펴봤다고 밝혔다. ◆ 고령자복지주택 찾아 주거·복지 연계 현장 학습 이번...,2026-09-30 14:58,https://www.newstnt.com/news/articleView.html?idxno=720831,https://www.newstnt.com/news/articleView.html?idxno=720831
연세대학교,TV조선,"독도 해저단구, 깊다고 더 오래된 게 아니었다…60만년 형성과정 규명","연세대학교는 지구시스템과학과 김원석 교수 연구팀이 지난 60만년 동안 독도 주변에서 약 35차례 해수면 정지기가 있었지만, 현재 해저에는 6개의 단구만 남은 원인을 밝혀냈다고 밝혔다. 해안이나 해저에 계단...",2026-09-30 14:56,https://news.tvchosun.com/site/data/html_dir/2026/09/30/2026093090154.html,https://n.news.naver.com/mnews/article/448/0000642277?sid=101
서울대학교,세정신문,"가당음료 설탕부담금, 세수 2천300억 걷히지만 건강편익 100억 불과","안상훈 국회의원실과 서울대학교 건강금융연구센터는 30일 국회의원회관 제5간담회의실에서 '가당음료... 송헌재 서울시립대 경제학과 교수는 ""설탕부담금이 조세가 아닌 부담금(준조세) 형태로 설계될 경우, 국회의...",2026-09-30 14:54,https://www.taxtimes.co.kr/news/article.html?no=277106,https://www.taxtimes.co.kr/news/article.html?no=277106
고려대학교,경향신문,폐암세포 곧장 빠르게 공격 ‘흡입형 항암제’ 개발···고려대 구로병...,고려대 구로병원 심장혈관흉부외과 김현구 교수와 카이스트 바이오및뇌공학과 박지호 교수 공동연구팀은 나노입자 안에 항암제인 파클리탁셀을 넣고 표면에는 페메트렉시드를 결합한 치료제를 개발해 실험을 통해...,2026-09-30 14:54,https://www.khan.co.kr/article/202609301454001,https://n.news.naver.com/mnews/article/032/0003473378?sid=103
고려대학교,세정신문,"가당음료 설탕부담금, 세수 2천300억 걷히지만 건강편익 100억 불과","정재훈 고려대 보건대학원 교수는 ""건강형평성 관점에서 볼 때, 인과관계가 불확실한 상태에서 도입되는... 함께 고려해 실효성 있는 정책 방안을 마련하겠다”고 밝혔다. 안상훈 국회의원실과 서울대학교...",2026-09-30 14:54,https://www.taxtimes.co.kr/news/article.html?no=277106,https://www.taxtimes.co.kr/news/article.html?no=277106
고려대학교,NSPNA,"속초시 썸머 페스티벌, 10만명 찾자 상권 소비 34.8% 늘어",속초시와 고려대학교 디지털혁신연구센터가 이동통신 빅데이터를 분석한 결과 축제 기간 사흘간 누적... 축제가 매일 오후 4시부터 오후 10시까지 운영됐다는 점을 고려하면 낮 시간대 해수욕장을 이용한 관광객과...,2026-09-30 14:52,https://www.nspna.com/news/?mode=view&newsid=830069,https://www.nspna.com/news/?mode=view&newsid=830069
고려대학교,뉴스투데이,"[김찬희의 방방곡곡 이야기(65)] 역사를 품고 흐르는 칠곡 강변, 호국의...",김찬희 프로필 ▶ 고려대학교 산업공학 학사 / 한양사이버대학원 MBA 경영학 석사 / 前 메타넷디지털(대우정보시스템) 프로그래머 / 前 MIT경영과정보기술 선임컨설턴트 / 前 한국생산성본부 본부장 / 現 남동가족센터...,2026-09-30 14:52,https://www.news2day.co.kr/article/20260930500176,https://www.news2day.co.kr/article/20260930500176
서울대학교,데일리안,규슈 반도체 공급망 다시 열린다…K-소부장 14개사 일본 공략,"참가 기업은 서울대학교 시스템반도체산업진흥센터와 한국나노융합산업협회, KOTRA가 기술력과 시장성을 심사해 선정했다. 한국과 일본의 반도체 공급망은 이미 긴밀하게 연결돼 있다. 지난해 한국이 일본에서 수입한...",2026-09-30 14:51,https://www.dailian.co.kr/news/view/1696300/?sc=Naver,https://n.news.naver.com/mnews/article/119/0003138024?sid=101
서울대학교,안전신문,"시흥시의회, 중부권 7개 시의회 의장협의회 정례회의 개최",김선옥 시흥시의회 의장 경기 시흥시의회가 29일 서울대학교 시흥캠퍼스 교육협력동에서 경기도중부권7개시의회의장협의회 제129차 정례회의를 개최했다. 이번 회의에는 김선옥 시흥시의장을 비롯해 안산·부천·김포...,2026-09-30 14:50,https://www.safetynews.co.kr/news/articleView.html?idxno=250795,https://www.safetynews.co.kr/news/articleView.html?idxno=250795
연세대학교,신소재경제신문,"중기중앙회·중기연구원, “성장기업 맞춤형 스케일업 지원 필요”",전계형 한국교원대학교 교수는 수혜기업과 비수혜기업 데이터를 비교한 결과 수출바우처 지원이 중소기업... 이승훈 연세대학교 교수는 성장성이 높은 기업과 정책지원 효과가 큰 기업이 반드시 일치하지 않는 만큼 사업...,2026-09-30 14:50,http://amenews.kr/news/view.php?idx=68166,http://amenews.kr/news/view.php?idx=68166
연세대학교,이코노믹리뷰,"""네이버 스마트스토어 10년 성적표 나왔다"" 판매자쿠폰 쓴 스토어 첫 달...",네이버는 서울대학교 유병준 교수 연구팀과 연세대학교 최보름 교수 연구팀이 공동으로 연구한 D-커머스 리포트 2026 스마트스토어 10년 진화 경로 보고서를 발간해 스마트스토어가 판매자의 성장 단계에 맞춰 지원...,2026-09-30 14:48,https://www.econovill.com/news/articleView.html?idxno=752296,https://www.econovill.com/news/articleView.html?idxno=752296
서울대학교,이코노믹리뷰,"""네이버 스마트스토어 10년 성적표 나왔다"" 판매자쿠폰 쓴 스토어 첫 달...",네이버는 서울대학교 유병준 교수 연구팀과 연세대학교 최보름 교수 연구팀이 공동으로 연구한 D-커머스 리포트 2026 스마트스토어 10년 진화 경로 보고서를 발간해 스마트스토어가 판매자의 성장 단계에 맞춰 지원...,2026-09-30 14:48,https://www.econovill.com/news/articleView.html?idxno=752296,https://www.econovill.com/news/articleView.html?idxno=752296
고려대학교,FORBESKOREA,에미 유 STPI 대표이사 - 실험으로 넓힌 창작의 경계,"정승우 고려대학교 법학과(학사), 동 대학원(법학 석사, 법학 박사) 졸업 후 2011년 공익재단법인 유중문화재단과 복합문화공간인 유중아트센터를 설립하여 이사장으로 활동하고 있다. 포브스코리아(Forbes Korea) =",2026-09-30 14:44,https://www.forbeskorea.co.kr/news/articleView.html?idxno=402621,https://www.forbeskorea.co.kr/news/articleView.html?idxno=402621
서울대학교,뉴스1,"국가데이터처, 삶의 질 측정 포럼…정책 활용 방안 논의",국가데이터처는 30일 서울 엘타워에서 '제12회 포용적이고 지속가능한 국민 삶의 질 측정 포럼'을 온... 이어 구인회·홍종호 서울대 교수는 국민이 체감하는 삶의 질과 정책지표의 역할을 놓고 의견을 나눴다. 삶의 질...,2026-09-30 14:44,https://www.news1.kr/economy/trend/6306055,https://n.news.naver.com/mnews/article/421/0009201016?sid=101
서울대학교,인더뉴스,"네이버, ‘스마트스토어 10년 진화 경로 보고서’ 발간",인더뉴스 이종현 기자ㅣ네이버는 서울대학교 유병준 교수 연구팀과 연세대학교 최보름 교수 연구팀이 공동으로 연구한 'D-커머스 리포트 2026: 스마트스토어 10년 진화 경로 보고서'를 30일 발간했습니다. 연구팀은 지난...,2026-09-30 14:44,https://www.inthenews.co.kr/news/article.html?no=92521,https://www.inthenews.co.kr/news/article.html?no=92521
연세대학교,인더뉴스,"네이버, ‘스마트스토어 10년 진화 경로 보고서’ 발간",인더뉴스 이종현 기자ㅣ네이버는 서울대학교 유병준 교수 연구팀과 연세대학교 최보름 교수 연구팀이 공동으로 연구한 'D-커머스 리포트 2026: 스마트스토어 10년 진화 경로 보고서'를 30일 발간했습니다. 연구팀은 지난...,2026-09-30 14:44,https://www.inthenews.co.kr/news/article.html?no=92521,https://www.inthenews.co.kr/news/article.html?no=92521
연세대학교,로이슈,"강남세브란스병원, 두경부암 전이·면역회피 관여 전사인자 ETS1 규명",연세대 강남세브란스병원 이비인후과 박영민 교수 연구팀은 미국 서던캘리포니아대학교 연구팀과 공동 연구를 통해 ETS1이 암세포의 전이와 면역 회피에 관여하는 기전을 확인했다고 30일 밝혔다. 두경부...,2026-09-30 14:44,http://www.lawissue.co.kr/view.php?ud=202609301443175901f4ab64559d_12,http://www.lawissue.co.kr/view.php?ud=202609301443175901f4ab64559d_12
서울대학교,데일리안,근로복지공단 새 수장에 박승흡…“임금체불 제로사회 앞당길 것”,"춘천고와 서울대학교 국어교육학과를 졸업하고 숭실대학교에서 노동경제학 석사학위를 받았다. 1999년 한국비정규노동센터를 설립한 뒤 국가인권위원회 차별금지법제정 추진위원, 매일노동뉴스 대표이사, 서울시...",2026-09-30 14:43,https://www.dailian.co.kr/news/view/1696294/?sc=Naver,https://n.news.naver.com/mnews/article/119/0003138020?sid=102
서울대학교,뉴시스,"""GDP만으론 국민 삶 설명 못해""…삶의 질 지표 정책연계 논의",국가데이터처는 30일 서울 엘타워에서 '제12회 포용적이고 지속가능한 국민 삶의 질 측정 포럼'을 온... 이어 구인회 서울대 교수와 홍종호 서울대 교수가 참여하는 대담에서는 국민이 실제로 체감하는 삶의 질과...,2026-09-30 14:43,https://www.newsis.com/view/NISX20260930_0003808930,https://n.news.naver.com/mnews/article/003/0014224229?sid=101
서울대학교,경기일보,부천시의회 위상 높인 박병권 의장…경기 중부권 7개 시의회 ‘수장’ ...,박 의장은 지난 29일 서울대학교 시흥캠퍼스에서 열린 경기도 중부권 7개 시의회 의장협의회 제129차 정례회의에서 신임 협의회장으로 선출됐다. 부천시의회 의장이 협의회장을 맡은 것은 이번이 처음이다. 경기도 중부권...,2026-09-30 14:42,https://www.kyeonggi.com/article/20260930580242,https://n.news.naver.com/mnews/article/666/0000125516?sid=100
연세대학교,마이데일리,"“기업이 기업을 부른다”…송도 바이오 클러스터, 커지는 ‘집적의 힘...","30일 제약바이오업계에 따르면 대웅제약은 지난 28일 송도 연세대학교 국제캠퍼스에서 ‘첨단바이오의약품... 앞으로 용인에서 축적한 연구 성과를 송도에서 임상연구용 제품으로 생산하고, 지역 내 대학·연구기관...",2026-09-30 14:41,https://www.mydaily.co.kr/page/view/2026092919035926315,https://n.news.naver.com/mnews/article/117/0004110611?sid=102
고려대학교,KOREA,"재난을 전하는 뉴스, 누군가에게 또 다른 상처가 되지 않도록",대학교 산학협력단)' 연구 결과를 발표했다. 2024년 실시한 '트라우마 예방관점 재난보도 현황조사(고려대학... 더 고려할 방법은 없는지 질문하는 과정에 가깝다. ◆ 재난보도를 바라보는 독자의 시선도 달라져야 여객기...,2026-09-30 14:41,https://www.korea.kr/news/reporterView.do?newsId=148972461&call_from=naver_news,https://www.korea.kr/news/reporterView.do?newsId=148972461&call_from=naver_news
서울대학교,뉴스경남,"경남 국립대병원 전문의 수, 수도권 빅5 '반토막' 수준",30일 국회 보건복지위원회 박용갑 의원(더불어민주당)이 보건복지부로부터 제출받은 자료를 분석한 결과 올해 6월 기준 수도권 '빅5' 대형병원(서울아산·세브란스·서울성모·삼성서울·서울대) 10병상당 전문의 수는...,2026-09-30 14:40,https://www.newsgn.com/news/articleView.html?idxno=576858,https://www.newsgn.com/news/articleView.html?idxno=576858
고려대학교,충청리뷰,"고려대 세종캠퍼스, AI 전문인재 양성","고려대학교 세종캠퍼스는 2024년 SW중심대학 사업을 통해 구축한 교육체계를 AI 중심으로 전환한다. 특히 중앙행정기관과 국책연구기관, AI 국가시범스마트도시, 네이버 각 세종, 세종테크밸리 등이 집적된 세종의...",2026-09-30 14:40,https://www.ccreview.co.kr/news/articleView.html?idxno=358827,https://www.ccreview.co.kr/news/articleView.html?idxno=358827
서울대학교,뉴데일리,"""조용히 치르겠다""던 조희대 … 부친상 조의금 봉투째 돌려줬다",조 대법원장의 서울대 법대·사법연수원 동기인 안홍렬 변호사는 이날 서울대 법대 전체 대화방에 올린 글에서 대법원 의전 담당자가 자신의 사무실을 찾아와 부의금 봉투를 그대로 돌려주고 갔다고 밝혔다. 안 변호사는...,2026-09-30 14:38,https://www.newdaily.co.kr/site/data/html/2026/09/30/2026093000246.html,https://www.newdaily.co.kr/site/data/html/2026/09/30/2026093000246.html
서울대학교,머니투데이,"법무법인 태평양 강태욱 변호사, 개인정보보호위원장 표창 수상",이번 표창은 개인정보보호위원회가 이날 서울 양재 엘타워에서 개최한 '제6회 개인정보 보호의 날' 기념식에서 수여됐다. 강태욱 변호사는 서울대학교 법학과를 졸업하고 제 31기 사법연수원을 수료한 뒤...,2026-09-30 14:38,https://www.mt.co.kr/society/2026/09/30/2026093014263470275,https://n.news.naver.com/mnews/article/008/0005420364?sid=102
서울대학교,파이낸셜뉴스,"과총 창립60주년, '사람중심 과학기술' 비전선포...미래포럼 출범","서울대학교 생명과학부 교수, 이성빈 KAIST 물리학과 교수가 참여해 AI·바이오·양자 분야의 미래 전망과 기술 간 융합, 인재·인프라·제도·연구문화 등 앞으로 준비해야 할 과제를 논의한다. 권오남 과총 회장(서울대...",2026-09-30 14:38,https://www.fnnews.com/news/202609291917082314,https://n.news.naver.com/mnews/article/014/0005582987?sid=105
서울대학교,프레시안,[경기도의회 소식] 존중·청렴 바탕 ‘갑질 없는 조직문화’ 만든다,"□권태익 의원, '제26회 경기도장애인 IT Festival' 참석 경기도의회 보건복지위원회 권태익 의원(국민의힘·비례)은 지난 29일 서울대학교 시흥캠퍼스에서 열린 ‘KT와 함께하는 제26회 경기도장애인 IT Festival’에 참석해...",2026-09-30 14:38,https://www.pressian.com/pages/articles/2026093014372132280?utm_source=naver&utm_medium=search,https://n.news.naver.com/mnews/article/002/0002458901?sid=102
연세대학교,DDANZI,[20260930]요약은 더 힘들다 뉴스공장,"최종건 연세대 교수는 젤렌스키의 공개 배경을 ""북한의 전투력을 과대평가 혹은 국제사회에 알리는 과정에서... 접수 마감 10분을 앞두고 사이트가 마비돼 1시간이 연장됐는데, 그 사이 대학별 경쟁률이 먼저 공개되며...",2026-09-30 14:38,http://www.ddanzi.com/895922226,http://www.ddanzi.com/895922226
고려대학교,IT비즈뉴스,"스카이입시교육학원, 고려대·세종대 2027 군계약학과·사이버국방학과...","고려대 사이버국방학과 등 일부 대학의 경우 집단토론 등 대학별 특성에 따른 면접 방식에도 대비할 필요가... 수업은 지원 대학과 학과, 학생별 준비 상황을 고려한 '훈육담임제'를 기반으로 1대1 맞춤형 및 분임형...",2026-09-30 14:38,https://www.itbiznews.com/news/articleView.html?idxno=226653,https://www.itbiznews.com/news/articleView.html?idxno=226653
서울대학교,연합뉴스,"ETRI, 국가임무 중심 전환…임무형 연구 비중 90%로 늘린다","박세웅 ETRI 원장은 30일 서울 광화문 한 식당에서 기자간담회를 갖고 ""인공지능(AI)을 중심으로 기술... 박 원장은 서울대 교수 출신으로 지난 20일 ETRI 원장으로 부임했다. ETRI 원장이 외부에서 선임된 것은 이번이 두...",2026-09-30 14:35,https://www.yna.co.kr/view/AKR20260930114100017?input=1195m,https://n.news.naver.com/mnews/article/001/0016347158?sid=105
고려대학교,뉴스1,남상호 대전대 총장 2년 더 맡는다…10·11대 이어 12대 선임,학교법인 혜화학원은 지난 29일 이사회를 열고 대전대학교 제12대 총장에 남상호 현 총장을 재선임했다고 30일 밝혔다. 남 총장의 임기는 10월 1일부터 2년간이다. 남 총장은 고려대 생물학과에서 학사학위를 받고...,2026-09-30 14:35,https://www.news1.kr/local/daejeon-chungnam/6306135,https://n.news.naver.com/mnews/article/421/0009200986?sid=102
서울대학교,이데일리,"인천공항 사장 후보, 김문권VS박남춘 경쟁","부산 출생인 김문권 전 대표는 서울대 신문학과를 졸업했다. 한국경제신문 차장, 한국경제매거진 부국장을 역임했고 행정자치부·국토부 장관 정책보좌관, 에어프레미아 대외담당 상무 등을 지냈다. 이스타항공 대표 재직...",2026-09-30 14:34,https://www.edaily.co.kr/News/Read?newsId=04109846645585368&mediaCodeNo=257&utm_source=naver&utm_medium=referral&utm_campaign=news_syndication&utm_content=original_article,https://n.news.naver.com/mnews/article/018/0006377744?sid=100
서울대학교,TFMEDIA,택사스대 오스틴 한국 동문 ‘50년 네트워크’ 재결집…내달 2일 ‘2026 ...,텍사스대학교 오스틴(UT Austin) 한국 동문들이 반세기의 시간을 넘어 서울에서 한자리에 모인다. UT... 학계에서는 김준모 건국대학교 행정학과 교수와 금현섭 서울대학교 행정대학원 교수 등이 참석할...,2026-09-30 14:34,https://www.tfmedia.co.kr/news/article.html?no=207595,https://www.tfmedia.co.kr/news/article.html?no=207595
서울대학교,뉴스맵,"휴메딕스, 창상피복재 '아르케' 자문위원회 1회차 정기미팅 개최","분당서울대학교병원 성형외과 김종호 교수, 와이퀸산부인과 김지연 원장, 성소병원 박민재 원장... 경북대학교병원 피부과 김진호 등 총 14인이 참석했다. 회의에서는 대구 브이성형외과 최원석 원장을 좌장으로 활동...",2026-09-30 14:34,https://www.newsmap.co.kr/news/articleView.html?idxno=3657,https://www.newsmap.co.kr/news/articleView.html?idxno=3657
고려대학교,뉴시스,"대전대, 남상호 총장 재선임",대전대학교는 학교법인 혜화학원이 이사회를 열고 현 11대 남상호 총장을 제12대 총장으로 재선임했다고 30일 밝혔다. 임기는 10월 1일부터 2년간이다. 남 총장은 고려대 생물학과에서 학사학위를 받았으며 같은 대학에...,2026-09-30 14:34,https://www.newsis.com/view/NISX20260930_0003808986,https://n.news.naver.com/mnews/article/003/0014224172?sid=102
고려대학교,이데일리,"인천공항 사장 후보, 김문권VS박남춘 경쟁","인천 출생인 박 전 시장은 고려대 행정학과를 졸업했고 영국 웨일즈대에서 교통경제학 석사학위를 취득했다. 그는 해양수산부 관료 출신으로 해수부 총무과장, 해운항만청 유통과장 등을 역임했고 참여정부에서 노무현...",2026-09-30 14:34,https://www.edaily.co.kr/News/Read?newsId=04109846645585368&mediaCodeNo=257&utm_source=naver&utm_medium=referral&utm_campaign=news_syndication&utm_content=original_article,https://n.news.naver.com/mnews/article/018/0006377744?sid=100
서울대학교,머니투데이,"세계·국내 순위 동반 상승…가천대, 'THE 세계대학평가' 국내 14위","가천대학교는 영국 고등교육 평가기관 THE(Times Higher Education)가 발표한 '2027 THE 세계대학평가'에서 국내... 이번 평가에서는 영국 옥스퍼드대가 11년 연속 세계 1위를 유지한 가운데, 국내 대학 중에서는 서울대가...",2026-09-30 14:32,https://www.mt.co.kr/policy/2026/09/30/2026093013513317311,https://n.news.naver.com/mnews/article/008/0005420360?sid=102
고려대학교,머니투데이,"세계·국내 순위 동반 상승…가천대, 'THE 세계대학평가' 국내 14위","가천대학교는 영국 고등교육 평가기관 THE(Times Higher Education)가 발표한 '2027 THE 세계대학평가'에서 국내... 이어 KAIST(64위), 성균관대(68위), 연세대(80위), 고려대(128위), 포스텍(143위) 순으로 집계됐다. 이길여...",2026-09-30 14:32,https://www.mt.co.kr/policy/2026/09/30/2026093013513317311,https://n.news.naver.com/mnews/article/008/0005420360?sid=102
서울대학교,FORBESKOREA,〈오디세이〉에는 운율과 노래가 있었다,"김진호 서울대학교 음악대학 작곡과와 동 대학교 사회학과를 졸업한 후 프랑스 파리 4대학에서 음악학으로 박사학위를 취득했다. 국립경국대학교(구 안동대학교)의 음악 전공 교수로 재직 중이며, 『매혹의 음색』...",2026-09-30 14:32,https://www.forbeskorea.co.kr/news/articleView.html?idxno=402618,https://www.forbeskorea.co.kr/news/articleView.html?idxno=402618
연세대학교,머니투데이,"세계·국내 순위 동반 상승…가천대, 'THE 세계대학평가' 국내 14위","가천대학교는 영국 고등교육 평가기관 THE(Times Higher Education)가 발표한 '2027 THE 세계대학평가'에서 국내... 이어 KAIST(64위), 성균관대(68위), 연세대(80위), 고려대(128위), 포스텍(143위) 순으로 집계됐다. 이길여...",2026-09-30 14:32,https://www.mt.co.kr/policy/2026/09/30/2026093013513317311,https://n.news.naver.com/mnews/article/008/0005420360?sid=102
연세대학교,코리아헬스로그,갑자기 심장 정지 부르는 '나쁜 생활습관 조합' 있다,연세대 원주세브란스기독병원 응급의학과 안교진·차경철·황성오 교수 연구팀이 다양한 생활습관의... 연구팀은 전국 18개 대학병원 응급실이 참여한 'CAPTURES 연구'의 2017~2023년 자료를 활용해 심장성 원인으로...,2026-09-30 14:32,https://www.koreahealthlog.com/news/articleView.html?idxno=59240,https://www.koreahealthlog.com/news/articleView.html?idxno=59240
서울대학교,연합뉴스TV,[사건현장] 테러에 8년 쓴 상호 포기…중식당 피해 보상은?,"범행 이틀 전, 서울의 한 치킨집서 치맥을 즐겼고, 숙박비 등 모든 결제는 현금으로 했다고 하죠. 현금만... 눈길을 끄는 건, 서울대 경영동아리 출신들이 다수 포함됐다는 겁니다. 어떤 배경인가요?  현재 금융...",2026-09-30 14:31,http://www.yonhapnewstv.co.kr/news/MYH20260930143010mnN,https://n.news.naver.com/mnews/article/422/0000911184?sid=102
서울대학교,전자신문,"코스맥스, AI 원형탈모 예측 모델 개발…특허 출원",서울대학교와 협력해 모발의 시스틴 결합을 복구해 손상모의 인장 강도를 120% 이상 개선하는 신소재 '코어링크-에스'를 개발했다. 이 소재는 올해 '코스모프로프 볼로냐'의 '코스모팩어워즈' 헤어케어 제형 부문...,2026-09-30 14:31,https://www.etnews.com/20260930000304,https://n.news.naver.com/mnews/article/030/0003471192?sid=101
서울대학교,한국일보,박승흡 근로복지공단 이사장 취임… 첫 노동운동가 출신,"박 이사장은 서울대 국어교육학과를 졸업한 뒤 1999년 한국비정규노동센터를 설립해 초대 소장을 맡았다. 이후 매일노동뉴스 대표·회장, 서울시 일자리위원회 공동위원장 등을 역임했다. 최근까지는...",2026-09-30 14:31,https://www.hankookilbo.com/news/article/A2026093014130001962?did=NA,https://n.news.naver.com/mnews/article/469/0000956864?sid=102
서울대학교,전자신문,"“유료방송, K-미디어 '기간 플랫폼'으로”…요금·채널 규제 손질 제안","홍종윤 서울대 언론정보학과 교수는 30일 한국IPTV방송협회와 한국케이블TV방송협회, KT스카이라이프가 공동 개최한 '지속가능한 미디어 생태계와 규제 혁신' 세미나에서 유료방송 정책 프레임을 '기간 미디어 플랫폼...",2026-09-30 14:31,https://www.etnews.com/20260930000275,https://n.news.naver.com/mnews/article/030/0003471194?sid=105
서울대학교,텐아시아,"김지원, 억 단위 기부에 입 열었다…장도연도 이유 듣고 깜짝 ""운 좋게 ...","김지원은 서울대학교 어린이 병원에 1억 원을 기부했다고 알려졌다. 칭찬이 이어지자 김지원은 ""운 좋게 또 그런 기회가 생겨서""라며 말을 아꼈다. 장도연은 ""기부하신 분이 운이 좋았다고 하는 건 처음이다""라며 뜻밖의...",2026-09-30 14:30,https://www.tenasia.co.kr/article/2026093033044,https://m.entertain.naver.com/article/312/0000778114
서울대학교,뉴스핌,"경제 성과 넘어 체감 삶으로…데이터처, 삶의 질 지표 활용 모색",국가데이터처는 30일 서울 엘타워에서 한국삶의질학회와 공동으로 '제12회 포용적이고 지속가능한 국민... 이어 구인회·홍종호 서울대 교수가 참여하는 대담에서 국민이 체감하는 삶의 질과 정책지표의 역할을...,2026-09-30 14:30,https://www.newspim.com/news/view/20260930000873,https://www.newspim.com/news/view/20260930000873
서울대학교,아주경제,"[로펌라운지] 태평양 강태욱 변호사, 개인정보보호위원장 표창 수상","개인정보보호위원회는 30일 서울 서초구 양재 엘타워에서 '제6회 개인정보 보호의 날' 기념식을... 강 변호사는 서울대학교 법학과를 졸업한 뒤 사법연수원을 31기로 수료하고, 2002년 판사로 법조계에 입문했다....",2026-09-30 14:28,https://www.ajunews.com/view/20260930140441535,https://www.ajunews.com/view/20260930140441535
서울대학교,IT비즈뉴스,"알체라, 'AI FESTA 26' IITP 월드모델 특별관 참가…피지컬 AI 데이터 역...","8일까지 서울 코엑스에서 열리는 'AI FESTA 26(인공지능 페스타 2026)' IITP 월드모델 특별관(Physical AI & Robotics 특별관)에 참가한다. 이번 특별관에는 알체라를 비롯해 LG전자, KAIST, 서울대학교, 로보티즈...",2026-09-30 14:26,https://www.itbiznews.com/news/articleView.html?idxno=226652,https://www.itbiznews.com/news/articleView.html?idxno=226652
서울대학교,메트로신문,네이버 스마트스토어 10년…판매자 성장 따라 금융→마케팅 지원 진화,네이버는 서울대학교 유병준 교수 연구팀과 연세대학교 최보름 교수 연구팀이 공동 연구한 'D-커머스 리포트 2026: 스마트스토어 10년 진화 경로 보고서'를 30일 발간했다고 밝혔다. 이 보고서에서 연구팀은 판매자가 사업...,2026-09-30 14:26,http://www.metroseoul.co.kr/article/20260930500270,http://www.metroseoul.co.kr/article/20260930500270
서울대학교,쿠키뉴스,“흩어진 연구역량 모아 국가 임무에 집중” 박세웅 ETRI 원장 [쿠키인터...,"한편 박 원장은 AT&T 벨연구소 책임연구원을 거쳐 서울대 전기·정보공학부에서 무선 네트워크를 연구하고 가르쳤으며, 지난 5월 ETRI 원장에 취임했다. 다음은 박 원장과 일문일답. ▷ 취임 4개월을 맞은 소회는?...",2026-09-30 14:26,https://www.kukinews.com/article/view/kuk202609300134,https://www.kukinews.com/article/view/kuk202609300134
연세대학교,메트로신문,네이버 스마트스토어 10년…판매자 성장 따라 금융→마케팅 지원 진화,네이버는 서울대학교 유병준 교수 연구팀과 연세대학교 최보름 교수 연구팀이 공동 연구한 'D-커머스 리포트 2026: 스마트스토어 10년 진화 경로 보고서'를 30일 발간했다고 밝혔다. 이 보고서에서 연구팀은 판매자가 사업...,2026-09-30 14:26,http://www.metroseoul.co.kr/article/20260930500270,http://www.metroseoul.co.kr/article/20260930500270
연세대학교,로톡뉴스,연세대 덮친 '복면 알몸남'…CCTV 650대에도 잡히지 않는 이유,"연세대 인근에서 복면을 쓴 알몸 상태로 여성을 연쇄 추행한 용의자를 경찰이 석 달째 쫓고 있다. 지난 6월 12일 밤, 연세대 신촌캠퍼스 기숙사 인근 안산자락길 산책로에서 알몸에 복면을 쓴 남성이 여성을 뒤에서 껴안고...",2026-09-30 14:26,https://lawtalknews.co.kr/article/DSJFGWR54JJQ,https://lawtalknews.co.kr/article/DSJFGWR54JJQ
서울대학교,IT비즈뉴스,"알체라, 'AI FESTA 26' IITP 월드모델 특별관 참여…AI 데이터 루프 선보...","8일까지 서울 코엑스에서 열리는 'AI FESTA 26(인공지능 페스타 2026)' IITP 월드모델 특별관(Physical AI & Robotics 특별관)에 참여한다고 밝혔다. 이번 특별관에는 알체라를 비롯해 LG전자, KAIST, 서울대학교, 로보티즈...",2026-09-30 14:24,https://www.it-b.co.kr/news/articleView.html?idxno=90071,https://www.it-b.co.kr/news/articleView.html?idxno=90071
서울대학교,뉴스프리존,"한국타이어, IDEA 디자인 어워드 2관왕… '리무브·휠봇2' 본상","한국타이어와 서울대학교 순환디자인연구실 디스코랩(DISCO Lab)이 공동 개발했으며, 블래더 분말을 활용해 가구와 브릭, 생활용품 등을 제작했다. 출품작 가운데 브릭을 조립해 만든 '키네틱 월(Kinetic Wall)'은...",2026-09-30 14:24,https://www.newsfreezone.co.kr/news/articleView.html?idxno=711679,https://www.newsfreezone.co.kr/news/articleView.html?idxno=711679
서울대학교,뉴시스,국가첨단전략산업위 회의 대화하는 김정관 장관-이신두 서울대 교수,김정관 산업통상부 장관이 30일 오후 서울 종로구 정부서울청사에서 열린 제9차 국가첨단전략산업위원회 회의에 참석해 이신두 서울대 전기정보공학부 교수와 인사나누고 있다. 2026.09.30. chocrystal@newsis.com,2026-09-30 14:22,https://www.newsis.com/view/NISI20260930_0021467981,https://n.news.naver.com/mnews/article/003/0014224108?sid=100
연세대학교,이데일리,더블역세권 직통 연결…‘충정로역자이르네’ 내달 6일 무순위 청약,"인근에는 연세대, 이화여대, 서강대, 홍익대 등 국내 주요 명문 대학교도 밀집해 있다. 단지 주변으로는 대규모 개발 사업도 추진된다. 강북의 코엑스로 거듭나게 되는 ’서울역 북부역세권 복합개발(2029년 6월 준공...",2026-09-30 14:22,https://www.edaily.co.kr/News/Read?newsId=04077046645585368&mediaCodeNo=257&utm_source=naver&utm_medium=referral&utm_campaign=news_syndication&utm_content=original_article,https://n.news.naver.com/mnews/article/018/0006377734?sid=101
서울대학교,이넷뉴스,"알체라, 'AI FESTA 26' IITP 월드모델 특별관 참여···피지컬 AI 데이터...","8일까지 서울 코엑스에서 열리는 'AI FESTA 26(인공지능 페스타 2026)' IITP 월드모델 특별관(Physical AI & Robotics 특별관)에 참여한다고 30일 밝혔다. 이번 특별관에는 알체라를 비롯해 LG전자, KAIST, 서울대학교...",2026-09-30 14:22,https://www.enetnews.co.kr/news/articleView.html?idxno=54864,https://www.enetnews.co.kr/news/articleView.html?idxno=54864
서울대학교,e대한경제,근로복지공단 박승흡 이사장 취임,"춘천고와 서울대학교 국어교육학과를 졸업하고, 숭실대학교에서 노동경제학 석사학위를 취득했다. 1999년 한국비정규노동센터를 설립했으며, 국가인권위원회 차별금지법제정 추진위원, 매일노동뉴스 대표이사, 서울시...",2026-09-30 14:22,https://www.dnews.co.kr/uhtml/view.jsp?idxno=202609301255475860918,https://www.dnews.co.kr/uhtml/view.jsp?idxno=202609301255475860918
연세대학교,코리아헬스로그,자가치유 하이드로젤 활용한 '모낭 재생 기술' 개발,"중앙대병원 성형외과 강신혁 교수 연구팀(피부과 김범준 교수, 연세대 화공생명공학과 고원건 교수)이 자가치유(self-healing) 하이드로젤을 활용한 모듈형 인공피부를 제작해 모낭 형성에 필요한 세포 간 상호작용과 재생...",2026-09-30 14:20,https://www.koreahealthlog.com/news/articleView.html?idxno=59237,https://www.koreahealthlog.com/news/articleView.html?idxno=59237
서울대학교,데일리한국,"LG엔솔, LFP 넘어 '망간' 승부수…美 LMR 생산체제 구축",LG에너지솔루션은 이달 서울대 연구진과 공동 연구를 통해 충·방전 과정에서 발생하는 가스를 억제하는 기술을 개발했다. 해당 기술을 적용한 40Ah급 대형 셀은 883회 이상 충·방전한 뒤에도 초기 에너지의 92.2%를...,2026-09-30 14:20,https://daily.hankooki.com/news/articleView.html?idxno=1410838,https://daily.hankooki.com/news/articleView.html?idxno=1410838
서울대학교,연합뉴스,2027년 소비 트렌드 설명하는 김난도 교수,김난도 서울대 명예교수가 30일 서울 중구 프레스센터에서 열린 '트렌드 코리아 2027' 출간 간담회에서 2027년 소비 트렌드를 설명하고 있다. 2026.9.30,2026-09-30 14:19,https://www.yna.co.kr/view/PYH20260930173700005?input=1196m,https://n.news.naver.com/mnews/article/001/0016347002?sid=103
서울대학교,뉴스1,"메디인테크, 아프리카서 AI 로봇내시경 공개…글로벌 공략 확대","한편 창업자인 이치원 대표는 서울대 기계항공공학부를 졸업하고, 서울대 바이오엔지니어링 협동과정 박사 학위를 받은 뒤 서울대 의학연구원 선임연구원을 거쳐 한국전기연구원에서 내시경을 개발했다. 세계...",2026-09-30 14:19,https://www.news1.kr/bio/healthcare/6306083,https://n.news.naver.com/mnews/article/421/0009200884?sid=103
고려대학교,금강일보,"영탁, 콘서트 'TAK SHOW5' 티저 공개... 일정·티켓 예매처는?","""라는 배우 김응수의 목소리와 함께 대학교 신입생 시절로 돌아간 영탁의 모습이 담겼다. 이어 영탁은... 한편 2026 영탁 단독 콘서트 'TAK SHOW5'는 오는 3일부터 5일까지 서울 고려대학교 화정체육관에서 열린다. 이후 서울...",2026-09-30 14:18,https://www.ggilbo.com/news/articleView.html?idxno=1184483,https://www.ggilbo.com/news/articleView.html?idxno=1184483
서울대학교,뉴스핌,"박승흡 신임 근로복지공단 이사장 취임…""비정규 노동자 사회보험 확대...","춘천고와 서울대학교 국어교육학과를 졸업하고, 숭실대학교에서 노동경제학 석사학위를 취득했다. 1999년 한국비정규노동센터를 설립했으며, 국가인권위원회 차별금지법제정 추진위원, 매일노동뉴스 대표이사, 서울시...",2026-09-30 14:17,https://www.newspim.com/news/view/20260930000864,https://www.newspim.com/news/view/20260930000864
연세대학교,금강일보,"목원대, 435억원 들여 전교생 AI교육",목원대는 지난 29일 서울 연세대학교 백양누리 그랜드볼룸에서 열린 'AI중심대학·AX대학원 공동 출범식... AI중심대학은 대학 교육체계를 AI 중심으로 바꿔 AI 전문인재와 각 전공에 AI를 접목할 수 있는 AX...,2026-09-30 14:16,https://www.ggilbo.com/news/articleView.html?idxno=1184452,https://www.ggilbo.com/news/articleView.html?idxno=1184452
서울대학교,서울경제,"한진, 최종석 신임 정책기획담당 부사장 선임","서울대 사회복지학과 졸업 후 코넬대 노사관계대학원에서 석사 학위를 받았다. 이후 고려대에서 경영학 박사 학위를 취득했다. 행정고시 합격 후 고용노동부 사무관으로 시작해 대통령실 고용노사비서관실 행정관, 서울...",2026-09-30 14:14,https://www.sedaily.com/article/20096573?ref=naver,https://n.news.naver.com/mnews/article/011/0004666838?sid=101
고려대학교,서울경제,"한진, 최종석 신임 정책기획담당 부사장 선임",최 부사장은 1970년생으로 서울대 사회복지학과 졸업 후 코넬대 노사관계대학원에서 석사 학위를 받았다. 이후 고려대에서 경영학 박사 학위를 취득했다. 행정고시 합격 후 고용노동부 사무관으로 시작해 대통령실...,2026-09-30 14:14,https://www.sedaily.com/article/20096573?ref=naver,https://n.news.naver.com/mnews/article/011/0004666838?sid=101
서울대학교,노컷뉴스,"전태일재단 이사장 출신 박승흡, 근로복지공단 이사장 취임","1962년생인 박 이사장은 춘천고와 서울대 국어교육과를 졸업하고 숭실대 노동경제학 석사학위를 취득했다.... 매일노동뉴스 발행인·대표이사, 국가인권위원회 차별금지법제정 추진위원, 최저임금연대 집행위원장, 서울시...",2026-09-30 14:13,https://www.nocutnews.co.kr/news/6585082?utm_source=naver&utm_medium=article&utm_campaign=20260930022859,https://n.news.naver.com/mnews/article/079/0004194251?sid=102
서울대학교,더퍼블릭,"한화에어로, 학벌 차별 논란 일파만파…""지침 적용 안 했다""더니, 합격...","서울과 판교 근무자의 경우 서울대, 연세대, 고려대 등 11개 학교 졸업생이 대상이고, 해외 대학이라면 세계 대학 순위 100위권 이내로 제한했다. 지방 사업장은 주변 거점 국립대와 200위권 해외 대학까지 허용했다. 해당...",2026-09-30 14:12,https://www.thepublic.kr/news/articleView.html?idxno=320581,https://www.thepublic.kr/news/articleView.html?idxno=320581
서울대학교,미디어파인,죽은 뒤에도 남는 SNSㆍ사진ㆍ구독… '디지털 유산' 미리 정리해야 [박용...,[박용선 탑로직 대표] -디지털장의사 1급ㆍ2급 -가짜 뉴스퇴출센터 센터장ㆍ인터넷돌봄활동가 -사회복지사ㆍ평생교육사 -서울대 AMPFRI 최고경영자과정 수료 -고려대 KOMA 최고경영자과정 수료 -한국생산성본부...,2026-09-30 14:12,https://www.mediafine.co.kr/news/articleView.html?idxno=91287,https://www.mediafine.co.kr/news/articleView.html?idxno=91287
고려대학교,미디어파인,죽은 뒤에도 남는 SNSㆍ사진ㆍ구독… '디지털 유산' 미리 정리해야 [박용...,수료 -고려대 KOMA 최고경영자과정 수료 -한국생산성본부 최고경영자과정 수료 -마케팅 애널리틱스학과 대학원 졸업 -법학과 대학원 졸업 -5년 연속 '대한민국 소비자 만족대상' 수상 -4년 연속 '한국을 빛낸 사회발전 대상...,2026-09-30 14:12,https://www.mediafine.co.kr/news/articleView.html?idxno=91287,https://www.mediafine.co.kr/news/articleView.html?idxno=91287
고려대학교,더퍼블릭,"한화에어로, 학벌 차별 논란 일파만파…""지침 적용 안 했다""더니, 합격...","서울과 판교 근무자의 경우 서울대, 연세대, 고려대 등 11개 학교 졸업생이 대상이고, 해외 대학이라면 세계 대학 순위 100위권 이내로 제한했다. 지방 사업장은 주변 거점 국립대와 200위권 해외 대학까지 허용했다. 해당...",2026-09-30 14:12,https://www.thepublic.kr/news/articleView.html?idxno=320581,https://www.thepublic.kr/news/articleView.html?idxno=320581
연세대학교,더퍼블릭,"한화에어로, 학벌 차별 논란 일파만파…""지침 적용 안 했다""더니, 합격...","서울과 판교 근무자의 경우 서울대, 연세대, 고려대 등 11개 학교 졸업생이 대상이고, 해외 대학이라면 세계 대학 순위 100위권 이내로 제한했다. 지방 사업장은 주변 거점 국립대와 200위권 해외 대학까지 허용했다. 해당...",2026-09-30 14:12,https://www.thepublic.kr/news/articleView.html?idxno=320581,https://www.thepublic.kr/news/articleView.html?idxno=320581
연세대학교,뉴스웨이,K증시 세일즈맨 된 이억원…광폭행보에도 남은 세 가지 과제,"어준경 연세대학교 경영대학 교수는 뉴스웨이와의 통화에서 ""해외 투자자나 나스닥·DTCC 같은 시장 인프라 기관을 직접 만나 한국 시장을 홍보하는 것은 좋은 일""이라면서도 ""다만 보여주기식 행보에 머물지 않으려면...",2026-09-30 14:12,https://www.newsway.co.kr/news/view?ud=2026093010533564037,https://www.newsway.co.kr/news/view?ud=2026093010533564037
고려대학교,이투데이,"한양대 ERICA, 숙련공 노하우 AI로 구현⋯금형 지능형 가이드 개발","이투데이=강문정 기자 | 한양대학교 ERICA가 숙련공의 경험과 감각을 인공지능(AI)으로 데이터화해 금형... 이번 과제에는 주관연구개발기관인 자이컨시를 비롯해 한양대 ERICA와 아이젠, 한국생산기술연구원, 고려대, 미국...",2026-09-30 14:10,https://www.etoday.co.kr/news/view/2630906,https://www.etoday.co.kr/news/view/2630906
연세대학교,바이오타임즈,"백장현 교수, 국제종합학술대회 시덱스 ONE-DAY MASTER CLASS서 라미네이...",국내 치과계의 주요 학술행사인 SIDEX(시덱스)에서 서울대·연세대·경희대 교수진과 함께 강연을 진행해 더욱 뜻깊은 자리가 됐다. 송도 백장현치과 백 원장의 강연 주제는 '블랙트라이앵글과 다이아스테마의 정복...,2026-09-30 14:08,https://www.biotimes.co.kr/news/articleView.html?idxno=34820,https://www.biotimes.co.kr/news/articleView.html?idxno=34820
서울대학교,바이오타임즈,"백장현 교수, 국제종합학술대회 시덱스 ONE-DAY MASTER CLASS서 라미네이...",국내 치과계의 주요 학술행사인 SIDEX(시덱스)에서 서울대·연세대·경희대 교수진과 함께 강연을 진행해 더욱 뜻깊은 자리가 됐다. 송도 백장현치과 백 원장의 강연 주제는 '블랙트라이앵글과 다이아스테마의 정복...,2026-09-30 14:08,https://www.biotimes.co.kr/news/articleView.html?idxno=34820,https://www.biotimes.co.kr/news/articleView.html?idxno=34820
서울대학교,메디소비자뉴스,"""신약 등재에만 28개월…중증·희귀질환 치료접근성 붕괴위기""","울산의대 서울아산병원 소아청소년과 교수는 희귀유전질환 치료 현장의 신약 도입 장벽과 제도적 한계를... ""재정부담 원인, 고령화 아닌 특허만료 약제비""…선등재·후평가 주문 권용진 서울대학교병원 공공진료센터...",2026-09-30 14:08,http://www.medisobizanews.com/news/articleView.html?idxno=142712,http://www.medisobizanews.com/news/articleView.html?idxno=142712
서울대학교,헤럴드경제,장애인 1400명 함께한 음악회…기아 ‘초록여행’ 문화예술로 확대,기아는 지난 29일 서울 종로구 국립민속박물관에서 제2회 ‘여행하는 선율: 초록여행×런피아노’를 개최했다고 30일 밝혔다. ‘런피아노’는 피아니스트 박종화 서울대 교수가 이끄는 이동형 음악회다. 정해진...,2026-09-30 14:07,https://biz.heraldcorp.com/article/10889064?ref=naver,https://n.news.naver.com/mnews/article/016/0002703777?sid=101
서울대학교,스마트비즈엔,내년 서울 공립 중등교사 584명 선발···전년 대비 316명 감소,"서울농학교와 한국우진학교가 특수학교 중등교사를 각각 4명씩, 서울대학교사범대학부설중학교가 국어교사 2명을 뽑는다. 사립햑교 교사는 학교법인 76개(109개교)로부터 1차 시험을 위탁받아 24개 과목에서 201명을...",2026-09-30 14:06,https://www.smartbizn.com/news/articleView.html?idxno=155222,https://www.smartbizn.com/news/articleView.html?idxno=155222
고려대학교,데일리안,"한진, 최종석 정책기획담당 부사장 선임",1970년생인 최 신임 부사장은 서울대학교 사회복지학과를 졸업하고 미국 코넬대학교 노사관계대학원에서 석사 학위를 받았다. 이후 고려대학교에서 경영학 박사 학위를 취득했다. 행정고시 합격 후 고용노동부...,2026-09-30 14:05,https://www.dailian.co.kr/news/view/1696036/?sc=Naver,https://n.news.naver.com/mnews/article/119/0003137994?sid=101
서울대학교,데일리안,"한진, 최종석 정책기획담당 부사장 선임","1970년생인 최 신임 부사장은 서울대학교 사회복지학과를 졸업하고 미국 코넬대학교 노사관계대학원에서... 행정고시 합격 후 고용노동부 사무관으로 공직에 입문해 대통령실 고용노사비서관실 행정관, 서울지방노동위원...",2026-09-30 14:05,https://www.dailian.co.kr/news/view/1696036/?sc=Naver,https://n.news.naver.com/mnews/article/119/0003137994?sid=101
서울대학교,헤럴드경제,"조희대, 부친상 조의금 봉투째 전부 돌려줬다","30일 중앙일보에 따르면, 조 대법원장의 서울대 법대·사법연수원 동기인 안홍렬 변호사(68·사법연수원 13기)는 30일 서울대 법대 전체 대화방에 글을 올리고 “장례를 치른 후 대법원의 인사 의전관이라면서 사무실에...",2026-09-30 14:05,https://biz.heraldcorp.com/article/10889062?ref=naver,https://n.news.naver.com/mnews/article/016/0002703776?sid=102
고려대학교,톱스타뉴스,"BTS RM, 국중박에 1억원 기부 이유?…""소장품 구입에 써주길""","2025년 서울아산병원에 1억 원, 고려대학교의료원에 발전기금 1억 원 등 총 2억 원을 기부했다. 또 군 복무 당시 국가보훈부의 '제복근무자 감사 캠페인'에 동참하며 보훈기금 1억 원을 기부했다. 이외에도 전문가 양성을...",2026-09-30 14:04,https://www.topstarnews.net/news/articleView.html?idxno=16229146,https://www.topstarnews.net/news/articleView.html?idxno=16229146
서울대학교,HORTITIMES,"위캔캠프, 자기주도학습 돕는 겨울방학캠프 '슈퍼 얼리버드' 모집","사진=위캔캠프 제공 한국진로개발원(대표 이원석)이 주관하는 서울대캠프 위캔캠프가 2027년 겨울방학캠프... 서울대학교 출신 공신 멘토진이 참여해 과목별 공부 전략과 시간 관리, 목표 설정 방법 등을 안내하고, 실제...",2026-09-30 14:04,http://www.hortitimes.com/news/articleView.html?idxno=34418,http://www.hortitimes.com/news/articleView.html?idxno=34418
서울대학교,SEOULTIMES,"한국타이어, IDEA 디자인 어워드서 본상 2건 수상",가능 [서울타임즈뉴스 = 허성미 기자] 한국타이어앤테크놀로지(이하 한국타이어)는 미국... 서울대학교 순환디자인연구실 디스코랩(DISCO Lab)과 공동 개발했다. 블래더를 분말 형태로 가공해 가구와 브릭...,2026-09-30 14:03,https://www.seoultimes.news/news/article.html?no=2000100388,https://www.seoultimes.news/news/article.html?no=2000100388
연세대학교,뉴시스,"한라대 학생들, 강원권 AI·SW 페스티벌서 수상","강원대 60주년기념관에서 열린 이번 행사에는 한라대를 비롯 한림대, 강원대, 연세대 미래캠퍼스 등이 참여했다. 현장에서는 각 대학의 교육 현황 소개와 관계기관 간담회를 비롯해 우수 프로젝트 경진대회, 작품...",2026-09-30 14:03,https://www.newsis.com/view/NISX20260930_0003808903,https://n.news.naver.com/mnews/article/003/0014223926?sid=102
서울대학교,아주경제,근로복지공단 이사장에 박승흡 전 전태일재단 이사장…첫 노동운동가 출...,"박 이사장은 서울대 국어교육학과를 졸업한 뒤 1999년 한국비정규노동센터를 설립해 초대 소장을 맡았다. 이후 매일노동뉴스 발행인과 회장, 서울시 일자리위원회 공동위원장, 강원평화경제연구소 이사장 등을 거쳤다....",2026-09-30 14:02,https://www.ajunews.com/view/20260930134754449,https://www.ajunews.com/view/20260930134754449
연세대학교,이데일리,서울시 '2530 장애인 일상활력' 1년…장애인 공공일자리 11.6%↑,"이날 박람회에서는 발달장애 전문가인 천근아 연세대 의과대학 교수의 명사특강과 장애인식개선 특강, 장애예술인 공연, 중증장애인 미술작품 전시 등 각종 문화·교육 프로그램이 진행됐다. 이어서 진행된...",2026-09-30 14:02,https://www.edaily.co.kr/News/Read?newsId=03991766645585368&mediaCodeNo=257&utm_source=naver&utm_medium=referral&utm_campaign=news_syndication&utm_content=original_article,https://n.news.naver.com/mnews/article/018/0006377710?sid=102
연세대학교,이투데이,"“2530 장애인 일상활력 프로젝트 성과는?”…서울시, ‘2026 장애인정책...","아울러 발달장애·자폐스펙트럼 분야의 권위자인 천근아 연세대 교수가 영유아 발달장애 조기 개입의 중요성을 주제로 명사 특강을 진행하며 장애인식 개선 특강과 장애예술인의 문화 공연, 미술작품 전시 등 풍성한...",2026-09-30 14:02,https://www.etoday.co.kr/news/view/2630780,https://www.etoday.co.kr/news/view/2630780
서울대학교,한국경제,"수박 껍질 깎아주고, 두고 온 물건 보내주고…김난도 교수가 꼽은 '단골...","김난도 서울대 소비자학과 교수는 30일 서울 중구 한국프레스센터에서 열린 '트렌드 코리아 2027' 출간 기자간담회에서 이 같은 내용을 담은 소비트렌드 키워드를 발표했다. 김 교수는 ""성능이나 스펙 경쟁이 한계에 이른...",2026-09-30 14:02,https://www.hankyung.com/article/202609304006g,https://n.news.naver.com/mnews/article/015/0005337594?sid=101
서울대학교,연합뉴스,"김난도 ""AI 필수 시대로…사람의 안목·흔적·실행력 중요""","김난도 서울대 소비자학과 명예교수가 2027년 대한민국을 관통하는 핵심으로 지난해에 이어 다시 한번... 김난도 교수는 30일 서울 중구 프레스센터에서 열린 '트렌드 코리아 2027' 출간 간담회에서 ""AI는 이제 일상...",2026-09-30 14:01,https://www.yna.co.kr/view/AKR20260930110700005?input=1195m,https://n.news.naver.com/mnews/article/001/0016346902?sid=103
서울대학교,전자신문,과총 창립 60돌 “과학기술로 함께 여는 사람 중심 미래 실현”,"과총은 30일 서울 강남구 과학기술회관에서 열린 창립 60주년 기념식에서 '과학기술로 함께 여는 사람 중심... 권오남 과총 회장(서울대 교수)은 “지난 60년이 과학기술인의 힘을 모으는 시간이었다면, 앞으로는 그 힘을...",2026-09-30 14:01,https://www.etnews.com/20260930000226,https://n.news.naver.com/mnews/article/030/0003471158?sid=105
서울대학교,아시아경제,"박승흡 전 전태일재단 이사장, 근로복지공단 제11대 이사장 취임","박 이사장은 춘천고와 서울대 국어교육학과를 졸업하고 숭실대에서 노동경제학 석사학위를 취득했다. 1999년 한국비정규노동센터를 설립했으며 국가인권위원회 차별금지법제정 추진위원, 매일노동뉴스 대표이사, 서울시...",2026-09-30 14:00,https://view.asiae.co.kr/article/2026093013293671545,https://n.news.naver.com/mnews/article/277/0005822827?sid=101
서울대학교,디지털타임스,"[오늘의 DT인] “中, 10년 뒤 美 앞설 것”… ETRI, ‘국가임무 연구기관...","지난 5월 취임한 박 원장은 서울대 전기공학과를 졸업하고, 미국 펜실베니아대 시스템공학 박사학위를 취득한 통신 네트워크와 AI·ICT 분야 전문가다. 미국 AT&T 벨 연구소 연구원을 거쳐 1994년부터 서울대...",2026-09-30 14:00,https://www.dt.co.kr/article/12086652?ref=naver,https://n.news.naver.com/mnews/article/029/0003050692?sid=105
서울대학교,뉴시스,근로복지공단 수장에 박승흡 전 전태일재단 이사장,"서울대학교 국어교육학과를 졸업한 박 신임 이사장은 숭실대학교에서 노동경제학 석사학위를 취득했다.... 대표이사, 서울시 일자리위원회 공동위원장 등을 역임했다. 최근에는 민주주의시민연대포럼 상임대표...",2026-09-30 14:00,https://www.newsis.com/view/NISX20260930_0003808788,https://n.news.naver.com/mnews/article/003/0014223908?sid=102
서울대학교,ABC뉴스,비올리스트 이준서 독주회...'비외땅의 색채',"이준서는 서울대학교 음악대학을 졸업 후, 부천필하모닉오케스트라 상임단원과 청주시립교향악단 부수석을 역임했다. 24년이 넘는 오케스트라 활동을 바탕으로 현재 양주시립교향악단, 광주필하모니오케스트라...",2026-09-30 14:00,https://www.abcn.kr/news/articleView.html?idxno=92511,https://www.abcn.kr/news/articleView.html?idxno=92511
연세대학교,뉴스1,"서울시, 장애인 맞춤형 일자리 428개 발굴…공공일자리 11.6%↑","발달장애·자폐스펙트럼 분야 전문가인 천근아 연세대 의과대학 교수의 '발달장애 조기개입의 중요성' 특강과 장애인식개선 강연, 장애예술인 공연과 중증장애인 미술작품 전시도 진행됐다. 서울시는 박람회에서 나온...",2026-09-30 14:00,https://www.news1.kr/local/moi/6305714,https://n.news.naver.com/mnews/article/421/0009200743?sid=102
연세대학교,더팩트,장애인 일상활력 프로젝트 1년…일자리·돌봄 성과 공유,영유아 발달장애·자폐스펙트럼 분야 전문가인 천근아 연세대 의과대학 교수가 명사특강을 진행한다. 이어 이미영 한국장애인개발원 전문강사의 장애인식개선 특강도 마련된다. 장애에 대한 편견을 줄이고 장애...,2026-09-30 14:00,https://news.tf.co.kr/read/life/2371179.htm,https://n.news.naver.com/mnews/article/629/0000538119?sid=102
서울대학교,뉴스1,"박승흡 근로복지공단 이사장 취임 ""임금체불 '제로' 사회 앞당길 것""","서울대 국어교육학과를 졸업하고, 숭실대학교에서 노동경제학 석사학위를 취득했다. 박 이사장은 1999년 한국비정규노동센터를 설립했으며 국가인권위원회 차별금지법제정 추진위원, 매일노동뉴스 대표이사, 서울시...",2026-09-30 14:00,https://www.news1.kr/local/ulsan/6306032,https://n.news.naver.com/mnews/article/421/0009200747?sid=102
연세대학교,머니투데이,교통부터 주거까지 장애인정책 한자리에…서울장애인정책박람회 개최,"영유아 발달장애·자폐스펙트럼 분야 전문가인 천근아 연세대 의과대학 교수가 특강도 진행한다. 천 교수는 '발달장애 조기개입의 중요성'을 주제로, 영유아 뇌 발달의 결정적 시기와 조기개입의 필요성과 조기개입이...",2026-09-30 14:00,https://www.mt.co.kr/policy/2026/09/30/2026093010524110657,https://n.news.naver.com/mnews/article/008/0005420325?sid=102
고려대학교,메디파나뉴스,"복지부-건강증진개발원, 30일 '미래 건강전략 포럼' 개최","종합토론에서는 윤석준 고려대 의대 교수를 좌장으로 데이터 기반 정책의 한계와 투자 방향에 대한 논의가 진행됐다. 전문가들은 기관별로 파편화돼 축적된 건강수명, 건강조사, 건강보험 빅데이터를 유기적으로...",2026-09-30 14:00,https://www.medipana.com/news/articleView.html?idxno=418485,https://www.medipana.com/news/articleView.html?idxno=418485
연세대학교,연합뉴스,장애인 일자리부터 이동·돌봄까지…'서울장애인정책박람회',"또 영유아 발달장애·자폐스펙트럼 분야 전문가인 천근아 연세대 의과대학 교수의 명사특강과 이미영 한국장애인개발원 전문강사의 장애인식개선 특강도 마련된다. 서울시는 ""이번 박람회에서 공유된 장애인 당사자와...",2026-09-30 14:00,https://www.yna.co.kr/view/AKR20260930027300004?input=1195m,https://n.news.naver.com/mnews/article/001/0016346892?sid=102
연세대학교,파이낸셜뉴스,"서울 장애인 공공일자리 5712개로 확대…서울시, 1년 성과공유","영유아 발달장애·자폐스펙트럼 분야 전문가인 천근아 연세대 의과대학 교수는 '발달장애 조기개입의 중요성'을 주제로 강연한다. 장애인식개선 특강과 장애예술인 공연, 중증장애인 미술작품 전시 등도 마련된다....",2026-09-30 14:00,https://www.fnnews.com/news/202609301143185696,https://n.news.naver.com/mnews/article/014/0005582956?sid=102
서울대학교,한국경제,박승흡 제11대 근로복지공단 이사장 취임,"박 이사장은 서울대 국어교육학과를 졸업한 뒤 1999년 한국비정규노동센터를 설립해 초대 소장을 맡았다. 이후 매일노동뉴스 발행인과 회장, 서울시 일자리위원회 공동위원장 등을 역임했다. 최근에는...",2026-09-30 14:00,https://www.hankyung.com/article/202609304652h,https://n.news.naver.com/mnews/article/015/0005337592?sid=102
서울대학교,BBS NEWS,근로복지공단 '제11대 이사장'에 박승흡... 전 전태일재단 이사장 취임,"박 이사장은 서울대 국어교육학과를 졸업하고 숭실대에서 노동경제학 석사학위를 받았으며, 한국비정규노동센터 설립과 매일노동뉴스 대표이사, 서울시 일자리위원회 공동위원장, 전태일재단 이사장 등을 지냈습니다.",2026-09-30 14:00,https://news.bbsi.co.kr/news/articleView.html?idxno=4109469,https://news.bbsi.co.kr/news/articleView.html?idxno=4109469
서울대학교,베리타스알파,전북대 허석모 교수 '백년양치질' 출간.. '하루 세 번보다 한 번 제대로...,"허 교수는 서울대 치과대학을 졸업한 뒤 미국 뉴욕주립대 버펄로 치과대학에서 치주과 전문의 과정을 마쳤고, 같은 대학원에서 구강생물학 박사학위를 받았다. 현재 전북대 치과대학 치주과학교실 교수이자 전북대...",2026-09-30 13:58,https://www.veritas-a.com/news/articleView.html?idxno=630032,https://www.veritas-a.com/news/articleView.html?idxno=630032
고려대학교,전자신문,"KTL, 김선기 원장 취임…“첨단기술 인증역량 강화”","김 원장은 강원 횡성군 출신으로 고려대 사회학과를 졸업하고, 미국 카네기멜론대학교 대학원에서 정보통신기술 석사 학위를 취득했다. △한국도시가스협회 상근부회장 △대한무역투자진흥공사(KOTRA)...",2026-09-30 13:58,https://www.etnews.com/20260930000259,https://n.news.naver.com/mnews/article/030/0003471147?sid=100
연세대학교,데이터솜,"대웅제약, 송도에 '첨단바이오의약품 제조소' 개소","지역 대학과 연구기관, 의료기관 등과 협력해 연구 결과를 임상으로 연결하는 산·학·연·병 협업 체계를 구축할 계획이다. 개소식에는 보건복지부와 인천경제자유구역청, 범부처재생의료기술개발사업단, 연세대학교 등...",2026-09-30 13:58,https://www.datasom.co.kr/news/articleView.html?idxno=210172,https://www.datasom.co.kr/news/articleView.html?idxno=210172
서울대학교,엑스포츠뉴스,"김연자, 일본서 1000억 벌었는데...귀국 땐 빈손, 전남편에게 돈 맡겨 (...",부산대학교와의 인연을 공개한다. 이어 15세에 상경해 낮에는 공장에서 일하고 밤에는 무대에 올랐던... 고등학생 시절 '개미박사' 최재천의 책을 접한 뒤 동물 행동학자의 꿈을 키웠다는 그는 서울대학교에서 6년간...,2026-09-30 13:58,https://www.xportsnews.com/article/2202447,https://m.entertain.naver.com/article/311/0002063750
고려대학교,연합뉴스,한국산업기술시험원 김선기 제17대 원장 취임…임기 3년,"강원 횡성군 출신인 김 원장은 고려대 사회학과를 졸업하고 미국 카네기멜론대에서 정보통신기술 석사 학위를 취득했다. 이후 산업통상자원부 수소경제정책관, 자원안보정책과장, 대통령 직속 국가균형발전위원회...",2026-09-30 13:56,https://www.yna.co.kr/view/AKR20260930112700052?input=1195m,https://n.news.naver.com/mnews/article/001/0016346871?sid=102
고려대학교,한국강사신문,"고려대학교 김경헌 교수팀, 경북대와 항암제 핵심 원료, 흔한 당으로 만...",[사진출처=고려대학교] 고려대학교 생명과학대학 식품공학과 및 대학원 융합생명공학과 김경헌 교수 연구팀과 경북대학교 식품공학부 김동현 교수 연구팀이 자연계에 흔한 당인 D-리보오스를 항암제와 B형 간염...,2026-09-30 13:56,https://www.lecturernews.com/news/articleView.html?idxno=211326,https://www.lecturernews.com/news/articleView.html?idxno=211326
서울대학교,신아일보,전국 청년 도예작가 70여명 양구 집결…장작가마 캠프 개최,"강릉원주대학교와 서울대학교, 홍익대학교를 비롯해 전국 18개 대학 소속 작가들이 함께한다. 참가자들은 1일부터 2일까지 양구백토마을 장작가마에서 공동 번조를 진행한다. 2일에는 공동작업장에서 워크숍과...",2026-09-30 13:56,https://www.shinailbo.co.kr/news/articleView.html?idxno=5067385,https://www.shinailbo.co.kr/news/articleView.html?idxno=5067385
연세대학교,메가경제,"최수연 네이버 대표, UN글로벌콤팩트 이사회 참석","한편, 네이버는 서울대학교 유병준 교수 연구팀과 연세대학교 최보름 교수 연구팀이 공동으로 연구한 ‘D-커머스 리포트 2026: 스마트스토어 10년 진화 경로 보고서’를 이날 발간했다.",2026-09-30 13:54,https://www.megaeconomy.co.kr/news/newsview.php?ncode=1065588708905726,https://www.megaeconomy.co.kr/news/newsview.php?ncode=1065588708905726
서울대학교,메가경제,"최수연 네이버 대표, UN글로벌콤팩트 이사회 참석","한편, 네이버는 서울대학교 유병준 교수 연구팀과 연세대학교 최보름 교수 연구팀이 공동으로 연구한 ‘D-커머스 리포트 2026: 스마트스토어 10년 진화 경로 보고서’를 이날 발간했다.",2026-09-30 13:54,https://www.megaeconomy.co.kr/news/newsview.php?ncode=1065588708905726,https://www.megaeconomy.co.kr/news/newsview.php?ncode=1065588708905726
서울대학교,데일리벳,‘중성화수술 최소 1회 집도를 졸업 요건으로’ 서울대 수의대 중성화 ...,한다”서울대학교 수의과대학이 미국수의사회(AVMA) 교육 인증을 다시 획득하면서 교육위원회(Council of... 미드웨스턴대학교 수의과대학 레이첼 크라이슬러(Rachael E. Kreisler) 교수팀이 올해 4월 수의교육학회지(JVME)에...,2026-09-30 13:52,https://www.dailyvet.co.kr/news/college/298668,https://www.dailyvet.co.kr/news/college/298668
고려대학교,불교공뉴스,[2026 산학연협력 EXPO] 최교진 장관 '협력 성과' 국립한국교통대 등 시...,"대학과 지역의 협력 성과를 공유하는 '2026 산학연협력 EXPO'가 30일 경기 일산 킨텍스에서 개막한 가운데... 고려대학교 세종캠퍼스와 한라대학교, 울산대학교, 국립창원대학교, 전주기전대학교 등이 지역혁신 분야별 대표...",2026-09-30 13:50,https://www.bzeronews.com/news/articleView.html?idxno=823256,https://www.bzeronews.com/news/articleView.html?idxno=823256
서울대학교,라포르시안,"한국원자력의학원, 임일한 신임 원장 취임...""키람스 드림 실현""","취임식에는 우원식 국회의원을 비롯해 김동환 서울과학기술대학교 총장, 배충식 KAIST 총장, 윤도영... 임일한 신임 원장은 서울대학교 의과대학을 졸업하고 동 대학에서 핵의학 박사 학위를 취득했다. 원자력병원...",2026-09-30 13:50,https://www.rapportian.com/news/articleView.html?idxno=240845,https://www.rapportian.com/news/articleView.html?idxno=240845
서울대학교,매일일보,전남광주특별시 초대 산업경제부시장에 강명수…산업·통상 전문가,강 신임 부시장은 나주 출신으로 광주제일고와 서울대학교 경제학과를 졸업하고 서울대 행정학 석사와 미국 미주리대 경제학 박사 학위를 받았다. 제35회 행정고시로 공직에 입문해 지식경제부 수출입과장과...,2026-09-30 13:50,https://www.m-i.kr/news/articleView.html?idxno=2000855,https://www.m-i.kr/news/articleView.html?idxno=2000855
서울대학교,머니투데이,"기아, 장애인 1400명과 음악회…'초록여행' 문화예술로 넓힌다",이번 공연은 '예술로 하나되는 우리'를 주제로 서울발달장애인사생대회와 연계해 진행됐다. '초록여행 x 런피아노'는 기아가 피아니스트 박종화 서울대 교수의 프로젝트팀 '런피아노'와 함께하는 찾아가는 음악회다....,2026-09-30 13:49,https://www.mt.co.kr/industry/2026/09/30/2026093012442036873,https://n.news.naver.com/mnews/article/008/0005420311?sid=101
서울대학교,이코노믹리뷰,"[포토] ""일단 찍고 나중에 고른다""…2027 키워드 '저장인류'",김난도 서울대 교수는 9월 25일 서울 중구 프레스센터에서 열린 '트렌드 코리아 2027' 출간 기자간담회에서 2027년 키워드 가운데 '저장인류'를 소개했다. 저장 비용이 낮아지고 AI 검색 기술이 발달하면서 필요한 정보를...,2026-09-30 13:48,https://www.econovill.com/news/articleView.html?idxno=752275,https://www.econovill.com/news/articleView.html?idxno=752275
연세대학교,충청타임즈,"순천향대, AI 중심대학·AX대학원 잇따라 선정",▲ 연세대학교 백양누리홀에서 열린 'AI중심대학·AX대학원 공동 출범식'에서 송병국 순천향대 총장... 인공지능혁신대학원 현판을 들고 기념촬영을 하고 있다. 순천향대제공 충남 아산 순천향대학교가 정부의...,2026-09-30 13:48,http://www.cctimes.kr/news/articleView.html?idxno=930073,http://www.cctimes.kr/news/articleView.html?idxno=930073
서울대학교,CNB저널,"관악구, '제6회 SNU Bio-Day'에 관악중소벤처진흥원과 함께 참여...관악S...",문화경제 CNB저널 | CNB저널 | 씨앤비저널 서울 관악구(구청장 박준희)가 바이오 연구·산업 교류의 장에서 관악S밸리의 창업지원 정책을 알리고 혁신기업과의 접점을 넓혔다. 구는 지난 29일 서울대학교 호암교수회관...,2026-09-30 13:48,https://www.cnbizm.com/news/articleView.html?idxno=316643,https://www.cnbizm.com/news/articleView.html?idxno=316643
연세대학교,디지털투데이,[데일리픽] XRP 강세론 재점화…테슬라·스페이스X 합병 변수 등장,"■ AI 전공자만 키우던 시대 끝…대학, 'AI 인재공장'으로 변신 중 정부의 AI 인재 양성 정책이 대학 교육체... 과학기술정보통신부는 29일 서울 연세대학교에서 'AI중심대학·AX대학원 공동 출범식'을 개최했다. 올해...",2026-09-30 13:48,https://www.digitaltoday.co.kr/news/articleView.html?idxno=703916,https://www.digitaltoday.co.kr/news/articleView.html?idxno=703916
서울대학교,데일리안,"서울 관악구, SNU Bio-Day서 창업지원 정책 홍보",관악구는 지난 29일 서울대학교 호암교수회관 삼성컨벤션센터에서 열린 ‘제6회 SNU Bio-Day’에... 관악S밸리는 서울대학교의 인적·기술적 자원과 관악구의 창업지원 인프라를 연계해 혁신기업이 모이고 성장하는 도시형...,2026-09-30 13:47,https://www.dailian.co.kr/news/view/1696225/?sc=Naver,https://n.news.naver.com/mnews/article/119/0003137973?sid=102
고려대학교,매일신문,"도구로보틱스, 美 볼주립대와 로봇 전시 서비스 계약…산학협력 성과",국내에서는 고려대 구로병원과 동대문구청 등에서 안내와 홍보 콘텐츠 제공에 활용되고 있다. 도구로보틱스는 이번 전시를 계기로 미국 대학·산업계와 교류를 확대하고 교육·연구·공공서비스 분야에서 로봇 활용...,2026-09-30 13:47,https://www.imaeil.com/page/view/2026093013454596318,https://n.news.naver.com/mnews/article/088/0001031404?sid=101
연세대학교,전자신문,"웅진, 글로벌 IT 인재 발굴 '말레이 유학생 교류회' 개최","올해는 고려대·성균관대·연세대·한양대 등 4개 대학에서 정보시스템, 데이터, 컴퓨터, SW 등을 전공하는 유학생들이 참여했다. 웅진 본부별 주요 사업과 말레이시아법인에 대한 소개를 듣고 현지 사업과 채용에...",2026-09-30 13:47,https://www.etnews.com/20260930000254,https://n.news.naver.com/mnews/article/030/0003471142?sid=105
고려대학교,전자신문,"웅진, 글로벌 IT 인재 발굴 '말레이 유학생 교류회' 개최","올해는 고려대·성균관대·연세대·한양대 등 4개 대학에서 정보시스템, 데이터, 컴퓨터, SW 등을 전공하는 유학생들이 참여했다. 웅진 본부별 주요 사업과 말레이시아법인에 대한 소개를 듣고 현지 사업과 채용에...",2026-09-30 13:47,https://www.etnews.com/20260930000254,https://n.news.naver.com/mnews/article/030/0003471142?sid=105
서울대학교,바이오타임즈,"딥노이드, 180억 원 규모 '한국형 ARPA-H' 참여…노인 정신건강 AI 개발","주관연구개발기관은 삼성서울병원이며, 정신건강의학과 전홍진 교수 연구팀이 과제를 이끈다. 딥노이드를 비롯해 서울대학교, 성균관대학교, 경희대학교병원이 공동연구기관으로 참여한다. 서울대학교병원과...",2026-09-30 13:46,https://www.biotimes.co.kr/news/articleView.html?idxno=34818,https://www.biotimes.co.kr/news/articleView.html?idxno=34818
서울대학교,전국매일신문,박충신 성남상공회의소 사무국장 35년 활동 마무리,특히 박 사무국장은 퇴임 과정에서 받은 특별 격려금 2천만원 전액을 분당서울대학교병원 저소득층 희귀·난치병 환아 치료비로 기부하기로 했다. 그는 상의에서 쌓은 경험과 신뢰를 바탕으로 앞으로도 지역 금융과...,2026-09-30 13:46,https://www.jeonmae.co.kr/news/articleView.html?idxno=1297722,https://www.jeonmae.co.kr/news/articleView.html?idxno=1297722
서울대학교,뉴시스,"'트렌드 코리아' 김난도 ""AI 시대, '알파 양' 돼야""","소비학자 김난도 서울대 명예교수는 30일 미래 전망서 '트렌드 코리아 2027'을 출간했다. 소비 경향, 생활방식 등 내년 다가올 미래를 분석하는 트렌드 도서로, 올해 19번째 책이다. 김 교수는 이날 서울 중구...",2026-09-30 13:45,https://www.newsis.com/view/NISX20260930_0003808816,https://n.news.naver.com/mnews/article/003/0014223862?sid=103
서울대학교,이코노믹리뷰,"김난도 ""AI가 너를 돕게 하라""…AI 시대 필요한 인간 역량 [포토]","김난도 서울대 교수가 9월 25일 '트렌드 코리아 2027' 출간 기자간담회에서 발표하고 있다. 김 교수는 AI 활용에 관해 ""AI가 너를 돕게 해라""고 말했다. AI가 만든 결과를 판단하려면 글쓰기 등 기본 역량과 안목을...",2026-09-30 13:44,https://www.econovill.com/news/articleView.html?idxno=752274,https://www.econovill.com/news/articleView.html?idxno=752274
서울대학교,중도일보,"생명은 어떻게 유지되고, 어떻게 꺼지는가",이제호 박사는 충북 청주 오창읍 출생으로 서울대 의대를 나와 미국 앤더슨암센터 겸임교수와 삼성서울병원 암센터장을 지냈다. 의사직 은퇴 이후에도 의사과학자로서 바이오 관련 기업들을 자문하면서 활발하게...,2026-09-30 13:44,https://www.joongdo.co.kr/web/view.php?key=20260929010008926,https://www.joongdo.co.kr/web/view.php?key=20260929010008926
서울대학교,충남일보,"한국타이어, '2026 IDEA 디자인 어워드' 본상 2건 수상","서울대학교 순환디자인연구실 '디스코랩(DISCO Lab)'과 공동 개발했으며 출품작 '블래더 업사이클링 시리즈'는 블래더 분말을 활용한 가구와 브릭, 라이프스타일 굿즈 등으로 구성됐다. 또한 브릭을 조립해 만든...",2026-09-30 13:42,http://www.chungnamilbo.co.kr/news/articleView.html?idxno=912414,http://www.chungnamilbo.co.kr/news/articleView.html?idxno=912414
연세대학교,OSEN,"20명도 안 되던 야구부가 40명으로, 마침내 첫 프로까지…진영고에 무슨...","지도자로 변신한 뒤에는 모교 연세대에서 수석 코치를 맡아 오랫동안 선수들을 지도했고, 이후 진영고 코치로 자리를 옮겨 현장에서 선수들과 호흡했다. 진영고 사정을 누구보다 가까이에서 지켜본 그는 2024년 11월...",2026-09-30 13:41,http://www.osen.co.kr/article/G1112884824,https://m.sports.naver.com/kbaseball/article/109/0005615714
서울대학교,매일경제,박승흡 근로복지공단 이사장 “산재 노동자 회복 끝까지 지원”,"춘천고와 서울대학교 국어교육학과를 졸업하고, 숭실대학교에서 노동경제학 석사를 마쳤다. 1999년 한국비정규노동센터를 설립했고, 국가인권위원회 차별금지법제정 추진위원, 매일노동뉴스 대표이사, 서울시...",2026-09-30 13:40,https://www.mk.co.kr/article/12164775,https://n.news.naver.com/mnews/article/009/0005741937?sid=102
연세대학교,뉴스티앤티,"성균관대, AI중심대학·AX대학원 출범…'Human+AI' 융합인재 양성",성균관대학교가 AI 교육을 대학 전반으로 확대하고 전공 지식과 인공지능을 결합한 융합인재 양성에 나선다. 성균관대는 지난 29일 연세대학교 백양누리홀에서 열린 'AI중심대학·AX대학원 공동 출범식'에...,2026-09-30 13:40,https://www.newstnt.com/news/articleView.html?idxno=720779,https://www.newstnt.com/news/articleView.html?idxno=720779
연세대학교,포인트데일리,네이버 '스마트스토어 10년 진화 경로 보고서' 발간,네이버가 서울대학교 유병준 교수 연구팀과 연세대학교 최보름 교수 연구팀이 공동으로 연구한 'D-커머스 리포트 2026: 스마트스토어 10년 진화 경로 보고서'를 30일 발간했다. 사진=네이버 네이버가 서울대학교 유병준...,2026-09-30 13:40,https://www.pointdaily.co.kr/news/articleView.html?idxno=320848,https://www.pointdaily.co.kr/news/articleView.html?idxno=320848
서울대학교,포인트데일리,네이버 '스마트스토어 10년 진화 경로 보고서' 발간,네이버가 서울대학교 유병준 교수 연구팀과 연세대학교 최보름 교수 연구팀이 공동으로 연구한 'D-커머스 리포트 2026: 스마트스토어 10년 진화 경로 보고서'를 30일 발간했다. 사진=네이버 네이버가 서울대학교 유병준...,2026-09-30 13:40,https://www.pointdaily.co.kr/news/articleView.html?idxno=320848,https://www.pointdaily.co.kr/news/articleView.html?idxno=320848
서울대학교,이코노믹리뷰,"[포토] 김난도 ""무리에 휩쓸리지 말고 앞서라""…2027년은 '알파 쉽'",김난도 서울대 교수가 9월 25일 '트렌드 코리아 2027' 출간 기자간담회에서 2027년 트렌드를 설명하고 있다. 연구진은 양의 해인 2027년을 관통하는 말로 '알파 쉽(Alpha Sheep)'을 정했다. 김 교수는 변화에 휩쓸리지...,2026-09-30 13:40,https://www.econovill.com/news/articleView.html?idxno=752273,https://www.econovill.com/news/articleView.html?idxno=752273
서울대학교,채널A,“통일 필요” ‘2030’ 4명 중 1명뿐,"[권혁우 / 20대] ""군사적 도발이나 지뢰 설치 같은…저도 입대를 앞두고 있는데 진짜 나의 생명에 지장이 있을 수도 있겠구나."" 서울대 통일평화연구원 조사 결과 통일이 필요하다고 답한 비율은 39%. 20년간의 조사 결과...",2026-09-30 13:39,https://www.ichannela.com/news/main/news_detailPage.do?publishId=000000552896,https://n.news.naver.com/mnews/article/449/0000362501?sid=115
고려대학교,매일신문,"[수사·기소 분리 시대] 〈하〉 보완수사 못하는 공소청, 경찰·중수청 ...","차진아 고려대 법학전문대학원 교수는 ""임의적인 사실확인 절차만으로 경찰이나 중수청 수사의 문제점을 발견하고 사건의 실체까지 밝혀내기는 어렵다""라며 ""장윤기 사건도 검찰이 직접 압수수색하고 CCTV와 저장매체...",2026-09-30 13:39,https://www.imaeil.com/page/view/2026092822152800655,https://n.news.naver.com/mnews/article/088/0001031398?sid=102
연세대학교,파이낸셜뉴스,"성균관대, AI중심대학 출범…""질문·판단하는 인재 키운다""",성균관대는 지난 29일 연세대 백양누리홀에서 열린 'AI중심대학·AX대학원 공동 출범식'에서 이 같은 AI 교육 구상을 밝혔다. AI중심대학과 AX대학원은 과학기술정보통신부와 정보통신기획평가원(IITP)이...,2026-09-30 13:38,https://www.fnnews.com/news/202609301329454064,https://n.news.naver.com/mnews/article/014/0005582938?sid=102
고려대학교,조선비즈,홍삼의 독감 면역력 효과 연구 주목,같은 해 6월 KIST·고려대·건국대 공동연구팀은 국제학술지 파이토메디슨(Phytomedicine)에 홍삼 추출물을 사포닌과 비사포닌 분획으로 나눠 인플루엔자 A 바이러스에 대한 영향을 비교하는 연구를 발표했다. 홍삼 추출물...,2026-09-30 13:38,https://biz.chosun.com/distribution/food/2026/09/30/IWXG2T7TZBFP3BSBEM6RZGFX24/?utm_source=naver&utm_medium=original&utm_campaign=biz,https://n.news.naver.com/mnews/article/366/0001195303?sid=101
고려대학교,물류신문,"한진, '정책기획' 부사장직 신설…최종석 전 안전보안실장 발탁","최 신임 부사장은 1970년생으로 서울대학교 사회복지학과를 졸업한 뒤 미국 코넬대학교 노사관계대학원에서 석사 학위를, 고려대학교에서 경영학 박사 학위를 취득했다. 행정고시에 합격한 뒤 고용노동부 사무관으로 공직...",2026-09-30 13:38,https://www.klnews.co.kr/news/articleView.html?idxno=322916,https://www.klnews.co.kr/news/articleView.html?idxno=322916
서울대학교,물류신문,"한진, '정책기획' 부사장직 신설…최종석 전 안전보안실장 발탁","최 신임 부사장은 1970년생으로 서울대학교 사회복지학과를 졸업한 뒤 미국 코넬대학교 노사관계대학원에서... 행정관, 서울지방노동위원회 사무국장, 주미합중국 대한민국대사관 고용노동관 등을 역임했다. 이후...",2026-09-30 13:38,https://www.klnews.co.kr/news/articleView.html?idxno=322916,https://www.klnews.co.kr/news/articleView.html?idxno=322916
서울대학교,바이오타임즈,"지혜로운의원 지혜 대표원장, 한국초음파학회 추계 학술대회서 강연","고려대학교 의과대학 외래교수로 위촉되기도 했다. 지혜로운의원은 지혜 대표원장이 직접 개발한 자동 포지셔닝 기기를 도입하고 서울대학교병원의 진료 프로세스를 적용해, 당일 검사부터 결과 확인까지 한 번에 마칠 수...",2026-09-30 13:36,https://www.biotimes.co.kr/news/articleView.html?idxno=34817,https://www.biotimes.co.kr/news/articleView.html?idxno=34817
고려대학교,바이오타임즈,"지혜로운의원 지혜 대표원장, 한국초음파학회 추계 학술대회서 강연","최근 고려대학교 의과대학 외래교수로 위촉되기도 했다. 지혜로운의원은 지혜 대표원장이 직접 개발한 자동 포지셔닝 기기를 도입하고 서울대학교병원의 진료 프로세스를 적용해, 당일 검사부터 결과 확인까지 한 번에...",2026-09-30 13:36,https://www.biotimes.co.kr/news/articleView.html?idxno=34817,https://www.biotimes.co.kr/news/articleView.html?idxno=34817
서울대학교,CBC뉴스,"두나무, UIS서 '디지털자산-전통금융 융합' 제안…백악관·아시아 규제당...","두나무가 29일 서울 그랜드 워커힐 서울에서 개최한 '업비트 인스티튜셔널 서밋(Upbit Institutional Summit, UIS)'을... 국내 금융산업 온체인 전환 세션에는 서울대학교 이종섭 교수, 두나무 최원석 해외사업총괄, 하나금융지주...",2026-09-30 13:36,https://www.cbci.co.kr/news/articleView.html?idxno=611002,https://www.cbci.co.kr/news/articleView.html?idxno=611002
서울대학교,MSTODAY,서울대 동문·컨설팅 인맥의 'M&A 카르텔'…미공개정보로 200억 챙겼다,"핵심 혐의자는 30~40대 금융권 인사 약 5명으로, 서울대 경영 관련 동아리와 글로벌 컨설팅회사 등에서 인연을 맺은 뒤 사모펀드 운용사와 상장사 등으로 자리를 옮겨 M&A 업무를 담당한 것으로 파악됐다. ◆ M&A 정보가 '인맥...",2026-09-30 13:34,https://www.mstoday.co.kr/news/articleView.html?idxno=200013,https://www.mstoday.co.kr/news/articleView.html?idxno=200013
연세대학교,이투데이,"성균관대, ‘AI중심대학’ 본격 출범⋯전교생 AI 교육 강화",이투데이=강문정 기자 | 성균관대학교가 전공과 관계없이 모든 학생의 인공지능(AI) 활용 역량을 높이는 ‘AI중심대학’ 체제 구축에 나선다. 성균관대는 전날 연세대 백양누리홀에서 열린 ‘AI중심대학...,2026-09-30 13:32,https://www.etoday.co.kr/news/view/2630874,https://www.etoday.co.kr/news/view/2630874
서울대학교,민중의소리,"두나무 'UIS 2026' 백악관 관계자 등 참석, 디지털자산·전통금융 통합 ...",디지털자산 거래소 업비트를 운영하는 두나무는 지난 29일 서울 광진구 그랜드 워커힐 서울에서 업비트... 국내 금융산업의 온체인 전환을 다룬 세션에서는 이종섭 서울대 경영대학 교수를 좌장으로 최원석 두나무...,2026-09-30 13:28,https://vop.co.kr/A00001696921.html,https://vop.co.kr/A00001696921.html
고려대학교,MBC강원영동,2026 속초 썸머페스티벌 방문객 늘고 소비도 확대,속초시가 고려대 디지털혁신연구센터와 함께 7월 31일부터 8월 2일까지 열린 축제 빅데이터를 분석한 결과 누적 방문객은 10만 8천여 명으로 축제 1주일 전과 비교해 50.5% 늘었고 방문객 85.8%가 외지인이었다고...,2026-09-30 13:28,https://www.mbceg.co.kr/post/140593,https://www.mbceg.co.kr/post/140593
고려대학교,청년의사,"젊은의사협의회, 연대 강화 폭 넓힌다…전공의 넘어 전임의·공보의까지...","젊은의사협의회 허윤정 대외협력이사(고려대구로병원 응급중환자외상외과 교수)는 젊은 의사들의 적극적인 참여를 독려했다. 허 이사는 지난 29일 개인 SNS를 통해 ""사회와 대화하는 법을 배우지 않으면 위기가 왔을 때...",2026-09-30 13:26,http://www.docdocdoc.co.kr/news/articleView.html?idxno=3043169,http://www.docdocdoc.co.kr/news/articleView.html?idxno=3043169
연세대학교,뉴스클레임,"[KT 인사 전망]① 부사장 5명 모두 떠난 KT… 박윤영, 보안·고객 신뢰 회...","◇박현진은 고객, 김봉균은 기업… 계열사 대표 거쳐 본사 복귀 박현진 Customer부문장은 1968년생으로 연세대 경영학과를 졸업하고 같은 대학원에서 경영학 석사를 받았다. KT에서 5G사업본부장과 Customer전략본부장을...",2026-09-30 13:26,https://www.newsclaim.co.kr/news/articleView.html?idxno=3076855,https://www.newsclaim.co.kr/news/articleView.html?idxno=3076855
서울대학교,뉴스클레임,"[KT 인사 전망]① 부사장 5명 모두 떠난 KT… 박윤영, 보안·고객 신뢰 회...",◇연말 인사 제동 뒤 돌아온 박윤영… 기업사업 경력 다시 앞줄에 박윤영 대표는 1962년생으로 서울대... 1968년생으로 서울대 제어계측공학과를 졸업한 김 부사장은 네트워크전략본부장과 강남·서부지역 네트워크...,2026-09-30 13:26,https://www.newsclaim.co.kr/news/articleView.html?idxno=3076855,https://www.newsclaim.co.kr/news/articleView.html?idxno=3076855
연세대학교,매일일보,"인천 영종구, 10월 22일 주민아카데미서 도전과 소통 이야기","다니엘 린데만은 독일 출신으로 연세대학교 국제대학원 국제관계학과를 졸업했으며, JTBC '비정상회담'을 통해 방송 활동을 시작했다. 이후 '특파원 25시' 등 다양한 방송에 출연했으며 방송인과 피아니스트로 활동하고...",2026-09-30 13:24,https://www.m-i.kr/news/articleView.html?idxno=2001143,https://www.m-i.kr/news/articleView.html?idxno=2001143
서울대학교,데일리메디,"한국원자력의학원, 제8대 임일한 원장 취임","이날 행사에는 우원식 前 국회의장과 김동환 서울과학기술대학교 총장, 배충식 KAIST 총장, 윤도영 광운대학교 총장, 최성민 한국원자력학회장, 유영훈 대한핵의학회장 등이 참석했다. 임일한 원장은 서울대학교...",2026-09-30 13:24,https://www.dailymedi.com/news/news_view.php?wr_id=940991,https://www.dailymedi.com/news/news_view.php?wr_id=940991
서울대학교,이코노믹리뷰,2027년 소비자는 어떻게 달라질까…트렌드 코리아가 제시한 10대 키워드...,"김난도 서울대 교수가 9월 25일 서울 중구 프레스센터에서 열린 '트렌드 코리아 2027' 출간 기자간담회에서 2027년 10대 키워드를 발표하고 있다. 김 교수는 AI가 일상의 범용재가 됐다며 기술 자체보다 AI가 사회, 개인...",2026-09-30 13:24,https://www.econovill.com/news/articleView.html?idxno=752271,https://www.econovill.com/news/articleView.html?idxno=752271
서울대학교,투데이에너지,"코트라, 규슈서 '한·일 반도체 매칭데이' 개최","KOTRA는 서울대 SIPC, 한국나노융합산업협회 등과 협업해 참가사를 엄선하고 사전 매칭 중심의 상담을... JETRO, 서울대 SIPC 등의 발표와 질의응답이 진행된다. KOTRA는 이번 매칭데이를 통해 K-소부장 기업의 일본 공급망...",2026-09-30 13:24,https://www.todayenergy.kr/news/articleView.html?idxno=303669,https://www.todayenergy.kr/news/articleView.html?idxno=303669
고려대학교,세계일보,김선기 KTL 신임 원장 “KTL 새로운 도약 이끌겠다”,KTL 제공 김 원장은 강원도 횡성 출신으로 고려대학교 사회학과를 졸업하고 미국 카네기멜론대학교 대학원에서 정보통신기술 석사 학위를 받았다. 약 28년간 산업통상부와 관련 전문 기관에 몸담으며 산업·통상·에너지...,2026-09-30 13:23,https://www.segye.com/newsView/20260930506478?OutUrl=naver,https://n.news.naver.com/mnews/article/022/0004162949?sid=101
서울대학교,머니투데이,"시흥시 ""기술이동부터 투자 연계까지""…서울대와 바이오 기업 육성",경기 시흥시가 서울대학교 중심의 네트워크를 활용해 바이오 특화단지 입지 경쟁력을 알리고 기업 유치와 생태계 구축한다고 30일 밝혔다. 시는 지난 29일 서울대학교 호암교수회관에서 열린 '제6회 서울대 바이오 데이...,2026-09-30 13:23,https://www.mt.co.kr/policy/2026/09/30/2026093013171268590,https://n.news.naver.com/mnews/article/008/0005420283?sid=102
연세대학교,마이데일리,"'대림家 4세' 이주영, '환연2' 박나언과 친했나…의외의 투샷","조지타운 대학교 로스쿨에 입학해 법학을 공부하고 있으며, 연세대학교 로스쿨에서 교환학생으로 있다. 박나언은 홍익대학교 법학과 출신으로 티빙 '환승연애2'에 출연해 얼굴을 알렸다. 올해 1월 미국 로스쿨 합격 소식을...",2026-09-30 13:20,https://www.mydaily.co.kr/page/view/2026093012335350969,https://m.entertain.naver.com/article/117/0004110580
서울대학교,충청뉴스,"IBS 염한웅 단장, 국내 연구기관 물리학자 최초 'PRL' 편집위원 선임","염 단장은 서울대 학사를 거쳐 포스텍 석사, 일본 도호쿠대 박사 학위를 취득했으며, 연세대 교수를 거쳐 2010년부터 포스텍 교수로 재직 중이다. 2013년부터 IBS 원자제어 저차원 전자계 연구단장을 맡고 있으며...",2026-09-30 13:20,http://www.ccnnews.co.kr/news/articleView.html?idxno=415602,http://www.ccnnews.co.kr/news/articleView.html?idxno=415602
연세대학교,충청뉴스,"IBS 염한웅 단장, 국내 연구기관 물리학자 최초 'PRL' 편집위원 선임","국내 대학이나 연구기관에 재직 중인 물리학자가 PRL 편집위원으로 선임된 것은 이번이 최초다. 1958년부터... 염 단장은 서울대 학사를 거쳐 포스텍 석사, 일본 도호쿠대 박사 학위를 취득했으며, 연세대 교수를 거쳐...",2026-09-30 13:20,http://www.ccnnews.co.kr/news/articleView.html?idxno=415602,http://www.ccnnews.co.kr/news/articleView.html?idxno=415602
서울대학교,충청뉴스,"화학연, 소재·AI 전문가 초청 글로벌 R&D 포럼","알렉산더 대학교 크리스토프 J. 브라베츠 교수가 차세대 반도체 설계 원리를 발표했다. 이어 서울대 한상수... 앞서 화학연은 지난 2월 차세대 이차전지 국제포럼을, 5월 제18회 서울 국제 신약포럼을 개최한 바 있다....",2026-09-30 13:20,http://www.ccnnews.co.kr/news/articleView.html?idxno=415599,http://www.ccnnews.co.kr/news/articleView.html?idxno=415599
고려대학교,라온뉴스,K팝부터 트로트·발라드까지...10월 첫 주말 달굴 공연,서울 고려대학교 화정체육관에서 단독 콘서트 'TAK SHOW5'(이하 탁쇼5)를 개최한다. 탁쇼5는 2022년 전국 8개... 가수 윤종신은 다음달 2일부터 4일까지 서울 NOL씨어터 대학로 우리카드홀에서 '2026 윤종신 전국투어...,2026-09-30 13:20,https://www.raonnews.com/news/article.html?no=61514,https://www.raonnews.com/news/article.html?no=61514
연세대학교,주간한국,"순천향대, AI 인재 사업에 278억원 투입…'전주기 체계' 구축",지난 29일 연세대학교 백양누리홀에서 열린 'AI중심대학·AX대학원 공동 출범식'에서 송병국 순천향대 총장... 인공지능혁신대학원 현판을 들고 기념 촬영을 하고 있다. 사진=순천향대 순천향대학교가...,2026-09-30 13:18,https://weekly.hankooki.com/news/articleView.html?idxno=7186648,https://weekly.hankooki.com/news/articleView.html?idxno=7186648
서울대학교,투데이코리아,"세종대 미래교육원, '2026 세종국제음악제' 성료","투데이코리아=이기봉 기자 | 세종대학교 미래교육원이 주최한 '2026 세종국제음악제'가 입상자 연주회와... 이어 각 부문 최우수상인 세종대 총장상은 이윤서(대전상원초), 이효민(부산예고), 유지호(서울대) 학생이 받았다....",2026-09-30 13:18,https://www.todaykorea.co.kr/news/articleView.html?idxno=406611,https://www.todaykorea.co.kr/news/articleView.html?idxno=406611
서울대학교,매일경제,"한국타이어, ‘2026 IDEA 디자인 어워드’ 본상 2관왕","서울대학교 순환디자인연구실 ‘디스코랩’과 공동 개발했으며 블래더 분말로 제작한 가구와 브릭, 라이프스타일 굿즈 등으로 구성됐다. 이번 수상으로 리무브는 올해 레드닷 디자인 어워드 본상과 A’ 디자인...",2026-09-30 13:16,https://www.mk.co.kr/article/12164756,https://n.news.naver.com/mnews/article/009/0005741924?sid=101
연세대학교,한국대학신문,"순천향대, AI 중심대학 이어 AX대학원 선정…AI 인재양성 전주기 체계 구...",29일 연세대 백양누리홀에서 열린 'AI중심대학·AX대학원 공동 출범식'에서 송병국 순천향대 총장(오른쪽)... 인공지능혁신대학원 현판을 들고 기념촬영을 하고 있다. (사진=순천향대)  순천향대학교가...,2026-09-30 13:14,https://news.unn.net/news/articleView.html?idxno=598083,https://news.unn.net/news/articleView.html?idxno=598083
서울대학교,이코노믹리뷰,"[포토] 김난도 ""AI는 범용재가 됐다""…2027 소비 키워드 공개",김난도 서울대 교수가 9월 25일 서울 중구 프레스센터에서 열린 '트렌드 코리아 2027' 출간 기자간담회에서 2027년 10대 키워드를 소개했다. 사진=김연제 기자,2026-09-30 13:14,https://www.econovill.com/news/articleView.html?idxno=752270,https://www.econovill.com/news/articleView.html?idxno=752270
연세대학교,충남일보,"목원대, 전교생 AI 교육 나선다… 435억 원 투입",(사진제공=목원대학교) 목원대학교가 8년간 국고사업비 212억 원과 교비 223억 원 등 435억 원을 투입해 대학 교육체계를 AI 중심으로 바꾼다. 목원대는 지난 29일 연세대에서 열린 'AI중심대학·AX대학원 공동 출범식...,2026-09-30 13:12,http://www.chungnamilbo.co.kr/news/articleView.html?idxno=912407,http://www.chungnamilbo.co.kr/news/articleView.html?idxno=912407
서울대학교,ABC뉴스,"대금 연주가 이결, 대금정악 시리즈 IV '가즌회상' 개최","한편 이결은 국립국악고와 서울대 국악과를 졸업하고 동 대학원에서 석·박사 학위를 받았다. 국가무형유산 종묘제례악과 대금정악, 서울시무형유산 삼현육각 이수자로 제24회 전국국악경연대회 관악부문 금상을 수상한...",2026-09-30 13:12,https://www.abcn.kr/news/articleView.html?idxno=92505,https://www.abcn.kr/news/articleView.html?idxno=92505
서울대학교,후생신보,임일한 한국원자력의학원장 취임…“방사선의학 새 길 개척”,"이날 취임식에는 우원식 국회의원을 비롯해 김동환 서울과학기술대학교 총장, 배충식 KAIST 총장, 윤도영... 임 원장은 서울대학교 의과대학을 졸업하고 같은 대학에서 핵의학 박사학위를 취득했다. 이후 원자력병원...",2026-09-30 13:12,http://www.whosaeng.com/174073,http://www.whosaeng.com/174073
고려대학교,로봇신문,"도구로보틱스, 美 볼주립대와 다목적 로봇 '이로이' 전시 서비스 계약","볼주립대학교(Ball State University, BSU)와 산학협력을 바탕으로 대학 혁신협력센터(Center for Innovation and... 국내에서는 고려대학교 구로병원, 동대문구청, 연암대학교 팜한농 창사원, 대전중앙지하상가, 통영시 강구안...",2026-09-30 13:10,https://www.irobotnews.com/news/articleView.html?idxno=48760,https://www.irobotnews.com/news/articleView.html?idxno=48760
고려대학교,국제신문,한국산업기술시험원 제17대 김선기 원장 취임,김 원장은 강원 횡성군 출신으로 고려대학교 사회학과를 졸업하고 미국 카네기멜론대학교 대학원에서 정보통신기술(ICT) 석사 학위를 취득했다. 이후 ▷한국도시가스협회 상근부회장 ▷대한무역투자진흥공사(KOTRA)...,2026-09-30 13:08,http://www.kookje.co.kr/news2011/asp/newsbody.asp?code=0300&key=20260930.99099009751,https://n.news.naver.com/mnews/article/658/0000157049?sid=102
서울대학교,워크투데이,"K-반도체 소부장, 일본 공급망 정조준 … 코트라, 규슈서 '한·일 반도체...","참가 기업은 서울대학교 시스템반도체산업진흥센터(SIPC), 한국나노융합산업협회, 코트라가 기술력과 시장성을 심사해 선정했다. 한국과 일본의 반도체 산업은 공급망 측면에서 이미 밀접하게 연결돼 있다. 지난해...",2026-09-30 13:08,http://www.worktoday.co.kr/news/articleView.html?idxno=89878,http://www.worktoday.co.kr/news/articleView.html?idxno=89878
서울대학교,내일신문,‘국민 체감’ 앞세운 이 대통령…적극 홍보에 신중론도,서울대 경영동아리 출신 임원들이 미공개 정보를 활용해 부당이득을 취한 사건 기사를 공유하며 “주가조작 패가망신”이라고 썼다. 이 대통령이 취임 초부터 꾸준히 내세웠던 내용을 재차 상기시킨 것이다. 같은 날 저녁...,2026-09-30 13:06,https://www.naeil.com/news/read/603806?ref=naver,https://www.naeil.com/news/read/603806?ref=naver
고려대학교,내일신문,"산업기술시험원, 김선기 원장 취임","김 원장은 강원 횡성군 출신으로 강릉고·고려대 사회학과를 졸업하고, 미국 카네기멜론대 대학원에서 정보통신기술 석사 학위를 취득했다. 행정고시 41회로 공직에 입문해 △코트라 방산물자교역지원센터장...",2026-09-30 13:06,https://www.naeil.com/news/read/603789?ref=naver,https://www.naeil.com/news/read/603789?ref=naver
고려대학교,위클리오늘,"[위클리오늘] 속초 썸머 페스티벌, 방문객 10만8천명…지역 상권 소비도...","속초시가 고려대학교 디지털혁신연구센터와 함께 이동통신 빅데이터 분석을 실시한 결과, 축제 기간 사흘간 누적 방문객은 10만 8,532명으로 나타났다. 축제 1주 전 비교기간의 7만 2,093명보다 50.5% 증가한 규모다. 일평균...",2026-09-30 13:04,http://www.weeklytoday.com/news/articleView.html?idxno=796364,http://www.weeklytoday.com/news/articleView.html?idxno=796364
고려대학교,내일신문,2027 수시 하향 안정 지원 뚜렷…국립대·지역 대학 약진,밀집하는 고려대 연세대 서울대 모두 논술전형 외에는 경쟁률은 하락했다. 모집 단위를 살펴보면 세 대학 모두 교육 계열과 자연 과학 계열에서 경쟁률 상승 폭이 컸다. 의대 지망생 역시 현실적인 합격 가능성을 고려해...,2026-09-30 13:02,https://www.naeil.com/news/read/603781?ref=naver,https://www.naeil.com/news/read/603781?ref=naver
서울대학교,충남일보,"한국타이어, IDEA 디자인 어워드 본상 2건 수상","리무브는 타이어 생산 과정에서 발생하는 부산물인 블래더를 활용한 프로젝트로, 서울대학교 순환디자인연구실 디스코랩과 공동 개발했다. 출품작인 '블래더 업사이클링 시리즈'는 블래더 분말로 만든 가구와 브릭...",2026-09-30 13:02,http://www.chungnamilbo.co.kr/news/articleView.html?idxno=912398,http://www.chungnamilbo.co.kr/news/articleView.html?idxno=912398
서울대학교,아주경제,한·일 반도체 공급망 다시 잇는다…K-소부장 14개사 日규슈 공략,"참가 기업은 서울대 시스템반도체산업진흥센터와 한국나노융합산업협회, 코트라가 기술력과 시장성을 심사해 선정했다. 이번 행사가 열리는 규슈는 후쿠오카의 설계, 구마모토의 제조, 기타규슈의 후공정으로...",2026-09-30 13:02,https://www.ajunews.com/view/20260930081217191,https://www.ajunews.com/view/20260930081217191
연세대학교,아시아타임즈,[30일 인천 영종구] ‘우리동네 우수 강사’ 22명 양성 등,"독일 출신인 그는 연세대학교 국제대학원 국제관계학과를 졸업했으며, JTBC ‘비정상회담’으로 방송에 데뷔했다. 이후 JTBC ‘특파원 25시’ 등 다수의 방송에 출연했고, 서울특별시 홍보대사로도 활동하고 있다. 이번...",2026-09-30 13:02,https://www.asiatime.co.kr/article/20260930500218,https://www.asiatime.co.kr/article/20260930500218
연세대학교,내일신문,2027 수시 하향 안정 지원 뚜렷…국립대·지역 대학 약진,고려대 연세대 서울대 모두 논술전형 외에는 경쟁률은 하락했다. 모집 단위를 살펴보면 세 대학 모두 교육... ◆지역인재·주요 대학 교과전형 감소 = 신설된 전형에 지원자가 모이면 그만큼 기존 전형의 지원자층이...,2026-09-30 13:02,https://www.naeil.com/news/read/603781?ref=naver,https://www.naeil.com/news/read/603781?ref=naver
서울대학교,내일신문,2027 수시 하향 안정 지원 뚜렷…국립대·지역 대학 약진,최상위권 지원이 밀집하는 고려대 연세대 서울대 모두 논술전형 외에는 경쟁률은 하락했다. 모집 단위를... ◆지역인재·주요 대학 교과전형 감소 = 신설된 전형에 지원자가 모이면 그만큼 기존 전형의 지원자층이...,2026-09-30 13:02,https://www.naeil.com/news/read/603781?ref=naver,https://www.naeil.com/news/read/603781?ref=naver
서울대학교,이데일리,"코트라, 한·일 반도체 64개사 연결…日 공급망 진입 지원","참가 기업은 서울대학교 시스템반도체산업진흥센터(SIPC)와 한국나노융합산업협회, 코트라가 기술력과 시장성을 심사해 선정했다. 한·일 반도체 산업은 공급망에서 상호보완적인 구조를 갖추고 있다. 지난해 한국이...",2026-09-30 13:02,https://www.edaily.co.kr/News/Read?newsId=03854006645585368&mediaCodeNo=257&utm_source=naver&utm_medium=referral&utm_campaign=news_syndication&utm_content=original_article,https://n.news.naver.com/mnews/article/018/0006377683?sid=101
서울대학교,메트로신문,"부산테크노파크, ‘블루푸드 밸류업 데이’ 열고 사업 성과 공유","기조강연은 이기원 서울대학교 교수가 맡아 '부산×블루푸드테크×컬쳐플랫폼'을 주제로 진행했다. 이 교수는 블루푸드의 산업적 가치와 식품 기술, 문화·플랫폼 산업의 융합 가능성을 다뤘다. 수산식품기업...",2026-09-30 13:00,http://www.metroseoul.co.kr/article/20260930500121,http://www.metroseoul.co.kr/article/20260930500121
서울대학교,하이닥,"'점프가 두려웠다'는 우상혁… 트라우마와 PTSD, 어떻게 다를까","서울대학교병원 의학정보에 따르면 PTSD 진단은 죽음이나 심각한 부상, 성폭력 같은 사건을 겪은 뒤 여러 증상이 나타나는지를 함께 살펴 평가한다. 떠올리고 싶지 않은 기억이나 꿈이 자꾸 반복되는 재경험, 사건을...",2026-09-30 13:00,https://news.hidoc.co.kr/news/articleView.html?idxno=68128,https://news.hidoc.co.kr/news/articleView.html?idxno=68128
서울대학교,서울파이낸스,KOTRA '한·일 반도체 매칭데이' 개최···소부장 협력 기회 마련한다,"이번 한국관 참가사는 서울대 시스템반도체산업진흥센터(SIPC), 한국나노융합산업협회, KOTRA가 공동으로 기술력, 시장성을 심사해 선정했다. 지난해 한국이 일본에서 수입한 반도체와 반도체 제조장비는 전체 대(對)일...",2026-09-30 13:00,https://www.seoulfn.com/news/articleView.html?idxno=638968,https://www.seoulfn.com/news/articleView.html?idxno=638968
서울대학교,NEWSTOWN,"인천시, 역사로 오늘을 돌아보는 박물관대학 연다","첫 강좌는 김원중 단국대학교 교수가 '사기(史記), 인간학의 영원한 보고(寶庫)'를 주제로 고전 『사기』에... 주경철 서울대학교 명예교수가 '루이 14세, 태양왕의 빛과 그림자'를 통해 절대왕정 시대의 정치와 사회를...",2026-09-30 13:00,http://www.newstown.co.kr/news/articleView.html?idxno=717263,http://www.newstown.co.kr/news/articleView.html?idxno=717263
고려대학교,여성경제신문,[양선주 더봄] 징지용의 '홍시',여성경제신문 양선주 시인·한국미니픽션작가회 회원 zoo-mouse@hanmail.net 양선주 시인·작가 고려대학교 대학원에서 응용언어학 박사 과정을 수료했으며 대산창작기금을 수혜하며 문단에 데뷔해 시집 를 출간했다....,2026-09-30 13:00,https://www.womaneconomy.co.kr/news/articleView.html?idxno=258987,https://www.womaneconomy.co.kr/news/articleView.html?idxno=258987
고려대학교,한겨레,‘악의 축’과 ‘시한폭탄’ 사이… 한국 사립대학의 역사,"지은이는 사립대학을 둘러싼 그간의 다양한 실험과 논의를 돌아보기를 제안한다. 오늘날 고려대학교의 전신인 보성전문학교는 초기엔 다수의 기금 출연자로 구성된 평의원회가 최고의결기구였던, ‘사립’보다는...",2026-09-30 12:58,https://h21.hani.co.kr/arti/culture/culture_general/59958.html,https://n.news.naver.com/mnews/article/036/0000054255?sid=104
서울대학교,데일리안,"'트렌드 코리아 2027' 김난도 ""AI 시대, '엣지' 키우고 '안목' 높여야"" [...",'트렌드 코리아'는 서울대 소비트렌드분석센터가 매년 이듬해 소비 트렌드를 짚어온 연간 전망서다. 2008년... 30일 서울 중구 프레스센터에서 열린 '트렌드 코리아 2027' 출간 기념 간담회에 참석한 김난도 교수는 2027년의...,2026-09-30 12:53,https://www.dailian.co.kr/news/view/1696181/?sc=Naver,https://n.news.naver.com/mnews/article/119/0003137937?sid=103
서울대학교,데일리벳,"전북대 수의대 문준호 교수팀, 차세대 심부전 치료용 ‘무선 심장 이식...","전북대학교 수의과대학 문준호 교수(수의산과학, 사진)가 서울대학교병원 순환기내과 이승표 교수, 경희대학교 전자정보융합공학과 김상혁 교수, 서울대학교 화학생물공학부 김대형 교수 등과 함께...",2026-09-30 12:52,https://www.dailyvet.co.kr/news/college/298810,https://www.dailyvet.co.kr/news/college/298810
서울대학교,민중의소리,"서울교육청, 내년 중등교사 등 905명 선발","지난해 선발 규모인 1천명보다 306명 줄었지만, 지난 8월 발표한 사전예고 인원보다는 36명 늘었다.국립학교는 서울농학교, 한국우진학교, 서울대학교사범대학부설중학교 등 3개 학교의 위탁을 받아 10명을 선발한다....",2026-09-30 12:52,https://vop.co.kr/A00001696920.html,https://vop.co.kr/A00001696920.html
연세대학교,KOREAITTIMES,"대웅제약, 송도에 첨단바이오 제조거점 구축…연구 성과 임상 연결한다",특히 제조소가 연세대학교 국제캠퍼스 안에 들어서면서 대학 및 연구기관과의 공동연구뿐 아니라 의료기관과 연계한 임상 협력도 확대할 수 있을 것으로 회사는 보고 있다. 대웅제약은 기업·대학·연구기관·병원이...,2026-09-30 12:52,https://www.koreaittimes.com/news/articleView.html?idxno=157675,https://www.koreaittimes.com/news/articleView.html?idxno=157675
서울대학교,파이낸셜뉴스,"코스맥스, 2200만건 데이터로 탈모 예측...헤어케어 사업 강화",서울대학교와 협업해 모발의 시스틴 결합을 복구해 손상모의 인장 강도를 120% 이상 개선하는 신소재 '코어링크-에스'를 개발했다. 이 연구는 세계 최대 뷰티 박람회 '코스모프로프 볼로냐' 어워즈 헤어케어 제형 부문...,2026-09-30 12:49,https://www.fnnews.com/news/202609300947320987,https://n.news.naver.com/mnews/article/014/0005582910?sid=101
연세대학교,팝콘뉴스,"""인간 중심 'Human+AI' 미래 융합인재 키운다""...성균관대, 'AI중심대학'...",성균관대학교(총장 유지범)는 29일(화) 연세대학교 백양누리홀에서 열린 'AI중심대학·AX대학원 공동 출범식'에 참석해 AI 교육 혁신을 통한 미래 융합인재 양성을 본격 선언했다고 30일 밝혔다. 이번 출범식은...,2026-09-30 12:48,http://www.popcornnews.net/news/articleView.html?idxno=134470,http://www.popcornnews.net/news/articleView.html?idxno=134470
고려대학교,헤럴드경제,"폭망 내신, 한방 역전 노린다…5명 뽑는데 3111명 지원, 논술로 몰린 수...","진학사가 30일 논술전형을 운영하는 44개 대학의 지원 현황을 분석한 결과 1만2723명 모집에 61만2510건의... 수능 이후에는 11월 21일부터 건국대와 경희대 일부 모집단위, 고려대·서강대 자연계열 등을 시작으로...",2026-09-30 12:46,https://biz.heraldcorp.com/article/10888822?ref=naver,https://n.news.naver.com/mnews/article/016/0002703745?sid=102
연세대학교,헤럴드경제,"폭망 내신, 한방 역전 노린다…5명 뽑는데 3111명 지원, 논술로 몰린 수...","진학사가 30일 논술전형을 운영하는 44개 대학의 지원 현황을 분석한 결과 1만2723명 모집에 61만2510건의... 이어 10일 연세대, 11일 가톨릭대 의·약학계열을 제외한 모집단위와 중앙대 창의형 논술고사가 진행된다....",2026-09-30 12:46,https://biz.heraldcorp.com/article/10888822?ref=naver,https://n.news.naver.com/mnews/article/016/0002703745?sid=102
서울대학교,한국대학신문,서울 지역 내년 국·공·사립 중등교사 등 905명 선발,"서울농학교와 서울대사범대부설중은 제1차 시험만 공립과 동시에 실시하고, 제2차 시험은 학교별로 시행한다. 한국우진학교는 1차·2차 시험을 모두 공립과 같이 시행한다. 사립학교 교사의 경우, 76개 학교법인...",2026-09-30 12:38,https://news.unn.net/news/articleView.html?idxno=598081,https://news.unn.net/news/articleView.html?idxno=598081
연세대학교,매일경제,"성균관대, 연세대까지 제쳤다…글로벌 대학평가서 국내 사립대 중 1위",전년 대비 19계단 상승한 68위 서울대·KAIST 이어 국내선 3위 中 칭화대 11위·베이징대 13위 성균관대학교... 세계 톱100에는 서울대와 KAIST를 비롯해 성균관대와 연세대까지 4개 대학이 이름을 올렸다. 국내 1위...,2026-09-30 12:38,https://www.mk.co.kr/article/12164734,https://n.news.naver.com/mnews/article/009/0005741916?sid=102
연세대학교,EBS,"대기업 4곳 중 3곳, '출신학교 차별금지' 명시 없어","서울과 판교 근무자의 경우 서울대, 연세대, 고려대 등 국내 11개 대학 출신이나 세계 대학 순위 100위권 이내 해외 대학 출신으로 제한한 겁니다. 인터뷰: 출신학교채용차별방지법 국민운동 ""출신학교는 이미 스무 살...",2026-09-30 12:38,http://news.ebs.co.kr/ebsnews/allView/60774221/N,http://news.ebs.co.kr/ebsnews/allView/60774221/N
서울대학교,이데일리,[포토]2026 서울대학교X퓨처플레이 딥테크 인재채용 박람회 열려,"30일 서울 관악구 서울대학교 글로벌공학교육센터에서 열린 '2026 서울대학교X퓨처플레이 딥테크 인재채용 박람회'를 찾은 학생들이 회사정보와 채용정보를 살펴보고 있다,'2026 서울대학교X퓨처플레이 딥테크 인재채용...",2026-09-30 12:38,https://www.edaily.co.kr/News/Read?newsId=03817926645585368&mediaCodeNo=257&utm_source=naver&utm_medium=referral&utm_campaign=news_syndication&utm_content=original_article,https://n.news.naver.com/mnews/article/018/0006377672?sid=105
서울대학교,EBS,"대기업 4곳 중 3곳, '출신학교 차별금지' 명시 없어","서울과 판교 근무자의 경우 서울대, 연세대, 고려대 등 국내 11개 대학 출신이나 세계 대학 순위 100위권 이내 해외 대학 출신으로 제한한 겁니다. 인터뷰: 출신학교채용차별방지법 국민운동 ""출신학교는 이미 스무 살...",2026-09-30 12:38,http://news.ebs.co.kr/ebsnews/allView/60774221/N,http://news.ebs.co.kr/ebsnews/allView/60774221/N
서울대학교,매일경제,"성균관대, 연세대까지 제쳤다…글로벌 대학평가서 국내 사립대 중 1위",전년 대비 19계단 상승한 68위 서울대·KAIST 이어 국내선 3위 中 칭화대 11위·베이징대 13위 성균관대학교가 영국 글로벌 대학평가기관 THE(Times Higher Education)가 발표한 ‘2027 THE 세계대학평가’에서 작년보다...,2026-09-30 12:38,https://www.mk.co.kr/article/12164734,https://n.news.naver.com/mnews/article/009/0005741916?sid=102
고려대학교,EBS,"대기업 4곳 중 3곳, '출신학교 차별금지' 명시 없어","서울과 판교 근무자의 경우 서울대, 연세대, 고려대 등 국내 11개 대학 출신이나 세계 대학 순위 100위권 이내 해외 대학 출신으로 제한한 겁니다. 인터뷰: 출신학교채용차별방지법 국민운동 ""출신학교는 이미 스무 살...",2026-09-30 12:38,http://news.ebs.co.kr/ebsnews/allView/60774221/N,http://news.ebs.co.kr/ebsnews/allView/60774221/N
고려대학교,매일경제,"성균관대, 연세대까지 제쳤다…글로벌 대학평가서 국내 사립대 중 1위",성균관대학교가 영국 글로벌 대학평가기관 THE(Times Higher Education)가 발표한 ‘2027 THE 세계대학평가’... 국내 유명 사립대인 연세대와 고려대는 그 다음 순위를 차지했다. 연세대는 세계 80위를 기록해 국내 4위...,2026-09-30 12:38,https://www.mk.co.kr/article/12164734,https://n.news.naver.com/mnews/article/009/0005741916?sid=102
서울대학교,이데일리,[포토]당신의 커리어가 딥테크의 다음 페이지가 됩니다,30일 서울 관악구 서울대학교 글로벌공학교육센터에서 열린 '2026 서울대학교X퓨처플레이 딥테크 인재채용 박람회'를 찾은 학생들이 상담을 받고 있다.'2026 서울대학교X퓨처플레이 딥테크 인재채용 박람회'는 국내...,2026-09-30 12:37,https://www.edaily.co.kr/News/Read?newsId=03814646645585368&mediaCodeNo=257&utm_source=naver&utm_medium=referral&utm_campaign=news_syndication&utm_content=original_article,https://n.news.naver.com/mnews/article/018/0006377671?sid=105
서울대학교,이데일리,[포토]딥테크 회사 채용 면접보는 서울대생들,30일 서울 관악구 서울대학교 글로벌공학교육센터에서 열린 '2026 서울대학교X퓨처플레이 딥테크 인재채용 박람회'를 찾은 학생들이 상담을 받고 있다.'2026 서울대학교X퓨처플레이 딥테크 인재채용 박람회'는 국내...,2026-09-30 12:36,https://www.edaily.co.kr/News/Read?newsId=03811366645585368&mediaCodeNo=257&utm_source=naver&utm_medium=referral&utm_campaign=news_syndication&utm_content=original_article,https://n.news.naver.com/mnews/article/018/0006377670?sid=105
서울대학교,메트로신문,내년 서울 공립 중등교사 694명 선발…올해보다 306명 감소,"서울농학교와 서울대사범대학부설중학교는 1차 시험만 공립과 함께 치르고 2차 시험은 학교별로 진행한다. 한국우진학교는 1·2차 시험 모두 공립과 동일하게 시행한다. 사립학교는 76개 법인, 109개교가 1차...",2026-09-30 12:36,http://www.metroseoul.co.kr/article/20260930500131,http://www.metroseoul.co.kr/article/20260930500131
서울대학교,이데일리,[포토]스타트업의 인력난 해소를 돕고 생태계 확장을 도모하기 위해 열...,30일 서울 관악구 서울대학교 글로벌공학교육센터에서 열린 '2026 서울대학교X퓨처플레이 딥테크 인재채용 박람회'를 찾은 학생들이 상담을 받고 있다.'2026 서울대학교X퓨처플레이 딥테크 인재채용 박람회'는 국내...,2026-09-30 12:36,https://www.edaily.co.kr/News/Read?newsId=03808086645585368&mediaCodeNo=257&utm_source=naver&utm_medium=referral&utm_campaign=news_syndication&utm_content=original_article,https://n.news.naver.com/mnews/article/018/0006377669?sid=105
서울대학교,이데일리,[포토]2026 서울대학교X퓨처플레이 딥테크 인재채용 박람회,30일 서울 관악구 서울대학교 글로벌공학교육센터에서 열린 '2026 서울대학교X퓨처플레이 딥테크 인재채용 박람회'를 찾은 학생들이 입장하고 있다.'2026 서울대학교X퓨처플레이 딥테크 인재채용 박람회'는 국내...,2026-09-30 12:35,https://www.edaily.co.kr/News/Read?newsId=03798246645585368&mediaCodeNo=257&utm_source=naver&utm_medium=referral&utm_campaign=news_syndication&utm_content=original_article,https://n.news.naver.com/mnews/article/018/0006377666?sid=105
서울대학교,DAILYBRIEF,"[줌인] 서울대 투자동아리 출신 200억 꿀꺽?...스믹·스누밸류 ""우리 아...",서울대 특정 동아리 출신 금융인 5명이 학연과 인맥을 발판삼아 미공개정보를 공유해 5년간 200억원대 부당이득을 챙겼다는 당국 발표 이후 금융투자업계가 크게 술렁이고 있는데요. 서울대 유명 투자동아리인 '스믹'과...,2026-09-30 12:25,https://www.dailybrief.co.kr/news/articleView.html?idxno=6867,https://www.dailybrief.co.kr/news/articleView.html?idxno=6867
서울대학교,포인트엔,"2200만건 건강검진 데이터 학습…코스맥스, 'AI 탈모 예측'으로 헤어케어...",회사는 서울대학교와 공동 연구를 통해 손상된 모발 강도를 120% 이상 끌어올리는 복합 신소재 '코어링크-에스'를 개발했다. 또한 세계 최초로 인체 모낭 오가노이드(장기 유사체)를 활용해 스트레스성 새치가 생기는...,2026-09-30 12:24,https://www.pointe.co.kr/news/articleView.html?idxno=85360,https://www.pointe.co.kr/news/articleView.html?idxno=85360
고려대학교,경북도민일보,내신 부담·N수생 증가에… 수시 일반전형 지원자 절반 이상 논술로,"한편, 논술고사는 오는 10월 3일 서울시립대, 성신여대, 홍익대 자연계열을 시작으로 본격화된다. 11월 19일 수능 이후에도 건국대·경희대·고려대·서강대·성균관대·한양대 등 주요 대학의 논술고사가 이어진다.",2026-09-30 12:22,https://www.hidomin.com/news/articleView.html?idxno=723094,https://www.hidomin.com/news/articleView.html?idxno=723094
연세대학교,메디컬투데이,"대웅제약, 송도에 첨단바이오의약품 제조소 신설","대웅제약은 인천 송도 연세대학교 국제캠퍼스에 '첨단바이오의약품 제조소'를 구축하고 지난 28일 개소식을... 또 송도 지역 대학과 연구기관, 의료기관 등과 첨단재생의료 분야의 연구·임상 협력을 추진한다. 향후...",2026-09-30 12:20,https://www.mdtoday.co.kr/news/articleView.html?idxno=616827,https://www.mdtoday.co.kr/news/articleView.html?idxno=616827
연세대학교,비욘드포스트,"가천대, '2027 THE 세계대학평가' 국내 공동 14위로 도약","가천대학교가 영국 고등교육평가기관 THE(Times Higher Education)가 발표한 '2027 THE 세계대학평가'에서 국내... 대학 가운데서는 서울대가 56위로 가장 높은 순위를 기록했다. 이어 KAIST(64위), 성균관대(68위), 연세대...",2026-09-30 12:16,http://www.beyondpost.co.kr/view.php?ud=20260930121309715892e75d13a3_30,http://www.beyondpost.co.kr/view.php?ud=20260930121309715892e75d13a3_30
서울대학교,비즈니스플러스,"두나무 UIS서 美 백악관 위트 ""디지털자산·전통금융 결국 융합""",두나무에 따르면 지난 29일 서울 광진구 그랜드 워커힐 서울에서 열린 '업비트 인스티튜셔널 서밋(UIS) 2026... 국내 금융산업의 온체인 전환을 다룬 세션에는 이종섭 서울대학교 경영대학 교수를 좌장으로 최원석 두나무...,2026-09-30 12:16,https://www.businessplus.kr/news/articleView.html?idxno=117473,https://www.businessplus.kr/news/articleView.html?idxno=117473
서울대학교,비욘드포스트,"가천대, '2027 THE 세계대학평가' 국내 공동 14위로 도약","가천대학교가 영국 고등교육평가기관 THE(Times Higher Education)가 발표한 '2027 THE 세계대학평가'에서 국내... 국내 대학 가운데서는 서울대가 56위로 가장 높은 순위를 기록했다. 이어 KAIST(64위), 성균관대(68위)...",2026-09-30 12:16,http://www.beyondpost.co.kr/view.php?ud=20260930121309715892e75d13a3_30,http://www.beyondpost.co.kr/view.php?ud=20260930121309715892e75d13a3_30
고려대학교,MHN스포츠,"'음악 방송 1위→차트 석권' 영탁, 다섯 번째 콘서트 개최…""마음껏 즐...","오는 10월 3일부터 5일까지 서울 고려대학교 화정체육관에서 다섯 번째 브랜드 콘서트 'TAK SHOW5'가... 티저 영상에는 ""과거로 돌아갈 수 있다면 언제로 가고 싶냐""는 배우 김응수의 목소리와 함께 대학교 신입생...",2026-09-30 12:16,https://mhnse.com/news/articleView.html?idxno=1563975,https://m.entertain.naver.com/article/445/0000469310
고려대학교,비욘드포스트,"가천대, '2027 THE 세계대학평가' 국내 공동 14위로 도약","가천대학교가 영국 고등교육평가기관 THE(Times Higher Education)가 발표한 '2027 THE 세계대학평가'에서 국내... 이어 KAIST(64위), 성균관대(68위), 연세대(80위), 고려대(128위), 포항공대(143위) 순으로 상위권에 자리했다....",2026-09-30 12:16,http://www.beyondpost.co.kr/view.php?ud=20260930121309715892e75d13a3_30,http://www.beyondpost.co.kr/view.php?ud=20260930121309715892e75d13a3_30
고려대학교,이데일리,"국힘 ""수능 서·논술형 서두르면 안 돼""…단계 도입 제안",국민의힘이 대학수학능력시험(수능) 서·논술형 평가를 곧바로 도입하기보다 학교 내신에서 먼저 확대해... 발제를 맡은 조대연 고려대 교육학과 교수는 현재 수능이 줄세우기와 사교육 의존 심화 등의 한계를 안고 있지만...,2026-09-30 12:13,https://www.edaily.co.kr/News/Read?newsId=03785126645585368&mediaCodeNo=257&utm_source=naver&utm_medium=referral&utm_campaign=news_syndication&utm_content=original_article,https://n.news.naver.com/mnews/article/018/0006377662?sid=100
고려대학교,메디파나뉴스,"고대구로-KAIST 공동연구팀, '흡입형 폐암 나노치료제' 개발","김현구 고려대 구로병원 교수는 ""폐암 치료는 항암제를 종양에 충분히 전달하면서 정상 장기의 독성과 부작용을 줄이는 것이 핵심""이라며 ""이번 연구는 폐의 생리적 환경을 활용해 폐암세포와 종양 면역미세환경을...",2026-09-30 12:08,https://www.medipana.com/news/articleView.html?idxno=418469,https://www.medipana.com/news/articleView.html?idxno=418469
고려대학교,파이낸셜뉴스,"숙련공 '손끝 감각' AI가 배운다… 한양대 ERICA, 44억 규모 제조업 AI 가...","이번 프로젝트는 소프트웨어 통합을 이끄는 주관사 (주)자이컨시를 비롯해 한국생산기술연구원, 고려대학교, 미국 텍사스 A&M대학교, 수요기업인 (주)한국몰드와 제이티 등이 참여하는 산·학·연 컨소시엄 형태로...",2026-09-30 12:00,https://www.fnnews.com/news/202609301158214667,https://n.news.naver.com/mnews/article/014/0005582893?sid=102
연세대학교,의약뉴스,"""백신이 아니라 접종이 생명 구한다"" 팬데믹 이후 병원의 새 역할 조명","연세대학교 보건대학원 윤문수 객원교수와 연세대학교 의과대학 열대의학연구소 윤신영 연구원은 최근... 이들은 먼저 에모리대학교 월터 오렌스타인 교수의 발언 '백신이 생명을 구하는 것이 아니라, 백신접종이...",2026-09-30 11:58,http://www.newsmp.com/news/articleView.html?idxno=258400,http://www.newsmp.com/news/articleView.html?idxno=258400
서울대학교,뉴스메이커,나주시 글로벌 에너지포럼 개막…세계 석학과 에너지 전문가 한자리에,"이어 노승정 단국대학교 교수, 황용석 서울대학교 교수, 양형렬 K-문샷 프로젝트 PD, 윤병태 나주시장 등이 참여해 핵융합 기술의 현황과 상용화 가능성, 산업 생태계 조성 방향 등을 논의한다. 10월 1일 오전에는...",2026-09-30 11:56,http://www.newsmaker.or.kr/news/articleView.html?idxno=183370,http://www.newsmaker.or.kr/news/articleView.html?idxno=183370
고려대학교,일요서울,"한진, 최종석 부사장 선임... 정책 대응 컨트롤타워 세운다",최 부사장은 1970년생으로 서울대 사회복지학과를 졸업한 뒤 코넬대 노사관계대학원에서 석사 학위를 취득했다. 이후 고려대에서 경영학 박사 학위를 받았다. 행정고시에 합격한 뒤 고용노동부 사무관으로 공직에...,2026-09-30 11:56,https://www.ilyoseoul.co.kr/news/articleView.html?idxno=523158,https://www.ilyoseoul.co.kr/news/articleView.html?idxno=523158
서울대학교,일요서울,"한진, 최종석 부사장 선임... 정책 대응 컨트롤타워 세운다","최 부사장은 1970년생으로 서울대 사회복지학과를 졸업한 뒤 코넬대 노사관계대학원에서 석사 학위를... 행정고시에 합격한 뒤 고용노동부 사무관으로 공직에 입문했으며 대통령실 고용노사비서관실 행정관, 서울지방노...",2026-09-30 11:56,https://www.ilyoseoul.co.kr/news/articleView.html?idxno=523158,https://www.ilyoseoul.co.kr/news/articleView.html?idxno=523158
서울대학교,테크M,"네이버 스마트스토어, 판매자 성장 단계 따라 'AI·물류'까지...'성장 사...",30일 네이버는 서울대학교 유병준 교수 연구팀과 연세대학교 최보름 교수 연구팀이 공동으로 연구한 'D-커머스 리포트 2026: 스마트스토어 10년 진화 경로 보고서'를 발간했다고 밝혔다. 연구팀은 판매자가 성장하면서...,2026-09-30 11:54,https://www.techm.kr/news/articleView.html?idxno=155704,https://www.techm.kr/news/articleView.html?idxno=155704
서울대학교,전국매일신문,"서울시교육청, 2027학년도 중등교사 등 905명 선발",서울농학교와 서울대학교사범대학부설중학교는 1차 시험을 공립과 함께 치르지만 2차 시험은 각 학교가 별도로 진행한다. 한국우진학교는 1·2차 시험 모두 공립 임용시험과 같은 일정으로 실시한다. 최근 3년간(2024...,2026-09-30 11:54,https://www.jeonmae.co.kr/news/articleView.html?idxno=1297562,https://www.jeonmae.co.kr/news/articleView.html?idxno=1297562
연세대학교,베리타스알파,성균관대 AI중심대학 본격 출범.. '인간 중심 Human+AI 융합인재 키운다...,성균관대는 9월29일 연세대 백양누리홀에서 열린 'AI중심대학·AX대학원 공동 출범식'에 참석해 이 같은 계획을 발표했다고 밝혔다. 이번 출범식은 과학기술정보통신부와 정보통신기획평가원(IITP)이 국가 AI 인재...,2026-09-30 11:54,https://www.veritas-a.com/news/articleView.html?idxno=629997,https://www.veritas-a.com/news/articleView.html?idxno=629997
연세대학교,테크M,"네이버 스마트스토어, 판매자 성장 단계 따라 'AI·물류'까지...'성장 사...",30일 네이버는 서울대학교 유병준 교수 연구팀과 연세대학교 최보름 교수 연구팀이 공동으로 연구한 'D-커머스 리포트 2026: 스마트스토어 10년 진화 경로 보고서'를 발간했다고 밝혔다. 연구팀은 판매자가 성장하면서...,2026-09-30 11:54,https://www.techm.kr/news/articleView.html?idxno=155704,https://www.techm.kr/news/articleView.html?idxno=155704
연세대학교,뉴스핌,"부산교육청, 초등 관리자 대상 '장학 역량 강화 연수' 실시",첫날에는 김영훈 연세대 교수가 '노력과 재능을 대하는 태도'를 주제로 강연한다. 김 교수는 획일적인 비교에서 벗어나 학생마다 다른 특성과 가능성을 존중하는 '고유성의 문화'로 전환해야 한다는 점을 설명할...,2026-09-30 11:52,https://www.newspim.com/news/view/20260930000517,https://www.newspim.com/news/view/20260930000517
서울대학교,춘천MBC,"전국 청년 도예작가 70여 명, 양구서 장작가마 캠프","강릉원주대와 서울대, 홍익대 등전국 18개 대학에서 70여 명이 참여해장작가마 공동 번조와 워크숍, 세미나를 진행합니다. 또 다음 달 3일부터 11월 8일까지양구백자박물관에서는‘여기로부터, 양구 2026...",2026-09-30 11:50,https://chmbc.co.kr/article/-I2ROIOTySH4WE,https://chmbc.co.kr/article/-I2ROIOTySH4WE
서울대학교,프라임경제,"유베이스, 2만5000석 운영 노하우·AI 결합 'AI BPO' 전환 가속",올해 상반기 서울대 자연어처리연구실과 AI 학습용 데이터 관련 산학협력 연구를 마쳤다. 최근에는 자체 개발한 AI 상담 엔진 대화 기술 관련 특허도 출원했다. 자체 개발에 외부 전문기술을 결합하는 '테크 큐레이션...,2026-09-30 11:50,http://www.newsprime.co.kr/news/article.html?no=749429,http://www.newsprime.co.kr/news/article.html?no=749429
연세대학교,철강금속신문,"ICIMC 2026, 11월 서울서 열린다…STS 내식성 및 응력부식균열 집중 등 조...","기조강연자로는 한국재료연구원 문성모 책임연구원과 세종대 모삽 카셈(Mosab Kaseem) 교수, 연세대 한병찬 교수 등 9명이 나선다. 한국부식방식학회 최한철 회장은 ""최근 인공지능, 머신러닝, 빅데이터 분석의 발전은...",2026-09-30 11:50,http://www.snmnews.com/news/articleView.html?idxno=575324,http://www.snmnews.com/news/articleView.html?idxno=575324
연세대학교,데일리팝,"[뉴스줌인] '그만 보라'로는 부족하다…청소년 SNS·AI 규제, 플랫폼 책...",상윤모 연세대학교 교수는 무한 스크롤과 알고리즘 추천 등 이용을 지속시키는 기능을 중심으로 해외 규제 동향을 소개하며 서비스 설계 단계에서 위험을 줄이는 접근의 필요성을 제기했다. 김나정 국회입법조사처...,2026-09-30 11:46,http://www.dailypop.kr/news/articleView.html?idxno=102963,http://www.dailypop.kr/news/articleView.html?idxno=102963
서울대학교,보건뉴스,코스맥스 'AI 원형탈모 예측 모델' 개발… '초격차 기술' 입증,코스맥스는 서울대학교와 협력해 손상모의 인장 강도를 120% 개선하는 신소재 '코어링크-에스(Corelink-S)'를 개발했다. 이는 올해 '코스모프로프 볼로냐'에서 코스모팩어워즈 헤어케어 제형 부문 파이널리스트로 선정됐다....,2026-09-30 11:44,http://www.bokuennews.com/news/article.html?no=284892,http://www.bokuennews.com/news/article.html?no=284892
연세대학교,후생신보,"연세의대, 노후 교육시설 개선 시급…‘미래 의학교육’ 전환 과제",연세의료원 역시 이 같은 방향을 공식적으로 제시하고 있다. 금기창 연세대 의무부총장 겸 의료원장은 2026년 신년사에서 새로운 의과대학 캠퍼스 건립을 단순한 공간 확장이 아닌 ‘대한민국 의학교육의 구조를 다시...,2026-09-30 11:44,http://www.whosaeng.com/174066,http://www.whosaeng.com/174066
고려대학교,e대한경제,김선기 KTL 신임 원장 취임…“글로벌 시험인증기관 도약”,"강원 횡성 출신인 김 원장은 고려대 사회학과를 졸업하고 미국 카네기멜론대 대학원에서 정보통신기술 석사 학위를 받았다. 이후 산업통상부 수소경제정책관·자원안보정책과장, 대통령직속 국가균형발전위원회...",2026-09-30 11:42,https://www.dnews.co.kr/uhtml/view.jsp?idxno=202609301138374750908,https://www.dnews.co.kr/uhtml/view.jsp?idxno=202609301138374750908
연세대학교,교수신문,한양대·금오공대 등 18곳 AI중심대학 선정…AX대학원 15곳 지원,"29일 연세대 백양누리홀에서 'AI중심대학·AX대학원 공동 출범식'을 개최했다. 이날 행사에는 류제명... 기업과 대학은 공동으로 'AX연구협력센터'를 설치해 AX 특화연구를 추진하고, 대학 교원과 기업 겸임교원이 함께...",2026-09-30 11:42,https://www.kyosu.net/news/articleView.html?idxno=210778,https://www.kyosu.net/news/articleView.html?idxno=210778
연세대학교,데일리한국,[부산교육소식]초등 관리자 장학 역량 강화 연수 개최,"첫날에는 연세대 김영훈 교수가 '노력과 재능을 대하는 태도'를 주제로 특강에 나선다. 획일적인 비교 문화를 넘어 개개인의 고유성을 존중하는 문화로의 전환을 강조하며, 학생 맞춤형 성장 지원 방안을 모색한다. 이어...",2026-09-30 11:42,https://daily.hankooki.com/news/articleView.html?idxno=1410793,https://daily.hankooki.com/news/articleView.html?idxno=1410793
서울대학교,뉴스클레임,"[기자수첩] 대통령의 엑스, 약인가 독인가","김옥해 기자 이재명 대통령이 엑스(X)에 '주가조작 패가망신'이라는 한 줄과 함께 서울대 경영동아리 출신 금융권 임원들의 200억원대 미공개정보 이용 사건 기사를 공유했다. 게시물 조회수는 9만회를 넘겼고, 댓글...",2026-09-30 11:40,https://www.newsclaim.co.kr/news/articleView.html?idxno=3076908,https://www.newsclaim.co.kr/news/articleView.html?idxno=3076908
고려대학교,한국원자력신문,김선기 KTL 원장 취임…첨단산업 시험인증·기업 수출 지원 강화,"강원 횡성군 출신인 김 원장은 고려대 사회학과를 졸업하고 미국 카네기멜론대학교 대학원에서 정보통신기술 석사 학위를 취득했다. 한국도시가스협회 상근부회장, 대한무역투자진흥공사(KOTRA)...",2026-09-30 11:40,http://www.knpnews.com/news/articleView.html?idxno=34588,http://www.knpnews.com/news/articleView.html?idxno=34588
서울대학교,조선일보,"박명수, “지방간 있다”… 술 안 마셔도 뱃살 많으면 위험","실제 서울대 의대 연구팀이 456명을 분석한 연구에서는 조직검사로 지방간이 확인된 사람에서 내장지방이 더 많았고, 유의한 간 섬유화가 있는 사람에서도 내장지방이 중요한 관련 요인으로 나타났다. 증상 없이 검진에서...",2026-09-30 11:39,https://health.chosun.com/site/data/html_dir/2026/09/30/2026093002515.html,https://n.news.naver.com/mnews/article/346/0000116708?sid=103
서울대학교,뉴시스,"경희대-독일 훔볼트재단, '2026 훔볼트 콜레그' 공동주관","이날 세션 좌장은 훔볼트 회원인 김재형 서울대학교 교수와 지원림 고려대학교 명예교수가 맡으며, 송호영 한양대학교 교수와 윤석찬 부산대학교 교수도 토론자로 참여한다. 발표 세션에서는 최광준 교수가 '문화적...",2026-09-30 11:38,https://www.newsis.com/view/NISX20260930_0003808515,https://n.news.naver.com/mnews/article/003/0014223386?sid=102
고려대학교,뉴시스,"경희대-독일 훔볼트재단, '2026 훔볼트 콜레그' 공동주관","이날 세션 좌장은 훔볼트 회원인 김재형 서울대학교 교수와 지원림 고려대학교 명예교수가 맡으며, 송호영... 이어 미하엘 슈튀르너 콘스탄츠대학교 법과대학장이 '공급망 책임과 국제사법'을 주제로 기조발표에 나선다....",2026-09-30 11:38,https://www.newsis.com/view/NISX20260930_0003808515,https://n.news.naver.com/mnews/article/003/0014223386?sid=102
서울대학교,NC,[이상완의 전통산업] 사라지는 지방 국악과… 수도권 쏠림에 '인재 육성...,4년제 17곳 중 서울에는 서울대·한국예술종합학교·이화여대·추계예술대·한양대·동국대 등 6곳이 있다.... 대학 교육이 졸업생 직업 활동과 지역 주민 문화 교육에 깊이 연계돼 있었던 셈이다. 국악과 통폐합과 모집...,2026-09-30 11:37,https://www.nc.press/news/articleView.html?idxno=627517,https://www.nc.press/news/articleView.html?idxno=627517
서울대학교,인천일보,[새얼굴] 박재석 분당경찰서장…글로벌 감각·민생 치안 전문성 겸비한...,경찰대학교 행정학과(12기)를 졸업하고 1996년 경찰에 첫발을 내디뎠다. 이후 학업을 지속해 서울대학교... 서울 구로경찰서장과 대구경찰청 생활안전부장을 차례로 거치면서 대도시의 다변화된 범죄 양상에 신속하게...,2026-09-30 11:36,https://www.incheonilbo.com/news/articleView.html?idxno=1333150,https://www.incheonilbo.com/news/articleView.html?idxno=1333150
서울대학교,뉴시스,김난도 교수 '트렌드 코리아 2027' 출간 기자간담회,김난도 서울대 교수가 25일 서울 중구 프레스센터에서 '트렌드 코리아 2027' 출간 기자간담회를 하고 있다. 2026.09.30. pak7130@newsis.com,2026-09-30 11:35,https://www.newsis.com/view/NISI20260930_0021467339,https://n.news.naver.com/mnews/article/003/0014223349?sid=103
고려대학교,TFMEDIA,"[전문가 칼럼] 관세 성실신고 확인제도, ‘반쪽 인센티브’로는 안착하...","(현)경인여자대학교 국제통상학과 겸임교수 • (현)중소벤처기업부, 중기중앙회, 창진원, 경기TP, 인천TP 등 기관 전문위원 • (전)월드클래스 300, NCS워킹그룹 심의위원 • 고려대학교 졸업 관세 성실신고 확인제도가 실제...",2026-09-30 11:34,https://www.tfmedia.co.kr/news/article.html?no=207522,https://www.tfmedia.co.kr/news/article.html?no=207522
서울대학교,헤럴드경제,이사 책임 커진 개정 상법…“반대 의견도 의사록 남겨야”,"이번 호에는 정준혁 서울대 법학전문대학원 교수가 ‘이사의 법적 책임, 알고 대비하기’를 주제로 기고해 이사의 주요 의무와 실무적 대응 방안을 제시했다. 정 교수는 기고문에서 이사가 안건을 검토·결정할 때...",2026-09-30 11:34,https://biz.heraldcorp.com/article/10888895?ref=naver,https://n.news.naver.com/mnews/article/016/0002703694?sid=101
서울대학교,인더뉴스,"코스맥스, ‘원형탈모 예측 AI’ 개발…맞춤형 헤어케어 강화",코스맥스는 서울대학교와 협력해 모발의 시스틴 결합을 복구해 손상모의 인장 강도를 120% 이상 개선하는 신소재 ‘코어링크-에스’를 개발했습니다. 이는 올해 뷰티 박람회 ‘코스모프로프 볼로냐’의...,2026-09-30 11:32,https://www.inthenews.co.kr/news/article.html?no=92512,https://www.inthenews.co.kr/news/article.html?no=92512
서울대학교,교수신문,"부산대, 해사국제상사법무대학원 출범…해사·국제상사법 거점으로","부산대(총장 최재원)는 오는 2027년 3월 1일 「부산대학교 해사국제상사법무대학원」개원을 앞두고 이를... 최재원 부산대 총장은 ""'서울대 10개 만들기' 국가대표 거점국립대학으로 선정된 부산대는 동남권 제조...",2026-09-30 11:32,https://www.kyosu.net/news/articleView.html?idxno=210775,https://www.kyosu.net/news/articleView.html?idxno=210775
서울대학교,이뉴스투데이,"""소신껏 일해라, 시가 버팀목이 되마""… 김학홍 문경시장, 공직자 대상...",문경시는 30일 서울대학교병원 인재원 대강당에서 시 소속 공직자와 문경관광공사 임직원 등 100여 명이 참석한 가운데 '2026년 규제혁신·적극행정 및 법제업무 역량 강화 교육'을 개최했다. 이번 교육은 일선 현장에서...,2026-09-30 11:32,http://www.enewstoday.co.kr/news/articleView.html?idxno=2475543,http://www.enewstoday.co.kr/news/articleView.html?idxno=2475543
서울대학교,동아일보,"코스맥스, AI로 ‘원형탈모 위험도’ 예측한다…2200건 데이터 학습",서울대와 공동 개발한 모발 손상 복구 신소재 ‘코어링크-에스’가 대표적이다. 코스맥스에 따르면 이 소재를 적용했을 때 손상모의 인장 강도가 120% 이상 개선됐다. 코스맥스는 “헤어케어 사업 매출이 늘어 올 상반기...,2026-09-30 11:30,https://www.donga.com/news/Economy/article/all/20260930/134758165/1,https://n.news.naver.com/mnews/article/020/0003751678?sid=101
서울대학교,한국경제,신경에 딱 맞춰 3D 프린팅…치료 끝나면 사라지는 '전자약',"아주대병원은 재활의학과 현정근 교수와 서울대 재료공학부 강승균 교수 공동연구팀이 3D 프린팅 기술로 체내에서 분해되는 무선 전자약을 개발하고, 동물실험에서 말초신경을 무선으로 자극해 기능 회복을 유도할...",2026-09-30 11:30,https://www.hankyung.com/article/202609304367h,https://n.news.naver.com/mnews/article/015/0005337556?sid=102
서울대학교,퀸,"LG, 미래 AI 인재 키운다…청소년 캠프 참가자 모집","LG AI 청소년 캠프는 2023년부터 서울대학교와 함께 진행해온 사회공헌 프로그램으로, 청소년들이 일상 속... 선발된 참가자들은 내년 2월 서울대에서 2박 3일 오프라인 교육을 시작으로, 5월까지 10주간 매주 토요일...",2026-09-30 11:30,http://www.queen.co.kr/news/articleView.html?idxno=464084,http://www.queen.co.kr/news/articleView.html?idxno=464084
서울대학교,뉴스1,국내외 소재·AI 전문가들이 바라본 '자율 실험실' 미래,"포럼에는 독일 프리드리히 알렉산더 대학교, 스위스 폴 셰러 연구소, 서울대학교, 일본 국립재료과학연구소, 중국 칭화대학교와 화학연 소속 전문가들이 연사로 참여했다. 포럼에서는 차세대 반도체의 설계 원리...",2026-09-30 11:30,https://www.news1.kr/local/daejeon-chungnam/6305868,https://n.news.naver.com/mnews/article/421/0009200190?sid=102
서울대학교,주간조선,"""비행기값 빼고도 이득이네""…5만원 '스시자로' 밀반입 4배 급증","곽수헌 서울대 의대 내과 교수는 조선일보에 ""마운자로는 전문의약품인 만큼 정기적으로 병원을 방문해 투약 경과를 살펴야 한다""며 ""의사 관리 없이 대량으로 구입한 약물을 임의로 투여할 경우 췌장염이나 저혈당 쇼크...",2026-09-30 11:30,http://weekly.chosun.com/news/articleView.html?idxno=55724,https://n.news.naver.com/mnews/article/053/0000061885?sid=102
고려대학교,더팩트,"김선기 KTL 신임 원장 취임 ""세계가 인정하는 시험인증기관 도약""",김 원장은 강원도 횡성 출신으로 고려대 사회학과를 졸업하고 미국 카네기멜론대학교 대학원에서 정보통신기술 석사 학위를 취득했다. 이후 산업통상자원부와 유관 산업기관에서 약 28년간 산업·통상·에너지 분야...,2026-09-30 11:28,https://news.tf.co.kr/read/national/2371209.htm,https://n.news.naver.com/mnews/article/629/0000538031?sid=102
서울대학교,KIZMOM,"네이버 스마트스토어, 빠른 정산부터 AI 추천까지…10년 성장 경로 분석",네이버는 서울대학교 유병준 교수 연구팀과 연세대학교 최보름 교수 연구팀이 공동 연구한 'D-커머스 리포트 2026: 스마트스토어 10년 진화 경로 보고서'를 30일 발간했다. 연구팀은 판매자가 성장 단계마다 서로 다른...,2026-09-30 11:28,https://www.kizmom.com/news/articleView.html?idxno=113030,https://www.kizmom.com/news/articleView.html?idxno=113030
고려대학교,디트뉴스24,"고려대 세종캠퍼스 'AI중심대학' 선정, 8년간 233억 투입",고려대학교 세종캠퍼스가 'AI중심대학' 사업에 선정돼 전교생과 전 학과를 아우르는 AI 교육체계를 구축을 위해 8년간 233억 원 규모의 예산을 투입한다. 고려대학교 세종캠퍼스 제공. 고려대학교 세종캠퍼스가...,2026-09-30 11:28,http://www.dtnews24.com/news/articleView.html?idxno=815633,http://www.dtnews24.com/news/articleView.html?idxno=815633
연세대학교,KIZMOM,"네이버 스마트스토어, 빠른 정산부터 AI 추천까지…10년 성장 경로 분석",네이버는 서울대학교 유병준 교수 연구팀과 연세대학교 최보름 교수 연구팀이 공동 연구한 'D-커머스 리포트 2026: 스마트스토어 10년 진화 경로 보고서'를 30일 발간했다. 연구팀은 판매자가 성장 단계마다 서로 다른...,2026-09-30 11:28,https://www.kizmom.com/news/articleView.html?idxno=113030,https://www.kizmom.com/news/articleView.html?idxno=113030
고려대학교,뉴스프리존,"한양대 에리카, 'AI 응용제품 신속 상용화 지원사업' 선정","개발하며, 고려대학교는 작업자의 자세와 미세 동작을 입체적으로 인식하는 상황 인지 AI 기술을 담당한다. 미국 텍사스 A&M 대학교는 비접촉 방식의 정밀 표면 계측 기술을 지원한다. 수요기업인 한국몰드와 제이티는...",2026-09-30 11:26,https://www.newsfreezone.co.kr/news/articleView.html?idxno=711622,https://www.newsfreezone.co.kr/news/articleView.html?idxno=711622
고려대학교,BBS NEWS,"밤까지 북적인 속초해변… 썸머 페스티벌, 방문객도 상권 소비도 늘었다","속초시가 고려대학교 디지털혁신연구센터와 함께 이동통신 빅데이터를 분석한 결과, 지난 7월 31일부터 8월 2일까지 사흘간 축제장을 찾은 누적 방문객은 10만8천532명으로 집계됐습니다. 이는 축제 1주 전 같은 기간...",2026-09-30 11:26,https://news.bbsi.co.kr/news/articleView.html?idxno=4109429,https://news.bbsi.co.kr/news/articleView.html?idxno=4109429
서울대학교,중앙일보,"[단독] 부친상 숨겼던 조희대, 조의금 봉투째 다 돌려줬다",조 대법원장의 서울대 법대·사법연수원 동기인 안홍렬 변호사(68·사법연수원 13기)는 30일 서울대 법대 전체 대화방에 글을 올리고 “장례를 치른 후 대법원의 인사 의전관이라면서 사무실에 전화가 왔다고 하여 사무실에...,2026-09-30 11:26,https://www.joongang.co.kr/article/25465960,https://n.news.naver.com/mnews/article/025/0003554769?sid=102
연세대학교,굿모닝경제,[굿모닝! 30일 제약바이오 소식] 시지바이오·동아제약·메디톡스·동국...,"한국, 태국, 홍콩, 일본 등 아시아 의료진 40여명이 참석한 가운데 연세대 해부학교실 김희진 교수가 보툴리눔 톡신 제제, 히알루론산 필러 시술과 안면 해부학을 주제로 심화강연과 실습을 진행했다. 메디톡스는...",2026-09-30 11:26,https://www.goodkyung.com/news/articleView.html?idxno=291864,https://www.goodkyung.com/news/articleView.html?idxno=291864
서울대학교,잡포스트,"관악S밸리, 바이오 혁신기업 접점 넓힌다…'SNU Bio-Day'서 창업지원 알...","서울 관악구가 바이오 분야 연구자와 기업, 투자자가 모인 자리에서 '관악S밸리'의 창업지원 인프라를 알리고 혁신기업과의 협력 기반 확대에 나섰다. 서울대학교가 보유한 연구·기술 역량을 지역 창업 생태계와 연결해...",2026-09-30 11:26,https://www.job-post.co.kr/news/articleView.html?idxno=229837,https://www.job-post.co.kr/news/articleView.html?idxno=229837
서울대학교,앳스타일,"외모지상주의 있는데, 심지어 이혼율은 90%","서울대에서 6년간 까치 연구에 매진한 이원영 박사는 ""이동에만 일주일이 걸리는 남극을 10번 오가며 펭귄 연구에 몰두했다""고 설명한다. 이원영 박사는 ""연구하던 중 서울대 까치들의 타깃이 돼 뒤통수를 맞고, 남극...",2026-09-30 11:25,http://www.atstar1.com/news/articleView.html?idxno=6039103,https://m.entertain.naver.com/article/415/0000052350
서울대학교,서울경제,"LG엔솔, 세계 첫 각형 LMR 배터리 양산 추진",이달 7일에는 서울대 화학부 임종우 교수 연구진과 공동연구를 통해 LMR 배터리의 가스 발생을 억제하는 기술을 확보했다. 40Ah(암페어시) 대형 배터리 셀에서 약 900여 회 충·방전 후에도 초기 에너지의 92.2%를 유지한...,2026-09-30 11:25,https://www.sedaily.com/article/20096502?ref=naver,https://n.news.naver.com/mnews/article/011/0004666782?sid=101
서울대학교,세이프타임즈,'서울대 카르텔' 미공개정보로 200억 부당이득,서울대 경영동아리 출신 금융권 임원들이 미공개 인수·합병(M&A) 정보를 공유해 200억원이 넘는 부당이득을... 핵심 혐의자는 30~40대 5명 안팎으로 서울대 경영동아리와 글로벌 컨설팅회사에서 활동하며 인연을 맺은...,2026-09-30 11:24,https://www.safetimes.co.kr/news/articleView.html?idxno=246111,https://www.safetimes.co.kr/news/articleView.html?idxno=246111
서울대학교,아시아경제,챗GPT 월 500달러…가격 폭등에 허리 휘는 기업들,"유병준 서울대 경영학과 교수는 ""AI 기업은 적자인 상황에서 이용료를 올리고 있지만, AI를 사용하는 기업은 경쟁력 유지를 위해 고가의 요금제를 부담할 수밖에 없다""고 설명했다.",2026-09-30 11:23,https://view.asiae.co.kr/article/2026093009355246277,https://n.news.naver.com/mnews/article/277/0005822744?sid=101
서울대학교,스포츠서울,"전남편에 1000억 맡겼다 무일푼으로, 김연자가 ‘유퀴즈’서 밝힌 굴곡...","한편 이날 방송에는 김연자 외에도 서울대 까치와 남극 펭귄을 연구해 온 동물 행동학자 이원영 박사, ‘영재발굴단’ 출신으로 옥스퍼드대 전액 장학생이 된 강준규, ‘2026 국중박 분장놀이’ 대상 수상자로 화제를...",2026-09-30 11:23,https://www.sportsseoul.com/news/read/1638545?ref=naver,https://m.entertain.naver.com/article/468/0001269733
고려대학교,경남도민일보,[새얼굴] 김선기 한국산업기술시험원 원장 취임,"김 원장은 강원 횡성군 출신으로 고려대 사회학과를 졸업하고 미국 카네기멜론대학교 대학원에서 정보통신기술 석사 학위를 취득했다. 한국도시가스협회 상근부회장, 대한무역투자진흥공사(KOTRA)...",2026-09-30 11:22,https://www.idomin.com/news/articleView.html?idxno=2015943,https://www.idomin.com/news/articleView.html?idxno=2015943
서울대학교,핀포인트뉴스,"딥노이드, 180억 규모 '한국형 ARPA-H 프로젝트' 참여","삼성서울병원 전홍진 교수 연구팀이 주관연구개발기관을 맡고 딥노이드와 서울대·성균관대·경희대병원이 공동연구기관으로 참여한다. 과제는 비침습 뇌-컴퓨터 인터페이스(BCI)와 뇌영상, 뇌파, 생체신호 등을...",2026-09-30 11:20,https://www.pinpointnews.co.kr/news/articleView.html?idxno=491390,https://www.pinpointnews.co.kr/news/articleView.html?idxno=491390
서울대학교,중앙일보,“S&P500 장투? 계좌 녹는다…폭락장 오기전 이것 사둬라”,"서울신용평가, 알리안츠 글로벌인베스터스 자산운용, 우리투자증권(현 NH투자증권) 리서치센터장... https://www.joongang.co.kr/article/25465633 국어 7등급→서울대 치대 합격…전국일주 20일, 뇌 바뀐 비결 https://www....",2026-09-30 11:20,https://www.joongang.co.kr/article/25465956,https://n.news.naver.com/mnews/article/025/0003554765?sid=101
고려대학교,국민일보,"KTL, 김선기 신임 원장 취임 “새로운 도약 이끌겠다”",김 원장은 강원 횡성군 출신으로 고려대 사회학과를 졸업하고 미국 카네기멜론대학교 대학원에서 정보통신기술 석사 학위를 취득했다. ▲한국도시가스협회 상근부회장 ▲대한무역투자진흥공사(KOTRA)...,2026-09-30 11:19,https://www.kmib.co.kr/article/view.asp?arcid=9000018537&cp=nv,https://n.news.naver.com/mnews/article/005/0001875860?sid=101
연세대학교,이사이언스,"네이버 스마트스토어 10년, 판매자 성장 단계 따라 지원축 금융에서 판...","30일 네이버가 서울대학교 유병준 교수 연구팀, 연세대학교 최보름 교수 연구팀과 공동 연구한 'D 커머스 리포트 2026, 스마트스토어 10년 진화 경로 보고서'에 따르면 스마트스토어 판매자가 필요로 하는 지원은 사업...",2026-09-30 11:18,https://www.e-science.co.kr/news/articleView.html?idxno=136334,https://www.e-science.co.kr/news/articleView.html?idxno=136334
서울대학교,이사이언스,"네이버 스마트스토어 10년, 판매자 성장 단계 따라 지원축 금융에서 판...","30일 네이버가 서울대학교 유병준 교수 연구팀, 연세대학교 최보름 교수 연구팀과 공동 연구한 'D 커머스 리포트 2026, 스마트스토어 10년 진화 경로 보고서'에 따르면 스마트스토어 판매자가 필요로 하는 지원은 사업...",2026-09-30 11:18,https://www.e-science.co.kr/news/articleView.html?idxno=136334,https://www.e-science.co.kr/news/articleView.html?idxno=136334
서울대학교,KBS,"서울시교육청, 내년 신규 임용 694명 확정…공립 중등교사 584명","국립학교 교사는 3개 학교로부터 위탁받아 10명을 선발하고, 특수 중등은 서울농학교와 한국우진학교에서 각 4명을, 국어 교사는 서울대학교사범대학부설중학교에서 2명을 뽑습니다. 사립학교 교사는 학교법인...",2026-09-30 11:16,https://news.kbs.co.kr/news/pc/view/view.do?ncd=8674441&ref=A,https://n.news.naver.com/mnews/article/056/0012265419?sid=102
서울대학교,bnt뉴스,‘유퀴즈’ 김연자→‘국중박 분장놀이’ 대상 수상자 전을슬 출격,비롯해 서울대에서 6년간 까치 연구에 매진한 일화를 전한다. 여기에 이동에만 일주일이 걸리는 남극을 10번 오가며 펭귄 연구에 몰두한 과정도 풀어낼 예정이다. 특히 동물들의 양육 행동을 연구하다 서울대 까치들의...,2026-09-30 11:16,https://www.bntnews.co.kr/article/view/bnt202609300201,https://www.bntnews.co.kr/article/view/bnt202609300201
서울대학교,여성소비자신문,"동원F&B·대상펫라이프, 반려견용 기능성 사료 출시·고양이 전용 영양...","두 제품 모두 미국 식품의약국(FDA)의 GRAS(Generally Recognized As Safe) 인증을 받은 썬테아닌을 함유해 긴장 완화에 도움을 줄 수 있으며, 서울대 특허기술 사용 원료로 면역 관리에 도움을 줄 수 있는 모유올리고당(HMO2F'L)을...",2026-09-30 11:16,http://www.wsobi.com/news/articleView.html?idxno=318951,http://www.wsobi.com/news/articleView.html?idxno=318951
서울대학교,헬로티,[헬로BOOK] AI 시대 경영의 운전대를 다시 잡다,김헌 서울대 인문학연구원 교수는 “AI 시대의 경영을 넘어 인간의 미래를 고민하는 모든 이에게 권하고 싶은 책”이라고 평했다. 이종관 성균관대학교 철학과 명예교수는 기술이 강력해질수록 인간이 무엇을 위해...,2026-09-30 11:16,https://www.hellot.net/news/article.html?no=115196,https://www.hellot.net/news/article.html?no=115196
연세대학교,한국강사신문,AI가 바꾸는 도시의 미래…서울서 세계 도시·교육·기술 전문가 한자리...,"연세대학교 이정훈 교수와 독일 카를스루에시 알베르트 코이플라인(Albert Käuflein) 부시장, 이탈리아... 맥거버 재단의 닉 케인(Nick Cain) 부대표가 기조연설을 맡으며, MIT와 케임브리지대학교, 프라운호퍼 IESE...",2026-09-30 11:16,https://www.lecturernews.com/news/articleView.html?idxno=211296,https://www.lecturernews.com/news/articleView.html?idxno=211296
연세대학교,뉴시스,국내 대표 휴머노이드 6종 한자리에…서울AI로봇쇼 51개사 참여,"신동준 연세대 교수, 황보제민 KAIST 교수·라이온로보틱스 대표, 남창모 로브로스 부대표, Aoi Fukawa 갤봇(GALBOT) 부사장 등 국내외 로봇·AI 전문가들이 참여해 피지컬 AI 기술 발전 방향과 로봇 산업 생태계 확장 방안을...",2026-09-30 11:15,https://www.newsis.com/view/NISX20260930_0003808493,https://n.news.naver.com/mnews/article/003/0014223201?sid=102
서울대학교,헤럴드경제,"박승흡씨, 근로복지공단 이사장 취임 [H-EXCLUSIVE]","박 이사장은 서울대 국어교육학과를 졸업한 뒤 1999년 한국비정규노동센터를 설립해 초대 소장을 맡았다. 이후 매일노동뉴스 발행인과 회장, 서울시 일자리위원회 공동위원장, 강원평화경제연구소 이사장 등을 역임했다....",2026-09-30 11:15,https://biz.heraldcorp.com/article/10888809?ref=naver,https://n.news.naver.com/mnews/article/016/0002703638?sid=101
서울대학교,기호일보,박병권 부천시의회 의장 경기 중부권 7개 시의회 의장협의회장에 선출,박 의장은 지난 29일 서울대학교 시흥캠퍼스에서 열린 경기도 중부권 7개시의회의장협의회 제129차 정례회의에서 신임 회장으로 선출됐다. 경기도 중부권 7개시의회의장협의회는 부천·광명·김포·안산·안양·시흥·군포...,2026-09-30 11:14,https://www.kihoilbo.co.kr/news/articleView.html?idxno=3036202,https://www.kihoilbo.co.kr/news/articleView.html?idxno=3036202
서울대학교,국제뉴스,"인천시립박물관, '역사라고 하는 거울' 박물관대학 수강생 모집","명지대학교 교수는 격변기 조선의 외교와 대외관계를 짚는다. 박현모 세종국가경영연구원 원장은 세종의 통치와 리더십을 재조명하고, 주경철 서울대학교 명예교수는 루이 14세를 통해 절대 왕정기의 정치와 사회를...",2026-09-30 11:14,https://www.gukjenews.com/news/articleView.html?idxno=3709199,https://www.gukjenews.com/news/articleView.html?idxno=3709199
연세대학교,공공뉴스,[김용신의 산책] 정치의 극단화,어쩌면 서로의 말을 더 이상 들으려 하지 않는 사회 역시 민주주의에서 멀어지고 있는 사회인지 모른다.  연세대학교 행정학과 연세민주동우회원 녹화공작 진실규명위원회원 협동조합 은빛기획 기획위원,2026-09-30 11:14,http://www.00news.co.kr/news/articleView.html?idxno=106877,http://www.00news.co.kr/news/articleView.html?idxno=106877
서울대학교,뉴스1,"구광모표 AI 인재 육성…LG, 서울대와 실리콘밸리 창업 꿈나무 키운다","지난 2023년부터 서울대학교와 함께 진행하는 청소년 AI 교육 사회공헌 사업인 LG AI 청소년 캠프는... 참가자들은 스탠퍼드 대학교(Stanford University), 멘로 대학교(Menlo College), UC버클리(UC Berkeley) 등에서 스타트업...",2026-09-30 11:13,https://www.news1.kr/industry/general-industry/6305826,https://n.news.naver.com/mnews/article/421/0009200098?sid=101
서울대학교,OSEN,"김연자 ""천억 원 수익 전남편에게 맡긴 뒤 무일푼으로 귀국"" ('유퀴즈')",이와 함께 ‘개미박사’ 최재천의 제자이자 남극 펭귄과 서울대 까치를 연구해온 동물 행동학자 이원영 박사가 출연해 펭귄의 ‘환승 결혼’과 외모지상주의 등 흥미진진한 연구 비하인드를 공개한다. 또한 만 10세에...,2026-09-30 11:13,http://www.osen.co.kr/article/G1112884769,https://m.entertain.naver.com/article/109/0005615577
서울대학교,뉴시스,"'구광모표 AI 인재 육성' LG, 서울대·실리콘밸리서 창업 꿈나무 키운다","LG는 2023년부터 서울대와 함께 청소년 AI 교육 사회공헌 사업의 일환으로 'LG AI 청소년 캠프'를 진행하고... 참가자들은 스탠퍼드 대학교(Stanford University), 멘로 대학교(Menlo College), UC버클리(UC Berkeley) 등에서...",2026-09-30 11:13,https://www.newsis.com/view/NISX20260930_0003808598,https://n.news.naver.com/mnews/article/003/0014223192?sid=101
서울대학교,서울경제,"가천대, 2027 THE 세계대학평가 국내 공동 14위","가천대학교가 영국 고등교육평가기관 THE가 발표한 ‘2027 THE 세계대학평가’에서 국내 공동 14위, 세계... 국내 대학 중에는 서울대가 세계 56위로 가장 높았고, KAIST, 성균관대, 연세대, 고려대, 포항공대가 뒤를...",2026-09-30 11:13,https://www.sedaily.com/article/20096489?ref=naver,https://n.news.naver.com/mnews/article/011/0004666773?sid=102
연세대학교,서울경제,"가천대, 2027 THE 세계대학평가 국내 공동 14위","가천대학교가 영국 고등교육평가기관 THE가 발표한 ‘2027 THE 세계대학평가’에서 국내 공동 14위, 세계... 국내 대학 중에는 서울대가 세계 56위로 가장 높았고, KAIST, 성균관대, 연세대, 고려대, 포항공대가 뒤를...",2026-09-30 11:13,https://www.sedaily.com/article/20096489?ref=naver,https://n.news.naver.com/mnews/article/011/0004666773?sid=102
고려대학교,서울경제,"가천대, 2027 THE 세계대학평가 국내 공동 14위","가천대학교가 영국 고등교육평가기관 THE가 발표한 ‘2027 THE 세계대학평가’에서 국내 공동 14위, 세계... 국내 대학 중에는 서울대가 세계 56위로 가장 높았고, KAIST, 성균관대, 연세대, 고려대, 포항공대가 뒤를...",2026-09-30 11:13,https://www.sedaily.com/article/20096489?ref=naver,https://n.news.naver.com/mnews/article/011/0004666773?sid=102
서울대학교,연합뉴스,"""가당음료 설탕부담금 '가성비' 낮아…100원 비용에 편익 4∼9원""","홍석철 서울대 교수 등 연구진, 국회 정책포럼서 결과 발표 가당음료에 설탕부담금을 도입했을 때의 이익이 비용 대비 턱없이 적어 오히려 손해일 수 있다는 분석이 나왔다. 홍석철 서울대 경제학부 교수는 30일...",2026-09-30 11:12,https://www.yna.co.kr/view/AKR20260930081600530?input=1195m,https://n.news.naver.com/mnews/article/001/0016346187?sid=102
연세대학교,데일리한국,"목원대, 8년간 435억 투입해 'AI중심대학'으로 전면 전환",투입해 대학 교육체계를 AI 중심으로 개편한다. 목원대는 29일 서울 연세대학교에서 열린 'AI중심대학·AX대학원 공동 출범식'에 참석해 사업의 공식 시작을 알렸다. 이에 따라 전교생 대상 AI 기초교육 이수를...,2026-09-30 11:12,https://daily.hankooki.com/news/articleView.html?idxno=1410781,https://daily.hankooki.com/news/articleView.html?idxno=1410781
고려대학교,뉴스1,"""낮보다 뜨거웠던 속초의 밤""…여름축제에 10만8000명 몰렸다",속초시는 고려대학교 디지털혁신연구센터와 함께 지난 7월 31일부터 8월 2일까지 속초해수욕장 일원에서 열린 '2026 속초 썸머 페스티벌'의 이동통신 빅데이터 등을 분석한 결과 이같이 나타났다고 30일 밝혔다. 축제...,2026-09-30 11:11,https://www.news1.kr/local/kangwon/6305810,https://n.news.naver.com/mnews/article/421/0009200089?sid=102
연세대학교,쿠키뉴스,"목원대, 8년간 435억 투입 전교생 AI교육 진행",목원대는 지난 29일 서울 연세대학교 백양누리 그랜드볼룸에서 열린 ‘AI중심대학·AX대학원 공동... AI중심대학은 대학 교육체계를 AI 중심으로 바꿔 AI 전문인재와 각 전공에 AI를 접목할 수 있는 AX 융합인재를...,2026-09-30 11:10,https://www.kukinews.com/article/view/kuk202609300069,https://www.kukinews.com/article/view/kuk202609300069
서울대학교,뉴스1,"두나무, '업비트 인스티튜셔널 서밋' 성료…디지털자산 정책 리더 총출...","지난 29일 서울 광진구 그랜드 워커힐 서울에서 열린 UIS에는 패트릭 위트(Patrick Witt) 미국 백악관 대통령... 이종섭 서울대학교 경영대학 교수를 좌장으로 최원석 두나무 해외사업총괄(CGBO), 엄태성 하나금융지주...",2026-09-30 11:08,https://www.news1.kr/finance/blockchain-fintech/6305758,https://n.news.naver.com/mnews/article/421/0009200076?sid=101
서울대학교,전국매일신문,"전남광주통합특별시, 초대 산업경제부시장 강명수 임명","강명수 신임 부시장은 나주 출신으로 광주제일고와 서울대학교 경제학과를 졸업하고, 서울대학교에서 행정학 석사, 미국 미주리대학교에서 경제학 박사 학위를 취득했다. 제35회 행정고시를 통해 공직에 입문한 후...",2026-09-30 11:08,https://www.jeonmae.co.kr/news/articleView.html?idxno=1297561,https://www.jeonmae.co.kr/news/articleView.html?idxno=1297561
고려대학교,한스경제,"[현장] 원화 스테이블코인, 발행 넘어 '시장 설계'로",국제정보보호대학원 교수가 좌장을 맡아 '원화 스테이블코인 규제 및 거버넌스 구축 방향'을 놓고 토론을... 조용민 고려대 교수는 발행사의 지분 구조보다 준비자산과 상환 통로가 가치 안정성에 더 직접적인 영향을...,2026-09-30 11:08,http://www.hansbiz.co.kr/news/articleView.html?idxno=868677,http://www.hansbiz.co.kr/news/articleView.html?idxno=868677
고려대학교,쿠키뉴스,김선기 제17대 KTL 원장 취임…미래 성장산업·글로벌 진출 지원 강화,"김 원장은 강원 횡성 출신으로 고려대 사회학과를 졸업하고 미국 카네기멜론대학교 대학원에서 정보통신기술 석사 학위를 취득했다. 이후 한국도시가스협회 상근부회장, 대한무역투자진흥공사(KOTRA)...",2026-09-30 11:08,https://www.kukinews.com/article/view/kuk202609300067,https://www.kukinews.com/article/view/kuk202609300067
고려대학교,충남일보,"고려대 세종캠퍼스, AI 융합교육체계 구축","고려대학교 세종캠퍼스가 'AI중심대학' 사업에 선정돼 전교생과 전 학과를 아우르는 AI 교육체계를 구축하고, 세종시 행정·정책·산업 인프라를 활용한 GovTech 및 공공 AX(AI Transformation) 전문인재 양성에 나선다....",2026-09-30 11:08,http://www.chungnamilbo.co.kr/news/articleView.html?idxno=912340,http://www.chungnamilbo.co.kr/news/articleView.html?idxno=912340
고려대학교,서울경제TV,"김선기 KTL 원장 취임 ""대한민국 대표 시험인증 기관 될 것""","김 원장은 강원 횡성군 출신으로 고려대 사회학과를 졸업하고, 미국 카네기멜론대학교 대학원에서 정보통신기술 석사 학위를 취득했다. 또한 김 원장은▲한국도시가스협회 상근부회장 ▲대한무역투자진흥공사(KOTRA)...",2026-09-30 11:08,https://www.sentv.co.kr/article/view/sentv202609300107,https://www.sentv.co.kr/article/view/sentv202609300107
서울대학교,더팩트,"두나무, 美 백악관·재무부부터 韓 여야 의원까지…UIS 2026 성료","두나무는 지난 29일 서울 광진구 그랜드 워커힐 서울에서 열린 '업비트 인스티튜셔널 서밋(UIS) 2026'을... 이종섭 서울대학교 경영대학 교수를 좌장으로 최원석 두나무 해외사업총괄, 엄태성 하나금융지주 상무, 황성원...",2026-09-30 11:07,https://news.tf.co.kr/read/economy/2371181.htm,https://n.news.naver.com/mnews/article/629/0000538018?sid=101
연세대학교,아시아투데이,"가천대, THE 세계대학평가 국내 공동 14위…세계 순위도 상승","아시아투데이 박준성 기자 = 가천대학교가 영국 타임스고등교육(THE)이 발표한 '2027 세계대학평가'에서... 국내 대학 중에선 서울대가 세계 56위로 가장 높았고, KAIST 64위, 성균관대 68위, 연세대 80위, 고려대 128위...",2026-09-30 11:06,https://www.asiatoday.co.kr/kn/view.php?key=20260930010010553,https://www.asiatoday.co.kr/kn/view.php?key=20260930010010553
고려대학교,아시아투데이,"가천대, THE 세계대학평가 국내 공동 14위…세계 순위도 상승","아시아투데이 박준성 기자 = 가천대학교가 영국 타임스고등교육(THE)이 발표한 '2027 세계대학평가'에서... 국내 대학 중에선 서울대가 세계 56위로 가장 높았고, KAIST 64위, 성균관대 68위, 연세대 80위, 고려대 128위...",2026-09-30 11:06,https://www.asiatoday.co.kr/kn/view.php?key=20260930010010553,https://www.asiatoday.co.kr/kn/view.php?key=20260930010010553
연세대학교,조선비즈,대학가 인근 일부 아파트 신고가 거래… ‘시티오씨엘 9단지 오션파크뷰...,"단지 주변에는 한양대학교 ERICA캠퍼스와 신안산대학교, 서울예술대학교 등이 있다. 인천에서도 대학가... 인하대학교 용현캠퍼스가 인근에 있으며, 분양 관계자에 따르면 연세대학교 국제캠퍼스와 인천대학교...",2026-09-30 11:06,https://biz.chosun.com/industry/business_info/2026/09/30/T5OIVEBC4BHKLJH3VF72Q3TSGU/?utm_source=naver&utm_medium=original&utm_campaign=biz,https://n.news.naver.com/mnews/article/366/0001195263?sid=101
서울대학교,파이낸셜포스트,"한진, '정책기획담당 부사장' 신설… 최종석 전 안전보안실장 선임","최 부사장은 1970년생으로 서울대 사회복지학과를 졸업하고 코넬대 노사관계대학원 석사, 고려대 경영학 박사 학위를 받았다. 행정고시 합격 후 ▲고용노동부 사무관 ▲대통령실 고용노사비서관실 행정관 ▲주미대사관...",2026-09-30 11:06,https://www.financialpost.co.kr/news/articleView.html?idxno=278009,https://www.financialpost.co.kr/news/articleView.html?idxno=278009
서울대학교,아시아투데이,"가천대, THE 세계대학평가 국내 공동 14위…세계 순위도 상승","아시아투데이 박준성 기자 = 가천대학교가 영국 타임스고등교육(THE)이 발표한 '2027 세계대학평가'에서... 국내 대학 중에선 서울대가 세계 56위로 가장 높았고, KAIST 64위, 성균관대 68위, 연세대 80위, 고려대 128위...",2026-09-30 11:06,https://www.asiatoday.co.kr/kn/view.php?key=20260930010010553,https://www.asiatoday.co.kr/kn/view.php?key=20260930010010553
고려대학교,파이낸셜포스트,"한진, '정책기획담당 부사장' 신설… 최종석 전 안전보안실장 선임","최 부사장은 1970년생으로 서울대 사회복지학과를 졸업하고 코넬대 노사관계대학원 석사, 고려대 경영학 박사 학위를 받았다. 행정고시 합격 후 ▲고용노동부 사무관 ▲대통령실 고용노사비서관실 행정관 ▲주미대사관...",2026-09-30 11:06,https://www.financialpost.co.kr/news/articleView.html?idxno=278009,https://www.financialpost.co.kr/news/articleView.html?idxno=278009
연세대학교,폴리뉴스,"섹타나인, 새 대표에 한순욱…카카오페이 COO 출신 경영전략 경험",액센츄어·쿠팡 거쳐 카카오페이 COO 한 대표는 1974년생으로 연세대학교 경영학과를 졸업했다. 2007년 베어링포인트와 KPMG에서 컨설팅 매니저로 근무한 뒤 2011년 액센츄어로 이동했다. 제조·유통·소비재·서비스...,2026-09-30 11:05,https://www.polinews.co.kr/news/articleView.html?idxno=744414,https://www.polinews.co.kr/news/articleView.html?idxno=744414
서울대학교,위클리오늘,[자동차업계 동향] 현대차ㆍ현대모비스ㆍ한국타이어 (9.30),"현대모비스는 30일 서울 강남구 본사에서 산업통상부가 주관한 '미래차 생태계 구축 협력' 업무협약을... 서울대학교 순환디자인연구실 디스코랩과 공동 개발했으며 블래더 분말을 활용한 가구와 브릭, 라이프스타일...",2026-09-30 11:04,http://www.weeklytoday.com/news/articleView.html?idxno=796328,http://www.weeklytoday.com/news/articleView.html?idxno=796328
고려대학교,핀포인트뉴스,"한진, 최종석 전 안전보안실장 정책기획담당 부사장 선임","1970년생인 최 부사장은 서울대 사회복지학과를 졸업하고 코넬대 노사관계대학원에서 석사, 고려대에서 경영학 박사 학위를 받았다. 행정고시 합격 후 고용노동부 사무관으로 공직을 시작했고 대통령실...",2026-09-30 11:04,https://www.pinpointnews.co.kr/news/articleView.html?idxno=491314,https://www.pinpointnews.co.kr/news/articleView.html?idxno=491314
고려대학교,신아일보,"한진, 노동·정책 전문가 최종석 부사장 선임…대외 대응력 높인다",최 부사장은 1970년생으로 서울대 사회복지학과를 졸업하고 미국 코넬대 노사관계대학원에서 석사 학위를 받았다. 이후 고려대에서 경영학 박사 학위를 취득했다. 행정고시 합격 후 고용노동부 사무관으로 공직생활을...,2026-09-30 11:04,https://www.shinailbo.co.kr/news/articleView.html?idxno=5067245,https://www.shinailbo.co.kr/news/articleView.html?idxno=5067245
서울대학교,신아일보,"한진, 노동·정책 전문가 최종석 부사장 선임…대외 대응력 높인다","최 부사장은 1970년생으로 서울대 사회복지학과를 졸업하고 미국 코넬대 노사관계대학원에서 석사 학위를... 행정고시 합격 후 고용노동부 사무관으로 공직생활을 시작해 대통령실 고용노사비서관실 행정관, 서울지방노...",2026-09-30 11:04,https://www.shinailbo.co.kr/news/articleView.html?idxno=5067245,https://www.shinailbo.co.kr/news/articleView.html?idxno=5067245
연세대학교,PCKWORLD,전 남선교회장 김장원 장로 별세,"향년 91세. 빈소는 연세대학교 신촌장례식장 특1호실에 마련돼 있으며, 10월 1일 장례예식 후 에덴낙원에 안치된다. 유족으로는 부인과 2남 1녀가 있다. 한국기독공보",2026-09-30 11:04,http://www.pckworld.com/article.php?aid=11230823640,http://www.pckworld.com/article.php?aid=11230823640
서울대학교,핀포인트뉴스,"한진, 최종석 전 안전보안실장 정책기획담당 부사장 선임","서울대 사회복지학과를 졸업하고 코넬대 노사관계대학원에서 석사, 고려대에서 경영학 박사 학위를 받았다. 행정고시 합격 후 고용노동부 사무관으로 공직을 시작했고 대통령실 고용노사비서관실 행정관, 서울지방노동...",2026-09-30 11:04,https://www.pinpointnews.co.kr/news/articleView.html?idxno=491314,https://www.pinpointnews.co.kr/news/articleView.html?idxno=491314
연세대학교,뉴시스,"초보엔 수수료 깎아주고, 베테랑엔 손님 붙여준다…'스마트스토어 10년...","네이버가 유병준 서울대 교수 연구팀, 최보름 연세대 교수 연구팀과 공동 연구한 'D-커머스 리포트 2026: 스마트스토어 10년 진화 경로 보고서'를 30일 발간했다고 밝혔다. 조사 결과 스마트스토어를 주력으로 운영하는...",2026-09-30 11:03,https://www.newsis.com/view/NISX20260930_0003808534,https://n.news.naver.com/mnews/article/003/0014223098?sid=105
서울대학교,뉴시스,"초보엔 수수료 깎아주고, 베테랑엔 손님 붙여준다…'스마트스토어 10년...","네이버가 유병준 서울대 교수 연구팀, 최보름 연세대 교수 연구팀과 공동 연구한 'D-커머스 리포트 2026: 스마트스토어 10년 진화 경로 보고서'를 30일 발간했다고 밝혔다. 조사 결과 스마트스토어를 주력으로 운영하는...",2026-09-30 11:03,https://www.newsis.com/view/NISX20260930_0003808534,https://n.news.naver.com/mnews/article/003/0014223098?sid=105
고려대학교,아주경제,"속초 썸머 페스티벌, 관광객 50%·상권 매출 35% 끌어올렸다",속초시가 고려대학교 디지털혁신연구센터와 함께 실시한 분석에 따르면 축제 기간 사흘간 누적 방문객은 10만8532명으로 집계됐다. 축제 1주 전인 비교기간 7만2093명보다 50.5% 증가한 수치다. 하루 평균 방문객 역시...,2026-09-30 11:02,https://www.ajunews.com/view/20260930105150956,https://www.ajunews.com/view/20260930105150956
연세대학교,IDSN,"매일유업, 대학 축제 현장 찾는다...체험형 이벤트 부스 운영","행사는 지난 22일 연세대학교 신촌캠퍼스에서 처음 진행됐으며, 오는 10월 1일부터 2일까지 한양대학교 서울캠퍼스 축제에서도 운영될 예정이다. ‘매일 도파민 충전소’는 대학생들이 현장에서 매일유업의 여러 브랜드와...",2026-09-30 11:02,https://idsn.co.kr/news/view/1065578423779462,https://idsn.co.kr/news/view/1065578423779462
고려대학교,더리포트,"마스턴투자운용, 임직원 물품 기부 캠페인···발달장애인 자립 지원","한편, 마스턴투자운용 사회공헌추진단은 출범 이후 고려대, 한국외대, 성균관대, 한양대 학생 등을 대상으로 임직원 재능 기부 특강을 진행했다. 밀알복지재단과 장애인 인식 개선 프로그램도 진행하고 있다. 류상우...",2026-09-30 11:02,https://www.thereport.co.kr/news/articleView.html?idxno=91862,https://www.thereport.co.kr/news/articleView.html?idxno=91862
연세대학교,아주경제,"수시 일반전형 지원자 절반이 '논술'로…""수능 최저 충족이 관건""","10일 연세대, 11일 가톨릭대(의·약 제외)·중앙대(창의형)가 시험을 치르는 등 11월 1일 서경대까지 수능 전 논술 일정이 빡빡하게 이어진다. 수능 직후인 11월 21일부터 12월 6일까지는 나머지 대학들의 논술고사가...",2026-09-30 11:02,https://www.ajunews.com/view/20260930105619973,https://www.ajunews.com/view/20260930105619973
연세대학교,연합뉴스,빠른 정산에서 AI 추천까지…네이버 스마트스토어의 10년,"쇼핑라이브·물류·커머스 설루션으로 판매자 지원 확장 서울대·연세대 공동 연구…디지털·AI 전환 경로 조명 네이버는 서울대학교 유병준 교수 연구팀, 연세대학교 최보름 교수 연구팀과 공동 연구한 'D-커머스...",2026-09-30 11:01,https://www.yna.co.kr/view/AKR20260930077300017?input=1195m,https://n.news.naver.com/mnews/article/001/0016346134?sid=105
서울대학교,연합뉴스,빠른 정산에서 AI 추천까지…네이버 스마트스토어의 10년,"쇼핑라이브·물류·커머스 설루션으로 판매자 지원 확장 서울대·연세대 공동 연구…디지털·AI 전환 경로 조명 네이버는 서울대학교 유병준 교수 연구팀, 연세대학교 최보름 교수 연구팀과 공동 연구한 'D-커머스...",2026-09-30 11:01,https://www.yna.co.kr/view/AKR20260930077300017?input=1195m,https://n.news.naver.com/mnews/article/001/0016346134?sid=105
연세대학교,인사이트,"요즘 1020이 쓰는 '야르', 알고 보니 2009년 '꽃보다 남자'에 등장했다","남길임 연세대 국어국문학과 교수는 ""과거에는 기록이 거의 남지 않아 (유행어) 쓰임이 멈추면 사실상 사라진 것과 같았다""며 ""2000년대 이후에는 방송 영상, 포털 사전, 게시판 글 등 디지털 기록이 남아 있어 과거와...",2026-09-30 11:00,https://www.insight.co.kr/news/575879,https://www.insight.co.kr/news/575879
서울대학교,메디게이트뉴스,"딥노이드, 180억 규모 국가 R&D ‘한국형 ARPA-H 프로젝트’ 참여","주관연구개발기관은 삼성서울병원(정신건강의학과 전홍진 교수 연구팀)이 맡았고 딥노이드와 서울대학교·성균관대학교·경희대학교병원이 공동연구기관으로, 서울대학교병원·경희대학교가 참여 기관으로...",2026-09-30 10:58,https://www.medigatenews.com/news/2044038523,https://www.medigatenews.com/news/2044038523
고려대학교,한국대학신문,"전북대 프랑스·아프리카연구소, 고교생과 '낯선 세계' 아프리카를 만나...",(사진=전북대)  전북대학교 프랑스·아프리카연구소(소장 조화림 교수)가 우리에게 생경한 아프리카에 대한... 첫 강좌에는 서상현 고려대학교 아세아문제연구원 아프리카센터 연구위원이 강연자로 나서 '아프리카 이해...,2026-09-30 10:58,https://news.unn.net/news/articleView.html?idxno=598071,https://news.unn.net/news/articleView.html?idxno=598071
서울대학교,벤처스퀘어,"두나무, 백악관·美 재무부·아시아 규제당국 서울로…디지털자산 ‘제...",관계자들이 서울에 모여 디지털자산이 기존 금융과 결합하는 다음 단계를... 국내 금융산업의 온체인 전환을 다룬 세션에는 이종섭 서울대학교 경영대학 교수를...,2026-09-30 10:57,https://www.venturesquare.net/1116928/,https://www.venturesquare.net/1116928/
고려대학교,뉴스핌,"[정국진단] 김효은 ""靑 요구 받으면 사법 붕괴 지옥문…대법원장을 '제...","◆프로필 -1983년생(경북 영천) -영천여고, 영남대 사범대학 영어교육학과, 고려대 대학원 영어교육학 석사과정 수료, 미국 컬럼비아대 TESOL 과정 수료 -국민의힘 대변인 -교육부 정책보좌관, EBSi 영어 강사, 방송 KBS 라디오...",2026-09-30 10:57,https://www.newspim.com/news/view/20260930000570,https://www.newspim.com/news/view/20260930000570
서울대학교,천지일보,서울 공립 중등교사 등 694명 선발… 전년보다 306명 감소,서울농학교와 서울대학교사범대학부설중학교는 1차 시험을 공립과 동시에 치른다. 2차 시험은 학교별로 시행한다. 한국우진학교는 1·2차 시험 모두 공립과 동시에 실시한다. 사립학교는 76개 학교법인 소속...,2026-09-30 10:56,https://www.newscj.com/news/articleView.html?idxno=3436664,https://www.newscj.com/news/articleView.html?idxno=3436664
서울대학교,파이낸셜포스트,"""기술은 사람 향해야""…LG 구광모 '인재 육성' AI 사다리 넓힌다","LG가 미래 인공지능(AI) 인재 양성을 목표로 서울대학교와 손잡고 진행하는 청소년 대상 사회공헌 교육... 지난 3기 참가자들은 실리콘밸리 부트캠프에 참여해 스탠퍼드 대학교와 멘로 대학교, UC버클리 등에서 창업...",2026-09-30 10:56,https://www.financialpost.co.kr/news/articleView.html?idxno=278001,https://www.financialpost.co.kr/news/articleView.html?idxno=278001
서울대학교,매일경제,“통일 필요하다” 48% 그쳐…국민 절반도 동의 안 했다,"통일연구원 조사, 2년 연속 절반 밑돌아 서울대 조사선 39%만 통일 공감 젊은층일수록 통일 필요성 인식... 서울대 통일평화연구원이 최근 발표한 ‘2026 통일의식조사’에서는 통일이 필요하다는 응답이 39.0%에...",2026-09-30 10:56,https://www.mk.co.kr/article/12164620,https://n.news.naver.com/mnews/article/009/0005741838?sid=100
서울대학교,파이낸셜리뷰,"세계로 뻗는 '한국(Hankook)' 디자인...한국타이어, IDEA 어워드 본상",서울대학교 순환디자인연구실 '디스코랩(DISCO Lab)'과 공동 개발한 '리무브'는 타이어 생산 과정에서 나오는 부산물 '블래더(Bladder)'를 활용한 업사이클링 프로젝트다. 출품작 '블래더 업사이클링 시리즈'는...,2026-09-30 10:56,http://www.financialreview.co.kr/news/articleView.html?idxno=45176,http://www.financialreview.co.kr/news/articleView.html?idxno=45176
서울대학교,YTN,친분에서 시작된 최악의 결말...'수상한 거래' 들통 [자막뉴스],"30~40대인 핵심 혐의자 5명은 서울대 경영동아리와 글로벌 컨설팅회사에서 인연을 맺어 함께 활동하던 사이로, 각자 사모펀드 운용사 등의 임직원이 돼 공개매수와 같은 인수합병 업무를 맡아왔습니다. 친분에서 시작한...",2026-09-30 10:54,https://www.ytn.co.kr/_ln/0134_202609301054287732,https://n.news.naver.com/mnews/article/052/0002412824?sid=101
서울대학교,베리타스알파,과천외고 프랑스어과 '전문 직업인 초청 특강' 성료.. '만족도 96.3%',강연은 프랑스 국제 뉴스 방송사 프랑스 24의 서울 특파원 클로에 보르뇽과 프랑스 3대 일간지 리베라시옹의... 2026대입에서 8명의 서울대 수시 합격자가 나왔다. 2025대입에서도 수시로만 11명의 서울대 합격자를...,2026-09-30 10:54,https://www.veritas-a.com/news/articleView.html?idxno=629951,https://www.veritas-a.com/news/articleView.html?idxno=629951
서울대학교,뉴스1,"한국타이어, '리무브·휠봇2'로 IDEA 디자인 어워드 본상 2건 수상","서울대학교 순환디자인연구실 디스코랩과 공동 개발했으며, 올해 레드닷 디자인 어워드 본상과 A' 디자인 어워드 금상, 그린 굿 디자인 어워드에 이어 이번 수상까지 4관왕에 올랐다. 휠봇2는 구형 타이어 기반의...",2026-09-30 10:54,https://www.news1.kr/industry/auto-industry/6305740,https://n.news.naver.com/mnews/article/421/0009200008?sid=103
서울대학교,대학저널,"가천대, ‘2027 THE 세계대학평가’ 국내 14위",가천대학교.  가천대학교가 영국 고등교육평가기관 THE(Times Higher Education)가 발표한 ‘2027 THE... 옥스퍼드대학이 11년 연속 세계 1위를 차지했다. 국내 대학 가운데 서울대가 세계 56위로 가장 높은 순위를 기록했다.,2026-09-30 10:54,https://dhnews.co.kr/news/view/1065576438846690,https://dhnews.co.kr/news/view/1065576438846690
서울대학교,파이낸스투데이,"테오도르의 시장분석 : 6,900선 회복, 외국인 반도체 업종 중심 순매수 ...",또한 어제 발표된 서울대 투자동아리 출신 인사들의 불법 정보 이용 사건은 금융권에 큰 충격을 주고 있다.... 서울대 투자동아리 출신 5명이 글로벌 컨설팅 회사와의 인연을 바탕으로 상장사 공모 매수 등 미공개...,2026-09-30 10:54,https://www.fntoday.co.kr/news/articleView.html?idxno=394184,https://www.fntoday.co.kr/news/articleView.html?idxno=394184
서울대학교,매일일보,"시흥시, '서울대 바이오 데이'서 바이오 특화단지 비전 알렸다",매일일보 = 송훈희 기자   |  시흥시가 29일 서울대학교 호암교수회관에서 열린 '제6회 서울대 바이오 데이(SNU BIO-DAY)'에 참가해 시흥 바이오산업과 국가첨단전략산업 바이오 특화단지의 비전을 제시하고 기업 유치를 위한...,2026-09-30 10:52,https://www.m-i.kr/news/articleView.html?idxno=2000987,https://www.m-i.kr/news/articleView.html?idxno=2000987
서울대학교,포스인사이트,"[산업소식] 삼성전자, 고객만족도 평가 9개 부문 1위","(왼쪽부터) 이재강 사단법인 그린라이트 회장, 이덕현 기아 지속가능경영실장 상무, 최선자 서울시립발달장애인복지관장, 김예지 국회의원, 박종화 서울대 교수, 정의철 기아 기업전략실장 전무, 장상훈...",2026-09-30 10:52,http://www.4th.kr/news/articleView.html?idxno=2118895,http://www.4th.kr/news/articleView.html?idxno=2118895
고려대학교,의사신문,[건강정보] 가을만 되면 콧물 줄줄···감기 아닌 '알레르기 비염' 의심...,"신재민 고려대 안암병원 이비인후과 교수 아침, 저녁으로 선선한 바람이 불고 일교차가 커지는 가을철이면... 면역치료를 고려할 수 있다. 평소 생활환경 관리도 중요하다. 집먼지진드기가 주요 원인이라면 침구류를...",2026-09-30 10:50,http://www.doctorstimes.com/news/articleView.html?idxno=240227,http://www.doctorstimes.com/news/articleView.html?idxno=240227
서울대학교,뉴데일리경제,"㈜한진, 부사장식 신설 … 노동부·언론 출신 최종석 정책기획담당 선임","1970년생으로 서울대 사회복지학과 졸업 후 코넬대 노사관계대학원에서 석사 학위를, 고려대에서 경영학 박사 학위를 취득했다. 행정고시 합격 후 고용노동부 사무관으로 시작해 대통령실 고용노사비서관실 행정관, 서울...",2026-09-30 10:50,https://biz.newdaily.co.kr/site/data/html/2026/09/30/2026093000118.html,https://biz.newdaily.co.kr/site/data/html/2026/09/30/2026093000118.html
서울대학교,한스경제,"딥노이드, 노인 정신건강 AI 개발…180억 국책사업",주관연구개발기관은 삼성서울병원(정신건강의학과 전홍진 교수 연구팀)이 맡았고 딥노이드와 서울대학교·성균관대학교·경희대학교병원이 공동연구기관으로 서울대학교병원·경희대학교가 참여 기관으로...,2026-09-30 10:50,http://www.hansbiz.co.kr/news/articleView.html?idxno=868870,http://www.hansbiz.co.kr/news/articleView.html?idxno=868870
고려대학교,뉴데일리경제,"㈜한진, 부사장식 신설 … 노동부·언론 출신 최종석 정책기획담당 선임","최 부사장은 1970년생으로 서울대 사회복지학과 졸업 후 코넬대 노사관계대학원에서 석사 학위를, 고려대에서 경영학 박사 학위를 취득했다. 행정고시 합격 후 고용노동부 사무관으로 시작해 대통령실 고용노사비서관실...",2026-09-30 10:50,https://biz.newdaily.co.kr/site/data/html/2026/09/30/2026093000118.html,https://biz.newdaily.co.kr/site/data/html/2026/09/30/2026093000118.html
고려대학교,한스경제,"도구로보틱스, 美 볼주립대와 전시계약","이번 계약은 기존 산학협력이 현지 대학을 대상으로 한 유상 서비스 제공으로 이어졌다는 데 의미가 있다.... 국내에서는 고려대학교 구로병원, 동대문구청, 연암대학교 팜한농 창사원, 대전중앙지하상가, 통영시 강구안...",2026-09-30 10:50,http://www.hansbiz.co.kr/news/articleView.html?idxno=868918,http://www.hansbiz.co.kr/news/articleView.html?idxno=868918
서울대학교,위키트리,“나는 바보였다” 문세광 유언…사형집행 직전 남긴 말,당시 서울 장충동 국립극장에서는 제29주년 광복절 경축식이 열리고 있었으며 박정희 대통령이 단상에서... 당시 육영수 여사의 머리에 맞아 치명상을 입었고 곧바로 서울대학교 병원으로 이송돼 응급 수술을 받았으나...,2026-09-30 10:50,https://www.wikitree.co.kr/articles/1162954,https://www.wikitree.co.kr/articles/1162954
연세대학교,한스경제,김석준이 교장들에 낸 숙제…'줄 세우기' 말고 '다름',"첫날 강단에 서는 연세대 김영훈 교수는 '노력과 재능을 대하는 태도'를 주제로, 학생들을 한 잣대로 견주는 획일적인 '비교의 문화'에서 벗어나 저마다의 개성을 인정하는 '고유성의 문화'로 옮겨가야 한다는 메시지를...",2026-09-30 10:48,http://www.hansbiz.co.kr/news/articleView.html?idxno=868891,http://www.hansbiz.co.kr/news/articleView.html?idxno=868891
고려대학교,베리타스알파,전북대 프랑스·아프리카연구소 고교생 대상 찾아가는 아프리카 인문강...,첫 강연은 서상현 고려대 아세아문제연구원 아프리카센터 연구위원이 맡았다. 서 연구위원은 '아프리카 이해... 대학의 인문학 성과를 지역사회와 공유하고 학문과 사회가 만나는 지점을 넓혀 지역 인문 생태계를...,2026-09-30 10:46,https://www.veritas-a.com/news/articleView.html?idxno=629987,https://www.veritas-a.com/news/articleView.html?idxno=629987
연세대학교,인더스트리뉴스,"부산교육청, 교원 선발·학교 리더십 강화…교육현장 새판 짠다",첫날에는 연세대 김영훈 교수가 '노력과 재능을 대하는 태도'를 주제로 특강한다. 학생을 획일적으로 비교하기보다 개개인의 다름과 고유성을 존중하는 교육으로 전환하고 학생 맞춤형 성장 지원 방안을 모색한다....,2026-09-30 10:46,https://www.industrynews.co.kr/news/articleView.html?idxno=86743,https://www.industrynews.co.kr/news/articleView.html?idxno=86743
서울대학교,파이낸스투데이,"코스맥스, AI로 원형탈모 예측···맞춤형 헤어케어 확대",코스맥스는 서울대학교와 모발의 시스틴 결합을 복구하는 신소재 '코어링크-에스(Corelink-S)'를 개발했다. 회사에 따르면 이 소재를 적용한 결과 손상모의 인장 강도가 120% 이상 개선됐다. 인체 모낭 오가노이드를 활용해...,2026-09-30 10:46,http://www.finomy.com/news/articleView.html?idxno=262576,http://www.finomy.com/news/articleView.html?idxno=262576
서울대학교,스마트경제,"""사이버대 유일 통합건강관리학, 디지털 헬스와 손잡았다""… 서울사이버...",서울사이버대학교(총장 이은주) 통합건강관리학과는 지난 16일 13시 서울사이버대 B동 105호에서 디지털... 특히 김주영 바이오뉴트리온 대표는 서울대학교 의과대학 졸업 후 동 대학원에서 의학박사 학위를 취득한...,2026-09-30 10:46,http://www.dailysmart.co.kr/news/articleView.html?idxno=130382,http://www.dailysmart.co.kr/news/articleView.html?idxno=130382
서울대학교,브레이크뉴스,"부산시, 제12회 R&D 주간 개최...미래기술과 지역 혁신 논의","기조강연에서는 김태유 규제합리화위원회 부위원장 겸 서울대 명예교수가 ‘북극항로 시대, 부산의 미래’를 주제로 부산의 미래 발전 방향을 제시한다. 김성근...",2026-09-30 10:46,http://www.breaknews.com/1239927,http://www.breaknews.com/1239927
서울대학교,한국경제,"장동혁 ""AI 기술패권 시대 도래…정치가 머뭇거려선 안 돼""",이날 강연에는 윤석열 정부에서 과학기술정보통신부 장관을 지낸 이종호 서울대 전기정보공학부 교수가 나섰다. 이 교수는 AI 시대에 맞춰 대학 교육도 변화해야 한다고 강조했다. 강의 과목 수를 줄이더라도 각...,2026-09-30 10:44,https://www.hankyung.com/article/202609304168i,https://n.news.naver.com/mnews/article/015/0005337520?sid=100
서울대학교,싱글리스트,"'유퀴즈' 국중박 분장놀이 대상 출격…전은슬 ""잉어 연적, 단돈 4만원으...",사연과 서울대에서 6년간 까치를 연구한 이야기를 전한다. 이동에만 일주일이 걸리는 남극을 10차례 오가며 펭귄 연구에 몰두한 과정도 공개한다. 동물의 양육 행동을 연구하다 서울대 까치들의 타깃이 돼 뒤통수를 맞고...,2026-09-30 10:44,https://www.slist.kr/news/articleView.html?idxno=769898,https://www.slist.kr/news/articleView.html?idxno=769898
서울대학교,뉴스드림,"한진, 최종석 정책기획 부사장 발탁…대내외 리스크 관리 속도","부사장은 서울대 사회복지학과를 졸업하고 미국 코넬대 노사관계대학원에서 석사, 고려대에서 경영학 박사 학위를 받았다. 행정고시에 합격한 뒤 고용노동부 사무관을 시작으로 대통령실 고용노사비서관실 행정관, 서울...",2026-09-30 10:44,http://www.newsdream.kr/news/articleView.html?idxno=119091,http://www.newsdream.kr/news/articleView.html?idxno=119091
서울대학교,블로터,"한진, 정책기획담당 부사장직 신설…노동부 출신 최종석 선임","최 부사장은 1970년생으로 서울대학교 사회복지학과를 졸업한 뒤 미국 코넬대학교 노사관계대학원에서 석사... 행정고시 합격 후 고용노동부 사무관을 시작으로 대통령실 고용노사비서관실 행정관, 서울지방노동위원회...",2026-09-30 10:44,https://www.bloter.net/news/articleView.html?idxno=674693,https://n.news.naver.com/mnews/article/293/0000091047?sid=101
고려대학교,뉴스드림,"한진, 최종석 정책기획 부사장 발탁…대내외 리스크 관리 속도","1970년생인 최 부사장은 서울대 사회복지학과를 졸업하고 미국 코넬대 노사관계대학원에서 석사, 고려대에서 경영학 박사 학위를 받았다. 행정고시에 합격한 뒤 고용노동부 사무관을 시작으로 대통령실 고용노사비서관실...",2026-09-30 10:44,http://www.newsdream.kr/news/articleView.html?idxno=119091,http://www.newsdream.kr/news/articleView.html?idxno=119091
고려대학교,에듀동아,"가천대, '2027 THE 세계대학평가' 국내 공동 14위","가천대학교(총장 이길여)가 영국 고등교육평가기관 THE(Times Higher Education)가 발표한 '2027 THE 세계대학평... (80위), 고려대(128위), 포항공대(143위) 등이 뒤를 이었다. 가천대 이길여 총장은 ""가천대는 교육과 연구의...",2026-09-30 10:44,https://edu.donga.com/news/articleView.html?idxno=112369,https://edu.donga.com/news/articleView.html?idxno=112369
서울대학교,에듀동아,"가천대, '2027 THE 세계대학평가' 국내 공동 14위","가천대학교(총장 이길여)가 영국 고등교육평가기관 THE(Times Higher Education)가 발표한 '2027 THE... 국내 대학 가운데 서울대가 세계 56위로 가장 높은 순위를 기록했으며, KAIST(64위), 성균관대(68위), 연세대(80위)...",2026-09-30 10:44,https://edu.donga.com/news/articleView.html?idxno=112369,https://edu.donga.com/news/articleView.html?idxno=112369
고려대학교,블로터,"한진, 정책기획담당 부사장직 신설…노동부 출신 최종석 선임","최 부사장은 1970년생으로 서울대학교 사회복지학과를 졸업한 뒤 미국 코넬대학교 노사관계대학원에서 석사, 고려대학교에서 경영학 박사 학위를 받았다. 행정고시 합격 후 고용노동부 사무관을 시작으로 대통령실...",2026-09-30 10:44,https://www.bloter.net/news/articleView.html?idxno=674693,https://n.news.naver.com/mnews/article/293/0000091047?sid=101
연세대학교,에듀동아,"가천대, '2027 THE 세계대학평가' 국내 공동 14위","가천대학교(총장 이길여)가 영국 고등교육평가기관 THE(Times Higher Education)가 발표한 '2027 THE 세계대학평... 대학 가운데 서울대가 세계 56위로 가장 높은 순위를 기록했으며, KAIST(64위), 성균관대(68위), 연세대(80위)...",2026-09-30 10:44,https://edu.donga.com/news/articleView.html?idxno=112369,https://edu.donga.com/news/articleView.html?idxno=112369
서울대학교,서울경제,"건강검진 2200만건 학습…코스맥스, AI로 원형탈모 위험 예측한다",서울대와 공동 개발한 신소재 ‘코어링크-에스(Corelink-S)’는 모발의 시스틴 결합을 복구해 손상된 모발의 인장 강도를 120% 이상 개선하는 효과를 보였다. 이 소재는 올해 세계 뷰티 박람회 ‘코스모프로프 볼로냐’의...,2026-09-30 10:43,https://www.sedaily.com/article/20096473?ref=naver,https://n.news.naver.com/mnews/article/011/0004666763?sid=101
서울대학교,브릿지경제,"부산 R&D 주간 개막… ‘연결되는 부산, 확장되는 미래’","이어 김태유 서울대 명예교수가 ‘북극항로 시대, 부산의 미래’를, 김성근 포항공과대학교 총장이 ‘AI 시대 국가와 지역의 기술혁신과 인재 확보’를 주제로 강연한다. 오후에는 해양 AX 심포지엄, 부산과학기술인 정책...",2026-09-30 10:42,https://www.viva100.com/article/20260930500600,https://www.viva100.com/article/20260930500600
고려대학교,비즈니스포스트,"한진 정책기획담당 부사장으로 최종석 선임, 안전보안실장에서 퇴직 뒤...","최 신임 부사장은 1970년생으로 서울대 사회복지학과를 졸업한 뒤 미국 코넬대 노사관계대학원 석사, 고려대 경영학 박사 학위를 땄다. 최종석 한진 정책기획담당 부사장.  그는 행정고시에 합격한 뒤 대통령실...",2026-09-30 10:42,https://www.businesspost.co.kr/BP?command=article_view&num=448258,https://www.businesspost.co.kr/BP?command=article_view&num=448258
연세대학교,에듀동아,"연세대 김원석 교수팀, 독도 해저단구에 새겨진 60만 년 지형 진화의 비...","연세대학교(총장 윤동섭) 지구시스템과학과 김원석 교수팀이 서서히 침강하는 해저 화산섬인 독도의... 김원석 연세대 교수는 ""독도 해저단구에는 과거 수십만 년 동안의 동해 환경 변화에 대한 정보가 남아 있다...",2026-09-30 10:42,https://edu.donga.com/news/articleView.html?idxno=112367,https://edu.donga.com/news/articleView.html?idxno=112367
서울대학교,비즈니스포스트,"한진 정책기획담당 부사장으로 최종석 선임, 안전보안실장에서 퇴직 뒤...","서울대 사회복지학과를 졸업한 뒤 미국 코넬대 노사관계대학원 석사, 고려대 경영학 박사 학위를 땄다. 최종석 한진 정책기획담당 부사장.  그는 행정고시에 합격한 뒤 대통령실 고용노사비서관실 행정관, 서울지...",2026-09-30 10:42,https://www.businesspost.co.kr/BP?command=article_view&num=448258,https://www.businesspost.co.kr/BP?command=article_view&num=448258
고려대학교,데일리메디,﻿국내 연구진 '흡입형 폐암 나노치료제' 개발,고려대학교 구로병원 심장혈관흉부외과 김현구 교수와 KAIST 바이오및뇌공학과 박지호 교수 공동 연구팀은 기존 항암치료의 폐 전달 한계 보완한 새로운 치료 가능성을 제시했다. 항암제를 폐에 직접 전달하는 흡입형...,2026-09-30 10:40,https://www.dailymedi.com/news/news_view.php?wr_id=940972,https://www.dailymedi.com/news/news_view.php?wr_id=940972
서울대학교,뉴스1,"딥노이드, 180억원 규모 국가 과제 참여…노인 정신건강 AI 개발","삼성서울병원 정신건강의학과 전홍진 교수 연구팀이 주관하며, 딥노이드와 서울대·성균관대·경희대병원 등이 공동연구기관으로 참여한다. 연구 기간은 2026년부터 2030년까지로, 정부 연구개발비 약 180억 원이...",2026-09-30 10:39,https://www.news1.kr/bio/healthcare/6305725,https://n.news.naver.com/mnews/article/421/0009199937?sid=103
서울대학교,아시아경제,"UST, 신입학 지원 '역대 최다'…""정원 늘려도 충원 100%""","과학기술연합대학원대학교(UST)의 신입학 지원자 수가 역대 최다를 기록했다. UST는 해마다 늘어나는... 또 서울대, 경북대, 세종대 등 일반대학 전임교원 임용과 과학기술정보통신부, 기후에너지환경부 등 중앙부처...",2026-09-30 10:38,https://view.asiae.co.kr/article/2026093010385867455,https://n.news.naver.com/mnews/article/277/0005822681?sid=102
연세대학교,파이낸셜뉴스,내신 부담에 '역전 카드'… 논술에 지원 절반 몰렸다,"논술전형을 운영하는 44개 대학의 수시 일반전형 지원 중 절반이 넘는 54.1%가 논술전형에 몰린 것으로... 이어 10일 연세대, 11일 의·약학을 제외한 가톨릭대와 중앙대 창의형이 시험을 본다. 이후에도 단국대와 상명대...",2026-09-30 10:38,https://www.fnnews.com/news/202609301036477137,https://n.news.naver.com/mnews/article/014/0005582808?sid=102
서울대학교,아주경제,"수원시 출신 김훈동 작가, 선경도서관에 2200여 권 도서 기증","수원신풍·북중·농고, 서울대 농대·중앙대 대학원을 졸업했다. 농협중앙회 경기지역 본부장, 대한적십자사 경기도지사 회장, 수원문인협회장, 수원예술문화단체총연합회장, 수원시립미술전시관장을 역임하며 시...",2026-09-30 10:36,https://www.ajunews.com/view/20260930100609722,https://www.ajunews.com/view/20260930100609722
서울대학교,서울신문,"김현덕 경기도의원, 제26회 경기도 장애인 IT Festival 참석","경기도의회 보건복지위원회 김현덕 의원(더불어민주당, 비례)은 지난 29일 서울대학교 시흥캠퍼스에서 열린 ‘KT와 함께하는 제26회 경기도 장애인 IT Festival’에 참석해 참가자들을 격려하고 대회 개최를 축하했다....",2026-09-30 10:36,https://www.seoul.co.kr/news/publicnews/local_govern/kyungki_do/2026/09/30/20260930500063?wlog_tag3=naver,https://n.news.naver.com/mnews/article/081/0003684695?sid=102
서울대학교,한국경제,서울대 공대생도 미적분 나머지 공부…'수포자' 키우는 한국,2026학년도 서울대 자연 계열 신입생의 22.4%가 대학 수업을 따라가기에는 기초가 부족하다는 평가를 받았다.... 이공계 대학 교육을 정상적으로 이수하기 위해서는 고등수학의 관문을 넘어야만 한다. 수학 교육의 혁신을...,2026-09-30 10:35,https://www.hankyung.com/article/2026092926911,https://n.news.naver.com/mnews/article/015/0005337513?sid=102
고려대학교,조선비즈,"한진, 신임 정책기획담당 부사장에 고용노동부 출신 최종석 前 CSO 선임",최 부사장은 1970년 포항 출생으로 서울대 사회복지학과를 나와 코넬대 노사관계대학원과 고려대에서 각각 석사 학위와 경영학 박사 학위를 취득했다. 행정고시(39회) 합격 이후 고용노동부에서 공직 생활을 시작해...,2026-09-30 10:35,https://biz.chosun.com/industry/company/2026/09/30/XXIEEXPXUNE2VAEDS3OS4HGD5E/?utm_source=naver&utm_medium=original&utm_campaign=biz,https://n.news.naver.com/mnews/article/366/0001195250?sid=101
서울대학교,이뉴스투데이,"서울시교육청, 2027학년도 중등교사 694명 선발, 전년보다 306명 감소","특수(중등)는 서울농학교와 한국우진학교가 각각 4명, 국어는 서울대학교사범대학부설중학교가 2명을 선발한다. 사립학교는 76개 학교법인 109개교에서 제1차 시험을 위탁받아 총 201명을 선발한다. 중등교사 176명...",2026-09-30 10:35,http://www.enewstoday.co.kr/news/articleView.html?idxno=2475518,http://www.enewstoday.co.kr/news/articleView.html?idxno=2475518
서울대학교,조선비즈,"한진, 신임 정책기획담당 부사장에 고용노동부 출신 최종석 前 CSO 선임",최 부사장은 1970년 포항 출생으로 서울대 사회복지학과를 나와 코넬대 노사관계대학원과 고려대에서 각각... 지냈고 서울지방노동위원회 사무국장과 주미 대사관 고용노동관 등을 지냈다. 이후 한진의 CSO로 입사해 사내...,2026-09-30 10:35,https://biz.chosun.com/industry/company/2026/09/30/XXIEEXPXUNE2VAEDS3OS4HGD5E/?utm_source=naver&utm_medium=original&utm_campaign=biz,https://n.news.naver.com/mnews/article/366/0001195250?sid=101
연세대학교,한국대학신문,일반전형 지원자 '논술' 쏠림 현상… 5명 모집에 3100명 지원,"서울 소재 대학의 논술고사 현장. (사진=한국대학신문DB)  논술전형을 실시하는 44개 대학의 전체... 이후 10일 연세대, 11일 가톨릭대(의·약학 제외)와 중앙대(창의형)가 논술고사를 실시한다. 이후에도 연세대(미래)...",2026-09-30 10:34,https://news.unn.net/news/articleView.html?idxno=598065,https://news.unn.net/news/articleView.html?idxno=598065
서울대학교,헤럴드경제,“AI가 실험하고 설계까지 척척”…화학소재 연구 ‘자율실험실’ 뜬다,"칭화대, 서울대 등 국내외 전문가들이 참여했다. 소재 데이터 구축·표준화부터 AI 기반 신소재 탐색, 실험... 한상수 서울대 교수는 소재과학·화학 분야 자율실험실의 발전 방향을 제시했다. 조반니 피치 스위스 폴...",2026-09-30 10:33,https://biz.heraldcorp.com/article/10888654?ref=naver,https://n.news.naver.com/mnews/article/016/0002703578?sid=105
서울대학교,뉴시스,"가천대, 'THE 세계대학평가' 451~500위…국내 공동 14위","가천대학교가 영국 고등교육평가기관 THE(Times Higher Education)의 세계대학평가에서 처음으로 세계 500위권... 국내 대학 중에서는 서울대가 세계 56위로 가장 높았고 KAIST 64위, 성균관대 68위, 연세대 80위, 고려대...",2026-09-30 10:33,https://www.newsis.com/view/NISX20260930_0003808445,https://n.news.naver.com/mnews/article/003/0014222925?sid=102
고려대학교,뉴시스,"가천대, 'THE 세계대학평가' 451~500위…국내 공동 14위","가천대학교가 영국 고등교육평가기관 THE(Times Higher Education)의 세계대학평가에서 처음으로 세계 500위권... 국내 대학 중에서는 서울대가 세계 56위로 가장 높았고 KAIST 64위, 성균관대 68위, 연세대 80위, 고려대...",2026-09-30 10:33,https://www.newsis.com/view/NISX20260930_0003808445,https://n.news.naver.com/mnews/article/003/0014222925?sid=102
연세대학교,뉴시스,"가천대, 'THE 세계대학평가' 451~500위…국내 공동 14위","가천대학교가 영국 고등교육평가기관 THE(Times Higher Education)의 세계대학평가에서 처음으로 세계 500위권... 국내 대학 중에서는 서울대가 세계 56위로 가장 높았고 KAIST 64위, 성균관대 68위, 연세대 80위, 고려대...",2026-09-30 10:33,https://www.newsis.com/view/NISX20260930_0003808445,https://n.news.naver.com/mnews/article/003/0014222925?sid=102
서울대학교,데일리안,"생존 갈림길 선 유료방송…""OTT와 규제 형평성 맞추고 플랫폼 경쟁력 키...","한국IPTV방송협회, 한국케이블TV방송협회, KT스카이라이프는 30일 오후 서울 중구 프레스센터에서... ""유료방송, 채널 전달망 넘어 '기간 미디어 플랫폼'으로"" 첫 번째 발제를 맡은 홍종윤 서울대학교 언론정보학과 교수는...",2026-09-30 10:32,https://www.dailian.co.kr/news/view/1696105/?sc=Naver,https://n.news.naver.com/mnews/article/119/0003137842?sid=105
서울대학교,디지틀조선TV,"한국타이어, 美 ‘2026 IDEA 디자인 어워드’ 본상 2관왕 달성","리무브는 타이어 제조 부산물인 블래더를 재활용해 가구와 라이프스타일 제품으로 개발한 프로젝트로 서울대 디스코랩과 협업했다. 이 프로젝트는 올해 레드닷 본상, A’ 디자인 어워드 금상, 그린 굿 디자인...",2026-09-30 10:32,https://www.dizzotv.com/site/data/html_dir/2026/09/30/2026093080044.html,https://www.dizzotv.com/site/data/html_dir/2026/09/30/2026093080044.html
서울대학교,일요신문,이웃 나라 삶 통해 한국을 돌아보다…이상기 아시아엔 발행인 ‘왜 다시...,"발행인은 서울 중구 한국프레스센터에서 그의 다섯 번째 신간 ‘왜 다시 아시아인가-기자 이상기가 묻고... 이날 행사에는 김서권 미라클오케이어학당 설립자, 손주은 메가스터디 회장, 이상묵 서울대 교수, 박영옥...",2026-09-30 10:32,https://ilyo.co.kr/?ac=article_view&entry_id=512932,https://ilyo.co.kr/?ac=article_view&entry_id=512932
서울대학교,디지털투데이,"네이버 스마트스토어 10년…""판매자 지원 DX서 AX로 확대""",네이버는 서울대학교 유병준 교수 연구팀과 연세대학교 최보름 교수 연구팀이 공동 연구한 'D-커머스 리포트 2026: 스마트스토어 10년 진화 경로 보고서'를 30일 발간했다. 보고서는 판매자가 사업 성장 단계마다 서로...,2026-09-30 10:32,https://www.digitaltoday.co.kr/news/articleView.html?idxno=703801,https://www.digitaltoday.co.kr/news/articleView.html?idxno=703801
서울대학교,매일경제,"“원형탈모 위험률 65%, 샴푸 바꾸세요” AI 예측모델 나왔다","서울대와는 손상모의 인장 강도를 120% 이상 개선하는 신소재 ‘코어링크-에스’를 개발했고, 세계 최초로 인체 모낭 오가노이드를 활용한 스트레스성 새치 발생 기전을 규명하기도 했다. 지난해에는 글로벌 기능성...",2026-09-30 10:32,https://www.mk.co.kr/article/12164567,https://n.news.naver.com/mnews/article/009/0005741808?sid=101
고려대학교,화이트페이퍼,"한진, 부사장직 신설…최종석 정책기획담당 선임",1970년생인 최 부사장은 서울대 사회복지학과를 졸업하고 코넬대 노사관계대학원에서 석사 학위를 취득했다. 이후 고려대에서 경영학 박사 학위를 받았다. 최 부사장은 행정고시 합격 후 고용노동부 사무관으로 공직...,2026-09-30 10:32,http://www.whitepaper.co.kr/news/articleView.html?idxno=267341,http://www.whitepaper.co.kr/news/articleView.html?idxno=267341
서울대학교,화이트페이퍼,"한진, 부사장직 신설…최종석 정책기획담당 선임","1970년생인 최 부사장은 서울대 사회복지학과를 졸업하고 코넬대 노사관계대학원에서 석사 학위를 취득했다.... 대통령실 고용노사비서관실 행정관과 서울지방노동위원회 사무국장, 주미합중국 대한민국대사관...",2026-09-30 10:32,http://www.whitepaper.co.kr/news/articleView.html?idxno=267341,http://www.whitepaper.co.kr/news/articleView.html?idxno=267341
연세대학교,디지털투데이,"네이버 스마트스토어 10년…""판매자 지원 DX서 AX로 확대""",네이버는 서울대학교 유병준 교수 연구팀과 연세대학교 최보름 교수 연구팀이 공동 연구한 'D-커머스 리포트 2026: 스마트스토어 10년 진화 경로 보고서'를 30일 발간했다. 보고서는 판매자가 사업 성장 단계마다 서로...,2026-09-30 10:32,https://www.digitaltoday.co.kr/news/articleView.html?idxno=703801,https://www.digitaltoday.co.kr/news/articleView.html?idxno=703801
서울대학교,서울경제,8000원짜리 담배 피우실 건가요?…담뱃값 오르면 ‘금연’ 성공할 수 있...,서울대 보건환경연구소 연구팀은 가격 인상폭이 커질수록 흡연율 감소 효과도 크다고 분석했다. 대한금연학회 강희원 교수는 “담뱃세 인상은 흡연율 감소를 위한 가장 강력하고 비용 효과적인 담배규제정책 중...,2026-09-30 10:30,https://www.sedaily.com/article/20096457?ref=naver,https://n.news.naver.com/mnews/article/011/0004666749?sid=102
서울대학교,연합뉴스,"""지역 국립대병원 전문의, 다 합쳐도 수도권 빅5 절반 수준""",30일 국회 보건복지위원회 박용갑 의원(더불어민주당)이 보건복지부로부터 제출받은 자료를 분석한 결과 올해 6월 기준 수도권 '빅5' 대형병원(서울아산·세브란스·서울성모·삼성서울·서울대) 10병상당 전문의...,2026-09-30 10:28,https://www.yna.co.kr/view/AKR20260930068600063?input=1195m,https://n.news.naver.com/mnews/article/001/0016345880?sid=100
연세대학교,국세신문,"신한금융그룹,'한·일 금융협력 컨퍼런스'에서 기후·디지털 금융 논의","연세대학교 환경금융대학원과 한국녹색금융포럼이 주관하고 신한금융이 후원한 이번 컨퍼런스에는 국내외 대학 및 연구기관, 금융당국, 아시아개발은행 등 주요 기관 관계자들이 참석해 ▲기후전환 금융정책...",2026-09-30 10:28,http://www.intn.co.kr/news/articleView.html?idxno=2053723,http://www.intn.co.kr/news/articleView.html?idxno=2053723
서울대학교,코리아리포트,"K-방산 '빅4', AI·무인화에 사활 걸었다","한화시스템은 서울대, 성균관대와 각각 국방우주반도체 설계 기술 확보를 위한 공동연구 협약을 체결했는데, 이는 해외 의존도가 높은 국방 반도체의 국산화가 AI 무기체계 자립의 전제조건이라는 인식이 깔려 있다....",2026-09-30 10:28,https://www.koreareport.co.kr/news/articleView.html?idxno=53310,https://www.koreareport.co.kr/news/articleView.html?idxno=53310
서울대학교,이사이언스,"한국타이어, IDEA 디자인 어워드 본상 2건 수상...미래 모빌리티 경쟁력...","한국타이어는 서울대학교 순환디자인연구실 '디스코랩(DISCO Lab)'과 공동 개발했으며, 출품작인 '블래더 업사이클링 시리즈'는 블래더 분말을 활용한 가구와 브릭, 라이프스타일 제품으로 구성됐다. 브릭 조립...",2026-09-30 10:28,https://www.e-science.co.kr/news/articleView.html?idxno=136324,https://www.e-science.co.kr/news/articleView.html?idxno=136324
고려대학교,데일리안,폐암세포·면역세포 동시 공략…국내 연구진 '흡입형 나노치료제' 개발,30일 고려대학교 구로병원에 따르면 김현구 심장혈관흉부외과 교수와 박지호 KAIST 바이오및뇌공학과 교수 공동 연구팀은 폐에 자연적으로 존재하는 ‘폐 계면활성제’를 활용한 흡입형 나노입자를 개발했다. 항암제를...,2026-09-30 10:27,https://www.dailian.co.kr/news/view/1696104/?sc=Naver,https://n.news.naver.com/mnews/article/119/0003137837?sid=103
서울대학교,컨슈머타임스,"스마트스토어 판매자, 초기엔 '빠른 정산'·성숙기엔 '판로'…네이버 10...","네이버는 서울대 유병준 교수팀과 연세대 최보름 교수팀이 공동 연구한 'D-커머스 리포트 2026... 유병준 서울대 교수는 ""AI 전환을 맞은 판매자들이 네이버의 성장 인프라 위에서 사업을 키울 수 있을 것으로 기대한다...",2026-09-30 10:26,https://www.cstimes.com/news/articleView.html?idxno=722389,https://www.cstimes.com/news/articleView.html?idxno=722389
서울대학교,한국면세뉴스,"한국타이어, 2026 IDEA 디자인 어워드 본상 2건 수상...""폐자재와 구형 ...","한국타이어가 서울대학교 순환디자인연구실 디스코랩과 함께 개발한 출품작에는 블래더 분말로 만든 가구와 브릭, 생활용품이 포함됐다. 브릭을 조립해 만든 조형물 '키네틱 월'도 선보였다....",2026-09-30 10:26,http://www.kdfnews.com/news/articleView.html?idxno=188648,http://www.kdfnews.com/news/articleView.html?idxno=188648
고려대학교,의사신문,폐에 직접 전달해 최대 48시간 유지···'흡입형 폐암 나노치료제' 개발,"좌측부터 고려대 구로병원 심장혈관흉부외과 김현구 교수, KAIST 바이오및뇌공학과 박지호 교수, KIST 김경수 박사, 고려대 구로병원 심장혈관흉부외과 전은비 연구원, 고려대 구로병원 심장혈관흉부외과 이준희 교수...",2026-09-30 10:26,http://www.doctorstimes.com/news/articleView.html?idxno=240221,http://www.doctorstimes.com/news/articleView.html?idxno=240221
고려대학교,세계비즈,미국 대학서 ‘K-AI로봇’ 전시… 도구로보틱스 ‘이로이’ 눈길,"도구로보틱스 측은 “기존 산학협력이 현지 대학을 대상으로 한 유상 서비스 제공으로 이어졌다는 점에서... 이로이는 국내에서 고려대학교 구로병원, 동대문구청, 연암대학교 팜한농 창사원, 대전중앙지하상가, 통영시...",2026-09-30 10:26,http://www.segyebiz.com/newsView/20260930506233?OutUrl=naver,http://www.segyebiz.com/newsView/20260930506233?OutUrl=naver
고려대학교,한국강사신문,"고려대학교, 2025년 노벨화학상 수상자 기타가와 교수 초청 '제12회 Next ...","특히 기타가와 교수의 고려대 KU-KIST융합대학원 석좌교수 임용을 기념하는 자리로 마련돼, 세계적인 석학의 연구 경험과 미래 과학기술에 대한 통찰을 대학 구성원들과 공유하는 의미를 더했다. NIF는 고려대학교...",2026-09-30 10:26,https://www.lecturernews.com/news/articleView.html?idxno=211328,https://www.lecturernews.com/news/articleView.html?idxno=211328
서울대학교,TBC대구방송,"민주당-대구시-경북도, 예산정책협의회","경북도 부단체장이 참석해 내년도 국비 반영 사업과 행정통합 등 지역 현안 해법을 논의합니다. 특히 서울대 10개 만들기 추가 선정과 5극3특을 비롯한 첨단산업 육성 재원 확보, 행정통합 추진 등이 집중 거론될 전망입니다.",2026-09-30 10:26,https://www.tbc.co.kr/news/view?pno=20260930094053AE06195&id=211587,https://www.tbc.co.kr/news/view?pno=20260930094053AE06195&id=211587
서울대학교,이코노뉴스,"기아, 제2회 '초록여행 x 런피아노' 개최","상무, 서울시립발달장애인복지관 최선자 관장, 김예지 국회의원, 서울대 박종화 교수, 기아 기업전략실장 정의철 전무, 국립민속박물관 장상훈 관장 (사진=기아) 기아는 지난 29일 서울 종로구 국립민속박물관에서 제2회...",2026-09-30 10:26,http://www.econonews.co.kr/news/articleView.html?idxno=445009,http://www.econonews.co.kr/news/articleView.html?idxno=445009
연세대학교,컨슈머타임스,"스마트스토어 판매자, 초기엔 '빠른 정산'·성숙기엔 '판로'…네이버 10...",네이버는 서울대 유병준 교수팀과 연세대 최보름 교수팀이 공동 연구한 'D-커머스 리포트 2026: 스마트스토어 10년 진화 경로 보고서'를 30일 발간했다. 보고서를 보면 진입기와 성장기 판매자는 금융 지원을...,2026-09-30 10:26,https://www.cstimes.com/news/articleView.html?idxno=722389,https://www.cstimes.com/news/articleView.html?idxno=722389
연세대학교,NEWSQ,'백상 대상' 유해진의 다음 페이지 [인터뷰Q],유해진은 지난달 서울 연세대 신촌캠퍼스 백주년콘서트홀에서 열린 박경림 토크콘서트-인생급수에 스페셜 게스트로 참석했다. 그는 자신의 인생 이야기를 털어놓던 중 눈물을 보였고 관객들은 박수치며 위로를 보냈다....,2026-09-30 10:26,https://www.newsq.co.kr/news/articleView.html?idxno=500292,https://www.newsq.co.kr/news/articleView.html?idxno=500292
서울대학교,파이낸셜뉴스,"한진, 정책기획담당 부사장에 최종석 전 안전보안실장 선임","최 부사장은 1970년생으로 서울대 사회복지학과를 졸업하고 코넬대 노사관계대학원 석사, 고려대 경영학 박사 학위를 받았다. 행정고시 합격 후 고용노동부 사무관을 시작으로 대통령실 고용노사비서관실 행정관...",2026-09-30 10:24,https://www.fnnews.com/news/202609300959383151,https://n.news.naver.com/mnews/article/014/0005582787?sid=101
연세대학교,핀포인트뉴스,'세포 제조소' 늘어난다…첨단재생의료 상업화 속도전,30일 업계에 따르면 대웅제약은 최근 인천 송도 연세대학교 국제캠퍼스에 첨단바이오의약품 제조소를... 송도 제조소를 통해 임상연구에 필요한 첨단바이오 물질을 안정적으로 생산하고 송도 내 대학·연구기관...,2026-09-30 10:24,https://www.pinpointnews.co.kr/news/articleView.html?idxno=491266,https://www.pinpointnews.co.kr/news/articleView.html?idxno=491266
고려대학교,파이낸셜뉴스,"한진, 정책기획담당 부사장에 최종석 전 안전보안실장 선임","최 부사장은 1970년생으로 서울대 사회복지학과를 졸업하고 코넬대 노사관계대학원 석사, 고려대 경영학 박사 학위를 받았다. 행정고시 합격 후 고용노동부 사무관을 시작으로 대통령실 고용노사비서관실 행정관...",2026-09-30 10:24,https://www.fnnews.com/news/202609300959383151,https://n.news.naver.com/mnews/article/014/0005582787?sid=101
서울대학교,소비자가 만드는 신문,"두나무, UIS 2026에 백악관·美 재무부 집결…""디지털자산·전통금융 하...",두나무는 지난 29일 서울 광진구 그랜드 워커힐 서울에서 '업비트 인스티튜셔널 서밋(UIS)'을 열었다고 30일... 국내 금융의 온체인 전환을 다룬 세션에는 이종섭 서울대 경영대 교수가 좌장을 맡고 최원석 두나무...,2026-09-30 10:22,http://www.consumernews.co.kr/news/articleView.html?idxno=764927,http://www.consumernews.co.kr/news/articleView.html?idxno=764927
고려대학교,한국농어촌방송,"마스턴투자운용, 임직원 참여형 사회공헌 확대",마스턴투자운용 사회공헌추진단은 출범 이후 대학생 대상 재능기부 특강과 장애인 인식 개선 프로그램 등 다양한 사회공헌 활동을 확대하고 있다. 고려대·한국외대·성균관대·한양대 학생과 국제산림학생연합(IFSA)...,2026-09-30 10:22,https://www.kfenews.co.kr/news/articleView.html?idxno=665526,https://www.kfenews.co.kr/news/articleView.html?idxno=665526
연세대학교,매일경제,"성민수 아이벡스 대표 “피지컬 AI, 안정적 양산·비용 구조가 경쟁력”",▶ 성민수 아이벡스 대표 연세대학교 경영학과를 졸업하고 GE의 재무관리·기업감사 조직과 보스턴컨설팅그룹을 거쳐 스탠퍼드대학교에서 MBA를 마쳤다. 미국 머신러닝 스타트업 Qeexo를 공동창업한 뒤 부친이 설립한...,2026-09-30 10:22,https://www.mk.co.kr/article/12164559,https://n.news.naver.com/mnews/article/009/0005741804?sid=004
연세대학교,조선일보,일반전형 지원자 ‘논술’로 몰렸다… 오는 3일 대입 논술고사 시작,"진학사가 논술전형을 실시하는 44개 대학의 지원 현황을 분석한 결과, 논술전형 평균 경쟁률은 48.14대 1로... 이어 10일 연세대, 11일 가톨릭대(의·약학 제외)와 중앙대(창의형)가 시험을 치르며, 이후에도 연세대...",2026-09-30 10:22,https://edu.chosun.com/site/data/html_dir/2026/09/30/2026093080041.html,https://edu.chosun.com/site/data/html_dir/2026/09/30/2026093080041.html
서울대학교,포스인사이트,"LG엔솔, 美 테네시서 LMR 각형 배터리 양산 추진…LFP 이어 생산 다변화",LG에너지솔루션은 이달 서울대 연구진과 공동으로 40Ah급 LMR 대형 셀의 구동 조건을 최적화해 883회 충·방전 이후에도 초기 에너지의 92.2%를 유지하는 데 성공했다. LG에너지솔루션은 2010년 LMR 관련 첫 특허를 확보한...,2026-09-30 10:22,http://www.4th.kr/news/articleView.html?idxno=2118890,http://www.4th.kr/news/articleView.html?idxno=2118890
고려대학교,메트로신문,"한진, 부사장직 신설…최종석 전 안전보안실장 선임","30일 한진에 따르면 최 부사장은 1970년생으로 서울대 사회복지학과 졸업 후 코넬대 노사관계대학원에서 석사 학위를, 고려대에서 경영학 박사 학위를 취득했다. 행정고시 합격 후 고용노동부 사무관으로 시작해 대통령실...",2026-09-30 10:20,http://www.metroseoul.co.kr/article/20260930500025,http://www.metroseoul.co.kr/article/20260930500025
고려대학교,연합뉴스,"[아시안게임] 南서 北공부하는 美연구자…나고야서 ""필승조선!""",2023년 고려대학교에서 북한 농구의 발전과 쇠퇴를 다룬 석사학위 논문을 썼고 올해도 한 영문 학술지에 북한 영상 속 여성 운동선수의 행위 주체성을 다룬 논문을 게재했다. 현재 서울 북한대학원대학교에서 박사과정을...,2026-09-30 10:20,https://www.yna.co.kr/view/AKR20260930056000504?input=1195m,https://n.news.naver.com/mnews/article/001/0016345841?sid=104
서울대학교,메트로신문,"한진, 부사장직 신설…최종석 전 안전보안실장 선임","1970년생으로 서울대 사회복지학과 졸업 후 코넬대 노사관계대학원에서 석사 학위를, 고려대에서 경영학 박사 학위를 취득했다. 행정고시 합격 후 고용노동부 사무관으로 시작해 대통령실 고용노사비서관실 행정관, 서울...",2026-09-30 10:20,http://www.metroseoul.co.kr/article/20260930500025,http://www.metroseoul.co.kr/article/20260930500025
서울대학교,서울경제TV,"한국타이어, 美 ‘2026 IDEA 디자인 어워드’ 본상 2관왕","서울대학교 순환디자인연구실 ‘디스코랩’과 공동 개발했다. 출품작인 블래더 업사이클링 시리즈는 블래더 분말로 제작한 가구, 브릭, 라이프스타일 상품 등으로 구성됐다. 해당 프로젝트는 올해 레드닷 디자인...",2026-09-30 10:20,https://www.sentv.co.kr/article/view/sentv202609300062,https://www.sentv.co.kr/article/view/sentv202609300062
서울대학교,NGO저널,"""사기부터 루이 14세까지""… 인천시립박물관, '제28기 박물관대학' 수강...","마지막 강의(11월 13일)는 주경철 서울대 명예교수가 '루이 14세, 태양왕의 빛과 그림자'를 통해 절대왕정 정치와 사회의 명암을 들여다본다. 강의는 10월 23일부터 11월 13일까지 매주 금요일 오후 2시부터 4시까지...",2026-09-30 10:18,https://www.ngonews.kr/news/articleView.html?idxno=239526,https://www.ngonews.kr/news/articleView.html?idxno=239526
서울대학교,디지털타임스,“美 백악관·재무부부터 韓 여야까지”…두나무 ‘UIS’ 성료,두나무는지난 29일 서울 광진구 그랜드 워커힐 서울에서 ‘업비트 인스티튜셔널 서밋(UIS)’을 열었다고 30일... 국내 금융산업의 온체인 전환 세션에서는 이종섭 서울대 경영대 교수를 좌장으로 최원석 두나무...,2026-09-30 10:18,https://www.dt.co.kr/article/12086600?ref=naver,https://n.news.naver.com/mnews/article/029/0003050638?sid=105
고려대학교,조이뉴스24,[2026 가을 JOY트레킹] 가족과 함께 근현대사 여행 떠나볼까요?,"이번 행사는 조이뉴스24가 주최하고 (사)고려대학교 산악회와 아이뉴스24가 공동 주관하며, 월간 '사람과 산... ▶ 행사명: 제14회 희망찾기 등산 · 트레킹 교실 ▶ 주 최: 조이뉴스24 ▶ 주 관: (사)고려대학교 산악회...",2026-09-30 10:18,http://www.joynews24.com/view/2009887,http://www.joynews24.com/view/2009887
고려대학교,경향신문,"‘공공 AX 전문인재 육성’ 고려대 세종캠, 전교생에 AI 기초교육 실시",고려대 세종캠퍼스는 ‘AI중심대학’ 사업에 선정돼 AI 교육체계를 구축하고 세종시의 행정·정책·산업 인프라와 연계해 GovTech와 공공 AX(AI Transformation) 분야 전문인재를 양성한다고 30일 밝혔다. 사업기간은...,2026-09-30 10:17,https://www.khan.co.kr/article/202609301017001,https://n.news.naver.com/mnews/article/032/0003473314?sid=102
서울대학교,빅데이터뉴스,"두나무, 美 백악관부터 韓 여야 의원까지 한자리에… UIS 2026 성료, 소비...","두나무는 지난 29일 서울 광진구 그랜드 워커힐 서울에서 열린 ‘업비트 인스티튜셔널 서밋(Upbit... 이종섭 서울대학교 경영대학 교수를 좌장으로 최원석 두나무 해외사업총괄(Chief Global Business Officer), 엄태성...",2026-09-30 10:14,https://www.thebigdata.co.kr/view.php?ud=202609301002224171df3c2a17b7_23,https://www.thebigdata.co.kr/view.php?ud=202609301002224171df3c2a17b7_23
연세대학교,뉴스1,네이버 스마트스토어 10년…판매자 성장단계 맞춰 'DX→AX' 지원,네이버는 유병준 서울대학교 교수 연구팀과 최보름 연세대학교 교수 연구팀이 공동 연구한 'D-커머스 리포트 2026: 스마트스토어 10년 진화 경로 보고서'를 30일 발간했다고 밝혔다. 연구팀은 스마트스토어가 판매자가...,2026-09-30 10:13,https://www.news1.kr/it-science/internet-platform/6305634,https://n.news.naver.com/mnews/article/421/0009199839?sid=105
서울대학교,뉴스1,네이버 스마트스토어 10년…판매자 성장단계 맞춰 'DX→AX' 지원,네이버는 유병준 서울대학교 교수 연구팀과 최보름 연세대학교 교수 연구팀이 공동 연구한 'D-커머스 리포트 2026: 스마트스토어 10년 진화 경로 보고서'를 30일 발간했다고 밝혔다. 연구팀은 스마트스토어가 판매자가...,2026-09-30 10:13,https://www.news1.kr/it-science/internet-platform/6305634,https://n.news.naver.com/mnews/article/421/0009199839?sid=105
서울대학교,CNB뉴스,"부산대, 해사·국제상사법무대학원 출범…전문인력 양성 나선다","부산대학교가 해양수산부 부산 이전과 2028년 해사국제상사법원 개원 등 부산을 중심으로 한 해양 행정·사법... 것""이라며 ""'서울대 10개 만들기' 국가대표 거점국립대학으로 선정된 부산대는 동남권 제조·해양산업의...",2026-09-30 10:12,https://www.cnbnews.com/news/articleView.html?idxno=1017560,https://www.cnbnews.com/news/articleView.html?idxno=1017560
연세대학교,AITIMES,"네이버, '스마트스토어 10년 진화 경로 보고서' 발간… DX 넘어 AX까지 판...",보고서 표지 이미지 네이버(대표이사 최수연)가 서울대학교 유병준 교수 연구팀과 연세대학교 최보름 교수 연구팀이 공동으로 연구한 'D-커머스 리포트 2026: 스마트스토어 10년 진화 경로 보고서'를 30일 발간했다....,2026-09-30 10:12,https://www.aitimes.kr/news/articleView.html?idxno=42116,https://www.aitimes.kr/news/articleView.html?idxno=42116
서울대학교,AITIMES,"네이버, '스마트스토어 10년 진화 경로 보고서' 발간… DX 넘어 AX까지 판...",보고서 표지 이미지 네이버(대표이사 최수연)가 서울대학교 유병준 교수 연구팀과 연세대학교 최보름 교수 연구팀이 공동으로 연구한 'D-커머스 리포트 2026: 스마트스토어 10년 진화 경로 보고서'를 30일 발간했다....,2026-09-30 10:12,https://www.aitimes.kr/news/articleView.html?idxno=42116,https://www.aitimes.kr/news/articleView.html?idxno=42116
연세대학교,파이낸셜뉴스,"네이버, 스마트스토어 구축 성과 담은 '10년 진화 경로 보고서' 발간","네이버는 서울대학교 유병준 교수 연구팀, 연세대학교 최보름 교수 연구팀과 공동 연구한 'D커머스 리포트 2026: 스마트스토어 10년 진화 경로 보고서'를 30일 발간했다. 연구팀은 판매자가 성장 단계마다 서로 다른...",2026-09-30 10:11,https://www.fnnews.com/news/202609300939581272,https://n.news.naver.com/mnews/article/014/0005582768?sid=105
서울대학교,파이낸셜뉴스,"네이버, 스마트스토어 구축 성과 담은 '10년 진화 경로 보고서' 발간","네이버는 서울대학교 유병준 교수 연구팀, 연세대학교 최보름 교수 연구팀과 공동 연구한 'D커머스 리포트 2026: 스마트스토어 10년 진화 경로 보고서'를 30일 발간했다. 연구팀은 판매자가 성장 단계마다 서로 다른...",2026-09-30 10:11,https://www.fnnews.com/news/202609300939581272,https://n.news.naver.com/mnews/article/014/0005582768?sid=105
서울대학교,GOLFIN,"""골프장은 자연을 온전히 느끼는 곳···땅 본연의 미학 담으려 노력""","서울시립대학교 조경학과와 서울대학교 환경대학원에서 조경을 공부한 그는 1980년대 초부터 아더영, 서인조경, 두산개발 등을 거쳐 1996년 동심원을 설립했다. 서울숲 앞 동심원 사무실에서 그를 만났다. ▲한국 골프장...",2026-09-30 10:10,http://www.golfin.co.kr/news/articleView.html?idxno=7950,http://www.golfin.co.kr/news/articleView.html?idxno=7950
연세대학교,충청데일리,충남 청양군 고령자복지주택 찾아 '통합돌봄' 현장 배운다,충남 청양군은 30일 연세대학교 행정학과 방문단 20명이 청양군의 우수한 지역사회 돌봄 시스템을 벤치마킹하기 위해 청양 교월 고령자복지주택을 방문했다고 밝혔다. 이번 방문은 지역복지와 관련한 현장학습의 일환으로...,2026-09-30 10:10,https://www.ccdn.co.kr/news/articleView.html?idxno=1102456,https://www.ccdn.co.kr/news/articleView.html?idxno=1102456
서울대학교,전국매일신문,관악구 'SNU Bio-Day'서 관악S밸리 창업지원 역량·비전 공개,29일 서울대학교 삼성컨벤션센터에서 열린 'SNU Bio-Day'에 참석한 박준희 관악구청장(왼쪽 첫 번째) 모습.... 구는 전날 관악중소벤처진흥원과 함께 서울대 호암교수회관에서 열린 '제6회 SNU Bio-Day'에 참가해 홍보부스를...,2026-09-30 10:08,https://www.jeonmae.co.kr/news/articleView.html?idxno=1297514,https://www.jeonmae.co.kr/news/articleView.html?idxno=1297514
서울대학교,시민의소리,전남광주특별시 초대 산업경제부시장에 강명수 전 한국표준협회장,"강명수 신임 산업경제부시장은 나주 출신으로 광주제일고와 서울대 경제학과를 졸업하고 서울대 행정학 석사, 미국 미주리대 경제학 박사 학위를 취득했다. 제35회 행정고시로 공직에 입문한 뒤 지식경제부 바이오헬스과장...",2026-09-30 10:08,https://www.siminsori.com/news/articleView.html?idxno=401787,https://www.siminsori.com/news/articleView.html?idxno=401787
서울대학교,파이낸셜뉴스,서울 공립 중등교사 694명 선발… 1년 새 30.6% 줄었다,"서울농학교와 한국우진학교가 특수(중등) 교사를 각각 4명, 서울대사범대부설중학교가 국어 교사를 2명 뽑는다. 사립학교는 76개 학교법인, 109개교가 1차 시험을 맡겨 총 201명을 선발할 예정이다. 공립에서 뽑지...",2026-09-30 10:08,https://www.fnnews.com/news/202609301006502883,https://n.news.naver.com/mnews/article/014/0005582764?sid=102
연세대학교,한국강사신문,"2026 정기 고연전, 10월 2~3일 잠실·목동서 개최…고려대와 연세대의 스...",고려대 정문  고려대학교와 연세대학교의 대표적인 대학 스포츠 축제인 '2026 정기 고려대학교·연세대학교 친선경기대회'가 오는 10월 2일(금)부터 3일(토)까지 이틀간 잠실과 목동 일대에서 개최된다. 고려대학교(총장...,2026-09-30 10:06,https://www.lecturernews.com/news/articleView.html?idxno=211329,https://www.lecturernews.com/news/articleView.html?idxno=211329
서울대학교,빅데이터뉴스,"한진, 정책기획담당 부사장 신설…최종석 전 CSO 선임","최 부사장은 1970년생으로 서울대 사회복지학과를 졸업한 뒤 코넬대 노사관계대학원에서 석사 학위를... 행정고시에 합격한 뒤 고용노동부 사무관으로 공직에 입문해 대통령실 고용노사비서관실 행정관, 서울지방노동위...",2026-09-30 10:06,https://www.thebigdata.co.kr/view.php?ud=2026093010005192360ecbf9426b_23,https://www.thebigdata.co.kr/view.php?ud=2026093010005192360ecbf9426b_23
고려대학교,한국강사신문,"2026 정기 고연전, 10월 2~3일 잠실·목동서 개최…고려대와 연세대의 스...",고려대 정문  고려대학교와 연세대학교의 대표적인 대학 스포츠 축제인 '2026 정기 고려대학교·연세대학교 친선경기대회'가 오는 10월 2일(금)부터 3일(토)까지 이틀간 잠실과 목동 일대에서 개최된다. 고려대학교(총장...,2026-09-30 10:06,https://www.lecturernews.com/news/articleView.html?idxno=211329,https://www.lecturernews.com/news/articleView.html?idxno=211329
고려대학교,빅데이터뉴스,"한진, 정책기획담당 부사장 신설…최종석 전 CSO 선임","최 부사장은 1970년생으로 서울대 사회복지학과를 졸업한 뒤 코넬대 노사관계대학원에서 석사 학위를, 고려대에서 경영학 박사 학위를 취득했다. 행정고시에 합격한 뒤 고용노동부 사무관으로 공직에 입문해 대통령실...",2026-09-30 10:06,https://www.thebigdata.co.kr/view.php?ud=2026093010005192360ecbf9426b_23,https://www.thebigdata.co.kr/view.php?ud=2026093010005192360ecbf9426b_23
서울대학교,이데일리,"“인구감소도 AI기업엔 기회”…KOSA, 수요기업·피지컬AI 확장",조영태 서울대학교 인구정책연구센터장(보건대학원 교수)이 30일 서울 삼정호텔에서 열린 ‘제39회 KOSA 런앤그로우 포럼’에서 ‘AI 시대 인구와 부’를 주제로 강연하고 있다. (사진=KOSA) “인구 줄어도 기회 있다”...,2026-09-30 10:03,https://www.edaily.co.kr/News/Read?newsId=03181606645585368&mediaCodeNo=257&utm_source=naver&utm_medium=referral&utm_campaign=news_syndication&utm_content=original_article,https://n.news.naver.com/mnews/article/018/0006377505?sid=105
연세대학교,뉴스핌,"한국노인인력개발원, '고령사회의 삶과 일' 발간…기초연금 개편 조명",'권두언'에서는 최영준 연세대 행정학과 교수가 기초연금제도와 노인일자리사업이 노인들의 삶에서 차지하는 역할에 주목해 변화하는 경제·사회적 상황 속에서 노후소득보장제도와 노인일자리사업의 새로운 상생 관계를...,2026-09-30 10:03,https://www.newspim.com/news/view/20260930000358,https://www.newspim.com/news/view/20260930000358
연세대학교,보건뉴스,난치성 두경부암 전이·면역회피 유발 '핵심 단백질' 찾았다,연세대 강남세브란스병원 이비인후과 박영민 교수 연구팀은 미국 서던캘리포니아대학교(USC) 연구팀과 함께 단일세포 전사체(scRNA-seq) 분석을 통해 전사조절인자 'ETS1'이 암세포의 전이와 면역 회피를 동시에...,2026-09-30 10:02,http://www.bokuennews.com/news/article.html?no=284875,http://www.bokuennews.com/news/article.html?no=284875
서울대학교,연합뉴스,두드린 금속에 빛을 담다…권용래 개인전 '비커밍',1일부터 서울 한남동 갤러리조은에서 열린다. 그는 스테인리스 스틸을 회화의 재료이자 화면을 이루는 조형... 권용래는 서울대학교와 동 대학원에서 서양화를 전공했다. 작업실의 어둠 속에서 구겨진 은박지에 반사돼...,2026-09-30 10:01,https://www.yna.co.kr/view/AKR20260930057000005?input=1195m,https://n.news.naver.com/mnews/article/001/0016345752?sid=103
서울대학교,머니투데이,"""AI가 원형탈모 예측한다""...코스맥스, 2200만 빅데이터 신기술 특허",서울대학교와 공동 개발한 '코어링크-에스(Corelink-S)'는 모발의 시스틴 결합을 복구해 손상모의 인장 강도를 120% 이상 높이는 신소재다. 올해 코스모프로프 볼로냐 코스모팩어워즈 헤어케어 제형 부문 파이널리스트에도...,2026-09-30 10:01,https://www.mt.co.kr/living/2026/09/30/2026093009373086682,https://n.news.naver.com/mnews/article/008/0005420117?sid=101
서울대학교,스마트경제,"""AI 시대 법과 책임을 묻다""… 경희대·독일 훔볼트재단, 2026 국제학술대...",훔볼트 회원인 김재형 서울대학교 법학전문대학원 교수(전 대법관)와 지원림 고려대학교 법학전문대학원 명예교수가 좌장을 맡아 논의의 깊이를 더하며 송호영 한양대학교 법학전문대학원 교수와 윤석찬...,2026-09-30 10:00,http://www.dailysmart.co.kr/news/articleView.html?idxno=130407,http://www.dailysmart.co.kr/news/articleView.html?idxno=130407
서울대학교,뉴시스,내년 서울 공립 교사 694명 선발…5년 만에 감소 전환,서울농학교와 서울대학교사범대학부설중학교는 1차 시험만 공립과 함께 치르고 2차 시험은 학교별로 진행한다. 한국우진학교는 1·2차 시험을 모두 공립과 함께 시행한다. 사립햑교 교사는 학교법인 76개(109개교)...,2026-09-30 10:00,https://www.newsis.com/view/NISX20260929_0003807822,https://n.news.naver.com/mnews/article/003/0014222762?sid=102
서울대학교,바이오타임즈,"큐어버스, 코스닥 기술성평가 통과…2027년 상반기 상장 추진","큐어버스는 최근 서울대학교병원에서 건강한 성인과 노인 110명을 대상으로 국내 임상 1상을 진행했으며, 중대한 이상사례 없이 안전성과 내약성을 확인했다고 밝혔다. 탐색적 평가에서는 Nrf2 관련 방어 유전자의...",2026-09-30 10:00,https://www.biotimes.co.kr/news/articleView.html?idxno=34803,https://www.biotimes.co.kr/news/articleView.html?idxno=34803
서울대학교,이투데이,"서울교육청, 내년 공립 중등교사 694명 선발⋯전년보다 306명 감소","서울농학교와 한국우진학교에서 특수(중등) 교사를 각각 4명씩, 서울대사범대학부설중학교에서 국어 교사 2명을 선발한다. 사립학교는 76개 학교법인 109개교에서 제1차 시험을 위탁받아 총 201명을 선발한다....",2026-09-30 10:00,https://www.etoday.co.kr/news/view/2630755,https://www.etoday.co.kr/news/view/2630755
서울대학교,NC,비올라에 남은 비외탕의 언어… 이준서 '비외땅의 색채',"넬 필하모닉 오케스트라 지휘자, 어나더앙상블 음악감독, 한양대학교 ERICA 엔젤루스 오케스트라 지휘자를 맡고 있다. 바이올리니스트 김혜령은 예원학교와 서울예고, 서울대학교 음악대학을 졸업하고...",2026-09-30 10:00,https://www.nc.press/news/articleView.html?idxno=627457,https://www.nc.press/news/articleView.html?idxno=627457
서울대학교,뉴스핌,서울 중등교사 공립 임용 694명 선발…전년보다 306명 줄어,"서울농학교와 서울대사대부중은 1차 시험만 서울시교육청에 위탁하고 한국우진학교는 1·2차 시험을 모두 공립과 함께 치른다. 사립학교는 76개 법인 109개교에서 모두 201명을 위탁 선발한다. 중등교사 176명, 특수...",2026-09-30 10:00,https://www.newspim.com/news/view/20260929000862,https://www.newspim.com/news/view/20260929000862
서울대학교,연합뉴스,내년 서울 공립중등교사 584명 선발…특수·보건 등 110명,"특수 중등은 서울농학교와 한국우진학교에서 각 4명을, 국어 교사는 서울대학교사범대학부설중학교에서 2명을 선발한다. 사립학교 교사는 학교법인 76개(109개교)를 대신해 제1차 시험을 치러 중등교사 176명, 특수...",2026-09-30 10:00,https://www.yna.co.kr/view/AKR20260929127500530?input=1195m,https://n.news.naver.com/mnews/article/001/0016345743?sid=102
고려대학교,스마트경제,"""AI 시대 법과 책임을 묻다""… 경희대·독일 훔볼트재단, 2026 국제학술대...",훔볼트 회원인 김재형 서울대학교 법학전문대학원 교수(전 대법관)와 지원림 고려대학교 법학전문대학원 명예교수가 좌장을 맡아 논의의 깊이를 더하며 송호영 한양대학교 법학전문대학원 교수와 윤석찬...,2026-09-30 10:00,http://www.dailysmart.co.kr/news/articleView.html?idxno=130407,http://www.dailysmart.co.kr/news/articleView.html?idxno=130407
고려대학교,매일경제,“자연·교통·직장 3박자”…아크메르 동탄 10월 공급,"단지 인근으로 한림대학교 동탄성심병원과 스타필드마켓 동탄점, 롯데백화점 동탄점, 코스트코, 이마트트레이더스 등 각종 생활편의시설과 학동초와 석우중, 동탄고 등 교육시설이 있다. 고려대학교의료원이 약 700병상...",2026-09-30 10:00,https://www.mk.co.kr/article/12164521,https://n.news.naver.com/mnews/article/009/0005741785?sid=101
서울대학교,뉴스1,서울 공립 중등교사 584명 선발…전년 대비 316명 감소,"서울농학교와 한국우진학교가 특수학교 중등교사를 각각 4명씩, 서울대학교사범대학부설중학교가 국어교사 2명을 뽑는다. 사립학교는 중등교사 176명, 특수학교 중등교사 9명, 보건교사 6명, 영양교사 1명...",2026-09-30 10:00,https://www.news1.kr/society/education/6304832,https://n.news.naver.com/mnews/article/421/0009199789?sid=102
연세대학교,DDANZI,"[뉴공 아카이브]김준형 조국혁신당 원내대표·전 국립외교원장, 최종건...","최종건 전 외교부 차관, 현 연세대 교수님, 안녕하십니까?▷최종건 : 네, 안녕하십니까?▶김어준 : 자, 김준형 전 국립외교원장, 현 조국혁신당의 원내대표 모셨습니다.◎김준형 : 그게 금방 안 나옵니까?▶김어준 : 앞에 그...",2026-09-30 09:58,http://www.ddanzi.com/895897847,http://www.ddanzi.com/895897847
서울대학교,아시아A,두나무 UIS서 확인된 디지털 금융 전환...한국도 제도 시험대,"두나무가 지난 29일(현지시간) 서울 광진구 그랜드 워커힐 서울에서 개최한 '업비트 인스티튜셔널 서밋(UIS)... 서울대 경영대학 이종섭 교수의 진행으로 열린 세션에는 두나무와 하나금융지주, 삼성금융네트웍스...",2026-09-30 09:58,https://www.asiaa.co.kr/news/articleView.html?idxno=264571,https://www.asiaa.co.kr/news/articleView.html?idxno=264571
연세대학교,이데일리,네이버 스마트스토어 10년…창업 지원서 AI·물류까지 ‘성장 사다리’...,연구팀과 연세대 최보름 교수 연구팀이 공동 연구한 ‘D-커머스 리포트 2026: 스마트스토어 10년 진화 경로... 최보름 연세대 교수는 “스마트스토어가 판매자 주도형 플랫폼으로 정체성을 갖추고 검색·결제·데이터...,2026-09-30 09:57,https://www.edaily.co.kr/News/Read?newsId=03135686645585368&mediaCodeNo=257&utm_source=naver&utm_medium=referral&utm_campaign=news_syndication&utm_content=original_article,https://n.news.naver.com/mnews/article/018/0006377493?sid=105
서울대학교,이데일리,네이버 스마트스토어 10년…창업 지원서 AI·물류까지 ‘성장 사다리’...,"네이버, ‘스마트스토어 10년 진화 경로 보고서’(사진=네이버) 네이버는 서울대 유병준 교수 연구팀과... 유병준 서울대 교수는 “네이버는 급변하는 시장 환경에서 판매자들이 경쟁력을 잃지 않고 사업을 키울 수...",2026-09-30 09:57,https://www.edaily.co.kr/News/Read?newsId=03135686645585368&mediaCodeNo=257&utm_source=naver&utm_medium=referral&utm_campaign=news_syndication&utm_content=original_article,https://n.news.naver.com/mnews/article/018/0006377493?sid=105
연세대학교,라포르시안,"국내 연구진, 두경부암 전이·면역내성 유발 'ETS1' 유전자 규명","연세대 강남세브란스병원 이비인후과 박영민 교수 연구팀은 미국 서던캘리포니아대학교(USC) 연구팀과 공동 연구를 진행, 단일세포 전사체(scRNA-seq) 분석을 통해 전사조절인자 'ETS1'이 암세포의 전이와 면역...",2026-09-30 09:56,https://www.rapportian.com/news/articleView.html?idxno=240814,https://www.rapportian.com/news/articleView.html?idxno=240814
서울대학교,노컷뉴스,"한가인, '알부민 뒷광고 의혹'에 구매내역까지 공개 ""직접 결제""","이승훈 서울대학교병원 신경과 교수는 한 유튜브 채널에 출연해 ""알부민, 글루타치온, 콜라겐을 먹으면 아미노산으로 분해되는데 그 대표적인 성분이 글루탐산""이라며 ""글루탐산은 여러분이 건강에 좋지 않다고 생각하는...",2026-09-30 09:56,https://www.nocutnews.co.kr/news/6584868?utm_source=naver&utm_medium=article&utm_campaign=20260930095557,https://n.news.naver.com/mnews/article/079/0004194090?sid=102
서울대학교,파이낸셜뉴스,"서울대 동아리 '정보 카르텔', 똘똘 뭉쳐 200억 챙겼다","특히 핵심 혐의자 5명 모두 서울대 경영동아리 출신으로, 일종의 '정보 카르텔'을 형성해 장기간 정보를... 당국에 따르면 5명 안팎의 핵심 혐의자들은 30∼40대로, 서울대 경영 동아리와 글로벌 컨설팅회사에서 함께...",2026-09-30 09:56,https://www.fnnews.com/news/202609300932005441,https://n.news.naver.com/mnews/article/014/0005582748?sid=101
고려대학교,스포츠서울,"“과거로 돌아갈 수 있다면?”…영탁, ‘TAK SHOW5’ 타임슬립 예고 “D...",특히 대학 신입생 시절로 타임슬립한 영탁의 모습이 공개되면서 이번 콘서트에서 어떤 이야기가 펼쳐질지 관심이 폭발하고 있다. 영탁의 2026 단독 콘서트 ‘TAK SHOW5’는 오는 10월 3~5일 서울 고려대...,2026-09-30 09:55,https://www.sportsseoul.com/news/read/1638505?ref=naver,https://m.entertain.naver.com/article/468/0001269692
고려대학교,메가경제,"마스턴투자운용, 임직원 물품 기부 캠페인…5년째 굿윌스토어 지원","마스턴투자운용 사회공헌추진단은 출범 이후 대학생 대상 재능기부 특강과 장애인 인식개선 프로그램 등으로 활동 범위를 넓히고 있다. 고려대와 한국외대, 성균관대, 한양대 및 국제산림학생연합(IFSA) 한국지부...",2026-09-30 09:54,https://www.megaeconomy.co.kr/news/newsview.php?ncode=1065574147850448,https://www.megaeconomy.co.kr/news/newsview.php?ncode=1065574147850448
고려대학교,대학저널,"큐엔스마트, '다빈치큐(DaVinciQ)' 정식 출시","큐엔스마트의 김희주 대표는 미국 컬럼비아대학교 교육학 석사 과정을 마친 후 정부기관 융합교육 프로젝트 및 고려대학교 교육대학원 겸임교수를 거친 창의·융합교육 분야 전문가다. 김희주 큐엔스마트 대표는 ""AI...",2026-09-30 09:54,https://dhnews.co.kr/news/view/1065601335868002,https://dhnews.co.kr/news/view/1065601335868002
고려대학교,뉴스퀘스트,"한진, 신임 정책기획담당 부사장에 최종석 선임…대내외 환경 대응 역량...","최종석 부사장은 서울대 사회복지학과를 졸업하고, 코넬대 노사관계대학원에서 석사, 고려대에서 경영학 박사 학위를 받았다. 행정고시 합격 후 고용노동부 사무관, 대통령실 고용노사비서관실 행정관...",2026-09-30 09:54,https://www.newsquest.co.kr/news/articleView.html?idxno=301766,https://www.newsquest.co.kr/news/articleView.html?idxno=301766
연세대학교,대학저널,"연세대, AI 교육 혁신 및 산업 현장 연계 인재 양성","24개 대학 총장 및 26개 참여기업 등 90여 명이 참석했다. 행사에서는 축사, ‘AI 시대 대학 교육의 방향’ 발표, AI 교육 혁신확산·공동협력 선언식, 출범 선포식 순으로 진행됐다. 윤동섭 연세대 총장은 축사에서...",2026-09-30 09:54,http://dhnews.co.kr/news/view/1065572038304246,http://dhnews.co.kr/news/view/1065572038304246
서울대학교,뉴스퀘스트,"한진, 신임 정책기획담당 부사장에 최종석 선임…대내외 환경 대응 역량...","최종석 부사장은 서울대 사회복지학과를 졸업하고, 코넬대 노사관계대학원에서 석사, 고려대에서 경영학 박사 학위를 받았다. 행정고시 합격 후 고용노동부 사무관, 대통령실 고용노사비서관실 행정관, 서울지방노동위원...",2026-09-30 09:54,https://www.newsquest.co.kr/news/articleView.html?idxno=301766,https://www.newsquest.co.kr/news/articleView.html?idxno=301766
서울대학교,연합뉴스TV,"美 백악관·재무부부터 韓 여야 의원까지…두나무, UIS 2026 성료","두나무는 지난 29일 서울 광진구 그랜드 워커힐 서울에서 열린 ‘업비트 인스티튜셔널 서밋(Upbit... 이종섭 서울대학교 경영대학 교수를 좌장으로 최원석 두나무 해외사업총괄(Chief Global Business Officer), 엄태성...",2026-09-30 09:54,http://www.yonhapnewstv.co.kr/news/AKR20260930095348C0m,https://n.news.naver.com/mnews/article/422/0000911067?sid=101
서울대학교,AITIMES,"AI와 데이터로 여는 '자율 실험실' 미래...화학연, 소재·AI 전문가 초청...","브라베츠 교수(독일 프리드리히 알렉산더 대학교), 한상수 교수(서울대), 조반니 피치 수석연구원(스위스 폴 셰러 연구소), 최우진 책임연구원(화학연), 쉬 이빈 책임연구원(일본 국립재료과학연구소), 샤오난 왕...",2026-09-30 09:54,https://www.aitimes.kr/news/articleView.html?idxno=42115,https://www.aitimes.kr/news/articleView.html?idxno=42115
서울대학교,파이낸셜포스트,"기아, 찾아가는 야외 음악회 '여행하는 선율: 초록여행 X 런피아노' 개최","기아가 지난 29일 서울 종로구 국립민속박물관에서 찾아가는 야외 음악회 '여행하는 선율: 초록여행 x... 협업에 나선 런피아노는 피아니스트 박종화 서울대학교 교수가 이끄는 이동형 공연 프로젝트로, 고정된 클래식...",2026-09-30 09:52,https://www.financialpost.co.kr/news/articleView.html?idxno=277962,https://www.financialpost.co.kr/news/articleView.html?idxno=277962
연세대학교,뉴스케이알,"""DX 넘어 AX로""…네이버, 스마트스토어 진화 경로 공개",네이버는 서울대학교 유병준 교수 연구팀과 연세대학교 최보름 교수 연구팀이 공동으로 연구한 'D-커머스 리포트 2026: 스마트스토어 10년 진화 경로 보고서'를 30일 발간했다. 연구팀은 스마트스토어가 디지털 전환(DX)을...,2026-09-30 09:50,http://www.newskr.kr/news/articleView.html?idxno=106771,http://www.newskr.kr/news/articleView.html?idxno=106771
고려대학교,연합뉴스,"한진, 정책기획담당 부사장 신설…최종석 전 안전보안실장 선임","최 부사장은 1970년생으로 서울대 사회복지학과를 졸업하고 코넬대 노사관계대학원 석사, 고려대 경영학 박사 학위를 받았다. 행정고시 합격 후 고용노동부 사무관을 시작으로 대통령실 고용노사비서관실 행정관...",2026-09-30 09:50,https://www.yna.co.kr/view/AKR20260930048200030?input=1195m,https://n.news.naver.com/mnews/article/001/0016345683?sid=101
서울대학교,뉴스케이알,"""DX 넘어 AX로""…네이버, 스마트스토어 진화 경로 공개",네이버는 서울대학교 유병준 교수 연구팀과 연세대학교 최보름 교수 연구팀이 공동으로 연구한 'D-커머스 리포트 2026: 스마트스토어 10년 진화 경로 보고서'를 30일 발간했다. 연구팀은 스마트스토어가 디지털 전환(DX)을...,2026-09-30 09:50,http://www.newskr.kr/news/articleView.html?idxno=106771,http://www.newskr.kr/news/articleView.html?idxno=106771
서울대학교,뉴스퀘스트,"""디지털자산·전통금융 결국 합쳐진다""…두나무, 온체인 금융 판 키운다",두나무는 지난 29일 서울 광진구 그랜드 워커힐 서울에서 '업비트 인스티튜셔널 서밋(Upbit Institutional Summit... 국내 금융산업의 온체인 전환을 주제로 한 세션에는 이종섭 서울대학교 경영대학 교수를 좌장으로 최원석...,2026-09-30 09:50,https://www.newsquest.co.kr/news/articleView.html?idxno=301747,https://www.newsquest.co.kr/news/articleView.html?idxno=301747
서울대학교,프레시안,"서울대 경영동아리 출신 임원들, '미공개 정보 카르텔'로 200억 부당이득","핵심 혐의자 5명, 가족·지인까지 총 10여 명 연루…약 5년 간 범행 '덜미' 서울대 경영동아리 출신 금융사... 합동대응단에 따르면, 30~40대인 핵심 혐의자 5명이 서울대 경영 동아리와 글로벌 컨설팅 회사에서 함께 활동하며...",2026-09-30 09:50,https://www.pressian.com/pages/articles/2026092917182699215?utm_source=naver&utm_medium=search,https://n.news.naver.com/mnews/article/002/0002458808?sid=101
서울대학교,뉴시스,"두나무, 'UIS 2026' 성료…美 백악관·재무부부터 韓 여야 의원 한자리에","가상자산 거래소 업비트를 운영하는 두나무는 지난 29일 서울 광진구 그랜드 워커힐 서울에서 '업비트... 국내 금융산업의 온체인 전환을 다룬 '금융, 온체인으로: 연결되는 돈, 결제, 자산' 세션에서는 이종섭 서울대학...",2026-09-30 09:50,https://www.newsis.com/view/NISX20260930_0003808265,https://n.news.naver.com/mnews/article/003/0014222688?sid=101
서울대학교,연합뉴스,"한진, 정책기획담당 부사장 신설…최종석 전 안전보안실장 선임","최 부사장은 1970년생으로 서울대 사회복지학과를 졸업하고 코넬대 노사관계대학원 석사, 고려대 경영학 박사 학위를 받았다. 행정고시 합격 후 고용노동부 사무관을 시작으로 대통령실 고용노사비서관실 행정관...",2026-09-30 09:50,https://www.yna.co.kr/view/AKR20260930048200030?input=1195m,https://n.news.naver.com/mnews/article/001/0016345683?sid=101
서울대학교,농민신문,식어가는 ‘통일’ 의지…10명중 3명 “이대로가 좋다” 역대 최고,29일 서울대학교 통일평화연구원은 한국갤럽에 의뢰해 7월1~26일 전국 17개 시도 성인 1200명을 대상으로... 한편 서울대 통일평화연구원은 이날 서울대에서 학술대회를 열고 이번 주요 조사 결과를 발표하고 북한...,2026-09-30 09:49,https://www.nongmin.com/article/20260929500438,https://n.news.naver.com/mnews/article/662/0000105281?sid=102
서울대학교,전자신문,"AI 추천, 설명은 길수록 좋다? 실증연구 결과는 달랐다","박기완 서울대 경영대학 교수와 김예리 서울여대 데이터사이언스학과 교수가 연구진으로 참여했다. 연구진은 설명의 구체성, 추천에 활용된 데이터 유형, 이용자의 쇼핑 목적, 프라이버시 우려와 AI 리터러시 등을...",2026-09-30 09:49,https://www.etnews.com/20260930000083,https://n.news.naver.com/mnews/article/030/0003470977?sid=101
서울대학교,이뉴스투데이,"OTT는 커지는데 유료방송은 옛 규제···""사전승인 줄이고 자율성 높여...","한국IPTV방송협회와 한국케이블TV방송협회, KT스카이라이프는 30일 서울 프레스센터에서 한국방송학회와... 홍종윤 서울대학교 교수는 방송과 통신의 경계가 약해지고 시청 방식이 달라진 상황을 고려해 기존 '방송' 개념을...",2026-09-30 09:48,http://www.enewstoday.co.kr/news/articleView.html?idxno=2475448,http://www.enewstoday.co.kr/news/articleView.html?idxno=2475448
서울대학교,쿠키뉴스,"한국타이어, 미국 ‘IDEA 디자인 어워드’ 본상 2관왕","서울대 순환디자인연구실 ‘디스코랩(DISCO Lab)’과 공동 개발했으며 출품작 ‘블래더 업사이클링 시리즈’는 블래더 분말로 만든 가구와 브릭, 라이프스타일 굿즈로 구성됐다. 브릭을 조립한 조형물...",2026-09-30 09:48,https://www.kukinews.com/article/view/kuk202609300023,https://www.kukinews.com/article/view/kuk202609300023
서울대학교,교수신문,"과총 60년, 모으는 과학에서 연결하는 과학으로","한국과학기술단체총연합회(회장 권오남 서울대 수학교육과 교수·이하 과총)가 창립 60주년을 맞아... 윤태영 서울대 생명과학부 교수, 이성빈 카이스트 물리학과 교수가 참여한다. AI·바이오·양자 분야의 발전 방향과...",2026-09-30 09:48,https://www.kyosu.net/news/articleView.html?idxno=210774,https://www.kyosu.net/news/articleView.html?idxno=210774
연세대학교,뉴스포스트,"매일유업, 대학 축제서 '도파민 충전소' 운영…20대 접점 확대","매일유업이 대학 축제 현장에서 체험형 이벤트를 열고 20대 소비자와의 접점 확대에 나섰다. 매일유업은 지난 22일 연세대학교 신촌 캠퍼스 축제에서 '매일 도파민 충전소'를 운영한 데 이어, 오는 10월 1~2일...",2026-09-30 09:48,https://www.newspost.kr/news/articleView.html?idxno=226000,https://www.newspost.kr/news/articleView.html?idxno=226000
고려대학교,아이뉴스24,"한진, 정책기획담당 부사장에 최종석 전 안전보안실장","최 부사장은 1970년생으로 서울대 사회복지학과 졸업 후 코넬대 노사관계대학원에서 석사 학위를, 고려대에서 경영학 박사 학위를 취득했다. 행정고시 합격 후 고용노동부 사무관으로 시작해 대통령실 고용노사비서관실...",2026-09-30 09:47,http://www.inews24.com/view/2010233,https://n.news.naver.com/mnews/article/031/0001062191?sid=101
서울대학교,아이뉴스24,"한진, 정책기획담당 부사장에 최종석 전 안전보안실장","1970년생으로 서울대 사회복지학과 졸업 후 코넬대 노사관계대학원에서 석사 학위를, 고려대에서 경영학 박사 학위를 취득했다. 행정고시 합격 후 고용노동부 사무관으로 시작해 대통령실 고용노사비서관실 행정관, 서울...",2026-09-30 09:47,http://www.inews24.com/view/2010233,https://n.news.naver.com/mnews/article/031/0001062191?sid=101
연세대학교,충남일보,[교육정보] 내신 한계 넘자… 일반전형 지원자 과반 '논술'로,"2027학년도 대학별 논술고사 일정. (자료제공=진학사) 2027학년도 수시 논술고사가 오는 10월 3일... 이어 10일 연세대, 11일 가톨릭대(의·약학 제외)와 중앙대(창의형)가 시험을 치르며, 이후에도 연세대(미래), 을지대...",2026-09-30 09:44,http://www.chungnamilbo.co.kr/news/articleView.html?idxno=912301,http://www.chungnamilbo.co.kr/news/articleView.html?idxno=912301
고려대학교,디지털데일리,"한진, 부사장직 신설…최종석 정책기획담당 부사장 선임","최 부사장은 1970년생으로 서울대 사회복지학과를 졸업하고 미국 코넬대 노사관계대학원에서 석사 학위를, 고려대에서 경영학 박사 학위를 취득했다. 행정고시 합격 후 고용노동부 사무관으로 공직 생활을 시작해...",2026-09-30 09:44,https://www.ddaily.co.kr/page/view/2026093009215663273,https://n.news.naver.com/mnews/article/138/0002243100?sid=101
서울대학교,아주경제,"""컴퓨터는 망치로 부수고, 성과급은 0원""…'쎈' 대표 결국 기소","[사진=서울대학교] 참고서 '쎈'으로 잘 알려진 좋은책신사고의 홍범준 대표가 부당노동행위 혐의로 불구속 기소됐다. 지난 23일 서울남부지검은 홍 대표에게 노동조합 및 노동관계조정법, 근로기준법 위반 혐의를...",2026-09-30 09:44,https://www.ajunews.com/view/20260930092006430,https://www.ajunews.com/view/20260930092006430
서울대학교,비즈워크,"한국타이어, IDEA 디자인 어워드 본상 2건…'리무브·휠봇2' 수상","서울대학교 순환디자인연구실 '디스코랩(DISCO Lab)'과 공동 개발했다. 출품작인 '블래더 업사이클링 시리즈'는 블래더 분말을 활용해 제작한 가구와 브릭, 라이프스타일 굿즈 등으로 구성됐다. 브릭을 조립해...",2026-09-30 09:44,https://www.bizwork.co.kr/news/articleView.html?idxno=419544,https://www.bizwork.co.kr/news/articleView.html?idxno=419544
서울대학교,아시아경제,"코스맥스, AI 기반 원형탈모 예측 모델 특허 출원",서울대학교와 함께 모발의 시스틴 결합을 복구해 손상모의 인장 강도를 120% 이상 개선하는 신소재 '코어링크-에스(Corelink-S)'를 개발했다. 이 소재는 올해 '코스모프로프 볼로냐'의 코스모팩어워즈 헤어케어 제형 부문...,2026-09-30 09:44,https://view.asiae.co.kr/article/2026093009263191655,https://n.news.naver.com/mnews/article/277/0005822600?sid=101
서울대학교,비즈니스플러스,"기아, 장애인 문화 향유 위한 '초록여행 x 런피아노' 2회차 개최…참석...","(왼쪽부터)사단법인 그린라이트 이재강 회장, 기아 지속가능경영실장 이덕현 상무, 서울시립발달장애인복지관 최선자 관장, 김예지 국회의원, 서울대 박종화 교수, 기아 기업전략실장 정의철 전무, 국립민속박물관...",2026-09-30 09:44,https://www.businessplus.kr/news/articleView.html?idxno=117451,https://www.businessplus.kr/news/articleView.html?idxno=117451
서울대학교,디지털데일리,"한진, 부사장직 신설…최종석 정책기획담당 부사장 선임",최 부사장은 1970년생으로 서울대 사회복지학과를 졸업하고 미국 코넬대 노사관계대학원에서 석사 학위를... 행정고시 합격 후 고용노동부 사무관으로 공직 생활을 시작해 대통령실 고용노사비서관실 행정관과 서울지방...,2026-09-30 09:44,https://www.ddaily.co.kr/page/view/2026093009215663273,https://n.news.naver.com/mnews/article/138/0002243100?sid=101
서울대학교,디지털데일리,"탈모 미리 예측한다…코스맥스, AI 예측 모델 특허 출원",코스맥스는 서울대학교와 협력해 모발의 시스틴 결합을 복구해 손상모의 인장 강도를 120% 이상 개선하는 신소재 '코어링크-에스(Corelink-S)'도 개발했다. 올해 상반기 기준 코스맥스의 헤어케어 부문 매출액은 전년 동기...,2026-09-30 09:43,https://www.ddaily.co.kr/page/view/2026093009194088985,https://n.news.naver.com/mnews/article/138/0002243098?sid=101
서울대학교,데일리안,"가구로 변한 타이어 부산물…한국타이어, IDEA 디자인상 2관왕","한국타이어는 서울대학교 순환디자인연구실 디스코랩과 함께 블래더를 분말로 가공해 가구와 벽돌, 생활용품 등을 만들었다. 벽돌을 조립해 제작한 ‘키네틱 월’에는 자원을 버리지 않고 다시 순환시키겠다는 의미를...",2026-09-30 09:41,https://www.dailian.co.kr/news/view/1696046/?sc=Naver,https://n.news.naver.com/mnews/article/119/0003137786?sid=101
고려대학교,아시아경제,"㈜한진, 노동부 출신 최종석 신임 정책기획 부사장 선임","1970년생인 최 부사장은 서울대 사회복지학과 졸업 후 코넬대 노사관계대학원에서 석사 학위를, 고려대에서 경영학 박사 학위를 취득했다. 행정고시 합격 후 고용노동부 사무관으로 시작해 대통령실 고용노사비서관실...",2026-09-30 09:41,https://view.asiae.co.kr/article/2026093009412190618,https://n.news.naver.com/mnews/article/277/0005822595?sid=101
서울대학교,아시아경제,"㈜한진, 노동부 출신 최종석 신임 정책기획 부사장 선임","부사장은 서울대 사회복지학과 졸업 후 코넬대 노사관계대학원에서 석사 학위를, 고려대에서 경영학 박사 학위를 취득했다. 행정고시 합격 후 고용노동부 사무관으로 시작해 대통령실 고용노사비서관실 행정관, 서울지...",2026-09-30 09:41,https://view.asiae.co.kr/article/2026093009412190618,https://n.news.naver.com/mnews/article/277/0005822595?sid=101
서울대학교,에듀동아,"""수능 D-50, 끝까지 무던하라""… 이투스247학원 선배들의 파이널 역전 전...","이투스247학원은 서울대 및 의약학 계열에 합격한 장학생들의 수기 내용을 바탕으로 수능 당일까지 이어지는... 이투스247학원 출신으로 서울대학교에 합격한 박O영 씨는 ""9월 모의평가에서 기대에 미치지 못하는 성적을...",2026-09-30 09:40,https://edu.donga.com/news/articleView.html?idxno=112351,https://edu.donga.com/news/articleView.html?idxno=112351
연세대학교,NEWSQ,[스포츠JOB아먹기(250) 정우영] '유명한 회사원' 톱 캐스터의 생존법,때문에 대학원 시험을 준비했고 연세대학교 대학원 가을학기 등록을 앞두고 있었습니다. 그런데 바로 그 시점에 다시 MBC ESPN 공채가 열렸습니다. 이전 공채에서 면접까지 갔던 경험이 있었기 때문에 3차 시험부터 참여할...,2026-09-30 09:40,https://www.newsq.co.kr/news/articleView.html?idxno=500190,https://www.newsq.co.kr/news/articleView.html?idxno=500190
서울대학교,법률방송뉴스,'서울대 투자동아리' 출신 5명 '정보 수령 지위' 따라 처벌수위 달라져,서울대의 유명 투자동아리 출신 선후배 5명이 '정보 카르텔'을 형성해 200억원을 벌어들인 소재는 인수합병(M... 10여년 전 서울대 투자동아리에서 처음 인연을 맺었고 이후 같은 글로벌 컨설팅회사에서 함께 일했다. 이들은...,2026-09-30 09:40,https://www.lawtv.kr/news/articleView.html?idxno=61042,https://www.lawtv.kr/news/articleView.html?idxno=61042
서울대학교,메가경제,두나무 ‘업비트 인스티튜셔널 서밋’ 성료…美 백악관·재무부 인사 참...,두나무는 지난 29일 서울 광진구 그랜드 워커힐 서울에서 열린 ‘업비트 인스티튜셔널 서밋(Upbit Institutional... 국내 금융산업의 온체인 전환을 다룬 세션에는 이종섭 서울대학교 경영대학 교수를 좌장으로 최원석...,2026-09-30 09:40,https://www.megaeconomy.co.kr/news/newsview.php?ncode=1065573250333905,https://www.megaeconomy.co.kr/news/newsview.php?ncode=1065573250333905
서울대학교,오토타임즈,"한국타이어, IDEA 2관왕으로 디자인 역량 입증","서울대학교 순환디자인연구실 ‘디스코랩’과 공동 개발했다. 출품작 ‘블래더 업사이클링 시리즈’는 블래더 분말로 만든 가구와 브릭, 라이프스타일 굿즈로 구성했다. 브릭을 조립한 조형물 ‘키네틱 월’은...",2026-09-30 09:38,http://autotimes.co.kr/detail.php?number=689313&thread=27,http://autotimes.co.kr/detail.php?number=689313&thread=27
고려대학교,뉴스프리존,"고대구로병원, 폐에 직접 전달 '흡입형 폐암 나노치료제' 개발","고대구로병원 김현구 심장혈관흉부외과 교수와 KAIST 박지호 바이오및뇌공학과 교수 공동 연구팀(KIST 김경수 박사, 고려대학교 구로병원 심장혈관흉부외과 전은비 연구원, 고려대학교 구로병원 심장혈관흉부외과...",2026-09-30 09:38,https://www.newsfreezone.co.kr/news/articleView.html?idxno=711553,https://www.newsfreezone.co.kr/news/articleView.html?idxno=711553
서울대학교,더나은미래,"[발코니에 올라] 함께 일했지만, 함께 달라졌는가","태평양 리더로 선정됐으며, 루트임팩트는 제4회 대한민국 사회적경제 박람회에서 대통령 표창을 수상했습니다. 루트임팩트 공동 설립 전에는 서울대학교 경영학과를 졸업하고 Bain & Company에서 전략 컨설턴트로 근무했습니다.",2026-09-30 09:38,https://futurechosun.com/?p=161467,https://futurechosun.com/?p=161467
연세대학교,의협신문,"심정지 위험 평가, 흡연·운동 외 생활습관 전반 살펴야","안교진·차경철·황성오 연세대 원주의대 교수팀(원주세브란스기독병원 응급의학과)은 전국 18개 대학병원 응급실이 참여한 CAPTURES 연구의 2017∼2023년 자료를 활용해, 심장성 원인으로 추정되는 병원 밖 심정지 환자...",2026-09-30 09:38,http://www.doctorsnews.co.kr/news/articleView.html?idxno=166535,http://www.doctorsnews.co.kr/news/articleView.html?idxno=166535
서울대학교,데일리한국,"코스맥스, AI '원형탈모' 예측 모델 개발…헤어케어 맞춤형 사업 강화","서울대학교와 공동으로 손상 모발의 시스틴 결합을 복구하는 소재 '코어링크-에스(Corelink-S)'를 개발했으며, 해당 기술은 올해 '코스모프로프 볼로냐' 코스모팩어워즈 헤어케어 제형 부문 파이널리스트에 선정됐다. 사업...",2026-09-30 09:36,https://daily.hankooki.com/news/articleView.html?idxno=1410704,https://daily.hankooki.com/news/articleView.html?idxno=1410704
서울대학교,REDAILY,"언제까지 표 팔아 돈 벌텐가…""철도기관, 지방 역세권 개발 나서야"" [좌...","이번 좌담회에는 최진석 철도경제연구소장이 좌장을 맡고 마강래 중앙대학교 도시계획·부동산학과 교수, 김경민 서울대학교 환경대학원 교수, 우명제 서울시립대학교 도시공학과 교수가 패널로 참석해 다양한 의견을...",2026-09-30 09:36,https://www.redaily.co.kr/news/articleView.html?idxno=17547,https://www.redaily.co.kr/news/articleView.html?idxno=17547
고려대학교,한국강사신문,"고려대학교 유승호 교수팀, 미국 오하이오주립대와 리튬-텔루륨 전지 성...","고려대 배터리-스마트팩토리학과 최효열 석박사통합과정, 화공생명공학과 김미현 박사, 텍사스A&M대학교 이치호 박사후연구원(이상 공동 제1저자)과 고려대 화공생명공학과 유승호 교수, 미국 오하이오주립대 권상일...",2026-09-30 09:36,https://www.lecturernews.com/news/articleView.html?idxno=211324,https://www.lecturernews.com/news/articleView.html?idxno=211324
고려대학교,CCDAILYNEWS,세종 행정도시 자원 품은 고려대 공공 AI 인재 양성 거점,"김희석 고려대 세종SW중심대학사업단장은 세종의 정책 지식과 공공 수요, 실증 공간, 산업 기반을 교육과정에 연결해 공공 현장의 문제 해결에 기여할 AI·AX 인재를 키우겠다는 구상을 제시했다. 이번 선정은 대학의...",2026-09-30 09:36,https://www.ccdailynews.com/news/articleView.html?idxno=2443773,https://www.ccdailynews.com/news/articleView.html?idxno=2443773
서울대학교,매일경제,"“공 모양 휠로 360도 전 방향 주행”…한국타이어 ‘휠봇2’, IDEA 본상","서울대학교 순환디자인연구실 ‘디스코랩’과 공동 개발했다. 리무브는 올해 레드닷 디자인 어워드 본상과 A’ 디자인 어워드 금상, 그린 굿 디자인 어워드에 이어 IDEA까지 수상하며 올해에만 4개 글로벌 디자인...",2026-09-30 09:35,https://www.mk.co.kr/article/12164444,https://n.news.naver.com/mnews/article/009/0005741762?sid=103
연세대학교,의학신문,"원주의대-쿠루메 의대, 고압의학·응급의료 국제 교류 본격화",연세대학교 원주의과대학(학장 김장영)이 일본 쿠루메 의과대학(Kurume University)과 고압의학 및 응급의료 분야를 중심으로 국제 교육·연구 교류 확대에 나섰다. 앞서 양 기관은 지난 2025년 10월 원주의과대학...,2026-09-30 09:34,https://www.bosa.co.kr/news/articleView.html?idxno=3013024,https://www.bosa.co.kr/news/articleView.html?idxno=3013024
서울대학교,뉴스로드,두나무 'UIS' 글로벌 정책·금융 리더들 한자리에...디지털 금융 다음 단...,"두나무는 지난 29일 서울 광진구 그랜드 워커힐 서울에서 열린 '업비트 인스티튜셔널 서밋(Upbit... 국내 금융산업의 온체인 전환을 다룬 '금융, 온체인으로: 연결되는 돈, 결제, 자산' 세션에서는 이종섭 서울대학교...",2026-09-30 09:34,http://www.newsroad.co.kr/news/articleView.html?idxno=65064,http://www.newsroad.co.kr/news/articleView.html?idxno=65064
서울대학교,에너지플랜트저널,"(인사) 한국원자력연구원, 정우식 제23대 원장 취임","정우식 원자력연구원장은 서울대학교(학사) KAIST(석사, 박사)에서 원자핵공학을 전공한 원자력 전문가로 2014년부터 2026년 9월까지 세종대학교 양자원자력공학과 교수로 재직하고 2002년 원자력연에 입사해 근무한 바...",2026-09-30 09:32,http://www.epj.co.kr/news/articleView.html?idxno=39485,http://www.epj.co.kr/news/articleView.html?idxno=39485
고려대학교,보건뉴스,폐에 최대 48시간 머무는 흡입형 나노치료제 개발,"고려대학교 구로병원 심장혈관흉부외과 김현구 교수, KAIST 바이오및뇌공학과 박지호 교수, KIST 김경수 박사, 고려대학교 구로병원 심장혈관흉부외과 전은비 연구원, 고려대학교 구로병원 심장혈관흉부외과 이준희 교수...",2026-09-30 09:30,http://www.bokuennews.com/news/article.html?no=284866,http://www.bokuennews.com/news/article.html?no=284866
서울대학교,파이낸셜뉴스,"""가구로 재탄생한 타이어 부산물""…한국타이어, 미국 IDEA서 본상 2건 수...","리무브는 타이어 생산 과정에서 나오는 부산물 '블래더'를 활용한 프로젝트로, 서울대학교 순환디자인연구실 '디스코랩'과 함께 개발했다. 출품작 '블래더 업사이클링 시리즈'는 블래더 분말로 만든 가구, 브릭...",2026-09-30 09:30,https://www.fnnews.com/news/202609300918570129,https://n.news.naver.com/mnews/article/014/0005582717?sid=101
서울대학교,아시아경제,"설탕부담금 건강편익 330억인데, 소비자손실 1954억","홍석철 서울대 교수와 김동영 국민대 교수, 김평식 경희대 교수는 30일 오전 국회 의원회관에서 열린 안상훈 의원 주최 포럼에서 '설탕부담금 도입이 건강과 경제에 미치는 비용-편익 분석'이라는 제목의 연구결과를...",2026-09-30 09:30,https://view.asiae.co.kr/article/2026092915054919716,https://n.news.naver.com/mnews/article/277/0005822576?sid=101
서울대학교,핸드메이커,"코스맥스, AI·빅데이터 활용 두피·탈모 연구 확대",코스맥스는 서울대학교와 공동 연구를 통해 모발의 시스틴 결합을 복구하는 소재 '코어링크-에스(Corelink-S)'를 개발했다. 회사 측에 따르면 해당 소재를 적용한 연구에서 손상모의 인장 강도가 120% 이상 개선되는 결과가...,2026-09-30 09:28,https://www.handmk.com/news/articleView.html?idxno=43677,https://www.handmk.com/news/articleView.html?idxno=43677
서울대학교,KOREAJOONGANGDAILY,"In the AI age, school age lasts a lifetime (KOR)","인공지능 시대, 학령은 평생이다 이정동 서울대 공대 교수 한국에는 이상하게 엇갈리는 두 장의 교육 성적표가 있다. 열다섯 살 학생들의 역량을 재는 경제협력개발기구...",2026-09-30 09:28,https://www.koreajoongangdaily.com/bilingual-news/in-the-ai-age-school-age-lasts-a-lifetime-kor/12897565,https://n.news.naver.com/mnews/article/640/0000094841?sid=110
고려대학교,에너지신문,김선기 KTL 제17대 원장 취임…미래 성장산업·글로벌 진출 지원 강화,"김선기 원장은 강원 횡성 출신으로 고려대 사회학과를 졸업하고 미국 카네기멜론대학교 대학원에서 정보통신기술 석사 학위를 취득했다. 이후 한국도시가스협회 상근부회장, 대한무역투자진흥공사(KOTRA)...",2026-09-30 09:28,https://www.energy-news.co.kr/news/articleView.html?idxno=228632,https://www.energy-news.co.kr/news/articleView.html?idxno=228632
서울대학교,지피코리아,"한국타이어, 美 IDEA 디자인 어워드 2관왕…'리무브·휠봇2' 본상","서울대학교 순환디자인연구실 디스코랩과 공동 개발했으며, 블래더 분말을 활용한 가구와 브릭, 라이프스타일 제품 등으로 구성됐다. 리무브 프로젝트는 올해 레드닷 디자인 어워드 본상과 A' 디자인 어워드 금상...",2026-09-30 09:28,https://www.gpkorea.com/news/articleView.html?idxno=147142,https://www.gpkorea.com/news/articleView.html?idxno=147142
서울대학교,뉴시스,"""AI로 노인건강 관리""…딥노이드, 국가사업 참여","주관연구개발기관은 삼성서울병원(정홍진 정신건강의학과 교수 연구팀)이 맡았고 딥노이드와 서울대학교·성균관대학교·경희대학교병원이 공동연구기관으로, 서울대학교병원·경희대학교가 참여 기관으로...",2026-09-30 09:27,https://www.newsis.com/view/NISX20260930_0003808192,https://n.news.naver.com/mnews/article/003/0014222617?sid=102
서울대학교,메디컬투데이,암 수술도 수도권 쏠림…중부권 지역 내 수술 35% 그쳐,"서울대학교병원과 삼성서울병원, 서울아산병원, 신촌세브란스병원, 서울성모병원 등 서울 '빅5... 이어 ""정부가 국립대학교병원을 중심으로 지역 완결적 암 치료 기반을 갖출 수 있도록 지원하고, 10대 암 수술...",2026-09-30 09:26,https://www.mdtoday.co.kr/news/articleView.html?idxno=616738,https://www.mdtoday.co.kr/news/articleView.html?idxno=616738
서울대학교,보건뉴스,"딥노이드, 180억 규모 국가 R&D '한국형 ARPA-H 프로젝트' 참여","주관연구개발기관은 삼성서울병원(정신건강의학과 전홍진 교수 연구팀)이 맡았고 딥노이드와 서울대학교·성균관대학교·경희대학교병원이 공동연구기관으로, 서울대학교병원·경희대학교가 참여 기관으로...",2026-09-30 09:26,http://www.bokuennews.com/news/article.html?no=284863,http://www.bokuennews.com/news/article.html?no=284863
서울대학교,이로운넷,"두나무, 글로벌 금융 리더 한자리에.... 'UIS 2026'서 디지털 금융 미래...","이로운넷 = 최봉애 기자 두나무는 지난 29일 서울 광진구 그랜드 워커힐 서울에서 열린 '업비트 인스티튜셔널... 이종섭 서울대학교 경영대학 교수를 좌장으로 최원석 두나무 해외사업총괄, 엄태성 하나금융지주 상무...",2026-09-30 09:26,https://www.eroun.net/news/articleView.html?idxno=91220,https://www.eroun.net/news/articleView.html?idxno=91220
고려대학교,CBC뉴스,"영탁, 단독 콘서트 'TAK SHOW5' 서울 개막… 시간 여행 콘셉트",가수 영탁이 오는 10월 3일부터 5일까지 서울 고려대학교 화정체육관에서 2026 단독 콘서트 'TAK SHOW5'를... 특히 배우 김응수가 참여한 티저 영상에서 영탁이 대학교 신입생 시절로 타임슬립하는 모습을 선보여...,2026-09-30 09:24,https://www.cbci.co.kr/news/articleView.html?idxno=611034,https://www.cbci.co.kr/news/articleView.html?idxno=611034
고려대학교,스포츠조선,폐에 직접 항암제 전달 최대 48시간 유지 '흡입형 폐암 나노치료제' 개...,"고려대학교 구로병원(병원장 민병욱) 심장혈관흉부외과 김현구 교수와 KAIST 바이오및뇌공학과 박지호 교수 공동 연구팀(KIST 김경수 박사, 고려대학교 구로병원 심장혈관흉부외과 전은비 연구원, 고려대학교...",2026-09-30 09:22,https://www.sportschosun.com/life/2026-09-30/202609300100202500013415,https://n.news.naver.com/mnews/article/076/0004451227?sid=102
고려대학교,스타데일리뉴스,"영탁, 단독 콘서트 'TAK SHOW5' 10월 서울 공연…시간 여행 콘셉트로 무...","영탁은 오는 10월 3일부터 5일까지 서울 고려대학교 화정체육관에서 2026 영탁 단독 콘서트 'TAK SHOW5'를... 공개된 티저 영상에서는 영탁이 대학교 신입생 시절로 돌아가는 장면이 등장한다. 과거와 현재, 미래를...",2026-09-30 09:22,https://www.stardailynews.co.kr/news/articleView.html?idxno=550955,https://www.stardailynews.co.kr/news/articleView.html?idxno=550955
연세대학교,오마이뉴스,"아시안게임 금메달 이주영, KBL 1순위 후보","ⓒ 대한민국농구협회 아시안게임 금메달을 목에 건 이주영(22, 189cm, 연세대)의 시선이 이제 프로 무대로... 대학 무대에서 마지막 시즌을 보낸 이주영에게 이제 프로 입단을 위한 마지막 관문만 남은 셈이다. 이주영은...",2026-09-30 09:21,https://www.ohmynews.com/NWS_Web/View/at_pg.aspx?CNTN_CD=A0003271409&CMPT_CD=P0010&utm_source=naver&utm_medium=newsearch&utm_campaign=naver_news,https://m.sports.naver.com/basketball/article/047/0002530702
고려대학교,오마이뉴스,"아시안게임 금메달 이주영, KBL 1순위 후보",2026년 KBL 신인선수 드래프트 참가를 앞둔 이주영은 이동근(고려대)과 함께 현재 유력한 1순위 후보로... 대학 무대에서 마지막 시즌을 보낸 이주영에게 이제 프로 입단을 위한 마지막 관문만 남은 셈이다. 이주영은 최근...,2026-09-30 09:21,https://www.ohmynews.com/NWS_Web/View/at_pg.aspx?CNTN_CD=A0003271409&CMPT_CD=P0010&utm_source=naver&utm_medium=newsearch&utm_campaign=naver_news,https://m.sports.naver.com/basketball/article/047/0002530702
연세대학교,이투데이,"이예준, 11월 단독 콘서트 개최…명품 라이브 예고",이예준은 오는 11월 14~15일 서울 서대문구 연세대학교 백주년기념관 콘서트홀에서 2026 단독 콘서트... 한편 이예준은 오는 10월 7일 첫 방송되는 SBS 버스킹 프로그램 ‘더 리슨: 우리가 머문 계절’ 출연과 대학...,2026-09-30 09:20,https://enter.etoday.co.kr/news/view/303089,https://enter.etoday.co.kr/news/view/303089
고려대학교,톱스타뉴스,"영탁, 'TAK SHOW5' D-3 서울서 전국투어 출발→대학 신입생 시절로 타임...","2026 영탁 단독 콘서트 'TAK SHOW5'가 오는 10월 3일부터 5일까지 서울 고려대학교 화정체육관에서 열리며 사흘... ""과거로 돌아갈 수 있다면 언제로 가고 싶니?""라는 배우 김응수의 목소리를 따라 화면 속 영탁은 대학...",2026-09-30 09:20,https://www.topstarnews.net/news/articleView.html?idxno=16228712,https://www.topstarnews.net/news/articleView.html?idxno=16228712
고려대학교,스포츠동아,"영탁, 20대 대학 신입생으로 타임슬립…‘TAK SHOW5’ D-3",가수 영탁이 대학 신입생 시절로 타임슬립해 팬들과 특별한 시간 여행을 떠난다. 영탁은 10월 3일부터 5일까지 서울 고려대학교 화정체육관에서 2026 단독 콘서트 ‘TAK SHOW5’를 열고 전국투어의 포문을 연다....,2026-09-30 09:20,https://sports.donga.com/ent/article/all/20260930/134757616/1,https://m.entertain.naver.com/article/382/0001296455
고려대학교,브릿지경제,"속초 밤바다에 떨어진 ‘축제 특수’… 상권 매출 35% 껑충, 수도권 관광...","강원도 속초시가 고려대학교 디지털혁신연구센터와 공동으로 실시한 이동통신 빅데이터 분석 결과에 따르면, 지난 7월 31일부터 8월 2일까지 사흘간 열린 ‘2026 속초 썸머 페스티벌’ 기간 누적 방문객은 총 10만...",2026-09-30 09:16,https://www.viva100.com/article/20260930500145,https://www.viva100.com/article/20260930500145
고려대학교,이코노미스트,"한진, 최종석 신임 정책기획담당 부사장 선임…“대내외 환경 대응력 강...","최 부사장은 1970년생으로 서울대 사회복지학과 졸업 후 코넬대 노사관계대학원에서 석사 학위를, 고려대에서 경영학 박사 학위를 취득했다. 행정고시 합격 후 고용노동부 사무관으로 시작해 대통령실 고용노사비서관실...",2026-09-30 09:16,https://economist.co.kr/article/view/ecn202609300002,https://n.news.naver.com/mnews/article/243/0000103672?sid=101
연세대학교,FETV,"메디톡스, 아시아 의료진 대상 미용 시술 교육 진행","연세대학교 해부학교실 김희진 교수가 보툴리눔 톡신 제제와 히알루론산(HA) 필러 시술, 안면 해부학을 주제로 강연과 실습을 진행했다. 김 교수는 노화 과정에서 나타나는 안면부 표면과 지방층의 변화를 설명하고...",2026-09-30 09:14,https://www.fetv.co.kr/news/articleView.html?idxno=310979,https://www.fetv.co.kr/news/articleView.html?idxno=310979
연세대학교,문화일보,“국제우편·무역항 마약차단 성과… 공항·특송화물로 국경감시 확장”...,■ 이종욱 관세청장은 △1974년 경북 상주 △김천고 △연세대 경제학과 △행정고시 43회 △미국 럿거스대 행정학 석사 △관세청 통관기획과장 △관세청 심사국장 △관세청 통관국장 △관세청 조사국장 △관세청 차장,2026-09-30 09:14,https://www.munhwa.com/article/11620378?ref=naver,https://n.news.naver.com/mnews/article/021/0002822090?sid=101
고려대학교,e의료정보,폐에 48시간 머무는 '흡입형 폐암 나노치료제' 개발,"고려대학교 구로병원 심장혈관흉부외과 김현구 교수와 KAIST 바이오및뇌공학과 박지호 교수 공동 연구팀은... 연구에는 KIST 김경수 박사, 고려대 구로병원 전은비 연구원과 이준희 교수 등이 참여했다. 폐암 항암치료는...",2026-09-30 09:12,http://www.kmedinfo.co.kr/news/articleView.html?idxno=97946,http://www.kmedinfo.co.kr/news/articleView.html?idxno=97946
고려대학교,헤럴드경제,"정몽구재단, K-기후테크 5팀 아시아 진출 지원…현지 VC와 1대1 매칭","재단은 국가과학기술연구회(NST), 국가녹색기술연구소(NIGT), 고려대 첨단기술비즈니스학과 등과 협력하고 있다. 2030년까지 18개 연구과제에 총 180억원을 투입해 15개 이상의 기후테크 기업을 육성한다는 목표다. 정무성...",2026-09-30 09:12,https://biz.heraldcorp.com/article/10888390?ref=naver,https://n.news.naver.com/mnews/article/016/0002703477?sid=101
연세대학교,의학신문,생활습관 조합과 급성 심장정지 연관성 규명,연세대학교 원주세브란스기독병원 응급의학과 안교진·차경철·황성오 교수 연구팀이 수행한 이번... 연구팀은 전국 18개 대학병원 응급실이 참여한 CAPTURES 연구의 2017~2023년 자료를 활용했다. 심장성 원인으로...,2026-09-30 09:12,https://www.bosa.co.kr/news/articleView.html?idxno=3013019,https://www.bosa.co.kr/news/articleView.html?idxno=3013019
연세대학교,YANGSANILBO,"""국민연금 넘어 기초·퇴직연금까지""","구인회 서울대 교수가 좌장을 맡았고 양재진 연세대 교수와 김학주 동국대 교수가 발제했다. 양 교수는 현행 연금체계의 기본 틀을 유지하면서 사전 국고 투입, 기금운용의 독립성과 수익률 제고를 통해 기금 고갈을 막고...",2026-09-30 09:08,http://www.yangsanilbo.com/news/articleView.html?idxno=127699,http://www.yangsanilbo.com/news/articleView.html?idxno=127699
고려대학교,뉴시스,"KTL, 김선기 원장 취임 ""새로운 도약을 이끌겠다""",김 원장은 강원 횡성군 출신으로 고려대 사회학과를 졸업하고 미국 카네기멜론대학교 대학원에서 정보통신기술 석사 학위를 취득했다. 그는 ▲한국도시가스협회 상근부회장 ▲대한무역투자진흥공사(KOTRA)...,2026-09-30 09:07,https://www.newsis.com/view/NISX20260930_0003808128,https://n.news.naver.com/mnews/article/003/0014222538?sid=102
고려대학교,비즈니스코리아,"한진, 부사장직 신설 최종석 정책기획담당 선임",최 부사장은 1970년생으로 서울대학교 사회복지학과를 졸업한 뒤 코넬대학교 노사관계대학원 석사와 고려대학교 경영학 박사 학위를 취득했다. 행정고시 합격 이후 고용노동부 사무관으로 공직에 입문해 대통령실...,2026-09-30 09:06,https://www.businesskorea.co.kr/news/articleView.html?idxno=277871,https://www.businesskorea.co.kr/news/articleView.html?idxno=277871
고려대학교,파이낸셜리뷰,"[Book리뷰] '절대 흔들리지 않는 미국 주식 투자', 시장이 두려울수록 데...","저자 이춘광 대표는 저자인 이춘광 대표는 고려대학교 국제대학원에서 북미지역학 석사 학위를 받았으며 PCA투자신탁운용, 도이치자산운용, KB자산운용, JP모건자산운용 등을 거쳐 현대차투자증권 애널리스트로 활동했다....",2026-09-30 09:02,http://www.financialreview.co.kr/news/articleView.html?idxno=45114,http://www.financialreview.co.kr/news/articleView.html?idxno=45114
연세대학교,국제뉴스,연세대 원주의과대-日쿠루메의대 첫 학생 교환…응급의료·고압산소치료...,"사진=원주연세의료원 대외협력처. 쿠루메 의과대학 방문단은 교수, 간호사, 의대생 등 5명으로 구성됐다. 연세대학교 원주의과대학 고압의과학연구소는 지난해 10월 쿠루메 의과대학과 업무협약을 맺은 이후 이번에 교류...",2026-09-30 09:02,https://www.gukjenews.com/news/articleView.html?idxno=3708463,https://www.gukjenews.com/news/articleView.html?idxno=3708463
고려대학교,SBS,"""서울대 졸업장 버리고 생산직 갑니다""…AI 시대, 청년들의 서늘한 선택...","'SK하이닉스 생산직에 취업이 된다면 대학 졸업장을 포기할 수 있을까' 조사를 했었는데, 전체 응답자의 43%가 '당연히 포기할 수 있다', 그중에서도 서울대·고려대 학생들은 100% '졸업장을 포기할 수 있다'고 했습니다....",2026-09-30 09:01,https://news.sbs.co.kr/news/endPage.do?news_id=N1008772928&plink=ORI&cooper=NAVER,https://n.news.naver.com/mnews/article/055/0001392046?sid=101
고려대학교,시원의소리,"영탁, 10월 3~5일 고려대 화정체육관서 전국투어 첫 걸음 ""팬 여러분과 ...",2026 영탁 단독 콘서트 ‘TAK SHOW5’(이하 TAK SHOW5)가 오는 10월 3일부터 5일까지 서울 고려대학교... 티저 영상에는 “과거로 돌아갈 수 있다면 언제로 가고 싶니?”라는 배우 김응수의 목소리와 함께 대학교 신입생...,2026-09-30 09:00,https://www.swtvnews.com/news/newsview.php?ncode=1065569868192252,https://www.swtvnews.com/news/newsview.php?ncode=1065569868192252
연세대학교,e의료정보,두경부암 전이·면역회피 연결고리  핵심 단백질  찾았다,연세대학교 의과대학 박영민 교수 연구팀은 미국 서던캘리포니아대학교(USC) 연구팀과 공동으로 상부 호흡·소화관 편평상피세포암의 단일세포 전사체를 분석해 ETS1이 암 전이와 면역 회피를 연결하는 핵심...,2026-09-30 09:00,http://www.kmedinfo.co.kr/news/articleView.html?idxno=97944,http://www.kmedinfo.co.kr/news/articleView.html?idxno=97944
연세대학교,AP신문,마포구 최대 10년 민간임대 '이대역 마포 프론티어'… 2차 임차인 모집...,"이화여자대학교와 서강대학교, 연세대학교, 홍익대학교 등 서북권 주요 대학 시설도 둘러싸고 있다. 교통 개발 호재로는 새절역과 서울대입구역을 연결하는 서부선 도시철도 사업이 논의 중이다. 서울시는 기존 사업자...",2026-09-30 09:00,https://www.apnews.kr/news/articleView.html?idxno=3051430,https://www.apnews.kr/news/articleView.html?idxno=3051430
연세대학교,아시아경제,"“학생마다 잠재력 다르다”… 부산교육청, 초등 관리자 장학 역량 강화","첫날에는 연세대학교 김영훈 교수가 '노력과 재능을 대하는 태도'를 주제로 특강에 나선다. 획일적인 비교의 문화에서 벗어나 학생 개개인의 다름과 특성을 존중하는 '고유성의 문화'로 전환할 필요성을 짚고, 학생 맞춤형...",2026-09-30 08:59,https://view.asiae.co.kr/article/2026093008473694387,https://n.news.naver.com/mnews/article/277/0005822530?sid=102
고려대학교,뉴시스,"한진, 신임 정책기획담당 최종석 부사장 선임…""대외 환경 대응할 전문...",1970년생인 최 부사장은 서울대 사회복지학과를 졸업하고 코넬대 노사관계대학원 석사와 고려대 경영학 박사 학위를 받았다. 그는 행정고시에 합격해 고용노동부 사무관으로 공직을 시작했다. 이어 대통령실...,2026-09-30 08:56,https://www.newsis.com/view/NISX20260930_0003808140,https://n.news.naver.com/mnews/article/003/0014222500?sid=101
고려대학교,글로벌에픽,"특허 1000건 뒤져 '빈칸' 찾았다... 현직 변리사, '모두의 창업' 2라운드...",윤 변리사는 고려대에서 전기전자공학을 전공하고 특허법인 무한에서 삼성전자·삼성종합기술원·한국전자통신연구원(ETRI) 등의 AI·컴퓨터비전·통신 기술 특허를 담당했다. 2024년 마일스톤 특허법률사무소를 개업한...,2026-09-30 08:56,http://www.globalepic.co.kr/view.php?ud=20260929130523614337600e7ec7_29,http://www.globalepic.co.kr/view.php?ud=20260929130523614337600e7ec7_29
고려대학교,메디게이트뉴스,"고려대 구로병원·KAIST, 흡입형 폐암 나노치료제 개발","고려대학교 구로병원 심장혈관흉부외과 김현구 교수와 KAIST 바이오및뇌공학과 박지호 교수 공동 연구팀, KIST 김경수 박사, 고려대학교 구로병원 심장혈관흉부외과 전은비 연구원, 고려대학교 구로병원...",2026-09-30 08:56,https://www.medigatenews.com/news/2941820913,https://www.medigatenews.com/news/2941820913
고려대학교,톱데일리,"[인사] 한진, 최종석 신임 정책기획담당 부사장 선임","30일 한진에 따르면 최 부사장은 1970년생으로 서울대 사회복지학과 졸업 후 코넬대 노사관계대학원에서 석사 학위, 고려대에서 경영학 박사 학위를 취득했다. 행정고시 합격 후 고용노동부 사무관으로 시작해 대통령실...",2026-09-30 08:55,https://www.topdaily.kr/articles/112145,https://www.topdaily.kr/articles/112145
고려대학교,스포츠경향,‘스디파’ 10명 그대로 뜬다···전국 5개 도시 투어,"투어는 오는 11월 21~22일 서울 고려대학교 화정체육관에서 시작한다. 이후 광주 11월 28일, 부산 12월 5일, 대전 12월 13일, 대구 12월 19일까지 전국 5개 지역에서 총 10회 공연한다. 공연에는 나인, 레난, 바다, 백구영...",2026-09-30 08:55,https://sports.khan.co.kr/article/202609300854003?pt=nv,https://m.entertain.naver.com/article/144/0001141232
고려대학교,뉴시스,'스디파' 전국투어 연다…10인 안무가 총출동,"30일 엠넷에 따르면, '스디파' 출연진은 오는 11월 21~22일 서울 고려대학교 화정체육관을 시작으로 전국투어 콘서트 '[온 더 스테이지](ON THE STAGE)'를 펼친다. 투어는 서울을 거쳐 광주(11월28일), 부산(12월5일), 대전...",2026-09-30 08:53,https://www.newsis.com/view/NISX20260929_0003807316,https://m.entertain.naver.com/article/003/0014222492
고려대학교,글로벌이코노믹,"속초 한여름 축제, 수도권 손님 몰려 하루 77억 썼다","50% 늘어난 방문객, 85% 이상은 외지인… 수도권 피서객 잡았다 속초시는 고려대학교 디지털혁신연구센터와 공동으로 이동통신 빅데이터를 활용해 지난 7월 31일부터 8월 2일까지 열린 ‘2026 속초 썸머 페스티벌’의...",2026-09-30 08:52,https://www.g-enews.com/view.php?ud=20260930083932409820ae620e86_1,https://www.g-enews.com/view.php?ud=20260930083932409820ae620e86_1
고려대학교,매일경제,"영탁, 과거·현재·미래 넘나든다…단독 콘서트로 펼칠 ‘특별한 시간 ...",2026 영탁 단독 콘서트 ‘TAK SHOW5’(이하 ‘TAK SHOW5’)가 오는 10월 3일부터 5일까지 서울 고려대학교... 티저 영상에는 “과거로 돌아갈 수 있다면 언제로 가고 싶니?”라는 배우 김응수의 목소리와 함께 대학교...,2026-09-30 08:49,https://www.mk.co.kr/article/12164380,https://m.entertain.naver.com/article/410/0001141736
고려대학교,일간스포츠,"‘스디파’, 방송 열기 전국투어로 이어간다... 메가 퍼포먼스 예고","오는 11월 21일과 22일 서울 고려대학교 화정체육관에서 열리는 서울 공연을 시작으로 광주(11월 28일), 부산(12월 5일), 대전(12월 13일), 대구(12월 19일)까지 전국 5개 지역에서 총 10회 공연을 펼친다. ‘스디파’는...",2026-09-30 08:46,https://isplus.com/article/view/isp202609300021,https://m.entertain.naver.com/article/241/0003533052
고려대학교,벤처스퀘어,"큐엔스마트, 답 대신 질문하는 AI 내놨다…토론으로 사고력 키우는 ‘다...",김 대표는 미국 컬럼비아대학교에서 교육학 석사 학위를 받았으며 귀국 후 교사... 고려대학교 교육대학원에서는 겸임교수로 창의성 계발 관련 강의를 맡았다. 김희주...,2026-09-30 08:46,https://www.venturesquare.net/1116878/,https://www.venturesquare.net/1116878/
고려대학교,뉴스1,수시 일반전형 지원 54% '논술'에 몰렸다…경쟁률 48대 1,"11월 19일 수능 이후에는 건국대·경희대·고려대·서강대·성균관대·한양대 등 주요 대학의 논술고사가 이어진다. 우 소장은 ""논술전형은 최초 경쟁률이 높아 보여도 실제 논술고사 결시자와 수능최저 미충족자를...",2026-09-30 08:44,https://www.news1.kr/society/education/6305389,https://n.news.naver.com/mnews/article/421/0009199496?sid=102
연세대학교,주간한국,"연세대, AI중심대학·AX대학원 출범…AI 교육 혁신 본격화","연세대는 AI중심대학 사업으로 연간 30억 원씩 최대 8년간 240억원을 지원받아 총장 직속 전담 조직을 설치하고, 전교생 대상 AI 기초교육과 전공 간 융합 교과목을 확대한다. AX대학원 사업을 통해서는 2031년까지 162억...",2026-09-30 08:44,https://weekly.hankooki.com/news/articleView.html?idxno=7186520,https://weekly.hankooki.com/news/articleView.html?idxno=7186520
연세대학교,뉴스1,수시 일반전형 지원 54% '논술'에 몰렸다…경쟁률 48대 1,"이후 연세대 미래캠퍼스와 을지대, 단국대, 상명대, 서경대 등이 대학수학능력시험(수능) 전 논술고사를 치른다. 11월 19일 수능 이후에는 건국대·경희대·고려대·서강대·성균관대·한양대 등 주요 대학의...",2026-09-30 08:44,https://www.news1.kr/society/education/6305389,https://n.news.naver.com/mnews/article/421/0009199496?sid=102
연세대학교,스타데일리뉴스,"이예준, 11월 단독 콘서트 개최...오늘(30일) 티켓 오픈",이예준은 11월 14일과 15일 서울 서대문구 연세대학교 백주년기념관 콘서트홀에서 2026 단독 콘서트 'YE'STERDAY : The Timeless Voice'를 연다. 이번 공연은 이예준이 2022년부터 매년 개최해 온 단독 콘서트의...,2026-09-30 08:44,https://www.stardailynews.co.kr/news/articleView.html?idxno=550951,https://www.stardailynews.co.kr/news/articleView.html?idxno=550951
고려대학교,지피코리아,"영탁, 'TAK SHOW5'로 시간여행…대학 신입생으로 돌아간 이유","2026 영탁 단독 콘서트 'TAK SHOW5'(이하 'TAK SHOW5')가 오는 10월 3일부터 5일까지 서울 고려대학교... ""라는 배우 김응수의 목소리와 함께 대학 신입생 시절로 돌아간 모습을 선보였다. 과거와 현재, 미래를 오가는...",2026-09-30 08:42,https://www.gpkorea.com/news/articleView.html?idxno=147133,https://www.gpkorea.com/news/articleView.html?idxno=147133
고려대학교,파이낸셜뉴스,"현대차 정몽구 재단, K-기후테크 글로벌 피칭 세션 개최...""투자 네트워...","국가과학기술연구회(NST)와 협약을 맺고 국가녹색기술연구소(NIGT), 고려대학교 첨단기술비즈니스학과와 협력해 추진 중이며, 2030년까지 18개 과제에 180억원을 투입해 15개 이상의 K-기후테크 혁신 기업을 육성할...",2026-09-30 08:42,https://www.fnnews.com/news/202609300826470483,https://n.news.naver.com/mnews/article/014/0005582671?sid=101
고려대학교,이투데이,"한진, 최종석 신임 정책기획담당 부사장 선임⋯정책 대응 강화","1970년생인 최 부사장은 서울대 사회복지학과를 졸업하고 미국 코넬대 노사관계대학원에서 석사 학위, 고려대에서 경영학 박사 학위를 받았다. 행정고시 합격 후 고용노동부 사무관으로 공직을 시작해 대통령실...",2026-09-30 08:42,https://www.etoday.co.kr/news/view/2630670,https://www.etoday.co.kr/news/view/2630670
고려대학교,NC,"과거로 떠난 영탁, 무대에서 다시 만나는 찬란한 시간",2026 영탁 단독 콘서트 'TAK SHOW5'는 오는 10월 3일부터 5일까지 서울 고려대학교 화정체육관에서 열린다.... 공식 유튜브 채널을 통해 공개된 티저에는 배우 김응수의 목소리와 함께 대학 신입생 시절로 돌아간 영탁의...,2026-09-30 08:40,https://www.nc.press/news/articleView.html?idxno=627485,https://www.nc.press/news/articleView.html?idxno=627485
고려대학교,메디칼업저버,"국내 연구진, 흡입형 폐암 나노치료제 개발","고려대학교 구로병원 김현구 교수(심장혈관흉부외과)와 KAIST 박지호 교수(바이오및뇌공학과) 공동 연구팀(KIST 김경수 박사, 고려대학교 구로병원 심장혈관흉부외과 전은비 연구원, 고려대학교 구로병원...",2026-09-30 08:40,https://www.monews.co.kr/news/articleView.html?idxno=414221,https://www.monews.co.kr/news/articleView.html?idxno=414221
고려대학교,이투데이,"영탁 콘서트 ‘TAK SHOW5’, 시간 여행 떠난다",2026 영탁 단독 콘서트 ‘TAK SHOW5’가 10월 3일부터 5일까지 서울 고려대학교 화정체육관에서 개최된다.... 앞서 공개된 티저 영상에는 대학교 신입생 시절로 타임슬립한 영탁의 모습과 배우 김응수의 목소리가...,2026-09-30 08:40,https://enter.etoday.co.kr/news/view/303090,https://enter.etoday.co.kr/news/view/303090
연세대학교,스포츠동아,"손호영, 솔로 20주년 프로젝트 박차…단독 콘서트도 개최","매년 3월 생일 시즌에 단독 팬미팅을 개최했으며, 올해는 서울 연세대학교 백주년기념관 콘서트홀에서 2026 솔로 팬미팅 ‘HOurs (아워스)’를 열었다. 20주년 프로젝트의 시작을 알리는 ‘Go Around’는 오는 10월...",2026-09-30 08:40,https://sports.donga.com/ent/article/all/20260930/134757418/1,https://m.entertain.naver.com/article/382/0001296438
고려대학교,bnt뉴스,"‘탁쇼5’ 영탁, 시간여행 떠난다","대학 신입생 시절로 돌아간 티저를 시작으로 과거와 현재, 미래를 넘나드는 무대를 예고했다. 2026 영탁 단독 콘서트 ‘탁쇼5’는 오는 10월 3일부터 5일까지 서울 고려대학교 화정체육관에서 열린다. 2022년 첫 단독...",2026-09-30 08:38,https://www.bntnews.co.kr/article/view/bnt202609300113,https://www.bntnews.co.kr/article/view/bnt202609300113
연세대학교,OSEN,"'무결점 보컬' 이예준, 5년 연속 단독 콘서트 개최…귀 호강 라이브",이예준은 오는 11월 14일과 15일 양일간 서울 서대문구 연세대학교 백주년기념관 콘서트홀에서 2026 단독 콘서트 ‘YE’STERDAY : The Timeless Voice (예스터데이 : 더 타임리스 보이스)’를 개최한다. 이 공연은...,2026-09-30 08:35,http://www.osen.co.kr/article/G1112884630,https://m.entertain.naver.com/article/109/0005615395
연세대학교,의학신문,난치성 두경부암 전이·면역회피 유발 '핵심 인자' 찾았다,연세대 강남세브란스병원 이비인후과 박영민 교수 연구팀은 미국 서던캘리포니아대학교(USC) 연구팀과 함께 단일세포 전사체(scRNA-seq) 분석을 통해 전사조절인자 'ETS1'이 암세포의 전이와 면역 회피를 동시에...,2026-09-30 08:34,https://www.bosa.co.kr/news/articleView.html?idxno=3013011,https://www.bosa.co.kr/news/articleView.html?idxno=3013011
고려대학교,연합인포맥스,캠코선박운용 대표에 김병칠 전 금감원 부원장…재취업 성공,김 전 부원장은 1969년생으로 고려대 경영학과를 졸업하고 영국 맨체스터대에서 경영학 석사를 받았다. 1995년 한국은행에 입행한 뒤 1999년 금감원 설립 때부터 금감원에서 근무했다. 금감원에서는 국제협력국장...,2026-09-30 08:34,https://news.einfomax.co.kr/news/articleView.html?idxno=4437007,https://news.einfomax.co.kr/news/articleView.html?idxno=4437007
고려대학교,싱글리스트,영탁 'TAK SHOW5'로 시간여행…고려대서 전국투어 포문,"영탁은 10월 3일부터 5일까지 서울 고려대학교 화정체육관에서 2026 단독 콘서트 'TAK SHOW5'를 열고... ""라는 배우 김응수의 목소리와 함께 대학 신입생 시절로 돌아간 영탁의 모습이 담겼다. 영탁은 공연 ID 영상을...",2026-09-30 08:34,https://www.slist.kr/news/articleView.html?idxno=769793,https://www.slist.kr/news/articleView.html?idxno=769793
고려대학교,이투데이,내신 부담에 ‘논술’로 몰렸다…일반전형 지원자 절반 넘게 선택,대학수학능력시험 이후인 11월 21일부터는 건국대·경희대·고려대·서강대·성균관대 등 주요 대학의 논술고사가 이어진다. 다만 최초 경쟁률이 실제 합격 경쟁률로 그대로 이어지는 것은 아니다. 논술고사에...,2026-09-30 08:30,https://www.etoday.co.kr/news/view/2630664,https://www.etoday.co.kr/news/view/2630664
연세대학교,이투데이,내신 부담에 ‘논술’로 몰렸다…일반전형 지원자 절반 넘게 선택,"10일에는 연세대, 11일에는 가톨릭대와 중앙대 등이 시험을 치른다. 대학수학능력시험 이후인 11월 21일부터는 건국대·경희대·고려대·서강대·성균관대 등 주요 대학의 논술고사가 이어진다. 다만 최초 경쟁률이...",2026-09-30 08:30,https://www.etoday.co.kr/news/view/2630664,https://www.etoday.co.kr/news/view/2630664
연세대학교,뉴스투데이,"대웅제약, 송도에 첨단바이오의약품 제조소 구축...임상 생산 기반 확대","연세대학교를 비롯한 지역 대학과 연구기관, 의료기관 등과 오픈이노베이션을 추진해 연구 결과가 임상으로 이어질 수 있는 협력 체계를 구축한다는 구상이다. 해외 연구거점과의 연계도 추진한다. 대웅제약은...",2026-09-30 08:20,https://www.news2day.co.kr/article/20260929500098,https://www.news2day.co.kr/article/20260929500098
연세대학교,에듀동아,수능 전 논술고사 주말부터 시작…경쟁률 48.14대 1로 지난해보다 상승,"입시정보 플랫폼 진학사는  논술전형을 실시하는 44개 대학의 지원 현황을 분석한해 이 같은 결과를 최근... 이어 10일 연세대, 11일 가톨릭대(의·약학 제외)와 중앙대(창의형)가 시험을 치르며, 이후에도 연세대...",2026-09-30 08:20,https://edu.donga.com/news/articleView.html?idxno=112347,https://edu.donga.com/news/articleView.html?idxno=112347
연세대학교,비욘드포스트,"[공연 소식] 이예준, 11월 단독 콘서트 ‘예스터데이 : 더 타임리스 보이...",소속사 측은 30일 “이예준이 오는 11월 14일과 15일 양일간 서울 서대문구 연세대학교 백주년기념관 콘서트홀에서 2026 단독 콘서트 ‘YE’STERDAY : The Timeless Voice (예스터데이 : 더 타임리스 보이스)’를...,2026-09-30 08:16,http://www.beyondpost.co.kr/view.php?ud=202609300803594942d3244b4fed_30,http://www.beyondpost.co.kr/view.php?ud=202609300803594942d3244b4fed_30
연세대학교,더벨,"[더벨][이슈&보드] 대한제당, 관세분쟁 계류 중 전 서울세관장 독립이사...",김명회 전 연세대 정법대학장이 첫 독립이사로 선임됐으며 2009년 3월까지 11년간 재임했다. 이후 2026년까지 독립이사를 거친 인물은 모두 13명이다. 역대 독립이사진의 경력을 살펴보면 법률과 자사 출신에 쏠려 있다....,2026-09-30 08:08,https://www.thebell.co.kr/free/content/ArticleView.asp?key=202609231223055760106812,https://www.thebell.co.kr/free/content/ArticleView.asp?key=202609231223055760106812
연세대학교,베리타스알파,[단독] 2027 THE 세계대학순위 서울대 '14년 연속 국내 톱'.. KAIST 성대 연...,"이어 성균관대가 지난해 87위에서 19계단 상승하면서 세계 68위로 톱3, 연세대는 86위에서 6계단 오른... 2027순위 역시 지난해와 동일하게 △교육(교육평판/박사 대 학사 비율/박사 대 교직원 비율/직원대...",2026-09-30 08:06,https://www.veritas-a.com/news/articleView.html?idxno=629905,https://www.veritas-a.com/news/articleView.html?idxno=629905
고려대학교,서울파이낸스,"""책임은 이사회가 지는데""···통신3사, 개인정보 전문 이사는 한 명 뿐","독립이사 중 세종대학교 석좌교수를 맡고 있는 김용헌 이사회 의장은 전 법무법인 대륙아주 변호사... '개인정보보호 자문위원회'에는 염흥열 순천향대 명예교수, 이희정 고려대 법학전문대학원 교수 등 정책·법률...",2026-09-30 08:00,https://www.seoulfn.com/news/articleView.html?idxno=638936,https://www.seoulfn.com/news/articleView.html?idxno=638936
고려대학교,여성경제신문,[전인건 칼럼] 6.25 참화 속 '훈민정음' 지켜낸 간송의 결단,"전인건 간송미술관 관장 보성고등학교를 졸업한 후 미국 루이스 앤 클라크 대학교에서 역사학을, 고려대학교 대학원에서 교육행정학을 전공했다. 간송 전형필의 장손으로 3대째 간송미술관을 지켜오고 있는 그는 2018년...",2026-09-30 08:00,https://www.womaneconomy.co.kr/news/articleView.html?idxno=259175,https://www.womaneconomy.co.kr/news/articleView.html?idxno=259175
연세대학교,서울파이낸스,"""책임은 이사회가 지는데""···통신3사, 개인정보 전문 이사는 한 명 뿐",독립이사 중 세종대학교 석좌교수를 맡고 있는 김용헌 이사회 의장은 전 법무법인 대륙아주 변호사... 사외이사는  △데이터·지능정보시스템에 김종우 한양대 경영대학 교수 △법률에 남형두 연세대 법학전문대학원...,2026-09-30 08:00,https://www.seoulfn.com/news/articleView.html?idxno=638936,https://www.seoulfn.com/news/articleView.html?idxno=638936
연세대학교,IT비즈뉴스,AI중심대학·AX대학원 공동 출범…대학 교육 AI전환 본격화,이날 출범식에서는 'AI시대 대학 교육의 방향'을 주제로 연세대 윤동섭 총장과 한림대 최양희 총장이 대학 현장의 변화 사례를 공유했다. 윤 총장은 AI는 모든 학문과 교육의 혁신을 이끄는 핵심 동력으로 보고...,2026-09-30 08:00,https://www.itbiznews.com/news/articleView.html?idxno=226588,https://www.itbiznews.com/news/articleView.html?idxno=226588
연세대학교,공감신문,"""건강 좀 챙겨라"" 귀찮았던 부모 잔소리, 알고 보니 ""오래 보고 싶다""였...","마침 올해 추석 연휴 마지막 날, 김주환 연세대 언론홍보영상학부 교수는 '내면소통' 유튜브 강의에서 '가족인데 왜 이렇게 힘들까'를 주제로 가족 갈등과 외로움의 문제를 다루면서 흥미로운 설명을 내놓았다. 명절에...",2026-09-30 08:00,https://www.gokorea.kr/news/articleView.html?idxno=879972,https://www.gokorea.kr/news/articleView.html?idxno=879972
