대학,언론사,기사 제목,기사 요약,발행시각,언론사 링크,네이버 링크
고려대학교,연합뉴스,"""수시접수 일반대학 73％, 수험번호로 실제 경쟁률 유추 가능""","24일 국회 교육위원회 위원장인 국민의힘 김희정 의원이 한국대학교육협의회를 통해 분석한 결과, 자료를... 이들 대학에는 연세대와 고려대, 한양대 등 서울 소재 대학 30개교뿐만 아니라 부산대와 인천대, 충북대...",2026-09-24 08:00,https://www.yna.co.kr/view/AKR20260923185700001?input=1195m,https://n.news.naver.com/mnews/article/001/0016334307?sid=102
연세대학교,뉴스1,수능 두 달 전 추석 연휴…새 진도보다 '약점 보완'부터,수능 전에 논술고사를 치르는 대학에 지원한 수험생의 경우 대학별 기출문제와 채점 기준을 확인하며 짧은 기간 논술 준비에 집중해야 한다. 연세대·서울시립대·홍익대 등이 수능 전 논술고사를 실시할 예정이다. 또...,2026-09-24 08:00,https://www.news1.kr/society/education/6300292,https://n.news.naver.com/mnews/article/421/0009189967?sid=102
연세대학교,연합뉴스,"""수시접수 일반대학 73％, 수험번호로 실제 경쟁률 유추 가능""","24일 국회 교육위원회 위원장인 국민의힘 김희정 의원이 한국대학교육협의회를 통해 분석한 결과, 자료를... 이들 대학에는 연세대와 고려대, 한양대 등 서울 소재 대학 30개교뿐만 아니라 부산대와 인천대, 충북대...",2026-09-24 08:00,https://www.yna.co.kr/view/AKR20260923185700001?input=1195m,https://n.news.naver.com/mnews/article/001/0016334307?sid=102
고려대학교,SBS,"100알 계산대 올리자…복약 지도도 없이 ""일시불로?""",[이성우/고려대 안암병원 응급의학과 교수 : (수면유도제 과다 복용 시) 가장 치명적인 부작용은 심장 부정맥입니다. 곧장 심정지로 이어질 수 있습니다. (슈도에페드린 함유 일반의약품은) 환각 등 오남용 목적으로 쓰이는...,2026-09-24 07:49,https://news.sbs.co.kr/news/endPage.do?news_id=N1008768626&plink=ORI&cooper=NAVER,https://n.news.naver.com/mnews/article/055/0001390833?sid=102
고려대학교,DAILYSECU,"[김승주 교수 칼럼] 국가 사이버복원력, 어디서부터 시작해야 하나","정책의 출발점은 ""무엇을 새로 만들 것인가?""가 아니라 ""공격을 받아도 국가가 반드시 해야 할 무엇을 끝까지 해낼 것인가?""를 정하는 것​이어야 한다. [글. 김승주 고려대학교 정보보호대학원 교수]",2026-09-24 07:44,https://www.dailysecu.com/news/articleView.html?idxno=208591,https://www.dailysecu.com/news/articleView.html?idxno=208591
서울대학교,이데일리,"""억대 성과급 '그들만의 잔치' 아닌 기부로 연결하라""",(사진=김태형 기자) ■이인용 이사장은… △1957년 경북 안동 △중앙고 △서울대 동양사학과 △2002~2003년 미국 하버드대 니만 펠로우(Nieman Fellow) △MBC 보도국 기자·뉴스데스크 앵커·보도국 부국장 △숙명여대 언론정보학부...,2026-09-24 07:32,https://www.edaily.co.kr/News/Read?newsId=01754806645583400&mediaCodeNo=257&utm_source=naver&utm_medium=referral&utm_campaign=news_syndication&utm_content=original_article,https://n.news.naver.com/mnews/article/018/0006375232?sid=103
연세대학교,NEWSVERSE,"자폐는 왜 생기나…부모 탓 아닌데, 발견과 지원 책임은 왜 가족 몫인가","서울대 농학과를 거쳐 연세대 대학원 경제학과에서 경제학을 전공한 뒤 9년간 한국신용정보에서 기업 평가·금융VAN업무를 수행했고, 서울대 농생대 창업보육센터에서 3년간 보육매니저로 창업보육 업무를 했다. 현재...",2026-09-24 07:20,https://www.newsverse.kr/news/articleView.html?idxno=11472,https://www.newsverse.kr/news/articleView.html?idxno=11472
서울대학교,NEWSVERSE,"자폐는 왜 생기나…부모 탓 아닌데, 발견과 지원 책임은 왜 가족 몫인가","서울대 농학과를 거쳐 연세대 대학원 경제학과에서 경제학을 전공한 뒤 9년간 한국신용정보에서 기업 평가·금융VAN업무를 수행했고, 서울대 농생대 창업보육센터에서 3년간 보육매니저로 창업보육 업무를 했다. 현재...",2026-09-24 07:20,https://www.newsverse.kr/news/articleView.html?idxno=11472,https://www.newsverse.kr/news/articleView.html?idxno=11472
서울대학교,FNTIMES,"[프로필] ‘기업금융 외길’ 김경호 부행장, 6년 만의 씨티은행 새 수장...",1968년생인 김경호 내정자는 서울대 국제경제학과를 졸업한 뒤 삼성물산에서 경영관리 업무를 맡았고 미국 매사추세츠공대(MIT)에서 MBA를 마쳤다. 맥킨지앤컴퍼니 컨설턴트를 거쳐 2001년 씨티은행 서울지점...,2026-09-24 07:02,https://www.fntimes.com/html/view.php?ud=2026092312241080675e6e69892f_18,https://www.fntimes.com/html/view.php?ud=2026092312241080675e6e69892f_18
서울대학교,헤럴드경제,"“신입도 1.4억 보너스” 마이크론, 韓·대만 대학 훑으며 인재쟁탈전 ...",고려대·서울대·한양대를 찾아 채용 설명회를 진행한 바 있다. 대만을 넘어 삼성전자·SK하이닉스의 안방에서 공격적인 행보를 이어가는 중이다. 마이크론은 이달 21일부터 국립대만대학교를 시작으로 다음달까지 대만...,2026-09-24 07:01,https://biz.heraldcorp.com/article/10883196?ref=naver,https://n.news.naver.com/mnews/article/016/0002701555?sid=101
연세대학교,뉴시스,K자 양극화 해법 찾을까…집값·물가 안정도 숙제 [이형일호 출범②],"김정식 연세대 경제학과 명예교수는 ""반도체 호황의 성과가 관련 기업과 근로자에게 집중되면서 비반도체 업종과의 소득 격차가 커지고 있다""며 ""반도체 산업이 수도권에 집중된 만큼 서울·수도권과 지방 간 불균형도...",2026-09-24 07:00,https://www.newsis.com/view/NISX20260924_0003802799,https://n.news.naver.com/mnews/article/003/0014211886?sid=101
연세대학교,연합뉴스,[추석 밖 청년] ① 낮엔 도서관 밤엔 찜질방…몸 누일 곳 없는 청춘,아름다운재단이 송아영 연세대 사회복지학과 교수 연구팀에 의뢰해 재단 지원을 받는 만 18∼34세 노숙위기 청년 187명을 조사한 결과 73%가 한 달 소득이 100만원 이하로 나타났다. 응답자들의 주요 지출 항목은 식비(37.4...,2026-09-24 07:00,https://www.yna.co.kr/view/AKR20260923110600004?input=1195m,https://n.news.naver.com/mnews/article/001/0016334237?sid=102
고려대학교,뉴스핌,"[핌in수원] 이틀 연속 홈런포 NC 천재환, 연패탈출 공신 '우뚝'…주전까...",[사진=NC 다이노스] 2026.09.23 willowdy@newspim.com 1994년생인 천재환은 고려대 졸업 후 2017년에 NC 육성선수로 프로에 입단했다. 이후 한 차례 방출의 아픔도 겪었던 천재환은 지난 2022시즌 1군 데뷔 후 백업으로...,2026-09-24 06:43,https://www.newspim.com/news/view/20260923001129,https://www.newspim.com/news/view/20260923001129
고려대학교,파이낸셜뉴스,노화 줄기세포 '회춘'…5분 물리자극으로 기능 되살려 [언박싱 연구실],대학 연구실에서는 지금 이 순간에도 우리 삶을 바꿀 놀라운 발견들이 쏟아지고 있습니다. 다만 '논문'이라는... 건국대학교 조쌍구 교수와 고려대학교 정아람 교수 공동연구팀이 약물이나 유전자 조작 없이 물리적인...,2026-09-24 06:31,https://www.fnnews.com/news/202609231425418704,https://n.news.naver.com/mnews/article/014/0005580580?sid=105
고려대학교,ABCN,설희관 대기자(大記者)를 보내며,"[조광권 필자는 고려대 법학과 학사, 연세대 도시행정학 석사, 한국학중앙연구원 정치학 박사이다. 1973년 행정고등고시 합격 이후 서대문구청장, 서울시 보사환경국장, 교통국장, 공보관 등을 역임했다. 청계천 복원 사업 때...",2026-09-24 06:30,https://www.abcn.kr/news/articleView.html?idxno=92310,https://www.abcn.kr/news/articleView.html?idxno=92310
연세대학교,ABCN,설희관 대기자(大記者)를 보내며,"[조광권 필자는 고려대 법학과 학사, 연세대 도시행정학 석사, 한국학중앙연구원 정치학 박사이다. 1973년 행정고등고시 합격 이후 서대문구청장, 서울시 보사환경국장, 교통국장, 공보관 등을 역임했다. 청계천 복원 사업 때...",2026-09-24 06:30,https://www.abcn.kr/news/articleView.html?idxno=92310,https://www.abcn.kr/news/articleView.html?idxno=92310
서울대학교,스포츠조선,"'깜짝 은메달' 박지희, 'MZ'에 'T'가 더해지니 '솔직+유쾌 그 자체'...""공...","""공부 못해서 펜싱 시작했어요."" 깜짝 은메달의 주인공 '무명 검사' 박지희(서울특별시청)는 유쾌했다.... 아빠가 내가 공부를 잘하는 줄 알고, 감독님한테 '얘는 서울대 가야한다' 그러셨다. 감독님이 1학기 성적을...",2026-09-24 06:25,https://www.sportschosun.com/sports-news/2026-09-24/202609240100163060010676,https://m.sports.naver.com/general/article/076/0004449290
서울대학교,SIDAE,[시대포커스] 24일 만에 미룬 농지 처분…또 설익은 정책,"임정빈 서울대 농경제사회학부 교수는 ""가짜 농민이나 불법 투기를 잡겠다는 목적에 치중한 나머지 농지 상속인들이 범법자로 몰리고, 농지 거래가 얼어붙으면서 지역 농협의 부실 우려까지 커졌다""며 ""처음부터 충분한...",2026-09-24 06:10,https://www.sidae.com/article/2026092313202023057,https://n.news.naver.com/mnews/article/417/0001159206?sid=101
고려대학교,세계일보,"[법조브리핑] 檢, ‘SM 시세조종’ 의혹 카카오 김범수 2심도 징역 15년...","특검팀이 전날 위촉한 디지털 포렌식 전문수사자문위원은 이상진 고려대 정보보호대학원 교수, 원유집 한국과학기술원 전기및전자공학부 교수, 김기범 성균관대 과학수사학과 교수, 이병영 서울대 전기정보공학부...",2026-09-24 06:04,https://www.segye.com/newsView/20260923515609?OutUrl=naver,https://n.news.naver.com/mnews/article/022/0004161503?sid=102
서울대학교,세계일보,"[법조브리핑] 檢, ‘SM 시세조종’ 의혹 카카오 김범수 2심도 징역 15년...","연합뉴스 ◆檢, ‘SM 시세조종’ 의혹 카카오 김범수 2심도 징역 15년 구형…11월20일 선고 검찰은 23일 서울고... 이병영 서울대 전기정보공학부 교수다. 특검팀은 이들이 디지털 포렌식과 정보보안 분야에서 오랜 기간...",2026-09-24 06:04,https://www.segye.com/newsView/20260923515609?OutUrl=naver,https://n.news.naver.com/mnews/article/022/0004161503?sid=102
고려대학교,점프볼,"[매거진] ‘성공 보장됐다고?’ 프로 직행이라는 달콤한 유혹, 그 명과 ...","주희정 고려대 감독 또한 신중하게 접근할 필요가 있다는 견해를 남겼다. “나도 이른 나이에 프로에서... 1, 2년 이내에 가능성을 못 보여주면 대학 졸업 후 입단한 선배들에게 밀릴 수 있다는 것도 고려해야 한다.”...",2026-09-24 06:03,https://m.sports.naver.com/basketball/article/065/0000301880,https://m.sports.naver.com/basketball/article/065/0000301880
서울대학교,아주경제,[김형준의 Indonesia Story] 귀성 전쟁 '르바란' 명절 보내기…시대는 변...,필자 주요 이력 ▷서울대 인류학과(학사·석사 수료) ▷호주국립대학(박사) ▷강원대 문화인류학과 교수 ▷전 강원대 사회과학원 원장 ▷전 한국동남아학회 회장 ▷인도네시아 팟자드자란 대학 객원교수,2026-09-24 06:02,https://www.ajunews.com/view/20260923182616423,https://www.ajunews.com/view/20260923182616423
연세대학교,국민일보,“식사는 하셨나요?”… 추석 연휴 어르신 곁 지키는 ‘효자 AI’,네이버와 연세대 연구진은 지난해 서비스가 창출한 사회적 가치를 약 340억원으로 추산했다. 통신사들도 AI를 활용한 고령층 안부 확인 서비스를 확대하고 있다. SK텔레콤은 AI 스피커 ‘누구(NUGU)’를 활용한 돌봄...,2026-09-24 06:02,https://www.kmib.co.kr/article/view.asp?arcid=9000017092&cp=nv,https://n.news.naver.com/mnews/article/005/0001874918?sid=101
연세대학교,아주경제,[김상철 칼럼] 파국으로 치닫는 세계…'중견 국가'들의 새로운 생존 연...,김상철 필자 주요 이력 △연세대 경제대학원 국제경제학 석사 △Business School Netherlands 경영학 박사 △KOTRA(1983~2014년) 베이징·도쿄·LA 무역관장 △동서울대 중국비즈니스학과 교수,2026-09-24 06:02,https://www.ajunews.com/view/20260923175718388,https://www.ajunews.com/view/20260923175718388
고려대학교,이투데이,평행선 달리는 대법관 인선…조희대 ‘제청 의무’ 쟁점,차진아 고려대 법학전문대학원 교수는 대법원장 제청에는 구속력이 없어 대통령이 제청된 후보자를 받아들이지 않을 수 있다고 봤다. 다만 임명권 역시 제청권보다 우위에 있는 것은 아니라며 “두 권한은 상호 대등한...,2026-09-24 06:02,https://www.etoday.co.kr/news/view/2629177,https://www.etoday.co.kr/news/view/2629177
서울대학교,전자신문,[추천 도서] 일하는 인간… AI 격변에도 '일의 본질'은 사라지지 않는다,"저자 이서담은 서울대학교 법과대학을 졸업하고 IT·문화콘텐츠 사업가, 정무직 공무원, NGO 활동가 등 다양한 분야에서 일했다. 서로 다른 직업을 거치며 품게 된 '인간은 왜 일하는가'라는 질문이 이 책의 출발점이 됐다.",2026-09-24 06:01,https://www.etnews.com/20260922000411,https://n.news.naver.com/mnews/article/030/0003469805?sid=101
서울대학교,영남일보,[인터뷰] 이인선 “길고 무거웠던 1년…TK 정치 ‘결속선’ 역할 하겠다...,경북대의 '서울대 10개 만들기' 사업 탈락 등 TK패싱은 이어지고 있다. 그렇지만 이런 식으로 갈라치기를... 나 역시 한 주도 빼놓지 않고 대구와 서울을 오가려고 했다. 대구 현안은 경북과 떼어놓고 생각하기 어려운 만큼...,2026-09-24 06:00,https://www.yeongnam.com/web/view.php?key=20260923029559725,https://www.yeongnam.com/web/view.php?key=20260923029559725
고려대학교,중앙일보,“비선출이 선 넘었다”…조희대 겨냥한 與의 ‘선출 만능주의’,차진아 고려대 법학전문대학원 교수는 “사법부를 직접 선출하지 않도록 둔 것 자체가 다수가 원하는 대로만 흘러가는 것을 막기 위한 헌법적 장치”라며 “선출 권력과 임명 권력은 대등하게 나란히 서 있는 것이지...,2026-09-24 06:00,https://www.joongang.co.kr/article/25464603,https://n.news.naver.com/mnews/article/025/0003553631?sid=100
고려대학교,FNTIMES,50대 직장인의 고민(6) 버틸 것인가? 비켜줄 것인가? [홍석환의 커리어...,[필자 홍석환은] 고려대에서 경영학을 공부했고 인사조직 박사과정을 마쳤다. 삼성 비서실과 삼성경제연구소 수석연구원으로 일했고 GS칼텍스 인사기획·조직문화팀장을 거쳐 임원이 되어 KT&G 인재개발원장을 맡았다....,2026-09-24 06:00,https://www.fntimes.com/html/view.php?ud=202609231355325903c1c16452b0_18,https://www.fntimes.com/html/view.php?ud=202609231355325903c1c16452b0_18
고려대학교,뉴스1,"""의사가 환자 손 잡고 옆 진료실로""…20년 인연 잇는 암병원의 비결 [K-...","서울 구로구에 위치한 고려대구로병원 암병원의 진료실 문을 열면 다른 대형 병원과는 조금 다른 풍경이... "" 고려대의 역사가 120년을 넘어선 것처럼 오 원장은 고대구로병원 암병원이 100년, 500년 동안 지속될 올바른 암...",2026-09-24 06:00,https://www.news1.kr/bio/general/6300438,https://n.news.naver.com/mnews/article/421/0009189877?sid=105
연세대학교,SPORTS,"'20년만 득점' 태국 야구, 17점차 패배 속 값진 한 점[AG 야구]",2006년 도하 아시안게임에서 태국은 7회말 유일한 아마추어 선수였던 정민혁(연세대)을 상대로 3루타를 때려내며 1점을 뽑았다. 이후 8회 한국이 추가 득점하며 12-1 콜드게임 승리를 거뒀다. 당시 기록한 1점이 태국의...,2026-09-24 06:00,https://sports.hankooki.com/news/articleView.html?idxno=6940344,https://sports.hankooki.com/news/articleView.html?idxno=6940344
고려대학교,VEGANNEWS,"학술지 논문과 학위논문, 발행 절차와 검색 경로","심사에 통과한 뒤에는 최종 원문과 서지정보를 대학 시스템에 제출하는 절차가 이어질 수 있다. 고려대학교 도서관의 dCollection 안내에는 메타정보 입력, 저작권·이용허락 설정, 원문 파일 제출과 확인 과정이 제시돼...",2026-09-24 05:42,https://www.vegannews.co.kr/news/article.html?no=386982,https://www.vegannews.co.kr/news/article.html?no=386982
고려대학교,스포츠월드,"[AG이슈] 남녀 나란히 3연승…한국 3대3 농구, 조 1위로 동반 8강 직행","대학생들로 구성된 남자 대표팀에서는 이동근(고려대)이 싱가포르를 상대로 7점 3리바운드를 기록했고, 이주영(연세대)이 5점 4리바운드로 힘을 보탰다. 구민교(성균관대), 김승우(연세대)도 함께 출전하고 있다....",2026-09-24 05:29,https://www.sportsworldi.com/newsView/20260924501475,https://m.sports.naver.com/basketball/article/396/0000756180
연세대학교,스포츠월드,"[AG이슈] 남녀 나란히 3연승…한국 3대3 농구, 조 1위로 동반 8강 직행","대학생들로 구성된 남자 대표팀에서는 이동근(고려대)이 싱가포르를 상대로 7점 3리바운드를 기록했고, 이주영(연세대)이 5점 4리바운드로 힘을 보탰다. 구민교(성균관대), 김승우(연세대)도 함께 출전하고 있다....",2026-09-24 05:29,https://www.sportsworldi.com/newsView/20260924501475,https://m.sports.naver.com/basketball/article/396/0000756180
연세대학교,이데일리,추석 이후에도 집값 ‘평탄화’ 지속…강남 쉬고 외곽·경기 뛴다,박합수 건국대 부동산대학원 겸임교수도 “서울 외곽의 상승 흐름이 경기와 인천까지 확산할 것으로 본다”... 고준석 연세대 상남경영원 주임교수는 “추석 이후 갑자기 공급이 늘어날 상황이 아닌 만큼 지금의 흐름이...,2026-09-24 05:13,https://www.edaily.co.kr/News/Read?newsId=01439926645583400&mediaCodeNo=257&utm_source=naver&utm_medium=referral&utm_campaign=news_syndication&utm_content=original_article,https://n.news.naver.com/mnews/article/018/0006375207?sid=101
서울대학교,뉴스1,"송석준 ""외교안보 해방 전후 비견 위기…韓美 신뢰 회복 절실""",△1964년 경기 이천 출생 △서울대 국제경제학과 △제34회 행정고시 합격 △서울지방국토관리청장 △대통령비서실 행정관 △국민의힘 정책위원회 부의장 △제21대 국회 전반기 국토교통위원회 간사 △제22대 국회...,2026-09-24 05:10,https://www.news1.kr/politics/assembly/6300946,https://n.news.naver.com/mnews/article/421/0009189854?sid=102
연세대학교,뉴스1,"집값 오르는데 거래는 줄어든다…전문가 45% ""매매 감소""","고준석 연세대 상남경영원 교수는 ""임대료 상승은 전월세 매물 부족에 따른 당연한 결과""라며 ""전월세 가격... 박합수 건국대 부동산대학원 겸임교수는 ""강남권의 상승세 둔화 속 외곽 중저가 지역의 상승세는 강화될 것...",2026-09-24 05:05,https://www.news1.kr/realestate/general/6300112,https://n.news.naver.com/mnews/article/421/0009189851?sid=101
서울대학교,NEWS2DAY,추석 연휴 문 여는 병원·약국 어디?,"서울 병·의원·약국 6189곳 운영...응급실 74곳은 24시간 진료 120·119 전화하면 연휴 중 이용 가능한 병원·약국... 응급·중증환자는 서울대학교병원 등 권역·지역응급의료센터 31곳과 지역응급의료기관 20곳, 응급실 운영...",2026-09-24 05:02,https://www.news2day.co.kr/article/20260923500125,https://www.news2day.co.kr/article/20260923500125
고려대학교,서울신문,‘대학도시 성북’ 주민 삶 업그레이드 [현장 행정],"행사는 구와 지역 대학 간 협력체계를 공식화하고 청년과 지역이 공존하는 ‘대학도시 성북’ 조성을 위해 위해 마련됐다. 협약식에는 이 구청장을 비롯해 김동원 고려대 총장, 정승렬 국민대 총장, 임세진 동덕여대 총장...",2026-09-24 05:02,https://www.seoul.co.kr/news/publicnews/seoul_local/place_seoul/2026/09/24/20260924019001?wlog_tag3=naver,https://n.news.naver.com/mnews/article/081/0003683249?sid=102
서울대학교,주간조선,[전국의 박물관: 서울] 구치감에서 옛 골목까지… 서울 100년이 한 건물...,"지금의 서울과학기술대학교 터에는 1941년 경성제국대학 이공학부가 들어섰는데, 광복 뒤에는 1980년까지 서울대학교 공과대학이 그 건물을 썼다. 현재 육군사관학교가 쓰는 땅에는 일제 때 육군 지원병훈련소가 있었다....",2026-09-24 05:00,http://weekly.chosun.com/news/articleView.html?idxno=55418,https://n.news.naver.com/mnews/article/053/0000061744?sid=103
고려대학교,NONGMIN,뇌졸중·심정지 부르는 ‘부정맥’…부모님 만나면 ‘맥박’ 체크해보...,심재민 고려대 안암병원 순환기내과 교수는 “부정맥은 종류가 매우 다양하기 때문에 증상만으로 판단해서는 안된다”며 “두근거림이나 어지럼증이 반복되거나 실신이 동반된다면 심전도 검사 등을 통해 정확한 원인을...,2026-09-24 05:00,https://www.nongmin.com/article/20260923500305,https://n.news.naver.com/mnews/article/662/0000105045?sid=102
연세대학교,글로벌이코노믹,"두산로보틱스, 상반기 영업손실 265억에 권영민 신임 대표 선임","연세대 공학과 일리노이대 회계학 석사 출신으로, 전임 대표의 사임에 따라 구원투수로 등판했다. 상반기 실적과 적자 확대 배경 두산로보틱스의 2026년 상반기 연결 기준 매출은 329억 7000만 원으로 전년 동기 대비 236...",2026-09-24 04:34,https://www.g-enews.com/view.php?ud=2026092404281816692bd56fbc3c_1,https://www.g-enews.com/view.php?ud=2026092404281816692bd56fbc3c_1
고려대학교,OSEN,"배움에는 끝이 없고, 나눔에는 대가가 없다…강봉규 전 코치가 보여주는...",2024년을 마지막으로 삼성을 떠난 그는 현재 경희대학교 테크노경영대학원 스포츠경영학과 석사 과정을 밟고... 경남고와 고려대를 거쳐 2000년 프로 무대에 뛰어들어 두산 베어스와 삼성에서 뛰었다. 특히 2009년 삼성...,2026-09-24 03:31,http://www.osen.co.kr/article/G1112880962,https://m.sports.naver.com/kbaseball/article/109/0005611831
고려대학교,MHNS,"[박근종 칼럼] 세전 소득 평등도 1위의 역설, 재분배 꼴찌가 던지는 한...","강성진 고려대 경제학과 교수가 예리하게 지적했듯, 한국은 시장소득 자체의 형평성은 뛰어나지만, 정부의 사회 안전망과 연금제도가 대상층에 부합하지 않는 것이 근본적인 문제다. 보편적 복지가 지나치게 일찍...",2026-09-24 02:34,https://www.mhns.co.kr/news/articleView.html?idxno=761666,https://www.mhns.co.kr/news/articleView.html?idxno=761666
서울대학교,국민일보,"오랜만에 쉼표, 마음엔 느낌표 새겨볼까","그는 서울대 국어교육과 교수를, 교토대 교수를 지냈다. 서울대에서는 한국어로, 교토대에서는 일본어로 강의했다. 이 책에는 번역자가 없다. 저자가 처음부터 끝까지 한국어로 썼기 때문이다. 인류에게 국경이라는 개념이...",2026-09-24 02:06,https://www.kmib.co.kr/article/view.asp?arcid=9000017069&cp=nv,https://n.news.naver.com/mnews/article/005/0001874896?sid=103
서울대학교,동아일보,[부고]권영웅 별세 外,"장인상=23일 경기 구리시 원진녹색병원, 발인 25일 낮 12시 031-552-5119 ◇최옥선 씨 별세·신영기 서울대 시흥캠퍼스 본부장(에이비온 대표이사) 모친상=22일 삼성서울병원, 발인 24일 오전 11시 15분 02-3410-3151",2026-09-24 01:43,https://www.donga.com/news/People/article/all/20260923/134729851/2,https://n.news.naver.com/mnews/article/020/0003750557?sid=102
서울대학교,동아일보,"씨티은행장 김경호 부행장 추천, 기업금융 전문가… 주총서 선임","김 부행장은 서울대 국제경제학과를 졸업하고 미국 매사추세츠공대(MIT)에서 경영학 석사 학위를 받았다. 삼성물산, 맥킨지를 거쳐 2001년 씨티은행 서울지점에 입사했다. 이후 대기업금융부장, 금융기관본부장을 거쳐...",2026-09-24 01:42,https://www.donga.com/news/Economy/article/all/20260923/134729943/2,https://n.news.naver.com/mnews/article/020/0003750517?sid=101
고려대학교,YTN,가위바위보 이기는 로봇손...'인공 뇌' 반도체 개발,[박관영 / 고려대 KU-KIST융합대학원 연구원 : 하부에는 나노 다공성 층을 만들어 장기 기억하는 특성을 만들게 되었고 상부층의 치밀한 박막을 사용해 휘발성으로 신호를 내는 뉴런의 특성을 구현하게 되었습니다.]...,2026-09-24 00:59,https://www.ytn.co.kr/_ln/0105_202609240059120342,https://n.news.naver.com/mnews/article/052/0002410752?sid=105
고려대학교,조선일보,“세종 때 장애인이 정승도… 옛날이 더 차별 없어”,정창권 교수 ‘한국 장애사’ 출간 “고려시대엔 장애인 도우미 있어… 근대 이후 서구화 영향으로 배척... (성균관대학교출판부)를 쓴 정창권(59·사진) 고려대 문화창의학부 교수의 말은 전혀 다르다. “본래 한반도에는...,2026-09-24 00:43,https://www.chosun.com/culture-life/relion-academia/2026/09/24/N5IGYK5ERRFIBJCHFDRCMZJ3K4/?utm_source=naver&utm_medium=referral&utm_campaign=naver-news,https://n.news.naver.com/mnews/article/023/0004000197?sid=103
고려대학교,조선일보,[플라자] 고려대학교 통일융합연구원과 보다나은미래를위한 반기문재단...,▲ 고려대학교 통일융합연구원과 보다나은미래를위한 반기문재단은 29일 고려대 백주년기념삼성관에서 ‘질서 이후의 질서: 국제안보의 재편과 한반도 평화’ 공동 심포지엄을 연다고 23일 밝혔다.,2026-09-24 00:42,https://www.chosun.com/national/people/2026/09/24/6Q7JG3EJWJDGHL2ABY3R57QAQE/?utm_source=naver&utm_medium=referral&utm_campaign=naver-news,https://n.news.naver.com/mnews/article/023/0004000191?sid=102
연세대학교,국민일보,[여의도포럼] 국정감사로 멈춰버린 대한민국 시계,지금처럼 국가 시스템을 마비시키고 기업 경영을 위축시키는 국감은 민의의 대변이 아닌 권력의 갑질일 뿐이다. 국회가 바로 서야 한다. 그래야 행정부가 바로 서고 국민의 삶이 편안해진다. 박희준 연세대 산업공학과 교수,2026-09-24 00:38,https://www.kmib.co.kr/article/view.asp?arcid=9000017046&cp=nv,https://n.news.naver.com/mnews/article/005/0001874880?sid=110
서울대학교,NEWS2DAY,"[미네르바의 눈] 물류단상(物流斷想): 물류업, 물동량은 늘어도 돈은 안...",[정리=최봉 산업경제 전문기자] ◀ 김승한(Seunghan Kim) ▶ 서울대 산업공학 박사 / (주)JNDK 본부장 / 경기대 SW경영대학 겸직교수 / (전) 전국화물자동차운송사업연합회 단장 / (전) (주)화물맨 부사장 / (전) (주)포테닛 사장...,2026-09-24 00:32,https://www.news2day.co.kr/article/20260923500255,https://www.news2day.co.kr/article/20260923500255
서울대학교,중앙일보,[중앙시평] 여의도의 깨진 유리창,보면서 무엇이 보상받고 무엇이 허용되는지를 깨우친다. 반칙이 스펙이 되고 성공의 문법으로 고착되는 사회는 생각만 해도 끔찍하다. 여의도의 깨진 유리창을 언제까지 방치할 것인가. 김은미 서울대 언론정보학과 교수,2026-09-24 00:22,https://www.joongang.co.kr/article/25464584,https://n.news.naver.com/mnews/article/025/0003553620?sid=110
서울대학교,중앙일보,[김형구의 이슈진단] “호르무즈 파병 불가피하겠지만 영·프와 보조 맞...,차태서 서울대 정치외교학부 교수를 지난 17일 만나 한·미 동맹의 현주소를 진단하고 미래를 조망했다. 이후... 생각한다.” ◆이상현=서울대 외교학과를 졸업하고 미국 일리노이대에서 정치학 박사 학위를 받았다....,2026-09-24 00:16,https://www.joongang.co.kr/article/25464580,https://n.news.naver.com/mnews/article/025/0003553616?sid=110
서울대학교,중앙일보,"[이수화의 마켓 나우] 자율주행, 지방소멸 되돌릴 첫 단추",밤 9시면 닫히는 읍내에 다시 길을 여는 일이다. 자율주행이 바꿔야 할 것은 운전 방식이 아니라 이동의 자유다. 이수화 서울대 빅데이터혁신융합대학연구교수·법무법인 디엘지AI센터장,2026-09-24 00:06,https://www.joongang.co.kr/article/25464575,https://n.news.naver.com/mnews/article/025/0003553611?sid=110
서울대학교,중앙일보,금융 회장 부른 금감원장…‘이너서클 인사’ 경고,이 원장은 23일 오전 7시30분 서울 여의도 금감원 본원에 은행연합회장과 8대 은행지주(KB·신한·하나·우리... 기업 지배구조 전문가인 김우진 서울대 경영전문대학원 교수는 “자회사 지분 전량을 보유하기도 하는...,2026-09-24 00:01,https://www.joongang.co.kr/article/25464547,https://n.news.naver.com/mnews/article/025/0003553586?sid=101
서울대학교,KDPRESS,"플루티스트 문록선, 생상스와 국악의 경계 넘는 무대 펼친다","한편, 문록선은 서울대학교 음악대학과 대학원을 졸업하고 오스트리아 빈 국립음악원과 미국 오벌린대학 등에서 수학했다. 서울시립교향악단과 코리안심포니오케스트라 등에서 활동했으며 현재 세종대학교 미래교육원...",2026-09-23 23:48,https://www.kdpress.co.kr/news/articleView.html?idxno=208892,https://www.kdpress.co.kr/news/articleView.html?idxno=208892
연세대학교,KDPRESS,"현대해상, 청년 현장경험 채용 경쟁력으로 잇는다","또한 염재호 태재대학교 총장, 장용석 연세대학교 교수, 엄윤미 아산나눔재단 이사장 등 교육과 HR, 사회혁신 분야 전문가 6명이 자문위원으로 참여한다. 정경선 현대해상 CSO는 ""더 많은 청년에게 양질의 경험을 제공하고...",2026-09-23 23:44,https://www.kdpress.co.kr/news/articleView.html?idxno=208890,https://www.kdpress.co.kr/news/articleView.html?idxno=208890
고려대학교,전자신문,"[도산아카데미] 항우연 김현옥 연구원, '우주경제와 새로운 기회' 강연","스마트포럼은 1996년 백두권 고려대 명예교수(당시 도산아카데미연구원 기획위원장, 도산아카데미 제3대 원장)의 제안으로 '한국 정보화 사회 지도자 포럼'이라는 이름으로 발족해 30년간 정보화·IT 분야의 주요 이슈를...",2026-09-23 23:36,https://www.etnews.com/20260923000197,https://n.news.naver.com/mnews/article/030/0003469793?sid=105
서울대학교,여성신문,문소리·이봉련의 ‘에너미’...뮤지컬 ‘식스’ 3년 만 귀환,"서울시극단 연극 '에너미' 서울시극단이 헨리크 입센의 『민중의 적』을 재해석한 연극 '에너미'를 10월... 김헌 서울대 교수, 주원준 연구원 등이 참여해 국립극단이 준비 중인 신화 소재 공연 4편과 연계해 무대에...",2026-09-23 23:32,https://www.womennews.co.kr/news/articleView.html?idxno=282517,https://n.news.naver.com/mnews/article/310/0000140270?sid=103
서울대학교,이투데이,"[종합] '유퀴즈' 신현준, 남미 역주행 근황 공개…다음주 '무협' 강소라...","한편 다음 주 '유퀴즈'에는 KBO 드래프트 전체 1순위 부산고 하현승, 동물행동학자 이원영 서울대 교수, 국립중앙박물관 분장놀이 대상 수상자, 무협 일타강사로 돌아온 배우 강소라가 출연한다.",2026-09-23 23:24,https://enter.etoday.co.kr/news/view/302844,https://enter.etoday.co.kr/news/view/302844
서울대학교,매일일보,"한국씨티은행, 차기 행장에 '기업금융통' 김경호 부행장","1968년생인 김 부행장은 서울대 국제경제학과, 미국 매사추세츠공대 경영전문대학원(MBA)을 졸업했다. 2001년 한국씨티은행에 입행한 뒤 대기업금융부장, 금융기관본부장 등을 거쳐 2021년 2월부터 기업금융그룹 부행장을...",2026-09-23 23:20,https://www.m-i.kr/news/articleView.html?idxno=1417858,https://www.m-i.kr/news/articleView.html?idxno=1417858
고려대학교,메디컬월드뉴스,"[9월 23일 병원계 이모저모③]고려대의대, 경희의료원, 삼육서울, 서울...","◆고려대 의대, 과기정통부 기초연구사업 23개 과제 선정…연구비 38억 원 확보 고려대학교 의과대학 교수진이 과학기술정보통신부의 2026년도 기초연구사업 2차 신규과제에 선정돼 총 23개 과제에서 약 38억 원의...",2026-09-23 23:10,https://medicalworldnews.co.kr/news/view.php?idx=1510977432,https://medicalworldnews.co.kr/news/view.php?idx=1510977432
서울대학교,문화일보,김근식 “조희대의 제청권 묵살 이유는 군기잡기”,김근식 경남대 정치외교학과 석좌교수(국민의힘 서울 송파병 당협위원장)는 최근 청와대와 조희대 대법원장... 이어 김 교수는 “서울대총장은 총장추천위에서 후보 3명을 추리고 서울대이사회 투표로 최종 1명을...,2026-09-23 23:04,https://www.munhwa.com/article/11619301?ref=naver,https://n.news.naver.com/mnews/article/021/0002821022?sid=100
서울대학교,JIBS,"'서울대 10개 만들기' 제외..""후속 지원책 내놔야""",제주의 유일한 국가거점국립대학인 제주대학교가 정부의 이른바 '서울대 10개 만들기' 사업 우선 지원 대상에서 빠졌습니다. 산업과 연구 기반이 상대적으로 취약한 섬 지역에 다른 지역과 같은 경쟁 잣대를 적용하는 게...,2026-09-23 23:04,https://www.jibs.co.kr/news/replay/viewNewsReplayDetail/2026092318053829328?feed=na,https://n.news.naver.com/mnews/article/661/0000083793?sid=102
연세대학교,여성신문,공동체·영성·이주...아시아 큐레이터들이 말하는 ‘아시아의 오늘’,"철학자이자 문화이론가인 한병철, 동아시아 철학 전문가인 나카지마 다카히로 도쿄대 동양문화연구소 교수, 젠더·이주·돌봄 문제를 연구해 온 김현미 연세대 문화인류학과 교수가 기조강연을 맡는다. 이어 참여...",2026-09-23 23:04,https://www.womennews.co.kr/news/articleView.html?idxno=282574,https://n.news.naver.com/mnews/article/310/0000140267?sid=103
고려대학교,세계일보,"은행, 사이버 위협 고도화에도 정보보호 투자 줄여","권헌영 고려대학교 정보보호대학원 교수는 “AI 투자를 늘린 다음에 정보보호 투자가 뒤이어 올라가는 경향이 있는 것은 사실이지만, 가장 좋은 것은 정보보호 투자를 강화하면서 IT 투자를 늘리는 것”이라며...",2026-09-23 23:02,https://www.segye.com/newsView/20260923510915?OutUrl=naver,https://n.news.naver.com/mnews/article/022/0004161444?sid=101
연세대학교,YOUNGNONG,"AI 시대 농업 연구인재 키운다…농진청·농학계, 대학원생·신진연구자","농촌진흥청과 농학계는 대학원생과 신진 연구자가 연구 현장을 직접 경험하고 필요한 역량을 논의하는 교류... 1부에서는 김남주 연세대학교 인공지능(AI)혁신연구원 에듀테크센터장이 'AI 시대, 미래 연구자에게 필요한...",2026-09-23 22:56,https://www.youngnong.co.kr/news/articleView.html?idxno=70467,https://www.youngnong.co.kr/news/articleView.html?idxno=70467
서울대학교,CCNNEWS,"세종시, 'AI 행정 전문가' 배일권 행정부시장 28일 취임","1972년 서울 출생인 배 신임 부시장은 서울대학교 사회학과를 졸업하고 서울대 및 미국 시라큐스대학교 대학원에서 행정학 석사학위를 취득했다. 1999년 제42회 행정고시에 합격하며 공직에 입문한 이후, 행정안전부...",2026-09-23 22:50,http://www.ccnnews.co.kr/news/articleView.html?idxno=415444,http://www.ccnnews.co.kr/news/articleView.html?idxno=415444
서울대학교,컨슈머타임스,"성남시, 2027년 생활임금 1만2900원 확정·민관협력 통합돌봄 확대",특히 이날 회의에는 임재영 경기도남부 지역장애인보건의료센터장(분당서울대학교병원 재활의학과 교수)이 참석해 장애인의 재활 치료 및 전문 의료 인프라를 지역사회 돌봄 체계와 유기적으로 결합하는 방안을...,2026-09-23 22:42,https://www.cstimes.com/news/articleView.html?idxno=721906,https://www.cstimes.com/news/articleView.html?idxno=721906
연세대학교,중부일보,인천시 행정 지휘체계 곧 완성...행부 김성중·기조 지용구 내정,"김 내정자는 연세대 행정학과를 졸업하고 1995년 제39회 행정고시로 공직에 들어섰다. 행안부 조직정책관, 재난대응정책관, 청와대 인사비서관실 선임행정관을 거쳤으며 제주도 행정부지사와 경기도 행정1부지사를...",2026-09-23 22:40,https://www.joongboo.com/news/articleView.html?idxno=363737699,https://www.joongboo.com/news/articleView.html?idxno=363737699
서울대학교,중부일보,인천시 행정 지휘체계 곧 완성...행부 김성중·기조 지용구 내정,"서울대 출신으로 2001년 제45회 행정고시에 합격한 지 내정자는 행안부 자연재난대응과장, 청와대 국정상황실을 거쳐 교부세과장을 맡아온 지방재정 전문가다. 시는 지방교부세 산정과 배분 구조를 잘 아는 지 내정자가...",2026-09-23 22:40,https://www.joongboo.com/news/articleView.html?idxno=363737699,https://www.joongboo.com/news/articleView.html?idxno=363737699
서울대학교,YOUNGNONG,"""유통단계 줄인다고 농산물 제값 받나""…농업계, 가격결정력 강화 요구",안병일 서울대학교 농업자원경제학과 교수가 토론에 참여했다. 토론자들은 급변하는 농산물 유통환경에 대응하기 위해 산지의 거래 역량을 높이고 도매시장과 공판장의 기능을 강화할 필요가 있다고 의견을 모았다....,2026-09-23 22:40,https://www.youngnong.co.kr/news/articleView.html?idxno=70525,https://www.youngnong.co.kr/news/articleView.html?idxno=70525
연세대학교,비즈월드,"현대해상, '프로젝트 트레일마크' 공개","염재호 태재대학교 총장, 장용석 연세대학교 교수, 엄윤미 아산나눔재단 이사장, 김성준 국민대학교 교수, 서현선 루트임팩트 이사, 정진우 ACG 컨설팅 대표가 참여한다. 프로젝트 트레일마크를 제안한 정경선 현대해상 CSO...",2026-09-23 22:36,http://www.bizwnews.com/news/articleView.html?idxno=147268,http://www.bizwnews.com/news/articleView.html?idxno=147268
연세대학교,뉴스1,"'유퀴즈' 신현준, 테니스 유망주→운명처럼 '하야시' 합격","이에 신현준은 연세대 체육교육학과로 진학했지만, 1990년 임권택 감독의 영화 '장군의 아들'에서 일본인 주먹패 우두머리 '하야시' 역으로 데뷔해 화제를 모았다. 신현준은 영화광이었던 부모님을 따라 어린 시절부터...",2026-09-23 22:29,https://www.news1.kr/entertain/broadcast-tv/6300879,https://m.entertain.naver.com/article/421/0009189759
서울대학교,디지털타임스,김근식 “대법관 제청 묵살 이재명…‘재판관 미임명’ 한덕수는 내란특...,"김근식 국민의힘 서울 송파병 당협위원장(경남대 정치외교학과 석좌교수)은 23일 SNS를 통해 “2024년 12·3... 서울대학교 총장 임명 절차에도 빗댔다. 그는 “(법령상) 총장추천위에서 후보 3명 추리고, 서울대이사회 투표로...",2026-09-23 22:28,https://www.dt.co.kr/article/12085684?ref=naver,https://n.news.naver.com/mnews/article/029/0003049712?sid=100
연세대학교,THESCOOP,나폴레옹부터 히틀러까지… 마키아벨리의 흔적들 [이지은의 신간],"""프리드리히 2세는 어쩌면 마키아벨리의 가장 완벽한 제자일지도 모른다."" 김상근 연세대 명예교수는 저서 「나는 군주론에 반대한다, 그러나」에서 ""「안티 마키아벨」을 통해 「군주론」을 가장 꼼꼼하고 통렬하게...",2026-09-23 22:18,https://www.thescoop.co.kr/news/articleView.html?idxno=311703,https://n.news.naver.com/mnews/article/665/0000008217?sid=103
고려대학교,뉴스핌,[2026AG] 한국 3X3 농구 남자 대표팀 3연승…남녀 나란히 조 1위로 8강 직...,"이날 싱가포르전에서는 이동근(고려대)이 7득점 3리바운드 2블록슛으로 공격을 이끌었다. 이주영(연세대)도 5득점 4리바운드로 힘을 보탰다. 남자 대표팀은 이동근과 이주영을 비롯해 김승우(연세대), 구민교...",2026-09-23 22:17,https://www.newspim.com/news/view/20260923001115,https://www.newspim.com/news/view/20260923001115
연세대학교,뉴스핌,[2026AG] 한국 3X3 농구 남자 대표팀 3연승…남녀 나란히 조 1위로 8강 직...,"이주영(연세대)도 5득점 4리바운드로 힘을 보탰다. 남자 대표팀은 이동근과 이주영을 비롯해 김승우(연세대), 구민교(성균관대)로 구성됐다. 이들은 지난 4월 국제농구연맹(FIBA) 3X3 아시아컵에서 준우승을...",2026-09-23 22:17,https://www.newspim.com/news/view/20260923001115,https://www.newspim.com/news/view/20260923001115
고려대학교,SLIST,"'3전 전승' 남자 3대3 농구, 조 1위로 8강 직행","특히 올해 4월 국제농구연맹(FIBA) 3대3 아시아컵 준우승을 합작한 이주영, 김승우(이상 연세대), 이동근(고려대), 구민교(성균관대)가 그대로 호흡을 맞추고 있어 강력한 메달 후보로 점쳐진다. 이들은 지난달 FIBA...",2026-09-23 22:16,https://www.slist.kr/news/articleView.html?idxno=768515,https://www.slist.kr/news/articleView.html?idxno=768515
연세대학교,SLIST,"'3전 전승' 남자 3대3 농구, 조 1위로 8강 직행","특히 올해 4월 국제농구연맹(FIBA) 3대3 아시아컵 준우승을 합작한 이주영, 김승우(이상 연세대), 이동근(고려대), 구민교(성균관대)가 그대로 호흡을 맞추고 있어 강력한 메달 후보로 점쳐진다. 이들은 지난달 FIBA...",2026-09-23 22:16,https://www.slist.kr/news/articleView.html?idxno=768515,https://www.slist.kr/news/articleView.html?idxno=768515
서울대학교,JEJUMBC,"""서울대 10개 만들기 제주대 탈락 이유 설명하라""","제주도와 제주도의회, 제주대가 정부의 서울대 10개 만들기 사업에서 제주대가 탈락한 것과 관련해... 이재명 대통령의 공약인 서울대 10개 만들기에는 부산대와 전남대, 충남대 등 3곳이 선정됐는데 탈락한 국립대들은...",2026-09-23 22:12,https://jejumbc.com/NewsArticle/864123,https://jejumbc.com/NewsArticle/864123
고려대학교,메디컬월드뉴스,"[9월 23일 병원계 이모저모②]국립암센터, 고려대구로, 의정부을지대병...","◆고려대구로병원 개방형실험실, 구로구의사회와 지역의료 혁신 업무협약 체결 고려대학교 구로병원... ◆의정부을지대병원-미8군 제65의무여단, 의료협력 강화 논의 의정부을지대학교병원(병원장 송현)이 지난 22일...",2026-09-23 22:10,https://medicalworldnews.co.kr/news/view.php?idx=1510977431,https://medicalworldnews.co.kr/news/view.php?idx=1510977431
서울대학교,MBCCB,'3년을 끌어오더니' 사실상 통합 무산,충북대는 내년에 서울대 10대 만들기 선도 대학 추가 선정에도 어려움이 예상됩니다. 통합 무산은 한동안 학교 경쟁력에도 상당한 악영향을 줄 것으로 우려됩니다. MBC뉴스 신병관입니다.,2026-09-23 22:04,http://news.mbccb.co.kr/home/sub.php?menukey=61&mod=view&RECEIVE_DATE=20260923&SEQUENCE=3735,http://news.mbccb.co.kr/home/sub.php?menukey=61&mod=view&RECEIVE_DATE=20260923&SEQUENCE=3735
서울대학교,TJB,"[8뉴스 초대석]""KTX·SRT 통합부터 추석 수송까지""..김태승 코레일 사장...","지금까지 김태승 코레일 사장과 이야기 나눠봤습니다. 사장님, 오늘 나와주셔서 감사합니다. ----------- 김태승 1961년생 서울대 경제학과 경기개발연구원 부원장 인하대 아태물류학부 교수 제12대 한국철도공사 사장",2026-09-23 22:04,https://www.tjb.co.kr/news05/bodo/view/id/104011,https://www.tjb.co.kr/news05/bodo/view/id/104011
연세대학교,한스경제,"한국 남자 3대3 농구, 나고야 아시안게임 8강 직행","지난 4월 FIBA 3대3 아시아컵 준우승을 합작했던 이주영, 김승우(이상 연세대), 이동근(고려대), 구민교(성균관대)가 다시 손을 맞잡아 강력한 우승 후보로 평가받는다. 대표팀은 지난달 FIBA 유스 네이션스리그 종합...",2026-09-23 22:00,http://www.hansbiz.co.kr/news/articleView.html?idxno=867955,http://www.hansbiz.co.kr/news/articleView.html?idxno=867955
고려대학교,SBS,"수면유도제 100알 달라는데 ""여기요""…경악한 실태",[이성우/고려대 안암병원 응급의학과 교수 : (수면유도제 과다 복용 시) 가장 치명적인 부작용은 심장 부정맥입니다. 곧장 심정지로 이어질 수 있습니다. (슈도에페드린 함유 일반의약품은) 환각 등 오남용 목적으로 쓰이는...,2026-09-23 22:00,https://news.sbs.co.kr/news/endPage.do?news_id=N1008768347&plink=ORI&cooper=NAVER,https://n.news.naver.com/mnews/article/055/0001390762?sid=102
고려대학교,한스경제,"한국 남자 3대3 농구, 나고야 아시안게임 8강 직행","지난 4월 FIBA 3대3 아시아컵 준우승을 합작했던 이주영, 김승우(이상 연세대), 이동근(고려대), 구민교(성균관대)가 다시 손을 맞잡아 강력한 우승 후보로 평가받는다. 대표팀은 지난달 FIBA 유스 네이션스리그 종합...",2026-09-23 22:00,http://www.hansbiz.co.kr/news/articleView.html?idxno=867955,http://www.hansbiz.co.kr/news/articleView.html?idxno=867955
서울대학교,스포츠조선,"""와, 제 개인전 첫 성적이에요"" 공부 못해서 은메달까지 딴 '천상T' 박지...","""와, 제 개인전 첫 성적이에요!"" 깜짝 은메달의 주인공 '무명 검사' 박지희(서울특별시청)의 미소였다.... 아빠가 내가 공부를 잘하는 줄 알고, 감독님한테 '얘는 서울대 가야한다' 그러셨다. 감독님이 1학기 성적을 아빠한테...",2026-09-23 22:00,https://www.sportschosun.com/sports-news/2026-09-23/202609230100162150010608,https://m.sports.naver.com/general/article/076/0004449245
서울대학교,KBS,“제주 소외될 수밖에…” 서울대 10개 만들기 발표 ‘후폭풍’,"[앵커] 정부가 추진하는 이른바 '서울대 10개 만들기' 지원대학에 제주대가 아쉽게 탈락했는데요. 제주지역... 당장 대학별 지원 격차가 커져 국립대 간 서열화 우려가 고개를 드는 가운데 제주도와 의회, 제주대학교가...",2026-09-23 21:59,https://news.kbs.co.kr/news/pc/view/view.do?ncd=8670679&ref=A,https://n.news.naver.com/mnews/article/056/0012262663?sid=102
고려대학교,SBS,"'3전 전승' 남자 3대3 농구, 조 1위로 8강행","특히 올해 4월 국제농구연맹(FIBA) 3대3 아시아컵 준우승을 합작한 이주영, 김승우(이상 연세대), 이동근(고려대), 구민교(성균관대)가 그대로 호흡을 맞추고 있어 강력한 메달 후보로 점쳐집니다. 이들은 지난달 FIBA...",2026-09-23 21:59,https://news.sbs.co.kr/news/endPage.do?news_id=N1008768415&plink=ORI&cooper=NAVER,https://n.news.naver.com/mnews/article/055/0001390760?sid=104
연세대학교,SBS,"'3전 전승' 남자 3대3 농구, 조 1위로 8강행","특히 올해 4월 국제농구연맹(FIBA) 3대3 아시아컵 준우승을 합작한 이주영, 김승우(이상 연세대), 이동근(고려대), 구민교(성균관대)가 그대로 호흡을 맞추고 있어 강력한 메달 후보로 점쳐집니다. 이들은 지난달 FIBA...",2026-09-23 21:59,https://news.sbs.co.kr/news/endPage.do?news_id=N1008768415&plink=ORI&cooper=NAVER,https://n.news.naver.com/mnews/article/055/0001390760?sid=104
연세대학교,HELLOT,"루닛 스코프 활용 난치암 연구, 세계 최고 권위 'Nature Medicine' 게재","이번 논문은 연세대학교 의과대학 이충근 교수 연구팀이 주도한 HER2 양성 진행성 담도암 1차 치료 임상시험 결과로, 루닛 연구진이 공동저자로 참여해 AI 기반 전체 슬라이드 이미지(WSI) 분석과 바이오마커 분석을...",2026-09-23 21:58,https://www.hellot.net/news/article.html?no=115115,https://www.hellot.net/news/article.html?no=115115
연세대학교,KBS,말랑이·왁뿌볼 일부 제품서 유해 물질…전자레인지 ‘금물’,"[윤진하/연세대 의대 예방의학교실 교수 : ""프탈레이트는 갖고 놀면 안 되고 손으로 만져서도 안 돼요. 손을 씻는다고 되는 게 아니에요. 이건 (피부에) 흡수가 돼요.""] 촉감을 더 부드럽게 하려고 전자레인지로 데우는 것도...",2026-09-23 21:56,https://news.kbs.co.kr/news/pc/view/view.do?ncd=8670673&ref=A,https://n.news.naver.com/mnews/article/056/0012262625?sid=101
서울대학교,영남일보,"K-로봇, 유럽시장 진출 본격화…체코에 협력거점 개소","지난 21일(현지시각) 체코 프라하 공과대학교 산하 연구소에서 열린 '한-체코 첨단로봇산업 협력센터... 한국전자기술연구원, 서울대, 화승알앤에이, 한국로봇산업진흥원과 프라하공대는 AI 기반 로봇 운영...",2026-09-23 21:56,https://www.yeongnam.com/web/view.php?key=20260923021000424,https://www.yeongnam.com/web/view.php?key=20260923021000424
고려대학교,KBS,새 예인선도 ‘예외’…원양 예인선 안전 사각,"[김인현/고려대학교 명예교수/해상법 전공 : ""선박안전법에 그런 내용이 들어가서 반드시 장치해야 한다고 해야 선주한테 의무가 부과되는 거죠. 해양수산부의 몫이죠.""] 해양수산부는 이번 사고를 계기로 기존 예인선은...",2026-09-23 21:54,https://news.kbs.co.kr/news/pc/view/view.do?ncd=8670668&ref=A,https://n.news.naver.com/mnews/article/056/0012262615?sid=102
연세대학교,KOREAREPORT,"현대해상, 청년 현장 경험 기록하는 '프로젝트 트레일마크' 공개","염재호 태재대학교 총장, 장용석 연세대학교 교수, 엄윤미 아산나눔재단 이사장, 김성준 국민대학교 교수, 서현선 루트임팩트 이사, 정진우 ACG 컨설팅 대표 등 6명이 참여한다. 현대해상은 청년의 활동 기록을 기업이 채용...",2026-09-23 21:48,https://www.koreareport.co.kr/news/articleView.html?idxno=53230,https://www.koreareport.co.kr/news/articleView.html?idxno=53230
서울대학교,스포츠경향,샤로수길 공실상가가 전시장으로! ‘새삶스런 예술 전파사’ 팝업 전시...,서울문화재단 자치구협력형 문화예술교육 지원사업에 3년 연속 선정이된 지역 기반 창작교육 프로그램이... 이번 프로그램은 서울대학교 문화예술원과 기획 단계부터 협력해 지역 주민의 창작 활동과 대학의 문화예술...,2026-09-23 21:32,https://sports.khan.co.kr/article/202609232131003?pt=nv,https://n.news.naver.com/mnews/article/144/0001140191?sid=103
고려대학교,연합뉴스,"[아시안게임] '3전 전승' 남자 3대3 농구, 조 1위로 8강 직행","특히 올해 4월 국제농구연맹(FIBA) 3대3 아시아컵 준우승을 합작한 이주영, 김승우(이상 연세대), 이동근(고려대), 구민교(성균관대)가 그대로 호흡을 맞추고 있어 강력한 메달 후보로 점쳐진다. 이들은 지난달 FIBA...",2026-09-23 21:26,https://www.yna.co.kr/view/AKR20260923194800007?input=1195m,https://n.news.naver.com/mnews/article/001/0016333973?sid=104
연세대학교,연합뉴스,"[아시안게임] '3전 전승' 남자 3대3 농구, 조 1위로 8강 직행","특히 올해 4월 국제농구연맹(FIBA) 3대3 아시아컵 준우승을 합작한 이주영, 김승우(이상 연세대), 이동근(고려대), 구민교(성균관대)가 그대로 호흡을 맞추고 있어 강력한 메달 후보로 점쳐진다. 이들은 지난달 FIBA...",2026-09-23 21:26,https://www.yna.co.kr/view/AKR20260923194800007?input=1195m,https://n.news.naver.com/mnews/article/001/0016333973?sid=104
고려대학교,SBS,"""임명권이 최우선"" vs ""거부 사유 밝혔어야""","[차진아/고려대 로스쿨 교수 : 구체적인 사유를 들어줘야, 그러면 이 사람이 왜 적합하지 않은가 하는 것을 알 수 있지 않겠습니까? 그래야 다른 적합한 사람을 재제청 할 수가 있게 되겠죠.] 전문가들은 이번 갈등이 교착...",2026-09-23 21:23,https://news.sbs.co.kr/news/endPage.do?news_id=N1008768332&plink=ORI&cooper=NAVER,https://n.news.naver.com/mnews/article/055/0001390749?sid=102
서울대학교,세계일보,[사이언스프리즘] 내 편일수록 가차 없이 검증하라,서울대 법대 교수이자 진보·개혁 진영의 대표적 아이콘이었던 그는 문재인정부의 핵심 개혁 과제를 이끌 적임자로 꼽혔다. 그러나 자녀 입시 비리와 논문 저자 등재 등 이른바 ‘부모 찬스’ 의혹이 불거졌을 때 초기 검증...,2026-09-23 21:22,https://www.segye.com/newsView/20260923510526?OutUrl=naver,https://n.news.naver.com/mnews/article/022/0004161429?sid=110
연세대학교,세계일보,"[김형배의공정과효율] 정원과 정글 사이, 경제분석의 섬세한 손",김형배 법무법인 율촌 고문 연세대 법무·경제대학원 겸임교수 그러나 시야를 넓히면 다른 그림이 보인다. 중간재 가격이 오르면 이를 사들이는 대기업의 원가가 올라간다. 대기업은 처음엔 비용 상승을 흡수하려 애쓸...,2026-09-23 21:21,https://www.segye.com/newsView/20260923510523?OutUrl=naver,https://n.news.naver.com/mnews/article/022/0004161426?sid=110
고려대학교,POLINEWS,"[베스트단체장 인터뷰] 최대호 안양시장② ""새로운 대한민국이 펼쳐지는...","* 최대호 시장은 1958년 전남 해남 출신으로 연세대학교 문학사, 한국방송통신대학교 경제학사, 고려대학교 교육대학원 교육학 석사, 동 대학원 박사 학위를 받았다. 2010년 제5회 전국동시지방선거에서 안양시장에 처음...",2026-09-23 21:16,https://www.polinews.co.kr/news/articleView.html?idxno=744016,https://www.polinews.co.kr/news/articleView.html?idxno=744016
연세대학교,POLINEWS,"[베스트단체장 인터뷰] 최대호 안양시장② ""새로운 대한민국이 펼쳐지는...","* 최대호 시장은 1958년 전남 해남 출신으로 연세대학교 문학사, 한국방송통신대학교 경제학사, 고려대학교 교육대학원 교육학 석사, 동 대학원 박사 학위를 받았다. 2010년 제5회 전국동시지방선거에서 안양시장에 처음...",2026-09-23 21:16,https://www.polinews.co.kr/news/articleView.html?idxno=744016,https://www.polinews.co.kr/news/articleView.html?idxno=744016
서울대학교,POLINEWS,"[베스트단체장 인터뷰] 최대호 안양시장② ""새로운 대한민국이 펼쳐지는...","인텐스퀘어, 서울대 연계 AI 융합 혁신 클러스터 등을 기반으로 미래 먹거리와 청년 일자리를 창출한다는... * 최대호 시장은 1958년 전남 해남 출신으로 연세대학교 문학사, 한국방송통신대학교 경제학사, 고려대학교...",2026-09-23 21:16,https://www.polinews.co.kr/news/articleView.html?idxno=744016,https://www.polinews.co.kr/news/articleView.html?idxno=744016
서울대학교,메디컬월드뉴스,"[9월 23일 병원계 이모저모①]고려대구로, 서울대어린이, 서울성모, 원자...","◆고려대구로병원, 새암병원 기공식 개최…2029년 말 완공 목표 고려대학교 구로병원(병원장 민병욱)이 지난... ◆서울대어린이병원, ‘제16회 척수이형성증 공개강좌’ 개최 서울대어린이병원 척수이형성증 클리닉팀이...",2026-09-23 21:10,https://medicalworldnews.co.kr/news/view.php?idx=1510977430,https://medicalworldnews.co.kr/news/view.php?idx=1510977430
고려대학교,메디컬월드뉴스,"[9월 23일 병원계 이모저모①]고려대구로, 서울대어린이, 서울성모, 원자...","이날 기공식에는 학교법인 고려중앙학원 김재호 이사장, 고려대학교 김동원 총장, 윤을식 의무부총장 겸 의료원장, 편성범 의과대학장, 한승범 안암병원장, 민병욱 구로병원장, 서동훈 안산병원장, 전임 의무부총장 및...",2026-09-23 21:10,https://medicalworldnews.co.kr/news/view.php?idx=1510977430,https://medicalworldnews.co.kr/news/view.php?idx=1510977430
연세대학교,뉴시스,"3대3 농구, 남녀 동반 8강 직행…조별리그 3전 전승(종합)[나고야AG]","배 감독은 구민교(성균관대), 김승우, 이주영(이상 연세대), 이동근(고려대) 등 대학생 선수들로 이번 대회에 참가했다. 이날 싱가포르전에선 이동근이 7점 3리바운드, 이주영이 5점 4리바운드를 기록하며 맹활약했다....",2026-09-23 21:09,https://www.newsis.com/view/NISX20260923_0003802700,https://n.news.naver.com/mnews/article/003/0014211710?sid=104
고려대학교,뉴시스,"3대3 농구, 남녀 동반 8강 직행…조별리그 3전 전승(종합)[나고야AG]","배 감독은 구민교(성균관대), 김승우, 이주영(이상 연세대), 이동근(고려대) 등 대학생 선수들로 이번 대회에 참가했다. 이날 싱가포르전에선 이동근이 7점 3리바운드, 이주영이 5점 4리바운드를 기록하며 맹활약했다....",2026-09-23 21:09,https://www.newsis.com/view/NISX20260923_0003802700,https://n.news.naver.com/mnews/article/003/0014211710?sid=104
서울대학교,NTODAY,[완벽한 날들⑤｜조시형의 여정] 암 진단 뒤 찾아온 해방감…병원복 벗...,"서울대학교 심리학 연구진이 정리한 '한국어 감정단어'를 토대로, 인터뷰이가 자신의 경험을 가장 잘 나타낸다고 직접 선택한 감정단어를 따라 이들이 암을 마주하고 치료를 견디며 겪은 내면의 변화를 살펴본다. 이와 함께...",2026-09-23 21:06,https://www.ntoday.co.kr/news/articleView.html?idxno=129341,https://www.ntoday.co.kr/news/articleView.html?idxno=129341
서울대학교,MBCEG,"인류 '보편적 이동권' 위해 자율주행 차량으로 지구 15바퀴, 'SUM' 분석",경기도 시흥시에 위치한 서울대학교 시흥캠퍼스 미래모빌리티동. 취재진이 방문한 날 자율주행 전문업체 'SUM' 회사의 직원들이 직접 대형 버스부터 승합차량까지 다양한 차량을 자율주행 차량으로 개조하는 작업에...,2026-09-23 20:32,https://www.mbceg.co.kr/post/140433,https://www.mbceg.co.kr/post/140433
서울대학교,스포티비뉴스,'깜짝 은메달' 박지희 연필 대신 칼 잡은 사연 “얘 공부 못하니까 운동...,"박지희는 “아빠가 서울대, 고려대 같은 곳에 가야 한다고 하실 때 감독님이 제 1학기 성적표를 아빠에게 보여드렸다”며 “‘얘 공부 못하니까 운동해야 한다’고 하셨다. 그때부터 바로 펜싱장으로 향했다”고 웃었다....",2026-09-23 20:29,https://www.spotvnews.co.kr/news/articleView.html?idxno=1009266,https://m.sports.naver.com/general/article/477/0000629650
고려대학교,스포티비뉴스,'깜짝 은메달' 박지희 연필 대신 칼 잡은 사연 “얘 공부 못하니까 운동...,"박지희는 “아빠가 서울대, 고려대 같은 곳에 가야 한다고 하실 때 감독님이 제 1학기 성적표를 아빠에게 보여드렸다”며 “‘얘 공부 못하니까 운동해야 한다’고 하셨다. 그때부터 바로 펜싱장으로 향했다”고 웃었다....",2026-09-23 20:29,https://www.spotvnews.co.kr/news/articleView.html?idxno=1009266,https://m.sports.naver.com/general/article/477/0000629650
서울대학교,FTODAY,"안 보이는 걸 보고 안 들리는 걸 듣는 법, 답은 현미경과 제미나이","이 작가는 23일 오후 서울 종로구 당 갤러리에서 열린 언론공개회에서 ""2021년 사비나미술관에서... 당시 그는 '생기를 그 코에 불어넣다The Breath of Life'전에서 서울대학교 생명과학 연구소와 협력해 자신의 DNA 염기 서열...",2026-09-23 20:22,http://www.ftoday.co.kr/news/articleView.html?idxno=366075,http://www.ftoday.co.kr/news/articleView.html?idxno=366075
서울대학교,E-PLATFORM,에너지기술연구원 정학근 원장 취임… 탄소중립 기술 도약 이끈다,"정학근 원장은 전남대학교에서 1996년 전기공학 학사, GIST에서 1998년 메카트로닉스공학 석사, 서울대학교에서 2013년 기계항공공학 박사 학위를 취득했다. 지난 1998년 에너지연에 입사한 이후 에너지효율연구본부장을...",2026-09-23 20:22,http://www.e-platform.net/news/articleView.html?idxno=105681,http://www.e-platform.net/news/articleView.html?idxno=105681
서울대학교,톱스타뉴스,"신슬기, 붉은 레인부츠와 농장 일상…자연 속 근황","여담으로는 예원학교와 서울예술고등학교에서 음악을 전공하고, 서울대학교 음악대학 기악과 피아노 전공으로 학사를 취득한 이력이 알려져 있다. 서울대학교 후기 학위수여식에 참석해 졸업한 뒤에는 영화 '거미집...",2026-09-23 20:22,https://www.topstarnews.net/news/articleView.html?idxno=16209830,https://www.topstarnews.net/news/articleView.html?idxno=16209830
고려대학교,머니투데이,비싼 AI 모델이면 다 좋을까…대학생 창업팀이 찾은 '가성비' 해법,앱토는 고려대 컴퓨터학과에 재학 중인 강동혁 대표를 비롯한 대학생 3명이 'AI·SW(소프트웨어) 마에스트로' 17기 과정에서 창업했다. 세 사람은 AI 서비스를 개발하며 모델을 고를 근거가 성능 점수뿐이라는 한계에...,2026-09-23 20:15,https://www.mt.co.kr/future/2026/09/23/2026092316470562301,https://n.news.naver.com/mnews/article/008/0005418037?sid=101
서울대학교,글로벌경제신문,"경기도서관, 청년 '관계 형성' 프로젝트... 성격별 맞춤 콘텐츠 '명랑한...",'명랑한 은둔자' 프로그램은 29일 김은영 서울대학교 의과대학 정신과 전문의와 고립·은둔 청년이 참여하는 온라인 강연으로 시작한다. 이후 10월 매주 화요일에는 감정과 경험을 표현하는 글쓰기 온라인 교육이...,2026-09-23 20:06,https://www.getnews.co.kr/news/articleView.html?idxno=881754,https://www.getnews.co.kr/news/articleView.html?idxno=881754
고려대학교,SAFETYNEWS,과일 식중독균 99.999% 줄이는 천연 세척법 개발,"김예진 고려대 이민석 교수 연구실 석사과정생은 ""소비자들이 화학물질에 대한 거부감을 가질 수 있다는 점을 고려해 식품에 사용해도 문제가 없는 것으로 인증된 물질을 바탕으로 세척 조성물을 개발했다""며...",2026-09-23 19:58,https://www.safetynews.co.kr/news/articleView.html?idxno=250735,https://www.safetynews.co.kr/news/articleView.html?idxno=250735
서울대학교,OSEN,"'건물주 딸' 신슬기, 아기 돼지보다 더 깜찍한 미소는 무엇","한편 신슬기는 넷플릭스 연애 예능 '솔로지옥2'에 출연하며 얼굴을 알렸으며, 서울대 피아노 전공에다 부친은 한 성형외과 원장으로, 건물 매매가가 1,000억이 넘는 것으로 알려졌다. 또한 신슬기는 이후 배우 데뷔를...",2026-09-23 19:55,http://www.osen.co.kr/article/G1112880853,https://m.entertain.naver.com/article/109/0005611730
서울대학교,이데일리,[미리보는 이데일리 신문]부동산 정책 낙제점…66% “집값 안 잡힐 것”,"△1면 -부동산 정책 낙제점…66% “집값 안 잡힐 것” -‘서울대 10개’ 성공 열쇠 “기업인을 강단에... 증가 -서울숲 인근에 49층 주상복합 건립 △증권 -외풍 견뎌낸 삼성닉스, 조정때 나눠 담아라 -“기관자금 운용...",2026-09-23 19:53,https://www.edaily.co.kr/News/Read?newsId=04772406645583072&mediaCodeNo=257&utm_source=naver&utm_medium=referral&utm_campaign=news_syndication&utm_content=original_article,https://n.news.naver.com/mnews/article/018/0006375156?sid=102
고려대학교,K-HEALTH,"우리아이들병원, 추석 맞아 지역사회 온기 선물…꽃송이버섯 120박스 기...",고려대학교의료원 교류협력 우리아이들의료재단 우리아이들병원은 추석을 맞아 지역사회와 따뜻한 마음을 나누기 위해 구로구 관내 기관에 꽃송이버섯 120박스를 기부했다고 밝혔다. 우리아이들의료재단 정성관...,2026-09-23 19:50,https://www.k-health.com/news/articleView.html?idxno=101354,https://www.k-health.com/news/articleView.html?idxno=101354
연세대학교,아주경제,"""불법정보 관리 책임을 플랫폼에""…국회서 한국형 온라인안전법 논의 진...","상윤모 연세대 언론홍보영상학부 교수는 디지털 성범죄물, 혐오 표현, 마약 관련 불법 정보가 폭증하고 있는 가운데 현행 정보통신망법상으로 대응하기 어려워지고 있다고 설명했다. 상 교수는 ""지난 2013년에서 2022년 사이...",2026-09-23 19:36,https://www.ajunews.com/view/20260923155301113,https://www.ajunews.com/view/20260923155301113
서울대학교,조선일보,"깜짝 銀 박지희 “공부 잘하는 줄 알고 운동 말렸던 아빠, 성적표 보시...","“아빠가 서울대, 고대 이런 데 가야 한다고 할 때 감독님이 1학기 성적표를 아빠에게 보여드렸다. 그때부터 바로 펜싱장으로 향하게 됐다”며 웃었다. 세계 랭킹 23위 박지희는 이날 아이치 나고야 아시안게임 여자...",2026-09-23 19:34,https://www.chosun.com/sports/sports_special/2026/09/23/VRSUSFNBERD3PIGMI7JKNILIII/?utm_source=naver&utm_medium=referral&utm_campaign=naver-news,https://n.news.naver.com/mnews/article/023/0004000134?sid=104
연세대학교,GOODNEWS1,"교회도 AI 시대…어디까지, 어떻게 활용할 것인가","정대경 연세대 교수는 AI가 목회자의 관계적·종교적 역할까지 대신하는 방향으로 활용될 경우 신앙의 의미가 훼손될 수 있다고 우려했다. 정 교수는 ""인공지능에게 관계적인, 종교적인 역할과 기능들을...",2026-09-23 19:30,https://www.goodnews1.com/news/articleView.html?idxno=464562,https://www.goodnews1.com/news/articleView.html?idxno=464562
연세대학교,INCHEONILBO,하종목 신임 경기도 행정1부지사 28일 취임,23일 인천일보 취재를 종합하면 1971년생인 하 신임 부지사는 경남 거창 출신으로 부산 동천고와 연세대학교 행정학과를 졸업했다. 제42회 행정고시에 합격해 1999년 공직에 입문했으며 경남도 기획조정실장과 창원시...,2026-09-23 19:28,https://www.incheonilbo.com/news/articleView.html?idxno=1332824,https://www.incheonilbo.com/news/articleView.html?idxno=1332824
연세대학교,국제뉴스,"한국문화예술위원회·일본 문화청, '아시안 아트 라운드테이블' 서울 개...","한병철, 나카지마 다카히로(도쿄대 동양문화연구소 교수), 김현미(연세대학교 문화인류학과 교수)가 기조강연을 맡는다. 이어 AAR 참여 큐레이터들이 공동체, 영성, 이주에 관한 연구 결과를 발표하고, 각 지역의...",2026-09-23 19:18,https://www.gukjenews.com/news/articleView.html?idxno=3705018,https://www.gukjenews.com/news/articleView.html?idxno=3705018
서울대학교,SAFETIMES,"한국씨티은행, 차기 행장에 '김경호' 기업금융그룹 부행장 단독 추천",1968년생인 김 부행장은 서울대 국제경제학과를 졸업하고 미국 매사추세츠공대(MIT) 슬론경영대학원에서 MBA를 취득했다. 2001년 한국씨티은행에 입행한 뒤 대기업금융부장과 금융기관본부장 등을 지냈다. 2021년...,2026-09-23 19:16,https://www.safetimes.co.kr/news/articleView.html?idxno=245998,https://www.safetimes.co.kr/news/articleView.html?idxno=245998
연세대학교,중부일보,"'지방재정통' 하종목, 경기도 행정1부지사로…28일 취임","1971년생인 하 신임 부지사는 연세대학교 행정학과를 졸업하고 제42회 행정고시에 합격해 공직에 입문했다. 행정안전부에서 지방재정국장과 차세대지방재정세입정보화추진단장, 예방정책국장 등 주요 보직을 거쳤으며...",2026-09-23 19:00,https://www.joongboo.com/news/articleView.html?idxno=363737697,https://www.joongboo.com/news/articleView.html?idxno=363737697
고려대학교,SBS Biz,[집중진단] 반도체는 속도전인데 ‘주52시간’에 발목 잡혔다…‘민노...,"■ 경제현장 오늘 '집중진단' - 윤동열 건국대 경영학과 교수, 안종기 고려대 노동문제연구소 연구교수 주요... 윤동열 건국대 경영학과 교수, 안종기 고려대 노동문제연구소 연구교수 모셨습니다. Q. 정부가 호남 반도체...",2026-09-23 18:48,https://biz.sbs.co.kr/article_hub/20000335938?division=NAVER,https://n.news.naver.com/mnews/article/374/0000534666?sid=101
서울대학교,헤럴드경제,“직장은 구했냐” 친척들의 오지랖…‘부산까지 만원’ 반값 대학 버스...,"서울대에서 대구까지 향하는 우등버스 요금은 9800원, 부산행 일반버스는 1만200원 수준 등으로 책정됐다. 서울 경부 고속버스터미널 출발 기준 이용 가격보다 최대 절반가량 싸다. 연휴마다 반복되는 KTX ‘귀성 표 구하기...",2026-09-23 18:46,https://biz.heraldcorp.com/article/10883794?ref=naver,https://n.news.naver.com/mnews/article/016/0002701520?sid=102
서울대학교,INCHEONILBO,인천시 행정부시장에 김성중 부지사 임명…3개월여 공백 해소,김 부시장은 연세대 행정학과를 졸업하고 서울대에서 행정학 석사 학위를 받았다. 1995년 제39회 행정고시에... 서울대를 졸업한 지 과장은 대통령비서실 국정상황실 근무를 거쳐 행안부 자연재난대응과장 등을 맡았다. 시...,2026-09-23 18:46,https://www.incheonilbo.com/news/articleView.html?idxno=1332822,https://www.incheonilbo.com/news/articleView.html?idxno=1332822
연세대학교,INCHEONILBO,인천시 행정부시장에 김성중 부지사 임명…3개월여 공백 해소,"김 부시장은 연세대 행정학과를 졸업하고 서울대에서 행정학 석사 학위를 받았다. 1995년 제39회 행정고시에 합격한 그는 공직에 입문해 행정자치부 기획재정담당관, 대통령비서실 인사비서관실 선임행정관, 행정안전부...",2026-09-23 18:46,https://www.incheonilbo.com/news/articleView.html?idxno=1332822,https://www.incheonilbo.com/news/articleView.html?idxno=1332822
연세대학교,엑스포츠뉴스,"'대림그룹 4세' 이주영, 연세대 교환학생 됐다…지성까지 완벽 [★해시...","여기에 길게 늘어뜨린 머리와 생기 있는 메이크업으로 상큼한 대학생 분위기를 더했다. 이주영은 현재 조지타운대학교 로스쿨에서 법학을 전공하고 있으며, 교환학생으로 연세대학교 로스쿨에서 수학 중인 것으로 보인다....",2026-09-23 18:37,https://www.xportsnews.com/article/2199512,https://m.entertain.naver.com/article/311/0002060808
서울대학교,POLINEWS,"입는 로봇, 렌털 타고 일상으로…코웨이가 바꾸는 웨어러블 시장","박주연 서울대학교 의류학과 교수는 ""웨어러블 로봇을 실제로 활용하기 위해서는 '웨어러빌리티'라는... 서울대 기계공학과 조규진 교수도 박 교수의 연구를 두고 ""공학자들이 개념 설계한 웨어러블 로봇을 의류학 지식을...",2026-09-23 18:32,https://www.polinews.co.kr/news/articleView.html?idxno=744002,https://www.polinews.co.kr/news/articleView.html?idxno=744002
연세대학교,GAMEVU,"[e스포츠 종합] 컴투스, SWC2026 유럽 컵 개최 소식 외","'사이버 정기전'은 연세대학교와 고려대학교 학생들이 e스포츠를 통해 교류하는 대학 친선 대회다. 올해는 연세대학교 e스포츠 동아리 '연겜'과 고려대학교 게임 동아리 '디럭스(DELUXE)'가 주최하고, GGA가...",2026-09-23 18:24,https://www.gamevu.co.kr/news/articleView.html?idxno=61037,https://www.gamevu.co.kr/news/articleView.html?idxno=61037
고려대학교,GAMEVU,"[e스포츠 종합] 컴투스, SWC2026 유럽 컵 개최 소식 외","'사이버 정기전'은 연세대학교와 고려대학교 학생들이 e스포츠를 통해 교류하는 대학 친선 대회다. 올해는 연세대학교 e스포츠 동아리 '연겜'과 고려대학교 게임 동아리 '디럭스(DELUXE)'가 주최하고, GGA가...",2026-09-23 18:24,https://www.gamevu.co.kr/news/articleView.html?idxno=61037,https://www.gamevu.co.kr/news/articleView.html?idxno=61037
서울대학교,IFM,인천시 행정부시장 4개월 공백 해소...김성중 28일 취임,김 부지사는 1967년 제주 출생으로 연세대 행정학과를 졸업하고 서울대 행정대학원에서 행정학 석사 학위를 받았다. 영국 엑서터대학교에서도 공공행정학 석사 과정을 마쳤다. 공직에서는 행정자치부 장관 비서실장을...,2026-09-23 18:22,https://news.ifm.kr/news/articleView.html?idxno=480161,https://news.ifm.kr/news/articleView.html?idxno=480161
연세대학교,IFM,인천시 행정부시장 4개월 공백 해소...김성중 28일 취임,김 부지사는 1967년 제주 출생으로 연세대 행정학과를 졸업하고 서울대 행정대학원에서 행정학 석사 학위를 받았다. 영국 엑서터대학교에서도 공공행정학 석사 과정을 마쳤다. 공직에서는 행정자치부 장관 비서실장을...,2026-09-23 18:22,https://news.ifm.kr/news/articleView.html?idxno=480161,https://news.ifm.kr/news/articleView.html?idxno=480161
연세대학교,JOSEILBO,에스컬레이터 ‘두줄 서기’ 캠페인 접는다…“걷거나 뛰지 마세요”,행정안전부는 지난달 29일 연세대 백양누리에서 국민 200여 명과 전문가가 참여한 가운데 열린 '에스컬레이터 안전 이용 문화 개선' 모두의 토론회 결과를 토대로 이 같은 후속 조치를 추진한다고 23일 밝혔다. 이에 따라...,2026-09-23 18:21,http://www.joseilbo.com/news/news_read.php?uid=576316&class=33&grp=,https://n.news.naver.com/mnews/article/123/0002390808?sid=102
연세대학교,경기일보,"경기도 행정1부지사, 하종목 행안부 예방정책국장 28일자 임명","도에 따르면 1971년생인 하종목 신임 행정1부지사는 경남도 거창 출신으로 부산 동천고와 연세대 행정학과를 졸업했다. 행시 42회 출신으로 경남도 기획조정실장, 창원시 제1부시장, 행안부 지방재정국장 등을 역임했다....",2026-09-23 18:20,https://www.kyeonggi.com/article/20260923580356,https://n.news.naver.com/mnews/article/666/0000124769?sid=102
연세대학교,IBABYNEWS,"[건강뉴스] 음식은 적당히, 산책은 틈틈이… 추석연휴 건강수칙은? 外","연세대학교 치과대학 최성환 교정과학교실 교수, 차재국 치주과학교실 교수, 만갈 웃커시 구강생물학교실 교수와 연세대 화공생명공학과 홍진기 교수, 미국 매사추세츠공과대학교(MIT) 기계공학과 조반니 트라베르소...",2026-09-23 18:20,https://www.ibabynews.com/news/articleView.html?idxno=154759,https://www.ibabynews.com/news/articleView.html?idxno=154759
고려대학교,DATANET,"앱토, AI 비용 지출 폭주 방지 서비스 출시",앱토는 고려대 컴퓨터학과에 재학 중인 강동혁 대표 등 대학생 3명이 창업한 팀이다. 과학기술정보통신부와 정보통신기획평가원이 주관하는 AI·SW 마에스트로 17기 과정에서 AI 서비스를 개발하다 모델을 고를 근거가...,2026-09-23 18:16,https://www.datanet.co.kr/news/articleView.html?idxno=214704,https://www.datanet.co.kr/news/articleView.html?idxno=214704
연세대학교,국민일보,대학 문 활짝 열고 시민과 문화로 만난다…제1회 연세아트위크,원주 시민과 대학 구성원이 함께 즐기는 개방형 문화예술축제 ‘연세아트위크(Yonsei Arts Week)’가 오는 28일부터 다음 달5일까지 연세대학교 미래캠퍼스에서 열린다. 올해 처음 열리는 연세아트위크는 대학이 보유한 문화...,2026-09-23 18:07,https://www.kmib.co.kr/article/view.asp?arcid=9000016989&cp=nv,https://n.news.naver.com/mnews/article/005/0001874846?sid=102
서울대학교,서울경제TV,"세종시, ‘AI행정 전문가’ 배일권 부시장 28일 취임","1972년생으로 서울대 사회학과를 졸업하고 서울대와 미국 시라큐스대 대학원에서 행정학 석사학위를 받았다. 제42회 행정고시에 합격해 1999년 공직에 입문했으며, 행안부 글로벌전자정부과장과 혁신기획과장...",2026-09-23 18:06,https://www.sentv.co.kr/article/view/sentv202609230164,https://www.sentv.co.kr/article/view/sentv202609230164
고려대학교,더퍼블릭,"이정현 검찰총장 대행 첫 출근길 ""공소취소, 진상조사 결과 봐야""...서정...",이 차장은 1968년 전남 나주에서 태어나 나주 영산포상업고와 고려대 법학과를 졸업했다. 1995년 사법시험에 합격해 사법연수원 27기를 수료했다. 2018년 광주지검 부장검사 시절 전두환 전 대통령을 5·18 민주화운동 관련...,2026-09-23 18:04,https://www.thepublic.kr/news/articleView.html?idxno=319924,https://www.thepublic.kr/news/articleView.html?idxno=319924
서울대학교,국제신문,"[사설] 부산대·부산교대 통합, 구체적 로드맵부터 마련하라",‘서울대 10개 만들기’ ‘지방 국립대 등록금 면제’ 등 중앙정부의 정책적 지원이 이어지고 있다. 이 기회를 확실하게 잡아 부산대가 거점 대학으로 발돋움하려면 부산교대와의 통합이 매끄럽게 완성되어야 한다. 두...,2026-09-23 18:02,http://www.kookje.co.kr/news2011/asp/newsbody.asp?code=1700&key=20260924.22019008278,https://n.news.naver.com/mnews/article/658/0000156532?sid=110
연세대학교,NEWSCLAIM,[롯데 인사 전망]② 사장 아래 139명 승진 그 후… 임재철은 이사회 의장...,1972년생인 추 대표는 연세대 체육교육학과를 졸업하고 GS리테일에서 상품과 유통 업무를 경험했다. 이후... 1974년생으로 연세대에서 화학공학 석사 학위를 받은 이 상무는 PC마케팅부문장을 맡고 있다. 첨단소재는 올해...,2026-09-23 18:02,https://www.newsclaim.co.kr/news/articleView.html?idxno=3076434,https://www.newsclaim.co.kr/news/articleView.html?idxno=3076434
고려대학교,NEWSCLAIM,[롯데 인사 전망]② 사장 아래 139명 승진 그 후… 임재철은 이사회 의장...,인하대 컴퓨터공학과를 졸업하고 고려대에서 인공지능 석사를 받은 오 상무보는 GIST 박사과정을 밟아왔다.... 고려대 국어국문학과를 나온 1979년생 신길선 상무보는 타임빌라스 수원점을 이끌고 있다. 같은 해 태어나...,2026-09-23 18:02,https://www.newsclaim.co.kr/news/articleView.html?idxno=3076434,https://www.newsclaim.co.kr/news/articleView.html?idxno=3076434
서울대학교,신동아,"역사가 된 호텔, 네덜란드 헤이그 이준열사기념관을 가다",서울에서 출발해 부산항에서 배를 타고 러시아 블라디보스토크에 도착해 그곳에서 이상설을 만나 함께... 서울대 총동창회가 서울대 법과대의 모태인 한성법관양성소 제1회 졸업생으로 대한제국의 독립과 세계평화를...,2026-09-23 18:01,https://shindonga.donga.com/3/all/13/6392014/1,https://n.news.naver.com/mnews/article/262/0000019714?sid=102
고려대학교,지디넷코리아,"김수영 고려대 교수, NRF 나노·소재단장에","석, 박사 학위 및 박사후과정을 모두 동 대학원에서 획득하고 수행했다. 또 미국 조지아공과대학교에서 화학 전공으로 박사후과정을 수행했다. 중앙대 화학공학과 교수를 거쳐 2019년부터 고려대 교수로 재직해왔다.",2026-09-23 17:59,https://zdnet.co.kr/view/?no=20260923172340,https://n.news.naver.com/mnews/article/092/0002438677?sid=105
서울대학교,뉴스1,한일월드컵 전 '화장실 문화 개선 운동'…신중식 전 의원 별세,1940년 전남 고흥에서 태어난 고인은 경기고와 서울대 정치외교학과를 졸업했다. 중앙일보·한국일보... 빈소는 서울성모병원 장례식장 22호실(24일 오전 9시부터 21호실로 이동)에 마련했다. 발인은 25일 오전 6시...,2026-09-23 17:55,https://www.news1.kr/politics/general-politics/6300871,https://n.news.naver.com/mnews/article/421/0009189463?sid=102
서울대학교,IDAEGU,"[대구논단] 서울대 10개 만들기의 함정, 진짜 해법은 '교수 교류'","택해서라도 서울행을 택한다. 이런 흐름 속에서 ""서울대를 10개 만들자""는 파격적 제안이 등장했다. 지역거점... 서울 주요 대학 교수진의 상당수가 특정 대학 출신으로 채워지는 '순혈주의' 구조 속에서, 우수한 연구자는...",2026-09-23 17:54,https://www.idaegu.co.kr/news/articleView.html?idxno=560579,https://www.idaegu.co.kr/news/articleView.html?idxno=560579
서울대학교,조선일보,다산의 단간잔묵(斷簡殘墨)〈10〉다산의 선문답식 승려 시교육,"제가 마침 내일 서울 올라갈 일이 있어, 책을 가져갈 테니 제가 묵는 선원으로 오셔서 촬영하세요."" 다음 날... 뿐만 아니라 서울대 규장각에 소장된 신헌(申櫶·1810~1884)의 《금당기주(琴堂記珠)》에도 다산의 불교 관련...",2026-09-23 17:52,https://monthly.chosun.com/news/articleView.html?idxno=71513,https://monthly.chosun.com/news/articleView.html?idxno=71513
고려대학교,국민일보,“중립성 훼손” vs “통제 필요”… 행안부 중수국 검토설 ‘갑론을박...,김상현 고려대 법학전문대학원 교수는 “검찰의 수사기능을 대신할 중수청의 성공 여부는 어느 정도의 중립성·독립성을 확보하느냐에 달려 있다”며 “정치적 외압에서 자유로울 수 없는 행안부가 중수국을 통해 수사를...,2026-09-23 17:51,https://www.kmib.co.kr/article/view.asp?arcid=9000016974&cp=nv,https://n.news.naver.com/mnews/article/005/0001874832?sid=102
고려대학교,톱스타뉴스,"영탁 콘서트 'TAK SHOW5', 서울→부산 일정 보니…대구 공연 예매 언제 ...",서울 공연은 고려대학교 화정체육관에서 열린다. 이어 10월 24일-25일 전주 한국소리문화의전당 야외공연장에서 팬들을 만난다. 11월 28일-29일에는 대구 엑스코에서 공연이 예정돼 있다. 대구 공연 예매는 오는 28일...,2026-09-23 17:50,https://www.topstarnews.net/news/articleView.html?idxno=16209451,https://www.topstarnews.net/news/articleView.html?idxno=16209451
서울대학교,THEREPORT,"대법관 제청 갈등, 결국 헌법재판소로","노태악 전 대법관 후임으로 대법관후보추천위원회는 올해 1월 김민기·박순영 서울고법 고법판사, 윤성식... 서울대 법대 76학번 동문 27명은 성명을 통해 대통령의 임명권은 대법원장이 적법하게 제청한 후보를 대상으로...",2026-09-23 17:50,https://www.thereport.co.kr/news/articleView.html?idxno=91735,https://www.thereport.co.kr/news/articleView.html?idxno=91735
서울대학교,CNB저널,"관악구, '2026 관악S밸리 성장 지원 강연회'가 100여 명의 참여 속에 성...","문화경제 | CNB저널 | 씨앤비저널 서울 관악구(구청장 박준희)가 관내 스타트업과 예비창업자의 실무 역량... 세계적인 창업중심지를 만들고자 하는 정책이다. 'S'는 START‑UP, STAR, 서울대 등 다중적인 의미를 함축하고 있다.",2026-09-23 17:48,https://www.cnbizm.com/news/articleView.html?idxno=316191,https://www.cnbizm.com/news/articleView.html?idxno=316191
서울대학교,JIBS,"'악덕 고용주' 의혹에 국힘 김민수 ""추석 끝나고 법적 조치""","뉴스타파는 해당 기사에서 ""김 최고위원이 창업한 건물 관리·청소 용역업체 태원비엠씨가 서울대학교 어린이병원 청소 노동자들을 탄압해 지난 2014년 국회 국정감사 대상이 됐던 사실이 취재 결과 확인됐다""고...",2026-09-23 17:44,https://www.jibs.co.kr/news/articles/articlesDetail/65810?feed=na,https://n.news.naver.com/mnews/article/661/0000083771?sid=100
연세대학교,후생신보,"노원을지대병원, ‘심혈관 석학’ 장양수 교수 영입","차미래의학연구원 초대원장과 차의과학대학교 의학전문대학원 원장을 역임했으며, 포항공과대학교 생명공학연구센터와 연세대학교 전기전자공학과 겸직교수로 활동하며 의학·생명과학·공학을 접목한 융합연구에도...",2026-09-23 17:44,http://www.whosaeng.com/173969,http://www.whosaeng.com/173969
연세대학교,INTN,"AI 시대 청년 경험 ""스펙 넘어 미래역량으로""…현대해상, 프로젝트 트레...","염재호 태재대학교 총장, 장용석 연세대학교 교수, 엄윤미 아산나눔재단 이사장, 김성준 국민대학교 교수, 서현선 루트임팩트 이사, 정진우 ACG컨설팅 대표가 참여하고 있다. 정경선 현대해상 CSO(최고지속가능책임자)는...",2026-09-23 17:42,http://www.intn.co.kr/news/articleView.html?idxno=2053643,http://www.intn.co.kr/news/articleView.html?idxno=2053643
서울대학교,MBN,한국씨티은행장에 '기업금융통' 김경호 부행장…6년 만에 교체,"김 부행장은 1968년생으로 서울대 국제경제학과, 미국 매사추세츠공대 경영전문대학원(MBA)을 졸업했습니다. 이후 2001년 한국씨티은행에 입행해 금융기업영업본부장 등을 거쳐 2021년부터 기업금융그룹을 이끌어왔고...",2026-09-23 17:42,http://mbnmoney.mbn.co.kr/news/view?news_no=MM1005926619,http://mbnmoney.mbn.co.kr/news/view?news_no=MM1005926619
서울대학교,SLOWNEWS,"'모두의 지하철', 안내표지 붙이는 평범한 일이 누군가의 꿈인 이유",휠체어를 타는 지민이와 가끔 가던 서울고속터미널역 3호선과 7호선 환승 구간에서 리프트가 고장 났다.... 실제로 서울대 보건대학원 김승섭 교수 연구에 따르면 휠체어 이용 보행 장애인은 접근이 안 되는 곳이 많기...,2026-09-23 17:38,https://slownews.kr/163408,https://slownews.kr/163408
고려대학교,SBS Biz,靑-사법부 대법관 제청 정면충돌 갈등...헌법재판소가 판단할까?,"차진아 고려대 로스쿨 교수는 ""대법원장의 제청권이 대통령의 임명권을 구속한다고 볼 수는 없다""며 ""대통령이 대법원장 제청을 거부할 수는 있다""고 설명했습니다. 헌법연구관 출신 김진한 변호사도 ""헌법재판관 임명과...",2026-09-23 17:37,https://biz.sbs.co.kr/article_hub/20000336588?division=NAVER,https://n.news.naver.com/mnews/article/374/0000534652?sid=103
연세대학교,머니투데이,"서울교통공사·4개 대학·에스엘더블유랩, 공공데이터 활용 교육·연구...","서울교통공사와 경기대학교, 동국대학교, 세종대학교, 연세대학교, 에스엘더블유랩이 지하철 공공데이터를... 서울교통공사의 현장 과제에 대학의 교육·연구 역량을 접목해 지하철 이용 과정의 개선 과제를 발굴하고 해결...",2026-09-23 17:36,https://www.mt.co.kr/industry/2026/09/23/2026092312130986703,https://n.news.naver.com/mnews/article/008/0005418008?sid=101
서울대학교,NEWSJEJU,"제주축산농협, 2026년 여성 및 청년 축산인 양성교육 입학식 개최","발현(서울대학교 김현진 연구교수) 등을 주제로 강의가 진행된다. 천창수 조합장은 ""여성 및 청년 축산인 육성을 목표로 약 5주간의 일정으로 축산 기술 전문강의와 한우떡갈비 만들기 행사 등 다채로운 교육 프로그램을...",2026-09-23 17:34,https://www.newsjeju.net/news/articleView.html?idxno=426278,https://www.newsjeju.net/news/articleView.html?idxno=426278
서울대학교,CNB뉴스,"부산대, YK스틸 부지 활용 '푸드테크 클러스터 구축 정책토론회' 개최","부산대학교가 서부산 YK스틸 이전 예정 부지를 활용한 '부산 스마트 푸드포트' 조성과 K-Food 수출 혁신 전략을... 이어 ""'서울대 10개 만들기'가 지향하는 지역과 대학의 동반성장은 이러한 구체적인 현장에서 실현돼야 한다...",2026-09-23 17:32,https://www.cnbnews.com/news/articleView.html?idxno=1017148,https://www.cnbnews.com/news/articleView.html?idxno=1017148
고려대학교,뉴스1,"""재제청 근거부터"" 조희대, 靑에 공 넘겼지만…""갈등 근본 해결 요원""","차진아 고려대 법학전문대학원 교수도 ""대통령과 대법원장 중 어느 한쪽이 입장을 철회하지 않는 한 현 교착 상태는 지속될 수밖에 없는 상황""이라며 ""대법관 공석 장기화는 불가피하다""고 진단했다. 제청권과 임명권을...",2026-09-23 17:30,https://www.news1.kr/society/court-prosecution/6300647,https://n.news.naver.com/mnews/article/421/0009189410?sid=102
연세대학교,텐아시아,"""사과해"" 요구받은 김호영, 입 열까…90분 동안 관객 앞에서 이야기 나...","김호영은 지난 22일 자신의 인스타그램에 ""우리 11월 29일에 연세대학교 대극장에서 만나요!""라는 문구와 함께 여러 장의 사진을 게재했다. 공개된 사진들 속에는 김호영이 오는 11월 29일 열릴 예정인 자신의 첫 번째...",2026-09-23 17:30,https://www.tenasia.co.kr/article/2026092335184,https://m.entertain.naver.com/article/312/0000777344
고려대학교,LEC,제8회 법학경시대회 대상에 정헌욱·김영진…제9회부터 '상시 응시' 전환,"인하대학교 법학전문대학원 재학생과 김영진 KAIST 산업및시스템공학과 재학생이 대상을 받았다. 대상... 우수상은 김OO(고려대 사학과 재학), 이지원(성신여대 법학과 재학), 정다연(한국외대 융합인재학부 재학), 신진우...",2026-09-23 17:26,http://www.lec.co.kr/news/articleView.html?idxno=752771,http://www.lec.co.kr/news/articleView.html?idxno=752771
서울대학교,LEC,제8회 법학경시대회 대상에 정헌욱·김영진…제9회부터 '상시 응시' 전환,"인하대학교 법학전문대학원 재학생과 김영진 KAIST 산업및시스템공학과 재학생이 대상을 받았다. 대상... 이서현(서울대 영어교육과 재학) 등 5명이 받았다. 이 가운데 김OO 학생은 헌법 부문 은상, 이서현 학생은 형법...",2026-09-23 17:26,http://www.lec.co.kr/news/articleView.html?idxno=752771,http://www.lec.co.kr/news/articleView.html?idxno=752771
서울대학교,매일경제,한국씨티은행 수장 교체…김경호 차기 행장 내정,"1968년생인 김 부행장은 서울대 국제경제학과, 미국 매사추세츠공대 경영전문대학원(MBA)을 졸업했다. 이후 2001년 한국씨티은행에 입행해 금융기업영업본부장 등을 거쳐 2021년부터 기업금융그룹을 이끌어왔다. 그는...",2026-09-23 17:22,https://www.mk.co.kr/article/12160563,https://n.news.naver.com/mnews/article/009/0005739669?sid=101
연세대학교,에너지경제,"[보험사 풍향계] 현대해상, AI시대 청년 미래인재 육성 나서 外","염재호 태재대 총장, 장용석 연세대 교수, 엄윤미 아산나눔재단 이사장, 정진우 ACG컨설팅 대표 등 6인은 자문위원으로서 참여한다. 현대해상은 SK와 파트너십을 맺고 구상 단계에서부터 문제의식을 공유했다고 설명했다....",2026-09-23 17:20,https://www.ekn.kr/web/view.php?key=20260923028458738,https://www.ekn.kr/web/view.php?key=20260923028458738
서울대학교,경기일보,"인천시 행정부시장 ‘넉 달 공석’ 끝…김성중 경기도 부지사, 28일 취임...","제주 출신인 김 부지사는 연세대 행정학과와 서울대 행정대학원 행정학 석사를 거쳐 영국 엑서터대에서 공공행정학 석사학위를 받았다. 김 부지사는 행정안전부에서 조직정책관과 재난대응정책관, 정부혁신기획관 등을...",2026-09-23 17:19,https://www.kyeonggi.com/article/20260923580343,https://n.news.naver.com/mnews/article/666/0000124763?sid=102
연세대학교,경기일보,"인천시 행정부시장 ‘넉 달 공석’ 끝…김성중 경기도 부지사, 28일 취임...","제주 출신인 김 부지사는 연세대 행정학과와 서울대 행정대학원 행정학 석사를 거쳐 영국 엑서터대에서 공공행정학 석사학위를 받았다. 김 부지사는 행정안전부에서 조직정책관과 재난대응정책관, 정부혁신기획관 등을...",2026-09-23 17:19,https://www.kyeonggi.com/article/20260923580343,https://n.news.naver.com/mnews/article/666/0000124763?sid=102
고려대학교,연합뉴스,대법관 제청 갈등 헌법재판소가 풀까…제청권-임명권 경계가 쟁점,"차진아 고려대 로스쿨 교수는 ""대법원장의 제청권이 대통령의 임명권을 구속한다고 볼 수는 없다""며 ""대통령이 대법원장 제청을 거부할 수는 있다""고 설명했다. 헌법연구관 출신 김진한 변호사도 ""헌법재판관 임명과 달리...",2026-09-23 17:14,https://www.yna.co.kr/view/AKR20260923166900004?input=1195m,https://n.news.naver.com/mnews/article/001/0016333477?sid=102
서울대학교,NEWSCHAM,"합의하면 형을 깎는다, 아리셀에서 11년이 줄었다","것”」 서울경제 · 09/23 함께 볼 기사 「[전문] 이 대통령, 유엔서 공급망 안정 위한 ‘건설적 기여국 연대’... 서울대 로스쿨 교수 성폭력 공동대책위원회가 연대성명을 내어 이것이 책임 있는 행정인지 물었다. 8년을...",2026-09-23 17:14,https://newscham.net/articles/117232,https://newscham.net/articles/117232
서울대학교,이데일리,韓 로봇기업 유럽 진출 돕는다…체코 실증거점 개소,"한국로봇산업진흥원은 지난 21일 체코 프라하공과대학교(CTU) 산하 체코 정보학·로봇공학·사이버네틱스... 한국전자기술연구원과 서울대학교, 화승알앤에이, 한국로봇산업진흥원, 프라하공대는 AI 기반 로봇 운영...",2026-09-23 17:13,https://www.edaily.co.kr/News/Read?newsId=04231206645583072&mediaCodeNo=257&utm_source=naver&utm_medium=referral&utm_campaign=news_syndication&utm_content=original_article,https://n.news.naver.com/mnews/article/018/0006375107?sid=105
서울대학교,이데일리,"""대학이 인재 키우고, 기업이 인재 끌어들이는 선순환 구축""",(사진=충남대) 충남대가 이재명 정부의 ‘서울대 10개 만들기 프로젝트’에 선정되면서 대한민국 신성장 거점으로 도약할 발판을 마련했다. 이번 선정에 따라 충남대는 브랜드 단과대·융합연구원 지원(5년간 연간 약...,2026-09-23 17:13,https://www.edaily.co.kr/News/Read?newsId=04224646645583072&mediaCodeNo=257&utm_source=naver&utm_medium=referral&utm_campaign=news_syndication&utm_content=original_article,https://n.news.naver.com/mnews/article/018/0006375105?sid=102
서울대학교,이데일리,외부 전문가 막는 '이중소속' 금지 없애고 정부지원기간 늘려야,대부분이 고액 연봉자인 산업계 전문가가 현직을 유지한 채 대학 교원으로 활동하려면 ‘이중 소속’이 가능해야 해서다. 특히 서울대 10개 만들기 사업 선정 대학들이 신설 예정인 브랜드단과대학·특성화융합연구원의...,2026-09-23 17:13,https://www.edaily.co.kr/News/Read?newsId=04227926645583072&mediaCodeNo=257&utm_source=naver&utm_medium=referral&utm_campaign=news_syndication&utm_content=original_article,https://n.news.naver.com/mnews/article/018/0006375106?sid=102
서울대학교,ECONOVILL,한국씨티은행 차기 행장 후보에 김경호 부행장,"김 후보는 1968년생으로 서울대 국제경제학과를 졸업한 뒤 미국 매사추세츠공대(MIT)에서 경영학 석사(MBA) 학위를 취득했다. 삼성물산과 맥킨지앤드컴퍼니에서 근무했으며, 2001년 한국씨티은행에 입행했다. 이후에는...",2026-09-23 17:10,https://www.econovill.com/news/articleView.html?idxno=751767,https://www.econovill.com/news/articleView.html?idxno=751767
고려대학교,서울경제,올해 13곳 구축한다더니…설계도 못끝낸 재해복구체계,김형중 고려대 정보보호대학원 교수는 “AI에 예산이 집중되면서 DR 투자가 소홀해질 수 있다”며 “DR을 단순한 사후 복구 수단이 아니라 행정 서비스의 연속성을 유지하기 위한 필수 기반시설로 보고 신속한 투자가...,2026-09-23 17:09,https://www.sedaily.com/article/20094641?ref=naver,https://n.news.naver.com/mnews/article/011/0004665031?sid=102
서울대학교,국제뉴스,"윤건영 충북교육감, 청주대 명사 특강 'AI 시대 실력 충북교육' 강조","윤 교육감은 청주고등학교와 서울대학교 사범대학 윤리교육과 및 동 대학원을 졸업하고, 서울대학교에서 교육학 박사학위를 받았다. 청주교육대학교 총장, 충북교원단체총연합회 회장 등을 역임했으며, 현재...",2026-09-23 17:08,https://www.gukjenews.com/news/articleView.html?idxno=3704886,https://www.gukjenews.com/news/articleView.html?idxno=3704886
연세대학교,MBN,"이 대통령이 직접 전한 트럼프와의 회담…""더욱 깊어진 신뢰"" [짤e몽땅]","이번 결정은 지난달 연세대학교에서 국민 200여 명과 전문가가 참여한 토론회 결과를 반영한 겁니다. 토론에서는 실제 이용 현장에서 한 줄 서기와 두 줄 서기가 비슷하게 나타나고, 에스컬레이터 위를 걸을 경우 설비에...",2026-09-23 17:02,http://mbn.mk.co.kr/pages/news/newsView.php?category=mbn00009&news_seq_no=5221170,https://n.news.naver.com/mnews/article/057/0001970524?sid=102
서울대학교,IROBOTNEWS,"인하대 A.I.M팀, '호반 K-과학인재 아카데미 대학생 프로젝트' 1위 수상","인하대학교 원종훈 전기전자공학부 교수가 지도하는 학생 연구팀 A.I.M팀이 '스마트 단지 실외 자율주행... 서울대, 고려대, 광주과학기술원(GIST) 등 국내 주요 대학 학생들이 참여해 미래 과학기술 분야의 연구...",2026-09-23 17:02,https://www.irobotnews.com/news/articleView.html?idxno=48672,https://www.irobotnews.com/news/articleView.html?idxno=48672
서울대학교,디지털타임스,"국산 AI 서버 매니코어소프트 dg5W, MLPerf GPU 4장급 처리량 1위","매니코어소프트는 서울대 슈퍼컴퓨터 ‘천둥’ 연구 성과를 바탕으로 워크스테이션 스케일의 GPU 서버 ‘딥가젯’ 시리즈를 대학·연구소·기업 등 180곳 이상에 공급해왔으며, 2020년에는 액체냉각 시스템...",2026-09-23 17:02,https://www.dt.co.kr/article/12085662?ref=naver,https://n.news.naver.com/mnews/article/029/0003049697?sid=105
고려대학교,IROBOTNEWS,"인하대 A.I.M팀, '호반 K-과학인재 아카데미 대학생 프로젝트' 1위 수상","인하대학교 원종훈 전기전자공학부 교수가 지도하는 학생 연구팀 A.I.M팀이 '스마트 단지 실외 자율주행... 서울대, 고려대, 광주과학기술원(GIST) 등 국내 주요 대학 학생들이 참여해 미래 과학기술 분야의 연구...",2026-09-23 17:02,https://www.irobotnews.com/news/articleView.html?idxno=48672,https://www.irobotnews.com/news/articleView.html?idxno=48672
고려대학교,신동아,"“지도자 지시는 옳다”는 與 범시론(汎是論), 민주주의의 주적","최장집 고려대 명예교수는 1987년 이후 우리 정치사에 등장한 ‘5년 단임제’를 “집정관주의”라는 용어로... 후일 권한 남용, 직권남용의 시시비비를 고려해 말을 바꾼 거라는 의심을 사고 있다. 여기서 ‘정부’가...",2026-09-23 17:01,https://shindonga.donga.com/3/all/13/6396343/1,https://n.news.naver.com/mnews/article/262/0000019713?sid=100
서울대학교,KMEDINFO,암 생존자 식생활 더 건강하지만…젊어서 암 겪으면 고령기 '역전',순천향대학교서울병원 가정의학과 백수아 교수와 분당서울대학교병원 가정의학과 배우경 교수 연구팀은 2019~2021년 국민건강영양조사에 참여한 30세 이상 성인 8706명을 분석해 이 같은 결과를 확인했다. 분석...,2026-09-23 17:00,http://www.kmedinfo.co.kr/news/articleView.html?idxno=97886,http://www.kmedinfo.co.kr/news/articleView.html?idxno=97886
연세대학교,BUSINESSPOST,"이환주 KB국민은행장 연임에 변수 많다, 금감원장 이찬진 '엄포'에 은행...","현재 국민은행 사외이사는 김성진 미래에셋자산운용 고문, 이정숙 전 삼성증권 준법감시인, 윤대희 연세대학교 경영대학 교수, 연태훈 한국금융연구원 선임연구위원, 정윤경 성균관대학교 소프트웨어융합대학 교수 등...",2026-09-23 16:58,https://www.businesspost.co.kr/BP?command=article_view&num=447979,https://www.businesspost.co.kr/BP?command=article_view&num=447979
서울대학교,KR,"피직스에이아이, 2026 서울AI로봇쇼서 시설관리 자동화 '모듈형 시설관...","또한 ""서울대학교기술지주 시드 투자 유치, TIPS와 NVIDIA 협업 프로그램 선정 등을 바탕으로 사업 고도화와 후속 성장 기반을 마련하겠다""라고 전했다. 한편, 서울특별시와 서울경제진흥원이 주최하는 '2026...",2026-09-23 16:58,https://kr.aving.net/news/articleView.html?idxno=1814718,https://kr.aving.net/news/articleView.html?idxno=1814718
고려대학교,SRTIMES,"SOOP, 연세대·고려대 e스포츠 대항전 '2026 사이버 정기전' 개최","'사이버 정기전'은 연세대학교와 고려대학교 학생들이 e스포츠를 통해 교류하는 대학 친선 대회다. 올해는 연세대학교 e스포츠 동아리 '연겜'과 고려대학교 게임 동아리 '디럭스'가 주최하고, GGA가 주관하며 SOOP이...",2026-09-23 16:58,http://www.srtimes.kr/news/articleView.html?idxno=213267,http://www.srtimes.kr/news/articleView.html?idxno=213267
연세대학교,SRTIMES,"SOOP, 연세대·고려대 e스포츠 대항전 '2026 사이버 정기전' 개최","'사이버 정기전'은 연세대학교와 고려대학교 학생들이 e스포츠를 통해 교류하는 대학 친선 대회다. 올해는 연세대학교 e스포츠 동아리 '연겜'과 고려대학교 게임 동아리 '디럭스'가 주최하고, GGA가 주관하며 SOOP이...",2026-09-23 16:58,http://www.srtimes.kr/news/articleView.html?idxno=213267,http://www.srtimes.kr/news/articleView.html?idxno=213267
서울대학교,NEWSWORKER,"세종시, 행안부 인공지능기반국장 거친 배일권 신임 행정부시장 28일 취...",배 신임 부시장은 1972년 서울 출생으로 서울대학교 사회학과를 졸업한 뒤 동 대학원 행정학 석사와 미국 시라큐스대학교 대학원 행정학 석사 학위를 차례로 취득하며 정책 전문성을 탄탄히 다졌다. 지난 1999년 제42회...,2026-09-23 16:56,https://www.newsworker.co.kr/news/articleView.html?idxno=505934,https://www.newsworker.co.kr/news/articleView.html?idxno=505934
서울대학교,MHNSE,"""육십 인생 가장 평화로운 추석""...홍혜걸, ♥ 여에스더 우울증 호전→...","약을 바꾸고 남편이 내려오면서 처음으로 나쁜 사고가 없어졌다""면서 남편과의 생활이 회복에 도움이 됐다고 밝혔다. 서울대학교 의과대학 선후배 사이인 홍혜걸과 여에스더는 1994년 결혼했으며, 슬하에 두 아들을 두고 있다.",2026-09-23 16:55,https://mhnse.com/news/articleView.html?idxno=1558578,https://m.entertain.naver.com/article/445/0000468222
연세대학교,디지털데일리,AI시대 ‘온라인안전’ 기준 방향은?…서비스 기업 책임 넓어지나,상윤모 연세대학교 언론홍보영상학부 교수는 23일 국회의원회관에서 열린 ‘한국형 온라인안전법 입법 방향과 쟁점: 시민사회의 관점’ 토론회에서 기존 행정기관 중심 통신심의 체계를 서비스 기업 책임 중심으로 전환할...,2026-09-23 16:52,https://www.ddaily.co.kr/page/view/2026092316231507623,https://n.news.naver.com/mnews/article/138/0002242582?sid=105
서울대학교,MDILBO,"[기획] “그늘을 도시 기본권으로”··· 전남광주, 제도화 급물살","서울대 연구팀은 “언론 보도가 민간단체의 조사로 이어지고, 또 조사에서 나온 데이터를 행정에 공유하는 흐름은 서울에서는 아직 찾기 어려운 모습”이라고 제안 배경을 밝혔다. 앞서 본보는 ‘폭염 재난 시대, 햇볕...",2026-09-23 16:42,http://www.mdilbo.com/detail/c3QycN/759079,http://www.mdilbo.com/detail/c3QycN/759079
서울대학교,한겨레,공포가 된 ‘졸업 앨범’…서울대 ‘작은 점’ 심어 불법 합성 막아본다,서울대 졸업 앨범 사례가 알려진 뒤 다른 대학교 총학생회 2곳도 스틸컷에 방지 기술을 문의했다고 한다. 총학생회가 스틸컷과 졸업 사진에 방지 기술을 적용하기로 한 건 2024년 이른바 ‘서울대 딥페이크’ 사건으로...,2026-09-23 16:40,https://www.hani.co.kr/arti/society/society_general/1279280.html,https://n.news.naver.com/mnews/article/028/0002824437?sid=102
연세대학교,JOONGDO,[대전노인신문] 詩 한 편 편지 한 장,영어영문학과와 연세대학교 연합신학 대학원 기독교 교육과를 졸업하고 미당 서정주 시인과 박재삼 시인의 추천으로 등단하였으며 대전대학교 석좌교수다. 한국의 여성 크리스찬 시인을 택하라고 한다면 이해인 시인과...,2026-09-23 16:40,https://www.joongdo.co.kr/web/view.php?key=20260923010007646,https://www.joongdo.co.kr/web/view.php?key=20260923010007646
고려대학교,아주경제,"선관위 특검, 디지털 포렌식 자문위원 4명 위촉","이상진 고려대 정보보호대학원 교수, 원유집 한국과학기술원 전기및전자공학부 교수, 김기범 성균관대 과학수사학과 교수, 이병영 서울대 전기정보공학부 교수다. 특검팀은 이들이 디지털 포렌식과 정보보안 분야에서...",2026-09-23 16:40,https://www.ajunews.com/view/20260923163249220,https://www.ajunews.com/view/20260923163249220
서울대학교,아주경제,"선관위 특검, 디지털 포렌식 자문위원 4명 위촉","이상진 고려대 정보보호대학원 교수, 원유집 한국과학기술원 전기및전자공학부 교수, 김기범 성균관대 과학수사학과 교수, 이병영 서울대 전기정보공학부 교수다. 특검팀은 이들이 디지털 포렌식과 정보보안 분야에서...",2026-09-23 16:40,https://www.ajunews.com/view/20260923163249220,https://www.ajunews.com/view/20260923163249220
서울대학교,디지털데일리,"매니코어소프트, 국제AI 성능 평가 등재","매니코어소프트는 서울대 슈퍼컴퓨터 '천둥'의 연구 성과에서 출발한 기업이다. GPU 서버 '딥가젯' 시리즈를 대학·연구소·기업 등 180곳 이상의 고객사에 공급해왔고, 2020년에는 액체냉각 시스템 특허를...",2026-09-23 16:37,https://www.ddaily.co.kr/page/view/2026092316100979792,https://n.news.naver.com/mnews/article/138/0002242580?sid=105
고려대학교,ITDAILY,AI가 쪼갠 플랫폼 기능…'통제력' 중심 규율론 부상,"(왼쪽부터) 이경선 정보통신정책연구원(KISDI) 박사, 선지원 한양대 법학전문대학원 교수, 조영기 한국인터넷기업협회 사무총장, 김용환 네이버 Agenda Relations 리더, 황혜선 김앤장 법률사무소 변호사, 이성엽 고려대 교수...",2026-09-23 16:36,https://www.itdaily.kr/news/articleView.html?idxno=241829,https://www.itdaily.kr/news/articleView.html?idxno=241829
서울대학교,더팩트,배일권 신임 세종시 행정부시장 28일 취임,배 신임 행정부시장은 1972년 서울 출생으로 서울대 사회학과를 졸업하고 서울대와 미국 시라큐스대학교 대학원에서 행정학 석사학위를 취득했다. 제42회 행정고시에 합격해 1999년 공직에 입문한 뒤 행정안전부...,2026-09-23 16:35,https://news.tf.co.kr/read/national/2369492.htm,https://n.news.naver.com/mnews/article/629/0000536656?sid=102
서울대학교,SISAWEEK,"두나무, 글로벌 정책·금융 리더와 디지털 금융 미래 그린다","두나무는 오는 29일 서울 광진구에 위치한 그랜드 워커힐 서울에서 '업비트 인스티튜셔널 서밋(Upbit... 이종섭 서울대학교 경영대학 교수를 좌장으로 최원석 두나무 해외사업총괄(CGBO, Chief Global Business Officer)...",2026-09-23 16:34,https://www.sisaweek.com/news/articleView.html?idxno=238068,https://www.sisaweek.com/news/articleView.html?idxno=238068
서울대학교,한국경제,신중식 前 민주당 의원 별세,"향년 85세. 전남 고흥에서 태어난 고인은 경기고, 서울대 정치외교학과를 졸업했다. 중앙일보·한국일보 기자를 거쳐 시사저널 대표, 국정홍보처장을 거쳐 2004~2008년 17대 의원을 지냈다.",2026-09-23 16:32,https://www.hankyung.com/article/2026092340411,https://n.news.naver.com/mnews/article/015/0005335731?sid=102
서울대학교,KTV,"이 대통령, 대북 대화 재개·북미대화 발판 마련 약속 [외신에 비친 한...","SCMP / 9.22 서울대, 졸업사진에 딥페이크 방지 기술 도입 다음 소식입니다. 눈에는 거의 보이지 않는 미세한 픽셀로 딥페이크 범죄를 막는 새로운 기술이 서울대 졸업앨범에 도입됐습니다. 졸업사진이 음란물 등에...",2026-09-23 16:30,https://www.ktv.go.kr/content/view?content_id=761514,https://www.ktv.go.kr/content/view?content_id=761514
연세대학교,팝콘뉴스,"게임업계, 추석 이벤트부터 글로벌 CBT까지…4분기 이용자 접점 확대","연세대학교와 고려대학교 학생들이 오버워치와 발로란트, 리그 오브 레전드(LoL) 등 3개 종목에서 맞붙는 대학 친선 e스포츠 대회다. 이번 대회에서는 학생들이 선수로 출전하는 데 그치지 않고 MC와 작가, 인터뷰어...",2026-09-23 16:30,http://www.popcornnews.net/news/articleView.html?idxno=134082,http://www.popcornnews.net/news/articleView.html?idxno=134082
고려대학교,연합뉴스,"[게시판] 고려대·반기문재단, '국제안보의 재편과 한반도 평화' 심포지...",▲ 고려대학교 통일융합연구원과 보다나은미래를위한 반기문재단은 오는 29일 오후 고려대 백주년기념관에서 '질서 이후의 질서: 국제안보의 재편과 한반도 평화' 공동 심포지엄을 연다고 23일 밝혔다. 제1세션 '지정학적...,2026-09-23 16:30,https://www.yna.co.kr/view/AKR20260923160500004?input=1195m,https://n.news.naver.com/mnews/article/001/0016333374?sid=102
고려대학교,팝콘뉴스,"게임업계, 추석 이벤트부터 글로벌 CBT까지…4분기 이용자 접점 확대","연세대학교와 고려대학교 학생들이 오버워치와 발로란트, 리그 오브 레전드(LoL) 등 3개 종목에서 맞붙는 대학 친선 e스포츠 대회다. 이번 대회에서는 학생들이 선수로 출전하는 데 그치지 않고 MC와 작가, 인터뷰어...",2026-09-23 16:30,http://www.popcornnews.net/news/articleView.html?idxno=134082,http://www.popcornnews.net/news/articleView.html?idxno=134082
서울대학교,한국경제,정학근 신임 에너지연구원장 취임,"정 원장은 전남대 전기공학 학사, GIST 메카트로닉스공학 석사, 서울대 기계항공공학 박사 학위를 받았다. 1998년 에너지연구원에 입사해 에너지효율연구본부장 등을 지냈다. 정 원장은 전날 취임식에서 “국가 온실가스...",2026-09-23 16:29,https://www.hankyung.com/article/2026092340431,https://n.news.naver.com/mnews/article/015/0005335726?sid=105
서울대학교,한국경제,[부고] 최순철 씨 별세 外,"고은미씨 시모상, 장재준 서울탁주제조협회장 장모상=22일 삼성서울병원 발인 24일 오전6시45분 ▶최옥선씨 별세, 신영기 서울대 시흥캠퍼스 본부장 모친상=22일 삼성서울병원 발인 24일 오전11시15분 02-3410-3151",2026-09-23 16:27,https://www.hankyung.com/article/2026092341001,https://n.news.naver.com/mnews/article/015/0005335723?sid=102
서울대학교,메트로신문,"부경대 교직원 축구클럽, 국공립대 축구대회 ‘3연패’","대회는 서울과학기술대학교 주관으로 서울과학기술대와 육사화랑구장 등에서 열렸다. 전국 19개 국... 국립부경대는 예선에서 방송통신대학교를 5대 0, 강원대학교를 3대 1, 서울대학교를 2대 0으로 꺾고 본선에...",2026-09-23 16:24,http://www.metroseoul.co.kr/article/20260923500156,http://www.metroseoul.co.kr/article/20260923500156
서울대학교,SIDAE,"'산업수도' 울산, 청년은 떠난다…""노동 경직성 풀어야""","79명, 서울 6.70명으로 수도권 3곳이 유입 상위를 차지했다. 순이동률은 1000명당 전입자에서 전출자를 뺀... 익명을 요구한 서울대 교수는 ""미국 등 해외 선진국은 4차 산업혁명 변화에 맞춰 재빠르게 변화하는데...",2026-09-23 16:22,https://www.sidae.com/article/2026092314431991851,https://n.news.naver.com/mnews/article/417/0001159181?sid=100
고려대학교,한국경제,'재제청 거부' 또 밝힌 조희대…李 '내란특수본' 꺼내,차진아 고려대 법학전문대학원 교수는 “손봉기 대법관 후보자(대구지방법원 부장판사)가 결격 사유가 없는데도 절차를 문제 삼아 반려했다면 ‘코드 인사’를 통해 사법부에 영향력을 행사하려는 의도로 보일 수밖에...,2026-09-23 16:21,https://www.hankyung.com/article/2026092339961,https://n.news.naver.com/mnews/article/015/0005335712?sid=100
고려대학교,전남일보,"추석 음식에 체중 걱정된다면… ""연휴 전후 무리한 절식보다 평소대로""","권영근 고려대 안암병원 비만대사센터 교수는 ""음식을 무조건 피하거나 많이 먹었다는 죄책감 때문에 연휴 전후에 굶는 방식의 체중 조절을 반복할 필요는 없다""며 ""연휴가 끝난 뒤에는 평소의 식사와 활동 패턴으로...",2026-09-23 16:20,https://www.jnilbo.com/news/articleView.html?idxno=90000068489,https://www.jnilbo.com/news/articleView.html?idxno=90000068489
서울대학교,한국경제,차기 한국씨티은행장에 김경호,김 후보는 1968년생으로 서울대 국제경제학과를 졸업하고 미국 매사추세츠공대(MIT)에서 경영학 석사(MBA)를 받았다. 1992년 삼성물산에 입사한 뒤 2000년 맥킨지앤드컴퍼니 컨설턴트를 거쳐 2001년 씨티은행 서울지점...,2026-09-23 16:19,https://www.hankyung.com/article/2026092340311,https://n.news.naver.com/mnews/article/015/0005335708?sid=101
서울대학교,한스경제,전북대 총동창회 '서울대 10개' 평가 기준 공개 촉구,전북대학교 전경./전북대 | 전주=한스경제 이인호 기자 | 전북대학교 총동창회가 서울대 10개 만들기 사업 평가 결과 공개와 후속 선정 계획 마련을 정부에 요구했다. 전북대 총동창회는 22일 성명을 내고 정부가 전북대의...,2026-09-23 16:18,http://www.hansbiz.co.kr/news/articleView.html?idxno=867899,http://www.hansbiz.co.kr/news/articleView.html?idxno=867899
서울대학교,위키트리,직원 연차휴가미사용수당까지 떼먹었다고?... 폭로보도에 등장한 국회의...,"김 최고위원은 ""강력한 시스템을 구성해 놓았다면 이 사업체가 내가 일하지 않아도 소득을 발생시키는 중요한 시스템으로 작동해 줄 수 있다""고 했다.뉴스타파에 따르면 태원비엠씨는 2014년 3월 서울 종로구 서울대학교...",2026-09-23 16:18,https://www.wikitree.co.kr/articles/1161689,https://www.wikitree.co.kr/articles/1161689
고려대학교,로이슈,"고려대 구로병원 개방형실험실, 구로구의사회와 업무협약",고려대학교 구로병원 개방형실험실 김치경 운영사업단장은 “이번 협약은 대학병원의 임상 전문성과 개방형실험실이 보유한 혁신기업 네트워크를 지역 의료현장과 연결하는 의미 있는 출발점”이라며 “구로구의사회와...,2026-09-23 16:16,http://www.lawissue.co.kr/view.php?ud=202609231614282288f4ab64559d_12,http://www.lawissue.co.kr/view.php?ud=202609231614282288f4ab64559d_12
서울대학교,중앙일보,"금융지주 회장 소집한 금감원장, ‘이너서클 인사’ 정조준",“계파·친소 매몰 않고 능력 있는 CEO 선별해야” 이 원장은 23일 오전 7시30분 서울 여의도 금감원 본원에... 기업 지배구조 전문가인 김우진 서울대 경영전문대학원 교수는 “자회사 지분 전량을 보유하기도 하는...,2026-09-23 16:13,https://www.joongang.co.kr/article/25464476,https://n.news.naver.com/mnews/article/025/0003553521?sid=101
고려대학교,인사이트,명절 음식 먹고 2~3㎏ 쪘다고 굶지 마세요... 전문가 조언 들어보니,"23일 고려대안암병원에 따르면 명절 기간 동안 송편과 전, 갈비찜, 잡채 같은 고열량 음식을 평소보다 많이... 심한 비만이나 당뇨병, 수면무호흡증, 지방간질환 등이 동반된 경우 비만대사수술을 고려할 수 있다. 수술...",2026-09-23 16:12,https://www.insight.co.kr/news/575050,https://www.insight.co.kr/news/575050
서울대학교,SISAJOURNAL-E,통합 동아제약 대표 누가 맡나···김민영·백상환 '투톱 체제' 가능성...,1972년생인 김 대표는 1999년 서울대학교 경영학과를 졸업한 후 2006년 동아제약 경영관리팀장으로 입사했다. 이후 동아쏘시오홀딩스 경영기획실장과 동아에스티 사장 및 대표를 거쳐 2024년 7월부터 지주사 경영을...,2026-09-23 16:10,https://www.sisajournal-e.com/news/articleView.html?idxno=423935,https://www.sisajournal-e.com/news/articleView.html?idxno=423935
서울대학교,IKUNKANG,사랑니 통증 없으면 괜찮을까? 증상 없어도 검진 필요한 이유,[글 |  서울저스트치과 전문의 조규장 원장] 서울저스트치과 전문의 조규장 원장 ㆍ현)서울한양대학교병원 치과 구강악안면외과 외래교수 ㆍ서울 한양대학교병원 인턴/구강악안면외과 레지던트 수료 ㆍ서울대학교...,2026-09-23 16:10,https://www.ikunkang.com/news/articleView.html?idxno=51575,https://www.ikunkang.com/news/articleView.html?idxno=51575
서울대학교,KIHOILBO,민선9기 박찬대 인천시정…김성중 행정부시장·지용구 기조실장 내정,서울 출신인 지 과장은 청량고와 서울대를 졸업하고 2001년 제45회 행정고시에 합격했다. 지방소비세 도입과 코로나19 대응 부처 협업 업무에 참여했으며 대통령비서실 국정상황실과 행안부 자연재난대응과장을 거쳐...,2026-09-23 16:08,https://www.kihoilbo.co.kr/news/articleView.html?idxno=3035690,https://www.kihoilbo.co.kr/news/articleView.html?idxno=3035690
연세대학교,KIHOILBO,민선9기 박찬대 인천시정…김성중 행정부시장·지용구 기조실장 내정,"김 부지사는 연세대 행정학과를 졸업하고 서울대에서 행정학 석사학위를 받았다. 1995년 제39회 행정고시로 공직에 입문해 행정자치부 장관 비서실장, 대통령비서실 인사비서관실 선임행정관, 행안부 조직정책관...",2026-09-23 16:08,https://www.kihoilbo.co.kr/news/articleView.html?idxno=3035690,https://www.kihoilbo.co.kr/news/articleView.html?idxno=3035690
고려대학교,국민일보,심민철 신임 전남광주시교육청 제2부교육감 28일 부임,"반포고와 고려대 한국사학과를 졸업하고, 펜실베니아주립대 교육행정학과에서 석사학위를 받았다. 1997년 행정고시 40회로 공직에 입문해 교육부에서 인재정책기획관, 대학학술정책관, 지방교육자치과장, 교육부장관...",2026-09-23 16:06,https://www.kmib.co.kr/article/view.asp?arcid=9000016934&cp=nv,https://n.news.naver.com/mnews/article/005/0001874803?sid=102
서울대학교,프라임경제,배일권 신임 세종시 행정부시장 28일 취임…AI 행정 경험 주목,"배 신임 행정부시장은 1972년 서울 출생으로 서울대학교 사회학과를 졸업한 뒤 서울대와 미국 시라큐스대학교 대학원에서 행정학 석사학위를 취득했다. 제42회 행정고시에 합격해 1999년 공직에 입문했으며, 행정안전부...",2026-09-23 16:04,http://www.newsprime.co.kr/news/article.html?no=748922,http://www.newsprime.co.kr/news/article.html?no=748922
고려대학교,로이슈,"고려대 구로병원 연구팀, 대한척추신경외과학회 학술상 수상",고려대학교 구로병원은 신경외과 이승훈·김은상 교수 연구팀이 지난 17일 열린 ‘2026년 제40차 대한척추신경외과학회 정기학술대회’에서 ‘나누리 학술상 우수상’을 수상했다고 23일 밝혔다. 연구팀은 ‘척수 경막내...,2026-09-23 16:04,http://www.lawissue.co.kr/view.php?ud=202609231602144631f4ab64559d_12,http://www.lawissue.co.kr/view.php?ud=202609231602144631f4ab64559d_12
서울대학교,매일경제,데이터센터 '열과의 전쟁' 정유사도 가세,SK엔무브와 LG전자는 23일 서울 종로구 SK서린빌딩에서 차세대 열관리 기술 공동 개발을 위한 업무협약(MOU)을... 서울대 AI 연구실과 한국세라믹기술원 AI 융합연구단 등에 냉각유를 공급하며 서버와 냉각유 간 호환성과...,2026-09-23 16:03,https://www.mk.co.kr/article/12160478,https://n.news.naver.com/mnews/article/009/0005739604?sid=101
연세대학교,굿모닝충청,"AI로봇학과 신설 앞둔 서원대, 원주 소상공인복합지원센터와 협약","이어 ""기존 연세대학교 미래캠퍼스와 원주시 소공인복합지원센터의 교육협력 기반에 서원대학교가 함께 참여함으로써 기관별 교육자원과 산업 네트워크를 연계할 수 있게 됐다는 점에서도 의미가 크다""고 밝혔다. 한편...",2026-09-23 16:02,https://www.goodmorningcc.com/news/articleView.html?idxno=452887,https://www.goodmorningcc.com/news/articleView.html?idxno=452887
서울대학교,인더뉴스,"부산대, YK스틸 7만 평 부지에 푸드테크 클러스터 구상",기자ㅣ부산대학교는 지난 18일 부산 사하구 신평장림산업단지관리공단에서 ‘푸드테크 클러스터 포트... 또한 최 총장은 “‘서울대 10개 만들기’가 지향하는 지역과 대학의 동반성장은 이러한 구체적인 현장에서...,2026-09-23 16:02,https://www.inthenews.co.kr/news/article.html?no=92338,https://www.inthenews.co.kr/news/article.html?no=92338
고려대학교,로이슈,"한국연구재단, 나노·소재단장에 김수영 교수 선임",한국연구재단은 오는 28일자로 국가전략연구본부 나노·소재단장에 김수영 고려대학교 신소재공학부 교수를 선임한다고 23일 밝혔다. 김수영 신임 단장은 정부가 위탁한 나노·소재단 소관 분야 지원사업의 평가...,2026-09-23 16:02,http://www.lawissue.co.kr/view.php?ud=202609231601327908f4ab64559d_12,http://www.lawissue.co.kr/view.php?ud=202609231601327908f4ab64559d_12
고려대학교,뉴스핌,수원시 '2026년 수원시민 인권 아카데미' 참가자 모집,"2회차(10월 21일)는 최호근 고려대학교 사학과 교수의 강연이다. '혐오의 언어, 차별의 자연화'를 주제로... 5회차(11월 12일)는 조문영 연세대학교 문화인류학과 교수가 '정당한 분배, 부당한 낙인'을 주제로 지역, 주거지...",2026-09-23 16:02,https://www.newspim.com/news/view/20260923000756,https://www.newspim.com/news/view/20260923000756
연세대학교,뉴스핌,수원시 '2026년 수원시민 인권 아카데미' 참가자 모집,"2회차(10월 21일)는 최호근 고려대학교 사학과 교수의 강연이다. '혐오의 언어, 차별의 자연화'를 주제로... 5회차(11월 12일)는 조문영 연세대학교 문화인류학과 교수가 '정당한 분배, 부당한 낙인'을 주제로 지역, 주거지...",2026-09-23 16:02,https://www.newspim.com/news/view/20260923000756,https://www.newspim.com/news/view/20260923000756
고려대학교,로이슈,"고려대 의대, 과기부 기초연구사업 23개 과제 선정","고려대학교 의과대학은 교수진이 과학기술정보통신부의 2026년도 기초연구사업 2차 신규과제에서 23개 과제에 선정돼 약 38억원의 연구비를 확보했다고 밝혔다. 이번에 선정된 과제는 기본연구A 9개, 기본연구B 13개...",2026-09-23 16:00,http://www.lawissue.co.kr/view.php?ud=202609231558301389f4ab64559d_12,http://www.lawissue.co.kr/view.php?ud=202609231558301389f4ab64559d_12
서울대학교,BNTNEWS,[bnt K-뷰티 리더｜박의훈①] “화장품은 피부에 닿는 과학”…연구자 ...,서울대학교 화학과와 동 대학원에서 연구를 시작한 그는 아모레퍼시픽 선임연구원을 거쳐 원료·연구개발·제조·브랜드 사업까지 화장품 산업 전반을 경험했다. 연구의 깊이를 더하기 위해 중앙대학교 의과대학에서...,2026-09-23 16:00,https://www.bntnews.co.kr/article/view/bnt202609230260,https://www.bntnews.co.kr/article/view/bnt202609230260
연세대학교,MEDIAPEN,"현대해상, 청년 미래인재 육성 ‘프로젝트 트레일마크’ 공개","또 프로젝트의 방향성과 전문성을 높이기 위해 교육, HR, 사회혁신 분야 전문가 6인으로 자문위원단을 구성했으며, 염재호 태재대학교 총장, 장용석 연세대학교 교수, 엄윤미 아산나눔재단 이사장, 김성준 국민대학교 교수...",2026-09-23 15:56,https://www.mediapen.com/news/view/1125803,https://www.mediapen.com/news/view/1125803
서울대학교,BZERONEWS,배일권 세종시 행정부시장 28일 취임…'AI 정부' 업무 이끌어,"23일 세종시에 따르면, 배 신임 부시장은 1972년 서울 출생으로 서울대 사회학과를 졸업했다. 이후 서울대 행정대학원과 미국 시라큐스대학교 행정대학원에서 각각 행정학 석사학위를 받았다. 제42회 행정고시에...",2026-09-23 15:54,https://www.bzeronews.com/news/articleView.html?idxno=823086,https://www.bzeronews.com/news/articleView.html?idxno=823086
서울대학교,비즈워치,"한국씨티은행, 차기 행장에 김경호 기업금융그룹 부행장","김 부행장은 서울대 국제경제학과를 졸업하고 미국 매사추세츠공대(MIT)에서 경영학 석사 학위를 받았다. 삼성물산, 맥킨지를 거쳐 2001년 씨티은행 서울지점 기업금융심사역으로 입사했다. 이후 대기업금융부장...",2026-09-23 15:51,https://news.bizwatch.co.kr/article/finance/2026/09/23/0043,https://n.news.naver.com/mnews/article/648/0000051036?sid=101
고려대학교,동아사이언스,"[사이언스게시판] 원자력연, 안전한 방사성 폐이온교환수지 처분 기술 ...","김수영 고려대 신소재공학부 교수를 선임했다고 23일 밝혔다. 김수영 단장은 포스텍에서 신소재공학 학사·석사·박사 학위를 취득하고 미국 조지아공대 박사후연구원, 시카고대 방문학자 등을 거쳐 2019년부터 고려대...",2026-09-23 15:49,https://www.dongascience.com/news/view/80057,https://n.news.naver.com/mnews/article/584/0000039436?sid=105
서울대학교,WORLDKOREAN,"김제우 전 카이스트 초빙교수, 영문판 '서울의 부상: 한국의 빈곤에서 ...","이종환 기자 카이스트 초빙교수를 지낸 김제우 박사가 신간 '서울의 부상: 한국의 빈곤에서 풍요로의... 서울대 전자공학과를 졸업하고 카이스트에서 석사, 박사를 이수한 김제우 박사는 삼성전자 엔지니어...",2026-09-23 15:48,http://www.worldkorean.net/news/articleView.html?idxno=57836,http://www.worldkorean.net/news/articleView.html?idxno=57836
서울대학교,이데일리,"국산 AI 서버, 글로벌 서버 제쳤다…‘액체냉각’으로 MLPerf 1위",매니코어소프트는 서울대 슈퍼컴퓨터 ‘천둥’ 개발 경험을 바탕으로 AI·고성능컴퓨팅(HPC)용 GPU 서버를 개발해왔다. ‘딥가젯’ 시리즈를 대학·연구소·기업 등 180곳 이상에 공급했으며 2020년에는...,2026-09-23 15:46,https://www.edaily.co.kr/News/Read?newsId=03919606645583072&mediaCodeNo=257&utm_source=naver&utm_medium=referral&utm_campaign=news_syndication&utm_content=original_article,https://n.news.naver.com/mnews/article/018/0006375056?sid=105
서울대학교,약업신문,"‘약의 날’의 제정, 중단, 부활 및 법정화의 역사","제정, 중단, 부활, 법정화의 과정을 거쳐온 약의 날의 진화 과정은 대한민국 약계 발전의 이정표(里程標)라 할 수 있을 것이다. 심창구 교수(서울대 명예교수)는 서울대 약학대학 교수와...",2026-09-23 15:44,https://www.yakup.com/pharmplus/index.html?mode=view&cat=132&cat2=452&nid=3000133471,https://www.yakup.com/pharmplus/index.html?mode=view&cat=132&cat2=452&nid=3000133471
고려대학교,동아일보,"고려사이버대 학생 2명, ‘2026 KU AI 포럼’ 창의 포스터세션 특별상","‘AI 네이티브 인재가 여는 대학 혁신의 새로운 패러다임’을 주제로 대학 교육과 미래 진로, 청년 창업에서의 AI 활용 방안 등이 논의됐다. 포럼은 고려대와 고려사이버대 구성원을 포함해 전공과 관계없이 AI에...",2026-09-23 15:44,https://www.donga.com/news/Society/article/all/20260923/134726697/1,https://n.news.naver.com/mnews/article/020/0003750427?sid=102
서울대학교,DNEWS,[부고] 정철구(유신 업무부 부사장)씨 모친상,"▲안삼노씨 별세, 정철구(유신 업무부 부사장)씨 모친상= 23일, 분당서울대학교병원 장례식장 9호실, 발인 25일.",2026-09-23 15:42,https://www.dnews.co.kr/uhtml/view.jsp?idxno=202609231520321860318,https://www.dnews.co.kr/uhtml/view.jsp?idxno=202609231520321860318
서울대학교,대전일보,배일권 세종시 행정부시장 28일 취임...스마트 행정수도 '새동력',"1972년 서울에서 태어난 배 신임 부시장은 서울대 사회학과를 졸업한 뒤 서울대와 미국 시러큐스대학교 대학원에서 행정학 석사학위를 취득했다. 제42회 행정고시에 합격해 1999년 공직에 입문했으며, 행안부...",2026-09-23 15:42,https://www.daejonilbo.com/news/articleView.html?idxno=2303216,https://n.news.naver.com/mnews/article/656/0000187663?sid=102
고려대학교,NEWS2DAY,[김찬희의 방방곡곡 이야기(64)] 시간을 따라 걷는 ‘대구 중구 골목투...,김찬희 프로필 ▶ 고려대학교 산업공학 학사 / 한양사이버대학원 MBA 경영학 석사 / 前 메타넷디지털(대우정보시스템) 프로그래머 / 前 MIT경영과정보기술 선임컨설턴트 / 前 한국생산성본부 본부장 / 現 남동가족센터...,2026-09-23 15:42,https://www.news2day.co.kr/article/20260923500105,https://www.news2day.co.kr/article/20260923500105
고려대학교,CHUNGNAMILBO,"연구재단, 나노·소재단장에 김수영 고려대 교수 선임",고려대학교 신소재공학부 김수영 교수.  국가전략연구본부 나노·소재단을 이끌 신임 단장에 김수영 고려대학교 신소재공학부 교수가 선임됐다. 한국연구재단은 오는 28일 자로 국가전략연구본부 나노·소재단장에 김...,2026-09-23 15:40,http://www.chungnamilbo.co.kr/news/articleView.html?idxno=911672,http://www.chungnamilbo.co.kr/news/articleView.html?idxno=911672
고려대학교,NAMDONEWS,전남광주통합특별시교육청 심민철 신임 제2부교육감 28일 부임,"심 신임 부교육감은 고려대학교 한국사학과를 졸업하고 미국 펜실베이니아 주립대학교에서 교육행정학 석사 학위를 취득했다. 1997년 행정고시 40회로 공직에 입문한 그는 교육부 장관 비서실장, 지방교육자치과장...",2026-09-23 15:38,https://www.namdonews.com/news/articleView.html?idxno=924348,https://www.namdonews.com/news/articleView.html?idxno=924348
고려대학교,INDUSTRYNEWS,"독성물질 없이 상온서 뚝딱…고려대·경북대, 항암제 핵심 원료 '녹색 생...",고려대학교 생명과학대학 식품공학과 김경헌 교수 연구팀과 경북대학교 식품공학부 김동현 교수 연구팀은 자연계에 풍부한 일반 당(D-리보오스)의 효소 반응만을 이용해 고부가가치 의약품 원료인 'L-리보오스'로 98...,2026-09-23 15:38,https://www.industrynews.co.kr/news/articleView.html?idxno=86521,https://www.industrynews.co.kr/news/articleView.html?idxno=86521
고려대학교,GAMEFOCUS,"""옵트아웃 집단소송, 위헌 소지 크다"" 법무법인 율촌, '집단 소송 법제...","계인국 고려대 행정전문대학원 교수, 표정률 율촌 변호사가 토론자로 나섰다. 참석자들은 제22대 국회에서... 문제를 고려해 소송허가 요건의 문턱이 높아질 가능성이 크다고 전망했다. 박 교수는 “현재의 논의가 과학적...",2026-09-23 15:38,https://gamefocus.co.kr/detail.php?number=179411,https://gamefocus.co.kr/detail.php?number=179411
서울대학교,이뉴스투데이,[국립부경대 소식] 취업지원 유공 장관 표창,"이번 대회에는 전국 19개 국·공립대학교 교직원 축구팀에서 600여 명이 참가했다. 국립부경대는 예선에서 방송통신대, 강원대, 서울대를 차례로 꺾고 본선에 진출했으며, 8강에서 공주대, 준결승에서 경상국립대를...",2026-09-23 15:35,http://www.enewstoday.co.kr/news/articleView.html?idxno=2474027,http://www.enewstoday.co.kr/news/articleView.html?idxno=2474027
고려대학교,GAMEFOCUS,"연고전? 고연전? SOOP, 연세대-고려대 e스포츠 대항전 '2026 사이버 정기...","‘사이버 정기전’은 연세대학교와 고려대학교 학생들이 e스포츠를 통해 교류하는 대학 친선 대회다. 올해는 연세대학교 e스포츠 동아리 ‘연겜’과 고려대학교 게임 동아리 ‘디럭스(DELUXE)’가 주최하고, GGA가...",2026-09-23 15:34,https://gamefocus.co.kr/detail.php?number=179407,https://gamefocus.co.kr/detail.php?number=179407
고려대학교,베리타스알파,"2027로스쿨 원서접수 28일 개시.. 경쟁률, 변시합격률, 출신대학까지 '잣...","대학별로 보면 서울대가 150명으로 가장 많다. 고려대, 연세대, 성균관대, 경북대, 부산대, 전남대가 120명씩으로 뒤를 잇는다. 한양대, 이화여대, 충남대는 100명씩이다. 동아대와 전북대는 80명, 영남대와...",2026-09-23 15:34,https://www.veritas-a.com/news/articleView.html?idxno=629387,https://www.veritas-a.com/news/articleView.html?idxno=629387
연세대학교,베리타스알파,"2027로스쿨 원서접수 28일 개시.. 경쟁률, 변시합격률, 출신대학까지 '잣...",학부성적이 강점이라면 학부성적 실질반영비율이 38.5%로 가장 높은 연세대를 눈여겨볼 만하다. 신입생 출신대학도 참고할 만한 잣대다. 신입생 57.5%가 SKY 출신일 만큼 쏠림은 여전하다. 서울대 출신이...,2026-09-23 15:34,https://www.veritas-a.com/news/articleView.html?idxno=629387,https://www.veritas-a.com/news/articleView.html?idxno=629387
서울대학교,베리타스알파,"2027로스쿨 원서접수 28일 개시.. 경쟁률, 변시합격률, 출신대학까지 '잣...","고려대, 연세대, 이화여대, 서울대, 성균관대, 한양대 등 서울 상위권 6개교는 3년 내내 20~25위에 머물렀다. 상위권 로스쿨은 LEET 고득점자가 스스로 걸러 지원하기 때문에 경쟁률이 낮게 나온다. 경쟁률...",2026-09-23 15:34,https://www.veritas-a.com/news/articleView.html?idxno=629387,https://www.veritas-a.com/news/articleView.html?idxno=629387
연세대학교,GAMEFOCUS,"연고전? 고연전? SOOP, 연세대-고려대 e스포츠 대항전 '2026 사이버 정기...","‘사이버 정기전’은 연세대학교와 고려대학교 학생들이 e스포츠를 통해 교류하는 대학 친선 대회다. 올해는 연세대학교 e스포츠 동아리 ‘연겜’과 고려대학교 게임 동아리 ‘디럭스(DELUXE)’가 주최하고, GGA가...",2026-09-23 15:34,https://gamefocus.co.kr/detail.php?number=179407,https://gamefocus.co.kr/detail.php?number=179407
서울대학교,지디넷코리아,"정학근 에너지연 원장 ""0→1만드는 '수직적 도약' 이룰 것""","정 신임 원장은 GIST와 서울대에서 메카트로닉스공학과 기계항공공학 전공 석, 박사 학위를 각각 취득했다. 1998년 에너지연에 들어가 에너지효율연구본부장 등을 지냈다. 과기정통부 한계도전 R&D위원회 기획위원...",2026-09-23 15:33,https://zdnet.co.kr/view/?no=20260923140926,https://n.news.naver.com/mnews/article/092/0002438655?sid=105
서울대학교,노컷뉴스,경북대 '서울대 10개' 탈락 후폭풍…지역사회 후속 선정 총력,"이재명 정부의 국정과제인 '서울대 10개 만들기 사업'에 탈락한 경북대가 조직 쇄신에 나서며 후속 사업... 이는 서울대 10개 만들기 사업 탈락에 따른 문책 및 조직 쇄신 차원의 인사로 풀이된다. 경북대 관계자는 ""사업...",2026-09-23 15:31,https://www.nocutnews.co.kr/news/6582825?utm_source=naver&utm_medium=article&utm_campaign=20260923033035,https://n.news.naver.com/mnews/article/079/0004192581?sid=102
고려대학교,ECONOVILL,추석 귀성길엔 영탁…'GOGO' 12곡 들으며 달린다,"영탁은 10월 3~5일 서울 고려대학교 화정체육관에서 단독 콘서트 'TAK SHOW5'를 연다. 이후 10월 24~25일 전주, 11월 28~29일 대구, 12월 19~20일 인천, 2027년 1월 16~17일 부산에서 공연한다.",2026-09-23 15:30,https://www.econovill.com/news/articleView.html?idxno=751741,https://www.econovill.com/news/articleView.html?idxno=751741
연세대학교,SAFETYNEWS,"""에스컬레이터 위에서 걸으면 유지보수 지연 등 문제 발생할 수 있어""","행정안전부가 지난달 29일 연세대학교 백양누리에서 국민 200여 명과 관련 전문가가 참여한 가운데 '에스컬레이터 안전 이용 문화 개선'을 주제로 개최한 토론회서 한국승강기대학교 의 허윤섭 교수는 ""에스컬레이터 위에서...",2026-09-23 15:28,https://www.safetynews.co.kr/news/articleView.html?idxno=250730,https://www.safetynews.co.kr/news/articleView.html?idxno=250730
서울대학교,DAILY,세종시 배일권 신임 행정부시장 28일 취임...시정 5기 역점사업 탄력 기...,배일권 신임 행정부시장은 1972년 서울 출생으로 서울대 사회학과를 졸업하고 서울대 및 미국 시라큐스대학교 대학원에서 행정학 석사학위를 취득했으며 공직에는 제42회 행정고시에 합격해 1999년 입문했다. 이후...,2026-09-23 15:26,https://daily.hankooki.com/news/articleView.html?idxno=1409503,https://daily.hankooki.com/news/articleView.html?idxno=1409503
고려대학교,스포츠월드,e스포츠 연고전…SOOP '2026 사이버 정기전' 개최,"사이버 정기전은 양교 학생들이 e스포츠로 교류하는 대학 친선 대회다. 올해는 연세대 e스포츠 동아리 '연겜'과 고려대 게임 동아리 '디럭스(DELUXE)'가 주최한다. 종목은 오버워치, 발로란트, 리그 오브 레전드(LoL) 세...",2026-09-23 15:24,https://www.sportsworldi.com/newsView/20260923513259,https://n.news.naver.com/mnews/article/396/0000756150?sid=105
연세대학교,스포츠월드,e스포츠 연고전…SOOP '2026 사이버 정기전' 개최,"사이버 정기전은 양교 학생들이 e스포츠로 교류하는 대학 친선 대회다. 올해는 연세대 e스포츠 동아리 '연겜'과 고려대 게임 동아리 '디럭스(DELUXE)'가 주최한다. 종목은 오버워치, 발로란트, 리그 오브 레전드(LoL) 세...",2026-09-23 15:24,https://www.sportsworldi.com/newsView/20260923513259,https://n.news.naver.com/mnews/article/396/0000756150?sid=105
서울대학교,BREAKNEWS,제9회 '한일 한가위축제 in 니가타 2026' (채수정 소리단 – 아리랑 연곡...,"서울대학교 미술대학 동양화과에서 익힌 시각적 감각을 바탕으로 국악 공연 기획이라는 새로운 길을 개척하고 있는 그는, 전통예술에 담긴 소리와 이미지, 공간과...",2026-09-23 15:18,http://www.breaknews.com/1238889,http://www.breaknews.com/1238889
서울대학교,SEOULECONEWS,한국씨티은행 차기 행장에 '기업금융전문 '김경호 부행장,"1968년생인 김 부행장은 서울대 국제경제학과, 미국 매사추세츠공대 경영전문대학원(MBA)을 졸업했다. 2001년 한국씨티은행에 입행한 뒤 대기업금융부장, 금융기관본부장 등을 거쳐 2021년 2월부터 기업금융그룹 부행장을...",2026-09-23 15:16,http://www.seouleconews.com/news/articleView.html?idxno=93945,http://www.seouleconews.com/news/articleView.html?idxno=93945
고려대학교,DISCOVERYNEWS,"서울시의회 이민옥 행정자치위원장, '서울 자원봉사 컨퍼런스' 참석… ...","주제발표 1이선미 서울여자대학교 교수""왜 지금, 미래세대에게 봉사 경험인가"" (자원봉사의 교육적 의미와... 오지혜(고려대 연구교수), 최주일(SK행복나눔재단 본부장) 청년봉사, 학교봉사, 대학협력, 기업사회공헌 관점의...",2026-09-23 15:16,https://www.discoverynews.kr/news/articleView.html?idxno=1102523,https://www.discoverynews.kr/news/articleView.html?idxno=1102523
연세대학교,이데일리,"행안부, ""두 줄 서기보다 안전수칙""…에스컬레이터 문화 바꾼다",윤호중 행정안전부 장관이 서울 서대문구 연세대학교 백양누리에서 열린 에스컬레이터 안전 이용 방안을 논의하는 '모두의 토론회'에 참석해 인사말을 하고 있다. (사진=행정안전부) 행정안전부는 지난달 29일 연세대학교...,2026-09-23 15:15,https://www.edaily.co.kr/News/Read?newsId=03778566645583072&mediaCodeNo=257&utm_source=naver&utm_medium=referral&utm_campaign=news_syndication&utm_content=original_article,https://n.news.naver.com/mnews/article/018/0006375027?sid=102
서울대학교,뉴스핌,배일권 세종시 신임 행정부시장 28일 취임…AI·디지털 행정 강화,[사진=세종시] 2026.09.23 vincent977@newspim.com 1972년 서울에서 태어난 배 신임 행정부시장은 서울대학교 사회학과를 졸업한 뒤 서울대학교와 미국 시러큐스대학교 대학원에서 각각 행정학 석사학위를 취득했다. 제42회...,2026-09-23 15:14,https://www.newspim.com/news/view/20260923000855,https://www.newspim.com/news/view/20260923000855
서울대학교,CNB뉴스,"국립부경대, 전국 국·공립대 교직원 축구대회 '3연패'","서울과학기술대와 육사화랑구장 등에서 개최됐으며, 전국 19개 국·공립대 교직원 축구팀에서 600여 명이 참가해 열띤 경쟁을 펼쳤다. 국립부경대는 예선에서 방송통신대학교를 5대 0, 강원대학교를 3대 1, 서울대학교를...",2026-09-23 15:14,https://www.cnbnews.com/news/articleView.html?idxno=1017108,https://www.cnbnews.com/news/articleView.html?idxno=1017108
서울대학교,매일신문,"김위상 의원 ""고령 운수종사자, 예방 중심 안전관리체계 필요""","이날 발제에 나선 김혜원 서울대학교 교통안전·공학연구실 박사는 현행 자격유지검사가 주기 간 공백과 실제 도로 상황을 반영하는 데 한계가 있다고 지적했으며, 이영철 전국개인택시공제조합 대구지부장은 대구 지역...",2026-09-23 15:13,https://www.imaeil.com/page/view/2026092315114656981,https://n.news.naver.com/mnews/article/088/0001030339?sid=100
연세대학교,DAILYESPORTS,"숲, 연세대-고려대 '2026 사이버 정기전' 연다",사이버 정기전은 연세대학교와 고려대학교 학생들이 e스포츠를 통해 교류하는 대학 친선 대회다. 올해는 연세대학교 e스포츠 동아리 '연겜'과 고려대학교 게임 동아리 '디럭스'가 주최한다. 이번 대회에서는 오버워치...,2026-09-23 15:12,http://www.dailyesports.com/view.php?ud=20260923150715957774bcc1e038_27,https://m.sports.naver.com/esports/article/347/0000195843
고려대학교,DAILYESPORTS,"숲, 연세대-고려대 '2026 사이버 정기전' 연다",사이버 정기전은 연세대학교와 고려대학교 학생들이 e스포츠를 통해 교류하는 대학 친선 대회다. 올해는 연세대학교 e스포츠 동아리 '연겜'과 고려대학교 게임 동아리 '디럭스'가 주최한다. 이번 대회에서는 오버워치...,2026-09-23 15:12,http://www.dailyesports.com/view.php?ud=20260923150715957774bcc1e038_27,https://m.sports.naver.com/esports/article/347/0000195843
연세대학교,SBS,"정부, 에스컬레이터 '두 줄 서기' 캠페인 중단…3대 안전수칙 강화",행안부는 지난달 29일 연세대학교 백양누리에서 국민 200여 명과 전문가가 참여한 가운데 열린 '에스컬레이터 안전 이용 문화 개선' 모두의 토론회 결과를 바탕으로 이런 내용의 후속 조치를 추진한다고 밝혔습니다....,2026-09-23 15:11,https://news.sbs.co.kr/news/endPage.do?news_id=N1008767957&plink=ORI&cooper=NAVER,https://n.news.naver.com/mnews/article/055/0001390660?sid=102
고려대학교,베타뉴스,"SOOP, 연세대-고려대 e스포츠 대항전 2026 사이버 정기전 진행","'사이버 정기전'은 연세대학교와 고려대학교 학생들이 e스포츠를 통해 교류하는 대학 친선 대회다. 올해는 연세대학교 e스포츠 동아리 '연겜'과 고려대학교 게임 동아리 '디럭스'가 주최하고, GGA가 주관하며 SOOP이...",2026-09-23 15:10,https://www.betanews.net/article/view/beta202609230068,https://www.betanews.net/article/view/beta202609230068
연세대학교,베타뉴스,"SOOP, 연세대-고려대 e스포츠 대항전 2026 사이버 정기전 진행","'사이버 정기전'은 연세대학교와 고려대학교 학생들이 e스포츠를 통해 교류하는 대학 친선 대회다. 올해는 연세대학교 e스포츠 동아리 '연겜'과 고려대학교 게임 동아리 '디럭스'가 주최하고, GGA가 주관하며 SOOP이...",2026-09-23 15:10,https://www.betanews.net/article/view/beta202609230068,https://www.betanews.net/article/view/beta202609230068
서울대학교,CHUNGNAMILBO,정학근 제20대 한국에너지기술연구원장 취임,"정 원장은 전남대학교에서 전기공학 학사, 광주과학기술원(GIST)에서 메카트로닉스공학 석사, 서울대학교에서 기계항공공학 박사 학위를 취득했다. 1998년 에너지연에 입사한 뒤 에너지효율연구본부장을 역임했으며...",2026-09-23 15:10,http://www.chungnamilbo.co.kr/news/articleView.html?idxno=911649,http://www.chungnamilbo.co.kr/news/articleView.html?idxno=911649
고려대학교,메디파나뉴스,"고려의대, 과기부 기초연구사업 23개 과제 선정…38억 확보","고려의대는 과학기술정보통신부가 주관하는 '2026년도 기초연구사업 2차 신규과제'에 대거 선정되며 총... 편성범 고려대 의과대학장은 ""이번 성과는 우리 의과대학이 인공지능(AI), 정밀의료, 바이오헬스, 신약개발 등 미래...",2026-09-23 15:10,https://www.medipana.com/news/articleView.html?idxno=418209,https://www.medipana.com/news/articleView.html?idxno=418209
서울대학교,인더뉴스,"국립부경대, 교육부장관배 교직원 축구대회 사상 첫 3연패","서울과학기술대학교가 주관한 이번 대회는 서울과학기술대와 육사화랑구장 등에서 진행됐습니다. 전국... 국립부경대는 예선 첫 경기에서 방송통신대학교를 5대 0으로 꺾은 뒤 강원대학교를 3대 1, 서울대학교를 2대...",2026-09-23 15:10,https://www.inthenews.co.kr/news/article.html?no=92330,https://www.inthenews.co.kr/news/article.html?no=92330
연세대학교,머니투데이,"'대림 4세' 이주영, 美 로스쿨 떠나 연대생 됐다…""자국에서 유학""","다닐 연세대학교 법과대학 건물 앞에서 포즈를 취하고 있다. 흰색 블라우스에 청바지, 긴 웨이브 헤어스타일로 화사한 캠퍼스룩을 선보였다. 이주영은 미국 조지타운 대학교에서 국제경영학을 전공했다. 2024년...",2026-09-23 15:09,https://www.mt.co.kr/entertainment/2026/09/23/2026092314283091279,https://m.entertain.naver.com/article/008/0005417925
서울대학교,디지털타임스,정학근 신임 에기연 원장 “탄소중립 넘어 위대한 기관 만들겠다”,"한편 정 원장은 전남대 전기공학과를 졸업하고, 광주과학기술원(GIST) 메카트로닉스공학 석사, 서울대 기계항공공학 박사를 받았다. 1988년 에기연에 입사한 이후 에너지효율연구본부장, 과기정통부 한계도전 R&D위원회...",2026-09-23 15:09,https://www.dt.co.kr/article/12085644?ref=naver,https://n.news.naver.com/mnews/article/029/0003049680?sid=105
서울대학교,디지털데일리,한국 씨티은행장 후보에 김경호 기업금융그룹 부행장,1968년생인 김 부행장은 서울대 국제경제학과를 졸업하고 미국 매사추세츠공대(MIT)에서 경영학 석사(MBA)를 받았다. 삼성물산과 맥킨지앤드컴퍼니를 거쳐 2001년 한국씨티은행에 입행했다. 이후 대기업금융부장과...,2026-09-23 15:07,https://www.ddaily.co.kr/page/view/2026092315040474396,https://n.news.naver.com/mnews/article/138/0002242570?sid=101
서울대학교,CCDAILYNEWS,세종시 시정5기 이끌 인공지능 행정전문가 배일권,배 부시장은 서울대학교 사회학과를 졸업한 뒤 서울대학교와 미국 시라큐스대학교 대학원에서 행정학 석사학위를 받았다. 1999년 행정고시를 거쳐 공직에 들어온 뒤 행정안전부에서 전자정부·정부혁신·공공데이터...,2026-09-23 15:06,https://www.ccdailynews.com/news/articleView.html?idxno=2442867,https://www.ccdailynews.com/news/articleView.html?idxno=2442867
고려대학교,연합뉴스,전남광주시교육청 심민철 신임 2부교육감 28일 부임,"심 부교육감은 고려대 한국사학과를 졸업하고 미국 펜실베이니아 주립대에서 교육행정학 석사 학위를 받았다. 1997년 행정고시 40회로 공직에 입문해 교육부 장관 비서실장, 지방교육자치과장, 인재정책기획관...",2026-09-23 15:06,https://www.yna.co.kr/view/AKR20260923126300054?input=1195m,https://n.news.naver.com/mnews/article/001/0016333064?sid=102
서울대학교,동아일보,"한국씨티은행, 김경호 기업금융그룹 부행장 차기 행장 추천","김 부행장은 서울대 국제경제학과를 졸업하고 미국 매사추세츠공대(MIT)에서 경영학 석사 학위를 받았다. 삼성물산, 맥킨지를 거쳐 2001년 씨티은행 서울지점에 입사했다. 이후 대기업금융부장, 금융기관본부장을 거쳐...",2026-09-23 15:05,https://www.donga.com/news/People/article/all/20260923/134726958/1,https://n.news.naver.com/mnews/article/020/0003750411?sid=102
연세대학교,KPINEWS,"현대해상, '쉬었음 청년' 68만명 시대…청년 경험 기록 나선다","태재대학교 염재호 총장, SK 수펙스추구협의회 지동섭 SV위원장(우측 첫번째부터)이 함께 기념촬영을 하고... 염재호 태재대 총장과 장용석 연세대 교수, 엄윤미 아산나눔재단 이사장, 김성준 국민대 교수, 서현선...",2026-09-23 15:04,https://www.kpinews.kr/newsView/1065591882890504,https://www.kpinews.kr/newsView/1065591882890504
서울대학교,DGMBC,대구문화방송 9월 시청자위원회 열어,아울러 시사 프로그램 '시사온'에서 다룬 '서울대 10개 만들기'와 관련해 단순한 '지역 패싱' 문제를 넘어 정부 정책의 근본적 의미와 지역 대학의 실태를 다각도로 분석해 활로를 모색해 줄 것을 당부했습니다.,2026-09-23 15:02,https://dgmbc.com/NewsArticle/864044,https://n.news.naver.com/mnews/article/657/0000055632?sid=102
연세대학교,KFENEWS,"현대해상, 청년 미래인재 '트레일마크' 공개","염재호 태재대학교 총장, 장용석 연세대학교 교수, 엄윤미 아산나눔재단 이사장, 김성준 국민대학교 교수, 서현선 루트임팩트 이사, 정진우 ACG 컨설팅 대표가 참여한다. 정경선 현대해상 CSO(최고지속가능책임자)는...",2026-09-23 15:02,https://www.kfenews.co.kr/news/articleView.html?idxno=665225,https://www.kfenews.co.kr/news/articleView.html?idxno=665225
고려대학교,한국일보,"'정면 충돌' 조희대·청와대, 퇴로가 막혔다... ""헌재 가도 출구 안 보여...","반면 차진아 고려대 법학전문대학원 교수는 ""재제청 요구에 '기존 후보 중 제청'이라는 조건을 붙인 것은 제청권 침해""라고 지적했다. 뚜렷한 기준과 선례가 없는 상황에서, 두 권한의 경계를 헌재가 직접...",2026-09-23 15:02,https://www.hankookilbo.com/news/article/A2026092312390003945?did=NA,https://n.news.naver.com/mnews/article/469/0000955751?sid=102
연세대학교,GAMEMECA,"SOOP, 연고대 옵치·발로·롤 e스포츠 대항전 28일 개최","이번 사이버 정기전은 연세대학교 e스포츠 동아리 연겜과 고려대학교 게임 동아리 디럭스가 주최하고 젠지글로벌아카데미가 주관하며, SOOP은 방송 제작을 맡는다. 대학 친선 대회로 기획된 이번 행사는 오후 2시...",2026-09-23 15:01,https://www.gamemeca.com/mv.php?inflow=naver&gid=1780975,https://n.news.naver.com/mnews/article/356/0000086153?sid=004
고려대학교,헤럴드경제,현대차 노조 “정년연장이 최고 성과”…취업규칙 특례도 무력화,"박지순 고려대 법학전문대학원 교수는 “현대차 노조가 미리 대못을 박아 놓은 것”이라며 기업들이 임금피크제 확대 대신 직무급제 도입이나 고령 근로자의 직무 재배치, 근로시간 조정, 희망퇴직 등 방식으로 비용...",2026-09-23 15:01,https://biz.heraldcorp.com/article/10882943?ref=naver,https://n.news.naver.com/mnews/article/016/0002701467?sid=101
고려대학교,GAMEMECA,"SOOP, 연고대 옵치·발로·롤 e스포츠 대항전 28일 개최","이번 사이버 정기전은 연세대학교 e스포츠 동아리 연겜과 고려대학교 게임 동아리 디럭스가 주최하고 젠지글로벌아카데미가 주관하며, SOOP은 방송 제작을 맡는다. 대학 친선 대회로 기획된 이번 행사는 오후 2시...",2026-09-23 15:01,https://www.gamemeca.com/mv.php?inflow=naver&gid=1780975,https://n.news.naver.com/mnews/article/356/0000086153?sid=004
고려대학교,MONEWS,"[동정] 이승훈·김은상 교수팀, 나누리 학술상 우수상 수상",고려대학교 구로병원 이승훈·김은상 교수(신경외과)팀은 17일 열린 2026년 제40차 대한척추신경외과학회 정기학술대회에서 나누리 학술상 우수상을 수상했다. 연구팀은 '척수 경막내 수외 종양 수술 후 발생하는 요폐...,2026-09-23 15:00,https://www.monews.co.kr/news/articleView.html?idxno=414149,https://www.monews.co.kr/news/articleView.html?idxno=414149
연세대학교,SEOULTIMES,"현대해상, 청년 경험 기록하는 ‘프로젝트 트레일마크’ 공개","염재호 태재대학교 총장, 장용석 연세대학교 교수, 엄윤미 아산나눔재단 이사장, 김성준 국민대학교 교수, 서현선 루트임팩트 이사, 정진우 ACG 컨설팅 대표가 참여한다. 프로젝트를 제안한 현대해상 정경선 CSO...",2026-09-23 14:59,https://www.seoultimes.news/news/article.html?no=2000100222,https://www.seoultimes.news/news/article.html?no=2000100222
서울대학교,WOMANECONOMY,"[김현우의 돌보다] 방문요양 4시간, 부모님 혼자 계실 때는?···지켜야...",이상훈 CM병원 원장 서울대학교병원 정형외과 전공의 미국 New York Columbia University Medical center임상강사 건국대학교병원 정형외과 교수 카이스트 기계공학과 교수 *여성경제신문 기사는 기자 또는 외부 필자가 작성 후 AI를...,2026-09-23 14:58,https://www.womaneconomy.co.kr/news/articleView.html?idxno=259007,https://www.womaneconomy.co.kr/news/articleView.html?idxno=259007
연세대학교,THISISGAME,"GGA, SOOP과 연세대·고려대 e스포츠 대항전 '2026 사이버 정기전' 진행","‘사이버 정기전’은 연세대학교와 고려대학교 학생들이 e스포츠를 통해 교류하는 대학 친선 대회다. GGA의 국내 대학 e스포츠 동아리 협력체 ‘Gen.G University(젠지 유니버시티, 이하 GGU)’에 소속된 연세대학교...",2026-09-23 14:58,https://www.thisisgame.com/articles/430386,https://www.thisisgame.com/articles/430386
연세대학교,전남일보,에스컬레이터 '한 줄·두 줄' 숙의했지만… 정부 결론은 '3대 수칙',행정안전부는 지난달 29일 연세대 백양누리에서 국민 200여명과 전문가가 참여한 가운데 '에스컬레이터 안전 이용 문화 개선'을 주제로 제2회 '모두의 토론회'를 개최했다. '모두의 토론회'는 국민이 직접 정책 방향을...,2026-09-23 14:58,https://www.jnilbo.com/news/articleView.html?idxno=90000068436,https://www.jnilbo.com/news/articleView.html?idxno=90000068436
연세대학교,한국경제TV,혈세 '9천만원' 들여 '한 줄 or 두 줄' 따졌는데…결론은 '원점',23일 행정안전부에 따르면 지난달 29일 연세대 백양누리에서 '에스컬레이터 안전 이용 문화 개선'을 주제로 제2회 '모두의 토론회'가 열렸다. '모두의 토론회'는 국민이 직접 토론에 참여해 공감할 수 있는 정책 방향을...,2026-09-23 14:58,http://www.wowtv.co.kr/NewsCenter/News/Read?articleId=A202609230127&t=NN,https://n.news.naver.com/mnews/article/215/0001267030?sid=102
연세대학교,SISACAST,"현대해상-SK, 맞손 잡고 AI시대 청년 인재 육성...'프로젝트 트레일마크...","염재호 태재대학교 총장, 장용석 연세대학교 교수, 엄윤미 아산나눔재단 이사장, 김성준 국민대학교 교수, 서현선 루트임팩트 이사, 정진우 ACG 컨설팅 대표가 참여한다. 프로젝트 트레일마크를 제안한 현대해상 정경선 CSO...",2026-09-23 14:58,http://www.sisacast.kr/news/articleView.html?idxno=100388,http://www.sisacast.kr/news/articleView.html?idxno=100388
고려대학교,THISISGAME,"GGA, SOOP과 연세대·고려대 e스포츠 대항전 '2026 사이버 정기전' 진행","‘사이버 정기전’은 연세대학교와 고려대학교 학생들이 e스포츠를 통해 교류하는 대학 친선 대회다. GGA의 국내 대학 e스포츠 동아리 협력체 ‘Gen.G University(젠지 유니버시티, 이하 GGU)’에 소속된 연세대학교...",2026-09-23 14:58,https://www.thisisgame.com/articles/430386,https://www.thisisgame.com/articles/430386
연세대학교,NEWSIAN,"현대해상, 청년 현장 경험 채용에 잇는다…'프로젝트 트레일마크' 추진","또한, 프로젝트의 방향성과 전문성을 높이기 위해 교육, HR, 사회혁신 분야 전문가 6인으로 자문위원단을 구성했으며, 염재호 태재대학교 총장, 장용석 연세대학교 교수, 엄윤미 아산나눔재단 이사장, 김성준 국민대학교...",2026-09-23 14:56,http://www.newsian.co.kr/news/articleView.html?idxno=95926,http://www.newsian.co.kr/news/articleView.html?idxno=95926
서울대학교,이데일리,"""서울대 10개 만들기가 국가균형발전 성패 좌우할 것""",“서울대 10개 만들기 프로젝트가 지역균형발전이라는 정책목표에 도달할 수 있으려면 일자리 창출과 인재가... 김형남 부산대 기획처장은 “외부 산업계 전문가가 대학 강단에서 학생들을 가르칠 수 있어야 대학 교육이...,2026-09-23 14:54,https://www.edaily.co.kr/News/Read?newsId=03719526645583072&mediaCodeNo=257&utm_source=naver&utm_medium=referral&utm_campaign=news_syndication&utm_content=original_article,https://n.news.naver.com/mnews/article/018/0006375012?sid=102
서울대학교,DIGITALCHOSUN,"모니터코퍼레이션, 유방초음파 AI 싱가포르 첫 상용 공급…창이종합병...",싱가포르 등 아세안(ASEAN) 지역 의료진 대상으로 열린 행사에서 분당서울대학교병원 영상의학과 김선미 교수는 ‘자동유방초음파의 임상 활용: 축적된 경험과 향후 방향’을 주제로 실제 임상에서...,2026-09-23 14:52,http://digitalchosun.dizzo.com/site/data/html_dir/2026/09/23/2026092380162.html,http://digitalchosun.dizzo.com/site/data/html_dir/2026/09/23/2026092380162.html
연세대학교,FINANCIALREVIEW,[오늘의 보험] 현대해상·AXA손해보험·AIA생명,"또한, 프로젝트의 방향성과 전문성을 높이기 위해 교육, HR, 사회혁신 분야 전문가 6인으로 자문위원단을 구성했으며, 염재호 태재대학교 총장, 장용석 연세대학교 교수, 엄윤미 아산나눔재단 이사장, 김성준...",2026-09-23 14:52,http://www.financialreview.co.kr/news/articleView.html?idxno=45081,http://www.financialreview.co.kr/news/articleView.html?idxno=45081
연세대학교,스마트투데이,"SOOP, '2026 사이버 정기전' 진행","‘사이버 정기전’은 연세대학교와 고려대학교 학생들이 e스포츠를 통해 교류하는 대학 친선 대회다. 올해는 연세대학교 e스포츠 동아리 ‘연겜’과 고려대학교 게임 동아리 ‘디럭스(DELUXE)’가 주최하고, GGA가...",2026-09-23 14:50,https://www.smarttoday.co.kr/ko-kr/articles/111973,https://www.smarttoday.co.kr/ko-kr/articles/111973
고려대학교,NEWSCLAIM,[롯데 인사 전망]① 1년 만에 움직인 CEO들… 신유열은 바이오·한일 식...,1971년생인 황 부사장은 충남고와 연세대 화학공학과를 졸업하고 같은 대학에서 석사학위를 받은 뒤 1996년... 대신고와 고려대 화학공학과를 졸업하고 KAIST에서 고분자공학 석·박사학위를 받은 뒤 1991년...,2026-09-23 14:50,https://www.newsclaim.co.kr/news/articleView.html?idxno=3076383,https://www.newsclaim.co.kr/news/articleView.html?idxno=3076383
고려대학교,의학신문,"엘앤씨바이오 '메가카티', 4년 장기 임상 확보…아시아 시장 공략",고려대학교 장기모 교수는 'Beyond Microfracture: The Emerging Role of MegaCarti in Knee Cartilage Regeneration'을 주제로... 현재 동종신경이식재 '메가너브 프라임(MegaNerve Prime)'은 국내 주요 대학병원 40여 곳에 공급돼 정형외과와...,2026-09-23 14:50,https://www.bosa.co.kr/news/articleView.html?idxno=3012781,https://www.bosa.co.kr/news/articleView.html?idxno=3012781
고려대학교,스마트투데이,"SOOP, '2026 사이버 정기전' 진행","‘사이버 정기전’은 연세대학교와 고려대학교 학생들이 e스포츠를 통해 교류하는 대학 친선 대회다. 올해는 연세대학교 e스포츠 동아리 ‘연겜’과 고려대학교 게임 동아리 ‘디럭스(DELUXE)’가 주최하고, GGA가...",2026-09-23 14:50,https://www.smarttoday.co.kr/ko-kr/articles/111973,https://www.smarttoday.co.kr/ko-kr/articles/111973
연세대학교,NEWSCLAIM,[롯데 인사 전망]① 1년 만에 움직인 CEO들… 신유열은 바이오·한일 식...,"1971년생인 황 부사장은 충남고와 연세대 화학공학과를 졸업하고 같은 대학에서 석사학위를 받은 뒤 1996년 호남석유화학 연구소에서 경력을 시작했으며, KP케미칼 원료 기획·구매를 거쳐 롯데케미칼에서는 올레핀과...",2026-09-23 14:50,https://www.newsclaim.co.kr/news/articleView.html?idxno=3076383,https://www.newsclaim.co.kr/news/articleView.html?idxno=3076383
고려대학교,NEWSQUEST,4대 금융지주 회장 인사에 얽힌 4색(色) 평행이론,"2대 어윤대 회장은 고려대 총장과 국가브랜드위원장을 지낸 학계 출신, 3대 임영록 회장은 재정경제부 차관을 거친 관료 출신이다. 흐름이 바뀐 것은 윤종규 전 회장부터다. 윤 전 회장은 KB금융 최고재무책임자(CFO)와...",2026-09-23 14:48,https://www.newsquest.co.kr/news/articleView.html?idxno=301556,https://www.newsquest.co.kr/news/articleView.html?idxno=301556
고려대학교,GAMECHOSUN,"연세대·고려대, e스포츠로 맞붙는다…GGA·SOOP ‘2026 사이버 정기전’...","‘사이버 정기전’은 연세대학교와 고려대학교 학생들이 e스포츠를 통해 교류하는 대학 친선 대회다. GGA가 운영하는 국내 대학 e스포츠 동아리 협력체 ‘젠지 유니버시티(Gen.G University, GGU)’ 소속 연세대학교...",2026-09-23 14:48,https://www.gamechosun.co.kr/webzine/article/view.php?no=225677,https://www.gamechosun.co.kr/webzine/article/view.php?no=225677
고려대학교,중앙일보,“조희대 최후의 수단 꺼낸 것”…세 번의 타협안 번번이 좌절됐다,차진아 고려대 로스쿨 교수는 “결국 청와대는 본인이 원하는 사람을 제청하라고 요구하는 것이라 대법원이 받아들일 수 없었을 것”이라며 “대통령과 대법원장이 강 대 강으로 충돌하는 국면에 도달해 대법관 인선...,2026-09-23 14:48,https://www.joongang.co.kr/article/25464449,https://n.news.naver.com/mnews/article/025/0003553494?sid=102
연세대학교,GAMECHOSUN,"연세대·고려대, e스포츠로 맞붙는다…GGA·SOOP ‘2026 사이버 정기전’...","‘사이버 정기전’은 연세대학교와 고려대학교 학생들이 e스포츠를 통해 교류하는 대학 친선 대회다. GGA가 운영하는 국내 대학 e스포츠 동아리 협력체 ‘젠지 유니버시티(Gen.G University, GGU)’ 소속 연세대학교...",2026-09-23 14:48,https://www.gamechosun.co.kr/webzine/article/view.php?no=225677,https://www.gamechosun.co.kr/webzine/article/view.php?no=225677
고려대학교,뉴데일리경제,한달 빨리 온 독감에 폭음·과식까지 … 추석 건강 '3대 복병' 주의,"권영근 고려대 안암병원 비만대사센터 교수는 ""명절 음식을 무조건 피하거나 많이 먹었다는 죄책감 때문에 연휴 전후로 굶는 방식의 체중 조절을 반복할 필요는 없다""며 ""연휴가 끝난 뒤 평소 식사와 활동 패턴으로...",2026-09-23 14:46,https://biz.newdaily.co.kr/site/data/html/2026/09/23/2026092300254.html,https://biz.newdaily.co.kr/site/data/html/2026/09/23/2026092300254.html
서울대학교,TV리포트,"홍혜걸, 여에스더 '우울증' 호전되자 남긴 글…""이런 모습 처음, 육십 인...","두 사람은 서울대 의대 선후배로 만나 1994년 부부의 연을 맺었으며 슬하에 두 아들을 뒀다. 여에스더는 연 매출 3,000억 원대 건강기능식품 회사를 이끄는 CEO이기도 하다. / 사진= 홍혜걸",2026-09-23 14:42,https://www.tvreport.co.kr/entertainment/article/1077795/,https://m.entertain.naver.com/article/213/0001402200
서울대학교,뉴스핌,씨티은행 차기 행장에 김경호 부행장,"김 부행장은 서울대 국제경제학과를 졸업하고 2001년 씨티은행에 입행해 대기업금융부장, 금융기업영업본부장 등 기업 금융 분야 요직을 거쳤다. 2021년부터는 부행장으로 승진, 은행의 기업 금융 업무를 총괄했다....",2026-09-23 14:41,https://www.newspim.com/news/view/20260923000799,https://www.newspim.com/news/view/20260923000799
고려대학교,THEBILLIARDS,"SOOP, 연세대-고려대 e스포츠 대항전 '2026 사이버 정기전' 진행",연세대학교와 고려대학교 학생들이 e스포츠 종목으로 맞붙는 대학 대항전이 열린다. SOOP(각자 대표이사 최영우·이민원)은 오는 28일 오후 2시 서울 상암 SOOP 콜로세움에서 젠지글로벌아카데미(Gen.G Global Academy·GGA)와...,2026-09-23 14:40,https://www.thebilliards.kr/news/articleView.html?idxno=31999,https://www.thebilliards.kr/news/articleView.html?idxno=31999
고려대학교,FOMOS,"SOOP, 고려대·연세대 e스포츠 대항전 ‘사이버 정기전’ 28일 개최",SOOP은 오는 28일 상암 SOOP 콜로세움에서 젠지글로벌아카데미와 함께 연세대학교와 고려대학교 학생들이... SOOP은 전문 인력과 방송 제작 시스템을 지원해 대학생들이 e스포츠 산업을 현장에서 경험할 수 있도록 도울...,2026-09-23 14:40,https://www.fomos.kr/redirect/news_view?news_cate_id=39&entry_id=156179,https://m.sports.naver.com/esports/article/236/0000257165
연세대학교,연합뉴스,9천만원 들여 200명 숙의했는데…에스컬레이터 대책은 '안전수칙',23일 행안부에 따르면 지난달 29일 연세대 백양누리에서는 국민 200여명과 전문가가 참여한 가운데 '에스컬레이터 안전 이용 문화 개선'을 주제로 제2회 '모두의 토론회'가 열렸다. 모두의 토론회는 국민이 공감하는 더...,2026-09-23 14:40,https://www.yna.co.kr/view/AKR20260923122400530?input=1195m,https://n.news.naver.com/mnews/article/001/0016333002?sid=102
연세대학교,AFLNEWS,AI 시대 농업 연구인재 양성 방안 논의,"농진청은 지난 17일 본청 농업과학도서관에서 전국농학계대학장협의회(농대협), 한국농식품생명과학협회... 1부에서는 김남주 연세대 AI혁신연구원 에듀테크센터장이 'AI 시대, 미래 연구자에게 필요한 역량'을 주제로...",2026-09-23 14:40,https://www.aflnews.co.kr/news/articleView.html?idxno=328866,https://www.aflnews.co.kr/news/articleView.html?idxno=328866
연세대학교,중앙일보,"서울교통공사, 공공데이터 활용 ‘산·학 협력’ 추진",서울교통공사(이하 공사)가 공공데이터의 활용도를 높이고 데이터 기반 문제해결 사례를 발굴하기 위해 대학... 공사는 9월 14일 공사 4층 대회의실에서 경기대학교·동국대학교·세종대학교·연세대학교...,2026-09-23 14:40,https://www.joongang.co.kr/article/25464447,https://n.news.naver.com/mnews/article/025/0003553492?sid=101
연세대학교,THEBILLIARDS,"SOOP, 연세대-고려대 e스포츠 대항전 '2026 사이버 정기전' 진행",연세대학교와 고려대학교 학생들이 e스포츠 종목으로 맞붙는 대학 대항전이 열린다. SOOP(각자 대표이사 최영우·이민원)은 오는 28일 오후 2시 서울 상암 SOOP 콜로세움에서 젠지글로벌아카데미(Gen.G Global Academy·GGA)와...,2026-09-23 14:40,https://www.thebilliards.kr/news/articleView.html?idxno=31999,https://www.thebilliards.kr/news/articleView.html?idxno=31999
연세대학교,FOMOS,"SOOP, 고려대·연세대 e스포츠 대항전 ‘사이버 정기전’ 28일 개최",SOOP은 오는 28일 상암 SOOP 콜로세움에서 젠지글로벌아카데미와 함께 연세대학교와 고려대학교 학생들이... SOOP은 전문 인력과 방송 제작 시스템을 지원해 대학생들이 e스포츠 산업을 현장에서 경험할 수 있도록 도울...,2026-09-23 14:40,https://www.fomos.kr/redirect/news_view?news_cate_id=39&entry_id=156179,https://m.sports.naver.com/esports/article/236/0000257165
서울대학교,스포츠경향,"‘임수빈과 결별설’ 박희선, 서울대 일상…수수해도 장원영급 미모","박희선은 제68회 미스코리아 선(善) 출신으로, 미국 카네기멜런대학교에서 정보시스템을 전공했다. 현재 서울대학교 방문학생으로 한국에 머물고 있으며, 서울대에서 1년간 수업을 들은 뒤 마지막 학기는 미국으로 돌아가...",2026-09-23 14:39,https://sports.khan.co.kr/article/202609231438003?pt=nv,https://m.entertain.naver.com/article/144/0001140098
연세대학교,여성소비자신문,"삼성물산, 래미안 단지에 AI 웰니스 솔루션 '웰피'·자율주행 주차로봇...",'웰피 마인드'는 연세대 권수영 교수의 상담 기법을 학습한 AI 모델이 탑재되어 AI와 대화하면서 마음 속 어려움과 스트레스를 관리하는 상담과 개인 맞춤형 명상 콘텐츠를 제공한다. 또한 전용 모바일 앱 '웰피'를 통해...,2026-09-23 14:38,http://www.wsobi.com/news/articleView.html?idxno=318746,http://www.wsobi.com/news/articleView.html?idxno=318746
서울대학교,INDUSTRYNEWS,전남TP 해외 실증 지원 성과… 인도네시아 '에너지 자립형 정수시설' 착...,△ 해외협력사업(ODA) 발굴 △해외지원사업협의회 운영 △서울대 IEPP(국제에너지정책과정) 개도국 공무원 네트워크 활용 등 3개 축을 기반으로 지역기업의 해외 프로젝트 발굴과 사업화를 지원하는 방식이다. 전남TP...,2026-09-23 14:36,https://www.industrynews.co.kr/news/articleView.html?idxno=86524,https://www.industrynews.co.kr/news/articleView.html?idxno=86524
서울대학교,KOREAHEALTHLOG,척수이형성증 환자 발관리 핵심 '발 매일 살피고 눌리지 않는 습관을',서울대어린이병원 척수이형성증 클리닉팀은 최근 제16회 척수이형성증 공개강좌를 열고 '발 관리는 어떻게... 이와 관련 서울대어린이병원 소아재활의학과 현성은 교수는 약해진 근육을 보완해 발 모양을 유지하는 보조기...,2026-09-23 14:34,https://www.koreahealthlog.com/news/articleView.html?idxno=59156,https://www.koreahealthlog.com/news/articleView.html?idxno=59156
연세대학교,로이슈,SOOP 대학 간 e스포츠 대항전 방송 제작 및 행사 개최 지원,"SOOP이 젠지글로벌아카데미와 협력해 연세대학교 및 고려대학교 학생 참여형 e스포츠 대회 2026 사이버... 각 대학 게임 동아리가 주최를 맡았으며, 양교 학생들은 선수 출전 외에 진행, 해설, 방송 제작 등 행사 운영 과정...",2026-09-23 14:34,http://www.lawissue.co.kr/view.php?ud=20260923143320131204ead0791_12,http://www.lawissue.co.kr/view.php?ud=20260923143320131204ead0791_12
고려대학교,로이슈,SOOP 대학 간 e스포츠 대항전 방송 제작 및 행사 개최 지원,"SOOP이 젠지글로벌아카데미와 협력해 연세대학교 및 고려대학교 학생 참여형 e스포츠 대회 2026 사이버... 각 대학 게임 동아리가 주최를 맡았으며, 양교 학생들은 선수 출전 외에 진행, 해설, 방송 제작 등 행사 운영 과정...",2026-09-23 14:34,http://www.lawissue.co.kr/view.php?ud=20260923143320131204ead0791_12,http://www.lawissue.co.kr/view.php?ud=20260923143320131204ead0791_12
서울대학교,WEEKLYTODAY,"[위클리오늘] 경기도, 인공지능·디지털트윈으로 고병원성 조류인플루엔...","회의에는 경기도, 농림축산검역본부, 화성시·평택시, ㈜미소정보기술, 메인아이티, 빅밸류, 전남대학교... 이어 다음 강연자인 서울대학교 사회학과 김홍중 교수가 '함께 살아가는 연결의 문법'을 주제로 지속 가능한...",2026-09-23 14:32,http://www.weeklytoday.com/news/articleView.html?idxno=795844,http://www.weeklytoday.com/news/articleView.html?idxno=795844
서울대학교,WIDEDAILY,"""출발선 다른데 같은 잣대 대나""…제주대 '서울대 10개 만들기' 탈락에...","정부의 핵심 고등교육 정책인 '서울대 10개 만들기(S-10)' 지원 대상에서 제주대학교가 최종 고배를 마시자 제주 지역사회가 거세게 반발하고 나섰다. 제주도정과 지방의회, 대학 수장이 한자리에 모여 균형발전 취지에...",2026-09-23 14:32,https://www.widedaily.com/news/articleView.html?idxno=301461,https://www.widedaily.com/news/articleView.html?idxno=301461
고려대학교,뉴스1,특권과 신체 조건이 만든 불평등…오광욱 네 번째 희곡집,"오광욱은 중앙대학교 예술대학원에서 연극을, 고려대학교 대학원에서 희곡을 전공했다. 제6회 윤대성희곡상을 받았으며 '덕혜옹주', '유관순 9월의 노래', '사법살인 59', '17번' 등을 선보였다. △ '인간등급 C'/ 오광욱 지음...",2026-09-23 14:32,https://www.news1.kr/life-culture/book/6300461,https://n.news.naver.com/mnews/article/421/0009189052?sid=103
고려대학교,뉴스티앤티,"고려대 연구팀, D-리보오스로 항암제 핵심 원료 친환경 생산",고려대는 생명과학대학 식품공학과 및 대학원 융합생명공학과 김경헌 교수팀이 경북대학교 식품공학부 김동현 교수와 함께 효소 반응만으로 D-리보오스를 L-리보오스로 전환하는 데 성공했다고 23일 밝혔다....,2026-09-23 14:32,https://www.newstnt.com/news/articleView.html?idxno=719925,https://www.newstnt.com/news/articleView.html?idxno=719925
고려대학교,뉴스티앤티,"고려대, 코리아타임스 우수대학랭킹 2년 연속 종합 1위","김동원 고려대 총장은 ""코리아타임스 우수대학랭킹에서 올해도 1위에 오른 것은 글로벌 캠퍼스를 목표로 교육과 연구, 학생 지원 전반에서 국제화를 꾸준히 추진한 구성원 모두의 노력 덕분""이라며 ""외국인 학생과...",2026-09-23 14:32,https://www.newstnt.com/news/articleView.html?idxno=719924,https://www.newstnt.com/news/articleView.html?idxno=719924
고려대학교,데일리메디,"""메가카티 시술 4년 뒤에도 통증·기능 개선 유지""",고려대학교 장기모 교수는 ‘Beyond Microfracture: The Emerging Role of MegaCarti in Knee Cartilage Regeneration’을 주제로 메가카티를 활용한 무릎 연골 재생 치료와 4년 추적 결과를 발표했다. 단기적인 연골 재생 효과를 넘어...,2026-09-23 14:32,https://www.dailymedi.com/news/news_view.php?wr_id=940833,https://www.dailymedi.com/news/news_view.php?wr_id=940833
서울대학교,이뉴스투데이,"[기고] '서울대 10개 만들기(S10)', 경상국립대학교가 반드시 포함돼야 ...",이러한 학내 구성원들의 절박한 호소에 서울과 수도권을 비롯해 진주·창원 등 전국 각지에서 활약 중인 경상국립대학교 23만 동문들 역시 강력한 지지와 연대의 뜻을 모으고 있다. '서울대 10개 만들기'는 단순한 지역...,2026-09-23 14:30,http://www.enewstoday.co.kr/news/articleView.html?idxno=2473982,http://www.enewstoday.co.kr/news/articleView.html?idxno=2473982
연세대학교,IBABYNEWS,"[나눔 트렌드] 월드비전, 추석 앞두고 식생활취약아동 490명에 명절 특식...",연세대학교에서 신학과 아동가족학을 전공한 노은지 기상캐스터는 2009년부터 KBS 기상캐스터로 활동하며 뉴스와 기상 프로그램 등을 통해 기상정보를 전달해왔다. 한편 사랑의열매 '나눔리더'는 개인이 1년 이내 100만원...,2026-09-23 14:30,https://www.ibabynews.com/news/articleView.html?idxno=154761,https://www.ibabynews.com/news/articleView.html?idxno=154761
연세대학교,국민일보,소환사 협곡에서 ‘사이버 연고전’ 열린다,사이버 정기전은 두 대학의 학생들이 e스포츠를 통해 교류하는 대학 친선 대회다. 올해는 연세대 e스포츠 동아리 ‘연겜’과 고려대 게임 동아리 ‘디럭스’가 주최하고 젠지 글로벌 아카데미(GGA)가 주관한다. 이번...,2026-09-23 14:29,https://www.kmib.co.kr/article/view.asp?arcid=9000016887&cp=nv,https://m.sports.naver.com/esports/article/005/0001874773
고려대학교,국민일보,소환사 협곡에서 ‘사이버 연고전’ 열린다,사이버 정기전은 두 대학의 학생들이 e스포츠를 통해 교류하는 대학 친선 대회다. 올해는 연세대 e스포츠 동아리 ‘연겜’과 고려대 게임 동아리 ‘디럭스’가 주최하고 젠지 글로벌 아카데미(GGA)가 주관한다. 이번...,2026-09-23 14:29,https://www.kmib.co.kr/article/view.asp?arcid=9000016887&cp=nv,https://m.sports.naver.com/esports/article/005/0001874773
고려대학교,조선일보,서울대 정시 교과평가 40%·고려대 교과 20%… ‘자퇴 후 정시 올인’ 신...,"반영하는 대학이 늘어난다. 수능 성적만으로 뽑던 전형이 점점 줄고, 정시 안에서도 학생부의 비중이 새로 생기거나 커지는 대학이 여럿이다. 정시는 어차피 수능 점수만 본다는 전제 자체가 흔들리고 있는 셈이다....",2026-09-23 14:28,https://edu.chosun.com/site/data/html_dir/2026/09/23/2026092380144.html,https://edu.chosun.com/site/data/html_dir/2026/09/23/2026092380144.html
서울대학교,조선일보,서울대 정시 교과평가 40%·고려대 교과 20%… ‘자퇴 후 정시 올인’ 신...,"그 인원이 의대 정원보다도 적을 것으로 추산된다는 점을 감안하면, 1등급 아니면 인서울 어렵다는 것은 실제 데이터와는 거리가 있다. ◇ 정시로 도망가도 내신에서 완전히 자유로워지진 않는다 2028학년도 대입부터는...",2026-09-23 14:28,https://edu.chosun.com/site/data/html_dir/2026/09/23/2026092380144.html,https://edu.chosun.com/site/data/html_dir/2026/09/23/2026092380144.html
서울대학교,HELLOT,한·체코 첨단 로봇 협력센터 개소...공동 R&D 및 유럽 현장 실증 ‘가속...,이 시설은 체코프라하공과대학교(CTU) 산하 체코 정보학·로봇공학·사이버네틱스 연구소(CIIRC)에... 해당 과제에는 KIRIA·CTU·한국전자기술연구원(KETI)·서울대학교·화승알앤에이 등이 참여한다. 더불어...,2026-09-23 14:26,https://www.hellot.net/news/article.html?no=115112,https://www.hellot.net/news/article.html?no=115112
고려대학교,KHGAMES,"연세대 vs 고려대, e스포츠로 맞붙는다…SOOP '2026 사이버 정기전' 진행",연세대학교와 고려대학교 학생들이 참여하는 '2026 사이버 정기전'을 개최한다고 밝혔다. 사이버 정기전은 양교 학생들이 e스포츠를 통해 교류하는 대학 친선 대회다. 올해 대회는 연세대 e스포츠 동아리 '연겜'과...,2026-09-23 14:24,https://www.khgames.co.kr/news/articleView.html?idxno=308779,https://www.khgames.co.kr/news/articleView.html?idxno=308779
고려대학교,IBABYNEWS,"[청소년뉴스] 농어촌청소년육성재단, 최순영 신임 이사장 취임 外","학생별 성적과 희망 대학을 고려해 가나다군 조합과 합격 가능성을 종합적으로 검토하고 정시 지원전략을... 이어 이성엽 고려대 교수 겸 한국정보통신법정책학회장을 좌장으로 윤영호 서울대 가정의학과 교수, 조영기...",2026-09-23 14:24,https://www.ibabynews.com/news/articleView.html?idxno=154749,https://www.ibabynews.com/news/articleView.html?idxno=154749
연세대학교,KHGAMES,"연세대 vs 고려대, e스포츠로 맞붙는다…SOOP '2026 사이버 정기전' 진행",함께 연세대학교와 고려대학교 학생들이 참여하는 '2026 사이버 정기전'을 개최한다고 밝혔다. 사이버 정기전은 양교 학생들이 e스포츠를 통해 교류하는 대학 친선 대회다. 올해 대회는 연세대 e스포츠 동아리 '연겜...,2026-09-23 14:24,https://www.khgames.co.kr/news/articleView.html?idxno=308779,https://www.khgames.co.kr/news/articleView.html?idxno=308779
서울대학교,IBABYNEWS,"[청소년뉴스] 농어촌청소년육성재단, 최순영 신임 이사장 취임 外","◇ 서울특별시교육청, 학교 밖 청소년 맞춤형 진학 컨설팅 개선 서울특별시교육청이 학교 밖 청소년의 대학... 이어 이성엽 고려대 교수 겸 한국정보통신법정책학회장을 좌장으로 윤영호 서울대 가정의학과 교수, 조영기...",2026-09-23 14:24,https://www.ibabynews.com/news/articleView.html?idxno=154749,https://www.ibabynews.com/news/articleView.html?idxno=154749
연세대학교,IBABYNEWS,"[청소년뉴스] 농어촌청소년육성재단, 최순영 신임 이사장 취임 外","청소년의 대학 진학을 지원하기 위해 '2026 학교 밖 청소년 맞춤형 진학 컨설팅'을 운영한다. 서울시교육청은... 발제에서는 상윤모 연세대 교수가 '청소년 SNS 이용제한 이슈와 과제', 김나정 국회입법조사처 조사관이...",2026-09-23 14:24,https://www.ibabynews.com/news/articleView.html?idxno=154749,https://www.ibabynews.com/news/articleView.html?idxno=154749
고려대학교,IDAEGU,영탁과 함께 달린다…정규 3집 전곡 담은 '드라이브 플레이리스트',"한편 영탁은 다음 달 3~5일 서울 고려대학교 화정체육관에서 단독 콘서트 'TAK SHOW5'를 열고 전국투어에 나선다. 이후 전주(10월 24~25일)와 대구(11월 28~29일), 인천(12월 19~20일), 부산(내년 1월 16~17일)에서 공연을...",2026-09-23 14:24,https://www.idaegu.co.kr/news/articleView.html?idxno=560521,https://www.idaegu.co.kr/news/articleView.html?idxno=560521
연세대학교,서울경제,"정부, 에스컬레이터 ‘두줄서기’ 캠페인 중단",행안부는 지난달 29일 연세대 백양누리에서 열린 ‘에스컬레이터 안전 이용 문화 개선’을 주제로 한 모두의 토론회 결과 이러한 내용을 담은 후속 조치를 추진한다고 23일 밝혔다. 행안부는 토론회에서 모인 국민 의견을...,2026-09-23 14:22,https://www.sedaily.com/article/20094503?ref=naver,https://n.news.naver.com/mnews/article/011/0004664962?sid=102
서울대학교,글로벌에픽,"""기업금융 DNA 잇는다""…한국씨티, 김경호 차기 행장 지목","'기업금융 수장=CEO' 성공 공식 재확인…전문성 중심 체질개선 김경호 후보자는 서울대 국제경제학과와 미국 매사추세츠공대(MIT) 경영전문대학원(MBA)을 거쳐 씨티은행에 입행한 뒤 대기업금융부장, 금융기관본부장 등...",2026-09-23 14:20,http://www.globalepic.co.kr/view.php?ud=202609231415143017cc35ccc5c_29,http://www.globalepic.co.kr/view.php?ud=202609231415143017cc35ccc5c_29
연세대학교,연합뉴스TV,"""치대생 반바지 죄송""…""의사 윤리"" vs ""반성문은 심해""",연세대학교 치과대학 학생들이 복장 규정을 어겼다는 이유로 쓴 손글씨 반성문이 강의실에 게시된 장면이... 대학교 온라인 커뮤니티에서는 연대 치과대학에서 복장 규정을 안 지켰다고 선배들이 화장실로 끌고 가서...,2026-09-23 14:20,http://www.yonhapnewstv.co.kr/news/AKR20260923141958UzS,https://n.news.naver.com/mnews/article/422/0000909100?sid=102
서울대학교,HEADLINEJEJU,"제주도·도의회·제주대 ""'서울대 10개 만들기' 미선정, '평가 기준' 공...","제주특별자치도와 제주특별자치도의회, 제주대학교가 '서울대 10개 만들기'(S-10) 패키지 지원사업에 제주대가 선정되지 못한 것과 관련해 공동 대응에 나섰다. 세 기관은 23일 오전 11시 30분 제주도청 기자실에서 공동...",2026-09-23 14:18,https://www.headlinejeju.co.kr/news/articleView.html?idxno=599513,https://www.headlinejeju.co.kr/news/articleView.html?idxno=599513
서울대학교,교수신문,[교수초빙] 서울대학교 간호대학 2026학년도 제2차 교수채용 공고,대학 홈페이지 바로가기 >,2026-09-23 14:16,https://www.kyosu.net/news/articleView.html?idxno=210711,https://www.kyosu.net/news/articleView.html?idxno=210711
연세대학교,신아일보,"연세대 미래캠퍼스, 강원 '대학 헌혈릴레이' 최우수 대학 선정",강원특별자치도혈액원은 지난 22일 연세대학교 미래캠퍼스를 찾아 2026년 1학기 도내 대학을 대상으로 진행한 대학 헌혈릴레이 최우수 기관 표창을 전달했다. 이날 전달식에서는 최우수 기관 선정을 기념하는 폼보드와 함께...,2026-09-23 14:14,https://www.shinailbo.co.kr/news/articleView.html?idxno=5065573,https://www.shinailbo.co.kr/news/articleView.html?idxno=5065573
연세대학교,중앙이코노미뉴스,"""청년 경험, 미래역량으로""…현대해상, 미래인재 육성 '트레일마크' 공...","또한 프로젝트의 방향성과 전문성을 높이기 위해 교육, HR, 사회혁신 분야 전문가 6인으로 자문위원단을 구성했으며, 염재호 태재대학교 총장, 장용석 연세대학교 교수, 엄윤미 아산나눔재단 이사장, 김성준 국민대학교...",2026-09-23 14:14,https://www.joongangenews.com/news/articleView.html?idxno=550377,https://www.joongangenews.com/news/articleView.html?idxno=550377
연세대학교,00NEWS,"[김용신의 산책] 1인 가구 시대, 더 즐거운 추석 만들기",명절이 1인 가구 시대에 맞는 새로운 공동체의 명절로 다시 태어날 수 있도록 우리 모두가 애쓸 일이다.  연세대학교 행정학과 연세민주동우회원 녹화공작 진실규명위원회원 협동조합 은빛기획 기획위원,2026-09-23 14:14,http://www.00news.co.kr/news/articleView.html?idxno=106796,http://www.00news.co.kr/news/articleView.html?idxno=106796
서울대학교,JEJUSORI,"'서울대 10개' 탈락 제주대, 공동전선 폈지만 막막","정부가 추진하는 대학 지원 사업, 일명 '서울대 10개 만들기'에 제주대가 탈락했다. 제주대 총장과 제주도지사... 해당 사업은 수도권을 제외한 거점 국립대학교 9곳 가운데 3곳을 선정하는 내용이다. 학교 한 곳당 5년간 최대...",2026-09-23 14:14,https://www.jejusori.net/news/articleView.html?idxno=506842,https://www.jejusori.net/news/articleView.html?idxno=506842
고려대학교,이데일리,추석 뒤 1~2kg 늘었다면…급한 단식 대신 식사·활동 패턴 회복,"고려대학교 안암병원 비만대사센터 권영근 교수는 “추석에는 평소보다 다양한 음식을 접하고 식사량이 늘어날 수 있지만, 명절 음식을 무조건 피하거나 많이 먹었다는 죄책감 때문에 연휴 전후로 굶는 방식의 체중...",2026-09-23 14:13,https://www.edaily.co.kr/News/Read?newsId=03558806645583072&mediaCodeNo=257&utm_source=naver&utm_medium=referral&utm_campaign=news_syndication&utm_content=original_article,https://n.news.naver.com/mnews/article/018/0006374975?sid=102
서울대학교,M-JOONGANG,[연재소설] 물로 씌어진 이름,"이끌고 서울 경무대와 진해 별장을 오가면서, 한국을 찾아오는 중요한 인사들을 만나야 했다. 지난 3월에 만... 1967년 서울대 상과대학 졸업. 1987년 소설  발표. 이후 50여 권의 저술을 펴냄. 최근에는 소설",2026-09-23 14:10,https://www.m-joongang.com/news/articleView.html?idxno=403120,https://www.m-joongang.com/news/articleView.html?idxno=403120
연세대학교,마이데일리,"'대림 4세' 이주영, 美 로스쿨 떠나 연대 다닌다…재벌家도 캠퍼스선 청...","이주영은 23일 자신의 계정에 ""studying abroad in my own country(내 나라에서 유학 중)""라며 ""연세 교환학생의... 조지타운대학교를 졸업한 뒤 현재 조지타운 로스쿨에 재학 중이다. 그런 이주영이 연세대학교 법과대학...",2026-09-23 14:10,https://www.mydaily.co.kr/page/view/2026092313510430225,https://m.entertain.naver.com/article/117/0004108531
연세대학교,OSEN,"'대림 4세' 이주영, 美로스쿨 다니더니..연대생 됐다 ""자국에서 유학""","이주영은 앞서 조지타운 대학교 로스쿨에 입학해 법학을 공부하고 있다. 하지만 교환학생을 통해 연세대학교 로스쿨에서 유학 아닌 유학생활을 하게 된 것으로 보인다. 이에 이주영은 ""연세 교환학생의 캠퍼스룩...",2026-09-23 14:08,http://www.osen.co.kr/article/G1112880699,https://m.entertain.naver.com/article/109/0005611553
서울대학교,파이낸셜뉴스,"최대 2900억 S-10서 제주대 제외… 제주도·도의회·대학 ""평가기준 공개...","학교당 5년간 최대 2900억원이 투입되는 정부의 '서울대 10개 만들기(S-10)' 패키지 지원대학에서 제주대학교가 제외되자 제주도와 제주도의회, 제주대가 정부에 평가기준 공개와 후속지원 대책을 공동 요구했다....",2026-09-23 14:08,https://www.fnnews.com/news/202609231353500823,https://n.news.naver.com/mnews/article/014/0005580347?sid=102
고려대학교,CNB뉴스,"전남광주시교육청, 심민철 신임 제2부교육감 부임","심 부교육감은 오는 28일부터 공식 업무를 시작한다. 한편 서울 출신인 심민철 부교육감은 서울 반포고등학교 졸업하고 고려대학교 한국사학과 학사, 미국 펜실베니아주립대학교 교육대학원 교육행정학 석사과정을 마쳤다.",2026-09-23 14:08,https://www.cnbnews.com/news/articleView.html?idxno=1017105,https://www.cnbnews.com/news/articleView.html?idxno=1017105
서울대학교,매일일보,"로지스올그룹, LAPI 세미나 개최… 유통 변화 대응 물류자원 공유 방안...","서울대학교 경영대학 박성호 교수가 발표를 맡았으며, KCCLO 회원사 관계자 약 100명이 온라인으로 참석했다. 피지컬 인터넷은 기업별로 운영하는 운송수단과 창고, 물류장비 등을 표준화된 체계를 통해 연결하고...",2026-09-23 14:06,https://www.m-i.kr/news/articleView.html?idxno=1417828,https://www.m-i.kr/news/articleView.html?idxno=1417828
서울대학교,글로벌경제신문,"한국씨티은행, 6년 만에 행장 교체…'기업금융통' 김경호 부행장 내정","1968년생인 김경호 후보는 서울대 국제경제학과, 미국 매사추세츠공대 경영전문대학원(MBA)을 졸업했다. 삼성물산 경영관리와 맥킨지 앤 컴퍼니 컨설턴트를 거쳐 2001년 한국씨티은행에 첫 발을 들였다. 김경호 후보는 약...",2026-09-23 14:06,https://www.getnews.co.kr/news/articleView.html?idxno=881685,https://www.getnews.co.kr/news/articleView.html?idxno=881685
서울대학교,BZERONEWS,'1조4867억' 충북교육 2기 공약 공개…49개 과제에 4년 투자,"한편 윤건영 교육감은 서울대 윤리교육과와 동 대학원을 졸업하고 서울대 교육학 박사학위를 취득했으며, 청주교육대학교 교수와 학생처장·교무처장을 거쳐 제18대 총장을 역임했다. 충북교원단체총연합회 회장...",2026-09-23 14:04,https://www.bzeronews.com/news/articleView.html?idxno=823079,https://www.bzeronews.com/news/articleView.html?idxno=823079
연세대학교,뉴시스,"대림 4세 이주영, 연대생 됐다…캠퍼스룩 눈길","연세대학교 서울캠퍼스에서 모습을 드러냈다. 이주영은 23일 소셜미디어에 ""내 나라에서 하는 유학. 연세... 이후 2024년 조지타운 대학교 법학대학원에 장학생으로 합격해 로스쿨에 재학 중이다. 그는 최근 연세대학교에서...",2026-09-23 14:02,https://www.newsis.com/view/NISX20260923_0003802087,https://m.entertain.naver.com/article/003/0014210865
연세대학교,연합뉴스TV,"정부, 에스컬레이터 '두 줄 서기' 캠페인 중단…대신 '안전' 강조",행안부는 지난달 29일 연세대학교 백양누리에서 국민 200여 명과 전문가가 참여한 가운데 열린 '에스컬레이터 안전 이용 문화 개선' 모두의 토론회 결과를 바탕으로 이런 내용의 후속 조치를 추진한다고 밝혔습니다....,2026-09-23 14:01,http://www.yonhapnewstv.co.kr/news/AKR20260923140045vGP,https://n.news.naver.com/mnews/article/422/0000909090?sid=102
연세대학교,주간조선,에스컬레이터 '두 줄 서기' 결국 접는다…정부가 정한 새 원칙은,행정안전부는 지난달 29일 연세대 백양누리에서 국민 200여명과 전문가가 참여한 가운데 열린 '에스컬레이터 안전 이용 문화 개선' 모두의 토론회 결과를 바탕으로 이 같은 후속 조치를 추진한다고 23일 밝혔다. 행안부는...,2026-09-23 14:00,http://weekly.chosun.com/news/articleView.html?idxno=55566,https://n.news.naver.com/mnews/article/053/0000061732?sid=102
고려대학교,이투데이,테슬라·웨이모가 연 자율주행 시대⋯현대차의 ‘아트리아 AI’ 승부수,"한국에서도 1990년대 초 대학 연구진을 중심으로 무인자동차 실험이 시작됐다. 한민홍 당시 고려대 교수 연구팀은 1992년 교내에서 무인차를 공개하고 1993년 일반도로, 1995년 고속도로에서 시험주행을 진행했다. 이후...",2026-09-23 14:00,https://www.etoday.co.kr/news/view/2627497,https://www.etoday.co.kr/news/view/2627497
고려대학교,IROBOTNEWS,"엔도로보틱스, IPO 시동…미래에셋증권 대표주관사 우선협상자 선정","엔도로보틱스는 김병곤 대표와 고려대 홍대희 교수 연구팀이 2012년부터 과학기술정보통신부·한국연구재단... 김병곤 엔도로보틱스 대표는 ""최고의 기술력을 보유하고 있으면서도 항상 시장의 반응을 최우선으로 고려...",2026-09-23 14:00,https://www.irobotnews.com/news/articleView.html?idxno=48662,https://www.irobotnews.com/news/articleView.html?idxno=48662
서울대학교,THE-BIZ,씨티은행 차기 행장에 김경호… 3회 연속 '기업금융 수장' 승계 공식,◆ 25년 정통 '씨티맨'… 기업영업·전략·리스크 두루 거쳐 1968년생인 김 부행장은 서울대 국제경제학과를... 2004년 11월 한미은행과 씨티은행 서울지점 통합으로 출범한 한국씨티은행은 22년간 하영구·박진회·유명순 등...,2026-09-23 14:00,http://www.the-biz.co.kr/news/articleView.html?idxno=728338,http://www.the-biz.co.kr/news/articleView.html?idxno=728338
서울대학교,약업신문,[부음] 신영기(서울대학교 시흥캠퍼스 본부장·에이비온 대표이사) 모친...,"신영균·신영세·신영기(서울대학교 시흥캠퍼스 본부장·에이비온 대표이사)·신영미씨 모친상, 최윤라씨 시모상, 정삼기씨 장모상△빈소: 삼성서울병원 장례식장 20호실△발인: 24일 오전 11시△장지: 서울추모공원...",2026-09-23 13:58,https://www.yakup.com/news/index.html?mode=view&cat=meet&cat2=35&nid=1700148929,https://www.yakup.com/news/index.html?mode=view&cat=meet&cat2=35&nid=1700148929
서울대학교,CATHOLICNEWS,팔레스타인 그리스도인과 정착민 식민주의 신학,"이찬수 서강대학교 종교학과에서 박사학위를 받았고, 강남대학교 교수, 서울대학교 통일평화연구원 HK연구교수, 보훈교육연구원장 등을 지냈다. 『인간은 신의 암호』, 『평화와 평화들』, 『사회는 왜...",2026-09-23 13:56,https://www.catholicnews.co.kr/news/articleView.html?idxno=35405,https://www.catholicnews.co.kr/news/articleView.html?idxno=35405
고려대학교,한국강사신문,"대치동 수학학원 더원, 예비 고1 상위권 준비 '공통수학1 성취도 평가' ...","2026학년도 입시에서도 서울대 간호학과, 고려대 공과대학, 고려대 국어교육학과, 연세대 경영학과, 성균관대 에너지학과, 한양대 경영학과 등에 합격생을 배출한 바 있다. 합격생들은 모두 중학교 때부터 고등학교까지...",2026-09-23 13:56,https://www.lecturernews.com/news/articleView.html?idxno=211063,https://www.lecturernews.com/news/articleView.html?idxno=211063
서울대학교,연합뉴스,"제주도·도의회·제주대 ""'서울대 10개 만들기' 제주 소외 안돼""","거점 국립대 지원 미선정 공동 대응…평가기준 공개·후속지원 촉구 제주도와 제주도의회, 제주대학교가 정부의 '서울대 10개 만들기' 지원사업에서 제주대가 제외된 데 대해 공동 대응에 나섰다. 위성곤 제주지사와...",2026-09-23 13:56,https://www.yna.co.kr/view/AKR20260923110400056?input=1195m,https://n.news.naver.com/mnews/article/001/0016332783?sid=102
서울대학교,한국강사신문,"대치동 수학학원 더원, 예비 고1 상위권 준비 '공통수학1 성취도 평가' ...","그 결과 휘문고, 단대부고, 숙명여고, 중산고, 서울세종고 등으로 진학한 뒤 목표한 내신 성과를 거둔 바... 2026학년도 입시에서도 서울대 간호학과, 고려대 공과대학, 고려대 국어교육학과, 연세대 경영학과, 성균관대...",2026-09-23 13:56,https://www.lecturernews.com/news/articleView.html?idxno=211063,https://www.lecturernews.com/news/articleView.html?idxno=211063
연세대학교,한국강사신문,"대치동 수학학원 더원, 예비 고1 상위권 준비 '공통수학1 성취도 평가' ...","2026학년도 입시에서도 서울대 간호학과, 고려대 공과대학, 고려대 국어교육학과, 연세대 경영학과, 성균관대 에너지학과, 한양대 경영학과 등에 합격생을 배출한 바 있다. 합격생들은 모두 중학교 때부터 고등학교까지...",2026-09-23 13:56,https://www.lecturernews.com/news/articleView.html?idxno=211063,https://www.lecturernews.com/news/articleView.html?idxno=211063
서울대학교,서울경제TV,[부고] 신영기(서울대학교 시흥캠퍼스 본부장·에이비온 대표이사)씨 모...,"▲ 최옥선 씨 별세, 신영기 씨(서울대 시흥캠퍼스 본부장) 모친상 = 22일, 삼성서울병원 장례식장 20호실, 발인 24일 오전 11시 15분, 장지 제주 선영.",2026-09-23 13:52,https://www.sentv.co.kr/article/view/sentv202609230129,https://www.sentv.co.kr/article/view/sentv202609230129
서울대학교,한겨레,“제주대는 왜 빼?”…‘서울대 10개 만들기’ 탈락 반발,"‘서울대 10개 만들기’ 패키지 지원 사업에서 탈락한 제주대학교와 제주도가 정부를 향해 평가 기준을 공개하고 후속 지원 대책을 마련하라고 요구했다. 위성곤 제주도지사, 송영훈 제주도의회 의장, 양덕순 제주대...",2026-09-23 13:52,https://www.hani.co.kr/arti/area/jeju/1279241.html,https://n.news.naver.com/mnews/article/028/0002824404?sid=102
서울대학교,서울경제,씨티은행장에 김경호 기업금융 부행장,김 후보는 1968년생으로 서울대 국제경제학과와 미국 매사추세츠공대(MIT) 경영전문대학원(MBA)을 졸업했다. 삼성물산과 맥킨지앤드컴퍼니를 거쳐 2001년 씨티은행에 입사했다. 기업금융심사역과 대기업금융부장...,2026-09-23 13:52,https://www.sedaily.com/article/20094486?ref=naver,https://n.news.naver.com/mnews/article/011/0004664953?sid=101
서울대학교,머니투데이,[부고] 신영기(서울대학교 시흥캠퍼스 본부장·에이비온 대표)씨 모친상,"■최옥선(향년 91세)씨 별세, 신상범씨 부인상, 신영균·신영세·신영기(서울대학교 시흥캠퍼스 본부장·에이비온 대표)·신영미씨 모친상, 최윤라씨 시모상, 정삼기씨 장모상= 삼성서울병원 장례식장 20호실, 발인...",2026-09-23 13:50,https://www.mt.co.kr/society/2026/09/23/2026092313222263423,https://n.news.naver.com/mnews/article/008/0005417885?sid=102
서울대학교,헬로디디,"정학근 에너지연 원장 ""연구 관행 바꾸고 창의·도전 연구 키울 것""","전남대학교에서 전기공학 학사, GIST에서 메카트로닉스공학 석사, 서울대학교에서 기계항공공학 박사 학위를 받았다. 에너지연 에너지효율연구본부장을 지냈으며 과학기술정보통신부 한계도전 R&D위원회 기획위원...",2026-09-23 13:50,http://www.hellodd.com/news/articleView.html?idxno=113284,http://www.hellodd.com/news/articleView.html?idxno=113284
고려대학교,뉴시스,"안산시, 추석 연휴 안전·의료·교통 등 '314명 비상근무'","의료 분야에서는 상록수·단원보건소를 중심으로 비상진료대책 상황실을 운영하며, 근로복지공단 안산병원·사랑의병원·동안산병원 등 상록구 3곳과 고려대학교 안산병원·한도병원·단원병원·클래스병원 등 단원구...",2026-09-23 13:46,https://www.newsis.com/view/NISX20260923_0003802097,https://n.news.naver.com/mnews/article/003/0014210789?sid=102
서울대학교,NEWSIAN,한국씨티은행 차기 행장에 김경호 부행장…6년 만에 교체,1968년생인 김 후보자는 서울대 국제경제학과와 미국 매사추세츠공대(MIT) 경영전문대학원(MBA)을 졸업했다. 2001년 한국씨티은행에 입행해 대기업금융부장과 금융기업영업본부장 등을 거쳤다. 2021년 2월부터...,2026-09-23 13:46,http://www.newsian.co.kr/news/articleView.html?idxno=95918,http://www.newsian.co.kr/news/articleView.html?idxno=95918
연세대학교,텐아시아,"'대림 4세' 이주영, 美 로스쿨 떠나 연대생 됐다…""자국에서 유학하기""...","현재 미국 조지타운대학교 로스쿨에서 법학을 공부 중인 이주영은 교환학생 프로그램을 통해 연세대에서 학업을 이어가는 것으로 알려졌다. 미국이 아닌 한국에서 대학 생활을 보내게 된 그는 직접 ""자국에서 유학하기...",2026-09-23 13:45,https://www.tenasia.co.kr/article/2026092334664,https://m.entertain.naver.com/article/312/0000777294
서울대학교,YOUTHDAILY,한국씨티은행 차기 행장 김경호 부행장 낙점...기업금융 중심 전략 ‘방...,"1968년생인 김 부행장은 서울대 국제경제학과를 졸업하고 미국 매사추세츠공대(MIT)에서 경영전문대학원(MBA)을 마쳤다. 2001년 한국씨티은행에 입행한 이후 대기업금융부장, 금융기관본부장 등을 거쳤으며 2021년 2월부터...",2026-09-23 13:40,https://www.youthdaily.co.kr/news/article.html?no=227573,https://www.youthdaily.co.kr/news/article.html?no=227573
서울대학교,이투데이,[부음] 신영기(서울대학교 시흥캠퍼스 본부장ㆍ에이비온 대표이사)씨 모...,"이투데이=설경진 기자 | ▲최옥선 씨 별세, 신상범씨 부인상, 신영균ㆍ신영세ㆍ신영기(서울대학교 시흥캠퍼스 본부장ㆍ에이비온 대표이사)ㆍ신영미씨 모친상, 최윤라씨 시모상, 정삼기씨 장모상 = 삼성서울병원...",2026-09-23 13:40,https://www.etoday.co.kr/news/view/2629118,https://www.etoday.co.kr/news/view/2629118
서울대학교,NEWSJEJU,"제주대 빠진 '서울대 10개'…제주 ""평가기준 공개·후속지원 촉구""","정부의 '서울대 10개 만들기' 첫 패키지 지원 대상에서 제주대학교가 제외되자 제주도와 제주도의회, 제주대가 평가기준 공개와 미선정 대학에 대한 후속 지원을 한목소리로 요구했다. 위성곤 제주도지사와 송영훈...",2026-09-23 13:40,https://www.newsjeju.net/news/articleView.html?idxno=426259,https://www.newsjeju.net/news/articleView.html?idxno=426259
서울대학교,IFM,"구자은의 'AI 경영' 5년…LS그룹, 사업 성과로 승부한다",오후에는 윤송이 PVP 대표와 윤성로 서울대 교수 등 전문가들이 참여해 피지컬 AI 시대의 제조업 변화와 AI 사업화 전략을 논의했다. LS그룹은 앞으로도 퓨처데이에서 발굴한 기술과 혁신 사례를 계열사 전반으로...,2026-09-23 13:40,https://news.ifm.kr/news/articleView.html?idxno=480122,https://news.ifm.kr/news/articleView.html?idxno=480122
서울대학교,로이슈,"[기획시리즈 ②] 무심코 올린 그 이미지 | 개 얼굴 합성은 무죄, 두꺼비...",서울 강남구에서 종합보험대리점을 운영하며 유튜브 보험 방송을 진행하던 피고인은 모욕과 정보통신망법... 서울대 법학전문대학원이 주관하는 학봉상 제9회 법학논문 부문 대상 수상작인 천시훈의 논문은...,2026-09-23 13:38,http://www.lawissue.co.kr/view.php?ud=202609231324296483204ead0791_12,http://www.lawissue.co.kr/view.php?ud=202609231324296483204ead0791_12
고려대학교,TBS,"[변상욱쇼] 이승로 성북구청장 ""강북횡단선 민선9기때까지는 착공""",텐데 대학으로 읊으면 쉽죠. 고려대부터 시작을 해서 쭉 올라가면서 성신여대도 있을 것이고 ▲ 국민대... 관내에 있는 대학교 8개 대학 총장님들 뵙시다. 8개 대학 총학생회에 한번 모이십시오. 학생회들 모이시오. 여기서...,2026-09-23 13:38,http://tbs.seoul.kr/news/newsView.do?typ_800=7&idx_800=3538340&seq_800=20531234,http://tbs.seoul.kr/news/newsView.do?typ_800=7&idx_800=3538340&seq_800=20531234
연세대학교,DENTALNEWS,"연세대치과병원 등 6개 기관, 의료기기 글로벌 진출 협력","협약에는 강남세브란스병원, 삼성서울병원, 아주대학교병원, 연세대치과병원, 서울아산병원, 전북대학교병원이 참여했다. ‘글로벌 혁신의료기술 실증지원센터’는 미국·유럽 등 주요 해외시장에서 의료기기 규제가...",2026-09-23 13:36,https://www.dentalnews.or.kr/news/article.html?no=48240,https://www.dentalnews.or.kr/news/article.html?no=48240
고려대학교,팝콘뉴스,"""항암제 원료, 흔한 당으로 98% 만들었다""...고려대 연구팀, '효소 4종 이...",고려대학교(총장 김동원) 생명과학대학 식품공학과 및 대학원 융합생명공학과 김경헌 교수팀과 경북대학교 식품공학부 김동현 교수는 D-리보오스를 약품 원료인 L-리보오스로 98% 이상 바꾸는 데 성공했다고 23일...,2026-09-23 13:34,http://www.popcornnews.net/news/articleView.html?idxno=134065,http://www.popcornnews.net/news/articleView.html?idxno=134065
서울대학교,PUBLIC25,[부고] 신영기씨(서울대 시흥캠퍼스 본부장) 모친상,"△ 최옥선씨 별세, 신영기씨(서울대 시흥캠퍼스 본부장) 모친상 = 22일, 삼성서울병원 장례식장 20호실, 발인 24일 오전 11시 15분, 장지 제주 선영, (02)3410-3151 노혁진 객원기자",2026-09-23 13:32,https://www.public25.com/news/articleView.html?idxno=55313,https://www.public25.com/news/articleView.html?idxno=55313
고려대학교,PUBLIC25,[부고] 권영진씨(호텔뉴브 대표) 모친상,"△ 홍선자씨 별세, 권태석씨 부인상, 권영진(호텔뉴브 대표·고려대 문과대 교우회장)·은정씨(은정유치원 원장) 모친상, 고은미씨 시모상, 장재준씨(서울탁주제조협회장) 장모상 = 22일, 삼성서울병원 장례식장...",2026-09-23 13:32,https://www.public25.com/news/articleView.html?idxno=55312,https://www.public25.com/news/articleView.html?idxno=55312
서울대학교,베리타스알파,[단독] 서울대 2028수시 일반 '역량평가 면접' 예시문항 12종 공개.. 교과...,2028학년 서울대 수시 일반전형 면접은 어떻게 출제될까. 서울대는 23일 '2028학년도 수시모집 일반전형 면접 대비 예시 문항'을 공개했다. 앞서 2028학년 입학전형 주요사항과 수시 일반전형 역량평가 면접을 영상으로 안내한...,2026-09-23 13:30,https://www.veritas-a.com/news/articleView.html?idxno=629460,https://www.veritas-a.com/news/articleView.html?idxno=629460
서울대학교,스마트경제,"""중동발 위기부터 AI 기술패권까지""… 고려대·반기문재단, 한반도 평화...","고려대학교(총장 김동원) 통일융합연구원이 '보다나은미래를위한 반기문재단'과 함께 오는 29일 오후 2시... 김상배 서울대 교수가 '기술, 규범, 제도의 재편과 한국의 전략적 선택'을 발표한다. 토론에는 남성욱 숙명여대...",2026-09-23 13:28,http://www.dailysmart.co.kr/news/articleView.html?idxno=130229,http://www.dailysmart.co.kr/news/articleView.html?idxno=130229
고려대학교,스마트경제,"""중동발 위기부터 AI 기술패권까지""… 고려대·반기문재단, 한반도 평화...","'질서 이후의 질서: 국제안보의 재편과 한반도 평화'를 주제로 열리는 이번 심포지엄은 고려대 통일선도대학사업단의 후원으로 기획됐다. 양 기관은 지난 2023년 제1차(한미동맹), 2024년 제2차(북핵 위기), 2025년 제3차...",2026-09-23 13:28,http://www.dailysmart.co.kr/news/articleView.html?idxno=130229,http://www.dailysmart.co.kr/news/articleView.html?idxno=130229
연세대학교,스마트경제,"""중동발 위기부터 AI 기술패권까지""… 고려대·반기문재단, 한반도 평화...","고려대학교(총장 김동원) 통일융합연구원이 '보다나은미래를위한 반기문재단'과 함께 오는 29일 오후 2시... 권태경 연세대 정보대학원 교수가 'AI 기술패권과 안보 방어선: 한국의 공급망 주권 확보전략'을, 김상배 서울대...",2026-09-23 13:28,http://www.dailysmart.co.kr/news/articleView.html?idxno=130229,http://www.dailysmart.co.kr/news/articleView.html?idxno=130229
서울대학교,조선일보,‘서울대 10개 만들기’ 탈락에… 제주 “선정 기준 공개하라” 반발,"3줄 요약 ㆍ제주도·의회·제주대 공동 기자회견 열고 후속 대책 요구 ㆍ첫 패키지 지원 대학 부산대·전남대·충남대 3곳 선정 ㆍ미선정 대학 지속적 성장 기회 보장 촉구 제주도와 제주도의회, 제주대학교가 ‘서울대 10개...",2026-09-23 13:27,https://www.chosun.com/national/regional/2026/09/23/6DQ3F2EVB5AN7I6GUUPROUU5WI/?utm_source=naver&utm_medium=referral&utm_campaign=naver-news,https://n.news.naver.com/mnews/article/023/0004000086?sid=102
고려대학교,디지털투데이,"한국연구재단, 신임 나노·소재단장에 김수영 고려대 교수",한국연구재단은 국가전략연구본부 나노·소재단장에 김수영 고려대학교 신소재공학부 교수를 선임했다. [사진: 한국연구재단] 한국연구재단은 국가전략연구본부 나노·소재단장에 김수영 고려대학교 신소재공학부...,2026-09-23 13:24,https://www.digitaltoday.co.kr/news/articleView.html?idxno=702761,https://www.digitaltoday.co.kr/news/articleView.html?idxno=702761
고려대학교,베리타스알파,고려대-경북대 공동연구팀 흔한 당으로 항암제 원료 친환경 합성.. '효소...,"(왼쪽부터) 고려대 생명과학대학 식품공학과 및 대학원 융합생명공학과 김경헌 교수(교신저자), 경북대 식품공학부 김동현 교수(공동 교신저자),고려대 대학원 융합생명공학과 이자현 박사과정(제1저자)...",2026-09-23 13:24,https://www.veritas-a.com/news/articleView.html?idxno=629461,https://www.veritas-a.com/news/articleView.html?idxno=629461
고려대학교,TENNIS,[김종석의 그라운드] '브리지 대국' 중국으로 향하는 K브리지…대학생 ...,"한국브리지협회는 올해 5, 6월 고려대, 연세대 등 대학가를 찾아 브리지 홍보에 나섰습니다. 이후 7, 8월 두 달 동안 대학생들을 대상으로 집중 훈련을 진행했고 16명가량이 꾸준히 참가했습니다. 선발전을 거쳐 국제무대에...",2026-09-23 13:22,https://www.tennis.co.kr/news/articleView.html?idxno=53837,https://m.sports.naver.com/general/article/481/0000014296
서울대학교,TENNIS,[김종석의 그라운드] '브리지 대국' 중국으로 향하는 K브리지…대학생 ...,"한국 선수단에는 임장혁(동국대), 조현재(원주한라대), 김이래(동국대), 송예진(서울대), 주희원(동국대), 박현준(전북 유스 국가대표) 등이 이름을 올렸습니다. 이들의 국제무대 도전에는 불과 몇 달 전 시작된 대학...",2026-09-23 13:22,https://www.tennis.co.kr/news/articleView.html?idxno=53837,https://m.sports.naver.com/general/article/481/0000014296
연세대학교,TENNIS,[김종석의 그라운드] '브리지 대국' 중국으로 향하는 K브리지…대학생 ...,"한국브리지협회는 올해 5, 6월 고려대, 연세대 등 대학가를 찾아 브리지 홍보에 나섰습니다. 이후 7, 8월 두 달 동안 대학생들을 대상으로 집중 훈련을 진행했고 16명가량이 꾸준히 참가했습니다. 선발전을 거쳐 국제무대에...",2026-09-23 13:22,https://www.tennis.co.kr/news/articleView.html?idxno=53837,https://m.sports.naver.com/general/article/481/0000014296
서울대학교,이데일리,오늘의 부고 종합,"02-3410-3151 △최옥선 씨 별세, 신영기 씨(서울대 시흥캠퍼스 본부장) 모친상 = 22일, 삼성서울병원 장례식장 20호실, 발인 24일 오전 11시 15분, 장지 제주 선영. 02-3410-3151",2026-09-23 13:21,https://www.edaily.co.kr/News/Read?newsId=03417766645583072&mediaCodeNo=257&utm_source=naver&utm_medium=referral&utm_campaign=news_syndication&utm_content=original_article,https://n.news.naver.com/mnews/article/018/0006374939?sid=102
고려대학교,이데일리,오늘의 부고 종합,"032-651-0444 △홍선자 씨 별세, 권태석 씨 부인상, 권영진(호텔뉴브 대표·고려대 문과대 교우회장)·은정 씨(은정유치원 원장) 모친상, 고은미 씨 시모상, 장재준 씨(서울탁주제조협회장) 장모상 = 22일...",2026-09-23 13:21,https://www.edaily.co.kr/News/Read?newsId=03417766645583072&mediaCodeNo=257&utm_source=naver&utm_medium=referral&utm_campaign=news_syndication&utm_content=original_article,https://n.news.naver.com/mnews/article/018/0006374939?sid=102
서울대학교,GOSIWEEK,"디스에이블드·서울정석치과, 발달장애 예술가 작품 도입… 의료 환경 ...","이번 협업은 서울정석치과가 지향하는 환자 중심 진료 방침과 맥을 같이한다. 김진석 대표원장은 서울대학교 치과대학·치의학대학원을 졸업하고 서울대학교 치과병원 종합진료실에서 근무했으며, 하희찬 원장 역시 동...",2026-09-23 13:20,https://www.gosiweek.com/article/1065586575261499,https://www.gosiweek.com/article/1065586575261499
연세대학교,이투데이,"정부, 에스컬레이터 '두줄서기' 캠페인 중단…안전 수칙 강화",행안부는 지난달 29일 연세대학교 백양누리에서 국민 200여 명과 전문가가 참여한 가운데 열린 '에스컬레이터 안전 이용 문화 개선' 모두의 토론회 결과를 바탕으로 이런 내용의 후속 조치를 추진한다고 23일 밝혔다....,2026-09-23 13:18,https://www.etoday.co.kr/news/view/2629101,https://www.etoday.co.kr/news/view/2629101
서울대학교,GOSIWEEK,[최창호 변호사의 법조단상] 면책특권,"최창호 변호사 서울대 사법학과 학·석사 출신으로 1989년 31회 사법시험에 합격했다. 사법연수원, 군법무관을 거쳐 1995년에 검사로 임용되어 공안, 기획, 특수, 강력, 의료, 식품, 환경, 외국인범죄, 산업안전, 명예훼손...",2026-09-23 13:16,https://www.gosiweek.com/article/1065586218407651,https://www.gosiweek.com/article/1065586218407651
서울대학교,RAONNEWS,스타도 예외 없다...결혼 후 시댁서 전 부치는 K-며느리들,10살 연상 서울대 출신 금융인과 결혼한 효민은 첫 명절 때 그냥 (몸만) 오라는 시어머니의 이야기를 듣고 형님에게 물어 따로 전을 부쳐갔다고 회상했다. 고소영은 그런 효민을 칭찬하며 자신 역시 결혼 후 맞은 첫 명절에...,2026-09-23 13:14,https://www.raonnews.com/news/article.html?no=61377,https://www.raonnews.com/news/article.html?no=61377
고려대학교,CHIEFEXE,"[석학의 서재] 제국의 물길에서 읽는 역사 ‘대운하 시대, 세상을 연결...","조영현 고려대 역사교육과 교수의 ‘대운하 시대, 세상을 연결한 부의 통로’는 이러한 15세기 중국의 해금 정책과 21 세기 일대일로에 대한 해답을 명쾌하게 제시한다. 그리고 수운(水運)이 확립된 1415년부터 1784년까지...",2026-09-23 13:12,https://www.chiefexe.com/news/ArticleView.asp?listId=NTA0NXx8bGltaXRfZmFsc2Ug,https://www.chiefexe.com/news/ArticleView.asp?listId=NTA0NXx8bGltaXRfZmFsc2Ug
고려대학교,CHIEFEXE,[이동훈 법무법인 바른 총괄대표변호사] 법률은 사업의 마지막 아닌 시...,"1968년 生 / 고려대 법과대학 / 1991 제33회 사법시험 합격 / 1994 사법연수원 제23기 수료 / 1994~1997 공군법무관 / 1997~2004 대전지방법원, 수원지방법원 판사 / 2004~2005 미국 미시간대 연수 / 2005~2007 서울중앙지방법원, 서울고...",2026-09-23 13:12,https://www.chiefexe.com/news/ArticleView.asp?listId=NTAzMXx8bGltaXRfZmFsc2Ug,https://www.chiefexe.com/news/ArticleView.asp?listId=NTAzMXx8bGltaXRfZmFsc2Ug
서울대학교,LGHELLOVISION,"[자막뉴스] 부산대 수시 대박, 그러나 취업 문제는?","정부의 서울대 10개 만들기 첫 지원 대학으로 부산대학교가 선정되고 수시모집 경쟁률도 껑충 뛰어올랐지만, 보도 이후 시청자들의 반응은 기대와 우려가 교차했습니다. ""있던 기업도 떠난다"" ""결국 졸업하면 서울로 취업할...",2026-09-23 13:12,http://news.lghellovision.net/news/articleView.html?idxno=556171,http://news.lghellovision.net/news/articleView.html?idxno=556171
서울대학교,JEJUDOMIN,"제주대학교, 정부 S-10 사업 미선정 '날벼락'","제주대학교가 정부가 추진중인 '서울대 10개 만들기'(S-10) 패키지 지원사업에 선정되지 못하자 제주도, 제주도의회와 공동 대응에 나섰다. 제주도와 제주도의회, 제주대는 23일 제주도청 기자실에서 공동 입장문을 발표하고...",2026-09-23 13:12,https://www.jejudomin.co.kr/news/articleView.html?idxno=400575,https://www.jejudomin.co.kr/news/articleView.html?idxno=400575
서울대학교,CHIEFEXE,"[스타트업을 가다] 카메라 14대가 빚어낸 계산대의 진화, 파인더스에이...","VCO가 도입된 베이커리 뚜주류(위)와 일본 니세코 리조트 레스토랑(아래) 사람과 AI가 함께 일하는 조직 파인더스에이아이는 카이스트와 서울대 출신을 비롯한 비전 AI 연구 인력, 엔지니어와 다양한 분야의 리테일 및 B2B...",2026-09-23 13:12,https://www.chiefexe.com/news/ArticleView.asp?listId=NTAzOHx8bGltaXRfZmFsc2Ug,https://www.chiefexe.com/news/ArticleView.asp?listId=NTAzOHx8bGltaXRfZmFsc2Ug
연세대학교,파이낸셜뉴스,"현대해상, 청년 미래역량 키운다… '프로젝트 트레일마크' 첫선","여기에 대학생 사회혁신 활동 지원 단체인 인액터스와 점프가 현장 연계를 담당한다. 전문성을 더할 자문위원단에는 염재호 태재대학교 총장, 장용석 연세대학교 교수, 엄윤미 아산나눔재단 이사장, 김성준 국민대학교...",2026-09-23 13:11,https://www.fnnews.com/news/202609231304453194,https://n.news.naver.com/mnews/article/014/0005580297?sid=101
서울대학교,DENTALNEWS,"초고령사회 통합돌봄 6개월, 치과는 어디에 있나?","서울시치과의사회(회장 신동열)는 지난 7월 ‘돌봄통합특별위원회(위원장 조은영)’의 출범을 알렸다.... 건보재정 기반 수가 설계, ‘방문치과진료’ 시범사업 서둘러야 발제에 나선 고홍섭 교수(서울대치의학대학원)...",2026-09-23 13:10,https://www.dentalnews.or.kr/news/article.html?no=48282,https://www.dentalnews.or.kr/news/article.html?no=48282
서울대학교,서울신문,"“왜 제주대는 빠졌나”… 제주도·도의회·제주대, ‘서울대 10개 만들...","‘서울대 10개 만들기’(S-10) 패키지 지원사업에서 제주대학교가 제외되자 제주도와 제주도의회, 제주대가 공동 대응에 나섰다. 3개 기관은 정부에 평가 기준과 절차를 공개하고, 제주처럼 지리적·산업적 특수성을 가진...",2026-09-23 13:10,https://www.seoul.co.kr/news/society/2026/09/23/20260923500123?wlog_tag3=naver,https://n.news.naver.com/mnews/article/081/0003683060?sid=102
서울대학교,AFLNEWS,농경연 원장 후보 3배수 압축...국승용·박준기·박경철,"국승용 선임연구위원은 서울대 농경제학과에서 박사학위를 받은 후 2008년 농경연 부연구위원으로 농경연... 박경철 연구위원은 서울대에서 농경제사회학 석사, 베이징대 사회학 박사 학위를 받았으며 2003~2007년 농경연...",2026-09-23 13:08,https://www.aflnews.co.kr/news/articleView.html?idxno=328851,https://www.aflnews.co.kr/news/articleView.html?idxno=328851
고려대학교,조선비즈,국정원이 일원화하는 공공 클라우드 보안 검증… 국내 “역차별” 해외...,함께 고려해야 한다”고 했다. 공공 클라우드 시장은 그동안 CSAP 중 등급을 확보한 국내 사업자가 주도해... 김승주 고려대 정보보호대학원 교수는 이번 개편이 글로벌 스탠더드와 괴리가 있다고 봤다. 김 교수는...,2026-09-23 13:07,https://biz.chosun.com/it-science/ict/2026/09/23/3GRSHWIAJ5CNTOJZ75EERTA2NM/?utm_source=naver&utm_medium=original&utm_campaign=biz,https://n.news.naver.com/mnews/article/366/0001194191?sid=105
서울대학교,한경매거진,차기 씨티은행장에 김경호 부행장 내정...6년 만에 수장 바뀐다,"김 부행장은 기업금융 전문가로, 서울대 국제경제학과를 졸업하고 미국 매사추세츠공대(MIT)에서 경영학 석사(MBA) 학위를 취득했다. 1992년 삼성물산 입사, 2000년 맥킨지앤드컴퍼니 컨설턴트, 2001년 씨티은행 서울지점...",2026-09-23 13:06,https://magazine.hankyung.com/money/article/202609233393c,https://magazine.hankyung.com/money/article/202609233393c
서울대학교,FARMNMARKET,"팜한농, 도심형팜이 만드는 새로운 도시문화 모색","이수연 서울시립대학교 교수는 ‘정원도시에서 도심형팜으로, 자연-기술-사람을 연결하는 새로운 도시... 이어진 ‘공공 정책·R&D’ 세션에서는 김세훈 서울대학교 교수가 ‘도심형팜, 도시, 라이프스타일’을 주제로...",2026-09-23 13:06,https://www.farmnmarket.com/news/article.html?no=27952,https://www.farmnmarket.com/news/article.html?no=27952
연세대학교,뉴스웨이,"주택 편중 벗어나는 금호건설, 도심복합·첨단산업·에너지로 수주 다각...","인천 송도국제도시 연세대 국제캠퍼스 내에 지하 3층~지상 13층, 연면적 14만5000㎡ 규모로 조성되며 2028년 준공을 목표로 한다. 금호건설은 현재 원주세브란스기독병원 새병원(2272억원)을 시공 중이고 원주연세의료원...",2026-09-23 13:06,https://www.newsway.co.kr/news/view?ud=2026092312575957759,https://www.newsway.co.kr/news/view?ud=2026092312575957759
서울대학교,CCNNEWS,"에너지연, 제20대 정학근 원장 취임...""소모적 관행 깨고 수직적 도약""","전남대 전기공학 학사, 광주과학기술원 석사를 거쳐 서울대에서 기계항공공학 박사 학위를 받은 정 원장은 1998년 입사 후 에너지효율연구본부장을 역임했다. 과학기술정보통신부 한계도전 연구개발위원회 기획위원...",2026-09-23 13:02,http://www.ccnnews.co.kr/news/articleView.html?idxno=415415,http://www.ccnnews.co.kr/news/articleView.html?idxno=415415
고려대학교,CCNNEWS,"한국연구재단, 김수영 신임 나노·소재단장 선임","조지아공과대학교와 포스텍에서 후속연구원(Post Doc.)을 거쳐 시카고대학교 방문학자로 활동했으며, 중앙대학교 화학공학과 교수 및 고려대학교 신소재공학부 교수를 지내며 학술 역량을 쌓아왔다. 학계와 연구...",2026-09-23 13:02,http://www.ccnnews.co.kr/news/articleView.html?idxno=415419,http://www.ccnnews.co.kr/news/articleView.html?idxno=415419
서울대학교,뉴스1,[부고] 신영기 씨(서울대 시흥캠퍼스 본부장) 모친상,"■ 최옥선 씨 별세, 신영기 씨(서울대 시흥캠퍼스 본부장·에이비온 대표이사) 모친상 = 22일, 삼성서울병원 장례식장 20호실, 발인 24일 오전 11시 15분, 장지 제주시 조천읍 선영. (02)3410-3151 * 부고 게재 문의는...",2026-09-23 13:00,https://www.news1.kr/society/education/6300316,https://n.news.naver.com/mnews/article/421/0009188835?sid=102
고려대학교,뉴스1,[부고] 권영진 씨(호텔뉴브 대표) 모친상,"■ 홍선자 씨 별세, 권태석 씨 부인상, 권영진(호텔뉴브 대표·고려대 문과대 교우회장)·은정 씨(은정유치원 원장) 모친상, 고은미 씨 시모상, 장재준 씨(서울탁주제조협회장) 장모상 = 22일, 삼성서울병원 장례식장...",2026-09-23 12:57,https://www.news1.kr/society/general-society/6300313,https://n.news.naver.com/mnews/article/421/0009188817?sid=102
연세대학교,스포티비뉴스,"'대림 4세' 이주영, 연대생 됐다…미모부터 지성까지 ""자국에서 유학하...","이주영이 연세대 교환학생이 됐다. 이주영은 23일 자신의 SNS에 '자국에서 유학하기. 연세 교환학생의... 이주영은 현재 조지타운 대학교 로스쿨에서 법학을 전공하고 있으나, 이번 교환학생 기회를 통해 연세대 로스쿨에...",2026-09-23 12:57,https://www.spotvnews.co.kr/news/articleView.html?idxno=1009170,https://m.entertain.naver.com/article/477/0000629573
서울대학교,FPN119,"종로소방서, 펌뷸런스대원 응급처치 기본소생술 교육","교육에는 펌뷸런스 대원과 운전원이 참여했으며 서울대학교병원 응급의학과 전문의 김윤직, 응급구조사 최명재ㆍ서지원이 강사로 나서 현장 대응에 필요한 이론과 실습 교육을 진행했다. 주요 교육 내용은 기본소생술을...",2026-09-23 12:56,http://fpn119.co.kr/257138,http://fpn119.co.kr/257138
서울대학교,매일신문,"김근식 ""李, 국가 멈춰 세웠다…자신 입맛 22명 대법관 인사 위한 '군기...","김근식 국민의힘 서울 송파병 당협위원장이 대법관 후보 재제청을 둘러싼 이재명 대통령과 조희대... 이어 서울대 총장 선출 절차를 예로 들며 대통령의 임명권은 후보 선출·제청 뒤 이뤄지는 ""최종의 형식적 승인절차...",2026-09-23 12:54,https://www.imaeil.com/page/view/2026092312530682786,https://n.news.naver.com/mnews/article/088/0001030266?sid=100
고려대학교,HITNEWS,"엘앤씨바이오 ""메가카티, 환자 평가서 통증 49→12.6 감소 효과""",행사에서는 장기모 고려대학교 교수가 'Beyond Microfracture: The Emerging Role of MegaCarti in Knee Cartilage Regeneration'을 주제로 메가카티를 활용한 무릎 연골 재생 치료와 4년간의 추적 결과를 발표했다. 연구진은...,2026-09-23 12:54,https://www.hitnews.co.kr/news/articleView.html?idxno=79381,https://www.hitnews.co.kr/news/articleView.html?idxno=79381
서울대학교,뉴스핌,"[정국진단] 윤상현 ""조희대, 李대통령이 퇴임 뒤 대비한 '명픽 대법원' ...","◆프로필 -1962년생(충남 청양) -영등포고, 서울대 경제학 학사, 조지타운대 외교대학원 외교학 석사, 조지워싱턴대 국제정치대학원 정치학 박사 -제18·19·20·21·22대 국회의원(인천 동·미추홀을), 국민의힘 인천 동구...",2026-09-23 12:51,https://www.newspim.com/news/view/20260923000650,https://www.newspim.com/news/view/20260923000650
고려대학교,뉴시스,"3대3 여자 농구, 싱가포르 격파…3전 전승·8강 직행[나고야AG]","구민교(성균관대), 김승우, 이주영(이상 연세대), 이동근(고려대) 등 대학생 선수들로 구성된 3대3 남자 농구는 자카르타·팔렘방 대회에서 은메달을 수확한 바 있다．",2026-09-23 12:47,https://www.newsis.com/view/NISX20260923_0003801936,https://n.news.naver.com/mnews/article/003/0014210644?sid=104
연세대학교,뉴시스,"3대3 여자 농구, 싱가포르 격파…3전 전승·8강 직행[나고야AG]","구민교(성균관대), 김승우, 이주영(이상 연세대), 이동근(고려대) 등 대학생 선수들로 구성된 3대3 남자 농구는 자카르타·팔렘방 대회에서 은메달을 수확한 바 있다．",2026-09-23 12:47,https://www.newsis.com/view/NISX20260923_0003801936,https://n.news.naver.com/mnews/article/003/0014210644?sid=104
서울대학교,MEDIAWATCH,[법조인 문학관] 가을 엽서 17 – 주광일,1979년 서울대학교 대학원에서 법학박사 학위를 취득했다. 2006년에는 미국 노스웨스턴대학교 로스쿨을... 서울지방검찰청 북부지청 차장검사로 있던 1989년 9월 18일부터 나흘간 홍콩에서 열린 아시아지역법률가회의에...,2026-09-23 12:44,https://www.mediawatch.kr/news/article.html?no=261165,https://www.mediawatch.kr/news/article.html?no=261165
고려대학교,EDUPRESS,"김진효 용산고 교장 ""장학금 100억 .. 4만 여 동문과 명문 전통 이어갈 ...","22회 졸업생들은 당해 연도에만 서울대 102명, 고려대 66명, 연세대 77명에 합격했다. 이후에도 4년제 대학에 100여 명 이상 합격하는 등 지금까지 최고의 명문고로 4만여 동문을 배출했다."" - 용산고의 강점으로 꼽히는 것이...",2026-09-23 12:40,https://www.edupress.kr/news/articleView.html?idxno=30481,https://www.edupress.kr/news/articleView.html?idxno=30481
서울대학교,EDUPRESS,"김진효 용산고 교장 ""장학금 100억 .. 4만 여 동문과 명문 전통 이어갈 ...","학문의 용산이란 명성에 걸맞게 5회 졸업생 전유방 선배가 서울대 전체 수석에 올랐다. 22회 졸업생들은 당해... ""용산고는 한때 서울 5대 공립으로 불리며 명성을 날렸지만 강남 개발로 주변 인구가 빠져나가면서 위기를...",2026-09-23 12:40,https://www.edupress.kr/news/articleView.html?idxno=30481,https://www.edupress.kr/news/articleView.html?idxno=30481
고려대학교,EBS,몸집 키운 '무전공'…엇갈린 성적표,"지난해 정시에서도 서울대와 연세대, 고려대 등 주요 대학의 일부 무전공 모집단위에서 등록 포기가 늘었습니다. 인터뷰: 조만기 교사 / 경기 남양주다산고등학교 ""무전공 (경쟁률이) 전반적으로 떨어진 건 맞아요....",2026-09-23 12:40,http://news.ebs.co.kr/ebsnews/allView/60772057/N,http://news.ebs.co.kr/ebsnews/allView/60772057/N
고려대학교,메디칼타임즈,내시경 수술로봇 기업 엔도로보틱스 IPO 본격 시동,"엔도로보틱스는 김병곤 대표와 고려대 홍대희 교수 연구팀이 2012년부터 과학기술정보통신부·한국연구재단... 김병곤 엔도로보틱스 대표는 ""최고의 기술력을 보유하고 있으면서도 항상 시장의 반응을 최우선으로 고려...",2026-09-23 12:40,https://www.medicaltimes.com/Main/News/NewsView.html?ID=1170864&ref=naverpc,https://www.medicaltimes.com/Main/News/NewsView.html?ID=1170864&ref=naverpc
연세대학교,EBS,몸집 키운 '무전공'…엇갈린 성적표,"지난해 정시에서도 서울대와 연세대, 고려대 등 주요 대학의 일부 무전공 모집단위에서 등록 포기가 늘었습니다. 인터뷰: 조만기 교사 / 경기 남양주다산고등학교 ""무전공 (경쟁률이) 전반적으로 떨어진 건 맞아요....",2026-09-23 12:40,http://news.ebs.co.kr/ebsnews/allView/60772057/N,http://news.ebs.co.kr/ebsnews/allView/60772057/N
연세대학교,EDUPRESS,"김진효 용산고 교장 ""장학금 100억 .. 4만 여 동문과 명문 전통 이어갈 ...","22회 졸업생들은 당해 연도에만 서울대 102명, 고려대 66명, 연세대 77명에 합격했다. 이후에도 4년제 대학에 100여 명 이상 합격하는 등 지금까지 최고의 명문고로 4만여 동문을 배출했다."" - 용산고의 강점으로 꼽히는 것이...",2026-09-23 12:40,https://www.edupress.kr/news/articleView.html?idxno=30481,https://www.edupress.kr/news/articleView.html?idxno=30481
서울대학교,매일신문,"로봇산업진흥원, 체코에 협력거점…유럽 진출 교두보","한국전자기술연구원과 서울대, 화승알앤에이, 진흥원, 프라하공대는 인공지능(AI) 기반 로봇 운영 플랫폼과 원격관제·디지털트윈 기술을 개발하고 체코 제조현장에서 검증할 계획이다. 산업용 모바일 휴머노이드...",2026-09-23 12:40,https://www.imaeil.com/page/view/2026092312393257117,https://n.news.naver.com/mnews/article/088/0001030263?sid=101
서울대학교,EBS,몸집 키운 '무전공'…엇갈린 성적표,"올해 수시에서는 서울대와 서울시립대 등 일부 주요 대학의 무전공 모집 경쟁률이 지난해보다 낮아졌습니다. 지난해 정시에서도 서울대와 연세대, 고려대 등 주요 대학의 일부 무전공 모집단위에서 등록 포기가...",2026-09-23 12:40,http://news.ebs.co.kr/ebsnews/allView/60772057/N,http://news.ebs.co.kr/ebsnews/allView/60772057/N
서울대학교,법률신문,"이재근 율촌 변호사, '아시아 지역 분쟁해결 우수 변호사 50인' 선정","반포고와 서울대 법대를 나온 이 변호사는 1996년 제38회 사법시험에 합격했다. 서울지법 판사, 서울고법 판사, 대구지법 부장판사, 대법원 재판연구관 등으로 17년간 법관으로 재직했다. 2019년 변호사로 개업해...",2026-09-23 12:38,https://www.lawtimes.co.kr/news/articleView.html?idxno=226862,https://www.lawtimes.co.kr/news/articleView.html?idxno=226862
서울대학교,스포츠경향,"‘김다현 공개 비판’ 심수봉, 조카 손주 손태진도 방송에서 나무랐다","손태진은 서울대 성악과를 졸업한 바리톤 성악가 겸 트로트 가수로, 2022년 MBN ‘불타는 트롯맨’에서 우승을 차지했다. 심수봉과는 이모할머니와 조카 손주의 관계로 알려졌다.",2026-09-23 12:36,https://sports.khan.co.kr/article/202609231235003?pt=nv,https://m.entertain.naver.com/article/144/0001140072
연세대학교,DOCTORSNEWS,"""시장에 맡겨진 의사 공급, 필요한 곳보다 선택받는 곳으로""","이상규 연세대 융합보건의료대학원 교수(바이오헬스산업학과), 박준영 대한전공의협의회 정책이사(연세의대 예방의학교실) 연구팀은 최근 '2024~2025년 의료위기 기간 한국 일반의 분포 변화' 연구 결과를...",2026-09-23 12:26,http://www.doctorsnews.co.kr/news/articleView.html?idxno=166487,http://www.doctorsnews.co.kr/news/articleView.html?idxno=166487
연세대학교,GOODKYUNG,"[금융 이모저모] 하나은행, 청소년 대상 AI 게임 창작대회 개최","또 프로젝트의 방향성과 전문성을 높이기 위해 교육, HR, 사회혁신 분야 전문가 6인으로 자문위원단을 구성했으며, 염재호 태재대학교 총장, 장용석 연세대 교수, 엄윤미 아산나눔재단 이사장, 김성준 국민대 교수, 서현선...",2026-09-23 12:24,https://www.goodkyung.com/news/articleView.html?idxno=291726,https://www.goodkyung.com/news/articleView.html?idxno=291726
고려대학교,MHNSE,"영탁, 3년 만에 정규 앨범→지상파 3사 휩쓸었다…전곡 플레이 '35분' 콘...","화제성에 힘입어 영탁은 오는 10월 3일부터 5일까지 서울 고려대학교 화정체육관에서 단독 콘서트 'TAK SHOW5'를 개최한다. 이어 10월 24~25일 전주, 11월 28~29일 대구, 12월 19~20일 인천, 내년 1월 16~17일 부산에서...",2026-09-23 12:23,https://mhnse.com/news/articleView.html?idxno=1558261,https://m.entertain.naver.com/article/445/0000468169
서울대학교,MEDIAJEJU,"""국가거점국립대 대한 정부의 지원, 공정하게 선정됐는가?""","정부의 서울대 10개 만들기 정책 일환으로 추진되는 '국가거점국립대 패키지 지원사업'에 제주대가 탈락하고... 국가거점국립대 패키지 지원사업은 정부의 '서울대 10개 만들기 정책'의 일환으로 추진되는 것으로, 수도권의...",2026-09-23 12:20,https://www.mediajeju.com/news/articleView.html?idxno=366437,https://www.mediajeju.com/news/articleView.html?idxno=366437
서울대학교,MHNSE,"'김다현 저격' 심수봉, '조카 손주' 손태진에게도 쓴소리 '따끔'…""고난...","손태진은 서울대학교 성악과를 졸업한 베이스 바리톤 성악가 겸 트로트 가수로, 2022년 MBN '불타는 트롯맨'에서 최종 우승을 차지하며 스타덤에 올랐다. 심수봉과는 이모할머니와 조카-손주 관계다.",2026-09-23 12:20,https://mhnse.com/news/articleView.html?idxno=1558239,https://m.entertain.naver.com/article/445/0000468167
고려대학교,GREENED,[셀리드 줌업] 강창율 대표의 결단…오너십 포기하고 'R&D 승부수'①,"경영진이 고려대학교기술지주(고려대지주)가 설립한 회사에 경영권을 넘긴다는 점이다. 새 최대주주... 기존 강 대표 지분율 등을 고려하면 30억~50억원 수준이 될 것으로 보인다. 셀리드 측은 규모에 대해 ""공시사항...",2026-09-23 12:19,https://www.greened.kr/news/articleView.html?idxno=350636,https://www.greened.kr/news/articleView.html?idxno=350636
서울대학교,GREENED,[셀리드 줌업] 강창율 대표의 결단…오너십 포기하고 'R&D 승부수'①,"눈에 띄는 점은 잇딴 유상증자에도 불구하고, 핵심 파이프라인의 상용화에 성공하지 못한 서울대 약학대 주축 경영진이 고려대학교기술지주(고려대지주)가 설립한 회사에 경영권을 넘긴다는 점이다. 새 최대주주...",2026-09-23 12:19,https://www.greened.kr/news/articleView.html?idxno=350636,https://www.greened.kr/news/articleView.html?idxno=350636
연세대학교,서울신문,"정부, 에스컬레이터 ‘두 줄 서기’ 캠페인 중단",행정안전부는 지난달 29일 연세대학교 백양누리에서 국민 200여 명과 전문가가 참여한 가운데 열린... 허윤섭 한국승강기대학교 교수는 에스컬레이터 위에서 걸으면 발판에 전해지는 충격이 커져 설비에 무리가 간다고...,2026-09-23 12:16,https://www.seoul.co.kr/news/society/2026/09/23/20260923500112?wlog_tag3=naver,https://n.news.naver.com/mnews/article/081/0003683050?sid=102
서울대학교,베리타스알파,고려대 통일융합연구원 반기문재단과 제4차 공동 심포지엄 개최.. '질서...,"권태경 연세대 정보대학원 교수(AI 보안연구회 회장)가 'AI 기술패권과 안보 방어선: 한국의 공급망 주권 확보전략'을, 김상배 서울대 교수(정보세계정치학회장)가 '기술, 규범, 제도의 재편과 한국의 전략적 선택'을...",2026-09-23 12:12,https://www.veritas-a.com/news/articleView.html?idxno=629400,https://www.veritas-a.com/news/articleView.html?idxno=629400
연세대학교,베리타스알파,고려대 통일융합연구원 반기문재단과 제4차 공동 심포지엄 개최.. '질서...,"권태경 연세대 정보대학원 교수(AI 보안연구회 회장)가 'AI 기술패권과 안보 방어선: 한국의 공급망 주권 확보전략'을, 김상배 서울대 교수(정보세계정치학회장)가 '기술, 규범, 제도의 재편과 한국의 전략적 선택'을...",2026-09-23 12:12,https://www.veritas-a.com/news/articleView.html?idxno=629400,https://www.veritas-a.com/news/articleView.html?idxno=629400
서울대학교,뉴데일리경제,한국씨티은행 6년 만에 수장 교체 … 25년 ‘씨티맨’ 김경호 낙점,"1968년생인 김 후보는 서울대 국제경제학과를 졸업하고, 미국 매사추세츠공과대학(MIT) 경영전문대학원(MBA)을 마쳤다. 2001년 한국씨티은행 입행 후 대기업금융부장, 금융기관본부장 등을 역임했으며 2021년 2월부터...",2026-09-23 12:12,https://biz.newdaily.co.kr/site/data/html/2026/09/23/2026092300195.html,https://biz.newdaily.co.kr/site/data/html/2026/09/23/2026092300195.html
고려대학교,베리타스알파,고려대 통일융합연구원 반기문재단과 제4차 공동 심포지엄 개최.. '질서...,고려대 통일선도대학사업단이 후원한다. 행사는 김동원 고려대 총장의 환영사로 시작한다. 이어 반기문 제8대 UN 사무총장이 기조강연자로 나서 '격변하는 국제질서에서 대한민국의 역할' 등을 주제로 통찰을 공유한다....,2026-09-23 12:12,https://www.veritas-a.com/news/articleView.html?idxno=629400,https://www.veritas-a.com/news/articleView.html?idxno=629400
연세대학교,한국경제,"다 같은 전자담배인 줄 알았는데…""디스크 위험 천차만별""",연세대학교 의과대학과 국민건강보험공단 일산병원 공동연구팀은 국민건강보험공단 건강검진 및 청구자료를 활용해 성인 326만5293명의 척추 디스크 질환 발생 위험을 분석한 결과를 국제학술지 ‘더 스파인 저널(The Spine...,2026-09-23 12:11,https://www.hankyung.com/article/202609232721i,https://n.news.naver.com/mnews/article/015/0005335582?sid=105
고려대학교,베리타스알파,고려대 코리아타임스 우수대학랭킹 2027서 2년 연속 종합 1위.. '교육/연...,"김동원 총장은 ""코리아타임스 우수대학랭킹에서 고려대가 올해도 1위에 오른 것은 글로벌 캠퍼스를 목표로 삼아 교육과 연구, 학생 지원 전반에서 국제화를 꾸준히 추진한 구성원 모두의 노력 덕분""이라고 말했다....",2026-09-23 12:10,https://www.veritas-a.com/news/articleView.html?idxno=629398,https://www.veritas-a.com/news/articleView.html?idxno=629398
서울대학교,의학신문,"서울대어린이병원, 척수이형성증 환아 '발 관리' 교육",서울대어린이병원이 척수이형성증 환아와 가족들이 일상에서 겪는 발 변형과 상처 관리의 어려움을 덜기 위한 교육의 장을 마련했다. 서울대어린이병원 척수이형성증 클리닉팀은 최근 환자와 보호자를 대상으로 '제16회...,2026-09-23 12:10,https://www.bosa.co.kr/news/articleView.html?idxno=3012773,https://www.bosa.co.kr/news/articleView.html?idxno=3012773
서울대학교,뉴시스,"'서울대 10개 만들기' 제주대 탈락…""후속지원 제시하라""","제주대학교가 정부의 '서울대 10개 만들기'(S-10) 패키지 지원사업에 선정되지 못한 가운데 제주도와 도의회, 제주대가 ""정부가 미선정 대학에 대한 지원 시기와 규모, 후속 지원 방향을 조속히 제시해야 한다""고 촉구했다....",2026-09-23 12:09,https://www.newsis.com/view/NISX20260923_0003801964,https://n.news.naver.com/mnews/article/003/0014210476?sid=102
서울대학교,약사공론,'세계의 약상자' 뉴저지에 가다…동국대 약대생들의 Rutgers 탐방기,"이번 프로그램에는 동국대학교를 비롯하여 서울대학교, 성균관대학교, 이화여자대학교 등 4개 약학대학의 학생들이 참여하였으며, 프로그램은 미국 약학대학의 교육과 연구, 임상 및 제약산업 현장을 두루 경험할 수...",2026-09-23 12:08,https://www.kpanews.co.kr/news/articleView.html?idxno=544626,https://www.kpanews.co.kr/news/articleView.html?idxno=544626
서울대학교,오마이뉴스,"이재명 정부 1년, 학교가 기다린 교육개혁은 어디에?",'서울대 10개 만들기'처럼 눈길을 끄는 구상은 있었다. 교육의 지역 격차를 줄이겠다는 방향에도 공감한다.... 교육부와 한국대학교육협의회는 전산 기록을 심사해 354건의 접수를 최종 구제했다. 피해를 구제한 것은 필요한...,2026-09-23 12:06,https://www.ohmynews.com/NWS_Web/View/at_pg.aspx?CNTN_CD=A0003269905&CMPT_CD=P0010&utm_source=naver&utm_medium=newsearch&utm_campaign=naver_news,https://n.news.naver.com/mnews/article/047/0002530083?sid=102
서울대학교,LIVEBIZ,한국씨티은행 차기 행장 후보에 '기업금융통' 김경호 부행장,"김 부행장은 1968년생으로 서울대 국제경제학과, 미국 매사추세츠공대(MIT) 경영전문대학원(MBA)을 졸업했다. 2001년 한국씨티은행에 입행한 뒤 대기업금융부장, 금융기관본부장 등을 거쳐 2021년 2월부터 기업금융그룹...",2026-09-23 12:00,https://www.livebiz.today/news/articleView.html?idxno=205093,https://www.livebiz.today/news/articleView.html?idxno=205093
고려대학교,매일일보,"이투스에듀 ""2028학년도 정시, 학생부 반영… 자퇴 후 수능 집중 신중해...",점도 고려해야 한다고 설명했다. 특히 2028학년도에는 주요 대학의 일부 정시 전형에서 학생부 평가를... 고려대 교과우수전형은 의학과를 제외하고 수능 80%와 학생부교과 20%를 반영한다. 서강대 지역균형전형은...,2026-09-23 11:56,https://www.m-i.kr/news/articleView.html?idxno=1417817,https://www.m-i.kr/news/articleView.html?idxno=1417817
서울대학교,매일일보,"이투스에듀 ""2028학년도 정시, 학생부 반영… 자퇴 후 수능 집중 신중해...","서울대 일반전형은 의과대와 수의과대를 제외한 모집단위에서 1단계 수능 성적으로 3배수를 선발한 뒤, 2단계에서 수능 60%와 교과역량평가 40%를 반영할 계획이다. 교과역량평가에서는 교과학습발달상황과 출결상황...",2026-09-23 11:56,https://www.m-i.kr/news/articleView.html?idxno=1417817,https://www.m-i.kr/news/articleView.html?idxno=1417817
연세대학교,국제뉴스,"서원대-원주시 소공인복합지원센터, AI·로봇 인재 양성 맞손","이번 협력은 대학의 AI·로봇 교육 역량과 지역 산업계의 요구를 접목해, 학생들이 산업 현장에서 필요로... 이어 ""연세대학교 미래캠퍼스, 원주시 소공인복합지원센터와의 기존 협력 기반에 서원대학교가 더해지면서...",2026-09-23 11:56,https://www.gukjenews.com/news/articleView.html?idxno=3704530,https://www.gukjenews.com/news/articleView.html?idxno=3704530
연세대학교,중앙일보,"에스컬레이터 한줄? 두줄?...정부, 두줄서기 접고 ‘이것’ 택했다",행정안전부는 지난달 29일 서울 서대문구 연세대에서 국민 200여 명과 전문가들이 참여한 ‘모두의 토론회: 에스컬레이터 어떻게 타야 안전할까’에서 나온 의견과 결과를 토대로 이 같은 후속 조치를 추진한다고 23일...,2026-09-23 11:56,https://www.joongang.co.kr/article/25464407,https://n.news.naver.com/mnews/article/025/0003553453?sid=102
연세대학교,매일일보,"이투스에듀 ""2028학년도 정시, 학생부 반영… 자퇴 후 수능 집중 신중해...","사진= 이투스에듀 교육평가연구소 제공 매일일보 = 이지완 기자  |  2028학년도 대학입시에서 주요 대학의... 서강대 지역균형전형은 수능 80%, 학생부교과 10%, 출결 10%를 반영하며, 연세대 일반전형은 의예과를...",2026-09-23 11:56,https://www.m-i.kr/news/articleView.html?idxno=1417817,https://www.m-i.kr/news/articleView.html?idxno=1417817
고려대학교,스포츠조선,"가슴이 '쿵', 두근거림부터 어지럼증·실신까지…부정맥이 보내는 신호","고려대학교 안암병원 순환기내과 심재민 교수는 ""부정맥은 종류가 매우 다양하고 각각의 위험성과 치료방법도 다르기 때문에 증상만으로 판단해서는 안된다며 ""두근거림이나 어지럼증이 반복되거나 실신이 동반된다면...",2026-09-23 11:55,https://www.sportschosun.com/life/2026-09-23/202609230100158380010323,https://n.news.naver.com/mnews/article/076/0004449063?sid=102
서울대학교,M-ECONOMYNEWS,"에너지연, 제 20대 원장에 정학근 전 산업부 본부장 취임","이후 2013년 서울대에서 기계항공공학 박사 학위를 취득했다. 1998년 에너지연에 입사한 뒤 에너지효율연구본부장을 비롯해 과학기술정보통신부 한계도전 R&D 위원회 기획위원, 산업통상자원부 에너지효율개선위원회...",2026-09-23 11:50,https://www.m-economynews.com/news/article.html?no=71009,https://www.m-economynews.com/news/article.html?no=71009
연세대학교,스마트경제,"""AI에 일자리 뺏기고 쉴 바엔…"" 현대해상·SK, 68만 '쉬었음 청년' 일으...","자문단에는 염재호 태재대학교 총장을 비롯해 장용석 연세대학교 교수, 엄윤미 아산나눔재단 이사장, 김성준 국민대학교 교수, 서현선 루트임팩트 이사, 정진우 ACG 컨설팅 대표가 이름을 올리고 정교한 가이드라인을...",2026-09-23 11:50,http://www.dailysmart.co.kr/news/articleView.html?idxno=130219,http://www.dailysmart.co.kr/news/articleView.html?idxno=130219
서울대학교,뉴스1,"제주대, '서울대 10개 만들기' 제외…""평가 기준 공개하라""","제주도와 제주도의회, 제주대학교가 '서울대 10개 만들기'(S-10) 패키지 지원사업에서 제주대가 선정되지 않은 것과 관련해 ""평가의 구체적인 기준과 절차를 공개하라""며 유감을 표했다. 위성곤 제주지사와 송영훈...",2026-09-23 11:48,https://www.news1.kr/local/jeju/6300252,https://n.news.naver.com/mnews/article/421/0009188636?sid=102
서울대학교,조선비즈,한국씨티은행 차기 행장에 김경호 부행장… 6년 만에 교체,"1968년생인 김 부행장은 서울대 국제경제학과, 미국 매사추세츠공대 경영전문대학원(MBA)을 졸업했다. 2001년 한국씨티은행에 입행한 뒤 대기업금융부장, 금융기관본부장 등을 거쳐 2021년 2월부터 기업금융그룹 부행장을...",2026-09-23 11:46,https://biz.chosun.com/stock/finance/2026/09/23/I6SHJFH6NBFETPCSQIT6NI4Q64/?utm_source=naver&utm_medium=original&utm_campaign=biz,https://n.news.naver.com/mnews/article/366/0001194181?sid=101
연세대학교,머니투데이,"정부, 에스컬레이터 두줄 서기 안한다…대신 '손잡이 잡기', '뛰지 않기...","행정안전부는 지난달 29일 연세대 백양누리에서 국민 200여명과 전문가가 참여한 '모두의 토론회' 결과를 반영해 에스컬레이터 안전 이용 문화 개선 후속 조치를 추진한다고 23일 밝혔다. 행안부 관계자는 ""정부가 그동안...",2026-09-23 11:46,https://www.mt.co.kr/policy/2026/09/23/2026092310543145923,https://n.news.naver.com/mnews/article/008/0005417850?sid=102
고려대학교,문화일보,"檢 폐지 직전 ‘친여 검사’ 중용, 이것도 공소취소 포석 아닌가[사설]","전남 나주 출신으로 영산포상고와 고려대 법대를 졸업한 이 차장은 친여 성향 검사로 분류돼온 데다, 지난 4월 더불어민주당 주도의 조작기소 국정조사 특위에 출석해 수원지검의 쌍방울 불법 대북 송금 수사와 관련해...",2026-09-23 11:46,https://www.munhwa.com/article/11619253?ref=naver,https://n.news.naver.com/mnews/article/021/0002820974?sid=110
서울대학교,국제뉴스,"탕화쿵푸마라탕, 서울 관악구 '낙성대점' 신규 오픈",탕화쿵푸마라탕이 서울 관악구 봉천동에 '낙성대점'을 새롭게 오픈했다고 밝혔다. 지난 9월 21일 문을 연 낙성대점은 하철 2호선 낙성대역 인근 남부순환로 대로변 1층에 위치해 있다. 매장 주변에는 서울대학교와 인근...,2026-09-23 11:44,https://www.gukjenews.com/news/articleView.html?idxno=3704510,https://www.gukjenews.com/news/articleView.html?idxno=3704510
연세대학교,ZIKSIR,"현대해상, 청년 사회문제 해결 경험 '채용 역량'으로 연결","염재호 태재대학교 총장과 장용석 연세대학교 교수, 엄윤미 아산나눔재단 이사장, 김성준 국민대학교 교수, 서현선 루트임팩트 이사, 정진우 ACG컨설팅 대표가 참여한다. 정경선 현대해상 최고지속가능책임자(CSO)는 ""더...",2026-09-23 11:40,https://www.ziksir.com/news/articleView.html?idxno=147421,https://www.ziksir.com/news/articleView.html?idxno=147421
서울대학교,문화일보,시정돼야 할 ‘듯하다’ 판결[뉴스와 시각],지난 5월 서울대 여론조사에서 사법부 신뢰도는 19%로 1년 전(38%)보다 뚝 떨어졌다. 법원이 중심을 잡지 못하고... 지난 7월 오세훈 서울시장에 대한 정치자금법 위반 1심 판결이 대표적이다. 판결 선고문을 분석했더니...,2026-09-23 11:40,https://www.munhwa.com/article/11619241?ref=naver,https://n.news.naver.com/mnews/article/021/0002820963?sid=110
고려대학교,SBS,"추석에 1∼2㎏ 쪘다고 굶지 마세요…""체지방 아닐 수도""","권영근 고려대 안암병원 비만대사센터 교수는 ""추석에는 평소보다 다양한 음식을 접해 식사량이 늘어날 수 있지만, 음식을 무조건 피하거나 많이 먹었다는 죄책감 때문에 연휴 전후에 굶는 방식의 체중 조절을 반복할...",2026-09-23 11:37,https://news.sbs.co.kr/news/endPage.do?news_id=N1008767611&plink=ORI&cooper=NAVER,https://n.news.naver.com/mnews/article/055/0001390606?sid=102
고려대학교,이데일리,"엘앤씨바이오, 무릎 연골 재생 의료기기 ‘메가카티’ 임상 결과 공개…...",고려대학교 장기모 교수는 ‘Beyond Microfracture: The Emerging Role of MegaCarti in Knee Cartilage Regeneration’을... 동종신경이식재 ‘메가너브 프라임(MegaNerve Prime)’은 국내 주요 대학병원 40여 곳에 도입돼 정형외과와...,2026-09-23 11:34,https://www.edaily.co.kr/News/Read?newsId=03260326645583072&mediaCodeNo=257&utm_source=naver&utm_medium=referral&utm_campaign=news_syndication&utm_content=original_article,https://n.news.naver.com/mnews/article/018/0006374900?sid=101
서울대학교,CONSUMERNEWS,차기 한국씨티은행장 후보에 김경호 부행장... 기업금융 DNA 강화,"김 부행장은 1968년생으로 서울대 국제경제학과 졸업 후 미국 MIT 경영전문대학원(MBA)을 마쳤다. 삼성물산, 맥킨지앤컴퍼니를 거쳐 2001년 씨티은행 입사 이후 대기업금융부장, 금융기관영업본부장을 거쳐 현재...",2026-09-23 11:34,http://www.consumernews.co.kr/news/articleView.html?idxno=764619,http://www.consumernews.co.kr/news/articleView.html?idxno=764619
연세대학교,파이낸셜포스트,"이력서 한 줄에 그쳤던 사회문제 해결 경험…현대해상, 채용 연계 길 연...","염재호 태재대 총장과 장용석 연세대 교수, 엄윤미 아산나눔재단 이사장 등이 참여한다. 현대해상은 SK와 함께 다른 기업들의 프로젝트 참여 및 협력 방안도 논의하고 있다. 향후 기업과 사회혁신 기관, 학계 등으로 협력...",2026-09-23 11:32,https://www.financialpost.co.kr/news/articleView.html?idxno=277189,https://www.financialpost.co.kr/news/articleView.html?idxno=277189
연세대학교,NEWSWORKER,"한국문화예술위원회, 한일 협력 '아시안 아트 라운드테이블' 개최","세계적인 문화이론가이자 철학자인 한병철을 필두로 동아시아 철학 분야의 석학인 나카지마 다카히로 도쿄대 교수, 젠더와 돌봄 문제를 천착해 온 문화인류학자 김현미 연세대 교수가 기조강연자로 강단에 오른다....",2026-09-23 11:32,https://www.newsworker.co.kr/news/articleView.html?idxno=505830,https://www.newsworker.co.kr/news/articleView.html?idxno=505830
고려대학교,보건뉴스,"고대구로병원 이승훈·김은상 교수 연구팀, '나누리 학술상 우수상' 수...","고려대학교 구로병원 신경외과 이승훈, 김은상 교수 고려대학교 구로병원 신경외과 이승훈·김은상 교수 연구팀이 지난 17일 개최된 '2026년 제40차 대한척추신경외과학회 정기학술대회'에서 '나누리...",2026-09-23 11:32,http://www.bokuennews.com/news/article.html?no=284707,http://www.bokuennews.com/news/article.html?no=284707
서울대학교,DATANET,"제론셀베인, KEIT 국가 R&D 과제 선정 ··· 서울대치과병원과 치주질환...","제론셀베인은 서울대학교치과병원과 공동으로 연구개발에 착수할 예정이다. 연구는 2026년 하반기부터... 개발하고, 서울대학교치과병원과 의료 현장에서의 적용 가능성을 검토할 계획이다. 회사 측에 따르면 과제...",2026-09-23 11:30,https://www.datanet.co.kr/news/articleView.html?idxno=214685,https://www.datanet.co.kr/news/articleView.html?idxno=214685
고려대학교,조선비즈,"선관위 특검, 디지털 포렌식 전문가 4명 수사자문위원 위촉","특검이 전날 위촉한 디지털 포렌식 전문수사자문위원은 이상진 고려대 정보보호대학원 교수, 원유집 한국과학기술원 전기및전자공학부 교수, 김기범 성균관대 과학수사학과 교수, 이병영 서울대 전기정보공학부 교수...",2026-09-23 11:29,https://biz.chosun.com/topics/law_firm/2026/09/23/HDR37NHIXBENZMJWVGUFXAJJYI/?utm_source=naver&utm_medium=original&utm_campaign=biz,https://n.news.naver.com/mnews/article/366/0001194173?sid=102
연세대학교,MBN,"""두 줄 서기 대신 손잡이 잡기""…에스컬레이터 안전 정책 바뀐다",행안부는 지난달 29일 연세대학교 백양누리에서 국민 200여 명과 전문가가 참여한 가운데 열린 '에스컬레이터 안전 이용 문화 개선' 모두의 토론회 결과를 바탕으로 이런 내용의 후속 조치를 추진한다고 오늘(23일)...,2026-09-23 11:29,http://mbn.mk.co.kr/pages/news/newsView.php?category=mbn00009&news_seq_no=5221090,https://n.news.naver.com/mnews/article/057/0001970469?sid=102
서울대학교,조선비즈,"선관위 특검, 디지털 포렌식 전문가 4명 수사자문위원 위촉","특검이 전날 위촉한 디지털 포렌식 전문수사자문위원은 이상진 고려대 정보보호대학원 교수, 원유집 한국과학기술원 전기및전자공학부 교수, 김기범 성균관대 과학수사학과 교수, 이병영 서울대 전기정보공학부 교수...",2026-09-23 11:29,https://biz.chosun.com/topics/law_firm/2026/09/23/HDR37NHIXBENZMJWVGUFXAJJYI/?utm_source=naver&utm_medium=original&utm_campaign=biz,https://n.news.naver.com/mnews/article/366/0001194173?sid=102
연세대학교,경향신문,정부 “‘에스컬레이터 두 줄 서기’ 캠페인 중단”···대신 ‘3대 안...,행정안전부는 지난달 29일 연세대 백양누리에서 국민 200여명과 전문가가 참여한 가운데 열린 ‘에스컬레이터 안전 이용 문화 개선’ 모두의 토론회 결과를 바탕으로 이런 내용의 후속 조치를 추진한다고 23일 밝혔다....,2026-09-23 11:27,https://www.khan.co.kr/article/202609231127001,https://n.news.naver.com/mnews/article/032/0003472211?sid=102
서울대학교,문화일보,‘그들만의 특강! 6시간에 180만원’…연휴 ‘고액 의대 면접 특강’ 성...,2027학년도 대입 수시 면접 전형을 앞두고 서울 학원가에서 고가 특강이 기승을 부리고 있다. 일부... 특히 서울대·연세대·고려대 등의 제시문 면접과 의대 MMI는 학부모들 사이에서 사교육 의존도가 높은 영역으로...,2026-09-23 11:26,https://www.munhwa.com/article/11619207?ref=naver,https://n.news.naver.com/mnews/article/021/0002820930?sid=102
고려대학교,문화일보,‘그들만의 특강! 6시간에 180만원’…연휴 ‘고액 의대 면접 특강’ 성...,특히 서울대·연세대·고려대 등의 제시문 면접과 의대 MMI는 학부모들 사이에서 사교육 의존도가 높은... 고교 내신이 9등급제에서 5등급제로 바뀌면 일부 대학이 면접을 통해 학생 선발 변별력을 확보하려 시도할 수...,2026-09-23 11:26,https://www.munhwa.com/article/11619207?ref=naver,https://n.news.naver.com/mnews/article/021/0002820930?sid=102
고려대학교,GGILBO,"한국연구재단, 나노·소재단장에 김수영 고려대 교수 선임","나노·소재단장에 고려대학교 신소재공학부 김수영 교수를 선임했다. 김수영단장은 포항공대(POSTECH)에서 신소재공학 학사·석사·박사 학위를 받으며 2009년부터 2019년까지 중앙대 화학공학과 교수, 현재 고려대...",2026-09-23 11:26,https://www.ggilbo.com/news/articleView.html?idxno=1183498,https://www.ggilbo.com/news/articleView.html?idxno=1183498
연세대학교,문화일보,‘그들만의 특강! 6시간에 180만원’…연휴 ‘고액 의대 면접 특강’ 성...,특히 서울대·연세대·고려대 등의 제시문 면접과 의대 MMI는 학부모들 사이에서 사교육 의존도가 높은... 고교 내신이 9등급제에서 5등급제로 바뀌면 일부 대학이 면접을 통해 학생 선발 변별력을 확보하려 시도할 수...,2026-09-23 11:26,https://www.munhwa.com/article/11619207?ref=naver,https://n.news.naver.com/mnews/article/021/0002820930?sid=102
서울대학교,머니투데이,"6년 만에 바뀌는 씨티은행장…'기업금융통' 김경호, 성장·소매금융 정...","서울대학교 국제경제학과를 졸업하고 미국 매사추세츠공대(MIT)에서 경영학 석사(MBA) 학위를 취득했다. 1992년 삼성물산 경영관리 부문에서 사회생활을 시작해 맥킨지앤컴퍼니 컨설턴트를 거쳤으며, 2001년 씨티은행 서울...",2026-09-23 11:25,https://www.mt.co.kr/finance/2026/09/23/2026092310305642337,https://n.news.naver.com/mnews/article/008/0005417838?sid=101
서울대학교,DENTALNEWS,진정요법·생활치수치료 최신 임상 공유,10일 서울대치과병원 한화홀에서 2026년 제2차 학술집담회를 개최했다. 이날 학술집담회에는 153명이 등록해 치과 진정요법과 생활치수치료를 주제로 최신 임상 지견을 공유했다. 첫 번째 강연은 감명환 교수(서울대치과...,2026-09-23 11:24,https://www.dentalnews.or.kr/news/article.html?no=48288,https://www.dentalnews.or.kr/news/article.html?no=48288
연세대학교,DIGITALCHOSUN,"건강 측정부터 AI 예측까지…삼성물산, 아파트에 ‘웰니스’ 심는다",웰피 마인드에는 연세대학교 권수영 교수의 상담 기법을 학습한 AI 모델이 적용됐다. 이용자는 AI와 대화하거나 명상 콘텐츠를 이용할 수 있다. 웰피 푸드에서는 식품을 구매할 수 있다. 주거공간 외에 건설 현장에서도...,2026-09-23 11:24,http://digitalchosun.dizzo.com/site/data/html_dir/2026/09/23/2026092380076.html,http://digitalchosun.dizzo.com/site/data/html_dir/2026/09/23/2026092380076.html
연세대학교,한경매거진,"자인연구소, 9월 생각산책 성료… ""AI 시대, 인간 사유의 힘은 질문""","1부는 김형철 연세대학교 명예교수가, 2부는 최원호 자인연구소 대표와 이형우 마이다스그룹 회장이 연사로... 다음 생각산책은 11월 7일 토요일 '삶을 건너간 사람들의 이야기'를 주제로 열리며, 이지선 이화여자대학교...",2026-09-23 11:23,https://magazine.hankyung.com/business/article/202609233255b,https://n.news.naver.com/mnews/article/050/0000111265?sid=101
연세대학교,WIDEDAILY,"루닛 AI 플랫폼, 난치성 담도암 표적치료 효과 입증…'네이처 메디슨' 실...","이번 임상은 연세대 의대 이충근 교수 연구팀이 주도했으며, 루닛 연구진은 공동저자로 이름을 올려 AI... 이충근 연세대 의대 교수는 추가 검증이 필요하지만 AI를 통한 정밀 치료 효과 예측은 미래 정밀의료가...",2026-09-23 11:22,https://www.widedaily.com/news/articleView.html?idxno=301449,https://www.widedaily.com/news/articleView.html?idxno=301449
연세대학교,파이낸셜뉴스,"에스컬레이터 '두 줄 서기' 강제로 안한다…행안부 ""안전 이용 중심 전...",행정안전부는 지난 9월29일 연세대 백양누리에서 국민 200여 명과 전문가가 참여한 '에스컬레이터 안전 이용 문화 개선' 토론회를 열고 이 같은 후속 조치를 추진한다고 23일 밝혔다. 행안부는 이에 따라 제1차 승강기...,2026-09-23 11:21,https://www.fnnews.com/news/202609231113479550,https://n.news.naver.com/mnews/article/014/0005580261?sid=100
서울대학교,헤럴드경제,"“서울대·엔비디아, 피지컬 AI 공동연구 과제 구체화 단계”",(사진) 서울대학교 AI연구원장은 23일 헤럴드경제와의 인터뷰에서 “서울대와 엔비디아 양측 연구진이 직접... 이 원장은 오는 29일 서울 중구 신라호텔에서 열리는 ‘헤럴드 기업포럼 2026’의 기조연사로 나서 ‘대한민국...,2026-09-23 11:20,https://biz.heraldcorp.com/article/10883279?ref=naver,https://n.news.naver.com/mnews/article/016/0002701365?sid=101
고려대학교,교수신문,"서경대, 성북구와 '대학도시 성북' 비전 선포…관내 7개 대학 모두 참여","이번 협약에는 성북구 관내 대학인 서경대(총장 김범준), 고려대, 국민대, 동덕여대, 성신여대, 한국예술종합학교, 한성대가 모두 참여했다. 선포식에서 성북구와 7개 대학은 ""지역과 대학의 연결로 미래를 여는, 대학도시...",2026-09-23 11:20,https://www.kyosu.net/news/articleView.html?idxno=210691,https://www.kyosu.net/news/articleView.html?idxno=210691
고려대학교,교수신문,"한국연구재단, 나노·소재단장에 고려대 김수영 교수 선임",한국연구재단(이사장 홍원화)은 9월 28일자로 국가전략연구본부 나노·소재단장에 김수영 고려대 신소재공학부 교수를 선임했다고 밝혔다. 김수영 단장은 정부에서 위탁받은 나노·소재단 소관분야 지원사업의...,2026-09-23 11:20,https://www.kyosu.net/news/articleView.html?idxno=210692,https://www.kyosu.net/news/articleView.html?idxno=210692
고려대학교,톱스타뉴스,"영탁, ""당신을 사로잡을 단 하나의 콘서트""…'탁쇼5' 포스터→SF 영화 주...",'탁쇼5'는 오는 10월 3일부터 5일까지 사흘간 고려대학교 화정체육관에서 매일 오후 3시 관객과 만난다. 120분 동안 음악과 추억을 따라 함께 걷는 여정은 서울에서 첫 페이지를 펼친 뒤 전주·대구·인천으로 발걸음을 옮겨...,2026-09-23 11:18,https://www.topstarnews.net/news/articleView.html?idxno=16208465,https://www.topstarnews.net/news/articleView.html?idxno=16208465
연세대학교,SBS Biz,이제 에스컬레이터 '두줄서기' 안해요…속도보다 '안전',행안부는 지난달 29일 연세대학교 백양누리에서 국민 200여 명과 전문가가 참여한 가운데 열린 '에스컬레이터 안전 이용 문화 개선' 모두의 토론회 결과를 바탕으로 이런 내용의 후속 조치를 추진한다고 23일 밝혔습니다....,2026-09-23 11:18,https://biz.sbs.co.kr/article_hub/20000336458?division=NAVER,https://n.news.naver.com/mnews/article/374/0000534550?sid=104
연세대학교,매일신문,"에스컬레이터 한줄서기? 두줄서기?…결국 ""정답 없다, 자율로""",◆한 줄도 두 줄도 현실에선 비슷 행안부는 지난 8월 29일 연세대학교에서 국민 200여 명과 전문가가 참여한 '에스컬레이터 안전 이용 문화 개선' 토론회를 열고 이용 방식과 사고 원인 등을 논의했다. 전문가들은 실제...,2026-09-23 11:18,https://www.imaeil.com/page/view/2026092311170234561,https://n.news.naver.com/mnews/article/088/0001030251?sid=102
고려대학교,DAILYPHARM,"엘앤씨바이오 메가카티, 4년 뒤 통증 49→13 감소",고려대학교 장기모 교수는 메가카티와 미세천공술을 함께 시행한 환자 40명의 4년 추적 결과를 발표했다. 해당 연구는 국제학술지 ‘Scientific Reports’에 게재됐다. 환자가 평가한 통증 점수(VAS)는 수술 전 49....,2026-09-23 11:18,https://www.dailypharm.com/user/news/342819?REFERER=NP,https://www.dailypharm.com/user/news/342819?REFERER=NP
연세대학교,아시아경제,"에스컬레이터 두줄 서기 캠페인 없어진다…""비켜달라"" 요구는 X","이번 결정은 지난달 29일 연세대 백양누리에서 열린 '에스컬레이터 안전 이용 문화 개선' 모두의 토론회... 허윤섭 한국승강기대학교 교수는 ""에스컬레이터 위에서 걷는 행위는 발판에 충격을 주어 설비에 무리를 줄 수...",2026-09-23 11:17,https://view.asiae.co.kr/article/2026092311170574678,https://n.news.naver.com/mnews/article/277/0005820463?sid=102
고려대학교,TV조선,"선관위 특검, 포렌식 자문위원 4명 위촉…""수사 신뢰성 제고""","특검팀이 전날(22일) 위촉한 디지털 포렌식 전문수사자문위원은 이상진 고려대 정보보호대학원 교수, 원유집... 이 특검은 특검보 인선에서도 디지털 포렌식에 대한 이해도를 우선 고려하겠다는 뜻을 밝힌 바 있다.",2026-09-23 11:16,https://news.tvchosun.com/site/data/html_dir/2026/09/23/2026092390106.html,https://n.news.naver.com/mnews/article/448/0000641040?sid=102
서울대학교,TV조선,"선관위 특검, 포렌식 자문위원 4명 위촉…""수사 신뢰성 제고""","특검팀이 전날(22일) 위촉한 디지털 포렌식 전문수사자문위원은 이상진 고려대 정보보호대학원 교수, 원유집 한국과학기술원 전기및전자공학부 교수, 김기범 성균관대 과학수사학과 교수, 이병영 서울대 전기정보공학부...",2026-09-23 11:16,https://news.tvchosun.com/site/data/html_dir/2026/09/23/2026092390106.html,https://n.news.naver.com/mnews/article/448/0000641040?sid=102
고려대학교,팝콘뉴스,"고려대, '코리아타임스 우수대학랭킹' 2년 연속 종합 1위","김동원 총장은 ""코리아타임스 우수대학랭킹에서 고려대가 올해도 1위에 오른 것은 글로벌 캠퍼스를 목표로 삼아 교육과 연구, 학생 지원 전반에서 국제화를 꾸준히 추진한 구성원 모두의 노력 덕분""이라며 ""외국인...",2026-09-23 11:16,http://www.popcornnews.net/news/articleView.html?idxno=134056,http://www.popcornnews.net/news/articleView.html?idxno=134056
연세대학교,팍스경제TV,"루닛, '루닛 스코프' 활용한 담도암 연구 결과 세계 최고 권위 'Nature Med...",이번 논문은 연세대학교 의과대학 이충근 교수 연구팀이 주도한 HER2 양성 진행성 담도암 1차 치료 임상시험 결과를 담았습니다. 루닛 연구진은 공동저자로서 AI 기반 전체 슬라이드 이미지(WSI) 분석과...,2026-09-23 11:14,http://www.paxetv.com/news/articleView.html?idxno=282663,http://www.paxetv.com/news/articleView.html?idxno=282663
연세대학교,주간한국,"고려대·반기문재단, '국제안보 재편과 한반도 평화' 주제로 공동 심포...","국립외교원·국방대·연세대·서울대 등 안보·기술 분야 전문가들이 발표와 토론에 참여한다. 양 기관은 2023년 한미동맹을 시작으로 북핵 위기, 트럼프 2.0 시대를 잇달아 다뤄온 데 이어 이번 심포지엄에서 국제안보...",2026-09-23 11:14,https://weekly.hankooki.com/news/articleView.html?idxno=7185834,https://weekly.hankooki.com/news/articleView.html?idxno=7185834
서울대학교,주간한국,"고려대·반기문재단, '국제안보 재편과 한반도 평화' 주제로 공동 심포...","국립외교원·국방대·연세대·서울대 등 안보·기술 분야 전문가들이 발표와 토론에 참여한다. 양 기관은 2023년 한미동맹을 시작으로 북핵 위기, 트럼프 2.0 시대를 잇달아 다뤄온 데 이어 이번 심포지엄에서 국제안보...",2026-09-23 11:14,https://weekly.hankooki.com/news/articleView.html?idxno=7185834,https://weekly.hankooki.com/news/articleView.html?idxno=7185834
서울대학교,더팩트,"선관위 특검, 포렌식 전문가 4명 자문위원 위촉…""수사 객관성 제고""",위촉된 자문위원은 △이상진 고려대학교 정보보호대학원 교수 △원유집 한국과학기술원 전기및전자공학부 교수 △김기범 성균관대학교 과학수사학과 교수 △이병영 서울대학교 전기정보공학부 교수다. 특검팀은...,2026-09-23 11:14,https://news.tf.co.kr/read/life/2369302.htm,https://n.news.naver.com/mnews/article/629/0000536531?sid=102
고려대학교,주간한국,"고려대·반기문재단, '국제안보 재편과 한반도 평화' 주제로 공동 심포...",사진=고려대  고려대 통일융합연구원과 반기문재단은 오는 29일 오후 2시 고려대 백주년기념삼성관 국제원격회의실에서 '질서 이후의 질서: 국제안보의 재편과 한반도 평화'를 주제로 제4차 공동 심포지엄을 개최한다고...,2026-09-23 11:14,https://weekly.hankooki.com/news/articleView.html?idxno=7185834,https://weekly.hankooki.com/news/articleView.html?idxno=7185834
고려대학교,전남일보,선관위 서버 확보한 특검…디지털포렌식 전문가 4명 합류,"특검팀이 전날 위촉한 디지털 포렌식 전문수사자문위원은 이상진 고려대 정보보호대학원 교수, 원유집... 앞서 특검보 인선에서도 디지털 포렌식에 대한 이해도를 우선 고려하겠다는 뜻을 밝혔다. 특검팀은 6·3 지방선거...",2026-09-23 11:14,https://www.jnilbo.com/news/articleView.html?idxno=90000068321,https://www.jnilbo.com/news/articleView.html?idxno=90000068321
서울대학교,전남일보,선관위 서버 확보한 특검…디지털포렌식 전문가 4명 합류,"특검팀이 전날 위촉한 디지털 포렌식 전문수사자문위원은 이상진 고려대 정보보호대학원 교수, 원유집 한국과학기술원 전기및전자공학부 교수, 김기범 성균관대 과학수사학과 교수, 이병영 서울대 전기정보공학부...",2026-09-23 11:14,https://www.jnilbo.com/news/articleView.html?idxno=90000068321,https://www.jnilbo.com/news/articleView.html?idxno=90000068321
고려대학교,더팩트,"선관위 특검, 포렌식 전문가 4명 자문위원 위촉…""수사 객관성 제고""",위촉된 자문위원은 △이상진 고려대학교 정보보호대학원 교수 △원유집 한국과학기술원 전기및전자공학부 교수 △김기범 성균관대학교 과학수사학과 교수 △이병영 서울대학교 전기정보공학부 교수다. 특검팀은...,2026-09-23 11:14,https://news.tf.co.kr/read/life/2369302.htm,https://n.news.naver.com/mnews/article/629/0000536531?sid=102
연세대학교,헤럴드경제,"현대해상, SK와 손잡고 청년 미래인재 육성","교육·HR·사회혁신 분야 전문가 6인으로 구성됐으며 염재호 태재대 총장, 장용석 연세대 교수, 엄윤미 아산나눔재단 이사장, 김성준 국민대 교수, 서현선 루트임팩트 이사, 정진우 ACG 컨설팅 대표가 참여한다. 프로젝트를...",2026-09-23 11:12,https://biz.heraldcorp.com/article/10883235?ref=naver,https://n.news.naver.com/mnews/article/016/0002701333?sid=101
고려대학교,OBSNEWS,"선관위 특검, 포렌식 전문가 4명 자문위원 위촉","고려대 이상진·한국과학기술원 원유집·성균관대 김기범·서울대 이병영 교수가 참여하며, 압수수색으로 확보한 선관위 내부 서버 자료 등의 분석을 지원합니다. 특검팀은 디지털 증거에 대한 전문적 자문을 통해 수사의...",2026-09-23 11:12,https://www.obsnews.co.kr/news/articleView.html?idxno=1538438,https://www.obsnews.co.kr/news/articleView.html?idxno=1538438
서울대학교,쿠키뉴스,“추격형 연구 넘어 탄소중립 도약”… 정학근 에너지연 원장 취임,"정 원장은 1996년 전남대에서 전기공학 학사, 1998년 광주과학기술원(GIST)에서 메카트로닉스공학 석사, 2013년 서울대에서 기계항공공학 박사학위를 받았다. 1998년 에너지연에 입사해 에너지효율연구본부장을 역임했고...",2026-09-23 11:12,https://www.kukinews.com/article/view/kuk202609230081,https://www.kukinews.com/article/view/kuk202609230081
서울대학교,OBSNEWS,"선관위 특검, 포렌식 전문가 4명 자문위원 위촉","고려대 이상진·한국과학기술원 원유집·성균관대 김기범·서울대 이병영 교수가 참여하며, 압수수색으로 확보한 선관위 내부 서버 자료 등의 분석을 지원합니다. 특검팀은 디지털 증거에 대한 전문적 자문을 통해 수사의...",2026-09-23 11:12,https://www.obsnews.co.kr/news/articleView.html?idxno=1538438,https://www.obsnews.co.kr/news/articleView.html?idxno=1538438
연세대학교,뉴스티앤티,"고려대·반기문재단, '질서 이후의 질서' 심포지엄 개최...한반도 평화 ...",고려대학교 통일융합연구원과 보다나은미래를위한 반기문재단이 국제안보 질서 변화와 한반도 평화의... 권태경 연세대 정보대학원 교수는 'AI 기술패권과 안보 방어선: 한국의 공급망 주권 확보전략'을 통해 기술 경쟁에...,2026-09-23 11:10,https://www.newstnt.com/news/articleView.html?idxno=719892,https://www.newstnt.com/news/articleView.html?idxno=719892
고려대학교,뉴스티앤티,"고려대·반기문재단, '질서 이후의 질서' 심포지엄 개최...한반도 평화 ...",고려대 통일선도대학사업단이 후원한다. 김동원 고려대 총장의 환영사로 시작되는 행사는 반기문 전 유엔 사무총장의 기조강연으로 이어진다. 반 전 총장은 '격변하는 국제질서에서 대한민국의 역할'을 주제로...,2026-09-23 11:10,https://www.newstnt.com/news/articleView.html?idxno=719892,https://www.newstnt.com/news/articleView.html?idxno=719892
서울대학교,뉴스티앤티,"고려대·반기문재단, '질서 이후의 질서' 심포지엄 개최...한반도 평화 ...","고려대학교 통일융합연구원과 보다나은미래를위한 반기문재단이 국제안보 질서 변화와 한반도 평화의... 김상배 서울대 교수는 '기술, 규범, 제도의 재편과 한국의 전략적 선택'을 중심으로 변화하는 국제 환경에서의 대응...",2026-09-23 11:10,https://www.newstnt.com/news/articleView.html?idxno=719892,https://www.newstnt.com/news/articleView.html?idxno=719892
연세대학교,세계일보,"행안부, ‘에스컬레이터 두 줄 서기’ 추진 안 한다… “자율적 문화 정...",윤호중 행정안전부 장관이 지난 8월29일 서울 연세대학교 백양누리에서 에스컬레이터의 안전한 이용 방안을 논의하는 '모두의 토론회'에 참석하여 인사말을 하고 있다. 행정안전부 제공 행안부는 “일률적 두 줄 서기...,2026-09-23 11:08,https://www.segye.com/newsView/20260923507488?OutUrl=naver,https://n.news.naver.com/mnews/article/022/0004161312?sid=102
고려대학교,노컷뉴스,"서정욱 ""李-조희대 충돌, 해법은 권한쟁의심판밖에 없어""[뉴스연구소]","그래서 이걸 고려해서 이런 입장을 낸 것 같다, 이렇게 좀 해석을 하더라고요. ◇ 박성태> 일단 절차에 문제가... 오늘 언론 보도를 보면 차진아 고려대 로스쿨 교수님이 말씀했는데 이분은 굳이 얘기하면 지난번에 우리가...",2026-09-23 11:08,https://www.nocutnews.co.kr/news/6582596?utm_source=naver&utm_medium=article&utm_campaign=20260923110733,https://n.news.naver.com/mnews/article/079/0004192443?sid=100
서울대학교,GGILBO,"한국에너지기술연구원, 제20대 정학근 원장 공식 취임","정학근 원장은 전남대학교에서 1996년 전기공학 학사, GIST에서 1998년 메카트로닉스공학 석사, 서울대학교에서 2013년 기계항공공학 박사 학위를 취득했다. 1998년 에너지연에 입사한 이후 에너지효율연구본부장을...",2026-09-23 11:08,https://www.ggilbo.com/news/articleView.html?idxno=1183490,https://www.ggilbo.com/news/articleView.html?idxno=1183490
연세대학교,주간한국,"연세대, 부커상 작가 데이먼 갤것 대담 ""익숙한 인식 부수는 것이 문학...","사진=연세대  연세대 문과대학 인문예술진흥사업단은 2021년 부커상 수상 작가 데이먼 갤것(Damon Galgut)을 초청해 지난 14일 특별 대담을 진행했다고 23일 밝혔다. 갤것은 '굿 닥터'(2003), '낯선 방에서'(2010)로 두 차례...",2026-09-23 11:06,https://weekly.hankooki.com/news/articleView.html?idxno=7185830,https://weekly.hankooki.com/news/articleView.html?idxno=7185830
연세대학교,WELFARENEWS,"노은지 KBS 기상캐스터, 꾸준한 정기 기부로 서울 사랑의열매 '나눔리더...","연세대학교에서 신학과 아동가족학을 전공한 노은지 씨는 2009년부터 KBS 기상캐스터로 활동하며 다양한 뉴스와 기상 프로그램을 통해 시청자들에게 기상정보를 전달해 왔다. 한편, 사랑의열매 '나눔리더'는 개인이 1년...",2026-09-23 11:06,https://www.welfarenews.net/news/articleView.html?idxno=211572,https://www.welfarenews.net/news/articleView.html?idxno=211572
고려대학교,주간한국,"이승훈·김은상 고대구로병원 교수팀, 대한척추신경외과학회 우수상","이승훈(왼쪽), 김은상 고려대학교 구로병원 신경외과 교수. 사진=고대구로병원  고려대학교 구로병원은 이승훈·김은상 신경외과 교수 연구팀이 지난 17일 열린 '2026년 제40차 대한척추신경외과학회 정기학술대회'에서...",2026-09-23 11:06,https://weekly.hankooki.com/news/articleView.html?idxno=7185828,https://weekly.hankooki.com/news/articleView.html?idxno=7185828
연세대학교,MONEYSTORM,"현대해상, 청년 현장 경험 채용 연계…'프로젝트 트레일마크' 공개","염재호 태재대학교 총장, 장용석 연세대학교 교수, 엄윤미 아산나눔재단 이사장, 김성준 국민대학교 교수, 서현선 루트임팩트 이사, 정진우 ACG 컨설팅 대표가 참여한다. 정경선 현대해상 CSO는 ""청년들이 현장에서 쌓은...",2026-09-23 11:05,https://www.moneystorm.kr/news/articleView.html?idxno=6733,https://www.moneystorm.kr/news/articleView.html?idxno=6733
연세대학교,뉴스1,내신 5등급제에도 '자퇴 후 정시' 신중해야…서울대 교과평가 40%,"20%, 연세대 일반전형은 수능 90%와 서류 10%를 반영한다. 한양대 일반전형도 수능 90%와 학생부종합평가 10%로 선발한다. 김병진 이투스 교육평가연구소장은 ""내신 5등급제만을 이유로 자퇴를 결정하기보다 목표 대학이...",2026-09-23 11:05,https://www.news1.kr/society/education/6300164,https://n.news.naver.com/mnews/article/421/0009188391?sid=102
고려대학교,뉴스1,내신 5등급제에도 '자퇴 후 정시' 신중해야…서울대 교과평가 40%,"2028학년도 대입 정시에서 학생부를 반영하는 대학도 늘어나는 만큼 자퇴 뒤 수능에만 집중하는 선택은... 고려대 교과우수전형(의학과 제외)은 수능 80%와 학생부교과 20%, 연세대 일반전형은 수능 90%와 서류 10%를...",2026-09-23 11:05,https://www.news1.kr/society/education/6300164,https://n.news.naver.com/mnews/article/421/0009188391?sid=102
서울대학교,뉴스1,내신 5등급제에도 '자퇴 후 정시' 신중해야…서울대 교과평가 40%,"서울대 일반전형(의대·수의대 제외)은 1단계에서 수능 100%로 3배수를 선발한 뒤 2단계에서 수능 60%와 교과역량평가 40%를 반영한다. 고려대 교과우수전형(의학과 제외)은 수능 80%와 학생부교과 20%, 연세대 일반전형은...",2026-09-23 11:05,https://www.news1.kr/society/education/6300164,https://n.news.naver.com/mnews/article/421/0009188391?sid=102
고려대학교,SUWONILBO,"‘혐오의 시대, 어떻게 존엄하게 살 것인가’…‘수원시민 인권 아카데...","2회차(10월 21일)는 최호근 고려대학교 사학과 교수의 강연이다. ‘혐오의 언어, 차별의 자연화’를 주제로 혐오와 차별의 사회적·사상적 배경을 짚는다. 인원이 마감될 때까지 참가 신청을 받는다. 회차별로 신청할...",2026-09-23 11:04,https://www.suwonilbo.kr/news/articleView.html?idxno=318428,https://www.suwonilbo.kr/news/articleView.html?idxno=318428
서울대학교,아시아경제,[홍석철의 경제진단] '등록금 0원'이라는 착시… 고등교육의 질적 혁신...,"나아가 지방 거점대의 위상을 높여 '서울대 10개 만들기'라는 국정과제를 뒷받침하겠다는 계산도 깔려 있다.... 지방 국립대의 연간 학비는 서울 주요 사립대의 절반 수준에 불과하며, 국가장학금 덕에 체감 학비는 이미...",2026-09-23 11:02,https://view.asiae.co.kr/article/2026092110245581982,https://n.news.naver.com/mnews/article/277/0005820447?sid=110
연세대학교,CONSUMERNEWS,"현대해상, 청년 사회문제 해결 경험 미래역량으로…SK와 '트레일마크' 추...","염재호 태재대학교 총장, 장용석 연세대학교 교수, 엄윤미 아산나눔재단 이사장, 김성준 국민대학교 교수... 지난 7월 열린 국내대회에는 전국 26개 대학 학생과 교수 등 약 1000명이 참여했다. [소비자가만드는신문=]",2026-09-23 11:02,http://www.consumernews.co.kr/news/articleView.html?idxno=764595,http://www.consumernews.co.kr/news/articleView.html?idxno=764595
고려대학교,뉴스1,"""추석 뒤 2㎏ 늘었다고 굶지 마세요""…체지방 아닐 수도",23일 고려대안암병원에 따르면 명절에는 전과 갈비찜·잡채·송편 등 열량이 높은 음식을 평소보다 자주... 심한 비만이나 당뇨병·수면무호흡증·지방간질환 등이 동반됐다면 비만대사수술도 고려할 수 있다. 수술 후에도...,2026-09-23 11:01,https://www.news1.kr/bio/welfare-medical/6300120,https://n.news.naver.com/mnews/article/421/0009188373?sid=105
서울대학교,조선일보,"딘딘, “코팩하면 모공 넓어진다”… 정말?","서울대 의대 연구진이 남녀 60명의 얼굴 모공, 피지 분비량, 피부 탄력 등을 측정한 결과 피지 분비량이 많을수록 모공이 큰 경향을 보였다. 여러 변수 중 모공 크기와 가장 강하게 연관된 요인도 피지 분비량이었다....",2026-09-23 11:01,https://health.chosun.com/site/data/html_dir/2026/09/23/2026092301238.html,https://n.news.naver.com/mnews/article/346/0000116427?sid=103
연세대학교,뉴시스,"현대해상, 청년 경험을 미래역량으로…'프로젝트 트레일마크' 추진","염재호 태재대학교 총장, 장용석 연세대학교 교수, 엄윤미 아산나눔재단 이사장, 김성준 국민대학교 교수, 서현선 루트임팩트 이사, 정진우 ACG 컨설팅 대표가 참여한다. 정경선 현대해상 최고지속가능책임자(CSO)는...",2026-09-23 11:01,https://www.newsis.com/view/NISX20260923_0003801783,https://n.news.naver.com/mnews/article/003/0014210176?sid=101
서울대학교,노컷뉴스,"정학근 에너지연 원장 취임…""수직적 도약 통해 탄소중립 실현""","23일 에너지연에 따르면 정 원장은 전남대학교에서 1996년 전기공학 학사, GIST에서 1998년 메카트로닉스공학 석사, 서울대학교에서 2013년 기계항공공학 박사 학위를 취득했다. 1998년 에너지연에 입사한 이후...",2026-09-23 11:00,https://www.nocutnews.co.kr/news/6582584?utm_source=naver&utm_medium=article&utm_campaign=20260923105933,https://n.news.naver.com/mnews/article/079/0004192434?sid=102
고려대학교,SIDAE,"안산시, 추석 연휴 종합상황실 24시간 운영","7개 응급실 운영 의료기관은 24시간 비상진료를 유지한다. 24시간 응급실 운영 기관은 상록구의 근로복지공단 안산병원·사랑의병원·동안산병원, 단원구의 고려대학교 안산병원·한도병원·단원병원·클래스병원 등이다.",2026-09-23 11:00,https://www.sidae.com/article/2026092310404390283,https://n.news.naver.com/mnews/article/417/0001159133?sid=102
연세대학교,연합뉴스,"정부, 에스컬레이터 '두줄서기' 캠페인 중단…3대 안전수칙 강화",행안부는 지난달 29일 연세대학교 백양누리에서 국민 200여 명과 전문가가 참여한 가운데 열린 '에스컬레이터 안전 이용 문화 개선' 모두의 토론회 결과를 바탕으로 이런 내용의 후속 조치를 추진한다고 23일 밝혔다....,2026-09-23 11:00,https://www.yna.co.kr/view/AKR20260923074500530?input=1195m,https://n.news.naver.com/mnews/article/001/0016332027?sid=102
연세대학교,PUBLIC25,에스컬레이터 두 줄 서기 캠페인 종료…자율 준수로 가닥,지난 8월 연세대학교 백양누리에서 열린 모두의 토론회에서 안전한 에스컬레이터 이용 문화의 필요성에... 에스컬레이터 모두의 토론회는 지난 8월 29일 연세대학교 백양누리에서 국민 200여 명과 관련 전문가가 참여한...,2026-09-23 11:00,https://www.public25.com/news/articleView.html?idxno=55302,https://www.public25.com/news/articleView.html?idxno=55302
연세대학교,뉴스핌,에스컬레이터 '두 줄 서기' 캠페인 안 한다…손잡이 잡기 등 3대 안전수...,행정안전부는 지난달 29일 연세대학교 백양누리에서 국민 200여명과 관련 전문가가 참여한 가운데... 허윤섭 한국승강기대학교 교수는 에스컬레이터 위에서 걸을 경우 발판에 전달되는 충격이 커져 설비에 무리가 갈 수...,2026-09-23 11:00,https://www.newspim.com/news/view/20260923000464,https://www.newspim.com/news/view/20260923000464
연세대학교,뉴시스,에스컬레이터 '두줄 서기' 강제 안한다…안전이용 조성,행정안전부는 지난달 29일 연세대 백양누리에서 국민 200명 및 전문가와 함께 '에스컬레이터 안전 이용 문화... 허윤섭 한국승강기대학교 교수는 에스컬레이터 위에서 걸으면 발판에 전해지는 충격이 커져 설비에 무리가...,2026-09-23 11:00,https://www.newsis.com/view/NISX20260923_0003801611,https://n.news.naver.com/mnews/article/003/0014210150?sid=102
서울대학교,디지털타임스,한일월드컵 전 ‘화장실 문화 개선운동’…신중식 전 의원 별세,"언론인 출신 신중식(申仲植) 전 국회의원이 23일 오전 8시 14분 서울 강북삼성병원에서 85세를 일기로 세상을 떠났다고 유족이 전했다. 전남 고흥에서 태어난 고인은 경기고, 서울대 정치외교학과를 졸업한 뒤...",2026-09-23 10:59,https://www.dt.co.kr/article/12085607?ref=naver,https://n.news.naver.com/mnews/article/029/0003049642?sid=102
서울대학교,베리타스알파,양서고 2027 3차 입학설명회 '내달 31일'..12일부터 신청,"/사진=양서고 제공 경기 양평군 소재 비평준화 일반고인 양서고는 매년 서울대 합격실적 10명 이상을... 가장 최근인 2026대입에서 수시 4명, 정시 10명 등 14명의 서울대 합격자를 배출했다. ▲교육전문신문...",2026-09-23 10:58,https://www.veritas-a.com/news/articleView.html?idxno=629359,https://www.veritas-a.com/news/articleView.html?idxno=629359
고려대학교,이데일리,"선관위 특검, 디지털 포렌식 전문수사자문위원 4명 위촉","위촉된 자문위원은 이상진 고려대학교 정보보호대학원 교수, 원유집 한국과학기술원 전기및전자공학부 교수, 김기범 성균관대학교 과학수사학과 교수, 이병영 서울대학교 전기정보공학부 교수다. 특검팀은 “디지털...",2026-09-23 10:58,https://www.edaily.co.kr/News/Read?newsId=03106166645583072&mediaCodeNo=257&utm_source=naver&utm_medium=referral&utm_campaign=news_syndication&utm_content=original_article,https://n.news.naver.com/mnews/article/018/0006374862?sid=102
서울대학교,M-JOONGANG,잠과 깸 사이에서 발견한 행복으로 가는 마음 쓰는 법,"김환영 서울대 외교학과와 스탠퍼드대(중남미학 석사, 정치학 박사)에서 공부했다. 중앙일보에서 심의실장과 논설위원 등을 역임했다. 서강대·한경대·단국대 등에서 강단에 섰다. 지은 책으로 <뭐부터 읽어야 할지...",2026-09-23 10:58,https://www.m-joongang.com/news/articleView.html?idxno=403114,https://www.m-joongang.com/news/articleView.html?idxno=403114
서울대학교,이데일리,"선관위 특검, 디지털 포렌식 전문수사자문위원 4명 위촉","위촉된 자문위원은 이상진 고려대학교 정보보호대학원 교수, 원유집 한국과학기술원 전기및전자공학부 교수, 김기범 성균관대학교 과학수사학과 교수, 이병영 서울대학교 전기정보공학부 교수다. 특검팀은 “디지털...",2026-09-23 10:58,https://www.edaily.co.kr/News/Read?newsId=03106166645583072&mediaCodeNo=257&utm_source=naver&utm_medium=referral&utm_campaign=news_syndication&utm_content=original_article,https://n.news.naver.com/mnews/article/018/0006374862?sid=102
서울대학교,베리타스알파,"배재고 '2027입학설명회' 안내.. 1차 '내달 17일', 2차 '11월13일'","/ 사진=배재고 제공 서울 광역자사고 배재고는 140년 이상의 역사를 지닌 학교로 국내 사학 중에서 가장... 배재고는 2026대입에서 31명의 서울대 합격자를 배출했다. 2024대입 23명, 2025대입 27명, 2026대입 31명의 추이로...",2026-09-23 10:58,https://www.veritas-a.com/news/articleView.html?idxno=629326,https://www.veritas-a.com/news/articleView.html?idxno=629326
고려대학교,머니투데이,안산시 추석 연휴 '행정 공백 제로'…314명 비상근무,"고려대학교 안산병원, 근로복지공단 안산병원, 한도병원 등 관내 7개 응급의료기관은 연휴 내내 24시간 정상 운영되며, 문 여는 병·의원과 약국 정보는 시청 및 보건소를 통해 안내받을 수 있다. 시민 불편이 잦은...",2026-09-23 10:57,https://www.mt.co.kr/policy/2026/09/23/2026092310445715057,https://n.news.naver.com/mnews/article/008/0005417821?sid=102
고려대학교,쿠키뉴스,"김수영 고려대 교수, 연구재단 나노·소재단장 선임",쿠키뉴스=이재형 기자 | 한국연구재단은 국가전략연구본부 나노·소재단장에 김수영 고려대 신소재공학부... 이 기간 미국 시카고대 화학과 방문학자를 지냈다. 2019년부터 고려대 신소재공학부 교수로 재직 중이다.,2026-09-23 10:56,https://www.kukinews.com/article/view/kuk202609230072,https://www.kukinews.com/article/view/kuk202609230072
서울대학교,NONGMIN,농경연 차기 원장 후보 3명 압축,"서울대학교에서 농경제사회학 석사학위를 받은 뒤 박사과정을 수료했으며, 중국 베이징대학교에서 사회학 박사학위를 받았다. 2003~2007년에는 농경연에서 연구원과 전문연구원으로 근무해 농경연과도 인연이 있다. 이후...",2026-09-23 10:56,https://www.nongmin.com/article/20260923500101,https://n.news.naver.com/mnews/article/662/0000104976?sid=102
서울대학교,팜뉴스,"길리어드 코리아, 창립 15주년 간담회 개최… 국내 임상·사업 경과 공유","이어 열린 패널토론에서는 반준우 서울아산병원 임상시험센터 소장, 이경훈 서울대학교병원 혈액종양내과 교수, 김승환 신나는센터 상임이사, 최재연 대표가 참석해 헬스케어 과제를 논의했다. 전문가들은 글로벌...",2026-09-23 10:54,https://www.pharmnews.com/news/articleView.html?idxno=306507,https://www.pharmnews.com/news/articleView.html?idxno=306507
서울대학교,뉴스핌,"내달 7일 막 오르는 복지위 국감…국립대병원, 소관부처 이관 후 첫 검증",복지부는 국립대병원을 수도권 빅5 병원(서울대·서울아산·세브란스·삼성서울·서울성모) 수준까지 육성해 국민이 사는 곳에서 질 높은 진료를 받을 수 있도록 할 예정이다. 그러나 지역의 경우 의료진 인력 부족 등이...,2026-09-23 10:54,https://www.newspim.com/news/view/20260923000400,https://www.newspim.com/news/view/20260923000400
연세대학교,CNB저널,"한국문화예술위원회, 일본 문화청과 협력 서울 예술가의집에서 '아시안...","철학자이자 문화이론가인 한병철, 동아시아 철학 전문가 나카지마 다카히로(도쿄대 동양문화연구소 교수),  젠더·이주·돌봄 문제를 연구해 온 문화인류학자 김현미(연세대학교 문화인류학과 교수)의 기조강연을...",2026-09-23 10:54,https://www.cnbizm.com/news/articleView.html?idxno=316142,https://www.cnbizm.com/news/articleView.html?idxno=316142
연세대학교,이데일리,"현대해상, 청년 현장경험 기록·수치화해 취업 연결한다","염재호 태재대학교 총장, 장용석 연세대학교 교수, 엄윤미 아산나눔재단 이사장, 김성준 국민대학교 교수, 서현선 루트임팩트 이사, 정진우 ACG 컨설팅 대표가 참여한다. 정경선 현대해상 최고지속가능책임자(CSO)는 “더...",2026-09-23 10:53,https://www.edaily.co.kr/News/Read?newsId=03083206645583072&mediaCodeNo=257&utm_source=naver&utm_medium=referral&utm_campaign=news_syndication&utm_content=original_article,https://n.news.naver.com/mnews/article/018/0006374856?sid=101
서울대학교,DAILYVET,"송치용 대한수의사회 정무부회장, 사회민주당 당대표 당선","사회민주당은 22일(월) 제2기 사회민주당 전국동시당직선거 개표 결과를 공고하고, 송치용 후보의 당대표 선출 소식을 알렸다.서울대학교 수의과대학을 졸업한 송치용 대표는 사회민주당 창당을 이끌었고, 사회민주당...",2026-09-23 10:52,https://www.dailyvet.co.kr/news/policy/298091,https://www.dailyvet.co.kr/news/policy/298091
서울대학교,BOANNEWS,"[단독] 포스코, 삼성, 현대 연구원 개인정보 유출 정황... ""한국재료부식...","또 한국과학기술원(KAIST), 포항공과대학교(POSTECH), 서울대학교 등에 소속된 교수들의 개인정보도 포함됐다. 각 사별로 수십명의 개인정보를 가지고 있다는 주장이다. 공격자는 전체 데이터베이스 제공을 조건으로 500달러...",2026-09-23 10:52,https://www.boannews.com/news/articleView.html?idxno=146014,https://www.boannews.com/news/articleView.html?idxno=146014
고려대학교,주간한국,"고려대 의대, 과기정통부 기초연구 23개 과제 선정",사진=고대의과대학  고려대학교 의과대학은 고려대 의대 교수진이 과학기술정보통신부가 추진하는 2026년도 기초연구사업 2차 신규과제에 선정돼 총 23개 과제에서 약 38억 원의 연구비를 확보했다고 23일 밝혔다. 이번...,2026-09-23 10:52,https://weekly.hankooki.com/news/articleView.html?idxno=7185820,https://weekly.hankooki.com/news/articleView.html?idxno=7185820
서울대학교,매일경제,차기 씨티은행장에 김경호 부행장 내정…6년 만에 수장 교체,"1968년생인 김 부행장은 서울대 국제경제학과, 미국 매사추세츠공대 경영전문대학원(MBA)을 졸업했다. 이후 2001년 한국씨티은행에 입행해 대기업금융부장, 금융기업영업본부장 등을 거쳐 2021년부터 기업금융그룹을...",2026-09-23 10:51,https://www.mk.co.kr/article/12160154,https://n.news.naver.com/mnews/article/009/0005739402?sid=101
서울대학교,WONYESANUP,"농진청, '참외 내ㆍ외부 품질선별기술 현장 평가회' 열어","이번 연구에는 강원대학교(모창연 교수 연구팀)가 근적외선 분광 기반 당도 예측 기술, 서울대학교(김기석 교수 연구팀)가 클라우드 기반 품질 정보 관리 기술 개발과 통합에 참여하고 있다.",2026-09-23 10:50,http://www.wonyesanup.co.kr/news/articleView.html?idxno=65884,http://www.wonyesanup.co.kr/news/articleView.html?idxno=65884
서울대학교,WONYESANUP,"이병일 서울대 명예교수, '농학 120년·개교 80주년' 자랑스러운 동문상...",이병일 서울대학교 명예교수가 한국 농학 교육 120주년 및 서울대학교 개교 80주년을 기념해 열린 행사에서 '자랑스러운 동문상'을 수상했다. 서울대 농업생명과학대학은 1906년 농상공학교 농과의 분리·독립에서 시작된...,2026-09-23 10:50,http://www.wonyesanup.co.kr/news/articleView.html?idxno=65899,http://www.wonyesanup.co.kr/news/articleView.html?idxno=65899
서울대학교,WONYESANUP,"팜한농, '도심형팜 도시 문화' 포럼 성료","이수연 서울시립대학교 교수는 '정원도시에서 도심형팜으로, 자연-기술-사람을 연결하는 새로운 도시 플랫폼'을 주제로 기조연설을 진행했다. 이어 '공공 정책·R&D' 세션에서는 김세훈 서울대학교 교수가 '도심형팜, 도시...",2026-09-23 10:50,http://www.wonyesanup.co.kr/news/articleView.html?idxno=65868,http://www.wonyesanup.co.kr/news/articleView.html?idxno=65868
연세대학교,WONYESANUP,"농진청, 미래 농업 이끌 인재 양성 … 학계와 머리 맞대",이승돈 농촌진흥청장은 지난 17일 전북 전주시 농촌진흥청에서 열린 제15회 농촌진흥청-전국농학계대학장협... 1부 공동 학술 토론회에서는 연세대학교 김남주 인공지능(AI)혁신연구원 에듀테크센터장이 '인공지능(AI) 시대...,2026-09-23 10:50,http://www.wonyesanup.co.kr/news/articleView.html?idxno=65900,http://www.wonyesanup.co.kr/news/articleView.html?idxno=65900
고려대학교,뉴시스,"선관위 특검, 디지털 포렌식 역량 강화…전문위원 4명 위촉","이상진 고려대 정보보호대학원 교수, 원유집 한국과학기술원 전기및전자공학부 교수, 김기범 성균관대 과학수사학과 교수, 이병영 서울대 전기정보공학부 교수가 대상에 포함됐다. 특검팀은 ""디지털 포렌식, 정보 보안...",2026-09-23 10:49,https://www.newsis.com/view/NISX20260923_0003801765,https://n.news.naver.com/mnews/article/003/0014210111?sid=102
서울대학교,뉴시스,"선관위 특검, 디지털 포렌식 역량 강화…전문위원 4명 위촉","이상진 고려대 정보보호대학원 교수, 원유집 한국과학기술원 전기및전자공학부 교수, 김기범 성균관대 과학수사학과 교수, 이병영 서울대 전기정보공학부 교수가 대상에 포함됐다. 특검팀은 ""디지털 포렌식, 정보 보안...",2026-09-23 10:49,https://www.newsis.com/view/NISX20260923_0003801765,https://n.news.naver.com/mnews/article/003/0014210111?sid=102
연세대학교,이뉴스투데이,"현대해상, 청년 미래인재 육성 '프로젝트 트레일마크' 공개","자문위원단에는 염재호 태재대학교 총장, 장용석 연세대학교 교수, 엄윤미 아산나눔재단 이사장, 김성준 국민대학교 교수, 서현선 루트임팩트 이사, 정진우 ACG 컨설팅 대표가 참여한다. 프로젝트 트레일마크를 제안한...",2026-09-23 10:49,http://www.enewstoday.co.kr/news/articleView.html?idxno=2473873,http://www.enewstoday.co.kr/news/articleView.html?idxno=2473873
연세대학교,지디넷코리아,"자인연구소 생각산책 개최…""AI 시대 인간 경쟁력은 질문하고 성찰하는...","행사는 김형철 연세대학교 명예교수의 강연과 최원호 자인연구소 대표, 이형우 마이다스그룹 회장이 참여한... 이지선 이화여자대학교 교수와 신미영 마이다스인 대표가 연사로 참여한다. 이 회장은 ""불확실성이 커질수록...",2026-09-23 10:49,https://zdnet.co.kr/view/?no=20260923104828,https://n.news.naver.com/mnews/article/092/0002438623?sid=105
서울대학교,뉴스1,"선관위 특검, '디지털 포렌식 전문수사자문위원' 4명 위촉",특검에 따르면 자문위원으로는 △이상진 고려대 정보보호대학원 교수 △원유집 한국과학기술원 전기및전자공학부 교수 △김기범 성균관대 과학수사학과 교수 △이병영 서울대 전기정보공학부 교수가 위촉됐다. 특검은...,2026-09-23 10:48,https://www.news1.kr/society/court-prosecution/6300121,https://n.news.naver.com/mnews/article/421/0009188318?sid=102
고려대학교,NEWSTOMATO,추석 건강관리·명절증후군 예방 위해 “너무 풀어지지 마세요”,"권영근 고려대 안암병원 비만대사센터 교수는 “명절 음식을 피하거나 과식했다는 죄책감 때문에 연휴... 한규만 고려대 안암병원 정신건강의학과 교수는 “연휴가 끝난 뒤에도 우울감이나 불안, 수면 문제 등이...",2026-09-23 10:48,http://www.newstomato.com/ReadNews.aspx?no=1314668&inflow=N,http://www.newstomato.com/ReadNews.aspx?no=1314668&inflow=N
고려대학교,KOREAHEALTHLOG,고대구로병원 새 암병원 첫 삽…오는 2029년 말 완공,"기공식에는 학교법인 고려중앙학원 김재호 이사장, 고려대 김동원 총장, 윤을식 의무부총장 겸 의료원장, 편성범 의과대학장, 한승범 안암병원장, 민병욱 구로병원장, 서동훈 안산병원장, 전임 의무부총장 및 구로병원장...",2026-09-23 10:48,https://www.koreahealthlog.com/news/articleView.html?idxno=59152,https://www.koreahealthlog.com/news/articleView.html?idxno=59152
고려대학교,뉴스1,"선관위 특검, '디지털 포렌식 전문수사자문위원' 4명 위촉",특검에 따르면 자문위원으로는 △이상진 고려대 정보보호대학원 교수 △원유집 한국과학기술원 전기및전자공학부 교수 △김기범 성균관대 과학수사학과 교수 △이병영 서울대 전기정보공학부 교수가 위촉됐다. 특검은...,2026-09-23 10:48,https://www.news1.kr/society/court-prosecution/6300121,https://n.news.naver.com/mnews/article/421/0009188318?sid=102
서울대학교,연합뉴스,한일월드컵 앞두고 '화장실문화 개선운동'…신중식 前의원 별세,"14분께 서울 강북삼성병원에서 세상을 떠났다고 유족이 전했다. 향년 만 85세. 전남 고흥에서 태어난 고인은 경기고, 서울대 정치외교학과를 졸업했다. 중앙일보·한국일보 기자를 거쳐 1978년 대한축구협회 이사...",2026-09-23 10:47,https://www.yna.co.kr/view/AKR20260923076900704?input=1195m,https://n.news.naver.com/mnews/article/001/0016331950?sid=100
서울대학교,마이데일리,한국씨티은행 차기 행장에 김경호 부행장…‘기업금융通’ 기조 유효,◇ 대기업·금융기관 영업 두루 거친 ‘기업금융 전문가’ 1968년생인 김 부행장은 서울대 국제경제학과를 졸업하고 미국 매사추세츠공대(MIT) 경영전문대학원(MBA)을 마쳤다. 2001년 한국씨티은행에 입행한 뒤...,2026-09-23 10:46,https://www.mydaily.co.kr/page/view/2026092310445488896,https://n.news.naver.com/mnews/article/117/0004108458?sid=103
서울대학교,이뉴스투데이,"경기도 '뷰티풀 커넥트', 지역문제 해결 협력모델 주목",경기도는 지난 21일부터 22일까지 서울 코엑스에서 열린 '제3회 대한민국 사회적가치 페스타'에 참가해... 이어 김홍중 서울대학교 사회학과 교수는 '함께 살아가는 연결의 문법'을 주제로 지속 가능한 연대와 협력의...,2026-09-23 10:45,http://www.enewstoday.co.kr/news/articleView.html?idxno=2473870,http://www.enewstoday.co.kr/news/articleView.html?idxno=2473870
서울대학교,ABLENEWS,"경기도남부지역장애인보건의료센터·㈜밀알, 장애인 재가 돌봄 환경 개...","지원 대상은 분당서울대학교병원 퇴원환자 또는 경기도남부 지역장애인보건의료센터에 등록된 장애인 중 건강상태와 주거환경, 경제적 여건, 돌봄 필요성을 종합적으로 검토하여 양 기관의 협의를 거쳐 선정할 예정이다....",2026-09-23 10:44,https://www.ablenews.co.kr/news/articleView.html?idxno=233537,https://www.ablenews.co.kr/news/articleView.html?idxno=233537
연세대학교,BIOSPECTATOR,"루닛, 'AI 바이오마커' 담도암 임상 ""네이처메디슨 게재""",이에 따라 이번 연구에서 이충근 연세대의대 교수팀 주도하에 HER2 양성 진행성 담도암 환자 40명을... 이충근 연세대의대 교수는 “AI 기반 디지털병리 분석은 기존 HER2 면역염색 병리 분석법보다 치료 효과를 더...,2026-09-23 10:44,https://www.biospectator.com/view/news_view.php?varAtcId=29899,https://www.biospectator.com/view/news_view.php?varAtcId=29899
연세대학교,아주경제,아르코·日 문화청 '아시안 아트 라운드테이블' 서울 개최,"철학자이자 문화이론가인 한병철, 동아시아 철학 전문가 나카지마 다카히로 도쿄대 동양문화연구소 교수,  젠더·이주·돌봄 문제를 연구해 온 문화인류학자 김현미 연세대학교 문화인류학과 교수의 기조강연으로...",2026-09-23 10:44,https://www.ajunews.com/view/20260923103823306,https://www.ajunews.com/view/20260923103823306
연세대학교,DAILY,"현대해상, AI시대 청년 미래인재 육성 '프로젝트 트레일마크' 공개","또한, 프로젝트의 방향성과 전문성을 높이기 위해 교육, HR, 사회혁신 분야 전문가 6인으로 자문위원단을 구성했으며, 염재호 태재대학교 총장, 장용석 연세대학교 교수, 엄윤미 아산나눔재단 이사장, 김성준 국민대학교...",2026-09-23 10:44,https://daily.hankooki.com/news/articleView.html?idxno=1409366,https://daily.hankooki.com/news/articleView.html?idxno=1409366
고려대학교,충청리뷰,"고려대 세종캠, '메디힐 유임순 정원 조성' 기념식",권오섭 회장이 고려대학교 세종캠퍼스의 학생 복지와 대학 발전을 위해 향후 4년간 매년 5억 원씩 20억 원을 기부하기로 약정한 것을 계기로 마련됐다. 권오섭 회장은 지속적인 기부를 통해 고려대학교 세종캠퍼스의...,2026-09-23 10:44,https://www.ccreview.co.kr/news/articleView.html?idxno=358414,https://www.ccreview.co.kr/news/articleView.html?idxno=358414
연세대학교,M-JOONGANG,"포용의 인도, 히말라야에서 만난 '미니 이스라엘'","연세대 정치외교학과를 졸업하고 서울방송(SBS) 기자로 일하다가 1994년 일본 마쓰시타정경숙 15기로 입숙해 5년 과정을 마치는 동안 125개 나라를 순회했다. 조지워싱턴대학 E-Politics 프로젝트 디렉터, 일본경제산업성...",2026-09-23 10:42,https://www.m-joongang.com/news/articleView.html?idxno=403112,https://www.m-joongang.com/news/articleView.html?idxno=403112
서울대학교,문화일보,이상기 북토크 ‘왜 다시 아시아인가’…“아시아를 중심에 놓고 다시 ...,"북토크는 이수성 전 국무총리(전 서울대 총장), 이기우 아시아기자협회 이사장, 오준 세이브더칠드런 이사장(전 유엔대사), 차이 소팔 아시아기자협회 회장(캄보디아 정보부 국무비서), 유현준 홍익대 교수, 손주은...",2026-09-23 10:42,https://www.munhwa.com/article/11619150?ref=naver,https://n.news.naver.com/mnews/article/021/0002820877?sid=102
서울대학교,GOKOREA,한국씨티은행 차기 행장에 김경호 부행장,"1968년생인 김 부행장은 서울대 국제경제학과를 졸업하고 미국 매사추세츠공대(MIT) 경영전문대학원(MBA)을 마쳤다. 2001년 한국씨티은행에 입행한 뒤 대기업금융부장, 금융기관본부장 등을 거쳐 2021년 2월부터 기업금융그룹...",2026-09-23 10:40,https://www.gokorea.kr/news/articleView.html?idxno=879531,https://www.gokorea.kr/news/articleView.html?idxno=879531
고려대학교,BBS NEWS,[인사]한국연구재단 국가전략연구본부 나노-소재단장 김수영,"나노·소재단장에 고려대 신소재공학부 김수영 교수를 선임했다고 밝혔습니다. 김수영 단장은 1976년생으로 POSTECH에서 학사, 석사, 박사 학위를 취득했으며 중앙대 교수를 거쳐 현재 고려대 교수로 재직중입니다.",2026-09-23 10:40,https://news.bbsi.co.kr/news/articleView.html?idxno=4108363,https://news.bbsi.co.kr/news/articleView.html?idxno=4108363
서울대학교,KMAEIL,"경기도, '뷰티풀 커넥트'로 민관 협력 통한 지역문제 해결 성과 공유",경기도가 지난 21일부터 22일까지 서울 코엑스에서 열린 '제3회 대한민국 사회적가치 페스타'에 참여해... 이어 다음 강연자인 서울대학교 사회학과 김홍중 교수가 '함께 살아가는 연결의 문법'을 주제로 지속 가능한...,2026-09-23 10:40,https://www.kmaeil.com/news/articleView.html?idxno=652687,https://www.kmaeil.com/news/articleView.html?idxno=652687
연세대학교,JEONMAE,"정연화 성남시의회 부의장, 수소 기반 미래형 도시교통 전환 방안 모색","이날 토론회는 연세대학교 문일 교수가 좌장을 맡았으며 카이스트 경영공학부 김상원 교수가 발제자로 나섰다. 토론에는 이임철 SK이노베이션 E&S 부사장, 이용주 아주대학교 교수, 박상욱 제로쿨투어 대표가 참여해 성남시...",2026-09-23 10:38,https://www.jeonmae.co.kr/news/articleView.html?idxno=1296226,https://www.jeonmae.co.kr/news/articleView.html?idxno=1296226
연세대학교,M-JOONGANG,모두 놓고 떠나며 '위대함'을 남긴 거인,"세브란스의학전문학교장 올리버 에이비슨이 유일한에게 연의전문학교 상과(오늘날 연세대 경영대학) 교수직을, 일한의 아내 호미리에게는 세브란스병원 소아과 과장직을 제의했기 때문이다. 하지만 그는 교수직을...",2026-09-23 10:38,https://www.m-joongang.com/news/articleView.html?idxno=403111,https://www.m-joongang.com/news/articleView.html?idxno=403111
연세대학교,4TH,"'이력 한 줄' 그친 청년 경험…현대해상·SK, '채용 역량'으로 잇는다","염재호 태재대학교 총장과 장용석 연세대학교 교수, 엄윤미 아산나눔재단 이사장, 김성준 국민대학교 교수, 서현선 루트임팩트 이사, 정진우 ACG 컨설팅 대표 등이 참여한다. 프로젝트를 제안한 정경선 현대해상...",2026-09-23 10:38,http://www.4th.kr/news/articleView.html?idxno=2118617,http://www.4th.kr/news/articleView.html?idxno=2118617
서울대학교,NEWSWORKER,"전남TP, '녹색기술 첫 삽'... 인도네시아 오지 식수난 해결 나서","이 같은 성과를 일궈낸 핵심 동력으로는 개발도상국 원조(ODA) 사업 발굴과 유관기관 해외지원사업협의회 운영, 서울대학교 국제에너지정책과정(IEPP) 소속 해외 공무원 네트워크 활용이라는 3대 글로벌 협력 플랫폼이...",2026-09-23 10:38,https://www.newsworker.co.kr/news/articleView.html?idxno=505790,https://www.newsworker.co.kr/news/articleView.html?idxno=505790
서울대학교,아이뉴스24,"한국로봇산업진흥원, 체코에 '첨단로봇 협력거점' 개소","한국로봇산업진흥원(이하 진흥원)은 지난 21일 체코 프라하 공과대학교(CTU) 산하 '체코 정보학, 로봇공학... 이에 따라 한국전자기술연구원(KETI), 서울대학교, 화승알앤에이, 한국로봇산업진흥원, 프라하공대는 AI...",2026-09-23 10:37,http://www.inews24.com/view/2008673,https://n.news.naver.com/mnews/article/031/0001060910?sid=101
서울대학교,연합뉴스,"한국에너지연구원 정학근 원장 취임…""탄소중립 실현""","정 원장은 1996년 전남대 전기공학 학사, 1998년 GIST 메카트로닉스공학 석사, 2013년 서울대 기계항공공학 박사 학위를 각각 취득했다. 1998년 에너지연에 입사한 이후 에너지효율연구본부장을 역임했다. 임기는 2029년...",2026-09-23 10:37,https://www.yna.co.kr/view/AKR20260923073000063?input=1195m,https://n.news.naver.com/mnews/article/001/0016331891?sid=102
고려대학교,ECONOVILL,뮤지컬 '엘리자벳' 장르 통합 1위…루시(LUCY) 앙코르 콘서트 2위 [9월 2...,루시(LUCY) 9TH CONCERT: ISLAND [서울 (앵콜)] - 대중음악 - 2026.10.23 ~ 2026.10.25 - 서울 - 고려대학교... 이창섭 단독 콘서트: Unknown - 대중음악 - 2026.10.16 ~ 2026.10.18 - 서울 - 경희대학교 평화의전당 14....,2026-09-23 10:36,https://www.econovill.com/news/articleView.html?idxno=751681,https://www.econovill.com/news/articleView.html?idxno=751681
서울대학교,한경매거진,한국씨티은행 차기 행장에 김경호 기업금융그룹 부행장 추천,"1968년생인 김 부행장은 서울대 국제경제학과, 미국 매사추세츠공대 경영전문대학원(MBA)을 졸업했다. 2001년 한국씨티은행에 입행한 뒤 대기업금융부장, 금융기관본부장 등을 거쳐 2021년 2월부터 기업금융그룹 부행장을...",2026-09-23 10:36,https://magazine.hankyung.com/business/article/202609233068b,https://n.news.naver.com/mnews/article/050/0000111260?sid=101
연세대학교,IKLD,"서울교통공사, 대학·민간과 공공데이터 활용 확대… 도시문제 해결 나...","(사진제공 : 서울교통공사) 서울교통공사가 대학·민간 전문기관과 손잡고 공공데이터를 활용한 도시문제 해결과 신규 서비스 발굴에 나선다. 서울교통공사는 지난 14일 경기대학교, 동국대학교, 세종대학교, 연세대학교...",2026-09-23 10:36,http://www.ikld.kr/news/articleView.html?idxno=341295,http://www.ikld.kr/news/articleView.html?idxno=341295
고려대학교,메디컬투데이,"고려대 구로병원 이승훈·김은상 교수팀, 대한척추신경외과학회 학술상",고려대학교 구로병원 신경외과 이승훈·김은상 교수 연구팀이 척수종양 환자의 수술 후 요폐 발생과 위험인자를 분석한 연구로 대한척추신경외과학회 학술상을 받았다. 고려대 구로병원은 연구팀이 지난...,2026-09-23 10:34,https://www.mdtoday.co.kr/news/articleView.html?idxno=616203,https://www.mdtoday.co.kr/news/articleView.html?idxno=616203
서울대학교,파이낸셜뉴스,차기 한국씨티은행장에 '기업금융 전문가' 김경호 부행장,서울대학교 국제경제학과를 졸업한 뒤 1992년 삼성물산 경영관리 부문에서 첫 경력을 쌓았다. 이후 2000년 글로벌 컨설팅회사 맥킨지 앤 컴퍼니에서 컨설턴트로 근무했다. 2001년 씨티은행 서울지점으로 자리를 옮기면서...,2026-09-23 10:34,https://www.fnnews.com/news/202609230951282877,https://n.news.naver.com/mnews/article/014/0005580206?sid=101
고려대학교,에듀동아,"서경대, 성북구·관내 7개 대학과 '대학도시 성북' 비전 선포…상생협력...","서울 성북구가 21일 구청에서 관내 7개 대학과 함께 '대학도시 성북' 비전 선포식을 열고, 지역과 대학이 상생하는 협력체계를 구축하는 업무협약(MOU)을 체결했다. 서경대학교(총장 김범준)를 비롯해 고려대·국민대...",2026-09-23 10:32,https://edu.donga.com/news/articleView.html?idxno=112247,https://edu.donga.com/news/articleView.html?idxno=112247
서울대학교,뉴데일리경제,시험대 오른 '70년대생' 경제부총리 … 중량감·경험 부재에 '불안한 출...,"1971년생으로 50대 초반인 데다 서울대 경제학과 89학번, 행시 36회로 기수상으로도 상대적으로 젊다. 장관 경험 없이 현직 차관에서 부총리로 직행한 것도 처음이다. 행시 동기인 김정관 산업통상부 장관보다 학번으로는 두...",2026-09-23 10:32,https://biz.newdaily.co.kr/site/data/html/2026/09/23/2026092300113.html,https://biz.newdaily.co.kr/site/data/html/2026/09/23/2026092300113.html
고려대학교,이데일리,"엘앤씨바이오, 메가카티 4년 장기추적 데이터 발표","고려대학교 장기모 교수는 'Beyond Microfracture: The Emerging Role of MegaCarti in Knee Cartilage Regeneration'을 주제로... 동종신경이식재 '메가너브 프라임(MegaNerve Prime)'은 국내 주요 대학병원 40여 곳에 도입됐으며, '메가누보...",2026-09-23 10:31,https://www.edaily.co.kr/News/Read?newsId=03011046645583072&mediaCodeNo=257&utm_source=naver&utm_medium=referral&utm_campaign=news_syndication&utm_content=original_article,https://n.news.naver.com/mnews/article/018/0006374839?sid=101
연세대학교,BUSINESSPLUS,"[금융권 이모저모]KB자산운용, 'KB온국민TDF 2055' 5년 수익률 1위 外","염재호 태재대학교 총장, 장용석 연세대학교 교수, 엄윤미 아산나눔재단 이사장, 김성준 국민대학교 교수, 서현선 루트임팩트 이사, 정진우 ACG 컨설팅 대표가 참여한다. 그래픽=카카오페이증권 ◇카카오페이증권...",2026-09-23 10:30,https://www.businessplus.kr/news/articleView.html?idxno=117286,https://www.businessplus.kr/news/articleView.html?idxno=117286
연세대학교,HELLOT,"리드텍 제리 량 사장 “AI 컴퓨팅 성능, 기업 생산성으로 연결해야”",특히 연세대학교 미래캠퍼스처럼 의료와 과학기술 분야의 역량을 갖춘 대학이 지역에 있다는 점을 눈여겨봤다. 대만의 반도체 산업이 성장한 배경을 이야기할 때 신주 과학단지와 주변 대학의 역할을 빼놓을 수 없다....,2026-09-23 10:30,https://www.hellot.net/news/article.html?no=115101,https://www.hellot.net/news/article.html?no=115101
서울대학교,부산일보,"국립부경대, 전국 국·공립대 교직원 축구대회 ‘3연패’","이번 대회는 지난 17~19일까지 서울과학기술대학교 주관으로 서울과학기술대와 육사화랑구장 등에서... 국립부경대는 예선에서 방송통신대학교를 5대 0, 강원대학교를 3대 1, 서울대학교를 2대 0으로 차례로 꺾으며 3전...",2026-09-23 10:29,https://www.busan.com/view/busan/view.php?code=2026092310284971753,https://n.news.naver.com/mnews/article/082/0001399653?sid=102
서울대학교,연합뉴스,한국씨티은행 차기 행장에 '기업금융통' 김경호 부행장(종합),"1968년생인 김 부행장은 서울대 국제경제학과, 미국 매사추세츠공대 경영전문대학원(MBA)을 졸업했다. 2001년 한국씨티은행에 입행한 뒤 대기업금융부장, 금융기관본부장 등을 거쳐 2021년 2월부터 기업금융그룹 부행장을...",2026-09-23 10:27,https://www.yna.co.kr/view/AKR20260923052851002?input=1195m,https://n.news.naver.com/mnews/article/001/0016331837?sid=101
고려대학교,OSEN,"영탁, 누구나 들으면 흥 폭발…‘GOGO’ 제대로 즐기는 꿀팁","오는 10월 3일부터 5일까지 서울 고려대학교 화정체육관에서 단독 콘서트 ‘TAK SHOW5’를 개최하며 전국투어의 시작을 알린다. ‘TAK SHOW5’는 서울 공연을 시작으로 10월 24~25일 전주, 11월 28~29일 대구, 12월 19~20일...",2026-09-23 10:27,http://www.osen.co.kr/article/G1112880490,https://m.entertain.naver.com/article/109/0005611345
고려대학교,연합뉴스,"남도국악원, 30일 '해설이 있는 풍류음악회'",강의와 해설은 한국예술종합학교 강사를 역임하고 현재 고려대학교 한국학연구소 연구교수로 재직 중이며 판소리학회 부회장을 겸하고 있는 이태화 교수가 맡는다. 또 남원시립국악단 임현빈 악장과 김윤선 상임단원...,2026-09-23 10:27,https://www.yna.co.kr/view/AKR20260923070900054?input=1195m,https://n.news.naver.com/mnews/article/001/0016331838?sid=103
서울대학교,데일리안,정학근 에너지연 원장 취임…도전적 연구 강조,"정 원장은 1996년 전남대에서 전기공학 학사, 1998년 광주과학기술원(GIST)에서 메카트로닉스공학 석사, 2013년 서울대에서 기계항공공학 박사 학위를 받았다. 1998년 에너지연에 입사해 에너지효율연구본부장을 지냈으며...",2026-09-23 10:26,https://www.dailian.co.kr/news/view/1694018/?sc=Naver,https://n.news.naver.com/mnews/article/119/0003135920?sid=105
서울대학교,보건뉴스,"한국노바티스, CML 환자 정보 플랫폼 '아주 보통의 하루' 전면 개편","이정옥 분당서울대학교병원 혈액종양내과 교수(대한혈액학회 CML연구회 위원장)는 ""치료 초기부터 환자가 장기적인 치료 목표와 분자학적 반응의 의미를 올바르게 이해하고 의료진과 같은 방향을 바라보는 것이...",2026-09-23 10:26,http://www.bokuennews.com/news/article.html?no=284688,http://www.bokuennews.com/news/article.html?no=284688
고려대학교,뉴스핌,"엘앤씨바이오, 메가카티 4년 임상 공개",고려대학교 장기모 교수는 'Beyond Microfracture: The Emerging Role of MegaCarti in Knee Cartilage Regeneration'을 주제로 메가카티를 활용한 무릎 연골 재생 치료와 4년 추적 결과를 발표했다. 사진은 지난 10일부터 12일까지...,2026-09-23 10:24,https://www.newspim.com/news/view/20260923000355,https://www.newspim.com/news/view/20260923000355
서울대학교,MJMEDI,"""한의학 변명해야 하는 시대…과학의학의 외곽 지키고 있어""","한국의학역사에 대한 통사는 연세대학교에서 나온 것이 가장 최신이고, 그 이전에는 1960년대에 서울대학교 의과대학 김두종 박사가 쓴 책이 있다. 모두 기념비적인 저서지만, 다분히 서양의학의 관점에서 한국의...",2026-09-23 10:24,http://www.mjmedi.com/news/articleView.html?idxno=63174,http://www.mjmedi.com/news/articleView.html?idxno=63174
연세대학교,이투데이,"루닛, AI로 담도암 치료효과 예측…네이처 메디슨 게재",이번 논문은 이충근 연세대학 의과대학 교수팀이 주도한 HER2 양성 진행성 담도암 1차 치료 임상시험 결과다. 루닛 연구진은 공동저자로서 AI 기반 전체 슬라이드 이미지 분석과 바이오마커 분석을 맡았으며 해당...,2026-09-23 10:24,https://www.etoday.co.kr/news/view/2628974,https://www.etoday.co.kr/news/view/2628974
연세대학교,KOREAHEALTHLOG,뇌 면역 균형 회복 통한 알츠하이머병 치료 원리 규명,"성균관대학교 글로벌바이오메디컬공학과 서민아 교수 연구팀이 바이오 기업 아임뉴런 및 연세대 의대 권호근 교수 연구팀과 손잡고, 알츠하이머병 동물 모델에서 뇌 속 면역 단백질을 조절해 손상된 뇌 면역 환경을...",2026-09-23 10:24,https://www.koreahealthlog.com/news/articleView.html?idxno=59149,https://www.koreahealthlog.com/news/articleView.html?idxno=59149
연세대학교,E-SCIENCE,"서울교통공사, 공공데이터 178종 대학 프로젝트로…도시문제 해법 찾는...","| 이코노미사이언스 정연재 기자 | 서울교통공사가 개방한 지하철 공공데이터가 대학생들의 도시문제 해결... 서울교통공사는 경기대학교·동국대학교·세종대학교·연세대학교, 데이터 전문기업 에스엘더블유랩과...",2026-09-23 10:24,https://www.e-science.co.kr/news/articleView.html?idxno=136033,https://www.e-science.co.kr/news/articleView.html?idxno=136033
연세대학교,MJMEDI,"""한의학 변명해야 하는 시대…과학의학의 외곽 지키고 있어""","한국의학역사에 대한 통사는 연세대학교에서 나온 것이 가장 최신이고, 그 이전에는 1960년대에 서울대학교 의과대학 김두종 박사가 쓴 책이 있다. 모두 기념비적인 저서지만, 다분히 서양의학의 관점에서 한국의...",2026-09-23 10:24,http://www.mjmedi.com/news/articleView.html?idxno=63174,http://www.mjmedi.com/news/articleView.html?idxno=63174
서울대학교,비즈월드,"산업은행, 정부·지자체·금융기관·기업과 '피지컬 AI 지역거점 발전 포...","'피지컬 AI 체험 Zone'에서 산업 현장에 적용된 기술을 선보였으며 서울대 로보틱스 연구소 박종우 교수의 강연도 열렸다. 박상진 회장은 ""피지컬 AI를 통해 제조업의 패러다임이 공정 전체의 지능화로 바뀌고 있다""라며...",2026-09-23 10:22,http://www.bizwnews.com/news/articleView.html?idxno=147204,http://www.bizwnews.com/news/articleView.html?idxno=147204
연세대학교,M-JOONGANG,조선의 억불정책과 1895년 종교 자유의 전말,"30년 전 출근길, 신촌에서 연세대 쪽으로 가는 지름길을 이용한 적이 있다. 큰길에서 신촌장로교회 골목으로... 연세대에서 박사 학위를 받았고, 2016년 연세대 국어국문학과에서 정년 퇴임했다. 과  같은...",2026-09-23 10:20,https://www.m-joongang.com/news/articleView.html?idxno=403101,https://www.m-joongang.com/news/articleView.html?idxno=403101
서울대학교,국제뉴스,"대한결핵협회, 9월 몽골서 아시아 결핵퇴치 협력포럼 개최…16개국 참석",포럼 마지막 날 폐회식에서는 손호준 서울대학교 의과대학 교수가 한국 주도의 글로벌 결핵퇴치 협력 구상을 소개했다. 손 교수는 아시아 각국 참가자들에게 혁신적인 결핵퇴치 사업 아이디어와 연구·사업 근거 제안을...,2026-09-23 10:18,https://www.gukjenews.com/news/articleView.html?idxno=3704329,https://www.gukjenews.com/news/articleView.html?idxno=3704329
서울대학교,PPSS,"""탄소중립 실현 위한 수직적 도약 이뤄낼 시기""","정학근 원장은 전남대학교에서 1996년 전기공학 학사, GIST에서 1998년 메카트로닉스공학 석사, 서울대학교에서 2013년 기계항공공학 박사 학위를 취득했다. 1998년 에너지연에 입사한 이후 에너지효율연구본부장을...",2026-09-23 10:17,https://www.ppss.kr/news/articleView.html?idxno=312275,https://www.ppss.kr/news/articleView.html?idxno=312275
고려대학교,브릿지경제,"안산시, 추석 연휴 종합대책 가동…314명 비상근무",특히 근로복지공단 안산병원·사랑의병원·동안산병원 등 상록구 3곳과 고려대학교 안산병원·한도병원·단원병원·클래스병원 등 단원구 4곳 등 지역 7개 응급실 운영 의료기관은 연휴 동안 24시간 비상진료체계를...,2026-09-23 10:16,https://www.viva100.com/article/20260923500283,https://www.viva100.com/article/20260923500283
고려대학교,THETRACKER,"'미래에셋 투자' 엔도로보틱스, 2028년 IPO 시동",엔도로보틱스는 김병곤 대표와 고려대 홍대희 교수 연구팀이 2012년부터 과학기술정보통신부·한국연구재단 지원으로 개발해 온 유연 내시경 수술로봇 원천기술을 기술이전받아 2019년 설립한 의료로봇 기업이다....,2026-09-23 10:16,https://thetracker.co.kr/View.aspx?No=4239595,https://thetracker.co.kr/View.aspx?No=4239595
연세대학교,더팩트,"현대해상, SK와 손잡고 AI 청년 미래인재 육성 추진","염재호 태재대학교 총장, 장용석 연세대학교 교수, 엄윤미 아산나눔재단 이사장, 김성준 국민대학교 교수, 서현선 루트임팩트 이사, 정진우 ACG 컨설팅 대표가 참여한다. 정경선 현대해상 최고지속가능책임자(CSO)는...",2026-09-23 10:14,https://news.tf.co.kr/read/economy/2369283.htm,https://n.news.naver.com/mnews/article/629/0000536495?sid=101
서울대학교,전자신문,"현진기업, 인니 '에너지 자립형 정수시설 구축사업' 착공…전남테크노...","전남테크노파크는 해외협력사업(ODA) 발굴, 해외지원사업협의회 운영, 서울대 IEPP(국제에너지정책과정) 개도국 공무원 네트워크 활용이라는 3개 축을 전략적으로 가동해 지역 기업들이 해외 진출을 위해 밀착 지원하고...",2026-09-23 10:14,https://www.etnews.com/20260923000074,https://n.news.naver.com/mnews/article/030/0003469674?sid=102
연세대학교,스타뉴스,'좌완 선발+ML 거포' KT가 원한 그림 그대로... '슬라이더 우완 원톱' 2R...,"(22·연세대), 김단(18·휘문고), 안우석(18·경남고), 이지효(18·장안고)까지 11명을 지명했다. 부족한 좌완과... 올해 드래프트에서는 대학 선수 22명이 이름을 불렸다. 하지만 KT는 대학 투수를 무작정 늘리지 않았다. 이미...",2026-09-23 10:12,https://www.starnewskorea.com/sports/2026/09/23/2026092308595049309,https://m.sports.naver.com/kbaseball/article/108/0003472867
고려대학교,쿠키뉴스,"추석 뒤 늘어난 체중, 모두 지방은 아니다…“굶기보다 일상 복귀”",비만대사수술은 고도비만이거나 당뇨병·수면무호흡증·지방간질환 등이 동반된 환자에게 고려할 수 있다.... 권영근 고려대안암병원 비만대사센터 교수는 “명절 음식을 무조건 피하거나 많이 먹었다는 죄책감 때문에...,2026-09-23 10:12,https://www.kukinews.com/article/view/kuk202609230049,https://www.kukinews.com/article/view/kuk202609230049
서울대학교,대학저널,"국립부경대, 국공립대 교직원 축구대회 ‘3연패’","주관으로 서울과학기술대와 육사화랑구장 등에서 개최됐으며, 전국 19개 국·공립대학교 교직원 축구팀에서 600여 명이 참가해 열띤 경쟁을 펼쳤다. 국립부경대는 예선에서 방송통신대를 5대 0, 강원대를 3대 1, 서울대...",2026-09-23 10:12,https://dhnews.co.kr/news/view/1065575063665542,https://dhnews.co.kr/news/view/1065575063665542
서울대학교,뉴데일리경제,'자체 두뇌'로 수억㎞ 달리는 美·中 … 韓 자율주행은 실증도 학습도 ...,기업이 데이터와 차량 등 개발 기반을 제공하면 서울대가 모델을 개발해 다시 기업에 제공하겠다는 구상이다. 국토부 역시 대규모 주행 데이터를 확보하고 상용화를 앞당기기 위해 내년 광주를 포함한 5~6개...,2026-09-23 10:12,https://biz.newdaily.co.kr/site/data/html/2026/09/23/2026092300063.html,https://biz.newdaily.co.kr/site/data/html/2026/09/23/2026092300063.html
고려대학교,대학저널,"서경대, 성북구·관내 7개 대학과 상생협력 MOU",사진=서경대 제공  서경대학교를 비롯해 고려대·국민대·동덕여대·성신여대·한국예술종합학교·한성대 등 성북구 소재 대학들이 교육·연구·문화 자원과 지역 인프라를 연결하는 구체적 협력 방향을 공유했다. 서울...,2026-09-23 10:12,https://dhnews.co.kr/news/view/1065571619392492,https://dhnews.co.kr/news/view/1065571619392492
고려대학교,CNB저널,"고려대-반기문재단, 국제안보 재편과 한반도 평화 논의","이번 심포지엄은 '질서 이후의 질서: 국제안보의 재편과 한반도 평화'를 주제로, 고려대 통일선도대학사업... 토론에는 남성욱 숙명여자대학교 석좌교수, 임종인 김앤장 고문(전 대통령 사이버특보, 고려대 명예교수)...",2026-09-23 10:10,https://www.cnbizm.com/news/articleView.html?idxno=316113,https://www.cnbizm.com/news/articleView.html?idxno=316113
서울대학교,토큰포스트,전북·경북·경남 피지컬 AI 거점화…정책금융 지원,"이억원 금융위원장은 22일 서울 여의도 한국산업은행 본점에서 열린 ‘피지컬 AI 지역거점 발전 포럼’에... 산업은행·기업은행·신용보증기금은 관련 금융지원 방안을 소개했고, 서울대학교 로보틱스 국가연구소 박종우...",2026-09-23 10:10,https://www.tokenpost.kr/news/ai/412540,https://www.tokenpost.kr/news/ai/412540
서울대학교,CNB저널,"고려대-반기문재단, 국제안보 재편과 한반도 평화 논의","확보전략' △김상배 서울대 교수(정보세계정치학회장)의 '기술, 규범, 제도의 재편과 한국의 전략적 선택' 발제가 이어진다. 토론에는 남성욱 숙명여자대학교 석좌교수, 임종인 김앤장 고문(전 대통령 사이버특보...",2026-09-23 10:10,https://www.cnbizm.com/news/articleView.html?idxno=316113,https://www.cnbizm.com/news/articleView.html?idxno=316113
연세대학교,CNB저널,"고려대-반기문재단, 국제안보 재편과 한반도 평화 논의",문화경제 | CNB저널 | 씨앤비저널 고려대학교(총장 김동원) 통일융합연구원(원장 이신화)이... △권태경 연세대 정보대학원 교수(AI 보안연구회 회장)의 'AI 기술패권과 안보 방어선: 한국의 공급망 주권 확보전략...,2026-09-23 10:10,https://www.cnbizm.com/news/articleView.html?idxno=316113,https://www.cnbizm.com/news/articleView.html?idxno=316113
연세대학교,한국경제TV,"루닛 “AI 플랫폼 활용 난치암 연구, 국제 학술지 게재”",이번 논문은 연세대학교 의과대학 이충근 교수 연구팀이 주도한 HER2 양성 진행성 담도암 1차 치료 임상시험 결과를 담았다. 루닛 연구진은 공동저자로서 AI 기반 전체 슬라이드 이미지 분석과 바이오마커 분석을...,2026-09-23 10:10,http://www.wowtv.co.kr/NewsCenter/News/Read?articleId=A202609230032&t=NN,https://n.news.naver.com/mnews/article/215/0001266982?sid=101
고려대학교,라포르시안,"포레스트요양병원, 재활의학과 전영순 진료원장 초빙…암 요양병원 맞춤...","전영순 진료원장은 고려대학교 의과대학을 졸업하고 동 대학원에서 재활의학과 과정을 거쳤으며, 고려대학교 의과대학 외래교수와 지안재활의학과 및 지안메디 스포츠클리닉 대표원장 등을 역임했다. 대외적으로는...",2026-09-23 10:10,https://www.rapportian.com/news/articleView.html?idxno=240702,https://www.rapportian.com/news/articleView.html?idxno=240702
서울대학교,교수신문,[교수초빙] 서울대학교 공과대학 2026학년도 제2차 대학교원 신규채용 ...,대학 홈페이지 바로가기 > 가. 초빙분야 나. 접수기간 - 2026. 9. 28.(월) 10:00 ～ 10.13.(화) 10:00까지 다. 자세한 사항은 대학 홈페이지를 참고하시기 바랍니다.,2026-09-23 10:08,https://www.kyosu.net/news/articleView.html?idxno=210690,https://www.kyosu.net/news/articleView.html?idxno=210690
연세대학교,바스켓코리아,"연세대의 골밑을 든든하게 지킨 홍상민, ""수비는 자신감과 자존감이다""",연세대는 22일 연세대학교 체육관에서 열린 2026 KUSF 대학농구 U-리그 남대부 정규리그 경기에서 상명대에 99... 대학교 4학년으로 마지막 학기를 보내고 있는 홍상민이다. 그리고 가장 중요한 KBL 신인 드래프트도 앞두고...,2026-09-23 10:06,https://basketkorea.com/news/newsview.php?ncode=1065575119945187,https://m.sports.naver.com/basketball/article/351/0000088327
고려대학교,PLATUM,"비싼 AI 모델이 값을 할까, 대학생 창업팀 앱토의 검증 서비스",앱토는 고려대 컴퓨터학과에 재학 중인 강동혁 대표를 포함한 대학생 3명이 만든 팀이다. 과학기술정보통신부와 정보통신기획평가원이 주관하는 AI·SW 마에스트로 17기 과정에서 AI 서비스를 개발하다 모델을 고를...,2026-09-23 10:06,https://platum.kr/archives/295148,https://platum.kr/archives/295148
고려대학교,글로벌경제신문,"[BIO톡]랩지노믹스, 수익성 중심 체질 개선 본격화 外 아폴론·엘앤씨바...","고려대학교 장기모 교수가 발표한 연구는 메가카티와 미세천공술을 병행한 환자 40명을 대상으로 MRI 기반 연골 재생 상태와 통증, 무릎 기능을 4년간 전향적으로 추적한 결과물이다. MRI 평가 지표인 MOCART 총점은...",2026-09-23 10:06,https://www.getnews.co.kr/news/articleView.html?idxno=881649,https://www.getnews.co.kr/news/articleView.html?idxno=881649
서울대학교,4TH,"""메모리가 전체 시스템 효율 높이는 중요한 키워드 될 것""",23일 SK하이닉스 뉴스룸에 공개된 '미래인재 CLASS'에서 이철호 서울대 전기·정보공학부 교수는 AI 시대의... 이철호 서울대 전기·정보공학부 교수. /사진=SK하이닉스D램에서 데이터를 읽을 때 전하가 소모되고 저장 중...,2026-09-23 10:04,http://www.4th.kr/news/articleView.html?idxno=2118603,http://www.4th.kr/news/articleView.html?idxno=2118603
고려대학교,컨슈머타임스,"엘앤씨바이오, APKASS서 메가카티 4년 데이터 발표",장기모 고려대학교 교수는 이날 'Beyond Microfracture: The Emerging Role of MegaCarti in Knee Cartilage Regeneration'을... 동종신경이식재 '메가너브 프라임(MegaNerve Prime)'은 국내 주요 대학병원 40여 곳에 도입돼 정형외과와...,2026-09-23 10:04,https://www.cstimes.com/news/articleView.html?idxno=721821,https://www.cstimes.com/news/articleView.html?idxno=721821
고려대학교,메트로신문,"수원특례시, '혐오와 차별' 주제 시민 인권 아카데미 운영","10월 21일에는 최호근 고려대 교수가 '혐오의 언어, 차별의 자연화'를 주제로 혐오와 차별의 사회적·사상적 배경을 짚는다. 10월 27일에는 박한희 변호사가 소수자에 대한 편견과 제도적 차별을, 11월 5일에는 김도현...",2026-09-23 10:04,http://www.metroseoul.co.kr/article/20260923500042,http://www.metroseoul.co.kr/article/20260923500042
연세대학교,NEWS2DAY,[송방원 칼럼] ‘2026 드론 기술전’ 실패가 보여준 국방 드론의 민낯,"◀송방원 프로필▶ 법무법인 율촌 수석전문위원, 우리방산연구회 회장, 건국대학교 방위사업학과 겸임교수, 연세대학교 방위산업혁신공학과 객원교수, 한국방위산업학회 편집위원 /안보전문기자 /안보전문기자",2026-09-23 10:04,https://www.news2day.co.kr/article/20260923500162,https://www.news2day.co.kr/article/20260923500162
연세대학교,메트로신문,"수원특례시, '혐오와 차별' 주제 시민 인권 아카데미 운영","11월 12일에는 조문영 연세대 교수가 지역·주거지·계급·빈곤이 결합한 불평등과 차별 문제를, 11월 18일에는 이라영 작가가 혐오와 차별에 대응하고 존엄을 지키기 위한 연대와 실천 방안을 시민들과 논의한다. 참가...",2026-09-23 10:04,http://www.metroseoul.co.kr/article/20260923500042,http://www.metroseoul.co.kr/article/20260923500042
연세대학교,연합뉴스,"[바이오스냅] 유한양행, 프로바이오틱스 '엘레나 듀얼' 출시",연세대 의대팀은 HER2 양성 진행성 담도암 1차 치료 임상시험 결과를 학술지에 발표했고 루닛 연구진은 공동저자로 AI 기반 전체 슬라이드 이미지(WSI) 분석과 바이오마커 분석을 맡았다.,2026-09-23 10:04,https://www.yna.co.kr/view/AKR20260923056200017?input=1195m,https://n.news.naver.com/mnews/article/001/0016331744?sid=101
연세대학교,조선비즈,"中 일조강철, 반덤핑 철강 관세 우회해 韓 침투… 업계는 “성능 우려”...","민동준 연세대 신소재공학과 명예특임교수는 “수요자가 성능 검증까지 마치고 제품을 사용하는 것이면 모르겠지만, 중국 업체들이 비정상적인 가격으로 시장에 침투해 시장을 교란하는 것이라면 문제가 된다”...",2026-09-23 10:01,https://biz.chosun.com/industry/company/2026/09/23/Q2C7EYVJNBB53BJMKT7QUMWFSI/?utm_source=naver&utm_medium=original&utm_campaign=biz,https://n.news.naver.com/mnews/article/366/0001194133?sid=101
고려대학교,스포츠조선,영탁 조수석 타볼까…팬들과 신보 '고고' 드라이브,"오는 10월 3일부터 5일까지 서울 고려대학교 화정체육관에서 단독 콘서트 '탁 쇼5(TAK SHOW5)'를 열고 전국투어의 포문을 연다. 이후 10월 24~25일 전주, 11월 28~29일 대구, 12월 19~20일 인천, 내년 1월 16~17일 부산에서...",2026-09-23 10:00,https://www.sportschosun.com/entertainment/2026-09-23/202609230100158940010372,https://m.entertain.naver.com/article/076/0004449026
연세대학교,DIGITALCHOSUN,"AI로 HER2 양성 담도암 반응률 2배 차이 포착…루닛, ‘네이처 메디슨’...",이번 연구는 연세대학교 의과대학 이충근 교수 연구팀이 주도한 다기관 오픈 라벨(공개) 1b/2상 임상시험 ‘HERBOT’이다. 2023년 5월부터 2024년 12월까지 국내 12개 의료기관에서 HER2 양성 절제 불가능 진행성 담도암...,2026-09-23 09:58,http://digitalchosun.dizzo.com/site/data/html_dir/2026/09/23/2026092380037.html,http://digitalchosun.dizzo.com/site/data/html_dir/2026/09/23/2026092380037.html
서울대학교,한국경제,‘힙불교’보다 15년 빨랐다...나누고 비우고 채운 산사의 밤,"한경아르떼필하모닉이 연주하고 서울대 음대 홍석원 교수가 지휘를 맡았다. 피아니스트 이진상이 협연했고, 마지막 무대는 가톨릭 사제 최호영 신부의 오르간 연주가 장식했다. 15년 넘게 이어져 온 '송광백련 나비채...",2026-09-23 09:58,https://www.hankyung.com/article/202609218282i,https://n.news.naver.com/mnews/article/015/0005335537?sid=103
서울대학교,노컷뉴스,"전남TP 지원 결실, 현진기업·해표산업 인도네시아 정수사업 착공",전남TP는 △해외협력사업(ODA) 발굴 △해외지원사업협의회 운영 △서울대 IEPP(국제에너지정책과정) 개도국 공무원 네트워크 활용이라는 3개 축을 전략적으로 가동해 지역 기업들이 해외 진출을 위해 밀착 지원하고...,2026-09-23 09:57,https://www.nocutnews.co.kr/news/6582484?utm_source=naver&utm_medium=article&utm_campaign=20260923095632,https://n.news.naver.com/mnews/article/079/0004192375?sid=102
연세대학교,HITNEWS,"K-NIBRT, 개량신약 허가자료 작성 전문가 교육생 모집 중",관련 질의응답과 종합토론도 이어진다. 교육은 연세대학교 국제캠퍼스 바이오공정인력양성센터에서 대면 형태로 진행되며 대학교 졸업자 혹은 제약 관련 학과 8학기 이상 이수했을 경우 신청 가능하다.,2026-09-23 09:56,https://www.hitnews.co.kr/news/articleView.html?idxno=79378,https://www.hitnews.co.kr/news/articleView.html?idxno=79378
서울대학교,AITIMES,"에너지연, 제20대 정학근 원장 취임...탄소중립 실현 의지 밝혀","한편, 정학근 원장은 전남대학교에서 1996년 전기공학 학사, GIST에서 1998년 메카트로닉스공학 석사, 서울대학교에서 2013년 기계항공공학 박사 학위를 취득했다. 1998년 에너지연에 입사한 이후 에너지효율연구본부장을...",2026-09-23 09:54,https://www.aitimes.kr/news/articleView.html?idxno=42049,https://www.aitimes.kr/news/articleView.html?idxno=42049
서울대학교,PPSS,"스카이입시교육학원, 미래국방인재 등 사관학교 면접 추석·개천절 현강...","1차 필기시험 대비 강사진은 국어 노환기 교육원장(서울대 국어교육과 졸), 윤기신 연구팀장, 임종현 기획팀장, 영어 닥터김 연구원장(서울대 영문과 졸), 유주혁 연구소장, 정화윤 교육팀장, 수학 이원준 수학대표...",2026-09-23 09:54,https://www.ppss.kr/news/articleView.html?idxno=312194,https://www.ppss.kr/news/articleView.html?idxno=312194
고려대학교,NC,"차 안에서 35분 완주...영탁, 'GOGO' 제대로 즐기는 법","영탁은 오는 10월 3일부터 5일까지 서울 고려대학교 화정체육관에서 단독 콘서트 'TAK SHOW5'를 열고 전국투어에 나선다. 서울 공연 이후에는 10월 24~25일 전주, 11월 28~29일 대구, 12월 19~20일 인천, 2027년 1월 16~17일...",2026-09-23 09:54,https://www.nc.press/news/articleView.html?idxno=627077,https://www.nc.press/news/articleView.html?idxno=627077
연세대학교,팝콘뉴스,"현대해상, SK 손잡고 청년 미래인재 육성","또한, 프로젝트의 방향성과 전문성을 높이기 위해 교육, HR, 사회혁신 분야 전문가 6인으로 자문위원단을 구성했으며, 염재호 태재대학교 총장, 장용석 연세대학교 교수, 엄윤미 아산나눔재단 이사장, 김성준 국민대학교...",2026-09-23 09:54,http://www.popcornnews.net/news/articleView.html?idxno=134013,http://www.popcornnews.net/news/articleView.html?idxno=134013
고려대학교,ATSTAR1,"""운전대만 잡으면 자동 재생"" 영탁, '꺾어'로 흥행 가속","영탁은 타이틀곡 '꺾어'로 음악방송 활동을 이어가는 가운데 오는 10월 3~5일 서울 고려대학교 화정체육관에서 단독 콘서트 'TAK SHOW5'를 개최한다. 이후 전주, 대구, 인천, 부산으로 전국투어를 이어간다. (사진...",2026-09-23 09:52,http://www.atstar1.com/news/articleView.html?idxno=6038941,https://m.entertain.naver.com/article/415/0000052201
서울대학교,DAILYVET,"7년 만에 돌아온 ‘2026 서울대 반려동물 한마당’, 10월 31일 개최",서울대학교 수의과대학(학장 조제열)과 관악구청이 공동 주최하는 ‘2026 서울대 반려동물 한마당’이 오는 10월 31일(토) 12시 30분부터 오후 6시까지 서울대학교 잔디광장에서 열린다. 이번 행사는 코로나19 여파로...,2026-09-23 09:52,https://www.dailyvet.co.kr/news/college/297864,https://www.dailyvet.co.kr/news/college/297864
고려대학교,이데일리,"자퇴로 ‘내신 리셋’ 실효 다하나…상위권 대학, 정시에도 학생부 반영",(사진=뉴시스) 23일 이투스에 따르면 현 고2 학생이 응시하게 될 2028학년도 대입부터는 고려대·서강대·서울대·성균관대·연세대·한양대 등 상위권 대학들이 정시에서도 학생부를 반영한다. 고려대는 정시...,2026-09-23 09:50,https://www.edaily.co.kr/News/Read?newsId=02876566645583072&mediaCodeNo=257&utm_source=naver&utm_medium=referral&utm_campaign=news_syndication&utm_content=original_article,https://n.news.naver.com/mnews/article/018/0006374806?sid=102
고려대학교,보건뉴스,고려대구로병원 새암병원 첫 삽…2029년 말 완공,"이날 기공식에는 김재호 고려중앙학원 이사장, 김동원 고려대학교 총장, 윤을식 의무부총장 겸 의료원장, 편성범 의과대학장, 한승범 고려대 안암병원장, 민병욱 구로병원장, 서동훈 안산병원장과 전임 의무부총장 및...",2026-09-23 09:50,http://www.bokuennews.com/news/article.html?no=284680,http://www.bokuennews.com/news/article.html?no=284680
서울대학교,NONGAEK,"두나무, 29일 'UIS 2026' 개최…글로벌 디지털자산 규제 논의","(사진=두나무) 두나무가 오는 29일 서울 광진구 그랜드 워커힐 서울에서 '업비트 인스티튜셔널 서밋(Upbit... 이종섭 서울대학교 경영대학 교수가 좌장을 맡고 최원석 두나무 해외사업총괄, 엄태성 하나금융지주 상무...",2026-09-23 09:50,http://www.nongaek.com/news/articleView.html?idxno=96900,http://www.nongaek.com/news/articleView.html?idxno=96900
서울대학교,아주경제,"경기도, '뷰티풀 커넥트' 성과 공유...여주·안산·성남 마을문제 해결...","23일 도에 따르면 지난 21일부터 22일까지 서울 코엑스에서 열린 ‘제3회 대한민국 사회적가치 페스타’에... 아름다운재단 김진아 사무총장은 협력의 출발과 민관 연대의 필요성을 설명했고, 김홍중 서울대학교 사회학과...",2026-09-23 09:50,https://www.ajunews.com/view/20260923093012052,https://www.ajunews.com/view/20260923093012052
서울대학교,이데일리,"자퇴로 ‘내신 리셋’ 실효 다하나…상위권 대학, 정시에도 학생부 반영",24일 서울 강남구 코엑스에서 수험생들과 학부모들이 입시상담을 받고 있다.(사진=뉴시스) 23일 이투스에 따르면 현 고2 학생이 응시하게 될 2028학년도 대입부터는 고려대·서강대·서울대·성균관대·연세대·한양대 등...,2026-09-23 09:50,https://www.edaily.co.kr/News/Read?newsId=02876566645583072&mediaCodeNo=257&utm_source=naver&utm_medium=referral&utm_campaign=news_syndication&utm_content=original_article,https://n.news.naver.com/mnews/article/018/0006374806?sid=102
연세대학교,이데일리,"자퇴로 ‘내신 리셋’ 실효 다하나…상위권 대학, 정시에도 학생부 반영",(사진=뉴시스) 23일 이투스에 따르면 현 고2 학생이 응시하게 될 2028학년도 대입부터는 고려대·서강대·서울대·성균관대·연세대·한양대 등 상위권 대학들이 정시에서도 학생부를 반영한다. 고려대는 정시...,2026-09-23 09:50,https://www.edaily.co.kr/News/Read?newsId=02876566645583072&mediaCodeNo=257&utm_source=naver&utm_medium=referral&utm_campaign=news_syndication&utm_content=original_article,https://n.news.naver.com/mnews/article/018/0006374806?sid=102
연세대학교,파이낸셜뉴스,AI 시대 의료데이터 활용 놓고 법·제도 정비 필요성 제기,정형선 연세대 명예교수와 박유랑 연세대 교수는 주요국의 보건의료데이터 거버넌스 사례를 소개하며 국내 제도 설계 방향을 제시했다. 패널토론에서는 의료데이터 활용 확대에 따른 개인정보 보호와 책임 문제가 주요...,2026-09-23 09:49,https://www.fnnews.com/news/202609230935097856,https://n.news.naver.com/mnews/article/014/0005580148?sid=103
서울대학교,한국경제,차기 한국씨티은행장 후보에 김경호 부행장…6년 만 수장 교체,김 후보는 1968년생으로 서울대 국제경제학과를 졸업하고 미국 매사추세츠공대(MIT)에서 경영학 석사(MBA)를 받았다. 1992년 삼성물산에 입사한 뒤 2000년 맥킨지앤드컴퍼니 컨설턴트를 거쳐 2001년 씨티은행 서울지점...,2026-09-23 09:48,https://www.hankyung.com/article/202609232790i,https://n.news.naver.com/mnews/article/015/0005335530?sid=101
고려대학교,에듀동아,서울대 정시 교과평가 40%·고려대 교과 20%… '자퇴 후 정시 올인' 신중...,"반영하는 대학이 늘어난다. 수능 성적만으로 뽑던 전형이 점점 줄고, 정시 안에서도 학생부의 비중이 새로 생기거나 커지는 대학이 여럿이다. 정시는 어차피 수능 점수만 본다는 전제 자체가 흔들리고 있는 셈이다....",2026-09-23 09:46,https://edu.donga.com/news/articleView.html?idxno=112233,https://edu.donga.com/news/articleView.html?idxno=112233
고려대학교,아주경제,"""5등급제 탓에 상위권 자퇴?"" 대거 이탈은 '낭설'…주요대 2028 정시도 '...","[사진=연합뉴스] 고교 내신 5등급제 도입으로 등급 구분이 모호해지자, 내신을 포기하고 대학수학능력시험... 고려대 역시 교과우수전형에서 수능 80%에 학생부교과 성적을 20% 반영해 합격자를 가린다. 연세대는...",2026-09-23 09:46,https://www.ajunews.com/view/20260923094015085,https://www.ajunews.com/view/20260923094015085
고려대학교,메디파나뉴스,"엘앤씨바이오, 메가카티 4년 임상 공개…콘메드와 아시아 공략",고려대학교 장기모 교수는 'Beyond Microfracture: The Emerging Role of MegaCarti in Knee Cartilage Regeneration'을 주제로... 동종신경이식재 '메가너브 프라임(MegaNerve Prime)'은 국내 주요 대학병원 40여 곳에 도입돼 정형외과와...,2026-09-23 09:46,https://www.medipana.com/news/articleView.html?idxno=418184,https://www.medipana.com/news/articleView.html?idxno=418184
고려대학교,CBCI,"영탁, 정규 3집 'GOGO' 드라이브 플레이리스트 공개… 차트 1위 기세 이...","지상파 음악 방송 활동을 성공적으로 마친 그는 오는 10월 3일부터 5일까지 서울 고려대학교 화정체육관에서 열리는 단독 콘서트 'TAK SHOW5'를 시작으로 전주, 대구, 인천, 부산 등 전국투어에 돌입할 예정이다....",2026-09-23 09:46,https://www.cbci.co.kr/news/articleView.html?idxno=609314,https://www.cbci.co.kr/news/articleView.html?idxno=609314
연세대학교,아주경제,"""5등급제 탓에 상위권 자퇴?"" 대거 이탈은 '낭설'…주요대 2028 정시도 '...","[사진=연합뉴스] 고교 내신 5등급제 도입으로 등급 구분이 모호해지자, 내신을 포기하고 대학수학능력시험... 연세대는 일반전형에서 수능 90%와 서류(교과학습발달상황 및 출결 등 정성평가) 10%를 합산하며, 한양대...",2026-09-23 09:46,https://www.ajunews.com/view/20260923094015085,https://www.ajunews.com/view/20260923094015085
고려대학교,주간한국,"서경대, 성북구·관내 7개 대학과 상생협력 업무협약",서경대를 비롯해 고려대·국민대·동덕여대·성신여대·한국예술종합학교·한성대 등 성북구 소재 대학이 모두 참여해 교육·연구·문화 자원과 지역 인프라를 잇는 협력 방향을 공유했다. 이번 협약의 핵심은 △지역...,2026-09-23 09:46,https://weekly.hankooki.com/news/articleView.html?idxno=7185754,https://weekly.hankooki.com/news/articleView.html?idxno=7185754
서울대학교,아주경제,"""5등급제 탓에 상위권 자퇴?"" 대거 이탈은 '낭설'…주요대 2028 정시도 '...","7등급…상위권 '내신 리셋'은 낭설 전 과목 1등급 1%대 불과…5등급제 최상위 변별력 여전 서울대·고대 2028... 2028학년도 주요 6개 대학 정시 모집 전형 계획안을 살펴보면, 서울대는 일반전형 2단계에서 수능 60%에...",2026-09-23 09:46,https://www.ajunews.com/view/20260923094015085,https://www.ajunews.com/view/20260923094015085
서울대학교,에듀동아,서울대 정시 교과평가 40%·고려대 교과 20%… '자퇴 후 정시 올인' 신중...,"그 인원이 의대 정원보다도 적을 것으로 추산된다는 점을 감안하면, 1등급 아니면 인서울 어렵다는 것은 실제 데이터와는 거리가 있다. 4. 정시로 도망가도 내신에서 완전히 자유로워지진 않는다 2028학년도 대입부터는...",2026-09-23 09:46,https://edu.donga.com/news/articleView.html?idxno=112233,https://edu.donga.com/news/articleView.html?idxno=112233
고려대학교,SWTVNEWS,"영탁, 정규 3집 ‘고고’ 제대로 즐기는 꿀팁 공개","한편, 영탁은 오는 10월 3일부터 5일까지 서울 고려대학교 화정체육관에서 단독 콘서트 ‘TAK SHOW5’를 개최하며 전국투어의 포문을 연다. 이후 10월 24~25일 전주, 11월 28~29일 대구, 12월 19~20일 인천, 내년 1월 16~17일...",2026-09-23 09:46,https://www.swtvnews.com/news/newsview.php?ncode=1065572813358653,https://www.swtvnews.com/news/newsview.php?ncode=1065572813358653
서울대학교,이데일리,씨티은행 차기 행장에 '기업금융 전문가' 김경호 부행장,"김 부행장은 서울대 국제경제학과를 졸업하고 2001년 씨티은행에 입행해 대기업금융부장, 금융기업영업본부장 등 기업 금융 분야 요직을 거쳤다. 2021년부터는 부행장으로 승진, 은행의 기업 금융 업무를 총괄했다. 다른...",2026-09-23 09:42,https://www.edaily.co.kr/News/Read?newsId=02853606645583072&mediaCodeNo=257&utm_source=naver&utm_medium=referral&utm_campaign=news_syndication&utm_content=original_article,https://n.news.naver.com/mnews/article/018/0006374801?sid=101
고려대학교,보건뉴스,"고대안산병원 최주훈 전공의, 'International Travel Award' 수상","고려대학교 안산병원 가정의학과 최주훈 전공의가 지난 9월 18일부터 19일까지 일본 구마모토에서... 함께 고려할 필요가 있음을 확인했다""며 ""앞으로도 환자의 생활습관과 질병 위험을 함께 살피며 실제...",2026-09-23 09:42,http://www.bokuennews.com/news/article.html?no=284672,http://www.bokuennews.com/news/article.html?no=284672
고려대학교,CCDAILYNEWS,메디힐 유임순 정원에 새긴 세종캠퍼스 기부의 뜻,어머니의 이름을 담은 공간에 대학 발전과 학생 복지를 향한 후원의 뜻이 더해졌다. 고려대학교 세종캠퍼스는 최근 학생회관 남측 '메디힐 유임순 정원'에서 정원 조성 기념식을 열었다. 행사에는 고려대학교 김동원...,2026-09-23 09:40,https://www.ccdailynews.com/news/articleView.html?idxno=2442811,https://www.ccdailynews.com/news/articleView.html?idxno=2442811
고려대학교,이데일리,"고대 구로병원, 새암병원 착공…2029년 말 완공 목표","이날 기공식에는 학교법인 고려중앙학원 김재호 이사장, 고려대학교 김동원 총장, 윤을식 의무부총장 겸 의료원장, 편성범 의과대학장, 한승범 안암병원장, 민병욱 구로병원장, 서동훈 안산병원장, 전임 의무부총장 및...",2026-09-23 09:40,https://www.edaily.co.kr/News/Read?newsId=02847046645583072&mediaCodeNo=257&utm_source=naver&utm_medium=referral&utm_campaign=news_syndication&utm_content=original_article,https://n.news.naver.com/mnews/article/018/0006374800?sid=102
서울대학교,베타뉴스,[로컬 게시판/국립부경대] 교육부장관배 전국 국·공립대 교직원 축구대...,"이번 대회는 최근까지 서울과학기술대학교 주관으로 서울과학기술대와 육사화랑구장 등에서 개최됐으며... 국립부경대는 예선에서 방송통신대학교를 5대 0, 강원대학교를 3대 1, 서울대학교를 2대 0으로 차례로 꺾으며...",2026-09-23 09:38,https://www.betanews.net/article/view/beta202609230016,https://www.betanews.net/article/view/beta202609230016
연세대학교,ZIKSIR,"서울교통공사, 대학·전문기관과 손잡고 공공데이터 기반 '산·학 협력'...","서울교통공사가 경기대학교, 동국대학교, 세종대학교, 연세대학교 4개 대학과 공공데이터를 활용한 프로젝트를 추진한다. [서울교통공사]  서울교통공사가 경기대학교, 동국대학교, 세종대학교, 연세대학교 4개 대학과...",2026-09-23 09:38,https://www.ziksir.com/news/articleView.html?idxno=147387,https://www.ziksir.com/news/articleView.html?idxno=147387
연세대학교,LCNEWS,"현대해상, 청년 '사회문제 해결 경험' 채용까지 잇는다…'트레일마크' ...","염재호 태재대학교 총장, 장용석 연세대학교 교수, 엄윤미 아산나눔재단 이사장, 김성준 국민대학교 교수, 서현선 루트임팩트 이사, 정진우 ACG 컨설팅 대표가 참여한다. 정경선 현대해상 CSO는 ""프로젝트 트레일마크를 통해...",2026-09-23 09:36,https://www.lcnews.co.kr/news/articleView.html?idxno=208781,https://www.lcnews.co.kr/news/articleView.html?idxno=208781
고려대학교,MONEWS,"[동정] 최주훈 전공의,  'International Travel Award' 수상","고려대학교 안산병원 최주훈 전공의(가정의학과)가 18일, 19일 일본 구마모토에서 열린 2026 아시아... 함께 고려할 필요가 있음을 확인했다""며 ""앞으로도 환자의 생활습관과 질병 위험을 함께 살피며 실제...",2026-09-23 09:36,https://www.monews.co.kr/news/articleView.html?idxno=414135,https://www.monews.co.kr/news/articleView.html?idxno=414135
연세대학교,뉴스프리존,"고려대-반기문재단, '국제안보 재편·한반도 평화' 공동 심포지엄 연다",제2세션에서는 '기술패권 시대의 글로벌 거버넌스 재편과 한국의 전략'을 주제로 ▲권태경 연세대 정보대학원 교수(AI 보안연구회 회장)의 'AI 기술패권과 안보 방어선: 한국의 공급망 주권 확보전략' ▲김상배 서울대...,2026-09-23 09:34,https://www.newsfreezone.co.kr/news/articleView.html?idxno=710880,https://www.newsfreezone.co.kr/news/articleView.html?idxno=710880
고려대학교,톱스타뉴스,"영탁, ""다 왔다!"" 외친 드라이브 영상으로 정규 3집 'GOGO' 함께 달렸다","'TAK SHOW5'는 10월 3일부터 5일까지 서울 고려대학교 화정체육관에서 시작해 순차적으로 지방 도시로 이어진다. 서울 공연 이후 10월 24~25일 전주, 11월 28~29일 대구, 12월 19~20일 인천, 내년 1월 16~17일 부산에서 공연이...",2026-09-23 09:34,https://www.topstarnews.net/news/articleView.html?idxno=16208231,https://www.topstarnews.net/news/articleView.html?idxno=16208231
고려대학교,뉴스프리존,"고려대-반기문재단, '국제안보 재편·한반도 평화' 공동 심포지엄 연다",고려대 통일선도대학사업단의 후원으로 열리는 이번 제4차 심포지엄은 '질서 이후의 질서: 국제안보의 재편과 한반도 평화'를 주제로 격변하는 국제안보 질서 속 한반도 평화의 조건을 모색한다. 개회식은 김동원 고려대...,2026-09-23 09:34,https://www.newsfreezone.co.kr/news/articleView.html?idxno=710880,https://www.newsfreezone.co.kr/news/articleView.html?idxno=710880
서울대학교,뉴스프리존,"고려대-반기문재단, '국제안보 재편·한반도 평화' 공동 심포지엄 연다",제2세션에서는 '기술패권 시대의 글로벌 거버넌스 재편과 한국의 전략'을 주제로 ▲권태경 연세대 정보대학원 교수(AI 보안연구회 회장)의 'AI 기술패권과 안보 방어선: 한국의 공급망 주권 확보전략' ▲김상배 서울대...,2026-09-23 09:34,https://www.newsfreezone.co.kr/news/articleView.html?idxno=710880,https://www.newsfreezone.co.kr/news/articleView.html?idxno=710880
고려대학교,한국경제,"고려대 세종캠퍼스, 메디힐 유임순 정원 조성",권오섭 회장이 고려대 세종캠퍼스의 학생 복지와 대학 발전을 위해 향후 4년간 매년 5억원씩 총 20억원을 추가로 기부하기로 약정한 것을 계기로 마련했다. 권 회장은 지속적인 기부를 통해 고려대 세종캠퍼스의 교육환경...,2026-09-23 09:33,https://www.hankyung.com/article/202609232736h,https://n.news.naver.com/mnews/article/015/0005335519?sid=102
고려대학교,뉴스1,"고대구로병원 새 암병원 첫 삽…""정밀 암 치료 새 기준 만든다""","이날 행사에는 김재호 고려중앙학원 이사장, 김동원 고려대학교 총장, 윤을식 의무부총장 겸 의료원장, 민병욱 구로병원장, 이인영 더불어민주당 의원, 장인홍 구로구청장 등 200여 명이 참석했다. 새 암병원은 연면적 3만...",2026-09-23 09:33,https://www.news1.kr/bio/general/6299880,https://n.news.naver.com/mnews/article/421/0009188059?sid=105
서울대학교,서울경제,정학근 에너지연 제20대 원장 취임,"정 원장은 전남대학교에서 1996년 전기공학 학사, GIST에서 1998년 메카트로닉스공학 석사, 서울대학교에서 2013년 기계항공공학 박사 학위를 취득했다. 1998년 에너지연에 입사한 이후 에너지효율연구본부장을...",2026-09-23 09:32,https://www.sedaily.com/article/20094336?ref=naver,https://n.news.naver.com/mnews/article/011/0004664851?sid=102
고려대학교,스포츠서울,"“다 왔다!” 영탁, 운전하며 ‘GOGO’ 12곡 완주…난리 난 ‘드라이브...","영탁은 오는 10월 3~5일 서울 고려대 화정체육관에서 단독 콘서트 ‘TAK SHOW5’를 개최한다. 서울을 시작으로 전주, 대구, 인천, 부산으로 이어지는 전국투어로 팬들과 만날 예정이다.",2026-09-23 09:32,https://www.sportsseoul.com/news/read/1637198?ref=naver,https://m.entertain.naver.com/article/468/0001268389
서울대학교,아주경제,[슬미로운 치아백서] 추석 선물보다 중요한 부모님 구강 건강 체크리스...,음식을 마음껏 즐기실 수 있는 '건강한 치아와 잇몸'을 챙겨드리는 것입니다. ◆유슬미 D.D.S.(Doctor of Dental Surgery) 서울대학교 치의학 전문대학원 석사 보건복지부 통합치의학 전문의 현 치과의사 겸 의료 전문 칼럼리스트,2026-09-23 09:32,https://www.ajunews.com/view/20260923092829049,https://www.ajunews.com/view/20260923092829049
서울대학교,IROBOTNEWS,"한국로봇산업진흥원, 체코에 첨단로봇 협력거점 열고 유럽 진출 지원 본...","한국로봇산업진흥원(원장 조영훈, 이하 진흥원)은 21일 체코 프라하 공과대학교(이하 CTU) 산하 '체코... 한국전자기술연구원, 서울대학교, 화승알앤에이, 한국로봇산업진흥원과 프라하공대는 AI 기반 로봇 운영...",2026-09-23 09:32,https://www.irobotnews.com/news/articleView.html?idxno=48650,https://www.irobotnews.com/news/articleView.html?idxno=48650
연세대학교,여성소비자신문,금융권 '하나원픽Cup 청소년 AI 게임 창작대회' 개최·미래인재 육성 '프...,"또 프로젝트의 방향성과 전문성을 높이기 위해 교육, HR, 사회혁신 분야 전문가 6인으로 자문위원단을 구성했으며, 염재호 태재대학교 총장, 장용석 연세대학교 교수, 엄윤미 아산나눔재단 이사장, 김성준 국민대학교...",2026-09-23 09:32,http://www.wsobi.com/news/articleView.html?idxno=318710,http://www.wsobi.com/news/articleView.html?idxno=318710
서울대학교,헤럴드경제,정학근 에너지硏 신임 원장 “탄소중립 실현 R&D 대전환”,"한편 정 원장은 전남대학교 전기공학과를 졸업하고 광주과학기술원(GIST)에서 메카트로닉스공학 석사, 서울대학교에서 기계항공공학 박사 학위를 취득했다. 1998년 에너지연에 입사 후 에너지효율연구본부장과...",2026-09-23 09:30,https://biz.heraldcorp.com/article/10882959?ref=naver,https://n.news.naver.com/mnews/article/016/0002701228?sid=105
고려대학교,BNTNEWS,"영탁, ‘GOGO’ 전곡 듣기 꿀팁 공개",영탁의 전국투어 첫 포문을 열 서울 단독 콘서트 ‘TAK SHOW5’의 행사일시는 10월 3일 토요일부터 5일 월요일까지 고려대학교 화정체육관에서 진행된다. 사진 제공 : 어비스컴퍼니,2026-09-23 09:30,https://www.bntnews.co.kr/article/view/bnt202609230134,https://www.bntnews.co.kr/article/view/bnt202609230134
서울대학교,ITBIZNEWS,"스카이입시교육학원, 을지대·가천대 약술형논술 추석·개천절 현강·화...","서울대 국어교육과 졸)은 ""약술형 국어논술은 채점의 객관성과 편의성을 확보하기 위해 비교적 정형화된 유형으로 출제되는 특징이 있다""며 유형별 대비의 중요성을 강조했다. 이원준 수학논술 대표(서울대 수리과학부...",2026-09-23 09:30,https://www.itbiznews.com/news/articleView.html?idxno=225814,https://www.itbiznews.com/news/articleView.html?idxno=225814
고려대학교,KOREAJOONGANGDAILY,The long road to restoring the rule of law (KOR),"법치는 어떻게 지켜지는가 이재승 고려대학교 국제학부 교수·일민국제관계연구원장 법치는 무너질 때도 법의 얼굴을 하고 온다. 정원 변경, 기관의 신설과 폐지...",2026-09-23 09:30,https://www.koreajoongangdaily.com/bilingual-news/the-long-road-to-restoring-the-rule-of-law-kor/12888996,https://n.news.naver.com/mnews/article/640/0000094619?sid=110
연세대학교,문화일보,“수익에 눈 멀어 위험한 레버리지 ETF 판매… 韓 ‘금융문맹’ 증거”...,"연세대 경제학과 재학 중 미국으로 건너간 그는 뉴욕대(NYU)에서 회계학을 전공한 뒤 미국 회계법인 KPMG의... ■ 존리 ‘존리의 부자학교’ 대표는 △1958년 인천시 출생 △연세대 경제학과 중퇴, 뉴욕대 회계학과 학사...",2026-09-23 09:30,https://www.munhwa.com/article/11619132?ref=naver,https://n.news.naver.com/mnews/article/021/0002820859?sid=101
고려대학교,에듀동아,2027 대입 수능 영역별 고득점 전략 및 의대·의학계열 합격 입시 컨설팅,"수험생마다 지원 대학은 다르지만 서울 소재 주요 대학들은 교과전형에서 건국대, 동국대 등 일부 대학을 제외하고 수능 최저학력기준을 적용한다. 학생부종합전형에서도 서울대, 연세대, 고려대 학업우수전형, 한양대...",2026-09-23 09:28,https://edu.donga.com/news/articleView.html?idxno=112228,https://edu.donga.com/news/articleView.html?idxno=112228
서울대학교,에듀동아,2027 대입 수능 영역별 고득점 전략 및 의대·의학계열 합격 입시 컨설팅,"수험생마다 지원 대학은 다르지만 서울 소재 주요 대학들은 교과전형에서 건국대, 동국대 등 일부 대학을 제외하고 수능 최저학력기준을 적용한다. 학생부종합전형에서도 서울대, 연세대, 고려대 학업우수전형, 한양대...",2026-09-23 09:28,https://edu.donga.com/news/articleView.html?idxno=112228,https://edu.donga.com/news/articleView.html?idxno=112228
고려대학교,이투데이,"영탁 ‘꺾어’ 흥 부스터, 드라이브 플레이리스트","기록하며 주간 음반 차트 1위에 올랐고, 주간 월드 차트에서도 2위를 차지하는 저력을 보였다. 한편 영탁은 오는 10월 3일부터 5일까지 서울 고려대학교 화정체육관에서 단독 콘서트 ‘TAK SHOW5’를 개최한다.",2026-09-23 09:28,https://enter.etoday.co.kr/news/view/302811,https://enter.etoday.co.kr/news/view/302811
연세대학교,에듀동아,2027 대입 수능 영역별 고득점 전략 및 의대·의학계열 합격 입시 컨설팅,"수험생마다 지원 대학은 다르지만 서울 소재 주요 대학들은 교과전형에서 건국대, 동국대 등 일부 대학을 제외하고 수능 최저학력기준을 적용한다. 학생부종합전형에서도 서울대, 연세대, 고려대 학업우수전형, 한양대...",2026-09-23 09:28,https://edu.donga.com/news/articleView.html?idxno=112228,https://edu.donga.com/news/articleView.html?idxno=112228
연세대학교,THEPOWERNEWS,"이력서 한 줄로 끝났던 청년 경험…현대해상·SK, ‘트레일마크’로 기...","염재호 태재대학교 총장과 장용석 연세대학교 교수, 엄윤미 아산나눔재단 이사장, 김성준 국민대학교 교수, 서현선 루트임팩트 이사, 정진우 ACG 컨설팅 대표 등 6명이 참여한다. 현대해상은 자문위원단과 협력기관을 통해...",2026-09-23 09:28,https://www.thepowernews.co.kr/view.php?ud=202609230927164320de3f0aa1be_7,https://www.thepowernews.co.kr/view.php?ud=202609230927164320de3f0aa1be_7
서울대학교,AFLNEWS,"제주축협, 2026년 여성과 청년 축산인 양성교육 입학식 개최","발현(서울대학교 김현진 연구교수) 등을 주제로 강의가 진행된다. 천창수 조합장은 ""여성과 청년 축산인 육성을 목표로 약 5주간의 일정으로 축산 기술 전문강의와 한우떡갈비 만들기 행사 등 다채로운 교육 프로그램을...",2026-09-23 09:26,https://www.aflnews.co.kr/news/articleView.html?idxno=328827,https://www.aflnews.co.kr/news/articleView.html?idxno=328827
연세대학교,CNB저널,"현대해상, AI 시대 청년 미래인재 육성 '프로젝트 트레일마크' 공개","염재호 태재대학교 총장과 장용석 연세대학교 교수, 엄윤미 아산나눔재단 이사장, 김성준 국민대학교 교수, 서현선 루트임팩트 이사, 정진우 ACG 컨설팅 대표가 참여한다. 정경선 현대해상 CSO는 ""프로젝트 트레일마크를...",2026-09-23 09:26,https://www.cnbizm.com/news/articleView.html?idxno=316092,https://www.cnbizm.com/news/articleView.html?idxno=316092
연세대학교,KOREAJOONGANGDAILY,"AI is an opportunity, not a disaster, for humanities graduates (KOR)","AI의 등장은 문과에 재앙이 아니라 호기다 정과리 문학평론가·연세대 명예교수... (『대학(大學)』), 문과 학문은 개별적 지식이 아니라, 종합적 지식임을 알 수가 있다....",2026-09-23 09:25,https://www.koreajoongangdaily.com/bilingual-news/ai-is-an-opportunity-not-a-disaster-for-humanities-graduates-kor/12888898,https://n.news.naver.com/mnews/article/640/0000094616?sid=110
고려대학교,GPKOREA,"영탁, 차 안에서 'GOGO' 전곡 들었다…35분 '드라이브 플레이리스트' 공...","영탁은 오는 10월 3일부터 5일까지 서울 고려대학교 화정체육관에서 단독 콘서트 'TAK SHOW5'를 개최한다. 서울 공연을 시작으로 10월 24~25일 전주, 11월 28~29일 대구, 12월 19~20일 인천, 내년 1월 16~17일 부산에서...",2026-09-23 09:24,https://www.gpkorea.com/news/articleView.html?idxno=146993,https://www.gpkorea.com/news/articleView.html?idxno=146993
고려대학교,STARDAILYNEWS,"영탁, 정규 3집 'GOGO' 전곡 담은 드라이브 콘텐츠 공개…앨범 활동 이어...","영탁은 오는 10월 3일부터 5일까지 서울 고려대학교 화정체육관에서 단독 콘서트 'TAK SHOW5'를 개최한다. 서울 공연을 시작으로 전주, 대구, 인천, 부산으로 이어지는 전국투어 일정이다. 전주 공연은 10월 24~25일...",2026-09-23 09:24,https://www.stardailynews.co.kr/news/articleView.html?idxno=550653,https://www.stardailynews.co.kr/news/articleView.html?idxno=550653
서울대학교,뉴데일리,"""각자의 속도로 연결"" 현대차 정몽구 재단, '온소 페스티벌' 개최",뉴데일리 신성아 기자 = 현대차 정몽구 재단(이하 재단)이 오는 10월 7~10일 서울 중구 명동에 위치한... 자신만의 길과 속도를 찾아온 인물들이 삶에 대한 통찰을 나누는 토크 프로그램으로 김영민 서울대학교 교수...,2026-09-23 09:24,https://www.newdaily.co.kr/site/data/html/2026/09/23/2026092300037.html,https://www.newdaily.co.kr/site/data/html/2026/09/23/2026092300037.html
연세대학교,포인트데일리,"현대해상, '프로젝트 트레일마크' 공개...'쉬었음 청년' 문제 해결 실마...","또한 프로젝트의 방향성과 전문성을 높이기 위해 교육, HR, 사회혁신 분야 전문가 6인으로 자문위원단을 구성했으며 염재호 태재대학교 총장, 장용석 연세대학교 교수, 엄윤미 아산나눔재단 이사장, 김성준 국민대학교...",2026-09-23 09:24,https://www.pointdaily.co.kr/news/articleView.html?idxno=320317,https://www.pointdaily.co.kr/news/articleView.html?idxno=320317
서울대학교,ENERGY-NEWS,"에너지연, 제20대 정학근 원장 취임…임기 '29년 9월 21일까지 3년간","정학근 원장은 전남대학교에서 1996년 전기공학 학사학위를, GIST에서 1998년 메카트로닉스공학 석사학위를, 서울대학교에서 2013년 기계항공공학 박사학위를 취득했다. 지난 1998년 에너지연에 입사한 이후...",2026-09-23 09:24,https://www.energy-news.co.kr/news/articleView.html?idxno=228518,https://www.energy-news.co.kr/news/articleView.html?idxno=228518
고려대학교,메디소비자뉴스,"고려대 안산병원 최주훈 전공의, 아시아·태평양 간학회 'International Trav...","고려대학교 안산병원 가정의학과 최주훈 전공의가 지난 18일부터 19일까지 일본 구마모토에서 열린... 함께 고려할 필요가 있음을 확인했다""며 ""앞으로도 환자의 생활습관과 질병 위험을 함께 살피며 실제...",2026-09-23 09:24,http://www.medisobizanews.com/news/articleView.html?idxno=142542,http://www.medisobizanews.com/news/articleView.html?idxno=142542
고려대학교,국민일보,"마동훈 교수, 성경번역선교회 이사장 취임","마동훈 신임 이사장은 고려대 신문방송학과를 졸업하고 영국 리즈대학에서 박사학위를 받았으며, 고려대 미래전략실장과 YTN 이사회 의장 등을 역임한 미디어 분야 전문가다. 2022년부터 GBT 이사로 섬겨온 마...",2026-09-23 09:22,https://www.kmib.co.kr/article/view.asp?arcid=9000016793&cp=nv,https://n.news.naver.com/mnews/article/005/0001874709?sid=103
연세대학교,문화일보,"‘대체 왜 못잡나’…대전에서도 복면 바바리맨, 5개월째 검거 난항",한편 서울에서는 서대문구 안산과 연세대학교 일대에서 복면을 쓴 채 나체로 여성을 성추행하는 일명 ‘복면나체남’을 3개월 넘게 용의자 특정을 못하고 있다. 용의자는 지난 6월과 7월에 이어 8월 19일 밤에도 연세대...,2026-09-23 09:22,https://www.munhwa.com/article/11619130?ref=naver,https://n.news.naver.com/mnews/article/021/0002820857?sid=102
연세대학교,THEVIEWERS,"멕시카나, 추석 앞두고 수원 장애인복지관서 ‘치킨원정대’","지난해에는 연세대학교와 이화여대 등의 헌혈 현장을 찾았으며, 올해도 대학 헌혈 캠페인과 삼성EA 헌혈 행사 등에 참여했다. 최근에는 서울대학교 헌혈 현장을 찾아 헌혈 참여자들을 대상으로 치킨을 제공했다. 임직원뿐...",2026-09-23 09:22,https://theviewers.co.kr/View.aspx?No=4239474,https://theviewers.co.kr/View.aspx?No=4239474
서울대학교,THEVIEWERS,"멕시카나, 추석 앞두고 수원 장애인복지관서 ‘치킨원정대’","지난해에는 연세대학교와 이화여대 등의 헌혈 현장을 찾았으며, 올해도 대학 헌혈 캠페인과 삼성EA 헌혈 행사 등에 참여했다. 최근에는 서울대학교 헌혈 현장을 찾아 헌혈 참여자들을 대상으로 치킨을 제공했다. 임직원뿐...",2026-09-23 09:22,https://theviewers.co.kr/View.aspx?No=4239474,https://theviewers.co.kr/View.aspx?No=4239474
고려대학교,SLIST,"영탁, 정규 3집 전곡 드라이브…35분 플레이리스트 공개","주간 월드 차트에서는 2위를 기록했다. 영탁은 오는 10월 3일부터 5일까지 서울 고려대학교 화정체육관에서 단독 콘서트 'TAK SHOW5'를 열고 전국투어를 시작한다. 이후 전주, 대구, 인천, 부산 등에서 공연을 이어간다.",2026-09-23 09:20,https://www.slist.kr/news/articleView.html?idxno=768340,https://www.slist.kr/news/articleView.html?idxno=768340
서울대학교,팝콘뉴스,"""국제안보의 재편과 한반도 평화를 논한다""...고려대-반기문재단, 공동...","확보전략' ▲김상배 서울대 교수(정보세계정치학회장)의 '기술, 규범, 제도의 재편과 한국의 전략적 선택' 발제가 이어진다. 토론에는 남성욱 숙명여자대학교 석좌교수, 임종인 김앤장 고문(전 대통령 사이버특보, 고려대...",2026-09-23 09:20,http://www.popcornnews.net/news/articleView.html?idxno=133990,http://www.popcornnews.net/news/articleView.html?idxno=133990
고려대학교,뉴스프리존,"고려대, 한국어·영어 지원 차세대 검색 모델 'KURE-v2' 공개",고려대 컴퓨터학과 임희석 교수가 이끄는 NLP&AI 연구실·HIAI 연구원이 지난 8월 29일 한국어와 영어를... NLP&AI 연구실과 HIAI 연구원은 2023년 6월 국내 대학 최초로 한국어 특화 거대언어모델(LLM) '구름(KULLM)...,2026-09-23 09:20,https://www.newsfreezone.co.kr/news/articleView.html?idxno=710868,https://www.newsfreezone.co.kr/news/articleView.html?idxno=710868
고려대학교,팝콘뉴스,"""국제안보의 재편과 한반도 평화를 논한다""...고려대-반기문재단, 공동...","심포지엄은 고려대 통일선도대학사업단의 후원으로 격변하는 국제안보 질서 속 한반도 평화의 조건을... 토론에는 남성욱 숙명여자대학교 석좌교수, 임종인 김앤장 고문(전 대통령 사이버특보, 고려대 명예교수), 장상식...",2026-09-23 09:20,http://www.popcornnews.net/news/articleView.html?idxno=133990,http://www.popcornnews.net/news/articleView.html?idxno=133990
연세대학교,여성소비자신문,"기업들, 기부금 지원-금융교육-봉사활동-인재육성 사회공헌 실천","또한 프로젝트의 방향성과 전문성을 높이기 위해 교육, HR, 사회혁신 분야 전문가 6인으로 자문위원단을 구성했으며, 염재호 태재대학교 총장, 장용석 연세대학교 교수, 엄윤미 아산나눔재단 이사장, 김성준 국민대학교...",2026-09-23 09:20,http://www.wsobi.com/news/articleView.html?idxno=318711,http://www.wsobi.com/news/articleView.html?idxno=318711
연세대학교,팝콘뉴스,"""국제안보의 재편과 한반도 평화를 논한다""...고려대-반기문재단, 공동...",고려대학교(총장 김동원)는 통일융합연구원(원장 이신화)이 보다나은미래를위한 반기문재단(이사장 반기문)... ▲권태경 연세대 정보대학원 교수(AI 보안연구회 회장)의 'AI 기술패권과 안보 방어선: 한국의 공급망 주권...,2026-09-23 09:20,http://www.popcornnews.net/news/articleView.html?idxno=133990,http://www.popcornnews.net/news/articleView.html?idxno=133990
서울대학교,아시아경제,"정학근 에너지연 신임 원장 취임…""탄소중립 실현 위한 도약""","한편 정 원장은 전남대에서 1996년 전기공학 학사, GIST에서 1998년 메카트로닉스공학 석사, 서울대에서 2013년 기계항공공학 박사 학위를 취득했다. 1998년 에너지연에 입사한 정 원장은 에너지효율연구본부장과...",2026-09-23 09:19,https://view.asiae.co.kr/article/2026092309195070107,https://n.news.naver.com/mnews/article/277/0005820331?sid=102
연세대학교,글로벌에픽,"""청년 경험을 채용 자산으로""…현대해상, 미래인재 육성 '시동'","아울러 염재호 태재대학교 총장, 장용석 연세대학교 교수, 엄윤미 아산나눔재단 이사장 등 교육·HR·사회혁신 분야 전문가 6인으로 구성된 자문위원단을 발족해 평가 기준의 전문성을 확보했다. 프로젝트를 직접 제안한...",2026-09-23 09:18,http://www.globalepic.co.kr/view.php?ud=2026092309131234537cc35ccc5c_29,http://www.globalepic.co.kr/view.php?ud=2026092309131234537cc35ccc5c_29
서울대학교,KIDSHANKOOK,"'하나의 지도, 두 개의 시선'","동북아역사재단이 서울 영등포구 독도체험관에서 '하나의 지도, 두 개의 시선'전시에서 '울릉도도... /서울대 규장각한국학연구원 제공 간송미술문화재단이 소장한 '울릉도도'는 조선 후기에 제작된 것으로 여겨진다....",2026-09-23 09:18,https://www.kidshankook.kr/news/articleView.html?idxno=18348,https://www.kidshankook.kr/news/articleView.html?idxno=18348
서울대학교,NEWSCLAIM,"[LG 인사 전망]② 백승태는 HS 첫해, 김태훈은 AI클라우드… 부사장·전...","서울 동국대사범부속고와 서울대 경영학과를 졸업하고 같은 대학원에서 석사를 마친 1967년생 김 전무는 미국 미시간대에서 MBA를 받았다. 1993년 LG경제연구소에 입사한 뒤 컨설팅과 신사업전략, 경영연구를 거쳤다....",2026-09-23 09:18,https://www.newsclaim.co.kr/news/articleView.html?idxno=3076361,https://www.newsclaim.co.kr/news/articleView.html?idxno=3076361
서울대학교,IKOREANSPIRIT,국악공연과 신화의 세계가 함께 하는 인문학 무대,경희대학교 물리학과 교수가 함께한다. 김상욱 교수는 이번 '다담'에서 물리학적 지식을 넘어 우리가 일상과... 최근 영화 '오디세이' 열풍과 함께 서양 고전 읽기의 대중화를 이끌고 있는 김헌 서울대 인문학연구원...,2026-09-23 09:18,http://www.ikoreanspirit.com/news/articleView.html?idxno=87422,http://www.ikoreanspirit.com/news/articleView.html?idxno=87422
연세대학교,NEWSCLAIM,"[LG 인사 전망]② 백승태는 HS 첫해, 김태훈은 AI클라우드… 부사장·전...",연세대 전기공학과를 졸업하고 같은 대학원에서 경영학 석사를 받은 1975년생 김태훈 AI클라우드사업부장은 IBM코리아 상무와 델테크놀로지스 그룹 부사장을 거쳐 2019년 LG CNS에 합류했다. 이후 클라우드사업담당과...,2026-09-23 09:18,https://www.newsclaim.co.kr/news/articleView.html?idxno=3076361,https://www.newsclaim.co.kr/news/articleView.html?idxno=3076361
서울대학교,아시아경제,"국립부경대 교직원 축구팀, 교육부장관배 최초 ‘3연패’ 금자탑","국립부경대 교직원 축구클럽은 서울과학기술대학교에서 열린 제17회 교육부장관배 대회 결승에서... 예선에서 방송통신대(5-0), 강원대(3-1), 서울대(2-0)를 꺾은 뒤 본선 토너먼트에서 공주대(3-0), 경상국립대(1-0)...",2026-09-23 09:17,https://view.asiae.co.kr/article/2026092309171981044,https://n.news.naver.com/mnews/article/277/0005820324?sid=102
연세대학교,화이트페이퍼,"현대해상, 청년 인재육성 프로그램 마련‥문제해결 경험 '미래 역량'으...","프로젝트의 방향성과 전문성을 높이기 위해 교육, HR, 사회혁신 분야 전문가 6인으로 자문위원단을 구성했으며, 염재호 태재대학교 총장, 장용석 연세대학교 교수, 엄윤미 아산나눔재단 이사장, 김성준 국민대학교 교수...",2026-09-23 09:14,http://www.whitepaper.co.kr/news/articleView.html?idxno=267177,http://www.whitepaper.co.kr/news/articleView.html?idxno=267177
서울대학교,메가경제,"정시도 학생부 영향 확대…이투스, 자퇴 후 수능 올인 신중론",아니면 서울 소재 대학 진학이 어렵다는 식의 판단은 경계해야 한다고 설명했다. ▲ 2028학년도 주요 6개... 전형 계획안에 따르면 서울대는 의과대학과 수의과대학을 제외한 일반전형에서 1단계 수능 성적으로...,2026-09-23 09:12,https://www.megaeconomy.co.kr/news/newsview.php?ncode=1065571707029132,https://www.megaeconomy.co.kr/news/newsview.php?ncode=1065571707029132
고려대학교,메가경제,"정시도 학생부 영향 확대…이투스, 자퇴 후 수능 올인 신중론",고려대는 의학과를 제외한 교과우수전형에서 수능 80%와 학생부교과 20%를 반영한다. 다만 의학과와 사이버국방학과를 제외한 일반전형은 수능 100%로 선발해 같은 대학에서도 전형에 따라 평가 방식이 다르다. 연세대는...,2026-09-23 09:12,https://www.megaeconomy.co.kr/news/newsview.php?ncode=1065571707029132,https://www.megaeconomy.co.kr/news/newsview.php?ncode=1065571707029132
연세대학교,메가경제,"정시도 학생부 영향 확대…이투스, 자퇴 후 수능 올인 신중론",다만 의학과와 사이버국방학과를 제외한 일반전형은 수능 100%로 선발해 같은 대학에서도 전형에 따라 평가 방식이 다르다. 연세대는 의예과를 제외한 일반전형에서 수능 90%와 서류평가 10%를 반영하며...,2026-09-23 09:12,https://www.megaeconomy.co.kr/news/newsview.php?ncode=1065571707029132,https://www.megaeconomy.co.kr/news/newsview.php?ncode=1065571707029132
고려대학교,THEVALUENEWS,[현장] 'AI 전쟁' 이미 시작됐는데…韓 플랫폼 “규제만으론 살아남기 ...,"한양대학교 법학전문대학원 교수가 ‘플랫폼 산업의 규제 현안과 개선 방안’을 주제로 각각 발제했고... 이성엽 고려대 교수·한국정보통신법학회장, 황용석 건국대 교수·정보통신정책학회장, 박성식 놀유니버스...",2026-09-23 09:10,http://www.thevaluenews.co.kr/news/view.php?idx=201841,http://www.thevaluenews.co.kr/news/view.php?idx=201841
서울대학교,NTODAY,[추석특집｜청년이 차린 정치 상차림④] 갈비찜처럼 든든하길 바랐지만...,"부동산 플랫폼 다방이 2026년 지난 8월 공개한 서울 주요 10개 대학 인근 원룸 매물 분석 결과, 지난 7월... 특히 서울대 등 주요 대학이 위치해 청년·대학생 수요가 몰리는 관악구의 상승폭은 더욱 컸다. 서울대 인근 원룸...",2026-09-23 09:10,https://www.ntoday.co.kr/news/articleView.html?idxno=129563,https://www.ntoday.co.kr/news/articleView.html?idxno=129563
연세대학교,DAILY,"루닛, AI 활용 난치암 연구 '네이처 메디슨' 게재",이번 연구는 이충근 연세대 의과대학 교수 연구팀이 수행한 HER2 양성 진행성 담도암 1차 치료 임상시험 결과다. 해당 연구에서 루닛 연구진은 AI 기반 전체 슬라이드 이미지 분석과 바이오마커 분석을 맡았다....,2026-09-23 09:10,https://daily.hankooki.com/news/articleView.html?idxno=1409248,https://daily.hankooki.com/news/articleView.html?idxno=1409248
연세대학교,KOREAITTIMES,"""스펙보다 경험""… 현대해상, 청년의 사회혁신 활동을 미래역량으로 연...","교육과 HR, 사회혁신 분야 전문가 6명이 참여하며 염재호 태재대학교 총장, 장용석 연세대학교 교수, 엄윤미 아산나눔재단 이사장, 김성준 국민대학교 교수, 서현선 루트임팩트 이사, 정진우 ACG 컨설팅 대표가 이름을...",2026-09-23 09:10,https://www.koreaittimes.com/news/articleView.html?idxno=157464,https://www.koreaittimes.com/news/articleView.html?idxno=157464
서울대학교,서울경제,"에너지연, 제20대 정학근 원장 취임","정 원장은 전남대에서 1996년 전기공학 학사, 광주과학기술원(GIST)에서 1998년 메카트로닉스공학 석사, 서울대에서 2013년 기계항공공학 박사 학위를 취득했다. 1998년 에너지연에 입사한 이후 에너지효율연구본부장을...",2026-09-23 09:09,https://www.sedaily.com/article/20094316?ref=naver,https://n.news.naver.com/mnews/article/011/0004664837?sid=105
서울대학교,헤럴드경제,"“서울대·엔비디아, 피지컬 AI 공동 과제 구체화…조만간 공모” [미리...",이재욱 서울대학교 AI연구원장은 23일 헤럴드경제와의 인터뷰에서 “서울대와 엔비디아 양측 연구진이 직접... 이 원장은 오는 29일 서울 중구 신라호텔에서 열리는 ‘헤럴드 기업포럼 2026’의 기조연사로 나서 ‘대한민국...,2026-09-23 09:09,https://biz.heraldcorp.com/article/10882907?ref=naver,https://n.news.naver.com/mnews/article/016/0002701213?sid=101
연세대학교,CBCI,"루닛, AI 기반 '루닛 스코프' 활용 HER2 양성 담도암 연구 성과 네이처 ...","본 연구는 연세대학교 의과대학 이충근 교수 연구팀이 주도하고, 루닛 연구진이 공동저자로 참여했다. 연구에서는 HER2 양성 진행성 담도암 환자 40명을 대상으로 임상시험이 진행됐다. 표준 화학요법인 젬시타빈과...",2026-09-23 09:08,https://www.cbci.co.kr/news/articleView.html?idxno=609262,https://www.cbci.co.kr/news/articleView.html?idxno=609262
연세대학교,FTODAY,"현대해상, 청년 경험·역량 기록하는 '프로젝트 트레일마크' 공개","아울러 프로젝트의 방향성과 전문성을 높이기 위해 교육, HR, 사회혁신 분야 전문가 6인으로 자문위원단을 구성했으며, 염재호 태재대학교 총장, 장용석 연세대학교 교수, 엄윤미 아산나눔재단 이사장, 김성준 국민대학교...",2026-09-23 09:08,http://www.ftoday.co.kr/news/articleView.html?idxno=366023,http://www.ftoday.co.kr/news/articleView.html?idxno=366023
고려대학교,베리타스알파,고려대 통일융합연구원 반기문재단과 29일 제4차 공동 심포지엄.. '질서...,"'질서 이후의 질서: 국제안보의 재편과 한반도 평화'를 주제로 한 이번 심포지엄은 요동치는 국제안보 질서 속에서 한반도 평화를 위한 조건과 전략을 짚어보고자 기획됐으며, 고려대 통일선도대학사업단이 후원한다....",2026-09-23 09:06,https://www.veritas-a.com/news/articleView.html?idxno=629330,https://www.veritas-a.com/news/articleView.html?idxno=629330
연세대학교,베리타스알파,고려대 통일융합연구원 반기문재단과 29일 제4차 공동 심포지엄.. '질서...,"권태경 연세대 정보대학원 교수(AI 보안연구회 회장)가 'AI 기술패권과 안보 방어선: 한국의 공급망 주권 확보전략'을, 김상배 서울대 교수(정보세계정치학회장)가 '기술, 규범, 제도의 재편과 한국의 전략적 선택'을...",2026-09-23 09:06,https://www.veritas-a.com/news/articleView.html?idxno=629330,https://www.veritas-a.com/news/articleView.html?idxno=629330
서울대학교,베리타스알파,고려대 통일융합연구원 반기문재단과 29일 제4차 공동 심포지엄.. '질서...,"권태경 연세대 정보대학원 교수(AI 보안연구회 회장)가 'AI 기술패권과 안보 방어선: 한국의 공급망 주권 확보전략'을, 김상배 서울대 교수(정보세계정치학회장)가 '기술, 규범, 제도의 재편과 한국의 전략적 선택'을...",2026-09-23 09:06,https://www.veritas-a.com/news/articleView.html?idxno=629330,https://www.veritas-a.com/news/articleView.html?idxno=629330
서울대학교,연합뉴스,[동포의 창] 미주 한인회장 180여명 서울 집결…26일 '미주총연의 밤',"앞두고 서울에 모여 화합을 다지고 한인사회 현안을 공유한다. 미주한인회총연합회(미주총연·총회장... 이어 서정일 총회장의 대회사와 김범수 서울대 통일평화연구원장의 기조연설, 김경협 재외동포청장, 고상구...",2026-09-23 09:05,https://www.yna.co.kr/view/AKR20260923004100371?input=1195m,https://n.news.naver.com/mnews/article/001/0016331509?sid=100
서울대학교,에너지경제,에너지기술연구원 신임 원장에 정학근 에너지연 책임연구원,"정 신임 원장은 전남대학교에서 1996년 전기공학 학사 학위를 받은 뒤 광주과학기술원(GIST)에서 1998년 메카트로닉스공학 석사, 서울대학교에서 2013년 기계항공공학 박사 학위를 취득했다. 1998년 에너지기술연구원에...",2026-09-23 09:02,https://www.ekn.kr/web/view.php?key=20260923029588385,https://www.ekn.kr/web/view.php?key=20260923029588385
서울대학교,ANDONGMBC,"R]추경호 ""'TK패싱"" 엄연한 현실""... 대책은?","메가 프로젝트에서 대구가 배제되고, '서울대 10개 만들기' 사업에서 경북대가 빠진 점 등을 대표 사례로 꼽았습니다. ◀ INT ▶ 추경호 대구시장 ""지역 패싱 문제는 엄연한 정치 현실이라고 생각합니다. 메가프로젝트뿐만...",2026-09-23 09:02,http://andongmbc.co.kr/adboard/NewsView84917,http://andongmbc.co.kr/adboard/NewsView84917
연세대학교,의학신문,"예후 나쁜 'HER2 양성 담도암', AI가 표적치료 새 길 연다",23일 루닛은 자사 AI 바이오마커 플랫폼 '루닛 스코프'를 활용해 HER2 양성 진행성 담도암의 치료 효과를 분석한 연세대 의과대학 이충근 교수팀의 임상 연구가 피인용지수(IF) 52.5를 기록하는 세계적 의학 학술지 '네이처...,2026-09-23 09:00,https://www.bosa.co.kr/news/articleView.html?idxno=3012732,https://www.bosa.co.kr/news/articleView.html?idxno=3012732
연세대학교,에듀동아,"'이대역 마포 프론티어', 647세대 규모 2차 임차인 모집","주변에는 연세대학교와 이화여자대학교, 서강대학교, 홍익대학교 등이 자리하고 있으며 초·중·고교를 비롯한 교육시설도 인근에 분포해 있다. 생활편의시설로는 현대백화점 신촌점과 대형마트, 전통시장 등이 있으며...",2026-09-23 09:00,https://edu.donga.com/news/articleView.html?idxno=112176,https://edu.donga.com/news/articleView.html?idxno=112176
연세대학교,THETRACKER,"현대해상, 청년 경험을 채용 역량으로…‘프로젝트 트레일마크’ 공개","염재호 태재대학교 총장, 장용석 연세대학교 교수, 엄윤미 아산나눔재단 이사장, 김성준 국민대학교 교수, 서현선 루트임팩트 이사, 정진우 ACG 컨설팅 대표 등 6명이 참여한다. 현대해상은 향후 기업과 사회혁신기관...",2026-09-23 09:00,https://thetracker.co.kr/View.aspx?No=4239447,https://thetracker.co.kr/View.aspx?No=4239447
고려대학교,뉴스핌,"서울대·고려대 정시도 학생부 본다…""내신 5등급제 자퇴 신중해야""","특히 2028학년도 대입부터 서울대·고려대 등 주요 대학이 정시모집에서도 학생부 교과와 출결, 학교생활을 반영하는 만큼 자퇴를 단순한 입시 전략으로 선택하는 데 신중해야 한다는 지적이다. 23일 이투스...",2026-09-23 08:59,https://www.newspim.com/news/view/20260923000178,https://www.newspim.com/news/view/20260923000178
서울대학교,뉴스핌,"서울대·고려대 정시도 학생부 본다…""내신 5등급제 자퇴 신중해야""","특히 2028학년도 대입부터 서울대·고려대 등 주요 대학이 정시모집에서도 학생부 교과와 출결, 학교생활을... 서울대 일반전형은 1단계에서 수능 100%로 모집인원의 3배수를 선발한 뒤 2단계에서 수능 60%와 교과역량평가...",2026-09-23 08:59,https://www.newspim.com/news/view/20260923000178,https://www.newspim.com/news/view/20260923000178
연세대학교,머니투데이,"루닛 ""AI 플랫폼 '루닛 스코프' 활용 담도암 연구, 네이처매디슨 게재""",이번 논문은 이충근 연세대 의과대학 교수팀이 주도한 HER2 양성 진행성 담도암 1차 치료 임상시험 결과를 담았다. 루닛 연구진은 공동 저자로서 AI 기반 전체 슬라이드 이미지(WSI) 분석과 바이오마커 분석을 맡았다....,2026-09-23 08:59,https://www.mt.co.kr/thebio/2026/09/23/2026092308560998693,https://n.news.naver.com/mnews/article/008/0005417705?sid=101
연세대학교,뉴스핌,"서울대·고려대 정시도 학생부 본다…""내신 5등급제 자퇴 신중해야""","특히 2028학년도 대입부터 서울대·고려대 등 주요 대학이 정시모집에서도 학생부 교과와 출결, 학교생활을... 연세대는 수능 90%와 서류 10%, 한양대는 수능 90%와 학생부종합평가 10%를 반영한다. 서강대 지역균형전형도...",2026-09-23 08:59,https://www.newspim.com/news/view/20260923000178,https://www.newspim.com/news/view/20260923000178
서울대학교,조선일보,차기 한국씨티은행장 후보에 김경호 부행장,김 후보는 서울대 국제경제학과를 졸업하고 미국 매사추세츠공대(MIT)에서 경영학 석사 학위를 받았다. 삼성물산과 맥킨지를 거쳐 2001년 씨티은행 서울지점에 입사했다. 기업금융심사역과 대기업금융부장...,2026-09-23 08:55,https://www.chosun.com/economy/stock-finance/2026/09/23/4VG6B3TXKZC47AQP2U2ORVG3KA/?utm_source=naver&utm_medium=referral&utm_campaign=naver-news,https://n.news.naver.com/mnews/article/023/0004000054?sid=101
서울대학교,DGMBC,[만평] 'TK 패싱'···돌아오지 않는 메아리,"자, 메가 프로젝트에서 대구가 빠지고, '서울대 10개 만들기' 사업에서 경북대학교가 배제된 게 대표적인 패싱 사례라고 했어요. 추경호 대구시장 ""지역 패싱 문제는 엄연한 정치 현실이라고 생각합니다. 메가프로젝트에...",2026-09-23 08:53,https://dgmbc.com/NewsArticle/863732,https://n.news.naver.com/mnews/article/657/0000055606?sid=102
서울대학교,교수신문,"""국제유가가 뛰자 중동이 가까워졌다""","구기연 서울대 아시아연구소 교수는 권두언 「균열의 시간들: 이란-미국·이스라엘 전쟁이 노출시킨 중동과... 황의현 서울대 아시아연구소 선임연구원은 「석유, 산업과 일상의 균열: 한국이 본 중동, 그 50년의 '지리적...",2026-09-23 08:52,https://www.kyosu.net/news/articleView.html?idxno=210508,https://www.kyosu.net/news/articleView.html?idxno=210508
연세대학교,메가경제,"현대해상, 청년 사회문제 해결 경험 ‘미래역량’으로 연결","염재호 태재대학교 총장과 장용석 연세대학교 교수, 엄윤미 아산나눔재단 이사장, 김성준 국민대학교 교수, 서현선 루트임팩트 이사, 정진우 ACG 컨설팅 대표가 참여한다. 프로젝트를 제안한 정경선 현대해상...",2026-09-23 08:52,https://www.megaeconomy.co.kr/news/newsview.php?ncode=1065569651400318,https://www.megaeconomy.co.kr/news/newsview.php?ncode=1065569651400318
연세대학교,한스경제,"루닛, 담도암 치료효과 AI로 분석…국제학술지 게재",이번 연구는 이충근 연세대학교 의과대학 교수팀이 주도한 HER2 양성 진행성 담도암 1차 치료 임상시험을 기반으로 한다. 루닛 연구진은 논문 공동저자로 참여해 전체 슬라이드 이미지(WSI)를 분석하고 바이오마커를...,2026-09-23 08:52,http://www.hansbiz.co.kr/news/articleView.html?idxno=867726,http://www.hansbiz.co.kr/news/articleView.html?idxno=867726
고려대학교,데일리안,"고대 구로병원, 암 치료 역량 한곳에…'새 암병원' 2029년 완공","행사에는 김재호 고려중앙학원 이사장과 김동원 고려대 총장, 윤을식 고려대 의무부총장 겸 의료원장, 한승범 안암병원장, 민병욱 구로병원장, 서동훈 안산병원장 등 내외빈 200여명이 참석했다. 새 암병원은 연면적...",2026-09-23 08:52,https://www.dailian.co.kr/news/view/1693878/?sc=Naver,https://n.news.naver.com/mnews/article/119/0003135837?sid=103
고려대학교,에너지경제,"추석 명절, 장거리 운전 목·허리 통증 조심…독감 확산 주의해야","고려대 안암병원 정신건강의학과 한규만 교수는 “명절을 즐겁게 보내야 한다는 생각에 무리하기보다 자신의 컨디션을 살피면서 충분한 휴식 시간을 갖고, 필요할 때는 일정이나 활동을 적절히 조절하는 것이 중요하다...",2026-09-23 08:50,https://www.ekn.kr/web/view.php?key=20260923021227729,https://www.ekn.kr/web/view.php?key=20260923021227729
고려대학교,교수신문,"가신의 두려움이 물러난 자리, '맘카페 삼신상'이 들어서다","조왕과 측신의 갈등을 고려해 부엌과 측간을 멀리 떨어뜨리는 것은 부엌의 위생을 지키게 했고, 성주의... 이경화 고려대 민족문화연구원 연구교수 고려대 수학과를 졸업하고 국어국문학과에서 석사·박사 학위를 받았다....",2026-09-23 08:50,https://www.kyosu.net/news/articleView.html?idxno=210581,https://www.kyosu.net/news/articleView.html?idxno=210581
서울대학교,GOLFHANKOOK,[방민준의 골프세상] '물세례' 세리머니에 담긴 의미,"*칼럼니스트 방민준: 서울대에서 국문학을 전공했고, 한국일보에 입사해 30여 년간 언론인으로 활동했다. 30대 후반 골프와 조우, 밀림 같은 골프의 무궁무진한 세계를 탐험하며 다양한 골프 책을 집필했다. 그에게 골프와...",2026-09-23 08:48,https://golfhankook.hankooki.com/news/articleView.html?idxno=20021986,https://golfhankook.hankooki.com/news/articleView.html?idxno=20021986
서울대학교,IKLD,"로지스올그룹, 유통산업 피지컬 인터넷 비전 모색","이번 세미나는 서울대학교 경영대학 박성호 교수를 초청해 '유통 혁신의 시대, LAPI의 기회와 과제'를 주제로 진행됐으며, 약 100명의 KCCLO 회원사 관계자가 온라인으로 참석했다. 박성호 교수는 최근 유통산업의 주요...",2026-09-23 08:48,http://www.ikld.kr/news/articleView.html?idxno=341266,http://www.ikld.kr/news/articleView.html?idxno=341266
연세대학교,헤럴드경제,"현대해상, 청년 현장경험을 ‘미래역량’으로 잇는다…‘프로젝트 트레...","교육·HR·사회혁신 분야 전문가 6인으로 구성됐으며 염재호 태재대학교 총장, 장용석 연세대학교 교수, 엄윤미 아산나눔재단 이사장, 김성준 국민대학교 교수, 서현선 루트임팩트 이사, 정진우 ACG 컨설팅 대표가...",2026-09-23 08:47,https://biz.heraldcorp.com/article/10882860?ref=naver,https://n.news.naver.com/mnews/article/016/0002701195?sid=101
고려대학교,GOKOREA,"박영사, '국가 영토론' 출간","'국가 영토론'은 박선영 진실화해를위한과거사정리위원회 위원장(전), 최재목 영남대학교 철학과 교수... 정동은 고려대학교 국제법연구센터 고문은 ""본서가 앞으로 국가 영토론에 대한 학술적 논의뿐 아니라 복잡다기한...",2026-09-23 08:46,https://www.gokorea.kr/news/articleView.html?idxno=879363,https://www.gokorea.kr/news/articleView.html?idxno=879363
서울대학교,GASNEWS,"에너지기술연구원, 제20대 정학근 원장 취임","정학근 원장은 전남대학교에서 1996년 전기공학 학사, GIST에서 1998년 메카트로닉스공학 석사, 서울대학교에서 2013년 기계항공공학 박사 학위를 취득했다. 1998년 에너지연에 입사한 이후 에너지효율연구본부장을...",2026-09-23 08:44,https://www.gasnews.com/news/articleView.html?idxno=126934,https://www.gasnews.com/news/articleView.html?idxno=126934
연세대학교,컨슈머타임스,"현대해상, 청년층 사회문제 해결 경험 잇는 '프로젝트 트레일마크' 공개","염재호 태재대학교 총장과 장용석 연세대학교 교수, 엄윤미 아산나눔재단 이사장, 김성준 국민대학교 교수, 서현선 루트임팩트 이사, 정진우 ACG컨설팅 대표가 자문위원으로 참여한다. 프로젝트 트레일마크를 제안한...",2026-09-23 08:44,https://www.cstimes.com/news/articleView.html?idxno=721793,https://www.cstimes.com/news/articleView.html?idxno=721793
서울대학교,KBS,전북대총동창회 “‘서울대 10개’ 조속히 후속 선정해야”,"전북대 총동창회가 정부의 '서울대 10개 만들기'와 관련해 우선 선정에서 빠진 6개 국가 거점국립대의 후속 선정 여부와 일정, 지원 방식을 구체적으로 제시하라고 촉구했습니다. 민주당 대표가 공개적으로 밝힌 조기 후속...",2026-09-23 08:42,https://news.kbs.co.kr/news/pc/view/view.do?ncd=8670135&ref=A,https://n.news.naver.com/mnews/article/056/0012262314?sid=102
고려대학교,뉴스프리존,"최주훈 고대안산병원 전공의, 아시아·태평양 간학회 'International Travel ...",이번 연구에는 고려대 안산병원 가정의학과 김도훈 교수와 박주현 교수가 공동 교신저자로... 함께 고려할 필요가 있음을 확인했다. 앞으로도 환자의 생활습관과 질병 위험을 함께 살피며 실제 진료에...,2026-09-23 08:42,https://www.newsfreezone.co.kr/news/articleView.html?idxno=710853,https://www.newsfreezone.co.kr/news/articleView.html?idxno=710853
연세대학교,브릿지경제,"현대해상, 청년 사회문제 해결 경험을 채용 기회로 잇는다","염재호 태재대학교 총장, 장용석 연세대학교 교수, 엄윤미 아산나눔재단 이사장, 김성준 국민대학교 교수, 서현선 루트임팩트 이사, 정진우 ACG컨설팅 대표가 사업 방향과 전문성 강화를 지원한다. 프로젝트를 제안한...",2026-09-23 08:42,https://www.viva100.com/article/20260923500078,https://www.viva100.com/article/20260923500078
고려대학교,E2NEWS,"스카이입시교육학원, 중앙대(창의형)·연세대 추석·개천절 인문·수리...","서초방배원에서 대학별 소수정예 방식으로 진행되며, 수험생별 답안 작성 과정과 취약점을 고려한 1:1 맞춤형... 수능 전 논술뿐 아니라 고려대(세종), 성균관대, 한양대 등 주요 대학을 대상으로 한 현장 및 실시간...",2026-09-23 08:40,http://www.e2news.com/news/articleView.html?idxno=334535,http://www.e2news.com/news/articleView.html?idxno=334535
연세대학교,서울경제,"루닛 스코프 활용 난치암 연구, 의학 학술지 ‘네이처 메디슨’ 게재",이번 논문은 연세대 의과대학 이충근 교수 연구팀이 주도한 HER2 양성 진행성 담도암 1차 치료 임상시험 결과를 담았다. 루닛 연구진은 공동저자로서 AI 기반 전체 슬라이드 이미지(WSI) 분석과 바이오마커 분석을...,2026-09-23 08:40,https://www.sedaily.com/article/20094297?ref=naver,https://n.news.naver.com/mnews/article/011/0004664823?sid=103
연세대학교,E2NEWS,"스카이입시교육학원, 중앙대(창의형)·연세대 추석·개천절 인문·수리...","스카이입시교육학원이 2027학년도 중앙대(창의형), 연세대 등 주요 대학 논술전형을 준비하는 고3·재수생·N수생을 대상으로 추석 및 개천절 연휴 기간 인문·수리논술 1:1 온·오프라인 특강을 운영한다. 대치동과 사당동에...",2026-09-23 08:40,http://www.e2news.com/news/articleView.html?idxno=334535,http://www.e2news.com/news/articleView.html?idxno=334535
연세대학교,뉴시스,"""AI 활용""…루닛, 표적치료 반응 예측가능성 확인",이번 논문은 연세대학교 의과대학 이충근 교수 연구팀이 주도한 HER2 양성 진행성 담도암 1차 치료 임상시험 결과를 담았다. 루닛 연구진은 공동저자로 참여해 AI 기반 전체 슬라이드 이미지(WSI) 분석과 바이오마커...,2026-09-23 08:40,https://www.newsis.com/view/NISX20260923_0003801315,https://n.news.naver.com/mnews/article/003/0014209612?sid=102
서울대학교,E2NEWS,"스카이입시교육학원, 중앙대(창의형)·연세대 추석·개천절 인문·수리...","이번 과정은 중앙대(창의형), 연세대를 비롯해 서울시립대, 성신여대, 홍익대, 가톨릭대, 단국대 등 수능 전... 노환기 스카이입시교육 논술원장(서울대 국어교육과 졸)은 ""대학마다 논술 출제 방식과 평가 요소에 차이가...",2026-09-23 08:40,http://www.e2news.com/news/articleView.html?idxno=334535,http://www.e2news.com/news/articleView.html?idxno=334535
연세대학교,한국경제,"루닛, AI 활용 난치암 연구 ‘네이처 메디슨’ 게재",이번 논문은 이충근 연세대학교 의과대학 교수 연구팀이 주도한 HER2 양성 진행성 담도암 1차 치료 임상시험 결과를 담았다. 루닛 연구진은 공동저자로서 AI 기반 전체 슬라이드 이미지(WSI) 분석과 바이오마커...,2026-09-23 08:36,https://www.hankyung.com/article/202609232488i,https://n.news.naver.com/mnews/article/015/0005335480?sid=105
서울대학교,더벨,"[더벨][THE NEXT] ""일본은 다르다…충실의무 보다 이사 재량 유연""",""" 마츠나카 마나부 나고야대학교 로스쿨 교수(사진)는 22일 더벨이 중구 플라자호텔에서 개최한 'THE NEXT... 천경훈 서울대 로스쿨 교수의 연구를 인용해 한국 법원도 충실의무 위반 사건에 별개의 판단 기준을 쓰지...",2026-09-23 08:32,https://www.thebell.co.kr/free/content/ArticleView.asp?key=202609221202315400108524,https://www.thebell.co.kr/free/content/ArticleView.asp?key=202609221202315400108524
고려대학교,더벨,"[더벨][THE NEXT] 경영판단 원칙 성문화 논쟁…""획일적 면책은 위험""","함부르크 대학·옥스포드 대학 교수, 조현덕 김·장 법률사무소 변호사가 차례로 발표한 뒤 토론에 나섰다. 사회는 조명현 고려대 교수가 맡았다. 발표 이후 이어진 질의응답과 토론에서는 경영판단의 원칙을 법률에...",2026-09-23 08:32,https://www.thebell.co.kr/free/content/ArticleView.asp?key=202609221415152440105222,https://www.thebell.co.kr/free/content/ArticleView.asp?key=202609221415152440105222
고려대학교,더벨,"[더벨][THE NEXT] ""주주 충실의무 확대, 이사회 경영 위축 우려""","사회는 이승환 고려대 로스쿨 교수가 맡았다. 개정 상법 제382조의3은 이사가 회사 및 주주를 위해 직무를... 그는 ""이사가 회사와 지배주주, 비지배주주는 물론이고 근로자와 환경, 채권자까지 고려해야 한다면...",2026-09-23 08:32,https://www.thebell.co.kr/free/content/ArticleView.asp?key=202609221400098960105288,https://www.thebell.co.kr/free/content/ArticleView.asp?key=202609221400098960105288
서울대학교,스타뉴스,"임영웅 팬클럽 영웅시대 봉사나눔방 라온, 추석 맞아 양평 로뎀의집에서...","한편 '라온'은 로뎀의집 외에도 쪽방촌, 용산박스촌, 서울시아동복지협회, '희망을파는사람들', 서울대어린이병원 등을 통해 급식 봉사와 자립 청소년·중증 환아 후원을 지속해 왔다. 최근에는 로뎀의집 재건축비...",2026-09-23 08:30,https://www.starnewskorea.com/star/2026/09/23/2026092305050149925,https://m.entertain.naver.com/article/108/0003472841
고려대학교,여성소비자신문,건국대 '하계 엘리트 프로그램' 운영...'제102회 도쿄 인터내셔널 기프...,또한 고려대학교 연구팀과 함께 줄기세포 기능을 회복시키는 미세유체 기술을 개발했다. 건국대학교 대학일자리플러스사업단은 하반기 채용을 준비하는 학생들의 취업 경쟁력을 강화하고 '엘리트' 인재를 양성하기...,2026-09-23 08:30,http://www.wsobi.com/news/articleView.html?idxno=318700,http://www.wsobi.com/news/articleView.html?idxno=318700
연세대학교,바이오타임즈,"루닛, HER2 양성 담도암 AI 분석 연구 네이처 메디슨 게재…치료반응 연...","이번 연구는 연세대학교 의과대학 이충근 교수 연구팀이 주도한 HER2 양성 진행성 담도암 1차 치료 임상시험 결과를 분석한 것으로, 루닛 연구진은 공동저자로 참여해 AI 기반 전체 슬라이드 이미지(Whole Slide Image...",2026-09-23 08:30,https://www.biotimes.co.kr/news/articleView.html?idxno=34704,https://www.biotimes.co.kr/news/articleView.html?idxno=34704
서울대학교,JEJUSORI,[9월 23일] 제주도지사·도의장·도교육감·시장,11:30 '서울대 10개 만들기사업 미선정 관련' 공동입장문 발표(제주도청 기자실) ▷ 13:30 추석명절 사회복지시설 위문 방문(제주도내 일원) ◆ 고의숙 제주특별자치도교육감 ▷ 09:50 추석맞이 사회복지시설 위문...,2026-09-23 08:28,https://www.jejusori.net/news/articleView.html?idxno=506816,https://www.jejusori.net/news/articleView.html?idxno=506816
서울대학교,메디게이트뉴스,"아크릴, 650억 피지컬 AI 국책과제서 로봇 검증 맡는다","이번 과제는 성균관대학교 산학협력단이 주관하며 2026년 8월부터 2030년 12월까지 4년 5개월간 진행된다. 총 사업비는 약 650억원으로 정부지원금은 450억원 규모다. 아크릴을 비롯해 KAIST, 서울대학교...",2026-09-23 08:26,https://www.medigatenews.com/news/2909563707,https://www.medigatenews.com/news/2909563707
고려대학교,이뉴스투데이,"[고려대 소식] 고려대-오하이오주립대, '리튬-텔루륨 전지' 수명 늘려 외",고려대학교(총장 김동원) 화공생명공학과/배터리-스마트팩토리학과 유승호 교수 연구팀과 미국 오하이오주립대학교 화학생물공학과 권상일 교수 연구팀이 공동으로 리튬-텔루륨 전지의 성능 저하 원인을 밝히고...,2026-09-23 08:20,http://www.enewstoday.co.kr/news/articleView.html?idxno=2473457,http://www.enewstoday.co.kr/news/articleView.html?idxno=2473457
연세대학교,메디게이트뉴스,"루닛, HER2 양성 담도암 AI 연구 '네이처 메디슨' 게재",이번 논문은 연세대학교 의과대학 이충근 교수 연구팀이 주도한 HER2 양성 진행성 담도암 1차 치료 임상시험 결과를 담았다. 루닛 연구진은 공동 저자로서 AI 기반 전체 슬라이드 이미지(WSI) 분석과 바이오마커...,2026-09-23 08:20,https://www.medigatenews.com/news/2297234086,https://www.medigatenews.com/news/2297234086
연세대학교,더벨,"[더벨][이사회 분석] 에스텍시스템, 상장 앞두고 독립이사 과반 채워",경남경찰청장을 거쳐 2020년 8월 부산경찰청장을 지냈으며 연세대 언론홍보대학원에서 석사학위를 받았다. 에스텍시스템은 1998년 에스원 보안사업부에서 분사한 인력경비 업체다. 경비업은 경비업법에 따라 시...,2026-09-23 08:18,https://www.thebell.co.kr/free/content/ArticleView.asp?key=202609172055384960103571,https://www.thebell.co.kr/free/content/ArticleView.asp?key=202609172055384960103571
연세대학교,더벨,"[더벨][그룹 & 보드] 현대그룹 이사회, 오너는 무벡스에만...겸직 이사 ...","독립이사인 김경우 EKK파트너스 대표, 박용석 연세대학교 교수, 최병철 충북대학교 부교수는 감사위원을 겸한다. 현정은 회장은 사내이사이자 이사회 의장으로 22년 넘게 재직 중이다. 2023년 쉰들러 손해배상금을...",2026-09-23 08:18,https://www.thebell.co.kr/free/content/ArticleView.asp?key=202609172129437840102162,https://www.thebell.co.kr/free/content/ArticleView.asp?key=202609172129437840102162
고려대학교,스포츠조선,고려대 구로병원 새암병원 기공식 개최…미래형 암 치료 플랫폼 구축 목...,"이날 기공식에는 학교법인 고려중앙학원 김재호 이사장, 고려대 김동원 총장, 윤을식 의무부총장 겸 의료원장, 편성범 의과대학장, 한승범 안암병원장, 민병욱 구로병원장, 서동훈 안산병원장, 전임 의무부총장 및...",2026-09-23 08:16,https://www.sportschosun.com/life/2026-09-23/202609230100158460010328,https://n.news.naver.com/mnews/article/076/0004448997?sid=102
연세대학교,IKUNKANG,"신규 당뇨병, 치료 강도·악화 속도가 췌장암 위험 신호","연세대 세브란스병원 소화기내과 정문재 교수와 내분비내과 이민영 교수, 연세의대 예방의학교실 장성인 교수, 연구지원부 유민희 연구원 연구팀은 신규 발생 당뇨병의 초기 중증도와 단기간의 진행 양상이 췌장암...",2026-09-23 08:16,https://www.ikunkang.com/news/articleView.html?idxno=51567,https://www.ikunkang.com/news/articleView.html?idxno=51567
고려대학교,여성소비자신문,"세종대, 조덕래 작가 기획초대전 개최...'AI 기술경영 DBA' 신설...외국 ...","세종대학교 경영전문대학원은 2027학년도부터 'AI 기술경영 DBA(Doctor of Business Administration)'를 신설하고... 본대학 명예교수 등이 강연자로 참여했다. 이승하 중앙대 명예교수와 김응교 숙명여대 교수, 오형엽 고려대 교수...",2026-09-23 08:14,http://www.wsobi.com/news/articleView.html?idxno=318701,http://www.wsobi.com/news/articleView.html?idxno=318701
연세대학교,뉴스1,"루닛 스코프 활용 난치암 연구, 세계 최고 권위 '네이처 메디슨' 게재",이번 논문은 이충근 연세대 의대 교수 연구팀이 주도한 HER2 양성 진행성 담도암 1차 치료 임상시험 결과를 담았다. 루닛 연구진은 공동저자로서 AI 기반 전체 슬라이드 이미지 분석과 바이오마커 분석을 맡았으며...,2026-09-23 08:12,https://www.news1.kr/bio/pharmaceutical-bio/6299718,https://n.news.naver.com/mnews/article/421/0009187844?sid=103
서울대학교,이투데이,"일반고 1학년 자퇴생 첫 1만명…“정시도 학생부 본다, ‘수능 올인’ ...",이투데이=손현경 기자 | 2025년 자퇴생 1만6명…5년 새 64% 증가 서울대 교과평가 40%·고려대 교과 20%…연세... 2028학년도 대입부터 서울대와 고려대 등 주요 대학이 정시에서도 학생부를 반영하는 만큼 학교를 떠나...,2026-09-23 08:10,https://www.etoday.co.kr/news/view/2628860,https://www.etoday.co.kr/news/view/2628860
서울대학교,전자신문,"“체코부터 독일·베트남까지”…KIRIA, K-로봇 글로벌 진출 이끌 '해외...","KIRIA는 지난 21일 체코 프라하 공과대학교(CTU) 산하 '체코 정보학, 로봇공학 및 사이버네틱스 연구소(CIIRC)... 한국전자기술연구원, 서울대, 화승알앤에이, KIRIA와 프라하공대는 AI 기반 로봇 운영 플랫폼과 원격관제...",2026-09-23 08:10,https://www.etnews.com/20260923000004,https://n.news.naver.com/mnews/article/030/0003469596?sid=102
고려대학교,이투데이,"일반고 1학년 자퇴생 첫 1만명…“정시도 학생부 본다, ‘수능 올인’ ...",2028학년도 대입부터 서울대와 고려대 등 주요 대학이 정시에서도 학생부를 반영하는 만큼 학교를 떠나 수능에만 집중하는 전략의 위험성이 커졌다는 것이다. 23일 이투스 교육평가연구소가 교육부 자료를 분석한...,2026-09-23 08:10,https://www.etoday.co.kr/news/view/2628860,https://www.etoday.co.kr/news/view/2628860
고려대학교,TV조선,"고심 끝에 '사법 독립' 선택…법조계 ""대법관 공석 장기화할듯""","차진아 / 고려대 법학전문대학원 교수 ""양쪽이 타협의 여지없이 이렇게 강대강으로 부딪히는 것이 과연 대통령과 대법원장 그리고 국민을 위해서 어떤 도움이 되겠는가."" 200일 넘게 공석 상태인 노태악 전 대법관 후임을...",2026-09-23 08:10,https://news.tvchosun.com/site/data/html_dir/2026/09/23/2026092390036.html,https://n.news.naver.com/mnews/article/448/0000640989?sid=102
연세대학교,이투데이,"일반고 1학년 자퇴생 첫 1만명…“정시도 학생부 본다, ‘수능 올인’ ...","이투데이=손현경 기자 | 2025년 자퇴생 1만6명…5년 새 64% 증가 서울대 교과평가 40%·고려대 교과 20%…연세... 연세대 일반전형은 의예과를 제외하고 수능 90%와 서류 10%를 반영하며, 교과학습발달상황과 출결 등을...",2026-09-23 08:10,https://www.etoday.co.kr/news/view/2628860,https://www.etoday.co.kr/news/view/2628860
연세대학교,핀포인트뉴스,"루닛, HER2 양성 담도암 연구 '네이처 메디슨' 게재",23일 업계에 따르면 이번 논문은 연세대학교 의과대학 이충근 교수 연구팀이 주도한 HER2 양성 진행성 담도암 1차 치료 임상시험 결과를 담았다. 루닛 연구진은 공동저자로 참여해 AI 기반 전체 슬라이드 이미지(WSI)...,2026-09-23 08:08,https://www.pinpointnews.co.kr/news/articleView.html?idxno=489803,https://www.pinpointnews.co.kr/news/articleView.html?idxno=489803
서울대학교,더벨,[더벨][thebell interview | 포레스트벤처스 바이오 승부수] 김승용 상무...,"◇투자 1순위 조건, 창업자 역량…집단 지성 더한다 김 상무는 중앙대에서 화학 학사와 약학 석사를 취득하고 서울대 약학과 박사과정을 수료했다. 2007년 한국과학기술연구원에서 사회 생활을 시작해 이큐스앤자루와...",2026-09-23 08:02,https://www.thebell.co.kr/free/content/ArticleView.asp?key=202609211025333800107575,https://www.thebell.co.kr/free/content/ArticleView.asp?key=202609211025333800107575
서울대학교,BANRONBODO,"건설업계, AI·스마트 기술 활용 확대...도면 검토부터 사고 예방까지",이번 과제는 한화 건설부문을 비롯해 △E8 △서울대학교 △한국건설기술연구원 등 11개 산학연 기관이 참여하며 총 연구개발비는 약 153억원 규모다. 이번 과제에서는 건물 정보를 3D로 구현한 모델(BIM)에 실제 건물 운영...,2026-09-23 08:00,https://www.banronbodo.com/news/articleView.html?idxno=33073,https://www.banronbodo.com/news/articleView.html?idxno=33073
서울대학교,뉴시스,"이소영 중기부장관 취임…""현장에서 답 찾을 것""","성균관대 법학 학사, 서울대대학원 법학 석사를 지낸 후 2012~2016년 김앤장법률사무소 변호사로 활동했으며, 지난 2020년 더불어민주당 부대변인, 21대 의원(의왕시·과천시)을 지내며 본격적으로 정치에서 두각을 보이기...",2026-09-23 07:58,https://www.newsis.com/view/NISX20260923_0003801238,https://n.news.naver.com/mnews/article/003/0014209541?sid=101
고려대학교,점프볼,건국대 PO 진출 확정…남자대학 PO 진출 8팀 정해졌다,"한양대는 22일 한양대학교 올림픽체육관에서 열린 2026 KUSF 대학농구 U-리그 홈 경기에서 성균관대에게 48... 중앙대의 1위 확정이 유력한 가운데 성균관대, 고려대, 경희대, 연세대, 동국대, 단국대, 건국대는 최종 순위...",2026-09-23 07:41,https://m.sports.naver.com/basketball/article/065/0000301864,https://m.sports.naver.com/basketball/article/065/0000301864
연세대학교,점프볼,건국대 PO 진출 확정…남자대학 PO 진출 8팀 정해졌다,"한양대는 22일 한양대학교 올림픽체육관에서 열린 2026 KUSF 대학농구 U-리그 홈 경기에서 성균관대에게 48... 중앙대의 1위 확정이 유력한 가운데 성균관대, 고려대, 경희대, 연세대, 동국대, 단국대, 건국대는 최종 순위...",2026-09-23 07:41,https://m.sports.naver.com/basketball/article/065/0000301864,https://m.sports.naver.com/basketball/article/065/0000301864
고려대학교,SLOWNEWS,"사업 전망 불확실한 미국 발전소 투자, 한국이 100% 돈 대고 이익은 반반...",차진아(고려대 교수)는 “대통령이 임명을 거부할 때는 합당한 이유를 제시해야 한다”고 지적했다. 다음... 대만 정치대학 조사에서는 통일을 지지한다는 답변이 8%에 그쳤다. 알렉산더 황(전 국민당 국제사무부 책임자)...,2026-09-23 07:40,https://slownews.kr/166796,https://slownews.kr/166796
서울대학교,KBS,전북 민심 잡기 총력…민주당-혁신당 경쟁 본격,[리포트] 정부의 대규모 반도체 투자에 이어 '서울대 10개 만들기' 첫 지원 대상에서도 제외된 전북. 잇따른 국가사업 배제로 지역 소외론이 확산하면서 정부·여당을 향한 민심도 심상치 않습니다. [윤준병/민주당...,2026-09-23 07:35,https://news.kbs.co.kr/news/pc/view/view.do?ncd=8670052&ref=A,https://n.news.naver.com/mnews/article/056/0012262302?sid=100
연세대학교,메디게이트뉴스,"연세의대 구성욱 교수, 대한척추신경외과학회 회장 취임","한편, 구성욱 회장은 연세대학교 의과대학 신경외과학교실 교수로 척추 분야의 진료·연구·교육을 수행해 왔다. 연세의료원 대외협력처장과 강남세브란스병원장을 역임했으며 현재 대한의용생체공학회 회장...",2026-09-23 07:30,https://www.medigatenews.com/news/2454822543,https://www.medigatenews.com/news/2454822543
고려대학교,메디게이트뉴스,"고려대의료원, 존스홉킨스·텍사스 메디컬 센터와 잇단 협력","국내 대학·병원·연구기관 간 기술사업화 협력을 이끌고 있다. 김학준 고려대 의학연구처장은 ""우수한 연구성과가 실제 의료현장에서 활용되고 사업화로 이어지려면 기술개발 초기부터 연구·임상·투자·사업화...",2026-09-23 07:30,https://www.medigatenews.com/news/2698807140,https://www.medigatenews.com/news/2698807140
연세대학교,메디게이트뉴스,"최윤영 순천향대 부천병원 교수, 대한위암학회 국제학술대회 최우수 연...","순천향대학교 부천병원 위장관외과 최윤영 교수가 9월 17~19일 열린 대한위암학회 국제학술대회 'KINGCA WEEK... 교수, 연세대학교 의과대학 신수진 교수가 함께 참여했다. 연구팀은 조직 속 세포의 위치와 유전자 발현을...",2026-09-23 07:30,https://www.medigatenews.com/news/2140210705,https://www.medigatenews.com/news/2140210705
서울대학교,메디게이트뉴스,"최윤영 순천향대 부천병원 교수, 대한위암학회 국제학술대회 최우수 연...","이번 연구에는 순천향대 부천병원 윤진아·김희경·조인 교수, 서울대 치의학대학원 김기태 교수, 연세대학교 의과대학 신수진 교수가 함께 참여했다. 연구팀은 조직 속 세포의 위치와 유전자 발현을 함께 읽어내는...",2026-09-23 07:30,https://www.medigatenews.com/news/2140210705,https://www.medigatenews.com/news/2140210705
서울대학교,메디게이트뉴스,"만성골수성백혈병 환자 48% “진단 당시 정보 부족”…노바티스, 질환정...",대한혈액학회 만성골수성백혈병연구회 위원장인 분당서울대학교병원 혈액종양내과 이정옥 교수는 “만성골수성백혈병 치료는 질환 진행을 막고 생존을 연장하는 것을 넘어 환자 상황에 따라 깊은 치료 반응과 장기적인...,2026-09-23 07:28,https://www.medigatenews.com/news/1126508921,https://www.medigatenews.com/news/1126508921
서울대학교,메디게이트뉴스,지역사회 통합돌봄 추진 8년째 ‘공전’?…퇴원환자 지역 연계 '0.1% 미만...,분당서울대학교병원 이혜진 교수는 22일 국회에서 열린 ‘지역사회 통합돌봄 정책 발전 과제와 전략’ 토론회에서 “병원은 환자를 지역사회로 연계하지 않아도 전혀 손해 볼 것이 없고 병원 간 연계만 잘하면 된다”며...,2026-09-23 07:28,https://www.medigatenews.com/news/1654713786,https://www.medigatenews.com/news/1654713786
서울대학교,톱스타뉴스,"[영웅신문] 임영웅 영웅시대 봉사나눔방 '라온', 로뎀의집 63번째 급식봉...","'라온'은 로뎀의집뿐 아니라 쪽방촌과 용산 박스촌, 서울시 아동복지협회 등을 찾아 급식봉사를 펼쳤다. '희망을파는사람들'을 통해 어려운 청소년의 자립을 위한 후원금을 기부했으며, 서울대학교어린이병원을 통한...",2026-09-23 07:24,https://www.topstarnews.net/news/articleView.html?idxno=16208086,https://www.topstarnews.net/news/articleView.html?idxno=16208086
고려대학교,JASM,"검찰 '술렁', '공소취소' 메시지?...'대북송금 수사 사과' 친여 이정현 ...","전남 나주에서 태어나 고려대를 졸업한 이 고검장은 1998년 서울지검 북부지청 검사로 임관했다. 문재인 정부... 그의 그간 행보를 고려할 때 ""이재명 대통령 사건 공소취소를 위한 포석""이란 시각이 적지 않다. 이 고검장은...",2026-09-23 07:20,https://www.jasm.co.kr/news/articleView.html?idxno=317863,https://www.jasm.co.kr/news/articleView.html?idxno=317863
고려대학교,오마이뉴스,[손병관의 뉴스프레소] 대검 차장에 '쌍방울 송금 수사' 사과한 검찰 간...,"전남 나주 출신의 이정현은 고려대 법대를 졸업하고 1998년 서울북부지검 검사로 임관했다. 문재인 정부... 이헌환 아주대 법학전문대학원 교수는 ""현행 헌법상 대통령의 임명권과 대법원장의 제청권은 대법원장과...",2026-09-23 07:11,https://www.ohmynews.com/NWS_Web/View/at_pg.aspx?CNTN_CD=A0003269846&CMPT_CD=P0010&utm_source=naver&utm_medium=newsearch&utm_campaign=naver_news,https://n.news.naver.com/mnews/article/047/0002530014?sid=102
서울대학교,DAILYT,"풍성한 한가위, 당뇨 합병증 있다면 ‘무엇을 먹느냐’보다 ‘얼마나 먹...",서울대학교병원 만성콩팥병 건강정보에 따르면 ‘채소와 과일은 무조건 좋다’며 임의로 많이 먹기보다 담당 의료진이나 임상영양사가 정한 기준을 따라야 한다. 심혈관 합병증이나 고혈압이 동반됐다면 전과 튀김...,2026-09-23 07:08,https://www.dailyt.co.kr/newsView/dlt202609230007,https://www.dailyt.co.kr/newsView/dlt202609230007
연세대학교,후생신보,신규 당뇨환자 악화 빠를수록 췌장암 위험 26.5배,"연세대 세브란스병원 소화기내과 정문재 교수와 내분비내과 이민영 교수, 의대 예방의학교실 장성인 교수, 연구지원부 유민희 연구원 연구팀은 신규 발생 당뇨병의 초기 중증도와 단기간의 치료 진행 양상이 췌장암...",2026-09-23 07:04,http://www.whosaeng.com/sub_read.html?uid=173947&section=sc4,http://www.whosaeng.com/sub_read.html?uid=173947&section=sc4
고려대학교,KOR,[책의 재발견] 이수봉 '시대정신의 배신'…좌우의 ‘사상 감옥’을 깨려...,"1982년 고려대 4·15 유인물 사건으로 1년간 복역한 뒤 인천지역 공장에서 용접공과 프레스공, 주물공으로 일했다. 병원노련과 현총련, 금속연맹을 거쳐 민주노총 정책연구원장을 지내며 30여 년을 노동운동 현장에서 보냈다....",2026-09-23 07:02,http://kor.theasian.asia/archives/416331,http://kor.theasian.asia/archives/416331
서울대학교,더벨,"[더벨][thebell interview] '연구에서 임상까지' 리가켐 옥찬영 ""ADC 개발...",서울대학교 의과대학에서 의학박사 학위를 받고 서울대학교병원 종양내과 진료교수로 근무했다. 이후 루닛에서 6년간 CMO로 AI 기반 병리 바이오마커 개발을 주도했고 제넨텍과 아스트라제네카 등 글로벌 제약사와 협력...,2026-09-23 07:02,https://www.thebell.co.kr/free/content/ArticleView.asp?key=202609171640222600101674,https://www.thebell.co.kr/free/content/ArticleView.asp?key=202609171640222600101674
연세대학교,BUSINESSPOST,[Who Is ?] 조원영 동덕여자대학교 법인 이사장,서울 경복고등학교와 연세대학교 경영학과를 졸업했다. 동덕여자대학교 교수로 들어와 기획실장과 부총장을 거쳐 1996년 총장에 올랐다. 2015년부터 동덕학원 이사장을 맡고 있다. 민주평통 자문위원과 한국대학총장협...,2026-09-23 07:02,https://www.businesspost.co.kr/BP?command=article_view&num=447624,https://www.businesspost.co.kr/BP?command=article_view&num=447624
연세대학교,BUSINESSPOST,[Who Is ?] 강청희 국민건강보험공단 이사장,"연세대학교 의과대학 흉부외과학교실 외래교수와 혜민병원 진료부장 겸 흉부외과 과장을 지냈다. 2004년 연세서울의원을 개원했다. 이후 서울 광진구의사회 보험이사와 총무이사, 서울특별시의사회...",2026-09-23 07:02,https://www.businesspost.co.kr/BP?command=article_view&num=447870,https://www.businesspost.co.kr/BP?command=article_view&num=447870
고려대학교,아이뉴스24,총장 없이 78년 마감...'檢 마지막 지휘봉' 잡은 이정현[여의뷰],"나주 영산포상고와 고려대 법학과를 졸업하고 제37회 사법시험에 합격했다. 사법연수원을 27기로 수료한 뒤 서울 북부지검에서 검사 생활을 시작했다. 이른바 공안통으로 광주지검 공안부장, 대구지검 공안부장 검사를...",2026-09-23 07:01,http://www.inews24.com/view/2008545,https://n.news.naver.com/mnews/article/031/0001060825?sid=102
서울대학교,톱스타뉴스,"임영웅 팬클럽 라온, 로뎀의집서 63번째 급식 봉사와 후원","라온은 그동안 쪽방촌과 용산 박스촌을 찾아 급식 봉사를 진행했고, 서울시 아동복지협회를 통해서도 지원 활동을 펼쳤다. 희망을파는사람들을 통해서는 어려운 청소년들의 자립을 돕는 후원금을 기부했고, 서울대학교어...",2026-09-23 07:00,https://www.topstarnews.net/news/articleView.html?idxno=16208048,https://www.topstarnews.net/news/articleView.html?idxno=16208048
고려대학교,ELECTIMES,"강병구 시험인증산업 발전포럼 총괄위원장 ""시험인증은 산업의 보조수단...",포럼의 초대 총괄위원장을 맡은 강병구 고려대학교 교수는 우리 산업의 새로운 성장동력을 견인하는... ▲시험인증 산업 발전포럼 초대 총괄위원장 ▲고려대학교 표준·지식학과 명예교수 ▲산업표준심의회 위원장 ▲2025...,2026-09-23 07:00,https://www.electimes.com/news/articleView.html?idxno=372657,https://www.electimes.com/news/articleView.html?idxno=372657
서울대학교,조선일보,"고가 항암치료, 보험 적용시 보장은 절반뿐… 나머지는 알아서?","현재 국내 투여 가능 병원은 이달 기준 국립암센터를 비롯해 ▲서울아산병원 ▲삼성서울병원 ▲서울대학교병원 ▲세브란스병원 ▲서울성모병원 등 17곳 안팎에 불과하다. 상급종합병원 관계자는 ""방사성리간드 치료의...",2026-09-23 06:40,https://it.chosun.com/news/articleView.html?idxno=2023092170695,https://it.chosun.com/news/articleView.html?idxno=2023092170695
고려대학교,CHRISTIANTODAY,"GBT성경번역선교회, 마동훈 이사장 취임… “목적·협력·도전으로 나아...","마동훈 신임 이사장 “사랑·협력·도전으로 사명 감당” 제5대 이사장으로 취임한 마동훈 신임 이사장은 고려대학교 미디어학부에서 38년간 재직한 후 명예교수로 추대됐으며, YTN 이사회 의장 등을 역임하고 2022년부터...",2026-09-23 06:40,https://www.christiantoday.co.kr/news/377549,https://www.christiantoday.co.kr/news/377549
서울대학교,LABORTODAY,"산업부, 유연안정성 논의 'AI와 기업의 미래 연구회' 출범","위원장은 안동현 서울대 교수(경제학)가 맡는다. 이준영 성균관대 교수(화학공학·고분자공학)가 인력재교육·양성분과장에, 이상희 한국공학대 교수(교양학)가 유연안정성분과장에 위촉됐다. 분과위원들은 경영학과...",2026-09-23 06:34,https://www.labortoday.co.kr/news/articleView.html?idxno=236935,https://www.labortoday.co.kr/news/articleView.html?idxno=236935
연세대학교,LABORTODAY,"[개정 노조법 집담회-공항·지하철·대학 청소노동자] ""'진짜 사장' 만날...","▲ 공공운수노조가 지난 5월 21일 오후 연세대 공학관 앞에서 '대학 청소·경비·시설·주차노동자 전국집중 결의대회'를 열었다. ""대화하라고 만든 법인데 선택지는 다시 파업뿐"" 사회: 원청교섭이...",2026-09-23 06:34,https://www.labortoday.co.kr/news/articleView.html?idxno=236922,https://www.labortoday.co.kr/news/articleView.html?idxno=236922
서울대학교,조선일보,"""오일만 팔아선 안돼""… 정유 4사, 가전·건설 손잡고 'AI 냉각 연합군'...","또 에쓰오일은 지난 6월 성균관대학교 슈퍼컴퓨팅센터, 액침냉각 장비 전문기업인... HD현대오일뱅크는 네이버클라우드에 액침냉각유 제품을 공급하고 서울대학교와 기술 실증에 나서는 등 기술 향상에 나서고 있다....",2026-09-23 06:30,https://it.chosun.com/news/articleView.html?idxno=2023092170693,https://it.chosun.com/news/articleView.html?idxno=2023092170693
고려대학교,EPJ,"발전공기업 통합, 전력시장 경쟁구조 재편 '촉각'",주성관 고려대 교수가 발전공기업 통합에 따른 전력시장 영향을 설명하고 있다. 통합 발전사 공급 비중 32.7%··· 시장지배력 관리 필요 주성관 고려대 교수는 국내 전력시장이 재생에너지 확대와 송전망 제약 심화로...,2026-09-23 06:24,http://www.epj.co.kr/news/articleView.html?idxno=39452,http://www.epj.co.kr/news/articleView.html?idxno=39452
고려대학교,DNEWS,“발전 5社 합치면 민간부문 투자 위축 우려”,"주성관 고려대 교수는 “발전 5사 없이도 필요한 물량을 확보할 수 있는지 평가하고, 입찰가격과 가용용량을 검증하는 장치가 필요하다”고 했다. 특히 민간 발전사의 투자 위축이 가장 우려되는 대목이다. 판매 부문을...",2026-09-23 06:22,https://www.dnews.co.kr/uhtml/view.jsp?idxno=202609221229151500137,https://www.dnews.co.kr/uhtml/view.jsp?idxno=202609221229151500137
서울대학교,HITNEWS,"한국 임상시험 건수 늘었는데, 순위는 4위→8위 하락, 왜?","이어 연세대학교병원, 연세대학교 세브란스병원, 삼성서울병원, 서울아산병원, 분당서울대학교병원, 서울성모병원 등이 뒤를 이음 빅5병원을 중심으로 임상시험이 진행되는 경향이 뚜렷했다. '빅5' 넘어 1·2차...",2026-09-23 06:12,https://www.hitnews.co.kr/news/articleView.html?idxno=79355,https://www.hitnews.co.kr/news/articleView.html?idxno=79355
연세대학교,HITNEWS,"한국 임상시험 건수 늘었는데, 순위는 4위→8위 하락, 왜?","대형 대학병원에 우수한 연구자들이 포진해 있어 항암제 임상시험이 활발하게 진행되고 있기 때문""라고... 서울대학교병원이 약 334건으로 가장 많았다. 이어 연세대학교병원, 연세대학교 세브란스병원, 삼성서울병원...",2026-09-23 06:12,https://www.hitnews.co.kr/news/articleView.html?idxno=79355,https://www.hitnews.co.kr/news/articleView.html?idxno=79355
연세대학교,NEWSTOMATO,(시론)한국군 파병 요청의 절박한 사정,"있는데 어디로, 어떤 전력을, 어떻게 안전하게 파병한단 말인가? 애초에 군사적 검토 자체가 불가능한 상황이다. 아무리 미국의 압력이 거세고 집요하다 한들, 아닌 것은 아닌 것이다. 김종대 연세대 통일연구원 객원교수",2026-09-23 06:02,http://www.newstomato.com/ReadNews.aspx?no=1314523&inflow=N,http://www.newstomato.com/ReadNews.aspx?no=1314523&inflow=N
고려대학교,아주경제,[박병환 칼럼]  통합 국책연구기관.. 역사 왜곡에 제대로 대응해야,심지어 재단은 모 미국 대학에 거액의 돈을 주고 상고사의 최대 쟁점 중 하나인 ‘한군현(漢郡縣)’에 관한... 필자 주요 이력 ▷고려대 법대 법학과 ▷영국 옥스퍼드대 외교관 연수과정 수료 ▷주우즈베키스탄 공사...,2026-09-23 06:02,https://www.ajunews.com/view/20260921223208412,https://www.ajunews.com/view/20260921223208412
연세대학교,메트로신문,[CEO와칭]현장 경영으로 사업 체질 바꾼 이우현…OCI 글로벌 확장 가속,"서강대학교 화학공학과를 졸업한 뒤 미국 펜실베이니아대학교 와튼스쿨에서 경영학석사(MBA) 과정을... 연세대학교와 KAIST 등 외부 교육기관과 연계해 재무와 전략, 마케팅 교육을 진행했으며 지금까지 수백명의...",2026-09-23 06:02,http://www.metroseoul.co.kr/article/20260922500496,http://www.metroseoul.co.kr/article/20260922500496
서울대학교,아주경제,"[성낙인의 헌법정치] 대법관 제청, 정치적 흥정의 대상이 아니다",이력 ▷파리2대학교 대학원 법학 박사 ▷한국공법학회 회장(2005~2007년) ▷한국법학교수회 회장(2009년 1월~2012년 12월) ▷국회 공직자윤리위원회 위원장(2010~2013년) ▷동아시아연구중심대학협의회 의장 ▷제26대 서울대 총장...,2026-09-23 06:02,https://www.ajunews.com/view/20260922090954050,https://www.ajunews.com/view/20260922090954050
서울대학교,DAILYPHARM,[특별기고] 가슴성형의 변화…큰 수술 문턱 낮춘 기술 발전,다시 한번 새로운 '나선형 발전'의 지점에 서 있다고 생각한다. 필자약력 -서울대학교 의과대학 졸업 -성형외과 전문의·의학박사 -전 대한성형외과학회 유방성형연구회 총무이사 -전 대한미용성형외과학회 학술위원,2026-09-23 06:02,https://www.dailypharm.com/user/news/342796?REFERER=NP,https://www.dailypharm.com/user/news/342796?REFERER=NP
연세대학교,조선비즈,서울 대학가 월세 62만원인데… 월 26만원 행복기숙사 늘린다,서울 대학가 원룸의 월세와 관리비가 한 달 평균 70만원을 넘었다. 정부는 대학생이 월 26만원가량에 거주할... 고준석 연세대 상남경영원 교수는 “정부가 민간 주택을 매입해 청년주택으로 공급하기보다 민간이...,2026-09-23 06:01,https://biz.chosun.com/real_estate/real_estate_general/2026/09/23/TIYMAIP5KBABDE7FQF6HFQXB3Q/?utm_source=naver&utm_medium=original&utm_campaign=biz,https://n.news.naver.com/mnews/article/366/0001194073?sid=101
고려대학교,서울경제,李“北 핵무기 축적 후 수출 나설 수도…그때가 정말 위험한 순간”,러시아·중국과 밀착하며 달라진 북한의 대외 위상을 고려할 때 실질적 핵무기·ICBM 억제를 위해 대북 제재... 이규정 고려대 평화와민주주의연구소 연구교수는 “결국 핵동결 이후 감축과 폐기로 이어지는 과정에서...,2026-09-23 06:01,https://www.sedaily.com/article/20093997?ref=naver,https://n.news.naver.com/mnews/article/011/0004664763?sid=100
고려대학교,경향신문,"[논설위원의 단도직입]“데이터센터 계획, 절반이 허수일 듯…AI용 전력...","고려대 전자공학과 재학 시절부터 30년 넘게 환경운동가로 살아왔다. 화력발전소, 핵발전소, 핵폐기장, 송전탑 문제로 싸우는 지역주민들과 연대운동을 펼쳤다. 국가에너지위원회 사용후핵연료 태스크포스(TF) 위원과...",2026-09-23 06:00,https://www.khan.co.kr/article/202609230600015,https://n.news.naver.com/mnews/article/032/0003472165?sid=110
연세대학교,파이낸셜포스트,"장영근 카카오페이손보 대표, 보험 진단으로 장기보험 '한 수 더'…흑자...",연세대 경영학과를 졸업하고 미국 매사추세츠공과대(MIT)에서 경영학 석사(MBA)를 취득했다. 이후 보스턴컨설팅그룹(BCG) 파트너와 글로벌 인슈어테크 기업 볼트테크 한국 대표를 거쳐 2023년 7월 카카오페이손보 대표로...,2026-09-23 06:00,https://www.financialpost.co.kr/news/articleView.html?idxno=277067,https://www.financialpost.co.kr/news/articleView.html?idxno=277067
연세대학교,머니투데이,"""한 번 해볼래요?""...교수가 '위안부 피해' 질문한 여학생에 막말 [뉴스...","기자들에게 ""하버드대학 총장도 (램지어 교수의 논문)을 학문적 자유라고 했다""며 항변했다. 램지어 교수는 '태평양 전쟁에서의 매춘 계약'이란 논문에서 위안부가 자발적 매춘부라 주장한 바 있다. 반면 연세대...",2026-09-23 06:00,https://www.mt.co.kr/society/2026/09/23/2026092214140749285,https://n.news.naver.com/mnews/article/008/0005417654?sid=102
연세대학교,이투데이,"16년 만에 다시 움직이는 회현역 엘리베이터…중구, ‘익숙한 불편’ 끝...",☞ 김길성 구청장은… △1966년 전북특별자치도 부안군 출생 △서울 중구 광희초‧동북중‧성동고 졸업 △연세대학교 행정대학원 행정학 석사 △국회의원 보좌관 △이명박 대통령실 행정관 △용인도시공사 사장...,2026-09-23 06:00,https://www.etoday.co.kr/news/view/2628605,https://www.etoday.co.kr/news/view/2628605
연세대학교,MONEWS,"""이상지질혈증 LDL-C 치료, '더 일찍, 더 오래'로 변화""","연세대학교 세브란스병원 김병극 교수(심장내과)는 제약바이오기자단 인터뷰에서 ""현재 이상지질혈증 치료에서 가장 중요한 목표는 환자 위험도에 맞는 LDL-콜레스테롤 목표를 가능한 조기에 달성해 장기간...",2026-09-23 05:58,https://www.monews.co.kr/news/articleView.html?idxno=414047,https://www.monews.co.kr/news/articleView.html?idxno=414047
고려대학교,조선일보,"사관학교 통폐합, 제3의 대안도 검토해야-워랩 넥서스 천종웅 대표","천종웅(千宗熊) 1970년생, 육군사관학교(49기), 고려대 경영학 석사, 영국 킹스칼리지 런던(King's College London) 전쟁학 석사, 광운대 공학박사/ 육군 보병 지휘관 참모, 육군사관학교 교수, 육군 중령 전역, 광운대·연성대...",2026-09-23 05:52,https://monthly.chosun.com/news/articleView.html?idxno=71501,https://monthly.chosun.com/news/articleView.html?idxno=71501
고려대학교,이데일리,"靑·대법원, 대법관 재제청 갈등 전면전…대법관 인선 장기교착 국면",김선택 고려대 법학전문대학원 교수는 “제청권은 본질적으로 인사 임명 절차의 일부이자 대통령의 임명권 안에 포섭되는 권한”이라며 “대통령이 특정 후보를 임명할 의사가 없는데 국회로 동의안을 보낼 수는 없다....,2026-09-23 05:37,https://www.edaily.co.kr/News/Read?newsId=01958166645583072&mediaCodeNo=257&utm_source=naver&utm_medium=referral&utm_campaign=news_syndication&utm_content=original_article,https://n.news.naver.com/mnews/article/018/0006374676?sid=102
고려대학교,SIDAE,[시대리포트]AI 3강 도약 관건은 생태계 활성화,"최병호 고려대 AI연구소 교수는 공공·보안 등 특수 목적 영역에 쓰일 수준의 소버린 AI 확보를 보완책으로... 이재성 중앙대학교 AI학과 교수는 ""AI 시장 자체를 활성화해야 한다""며 ""인프라 역시 산업 생태계가 커져야...",2026-09-23 05:30,https://www.sidae.com/article/2026092112313839306,https://n.news.naver.com/mnews/article/417/0001159082?sid=101
연세대학교,이데일리,“공급 확대만으론 부족…전월세 안정 위해 정책 전반 재검토해야”,박합수 건국대 부동산대학원 겸임교수는 22일 이데일리와의 통화에서 “(전월세 시장이 위축된) 가장 결정적... 고준석 연세대 상남경영원 주임교수는 “임대사업자 물건이 매매 거래가 되면 실거주로 바뀌지 않느냐”며...,2026-09-23 05:11,https://www.edaily.co.kr/News/Read?newsId=01761366645583072&mediaCodeNo=257&utm_source=naver&utm_medium=referral&utm_campaign=news_syndication&utm_content=original_article,https://n.news.naver.com/mnews/article/018/0006374667?sid=101
서울대학교,서울신문,"산은, 전북·경북·경남 ‘피지컬 AI 기업’ 지원",한국산업은행은 22일 서울 영등포구 본점에서 ‘피지컬 AI 지역 거점 발전 포럼’을 열고 이런 내용을... 지율비행 드론 등의 현장 적용 기술을 시연했다. 서울대 로보틱스 국가연구소의 박종우 교수가 ﻿강연을 맡았다.,2026-09-23 05:03,https://www.seoul.co.kr/news/peoples/2026/09/23/20260923023002?wlog_tag3=naver,https://n.news.naver.com/mnews/article/081/0003682927?sid=102
고려대학교,서울신문,“美가 표준 주도” “기업이 감당해야”… 이번엔 AI 책임론 충돌,이성엽 고려대 기술경영전문대학원 교수는 “미국의 빅테크들이 안전 기준을 높게 설정할 경우 국내 기업들은 그 기준을 맞추기 위해 개발이 더뎌지는 ‘사다리 걷어차기’ 효과가 발생할 수 있다”고 지적했다....,2026-09-23 05:02,https://www.seoul.co.kr/news/economy/industry/2026/09/23/20260923008001?wlog_tag3=naver,https://n.news.naver.com/mnews/article/081/0003682888?sid=101
서울대학교,중앙일보,졸업사진 딥페이크 어림없다…서울대 회심의 ‘AI 방패’,지난해 12월 서울대 총학생회와 업무협약(MOU)을 맺은 이들은 올해와 내년도 서울대 졸업앨범 사진에 딥페이크 선제 방지 기술을 적용한다. 18일 서울 강남구 역삼동의 사무실에서 만난 이 대표와 이 팀장은 “2026년도...,2026-09-23 05:01,https://www.joongang.co.kr/article/25464308,https://n.news.naver.com/mnews/article/025/0003553376?sid=102
고려대학교,서울신문,대검 차장에 ‘대북송금 수사 사과’ 이정현,이 신임 차장은 전남 나주에서 태어나 고려대를 졸업했다. 광주지검 부장검사였던 2018년 전두환 전 대통령을 5·18 민주화운동 관련 사자명예훼손 혐의로 불구속기소했다. 2020년 서울중앙지검 1차장으로 한동훈 당시...,2026-09-23 05:01,https://www.seoul.co.kr/news/society/law/2026/09/23/20260923006005?wlog_tag3=naver,https://n.news.naver.com/mnews/article/081/0003682884?sid=102
서울대학교,서울신문,[기고] M＆A 심사의 예측 가능성,"이유를 물으니 싱가폴도 규제가 깐깐하다고 하는데, 그래도 결정을 빨리 투명하게 해준다고 옮긴다던 말이 인상깊었던 기억이 난다. 많은 기업과 인재들을 우리는 여러모로 잃고 있다. 유병준 서울대 경영대학 교수",2026-09-23 05:01,https://www.seoul.co.kr/news/editOpinion/opinion/contribution/2026/09/23/20260923025001?wlog_tag3=naver,https://n.news.naver.com/mnews/article/081/0003682869?sid=110
연세대학교,중앙일보,시험도 면접도 ‘AI 커닝’…구글·앤트로픽마저 “채용 땐 사용금지”...,"익명을 요구한 한 대학 관계자는 “서울대·연세대 AI 부정행위가 터지면서 부랴부랴 대응책을 만들고 있지만, 지필고사 도입이나 전자기기 사용 금지 정도에 그치는 정도”라며 “AI를 완전히 막을 수 없어 학습과...",2026-09-23 05:00,https://www.joongang.co.kr/article/25464299,https://n.news.naver.com/mnews/article/025/0003553371?sid=102
연세대학교,뉴시스,"""취업 문턱 높은데 여긴 다르네""…글로벌 인기에 K-뷰티 채용시장 '훈풍...","에이피알은 채용 기간 연세대와 한양대, 고려대, 성균관대 등 서울 주요 7개 대학을 직접 방문하는 '캠퍼스 리크루팅'도 진행했다. 6월 발간한 지속가능경영보고서에서는 '글로벌 인재 확보'를 기업의 중대 이슈 중...",2026-09-23 05:00,https://www.newsis.com/view/NISX20260922_0003800872,https://n.news.naver.com/mnews/article/003/0014209383?sid=101
연세대학교,CBCI,"대기업 '1980년생 이하' 채용 기준 논란…고용부 ""연령 제한 법 위반""","이 기업은 인력 구조의 고령화와 적체를 방지한다는 취지로 경력사원 채용 시 연령 조건을 '1980년생 이하'로 설정하고, 근무지별로 서울대·연세대·고려대 등 11개 대학 졸업자만 선발하도록 내부 지침을 마련한 것으로...",2026-09-23 05:00,https://www.cbci.co.kr/news/articleView.html?idxno=608862,https://www.cbci.co.kr/news/articleView.html?idxno=608862
서울대학교,중앙일보,"“엄마, 저 바보 되어가요” 아이의 충격 고백…AI항복 막을 15분 [AI발 ...",지난 8일 서울대 관악캠퍼스 사범대학에서 만난 신종호 서울대 교육학과 교수는 이미 ‘균형이 무너진 상황’이라고 진단했다. 그는 “자신의 힘과 AI라는 도구 사이의 균형이 맞아야 인간 능력의 증강이 이뤄지는 것”...,2026-09-23 05:00,https://www.joongang.co.kr/article/25464303,https://n.news.naver.com/mnews/article/025/0003553374?sid=102
서울대학교,중앙일보,“AI에 인지항복 위기…한국판 AI 규제법 만들어야”,신종호 서울대 교육학과 교수는 “최근엔 인지 외주를 넘어서 ‘인지 항복’이라는 말까지 나온다. 인간... 한소원 서울대 심리학과 교수는 사회적 상호작용의 중요성을 강조했다. 그는 ‘젠지스테어’를 맞닥트린...,2026-09-23 05:00,https://www.joongang.co.kr/article/25464293,https://n.news.naver.com/mnews/article/025/0003553362?sid=102
서울대학교,중앙일보,“AI 위험성 연구? 돈 안 된다”…9.9조 AI 예산의 씁쓸한 민낯 [AI발 인...,"한소원 서울대 심리학과 교수는 “AI 산업 발전도 물론 중요하지만, 지금은 모든 정책이 그쪽에만 집중된 것으로 보인다. AI 사용으로 인한 학습 능력 퇴화, 관계 파탄 등에 대한 부작용이 분명하기 때문에, 정책에서라도...",2026-09-23 05:00,https://www.joongang.co.kr/article/25464305,https://n.news.naver.com/mnews/article/025/0003553373?sid=102
서울대학교,중앙일보,시험도 면접도 ‘AI 커닝’…구글·앤트로픽마저 “채용 땐 사용금지”...,"익명을 요구한 한 대학 관계자는 “서울대·연세대 AI 부정행위가 터지면서 부랴부랴 대응책을 만들고 있지만, 지필고사 도입이나 전자기기 사용 금지 정도에 그치는 정도”라며 “AI를 완전히 막을 수 없어 학습과...",2026-09-23 05:00,https://www.joongang.co.kr/article/25464299,https://n.news.naver.com/mnews/article/025/0003553371?sid=102
서울대학교,뉴스1,"[오늘의 주요일정] 제주(23일, 수)",11:30 '서울대 10개 만들기사업 미선정 관련' 공동입장문 발표(제주도청 기자실) 13:30 추석명절 사회복지시설 위문 방문(제주도내 일원) -고의숙 도교육감 09:50 추석맞이 사회복지시설 위문(제주보육원...,2026-09-23 05:00,https://www.news1.kr/local/jeju/6299559,https://n.news.naver.com/mnews/article/421/0009187642?sid=102
서울대학교,CBCI,"대기업 '1980년생 이하' 채용 기준 논란…고용부 ""연령 제한 법 위반""","이 기업은 인력 구조의 고령화와 적체를 방지한다는 취지로 경력사원 채용 시 연령 조건을 '1980년생 이하'로 설정하고, 근무지별로 서울대·연세대·고려대 등 11개 대학 졸업자만 선발하도록 내부 지침을 마련한 것으로...",2026-09-23 05:00,https://www.cbci.co.kr/news/articleView.html?idxno=608862,https://www.cbci.co.kr/news/articleView.html?idxno=608862
서울대학교,뉴시스,전월세 지옥인데 웬 매입?…전문가가 꼽은 부동산 정책의 '엇박자',"한문도 서울디지털대학교 부동산학과 초빙교수는 지난 21일 유튜브 채널 '경제 원탑'에 출연해 현재 전월세... 하면 서울대 간다'고 말하는 격""이라고 비판했다. 그러면서 ""과거 2022년에는 금리가 0.5%에서 3.5%로 단기간에...",2026-09-23 05:00,https://www.newsis.com/view/NISX20260922_0003800281,https://n.news.naver.com/mnews/article/003/0014209385?sid=101
고려대학교,CBCI,"대기업 '1980년생 이하' 채용 기준 논란…고용부 ""연령 제한 법 위반""","이 기업은 인력 구조의 고령화와 적체를 방지한다는 취지로 경력사원 채용 시 연령 조건을 '1980년생 이하'로 설정하고, 근무지별로 서울대·연세대·고려대 등 11개 대학 졸업자만 선발하도록 내부 지침을 마련한 것으로...",2026-09-23 05:00,https://www.cbci.co.kr/news/articleView.html?idxno=608862,https://www.cbci.co.kr/news/articleView.html?idxno=608862
고려대학교,뉴시스,"""취업 문턱 높은데 여긴 다르네""…글로벌 인기에 K-뷰티 채용시장 '훈풍...","에이피알은 채용 기간 연세대와 한양대, 고려대, 성균관대 등 서울 주요 7개 대학을 직접 방문하는 '캠퍼스 리크루팅'도 진행했다. 6월 발간한 지속가능경영보고서에서는 '글로벌 인재 확보'를 기업의 중대 이슈 중...",2026-09-23 05:00,https://www.newsis.com/view/NISX20260922_0003800872,https://n.news.naver.com/mnews/article/003/0014209383?sid=101
고려대학교,중앙일보,"[단독] 초유의 ‘재제청 요구 거부’ 입장문, 조희대가 직접 썼다",법조계에선 조 대법원장이 추천위 재구성을 고려하고 있다는 분석이 대다수였다. 지난 한 달 동안 조... (차진아 고려대 로스쿨 교수)는 입장이 갈린다. “헌재가 적극적으로 판단해야” 이 대통령이 헌법적 근거를 보완해...,2026-09-23 05:00,https://www.joongang.co.kr/article/25464301,https://n.news.naver.com/mnews/article/025/0003553367?sid=102
서울대학교,NEWSBRITE,"글로벌 정책·금융·산업 리더 한자리에... 두나무, UIS2026 29일 개최","이종섭 서울대 경영대 교수를 좌장으로 최원석 두나무 해외사업총괄, 엄태성 하나금융지주 상무 겸 하나은행 AI디지털혁신그룹장, 안인성 한화투자증권 부사장 겸 디지털혁신부문장, 황성원 삼성금융네트웍스CDPO가...",2026-09-23 04:58,http://www.newsbrite.net/news/articleView.html?idxno=200581,http://www.newsbrite.net/news/articleView.html?idxno=200581
고려대학교,동아일보,[알립니다]워코노미 시대: AI·안보·에너지가 만드는 새로운 질서,"이코노믹스 회장(미래학자), 양기욱 산업통상부 산업자원안보실장, 문정빈 고려대 교수, 김지현 SK AI위원회 부사장 ● 문의: 070-7703-9670, chairsforum@ichannela.com ● 홈페이지: www.ichannela.com/chairsforum.do",2026-09-23 04:36,https://www.donga.com/news/Economy/article/all/20260923/134723646/2,https://n.news.naver.com/mnews/article/020/0003750299?sid=101
고려대학교,동아일보,‘檢총장 대행’ 대검차장에 이정현,"전남 나주 출신인 이 고검장은 고려대 법학과를 졸업한 뒤 1998년 서울지검 북부지청 검사로 임관했다. 이후 대검 공공수사부장, 기획조정부장 등을 거쳤다. 이 고검장은 문재인 정부에서 검사장으로 승진했지만 윤석열...",2026-09-23 04:36,https://www.donga.com/news/Society/article/all/20260923/134723406/2,https://n.news.naver.com/mnews/article/020/0003750308?sid=102
서울대학교,동아일보,‘대법관 재제청 요구-거부’ 헌정사상 처음,22일 한인섭 서울대 법학전문대학원 명예교수의 저서 ‘가인 김병로’에 따르면 1958년 1월 대법원장과 대법관 등으로 꾸려진 법관회의는 김동현 전 대법관을 대법원장 후보로 제청했다. 하지만 당시 이승만 대통령은...,2026-09-23 04:35,https://www.donga.com/news/Society/article/all/20260923/134724042/2,https://n.news.naver.com/mnews/article/020/0003750291?sid=102
고려대학교,동아일보,"답하는 AI서 일하는 AI로… ‘개인비서’ 앱, 챗GPT 제쳐",최병호 고려대 휴먼인스파이어드 AI 연구원 연구교수는 “일상의 복잡한 일을 대신 해줄 ‘AI 비서’에 대한 잠재적인 수요가 기술 발전에 따라 본격적으로 드러나고 있다”며 “다만 AI 에이전트는 개인화된 정보를...,2026-09-23 04:35,https://www.donga.com/news/Economy/article/all/20260923/134724064/2,https://n.news.naver.com/mnews/article/020/0003750284?sid=101
고려대학교,동아일보,[부고]김정욱 별세 外,"씨 별세·권태석 씨 부인상·영진 호텔뉴브 대표(고려대 문과대 교우회장) 은정 은정유치원 원장 모친상·장재준 서울탁주제조협회 회장 장모상·고은미 시모상=22일 삼성서울병원, 발인 24일 오전 7시 02-3410-3151",2026-09-23 04:33,https://www.donga.com/news/People/article/all/20260923/134723491/2,https://n.news.naver.com/mnews/article/020/0003750237?sid=102
연세대학교,동아일보,"남성 전립선 고민, 농진청 공동 개발 ‘참당귀황기추출물’로 잡는다",연세대 세브란스병원 비뇨의학과 연구팀이 진행한 임상 데이터는 2025년 SCIE급 국제 표준 학술지인 ‘Investigative and Clinical Urology’에 게재되며 세계적인 공신력을 인정받았다. 연구진은 전립선 비대로 인한 배뇨 불편을...,2026-09-23 04:32,https://www.donga.com/news/Health/article/all/20260922/134713990/2,https://n.news.naver.com/mnews/article/020/0003750207?sid=103
고려대학교,동아일보,"암 진단-수술-관리 한곳에… 고려대 구로병원, ‘새암병원’ 짓는다",고려대 구로병원이 2029년 말 완공을 목표로 ‘새암병원’ 건립에 나선다. 단순히 암 진료 공간을 늘리는 데... 새암병원 건립은 고려대 구로병원이 2019년부터 추진해 온 ‘중증 환자 치료 중심 병원 구조 재편’의 2단계...,2026-09-23 04:32,https://www.donga.com/news/Health/article/all/20260922/134714429/2,https://n.news.naver.com/mnews/article/020/0003750208?sid=103
고려대학교,동아일보,"“암병원 경쟁력은 크기가 아닌, 한 환자를 위한 협진에 있다”",환자 한 명을 위해 여러 진료과가 얼마나 잘 협력하고 그 환자에게 가장 적절한 치료법을 찾아주느냐가 경쟁력이라고 생각한다.” 민병욱 고려대 구로병원장은 2029년 말 완공 예정인 새암병원의 차별점으로 ‘진료...,2026-09-23 04:32,https://www.donga.com/news/Health/article/all/20260922/134714424/2,https://n.news.naver.com/mnews/article/020/0003750209?sid=103
고려대학교,한국일보,"장관 없이 총장 대행에 '친여' 이정현 앉힌 李 대통령…""공소취소 메시...","전남 나주에서 태어나 고려대를 졸업한 이 고검장은 1998년 서울지검 북부지청 검사로 임관했다. 문재인 정부... 그의 그간 행보를 고려할 때 ""이재명 대통령 사건 공소취소를 위한 포석""이란 시각이 적지 않다. 이 고검장은...",2026-09-23 04:31,https://www.hankookilbo.com/news/article/A2026092215070003371?did=NA,https://n.news.naver.com/mnews/article/469/0000955649?sid=102
서울대학교,동아일보,"“편두통 있는 턱관절 환자, 초반엔 더 아파도 6개월 치료하면 호전”",서울대치과병원 구강내과 박지운·조정환 교수 연구팀은 2019년 9월부터 2023년 12월까지 병원을 찾은 턱관절 장애 환자의 진료 자료를 분석해 편두통 동반 여부에 따른 특징과 치료 경과를 비교했다. 턱관절 장애는...,2026-09-23 04:31,https://www.donga.com/news/Health/article/all/20260922/134714378/2,https://n.news.naver.com/mnews/article/020/0003750204?sid=103
서울대학교,NEWS2DAY,"[취준생을 위하여 (314)] 글로벌 화장품 ODM 1위 코스맥스, R&D·AI 혁신으...","코스맥스는 하버드대학교, 서울대학교, 포항공과대학교(POSTECH) 등 국내외 대학 및 연구기관과 공동연구를 진행하며 피부과학·바이오·마이크로바이옴 등 다양한 분야의 연구개발을 추진하고 있다. 글로벌 현지에서...",2026-09-23 04:04,https://www.news2day.co.kr/article/20260921500279,https://www.news2day.co.kr/article/20260921500279
고려대학교,한겨레,“위성정당은 세이렌의 유혹…새 통합정당으로 꼭 원내 복귀할 것”,"1983년 고려대 경영학과를 졸업한 뒤 서울상공회의소에 입사해 “기업 이익을 조직하고 대변하는 일”을 했다. 1987년 대한상의 노조 설립에 참여하며 노동운동에 눈을 떴고, 1996년 노동법 개악 저지 투쟁을 경험한 뒤에는...",2026-09-23 04:02,https://www.hani.co.kr/arti/politics/assembly/1279161.html,https://n.news.naver.com/mnews/article/028/0002824342?sid=100
고려대학교,더퍼스트미디어,"고려대 보건대학원, 의료·산업·정책 잇는 헬스케어퓨처포럼 5기 출범",고려대 보건대학원은 지난 15일 고려대의료원 청담 고영캠퍼스에서 '최고위과정 헬스케어퓨처포럼 제5기 입학식'을 개최했다고 23일 밝혔다. 입학식에는 안형진 고려대 보건대학원장과 김영훈·김철중 헬스케어퓨처포럼...,2026-09-23 01:46,http://www.thefirstmedia.net/news/articleView.html?idxno=209431,http://www.thefirstmedia.net/news/articleView.html?idxno=209431
고려대학교,더퍼스트미디어,"고려대 구로병원, 새암병원 기공식 첫삽…""2029년 말 완공 목표로 중증...","이날 행사에는 김재호 고려중앙학원 이사장, 김동원 고려대 총장, 윤을식 고려대 의무부총장 겸 의료원장, 편성범 의과대학장, 한승범 안암병원장, 민병욱 구로병원장, 서동훈 안산병원장과 전임 의무부총장 및...",2026-09-23 01:46,http://www.thefirstmedia.net/news/articleView.html?idxno=209435,http://www.thefirstmedia.net/news/articleView.html?idxno=209435
고려대학교,더퍼스트미디어,"고려대의료원, 존스홉킨스·텍사스 메디컬 센터와 바이오·의료기술 협...",고려대의료원은 한국특허전략개발원 IP-TLO 얼라이언스의 글로벌 마케팅 분과장과 한국보건산업진흥원 H+TLO 네트워크 주도기관으로서 국내 대학·병원·연구기관 간 기술사업화 협력을 추진하고 있다. 앞으로 해외...,2026-09-23 01:46,http://www.thefirstmedia.net/news/articleView.html?idxno=209427,http://www.thefirstmedia.net/news/articleView.html?idxno=209427
고려대학교,더퍼스트미디어,"고려대 안암병원 윤승주 교수, 캄보디아 왕립 모니사라폰 훈장 수훈",▲고려대 안암병원 윤승주 교수 고려대학교 안암병원 마취통증의학과 윤승주 교수가 캄보디아 보건의료 발전에 기여한 공로로 캄보디아 왕립 모니사라폰 훈장(Royal Order of Monisaraphon)을 받았다. 고려대 안암병원은...,2026-09-23 01:46,http://www.thefirstmedia.net/news/articleView.html?idxno=209428,http://www.thefirstmedia.net/news/articleView.html?idxno=209428
고려대학교,조선일보,조희대 “재제청 없다” 배수진... 靑요구 수용땐 ‘꼭두각시’ 우려,이와 관련해 차진아 고려대 교수는 “사법부 수장에 대한 존중과 제청권의 취지를 고려하면 대통령이 특별한 결격 사유가 없는 후보자를 거부할 때는 국민을 설득할 만한 합당한 이유를 제시해야 한다”고 말했다. 조...,2026-09-23 00:56,https://www.chosun.com/national/court_law/2026/09/23/76WDN46WURCSLAFJAJFUM6NOSY/?utm_source=naver&utm_medium=referral&utm_campaign=naver-news,https://n.news.naver.com/mnews/article/023/0004000031?sid=102
고려대학교,조선일보,‘대북송금 수사’ 사과했던 이정현… 李 공소취소 위한 포석인가,"이 신임 대검 차장은 전남광주 나주 출신으로, 영산포상고와 고려대 법대를 졸업했다. 문재인 정부 시절인 2020년 서울중앙지검 1차장으로 있으면서 한동훈(현 무소속 의원) 당시 검사장이 연루된 ‘채널A 사건’ 수사를...",2026-09-23 00:54,https://www.chosun.com/national/court_law/2026/09/23/KWZJZDFXVJGCXKC72JFGOLPZOI/?utm_source=naver&utm_medium=referral&utm_campaign=naver-news,https://n.news.naver.com/mnews/article/023/0004000028?sid=102
고려대학교,조선일보,"중국 vs 필리핀 ‘남중국해 갈등’, 휴양 도시 세부로 번졌다",이신화 고려대 정치외교학과 교수는 “아무것도 하지 않는 것보다는 중국이 ‘대만과 필리핀이 협력하고 있다’고 의식하도록 만드는 것이 필리핀에 반드시 나쁜 것은 아니다”라며 “중국으로서도 이를 의식해 행동...,2026-09-23 00:46,https://www.chosun.com/international/asia/2026/09/23/M5IP4NKL6NGCPK7NKCZNNVE6MY/?utm_source=naver&utm_medium=referral&utm_campaign=naver-news,https://n.news.naver.com/mnews/article/023/0004000011?sid=104
서울대학교,조선일보,[단독] 90년대 한국인 가정의 이민史… 떠돌면서도 ‘배움’ 놓지 않아,위해 서울·시드니·캘리포니아로 이주하는 이야기”라고 소개했다. 1992~2007년 고씨 가족(부모 존과 헬렌... 이민진은 장경섭 서울대 사회학과 석좌교수의 ‘압축적 근대성(compressed modernity)’ 개념을 소설 5부의 문을...,2026-09-23 00:42,https://www.chosun.com/culture-life/culture_general/2026/09/23/K5F2H7ECVRCAXME3URLQP7DDFQ/?utm_source=naver&utm_medium=referral&utm_campaign=naver-news,https://n.news.naver.com/mnews/article/023/0003999988?sid=103
서울대학교,매일신문,"李는 '임명권 절제', 曺는 '정파성 경계'…68년 전 '제청충돌'의 교훈 [...","그러나 김명수 대법원장은 권영준 서울대 교수와 서경환 서울고법 부장판사를 제청했고 이후 임명 절차가 진행됐다. 당시에도 대통령의 실제 임명 거부까지 현실화하지는 않았다. ◆과거엔 '갈등' 수준, 이번엔 아예...",2026-09-23 00:35,https://www.imaeil.com/page/view/2026092223085808499,https://n.news.naver.com/mnews/article/088/0001030169?sid=102
서울대학교,조선일보,“韓·佛 손잡으면 양자컴퓨터 세계 선두 노릴 수 있어”,"콴델라는 지난해 서울시와 5700만달러(약 800억원) 규모 투자 협약을 맺었고, 지난 4월에는 KAIST·한국표준과학연구원(KRISS), 서울대 반도체공동연구소와도 잇따라 협약을 맺었다. 한국의 반도체 인프라를 활용해 광자...",2026-09-23 00:33,https://www.chosun.com/economy/science/2026/09/23/NOMNSOVAK5HOREKY2DAXR3GLUA/?utm_source=naver&utm_medium=referral&utm_campaign=naver-news,https://n.news.naver.com/mnews/article/023/0003999960?sid=105
서울대학교,강원일보,건보공단 건강보험연구원장에 김지영 산업보건협회 강원센터 관리의사,"김지영 신임 원장은 예방의학과 전문의로 서울대 보건학 석사와 의학 박사 학위를 취득했으며, 한국보건의료연구원 연구위원, 국민건강보험공단 건강지원센터장과 의료비용분석부장 등 주요 보직을 역임했다. 김지영...",2026-09-23 00:32,https://www.kwnews.co.kr/article/20260922500424,https://n.news.naver.com/mnews/article/087/0001220204?sid=102
연세대학교,동아일보,고금리 한파에… 이자도 못갚는 한계기업 역대최대,"김정식 연세대 경제학부 명예교수는 “금리가 높아지면 기업의 이자 부담이 늘어나면서 재무 위험이 발생할 가능성이 커지고, 투자도 위축되며 경기 침체로 이어질 수도 있다”고 말했다. ● 한은의...",2026-09-23 00:32,https://www.donga.com/news/Economy/article/all/20260922/134722269/2,https://n.news.naver.com/mnews/article/020/0003750199?sid=101
고려대학교,중앙일보,[중앙시평] 법치는 어떻게 지켜지는가,"사법을 손보는 권력은 개혁을 말하지만 그 대가는 정권이 아니라 국가가 치른다. 그 비용은 아주 오래, 천천히 돌아온다. 이재승 고려대학교 국제학부 교수·일민국제관계연구원장",2026-09-23 00:20,https://www.joongang.co.kr/article/25464268,https://n.news.naver.com/mnews/article/025/0003553344?sid=110
서울대학교,중앙일보,[조민근의 경제를 묻다] “고금리의 귀환…재정투자도 선택과 집중을”,자본시장 전문가 안동현 서울대 교수 요즘 금융시장의 화두는 ‘고금리의 귀환’이다. 주요국의 재정... 금융·자본시장 분야의 대표적 전문가인 안동현(62) 서울대 경제학부 교수에게 물었다. 그는 세계 금융시장에...,2026-09-23 00:14,https://www.joongang.co.kr/article/25464261,https://n.news.naver.com/mnews/article/025/0003553337?sid=110
고려대학교,중앙일보,[조민근의 경제를 묻다] “고금리의 귀환…재정투자도 선택과 집중을”,A : “잠재성장률이 갈수록 떨어지고 있다는 걸 고려하면 방향성은 맞다. 국가가 전략산업 투자를 주도하는... 있다.” ◆안동현=고려대 경영학과를 졸업하고 미국 뉴욕대에서 경제학 박사학위를 받았다. 2003년부터 서울대...,2026-09-23 00:14,https://www.joongang.co.kr/article/25464261,https://n.news.naver.com/mnews/article/025/0003553337?sid=110
연세대학교,중앙일보,[정과리의 AI와 함께하는 인문여행] AI의 등장은 문과에 재앙이 아니라...,"(『대학(大學)』), 문과 학문은 개별적 지식이 아니라, 종합적 지식임을 알 수가 있다. 즉 문과 학문은 여러... ‘별 헤는 밤’)이니, ‘문송’이 아니라 ‘문랑(文郎)’의 시대가 올지니라. 정과리 문학평론가·연세대 명예교수",2026-09-23 00:12,https://www.joongang.co.kr/article/25464259,https://n.news.naver.com/mnews/article/025/0003553336?sid=110
서울대학교,강원도민일보,김지영 산업보건협 강원 관리의사 건보공단 건강보험연구원장 임명,"그 동안 서울대 보건학 석사와 의학박사 학위를 취득하고 20년간 예방의학과 전문의로 활동하며 보건·의료 분야에서 폭넓은 연구와 실무 경험을 쌓았다. 공단 대전세종충청 건강지원센터장, 급여전략실...",2026-09-23 00:09,https://www.kado.net/news/articleView.html?idxno=2074616,https://n.news.naver.com/mnews/article/654/0000202241?sid=102
연세대학교,강원도민일보,국민건강보험공단 업무협약,국민건강보험공단(이사장 강청희)과 연세대 원주의과대학(학장 김장영)은 22일 원주 소재 공단 본부에서 공동연구 체계를 구축하기 위한 업무협약을 체결했다.,2026-09-23 00:09,https://www.kado.net/news/articleView.html?idxno=2074619,https://n.news.naver.com/mnews/article/654/0000202244?sid=102
연세대학교,강원도민일보,추석 연휴 강원권역 응급의료기관 25곳 정상 운영,"국군춘천병원, 인성병원, 강원대병원, 한림대춘천성심병원, 성지병원, 연세대원주세브란스기독병원, 원주의료원, 강릉아산병원, 강릉의료원, 근로복지공단동해병원, 동해동인병원, 근로복지공단태백병원, 온재병원...",2026-09-23 00:08,https://www.kado.net/news/articleView.html?idxno=2074602,https://n.news.naver.com/mnews/article/654/0000202227?sid=102
연세대학교,강원일보,원주시·대학 지역 발전에 맞손,"하연섭 연세대 미래캠퍼스 부총장, 김응권 한라대 총장, 권민수 한국폴리텍대학 원주캠퍼스 학장 등이 참석한 가운데 열렸다. 지난 4월 ‘시 대학 협력 및 지원에 관한 조례’가 제정된 뒤 처음으로 열린 이날 회의에서...",2026-09-23 00:07,https://www.kwnews.co.kr/article/20260922500885,https://n.news.naver.com/mnews/article/087/0001220165?sid=102
고려대학교,국민일보,[이도경의 에듀 서치] 입시 개혁한다면 ‘수만휘’ 정도 아는 교육 장관...,"수시 접수 시스템 먹통 사태 후폭풍 마감 연장 때 대학 17곳 경쟁률 공개 누군가는 ‘오픈북’ 시험을 치른... 종로학원에 따르면 서울대, 고려대, 연세대의 경우 마지막으로 경쟁률이 공개되고 원서접수가 끝난 3시간...",2026-09-23 00:07,https://www.kmib.co.kr/article/view.asp?arcid=9000016694&cp=nv,https://n.news.naver.com/mnews/article/005/0001874632?sid=102
연세대학교,국민일보,[이도경의 에듀 서치] 입시 개혁한다면 ‘수만휘’ 정도 아는 교육 장관...,"수시 접수 시스템 먹통 사태 후폭풍 마감 연장 때 대학 17곳 경쟁률 공개 누군가는 ‘오픈북’ 시험을 치른... 종로학원에 따르면 서울대, 고려대, 연세대의 경우 마지막으로 경쟁률이 공개되고 원서접수가 끝난 3시간...",2026-09-23 00:07,https://www.kmib.co.kr/article/view.asp?arcid=9000016694&cp=nv,https://n.news.naver.com/mnews/article/005/0001874632?sid=102
서울대학교,국민일보,[이도경의 에듀 서치] 입시 개혁한다면 ‘수만휘’ 정도 아는 교육 장관...,"종로학원에 따르면 서울대, 고려대, 연세대의 경우 마지막으로 경쟁률이 공개되고 원서접수가 끝난 3시간 동안에 접수된 원서가 전체 원서의 무려 30.7%에 달했습니다. 10명 중 3명이 막판에 넣은 것이죠. 지난해는 27.6...",2026-09-23 00:07,https://www.kmib.co.kr/article/view.asp?arcid=9000016694&cp=nv,https://n.news.naver.com/mnews/article/005/0001874632?sid=102
연세대학교,중앙일보,『나는 죽을 때까지 재미있게…』 이근후 이화여대 명예교수 별세,"청소년·부모·노년을 위한 상담 및 교육에 여생을 바쳤다. 유족은 아내 이 교수와 자녀 명현·장욱·영주·은채씨 등이다. 빈소는 연세대 신촌장례식장 특1호실, 발인은 24일 오전 6시, 장지는 서울시립승화원. 02-2227-7500.",2026-09-23 00:01,https://www.joongang.co.kr/article/25464219,https://n.news.naver.com/mnews/article/025/0003553293?sid=103
연세대학교,바이오타임즈,"한미약품, 아모잘탄 성분 조합 임상근거 공개…로사르탄군 신규 통풍 위...","이번 연구 책임자인 연세대학교 용인세브란스병원 심장내과 배성아 교수는 ""최근 현대인의 식생활 변화 등으로 요산 관리의 중요성이 더욱 커지고 있다""며 ""고혈압 환자에서 고요산혈증이 동반될 수 있는 만큼...",2026-09-23 00:00,https://www.biotimes.co.kr/news/articleView.html?idxno=34700,https://www.biotimes.co.kr/news/articleView.html?idxno=34700
연세대학교,WOLYO,"거래 줄어도 투자는 계속...빗썸, '거래소 2위' 넘어 플랫폼 체질 바꾼다","빗썸은 이달 연세대학교 축제에 참여한 데 이어 21~22일 경희대·서울시립대·한국외대 3개 대학 연합 축제 'TROIKA'에도 참여하는 등 대학생과의 오프라인 접점을 확대하고 있다. 28~30일 경희대 국제캠퍼스, 29일부터 다음...",2026-09-23 00:00,https://www.wolyo.co.kr/news/articleView.html?idxno=318164,https://www.wolyo.co.kr/news/articleView.html?idxno=318164
서울대학교,CBCI,"[서학!스타] 아이온큐, 한국 SDT에 '슈퍼리온 256' 공급…구미에 양자 제...",서울대학교와 성균관대학교 등 국내 주요 대학과도 협력 관계를 구축하며 한국 양자컴퓨팅 생태계에서 접점을 넓혀 왔다. 특히 이번 SDT와의 협력이 기존 연구·소프트웨어 중심의 협력에서 하드웨어 제조와 조립...,2026-09-23 00:00,https://www.cbci.co.kr/news/articleView.html?idxno=609196,https://www.cbci.co.kr/news/articleView.html?idxno=609196
서울대학교,NEWSCLAIM,"[LG 인사 전망]① 류재철은 로봇 직속, 김동춘은 첨단소재 겸임… 바뀐...",은석현 사장은 1967년생으로 서울 상문고와 서울대 기계공학과를 졸업하고 같은 대학원에서 석사를 받았다. 2018년 LG전자에 합류한 뒤에는 줄곧 전장을 맡았다. VS영업전략담당으로 시작해 영업그룹장과 한국사업담당...,2026-09-23 00:00,https://www.newsclaim.co.kr/news/articleView.html?idxno=3076334,https://www.newsclaim.co.kr/news/articleView.html?idxno=3076334
서울대학교,CNB뉴스,"경기 광주시-서울대, 태화산 학술림 '시민 산림복지 거점' 밑그림","경기 광주시가 서울대학교와 손잡고 태화산 학술림의 우수한 생태 자원을 시민 산림복지와 탄소중립, 환경교육에 활용하는 방안을 구체화한다. 경기 광주시는 지난 21일 도척면 상림리 서울대 태화산 학술림에서 박관열...",2026-09-22 23:54,https://www.cnbnews.com/news/articleView.html?idxno=1017003,https://www.cnbnews.com/news/articleView.html?idxno=1017003
연세대학교,더팩트,"[아시안게임] 3x3 남자 농구, 태국·일본 잡고 D조 선두","태국전에서는 김승우(연세대)가 8점, 이주영(연세대)이 6점을 올리며 승리를 이끌었다. 일본전에서는 이주영이 9점을 넣었고 김승우가 6점을 보탰다. 한국은 오는 23일 오후 8시10분 싱가포르와 조별리그 최종...",2026-09-22 23:36,https://news.tf.co.kr/read/sports/2369183.htm,https://n.news.naver.com/mnews/article/629/0000536405?sid=104
연세대학교,매일일보,"정연화 성남시의회 부의장, 수소교통 전환 토론회","토론회는 문일 연세대학교 교수가 좌장을 맡고 김상원 카이스트 경영공학부 교수가 발제했다. 이임철 SK E&S 부사장, 이용주 아주대학교 연구교수, 박상욱 제로쿨투어 대표가 토론자로 참여했다. 김상원 교수는 수소연료의...",2026-09-22 23:28,https://www.m-i.kr/news/articleView.html?idxno=1417630,https://www.m-i.kr/news/articleView.html?idxno=1417630
서울대학교,GNMAEIL,"""'서울대 10개 만들기' 전면 재검토해야""",정부의 '서울대 10개 만들기' 정책에 대해 일부 대학을 선별·집중 지원하는 방식을 중단하고 전면 재검토할 것을 촉구했다. / 경상국립대 교수회·총동문회 경상국립대 교수회와 총동문회가 정부의 '서울대 10개 만들기...,2026-09-22 23:00,http://www.gnmaeil.com/news/articleView.html?idxno=595345,http://www.gnmaeil.com/news/articleView.html?idxno=595345
연세대학교,뉴시스,"3대3 남자 농구, 태국 이어 개최국 일본 꺾고 2연승 질주[나고야AG]","배 감독은 구민교(성균관대), 김승우, 이주영(이상 연세대), 이동근(고려대) 등 대학생 선수들로 이번 대회에 참가했다. 이날 태국전에선 김승우가 8점, 일본전에선 이주영이 9점을 터뜨리면서 승리를 선사했다....",2026-09-22 23:00,https://www.newsis.com/view/NISX20260922_0003801068,https://n.news.naver.com/mnews/article/003/0014209273?sid=104
고려대학교,뉴시스,"3대3 남자 농구, 태국 이어 개최국 일본 꺾고 2연승 질주[나고야AG]","배 감독은 구민교(성균관대), 김승우, 이주영(이상 연세대), 이동근(고려대) 등 대학생 선수들로 이번 대회에 참가했다. 이날 태국전에선 김승우가 8점, 일본전에선 이주영이 9점을 터뜨리면서 승리를 선사했다....",2026-09-22 23:00,https://www.newsis.com/view/NISX20260922_0003801068,https://n.news.naver.com/mnews/article/003/0014209273?sid=104
서울대학교,KPINEWS,[양산시 소식] 전통시장 장보기 행사-양산상의 CEO 조찬세미나,"양산상의, 서울대 김영민 교수 초청 CEO 조찬세미나 ▲ 22일 양산상의에서 CEO 조찬세미나가 열리고 있는 모습. [양산상공회의소 제공] 양산상공회의소(회장 박창현)는 22일 서울대학교 정치외교학부 김영민 교수를 초청...",2026-09-22 22:49,https://www.kpinews.kr/newsView/1065619840568876,https://www.kpinews.kr/newsView/1065619840568876
서울대학교,메디컬월드뉴스,"길리어드 코리아, 창립 15주년 맞아 ‘다음 15년’ 비전 공개","‘Beyond Medicine: 함께 만들어온 변화, 함께 만들어갈 미래’를 주제로 진행된 패널토론에는 반준우 서울아산병원 임상시험센터 소장, 이경훈 서울대학교병원 혈액종양내과 교수, 김승환 신나는센터 상임이사, 최재연...",2026-09-22 22:40,https://medicalworldnews.co.kr/news/view.php?idx=1510977403,https://medicalworldnews.co.kr/news/view.php?idx=1510977403
서울대학교,TTLNEWS,서울대 행복연구소 홍경화 박사가 말하는 '적당히 착한 사람들의 고통',"서울대 행복연구소 홍경화 박사는 지난 19일 열린 출간 기념 북토크에서 저서 『적당히 착한 사람들의 고통』을 소개하며, 우리가 흔히 '착하다'고 표현하는 행동 이면에 자리한 심리와 문화적 배경을 설명했다. 홍경화...",2026-09-22 22:36,http://www.ttlnews.com/news/articleView.html?idxno=3146501,http://www.ttlnews.com/news/articleView.html?idxno=3146501
연세대학교,문화일보,[이슈]반바지 입어 죄송합니다?…자필 반성문 쓴 연세대 치대생,"연세대 치과대학 학생들이 반바지를 입는 등 교내 복장 규정을 지키지 않았다는 이유로 손글씨 반성문을 작성하고, 해당 반성문이 강의실에 공개 게시된 사실이 알려져 논란이 일고 있다. 22일 연합뉴스에 따르면 지난달...",2026-09-22 22:24,https://www.munhwa.com/article/11619036?ref=naver,https://n.news.naver.com/mnews/article/021/0002820763?sid=102
서울대학교,KBS,경상국립대 교수회·동문회 ‘서울대 10개’ 재검토 촉구,"경상국립대 교수회와 총동문회가 성명을 내고 '서울대 10개 만들기' 정책 중단과 전면 재검토를 요구했습니다. 이들은 지역 경쟁력을 높이려는 정책이 거점 국립대 사이 서열화를 유도하고 있다며, 경쟁이 아닌 지속적이고...",2026-09-22 22:15,https://news.kbs.co.kr/news/pc/view/view.do?ncd=8669902&ref=A,https://n.news.naver.com/mnews/article/056/0012262080?sid=102
연세대학교,KOREAHEALTHLOG,"당뇨병 초기 중증도와 단기 진행 양상, '췌장암' 발생과 연관","이와 관련, 연세대 세브란스병원 소화기내과 정문재 교수와 내분비내과 이민영 교수, 의대 예방의학교실... 연세대 세브란스병원 소화기내과 정문재 교수는 ""이번 연구를 통해 신규 발생 당뇨병 초기 중증도와 단기간...",2026-09-22 22:10,https://www.koreahealthlog.com/news/articleView.html?idxno=59141,https://www.koreahealthlog.com/news/articleView.html?idxno=59141
연세대학교,주간조선,연세대 치대서 반바지 입었다가 '자필 반성문'…강의실서 공개까지,연세대학교 치과대학에서 복장 규정을 어긴 학생들에게 자필 반성문을 작성하게 한 뒤 이를 강의실에 게시한 사실이 알려지면서 논란이 일고 있다. 21일 연세대 학보사 연세춘추 등에 따르면 최근 연세대 치대 학생 3명이...,2026-09-22 22:05,http://weekly.chosun.com/news/articleView.html?idxno=55540,https://n.news.naver.com/mnews/article/053/0000061704?sid=102
서울대학교,코메디닷컴,“술 한 방울 안 마시는데 ‘지방간’?”…뱃살 늘고 ‘이 음료’ 즐긴...,"서울대학교병원 자료에 따르면 정상적인 간은 지방이 차지하는 비율이 5% 이내지만, 이보다 많은 지방이 축적되면 지방간으로 본다. 지방간은 과도한 음주 때문에 생기는 알코올성 지방간뿐 아니라 비만·당뇨병·고혈압...",2026-09-22 22:04,https://kormedi.com/?p=2870755,https://n.news.naver.com/mnews/article/296/0000105182?sid=103
연세대학교,NEWSJEJU,"제주대 박웅 교수, 10월 2일 아라뮤즈홀서 독창회",서울예술고등학교와 연세대학교 성악과를 졸업한 뒤 오스트리아 잘츠부르크 모차르테움 국립음악대학교... 현재 제주대 예술디자인대학 음악학부에서 후학을 양성하며 교육과 연주 활동을 병행하고 있다. 이번...,2026-09-22 21:56,https://www.newsjeju.net/news/articleView.html?idxno=426251,https://www.newsjeju.net/news/articleView.html?idxno=426251
연세대학교,아주경제,"[아이치·나고야 AG] 男 3X3 농구, 쾌조의 2연승…'홈팀' 일본 격파","특히 이주영·김승우(이상 연세대), 이동근(고려대), 구민교(성균관대)는 올해 4월 열린 국제농구연맹(FIBA) 3X3 아시아컵에서 준우승을 합작한 바 있어 기대를 모은다. 한편 대표팀은 오는 23일 싱가포르와 조별리그...",2026-09-22 21:56,https://www.ajunews.com/view/20260922214508498,https://www.ajunews.com/view/20260922214508498
고려대학교,아주경제,"[아이치·나고야 AG] 男 3X3 농구, 쾌조의 2연승…'홈팀' 일본 격파","특히 이주영·김승우(이상 연세대), 이동근(고려대), 구민교(성균관대)는 올해 4월 열린 국제농구연맹(FIBA) 3X3 아시아컵에서 준우승을 합작한 바 있어 기대를 모은다. 한편 대표팀은 오는 23일 싱가포르와 조별리그...",2026-09-22 21:56,https://www.ajunews.com/view/20260922214508498,https://www.ajunews.com/view/20260922214508498
서울대학교,DGMBC,"추경호 ""'TK 패싱' 엄연한 현실""···대책은?","메가 프로젝트에서 대구가 배제되고, '서울대 10개 만들기' 사업에서 경북대가 빠진 점 등을 대표 사례로 꼽았습니다. ◀추경호 대구시장▶ ""우선 지역 패싱 문제는 저는 엄연한 정치 현실이라고 생각합니다....",2026-09-22 21:55,https://dgmbc.com/NewsArticle/863730,https://n.news.naver.com/mnews/article/657/0000055600?sid=102
서울대학교,JTV,"전북대 총동창회, '서울대 10개' 후속 선정 촉구",전북대학교총동창회가 정부에 '서울대 10개 만들기' 미선정 대학의 후속 선정 일정과 지원 방안을 조속히 공개하라고 촉구했습니다. 총동창회는 전북대의 이의제기에 대한 검토 결과를 비롯해 평가 기준과 절차도...,2026-09-22 21:52,https://jtv.co.kr/news/article.php?id=71276,https://jtv.co.kr/news/article.php?id=71276
서울대학교,세계일보,건강보험연구원장에 김지영,"22일 건보공단에 따르면 김 신임 원장은 예방의학과 전문의로, 서울대에서 보건학 석사와 의학 박사학위를 받고 20여년간 보건·의료 분야에서 연구·실무 경험을 쌓아왔다. 한국보건의료연구원 연구위원...",2026-09-22 21:52,https://www.segye.com/newsView/20260922516299?OutUrl=naver,https://n.news.naver.com/mnews/article/022/0004161196?sid=102
고려대학교,영남일보,[주목! 이기업] 눈 한번 깜빡에 몸·마음까지…산업안전 ‘미래’ 만든...,"VR과 PC환경을 모두 지원하며, 고려대 구로병원에서 교육 프로그램으로 활용되고 있다. 현재 회사의 매출을 뒷받침하는 주력 제품으로 꼽힌다. 구미정신건강복지센터와 협업으로 탄생한 비대면 상담예약 프로그램...",2026-09-22 21:40,https://www.yeongnam.com/web/view.php?key=20260922029379678,https://www.yeongnam.com/web/view.php?key=20260922029379678
연세대학교,연합뉴스,"[아시안게임] 남자 3대3 농구, 상쾌한 출발…한일전 등 조별리그 2연승","올해 4월 국제농구연맹(FIBA) 3대3 아시아컵에서 준우승을 합작한 이주영, 김승우(이상 연세대), 이동근(고려대), 구민교(성균관대)가 그대로 호흡을 맞추는 남자부에서 특히 가능성이 높게 점쳐진다. 이들은...",2026-09-22 21:38,https://www.yna.co.kr/view/AKR20260922195100007?input=1195m,https://n.news.naver.com/mnews/article/001/0016331118?sid=104
고려대학교,연합뉴스,"[아시안게임] 남자 3대3 농구, 상쾌한 출발…한일전 등 조별리그 2연승","올해 4월 국제농구연맹(FIBA) 3대3 아시아컵에서 준우승을 합작한 이주영, 김승우(이상 연세대), 이동근(고려대), 구민교(성균관대)가 그대로 호흡을 맞추는 남자부에서 특히 가능성이 높게 점쳐진다. 이들은...",2026-09-22 21:38,https://www.yna.co.kr/view/AKR20260922195100007?input=1195m,https://n.news.naver.com/mnews/article/001/0016331118?sid=104
서울대학교,영남일보,"[박진관의 파워 서울TK] 집 팔고 세계여행 떠난 약사, 비트코인 전문가...","화원여고를 나와 서울대 식품영양학과와 이화여대 약학과를 졸업한 그는 병원 약사로 일하다 2021년 비트코인을 알게 되면서부터 삶의 진로를 바꿨다. 비좁은 약국을 나와 집을 팔고 2년간 세계여행을 떠났고, 공부한 것을...",2026-09-22 21:36,https://www.yeongnam.com/web/view.php?key=20260922029400159,https://www.yeongnam.com/web/view.php?key=20260922029400159
연세대학교,점프볼,"[2026 AG] ‘연전 연승’ 이주영·김승우 날았다, 3x3 男대표팀, 金 향한...","이동근, 이주영, 김승우, 구민교 등 대학 최고의 선수들로 구성된 대표팀은 태국을 상대로 첫 경기를... 첫 경기를 맞이한 대표팀은 연세대 듀오 이주영과 김승우가 동반 활약하며 승리를 거뒀다. 이주영(6점 2점슛 2개)...",2026-09-22 21:35,https://m.sports.naver.com/basketball/article/065/0000301859,https://m.sports.naver.com/basketball/article/065/0000301859
서울대학교,경향신문,"지식이 모여 대만을 키웠다, 자본이 고여 대만을 가른다",대만 북서쪽에 위치한 신주는 면적 14.67㎢로 서울 동대문구만 한 도시이지만 대만 명문대생들이 가장... 박상인 서울대 교수는 “용인은 대규모 양산 공장 특성상 장비를 24시간 가동하고 관리하는 학사 엔지니어와 고졸...,2026-09-22 21:29,https://www.khan.co.kr/article/202609222129005,https://n.news.naver.com/mnews/article/032/0003472151?sid=101
고려대학교,뉴데일리경제,"고려대 경영대학, QS MBA 평가 독보적 국내 1위 … 글로벌 MBA '투자 대비...",한편 고려대 경영대학은 미국 세계경영대학협회(AACSB)와 유럽경영대학협의회(EFMD)가 운영하는 경영교육 인증을 모두 보유하고 있다. 또한 국내 대학 중 유일하게 세계 33개 경영대학이 참여하는 ‘CEMS 글로벌...,2026-09-22 21:14,https://biz.newdaily.co.kr/site/data/html/2026/09/22/2026092200359.html,https://biz.newdaily.co.kr/site/data/html/2026/09/22/2026092200359.html
서울대학교,세계일보,“음악을 왜 하는지… 세 분 스승님의 가르침 제자들에게 ‘내리사랑’...,선생님이 그렇게 질문으로 훈련을 시켜주시니까 생각이라는 걸 시작하게 되더라고요.” 21일 서울 세종문화회관에서 세계일보와 만난 바이올리니스트 김다미 서울대 교수. 자신이 추구하고 싶은 음악을 묻자 “머리는...,2026-09-22 21:02,https://www.segye.com/newsView/20260922514694?OutUrl=naver,https://n.news.naver.com/mnews/article/022/0004161181?sid=103
고려대학교,매일경제,"추석 명절, 건강하게 보내려면...‘명절증후군’ 예방 수칙","한규만 고려대 안암병원 정신건강의학과 교수는 “명절 전후로 일시적인 피로감이나 스트레스를 느끼는 것은 자연스러운 반응일 수 있다”면서도 “연휴가 끝난 뒤에도 우울감이나 불안, 수면 문제 등이 지속되거나...",2026-09-22 21:01,https://www.mk.co.kr/article/12156544,https://n.news.naver.com/mnews/article/024/0000108419?sid=101
서울대학교,충청리뷰,"""진로는 정해주는 것 아닌 함께 찾는 것""…학부모와 자녀 진로설계 해법...","""아이 스스로 목표 세우고 진로 찾아가도록"" 이날 강연에는 신종호 서울대 교육학과 교수가 나서 '아이의 진로를 키우는 부모의 힘'을 주제로 학부모들과 만났다. 신 교수는 학습동기와 자기주도학습에 대한 전문성을...",2026-09-22 21:00,https://www.ccreview.co.kr/news/articleView.html?idxno=358310,https://www.ccreview.co.kr/news/articleView.html?idxno=358310
서울대학교,경향신문,“주거 안정 핵심은 전월세…공공임대 비율 15%까지 높여야”,"정준호 교수는서울대학교 지리학과를 졸업하고 영국 옥스퍼드대학교에서 박사 학위를 받았다.... “역사적으로 보면 서울이 여의도공원, 청계천 등 녹색화를 추진해왔다는 맥락에서 노무현 정부 당시 용산 미군기지의...",2026-09-22 20:58,https://www.khan.co.kr/article/202609222058015,https://n.news.naver.com/mnews/article/032/0003472135?sid=101
고려대학교,연합뉴스,靑-사법부 '대법관 제청' 정면충돌 양상…공석 장기화하나(종합),"차진아 고려대 로스쿨 교수는 ""대법원장이 제청한 후보에 대해 어떤 문제를 제기하면서 '부적법하니 다시 제청해달라'는 것이면 모르겠지만 왜 손 후보자 임명을 거부하는지 아무런 근거가 없지 않으냐""며 ""의문이 들...",2026-09-22 20:52,https://www.yna.co.kr/view/AKR20260922151551004?input=1195m,https://n.news.naver.com/mnews/article/001/0016331068?sid=102
고려대학교,메디컬월드뉴스,"[9월 22일 병원계 이모저모②]경상국립대, 고려대구로, 중앙대광명병원...","◆경상국립대병원, 상급종합병원 구조전환 지원사업 진료협력병원 간담회 개최 경상국립대학교병원(병원장... 19일 고려대학교 구로병원을 시작으로 10월 22일까지 전국 7개 주요 대학 및 종합병원에서 순차적으로...",2026-09-22 20:40,https://medicalworldnews.co.kr/news/view.php?idx=1510977406,https://medicalworldnews.co.kr/news/view.php?idx=1510977406
서울대학교,PHMBC,"추경호 ""'TK패싱' 엄연한 현실""... 대책은?","메가 프로젝트에서 대구가 배제되고, '서울대 10개 만들기' 사업에서 경북대가 빠진 점 등을 대표 사례로 꼽았습니다. ◀ INT ▶추경호 대구시장 ""지역 패싱 문제는 엄연한 정치 현실이라고 생각합니다. 메가프로젝트뿐만...",2026-09-22 20:40,http://www.phmbc.co.kr/www/news/desk_news?idx=204664&mode=view,http://www.phmbc.co.kr/www/news/desk_news?idx=204664&mode=view
서울대학교,동아일보,"대법관 재제청 요구-거부, 헌정사상 처음",22일 한인섭 서울대 법학전문대학원 명예교수의 저서 ‘가인 김병로’에 따르면 1958년 1월 대법원장과 대법관 등으로 꾸려진 법관회의는 김동현 전 대법관을 대법원장 후보로 제청됐다. 하지만 당시 이승만 대통령은...,2026-09-22 20:27,https://www.donga.com/news/Politics/article/all/20260922/134720137/1,https://n.news.naver.com/mnews/article/020/0003750153?sid=100
고려대학교,동아일보,검찰총장 대행에 이정현 수원고검장,"전남 나주 출신인 이 고검장은 고려대 법학과를 졸업한 뒤 1998년 서울지검 북부지청 검사로 임관했다. 이후 서울중앙지검 1차장검사와 대검 공공수사부장, 기획조정부장 등을 거쳤다. 이 고검장은 문재인 정부에서...",2026-09-22 20:17,https://www.donga.com/news/Society/article/all/20260922/134719822/1,https://n.news.naver.com/mnews/article/020/0003750150?sid=102
서울대학교,머니투데이,KREI 차기 원장 후보 3파전…국승용·박경철·박준기 압축,"서울대 대학원 농경제학과에서 박사학위를 받은 뒤 2008년 KREI 부연구위원으로 합류했다. 이후 채소관측실장과 농식품정책성과관리센터장, 농업관측본부장 겸 농축산정보분석센터장, 농식품시스템연구부장...",2026-09-22 20:11,https://www.mt.co.kr/economy/2026/09/22/2026092220054248277,https://n.news.naver.com/mnews/article/008/0005417563?sid=101
서울대학교,경향신문,건강보험연구원장에 김지영씨,"김 신임 원장은 예방의학과 전문의로, 서울대에서 보건학 석사와 의학박사 학위를 받고 20여년간 보건·의료 분야에서 연구·실무 경험을 쌓아왔다. 한국보건의료연구원 연구위원, 국민건강보험공단 건강지원센터장과...",2026-09-22 20:10,https://www.khan.co.kr/article/202609222010015,https://n.news.naver.com/mnews/article/032/0003472087?sid=102
고려대학교,전자신문,고대구로병원 '새암병원' 기공식…“중증질환 대응 고도화”,"이날 기공식에는 학교법인 고려중앙학원 김재호 이사장, 고려대 김동원 총장, 윤을식 의무부총장 겸 의료원장, 편성범 의과대학장, 한승범 안암병원장, 민병욱 구로병원장, 서동훈 안산병원장, 전임 의무부총장 및...",2026-09-22 20:10,https://www.etnews.com/20260922000505,https://n.news.naver.com/mnews/article/030/0003469559?sid=105
서울대학교,경향신문,[기고]‘먹는 임신중지약’ 허용에 관하여,"| 양현아 서울대 법학전문대학원 명예교수 “이건 아주 오랜 싸움이었어. 배 아프고 미식거리는 추운 밤에, 성관계 앞에서 움츠러드는 내 몸과 마음에, 미덥지 않은 남자친구와의 임신 소식에, 탄생력 가진 내 몸이...",2026-09-22 20:05,https://www.khan.co.kr/article/202609222005005,https://n.news.naver.com/mnews/article/032/0003472085?sid=110
서울대학교,경향신문,"[김월회의 아로새김]기술, 신적 역량을 구현하다?",| 김월회 서울대 인문학연구원 원장 2600여년 전 중국에 목왕이라는 임금이 있었다. 하루는 언사라는 기술자를 소개받았다. 언사를 만난 목왕이 물었다. “그대는 어떤 능력을 지녔는가?” 언사는 대답 대신 근자에 만든 것을...,2026-09-22 20:02,https://www.khan.co.kr/article/202609222002015,https://n.news.naver.com/mnews/article/032/0003472083?sid=110
연세대학교,경인일보,"수원북중SBC, KBO 신인드래프트 6명 배출","이 밖에 조범규(단국대), 조영우(연세대), 박시후(야탑고)가 각각 LG 트윈스(7라운드 전체 70순위), kt wiz(8라운드 전체 75순위), NC(10라운드 전체 96순위)에 지명됐다. 이들을 지도한 윤영보 수원북중SBC 감독은 “선수들이...",2026-09-22 19:58,https://www.kyeongin.com/article/1771381,https://www.kyeongin.com/article/1771381
고려대학교,아주경제,[통신망 세대교체] 3G 망 유지·5G SA 확대 병행…통신업계 비용부담↑,"이성엽 고려대 기술경영전문대학원 전임교수는 ""국내에서는 3G 종료 과정에서 이용자가 4G·5G로 충분히 전환할 수 있는지 엄격하게 살피다 보니 다른 나라보다 시간이 오래 걸리는 것으로 보인다""며 ""이용자 보호에...",2026-09-22 19:58,https://www.ajunews.com/view/20260921152045219,https://www.ajunews.com/view/20260921152045219
고려대학교,K-HEALTH,"고려대구로병원, 새암병원 첫 삽…""미래형 암 치료 플랫폼 구축 목표""","이날 기공식에는 김재호 고려중앙학원 이사장, 김동원 고려대 총장, 윤을식 의무부총장 겸 의료원장, 편성범 의과대학장, 한승범 안암병원장, 민병욱 구로병원장, 서동훈 안산병원장을 비롯해 이인영 국회의원, 장인홍...",2026-09-22 19:54,https://www.k-health.com/news/articleView.html?idxno=101338,https://www.k-health.com/news/articleView.html?idxno=101338
연세대학교,채널A,“반바지 입어 죄송”…연대 치대생 복장 규정 논란,"이 특히 실습을 들은 것이 아니라 그냥 단순히 수업을 들으러 온 건데."" [김율희 / 연세대 대학원생] ""등교할 때 복장은 학생 자유라고 생각을 하고."" 논란이 커지자 학교 측은 ""학생들과 소통해 복장 규정을 바꿔나갈 예정...",2026-09-22 19:45,https://www.ichannela.com/news/main/news_detailPage.do?publishId=000000551830,https://n.news.naver.com/mnews/article/449/0000361738?sid=102
서울대학교,국제신문,5개월 남았는데…부산대·교대 통합협상 파행,부산교대는 그 원인으로 ‘서울대 10개 만들기’ 사업에 편중한 부산대의 행정을 꼽는다. 권역별로 한 곳만 선정한 이번 사업에 부산대가 총력을 기울이면서 부산교대와의 통합 협상을 사실상 방치했다는 주장이다. 실제로...,2026-09-22 19:44,http://www.kookje.co.kr/news2011/asp/newsbody.asp?code=0300&key=20260923.22001007783,https://n.news.naver.com/mnews/article/658/0000156426?sid=102
연세대학교,MBN,"""반바지 입었다고 반성문""…연세대 치대의 황당한 복장 규정",연세대 치과대학이 복장 규정을 어긴 학생들에게 반성문을 작성하도록 한 겁니다. ▶ 인터뷰 : 연세대학교... 영상취재 : 김래범 기자 영상편집 : 한남선 그래픽 : 전성현 화면출처 : 연세대학교 '연세춘추',2026-09-22 19:41,http://www.mbn.co.kr/pages/news/newsView.php?news_seq_no=5220958,https://n.news.naver.com/mnews/article/057/0001970359?sid=102
서울대학교,파이낸셜뉴스,[fn광장]중앙아시아에 '新실크로드' 연다,"이런 유라시아 물류 회랑의 재편 외에, 서울 면적 1.5배 규모의 카자흐스탄 '알라타우 스마트 신도시' 개발... 신범식 서울대 사회과학대학장 ■약력 △서울대 외교학과 △모스크바국제관계대 정치학 박사...",2026-09-22 19:40,https://www.fnnews.com/news/202609221939155116,https://n.news.naver.com/mnews/article/014/0005579948?sid=110
고려대학교,GGILBO,"[주식마감] '퀄컴 NPU서 로봇 AI 최적화' 노타 상한가... 셀리드, 더블유...",휴니버스글로벌은 지난 2017년 고려대학교의료원 산하 정밀의료사업단에서 출범한 기업으로 고려대학교의료기술지주가 지분 37%를 보유하고 있다. 한편 셀리드는 항암면역치료백신과 감염병 예방백신을 개발하는...,2026-09-22 19:40,https://www.ggilbo.com/news/articleView.html?idxno=1183438,https://www.ggilbo.com/news/articleView.html?idxno=1183438
고려대학교,메디컬월드뉴스,"[9월 22일 병원계 이모저모①]강남성심병원, 고려대의료원, 대구가톨릭...","◆고려대의료원, 존스홉킨스·텍사스 메디컬센터와 잇단 협력 고려대학교의료원(의무부총장 겸... 대구가톨릭대학교의료원 의과대학 해부학교실(지도교수 허미선)의 학생 주도 연구가 국제학술대회 발표와...",2026-09-22 19:40,https://medicalworldnews.co.kr/news/view.php?idx=1510977405,https://medicalworldnews.co.kr/news/view.php?idx=1510977405
서울대학교,경인일보,[경인칼럼] 비극비특(非極非特) 인천,‘서울대 10개 만들기’로 알려진 거점국립대학교 패키지 지원대학 선정 사업 때문이다. 시쳇말로 몰빵을... 세수가 탄탄해 보통교부세를 받지 않는 서울과 경기도와 달리 교부세 의존도가 높은 인천으로선 치명적이다....,2026-09-22 19:38,https://www.kyeongin.com/article/1771368,https://www.kyeongin.com/article/1771368
서울대학교,경남일보,"[사설]'서울대 10개 만들기', 재검토 요구 타당","'서울대 10개 만들기'는 대학 서열 체제를 허물고 지역 간 교육 불균형을 바로잡겠다는 교육 개혁 구상에서 출발했다. 하지만 정부의 국정과제인 이른바 '서울대 10개 만들기'의 패키지 지원대학에 부산대, 전남대...",2026-09-22 19:38,https://www.gnnews.co.kr/news/articleView.html?idxno=646147,https://www.gnnews.co.kr/news/articleView.html?idxno=646147
서울대학교,프레시안,지자체·대학·주민 손잡은 평창교육청…‘평창형 특화 교육’ 모델 구...,"이날 협의회에는 함봉식 평창교육장을 비롯해 유·초·중등 교장협의회장, 평창군청 관계자, 평창군의회, 강원도의회, 서울대학교 그린바이오기술원, 학교운영위원장협의회장, 평창군이장연합회장, 평창군번영회장, 지역...",2026-09-22 19:28,https://www.pressian.com/pages/articles/2026092217121251796?utm_source=naver&utm_medium=search,https://n.news.naver.com/mnews/article/002/0002458057?sid=102
서울대학교,AUTODAILY,"페라리코리아, 서울대와 산학협력 MOU⋯미래 모빌리티 인재 교류 확대",2023년 서울에서 열린 '우니베르소 페라리(Universo Ferrari)'에서는 베네데토 비냐 페라리 최고경영자(CEO)가 서울대 공대생들과 지속가능성과 첨단 기술을 주제로 대담했다. 올해 1월에는 플라비오 만조니 페라리...,2026-09-22 19:20,https://www.autodaily.co.kr/news/articleView.html?idxno=600651,https://www.autodaily.co.kr/news/articleView.html?idxno=600651
서울대학교,국제신문,"원전 기술 자립 기여, SMR·조선 연계 구상","서울대 원자핵공학과를 졸업하고 미국 매사추세츠공대(MIT)에서 원자력공학 석·박사 학위를 받았다. 1982년 KAIST 교수로 부임한 뒤 원자로 설계와 열수력, 원자력 안전 분야를 연구하며 후학을 길렀다. KAIST 부총장과...",2026-09-22 19:18,http://www.kookje.co.kr/news2011/asp/newsbody.asp?code=0200&key=20260923.22006007833,https://n.news.naver.com/mnews/article/658/0000156406?sid=101
서울대학교,국제신문,“부산을 SMR 종합산업 거점화…원자력 쇄빙선 시장 개척을”,장 총장은 서울대 원자핵공학과를 졸업하고 미국 MIT에서 석·박사 학위를 받은 뒤 KAIST에서 30여 년간 원자력 분야를 연구한 국내 대표적인 원자력 전문가다. KAIST 교학부총장과 한국원자력학회장을 지냈으며...,2026-09-22 19:18,http://www.kookje.co.kr/news2011/asp/newsbody.asp?code=0200&key=20260923.22006007834,https://n.news.naver.com/mnews/article/658/0000156407?sid=101
연세대학교,중앙일보,『나는 죽을 때까지 재미있게 살고 싶다』 이근후 교수 91세 별세,"76세에 고려사이버대학교 문화학과를 최고령 졸업하기도 했다. 최근 오른쪽 눈도 잘 보이지 않게 됐지만... 빈소는 연세대 신촌장례식장 특1호실이다. 입관은 23일 오전 10시, 발인은 24일 오전 6시, 장지는...",2026-09-22 19:17,https://www.joongang.co.kr/article/25464170,https://n.news.naver.com/mnews/article/025/0003553256?sid=103
서울대학교,경기일보,[전대호의 과학과 그 너머] 회색을 보는 지혜,"예컨대 강남 거주, 변호사 자격증, 고위직 공무원 승진, 서울대 입학 같은 것이 대표적인 예가 아닐까? 그러나 “산이 높으면 골도 깊다”라는 지혜의 속담을 기억하자. 새옹지마라는 사자성어도 있다. 세상만사에 양면이...",2026-09-22 19:16,https://www.kyeonggi.com/article/20260922580577,https://n.news.naver.com/mnews/article/666/0000124642?sid=110
연세대학교,이데일리,"""대통령 의중 견제 시스템 필요…복수 검증·국가인재위 신설해야""",임도빈 서울대 행정대학원 교수는 청와대 밖에 별도의 국가인재위원회를 설치하는 방안을 제안했다. 임... 이종수 연세대 행정학과 교수는 현행 시스템과 절차 자체보다 실제 운용이 중요하다고 지적했다. 이 교수는...,2026-09-22 19:13,https://www.edaily.co.kr/News/Read?newsId=05064326645582744&mediaCodeNo=257&utm_source=naver&utm_medium=referral&utm_campaign=news_syndication&utm_content=original_article,https://n.news.naver.com/mnews/article/018/0006374581?sid=100
서울대학교,이데일리,"""대통령 의중 견제 시스템 필요…복수 검증·국가인재위 신설해야""",임도빈 서울대 행정대학원 교수는 청와대 밖에 별도의 국가인재위원회를 설치하는 방안을 제안했다. 임 교수는 “인사 검증의 책임을 (청와대가 아닌) 밖으로 끌어내서 밀실 검증 이야기가 나오지 않게 할 필요가 있다”며...,2026-09-22 19:13,https://www.edaily.co.kr/News/Read?newsId=05064326645582744&mediaCodeNo=257&utm_source=naver&utm_medium=referral&utm_campaign=news_syndication&utm_content=original_article,https://n.news.naver.com/mnews/article/018/0006374581?sid=100
서울대학교,DOMIN,올 추석 밥상머리에 오를 민심의 화두는?,"서울 등 수도권으로 향할 수 밖에 없는 청년들의 고민을 해결해 달라""며 ""전북에도 삼성과 SK 등 대기업 반도체 투자가 추가로 이뤄지기를 바란다""고 희망했다. 이와 관련 지역에서는 정부의 3대 메가프로젝트와 서울대 10개...",2026-09-22 19:10,http://www.domin.co.kr/news/articleView.html?idxno=1569865,http://www.domin.co.kr/news/articleView.html?idxno=1569865
서울대학교,JJN,'피지컬 AI' 전북 추석밥상 '따뜻',"미국과 이란 전쟁, 이재명 대통령이 지명한 장관 후보자의 잇딴 낙마, '서울대 10개 만들기'에서 전북대 탈락 등 복잡한 이슈도 많다. 하지만 전북자치도의 미래는 밝다. 이 어려운 시기를 어떻게 기회로 만들 것인지 도와...",2026-09-22 19:02,http://www.jjn.co.kr/news/articleView.html?idxno=1052943,http://www.jjn.co.kr/news/articleView.html?idxno=1052943
서울대학교,세계일보,[단독] 1년에 고작 55명 수강… 유학생 인재양성제 안착 ‘역부족’ [심...,이상림 서울대 인구정책연구센터 책임연구원은 “현재 외국인 유학생 정책은 대학 연명을 위한... 줄줄이 대학교수行 https://www.segye.com/newsView/20260921516177 ② [단독] ‘등록금 미환불’ 웅지세무대·신경주대...,2026-09-22 19:02,https://www.segye.com/newsView/20260922516341?OutUrl=naver,https://n.news.naver.com/mnews/article/022/0004161149?sid=102
고려대학교,머니투데이,"튜링, 대학생 맞춤 AI 'GPAI' 신기능 출시…자료정리부터 발표까지","이를 통해 서울대, 고려대, 성균관대 등 국내 25개 이상 대학 학생들은 자료를 따로 내려받을 필요 없이 앱에서 바로 활용할 수 있도록 할 방침이다. 신지은·김지윤 튜링 공동대표는 ""전공과 상관없이 모든 대학생에게...",2026-09-22 19:00,https://www.mt.co.kr/future/2026/09/22/2026092208501118750,https://n.news.naver.com/mnews/article/008/0005417548?sid=101
서울대학교,머니투데이,"튜링, 대학생 맞춤 AI 'GPAI' 신기능 출시…자료정리부터 발표까지","이를 통해 서울대, 고려대, 성균관대 등 국내 25개 이상 대학 학생들은 자료를 따로 내려받을 필요 없이 앱에서 바로 활용할 수 있도록 할 방침이다. 신지은·김지윤 튜링 공동대표는 ""전공과 상관없이 모든 대학생에게...",2026-09-22 19:00,https://www.mt.co.kr/future/2026/09/22/2026092208501118750,https://n.news.naver.com/mnews/article/008/0005417548?sid=101
서울대학교,HIDOC,"""항암 이후 운동 필수""... 운동량 감소시 치매 위험 46% 증가",서울대학교 의과대학 박상민 교수팀은 국민건강보험공단 자료를 활용해 암 생존자 약 26만 명을 분석해 이런 사실을 밝혀냈다. 이 연구는 특히 항암치료를 받은 환자에게서 운동의 치매 예방 효과가 더 크게...,2026-09-22 19:00,https://news.hidoc.co.kr/news/articleView.html?idxno=67863,https://news.hidoc.co.kr/news/articleView.html?idxno=67863
연세대학교,점프볼,"'2쿼터 10점' 게임체인저로 나선 연세대 장혁준 ""리바운드 가담과 속공...","연세대는 22일 연세대 신촌캠퍼스 체육관에서 열린 2026 KUSF 대학농구 U-리그 상명대와의 맞대결에서 99-58로 승리했다. 연세대는 7명의 선수가 두 자릿수 득점을 기록하는 등 고른 활약을 펼친 가운데, 장혁준도 존재감을...",2026-09-22 18:57,https://m.sports.naver.com/basketball/article/065/0000301857,https://m.sports.naver.com/basketball/article/065/0000301857
서울대학교,INCHEONILBO,"경기도 융기원, 독도 해역서 신종 미세조류 발견",독도 해역에서 발견된 신종 저서부착성 와편모조류의 형태적 특징을 현미경으로 관찰한 모습(오른쪽)./사진제공=차세대융합기술연구원 경기도·서울대학교 공동출연법인인 차세대융합기술연구원 연구팀이 독도 해역에서...,2026-09-22 18:56,https://www.incheonilbo.com/news/articleView.html?idxno=1332745,https://www.incheonilbo.com/news/articleView.html?idxno=1332745
고려대학교,세계일보,검찰총장 대행에 이정현… 법무부 “공소청 출범 준비” [검찰청 폐지],이 신임 차장은 전남 나주에서 태어나 고려대를 졸업하고 사법시험을 통과한 뒤 1998년 서울지검 북부지청(현 서울북부지검) 검사로 임관했다. 광주지검 부장검사였던 2018년에는 전두환 전 대통령을 5·18 민주화운동 관련...,2026-09-22 18:55,https://www.segye.com/newsView/20260922516200?OutUrl=naver,https://n.news.naver.com/mnews/article/022/0004161145?sid=102
연세대학교,이뉴스투데이,"서울교통공사, 대학·민간 손잡고 공공데이터 활용 넓힌다","대학 및 민간 전문기관과 손잡고 공공데이터를 활용한 사회·도시문제 해결과 새로운 서비스 발굴에 나선다. 서울교통공사는 ""지난 14일 공사 4층 대회의실에서 경기대학교, 동국대학교, 세종대학교, 연세대학교 및...",2026-09-22 18:55,http://www.enewstoday.co.kr/news/articleView.html?idxno=2473692,http://www.enewstoday.co.kr/news/articleView.html?idxno=2473692
고려대학교,EBS,[입시의 정석] 합격 가르는 수시 면접…준비 전략은?,"서울대 일반전형, 연세대 활동우수형, 국제형 등, 고려대 계열적합형, 성균관대 과학인재전형, 한양대 공과대학의 면접형 등이 제시문 기반면접을 실시합니다. 제시문 기반 면접은 일정 준비 시간 동안 주어진 제시문과...",2026-09-22 18:54,http://news.ebs.co.kr/ebsnews/allView/60771788/N,http://news.ebs.co.kr/ebsnews/allView/60771788/N
서울대학교,한겨레,"혼자의 시대, 추석이란 [한겨레 프리즘]","황예랑 | 디스토리팀장 “그런 칼럼을 쓰려면 어떻게 해야 하나요?” 김영민 서울대 정치외교학부 교수가 이달 초 기자 50여명을 앞에 두고 글쓰기 강연을 하는 자리였다. 강연이 끝날 무렵, 한 기자가 물었다. ‘그런...",2026-09-22 18:54,https://www.hani.co.kr/arti/opinion/column/1279129.html,https://n.news.naver.com/mnews/article/028/0002824310?sid=110
서울대학교,DOMIN,[추석] 대학 내부 혁신 넘어 '지역 생태계 혁신'으로…전북대의 다음 10...,전북대학교의 다음 100년을 이끌 제20대 총장 선거가 본격적인 레이스를 앞두고 있다. 현재 학내에서는 7명... 차기 총장에게는 '글로컬대학30' 사업을 차질 없이 완수하는 동시에 정부의 '서울대 10개 만들기' 정책에 대응해...,2026-09-22 18:54,http://www.domin.co.kr/news/articleView.html?idxno=1569748,http://www.domin.co.kr/news/articleView.html?idxno=1569748
서울대학교,EBS,[입시의 정석] 합격 가르는 수시 면접…준비 전략은?,"윤상형 교사 / 서울 영동고등학교 서울대 일반전형의 인문계열은 인문학 제시문 1개, 사회과학 제시문 1개를 풀게 되지만, 경영, 경제학과는 사회과학 1개, 수학 제시문 1개를 풀게 되고, 자연계열 모집단위는 수학 또는 과학...",2026-09-22 18:54,http://news.ebs.co.kr/ebsnews/allView/60771788/N,http://news.ebs.co.kr/ebsnews/allView/60771788/N
연세대학교,EBS,[입시의 정석] 합격 가르는 수시 면접…준비 전략은?,"윤상형 교사 / 서울 영동고등학교 제시문 기반면접을 실시하는 대학은 주로 상위권 대학입니다. 서울대 일반전형, 연세대 활동우수형, 국제형 등, 고려대 계열적합형, 성균관대 과학인재전형, 한양대 공과대학의 면접형...",2026-09-22 18:54,http://news.ebs.co.kr/ebsnews/allView/60771788/N,http://news.ebs.co.kr/ebsnews/allView/60771788/N
연세대학교,MHNSE,"'옥장판 악연' 옥주현·김호영, 같은 날 다른 행보→각자 전해진 '공연'...","그는 오는 11월 29일 연세대학교 대극장에서 진행되는 토크 콘서트 'HOLIDAY : 나, 그리고 사람' 포스터를 공개하며 ""우리 11월 29일에 연세대학교 대극장에서 만나자""라는 문구를 덧붙였다. 김호영에 따르면 해당 공연은...",2026-09-22 18:52,https://mhnse.com/news/articleView.html?idxno=1557574,https://m.entertain.naver.com/article/445/0000468038
고려대학교,메디칼타임즈,"고대구로 '새암병원' 기공식, 미래형 플랫폼 구축 목표","학교법인 고려중앙학원 김재호 이사장, 고려대학교 김동원 총장, 윤을식 의무부총장 겸 의료원장, 편성범 의과대학장, 한승범 안암병원장, 민병욱 구로병원장, 서동훈 안산병원장, 전임 의무부총장 및 구로병원장...",2026-09-22 18:50,https://www.medicaltimes.com/Main/News/NewsView.html?ID=1170852&ref=naverpc,https://www.medicaltimes.com/Main/News/NewsView.html?ID=1170852&ref=naverpc
서울대학교,SATECONOMY,"두나무, ‘업비트 인스티튜셔널 서밋’ 개최…디지털자산 규제·기관 참...",두나무는 오는 29일 서울 광진구 그랜드 워커힐 서울에서 '업비트 인스티튜셔널 서밋(Upbit Institutional Summit... 국내 금융산업의 온체인 전환을 주제로 한 토론에는 이종섭 서울대학교 경영대학 교수가 좌장을 맡는다....,2026-09-22 18:46,https://sateconomy.co.kr/news/view/1065599090518290,https://sateconomy.co.kr/news/view/1065599090518290
연세대학교,점프볼,'기록보다는 팀 승리' 이채형의 시선은 이미 정기전을 향해 있었다,"연세대학교가 18일 홈경기에서 상명대학교를 99-58로 대파했다. 41점차 대승 속에 눈에 띈 이름은 바로 이채형이었다. 10득점 8리바운드 10어시스트, 트리플더블에 단 두 개 모자란 기록을 남겼지만, 정작 본인은 경기가 끝날...",2026-09-22 18:41,https://m.sports.naver.com/basketball/article/065/0000301856,https://m.sports.naver.com/basketball/article/065/0000301856
서울대학교,뉴시스,백악관 가상자산 핵심 인사 패트릭 위트 방한…29일 '업비트 인스티튜셔...,"가상자산거래소 업비트를 운영하는 두나무는 오는 29일 서울 광진구 그랜드 워커힐 서울에서 UIS를... 이종섭 서울대학교 경영대학 교수를 좌장으로 최원석 두나무 해외사업총괄(CGBO), 엄태성 하나금융지주 상무 겸...",2026-09-22 18:37,https://www.newsis.com/view/NISX20260922_0003800988,https://n.news.naver.com/mnews/article/003/0014208969?sid=101
서울대학교,경향신문,정준호 교수 “부동산 정책 핵심은 전월세···지방에 기업 두뇌가 가...,"정준호 교수는 서울대학교 지리학과를 졸업하고 영국 옥스퍼드 대학교에서 박사 학위를 받았다.... “역사적으로 보면 서울이 여의도공원, 청계천 등 녹색화를 추진해왔다는 맥락에서 노무현 정부 당시 용산 미군기지의...",2026-09-22 18:37,https://www.khan.co.kr/article/202609221837001,https://n.news.naver.com/mnews/article/032/0003472072?sid=101
서울대학교,한국경제,[부고] 최옥선씨 별세 外,"▶최옥선씨 별세, 신영기 서울대 시흥캠퍼스 본부장 모친상=22일 삼성서울병원 장례식장 20호실 발인 24일 오전 9시 02-3410-3151 ▶이재상씨 별세, 김정자씨 배우자상, 이정석 제주항공 경영기획본부 전무이사...",2026-09-22 18:36,https://www.hankyung.com/article/2026092219211,https://n.news.naver.com/mnews/article/015/0005335360?sid=102
연세대학교,ECONOVILL,"재정경제부 자문단, 딥엑스 현장 방문…""피지컬 AI·온디바이스 시장 커...","박영선 위원장을 비롯해 김성수 연세대 공과대학 특임교수(부위원장), 김정호 KAIST 전기및전자공학부 교수(반도체 분과위원장), 차정훈 전 ㈜카이스트홀딩스 대표이사(총괄간사·반도체 분과위원), 김녹원 딥엑스 대표...",2026-09-22 18:34,https://www.econovill.com/news/articleView.html?idxno=751609,https://www.econovill.com/news/articleView.html?idxno=751609
연세대학교,점프볼,"'4연승' 조동현 감독이 밝힌 연세대 상승세의 비결 ""훈련량, 그리고 이채...",조동현 감독이 이끄는 연세대는 22일 연세대 신촌캠퍼스 체육관에서 열린 2026 KUSF 대학농구 U-리그 상명대와의 맞대결에서 99-58로 승리했다. 연세대는 이날 승리로 4연승과 함께 2학기 전승 행진을 달렸다. 경기 후 조동현...,2026-09-22 18:32,https://m.sports.naver.com/basketball/article/065/0000301855,https://m.sports.naver.com/basketball/article/065/0000301855
고려대학교,마이데일리,"고려대 구로병원, ‘새암병원’ 첫삽…중증·난치암 치료 허브로 도약","이날 기공식에는 김재호 학교법인 고려중앙학원 이사장, 김동원 고려대학교 총장, 윤을식 의무부총장 겸 의료원장, 민병욱 구로병원장과 유관 기관 관계자 등 200여명이 참석했다. 새암병원은 연면적 약 3만458㎡, 지하 9층...",2026-09-22 18:32,https://www.mydaily.co.kr/page/view/2026092218315062116,https://n.news.naver.com/mnews/article/117/0004108196?sid=102
고려대학교,점프볼,"'4연승' 조동현 감독이 밝힌 연세대 상승세의 비결 ""훈련량, 그리고 이채...",조동현 감독이 이끄는 연세대는 22일 연세대 신촌캠퍼스 체육관에서 열린 2026 KUSF 대학농구 U-리그... 1학기에 고려대에 2번 다 패배했다. 달라진 모습으로 후반기를 준비했기 때문에 정기전에서는 다를 것이다. 정기전을...,2026-09-22 18:32,https://m.sports.naver.com/basketball/article/065/0000301855,https://m.sports.naver.com/basketball/article/065/0000301855
연세대학교,TV리포트,"'데뷔 35년 차' 유재석, 사상 첫 녹화 펑크 속 걱정 봇물→지켜온 철학...",1991년 KBS 대학개그제로 데뷔한 이래 유재석이 건강상의 이유로 방송 당일 예정된 녹화를 취소하거나 구멍을... 유재석은 지난 2024년 2월 방송된 tvN '유 퀴즈 온 더 블럭'에서 연세대학교 심리학과 이동귀 교수와 '미루기...,2026-09-22 18:31,https://www.tvreport.co.kr/star/article/1077618/,https://m.entertain.naver.com/article/213/0001402117
고려대학교,GGILBO,"영탁, '꺾어'로 지상파 3사 접수... 전국투어로 열기 잇는다","한편 영탁은 오는 10월 3~5일 서울 고려대학교 화정체육관에서 단독 콘서트 'TAK SHOW5'를 열고 전국투어에 돌입한다. 이후 전주(10월 24~25일), 대구(11월 28~29일), 인천(12월 19~20일), 부산(내년 1월 16~17일)으로 무대를...",2026-09-22 18:30,https://www.ggilbo.com/news/articleView.html?idxno=1183444,https://www.ggilbo.com/news/articleView.html?idxno=1183444
고려대학교,스포티비뉴스,"""'믿듣탁' 진가 입증했다""…영탁, '꺾어'로 지상파 음악방송 접수 '화려...","영탁은 오는 10월 3일부터 5일까지 사흘간 서울 화정동 고려대학교 화정체육관에서 단독 콘서트 ‘탁쇼5’를 벌인다. 전국투어의 포문을 열게 될 이번 ‘탁쇼5’ 서울 공연을 시작으로 10월 24~25일 전주, 11월 28~29일 대구...",2026-09-22 18:30,https://www.spotvnews.co.kr/news/articleView.html?idxno=1009042,https://m.entertain.naver.com/article/477/0000629453
연세대학교,매일경제,“미·일 금리 더 간다…포트폴리오 재구성할 때” [딥 머니 토크],"백 이코노미스트는 연세대 화학공학과를 졸업하고 회계사 자격증을 취득한 뒤 현재는 환율 분석가로 일하고 있다. 다음은 일문일답. -단도직입적으로 물으면, 외환시장의 움직임은 예측이 가능한가. 지금까지 시장을...",2026-09-22 18:28,https://www.mk.co.kr/article/12159721,https://n.news.naver.com/mnews/article/009/0005739223?sid=101
고려대학교,메디파나뉴스,"고대구로병원, '미래형 암 치료 플랫폼' 새암병원 기공식 개최","이날 행사에는 학교법인 고려중앙학원 김재호 이사장, 고려대학교 김동원 총장, 윤을식 의무부총장 겸... 조성해 대학과 의료원이 사회에 더 크게 기여하는 기반이 되길 바란다""고 강조했다. 윤을식 의무부총장 겸...",2026-09-22 18:28,https://www.medipana.com/news/articleView.html?idxno=418158,https://www.medipana.com/news/articleView.html?idxno=418158
서울대학교,전북도민일보,"[새전북이 만난사람] ""결과로 책임지는 전북 보수… 전북의 몫 확실히 ...","최근 전북대의 10대 서울대 선정 불발 문제, 새만금이 기회의 땅을 넘어 실질적 미래도약의 준비까지. 그냥... 긴밀히 협의해 전북대와 새만금, 금융중심지와 공공기관 이전을 비롯한 전북의 몫을 확실히 챙기겠습니다."" /서울=",2026-09-22 18:28,https://sjbnews.com/news/news.php?number=887848,https://sjbnews.com/news/news.php?number=887848
연세대학교,파이낸셜뉴스,"5% 족쇄 풀린 등록임대 ""시세대로""… 전세 수억씩 뛸 판 [부동산 아토즈...","고준석 연세대 교수는 ""부정적인 여론도 적지 않지만 임대사업자의 대표 순기능이 전월세 가격 안정에 크게 기여하고 있는 것""이라며 ""이 같은 순기능은 계약갱신청구권보다 더 강력하다""고 말했다. 이어 ""특히...",2026-09-22 18:27,https://www.fnnews.com/news/202609221825297948,https://n.news.naver.com/mnews/article/014/0005579864?sid=101
연세대학교,GGILBO,"조슈아 레드먼, 12년 만에 한국 온다… 이번엔 '쿼텟'",공연 기획사 플러스히치에 따르면 조슈아 레드먼은 오는 10월 23일 오후 7시 30분 서울 연세대학교... 레드먼은 미국 하버드대학교를 졸업하고 예일대학교 로스쿨 진학을 앞두고 있던 지난 1991년 텔로니어스 멍크 국제...,2026-09-22 18:26,https://www.ggilbo.com/news/articleView.html?idxno=1182544,https://www.ggilbo.com/news/articleView.html?idxno=1182544
연세대학교,SBS Biz,"고기는 이마트, 과일은 롯데마트…막판 반값 할인전",[김정식 / 연세대 경제학부 명예교수 : 한정된 물량에 대해서는 조금 가격이 낮아질 수 있지만 전반적으로 소비자가 체감하는 물가가 낮아진다 보기에는 어려울 것 같습니다. 에너지 가격이나 환율이 내려가야 생산...,2026-09-22 18:26,https://biz.sbs.co.kr/article_hub/20000336333?division=NAVER,https://n.news.naver.com/mnews/article/374/0000534461?sid=101
고려대학교,서울경제,李 북핵 중단→축소→폐기 구상...“핵보유 인정 우려”,북한이 체제 유지를 위한 억지력 확보를 넘어 핵무기를 확산시키는 상황까지 고려해야 한다는 의미다.... 이규정 고려대 평화와민주주의연구소 연구교수는 “핵동결 이후 감축과 폐기로 이어지는 과정에서 검증과 상응...,2026-09-22 18:25,https://www.sedaily.com/article/20094199?ref=naver,https://n.news.naver.com/mnews/article/011/0004664691?sid=100
서울대학교,NEWSJEJU,"송영훈 의장, 도지사·교육감 정책 '오락가락'...'행정 신뢰' 주문","송영훈 의장은 정부가 추진하는 '서울대 10개 만들기' 사업에 제주가 빠졌다며, ""제주 홀대 우려가 커지고 있다""는 점을 강조했다. 그는 ""국가균형발전은 어느 지역도 예외가 되어서는 안 된다""며 ""거점국립대학 육성과...",2026-09-22 18:24,https://www.newsjeju.net/news/articleView.html?idxno=426244,https://www.newsjeju.net/news/articleView.html?idxno=426244
서울대학교,DNEWS,[현장] 로봇에 ‘손맛’ 가르친 카본식스…“공장에선 일해야 한다”,카본식스는 22일 서울 강남구 본사에서 ‘피지컬 AI×제조’를 주제로 미디어 브리을 열고 제조 현장 적용... 대표(서울대 기계항공공학)가 연쇄 창업한 회사다. 여기에 MIT에서 로봇지능 박사를 마치고 보스턴다이내믹스...,2026-09-22 18:20,https://www.dnews.co.kr/uhtml/view.jsp?idxno=202609221341024120148,https://www.dnews.co.kr/uhtml/view.jsp?idxno=202609221341024120148
서울대학교,서울경제TV,건보공단 건강보험연구원장에 김지영…‘의료비용·수가·보상’ 전문가,김 신임 원장은 예방의학과 전문의로 서울대학교에서 보건학 석사와 의학 박사 학위를 취득했다. 보건·의료 분야에서 20년간 연구와 실무 경험을 쌓았다. 한국보건의료연구원 연구위원을 거쳐 국민건강보험공단...,2026-09-22 18:18,https://www.sentv.co.kr/article/view/sentv202609220276,https://www.sentv.co.kr/article/view/sentv202609220276
서울대학교,JJN,전북대 총동창회 성명서 발표 서울대 탈락 후속 선정일 촉구,"전북대학교총동창회는 최근 서울대 10개 만들기 사업에 전북대가 탈락된 것과 관련해 정부의 책임있는 답변과 후속 선정일정 공개를 요구했다. 이들은 22일 성명서를 통해 ""교육부는 전북대가 제기한 이의제기를 공정하게...",2026-09-22 18:18,http://www.jjn.co.kr/news/articleView.html?idxno=1052913,http://www.jjn.co.kr/news/articleView.html?idxno=1052913
고려대학교,강원도민일보,"김태하 전 도경제협력관, '로펌 전문위원'으로 활동 재개","김 전 협력관은 서울 출신으로 경문고와 고려대 언론대학원 석사과정을 수료하고 대통령비서실 뉴미디어정책비서관실 과장, 한국인터넷신문협회 전문위원 등을 역임했다. 특히 김진태 전 지사가 제20·21대 국회의원으로...",2026-09-22 18:18,https://www.kado.net/news/articleView.html?idxno=2074510,https://n.news.naver.com/mnews/article/654/0000202133?sid=100
고려대학교,서울신문,‘AI 책임론’으로 번진 속도조절론…베선트 美 장관·오픈AI·나라별 엇...,이성엽 고려대 기술경영전문대학원 교수는 “미국의 빅테크들이 안전 기준을 높게 설정할 경우 국내 기업들은 그 기준을 맞추기 위해 개발이 더뎌지는 ‘사다리 걷어차기’ 효과가 발생할 수 있다”고 지적했다. 국제...,2026-09-22 18:18,https://www.seoul.co.kr/news/economy/industry/2026/09/22/20260922500286?wlog_tag3=naver,https://n.news.naver.com/mnews/article/081/0003682832?sid=101
서울대학교,의학신문,김지영 신임 건강보험연구원장 임명,"김 신임 원장은 예방의학과 전문의로 서울대학교 보건학 석사와 의학 박사 학위를 취득했으며, 약 20년간 보건의료 분야에서 연구와 실무 경험을 쌓았다. 한국보건의료연구원 연구위원을 거쳐 국민건강보험공단...",2026-09-22 18:18,https://www.bosa.co.kr/news/articleView.html?idxno=3012696,https://www.bosa.co.kr/news/articleView.html?idxno=3012696
고려대학교,NAMDONEWS,신임 대검 차장에 나주 출신 이정현…검찰총장 직무대행,이 신임 차장은 나주 출신으로 고려대를 졸업한 뒤 1998년 서울지검 북부지청(현 서울북부지검)에서 검사 생활을 시작했다. 광주지검 형사3부장이던 2018년 전두환 전 대통령을 5·18 민주화운동 희생자에 대한...,2026-09-22 18:16,https://www.namdonews.com/news/articleView.html?idxno=924303,https://www.namdonews.com/news/articleView.html?idxno=924303
연세대학교,점프볼,"'7명 두 자릿수 득점' 연세대, 상명대 꺾고 4연승 질주...2학기 전승 행...","연세대는 22일 연세대 신촌캠퍼스 체육관에서 열린 2026 KUSF 대학농구 U-리그 상명대와의 맞대결에서 99-58로 승리했다. 4연승을 질주한 연세대는 12승(7패)을 기록, 5위를 유지했다. 연세대는 홍상민(19점 5리바운드)이...",2026-09-22 18:15,https://m.sports.naver.com/basketball/article/065/0000301852,https://m.sports.naver.com/basketball/article/065/0000301852
고려대학교,메디파나뉴스,"고려대의료원, 美 존스홉킨스·TMC 연속 초청…파트너링 진행",고려대의료원은 이달 미국 '존스홉킨스 테크놀로지 벤처스(JHTV)' 및 '텍사스 메디컬 센터(TMC)'의 주요... 지난 4일 고려대 메디사이언스파크에서 개최된 '2026 Korea-JHTV Bio Partnering Day'에서는 존스홉킨스대와 한국 기업...,2026-09-22 18:10,https://www.medipana.com/news/articleView.html?idxno=418156,https://www.medipana.com/news/articleView.html?idxno=418156
연세대학교,더팩트,"행안부, '사회적 가치 확산·제도화' 정책 포럼","이후 진행된 토론에서는 서울과학기술대학교 남궁근 교수가 좌장을 맡았으며 연세대학교 최영준 교수, 이희숙 변호사, 한국사회가치연대기금 장지연 사무총장, 전국 사회연대경제 지방정부협의회 김영식 사무국장...",2026-09-22 18:08,https://news.tf.co.kr/read/life/2369134.htm,https://n.news.naver.com/mnews/article/629/0000536386?sid=102
고려대학교,PPSS,"고려대 안암병원, O형 환자에 A형 수혈 사망 ""심정지 CPR 상태서 있었던...","고려대학교 안암병원이 잘못된 수혈을 받은 뒤 사망한 환자에 대한 입장을 밝혔다. 고려대 안암병원 측은 22일 PPSS와 전화통화에서 오수혈 환자 사망 사건에 대해 ""심정지로 인해 응급실로 급하게 CPR을 하면서 오신...",2026-09-22 18:06,https://www.ppss.kr/news/articleView.html?idxno=312175,https://www.ppss.kr/news/articleView.html?idxno=312175
서울대학교,FTODAY,"두나무, 글로벌 정책·금융 리더 한자리에…'UIS 2026' 개최","두나무는 오는 29일 서울 광진구 그랜드 워커힐 서울에서 '업비트 인스티튜셔널 서밋(UIS)'을 개최한다고 22일... 이종섭 서울대학교 경영대학 교수가 좌장을 맡고 최원석 두나무 해외사업총괄, 엄태성 하나금융지주 상무...",2026-09-22 18:06,http://www.ftoday.co.kr/news/articleView.html?idxno=366010,http://www.ftoday.co.kr/news/articleView.html?idxno=366010
고려대학교,DAILYSECU,"한국정보보호학회 해양사이버보안연구회, '능동적 사이버보안 워크숍 2...","한국정보보호학회 해양사이버보안연구회와 서울과학기술대학교 4단계 BK21 능동적 사이버보안... 이어 고려대학교 임종인 명예교수가 'AX, Agentic AI Economy & Cybersecurity'를 주제로 초청강연을 진행한다....",2026-09-22 18:04,https://www.dailysecu.com/news/articleView.html?idxno=208577,https://www.dailysecu.com/news/articleView.html?idxno=208577
연세대학교,루키,"'19점 5리바운드' 연세대 홍상민 ""수비는 내 자신감과 자존감""",연세대학교는 22일 연세대학교 신촌캠퍼스에서 열린 2026 KUSF 대학농구 U-리그 상명대학교와의 경기에서 99-58로 이겼다. 연세대는 이날 승리로 12승 7패를 기록하며 5위를 지켰다. 연세대 센터 홍상민은 이날 16분 49초 동안...,2026-09-22 18:03,http://www.rookie.co.kr/news/articleView.html?idxno=127163,https://m.sports.naver.com/basketball/article/398/0000102856
서울대학교,조선일보,“한국·프랑스 손잡으면 양자 세계 선두… 지금이 ‘양자판 챗GPT’ 준...,"콴델라는 지난해 서울시와 5700만달러(약 800억원) 규모 투자 협약을 맺었고, 지난 4월에는 마크롱 대통령의 경제사절단으로 한국을 찾아 KAIST·한국표준과학연구원(KRISS), 서울대 반도체공동연구소와도 잇따라 협약을...",2026-09-22 18:01,https://www.chosun.com/economy/science/2026/09/22/MSVJUTAU4VEQPFTN6L57BI6YBM/?utm_source=naver&utm_medium=referral&utm_campaign=naver-news,https://n.news.naver.com/mnews/article/023/0003999922?sid=105
고려대학교,서울경제,"[단독] 구글, 엔비디아 GPU 독점 구도에 도전…빅테크 AI 인프라 격전지...",최신 제품인 TPU v8의 전력 소모 대 학습 성능은 전작 대비 약 3배 높아졌으며 추론 성능은 약 1.8배 높다.... 최병호 고려대 AI연구소 교수는 “피지컬 AI 시대까지 대비해야 하는 만큼 연산 자원은 많을수록 좋다”...,2026-09-22 18:01,https://www.sedaily.com/article/20094163?ref=naver,https://n.news.naver.com/mnews/article/011/0004664665?sid=105
서울대학교,에너지경제,[독자위원회] ‘무안참사’ 시리즈 돋보이나 균형감 아쉬워…‘청년공...,18일 서울 중구 에너지경제신문사 회의실에서 개최됐다. 이번 회의에서는 올해 7~9월 에너지경제신문의 온라인·지면 보도를 평가했다. 위원장인 박규호 한신대 경영학 교수를 비롯해 김정훈 서울대 행정대학원 교수...,2026-09-22 18:00,https://www.ekn.kr/web/view.php?key=20260922020298204,https://www.ekn.kr/web/view.php?key=20260922020298204
서울대학교,NEWSTAPA,"국민의힘 김민수 최고위원, 국회 공인 ‘악덕 고용주’였다","김민수 최고위원이 운영하는 태원비엠씨는 지난 2014년 3월, 서울 종로의 서울대학교 어린이병원과 청소 용역 관리 계약을 맺었다. 계약을 따낼 당시 태원비엠씨가 제출한 사업계획서에는 ▲기존 근로자 대상 고용...",2026-09-22 18:00,https://newstapa.org/article/x-U-m,https://n.news.naver.com/mnews/article/607/0000003502?sid=102
고려대학교,텐아시아,"웬디, DJ석 비우고도…추석 부모님께 소개하고 싶은 女 가수 1위 [TEN차트...",앨범 발매에 앞서 서울 고려대학교 화정체육관에서 열린 팬 콘서트 'A Day in Red & Velvet'도 추가 공연까지 전석 매진됐다. 웬디는 2024년 8월부터 SBS 파워FM '웬디의 영스트리트' DJ로 청취자들과 만나고 있다. 지난 21일과...,2026-09-22 18:00,https://www.tenasia.co.kr/article/2026092202924,https://m.entertain.naver.com/article/312/0000777190
고려대학교,뉴시스,"대검차장 임명 이정현 수원고검장 ""더 나은 미래위해 힘 다하겠다""","한편 전남 나주 출신인 이 고검장은 나주 영산포상업고등학교와 고려대 학교 법학과를 졸업한 뒤 서울지방검찰청 북부지청 검사를 시작으로 대검찰청 감찰2과장, 서울중앙지방검찰청 제1차장, 대검찰청 공공수사부장...",2026-09-22 18:00,https://www.newsis.com/view/NISX20260922_0003800942,https://n.news.naver.com/mnews/article/003/0014208889?sid=102
서울대학교,NEWSMAKER,"전남광주교육청, 'AI 시대 읽기' 주제로 북리터러시 포럼 개최","교육심리학 전문가인 신종호 서울대 교수는 'AI 시대, 왜 다시 책을 펴야 하는가?'를 주제로 강연했다. 깊이 있는 읽기를 통해 스스로 질문을 만들고 생각을 확장하는 독서의 방법을 소개했다. 강연에 이어 교육청은...",2026-09-22 18:00,http://www.newsmaker.or.kr/news/articleView.html?idxno=183115,http://www.newsmaker.or.kr/news/articleView.html?idxno=183115
고려대학교,HYUNBULNEWS,"청와대 직원들, 연화사서 청년들에 따뜻한 '밥심' 나눔","김보영 학생(22·고려대 식품자원경제학과)도 ""어른들이 청년들에게 꾸준히 관심을 가져주고 있다는 생각에... 연화사 주지 묘장 스님도 ""추석을 앞두고 청와대 자원봉사단이 대학생들을 위해 직접 봉사에 나서줘 감사하다...",2026-09-22 18:00,https://www.hyunbulnews.com/news/articleView.html?idxno=505445,https://www.hyunbulnews.com/news/articleView.html?idxno=505445
서울대학교,글로벌경제신문,"﻿[BIO톡]박셀바이오, 대만과 글로벌 파트너십으로 동물용의약품 경쟁력...","이번 시험은 어깨관절 질환 환자 85명을 대상으로 분당서울대학교병원을 포함한 국내 상급종합병원 8개 기관에서 진행된 다기관·단일군 시험으로, 독립적 중앙 판독자가 영상 품질을 평가했다. INV-002는 1차 평가지표뿐...",2026-09-22 17:58,https://www.getnews.co.kr/news/articleView.html?idxno=881603,https://www.getnews.co.kr/news/articleView.html?idxno=881603
서울대학교,뉴스웍스,"사회적가치연구원, AI 기반 CSR 측정·평가 플랫폼 'SEE SV' 공개","한편, 사회적가치연구원은 서울대학교 기후테크센터와 공동으로 지난 3일 서울 여의도 한국경제인협회 컨퍼런스센터에서 '기후테크 기후가치평가와 선금융 메커니즘'을 주제로 공동포럼을 개최했다. 이 포럼은...",2026-09-22 17:58,https://www.newsworks.co.kr/news/articleView.html?idxno=854678,https://www.newsworks.co.kr/news/articleView.html?idxno=854678
고려대학교,디지털데일리,미디어 빅뱅 속 낡은 방송 소유규제 손본다…28일 전문가 토론 개최,"이어 홍원식 동덕여자대학교 교수를 좌장으로 김용희 선문대학교 교수, 박석철 컬쳐미디어랩 전문위원, 이기훈 방송미디어통신위원회 지상파방송정책과장, 이남표 용인대학교 객원교수, 이헌율 고려대학교 교수가 토론에...",2026-09-22 17:57,https://www.ddaily.co.kr/page/view/2026092217414164104,https://n.news.naver.com/mnews/article/138/0002242460?sid=105
고려대학교,교수신문,세대·교육·AI…일상의 질문을 사회학으로 다시 보다,"김수한 고려대 교수는 'AI 시대의 일과 조직'을 통해 인공지능이 일하는 방식과 조직의 모습을 어떻게 바꿀 수 있는지 살펴봤고, 전준 카이스트 교수는 '인공지능은 미래를 예측하는가?'를 주제로 AI의 예측 가능성과...",2026-09-22 17:56,https://www.kyosu.net/news/articleView.html?idxno=210683,https://www.kyosu.net/news/articleView.html?idxno=210683
연세대학교,중앙일보,"연세대·옥스퍼드대 엑서터 칼리지, 학술교류협정 갱신",연세대학교가 영국 옥스퍼드대학교 엑서터 칼리지(Exeter College)와 학술교류협정을 갱신했다. 이에 따라... 양측은 연세대 국제하계대학(YISS)을 통한 옥스퍼드대 학생들의 연세대 방문 등 양방향 학생 교류 확대...,2026-09-22 17:55,https://www.joongang.co.kr/article/25464158,https://n.news.naver.com/mnews/article/025/0003553245?sid=102
서울대학교,KNPNEWS,"한국원자력연구원, 'KURT 운영 20주년 심포지엄' 성료",전문가 패널토론에서는 ▲ 김창락 박사(JKSNF) ▲ 노 열 교수(전남대) ▲ 백민훈 박사(KAERI) ▲이강근 교수(서울대) ▲정재학 교수(경희대) 등이 'KURT-20년 발자취에 내일을 그리다'를 주제로 KURT가 앞으로 수행해야 할...,2026-09-22 17:54,http://www.knpnews.com/news/articleView.html?idxno=34538,http://www.knpnews.com/news/articleView.html?idxno=34538
연세대학교,메디칼트리뷴,연세의대 구성욱 교수 대한척추신경외과학회장,"연세대의대 신경외과학교실 구성욱 교수가 제40차 대한척추신경외과학회 정기학술대회에서 신임 회장으로 취임했으며, 임기는 1년이다. 구 신임 회장은 회원 중심의 학술 발전, 차세대 연구자 양성, 그리고 국민이 신뢰할...",2026-09-22 17:54,http://www.medical-tribune.co.kr/news/articleView.html?idxno=215255,http://www.medical-tribune.co.kr/news/articleView.html?idxno=215255
연세대학교,바스켓코리아,"[대학리그] 3쿼터 폭발한 연세대, 상명대 추격 뿌치리며 승리 ... 성균관...",연세대는 22일 연세대학교 체육관에서 열린 2026 KUSF 대학농구 U-리그 남대부 정규리그 경기에서 상명대에 99-58로 승리했다. 이날 경기 승리로 후반기 전승을 이어갔다. 연세대는 이채형의 3점슛으로 본격적으로 경기...,2026-09-22 17:54,https://basketkorea.com/news/newsview.php?ncode=1065603006275766,https://m.sports.naver.com/basketball/article/351/0000088319
고려대학교,바스켓코리아,"[대학리그] 3쿼터 폭발한 연세대, 상명대 추격 뿌치리며 승리 ... 성균관...",연세대는 22일 연세대학교 체육관에서 열린 2026 KUSF 대학농구 U-리그 남대부 정규리그 경기에서 상명대에 99... 이날 경기 승리로 2위 고려대와 격차를 줄이는 데 성공했다. 사진 제공 = 한국대학농구연맹(KUBF),2026-09-22 17:54,https://basketkorea.com/news/newsview.php?ncode=1065603006275766,https://m.sports.naver.com/basketball/article/351/0000088319
연세대학교,루키,"제공권 우위 앞세운 연세대, 상명대에 41점차 대승",연세대학교는 22일 연세대학교 신촌캠퍼스에서 열린 2026 KUSF 대학농구 U-리그 상명대학교와의 경기에서 99-58로 이겼다. 연세대는 이날 승리로 12승 7패를 기록하며 5위를 지켰다. 상명대는 3승 16패가 됐다. 순위는...,2026-09-22 17:53,http://www.rookie.co.kr/news/articleView.html?idxno=127161,https://m.sports.naver.com/basketball/article/398/0000102854
고려대학교,이데일리,“자발적 李 공소취소할 듯”…이정현 총장대행 임명에 檢 내부 반발,한편 이 차장은 전남 나주 출신으로 영산포상고와 고려대 법학과를 졸업했다. 제37회 사법시험에 합격한 뒤 1998년 서울지검 북부지청에서 검사 생활을 시작했다. 대검 감찰2과장과 서울중앙지검 여성아동범죄조사부장...,2026-09-22 17:53,https://www.edaily.co.kr/News/Read?newsId=04674006645582744&mediaCodeNo=257&utm_source=naver&utm_medium=referral&utm_campaign=news_syndication&utm_content=original_article,https://n.news.naver.com/mnews/article/018/0006374537?sid=102
연세대학교,포인트데일리,"건보공단-연세대 원주의과대학, 보건의료 인재양성 업무협약",국민건강보험공단은 22일 공단 본부에서 연세대학교 원주의과대학(학장 김장영)과 보건의료 인재양성을 위한 업무협약을 체결했다. 사진=국민건강보험공단  국민건강보험공단과 연세대학교 원주의과대학이 보건의료 인재...,2026-09-22 17:52,https://www.pointdaily.co.kr/news/articleView.html?idxno=320287,https://www.pointdaily.co.kr/news/articleView.html?idxno=320287
서울대학교,SKBROADBAND,"추경호, ""TK 패싱 유감""..신청사 건립 일반재원도 투입","정부의 호남권 반도체 투자와 경북대의 '서울대 10개 만들기' 탈락 등으로 지역 내에서 불거진 'TK패싱' 논란에 대해 '굉장히 유감스럽다'면서, 그러나 민주당의 협조를 구하겠다고 했습니다. [추경호 / 대구시장] ""호남의...",2026-09-22 17:52,https://news.skbroadband.com/news/articleView.html?idxno=238678,https://news.skbroadband.com/news/articleView.html?idxno=238678
서울대학교,INCHEONILBO,"광주시·서울대, 태화산 학술림 생태 자원 활용방안 모색",광주시가 서울대와 태화산 학술림 생태 자원 활용방안 박관열 광주시장이 현장에서 모색하고 있다. /광주시 제공 경기도 광주시가 서울대학교와 손잡고 도척면 태화산 학술림의 풍부한 산림 생태 자원을 지역사회와...,2026-09-22 17:50,https://www.incheonilbo.com/news/articleView.html?idxno=1332728,https://www.incheonilbo.com/news/articleView.html?idxno=1332728
고려대학교,보건뉴스,"고대구로병원-강릉의료원, 지역의료 발전 업무협약 체결","고려대학교 구로병원(병원장 민병욱)은 지난 18일 고려대학교 구로병원에서 강릉의료원과 지역의료 발전을 위한 업무협약(MOU)을 체결했다. 이날 협약식에는 고려대학교 구로병원 민병욱 병원장, 조금준 연구부원장, 최안나...",2026-09-22 17:50,http://www.bokuennews.com/news/article.html?no=284655,http://www.bokuennews.com/news/article.html?no=284655
서울대학교,매일경제,연간 투자액 200억弗 초과땐 중단 … 사업청산땐 韓원리금 최우선 회수,"이재민 서울대 법학전문대학원 교수는 ""앞으로 미국 경제가 그다지 낙관적으로 보이지 않는 상황에서 이런 대규모 투자를 장기간에 걸쳐 한다는 점은 상당한 리스크 요인""이라며 ""손실이 났을 때 안전판을 만드는 건...",2026-09-22 17:46,https://www.mk.co.kr/article/12159650,https://n.news.naver.com/mnews/article/009/0005739174?sid=101
고려대학교,이데일리,"셀리드, 휴니버스글로벌에 경영권 넘긴다…100억원 유증","최대주주는 지분 37%를 보유한 고려대학교의료기술지주이며 이상헌 대표가 회사를 이끌고 있다. 지난해 휴니버스글로벌의 매출액은 34억원, 당기순손실은 30억원이었다. 지난해 말 기준 자산총계는 89억원, 부채총계는...",2026-09-22 17:45,https://www.edaily.co.kr/News/Read?newsId=04641206645582744&mediaCodeNo=257&utm_source=naver&utm_medium=referral&utm_campaign=news_syndication&utm_content=original_article,https://n.news.naver.com/mnews/article/018/0006374531?sid=101
서울대학교,스포티비뉴스,"한국 브리지 U-26 국가대표, 하이난 아시아선수권 출격…대학 브리지 성...",송예진(서울대)가 이름을 올렸다. 그리고 요넥스가 국가대표 선수단의 단복을 제공하며 젊은 선수들의... 서울대 작곡과 대학원에 재학 중인 송예진의 대표팀 합류 과정도 눈길을 끈다. 송예진은 지난 6월 서울대에서 열린...,2026-09-22 17:44,https://www.spotvnews.co.kr/news/articleView.html?idxno=1009024,https://m.sports.naver.com/general/article/477/0000629444
고려대학교,보건뉴스,"고대의료원, 국내 바이오·의료기술 美 진출 지원 확대",고려대의료원은 한국특허전략개발원 IP-TLO 얼라이언스의 글로벌 마케팅 분과장이자 한국보건산업진흥원 H+TLO 네트워크의 주도기관으로서 국내 대학·병원·연구기관 간 기술사업화 협력을 이끌고 있다....,2026-09-22 17:44,http://www.bokuennews.com/news/article.html?no=284652,http://www.bokuennews.com/news/article.html?no=284652
연세대학교,스포티비뉴스,"한국 브리지 U-26 국가대표, 하이난 아시아선수권 출격…대학 브리지 성...","동국대와 원주한라대에서 시작된 대학 브리지의 기반이 서울대, 고려대, 연세대, 중앙대 등 여러 대학으로 확산하면서 국내 대학 스포츠의 새로운 영역으로 자리 잡아가고 있다. 협회는 U-26 아시아선수권과 FISU...",2026-09-22 17:44,https://www.spotvnews.co.kr/news/articleView.html?idxno=1009024,https://m.sports.naver.com/general/article/477/0000629444
고려대학교,스포티비뉴스,"한국 브리지 U-26 국가대표, 하이난 아시아선수권 출격…대학 브리지 성...","동국대와 원주한라대에서 시작된 대학 브리지의 기반이 서울대, 고려대, 연세대, 중앙대 등 여러 대학으로 확산하면서 국내 대학 스포츠의 새로운 영역으로 자리 잡아가고 있다. 협회는 U-26 아시아선수권과 FISU...",2026-09-22 17:44,https://www.spotvnews.co.kr/news/articleView.html?idxno=1009024,https://m.sports.naver.com/general/article/477/0000629444
연세대학교,매일경제,"""집 사려면 올해 안에 … 한강벨트 유망, 청약보다 기존주택""","▶설문에 참여해 주신 분들(가나다순) 강은현 법무법인 명도 경매연구소장, 고준석 연세대 교수, 구명완 엠디엠플러스 대표, 권대중 한성대 일반대학원 석좌교수, 권영선 신한은행 팀장, 김규정 한국투자증권...",2026-09-22 17:43,https://www.mk.co.kr/article/12159636,https://n.news.naver.com/mnews/article/009/0005739163?sid=101
연세대학교,매일경제,세제개편안이 불안 키워 78%… 공급대책 실효성에 의문 70%,"▶설문에 참여해 주신 분들(가나다순) 강은현 법무법인 명도 경매연구소장, 고준석 연세대 교수, 구명완 엠디엠플러스 대표, 권대중 한성대 일반대학원 석좌교수, 권영선 신한은행 팀장, 김규정 한국투자증권...",2026-09-22 17:43,https://www.mk.co.kr/article/12159635,https://n.news.naver.com/mnews/article/009/0005739162?sid=101
고려대학교,JNDN,"""명당보다 중요한 생활 속 풍수 지혜, 건강·행운 부른다""",성균관대학교 경영학과를 졸업한 고 회장은 고려대학교 생명환경과학대학원 환경생태공학과에서 조경학 석사학위를 취득하고 같은 대학원 환경생태공학과 환경설계 및 조경학 박사과정을 수료했다. 대통령정책실...,2026-09-22 17:42,http://www.jndn.com/article.php?aid=1790066329440128018,http://www.jndn.com/article.php?aid=1790066329440128018
서울대학교,매일경제,태양광 급증에 원전 '멈칫'…보상금 5배 늘어,"심형진 서울대 원자핵공학과 교수는 ""원전은 출력을 낮추더라도 비용은 대부분 그대로 발생해 출력제어를 할수록 경제성이 떨어진다""고 말했다. 그렇다고 재생에너지 발전량부터 줄이기도 쉽지 않다. 원전 등 대형...",2026-09-22 17:42,https://www.mk.co.kr/article/12159611,https://n.news.naver.com/mnews/article/009/0005739147?sid=101
서울대학교,매일경제,[단독] 전기 너무 남아 원전 줄였더니…억지 출력제어 보상금 2년새 5배...,심형진 서울대 원자핵공학과 교수는 “원전은 출력을 낮추더라도 비용은 대부분 그대로 발생해 출력제어를 할수록 경제성이 떨어진다”고 말했다. 그렇다고 재생에너지 발전량부터 줄이기도 쉽지 않다. 원전 등 대형...,2026-09-22 17:41,https://www.mk.co.kr/article/12159471,https://n.news.naver.com/mnews/article/009/0005739145?sid=101
서울대학교,JEMIN,[책마을] 1인가구의 얼굴 '혼자의 시대'를 묻다,김수영 서울대학교 사회복지학과 교수의 「필연적 혼자의 시대」는 단 하나의 숫자만으로는 온전히 포착할 수 없었던 1인가구의 다채로운 개별적 참값을 진솔한 시선으로 들춰내며 '필연적 혼자의 시대'에 우리가 어떻게...,2026-09-22 17:40,https://www.jemin.com/news/articleView.html?idxno=843366,https://www.jemin.com/news/articleView.html?idxno=843366
고려대학교,한국대학신문,"성북구·관내 7개 대학, '대학도시 성북' 비전 선포… 상생협력 MOU","(사진=서경대)  서울 성북구가 21일 구청에서 관내 7개 대학과 함께 '대학도시 성북' 비전 선포식을 열고, 지역과 대학이 상생하는 협력체계를 구축하는 업무협약(MOU)을 체결했다. 서경대학교(총장 김범준)를 비롯해 고려대...",2026-09-22 17:40,https://news.unn.net/news/articleView.html?idxno=597889,https://news.unn.net/news/articleView.html?idxno=597889
서울대학교,비즈워치,"""4만달러 시대, 고객 원하는 것 찾겠다"" 도공의 혁신 예고","유 사장은 서울대 도시공학과 학사 및 교통공학 석사, 미국 퍼듀대 교통공학 박사를 취득했다. 그동안 대한교통학회장·국토교통부 대도시권광역교통위원회 위원 ·경기교통공사 비상임이사 등을 지낸 국내 대표적 교통...",2026-09-22 17:39,https://news.bizwatch.co.kr/article/real_estate/2026/09/22/0027,https://n.news.naver.com/mnews/article/648/0000051008?sid=101
연세대학교,강원도민일보,"원주 지역대학 ""공동 창업 공간·출입국사무소 설치"" 요구","원주시는 22일 시청에서 강원대 원주캠퍼스, 경동대, 상지대, 연세대 미래캠퍼스, 한라대, 한국폴리텍대학 원주캠퍼스 등 6개 대학 총장·부총장이 참석한 가운데 대학발전협의회 간담회를 열고 대학 현안과 지역 상생...",2026-09-22 17:39,https://www.kado.net/news/articleView.html?idxno=2074497,https://n.news.naver.com/mnews/article/654/0000202123?sid=102
고려대학교,NEWS2DAY,"[명동백작들의 영화 이야 ㊱] 볼수록 흥미로운 박인환의 시대, 찬란하고...",고려대학교 사학과 학사 / 前 연합뉴스 기자 / 前 YTN 기자 / 前    영화 전문 기자 및 편집장 / 前 부산국제영화제 집행위원 / 前 제천국제음악영화제 집행위원장 / 前 부산 동의대학교 영화과...,2026-09-22 17:38,https://www.news2day.co.kr/article/20260922500267,https://www.news2day.co.kr/article/20260922500267
서울대학교,이데일리,美 디지털자산 정책총괄 패트릭 위트 방한…두나무 UIS 특별대담,"22일 두나무에 따르면 위트 집행이사는 오는 29일 서울 광진구 그랜드 워커힐 서울에서 열리는 ‘UIS... 이종섭 서울대학교 경영대학 교수를 좌장으로 최원석 두나무 해외사업총괄(CGBO), 엄태성 하나금융지주 상무...",2026-09-22 17:38,https://www.edaily.co.kr/News/Read?newsId=04631366645582744&mediaCodeNo=257&utm_source=naver&utm_medium=referral&utm_campaign=news_syndication&utm_content=original_article,https://n.news.naver.com/mnews/article/018/0006374529?sid=101
고려대학교,뉴스티앤티,"고려대, 한국어·영어 검색 모델 'KURE-v2' 공개",고려대학교는 컴퓨터학과 임희석 교수가 이끄는 NLP&AI 연구실과 Human Inspired AI 연구원(HIAI 연구원)이... 실제 서비스 환경을 고려한 효율성도 높였다. 검색 정확도를 유지하면서 데이터 저장에 필요한 용량을...,2026-09-22 17:38,https://www.newstnt.com/news/articleView.html?idxno=719757,https://www.newstnt.com/news/articleView.html?idxno=719757
고려대학교,조선일보,"[병원계 이모저모] 인하대병원, 호흡기·소아 분야 국내 TOP5 外","■ 고려대 구로병원-강릉의료원, 지역의료 협력 고려대 구로병원과 강릉의료원이 지역의료 발전을 위한 업무협약을 체결했다. 양 기관은 환자 의뢰·회송 및 전원 등 진료 연계를 비롯해 중증·전문진료가 필요한 지역...",2026-09-22 17:38,https://health.chosun.com/site/data/html_dir/2026/09/22/2026092203131.html,https://n.news.naver.com/mnews/article/346/0000116395?sid=103
고려대학교,뉴스티앤티,"고려대 경영대학, QS 글로벌 MBA 평가 국내 1위","유승원 고려대 경영대학장은 ""Global MBA와 경영자 대상 MBA를 비롯해 대학원 과정 전반에서 경쟁력을 인정받았다""며 ""120년간 축적한 교육 인프라와 글로벌 네트워크를 기반으로 AI 시대 산업 현장이 요구하는...",2026-09-22 17:36,https://www.newstnt.com/news/articleView.html?idxno=719753,https://www.newstnt.com/news/articleView.html?idxno=719753
고려대학교,TVDAILY,"QWER, '청량 맛집'의 귀환…극한의 벅참 '소년만화' [가요공감]",한편 QWER은 지난 12일부터 13일까지 서울 고려대학교 화정체육관에서 두 번째 투어 '록케이션 : 로켓 런치!!(QWER 2nd TOUR 'ROCKATION : ROCKET LAUNCH!!')'의 시작을 알렸다. QWER은 오는 10월 10일과 11일 타이베이를 시작으로 10월...,2026-09-22 17:35,http://www.tvdaily.co.kr/read.php3?aid=17900658521803234010,https://m.entertain.naver.com/article/440/0000046417
서울대학교,에너지경제,"[금융권 풍향계] 수출입은행, LG화학 ‘국내 첫 지속가능항공유 전용설...","특히 국내 시중은행, 외국계 상업은행의 서울지점과의 긴밀한 협업을 통해 고난도 국내 프로젝트 파이낸싱... 시연과 서울대 로보틱스 연구소 박종우 교수의 강연 등을 통해 피지컬 AI 기술에 대한 이해도를 높일 수...",2026-09-22 17:34,https://www.ekn.kr/web/view.php?key=20260922022278105,https://www.ekn.kr/web/view.php?key=20260922022278105
서울대학교,오마이뉴스,국가 차원 진상조사 후 한국 개신교가 쓴 반성문,"덧붙이는 글 | 글쓴이는 기독연구원 느헤미야 원장이자 백향나무교회 담임목사로 서울대학교 종교학과(B.A.), 서울신학대학교 신학대학원(M.Div.), 미국 예일대학교(S.T.M.), 드루대학교(Ph.D.)에서 공부했다. <전광훈 현상의...",2026-09-22 17:31,https://www.ohmynews.com/NWS_Web/View/at_pg.aspx?CNTN_CD=A0003269413&CMPT_CD=P0010&utm_source=naver&utm_medium=newsearch&utm_campaign=naver_news,https://n.news.naver.com/mnews/article/047/0002529991?sid=103
고려대학교,INCHEONIN,"살아 있는 매체, 틸란드시아 - 낯선 식물에서 시작된 질문","단국대학교 서양화과 졸업, 고려대학교 교육대학원 졸업, 단국대학교에서 미술학 박사학위를 받았다. 인천아트플랫폼, 아트센터 예술의 시간, 소마미술관, 금호미술관 등에서 개인전을 개최했으며, 국내외 주요 기획전에...",2026-09-22 17:30,http://www.incheonin.com/news/articleView.html?idxno=121009,http://www.incheonin.com/news/articleView.html?idxno=121009
연세대학교,로이슈,"건보공단·연세대 원주의대, 보건의료 인재양성 협약",국민건강보험공단은 22일 공단 본부에서 연세대학교 원주의과대학과 보건의료 인재양성을 위한 업무협약을 체결했다고 밝혔다. 이번 협약은 양 기관이 보유한 자원을 연계해 의과대학생의 건강보험 제도에 대한 이해를...,2026-09-22 17:28,http://www.lawissue.co.kr/view.php?ud=202609221727229601f4ab64559d_12,http://www.lawissue.co.kr/view.php?ud=202609221727229601f4ab64559d_12
고려대학교,교수신문,"""K-문화 세계화하려면 전문성 키워야""…79개 학술단체, 교육부 3개 연구...","송혁기 고려대 한문학과 교수는 ""정부가 진정으로 한국학 발전과 K-문화의 세계화를 도모한다면, 각 기관의 전문성을 강화하는 지원책을 마련해야 한다""며 ""통합 계획이 철회될 때까지 집단 대응을 이어갈 것""이라고...",2026-09-22 17:28,https://www.kyosu.net/news/articleView.html?idxno=210680,https://www.kyosu.net/news/articleView.html?idxno=210680
고려대학교,베리타스알파,[2027의대잣대] 뉴스위크 세계 특화 병원 13개 분야 순위.. 서울아산 6개...,"법적으로 대학병원은 아니지만 울산대와 교육 협력 관계를 맺고 있다. 병원 부지 내 울산대 의대가 있어... 이어 강남세브란스병원과 분당서울대병원 각 9개, 고려대안암병원 6개, 아주대병원과 고려대구로병원 각 5개...",2026-09-22 17:22,https://www.veritas-a.com/news/articleView.html?idxno=629287,https://www.veritas-a.com/news/articleView.html?idxno=629287
연세대학교,베리타스알파,[2027의대잣대] 뉴스위크 세계 특화 병원 13개 분야 순위.. 서울아산 6개...,연세대 대학병원인 세브란스병원은 정형외과에서 세계 6위를 기록했다. 이어 신경외과(15위) 산부인과(49위)까지 더해 3개 분야 국내 톱을 지켰다. 세브란스병원은 2005년 국내 최초로 로봇수술을 도입한 이래 2013년...,2026-09-22 17:22,https://www.veritas-a.com/news/articleView.html?idxno=629287,https://www.veritas-a.com/news/articleView.html?idxno=629287
서울대학교,EPNC,"아크릴, 650억 원 피지컬 AI 국책과제 참여…이기종 로봇 실행계층 개발",이번 과제는 성균관대학교 산학협력단이 주관하며 지난 8월부터 2030년 12월까지 4년 5개월간 진행된다. 총사업비는 약 650억 원으로 이 가운데 정부지원금은 약 450억 원이다. 아크릴을 비롯해 카이스트와 서울대학교...,2026-09-22 17:20,https://www.epnc.co.kr/news/articleView.html?idxno=407309,https://www.epnc.co.kr/news/articleView.html?idxno=407309
서울대학교,SISAWEEK,"삼성반도체의 심장 '권오현', 'KAIST'에 이식되다",권오현 이사장은 서울대 전기공학과를 졸업하고 KAIST에서 전기공학석사를 마쳤다. 이후 미국 스탠퍼드대학교에서 전기공학 박사 학위를 받았다. 그의 입장에선 과거 학문을 닦았던 '고향' 중 한 곳으로 돌아오는...,2026-09-22 17:20,https://www.sisaweek.com/news/articleView.html?idxno=238040,https://www.sisaweek.com/news/articleView.html?idxno=238040
연세대학교,NEWSCLAIM,[현대차 인사 전망]② 지성원은 그룹 브랜드까지… 새 임원들 올해 말 ...,"김성민 전무는 1972년생으로 연세대 석사 출신이다. 산업강재영업사업부장에서 영업본부장으로 올라섰다.... 이인기는 1967년생·서울대 건축학 학사로 건축주택사업본부장, 이상배는 1968년생·연세대 기계공학 학사로...",2026-09-22 17:18,https://www.newsclaim.co.kr/news/articleView.html?idxno=3076262,https://www.newsclaim.co.kr/news/articleView.html?idxno=3076262
고려대학교,NEWSCLAIM,[현대차 인사 전망]② 지성원은 그룹 브랜드까지… 새 임원들 올해 말 ...,"김광평 부사장은 1969년생으로 고려대 출신이다. 현대건설을 거쳤고 현대제철 재경본부장에서... 김명식 상무는 1973년생·경북대 석사로 봉형강제품개발실장, 김세진 상무는 1974년생·고려대 출신으로 인천...",2026-09-22 17:18,https://www.newsclaim.co.kr/news/articleView.html?idxno=3076262,https://www.newsclaim.co.kr/news/articleView.html?idxno=3076262
서울대학교,NEWSCLAIM,[현대차 인사 전망]② 지성원은 그룹 브랜드까지… 새 임원들 올해 말 ...,"서울대 건축학 학사로 건축주택사업본부장, 이상배는 1968년생·연세대 기계공학 학사로 플랜트사업본부장이다. 김경수는 1967년생·한국외국어대 영어학 학사로 글로벌사업부장을 맡는다. 권혜령은 1980년생·서울시립대...",2026-09-22 17:18,https://www.newsclaim.co.kr/news/articleView.html?idxno=3076262,https://www.newsclaim.co.kr/news/articleView.html?idxno=3076262
서울대학교,AFLNEWS,"팜한농, 도심형팜이 만드는 새로운 도시 문화 포럼 '성료'","이수연 서울시립대 교수가 '정원도시에서 도심형팜으로, 자연-기술-사람을 연결하는 새로운 도시 플랫폼' 주제로 기조연설을 했다. 이어 '공공 정책·R&D' 세션에서는 김세훈 서울대 교수가 '도심형팜, 도시, 라이프스타일...",2026-09-22 17:18,https://www.aflnews.co.kr/news/articleView.html?idxno=328791,https://www.aflnews.co.kr/news/articleView.html?idxno=328791
서울대학교,중부매일,KAIST 신임 이사장에 권오현 전 삼성전자 회장 선임,21일 서울에서 열린 제298회 임시이사회에서 권오현 전 삼성전자 대표이사 회장(현 오렌지플래닛 창업재단 이사장)을 신임 이사장으로 선임했다고 22일 밝혔다. 권 신임 이사장은 서울대 전기공학과를 졸업한 뒤...,2026-09-22 17:14,https://www.jbnews.com/news/articleView.html?idxno=1512153,https://www.jbnews.com/news/articleView.html?idxno=1512153
서울대학교,베리타스알파,국립공주사대부고 2027입학설명회 일정 안내.. '올해 마지막',"8명의 서울대 합격자를 배출했다. 최상위권 격전지인 의대에만 13명이 합격했다. 이밖에 약대 7명, 치대 1명, 수의대 1명 등 의약계열 합격 실적은 22명에 달한다. 2026대입자원인 고3 재적인원 154명 기준으로 서울대...",2026-09-22 17:14,https://www.veritas-a.com/news/articleView.html?idxno=629226,https://www.veritas-a.com/news/articleView.html?idxno=629226
고려대학교,POLINEWS,"법무부, 신임 대검찰청 차장에 이정현 수원고검장…검찰총장 직무대행...",영산포상업고와 고려대 법학과를 졸업했다. 1995년 제37회 사법시험에 합격하고 사법연수원 27기를 수료한 뒤... ▲1968년생 ▲전남 나주 ▲나주 영산포상업고·고려대 법학과 ▲사법시험 37회·사법연수원 27기 ▲서울지검...,2026-09-22 17:14,https://www.polinews.co.kr/news/articleView.html?idxno=743873,https://www.polinews.co.kr/news/articleView.html?idxno=743873
서울대학교,데일리안,[현장] '항암'에 갇힌 한국 임상…'대세 비만약'은 놓쳤다,문제는 임상 시험 실시기관 대부분이 서울 등 수도권 대형 의료기관이라는 점이다. 서울대학교병원 등 이른바 '빅5'가 대표적이다. 이런 상급종합병원은 암 등 중증·희귀질환 중심으로 운영된다. 자연히 항암제와 관련한...,2026-09-22 17:11,https://www.dailian.co.kr/news/view/1693688/?sc=Naver,https://n.news.naver.com/mnews/article/119/0003135701?sid=101
연세대학교,팍스경제TV,"연세의대 구성욱 교수, 대한척추신경외과학회 회장 취임...""올바른 척추...","▲구성욱 교수, 대한척추신경외과학회 회장 취임 연세대학교 의과대학 신경외과학교실 구성욱 교수가 제40차 대한척추신경외과학회 정기학술대회에서 대한척추신경외과학회 회장에 취임했습니다. 구성욱 신임 회장은...",2026-09-22 17:10,http://www.paxetv.com/news/articleView.html?idxno=282584,http://www.paxetv.com/news/articleView.html?idxno=282584
고려대학교,이뉴스투데이,"생산성본부 ""인구 감소도 경영 데이터""···기업 미래전략 해법 제시",이날 강연자로 나선 조영태 서울대학교 보건대학원 교수는 저출산·고령화와 인구 감소를 단순한 위기로... 조 교수는 고려대학교 사회학과를 졸업하고 미국 텍사스대학교 오스틴캠퍼스에서 사회학 석사와 인구학...,2026-09-22 17:10,http://www.enewstoday.co.kr/news/articleView.html?idxno=2473541,http://www.enewstoday.co.kr/news/articleView.html?idxno=2473541
서울대학교,이뉴스투데이,"생산성본부 ""인구 감소도 경영 데이터""···기업 미래전략 해법 제시",한국생산성본부는 22일 서울 소공동 롯데호텔에서 CEO 프로그램 'KPC 인문학 여행' 제19차 강연을 개최했다고... 텍사스대학교 오스틴캠퍼스에서 사회학 석사와 인구학 박사학위를 받았다. 현재 서울대학교 보건대학원...,2026-09-22 17:10,http://www.enewstoday.co.kr/news/articleView.html?idxno=2473541,http://www.enewstoday.co.kr/news/articleView.html?idxno=2473541
연세대학교,쿠키뉴스,당뇨 치료 6개월 새 강화됐다면…췌장암 위험 신호 가능성,"세브란스병원 소화기내과 정문재 교수와 내분비내과 이민영 교수, 연세대 의대 예방의학교실 장성인 교수, 연구지원부 유민희 연구원은 신규 발생 당뇨병의 초기 중증도와 단기간 진행 양상에 따른 췌장암 발생...",2026-09-22 17:08,https://www.kukinews.com/article/view/kuk202609220103,https://www.kukinews.com/article/view/kuk202609220103
서울대학교,매일경제,"""AI 속도조절 대신 과감한 도전"" … 네이버 'K미토스' 모델 만든다","과학기술정보통신부는 22일 서울 중구 소공동 롯데호텔에서 '사이버 보안 특화 AI 모델 개발' 프로젝트 착수... 기업, 서울대·KAIST 등 학계, 한국수력원자력·금융보안원·한국항공우주산업(KAI) 등을 포함해 총 33개 산학연...",2026-09-22 17:08,https://www.mk.co.kr/article/12159531,https://n.news.naver.com/mnews/article/009/0005739082?sid=105
서울대학교,CNB저널,"창업기업과 투자자, 청년, 주민 등이 한자리에...관악구, '2026 관악S밸리...","특히 지난해 출범한 관악중소벤처진흥원을 중심으로 서울대학교 창업지원단, 서울대학교 앵커사업단(캠퍼스타운사업), 서울창조경제혁신센터(서울창업센터 관악)가 함께 행사를 준비하며 단순한 창업 정보 제공을...",2026-09-22 17:08,https://www.cnbizm.com/news/articleView.html?idxno=316006,https://www.cnbizm.com/news/articleView.html?idxno=316006
서울대학교,BBS NEWS,"서울 관악구, '2026 관악S밸리 창업페스티벌' 10월 1일과 3일 개최","특히 지난해 출범한 관악중소벤처진흥원을 중심으로 서울대 창업지원단, 서울대 앵커사업단(캠퍼스타운사업), 서울창조경제혁신센터(서울창업센터 관악)가 함께 행사를 준비하며 단순한 창업 정보 제공을 넘어...",2026-09-22 17:08,https://news.bbsi.co.kr/news/articleView.html?idxno=4108285,https://news.bbsi.co.kr/news/articleView.html?idxno=4108285
고려대학교,동아일보,"메타 ‘뮤즈’, 챗봇 넘어 AI 개인비서로 진화…챗GPT 제치고 앱스토어...",최병호 고려대 휴먼인스파이어드 AI 연구원 연구교수는 “일상의 복잡한 일을 대신해줄 ‘AI 비서’에 대한 잠재적인 수요가 기술 발전에 따라 본격적으로 드러나고 있다”며 “다만 AI 에이전트는 개인화된 정보를...,2026-09-22 17:07,https://www.donga.com/news/Economy/article/all/20260922/134717928/1,https://n.news.naver.com/mnews/article/020/0003750116?sid=101
서울대학교,메디컬투데이,"한국노바티스, CML 환자 정보 플랫폼 '아주 보통의 하루' 개편","이정옥 분당서울대학교병원 혈액종양내과 교수는 ""치료 초기부터 환자와 적절한 장기적인 치료 목표를 함께 논의하고 정기적인 검사를 통해 치료 반응을 꾸준히 확인하는 것은 향후 치료 방향을 결정하는 데 매우...",2026-09-22 17:06,https://www.mdtoday.co.kr/news/articleView.html?idxno=616138,https://www.mdtoday.co.kr/news/articleView.html?idxno=616138
서울대학교,SAMDAILBO,"""제주 산업 특성 반영해 반드시 공공기관 이전해야""","제주도의회 제공 한편 송영훈 의장은 이날 폐회사에서 ""최근 정부가 추진하는 '서울대 10개 만들기' 사업에서 제주 홀대 우려가 커지고 있다. 국가균형발전은 어느 지역도 예외가 돼서는 안 된다""며 ""거점국립대학 육성과...",2026-09-22 17:06,http://www.samdailbo.com/news/articleView.html?idxno=270621,http://www.samdailbo.com/news/articleView.html?idxno=270621
고려대학교,스포츠월드,"고대의료원, 존스홉킨스·TMC와 국내 바이오기업 미국 진출 지원",고대의료원은 지난 4일과 17일 서울 성북구 고려대 메디사이언스파크에서 각각 ‘2026 코리아-JHTV 바이오... 김학준 고려대 의학연구처장은 “연구 성과가 의료현장에서 활용되고 사업화로 이어지려면 기술개발 초기부터...,2026-09-22 17:06,https://www.sportsworldi.com/newsView/20260922516349,https://n.news.naver.com/mnews/article/396/0000756026?sid=103
서울대학교,뉴스핌,"건보공단, 김지영 신임 건강보험연구원장 임명","김 신임 원장은 예방의학과 전문의로 서울대 보건학 석사와 의학 박사 학위를 취득했으며, 20년간 보건·의료 분야에서 폭넓은 연구·실무 경험을 쌓아 왔다. 아울러 김 신임 원장은 한국보건의료연구원 연구위원...",2026-09-22 17:04,https://www.newspim.com/news/view/20260922001109,https://www.newspim.com/news/view/20260922001109
서울대학교,한국강사신문,카이스트 신임 이사장에 권오현 前 삼성전자 회장…'반도체 초격차' 경...,권 신임 이사장은 서울대학교 전기공학과를 졸업한 뒤 1977년 KAIST에서 전기공학 석사학위를 취득했다. 이후 미국 스탠퍼드대학교에서 전기공학 박사학위를 받은 뒤 1985년 미국 삼성반도체연구소 연구원으로 삼성에...,2026-09-22 17:04,https://www.lecturernews.com/news/articleView.html?idxno=211011,https://www.lecturernews.com/news/articleView.html?idxno=211011
서울대학교,JEJUMAEIL,"""일관성 없는 정책 추진 행정 불신 자초할 수 있다""","송 의장은 또한 최근 정부가 추진하는 '서울대 10개 만들기' 사업에서 제주가 제외되자 '홀대 우려'가 커지는 것에는 ""국가균형발전은 어느 지역도 예외가 돼서는 안 된다. 거점국립대학 육성과 지역혁신의 기회가...",2026-09-22 17:04,https://www.jejumaeil.net/news/articleView.html?idxno=404989,https://www.jejumaeil.net/news/articleView.html?idxno=404989
서울대학교,VEGANNEWS,"대학 식단의 ‘NO MEAT’, 비건 메뉴와 구분해 읽어야","서울대·서울교대 공개 식단, 주메뉴 표시와 한 끼 구성의 차이 대학 식당에서 채식 메뉴를 찾을 때는 메뉴 옆... 서울교육대학교의 9월 21~25일 주간 식단은 날짜와 끼니별로 국·주찬·반찬을 함께 나열한다. 21일 중식에는...",2026-09-22 17:04,https://www.vegannews.co.kr/news/article.html?no=386496,https://www.vegannews.co.kr/news/article.html?no=386496
서울대학교,FETV,"두나무 'UIS 2026' 개최, 글로벌 금융 리더 모은다","두나무가 29일 서울 광진구 그랜드 워커힐 서울에서 '업비트 인스티튜셔널 서밋(UIS)을 개최한다고 밝혔다.... 토론에는 서울대 이종섭 경영대학 교수부터 두나무 최원석 해외사업총괄, 하나금융지주 엄태성 상무...",2026-09-22 17:02,https://www.fetv.co.kr/news/articleView.html?idxno=310690,https://www.fetv.co.kr/news/articleView.html?idxno=310690
서울대학교,컨슈머타임스,"경기도교육청, 초등 학생평가 콘퍼런스 및 'Real Arts Story'개최",경기도교육청은 지난 19일 서울대학교 시흥캠퍼스에서 도내 초등 교원과 교육전문직원 200여 명이 참석한... 1부에서는 김누리 중앙대학교 교수가 '미래사회와 교육'을 주제로 특강을 맡아 급변하는 사회 변화 속 미래...,2026-09-22 17:02,https://www.cstimes.com/news/articleView.html?idxno=721607,https://www.cstimes.com/news/articleView.html?idxno=721607
서울대학교,전자신문,"[창간기획]중국은 로봇을 '써보고' 한국은 '만든다'…K로봇, 실증 생태계...",조규진 서울대 로보틱스 국가연구소장은 피지컬 인공지능(AI) 로봇의 과제로 비정상 작동을 꼽았다. 조 소장은 “데이터를 많이 넣어 작동하도록 만들더라도 언제 되고 언제 안 되는지를 모른다면 실전에 투입하기...,2026-09-22 17:01,https://www.etnews.com/20260914000319,https://n.news.naver.com/mnews/article/030/0003469532?sid=101
고려대학교,전자신문,[창간기획]안형준 국가데이터처장 “AI 경쟁력은 데이터…'한국형 DB' 만...,"○안형준 국가데이터처장은… 고려대 경제학과를 졸업하고 행정고시 40회로 공직에 입문해 통계청 경제통계국장, 통계데이터허브국장, 통계정책국장, 통계청 차장 등 주요 보직을 거치며 경제통계와 데이터 정책...",2026-09-22 17:01,https://www.etnews.com/20260909000335,https://n.news.naver.com/mnews/article/030/0003469522?sid=100
연세대학교,뉴스핌,"정부 정책에 '사회적 가치' 제도화 추진…행안부, 사회적 가치 확산·제...","이어진 토론에서는 남궁근 서울과학기술대학교 교수가 좌장을 맡고 최영준 연세대학교 교수, 이희숙 변호사, 장지연 한국사회가치연대기금 사무총장, 김영식 전국 사회연대경제 지방정부협의회 사무국장, 이병철 행안부...",2026-09-22 17:00,https://www.newspim.com/news/view/20260922000393,https://www.newspim.com/news/view/20260922000393
서울대학교,지디넷코리아,"아크릴, 650억 피지컬 AI 국책과제서 로봇 검증 맡아","이번 과제는 성균관대학교 산학협력단이 주관한다. 올 8월부터 2030년 12월까지 4년 5개월간 진행한다. 총 사업비는 약 650억 원이다. 이중 정부지원금은 450억 원 이다. 아크릴을 비롯해 KAIST, 서울대학교...",2026-09-22 17:00,https://zdnet.co.kr/view/?no=20260922165942,https://n.news.naver.com/mnews/article/092/0002438530?sid=105
서울대학교,뉴스티앤티,"서산중앙고등학교, 제33회 졸업생 이기욱 동문 기탁 장학금 수여식 개최","장학금을 기부해 준 PT.KARIS(주) 대표 이기욱 회장은 서산중앙고등학교 33회 졸업생으로 서울대학교를 졸업하고 현재 인도네시아에서 PT.KARIS를 이끌고 있으며, 약 17년 동안 한국과 인도네시아를 오가며 방산 분야에서...",2026-09-22 17:00,https://www.newstnt.com/news/articleView.html?idxno=719771,https://www.newstnt.com/news/articleView.html?idxno=719771
연세대학교,뉴스1,"윤호중 ""사회적가치기본법 제정 힘쓸 것""…공공정책에 사회적 가치 반영","이어 남궁근 서울과학기술대 교수를 좌장으로 최영준 연세대 교수, 이희숙 변호사, 장지연 한국사회가치연대기금 사무총장, 김영식 전국 사회연대경제 지방정부협의회 사무국장, 이병철 행안부 참여혁신국장 등이 제도화...",2026-09-22 17:00,https://www.news1.kr/local/moi/6298315,https://n.news.naver.com/mnews/article/421/0009187067?sid=102
서울대학교,보건뉴스,"일산퍼스트정형외과의원 개원… ""평일 야간·주말·공휴일 진료""","특히 분당서울대학교병원 관절센터 외래교수와 정형외과 임상자문위원을 역임하며 풍부한 임상경험을 쌓아온 정학순 대표원장이 직접 진료를 맡는다. 병원 측은 환자 개개인의 증상과 생활 습관, 질환의 진행 단계에 맞춘...",2026-09-22 16:58,http://www.bokuennews.com/news/article.html?no=284646,http://www.bokuennews.com/news/article.html?no=284646
서울대학교,한국강사신문,"위캔캠프, 2027년 겨울방학캠프 '슈퍼 얼리버드' 모집… 참가비 할인 프...",한국진로개발원(대표 이원석)이 주관하는 서울대 멘토링 프로그램 위캔캠프가 2027년 겨울방학캠프... 서울대 재학생 멘토진과의 1:1 밀착 멘토링을 통해 개별 학습 태도와 과목별 취약점을 파악하고 맞춤형 학습 계획...,2026-09-22 16:58,https://www.lecturernews.com/news/articleView.html?idxno=211010,https://www.lecturernews.com/news/articleView.html?idxno=211010
고려대학교,이데일리,이정현 임명에 구자현 檢총장 대행 퇴임식…비공개 진행,이 차장은 전남 나주 출신으로 영산포상고와 고려대 법학과를 졸업했다. 제37회 사법시험에 합격한 뒤 1998년 서울지검 북부지청에서 검사 생활을 시작했다. 대검 감찰2과장과 서울중앙지검 여성아동범죄조사부장...,2026-09-22 16:58,https://www.edaily.co.kr/News/Read?newsId=04457526645582744&mediaCodeNo=257&utm_source=naver&utm_medium=referral&utm_campaign=news_syndication&utm_content=original_article,https://n.news.naver.com/mnews/article/018/0006374498?sid=102
고려대학교,TAXTIMES,[프로필]국세청 과장급 전보자(1명),이규성 서울지방국세청 조사3국 조사3과장 ▷1982년 ▷경기 양평 ▷대일외고 ▷고려대 ▷행시54회 ▷서울청 조사2국 ▷국세청 국제조세관리관 상호합의담당관실 ▷통영세무서장 ▷국세공무원교육원...,2026-09-22 16:58,https://www.taxtimes.co.kr/news/article.html?no=277007,https://www.taxtimes.co.kr/news/article.html?no=277007
서울대학교,MYGOYANG,"동국대 BMC ""AI·바이오로 고양시 도약 이끈다""",""" ""5년 내 코스닥 상장사를 배출하겠다""며 경기북부 바이오 실리콘밸리 구상을 밝혀온 동국대학교... 성 부총장은 ""서울대, 카이스트 같은 유수 대학들과 맞붙어 대형 국책사업을 따내려면 지역사회가 먼저 힘을 실어줘야...",2026-09-22 16:56,http://www.mygoyang.com/news/articleView.html?idxno=90473,http://www.mygoyang.com/news/articleView.html?idxno=90473
고려대학교,파이낸셜포스트,"윤승주 고대 안암병원 교수, 캄보디아 의료인력 교육 기여...왕립훈장 수...","윤승주 고려대학교 안암병원 마취통증의학과 교수가 캄보디아 암 의료체계 구축과 현지 의료인력 양성에 기여한 공로로 왕립 모니사라폰 훈장(Royal Order of Monisaraphon)을 받았다. 22일 고려대 안암병원에 따르면, 왕립...",2026-09-22 16:56,https://www.financialpost.co.kr/news/articleView.html?idxno=277120,https://www.financialpost.co.kr/news/articleView.html?idxno=277120
고려대학교,연합뉴스,"""덜 치명적·더 쏴야할 수도""…경찰 도입추진 '저위험 권총' 효과는","김남렬 고려대 구로병원 응급중환자외상외과 교수는 ""서혜부 인근 혈관은 피부에서 2㎝ 정도 깊이에 있어 탄환이 5㎝ 들어가면 혈관이 손상될 수 있다""며 ""저위험권총이니 안전하다고 생각해 피격자를 괜찮을 것이라고...",2026-09-22 16:54,https://www.yna.co.kr/view/AKR20260922163600004?input=1195m,https://n.news.naver.com/mnews/article/001/0016330453?sid=102
고려대학교,INTN,[프로필] 이규성 서울지방국세청 조사3국 조사3과장,"이 과장은 1982년 서울 출신으로 고려대학교를 졸업하고 행정고시 54회로 공직에 입문, 국세청과 인연을 맺었다. 서대구세무서 운영지원과장, 남양주세무서 재산세1과장, 국세청 징세5팀장, 서울청 조사2국 조사관리과...",2026-09-22 16:54,http://www.intn.co.kr/news/articleView.html?idxno=2053599,http://www.intn.co.kr/news/articleView.html?idxno=2053599
고려대학교,KSILBO,"울산과학대학교 여자축구부 U-20 여자 월드컵 12년 만의 8강 견인,, 대표...","울산과학대학교 소속으로, 단일 대학 가운데 가장 많았다. 한국은 C조에서 프랑스와 1대1로 비기고 가나에... 대학교는 준결승에서 강원도립대학교를 승부차기 끝에 4대2로 꺾고 결승에 올랐다. 결승 상대인 고려대학...",2026-09-22 16:52,https://www.ksilbo.co.kr/news/articleView.html?idxno=1068050,https://www.ksilbo.co.kr/news/articleView.html?idxno=1068050
서울대학교,THEDAILYPOST,"두나무, '업비트 인스티튜셔널 서밋' 개최…글로벌 디지털 금융 미래 논...","인사들을 서울로 초청해 디지털 금융의 새로운 질서와 발전 방향을 모색한다. 두나무는 오는 29일 서울... 이종섭 서울대 교수가 좌장을 맡고 최원석 두나무 해외사업총괄, 엄태성 하나은행 그룹장, 안인성 한화투자증권...",2026-09-22 16:52,https://www.thedailypost.kr/news/articleView.html?idxno=115771,https://www.thedailypost.kr/news/articleView.html?idxno=115771
고려대학교,DOCTORSNEWS,'2026 CMAAO 서울총회'가 한국 의료에 남긴 과제,"안덕선 대한의사협회 의료정책연구원장(고려대 의대 명예교수) 아시아·오세아니아의사회 연맹(Confederation of Medical Associations in Asia and Oceania, CMAAO) 총회가 9월 2∼4일까지 2박 3일간 서울에서 성료됐다. CMAAO는...",2026-09-22 16:52,http://www.doctorsnews.co.kr/news/articleView.html?idxno=166413,http://www.doctorsnews.co.kr/news/articleView.html?idxno=166413
서울대학교,EBN,"산은, 전북·경북·경남과 '피지컬 AI' 지역거점 키운다",서울대 로보틱스연구소 박종우 교수의 강연도 진행됐다. 산업은행은 전북·경북·경남의 피지컬 AI와 제조 AX 관련 기업에 국민성장펀드 자금을 공급하는 등 금융지원을 추진하고 있다. 전북에서는 원익로보틱스...,2026-09-22 16:52,https://www.ebn.co.kr/news/articleView.html?idxno=1725417,https://www.ebn.co.kr/news/articleView.html?idxno=1725417
서울대학교,SIMINSORI,"박관열 광주시장, ""태화산 학술림 활용방안 모색하겠다""",박관열 광주시장은 21일 도척면 상림리에 위치한 서울대학교 태화산 학술림에서 서울대학교 학술림장 등 관계자들이 참석한 가운데 태화산 학술림 생태 자원 활용과 상호 협력을 위한 회의를 개최했다. 이날 박 시장은...,2026-09-22 16:50,https://www.siminsori.com/news/articleView.html?idxno=401691,https://www.siminsori.com/news/articleView.html?idxno=401691
서울대학교,아시아투데이,다양한 복지아이템으로 주목받는 미래국제재단…사회 구석구석 비춘다,"현재는 이장무 전 서울대학교 총장이 재단 이사회 의장을 맡고 있고, 김종호 전 서울과학기술대학교 총장이 대표를 맡아 설립자들의 정신을 이어가고 있다.기부금을 넘어 '과정'과 '성과'를 관리하다""기부도 경영이다...",2026-09-22 16:50,https://www.asiatoday.co.kr/kn/view.php?key=20260917010006743,https://www.asiatoday.co.kr/kn/view.php?key=20260917010006743
서울대학교,DANBINEWS,이종상,"1938년 충남 예산에서 태어나 서울대 미술대학에서 동양화를 전공했다. 이후 서울대 박물관장과 미술관장을 지냈으며, 2003년 한국 문화·예술 발전에 기여한 공로로 은관문화훈장을 받았다. 1977년부터 수십 차례...",2026-09-22 16:50,https://www.danbinews.com/news/articleView.html?idxno=33748,https://www.danbinews.com/news/articleView.html?idxno=33748
서울대학교,WEEKLYTODAY,"[위클리오늘] 오산시 소나무재선충병 발생…경기도, 긴급방제대책회의...",'명랑한 은둔자' 프로그램은 9월 29일 김은영 서울대학교 의과대학 정신과 전문의와 고립·은둔 청년이 참여하는 온라인 강연으로 시작한다. 이후 10월 매주 화요일에는 감정과 경험을 표현하는 글쓰기 온라인 교육이...,2026-09-22 16:48,http://www.weeklytoday.com/news/articleView.html?idxno=795731,http://www.weeklytoday.com/news/articleView.html?idxno=795731
고려대학교,뉴스1,"""대북송금 수사, 잘못"" 이정현 대검 차장에…""공소취소 포석"" 술렁",이 고검장은 전남 나주 출신으로 고려대 법학과를 졸업하고 제37회 사법시험에 합격한 뒤 검사로 임관했다. 광주지검 부장검사였던 2018년 전두환 전 대통령을 5·18 민주화운동 관련 사자명예훼손 혐의로 불구속 기소했다....,2026-09-22 16:45,https://www.news1.kr/society/court-prosecution/6299280,https://n.news.naver.com/mnews/article/421/0009187015?sid=102
서울대학교,이데일리,추경호 “TK 패싱 유감”…미래대응기금엔 “지방의 미래 빼앗는 일”,경북대가 ‘서울대 10개 만들기’ 사업 대상에서 제외된 데 대해서도 문제의식을 나타냈다. 추 시장은 이러한 상황이 반복돼서는 안 된다며 정부와 여당에 지역 민심을 경청할 것을 요구했다. 동시에 지역 현안을...,2026-09-22 16:44,https://www.edaily.co.kr/News/Read?newsId=04421446645582744&mediaCodeNo=257&utm_source=naver&utm_medium=referral&utm_campaign=news_syndication&utm_content=original_article,https://n.news.naver.com/mnews/article/018/0006374492?sid=100
고려대학교,아시아경제,민간발전사는 죽음의 코스?…'한국발전' 출범에 전력시장 요동,"주성관 고려대학교 전기전자공학부 교수는 ""2025년 한국전력 전력 구입량을 기준으로 발전 5사의 통합... 전우영 서울과학기술대학교 에너지정책학과 교수는 ""발전 공기업의 통합은 전체 발전량의 30~40%를 감당하는 거대...",2026-09-22 16:44,https://view.asiae.co.kr/article/2026092216444162480,https://n.news.naver.com/mnews/article/277/0005820085?sid=101
서울대학교,SISUNNEWS,"(주)어라운드바디, 냄새 원인 제거하는 생리대 '닥터지혜 데오락' 출시","서울대학교병원 산부인과 전문의와의 공동개발 유래 스토리를 바탕으로 한 제품으로, 지혜의 클리니컬 라인으로 출시됐다는 설명이다. 어라운드바디 관계자는 ""제품에는 항균·소취 소재 '데오텍스(Deotex)'가...",2026-09-22 16:44,http://www.sisunnews.co.kr/news/articleView.html?idxno=246575,http://www.sisunnews.co.kr/news/articleView.html?idxno=246575
서울대학교,경향신문,"산은, 전북·경북·경남에 ‘피지컬 AI 거점’…정책금융·지역은행 손잡...",산은은 22일 서울 여의도 본점에서 금융위원회·과학기술정보통신부와 전북특별자치도·경상북도·경상남도... 원익로보틱스·로보티즈 등 피지컬AI 관련 기업들의 기술 시연 및 서울대 로보틱스연구소 박종우 교수가...,2026-09-22 16:44,https://www.khan.co.kr/article/202609221644001,https://n.news.naver.com/mnews/article/032/0003472038?sid=101
연세대학교,팍스경제TV,"세브란스병원, '당뇨병' 초기 중증도·단기간 진행 양상 따라 췌장암 위...","연세대 세브란스병원 소화기내과 정문재 교수와 내분비내과 이민영 교수, 의대 예방의학교실 장성인 교수, 연구지원부 유민희 연구원은 신규 발생 당뇨병의 초기 중증도와 단기간의 진행 양상이 췌장암 발생 위험과...",2026-09-22 16:44,http://www.paxetv.com/news/articleView.html?idxno=282581,http://www.paxetv.com/news/articleView.html?idxno=282581
고려대학교,조선일보,"튜링 GPAI, 대학생 대상 AI 기능 3종 추가…문제생성·자료관리·PPT 제작...","현재 서울대학교와 고려대학교, 성균관대학교 등을 포함해 국내 25개 이상 대학에서 사용하는 강의 포털을 지원하고 있으며, 지원 범위를 확대할 계획이다. 신지은·김지윤 튜링 공동대표는 “강의자료 정리부터 시험...",2026-09-22 16:40,https://edu.chosun.com/site/data/html_dir/2026/09/22/2026092280174.html,https://edu.chosun.com/site/data/html_dir/2026/09/22/2026092280174.html
서울대학교,조선일보,"튜링 GPAI, 대학생 대상 AI 기능 3종 추가…문제생성·자료관리·PPT 제작...","현재 서울대학교와 고려대학교, 성균관대학교 등을 포함해 국내 25개 이상 대학에서 사용하는 강의 포털을 지원하고 있으며, 지원 범위를 확대할 계획이다. 신지은·김지윤 튜링 공동대표는 “강의자료 정리부터 시험...",2026-09-22 16:40,https://edu.chosun.com/site/data/html_dir/2026/09/22/2026092280174.html,https://edu.chosun.com/site/data/html_dir/2026/09/22/2026092280174.html
서울대학교,KMEDINFO,"""글로벌 임상 늘었지만 과제는 여전""","이날 토론에는 반준우 서울아산병원 임상시험센터 소장, 이경훈 서울대학교병원 혈액종양내과 교수, 김승환 신나는센터 상임이사, 최재연 길리어드 코리아 대표가 패널로 참석했다. 길리어드 코리아는 이날 간담회에서...",2026-09-22 16:40,http://www.kmedinfo.co.kr/news/articleView.html?idxno=97868,http://www.kmedinfo.co.kr/news/articleView.html?idxno=97868
고려대학교,베리타스알파,"[단독][2027정시] 39개 의대 984명 모집 '7명 감소'.. 역대 최대 N수생, 개...",반영하는 대학이 늘어나고 있다. 올해 학생부를 반영하는 의대는 서울대 고려대 부산대 연세대 중앙대... 같은 모집군 대학에는 복수지원할 수 없지만 대학별고사 준비와 이동계획을 고려해 일정을 확인할 필요가...,2026-09-22 16:38,https://www.veritas-a.com/news/articleView.html?idxno=629284,https://www.veritas-a.com/news/articleView.html?idxno=629284
서울대학교,베리타스알파,"[단독][2027정시] 39개 의대 984명 모집 '7명 감소'.. 역대 최대 N수생, 개...",올해 학생부를 반영하는 의대는 서울대 고려대 부산대 연세대 중앙대 한양대의 6개교로 231명 규모다.... /사진=서울아산병원 제공  2027정시 의대...,2026-09-22 16:38,https://www.veritas-a.com/news/articleView.html?idxno=629284,https://www.veritas-a.com/news/articleView.html?idxno=629284
연세대학교,베리타스알파,"[단독][2027정시] 39개 의대 984명 모집 '7명 감소'.. 역대 최대 N수생, 개...","때문에 지원 단계서부터 면접에 자신 없는 수험생은 합격 불확실성이 존재하는 비율 반영 대학 대신, 결격 여부 판단 대학으로 몰리는 경향이 있다. 가톨릭대 아주대 연세대 한림대는 면접점수를 총점에 반영한다....",2026-09-22 16:38,https://www.veritas-a.com/news/articleView.html?idxno=629284,https://www.veritas-a.com/news/articleView.html?idxno=629284
연세대학교,파이낸셜뉴스,"연대생, 내년부터 매년 15명 옥스퍼드대서 여름 수업 듣는다",오는 2027년부터 연세대학교 재학생 매년 최대 15명이 영국 옥스퍼드대학교 엑서터 칼리지(Exeter College) 하계... 2010년 이후 지금까지 옥스퍼드대 학생 약 25명이 연세대의 국제하계대학(YISS) 및 국제동계대학(WAY)에...,2026-09-22 16:34,https://www.fnnews.com/news/202609221632442475,https://n.news.naver.com/mnews/article/014/0005579811?sid=102
서울대학교,MEDIAWATCH,[법조인 문학관] 가을 엽서 16 – 주광일,1979년 서울대학교 대학원에서 법학박사 학위를 취득했다. 2006년에는 미국 노스웨스턴대학교 로스쿨을... 서울지방검찰청 북부지청 차장검사로 있던 1989년 9월 18일부터 나흘간 홍콩에서 열린 아시아지역법률가회의에...,2026-09-22 16:34,https://www.mediawatch.kr/news/article.html?no=261152,https://www.mediawatch.kr/news/article.html?no=261152
고려대학교,주간한국,"고려대 경영대학, QS 글로벌 MBA 국내 1위…ROI 세계 9위",사진=고려대  고려대 경영대학이 글로벌 대학평가기관 QS(Quacquarelli Symonds)가 발표한 '2027 QS 글로벌 MBA 평가'에서 전 세계 424개 프로그램 가운데 75위(아시아 11위)로 국내 1위를 차지했다고 22일 밝혔다....,2026-09-22 16:34,https://weekly.hankooki.com/news/articleView.html?idxno=7185660,https://weekly.hankooki.com/news/articleView.html?idxno=7185660
연세대학교,팜뉴스,"한미약품, ESC 2026서 '아모잘탄' 성분 코호트 연구 공개","연구 책임자인 배성아 연세대학교 용인세브란스병원 심장내과 교수는 ""고혈압 환자의 상당수에서 고요산혈증이 동반되는 만큼 혈압 치료 시 요산 수치 관리가 병행돼야 한다""라며 ""로사르탄과 암로디핀...",2026-09-22 16:34,https://www.pharmnews.com/news/articleView.html?idxno=306487,https://www.pharmnews.com/news/articleView.html?idxno=306487
서울대학교,ILYO,"손경식 CJ그룹 회장 장남, 첫 100% 개인회사 제이에이치원 설립",“회사 차원에서 확인할 수 있는 내용이 없다”고 설명했다. 김우진 서울대 경영대학원 교수는 “성장 과정에서 회사의 거래나 자금 이동이 ‘터널링’으로 비치지 않도록 투명성을 확보할 필요가 있다”고 말했다.,2026-09-22 16:30,https://ilyo.co.kr/?ac=article_view&entry_id=512860,https://ilyo.co.kr/?ac=article_view&entry_id=512860
서울대학교,SISAON,"이준희 삼성SDS 대표, 실적 딛고 'AI 풀스택' 정조준 [오늘의 리더]",1969년생으로 서울대 전자공학 학부를 졸업하고 미국 매사추세츠공과대학(MIT)에서 전기전자공학 석·박사 학위를 받았다. 2006년 삼성전자 DMC연구소에 합류한 뒤 무선사업부 기술전략팀장과 네트워크사업부...,2026-09-22 16:30,https://www.sisaon.co.kr/news/articleView.html?idxno=204673,https://www.sisaon.co.kr/news/articleView.html?idxno=204673
연세대학교,FNTODAY,병원도 'AI 도입' 넘어 '업무 전환' 시대로…반복 업무 줄이고 환자경험...,"연세대학교에서 보건학 석사, 한양대학교에서 경영학 박사 학위를 받았으며 의료광고, 온라인 입소문, 환자경험, 병원 경영 분야를 연구해 왔다. 현재 호인을 운영하며 병원 경영컨설팅과 마케팅, 조직교육 및 대학...",2026-09-22 16:30,https://www.fntoday.co.kr/news/articleView.html?idxno=393706,https://www.fntoday.co.kr/news/articleView.html?idxno=393706
연세대학교,SRTIMES,"위고비·마운자로 사용 후 실명?…의료계 ""인과관계 불분명""","미국서 NAION 발생 환자, 제조사 상대 소송…관련 연구 결과 엇갈려 차봉수 연세의대 내분비내과 교수... 차봉수 연세대 의과대학 내분비내과 교수는 ""GLP-1계열 비만치료제와 NAION 간 직접적인 인과관계가 있다고 보기는...",2026-09-22 16:30,http://www.srtimes.kr/news/articleView.html?idxno=213123,http://www.srtimes.kr/news/articleView.html?idxno=213123
고려대학교,TODAYENERGY,5개 발전공기업 통합 우려 목소리 나와,"이날 세미나에서 김윤경 이화여대 교수가 '일본의 도소매 전력시장 개방', 주성관 고려대 교수가 '국내... 먼저 조홍종 단국대학교 교수는 ""발전사 통합은 경제성을 뒷전으로 하고 재생에너지 확대를 위해 발전공기업을...",2026-09-22 16:30,https://www.todayenergy.kr/news/articleView.html?idxno=303425,https://www.todayenergy.kr/news/articleView.html?idxno=303425
서울대학교,뉴데일리,"광주시, 서울대 태화산 학술림 생태 자원 활용 방안 논의… ""시민 함께...",뉴데일리 천진철 기자 = 광주시(시장 박관열)는 지난 21일 도척면 상림리에 위치한 서울대학교 태화산 학술림에서 박관열 시장과 서울대학교 학술림장 등 관계자들이 참석한 가운데 태화산 학술림 생태 자원 활용과 상호...,2026-09-22 16:26,https://gg.newdaily.co.kr/site/data/html/2026/09/22/2026092200276.html,https://gg.newdaily.co.kr/site/data/html/2026/09/22/2026092200276.html
연세대학교,파이낸셜뉴스,"숭실대 동아리 '두루', 수도권 대학 창업 워크숍서 우수상","숭실대학교 학생 창업동아리 '두루(DURU)'가 수도권 주요 대학이 참가한 창업 경진대회에서 디자인권에... 아주대, 연세대, 이화여대 등 수도권 14개 대학에서 총 27개 창업동아리가 참여했다. 행사 기간 참가자들은 창업...",2026-09-22 16:24,https://www.fnnews.com/news/202609221622405677,https://n.news.naver.com/mnews/article/014/0005579803?sid=102
연세대학교,아주경제,[갈 곳 없는 세입자] 2000가구 단지에 전세 1건…이사 포기하는 세입자...,고준석 연세대 상남경영원 교수는 “실거주 요건과 토지거래허가구역 지정 등 영향으로 전월세로 공급될 수 있는 매물 자체가 줄어들고 있다”며 “등록임대사업자의 임대기간 종료도 전세 물량 감소에 영향을 미치고...,2026-09-22 16:24,https://www.ajunews.com/view/20260922152755480,https://www.ajunews.com/view/20260922152755480
서울대학교,INSNEWS,'2기 경제팀' 이끄는 이형일… 靑정책실장 공백 속 리더십 주목,"이 부총리는 서울대 경제학과 89학번이고 행시 36회로 입문해서 김정관(87학번) 산업부 장관의 입직 동기이면서 과 후배다. 이억원(86학번, 35회) 금융위원장은 같은 과 선배이자 행시 1년 선배다. 정부의 또 다른 관계자는...",2026-09-22 16:24,https://www.insnews.co.kr/news/articleView.html?idxno=92982,https://www.insnews.co.kr/news/articleView.html?idxno=92982
연세대학교,메디파나뉴스,"한미약품 '아모잘탄' 성분 병용요법, 통풍 위험 감소 연관성 확인","배성아 연세대학교 용인세브란스병원 심장내과 교수는 ""이번 연구에서 로사르탄·암로디핀 병용요법은 주요 심혈관 사건 위험을 유의하게 낮추는 동시에 비교된 ARB·암로디핀 병용요법 가운데 유일하게 복용 중단군...",2026-09-22 16:20,https://www.medipana.com/news/articleView.html?idxno=418143,https://www.medipana.com/news/articleView.html?idxno=418143
서울대학교,MHJ21,"두나무, 'UIS 2026' 개최…""글로벌 정책·금융 리더 한자리에""","두나무는 오는 29일 서울 광진구 그랜드 워커힐 서울에서 '업비트 인스티튜셔널 서밋(Upbit Institutional... 이종섭 서울대학교 경영대학 교수를 좌장으로 최원석 두나무 해외사업총괄(CGBO, Chief Global Business Officer)...",2026-09-22 16:20,https://www.mhj21.com/news/articleView.html?idxno=254059,https://www.mhj21.com/news/articleView.html?idxno=254059
연세대학교,CNB뉴스,"기업은행, 군인·군무원 ·군인 가족 위한 'IBK 패밀리콘' 성료","연세대학교 대학원 신학 석사 및 박사 학위를 받았다. 주로 부모 교육과 가족, 중년과 노년의 삶에 대해 강의하면서 소통 전문가로 활동하고 있다. 현재 숭실사이버대학교 특임교수로 일하고 있고 한국노인상담센터...",2026-09-22 16:20,https://www.cnbnews.com/news/articleView.html?idxno=1016955,https://www.cnbnews.com/news/articleView.html?idxno=1016955
연세대학교,메디칼타임즈,"한미 아모잘탄, 고혈압 치료 넘어 통풍 위험도 낮춘다","주요 심혈관 사건(MACE) 위험은 로사르탄을 포함한 모든 ARB 병용군에서 낮아졌다.연세대학교... 연구 책임자인 연세대 용인세브란스병원 심장내과 배성아 교수는 ""최근 현대인의 식생활 변화 등으로 요산 관리의...",2026-09-22 16:20,https://www.medicaltimes.com/Main/News/NewsView.html?ID=1170845&ref=naverpc,https://www.medicaltimes.com/Main/News/NewsView.html?ID=1170845&ref=naverpc
서울대학교,매일경제,독도 바닷속에서 찾은 ‘새 생명’…신종 미세조류 ‘독도엔시스’ 발...,경기도·서울대 공동출연법인 차세대융합기술연구원은 연구팀이 독도 해역에서 새로운 저서부착성 와편모조류를 발견해 ‘Gambierdiscus dokdoensis’로 명명했다고 22일 밝혔다. 연구팀은 2024년 9월 독도 혹돔굴 인근 수심...,2026-09-22 16:18,https://www.mk.co.kr/article/12159482,https://n.news.naver.com/mnews/article/009/0005739059?sid=102
서울대학교,SOCIALVALUE,"두나무, 글로벌 금융·정책 리더 한자리에… ‘업비트 인스티튜셔널 서...","▲두나무가 오는 29일 서울 광진구 그랜드 워커힐 서울에서 ‘업비트 인스티튜셔널 서밋(Upbit... 이종섭 서울대학교 경영대학 교수를 좌장으로 최원석 두나무 해외사업총괄(CGBO, Chief Global Business Officer)...",2026-09-22 16:16,https://www.socialvalue.kr/news/view/1065597273653981,https://www.socialvalue.kr/news/view/1065597273653981
서울대학교,글로벌경제신문,"﻿[AI의료]신테카바이오, 의견거절 후 재감사·경영정상화 본격화 外 제...","현재 서울아산병원, 서울대학교병원, 가톨릭대학교 서울성모병원 등 국내 30여 개 병원에서 NGAS를 사용 중이며, 엔젠바이오는 이 탄탄한 고객 기반을 발판으로 NGAS 2.0의 도입을 신속히 확대할 계획이다. 향후에는 자사...",2026-09-22 16:16,https://www.getnews.co.kr/news/articleView.html?idxno=881586,https://www.getnews.co.kr/news/articleView.html?idxno=881586
서울대학교,EPNC,"튜링, 대학생 AI 앱 'GPAI' 기능 확대…문제생성·AI 드라이브·PPT 추가","튜링에 따르면 현재 서울대학교와 고려대학교, 성균관대학교 등을 포함해 국내 25개 이상 대학에서 사용하는 강의 포털을 지원하고 있으며 지원 범위를 계속해서 넓힐 계획이다. 신지은·김지윤 튜링 공동대표는 ""이번...",2026-09-22 16:16,https://www.epnc.co.kr/news/articleView.html?idxno=407305,https://www.epnc.co.kr/news/articleView.html?idxno=407305
고려대학교,EPNC,"튜링, 대학생 AI 앱 'GPAI' 기능 확대…문제생성·AI 드라이브·PPT 추가","튜링에 따르면 현재 서울대학교와 고려대학교, 성균관대학교 등을 포함해 국내 25개 이상 대학에서 사용하는 강의 포털을 지원하고 있으며 지원 범위를 계속해서 넓힐 계획이다. 신지은·김지윤 튜링 공동대표는 ""이번...",2026-09-22 16:16,https://www.epnc.co.kr/news/articleView.html?idxno=407305,https://www.epnc.co.kr/news/articleView.html?idxno=407305
고려대학교,KYONGBUK,청송 인재양성원 17년…교육 때문에 떠나는 가구 줄인다,"수도권 대학 29명, 대구·경북권 38명, 기타 지역 대학 20명이다. 2026학년도에는 고려대와 경희대, 경북대, 부산대 등을 포함해 16명의 합격자를 배출했다. 하지만 인재양성원의 역할을 대학 합격자 수만으로 평가하기는...",2026-09-22 16:16,https://www.kyongbuk.co.kr/news/articleView.html?idxno=4085154,https://www.kyongbuk.co.kr/news/articleView.html?idxno=4085154
고려대학교,ELECTIMES,"발전 5社 합쳐 33% 공룡?…""경쟁 소멸, 독점 회귀할 판""","주성관 고려대 교수는 ""단순히 시장점유율이 많다고 해서 시장지배력을 행사한다고 말할 수 없다""며 특정 시간과 지역에서 통합 발전사를 대체할 사업자가 있는지를 따져야 한다고 말했다. 시장지배력 여부는 점유율...",2026-09-22 16:14,https://www.electimes.com/news/articleView.html?idxno=372749,https://www.electimes.com/news/articleView.html?idxno=372749
연세대학교,강원도민일보,"""아픈 아이 돌보는 부모 힘냈으면""...추석 연휴 25개 병원 응급실 운영","국군춘천병원, 인성병원, 강원대병원, 한림대춘천성심병원, 성지병원, 연세대원주세브란스기독병원, 원주의료원, 강릉아산병원, 강릉의료원, 근로복지공단동해병원, 동해동인병원, 근로복지공단태백병원, 온재병원...",2026-09-22 16:14,https://www.kado.net/news/articleView.html?idxno=2074428,https://n.news.naver.com/mnews/article/654/0000202081?sid=102
고려대학교,전북일보,[기고] ‘환경 피지컬 AI’는 전북이 가야 할 길,"그러함에도 정동영 국회의원의 노력으로 ‘피지컬 AI 거점’ 지정(2025.8.)과 1조 원 예산 확보, 예타 면제의 성과로 전북대를 중심으로 네이버, 리벨리온, SK텔레콤, 카이스트, 고려대가 협업한 궤도 위에 전북과 현대차의...",2026-09-22 16:14,https://www.jjan.kr/article/20260915500596,https://www.jjan.kr/article/20260915500596
고려대학교,TV리포트,"개구기 착용한 '스펀지' 실험맨, 영탁이었다…""무명시절 장민호와 함께...","지상파 음악방송 무대를 성공적으로 마친 영탁은 오는 10월 3일부터 5일까지 서울 고려대학교 화정체육관에서 단독 콘서트 'TAK SHOW5'를 개최하며 전주, 대구, 인천, 부산으로 이어지는 전국투어로 팬들과 반가운 만남을...",2026-09-22 16:13,https://www.tvreport.co.kr/entertainment/article/1077541/,https://m.entertain.naver.com/article/213/0001402087
연세대학교,서울경제,"“‘연세대 치대생’ 본분 망각하고 반바지 입어, 부끄럽다”…반성문...","연세대학교 치과대학에서 반바지를 입고 등교했다는 이유로 학생들이 손글씨 반성문을 작성하고, 이 반성문이 강의실에 게시된 사실이 알려져 논란이 일고 있다. 반바지 입었다고 “큰 결격사유” 21일 연합뉴스...",2026-09-22 16:13,https://www.sedaily.com/article/20094070?ref=naver,https://n.news.naver.com/mnews/article/011/0004664590?sid=102
서울대학교,뉴데일리,"""독도에 이런 생물이?""… 융기원, 신종 와편모조류 '독도엔시스' 발견",뉴데일리 김현우 기자 = 경기도·서울대학교 공동출연법인 차세대융합기술연구원(융기원) 연구팀이 독도 해역에서 기존에 정식 분류되지 않았던 새로운 와편모조류를 발견해 학계에 공식 보고했다. 융기원은 독도...,2026-09-22 16:12,https://gg.newdaily.co.kr/site/data/html/2026/09/22/2026092200242.html,https://gg.newdaily.co.kr/site/data/html/2026/09/22/2026092200242.html
고려대학교,연합뉴스,해법 못찾는 대법관 제청 갈등…내년 6월 조희대 퇴임까지 이어지나,"차진아 고려대 로스쿨 교수는 ""대법원장이 제청한 후보에 대해 어떤 문제를 제기하면서 '부적법하니 다시 제청해달라'는 것이면 모르겠지만 왜 손 후보자 임명을 거부하는지 아무런 근거가 없지 않으냐""며 ""의문이 들...",2026-09-22 16:12,https://www.yna.co.kr/view/AKR20260922151500004?input=1195m,https://n.news.naver.com/mnews/article/001/0016330275?sid=102
고려대학교,NEWSCJ,병뚜껑 1200개가 마라톤 메달로… 청년들이 바꾼 서울 캠퍼스,참여 대학은 건국대·고려대·동국대·서울대·서울여대·연세대·광운대·숙명여대·한양대·국민대·성신여대·세종대·서울과학기술대·이화여대 등이며 관악구 지역 청년팀도 참여했다. 이번 활동에서 눈에 띄는...,2026-09-22 16:10,https://www.newscj.com/news/articleView.html?idxno=3434843,https://www.newscj.com/news/articleView.html?idxno=3434843
연세대학교,NEWSCJ,병뚜껑 1200개가 마라톤 메달로… 청년들이 바꾼 서울 캠퍼스,연세대 농땡이팀은 대학 축제에서 병 385개와 병뚜껑 288개를 별도로 수거했다. 모은 병뚜껑은 키링으로 다시 제작했다. 한양대 한가지팀은 교내에 의류 기부함을 운영하고 의류 나눔 행사를 진행했다. 축제에서 사용한...,2026-09-22 16:10,https://www.newscj.com/news/articleView.html?idxno=3434843,https://www.newscj.com/news/articleView.html?idxno=3434843
연세대학교,DAILYPHARM,"""아모잘탄 성분 병용군, 12만8천명 분석 통풍 위험 감소""",연구 책임자인 배성아 연세대학교 용인세브란스병원 심장내과 교수는 “고혈압 치료 과정에서 요산 수치를 주의 깊게 살펴볼 필요가 있다”며 “이번 연구에서 로사르탄·암로디핀 병용요법은 주요 심혈관 사건 위험...,2026-09-22 16:10,https://www.dailypharm.com/user/news/342793?REFERER=NP,https://www.dailypharm.com/user/news/342793?REFERER=NP
고려대학교,DOCTORSTIMES,[오늘의 인사 및 동정] 9월 22일,"장 교수는 연세대학교 의과대학을 졸업하고 동 대학원에서 의학석사와 의학박사 학위를 취득했다. 이후... ■윤승주 고려대 안암병원 교수, 캄보디아 왕립 모니사라폰 훈장 수훈 윤승주 고려대 안암병원...",2026-09-22 16:10,http://www.doctorstimes.com/news/articleView.html?idxno=240122,http://www.doctorstimes.com/news/articleView.html?idxno=240122
연세대학교,DOCTORSTIMES,[오늘의 인사 및 동정] 9월 22일,"연세대학교 의과대학을 졸업하고 동 대학원에서 의학석사와 의학박사 학위를 취득했다. 이후 연세의대... 단국대학교 조직재생공학연구소(ITERN, 원장 김해원)와 협업한 뒤 연구를 수행했다. 연구팀은 은-세리아...",2026-09-22 16:10,http://www.doctorstimes.com/news/articleView.html?idxno=240122,http://www.doctorstimes.com/news/articleView.html?idxno=240122
고려대학교,DOCTORSTIMES,[병원계 소식] 9월 22일,"19일 고려대 구로병원을 시작으로 10월22일까지 전국 7개 주요 대학 및 종합병원에서 순차적으로 진행된다.... ■국제성모병원-한전 서인천지사, 추석 맞아 의료취약계층 지원 가톨릭관동대학교 국제성모병원(의료원장 겸...",2026-09-22 16:10,http://www.doctorstimes.com/news/articleView.html?idxno=240121,http://www.doctorstimes.com/news/articleView.html?idxno=240121
서울대학교,NEWSCJ,병뚜껑 1200개가 마라톤 메달로… 청년들이 바꾼 서울 캠퍼스,참여 대학은 건국대·고려대·동국대·서울대·서울여대·연세대·광운대·숙명여대·한양대·국민대·성신여대·세종대·서울과학기술대·이화여대 등이며 관악구 지역 청년팀도 참여했다. 이번 활동에서 눈에 띄는...,2026-09-22 16:10,https://www.newscj.com/news/articleView.html?idxno=3434843,https://www.newscj.com/news/articleView.html?idxno=3434843
연세대학교,DOCTORSTIMES,[병원계 소식] 9월 22일,"■국제성모병원-한전 서인천지사, 추석 맞아 의료취약계층 지원 가톨릭관동대학교 국제성모병원(의료원장... 정문재 연세대 세브란스병원(원장 이강영) 소화기내과 교수와 이민영 내분비내과 교수, 장성인 의대...",2026-09-22 16:10,http://www.doctorstimes.com/news/articleView.html?idxno=240121,http://www.doctorstimes.com/news/articleView.html?idxno=240121
서울대학교,PEOPLEWATCH,[투데이피플] 2기 경제사령탑 이형일…난제 헤쳐갈 조정능력 시험대에,"[이형일 프로필] ▲ 출생 : 1971년 (대구) ▲ 학력 : 대구 경상고등학교 졸업, 서울대학교 경제학과 학사, 미국 텍사스A&M대학교 경제학 박사 ▲ 주요 경력 : 행정고시 36회, 기획재정부 경제분석과장·종합정책과장...",2026-09-22 16:08,https://www.peoplewatch.co.kr/article/view/ppw202609220012,https://www.peoplewatch.co.kr/article/view/ppw202609220012
서울대학교,CATHOLICNEWS,"신은 죽었다, 니체의 능동적 허무주의와 불교","강남대 교수, 서울대 통일평화연구원 HK연구교수, 보훈교육연구원장 등을 지냈다. 신학, 불교학, 철학을 중심으로 이십여 년 종교학을, 십수 년 평화학을 강의하고 연구했으며, 아시아종교평화학회를 창립해...",2026-09-22 16:08,https://www.catholicnews.co.kr/news/articleView.html?idxno=35400,https://www.catholicnews.co.kr/news/articleView.html?idxno=35400
연세대학교,매일경제,잔뇨감에 야간뇨까지 … 중장년 배뇨 고민에 주목받는 특허 신소재,연세대 세브란스병원 비뇨의학과 연구팀은 전립선 비대로 배뇨 불편을 겪는 중장년 남성 84명을 대상으로 참당귀황기추출복합물과 위약을 12주 동안 섭취하도록 한 뒤 변화를 살펴봤다. 시험 결과...,2026-09-22 16:07,https://www.mk.co.kr/article/12159462,https://n.news.naver.com/mnews/article/009/0005739043?sid=103
서울대학교,아주경제,이주배경학생 20만 시대…'한국어 적응' 넘어 '비자·입시 사다리' 놓아...,강원 강릉교육지원청은 국립강릉원주대학교와 업무협약을 맺고 대학의 우수한 인적 자원을 연계한 맞춤형... 은지용 한국다문화교육학회장(서울대 사회교육과 교수)은 “이주배경학생 정책은 ‘적응 지원’을 넘어...,2026-09-22 16:04,https://www.ajunews.com/view/20260922155549629,https://www.ajunews.com/view/20260922155549629
서울대학교,에너지경제,"산학협동재단, 탄자니아 현지 기술실증 성공적 마무리",기술실증은 지난 5월부터 8월까지 약 4개월간 현지 서울대학교 적정기술거점센터(iTEC)를 통해 진행됐다. iTEC은 서울대학교가 탄자니아의 과학기술 교육·연구기관인 넬슨만델라 아프리카 과학기술원과 함께 설립한...,2026-09-22 16:04,https://www.ekn.kr/web/view.php?key=20260922024118098,https://www.ekn.kr/web/view.php?key=20260922024118098
고려대학교,전자신문,"김현호 서울성모병원 교수 “소아 채혈 부담 줄이는 AI, 3년 내 의료기기...",이번 연구 제1저자는 서울아산병원 마취통증의학과 박주현 전공의와 고려대 의대 조채은 학생이다. 김 교수는 “전공의와 학생에게 의사과학자로 갈 기회를 주고 싶었다”며 “초기값을 함께 상의하고 분석까지 직접...,2026-09-22 16:01,https://www.etnews.com/20260922000368,https://n.news.naver.com/mnews/article/030/0003469488?sid=105
고려대학교,TV조선,"고려대의료원, 존스홉킨스·TMC 손잡고 K-바이오 美 진출 돕는다",고려대학교의료원이 국내 바이오·의료기술의 미국 진출을 지원하기 위해 존스홉킨스 테크놀로지 벤처스(JHTV) 및 텍사스 메디컬 센터(TMC) 등 현지 의료혁신기관과 협력을 확대하고 있다. 고려대의료원은 지난 4일과...,2026-09-22 16:00,https://news.tvchosun.com/site/data/html_dir/2026/09/22/2026092290183.html,https://n.news.naver.com/mnews/article/448/0000640871?sid=102
고려대학교,한스경제,"고려대의료원, 美존스홉킨스·TMC와 글로벌 사업화 맞손",고려대의료원은 한국특허전략개발원 IP-TLO 얼라이언스의 글로벌 마케팅 분과장이자 한국보건산업진흥원 H+TLO 네트워크 주도기관으로 국내 대학·병원·연구기관 간 기술사업화 협력을 추진하고 있다. 이번...,2026-09-22 16:00,http://www.hansbiz.co.kr/news/articleView.html?idxno=867565,http://www.hansbiz.co.kr/news/articleView.html?idxno=867565
연세대학교,메디소비자뉴스,"""아모잘탄 병용요법, 심혈관보호에 통풍발생 위험도 낮춰""","연구 책임자인 배성아 연세대 용인세브란스병원 심장내과 교수는 ""고혈압 환자의 25% 이상에서 고요산혈증이 동반될 수 있다""며 ""로사르탄/암로디핀 병용요법은 심혈관 위험을 낮추는 동시에 요산 배설 촉진 기전을...",2026-09-22 15:56,http://www.medisobizanews.com/news/articleView.html?idxno=142519,http://www.medisobizanews.com/news/articleView.html?idxno=142519
서울대학교,HEADLINEJEJU,"송영훈 의장 작심발언...""정책 결정 책임 전가·일관성 없는 추진 안 돼...","그는 ""최근 정부가 추진하는 '서울대 10개 만들기' 사업에서 제주 홀대 우려가 커지고 있다""며 ""거점국립대학 육성과 지역혁신의 기회가 제주에도 공정하게 보장될 수 있도록 정부의 책임 있는 지원을 촉구한다""고 밝혔다....",2026-09-22 15:56,https://www.headlinejeju.co.kr/news/articleView.html?idxno=599457,https://www.headlinejeju.co.kr/news/articleView.html?idxno=599457
서울대학교,KOR,[이상기의 사람읽기①] ‘평생 언론인’ 이형균 선배에게 배운 '유머'와...,서울대총동창회도 그를 ‘건배사의 달인’이라고 소개하며 각종 모임에서 참신한 건배사로 분위기를 끌어올리는 ‘초대 1순위’라고 기록했다.건배사는 짧지만 아무나 잘할 수 있는 말이 아니다. 참석자와 모임의...,2026-09-22 15:56,http://kor.theasian.asia/archives/416251,http://kor.theasian.asia/archives/416251
서울대학교,글로벌이코노믹,"산은, 피지컬 AI 지역산업 육성… 금융·산업 협력 구축","산업은행은 서울 여의도 본점 1층 IR센터에서 정부와 지자체, 피지컬 AI 기업·금융기관 관계자들이 참석한... 서울대 로보틱스 연구소 박종우 교수의 강연도 이어졌다. 박상진 한국산업은행 회장은 ""피지컬 AI를 통해...",2026-09-22 15:56,https://www.g-enews.com/view.php?ud=202609221537581229cd0bfacc1c_1,https://www.g-enews.com/view.php?ud=202609221537581229cd0bfacc1c_1
서울대학교,GLOBALE,"두나무, 기관 투자자 중심 '업비트 서밋' 개최···글로벌 정책 논의","22일 두나무는 29일 서울 광진구 그랜드 워커힐 서울에서 '업비트 인스티튜셔널 서밋(UIS)'을 연다고 밝혔다.... 이종섭 서울대학교 경영대학 교수가 좌장을 맡고 최원석 두나무 해외사업총괄, 엄태성 하나금융지주 상무...",2026-09-22 15:54,https://www.globale.co.kr/news/articleView.html?idxno=40579,https://www.globale.co.kr/news/articleView.html?idxno=40579
고려대학교,TV조선,"검찰총장 직무대행에 이정현 임명…""차질 없는 공소청 출범 준비""",전남 나주 출신인 이 차장검사는 나주 영산포상업고등학교와 고려대 법학과를 졸업했다. 이 신임 차장은 광주지검 부장검사 시절인 2018년 전두환 전 대통령을 5·18 관련 사자명예훼손 혐의로 불구속 기소한 바 있다....,2026-09-22 15:54,https://news.tvchosun.com/site/data/html_dir/2026/09/22/2026092290172.html,https://n.news.naver.com/mnews/article/448/0000640860?sid=102
고려대학교,일간스포츠,"영탁, 정규 3집 ‘고고’ 음악방송 성공적 마무리… 0월 전국투어 포문","음악방송을 성공적으로 마친 영탁은 오는 10월 3일부터 5일까지 서울 고려대학교 화정체육관에서 단독 콘서트 ‘탁쇼5’를 개최하고 전주, 대구, 인천, 부산으로 이어지는 전국투어에 돌입한다.",2026-09-22 15:53,https://isplus.com/article/view/isp202609220174,https://m.entertain.naver.com/article/241/0003532069
고려대학교,블로터,"[여의도 CEO 20년]⑳ 유진증권, 물러났다 돌아온 오너 유창수","1963년생으로 고려대 사회학과를 졸업하고 미국 노던일리노이대에서 경영학 석사를 마쳤다. 영양제과와 이순산업 대표, 유진기업 사장, 고려시멘트 부회장을 거쳤다. 경영 기반은 그룹 계열사가 보유한 지분이다....",2026-09-22 15:52,https://www.bloter.net/news/articleView.html?idxno=674239,https://n.news.naver.com/mnews/article/293/0000090811?sid=101
연세대학교,CCDAILYNEWS,"충주의료원-원주세브란스, '원격중환자실' 공식 운영","보건복지부가 공모한 이번 사업에 연세대학교 원주세브란스기독병원이 거점병원으로, 충주의료원과 원주의료원이 협력병원으로 참여한다. 충북도와 강원도가 함께 권역 간 공공의료 협력체계를 구축하게 된다. 특히...",2026-09-22 15:52,https://www.ccdailynews.com/news/articleView.html?idxno=2442668,https://www.ccdailynews.com/news/articleView.html?idxno=2442668
연세대학교,뉴스1,"""호남 반도체 클러스터, 에너지 민주주의·균형발전 모델 돼야""",이호근 전 연세대 교수는 22일 광주테크노파크에서 열린 (사)에너지밸리포럼에서 '호남 반도체: 에너지... 지역 대학 연계 R&D 및 주거·교육·의료·문화 인프라 과감한 투자) △자생적 경쟁력 확보(보조금 의존 탈피 및...,2026-09-22 15:52,https://www.news1.kr/local/gwangju-jeonnam/6299167,https://n.news.naver.com/mnews/article/421/0009186796?sid=102
서울대학교,DAILYVET,[인터뷰] 펜실베이니아대 수의대 교수로 새 출발하는 오다영·김기태 부...,"오: 안녕하세요, 저는 이번에 콜로라도주립대학 Flint Animal Cancer Center에서 방사선 종양학 (Radiation Oncology) 전문의 과정을 마치고, 펜실베이니아 대학교에서 일을 시작하게 된 오다영이라고 합니다. 저는 서울대학교...",2026-09-22 15:52,https://www.dailyvet.co.kr/news/interview/298003,https://www.dailyvet.co.kr/news/interview/298003
연세대학교,전자신문,이호근 연세대 교수 “호남 반도체 안정적 전력 공급 위해 CFE 믹스 완성...,이호근 연세대학교 교수를 초청해 '호남 반도체 : 에너지 민주주의를 넘어 지역균형발전의 모델로'를... 지역 대학 연계 연구개발(R&D) 및 주거·교육·의료·문화 인프라에 대한 과감한 투자 △자생적 경쟁력 확보...,2026-09-22 15:51,https://www.etnews.com/20260922000424,https://n.news.naver.com/mnews/article/030/0003469467?sid=102
고려대학교,마이데일리,"고려대의료원, 美 존스홉킨스·텍사스 메디컬 센터와 바이오 기술사업화...",고려대학교의료원은 국내 바이오·의료기술의 해외 진출을 지원하기 위해 미국 주요 의료혁신기관과의 협력을 확대하고 있다고 22일 밝혔다. 고려대의료원은 이달 미국 존스홉킨스 테크놀로지 벤처스(JHTV)와 텍사스...,2026-09-22 15:51,https://www.mydaily.co.kr/page/view/2026092215500101053,https://n.news.naver.com/mnews/article/117/0004108124?sid=102
고려대학교,SEOULECONEWS,대검 차장에 이정현 수원고검장…검찰총장 직무대행,"이 대검 차장은 전남 나주 출생으로 고려대 법학과를 졸업하고 1998년 검사 생활을 시작했다. 대검 감찰2과장, 법무부 감찰담당관, 서울서부지검 차장, 서울중앙지검 1차장, 대검 공공수사부장 등을 역임했다. 2020년...",2026-09-22 15:50,http://www.seouleconews.com/news/articleView.html?idxno=93924,http://www.seouleconews.com/news/articleView.html?idxno=93924
서울대학교,팝콘뉴스,"현대차 정몽구 재단, '온소 페스티벌' 명동으로 확장…전 세대 아우른다",김영민 서울대학교 교수와 이낙준 작가·작가이자 뮤지션인 요조가 참여해 자신만의 속도로 길을 만들어온 경험과 삶에 대한 생각을 관객들과 나눈다. 하이라이트 공연인 '온소 라이브(ONSO Live)'는 10월 8일 오후 8시...,2026-09-22 15:50,http://www.popcornnews.net/news/articleView.html?idxno=133911,http://www.popcornnews.net/news/articleView.html?idxno=133911
연세대학교,M-JOONGANG,현장에서 찾아보는 '프롬프트 백과사전',"이동근 삼정KPMG 디지털본부장·AI센터장을 비롯해 최정혜 연세대 경영대 교수, 김여립 UNIST 경영과학부 교수 등 학계와 컨설팅 현장의 전문가들이 참여했다. AI 전략과 생성형 AI 도입, 소비자 행동과 디지털 마케팅...",2026-09-22 15:48,https://www.m-joongang.com/news/articleView.html?idxno=403090,https://www.m-joongang.com/news/articleView.html?idxno=403090
연세대학교,한국일보,빚이 빚을 불렀다… 다중채무 자영업자 연체율 12.7%로 치솟아,"김정식 연세대 경제학부 교수는 ""자영업자 대출은 가계대출과 중복돼 있는 경우가 많다""며 ""오프라인에서 온라인 구매로 시장 구조가 바뀌는 가운데 금리 상승까지 겹치면서 부담이 커지고 있다""고 말했다.",2026-09-22 15:48,https://www.hankookilbo.com/news/article/A2026092208410002186?did=NA,https://n.news.naver.com/mnews/article/469/0000955543?sid=101
고려대학교,더팩트,유한양행 차기 대표 각축…신약 개발 적임자 찾기 장고,이에 따라 이번에도 매년 3월 정기 주주총회 일정을 고려해 이달 초 차기 대표 선임설이 제기됐다.... 2023년 유한양행에 합류한 김열홍 사장은 고려대 의대 교수 출신으로 R&D 전문가다. 후보 중 외부 출신으로 분류되고...,2026-09-22 15:47,https://news.tf.co.kr/read/economy/2368985.htm,https://n.news.naver.com/mnews/article/629/0000536296?sid=101
서울대학교,TV조선,"""애 안 낳아서 안 늙었다?""…결혼·출산 연구결과 '갑론을박'",앞서 지난해에도 서울대 법의학자가 “출산을 하지 않은 여성이 더 오래 살고 덜 늙는다”는 발언을 한 영상이 온라인상에서 화제를 모았다. 당시 유성호 서울대 의과대학 법의학교실 교수의 유튜브 채널 ‘유성호의...,2026-09-22 15:46,https://news.tvchosun.com/site/data/html_dir/2026/09/22/2026092290166.html,https://n.news.naver.com/mnews/article/448/0000640854?sid=102
고려대학교,강원일보,[포토뉴스]강릉의료원·고려대 구로병원 업무협약,강릉의료원(원장:최안나)은 지난 18일 고려대 구로병원(병원장:민병욱)과 지역의료 발전을 위한 업무협약을 체결했다.,2026-09-22 15:45,https://www.kwnews.co.kr/article/20260922501359,https://n.news.naver.com/mnews/article/087/0001220013?sid=102
서울대학교,지디넷코리아,"AI 안전, 선언보단 검증으로…국제표준도 달라진다","전종홍 한국전자통신연구원(ETRI) 표준연구본부 책임연구원은 22일 서울대 인공지능신뢰성연구센터 월례세미나에서 ""AI 안전과 신뢰성에 대한 국제표준 논의가 원칙 중심에서 이를 입증할 수 있는 증거 중심으로...",2026-09-22 15:45,https://zdnet.co.kr/view/?no=20260922153928,https://n.news.naver.com/mnews/article/092/0002438501?sid=105
서울대학교,경남신문,"[서울서 지역거점 발전 포럼] 경남 제조현장 ‘피지컬AI’, 금융지원으...","22일 서울 한국산업은행 본점에서 열린 피지컬 AI 지역거점 발전 포럼에서 지자체와 정책금융기관... 박종우 서울대학교 교수는 ‘피지컬 AI를 활용한 대한민국 제조업 혁신’을 주제로 발표했고, 경남도는 지역거점 발전...",2026-09-22 15:42,https://www.knnews.co.kr/news/articleView.php?idxno=1551511,https://www.knnews.co.kr/news/articleView.php?idxno=1551511
서울대학교,로이슈,"""가장 한국적인 빵에서 건강 베이커리까지""… 허영인 회장의 20년 ‘품질...",허영인 회장의 지원 속에서 식품생명공학연구소는 서울대학교 연구진과 함께 11년 동안 1만여 개의... 식품생명공학연구소는 2020년부터 4년간 핀란드 헬싱키대학교와 산학공동연구를 진행해 통곡물 빵의 거친 식감을...,2026-09-22 15:42,http://www.lawissue.co.kr/view.php?ud=202609221537586260f4ab64559d_12,http://www.lawissue.co.kr/view.php?ud=202609221537586260f4ab64559d_12
서울대학교,한스경제,"페라리코리아, 서울대와 미래 공학인재 키운다",티보 뒤사라 페라리코리아 뒤사라 대표이사와 곽승엽 서울대 산학협력공학인재지원센터장 교수가 기념 촬영을 하고 있다./페라리코리아 | 서울=한스경제 곽호준 기자 | 페라리코리아가 서울대학교와 손잡고 미래...,2026-09-22 15:42,http://www.hansbiz.co.kr/news/articleView.html?idxno=867592,http://www.hansbiz.co.kr/news/articleView.html?idxno=867592
고려대학교,뉴시스,"울산과학대 여자축구부, FIFA U-20 여자 월드컵 8강 견인",울산과학대학교 여자축구부 선수들이 2026 FIFA U-20 여자 월드컵에서 한국 대표팀의 12년 만의 8강 진출에... 전국여자축구선수권대회 대학부에서 준우승을 차지했다. 결승에서 고려대에 0대2로 뒤진 상황에서 이하은의...,2026-09-22 15:40,https://www.newsis.com/view/NISX20260922_0003800589,https://n.news.naver.com/mnews/article/003/0014208404?sid=102
서울대학교,JEOLLAILBO,"전북대 교수회 이어 동문도 ""S10, 후속 선정 계획 밝혀라""","전북대학교 교수회에 이어 총동창회도 '서울대 10개 만들기(S10)' 사업의 평가 공개와 후속 선정 계획을 요구하며 목소리를 냈다. 전북대 총동창회는 22일 성명을 통해 ""정부는 전북대학교의 이의제기에 책임 있게 답하고...",2026-09-22 15:40,http://www.jeollailbo.com/news/articleView.html?idxno=811954,http://www.jeollailbo.com/news/articleView.html?idxno=811954
서울대학교,INDUSTRYNEWS,"아크릴, 650억 피지컬AI 국책과제서 로봇검증 맡는다","이번 과제는 성균관대학교 산학협력단이 주관하며 2026년 8월부터 2030년 12월까지 4년 5개월간 진행된다. 총 사업비는 약 650억원으로 정부지원금은 450억원 규모다. 아크릴을 비롯해 KAIST, 서울대학교...",2026-09-22 15:40,https://www.industrynews.co.kr/news/articleView.html?idxno=86434,https://www.industrynews.co.kr/news/articleView.html?idxno=86434
고려대학교,이데일리,"고려대 보건대학원, 헬스케어퓨처포럼 제5기 입학식 개최","입학식에는 안형진 고려대 보건대학원장을 비롯해 김영훈·김철중 헬스케어퓨처포럼 공동대표, 이민우 부대표 등 주요 관계자와 입학생 등 총 20여 명이 참석했다. 고려대학교 보건대학원 최고위과정 헬스케어퓨처포럼은...",2026-09-22 15:39,https://www.edaily.co.kr/News/Read?newsId=04139366645582744&mediaCodeNo=257&utm_source=naver&utm_medium=referral&utm_campaign=news_syndication&utm_content=original_article,https://n.news.naver.com/mnews/article/018/0006374435?sid=102
서울대학교,GOSIWEEK,"(주)어라운드바디, 냄새 원인 제거하는 프리미엄 생리대 ‘닥터지혜 데...",서울대학교병원 산부인과 전문의와의 공동개발 유래 브랜드 스토리를 바탕으로 선보이는 지혜의 첫 프리미엄 클리니컬 라인업이다. 이번 신제품의 핵심은 특수 항균·소취 소재인 ‘데오텍스(Deotex)’의 적용이다....,2026-09-22 15:38,https://www.gosiweek.com/article/1065594938801800,https://www.gosiweek.com/article/1065594938801800
서울대학교,매일경제,"배경훈 “AI 보안 주권 확보 필수”...네이버·LG, 공격·방어 AI ‘투트...","과학기술정보통신부는 22일 서울 소공동 롯데호텔에서 ‘사이버보안 특화 AI 모델 개발’ 프로젝트 착수... 보안기업, 서울대·KAIST 등 학계, 한국수력원자력·금융보안원·한국항공우주산업(KAI) 등을 포함해 총 33개...",2026-09-22 15:38,https://www.mk.co.kr/article/12159388,https://n.news.naver.com/mnews/article/009/0005738998?sid=105
연세대학교,SAMDAILBO,제주대 박웅 교수 독창회 내달 2일 아라뮤즈홀,"박 교수는 서울예고와 연세대학교 성악과를 졸업한 후 오스트리아 모짜르테움 국립음악대학교에서 수학했다. 부산시립교향악단, 제주도립교향악단, 서울내셔널심포니오케스트라 등과 협연했고 오페라 '마적...",2026-09-22 15:36,http://www.samdailbo.com/news/articleView.html?idxno=270611,http://www.samdailbo.com/news/articleView.html?idxno=270611
서울대학교,이투데이,"페라리코리아, 서울대와 미래차 기술·인재 교류 강화",페라리코리아가 서울대학교와 손잡고 차세대 공학 인재와의 교류를 확대하고 미래 모빌리티 분야 산학협력을 강화한다. 페라리코리아는 서울대 산학협력공학인재지원센터와 상호교류 확대를 위한 업무협약(MOU)을...,2026-09-22 15:34,https://www.etoday.co.kr/news/view/2628669,https://www.etoday.co.kr/news/view/2628669
서울대학교,IMINJU,[경기도 소식] 추석 연휴 특별교통대책기간 지정·운영 등,경부·영동·서해안·중부·서울양양고속도로 등 주요 고속도로에서 정체가 발생하면 도로전광판(VMS)을... '명랑한 은둔자' 프로그램은 9월 29일 김은영 서울대학교 의과대학 정신과 전문의와 고립·은둔 청년이 참여하는...,2026-09-22 15:34,http://www.iminju.net/news/articleView.html?idxno=169913,http://www.iminju.net/news/articleView.html?idxno=169913
서울대학교,THEVALUENEWS,[더밸류 브리핑] 오늘의 핀테크·디지털금융 소식…토스·타다·두나무,"두나무가 오는 29일 서울에서 글로벌 정책·금융·디지털자산 업계 관계자들이 참여하는 ‘업비트... 이종섭 서울대학교 경영대학 교수를 좌장으로 최원석 두나무 해외사업총괄, 엄태성 하나금융지주 상무 겸 하나은행...",2026-09-22 15:34,http://www.thevaluenews.co.kr/news/view.php?idx=201832,http://www.thevaluenews.co.kr/news/view.php?idx=201832
고려대학교,JTBC,'방송 소유·겸영 규제' 개선 방안 논의…28일 토론회 개최,"이어 동덕여대 홍원식 교수를 좌장으로 선문대 김용희 교수, 컬쳐미디어랩 박석철 전문위원, 방송미디어통신위원회 지상파방송정책과 이기훈 과장, 용인대 이남표 객원교수, 고려대 이헌율 교수가 토론에 참여해...",2026-09-22 15:33,https://news.jtbc.co.kr/article/NB12319588?influxDiv=NAVER,https://n.news.naver.com/mnews/article/437/0000512332?sid=100
고려대학교,E-PLATFORM,"""재생에너지 급증으로 전력계통 혼란 가중…유연성 자원 가치 인정받아...","고려대학교 주성관 교수가 발제를 진행하고 있다. ""변동성이 강한 재생에너지의 급증으로 전력계통의... 단국대학교 조홍종 교수는 통합발전공기업이 재생에너지 투자에 집중하게 될 경우 이를 구매하는 한전의 부채...",2026-09-22 15:30,http://www.e-platform.net/news/articleView.html?idxno=105618,http://www.e-platform.net/news/articleView.html?idxno=105618
고려대학교,VENTURESQUARE,"튜링, 기출문제 넣으면 예상문제 만든다…GPAI 대학생 학업 전 과정으로...","튜링에 따르면 현재 서울대와 고려대, 성균관대를 비롯해 국내 25개 이상 대학에서 사용하는 강의 포털을 지원하며 적용 대학을 추가할 예정이다. 강의 포털에서 자료를 가져와 AI 드라이브에 정리하고 이를 시험 준비와...",2026-09-22 15:29,https://www.venturesquare.net/1115869/,https://www.venturesquare.net/1115869/
서울대학교,VENTURESQUARE,"튜링, 기출문제 넣으면 예상문제 만든다…GPAI 대학생 학업 전 과정으로...","튜링에 따르면 현재 서울대와 고려대, 성균관대를 비롯해 국내 25개 이상 대학에서 사용하는 강의 포털을 지원하며 적용 대학을 추가할 예정이다. 강의 포털에서 자료를 가져와 AI 드라이브에 정리하고 이를 시험 준비와...",2026-09-22 15:29,https://www.venturesquare.net/1115869/,https://www.venturesquare.net/1115869/
서울대학교,더퍼블릭,페라리 기술과 서울대 공학 인재 만난다…미래 모빌리티 교류 확대,"2023년 서울에서 열린 '우니베르소 페라리' 전시에서는 베네데토 비냐 페라리 최고경영자(CEO)가 서울대 공대생들과 지속가능성과 첨단 기술을 주제로 대담했다. 티보 뒤사라 대표는 ""페라리가 축적해 온 첨단 엔지니어링...",2026-09-22 15:28,https://www.thepublic.kr/news/articleView.html?idxno=319690,https://www.thepublic.kr/news/articleView.html?idxno=319690
서울대학교,BREAKNEWS,"광주시, 태화산 생태 협력",광주시는 서울대학교와 손잡고 태화산 학술림의 우수한 산림 생태 자원을 지역사회와 연계해 활용하기 위한 실무 협력 회의를 개최했다. 박관열 시장과 서울대학교...,2026-09-22 15:28,http://www.breaknews.com/1238580,http://www.breaknews.com/1238580
고려대학교,루키,"""아직 더 보여드릴 것이 많습니다"" 재활 막바지 단계 돌입한 동국대 김...","동국대학교가 21일 고려대 서울캠퍼스 화정체육관에서 열린 2026 KUSF 대학농구 U-리그 고려대학교와의 원정 경기에서 68-61로 승리했다. 이날 승리로 9승 9패, 5할 승률을 맞춘 동국대는 최소한 6위 자리를 확보했다. 이날...",2026-09-22 15:27,http://www.rookie.co.kr/news/articleView.html?idxno=127155,https://m.sports.naver.com/basketball/article/398/0000102849
고려대학교,베리타스알파,고려대 임희석 교수팀 한국어/영어 지원 검색모델 'KURE-v2' 공개.. '초경...,고려대 컴퓨터학과 임희석 교수가 이끄는 NLP&AI 연구실과 Human Inspired AI 연구원(HIAI 연구원)이 한국어와... NLP&AI 연구실과 HIAI 연구원은 2023년6월 국내 대학 최초로 한국어 특화 거대언어모델(LLM) '구름(KULLM)'을...,2026-09-22 15:26,https://www.veritas-a.com/news/articleView.html?idxno=629246,https://www.veritas-a.com/news/articleView.html?idxno=629246
서울대학교,THEVALUENEWS,[더밸류 브리핑] 오늘의 한국산업은행 소식…피지컬 AI 지역 발전 포럼...,"22일 서울 여의도 본점 1층 IR센터에서 금융위원회, 과학기술정보통신부 등 정부 부처와 전북특별자치도... 시연과 서울대 로보틱스 연구소 박종우 교수의 강연이 진행됐다. 산업은행은 앞서 전북의 원익로보틱스...",2026-09-22 15:24,http://www.thevaluenews.co.kr/news/view.php?idx=201824,http://www.thevaluenews.co.kr/news/view.php?idx=201824
연세대학교,IBABYNEWS,"선천성모반 제거 수술, 언제 하는 게 좋을까","*칼럼니스트 전영우는 신사 백점성형외과 원장으로, 연세대학교 의과대학을 졸업하고 연세대학교 세브란스병원 성형외과 전문의 및 의학박사 학위를 취득했다. 연세대학교 성형외과 임상조교수와 가천대학교 길병원...",2026-09-22 15:24,https://www.ibabynews.com/news/articleView.html?idxno=154738,https://www.ibabynews.com/news/articleView.html?idxno=154738
서울대학교,TV조선,“감정도 사고파는 2062년”,"나희정 작가의 ‘감정거래소’는 2062년 서울을 배경으로 감정이 추출되고 거래되는 미래 사회를 그린 SF... 나 작가는 KAIST에서 경영공학, 서울대 법학전문대학원에서 법학을 공부하고 현재 변호사로 활동하고 있다....",2026-09-22 15:24,https://news.tvchosun.com/site/data/html_dir/2026/09/22/2026092290157.html,https://n.news.naver.com/mnews/article/448/0000640845?sid=103
연세대학교,더벨,"[더벨][한국파파존스는 지금] 후발주자의 반전, 피자헛 넘어 '업계 2위'...",창업주 서창우 회장은 연세대 경영학과를 졸업하고 미국 마이애미대에서 경영학 석사 과정을 마친 뒤 부친 서병식 회장이 운영하던 벽지 제조사 동남갈포공업에서 경영 수업을 받았다. 1980년대 후반부터 전무와...,2026-09-22 15:22,https://www.thebell.co.kr/free/content/ArticleView.asp?key=202609171511380480106484,https://www.thebell.co.kr/free/content/ArticleView.asp?key=202609171511380480106484
서울대학교,ASIAA,"두나무, 디지털 금융의 미래 모색...'업비트 인스티튜셔널 서밋 2026' 개...",두나무는 오는 29일 서울 그랜드 워커힐에서 '업비트 인스티튜셔널 서밋(UIS) 2026'을 개최한다고 22일 밝혔다.... 특히 국내 금융산업의 온체인 전환을 주제로 한 세션에선 이종섭 서울대 이종섭 교수를 좌장으로 나선다....,2026-09-22 15:18,https://www.asiaa.co.kr/news/articleView.html?idxno=263843,https://www.asiaa.co.kr/news/articleView.html?idxno=263843
고려대학교,포인트데일리,"고려대의료원, 존스홉킨스·텍사스 메디컬센터와 K- 바이오 미국 진출 ...","고려대의료원은 한국특허전략개발원 IP-TLO 얼라이언스의 글로벌 마케팅 분과장이자 한국보건산업진흥원 H+TLO 네트워크의 주도기관이다. 국내 대학·병원·연구기관 간 기술사업화 협력을 이끌어왔으며, 이번...",2026-09-22 15:18,https://www.pointdaily.co.kr/news/articleView.html?idxno=320253,https://www.pointdaily.co.kr/news/articleView.html?idxno=320253
연세대학교,서울경제TV,건보공단-연세원주의대 손잡았다…‘건강보험 빅데이터·의료인재’ 산...,국민건강보험공단과 연세대학교 원주의과대학이 건강보험 빅데이터와 의학 분야 교육·연구 역량을 결합해... 공단이 축적한 건강보험 데이터를 연세원주의대의 임상·연구 역량과 연계해 보건의료 분야 연구 기반을...,2026-09-22 15:18,https://www.sentv.co.kr/article/view/sentv202609220177,https://www.sentv.co.kr/article/view/sentv202609220177
서울대학교,지디넷코리아,"페라리코리아, 서울대 공학 인재 교류 확대…3년간 이어진 동행",2023년 서울에서 열린 '우니베르소 페라리' 전시에서는 베네데토 비냐 페라리 최고경영자(CEO)가 서울대 공대생들과 지속가능성 및 첨단 기술의 미래를 주제로 대담을 나눴다.,2026-09-22 15:17,https://zdnet.co.kr/view/?no=20260922151632,https://n.news.naver.com/mnews/article/092/0002438484?sid=103
서울대학교,DIGITALCHOSUN,길리어드 글로벌 임상 43% 한국 참여…신약 개발 초기부터 선택받아야,길리어드 사이언스 코리아는 22일 더 플라자 호텔 서울에서 창립 15주년 기자간담회를 열고 지난 15년간 국내... 이경훈 서울대학교병원 혈액종양내과 교수는 신약이 임상시험을 거쳐 허가되고 실제 환자에게 사용된 뒤...,2026-09-22 15:16,http://digitalchosun.dizzo.com/site/data/html_dir/2026/09/22/2026092280137.html,http://digitalchosun.dizzo.com/site/data/html_dir/2026/09/22/2026092280137.html
연세대학교,M-JOONGANG,"""정치 외풍 심했던 드라마 '모래시계' 주 4회 내보내며 한 달여 만에 끝...","연세대 재학 시절 연극에 빠진 이후 평생을 드라마, 연극 연출과 기획에 몸담았던 그의 파란만장한... ""대학 2학년 때 친구 따라 대학 연극반에 갔다가 인생의 행로가 바뀌었다. 어려서부터 여성국극, 악극, 서커스...",2026-09-22 15:16,https://www.m-joongang.com/news/articleView.html?idxno=403088,https://www.m-joongang.com/news/articleView.html?idxno=403088
서울대학교,아시아투데이,'지역소멸 해법' 대학 통·폐합…현장은 진통중,"특히 충남대는 정부의 국정과제인 이른바 '서울대 10개 만들기'를 선도할 거점국립대 3곳에도 부산대·전남대와 함께 선정됐다. 브랜드 단과대학·융합연구원에 400억원, AI 거점대학에 100억원, 공유대학에 200억원 내외를...",2026-09-22 15:14,https://www.asiatoday.co.kr/kn/view.php?key=20260922010008472,https://www.asiatoday.co.kr/kn/view.php?key=20260922010008472
서울대학교,FINANCIALREVIEW,[오늘의 은행] 우리은행·신한은행·하나은행·한국산업은행·IBK기업은...,"'땡겨요'는 2%의 낮은 중개수수료와 빠른 정산, 다양한 고객 혜택 등을 기반으로 서울특별시, 부산광역시... 시연과 서울대 로보틱스 연구소 박종우 교수의 강연 등을 통해 피지컬 AI 기술에 대한 참석자들의 이해도를...",2026-09-22 15:12,http://www.financialreview.co.kr/news/articleView.html?idxno=45042,http://www.financialreview.co.kr/news/articleView.html?idxno=45042
고려대학교,팝콘뉴스,"""몸집은 작게, 검색은 더 정확하게""…고려대 연구팀, 한국어 차세대 검...","고려대학교(총장 김동원)는 컴퓨터학과 임희석 교수가 이끄는 NLP&AI 연구실과 Human Inspired AI 연구원... 한편, NLP&AI 연구실과 HIAI 연구원은 2023년 6월 국내 대학 최초로 한국어 특화 거대언어모델(LLM) '구름...",2026-09-22 15:12,http://www.popcornnews.net/news/articleView.html?idxno=133892,http://www.popcornnews.net/news/articleView.html?idxno=133892
고려대학교,시사저널,李 출국하자 침묵 깬 조희대…'재제청 거부' 정면 충돌,"반면 차진아 고려대 법학전문대학원 교수는 대법원장 제청권은 대통령의 제왕적 권한을 견제하는 수단으로 발전해 왔다며, 아무런 결격 사유가 없는 후보자에 대해 재제청을 요구한 것은 헌법상 근거가 없다는 입장이다....",2026-09-22 15:10,https://www.sisajournal.com/news/articleView.html?idxno=388101,https://n.news.naver.com/mnews/article/586/0000138769?sid=102
고려대학교,루키,"의아했던 양종윤의 파울 아웃, 손에 꼽을 명승부에 남은 한 가지 의문점",21일 고려대 서울캠퍼스 화정체육관에서 열린 2026 KUSF 대학농구 U-리그 고려대학교와의 동국대학교의 경기가 펼쳐졌다. 이날 승부는 68-61로 동국대의 승리. 고려대가 시종일관 앞서나가며 승기를 잡는 듯 했지만 동국대는...,2026-09-22 15:10,http://www.rookie.co.kr/news/articleView.html?idxno=127154,https://m.sports.naver.com/basketball/article/398/0000102848
서울대학교,TJB,"""두꺼워도 리튬이온은 빠르게""…고용량 배터리 막던 장벽 낮췄다","연구에는 서울대학교와 연세대학교, Thermo Fisher Scientific Korea가 참여했습니다. ◆ 두꺼운 전극의 '리튬 교통체증' 해결 전극을 두껍게 만들면 같은 면적에 더 많은 활물질을 담을 수 있어 고에너지밀도 배터리 제작에...",2026-09-22 15:10,https://www.tjb.co.kr/news05/bodo/view/id/103948,https://www.tjb.co.kr/news05/bodo/view/id/103948
연세대학교,TJB,"""두꺼워도 리튬이온은 빠르게""…고용량 배터리 막던 장벽 낮췄다","연구에는 서울대학교와 연세대학교, Thermo Fisher Scientific Korea가 참여했습니다. ◆ 두꺼운 전극의 '리튬 교통체증' 해결 전극을 두껍게 만들면 같은 면적에 더 많은 활물질을 담을 수 있어 고에너지밀도 배터리 제작에...",2026-09-22 15:10,https://www.tjb.co.kr/news05/bodo/view/id/103948,https://www.tjb.co.kr/news05/bodo/view/id/103948
고려대학교,지디넷코리아,"대학 AI 기술, 기업 현장으로…4개 대학 45개 기술 공개","한국과학기술원(KAIST), 고려대, 포스텍, 연세대 등 4개 참여대학 41개 연구실이 지난 1년간 거둔 연구 성과 가운데 산업 현장에 적용할 수 있는 AI 기술 45건을 시연한다. 국가AI연구거점은 10월 6일 서울 서초 AICT에서...",2026-09-22 15:06,https://zdnet.co.kr/view/?no=20260922150542,https://n.news.naver.com/mnews/article/092/0002438479?sid=105
연세대학교,지디넷코리아,"대학 AI 기술, 기업 현장으로…4개 대학 45개 기술 공개","한국과학기술원(KAIST), 고려대, 포스텍, 연세대 등 4개 참여대학 41개 연구실이 지난 1년간 거둔 연구 성과 가운데 산업 현장에 적용할 수 있는 AI 기술 45건을 시연한다. 국가AI연구거점은 10월 6일 서울 서초 AICT에서...",2026-09-22 15:06,https://zdnet.co.kr/view/?no=20260922150542,https://n.news.naver.com/mnews/article/092/0002438479?sid=105
서울대학교,FASHIONN,"한국패션협회, ‘2027, 소비의 판이 바뀐다’ 서울대 김난도 교수 초청...","김난도 서울대학교 명예교수가 강연자로 나서 ‘2027, 소비의 판이 바뀐다’​를 주제로 소비 트렌드의 변화와 패션산업의 대응 방향을 제시한다. 김난도 교수는 서울대학교 소비자학과 명예교수로, 소비트렌드 연구를...",2026-09-22 15:04,http://www.fashionn.com/board/read_new.php?table=1003&number=62526,http://www.fashionn.com/board/read_new.php?table=1003&number=62526
서울대학교,한국경제,"부산대, 지역 산업 'AI 기술자립' 지원...지역 기업 인재육성에 180억 투...","부산대는 ‘서울대 10개 만들기’ 정책의 ‘거점국립대 성장엔진·AI 패키지 지원대학’에 선정돼 성장엔진 브랜드 단과대학, AI 거점대학, 5극3특 공유대학 체계를 구축하고 있다. 이 사업을 바탕으로 부산대...",2026-09-22 15:03,https://www.hankyung.com/article/202609220809h,https://n.news.naver.com/mnews/article/015/0005335182?sid=102
연세대학교,스타뉴스,'10번째에도 157㎞ 원석이 남았다' LG는 왜 즉시 전력보다 '천장'을 봤나...,"장충고 졸업 당시와 대학 2학년 얼리드래프트에서 두 차례 프로 지명을 받지 못했지만, 연세대에서 자신의 몸과 플레이를 완전히 바꿨다. 공격형 포수지만, 2루 팝 타임도 평균 1.9초에 수비 기본기도 나쁘지 않다. LG...",2026-09-22 15:03,https://www.starnewskorea.com/sports/2026/09/22/2026092212335846613,https://m.sports.naver.com/kbaseball/article/108/0003472572
서울대학교,동아일보,"전쟁·AI 패권 시대, 한반도 평화의 길은…고려대·반기문재단 심포지엄","김상배 서울대 교수가 AI 기술패권과 공급망 주권, 기술·규범·제도 변화에 따른 한국의 전략적 선택을 각각 발표한다. 이후 남성욱 숙명여자대학교 석좌교수, 임종인 전 대통령 사이버특보, 장상식...",2026-09-22 15:01,https://www.donga.com/news/People/article/all/20260922/134719245/2,https://n.news.naver.com/mnews/article/020/0003750057?sid=102
고려대학교,동아일보,"전쟁·AI 패권 시대, 한반도 평화의 길은…고려대·반기문재단 심포지엄","이후 남성욱 숙명여자대학교 석좌교수, 임종인 전 대통령 사이버특보, 장상식 국제무역통상연구원장이 참여하는 토론이 이어진다. 이번 심포지엄은 고려대학교 통일선도대학사업단이 후원한다 두 기관은 매년 공동...",2026-09-22 15:01,https://www.donga.com/news/People/article/all/20260922/134719245/2,https://n.news.naver.com/mnews/article/020/0003750057?sid=102
연세대학교,동아일보,"전쟁·AI 패권 시대, 한반도 평화의 길은…고려대·반기문재단 심포지엄","권태경 연세대 정보대학원 교수와 김상배 서울대 교수가 AI 기술패권과 공급망 주권, 기술·규범·제도 변화에 따른 한국의 전략적 선택을 각각 발표한다. 이후 남성욱 숙명여자대학교 석좌교수, 임종인 전 대통령...",2026-09-22 15:01,https://www.donga.com/news/People/article/all/20260922/134719245/2,https://n.news.naver.com/mnews/article/020/0003750057?sid=102
고려대학교,스마트경제,"""MS·알리바바 대형 AI 꺾었다""… 고려대, 차세대 한국어 검색 AI 'KURE-v2...",고려대학교(총장 김동원)는 임희석 컴퓨터학과 교수가 이끄는 NLP&AI 연구실과 Human Inspired AI 연구원(HIAI... 고려대 연구팀이 선보인 KURE-v2는 기존 문서 전체를 단일 벡터로 압축해 비교하던 방식(KURE-v1)에서 탈피해...,2026-09-22 15:00,http://www.dailysmart.co.kr/news/articleView.html?idxno=130171,http://www.dailysmart.co.kr/news/articleView.html?idxno=130171
서울대학교,VENTURESQUARE,"아크릴, AI 모델과 로봇 잇는 ‘실행계층’ 만든다…650억원 피지컬 AI ...","이번 과제는 성균관대학교 산학협력단이 주관하며 2026년 8월부터 2030년 12월까지... 아크릴을 비롯해 KAIST, 서울대학교, 레인보우로보틱스, 현대위아 등 총 18개 산·학·연...",2026-09-22 14:58,https://www.venturesquare.net/1115850/,https://www.venturesquare.net/1115850/
서울대학교,한국경제TV,"길리어드 코리아 창립 15주년…""미충족 수요 질환 혁신 이어갈 것""","반준우 서울아산병원 임상시험센터 소장, 이경훈 서울대학교병원 혈액종양내과 교수, 김승환 신나는센터 상임이사, 최재연 길리어드 코리아 대표가 패널로 참여했다. 토론에서는 글로벌 혁신 치료 연구와 임상연구를...",2026-09-22 14:55,http://www.wowtv.co.kr/NewsCenter/News/Read?articleId=A202609220082&t=NN,https://n.news.naver.com/mnews/article/215/0001266870?sid=101
서울대학교,라포르시안,"길리어드 코리아, 창립 15주년…""다음 15년, 더 많은 환자에게 혁신의 혜...","'Beyond Medicine: 함께 만들어온 변화, 함께 만들어갈 미래'를 주제로 열린 패널토론에는 반준우 서울아산병원 임상시험센터 소장, 이경훈 서울대학교병원 혈액종양내과 교수, 김승환 신나는센터 상임이사, 최재연 대표가...",2026-09-22 14:54,https://www.rapportian.com/news/articleView.html?idxno=240680,https://www.rapportian.com/news/articleView.html?idxno=240680
고려대학교,지디넷코리아,방송 소유·겸영 규제 손질 논의장 열린다,"함께 고려한 제도 개선 방향이 주요 논의 대상이다. 이종관 법무법인 세종 수석전문위원은 ‘새로운 미디어... 용인대학교 객원교수, 이헌율 고려대학교 교수가 참여한다. 이번 행사는 디지털산업정책연구소가 주최하고...",2026-09-22 14:54,https://zdnet.co.kr/view/?no=20260922145319,https://n.news.naver.com/mnews/article/092/0002438472?sid=105
서울대학교,뉴스1,"'서울대 10개 만들기' 탈락…전북대 총동창회 ""기준 투명히 공개해야""","앞서 교육부는 지난 1일 '2026년 서울대 10개 만들기' 패키지 지원 대학으로 부산대학교와 전남대학교, 충남대학교를 선정했다. 전북대는 지난 3월부터 지역 전략산업과 연계한 인재 양성 모델과 지자체·기업 간 협력체계...",2026-09-22 14:54,https://www.news1.kr/local/jeonbuk/6298997,https://n.news.naver.com/mnews/article/421/0009186525?sid=102
서울대학교,파이낸셜포스트,"박상진 산업은행 회장 ""기술-실행-금융 잇는 '피지컬 AI' 산업 지도 출발...","박종우 서울대 로보틱스 연구소 교수의 피지컬 AI 관련 강연도 진행됐다. 박상진 산업은행 회장은 ""피지컬 AI를 통해 제조업의 패러다임이 공정 전체의 지능화로 바뀌고 있다""며 ""전북·경북·경남 지역의 축적된 산업...",2026-09-22 14:52,https://www.financialpost.co.kr/news/articleView.html?idxno=277065,https://www.financialpost.co.kr/news/articleView.html?idxno=277065
연세대학교,매일경제,"혈당이 유독 안 잡힌다면? 약 안 듣는 당뇨, 췌장암 위험 20배 넘어","22일 세브란스병원에 따르면 정문재 소화기내과 교수와 이민영 내분비내과 교수, 장성인 연세대 의대 예방의학교실 교수, 유민희 연세대 의대 연구지원부 연구원은 새롭게 발생한 당뇨병의 초기 중증도와 단기간의 진행...",2026-09-22 14:52,https://www.mk.co.kr/article/12159336,https://n.news.naver.com/mnews/article/009/0005738957?sid=103
서울대학교,메트로신문,"애플까지 AI 서버로…삼성·SK, '추론 메모리' 시장 공략","김형준 차세대지능형반도체사업단장(서울대 명예교수)은 ""애플의 AI 서버 시장 진출이 현실화하면 삼성전자와 SK하이닉스 입장에서는 메모리를 공급할 수 있는 새로운 수요처가 하나 더 생기는 셈""이라며 ""메모리...",2026-09-22 14:50,http://www.metroseoul.co.kr/article/20260922500338,http://www.metroseoul.co.kr/article/20260922500338
서울대학교,디지털데일리,"페라리코리아, 서울대와 미래 공학인재 키운다…산학협력 MOU",페라리코리아가 서울대학교와 미래 모빌리티 분야의 산학협력을 확대한다. 기술 세미나부터 산업 현장 경험... 페라리코리아는 서울대학교 산학협력공학인재지원센터와 상호교류 확대를 위한 업무협약(MOU)을 체결했다고...,2026-09-22 14:48,https://www.ddaily.co.kr/page/view/2026092213524455794,https://n.news.naver.com/mnews/article/138/0002242409?sid=101
고려대학교,WIDEDAILY,"[특징주] 셀리드, 100억 규모 3자배정 유증 결정에 '上'…최대주주 변경...","출범한 기업으로, 고려대학교의료기술지주가 지분 37%를 보유하고 있다. 셀리드 측은 경영 목적 달성을 위해 투자자의 납입 능력과 가능 시기, 투자의향 등을 종합적으로 고려해 대상자를 선정했다고 밝혔다.",2026-09-22 14:46,https://www.widedaily.com/news/articleView.html?idxno=301403,https://www.widedaily.com/news/articleView.html?idxno=301403
연세대학교,보건뉴스,"순천향대부천병원 최윤영 교수, 대한위암학회 국제학술대회 '최우수 연...","이번 연구에는 순천향대 부천병원 윤진아·김희경·조인 교수, 서울대 치의학대학원 김기태 교수, 연세대학교 의과대학 신수진 교수가 함께 참여했다. 종양 조직 전체의 평균적인 유전자 발현을 살펴보는 기존 분석...",2026-09-22 14:46,http://www.bokuennews.com/news/article.html?no=284632,http://www.bokuennews.com/news/article.html?no=284632
서울대학교,M-JOONGANG,"방송계 '찐 어른', 한국 방송 100년사를 말하다","이혜구(해방 후 최초의 방송국장, 서울대 국악학과 창설 교수), 노정팔(해방 후 한국 최초의 PD, KBS 초대... 그는 서강대학교 문과대학 재학 때부터 방송실에서 일했다. 군에 입대해서도 논산 연무대 방송국이...",2026-09-22 14:46,https://www.m-joongang.com/news/articleView.html?idxno=403084,https://www.m-joongang.com/news/articleView.html?idxno=403084
서울대학교,보건뉴스,"순천향대부천병원 최윤영 교수, 대한위암학회 국제학술대회 '최우수 연...","이번 연구에는 순천향대 부천병원 윤진아·김희경·조인 교수, 서울대 치의학대학원 김기태 교수, 연세대학교 의과대학 신수진 교수가 함께 참여했다. 종양 조직 전체의 평균적인 유전자 발현을 살펴보는 기존 분석...",2026-09-22 14:46,http://www.bokuennews.com/news/article.html?no=284632,http://www.bokuennews.com/news/article.html?no=284632
서울대학교,주간한국,"산업은행, 전북·경북·경남과 피지컬 AI 지역거점 협력…기업은행·신...","서울 영등포구 여의도 한국산업은행 전경. 사진=강민혜 기자 한국산업은행이 전북·경북·경남을 중심으로... 박종우 서울대 로보틱스연구소 교수의 강연도 이어졌다. 박상진 산은 회장은 ""피지컬 AI를 통해 제조업의...",2026-09-22 14:46,https://weekly.hankooki.com/news/articleView.html?idxno=7185608,https://weekly.hankooki.com/news/articleView.html?idxno=7185608
서울대학교,마이데일리,[MD포커스] ‘중앙대·법률·금융·회계’…입김 세진 신한은행 임추위...,"윤준 사외이사는 고려대 법학과 출신으로 수원지방법원장, 광주고등법원장, 서울고등법원장을 지낸... 함준호 사외이사는 서울대 영어영문학과를 졸업한 금융·리스크 분야 전문가다. 한국은행 금융통화위원을 지낸 뒤...",2026-09-22 14:45,https://www.mydaily.co.kr/page/view/2026092214153931041,https://n.news.naver.com/mnews/article/117/0004108105?sid=103
고려대학교,마이데일리,[MD포커스] ‘중앙대·법률·금융·회계’…입김 세진 신한은행 임추위...,"윤준 사외이사는 고려대 법학과 출신으로 수원지방법원장, 광주고등법원장, 서울고등법원장을 지낸 법률가다. 올해 3월 사외이사로 선임된 뒤 임추위 위원장과 소비자보호위원회 위원장을 맡고 있다. 박상규 사외이사는...",2026-09-22 14:45,https://www.mydaily.co.kr/page/view/2026092214153931041,https://n.news.naver.com/mnews/article/117/0004108105?sid=103
고려대학교,LAWTV,대검 차장에 이정현 수원고검장... 공소청 출범 열흘 앞두고 공백 메워,"이정현 차장검사는 전남 나주 출신으로 고려대 법학과를 졸업하고 사법시험(37회)에 합격해 1998년 서울지검 북부지청(현 서울북부지검) 검사로 임관했다. 대검 감찰2과장, 법무부 감찰담당관, 서울중앙지검 1차장검사...",2026-09-22 14:44,https://www.lawtv.kr/news/articleView.html?idxno=61002,https://www.lawtv.kr/news/articleView.html?idxno=61002
연세대학교,아이뉴스24,"로보티즈 김병수 ""휴머노이드, 스마트폰처럼 다양한 기능 담는 플랫폼 ...","앞서 로보티즈는 서울대와 연세대, 서울과학기술대, 가천대 등 4개 대학 팀에 자체 휴머노이드 ‘AI... 것만으로 대학교 동아리 학생들이 한 달 만에 퍼포먼스를 만들어 보였다""며 ""완벽하지 않은 동작도 있었지만...",2026-09-22 14:44,http://www.inews24.com/view/2008363,https://n.news.naver.com/mnews/article/031/0001060656?sid=101
서울대학교,AMENEWS,제8장 우주환경용 소재기술(3)-오영석/권용남/배준호(한국재료연구원)-...,서울대학교에서는 탄소섬유 강화 형상기억고분자 복합재를 우주선의 안테나 힌지(hinge)에 적용하여... 이스라엘의 텔아비브대학교(Tel Aviv University)에서는 POSS-PI 나노복합재의 침식 정도를 규명하고 실제 우주...,2026-09-22 14:44,http://amenews.kr/news/view.php?idx=68113,http://amenews.kr/news/view.php?idx=68113
서울대학교,아이뉴스24,"로보티즈 김병수 ""휴머노이드, 스마트폰처럼 다양한 기능 담는 플랫폼 ...","앞서 로보티즈는 서울대와 연세대, 서울과학기술대, 가천대 등 4개 대학 팀에 자체 휴머노이드 ‘AI... 것만으로 대학교 동아리 학생들이 한 달 만에 퍼포먼스를 만들어 보였다""며 ""완벽하지 않은 동작도 있었지만...",2026-09-22 14:44,http://www.inews24.com/view/2008363,https://n.news.naver.com/mnews/article/031/0001060656?sid=101
서울대학교,중앙이코노미뉴스,"""3대 메가프로젝트 뒷받침""…산업은행, '피지컬 AI 포럼' 개최","'피지컬 AI 체험 Zone'에서 진행된 피지컬 AI 기업 5개사(원익로보틱스, 로보티즈, 두산로보틱스, 니어스랩, 무인탐사연구소)의 산업 현장 적용 기술 시연과 서울대 로보틱스 연구소 박종우 교수의 강연 등을 통해...",2026-09-22 14:44,https://www.joongangenews.com/news/articleView.html?idxno=550106,https://www.joongangenews.com/news/articleView.html?idxno=550106
서울대학교,CNB저널,"두나무, '업비트 인스티튜셔널 서밋 2026' 개최…글로벌 디지털자산 리...",29일 서울 광진구 그랜드 워커힐 서울에서 개최한다고 22일 밝혔다. 사전 초청 인사를 대상으로 열리는 이번... 특히 이종섭 서울대 교수가 좌장을 맡은 국내 금융산업의 온체인 전환 토론에는 하나금융지주...,2026-09-22 14:44,https://www.cnbizm.com/news/articleView.html?idxno=315951,https://www.cnbizm.com/news/articleView.html?idxno=315951
연세대학교,CCNNEWS,"화학연, 건식 전극 '리튬 병목' 해결","한국화학연구원 문산·석정돈 박사 연구팀은 서울대, 연세대, 서모피셔사이언티픽코리아와 함께 흑연질화탄소(g-C3N4)를 양극 첨가제로 적용해 전해액 젖음성을 향상시키고 이온 이동 저항을 크게 줄인 건식 후막...",2026-09-22 14:42,http://www.ccnnews.co.kr/news/articleView.html?idxno=415329,http://www.ccnnews.co.kr/news/articleView.html?idxno=415329
서울대학교,CCNNEWS,"화학연, 건식 전극 '리튬 병목' 해결","한국화학연구원 문산·석정돈 박사 연구팀은 서울대, 연세대, 서모피셔사이언티픽코리아와 함께 흑연질화탄소(g-C3N4)를 양극 첨가제로 적용해 전해액 젖음성을 향상시키고 이온 이동 저항을 크게 줄인 건식 후막...",2026-09-22 14:42,http://www.ccnnews.co.kr/news/articleView.html?idxno=415329,http://www.ccnnews.co.kr/news/articleView.html?idxno=415329
고려대학교,서울신문,"고려대 경영대학, QS 글로벌 MBA 평가 ‘국내 1위’","한편 고려대 경영대학은 미국 AACSB, 유럽 EQUIS 인증을 모두 보유하고 있으며, 국내 대학 중 유일하게 세계 명문 비즈니스스쿨 연합체인 ‘CEMS 글로벌 얼라이언스’ 정회원교로 활동 중이다.",2026-09-22 14:40,https://www.seoul.co.kr/news/society/2026/09/22/20260922500176?wlog_tag3=naver,https://n.news.naver.com/mnews/article/081/0003682729?sid=102
서울대학교,연합뉴스,[K스토리] 200년 된 피아노에 한강의 선율까지…남양주서 떠난 '음악 시...,아나운서 유세진과 독일 출신 방송인 마들렌 포군트케(서울대 음대 박사과정)가 찾은 곳은 남양주 한강변에 자리한 프라움악기박물관. 2011년 9월 문을 연 이곳은 국내 최초의 서양악기 전문 박물관이다. 건반·현악...,2026-09-22 14:40,https://www.yna.co.kr/view/MYH20260922007500371?input=1197m,https://n.news.naver.com/mnews/article/001/0016329884?sid=161
연세대학교,보건뉴스,"신규 당뇨병, 초기 중증도·악화 속도가 췌장암 위험 신호","연세대 세브란스병원 소화기내과 정문재 교수와 내분비내과 이민영 교수, 의대 예방의학교실 장성인 교수, 연구지원부 유민희 연구원은 신규 발생 당뇨병의 초기 중증도와 단기간의 진행 양상이 췌장암 발생 위험과...",2026-09-22 14:38,http://www.bokuennews.com/news/article.html?no=284628,http://www.bokuennews.com/news/article.html?no=284628
고려대학교,이투데이,구자현 대검찰청 차장 후임에 이정현 수원고검장...검찰총장 직무대행,이정현 신임 차장은 전남 나주에서 태어나 고려대학교를 졸업하고 사법시험을 통과한 뒤 1998년 서울지검 북부지청(현 서울북부지검) 검사로 임관했다. 광주지검 부장검사였던 2018년에는 전두환 전 대통령을 5·18...,2026-09-22 14:38,https://www.etoday.co.kr/news/view/2628603,https://www.etoday.co.kr/news/view/2628603
서울대학교,YOUNGNONG,"팜한농, '도심형팜' 도시 공간 가능성 모색…정책·R&D·문화 연계 논의","이수연 서울시립대학교 교수의 기조연설로 진행됐다. 이 교수는 '정원도시에서 도심형팜으로, 자연-기술... '공공 정책·R&D' 세션에서는 김세훈 서울대학교 교수가 '도심형팜, 도시, 라이프스타일'을 주제로 도시 생활과...",2026-09-22 14:38,https://www.youngnong.co.kr/news/articleView.html?idxno=70526,https://www.youngnong.co.kr/news/articleView.html?idxno=70526
연세대학교,뉴스엔,“민폐 싫어 신속 결정” 유재석 얼마나 아프길래‥데뷔 첫 녹화 펑크 ...,"유재석은 지난 2024년 2월 '유 퀴즈 온 더 블럭'에서 연세대학교 심리학과 이동귀 교수와 함께 '미루기 습관'에 대해 이야기를 나눴다. 유재석은 ""성격 자체가 닥치는 걸 너무 스트레스받는다. 미루는 게 있긴 있다....",2026-09-22 14:37,https://www.newsen.com/news_view.php?uid=202609221422255710,https://m.entertain.naver.com/article/609/0001171656
연세대학교,연합뉴스TV,"[사건현장] 심수봉, '손녀뻘' 김다현에 공개 망신 후폭풍","연세대 치과대학 학생들이 복장 규정을 지키지 않았다는 이유로 쓴 반성문이 강의실에 게시됐다고요?  설사 규정에 대해 합의가 됐다고 하더라도, 어긴 학생들에게 반성문을 쓰게 하고, 또 그 반성문을 다른...",2026-09-22 14:36,http://www.yonhapnewstv.co.kr/news/MYH20260922143431wF1,https://n.news.naver.com/mnews/article/422/0000908710?sid=102
연세대학교,CCDN,"충주의료원, 10월부터 '원격중환자실' 가동",충북 충주의료원(원장 윤창규)이 연세대학교 원주세브란스기독병원과 손잡고 원격으로 중환자를 관리하는 '원격중환자실(e-ICU) 협력 네트워크 사업'을 다음달부터 정식 운영한다. 보건복지부 공모사업으로 추진되는 이번...,2026-09-22 14:34,https://www.ccdn.co.kr/news/articleView.html?idxno=1101455,https://www.ccdn.co.kr/news/articleView.html?idxno=1101455
고려대학교,KOREAHEALTHLOG,땀 한 방울로 체내 약물 추적하는 'AI 피부 패치' 개발,"고려대학교 바이오의공학부 정호상·유용상 교수 공동연구팀이 피를 뽑지 않고도 피부의 얇은 패치 하나로, 체내 약물 농도와 분해 시점을 땀으로 정밀 추적하는 기술이 개발했다고 밝혔다. 연구팀은 성인 10명을...",2026-09-22 14:34,https://www.koreahealthlog.com/news/articleView.html?idxno=59131,https://www.koreahealthlog.com/news/articleView.html?idxno=59131
연세대학교,서울경제TV,"당뇨 진단 초기 경구약 치료군, 췌장암 위험 4.32배","연세대 세브란스병원 정문재 소화기내과 교수와 이민영 내분비내과 교수, 장성인 의대 예방의학교실 교수, 유민희 연구지원부 연구원 연구팀은 신규 발생 당뇨병의 초기 중증도와 단기간 진행 양상이 췌장암 발생...",2026-09-22 14:32,https://www.sentv.co.kr/article/view/sentv202609220142,https://www.sentv.co.kr/article/view/sentv202609220142
서울대학교,아주경제,"박상철 교수, 신간서 '정년제'의 근거 되묻는다","현재 전남대 연구석좌교수인 박 교수는 서울대 의대를 졸업하고 박사학위를 받았다. 서울대 의대 교수와 삼성종합기술원 부사장, 가천대 이길여 암·당뇨연구원 원장, 대구경북과학기술원(DGIST) 석좌교수 등을...",2026-09-22 14:32,https://www.ajunews.com/view/20260922142723178,https://www.ajunews.com/view/20260922142723178
서울대학교,EBN,전북·경북·경남 '피지컬 AI 벨트' 키운다…정책금융 총출동,"서울대학교 로보틱스 국가연구소 박종우 교수의 피지컬 AI 특별강연도 진행됐다. 금융위는 앞으로 정책금융기관과 함께 피지컬 AI 산업 성장과 지역 산업 혁신을 뒷받침하고, 첨단산업 분야 기업의 성장과 지역 산업...",2026-09-22 14:32,https://www.ebn.co.kr/news/articleView.html?idxno=1725350,https://www.ebn.co.kr/news/articleView.html?idxno=1725350
서울대학교,JOSEILBO,제조벨트에 AI 심는다…전북·경북·경남 ‘피지컬 AI 허브’로,배경훈 과학기술정보통신부 부총리와 이억원 금융위원장은 22일 서울 여의도 산업은행 본관에서 열린... 서울대 로보틱스 국가연구소의 박종우 교수는 특별강연을 통해 피지컬 AI의 기술 발전 방향과 산업적 활용...,2026-09-22 14:31,http://www.joseilbo.com/news/news_read.php?uid=576214&class=18&grp=,https://n.news.naver.com/mnews/article/123/0002390709?sid=101
서울대학교,뉴스핌,"이억원 ""피지컬AI 확산에 '과감한 투자' 뒷받침 금융 역할 중요""","22일 서울 여의도 한국산업은행 본관 1층 IR센터에서 열린 '피지컬 AI 지역거점 발전 포럼'에 참석해 ""피지컬... 이어진 본행사에서는 박종우 서울대학교 로보틱스 국가연구소 교수가 '피지컬 AI를 활용한 대한민국 제조업...",2026-09-22 14:30,https://www.newspim.com/news/view/20260922000264,https://www.newspim.com/news/view/20260922000264
서울대학교,메트로신문,"현대차 정몽구 재단, 명동으로 넓힌 ‘온소 페스티벌’ 개최","'ONSO Talk'는 10월9~10일 김영민 서울대 교수와 이낙준 작가, 뮤지션 요조가 참여해 삶의 경험과 생각을 나눈다. 10월8일 오후 8시에는 명동대성당 옆마당에서 더클래식·재쓰비·극동아시아타이거즈가 출연하는 'ONSO...",2026-09-22 14:30,http://www.metroseoul.co.kr/article/20260922500293,http://www.metroseoul.co.kr/article/20260922500293
연세대학교,메디컬투데이,"신규 당뇨병, 치료 강도 높을수록 췌장암 위험 증가","연세대 세브란스병원 소화기내과 정문재 교수와 내분비내과 이민영 교수, 의대 예방의학교실 장성인 교수, 연구지원부 유민희 연구원은 신규 발생 당뇨병의 초기 중증도와 단기간의 진행 양상이 췌장암 발생 위험과...",2026-09-22 14:30,https://www.mdtoday.co.kr/news/articleView.html?idxno=615912,https://www.mdtoday.co.kr/news/articleView.html?idxno=615912
서울대학교,뉴시스,"전북·경북·경남, '피지컬 AI' 거점으로…금융위·과기정통부 지원사격",과학기술정보통신부와 금융위원회는 22일 서울 여의도 한국산업은행 본점에서 '피지컬 AI 지역거점 발전... 서울대학교 로보틱스 국가연구소 박종우 교수의 피지컬 AI 특별강연도 이어졌다. 또한 전북·경북·경남은 지역...,2026-09-22 14:30,https://www.newsis.com/view/NISX20260922_0003800303,https://n.news.naver.com/mnews/article/003/0014208040?sid=101
서울대학교,AUTOTIMES,"페라리코리아, 서울대 산학협력공학인재지원센터와 업무협약 체결",페라리코리아가 서울대학교 산학협력공학인재지원센터와 상호교류 확대를 위한 업무협약(MOU)을 체결했다고 22일 밝혔다. 협약식에는 페라리코리아 티보 뒤사라 대표이사와 서울대학교 산학협력공학인재지원센터장...,2026-09-22 14:28,http://autotimes.co.kr/detail.php?number=689259&thread=27,http://autotimes.co.kr/detail.php?number=689259&thread=27
고려대학교,포인트데일리,"고려대 보건대학원, 헬스케어퓨처포럼 5기 입학식","입학식에는 안형진 고려대 보건대학원장을 비롯해 김영훈·김철중 헬스케어퓨처포럼 공동대표, 이민우 부대표 등 관계자와 입학생 등 총 20여 명이 참석했다. 헬스케어퓨처포럼은 인공지능과 디지털 기술 발전, 초고령사회...",2026-09-22 14:26,https://www.pointdaily.co.kr/news/articleView.html?idxno=320236,https://www.pointdaily.co.kr/news/articleView.html?idxno=320236
연세대학교,에듀동아,"[윤한울의 입시 큐레이팅] '4세 고시' 규제보다 시급한 것, 요동치는 대...","영유아 사교육 광풍의 이면에는 결국 갈피를 잡지 못하고 요동치는 대한민국의 대학 입시 제도가 자리하고 있기 때문이다. 전교 243등에서 연세대 합격까지, 선행학습 없이 증명한 '성장'의 기록 필자는 남들이 한 번에...",2026-09-22 14:26,https://edu.donga.com/news/articleView.html?idxno=112210,https://edu.donga.com/news/articleView.html?idxno=112210
연세대학교,일간스포츠,"110명 중 유일 2009년생 17세 막내, 어떻게 드래프트 참가해 LG에 뽑혔나...","또한 올 시즌 포수 랭킹 1위(3라운드 김동주 연세대)라고 생각하는 한 명을 보강했다. 중간 라운드에서는 외야수를 보강했는데, 전략대로 잘 이루어졌다""고 평가했다. 이어 ""전체적으로 포수 2명 지명과 외야수...",2026-09-22 14:25,https://isplus.com/article/view/isp202609220141,https://m.sports.naver.com/kbaseball/article/241/0003532050
연세대학교,HOUSINGHERALD,"염리4구역 재개발사업, 조합설립인가…사업 본궤도","최고 35층 아파트 12개동, 총 1천120가구를 건립할 계획이다. 구역은 지하철 2호선 이대역과 신촌로·대흥로를 이용하기 편리하고 한서초와 숭문중·고, 이화여대·연세대·서강대, 아현시장과 신촌 상권 등이 인접해 있다.",2026-09-22 14:24,https://www.housingherald.co.kr/news/articleView.html?idxno=63010,https://www.housingherald.co.kr/news/articleView.html?idxno=63010
고려대학교,이데일리,"고려대, 차세대 배터리 ‘리튬-텔루륨 전지’ 수명 저하 원인 규명","고려대 배터리-스마트팩토리학과 최효열 석박사통합과정, 화공생명공학과 김미현 박사, 텍사스A&M대학교 이치호 박사후연구원(이상 공동 제1저자), 고려대 화공생명공학과 유승호 교수, 미국 오하이오주립대 권상일 교수...",2026-09-22 14:23,https://www.edaily.co.kr/News/Read?newsId=03850726645582744&mediaCodeNo=257&utm_source=naver&utm_medium=referral&utm_campaign=news_syndication&utm_content=original_article,https://n.news.naver.com/mnews/article/018/0006374366?sid=102
연세대학교,SBS,"""'치대생답게 입기'가 뭔데""…반바지 입었다고 반성문 쓰게 한 연대 치...","연세대 치과대학에서 복장 규정을 위반했다는 이유로 학생이 쓴 반성문이 강의실에 공개 게시돼 논란이 일고 있습니다. 연세대 치대 소속 한 학생이 작성한 반성문에는 ""날씨가 덥다는 안일한 생각에 반바지를 착용하고...",2026-09-22 14:22,https://news.sbs.co.kr/news/endPage.do?news_id=N1008765627&plink=ORI&cooper=NAVER,https://n.news.naver.com/mnews/article/055/0001390332?sid=102
고려대학교,에듀동아,"고려대 ""경영대학, QS 글로벌 MBA 평가 국내 1위""","고려대 경영대학은 미국 AACSB와 유럽 EQUIS 인증을 모두 보유하고 있으며, 국내 대학 중 유일하게 세계 명문 비즈니스스쿨 연합체인 'CEMS 글로벌 얼라이언스' 정회원교로 참여하고 있다.",2026-09-22 14:22,https://edu.donga.com/news/articleView.html?idxno=112208,https://edu.donga.com/news/articleView.html?idxno=112208
서울대학교,디지털타임스,"두나무, 글로벌 정책·금융 리더 한자리에…29일 UIS 개최","두나무는 오는 29일 서울 광진구 그랜드 워커힐 서울에서 ‘업비트 인스티튜셔널 서밋(Upbit Institutional Summit... 이종섭 서울대학교 경영대학 교수가 좌장을 맡고 최원석 두나무 해외사업총괄(CGBO), 엄태성 하나금융지주...",2026-09-22 14:22,https://www.dt.co.kr/article/12085422?ref=naver,https://n.news.naver.com/mnews/article/029/0003049469?sid=105
고려대학교,IKOREANSPIRIT,'탐험 vs 통치' 지도를 만든 두 시선…고지도로 조명한 울릉도‧독도,"심정보 서원대학교 교수는 '동북아역사재단 소장 서양 고지도의 현황과 연구성과', 김종근 재단 한일연구소... 라운드테이블에는 1부 발표자와 토론자를 포함 오민주 영등포아트스퀘어 센터장, 염운옥 고려대학교 강사...",2026-09-22 14:20,http://www.ikoreanspirit.com/news/articleView.html?idxno=87410,http://www.ikoreanspirit.com/news/articleView.html?idxno=87410
서울대학교,M-JOONGANG,'피지컬 AI' 시대 국가안보로 확장된 로봇 산업,"홍준표 서울대 농경제학과 졸업 후 미국 루이지 애나주립대에서 농경제학 박사 학위를 취득했다. 한국농촌경제연구원 부연구위원, 현대경제연구원 산업연구실 신성장전략팀장, 고용노동부 고령화정책 TF 위원...",2026-09-22 14:18,https://www.m-joongang.com/news/articleView.html?idxno=403079,https://www.m-joongang.com/news/articleView.html?idxno=403079
고려대학교,주간한국,"고려대 보건대학원, 헬스케어퓨처포럼 5기 운영",사진=고대의과대학  고려대학교 보건대학원은 지난 15일 고려대학교의료원 청담 고영캠퍼스에서 '최고위과정 헬스케어퓨처포럼 제5기 입학식'을 진행했다고 22일 밝혔다. 고려대학교 보건대학원 최고위과정...,2026-09-22 14:18,https://weekly.hankooki.com/news/articleView.html?idxno=7185602,https://weekly.hankooki.com/news/articleView.html?idxno=7185602
연세대학교,ESGECONOMY,"[건강칼럼] 녹내장수술 결정시기, '안압·순응도·진행 속도' 중요",최근 연세대 의대 녹내장 연구팀이 발표한 연구에 따르면 중증 녹내장 수술 후 시력 예후를 가르는 결정적 요인은 수술 방법이 아닌 수술 후 초기 안압 변화인 것으로 나타났다. 어떤 수술을 받느냐보다 수술 후 안압이...,2026-09-22 14:14,https://www.esgeconomy.com/news/articleView.html?idxno=16814,https://www.esgeconomy.com/news/articleView.html?idxno=16814
고려대학교,LEGALTIMES,대검 차장에 이정현 수원고검장 발령,"이 대검 차장은 전남 나주 출신으로 고려대 법과대학을 졸업하고 제37회 사법시험에 합격, 30년 가까이 검찰에서 재직했다. 서울중앙지검 1차장, 대검 공공수사부장 등 검찰 내 요직을 거쳤다. ◇대검 차장에 임명된...",2026-09-22 14:12,http://www.legaltimes.co.kr/news/articleView.html?idxno=96129,http://www.legaltimes.co.kr/news/articleView.html?idxno=96129
서울대학교,IROBOTNEWS,"아크릴, 레인보우로보틱스 등과 650억원 규모 피지컬 AI 국책과제 진행","이번 과제는 성균관대학교 산학협력단이 주관하며 2026년 8월부터 2030년 12월까지 4년 5개월간 진행된다. 총 사업비는 약 650억원으로 정부지원금은 450억원 규모다. 아크릴을 비롯해 KAIST, 서울대학교...",2026-09-22 14:12,https://www.irobotnews.com/news/articleView.html?idxno=48635,https://www.irobotnews.com/news/articleView.html?idxno=48635
서울대학교,한스경제,"아크릴, 650억 피지컬AI 국책과제서 로봇 검증 수행","성균관대학교 산학협력단이 주관해 2026년 8월부터 2030년 12월까지 진행된다. 총 사업비는 약 650억 원이며 정부지원금은 450억 원 규모다. 한국과학기술원(KAIST), 서울대학교, 레인보우로보틱스, 현대위아 등 총 18개 산...",2026-09-22 14:12,http://www.hansbiz.co.kr/news/articleView.html?idxno=867538,http://www.hansbiz.co.kr/news/articleView.html?idxno=867538
고려대학교,스마트경제,"""MBA 들어갔더니 연봉이 껑충""… 고려대 MBA, 서울대 꺾고 국내 1위 싹쓸...",현재 고려대 경영대학은 세계 최고 권위의 경영교육 인증인 미국 AACSB와 유럽 EQUIS를 모두 보유하고 있으며 국내 대학 중에서는 유일하게 세계 명문 비즈니스스쿨 연합체인 'CEMS 글로벌 얼라이언스' 정회원교로...,2026-09-22 14:10,http://www.dailysmart.co.kr/news/articleView.html?idxno=130159,http://www.dailysmart.co.kr/news/articleView.html?idxno=130159
고려대학교,중앙이코노미뉴스,대검찰청 차장에 이정현 수원고검장 임명,"이 신임 차장은 전남 나주 출신으로 고려대 법학과를 졸업하고 1998년 검사로 임관했다. 2018년 광주지검 부장검사 때 전두환 전 대통령을 5·18 민주화운동 관련 사자명예훼손 혐의로 불구속 기소했으며, 2020년 검사장...",2026-09-22 14:10,https://www.joongangenews.com/news/articleView.html?idxno=550089,https://www.joongangenews.com/news/articleView.html?idxno=550089
고려대학교,내일신문,대검 차장에 이정현 수원고검장,이 신임 차장은 전남 나주에서 태어나 고려대를 졸업하고 사법시험을 통과한 뒤 1998년 서울지검 북부지청(현 서울북부지검) 검사로 임관했다. 광주지검 부장검사였던 2018년에는 전두환 전 대통령을 5.18 민주화운동 관련...,2026-09-22 14:10,https://www.naeil.com/news/read/603215?ref=naver,https://www.naeil.com/news/read/603215?ref=naver
고려대학교,코리아쉬핑가제트,‘스웨덴의 이유있는 추락’ 톤세가 불러온 해운국 흥망성쇠,이어진 토론에서 김인현 고려대 명예교수는 횡재세와 비슷한 제도를 도입한 프랑스 사례를 벤치마킹해 톤세를 영구화하면서 선사가 받은 혜택을 사회에 환원하는 기부금 제도를 마련하는 방안이 필요하다고 조언했다....,2026-09-22 14:10,https://www.ksg.co.kr/news/main_newsView.jsp?pNum=148072,https://www.ksg.co.kr/news/main_newsView.jsp?pNum=148072
서울대학교,스마트경제,"""MBA 들어갔더니 연봉이 껑충""… 고려대 MBA, 서울대 꺾고 국내 1위 싹쓸...",고려대학교(총장 김동원) 경영대학이 세계적인 대학평가기관 QS(Quacquarelli Symonds)가 발표한 글로벌 MBA 평가에서 국내 대학 가운데 당당히 1위를 차지하며 독주 체제를 구축했다고 22일 밝혔다. QS가 지난 9월 16일 전격...,2026-09-22 14:10,http://www.dailysmart.co.kr/news/articleView.html?idxno=130159,http://www.dailysmart.co.kr/news/articleView.html?idxno=130159
서울대학교,파이낸셜뉴스,"페라리코리아, 서울대와 맞손...""공학 인재 교류""",앞서 2023년 아시아 최초로 서울에서 열린 '우니베르소 페라리(Universo Ferrari)' 전시에서는 당시 페라리 최고경영자(CEO) 베네데토 비냐가 서울대 공대생들과 만나 지속가능성과 첨단 기술의 미래를 주제로 대담을 나눈 바...,2026-09-22 14:10,https://www.fnnews.com/news/202609221405125738,https://n.news.naver.com/mnews/article/014/0005579659?sid=101
서울대학교,브릿지경제,"길리어드, 항암 영토 넓힌다⋯‘CAR-T’ 국내 진출 예고","이후 ‘Beyond Medicine: 함께 만들어온 변화, 함께 만들어갈 미래’를 주제로 진행된 패널토론에는 반준우 서울아산병원 임상시험센터 소장, 이경훈 서울대학교병원 혈액종양내과 교수, 김승환 신나는센터 상임이사, 최재연...",2026-09-22 14:06,https://www.viva100.com/article/20260922500900,https://www.viva100.com/article/20260922500900
고려대학교,뉴스티앤티,"고려대, 리튬-텔루륨 전지 수명 저하 원인 규명…성능 9배 향상",고려대는 화공생명공학과·배터리-스마트팩토리학과 유승호 교수 연구팀이 미국 오하이오주립대학교 화학생물공학과 권상일 교수 연구팀과 공동으로 리튬-텔루륨 전지의 충·방전 과정에서 발생하는 복잡한...,2026-09-22 14:06,https://www.newstnt.com/news/articleView.html?idxno=719697,https://www.newstnt.com/news/articleView.html?idxno=719697
서울대학교,메디게이트뉴스,"길리어드 코리아 15년, 신약 도입 넘어 국내 연구진과 글로벌 치료 근거...",길리어드 사이언스 코리아는 22일 서울 더플라자호텔에서 창립 15주년 기자간담회를 열고 국내 연구진과 함께... “완치 이후에도 미충족 수요 남아…더 편하고 안전한 치료 필요” 이경훈 서울대학교병원 혈액종양내과...,2026-09-22 14:04,https://www.medigatenews.com/news/1907947258,https://www.medigatenews.com/news/1907947258
서울대학교,이데일리,"금융, 피지컬 AI에 힘 싣는다","서울 영등포구 한국산업은행 본점.(사진=한국산업은행) 산업은행과 금융위원회는 22일 서울 여의도에... 서울대학교 로보틱스 국가연구소 박종우 교수가 특별강연을 했으며, 전북과 경북, 경남 지자체가 각각 지역 산업...",2026-09-22 14:04,https://www.edaily.co.kr/News/Read?newsId=03778566645582744&mediaCodeNo=257&utm_source=naver&utm_medium=referral&utm_campaign=news_syndication&utm_content=original_article,https://n.news.naver.com/mnews/article/018/0006374345?sid=101
서울대학교,매일일보,"현대차정몽구재단, 복합문화축제 '온소 페스티벌' 내달 명동서 개최","김영민 서울대 교수와 이낙준 작가, 작가이자 뮤지션인 요조가 참여해 자신의 진로와 삶에 관한 경험을 이야기한다. 공연 프로그램 '온소 라이브'는 다음달 8일 오후 8시 명동대성당 옆마당에서 진행된다. 더클래식과...",2026-09-22 14:02,https://www.m-i.kr/news/articleView.html?idxno=1417426,https://www.m-i.kr/news/articleView.html?idxno=1417426
고려대학교,MBN,"디지털산업정책연구소, 방송 소유·겸영 규제 개선 토론회 28일 개최","이어 홍원식 교수(동덕여자대학교)를 좌장으로, 김용희 교수(선문대학교), 박석철 전문위원(컬쳐미디어랩), 이기훈 과장(방송미디어통신위원회 지상파방송정책과), 이남표 객원교수(용인대학교), 이헌율 교수(고려대학교)...",2026-09-22 14:02,http://mbn.mk.co.kr/pages/news/newsView.php?category=mbn00003&news_seq_no=5220862,https://n.news.naver.com/mnews/article/057/0001970277?sid=101
서울대학교,SBS Biz,"李 대통령 ""전쟁 개입 안 하나 기여 방안 모색""…청해부대 거론하며 상...","■ 용감한 토크쇼 '직설' - 손석우 앵커 경제평론가(건국대 겸임교수), 백범흠 서울대 아시아연구소 초빙교수, 양준석 가톨릭대 경제학과 교수, 정한범 국방대 안보정책학부 교수 - 李 대통령 ""전쟁 개입 파병은 없다"" - 美...",2026-09-22 14:01,https://biz.sbs.co.kr/article_hub/20000335952?division=NAVER,https://n.news.naver.com/mnews/article/374/0000534367?sid=101
서울대학교,SBS Biz,대미투자 협상 막판 진통…결국 '반도체' 포함될까?,"■ 용감한 토크쇼 '직설' - 손석우 앵커 경제평론가(건국대 겸임교수), 백범흠 서울대 아시아연구소 초빙교수, 양준석 가톨릭대 경제학과 교수, 정한범 국방대 안보정책학부 교수 - 트럼프 관심사, 파병보단 대미투자? - 한미...",2026-09-22 14:01,https://biz.sbs.co.kr/article_hub/20000335950?division=NAVER,https://n.news.naver.com/mnews/article/374/0000534366?sid=101
고려대학교,보건뉴스,"고대안암병원 윤승주 교수, 캄보디아 왕립 모니사라폰 훈장 수훈",고려대학교 안암병원 마취통증의학과 윤승주 교수가 캄보디아 보건의료 발전에 기여한 공로를 인정받아... 윤 교수는 고려대학교 안암병원과 캄보디아 측의 보건의료 협력을 바탕으로 루앙메병원이 암 전문...,2026-09-22 14:00,http://www.bokuennews.com/news/article.html?no=284616,http://www.bokuennews.com/news/article.html?no=284616
서울대학교,세계비즈,"시스루 얼라이너, ‘GAMEX 2026’서 소아 교정 전용 투명교정 시스템 선...",양일간 서울 삼성동 코엑스(COEX)에서 열린 경기 국제 종합 학술대회 및 치과기자재 전시회 ‘GAMEX 2026’에... 시스루 얼라이너 키즈는 서울대학교 치과병원과의 공동연구로 개발한 전용 어태치먼트와 SCI급...,2026-09-22 14:00,http://www.segyebiz.com/newsView/20260922510757?OutUrl=naver,http://www.segyebiz.com/newsView/20260922510757?OutUrl=naver
서울대학교,POLINEWS,건강보험연구원 새 수장 김지영…의료비·수가 연구 경험,김 원장은 서울대학교에서 보건학 석사와 의학 박사 학위를 취득했다. 이후 한국보건의료연구원 연구위원을 거쳐 국민건강보험공단 건강지원센터장과 의료비용분석부장 등을 지냈다. 보건·의료 분야에서 20년간 연구와...,2026-09-22 13:59,https://www.polinews.co.kr/news/articleView.html?idxno=743795,https://www.polinews.co.kr/news/articleView.html?idxno=743795
서울대학교,POLINEWS,'청년 직무 중심' 기업 AI 교육…초·중등 기초교육 현장 진입,LG는 서울대학교와 함께 초등학교 6학년부터 중학교 2학년까지 참여할 수 있는 'LG AI 청소년 캠프'를 운영한다. 올해 4기 참가자 100명을 모집하며 참가비는 전액 지원한다. 선발된 학생들은 2027년 2월 서울대에서 2박...,2026-09-22 13:59,https://www.polinews.co.kr/news/articleView.html?idxno=743798,https://www.polinews.co.kr/news/articleView.html?idxno=743798
서울대학교,MEDICOPHARMA,"HIV·간염 치료 변화 이끈 15년…길리어드코리아 ""혁신 혜택 더 많은 환...","'Beyond Medicine: 함께 만들어온 변화, 함께 만들어갈 미래'를 주제로 진행된 패널토론에는 반준우 서울아산병원 임상시험센터 소장, 이경훈 서울대학교병원 혈액종양내과 교수, 김승환 신나는센터 상임이사, 최재연 대표가...",2026-09-22 13:58,https://www.medicopharma.co.kr/news/articleView.html?idxno=69616,https://www.medicopharma.co.kr/news/articleView.html?idxno=69616
고려대학교,루키,"쐐기 3점포에 사령탑도 두 주먹 불끈! 한재혁의 맹활약 속 동국대, 고려...","동국대학교가 21일 고려대 서울캠퍼스 화정체육관에서 열린 2026 KUSF 대학농구 U-리그 고려대학교와의 원정 경기에서 68-61로 승리했다. 이날 승리로 9승 9패, 5할 승률을 맞춘 동국대는 최소한 6위 자리를 확보했다. 이날...",2026-09-22 13:57,http://www.rookie.co.kr/news/articleView.html?idxno=127150,https://m.sports.naver.com/basketball/article/398/0000102847
서울대학교,매일신문,"[매일 탑 리더스 아카데미] 이다연 서울대 교수 ""AI, 잘 다루면 나의 훌...","""이 시간 이후로 일할 때 AI(인공지능)를 비서로 쓸 수 있겠다는 생각이 드셨으면 좋겠습니다."" 지난 21일 열린 매일 탑 리더스 아카데미(매탑) 첫 강연자로 이다연 서울대 대학연대 지역인재양성사업단 교수가 강단에...",2026-09-22 13:57,https://www.imaeil.com/page/view/2026092213555229779,https://n.news.naver.com/mnews/article/088/0001030001?sid=004
서울대학교,법률신문,프랑스 담보법부터 한국 계약법까지… 한국·프랑스 민사법 개혁 한자리...,"한불민사법학회(회장 김현진)는 2026년 9월 21일 대법원, 서울대 법학연구소(소장 김재형)와 서울 신림동 서울대 로스쿨 백주년기념관에서 수교 140주년 기념 공동학술대회를 개최했다. 이번 학술대회는 '프랑스법과...",2026-09-22 13:56,https://www.lawtimes.co.kr/news/articleView.html?idxno=226672,https://www.lawtimes.co.kr/news/articleView.html?idxno=226672
서울대학교,SBS Biz,건보공단 건강보험연구원장에 김지영…'수가·의료비용 전문가',"이후 서울대 보건대학원에서 보건학 석사, 서울대 의학과에서 박사 학위를 취득했으며 2014년 예방의학과 전문의 자격을 취득했습니다. 한국보건의료연구원 의료기술평가연구팀 연구위원을 거쳐 2016년 건보공단에...",2026-09-22 13:56,https://biz.sbs.co.kr/article_hub/20000336201?division=NAVER,https://n.news.naver.com/mnews/article/374/0000534361?sid=101
서울대학교,아시아경제,"15주년 맞은 길리어드코리아…""치료 기준 바꾸는 도전 계속""","반준우 서울아산병원 임상시험센터 소장, 이경훈 서울대학교병원 혈액종양내과 교수, 김승환 신나는센터 상임이사, 최 대표가 패널로 참여했다. 이들은 과학 혁신의 혜택을 더 많은 국내 환자에게 연결하기 위해서는...",2026-09-22 13:56,https://view.asiae.co.kr/article/2026092213561057960,https://n.news.naver.com/mnews/article/277/0005819936?sid=101
서울대학교,노컷뉴스,"'서울대 10개' 탈락…전북대 총동창회 ""추가 선정 일정 밝혀라""","교육부는 지난 1일 부산대학교와 전남대학교, 충남대학교를 2026년 '서울대 10개 만들기' 패키지 지원대학으로 선정했다. 전북대학교를 비롯한 나머지 국가거점국립대학은 이번 우선 지원 대상에서 제외됐다. 앞서...",2026-09-22 13:54,https://www.nocutnews.co.kr/news/6581975?utm_source=naver&utm_medium=article&utm_campaign=20260922015323,https://n.news.naver.com/mnews/article/079/0004192047?sid=102
서울대학교,내일신문,국민 91% “AI시대 새 사회적 약속 필요”,"대통령직속 기본사회위원회는 지난 19~20일 서울대학교 시흥캠퍼스에서 열린 ‘AI 전환에 따른 기본사회... 일자리 분야에서는 김유빈 한국노동연구원 선임연구위원, 소득보장은 백승호 가톨릭대학교 사회복지학과 교수...",2026-09-22 13:54,https://www.naeil.com/news/read/603212?ref=naver,https://www.naeil.com/news/read/603212?ref=naver
서울대학교,ECONONEWS,"호반그룹, 2027년 신입사원 공채…건설·제조·유통·레저-AI 오픈 인터뷰...","호반그룹은 공채에 앞서 지난 11일 서울 본사에서 채용설명회를 열었다. 서울대와 성균관대, 한양대 등 8개 대학에서는 캠퍼스 채용 행사를 진행했다. 이번 공채는 여러 계열사가 동시에 참여하지만 모집 직무와 요구...",2026-09-22 13:50,http://www.econonews.co.kr/news/articleView.html?idxno=444734,http://www.econonews.co.kr/news/articleView.html?idxno=444734
고려대학교,충청리뷰,AI 잘 쓰는 학생 넘어 '책임 있게 판단하는 인재'로…충북형 AI교육 밑그...,'문제해결·AI 이해·데이터·협업·윤리' 5대 역량 이번 연구는 김자미 고려대 교수를 연구책임자로 한 연구진이 지난 4월부터 진행했다. 학생의 수준과 역량에 따라 배움이 이어질 수 있는 맞춤형 AI교육 체계를 마련하는...,2026-09-22 13:50,https://www.ccreview.co.kr/news/articleView.html?idxno=358307,https://www.ccreview.co.kr/news/articleView.html?idxno=358307
고려대학교,이데일리,"고려대의료원, 미국 의료혁신기관과 손잡고 바이오 해외 진출 가속화",고려대의료원은 한국특허전략개발원 IP-TLO 얼라이언스의 글로벌 마케팅 분과장이자 한국보건산업진흥원 H+TLO 네트워크의 주도기관으로서 국내 대학·병원·연구기관 간 기술사업화 협력을 이끌고 있다....,2026-09-22 13:49,https://www.edaily.co.kr/News/Read?newsId=03709686645582744&mediaCodeNo=257&utm_source=naver&utm_medium=referral&utm_campaign=news_syndication&utm_content=original_article,https://n.news.naver.com/mnews/article/018/0006374332?sid=102
연세대학교,뉴시스,"""반바지 입어 깊이 반성""…연세대 치대생 반성문, 강의실에 붙었다","김드보라 인턴 기자 = 연세대학교 치과대학 학생들이 반바지를 입는 등 교내 복장 규정을 지키지 않았다는... 네티즌들은 ""대학교인데 반성문을 내라고 하는 간섭을 누가 하는 것이냐"", ""진료실에서 입은 것도 아닌데 사복을...",2026-09-22 13:48,https://www.newsis.com/view/NISX20260922_0003800034,https://n.news.naver.com/mnews/article/003/0014207898?sid=102
고려대학교,전자신문,"[ET특징주]셀리드, 휴니버스글로벌 최대주주 변경 소식에 상승세",휴니버스글로벌은 2017년 국가전략 프로젝트를 계기로 고려대학교의료원 산하 정밀의료사업단에서 출범한 정밀의료 플랫폼 기업이다. 고려대학교의료기술지주가 37%의 지분을 보유하고 있다. 휴니버스글로벌이...,2026-09-22 13:47,https://www.etnews.com/20260922000305,https://n.news.naver.com/mnews/article/030/0003469364?sid=101
서울대학교,FTODAY,"[기획③] 언론도 놓친 AI 영상, 시민의 '9가지 확인'…""확신 없으면 공유...",'AI 시대의 미디어 리터러시'(내하출판사 刊)를 펴낸 홍숙영 한세대학교 미디어영상광고학과 교수는 태국의... 양승목 서울대 언론정보학과 명예교수는 '가짜의 바다에서 진짜를 알아보는 힘'(김영사 刊)에서 허위 정보...,2026-09-22 13:46,http://www.ftoday.co.kr/news/articleView.html?idxno=365536,http://www.ftoday.co.kr/news/articleView.html?idxno=365536
서울대학교,HITNEWS,길리어드 15년…HIV·간염 넘어 암까지 '미충족 수요' 공략,"신지원 길리어드사이언스코리아 대외협력부 상무, 반준우 서울아산병원 임상시험센터 소장, 이경훈 서울대학교병원 혈액종양내과 교수, 김승환 신나는센터 상임이사, 최재연 길리어드사이언스코리아 대표...",2026-09-22 13:46,https://www.hitnews.co.kr/news/articleView.html?idxno=79342,https://www.hitnews.co.kr/news/articleView.html?idxno=79342
서울대학교,NONGMIN,"“도시형팜이 만드는 새로운 도시문화는”…팜한농, 포럼서 확장 방안 ...","이수연 서울시립대학교 환경원예학과 교수는 ‘정원도시에서 도심형팜으로, 자연-기술-사람을 연결하는 새로운 도시 플랫폼’을 주제로 기조발표했다. 이어 ‘공공 정책·연구개발(R&D)’ 세션에서 김세훈 서울대학교...",2026-09-22 13:44,https://www.nongmin.com/article/20260921500843,https://n.news.naver.com/mnews/article/662/0000104848?sid=101
고려대학교,LGHELLOVISION,"합법 카지노 규제, 불법시장 부풀리나?","[정재희  고려대학교 상담심리학 박사] ""불법도박 규모는 제6차 실태 조사에서 95.9조 원으로 추산되었는데요.... [권선중 한국침례신학대학교 상담심리학과 교수] ""합법을 과도하게 규제하고 누르니까 불법으로 옮겨간...",2026-09-22 13:44,http://news.lghellovision.net/news/articleView.html?idxno=555978,http://news.lghellovision.net/news/articleView.html?idxno=555978
서울대학교,서울경제TV,"현대차 정몽구 재단, 명동서 ‘2026 온소 페스티벌’ 개최","현대차 정몽구 재단이 오는 10월 7일부터 10일까지 온드림 소사이어티와 서울 명동 일대에서 복합문화축제... 김영민 서울대학교 교수, 이낙준 작가, 뮤지션 요조가 연사로 나서 자신만의 속도로 삶을 개척해 온 경험과...",2026-09-22 13:42,https://www.sentv.co.kr/article/view/sentv202609220137,https://www.sentv.co.kr/article/view/sentv202609220137
고려대학교,GGILBO,"""캠퍼스가 곧 축제장""…세종 청춘들, '울림'으로 하나 됐다","특히 고려대 세종캠퍼스, 홍익대 세종캠퍼스, 한국영상대학교, 한밭대, 충남대, 충북대 등 6개 대학 학생들이 축제 기획과 운영에 직접 참여하면서 대학 간 벽을 허물고 청년들이 축제의 주체로 나섰다는 점에서 의미를...",2026-09-22 13:40,https://www.ggilbo.com/news/articleView.html?idxno=1183314,https://www.ggilbo.com/news/articleView.html?idxno=1183314
고려대학교,베리타스알파,고려대 경영대 QS 글로벌 MBA 평가 국내 1위.. 'ROI 부문 세계 9위',고려대 경영대학이 세계적 대학평가기관 QS(Quacquarelli Symonds)의 글로벌 MBA 평가에서 국내 1위에 올랐다. 학비와 기회비용 대비 졸업 후 소득 상승 성과를 뜻하는 '투자 대비 가치(ROI)' 부문은 세계 9위를...,2026-09-22 13:40,https://www.veritas-a.com/news/articleView.html?idxno=629218,https://www.veritas-a.com/news/articleView.html?idxno=629218
서울대학교,GGILBO,"'초격차 신화' 권오현 삼성 前 회장, 모교 KAIST 이사장 맡는다","KAIST 제공 KAIST 이사회는 21일 서울에서 열린 제298회 임시이사회에서 권오현 前 삼성전자 대표이사 회장... 이사장은 서울대 전기공학과를 졸업(1975년)하고 KAIST에서 전기공학 석사(1977년), 미국 스탠퍼드대학교...",2026-09-22 13:40,https://www.ggilbo.com/news/articleView.html?idxno=1183322,https://www.ggilbo.com/news/articleView.html?idxno=1183322
고려대학교,MONEWS,"[동정] 윤승주 교수, 캄보디아 모니라폰 훈장 수훈",고려대학교 안암병원 윤승주 교수(마취통증의학과)가 캄보디아 보건의료 발전에 기여한 공로를 인정받아 캄보디아 왕립 모니사라폰 훈장을 수훈했다. 윤 교수는 캄보디아 왕립 암 병원인 루앙메병원(Luang Me Hospital)...,2026-09-22 13:38,https://www.monews.co.kr/news/articleView.html?idxno=414115,https://www.monews.co.kr/news/articleView.html?idxno=414115
고려대학교,팝콘뉴스,"고려대 경영대학, QS '글로벌 MBA 평가' 국내 1위 차지","한편, 고려대 경영대학은 미국 AACSB와 유럽 EQUIS 인증을 모두 보유하고 있으며, 국내 대학 중 유일하게 세계 명문 비즈니스스쿨 연합체인 'CEMS 글로벌 얼라이언스' 정회원교로 참여하고 있다.",2026-09-22 13:36,http://www.popcornnews.net/news/articleView.html?idxno=133862,http://www.popcornnews.net/news/articleView.html?idxno=133862
고려대학교,IMINJU,"대검 차장에 이정현 수원고검장…법무부 ""공소청 출범 준비""","전남 나주 출신인 이 차장검사는 나주 영산포상업고등학교와 고려대 법학과를 졸업했다. 서울지방검찰청 북부지청 검사로 검찰에 입문한 뒤 전주지검 군산지청과 인천지검, 법무부 형사법제과, 대전지검 등에서 검사로...",2026-09-22 13:34,http://www.iminju.net/news/articleView.html?idxno=169897,http://www.iminju.net/news/articleView.html?idxno=169897
고려대학교,SBS,대검찰청 신임 차장에 이정현 수원고검장…검찰총장 직무대행,이정현 신임 차장은 전남 나주에서 태어나 고려대를 졸업하고 사법시험을 통과한 뒤 1998년 서울지검 북부지청(현 서울북부지검) 검사로 임관했습니다. 광주지검 부장검사였던 2018년에는 전두환 전 대통령을 5·18...,2026-09-22 13:33,https://news.sbs.co.kr/news/endPage.do?news_id=N1008765802&plink=ORI&cooper=NAVER,https://n.news.naver.com/mnews/article/055/0001390320?sid=102
연세대학교,경향신문,당뇨병 진단 초기 중증도 높거나 빠르게 악화했다면···췌장암 발생 위...,"세브란스병원 소화기내과 정문재 교수와 내분비내과 이민영 교수, 연세대 의대 예방의학교실 장성인 교수, 연구지원부 유민희 연구원은 이 같은 내용의 연구를 국제학술지 ‘거트(Gut)’에 발표했다고 22일 밝혔다....",2026-09-22 13:32,https://www.khan.co.kr/article/202609221332001,https://n.news.naver.com/mnews/article/032/0003471983?sid=103
서울대학교,경북신문,올 추석 TK 민심 키워드 ‘민생·균형발전·AI’,"교육 분야에서는 경북대가 정부의 ‘서울대 10개 만들기’ 첫 패키지 지원대학에 포함되지 않은 점도 관심을 모았다. 교육부는 부산대·전남대·충남대를 첫 지원대학으로 선정했으며, 지역에서는 향후 지원 확대 과정에서...",2026-09-22 13:28,https://www.kbsm.net/news/view.php?idx=535365,https://www.kbsm.net/news/view.php?idx=535365
연세대학교,KOREAHEALTHLOG,MRI·뇌파 결합해 뇌 신경 활동 위치 추정하는 AI 개발,연세대학교 이과대학 수학계산학부(계산과학공학) 윤경호 교수팀은 개인의 뇌 구조를 보여주는 MRI와 뇌파(이하 EEG)를 결합해 뇌 신경활동이 발생한 위치를 실시간으로 추정하는 인공지능 기술을 개발했다고...,2026-09-22 13:26,https://www.koreahealthlog.com/news/articleView.html?idxno=59130,https://www.koreahealthlog.com/news/articleView.html?idxno=59130
서울대학교,신아일보,"경기도서관, 고립·은둔 청년 관계 형성 돕는다…'명랑한 은둔자' 운영",프로그램은 오는 29일 김은영 서울대학교 의과대학 정신과 전문의와 고립·은둔 경험 청년이 참여하는 온라인 강연으로 시작한다. 10월에는 매주 화요일 자신의 감정과 경험을 표현하는 온라인 글쓰기 교육을 진행한다....,2026-09-22 13:26,https://www.shinailbo.co.kr/news/articleView.html?idxno=5065161,https://www.shinailbo.co.kr/news/articleView.html?idxno=5065161
서울대학교,글로벌이코노믹,"건보공단, 건강보험연구원장에 김지영 임명…다양한 실무 경험 갖춰",김지영 건강보험연구원장은 예방의학과 전문의로 서울대학교 보건학 석사와 의학 박사 학위를 취득했다. 20년간 보건·의료 분야에서 폭넓은 연구·실무 경험을 쌓아 온 것으로 알려졌다. 또 한국보건의료연구원...,2026-09-22 13:26,https://www.g-enews.com/view.php?ud=202609221320341869ea13369bfa_1,https://www.g-enews.com/view.php?ud=202609221320341869ea13369bfa_1
고려대학교,메디소비자뉴스,"윤승주 교수, 캄보디아 '왕립 모니사라폰 훈장' 받아","고려대안암병원은 윤승주 마취통증의학과 교수가 캄보디아 보건의료 발전에 기여한 공로로 캄보디아... 이에 루앙메병원 의료진은 고려대 안암병원에서 3개월간 임상 연수를 받았으며, 윤 교수는 지도교수로서...",2026-09-22 13:24,http://www.medisobizanews.com/news/articleView.html?idxno=142506,http://www.medisobizanews.com/news/articleView.html?idxno=142506
고려대학교,주간한국,"윤승주 고대안암병원 교수, 캄보디아 왕립 훈장 수훈",윤승주 고려대 안암병원 마취통증의학과 교수. 사진=고대안암병원  고려대학교 안암병원은 윤승주 마취통증의학과 교수가 캄보디아 보건의료 발전에 기여한 공로를 인정받아 캄보디아 왕립 모니사라폰 훈장을 받았다고...,2026-09-22 13:20,https://weekly.hankooki.com/news/articleView.html?idxno=7185583,https://weekly.hankooki.com/news/articleView.html?idxno=7185583
서울대학교,전자신문,"페라리코리아, 서울대와 공학 인재 양성",페라리코리아가 서울대 산학협력공학인재지원센터와 상호 교류를 위한 업무협약(MOU)을 체결했다고 22일 밝혔다. 협약은 서울대 산학협력공학인재지원센터가 운영하는 'SNU 모빌리티 레노바티오' 사업과 연계해 차세대...,2026-09-22 13:20,https://www.etnews.com/20260922000291,https://n.news.naver.com/mnews/article/030/0003469355?sid=103
서울대학교,TODAYENERGY,"고동진 의원 ""AI 시대 전력난 해법은 원자력""","토론회에는 주한규 서울대 원자핵공학과 교수(전 한국원자력연구원장)가 발제를 맡고, 이유호 서울대 원자핵공학과 교수, 김용희 KAIST 원자력 및 양자공학과 교수, 박윤원 BEES 대표, 윤봉요 한수원 중앙연구원 처장...",2026-09-22 13:14,https://www.todayenergy.kr/news/articleView.html?idxno=303409,https://www.todayenergy.kr/news/articleView.html?idxno=303409
고려대학교,메디컬월드뉴스,독감·코로나19 동반 증가…추석 앞두고 고위험군 예방 비상,"고려대 구로병원이 소개한 질병청 표본감시 결과, 입원환자는 32주차 43명에서 35주차 162명으로 3주 사이... ◆“생활수칙만으론 부족”…예방접종 병행 권고 고려대 구로병원 감염내과 윤진구 교수는 손 씻기나...",2026-09-22 13:10,https://medicalworldnews.co.kr/news/view.php?idx=1510977377,https://medicalworldnews.co.kr/news/view.php?idx=1510977377
서울대학교,CNB뉴스,"부산대, 지역지능화혁신인재양성사업 선정…180억원 규모","부산대학교가 과학기술정보통신부와 정보통신기획평가원(IITP)이 추진하는 '2026년도... 최근 부산대는 '서울대 10개 만들기' 정책의 '거점국립대 성장엔진·AI 패키지 지원대학'에 선정돼 성장엔진 브랜드 단과대학, AI...",2026-09-22 13:08,https://www.cnbnews.com/news/articleView.html?idxno=1016923,https://www.cnbnews.com/news/articleView.html?idxno=1016923
서울대학교,비욘드포스트,"현대차 정몽구 재단, 강연·공연 어우러진 ‘ONSO FESTIVAL’ 개최","김영민 서울대학교 교수와 이낙준 작가, 작가이자 뮤지션인 요조가 참여해 자신만의 속도로 삶의 길을 만들어온 경험과 생각을 관객들과 공유한다. 공연 프로그램 'ONSO Live'는 10월 8일 오후 8시 명동대성당 옆마당에서...",2026-09-22 13:08,http://www.beyondpost.co.kr/view.php?ud=202609221305301663205868f676_30,http://www.beyondpost.co.kr/view.php?ud=202609221305301663205868f676_30
고려대학교,데일리안,대검찰청 차장에 이정현 수원고검장…검찰총장 직무 대행한다,이정현 신임 차장은 전남 나주에서 태어나 고려대를 졸업하고 사법시험을 통과한 뒤 1998년 서울지검 북부지청(현 서울북부지검) 검사로 임관했다. 광주지검 부장검사였던 2018년에는 전두환 전 대통령을 5·18 민주화운동...,2026-09-22 13:06,https://www.dailian.co.kr/news/view/1693527/?sc=Naver,https://n.news.naver.com/mnews/article/119/0003135551?sid=102
서울대학교,뉴시스,"길리어드코리아, 15주년…""항암제 등 영역 확대""","반준우 서울아산병원 임상시험센터 소장, 이경훈 서울대학교병원 혈액종양내과 교수, 김승환 신나는센터 상임이사, 최재연 길리어드 코리아 대표가 패널로 참여했다. 패널들은 과학 혁신의 혜택을 더 많은 국내...",2026-09-22 13:04,https://www.newsis.com/view/NISX20260922_0003800156,https://n.news.naver.com/mnews/article/003/0014207712?sid=102
고려대학교,뉴스핌,[프로필] 이정현 신임 대검찰청 차장검사,이 검사장은 1968년생 전남 나주 출신으로 광주 영산포상업고와 고려대 법학과를 졸업했다. 1995년 37회... 다음은 이정현 신임 대검찰청 차장검사 프로필 ▲1968년생 ▲전남 나주 ▲나주 영산포상업고·고려대 법대...,2026-09-22 13:04,https://www.newspim.com/news/view/20260922000671,https://www.newspim.com/news/view/20260922000671
서울대학교,데일리메디,건보공단 신임 건강보험연구원장 김지영,김지영 신임 원장은 예방의학과 전문의로 서울대학교에서 보건학 석사와 의학박사 학위를 취득했다. 지난 20년간 보건·의료 분야에서 연구와 실무를 두루 거쳤다. 특히 한국보건의료연구원 연구위원을 거쳐 건보공단...,2026-09-22 13:02,https://www.dailymedi.com/news/news_view.php?wr_id=940769,https://www.dailymedi.com/news/news_view.php?wr_id=940769
서울대학교,내일신문,암 치료 뒤 운동 안하면 치매위험 높다,21일 국제학술지 ‘암 연구와 치료(Cancer Research and Treatment)’에 온라인 선게재된 논문에 따르면 서울대 연구진 등은 국민건강보험공단 건강검진·진료청구 자료를 활용해 암 진단 전후 신체활동 변화와 이후 치매...,2026-09-22 13:02,https://www.naeil.com/news/read/603129?ref=naver,https://www.naeil.com/news/read/603129?ref=naver
서울대학교,세계비즈,[에너지 다변화 전략] 21세기의 ‘석유고갈론’… 마르진 않았지만 막혀...,최근 서울 서초구 만남의광장주유소에서 시민들이 주유하고 있다. 뉴시스 지구상에서 곧 고갈 될 것이라던... 최종근 서울대 에너지자원공학과 교수는 2022년 석유공사 웹진 ‘석유사랑’을 통해 “기술발전과 극지와...,2026-09-22 13:02,http://www.segyebiz.com/newsView/20260922509702?OutUrl=naver,http://www.segyebiz.com/newsView/20260922509702?OutUrl=naver
고려대학교,JEONMAE,"성북구, 대학 자원과 지역 현안 연결한다",성북구가 관내 7개 대학과 협력해 지역 현안 해결과 청년 정주를 위한 사업을 추진한다. 구는 최근 구청에서 고려대·국민대·동덕여대·서경대·성신여대·한국예술종합학교·한성대와 상생협력 업무협약을 맺고 '대학도시...,2026-09-22 13:00,https://www.jeonmae.co.kr/news/articleView.html?idxno=1295814,https://www.jeonmae.co.kr/news/articleView.html?idxno=1295814
서울대학교,ABCN,"[인터뷰] 신간『당신은 지금 잘못 먹고 있다』김명미 작가..""중요한 것은...",저자는 식품영양학과 한방건강학을 모두 전공하고 서울대학교 의과대학 건강리더최고위과정에서... 서울대 의과대학 건강리더최고위과정에서 노인의 신체적 변화에 따른 약선 개발을 주제로 논문을 쓰며 최우수논문상을...,2026-09-22 13:00,https://www.abcn.kr/news/articleView.html?idxno=92228,https://www.abcn.kr/news/articleView.html?idxno=92228
서울대학교,여성신문,[W 인물] 기후변호사에서 첫 80년대생 장관으로… 이소영 중기부 장관 후...,1985년 부산에서 태어난 이 후보자는 안양 백영고를 거쳐 성균관대 법학과를 졸업하고 서울대 대학원 법학 석사과정을 수료했다. 2009년 제51회 사법시험에 합격했고 사법연수원 41기를 수료했다. 이후 김앤장...,2026-09-22 13:00,https://www.womennews.co.kr/news/articleView.html?idxno=282470,https://n.news.naver.com/mnews/article/310/0000140210?sid=102
고려대학교,SNMNEWS,"철강協 강관협의회, 제21회 강관산업발전세미나 참가 신청","이어 강관의 탄수중립 설계지침과 타소재 대비 경쟁력에 대해 고려대학교 주영규 교수가, 해외 CCUS강관적용 현황 및 실증 사업 동향을 한국 CCUS 추진단 이호섭 단장이 발표한다. 한편 이번 세미나의 참석은 https...",2026-09-22 12:58,http://www.snmnews.com/news/articleView.html?idxno=575074,http://www.snmnews.com/news/articleView.html?idxno=575074
고려대학교,한국대학신문,울산과학대 여자축구부 U-20 여자 월드컵 12년 만의 8강 견인,울산과학대학교(총장 조홍래)는 여자축구 국가대표팀 최종 엔트리 21명 중 6명이 선발돼 단일 대학... 결승 상대인 고려대에 전반에만 두 골을 내주며 0대2로 뒤졌으나 이하은이 후반 32분과 41분 연달아 골을 넣어...,2026-09-22 12:52,https://news.unn.net/news/articleView.html?idxno=597857,https://news.unn.net/news/articleView.html?idxno=597857
연세대학교,JEJUDOMIN,"제주대 테너 박웅 교수, 내달 2일 아라뮤즈홀 독창회",서울예고와 연세대학교 성악과를 졸업한 뒤 오스트리아 잘츠부르크 모차르테움 국립음악대학교에서... 현재 제주대 예술디자인대학 음악학부에서 후학 양성과 공연 활동을 병행하고 있다. 공연 문의는 제주대...,2026-09-22 12:52,https://www.jejudomin.co.kr/news/articleView.html?idxno=400493,https://www.jejudomin.co.kr/news/articleView.html?idxno=400493
연세대학교,아이뉴스24,"연세대 치대, 반바지 입었다고 자필 반성문 작성⋯강의실 게시판에 공개...",연세대학교 치과대학 학생들이 복장 규정 위반을 이유로 작성한 자필 반성문이 강의실에 게시돼 논란이 일고 있다. 22일 연세대 학보 연세춘추 등에 따르면 지난달 27일 연세대학교 치과대 학생 3명이 등교 시 반바지와...,2026-09-22 12:51,http://www.inews24.com/view/2008239,https://n.news.naver.com/mnews/article/031/0001060600?sid=102
고려대학교,뉴시스,"대검 차장에 이정현 수원고검장…대북송금 수사에 ""사과"" 이력(종합)","전남 나주 출신인 이 차장검사는 나주 영산포상업고등학교와 고려대 학교 법학과를 졸업했다. 이 차장검사는 서울지방검찰청 북부지청 검사로 임관해, 전주지방검찰청 군산지청 검사, 인천지방검찰청 검사, 법무부...",2026-09-22 12:50,https://www.newsis.com/view/NISX20260922_0003800163,https://n.news.naver.com/mnews/article/003/0014207703?sid=102
서울대학교,시사저널,"[경기 24시] 경기도, 추석 연휴 시외버스 80대 증차…도시철도 심야 운행",경부·영동·서해안·중부·서울양양고속도로 등 주요 고속도로에서 정체가 발생하면 도로전광판을 통해... 프로그램은 29일 김은영 서울대학교 의과대학 정신과 전문의와 고립·은둔 청년이 참여하는 온라인 강연을...,2026-09-22 12:45,https://www.sisajournal.com/news/articleView.html?idxno=388067,https://n.news.naver.com/mnews/article/586/0000138747?sid=102
서울대학교,AMENEWS,"화학연, 두꺼운 배터리 전극 리튬이온 이동 개선…고용량화 길 열어","이번 연구에는 서울대학교, 연세대학교 및 Thermo Fisher Scientific Korea 등이 참여했다. 배터리 전극을 두껍게 만들면 같은 면적에서 집전체와 분리막 사용량을 줄이면서 활물질을 더 많이 담을 수 있어 에너지밀도를...",2026-09-22 12:44,http://amenews.kr/news/view.php?idx=68109,http://amenews.kr/news/view.php?idx=68109
연세대학교,AMENEWS,"화학연, 두꺼운 배터리 전극 리튬이온 이동 개선…고용량화 길 열어","이번 연구에는 서울대학교, 연세대학교 및 Thermo Fisher Scientific Korea 등이 참여했다. 배터리 전극을 두껍게 만들면 같은 면적에서 집전체와 분리막 사용량을 줄이면서 활물질을 더 많이 담을 수 있어 에너지밀도를...",2026-09-22 12:44,http://amenews.kr/news/view.php?idx=68109,http://amenews.kr/news/view.php?idx=68109
고려대학교,이투데이,"고려대의료원, 존스홉킨스·텍사스 메디컬 센터 등과 협력…미국 진출 ...",고려대의료원은 한국특허전략개발원 IP-TLO 얼라이언스의 글로벌 마케팅 분과장이자 한국보건산업진흥원 H+TLO 네트워크의 주도기관으로서 국내 대학·병원·연구기관 간 기술사업화 협력을 이끌고 있다....,2026-09-22 12:44,https://www.etoday.co.kr/news/view/2628518,https://www.etoday.co.kr/news/view/2628518
서울대학교,PLATUM,"미 CFTC·백악관 출신 인사들 서울로, 두나무 디지털자산 기관 서밋 연다","미국과 유럽의 전직 디지털자산 정책 담당자들과 글로벌 금융·디지털자산 기업 임원들이 서울에 모여... 국내 금융권 토론에는 이종섭 서울대 경영대학 교수가 좌장을 맡고 최원석 두나무 해외사업총괄, 엄태성...",2026-09-22 12:38,https://platum.kr/archives/295064,https://platum.kr/archives/295064
서울대학교,NEWSPENGUIN,호랑이·표범 늘었지만...숫자 뒤에 숨은 진짜 숙제는?,"서울대학교 수의과대학과 국립생물자원관, 한국범보전기금 등 한국 측 연구진과 러시아 '표범의 땅... 러시아에서 추출한 DNA는 정식 절차를 거쳐 한국으로 옮겨졌고 서울대학교에서 분석됐다. 연구 결과 남서 연해주...",2026-09-22 12:36,https://www.newspenguin.com/news/articleView.html?idxno=22207,https://www.newspenguin.com/news/articleView.html?idxno=22207
서울대학교,CCTIMES,KAIST 이사장에 권오현 (전) 삼성전자 회장 선임,"권 이사장은 서울대를 졸업하고 KAIST에서 전기공학 석사, 미국 스탠퍼드대에서 전기공학 박사 학위를... 경영 일선에서 물러난 뒤에는 한국발명진흥회 회장, 서울대학교 제7대 이사장을 지냈고, 2025년 9월부터...",2026-09-22 12:34,http://www.cctimes.kr/news/articleView.html?idxno=929000,http://www.cctimes.kr/news/articleView.html?idxno=929000
연세대학교,CCTIMES,충주의료원 원격중환자실 협력네트워크 10월부터 정식 운영,"이번 사업은 보건복지부 공모사업으로 선정된 원격중환자실 협력네트워크사업의 일환으로, 연세대학교 원주세브란스기독병원을 거점병원으로 하고 충주의료원과 원주의료원이 협력병원으로 참여한다. 충청북도와...",2026-09-22 12:34,http://www.cctimes.kr/news/articleView.html?idxno=929055,http://www.cctimes.kr/news/articleView.html?idxno=929055
고려대학교,뉴스핌,대검 신임 차장에 이정현 수원고검장…'대행의 대행' 두 달여 만에 해소,"신임 이정현 대검 차장검사는 전남 나주 출신으로 고려대 법대를 졸업하고 1998년 검사생활을 시작했다. 대검 감찰2과장, 서울중앙지검 1차장검사 등을 거쳐 2020년 검사장으로 승진해 대검 공공수사부장을 지냈다. 2022년...",2026-09-22 12:31,https://www.newspim.com/news/view/20260922000676,https://www.newspim.com/news/view/20260922000676
서울대학교,GOKOREA,"AI 시대, 기본사회 혁신으로 미래를 준비하는 대한민국의 도전","최근 서울대 시흥캠퍼스에서 열린 'AI 전환에 따른 기본사회 공론화'에서는 223명의 국민 숙의단이 참여해 다양한 사회적 비전을 제안했다. 이들은 '공정한 기회 제공', '경제력과 무관한 의료 혜택', '변화에 대응하는 교육...",2026-09-22 12:30,https://www.gokorea.kr/news/articleView.html?idxno=879412,https://www.gokorea.kr/news/articleView.html?idxno=879412
서울대학교,헤럴드경제,"“월드스타는 싸이, 그리고 이 사람”…알파폴드 심사위원이 만든 AI 신...","주인공은 서울대학교 화학부 교수이자 인공지능(AI) 기반 신약 개발 벤처 ‘갤럭스(Galux)’를 이끄는 석차옥 공동대표다. 석 대표는 20년 이상 계산화학 분야를 개척해 온 세계적인 석학으로, 현재 대통령직속...",2026-09-22 12:30,https://biz.heraldcorp.com/article/10881524?ref=naver,https://n.news.naver.com/mnews/article/016/0002700911?sid=101
서울대학교,주간한국,"두나무, 오는 29일 '업비트 인스티튜셔널 서밋' 개최",사진=두나무  두나무는 오는 29일 서울 광진구 그랜드 워커힐 서울에서 '업비트 인스티튜셔널 서밋(UIS)'을... 국내 금융산업의 온체인 전환을 주제로 한 토론도 진행하며 이종섭 서울대 교수가 좌장을 맡고...,2026-09-22 12:26,https://weekly.hankooki.com/news/articleView.html?idxno=7185559,https://weekly.hankooki.com/news/articleView.html?idxno=7185559
고려대학교,신아일보,"이정현 수원고검장, 구자현 대검찰청 차장 후임 임명","이정현 신임 차장은 전남 나주 출생으로, 고려대 졸업 후 사법시험을 통과해 1998년 서울지검 북부지청(현 서울북부지검) 검사로 임관했다. 이후 광주지검 부장검사 시절인 2018년 전두환 전 대통령을 5·18 민주화운동 관련...",2026-09-22 12:24,https://www.shinailbo.co.kr/news/articleView.html?idxno=5065110,https://www.shinailbo.co.kr/news/articleView.html?idxno=5065110
서울대학교,동아사이언스,전극 리튬이온 병목현상 해결해 고용량 배터리 개선,"서울대 연세대 등 국내 대학과 글로벌 연구장비 업체인 써모 피셔 사이언티픽 코리아도 참여했다. 문 책임연구원은 ""0.5% 수준의 적은 첨가제로 전해액 젖음성과 이온 이동을 동시에 개선하고 첨가제의 양뿐 아니라 배치...",2026-09-22 12:23,https://www.dongascience.com/news/view/80026,https://n.news.naver.com/mnews/article/584/0000039421?sid=105
연세대학교,동아사이언스,전극 리튬이온 병목현상 해결해 고용량 배터리 개선,"서울대 연세대 등 국내 대학과 글로벌 연구장비 업체인 써모 피셔 사이언티픽 코리아도 참여했다. 문 책임연구원은 ""0.5% 수준의 적은 첨가제로 전해액 젖음성과 이온 이동을 동시에 개선하고 첨가제의 양뿐 아니라 배치...",2026-09-22 12:23,https://www.dongascience.com/news/view/80026,https://n.news.naver.com/mnews/article/584/0000039421?sid=105
서울대학교,AITIMES,"산업부, AI 시대 기업·노동 미래 연구회 출범…기업 성장·인재 활용 정...","연구회 전경 연구회 위원장은 안동현 서울대 교수가 맡는다. 이준영 성균관대 교수와 이상희 한국공학대 교수는 각각 분과장으로 위촉됐으며, 경제학·경영학·공학·법학·인재양성 등 다양한 분야의 전문가들이...",2026-09-22 12:20,https://www.aitimes.kr/news/articleView.html?idxno=42039,https://www.aitimes.kr/news/articleView.html?idxno=42039
서울대학교,NGONEWS,"한국소비자연맹, 청소년 SNS·AI 중독에 플랫폼 책임 묻는다…국회서 '안...","토론은 이성엽 고려대학교 교수이자 한국정보통신법정책학회장이 좌장을 맡는다. 윤영호 서울대학교 가정의학과 교수, 조영기 인터넷기업협회 사무총장, 정지연 한국소비자연맹 사무총장, 천혜선...",2026-09-22 12:18,https://www.ngonews.kr/news/articleView.html?idxno=238995,https://www.ngonews.kr/news/articleView.html?idxno=238995
서울대학교,JOB-POST,하반기 취업문 열린다…신세계·동원·한솔 등 주요 그룹 신입 공채,"9월 29일 신촌을 시작으로 30일 혜화, 10월 1일 서울대 인근 캐치카페에서 각각 오후 2시부터 2시간 동안 오프라인 채용설명회를 진행한다. 설명회에서는 회사와 채용전형을 소개하고 R&D와 영업, 생산, 인사·관리, IT, HIS...",2026-09-22 12:18,https://www.job-post.co.kr/news/articleView.html?idxno=228733,https://www.job-post.co.kr/news/articleView.html?idxno=228733
연세대학교,NGONEWS,"한국소비자연맹, 청소년 SNS·AI 중독에 플랫폼 책임 묻는다…국회서 '안...","상윤모 연세대학교 교수가 '청소년 SNS 이용제한 이슈와 과제'를, 김나정 국회입법조사처 조사관이 '청소년 AI 이용제한 이슈와 과제'를 주제로 각각 발표한다. 토론은 이성엽 고려대학교 교수이자...",2026-09-22 12:18,https://www.ngonews.kr/news/articleView.html?idxno=238995,https://www.ngonews.kr/news/articleView.html?idxno=238995
고려대학교,NGONEWS,"한국소비자연맹, 청소년 SNS·AI 중독에 플랫폼 책임 묻는다…국회서 '안...","토론은 이성엽 고려대학교 교수이자 한국정보통신법정책학회장이 좌장을 맡는다. 윤영호 서울대학교 가정의학과 교수, 조영기 인터넷기업협회 사무총장, 정지연 한국소비자연맹 사무총장, 천혜선...",2026-09-22 12:18,https://www.ngonews.kr/news/articleView.html?idxno=238995,https://www.ngonews.kr/news/articleView.html?idxno=238995
연세대학교,KTNEWS,'데님은 변화를 두려워하지 않는다',서울대학교·한양대학교·전북대학교·중앙대학교·한세대학교·홍익대학교·세종대학교·울산대학교·고려대학교·한국외국어대학교·연세대학교·숙명여자대학교·경기과학기술대학교 등 13개 대학 학생과 일반인이...,2026-09-22 12:10,http://www.ktnews.com/news/articleView.html?idxno=148780,http://www.ktnews.com/news/articleView.html?idxno=148780
서울대학교,KTNEWS,'데님은 변화를 두려워하지 않는다',"9월 22~23일 코엑스 더플라츠에서 열린 '데님스앤진스' 전시회의 부대사업으로 진행됐으며, 서울대학교·한양대학교·전북대학교·중앙대학교·한세대학교·홍익대학교·세종대학교·울산대학교·고려대학교...",2026-09-22 12:10,http://www.ktnews.com/news/articleView.html?idxno=148780,http://www.ktnews.com/news/articleView.html?idxno=148780
고려대학교,KTNEWS,'데님은 변화를 두려워하지 않는다',서울대학교·한양대학교·전북대학교·중앙대학교·한세대학교·홍익대학교·세종대학교·울산대학교·고려대학교·한국외국어대학교·연세대학교·숙명여자대학교·경기과학기술대학교 등 13개 대학 학생과 일반인이...,2026-09-22 12:10,http://www.ktnews.com/news/articleView.html?idxno=148780,http://www.ktnews.com/news/articleView.html?idxno=148780
연세대학교,코메디닷컴,당뇨약 먹기 시작했는데 6개월 만에 인슐린까지⋯췌장암 위험 26배 높았...,"연세대 세브란스병원 소화기내과 정문재 교수와 내분비내과 이민영 교수, 연세대 의대 예방의학교실 장성인 교수, 연구지원부 유민희 연구원 등 연구팀은 신규 발생 당뇨병의 초기 중증도뿐 아니라 진단 직후...",2026-09-22 12:07,https://kormedi.com/?p=2871434,https://n.news.naver.com/mnews/article/296/0000105159?sid=103
서울대학교,NEWSFARM,청년농 세대전환 6대 과제 점검…농지부터 금융까지 보완 논의,"한편 제7차 회의에는 김영희 서울대학교 책임연구원, 금창영 홍성의료복지사회적협동조합 이사장, 조병옥 농지제도개선TF 단장, 송원규 농정전환실천네트워크 정책실장, 이상진 경기 이천 모가영농법인 대표 등이 참석해...",2026-09-22 12:06,http://www.newsfarm.co.kr/news/articleView.html?idxno=102411,http://www.newsfarm.co.kr/news/articleView.html?idxno=102411
서울대학교,뉴스1,"길리어드코리아 ""글로벌 임상 10건 중 4건 韓 참여…항암제는 60% 이상""","'Beyond Medicine: 함께 만들어온 변화, 함께 만들어갈 미래'를 주제로 진행된 패널토론에는 반준우 서울아산병원 임상시험센터 소장, 이경훈 서울대학교병원 혈액종양내과 교수, 김승환 신나는센터 상임이사, 최재연...",2026-09-22 12:06,https://www.news1.kr/bio/pharmaceutical-bio/6298788,https://n.news.naver.com/mnews/article/421/0009185856?sid=103
서울대학교,팍스경제TV,"현대차 정몽구재단, '2026 ONSO FESTIVAL' 개최…""각자의 속도로 연결""","페스티벌의 대표프로그램인 'ONSO Talk'는 10월 9일과 10일 양일간 김영민 서울대 교수, 이낙준 작가, 작가 겸 뮤지션 요조가 함께합니다. 그 밖에도 10월 8일 저녁 8시 명동대성당 옆마당에서 열리는 하이라이트 무대...",2026-09-22 12:06,http://www.paxetv.com/news/articleView.html?idxno=282529,http://www.paxetv.com/news/articleView.html?idxno=282529
고려대학교,뉴시스,대검 차장검사에 이정현 수원고검장…구자현 사의 표명 53일만,"전남 나주 출신인 이 차장검사는 나주 영산포상업고등학교와 고려대 학교 법학과를 졸업했다. 이 차장검사는 서울지방검찰청 북부지청 검사를 시작으로 대검찰청 감찰2과장, 서울중앙지방검찰청 제1차장, 대검찰청...",2026-09-22 12:05,https://www.newsis.com/view/NISX20260922_0003800119,https://n.news.naver.com/mnews/article/003/0014207533?sid=102
고려대학교,문화일보,검찰총장 대행에 ‘채널A사건 수사’ 이정현 수원고검장,"전남광주 나주 출신인 이 신임 차장은 고려대 법학과를 졸업하고 1995년 제37회 사법시험에 합격했다. 서울지검 북부지청 검사로 임관해 대검 감찰2과장, 법무부 감찰담당관 등을 거쳤다. 서울중앙지검 1차장 시절인...",2026-09-22 12:04,https://www.munhwa.com/article/11618924?ref=naver,https://n.news.naver.com/mnews/article/021/0002820651?sid=102
고려대학교,연합뉴스,구자현 대검찰청 차장 후임에 이정현 수원고검장,이정현 신임 차장은 전남 나주에서 태어나 고려대를 졸업하고 사법시험을 통과한 뒤 1998년 서울지검... ▲ 전남 나주(68) ▲ 고려대 법학과 ▲ 사법시험 합격(37회) ▲ 사법연수원 수료(27기) ▲ 서울지검 북부지청 검사...,2026-09-22 12:03,https://www.yna.co.kr/view/AKR20260922097100004?input=1195m,https://n.news.naver.com/mnews/article/001/0016329274?sid=102
서울대학교,CCDAILYNEWS,"예산군, 서울대·충북대 수의대와 길고양이 중성화 봉사",▲ 길고양이 중성화(TNR) 수술 봉사활동 사진 충남 예산군은 지난 20일 오전 9시부터 오후 4시까지 예산군청 광장에서 서울대학교와 충북대학교 수의과대학 교수 및 학생들이 참여한 가운데 무료 길고양이 중성화(TNR) 수술...,2026-09-22 12:02,https://www.ccdailynews.com/news/articleView.html?idxno=2442471,https://www.ccdailynews.com/news/articleView.html?idxno=2442471
고려대학교,더팩트,"대검 차장검사에 이정현 수원고검장…""공소청 출범 준비""",이 신임 차장은 1968년 전남 나주 출생으로 영산포상업고와 고려대 법학과를 졸업했다. 제37회 사법시험에 합격해 사법연수원을 27기로 수료한 뒤 1998년 서울지검 북부지청에서 검사 생활을 시작했다. 대검 감찰2과장과...,2026-09-22 12:01,https://news.tf.co.kr/read/life/2368861.htm,https://n.news.naver.com/mnews/article/629/0000536176?sid=102
고려대학교,아주경제,"법무부, 대검 차장검사에 이정현 수원고검장 임명","전남 나주 출신인 이 신임 차장은 나주 영산포상고와 고려대 법학과를 졸업했다. 문재인 정부 시절인 2020년 8월 검사장(대검 공공수사부장)으로 승진했으며, 같은 해 서울중앙지검 1차장검사 재직 당시 '채널A 검언 유착...",2026-09-22 12:00,https://www.ajunews.com/view/20260922113200635,https://www.ajunews.com/view/20260922113200635
서울대학교,쿠키뉴스,"[쿠키과학] ‘전기차 배터리 성능 높일 첨가제’… 화학연, 리튬 이동 막...","한편, 이번 연구는 서울대, 연세대, 써모피셔사이언티픽코리아 등이 참여했고, 연구결과는 지난달 11일... 최효준(서울대), 이명환 선임연구원(화학연), 김은지(화학연), 김영수·박지영(Thermo Fisher Scientific Korea)...",2026-09-22 12:00,https://www.kukinews.com/article/view/kuk202609210115,https://www.kukinews.com/article/view/kuk202609210115
서울대학교,TOURNEWS21,"박관열 광주시장, 태화산 생태자원 현장 점검…'녹색도시 광주' 구상 본...",광주시는 지난 21일 도척면 상림리 서울대학교 태화산 학술림에서 박관열 시장과 서울대학교 학술림장 등 관계자들이 참석한 가운데 태화산 산림자원의 효율적인 활용과 양 기관의 협력사업 발굴을 위한 회의를 개최했다고...,2026-09-22 12:00,https://www.tournews21.com/news/articleView.html?idxno=144153,https://www.tournews21.com/news/articleView.html?idxno=144153
서울대학교,뉴스1,두꺼운 전극 속 '리튬이온 병목' 해결…대용량 배터리 길 연다,"한국화학연구원은 문산·석정돈 박사팀이 서울대학교, 연세대학교, 써모피셔 사이언티픽 코리아 연구진과 공동으로 흑연질화탄소(g-C₃N₄)를 양극 첨가제로 처음 적용한 건식 후막 양극 기술을 개발했다고 22일...",2026-09-22 12:00,https://www.news1.kr/local/daejeon-chungnam/6297296,https://n.news.naver.com/mnews/article/421/0009185823?sid=102
서울대학교,연합뉴스,"AI 기본사회 미래는…""공정 기회 보장·경제력 무관 의료혜택""",22일 대통령 직속 기본사회위원회에 따르면 지난 19∼20일 서울대 시흥캠퍼스 컨벤션센터에서 열린 '인공지능(AI) 전환에 따른 기본사회 공론화' 토론회에 참가한 국민 숙의단 223명은 이런 내용을 담은 '기본사회의 미래...,2026-09-22 12:00,https://www.yna.co.kr/view/AKR20260922040700530?input=1195m,https://n.news.naver.com/mnews/article/001/0016329260?sid=105
연세대학교,쿠키뉴스,"[쿠키과학] ‘전기차 배터리 성능 높일 첨가제’… 화학연, 리튬 이동 막...","한편, 이번 연구는 서울대, 연세대, 써모피셔사이언티픽코리아 등이 참여했고, 연구결과는 지난달 11일... 이명환 선임연구원(화학연), 김은지(화학연), 김영수·박지영(Thermo Fisher Scientific Korea), 이상영(연세대))",2026-09-22 12:00,https://www.kukinews.com/article/view/kuk202609210115,https://www.kukinews.com/article/view/kuk202609210115
연세대학교,뉴스1,두꺼운 전극 속 '리튬이온 병목' 해결…대용량 배터리 길 연다,"한국화학연구원은 문산·석정돈 박사팀이 서울대학교, 연세대학교, 써모피셔 사이언티픽 코리아 연구진과 공동으로 흑연질화탄소(g-C₃N₄)를 양극 첨가제로 처음 적용한 건식 후막 양극 기술을 개발했다고 22일...",2026-09-22 12:00,https://www.news1.kr/local/daejeon-chungnam/6297296,https://n.news.naver.com/mnews/article/421/0009185823?sid=102
서울대학교,비즈월드,"뷰노, '소아 환자안전' 글로벌 심포지엄 가져…""AI 조기경보 활용 방안...",Irwin) 호주 퀸즐랜드대 교수가 지난 19일 뷰노가 서울 역삼동 조선팰리스 호텔에서 개최한 소아 환자안전... 국내에서는 김유선 서울대학교병원 교수가 소아 신속대응체계의 운영 현황과 인력 확보 문제를...,2026-09-22 11:58,http://www.bizwnews.com/news/articleView.html?idxno=147003,http://www.bizwnews.com/news/articleView.html?idxno=147003
서울대학교,PLATUM,"여러 회사 로봇을 한 플랫폼에 잇는다, 아크릴 피지컬 AI 국책과제 참여","KAIST와 서울대, 레인보우로보틱스, 현대위아 등 18개 기업·대학·연구기관이 참여한다. 아크릴은 과제 예산과 일정, 성과목표를 조정하는 운영위원회에도 들어갔다. 아크릴이 개발하는 것은 AI 모델과 로봇 사이를 잇는...",2026-09-22 11:58,https://platum.kr/archives/295037,https://platum.kr/archives/295037
서울대학교,JIBS,연휴 끝나면 줄줄이 마감… 신세계·동원·한솔 ‘공채 시계’ 돌았다,"■ 공채 앞둔 HS효성, 서울서 채용설명회 HS효성그룹은 하반기 신입사원 공개채용을 앞두고 오프라인 채용설명회를 엽니다. 오는 29일 신촌을 시작으로 30일 혜화, 다음 달 1일 서울대 인근에서 각각 오후 2시부터...",2026-09-22 11:54,https://www.jibs.co.kr/news/articles/articlesDetail/65749?feed=na,https://n.news.naver.com/mnews/article/661/0000083655?sid=101
서울대학교,매일일보,"경기도서관, 청년의 마음을 잇는 '명랑한 은둔자' 운영",'명랑한 은둔자' 프로그램은 이달 29일 김은영 서울대 의과대학 정신과 전문의와 고립·은둔 청년이 참여하는 온라인 강연으로 문을 연다. 이후 10월 매주 화요일에는 감정과 경험을 표현하는 글쓰기 온라인 교육이...,2026-09-22 11:52,https://www.m-i.kr/news/articleView.html?idxno=1417335,https://www.m-i.kr/news/articleView.html?idxno=1417335
서울대학교,전자신문,"융기원, 독도 해역서 신종 와편모조류 발견…국내 첫 공식 분류·기록",경기도·서울대학교 공동출연법인 차세대융합기술연구원이 독도 해역에서 해조류 표면에 붙어 사는 신종 와편모조류를 발견해 '갬비어디스커스 독도엔시스'(Gambierdiscus dokdoensis)로 명명했다. 국내 해역에서...,2026-09-22 11:51,https://www.etnews.com/20260922000263,https://n.news.naver.com/mnews/article/030/0003469321?sid=105
서울대학교,NEWSMAKER,서울시 추석 연휴 응급실 74곳 24시간 가동,응급·중증환자 발생에 대비해서는 △서울대학교병원 등 권역·지역응급의료센터 31개소 △서남병원 등 지역응급의료기관 20개소 △응급실 운영 병원 23개소 등 총 74개소가 연휴 내내 응급진료체계를 유지한다. 서울...,2026-09-22 11:50,http://www.newsmaker.or.kr/news/articleView.html?idxno=183110,http://www.newsmaker.or.kr/news/articleView.html?idxno=183110
고려대학교,서울경제,대검 신임 차장에 이정현 수원고검장…검찰총장 직무대행 맡는다,"이 차장은 전남 나주 출생으로 나주 영산포상고와 고려대 법학과를 졸업했다. 1998년 검사 생활을 시작해 대검 감찰2과장, 법무부 감찰담당관, 서울서부지검 차장검사, 서울중앙지검 1차장검사, 대검 공공수사부장 등을...",2026-09-22 11:50,https://www.sedaily.com/article/20093897?ref=naver,https://n.news.naver.com/mnews/article/011/0004664462?sid=102
연세대학교,문화일보,노원·마포도 ‘월세 700만원’… 공급 급한데 정부 ‘세제규제’만 올...,고준석 연세대 상남경영원 주임교수는 “(고액 월세는) 전세 매물이 많이 줄고 전세가가 올라서 생기는 현상”이라며 “전세값이 너무 올라 현금흐름을 감안하면 돈을 묶어놓는 것 보다 월세 사는 게 낫다고...,2026-09-22 11:50,https://www.munhwa.com/article/11618890?ref=naver,https://n.news.naver.com/mnews/article/021/0002820618?sid=101
연세대학교,전자신문,"한·뉴 과학기술 협력, “작은 성공에서 시작해 더 큰 국제협력으로”","빅토리아대학교에서 개최됐다. 이번 세미나는 주뉴질랜드 대한민국대사관, 뉴질랜드 기업혁신고용부(MBIE)... 경희대와 연세대 연구진은 양자 과학기술 분야의 연구와 협력 가능성을 공유했다. 정병하 주뉴질랜드...",2026-09-22 11:49,https://www.etnews.com/20260922000262,https://n.news.naver.com/mnews/article/030/0003469320?sid=102
고려대학교,이데일리,공소청 전환 D-10 수장 공백 메운다…檢총장 직무대행 이정현,이 차장은 전남 나주 출신으로 영산포상고와 고려대 법학과를 졸업했다. 제37회 사법시험에 합격한 뒤 1998년 서울지검 북부지청에서 검사 생활을 시작했다. 대검 감찰2과장과 서울중앙지검 여성아동범죄조사부장...,2026-09-22 11:48,https://www.edaily.co.kr/News/Read?newsId=03499766645582744&mediaCodeNo=257&utm_source=naver&utm_medium=referral&utm_campaign=news_syndication&utm_content=original_article,https://n.news.naver.com/mnews/article/018/0006374274?sid=102
서울대학교,메디게이트뉴스,"건보공단, 김지영 신임 건강보험연구원장 임명…의료비용·수가 전문가","김 신임 원장은 예방의학과 전문의로 서울대학교 보건학 석사와 의학 박사 학위를 취득했다. 한국보건의료연구원 연구위원과 건보공단 건강지원센터장, 의료비용분석부장 등을 거치며 20년간 보건의료 분야의 연구·실무...",2026-09-22 11:48,https://www.medigatenews.com/news/2924873333,https://www.medigatenews.com/news/2924873333
연세대학교,라포르시안,"연세대 의대 구성욱 교수, 대한척추신경외과학회 회장 취임",연세대학교 의과대학 신경외과학교실 구성욱 교수가 지난 19일 서울 드래곤시티에서 열린 제40차 대한척추신경외과학회 정기학술대회에서 대한척추신경외과학회 회장에 취임했다. 임기는 1년이다....,2026-09-22 11:48,https://www.rapportian.com/news/articleView.html?idxno=240669,https://www.rapportian.com/news/articleView.html?idxno=240669
연세대학교,JTBC,"'연대 치대생답게 입기' 논란…""반바지는 본분 망각"" '자필 반성문' 공개","연세대 치과대학 소속 한 학생이 쓴 반성문에는 ""부주의로 복장 규정을 위반한 점을 깊이 반성한다""는 내용이 담겼습니다. 또 ""단정한 복장은 의료인으로서 갖출 기본적 소양인데, 날씨가 덥다는 안일한 생각에...",2026-09-22 11:47,https://news.jtbc.co.kr/article/NB12319543?influxDiv=NAVER,https://n.news.naver.com/mnews/article/437/0000512287?sid=102
고려대학교,디지털타임스,새 검찰총장 대행에 ‘대북송금 수사 사과’ 이정현 수원고검장,"1968년생으로 전남 나주 출신인 이정현 차장검사는 나주 영산포상업고와 고려대 법대를 졸업했다. 사법연수원 27기로 1998년 서울지검 북부지청에서 검사 생활을 시작해, 전주지검 군산지청, 인천지검, 서울중앙지검...",2026-09-22 11:47,https://www.dt.co.kr/article/12085392?ref=naver,https://n.news.naver.com/mnews/article/029/0003049437?sid=102
서울대학교,SMARTTIMES,"두나무, '업비트 인스티튜셔널 서밋' 개최…""글로벌 정책·금융 리더 한...",디지털자산 거래소 업비트를 운영하는 두나무는 오는 29일 서울 광진구 그랜드 워커힐 서울에서 '업비트... 국내 금융산업의 온체인 전환 토론은 이종섭 서울대 경영대학 교수가 좌장을 맡는다. 최원석 두나무...,2026-09-22 11:46,http://www.smarttimes.co.kr/news/articleView.html?idxno=49183,http://www.smarttimes.co.kr/news/articleView.html?idxno=49183
서울대학교,WEEKLYTODAY,"[위클리오늘] 광주시, 서울대 태화산 학술림 생태 자원 활용 방안 논의","광주시, 서울대 태화산 학술림 생태 자원 활용 방안 논의 광주시는 지난 21일 도척면 상림리에 위치한 서울대학교 태화산 학술림에서 박관열 시장과 서울대학교 학술림장 등 관계자들이 참석한 가운데 태화산 학술림 생태...",2026-09-22 11:42,http://www.weeklytoday.com/news/articleView.html?idxno=795570,http://www.weeklytoday.com/news/articleView.html?idxno=795570
서울대학교,청년의사,[신간] AI 나라의 홍콩할머니,"서울대 사회복지학과와 같은 대학원을 졸업하고 성균관대에서 디지털헬스케어 관련 박사학위를 받았다. 이후 미국 럿거스 뉴저지주립대에서 인간-AI 상호작용을 연구했으며, 현재 AI와 사회복지, 디지털리터러시 등을...",2026-09-22 11:42,http://www.docdocdoc.co.kr/news/articleView.html?idxno=3043007,http://www.docdocdoc.co.kr/news/articleView.html?idxno=3043007
서울대학교,뉴스핌,"[정국진단] 염태영 ""김승원 공격에 檢수사자료 유출…형사처벌 받아야""","[사진=뉴스핌TV] ◆프로필 -1960년생(경기 수원) -수성고, 서울대 농화학 학사 -제22대 국회의원(경기 수원무), 상생과통일 포럼 자문위원 -제26·27·28대 수원시장, 더불어민주당 최고위원, 경기도 경제부지사, 제20대 대선거...",2026-09-22 11:41,https://www.newspim.com/news/view/20260922000661,https://www.newspim.com/news/view/20260922000661
고려대학교,후생신보,"고대 구로 개방형실험실, 구로구 의사회와 업무협약 체결","구로구의사회에서는 정성관 회장(우리아이들병원), 전숙현 사무국장, 양용제 총무이사(고려튼튼외과의원)... 김치경 고려대학교 구로병원 개방형실험실 운영사업단장은 “이번 협약은 대학병원의 임상 전문성과...",2026-09-22 11:40,http://www.whosaeng.com/173926,http://www.whosaeng.com/173926
서울대학교,E-SCIENCE,"두나무, 글로벌 디지털자산 리더 서울 집결…규제부터 온체인 금융까지...","| 이코노미사이언스 박성현 기자 | 두나무가 미국과 유럽, 아시아의 정책·금융·디지털자산 관계자들을 서울... 이종섭 서울대학교 경영대학 교수가 좌장을 맡는다. 행사 다음 날인 30일부터 10월 1일까지는 '코리아...",2026-09-22 11:38,https://www.e-science.co.kr/news/articleView.html?idxno=135905,https://www.e-science.co.kr/news/articleView.html?idxno=135905
서울대학교,문화일보,“‘제2 네팔 사태’ 막으려면… CO2 포집 늦출수 없어”,"고체물리학 분야 세계적 석학으로 알려진 임 교수는 서울대 물리학과 교수와 포스텍 물리학과 석학교수, 울산대 신소재공학부 석좌교수 등을 역임한 데 이어 이달부터 다시 포스텍 물리학과 석학교수로 복귀해 활동을...",2026-09-22 11:38,https://www.munhwa.com/article/11618864?ref=naver,https://n.news.naver.com/mnews/article/021/0002820593?sid=102
고려대학교,스마트경제,"""수명 9배 늘리고 고속 충전까지""… 고려대·오하이오주립대, '꿈의 배터...",고려대학교(총장 김동원)는 유승호 화공생명공학과/배터리-스마트팩토리학과 교수 연구팀이 권상일 미국 오하이오주립대학교 화학생물공학과 교수 연구팀 공동 연구를 통해 차세대 '리튬-텔루륨 전지'의 성능 저하...,2026-09-22 11:38,http://www.dailysmart.co.kr/news/articleView.html?idxno=130154,http://www.dailysmart.co.kr/news/articleView.html?idxno=130154
연세대학교,문화일보,"서울시, 신축건물 재생열 설치비 최대 2억 5000만원 지원",연세대는 컨설팅을 통해 설치 후 9년이 지난 노후 히트펌프 4대를 신규 설비로 교체했다. 서울시는 이를 통해 지열 시스템 성능이 크게 개선됐다고 설명했다. 연세대 관계자는 “히트펌프 효율 개선으로 전반적인 에너지...,2026-09-22 11:37,https://www.munhwa.com/article/11618851?ref=naver,https://n.news.naver.com/mnews/article/021/0002820580?sid=102
고려대학교,한국경제,"법무부, 신임 대검찰청 차장에 이정현 수원고검장",이 차장은 전남 나주 출생으로 나주 영산포상고와 고려대 법학과를 졸업했다. 2020년 서울중앙지검 1차장검사 재직 시절엔 '채널A 검언유착' 의혹 수사 지휘를 하며 윤석열 당시 검찰총장과 갈등을 빚었다. 지난 4월엔...,2026-09-22 11:37,https://www.hankyung.com/article/202609220650i,https://n.news.naver.com/mnews/article/015/0005335098?sid=102
서울대학교,교수신문,"전남대 이창문·이두진 교수, '2026 한국공학교육학회 포상사업' 수상","한송엽 공학교육상은 공학교육 발전을 위해 공헌한 한송엽 서울대 명예교수의 업적을 기리고, 공학교육... 김진혁 공학교육혁신센터장은 ""이번 수상을 통해 우리 대학 교수들의 공학교육 발전을 위한 노력이 대외적으로...",2026-09-22 11:36,https://www.kyosu.net/news/articleView.html?idxno=210658,https://www.kyosu.net/news/articleView.html?idxno=210658
고려대학교,바스켓코리아,"[대학리그] 드래프트 앞둔 한재혁, “누구 하나 MVP로 꼽을 수 없어... 동...",동국대는 21일 고려대학교 화정체육관에서 열린 2026 KUSF 대학농구 U-리그 고려대와의 경기에서 68-61로 승리했다. 이날 승리로 동국대는 시즌 첫 5연승을 달성했다. 한재혁은 이날 38분 18초를 소화하며 팀 내에서 가장 많은...,2026-09-22 11:35,https://basketkorea.com/news/newsview.php?ncode=1065580427445675,https://m.sports.naver.com/basketball/article/351/0000088311
서울대학교,헤럴드경제,서울도 재선충 안전지대 아니다,남부지방을 중심으로 소나무재선충병이 빠르게 확산하고 있는 가운데 서울에서도 소나무재선충병에 걸린... 박일권 서울대 산림과학부 교수는 “선충 자체는 이동을 못 하지만 매개충인 하늘소가 날아다니면서 이곳저곳...,2026-09-22 11:35,https://biz.heraldcorp.com/article/10881867?ref=naver,https://n.news.naver.com/mnews/article/016/0002700869?sid=102
서울대학교,4TH,"SK텔레콤, 고객 행동으로 '신뢰' 측정…상품·서비스 개선에 반영","각 분과는 신종원 전 소비자분쟁조정위원장, 김채연 고려대 심리학과 교수, 손정혜 법무법인 혜명 변호사, 김난도 서울대 명예교수가 맡는다. 고객자문단도 지난해 활동을 시작한 데 이어 3월 직장인·주부·대학생 등...",2026-09-22 11:34,http://www.4th.kr/news/articleView.html?idxno=2118536,http://www.4th.kr/news/articleView.html?idxno=2118536
서울대학교,뉴스1,"'오디세이'로 고전 읽기 이끈 김헌 교수, 올가을 신화 강연 나선다",최근 영화 '오디세이' 열풍과 함께 서양 고전 읽기의 대중화를 이끌고 있는 김헌 서울대 인문학연구원 교수가 올가을 국립극단 인문학 강좌 무대에 오른다. 국립극단은 오는 10월 6일부터 12월 22일까지 서울 중구...,2026-09-22 11:34,https://www.news1.kr/life-culture/general-cultural/6298655,https://n.news.naver.com/mnews/article/421/0009185737?sid=103
연세대학교,INSIGHTKOREA,연간 잇몸병 환자 1900만명 시대…50대 중·장년층 비중 높아,"연세대학교 치과대학병원과 공동으로 진행한 임상시험 결과 해당 제품을 6주간 사용한 군에서 잇몸 염증지수는 50.9%, 잇몸 출혈 빈도는 56.9% 감소한 것으로 확인됐다. 해당 제품은 잇몸질환 예방 가글제 소비자 만족도...",2026-09-22 11:34,https://www.insightkorea.co.kr/news/articleView.html?idxno=255177,https://www.insightkorea.co.kr/news/articleView.html?idxno=255177
고려대학교,4TH,"SK텔레콤, 고객 행동으로 '신뢰' 측정…상품·서비스 개선에 반영","각 분과는 신종원 전 소비자분쟁조정위원장, 김채연 고려대 심리학과 교수, 손정혜 법무법인 혜명 변호사, 김난도 서울대 명예교수가 맡는다. 고객자문단도 지난해 활동을 시작한 데 이어 3월 직장인·주부·대학생 등...",2026-09-22 11:34,http://www.4th.kr/news/articleView.html?idxno=2118536,http://www.4th.kr/news/articleView.html?idxno=2118536
서울대학교,헤럴드경제,기초지원硏 박성균·생산기술硏 손웅희·에너지硏 정학근,"손웅희 한국생산기술연구원 원장은 서울과학기술대학교 기계설계학과를 졸업하고 한양대학교에서... 전남대학교 전기공학과를 졸업하고 광주과학기술원(GIST)에서 메카트로닉스공학 석사, 서울대학교에서...",2026-09-22 11:33,https://biz.heraldcorp.com/article/10881974?ref=naver,https://n.news.naver.com/mnews/article/016/0002700866?sid=105
고려대학교,아시아경제,"고려대의료원, 존스홉킨스·TMC와 잇단 협력",고려대학교의료원이 국내 바이오·의료기술의 미국 진출을 지원하기 위해 존스홉킨스 테크놀로지 벤처스(JHTV)와 텍사스 메디컬 센터(TMC) 등 미국 의료혁신기관과 협력을 확대하고 있다. 고려대의료원은 지난 4일과 17일...,2026-09-22 11:33,https://view.asiae.co.kr/article/2026092211332150285,https://n.news.naver.com/mnews/article/277/0005819833?sid=103
서울대학교,더팩트,"두나무, 글로벌 디지털자산 리더 한자리에…29일 'UIS 2026' 개최","두나무는 오는 29일 서울 광진구 그랜드 워커힐 서울에서 '업비트 인스티튜셔널 서밋(UIS)'을 개최한다고... 이종섭 서울대학교 경영대학 교수를 좌장으로 두나무와 하나금융지주, 한화투자증권, 삼성금융네트웍스...",2026-09-22 11:33,https://news.tf.co.kr/read/economy/2368822.htm,https://n.news.naver.com/mnews/article/629/0000536154?sid=101
고려대학교,경기일보,"법무부, 대검 차장검사에 이정현 수원고검장…검찰총장 대행, 공소청 출...",한편 이 신임 차장은 전남 나주 출생으로 고려대를 졸업하고 사법시험을 통과해 1998년 서울지검 북부지청(현 서울북부지검) 검사로 임관했다. 2018년 광주지검 부장검사 재직 당시 전두환 전 대통령을 5·18 민주화운동...,2026-09-22 11:32,https://www.kyeonggi.com/article/20260922580144,https://n.news.naver.com/mnews/article/666/0000124513?sid=102
서울대학교,전자신문,"산업부, 'AI와 기업의 미래 연구회' 발족… 연내 인재·노동 개편안 낸다","산업통상부는 22일 서울 중구 프레스센터에서 민간 전문가들과 함께 'AI와 기업의 미래 연구회'를 발족하고... 안동현 서울대 교수가 위원장을 맡았으며, 이준영 성균관대 교수(인력 재교육·양성 분과장)와 이상희...",2026-09-22 11:30,https://www.etnews.com/20260922000256,https://n.news.naver.com/mnews/article/030/0003469314?sid=100
고려대학교,한국일보,"추석 귀성길 한 손 운전, 허리 망가진다… ""골반 비틀어 통증 유발""",한규만 고려대 안암병원 정신건강의학과 교수는 “명절에는 평소와 다른 일정과 생활 환경이 이어지면서 신체적인 피로뿐 아니라 심리적인 피로도 쌓일 수 있다”며 “연휴에도 평소의 취침·기상 시간을 크게 벗어나지...,2026-09-22 11:30,https://www.hankookilbo.com/news/article/A2026091814210000801?did=NA,https://n.news.naver.com/mnews/article/469/0000955476?sid=103
서울대학교,헤럴드경제,"페라리코리아, 서울대 산학협력공학인재지원센터와 산학협력 강화",페라리코리아가 서울대학교 산학협력공학인재지원센터와 상호교류 확대를 위한 업무협약(MOU)을 체결했다고 22일 밝혔다. 협약식에는 페라리코리아 티보 뒤사라 대표이사와 서울대학교 산학협력공학인재지원센터장...,2026-09-22 11:29,https://biz.heraldcorp.com/article/10881957?ref=naver,https://n.news.naver.com/mnews/article/016/0002700856?sid=101
서울대학교,EROUN,"[이로운넷현장] 민간의 사회가치 측정·보상, 공공정책으로...SVC 첫해 현...","21일 서울 강남구 코엑스에서 열린 '제3회 대한민국 사회적가치 페스타'에서는 한국사회적기업진흥원과... 가톨릭대학교 교수, 윤경자 사회적기업 수호천사 대표가 참여했다. 이어 강정한 서울대학교 교수가 'SPC에서...",2026-09-22 11:28,https://www.eroun.net/news/articleView.html?idxno=90731,https://www.eroun.net/news/articleView.html?idxno=90731
서울대학교,JOB-POST,"관악S밸리, 글로벌 창업 생태계로 확장…내달 창업페스티벌","행사에는 지난해 출범한 관악중소벤처진흥원을 중심으로 서울대학교 창업지원단과 서울대학교 앵커사업단, 서울창조경제혁신센터 등이 참여한다. 첫날인 10월 1일에는 창업기업의 성장과 투자 유치에 초점을 맞춘...",2026-09-22 11:28,https://www.job-post.co.kr/news/articleView.html?idxno=228700,https://www.job-post.co.kr/news/articleView.html?idxno=228700
서울대학교,CBCI,"두나무, 29일 '업비트 인스티튜셔널 서밋' 개최...美 백악관·CFTC 출신 등...","디지털자산 거래소 업비트를 운영하는 두나무가 29일 서울 그랜드 워커힐에서 '업비트 인스티튜셔널 서밋... 국내 금융산업의 온체인 전환을 주제로 한 토론 세션도 마련되며, 이종섭 서울대학교 경영대학 교수가...",2026-09-22 11:28,https://www.cbci.co.kr/news/articleView.html?idxno=608881,https://www.cbci.co.kr/news/articleView.html?idxno=608881
서울대학교,매일경제,"‘삼성 초격차’ 이끈 권오현, KAIST 신임 이사장으로","KAIST 이사회는 21일 서울에서 열린 임시이사회에서 권오현 전 삼성전자 대표이사 회장을 신임 이사장으로... 서울대 전기공학과를 졸업하고, KAIST 전기공학 석사, 스탠퍼드대 전기공학 박사를 받은 권 이사장은 1985년...",2026-09-22 11:26,https://www.mk.co.kr/article/12159093,https://n.news.naver.com/mnews/article/009/0005738824?sid=105
고려대학교,매일신문,"법무부 인사, 대검찰청 차장에 이정현 수원고검장(종합)","전남 나주 출신으로 영산포상업고와 고려대 법학과를 졸업했으며, 사법시험 37회·사법연수원 27기다. 1998년 검사 생활을 시작해 대검 감찰2과장, 법무부 감찰담당관, 서울서부지검 차장검사, 서울중앙지검 1차장검사...",2026-09-22 11:25,https://www.imaeil.com/page/view/2026092211243067850,https://n.news.naver.com/mnews/article/088/0001029949?sid=102
서울대학교,지디넷코리아,"""대한민국엔 반도체 거점 기관 없다…국가R&D는 파편화""","국가나노인프라 기관으로는 나노종합기술원과 서울대 반도체공정연구소, DGIST 차세대반도체융합연구소... 김형준 단장은 서울대 국가반도체연구소 경험을 언급하며 ""반도체 시설 들이 전국에 흩어져 있고, 운영비도...",2026-09-22 11:24,https://zdnet.co.kr/view/?no=20260922112358,https://n.news.naver.com/mnews/article/092/0002438443?sid=105
서울대학교,브릿지경제,이형일 신임 부총리 “모든 국민이 성장 성과 체감토록 더 꼼꼼히 챙길...,"대구 경상고등학교와 서울대학교 경제학과를 졸업했다. 미국 텍사스 A&M대학교에서 경제학 박사학위를 받았다. 기획재정부 경제정책국장, 대통령비서실 경제정책비서관, 기재부 차관보, 통계청장, 재경부 1차관 등을...",2026-09-22 11:24,https://www.viva100.com/article/20260922500627,https://www.viva100.com/article/20260922500627
서울대학교,4TH,"[산업소식] 제네시스 GV80, 영화 '인턴'서 럭셔리 감성 알린다","김영민 서울대학교 교수와 이낙준 작가, 작가 겸 뮤지션 요조가 연사로 나서 각자의 방식으로 삶의 길을... 완성된 페이퍼 캔버스는 미술 키트와 함께 서울성로원, 수원경동원, 청주늘푸른아동원, 용인노인복지센터...",2026-09-22 11:24,http://www.4th.kr/news/articleView.html?idxno=2118525,http://www.4th.kr/news/articleView.html?idxno=2118525
고려대학교,메트로신문,"[CEO와칭] 100년 유한양행을 글로벌 제약사로, 승풍파랑 조욱제 유한양...",◆30년 '유한맨' 1955년생인 조욱제 대표는 경남 마산고등학교와 고려대학교 농화학과를 졸업한 뒤 1987년...  ▲출생 -1955년 1월 2일 경남 마산 ▲학력 -1975년 마산고등학교 -1982년 고려대학교...,2026-09-22 11:22,http://www.metroseoul.co.kr/article/20260922500191,http://www.metroseoul.co.kr/article/20260922500191
서울대학교,데일리안,"추석 연휴 '문 여는 병·의원 및 약국' 6000여곳 운영…서울시, 비상의료...",▲서울대학교병원 등 권역·지역응급의료센터 31개소 ▲서남병원 등 지역응급의료기관 20개소 ▲응급실 운영 병원 23개소 등 총 74개소가 연휴 내내 응급진료체계를 유지한다. 서울시는 고위험 산모와 신생아 응급상황...,2026-09-22 11:22,https://www.dailian.co.kr/news/view/1693466/?sc=Naver,https://n.news.naver.com/mnews/article/119/0003135479?sid=102
서울대학교,FIELDNEWS,"박관열 광주시장, 태화산 생태자원 지역과 잇는다…서울대와 협력사업...","박관열 광주시장이 서울대학교 태화산 학술림을 찾아 산림 생태 자원을 활용한 산림복지와 탄소중립, 산림경영 분야의 협력사업 발굴에 나섰다. 지난해 서울대와 체결한 업무협약을 토대로 학술림의 생태적 가치를...",2026-09-22 11:22,http://www.fieldnews.kr/news/articleView.html?idxno=31726,http://www.fieldnews.kr/news/articleView.html?idxno=31726
서울대학교,파이낸셜뉴스,"글로벌 금융·정책 리더 집결…두나무, 'UIS 2026' 개최","22일 가상자산 업계에 따르면 두나무는 KBW 2026 메인 컨퍼런스 전날인 오는 29일 서울 광진구 그랜드 워커힐... 이종섭 서울대학교 경영대학 교수가 좌장을 맡고 최원석 두나무 해외사업총괄(CGBO), 엄태성 하나금융지주...",2026-09-22 11:22,https://www.fnnews.com/news/202609221100110480,https://n.news.naver.com/mnews/article/014/0005579570?sid=105
서울대학교,KIZMOM,두나무 '업비트 인스티튜셔널 서밋' 개최…가상자산 제도화 논의,"두나무는 오는 29일 서울 광진구 그랜드 워커힐 서울에서 '업비트 인스티튜셔널 서밋(Upbit Institutional Summit... 이종섭 서울대학교 경영대학 교수가 토론을 진행하며 최원석 두나무 해외사업총괄, 엄태성 하나금융지주 상무...",2026-09-22 11:22,https://www.kizmom.com/news/articleView.html?idxno=112888,https://www.kizmom.com/news/articleView.html?idxno=112888
고려대학교,스포츠경향,영탁 ‘꺾어’ 음악방송 다 꺾었다…챌린지 ‘붐’,"영탁은 오는 10월 3일부터 5일까지 사흘간 서울 고려대학교 화정체육관에서 단독 콘서트 ‘TAK SHOW5’를 개최하며 전국투어의 포문을 연다. ‘TAK SHOW5’는 서울 공연을 시작으로 10월 24~25일 전주, 11월 28~29일 대구, 12월 19...",2026-09-22 11:21,https://sports.khan.co.kr/article/202609221120003?pt=nv,https://m.entertain.naver.com/article/144/0001139757
고려대학교,주간한국,"고려대의료원, 존스홉킨스·TMC 연계 바이오기업 미국 진출 지원",사진=고려대의료원  고려대의료원은 이달 미국 존스홉킨스 테크놀로지 벤처스(JHTV)와 텍사스 메디컬 센터... 국내 대학·병원·연구기관 간 기술사업화 협력을 이끌고 있다. 앞으로는 해외 연구기관과 의료기관...,2026-09-22 11:18,https://weekly.hankooki.com/news/articleView.html?idxno=7185545,https://weekly.hankooki.com/news/articleView.html?idxno=7185545
서울대학교,BBS NEWS,추석 연휴에도 병의원과 약국 6천여 곳 문 연다...비상의료체계 가동,"서울대학교병원 등 권역·지역응급의료센터 31곳, 서울시 서남병원 등 지역 응급의료기관 20곳, 응급실 운영병원 23곳까지 총 74곳의 서울 응급의료기관과 종합병원 응급실도 추석 연휴 평소처럼 24시간 운영됩니다....",2026-09-22 11:16,https://news.bbsi.co.kr/news/articleView.html?idxno=4108036,https://news.bbsi.co.kr/news/articleView.html?idxno=4108036
서울대학교,노컷뉴스,서울 추석 연휴 6189개 병의원·약국 운영,핵심요약응급·중증환자 발생 대비 권역·지역응급의료센터 등 응급진료체계 유지 서울시 '2026 추석 연휴... 응급·중증환자에 발생에 대해서는 서울대학교병원 등 권역·지역응급의료센터 31개와 서남병원 등...,2026-09-22 11:16,https://www.nocutnews.co.kr/news/6581796?utm_source=naver&utm_medium=article&utm_campaign=20260922111521,https://n.news.naver.com/mnews/article/079/0004191968?sid=102
연세대학교,스마트경제,"""AI로 디자인권 싹 쓸었다""… 숭실대 학생들, 14개 대학 뚫고 3위 대박","이번 워크숍은 정부의 창업중심대학 사업 일환으로 한양대학교 창업지원단이 주관한 'Startup CAMP:ON' 프로그램이다. 건국대, 광운대, 동국대, 서강대, 숙명여대, 숭실대, 아주대, 연세대, 이화여대 등 수도권 내 손꼽히는...",2026-09-22 11:16,http://www.dailysmart.co.kr/news/articleView.html?idxno=130149,http://www.dailysmart.co.kr/news/articleView.html?idxno=130149
고려대학교,뉴스1,"서울시, 청년 탄소중립 실천 성과 발표…대학생 등 190명 참여","대학생과 지역 청년들이 생활권에서 탄소중립을 직접 실천하는 서울시 '청년이 탄.탄.한 서울' 사업에... 고려대와 성신여대, 서울대 팀 등은 기숙사와 교내에 세제 리필스테이션을 시범 운영했다. 캠퍼스 밖에서도...",2026-09-22 11:15,https://www.news1.kr/local/seoul/6298385,https://n.news.naver.com/mnews/article/421/0009185657?sid=102
서울대학교,뉴스1,"서울시, 청년 탄소중립 실천 성과 발표…대학생 등 190명 참여","대학생과 지역 청년들이 생활권에서 탄소중립을 직접 실천하는 서울시 '청년이 탄.탄.한 서울' 사업에... 고려대와 성신여대, 서울대 팀 등은 기숙사와 교내에 세제 리필스테이션을 시범 운영했다. 캠퍼스 밖에서도...",2026-09-22 11:15,https://www.news1.kr/local/seoul/6298385,https://n.news.naver.com/mnews/article/421/0009185657?sid=102
서울대학교,NEWSCJ,"삼성 반도체 신화 주역, KAIST 이끈다… 권오현 이사장 선임","KAIST 이사회는 지난 21일 서울에서 열린 제298회 임시이사회에서 권 전 회장을 신임 이사장으로... 권 신임 이사장은 서울대 전기공학과를 나와 1975년 학사, KAIST에서 1977년 전기공학 석사, 미국 스탠퍼드대에서...",2026-09-22 11:14,https://www.newscj.com/news/articleView.html?idxno=3434697,https://www.newscj.com/news/articleView.html?idxno=3434697
서울대학교,헤럴드경제,권오현 전 삼성전자 대표...KAIST 새 이사장에 선임,"권 신임 이사장은 서울대 전기공학과를 졸업하고 1977년 KAIST에서 전기공학 석사, 1985년 미국 스탠퍼드대에서 전기공학 박사학위를 받았다. 1985년 미국 삼성반도체연구소 연구원으로 삼성에 합류한 그는 1992년...",2026-09-22 11:13,https://biz.heraldcorp.com/article/10881851?ref=naver,https://n.news.naver.com/mnews/article/016/0002700788?sid=105
고려대학교,바스켓코리아,"[대학리그] ‘후반기 5연승’ 동국대, 고려대 우승 경쟁에 찬물... 중앙...","동국대는 21일 고려대학교 화정체육관에서 열린 2026 KUSF 대학농구 U-리그 남대부 경기에서 고려대를 68-61로 잡았다. 동국대는 이날 승리로 시즌 첫 5연승을 질주, 9승 9패로 5할 승률을 맞췄다. 반면 9연승을 달리던...",2026-09-22 11:13,https://basketkorea.com/news/newsview.php?ncode=1065579089195314,https://m.sports.naver.com/basketball/article/351/0000088309
서울대학교,마이데일리,"성현주, 하늘로 떠난 첫째 가슴에 묻고…눈물 속에 꽃 피운 '둘째 딸' 돌...","이후 성현주는 병상에서 아들의 곁을 지켰던 1000일간의 기록을 엮어 에세이를 세상에 펴냈고, 발생한 인세 전액을 서울대학교어린이병원에 기부하며 아들을 향한 영원한 사랑을 전한 바 있다. 슬픔 속에서도 삶을...",2026-09-22 11:11,https://www.mydaily.co.kr/page/view/2026092210571857592,https://m.entertain.naver.com/article/117/0004108014
서울대학교,한국경제,"인벤테라 ""MRI 조영제 신약 국내 임상 3상 성공 ... 상업화 돌입한다""",어깨관절 질환이 알려지거나 의심돼 MR관절조영술이 필요한 환자 85명이 참여한 이번 시험은 분당서울대학교병원을 비롯한 국내 상급종합병원 8개 기관에서 진행됐다. 인벤테라에 따르면 이번 임상시험에서는 INV-002를...,2026-09-22 11:10,https://www.hankyung.com/article/202609220535i,https://n.news.naver.com/mnews/article/015/0005335082?sid=105
서울대학교,뉴데일리경제,"페라리코리아-서울대, 미래 공학 인재 양성 위한 MOU 체결",뉴데일리 김수한 기자 = 페라리코리아가 서울대학교 산학협력공학인재지원센터와 상호교류 확대를 위한 업무협약(MOU)을 체결했다고 22일 밝혔다. 협약식에는 티보 뒤사라 페라리코리아 대표이사와 곽승엽 서울대학교...,2026-09-22 11:06,https://biz.newdaily.co.kr/site/data/html/2026/09/22/2026092200116.html,https://biz.newdaily.co.kr/site/data/html/2026/09/22/2026092200116.html
연세대학교,에듀동아,"숭실대 창업동아리 '두루', 수도권 대학 창업동아리 연합워크숍 우수상","숭실대학교(총장 이윤재)는 학생 창업동아리 '두루(DURU)'가 9월 15일부터 16일까지 경기도 용인시 KB증권... 건국대, 광운대, 동국대, 서강대, 숙명여대, 숭실대, 아주대, 연세대, 이화여대 등 14개 대학 27개 창업동아리가...",2026-09-22 11:04,https://edu.donga.com/news/articleView.html?idxno=112190,https://edu.donga.com/news/articleView.html?idxno=112190
고려대학교,점프볼,"[26슬램게임] ‘대체 불가한 퍼즐 조각’을 꿈꾸는 코트 위의 사령탑, 중...","고려대와의 홈경기에 던진 3점슛 하나로 팀의 승리를 가져오기도 했으며 성균관대와의 맞대결에서는 19점... 자신의 장점이라고 생각했던 패스가 고등학교 땐 대학교, 대학교 때는 프로와의 맞대결을 통해 여러 번 벽에...",2026-09-22 11:03,https://m.sports.naver.com/basketball/article/065/0000301845,https://m.sports.naver.com/basketball/article/065/0000301845
서울대학교,DNEWS,카이스트 신임 이사장에 권오현 전 삼성전자 회장 선임,22일 카이스트에 따르면 권 전 회장은 지난 21일 서울에서 열린 제298회 임시이사회에서 신임 이사장으로 선임됐다. 권 신임 이사장의 임기는 2029년 8월 19일까지다. 권 신임 이사장은 서울대 전기공학과를 졸업하고...,2026-09-22 11:02,https://www.dnews.co.kr/uhtml/view.jsp?idxno=202609221057583090116,https://www.dnews.co.kr/uhtml/view.jsp?idxno=202609221057583090116
서울대학교,라포르시안,"건강보험공단, 김지영 신임 건강보험연구원장 임명","김지영 신임 건강보험연구원장은 예방의학과 전문의로 서울대학교 보건학 석사와 의학 박사 학위를 취득했으며, 20년간 보건의료 분야에서 폭넓은 연구·실무 경험을 쌓아 왔다. 한국보건의료연구원 연구위원...",2026-09-22 11:02,https://www.rapportian.com/news/articleView.html?idxno=240662,https://www.rapportian.com/news/articleView.html?idxno=240662
서울대학교,CCNNEWS,"KAIST, 신임 이사장에 '반도체 신화' 권오현 전 삼성전자 회장 선임","KAIST 이사회는 서울에서 열린 제298회 임시이사회에서 권오현 前 삼성전자 회장(現 오렌지플래닛... 권 신임 이사장은 서울대 전기공학 학사, KAIST 전기공학 석사(1977년), 미국 스탠퍼드대 전기공학 박사 학위를...",2026-09-22 11:02,http://www.ccnnews.co.kr/news/articleView.html?idxno=415335,http://www.ccnnews.co.kr/news/articleView.html?idxno=415335
연세대학교,에너지경제,[EE칼럼] 사라진 태풍 – 기후변화가 보낸 위장된 평화,"오지 않은 태풍에 안도할 것이 아니라, 그 부재가 불러올 숨은 위험까지 대비하는 통합적 안목이야말로 기후위기 시대를 살아가는 가장 지혜로운 방재의 시작이다. 유희동 연세대학교 대기과학과 특임교수/전 기상청장",2026-09-22 11:02,https://www.ekn.kr/web/view.php?key=20260921029019963,https://www.ekn.kr/web/view.php?key=20260921029019963
서울대학교,연합뉴스,'2기 경제팀' 이끄는 이형일…靑정책실장 공백 속 리더십 주목,"이 부총리는 서울대 경제학과 89학번이고 행시 36회로 입문해서 김정관(87학번) 산업부 장관의 입직 동기이면서 과 후배다. 이억원(86학번, 35회) 금융위원장은 같은 과 선배이자 행시 1년 선배다. 정부의 또 다른 관계자는...",2026-09-22 11:02,https://www.yna.co.kr/view/AKR20260922046300002?input=1195m,https://n.news.naver.com/mnews/article/001/0016328989?sid=101
서울대학교,데일리안,"서울 관악구, 창업페스티벌 개최…창업·투자 교류의 장 열린다","관악중소벤처진흥원이 중심이 되어 서울대학교 창업지원단, 서울대학교 앵커사업단(캠퍼스타운사업), 서울창조경제혁신센터(서울창업센터 관악)와 함께 행사를 준비하고 있다. 프로그램은 창업특강, 전문가와의 1:1...",2026-09-22 11:01,https://www.dailian.co.kr/news/view/1693453/?sc=Naver,https://n.news.naver.com/mnews/article/119/0003135455?sid=102
고려대학교,FUTURECHOSUN,대학의 미래를 묻다…‘임팩트 대학’의 가능성,"2025년 11월 준비위원회 발족을 시작으로 출범했으며, 현재 한양대, 고려대, 한동대 등 9개 대학 11개 캠퍼스가... 연구와 교육을 결합하고 개인이 가진 소질과 잠재력을 충분히 발휘하도록 하는 것이 대학 교육의 중요한...",2026-09-22 11:00,https://futurechosun.com/?p=161011,https://futurechosun.com/?p=161011
연세대학교,CNB뉴스,"'토지' 박경리 작가 탄생 100주년, 교보문고 광화문점에서 문학 그림전...","연세대 석좌교수, 토지문화재단 창립 이사, 호암재단 이사, 대통령 자문 새천년준비위원회 위원으로도 활동했다. 민주화 저항 시인인 김지하 시인이 사위인 것으로 잘 알려져 있다. (CNB뉴스=)",2026-09-22 11:00,https://www.cnbnews.com/news/articleView.html?idxno=1016891,https://www.cnbnews.com/news/articleView.html?idxno=1016891
서울대학교,아시아경제,"[국회선진화법 2.0]①황우여 ""매번 決戰? 법도 정권도 오래못가…선거법...","혼자 가면 빨리 가나, 같이 가면 멀리 간다."" 황우여 새누리당 전 대표는 지난 20일 서울 서초구 사무실에서... 개인적으로는 (서울대학교 법과대학) 동문이기도 하고, 장벽이 없는 사이였다. 내가 차마 말하지 못해도 마음을...",2026-09-22 11:00,https://view.asiae.co.kr/article/2026092209304549513,https://n.news.naver.com/mnews/article/277/0005819804?sid=100
서울대학교,서울경제,"건보공단, 신임 건강보험연구원장에 김지영 예방의학과 전문의 임명","이후 서울대 보건대학원에서 보건학 석사, 서울대 의학과에서 박사 학위를 취득했으며 2014년 예방의학과 전문의 자격을 취득했다. 한국보건의료연구원 의료기술평가연구팀 연구위원을 거쳐 2016년 건보공단에 합류했다....",2026-09-22 10:57,https://www.sedaily.com/article/20093863?ref=naver,https://n.news.naver.com/mnews/article/011/0004664434?sid=101
서울대학교,GPKOREA,"페라리코리아, 서울대와 미래 모빌리티 인재 키운다…산학협력 MOU",2023년 서울에서 열린 '우니베르소 페라리' 행사에서는 베네데토 비냐 페라리 최고경영자(CEO)가 서울대 공대생들과 지속가능성과 첨단 기술의 미래를 주제로 대담을 진행했다. 최근 페라리의 순수전기차 '루체' 공개...,2026-09-22 10:56,https://www.gpkorea.com/news/articleView.html?idxno=146951,https://www.gpkorea.com/news/articleView.html?idxno=146951
서울대학교,NEWSCLAIM,[현대차 인사 전망]① 누가 빠지고 누가 채웠나… R&D·생산 수장 바꾼 ...,"서 사장은 서울대 국제경제학과를 졸업하고 현대차에서 회계와 경영관리, 해외관리 등을 거쳤다. 현대제철 재경본부장과 현대차 CFO를 지낸 뒤 현대제철 대표를 맡았다. 재무와 기획 경력이 긴 인물을 현대제철에서 다시...",2026-09-22 10:54,https://www.newsclaim.co.kr/news/articleView.html?idxno=3076201,https://www.newsclaim.co.kr/news/articleView.html?idxno=3076201
서울대학교,라포르시안,"최윤영 순천향대부천병원 교수, 위암학회 '최우수 연제상' 수상","해당 연구에는 순천향대부천병원 윤진아·김희경·조인 교수, 서울대치의학대학원 김기태 교수, 연세의대 신수진 교수가 함께 참여했다. 종양 조직 전체의 평균적인 유전자 발현을 살펴보는 기존 분석 방식은 위암의...",2026-09-22 10:54,https://www.rapportian.com/news/articleView.html?idxno=240653,https://www.rapportian.com/news/articleView.html?idxno=240653
연세대학교,주간한국,"연세대, 옥스퍼드 엑서터 칼리지와 학술교류협정 갱신",사진=연세대  연세대 국제처는 지난 8일 영국 옥스퍼드대학교 엑서터 칼리지(Exeter College)와... 2010년 이후 옥스퍼드대 학생 약 25명이 연세대 국제하계대학(YISS) 및 국제동계대학(WAY)에 참가하는 등 양교 교류는...,2026-09-22 10:54,https://weekly.hankooki.com/news/articleView.html?idxno=7185536,https://weekly.hankooki.com/news/articleView.html?idxno=7185536
연세대학교,NEWSCLAIM,[현대차 인사 전망]① 누가 빠지고 누가 채웠나… R&D·생산 수장 바꾼 ...,"1965년생인 이 사장은 연세대 금속공학과를 졸업하고 같은 대학에서 경영학 석사학위를 받았다. 생산기술센터장과 연구개발본부장, 판재사업본부장, 생산본부장을 거쳤다. 현대차그룹은 30년 넘게 철강 분야에서 일하며...",2026-09-22 10:54,https://www.newsclaim.co.kr/news/articleView.html?idxno=3076201,https://www.newsclaim.co.kr/news/articleView.html?idxno=3076201
고려대학교,아시아타임즈,"고려대학교 구로병원, 내달 19일 '제2회 당뇨발의 날' 행사 진행",대한당뇨발학회가 주최하는 이번 행사는 내달 19일 고려대학교 구로병원을 시작으로 내달 22일까지 전국 7개 주요 대학 및 종합병원에서 순차적으로 진행된다. 이번 행사는 '당뇨발의 조기 진단 및 예방'을 주제로...,2026-09-22 10:54,https://www.asiatime.co.kr/article/20260922500113,https://www.asiatime.co.kr/article/20260922500113
고려대학교,NEWSCLAIM,[현대차 인사 전망]① 누가 빠지고 누가 채웠나… R&D·생산 수장 바꾼 ...,박 사장은 고려대에서 전기·전자·전파공학을 전공한 뒤 미국 펜실베이니아주립대에서 전기전자 석사와... 1965년생인 이 사장은 연세대 금속공학과를 졸업하고 같은 대학에서 경영학 석사학위를 받았다....,2026-09-22 10:54,https://www.newsclaim.co.kr/news/articleView.html?idxno=3076201,https://www.newsclaim.co.kr/news/articleView.html?idxno=3076201
고려대학교,KFENEWS,"고려대·오하이오주립대, 배터리 수명 늘렸다","(왼쪽부터) 고려대 배터리-스마트팩토리학과 최효열 석박사통합과정, 화공생명공학과 김미현 박사, 텍사스A&M대학교 이치호 박사후연구원(이상 공동 제1저자)과 고려대 화공생명공학과 유승호 교수, 미국 오하이오주립대...",2026-09-22 10:52,https://www.kfenews.co.kr/news/articleView.html?idxno=665102,https://www.kfenews.co.kr/news/articleView.html?idxno=665102
서울대학교,토큰포스트,"두나무, 글로벌 정책·금융 리더 한자리에 'UIS 2026' 개최","두나무는 오는 29일 서울 광진구 그랜드 워커힐 서울에서 '업비트 인스티튜셔널 서밋(이하 UIS)'을... 이종섭 서울대학교 경영대학 교수를 좌장으로 최원석 두나무 해외사업총괄(CGBO), 엄태성 하나금융지주 상무 겸...",2026-09-22 10:50,https://www.tokenpost.kr/news/blockchain/411916,https://www.tokenpost.kr/news/blockchain/411916
서울대학교,아주경제,"건보공단, 신임 건강보험연구원장에 김지영 전문의 임명","이화여대 통계학과와 을지대 의학과를 졸업한 뒤, 서울대에서 보건학 석사와 의학 박사 학위를 연이어 취득하며 보건의료 학술적 기반을 단단히 다졌다. 그는 지난 20년간 보건·의료 현장과 정책 분야를 오가며 폭넓은...",2026-09-22 10:50,https://www.ajunews.com/view/20260922104656412,https://www.ajunews.com/view/20260922104656412
서울대학교,이데일리,건보공단 건강보험연구원장에 김지영…의료비용·수가 전문가,"서울대 보건대학원에서 보건학 석사, 서울대 의학과에서 박사 학위를 받았다. 한국보건의료연구원 의료기술평가연구팀 연구위원을 거쳐 2016년 국민건강보험공단에 합류했다. 대전세종충청 건강지원센터장과 법무지원실...",2026-09-22 10:47,https://www.edaily.co.kr/News/Read?newsId=03243926645582744&mediaCodeNo=257&utm_source=naver&utm_medium=referral&utm_campaign=news_syndication&utm_content=original_article,https://n.news.naver.com/mnews/article/018/0006374216?sid=102
서울대학교,메트로신문,KAIST 신임 이사장에 ‘반도체 초격차’ 권오현 전 삼성전자 회장,"KAIST는 21일 서울에서 열린 제298회 임시이사회에서 권 이사장을 신임 이사장으로 선임했다고 22일 밝혔다.... 권 이사장은 서울대 전기공학과를 졸업하고 KAIST에서 전기공학 석사, 미국 스탠퍼드대에서 전기공학...",2026-09-22 10:46,http://www.metroseoul.co.kr/article/20260922500136,http://www.metroseoul.co.kr/article/20260922500136
서울대학교,이뉴스투데이,"성남시, 맞춤형 통합돌봄 대상자 85명 추가 선정","이날 회의에는 임재영 경기도남부 지역장애인보건의료센터장(분당서울대학교병원 재활의학과 교수)도 참석해 장애인의 건강관리와 재활, 의료서비스를 지역사회 돌봄 체계와 연계하는 방안을 소개하고 의견을 나눴다....",2026-09-22 10:45,http://www.enewstoday.co.kr/news/articleView.html?idxno=2473303,http://www.enewstoday.co.kr/news/articleView.html?idxno=2473303
연세대학교,코메디닷컴,"최윤영 순천향대 부천병원 교수, 대한위암학회 국제학술대회 ‘최우수...","이번 연구에는 순천향대 부천병원 윤진아·김희경·조인 교수, 서울대 치의학대학원 김기태 교수, 연세대 의대 신수진 교수가 함께 참여했다. 연구팀은 위암 조직 내 세포의 위치와 유전자 발현 정보를 동시에 분석하는...",2026-09-22 10:44,https://kormedi.com/?p=2871428,https://n.news.naver.com/mnews/article/296/0000105153?sid=103
서울대학교,코메디닷컴,"최윤영 순천향대 부천병원 교수, 대한위암학회 국제학술대회 ‘최우수...","이달 17~19일 롯데호텔 서울에서 열린 대한위암학회 국제학술대회 'KINGCA WEEK 2026'에는 29개국에서 총 996명이... 이번 연구에는 순천향대 부천병원 윤진아·김희경·조인 교수, 서울대 치의학대학원 김기태 교수, 연세대...",2026-09-22 10:44,https://kormedi.com/?p=2871428,https://n.news.naver.com/mnews/article/296/0000105153?sid=103
서울대학교,뉴스1,"이모코그, 대웅제약과 손잡고 디지털 인지건강 사업 확대",한편 이모코그는 2021년 이준영 서울대 의대 교수와 중앙대 의대 출신 노유헌 대표 등이 공동 창업한 디지털 헬스케어 기업이다. 치매 전 단계인 경도인지장애를 중심으로 인지기능 평가부터 치료까지 이어지는 디지털...,2026-09-22 10:44,https://www.news1.kr/bio/healthcare/6298619,https://n.news.naver.com/mnews/article/421/0009185552?sid=103
서울대학교,청년의사,공단 건강보험연구원장에 김지영…원가분석·수가보상 전문가,"김 신임 원장은 예방의학과 전문의로 을지의대를 졸업한 뒤 서울대에서 보건학 석사와 의학 박사 학위를 취득했다. 한국보건의료연구원 연구위원 및 건보공단 건강지원센터장, 의료비용분석부장 등 주요 보직을 역임하며...",2026-09-22 10:44,http://www.docdocdoc.co.kr/news/articleView.html?idxno=3042994,http://www.docdocdoc.co.kr/news/articleView.html?idxno=3042994
서울대학교,OKFASHION,"패션협, 'KFA 패션 포럼' 개최","이번 포럼에는 대한민국 대표 소비트렌드 전문가인 김난도 서울대학교 명예교수가 강연자로 나서 '2027, 소비의 판이 바뀐다'​를 주제로 소비 트렌드의 변화와 패션산업의 대응 방향을 제시한다. 김난도 교수는 서울대학...",2026-09-22 10:42,http://okfashion.co.kr/detail.php?number=64144&thread=81r46,http://okfashion.co.kr/detail.php?number=64144&thread=81r46
서울대학교,DNEWS,[증권가로수]키움증권/신한증권ㆍ운용/한투운용/두나무/포필러스/DSRV/한...,이화여자대학교와 동국대학교에서 오프라인 홍보 활동인 '캠퍼스어택'을 진행했다고 22일 밝혔다. 이번... 이어 국내 금융산업의 온체인 전환을 주제로 한 토론에는 이종섭 서울대 경영대학 교수를 좌장으로 최원석...,2026-09-22 10:42,https://www.dnews.co.kr/uhtml/view.jsp?idxno=202609220846178140056,https://www.dnews.co.kr/uhtml/view.jsp?idxno=202609220846178140056
서울대학교,핀포인트뉴스,"페라리코리아, 서울대와 산학협력 MOU 체결…미래 모빌리티 인재 교류 ...",페라리코리아 티보 뒤사라 대표이사와 서울대학교 산학협력공학인재지원센터장 곽승엽 교수가 22일 서울대학교 산학협력공학인재지원센터와 업무협약(MOU)을 맺고 기념 사진 촬영을 하고 있다. 사진=페라리 코리아...,2026-09-22 10:42,https://www.pinpointnews.co.kr/news/articleView.html?idxno=489487,https://www.pinpointnews.co.kr/news/articleView.html?idxno=489487
연세대학교,머니투데이,"[단독]통일부, 북한인권 민간 사업 지원금 26억 일괄 삭감","통일부는 2022년 윤석열정부에서 장관 몫 이사 후보로 이정훈 연세대 교수, 김범수 세이브NK 대표 2명을 추천했다. 그러나 이재명정부 들어 새 후임자 추천은 없다는 것이다. 안 의원은 ""이재명정부 들어 정부사업에서...",2026-09-22 10:41,https://www.mt.co.kr/politics/2026/09/22/2026092210315073786,https://n.news.naver.com/mnews/article/008/0005417206?sid=100
서울대학교,아시아경제,"건보공단, 건강보험연구원장에 김지영 박사 임명","김 신임 원장은 예방의학과 전문의로, 서울대학교에서 보건학 석사와 의학 박사학위를 받고 20여년 간 보건·의료 분야에서 연구·실무 경험을 쌓아왔다. 한국보건의료연구원 연구위원, 국민건강보험공단 건강지원센터장과...",2026-09-22 10:40,https://view.asiae.co.kr/article/2026092210403428593,https://n.news.naver.com/mnews/article/277/0005819773?sid=102
서울대학교,AREYOU,"[아유경제_사회] 고동진 의원 ""AI 시대 전력 수요, 원자력으로 풀어야""","국민의힘 고동진 의원(서울 강남구병)은 오는 29일 오전 10시에 국회의원회관 제1세미나실에서 'AI시대에... 오는 토론회에서는 주한규 서울대학교 원자핵공학과 교수(前 한국원자력연구원장)가 발제에 나서며, 이유호...",2026-09-22 10:38,http://www.areyou.co.kr/news/articleView.html?idxno=95479,http://www.areyou.co.kr/news/articleView.html?idxno=95479
연세대학교,뉴스핌,"숭실대 창업동아리 '두루', 수도권 대학 연합워크숍 우수상…AI 아이템...",창업중심대학 사업의 하나로 한양대학교 창업지원단이 주관한 'Startup CAMP' 프로그램이다. 숭실대학교는... 건국대와 광운대·동국대·서강대·숙명여대·숭실대·아주대·연세대·이화여대 등 수도권 14개 대학의 27개...,2026-09-22 10:37,https://www.newspim.com/news/view/20260922000468,https://www.newspim.com/news/view/20260922000468
고려대학교,MEDIAPEN,"영탁, ‘꺾어’로 지상파 3사 '성공적' 컴백…10월 전국투어 시작","한편, 영탁은 오는 10월 3~5일 서울 고려대학교 화정체육관에서 단독 콘서트 ‘탁쇼5(TAK SHOW5)’를 열고 전국투어를 시작한다. 공연에서는 정규 3집 신곡 무대를 선보일 예정이다. 서울에 이어 10월 24~25일 전주, 11월 28...",2026-09-22 10:36,https://www.mediapen.com/news/view/1125270,https://www.mediapen.com/news/view/1125270
서울대학교,BREAKNEWS,"안양시의회 도시교통위, 위례과천선·서부선 안양권 연장 촉구",서울 서부선 안양권 연장은 서울대입구에서 관악산을 거쳐 평촌신도시까지 12.8㎞를 연결하며 약 1조688억 원이 소요될 것으로 예상된다. 안양시는 두 사업의...,2026-09-22 10:36,http://www.breaknews.com/1238438,http://www.breaknews.com/1238438
서울대학교,EROUN,"두나무, 글로벌 정책·금융 리더 한자리에… 'UIS 2026' 29일 개최","두나무는 오는 29일 서울 광진구 그랜드 워커힐 서울에서 '업비트 인스티튜셔널 서밋(UIS)'을 개최한다고... 이종섭 서울대학교 경영대학 교수를 좌장으로 최원석 두나무 해외사업총괄(CGBO), 엄태성 하나금융지주...",2026-09-22 10:36,https://www.eroun.net/news/articleView.html?idxno=90735,https://www.eroun.net/news/articleView.html?idxno=90735
서울대학교,HITNEWS,"건보공단, 김지영 건강보험연구원장 임명","김 지 영(1976년생 ,만 50세) □ 학 력 ○ 이화여자대학교 통계학과 학사(2000) ○ 을지대학교 의학과 학사(2007) ○ 서울대학교 보건대학원 보건학 석사(2010) ○ 서울대학교 의학과 박사(2020) □ 전문면허 및 자격 ○의사...",2026-09-22 10:36,https://www.hitnews.co.kr/news/articleView.html?idxno=79336,https://www.hitnews.co.kr/news/articleView.html?idxno=79336
고려대학교,연합뉴스,"성북구, 7개 대학과 상생협력 협약…'대학도시 성북' 비전 선포","구는 대학과의 협력사업을 종합 관리할 '대학 협력 전담 조직'을 신설하고, '대학 협력 실무 추진단'을 정기적으로 운영해 협력체계를 다져나갈 방침이다. 협약식에는 이승로 구청장, 김동원 고려대 총장, 정승렬 국민대...",2026-09-22 10:36,https://www.yna.co.kr/view/AKR20260922074200004?input=1195m,https://n.news.naver.com/mnews/article/001/0016328868?sid=102
연세대학교,인사이트,반바지 입었다고 손글씨 반성문... 연세대 치대 강의실에 붙인 복장 규...,"연세대학교 치과대학이 복장 규정을 위반한 학생들에게 손글씨 반성문을 쓰게 한 뒤 이를 강의실에 공개 게시한 것으로 드러났다. 지난 21일 연세대 학보사 연세춘추 등의 보도에 따르면, 연세대 치대 학생이 작성한...",2026-09-22 10:34,https://www.insight.co.kr/news/574720,https://www.insight.co.kr/news/574720
연세대학교,ECONOVILL,도경수 콘서트 'DAY OFF' 장르 통합 1위…최강창민 콘서트 2위 [9월 21일 ...,미드나잇: 앤틀러스 [대학로] - 뮤지컬 - 2026.10.04 ~ 2026.11.15 - 서울 - 유니플렉스 1관(대극장)... 케플러(Kep1er) FAN-CON TOUR: RSVP: Respond our code - 대중음악 - 2026.11.07 ~ 2026.11.08 - 서울 - 연세대학...,2026-09-22 10:34,https://www.econovill.com/news/articleView.html?idxno=751514,https://www.econovill.com/news/articleView.html?idxno=751514
서울대학교,1CONOMYNEWS,"두나무, 글로벌 정책·금융 인사 한자리에…'UIS 2026' 개최","22일 두나무에 따르면 오는 29일 서울 광진구 그랜드 워커힐 서울에서 '업비트 인스티튜셔널 서밋'(이하 UIS)... 이종섭 서울대학교 경영대학 교수를 좌장으로 최원석 두나무 해외사업총괄, 엄태성 하나금융지주 상무...",2026-09-22 10:34,https://www.1conomynews.co.kr/news/articleView.html?idxno=50524,https://www.1conomynews.co.kr/news/articleView.html?idxno=50524
서울대학교,KYONGBUK,"[만나GO] 권영진 ""강훈식 사의로 끝날 일 아냐…국정 기조 바꿔야""",- 정부의 메가 프로젝트와 '서울대 10개 만들기' 정책을 두고 대구·경북 소외 논란이 있다. △큰일이라고... '서울대 10개 만들기'에서도 올해 패키지 지원대학에 경북대가 빠졌다. 대구·경북 입장에서는 왜 빠졌는지 정부에...,2026-09-22 10:34,https://www.kyongbuk.co.kr/news/articleView.html?idxno=4085109,https://www.kyongbuk.co.kr/news/articleView.html?idxno=4085109
서울대학교,데일리안,"'각자의 속도로 연결'…현대차 정몽구 재단, 명동서 복합문화축제 개최","서울대학교 김영민 교수, 이낙준 작가, 작가 겸 뮤지션 요조가 연사로 나서 자신만의 속도로 삶의 길을 개척해 온 경험과 통찰을 관객과 나눌 예정이다. 음악 공연인 'ONSO Live'는 10월 8일 오후 8시 명동대성당...",2026-09-22 10:34,https://www.dailian.co.kr/news/view/1693425/?sc=Naver,https://n.news.naver.com/mnews/article/119/0003135428?sid=101
서울대학교,메트로신문,"경상국립대 교수회·동문회, ‘서울대 10개’ 재검토 촉구",사진/경상국립대학교 경상국립대 교수회와 총동문회가 정부의 '서울대 10개 만들기' 정책을 전면 재검토하라고 17일 촉구했다. 두 단체는 일부 대학을 선별해 집중 지원하는 방식이 거점국립대 간 경쟁과 서열화를 키울 수...,2026-09-22 10:34,http://www.metroseoul.co.kr/article/20260922500025,http://www.metroseoul.co.kr/article/20260922500025
연세대학교,MBN,"""연대 치대생답게 입을게요""…반바지 입었다고 '반성문'","연세대 치과대학 학생들이 복장 규정을 지키지 않았다는 이유로 쓴 손글씨 반성문이 강의실에 게시된 것으로 알려져 논란이 일고 있습니다. 연세대 치대 소속 한 학생이 쓴 반성문에는 ""부주의로 복장 규정을 위반하게 된...",2026-09-22 10:33,http://mbn.mk.co.kr/pages/news/newsView.php?category=mbn00009&news_seq_no=5220812,https://n.news.naver.com/mnews/article/057/0001970238?sid=102
연세대학교,뉴시스,췌장암 절반은 당뇨 동반…'이 경우' 위험 26배↑,"22일 의료계에 따르면 정문재 연세대 세브란스병원 소화기내과 교수와 이민영 내분비내과 교수, 장성인 연세의대 예방의학교실 교수, 유민희 연구지원부 연구원은 국민건강보험공단 자료를 활용해 2005년부터...",2026-09-22 10:31,https://www.newsis.com/view/NISX20260922_0003799878,https://n.news.naver.com/mnews/article/003/0014207095?sid=102
연세대학교,FETV,"[M&A 셈법-대한항공] ①아시아나 '흡수합병', 현대차와 달랐던 배경은",정승화 연세대 교수가 2004년 한국경영학회 학술지 'Korea Business Review'에 게재한 '현대자동차의 기아자동차 인수와 구조조정'에 따르면 현대차는 인수 초기 기아를 직할 경영한 뒤 수평 경영체제로 전환했다. 양사 대표가...,2026-09-22 10:28,https://www.fetv.co.kr/news/articleView.html?idxno=310644,https://www.fetv.co.kr/news/articleView.html?idxno=310644
서울대학교,FNTODAY,"퓨어닐, 홈 뷰티 디바이스 '멜라브이' 공급 확대…홈케어 시장 공략",퓨어닐에 따르면 멜라브이는 서울대 R&D팀과 약 1년 7개월간 연구개발을 진행하고 47개의 샘플 테스트를 거쳐 개발된 홈 뷰티 디바이스다. 출시 이후 다양한 피부 관리 수요에 대응하기 위해 제품 공급을 지속적으로...,2026-09-22 10:28,https://www.fntoday.co.kr/news/articleView.html?idxno=393681,https://www.fntoday.co.kr/news/articleView.html?idxno=393681
서울대학교,KHGAMES,"두나무, 29일 '업비트 인스티튜셔널 서밋' 개최","두나무가 오는 29일 서울 광진구 그랜드 워커힐 서울에서 '업비트 인스티튜셔널 서밋(Upbit Institutional... 이종섭 서울대학교 경영대학 교수가 좌장을 맡고 최원석 두나무 해외사업총괄, 엄태성 하나금융지주...",2026-09-22 10:28,https://www.khgames.co.kr/news/articleView.html?idxno=308669,https://www.khgames.co.kr/news/articleView.html?idxno=308669
서울대학교,DAILY,"경상국립대 교수회·총동문회, '서울대 10개 만들기' 재검토 촉구","경상국립대 교수회·총동문회, '서울대 10개 만들기' 정책 전면 재검토를 촉구하고 있다 사진=경상국립대 제공  경상국립대 교수회와 총동문회가 정부의 '서울대 10개 만들기' 정책에 대해 거점국립대 간 경쟁과 격차를...",2026-09-22 10:26,https://daily.hankooki.com/news/articleView.html?idxno=1408801,https://daily.hankooki.com/news/articleView.html?idxno=1408801
서울대학교,헤럴드경제,"[단독] 서울, 재선충병 안전지대 아니다…서초구서만 15그루 감염 [서울...",남부지방을 중심으로 소나무재선충병이 빠르게 확산하고 있는 가운데 서울에서도 소나무재선충병에 걸린... 박일권 서울대 산림과학부 교수는 “선충 자체는 이동을 못 하지만 매개충인 하늘소가 날아다니면서 이곳저곳...,2026-09-22 10:26,https://biz.heraldcorp.com/article/10881504?ref=naver,https://n.news.naver.com/mnews/article/016/0002700733?sid=102
서울대학교,WIDEDAILY,"글로벌 디지털 금융 미래 조망한다…두나무, 29일 '업비트 인스티튜셔널...","두나무는 오는 29일 서울 광진구 그랜드 워커힐 서울에서 '업비트 인스티튜셔널 서밋(UIS)'을 개최한다고 22일... 이종섭 서울대 경영대 교수를 좌장으로 최원석 두나무 해외사업총괄, 엄태성 하나은행 AI디지털혁신그룹장...",2026-09-22 10:26,https://www.widedaily.com/news/articleView.html?idxno=301362,https://www.widedaily.com/news/articleView.html?idxno=301362
연세대학교,대학저널,"숭실대 창업동아리 ‘두루', 수도권 대학 창업동아리 연합워크숍 ’우수...","수도권 대학 창업동아리 연합 워크숍’에서 숭실대학교 학생 창업동아리 ‘두루(DURU)’가 우수상(3위)을... 아주대, 연세대, 이화여대 등 14개 대학 27개 창업동아리가 참여했다. 행사에서는 창업 특강, 토크콘서트...",2026-09-22 10:24,https://dhnews.co.kr/news/view/1065575958071076,https://dhnews.co.kr/news/view/1065575958071076
서울대학교,부산일보,"부산대, 과기부 180억 규모 ‘지역지능화혁신인재양성사업’ 선정",부산대학교(총장 최재원)가 과학기술정보통신부와 정보통신기획평가원(IITP)이 추진하는 ‘2026년도... 최근 부산대는 ‘서울대 10개 만들기’ 정책의 ‘거점국립대 성장엔진·AI 패키지 지원대학’에 선정돼 성장엔진...,2026-09-22 10:19,https://www.busan.com/view/busan/view.php?code=2026092210184540553,https://n.news.naver.com/mnews/article/082/0001399443?sid=102
고려대학교,CNB저널,"고려대-오하이오주립대, '리튬-텔루륨 전지' 수명 저하 원인 규명…성능...","고려대학교 화공생명공학과·배터리-스마트팩토리학과 유승호 교수 연구팀은 미국 오하이오주립대학교... 한편, 지난 18일 고려대학교는 SK와 교내 대학원 중앙도서관에서 'SK 글로벌 장학금 프로그램(SK GSP) 3기 장학증서...",2026-09-22 10:18,https://www.cnbizm.com/news/articleView.html?idxno=315884,https://www.cnbizm.com/news/articleView.html?idxno=315884
서울대학교,전자신문,"두나무, 글로벌 디지털자산 리더 한자리에…29일 'UIS' 개최","디지털자산 거래소 업비트를 운영하는 두나무는 29일 서울 광진구 그랜드 워커힐 서울에서 '업비트... 이종섭 서울대학교 경영대학 교수가 좌장을 맡고 최원석 두나무 해외사업총괄, 엄태성 하나금융지주 상무 겸...",2026-09-22 10:18,https://www.etnews.com/20260922000174,https://n.news.naver.com/mnews/article/030/0003469244?sid=101
서울대학교,NEWS2DAY,[2026 KPC 인문학여행] 조영태 교수 “인구감소는 정해진 미래…변화를...,"인구감소에도 수도권 집중 심화 2030년 노동시장 구인난 전환 “변화 되돌리기보다 활용해야” 22일 서울 소공동 롯데호텔 서울에서 열린 한국생산성본부(KPC) ‘인문학 여행, 통찰과 영감’ 강연에서 조영태 서울대학교...",2026-09-22 10:18,https://www.news2day.co.kr/article/20260922500073,https://www.news2day.co.kr/article/20260922500073
서울대학교,NC,"[ N플러스] '사건'에 가까웠던 무대, 뮤지컬 산업 판도 바꾼 '오페라의 ...",서울대 성악과를 거쳐 독일 쾰른 국립음악대학교 석사 과정을 졸업한 최선호는 혜성처럼 등장해 '크리스틴... 이번 한국어 공연은 서울 한정으로 12월 22일부터 2027년 2월 28일까지 단 두 달간 블루스퀘어...,2026-09-22 10:18,https://www.nc.press/news/articleView.html?idxno=626996,https://www.nc.press/news/articleView.html?idxno=626996
고려대학교,컨슈머타임스,"[특징주] 셀리드, 휴니버스글로벌 대상 유상증자 소식에 '상한가'",휴니버스글로벌은 지난 2017년 국가전략 프로젝트를 계기로 고려대학교의료원 산하 정밀의료사업단에서 출범했다. 현재 고려대학교의료기술지주가 지분 37%를 보유 중이다. 오는 11월 9일 유상증자 대금 납입이...,2026-09-22 10:16,https://www.cstimes.com/news/articleView.html?idxno=721673,https://www.cstimes.com/news/articleView.html?idxno=721673
연세대학교,메디칼타임즈,노원을지대병원 '심혈관 석학' 장양수 교수 영입,노원을지대학교병원은 국내 심혈관 분야의 대표적 석학이자 의료정책 전문가인 장양수 교수를 영입하고... 장 교수는 연세대학교 의과대학을 졸업하고 동 대학원에서 의학석사와 의학박사 학위를 취득했다. 이후...,2026-09-22 10:16,https://www.medicaltimes.com/Main/News/NewsView.html?ID=1170832&ref=naverpc,https://www.medicaltimes.com/Main/News/NewsView.html?ID=1170832&ref=naverpc
서울대학교,4TH,"법인 코인시장 앞두고 '기관' 전면에…두나무, 전통금융 접점 넓힌다",29일 서울 광진구 그랜드 워커힐 서울에서 개최한다고 22일 밝혔다. UIS는 정책·규제 당국 관계자와 글로벌... 이종섭 서울대학교 경영대학 교수를 좌장으로 최원석 두나무 해외사업총괄과 엄태성 하나금융지주 상무 겸...,2026-09-22 10:16,http://www.4th.kr/news/articleView.html?idxno=2118517,http://www.4th.kr/news/articleView.html?idxno=2118517
서울대학교,DAILYPHARM,건보공단 신임 건강보험연구원장에 김지영 임명,학력 및 경력 의사 (’07.2.) / 예방의학과 전문의 (’14.3.) 이화여자대학교 통계학과 학사(2000) 을지대학교 의학과 학사(2007) 서울대학교 보건대학원 보건학 석사(2010) 서울대학교 의학과 박사(2020) 現(사)...,2026-09-22 10:16,https://www.dailypharm.com/user/news/342765?REFERER=NP,https://www.dailypharm.com/user/news/342765?REFERER=NP
서울대학교,뉴스핌,"아크릴, 650억 피지컬AI 과제서 로봇 검증","성균관대학교 산학협력단이 주관하며 지난 8월부터 2030년 12월까지 4년5개월간 진행된다. 총사업비는 약 650억원이며 이 가운데 정부지원금은 450억원 규모다. 아크릴을 비롯해 한국과학기술원(KAIST), 서울대학교...",2026-09-22 10:15,https://www.newspim.com/news/view/20260922000403,https://www.newspim.com/news/view/20260922000403
서울대학교,뉴시스,"두나무, 29일 '업비트 인스티튜셔널 서밋' 개최…글로벌 디지털 금융 논...","가상자산거래소 업비트를 운영하는 두나무는 오는 29일 서울 광진구 그랜드 워커힐 서울에서 '업비트... 이종섭 서울대학교 경영대학 교수를 좌장으로 최원석 두나무 해외사업총괄(CGBO), 엄태성 하나금융지주 상무 겸...",2026-09-22 10:15,https://www.newsis.com/view/NISX20260922_0003799786,https://n.news.naver.com/mnews/article/003/0014207045?sid=101
연세대학교,의학신문,신규 당뇨병 치료강도 높으면 췌장암 발생 위험 증가,"연세대 세브란스병원 소화기내과 정문재 교수와 내분비내과 이민영 교수, 의대 예방의학교실 장성인 교수, 연구지원부 유민희 연구원은 신규 발생 당뇨병의 초기 중증도와 단기간의 진행 양상이 췌장암 발생 위험과...",2026-09-22 10:12,https://www.bosa.co.kr/news/articleView.html?idxno=3012637,https://www.bosa.co.kr/news/articleView.html?idxno=3012637
고려대학교,연합뉴스,"[신간] 한국 밥상은 어떻게 만들어졌나…'밥 국 찬, 한식의 탄생'","고려대 철학과 교수인 저자가 딱딱한 개념 대신 구체적인 질문에서 출발해 행복과 도덕, 정의, 전쟁, 안락사, 인공지능(AI) 등의 주제를 다루는 철학 입문서. 책은 일상에서 실제로 경험하는 상황을 통해 삶 속에서 철학의...",2026-09-22 10:12,https://www.yna.co.kr/view/AKR20260922064500005?input=1195m,https://n.news.naver.com/mnews/article/001/0016328734?sid=103
서울대학교,뉴스1,글로벌 정책·금융 리더 한자리에…29일 '업비트 인스티튜셔널 서밋' 개...,"UIS는 오는 29일 서울 광진구 그랜드 워커힐 서울에서 열린다. 사전 초청을 받은 전 세계 정책당국... 이종섭 서울대학교 경영대학 교수를 좌장으로 최원석 두나무 해외사업 총괄(CGBO, 엄태성 하나금융지주 상무, 안인성...",2026-09-22 10:11,https://www.news1.kr/finance/blockchain-fintech/6298394,https://n.news.naver.com/mnews/article/421/0009185438?sid=101
서울대학교,더팩트,AI·로봇 한자리에…내달 '관악S밸리 창업페스티벌',"행사는 관악중소벤처진흥원과 서울대학교 창업지원단·앵커사업단, 서울창조경제혁신센터 등이 함께 준비한다. 자세한 일정과 참가 신청 방법은 행사 홈페이지에서 확인할 수 있다. 박준희 관악구청장은 ""이번...",2026-09-22 10:10,https://news.tf.co.kr/read/life/2368685.htm,https://n.news.naver.com/mnews/article/629/0000536061?sid=102
서울대학교,글로벌에픽,"삼성 반도체 초격차 이끈 권오현, KAIST 이사장에","서울대 전기공학과를 졸업한 뒤 KAIST에서 전기공학 석사학위를, 미국 스탠퍼드대에서 박사학위를... 한국발명진흥회 회장과 서울대 이사장을 역임했으며, 현재는 오렌지플래닛 창업재단 이사장으로 활동하고 있다....",2026-09-22 10:10,http://www.globalepic.co.kr/view.php?ud=20260922100813771948439a4874_29,http://www.globalepic.co.kr/view.php?ud=20260922100813771948439a4874_29
연세대학교,K-HEALTH,"연세의대 구성욱 교수, 대한척추신경외과학회장 취임",한편 구성욱 신임 회장은 연세대학교 의과대학 신경외과학교실 교수로 척추 분야의 진료·연구·교육을 수행해왔다. 연세의료원 대외협력처장과 강남세브란스병원장을 역임했으며 현재 대한의용생체공학회 회장과...,2026-09-22 10:10,https://www.k-health.com/news/articleView.html?idxno=101312,https://www.k-health.com/news/articleView.html?idxno=101312
연세대학교,이데일리,반바지 입었다고 손글씨 반성문까지…연세대 치대 복장 규정 논란,연세대학교 치과대학이 복장 규정을 어긴 학생들에게 손글씨 반성문을 쓰게 하고 이를 강의실에 게시한 사실이 알려져 논란이 일고 있다. 지난 21일 연세대 학보사 연세춘추 등에 따르면 치대 소속 한 학생이 작성한...,2026-09-22 10:09,https://www.edaily.co.kr/News/Read?newsId=03102886645582744&mediaCodeNo=257&utm_source=naver&utm_medium=referral&utm_campaign=news_syndication&utm_content=original_article,https://n.news.naver.com/mnews/article/018/0006374183?sid=102
연세대학교,헤럴드경제,“안일한 생각으로”…반바지 입었다고 공개 반성문 쓰게 한 연세대 치...,22일 연세대 학보 연세춘추 등에 따르면 지난달 27일 이 학교치과대 학생 3명은 등교 시 반바지와 슬리퍼를 착용했다는 이유만으로 반성문을 작성했다. 치과대가 자체적으로 마련한 복장 규정을 위반한 데 따른 조치였다....,2026-09-22 10:08,https://biz.heraldcorp.com/article/10881688?ref=naver,https://n.news.naver.com/mnews/article/016/0002700717?sid=102
연세대학교,뉴시스,"순천향대 부천병원 최윤영, ‘KINGCA WEEK’ 최우수 연제상","연구에는 순천향대 부천병원 윤진아·김희경·조인 교수, 서울대학교 치의학대학원 김기태 교수, 연세대학교 의과대학 신수진 교수가 함께 참여했다. 연구팀은 조직 속 세포의 위치와 세포가 어떤 유전자를 발현하는지...",2026-09-22 10:08,https://www.newsis.com/view/NISX20260922_0003799793,https://n.news.naver.com/mnews/article/003/0014207020?sid=102
연세대학교,메디파나뉴스,"노원을지대병원, 장양수 교수 영입…심혈관 진료 강화","미국 클리블랜드 클리닉 심장내과에서 펠로우 과정을 수료한 뒤 연세의대 내과학교실 교수로 재직하며... 의학전문대학원 원장을 맡았으며, 포항공과대학교 생명공학연구센터와 연세대학교 전기전자공학과 겸직교수로...",2026-09-22 10:08,https://www.medipana.com/news/articleView.html?idxno=418106,https://www.medipana.com/news/articleView.html?idxno=418106
연세대학교,조선일보,신규 당뇨 진단 후 치료 빨라질수록… 췌장암 위험 26배 높아져,"연세대 세브란스병원 소화기내과 정문재 교수와 내분비내과 이민영 교수, 의대 예방의학교실 장성인 교수, 연구지원부 유민희 연구원은 신규 당뇨병의 초기 치료 강도와 이후 치료 변화가 췌장암 발생 위험과...",2026-09-22 10:08,https://health.chosun.com/site/data/html_dir/2026/09/22/2026092201199.html,https://n.news.naver.com/mnews/article/346/0000116365?sid=004
서울대학교,뉴데일리경제,"162조 미래대응기금, 쓰던 돈 또 쓰고 지방 몫은 줄이고 … '기묘한 재정...","안동현 서울대 경제학과 교수는 ""새로운 정책자금을 계속 만들기보다 기존 기금·펀드의 역할을 정리하고 유사한 재원은 통합하는 구조조정이 우선돼야 한다""며 ""세수가 예상보다 많이 걷혔다면 전액을 새 기금에...",2026-09-22 10:08,https://biz.newdaily.co.kr/site/data/html/2026/09/22/2026092200066.html,https://biz.newdaily.co.kr/site/data/html/2026/09/22/2026092200066.html
서울대학교,경북매일,추경호 “TK패싱 엄연한 정치 현실…여야 없이 힘 모아야”,경북대가 ‘서울대 10개 만들기’ 사업에서 탈락한 데 대해서는 “상당한 문제의식을 갖고 있다”며 “정부와 여당도 이런 민심의 흐름을 겸허하게 경청해 이런 일이 반복돼서는 안 된다”고 했다. 추 시장은 이날...,2026-09-22 10:08,https://www.kbmaeil.com/article/20260922500145,https://www.kbmaeil.com/article/20260922500145
서울대학교,뉴시스,"순천향대 부천병원 최윤영, ‘KINGCA WEEK’ 최우수 연제상","연구에는 순천향대 부천병원 윤진아·김희경·조인 교수, 서울대학교 치의학대학원 김기태 교수, 연세대학교 의과대학 신수진 교수가 함께 참여했다. 연구팀은 조직 속 세포의 위치와 세포가 어떤 유전자를 발현하는지...",2026-09-22 10:08,https://www.newsis.com/view/NISX20260922_0003799793,https://n.news.naver.com/mnews/article/003/0014207020?sid=102
연세대학교,머니투데이,"""면역세포 접근 막는 구조 해독""…최윤영 순천향대 교수, 위암 지도 완성",순천향대학교 부천병원은 최윤영 위장관외과 교수가 지난 17~19일 열린 대한위암학회 국제학술대회 'KINGCA... 신수진 연세대 의과대학 교수가 공동 참여했다. 최 교수 연구팀은 조직의 평균적 유전자 발현 분석을 넘어...,2026-09-22 10:07,https://www.mt.co.kr/policy/2026/09/22/2026092209455066559,https://n.news.naver.com/mnews/article/008/0005417158?sid=102
서울대학교,머니투데이,"""면역세포 접근 막는 구조 해독""…최윤영 순천향대 교수, 위암 지도 완성","순천향대학교 부천병원은 최윤영 위장관외과 교수가 지난 17~19일 열린 대한위암학회 국제학술대회 'KINGCA... 연구에는 윤진아·김희경·조인 순천향대 부천병원 교수, 김기태 서울대 치의학대학원 교수, 신수진...",2026-09-22 10:07,https://www.mt.co.kr/policy/2026/09/22/2026092209455066559,https://n.news.naver.com/mnews/article/008/0005417158?sid=102
고려대학교,OSEN,"영탁, ‘믿듣탁’ 진가 입증했다…‘꺾어’로 지상파 3사 음방 접수","오는 10월 3일부터 5일까지 사흘간 서울 고려대학교 화정체육관에서 단독 콘서트 ‘TAK SHOW5’를 개최하며 전국투어의 포문을 연다. ‘TAK SHOW5’는 서울 공연을 시작으로 10월 24~25일 전주, 11월 28~29일 대구, 12월 19~20일...",2026-09-22 10:06,http://www.osen.co.kr/article/G1112879902,https://m.entertain.naver.com/article/109/0005610773
서울대학교,메디파나뉴스,건보공단 건강보험연구원장에 김지영…수가·보상 전문가,"김 신임 원장은 예방의학과 전문의로 서울대학교 보건대학원에서 보건학 석사, 서울대학교 의과대학에서 박사 학위를 취득했다. 한국보건의료연구원 의료기술평가연구팀 연구위원을 거쳐 국민건강보험공단 대전세종충청...",2026-09-22 10:06,https://www.medipana.com/news/articleView.html?idxno=418105,https://www.medipana.com/news/articleView.html?idxno=418105
서울대학교,THEPOWERNEWS,"규제·토큰화·온체인·AI 한자리서 논의…두나무, ‘UIS 2026’ 개최","관계자까지 서울에 모인다. 두나무가 디지털자산 규제와 시장구조, 기관투자, 토큰화, 온체인 금융과... 이종섭 서울대학교 경영대학 교수가 좌장을 맡고 최원석 두나무 해외사업총괄, 엄태성 하나금융지주 상무 겸...",2026-09-22 10:06,https://www.thepowernews.co.kr/view.php?ud=202609221004069309de3f0aa1be_7,https://www.thepowernews.co.kr/view.php?ud=202609221004069309de3f0aa1be_7
연세대학교,한국대학신문,"숭실대 창업동아리 '두루', 수도권 대학 창업동아리 연합워크숍 우수상...","(사진=숭실대 제공)  숭실대학교(총장 이윤재)가 지난 15일부터 16일까지 열린 '2026수도권 대학 창업 동아리... 건국대, 광운대, 동국대, 서강대, 숙명여대, 숭실대, 아주대, 연세대, 이화여대 등 14개 대학 27개...",2026-09-22 10:06,https://news.unn.net/news/articleView.html?idxno=597845,https://news.unn.net/news/articleView.html?idxno=597845
서울대학교,THEVALUENEWS,[현대차 포커스] 'ONSO FESTIVAL' 및 '호 추 니엔' 전시 개최,"현대차 정몽구 재단은 서울 명동 일대에서 전 세대가 참여하는 복합문화축제 ‘2026 ONSO FESTIVAL’을 열어... 강연에는 김영민 서울대 교수, 이낙준 작가, 뮤지션 요조가 참여하며 공연에는 더클래식, 재쓰비...",2026-09-22 10:04,http://www.thevaluenews.co.kr/news/view.php?idx=201805,http://www.thevaluenews.co.kr/news/view.php?idx=201805
서울대학교,인더뉴스,"부산대, 지역지능화혁신인재양성사업 선정…8년간 최대 180억원 투입",기자ㅣ부산대학교는 과학기술정보통신부와 정보통신기획평가원이 추진하는 ‘2026년도... 최근 부산대는 ‘서울대 10개 만들기’ 정책의 ‘거점국립대 성장엔진·AI 패키지 지원대학’에도 선정됐습니다. 이를 바탕으로...,2026-09-22 10:04,https://www.inthenews.co.kr/news/article.html?no=92238,https://www.inthenews.co.kr/news/article.html?no=92238
서울대학교,TODAYENERGY,"환경보전원, '지구하다 페스티벌' 기후행동 확산",한국환경보전원(원장 신진수)은 지난 21일 서울 광화문광장에서 개최한 '제4회 지구하다 페스티벌'을... 시상식 △박정재 서울대학교 교수와 함께하는 기후·환경 토크콘서트 △도전! 환경퀴즈 1대100 △환경뮤지컬...,2026-09-22 10:04,https://www.todayenergy.kr/news/articleView.html?idxno=303389,https://www.todayenergy.kr/news/articleView.html?idxno=303389
고려대학교,점프볼,"리그 우승까지 1승 남겨놓은 중앙대 윤호영 감독, “찝찝한 우승은 안 ...",2026 대학농구 U-리그 건국대와 원정경기에서 85-57로 승리했다. 이날 승리로 중앙대는 16승 2패를 만들며 선두 자리를 수성했다. 같은 날 2위 고려대가 동국대에게 패하면서 정규리그 우승 매직넘버를 ‘3’에서 ‘1’로...,2026-09-22 10:04,https://m.sports.naver.com/basketball/article/065/0000301842,https://m.sports.naver.com/basketball/article/065/0000301842
연세대학교,데일리메디,"﻿연세사랑병원, '고관절 관절내시경센터' 개설",﻿﻿ 보건복지부 지정 관절 전문 연세사랑병원(고용곤 병원장)이 고관절 질환 치료 전문성을 강화하기 위해... 정재현 원장은 연세대학교 의과대학 출신으로 세브란스병원에서 전임의를 수료하고 이후 이대목동병원...,2026-09-22 10:02,https://www.dailymedi.com/news/news_view.php?wr_id=940766,https://www.dailymedi.com/news/news_view.php?wr_id=940766
연세대학교,메디파나뉴스,"구성욱 연세의대 교수, 대한척추신경외과학회 회장 취임",연세대학교 의과대학 신경외과학교실 구성욱 교수가 대한척추신경외과학회 신임 회장에 취임했다. 임기는... 구 회장은 연세의대 신경외과학교실 교수로 척추 분야 진료·연구·교육을 맡고 있다. 연세의료원...,2026-09-22 10:02,https://www.medipana.com/news/articleView.html?idxno=418104,https://www.medipana.com/news/articleView.html?idxno=418104
서울대학교,헤럴드경제,"‘더샵 분당하이스트’, 22일 1순위 해당지역 청약 접수","분당서울대학교병원을 비롯한 의료시설과 탄천 산책로, 능골공원, 분당중앙공원, 율동공원 등도 인근에 위치한다. 주변에서는 백현마이스 도시개발사업과 성남바이오헬스 첨단클러스터 조성사업 등이 추진되고 있다....",2026-09-22 10:01,https://biz.heraldcorp.com/article/10881664?ref=naver,https://n.news.naver.com/mnews/article/016/0002700707?sid=101
서울대학교,BUSINESSPLUS,"두나무, 29일 'UIS 2026'…美 CFTC·백악관 출신 참여","29일 서울에서 디지털자산 규제와 기관 참여, 온체인 금융 등을 논의한다. 두나무는 오는 29일 서울... 이종섭 서울대학교 경영대학 교수가 좌장을 맡고 최원석 두나무 해외사업총괄(CGBO), 엄태성 하나금융지주 상무...",2026-09-22 10:00,https://www.businessplus.kr/news/articleView.html?idxno=117217,https://www.businessplus.kr/news/articleView.html?idxno=117217
서울대학교,의학신문,"최윤영 순천향대 부천병원 교수, 위암학회 국제학술대회 '최우수 연제상...","초고해상도 공간 지도'를 주제로 연구 결과를 발표했다. 이번 연구에는 순천향대 부천병원 윤진아·김희경·조인 교수, 서울대 치의학대학원 김기태 교수, 연세대학교 의과대학 신수진 교수가 함께 참여했다.",2026-09-22 10:00,https://www.bosa.co.kr/news/articleView.html?idxno=3012634,https://www.bosa.co.kr/news/articleView.html?idxno=3012634
연세대학교,의학신문,"최윤영 순천향대 부천병원 교수, 위암학회 국제학술대회 '최우수 연제상...","초고해상도 공간 지도'를 주제로 연구 결과를 발표했다. 이번 연구에는 순천향대 부천병원 윤진아·김희경·조인 교수, 서울대 치의학대학원 김기태 교수, 연세대학교 의과대학 신수진 교수가 함께 참여했다.",2026-09-22 10:00,https://www.bosa.co.kr/news/articleView.html?idxno=3012634,https://www.bosa.co.kr/news/articleView.html?idxno=3012634
연세대학교,메디파나뉴스,새로 생긴 당뇨병 '빠른 악화'…췌장암 위험 신호,"연세대 세브란스병원 소화기내과 정문재 교수와 내분비내과 이민영 교수, 연세대 의대 예방의학교실 장성인 교수, 연구지원부 유민희 연구원은 신규 발생 당뇨병의 초기 중증도와 단기간의 진행 양상에 따른 췌장암...",2026-09-22 10:00,https://www.medipana.com/news/articleView.html?idxno=418103,https://www.medipana.com/news/articleView.html?idxno=418103
연세대학교,FETV,[김형기 교수의 고령화 이야기] AI 연령주의와 고령자 인권,연령주의는 노인만의 문제가 아니라 지금 노인의 인권을 위해 싸우는 사람은 사실 20~30년 뒤 자신의 인권을 위해 싸우고 있는 것은 아닐까. 김형기 연세대 경제대학원 겸임교수,2026-09-22 10:00,https://www.fetv.co.kr/news/articleView.html?idxno=310309,https://www.fetv.co.kr/news/articleView.html?idxno=310309
고려대학교,매일신문,"셀리드, 최대주주 변경 유상증자 결정 소식에 '상한가'","고려대학교의료기술지주가 지분 37%를 보유하고 있다. 회사는 경영목적 달성을 위해 투자자의 납입능력과 납입 가능 시기, 투자의향 등을 종합적으로 고려해 대상자를 선정했다고 밝혔다.",2026-09-22 09:59,https://www.imaeil.com/page/view/2026092209560689312,https://n.news.naver.com/mnews/article/088/0001029912?sid=101
고려대학교,글로벌이코노믹,"[특징주] 셀리드, 휴니버스글로벌 최대주주 변경 결정.. '상한가'",휴니버스글로벌은 2017년 국가전략 프로젝트를 통해 고려대학교의료원 산하 정밀의료사업단으로 출범한 정밀의료 플랫폼 기업이다. 고려대학교의료기술지주가 지분 37%를 보유하고 있다. 오는 11월 9일...,2026-09-22 09:58,https://www.g-enews.com/view.php?ud=20260922094744441144093b5d4e_1,https://www.g-enews.com/view.php?ud=20260922094744441144093b5d4e_1
고려대학교,뉴스프리존,"고려대, 차세대 '리튬-텔루륨 전지' 성능 저하 원인 규명",고려대는 유승호 화공생명공학과·배터리-스마트팩토리학과 교수 연구팀이 미국 오하이오주립대 권상일 화학생물공학과 교수 연구팀과 공동으로 리튬-텔루륨 전지의 성능 저하 원인을 밝히고 수명을 늘렸다고...,2026-09-22 09:56,https://www.newsfreezone.co.kr/news/articleView.html?idxno=710604,https://www.newsfreezone.co.kr/news/articleView.html?idxno=710604
서울대학교,포인트데일리,"글로벌 정책·금융 리더 한자리에…두나무, 'UIS 2026' 개최","이미지=두나무  두나무는 오는 29일 서울 광진구 그랜드 워커힐 서울에서 '업비트 인스티튜셔널 서밋(UIS)'을... 이종섭 서울대학교 경영대학 교수를 좌장으로 최원석 두나무 해외사업총괄(CGBO), 엄태성 하나금융지주...",2026-09-22 09:56,https://www.pointdaily.co.kr/news/articleView.html?idxno=320168,https://www.pointdaily.co.kr/news/articleView.html?idxno=320168
서울대학교,아시아경제,"'1980년생 이하·SKY 출신'만 모셔요…대기업 채용 지침, 법적으로 괜찮...","특히 서울과 판교 근무자의 경우 서울대·연세대·고려대 등을 포함한 일부 대학 출신을 중심으로 선발하도록 하는 등 지역별 대학 기준까지 마련했던 것으로 전해졌다. 나이는 벌금, 학벌은 처벌조항 없어…기업 채용...",2026-09-22 09:55,https://view.asiae.co.kr/article/2026092209463340285,https://n.news.naver.com/mnews/article/277/0005819717?sid=102
고려대학교,아시아경제,"'1980년생 이하·SKY 출신'만 모셔요…대기업 채용 지침, 법적으로 괜찮...","특히 서울과 판교 근무자의 경우 서울대·연세대·고려대 등을 포함한 일부 대학 출신을 중심으로 선발하도록 하는 등 지역별 대학 기준까지 마련했던 것으로 전해졌다. 나이는 벌금, 학벌은 처벌조항 없어…기업 채용...",2026-09-22 09:55,https://view.asiae.co.kr/article/2026092209463340285,https://n.news.naver.com/mnews/article/277/0005819717?sid=102
연세대학교,아시아경제,"'1980년생 이하·SKY 출신'만 모셔요…대기업 채용 지침, 법적으로 괜찮...","특히 서울과 판교 근무자의 경우 서울대·연세대·고려대 등을 포함한 일부 대학 출신을 중심으로 선발하도록 하는 등 지역별 대학 기준까지 마련했던 것으로 전해졌다. 나이는 벌금, 학벌은 처벌조항 없어…기업 채용...",2026-09-22 09:55,https://view.asiae.co.kr/article/2026092209463340285,https://n.news.naver.com/mnews/article/277/0005819717?sid=102
서울대학교,스타뉴스,"성현주, 아들상 딛고..둘째 돌잔치 '임신' 김지민도 ""사랑해"" 감격 [스타...","이후 성현주는 아픈 심경을 담은 에세이지 '너의 안부'를 2022년 출간, 인세를 전액 서울대어린이병원에 기부했다. 이후 성현주는 지난해 둘째 임밍 아웃을 했으며, 9월 둘째 딸을 출산했다.",2026-09-22 09:54,https://www.starnewskorea.com/star/2026/09/22/2026092209322774289,https://m.entertain.naver.com/article/108/0003472479
서울대학교,팜뉴스,"인벤테라, MRI 조영제 신약 후보물질 임상 3상 CSR 수령","이번 임상은 어깨관절 질환이 의심되는 환자 85명을 대상으로, 분당서울대학교병원을 포함한 국내 상급종합병원 8개 기관에서 진행됐다. 동일 환자의 비조영 MRI와 INV-002를 투여한 자기공명 관절조영술 영상을...",2026-09-22 09:52,https://www.pharmnews.com/news/articleView.html?idxno=306469,https://www.pharmnews.com/news/articleView.html?idxno=306469
서울대학교,매일신문,"추경호 시장 'TK 패싱' 비판…""국민 여론이 상응하는 평가하게 될 것""","추 시장은 이날 오전 대구아트파크에서 열린 대구경북 언론인 모임 아시아포럼21 정책토론회에서 정부의 호남권 반도체 투자를 비롯해 경북대의 '서울대 10개 만들기' 탈락 등으로 불거진 'TK 패싱' 논란과 관련해 ""정부의...",2026-09-22 09:51,https://www.imaeil.com/page/view/2026092207432162038,https://n.news.naver.com/mnews/article/088/0001029911?sid=102
연세대학교,MONEWS,"[동정] 구성욱 교수, 대한척추신경외과학회 회장 취임","한편 구 신임 회장은 연세대학교 의과대학 신경외과학교실 교수로 척추 분야의 진료·연구·교육을 수행해 왔다. 연세의료원 대외협력처장과 강남세브란스병원장을 역임했으며, 현재 대한의용생체공학회 회장...",2026-09-22 09:50,https://www.monews.co.kr/news/articleView.html?idxno=414098,https://www.monews.co.kr/news/articleView.html?idxno=414098
고려대학교,뉴스핌,"이민옥 시의원, 자원봉사로 미래세대 성장 지원 방안…예산 확보 의지 ...","발제에서는 이선미 서울여자대학교 교수가 ""왜 지금, 미래세대에게 봉사 경험인가""를 주제로 자원봉사의... 오지혜 고려대학교 연구교수, 최주일 SK행복나눈재단 본부장이 각각 청년봉사, 학교봉사, 대학협력...",2026-09-22 09:50,https://www.newspim.com/news/view/20260922000358,https://www.newspim.com/news/view/20260922000358
고려대학교,GPKOREA,"영탁, 3년 만에 돌아왔다…'꺾어'로 지상파 3사 컴백","영탁은 오는 10월 3일부터 5일까지 서울 고려대학교 화정체육관에서 단독 콘서트 'TAK SHOW5'를 열고 전국투어를 시작한다. 서울 공연 이후 10월 24~25일 전주, 11월 28~29일 대구, 12월 19~20일 인천, 내년 1월 16~17일 부산에서...",2026-09-22 09:50,https://www.gpkorea.com/news/articleView.html?idxno=146947,https://www.gpkorea.com/news/articleView.html?idxno=146947
서울대학교,굿모닝충청,카이스트 신임 이사장에 권오현 전 삼성전자 대표이사 회장 선임,"권 이사장은 서울대 전기공학과를 졸업(1975년)하고 카이스트에서 전기공학 석사(1977년), 미국 스탠퍼드대학교에서 전기공학 박사(1985년) 학위를 받았다. 1985년 미국 삼성반도체연구소 연구원으로 삼성에 합류해...",2026-09-22 09:50,https://www.goodmorningcc.com/news/articleView.html?idxno=452782,https://www.goodmorningcc.com/news/articleView.html?idxno=452782
서울대학교,프라임경제,"아크릴, 레인보우로보틱스와 '650억 규모' 피지컬 AI 국책과제 '핵심' 담...","이번 과제는 성균관대학교 산학협력단이 주관하며 2026년 8월부터 2030년 12월까지 4년 5개월간 진행된다. 총 사업비는 약 650억원으로 정부지원금은 450억원 규모다. 아크릴을 비롯해 KAIST, 서울대학교, 레인보우로보틱스...",2026-09-22 09:48,http://www.newsprime.co.kr/news/article.html?no=748664,http://www.newsprime.co.kr/news/article.html?no=748664
서울대학교,ILYOSEOUL,"2027년 4월 서울시장 재보선, '포스트 오세훈' 노리는 사람들...'춘추전...","이들은 서울에서 오랫동안 정치적 기반을 다졌다는 강점을 지니고 있다. 김민석 수첩에 김현종 전 통상교섭본부장, 김경민 서울대 교수, 김진애 전 의원이 포함된 것도 눈여겨볼 부분이다. 직업 정치인뿐 아니라 관료...",2026-09-22 09:48,https://www.ilyoseoul.co.kr/news/articleView.html?idxno=522785,https://www.ilyoseoul.co.kr/news/articleView.html?idxno=522785
서울대학교,KOREAHEALTHLOG,위암 종양미세환경 들여다보는 '초고해상도 공간 지도' 구축,"이 연구는 순천향대부천병원 윤진아·김희경·조인 교수, 서울대 치의학대학원 김기태 교수, 연세의대 신수진 교수가 함께 참여했다. 기존 종양 조직 전체의 평균적인 유전자 발현을 살펴보는 분석 방식은 위암의...",2026-09-22 09:48,https://www.koreahealthlog.com/news/articleView.html?idxno=59122,https://www.koreahealthlog.com/news/articleView.html?idxno=59122
고려대학교,뉴스1,조성칠 대전시의장 시도의회의장협의회 부회장 선임,"조 의장은 고려대 중어중문학과를 졸업했으며 한국민족예술인총연합 대전지회(대전민예총) 사무처장, 원도심문화예술인연대 공동대표를 지낸 뒤 10대 대전시의회 전반기 의장으로 추대됐다. 한편...",2026-09-22 09:46,https://www.news1.kr/local/daejeon-chungnam/6298457,https://n.news.naver.com/mnews/article/421/0009185317?sid=102
서울대학교,중앙이코노미뉴스,"""글로벌 리더 한자리에""…두나무, 'UIS 2026' 개최","|중앙이코노미뉴스 정재혁 기자|두나무는 오는 29일 서울 광진구 그랜드 워커힐 서울에서 '업비트... 이종섭 서울대 경영대학 교수가 좌장을 맡고 최원석 두나무 해외사업총괄(CGBO), 엄태성 하나금융지주 상무 겸...",2026-09-22 09:44,https://www.joongangenews.com/news/articleView.html?idxno=549933,https://www.joongangenews.com/news/articleView.html?idxno=549933
서울대학교,브릿지경제,"두나무, ‘UIS 2026’ 개최⋯ “글로벌 정책·금융 리더 한자리에”","두나무는 오는 29일 서울 광진구 그랜드 워커힐 서울에서 ‘업비트 인스티튜셔널 서밋(UIS)’을 개최한다.... 이종섭 서울대학교 경영대학 교수를 좌장으로 최원석 두나무 해외사업총괄(CGBO), 엄태성 하나금융지주 상무...",2026-09-22 09:44,https://www.viva100.com/article/20260922500354,https://www.viva100.com/article/20260922500354
서울대학교,ENERGY-NEWS,AI가 바꾸는 기업·노동…인재 활용 새 틀 찾는다,"연구회는 안동현 서울대 교수를 위원장으로 하고 이준영 성균관대 교수와 이상희 한국공학대 교수를 분과장으로 위촉했다. 경제학과 경영학, 공학, 법학, 인재양성 등 다양한 분야의 전문가들도 참여한다. 이날...",2026-09-22 09:44,https://www.energy-news.co.kr/news/articleView.html?idxno=228472,https://www.energy-news.co.kr/news/articleView.html?idxno=228472
연세대학교,KMEDINFO,신규 당뇨병 빠르게 악화하면 췌장암 위험 신호,"연세대 세브란스병원 내분비내과 이민영 교수와 연구지원부 유민희 연구원, 의대 예방의학교실 장성인 교수, 소화기내과 정문재 교수 등이 참여한 연구팀은 국민건강보험공단 자료를 활용해 신규 제2형 당뇨병의...",2026-09-22 09:44,http://www.kmedinfo.co.kr/news/articleView.html?idxno=97853,http://www.kmedinfo.co.kr/news/articleView.html?idxno=97853
고려대학교,뉴시스,"조성칠 대전시의장, '시도의회의장협의회 부회장' 됐다","조 의장 고려대 중문과를 졸업했고 대전충남민주화운동계승사업회 이사, 대전민족예술인총연합 상임이사 등을 지냈으며 더민주대전혁신의회 상임대표와 홍범도장군기념사업회 대전모임 상임대표를 맡고 있다....",2026-09-22 09:42,https://www.newsis.com/view/NISX20260922_0003799699,https://n.news.naver.com/mnews/article/003/0014206887?sid=102
고려대학교,조선비즈,"[특징주] 셀리드, 휴니버스글로벌 최대주주 변경 소식에 ‘상한가’",휴니버스글로벌은 2017년 국가전략 프로젝트를 통해 고려대학교의료원 산하 정밀의료사업단으로 출범한 정밀의료 플랫폼 기업이다. 고려대학교의료기술지주가 지분 37%를 보유하고 있다. 오는 11월 9일...,2026-09-22 09:42,https://biz.chosun.com/stock/stock_general/2026/09/22/R3XUBGEUJNFLHJP2BHMATENXXE/?utm_source=naver&utm_medium=original&utm_campaign=biz,https://n.news.naver.com/mnews/article/366/0001193852?sid=101
서울대학교,NEWSCLAIM,두나무 UIS 한국과 글로벌 디지털 금융 연결,"두나무,오경석 두나무(대표 오경석)가 오는 29일 서울 광진구 그랜드 워커힐에서 '업비트 인스티튜셔널 서밋... 특히 미 백악관 및 CFTC 출신 인사를 포함한 해외 리더들과 함께 서울대 이종섭 교수가 좌장을 맡는 국내...",2026-09-22 09:42,https://www.newsclaim.co.kr/news/articleView.html?idxno=3076208,https://www.newsclaim.co.kr/news/articleView.html?idxno=3076208
서울대학교,FUTURECHOSUN,청년 지식축제서 전 세대 문화축제로…현대차 정몽구 재단 ‘ONSO FESTIVA...,"김영민 서울대학교 교수와 이낙준 작가, 요조 작가 겸 뮤지션이 자신만의 속도로 삶의 길을 만들어온 경험을 관객과 나눈다. 야외 공연 ‘ONSO Live’는 10월 8일 오후 8시 명동대성당 옆마당에서 진행된다. 더클래식과...",2026-09-22 09:42,https://futurechosun.com/?p=161003,https://futurechosun.com/?p=161003
서울대학교,BBS NEWS,"산업통상부, 'AI와 기업의 미래 연구회' 공식 발족","산업부는 오늘 서울 프레스센터에서 'AI와 기업의 미래 연구회' 발족식을 열고, AI 시대 기업의 대응과 인재 양성, 인재 활용 방안 등을 논의했습니다. 안동현 서울대 교수가 연구회 위원장을 맡았으며, 경제·경영·공학...",2026-09-22 09:42,https://news.bbsi.co.kr/news/articleView.html?idxno=4108081,https://news.bbsi.co.kr/news/articleView.html?idxno=4108081
서울대학교,신아일보,"서울대 컴퓨터공학부, 홍천서 'ComSee 2026' 개최…산학 교류 확대","서울대학교 컴퓨터공학부가 학생과 교수진, 기업 관계자들이 전공과 산업의 흐름을 공유하는 대규모 교외교육 행사를 강원 홍천에서 열고 산학 교류와 구성원 간 소통을 강화했다. 서울대 컴퓨터공학부가 주관한...",2026-09-22 09:40,https://www.shinailbo.co.kr/news/articleView.html?idxno=5064958,https://www.shinailbo.co.kr/news/articleView.html?idxno=5064958
연세대학교,이데일리,"신규 당뇨병, 초기 중증도·악화 속도가 췌장암 발생 위험 신호","연세대 세브란스병원 소화기내과 정문재 교수와 내분비내과 이민영 교수, 의대 예방의학교실 장성인 교수, 연구지원부 유민희 연구원은 신규 발생 당뇨병의 초기 중증도와 단기간의 진행 양상이 췌장암 발생 위험과...",2026-09-22 09:40,https://www.edaily.co.kr/News/Read?newsId=02961846645582744&mediaCodeNo=257&utm_source=naver&utm_medium=referral&utm_campaign=news_syndication&utm_content=original_article,https://n.news.naver.com/mnews/article/018/0006374147?sid=102
연세대학교,팜뉴스,"연세사랑병원, 고관절 관절내시경센터 개설…정재현 센터장 위촉","정재현 원장은 연세대학교 의과대학 및 동 대학원을 졸업한 정형외과 전문의다. 연세사랑병원 정재현 센터장은 ""고관절은 체중을 지탱하고 움직임을 조절하는 관절로 통증이나 이상이 발생하면 진료를 통해 원인을 확인할...",2026-09-22 09:40,https://www.pharmnews.com/news/articleView.html?idxno=306467,https://www.pharmnews.com/news/articleView.html?idxno=306467
서울대학교,GOODNEWS1,"암 진단 전후 운동량 저하, 치매 위험 46% 높인다","국제학술지 '암 연구와 치료' (Cancer Research and Treatment) 최신호에 게재된 서울대 의대 가정의학과 박상민 교수... 서울의대 가정의학과 박상민 교수는 ""이번 연구는 단일 시점의 운동량이 아닌 암 진단 전후 개인의...",2026-09-22 09:38,https://www.goodnews1.com/news/articleView.html?idxno=464480,https://www.goodnews1.com/news/articleView.html?idxno=464480
서울대학교,메트로신문,"글로벌 디지털자산 리더 한자리에...두나무, 'UIS' 개최","29일 그랜드 워커힐 서울서 ‘업비트 인스티튜셔널 서밋’ 개최 /두나무 업비트 운영사 두나무가... 이종섭 서울대학교 경영대학 교수를 좌장으로 최원석 두나무 해외사업총괄(CGBO, Chief Global Business Officer)...",2026-09-22 09:38,http://www.metroseoul.co.kr/article/20260922500061,http://www.metroseoul.co.kr/article/20260922500061
연세대학교,스타뉴스,"""프로 첫 사인은 부모님께"" 9년째 이어진 KT의 특별한 전통... 올해는 '소...","(22·연세대), 9라운드 김단(18·휘문고), 10라운드 안우석(18·경남고), 11라운드 이지효(18·장안고)를 차례로 선택했다. 나도현 KT 단장은 ""사전에 검토했던 선수들을 예상대로 지명할 수 있어 전반적으로 만족스럽다""고...",2026-09-22 09:38,https://www.starnewskorea.com/sports/2026/09/22/2026092209314065459,https://m.sports.naver.com/kbaseball/article/108/0003472473
연세대학교,FNTODAY,서장훈의 '방송인 가치' 얼마일까…평가모형이 산출한 1850억원,보고서는 연세대학교와 사랑의열매 등에 대한 기부를 포함해 누적 기부액을 약 4억5000만원 이상으로 추산했다. 신뢰도는 10점 만점에 8.1점으로 평가했다. 보고서는 안정적인 방송 활동과 함께 과거 논란 등을...,2026-09-22 09:36,https://www.fntoday.co.kr/news/articleView.html?idxno=393621,https://www.fntoday.co.kr/news/articleView.html?idxno=393621
연세대학교,YOUTHDAILY,"[닥터 김덕규의 건강과 재생의학]  폭염이 부르는 면역력 저하, 여...",글 / 김덕규(닥터킨베인 병원장) ㈜ 제론셀베인 대표이사 닥터킨베인 피부과의원 대표원장 연세대 세브란스병원 전문의 대한 피부 레이저 학회 공보이사 연세대 세브란스 에스테틱연구회 정회원 PDRN 항염재생치의학연구회...,2026-09-22 09:36,https://www.youthdaily.co.kr/news/article.html?no=227477,https://www.youthdaily.co.kr/news/article.html?no=227477
고려대학교,CCDAILYNEWS,고려대 세종 신임교원 교외연구 도전 지원,"▲ 고려대학교 세종캠퍼스 세종산학협력단의 '6회 KUS New Challenger 설명회' 참석자들 새 연구실을 꾸린... 2026년 8월 정보공시 기준 전임교원 1인당 교외연구비는 1억6600만원으로 전국 종합대학 13위, 비수도권...",2026-09-22 09:36,https://www.ccdailynews.com/news/articleView.html?idxno=2442492,https://www.ccdailynews.com/news/articleView.html?idxno=2442492
고려대학교,한국대학신문,"고려대, 차세대 고성능 배터리 '리튬-텔루륨 전지' 성능 저하 원인 찾았...","고려대 배터리-스마트팩토리학과 최효열 석박사통합과정, 화공생명공학과 김미현 박사, 텍사스A&M대학교 이치호 박사후연구원(이상 공동 제1저자)과 고려대 화공생명공학과 유승호 교수, 미국 오하이오주립대...",2026-09-22 09:36,https://news.unn.net/news/articleView.html?idxno=597836,https://news.unn.net/news/articleView.html?idxno=597836
서울대학교,헤럴드경제,"현대차 정몽구 재단, 명동 일대서 ‘2026 ONSO 페스티벌’ 개최","김영민 서울대 교수, 이낙준 작가, 작가 겸 뮤지션 요조가 참여해 자신만의 속도로 길을 만들어온 경험과 삶에 대한 통찰을 나눈다. 하이라이트 무대인 ‘ONSO 라이브(ONSO Live)’는 10월 8일 저녁 8시 명동대성당...",2026-09-22 09:36,https://biz.heraldcorp.com/article/10881574?ref=naver,https://n.news.naver.com/mnews/article/016/0002700671?sid=101
연세대학교,INEWS365,"충주의료원, 중환자 진료에 '원격 협진'…10월 e-ICU 가동","원주세브란스기독병원과 실시간 모니터링, 지역 중환자 진료 대응력 강화 ［충북일보］ 충주의료원은 보건복지부 공모사업으로 선정된 원격중환자실(e-ICU) 협력 네트워크 사업에 따라 연세대 원주세브란스기독병원을...",2026-09-22 09:34,https://www.inews365.com/news/article.html?no=936845,https://www.inews365.com/news/article.html?no=936845
연세대학교,글로벌이코노믹,"김포 장기도서관, 서은국 교수 초청 '행복' 강연 10월 18일에",이번 행사의 주인공은 대한민국 대표 행복 연구자인 연세대학교 심리학과 서은국 교수다. 이번 특강은 '인간의 행복은 어디서 오는가'를 대주제로 열린다. 그간 우리가 가졌던 행복에 대한 막연한 환상이나 통념에서...,2026-09-22 09:34,https://www.g-enews.com/view.php?ud=20260922092922704720ae620e86_1,https://www.g-enews.com/view.php?ud=20260922092922704720ae620e86_1
연세대학교,EROUN,"연세사랑병원, '고관절 관절내시경센터' 개설...전문진료 체계 강화","대퇴비구 충돌증후군·대퇴골두무혈성괴사 등 고관절 질환 진료 이로운넷 = 이수진 에디터 연세사랑병원이... 센터를 맡은 정 원장은 정형외과 전문의로, 연세대학교 의과대학을 졸업하고 같은 대학원에서 의학박사 학위를...",2026-09-22 09:34,https://www.eroun.net/news/articleView.html?idxno=90714,https://www.eroun.net/news/articleView.html?idxno=90714
서울대학교,YOUTHDAILY,"‘규제·토큰화·온체인 금융’ 한자리에…두나무, 글로벌 서밋 개최","오는 29일 서울서 ‘업비트 인스티튜셔널 서밋’ 첫 개최 美·유럽·아시아 정책·금융·산업계 주요 인사... 이종섭 서울대학교 경영대학 교수가 좌장을 맡고 최원석 두나무 해외사업총괄(CGBO), 엄태성 하나금융지주...",2026-09-22 09:34,https://www.youthdaily.co.kr/news/article.html?no=227475,https://www.youthdaily.co.kr/news/article.html?no=227475
연세대학교,메디칼트리뷴,"당뇨 초기 신속·고강도치료, 췌장암 위험↑","연세대 세브란스병원 소화기내과 정문재 교수, 내분비내과 이민영 교수, 의대 예방의학교실 장성인 교수 연구팀은 국민건강보험공단 데이터로 초기 치료 강도 및 속도와 췌장암 발생 위험의 관련성을 분석해 소화기학...",2026-09-22 09:32,http://www.medical-tribune.co.kr/news/articleView.html?idxno=215237,http://www.medical-tribune.co.kr/news/articleView.html?idxno=215237
연세대학교,TODAYENERGY,"""수소, 가능성 넘어 국가 에너지 생태계로 연결해야""","한국공학한림원 연세대학교 문일 교수의 사회로 진행됐다. 이번 대토론회는 국회·산·학·연에 공통적으로... 이날 토론을 이끈 연세대학교 문일 교수는 ""지금은 기후변화를 넘어 기후재난의 시대이며, 수소사회로의...",2026-09-22 09:32,https://www.todayenergy.kr/news/articleView.html?idxno=303366,https://www.todayenergy.kr/news/articleView.html?idxno=303366
연세대학교,CFNEWS,"[김종두 칼럼] 수능 전 인문논술, 한 편의 답안을 완성하는 힘",대학별 차이도 준비에 반영해야 한다. 연세대 서울캠퍼스는 영어 제시문이나 수리·통계자료가 포함될 수 있다고 안내한다. 지원 대학의 유형에 따라 글의 논리를 읽는 연습과 자료를 해석하는 연습을 배분해야 한다. 표와...,2026-09-22 09:32,https://www.cfnews.kr/news/article.html?no=112250,https://www.cfnews.kr/news/article.html?no=112250
연세대학교,헤럴드경제,"[의료계 동정]연세의대 구성욱 교수, 대한척추신경외과학회 회장 취임","구성욱 신임 회장은 연세대학교 의과대학 신경외과학교실 교수로 척추 분야의 진료·연구·교육을 수행해 왔다. 연세의료원 대외협력처장과 강남세브란스병원장을 역임했으며, 현재 대한의용생체공학회 회장...",2026-09-22 09:31,https://biz.heraldcorp.com/article/10881557?ref=naver,https://n.news.naver.com/mnews/article/016/0002700662?sid=101
서울대학교,TECHM,"두나무, 글로벌 기관금융 무대로 보폭 넓힌다…29일 첫 'UIS' 개최","22일 디지털자산업계에 따르면 업비트를 운영하는 두나무는 오는 29일 서울 광진구 그랜드 워커힐 서울에서... 이종섭 서울대학교 경영대학 교수를 좌장으로 최원석 두나무 해외사업총괄(CGBO), 엄태성 하나금융지주...",2026-09-22 09:30,https://www.techm.kr/news/articleView.html?idxno=155461,https://www.techm.kr/news/articleView.html?idxno=155461
서울대학교,디지털투데이,"두나무, 'UIS 2026' 개최...글로벌 디지털자산 관계자 한자리에","두나무는 오는 29일 서울 광진구 그랜드 워커힐 서울에서 '업비트 인스티튜셔널 서밋(Upbit Institutional Summit... 이종섭 서울대학교 경영대학 교수가 좌장을 맡고 최원석 두나무 해외사업총괄(CGBO), 엄태성 하나금융지주...",2026-09-22 09:26,https://www.digitaltoday.co.kr/news/articleView.html?idxno=702243,https://www.digitaltoday.co.kr/news/articleView.html?idxno=702243
연세대학교,베리타스알파,숭실대 창업동아리 '두루' 수도권 대학 창업동아리 연합 워크숍서 우수...,"건국대/광운대/동국대/서강대/숙명여대/숭실대/아주대/연세대/이화여대 등 14개 대학 27개 창업동아리가 참여했으며, 창업 특강과 토크콘서트, 전문가 멘토링, 창업동아리 간 네트워킹, 우수 창업동아리 선발을 위한 IR...",2026-09-22 09:26,https://www.veritas-a.com/news/articleView.html?idxno=629119,https://www.veritas-a.com/news/articleView.html?idxno=629119
서울대학교,KOREAJOONGANGDAILY,What was the president really lacking? (KOR),대통령에게 진짜 부족한 건 무엇이었나 강원택 서울대학교 정치외교학부 명예교수... 서울 강남 집값은 내려가고 다른 지역의 가격은 오르는 최근의 흐름을 대통령은...,2026-09-22 09:25,https://www.koreajoongangdaily.com/bilingual-news/what-was-the-president-really-lacking-kor/12886902,https://n.news.naver.com/mnews/article/640/0000094566?sid=110
서울대학교,뉴스핌,"경기도서관, 청년 관계 형성 돕는 '명랑한 은둔자' 참가자 모집",'명랑한 은둔자'는 오는 9월 29일 김은영 서울대 의과대학 정신과 전문의와 고립·은둔 청년이 참여하는 온라인 강연으로 포문을 연다. 이어 10월에는 매주 화요일 감정과 경험을 글로 풀어내는 온라인 글쓰기 교육이...,2026-09-22 09:25,https://www.newspim.com/news/view/20260922000259,https://www.newspim.com/news/view/20260922000259
고려대학교,팝콘뉴스,"고려대-오하이오주립대 연구팀, '리튬-텔루륨 전지' 성능 저하 원인 찾...",고려대학교(총장 김동원)는 화공생명공학과/배터리-스마트팩토리학과 유승호 교수 연구팀이 미국 오하이오주립대학교 화학생물공학과 권상일 교수 연구팀과 공동으로 '리튬-텔루륨 전지'의 성능 저하 원인을 밝히고...,2026-09-22 09:24,http://www.popcornnews.net/news/articleView.html?idxno=133793,http://www.popcornnews.net/news/articleView.html?idxno=133793
서울대학교,문화일보,19금 사극 ‘아찔’ vs 오피스물 ‘무해력’ … 안방서 1열 직관[2026 추...,서울대 소비트렌드분석센터가 제시한 ‘무해력’(자극 없는 편안함)을 추구하는 시청자부터 강한 자극을... 독일 뉘른베르크 음악대학교 교수로 재직 중인 소프라노 이리데 마르티네스 등 36개국서 지원자가 몰렸다....,2026-09-22 09:24,https://www.munhwa.com/article/11618804?ref=naver,https://m.entertain.naver.com/article/021/0002820534
서울대학교,FASHIONBIZ,"한국패션협회, 김난도 교수 초청 ‘알파십’ KFA 패션 포럼 연다",한국패션협회(회장 성래은)가 오는 10월 21일 서울 중구 소재의 영원무역 명동빌딩에서 회원사를 대상으로 ‘KFA 패션 포럼’을 개최한다. 이번 포럼에는 대한민국 대표 소비 트렌드 전문가인 김난도 서울대학교...,2026-09-22 09:24,https://www.fashionbiz.co.kr/article/229706,https://www.fashionbiz.co.kr/article/229706
서울대학교,이데일리,"경기도 공공기관 융기원, 독도 해역서 신종 생물 발견",경기도와 서울대학교의 공동출연법인인 차세대융합기술연구원(융기원) 연구팀이 독도 해역에서 새로운 저서부착성 와편모조류를 발견했다. 국내 및 독도 해역에서 Gambierdiscus 속 생물이 정식으로 분류·기록된 첫...,2026-09-22 09:24,https://www.edaily.co.kr/News/Read?newsId=02883126645582744&mediaCodeNo=257&utm_source=naver&utm_medium=referral&utm_campaign=news_syndication&utm_content=original_article,https://n.news.naver.com/mnews/article/018/0006374126?sid=100
연세대학교,점프볼,"우승 멀어진 고려대, 연세대와 8강 격돌 가능성 생겼다",이 경우 이미 5위를 확정한 연세대와 플레이오프 첫 판부터 맞붙는다. 고려대는 21일 고려대학교 화정체육관에서 열린 2026 KUSF 대학농구 U-리그 홈 경기에서 동국대에게 61-68로 일격을 당했다. 9연승을 질주하던...,2026-09-22 09:23,https://m.sports.naver.com/basketball/article/065/0000301840,https://m.sports.naver.com/basketball/article/065/0000301840
고려대학교,점프볼,"우승 멀어진 고려대, 연세대와 8강 격돌 가능성 생겼다",참고로 고려대는 성균관대에게도 지면 동국대와 경기에 이어 2연패를 당한다. 고려대가 홈앤드어웨이 방식의 대학농구리그에서 연패를 당한 건 2011년 3연패 이후 아직까지 없다. #사진_ 점프볼 DB,2026-09-22 09:23,https://m.sports.naver.com/basketball/article/065/0000301840,https://m.sports.naver.com/basketball/article/065/0000301840
고려대학교,주간한국,"고대구로병원, 내달 19일 '당뇨발의 날' 건강강좌·무료검진",대한당뇨발학회가 주최하는 이번 행사는 내달 19일 고려대학교 구로병원을 시작으로 22일까지 전국 주요 대학병원과 종합병원 7곳에서 순차적으로 진행된다. 행사 첫날은 고려대학교 구로병원에서 ▲개회식 및 축사...,2026-09-22 09:22,https://weekly.hankooki.com/news/articleView.html?idxno=7185480,https://weekly.hankooki.com/news/articleView.html?idxno=7185480
서울대학교,NEWSQUEST,"두나무, 9월 '업비트 인스티튜셔널 서밋' 개최…美 백악관·CFTC 출신 리...",두나무는 오는 29일 서울 광진구 그랜드 워커힐 서울에서 '업비트 인스티튜셔널 서밋(UIS)'을 개최한다고 22일... 국내 금융산업의 온체인 전환을 다루는 토론은 이종섭 서울대 경영대학 교수가 좌장을 맡는다. 최원석...,2026-09-22 09:22,https://www.newsquest.co.kr/news/articleView.html?idxno=301413,https://www.newsquest.co.kr/news/articleView.html?idxno=301413
서울대학교,헤럴드경제,"日서 돌아온 김홍도 그림·박수근 신문 삽화, 경매 나온다",국립현대미술관 서울관에서 개인전이 진행 중인 서도호의 1962년작 ‘플로어 모듈(Floor Module)’도 경매에 오른다. 서도호는 서울대에서 동양화를 전공한 뒤 미국 로드아일랜드 디자인스쿨에서 회화를...,2026-09-22 09:21,https://biz.heraldcorp.com/article/10881517?ref=naver,https://n.news.naver.com/mnews/article/016/0002700651?sid=103
서울대학교,ILOVEPC,[디지털포스트 모닝픽] 명절 쇠고 나면 … 입사 지원·이력서 등록 200% ...,"2023년부터 지난해까지 서울대 이사장을 맡았으며, 현재 오렌지플래닛 창업재단 이사장으로 청년 창업을 지원하고 있습니다. ■ 체내에서 전력을 공급한 뒤 분해되는 종이 기반 배터리가 돼지 위장에서 최대 사흘간...",2026-09-22 09:20,https://www.ilovepc.co.kr/news/articleView.html?idxno=60763,https://www.ilovepc.co.kr/news/articleView.html?idxno=60763
서울대학교,NONGUP,도심형팜의 가치와 정책과제 논의하는 포럼 개최,"이수연 서울시립대학교 교수가 '정원도시에서 도심형팜으로, 자연-기술-사람을 연결하는 새로운 도시 플랫폼'을 주제로 기조연설을 진행했다. 옥상온실과 정책 과제 중점 논의 '공공 정책·R&D' 세션에서 김세훈 서울대학교...",2026-09-22 09:18,http://www.nongup.net/news/articleView.html?idxno=33749,http://www.nongup.net/news/articleView.html?idxno=33749
연세대학교,문화일보,3×3농구·카바디 “우리도 있어요”… ‘신스틸러’ 꿈꾸는 태극전사들...,"이주영·김승우(이상 연세대), 이동근(고려대), 구민교(성균관대) 등 대학생 4명으로 꾸려진 남자 3대3 농구대표팀은 추석 당일 메달 획득에 도전한다. 네 선수는 지난 4월 국제농구연맹(FIBA) 3대3 아시아컵에서...",2026-09-22 09:18,https://www.munhwa.com/article/11618795?ref=naver,https://n.news.naver.com/mnews/article/021/0002820525?sid=104
서울대학교,글로벌경제신문,"현대차 정몽구 재단 'ONSO FESTIVAL', 명동 일대로 무대 확대","김영민 서울대학교 교수와 이낙준 작가, 작가 겸 뮤지션 요조가 참여해 각자의 경험과 삶에 대한 이야기를 관객들과 나눈다. 공연 'ONSO Live'는 다음 달 8일 오후 8시 명동대성당 옆마당에서 열린다. 더클래식과...",2026-09-22 09:18,https://www.getnews.co.kr/news/articleView.html?idxno=881489,https://www.getnews.co.kr/news/articleView.html?idxno=881489
고려대학교,문화일보,3×3농구·카바디 “우리도 있어요”… ‘신스틸러’ 꿈꾸는 태극전사들...,"이주영·김승우(이상 연세대), 이동근(고려대), 구민교(성균관대) 등 대학생 4명으로 꾸려진 남자 3대3 농구대표팀은 추석 당일 메달 획득에 도전한다. 네 선수는 지난 4월 국제농구연맹(FIBA) 3대3 아시아컵에서...",2026-09-22 09:18,https://www.munhwa.com/article/11618795?ref=naver,https://n.news.naver.com/mnews/article/021/0002820525?sid=104
서울대학교,SPORTS,"규제부터 온체인 금융까지…두나무, 'UIS 2026' 개최",두나무는 오는 29일 서울 광진구 그랜드 워커힐 서울에서 '업비트 인스티튜셔널 서밋(UIS) 2026'을 개최한다고... 국내 금융산업을 다루는 토론은 이종섭 서울대 경영대학 교수가 좌장을 맡는다. 최원석 두나무...,2026-09-22 09:16,https://sports.hankooki.com/news/articleView.html?idxno=6940135,https://sports.hankooki.com/news/articleView.html?idxno=6940135
고려대학교,베리타스알파,"고려대-오하이오주립대 공동연구팀, 리튬-텔루륨 전지 성능저하 원인 규...","(왼쪽부터) 고려대 배터리-스마트팩토리학과 최효열 석박사통합과정, 화공생명공학과 김미현 박사, 텍사스A&M대학교 이치호 박사후연구원(이상 공동 제1저자)과 고려대 화공생명공학과 유승호 교수, 미국...",2026-09-22 09:16,https://www.veritas-a.com/news/articleView.html?idxno=629109,https://www.veritas-a.com/news/articleView.html?idxno=629109
서울대학교,머니투데이,"현대차 정몽구 재단, 명동서 세대 잇는 복합문화축제 개최","김영민 서울대 교수, 이낙준 작가, 작가이자 뮤지션인 요조가 참여해 자신만의 속도로 길을 걸어온 경험과 삶에 대한 통찰을 나눌 예정이다. 하이라이트 무대인 'ONSO Live'는 10월 8일 저녁 8시 명동대성당 옆마당에서...",2026-09-22 09:15,https://www.mt.co.kr/industry/2026/09/22/2026092209075167842,https://n.news.naver.com/mnews/article/008/0005417106?sid=101
서울대학교,이투데이,"현대차 정몽구 재단, ‘온소 페스티벌’ 내달 개막…명동 곳곳서 열린다","김영민 서울대 교수와 이낙준 작가, 작가이자 뮤지션인 요조가 참여해 각자의 길을 걸어온 경험과 삶에 대한 생각을 나눈다. ‘온소 라이브(ONSO Live)’는 내달 8일 오후 8시 명동대성당 옆마당에서 진행된다. 더클래식과...",2026-09-22 09:14,https://www.etoday.co.kr/news/view/2628350,https://www.etoday.co.kr/news/view/2628350
서울대학교,신아일보,"권오현 전 삼성전자 회장, KAIST 신임 이사장 선임","서울대 전기공학과를 졸업하고 KAIST에서 전기공학 석사, 미국 스탠퍼드대학교에서 전기공학 박사 학위를 받았다. 1985년 미국 삼성반도체연구소 연구원으로 삼성에 합류해 1992년 64Mb DRAM 개발을 이끌며 삼성전자...",2026-09-22 09:12,https://www.shinailbo.co.kr/news/articleView.html?idxno=5064911,https://www.shinailbo.co.kr/news/articleView.html?idxno=5064911
서울대학교,노컷뉴스,KAIST 신임 이사장에 권오현 전 삼성전자 대표이사 회장 선임,"권 이사장은 서울대 전기공학과를 졸업하고 KAIST에서 전기공학 석사, 미국 스탠퍼드대학교에서 전기공학 박사학위를 받았다. 1985년 미국 삼성반도체연구소 연구원으로 삼성에 합류해 1992년 세계 최초 64Mb DRAM 개발을...",2026-09-22 09:12,https://www.nocutnews.co.kr/news/6581722?utm_source=naver&utm_medium=article&utm_campaign=20260922091120,https://n.news.naver.com/mnews/article/079/0004191861?sid=102
연세대학교,TV조선,반바지 입었다고 '손글씨 반성문'…연세대 치대 '강의실 공개' 시끌,연세대학교 치과대학에서 복장 규정을 어긴 학생들에게 반성문을 쓰게 한 뒤 이를 강의실에 공개 게시한 사실이 알려져 논란이 일고 있다. 언론 보도에 따르면 연세대 치대 소속 한 학생이 작성한 손글씨 반성문에는...,2026-09-22 09:11,https://news.tvchosun.com/site/data/html_dir/2026/09/22/2026092290059.html,https://n.news.naver.com/mnews/article/448/0000640749?sid=102
서울대학교,IKLD,"환경보전원, '제4회 지구하다 페스티벌' 성료","한국환경보전원은 21일 서울 광화문광장에서 '제4회 지구하다 페스티벌'을 성황리에 개최했다. 이번 행사는... 김성환 기후부 장관의 축사 등을 시작으로 기후행동 사례 그림·AI 영상 공모전 시상식, 박정재 서울대학교...",2026-09-22 09:10,http://www.ikld.kr/news/articleView.html?idxno=341167,http://www.ikld.kr/news/articleView.html?idxno=341167
서울대학교,서울파이낸스,"KAIST, 신임 이사장에 권오현 前 삼성전자 회장 선임","KAIST 이사회는 21일 서울에서 열린 제298회 임시이사회에서 권오현 전 삼성전자 회장(오렌지플래닛... 권 이사장은 1975년 서울대 전기공학과를 졸업하고 1977년 KAIST에서 전기공학 석사, 1985년 미국 스탠퍼드대학교에서...",2026-09-22 09:10,https://www.seoulfn.com/news/articleView.html?idxno=638507,https://www.seoulfn.com/news/articleView.html?idxno=638507
고려대학교,STARDAILYNEWS,"영탁, '꺾어'로 지상파 3사 음악방송 출연…정규 3집 활동 시작","영탁은 오는 10월 3일부터 5일까지 서울 고려대학교 화정체육관에서 단독 콘서트 'TAK SHOW5'를 개최한다. 이후 10월 24~25일 전주, 11월 28~29일 대구, 12월 19~20일 인천, 2027년 1월 16~17일 부산에서 공연을 이어갈 예정이다.",2026-09-22 09:10,https://www.stardailynews.co.kr/news/articleView.html?idxno=550574,https://www.stardailynews.co.kr/news/articleView.html?idxno=550574
서울대학교,메가경제,"두나무, ‘업비트 인스티튜셔널 서밋(UIS)’ 29일 개최…글로벌 정책·기...",▲ 두나무가 오는 29일 서울 그랜드 워커힐에서 글로벌 정책·금융·산업 리더들이 참여하는 ‘업비트... 이종섭 서울대학교 경영대학 교수가 좌장을 맡은 ‘국내 금융산업의 온체인 전환’ 세션에는 최원석...,2026-09-22 09:06,https://www.megaeconomy.co.kr/news/newsview.php?ncode=1065571253182379,https://www.megaeconomy.co.kr/news/newsview.php?ncode=1065571253182379
고려대학교,MONEWS,[행사] 고대구로병원 제2회 당뇨발 날 행사 개최,대한당뇨발학회가 주최하는 이번 행사는 10월 19일 고려대학교 구로병원을 시작으로 10월 22일까지 전국 7개 주요 대학 및 종합병원에서 순차적으로 진행된다. 행사 첫날인 10월 19일 고려대학교 구로병원에서는 △개회식...,2026-09-22 09:04,https://www.monews.co.kr/news/articleView.html?idxno=414092,https://www.monews.co.kr/news/articleView.html?idxno=414092
연세대학교,중부매일,"충주의료원, 원격중환자실 가동…지역 중환자 진료 안전망 넓힌다",22일 충청북도 충주의료원(원장 윤창규)에 따르면 연세대학교 원주세브란스기독병원과 연계한 원격중환자실(e-ICU) 협력 네트워크를 구축하고 오는 10월부터 정식 운영에 들어간다. 이번 사업은 보건복지부 공모사업으로...,2026-09-22 09:02,https://www.jbnews.com/news/articleView.html?idxno=1512064,https://www.jbnews.com/news/articleView.html?idxno=1512064
연세대학교,서울경제TV,"10년 거주 민간임대 ‘이대역 마포 프론티어’, 임대인 2차 모집 개시","반경 약 1㎞ 내에 초·중·고교가 밀집해 도보 학세권을 형성하고 있으며, 이화여대, 서강대, 연세대, 홍익대 등 명문 대학교가 인접해 있다. 현대백화점 신촌점과 대형마트, 신촌 세브란스병원 등 수준 높은 의료·문화...",2026-09-22 09:02,https://www.sentv.co.kr/article/view/sentv202609180118,https://www.sentv.co.kr/article/view/sentv202609180118
고려대학교,톱스타뉴스,"영탁, 정규 3집 'GOGO'로 지상파 3사 휩쓸며 강렬 컴백 완성","영탁은 오는 10월 3일부터 5일까지 사흘 동안 서울 고려대학교 화정체육관에서 단독 콘서트 'TAK SHOW5'를 연다. 'TAK SHOW5'는 서울 공연 이후 10월 24일부터 25일까지 전주, 11월 28일부터 29일까지 대구, 12월 19일부터 20일까지...",2026-09-22 09:02,https://www.topstarnews.net/news/articleView.html?idxno=16206284,https://www.topstarnews.net/news/articleView.html?idxno=16206284
고려대학교,스포츠서울,"3년 만에 판 뒤흔든 싱어송라이터…영탁, 신곡 ‘꺾어’로 무대 장악","그는 오는 10월 3일부터 사흘 동안 서울 고려대학교 화정체육관에서 다섯 번째 단독 콘서트 ‘TAK SHOW5’의 막을 올린다. 이번 서울 일정을 시작으로 전주, 대구, 인천, 부산으로 이어지는 전국 순회공연을 통해 새 음반...",2026-09-22 09:02,https://www.sportsseoul.com/news/read/1636935?ref=naver,https://m.entertain.naver.com/article/468/0001268128
고려대학교,SISUNNEWS,"(주)더마인스트루먼트, '2026 IP나래 프로그램' 선정…AI·EMS 기술 고도...","이를 계기로 대학·병원·연구기관과 기술협력 논의를 확대하며 기술 고도화와 사업화 가능성을 구체화하고 있다. MEDITEK 행사 기간에는 가톨릭대학교, 가천대길병원, 차병원·차바이오 그룹, 고려대학교...",2026-09-22 09:00,http://www.sisunnews.co.kr/news/articleView.html?idxno=246426,http://www.sisunnews.co.kr/news/articleView.html?idxno=246426
고려대학교,SWTVNEWS,"영탁, ‘꺾어’로 지상파 3사 음악방송 접수…성공적 컴백","한편, 영탁은 오는 10월 3일부터 5일까지 사흘간 서울 고려대학교 화정체육관에서 단독 콘서트 ‘TAK SHOW5’를 개최하며 전국투어의 포문을 연다. ‘TAK SHOW5’는 서울 공연을 시작으로 10월 24~25일 전주, 11월 28~29일 대구...",2026-09-22 08:56,https://swtvnews.com/news/newsview.php?ncode=1065569888121974,https://swtvnews.com/news/newsview.php?ncode=1065569888121974
고려대학교,에너지경제,"고려대 구로병원, 10월 19일 ‘제2회 당뇨발의 날’ 행사","대한당뇨발학회가 주최하는 이번 행사는 고려대 구로병원을 시작으로 10월 22일까지 전국 7개 주요 대학 및 종합병원에서 순차적으로 진행된다. 의료진의 건강강좌, 전문의 1대1 맞춤형 질의응답이 이어진다....",2026-09-22 08:52,https://www.ekn.kr/web/view.php?key=20260922028517780,https://www.ekn.kr/web/view.php?key=20260922028517780
고려대학교,NC,"영탁, '꺾어'로 3년 만의 컴백...음악방송부터 콘서트까지","오는 10월 3일부터 5일까지 서울 고려대학교 화정체육관에서 'TAK SHOW5'를 열고 전국투어의 시작을 알린다. 이후 10월 24~25일 전주, 11월 28~29일 대구, 12월 19~20일 인천, 내년 1월 16~17일 부산에서 공연을 이어간다. 정규 3집...",2026-09-22 08:51,https://www.nc.press/news/articleView.html?idxno=626993,https://www.nc.press/news/articleView.html?idxno=626993
고려대학교,코리아쉬핑가제트,“보험가입도 안돼” 원자력선 상용화 갈길 멀다,9월9일 국회에서 열린 16회 해운·조선·물류 안전화포럼에서 김인현 고려대 명예교수는 제도적으로 원자력... 원자력 손해배상법의 국제 권위자인 박기갑 고려대 명예교수는 원자력 손해배상의 기본 원칙은 ▲원자력...,2026-09-22 08:50,https://www.ksg.co.kr/news/main_newsView.jsp?pNum=148071,https://www.ksg.co.kr/news/main_newsView.jsp?pNum=148071
연세대학교,컨슈머타임스,클루,"저자인 김혜주는 이화여자대학교에서 통계학을 전공하고 서울대학교에서 통계학 석사, 연세대학교에서 디지털경영 박사학위를 받았다. 롯데멤버스 대표이사를 지냈으며 과학기술정보통신부 장관상과 산업포장을...",2026-09-22 08:46,https://www.cstimes.com/news/articleView.html?idxno=721629,https://www.cstimes.com/news/articleView.html?idxno=721629
연세대학교,매일신문,"""반바지 입어 깊이 반성""…연세대 치대생 반성문 공개 논란",연세대학교 치과대학에서 복장 규정을 어긴 학생들에게 손글씨 반성문을 쓰게 하고 이를 강의실에 게시한 사실이 알려졌다. 21일 연세대 학보사 연세춘추 등에 따르면 연세대 치대 소속 한 학생이 작성한 반성문에는...,2026-09-22 08:46,https://www.imaeil.com/page/view/2026092208430597665,https://n.news.naver.com/mnews/article/088/0001029890?sid=102
고려대학교,이투데이,"영탁, ‘꺾어’ 음악방송 성공적 컴백→챌린지 열풍",‘꺾어’ 댄스 챌린지 역시 숏폼 플랫폼을 타고 대세 열풍을 일으키고 있다. 한편 영탁은 오는 10월 3일부터 5일까지 사흘간 서울 고려대학교 화정체육관에서 단독 콘서트 ‘TAK SHOW5’를 개최하고 전국투어에 나선다.,2026-09-22 08:46,https://enter.etoday.co.kr/news/view/302767,https://enter.etoday.co.kr/news/view/302767
고려대학교,쿠키뉴스,교육프로그램 확대·문화 활성화·인프라 개방…‘대학도시 성북’의 새...,쿠키뉴스=이소연 기자 | 서울 성북구가 관내 7개 대학과 함께 ‘대학도시 성북’ 조성하는 협력 체계를 구축했다. 성북구와 고려대·국민대·동덕여대·서경대·성신여대·한성대·한국예술종합학교(한예종)은 21일 오후 2시...,2026-09-22 08:46,https://www.kukinews.com/article/view/kuk202609220012,https://www.kukinews.com/article/view/kuk202609220012
고려대학교,BNTNEWS,"영탁, ‘꺾어’로 지상파 3사 접수","영탁은 오는 10월 3일부터 5일까지 서울 고려대학교 화정체육관에서 단독 콘서트 ‘TAK SHOW5’를 열고 전국투어에 돌입한다. 이후 10월 24~25일 전주, 11월 28~29일 대구, 12월 19~20일 인천, 내년 1월 16~17일 부산에서...",2026-09-22 08:38,https://www.bntnews.co.kr/article/view/bnt202609220101,https://www.bntnews.co.kr/article/view/bnt202609220101
고려대학교,SLIST,"영탁, '꺾어' 챌린지도 화제…더보이즈 에릭→엑소 세훈 등 참여","영탁은 오는 10월 3일부터 5일까지 서울 고려대학교 화정체육관에서 단독 콘서트 'TAK SHOW5'를 개최한다. 이후 10월 전주, 11월 대구, 12월 인천, 내년 1월 부산으로 전국투어를 이어갈 예정이다.",2026-09-22 08:34,https://www.slist.kr/news/articleView.html?idxno=767986,https://www.slist.kr/news/articleView.html?idxno=767986
고려대학교,이뉴스투데이,"[고려대 소식] 고려대-SK, '첨단분야 글로벌 장학생' 지원 외",9월 18일 고려대 대학원 중앙도서관에서 'SK Global Scholarship Program(이하 SK GSP) 3기 장학증서 수여식'이 열렸다. SK GSP는 우수한 외국인 학생들을 첨단분야 인재로 양성하기 위한 고려대와 SK(SK하이닉스·SK텔레콤...,2026-09-22 08:20,http://www.enewstoday.co.kr/news/articleView.html?idxno=2472771,http://www.enewstoday.co.kr/news/articleView.html?idxno=2472771
고려대학교,EINFOMAX,"김우찬 코스닥시장위원장, 산은 사외이사 사임…'이해충돌' 우려",고려대 경영대학 교수인 그는 거래소 코스닥시장위원회의 추천을 받아 코스닥시장위원장에 신규 선임됐다. 임기는 2028년 7월까지 2년이다. 코스닥시장위원회는 코스닥시장 증권의 상장승인과 상장폐지를 결의하는 게...,2026-09-22 08:20,https://news.einfomax.co.kr/news/articleView.html?idxno=4436002,https://news.einfomax.co.kr/news/articleView.html?idxno=4436002
고려대학교,문화일보,"‘대학도시 성북’, 구내 7개 대학과 업무협약 체결","이번 행사는 성북구와 지역 대학 간 협력체계를 공식화하고, 청년과 지역이 공존하는 대학도시 성북 조성을 위한 초석을 다지기 위해 마련됐다. 이날 협약식에는 이승로 성북구청장을 비롯해 김동원 고려대 총장, 정승렬...",2026-09-22 08:15,https://www.munhwa.com/article/11618766?ref=naver,https://n.news.naver.com/mnews/article/021/0002820496?sid=102
연세대학교,한국일보,"""반바지 입어 죄송"" 반성문까지… 연세대 치대 복장 규정 논란",연세대 치과대학 학생들이 단과대 자체 복장 규정을 지키지 않았다는 이유로 자필 반성문까지 쓴 것으로... 22일 연세대 학보 연세춘추 등에 따르면 지난달 27일 이 학교치과대 학생 3명은 등교 시 반바지와 슬리퍼를...,2026-09-22 08:09,https://www.hankookilbo.com/news/article/A2026092207330005260?did=NA,https://n.news.naver.com/mnews/article/469/0000955435?sid=102
연세대학교,조선일보,위험한 지시 100번 중 97번 시도… AI에 로봇을 맡겨도 될까,연세대·미국 스탠퍼드대·워싱턴대 공동 연구진은 지난해 ‘SAFEL’ 연구에서 942개 상황을 제시하고 AI 모델 13종이 어떤 행동 계획을 세우는지 평가했다. 연구진이 제시한 오류 사례에는 표백제가 묻은 걸레로 과일을...,2026-09-22 08:05,https://www.chosun.com/economy/tech_it/2026/09/22/JIYTMFNMY5DGBISMUX2V7L43PY/?utm_source=naver&utm_medium=referral&utm_campaign=naver-news,https://n.news.naver.com/mnews/article/023/0003999824?sid=105
연세대학교,CBCI,슬리퍼·반바지 금지에 자필 반성문 전시까지…'연대 치대' 과도한 복장...,"치대 측 교육 차원 조치 강조하며 복장 규정 개선 의사 밝혀 / 연세대 치과대학 학생 복장 규정 복장 지침에 반바지, 짧은 치마, 슬리퍼 착용 금지 포함/ 연세대학교 치과대학병원 [CBC뉴스] 연세대학교 치과대학에서 복장...",2026-09-22 08:00,https://www.cbci.co.kr/news/articleView.html?idxno=608796,https://www.cbci.co.kr/news/articleView.html?idxno=608796
연세대학교,시사저널,DB그룹 '왕좌' 흔드는 장녀의 역습…안갯속 빠진 2세 후계 구도,1973년생인 김 부회장은 서울예고와 연세대에서 음악을 전공한 뒤 결혼 후 주로 미국에 체류하며 오랫동안... 공석이 된 회장 자리는 김 창업회장의 대학 동문이자 오랜 최측근인 이수광 전 DB손해보험 사장이 채웠다....,2026-09-22 08:00,https://www.sisajournal.com/news/articleView.html?idxno=387491,https://n.news.naver.com/mnews/article/586/0000138703?sid=101
고려대학교,데일리안,"더마인스트루먼트, AI·생체신호 결합 웰니스 디바이스 시장 진출","이후 대학과 병원, 연구기관 등과 기술협력 논의를 이어가며 기술 개발과 사업화 가능성을 검토하고 있다. 행사에서는 가톨릭대학교, 가천대길병원, 차병원·차바이오 그룹, 고려대학교·한국과학기술연구원...",2026-09-22 08:00,https://www.dailian.co.kr/news/view/1692939/?sc=Naver,https://n.news.naver.com/mnews/article/119/0003135291?sid=105
고려대학교,WOMANECONOMY,[K-지능열전] ⑦ 데이터는 움직이기 싫다···HBM부터 K-멜로디까지,"고려대와 KAIST, LG화학, 숭실대 등도 연합학습 기반 AI 신약개발 연구에 참여하고 있다. 목표 가운데 하나는 ADMET 예측 AI 모델이다. ADMET은 신약 후보물질이 인체에서 흡수되고 분포·대사·배설되는 과정과 독성을 뜻한다....",2026-09-22 08:00,https://www.womaneconomy.co.kr/news/articleView.html?idxno=258952,https://www.womaneconomy.co.kr/news/articleView.html?idxno=258952
연세대학교,핀포인트뉴스,"동아제약 ""추석 부모님 구강건강 챙기세요""…검가드 관리법 제안","회사 측은 연세대학교 치과대학병원과 진행한 임상시험에서 6주 사용 후 잇몸 염증지수와 출혈 빈도가 각각 50.9%, 56.9% 감소한 결과를 확인했다고 설명했다. 동아제약은 추석을 앞두고 '검가드 센서티브 치약'과 '검가드...",2026-09-22 07:56,https://www.pinpointnews.co.kr/news/articleView.html?idxno=489353,https://www.pinpointnews.co.kr/news/articleView.html?idxno=489353
고려대학교,중앙일보,병원에선 정상인데 자꾸 '쿵'…숨어 있는 부정맥 잡는 법,"고려대 안암병원 순환기내과 심재민 교수는 ""증상이 반복되면서 어지럼증이나 숨참, 가슴 답답함이... 증상이 드물다면 두근거림을 느꼈을 때 직접 작동시키는 사건기록 심전도를 고려한다. 스마트워치도 단서를 남기는 데...",2026-09-22 07:44,https://jhealthmedia.joins.com/news/articleView.html?idxno=33559,https://jhealthmedia.joins.com/news/articleView.html?idxno=33559
고려대학교,NEWSMP,"""문신 합법화는 규제 방식 전환, 위험의 직접 관리 체계 구축해야""","고려대학교 법학연구원 윤서영 박사는 최근 열린 대한의료법학회 월례학술발표회에서 '통상적 문신행위의... 또한 ""종사자의 대다수가 1인 샵을 운영하는 현실을 고려해 교차오염 방지 등 핵심 기준은 유지하되 물리적...",2026-09-22 07:44,http://www.newsmp.com/news/articleView.html?idxno=258269,http://www.newsmp.com/news/articleView.html?idxno=258269
연세대학교,NEWSVERSE,"[기후위기-문명을 재설계하라 ②] 무너진 물의 질서...홍수와 가뭄, 하나...","서울대 농학과를 거쳐 연세대 대학원 경제학과에서 경제학을 전공한 뒤 9년간 한국신용정보에서 기업 평가·금융VAN업무를 수행했고, 서울대 농생대 창업보육센터에서 3년간 보육매니저로 창업보육 업무를 했다. 현재...",2026-09-22 07:34,https://www.newsverse.kr/news/articleView.html?idxno=11465,https://www.newsverse.kr/news/articleView.html?idxno=11465
고려대학교,서울경제,"“中 D램 맹추격에… 韓, 대만과 첨단 반도체 협력 필요성 커져”",이은호 고려대 경제기술안보연구원 경제안보센터장은 19일 서울 성북구 연구실에서 진행한 서울경제신문과의 인터뷰에서 “미국과 중국의 추격에 맞서 차세대 반도체 제조기술을 중심으로 한국과 대만이 협력에...,2026-09-22 07:30,https://www.sedaily.com/article/20093494?ref=naver,https://n.news.naver.com/mnews/article/011/0004664323?sid=102
연세대학교,디지털투데이,"통신 3사, '피지컬 AI' 선점 경쟁...로봇·제조 대공세",LG유플러스는 연세대와 5G망과 AI-RAN 시험망을 연동해 로봇이나 드론이 서로 다른 네트워크 사이를 이동해도 연결을 유지하는 기술을 검증했다. 피지컬 AI가 공장이나 물류센터를 넘어 다양한 공간에서 작동하려면 끊김...,2026-09-22 07:30,https://www.digitaltoday.co.kr/news/articleView.html?idxno=702102,https://www.digitaltoday.co.kr/news/articleView.html?idxno=702102
연세대학교,SBS,"""학생 본분 망각""…연대 치대에 뜻밖의 '반성문', 무슨 일","고등학교도 아니고요, 대학교에서 반바지, 슬리퍼는 안 된다는 복장 규정이 있다고 합니다. 그로 인해서... 규정 개선에 대해 학생들과 열린 자세로 대화해 볼 수 있다'고 밝혔습니다. (화면출처 : 연세대 치과대학 홈페이지)",2026-09-22 07:26,https://news.sbs.co.kr/news/endPage.do?news_id=N1008764742&plink=ORI&cooper=NAVER,https://n.news.naver.com/mnews/article/055/0001390214?sid=102
고려대학교,ABCN,AI 문명에 속지 말라,"[조광권 필자는 고려대 법학과 학사, 연세대 도시행정학 석사, 한국학중앙연구원 정치학 박사이다. 1973년 행정고등고시 합격 이후 서대문구청장, 서울시 보사환경국장, 교통국장, 공보관 등을 역임했다. 청계천 복원 사업...",2026-09-22 07:26,https://www.abcn.kr/news/articleView.html?idxno=92202,https://www.abcn.kr/news/articleView.html?idxno=92202
연세대학교,ABCN,AI 문명에 속지 말라,"[조광권 필자는 고려대 법학과 학사, 연세대 도시행정학 석사, 한국학중앙연구원 정치학 박사이다. 1973년 행정고등고시 합격 이후 서대문구청장, 서울시 보사환경국장, 교통국장, 공보관 등을 역임했다. 청계천 복원 사업...",2026-09-22 07:26,https://www.abcn.kr/news/articleView.html?idxno=92202,https://www.abcn.kr/news/articleView.html?idxno=92202
연세대학교,OSEN,"""10번째 순번이었는데 좋은 지명이었다"" 150km 파이어볼러 투수-포수 랭...","투수 2명을 먼저 지명한 LG는 3라운드에서 연세대 포수 김동주를 지명했다. 드래프트에 참가한 포수들... ▲3라운드= 김동주 (연세대, 포수, 우투우타) 2004년 10월 28일생 키 181cm 체중 93kg [2026시즌 성적] 22경기...",2026-09-22 07:14,http://www.osen.co.kr/article/G1112879841,https://m.sports.naver.com/kbaseball/article/109/0005610704
고려대학교,비즈워치,"[거버넌스워치] 미원 장손 김태준, 매출 1조 ‘홀딩스→에스씨’ 적통 ...","김 전무는 고려대 경영학과 출신이다. LG화학 고무·특수수지 사업부를 거쳐 2015년 미원에스씨 충주공장 생산팀장으로 입사, 경영수업에 들어갔다. 이어 구매 담당 임원, GLOBAL TS/D를 거쳐 2024년부터 영업 및...",2026-09-22 07:10,https://news.bizwatch.co.kr/article/governance/2026/09/18/0030,https://n.news.naver.com/mnews/article/648/0000050980?sid=101
연세대학교,파이낸셜뉴스,"'연대 치대생답게 입기' 뭐길래…""본분 망각한 채 등교했다"" 자필 반성...","연세대학교 치과대학 학생들이 복장 규정을 지키지 않았다는 이유로 자필 반성문을 작성해 강의실에 게시한 사실이 알려져 논란이 되고 있다. 21일 연합뉴스, 뉴스1 등에 따르면 최근 연세대 치대 강의실에는 치과대 학생이...",2026-09-22 06:51,https://www.fnnews.com/news/202609220637451719,https://n.news.naver.com/mnews/article/014/0005579333?sid=102
연세대학교,BNTNEWS,"연대 치대, 반바지 입었다고 반성문…강의실에 붙였다","연세대학교 치과대학 학생들이 복장 규정을 어겼다는 이유로 손글씨 반성문을 작성하고, 해당 반성문이 강의실에 게시된 사실이 알려지면서 논란이 일고 있다. 예비 의료인으로서 복장 지침이 필요하다는 취지와 별개로...",2026-09-22 06:46,https://www.bntnews.co.kr/article/view/bnt202609220012,https://www.bntnews.co.kr/article/view/bnt202609220012
연세대학교,LABORTODAY,김은철 건설근로자공제회 전무이사 취임,"김은철 전무이사는 연세대 정치외교학과를 졸업한 뒤 노동부 기획재정담당관과 국제협력관, 중앙노동위원회 상임위원 등을 역임했다. 김 전무이사는 취임사에서 ""열악한 건설 환경에서 일하는 건설노동자의 땀방울과...",2026-09-22 06:34,https://www.labortoday.co.kr/news/articleView.html?idxno=236909,https://www.labortoday.co.kr/news/articleView.html?idxno=236909
연세대학교,연합뉴스,[팩트체크] 채용 때 나이·학력 제한 무조건 금지? 사기업은 괜찮다?,"이 기업은 연령의 경우 '1980년생 이하'로 규정하고 근무지별로 출신 대학교도 제한한 가이드라인을 만들어... 해당 기업은 서울과 판교 근무자의 경우 서울대와 연세대, 고려대 등 국내 11개 대학 졸업생을 선발하도록 하는...",2026-09-22 06:30,https://www.yna.co.kr/view/AKR20260918082500518?input=1195m,https://n.news.naver.com/mnews/article/001/0016328165?sid=102
고려대학교,THE-BIZ,[THE CEO] 장민영 IBK기업은행장,"1964년생인 장 행장은 서울 대원고와 고려대 독어독문학과를 졸업하고 미국 펜실베이니아주립대 경영대학원에서 MBA 과정을 마쳤다. 1989년 입행 후 경영관리부 IR팀장, 여의도한국증권지점장, 자금운용부장...",2026-09-22 06:30,http://www.the-biz.co.kr/news/articleView.html?idxno=727207,http://www.the-biz.co.kr/news/articleView.html?idxno=727207
고려대학교,연합뉴스,[팩트체크] 채용 때 나이·학력 제한 무조건 금지? 사기업은 괜찮다?,"이 기업은 연령의 경우 '1980년생 이하'로 규정하고 근무지별로 출신 대학교도 제한한 가이드라인을 만들어... 해당 기업은 서울과 판교 근무자의 경우 서울대와 연세대, 고려대 등 국내 11개 대학 졸업생을 선발하도록 하는...",2026-09-22 06:30,https://www.yna.co.kr/view/AKR20260918082500518?input=1195m,https://n.news.naver.com/mnews/article/001/0016328165?sid=102
연세대학교,디지털투데이,"방미심위, 5개 분야 특별위원 45명 위촉","광고자문특별위원회에는 박성임 법무법인 지평 변호사, 손현미 부산대 간호대학 교수, 오세성 한림대... 상윤모 연세대 언론홍보영상학부 부교수, 홍주현 국민대 미디어광고학부 교수 등이 참여한다....",2026-09-22 06:18,https://www.digitaltoday.co.kr/news/articleView.html?idxno=702182,https://www.digitaltoday.co.kr/news/articleView.html?idxno=702182
고려대학교,APSK,수술실 벗어난 의료로봇…AI 입고 재활·돌봄까지 영역 확장,"국립재활원에 따르면 보행·상지·손 재활과 식사·이승 등을 지원하는 의료재활로봇은 현재 22종 152대가 대학병원 등 40개 기관에 보급돼 운영되고 있다. 서울대병원과 분당서울대병원, 고려대 안암병원, 국민건강보험...",2026-09-22 06:02,https://www.apsk.co.kr/news/articleView.html?idxno=540514,https://www.apsk.co.kr/news/articleView.html?idxno=540514
고려대학교,머니투데이,[농담] 7선 농민대표 vs 30년 농정관료…낙농 해법 놓고 마주 선 두 거인,"고려대 경영학과를 졸업하고 행정고시 30회로 1987년 공직에 입문했다. 농식품부 축산정책과장과 농업구조정책과장, 주미농무관, 식량정책관, 식품산업정책관, 식품산업정책실장, 기획조정실장 등을 거쳐 2018년...",2026-09-22 06:00,https://www.mt.co.kr/economy/2026/09/22/2026091821491321427,https://n.news.naver.com/mnews/article/008/0005417036?sid=101
연세대학교,SBS,"""반바지 등교 뉘우쳐""…연대 치대생 복장규정 위반 반성문 공개 논란","▲ 연세대학교 깃발 연세대 치과대학 학생들이 복장 규정을 지키지 않았다는 이유로 쓴 손글씨 반성문이 강의실에 게시되는 일이 발생했습니다. 어제(21일) 언론 취재에 따르면, 연세대 치대 소속 한 학생이 쓴 반성문에는...",2026-09-22 05:59,https://news.sbs.co.kr/news/endPage.do?news_id=N1008764826&plink=ORI&cooper=NAVER,https://n.news.naver.com/mnews/article/055/0001390190?sid=102
연세대학교,약사공론,"나는 '신바로'야, 국산 4호 천연물신약 15년의 새 출발","구척·방풍 등 6가지 생약 성분으로 구성된 천연물의약품으로 개발됐고, 2008년부터 약 2년간 고려대 구로병원, 서울아산병원, 연세대 세브란스병원 등 8개 병원에서 골관절염 환자 200여명을 대상으로 임상시험도...",2026-09-22 05:56,https://www.kpanews.co.kr/news/articleView.html?idxno=544586,https://www.kpanews.co.kr/news/articleView.html?idxno=544586
고려대학교,약사공론,"나는 '신바로'야, 국산 4호 천연물신약 15년의 새 출발","구척·방풍 등 6가지 생약 성분으로 구성된 천연물의약품으로 개발됐고, 2008년부터 약 2년간 고려대 구로병원, 서울아산병원, 연세대 세브란스병원 등 8개 병원에서 골관절염 환자 200여명을 대상으로 임상시험도...",2026-09-22 05:56,https://www.kpanews.co.kr/news/articleView.html?idxno=544586,https://www.kpanews.co.kr/news/articleView.html?idxno=544586
연세대학교,스포츠조선,"10순위인데 ""원하는 선수들이 왔다."" 만족 자평. LG만 봤던 11명의 숨은...","▶3라운드=김동주 (연세대, 포수, 우투우타) 2004년 10월 28일생 키 1m81 체중 93kg 2026시즌 성적=22경기 타율 0.405 30안타 25타점 4홈런 장타율 0.649 구단평가=정확성과 파워를 갖춘 공격형 포수로, 힘 있는 스윙을...",2026-09-22 05:29,https://www.sportschosun.com/baseball/2026-09-22/202609220100149190009724,https://m.sports.naver.com/kbaseball/article/076/0004448559
고려대학교,중앙일보,스트레스 탈출구 된 AI…“천국서 살자” 죽음까지 내몰았다 I [AI발 인류...,최병호 고려대 AI 연구소 교수는 “개인화 서비스를 제공하는 AI는 사용자가 ‘세상에서 나를 가장 잘 아는 존재는 AI밖에 없다’고 느끼게 할 수 있다”며 “사회적 관계가 단절된 사용자가 부정적인 감정을...,2026-09-22 05:06,https://www.joongang.co.kr/article/25463878,https://n.news.naver.com/mnews/article/025/0003553054?sid=102
연세대학교,조선일보,"[단독] 아이자립펀드 재정 부담, 1465억→2조6080억",양준모 연세대 교수는 “정책 목표가 분명하지 않은 채 보편적으로 지원하면 재정지출의 효율성이 떨어질 수 있다”며 “한번 시작하면 장기간 재정이 투입되는 만큼 정책 효과와 재정 지속가능성을 충분히 검증한...,2026-09-22 05:01,https://www.chosun.com/economy/economy_general/2026/09/22/WETD4V6VJBDQLD7XQLKUFLBXDQ/?utm_source=naver&utm_medium=referral&utm_campaign=naver-news,https://n.news.naver.com/mnews/article/023/0003999815?sid=101
연세대학교,신아일보,"[IT리더 열전-모빌리티②] 티맵모빌리티 이재환 ""데이터 확장, 포트폴리...",이 대표는 1974년생으로 연세대학교에서 컴퓨터과학과 학사와 카이스트(한국과확기술원)에서 경영공학 석사를 마친 엔지니어 출신 경영인이다. 2004년 SK경영경제연구소 정보통신연구실 수석연구원을 시작으로...,2026-09-22 05:00,https://www.shinailbo.co.kr/news/articleView.html?idxno=5063603,https://www.shinailbo.co.kr/news/articleView.html?idxno=5063603
고려대학교,동아일보,피 튀기는 나눔 경쟁… ‘헌혈 고연전’ 승자는,"다음 달 2, 3일 안암골 호랑이(고려대)와 신촌골 독수리(연세대)가 맞붙는 정기 고연전(연고전)이 열린다. 야구... 이지민 고려대 총학생회 중앙비상대책위원장과 황인서 연세대 총학생회 비상대책위원장은 “한 번의...",2026-09-22 04:35,https://www.donga.com/news/Culture/article/all/20260922/134714721/2,https://n.news.naver.com/mnews/article/020/0003749952?sid=103
연세대학교,동아일보,피 튀기는 나눔 경쟁… ‘헌혈 고연전’ 승자는,"다음 달 2, 3일 안암골 호랑이(고려대)와 신촌골 독수리(연세대)가 맞붙는 정기 고연전(연고전)이 열린다. 야구... 이지민 고려대 총학생회 중앙비상대책위원장과 황인서 연세대 총학생회 비상대책위원장은 “한 번의...",2026-09-22 04:35,https://www.donga.com/news/Culture/article/all/20260922/134714721/2,https://n.news.naver.com/mnews/article/020/0003749952?sid=103
연세대학교,뉴데일리,"겐트대 글로벌캠퍼스, ' 한·뉴질랜드 과학기술 협력 세미나 ' 개최…국...","뉴데일리 송원영 기자 = 겐트대학교 글로벌캠퍼스가 한국과 뉴질랜드 간 과학기술 협력을 국제공동연구로... 경희대, 연세대 연구진 및 뉴질랜드 정부·학계 관계자 60여 명이 참석해 활발한 논의를 펼쳤다. 뉴데일리...",2026-09-22 04:32,https://ic.newdaily.co.kr/site/data/html/2026/09/22/2026092200003.html,https://ic.newdaily.co.kr/site/data/html/2026/09/22/2026092200003.html
고려대학교,한국일보,"최현덕 ""별내·왕숙·평내호평·마석 등 GTX-B 유치 총력""","최 시장은 ""와부·덕소 지역은 서울 강남·잠실로의 출퇴근 비중이 높아 고질적인 교통 정체와 베드타운 문제를 겪는 곳""이라며 ""부지 중심에 고려대 덕소농장이 있는데 농장을 바로 옆으로 옮기면서 농생명바이오 메디컬...",2026-09-22 04:31,https://www.hankookilbo.com/news/article/A2026092117000000264?did=NA,https://n.news.naver.com/mnews/article/469/0000955418?sid=102
연세대학교,한국일보,강남엔 안 짓고 왜 우리 동네만? '깜깜이 착공'에 번진 데이터센터 공포,"최인천 연세대 건축공학과 겸임교수는 ""건축허가는 요건만 갖추면 지자체가 원칙적으로 내줘야 하는 기속행위""라며 ""착공신고 단계에서 민원을 이유로 보완을 요구할 수는 있지만, 짓기 전에 주민 의견을 듣는 절차...",2026-09-22 04:31,https://www.hankookilbo.com/news/article/A2026090713220005464?did=NA,https://n.news.naver.com/mnews/article/469/0000955425?sid=102
고려대학교,머니투데이,연매출 10만원서 8억으로… 청년 키운 '창업기숙사',"한국장학재단이 사업에 물꼬를 터준 덕분입니다."" 고려대 세종캠퍼스 창업동아리에서 시작해 도시... 창업한 대학생·대학원생에게 주거공간과 사무실을 무상제공하는 시설이다. 전기 및 수도세 등 공공요금도 매년...",2026-09-22 03:40,https://www.mt.co.kr/policy/2026/09/22/2026092120052484317,https://n.news.naver.com/mnews/article/008/0005416995?sid=102
연세대학교,조선일보,"‘36kg 감량’ 49세 여성, “당뇨병 전 단계 탈출 비결 ‘딱 한 가지’”...","허벅지 둘레 길이가 길수록 당뇨병 발병 위험이 낮다는 연세대 보건대학원 연구 결과도 있다. 허벅지 둘레가 1cm 줄어들 때마다 당뇨병 발병 가능성이 남성 9.3%, 여성 9.6%씩 증가했다. 미국 당뇨병 학회에서는 일주일에 2...",2026-09-22 03:01,https://health.chosun.com/site/data/html_dir/2026/09/21/2026092102430.html,https://n.news.naver.com/mnews/article/346/0000116355?sid=103
연세대학교,GGILBO,가을 원주 1만명이 걷는다… 15개국 참가 '국제걷기대회',"중앙공원둘레길과 마장공원, 무실과수원길, 연세대학교 미래캠퍼스 등을 통과한다. 코스는 5㎞, 10㎞, 20㎞, 30㎞로 구성된다. 양일 모두 30㎞ 코스는 오전 9시, 20㎞는 오전 10시, 5㎞와 10㎞는 오전 11시에 출발한다. 오는...",2026-09-22 02:30,https://www.ggilbo.com/news/articleView.html?idxno=1182510,https://www.ggilbo.com/news/articleView.html?idxno=1182510
고려대학교,더퍼스트미디어,"""쿵"" 내려앉는 심장 박동 반복된다면…부정맥 신호 살펴야","심재민 고려대학교 안암병원 순환기내과 교수는 ""부정맥은 종류가 매우 다양하고 각각의 위험성과 치료... 확인하는 것이 바람직하다. /더퍼스트미디어 임한희 기자 도움말=고려대학교 안암병원 순환기내과 심재민 교수",2026-09-22 02:02,http://www.thefirstmedia.net/news/articleView.html?idxno=209313,http://www.thefirstmedia.net/news/articleView.html?idxno=209313
고려대학교,뉴시스,"""심장이 빠르고 쿵하는 느낌""…부정맥 경고신호?","심재민 고려대학교 안암병원 순환기내과 교수는 ""부정맥은 종류가 매우 다양하고 각각의 위험성과 치료방법도 다르기 때문에 증상만으로 판단해서는 안된다""며 ""두근거림이나 어지럼증이 반복되거나 실신이 동반된다면...",2026-09-22 01:01,https://www.newsis.com/view/NISX20260921_0003798744,https://n.news.naver.com/mnews/article/003/0014206335?sid=102
연세대학교,조선일보,[단독] 반년째 지원자 ‘0’… 서울마저 보건소 의사 구인난,"이용균 연세대 보건대학원 겸임교수는 “보건소 의사의 역할은 취약 계층, 만성 질환자 등 진료에 그치지 않고 감염병·재난 대응 등 행정 영역까지 그 폭이 넓다”며 “의료 수요는 팽창하는데, 공급이 부족하다 보니...",2026-09-22 00:53,https://www.chosun.com/national/welfare-medical/2026/09/22/ZBTJ4G4SDZARDPN62VCUIBCMUE/?utm_source=naver&utm_medium=referral&utm_campaign=naver-news,https://n.news.naver.com/mnews/article/023/0003999805?sid=102
연세대학교,조선일보,공공의료는 ‘의사 가뭄’… 피부과는 ‘일반의’ 몰려,"21일 이상규 연세대 의대 교수 연구팀은 대한의학회 국제 학술지(Journal of Korean Medical Science)에 이 같은 내용이 포함된 연구 결과를 발표했다. 이에 따르면, 대학병원 등 수련 병원에서 근무하는 전공의가 2023년 12월...",2026-09-22 00:53,https://www.chosun.com/national/welfare-medical/2026/09/22/YWH5Z7N34NBJXIJINEWD56CSVQ/?utm_source=naver&utm_medium=referral&utm_campaign=naver-news,https://n.news.naver.com/mnews/article/023/0003999806?sid=102
고려대학교,더퍼스트미디어,"고려대 구로병원·강릉의료원, 지역의료 발전 위한 협력체계 구축",▲고려대학교 구로병원·강릉의료원 mou체결 기념 촬영 고려대학교 구로병원과 강릉의료원이 지역 환자의 진료 연계와 공동연구 등을 위한 협력체계를 구축한다. 고려대학교 구로병원은 지난 18일 병원에서 강릉의료원과...,2026-09-22 00:52,http://www.thefirstmedia.net/news/articleView.html?idxno=209300,http://www.thefirstmedia.net/news/articleView.html?idxno=209300
고려대학교,NEWS2DAY,[신(新)인물탐구(62)] 한국투자금융그룹 김남구 회장⑥ 기업 문화 - “W...,"2024년 고려대 채용설명회에서는 이를 더 직접적으로 표현하기도 했다. 한국투자증권은 전 직원이 연봉제이며 자신보다 더 높은 연봉을 받는 직원도 있고 명예퇴직도 없다면서, 프로야구 선수처럼 능력과 업적에 따라...",2026-09-22 00:32,https://www.news2day.co.kr/article/20260921500208,https://www.news2day.co.kr/article/20260921500208
고려대학교,스포츠월드,[최서진의 오겡끼데쓰까] 남자는 태어나서 3번 울어야 한다지만…‘농...,아버지 여경익 씨는 고려대 농구선수 출신이다. 형 여준형(삼성)도 프로 무대를 누비고 있다. 여 씨는 “금메달을 따는 모습을 보니 정말 좋았다. 울컥하더라”며 “아들이 첫 경기에서 부상을 입어서 걱정이 많았다....,2026-09-22 00:30,https://www.sportsworldi.com/newsView/20260921519789,https://m.sports.naver.com/basketball/article/396/0000755968
연세대학교,국제뉴스,2027 KBO 신인 드래프트 전 라운드 결과 발표,"김동주(연세대, 포수)가 뒤를 이었다. 4라운드 지명은 키움 김정현(휘문고, 투수), 두산 이석영(동의과학대... 조영우(연세대, 투수), NC 마진혁(대구고, 투수), 삼성 원상윤(강릉영동대, 내야수), SSG 신동현...",2026-09-22 00:30,https://www.gukjenews.com/news/articleView.html?idxno=3702755,https://www.gukjenews.com/news/articleView.html?idxno=3702755
연세대학교,스포츠조선,"190㎝대 거구 파이어볼러 득세→1R부터 야수 집중…10팀10色 드래프트, ...","2R 우완 임영주(부산과기대)는 대학 무대 우승 MVP 출신으로 슬라이더, 체인지업 완성도가 높아 즉시 1군... 특히 3R 포수 김동주(연세대)는 장타력과 강한 어깨를 모두 갖춰 LG 안방의 장기적인 후계자로 큰 기대를...",2026-09-22 00:22,https://www.sportschosun.com/baseball/2026-09-21/202609220100148080009655,https://m.sports.naver.com/kbaseball/article/076/0004448533
연세대학교,VENTURESQUARE,"재정경제부 전략경제자문단, 딥엑스 찾았다…국산 AI 반도체 활용 인센...","현장에는 박영선 전략경제자문단 위원장을 비롯해 김성수 연세대 공과대학 특임교수, 김정호 KAIST 전기및전자공학부 교수, 차정훈 전 카이스트홀딩스 대표, 백준호 퓨리오사AI 대표, 김용기 과학기술정책연구원(STEPI)...",2026-09-22 00:10,https://www.venturesquare.net/1115674/,https://www.venturesquare.net/1115674/
연세대학교,스포츠조선,하이리스크 하이리턴? 아니면 넘치는 자신감…수원의 시선은 어디로 향...,투수) 4R : 최민상(마산용마고 내야수) 5R : 김동영(공주고 내야수) 6R : 김지민(성남고 투수) 7R : 최민영(야탑고 포수) 8R : 조영우(연세대 투수) 9R : 김 단(휘문고 투수) 10R : 안우석(경남고 내야수) 11R: 이지효(장안고 내야수),2026-09-22 00:10,https://www.sportschosun.com/baseball/2026-09-21/202609210100146430009523,https://m.sports.naver.com/kbaseball/article/076/0004448531
연세대학교,강원도민일보,영월의료원 서영준 원장 재임용,"한국보건의료관리연구원 수석연구원, 계명대 의대 전임강사, 삼척의료원장, 연세대 보건행정학부 교수 등을 역임했다. 이설화 기자 #재임용 #서영준 #영월의료원 #강원도 #보건대학원",2026-09-22 00:08,https://www.kado.net/news/articleView.html?idxno=2074307,https://n.news.naver.com/mnews/article/654/0000201986?sid=102
연세대학교,KSILBO,울산시 대외협력 실무자의 현장기록,"저자는 연세대학교 정치학 박사과정에서 정치제도와 정책 과정을 전공하고, 육군 학사장교 중대장으로 전역하며 리더십과 책임의 무게를 익혔다. 이후 2022년 울산시 개방형 직위 공모를 통해 서울본부 대외협력과장으로...",2026-09-22 00:02,https://www.ksilbo.co.kr/news/articleView.html?idxno=1067932,https://www.ksilbo.co.kr/news/articleView.html?idxno=1067932
연세대학교,서울경제,"“수소는 국가적 선택” 공학한림원, 수소경제 대토론회","문일 연세대 교수는 “수소 사회로 전환은 지속가능한 미래를 위해 반드시 가야 할 방향”이라며 “기술과 시장 현실을 반영한 장기 계획을 세우고, 일관된 정책으로 산업계의 투자와 혁신을 뒷받침해야 한다”고...",2026-09-21 23:37,https://www.sedaily.com/article/20093704?ref=naver,https://n.news.naver.com/mnews/article/011/0004664250?sid=101
연세대학교,TBS,"[2026 동터뷰] 정근식 교육감 ""10월부터 서울 3세 유치원비 추가 지원""","현재 저희들이 작년에 서울대학교, 연세대학교, 서울시립대학교 등과 협약을 맺어서 선생님들 연수도 하고 또 학생들 교육도 하고 그렇게 지금 진행하고 있고요. 옛 서울시 교육청 청사를 AI 교육센터로 만들기 위해서 지금...",2026-09-21 23:32,http://tbs.seoul.kr/news/newsView.do?typ_800=7&idx_800=3538319&seq_800=20531213,http://tbs.seoul.kr/news/newsView.do?typ_800=7&idx_800=3538319&seq_800=20531213
연세대학교,VENTURESQUARE,"디웨이브, 양자컴퓨팅 어디까지 쓰이나…서울서 제조·반도체·부산항 ...","조완기 LG CNS 컨설팅 매니저는 제조용 3D CT 이미징 개선 사례를, 박경덕 연세대학교 교수는 생성형 AI 워크플로 개선 가능성을 설명한다. 팡 포쉰 국립양명교통대학교 연구자는 반도체 제조 과정의 레티클 최적화를...",2026-09-21 23:12,https://www.venturesquare.net/1115583/,https://www.venturesquare.net/1115583/
연세대학교,마이데일리,"프로 첫 사인볼은 부모님께, 역시 낭만을 아는 구단…9년째 구단 전통 ...","조영우(연세대 투수) 9R : 김 단(휘문고 투수) 10R : 안우석(경남고 내야수) 11R : 이지효(장안고 내야수) 나도현 단장은 ""이번 드래프트에서 구단이 사전에 검토했던 선수들을 예상대로 지명할 수 있어 전반적으로...",2026-09-21 23:11,https://www.mydaily.co.kr/page/view/2026092122293500202,https://m.sports.naver.com/kbaseball/article/117/0004107876
고려대학교,메디컬월드뉴스,"[9월 21일 병원계 이모저모④]경상국립대, 고려대구로, 성빈센트, 한양...","경상국립대학교병원 교수진의 전문적인 강의를 통해 심혈관질환에 대한 올바른 정보를 얻는 시간이 되길 바란다”고 말했다. ◆고려대구로병원-강릉의료원, 지역의료 발전 위한 업무협약 체결 고려대학교 구로병원...",2026-09-21 23:10,https://medicalworldnews.co.kr/news/view.php?idx=1510977374,https://medicalworldnews.co.kr/news/view.php?idx=1510977374
고려대학교,한겨레,"수십만 물질서 ‘탈모 효능’ 소재 콕…AI, 22개월 걸릴 일 하루만에",범용분야에선 가톨릭대 ‘케이-셀 범용 자율실험실 플랫폼’이 선정됐으며 특화 분야로는 △액체생검(대구경북과학기술원) △감염병(한국과학기술원) △유전자 전달체(고려대) △효소 공학(포스텍) △오가노이드 기반...,2026-09-21 22:48,https://www.hani.co.kr/arti/economy/marketing/1278960.html,https://n.news.naver.com/mnews/article/028/0002824160?sid=101
고려대학교,점프볼,"‘팀 최초 5연승 질주’ 동국대, 첫 3년 연속 5할 승률 가능하다",동국대는 21일 고려대학교 화정체육관에서 열린 2026 KUSF 대학농구 U-리그 원정 경기에서 고려대에게 68-61로 이겼다. 동국대는 지난 5월 27일 홈 경기에서 고려대에게 64-44로 승리를 거둔 바 있다. 동국대가...,2026-09-21 22:43,https://m.sports.naver.com/basketball/article/065/0000301831,https://m.sports.naver.com/basketball/article/065/0000301831
고려대학교,CNB저널,"[인터뷰] 종로구의회 김호준 의원, "" 2000년생 대학생이 구의원이 된 이...","앳된 얼굴의 김 의원은 2000년 생으로 고려대학교에서 정치외교학을 전공하는 대학생이다. 하지만 5분 발언을... 삼청동,가회동 같은 경우는 두 달 동안 주말마다 대학교 친구, 후배들과 청소를 했습니다. 평창동, 구기동...",2026-09-21 22:42,https://www.cnbizm.com/news/articleView.html?idxno=315860,https://www.cnbizm.com/news/articleView.html?idxno=315860
연세대학교,머니투데이,"""반바지 등교 죄송"" 연대 치대생 반성문까지…복장 규정 보니 ""너무해""","대학교에서 지나치게 엄격한 복장 규정을 운영한다는 지적과 함께 반성문을 공개적으로 게시한 행태도 부적절하다는 비판의 목소리가 나온다. 연세대 재학생이 모인 대학 커뮤니티 에브리타임에는 ""의·치대가 평소...",2026-09-21 22:20,https://www.mt.co.kr/society/2026/09/21/2026092121551361182,https://n.news.naver.com/mnews/article/008/0005416983?sid=102
고려대학교,점프볼,"""이류 선수가 아닌 일류 선수가 되어라"" 동국대 한재혁을 각성시킨 이호...",동국대는 21일 고려대 화정체육관에서 열린 2026 KUSF 대학농구 U-리그 고려대와의 맞대결에서 68-61로 승리했다. 이날 승리로 동국대는 5연승을 달리며 상승세를 이어갔다. 4학년 우성희(17점)와 유정원(16점)이 33점을 합작한...,2026-09-21 22:14,https://m.sports.naver.com/basketball/article/065/0000301830,https://m.sports.naver.com/basketball/article/065/0000301830
고려대학교,톱스타뉴스,"프로미스나인 이나경, 가을 니트 입고 카페에서 전한 근황","이어 프로미스나인은 9월 4일부터 6일까지 서울 성북구 고려대학교 화정체육관에서 '2026 fromis_9 ASIA TOUR TOMORROW GLOW. IN SEOUL' 공연으로 아시아 투어의 포문을 열었다. 이 자리에서 이나경은 이채영, 백지헌과 함께 정규...",2026-09-21 22:14,https://www.topstarnews.net/news/articleView.html?idxno=16204683,https://www.topstarnews.net/news/articleView.html?idxno=16204683
연세대학교,이데일리,“반바지는 치과대 학생 본분 망각”…연세대 치대 자필 반성문 논란,연세대 치과대학 학생들이 엄격한 복장 규정을 지키지 않아 자필 반성문을 써 강의실에 게시하는 일이 알려지며 논란이 일고 있다. 21일 연합뉴스에 따르면 최근 연세대 치과대 강의실에 소속 학생이 쓴 자필 반성문이...,2026-09-21 21:57,https://www.edaily.co.kr/News/Read?newsId=05251286645582416&mediaCodeNo=257&utm_source=naver&utm_medium=referral&utm_campaign=news_syndication&utm_content=original_article,https://n.news.naver.com/mnews/article/018/0006373957?sid=102
연세대학교,서울신문,"“치대생 본분 망각”…반바지 입었다고 ‘반성문’ 공개 게시, 이게 맞...",21일 연합뉴스 등에 따르면 최근 연세대 치과대학 강의실에는 복장 규정을 위반한 학생들이 작성한 것으로 보이는 자필 반성문이 게시됐다. 해당 반성문에는 “부주의로 복장 규정을 위반하게 된 점에 대해 깊이 반성한다”...,2026-09-21 21:34,https://www.seoul.co.kr/news/society/2026/09/21/20260921500382?wlog_tag3=naver,https://n.news.naver.com/mnews/article/081/0003682456?sid=102
연세대학교,컨슈머타임스,"한수원, 봄철 산불방지 유공기관 '국무총리 표창' 수상",한수원은 21일 행정안전부가 주관해 연세대학교 세브란스빌딩에서 진행된 '2026년 봄철 산불방지 유공 포상' 시상식에서 단체 부문 국무총리 기관표창을 수상했다. 이번 수훈의 배경에는 과거 재난 현장에서 축적된 현장...,2026-09-21 21:22,https://www.cstimes.com/news/articleView.html?idxno=721553,https://www.cstimes.com/news/articleView.html?idxno=721553
연세대학교,경향신문,‘수사 받을’ 상황 직면한 한동훈,한상훈 연세대 법학전문대학원 교수는 “한 의원이 법무부 장관을 할 때 보고받았거나 접근할 수 있었던 수사 기록을 지금 폭로했다면 공무상비밀누설죄로 처벌이 가능하다”고 말했다.,2026-09-21 21:20,https://www.khan.co.kr/article/202609212120005,https://n.news.naver.com/mnews/article/032/0003471888?sid=102
연세대학교,한국경제TV,반바지 등교했다가 '반성문'…연대 치대생 복장 규정 시끌,"연세대 치과대학 강의실에 복장 규정 위반을 뉘우치는 학생들의 손글씨 반성문이 게시된 사실이 알려졌다. 21일 연합뉴스 보도에 따르면 이 매체가 확인한 반성문 가운데 한 치대생의 글에는 ""부주의로 복장 규정을...",2026-09-21 21:08,http://www.wowtv.co.kr/NewsCenter/News/Read?articleId=A202609210242&t=NN,https://n.news.naver.com/mnews/article/215/0001266772?sid=004
고려대학교,UBC,"농구 형제 '금빛 활약상',다음 주자는?","송정초에서 농구를 시작한 형제는 화봉중과 무룡고, 고려대를 거쳐, 나란히 프로농구 신인 드래프트 전체 1순위에 오른 데 이어 아시안게임 시상대 가장 높은 곳에 함께 올랐습니다. 세계 최강 여자 양궁 리커브에서는...",2026-09-21 21:04,https://www.ubc.co.kr/news/28106/,https://www.ubc.co.kr/news/28106/
고려대학교,INTERVIEW365,"[Interview人 동정] '그리스엔 오디세우스, 한국엔 수로부인'…정진원 교...","헝가리 ELTE대학교, 서울대 규장각, 고려대 한국학연구소, 튀르키예 국립 에르지예스대학교 한국학과 교수를 역임했으며, 현재 동국대학교 세계불교학연구소 연구교수, K Classic 콘텐츠연구소 소장을 맡고 있다.",2026-09-21 20:52,http://www.interview365.com/news/articleView.html?idxno=112131,http://www.interview365.com/news/articleView.html?idxno=112131
고려대학교,메디컬월드뉴스,독감 국가예방접종 21일 시작…어린이 대상 14세까지 확대,◆처음 맞는 9세 미만은 2회…과거 접종력 확인해야 고려대 구로병원 소아청소년과 윤윤선 교수는 성인은... ◆독감·코로나19·폐렴구균 백신 같은 날 접종 가능 고려대 구로병원 감염내과 윤진구 교수에 따르면...,2026-09-21 20:50,https://medicalworldnews.co.kr/news/view.php?idx=1510977368,https://medicalworldnews.co.kr/news/view.php?idx=1510977368
연세대학교,SPOCHOO,"""윤예성이 10순위까지? 생각도 못 했는데"" 작년엔 양우진, 올해는 윤예성...","3라운드로 지명한 연세대 포수 김동주는 올 시즌 22경기 타율 0.405, 4홈런 25타점 장타율 0.649를 기록한 공격형 포수다. LG가 자체 평가에서 올 시즌 포수 랭킹 1위로 꼽은 선수이기도 하다. 백 팀장은 ""대학 선수라 고교...",2026-09-21 20:49,http://www.spochoo.com/news/articleView.html?idxno=130336,https://m.sports.naver.com/kbaseball/article/529/0000078642
고려대학교,약업신문,"셀리드, '최대주주-경영권' 변경","휴니버스글로벌은 소프트웨어 개발 및 공급, 의료데이터 교환 및 운영 업체로,  최대주주는 고려대학교의료기술지주(주)다.  양수도 대금은 9,999,999,855원, 인수 주식은 보통주 4,796,163주, 신주 발행가격은 2086원...",2026-09-21 20:26,https://www.yakup.com/news/index.html?mode=view&cat=12&nid=332862,https://www.yakup.com/news/index.html?mode=view&cat=12&nid=332862
연세대학교,뉴스1,"""치대생답게, 반바지·슬리퍼 금지"" 연세대 치대 자필 반성문 논란",이에 관해 일각에선 대학교에서 지나치게 엄격한 복장 규정을 운영한다는 지적과 더불어 반성문을 공개적으로 게시하는 행태가 지나쳤다는 주장이 나오고 있다. 연세대 재학생들이 모인 대학 커뮤니티 에브리타임에선...,2026-09-21 20:26,https://www.news1.kr/society/incident-accident/6298063,https://n.news.naver.com/mnews/article/421/0009184607?sid=102
연세대학교,경인일보,자체 재정혁신 수립… IFEZ 투자·개발계획 풀어야,"연세대 국제캠퍼스 내 8만5천900㎡ 부지에 지하 3층∼지상 13층, 800병상을 짓는 사업이다. 인천경제청과 연세대 등이 추산하는 건축비 부족분이 무려 3천억원에 달한다. 송도국제화복합단지개발(주) 개발이익금 중...",2026-09-21 20:24,https://www.kyeongin.com/article/1771309,https://www.kyeongin.com/article/1771309
연세대학교,부산일보,"대형산불 대응 유공…한수원, 산불방지 유공기관 ‘국무총리 표창’",한수원은 21일 연세대학교 세브란스빌딩에서 열린 행정안전부 주관 ‘2026년 봄철 산불방지 유공 포상’ 시상식에서 단체 부문 국무총리 기관표창을 수상했다고 밝혔다. 이번 수상은 2022년 울진 산불과 2025년 영남권...,2026-09-21 20:23,https://www.busan.com/view/busan/view.php?code=2026092120205047535,https://n.news.naver.com/mnews/article/082/0001399408?sid=101
고려대학교,POLINEWS,"[정국인터뷰] 박정하② ""개헌은 해야된다…대통령을 설득할수 있고, 설...","■ 박정하 국민의힘 의원은 1966년 강원 원주 출생으로 고려대 농업경제학과를 졸업하고 같은 대학원 행정학 석사과정을 수료했다. 박찬종 전 의원 보좌역을 시작으로 인천시장 비서관, 이명박 정부 대통령실 춘추관장...",2026-09-21 20:11,https://www.polinews.co.kr/news/articleView.html?idxno=743742,https://www.polinews.co.kr/news/articleView.html?idxno=743742
고려대학교,인사이트,"QWER, 오늘(21일) 신곡 '소년만화' 공개... 팬들이 직접 타이틀곡 골랐다","한편 QWER은 지난 12일부터 13일까지 서울 고려대학교 화정체육관에서 'QWER 2nd TOUR 'ROCKATION : ROCKET LAUNCH!!'를 성황리에 마쳤다. QWER은 10월 10일부터 11일까지 타이베이를 시작으로 10월 13일 후쿠오카, 10월 15일...",2026-09-21 20:04,https://www.insight.co.kr/news/574639,https://www.insight.co.kr/news/574639
고려대학교,DYNEWS,"국립대 등록금 0원정책, 사립대 학생들 박탈감 커졌다","학생 1인당 평균 300만원대의 장학금을 지급하는 대학은 고려대(세종)(6184명) 396만원, 청주대(1만1352명) 391만원, 한국기술교육대(3984명) 389만원, 극동대(2924명) 386만원, 단국대(2캠)(1만15명) 382만원, 교통대...",2026-09-21 20:02,https://www.dynews.co.kr/news/articleView.html?idxno=866951,https://www.dynews.co.kr/news/articleView.html?idxno=866951
연세대학교,엑스포츠뉴스,"""우리 전략대로 잘 이뤄졌다"" LG가 자평한 2027 드래프트→강속구 우완...",LG 트윈스가 2027 KBO 신인드래프트에서 강속구 우완 투수와 대학 최고 수준의 포수를 품는 등 포지션별로... 3라운드에서는 연세대 포수 김동주를 선택했다. LG가 이번 드래프트 포수 자원 가운데 가장 높게 평가한...,2026-09-21 20:00,https://www.xportsnews.com/article/2198316,https://m.sports.naver.com/kbaseball/article/311/0002059738
고려대학교,LABORTODAY,"""안전문화, 제도 넘어 행동으로""","윤석준 고려대 보건과학연구소 교수는 ""안전보건관리체계가 제대로 작동하려면 조직의 안전문화가 함께 성숙해야 한다""며 안전문화 성숙단계에 맞춰 리더십·소통·구성원 참여를 발전시키는 방안을 제시했다....",2026-09-21 19:54,https://www.labortoday.co.kr/news/articleView.html?idxno=236886,https://www.labortoday.co.kr/news/articleView.html?idxno=236886
연세대학교,메디파나뉴스,유해균 막고 유익균 지킨다…'점막 모사' 생체재료 개발,"연세대학교 치과대학 최성환·차재국·만갈 웃커시 교수와 화공생명공학과 홍진기 교수, 미국 매사추세츠공과대학교(MIT) 기계공학과 조반니 트라베르소 교수, 성균관대학교 식품생명공학과 최우진 교수 공동연구팀은...",2026-09-21 19:54,https://www.medipana.com/news/articleView.html?idxno=418049,https://www.medipana.com/news/articleView.html?idxno=418049
연세대학교,SPOCHOO,"""이승원만 기다렸다"" 그런데 최지만까지? 사실상 1R 지명 두 번! KT 위즈...","출신별로는 고교 선수 9명, 대학 선수 1명, 퓨처스리그 울산 웨일즈 소속으로 트라이아웃을 거친 최지만... KT는 6라운드 성남고 투수 김지민, 7라운드 야탑고 포수 최민영, 8라운드 연세대 투수 조영우, 9라운드 휘문고...",2026-09-21 19:51,http://www.spochoo.com/news/articleView.html?idxno=130334,https://m.sports.naver.com/kbaseball/article/529/0000078640
연세대학교,BIZTRIBUNE,"한수원, 국가핵심시설 산불 대응력 인정… 국무총리 표창",한수원은 21일 서울 연세대학교 세브란스빌딩에서 열린 행정안전부 주관 '2026년 봄철 산불방지 유공 포상' 시상식에서 단체 부문 국무총리 기관표창을 받았다. 이번 수상에는 2022년 울진 산불과 2025년 영남권 대형산불...,2026-09-21 19:50,http://www.biztribune.co.kr/news/articleView.html?idxno=359427,http://www.biztribune.co.kr/news/articleView.html?idxno=359427
연세대학교,SLIST,"연대 치대생 복장규정 위반 반성문 공개 논란...""집단 괴롭힘"" ""미개해""",연세대 치과대학 학생들이 복장 규정을 지키지 않았다는 이유로 쓴 손글씨 반성문이 강의실에 게시되는 일이 발생했다. 기사 내용과 관계 없음/사진=유토이미지 21일 연합뉴스에 따르면 연세대 치대 소속 한 학생이 쓴...,2026-09-21 19:48,https://www.slist.kr/news/articleView.html?idxno=767877,https://www.slist.kr/news/articleView.html?idxno=767877
연세대학교,한국경제,반바지 입고 왔다고 '반성문'…연세대 치대 복장 규정 '시끌',"연세대학교 치과대학 학생들이 복장 규정을 지키지 않았다는 이유로 작성한 손글씨 반성문이 강의실에 게시됐다. 21일 연합뉴스에 따르면 연세대 치대 소속의 한 학생이 쓴 반성문에는 ""부주의로 복장 규정을 위반하게 된...",2026-09-21 19:47,https://www.hankyung.com/article/2026092191877,https://n.news.naver.com/mnews/article/015/0005334863?sid=102
고려대학교,헤럴드경제,“요즘 날씨 ‘필수품’인데” 담배 60개비 태우는 꼴…모기 쫓으려다 ...,고려대 연구진은 지난 7월 국제학술지 ‘저널 오브 해저더스 머티리얼즈(Journal of Hazardous Materials)’에... EU는 당시 인체와 환경에 미치는 위험을 고려했을 때 안전한 사용 조건을 확인하기 어렵다고 봤다. 우리나라...,2026-09-21 19:41,https://biz.heraldcorp.com/article/10881029?ref=naver,https://n.news.naver.com/mnews/article/016/0002700497?sid=105
연세대학교,세계일보,반바지 입고 등교했다는 이유로…연세대 치대 ‘손글씨 반성문’ 공개 ...,"날씨 더워 반바지 입었다가…강의실에 붙은 자필 반성문, 학생들 “집단 괴롭힘이냐” 거센 반발 연세대학교 치과대학 학생들이 복장 규정을 위반했다는 이유로 작성한 손글씨 반성문이 강의실에 공개 게시되면서 논란이...",2026-09-21 19:40,https://www.segye.com/newsView/20260921519115?OutUrl=naver,https://n.news.naver.com/mnews/article/022/0004160831?sid=102
연세대학교,DIGITALCHOSUN,"‘2026 에듀테크 코리아 페어’ 룸821, 국어 전문 AI ‘꾸거’ 제시… “...","룸821은 연세대학교 학부생들이 기숙사에서 창업한 기술 기업으로, 비정형 텍스트 분석 기술을 교육 실무... 회사는 대학생 대상 시험 예상 문항 생성 서비스를 거치며 일선 교육자들의 실질적인 자료 제작 수요를...",2026-09-21 19:40,http://digitalchosun.dizzo.com/site/data/html_dir/2026/09/21/2026092180186.html,http://digitalchosun.dizzo.com/site/data/html_dir/2026/09/21/2026092180186.html
고려대학교,점프볼,"'고려대 상대 2승' 동국대 이호근 감독의 미소 ""지난 맞대결 승리로 선...","이호근 감독이 이끄는 동국대는 21일 고려대 화정체육관에서 열린 2026 KUSF 대학농구 U-리그 고려대와의 맞대결에서 68-61로 승리했다. 이날 승리로 동국대는 5연승을 질주, 후반기 상승세를 이어갔다. 경기 후 이호근...",2026-09-21 19:36,https://m.sports.naver.com/basketball/article/065/0000301825,https://m.sports.naver.com/basketball/article/065/0000301825
연세대학교,스포츠서울,"이제 프로 선수, 첫 사인볼은 부모님께…KT, 9년째 이어온 구단 ‘전통...","8~11라운드는 연세대 투수 조영우-휘문고 투수 김단-경남고 내야수 안우석-장안고 내야수 이지효다. 나도현 단장은 ""구단이 사전에 검토한 선수들을 예상대로 지명할 수 있어 전반적으로 만족스럽다""고 운을 뗐다. 나...",2026-09-21 19:34,https://www.sportsseoul.com/news/read/1636870?ref=naver,https://m.sports.naver.com/kbaseball/article/468/0001268061
연세대학교,중앙일보,"연세대 연구팀, MRI·뇌파 결합해 뇌 신경활동 위치 찾는 AI 개발",연세대학교 윤경호 수학계산학부 교수팀이 개인별 자기공명영상(MRI)과 뇌파(EEG)를 결합해 뇌 신경활동이... 이번 연구에는 피정훈·강다정 연세대 수학계산학부 석사과정생과 신민우 교수가 참여했다. 연구 결과는...,2026-09-21 19:20,https://www.joongang.co.kr/article/25463748,https://n.news.naver.com/mnews/article/025/0003552939?sid=105
연세대학교,루키,"[홍천챌린저] ""북한-러시아 팀도 초청한다면..."" 3x3 발전 위한 끝없는 ...",최 위원장은 과거 연세대 사령탑으로 농구대잔치 시절 농구 인기 부흥을 이끌었고 프로 구단에서도 감독... 장소는 대학가를 고려하고 있다. 월드투어와는 별도로 서울에서 열리는 챌린저에 대해선 진지하게 생각하는...,2026-09-21 19:20,http://www.rookie.co.kr/news/articleView.html?idxno=127130,https://m.sports.naver.com/basketball/article/398/0000102832
고려대학교,점프볼,"‘동국대 고맙다!’ 중앙대, 정규리그 우승 매직넘버 2개 줄였다…16년...","중앙대는 21일 건국대 글로컬캠퍼스 건국체육관에서 열린 2026 KUSF 대학농구 U-리그 건국대와의 맞대결에서... 하나, 건국대에 승리를 거두고 우승 경쟁 팀인 고려대(15승 3패)가 동국대에게 패한 덕분에 중앙대는 우승...",2026-09-21 19:19,https://m.sports.naver.com/basketball/article/065/0000301824,https://m.sports.naver.com/basketball/article/065/0000301824
연세대학교,경향신문,한동훈 ‘검찰 캐비닛 유출’ 경찰 수사 착수…유출 경로 밝힐 수 있을...,한상훈 연세대 법학전문대학원 교수는 “한 의원이 법무부 장관을 할 때 보고받았거나 접근할 수 있었던 수사 기록을 지금 폭로했다면 공무상비밀누설죄로 처벌이 가능하다”며 “개인정보에 해당하는 부분이 있다면...,2026-09-21 19:14,https://www.khan.co.kr/article/202609211914001,https://n.news.naver.com/mnews/article/032/0003471817?sid=102
연세대학교,중앙일보,“본분 망각하고 반바지 입었습니다”…연대 치대 반성문 논란,연세대 치과대학에서 복장 규정을 어긴 학생들에게 손글씨 반성문을 쓰게 한 뒤 이를 강의실에 게시한 사실이 알려졌다. 21일 연합뉴스에 따르면 연대 치대 재학생 A씨는 최근 “부주의로 복장 규정을 위반하게 된 점에 대해...,2026-09-21 19:04,https://www.joongang.co.kr/article/25463746,https://n.news.naver.com/mnews/article/025/0003552937?sid=102
고려대학교,경남일보,'2026 이병주 하동 국제문학제' 개최,"이승하 중앙대 교수의 사회로 최진석 서울과기대 교수와 이준희 중앙대 교수 등이 주제 발표에 나섰으며, 김언종 고려대 명예교수, 한성례 세종대 교수, 일본 조사이국제대 티엥 위안 교수, 중국 길림대 권혁률 교수 등...",2026-09-21 18:58,https://www.gnnews.co.kr/news/articleView.html?idxno=646040,https://www.gnnews.co.kr/news/articleView.html?idxno=646040
고려대학교,메디파나뉴스,"고대구로병원-강릉의료원, 지역 보건의료 역량 강화 협약 체결","민병욱 고려대 구로병원장은 ""지역 보건의료 체계를 고도화하기 위해서는 의료기관 간의 끈끈한 네트워크를... 것""이라며 ""앞으로 고려대 구로병원과의 긴밀한 소통을 바탕으로 중증 환자 진료 연계는 물론, 의학 공동...",2026-09-21 18:58,https://www.medipana.com/news/articleView.html?idxno=418042,https://www.medipana.com/news/articleView.html?idxno=418042
연세대학교,노컷뉴스,"한수원, 대형산불 대응체계 강화…산불방지 유공 기관표창",한수원은 21일 연세대학교 세브란스빌딩에서 열린 행정안전부 주관 '2026년 봄철 산불방지 유공 포상' 시상식에서 단체 부문 국무총리 기관표창을 수상했다고 밝혔다. 이번 수상은 2022년 울진 산불과 2025년 영남권...,2026-09-21 18:54,https://www.nocutnews.co.kr/news/6581633?utm_source=naver&utm_medium=article&utm_campaign=20260921065323,https://n.news.naver.com/mnews/article/079/0004191783?sid=102
연세대학교,파이낸셜뉴스,재개발·재건축 구역 거래 20% 늘었다,"고준석 연세대학교 상남경영원 교수는 ""가격이 너무 높은 사업장은 진입할 수 있는 수요가 제한된다""며 ""상대적으로 거래할 만한 가격대가 형성된 정비사업지로 매수세가 유입된 것으로 볼 수 있다""고 말했다.",2026-09-21 18:53,https://www.fnnews.com/news/202609211851336379,https://n.news.naver.com/mnews/article/014/0005579228?sid=101
연세대학교,아시아경제,"'치대생답게 입기' 연대, 복장규정 위반에 반성문까지…""집단 괴롭힘이...","연세대 치과대학 학생이 반바지를 입었다는 이유로 작성한 손글씨 반성문이 강의실에 게시되는 일이 발생해 논란이 일고 있다. 21일 연합뉴스에 따르면 연세대 치대 소속의 한 학생이 쓴 반성문에는 ""부주의로 복장 규정을...",2026-09-21 18:50,https://view.asiae.co.kr/article/2026092118471055570,https://n.news.naver.com/mnews/article/277/0005819495?sid=102
연세대학교,DAILY,"한수원, 봄철 산불방지 유공 국무총리 기관 표창 수상",ⓒ한국수력원자력 제공  한국수력원자력은 21일 서울 남대문로 연세대학교 세브란스빌딩에서 열린 행정안전부 주관 '2026년 봄철 산불방지 유공 포상' 시상식에서 단체 부문 국무총리 기관 표창을 받았다. 이번 수상은...,2026-09-21 18:44,https://daily.hankooki.com/news/articleView.html?idxno=1408591,https://daily.hankooki.com/news/articleView.html?idxno=1408591
연세대학교,EBN,"연세대 연구팀, 유해균만 억제하는 구강 염증 치료 소재 개발","21일 연세대학교 치과대학 최성환 교정과학교실 교수·차재국 치주과학교실 교수·만갈 웃커시 구강생물학교실 교수와 연세대 화공생명공학과 홍진기 교수, 미국 매사추세츠공과대학교(MIT) 기계공학과 조반니 트라베르소...",2026-09-21 18:44,https://www.ebn.co.kr/news/articleView.html?idxno=1725197,https://www.ebn.co.kr/news/articleView.html?idxno=1725197
연세대학교,SPOCHOO,"1R에만 좌완이 4명...좌투수 강세, 야수 강세, 대학 강세 눈에 띈 2027 드...","고교 졸업 예정자 891명, 대학 졸업 예정자 326명, 얼리 드래프트 신청자 43명, 해외 및 기타 선수 20명 등... 2라운드에서 휘문고 투수 임호윤, 3라운드에서 연세대 포수 김동주를 확보한 LG는 10라운드에서는 이호준 NC...",2026-09-21 18:41,http://www.spochoo.com/news/articleView.html?idxno=130325,https://m.sports.naver.com/kbaseball/article/529/0000078631
고려대학교,루키,"이호근 감독이 밝히는 동국대 상승세의 비결, '체력과 수비'","""모든 선수들이 한마음으로 뛰어서 좋은 결과를 얻은 것 같다."" 동국대학교는 21일 고려대학교 화정체육관에서 열린 2026 KUSF 대학농구 U-리그 고려대학교와의 경기에서 68-61로 승리했다. 동국대는 단국대전과 마찬가지로...",2026-09-21 18:40,http://www.rookie.co.kr/news/articleView.html?idxno=127128,https://m.sports.naver.com/basketball/article/398/0000102831
연세대학교,연합뉴스,다석·함석헌 사상 연구 헌신…박재순 전 씨알사상연구소장 별세,"당시 교사, 대학생, 청년 신학도 등 6명이 기소돼 국가보안법 위반 등으로 실형 또는 집행유예의 유죄... 빈소는 서울 서대문구 연세대학교 신촌장례식장 8호실에 마련됐다. 유족으로는 아내 박경미 이화여대...",2026-09-21 18:40,https://www.yna.co.kr/view/AKR20260921171100005?input=1195m,https://n.news.naver.com/mnews/article/001/0016327625?sid=103
연세대학교,JOSEILBO,"이중교 ""배당 더 유도하려면 기업에게도 법인세 혜택 줘야"" [주주환원·...",이중교 연세대 법학전문대학원 교수는 우리나라 기업의 더 많은 배당을 유도하기 위해 고배당 기업에게 법인세를 깎아주는 정책이 필요하다고 주장했다. 또 자사주 소각 또한 배당과 마찬가지로 주주환원 정책의...,2026-09-21 18:36,http://www.joseilbo.com/news/news_read.php?uid=576144&class=7&grp=,https://n.news.naver.com/mnews/article/123/0002390641?sid=101
연세대학교,JOSEILBO,"""배당 촉진 위해 기업에도 稅혜택 필요…과세체계도 손봐야"" (종합) [주...","◆ ""주주만 깎아줘선 부족""…기업 법인세 혜택 제안 이중교 연세대학교 법학전문대학원 교수는 이중과세를... 오문성 경희대학교 경영대학원 교수는 정부가 기업가치를 직접 끌어올리려 하기보다 시장이 제 기능을 하도록...",2026-09-21 18:35,http://www.joseilbo.com/news/news_read.php?uid=576143&class=7&grp=,https://n.news.naver.com/mnews/article/123/0002390640?sid=101
고려대학교,WORKLAW,"인용 vs 기각, 노란봉투법 집행정지 무엇이 판단 갈랐나","김동욱 고려대 법학전문대학원 교수는 ""중노위 판정은 원래 공법상 의무만 부담시키는 것이지 사법상... 김동욱 교수는 ""노동조합법 시행령은 교섭단위 분리에 있어 노조 간 관계를 고려하도록 하고 있지만 노동조합법이...",2026-09-21 18:32,http://www.worklaw.co.kr/view/view.asp?accessSite=Naver&accessMethod=Search&accessMenu=News&in_cate=122&in_cate2=0&gopage=1&bi_pidx=39559,http://www.worklaw.co.kr/view/view.asp?accessSite=Naver&accessMethod=Search&accessMenu=News&in_cate=122&in_cate2=0&gopage=1&bi_pidx=39559
고려대학교,한국일보,[단독] '하이닉스 학과' 모두 서울에만… 대기업 계약학과 정원 3명 중 ...,"반도체 호황으로 인기가 좋은 SK하이닉스 연계 학사 과정(110명)은 고려대학교(40명), 서강대(30명), 한양대... 4년제 일반대학 188개교 입학정원의 수도권 비중(39.2%)을 고려하면 계약학과의 수도권 쏠림은 훨씬...",2026-09-21 18:31,https://www.hankookilbo.com/news/article/A2026092016190001137?did=NA,https://n.news.naver.com/mnews/article/469/0000955384?sid=102
고려대학교,점프볼,"'고려대 10연승 저지' 동국대, 고려대 우승 경쟁에 찬물 끼얹고 5연승 질...","동국대는 21일 고려대 화정체육관에서 열린 2026 KUSF 대학농구 U-리그 고려대와의 맞대결에서 68-61로 승리했다. 이날 승리로 동국대는 시즌 첫 5연승을 질주, 9승 9패로 5할 승률을 맞췄다. 지난 맞대결 승리에 이어...",2026-09-21 18:30,https://m.sports.naver.com/basketball/article/065/0000301821,https://m.sports.naver.com/basketball/article/065/0000301821
연세대학교,한겨레,“내 안의 감각과 자세를 닦으며”…국궁에 ‘꽂힌’ 청년들,경기 남양주 천마정 소속 2년차 궁사 권지현(28)씨는 “대학가 국궁동아리의 활동이 눈에 띄게 활발해졌고... 연세대 국궁동아리 소속 김현서(26)씨는 “활시위를 당기면 활터 밖에서 받은 스트레스와 압박에서 잠시...,2026-09-21 18:30,https://www.hani.co.kr/arti/society/society_general/1278918.html,https://n.news.naver.com/mnews/article/028/0002824121?sid=102
연세대학교,마이데일리,"김현수·장성우 있는데 최지만까지?…KT 나도현 단장도 놀랐다 ""감독님...","조영우(연세대 투수) 9R : 김 단(휘문고 투수) 10R : 안우석(경남고 내야수) 11R: 이지효(장안고 내야수) 드래프트가 끝난 뒤 나도현 단장은 ""이번 드래프트에서 구단이 사전에 검토했던 선수들을 예상대로 지명할 수 있어...",2026-09-21 18:28,https://www.mydaily.co.kr/page/view/2026092117410311746,https://m.sports.naver.com/kbaseball/article/117/0004107795
고려대학교,로이슈,"고려대 구로병원, 레카네맙 국내 임상 안전성 분석","고려대학교 구로병원 신경과 강성훈 교수 연구팀이 한국인 알츠하이머병 환자를 대상으로 치료제... 이번 연구는 고려대학교 구로병원 신경과 강성훈 교수·신재민 전공의, 영상의학과 서상일 교수, 핵의학과...",2026-09-21 18:26,http://www.lawissue.co.kr/view.php?ud=202609211824579085f4ab64559d_12,http://www.lawissue.co.kr/view.php?ud=202609211824579085f4ab64559d_12
고려대학교,JNDN,"송원대·한국사회학회, ‘열리는 사회학 시리즈 2’ 성황",송원대학교는 앵커사업단과 한국사회학회가 지난 18~19일 광주 김대중컨벤션센터에서 시민 대중강연... 김수한 고려대 교수는 ‘AI 시대의 일과 조직’을 주제로 인공지능 기술이 일하는 방식과 조직문화에 가져올...,2026-09-21 18:26,http://www.jndn.com/article.php?aid=1789982597440051011,http://www.jndn.com/article.php?aid=1789982597440051011
연세대학교,연합뉴스,"""반바지 등교 뉘우쳐""…연대 치대생 복장규정 위반 반성문공개 논란",연대 치대 '치대생활에 적절한 학생 복장' 규정 둬…위반 학생 반성문 게시 연세대 치과대학 학생들이 복장 규정을 지키지 않았다는 이유로 쓴 손글씨 반성문이 강의실에 게시되는 일이 발생했다. 21일 연합뉴스 취재에...,2026-09-21 18:25,https://www.yna.co.kr/view/AKR20260921168600004?input=1195m,https://n.news.naver.com/mnews/article/001/0016327599?sid=102
고려대학교,루키,"전반기 완승은 우연이 아니었다! 동국대, 고려대마저 격파하며 후반기 ...","동국대학교는 21일 고려대학교 화정체육관에서 열린 2026 KUSF 대학농구 U-리그 고려대학교와의 경기에서 68-61로 승리했다. 동국대는 우성희가 17득점 7리바운드, 유정원이 16득점 4리바운드 4어시스트를 기록했다. 고려대는...",2026-09-21 18:17,http://www.rookie.co.kr/news/articleView.html?idxno=127126,https://m.sports.naver.com/basketball/article/398/0000102829
고려대학교,루키,"3점슛 펑펑! 경희대, 외곽포 5방 터트린 임성채 앞세워 명지대에 30점 차...",경희대학교는 21일 경희대학교 국제캠퍼스 선승관에서 열린 2026 KUSF 대학농구 U-리그 명지대학교와의 경기에서 81-51로 승리했다. 4위 경희대는 이날 승리로 14승 4패를 기록하며 3위 고려대(15승 4패)를 바짝 추격했다....,2026-09-21 18:16,http://www.rookie.co.kr/news/articleView.html?idxno=127125,https://m.sports.naver.com/basketball/article/398/0000102828
연세대학교,LAWLEADER,"오병두 ""검찰개혁에 경로의존성…경찰, 수사와 행정 조직 분리해야""","한상훈 참여연대 사법감시센터 실행위원(연세대 법학전문대학원 교수), 김혜경 참여연대 사법감시센터 실행위원(계명대 경찰행정학과 교수), 오병두 참여연대 사법감시센터 실행위원(홍익대 법과대학 교수) 등이 참석했다.",2026-09-21 18:16,http://www.lawleader.co.kr/news/articleView.html?idxno=19998,http://www.lawleader.co.kr/news/articleView.html?idxno=19998
연세대학교,루키,"중앙대 유형우 ""홈에서 정규리그 우승 기쁨 누리고파""","KUSF 대학농구 U-리그 건국대학교와의 경기에서 85-57로 이겼다. 이날 승리한 중앙대는 16승 2패를 달리며 단독... 중앙대는 이제 동국대, 연세대와의 경기를 앞두고 있다. 현재 단독 선두를 기록중인 만큼 정규리그 우승이...",2026-09-21 18:13,http://www.rookie.co.kr/news/articleView.html?idxno=127127,https://m.sports.naver.com/basketball/article/398/0000102827
연세대학교,KYONGBUK,"한수원, AI 산불감시·합동 대응으로 국무총리 표창",한수원은 21일 서울 연세대학교 세브란스빌딩에서 열린 행정안전부 주관 '2026년 봄철 산불방지 유공 포상' 시상식에서 단체 부문 국무총리 기관표창을 수상했다고 밝혔다. 이번 수상은 지난 2022년 울진 대형산불과 2025년...,2026-09-21 18:08,https://www.kyongbuk.co.kr/news/articleView.html?idxno=4085078,https://www.kyongbuk.co.kr/news/articleView.html?idxno=4085078
고려대학교,MEDIAPEN,"[화보] QWER ""해외 록 페스티벌 무대에 서고 싶어""","한편, QWER은 지난 12일 고려대학교 화정체육관에서 두 번째 단독 투어를 시작했다. 공연에서 공개한 신곡 ‘소년만화’와 ‘피카레스크’는 이날 오후 6시 정식 발매된다.",2026-09-21 18:06,https://www.mediapen.com/news/view/1124914,https://www.mediapen.com/news/view/1124914
고려대학교,KFENEWS,"고려대·SK, 글로벌 첨단 인재 키운다",고려대학교는 지난 18일 서울 성북구 고려대 대학원 중앙도서관에서 'SK Global Scholarship Program(이하 SK GSP) 3기 장학증서 수여식'을 개최했다고 21일 밝혔다. SK GSP는 해외 우수 인재를 한국으로 유치해 반도체 및...,2026-09-21 18:04,https://www.kfenews.co.kr/news/articleView.html?idxno=665015,https://www.kfenews.co.kr/news/articleView.html?idxno=665015
고려대학교,글로벌경제신문,"대한산업안전협회, 제3회 K-Safety Future 포럼 개최…'안전문화, 제도 넘...",발표는 ▲현장 작동성 기반 안전문화 전략(강태원 대한산업안전협회 전남지회장) ▲안전문화 성숙단계에 따른 하부문화 증진과 현장 실천(윤석준 고려대학교 보건과학연구소 교수) ▲상생추구 파트너십을 통한...,2026-09-21 18:04,https://www.getnews.co.kr/news/articleView.html?idxno=881462,https://www.getnews.co.kr/news/articleView.html?idxno=881462
연세대학교,한겨레,국가 차원 ‘AI 기본사회’ 비전·실행계획 세우자 [왜냐면],유종성 | 연세대 한국불평등연구랩 소장 이재명 정부는 인공지능(AI) 3대 강국 도약을 내걸고 데이터센터 건립과 독자 파운데이션 모델 개발 등에 속도전을 펼치는 한편 ‘인공지능 기본사회’ 실현을 언급하고 있다....,2026-09-21 18:02,https://www.hani.co.kr/arti/opinion/because/1278910.html,https://n.news.naver.com/mnews/article/028/0002824113?sid=110
연세대학교,브릿지경제,"재경부 전략경제자문단, 첫 방문지로 딥엑스 찾아 반도체분과 현장 회의","이날 현장 방문에는 박영선 전략경제자문단 위원장과 김성수 연세대학교 공과대학 특임교수(부위원장), 김정호 한국과학기술원 전기및전자공학부 교수(반도체 분과위원장), 김녹원 딥엑스 대표, 백준호 퓨리오사 AI...",2026-09-21 18:00,https://www.viva100.com/article/20260921501312,https://www.viva100.com/article/20260921501312
연세대학교,E2NEWS,"""정권 따라 흔들린 수소정책, 시장부터 만들어야""","이날 토론을 이끈 문일 연세대 교수는 ""수소사회로의 전환은 인류의 지속가능한 미래를 위해 반드시 나아가야 할 방향""이라며 ""수소사회는 단기간에 완성될 수 없는 만큼, 기술과 시장의 현실을 반영한 정교한 장기계획을...",2026-09-21 17:56,http://www.e2news.com/news/articleView.html?idxno=334472,http://www.e2news.com/news/articleView.html?idxno=334472
고려대학교,아시아투데이,"[칼럼] 북 주민 무제한 접촉 허용, 매우 위험하다",특히 지난 2월 통일부 주도의 관계 부처 협의에서 국가정보원은 국가안보에 미칠 악영향을 고려해 신중한... /조영기 한반도선진화재단 사무총장·전 고려대 교수※본란의 칼럼은 본지 견해와 다를 수 있습니다.,2026-09-21 17:56,https://www.asiatoday.co.kr/kn/view.php?key=20260921010008035,https://www.asiatoday.co.kr/kn/view.php?key=20260921010008035
연세대학교,뉴스1,"""그린 수소만 된다는 '족쇄' 풀어야…해외 수소 도입도 불가피""","(KAIST), 연세대, KIST 등 학계, 에너지경제연구원, 한국표준과학연구원 등 연구기관 관계자들이 참석했다.... 이날 사회를 맡은 한국공학한림원 소속 문일 연세대 화공생명공학과 교수는 ""수소 사회로의 전환은 인류의 지속...",2026-09-21 17:55,https://www.news1.kr/industry/general-industry/6297917,https://n.news.naver.com/mnews/article/421/0009184320?sid=101
고려대학교,대전일보,"우송대, 2027 코리아타임스 국제화 우수대학 평가 '교육 분야' 전국 4위","최근 솔브릿지국제경영대학은 영국의 고등교육 평가기관인 QS가 발표한 '2027 QS 세계 MBA 순위'에서 고려대, 연세대, 성균관대에 이어 국내 4위를 기록하며 세계적 비즈니스 교육기관으로서의 입지를 공고한 바 있다....",2026-09-21 17:53,https://www.daejonilbo.com/news/articleView.html?idxno=2302784,https://n.news.naver.com/mnews/article/656/0000187459?sid=102
연세대학교,대전일보,"우송대, 2027 코리아타임스 국제화 우수대학 평가 '교육 분야' 전국 4위","최근 솔브릿지국제경영대학은 영국의 고등교육 평가기관인 QS가 발표한 '2027 QS 세계 MBA 순위'에서 고려대, 연세대, 성균관대에 이어 국내 4위를 기록하며 세계적 비즈니스 교육기관으로서의 입지를 공고한 바 있다....",2026-09-21 17:53,https://www.daejonilbo.com/news/articleView.html?idxno=2302784,https://n.news.naver.com/mnews/article/656/0000187459?sid=102
연세대학교,경인일보,"kt wiz, 전직 메이저리거 최지만 품었다","이밖에 kt는 3~11라운드까지 김지율(투수·충암고), 최민상(내야수·마산용마고), 김동영(내야수·공주고), 김지민(투수·성남고), 최민영(포수·야탑고), 조영우(투수·연세대), 김단(투수·휘문고), 안우석(내야수...",2026-09-21 17:52,https://www.kyeongin.com/article/1771278,https://www.kyeongin.com/article/1771278
연세대학교,노컷뉴스,현대차 수소 모빌리티 확대 속도내지만…충전소·공급망 늘려야,"문일 연세대 교수는 ""수소사회는 단기간에  완성될 수 없는 만큼, 기술과 시장의 현실을 반영한 정교한 장기계획을 수립 하고, 단기적인 여건 변화에 흔들리지 않는 일관된 정책으로 산업계의 투자 와 혁신을 뒷받침해야...",2026-09-21 17:49,https://www.nocutnews.co.kr/news/6581572?utm_source=naver&utm_medium=article&utm_campaign=20260921054823,https://n.news.naver.com/mnews/article/079/0004191745?sid=103
연세대학교,KMAEIL,"겐트대학교 글로벌캠퍼스, 한·뉴 과학기술 협력 세미나서 국제공동연구...","양국 연구기관과 대학, 산업계가 아시아·태평양 연구협력과 양자 과학기술, 호라이즌 유럽 등을 놓고 후속... 경희대학교와 연세대학교 연구진은 양자 과학기술 분야의 연구 현황과 양국 간 협력 가능성을 공유했다....",2026-09-21 17:46,https://www.kmaeil.com/news/articleView.html?idxno=652488,https://www.kmaeil.com/news/articleView.html?idxno=652488
연세대학교,HIDOMIN,"한동대, 구직자 대상 AI 실무교육…마케팅·UX·제조 현장 활용법 익혀",한동대학교 산학협력단은 지난 19일 교내 현동홀에서 구직자 15명을 대상으로 '2026 미래신산업 AI 실무인재... 연세대학교 김경외 융합인문사회과학부 교수가 강의를 맡아 시장과 고객을 이해하고 목적에 맞는 메시지와...,2026-09-21 17:46,https://www.hidomin.com/news/articleView.html?idxno=722171,https://www.hidomin.com/news/articleView.html?idxno=722171
고려대학교,MTN 머니투데이방송,"[빅테크 거버넌스④] 네이버 규제 통과, 카카오는 주주 설득…사업 재편...",[이성엽 / 고려대 기술경영전문대학원 교수 : (네이버의 공정위 심사는) 국내 시장만 염두한게 아니기 때문에 큰 문제는 아니라고 보고 있어요. (지분 제한은) 합병의 효과가 반감기에 좀 해결해야겠죠. (카카오는) 분할...,2026-09-21 17:44,https://news.mtn.co.kr/news-detail/2026092116182956416,https://news.mtn.co.kr/news-detail/2026092116182956416
연세대학교,매일경제,"""공공임대 체질개선은 긍정적 … 당장 전월세난 잡기엔 한계""","박합수 건국대부동산대학원 겸임교수는 ""공공임대가 일정 수준 이상 확보돼야 저소득층의 주거 안정은... 고준석 연세대 상남경영원 교수는 ""전세임대 23만가구는 민간에 이미 있는 전셋집을 정부가 대신 임차하는 방식인...",2026-09-21 17:43,https://www.mk.co.kr/article/12158508,https://n.news.naver.com/mnews/article/009/0005738536?sid=101
연세대학교,엑스포츠뉴스,"'NYY 40억 거절' 하현승, 예상대로 전체 1순위 키움 입단 ""빨리 1군서 활...","올해 신인 드래프트 지명 대상자는 고교 졸업 예정자 891명, 대학교 졸업 예정자 326명, 얼리 드래프트... LG는 연세대 포수 김동주를 지명했다. 4라운드에서는 키움이 휘문고 투수 김정현, 두산은 동의과학대 투수...",2026-09-21 17:43,https://www.xportsnews.com/article/2198199,https://m.sports.naver.com/kbaseball/article/311/0002059612
연세대학교,KGNEWS,"KT 위즈, 신인 드래프트 1R 수원 유신고 투수 이승원 지명…제2의 박영현...","조영우(연세대), 9라운드 투수 김단(서울 휘문고), 10라운드 내야수 안우석(경남고), 11라운드 내야수... 고교 졸업 예정자 891명을 비롯해 대학 졸업 예정자 326명, 얼리 드래프트 신청자 43명, 해외 아마추어 및 프로...",2026-09-21 17:38,https://www.kgnews.co.kr/news/article.html?no=912633,https://www.kgnews.co.kr/news/article.html?no=912633
연세대학교,TODAYENERGY,"한수원, 봄철 산불방지 유공 '국무총리 표창' 수상","한국수력원자력(사장 김회천, 이하 한수원)이 21일 연세대학교 세브란스빌딩에서 열린 행정안전부 주관 '2026년 봄철 산불방지 유공 포상' 시상식에서 단체 부문 국무총리 기관표창을 수상했다. 이번 수상은 2022년 울진...",2026-09-21 17:36,https://www.todayenergy.kr/news/articleView.html?idxno=303376,https://www.todayenergy.kr/news/articleView.html?idxno=303376
고려대학교,뉴스1,"치매 신약 '레켐비' 한국인에게도 안전…""관리 가능한 수준""",강성훈 고려대 구로병원 신경과 교수 연구팀(알츠하이머예방센터장)은 이런 내용이 담긴 한국인의 '레카네맙 임상 적용 경험 분석 연구' 결과를 발표했다고 21일 밝혔다. 이는 알츠하이머협회의 국제학술지...,2026-09-21 17:34,https://www.news1.kr/bio/welfare-medical/6297931,https://n.news.naver.com/mnews/article/421/0009184247?sid=105
연세대학교,MBN,"국회·산학연 수소경제 해법 논의…""수소, 하나의 생태계로 연결해야""","문일 한국공학한림원 연세대학교 교수의 사회로 진행됐으며, 한국수소연합과 한국수소연료전지산업협회가... 문일 연세대학교 교수는 “지금은 기후변화를 넘어 기후 재난의 시대이며, 수소사회로의 전환은 인류의...",2026-09-21 17:34,http://mbnmoney.mbn.co.kr/news/view?news_no=MM1005925350,http://mbnmoney.mbn.co.kr/news/view?news_no=MM1005925350
연세대학교,바스켓코리아,"[나고야 AG] “조급해할 필요 없어” 태극마크를 바라보던 소년, 금메달...",유기상은 용산고와 연세대를 거치며 아마추어 무대에서 꾸준히 주목받았지만 유독 청소년 대표팀과는 인연이 닿지 않았다. 유기상이 처음 국가대표로 선발된 것은 프로 무대에 발을 디딘 후인 2024년. 이후 꾸준히...,2026-09-21 17:33,https://basketkorea.com/news/newsview.php?ncode=1065601146056920,https://m.sports.naver.com/basketball/article/351/0000088303
고려대학교,JEOLLAILBO,"대자인병원, 추석 연휴 외래진료 운영",고려대학교의료원 교류협력 대자인병원이 추석 연휴 기간에도 23개 진료과·센터에서 외래진료를 운영하며 지역 내 의료공백 최소화에 나선다. 대자인병원은 추석 연휴 기간 총 23개 진료과·센터가 일정에 따라...,2026-09-21 17:32,http://www.jeollailbo.com/news/articleView.html?idxno=811825,http://www.jeollailbo.com/news/articleView.html?idxno=811825
연세대학교,매일경제,"""기업이 문제해결 위해 찾는 지식플랫폼 될것""","경영학회 차차기 회장 당선 신현한 연세대 교수 산업·지역별 산학연구회 확대 현장 고민을 연구주제로 연결... 신 교수는 매일경제와의 인터뷰에서 ""기업 역시 대학의 연구 역량을 필요로 하지만 누구와 어떻게 협력해야...",2026-09-21 17:32,https://www.mk.co.kr/article/12158476,https://n.news.naver.com/mnews/article/009/0005738516?sid=102
연세대학교,KOREAHEALTHLOG,"연세사랑병원, '고관절 관절내시경센터' 개설…""전문화된 진료 제공""","보건복지부 지정 관절 전문 연세사랑병원(고용곤 병원장)이 퇴행성고관절염, 스포츠손상, 대퇴비구... 정재현 원장은 연세대 의과대학을 졸업하고 동 대학원에서 의학박사 학위를 받았다. 세브란스병원에서 전임의를...",2026-09-21 17:32,https://www.koreahealthlog.com/news/articleView.html?idxno=59117,https://www.koreahealthlog.com/news/articleView.html?idxno=59117
연세대학교,NEWSCLAIM,[SK 인사 전망]② 사장 아래 85명… 누가 더 큰 자리로 가나,"법학전문대학원을 거쳐 UCLA에서 LL.M. 과정을 밟았다. 한국 변호사와 미국 캘리포니아주 변호사 자격도... 연세대 출신 남주현 AX Offering본부장은 기술을 상품으로 만들어 고객에게 제안한다. 제조와 에너지, 기업...",2026-09-21 17:30,https://www.newsclaim.co.kr/news/articleView.html?idxno=3076123,https://www.newsclaim.co.kr/news/articleView.html?idxno=3076123
연세대학교,헤럴드경제,"“작은 성과부터 차곡차곡”… 한–뉴질랜드, 글로벌 과학기술 영토 넓...","그 중심에는 겐트대학교 글로벌캠퍼스 한태준 총장과 마린유겐트 코리아 박지혜 소장이 있다. 한 총장과... (KIST), 경희대, 연세대 연구진 및 뉴질랜드 정부·학계 관계자 60여 명이 집결해 활발한 논의를 펼쳤다.",2026-09-21 17:28,https://biz.heraldcorp.com/article/10881076?ref=naver,https://n.news.naver.com/mnews/article/016/0002700465?sid=102
연세대학교,한국경제,"송도 세브란스병원 신축공사…금호건설, 우선협상자로 선정","금호건설이 연세대 의료원이 발주한 인천 연수구 송도세브란스병원 신축 공사 입찰에서 우선협상... 원주연세의료원 제2병원신축 공사도 수주해 착공을 앞두고 있다. 삼성전자 플랙트 한국공장, 킨텍스 주차복합빌딩...",2026-09-21 17:27,https://www.hankyung.com/article/2026092189051,https://n.news.naver.com/mnews/article/015/0005334747?sid=101
연세대학교,뉴스핌,"수소업계 ""기술 있어도 시장 없다…정부가 공급 인프라 깔아야""","(앞줄 왼쪽부터) 문일 연세대 교수, 윤의준 한국공학한림원 회장, 김소희 국회의원, 이광재 국회예산결산특별위원장, 이종배 국회수소경제포럼 대표의원, 정태호 국회수소경제포럼 대표의원 등 참석자들이'제2회 수소경제...",2026-09-21 17:27,https://www.newspim.com/news/view/20260921001091,https://www.newspim.com/news/view/20260921001091
연세대학교,컨슈머타임스,한국 인체조직 ECM 바이오산업협회 공식 출범,"이 초대 회장은 25년 이상 임상 경험을 쌓아온 피부과 전문의로 연세대학교 의과대학 피부과학교실 주임교수와 세브란스병원 피부과장, 연세의대 피부생물학연구소장 등을 역임했다. 오랜 임상·연구 경험과 인체조직 및...",2026-09-21 17:26,https://www.cstimes.com/news/articleView.html?idxno=721550,https://www.cstimes.com/news/articleView.html?idxno=721550
고려대학교,SISAWEEK,끊어진 신경 잇는 '인공 도관' 시대가 온다,이와 관련한 가장 대표적 연구는 지난해 미국 '캘리포니아대학교 샌디에이고캠퍼스(UCSD)' 연구진의 발표를... 생체재료연구센터 정영미 책임연구원 연구팀과 고려대학교 의과대학 정형외과 박종웅 교수 연구팀...,2026-09-21 17:26,https://www.sisaweek.com/news/articleView.html?idxno=238007,https://www.sisaweek.com/news/articleView.html?idxno=238007
연세대학교,스포츠월드,"[AG하이라이트] 접전 넘고 완승까지… 허유정 앞세운 여자 3대3 농구, 첫...","구민교(성균관대), 김승우, 이주영(이상 연세대), 이동근(고려대) 등 대학 선수 네 명으로 구성된 한국은 22일 태국과 일본을 차례로 만난다. 23일에는 싱가포르를 상대한다.",2026-09-21 17:23,https://www.sportsworldi.com/newsView/20260921517015,https://m.sports.naver.com/basketball/article/396/0000755943
고려대학교,스포츠월드,"[AG하이라이트] 접전 넘고 완승까지… 허유정 앞세운 여자 3대3 농구, 첫...","구민교(성균관대), 김승우, 이주영(이상 연세대), 이동근(고려대) 등 대학 선수 네 명으로 구성된 한국은 22일 태국과 일본을 차례로 만난다. 23일에는 싱가포르를 상대한다.",2026-09-21 17:23,https://www.sportsworldi.com/newsView/20260921517015,https://m.sports.naver.com/basketball/article/396/0000755943
고려대학교,DOMIN,"대자인병원, 추석 연휴에도 외래진료 운영",고려대학교의료원 교류협력 대자인병원(이사장 이병관)이 추석 연휴 기간에도 23개 진료과·센터에서 외래진료를 운영한다. 고려대학교의료원 교류협력 대자인병원(이사장 이병관)이 추석 연휴 기간에도 23개 진료과...,2026-09-21 17:20,http://www.domin.co.kr/news/articleView.html?idxno=1569678,http://www.domin.co.kr/news/articleView.html?idxno=1569678
고려대학교,SIDAE,"김용태 ""미래세대, 민주공화주의 헌법 공론의 장 필요""","안병국 발표자(고려대 법학전문대학원 입법정책학회)는 제22대 총선 지역구에서 5.4%포인트의 득표율 차이가 71석의 의석 차이로 확대된 사실을 들어 ""국민의 선택이 의석으로 바뀔 때 생기는 이러한 격차까지 당연한...",2026-09-21 17:19,https://www.sidae.com/article/2026092117040420418,https://n.news.naver.com/mnews/article/417/0001158938?sid=100
연세대학교,SIDAE,"김용태 ""미래세대, 민주공화주의 헌법 공론의 장 필요""","새로운미래를위한청년변호사모임, 한국청년입법정책학회, 신촌 연합 토론 동아리 아우름(서강대·연세대... 토론은 박철언 서울대 행정대학원 박사과정이 좌장을 맡아 주제별 발표와 토론, 논평 순으로 진행됐다....",2026-09-21 17:19,https://www.sidae.com/article/2026092117040420418,https://n.news.naver.com/mnews/article/417/0001158938?sid=100
고려대학교,한국일보,"알츠하이머병 신약 뇌 이상반응, 국내 투약 환자 직접 분석해보니...","가운데, 대학병원이 국내에서 이 약을 투여한 환자들의 이상반응을 직접 분석한 연구를 발표했다. 환자 대부분은 증상이 없었거나 경증이었다는 결과가 나왔다. 21일 고려대 구로병원에 따르면 강성훈 신경과 교수...",2026-09-21 17:14,https://www.hankookilbo.com/news/article/A2026092115240001867?did=NA,https://n.news.naver.com/mnews/article/469/0000955348?sid=105
연세대학교,디지털타임스,"“韓 수소, AI 에너지 핵심으로…일관된 정책 우선돼야”","문일 연세대 교수는 “수소사회는 단기간에 완성될 수 없는 만큼, 기술과 시장의 현실을 반영한 정교한 장기계획을 수립헤야 한다”며 “단기적인 여건 변화에 흔들리지 않는 일관된 정책으로 산업계의 투자와 혁신을...",2026-09-21 17:14,https://www.dt.co.kr/article/12085241?ref=naver,https://n.news.naver.com/mnews/article/029/0003049287?sid=101
고려대학교,후생신보,"고대 구로병원-강릉의료원, 업무협약 체결","고려대학교 구로병원(병원장 민병욱, 좌)이 지난 18일 고려대학교 구로병원에서 강릉의료원과 지역의료 발전을 위한 업무협약(MOU)을 체결했다. 이날 협약식에는 고려대학교 구로병원 민병욱 병원장, 조금준 연구부원장...",2026-09-21 17:12,http://www.whosaeng.com/173897,http://www.whosaeng.com/173897
고려대학교,매일경제,"QWER, ‘소년만화’ 주인공처럼...2만7000명 팬이 고른 타이틀곡 오늘(2...","QWER은 지난 12~13일 서울 고려대학교 화정체육관에서 ‘QWER 2nd TOUR ‘ROCKATION : ROCKET LAUNCH!!’’의 서울 공연을 열고 두 번째 투어의 막을 올렸다. 이어 10월 10~11일 타이베이, 13일 후쿠오카, 15일 오사카, 17일...",2026-09-21 17:11,https://www.mk.co.kr/article/12158426,https://m.entertain.naver.com/article/410/0001140816
고려대학교,매일일보,"[기획]AI 통제, 어디까지…표준·자율성 두고 엇갈려","최병호 고려대학교 휴먼 인스파이어드 AI연구원 연구교수는 ""현재는 AI가 왜 특정한 행동을 하는지 충분히 설명하기 어려운 부분이 있어 규제를 도입하더라도 실효성을 확보하기 쉽지 않다""며 ""우선 문제의 원인을...",2026-09-21 17:10,https://www.m-i.kr/news/articleView.html?idxno=1416775,https://www.m-i.kr/news/articleView.html?idxno=1416775
연세대학교,AMENEWS,"“수소사회 실현, 기술·시장 현실 반영 장기계획 必”",문일 연세대학교 교수는 “수소사회는 단기간에 완성될 수 없는 만큼 기술과 시장의 현실을 반영한 정교한 장기계획을 수립하고 단기적인 여건 변화에 흔들리지 않는 일관된 정책으로 산업계의 투자와 혁신을 뒷받침해야...,2026-09-21 17:10,http://amenews.kr/news/view.php?idx=68089,http://amenews.kr/news/view.php?idx=68089
고려대학교,JOONGDO,"[중도초대석] 마성균 대전고용노동청장 ""사업주 안전리더십 강화, 산업...","대전고용센터는 대학일자리플러스센터와 협력해 졸업예정자와 미취업 청년 약 4만 명에게 온라인 취업상담... 동북고, 고려대 사회학 ▲경력: 전 노동부 외국인력담당관, 전 기획재정부 협동조합운영과장, 전 노동부...",2026-09-21 17:06,https://www.joongdo.co.kr/web/view.php?key=20260921010006627,https://www.joongdo.co.kr/web/view.php?key=20260921010006627
고려대학교,베리타스알파,[2027의대잣대] 뉴스위크 특화병원 '암 치료' 종양학.. 삼성서울 세계5위...,"의대생은 본과 과정에서 대학병원이나 교육협력병원을 중심으로 임상실습을 거친다. 특히 암 치료는... 화순전남대병원 155위, 아주대병원 161위, 강남세브란스병원 171위, 고려대안암병원 173위, 한국암센터병원...",2026-09-21 17:06,https://www.veritas-a.com/news/articleView.html?idxno=629063,https://www.veritas-a.com/news/articleView.html?idxno=629063
고려대학교,대학저널,"천안 비상에듀학원, 제5회 전국 약술형 논술 최종 리허설 모의평가 10월...","제5회 모의평가의 대상 대학은 한국기술교육대(한기대), 가천대, 삼육대, 고려대(세종), 홍익대(세종), 한국공학대 등 총 6개 주요 대학이다. 이번 모의평가는 실제 시험과 가장 유사한 출제 경향과 실전 환경을 제공하여...",2026-09-21 17:06,https://dhnews.co.kr/news/view/1065600231593946,https://dhnews.co.kr/news/view/1065600231593946
연세대학교,베리타스알파,[2027의대잣대] 뉴스위크 특화병원 '암 치료' 종양학.. 삼성서울 세계5위...,의대생은 본과 과정에서 대학병원이나 교육협력병원을 중심으로 임상실습을 거친다. 특히 암 치료는... 연세대 세브란스병원은 지난해 세계22위에서 9계단 상승한 세계13위로 국내 톱4다. 국내 톱4 가운데 유일하게...,2026-09-21 17:06,https://www.veritas-a.com/news/articleView.html?idxno=629063,https://www.veritas-a.com/news/articleView.html?idxno=629063
연세대학교,보건뉴스,"연세사랑병원, '고관절 관절내시경센터' 개설",연세사랑병원 정재현 고관절관절내시경센터장이 환자와 상담을 진행하고 있다 보건복지부 지정 관절 전문... 고관절 내시경센터를 이끄는 정재현 원장은 연세대학교 의과대학을 졸업하고 동 대학원에서 의학박사 학위를...,2026-09-21 17:04,http://www.bokuennews.com/news/article.html?no=284577,http://www.bokuennews.com/news/article.html?no=284577
연세대학교,뉴스웍스,[한수원 소식] 2026 학위논문 연구성과 콘퍼런스·봄철 산불방지 유공기...,◆봄철 산불방지 유공기관 '국무총리 표창' 수상 한국수력원자력이 21일 연세대학교 세브란스빌딩에서 열린 행정안전부 주관 '2026년 봄철 산불방지 유공 포상' 시상식에서 단체 부문 국무총리 기관표창을 수상했다. 이번...,2026-09-21 17:04,https://www.newsworks.co.kr/news/articleView.html?idxno=854469,https://www.newsworks.co.kr/news/articleView.html?idxno=854469
고려대학교,스포츠조선,"배에 불룩한 덩어리, '탈장' 의심…무거운 물건 들기 피하고 변비·기침...","고려대학교 구로병원 대장항문외과 봉준우 교수의 도움말로 탈장의 원인과 증상, 치료 및 예방법에 대해... 종합적으로 고려해 치료 방법을 결정한다. 탈장의 근본적인 치료는 수술로, 빠져나온 장이나 조직을 원래 위치로...",2026-09-21 17:02,https://www.sportschosun.com/life/2026-09-21/202609210100145670009470,https://n.news.naver.com/mnews/article/076/0004448355?sid=102
고려대학교,WORKLAW,하청 노조 파업에 원청 직원 투입 가능?…노란봉투법 ‘대체근로’ 공방,"박지순 고려대 법학전문대학원 교수는 ""노란봉투법에 따라 원청과 하청이 단체교섭 관계로 묶이면서 두 사업장이 사실상 하나의 사업으로 연결됐다""며 ""이 경우 노동조합법 제43조가 금지하는 대체근로의 '당해 사업과...",2026-09-21 17:02,http://www.worklaw.co.kr/view/view.asp?accessSite=Naver&accessMethod=Search&accessMenu=News&in_cate=122&in_cate2=0&gopage=1&bi_pidx=39560,http://www.worklaw.co.kr/view/view.asp?accessSite=Naver&accessMethod=Search&accessMenu=News&in_cate=122&in_cate2=0&gopage=1&bi_pidx=39560
연세대학교,HIDOC,초·중학생 때 이사 자주 다닐수록 우울증 위험 높아진다,연세대학교 등 공동 연구팀은 국내 대규모 인구 데이터를 바탕으로 주거 환경의 변화가 자라나는 아이들에게 미치는 영향을 장기적으로 분석했다. 이번 연구는 아동·청소년기의 안정적인 주거 환경이 향후...,2026-09-21 17:00,https://news.hidoc.co.kr/news/articleView.html?idxno=67808,https://news.hidoc.co.kr/news/articleView.html?idxno=67808
연세대학교,베리타스알파,[알고보자] '서울권 의대 지원자 감소' 반도체 계약학과 선호 결과라고...,2018학년까지 논술을 실시하던 고려대가 폐지했고 연세대도 2020학년을 끝으로 의대 논술을 접었다.... 대학마다 수능 반영 비율이 다르고 의약계열로의 연쇄 이탈이 잦은 계약학과의 특성을 충분히 감안하지 않은 채...,2026-09-21 17:00,https://www.veritas-a.com/news/articleView.html?idxno=628969,https://www.veritas-a.com/news/articleView.html?idxno=628969
고려대학교,베리타스알파,[알고보자] '서울권 의대 지원자 감소' 반도체 계약학과 선호 결과라고...,2018학년까지 논술을 실시하던 고려대가 폐지했고 연세대도 2020학년을 끝으로 의대 논술을 접었다.... 입시 구조의 실제 변화를 충분히 고려하지 않은 채 표면적인 수치만으로 '의대 넘은 이공계' 현상이라 단정 짓는...,2026-09-21 17:00,https://www.veritas-a.com/news/articleView.html?idxno=628969,https://www.veritas-a.com/news/articleView.html?idxno=628969
고려대학교,매경헬스,"""독감·코로나 같이 유행하면 어쩌나""…고령층은 '이것' 꼭 챙겨야","함께 고려해야 한다 질병관리청은 지난 11일 2026~2027절기 인플루엔자 유행주의보를 발령했다고 21일 밝혔다.... 윤진구 고려대 구로병원 감염내과 교수는 ""손 씻기나 마스크 착용 같은 생활수칙은 감염을 줄이는 데 꼭...",2026-09-21 17:00,http://www.mkhealth.co.kr/news/articleView.html?idxno=80177,http://www.mkhealth.co.kr/news/articleView.html?idxno=80177
연세대학교,베리타스알파,[단독] 지난해 25개 로스쿨 중도탈락률 3.27% '역대 최고'.. '반수 억제 ...,"대학알리미 법학전문대학원 '중도탈락 현황'에 따르면, 2025학년 25개 로스쿨 재적학생 6453명 가운데... 연세대는 전년 7명에서 17명으로, 고려대는 2명에서 8명으로 중도탈락 인원이 크게 늘었다. 상위...",2026-09-21 16:52,https://www.veritas-a.com/news/articleView.html?idxno=629021,https://www.veritas-a.com/news/articleView.html?idxno=629021
고려대학교,베리타스알파,[단독] 지난해 25개 로스쿨 중도탈락률 3.27% '역대 최고'.. '반수 억제 ...,"대학알리미 법학전문대학원 '중도탈락 현황'에 따르면, 2025학년 25개 로스쿨 재적학생 6453명 가운데... 연세대는 전년 7명에서 17명으로, 고려대는 2명에서 8명으로 중도탈락 인원이 크게 늘었다. 상위...",2026-09-21 16:52,https://www.veritas-a.com/news/articleView.html?idxno=629021,https://www.veritas-a.com/news/articleView.html?idxno=629021
연세대학교,뉴스핌,"한수원, 봄철 산불방지 유공 국무총리 표창…원전 보호 성과 인정",한수원은 21일 서울 연세대학교 세브란스빌딩에서 열린 행정안전부 주관 '2026년 봄철 산불방지 유공 포상' 시상식에서 단체 부문 국무총리 기관표창을 수상했다고 밝혔다. 이번 수상은 지난 2022년 울진 산불과 2025년...,2026-09-21 16:50,https://www.newspim.com/news/view/20260921001065,https://www.newspim.com/news/view/20260921001065
고려대학교,이데일리,[기고] AI가 정말 통제를 벗어나기 시작한 것일까,고려대학교 정보보호대학원 김승주 교수 먼저 허깅페이스 사건부터 살펴보자. “허깅페이스를 공격하라고 하지 않았다”는 것과 “허깅페이스를 공격하지 말라고 명확하게 금지했다”는 것은 전혀 다른 이야기다....,2026-09-21 16:50,https://www.edaily.co.kr/News/Read?newsId=03863846645582416&mediaCodeNo=257&utm_source=naver&utm_medium=referral&utm_campaign=news_syndication&utm_content=original_article,https://n.news.naver.com/mnews/article/018/0006373802?sid=105
고려대학교,한국경제TV,"고려대, 'AI 피부 패치' 개발…""마약 검사 땀 한 방울로 가능""","정호상·유용상 고려대학교 바이오의공학부 교수 공동연구팀은 해당 센서 개발과 함께, 논문 게재(학술지 International Journal of Extreme Manufacturing, 지난 10일 온라인 게재)에 대해 21일 발표했다. 연구팀은 성인 10명을...",2026-09-21 16:49,http://www.wowtv.co.kr/NewsCenter/News/Read?articleId=A202609210207&t=NN,https://n.news.naver.com/mnews/article/215/0001266738?sid=102
고려대학교,베리타스알파,[2027의대잣대] 뉴스위크 특화병원 '내분비학'.. 서울아산 세계2위 '역대...,지난해 순위권이었던 중앙대병원 충남대병원 고려대안암병원 전남대병원은 올해 150위권 밖으로... 의대생은 본과 과정에서 대학병원이나 교육협력병원을 중심으로 임상실습을 거치기 때문이다. 병원의 규모와...,2026-09-21 16:48,https://www.veritas-a.com/news/articleView.html?idxno=629037,https://www.veritas-a.com/news/articleView.html?idxno=629037
연세대학교,베리타스알파,[2027의대잣대] 뉴스위크 특화병원 '내분비학'.. 서울아산 세계2위 '역대...,"국내에서는 서울대병원이 세계6위로 톱2, 연세대 세브란스병원이 세계10위로 톱3를 기록했다.... 의대생은 본과 과정에서 대학병원이나 교육협력병원을 중심으로 임상실습을 거치기 때문이다. 병원의 규모와 진료...",2026-09-21 16:48,https://www.veritas-a.com/news/articleView.html?idxno=629037,https://www.veritas-a.com/news/articleView.html?idxno=629037
연세대학교,메트로신문,"현대차 신승규 부사장 ""中 수소 경제 성장 가팔라""…""韓 경쟁력 확보 위...","모빌리티 넘어 수전해·수소발전까지 전방위 확대 ""수소 기술 개발·투자 위해 10~20년 일관된 정책 필요"" 문일 연세대 교수(앞줄 왼쪽부터), 윤의준 한국공학한림원 회장, 김소희 국회의원, 이광재 국회예산결산특별위원장...",2026-09-21 16:48,http://www.metroseoul.co.kr/article/20260921500596,http://www.metroseoul.co.kr/article/20260921500596
연세대학교,지디넷코리아,"수소, AI 데이터센터 전력 대안 될까…생산·저장·발전 해법 논의","앞줄 왼쪽부터 문일 연세대 교수, 윤의준 한국공학한림원 회장, 김소희 국회의원, 이광재 국회예산결산특별위원장, 이종배 국회수소경제포럼 대표의원, 정태호 국회수소경제포럼 대표의원 등 참석자들이‘제2회 수소경제...",2026-09-21 16:47,https://zdnet.co.kr/view/?no=20260921164654,https://n.news.naver.com/mnews/article/092/0002438321?sid=105
고려대학교,이데일리,"고려대, 체내 약물 추적하는 ‘AI 피부 패치’ 개발","고려대 연구팀이 피를 뽑지 않고도 체내 약물 농도를 측정하는 인공지능(AI) 피부 패치를 개발했다. 왼쪽부터 고려대 바이오의공학부 정호상 교수, 유용상 교수, 공동 제 1저자 박로운, 허보유, 최세진(사진=고려대)...",2026-09-21 16:47,https://www.edaily.co.kr/News/Read?newsId=03844166645582416&mediaCodeNo=257&utm_source=naver&utm_medium=referral&utm_campaign=news_syndication&utm_content=original_article,https://n.news.naver.com/mnews/article/018/0006373797?sid=102
고려대학교,아시아타임즈,[대학 뉴스브리핑] 한성대·가톨릭대·세종대,"한성대학교가 일본 삿포로에서 한글·전통문화·K-뷰티 등을 직접 체험하는 K-컬처 페스티벌을 열어 현지... 본대학 명예교수 등이 강연자로 참여했다. 이승하 중앙대 명예교수와 김응교 숙명여대 교수, 오형엽 고려대...",2026-09-21 16:44,https://www.asiatime.co.kr/article/20260921500387,https://www.asiatime.co.kr/article/20260921500387
고려대학교,PRESSMAN,"세종대 세종어학원 외국인 학생들, '제12회 세계한글작가대회' 참가","본대학 명예교수 등이 강연에 나서 한글과 한국 문학의 독창성과 가치를 입증했다. 또한 이승하 중앙대 명예교수, 김응교 숙명여대 교수, 오형엽 고려대 교수 등 국내 석학들도 미래 세대 한글 교육의 방향성을 다각도로...",2026-09-21 16:44,https://www.pressman.kr/news/articleView.html?idxno=103742,https://www.pressman.kr/news/articleView.html?idxno=103742
고려대학교,국제뉴스,"성북구, '청년과 지역의 공존'… 7개 대학과 손잡고 '대학도시' 비전 선...","현장에는 이승로 구청장을 비롯해 고려대, 국민대, 동덕여대, 서경대, 성신여대, 한국예술종합학교, 한성대 등 관내 7개 대학 주요 관계자 90여 명이 참석했다. 구와 7개 대학은 협약을 바탕으로 ▲지역 현안 해결을 위한...",2026-09-21 16:44,https://www.gukjenews.com/news/articleView.html?idxno=3702394,https://www.gukjenews.com/news/articleView.html?idxno=3702394
연세대학교,BNTNEWS,2027 KBO 신인 드래프트 순위 지명 최종 결과,"SSG는 경동고 투수 용석민, 한화는 유신고 투수 박찬희, LG는 연세대 포수 김동주를 지명했다. KBO는 NC가 삼성의 3라운드 지명권을 추가로 행사하면서 NC의 최대 지명 인원이 12명으로 늘어난다고 사전 발표했다....",2026-09-21 16:40,https://www.bntnews.co.kr/article/view/bnt202609210267,https://www.bntnews.co.kr/article/view/bnt202609210267
연세대학교,이투데이,2027 KBO 신인드래프트 최종 결과…1순위 키움 하현승·최지만 kt 지명 [...,"올해 드래프트에는 고교 졸업 예정자 891명, 대학 졸업 예정자 326명, 얼리 드래프트 신청자 43명, 해외 및... 김동주(연세대, 포수) ◇4라운드 1순위 키움: 김정현(휘문고, 투수) 2순위 두산: 이석영(동의과학대, 투수)...",2026-09-21 16:38,https://www.etoday.co.kr/news/view/2628143,https://www.etoday.co.kr/news/view/2628143
연세대학교,KIHOILBO,"프로야구 kt 위즈, 신인 드래프트 1R서 수원 유신고 투수 이승원 선발","kt는 이승원과 최지만을 비롯해 김지율(서울 충암고·투수), 최민상(마산 용마고·내야수), 김동영(공주고·내야수), 김지민(서울 성남고·투수), 최민영(성남 야탑고·포수), 조영우(연세대·투수), 김단(서울 휘문고...",2026-09-21 16:34,https://www.kihoilbo.co.kr/news/articleView.html?idxno=3035468,https://www.kihoilbo.co.kr/news/articleView.html?idxno=3035468
고려대학교,국제뉴스,"충북교육연구정보원, AI 인재상·핵심역량 발표…2027년 도내 학교 AI 교...","이번 정책연구는 김자미 고려대학교 교수가 연구책임자로 참여한 연구진이 지난 4월부터 진행했다. 연구는... 최종보고회에서는 김자미 고려대학교 교수가 연구 결과를 발표했다. 이어 학교 관리자, 교사, 교육연구...",2026-09-21 16:32,https://www.gukjenews.com/news/articleView.html?idxno=3701610,https://www.gukjenews.com/news/articleView.html?idxno=3701610
고려대학교,동아일보,"대한산업안전협회, 제3회 K-Safety Future 포럼 개최","강태원 협회 전남지회장이 ‘현장 작동성 기반 안전문화 전략’을, 윤석준 고려대 보건과학연구소 교수가 ‘안전문화 성숙단계에 따른 하부문화 증진과 현장 실천’을 발표했다. 황이태 삼성전자 디에스(DS)부문...",2026-09-21 16:32,https://www.donga.com/news/Economy/article/all/20260921/134711059/1,https://n.news.naver.com/mnews/article/020/0003749770?sid=101
연세대학교,DKILBO,"한국수력원자력, 봄철 산불방지 유공기관 '국무총리 표창' 수상",▲ 한국수력원자력 본사 사옥 전경 한국수력원자력(이하 한수원)이 21일 연세대학교 세브란스빌딩에서 열린 행정안전부 주관 '2026년 봄철 산불방지 유공 포상' 시상식에서 단체 부문 국무총리 기관표창을 수상했다. 이번...,2026-09-21 16:30,https://www.dkilbo.com/news/articleView.html?idxno=555133,https://www.dkilbo.com/news/articleView.html?idxno=555133
고려대학교,THEBIGDATA,"이민옥 서울시의회 행정자치위원장, '서울 자원봉사 컨퍼런스' 참석...미...","발제에서는 이선미 서울여자대학교 교수가 ""왜 지금. 미래세대에게 봉사 경험인가""를 주제로 자원봉사의... 오지혜 고려대학교 연구교수. 최주일 SK행복나눔재단 본부장이 각각 청년봉사. 학교봉사. 대학협력....",2026-09-21 16:24,https://www.thebigdata.co.kr/view.php?ud=202609211620108871bbceadc3c9_23,https://www.thebigdata.co.kr/view.php?ud=202609211620108871bbceadc3c9_23
연세대학교,스포티비뉴스,"'양키스 300만 달러 거절' 하현승, 전체 1순위로 키움행…이호민→KIA, 최...","대학생 의무 지명 규정도 있다. KBO 10개 구단은 반드시 대학 졸업예정 선수를 1명 이상 지명해야 하며... 김동주(연세대, 포수) 4라운드 1순위 키움 = 김정현(휘문고, 투수) 2순위 두산 = 이석영(동의과학대, 투수)...",2026-09-21 16:24,https://www.spotvnews.co.kr/news/articleView.html?idxno=1008718,https://m.sports.naver.com/kbaseball/article/477/0000629185
연세대학교,서울경제TV,"“목표는 컸고 시장은 작았다”…7년 지난 수소 로드맵, AI가 흔든다",토론을 총괄한 문일 연세대 교수는 “기술과 시장의 현실을 반영한 정교한 장기계획이 필요하다”고 정리했다. 단기 여건 변화에 흔들리지 않는 일관된 정책으로 산업계 투자를 뒷받침해야 한다는 것이다. 이날 논의는...,2026-09-21 16:24,https://www.sentv.co.kr/article/view/sentv202609210191,https://www.sentv.co.kr/article/view/sentv202609210191
연세대학교,스타뉴스,"""볼넷 없는 투수 되겠다"" LG 1R 픽은 인창고 윤예성, ""큰 키 바탕으로 1...","스윙이 빠르고 볼을 던지는 임팩트가 좋아 공 끝의 회전력이 좋은 투수""라고 전했다. LG는 3라운드에선 연세대 포수 김동주(12)를 택했다. 포스트 박동원(36)의 댜체자가 될 수 있는 선수를 지명했다고 해석할 수 있다.",2026-09-21 16:23,https://www.starnewskorea.com/sports/2026/09/21/2026092113284994618,https://m.sports.naver.com/kbaseball/article/108/0003472227
연세대학교,매일경제,"우리 아이와 매일 ‘안전 소통’…세이프키즈·웰팜·핑거, 메시지보드...","황의호 세이프키즈코리아 공동대표(전 연세대 의과대학 학장, 소아청소년 외과 전문의)도 “안전수칙메시지보드를 통해 부모, 조부모가 어린 자녀들과 시간차를 두고 손글씨로 온전히 메시지를 전달해 소통하면 좋겠다”...",2026-09-21 16:22,https://www.mk.co.kr/article/12158349,https://n.news.naver.com/mnews/article/009/0005738448?sid=102
연세대학교,뉴스1,'봄철 산불방지 유공 포상 전수식' 축사하는 윤호중 장관,= 윤호중 행정안전부 장관이 21일 오후 서울 중구 연세대학교 세브란스 빌딩 대회의실에서 열린 봄철 산불방지 유공 포상 전수식에서 축사하고 있다. (행정안전부 제공. 재판매 및 DB 금지) 2026.9.21/뉴스1,2026-09-21 16:21,https://www.news1.kr/photos/8118961,https://n.news.naver.com/mnews/article/421/0009183988?sid=102
연세대학교,뉴스1,축사하는 윤호중 장관,= 윤호중 행정안전부 장관이 21일 오후 서울 중구 연세대학교 세브란스 빌딩 대회의실에서 열린 봄철 산불방지 유공 포상 전수식에서 축사하고 있다. (행정안전부 제공. 재판매 및 DB 금지) 2026.9.21/뉴스1,2026-09-21 16:21,https://www.news1.kr/photos/8118962,https://n.news.naver.com/mnews/article/421/0009183989?sid=102
연세대학교,뉴스1,가을철 산불 대비 실천 결의 다짐,"= 21일 오후 서울 중구 연세대학교 세브란스 빌딩 대회의실에서 열린 봄철 산불방지 유공 포상 전수식에서 윤호중 행정안전부 장관, 박은식 산림청장 등이 가을철 산불 대비 실천 결의 다짐 세리머니를 하고 있다....",2026-09-21 16:21,https://www.news1.kr/photos/8118966,https://n.news.naver.com/mnews/article/421/0009183990?sid=102
연세대학교,이데일리,"수소 소부장, 인프라 확충 주문…""그린수소 전환은 단계적으로""","문일 연세대 교수, 윤의준 한국공학한림원 회장, 김소희 국회의원, 이광재 국회예산결산특별위원장, 이종배 국회수소경제포럼 대표의원, 정태호 국회수소경제포럼 대표의원 등 참석자들이 21일 서울 여의도에서 열린...",2026-09-21 16:20,https://www.edaily.co.kr/News/Read?newsId=03699846645582416&mediaCodeNo=257&utm_source=naver&utm_medium=referral&utm_campaign=news_syndication&utm_content=original_article,https://n.news.naver.com/mnews/article/018/0006373768?sid=101
연세대학교,ONEWS,"초고령화 시대 치매 리스크 대비… 한화생명·세브란스, 설계사 전문 교...","21일 한화생명은 연세대학교 세브란스병원과 협력 체계를 구축하고, 자사와 제휴를 맺은 전 계열 및 제휴 GA(법인보험대리점) 소속 설계사를 아우르는 '치매 케어 컨설턴트 양성 과정'을 공식 가동했다. 이번 교육...",2026-09-21 16:16,https://www.onews.tv/news/articleView.html?idxno=287674,https://www.onews.tv/news/articleView.html?idxno=287674
연세대학교,서울신문,"연세사랑병원, ‘고관절 관절내시경센터’ 개설… “진단·치료 전문성...","원장은 연세대 의대를 졸업하고 동 대학원에서 의학박사 학위를 취득했으며 세브란스병원 전임의, 이대목동병원 임상교수를 거쳤다”고 말했다. 연세사랑병원은 이번 센터 개설을 통해 퇴행성 고관절염과 스포츠 손상...",2026-09-21 16:14,https://www.seoul.co.kr/news/society/2026/09/21/20260921500263?wlog_tag3=naver,https://n.news.naver.com/mnews/article/081/0003682327?sid=102
고려대학교,DOCTORSTIMES,[의료기기업계 소식] 9월 21일,가톨릭대학교 의과대학 성의회관과 의생명산업연구원에서 열린 '대한검안학회 제11회 안과검사와... 첫 번째 연자로 나선 유성혜 고려대학교 안암병원 영상의학과 교수는 '치매 진료 현장에서 고도화된...,2026-09-21 16:12,http://www.doctorstimes.com/news/articleView.html?idxno=240115,http://www.doctorstimes.com/news/articleView.html?idxno=240115
연세대학교,에너지경제,[인터뷰] 이정훈 교수 “AI도시 결정 책임 누구…‘리빙랩’ 중요한 이...,"그래서 '리빙랩(Living Lab)'이 잘 만들어져야하고, 실증이나 테스트베드를 잘 디자인해서 AI가 실제 도시문제를 해결하고 시민의 삶을 변화시키는 경험과 노하우를 축적해야하죠."" 이정훈 연세대학교 정보대학원 교수는...",2026-09-21 16:12,https://www.ekn.kr/web/view.php?key=20260921028237401,https://www.ekn.kr/web/view.php?key=20260921028237401
연세대학교,DOCTORSTIMES,[병원계 소식] 9월 21일,"중앙대학교광명병원 주요 보직자와 지역 협력병원 주요 관계자 및 실무자들이 참석해 환자 의뢰·회송... ■ 강남세브란스병원, 장기기증 유공 보건복지부장관 표창 수상 연세대 강남세브란스병원(원장 김용욱)은 지난...",2026-09-21 16:12,http://www.doctorstimes.com/news/articleView.html?idxno=240091,http://www.doctorstimes.com/news/articleView.html?idxno=240091
연세대학교,메트로신문,한·뉴 과학기술 협력 세미나 개최…국제공동연구 확대 논의,겐트대학교 제공 한국과 뉴질랜드가 양국 간 과학기술 협력 확대와 국제공동연구 추진 방향을 논의했다.... 경희대와 연세대 연구진은 양자 과학기술 분야 연구 현황과 협력 가능성을 공유했다. 정병하 주뉴질랜드...,2026-09-21 16:10,http://www.metroseoul.co.kr/article/20260921500496,http://www.metroseoul.co.kr/article/20260921500496
연세대학교,브릿지경제,건설근로자공제회 새 전무이사에 김은철 전 중노위 상임위원,"건설노동자의 복지와 고용안정을 위해 최선을 다하겠다”고 밝혔다. 김 신임 전무이사는 연세대학교 정치외교학과를 졸업한 뒤 고용노동부 기획재정담당관과 국제협력관, 중앙노동위원회 상임위원 등을 역임했다.",2026-09-21 16:10,https://www.viva100.com/article/20260921501172,https://www.viva100.com/article/20260921501172
고려대학교,뉴시스,"3대3 여자 농구, 태국·인니 연파…첫 금메달 도전 시작[나고야AG]","한편 배길태 감독이 이끄는 한국 3대3 남자 농구는 구민교(성균관대), 김승우, 이주영(이상 연세대), 이동근(고려대) 등 대학생 선수들로 구성됐다. 남자부는 여자부와 동일하게 진행되며, 조별리그 D조에 속한...",2026-09-21 16:09,https://www.newsis.com/view/NISX20260921_0003798429,https://n.news.naver.com/mnews/article/003/0014205484?sid=104
연세대학교,뉴시스,"3대3 여자 농구, 태국·인니 연파…첫 금메달 도전 시작[나고야AG]","한편 배길태 감독이 이끄는 한국 3대3 남자 농구는 구민교(성균관대), 김승우, 이주영(이상 연세대), 이동근(고려대) 등 대학생 선수들로 구성됐다. 남자부는 여자부와 동일하게 진행되며, 조별리그 D조에 속한...",2026-09-21 16:09,https://www.newsis.com/view/NISX20260921_0003798429,https://n.news.naver.com/mnews/article/003/0014205484?sid=104
고려대학교,한국강사신문,"국립국어원, 인공지능 시대 한국어 자원의 미래 모색…'모두의 말뭉치'...","마지막 패널 토론에서는 도원영 고려대학교 교수, 홍성은 강남대학교 교수, 이정수 ㈜플리토 대표, 곽용진 ㈜이르테크 대표가 참여해 학계와 산업계의 시각에서 인공지능 시대 언어자원의 활용 방향을 논의했다. 이번...",2026-09-21 16:06,https://www.lecturernews.com/news/articleView.html?idxno=210952,https://www.lecturernews.com/news/articleView.html?idxno=210952
고려대학교,THEPOWERNEWS,"청소년·청년 봉사, 교육·기업 협력으로 잇는다…이민옥 “제도 지원”","이어 정진경 광운대학교 교수를 좌장으로 청년봉사와 학교봉사, 대학협력, 기업사회공헌 등 분야별 토론이 진행됐다. 한세진 청년기획봉사 참여자와 여경원 서울시교육청 주무관, 오지혜 고려대학교 연구교수, 최주일...",2026-09-21 16:06,https://www.thepowernews.co.kr/view.php?ud=202609211603586383de3f0aa1be_7,https://www.thepowernews.co.kr/view.php?ud=202609211603586383de3f0aa1be_7
고려대학교,TODAYENERGY,"홍의락 가스공사 사장, 해외자원산업협회장 선임…""변화를 도약의 기회...","경북 봉화 출신인 홍 회장은 대구 계성고와 고려대 농업경제학과를 졸업했다. 제19·20대 국회의원과 대구광역시 경제부시장을 지냈고, 20대 국회 후반기에는 산업통상자원중소벤처기업위원회 간사를 맡아 산업·에너지...",2026-09-21 16:04,https://www.todayenergy.kr/news/articleView.html?idxno=303355,https://www.todayenergy.kr/news/articleView.html?idxno=303355
고려대학교,HIDOC,"치매 치료제 레켐비, 한국인 연구서 '안전성' 확인... 부작용 대부분 경...","비용을 고려할 때 치료 여부는 개인 상황에 맞춰 결정돼야 한다""며 의료진이 환자∙보호자와 함께 판단하는 '공동 의사결정'의 중요성을 강조했다. 고려대 연구팀의 연구 결과(Real-world implementation of lecanemab in Korean...",2026-09-21 16:02,https://news.hidoc.co.kr/news/articleView.html?idxno=67811,https://news.hidoc.co.kr/news/articleView.html?idxno=67811
연세대학교,국제뉴스,2027 KBO 신인 드래프트 8라운드 지명 결과,위즈(연세대 투수 조영우) ▲NC 다이노스(대구고 투수 마진혁) ▲삼성 라이온즈(강릉영동대 내야수 원상윤) ▲SSG 랜더스(서울컨벤션고 투수 신동현) ▲한화 이글스(세광고 투수 이준호) ▲LG 트윈스(동국대 내야수...,2026-09-21 16:02,https://www.gukjenews.com/news/articleView.html?idxno=3702340,https://www.gukjenews.com/news/articleView.html?idxno=3702340
연세대학교,연합뉴스,2026년 봄철 산불방지 유공 포상 전수식,"21일 서울 연세대학교 세브란스 빌딩 대회의실에서 열린 봄철 산불방지 유공 포상 전수식에서 윤호중 행정안전부 장관, 박은식 산림청장과 포상 대상자들이 가을철 산불 대비 실천 결의 다짐 세리머니를 하고 있다....",2026-09-21 16:00,https://www.yna.co.kr/view/PYH20260921201800013?input=1196m,https://n.news.naver.com/mnews/article/001/0016327005?sid=102
연세대학교,연합뉴스,"윤호중 장관, 2026년 산불방지 유공 포상 전수식 참석",윤호중 행정안전부 장관이 21일 서울 연세대학교 세브란스 빌딩 대회의실에서 열린 봄철 산불방지 유공 포상 전수식에 참석해 축사하고 있다. 2026.9.21 [행정안전부 제공. 재판매 및 DB 금지],2026-09-21 15:58,https://www.yna.co.kr/view/PYH20260921201300013?input=1196m,https://n.news.naver.com/mnews/article/001/0016326993?sid=102
고려대학교,블로터,"[여의도 CEO 20년]⑲ iM증권, 지주 편입 후 짧아진 임기","새 대표인 박 사장은 1969년생으로 고려대 불어불문학과를 졸업한 뒤 하나은행과 BNP파리바를 거쳐 메리츠증권과 DS투자증권, IBK투자증권에서 트레이딩과 세일즈앤드트레이딩 부문을 총괄했다. 임기는 2028년 3월...",2026-09-21 15:57,https://www.bloter.net/news/articleView.html?idxno=674095,https://n.news.naver.com/mnews/article/293/0000090753?sid=101
연세대학교,프라임경제,엘앤씨바이오·휴젤 등 20개사 뭉쳤다…한국 인체조직 ECM 바이오산업협...,"이주희 초대 회장은 25년 이상 임상 경험을 쌓아온 피부과 전문의로, 연세대학교 의과대학 피부과학교실 주임교수와 세브란스병원 피부과장, 연세의대 피부생물학연구소장 등을 역임했다. 오랜 임상·연구 경험과...",2026-09-21 15:52,http://www.newsprime.co.kr/news/article.html?no=748588,http://www.newsprime.co.kr/news/article.html?no=748588
연세대학교,E-PLATFORM,"한수원, 봄철 산불방지 노력 인정받아…국무총리 표창 '영예'",한국수력원자력(사장 김회천)이 21일 연세대학교 세브란스빌딩에서 열린 행정안전부 주관 '2026년 봄철 산불방지 유공 포상' 시상식에서 단체 부문 국무총리 기관표창을 수상했다. 이번 수상은 2022년 울진 산불과 2025년...,2026-09-21 15:52,http://www.e-platform.net/news/articleView.html?idxno=105580,http://www.e-platform.net/news/articleView.html?idxno=105580
고려대학교,DAILYVET,고려대 의대 혈액내과 박용 교수 초청 무료 ‘혈액암’ 웨비나 10월 개최,해마루반려동물의료재단(이사장 김소현)이 고려대학교 의과대학 혈액내과 박용 교수를 초청해 ‘혈액암의 병태생리와 치료’를 주제로 무료 웨비나를 개최한다.이번 웨비나는 사람의학에서 축적된 혈액암의...,2026-09-21 15:52,https://www.dailyvet.co.kr/news/academy/297853,https://www.dailyvet.co.kr/news/academy/297853
연세대학교,스포츠서울,"필라테스˙발레˙웨이트˙요가 결합 운동법, 유연한 신체와 다이어트 근...","세브란스 대학병원에서 메디컬 및 재활 필라테스 수업을 이끌고 있으며, 현대백화점과 연세대학교에서 바레 강의를 진행하며 전문성을 인정받고 있다. 2026 스포츠서울 라이프특집 이노베이션 리더 대상에 선정된 이...",2026-09-21 15:49,https://www.sportsseoul.com/news/read/1636784?ref=naver,https://n.news.naver.com/mnews/article/468/0001267978?sid=103
연세대학교,파이낸셜뉴스,"""올 봄 산불피해 99% 줄였다""...범정부 '산불 원팀' 유공자 488명 포상","산림청과 행정안전부는 21일 서울 서대문구 연세대학교 세브란스빌딩에서 '2026년 봄철 산불방지 유공 포상 전수식'을 열고, 현장에서 헌신한 유공자와 기관에 모두 488점의 포상을 수여했다고 21일 밝혔다. 이번 포상은...",2026-09-21 15:44,https://www.fnnews.com/news/202609211521086113,https://n.news.naver.com/mnews/article/014/0005579052?sid=102
연세대학교,FACTIN,"전략경제자문단, 딥엑스 방문…국산 반도체 활용 확대 논의","이날 현장 방문에는 자문단 위원장인 박영선 전 중소벤처기업부 장관과 김성수 연세대 공과대학 특임교수, 반도체 분과위원장인 김정호 KAIST 전기및전자공학부 교수 등이 참석했다. 기업 측에서는 조재홍 딥엑스 상무와...",2026-09-21 15:38,https://www.factin.co.kr/news/articleView.html?idxno=7076,https://www.factin.co.kr/news/articleView.html?idxno=7076
고려대학교,주간동아,"“저출생, 한국인 정체성과 가족문화 뿌리 회복해야 풀 수 있어”",“경제적 지원만으로는 저출생 해결 어려워” 최은실 소비와가치연구소장 겸 고려대 겸임교수는 ‘저출생 인구위기 극복을 위한 패러다임 전환-경제적 지원을 넘어 가족 중심 문화로‘를 주제로 발표했다. 최 소장은...,2026-09-21 15:34,https://weekly.donga.com/3/all/11/6394744/1,https://n.news.naver.com/mnews/article/037/0000038871?sid=102
연세대학교,M-JOONGANG,단단했던 세계의 경계가 무너진다,"박용민 연세대 정치외교학과를 졸업하고 영국 케임브리지대에서 국제관계 석사 학위를 받았다. 국립외교원 경력교수, 외교부 다자외교조정관, 주르완다 대사, 주센다이 총영사로 봉직했고 현재는 주태국 대사로 재직...",2026-09-21 15:32,https://www.m-joongang.com/news/articleView.html?idxno=403064,https://www.m-joongang.com/news/articleView.html?idxno=403064
연세대학교,국제뉴스,2027 KBO 신인 드래프트 3라운드 지명 결과,이현민) ▲KT 위즈(충암고 투수 김지율) ▲NC 다이노스(강릉고 투수 임준원) ▲NC다이노스(덕수고 외야수 황성현) ▲SSG 랜더스(경동고 투수 용석민) ▲한화 이글스(유신고 투수 박찬희) ▲LG 트윈스(연세대 포수 김동주),2026-09-21 15:32,https://www.gukjenews.com/news/articleView.html?idxno=3702299,https://www.gukjenews.com/news/articleView.html?idxno=3702299
연세대학교,M-JOONGANG,전력·용수·인재가 지역 '산업 대전환' 성패 가를 복병,"대규모 건설투자와 고용 창출은 물론 반도체 소재·부품·장비 기업의 집적, 협력업체 유입, 지역 대학의... 김대중 대통령 퇴임 후 김대중평화센터 상임이사, 연세대 김대중도서관장을 맡는 등 기념사업에 전념해 왔다....",2026-09-21 15:32,https://www.m-joongang.com/news/articleView.html?idxno=403063,https://www.m-joongang.com/news/articleView.html?idxno=403063
연세대학교,LAWLEADER,"김혜경 ""공소청, 불송치 전담 부서 부재…법무부에 검사 파견 금지해야...","한상훈 참여연대 사법감시센터 실행위원(연세대 법학전문대학원 교수), 김혜경 참여연대 사법감시센터 실행위원(계명대 경찰행정학과 교수), 오병두 참여연대 사법감시센터 실행위원(홍익대 법과대학 교수) 등이 참석했다.",2026-09-21 15:30,http://www.lawleader.co.kr/news/articleView.html?idxno=19997,http://www.lawleader.co.kr/news/articleView.html?idxno=19997
고려대학교,E2NEWS,"""안전문화, 제도 넘어 행동으로"" 대한산업안전협회, '제3회 K-Safety Future...",발표는 ▲현장 작동성 기반 안전문화 전략(강태원 대한산업안전협회 전남지회장) ▲안전문화 성숙단계에 따른 하부문화 증진과 현장 실천(윤석준 고려대학교 보건과학연구소 교수) ▲상생추구 파트너십을 통한...,2026-09-21 15:30,http://www.e2news.com/news/articleView.html?idxno=334469,http://www.e2news.com/news/articleView.html?idxno=334469
고려대학교,INEWS365,충북형 AI 인재 양성 기반 만든다,"김자미 고려대학교 교수를 연구책임자로 한 연구진은 지난 4월부터 초·중등 교육 프로그램 및 이수체계 개발을 위한 정책연구를 수행해 왔다. 김 교수는 이날 연구 결과를 발표한 뒤 학교 관리자와 교사, 교육연구...",2026-09-21 15:28,https://www.inews365.com/news/article.html?no=936730,https://www.inews365.com/news/article.html?no=936730
연세대학교,뉴스1,"신장이식 후 보존, 혈압관리 중요…잘 관리하면 저하 위험 53%↓",양재석 연세대 세브란스병원 교수가 장기 코호트 연구를 진행했다. 국내 신장이식 환자의 평균 연령은 45.8세였고 이식 전 앓았던 신장질환은 사구체신염이 31%로 가장 많았다. 또 우리나라 신장이식 공여자는 뇌사자...,2026-09-21 15:27,https://www.news1.kr/bio/welfare-medical/6297649,https://n.news.naver.com/mnews/article/421/0009183753?sid=105
연세대학교,이데일리,"수출 잭팟 터진 K뷰티, 하반기 대규모 채용 나선다","이를 위해 연세대, 고려대 등 국내 7개 주요 대학에서 캠퍼스 리크루팅을 실시했다. 뷰티업계 관계자는 “올해 하반기 채용은 글로벌 트렌드에 대응할 수 있는 인재를 찾는 게 핵심”이라며 “또 K뷰티의 혁신 기술...",2026-09-21 15:26,https://www.edaily.co.kr/News/Read?newsId=03460406645582416&mediaCodeNo=257&utm_source=naver&utm_medium=referral&utm_campaign=news_syndication&utm_content=original_article,https://n.news.naver.com/mnews/article/018/0006373713?sid=101
고려대학교,이데일리,"수출 잭팟 터진 K뷰티, 하반기 대규모 채용 나선다","이를 위해 연세대, 고려대 등 국내 7개 주요 대학에서 캠퍼스 리크루팅을 실시했다. 뷰티업계 관계자는 “올해 하반기 채용은 글로벌 트렌드에 대응할 수 있는 인재를 찾는 게 핵심”이라며 “또 K뷰티의 혁신 기술...",2026-09-21 15:26,https://www.edaily.co.kr/News/Read?newsId=03460406645582416&mediaCodeNo=257&utm_source=naver&utm_medium=referral&utm_campaign=news_syndication&utm_content=original_article,https://n.news.naver.com/mnews/article/018/0006373713?sid=101
연세대학교,SAFETIMES,"두산로보틱스, 신임 CEO에 권영민 사장 선임","권 사장은 연세대학교 공과대학을 졸업하고 미국 일리노이대학교 경영대학원에서 회계학 석사 학위를 받았다. 두산로보틱스 관계자는 ""글로벌 사업과 경영 전반에서 쌓은 경험을 바탕으로 회사의 중장기 성장과...",2026-09-21 15:24,https://www.safetimes.co.kr/news/articleView.html?idxno=245898,https://www.safetimes.co.kr/news/articleView.html?idxno=245898
고려대학교,뉴스핌,[60초 교육정책] 반도체·AI 인재 1만4000명 키운다,"교육부는 지난 8일 경남대, 국립금오공대, 고려대 세종캠퍼스, 국립목포대, 우석대, 단국대 등 6개 대학을... 학생이 지역에서 대학 교육을 받고 산업현장 경험을 쌓은 뒤 권역 내 기업에 취업해 정착하는 선순환 구조를...",2026-09-21 15:24,https://www.newspim.com/news/view/20260921000821,https://www.newspim.com/news/view/20260921000821
연세대학교,한국경제TV,유해균 잡고 유익균 지킨다…구강 염증 치료 신소재 개발,"연세대학교 치과대학 최성환(교정과학교실)·차재국(치주과학교실)·만갈 웃커시(구강생물학교실) 교수, 연세대학교 화공생명공학과 홍진기 교수, 미국 매사추세츠공과대학교(MIT) 기계공학과 조반니 트라베르소 교수...",2026-09-21 15:21,http://www.wowtv.co.kr/NewsCenter/News/Read?articleId=A202609210160&t=NN,https://n.news.naver.com/mnews/article/215/0001266721?sid=101
고려대학교,머니투데이,"두통 참으려다 '독약' 삼켰다?...""꼭 병원 가세요"" 위험 신호는","고려대 안산병원 뇌종양센터 소속 서영범 신경외과 교수는 ""두통, 시야 장애 같은 증상이 이어지나... 만성 편두통 땐 주사·산소치료 등도 고려해야 두통 치료법도 원인·유형에 따라 달라진다. 편두통은 증상과 빈도에...",2026-09-21 15:20,https://www.mt.co.kr/thebio/2026/09/21/2026092110235492081,https://n.news.naver.com/mnews/article/008/0005416806?sid=103
연세대학교,INCHEONIN,"'한국여성의정 인천정치학교', 29일~10월 1일 여성 정치교육 개최","김윤정 연세대 인공지능융합대 인공지능 책임연구원) ▲3강 '여성과 정치'(29일 오후 3~5시, 심상정... 김현미 연세대 교수) ▲7강 '정치 스피치의 실제'(30일 오후 5~7시, 최광기 토크컨설팅 대표) ▲8강 '여성 정치가...",2026-09-21 15:18,http://www.incheonin.com/news/articleView.html?idxno=120968,http://www.incheonin.com/news/articleView.html?idxno=120968
고려대학교,뉴스티앤티,"고려대-SK, 외국인 첨단분야 인재 육성 장학사업 확대","송진원 고려대 대학원장은 수여식에서 ""이번에 선발된 학생들은 각자의 분야에서 꾸준한 노력과 우수한 역량을 보여주었다""며 ""장학 프로그램을 통해 잠재력을 마음껏 펼치고 목표를 향해 나아가는 데 도움이...",2026-09-21 15:16,https://www.newstnt.com/news/articleView.html?idxno=719433,https://www.newstnt.com/news/articleView.html?idxno=719433
고려대학교,파이낸셜포스트,"김일평 라이나손보 신임 대표, 개인보험 성장·수익성 확보 과제",김 대표는 고려대에서 통계학을 전공하고 카이스트 대학원에서 금융공학 석사학위를 받았다. 1993년 7월 삼성화재에 입사해 자동차상품파트장과 자동차보험전략팀장 등을 거쳤다. 2022년 12월부터는...,2026-09-21 15:14,https://www.financialpost.co.kr/news/articleView.html?idxno=276781,https://www.financialpost.co.kr/news/articleView.html?idxno=276781
고려대학교,TTLNEWS,"이민옥 서울시의회 행정자치위원장, ""미래세대 성장의 나침반은 자원봉...","서울여자대학교 이선미 교수가 연단에 올라 '왜 지금, 미래세대에게 봉사 경험인가'를 주제로 자원봉사가... 주무관, 고려대학교 오지혜 연구교수, SK행복나눔재단 최주일 본부장이 각각 청년봉사, 학교현장, 대학협력...",2026-09-21 15:14,http://www.ttlnews.com/news/articleView.html?idxno=3145864,http://www.ttlnews.com/news/articleView.html?idxno=3145864
연세대학교,뉴스티앤티,"성균관대, 뇌 면역 조절로 알츠하이머병 치료 가능성 제시",성균관대학교는 글로벌바이오메디컬공학과 서민아 교수 연구팀이 뇌 속 면역조절 단백질을 조절해... 연구에는 바이오기업 아임뉴런과 연세대 의대 권호근 교수 연구팀이 공동으로 참여했다. 연구 결과는 국제...,2026-09-21 15:12,https://www.newstnt.com/news/articleView.html?idxno=719422,https://www.newstnt.com/news/articleView.html?idxno=719422
고려대학교,뉴스티앤티,"고려대, 땀으로 체내 약물 농도 추적하는 피부 패치 개발",고려대학교 연구진이 채혈 없이 피부에 부착하는 얇은 패치로 땀 속 약물 대사물질을 분석해 체내 약물 농도와 분해 시점을 추적하는 기술을 개발했다. 고려대 바이오의공학부 정호상·유용상 교수 공동연구팀은 이...,2026-09-21 15:12,https://www.newstnt.com/news/articleView.html?idxno=719421,https://www.newstnt.com/news/articleView.html?idxno=719421
연세대학교,BUSINESSKOREA,"한수원, 산불 대응 성과로 국무총리 표창",한국수력원자력(이하 한수원)은 21일 연세대학교 세브란스빌딩에서 열린 행정안전부 주관 '2026년 봄철 산불방지 유공 포상' 시상식에서 단체 부문 국무총리 기관표창을 수상했다. 한수원은 올해 경주와 밀양에서 발생한...,2026-09-21 15:08,https://www.businesskorea.co.kr/news/articleView.html?idxno=277442,https://www.businesskorea.co.kr/news/articleView.html?idxno=277442
연세대학교,연합뉴스,올봄 산불면적 99%↓·사망자 0명…민관 유공자 488점 대거 포상,"행정안전부와 산림청은 21일 연세대에서 '2026년 봄철 산불방지 유공 포상 전수식'을 개최하고, 산불 방지에 헌신한 유공자와 단체에 포상을 전달했다고 21일 밝혔다. 정부는 작년 초대형 산불을 교훈 삼아 관계기관...",2026-09-21 15:00,https://www.yna.co.kr/view/AKR20260921089000530?input=1195m,https://n.news.naver.com/mnews/article/001/0016326651?sid=100
고려대학교,경향신문,채혈 없이 땀 한 방울이면 ‘OK’··· 몸속 약물 농도 추적하는 피부 ...,고려대학교 바이오의공학부 정호상·유용상 교수 공동연구팀은 이 센서 기술을 개발해 제조·공학 분야 학술지 ‘국제 익스트림 매뉴팩처링 저널(International Journal of Extreme Manufacturing)’에 발표했다고 21이 밝혔다....,2026-09-21 15:00,https://www.khan.co.kr/article/202609211500021,https://n.news.naver.com/mnews/article/032/0003471737?sid=103
연세대학교,루키,"김승우까지 드래프트 가세, '얼리 엔트리만 9명' 2026 KBL 신인드래프트...",연세대 김승우 포함 9명의 얼리 엔트리 참가자가 탄생했다. 이번 2026 KBL 신인드래프트 명단이 확정되었다.... 7어시스트를 올리며 대학 최고의 3&D 자원으로 성장했다. 이번 시즌에도 그의 성장은 멈추지 않았다. 13경기에...,2026-09-21 14:59,http://www.rookie.co.kr/news/articleView.html?idxno=127120,https://m.sports.naver.com/basketball/article/398/0000102823
고려대학교,루키,"김승우까지 드래프트 가세, '얼리 엔트리만 9명' 2026 KBL 신인드래프트...",성균관대에서는 이관우와 구민교가 한 해 먼저 프로 무대에 도전하며 고려대에서는 슈터 심주언이 얼리... 7어시스트를 올리며 대학 최고의 3&D 자원으로 성장했다. 이번 시즌에도 그의 성장은 멈추지 않았다. 13경기에...,2026-09-21 14:59,http://www.rookie.co.kr/news/articleView.html?idxno=127120,https://m.sports.naver.com/basketball/article/398/0000102823
연세대학교,NEWSQUEST,"한수원, 산불방지 유공 국무총리 표창…종합대책 이행 성과","한국수력원자력(사장 김회천, 이하 한수원)은 21일 연세대학교 세브란스빌딩에서 열린 행정안전부 주관 '2026년 봄철 산불방지 유공 포상' 시상식에서 단체 부문 국무총리 기관표창을 받았다. 한수원은 2022년 울진 산불과...",2026-09-21 14:56,https://www.newsquest.co.kr/news/articleView.html?idxno=301382,https://www.newsquest.co.kr/news/articleView.html?idxno=301382
고려대학교,CCDN,"국립한밭대 김정현 교수 연구팀, 세리아 복합화로 연료전지 코발트 용출...","김정현 국립한밭대학교 신소재공학과 교수 연구팀이 고체산화물 연료전지(SOFC) 공기극에서 발생하는... 이번 연구에는 국립한밭대를 비롯해 ㈜미코파워, 한국세라믹기술원, 고려대, 한국기계연구원, ㈜엑센...",2026-09-21 14:54,https://www.ccdn.co.kr/news/articleView.html?idxno=1101160,https://www.ccdn.co.kr/news/articleView.html?idxno=1101160
고려대학교,DAILYVET,역학 연구자들 중심으로..한국역학회 원헬스연구회 출범,초대 회장을 맡은 고려대 의대 천병철 교수는 “원헬스에 대한 관심이 높아지고 정부 기관 내에서도 활발히 논의되고 있다”면서 연구회가 학문적 뒷받침과 함께 외부에서 바라보는 객관적 시각을 제공하겠다고 전했다....,2026-09-21 14:52,https://www.dailyvet.co.kr/news/academy/297829,https://www.dailyvet.co.kr/news/academy/297829
고려대학교,NEWS2DAY,"[재계 인사이드] 이재용·최태원·정의선·구광모 체제, 옅어진 지역연...","그는 고려대학교와 동아일보사를 세웠다. 현재 재계 10위권 내에 있는 기업의 창업주 고향은 삼성과 LG, 롯데... 1968년 서울에서 태어나 초·중·고등학교와 대학을 다녔다. 현재 이재용 체제의 주축을 이루는 전영현...",2026-09-21 14:52,https://www.news2day.co.kr/article/20260921500123,https://www.news2day.co.kr/article/20260921500123
연세대학교,프레시안,"춘천폴리텍대학, 지역사회 협력으로 청소년 미래인재 육성","청소년의 진로 역량 강화와 교육 기회 확대에 힘쓰고 있다. 최근 연세대 대학원 총동문회와 공동으로 제2회 한마음 한뜻 진로 행사를 열고, 청소년 미래역량 포럼을 후원하는 등 지역 교육 격차 해소 활동을 이어가고 있다.",2026-09-21 14:50,https://www.pressian.com/pages/articles/2026092113450378200?utm_source=naver&utm_medium=search,https://n.news.naver.com/mnews/article/002/0002457752?sid=102
연세대학교,LAWLEADER,"검찰개혁 한상훈 ""수사-기소 분리는 1954년부터 논의…오랜 꿈""","한상훈 연세대 법학전문대학원 교수는 17일 이재명 정부의 검찰개혁을 두고 ""법률가ㆍ법조인의 오랜 꿈과 이상이 실현되는 장기적인 프로젝트였다""고 평가했다. 오는 10월 2일로 검찰청의 폐지를 앞두고, 참여연대는 이날...",2026-09-21 14:48,http://www.lawleader.co.kr/news/articleView.html?idxno=19995,http://www.lawleader.co.kr/news/articleView.html?idxno=19995
연세대학교,뉴시스,"한수원, 원전 주변 산불 예방·대응 공로로 국무총리 표창",한국수력원자력은 21일 서울 연세대학교 세브란스빌딩에서 열린 행정안전부 주관 '2026년 봄철 산불방지 유공 포상' 시상식에서 단체 부문 국무총리 기관표창을 받았다고 밝혔다. 한수원은 2022년 울진 산불과 2025년 영남권...,2026-09-21 14:46,https://www.newsis.com/view/NISX20260921_0003798515,https://n.news.naver.com/mnews/article/003/0014204873?sid=101
고려대학교,NEWSCLAIM,[SK 인사 전망]① 지난해 발탁한 사장들 지금은… 연말 앞둔 SK 인사판,"1969년생인 김 사장은 고려대 불어불문학과를 졸업하고 같은 대학에서 MBA를 마쳤다. SKC 사업모델 혁신 조직을 거쳐 SK엔펄스 사업개발본부장과 대표, ISC 대표, SK시그넷 대표 등을 맡았다. 올해 3월 SKC 대표이사로 공식...",2026-09-21 14:46,https://www.newsclaim.co.kr/news/articleView.html?idxno=3076052,https://www.newsclaim.co.kr/news/articleView.html?idxno=3076052
연세대학교,NEWSCLAIM,[SK 인사 전망]① 지난해 발탁한 사장들 지금은… 연말 앞둔 SK 인사판,1963년생인 최재원 수석부회장은 미국 브라운대 물리학과를 졸업하고 스탠퍼드대 대학원에서 재료공학... 연세대에서 경영학을 전공했다. 구글 근무를 거쳐 SK플래닛과 SK텔레콤에서 전략·사업 업무를 맡았고 SK...,2026-09-21 14:46,https://www.newsclaim.co.kr/news/articleView.html?idxno=3076052,https://www.newsclaim.co.kr/news/articleView.html?idxno=3076052
고려대학교,TVDAILY,"QWER, 팬 투표로 완성한 '소년만화'…오늘(21일) '소년만화 & 피카레스크...","앞서 QWER은 지난 12일과 13일 서울 고려대학교 화정체육관에서 두 번째 투어 '록케이션 : 로켓 런치!!(ROCKATION : ROCKET LAUNCH!!)' 서울 공연을 마쳤다. 이후 10월 10일과 11일 타이베이를 시작으로 10월 13일 후쿠오카, 10월...",2026-09-21 14:46,http://www.tvdaily.co.kr/read.php3?aid=17899694761802960010,https://m.entertain.naver.com/article/440/0000046153
연세대학교,핀포인트뉴스,"한수원, 산불방지 유공 국무총리 표창",한수원은 21일 연세대학교 세브란스빌딩에서 열린 행정안전부 주관 '2026년 봄철 산불방지 유공 포상' 시상식에서 단체 부문 국무총리 기관표창을 받았다고 이날 밝혔다. 이번 포상에는 2022년 울진 산불과 2025년 영남권...,2026-09-21 14:46,https://www.pinpointnews.co.kr/news/articleView.html?idxno=489154,https://www.pinpointnews.co.kr/news/articleView.html?idxno=489154
고려대학교,쿠키뉴스,한국인 레카네맙 실제 진료 분석…“이상반응 대부분 경증·무증상”,고려대구로병원 신경과 강성훈 교수 연구팀은 레카네맙의 국내 실제 임상 안전성과 초기 치료 양상을... 연구팀은 2024년 12월부터 2025년 10월까지 고려대구로병원 알츠하이머예방센터에서 레카네맙 치료를 시작한...,2026-09-21 14:44,https://www.kukinews.com/article/view/kuk202609210128,https://www.kukinews.com/article/view/kuk202609210128
연세대학교,1CONOMYNEWS,"정진혁 철도공단 이사장, 조직개편 추진…'기본과 원칙' 강조","연세대학교 도시공학과 교수로 재직하며, 대한교통학회장, 국가교통위원회 위원 등을 역임한 교통계획 분야 전문가다. 그는 취임식부터 '미래지향적 국가철도공단이 되기 위해 원칙과 기본으로 돌아가자'를 경영...",2026-09-21 14:44,https://www.1conomynews.co.kr/news/articleView.html?idxno=50508,https://www.1conomynews.co.kr/news/articleView.html?idxno=50508
연세대학교,핀포인트뉴스,"목동·상계가 강남 제쳤다…서울 아파트 증여, 재건축 단지로 확산","고준석 연세대학교 상남경영원 교수는 ""자산가 비중이 높은 강남권은 오래 전부터 증여 거래가 꾸준했다""며 ""최근에는 집값 상승과 다주택자 규제 및 세제 강화 기조 등이 맞물리면서 증여를 서두르는 수요가...",2026-09-21 14:44,https://www.pinpointnews.co.kr/news/articleView.html?idxno=489150,https://www.pinpointnews.co.kr/news/articleView.html?idxno=489150
고려대학교,마이데일리,"고대 구로병원·강릉의료원, 지역의료 발전 위한 업무협약","고려대학교 구로병원은 지난 18일 병원에서 강릉의료원과 지역의료 발전을 위한 업무협약(MOU)을 체결했다고 21일 밝혔다. 협약식에는 민병욱 고려대 구로병원장, 조금준 연구부원장, 최안나 강릉의료원장 등 양 기관...",2026-09-21 14:44,https://www.mydaily.co.kr/page/view/2026092114430112275,https://n.news.naver.com/mnews/article/117/0004107683?sid=102
고려대학교,뉴스1,"한림대 일송학원, 수익용 땅 6763억 원…사립대 법인 중 3위","강원 한림대학교를 운영하는 학교법인 일송학원의 수익용 토지 평가액이 6763억 원으로 전국... 이들 대학의 캠퍼스 밖 교육용 토지 전체 면적은 고려대 1311.5㏊, 동국대 796.1㏊, 연세대 569.7㏊다. 전국적으로는...",2026-09-21 14:42,https://www.news1.kr/local/kangwon/6297552,https://n.news.naver.com/mnews/article/421/0009183562?sid=102
연세대학교,뉴스1,"한림대 일송학원, 수익용 땅 6763억 원…사립대 법인 중 3위",강원 한림대학교를 운영하는 학교법인 일송학원의 수익용 토지 평가액이 6763억 원으로 전국... 9위 연세대는 춘천 서면 덕두원리에 각각 가장 큰 필지를 보유했다. 이들 대학의 캠퍼스 밖 교육용 토지 전체 면적은...,2026-09-21 14:42,https://www.news1.kr/local/kangwon/6297552,https://n.news.naver.com/mnews/article/421/0009183562?sid=102
고려대학교,SMARTBIZN,"서울시, AI·바이오 등 외국인 이공계 석사 장학생 28명 선발","선발된 장학생들은 건국대·경희대·고려대·서강대·서울과기대·서울시립대·성균관대·숭실대 등 서울 소재 8개 대학에서 AI·컴퓨터공학과 바이오·의생명, 지능로봇, 항공우주·모빌리티 등 관련 분야를 공부한다....",2026-09-21 14:38,https://www.smartbizn.com/news/articleView.html?idxno=154477,https://www.smartbizn.com/news/articleView.html?idxno=154477
고려대학교,서울신문,“가족 가치 회복이 인구위기 해법”…‘2026 글로벌패밀리포럼’ 성료,최은실 소비와가치연구소 소장 겸 고려대학교 겸임교수는 경제적 지원만으로 청년세대의 결혼과 출산을 이끌어내기 어렵다며 인구 관리에서 건강한 가족관계를 지원하는 가족정책으로 전환해야 한다고 제안했다....,2026-09-21 14:35,https://www.seoul.co.kr/news/economy/2026/09/21/20260921500186?wlog_tag3=naver,https://n.news.naver.com/mnews/article/081/0003682251?sid=101
연세대학교,HBNPRESS,"연세사랑병원, 고관절 관절내시경센터 신설...정재현 원장 '센터장'",연세사랑병원이 고관절 질환의 진단과 관절내시경 치료를 담당하는 전문센터를 신설했다. 연세사랑병원은... 센터장을 맡은 정재현 원장은 연세대학교 의과대학을 졸업하고 동 대학원에서 의학박사 학위를 받았다....,2026-09-21 14:34,https://hbnpress.com/news/view/1065591078565525,https://hbnpress.com/news/view/1065591078565525
연세대학교,뉴시스,100대 기업 사외이사 10명 중 4명 교수…27%는 이공계,"국내 시가총액 상위 100대 상장기업의 사외이사 10명 중 4명은 현직 대학교수인 것으로 나타났다. 교수... 교수 사외이사의 소속 대학은 서울대가 46명(24.2%)으로 가장 많았다. 고려대 22명(11.6%), 연세대 15명(7.9...",2026-09-21 14:32,https://www.newsis.com/view/NISX20260921_0003798464,https://n.news.naver.com/mnews/article/003/0014204822?sid=102
고려대학교,뉴시스,100대 기업 사외이사 10명 중 4명 교수…27%는 이공계,"국내 시가총액 상위 100대 상장기업의 사외이사 10명 중 4명은 현직 대학교수인 것으로 나타났다. 교수... 교수 사외이사의 소속 대학은 서울대가 46명(24.2%)으로 가장 많았다. 고려대 22명(11.6%), 연세대 15명(7.9...",2026-09-21 14:32,https://www.newsis.com/view/NISX20260921_0003798464,https://n.news.naver.com/mnews/article/003/0014204822?sid=102
연세대학교,FTODAY,"연세사랑병원 '고관절 관절내시경센터' 개설…""정밀 진단·최소침습으로...","새롭게 문을 연 센터는 정형외과 전문의인 정재현 원장이 센터장을 맡아 체계적이고 전문적인 진료를... 정재현 센터장은 연세대학교 의과대학 졸업 및 동 대학원 의학박사 취득 후, 세브란스병원 전임의와 이대목동병원...",2026-09-21 14:28,http://www.ftoday.co.kr/news/articleView.html?idxno=365883,http://www.ftoday.co.kr/news/articleView.html?idxno=365883
고려대학교,서울신문,"이민옥 서울시의회 행정자치위원회 위원장, ‘서울 자원봉사 컨퍼런스...","발제에서는 이선미 서울여자대학교 교수가 “왜 지금, 미래세대에게 봉사 경험인가”를 주제로 자원봉사의... 오지혜 고려대학교 연구교수, 최주일 SK행복나눔재단 본부장이 각각 청년봉사, 학교봉사, 대학협력...",2026-09-21 14:25,https://www.seoul.co.kr/news/publicnews/local_govern/smc_movement/2026/09/21/20260921500175?wlog_tag3=naver,https://n.news.naver.com/mnews/article/081/0003682240?sid=102
연세대학교,문화일보,건설근로자공제회 신임 전무이사에 김은철 전 중노위 상임위원,"김 전무이사는 1969년생으로 연세대 정치외교학과를 졸업했다. 행정고시 39회 합격 후 고용노동부 규제개혁법무담당관, 기획재정담당관, 국제협력관 등을 지냈다. 임기는 취임일로부터 2년으로 이날부터 2028년 9월...",2026-09-21 14:24,https://www.munhwa.com/article/11618617?ref=naver,https://n.news.naver.com/mnews/article/021/0002820346?sid=102
고려대학교,BREAKNEWS,"이재명 대통령, 권력을 유지하고 싶다면? 오세훈 말을 들으시라!",오세훈은 변호사이자 고려대 석좌교수를 지낸 대표적인 지식인 정치인이다.... 미국변호사 -동국대학교 경영전문대학원 석좌교수 –숭실사이버대학교 총장...,2026-09-21 14:24,http://www.breaknews.com/1238216,http://www.breaknews.com/1238216
고려대학교,CNB저널,"고려대, 피 안 뽑고 땀 한 방울로 체내 약물 추적하는 'AI 피부 패치' 개...","문화경제 | CNB저널 | 씨앤비저널 고려대학교 연구팀은 성인 10명을 대상으로 카페인 135mg을 섭취한 뒤... 한편, 지난 18일 고려대학교 컴퓨터학과 서홍석 교수 연구실은 스웨덴 말뫼에서 열린 컴퓨터 비전 국제학회 'ECCV 2026...",2026-09-21 14:20,https://www.cnbizm.com/news/articleView.html?idxno=315805,https://www.cnbizm.com/news/articleView.html?idxno=315805
고려대학교,PLATUM,"치과위생사 대신 로봇이 석션을 잡는다, 덴탈로보틱스 시드 투자 유치","로봇은 지난 5월 서울국제치과기자재전시회(SIDEX 2026)에서 처음 공개됐고, 현재 고려대 안암병원... 투자금은 로봇 고도화와 임상 검증, 인허가에 쓰고 대학병원과 중대형 치과 대상 시범 공급을 준비한다. 회사는...",2026-09-21 14:20,https://platum.kr/archives/294978,https://platum.kr/archives/294978
고려대학교,이뉴스투데이,"이민옥 서울시의회 행정자치위원장, 서울 자원봉사 컨퍼런스 참석","토론에서는 정진경 광운대학교 교수를 좌장으로 한세진 청년기획봉사 참여 청년, 여경원 서울시교육청 주무관, 오지혜 고려대학교 연구교수, 최주일 SK행복나눔재단 본부장이 참여해 청년봉사와 학교봉사, 대학협력, 기업...",2026-09-21 14:15,http://www.enewstoday.co.kr/news/articleView.html?idxno=2472818,http://www.enewstoday.co.kr/news/articleView.html?idxno=2472818
고려대학교,충청리뷰,"고려대 세종캠, 지역대학 앵커 Challenge 경진대회 수상",고려대학교 세종캠퍼스(부총장 양지운) 세종앵커사업단은 '2026 소상공인X지역대학 앵커 동행 Challenge 경진대회'에서 소상공인시장진흥공단 이사장상을 수상했다. 경진대회는 일반대 및 전문대 앵커 수행대학을 대상으로...,2026-09-21 14:14,https://www.ccreview.co.kr/news/articleView.html?idxno=358188,https://www.ccreview.co.kr/news/articleView.html?idxno=358188
고려대학교,서울경제,AI학업장려 대출 60개大로 확대…부산·전남·충남대는 전 학과 지원,"AI 중심대학에는 고려대·연세대·서강대·성균관대·한양대 등이, SW 중심대학에는 경희대·국민대·숙명여대·서울시립대·중앙대·세종대 등이 포함됐다. 다만 대학 선정 현황에 따라 지원 대학 명단은 바뀔 수 있다....",2026-09-21 14:10,https://www.sedaily.com/article/20093444?ref=naver,https://n.news.naver.com/mnews/article/011/0004664067?sid=102
연세대학교,서울경제,AI학업장려 대출 60개大로 확대…부산·전남·충남대는 전 학과 지원,"AI 중심대학에는 고려대·연세대·서강대·성균관대·한양대 등이, SW 중심대학에는 경희대·국민대·숙명여대·서울시립대·중앙대·세종대 등이 포함됐다. 다만 대학 선정 현황에 따라 지원 대학 명단은 바뀔 수 있다....",2026-09-21 14:10,https://www.sedaily.com/article/20093444?ref=naver,https://n.news.naver.com/mnews/article/011/0004664067?sid=102
고려대학교,KFENEWS,세종대 어학원생 한글작가대회 참가,"데이비드 맥켄 미국 하버드대 한국학연구소장과 알브레히트 후베 독일 본대학 명예교수, 조지은 영국 옥스퍼드대 교수도 강연을 맡았다. 발표는 이승하 중앙대 명예교수와 오형엽 고려대 교수, 김응교 숙명여대 교수가...",2026-09-21 14:06,https://www.kfenews.co.kr/news/articleView.html?idxno=664995,https://www.kfenews.co.kr/news/articleView.html?idxno=664995
고려대학교,이데일리,"고려대 구로병원-강릉의료원, 지역의료 발전 위한 업무협약","고려대학교 구로병원(병원장 민병욱)은 지난 18일 고려대학교 구로병원에서 강릉의료원과 지역의료 발전을 위한 업무협약(MOU)을 체결했다. 이날 협약식에는 고려대학교 구로병원 민병욱 병원장, 조금준 연구부원장, 최안나...",2026-09-21 14:04,https://www.edaily.co.kr/News/Read?newsId=03168486645582416&mediaCodeNo=257&utm_source=naver&utm_medium=referral&utm_campaign=news_syndication&utm_content=original_article,https://n.news.naver.com/mnews/article/018/0006373644?sid=102
연세대학교,DNEWS,"건설근로자공제회, 신임 김은철 전무이사 취임","김 전무이사는 연세대 정치외교학과를 졸업했고, 고용노동부 기획재정담당관, 국제협력관, 중앙노동위원회 상임위원 등을 역임했다.신임 전무이사의 임기는 2026년 9월 21일부터 2028년 9월 20일까지 2년이다. crystal@",2026-09-21 14:02,https://www.dnews.co.kr/uhtml/view.jsp?idxno=202609211353267300955,https://www.dnews.co.kr/uhtml/view.jsp?idxno=202609211353267300955
고려대학교,LAWTV,[法으로 읽는 뉴스] 공소청 수장은 '공소청장'이 아닌 '검찰총장'... 개...,검찰총장·합동참모의장·각군참모총장·국립대학교총장·대사 기타 법률이 정한 공무원과... 차진아 고려대 교수는 지난해 9월 국회 공청회에서 법률로 헌법상 명칭을 바꾸는 것은 위헌이라고 주장했다. 국회 법사위...,2026-09-21 13:56,https://www.lawtv.kr/news/articleView.html?idxno=60990,https://www.lawtv.kr/news/articleView.html?idxno=60990
연세대학교,오마이뉴스,조선 국왕 비서실의 '국정 매뉴얼' 8년 만에 완역,"지난 9월 12일에는 연세대 세브란스빌딩에서 출판기념회를 열었다. 법전과 법전 사이, 그 빈칸을 메우는 책... 서울대학교출판문화원에서 로 출간됐다. 연구소는 2019년 사단법인으로 전환하면서...",2026-09-21 13:56,https://www.ohmynews.com/NWS_Web/View/at_pg.aspx?CNTN_CD=A0003269161&CMPT_CD=P0010&utm_source=naver&utm_medium=newsearch&utm_campaign=naver_news,https://n.news.naver.com/mnews/article/047/0002529773?sid=103
연세대학교,서울경제TV,“유해균은 잡고 유익균은 지킨다”…구강 염증 치료 신소재 개발,"연세대학교 치과대학 최성환(교정과학교실)·차재국(치주과학교실)·만갈 웃커시(구강생물학교실) 교수, 홍진기 연세대학교 화공생명공학과 교수, 조반니 트라베르소 미국 매사추세츠공과대학교(MIT) 기계공학과 교수...",2026-09-21 13:56,https://www.sentv.co.kr/article/view/sentv202609210119,https://www.sentv.co.kr/article/view/sentv202609210119
연세대학교,아주경제,[중국 성어로 세상 읽기] (77) 천리 밖에서 보내온 거위털 - 천리아모(千...,"그리운 나의 고향역~~"" 수많은 사람들의 마음이 고향을 향해 달려가고 있을 것이다. 내 마음도 어딘가를 향해 달려간다. 유재혁 필자 주요 이력 △연세대 사회학과 졸업 △제일기획 근무(1985~2008) △'한국산문' 등단 (2019)",2026-09-21 13:52,https://www.ajunews.com/view/20260921134356804,https://www.ajunews.com/view/20260921134356804
고려대학교,M-JOONGANG,"저출생·인구위기 근본 해결 방안…""홍익인간 뿌리 둔 전통 가족 가치 ...",최은실 소비와가치연구소 소장 겸 고려대학교 겸임교수는 '저출생 인구위기 극복을 위한 패러다임 전환-경제적 지원을 넘어 가족 중심 문화로'를 주제로 발표했다. 최 소장은 경제적 지원만으로 청년세대의 결혼과 출산을...,2026-09-21 13:48,https://www.m-joongang.com/news/articleView.html?idxno=403097,https://www.m-joongang.com/news/articleView.html?idxno=403097
연세대학교,BOANNEWS,[배종찬의 보안 빅데이터] 미중 전쟁 직전까지 몰고 갔던 'AI 오판',"[글_ 배종찬 인사이트케이 연구소장] 연세대 정치외교학과를 졸업하고 서울대 국제대학원에서 석사 학위를 받았다. 고려대 행정학과 박사과정을 수료했다. 이 외에 미국, 일본, 홍콩 등에서 연구 경험을 가지고 있다. 주된...",2026-09-21 13:44,https://www.boannews.com/news/articleView.html?idxno=145971,https://www.boannews.com/news/articleView.html?idxno=145971
연세대학교,KOREAHEALTHLOG,유해균 잡고 유익균 보호하는 구강 염증 치료 신소재 개발,"연세대학교 치과대학 최성환(교정과학교실)·차재국(치주과학교실)·만갈 웃커시(구강생물학교실) 교수와 연세대학교 화공생명공학과 홍진기 교수, 미국 매사추세츠공과대학교(MIT) 기계공학과 조반니 트라베르소 교수...",2026-09-21 13:44,https://www.koreahealthlog.com/news/articleView.html?idxno=59109,https://www.koreahealthlog.com/news/articleView.html?idxno=59109
고려대학교,BOANNEWS,[배종찬의 보안 빅데이터] 미중 전쟁 직전까지 몰고 갔던 'AI 오판',"[글_ 배종찬 인사이트케이 연구소장] 연세대 정치외교학과를 졸업하고 서울대 국제대학원에서 석사 학위를 받았다. 고려대 행정학과 박사과정을 수료했다. 이 외에 미국, 일본, 홍콩 등에서 연구 경험을 가지고 있다. 주된...",2026-09-21 13:44,https://www.boannews.com/news/articleView.html?idxno=145971,https://www.boannews.com/news/articleView.html?idxno=145971
연세대학교,DENTALNEWS,"연세치대동문회, 지르코니아 수복물이 가져온 변화 조명",해외 동문 초청 온라인 학술집담회 연세대학교치과대학동문회(회장 윤홍철·이하 연세치대동문회)가 지난 9월 14일 줌(ZOOM) 화상회의를 통해 ‘해외 동문 초청 온라인 학술집담회’를 성공적으로 개최했다. 지난해에...,2026-09-21 13:40,https://www.dentalnews.or.kr/news/article.html?no=48199,https://www.dentalnews.or.kr/news/article.html?no=48199
연세대학교,이데일리,"건설근로자공제회, 신임 김은철 전무이사 취임…임기 2년","신임 김은철 건설근로자공제회 전무이사 (사진=건설근로자공제회) 신임 김은철 전무이사는 연세대 정치외교학과를 졸업했고 고용노동부 기획재정담당관, 국제협력관, 중앙노동위원회 상임위원 등을 역임했다. 신임...",2026-09-21 13:38,https://www.edaily.co.kr/News/Read?newsId=03024166645582416&mediaCodeNo=257&utm_source=naver&utm_medium=referral&utm_campaign=news_syndication&utm_content=original_article,https://n.news.naver.com/mnews/article/018/0006373606?sid=101
연세대학교,메디게이트뉴스,"씨엔알리서치-강남세브란스병원, 의료기기 글로벌 진출 협력",씨엔알리서치가 연세대학교 의과대학 강남세브란스병원과 국내 혁신 의료기기의 글로벌 경쟁력 강화를 위한 업무협약을 체결했다고 21일 밝혔다. 이번 협약은 강남세브란스병원의 의료·연구 인프라와...,2026-09-21 13:36,https://www.medigatenews.com/news/4067021254,https://www.medigatenews.com/news/4067021254
연세대학교,이데일리,"성균관대 “알츠하이머병, 면역 조절로 치료 가능성 제시”","왼쪽부터 서민아 성균관대 교수, 권호근 연세대 교수,김한주 아임뉴런 대표이사, 박태영 성균관대 석박통합과정생(사진=성균관대) 성균관대는 서민아 글로벌바이오메디컬공학과 교수팀이 이러한 연구 성과를 거뒀다고...",2026-09-21 13:35,https://www.edaily.co.kr/News/Read?newsId=03020886645582416&mediaCodeNo=257&utm_source=naver&utm_medium=referral&utm_campaign=news_syndication&utm_content=original_article,https://n.news.naver.com/mnews/article/018/0006373604?sid=102
고려대학교,서울경제TV,"고려대 구로병원 연구팀 “알츠하이머 신약 레켐비, 안전성 확인…뇌 M...",고려대 구로병원 신경과 강성훈 교수 연구팀은 최근 국내 실제 진료 환경에서 레카네맙을 투여받은... 연구팀은 2024년 12월부터 2025년 10월까지 고려대 구로병원 알츠하이머예방센터에서 레카네맙 치료를...,2026-09-21 13:34,https://www.sentv.co.kr/article/view/sentv202609210112,https://www.sentv.co.kr/article/view/sentv202609210112
고려대학교,동아사이언스,"""오늘 커피 얼마나 마셨어?"" 얇은 패치 한 장 붙여 확인",고려대는 정호상 바이오의공학부 교수와 유용상 바이오의공학부 교수 공동연구팀이 피를 뽑지 않고 얇은 패치 하나로도 체내 약물 농도와 분해 시점을 땀으로 정밀 추적하는 기술을 개발했다고 21일 밝혔다....,2026-09-21 13:34,https://www.dongascience.com/news/view/80005,https://n.news.naver.com/mnews/article/584/0000039404?sid=105
연세대학교,아주경제,"전략경제자문단, AI반도체 현장 방문…""국산 반도체 활용 확대해야""","이날 현장방문에는 전략경제자문단 위원장인 박영선 정 중소벤처기업부 장관과 부위원장인 김성수 연세대 공과대학 특임교수를 비롯해 반도체 분과위원장인 김정호 카이스트 전기및전자공학부 교수, 분과위원인...",2026-09-21 13:30,https://www.ajunews.com/view/20260921125816706,https://www.ajunews.com/view/20260921125816706
고려대학교,뉴스프리존,"세종대 세종어학원 외국인 학생들, 한글·한국 문학 매력에 빠져","본대학 명예교수 등이 강연자로 참여했다. 이승하 중앙대 명예교수와 김응교 숙명여대 교수, 오형엽 고려대 교수 등은 '미래 세대 한글 교육의 방향성'을 주제로 발표했다. 세종어학원 학생들은 다양한 강연과 발표를...",2026-09-21 13:08,https://www.newsfreezone.co.kr/news/articleView.html?idxno=710424,https://www.newsfreezone.co.kr/news/articleView.html?idxno=710424
연세대학교,KSILBO,"울빛합창단, 전국 골든에이지 어르신 합창경연대회 은상",서울 연세대학교 백주년기념관 콘서트홀에서 열린 제13회 전국 골든에이지 어르신 합창경연대회에서 은상을 수상했다. 울산에서 활동 중인 울빛합창단은 지난 18일 서울 연세대학교 백주년기념관 콘서트홀에서 열린...,2026-09-21 13:06,https://www.ksilbo.co.kr/news/articleView.html?idxno=1067878,https://www.ksilbo.co.kr/news/articleView.html?idxno=1067878
연세대학교,내일신문,"건설근로자공제회, 김은철 전무이사 취임","김 전무이사는 연세대 정치외교학과를 졸업하고 노동부 기획재정담당관, 국제협력관, 중앙노동위원회 상임위원 등을 역임했다. 신임 전무이사의 임기는 2028년 9월 20일까지 2년이다.",2026-09-21 13:06,https://www.naeil.com/news/read/602960?ref=naver,https://www.naeil.com/news/read/602960?ref=naver
고려대학교,GOKOREA,"더마인스트루먼트, '2026년 IP나래 프로그램' 하반기 지원기업 선정","이를 바탕으로 대학, 병원, 공공 연구기관과의 협력 범위를 넓히며 사업화 검토를 구체화하고 있다. MEDITEK 행사 기간에는 가톨릭대학교, 가천대길병원, 차병원·차바이오 그룹, 고려대학교·한국과학기술연구원(KIST)...",2026-09-21 12:58,https://www.gokorea.kr/news/articleView.html?idxno=879238,https://www.gokorea.kr/news/articleView.html?idxno=879238
고려대학교,KGNEWS,"고대안암병원, 아태 최초 원격진료 ‘메디버스’ 출범",깬다 고려대학교 안암병원이 이동형 진료버스에 첨단 스마트 화상 원격진료 인프라를 접목한 ‘메디버스(Medibus)’를 아시아·태평양 지역 최초로 출범하며 의료취약지역의 진료 패러다임 전환을 선언했다. 고려대학교...,2026-09-21 12:54,https://www.kgnews.co.kr/news/article.html?no=912437,https://www.kgnews.co.kr/news/article.html?no=912437
연세대학교,LAWLEADER,"참여연대 이재근 ""이재명 정부 '특검' 성과 적지 않아…상설특검은 한계...","한상훈 참여연대 사법감시센터 실행위원(연세대 법학전문대학원 교수), 김혜경 참여연대 사법감시센터 실행위원(계명대 경찰행정학과 교수), 오병두 참여연대 사법감시센터 실행위원(홍익대 법과대학 교수) 등이 참석했다.",2026-09-21 12:42,http://www.lawleader.co.kr/news/articleView.html?idxno=19993,http://www.lawleader.co.kr/news/articleView.html?idxno=19993
고려대학교,노컷뉴스,"'군 면제? 金 제외' 12년 전 뼈아팠던 예비역 캡틴의 진심 ""우린 갔지만...",당시 고려대 주장이었던 이승현의 후배 이종현(32·정관장)이 대학생으로는 유일하게 포함됐습니다. 당시 대표팀은 귀화 선수 문태종(은퇴)의 신들린 슛을 앞세워 NBA 출신 하메드 하다디(218cm)가 버틴 이란을 꺾고...,2026-09-21 12:24,https://www.nocutnews.co.kr/news/6581272?utm_source=naver&utm_medium=article&utm_campaign=20260921010121,https://n.news.naver.com/mnews/article/079/0004191551?sid=104
고려대학교,팝콘뉴스,"고려대, SK Global Scholarship Program' 3기 장학증서 수여식 개최",고려대학교(총장 김동원)는 SK와 손잡고 18일 고려대 대학원 중앙도서관에서 'SK Global Scholarship Program(이하 SK GSP) 3기 장학증서 수여식'이 개최했다고 21일 밝혔다. 'SK GSP'는 우수한 외국인 학생들을 첨단분야 인재로...,2026-09-21 12:12,http://www.popcornnews.net/news/articleView.html?idxno=133657,http://www.popcornnews.net/news/articleView.html?idxno=133657
고려대학교,뉴스티앤티,"세종대 외국인 학생들, 세계한글작가대회서 한국 문학 경험","세종대학교 세종어학원에서 한국어를 공부하는 외국인 학생들이 지난 15일부터 18일까지 교내 대양AI센터에서... 본대학 명예교수 등이 강연자로 나섰다. 이승하 중앙대 명예교수, 김응교 숙명여대 교수, 오형엽 고려대 교수...",2026-09-21 12:12,https://www.newstnt.com/news/articleView.html?idxno=719406,https://www.newstnt.com/news/articleView.html?idxno=719406
고려대학교,베리타스알파,고려대 SK GSP 3기 장학증서 수여식 개최.. '첨단분야 외국인 인재 양성...,9월18일 고려대 대학원 중앙도서관에서 'SK Global Scholarship Program(이하 SK GSP) 3기 장학증서 수여식'이 열렸다. SK GSP는 우수한 외국인 학생을 첨단분야 인재로 양성하기 위해 고려대와 SK(SK하이닉스/SK텔레콤...,2026-09-21 12:12,https://www.veritas-a.com/news/articleView.html?idxno=628912,https://www.veritas-a.com/news/articleView.html?idxno=628912
고려대학교,중앙일보,사외이사 10명 중 4명은 교수…“이공계 출신 4년 연속 증가”,"소속 대학은 일부 주요 대학에 쏠린 것으로 나타났다. 서울대가 46명(24.2%)으로 가장 많았다. 뒤이어 고려대(22명), 연세대(15명), 한양대(13명), KAIST(12명) 순이었다. 이들 5개 대학 소속이 전체의 56.8%를 차지했다.",2026-09-21 12:07,https://www.joongang.co.kr/article/25463623,https://n.news.naver.com/mnews/article/025/0003552833?sid=102
연세대학교,중앙일보,사외이사 10명 중 4명은 교수…“이공계 출신 4년 연속 증가”,"소속 대학은 일부 주요 대학에 쏠린 것으로 나타났다. 서울대가 46명(24.2%)으로 가장 많았다. 뒤이어 고려대(22명), 연세대(15명), 한양대(13명), KAIST(12명) 순이었다. 이들 5개 대학 소속이 전체의 56.8%를 차지했다.",2026-09-21 12:07,https://www.joongang.co.kr/article/25463623,https://n.news.naver.com/mnews/article/025/0003552833?sid=102
연세대학교,전자신문,"[창간기획]AX 베스트 프랙티스/ 라이너, '모델 API'로 AX 시장 공략 본격...","삼성물산 건설부문과 스마트 빌딩사업, 연세대 AI 캠퍼스 구축 등 국내 협력도 확대한다. SK텔레콤과 '독자 AI 파운데이션 모델' '모두의 AI' 프로젝트도 함께하고 있다. 김진우 라이너 대표는 “라이너 모델 API를...",2026-09-21 12:02,https://www.etnews.com/20260910000396,https://n.news.naver.com/mnews/article/030/0003468782?sid=105
연세대학교,KOREADAILY,'AI 시대 성찰' 인문학 특강 성황,"80여 명이 참석하는 성황을 이룬 가운데, 정재현 연세대학교 교수(종교철학)는 ‘다 알고 사는가’라는 주제로 강연을 펼쳤다. 정 교수는 인공지능(AI) 개발이 가속화되는 현대 사회에서 인간의 지식 추구와 모름의 관계에...",2026-09-21 12:02,https://www.koreadaily.com/article/20260920200006829,https://www.koreadaily.com/article/20260920200006829
연세대학교,노컷뉴스,"재경부 전략경제자문단, 국산 반도체 활용 확대 논의","이날 회의에는 위원장인 박영선 전 중소벤처기업부 장관을 비롯해 김성수 연세대 공과대학 특임교수(부위원장), 김정호 KAIST 전기및전자공학부 교수(반도체 분과위원장) 등이 참석했다. 위원들은 국내 반도체 기업의...",2026-09-21 12:01,https://www.nocutnews.co.kr/news/6581188?utm_source=naver&utm_medium=article&utm_campaign=20260921120021,https://n.news.naver.com/mnews/article/079/0004191540?sid=101
고려대학교,스마트경제,"""동유럽·아시아 인재 다 모인다""… 고려대·SK, 차세대 글로벌 첨단 인...",고려대는 지난 18일 고려대 대학원 중앙도서관에서 'SK Global Scholarship Program(SK GSP) 3기 장학증서 수여식'을 성황리에 개최했다고 21일 밝혔다. 'SK GSP'는 우수한 외국인 학생들을 반도체·AI 등 첨단분야 핵심 인재로...,2026-09-21 12:00,http://www.dailysmart.co.kr/news/articleView.html?idxno=130072,http://www.dailysmart.co.kr/news/articleView.html?idxno=130072
고려대학교,한스경제,[민학수 칼럼] 농구가 다시 말을 걸어오기 시작했다,"연세대와 고려대의 대결은 대학 스포츠를 넘어 젊은 세대의 관심사였다. 같은 시기 드라마 '마지막 승부'가 인기를 끌었고, 일본 만화 '슬램덩크'가 폭발적으로 읽혔다. NBA에서는 마이클 조던과 시카고 불스가 세계적인...",2026-09-21 12:00,http://www.hansbiz.co.kr/news/articleView.html?idxno=867059,http://www.hansbiz.co.kr/news/articleView.html?idxno=867059
연세대학교,한스경제,[민학수 칼럼] 농구가 다시 말을 걸어오기 시작했다,"1993~1994 농구대잔치에서는 연세대가 대학팀으로는 처음 정상에 올랐다. 문경은·이상민·우지원·김훈·서장훈, 이른바 '독수리 5형제'가 중심이었다. 대회는 16차례나 매진됐고 입장 수입은 처음으로 10억원을 넘었다....",2026-09-21 12:00,http://www.hansbiz.co.kr/news/articleView.html?idxno=867059,http://www.hansbiz.co.kr/news/articleView.html?idxno=867059
연세대학교,뉴시스,"전략경제자문단 ""국산 반도체 활용 인센티브·소부장 실증 지원 필요""","이날 현장 방문에는 박영선 전략경제자문단 위원장과 김성수 연세대 공과대학 특임교수, 김정호 한국과학기술원(KAIST) 전기및전자공학부 교수, 차정훈 전 카이스트홀딩스 대표이사 등이 참석했다. 딥엑스와 퓨리오사AI...",2026-09-21 12:00,https://www.newsis.com/view/NISX20260921_0003798056,https://n.news.naver.com/mnews/article/003/0014204268?sid=101
연세대학교,뉴스1,"전략경제자문단, AI 반도체 기업 찾아 국산 반도체 인센티브 논의","이날 현장방문에는 박영선 전략경제자문단 위원장(전 중소기업벤처부 장관) 과 김성수 부위원장(연세대 공과대학 특임교수), 김정호 반도체 분과위원장(KAIST 전기및전자공학부 교수), 차정훈 총괄간사 겸 반도체...",2026-09-21 12:00,https://www.news1.kr/economy/trend/6297146,https://n.news.naver.com/mnews/article/421/0009183043?sid=101
연세대학교,한국대학신문,"연세대 윤경호 교수팀, MRI·뇌파 결합해 뇌 신경 활동 위치 추정하는 A...",연세대학교(총장 윤동섭) 이과대학 수학계산학부(계산과학공학) 윤경호 교수팀은 개인의 뇌 구조를 보여주는 MRI와 뇌파(이하 EEG)를 결합해 뇌 신경활동이 발생한 위치를 실시간으로 추정하는 AI(인공지능)...,2026-09-21 11:58,https://news.unn.net/news/articleView.html?idxno=597788,https://news.unn.net/news/articleView.html?idxno=597788
연세대학교,스포츠조선,"""유해균 잡고 유익균 지킨다""…구강 염증 치료 신소재 개발","연세대학교 치과대학 최성환(교정과학교실)·차재국(치주과학교실)·만갈 웃커시(구강생물학교실) 교수, 연세대학교 화공생명공학과 홍진기 교수, 미국 매사추세츠공과대학교(MIT) 기계공학과 조반니 트라베르소 교수...",2026-09-21 11:56,https://www.sportschosun.com/life/2026-09-21/202609210100141860009221,https://n.news.naver.com/mnews/article/076/0004448204?sid=102
고려대학교,아시아경제,한전채 금리 34개월 만에 최고…이자 부담에 전력망 투자 비상,"한전은 특례 연장을 고려하지 않는다는 입장이어서 대규모 전력망 투자 재원을 기존 발행 한도 안에서 마련할 수 있을지가 과제로 남는다. 강성진 고려대 경제학과 교수는 ""근본적으로는 전기요금 인상을 통한 채권...",2026-09-21 11:55,https://view.asiae.co.kr/article/2026092109522075769,https://n.news.naver.com/mnews/article/277/0005819264?sid=101
고려대학교,AITIMES,"서울시, AI․로봇 등 핵심산업 분야 외국인 이공계 장학생 28명 최종 선...",장학생들은 서울 소재 8개 대학(건국대·경희대·고려대·서강대·서울과학기술대·서울시립대·성균관대·숭실대) 대학원에서 인공지능·컴퓨터공학을 비롯해 바이오·의생명·줄기세포재생공학·지능로봇·항공우주...,2026-09-21 11:54,https://www.aitimes.kr/news/articleView.html?idxno=42020,https://www.aitimes.kr/news/articleView.html?idxno=42020
고려대학교,보건뉴스,"""치매 진료서 MRI 역할 커져""…지멘스 헬시니어스, 최신 영상진단 조명",첫 번째 연자로 나선 유성혜 고려대학교 안암병원 영상의학과 교수는 '치매 진료 현장에서 고도화된... 문원진 건국대학교병원 영상의학과 교수는 '알츠하이머병에서의 ARIA: MRI 데이터에서 임상 의사결정까지...,2026-09-21 11:52,http://www.bokuennews.com/news/article.html?no=284526,http://www.bokuennews.com/news/article.html?no=284526
고려대학교,TTLNEWS,"세종대 외국인 학생들, '세계한글작가대회' 참가…11개국 한글·문학 체...","아울러 중앙대학교 이승하 명예교수, 숙명여자대학교 김응교 교수, 고려대학교 오형엽 교수가 '미래 세대 한글 교육의 방향성' 세션에 패널로 참여해 생성형 언어 모델 환경 속에서도 고유 문학이 지녀야 할 사유의 깊이와...",2026-09-21 11:42,http://www.ttlnews.com/news/articleView.html?idxno=3145754,http://www.ttlnews.com/news/articleView.html?idxno=3145754
고려대학교,더퍼블릭,[김상은 문화칼럼] 육신의 연약함이 삶의 무능함을 뜻하지 않는다,"- 김상은 문화평론가 약력 ▲도서 '공감자본', '살아지는 예술', '사표 한 장, 그리고 문화가 다시 즐거워 졌다' 저자 ▲고려대학교 문화콘텐츠학과 박사 수료 ▲충북대학교 세종국가정책대학원 정책학 석사 ▲중앙대학교...",2026-09-21 11:42,https://www.thepublic.kr/news/articleView.html?idxno=319471,https://www.thepublic.kr/news/articleView.html?idxno=319471
고려대학교,파이낸셜포스트,"고려대 연구팀, '땀'으로 체내 약물 추적 'AI 피부 패치' 개발",고려대학교 연구팀이 채혈 없이 땀을 분석해 체내 약물의 대사 변화를 추적하는 피부 패치를 개발했다. 고려대는 정호상·유용상 바이오의공학부 교수 공동연구팀이 피부 부착형 센서와 AI를 결합해 땀 속 약물...,2026-09-21 11:40,https://www.financialpost.co.kr/news/articleView.html?idxno=276720,https://www.financialpost.co.kr/news/articleView.html?idxno=276720
고려대학교,문화일보,코모 호수에 ‘최동호 詩碑’… “일상공간서 伊독자 만나게돼 영광”,고려대 명예교수이자 대한민국예술원 회원인 최 시인의 시가 코모 호수의 풍경 속에서 현지인과 세계 각국의 방문객을 만나게 된 것이다. 지난 13일(현지시간) 열린 제막식에는 최 시인과 그의 부인 김구슬 시인(협성대...,2026-09-21 11:38,https://www.munhwa.com/article/11618525?ref=naver,https://n.news.naver.com/mnews/article/021/0002820256?sid=103
고려대학교,이데일리,레카네맙 치료 후 이상반응 대부분 경증·무증상…MRI 모니터링 중요성...,"고려대학교 구로병원 신경과 강성훈 교수 연구팀(고려대학교 구로병원 신경과 강성훈 교수/알츠하이머 예방센터장·신재민 전공의, 영상의학과 서상일 교수, 핵의학과 어재선 교수)이 한국인 환자를...",2026-09-21 11:32,https://www.edaily.co.kr/News/Read?newsId=02774886645582416&mediaCodeNo=257&utm_source=naver&utm_medium=referral&utm_campaign=news_syndication&utm_content=original_article,https://n.news.naver.com/mnews/article/018/0006373540?sid=102
고려대학교,한국일보,나이 들어 체중 줄일 때는 몇 ㎏보다 무엇을 빼느냐가 더 중요,체중 변화가 크지 않더라도 허리둘레가 줄고 근력이 좋아지며 더 잘 걷게 됐다면 훨씬 의미 있는 변화일 수 있다. 이것이 건강하게 나이 들기 위한 체중 관리의 중요한 출발점이다. 김양현 고려대 안암병원 가정의학과 교수,2026-09-21 11:30,https://www.hankookilbo.com/news/article/A2026091909360000454?did=NA,https://n.news.naver.com/mnews/article/469/0000955231?sid=103
고려대학교,헤럴드경제,"양자 패권 경쟁, 산·학·연 융합 인재 확보가 핵심","정부는 인력난 해소를 위해 2030년까지 양자 분야 고급 전문인력 1000명 확보를 목표로 고려대, KAIST, POSTECH(포항공과대학교)에 양자대학원을 설립 운영하고 있다. 대학과 정부출연연구기관이 공동으로 교육과 연구를...",2026-09-21 11:30,https://biz.heraldcorp.com/article/10880516?ref=naver,https://n.news.naver.com/mnews/article/016/0002700251?sid=105
고려대학교,스포츠월드,"QWER ‘소년만화’, 팬들이 직접 골랐다…오늘(21일) 공개","또한, QWER은 지난 12~13일 서울 고려대학교 화정체육관에서 두 번째 투어 'QWER 2nd TOUR 'ROCKATION : ROCKET LAUNCH!!''를 성공적으로 마무리했다. 오는 10월 10~11일 타이베이, 10월 13일 후쿠오카, 10월 15일 오사카, 10월 17일...",2026-09-21 11:28,https://www.sportsworldi.com/newsView/20260921505875,https://m.entertain.naver.com/article/396/0000755900
고려대학교,CELUVMEDIA,"QWER, 팬이 고른 ‘소년만화’ 오늘(21일) 발매…2만 7000명 선택",QWER은 지난 12일과 13일 서울 고려대학교 화정체육관에서 두 번째 투어 ‘QWER 2nd TOUR 'ROCKATION : ROCKET LAUNCH!!'’의 서울 공연을 개최했다. 오는 10월부터는 무대를 해외로 넓힌다. 10월 10~11일 타이베이를 시작으로 13일...,2026-09-21 11:26,http://www.celuvmedia.com/article.php?aid=1789955973527987007,http://www.celuvmedia.com/article.php?aid=1789955973527987007
고려대학교,IBABYNEWS,[건강뉴스] 자궁 수술 후 생긴 '소변길'… 단일공 로봇으로 막는다 外,"-편집자 말 ◇ 자궁 수술 후 생긴 '소변길'… 단일공 로봇으로 막는다 고려대 안산병원 비뇨의학과 배재현... ◇ ""흔들릴 때 가면 늦어요"" 우리 아이 첫 영구치 관리법 강동경희대학교병원, 소아치과 김수연 교수....",2026-09-21 11:26,https://www.ibabynews.com/news/articleView.html?idxno=154679,https://www.ibabynews.com/news/articleView.html?idxno=154679
연세대학교,머니투데이,"머큐리, '스텔스 와이파이' 기술 개발 완료…국방·공공 보안통신 진출","이번 과제는 ETRI를 주관기관으로 머큐리, 넷진테크, 연세대학교가 참여해 2021년부터 2025년까지 수행했다. 공공·국방 분야에서는 무선통신 특성상 네트워크의 존재와 무선 자원이 외부에 노출될 가능성이 있어 주요...",2026-09-21 11:26,https://www.mt.co.kr/stock/2026/09/21/2026092111085472165,https://n.news.naver.com/mnews/article/008/0005416650?sid=101
연세대학교,점프볼,"‘유기상 금메달로 군 면제’ LG, 공백 없는 양준석-유기상 조합 굳혔다",양준석과 유기상은 연세대 입학 동기다. 양준석이 2022년 드래프트에서 전체 1순위로 LG 유니폼을 입었고... 양준석은 대학 시절 부상 때문에 군 면제다. 유기상은 이번에 병역 혜택을 받았다. LG를 거쳐간 스타...,2026-09-21 11:22,https://m.sports.naver.com/basketball/article/065/0000301784,https://m.sports.naver.com/basketball/article/065/0000301784
연세대학교,LAWLEADER,"참여연대 유승익 ""이재명 '수사-기소 분리' 성과…검찰개혁 아직 미완성...","한상훈 참여연대 사법감시센터 실행위원(연세대 법학전문대학원 교수), 김혜경 참여연대 사법감시센터 실행위원(계명대 경찰행정학과 교수), 오병두 참여연대 사법감시센터 실행위원(홍익대 법과대학 교수) 등이 참석했다.",2026-09-21 11:22,http://www.lawleader.co.kr/news/articleView.html?idxno=19990,http://www.lawleader.co.kr/news/articleView.html?idxno=19990
고려대학교,에듀동아,[임성호의 입시 레이다] 2027학년도 수시모집 지원현황 분석,"전체 현황은 상승으로 보이지만, 대학 그룹별, 각 대학별로 따져보면 명암이 엇갈린다. 서울대, 연세대, 고려대 등 SKY는 전년 대비 지원자가 3,363명이 줄었고, 성균관대, 서강대, 한양대 그룹도 전년 대비...",2026-09-21 11:20,https://edu.donga.com/news/articleView.html?idxno=112149,https://edu.donga.com/news/articleView.html?idxno=112149
연세대학교,에듀동아,[임성호의 입시 레이다] 2027학년도 수시모집 지원현황 분석,"전체 현황은 상승으로 보이지만, 대학 그룹별, 각 대학별로 따져보면 명암이 엇갈린다. 서울대, 연세대, 고려대 등 SKY는 전년 대비 지원자가 3,363명이 줄었고, 성균관대, 서강대, 한양대 그룹도 전년 대비...",2026-09-21 11:20,https://edu.donga.com/news/articleView.html?idxno=112149,https://edu.donga.com/news/articleView.html?idxno=112149
고려대학교,이투데이,"서울시, '서울 테크 스칼러십' 외국인 이공계 28명 선발…""해외 R&D 인재...","선발된 장학생은 최대 2년간 등록금, 생활비 등 1인당 연 최대 2000만원을 지원받으며 고려대·서강대 등 시내 8개 대학원에서 수학한다. 올해는 83개국 1335명이 지원해 역대 최대 규모인 28명이 최종 선발됐다. 시는...",2026-09-21 11:16,https://www.etoday.co.kr/news/view/2627847,https://www.etoday.co.kr/news/view/2627847
고려대학교,머니투데이,"AI·바이오·모빌리티까지…서울시, 외국인 석사 28명 장학증서 수여",장학생들은 서울 소재인 건국대·경희대·고려대·서강대·서울과학기술대·서울시립대·성균관대·숭실대 대학원에서 인공지능·컴퓨터공학·바이오·의생명·줄기세포재생공학·지능로봇·항공우주·모빌리티 등 시...,2026-09-21 11:15,https://www.mt.co.kr/policy/2026/09/21/2026092110400264084,https://n.news.naver.com/mnews/article/008/0005416633?sid=102
고려대학교,뉴스1,"""AI·로봇 인재에 연 2000만원""…서울시, 해외 이공계 장학생 28명 선발",장학생들은 건국대·경희대·고려대·서강대·서울과학기술대·서울시립대·성균관대·숭실대 등 서울 소재 8개 대학 대학원에서 공부한다. 전공은 AI·컴퓨터공학을 비롯해 바이오·의생명·줄기세포재생공학·지능로봇...,2026-09-21 11:15,https://www.news1.kr/local/moi/6297025,https://n.news.naver.com/mnews/article/421/0009182877?sid=102
고려대학교,디지털타임스,"더마인스트루먼트, ‘2026 IP나래 프로그램’ 선정","이를 계기로 대학·병원·연구기관과 기술협력 논의를 확대하며 기술 고도화와 사업화 가능성을 구체화하고 있다. MEDITEK 행사 기간에는 가톨릭대학교, 가천대길병원, 차병원·차바이오 그룹, 고려대학교...",2026-09-21 11:12,https://www.dt.co.kr/article/12085104?ref=naver,https://n.news.naver.com/mnews/article/029/0003049160?sid=105
연세대학교,뉴스1,"우송대, 코리아타임스 국제화 우수대학 평가 '교육 분야' 전국 4위","최근 솔브릿지국제경영대학은 영국의 고등교육 평가기관인 QS가 발표한 '2027 QS 세계 MBA 순위(QS Global MBA Rankings 2027)'에서 고려대, 연세대, 성균관대에 이어 국내 대학 중 4위를 기록했다. 진고환 우송대 총장은...",2026-09-21 11:10,https://www.news1.kr/local/daejeon-chungnam/6297278,https://n.news.naver.com/mnews/article/421/0009182860?sid=102
고려대학교,뉴스1,"우송대, 코리아타임스 국제화 우수대학 평가 '교육 분야' 전국 4위","최근 솔브릿지국제경영대학은 영국의 고등교육 평가기관인 QS가 발표한 '2027 QS 세계 MBA 순위(QS Global MBA Rankings 2027)'에서 고려대, 연세대, 성균관대에 이어 국내 대학 중 4위를 기록했다. 진고환 우송대 총장은...",2026-09-21 11:10,https://www.news1.kr/local/daejeon-chungnam/6297278,https://n.news.naver.com/mnews/article/421/0009182860?sid=102
고려대학교,한스경제,"레카네맙 233명 써보니…""대부분 경증·무증상""","고려대학교 구로병원 신경과 강성훈 교수·신재민 전공의, 영상의학과 서상일 교수, 핵의학과 어재선 교수. /고려대 구로병원 제공 | 서울=한스경제 김동주 기자 | 고려대학교 구로병원이 한국인 알츠하이머병...",2026-09-21 11:08,http://www.hansbiz.co.kr/news/articleView.html?idxno=866953,http://www.hansbiz.co.kr/news/articleView.html?idxno=866953
고려대학교,LEC,고려대 도산법연구센터 출범…고대 로스쿨 법학·실무연구포럼과 도산...,"공동 주최한 법학·실무연구포럼은 고려대 법학전문대학원 졸업생들의 연구모임으로, 이날 행사에는 고려대 로스쿨 교수진과 도산법 분야 법조계 전문가, 포럼 회원 등이 참석했다. 김경욱 센터장은 개회사에서...",2026-09-21 11:08,http://www.lec.co.kr/news/articleView.html?idxno=752750,http://www.lec.co.kr/news/articleView.html?idxno=752750
고려대학교,아주경제,"[아주초대석] 국토·도시 30년 문성요…""새만금, 청사진보다 결과물 보...","고려대 영어영문학과를 졸업한 뒤 공직에 입문해 국토교통부 건설경제과장과 세종특별자치시 건설도시국장 등을 거쳤다. 행정중심복합도시건설청 차장과 국토부 국토도시실장, 기획조정실장을 역임했다. 건설산업...",2026-09-21 11:02,https://www.ajunews.com/view/20260921095200128,https://www.ajunews.com/view/20260921095200128
연세대학교,더벨,"[더벨][i-point] 머큐리, ‘지능형 스텔스 AP’ 개발·실증 완료","이번 과제는 ETRI를 주관기관으로 머큐리, 넷진테크, 연세대학교가 참여해 2021년부터 2025년까지 수행했다. 공공·국방 분야에서는 무선통신 특성상 네트워크의 존재와 무선 자원이 외부에 노출될 가능성이 있어...",2026-09-21 11:02,https://www.thebell.co.kr/free/content/ArticleView.asp?key=202609211048004400108769,https://www.thebell.co.kr/free/content/ArticleView.asp?key=202609211048004400108769
고려대학교,ECONOVILL,뮤지컬 '드라큘라' 주말 장르 통합 1위…'곤 투모로우' 28계단 올라 3위...,"'브루노 마스 내한공연'은 2위에 자리했으며, '곤 투모로우 [대학로]'는 직전 주말 31위에서... 루시(LUCY) 9TH CONCERT: ISLAND [서울 (앵콜)] - 대중음악 - 2026.10.23 ~ 2026.10.25 - 서울 - 고려대학교...",2026-09-21 11:02,https://www.econovill.com/news/articleView.html?idxno=751422,https://www.econovill.com/news/articleView.html?idxno=751422
연세대학교,바이오타임즈,"씨엔알리서치, 강남세브란스병원과 의료기기 글로벌 진출 협력…임상 실...",씨엔알리서치(대표 윤문태)가 연세대학교 의과대학 강남세브란스병원과 국내 혁신 의료기기의 글로벌 진출을 위한 임상 실증 및 인증 역량 강화에 나선다. 씨엔알리서치는 이달 초 강남세브란스병원(원장 김용욱)과...,2026-09-21 11:02,https://www.biotimes.co.kr/news/articleView.html?idxno=34622,https://www.biotimes.co.kr/news/articleView.html?idxno=34622
연세대학교,헤럴드경제,"국가철도공단, 이사장 직속 ‘조직개편 추진 TF’ 가동…‘BASE’ 경영방...",한편 정 이사장은 지난 1일 신임 이사장으로 취임했다. 그는 연세대 교수로 재직하며 대한교통학회장과 국가교통위원회 위원 등을 역임한 교통계획 분야 전문가다. 철도∙교통분야 이론과 실무를 두루 경험했다.,2026-09-21 10:59,https://biz.heraldcorp.com/article/10880392?ref=naver,https://n.news.naver.com/mnews/article/016/0002700170?sid=101
연세대학교,동아일보,‘헌혈 고연전’ 아시나요…양교 ‘나눔 경쟁’ 누가 이겼을까?,광복 전까지는 연식정구와 축구로 겨루는 비정기적 행사였으나 광복 후 두 학교가 대학으로 승격하면서... 이지민 고려대 총학생회 중앙비상대책위원장과 연세대 황인서 총학생회 비상대책위원장은 “한 번의 헌혈이...,2026-09-21 10:57,https://www.donga.com/news/Culture/article/all/20260921/134700348/1,https://n.news.naver.com/mnews/article/020/0003749679?sid=103
고려대학교,동아일보,‘헌혈 고연전’ 아시나요…양교 ‘나눔 경쟁’ 누가 이겼을까?,광복 전까지는 연식정구와 축구로 겨루는 비정기적 행사였으나 광복 후 두 학교가 대학으로 승격하면서... 모두 고려대가 이겼다. 이지민 고려대 총학생회 중앙비상대책위원장과 연세대 황인서 총학생회...,2026-09-21 10:57,https://www.donga.com/news/Culture/article/all/20260921/134700348/1,https://n.news.naver.com/mnews/article/020/0003749679?sid=103
고려대학교,문화일보,3대가 함께 전한 ‘사랑’… “권위주의 버리고 ‘K가족문화’ 살리자”,"유경명 휴먼앤패밀리글로벌연구소 소장은 가정을 인성 교육의 출발점으로 삼아 부모와 가정의 역할을 강화하는 교육 모델을 제시했고, 최은실 소비와가치연구소 소장 겸 고려대 겸임교수는 국내외 저출생 정책의 성과와...",2026-09-21 10:54,https://www.munhwa.com/article/11618496?ref=naver,https://n.news.naver.com/mnews/article/021/0002820227?sid=102
고려대학교,GPKOREA,"QWER, '소년만화'·'피카레스크'로 이어갈 성장 서사","QWER은 지난 12일 고려대학교 화정체육관에서 두 번째 단독 투어 의 시작을 알렸다. 이날 공연에서 신곡 '소년만화'와 '피카레스크'를 처음 선보였으며, 두 곡은 21일 오후 6시 정식 발매된다. 리더이자 드러머인 쵸단은 두...",2026-09-21 10:52,https://www.gpkorea.com/news/articleView.html?idxno=146907,https://www.gpkorea.com/news/articleView.html?idxno=146907
고려대학교,한국강사신문,"고려대학교 백서인 교수팀, AI가 과학자처럼 가설 세우고 추론한다…다...",고려대학교 KU-KIST융합대학원·융합에너지공학과 백서인 교수 연구팀은 미국 조지아 공과대학교(Georgia Institute of Technology) 빅토르 펑(Victor Fung) 교수와 엠마 허(Guoxiang Hu) 교수 연구팀과 공동으로 다중 인공지능...,2026-09-21 10:50,https://www.lecturernews.com/news/articleView.html?idxno=210918,https://www.lecturernews.com/news/articleView.html?idxno=210918
고려대학교,이투데이,"NCT 위시, 이번엔 디스코드 열었다⋯컴백 프로모션 본격 시동","이어 NCT 위시는 다음 달 10~11일 양일간 서울 고려대학교 화정체육관에서 네 번째 미니앨범 발매 기념 오프라인 이벤트 ‘아이 스파이 유(I SPY YOU)’를 개최, 온라인에서 펼쳐진 ‘위시랜드’를 실제 공간으로...",2026-09-21 10:48,https://www.etoday.co.kr/news/view/2627921,https://www.etoday.co.kr/news/view/2627921
연세대학교,경향신문,유익·유해균 닥치는 대로 죽이는 대신··· 미생물 균형 유지하는 염증...,"연세대학교 치과대학 최성환(교정과학교실)·차재국(치주과학교실)·만갈 웃커시(구강생물학교실) 교수, 연세대학교 화공생명공학과 홍진기 교수, 미국 매사추세츠공과대학교(MIT) 기계공학과 조반니 트라베르소 교수...",2026-09-21 10:44,https://www.khan.co.kr/article/202609211044001,https://n.news.naver.com/mnews/article/032/0003471689?sid=103
고려대학교,이투데이,"엔시티 위시, '아이 스파이' 디스코드 서버 개설…컴백 카운트다운",또 엔시티 위시는 10월 10~11일 서울 성북구 고려대학교 화정체육관에서 음반 발매 기념 오프라인 행사 'I SPY YOU(아이 스파이 유)'를 연다. 이번 무대에서는 정식 발매 전 타이틀곡 'I SPY(아이 스파이)' 무대를...,2026-09-21 10:42,https://enter.etoday.co.kr/news/view/302707,https://enter.etoday.co.kr/news/view/302707
고려대학교,헤럴드경제,"“박사급 핵심인력 부족”…韓 양자 패권 경쟁, 인재 확보가 관건","정부는 인력난 해소를 위해 2030년까지 양자 분야 고급 전문인력 1000명 확보를 목표로 고려대, KAIST, POSTECH(포항공과대학교)에 양자대학원을 설립 운영하고 있다. 대학과 정부출연연구기관이 공동으로 교육과 연구를...",2026-09-21 10:41,https://biz.heraldcorp.com/article/10880351?ref=naver,https://n.news.naver.com/mnews/article/016/0002700152?sid=105
연세대학교,DATASOM,"고혈압 더 많은 저학력층, 약은 더 먹는데 생활관리는 덜 해",김은지 가천대 의대 교수와 김현창 연세대 의대 교수 등 연구진은 2023년 지역사회건강조사에 참여한 성인 23만1584명을 분석했다. 전체 조사대상자의 고혈압 진단 경험률은 31.3%였고 고혈압 진단자 가운데 95.9%는 현재...,2026-09-21 10:40,https://www.datasom.co.kr/news/articleView.html?idxno=210030,https://www.datasom.co.kr/news/articleView.html?idxno=210030
연세대학교,CNB저널,"금호건설, '송도 세브란스병원' 짓는다… 병원 건축 역량 강화","금호건설은 지난 18일 연세대학교 의료원이 발주한 송도 세브란스병원 신축공사 입찰에서 우선협상대상자로... 현재 '원주세브란스기독병원 새병원' 건립공사를 진행하고 있으며, 최근에는 '원주연세의료원 제2병원...",2026-09-21 10:38,https://www.cnbizm.com/news/articleView.html?idxno=315759,https://www.cnbizm.com/news/articleView.html?idxno=315759
연세대학교,FETV,"한화생명, 세브란스병원과 치매 전문 보험설계사 양성","한화생명이 연세대학교 세브란스병원과 손잡고 치매 전문 보험설계사를 양성한다. 한화생명은 한화생명금융서비스, 한화라이프랩, 한화피플라이프 등 자회사형 법인보험대리점(GA)과 제휴 GA 설계사를 대상으로 '치매...",2026-09-21 10:36,https://www.fetv.co.kr/news/articleView.html?idxno=310548,https://www.fetv.co.kr/news/articleView.html?idxno=310548
고려대학교,이뉴스투데이,"세종어학원 외국인 학생들, 세계한글작가대회서 '한글문학 매력' 만났다","세종대학교 세종어학원에서 한국어를 배우는 외국인 학생들이 세계 각국의 작가와 석학들이 한자리에 모인... 본대학 명예교수 등이 강연자로 참여했다. 이승하 중앙대 명예교수와 김응교 숙명여대 교수, 오형엽 고려대...",2026-09-21 10:35,http://www.enewstoday.co.kr/news/articleView.html?idxno=2472705,http://www.enewstoday.co.kr/news/articleView.html?idxno=2472705
연세대학교,서울경제,"“유해균만 골라 잡는다”…연세대, 구강 염증 잡는 생체재료 개발","21일 세브란스 병원에 따르면 연세대학교 치과대학 최성환 교정과학교실 교수와 차재국 치주과학교실 교수, 만갈 웃커시 구강생물학교실 교수, 연세대 화공생명공학과 홍진기 교수, 미국 매사추세츠공대(MIT) 기계공학과...",2026-09-21 10:32,https://www.sedaily.com/article/20093328?ref=naver,https://n.news.naver.com/mnews/article/011/0004663982?sid=103
고려대학교,팝콘뉴스,"고려대 연구팀, 땀 한 방울로 체내 약물 추적하는 'AI 피부 패치' 개발","고려대학교(총장 김동원)는 이오의공학부 정호상·유용상 교수 공동연구팀이 피를 뽑지 않고도 피부의 얇은 패치 하나로, 체내 약물 농도와 분해 시점을 땀으로 정밀 추적하는 기술이 개발했다고 21일 밝혔다....",2026-09-21 10:32,http://www.popcornnews.net/news/articleView.html?idxno=133628,http://www.popcornnews.net/news/articleView.html?idxno=133628
연세대학교,헤럴드경제,김은철 건설근로자공제회 신임 전무이사 취임,"김 신임 전무이사는 연세대 정치외교학과를 졸업하고 노동부 기획재정담당관과 국제협력관, 중앙노동위원회 상임위원 등을 역임했다. 김 전무이사는 취임사에서 “열악한 건설 환경에서 일하는 건설노동자의 땀방울과...",2026-09-21 10:31,https://biz.heraldcorp.com/article/10879852?ref=naver,https://n.news.naver.com/mnews/article/016/0002700142?sid=101
연세대학교,이데일리,"'유해균만 골라잡는' 혁신 생체재료 개발, 구강 염증 치료 새 길 열다","연세대학교 치과대학 최성환(교정과학교실)·차재국(치주과학교실)·만갈 웃커시(구강생물학교실) 교수, 연세대학교 화공생명공학과 홍진기 교수, 미국 매사추세츠공과대학교(MIT) 기계공학과 조반니 트라베르소 교수...",2026-09-21 10:31,https://www.edaily.co.kr/News/Read?newsId=02515766645582416&mediaCodeNo=257&utm_source=naver&utm_medium=referral&utm_campaign=news_syndication&utm_content=original_article,https://n.news.naver.com/mnews/article/018/0006373475?sid=102
연세대학교,주간한국,"연세대, MRI·뇌파 결합 AI로 뇌 신경활동 위치 추정기술 개발",사진=연세대  연세대는 이과대학 수학계산학부 윤경호 교수팀이 MRI와 뇌파(EEG)를 결합해 뇌 신경활동이 발생한 위치를 실시간으로 추정하는 인공지능(AI) 기술을 개발했다고 21일 밝혔다. 두피 전극으로...,2026-09-21 10:30,https://weekly.hankooki.com/news/articleView.html?idxno=7185271,https://weekly.hankooki.com/news/articleView.html?idxno=7185271
연세대학교,보건뉴스,유해균 막고 유익균 지킨다…구강 염증 치료 소재 개발,"연세대학교 치과대학 최성환(교정과학교실)·차재국(치주과학교실)·만갈 웃커시(구강생물학교실) 교수, 연세대학교 화공생명공학과 홍진기 교수, 미국 매사추세츠공과대학교(MIT) 기계공학과 조반니 트라베르소 교수...",2026-09-21 10:28,http://www.bokuennews.com/news/article.html?no=284510,http://www.bokuennews.com/news/article.html?no=284510
연세대학교,한국대학신문,"성균관대 공동연구팀, 뇌 면역 균형 회복을 통한 알츠하이머병 치료의 ...","성균관대학교(총장 유지범)는 글로벌바이오메디컬공학과 서민아 교수 연구팀이 바이오 기업 아임뉴런 및 연세대 의대 권호근 교수 연구팀과 손잡고, 알츠하이머병 동물 모델에서 뇌 속 면역 단백질을 조절해...",2026-09-21 10:26,https://news.unn.net/news/articleView.html?idxno=597766,https://news.unn.net/news/articleView.html?idxno=597766
연세대학교,팍스경제TV,"세브란스병원, '점막 모사' 생체재료 개발...""유해균 억제·미생물 균형...","연세대학교 치과대학 최성환·차재국·만갈 웃커시 교수, 연세대학교 화공생명공학과 홍진기 교수, 미국 매사추세츠공과대학교(MIT) 기계공학과 조반니 트라베르소 교수, 성균관대학교 식품생명공학과 최우진 교수...",2026-09-21 10:24,http://www.paxetv.com/news/articleView.html?idxno=282407,http://www.paxetv.com/news/articleView.html?idxno=282407
고려대학교,이투데이,치매 인구 100만 시대…일찍 찾아야 치료 선택지 넓다[e건강~쏙],김종헌 고려대안산병원 신경과 교수는 “치매는 한 번 진행되면 되돌리기 어려운 퇴행성 질환이기 때문에... 항응고제 복용 여부와 유전적 위험요인 등을 고려해 치료의 이익과 위험을 판단해야 한다. 치매 위험을 줄이기...,2026-09-21 10:22,https://www.etoday.co.kr/news/view/2627893,https://www.etoday.co.kr/news/view/2627893
고려대학교,베리타스알파,세종대 세종어학원생 '제12회 세계한글작가대회' 참가.. 11개국 학생 한...,세종대학교 세종어학원에서 한국어를 공부하는 외국인 유학생들이 9월15일부터 18일까지 세종대... 본대학 명예교수 등이 나섰다. 이승하 중앙대 명예교수/김응교 숙명여대 교수/오형엽 고려대 교수는 '미래 세대 한글...,2026-09-21 10:22,https://www.veritas-a.com/news/articleView.html?idxno=628856,https://www.veritas-a.com/news/articleView.html?idxno=628856
고려대학교,뉴스프리존,"고려대, 땀 한 방울로 체내 약물 추적...'AI 피부 패치' 개발","고려대는 정호상·유용상 바이오의공학부 교수 공동연구팀이 피를 뽑지 않고도 피부의 얇은 패치 하나로, 체내 약물 농도와 분해 시점을 땀으로 정밀 추적하는 기술을 개발했다고 21일 밝혔다. 체내 약물 농도 검사...",2026-09-21 10:22,https://www.newsfreezone.co.kr/news/articleView.html?idxno=710382,https://www.newsfreezone.co.kr/news/articleView.html?idxno=710382
고려대학교,베리타스알파,고려대 정호상/유용상 교수팀 피부 패치로 체내 약물 농도 정밀 측정 기...,"고려대 바이오의공학부 정호상/유용상 교수팀이 개발한 이 센서는 제조/공학 분야 국제학술지... 고려대 정호상 교수는 ""채혈의 고통 없이 피부 위에서 체내 약물 농도를 정밀하게 측정할 수 있음을 규명했다""며...",2026-09-21 10:20,https://www.veritas-a.com/news/articleView.html?idxno=628852,https://www.veritas-a.com/news/articleView.html?idxno=628852
연세대학교,제주일보,"서울제주도민회장학회, 학생 28명에 총 7천만원 장학금 지급","이날 고현웅씨(연세대) 등 제주 출신 학생 28명에게 각각 250만원씩 총 7000만원의 장학금이 전달됐다. 김창희 이사장은 인사말에서 ""올해로 장학회가 58년의 역사를 맞이했다""면서 ""출범 당시 3만원을 지급했던...",2026-09-21 10:16,http://www.jejunews.com/news/articleView.html?idxno=2227845,http://www.jejunews.com/news/articleView.html?idxno=2227845
고려대학교,INDUSTRYNEWS,"땀으로 체내 약물 농도 추적…고려대, 웨어러블 센서 개발",고려대학교 바이오의공학부 정호상·유용상 교수 공동연구팀이 개발한 이 센서는 제조·공학 분야 세계적 학술지 'International Journal of Extreme Manufacturing (IF=25.1)'에 지난 10일 온라인 게재됐다고 21일 밝혔다. 연구팀은...,2026-09-21 10:14,https://www.industrynews.co.kr/news/articleView.html?idxno=86327,https://www.industrynews.co.kr/news/articleView.html?idxno=86327
고려대학교,보건뉴스,"고대안암병원, 아시아·태평양 최초 '메디버스' 출범","고려대학교 안암병원(병원장 한승범)은 의료봉사에 활용해 온 이동형 진료버스 '꿈씨(KUM-C)버스'에... 지난 17일 열린 메디버스 출범식에는 한승범 고려대 안암병원장을 비롯해 배성철 경영관리실장, 추영수 간호부장...",2026-09-21 10:14,http://www.bokuennews.com/news/article.html?no=284502,http://www.bokuennews.com/news/article.html?no=284502
연세대학교,KBIZNEWS,"경제 흐름 읽고, 나를 이해하고…차세대 CEO 위한 '경영수업'","이날 이진우 삼프로티비 부대표는 'CEO를 위한 한국경제 바로 읽기'를 주제로 경제현상 이면의 구조를 짚었으며, 이동귀 연세대 심리학과 교수는 '차세대 CEO를 위한 마인드셋'을 통해 자기 인식과 소통의 중요성을 강조했다....",2026-09-21 10:14,http://www.kbiznews.co.kr/news/articleView.html?idxno=114846,http://www.kbiznews.co.kr/news/articleView.html?idxno=114846
고려대학교,NEWSGN,'2026 이병주 하동 국제문학제' 이병주문학관서 열려,"종합 토론에는 김언종 고려대 명예교수, 한성례 세종대 교수, 일본 조사이국제대 티엥 위안 교수, 중국 길림대 권혁률 교수, 김한상 전 경희대 부총장, 김용희 평택대 교수, 손정순 《쿨투라》 발행인, 황미광 국제펜...",2026-09-21 10:12,https://www.newsgn.com/news/articleView.html?idxno=575164,https://www.newsgn.com/news/articleView.html?idxno=575164
고려대학교,한국강사신문,충남 고3 학생·보호자 450여 명 한자리에…충청남도교육청진로융합교육...,충청남도교육청진로융합교육원(원장 김홍제)은 지난 9월 19일 선문대학교 아산캠퍼스에서 충남지역 고3... 특성을 고려해 제시문기반 면접 대비 전략을 다뤘다. 인문·사회계열에서는 서울대·연세대·고려대의...,2026-09-21 10:10,https://www.lecturernews.com/news/articleView.html?idxno=210929,https://www.lecturernews.com/news/articleView.html?idxno=210929
고려대학교,스포츠월드,"“알츠하이머 신약, 한국인에게 괜찮을까”… 레카네맙 실제 투여 결과...","(좌측부터)고려대학교 구로병원 신경과 강성훈 교수·신재민 전공의, 영상의학과 서상일 교수, 핵의학과... 이에 따라 레카네맙 치료를 고려한다면 투여 전 MRI를 통해 환자별 위험도를 충분히 평가해야 한다. 치료를...",2026-09-21 10:10,https://www.sportsworldi.com/newsView/20260921505701,https://n.news.naver.com/mnews/article/396/0000755889?sid=103
고려대학교,KDPRESS,"(주)더마인스트루먼트, '2026 IP나래 프로그램' 선정","이를 계기로 대학·병원·연구기관과 기술협력 논의를 확대하며 기술 고도화와 사업화 가능성을 구체화하고 있다. MEDITEK 행사 기간에는 가톨릭대학교, 가천대길병원, 차병원·차바이오 그룹, 고려대학교...",2026-09-21 10:08,https://www.kdpress.co.kr/news/articleView.html?idxno=208757,https://www.kdpress.co.kr/news/articleView.html?idxno=208757
연세대학교,이투데이,[부음] 최재웅(법무법인 바른 변호사)씨 빙모상,"이투데이=박꽃 기자 | ▲ 이현숙(72) 씨 별세, 고아람·아영 씨 모친상, 임지민 씨 시모상, 최재웅(법무법인(유한) 바른 변호사)씨 빙모상 = 서울 연세대학교 신촌장례식장 3호실, 발인 22일 오전 9시 00분. 장지...",2026-09-21 10:06,https://www.etoday.co.kr/news/view/2627868,https://www.etoday.co.kr/news/view/2627868
연세대학교,RCAST,조망권 유무에 약 4억 격차… 한강 조망·학세권 품은 '쌍용 더 플래티...,"양서고 진학정보에 따르면, 해당 고교는 2020년부터 2026년까지 최근 7년간 서울대·연세대·고려대 합격자 수만 총 433명(연평균 61.8명)에 달했다. 같은 기간 의·치·한의대 합격자 역시 134명(연평균 19.1명)을 배출했다....",2026-09-21 10:06,https://www.rcast.co.kr/news/articleView.html?idxno=31662,https://www.rcast.co.kr/news/articleView.html?idxno=31662
연세대학교,DOCTORSTIMES,"[부음] 은평구의사회, 정은주 회원 모친상·김두천 회원 빙모상",회원(정은주이비인후과의원장)의 모친이며 김두천 회원(김두천비뇨의학과의원장)의 빙모인 정군자씨가 지난 20일 별세했다. 빈소는 연세대 신촌장례식장 14호실에 마련됐으며 발인은 9월22일 오전 7시에 거행될 예정이다.,2026-09-21 10:06,http://www.doctorstimes.com/news/articleView.html?idxno=240097,http://www.doctorstimes.com/news/articleView.html?idxno=240097
고려대학교,RCAST,조망권 유무에 약 4억 격차… 한강 조망·학세권 품은 '쌍용 더 플래티...,"양서고 진학정보에 따르면, 해당 고교는 2020년부터 2026년까지 최근 7년간 서울대·연세대·고려대 합격자 수만 총 433명(연평균 61.8명)에 달했다. 같은 기간 의·치·한의대 합격자 역시 134명(연평균 19.1명)을 배출했다....",2026-09-21 10:06,https://www.rcast.co.kr/news/articleView.html?idxno=31662,https://www.rcast.co.kr/news/articleView.html?idxno=31662
고려대학교,KOREADAILY,시어로 숙성한 이민의 시간…장종의 첫 시집 ‘발효의 시간’,"장 시인은 서울예술대와 한신대 문예창작과를 졸업하고 고려대 대학원 문예창작과에서 수학하던 중 미국으로 이주했다. 2003년 시와사상 신인문학상을 시작으로 2005년 전태일문학상, 2010년...",2026-09-21 10:06,https://www.koreadaily.com/article/20260920180509210,https://www.koreadaily.com/article/20260920180509210
고려대학교,스타뉴스,"NCT WISH, 미니 4집 'I SPY' 이색 프로모션..디지털 세계 'WISH LAND' 오픈","이어 NCT WISH는 10월 10~11일 양일간 서울 고려대학교 화정체육관에서 네 번째 미니앨범 발매 기념 오프라인 이벤트 'I SPY YOU'(아이 스파이 유)를 개최, 온라인에서 펼쳐진 'WISH LAND'를 실제 공간으로 확장해 팬들과...",2026-09-21 10:04,https://www.starnewskorea.com/music/2026/09/21/2026092110015919425,https://m.entertain.naver.com/article/108/0003472059
고려대학교,서울신문,"치매 치료제 ‘레카네맙’, 한국인에 적용해보니 “이상반응 대부분 경...","고려대 구로병원 신경과 강성훈 교수 연구팀(고려대 구로병원 신경과 강성훈 교수/알츠하이머 예방센터장·신재민 전공의, 영상의학과 서상일 교수, 핵의학과 어재선 교수)은 국내 알츠하이머병 환자를...",2026-09-21 10:04,https://www.seoul.co.kr/news/society/health-welfare/2026/09/21/20260921500043?wlog_tag3=naver,https://n.news.naver.com/mnews/article/081/0003682107?sid=102
고려대학교,뉴스1,"""4가가 더 좋은 거 아닌가요""…올해 독감 백신 '3가'밖에 없는 이유","독감 유행이 이미 시작된 만큼 접종 후 면역이 형성되는 약 2주의 시간을 고려해 가능한 한 이른 시기에... 정재훈 고려대 의과대학 예방의학교실 교수는 ""인플루엔자 백신 접종률 하락은 유행 시기와 확산 규모에...",2026-09-21 10:02,https://www.news1.kr/bio/general/6297117,https://n.news.naver.com/mnews/article/421/0009182559?sid=105
연세대학교,메디칼트리뷴,구강 염증 유해균만 잡아내는 신소재 개발,"연세대치대 최성환 교수(교정과학교실)와 차재국 교수(치주과학교실), 만갈 웃커시 교수(구강생물학교실), 연세대 화공생명공학과 홍진기 교수, 미국 매사추세츠공대(MIT) 조반니 트라베르소 교수, 성균관대 최우진 교수...",2026-09-21 10:02,http://www.medical-tribune.co.kr/news/articleView.html?idxno=215227,http://www.medical-tribune.co.kr/news/articleView.html?idxno=215227
연세대학교,전자신문,강원 '모두의 창업'에 1만1539건 몰렸다…비수도권 창업 열기 두각,"상지대학교, 연세대학교 미래캠퍼스, 한림대학교 창업지원본부 등이 참여했다. 이들 기관은 참가자의 아이디어를 구체화하고 사업모델을 발전시키는 과정에서 멘토 역할을 담당한다. 지역 대학과 창업지원기관뿐...",2026-09-21 10:02,https://www.etnews.com/20260921000074,https://n.news.naver.com/mnews/article/030/0003468639?sid=102
고려대학교,한국강사신문,현금 지원 넘어 교육·돌봄·문화까지…저출생 정책 전면 재설계 제안,최은실 소비와가치연구소 소장 겸 고려대학교 겸임교수는 '저출생 인구위기 극복을 위한 패러다임 전환—경제적 지원을 넘어 가족 중심 문화로'를 주제로 발표했다. 최 소장은 경제적 지원만으로는 청년세대의 결혼과...,2026-09-21 10:02,https://www.lecturernews.com/news/articleView.html?idxno=210943,https://www.lecturernews.com/news/articleView.html?idxno=210943
고려대학교,뉴스1,"모란미술관 기획전 '대항해 시대, 미확정 지도'…전속작가 22명 참여","조은정 미술평론가 겸 고려대학교 초빙교수가 전시감독을 맡았다. 강강훈, 김서울, 김아라, 김지민, 김철환, 김형주, 노해율, 류은미 등 22명 작가가 회화와 조각, 설치, 공예, 영상 작품을 전시한다. 전시는...",2026-09-21 10:00,https://www.news1.kr/life-culture/performance-exhibition/6296756,https://n.news.naver.com/mnews/article/421/0009182538?sid=103
연세대학교,뉴스핌,"금호건설, 송도 세브란스병원 시공사 우협 선정… 공사비 3910억",금호건설이 시공하는 인천 '송도 세브란스병원' 조감도 [자료=금호건설] 21일 금호건설은 연세대학교... 최근에는 '원주연세의료원 제2병원 신축공사'를 수주해 착공을 앞두고 있다. 건축 분야의 수주 영역도 확대하고...,2026-09-21 10:00,https://www.newspim.com/news/view/20260921000296,https://www.newspim.com/news/view/20260921000296
고려대학교,머니투데이,"""제품 들고 화장실 앞 쩔쩔""...20대 대표 연매출 10만원→8억 뛴 비결","한국장학재단이 사업에 물꼬를 터 준 덕분입니다."" 고려대 세종캠퍼스 창업동아리에서 시작해 도시 침수... 창업한 대학생·대학원생에게 주거 공간과 사무실을 무상 제공하는 시설이다. 전기 및 수도세 등 공공요금도...",2026-09-21 10:00,https://www.mt.co.kr/policy/2026/09/22/2026091814083771460,https://n.news.naver.com/mnews/article/008/0005416545?sid=102
고려대학교,DOCTORSTIMES,"알츠하이머병 치료제 '레카네맙', 한국인 실제 임상 안전성 결과 발표","좌측부터 강성훈 고려대 구로병원 신경과 교수/알츠하이머 예방센터장·신재민 전공의, 서상일... 강성훈 고려대 구로병원 신경과 교수 연구팀(강성훈 고려대 구로병원 신경과 교수/알츠하이머 예방센터장...",2026-09-21 09:58,http://www.doctorstimes.com/news/articleView.html?idxno=240096,http://www.doctorstimes.com/news/articleView.html?idxno=240096
연세대학교,LAWLEADER,"청년변호사단체 새변, 미래헌법포럼 숙의토론 '참정권과 미래헌법'","'새로운 미래를 위한 청년변호사 모임(새변)'이 17일 이화여자대학교 앞 스투디아B에서 미래헌법포럼... 김용태 국민의힘 국회의원과 한국청년입법정책학회, 신촌 연합 토론 동아리 아우름(서강대ㆍ연세대ㆍ이화여대)이...",2026-09-21 09:56,http://www.lawleader.co.kr/news/articleView.html?idxno=19988,http://www.lawleader.co.kr/news/articleView.html?idxno=19988
고려대학교,LAWLEADER,"청년변호사단체 새변, 미래헌법포럼 숙의토론 '참정권과 미래헌법'",'새로운 미래를 위한 청년변호사 모임(새변)'이 17일 이화여자대학교 앞 스투디아B에서 미래헌법포럼... 안병국 발표자(고려대 법학전문대학원 입법정책학회)는 제22대 총선 지역구에서 5.4%포인트의 득표율 차이가 71석의...,2026-09-21 09:56,http://www.lawleader.co.kr/news/articleView.html?idxno=19988,http://www.lawleader.co.kr/news/articleView.html?idxno=19988
고려대학교,CCDAILYNEWS,AI 활용을 사업 변화로 바꾼 세종 소상공인 협업,"▲ 고려대학교 세종앵커사업단의 대학·소상공인 협력 기반 성장지원 과정. 수요조사와 교육, 전문가 자문, 사업화·매출 창출, 사후관리의 5단계로 구성됐다 인공지능과 디지털 기술 교육의 성패는 수료 인원보다 실제...",2026-09-21 09:52,https://www.ccdailynews.com/news/articleView.html?idxno=2442169,https://www.ccdailynews.com/news/articleView.html?idxno=2442169
고려대학교,DYNEWS,"충북교육연구정보원, 미래 AI 인재양성","이번 정책연구는 김자미 고려대 교수를 연구책임자로 한 연구진이 지난 4월부터 수행해 학생의 수준과... 최종보고회에서는 김자미 고려대학교 교수가 연구 결과를 발표했으며, 학교 관리자와 교사, 교육연구 관계자...",2026-09-21 09:52,https://www.dynews.co.kr/news/articleView.html?idxno=866778,https://www.dynews.co.kr/news/articleView.html?idxno=866778
고려대학교,에듀동아,"포레스트요양병원, 재활의학과 전문의 전영순 진료원장 영입","신임 전영순 진료원장은 고려대학교 의과대학을 졸업하고 동 대학원에서 재활의학과 석·박사 과정을 수료했으며, 고려대학교 의과대학 외래교수, 지안재활의학과 및 지안메디 스포츠클리닉 원장 등을 역임했다....",2026-09-21 09:46,https://edu.donga.com/news/articleView.html?idxno=112139,https://edu.donga.com/news/articleView.html?idxno=112139
연세대학교,중앙일보,구강 유해균만 억제하고 유익균 지키는 신소재 개발,"연세대 치대(최성환·차재국·만갈 웃커시 교수)와 연세대 화공생명공학과(홍진기 교수), MIT(조반니 트라베르소 교수), 성균관대(최우진 교수) 공동연구팀이 인체 점막을 모사해 유해균의 군집 형성만 선택적으로 차단하는...",2026-09-21 09:46,https://jhealthmedia.joins.com/news/articleView.html?idxno=33541,https://jhealthmedia.joins.com/news/articleView.html?idxno=33541
고려대학교,LEC,"청년 변호사단체 새변, '참정권' 문제 논의의 장 마련","송지은 새변 공동대표는 인사말을 통해 국회의원회관이 아닌 대학가에서 토론이 열린 의미를 짚으며 ""단순히... 안병국 씨(고려대 로스쿨 입법정책학회)는 제22대 총선 지역구에서 5.4%포인트의 득표율 차이가 71석의 의석...",2026-09-21 09:44,http://www.lec.co.kr/news/articleView.html?idxno=752749,http://www.lec.co.kr/news/articleView.html?idxno=752749
연세대학교,라포르시안,"""유해균은 잡고 유익균은 보호""...구강 염증 치료 신소재 개발","연세대학교 치과대학은 최성환(교정과학교실)·차재국(치주과학교실)·만갈 웃커시(구강생물학교실) 교수, 연세대학교 화공생명공학과 홍진기 교수, 미국 매사추세츠공과대학교(MIT) 기계공학과 조반니 트라베르소 교수...",2026-09-21 09:44,https://www.rapportian.com/news/articleView.html?idxno=240589,https://www.rapportian.com/news/articleView.html?idxno=240589
연세대학교,LEC,"청년 변호사단체 새변, '참정권' 문제 논의의 장 마련","김용태 국민의힘 의원과 한국청년입법정책학회, 신촌 연합 토론 동아리 아우름(서강대·연세대·이화여대)이... 송지은 새변 공동대표는 인사말을 통해 국회의원회관이 아닌 대학가에서 토론이 열린 의미를 짚으며 ""단순히...",2026-09-21 09:44,http://www.lec.co.kr/news/articleView.html?idxno=752749,http://www.lec.co.kr/news/articleView.html?idxno=752749
고려대학교,BNTNEWS,"QWER, 신곡에 담은 성장 이야기 [화보]","QWER은 지난 12일 고려대학교 화정체육관에서 두 번째 단독 투어 ‘ROCKATION : ROCKET LAUNCH!!’의 포문을 열었다. 이날 공연에서는 신곡 ‘소년만화’와 ‘피카레스크’ 무대를 처음 공개했으며, 두 곡은 오는 21일 오후 6시...",2026-09-21 09:38,https://www.bntnews.co.kr/article/view/bnt202609210141,https://www.bntnews.co.kr/article/view/bnt202609210141
고려대학교,한경매거진,"'2026 글로벌패밀리포럼' 성료, 부모·가정 중심 인성교육과 가족정책 전...",최은실 소비와가치연구소 소장 겸 고려대학교 겸임교수는 '저출생 인구위기 극복을 위한 패러다임 전환-경제적 지원을 넘어 가족 중심 문화로'를 주제로 발표했다. 최 소장은 경제적 지원만으로는 청년세대의 결혼과...,2026-09-21 09:38,https://magazine.hankyung.com/business/article/202609217284b,https://n.news.naver.com/mnews/article/050/0000111157?sid=101
연세대학교,뉴시스,"""유해균만 골라 없앤다""…구강 염증 신소재 개발","치과대학 교수, 홍진기 연세대학교 화공생명공학과 교수, 조반니 트라베르소 미국 매사추세츠공과대학교(MIT) 기계공학과 교수, 최우진 성균관대학교 식품생명공학과 교수 공동연구팀이 우리 몸 점막을 본떠 유해균 군집...",2026-09-21 09:36,https://www.newsis.com/view/NISX20260921_0003797696,https://n.news.naver.com/mnews/article/003/0014203555?sid=102
고려대학교,HERALDMUSE,"QWER, 오늘(21일) 스페셜 싱글 ‘소년만화 & 피카레스크’ 발매..청춘 서...","한편 QWER은 지난 12~13일 서울 고려대학교 화정체육관에서 두 번째 투어 ‘QWER 2nd TOUR ’ROCKATION : ROCKET LAUNCH!!‘’를 성료했다. 나아가 QWER은 오는 10월 10~11일 타이베이를 시작으로 10월 13일 후쿠오카, 10월 15일...",2026-09-21 09:35,https://www.heraldmuse.com/article/10880106?ref=naver,https://m.entertain.naver.com/article/112/0003807885
고려대학교,KOREADAILY,‘2026 글로벌패밀리포럼’ 성료,최은실 소비와가치연구소 소장 겸 고려대학교 겸임교수는 ‘저출생 인구위기 극복을 위한 패러다임 전환—경제적 지원을 넘어 가족 중심 문화로’를 주제로 발표했다. 최 소장은 경제적 지원만으로는 청년세대의...,2026-09-21 09:34,https://www.koreadaily.com/article/20260920173243734,https://www.koreadaily.com/article/20260920173243734
연세대학교,머니투데이,입속 유해균 죽이고 유익균 살린다…구강 염증 치료 신소재 개발,"연세대 치과대학 최성환(교정과학교실)·차재국(치주과학교실)·만갈 웃커시(구강생물학교실) 교수, 연세대 화공생명공학과 홍진기 교수, 미국 매사추세츠공과대학교(MIT) 기계공학과 조반니 트라베르소 교수, 성균관대...",2026-09-21 09:33,https://www.mt.co.kr/world/2026/09/21/2026092109084137087,https://n.news.naver.com/mnews/article/008/0005416519?sid=104
연세대학교,팝콘뉴스,"성균관대 공동연구팀, 뇌 면역 조절로 알츠하이머병 치료가능성 과학적...",성균관대학교(총장 유지범)는 글로벌바이오메디컬공학과 서민아 교수 연구팀이 바이오 기업 아임뉴런 및 연세대 의대 권호근 교수 연구팀과 공동으로 대표적인 퇴행성 뇌질환인 알츠하이머병을 뇌 면역 조절로 치료할...,2026-09-21 09:30,http://www.popcornnews.net/news/articleView.html?idxno=133602,http://www.popcornnews.net/news/articleView.html?idxno=133602
고려대학교,톱스타뉴스,"NCT WISH, 디지털 'WISH LAND' 열고 오프라인 이벤트까지 예고",NCT WISH는 10월 10일부터 11일까지 이틀간 서울 고려대학교 화정체육관에서 네 번째 미니앨범 발매를 기념하는 이벤트 'I SPY YOU'를 연다. 디스코드에서 먼저 선보인 'WISH LAND'를 실제 공간으로 확장한 콘셉트의...,2026-09-21 09:30,https://www.topstarnews.net/news/articleView.html?idxno=16203418,https://www.topstarnews.net/news/articleView.html?idxno=16203418
고려대학교,조이뉴스24,"NCT WISH 'I SPY' 컴백, 온∙오프라인으로 즐긴다",이어 NCT WISH는 10월 10일과 11일 양일간 서울 고려대학교 화정체육관에서 네 번째 미니앨범 발매 기념 오프라인 이벤트 'I SPY YOU'를 개최한다. 신곡 'I SPY' 무대를 최초 공개하고 팬 참여형 코너도 진행한다....,2026-09-21 09:28,http://www.joynews24.com/view/2007656,http://www.joynews24.com/view/2007656
연세대학교,지디넷코리아,"디웨이브, 양자컴퓨팅 연구성과·산업적용 사례 공개","박경적 연세대 교수는 양자컴퓨팅을 활용한 생성형 AI 워크플로 개선 가능성, 팡 포쉰 국립양명교통대학교 교수는 반도체 레티클 최적화를 위한 양자 어닐링 프레임워크, 정선근 경상국립대 교수는 실제 운영...",2026-09-21 09:27,https://zdnet.co.kr/view/?no=20260921092703,https://n.news.naver.com/mnews/article/092/0002438221?sid=105
연세대학교,점프볼,"20점 차 대패 당했던 고려대, 동국대에게 복수할까?",고려대는 21일 오후 4시 화정체육관에서 동국대와 2026 KUSF 대학농구 U-리그 홈 경기를 갖는다. 현재 9연승... 라이벌 연세대의 두 자리 연승은 5회다. 올해 1위를 독주하고 있는 중앙대의 최다 연승도 8연승. 고려대가...,2026-09-21 09:26,https://m.sports.naver.com/basketball/article/065/0000301781,https://m.sports.naver.com/basketball/article/065/0000301781
고려대학교,점프볼,"20점 차 대패 당했던 고려대, 동국대에게 복수할까?","그렇지만, 시간이 지난 뒤에는 이런 어려운 사정은 사라지고 결국 기록만 남는다. 선배들이 쌓아온 남자 대학부 최강의 기록을 이어 나가려면 고려대는 동국대에게 무조건 이겨야 한다. #사진_ 점프볼 DB",2026-09-21 09:26,https://m.sports.naver.com/basketball/article/065/0000301781,https://m.sports.naver.com/basketball/article/065/0000301781
고려대학교,BNTNEWS,"NCT 위시, 미니 4집 ‘아이 스파이’ 컴백 프로모션 본격 시동","이어 NCT 위시는 오는 10월 10~11일 양일간 서울 고려대학교 화정체육관에서 네 번째 미니앨범 발매 기념 오프라인 이벤트 ‘I SPY YOU’(아이 스파이 유)를 개최, 온라인에서 펼쳐진 ‘WISH LAND’를 실제 공간으로...",2026-09-21 09:26,https://www.bntnews.co.kr/article/view/bnt202609210128,https://www.bntnews.co.kr/article/view/bnt202609210128
연세대학교,메트로신문,"전주시 조지훈시장, 시민이 주인공인 전주 관광의 미래를 시민과 함께 ...","모종린 연세대 교수는 전주를 한옥마을에 한정하지 않고 객리단길 등 원도심 전체가 골목으로 이어지는... 포럼 마지막에는 대학생과 청년, 시민들이 참여한 '청년랩'이 열렸다. 참가자들은 파트너도시 대표들과 다섯 개...",2026-09-21 09:24,http://www.metroseoul.co.kr/article/20260921500023,http://www.metroseoul.co.kr/article/20260921500023
연세대학교,아시아경제,유해균 억제하고 유익균 보존하는 구강 염증 치료 소재 개발,"연세대는 치과대학 최성환·차재국·만갈 웃커시 교수, 화공생명공학과 홍진기 교수, 미국 매사추세츠공과대학교(MIT) 기계공학과 조반니 트라베르소 교수, 성균관대 식품생명공학과 최우진 교수 공동연구팀은 우리 몸의...",2026-09-21 09:21,https://view.asiae.co.kr/article/2026092109214995152,https://n.news.naver.com/mnews/article/277/0005819070?sid=105
고려대학교,텐아시아,"엔시티 위시, 컴백 전부터 온·오프라인 꽉 채운다…'I SPY' 프로모션 시...",NCT WISH는 오는 10월 10~11일 서울 고려대학교 화정체육관에서 앨범 발매 기념 행사 'I SPY YOU'를 개최한다. 행사에서는 타이틀곡 'I SPY' 무대를 처음 공개한다. 새 앨범 콘셉트를 활용한 팬 참여형 프로그램도...,2026-09-21 09:18,https://www.tenasia.co.kr/article/2026092171584,https://m.entertain.naver.com/article/312/0000776956
고려대학교,주간한국,"고대구로병원 연구팀, 한국인 '레켐비' 치료서 ARIA 8.8% 확인","고려대학교 구로병원 강성훈 신경과 교수·신재민 전공의, 서상일 영상의학과 교수, 어재선 핵의학과 교수. 사진=고대구로병원  고려대학교 구로병원은 강성훈 신경과 교수(알츠하이머 예방센터장)와 신재민...",2026-09-21 09:16,https://weekly.hankooki.com/news/articleView.html?idxno=7185227,https://weekly.hankooki.com/news/articleView.html?idxno=7185227
고려대학교,MONEWS,"레카네맙, 국내 환자에서 이상반응 대부분 경증·무증상 확인돼","고려대학교 구로병원 강성훈 교수(신경과) 연구팀(신재민 전공의, 영상의학과 서상일 교수, 핵의학과 어재선 교수)은 2024년 12월부터 2025년 10월까지 고대 구로병원 알츠하이머예방센터에서 레카네맙 치료를...",2026-09-21 09:16,https://www.monews.co.kr/news/articleView.html?idxno=414058,https://www.monews.co.kr/news/articleView.html?idxno=414058
연세대학교,MHJ21,서울시립대 총장배 '제2회 K-필라테스 콘테스트' 성료,이날 사회는 POLESTAR 국제 필라테스 지도자이자 GYROTONICⓇ 국제 지도자로 활동하고 있는 장영진 연세대학교... 이어 '서울시립대학교 총장배'로 확대되면서 국제부와 대학생부까지 참가 영역을 넓혔다. 개인·듀엣·단체...,2026-09-21 09:14,https://www.mhj21.com/news/articleView.html?idxno=254016,https://www.mhj21.com/news/articleView.html?idxno=254016
고려대학교,전자신문,"국립광주과학관, '제4회 전시기획 아카데미' 개최…디자인 역량 강화",첫 번째 강연은 김보섭 고려대학교 디자인조형학부 교수가 '디자인 창의성'을 주제로 진행했다. 인간 중심... 두 번째 강연에서는 윤여경 경희대학교 디자인대학원 교수가 '공공디자인으로서의 K-도시브랜딩'을 주제로...,2026-09-21 09:14,https://www.etnews.com/20260921000026,https://n.news.naver.com/mnews/article/030/0003468595?sid=102
고려대학교,KMEDINFO,레카네맙 한국인 실사용서 안전성 확인…ARIA 대부분 경증·무증상,"고려대학교 구로병원 신경과 강성훈 교수·신재민 전공의, 영상의학과 서상일 교수, 핵의학과 어재선... 치매의 가장 흔한 원인이 알츠하이머병인 점을 고려하면 초기 환자를 선별해 치료하는 중요성도 커지고...",2026-09-21 09:12,http://www.kmedinfo.co.kr/news/articleView.html?idxno=97818,http://www.kmedinfo.co.kr/news/articleView.html?idxno=97818
연세대학교,후생신보,"대한신경통증학회, ‘정밀 신경통증 치료’ 미래와 임상 해법 모색","김경모 연세하나병원는 ‘AI를 이용한 Pain Treatment Strategy’, 김병훈 연세대학교 교수는 ‘AI와 의료의 최신 지견과 향후 미래’를 주제로 인공지능을 활용한 통증치료와 의료의 미래를...",2026-09-21 09:12,http://www.whosaeng.com/173858,http://www.whosaeng.com/173858
고려대학교,SLIST,"NCT WISH, 'I SPY' 컴백 프로모션…디스코드→오프라인 이벤트",NCT WISH는 10월 10~11일 서울 고려대학교 화정체육관에서 앨범 발매 기념 이벤트 'I SPY YOU'(아이 스파이 유)를 개최한다. 'WISH LAND'를 실제 공간으로 확장해 팬들과 만나는 자리다. 앨범 발매에 앞서 열리는 이번...,2026-09-21 09:10,https://www.slist.kr/news/articleView.html?idxno=767709,https://www.slist.kr/news/articleView.html?idxno=767709
연세대학교,베리타스알파,성균관대/연세대 공동연구팀 뇌 면역 스위치 조절해 알츠하이머병 치료...,성균관대학교 글로벌바이오메디컬공학과 서민아 교수 연구팀이 바이오기업 아임뉴런 및 연세대 의대 권호근 교수 연구팀과 공동연구를 통해 알츠하이머병 동물모델에서 뇌 속 면역 단백질을 조절함으로써 손상된 뇌...,2026-09-21 09:10,https://www.veritas-a.com/news/articleView.html?idxno=628825,https://www.veritas-a.com/news/articleView.html?idxno=628825
연세대학교,후생신보,유해균은 잡고 유익균은 지킨다…구강 염증 치료 신소재 개발,"연세대학교 치과대학 최성환 교수(교정과학교실)·차재국 교수(치주과학교실)·만갈 웃커시 교수(구강생물학교실), 연세대학교 화공생명공학과 홍진기 교수, 미국 매사추세츠공과대학교(MIT) 기계공학과 조반니 트라베르소...",2026-09-21 09:06,http://www.whosaeng.com/173856,http://www.whosaeng.com/173856
연세대학교,파이낸셜뉴스,"씨엔알리서치, 강남세브란스와 혁신 의료기기 글로벌 진출 협력",씨엔알리서치는 이달 초 연세대학교 의과대학 강남세브란스병원과 국내 혁신 의료기기의 글로벌 진출을 위한 업무협약을 체결했다고 21일 밝혔다. 이번 협약은 강남세브란스병원의 의료·연구 인프라와 씨엔알리서치의...,2026-09-21 09:05,https://www.fnnews.com/news/202609210902494481,https://n.news.naver.com/mnews/article/014/0005578701?sid=103
고려대학교,파이낸셜뉴스,"치매 치료제 '레카네맙', 한국인 실제 임상서도 ""안전성 입증"" [헬스체크...",이번 연구는 고려대 구로병원 신경과 강성훈 교수(알츠하이머 예방센터장)·신재민 전공의·영상의학과... 연구팀은 2024년 12월부터 2025년 10월까지 고려대학교 구로병원 알츠하이머예방센터에서 레카네맙 치료를...,2026-09-21 09:05,https://www.fnnews.com/news/202609210843090897,https://n.news.naver.com/mnews/article/014/0005578702?sid=103
연세대학교,이투데이,"머큐리, ‘지능형 스텔스 AP’ 개발·실증 완료…공공·국방 무선통신 ...","이번 연구는 ETRI를 주관기관으로 머큐리, 넷진테크, 연세대학교가 산학연 컨소시엄을 구성해 2021년부터 2025년까지 수행했다. 무선 네트워크는 높은 이동성과 편의성을 제공하지만, 주파수 신호와 네트워크 정보가...",2026-09-21 09:04,https://www.etoday.co.kr/news/view/2627780,https://www.etoday.co.kr/news/view/2627780
연세대학교,의학신문,구강 염증 유해균 잡고 유익균 지키는 신소재 개발,"연세대학교 치과대학 최성환(교정과학교실)·차재국(치주과학교실)·만갈 웃커시(구강생물학교실) 교수, 연세대학교 화공생명공학과 홍진기 교수, 미국 매사추세츠공과대학교(MIT) 기계공학과 조반니 트라베르소 교수...",2026-09-21 09:02,https://www.bosa.co.kr/news/articleView.html?idxno=3012510,https://www.bosa.co.kr/news/articleView.html?idxno=3012510
연세대학교,DEALSITETV,"[시험대 오른 카뱅人] 카카오X 시대, 역할 커지는 김근수 부대표","연세대 응용통계학과를 나온 김 부대표는 한국투자증권 상품전략부 부장, 한국투자금융지주 경영관리실 상무 등을 거친 뒤 카카오뱅크에 합류했다. 이후 금융상품과 지주 경영관리 업무를 경험한 그는 올해 부대표와...",2026-09-21 09:02,https://news.dealsitetv.com/articles/176003,https://news.dealsitetv.com/articles/176003
연세대학교,조선비즈,[인터뷰] 이광재 예결위원장 “아이 태어나면 나라가 1억씩 펀드 넣어주...,모두가 웃는 대한민국이 됐으면 좋겠다.” ☞이광재는 누구 강원 평창에서 태어나 원주고와 연세대 법대를 졸업했다. 고(故) 노무현 전 대통령의 보좌진으로 정계에 입문해 친노(親노무현)계 인사로 꼽힌다....,2026-09-21 09:01,https://biz.chosun.com/policy/politics/assembly/2026/09/21/S6XVYFVPXZD7VFATJ6AIC2G664/?utm_source=naver&utm_medium=original&utm_campaign=biz,https://n.news.naver.com/mnews/article/366/0001193544?sid=100
고려대학교,베리타스알파,대입캘린더 (26/09/25~),"일일대학생 체험 '너희랑' 9~12월 중 하루 ▲숭실대 2학기 캠퍼스투어 9/1(화)~12/4(금) ▲인하대... (일) ▲건국대 고려대 성균관대 숙명여대 숭실대 11/21(토)~22(일) ▲가톨릭대 의예/약학, 경희대...",2026-09-21 09:00,https://www.veritas-a.com/news/articleView.html?idxno=628797,https://www.veritas-a.com/news/articleView.html?idxno=628797
고려대학교,AITIMES,[AI 리더의 서가] AI 시스템 설계,"고려대학교를 졸업하고 서울대학교 대학원에 재학 중이기도 하다. 권기원 영풍문고 서적팀 팀장은 ""이 저자가 왜 지금 이 책을 썼는지를 보면 책의 성격이 분명해진다""며 ""AI가 실제로 어디서 뚫리고 어디서...",2026-09-21 09:00,https://www.aitimes.com/news/articleView.html?idxno=215464,https://www.aitimes.com/news/articleView.html?idxno=215464
고려대학교,DATANET,[저스트인의 PR신잡⑨] 구글 AI는 왜 질문을 쪼개는가(하) ··· AI 검색에...,"'속보'와 '즉시 연결'의 의미를 담은 저스트인 로고박민혁 저스트인 대표 필자 소개: 전략PR 에이전시 '저스트인(JUST IN)'의 박민혁 설립자 겸 대표는 고려대학교 신문방송학과를 졸업한 뒤 대한항공, 롯데호텔, 라이엇게임즈...",2026-09-21 09:00,https://www.datanet.co.kr/news/articleView.html?idxno=214588,https://www.datanet.co.kr/news/articleView.html?idxno=214588
연세대학교,TFMEDIA,[김우일의 세상 돋보기] 공직이 두려워하는 천망(天網),"[프로필] 김우일 대우김우일경영연구원 대표/대우 M&A 대표 •(전)대우그룹 구조조정본부장 •(전)대우그룹 기획조정실 경영관리팀 이사 •인천대학교 대학원 경영학 박사 •서울고등학교, 연세대 법학과 졸업",2026-09-21 09:00,https://www.tfmedia.co.kr/news/article.html?no=207355,https://www.tfmedia.co.kr/news/article.html?no=207355
연세대학교,HANDMK,박영사 『진실에 이르는 좋은 수사』 출간,"이성일 저자는 연세대학교 법학과를 졸업하고 서울시립대학교 세무전문대학원에서 세무학 석사, 성균관대학교 법학전문대학원에서 형사법 박사 학위를 받았다. 제41회 사법시험에 합격해 사법연수원 제31기를 수료했으며...",2026-09-21 09:00,https://www.handmk.com/news/articleView.html?idxno=43214,https://www.handmk.com/news/articleView.html?idxno=43214
연세대학교,KOREASTOCKNEWS,"이대역 마포 프론티어, 1차 마무리···2차 임차인 모집","이화여자대학교와 서강대학교를 비롯해 연세대학교, 홍익대학교 등 서울 서북권 주요 대학도 가까운 편이다. 생활 인프라로는 현대백화점 신촌점과 대형마트, 전통시장 등을 이용할 수 있다. 세브란스병원 등 의료시설과...",2026-09-21 09:00,http://www.koreastocknews.com/news/articleView.html?idxno=121356,http://www.koreastocknews.com/news/articleView.html?idxno=121356
연세대학교,베리타스알파,대입캘린더 (26/09/25~),"일일대학생 체험 '너희랑' 9~12월 중 하루 ▲숭실대 2학기 캠퍼스투어 9/1(화)~12/4(금) ▲인하대... (일) ▲연세대 10/10(토) ▲가톨릭대, 중앙대 10/11(일) ▲단국대 자연 10/17(토), 인문 10/18(일) ▲건국대...",2026-09-21 09:00,https://www.veritas-a.com/news/articleView.html?idxno=628797,https://www.veritas-a.com/news/articleView.html?idxno=628797
연세대학교,SMARTBIZN,[김형일의 입시컨설팅] (246) 논술 대비 실전 유형 총정리,"특히 2027학년도에는 대학별 변화가 나타난다. 연세대 서울캠퍼스는 자연·통합계열 논술에 과학 서논술형을 포함하고 시험시간을 120분으로 확대했으며, 중앙대는 논술전형을 일반형과 창의형으로 구분해 운영한다. 따라서...",2026-09-21 09:00,https://www.smartbizn.com/news/articleView.html?idxno=154116,https://www.smartbizn.com/news/articleView.html?idxno=154116
연세대학교,베리타스알파,[새책] '청소년을 위한 유전자 수업' - '영화와 뉴스로 배우는' 유전자와...,"설 교수는 연세대에서 보건학 박사학위를 취득하고 미국 존스홉킨스대 블룸버그 보건대학원에서 박사후연구원을 지냈다. 현재 을지대 보건과학대학 임상병리학과 교수로 재직하고 있으며, 2024~2025년에는 미국...",2026-09-21 09:00,https://www.veritas-a.com/news/articleView.html?idxno=628794,https://www.veritas-a.com/news/articleView.html?idxno=628794
고려대학교,텐아시아,"QWER, 2만7000명 팬이 골랐다…오늘(21일) 스페셜 싱글 발매","QWER은 지난 12~13일 서울 고려대학교 화정체육관에서 두 번째 투어 'QWER 2nd TOUR 'ROCKATION : ROCKET LAUNCH!!''의 서울 공연을 마쳤다. 이들은 오는 10월 10~11일 타이베이를 시작으로 13일 후쿠오카, 15일 오사카, 17일 도쿄...",2026-09-21 08:56,https://www.tenasia.co.kr/article/2026092168234,https://m.entertain.naver.com/article/312/0000776949
고려대학교,뉴스1,'경영·법학 일색' 100대 기업 교수 사외이사…이공계가 치고 올라왔다,교수 사외이사의 소속 대학은 일부 대학에 집중됐다. 서울대가 46명(24.2%)으로 가장 많았고 고려대 22명... 국내 대학 기준 비수도권 대학교수는 19명(10.2%)에 불과했다. 10대 그룹 중 교수 사외이사 선임에 가장...,2026-09-21 08:52,https://www.news1.kr/society/education/6296915,https://n.news.naver.com/mnews/article/421/0009182260?sid=102
연세대학교,뉴스1,'경영·법학 일색' 100대 기업 교수 사외이사…이공계가 치고 올라왔다,"소속 대학은 일부 대학에 집중됐다. 서울대가 46명(24.2%)으로 가장 많았고 고려대 22명, 연세대 15명... 국내 대학 기준 비수도권 대학교수는 19명(10.2%)에 불과했다. 10대 그룹 중 교수 사외이사 선임에 가장...",2026-09-21 08:52,https://www.news1.kr/society/education/6296915,https://n.news.naver.com/mnews/article/421/0009182260?sid=102
고려대학교,파이낸셜뉴스,"""복벽이 늙어 헐거워지면?""...배꼽 옆이 볼록, 탈장으로 이어져 [헬스톡...","봉준우 고려대 구로병원 대장항문외과 교수는 ""탈장은 초기에는 특정 부위가 불룩하게 튀어나오거나 묵직한... 종합적으로 고려해 치료 방법을 결정한다. 탈장의 근본적인 치료는 수술로, 빠져나온 장이나 조직을 원래...",2026-09-21 08:50,https://www.fnnews.com/news/202609210832228859,https://n.news.naver.com/mnews/article/014/0005578677?sid=103
고려대학교,KOREADAILY,"연세대∙고려대 뉴욕동문회, 2026년 정기 연고전 및 야유회 개최",,2026-09-21 08:46,https://www.koreadaily.com/article/20260920164552922,https://www.koreadaily.com/article/20260920164552922
고려대학교,머니투데이,"치매약 '레켐비' 한국인 안전성 결과 발표…""이상반응 경증·무증상""","고려대구로병원 신경과 강성훈 교수(알츠하이머예방센터장)·신재민 전공의, 서상일 영상의학과 교수... 이에 연구진은 2024년 12월~2025년 10월 고려대구로병원 알츠하이머예방센터에서 레카네맙 치료를 시작한 환자...",2026-09-21 08:46,https://www.mt.co.kr/thebio/2026/09/21/2026092108173796300,https://n.news.naver.com/mnews/article/008/0005416464?sid=103
연세대학교,KOREADAILY,"연세대∙고려대 뉴욕동문회, 2026년 정기 연고전 및 야유회 개최",,2026-09-21 08:46,https://www.koreadaily.com/article/20260920164552922,https://www.koreadaily.com/article/20260920164552922
연세대학교,한국강사신문,"카이스트 이윤미 교수팀, 라디칼 생성부터 촉매 재생까지 제어…난제 화...","왼쪽부터 KAIST 이윤미 교수, KAIST 장세라 석박사통합과정, 연세대학교 장성렬 석사, KAIST 김수민 석박사통합과정 [사진출처=카이스트]  KAIST 연구진이 반응성이 높은 '라디칼(radical)'을 안정적으로 생성하는 동시에...",2026-09-21 08:44,https://www.lecturernews.com/news/articleView.html?idxno=210936,https://www.lecturernews.com/news/articleView.html?idxno=210936
연세대학교,뉴스핌,"씨엔알리서치·강남세브란스, 의료기기 해외진출 협력",씨엔알리서치는 이달 초 연세대학교 의과대학 강남세브란스병원과 국내 혁신 의료기기의 글로벌 경쟁력 강화를 위한 업무협약을 체결했다고 21일 밝혔다. 이번 협약은 강남세브란스병원의 의료·연구 인프라와...,2026-09-21 08:40,https://www.newspim.com/news/view/20260921000129,https://www.newspim.com/news/view/20260921000129
고려대학교,EPNC,"국립국어원, '모두의 말뭉치' 강연회 성료…한국어 AI 자원 확장 논의","이어진 패널 토론에는 도원영 고려대학교 교수와 홍성은 강남대학교 교수, 이정수 플리토 대표, 곽용진 이르테크 대표가 참여해 한국어 언어자원의 확장 방향을 논의했다. 국립국어원은 사전과 말뭉치, 지식자원을...",2026-09-21 08:40,https://www.epnc.co.kr/news/articleView.html?idxno=407162,https://www.epnc.co.kr/news/articleView.html?idxno=407162
고려대학교,메디컬월드뉴스,‘지역사회건강조사’ 우수논문 18편 선정…질병관리청장상 수여,질병관리청(청장 임승관)이 대한예방의학회(이사장 윤석준)와 공동으로 지난 17일 고려대학교 SK미래관에서... 대상은 사회경제적 수준에 따른 고혈압 진단 경험 및 관리 실태를 분석한 가천대학교 김은지 교수가...,2026-09-21 08:40,https://medicalworldnews.co.kr/news/view.php?idx=1510977359,https://medicalworldnews.co.kr/news/view.php?idx=1510977359
연세대학교,한국경제,"씨엔알리서치, 강남세브란스병원과 혁신 의료기기 실증 협력",씨엔알리서치는 이달 초 연세대학교 의과대학 강남세브란스병원과 국내 혁신 의료기기의 글로벌 경쟁력 강화를 위한 업무협약을 체결했다고 21일 밝혔다. 이번 협약은 강남세브란스병원의 의료·연구 인프라와...,2026-09-21 08:37,https://www.hankyung.com/article/202609216977i,https://n.news.naver.com/mnews/article/015/0005334465?sid=105
연세대학교,브릿지경제,"[기획] 관광객 수보다 ‘머무는 이유’…전주 관광, 골목에서 밤까지 확...",한옥마을 다음은 ‘골목의 연결’ 모종린 연세대학교 국제대학원 교수는 전주를 한옥마을뿐 아니라... 헌터 퓨잭 호주 디킨대학교 교수는 운동을 목적으로 여행하는 ‘스웨트 제팅(Sweat Jetting)’과 대회 참가에 휴가를...,2026-09-21 08:32,https://www.viva100.com/article/20260921500008,https://www.viva100.com/article/20260921500008
연세대학교,글로벌이코노믹,[개장 전 주요 공시] 삼성물산·한화시스템·SK하이닉스·카카오모빌리...,"금호건설, 송도세브란스병원 신축공사 우선협상대상자 선정 금호건설은 연세대학교 의료원으로부터 송도세브란스병원 신축공사 우선협상대상자로 선정됐다고 18일 공시했다. 예상 공사비는 2346억원으로 최근...",2026-09-21 08:30,https://www.g-enews.com/view.php?ud=202609210825045937923c501012_1,https://www.g-enews.com/view.php?ud=202609210825045937923c501012_1
고려대학교,DAILYSECU,[김승주 교수 칼럼] 공공기관의 시스템은 모두 국가안보 시스템인가,"하고, 국가·공공·민간이 각자의 전문성을 가장 잘 발휘할 수 있도록 역할을 나누는 것이다. 그래야 정부의 보안 역량도 강화되고, 민간 보안기업의 경쟁력도 높아진다. [글. 김승주 고려대학교 정보보호대학원 교수]",2026-09-21 08:14,https://www.dailysecu.com/news/articleView.html?idxno=208562,https://www.dailysecu.com/news/articleView.html?idxno=208562
고려대학교,아시아경제,"레카네맙, 한국인 안전성 분석…""이상반응 대부분 경증·무증상""",고려대구로병원은 강성훈 신경과 교수 연구팀이 한국인 2024년 12월부터 2025년 10월까지 고려대 구로병원 알츠하이머예방센터에서 레카네맙 치료를 시작한 환자 127명을 대상으로 주입 관련 반응과 아밀로이드 관련...,2026-09-21 08:13,https://view.asiae.co.kr/article/2026092108132853565,https://n.news.naver.com/mnews/article/277/0005818978?sid=105
연세대학교,파이낸셜뉴스,"금호건설, 3910억 송도 세브란스병원 우선협상자 선정","21일 금호건설에 따르면 송도 세브란스병원은 인천 연수구 송도국제도시 7공구에 있는 연세대학교... 현재 약 2272억원 규모의 원주세브란스기독병원 새병원을 시공하고 있으며, 최근에는 원주연세의료원 제2병원...",2026-09-21 08:13,https://www.fnnews.com/news/202609210732362745,https://n.news.naver.com/mnews/article/014/0005578651?sid=101
고려대학교,YOUTHDAILY,"[두나무, 청년에 투자하다(中)] ""금융에서 기술까지""…미래 인재 ‘성장...","지난해부터 올해 상반기까지 중앙대·고려대·연세대·한양대·성균관대·서울대 등에서 교육이 이뤄졌으며, 1,200명 이상의 대학생이 참여했다. 누적 기준으로는 지난해부터 올해 상반기까지 약 2,700명의 청년에게...",2026-09-21 08:02,https://www.youthdaily.co.kr/news/article.html?no=227262,https://www.youthdaily.co.kr/news/article.html?no=227262
고려대학교,더벨,"[더벨][장수 CFO 열전] 스타검사에서 SK하이닉스 최장수 CFO로, 김준호의...","◇스타검사에서 SK의 소방수로, 소버린 경영권 분쟁의 당사자 김준호 전 사장은 1957년생으로 신일고와 고려대 법과대학을 졸업했다. 최태원 SK그룹 회장의 신일고 3년 선배다. 최태원 회장의 동생인 최재원 SK그룹...",2026-09-21 08:02,https://www.thebell.co.kr/free/content/ArticleView.asp?key=202609161525172200104978,https://www.thebell.co.kr/free/content/ArticleView.asp?key=202609161525172200104978
연세대학교,더벨,"[더벨][Board Change] 미래에셋증권, 당국자문 거친 재무학자 일시이사로...","경영대학에서 조교수와 부교수로 재직했다. 2023~2024년에는 같은 대학 교수로 일한 뒤 2024년 서울대 경제학부... 이후 성태윤 연세대 교수, 석 교수, 송 의장이 차례로 선임됐다. 지난해 3월 정용선 전 금융감독원...",2026-09-21 08:02,https://www.thebell.co.kr/free/content/ArticleView.asp?key=202609151525392160102179,https://www.thebell.co.kr/free/content/ArticleView.asp?key=202609151525392160102179
연세대학교,THEGURU,"[대한민국 건설 리더십 해부] (2) 아파트에서 에너지로, 현대건설 이한...","해외 대형 프로젝트를 담당하는 플랜트사업본부는 1968년생인 이상배 전무(연세대 기계공학)가 이끌고 있으며, 총사업비 6조5000억원 규모의 사우디 아미랄 프로젝트 등을 수행하고 있다. 해외 거점 개척과 수주를...",2026-09-21 08:02,https://www.theguru.co.kr/news/article.html?no=106561,https://www.theguru.co.kr/news/article.html?no=106561
연세대학교,YOUTHDAILY,"[두나무, 청년에 투자하다(中)] ""금융에서 기술까지""…미래 인재 ‘성장...","지난해부터 올해 상반기까지 중앙대·고려대·연세대·한양대·성균관대·서울대 등에서 교육이 이뤄졌으며, 1,200명 이상의 대학생이 참여했다. 누적 기준으로는 지난해부터 올해 상반기까지 약 2,700명의 청년에게...",2026-09-21 08:02,https://www.youthdaily.co.kr/news/article.html?no=227262,https://www.youthdaily.co.kr/news/article.html?no=227262
고려대학교,더벨,"[더벨][Board Change] 미래에셋증권, 당국자문 거친 재무학자 일시이사로...","경영대학에서 조교수와 부교수로 재직했다. 2023~2024년에는 같은 대학 교수로 일한 뒤 2024년 서울대 경제학부... 석준희 고려대 전기전자공학부 교수, 안수현 한국외국어대 법학전문대학원 교수, 최 교수 등 독립이사...",2026-09-21 08:02,https://www.thebell.co.kr/free/content/ArticleView.asp?key=202609151525392160102179,https://www.thebell.co.kr/free/content/ArticleView.asp?key=202609151525392160102179
연세대학교,파이낸셜뉴스,"'10억 하던 아파트가 지금은 6억' 집주인 한숨...옆집은 폭등하는데, 무...","고준석 연세대 교수는 ""서울은 강남서 강북, 그리고 외곽으로 풍선효과가 확연히 나타나고 있다""며 ""서울에서 경기로 이동하는 수요가 늘고 있지만 특정 지역 쏠림이 더 심해지는 것 같다""고 말했다.",2026-09-21 08:01,https://www.fnnews.com/news/202609210733572307,https://n.news.naver.com/mnews/article/014/0005578648?sid=101
고려대학교,ECONOTELLING,[김성희의 역사갈피] 이색 유언,"2008년엔 고려대학교 언론학부 초빙교수로 강단에 선 이후 2014년까지 7년 간 숙명여자대학교 미디어학부 겸임교수로 미디어 글쓰기를 강의했다. 네이버, 프레시안, 국민은행 인문학사이트, 아시아경제신문, 중앙일보...",2026-09-21 08:00,http://www.econotelling.com/news/articleView.html?idxno=21340,http://www.econotelling.com/news/articleView.html?idxno=21340
고려대학교,베리타스알파,[재수 반수 대신 편입 100] 개편앞둔 2027수시 마감에 '편입학의 역설',"학생부교과 전형의 83.3%가 N수생 지원을 차단했고, 고려대와 서강대는 정시에서도 재수생 지원을 제한한다. 올해 만족스러운 결과를 얻지 못하면 내년에 지원 가능한 대학 폭이 급격히 줄어드는 구조다. 여기에 개정 초...",2026-09-21 08:00,https://www.veritas-a.com/news/articleView.html?idxno=628683,https://www.veritas-a.com/news/articleView.html?idxno=628683
연세대학교,NEWSCJ,[문화-단독] 서울 본각사 주변 용왕산서 '구석기 유물' 다량 발견… 옛...,"1991년 대전광역시 둔산 선사유적, 2025년 파주 퍼스트가든 구석기 유적지를 비롯해 1992년 고(故) 손보기 박사(전 연세대 교수)와 공동으로 충북 청주시 청원구 오창 구석기 유적 등을 발견한 이재준 한국역사유적연구원 고문...",2026-09-21 07:50,https://www.newscj.com/news/articleView.html?idxno=3434318,https://www.newscj.com/news/articleView.html?idxno=3434318
고려대학교,이데일리,예방접종이 먼저... 위생수칙만으로 부족한 독감·코로나 대비해야,고려대학교 구로병원 감염내과 윤진구 교수가 말하는 예방접종의 중요성에 대해 알아보도록 하자.... 고려대학교 구로병원 감염내과 윤진구 교수는 “손 씻기나 마스크 착용 같은 생활수칙은 감염을 줄이는 데 꼭...,2026-09-21 07:37,https://www.edaily.co.kr/News/Read?newsId=01905686645582416&mediaCodeNo=257&utm_source=naver&utm_medium=referral&utm_campaign=news_syndication&utm_content=original_article,https://n.news.naver.com/mnews/article/018/0006373320?sid=102
고려대학교,JOSEILBO,"가업상속공제, 이름부터 고쳐야 한다 [오문성의 TAX 이슈]",오문성 경희대 경영대학원 세무관리학과 객원교수 경희대학교 오문성 객원교수 ▲공인회계사 ▲고려대학교 대학원 경영학 박사 ▲고려대학교 대학원 법학 박사 ▲성균관대학교 행정학 박사과정 수료 ▲기획재정부...,2026-09-21 07:36,http://www.joseilbo.com/news/news_read.php?uid=576070&class=75&grp=,https://n.news.naver.com/mnews/article/123/0002390567?sid=004
연세대학교,오마이뉴스,유명인 아닌데 전국에 3개나... 이 미군 동상의 정체,"그해 9월 22일 6주기에 맞춰 정긍모 해군 참모총장, 김석범 해병대 사령관, 백낙준 연세대 총장, 김활란... 좌대에는 ""친구를 위하여 자기 목숨을 내어준 분, 한국인보다 더 대한민국을 사랑한 분, 핏값으로 목원대학교...",2026-09-21 07:26,https://www.ohmynews.com/NWS_Web/View/at_pg.aspx?CNTN_CD=A0003268521&CMPT_CD=P0010&utm_source=naver&utm_medium=newsearch&utm_campaign=naver_news,https://n.news.naver.com/mnews/article/047/0002529701?sid=104
고려대학교,SLIST,"QWER, 오늘(21일) 팬 투표로 고른 '소년만화' 발매","QWER은 지난 12~13일 서울 고려대학교 화정체육관에서 두 번째 투어 'QWER 2nd TOUR 'ROCKATION : ROCKET LAUNCH!!'' 서울 공연을 마쳤다. 이어 10월 10~11일 타이베이, 13일 후쿠오카, 15일 오사카, 17일 도쿄, 11월 7일...",2026-09-21 07:20,https://www.slist.kr/news/articleView.html?idxno=767617,https://www.slist.kr/news/articleView.html?idxno=767617
연세대학교,서울경제,"자살률 높은 한국, 자살위기 어떻게 도울까…‘살리는 상담’의 기술 [...","집필에는 유영권 연세대 교수와 박정아 경남대 교수, 신수정 연세대 객원교수, 임수연 세명대 특임교수, 김민영 가천대 객원교수가 참여했다. 공군 병사 관리 간부 상담교육과 자살위기대응 상담사 양성 프로그램 등을...",2026-09-21 07:18,https://www.sedaily.com/article/20093039?ref=naver,https://n.news.naver.com/mnews/article/011/0004663882?sid=103
고려대학교,톱스타뉴스,"QWER, 팬 투표로 완성한 스페셜 싱글 '소년만화 & 피카레스크' 발매",12~13일 서울 고려대학교 화정체육관에서 열린 두 번째 투어 'QWER 2nd TOUR 'ROCKATION : ROCKET LAUNCH!!''에서 신곡 무대를 미리 선보이며 현장을 찾은 관객과 만났다. 서울 공연 이후에는 해외 일정도 계속된다. QWER는 10월 10...,2026-09-21 07:14,https://www.topstarnews.net/news/articleView.html?idxno=16203267,https://www.topstarnews.net/news/articleView.html?idxno=16203267
고려대학교,BNTNEWS,"QWER, 오늘 ‘소년만화’ 발매","QWER은 지난 12~13일 서울 고려대학교 화정체육관에서 두 번째 투어 ‘로케이션 : 로켓 론치!!’의 서울 공연을 마쳤다. 오는 10월 10~11일 타이베이를 시작으로 후쿠오카, 오사카, 도쿄, 쿠알라룸푸르, 방콕을 거쳐 2027년...",2026-09-21 07:08,https://www.bntnews.co.kr/article/view/bnt202609210013,https://www.bntnews.co.kr/article/view/bnt202609210013
연세대학교,조선일보,현장취재/전국에 넘치는데 강원도에서 또 추진되는 '김대중 기념 시설'...,"서울 마포구 동교동에는 그가 40년간 실제로 거주한 사저가 국가유산으로 등록돼 있고, 바로 옆에는 연세대가 운영하는 김대중도서관도 있다. 경기 고양시에는 별도로 '김대중 대통령 사저 기념관'까지 있다. DJ 고향...",2026-09-21 07:06,https://monthly.chosun.com/news/articleView.html?idxno=71456,https://monthly.chosun.com/news/articleView.html?idxno=71456
연세대학교,SAFETIMES,"[오늘의 주요일정·21일] 행안부, 추석 대비 산불 임시조립주택 현장점...","(14:00 연세대 세브란스빌딩 대회의실) ▲ 행안부, 현안관련 현장방문(10:30 경남 창원) ▲ 행안부... 세종대학교 컨벤션홀) ▲ 교육부, 추석 명절 사회복지시설 방문(14:00 소망공동체) [문화] ▲ 최휘영 문체부 장관...",2026-09-21 07:06,https://www.safetimes.co.kr/news/articleView.html?idxno=245870,https://www.safetimes.co.kr/news/articleView.html?idxno=245870
고려대학교,CHRISTIANTODAY,"“AI 시대, 인간은 누구인가”… 창조과학회 제45주년 국제학술대회","맡았으며, 고려대학교 안산병원 직업환경의학과 이은일 교수가 ‘피부색의 다양성 및 인간과 침팬지의 유전정보 차이’, 충남대학교 의과대학 정성수 교수가 ‘심장의 전기전달체계는 설계됐다-심장의 전기 전도체계에...",2026-09-21 07:06,https://www.christiantoday.co.kr/news/377503,https://www.christiantoday.co.kr/news/377503
연세대학교,BUSINESSPOST,[Who Is ?] 이건일 CJ프레시웨이 및 CJ푸드빌 대표이사,대원외국어고등학교를 나와 연세대학교 식품생물공학과를 졸업했다. CJ제일제당에 공채로 입사해... ◆ 평가 이건일 CJ푸드빌 대표이사(오른쪽)이 2025년 10월20일 경희대학교에서 '산학협력 협약'을 체결하고 김진상...,2026-09-21 07:02,https://www.businesspost.co.kr/BP?command=article_view&num=447627,https://www.businesspost.co.kr/BP?command=article_view&num=447627
고려대학교,BUSINESSPOST,[Who Is ?] 강이구 코오롱모빌리티그룹 및 코오롱베니트 대표이사,고려대학교 통계학과를 졸업하고 미국 뉴욕대학교 대학원에서 전산학 석사학위를 받았다. 코오롱에 입사해 전략기획실에서 근무했다. 코오롱패션머티리얼을 거쳐 코오롱인더스트리에서 투명폴리이미드필름...,2026-09-21 07:02,https://www.businesspost.co.kr/BP?command=article_view&num=447514,https://www.businesspost.co.kr/BP?command=article_view&num=447514
고려대학교,BUSINESSPOST,[Who Is ?] 이길여 가천대학교 설립자 겸 총장,"이두희 고려대학교 부총장, 정연승 단국대학교 경영대학원장, 이승한 숙명여자대학교 석좌교수 등 국내... 사회 헌신도와 공익성 등을 고려하여 주소정보위원회, 주민의견 등을 수렴해 지정한다. 이길여 가천대학교...",2026-09-21 07:02,https://www.businesspost.co.kr/BP?command=article_view&num=447295,https://www.businesspost.co.kr/BP?command=article_view&num=447295
고려대학교,AFLNEWS,[Issue+] GMO 완전표시제 조기 시행…원료 수급·물가 여파는,"여건을 고려해 간장은 올해 12월 31일 시행하고 당류와 식용유지는 내년 12월 31일 시행하기로 했다. 하지만... 이철호 고려대 식품공학과 명예교수는 ""식품 표시 변경은 라벨 작업 하나만 해도 현장에서 최소 1년 전부터...",2026-09-21 07:00,https://www.aflnews.co.kr/news/articleView.html?idxno=328550,https://www.aflnews.co.kr/news/articleView.html?idxno=328550
고려대학교,ECONOTELLING,영화로 쓰는 세계 경제위기사(17)과잉생산 위기…'왓 위민 원트'(25)페트...,"---------------------------------------------------------------- 이재광 이코노텔링 대기자 ❙ 전 한양대 공공정책대학원 특임교수 ❙ 사회학(고려대)ㆍ행정학(경희대)박사 ❙ 경기연구원 선임연구위원, 뉴욕주립대 초빙연구위원...",2026-09-21 07:00,http://www.econotelling.com/news/articleView.html?idxno=21331,http://www.econotelling.com/news/articleView.html?idxno=21331
고려대학교,ECONOMYTALK,"[AX·6G③] 알뜰폰, 가입자 늘린 다음은? SKT가 꺼낸 '자생력 과제'","가입자 늘렸다면, 다음은 서비스로 승부 신 부사장은 17일 고려대학교 기술법정책센터 세미나 토론에서... 함께 고려해야 한다고 강조했다. 당장의 가격 경쟁과 함께 투자·혁신이 만들어낼 중장기 이용자 편익까지 정책의...",2026-09-21 07:00,http://www.economytalk.kr/news/articleView.html?idxno=424222,http://www.economytalk.kr/news/articleView.html?idxno=424222
고려대학교,머니투데이,"""돈 없어 간호사·임상심리사 못 구해""…치매 100만 시대, 예산 '역주행...","수도권 대학병원의 한 신경과 교수는 ""치매안심센터는 단순한 검진 기관이 아니라 진단 전후 상담과 등록... 대한치매학회 이사장을 지낸 박건우 고려대 안암병원 신경과 교수는 ""치매 환자를 돌보는 일은 노동...",2026-09-21 07:00,https://www.mt.co.kr/society/2026/09/21/2026092022440510739,https://n.news.naver.com/mnews/article/008/0005416436?sid=102
고려대학교,JBSORI,"""경력 지우고 신입으로 입사하려는 '중고 신입', '취업 N수', '하닉 고시...","""모든 대학의 반도체공학과가 SK하이닉스와 계약된 것은 아니에요. 현재는 고려대, 서강대, 한양대의 경우가... ""의대 열풍도 반도체 열풍도 자기 적성을 고려해야 하는 것 같아요. 어떤 산업이 소위 잘나간다고 해서...",2026-09-21 06:52,http://www.jbsori.com/news/articleView.html?idxno=17918,http://www.jbsori.com/news/articleView.html?idxno=17918
고려대학교,ABCN,"두보(杜甫), 죽어서도 붓끝을 쉬지 않는다","제물포고, 고려대를 졸업하고 서울예술대학에서 예술가를 꿈꾸는 학생들을 가르치다가 정년퇴직했다. 문화 예술과 관련해 지은 책으로는 , , <예술혼을 찾아서...",2026-09-21 06:30,https://www.abcn.kr/news/articleView.html?idxno=92133,https://www.abcn.kr/news/articleView.html?idxno=92133
고려대학교,세계일보,김후곤 광장 대표변호사 “기술유출 범죄 네트워크에 대응할 법 필요”...,중국 배터리기업 에스볼트는 고려대 안암캠퍼스 산학관에 에스볼트코리아를 두고 국내 배터리 기술자를 고액 연봉으로 영입한 혐의를 받았다. 2024년초 경찰은 삼성SDI·SK온 전·현직 임직원 5명과 에스볼트코리아·중국...,2026-09-21 06:03,https://www.segye.com/newsView/20260921500152?OutUrl=naver,https://n.news.naver.com/mnews/article/022/0004160578?sid=102
고려대학교,SKYEDAILY,[리더가 사는 곳] 현장을 아는 자산관리 전문가의 집… 서초동 래미안 ...,하지만 그룹 전반의 인적 쇄신 기조를 고려할 때 실적만으로 연임을 장담할 순 없다. 세대교체의 소리가... 자산관리 영업의 귀재 1965년생인 이 대표는 대구 남구 대명동에 있던 심인고를 거쳐 1990년 고려대학교...,2026-09-21 06:02,https://m.skyedaily.com/news_view.html?ID=311817,https://m.skyedaily.com/news_view.html?ID=311817
연세대학교,뉴시스,과학계 파고든 AI…'써도 되나' 넘어 '어떻게 쓰고 누가 책임지나',"이를 두고 이준상 연세대 기계공학부 교수는 ""단순한 규제보다 AI 활용을 투명하게 공개하고, 핵심적인 분석과 판단은 연구자가 주도하며 그 결과에 책임지는 연구 문화를 정착시키는 것이 중요하다""고 평가했다. 이같은...",2026-09-21 06:00,https://www.newsis.com/view/NISX20260920_0003797252,https://n.news.naver.com/mnews/article/003/0014203216?sid=105
고려대학교,아시아투데이,2026 글로벌패밀리포럼…“전통적 대가족이 위기의 해법”,최은실 소비와가치연구소 소장 겸 고려대학교 겸임 교수는 '저출생 인구위기 극복을 위한 패러다임 전환 : 경제적 지원을 넘어 가족 중심 문화로'를 주제로 국내외 저출생 정책의 성과와 한계를 진단하고 가족의 형성과...,2026-09-21 06:00,https://www.asiatoday.co.kr/kn/view.php?key=20260920010007534,https://www.asiatoday.co.kr/kn/view.php?key=20260920010007534
고려대학교,ZIKSIR,"""기밀 때문에 AI 못 쓴다?""…K방산, 전용 데이터센터 승부수","최병호 고려대 AI연구소 교수는 ""전문 분야는 경량화된 모델로도 품질이 잘 나올 수 있지만 큰 모델이나 클라우드가 필요하면 폐쇄망을 벗어나게 된다""며 ""외부망을 이용하더라도 보안 이슈가 없는 서비스를 이용해야...",2026-09-21 06:00,https://www.ziksir.com/news/articleView.html?idxno=146887,https://www.ziksir.com/news/articleView.html?idxno=146887
고려대학교,머니투데이,"검사 3개월, 요양원 1년 대기…""돌볼 곳이 없다"" 헤매는 '치매난민'","박건우 고려대 안암병원 신경과 교수는 ""의료와 복지 데이터가 따로 놀아 발생하던 분절을 없애는 것이 우선... 그러면서 ""지역별 인구구조 등을 고려해 치매안심센터를 유형화하고 인력배치와 업무범위 등을 재설계하기...",2026-09-21 06:00,https://www.mt.co.kr/society/2026/09/21/2026092022121623342,https://n.news.naver.com/mnews/article/008/0005416416?sid=102
고려대학교,파이낸셜뉴스,끊어진 팔 신경에 '인공 통로' 놨더니…1년 뒤 손 기능 돌아왔다[헬스L...,"21일 한국과학기술연구원(KIST)에 따르면 KIST 생체재료연구센터 정영미 책임연구원 연구팀은 고려대학교 의과대학 정형외과 박종웅 교수 연구팀, 한국생명공학연구원 국가영장류센터와 공동으로, 실제 말초신경처럼...",2026-09-21 06:00,https://www.fnnews.com/news/202609161412241825,https://n.news.naver.com/mnews/article/014/0005578617?sid=105
고려대학교,연합뉴스,[이런말저런글] 한자가 들려주는 '숙취'와 '해장',"이 한자에도 술(酉)이 보인다. (서울=연합뉴스, 고형규 기자, uni@yna.co.kr) ※ 이 글은 다음의 자료를 참고하여 작성했습니다. 1. 강재형, 『강재형의 말글살이』, 기쁜하늘, 2018 2. 표준국어대사전 3. 고려대한국어대사전",2026-09-21 05:55,https://www.yna.co.kr/view/AKR20260918167200546?input=1195m,https://n.news.naver.com/mnews/article/001/0016324925?sid=103
연세대학교,TENNIS,"[김종석의 그라운드] ""32년 전 엄마·아빠가 금메달…이젠 우리 아들이...",학생 선수로 성장해 연세대를 거쳐 프로농구 LG에 진출했고 이제는 국가대표 유니폼을 입고 아시안게임 정상까지 올랐습니다. 다만 운동선수로서 승부를 대하는 마음가짐만큼은 부모에게서 자연스럽게 이어받은...,2026-09-21 05:31,https://www.tennis.co.kr/news/articleView.html?idxno=53804,https://m.sports.naver.com/basketball/article/481/0000014264
고려대학교,중앙일보,[Health&] 환자마다 다른 암…‘개인 맞춤형 정밀 암 치료’ 시대 연다,고려대 구로병원 새 암병원 건립 2029년 말 완공 목표로 첫 삽 떠 검사·진료·치료 공간 한곳에 집약 중환자실... 고려대 구로병원은 새 암병원 건립을 계기로 암 진료 체계의 대대적인 전환을 예고했다. 고려대 구로병원은...,2026-09-21 05:31,https://www.joongang.co.kr/article/25463536,https://n.news.naver.com/mnews/article/025/0003552789?sid=103
고려대학교,중앙일보,"[Health&] 폭염에 끈적이고 한파에 움츠러든 혈관, 심장과 뇌를 위협한다",고려대 구로병원 감염내과 남엘리엘 교수는 “봄 기온이 높아지면 모기 유충이 성충으로 자라는 속도가 빨라져 활동이 일찍 시작된다”며 “기온 상승은 모기 체내 바이러스나 원충 등 병원체의 증식·전파 속도까지...,2026-09-21 05:30,https://www.joongang.co.kr/article/25463526,https://n.news.naver.com/mnews/article/025/0003552786?sid=103
고려대학교,서울신문,[단독] 고령화에 법인택시 인력난… 빈 택시 핸들 잡는 외국인,김윤태 고려대 사회학과 교수는 “저출산으로 외국인 노동자 유입은 노동계에서 피할 수 없는 현상”이라면서 “기사 범죄경력 조회 의무화 등 고객들의 불안감을 줄일 체계를 마련하는 동시에 외국인 혐오를 줄이고...,2026-09-21 05:02,https://www.seoul.co.kr/news/society/2026/09/21/20260921010009?wlog_tag3=naver,https://n.news.naver.com/mnews/article/081/0003682004?sid=102
고려대학교,중앙일보,MB “당신 뭐하고 다니는거야?” 정두언 결별 부른 ‘수첩 사건’,"1964년 숙명여대 총학생회장으로, 고려대 총학생회장 권한대행이던 나와 한·일 회담 반대 시위를 함께... 대통령이나 총리 이름을 그대로 붙여 부르던 국제적 통용 방식을 고려한 결과다. 또한, ‘이명박’...",2026-09-21 05:01,https://www.joongang.co.kr/article/25463513,https://n.news.naver.com/mnews/article/025/0003552735?sid=100
고려대학교,의학신문,'AI와 디지털전환 속 병원 행정인의 역할' 집중 조명,오세준 고려대학교 의과대학 연구교수는 '의료 AI가 이끄는 스마트병원 생태계'를 주제로 AI 기반 병원행정 솔루션의 발전과 의료 AI가 병원 생태계에 미치는 변화에 대해 소개했다 이재동 국립암센터 인공지능사업팀...,2026-09-21 05:00,https://www.bosa.co.kr/news/articleView.html?idxno=3012499,https://www.bosa.co.kr/news/articleView.html?idxno=3012499
연세대학교,메디칼타임즈,"결과만 묻는 사법, 과정 잃어가는 의료",서종희 연세대 법학전문대학원(법전원) 교수는 중과실 유형을 법률로 확정한 방식이 오히려 예견 가능성을 떨어뜨렸다고 지적했다. 황용남 수원고법 판사는 중과실 개념을 하위법령이 아닌 법률로 확정한 방식이...,2026-09-21 05:00,https://www.medicaltimes.com/Main/News/NewsView.html?ID=1170784&ref=naverpc,https://www.medicaltimes.com/Main/News/NewsView.html?ID=1170784&ref=naverpc
고려대학교,동아일보,[부고]김옥련별세 外,"장인상·박성란 씨 시부상=19일 서울대병원, 발인 21일 오전 9시 02-2072-2010 ◇최연숙 씨 별세·박은서 서울신문 사회1부 기자 민서 씨 모친상=20일 서울 고려대 구로병원, 발인 22일 오전 7시 40분 02-857-0444",2026-09-21 04:33,https://www.donga.com/news/People/article/all/20260921/134706381/2,https://n.news.naver.com/mnews/article/020/0003749612?sid=102
연세대학교,동아일보,[단독]분노조절 못하는 10대들… 부모 폭행-협박 10년새 3배로,지난해 12월 연세대 연구팀이 한국청소년연구에 게재한 논문에 따르면 학교폭력 피해 청소년 가운데 부모를 폭행한 적이 있다고 응답한 비율은 21.9%였다. 학교폭력 피해를 당한 적이 없는 청소년의 부모 폭행 비율(9.4%)에...,2026-09-21 04:32,https://www.donga.com/news/Society/article/all/20260921/134706803/2,https://n.news.naver.com/mnews/article/020/0003749588?sid=102
고려대학교,한국일보,"제주 감귤, 고흥 유자가 그림책 속으로… ""전국 곳곳 아름다움 알리고파...","백 작가는 고려대 미술교육과를 졸업한 뒤 기업 디자이너로 취직했다. 그러나 10년 남짓 일하는 동안, 회사 생활이 적성에 맞지 않는다는 걸 깨달았다. ""자꾸 몇 년 다니다 옮기게 됐어요. 마지막 직장을 그만둘 때는...",2026-09-21 04:31,https://www.hankookilbo.com/news/article/A2026091816490005532?did=NA,https://n.news.naver.com/mnews/article/469/0000955180?sid=103
연세대학교,TFMEDIA,"노벨상 석학들 ""AI가 과학 가속해도 인간 역할은 그대로""","한편 슈미트 교수는 최근 이영욱 연세대 교수가 자신의 노벨상 주제인 '우주 가속 팽창'에 대한 오류를 주장하는 데 대해 ""자연스러운 과학의 방식이고 반박이 오가는 건 좋은 일이라 생각한다""고 말했다. 슈미트 교수는...",2026-09-21 02:46,https://www.tfmedia.co.kr/news/article.html?no=207357,https://www.tfmedia.co.kr/news/article.html?no=207357
고려대학교,국민일보,통제력 시험대 오르는 ‘반려기술’ AGI… “한국형 안전망 시급”,"최병호 고려대 휴먼 인스파이어드 AI 연구원 연구교수는 “딥페이크, 해킹 등 AGI를 악용하거나 인권·주권을 침해하는 범죄는 무관용 원칙으로 강력히 다뤄야 한다”고 힘줘 말했다. AGI 시대 경쟁력을 좌우할 범용...",2026-09-21 02:10,https://www.kmib.co.kr/article/view.asp?arcid=9000013910&cp=nv,https://n.news.naver.com/mnews/article/005/0001874190?sid=101
연세대학교,조선일보,농어촌 1인당 月15만원… 기본소득에 지자체 허리 휜다,김정식 연세대 명예교수는 “일부 지자체의 무분별한 농어촌 기본소득 지급 경쟁이 지방 재정 적자를 더욱 늘리는 악순환을 일으킬 것”이라고 경고했다. ◇재정 최하위인데 5만원 더 주기도 게다가 정부 방침보다 더...,2026-09-21 00:46,https://www.chosun.com/economy/economy_general/2026/09/21/VONDJOMVJZEZJPUTAS4VYT5XME/?utm_source=naver&utm_medium=referral&utm_campaign=naver-news,https://n.news.naver.com/mnews/article/023/0003999566?sid=101
고려대학교,조선일보,농어촌 1인당 月15만원… 기본소득에 지자체 허리 휜다,강성진 고려대 교수는 “어려운 계층 예산을 빼는 등 기본적인 역할까지 포기하면서 기본소득 지급을 강행하는 것은 문제”라고 했다. 공짜 복지가 부메랑이 돼 돌아온 가장 큰 이유는 30%의 군 분담금이다. 군...,2026-09-21 00:46,https://www.chosun.com/economy/economy_general/2026/09/21/VONDJOMVJZEZJPUTAS4VYT5XME/?utm_source=naver&utm_medium=referral&utm_campaign=naver-news,https://n.news.naver.com/mnews/article/023/0003999566?sid=101
고려대학교,조선일보,‘사용자성 판결 전 일단 교섭’ 법원이 제동,박지순 고려대 법학전문대학원 교수는 “법원 결정은 대화와 상생이라는 허울 아래 ‘선 교섭’을 요구해 온 정부 방침에 오류가 있음을 확인한 것”이라고 했다. 앞서 집행정지 신청이 기각된 극동건설과 중흥토건 사건...,2026-09-21 00:43,https://www.chosun.com/national/labor/2026/09/21/E4TPHLVXHFDRFIBJXXQ5TIZNFQ/?utm_source=naver&utm_medium=referral&utm_campaign=naver-news,https://n.news.naver.com/mnews/article/023/0003999550?sid=102
연세대학교,조선일보,[에디터의 Q] 한국어 가르치러 간 알마티서 31년… “카자흐의 전략적 ...,후 연세대 박물관에서 학예연구사로 근무하다가 1995년 카자흐스탄에 건너가 국립 알마티대학에서 한국어를 가르쳤다. 이후 스탈린 정권에 의해 강제 이주된 고려인 문제 연구에 관심을 가져 박사 학위를 받았다. 현지에서...,2026-09-21 00:40,https://www.chosun.com/politics/diplomacy-defense/2026/09/21/NZ7TLF7H6FDHXJVDVQQN2TKDZ4/?utm_source=naver&utm_medium=referral&utm_campaign=naver-news,https://n.news.naver.com/mnews/article/023/0003999530?sid=100
고려대학교,조선일보,[에디터의 Q] 한국어 가르치러 간 알마티서 31년… “카자흐의 전략적 ...,싶다.” ☞김상욱 고려대 국문과 졸업 후 연세대 박물관에서 학예연구사로 근무하다가 1995년 카자흐스탄에 건너가 국립 알마티대학에서 한국어를 가르쳤다. 이후 스탈린 정권에 의해 강제 이주된 고려인 문제 연구에...,2026-09-21 00:40,https://www.chosun.com/politics/diplomacy-defense/2026/09/21/NZ7TLF7H6FDHXJVDVQQN2TKDZ4/?utm_source=naver&utm_medium=referral&utm_campaign=naver-news,https://n.news.naver.com/mnews/article/023/0003999530?sid=100
고려대학교,POLINEWS,"[정국인터뷰] 박정하① ""김승원 장관 지명 철회만 해도 李지지율 5% 오를...","■ 박정하 국민의힘 의원은 1966년 강원 원주 출생으로 고려대 농업경제학과를 졸업하고 같은 대학원 행정학 석사과정을 수료했다. 박찬종 전 의원 보좌역을 시작으로 인천시장 비서관, 이명박 정부 대통령실 춘추관장...",2026-09-21 00:23,https://www.polinews.co.kr/news/articleView.html?idxno=743598,https://www.polinews.co.kr/news/articleView.html?idxno=743598
고려대학교,중앙일보,[노정태의 타임머신] 한탄바이러스 백신 개발,고려대 의대 이호왕(사진·2022년 작고) 교수팀의 집요한 연구 끝에 1970년대부터 유행성출혈열 연구에 희망의 빛이 보이기 시작했다. 1975년 휴전선 인근 한탄강에서 등줄쥐 2000~3000여 마리를 잡아 연구한 끝에 11마리의...,2026-09-21 00:08,https://www.joongang.co.kr/article/25463481,https://n.news.naver.com/mnews/article/025/0003552716?sid=110
연세대학교,강원일보,강원권 의대 입시 ‘전국선발’ 축소와 ‘지역인재’ 확충,20일 종로학원이 2027학년도 도내 의대 4곳(가톨릭관동대·강원대·연세대 미래캠퍼스·한림대)의... 2026학년도에는 일부 대학의 전형 축소 등의 영향으로 946명까지 줄었지만 올해 다시 늘어났다. 지역학생 선발...,2026-09-21 00:03,https://www.kwnews.co.kr/article/20260920501632,https://n.news.naver.com/mnews/article/087/0001219424?sid=102
연세대학교,FNTIMES,"26년 ‘순혈 기아맨ʼ 김승준, 불확실 뚫은 ‘재무의 힘ʼ [나는 CFO다]",1972년생인 그는 연세대학교 경영학과를 졸업하고 2000년 기아에 입사했다. 1999년 현대자동차그룹에 편입된 기아가 본격적인 재도약 기틀을 마련하던 시기 입사한 '첫 대졸 공개채용 출신'이다. 김 전무는 26년간 기아에...,2026-09-21 00:02,https://www.fntimes.com/html/view.php?ud=202609182218169896dd55077bc2_18,https://www.fntimes.com/html/view.php?ud=202609182218169896dd55077bc2_18
고려대학교,KSILBO,"[태화강]국도 7호선 2.6㎞, 통신사 옛길·산업도로·AH6",▲ 이명훈 고려대학교 명예교수 (사)조선시대통신사현창회 회장 경상일보는 지난 9월18일 사설 울산·경주... 바다를 건너지 않고 대륙으로 가는 길 말이다. 이명훈 고려대학교 명예교수 (사)조선시대통신사현창회 회장,2026-09-21 00:02,https://www.ksilbo.co.kr/news/articleView.html?idxno=1067812,https://www.ksilbo.co.kr/news/articleView.html?idxno=1067812
고려대학교,더팩트,"[민선9기] 이승로 성북구청장 ""정비사업 권한 이양, 합리적 방법 찾아야...",◆이승로 성북구청장 프로필 △1960년생 △고려대학교 대학원 행정학 석사 △성북구의원 △새정치민주연합 사무부총장 △서울시의원 △문재인 대통령 후보 선대위 조직본부장 △민선7·8·9기 성북구청장,2026-09-21 00:01,https://news.tf.co.kr/read/life/2368066.htm,https://n.news.naver.com/mnews/article/629/0000535573?sid=102
고려대학교,중앙일보,형제는 용감했다… 남자농구 문정현-유현 동반 金 “부모님이 몰래 와서...,"2023년 고려대에서 1년 동안 같이 뛴 게 유일했다. 그만큼 이번 대표팀 동시 발탁은 더욱 기쁜 일이었다. 문정현은 “동생이 다른 팀에서 뛸 땐 많이 밉고, 빨라서 얄미웠는데 같은 팀에 있으니까 되게 든든했다. 부족한...",2026-09-20 23:19,https://www.joongang.co.kr/article/25463434,https://n.news.naver.com/mnews/article/025/0003552670?sid=104
고려대학교,노컷뉴스,"""아들 金 티켓 없어 눈물로 귀국하려 했죠"" 韓 농구 황금세대 낳은 K-부...","특히 이정현의 대학생 친동생인 이우진 군까지 가족들은 결승전 티켓을 구하지 못해 발을 동동 굴렀다. 당초... 특히 아버지 여경익 씨는 고려대 농구 선수 출신이다. 여 씨는 ""오늘 준석이가 상대 거친 수비 속에 컨디션이...",2026-09-20 23:12,https://www.nocutnews.co.kr/news/6580996?utm_source=naver&utm_medium=article&utm_campaign=20260920111113,https://n.news.naver.com/mnews/article/079/0004191334?sid=104
고려대학교,아시아투데이,"고대월례강좌 성료…선장에서 해상법 권위자로, 김인현 교수의 ‘인생 ...",법학전문대학원 명예교수(고려대 해상법연구센터 소장)가 연사로 나서 ‘선장교수의 바다이야기-항해에서 만난 해양인문학’을 주제로 강연했다.외항선 선장에서 해상법학자와 대학교수로 변신한 김 교수는 이날 자신의...,2026-09-20 23:00,https://www.asiatoday.co.kr/kn/view.php?key=20260920002249304,https://www.asiatoday.co.kr/kn/view.php?key=20260920002249304
연세대학교,MEDIAUS,[부고] 박예람 언론노조 홍보국 차장 부친상,20일 박예람 전국언론노동조합 홍보국 차장 부친 박재순 님께서 향년 76세의 나이로 별세하셨습니다. 삼가 고인의 명복을 빕니다. 빈소 : 연세대 신촌세브란스병원장례식장 8호실 발인 : 22일(화) 오전 10시,2026-09-20 22:20,https://www.mediaus.co.kr/news/articleView.html?idxno=318210,https://www.mediaus.co.kr/news/articleView.html?idxno=318210
고려대학교,점프볼,[2026 AG] ‘인천 대회 탈락’ 시련은 이승현을 더 단단하게 만들었다,명문 용산중-용산고에 이어 고려대에 이르기까지. 아마 시절 입학하는 학교마다 적수가 없는 최강 팀으로 이끌었던 이승현은 프로 입단 후에도 우승 경력을 쌓아갔다. 2015-2016시즌 고양 오리온을 우승으로 이끌며...,2026-09-20 21:58,https://m.sports.naver.com/basketball/article/065/0000301767,https://m.sports.naver.com/basketball/article/065/0000301767
연세대학교,TTLNEWS,"[인터뷰] '우리 삶은 빛난다'…뉴런과 우주 사이, 넌지(None Z)가 그리는...","▶ ​​​​​​​넌지(NONE Z) 작가 약력 2020년 단국대학교 예술대학 서양화과를 졸업했다. 2026년... 콜라보 — 연세대학교 Very × Artist 넌지, 서울 2023 아테네(ARTENE) 루키 프로젝트 '루키작가' 선정 ▶ 작품 소장...",2026-09-20 21:52,http://www.ttlnews.com/news/articleView.html?idxno=3145418,http://www.ttlnews.com/news/articleView.html?idxno=3145418
고려대학교,경향신문,제미나이도 외부 기업 3곳 해킹…통제 벗어난 AI 자율 행동 ‘위험’,최병호 고려대 AI연구소 교수는 “알파고 이후 AI가 기존 ‘바둑의 정석’을 넘어섰듯이 지금은 AI가 그동안 정석으로 여겨져온 샌드박스를 무시하고 인간의 수를 넘어선 상황”이라며 “AI를 활용해 AI의 허점을...,2026-09-20 20:55,https://www.khan.co.kr/article/202609202055015,https://n.news.naver.com/mnews/article/032/0003471613?sid=101
연세대학교,UJEIL,"울산 시니어들, 전국 합창경연 무대 빛냈다",지난 18일 서울 연세대학교 백주년기념관 콘서트홀에서 열린 '제13회 전국 골든에이지 어르신 합창경연대회... 울빛합창단은 지난 18일 서울 연세대학교 백주년기념관 콘서트홀에서 열린 '제13회 전국 골든에이지 어르신...,2026-09-20 20:44,http://www.ujeil.com/news/articleView.html?idxno=392371,http://www.ujeil.com/news/articleView.html?idxno=392371
연세대학교,CCDAILYNEWS,강한 탄소 결합도 풀어낸 라디칼 촉매 재생의 비밀,"왼쪽부터 KAIST 이윤미 교수, KAIST 장세라 석박사통합과정, 연세대학교 정성렬 석사, KAIST 김수민... 공동 1저자는 KAIST 장세라 석박사통합과정과 연세대학교 정성렬 석사이며, 연구 결과는 국제학술지 '미국화학회지' 8월...",2026-09-20 20:28,https://www.ccdailynews.com/news/articleView.html?idxno=2441915,https://www.ccdailynews.com/news/articleView.html?idxno=2441915
연세대학교,경향신문,[시선]성평등 장관 임면에 진지할 것!,"| 나임윤경 연세대 문화인류학과 명예교수 그는 자신을 ‘페미니스트 대통령’이라 했다. 이전 대통령의 탄핵 직후였기에 광장의 시민들은 새로 취임한 대통령의 이 말에 안도했고, 그가 주도할 성평등 정책을 기다렸다....",2026-09-20 20:09,https://www.khan.co.kr/article/202609202009005,https://n.news.naver.com/mnews/article/032/0003471581?sid=110
연세대학교,경인일보,시원한 대로 달리며 ‘가을의 전설’ 썼다 [2026 송도국제마라톤],인천대학교 송도캠퍼스 정문 앞에 집결해 ‘하프’ ‘10㎞’ ‘5㎞’ 부문으로 나눠 송도국제도시를... 올해 송도국제마라톤대회에서는 공공기관과 대학·기업·병원 등 73개 단체 동호회가 참가했다. 연세대학교 RC...,2026-09-20 20:02,https://www.kyeongin.com/article/1771229,https://www.kyeongin.com/article/1771229
고려대학교,국제신문,"이병주하동국제문학상 대상 받은 中 작가, ‘중화’ 아닌 동아시아 번영...","티엔위안 시인(일본 조사이대 교수), 김언종 전 한국고전번역원장, 호사카 유지 고려대 행정전문대학원... 베이징대학교에서 문학을 전공하고, 1981~1990년 중국 공산당 선전부에서 공무원 생활을 하다 개혁 개방 시기...",2026-09-20 19:45,http://www.kookje.co.kr/news2011/asp/newsbody.asp?code=0500&key=20260921.22017006763,https://n.news.naver.com/mnews/article/658/0000156178?sid=103
연세대학교,NAMDONEWS,"고도원 아침편지문화재단 이사장""AI가 아무리 발전해도, 눈물은 사람에...","연세대 재학 중 긴급조치9호로 학교를 떠나야 했던 그는 ""할 것이 아무 것도 없었을 때 남산도서관에서 책을 읽은 것이 저를 살렸다""고 말했다. 이때 터득한 것이 훗날 그가 체계화한 속독법·정독법·다독법이라는...",2026-09-20 19:38,https://www.namdonews.com/news/articleView.html?idxno=924004,https://www.namdonews.com/news/articleView.html?idxno=924004
고려대학교,파이낸셜뉴스,남해해경청장에 박재화 치안감 취임,"박 청장은 고려대학교 행정학과와 미국 콜로라도대학교 행정학 석사를 졸업했다. 이후 행정고시 42기로 공직에 입문했다. 울산해경서장과 해경청 기획재정담당관, 남해해경청 안전총괄부장, 해경청 구조안전국장 등을...",2026-09-20 19:33,https://www.fnnews.com/news/202609201932425464,https://n.news.naver.com/mnews/article/014/0005578592?sid=102
연세대학교,FNTODAY,[칼럼] 조아윤 변호사의 씨네라마 - 넷플릭스 드라마 동궁 국가적 위기...,"""씨네라마(Cinerama) = Cinema + Drama  영화와 드라마, 그 속의 사건을 현실의 법으로 읽다."" -about 조아윤 법무법인 세담 연세대학교 법학 학사 제53회 사법시험 합격 포천시의회 윤리심사자문위원회 의원 (주)배드보스컴퍼니...",2026-09-20 19:26,https://www.fntoday.co.kr/news/articleView.html?idxno=393474,https://www.fntoday.co.kr/news/articleView.html?idxno=393474
고려대학교,CNB저널,"치매극복의 날 맞아...금천구, '뇌가 젊어지는 치매 특강' 개최",강성훈 고려대학교 구로병원 신경과 교수가 강사로 나선다. 강성훈 교수는 고려대학교 구로병원 알츠하이머예방센터장과 금천구치매안심센터장을 맡고 있다. 치매 관련 전문 지식을 바탕으로 구민들이 궁금해하는...,2026-09-20 19:02,https://www.cnbizm.com/news/articleView.html?idxno=315704,https://www.cnbizm.com/news/articleView.html?idxno=315704
연세대학교,한겨레,갈 길 먼 한-일 협력 [문정인 칼럼],"문정인 | 연세대 명예교수 지난주 동아시아재단이 일본 도쿄 게이오대에서 개최한 한-일 고위급 전략대화에 참석했다. 한국과 일본의 여야 정치인, 전직 관료, 학자, 전문가들이 참석한 이 회의에서는 ‘전환기 동북아...",2026-09-20 19:00,https://www.hani.co.kr/arti/opinion/column/1278728.html,https://n.news.naver.com/mnews/article/028/0002823945?sid=110
고려대학교,국민일보,통제력 시험대 오른 ‘반려기술’ AGI… “한국형 AX·안전망 구축 시급...,"최병호 고려대 휴먼 인스파이어드 AI 연구원 연구교수는 “딥페이크, 해킹 등 AGI를 악용하거나 인권·주권을 침해하는 범죄는 무관용 원칙으로 강력히 다뤄야 한다”고 힘줘 말했다. AGI 시대 경쟁력을 좌우할 범용...",2026-09-20 18:56,https://www.kmib.co.kr/article/view.asp?arcid=9000013824&cp=nv,https://n.news.naver.com/mnews/article/005/0001874132?sid=101
연세대학교,파이낸셜뉴스,분당 32% 뛸때 평택·이천은 7% 뚝,"고준석 연세대 교수는 ""서울은 강남서 강북, 그리고 외곽으로 풍선효과가 확연히 나타나고 있다""며 ""서울에서 경기로 이동하는 수요가 늘고 있지만 특정 지역 쏠림이 더 심해지는 것 같다""고 말했다.",2026-09-20 18:55,https://www.fnnews.com/news/202609201853451536,https://n.news.naver.com/mnews/article/014/0005578558?sid=101
고려대학교,전북일보,[열린광장] 지역병원 믿어야…불신 프레임 조장해선 안 돼,그중 고려대는 안암·구로 두 병원이 동시에 지정되는 이례적 사례까지 나왔다. 반면 일본은 지정 병원 15곳... 대학병원이 중증 환자를 독점하지 않고 분담하는 구조다. 반면 한국은 2018년 특진비(선택진료비) 폐지로...,2026-09-20 18:52,https://www.jjan.kr/article/20260826500505,https://www.jjan.kr/article/20260826500505
연세대학교,WEBECONOMY,"삼성물산, 공간 결합 AI 건강관리 '웰피' 출시…래미안에 첫 적용",웰피 마인드에는 연세대학교 권수영 교수의 상담 기법을 학습한 AI 모델을 탑재해 이용자가 대화를 통해 스트레스를 관리하도록 했다. 이런 만큼 웰피는 삼성물산이 올 4월 강북삼성병원과 체결한 '웰니스 및 홈...,2026-09-20 18:32,https://www.webeconomy.co.kr/news/articleView.html?idxno=2312680,https://www.webeconomy.co.kr/news/articleView.html?idxno=2312680
연세대학교,전북도민일보,‘전주 미래도시 포럼 2026’성황리 막 내려,"특히 모종린 연세대학교 국제대학원 교수는 전주가 한옥마을뿐 아니라 객리단길 등 원도심 전체가... 이날 호주 스포츠분야 명문 디킨대학교 헌터 퓨잭(Hunter Fujak) 교수는 트립어드바이저 2026 트렌드에 ""Sweat jetting(운동...",2026-09-20 18:25,https://sjbnews.com/news/news.php?number=888198,https://sjbnews.com/news/news.php?number=888198
연세대학교,KYONGBUK,"2027 의대 수시, 서울 지원자 10년 새 최저…지역선발 40.3% 증가",서울대·연세대·고려대 의대도 올해 210명 모집에 2587명이 지원해 평균 12.32대 1의 경쟁률을 기록했다. 지난해에는 같은 모집인원에 2947명이 지원해 14.03대 1을 기록했지만 올해 지원자는 360명(12.2%) 감소했다....,2026-09-20 18:20,https://www.kyongbuk.co.kr/news/articleView.html?idxno=4084933,https://www.kyongbuk.co.kr/news/articleView.html?idxno=4084933
고려대학교,KYONGBUK,"2027 의대 수시, 서울 지원자 10년 새 최저…지역선발 40.3% 증가",서울대·연세대·고려대 의대도 올해 210명 모집에 2587명이 지원해 평균 12.32대 1의 경쟁률을 기록했다. 지난해에는 같은 모집인원에 2947명이 지원해 14.03대 1을 기록했지만 올해 지원자는 360명(12.2%) 감소했다....,2026-09-20 18:20,https://www.kyongbuk.co.kr/news/articleView.html?idxno=4084933,https://www.kyongbuk.co.kr/news/articleView.html?idxno=4084933
연세대학교,서울경제TV,강원에 몰린 창업 아이디어 1만1539건…인구 비중의 2.7배,"강원혁신센터는 이 같은 참여 확대 배경으로 강원특별자치도와 강원지방중소벤처기업청, 지역 대학과... 상지대학교, 연세대학교 미래캠퍼스, 한림대학교 창업지원본부 등이 멘토기관으로 참여했다. 향후 관건은...",2026-09-20 18:12,https://www.sentv.co.kr/article/view/sentv202609200027,https://www.sentv.co.kr/article/view/sentv202609200027
고려대학교,국제신문,"박재화 남해지방해경청장 공식업무, 취임식 생략…예인선 수색현장 찾아","박 청장은 대구 출신으로 고려대 행정학과를 졸업하고 미국 콜로라도대에서 행정학 석사학위를 받았다. 행정고시 42회로 공직에 입문해 울산해경서장과 해경청 기획재정담당관, 남해해경청 안전총괄부장을 지냈다. 이후...",2026-09-20 18:10,http://www.kookje.co.kr/news2011/asp/newsbody.asp?code=0300&key=20260921.22020006733,https://n.news.naver.com/mnews/article/658/0000156129?sid=102
연세대학교,서울경제,SKY는 ‘제시문’ 중앙대는 ‘학생부’…대학별 면접 맞춤대비 필수,"20일 입시업체 이투스에듀에 따르면 2027학년도 수시모집 2단계에서 성균관대, 중앙대, 경희대, 이화여대 등 서울 소재 대부분 대학의 면접 반영 비율이 30% 내외인 반면 서울대 일반전형·연세대 활동우수형·고려대...",2026-09-20 18:09,https://www.sedaily.com/article/20093133?ref=naver,https://n.news.naver.com/mnews/article/011/0004663787?sid=102
고려대학교,서울경제,SKY는 ‘제시문’ 중앙대는 ‘학생부’…대학별 면접 맞춤대비 필수,활동우수형·고려대 계열적합전형 등 이른바 ‘스카이(SKY)’ 대학 주요 수시 전형 면접 비율은 40%를 기록했다. 특히 한국외대 면접전형과 서울시립대 학생부종합전형의 면접 비중은 50%에 달하는 만큼 면접 결과가 당락을...,2026-09-20 18:09,https://www.sedaily.com/article/20093133?ref=naver,https://n.news.naver.com/mnews/article/011/0004663787?sid=102
고려대학교,아시아투데이,"""알츠하이머, 불치병서 관리 가능한 질환으로""…변화 준비하는 고대구로...","아시아투데이 배다현 기자 = ""알츠하이머병은 진단받아도 마땅한 치료 방법이 없다고 여겨지던 질환에서, 일찍 발견해 적극적으로 개입하고 관리하는 질환으로 바뀌고 있습니다""강성훈 고려대 구로병원 알츠하이머...",2026-09-20 18:06,https://www.asiatoday.co.kr/kn/view.php?key=20260920010007315,https://www.asiatoday.co.kr/kn/view.php?key=20260920010007315
고려대학교,서울경제,"“글로벌 액티브 ETF 비중, 2030년 20%로 높아질 것”","최근 국내외 시장에서 논란이 된 ‘단일 종목 레버리지·인버스 상품’에 대해서는 변동성을 고려해... 엘 아스마르 총괄은 방한 기간 동안 서울대와 연세대, 고려대를 찾아 액티브 ETF와 장기투자 관련 교육도...",2026-09-20 18:05,https://www.sedaily.com/article/20093123?ref=naver,https://n.news.naver.com/mnews/article/011/0004663778?sid=101
연세대학교,서울경제,"“글로벌 액티브 ETF 비중, 2030년 20%로 높아질 것”","엘 아스마르 총괄은 방한 기간 동안 서울대와 연세대, 고려대를 찾아 액티브 ETF와 장기투자 관련 교육도 진행했다. 그는 “더 많은 투자자가 ETF를 이해하면 더 나은 선택을 할 수 있고 관련 시장도 더 커질 것”...",2026-09-20 18:05,https://www.sedaily.com/article/20093123?ref=naver,https://n.news.naver.com/mnews/article/011/0004663778?sid=101
연세대학교,세계일보,“내가 없으면 꼭 맡아달라”…‘피터팬 아버지’ 뜻 잇는 변경희 위원...,서대문구 연세대학교에서 피터팬 재단 설립 필요성에 대해 이야기하고 있다. 남정탁 기자 20일 변경희(사진)... 변 위원장은 한신대 재활상담학과 교수로 미국 위스콘신 대학교에서 재활상담학 석·박사 과정을 마친 뒤...,2026-09-20 18:02,https://www.segye.com/newsView/20260920507506?OutUrl=naver,https://n.news.naver.com/mnews/article/022/0004160491?sid=102
연세대학교,VENTURESQUARE,"모집 기간 줄었는데 9만명 몰렸다…‘모두의 창업’ 2차, 지역·청년 도...","상지대학교, 연세대학교 미래캠퍼스, 한림대학교 창업지원본부 등이 참여했다. 지역의 대학과 지원기관, 민간이 각자 창업자를 모집하는 대신 하나의 프로젝트를 중심으로...",2026-09-20 18:00,https://www.venturesquare.net/1115296/,https://www.venturesquare.net/1115296/
고려대학교,SAMDAILBO,"제주도, 조선희 제주문예재단 신임 이사장 임명","한편 조 이사장은 고려대학교 문학 학사, 제주대학교 대학원 행정학 석사 학위를 취득했다. 제주문화예술재단 경영기획본부장, ㈔한국광역문화재단연합회 지역문화정책연구소 사무국장, ㈔제주메세나협회 사무국장...",2026-09-20 18:00,http://www.samdailbo.com/news/articleView.html?idxno=270524,http://www.samdailbo.com/news/articleView.html?idxno=270524
연세대학교,뉴시스,루마니아·그리스 민속무곡의 역동성…현악 앙상블로 만나는 '춤추는 현...,"협연에는 김현미 한국예술종합학교 명예교수(바이올린), 이창형 KBS교향악단 수석(더블베이스), 정승원 연세대 외래교수(비올라)가 참여해 독주 악기의 개성과 앙상블의 호흡을 맞춘다. 에드 무지카가 주최하고...",2026-09-20 17:52,https://www.newsis.com/view/NISX20260920_0003797246,https://n.news.naver.com/mnews/article/003/0014202863?sid=103
고려대학교,한국강사신문,"고려대학교 구승회·지성욱 교수팀, 지방간이 간암으로 악화하는 핵심 ...","고려대 생명과학부 구승회 교수, 고려대 생명과학부 지성욱 교수 [사진출처=고려대학교] 고려대학교 연구진이 비만과 고지혈증 등으로 발생하는 지방간이 간암으로 진행되는 과정에서 작용하는 새로운 분자...",2026-09-20 17:48,https://www.lecturernews.com/news/articleView.html?idxno=210917,https://www.lecturernews.com/news/articleView.html?idxno=210917
고려대학교,아시아투데이,"성과급 두고 등 돌린 DS·DX… 삼전 노조, 내부 갈등 확산일로","이후 2027년 교섭부터는 공동교섭을 고려하지 않고 DS부문을 중심으로 독자적인 요구안을 마련하겠다는... 박지순 고려대 법학전문대학원 교수는 ""DX 근로자에게 해당 노조가 사실상 유일한 가입 수단인데 이를...",2026-09-20 17:40,https://www.asiatoday.co.kr/kn/view.php?key=20260921010007547,https://www.asiatoday.co.kr/kn/view.php?key=20260921010007547
연세대학교,한국경제,"""90년 난제 푼 AI도 비전 못 세워…대학서 인간지성 가르쳐야""","인공지능(AI)이 90년 묵은 수학 난제를 풀고, 미국 실리콘밸리에서는 대학 졸업장이 채용의 필수 조건이라는... AI가 대신해 줄 수 없는 ‘인간 지성’의 영역입니다.” ▷최근 연세대에서 명예 철학 박사를 받았습니다....",2026-09-20 17:32,https://www.hankyung.com/article/2026092062811,https://n.news.naver.com/mnews/article/015/0005334322?sid=102
고려대학교,한국경제,"""90년 난제 푼 AI도 비전 못 세워…대학서 인간지성 가르쳐야""",연구와 교육이라는 양대 축이 AI의 도전을 받으면서 ‘대학 무용론’까지 등장했다. 김동원 고려대 총장은 “지금은 오히려 그 어느 때보다 대학이 필요한 시기”라고 말한다. AI를 통제하고 방향을 정하는 것은 결국...,2026-09-20 17:32,https://www.hankyung.com/article/2026092062811,https://n.news.naver.com/mnews/article/015/0005334322?sid=102
고려대학교,한국경제,'민족 고대'서 '세계 고대'로,고려대 본교 학부 유학생은 약 3700명으로 주요 대학 중 가장 많다. 외국인 유학생의 출신 국가도 다양하다. 중국인 유학생 비중이 50% 수준으로 70~80%에 달하는 타 대학보다 작다. 대학의 국제화를 평가할 때 주요한...,2026-09-20 17:31,https://www.hankyung.com/article/2026092062801,https://n.news.naver.com/mnews/article/015/0005334319?sid=102
고려대학교,서울신문,[단독] “월급 300만원에도 기사 없다”…빈 택시 운전대 잡는 외국인들,"택시회사들은 심각한 인력난을 고려하면 외국인 기사 채용이 불가피하다고 보면서도 이들이 현장에... 김윤태 고려대 사회학과 교수는 “저출산으로 외국인 노동자 유입은 노동계에서 피할 수 없는 현상인 만큼, 범죄...",2026-09-20 17:18,https://www.seoul.co.kr/news/society/2026/09/20/20260920500084?wlog_tag3=naver,https://n.news.naver.com/mnews/article/081/0003681953?sid=102
고려대학교,아시아투데이,성과급에 처우개선까지…포스코·HD현대重 노조 요구 ‘첩첩산중’,"사측 역시 경영여건과 향후 업황을 고려하면 노조의 요구를 그대로 받아들이기는 어렵다는 입장이다.... 박지순 고려대 법학전문대학원 교수는 ""기업마다 교섭의 배경과 노조의 요구가 다른 만큼 각자의 상황에 맞는...",2026-09-20 17:14,https://www.asiatoday.co.kr/kn/view.php?key=20260920010007479,https://www.asiatoday.co.kr/kn/view.php?key=20260920010007479
고려대학교,텐아시아,"레드벨벳 웬디, 제대로 일냈다…여름의 끝자락 함께 바다 보러 가고 싶...",앨범 발매에 앞서 서울 고려대학교 화정체육관에서 열린 팬콘 'A Day in Red & Velvet'도 추가 공연까지 전석 매진됐다. 웬디는 그룹 활동과 함께 개인 활동도 이어가고 있다. 2024년 8월부터 SBS 파워FM '웬디의 영스트리트...,2026-09-20 17:01,https://www.tenasia.co.kr/article/2026092060274,https://m.entertain.naver.com/article/312/0000776880
고려대학교,경향신문,‘데이터 수집’ 명령에 구글 제미나이도 외부 기업 해킹했다···일파...,최병호 고려대 AI연구소 교수는 통화에서 “마치 알파고 이후 AI가 기존 바둑의 정석을 넘어섰듯이 지금은 AI가 그동안 정석으로 여겨져 온 샌드박스를 무시하고 인간의 수를 넘어선 상황”이라며 “AI를 활용해 AI의...,2026-09-20 16:46,https://www.khan.co.kr/article/202609201646001,https://n.news.naver.com/mnews/article/032/0003471549?sid=101
연세대학교,CCDN,여성의 오늘을 읽고 내일의 길을 잇다,유 대표가 연세대학교에 입학할 당시 전공이던 정치외교학과에서 여학생은 10% 정도에 불과했다. 남성이 다수인 환경에서의 생활은 그를 자연스럽게 여성학으로 이끌었다. 이화여자대학교에서 여성학 석·박사학위를 마친...,2026-09-20 16:42,https://www.ccdn.co.kr/news/articleView.html?idxno=1100935,https://www.ccdn.co.kr/news/articleView.html?idxno=1100935
고려대학교,스포츠서울,"‘불꽃’이 다시 타올랐다…96학번, 30년 만에 안암을 뒤흔든 밤","고려대 96학번 모교방문축제 500여 명 귀환, 장학기금 1억·모교발전기금 5억96만 원 쾌척 서른 해 만에 안암으로 돌아온 사람들이 있었다. 2026년 9월 19일 고려대학교 안암캠퍼스 SK미래관 하나스퀘어에 96학번 교우 약...",2026-09-20 16:36,https://www.sportsseoul.com/news/read/1636504?ref=naver,https://n.news.naver.com/mnews/article/468/0001267697?sid=102
연세대학교,더퍼스트미디어,"강남세브란스병원 장기이식센터, 장기기증 활성화 공로 보건복지부장관...",강남세브란스병원 장기이식센터 주만기 센터장(왼쪽 세 번째)과 의료진들 연세대 강남세브란스병원이 장기기증 활성화에 기여한 공로로 보건복지부장관 표창을 받았다. 강남세브란스병원 장기이식센터은 지난 14일...,2026-09-20 16:22,http://www.thefirstmedia.net/news/articleView.html?idxno=209133,http://www.thefirstmedia.net/news/articleView.html?idxno=209133
고려대학교,더퍼스트미디어,"고려대의료원·의대교우회, 스리랑카 이주노동자 300여명 의료봉사 진행",고려대학교의료원과 고려대학교 의과대학 교우회가 국내 거주 스리랑카 이주노동자를 대상으로 의료봉사를 진행했다. 양 기관은 지난 13일 충남 아산시 음봉면 마하위하라사에서 스리랑카 이주노동자 300여명을 대상으로...,2026-09-20 16:22,http://www.thefirstmedia.net/news/articleView.html?idxno=209134,http://www.thefirstmedia.net/news/articleView.html?idxno=209134
고려대학교,더퍼스트미디어,인플루엔자 유행주의보 발령…코로나19와 동시 유행 고령자·만성질환자...,"사진=고려대 구로병원 오는 21일부터 2026~2027절기 인플루엔자 국가예방접종이 시작된다. 올해는 지난해보다... 고려대 구로병원 감염내과 윤진구 교수는 ""손 씻기와 마스크 착용 같은 생활수칙은 필요하지만 이것만으로...",2026-09-20 16:22,http://www.thefirstmedia.net/news/articleView.html?idxno=209130,http://www.thefirstmedia.net/news/articleView.html?idxno=209130
연세대학교,대전일보,"""AI가 못하는 일은 뭘까""…로봇 만들며 진로 고민한 중학생들","학생들은 인공지능 로봇 팔 만들기와 김지응 연세대 컴퓨터과학과 교수의 'AI 시대, 사라질 직업과 살아남을 직업'을 주제로 한 강연을 들었다. 강연에선 AI의 데이터 처리와 반복 작업, 패턴 분석과 사람이 강점을 갖는...",2026-09-20 16:10,https://www.daejonilbo.com/news/articleView.html?idxno=2302509,https://n.news.naver.com/mnews/article/656/0000187348?sid=102
고려대학교,경북신문,세금·복지 재분배 OECD 29개국 중 28위…고령층은 더 부진한 상황,"강성진 고려대 경제학과 교수는 ""우리나라는 시장소득 자체는 형평성이 있는 편""이라며 ""문제는 정부가 소득분배를 개선하는 사회 안전망이나 연금제도가 대상층에 맞지 않는다는 것""이라고 지적했다. 그는...",2026-09-20 16:06,https://www.kbsm.net/news/view.php?idx=534928,https://www.kbsm.net/news/view.php?idx=534928
고려대학교,전자신문,“물과 기름층으로 질병 신호 검출”…플로트바이오 '블룸' 영토 확대,KIST 정영도 박사 연구팀과 강석호 고려대 안암병원 비뇨의학과 교수 연구팀의 공동연구를 계기로 방광암 진단기술을 개발한 뒤 사업화에 나섰다. 플로트바이오라는 사명에는 기술 특징이 담겨 있다. 블룸은 혈액이나...,2026-09-20 16:01,https://www.etnews.com/20260918000191,https://n.news.naver.com/mnews/article/030/0003468533?sid=105
연세대학교,TV리포트,"브래드 피트, 비극 언제까지…아들, '성씨 삭제 완료'→끝내 완전 손절...","매덕스는 2019년에 연세대 언더우드국제대학에 입학해 생명과학 공학을 전공하고 있다고 소개돼 국내에서도 주목받은 바 있다. 졸리와 피트 사이의 자녀는 총 6명으로 장남인 매덕스를 시작으로 팍스, 자하라, 샤일로...",2026-09-20 16:01,https://www.tvreport.co.kr/world/article/1076989/,https://m.entertain.naver.com/article/213/0001401827
연세대학교,중부매일,"문체부, 대전서 '2026 박물관·미술관 박람회' 개최… 151개 기관 참여","문체부의 '우리동네 이게오네' 프로젝트 가운데 공·사립·대학 박물관·미술관 지역 순회 전시 사업인 '뮤지엄 이음'의 참여관 69곳도 함께한다. 김포다도박물관, 연세대박물관, 더리미미술관 등의 체험 부스와...",2026-09-20 15:36,https://www.jbnews.com/news/articleView.html?idxno=1511903,https://www.jbnews.com/news/articleView.html?idxno=1511903
연세대학교,쿠키뉴스,"[쿠키과학] ‘의약품 연구에 필요한 분자, 더 쉽게 만든다’… KAIST, 라...","한편 이번 연구는 KAIST 화학과 장세라 석박사통합과정과 연세대 석사 졸업생 정성렬이 공동 제1저자로, KAIST 화학과 김수민 석박사통합과정이 공동저자로 참여했고, 연구결과는 지난달 3일 국제학술지 ‘미국화학회지...",2026-09-20 15:22,https://www.kukinews.com/article/view/kuk202609200030,https://www.kukinews.com/article/view/kuk202609200030
연세대학교,동아사이언스,"우주팽창 이론 도전받은 노벨상 수상자 ""분석 틀렸다고 보지만 좋은 논...","이영욱 연세대 천문우주학과 교수팀은 2011년 노벨물리학상 수상으로 이어진 '우주 가속 팽창' 연구의 핵심... 자신의 노벨상 수상 연구에 문제를 제기한 연구팀을 두고 브라이언 슈미트 호주국립대 교수는 ""연세대...",2026-09-20 15:22,https://www.dongascience.com/news/view/79992,https://n.news.naver.com/mnews/article/584/0000039392?sid=105
고려대학교,동아일보,수학 두뇌 대결서 日개발자가 958팀 꺾고 우승…“문제 쪼개 풀었다”,"대학원에서 머신러닝을 전공한 그는 2020년 무렵부터 취미로 각종 프로그래밍 경진대회에 출전하며 최적화 문제를 다뤄왔다고 덧붙였다. 한편, 고려대 연구실 팀의 김하늘·김재원 씨가 꾸린...",2026-09-20 15:19,https://www.donga.com/news/Economy/article/all/20260920/134702870/1,https://n.news.naver.com/mnews/article/020/0003749490?sid=101
연세대학교,강원도민일보,강원대 등 4개 대학 'AI·SW대학 교육협의회' 발족,"AI·SW 대학교육협의회'를 발족했다. 이번 협의회는 AI·SW 교육과 인재양성 분야의 경험과 성과를 공유하고 대학 간 공동교육과 프로젝트 등 협력체계를 구축하기 위해 마련됐다. 강원대, 한림대, 한라대, 연세대...",2026-09-20 15:16,https://www.kado.net/news/articleView.html?idxno=2073822,https://n.news.naver.com/mnews/article/654/0000201583?sid=102
연세대학교,DYNEWS,"베이스 연광철, 당진서 '겨울나그네' 공연",피아노 연주는 연광철과 호흡을 맞춰온 피터 오브차로프 연세대 음악대학 피아노과 전임교수가 맡는다. 관람료는 전석 2만원이며 초등학생 이상 관람할 수 있다. 예매는 당진문예의전당 누리집과 전화(☎041-350-2911)로...,2026-09-20 15:14,https://www.dynews.co.kr/news/articleView.html?idxno=866687,https://www.dynews.co.kr/news/articleView.html?idxno=866687
연세대학교,SMEDAILY,두산로보틱스 '신임CEO'에 권영민 밥캣 CSO·모트롤 대표 역임 전략통,20일 두산로보틱스에 따르면 권 사장은 1967년생으로 연세대 공과대를 졸업하고 미국 일리노이대 경영대학원에서 회계학 석사학위를 취득했다. 2000년 ㈜두산 전략기획본부에 입사했으며 2018∼2020년 두산밥캣...,2026-09-20 15:12,http://www.smedaily.co.kr/news/articleView.html?idxno=363520,http://www.smedaily.co.kr/news/articleView.html?idxno=363520
연세대학교,DNEWS,"철도연, ‘제4회 대도시권 광역교통혁신 공모전’ 시상식 개최","이 밖에 아주대학교 무한열차 팀(김민상, 박동희, 박진호, 한태영), 단국대학교 Flow Shift 팀, 연세대학교 점심메뉴추천위원회 팀은 각각 우수상을 수상했다. 사공명 원장은“이번 공모전에서 발굴된 소중한...",2026-09-20 15:00,https://www.dnews.co.kr/uhtml/view.jsp?idxno=202609180903561420619,https://www.dnews.co.kr/uhtml/view.jsp?idxno=202609180903561420619
고려대학교,대전일보,지역의대 늘렸는데…수험생 선택은 '반도체 계약학과',"2027학년도 대입 수시 모집에서 충청권 의과대학이 정원 확대에도 비교적 높은 경쟁률을 기록한 가운데... 84대 1, 고려대 반도체공학과 14.57대 1, 연세대 시스템반도체공학과 10.85대 1 순이었다. 모집 전형 중...",2026-09-20 14:46,https://www.daejonilbo.com/news/articleView.html?idxno=2302504,https://n.news.naver.com/mnews/article/656/0000187342?sid=102
연세대학교,대전일보,지역의대 늘렸는데…수험생 선택은 '반도체 계약학과',"2027학년도 대입 수시 모집에서 충청권 의과대학이 정원 확대에도 비교적 높은 경쟁률을 기록한 가운데... 57대 1, 연세대 시스템반도체공학과 10.85대 1 순이었다. 모집 전형 중 서강대 시스템반도체공학과...",2026-09-20 14:46,https://www.daejonilbo.com/news/articleView.html?idxno=2302504,https://n.news.naver.com/mnews/article/656/0000187342?sid=102
고려대학교,메디컬월드뉴스,"정은경 장관, 간호·간병통합서비스 현장 목소리 청취…고려대 구로병원...",정은경 보건복지부 장관이 지난 18일 고려대학교 구로병원을 방문해 간호·간병통합서비스 병동의 운영... 여건을 고려한 합리적 보상 체계 마련 등이 건의됐다. 상급종합병원의 경우 중증환자 비중이 높고 병동별...,2026-09-20 14:40,https://medicalworldnews.co.kr/news/view.php?idx=1510977352,https://medicalworldnews.co.kr/news/view.php?idx=1510977352
연세대학교,강원일보,‘강원권 AI·SW대학교육협의회’ 발족,"강원대 춘천캠퍼스 소프트웨어중심대학사업단이 ‘강원권 AI·SW대학교육협의회’를 발족했다고 21일... (SW중심대학)와 한라대(SW중심대학·AI분야 첨단산업인재양성 부트캠프), 연세대 미래캠퍼스(AI분야...",2026-09-20 14:37,https://www.kwnews.co.kr/article/20260920501097,https://n.news.naver.com/mnews/article/087/0001219333?sid=102
연세대학교,한국일보,"대학생 아이디어로 달라진 집… 전주시, 주거취약가구 새단장","전북 전주시는 대학생들의 아이디어와 지역 주거복지 현장을 연계해 거주자 맞춤형 주거환경 개선을... 시와 주거복지센터가 대상 가구를 발굴하고, 전북대와 연세대 학생들이 거주자와 상담하며 생활 불편과 주거 특성을...",2026-09-20 14:29,https://www.hankookilbo.com/news/article/A2026092014050005706?did=NA,https://n.news.naver.com/mnews/article/469/0000955084?sid=102
고려대학교,ECONOMYTALK,[AX·6G②] 망 깔아도 돈 벌기 힘든 통신사… 돌파구는 '품질',17일 서울 중구 한국프레스센터에서 열린 고려대학교 기술법정책센터 제87회 정기세미나 'AX와 6G 시대를 대비한 통신산업의 과제'에서 김민기 KAIST 경영대학 교수는 산업별 AI 활용에 맞춘 통신사의 수익모델을 제안했다....,2026-09-20 14:24,http://www.economytalk.kr/news/articleView.html?idxno=424221,http://www.economytalk.kr/news/articleView.html?idxno=424221
연세대학교,메트로신문,"두산로보틱스, 권영민 CEO 선임…""글로벌 경쟁력 높인다""",권 사장은 1990년 연세대학교 공과대학을 졸업한 뒤 1999년 미국 일리노이대학교 경영대학원에서 회계학 석사 학위를 받았다. 2000년 ㈜두산 전략기획본부에 입사한 이후 그룹 주요 계열사에서 전략 수립과 글로벌...,2026-09-20 14:16,http://www.metroseoul.co.kr/article/20260920500217,http://www.metroseoul.co.kr/article/20260920500217
고려대학교,뉴스티앤티,"고려대, ECCV 2026서 체화형 에이전트·대화형 AI 국제 워크숍 개최","고려대학교 컴퓨터학과 서홍석 교수 연구실(MIIL)이 체화형 에이전트의 대화·상호작용 기술을 주제로... 워싱턴대학교 란제이 크리슈나 교수, 뉴욕주립대학교 스토니브룩캠퍼스 및 구글 딥마인드의 마이클 S. 류...",2026-09-20 14:06,https://www.newstnt.com/news/articleView.html?idxno=719297,https://www.newstnt.com/news/articleView.html?idxno=719297
연세대학교,KIHOILBO,송도세브란스병원 추가 건축비 지원 조율 내달 재개,"연세의료원이 요구한 송도세브란스병원 건립비 부족분 3천억 원 중 1천억 원은 연세의료원이 추가 투입하고, 연세대 2단계 수익부지 개발이익금 1천억 원을 선 투입한 후 연세대가 2030년까지 보전하기로 협의했다....",2026-09-20 14:06,https://www.kihoilbo.co.kr/news/articleView.html?idxno=3035314,https://www.kihoilbo.co.kr/news/articleView.html?idxno=3035314
고려대학교,부산일보,"한국, 세금통한 소득재분배 기능 OECD 최하위권",강성진 고려대 경제학과 교수는 “우리나라는 보편적 복지가 너무 빨리 들어와 맞춤형·선택적 복지가 상대적으로 약하다”며 “양극화를 개선하려면 저소득층을 선별해 지원하는 맞춤형 복지를 당분간 강화할...,2026-09-20 13:59,https://www.busan.com/view/busan/view.php?code=2026092013553374770,https://n.news.naver.com/mnews/article/082/0001399092?sid=101
연세대학교,BIZTRIBUNE,"금호건설, 3910억원 규모 '송도 세브란스병원' 신축공사 맡는다","금호건설은 18일 연세대학교 의료원이 발주한 '송도 세브란스병원' 신축공사 입찰에서 우선협상대상자로... 현재 약 2272억원 규모 '원주세브란스기독병원 새병원'을 시공하고 있으며, 최근에는 '원주연세의료원 제2병원...",2026-09-20 13:42,http://www.biztribune.co.kr/news/articleView.html?idxno=359328,http://www.biztribune.co.kr/news/articleView.html?idxno=359328
고려대학교,매일신문,"2028학년도 서울 15개 대학, N수생 지원 막는다",15개 대학은 내신 성적을 활용하는 수시 학생부교과전형에서 졸업생 지원을 일제히 막았다. 정시도 고려대... 한국대학교육협의회(대교협)은 대학마다 다양한 선발 방식을 운영하는 만큼 등급 환산은 각 대학에...,2026-09-20 13:38,https://www.imaeil.com/page/view/2026091820080063985,https://n.news.naver.com/mnews/article/088/0001029516?sid=102
연세대학교,브릿지경제,"한국, 17년 후 출생아가 사망자보다 많은 지역 ‘전무’","계봉오 국민대학교 사회학과 교수, 김지수 산업연구원 연구위원, 유혜정 한미연 인구연구센터장, 김현철 연세대학교 의과대학 교수, 윤윤진 한국과학기술원(KAIST) 도시 AI 연구소장 등 국내 인구 분야를 대표하는...",2026-09-20 13:36,https://www.viva100.com/article/20260920500308,https://www.viva100.com/article/20260920500308
고려대학교,세계일보,"뇌 건강 관리법은…금천구, ‘뇌가 젊어지는 치매 특강’ [지금 우리 동...","9월22일 오후 2시 한내보건지소 ‘아는 만큼 보이는 치매’ 주제로 강성훈 고려대구로병원 교수 강연 서울... 강성훈 고려대 구로병원 신경과 교수가 진행한다. 치매의 최신 동향과 치료법, 치매를 이해하고 관리하는 방법...",2026-09-20 13:28,https://www.segye.com/newsView/20260920506527?OutUrl=naver,https://n.news.naver.com/mnews/article/022/0004160456?sid=102
고려대학교,TFMEDIA,[이슈체크] 세금·복지 재분배 OECD 꼴찌 수준...개선율 지속 하락,"강성진 고려대 경제학과 교수는 ""우리나라는 시장소득 자체는 형평성이 있는 편""이라며 ""문제는 정부가 소득분배를 개선하는 사회 안전망이나 연금제도가 대상층에 맞지 않는다는 것""이라고 지적했다. 그는...",2026-09-20 13:18,https://www.tfmedia.co.kr/news/article.html?no=207353,https://www.tfmedia.co.kr/news/article.html?no=207353
연세대학교,쿠키뉴스,"진로융합교육원, ‘고3 대입 면접 대비 이렇게’ 설명회","서울대·연세대·고려대의 제시문기반 면접을 중심으로 준비 방법을 살펴봤으며, 자연계열은 의예 MMI와 수학·과학 심층면접 등 유형별 특징과 대비 방법을 구체적으로 다뤘다. 특히 이번 설명회는 대학별 면접 유형과...",2026-09-20 13:14,https://www.kukinews.com/article/view/kuk202609200019,https://www.kukinews.com/article/view/kuk202609200019
고려대학교,쿠키뉴스,"진로융합교육원, ‘고3 대입 면접 대비 이렇게’ 설명회","서울대·연세대·고려대의 제시문기반 면접을 중심으로 준비 방법을 살펴봤으며, 자연계열은 의예 MMI와 수학·과학 심층면접 등 유형별 특징과 대비 방법을 구체적으로 다뤘다. 특히 이번 설명회는 대학별 면접 유형과...",2026-09-20 13:14,https://www.kukinews.com/article/view/kuk202609200019,https://www.kukinews.com/article/view/kuk202609200019
고려대학교,매일일보,"[기획]""AI 채용 대전환…직무 대체 수준까지 활용할 줄 알아야""","최병호 고려대 교수는 ""아직 국내 산업계에서는 업무 자체 프로세스를 전면적으로 바꾸는 수준까지는 아니""라면서도 ""다만 시간 문제이니만큼 채용 시장에서 AI는 절대적인 수준까지도 영향을 주고 있다""고 진단했다. 최...",2026-09-20 13:00,https://www.m-i.kr/news/articleView.html?idxno=1416067,https://www.m-i.kr/news/articleView.html?idxno=1416067
고려대학교,메가경제,"IPARK현대산업개발·포니정재단, 다문화 청소년과 자개공예 만들며 문화...","2012년부터 우수 베트남 장학생의 고려대 석사과정을 지원하는 초청 장학 프로그램을, 2016년부터는 한국어 전공 장학생을 대상으로 교환 장학 프로그램을 운영하고 있다.",2026-09-20 13:00,https://www.megaeconomy.co.kr/news/newsview.php?ncode=1065582640559173,https://www.megaeconomy.co.kr/news/newsview.php?ncode=1065582640559173
연세대학교,WOMANECONOMY,[서빈 더봄] 부표,"서빈 작가·연출가 연세대학교 영어영문학과를 졸업하고 서강대학교 미디어커뮤니케이션대학원에서 영상을 전공했다. KBS, EBS, SBS 등에서 방송작가로 활동하며 다큐멘터리적 시선을 길렀고, 현재는 공연 극본과 연출, 영화...",2026-09-20 13:00,https://www.womaneconomy.co.kr/news/articleView.html?idxno=258808,https://www.womaneconomy.co.kr/news/articleView.html?idxno=258808
연세대학교,보건뉴스,"강남세브란스병원, 장기기증 유공 보건복지부장관 표창 수상",강남세브란스병원 장기이식센터 주만기 센터장(왼쪽 세 번째)과 의료진들 연세대 강남세브란스병원(병원장 김용욱)은 지난 14일 서울 양재 엘타워에서 열린 '제9회 생명나눔 주간 기념식'에서 장기 등 기증 유공 분야...,2026-09-20 12:46,http://www.bokuennews.com/news/article.html?no=284462,http://www.bokuennews.com/news/article.html?no=284462
연세대학교,메디컬월드뉴스,질병관리청 ‘국가 노쇠 표준 정의’ 마련 공청회 개최,"이어진 패널토의에서는 이석구 교수(충남대학교, 대한예방의학회)가 좌장을 맡고, 원장원 교수(경희대학교), 김정선 교수(전남대학교, 한국노년학회), 유준일 교수(인하대학교, 대한근감소증학회), 이경희 교수(연세대학교...",2026-09-20 12:40,https://medicalworldnews.co.kr/news/view.php?idx=1510977350,https://medicalworldnews.co.kr/news/view.php?idx=1510977350
고려대학교,보건뉴스,"고대구로병원 윤영훈 교수, 'EMS KOREA 2026'서 소방청장 표창 수상",고려대학교 구로병원(병원장 민병욱) 응급의학과 윤영훈 교수가 지난 8일 서울 백범김구기념관에서 열린... 윤 교수는 2018년부터 고려대학교 구로병원 권역응급의료센터장을 맡아 구급대와 의료기관 간 협력 및 응급환자...,2026-09-20 12:40,http://www.bokuennews.com/news/article.html?no=284458,http://www.bokuennews.com/news/article.html?no=284458
고려대학교,대전일보,"유재일 대표 ""시대 읽고 성찰하며 설득하는 통합의 리더 어디 없나요? """,유 대표는 대전고를 나와 고려대 정치외교학과를 졸업하고 동 대학원에서 정치학 석사와 박사 학위를 취득한 뒤 30여 년간 대전대 정치외교학과 교수로 지내면서 한국 정치와 정당에 관해 연구해왔다. 국회도서관장...,2026-09-20 12:40,https://www.daejonilbo.com/news/articleView.html?idxno=2302449,https://n.news.naver.com/mnews/article/656/0000187318?sid=102
고려대학교,뉴시스,"치매 치료, 예방법 배운다…금천구 22일 구민 대상 특강",강성훈 고려대 구로병원 신경과 교수가 강사로 나선다. 강 교수는 고려대 구로병원 알츠하이머예방센터장과 금천구치매안심센터장을 맡고 있다. 참여자는 선착순으로 모집한다. 참여를 희망하는 구민은...,2026-09-20 12:31,https://www.newsis.com/view/NISX20260920_0003797053,https://n.news.naver.com/mnews/article/003/0014202391?sid=102
고려대학교,DENTALNEWS,"아시아턱관절학회, 턱관절장애 25기 연수회 개최",오는 10월 9일 예정돼있는 동경과학대학(구 동경의과치과대학) 연수회와의 연속선상에서 진행됐다. 이날 연수회는 송인석 교수(고려대안암병원 치과)의 ‘턱관절장애의 진단 및 약물치료:DC/TMD에 근거한 진단체계와...,2026-09-20 12:30,https://www.dentalnews.or.kr/news/article.html?no=48229,https://www.dentalnews.or.kr/news/article.html?no=48229
연세대학교,동아사이언스,"AI 연구윤리 가이드 공개 ""AI 활용한 결과물 책임은 연구자에""","구자호 연세대 대기과학과 교수는 ""가이드를 크게 개의치 않고 악용하면서 문제를 일으키는 사람들이 있다""면서 ""징계를 철저하게 하겠다는 과기부의 의지가 있다면 악용하는 경우를 줄이는 데 도움이 될 것""이라고 했다....",2026-09-20 12:21,https://www.dongascience.com/news/view/79990,https://n.news.naver.com/mnews/article/584/0000039390?sid=105
연세대학교,메디파나뉴스,관자놀이 통증 '숨은 신경가지' 찾았다…신경차단 정확도 높일까,"건국대병원 안과 신현진 교수팀과 건국대 해부학교실 최유진 교수, 동아대 해부학교실 신강재 교수, 연세대 해부학교실 김희진 교수, 원광대 해부학교실 이신효 교수 공동연구팀은 광대측두신경의 부신경가지 위치를...",2026-09-20 12:14,https://www.medipana.com/news/articleView.html?idxno=417958,https://www.medipana.com/news/articleView.html?idxno=417958
연세대학교,데일리안,"KAIST, 잘 안 반응하는 물질로 의약품 핵심 구조 만든다",이번 연구는 장세라 KAIST 화학과 석박사통합과정과 연세대학교에서 석사과정을 졸업한 정성렬이 공동 제1저자로 참여했다. 연구 결과는 미국화학회가 발행하는 국제 학술지 ‘미국화학회지(JACS)’에 지난 8월 3일 온라인...,2026-09-20 12:03,https://www.dailian.co.kr/news/view/1692461/?sc=Naver,https://n.news.naver.com/mnews/article/119/0003134700?sid=105
연세대학교,GREENED,"KAIST, '라디칼 촉매 반응' 활용 복잡한 물질 화합 새 전략 제시","왼쪽부터 이윤미 교수, 장세라 석박사통합과정, 연세대 장성렬 석사, 김수민 석박사통합과정 KAIST(총창... KAIST 화학과 장세라 석박사통합과정과 연세대학교에서 석사과정을 졸업한 정성렬이 공동 제1저자로, KAIST...",2026-09-20 12:00,https://www.greened.kr/news/articleView.html?idxno=350441,https://www.greened.kr/news/articleView.html?idxno=350441
연세대학교,아시아경제,"""AI는 보조 도구, 책임은 연구자에게""…정부 연구윤리 가이드에 과학계...","이준상 연세대 기계공학부 교수는 ""이번 가이드는 AI 활용을 제한하기보다 AI를 연구의 보조 도구로... 박한우 영남대 사회과학대 학장은 비수도권 대학과 소규모 연구기관이 공동으로 이용할 수 있는 보안형...",2026-09-20 12:00,https://view.asiae.co.kr/article/2026092011040017913,https://n.news.naver.com/mnews/article/277/0005818873?sid=105
연세대학교,아주경제,"금호건설, '송도 세브란스병원' 신축공사 우선협상대상자 선정",20일 금호건설은 지난 18일 연세대학교 의료원이 발주한 ‘송도 세브란스병원’ 신축공사 입찰에서... 최근에는 ‘원주연세의료원 제2병원 신축공사’를 수주했다. 해당 사업은 지하 1층~지상 7층 연면적 1만1964...,2026-09-20 11:54,https://www.ajunews.com/view/20260920111127518,https://www.ajunews.com/view/20260920111127518
연세대학교,메디파나뉴스,"강남세브란스병원, 장기기증 활성화 공로 복지부장관 표창",연세대 강남세브란스병원은 지난 14일 서울 양재 엘타워에서 열린 '제9회 생명나눔 주간 기념식'에서 장기 등 기증 유공 분야 보건복지부장관 표창을 수상했다고 밝혔다. 보건복지부와 국립장기조직혈액관리원이 주관한...,2026-09-20 11:48,https://www.medipana.com/news/articleView.html?idxno=417956,https://www.medipana.com/news/articleView.html?idxno=417956
고려대학교,BRAINMEDIA,KIST 끊어진 손 신경 잇는 다발형 인공 신경 개발,"한국과학기술연구원(KIST, 원장 오상록) 생체재료연구센터 정영미 책임연구원 연구팀은 고려대학교 의과대학 정형외과 박종웅 교수 연구팀, 한국생명공학연구원 국가영장류센터와 공동으로, 실제 말초신경처럼 여러...",2026-09-20 11:32,http://www.brainmedia.co.kr/BrainScience/25633,http://www.brainmedia.co.kr/BrainScience/25633
연세대학교,BRAINMEDIA,'흉터가 신경으로' 척수손상 마비 치료 새 지평 열렸다,기초과학연구원(IBS) 기억 및 교세포 연구단 이창준 단장 연구팀은 연세대학교 의과대학 하윤 교수 연구팀과 공동으로 척수손상 부위의 흉터 조직을 신경 재생 자원으로 활용하는 정밀 유전자 발현 기술 ‘TRANsCre...,2026-09-20 11:32,http://www.brainmedia.co.kr/BrainScience/25635,http://www.brainmedia.co.kr/BrainScience/25635
연세대학교,BRAINMEDIA,"세브란스 연구팀, 루이소체치매 2가지 진행 경로 밝혀","환자마다 증상과 진행 경과가 크게 달라 치료가 까다로웠던 ‘루이소체치매’가 서로 다른 두 가지 경로로 진행한다는 연구 결과가 나왔다.세브란스병원 신경과 정석종, 연세대 의과대학 생리학교실 박찬욱 교수...",2026-09-20 11:32,http://www.brainmedia.co.kr/BrainScience/25636,http://www.brainmedia.co.kr/BrainScience/25636
연세대학교,매일경제,재건축 앞둔 목동·상계 ‘증여’ 급증한 사연,고준석 연세대학교 상남경영원 교수는 “자산가 비중이 많은 강남권은 오래전부터 증여 거래가 꾸준했다”며 “특히 최근에는 집값 상승 열기와 다주택자 규제·세제 강화 기조 여파에 미리 증여를 한 것일 수...,2026-09-20 11:25,https://www.mk.co.kr/article/12157349,https://n.news.naver.com/mnews/article/024/0000108348?sid=101
고려대학교,문화일보,韓日 작가는 왜 지금 ‘니체’에 주목했나…혼돈과 절망에서 마주하는...,최근 출간된 ‘니체 초인 수업’은 강용수 고려대 철학연구소 연구교수의 책이다. 그는 지난해 서점가에서 인기를 끈 ‘마흔에 읽는 쇼펜하우어’의 저자이기도 하다. 저자는 니체의 사유를 따라가며 ‘초인’이 되는 길을...,2026-09-20 11:21,https://www.munhwa.com/article/11618315?ref=naver,https://n.news.naver.com/mnews/article/021/0002820047?sid=103
고려대학교,NC,"[NC신간] 오광욱 '인간등급 C', 사람을 나누는 보이지 않는 기준","오광욱은 중앙대학교 예술대학원에서 연극을, 고려대학교 대학원에서 희곡을 전공했다. '덕혜옹주', '유관순 9월의 노래', '사법살인 59', '17번', '스파르타의 불구 아이' 등을 발표했으며 제6회 윤대성희곡상을 수상했다....",2026-09-20 11:19,https://www.nc.press/news/articleView.html?idxno=626888,https://www.nc.press/news/articleView.html?idxno=626888
고려대학교,뉴스인사이드,﻿[정해균의 Zoom-人] SK하이닉스에 모인 SK '베테랑' 3인 부회장은 누구,"○ 이형희, '고교·대학 동문' 최태원 회장 측근…하이닉스 인수 때 역할 이형희 부회장은 1962년생으로 최태원 회장과 두 살 터울로 서울 신일고와 고려대 산업공학과를 졸업하고 고려대 경영대학원에서 석사학위를...",2026-09-20 11:18,https://www.newsinside.kr/news/articleView.html?idxno=5005035,https://www.newsinside.kr/news/articleView.html?idxno=5005035
고려대학교,디지털데일리,"'국방'에 쏠리는 IT업계의 관심…네이버·NHN, ‘전장 클라우드’ 공략...",최근에는 고려대 C5ISRT융합연구원과 전장 클라우드 및 C5ISRT 공동 연구·기술개발을 위한 업무협약을... 세부 자원 구성과 지원 기간은 고려대와 협의해 확정한다. NHN클라우드 관계자는 “프라이빗 클라우드와 DaaS...,2026-09-20 10:41,https://www.ddaily.co.kr/page/view/2026092010334020002,https://n.news.naver.com/mnews/article/138/0002242092?sid=105
연세대학교,메트로신문,"금호건설, '송도 세브란스병원' 우선협상대상자 선정","20일 금호건설에 따르면 연세대학교 의료원이 발주한 송도 세브란스병원 신축공사 입찰에서... 현재 약 2272억원 규모의 원주세브란스기독병원 새병원을 진행하고 있으며, 최근에는 원주연세의료원 제2병원 신축공사를...",2026-09-20 10:40,http://www.metroseoul.co.kr/article/20260920500066,http://www.metroseoul.co.kr/article/20260920500066
고려대학교,SBS Biz,"한국 세금·복지 재분배, OECD 바닥권 기록","강성진 고려대 경제학과 교수는 ""우리나라는 시장소득 자체는 형평성이 있는 편""이라며 ""문제는 정부가 소득분배를 개선하는 사회 안전망이나 연금제도가 대상층에 맞지 않는다는 것""이라고 말했습니다. 이어...",2026-09-20 10:39,https://biz.sbs.co.kr/article_hub/20000335721?division=NAVER,https://n.news.naver.com/mnews/article/374/0000533916?sid=101
고려대학교,DAILYSPORTSHANKOOK,"한국 U-20 여자축구, 이탈리아에 1-3 패배…12년 만의 8강서 마감","전반 43분 정다빈(위덕대)의 프리킥이 골대를 맞고 나오자 한민서(고려대)가 경합 과정에서 공을 살려냈고, 이하은이 오른발 슈팅으로 마무리하며 1-1 동점을 만들었다. 전반을 균형 있게 마친 한국은 후반 역전을...",2026-09-20 10:32,https://www.dailysportshankook.co.kr/news/articleView.html?idxno=433713,https://www.dailysportshankook.co.kr/news/articleView.html?idxno=433713
고려대학교,아시아타임즈,길어진 취준 기간…교육비 아낄 혜자 카드 '봇물',"지난달 27일 취업 준비생들이 서울 고려대학교 SK미래관에서 열린 '2026 인크루트 채용설명회'에서 강사의 설명을 받아 적고 있다.(사진=연합뉴스) 20일 카드업계에 따르면 최근 학원과 학습지, 시험 응시료 할인...",2026-09-20 10:30,https://www.asiatime.co.kr/article/20260920500014,https://www.asiatime.co.kr/article/20260920500014
고려대학교,조선일보,[부박사] 지금 안 사면 평생 후회?,"신보연   1980년생, 고려대 경영학과 졸업, 건국대 부동산학 박사, 세종대학교 부동산AI융합학과 교수, 한국부동산경영학회 이사, 서울지방변호사회 분쟁조정위원회 위원, 서초구 도시계획위원회 위원, 과천도시공사...",2026-09-20 10:24,https://monthly.chosun.com/news/articleView.html?idxno=71402,https://monthly.chosun.com/news/articleView.html?idxno=71402
고려대학교,아시아투데이,서울 의대 수시 지원 10년 새 최저…지역의사제·반도체호황 '영향',"같은 기간 서울대·연세대·고려대 의대 지원자는 3개 대학 합산 11.3% 줄어, 의대 쏠림이 계약학과 쪽으로 일부 옮겨가는 양상이 뚜렷했다.임성호 종로학원 대표는 ""서울권 학생들은 의대 문호가 좁혀지면서 의대...",2026-09-20 10:24,https://www.asiatoday.co.kr/kn/view.php?key=20260920010007385,https://www.asiatoday.co.kr/kn/view.php?key=20260920010007385
연세대학교,아시아투데이,서울 의대 수시 지원 10년 새 최저…지역의사제·반도체호황 '영향',"같은 기간 서울대·연세대·고려대 의대 지원자는 3개 대학 합산 11.3% 줄어, 의대 쏠림이 계약학과 쪽으로 일부 옮겨가는 양상이 뚜렷했다.임성호 종로학원 대표는 ""서울권 학생들은 의대 문호가 좁혀지면서 의대...",2026-09-20 10:24,https://www.asiatoday.co.kr/kn/view.php?key=20260920010007385,https://www.asiatoday.co.kr/kn/view.php?key=20260920010007385
연세대학교,SPOCHOO,'경남고 4번타자' 돌풍에 드래프트 판도 흔들린다…이호민 카드 급부상...,포수는 대학 포수 김동주(연세대)와 청소년대표팀 포수 원지우(강릉고)의 2파전이다. 김동주는 대학에서 쌓은 풍부한 경험과 파워가 장점이다. 다만 4년제 대학을 끝까지 마치고 드래프트에 참가하는 만큼 적지 않은...,2026-09-20 10:10,http://www.spochoo.com/news/articleView.html?idxno=130261,https://m.sports.naver.com/kbaseball/article/529/0000078618
연세대학교,스포츠서울,"20년 기다린 송도 세브란스, 금호건설이 짓나…3910억 공사 우선협상",금호건설은 연세대학교 의료원이 발주한 ‘송도 세브란스병원’ 신축공사 입찰에서 우선협상대상자로... 송도 세브란스병원은 2006년 인천시와 연세의료원이 병원 조성 협약을 체결하면서 추진됐다. 그러나 공사비...,2026-09-20 10:09,https://www.sportsseoul.com/news/read/1636414?ref=naver,https://n.news.naver.com/mnews/article/468/0001267604?sid=101
연세대학교,전자신문,"철도연, '대도시권 광역교통혁신 공모전' 우수팀 4팀 선정","아주대학교 무한열차 팀(김민상, 박동희, 박진호, 한태영)은 철도연 원장상, 단국대학교 Flow Shift 팀(김수민, 신윤서, 함승은)은 교통연 원장상, 연세대학교 점심메뉴추천위원회 팀(오주현)은 교통학회 회장상을 각각...",2026-09-20 09:51,https://www.etnews.com/20260920000025,https://n.news.naver.com/mnews/article/030/0003468446?sid=105
고려대학교,스포츠동아,"U-20 女 대표팀, U-20 여자월드컵 8강서 이탈리아에 1-3 패배…16년 만의...",전반 43분 정다빈(위덕대)이 중앙선 부근에서 날린 프리킥이 골대를 맞고 나온 것을 한민서(고려대)가 잡았다. 그의 패스를 받은 이하은(울산과학대)이 동점 골을 넣으며 분위기를 바꾸는 듯했다. 그러나 한국은...,2026-09-20 09:47,https://sports.donga.com/sports/article/all/20260920/134701752/1,https://m.sports.naver.com/kfootball/article/382/0001294888
연세대학교,파이낸셜뉴스,강원 창업 열기 뜨겁다…'모두의 창업' 누적 1만1539건,"도내 대학과 창업지원기관, 민간 투자사가 하나의 목표 아래 움직이도록 기관 간 협력을 이끌었다. 이러한... 중장년창업보육센터 △빅뱅엔젤스 △상지대학교 △연세대학교 미래캠퍼스 △한림대학교...",2026-09-20 09:38,https://www.fnnews.com/news/202609200932501130,https://n.news.naver.com/mnews/article/014/0005578301?sid=102
연세대학교,DENTALNEWS,"치과 안면 미용진료, 새로운 블루오션으로 부상하나?",이에 본지는 보톡스 치료 등 안면통증 분야의 권위자인 연세대학교치과대학 구강내과학교실 김성택 교수를... 또한 최근에는 미국 알라바마 대학교 김유신 교수팀과 함께 ‘치매(노화) 신경 전달 차단’에 관한 보톡스...,2026-09-20 09:24,https://www.dentalnews.or.kr/news/article.html?no=48192,https://www.dentalnews.or.kr/news/article.html?no=48192
연세대학교,한스경제,서울 아파트 증여 재건축 쏠려…목동·상계 1·2위,"고준석 연세대학교 상남경영원 교수는 ""자산가 비중이 많은 강남권은 오래전부터 증여 거래가 꾸준했다""며 ""최근에는 집값 상승과 다주택자 규제·세제 강화 기조에 증여를 서둘렀을 가능성이 있다""고 말했다. 목동...",2026-09-20 09:02,http://www.hansbiz.co.kr/news/articleView.html?idxno=866843,http://www.hansbiz.co.kr/news/articleView.html?idxno=866843
연세대학교,THEVIEWERS,이대역 인근 647가구 장기민간임대 추진…‘마포 프론티어’ 2차 모집,"교육시설로는 이화여대와 서강대를 비롯해 연세대, 홍익대 등이 인접해 있다. 신촌 상권과 현대백화점 신촌점, 세브란스병원, 경의선숲길 등 생활·의료·여가시설도 이용할 수 있다. 공급 관계자에 따르면 임차인...",2026-09-20 09:00,https://theviewers.co.kr/View.aspx?No=4233468,https://theviewers.co.kr/View.aspx?No=4233468
고려대학교,이뉴스투데이,"고려대, 컴퓨터 비전 분야 세계 최고 권위 학회 'ECCV 2026'서 워크숍 개...","몬트리올대학교 및 밀라인공지능연구소(Mila) 아이슈와리아 아그라왈(Aishwarya Agrawal) 교수, 프랑스 국립디지털과학기술연구소 파리(INRIA Paris)의 시제 첸(Shizhe Chen) 박사 등 국내외 유수 대학 및 연구기관의...",2026-09-20 09:00,http://www.enewstoday.co.kr/news/articleView.html?idxno=2472399,http://www.enewstoday.co.kr/news/articleView.html?idxno=2472399
고려대학교,스포츠서울,"‘아쉽지만 잘 싸웠다’ 女 U-20축구, 16년만 월드컵 4강행 불발…이탈...",정다빈(위덕대)의 프리킥이 골대 왼쪽을 맞고 나왔는데 한민서(고려대)가 경합해 골문 오른쪽으로 내주자 이하은(울산과학대)이 재빠르게 밀어 넣었다. 1-1로 맞선 채 후반에 돌입한 한국은 조혜영 대신 박주하...,2026-09-20 08:30,https://www.sportsseoul.com/news/read/1636378?ref=naver,https://m.sports.naver.com/kfootball/article/468/0001267572
고려대학교,이데일리,"""의대 가기 더 어려워졌다"" 서울 의대 지원 '뚝'…이유 봤더니",실제 서울권 삼성전자·SK하이닉스 계약학과인 △연세대 시스템반도체공학과(삼성전자) △성균관대 반도체시스템공학과(삼성전자) △고려대 반도체공학과(SK하이닉스) △서강대 시스템반도체공학과...,2026-09-20 08:22,https://www.edaily.co.kr/News/Read?newsId=01157846645582088&mediaCodeNo=257&utm_source=naver&utm_medium=referral&utm_campaign=news_syndication&utm_content=original_article,https://n.news.naver.com/mnews/article/018/0006372763?sid=102
연세대학교,이데일리,"""의대 가기 더 어려워졌다"" 서울 의대 지원 '뚝'…이유 봤더니",실제 서울권 삼성전자·SK하이닉스 계약학과인 △연세대 시스템반도체공학과(삼성전자) △성균관대 반도체시스템공학과(삼성전자) △고려대 반도체공학과(SK하이닉스) △서강대 시스템반도체공학과...,2026-09-20 08:22,https://www.edaily.co.kr/News/Read?newsId=01157846645582088&mediaCodeNo=257&utm_source=naver&utm_medium=referral&utm_campaign=news_syndication&utm_content=original_article,https://n.news.naver.com/mnews/article/018/0006372763?sid=102
연세대학교,JEOLLAILBO,'전주 관광의 미래를 그리다' 2026 전주미래도시포럼 성료,싱가포르의 방문객 경제 인재 육성 사례 등이 소개된 가운데 모종린 연세대학교 국제대학원 교수는 전주의 경쟁력으로 '골목'을 주목했다. 관광객이 특정 관광지를 찍고 떠나는 방식에서 벗어나 골목을 걷고 지역의...,2026-09-20 08:20,http://www.jeollailbo.com/news/articleView.html?idxno=811624,http://www.jeollailbo.com/news/articleView.html?idxno=811624
고려대학교,헤럴드경제,"韓, 세금·복지 재분배 OECD 29개국 중 28위…“맞춤형 복지 보강 필요”",강성진 고려대 경제학과 교수는 “우리나라는 시장소득 자체는 형평성이 있는 편”이라며 “문제는 정부가 소득분배를 개선하는 사회 안전망이나 연금제도가 대상층에 맞지 않는다는 것”이라고 지적했다....,2026-09-20 08:16,https://biz.heraldcorp.com/article/10879383?ref=naver,https://n.news.naver.com/mnews/article/016/0002699768?sid=101
고려대학교,메디컬월드뉴스,"뉴스위크 2027 세계전문병원…한국 병원, 전 분야에 이름 올려","고려대안암병원 30위였다. ▲비뇨의학과에서는 서울대병원이 세계 3위로 국내 최고 순위를 기록했고, 서울아산병원 5위, 삼성서울병원 9위, 세브란스병원 17위, 서울성모병원 21위, 분당서울대병원 23위, 고려대안암...",2026-09-20 08:10,https://medicalworldnews.co.kr/news/view.php?idx=1510977337,https://medicalworldnews.co.kr/news/view.php?idx=1510977337
연세대학교,서울경제,[人터뷰+] “초급간부 ‘캐즘’ 심각해…경제적 보상·근무 여건 개선 ...,백우열 연세대 정치외교학과 교수는 최근 서울 서대문구 연구실에서 진행한 서울경제신문과의 인터뷰에서 “동북아 정세 변동으로 한국전쟁 이후 70년간 유지되어온 한국군의 구조를 전면 개편해야 할 상황”이라며...,2026-09-20 08:01,https://www.sedaily.com/article/20092722?ref=naver,https://n.news.naver.com/mnews/article/011/0004663633?sid=102
고려대학교,뉴시스,"파업 피했지만 불씨 남은 서울버스…""통상임금 문제 시한폭탄""","전문가는 매년 반복되는 임금 협상과 준공영제라는 서울 시내버스 운영체계의 특수성을 고려해 임금·보수 체계를 재검토할 필요가 있다고 지적했다. 박지순 고려대 법학전문대학원 교수는 ""버스업체는 서울시의 재정...",2026-09-20 08:00,https://www.newsis.com/view/NISX20260918_0003796101,https://n.news.naver.com/mnews/article/003/0014202014?sid=102
연세대학교,조선비즈,"[비즈톡톡] 40대 이소영의 중기벤처호, ‘규제 개혁’ 돛 달고 출항할까","박경민 연세대 경영대 교수(한국중소기업학회장)는 “단기와 장기적 성과를 구분해 정책을 펼쳐야 한다”며 “단기간에 성과를 낼 과제는 신속하게 추진하고, 시간이 필요한 과제는 장기적인 관점에서 일관되게 추진해야...",2026-09-20 07:49,https://biz.chosun.com/industry/business-venture/2026/09/20/NSSLLKNGS5CLFH45WBT2GYQQKE/?utm_source=naver&utm_medium=original&utm_campaign=biz,https://n.news.naver.com/mnews/article/366/0001193421?sid=101
고려대학교,머니투데이,'통합 돌봄'에도 현장은 정보 단절…'끊어진 치매 돌봄' 연결하려면,"대한치매학회 이사장을 지낸 박건우 고려대 안암병원 신경과 교수는 ""치매 환자를 돌보는 일은 노동 강도가 높고 사고 위험도 크다""며 ""감수하는 위험만큼 충분한 의료 수가가 보장되지 않기 때문에 민간에서는 중증...",2026-09-20 07:34,https://www.mt.co.kr/society/2026/09/20/2026091815043410298,https://n.news.naver.com/mnews/article/008/0005416193?sid=102
연세대학교,OSEN,“이 정도 규모의 국제대회였나? 깜짝 놀랐다!” 우상호 강원도지사의 ...,하연섭 연세대학교 원주캠퍼스 총장 등 귀빈들이 한자리에 모였다. 현장을 둘러본 우상호 도지사는 취재진과 만난 자리에서 “보통 이 정도 규모의 국제대회는 큰 도시에서 개최한다. 홍천의 열기가 뜨거워서 깜짝...,2026-09-20 07:34,http://www.osen.co.kr/article/G1112878264,https://m.sports.naver.com/basketball/article/109/0005609453
고려대학교,아시아경제,"경희대, 차세대 자율 중재로봇 개발 착수","이번 연구는 황효석 경희대 교수가 연구책임자를 맡고 김종우 기계공학과 교수, 조명아 소프트웨어융합학과 교수, 윤원기 고려대 의과대학 교수가 공동연구원으로 합류한다. 여기에 캐나다 토론토대학교, 세계적...",2026-09-20 07:33,https://view.asiae.co.kr/article/2026091811060413347,https://n.news.naver.com/mnews/article/277/0005818792?sid=102
고려대학교,매일신문,"치매환자 100만명 시대, 검사부터 입소까지 3단계 모두 막혔다","박건우 고려대 안암병원 신경과 교수는 ""의료와 복지 데이터가 따로 놀아 발생하던 분절을 없애는 것이 우선""이라며 ""지역별 임대료 차등 보충과 치매 진료 인센티브 등 현장이 체감할 지원책이 마련돼야 한다""고...",2026-09-20 07:17,https://www.imaeil.com/page/view/2026092007152614036,https://n.news.naver.com/mnews/article/088/0001029450?sid=102
고려대학교,머니투데이,"검사부터 입소까지 '번호표'…치매환자 100만 시대 ""갈 곳이 없다""","박건우 고려대 안암병원 신경과 교수는 ""의료와 복지 데이터가 따로 놀아 발생하던 분절을 없애는 것이 우선""이라며 ""지역별 임대료 차등 보충과 치매 진료 인센티브 등 현장이 체감할 지원책이 마련돼야 한다""고 말했다.",2026-09-20 07:04,https://www.mt.co.kr/society/2026/09/20/2026091813024736803,https://n.news.naver.com/mnews/article/008/0005416184?sid=102
고려대학교,MEDIAPEN,"[U-20 여자월드컵] 한국, 이탈리아에 1-3 져 4강 진출 실패…8강서 대회...","중원은 한민서와 진혜린(이상 고려대)으로 구성했고, 포백 수비라인은 윤아영(단국대)-남승은(버니즈 군마 화이트스타FC)-정다빈(위덕대)-천시우(울산과학대)로 꾸렸다. 골문은 김채빈(광양여고)이 지켰다. 한국과...",2026-09-20 06:34,https://www.mediapen.com/news/view/1124795,https://www.mediapen.com/news/view/1124795
고려대학교,이데일리,"스테이킹 보상률, 왜 코인마다 다를까",△1960년 부산 출생 △서강대 경영학 학사 △서울대 대학원 경영학(회계학) 석사 △고려대 대학원 법학(조세법) 박사 및 경영학(회계학) 박사 △성균관대 국정전문대학원 행정학 박사과정 수료 △가톨릭대 상담심리대학원...,2026-09-20 06:03,https://www.edaily.co.kr/News/Read?newsId=01108646645582088&mediaCodeNo=257&utm_source=naver&utm_medium=referral&utm_campaign=news_syndication&utm_content=original_article,https://n.news.naver.com/mnews/article/018/0006372750?sid=101
고려대학교,조선일보,내년 11월 개통 왕십리~상계 동북선…경전철 파산 전철 주의보,"고려대역과 미아사거리역, 하계역 등을 지나며 정거장 16곳과 차량기지 1곳이 들어선다. ☞구글·테슬라... 동북선은 왕십리와 제기동, 고려대, 미아사거리, 하계, 상계 등 주거와 상업시설이 밀집한 지역을 지난다. 기존...",2026-09-20 06:02,https://realty.chosun.com/site/data/html_dir/2026/09/18/2026091802177.html,https://realty.chosun.com/site/data/html_dir/2026/09/18/2026091802177.html
고려대학교,뉴스핌,"[AI시대 청년일자리]⑪독일·ILO, 선제적 교육 '대전환'","권혁 고려대 노동대학원 교수가 발표한 'AI 시대 고용 안정을 위한 해외 사례 및 정책 과제' 보고서에 따르면, 독일은 2019년부터 '직무 역량 강화법(QCG·Qualifizierungschancengesetz)'을 시행하고 있다. 이 법에 따라 독일은...",2026-09-20 06:00,https://www.newspim.com/news/view/20260918001023,https://www.newspim.com/news/view/20260918001023
연세대학교,뉴시스,"""산에서 도심으로""…'테크 커뮤터' 승부수 이선효 네파 대표[이주의 유...","1957년생인 이 대표는 연세대학교 경영학과를 졸업한 뒤 1983년 삼성물산에 입사했다. 이후 제일모직과 모다아울렛을 거쳐 신세계인터내셔날 상무를 지냈고, 2009년 동일드방레 대표이사에 올랐다. 30년 넘게 패션...",2026-09-20 06:00,https://www.newsis.com/view/NISX20260918_0003796274,https://n.news.naver.com/mnews/article/003/0014201947?sid=101
고려대학교,중앙일보,"“치매 위험 2.5배”… 생수병 못따는 엄마, 뇌에 벌어진 일",강성훈 고려대 구로병원 신경과 교수는 “냄새를 전혀 맡지 못한다기보다는 어떤 냄새인지 구별하는 능력이 서서히 약해진다”고 설명한다. 독성 단백질인 아밀로이드 베타가 냄새 신호를 받아들여...,2026-09-20 06:00,https://www.joongang.co.kr/article/25463304,https://n.news.naver.com/mnews/article/025/0003552552?sid=103
고려대학교,연합뉴스,세금·복지 재분배 OECD 29개국 중 28위…고령층은 더 부진,"강성진 고려대 경제학과 교수는 ""우리나라는 시장소득 자체는 형평성이 있는 편""이라며 ""문제는 정부가 소득분배를 개선하는 사회 안전망이나 연금제도가 대상층에 맞지 않는다는 것""이라고 지적했다. 그는...",2026-09-20 05:49,https://www.yna.co.kr/view/AKR20260919056500002?input=1195m,https://n.news.naver.com/mnews/article/001/0016322941?sid=101
연세대학교,뉴스1,강남 제치고 목동·상계가 1·2위…서울 아파트 증여 '재건축 쏠림',"고준석 연세대학교 상남경영원 교수는 ""자산가 비중이 많은 강남권은 오래전부터 증여 거래가 꾸준했다""며... 심형석 법무법인 조율 수석 전문위원(미국 IAU 대학 교수)은 ""최근 집값 상승세가 이어지는 데다 세제 강화...",2026-09-20 05:05,https://www.news1.kr/realestate/general/6296031,https://n.news.naver.com/mnews/article/421/0009180717?sid=101
고려대학교,이데일리,"한국 女 U-20 축구, 8강서 아쉽게 눈물...이탈리아에 1대3 석패","한민서(고려대)가 상대와 경합하며 공을 골문 오른쪽으로 연결했고, 이하은이 오른발로 밀어 넣어 1-1을 만들었다. 하지만 후반 시작 3분 만에 다시 실점했다. 파다가 왼쪽에서 올린 코너킥을 아피아가 페널티지역...",2026-09-20 03:45,https://www.edaily.co.kr/News/Read?newsId=01085686645582088&mediaCodeNo=257&utm_source=naver&utm_medium=referral&utm_campaign=news_syndication&utm_content=original_article,https://m.sports.naver.com/kfootball/article/018/0006372743
연세대학교,NEWSVERSE,"[자폐, 국가는 어디에...①] 자폐학생 4년 새 69% 증가...늘어난 건 자폐...","서울대 농학과를 거쳐 연세대 대학원 경제학과에서 경제학을 전공한 뒤 9년간 한국신용정보에서 기업 평가·금융VAN업무를 수행했고, 서울대 농생대 창업보육센터에서 3년간 보육매니저로 창업보육 업무를 했다. 현재...",2026-09-20 02:24,https://www.newsverse.kr/news/articleView.html?idxno=11471,https://www.newsverse.kr/news/articleView.html?idxno=11471
고려대학교,뉴시스,"2030 통풍 환자, 관절만 아프다?…""혈관도 위험""","20일 의료계에 따르면 강은송·정재현 고려대 안산병원 류마티스내과 교수 연구팀(송관규 고려대 구로병원... 연구 결과 연령과 성별, 생활습관, 동반질환 등 여러 요인을 고려한 이후에도 연구 시작 당시 통풍이...",2026-09-20 01:01,https://www.newsis.com/view/NISX20260918_0003795838,https://n.news.naver.com/mnews/article/003/0014201909?sid=102
연세대학교,내일신문,"KAIST, 초박막 반도체 전기 공급 기술 개발","KAIST는 생명화학공학과 서준기 교수 연구팀이 연세대, 한국과학기술연구원(KIST), 울산과학기술원(UNIST), 삼성전자 등과 공동으로 이셀레늄화주석(SnSe2)을 이용한 전기 공급 기술을 개발했다고 18일 밝혔다. 최근에는...",2026-09-20 00:46,https://www.naeil.com/news/read/602919?ref=naver,https://www.naeil.com/news/read/602919?ref=naver
고려대학교,톱스타뉴스,"'멀티골 아피아'에 막힌 한국, U-20 여자 월드컵 4강 좌절","중원에서는 한민서와 진혜린(이상 고려대)이 더블 볼란치를 이뤘다. 수비 라인은 윤아영(단국대)-남승은(버니즈 군마 화이트스타FC)-정다빈(위덕대)-천시우(울산과학대)로 포백을 구성했고, 골문은 김채빈(광양여고)이...",2026-09-20 00:12,https://www.topstarnews.net/news/articleView.html?idxno=16200388,https://www.topstarnews.net/news/articleView.html?idxno=16200388
고려대학교,연합뉴스,"한국 축구, U-20 여자 월드컵 4강행 불발…이탈리아에 1-3 패배",중원에서는 한민서와 진혜린(이상 고려대)이 호흡을 맞췄고 포백은 윤아영(단국대)-남승은(버니즈 군마 화이트스타FC)-정다빈(위덕대)-천시우(울산과학대)로 꾸렸다. 골문은 김채빈(광양여고)이 지켰다. 김채빈의...,2026-09-20 00:02,https://www.yna.co.kr/view/AKR20260919059300007?input=1195m,https://m.sports.naver.com/kfootball/article/001/0016322923
연세대학교,매일신문,김승원 다음은…대장동 변호인? 서영교형 비법조인? 조국형 법학자? [금...,과거 문재인 정부는 첫 법무부 장관 후보자였던 안경환 서울대 명예교수가 도덕성 논란 끝에 낙마하자 11일 만에 형법학자인 박상기 연세대 법학전문대학원 교수를 다시 후보자로 지명해 장관 자리에 앉혔다. 박상기 전...,2026-09-20 00:00,https://www.imaeil.com/page/view/2026091919490034877,https://n.news.naver.com/mnews/article/088/0001029447?sid=100
연세대학교,IKLD,"철도연, '2026 대도시권 광역교통혁신 공모전' 우수 4개팀 선정","철도연 원장상은 아주대학교 '무한열차' 팀이, 교통연 원장상은 단국대학교 'Flow Shift' 팀이 각각 수상했다. 연세대학교 '점심메뉴추천위원회' 팀은 대한교통학회 회장상을 받았다. 사공명 철도연 원장은 ""이번 공모전을...",2026-09-19 22:02,http://www.ikld.kr/news/articleView.html?idxno=341021,http://www.ikld.kr/news/articleView.html?idxno=341021
연세대학교,프레시안,한국 청년 남성 4명 중 1명이 '극우'…전 세대 최다·청년 여성 6배,"19일 한국사회학 제60집 제3호를 보면, 김창환 캔자스대학교 사회학과 교수와 최성수 연세대 사회학과 교수는 이 같은 내용을 담은 연구논문을 발표했다. 연구진은 지난해 6월 4~5일 한국리서치가  의뢰로 전국...",2026-09-19 21:57,https://www.pressian.com/pages/articles/2026091919220930901?utm_source=naver&utm_medium=search,https://n.news.naver.com/mnews/article/002/0002457600?sid=102
연세대학교,매일경제,"조지 워싱턴, 쿠데타 기회 있었지만… [한순구의 ‘게임이론으로 보는 ...",한순구 교수는 이번 호를 끝으로 ‘게임이론으로 보는 경영’ 칼럼 연재를 마감합니다. [한순구 연세대 경제학부 교수] [본 기사는 매경이코노미 제2377호·추석합본호(2026.09.16~09.29일자) 기사입니다],2026-09-19 21:01,https://www.mk.co.kr/article/12150504,https://n.news.naver.com/mnews/article/024/0000108342?sid=110
연세대학교,ECONOMYCHOSUN,[안종도의 음악기행  쇼팽 연습곡 ‘Op.10 No.1’] 컴퓨터가 음악 만...,"이코노미조선=안종도 연세대 피아노과 교수 | 오늘날 우리는 소리를 이전과는 비교하기 어려울 만큼 자유롭게 만들어내고 다룰 수 있다. 컴퓨터로 새로운 음색을 만들고, 소리를 겹치고, 저장하고, 복제하고, 반복할 수...",2026-09-19 20:26,https://economychosun.com/site/data/html_dir/2026/09/11/2026091100027.html,https://economychosun.com/site/data/html_dir/2026/09/11/2026091100027.html
고려대학교,ECONOMYCHOSUN,[김인현의 바다 스토리 ] 선장의 눈으로 본 오디세우스 10년의 귀향,이코노미조선=김인현 고려대 법학전문대학원 명예교수·선장 | 호메로스의 대서사시 ‘오디세이아’는 이타카의 왕 오디세우스가 10년간의 트로이 전쟁을 마치고 다시 10년에 걸친 고난의 항해 끝에 고향으로 돌아가는...,2026-09-19 20:26,https://economychosun.com/site/data/html_dir/2026/09/11/2026091100020.html,https://economychosun.com/site/data/html_dir/2026/09/11/2026091100020.html
고려대학교,CFNEWS,"광복회, 유민 신임 사무총장 선임",사무총장은 고려대 정치외교학과 학사·석사 및 러시아연방외교아카데미에서 국제경제학 박사학위를... 키르기스국제대학교(KIUC) 총장 등의 다양한 직위를 역임한 이후 독립운동가의 유족으로 지난 2023년 이종찬...,2026-09-19 19:54,https://www.cfnews.kr/news/article.html?no=112149,https://www.cfnews.kr/news/article.html?no=112149
고려대학교,서울경제,“이제 진짜 ‘치맥’ 끊어야겠네” 통풍 환자 느는데...큰 문제는 따로...,"19일 강은송·정재현 고려대 안산병원 류마티스내과 교수와 한경도 숭실대 정보통계보험수리학과 교수, 고려대 구로·안암병원이 참여한 공동 연구진은 국내 20~39세 성인 650만여 명의 데이터를 분석한 결과 이 같은...",2026-09-19 19:05,https://www.sedaily.com/article/20092948?ref=naver,https://n.news.naver.com/mnews/article/011/0004663614?sid=103
고려대학교,국민일보,AI 시대 만난 창조과학…“신앙 변증 넘어 청지기 사역으로”,박형진 횃불트리니티신학대학원대 교수는 AI 시대가 오히려 인간의 정체성을 다시 묻게 하는 계기가 될 수... 이은일 고려대 안산병원 교수를 선정했다. 이 교수는 논문에서 피부색의 다양성과 인간·침팬지의 유전체...,2026-09-19 18:34,https://www.kmib.co.kr/article/view.asp?arcid=9000013618&cp=nv,https://n.news.naver.com/mnews/article/005/0001873995?sid=103
연세대학교,VENTURESQUARE,[AI 시대 리더의 대화법] 똑같이 말했는데 한 사람만 움직인다…리더가...,김경민 대표는 연세대학교 경영학과를 졸업한 뒤 스타트업과 자산운용사를 거치며 비즈니스 현장의 경험을 쌓았다. 현재 리버스마운틴 대표로 사내 1대1 대화 AI 솔루션 ‘오블릿’...,2026-09-19 18:00,https://www.venturesquare.net/1115265/,https://www.venturesquare.net/1115265/
고려대학교,오마이뉴스,'신입 채용' 지원한 40대... 대한민국의 씁쓸한 민낯,"""모든 대학의 반도체공학과가 SK하이닉스와 계약된 것은 아니에요. 현재는 고려대, 서강대, 한양대의 경우가... ""의대 열풍도 반도체 열풍도 자기 적성을 고려해야 하는 것 같아요. 어떤 산업이 소위 잘나간다고 해서...",2026-09-19 17:26,https://www.ohmynews.com/NWS_Web/View/at_pg.aspx?CNTN_CD=A0003268734&CMPT_CD=P0010&utm_source=naver&utm_medium=newsearch&utm_campaign=naver_news,https://m.entertain.naver.com/article/047/0002529627
연세대학교,JEONMIN,"글로벌 관광도시 전주의 미래, 함께 그렸다...'전주미래도시포럼 2026' 폐...",모종린 연세대 교수는 전주가 한옥마을뿐 아니라 객리단길 등 원도심 전체가 골목으로 이어진 도시라는 점을 강조하며 이를 지속가능한 관광자원으로 활용할 것을 제안했다. 미식 세션에서는 전통 식문화와 향토 식재료...,2026-09-19 17:08,http://www.jeonmin.co.kr/news/articleView.html?idxno=447324,http://www.jeonmin.co.kr/news/articleView.html?idxno=447324
연세대학교,OSEN,"‘벌써 4년 연속 성공적 국제대회 개최’ 홍천군, 3x3농구의 성지로 떠...",하연섭 연세대학교 원주캠퍼스 총장 등 귀빈들이 한자리에 모였다. 신영재 홍천군수는 “국제대회에 참가한 선수들이 홍천군의 연탄봉사에도 참여해 의미를 더했다. 홍천챌린저가 벌써 4회째다. 성공적 대회개최에...,2026-09-19 17:04,http://www.osen.co.kr/article/G1112878326,https://m.sports.naver.com/basketball/article/109/0005609215
연세대학교,NEWSCJ,"두산로보틱스 신임 CEO에 권영민 사장… ""경쟁력 강화 기대""",19일 두산로보틱스에 따르면 권영민 사장은 1990년 연세대학교 공과대학을 졸업한 뒤 1999년 미국 일리노이대학교 경영대학원에서 회계학 석사 학위를 받았다. 2000년 ㈜두산 전략기획본부에 입사한 이후 그룹 주요...,2026-09-19 17:02,https://www.newscj.com/news/articleView.html?idxno=3434077,https://www.newscj.com/news/articleView.html?idxno=3434077
연세대학교,NEWSFC,[2026 전주미래도시포럼] 온고을 'MICE 인프라' 이렇게 살리자,"휴스턴대교수,모종린 연세대 국제대학원 교수 좌로부터)  기린대로와 한옥마을을 잇는... 제주대학교 대학원 박사과정 수료 2014년 미래창조과학부장관 표창 2004년 제24회 한국방송대상 앵커상 2018....",2026-09-19 17:00,http://www.newsfc.co.kr/news/articleView.html?idxno=81265,http://www.newsfc.co.kr/news/articleView.html?idxno=81265
고려대학교,NEWSFC,[2026 전주미래도시포럼] 온고을 'MICE 인프라' 이렇게 살리자,류성옥 고려대 교수와 김민수 한국스포츠과학원 스포츠산업연구실장은 대형 경기장을 짓는 전통적... 제주대학교 대학원 박사과정 수료 2014년 미래창조과학부장관 표창 2004년 제24회 한국방송대상 앵커상 2018.02~2021....,2026-09-19 17:00,http://www.newsfc.co.kr/news/articleView.html?idxno=81265,http://www.newsfc.co.kr/news/articleView.html?idxno=81265
연세대학교,EBN,[부고] 박기일(행정안전부 장관정책보좌관)씨 모친상,"▲이복순(69세)씨 별세, 박기일 행정안전부 장관정책보좌관 모친상 = 연세대 신촌세브란스병원장례식장 특2호실(지하2층), 발인 9월 20일 09시40분, 장지 성남시장례문화사업소.",2026-09-19 16:54,https://www.ebn.co.kr/news/articleView.html?idxno=1724958,https://www.ebn.co.kr/news/articleView.html?idxno=1724958
고려대학교,이데일리,김경만 국가AI전략위 지원단장·엄열 AI정책실장…AI 정책라인 변화,"고려대 경영학과를 졸업하고 미국 콜로라도대에서 행정학 석사학위를 받았다. 최근까지 과기정통부 인공지능정책실장을 맡았으며, 인공지능정책기획관, 인공지능기반정책관, 통신정책관 등을 거쳤다. AI 정책과 통신...",2026-09-19 16:46,https://www.edaily.co.kr/News/Read?newsId=02417366645581760&mediaCodeNo=257&utm_source=naver&utm_medium=referral&utm_campaign=news_syndication&utm_content=original_article,https://n.news.naver.com/mnews/article/018/0006372558?sid=105
고려대학교,강원도민일보,삼척 전국 3대3 농구 2차대회 개막식...스포츠베케이션 도시 자리매김,"KOREA3×3가 주최·주관하고, 삼척시와 문화체육관광부가 후원하며 강원도민일보, 스코어센터, 애플라인드, 몰텐이 협찬한 이번 대회에는 서울대와 연세대, 고려대, 강원대 등 전국 남·여 대학부를 비롯해 고등부...",2026-09-19 16:14,https://www.kado.net/news/articleView.html?idxno=2073724,https://n.news.naver.com/mnews/article/654/0000201498?sid=102
연세대학교,강원도민일보,삼척 전국 3대3 농구 2차대회 개막식...스포츠베케이션 도시 자리매김,"KOREA3×3가 주최·주관하고, 삼척시와 문화체육관광부가 후원하며 강원도민일보, 스코어센터, 애플라인드, 몰텐이 협찬한 이번 대회에는 서울대와 연세대, 고려대, 강원대 등 전국 남·여 대학부를 비롯해 고등부...",2026-09-19 16:14,https://www.kado.net/news/articleView.html?idxno=2073724,https://n.news.naver.com/mnews/article/654/0000201498?sid=102
연세대학교,매일경제,"‘3x3 메카’ 홍천 최고의 축제 3x3 챌린저, 성대한 개막식 열려…월드...","홍성기 강원특별자치도 의원, 박건연 KXO 회장, 최희암 홍천 챌린저 조직위원장, 김철회 강원도농구협회장, 변상미 홍천군농구협회장, 하연섭 연세대 원주캠퍼스 총장 등이 함께했다. 한편 홍천 챌린저는 운명의...",2026-09-19 16:07,https://www.mk.co.kr/article/12157115,https://m.sports.naver.com/basketball/article/410/0001140576
고려대학교,스포츠조선,독감·코로나19 동시 유행 가능성…손 씻기와 마스크만으론 부족,"고려대학교 구로병원 감염내과 윤진구 교수의 도움말로 예방접종의 중요성에 대해 정리했다. ◇인플루엔자... 고려대학교 구로병원 감염내과 윤진구 교수는 ""손 씻기나 마스크 착용 같은 생활수칙은 감염을 줄이는 데 꼭...",2026-09-19 15:49,https://www.sportschosun.com/life/2026-09-19/202609190100131250008517,https://n.news.naver.com/mnews/article/076/0004447675?sid=102
연세대학교,MHNS,"국립창원대, 페루 명문대 2곳과 협약…공학·경영 국제협력 확대",국립창원대학교가 페루 국립공과대학교와 퍼시픽대학교 등 현지 대학과 잇따라 학술교류 협정을 체결하며... 국립창원대에 따르면 해당 사업에는 국립창원대를 비롯해 서울대·연세대·포항공대 등 전국 8개 대학이...,2026-09-19 15:40,https://www.mhns.co.kr/news/articleView.html?idxno=761061,https://www.mhns.co.kr/news/articleView.html?idxno=761061
연세대학교,매일경제,"‘3x3 메카’ 찾은 우상호 강원특별자치도지사, 홍천 챌린저 향한 찬사...","최희암 위원장님은 대한민국의 농구 스타였고 연세대를 빛낸 대단한 지도자, 박건연 회장은 대학 동기로서 수십년 동안 알고 지냈다”고 이야기했다. 그러면서 “사실 농구보다는 개인적인 인연으로 이곳에 오게 됐는데...",2026-09-19 15:27,https://www.mk.co.kr/article/12157108,https://m.sports.naver.com/basketball/article/410/0001140575
연세대학교,루키,[홍천챌린저] '4년 연속 국제 대회 개최' 3x3 메카의 뜨거운 열기에 우상...,"우상호 도지사는 ""최희암 조직위원장님과 박건연 회장님을 만났는데 박 회장과는 대학 동기이자 친구 사이고 최희암 감독님은 대한민국 농구 스타이자 농구대잔치 시절 연세대 농구를 빛냈던 지도자분 아니신가. 꾸준히...",2026-09-19 15:26,http://www.rookie.co.kr/news/articleView.html?idxno=127059,https://m.sports.naver.com/basketball/article/398/0000102785
고려대학교,점프볼,"‘11년 만에 4연승’ 동국대, 3년 연속 PO 진출 확정","동국대는 18일 한양대학교 올림픽체육관에서 열린 2026 KUSF 대학농구 U-리그 원정 경기에서 우성희(28점... 남은 경기가 고려대, 중앙대, 건국대이기에 이날 승리는 의미 있다. 동국대는 2024년부터 3년 연속...",2026-09-19 15:18,https://m.sports.naver.com/basketball/article/065/0000301718,https://m.sports.naver.com/basketball/article/065/0000301718
연세대학교,OSEN,‘홍천에 우상호 강원특별자치도지사가 떴다!’ 후끈 달아오른 농구도...,"홍천군농구협회장, 연세대 원주캠퍼스 하연섭 총장 등 귀빈들이 한자리에 모였다. 폴란드 3x3농구 국가대표선수들로 구성된 바르샤바도 우상호 도지사와 기념촬영을 했다. 바르샤바는 폴란드 국가대표팀 저지를...",2026-09-19 15:05,http://www.osen.co.kr/article/G1112878256,https://m.sports.naver.com/basketball/article/109/0005609146
연세대학교,DAILY,"신라대, 5개 대학과 '리빙랩 초광역 협력체계' 구체화","세명대학교, 연세대학교 미래캠퍼스, 우석대학교와 '앵커(RISE)사업 리빙랩 초광역 협력체계 협의회 제2차 공동포럼'을 개최했다고 18일 밝혔다. 이번 포럼은 지난 8월 업무협약을 통해 구축한 5개 대학의 협력체계를...",2026-09-19 15:00,https://daily.hankooki.com/news/articleView.html?idxno=1408016,https://daily.hankooki.com/news/articleView.html?idxno=1408016
연세대학교,점프볼,"“정말 최선을 다해줬어요” 인스트럭터, 전력분석, 그리고 코치로…김...","전 청주 KB스타즈 전력분석, 이제는 연세대 코치로 자리를 옮긴 김무성 코치의 이야기다. 연세대는 18일 김무성 코치를 공식 선임했다. 연세대 출신 김무성 코치는 2019 KBL 신인선수 드래프트에서 2라운드 7순위로 고양...",2026-09-19 14:21,https://m.sports.naver.com/basketball/article/065/0000301717,https://m.sports.naver.com/basketball/article/065/0000301717
연세대학교,서울경제,"삼성, 북미 AI 수장에 스탠퍼드 석학…‘피지컬 AI’ 직진","시험 중 챗GPT 쓰다 ‘F학점’…커닝 잡는 프로그램도 등장 핵심 요약: 지난해부터 올해 상반기까지 서울대·연세대·성균관대 등 주요 6개 대학에서 생성형 AI를 활용한 시험 부정행위가 총 5건 적발됐으며, 성균관대...",2026-09-19 13:17,https://www.sedaily.com/article/20092919?ref=naver,https://n.news.naver.com/mnews/article/011/0004663586?sid=101
고려대학교,GREENED,김승원 후임 법무장관 후보군 5명 거론…외부 영입 가능성도,"여권의 한 관계자는 일부 후보의 과거 변호 경력과 검찰 재직 시절 논란 등을 고려할 경우 ""외부 영입... 이건태, 검사 출신…보완수사권 폐지 입장 뚜렷 이건태 의원은 전남 영암 출신으로 광주제일고와 고려대 법대를...",2026-09-19 13:06,https://www.greened.kr/news/articleView.html?idxno=350500,https://www.greened.kr/news/articleView.html?idxno=350500
고려대학교,HIDOC,"2030 젊은 통풍 환자, '심장'도 위험… 국내 연구 결과 심방세동 발생 위...",고려대학교 안산병원·구로병원·안암병원 류마티스내과와 숭실대 통계학과 공동 연구팀은 20~39세 한국 성인 약 650만 명을 12년 넘게 추적해 이 같은 사실을 밝혀냈다. 대표적인 부정맥의 한 종류인 심방세동은...,2026-09-19 13:00,https://news.hidoc.co.kr/news/articleView.html?idxno=67752,https://news.hidoc.co.kr/news/articleView.html?idxno=67752
연세대학교,뉴스엔,"라이머,브랜뉴뮤직에 연세대 졸업 부친→대기업 출신 여동생 채용(신랑...","하다가 조금씩 회사가 커지니까 믿을 수 있는 사람이 있어야 해서""라며 ""저희 아버지가 엘리트시다. 연세대 경영학과 나오신 분이다. 여동생도 대기업에서 일을 하던 친구라 제가 하던 회사에 두 분을 모신 것""이라고 말했다.",2026-09-19 12:41,https://www.newsen.com/news_view.php?uid=202609191123556310,https://m.entertain.naver.com/article/609/0001170472
연세대학교,POINTE,"금호건설, 3910억원 규모 송도 세브란스병원 우선협상대상자 선정",연세대학교 의료원이 발주한 이번 프로젝트를 통해 회사의 건축 분야 경쟁력이 한층 더 탄력을 받을 것으로... 현재 공사가 진행 중인 2272억원 규모의 원주세브란스기독병원 새병원 사업을 비롯해 최근 원주연세의료원...,2026-09-19 12:34,https://www.pointe.co.kr/news/articleView.html?idxno=84979,https://www.pointe.co.kr/news/articleView.html?idxno=84979
연세대학교,위키트리,이 사람 딸이었어?!...유명 스포츠 스타 빼닮은 미스코리아 '진' 정체,터프츠대학교(Tufts University)에서 순수미술을 전공하고 있다. 대학 재학 중에는 사회문제 동아리 회장을 맡아... (21·부산울산·연세대 언더우드국제대 경제학)이 각각 선정됐다. '예(藝)'는 노향(20·서울경기인천 진·서울대...,2026-09-19 12:30,https://www.wikitree.co.kr/articles/1160323,https://www.wikitree.co.kr/articles/1160323
고려대학교,한국일보,독감+코로나 ‘트윈데믹’ 우려 커진다… 대비 어떻게?,"윤진구 고려대 구로병원 감염내과 교수는 “손 씻기나 마스크 착용 같은 생활수칙은 감염을 줄이는 데 꼭 필요하지만 이것만으로 모든 감염을 막을 수는 없다”며 “예방접종은 감염 위험을 낮추는 것은 물론, 감염된 뒤...",2026-09-19 11:30,https://www.hankookilbo.com/news/article/A2026091809390000457?did=NA,https://n.news.naver.com/mnews/article/469/0000954967?sid=103
연세대학교,핀포인트뉴스,"금호건설, 송도 세브란스병원 우선협상자 선정","금호건설은 연세대학교 의료원이 발주한 '송도 세브란스병원' 신축공사 입찰에서 우선협상대상자로... 현재 약 2272억원 규모의 '원주세브란스기독병원 새병원'을 시공 중이며, 최근에는 '원주연세의료원 제2병원 신축공사...",2026-09-19 11:28,https://www.pinpointnews.co.kr/news/articleView.html?idxno=488661,https://www.pinpointnews.co.kr/news/articleView.html?idxno=488661
연세대학교,스포츠서울,"안현모와 이혼 3년, 라이머가 달라졌다…347곡·7층사옥 보다 간절한 재...","대학 시절부터 사용했다는 다이어리에 일정을 적고, 소속 아티스트 이은상의 녹음을 직접 디렉팅했다. 앨범... 그는 연세대 경영학과 출신인 아버지와 대기업에서 근무했던 여동생을 회사가 커지는 과정에서...",2026-09-19 11:20,https://www.sportsseoul.com/news/read/1636318?ref=naver,https://m.entertain.naver.com/article/468/0001267512
연세대학교,INCHEONTODAY,[해불양수] 송도 세브란스 1000억원과 피노키오 코,이번 일로 악마의 금전 놀이에 탐닉하는 송도 연세대의 추악한 속살이 더욱 훤하게 드러났다. 대학이라는 명예로운 의관을 벗어 던지고 전대를 허리에 찬 천박한 연세대의 돈 탐욕 축제가 송도에서 벌어지고 있다....,2026-09-19 11:00,https://www.incheontoday.com/news/articleView.html?idxno=323841,https://www.incheontoday.com/news/articleView.html?idxno=323841
연세대학교,점프볼,"[26슬램게임] ""스피드는 밀리지 않아요""…'어시스트 1위·스틸 2위' 건국...","47어시스트로 대학 리그 1위를 달리고 있다. 지난 시즌보다 넓어진 시야와 정교한 패스를 앞세워 상명대전에서 16점 12어시스트 9리바운드 7스틸로 '쿼드러플 더블급' 활약을 펼쳤고, 연세대전에서도 17점 9리바운드...",2026-09-19 11:00,https://m.sports.naver.com/basketball/article/065/0000301712,https://m.sports.naver.com/basketball/article/065/0000301712
연세대학교,BOANNEWS,[배종찬의 보안 빅데이터] 가족마저 손쉽게 속아 넘어가는 'AI 딥페이크...,"[글_ 배종찬 인사이트케이 연구소장] 연세대 정치외교학과를 졸업하고 서울대 국제대학원에서 석사 학위를 받았다. 고려대 행정학과 박사과정을 수료했다. 이 외에 미국, 일본, 홍콩 등에서 연구 경험을 가지고 있다....",2026-09-19 10:54,https://www.boannews.com/news/articleView.html?idxno=145951,https://www.boannews.com/news/articleView.html?idxno=145951
고려대학교,BOANNEWS,[배종찬의 보안 빅데이터] 가족마저 손쉽게 속아 넘어가는 'AI 딥페이크...,"[글_ 배종찬 인사이트케이 연구소장] 연세대 정치외교학과를 졸업하고 서울대 국제대학원에서 석사 학위를 받았다. 고려대 행정학과 박사과정을 수료했다. 이 외에 미국, 일본, 홍콩 등에서 연구 경험을 가지고 있다....",2026-09-19 10:54,https://www.boannews.com/news/articleView.html?idxno=145951,https://www.boannews.com/news/articleView.html?idxno=145951
고려대학교,메디게이트뉴스,"고려대구로병원 김다솜 전공의, ‘EMS코리아 2026’ 우수포스터상 수상",고려대학교 구로병원 응급의학과 김다솜 전공의가 지난 9월 8일 서울 백범김구기념관에서 열린 응급의료 학술대회 ‘EMS Korea 2026’에서 우수포스터상을 수상했다고 밝혔다. 김다솜 전공의는 이번...,2026-09-19 10:46,https://www.medigatenews.com/news/3173334617,https://www.medigatenews.com/news/3173334617
연세대학교,KTV,"자원순환 관심 높인 '가치되살림마켓' 체험 호응 [함께하는 미래, 함께...",""" 특히 중고 아동복을 수거해 판매하는 대학생 창업팀이 참여해 눈길을 끌었는데요. 인터뷰> 백원규 / 연세대학교 창업팀 키즈클로젯 회원 ""많은 사람에게 순환의 가치를 알릴 수 있어서 더 뿌듯합니다."" 인터뷰> 정유빈...",2026-09-19 10:30,https://www.ktv.go.kr/content/view?content_id=761303,https://www.ktv.go.kr/content/view?content_id=761303
연세대학교,DENTALNEWS,연세치대 보철과 ‘세철회’ 골프대회 및 워크숍,"학술과 친목으로 동문 단합 다져  연세대학교 치과대학 보철과학교실 동문회(회장 심동욱·이하 세철회)가... 이번 행사는 동문 간의 우의를 다지고, 보철과학교실의 전통을 이어나가기 위해 마련된 자리로, 연세치대...",2026-09-19 10:20,https://www.dentalnews.or.kr/news/article.html?no=48189,https://www.dentalnews.or.kr/news/article.html?no=48189
연세대학교,미디어파인,"라이머, 브랜뉴뮤직 23년 가족 경영의 속사정","그는 ""저희 아버지가 옛날부터 엘리트셨다""며 ""연세대 경영학과 나오시고 경복고등학교 나오신 분""이라고 소개했다. 여동생에 대해서도 ""대기업에서 일을 하던 친구""라며 자신이 운영하는 회사에 두 사람을 모셨다고...",2026-09-19 10:20,https://www.mediafine.co.kr/news/articleView.html?idxno=90207,https://www.mediafine.co.kr/news/articleView.html?idxno=90207
고려대학교,더퍼블릭,"건국대·고려대 연구팀, 물리적 자극으로 노화 줄기세포 기능 회복",건국대학교는 조쌍구 첨단바이오공학부 교수 연구팀이 고려대학교 정아람 교수 연구팀과 함께 물리적 자극을 통해 노화된 줄기세포의 기능을 회복시키는 미세유체 기술을 개발했다고 18일 밝혔다. 이번 연구 성과는...,2026-09-19 10:14,https://www.thepublic.kr/news/articleView.html?idxno=319369,https://www.thepublic.kr/news/articleView.html?idxno=319369
고려대학교,한국강사신문,"건국대학교 조쌍구 교수팀, 고려대와 약물 없이 물리적 자극으로 노화 ...",건국대학교 조쌍구 교수(첨단바이오공학부) 연구팀과 고려대학교 정아람 교수 연구팀이 장기간 배양으로 기능이 저하된 줄기세포에 약물이나 유전자 조작 없이 물리적 자극을 가해 기능을 회복시키는 미세유체 기술을...,2026-09-19 10:10,https://www.lecturernews.com/news/articleView.html?idxno=210861,https://www.lecturernews.com/news/articleView.html?idxno=210861
연세대학교,더팩트,"전주시, 전주미래도시포럼 성료…국내외 도시와 '글로벌 관광도시' 미래...",모종린 연세대학교 국제대학원 교수는 전주가 대표 관광지인 한옥마을에만 의존하는 것이 아니라 객리단길... 호주 스포츠 분야 명문 디킨대학교의 헌터 퓨잭 교수는 최근 여행 트렌드로 운동과 여행을 결합한 'Sweat...,2026-09-19 10:10,https://news.tf.co.kr/read/national/2367777.htm,https://n.news.naver.com/mnews/article/629/0000535268?sid=102
고려대학교,MEDIAWATCH,[금주의 금융 톡톡] 보험사가 보험만 파는 게 아니다… 삼성생명·삼성...,이번 프로젝트에는 고려대·연세대·서울대·KAIST·한양대 등 5개 대학의 IT 전공 학생 39개 팀이 참여했다. 약 4개월간 개발을 진행한 끝에 이날 최종 결과물을 공개했다. 대상을 받은 프로젝트 가운데는 AI를 활용해...,2026-09-19 10:08,https://www.mediawatch.kr/news/article.html?no=261120,https://www.mediawatch.kr/news/article.html?no=261120
연세대학교,MEDIAWATCH,[금주의 금융 톡톡] 보험사가 보험만 파는 게 아니다… 삼성생명·삼성...,이번 프로젝트에는 고려대·연세대·서울대·KAIST·한양대 등 5개 대학의 IT 전공 학생 39개 팀이 참여했다. 약 4개월간 개발을 진행한 끝에 이날 최종 결과물을 공개했다. 대상을 받은 프로젝트 가운데는 AI를 활용해...,2026-09-19 10:08,https://www.mediawatch.kr/news/article.html?no=261120,https://www.mediawatch.kr/news/article.html?no=261120
연세대학교,DNEWS,"금호건설, ‘송도 세브란스병원’ 신축공사 우선협상대상자 선정","금호건설은 18일 연세대학교 의료원이 발주한 ‘송도 세브란스병원’ 신축공사 입찰에서 우선협상대상자로... 현재 약 2272억원 규모의 ‘원주세브란스기독병원 새병원’을 진행하고 있으며, 최근에는 ‘원주연세의료...",2026-09-19 10:02,https://www.dnews.co.kr/uhtml/view.jsp?idxno=202609190957046950732,https://www.dnews.co.kr/uhtml/view.jsp?idxno=202609190957046950732
고려대학교,시사저널,공고엔 없던 '학벌 컷'…한화 채용이 드러낸 '깜깜이 전형'의 민낯 [권상...,"보도에 따르면, 이 회사의 서울·판교 근무자는 서울대, 카이스트, 포스텍, 연세대, 고려대 등 11개 대학 출신이어야 지원할 수 있었다. 해외 대학이라면 세계 대학 순위 100위 안에 들어야 한다. 보도 이후 교육시민단체의...",2026-09-19 10:00,https://www.sisajournal.com/news/articleView.html?idxno=387452,https://n.news.naver.com/mnews/article/586/0000138559?sid=101
연세대학교,시사저널,공고엔 없던 '학벌 컷'…한화 채용이 드러낸 '깜깜이 전형'의 민낯 [권상...,"보도에 따르면, 이 회사의 서울·판교 근무자는 서울대, 카이스트, 포스텍, 연세대, 고려대 등 11개 대학 출신이어야 지원할 수 있었다. 해외 대학이라면 세계 대학 순위 100위 안에 들어야 한다. 보도 이후 교육시민단체의...",2026-09-19 10:00,https://www.sisajournal.com/news/articleView.html?idxno=387452,https://n.news.naver.com/mnews/article/586/0000138559?sid=101
고려대학교,약업신문,“오가노이드 글로벌 패권 잡는다” 한국 주도 아시아 6개국 ‘AOC’ 출...,"설명했다.고려대학교 기계공학부 정석 교수는 “복잡한 통합 모델을 어떻게 만들 것인지, 방법을 어떻게... 고려대학교 바이오시스템의과학부 안준용 부교수는 “AI 모델에는 큰 표본도 중요하지만 생물학적으로...",2026-09-19 09:14,https://www.yakup.com/news/index.html?mode=view&cat=12&nid=332785,https://www.yakup.com/news/index.html?mode=view&cat=12&nid=332785
연세대학교,인사이트,"두산모트롤 5년 이끈 권영민, 두산로보틱스 CEO로","두산모트롤은 현재 두산밥캣 자회사다.권 사장은 1990년 연세대학교 공과대학을 졸업하고 1999년 미국 일리노이대학교 경영대학원에서 회계학 석사 학위를 받았다.두산로보틱스 관계자는 ""글로벌 사업과 경영...",2026-09-19 09:12,https://www.insight.co.kr/news/574289,https://www.insight.co.kr/news/574289
연세대학교,서울신문,"이대역 마포 프론티어, 2차 임차인 모집 진행…10년 임대의무기간 적용","교육시설로는 사업지 인근에 초·중·고교가 자리하고 있으며, 이화여자대학교와 서강대학교를 비롯해 연세대학교, 홍익대학교 등 서울 서북권 주요 대학이 인접해 있다. 생활편의시설로는 현대백화점 신촌점과 대형마트...",2026-09-19 09:01,https://www.seoul.co.kr/news/economy/2026/09/18/20260918500185?wlog_tag3=naver,https://n.news.naver.com/mnews/article/081/0003681818?sid=101
고려대학교,뉴시스,"추석 앞두고 확산 우려…""예방 접종 서두르세요""[빨리온 독감①]","윤진구 고려대학교 구로병원 감염내과 교수는 ""손 씻기나 마스크 착용 같은 생활수칙은 감염을 줄이는 데 꼭 필요하지만 이것만으로 모든 감염을 막을 수는 없다""고 말했다. 이어 ""예방접종은 감염 위험을 낮추는 것은...",2026-09-19 09:01,https://www.newsis.com/view/NISX20260918_0003796119,https://n.news.naver.com/mnews/article/003/0014200979?sid=102
고려대학교,이투데이,"[주간 윤준필] 영탁, 바쁘다 바빠…컴백 활동은 안 '꺾어'","홈즈' 출연진들이 함께 떠난 '제주 단체 임장' 특집이 방송되며, 3일부터는 단독 콘서트 'TAK SHOW5(탁쇼5)' 전국투어를 서울 고려대학교 화정체육관에서 시작한다. 이후 전주, 대구, 인천, 부산을 돌며 전국의 팬들과 만날...",2026-09-19 08:26,https://enter.etoday.co.kr/news/view/302615,https://enter.etoday.co.kr/news/view/302615
연세대학교,THE-TODAY,"이남우 기업거버넌스 회장, 솔리다임 美 상장설…SK하이닉스 주주 보호...","19일 연합뉴스가 공개한 인터뷰에 따르면 이남우 한국기업거버넌스포럼 회장은 지난 14일 연세대에서 솔리다임 상장 가능성을 거론하며 ""솔리다임 같은 해외 현지 법인은 사각지대에 있다""고 지적했다. 국내에서 강조되는...",2026-09-19 08:18,https://www.the-today.com/news/articleView.html?idxno=90404,https://www.the-today.com/news/articleView.html?idxno=90404
고려대학교,GREENED,"현대건설, 100MW급 수전해 플랜트 기술개발 주도…그린수소 경쟁력 강화","컨소시엄에는 현대건설을 비롯해 현대엔지니어링, 현대자동차, 한화글로벌, 한국중부발전, 미래기준연구소, 서울대학교, 고려대학교가 참여한다. 현대건설은 기본설계 패키지 개발과 경제성 평가를 담당한다. 특히...",2026-09-19 08:16,https://www.greened.kr/news/articleView.html?idxno=350399,https://www.greened.kr/news/articleView.html?idxno=350399
고려대학교,세계일보,"현대건설, 100MW급 수전해 플랜트 설계 기술 개발 나선다","현대건설이 과제 주관사를 맡고 현대엔지니어링과 현대자동차, 한화글로벌, 한국중부발전, 미래기준연구소, 서울대, 고려대 등이 컨소시엄으로 참여한다. 현대건설은 기본설계 패키지 개발과 경제성 평가를 담당한다....",2026-09-19 08:11,https://www.segye.com/newsView/20260918505354?OutUrl=naver,https://n.news.naver.com/mnews/article/022/0004160284?sid=101
연세대학교,동아사이언스,"독감백신, 작년에 맞았는데 또 접종해야 하는 이유",예병일 연세대 원주의대 교수는 2009년 한국에서 크게 유행한 독감 ‘신종플루’를 예로 들며 “그해 미리... 신의철 KAIST 의과학대학원 교수는 “암 변이는 환자마다 달라서 개인 맞춤형 mRNA 백신을 만들어야 한다”며...,2026-09-19 08:01,https://www.dongascience.com/news/view/79944,https://n.news.naver.com/mnews/article/584/0000039380?sid=105
연세대학교,한국경제,"임은정 대표 ""두 차례 경력단절 딛고 창업 멘토 됐죠""","창업을 제대로 공부하기 위해 연세대 정경창업대학원에 진학했다. 컨설턴트로 일하는 남편에게 향후 진로에 대한 프레젠테이션을 두 시간 가까이 진행해 간신히 설득했다. 육아, 학업을 병행하며 논문을 썼다. 대학원을...",2026-09-19 08:01,https://www.hankyung.com/article/2026091845261,https://n.news.naver.com/mnews/article/015/0005334086?sid=102
고려대학교,서울경제,"[지금, 명의] 감기인 줄 알았는데 호흡곤란·입원까지…영아 위협하는 ...",‘호흡기 감염질환 명의’ 이주영 고려대학교 안암병원 소아청소년과 교수는 19일 저녁 9시 방영되는... 부담까지 고려하면 예방항체 접종은 아기의 건강을 지키기 위한 좋은 선택지가 될 수 있다”고 말했다. RSV...,2026-09-19 07:26,https://www.sedaily.com/article/20092624?ref=naver,https://n.news.naver.com/mnews/article/011/0004663529?sid=105
연세대학교,연합뉴스,[마켓人] '재벌 회장에 쓴소리' 이남우 기업거버넌스포럼 회장,"연세대 국제학대학원 객원 교수로도 재직 중인 이 회장은 지난 14일 연합뉴스와 한 인터뷰에서 이재명 정부 들어 추진된 상법 개정 등 정책 노력에도 기업 거버넌스 개혁이 ""야구로 치면 3회말 4회초 정도""라고 평가했다....",2026-09-19 07:00,https://www.yna.co.kr/view/AKR20260916166100008?input=1195m,https://n.news.naver.com/mnews/article/001/0016321913?sid=100
연세대학교,엑스포츠뉴스,"라이머, 회사에 부친·여동생 임원으로 채용…Y대 경영·대기업 출신 (신...","연세대 경영학과 나오시고 경복고등학교 나오신 분이다. 제 여동생도 어쨌든 대기업에서 일을 하던 친구다. 제가 하던 회사에 두 분을 모신 거다""라며 부친과 여동생의 화려한 스펙도 자랑했다. 그런가 하면 이날 라이머는...",2026-09-19 07:00,https://www.xportsnews.com/article/2197369,https://m.entertain.naver.com/article/311/0002058717
고려대학교,JTBC,'AI가 만드는 AI'...속도조절론 핵심엔 '재귀적 자기개선'에 대한 공포,"[이상근 / 고려대 AI보안연구소장] ""AI의 재귀적 자기개선이란 것은 AI가 자기가 갖고있는 노하우, 축적된 지식... [이상근 / 고려대 AI보안연구소장] ""자기 개선의 결과물이 인간에게 항상 좋은 방향으로 갈 것인가, 이건...",2026-09-19 07:00,https://news.jtbc.co.kr/article/NB12319146?influxDiv=NAVER,https://n.news.naver.com/mnews/article/437/0000511895?sid=104
고려대학교,뉴스1,"김기대 부동산소비자보호기획단장 ""이상징후 조기 포착해 피해 막겠다""",◇김기대 국토교통부 부동산소비자보호기획단장 △1973년생 △경북 영천 △무학고 △고려대 경제학과 △영국 요크대 경제학 석사 △행시 42회 △국토교통부 도시경제과장 △국토교통부 대중교통과장 △국토교통부...,2026-09-19 07:00,https://www.news1.kr/realestate/general/6295605,https://n.news.naver.com/mnews/article/421/0009179920?sid=102
고려대학교,CHRISTIANTODAY,"이 대통령, 기자회견서 또 ‘먹는 낙태약’ 언급… 독선인가 개혁인가","최원호 박사(Ph.D) 심리학자·칼럼니스트 서울 중랑구 은혜제일교회 예수교장로회 국제연합총회 UPCA 심리학 박사로 서울 한영신대와 고려대에서 겸임교수로 활동했습니다. 『열등감을 도구로 쓰신 예수』, 『열등감, 예수를...",2026-09-19 06:22,https://www.christiantoday.co.kr/news/377487,https://www.christiantoday.co.kr/news/377487
고려대학교,세계일보,TSMC 성공의 비밀… 초연결 대만 산업 생태계,"하지만 ‘칩노믹스’의 저자인 고려대 경제기술안보연구원 이은호 경제안보센터장은 TSMC는 대만 반도체... 반도체 제조기업과 팹리스, 장비·소재·부품기업, 패키징 기업이 연결되고, 그 위에 대학과 연구기관...",2026-09-19 06:02,https://www.segye.com/newsView/20260917515387?OutUrl=naver,https://n.news.naver.com/mnews/article/022/0004160247?sid=103
고려대학교,세계일보,"56세 오현경, 미스코리아 때 몸매 그대로…무슨 운동 하길래",고려대 국제스포츠학부 연구팀이 국제학술지 ‘Journal of Exercise Rehabilitation’에 발표한 연구에 따르면 8주간 주 3회 필라테스를 한 폐경 후 여성은 허리 근력과 유연성이 향상됐다. 연구팀은 폐경 후 여성 74명을...,2026-09-19 06:01,https://www.segye.com/newsView/20260915516025?OutUrl=naver,https://n.news.naver.com/mnews/article/022/0004160242?sid=103
연세대학교,중앙일보,"중3때 코로나나우, 고2때 토스 팀장…“대치동이었음 난 망했다”",학군지에서 SKY(서울대·고려대·연세대)나 KAIST를 목표로 하는 학생들이 흔히 따르는 코스다. 그도 이런 과정을 거쳤을까? “대치동 트랙을 밟았더라면 오히려 KAIST에 합격하지 못했을 겁니다. 공부를 뛰어나게...,2026-09-19 06:00,https://www.joongang.co.kr/article/25463232,https://n.news.naver.com/mnews/article/025/0003552484?sid=102
고려대학교,중앙일보,"중3때 코로나나우, 고2때 토스 팀장…“대치동이었음 난 망했다”",학군지에서 SKY(서울대·고려대·연세대)나 KAIST를 목표로 하는 학생들이 흔히 따르는 코스다. 그도 이런 과정을 거쳤을까? “대치동 트랙을 밟았더라면 오히려 KAIST에 합격하지 못했을 겁니다. 공부를 뛰어나게...,2026-09-19 06:00,https://www.joongang.co.kr/article/25463232,https://n.news.naver.com/mnews/article/025/0003552484?sid=102
고려대학교,뉴스핌,"[AI시대 청년 일자리]⑩""AI 기본법 보완·청년고용 개선 병행해야""","박지순 고려대학교 법학전문대학원 교수는 ""근로자는 왜 불이익을 받았는지 알 수 없고 과거 데이터에 들어 있던 성별·학력·인종 등의 편견이 알고리즘을 통해 재생산될 위험도 있다""고 말했다. 이어 ""AI가 어디에, 어떤...",2026-09-19 06:00,https://www.newspim.com/news/view/20260918000959,https://www.newspim.com/news/view/20260918000959
연세대학교,세계일보,"어릴 때 이사 많이 다닌 사람, 청년기 기분장애 위험 높아진다","미국 뉴욕대 그로스만 의과대학과 연세대 공동 연구팀은 국제학술지 ‘SSM-파퓰레이션 헬스(SSM-Population Health)’ 최신호에 이같은 연구 결과를 공개했다. 연구진은 국민건강보험공단 자료를 활용, 666만8197명의 성장...",2026-09-19 06:00,https://www.segye.com/newsView/20260918509845?OutUrl=naver,https://n.news.naver.com/mnews/article/022/0004160241?sid=103
연세대학교,SIDAE,"나무 뒤 알몸남, 그는 어디 있나… CCTV 650대 비웃듯 '증발'","온몸에 모기 제일 많이 물린 사람을 찾으면 되는 거 아니에요?"" 지난 15일 서울 서대문구 연세대학교... 대학 측은 가로등 조도를 높이고 가지치기를 해 시야를 확보했다. 용의자 출몰 장소로 지목된 출입문의 경우 눈이...",2026-09-19 06:00,https://www.sidae.com/article/2026091716080229864,https://n.news.naver.com/mnews/article/417/0001158769?sid=102
연세대학교,중앙일보,챗GPT에 “의식 있느냐” 묻자…기자 얼어붙게 만든 섬뜩한 대답,AI가 이 실험을 통과한 상태로 볼 수는 있어요.” 이준기 연세대 정보대학원 교수가 밝혔다. Q : AI가 생각할 수 있는 겁니까. A : “AI는 인간이 부여한 목적을 위해 행동합니다. 그렇다고 지금의 AI가 의식이 있다고 볼...,2026-09-19 06:00,https://www.joongang.co.kr/article/25463227,https://n.news.naver.com/mnews/article/025/0003552480?sid=105
연세대학교,NEWS2DAY,"[김연수의 식탁이야기(101)] 한달 빨라진 독감 유행, 코로나까지 재확산...",김연수 프로필 ▶ 연세대학교 아동가족학 학사 / 前 문화일보 의학전문기자 / 연세대학교 생활환경대학원 외식산업 고위자과정 강사 / 저서로 ‘4주간의 음식치료 고혈압’ ‘4주간의 음식치료 당뇨병’ ‘내 아이를 위한...,2026-09-19 05:56,https://www.news2day.co.kr/article/20260918500023,https://www.news2day.co.kr/article/20260918500023
연세대학교,디지털타임스,"2차라고 다를까… ""텅빈 상가, 주말엔 서울로"" 공공기관 이전 ‘민낯’","최원철 연세대 미래부동산개발 최고위과정 책임교수는 ""공공기관을 이전한다고 해도 자녀 교육 등으로 대다수는 수도권에 집을 두고, 지역에서 근무하는 직원만 세를 얻어 사는 경우가 많다""며 ""현실적으로 일부...",2026-09-19 05:40,https://www.dt.co.kr/article/12084638?ref=naver,https://n.news.naver.com/mnews/article/029/0003048838?sid=101
연세대학교,이데일리,음악축제에 걷기행사까지…주말 서울 곳곳 교통 통제[사회in],같은 날 오전 10시부터 오후 5시까지 신촌 연세로에서는 ‘제21회 서울특별시 수어문화제’가 열린다. 서대문구는 약 2만명이 행사장을 찾을 것으로 예상했다. 이에 따라 신촌역~연세대 앞 굴다리 약 500m 구간은 19일...,2026-09-19 05:02,https://www.edaily.co.kr/News/Read?newsId=01351366645581760&mediaCodeNo=257&utm_source=naver&utm_medium=referral&utm_campaign=news_syndication&utm_content=original_article,https://n.news.naver.com/mnews/article/018/0006372346?sid=102
연세대학교,법률신문,형사사법 체계 어떻게 달라졌나,"이 교수는 가야고와 연세대 법대를 졸업하고 1987년 제29회 사법시험에 합격했다. 서울지검 북부지청과 수원지검 등에서 검사로 근무한 뒤 1998년 변호사로 개업했다. 2007년 아주대 법대 교수로 임용됐으며, 2011년부터...",2026-09-19 04:50,https://www.lawtimes.co.kr/news/articleView.html?idxno=226636,https://www.lawtimes.co.kr/news/articleView.html?idxno=226636
고려대학교,국민일보,[기고] 진화론보다 더 깊었던 고통과 죽음의 질문,이수은 전 한림대 교수 이수은 교수는 고려대 대학원에서 국어국문학(현대소설·비평)으로 문학박사 학위를 받고 한림대학교 기초교육대 교수를 지냈다. 아세아연합신학대학원에서 신학(MDiv)을 공부했으며 ‘구속사 핸드북...,2026-09-19 03:06,https://www.kmib.co.kr/article/view.asp?arcid=9000013543&cp=nv,https://n.news.naver.com/mnews/article/005/0001873957?sid=110
연세대학교,베타뉴스,"[최주영의 입시 해부] 생기부 면접 준비, 무엇을 측정하는지부터 알면,...","2027학년도 서울권 15개 대학의 입학전형 시행계획을 놓고 학생부종합전형의 면접을 하나씩 뜯어보면 흐름이 분명하게 갈린다. 고려대와 연세대는 학종 면접을 제시문 기반으로 완전히 돌렸고, 서강대와 홍익대는 아예...",2026-09-19 02:44,https://www.betanews.net/article/view/beta202609150092,https://www.betanews.net/article/view/beta202609150092
고려대학교,베타뉴스,"[최주영의 입시 해부] 생기부 면접 준비, 무엇을 측정하는지부터 알면,...","2027학년도 서울권 15개 대학의 입학전형 시행계획을 놓고 학생부종합전형의 면접을 하나씩 뜯어보면 흐름이 분명하게 갈린다. 고려대와 연세대는 학종 면접을 제시문 기반으로 완전히 돌렸고, 서강대와 홍익대는 아예...",2026-09-19 02:44,https://www.betanews.net/article/view/beta202609150092,https://www.betanews.net/article/view/beta202609150092
연세대학교,중앙일보,[view] AI에게도 의식이 있을까요,AI가 이 실험을 통과한 상태로 볼 수는 있어요.” 이준기 연세대 정보대학원 교수가 밝혔다. Q : AI가 생각할 수 있는 겁니까. A : “AI는 인간이 부여한 목적을 위해 행동합니다. 그렇다고 지금의 AI가 의식이 있다고 볼...,2026-09-19 01:40,https://www.joongang.co.kr/article/25463214,https://n.news.naver.com/mnews/article/353/0000056726?sid=102
연세대학교,중앙일보,"‘미래’를 입은 삼국지·초한지, 고전이 SF고전을 낳았네",연세대 생물학과를 졸업하고 23년 넘게 기자로 일하면서 과학기술·보건의료·환경 분야를 취재했다. SF를 거울 삼아 정치·사회·경제·문화를 가로지르는 다양한 문제를 들여다본다. 『망가진 세계에서 우리는』...,2026-09-19 00:41,https://www.joongang.co.kr/article/25463183,https://n.news.naver.com/mnews/article/353/0000056700?sid=110
연세대학교,중앙일보,"공공사업 비리 지적한 정약용, 238개 출렁다리 본다면…","사회·역사·문화를 연결짓는 과학 커뮤니케이터로 활동하고 있다. 『한국 괴물 백과』 『곽재식의 세균 박람회』 등을 냈다. 한국과학기술원(KAIST)에서 원자력 및 양자공학·화학을 전공, 연세대에서 공학박사를 취득했다.",2026-09-19 00:29,https://www.joongang.co.kr/article/25463166,https://n.news.naver.com/mnews/article/353/0000056687?sid=110
고려대학교,YTN,올해 독감 백신은 3가 접종...4가 백신과 효능 차이점은?,[김우주 / 고려대 의대 백신혁신센터 교수 : 일견 4가에서 3가로 숫자가 줄어드니깐 일반인분들은 효과가 떨어지는 거 아니냐 우려할 수 있는데 사실상 B형 야마가타가 없기 때문에 불필요한 B형 야마가타를 삭제한...,2026-09-19 00:27,https://www.ytn.co.kr/_ln/0105_202609190027590626,https://n.news.naver.com/mnews/article/052/0002409018?sid=105
연세대학교,중앙일보,“미국이 공급망 잠그면…” 안보 걱정한 일본의 선제 공습,"손열 연세대 국제학대학원 교수. 전 동아시아연구원 원장이자 연세대 국제학대학원 교수. 시카고대 정치학 박사. 한국국제정치학회·현대일본학회 회장을 지냈다. 일본외교, 국제정치경제, 동아시아국제정치...",2026-09-19 00:17,https://www.joongang.co.kr/article/25463161,https://n.news.naver.com/mnews/article/353/0000056682?sid=110
연세대학교,텐아시아,"라이머, 아버지는 엘리트·여동생은 대기업 출신…""회사 재무 맡겼다"" (...","그는 ""아버지는 예전부터 엘리트시고 경복고, 연세대 경영학과를 나오셨다. 동생도 대기업에서 일하던 친구라 제가 하던 회사에 두 분을 모셨다""고 설명했다. 식사 자리에서 아버지는 ""요새 사귀는 여자가 있냐""고 물었다....",2026-09-19 00:16,https://www.tenasia.co.kr/article/2026091847134,https://m.entertain.naver.com/article/312/0000776705
연세대학교,중앙일보,"중간선거 앞둔 트럼프, 4연임 노리는 시진핑…국내용 트로피 위해 ‘스...",글로벌 전략 경쟁의 틀은 계속 유지하면서 서로의 양보 가능성과 물러서지 않을 선을 확인하는 가운데 최대한의 실리를 추구할 것이란 전망이 설득력 있게 제기되는 이유다. 박재적 연세대 국제학대학원 교수,2026-09-19 00:04,https://www.joongang.co.kr/article/25463159,https://n.news.naver.com/mnews/article/353/0000056681?sid=102
연세대학교,일간스포츠,"투수→야수→투타 겸업→투수…건국대 황우영 ""다시 선 마운드에서 도규...","대학교 입시 과정에서 고교 기록이 중요하게 작용하니 야수를 했던 것""이라며 ""건국대 3학년일 때 팀... 올해 4월 열린 2026 KUSF(한국대학스포츠협의회) 대학야구 U-리그에서 연세대를 상대로 최고 시속 146㎞를 기록했다....",2026-09-19 00:01,https://isplus.com/article/view/isp202609170084,https://m.sports.naver.com/kbaseball/article/241/0003531328
고려대학교,메디컬월드뉴스,"[9월 18일 병원계 이모저모⑦] 강남성심, 고려대안암, 여의도성모병원 ...","신재원 회장은 “53개 회원기관과 한림대학교강남성심병원과의 지속적인 교류를 통해 어르신들에게 실질적인 도움이 되는 건강·복지 환경을 만들어가겠다”고 밝혔다. ◆고려대안암병원, 아시아·태평양 최초...",2026-09-18 23:10,https://medicalworldnews.co.kr/news/view.php?idx=1510977330,https://medicalworldnews.co.kr/news/view.php?idx=1510977330
고려대학교,점프볼,"'6위 유지' 동국대 이호근 감독 ""후반 압박 수비와 리바운드 통했다""","동국대는 18일 한양대학교 올림픽체육관에서 열린 2026 KUSF 대학농구 U-리그 한양대와의 맞대결에서 87-78로... 출전할 것 같다""고 언급했다. 한편 동국대의 다음 경기는 오는 21일 고려대와의 맞대결이다. #사진_점프볼 DB",2026-09-18 22:24,https://m.sports.naver.com/basketball/article/065/0000301705,https://m.sports.naver.com/basketball/article/065/0000301705
연세대학교,아시아경제,"금호건설, 송도세브란스병원 우선협상대상자 선정","금호건설은 연세대학교 의료원이 발주한 '송도세브란스병원' 신축공사 입찰에서 우선협상대상자로... 현재 약 2272억원 규모의 '원주세브란스기독병원새병원'을 진행 중이며, 최근 '원주연세의료원 제2병원 신축공사'도...",2026-09-18 21:29,https://view.asiae.co.kr/article/2026091821291204536,https://n.news.naver.com/mnews/article/277/0005818664?sid=101
고려대학교,동아일보,"현대건설, 차세대 수소 생산 핵심 기술 확보한다","현대건설이 주관사를 맡고 현대엔지니어링, 현대자동차, 한화글로벌, 한국중부발전, 미래기준연구소, 서울대학교, 고려대학교 등이 컨소시엄으로 참여한다. 현대건설은 기본설계 패키지 개발과 경제성 평가를 총괄한다....",2026-09-18 21:25,https://www.donga.com/news/Economy/article/all/20260918/134699787/2,https://n.news.naver.com/mnews/article/020/0003749338?sid=101
고려대학교,매일신문,"""용혜인처럼 입어라"" ""학벌 낮으면 알바""…남편 박기홍 과거 발언 논란","당시 대학생이었던 용 의원은 세월호 참사 이후 '가만히 있으라' 침묵행진을 제안하며 주목받던 시기였다.... 문건에는 박 최고위원이 ""학벌이 낮으면 알바를 많이 한다""며 자신이 다닌 고려대를 언급하면서 ""우리(고려대)...",2026-09-18 21:20,https://www.imaeil.com/page/view/2026091820571089912,https://n.news.naver.com/mnews/article/088/0001029365?sid=100
연세대학교,SBS,"북한 핵실험이 잠든 단층 깨웠다…""규모 6.3 지진 가능"" [XR]",[홍태경/연세대 지구시스템과학과 교수 : (지진이 마그마방의) 압력 증가를 유도하게 되고 압력 증가는 마그마방 내에 기포를 생성하는 데 역할을 하게 되고 백두산 분화를 촉진할 수 있다.] 백두산이 가장 최근에...,2026-09-18 21:15,https://news.sbs.co.kr/news/endPage.do?news_id=N1008760879&plink=ORI&cooper=NAVER,https://n.news.naver.com/mnews/article/055/0001389500?sid=102
고려대학교,매일경제,“혜인이처럼 입어라” “학벌 낮으면 알바”…용혜인 남편 과거발언 ‘...,대학생 이미지가 괜히 나온 게 아니다” 등 외모를 비교 평가했다. 또 “여성활동가들은 멘탈이 약하다”... “우리(고려대)는 애들이 알바를 안 한다”라고 학벌을 비하하기도 했다. 이 밖에 농민운동가 장례식장에서...,2026-09-18 21:01,https://www.mk.co.kr/article/12156834,https://n.news.naver.com/mnews/article/009/0005737521?sid=100
고려대학교,BIZTRIBUNE,"현대건설, 100MW급 대용량 수전해 플랜트 핵심 설계기술 확보 나선다","서울대학교 및 고려대학교와 컨소시엄으로 과제를 수행하며, 현대건설은 기본설계 패키지 개발 및 경제성... 특히 재생에너지의 간헐적 특성을 고려한 운전 최적화와 플랜트 규모 확대에 필요한 설계·운영 기술을...",2026-09-18 20:58,http://www.biztribune.co.kr/news/articleView.html?idxno=359263,http://www.biztribune.co.kr/news/articleView.html?idxno=359263
연세대학교,LIVEBIZ,"두산로보틱스, 신임 CEO에 전략통 권영민 사장 선임","연세대학교 공과대학을 졸업하고 미국 일리노이대학교 경영대학원에서 회계학 석사 학위를 받았다. 두산로보틱스 관계자는 ""글로벌 사업과 경영 전반에서 쌓은 경험을 바탕으로 두산로보틱스의 중장기 성장과...",2026-09-18 20:54,https://www.livebiz.today/news/articleView.html?idxno=205002,https://www.livebiz.today/news/articleView.html?idxno=205002
고려대학교,K-HEALTH,"고려대의료원·고려대의대교우회, 스리랑카 이주노동자 위한 의료지원 ...",고려대의료원과 고려대 의과대학 교우회가 의료서비스 이용에 어려움을 겪는 국내 거주 스리랑카 이주노동자들을 위한 의료봉사를 펼쳤다. 고려대의료원과 고려대의대교우회는 지난 13일 충남 아산시 음봉면 스리랑카...,2026-09-18 20:34,https://www.k-health.com/news/articleView.html?idxno=101284,https://www.k-health.com/news/articleView.html?idxno=101284
고려대학교,스포티비뉴스,"'환연3' 조휘현, CJ 채용 영상에 떴다…고대생→쇼호스트 변신 '눈길'",'환승연애3' 출연 당시 고려대학교 학생으로 등장해 시험과 취업을 준비하는 모습을 보여줬던 그가 신입사원 모집 영상에 쇼호스트로 당당히 등장해 더욱 주목받고 있다. 앞서 지난 5월 한 아나운서아카데미 공식 SNS를...,2026-09-18 20:21,https://www.spotvnews.co.kr/news/articleView.html?idxno=1008189,https://m.entertain.naver.com/article/477/0000628756
고려대학교,메디컬월드뉴스,"[9월 18일 병원계 이모저모③]고려대의료원, 국립중앙의료원, 강남세브...","윤을식)과 고려대학교 의과대학 교우회(교우회장 윤형선)가 국내 거주 스리랑카 이주노동자들의 건강... ◆동산병원, 비수도권 최초 ‘로봇수술 1만 례’ 달성 기념식 개최 계명대학교 동산병원(병원장 김준형)이 지난...",2026-09-18 20:10,https://medicalworldnews.co.kr/news/view.php?idx=1510977326,https://medicalworldnews.co.kr/news/view.php?idx=1510977326
연세대학교,메디컬월드뉴스,"[9월 18일 병원계 이모저모③]고려대의료원, 국립중앙의료원, 강남세브...","◆강남세브란스병원, 장기기증 유공 보건복지부장관 표창 수상 연세대 강남세브란스병원(병원장 김용욱)이... 고려대학교 의과대학 교우회(교우회장 윤형선)가 국내 거주 스리랑카 이주노동자들의 건강 증진을 위해...",2026-09-18 20:10,https://medicalworldnews.co.kr/news/view.php?idx=1510977326,https://medicalworldnews.co.kr/news/view.php?idx=1510977326
연세대학교,매일경제,"금호건설, 3910억 규모 ‘송도 세브란스병원’ 신축공사 우선협상대상자...","금호건설은 18일 발주사인 연세대학교 의료원으로부터 ‘송도 세브란스병원’ 신축공사 우선협상대상자... 현재 약 2272억원 규모의 ‘원주세브란스기독병원 새병원’을 진행 중이며, 최근에는 ‘원주연세의료원...",2026-09-18 20:04,https://www.mk.co.kr/article/12156817,https://n.news.naver.com/mnews/article/009/0005737515?sid=101
고려대학교,점프볼,"‘3점슛 성공률 80%’, 승리의 공신 동국대 한재혁",동국대는 18일 한양대학교 올림픽체육관에서 열린 2026 KUSF 대학농구 U-리그 한양대와의 맞대결에서 78-87로... 동국대는 오는 21일 화정체육관에서 고려대를 만난다. 1학기 고려대와의 맞대결에서 승리한 전적이 있는 만큼...,2026-09-18 19:42,https://m.sports.naver.com/basketball/article/065/0000301701,https://m.sports.naver.com/basketball/article/065/0000301701
연세대학교,IFM,인천 산하기관 수장 거취 압박 계속...후임 후보설 '솔솔',"송도국제화복합단지개발㈜은 지난 2007년 송도국제도시 내 연세대 국제캠퍼스와 연구·의료시설, 수익용지 등을 개발하기 위해 만들어진 법인이다. 현재 연세대 국제캠퍼스 2단계 사업과 송도 7공구 C1·C2블록 개발사업...",2026-09-18 19:22,https://news.ifm.kr/news/articleView.html?idxno=479815,https://news.ifm.kr/news/articleView.html?idxno=479815
고려대학교,ILYOSEOUL,[로엘 법무법인 김현준 변호사] 수용자의 외로움까지 상품이 된 교도소,고려대학교 법학과 졸업 ▲ 고려대학교 법학전문대학원 우등졸업 ▲ 변호사시험 합격 ▲ 공군 군사법원 수석군판사 ▲공군본부 군인/군무원 징계·징계항고심사위원회 간사 ▲ 공군본부 군인...,2026-09-18 19:14,https://www.ilyoseoul.co.kr/news/articleView.html?idxno=522790,https://www.ilyoseoul.co.kr/news/articleView.html?idxno=522790
고려대학교,더퍼스트미디어,"고려대 안암병원, 이동진료 버스에 스마트 원격진료 인프라 구축…'메디...",사지=고려대 안암병원 고려대학교 안암병원이 이동형 진료버스에 스마트 화상 원격진료 인프라를 구축하고 '메디버스(Medibus)'를 출범했다. 고려대 안암병원은 기존 의료봉사에 활용해 온 이동형 진료버스 '꿈씨(KUM-C)버스...,2026-09-18 19:00,http://www.thefirstmedia.net/news/articleView.html?idxno=209113,http://www.thefirstmedia.net/news/articleView.html?idxno=209113
고려대학교,MEDIAJEJU,제13대 제주문예재단 이사장에 조선희 임명,"조 이사장은 1962년생으로 고려대학교 문학 학사, 제주대학교 대학원 행정학 석사 학위를 취득했다. 제주문화예술재단 경영기획본부장, 사단법인 한국광역문화재단연합회 지역문화정책연구소 사무국장, 사단법인...",2026-09-18 19:00,https://www.mediajeju.com/news/articleView.html?idxno=366371,https://www.mediajeju.com/news/articleView.html?idxno=366371
연세대학교,아주경제,"고려대학교 통일융합연구원, 반기문재단과 29일 한반도 평화 심포지엄 ...",아주경제=이건희 기자 topkeontop12@ajunews.com 고려대학교 통일융합연구원이 보다나은미래를위한 반기문재단과... 이신화 통일융합연구원장이 좌장을 맡고 △권태경 연세대 정보대학원 교수(AI 보안연구회 회장)의 'AI...,2026-09-18 18:56,https://www.ajunews.com/view/20260918183549411,https://www.ajunews.com/view/20260918183549411
고려대학교,아주경제,"고려대학교 통일융합연구원, 반기문재단과 29일 한반도 평화 심포지엄 ...","임재천 고려대 통일선도대학사업단장이 토론자로 나서 중동발 위기의 파급과 한반도 평화의 조건을... 토론에는 남성욱 숙명여자대학교 석좌교수, 임종인 김앤장 고문(전 대통령사이버특보, 고려대 명예교수), 장상식...",2026-09-18 18:56,https://www.ajunews.com/view/20260918183549411,https://www.ajunews.com/view/20260918183549411
고려대학교,루키,"승리로 한숨 돌린 동국대 이호근 감독 ""어려운 경기 잘 따라잡았다""","KUSF 대학농구 U-리그 한양대학교와의 경기에서 87-78로 승리했다. 동국대는 전반까지 11점차로 밀리던 경기를... 끝으로 고려대와의 다음 경기 각오에 대해서는 ""필승이다. 전반적으로 적극성을 가지고 경기에 임하는 게...",2026-09-18 18:55,http://www.rookie.co.kr/news/articleView.html?idxno=127045,https://m.sports.naver.com/basketball/article/398/0000102772
고려대학교,바스켓코리아,"[대학리그] ‘후반 19P+쐐기 3점’ 한재혁, “화려함보다 실속 있는 농구...","동국대는 18일 한양대학교 올림픽체육관에서 열린 2026 KUSF 대학농구 U-리그 남대부 정규리그 경기에서... 다음 경기는 고려대전이다. 지난 5월 27일 64-44로 승리한 기억이 있지만, 결코 방심할 수 없는 상대다. 한재혁도...",2026-09-18 18:44,https://basketkorea.com/news/newsview.php?ncode=1065606210361398,https://m.sports.naver.com/basketball/article/351/0000088275
연세대학교,더팩트,"금호건설, '송도 세브란스병원' 신축공사 우협 선정",금호건설은 연세대학교 의료원이 발주한 '송도 세브란스병원' 신축공사 입찰에서 우선협상대상자로... 최근에는 '원주연세의료원 제2병원 신축공사'를 수주해 착공을 앞두고 있다. 금호건설은 최근 건축 분야의 수주...,2026-09-18 18:31,https://news.tf.co.kr/read/economy/2367750.htm,https://n.news.naver.com/mnews/article/629/0000535236?sid=101
고려대학교,약업신문,"[ODC26]오가노이드, 이제 인체 ‘모사’ 넘어 ‘해석’한다…면역치료·...","선웅 고려대학교 의과대학 교수가 좌장을 맡았다. 칸타스 알레브(Cantas Alev) 교토대학교 교수, 임상호 한국과학기술원(KAIST) 교수, 안준용 고려대학교 교수, 정석 고려대학교 교수는 각각 오가노이드의 새로운...",2026-09-18 18:26,https://www.yakup.com/news/index.html?mode=view&cat=12&nid=332783,https://www.yakup.com/news/index.html?mode=view&cat=12&nid=332783
고려대학교,CELUVMEDIA,"조민, 홈쇼핑 출연 90분 전 취소 통보? ""대내외적 논란 우려""","이에 따라 고려대와 부산대는 조민의 입학 허가 및 의학전문대학원 입학을 취소했다. 조민은 관련 처분에 불복해 소송을 제기했으나 이후 이를 취하했으며, 의사 면허도 취소됐다. 이후 조민은 2024년 11월 스킨케어...",2026-09-18 18:22,http://www.celuvmedia.com/article.php?aid=1789722106527900005,http://www.celuvmedia.com/article.php?aid=1789722106527900005
고려대학교,TV조선,"한투 김남구 회장, 금융인재 찾으러 고려대 캠퍼스 '출격'",한국투자금융지주 김남구 회장이 2026년 하반기 신입사원 공개채용을 위해 모교인 고려대를 찾아... 증권업 전 부문에 걸쳐 진행된다. 이밖에도 김 회장은 내달 1일 서울대학교도 방문해 캠퍼스 리크루팅에 나설 예정이다.,2026-09-18 18:20,https://news.tvchosun.com/site/data/html_dir/2026/09/18/2026091890223.html,https://n.news.naver.com/mnews/article/448/0000640189?sid=101
고려대학교,DAILYPOP,"[줌인] 현대건설, 수전해 대형화 승부수…100MW급 플랜트 설계기술 확보","서울대학교, 고려대학교가 컨소시엄으로 참여한다. 현대건설은 이 가운데 기본설계 패키지 개발과 경제성... 수전해 플랜트 규모가 커질수록 이러한 전력 변동을 고려해 수전해 설비와 전력계통, 보조설비, 저장·운영...",2026-09-18 18:10,http://www.dailypop.kr/news/articleView.html?idxno=102740,http://www.dailypop.kr/news/articleView.html?idxno=102740
연세대학교,머니투데이,"강원대, 실험실특화형 창업경진대회 개최…서울과기대 '사운드케어' 대...","활성화하고 대학원생 창업 역량을 강화하기 위해 마련됐다. 이번 대회에는 강원대 Rootin(김도희), 메디사이트(윤동건), Ultra Vision(서종민), 연세대 미래캠퍼스 ValidFlow(윤철영), 서울과학기술대 사운드케어(정승규) 등 5개...",2026-09-18 18:09,https://www.mt.co.kr/industry/2026/09/18/2026091813360734443,https://n.news.naver.com/mnews/article/008/0005415985?sid=101
고려대학교,팝콘뉴스,"현대건설, 수전해 수소 생산 국제과제 참여...핵심기술 개발 계획",이번 컨소시엄에는 현대엔지니어링·현대자동차·한화글로벌·한국중부발전·미래기준연구소·서울대학교·고려대학교 등이 함께 참여한다. 특히 이번 과제에서는 인공지능(AI) 기술과 동적 시뮬레이션 모델을 도입해...,2026-09-18 18:06,http://www.popcornnews.net/news/articleView.html?idxno=133523,http://www.popcornnews.net/news/articleView.html?idxno=133523
연세대학교,법률신문,"추의정 전 KT 감사실장, 법무법인 LX 합류","추 변호사는 경기여고와 연세대 법대를 졸업하고 제45회 사법시험에 합격했다. 사법연수원 수료 후 2006년... LBOX 사내 변호사, 법무법인 YK 변호사로 일했다. 서울대 법학대학원 박사과정에 재학 중이다.",2026-09-18 18:04,https://www.lawtimes.co.kr/news/articleView.html?idxno=226613,https://www.lawtimes.co.kr/news/articleView.html?idxno=226613
연세대학교,CNB뉴스,"국립창원대, 페루 국립공과대·퍼시픽대와 학술교류 협약","국립창원대학교는 페루 리마를 방문해 페루 국립공과대학교(UNI), 퍼시픽대학교와 각각 학술교류 업무협약... '2026년도 연구안보 역량강화 지원사업'은 국립창원대 및 서울대･연세대･포항공대 등 전국에서 8개 대학만이...",2026-09-18 18:02,https://www.cnbnews.com/news/articleView.html?idxno=1016574,https://www.cnbnews.com/news/articleView.html?idxno=1016574
연세대학교,메가경제,"금호건설, 3910억 규모 ‘송도 세브란스병원’ 신축 우선협상대상자 선...","금호건설(대표이사 조완석)은 학교법인 연세대학교 의료원이 발주한 ‘송도 세브란스병원’ 지상층... 현재 공사비 2272억 원 규모의 ‘원주세브란스기독병원 새병원’ 건립 공사를 수행 중인 데 이어, 최근 ‘원주연세의...",2026-09-18 18:02,https://www.megaeconomy.co.kr/news/newsview.php?ncode=1065603418131913,https://www.megaeconomy.co.kr/news/newsview.php?ncode=1065603418131913
고려대학교,SPORTS,[건설소식] 한화 건설부문·현대건설·IPARK현대산업개발,"한화 건설부문 측은 ""건설현장 내 외국인 근로자 비중이 지속적으로 증가하면서 언어·문화적 차이를 고려... 서울대학교 및 고려대학교와 컨소시엄으로 과제를 수행하며, 현대건설은 기본설계 패키지 개발 및 경제성...",2026-09-18 17:58,https://sports.hankooki.com/news/articleView.html?idxno=6939966,https://sports.hankooki.com/news/articleView.html?idxno=6939966
고려대학교,DATASOM,"현대건설, 대용량 수전해 설계 기술 연구···기본설계·경제성 평가 맡...","수전해 설비의 규모가 커지면서 생산 장치 자체뿐 아니라 전력 조건과 공정 운영을 함께 고려한 설계가... 과제에는 현대엔지니어링, 현대자동차, 한화글로벌, 한국중부발전, 미래기준연구소, 서울대학교, 고려대학교가...",2026-09-18 17:58,https://www.datasom.co.kr/news/articleView.html?idxno=210027,https://www.datasom.co.kr/news/articleView.html?idxno=210027
연세대학교,주간한국,"금호건설, '송도 세브란스병원' 신축공사 수주…3910억원 규모",사진=금호건설  금호건설은 18일 연세대 의료원이 발주한 '송도 세브란스병원' 신축공사 입찰에서... 금호건설은 현재 약 2272억원 규모 '원주세브란스기독병원 새병원'을 진행하고 있고 최근 '원주연세의료원 제2병원...,2026-09-18 17:58,https://weekly.hankooki.com/news/articleView.html?idxno=7185094,https://weekly.hankooki.com/news/articleView.html?idxno=7185094
고려대학교,SAFETIMES,[부고종합·18일] 김병수 연합뉴스 편집총국장 장모상 등,"17일, 고려대학교 안산병원 장례식장 B103호, 발인 19일 오전 9시 30분, 장지 함백산추모공원 ☎ 031-411-4441... 영남대학교병원 장례식장 202호, 발인 19일 오전 7시 30분, 장지 국립대전현충원. ☎ 053-620-4236 ■ 최현미...",2026-09-18 17:50,https://www.safetimes.co.kr/news/articleView.html?idxno=245834,https://www.safetimes.co.kr/news/articleView.html?idxno=245834
연세대학교,SAFETIMES,[부고종합·18일] 김병수 연합뉴스 편집총국장 장모상 등,"고려대학교 안산병원 장례식장 B103호, 발인 19일 오전 9시 30분, 장지 함백산추모공원 ☎ 031-411-4441... 오후, 연세대 세브란스병원 신촌장례식장 3호실, 발인 19일 오전. ☎ 02-2227-7500 ■ 최영수 연합뉴스...",2026-09-18 17:50,https://www.safetimes.co.kr/news/articleView.html?idxno=245834,https://www.safetimes.co.kr/news/articleView.html?idxno=245834
고려대학교,TOURNEWS21,"현대건설, 수전해 수소 생산 핵심 기술 확보 추진","과제는 현대건설이 주관사를 맡아 현대엔지니어링, 현대자동차, 한화글로벌, 한국중부발전, 미래기준연구소, 서울대학교, 고려대학교 등이 참여하는 컨소시엄 형태로 진행되며, 현대건설은 이 가운데 기본설계 패키지...",2026-09-18 17:48,https://www.tournews21.com/news/articleView.html?idxno=143871,https://www.tournews21.com/news/articleView.html?idxno=143871
고려대학교,서울경제,시험 중 챗GPT 쓰다 ‘F학점’…커닝 잡는 프로그램도 등장,18일 국회 교육위원회 소속 박정훈 국민의힘 의원실이 교육부에서 제출받은 자료에 따르면 지난해부터 올해 상반기까지 서울대·연세대·고려대·서강대·성균관대·한양대 등 주요 6개 대학에서 AI를 활용한 시험...,2026-09-18 17:46,https://www.sedaily.com/article/20092780?ref=naver,https://n.news.naver.com/mnews/article/011/0004663436?sid=102
연세대학교,FNTIMES,"금호건설, ‘송도 세브란스병원’ 신축 우선협상대상자 선정","금호건설은 연세대학교 의료원이 발주한 송도 세브란스병원 신축공사 입찰에서 우선협상대상자로... 현재 약 2272억원 규모의 ‘원주세브란스기독병원 새병원’ 공사를 진행하고 있으며, 최근 ‘원주연세의료원...",2026-09-18 17:46,https://www.fntimes.com/html/view.php?ud=202609181742022800048b718333_18,https://www.fntimes.com/html/view.php?ud=202609181742022800048b718333_18
연세대학교,서울신문,두산로보틱스 신임 CEO에 권영민 사장…“경쟁력 강화 기대”,권영민 사장은 1990년 연세대 공과대학을 졸업하고 1999년 미국 일리노이대 경영대학원에서 회계학 석사 학위를 받았다. 이후 2000년 ㈜두산 전략기획본부에 입사한 뒤 그룹 내 주요 계열사에서 전략과 글로벌 사업...,2026-09-18 17:46,https://www.seoul.co.kr/news/economy/industry/2026/09/18/20260918500291?wlog_tag3=naver,https://n.news.naver.com/mnews/article/081/0003681775?sid=101
연세대학교,서울경제,시험 중 챗GPT 쓰다 ‘F학점’…커닝 잡는 프로그램도 등장,해당 프로그램은 다른 대학에서도 관심을 끌고 있다. 연세대 관계자는 “다른 학교에서도 활용하고 싶다는 요청이 있었다”며 “몇몇 대학에는 해당 교수를 통해 프로그램을 제공하고 있다”고 말했다. 교육부도...,2026-09-18 17:46,https://www.sedaily.com/article/20092780?ref=naver,https://n.news.naver.com/mnews/article/011/0004663436?sid=102
연세대학교,주간한국,"연세대 박물관, '2026 박물관·미술관 박람회'서 한글 특별체험터 운영","사진=연세대  연세대 박물관이 대전 DCC 컨벤션센터에서 열리는 '2026 박물관·미술관 박람회'에 참가해 특별체험터 '한글날, 연세가 어떻게 되세요'를 운영한다고 18일 밝혔다. 연세대 박물관은 올해 한글날 제정 100주년을...",2026-09-18 17:44,https://weekly.hankooki.com/news/articleView.html?idxno=7185088,https://weekly.hankooki.com/news/articleView.html?idxno=7185088
연세대학교,BUSINESSPLUS,"금호건설, 송도세브란스병원 지상공사 우선협상대상자 선정","연세대학교 국제캠퍼스에 송도세브란스병원을 건립하는 프로젝트다. 병원은 지하 3층~지상 13층, 연면적 약 14만5000㎡, 800병상 규모로 조성될 예정이다. 전체 공사 예정금액은 3910억원이다. 금호건설은 이달 중 연세의료...",2026-09-18 17:42,https://www.businessplus.kr/news/articleView.html?idxno=117101,https://www.businessplus.kr/news/articleView.html?idxno=117101
고려대학교,ECONOMYTALK,"[AX·6G①] 새 통신서비스의 문턱 낮추자… KT, 출시 후 검증 제안",9월17일 서은일 KT 통신정책담당은 서울 중구 한국프레스센터에서 열린 고려대학교 기술법정책센터 제87회 정기세미나 'AX와 6G 시대를 대비한 통신산업의 과제'에서 혁신 서비스의 진입 여건을 개선할 필요가 있다고...,2026-09-18 17:40,http://www.economytalk.kr/news/articleView.html?idxno=424219,http://www.economytalk.kr/news/articleView.html?idxno=424219
연세대학교,뉴데일리경제,"두산로보틱스, 1년7개월 만에 돌연 수장 교체 … 권영민 신임 CEO 선임",권 사장은 1967년생으로 연세대학교 공과대학을 졸업하고 미국 일리노이대학교 경영대학원에서 회계학 석사학위를 받았다. 두산로보틱스 관계자는 “글로벌 사업과 경영 전반에서 쌓은 경험을 바탕으로...,2026-09-18 17:40,https://biz.newdaily.co.kr/site/data/html/2026/09/18/2026091800309.html,https://biz.newdaily.co.kr/site/data/html/2026/09/18/2026091800309.html
연세대학교,메디파나뉴스,"질병관리청, '국가 노쇠 표준 정의 수립' 전문가 공청회 개최","토론자로는 ▲원장원 교수(경희대학교, 대한노쇠·내재역량학회) ▲김정선 교수(전남대학교, 한국노년학회) ▲유준일 교수(인하대학교, 대한근감소증학회) ▲이경희 교수(연세대학교, 한국지역사회간호학회) ▲고홍섭 교수...",2026-09-18 17:40,https://www.medipana.com/news/articleView.html?idxno=417916,https://www.medipana.com/news/articleView.html?idxno=417916
연세대학교,코메디닷컴,"일본, 25문항으로 노쇠 판별⋯한국은 '국가 기준' 없다","원장원 경희대 교수(대한노쇠·내재역량학회), 김정선 전남대 교수(한국노년학회), 유준일 인하대 교수(대한근감소증학회), 이경희 연세대 교수(한국지역사회간호학회), 고홍섭 서울대 교수(대한노년치의학회), 김유미...",2026-09-18 17:38,https://kormedi.com/?p=2869986,https://n.news.naver.com/mnews/article/296/0000105050?sid=103
연세대학교,부산일보,"두산로보틱스, 신임 최고경영자에 권영민 사장 선임",18일 두산로보틱스에 따르면 권 사장은 1990년 연세대학교 공과대학을 졸업하고 1999년 미국 일리노이대학교 경영대학원에서 회계학 석사 학위를 받았다. 2000년 두산 전략기획본부에 입사해 그룹 내 주요 계열사에서...,2026-09-18 17:38,https://www.busan.com/view/busan/view.php?code=2026091817351653301,https://n.news.naver.com/mnews/article/082/0001399017?sid=101
고려대학교,엑스포츠뉴스,"루시 최상엽, 서강준·안은진 멜로에 감성 추가…'너다연' OST 출격","이 가운데 루시는 오는 10월 23~25일 사흘간 서울 고려대학교 화정체육관에서 앙코르 콘서트 '2026 LUCY 9TH CONCERT 'ISLAND' ENCORE IN SEOUL'을 연다. 멜론티켓을 통해 17일 오후 8시부터 팬클럽 선예매가 시작됐으며, 22일...",2026-09-18 17:36,https://www.xportsnews.com/article/2197256,https://m.entertain.naver.com/article/311/0002058569
연세대학교,톱스타뉴스,"권은비, 새 싱글 '데자부' 앞두고 감각적 비주얼 공개","2022년 세종대학교 대양홀에서 열린 첫 단독 콘서트 'Secret Doors'를 시작으로, 2023년 블루스퀘어 마스터카드홀에서 열린 콘서트 'QUEEN', 2025년 연세대학교 대강당에서 열린 콘서트 'THE RED' 등을 통해 솔로 곡들을...",2026-09-18 17:36,https://www.topstarnews.net/news/articleView.html?idxno=16198570,https://www.topstarnews.net/news/articleView.html?idxno=16198570
연세대학교,전남일보,두산로보틱스 권영민 사장 신임 CEO 선임,권영민 사장은 1967년생으로 연세대 공과대를 졸업한 뒤 미국 일리노이대학교 경영대학원에서 회계학 석사 학위를 취득했다. 권 사장은 2000년 ㈜두산 전략기획본부에 입사해 두산밥캣에서 2018년부터 2020년까지...,2026-09-18 17:36,https://www.jnilbo.com/news/articleView.html?idxno=90000066998,https://www.jnilbo.com/news/articleView.html?idxno=90000066998
고려대학교,인사이트,"용혜인 남편 박기홍, 과거 발언 논란... ""용혜인처럼 입어라"" 외모 비교...","대학생 이미지가 괜히 나온 게 아니다""라는 발언도 했다. 여성을 비하하는 발언도 반복됐다. 박 최고위원은... 우리(고려대)는 애들이 알바를 안 한다""고 말했다. 피해자들은 박 최고위원이 대표직을 내려놓은 뒤에도...",2026-09-18 17:36,https://www.insight.co.kr/news/574222,https://www.insight.co.kr/news/574222
연세대학교,메가경제,"두산로보틱스, 권영민 신임 CEO 선임…글로벌 로봇성장 전략 가속",권 사장은 연세대 공과대학을 졸업하고 미국 일리노이대학교 경영대학원에서 회계학 석사 학위를 취득했다. 전략·재무 역량과 글로벌 사업 경험을 바탕으로 두산로보틱스의 중장기 성장 기반 마련에 나서게 된다. 이후...,2026-09-18 17:36,https://www.megaeconomy.co.kr/news/newsview.php?ncode=1065593436324724,https://www.megaeconomy.co.kr/news/newsview.php?ncode=1065593436324724
고려대학교,한국경제,"현대건설, 수소 양산기술 확보 나선다","주관사인 현대건설은 현대엔지니어링, 현대자동차, 한화글로벌, 한국중부발전, 미래기준연구소, 서울대, 고려대 등과 컨소시엄을 구성해 과제를 수행한다. 이 가운데 현대건설은 기본설계 패키지 개발과 경제성 평가를...",2026-09-18 17:35,https://www.hankyung.com/article/2026091844831,https://n.news.naver.com/mnews/article/015/0005333963?sid=101
고려대학교,BBS NEWS,[인사]과학기술정보통신부 인공지능정책실장 엄열,"1970년생으로 고려대를 나와 행정고시 41회에 공직에 입문했으며 과학기술정보통신부 인공지능기반정책관, 인공지능정책기획관, 인공지능정책실장 등을 역임했습니다. 엄열 인공지능정책실장은 1971년생으로 서울대를...",2026-09-18 17:34,https://news.bbsi.co.kr/news/articleView.html?idxno=4107489,https://news.bbsi.co.kr/news/articleView.html?idxno=4107489
고려대학교,뉴데일리,"李, '공소취소 조항' 내주면서 … '김승원-조작기소 특검' 쌍끌이로 '재...","이에 대해 장영수 고려대 법학전문대학원 교수는 지난 5월 본지 인터뷰에서 ""자기가 이해당사자인 사건에서... 이 대통령은 김 후보자에 대해 ""아직 최종 결론을 내지 못했다""며 ""국민의 눈높이 등을 고려해 신중하게...",2026-09-18 17:30,https://www.newdaily.co.kr/site/data/html/2026/09/18/2026091800268.html,https://www.newdaily.co.kr/site/data/html/2026/09/18/2026091800268.html
연세대학교,BUSINESSPOST,"금호건설, 송도 세브란스병원 신축공사 우선협상대상자로 뽑혀",금호건설은 18일 연세대학교 의료원이 발주한 '송도 세브란스병원' 신축공사 입찰에서 우선협상대상자에 선정됐다고 밝혔다. 이번 사업은 인천시 연수구 송도국제도시 7공구 연세대학교 국제캠퍼스 안에 지하 3층~지상...,2026-09-18 17:30,https://www.businesspost.co.kr/BP?command=article_view&num=447617,https://www.businesspost.co.kr/BP?command=article_view&num=447617
연세대학교,베리타스알파,"[단독] 세화고 2027입시가이드북 '주목'.. 수능만점자, 서울대의대 합격...","세화고는 최근 3년간 매년 SKY(서울대, 고려대, 연세대) 합격자 95명 이상, 의학계열 합격자 100명 이상을... 2026학년도 수능 만점자, 서울대 의대 합격자 등 학종과 논술 등으로 최상위권 대학에 합격한 사례들이...",2026-09-18 17:30,https://www.veritas-a.com/news/articleView.html?idxno=628744,https://www.veritas-a.com/news/articleView.html?idxno=628744
연세대학교,4TH,두산로보틱스 새 CEO에 권영민…글로벌 사업 경험 전면에,"권 사장은 1990년 연세대학교 공과대학에서 학사 학위를 받았으며 1999년 미국 일리노이대학교 경영대학원에서 회계학 석사 학위를 취득했다. 두산로보틱스 관계자는 ""글로벌 사업과 경영 전반에서 쌓은 경험을...",2026-09-18 17:30,http://www.4th.kr/news/articleView.html?idxno=2118367,http://www.4th.kr/news/articleView.html?idxno=2118367
고려대학교,베리타스알파,'수시 먹통 어플라이' 왜 공공체제가 필수일까.. '공정성 상징 국가고시...,"무엇보다 현 원서접수 시스템을 대학이나 업체가 아닌 수요자 관점에서 바라봐야 한다는 지적이다.... 2025정시에서는 부산대 의예, 원광대 치의예(인문), 고려대 산업경영공 등에 실제 지원 여부가 확인되지 않은 '미인증...",2026-09-18 17:30,https://www.veritas-a.com/news/articleView.html?idxno=628734,https://www.veritas-a.com/news/articleView.html?idxno=628734
연세대학교,베리타스알파,[단독] [2027대입잣대] 상위15개대 '학점 인플레 최소' 서강대 31.4% '4년...,숙명여대 연세대 이화여대 인하대 중앙대 한국외대 한양대) 가운데 대기업 인사담당자들이 가장 눈여겨 보는 학점인플레 최소 대학(전공A학점 최소)은 2022년부터 4년째 서강대다. 대학알리미 '전공과목...,2026-09-18 17:30,https://www.veritas-a.com/news/articleView.html?idxno=628737,https://www.veritas-a.com/news/articleView.html?idxno=628737
고려대학교,베리타스알파,"[단독] 세화고 2027입시가이드북 '주목'.. 수능만점자, 서울대의대 합격...","고려대 경영대학에 논술로 합격한 졸업생은 ""논술 역량을 키우려면 독서와 일기 쓰기가 가장 중요하다""고 조언했고, 한양대와 인하대 의예과에 논술로 합격한 졸업생은 ""1, 2학년 수학 내신을 준비하며 다양한 문제를...",2026-09-18 17:30,https://www.veritas-a.com/news/articleView.html?idxno=628744,https://www.veritas-a.com/news/articleView.html?idxno=628744
고려대학교,서울경제,5G·전술폰으로 미래전장 실시간 통솔…국방AX 주도권 쥐려는 삼성,강석중 고려대 기술경영전문대학원 교수는 “(총 3단계 사업으로 진행되는) KCCS에서 1단계 사업을 수주한 곳이 2단계·3단계 사업에서도 유리한 측면이 있다”면서 “지금은 AI·클라우드의 전문성을 가진 기업들과...,2026-09-18 17:29,https://www.sedaily.com/article/20092754?ref=naver,https://n.news.naver.com/mnews/article/011/0004663416?sid=105
연세대학교,헤럴드경제,"안젤리나 졸리 장남, 결국 아빠 성 ‘피트’ 지웠다…법적 ‘개명’ 완...","매덕스는 2019년 연세대학교 언더우드국제대학에 입학해 국내에서도 주목받은 바 있다. 눈길을 끄는 건 ‘피트’를 지운 자녀가 매덕스 한명이 아니라는 점이다. 안젤리나 졸리와 브래드 피트 슬하에는 매덕스, 팍스...",2026-09-18 17:26,https://biz.heraldcorp.com/article/10878833?ref=naver,https://m.entertain.naver.com/article/016/0002699522
고려대학교,한국대학신문,"교육부, 초광역 성장엔진 인재육성 모델 6개 확정… ""산업 연계‧대학 ...","세종‧충북 권역은 고려대 세종캠퍼스를 주관대학으로 반도체 분야 2,800명을, 전남‧광주 권역은 국립목포대를 주관대학으로 재생에너지 분야 1,500명을 목표로 잡았다. 전북‧경기 권역은 우석대가 주관해 수소와...",2026-09-18 17:24,https://news.unn.net/news/articleView.html?idxno=597640,https://news.unn.net/news/articleView.html?idxno=597640
고려대학교,아이뉴스24,"현대건설, 제주서 닦은 수전해 기술…100MW로 키운다","현대건설이 주관사로 참여하며 현대엔지니어링, 현대자동차, 한화글로벌, 한국중부발전, 미래기준연구소, 서울대, 고려대 등과 컨소시엄을 꾸린다. 현대건설은 기본설계 패키지 개발과 경제성 평가를 맡는다. 인공지능...",2026-09-18 17:22,http://www.inews24.com/view/2007304,https://n.news.naver.com/mnews/article/031/0001059819?sid=101
연세대학교,HUFFINGTONPOST,두산로보틱스 신임 대표이사에 권영민 두산모트롤 대표 내정 : 휴머노이...,권 사장은 1967년생으로 연세대학교 공과대학을 졸업하고 미국 일리노이대학교에서 경영대학원 회계학 석사학위를 받았다. 2000년 두산 전략기획본부로 입사해 2008년 두산 지주부문 상무에 올랐다. 2010년부터 2017년까지...,2026-09-18 17:20,https://www.huffingtonpost.kr/article/260653,https://www.huffingtonpost.kr/article/260653
연세대학교,BUSINESSPOST,두산로보틱스 신임 최고경영자(CEO)으로 권영민 사장 선임,"권 사장은 1967년생으로 연세대학교 공과대학을 졸업하고, 미국 일리노이대학교 경영대학원에서 회계학 석사를 취득했다. 한편 지금까지 대표이사로 회사를 이끌어온 김민표 부사장의 거취는 아직 정해지지 않았다.",2026-09-18 17:20,https://www.businesspost.co.kr/BP?command=article_view&num=447612,https://www.businesspost.co.kr/BP?command=article_view&num=447612
연세대학교,ATSTAR1,HYNN(박혜원) 팬들 노린 '가짜 계정' 등장…소속사 직접 경고,앞서 HYNN(박혜원)은 지난 8월 15일과 16일 연세대학교 대강당에서 여름 단독 콘서트 'Midnight Blue : Luna-rium'을 열고 약 2000명의 관객과 만났다. (사진=뉴오더엔터테인먼트),2026-09-18 17:19,http://www.atstar1.com/news/articleView.html?idxno=6038835,https://m.entertain.naver.com/article/415/0000052100
연세대학교,MEDIAPEN,"금호건설, 송도 세브란스병원 우협 선정…원주 경험 잇는다","송도 세브란스병원 조감도./사진=금호건설 금호건설은 18일 연세대학교 의료원이 발주한 송도 세브란스병원... 현재 약 2272억 원 규모의 원주세브란스기독병원 새병원 공사를 진행하고 있으며, 최근에는 원주연세의료원...",2026-09-18 17:18,https://www.mediapen.com/news/view/1124688,https://www.mediapen.com/news/view/1124688
연세대학교,THEPOWERNEWS,전주미래도시포럼 성료… 글로벌 관광도시 청사진 제시,특히 모종린 연세대학교 국제대학원 교수는 전주가 한옥마을뿐 아니라 객리단길 등 원도심 골목 자원을... 디킨대학교 헌터 퓨잭 교수는 최근 여행 트렌드로 떠오른 운동과 여행을 결합한 ‘스웨트 제팅(Sweat Jetting)’과...,2026-09-18 17:18,https://www.thepowernews.co.kr/view.php?ud=2026091817125657633dfcd109a8_7,https://www.thepowernews.co.kr/view.php?ud=2026091817125657633dfcd109a8_7
연세대학교,IMINJU,[민주 부동산] 금호건설·IPARK현대산업개발·한화 건설부문,"민주신문=이한호 기자｜금호건설이 연세대학교 의료원이 발주한 '송도 세브란스병원' 신축공사 입찰에서... 금호건설은 현재 약 2272억 원 규모의 원주세브란스기독병원 새병원 공사를 진행 중이며, 원주연세의료원...",2026-09-18 17:18,http://www.iminju.net/news/articleView.html?idxno=169768,http://www.iminju.net/news/articleView.html?idxno=169768
고려대학교,NEWS2DAY,"현대건설, 100MW급 수전해 플랜트 국책과제 주관사 참여","이번 연구에는 현대엔지니어링, 현대자동차, 한화글로벌, 한국중부발전, 미래기준연구소, 서울대, 고려대 등이 산학연 컨소시엄 형태로 함께 참여한다. 현대건설은 전북 부안의 수전해 수소생산기지와 제주 5MW급...",2026-09-18 17:18,https://www.news2day.co.kr/article/20260918500215,https://www.news2day.co.kr/article/20260918500215
연세대학교,신아일보,두산로보틱스 새 수장에 권영민…'글로벌 전략통' 전면 배치,1967년생인 권 사장은 연세대 공과대학을 졸업하고 미국 일리노이대 경영대학원에서 회계학 석사 학위를 받았다. 2000년 두산 전략기획본부에 입사하며 두산그룹과 인연을 맺었다. 이후 2008년부터 2009년까지 두산...,2026-09-18 17:16,https://www.shinailbo.co.kr/news/articleView.html?idxno=5063998,https://www.shinailbo.co.kr/news/articleView.html?idxno=5063998
연세대학교,IROBOTNEWS,두산로보틱스 새 CEO에 권영민 사장 선임,신임 권 사장은 1967년생으로 연세대 공대를 졸업하고 미국 일리노이대학교 경영대학원에서 회계학 석사 학위를 취득했다. 권 사장은 2000년 ㈜두산 전략기획본부에 입사해 폭넓은 경험을 쌓아 왔다. 2018년부터...,2026-09-18 17:16,https://www.irobotnews.com/news/articleView.html?idxno=48590,https://www.irobotnews.com/news/articleView.html?idxno=48590
고려대학교,SMARTBIZN,"현대건설, 100MW급 수전해 시장 겨냥···대형 플랜트 설계기술 확보 나...","이번 국책과제는 현대건설이 주관하며 현대엔지니어링, 현대자동차, 한화글로벌, 한국중부발전, 미래기준연구소, 서울대학교, 고려대학교 등이 컨소시엄으로 참여한다. 현대건설은 이 가운데 기본설계 패키지 개발과...",2026-09-18 17:14,https://www.smartbizn.com/news/articleView.html?idxno=154358,https://www.smartbizn.com/news/articleView.html?idxno=154358
연세대학교,NEWSCLAIM,[삼성 인사 전망] 지난해 자리 바꾼 경영진들 지금은…,게이오대 대학원과 미국 하버드대 경영대학원 박사과정을 거쳤다. 2012년 부회장에 오른 뒤 2022년 10월... 연세대 전자공학과를 졸업하고 포항공대에서 전자전기공학 석·박사 과정을 마쳤다. 1997년 삼성전자...,2026-09-18 17:14,https://www.newsclaim.co.kr/news/articleView.html?idxno=3075904,https://www.newsclaim.co.kr/news/articleView.html?idxno=3075904
고려대학교,의학신문,"간호·간병통합서비스, 병상 확대서 '질·인력' 중심으로 전환되나",정은경 보건복지부 장관은 18일 고려대학교 구로병원을 방문해 간호·간병통합서비스 병동 운영 현황을... 병동지원인력을 확대하고 의료기관의 운영 여건을 고려한 합리적인 보상체계를 마련해야 한다는 건의도 나왔다....,2026-09-18 17:14,https://www.bosa.co.kr/news/articleView.html?idxno=3012466,https://www.bosa.co.kr/news/articleView.html?idxno=3012466
연세대학교,이뉴스투데이,"금호건설, '송도 세브란스병원' 신축공사 입찰서 우선협상대상자 선정","금호건설은 연세대학교 의료원이 발주한 '송도 세브란스병원' 신축공사 입찰에서 우선협상대상자로... 현재 약 2272억원 규모의 '원주세브란스기독병원 새병원'을 진행하고 있으며, 최근에는 '원주연세의료원 제2병원...",2026-09-18 17:12,http://www.enewstoday.co.kr/news/articleView.html?idxno=2472338,http://www.enewstoday.co.kr/news/articleView.html?idxno=2472338
연세대학교,KFENEWS,"금호건설, 송도 세브란스병원 신축공사 우선협상자 선정",금호건설은 18일 연세대학교 의료원이 발주한 '송도 세브란스병원' 신축공사 입찰에서 우선협상대상자로... 최근에는 '원주연세의료원 제2병원 신축공사'를 수주해 착공을 앞두고 있다. 최근 금호건설은 건축 분야 수주...,2026-09-18 17:10,https://www.kfenews.co.kr/news/articleView.html?idxno=664947,https://www.kfenews.co.kr/news/articleView.html?idxno=664947
연세대학교,IMINJU,"두산로보틱스, 권영민 사장 신임 CEO로 선임…중장기 성장전략 강화","권 사장은 연세대학교 공과대학을 졸업한 뒤 미국 일리노이대학교 경영대학원에서 회계학 석사 학위를 받았다. 두산로보틱스 관계자는 ""글로벌 사업과 경영 전반에서 쌓은 경험을 바탕으로 두산로보틱스의 중장기...",2026-09-18 17:10,http://www.iminju.net/news/articleView.html?idxno=169767,http://www.iminju.net/news/articleView.html?idxno=169767
고려대학교,IMINJU,[민주 부동산] HL D&I한라·현대건설·두산건설,"서울대, 고려대가 참여한다. 현대건설은 기본설계 패키지 개발과 경제성 평가를 맡으며 AI와 동적... 지원 자격은 4년제 대학 졸업자 또는 2027년 2월 졸업예정자, 어학 기준 충족자, 병역필 또는 면제자 등이다. 모집...",2026-09-18 17:10,http://www.iminju.net/news/articleView.html?idxno=169765,http://www.iminju.net/news/articleView.html?idxno=169765
고려대학교,비욘드포스트,"현대건설, 100MW 이상급 수전해 플랜트 설계기술 개발","현대건설은 현대엔지니어링, 현대자동차, 한화글로벌, 한국중부발전, 미래기준연구소, 서울대학교, 고려대학교와 컨소시엄을 구성했다. 이 가운데 현대건설은 기본설계 패키지 개발과 경제성 평가를 담당한다. 설계...",2026-09-18 17:08,http://www.beyondpost.co.kr/view.php?ud=202609181705421663205868f676_30,http://www.beyondpost.co.kr/view.php?ud=202609181705421663205868f676_30
연세대학교,코메디닷컴,“얼굴 작아지고 피부 탄력도 좋아져”⋯ ‘이 방법’ 정말 효과 있나?,얼굴 마사지하면 정말 작아질까 국제학술지《미용피부과학저널(Journal of Cosmetic Dermatology)》에는 연세대 등 연구팀이 20~50세 여성 34명을 괄사 집단과 얼굴 롤러 집단으로 나눠서 실험한 연구 결과가 실렸다. 33명의...,2026-09-18 17:06,https://kormedi.com/?p=2866452,https://n.news.naver.com/mnews/article/296/0000105045?sid=103
연세대학교,국민일보,‘오르가니스트 부부’ 라트리·이신영 “서로의 교감을 음악으로 확장...,그리고 이신영은 연세대와 파리 스톨라 칸토룸을 거쳐 파리국립고등음악원에서 라트리와 미셸 부바르를 사사하며 최고연주자과정까지 마쳤다. 2007년 리옹 생 프랑수아 국제 오르간 콩쿠르 1위 등 국제 무대에 두각을...,2026-09-18 17:05,https://www.kmib.co.kr/article/view.asp?arcid=9000013454&cp=nv,https://n.news.naver.com/mnews/article/005/0001873892?sid=103
고려대학교,TV조선,간호·간병 통합서비스 병상 9만개 돌파…10년 새 12배로 증가,필요도를 고려한 인력 배치 기준을 마련하는 등 서비스 질을 높여왔다고 설명했다. 정은경 보건복지부 장관은 이날 2016년부터 간호·간병 통합서비스를 운영해온 고려대 구로병원을 찾아 서비스 병동 운영 현황을...,2026-09-18 17:02,https://news.tvchosun.com/site/data/html_dir/2026/09/18/2026091890207.html,https://n.news.naver.com/mnews/article/448/0000640172?sid=102
연세대학교,미디어파인,두산로보틱스 신임 CEO에 권영민 사장 선임,1967년생인 권 사장은 연세대학교 공과대학을 졸업한 뒤 미국 일리노이대학교 경영대학원에서 회계학 석사 학위를 받았다. 권 사장은 2000년 ㈜두산 전략기획본부에 입사한 이후 그룹 내 주요 사업을 두루 경험했다....,2026-09-18 17:00,https://www.mediafine.co.kr/news/articleView.html?idxno=90168,https://www.mediafine.co.kr/news/articleView.html?idxno=90168
연세대학교,ECONONEWS,[인사] 연세대학교 의료원,◇ 의과대학 ▲피부생물학연구소장 박창욱 ◇ 보건대학원 ▲산업환경보건학과 주임교수 김치년 ◇용인세브란스병원 ▲간담췌외과장 최문석 ▲갑상선내분비외과장 이초록 ▲대장항문외과장 김태형 ▲소아외과장 호인걸...,2026-09-18 17:00,http://www.econonews.co.kr/news/articleView.html?idxno=444563,http://www.econonews.co.kr/news/articleView.html?idxno=444563
연세대학교,스마트투데이,"금호건설, 송도세브란스병원 신축공사 우선협상대상자 선정",금호건설은 송도세브란스병원 신축공사 우선협상대상자로 선정됐다고 18일 공시했다. 학교법인 연세대학교 의료원이 발주한 공사로 예상 공사비는 3910억원(부가세 제외)이다. 오는 2028년 11월말까지 공사가 진행된다.,2026-09-18 17:00,https://www.smarttoday.co.kr/ko-kr/articles/111820,https://www.smarttoday.co.kr/ko-kr/articles/111820
연세대학교,INCHEONIN,송도세브란스병원 지상공사 우선협상자 금호건설 선정,"송도 세브란스병원은 송도 7공구 연세대 국제캠퍼스 내 8만5900㎡ 부지에 지하 3층~지상 13층, 800병상 규모로 건립하는 사업이다. 연세의료원은 당초 송도세브란스를 2024년까지 완공한다고 발표했지만 공사비 부족 문제...",2026-09-18 16:56,http://www.incheonin.com/news/articleView.html?idxno=120915,http://www.incheonin.com/news/articleView.html?idxno=120915
연세대학교,POINTE,"두산로보틱스, 신임 대표에 권영민 사장 선임…글로벌 경영 역량으로 성...",풍부한 글로벌 경영 및 전략 요직 거친 전문 경영인 1967년생인 권영민 신임 사장은 연세대학교 공과대학을 졸업하고 미국 일리노이대학교 경영대학원에서 회계학 석사 학위를 취득했다. 지난 2000년 ㈜두산...,2026-09-18 16:56,https://www.pointe.co.kr/news/articleView.html?idxno=84973,https://www.pointe.co.kr/news/articleView.html?idxno=84973
연세대학교,화이트페이퍼,"두산로보틱스, 신임 CEO에 권영민 두산모트롤 대표 선임","1967년생인 권 사장은 연세대 공과대를 졸업하고 미국 일리노이대 경영대학원에서 회계학 석사학위를 취득했다. 두산로보틱스 관계자는 ""글로벌 사업과 경영 전반에서 쌓은 경험을 바탕으로 두산로보틱스의...",2026-09-18 16:56,http://www.whitepaper.co.kr/news/articleView.html?idxno=267035,http://www.whitepaper.co.kr/news/articleView.html?idxno=267035
고려대학교,쿠키뉴스,"고대안암병원, 의료봉사 현장·전문의 잇는 ‘메디버스’ 출범",쿠키뉴스=배준열 기자 | 고려대학교안암병원이 의료봉사 현장과 병원 전문의를 실시간으로 연결하는 이동형 진료버스 ‘메디버스(Medibus)’를 출범했다. 고대안암병원은 기존 이동진료 버스인 ‘꿈씨(KUM-C)버스’에...,2026-09-18 16:52,https://www.kukinews.com/article/view/kuk202609180154,https://www.kukinews.com/article/view/kuk202609180154
연세대학교,전자신문,"두산로보틱스, 신임 대표에 권영민 사장","1967년생인 권 사장은 미국 일리노이대학교 경영대학원 회계학 석사 학위를, 연세대학교 공과대학에서는 학사 학위를 각각 받았다. 두산로보틱스 관계자는 “글로벌 사업과 경영 전반에서 쌓은 경험을 바탕으로...",2026-09-18 16:52,https://www.etnews.com/20260918000281,https://n.news.naver.com/mnews/article/030/0003468318?sid=101
연세대학교,뉴스웍스,새 사령탑 찾은 두산로보틱스…권영민 前 두산모트롤 대표 '낙점',"권 사장은 1967년생으로, 연세대 공과대학을 졸업하고 미국 일리노이대 경영대학원에서 회계학 석사를 받았다. 권 사장은 2000년 ㈜두산 전략기획본부에 입사해 두산에 합류했다. 이후 ▲㈜두산 지주부문 상무(2008...",2026-09-18 16:52,https://www.newsworks.co.kr/news/articleView.html?idxno=854247,https://www.newsworks.co.kr/news/articleView.html?idxno=854247
고려대학교,한스경제,"에경연, 개원 40주년 국제 정책세미나 개최",제1세션에서는 손양훈 인천대학교 명예교수를 좌장으로 지정학적 불확실성 확대에 따른 글로벌... 제2세션에서는 조용성 고려대학교 교수를 좌장으로 AI 시대 급증하는 전력수요에 대응하면서 탄소중립과 산업경쟁력을...,2026-09-18 16:48,http://www.hansbiz.co.kr/news/articleView.html?idxno=866633,http://www.hansbiz.co.kr/news/articleView.html?idxno=866633
연세대학교,ZIKSIR,"두원공대 작업치료과, 보건소·보건의료원 등 지역사회 재활 현장 곳곳...","(왼쪽부터 시계방향으로) 서은혜(연세대학교 일반대학원 재학), 임보견(청송군보건의료원 근무), 정민수(전 양천구보건소 근무·현 간호학과 4학년 재학), 한서현(서초구보건소 근무). [두원공과대학교 작업치료과] 고명숙...",2026-09-18 16:48,https://www.ziksir.com/news/articleView.html?idxno=146949,https://www.ziksir.com/news/articleView.html?idxno=146949
고려대학교,노컷뉴스,북미정상회담 가능한가? 북한연구소 전문가 세미나 개최,"두 번째 발표는 정구연 강원대 교수가 '미국 중간선거와 북미 정상회담 전망'을 주제로 발표를 하며, 손대권 서강대 교수와 이정호 고려대 교수가 토론자로 나서 정책적 대응 방향을 모색할 예정이다. 북한연구소는 임채욱...",2026-09-18 16:47,https://www.nocutnews.co.kr/news/6580640?utm_source=naver&utm_medium=article&utm_campaign=20260918044659,https://n.news.naver.com/mnews/article/079/0004191064?sid=100
고려대학교,KNPNEWS,국내외 에너지전문가 '에너지·기후·번영의 미래' 해법 모색,"제1세션에서는 손양훈 인천대학교 명예교수를 좌장으로, 지정학적 불확실성이 확대되는 상황에서... 제2세션에서는 조용성 고려대학교 교수를 좌장으로, AI 시대에 급증하는 전력수요에 대응하면서 탄소중립과...",2026-09-18 16:46,http://www.knpnews.com/news/articleView.html?idxno=34521,http://www.knpnews.com/news/articleView.html?idxno=34521
고려대학교,머니투데이,"치과에서 '석션' 해주는 AI로봇…덴탈로보틱스, 시드투자 유치",덴탈로보틱스는 지난 5월 로봇을 처음 고개하고 송인석 고려대학교 안암병원 구강악안면외과 교수팀과 안전성·유효성 검증 임상 협력을 진행하고 있다. 국내 2등급 의료기기 인허가를 시작으로 디지털 의료기기...,2026-09-18 16:45,https://www.mt.co.kr/future/2026/09/18/2026091815044963489,https://n.news.naver.com/mnews/article/008/0005415937?sid=101
고려대학교,DOCTORSTIMES,[오늘의 인사 및 동정] 9월 18일,"■윤영훈 고려대 구로병원 응급의학과 교수, 'EMS KOREA 2026'서 소방청장 표창 수상 고려대 구로병원(원장... 경북대학교 의과대학 의학과 권태환 교수(생화학세포생물학 교실) 연구팀이 우리 몸의 수분 균형을...",2026-09-18 16:40,http://www.doctorstimes.com/news/articleView.html?idxno=240082,http://www.doctorstimes.com/news/articleView.html?idxno=240082
연세대학교,DNEWS,두산로보틱스 새 CEO에 권영민 두산모트롤 대표,권 사장은 1967년생으로 연세대학교 공과대학을 졸업하고 미국 일리노이대학교 경영대학원에서 회계학 석사를 받았다. 2000년 ㈜두산 전략기획본부에 입사해 2008년부터 2009년까지 ㈜두산 지주부문 상무를...,2026-09-18 16:40,https://www.dnews.co.kr/uhtml/view.jsp?idxno=202609181631259710706,https://www.dnews.co.kr/uhtml/view.jsp?idxno=202609181631259710706
고려대학교,DOCTORSTIMES,[병원계 소식] 9월 18일,"■고려대의료원·고려대의대 교우회, 스리랑카 이주노동자 위한 의료봉사 펼쳐 고려대의료원(의무부총장... 양산부산대학교병원 등 3개 대학병원 바이오 코어 구축 사업단이 공동으로 마련한 자리로 벤처캐피털(VC)...",2026-09-18 16:40,http://www.doctorstimes.com/news/articleView.html?idxno=240079,http://www.doctorstimes.com/news/articleView.html?idxno=240079
연세대학교,INDUSTRYNEWS,"농진청, AI 시대 농업 연구인재 육성 방안 모색","농촌진흥청은 지난 17일 본청 농업과학도서관에서 전국농학계대학장협의회(농대협)... 1부 공동 학술 토론회에서는 연세대학교 김남주 인공지능(AI)혁신연구원 에듀테크센터장이 '인공지능(AI) 시대, 미래 연구자에게...",2026-09-18 16:38,https://www.industrynews.co.kr/news/articleView.html?idxno=86271,https://www.industrynews.co.kr/news/articleView.html?idxno=86271
연세대학교,FNTIMES,"""세후 자산 수익률 1위 서울부동산…생산적금융 위한 금융세제 개선 필...","이날 패널토론은 신진영 연세대 경영대학 교수가 좌장으로, 강신우 스틱인베스트먼트 대표이사, 윤영진 한양대 경제금융대학 교수, 이기백 한국벤처캐피탈협회 정책사업본부장, 이민우 한국성장금융 투자운용본부장...",2026-09-18 16:38,https://www.fntimes.com/html/view.php?ud=202609181539599065179ad43907_18,https://www.fntimes.com/html/view.php?ud=202609181539599065179ad43907_18
연세대학교,ECONOVILL,"두산로보틱스, 신임 대표에 권영민 두산모트롤 사장 선임",※권영민 두산로보틱스 신임 대표 약력 ○ 학력 - 1999 美 일리노이대학교 경영대학원 회계학 석사 - 1990 연세대학교 공과대학 학사 ○ 주요 경력 - 2021년 1월~2026년 9월 두산모트롤㈜ 대표이사 - 2018년~2020년...,2026-09-18 16:38,https://www.econovill.com/news/articleView.html?idxno=751288,https://www.econovill.com/news/articleView.html?idxno=751288
연세대학교,디지털데일리,두산로보틱스 새 수장에 권영민…글로벌 사업 경험 앞세운다,권 사장은 1967년생으로 연세대학교 공과대학을 졸업했다. 1999년 미국 일리노이대학교 경영대학원에서 회계학 석사 학위를 받았다. 두산로보틱스 관계자는 “글로벌 사업과 경영 전반에서 쌓은 경험을 바탕으로...,2026-09-18 16:36,https://www.ddaily.co.kr/page/view/2026091816320846872,https://n.news.naver.com/mnews/article/138/0002242018?sid=101
연세대학교,LCNEWS,"[인사] 두산로보틱스, 신임 CEO에 권영민 사장 선임",권영민 신임 사장은 1967년생으로 △연세대학교 공과대학 학사 △美 일리노이대학교 경영대학원 회계학 석사 이후 △㈜두산 전략기획본부 입사 △㈜두산 지주부문 상무 △두산인프라코어(現 HD건설기계) 중국 영업...,2026-09-18 16:36,https://www.lcnews.co.kr/news/articleView.html?idxno=208571,https://www.lcnews.co.kr/news/articleView.html?idxno=208571
연세대학교,이데일리,"두산로보틱스, 권영민 사장 신임 CEO로 선임",신임 권 사장은 1967년생으로 연세대 공대를 졸업하고 미국 일리노이대학교 경영대학원에서 회계학 석사 학위를 취득했다. 권영민 신임 사장(사진=두산) 권 사장은 지난 2000년 ㈜두산 전략기획본부에 입사한 이래...,2026-09-18 16:35,https://www.edaily.co.kr/News/Read?newsId=04696966645581432&mediaCodeNo=257&utm_source=naver&utm_medium=referral&utm_campaign=news_syndication&utm_content=original_article,https://n.news.naver.com/mnews/article/018/0006372223?sid=101
연세대학교,뉴스1,"李대통령 ""북미대화 재개로 평화 최선""…김민석 ""與 철학이 평화""","이 자리엔 문희상 김대중재단 상임부이사장과 차성수 노무현재단 이사장, 임동원 한반도평화포럼 명예이사장, 한창민 사회민주당 대표, 강창일 민주평화통일자문회의 수석부의장, 정동영 통일부 장관, 문정인 연세대...",2026-09-18 16:33,https://www.news1.kr/politics/assembly/6295569,https://n.news.naver.com/mnews/article/421/0009179470?sid=100
연세대학교,헤럴드경제,"“광역교통 불편, 빅데이터로 해결”…철도硏, 대국민 혁신 아이디어 선...","철도연 원장상은 아주대학교 ‘무한열차’ 팀, 교통연 원장상은 단국대학교 ‘Flow Shift’ 팀, 대한교통학회 회장상은 연세대학교 ‘점심메뉴추천위원회’ 팀에 각각 돌아갔다. 사공명 철도연 원장은 “이번 공모전은...",2026-09-18 16:31,https://biz.heraldcorp.com/article/10878746?ref=naver,https://n.news.naver.com/mnews/article/016/0002699501?sid=105
연세대학교,데일리안,[프로필] 권영민 두산로보틱스 사장,▲1967년생 ▲연세대학교 공과대학 학사 ▲美 일리노이대학교 경영대학원 회계학 석사 ▲㈜두산 전략기획본부 입사 ▲㈜두산 지주부문 상무 ▲두산인프라코어 중국 영업·마케팅 및 글로벌 서비스 총괄 전무...,2026-09-18 16:31,https://www.dailian.co.kr/news/view/1692313/?sc=Naver,https://n.news.naver.com/mnews/article/119/0003134425?sid=101
연세대학교,매일일보,"두산로보틱스, 신임 CEO에 권영민 사장…""글로벌 전략 전문가""","1967년생인 권 사장은 1990년 연세대학교 공과대학을 졸업한 뒤, 1999년 미국 일리노이대학교 경영대학원에서 회계학 석사 학위를 취득했다. 이후 2000년 ㈜두산 전략기획본부에 입사하며 그룹과 인연을 맺은 권 사장은...",2026-09-18 16:30,https://www.m-i.kr/news/articleView.html?idxno=1416138,https://www.m-i.kr/news/articleView.html?idxno=1416138
고려대학교,GASNEWS,"현대건설, 차세대 수전해 수소생산 핵심 기술 확보 나선다","본 국책과제는 현대건설이 주관사로 현대엔지니어링, 현대자동차, 한화글로벌, 한국중부발전, 미래기준연구소, 서울대학교 및 고려대학교와 컨소시엄으로 과제를 수행하며, 현대건설은 기본설계 패키지 개발 및 경제성...",2026-09-18 16:30,https://www.gasnews.com/news/articleView.html?idxno=126887,https://www.gasnews.com/news/articleView.html?idxno=126887
고려대학교,위키트리,'수시 먹통' 354건 구제 후폭풍… 수험생들 결국 내일(19일) 거리로 나선...,"한국대학교육협의회. 기사 이해를 돕기 위한 자료사진. / 뉴스1수험생·학부모 19일 국회 앞 집회18일 ‘수시... 서울대와 고려대, 연세대 등 40여 개 대학 총학생회에 이번 원서 접수 시스템 장애와 관련해 시국선언 등으로...",2026-09-18 16:26,https://www.wikitree.co.kr/articles/1160532,https://www.wikitree.co.kr/articles/1160532
연세대학교,위키트리,'수시 먹통' 354건 구제 후폭풍… 수험생들 결국 내일(19일) 거리로 나선...,"한국대학교육협의회. 기사 이해를 돕기 위한 자료사진. / 뉴스1수험생·학부모 19일 국회 앞 집회18일 ‘수시... 서울대와 고려대, 연세대 등 40여 개 대학 총학생회에 이번 원서 접수 시스템 장애와 관련해 시국선언 등으로...",2026-09-18 16:26,https://www.wikitree.co.kr/articles/1160532,https://www.wikitree.co.kr/articles/1160532
고려대학교,아시아투데이,[새책] 내 몸을 미리 치료해본다…'미러 메이커',강시철은 고려대를 졸업하고 경영학 박사 학위를 받았으며 인공지능·의료·경영 분야를 아우르는 연구와 저술 활동을 이어왔다. 두 저자는 앞서 '오가노이드와 AI가 여는 정밀 의료 시대'를 펴낸 바 있다.'미러 메이커'는...,2026-09-18 16:20,https://www.asiatoday.co.kr/kn/view.php?key=20260918010007174,https://www.asiatoday.co.kr/kn/view.php?key=20260918010007174
연세대학교,SEONGJURO,"벽진농협, 농업인 대상 ‘농촌왕진버스’ 운영","또한, 연세대 스포츠재활연구소와 ㈜피지오에서 건강관리사 등 8명이 참여해 근골격계 질환 관리와 통증... 이어 홍제그랑프리안경원은 정밀 시력검사를 실시하고 돋보기를 지원했으며, 벽진농협 주부대학과 여성산악회...",2026-09-18 16:20,https://www.seongjuro.co.kr/news/view.php?idx=60964,https://www.seongjuro.co.kr/news/view.php?idx=60964
고려대학교,WOMENTIMES,"유통업계, 하반기 채용 본격화...AI·글로벌 미래 인재 찾는다","롯데는 지난 1일부터 8일까지 서울대와 성균관대, 연세대, 서강대, 울산과학기술원(UNIST), 고려대 등 전국 12개 대학에서 채용박람회를 열었다. 롯데웰푸드, 롯데마트·슈퍼, 롯데물산, 롯데호텔, 롯데바이오로직스...",2026-09-18 16:14,https://www.womentimes.co.kr/news/articleView.html?idxno=106336,https://www.womentimes.co.kr/news/articleView.html?idxno=106336
고려대학교,GASNEWS,"한·중 수소전문가 ""경쟁보단 협력 가격·생태계 구축이 관건""","좌장은 이재승 고려대 교수가 맡았으며, 한·중 산·학·연 전문가들이 참여해 시장, 정책, 기술, 표준 등... 이어서 동북아 수소 밸류체인 구축과 관련해서는 에너지 구조 차이를 고려한 협력 전략이 필요하다는 의견이...",2026-09-18 16:14,https://www.gasnews.com/news/articleView.html?idxno=126884,https://www.gasnews.com/news/articleView.html?idxno=126884
연세대학교,WOMENTIMES,"유통업계, 하반기 채용 본격화...AI·글로벌 미래 인재 찾는다","롯데는 지난 1일부터 8일까지 서울대와 성균관대, 연세대, 서강대, 울산과학기술원(UNIST), 고려대 등 전국 12개 대학에서 채용박람회를 열었다. 롯데웰푸드, 롯데마트·슈퍼, 롯데물산, 롯데호텔, 롯데바이오로직스...",2026-09-18 16:14,https://www.womentimes.co.kr/news/articleView.html?idxno=106336,https://www.womentimes.co.kr/news/articleView.html?idxno=106336
연세대학교,파이낸셜뉴스,"관자놀이 편두통 마취주사 효과 안 통했던 이유, '숨은 신경'이었다 [헬...",이번 연구는 건국대병원 안과 신현진·건국대 해부학교실 최유진·동아대 해부학교실 신강재·연세대 해부학교실 김희진·원광대 해부학교실 이신효 교수팀이 수행했다. 연구 결과는 네이처(Nature) 계열의 국제학술지...,2026-09-18 16:12,https://www.fnnews.com/news/202609181555575489,https://n.news.naver.com/mnews/article/014/0005578076?sid=103
고려대학교,이데일리,"고려대 안암병원, 아시아 최초 스마트 원격진료 '메디버스' 출범",고려대학교 안암병원(병원장 한승범)이 의료봉사에 활용해 온 이동형 진료버스 ‘꿈씨(KUM-C)버스’에... 이번 메디버스는 고려대학교 안암병원이 기존에 운영해 온 꿈씨버스의 진료 기능에 스마트 화상 원격진료 인프라를...,2026-09-18 16:10,https://www.edaily.co.kr/News/Read?newsId=04450966645581432&mediaCodeNo=257&utm_source=naver&utm_medium=referral&utm_campaign=news_syndication&utm_content=original_article,https://n.news.naver.com/mnews/article/018/0006372162?sid=102
연세대학교,동아일보,AI가 조종석에 앉는다면? 한국항공대 ‘2026 AI 파일럿 탑건 챌린지’ 본...,"한국항공대학교 SW중심대학에서 개최한 ‘2026 AI 파일럿 탑건 챌린지(2026 AI Pilot Top Gun Challenge)’는 이러한... 본선대회에는 치열한 예선전을 통과한 GoGoSSung(숭실대), Fight’s On(연세대), 진짜 보라매(공군사관학교)...",2026-09-18 16:08,https://it.donga.com/109560/,https://it.donga.com/109560/
연세대학교,중앙이코노미뉴스,"'추락도락이다'팀, 제1회 항공대 총장배 AI Pilot Top Gun Challenge 대상","한국항공대학교 총장배, 상금 1000만 원이 수여됐다. 이번 대회는 전국 대학(원)생이 직접 개발한 AI 파일럿... ' 팀(연세대), 'TrAI Everything' 팀(한국항공대·KAIST·서강대 연합)에 돌아갔다. 허희영 한국항공대 총장은...",2026-09-18 16:02,https://www.joongangenews.com/news/articleView.html?idxno=549285,https://www.joongangenews.com/news/articleView.html?idxno=549285
고려대학교,스마트경제,"""모르면 물어봐라""… 고려대, ECCV 2026서 '대화형 로봇 AI' 세계적 학술...","고려대학교(총장 김동원)는 서홍석 컴퓨터학과 교수 연구실(MIIL)이 지난 9일 스웨덴 말뫼에서 개최된... 이번 행사를 총괄 기획한 서홍석 고려대 교수를 필두로 최종현 서울대 교수, 이밍 왕(Yiming Wang) 이탈리아...",2026-09-18 15:56,http://www.dailysmart.co.kr/news/articleView.html?idxno=130021,http://www.dailysmart.co.kr/news/articleView.html?idxno=130021
고려대학교,베리타스알파,고려대 서홍석 교수팀 ECCV 2026서 체화형 에이전트 워크숍 개최.. '모호...,"유수 대학 및 연구기관 연구자들이 공동 주관했으며, 영상인식 AI 기업 알체라와 로보틱스 파운데이션 모델 기업 리얼월드(RLWRLD)가 후원사로 참여했다. 서홍석 교수 /사진=고려대 제공 ▲교육전문신문...",2026-09-18 15:54,https://www.veritas-a.com/news/articleView.html?idxno=628762,https://www.veritas-a.com/news/articleView.html?idxno=628762
연세대학교,뉴스엔,"‘연세대 입학’ 졸리 子, 이름에서 ‘피트’ 빼고 父 손절하더니‥영...","한편, 안젤리나 졸리와 브래드 피트의 장남 매덕스는 최근 본인의 성에서 '피트'를 빼고 '매덕스 치반 졸리'로 개명했다. 매덕스는 2019년 연세대학교 언더우드국제대학(UIC) 생명공학과에 입학해 화제를 모았었다.",2026-09-18 15:53,https://www.newsen.com/news_view.php?uid=202609181522086710,https://m.entertain.naver.com/article/609/0001170262
고려대학교,노컷뉴스,박재화 남해해경청장 취임…취임식 대신 '예인선 전복' 수색 현장 찾아,"18일 남해지방해양경찰청에 따르면 박재화 신임 청장은 고려대학교 행정학과, 미국 콜로라도대학교... 현장에서 우리 직원 안전 확보 또한 중요하게 고려돼야 한다""고 말했다. 사이트 : https://www.nocutnews.co.kr/jebo/write.aspx",2026-09-18 15:52,https://www.nocutnews.co.kr/news/6580571?utm_source=naver&utm_medium=article&utm_campaign=20260918035146,https://n.news.naver.com/mnews/article/079/0004191031?sid=102
고려대학교,AREYOU,"[아유경제_교육] 광진구, 2027학년도 대입 면접 프로그램 참여자 모집","고려대, 경희대, 이화여대, 단국대 등 주요 대학의 입학사정관 출신 전문가들이 참여해 실제 입시 경험을 바탕으로 수험생들에게 현실적인 조언을 제공할 예정이다. 모집 인원은 총 135명이며, 구 누리집에서 온라인으로...",2026-09-18 15:48,http://www.areyou.co.kr/news/articleView.html?idxno=95445,http://www.areyou.co.kr/news/articleView.html?idxno=95445
고려대학교,NEWSJEJU,제주문화예술재단 새 이사장에 조선희,"조 이사장은 1962년생으로 고려대학교에서 문학(사학) 학사, 제주대학교 일반대학원에서 행정학 석사 학위를 취득했다. 지난 2010년 10월부터 2022년 6월까지 제주문화예술재단 경영기획본부장을 지냈으며...",2026-09-18 15:46,https://www.newsjeju.net/news/articleView.html?idxno=426064,https://www.newsjeju.net/news/articleView.html?idxno=426064
연세대학교,뉴스1,농식품부 동물복지정책국장에 이용직 방역정책과장…공석 7개월만,농식품부에 따르면 이용직 국장은 1973년생으로 연세대 영어영문학과를 졸업하고 미국 노스캐롤라이나대 경영학 석사를 거쳤다. 행정고시 47회로 2004년 공직에 처음 발을 들인 뒤 농식품부 자유무역협정과...,2026-09-18 15:43,https://www.news1.kr/economy/trend/6295505,https://n.news.naver.com/mnews/article/421/0009179273?sid=101
고려대학교,파이낸셜뉴스,"""혜인이처럼 입어라"" ""학벌 낮은 애들이 알바""...용혜인 남편 과거 발언...","대학생이던 용 의원은 세훨호 참사 '가만히 있으라' 시위를 계기로 주목 받던 시기다. 박 최고위원은... 또한 ""학벌이 낮으면 알바를 많이 한다""며 ""우리(고려대)는 애들이 알바를 안 한다""라고 학벌을 비하하는 발언도...",2026-09-18 15:42,https://www.fnnews.com/news/202609181447230134,https://n.news.naver.com/mnews/article/014/0005578051?sid=100
고려대학교,스포츠경향,"조민, 홈쇼핑 90분 전 잘렸다···“논란 우려” 통보","앞서 부산대는 2022년 조민의 의학전문대학원 입학을 취소했고 고려대 역시 입학 허가를 취소했다. 조민은 부산대 처분에 불복해 소송을 제기했으나 2023년 1심에서 패소한 뒤 소송을 취하했으며, 보건복지부는 같은 해...",2026-09-18 15:40,https://sports.khan.co.kr/article/202609181539003?pt=nv,https://m.entertain.naver.com/article/144/0001139068
고려대학교,BZERONEWS,고려대 세종·백석대·남서울대·호서대 '원서 9건 구제',"유웨이어플라이 수시 원서접수시스템 장애로 고려대 세종캠퍼스와 백석대, 남서울대, 호서대 등 충청권 4개 대학에서 원서 9건이 추가로 접수됐다. 교육부와 한국대학교육협의회는 지난 11일 오후 5시 50분 발생한...",2026-09-18 15:34,https://www.bzeronews.com/news/articleView.html?idxno=822885,https://www.bzeronews.com/news/articleView.html?idxno=822885
연세대학교,KMEDINFO,"관자놀이 신경차단 안 듣는 이유, '숨은 신경'에 있었다","건국대병원 안과 신현진 교수와 건국대 해부학교실 최유진 교수, 동아대 해부학교실 신강재 교수, 연세대 해부학교실 김희진 교수, 원광대 해부학교실 이신효 교수 공동연구팀은 광대측두신경(zygomaticotemporal nerve)...",2026-09-18 15:32,http://www.kmedinfo.co.kr/news/articleView.html?idxno=97807,http://www.kmedinfo.co.kr/news/articleView.html?idxno=97807
고려대학교,동아일보,"‘2026 한국경영대상’ 시상식, 38개 기업·기관과 CEO 수상","서울과학종합대학원대학교(aSSIST), 사례연구학회, 동아일보가 공동 후원한다. 산업과 행정 발전에 기여한 기업과 기관, CEO 등을 선정하기 위해 제정됐다. 올해 심사위원장은 김상용 고려대 경영대학 교수가 맡았다. 김...",2026-09-18 15:31,https://www.donga.com/news/Economy/article/all/20260918/134695327/1,https://n.news.naver.com/mnews/article/020/0003749266?sid=101
고려대학교,LCNEWS,"[건설 Pick] 대우건설·현대건설·㈜한화 건설부문, 시장개척, 수소 원천...","현대건설은 현대엔지니어링, 현대자동차, 한화글로벌, 한국중부발전, 미래기준연구소, 서울대학교, 고려대학교와 컨소시엄을 구성해 기본설계 패키지 개발 및 경제성 평가를 담당한다. 특히 인공지능(AI)과 동적...",2026-09-18 15:30,https://www.lcnews.co.kr/news/articleView.html?idxno=208535,https://www.lcnews.co.kr/news/articleView.html?idxno=208535
고려대학교,EPJ,"미래 글로벌 에너지 공급망 재편 과정, ""한국은 중요한 역할 수행할 것...",한양대학교 교수가 참여하여 에너지안보 강화에 필요한 정책수단과 이에 수반되는 비용 등에 대해 논의했다. 조용성 고려대학교 교수는 제2세션 좌장을 맡으며 AI 시대에 급증하는 전력수요에 대응하면서...,2026-09-18 15:30,http://www.epj.co.kr/news/articleView.html?idxno=39425,http://www.epj.co.kr/news/articleView.html?idxno=39425
고려대학교,인사이트,"5MW 경험 쌓은 현대건설, 이번엔 100MW 수전해 플랜트 설계 기술 확보 나...","현대건설을 중심으로 현대엔지니어링, 현대자동차, 한화글로벌, 한국중부발전, 미래기준연구소, 서울대학교, 고려대학교가 컨소시엄을 꾸렸다. 현대건설은 기본설계 패키지 개발과 경제성 평가를 맡는다.재생에너지는...",2026-09-18 15:28,https://www.insight.co.kr/news/574223,https://www.insight.co.kr/news/574223
고려대학교,JEMIN,제주문화예술재단 이사장에 조선희 전 경영기획본부장,"조 이사장은 1962년생으로 고려대학교 문학(사학) 학사와 제주대학교 일반대학원 행정학 석사 학위를 취득했다. 제주문화예술재단 경영기획본부장, ㈔한국광역문화재단연합회 지역문화정책연구소 사무국장...",2026-09-18 15:28,https://www.jemin.com/news/articleView.html?idxno=843183,https://www.jemin.com/news/articleView.html?idxno=843183
고려대학교,KOREASTOCKNEWS,"현대건설, 대규모 수전해 플랜트 설계 패키지 개발 추진","현대건설이 주관사로 현대엔지니어링, 현대자동차, 한화글로벌, 한국중부발전, 미래기준연구소, 서울대학교 및 고려대학교와 컨소시엄으로 과제를 수행한다. 현대건설은 기본설계 패키지 개발과 경제성 평가를...",2026-09-18 15:28,http://www.koreastocknews.com/news/articleView.html?idxno=121343,http://www.koreastocknews.com/news/articleView.html?idxno=121343
고려대학교,JEJUSORI,"""선행 진도 매달리지 마세요""...입시 컨설턴트가 단언한 학습 전략","고려대학교 대학원 법학석사 학위를 취득했으며 한국코치협회 인증 코치로도 활동하고 있다. 추 부대표는 강연에서 선행 학습을 설명하기에 앞서 '현행 학습의 깊이'를 강조했다. 그는 ""현행에 주로 충실하게 공부한...",2026-09-18 15:26,https://www.jejusori.net/news/articleView.html?idxno=506686,https://www.jejusori.net/news/articleView.html?idxno=506686
고려대학교,조선비즈,"현대건설, 100MW급 수전해 플랜트 설계 국책과제 참여","이번 사업은 현대건설이 전체 과정을 이끄는 주관사 역할을 맡았으며 현대엔지니어링, 현대자동차, 한화글로벌, 한국중부발전, 미래기준연구소를 비롯해 서울대와 고려대 등 산업계·학계·연구기관이 컨소시엄을...",2026-09-18 15:25,https://biz.chosun.com/real_estate/real_estate_general/2026/09/18/GOALFTB76BGYLPECS64FOIETXA/?utm_source=naver&utm_medium=original&utm_campaign=biz,https://n.news.naver.com/mnews/article/366/0001193303?sid=101
연세대학교,NEWS2DAY,"[재계 인사이드] GS안의 독립군 GS건설, 그룹 이탈속도 빨라지나",현재 GS 허씨 가문의 항렬상 서열 1위이자 최연장자인 허동수 GS칼텍스 명예회장 겸 연세대 학교 이사장은 과거에 갖고있던 GS건설 지분을 모두 정리했다. GS건설이 허창수 명예회장과 아들 허윤홍 사장쪽으로...,2026-09-18 15:24,https://www.news2day.co.kr/article/20260918500075,https://www.news2day.co.kr/article/20260918500075
고려대학교,FINOMY,"네이버클라우드, 국방 AX 전략 제시⋯""AI 통제권 군이 갖는다""","한편, 네이버클라우드는 지난 7월 고려대학교 C5ISRT융합연구센터와 전장 분야 핵심기술 연구 및 합동지휘통제체계(KCCS) 사업 공동 추진을 위한 업무협약을 체결했다. 양측은 '합참 군·산·학 협력센터' 참여를 비롯해 AI...",2026-09-18 15:18,http://www.finomy.com/news/articleView.html?idxno=261957,http://www.finomy.com/news/articleView.html?idxno=261957
고려대학교,GOODKYUNG,[굿모닝! 18일 건설업계 소식] 현대건설·대우건설·한화·IPARK현대산업...,"현대건설이 주관사를 맡고 현대엔지니어링, 현대자동차, 한화글로벌, 한국중부발전, 미래기준연구소, 서울대 및 고려대 컨소시엄에 참여한다. 특히 인공지능(AI)과 동적 시뮬레이션 모델을 적용해 재생에너지의 출력...",2026-09-18 15:16,https://www.goodkyung.com/news/articleView.html?idxno=291579,https://www.goodkyung.com/news/articleView.html?idxno=291579
고려대학교,경향신문,"보호자 없이 입원하는 병상 9만개 넘어···정부, 간호·간병 정책 ‘병...",18일 정은경 보건복지부 장관은 서울 구로구 고려대 구로병원의 간호·간병통합서비스 병동을 찾아 운영... 여건을 고려한 합리적인 보상체계를 갖춰달라는 건의도 이어졌다. 상급종합병원에 맞는 별도 모델이...,2026-09-18 15:16,https://www.khan.co.kr/article/202609181516001,https://n.news.naver.com/mnews/article/032/0003471338?sid=102
고려대학교,ENGDAILY,"현대건설, 물 분해로 얻는 대량 수소 생산 기술 개발 본격 시작","현대건설이 주관사, 현대엔지니어링, 현대자동차, 한화글로벌, 한국중부발전, 미래기준연구소, 서울대학교 및 고려대학교와 컨소시엄으로 과제를 수행하며, 현대건설은 기본설계 패키지 개발 및 경제성 평가를 담당할...",2026-09-18 15:14,http://www.engdaily.com/news/articleView.html?idxno=23358,http://www.engdaily.com/news/articleView.html?idxno=23358
고려대학교,WIKILEAKS-KR,"현대건설 HMG건설기술연구원, 수전해 수소 생산 국책과제 수행","현대건설이 주관사로 현대엔지니어링, 현대자동차, 한화글로벌, 한국중부발전, 미래기준연구소, 서울대학교 및 고려대학교와 컨소시엄으로 과제를 수행하며, 현대건설은 기본설계 패키지 개발 및 경제성 평가를...",2026-09-18 15:00,http://www.wikileaks-kr.org/news/articleView.html?idxno=192222,http://www.wikileaks-kr.org/news/articleView.html?idxno=192222
고려대학교,SIDAE,"""사막서 바늘 찾기"" 18년간 5100개 균주 뒤져 '살 빼는 균' 찾아",팀장 2016 hy 중앙연구소 책임연구원 2010 미국국립보건원 박사 후 연구원 2005 고려대학교 분자생물학 박사 2000 고려대학교 분자생물학 석사 1998 고려대학교 의과대학 생화학 연구원 1997 고려대학교 유전공학 학사,2026-09-18 14:57,https://www.sidae.com/article/2026091813251379826,https://n.news.naver.com/mnews/article/417/0001158740?sid=101
연세대학교,매일일보,"세계적 베이스 연광철, 당진서 '겨울나그네' 전곡 공연",피아노 연주는 연광철과 꾸준히 호흡을 맞춰온 피아니스트 피터 오브차로프 연세대학교 음악대학 피아노과 부교수가 맡는다. 공연 관람료는 전석 2만원이며 만 7세 이상 관람할 수 있다. 당진문화재단 관계자는...,2026-09-18 14:56,https://www.m-i.kr/news/articleView.html?idxno=1415918,https://www.m-i.kr/news/articleView.html?idxno=1415918
연세대학교,JEONMAE,[부고] 김병수(연합뉴스 편집총국장)씨 장모상,"백승민(재미 피아니스트)·백지민(가정주부)씨 모친상, 정 강(미 네이비 페더럴 근무)·김병수(연합뉴스 편집총국장)씨 장모상 = 17일 오후, 연세대 세브란스병원 신촌장례식장 3호실, 발인 19일 오전. ☎ 02-2227-7500",2026-09-18 14:56,https://www.jeonmae.co.kr/news/articleView.html?idxno=1294896,https://www.jeonmae.co.kr/news/articleView.html?idxno=1294896
연세대학교,에듀동아,"국립창원대, 페루 대표 명문대들과 글로벌 교류협력 네트워크 확대한다",'2026년도 연구안보 역량강화 지원사업'은 국립창원대 및 서울대･연세대･포항공대 등 전국에서 8개... 국립창원대는 페루의 대표 명문 사립대학인 퍼시픽대학교(Universidad del Pacífico)와도 학술교류 업무협약을...,2026-09-18 14:50,https://edu.donga.com/news/articleView.html?idxno=112119,https://edu.donga.com/news/articleView.html?idxno=112119
연세대학교,MTN 머니투데이방송,"강원, AI·SW 인재 양성 및 해외시장 개척 박차","/제공=강원대학교산업 생태계를 뒷받침할 지역 인재 양성 기반도 대폭 강화된다.지난 17일 강원대학교, 한림대학교, 한라대학교, 연세대학교 미래캠퍼스 등 도내 4개 대학은 ‘강원권 AI·SW대학교육협의회’를 공식...",2026-09-18 14:50,https://news.mtn.co.kr/news-detail/2026091813034665906,https://news.mtn.co.kr/news-detail/2026091813034665906
연세대학교,UPKOREANEWS,"삼성웰스토리, '1000만뷰' 콘텐츠에 AI·로봇 더했다…300대 자동화로 '...",특히 포항공과대학교·연세대학교와 AI·로봇 기반 주방 자동화 공동 연구에 나서고 실제 급식 운영... 제공하면서 대학의 연구역량과 대규모 급식현장을 연결하는 역할을 맡는다. 이는 올해 정부가 추진하는 피지컬AI...,2026-09-18 14:50,https://www.upkoreanews.kr/news/articleView.html?idxno=100311,https://www.upkoreanews.kr/news/articleView.html?idxno=100311
연세대학교,SISAON,"현대건설, 대용량 수전해 플랜트 기술 확보 나서 [건설·분양오늘]","금호건설, 송도 세브란스병원 신축공사 우협 선정 금호건설은 18일 연세대학교 의료원이 발주한 '송도... 대한해운, 국립목포해양대에 40년째 발전기금 전달 대한해운은 지난 16일 국립목포해양대학교에서 대학 발전기금...",2026-09-18 14:44,https://www.sisaon.co.kr/news/articleView.html?idxno=204565,https://www.sisaon.co.kr/news/articleView.html?idxno=204565
연세대학교,POLINEWS,"[부동산 정책 진단 ②] 종부세 수정한 정부, 공급 확대도 병행…여야 해...",이중교 연세대 법학전문대학원 교수는 '부득이한 사유로 비거주한 기간을 거주기간으로 인정하는 특례 기간을 현행 최장 3년에서 5년 정도로 늘리는 방안'을 제안했다. 같은 토론회에서 강성훈 한양대 교수는 '보유세...,2026-09-18 14:42,https://www.polinews.co.kr/news/articleView.html?idxno=743529,https://www.polinews.co.kr/news/articleView.html?idxno=743529
연세대학교,더팩트,"'수시 먹통' 354건 구제에 수험생들 '유감'…""소송도 검토""","이들은 서울대와 고려대, 연세대 등 40여개 대학 총학생회에 수시 먹통 사태 관련 시국선언 등을 통해... 결국 교육부와 한국대학교육협의회는 원서 접수 마감시간을 당초 오후 6시에서 오후 7시까지 1시간 늘렸다. 다만...",2026-09-18 14:39,https://news.tf.co.kr/read/life/2367472.htm,https://n.news.naver.com/mnews/article/629/0000535144?sid=102
연세대학교,뉴스1,"질병청, 국가 노쇠 표준 정의 만든다…건강노화 기준 마련","패널 토의를 통해서는 이석구 충남대 교수가 좌장을 맡고 원장원 회장, 김정선 전남대 교수, 유준일 인하대 교수, 이경희 연세대 교수, 고홍섭 서울대 교수 등이 참여해 여러 고견을 제시했다. 오진희 국장은 ""질병청은...",2026-09-18 14:36,https://www.news1.kr/bio/welfare-medical/6295385,https://n.news.naver.com/mnews/article/421/0009179071?sid=105
연세대학교,JOB-POST,"스카이입시교육학원, 연세대·중앙대(창의형) 인문·수리·과학 온오프...","스카이입시교육학원이 2027학년도 수시 논술전형을 준비하는 고3·재수생·N수생을 대상으로 연세대, 중앙대(창의형) 등 주요 대학의 인문·수리·과학논술 대비 온·오프라인 강좌와 추석 연휴 특강을 운영한다고 밝혔다....",2026-09-18 14:30,https://www.job-post.co.kr/news/articleView.html?idxno=228234,https://www.job-post.co.kr/news/articleView.html?idxno=228234
연세대학교,NEWSQUEST,"20년간 세후 수익률, 서울 부동산 11.6% 1위…S&P500·코스피 압도",이날 행사에서는 신진영 연세대 교수를 좌장으로 학계 및 벤처 업계 전문가들이 참여한 패널토론이 이어지며 생산적 금융 실현을 위한 구체적인 실행 방안이 논의됐다.,2026-09-18 14:28,https://www.newsquest.co.kr/news/articleView.html?idxno=301274,https://www.newsquest.co.kr/news/articleView.html?idxno=301274
연세대학교,루키,"공석이었던 연세대 코치진 한 자리, 김무성 코치 합류한다... 22일 상명대...",김무성 前KB 전력분석원이 연세대 코칭스태프로 합류했다. 연세대학교는 18일 공석이었던 코치직에 김무성 코치를 새롭게 발령냈다. 1997년생의 젊은 코치인 김무성은 연세대학교 16학번으로 학사 일정을 보냈으며 이후...,2026-09-18 14:27,http://www.rookie.co.kr/news/articleView.html?idxno=127034,https://m.sports.naver.com/basketball/article/398/0000102765
연세대학교,점프볼,"‘모교서 새 출발’ 김무성 전력분석, KB스타즈 떠나 연세대 코치로 합...","연세대는 조동현 감독, 천재민 코치, 김무성 코치 체제로 남은 시즌을 보내게 됐다. 2026 KUSF 대학농구 U-리그에서 다소 부진하며 일찌감치 정규리그 5위가 확정됐지만 아직 플레이오프가 남았다. 10월에는 영원한...",2026-09-18 14:21,https://m.sports.naver.com/basketball/article/065/0000301694,https://m.sports.naver.com/basketball/article/065/0000301694
연세대학교,SIDAE,"대통령 ""수도권 집중이 집값 원인""…지방이전·재개발 가속화","고준석 연세대 교수는 ""수도권 쏠림현상에 지방의 미분양 주택이 해소되지 못하는 점이 집값 양극화에 영향을 주고 있다""며 ""국토균형발전 로드맵을 속도감 있게 실현하면 부동산 시장의 양극화를 완화하는 효과를 발휘할...",2026-09-18 14:17,https://www.sidae.com/article/2026091813002986347,https://n.news.naver.com/mnews/article/417/0001158731?sid=101
연세대학교,AITIMES,"290개 팀 뚫은 최강 AI 파일럿… 한국항공대 'AI 파일럿 탑건 챌린지', 첫...","한국항공대학교 총장배, 상금 1000만원이 수여됐다. 이번 대회는 전국 대학(원)생이 직접 개발한 AI 파일럿... ' 팀(연세대), 'TrAI Everything' 팀(한국항공대·KAIST·서강대 연합)에 돌아갔다. 이 밖에 장려상, 학술상, 전략상...",2026-09-18 14:08,https://www.aitimes.kr/news/articleView.html?idxno=41996,https://www.aitimes.kr/news/articleView.html?idxno=41996
연세대학교,이데일리,'숨은 신경가지' 위치 규명으로 안면통증 치료 정확도 높인다,"이번 연구는 건국대병원 안과 신현진 교수팀과 건국대 해부학교실 최유진 교수, 동아대 해부학교실 신강재 교수, 연세대 해부학교실 김희진 교수, 원광대 해부학교실 이신효 교수 공동연구팀이 수행했다. 연구 결과는...",2026-09-18 14:05,https://www.edaily.co.kr/News/Read?newsId=03696566645581432&mediaCodeNo=257&utm_source=naver&utm_medium=referral&utm_campaign=news_syndication&utm_content=original_article,https://n.news.naver.com/mnews/article/018/0006371983?sid=102
연세대학교,한국일보,"추석 '밥상 물가' 잡아라... 유류세 인하 2개월 더, 농축수산품 최대 50...","김정식 연세대 경제학부 명예교수는 ""정부가 재정 지출을 대폭 늘리는 데다 수출도 사상 최고치를 경신하면서 인플레이션 기대감이 커지고 있다""며 ""유가까지 오르게 되니 물가가 불안할 수밖에 없는 상황""이라고...",2026-09-18 14:01,https://www.hankookilbo.com/news/article/A2026091810110005264?did=NA,https://n.news.naver.com/mnews/article/469/0000954818?sid=101
연세대학교,라포르시안,안면 통증 치료 정확도 향상 해부학적 위치 규명,"신현진 건국대병원 안과 교수팀은 최유진 건국대 해부학교실 교수, 신강재 동아대 해부학교실 교수, 김희진 연세대 해부학교실 교수, 이신효 원광대 해부학교실 교수와 공동 연구를 수행했다. 해당 연구 결과는...",2026-09-18 13:56,https://www.rapportian.com/news/articleView.html?idxno=240539,https://www.rapportian.com/news/articleView.html?idxno=240539
연세대학교,OBSNEWS,송도 세브란스 지상공사 우선협상대상자에 금호건설,연세의료원은 송도 세브란스병원 지상층 건축공사의 우선협상대상자로 금호건설을 선정했다고... 송도 세브란스병원은 2028년 준공을 목표로 송도 7공구 연세대 국제캠퍼스 내 8만5천900㎡ 부지에 지하 3층∼지상 13층...,2026-09-18 13:54,https://www.obsnews.co.kr/news/articleView.html?idxno=1537938,https://www.obsnews.co.kr/news/articleView.html?idxno=1537938
연세대학교,아주경제,"자본연 ""가계 부동산 비중 약 65→50%로""…금융투자는 20%로 확대","(왼쪽부터 윤영진 한양대 경제금융대학 교수, 한재준 인하대 파이낸스경영학과 교수, 강신우 스틱인베스트먼트 대표이사, 신진영 연세대 경영대학 교수, 이민우 한국성장금융 투자운용본부장, 이기백...",2026-09-18 13:52,https://www.ajunews.com/view/20260918115512446,https://www.ajunews.com/view/20260918115512446
연세대학교,CNB저널,"메디톡스 '뉴비쥬', 출시 6개월 만에 누적 공급 3만 바이알 돌파","한편, 지난 14일 메디톡스는 연세대학교 임상의학연구센터에서 의료진 대상 학술교육 프로그램 'MAP Institute Anatomy Workshop'을 개최했다. 회사는 해부학 이론과 실습을 바탕으로 보툴리눔 톡신·필러 등 메디컬 에스테틱...",2026-09-18 13:38,https://www.cnbizm.com/news/articleView.html?idxno=315639,https://www.cnbizm.com/news/articleView.html?idxno=315639
연세대학교,EINFOMAX,"생산적금융 최대 과제는 회수시장 활성화…""코스닥, 상장 아닌 성장시장...","한재준 인하대학교 파이낸스경영학과 교수 겸 국민경제자문회의 자문위원 역시 ""국민성장펀드가 처음... 신진영 연세대학교 경영학과 교수는 ""금융은 여유자금을 자금 수요자에게 연결해주는 역할을 한다""며 ""금융의...",2026-09-18 13:10,https://news.einfomax.co.kr/news/articleView.html?idxno=4435656,https://news.einfomax.co.kr/news/articleView.html?idxno=4435656
연세대학교,AITIMES,"넘프, K-의료 AI 글로벌 진출 본격화...HP 스타트업 플랫폼 'HP Garage 2.0' ...",연세대학교 미래캠퍼스 물리 및 공학물리학과와 AI반도체학부 전임교수로 재직하고 있는 조수행 넘프... 현재 연세대학교 미래캠퍼스 AI데이터융합과학원 의료AI반도체 전문인력양성 사업단 교수로 AI 인재...,2026-09-18 13:00,https://www.aitimes.kr/news/articleView.html?idxno=41992,https://www.aitimes.kr/news/articleView.html?idxno=41992
연세대학교,WOMANECONOMY,"[전승준 더봄] 양치질, 세게 하면 치아가 더 깨끗해질까?",여성경제신문 전승준 (소아치과)치과의사 pedojune@hanmail.net 전승준 소아치과 전문의 연세대학교 치과대학에서 박사 학위를 취득하고 30년째 소아청소년 진료에 매진하고 있는 드림분당예치과병원 원장이다. 어려운 이들을...,2026-09-18 13:00,https://www.womaneconomy.co.kr/news/articleView.html?idxno=258816,https://www.womaneconomy.co.kr/news/articleView.html?idxno=258816
연세대학교,INCHEONTODAY,"정보라 ""안나 카레니나, 불륜의 남녀 이중잣대와 여성 억압 담아""",소설집 '저주토끼'의 저자인 정보라 작가는 연세대 인문학부를 졸업하고 예일대에서 러시아·동유럽 지역학... 정 작가는 연세대학교에서 2010년 3월부터 2022년 2월까지 러시아어와 러시아 문학 등을 강의한 바 있다. 이날...,2026-09-18 12:56,https://www.incheontoday.com/news/articleView.html?idxno=323850,https://www.incheontoday.com/news/articleView.html?idxno=323850
연세대학교,메디소비자뉴스,"강남 연세라이프구강내과치과의원 개원…""세심한 진단과 기능 회복 지향...","서울 강남구에 연세라이프구강내과치과의원(대표원장 유지원)이 개원했다.... 유지원 원장은 연세대학교 치과대학을 졸업하고 동 대학원에서 구강내과학 석사, 조선대학교 대학원에서 구강내과학 박사 학위를...",2026-09-18 12:52,http://www.medisobizanews.com/news/articleView.html?idxno=142391,http://www.medisobizanews.com/news/articleView.html?idxno=142391
연세대학교,한국경제TV,투자 성적표 따져보니 '서울 부동산' 1위…S&P500도 제쳤다,"개혁 확산, 코스닥 시장 구조 개편 및 투자자금 확충, 주가조작 엄단 등도 추진할 방침이다. 이날 행사에서는 신진영 연세대학교 경영대학 교수를 좌장으로 벤처 업계와 학계 등 각계 전문가들이 참여한 패널토론도 진행된다.",2026-09-18 12:50,http://www.wowtv.co.kr/NewsCenter/News/Read?articleId=A202609180406&t=NN,https://n.news.naver.com/mnews/article/215/0001266443?sid=101
연세대학교,브릿지경제,송도 세브란스병원 지상공사 우선협상대상자에 금호건설 선정,"송도 세브란스병원은 인천 송도 7공구 연세대학교 국제캠퍼스 내 8만5900㎡ 부지에 들어선다. 지하 3층~지상 13층, 800병상 규모로 건립될 예정이다. 연세의료원은 금호건설과의 계약 절차를 신속히 마무리하고 지상층...",2026-09-18 12:48,https://www.viva100.com/article/20260918500523,https://www.viva100.com/article/20260918500523
연세대학교,동아일보,"한양대, 수도권 주요 대학 연합 '파트너 커넥트' 개최... 스타트업, CVC,...","한양대학교 창업지원단(단장 류창완)이 9월 17일 노보텔 앰배서더 서울 강남에서 스타트업과 투자... 숭실대, 연세대, 이화여대, 인덕대, 인천대, 한성대 등 수도권 주요 대학이 협력기관으로 참여한다. 앞서 15...",2026-09-18 12:28,https://it.donga.com/109557/,https://it.donga.com/109557/
연세대학교,INCHEONILBO,"첫 공고 7개월 만…금호건설, 송도 세브란스병원 우선협상자 선정","/사진제공=연세대 의료원 누리집 갈무리 이번 입찰에서 개찰일시가 갑작스레 앞당겨진 점은 석연치 않은 부분으로 남는다. 연세의료원 측은 이번 공고를 처음 올릴 당시, '9월30일 18시'를 개찰 일시로 정했다. 그러나...",2026-09-18 12:26,https://www.incheonilbo.com/news/articleView.html?idxno=1332426,https://www.incheonilbo.com/news/articleView.html?idxno=1332426
연세대학교,PPSS,"연세의료원, 송도 세브란스병원 지상공사 시공사로 금호건설 선정","인천 송도국제도시 7공구 내 연세대 국제캠퍼스 부지에 들어서는 송도 세브란스병원은 총 8만5,900㎡ 부지에 지하 3층~지상 13층, 800병상 규모의 대형 종합병원으로 건립된다. 연세의료원은 시공사와의 신속한 계약...",2026-09-18 12:15,https://www.ppss.kr/news/articleView.html?idxno=311430,https://www.ppss.kr/news/articleView.html?idxno=311430
연세대학교,IKUNKANG,"드림렌즈, 시작 전 부모가 알아야 할 세 가지",[글 | 우영준 연세봄안과 원장] 연세봄안과  우영준 원장 ㆍ연세대학교 의과대학 수석 입학 / 우등 (차석) 졸업 ㆍ연세대학교 의과대학 대학원 졸업 (전공분야: 사시 소아안과) ㆍ연세대학교 원주세브란스기독병원 전문의...,2026-09-18 12:04,https://www.ikunkang.com/news/articleView.html?idxno=51551,https://www.ikunkang.com/news/articleView.html?idxno=51551
연세대학교,문화일보,290개 팀 뚫은 최강 AI 파일럿… 한국항공대 ‘AI 파일럿 탑건 챌린지’...,"한국항공대학교 총장배, 상금 1000만원이 수여됐다. 이번 대회는 전국 대학(원)생이 직접 개발한 AI 파일럿... 팀(연세대), ‘TrAI Everything’ 팀(한국항공대·KAIST·서강대 연합)에 돌아갔다. 이 밖에 장려상, 학술상, 전략상...",2026-09-18 11:58,https://www.munhwa.com/article/11618094?ref=naver,https://n.news.naver.com/mnews/article/021/0002819827?sid=100
연세대학교,DOCTORSNEWS,"강남세브란스병원, 장기기증 유공 복지부장관 표창",주만기 강남세브란스병원 장기이식센터장(왼쪽 세 번째)와 의료진들 [제공=강남세브란스병원] ⓒ의협신문 연세대 강남세브란스병원이 전자의무기록(EMR) 기반 뇌사추정자 신고 시스템 구축과 유관기관 협업 등을 통해...,2026-09-18 11:46,http://www.doctorsnews.co.kr/news/articleView.html?idxno=166406,http://www.doctorsnews.co.kr/news/articleView.html?idxno=166406
연세대학교,연합뉴스,"""연평균 수익률 1위 '서울 부동산'…금투상품과 세제격차 줄여야""",(VC)을 육성하고 기관·대형자본 등 다양한 투자자의 참여를 확대해야 한다고 제안했다. 이날 행사에서는 신진영 연세대학교 경영대학 교수를 좌장으로 벤처 업계와 학계 등 각계 전문가들이 참여한 패널토론도 진행된다.,2026-09-18 11:41,https://www.yna.co.kr/view/AKR20260918082600008?input=1195m,https://n.news.naver.com/mnews/article/001/0016320332?sid=101
연세대학교,BREAKNEWS,"전남광주특별시교육청, 성희롱·성폭력 사안대응 지원단 역량 강화 연수...",특히 강사로 나선 최지나 연세대학교 성평등센터 전문상담원은 사안 조사의 핵심인 문답서 및 결과보고서 작성 실습을 알기 쉽게 풀어내 참석자들의 높은 호응을...,2026-09-18 11:40,http://www.breaknews.com/1237740,http://www.breaknews.com/1237740
연세대학교,BUSINESSPOST,"[부음] 김병수 장모, 최현미 부친","서대문구 연세대 세브란스병원 신촌장례식장 3호실, 발인 19일 오전, (02)2227-7500. △최일근(전 해군사관학교 교장·예비역 중장)씨 별세, 김혜숙 남편상, 최현아·최현미(문화일보 논설위원)·최현원 부친상, 노성열...",2026-09-18 11:32,https://www.businesspost.co.kr/BP?command=article_view&num=447563,https://www.businesspost.co.kr/BP?command=article_view&num=447563
연세대학교,EBN,"'난공불락' 파킨슨병 뚫어라…K제약바이오, 잇단 도전장",이노퓨틱스는 현재 연세대 세브란스병원에서 IPS101A의 임상시험 투여를 진행 중이다. ◆성공률은 5% 미만 '극악의 난이도'…성공 시 블록버스터 다만 파킨슨병 치료제 개발은 전체 신약 개발 분야 중에서도 실패 확률...,2026-09-18 11:30,https://www.ebn.co.kr/news/articleView.html?idxno=1724817,https://www.ebn.co.kr/news/articleView.html?idxno=1724817
연세대학교,후생신보,송도세브란스병원 지상공사 금호건설 우선협상대상자 선정,"연세의료원은 송도세브란스병원 지상층 건축공사의 우선협상대상자로 금호건설을 선정했다고 18일 밝혔다.... 최대 800병상 규모의 대형 대학병원으로 조성될 예정이며, 연세대학교 국제캠퍼스와 연계한 바이오·의료...",2026-09-18 11:26,http://www.whosaeng.com/173835,http://www.whosaeng.com/173835
연세대학교,헤럴드경제,‘지능형 위성’으로 우주 AI 시대 연다,"KAI는 자체 개발한 AI 모듈을 우주 기업인 스페이스린텍과 연세대가 추진 중인 큐브 위성에 적용, 우주에서... 스타트업, 대학, 연구기관이 함께 참여하는 생태계가 필요하다”며 “정부는 이런 생태계 조성을 위해...",2026-09-18 11:24,https://biz.heraldcorp.com/article/10878331?ref=naver,https://n.news.naver.com/mnews/article/016/0002699341?sid=101
연세대학교,KOREAHEALTHLOG,관자놀이통증에 신경차단 주사 잘 안 듣는 사람 있는 이유 뭘까?,"건국대병원은 이 병원 안과 신현진 교수, 건국대 해부학교실 최유진 교수, 동아대 해부학교실 신강재 교수, 연세대 해부학교실 김희진 교수, 원광대 해부학교실 이신효 교수 공동연구팀이 안면통증 치료 한계를 부른...",2026-09-18 11:14,https://www.koreahealthlog.com/news/articleView.html?idxno=59077,https://www.koreahealthlog.com/news/articleView.html?idxno=59077
연세대학교,조선일보,"송도세브란스, 20년 만에 드디어…지상층 시공사로 금호건설","송도 세브란스병원은 인천 송도7공구에 조성한 연세대 국제캠퍼스 내 8만5900㎡ 부지에 지하 3층∼지상 13층, 총 800병상 규모로 건립하는 대형 병원이다. 2006년 인천시와 연세의료원이 병원 조성 협약을 맺으면서 사업이...",2026-09-18 11:10,https://realty.chosun.com/site/data/html_dir/2026/09/18/2026091801302.html,https://realty.chosun.com/site/data/html_dir/2026/09/18/2026091801302.html
연세대학교,JASM,인천 송도세브란스병원 지상공사 우선협상대상자에 금호건설,"송도 세브란스병원은 인천 송도국제신도시 7공구 연세대 국제캠퍼스 내 8만5천900㎡ 부지에 지하 3층∼지상 13층, 800병상 규모로 건립된다 연세의료원 관계자는 ""조속한 시일 내 계약을 체결하고 2028년 준공을 목표로...",2026-09-18 11:04,https://www.jasm.co.kr/news/articleView.html?idxno=316397,https://www.jasm.co.kr/news/articleView.html?idxno=316397
연세대학교,KOREAITTIMES,"대웅제약 '나보타', 치과·구강안면 영역으로 학술 접점 확대",구강안면통증·측두하악장애 분야 임상 경험 공유 학회 둘째 날인 27일에는 김성택 연세대학교 치과대학 구강내과 교수가 '보툴리눔 톡신의 구강안면통증 및 측두하악장애 적용'을 주제로 강연한다. 김 교수는...,2026-09-18 10:56,https://www.koreaittimes.com/news/articleView.html?idxno=157309,https://www.koreaittimes.com/news/articleView.html?idxno=157309
연세대학교,IKOREANSPIRIT,문화의 다양한 가치를 엿볼 수 있는 다채로운 전시,"김포다도박물관, 연세대박물관, 더리미미술관 등 공·사립·대학 박물관·미술관의 체험 부스와 기획전시를 한 번에 만나볼 수 있다. '전문가를 위한 박람회'를 표방하는 박물관·미술관 박람회에서는 박람회 주제인...",2026-09-18 10:56,http://www.ikoreanspirit.com/news/articleView.html?idxno=87329,http://www.ikoreanspirit.com/news/articleView.html?idxno=87329
연세대학교,THE-BIZ,"조용병 은행연합회장, 獨 의회와 금융협력 논의… 은행권 유럽 진출 넓...","나겔 총재는 지난해 12월 서울 연세대학교 특별강연에서 양국 모두 수출 의존도가 높고 제조업 기반이 큰 경제라는 점을 강조했다. 2023년 기준 국내총생산(GDP)에서 제조업이 차지하는 비중은 독일이 약 18%, 한국이 24%로...",2026-09-18 10:54,http://www.the-biz.co.kr/news/articleView.html?idxno=728076,http://www.the-biz.co.kr/news/articleView.html?idxno=728076
