대학,언론사,기사 제목,기사 요약,발행시각,언론사 링크,네이버 링크
연세대학교,더팩트,"신한금융, 한·일 금융협력 컨퍼런스서 기후·디지털 금융 논의","연세대학교 환경금융대학원과 한국녹색금융포럼이 주관하고 신한금융이 후원했다. 행사에는 국내외 대학과 연구기관, 금융당국, 아시아개발은행 등 주요 기관 관계자들이 참석했다. 참석자들은 기후전환 금융정책...",2026-09-29 11:27,https://news.tf.co.kr/read/economy/2370672.htm,https://n.news.naver.com/mnews/article/629/0000537609?sid=101
서울대학교,베타뉴스,"윤영석 연금특위 위원장, 여야 공동 토론회…국민·기초·퇴직연금 구조...",박준섭 전 서울대 총학생회장 직무대행은 개혁안이 세대별로 미치는 영향을 공개하고 청년의 정책 설계 참여를 확대해야 한다고 말했다. 윤 위원장은 “보험료율과 소득대체율의 조정을 넘어 연금제도의 구조 자체를...,2026-09-29 11:26,https://www.betanews.net/article/view/beta202609290030,https://www.betanews.net/article/view/beta202609290030
연세대학교,베타뉴스,"윤영석 연금특위 위원장, 여야 공동 토론회…국민·기초·퇴직연금 구조...","양재진 연세대 교수는 현행 국민연금의 기본 틀을 유지하면서 기금운용의 독립성과 수익률을 높이고, 기초연금·퇴직연금을 함께 개편하는 방안을 제안했다. 김학주 동국대 교수는 기대여명과 재정 상황을 반영하는...",2026-09-29 11:26,https://www.betanews.net/article/view/beta202609290030,https://www.betanews.net/article/view/beta202609290030
서울대학교,한국대학신문,"2026 국회 교육위 국정감사, 다음달 7일부터 시작… 교육부·대학 등 67개...",12일에는 △한국학중앙연구원 △한국교육시설안전원 △국가평생교육진흥원 △한국대학교육협의회... 16일에는 서울대·인천대·한국방송통신대·한국교원대·서울과학기술대·서울교육대·한국체육대·한경국립대...,2026-09-29 11:24,https://news.unn.net/news/articleView.html?idxno=597998,https://news.unn.net/news/articleView.html?idxno=597998
서울대학교,서울신문,나주 글로벌 에너지포럼 30일 개막…세계 석학 모인다,"영국의 차세대 상용 핵융합 실증 프로젝트를 이끄는 하워드 윌슨 박사가 기조발표를 맡으며, 노승정 단국대학교 교수, 황용석 서울대학교 교수, 양형렬 K-문샷 프로젝트 PD, 윤병태 나주시장 등이 참석해 핵융합...",2026-09-29 11:24,https://www.seoul.co.kr/news/society/2026/09/29/20260929500092?wlog_tag3=naver,https://n.news.naver.com/mnews/article/081/0003684334?sid=102
서울대학교,헤럴드경제,“추격자는 이제 끝…AI 선도로 패러다임 대전환” [헤럴드 기업포럼 2...,고문과 서울대학교 AI연구원 원장인 이재욱 서울대 컴퓨터공학부 교수가 각각 맡았다.... 권석준 성균관대학교 공과대학 부학장은 “메모리 슈퍼사이클은 무조건적 낙관을 허락하지 않는다”며 “메모리·시스템...,2026-09-29 11:24,https://biz.heraldcorp.com/article/10887426?ref=naver,https://n.news.naver.com/mnews/article/016/0002703097?sid=101
연세대학교,한강타임즈,"신한금융, 한·일 탄소시장·디지털금융 협력 방안 논의","이번 컨퍼런스는 연세대학교 환경금융대학원과 한국녹색금융포럼이 주관하고 신한금융이 후원했으며, 국내외 대학 및 연구기관과 금융당국, 아시아개발은행 등 주요 기관 관계자들이 참석해 ▲기후전환 금융정책...",2026-09-29 11:24,https://www.hg-times.com/news/articleView.html?idxno=305640,https://www.hg-times.com/news/articleView.html?idxno=305640
서울대학교,e대한경제,"“시공 뒤에 머문 엔지니어링, 길잡이로 세워야”","서울대 건설환경硏, ENG‘6대 리셋’ 제안 사업 구상부터 준공까지 역할 확대 원설계자 현장 참여 촉구 설계... 27일 서울대학교 건설환경종합연구소에 따르면 최근 발간한 『VOICE』 제46호 ‘길잡이 없는 한국건설의 성장...",2026-09-29 11:22,https://www.dnews.co.kr/uhtml/view.jsp?idxno=202609242046479600370,https://www.dnews.co.kr/uhtml/view.jsp?idxno=202609242046479600370
서울대학교,CCDAILYNEWS,"예산군 오가면, 자유와 평화 지킨 삼학사 숭고한 뜻 기려","고 강기모 학사는 구세군사관학교를 졸업하고 목회책임자로 발령을 앞두고 있었으며, 한규순 학사는 서울대학교 정치학과 3학년, 박영규 학사는 서울대학교 상학과 3학년에 재학하는 등 모두 고향에서 장래가 촉망되는...",2026-09-29 11:20,https://www.ccdailynews.com/news/articleView.html?idxno=2443432,https://www.ccdailynews.com/news/articleView.html?idxno=2443432
연세대학교,에너지경제,"신한금융, 한·일 ‘금융 협력’ 넓힌다...전환금융·디지털자산 논의","연세대학교 환경금융대학원과 한국녹색금융포럼이 주관하고 신한금융이 후원한 이번 행사에는 국내외 대학과 연구기관, 금융당국, 아시아개발은행 등 관계자들이 참석했다. 참석자들은 기후전환 금융정책과...",2026-09-29 11:20,https://www.ekn.kr/web/view.php?key=20260929024099864,https://www.ekn.kr/web/view.php?key=20260929024099864
연세대학교,글로벌E,"신한금융, 한·일 금융협력 논의···전환금융·디지털자산 협력 모색","이번 행사는 연세대 환경금융대학원과 한국녹색금융포럼이 주관하고 신한금융이 후원했다. 국내외 대학·연구기관과 금융당국, 아시아개발은행 등 관계자들이 참석해 기후전환 금융정책과 디지털금융 혁신, 디지털자산...",2026-09-29 11:20,https://www.globale.co.kr/news/articleView.html?idxno=40689,https://www.globale.co.kr/news/articleView.html?idxno=40689
연세대학교,라포르시안,"대웅제약, 송도에 '첨단바이오의약품 제조소' 개소...""첨단재생의료 상...",대웅제약에 따르면 인천 송도 연세대학교 국제캠퍼스 내에 위치한 바이오 제조소는 글로벌 스탠다드 수준의... 송도 바이오 클러스터가 보유한 연구·의료 인프라를 활용해 지역 내 대학·연구기관·의료기관과 산·학·연...,2026-09-29 11:20,https://www.rapportian.com/news/articleView.html?idxno=240793,https://www.rapportian.com/news/articleView.html?idxno=240793
고려대학교,스마트경제,'21승 11무 20패' 고려대 1승 차 아슬아슬한 선두… 2026 정기 고연전 개...,끌어온 고려대학교와 연세대학교가 다시 한번 뜨거운 맞대결을 펼친다. 일제강점기 민족의 울분을 달래던 보성전문과 연희전만의 대항전에서 시작된 이 역사적인 친선전은 이제 대학가를 넘어 온 국민의 시선을...,2026-09-29 11:20,http://www.dailysmart.co.kr/news/articleView.html?idxno=130343,http://www.dailysmart.co.kr/news/articleView.html?idxno=130343
연세대학교,스마트경제,'21승 11무 20패' 고려대 1승 차 아슬아슬한 선두… 2026 정기 고연전 개...,고려대학교와 연세대학교가 다시 한번 뜨거운 맞대결을 펼친다. 일제강점기 민족의 울분을 달래던 보성전문과 연희전만의 대항전에서 시작된 이 역사적인 친선전은 이제 대학가를 넘어 온 국민의 시선을 사로잡는 지상...,2026-09-29 11:20,http://www.dailysmart.co.kr/news/articleView.html?idxno=130343,http://www.dailysmart.co.kr/news/articleView.html?idxno=130343
서울대학교,헤럴드경제,"NST, 전기硏 강상희·원자력硏 정우식 신임원장 선임","강상희 한국전기연구원 신임 원장은 서울대에서 1985년 전기공학 학사, 1987년 전기공학 석사, 1993년... 정우식 한국원자력연구원 신임 원장은 서울대에서 1987년 원자핵공학 학사, KAIST에서 1989년 원자력공학 석사...",2026-09-29 11:19,https://biz.heraldcorp.com/article/10887406?ref=naver,https://n.news.naver.com/mnews/article/016/0002703089?sid=105
연세대학교,헤럴드경제,"신한금융, 한일 컨퍼런스서 기후·디지털 금융협력 논의","연세대 환경금융대학원과 한국녹색금융포럼이 주관하고 신한금융이 후원한 이 행사에는 이찬진(왼쪽 두 번째) 금융감독원장, 이토 유타카(왼쪽) 일본 금융청장, 황성엽(오른쪽 두 번째) 한국금융투자협회장, 정상혁...",2026-09-29 11:19,https://biz.heraldcorp.com/article/10887404?ref=naver,https://n.news.naver.com/mnews/article/016/0002703087?sid=101
고려대학교,잡포스트,AI로 되살린 고려 건축…은평서 만나는 황해도 '성불사 극락전',"은평구는 29일부터 오는 11월 1일까지 은평역사한옥박물관에서 '디지털로 되살린 고려 건축: 황해도 성불사... 두 기관을 비롯해 고려대학교 건축문화유산연구실과 ㈜위즈코어, 단한옥 등이 참여해 건축사 연구와 디지털...",2026-09-29 11:18,https://www.job-post.co.kr/news/articleView.html?idxno=229570,https://www.job-post.co.kr/news/articleView.html?idxno=229570
서울대학교,전북도민일보,제12회 가천그림그리기대회 수상자 발표,"가천대학교 이길여 총장 한편, 이길여 총장은 대야면에서 태어나 대야초교(21회),서울대학교 의과대학, 일본대학교 의학부(의학박사)를 졸업했고 카이스트 명예 이학박사다. 가천대길병원 설립과 국내 최초 진료...",2026-09-29 11:18,http://www.domin.co.kr/news/articleView.html?idxno=1570281,http://www.domin.co.kr/news/articleView.html?idxno=1570281
연세대학교,더퍼블릭,"대웅제약, 송도 첨단바이오의약품 제조소 개소…임상·생산 기반 확보","대웅제약은 28일 인천 송도 연세대학교 국제캠퍼스 내 첨단바이오의약품 제조소 개소식을 열었다고 밝혔다.... 또 송도 바이오 클러스터의 연구·의료 인프라를 활용해 지역 대학과 연구기관, 의료기관 등과 산·학·연·병...",2026-09-29 11:18,https://www.thepublic.kr/news/articleView.html?idxno=320392,https://www.thepublic.kr/news/articleView.html?idxno=320392
서울대학교,시민의소리,나주 글로벌 에너지포럼 30일 개막… 세계 석학 한자리,"나주 글로벌 에너지포럼 2026이 30일부터 10월 1일까지 한국에너지공과대학교에서 열린다. 지난해 노벨화학상... 황용석 서울대 교수, 양형렬 K-문샷 프로젝트 PD, 윤병태 나주시장이 참여한다. 윤병태 시장은 '인공태양으로...",2026-09-29 11:16,https://www.siminsori.com/news/articleView.html?idxno=401767,https://www.siminsori.com/news/articleView.html?idxno=401767
연세대학교,포인트데일리,"대웅제약, '첨단바이오의약품 제조소' 개소",대웅제약이 인천 송도 연세대 국제캠퍼스 내에 ﻿첨단바이오의약품 제조소를 개소했다. 박성수 대웅제약... 또한 송도 바이오 클러스터가 보유한 연구·의료 인프라를 활용해 지역 내 대학·연구기관·의료기관과 기업·대학...,2026-09-29 11:16,https://www.pointdaily.co.kr/news/articleView.html?idxno=320668,https://www.pointdaily.co.kr/news/articleView.html?idxno=320668
서울대학교,이뉴스투데이,"강남심포니, '아메리카노'로 떠나는 음악여행, 올해 마티네콘서트 피날...",미국 링컨센터를 비롯한 세계 무대에서 초청 리사이틀과 마스터클래스를 이어왔으며 현재 서울대학교에 출강하고 있다. 이번 공연은 초등학생 이상 관람할 수 있으며 티켓은 전석 2만원이다. 예스24 티켓을 통해 예매할...,2026-09-29 11:15,http://www.enewstoday.co.kr/news/articleView.html?idxno=2475010,http://www.enewstoday.co.kr/news/articleView.html?idxno=2475010
서울대학교,남도일보,"전남광주통합특별시 초대 산업경제부시장, 강명수 전 산자부 상임위원...","서울대 경제학과와 같은 대학 행정대학원을 거쳐 미국 미주리주립대에서 경제학 박사 학위를 받았다. 공직 초기에는 지식경제부에서 수출입과장, 바이오나노과장, 정보통신정책과장을 맡았다. 이후...",2026-09-29 11:14,https://www.namdonews.com/news/articleView.html?idxno=924670,https://www.namdonews.com/news/articleView.html?idxno=924670
연세대학교,청년의사,"""임상 현장의 목소리가 신약이 된다""…송당 암 심포지엄, 11월 5일 개최",연세대 의과대학 연세의생명연구원 송당암연구센터는 오는 11월 5일 신촌 세브란스병원 은명대강당에서 '제31회 연세의대 송당암연구센터 암 심포지엄'을 개최한다. 이번 행사는 '임상적 요구와 신약 개발의 연결...,2026-09-29 11:14,http://www.docdocdoc.co.kr/news/articleView.html?idxno=3043098,http://www.docdocdoc.co.kr/news/articleView.html?idxno=3043098
서울대학교,FORBESKOREA,강인철 플러그링크 대표 - 전기차 5만 대 충전망 만든 성장 공식,서울대학교 기계항공공학부를 졸업한 후 PwC 삼일회계법인 회계사를 거쳐 에너지인프라자산운용에서 한전펀드 운용과 투자 업무를 담당했다. 이후 태양광 스타트업 엔라이튼(옛 솔라커넥트)에서 최고운영책임자(COO)로...,2026-09-29 11:12,https://www.forbeskorea.co.kr/news/articleView.html?idxno=402593,https://www.forbeskorea.co.kr/news/articleView.html?idxno=402593
연세대학교,인더뉴스,"‘연구에서 임상으로’…대웅제약, 송도에 첨단바이오의약품 제조소 열...","대웅제약은 인천 송도 연세대학교 국제캠퍼스에 ‘첨단바이오의약품 제조소’를 신설하고 지난 28일... 송도 바이오 클러스터 내 대학과 연구기관, 의료기관과의 협력도 강화합니다. 산·학·연·병 오픈이노베이션을 통해...",2026-09-29 11:12,https://www.inthenews.co.kr/news/article.html?no=92440,https://www.inthenews.co.kr/news/article.html?no=92440
연세대학교,한국경제TV,"대웅제약, 바이오의약품 제조소 신설…”첨단바이오 물질 생산”",인천 송도 연세대학교 국제캠퍼스 내에 위치한 바이오 제조소는 글로벌 스탠다드 수준의 무균 제조 및... 대웅제약은 송도 바이오 클러스터가 보유한 인프라를 활용해 지역 내 대학·연구기관·의료기관과 오픈이노베이션...,2026-09-29 11:12,http://www.wowtv.co.kr/NewsCenter/News/Read?articleId=A202609290062&t=NN,https://n.news.naver.com/mnews/article/215/0001267522?sid=101
연세대학교,소비자가 만드는 신문,"대웅제약, 인천 송도에 세포치료제 임상·생산 거점 구축","대웅제약은 지난 28일 인천 송도 연세대학교 국제캠퍼스에 위치한 '첨단바이오의약품 제조소' 개소식을... 송도 바이오 클러스터 내 대학과 연구기관, 의료기관과의 협력도 강화한다. 산·학·연·병 오픈이노베이션을...",2026-09-29 11:12,http://www.consumernews.co.kr/news/articleView.html?idxno=764815,http://www.consumernews.co.kr/news/articleView.html?idxno=764815
연세대학교,FOODNEWS,"""대학 축제서 도파민 충전""…매일유업, Z세대 마음 잡는다",지난 22일 연세대 신촌 캠퍼스 축제에서 첫 선을 보인 '매일 도파민 충전소'. 사진=매일유업 매일유업이 가을 대학 축제 현장을 찾아 Z세대 청춘들과의 소통에 나섰다. 매일유업은 학업과 취업 준비로 지친 대학생들에게...,2026-09-29 11:12,http://www.foodnews.co.kr/news/articleView.html?idxno=120331,http://www.foodnews.co.kr/news/articleView.html?idxno=120331
연세대학교,코메디닷컴,제24회 화이자의학상 수상자에 장보근·김중선·김동욱 교수,한국화이자제약은 제24회 화이자의학상 수상자로 제주대 의대 장보근 교수와 연세대 의대 김중선·김동욱... 임상의학상 수상의 영예는 연세대 의대 내과학교실 심장내과 김중선 교수가 안았다. 심방세동 환자의 장기 치료...,2026-09-29 11:11,https://kormedi.com/?p=2874627,https://n.news.naver.com/mnews/article/296/0000105360?sid=102
연세대학교,주간한국,"대웅제약, 송도 첨단바이오의약품 제조소 개소",송도 연세대학교 국제캠퍼스에서 열린 '첨단바이오의약품 제조소 개소식'에서 기념사진을 촬영하고 있다.... 또한 송도 바이오 클러스터가 보유한 연구·의료 인프라를 활용해 지역 내 대학·연구기관·의료기관과 산·학...,2026-09-29 11:10,https://weekly.hankooki.com/news/articleView.html?idxno=7186358,https://weekly.hankooki.com/news/articleView.html?idxno=7186358
연세대학교,아주경제,"대웅제약, 인천 송도에 첨단바이오의약품 제조소 개소… ""연내 허가 추...",대웅제약은 인천 송도 연세대학교 국제캠퍼스에 '첨단바이오의약품 제조소'를 신설하고 개소식을 열었다고... 송도 바이오 클러스터의 연구·의료 인프라를 활용해 대학·연구기관·의료기관과의 산·학·연·병 협력도...,2026-09-29 11:10,https://www.ajunews.com/view/20260929110444238,https://www.ajunews.com/view/20260929110444238
고려대학교,바스켓코리아,[대학리그] AG 금메달리스트 구민교의 성균관대 복귀! “이 분위기에 피...,"성균관대는 28일 건국대학교 글로컬캠퍼스 체육관에서 열린 2026 KUSF 대학농구 U-리그 남대부 경기에서... 구민교지만, 대학 리그 챔피언결정전 우승은 없는 구민교다. 특히 지난 시즌 챔피언결정전에서 고려대에 패하며...",2026-09-29 11:10,https://basketkorea.com/news/newsview.php?ncode=1065578879278964,https://m.sports.naver.com/basketball/article/351/0000088419
서울대학교,뉴스핌,'나주 글로벌 에너지포럼' 30일 개막…글로벌 석학·기업·청년 인재 집...,29일 나주시에 따르면 '나주 글로벌 에너지포럼 2026'이 오는 30일부터 내달 1일까지 한국에너지공과대학교에... 황용석 서울대 교수 등이 기술 발전과 산업 생태계 조성 방안을 논의한다. 윤병태 나주시장은...,2026-09-29 11:09,https://www.newspim.com/news/view/20260929000450,https://www.newspim.com/news/view/20260929000450
연세대학교,뉴스케이알,"신한금융, 한·일 기후·디지털 금융협력 모색","컨퍼런스 주관은 연세대 환경금융대학원과 한국녹색금융포럼이 맡았다. 국내외 대학·연구기관과 금융당국, 아시아개발은행(ADB) 관계자들이 자리했다. 참석자들은 기후전환을 뒷받침할 금융정책, 디지털금융 혁신...",2026-09-29 11:08,http://www.newskr.kr/news/articleView.html?idxno=106744,http://www.newskr.kr/news/articleView.html?idxno=106744
연세대학교,공감신문,"대웅제약, 송도에 최첨단 바이오공장 설립…글로벌 시장 공략 가속화","내 대학과 연구기관, 그리고 의료기관과의 개방형 혁신 협력을 강화하여 연구 성과를 임상과 치료로 끌어내는 지속 가능한 생태계를 조성하고자 한다. 공식 개소식에는 보건복지부, 인천경제자유구역청, 그리고 연세대 등...",2026-09-29 11:08,https://www.gokorea.kr/news/articleView.html?idxno=879913,https://www.gokorea.kr/news/articleView.html?idxno=879913
연세대학교,소셜밸류,"대웅제약, 송도 ‘첨단바이오의약품 제조소’ 신설…난치질환 치료제 상...",인천 송도 연세대학교 국제캠퍼스 내에 위치한 바이오 제조소는 글로벌 스탠다드 수준의 무균 제조 및... 또한 송도 바이오 클러스터가 보유한 연구·의료 인프라를 활용해 지역 내 대학·연구기관·의료기관과 산·학·연...,2026-09-29 11:08,https://www.socialvalue.kr/news/view/1065578829283469,https://www.socialvalue.kr/news/view/1065578829283469
연세대학교,베리타스알파,"[단독] [2027 9월모평 실채점 배치표] 대성학원, 서울대 의예 표점 414점...","이어 연세대/가톨릭대 의예가 각 413점, 성균관대 의예가 411점, 고려대/울산대 의예가 각 410점인 것으로... /사진=베리타스알파DB 대학 지원가능점수.. 자연 서울대 의예 414점, 인문 이대 의예(인문) 405점 '톱...",2026-09-29 11:08,https://www.veritas-a.com/news/articleView.html?idxno=629820,https://www.veritas-a.com/news/articleView.html?idxno=629820
서울대학교,베리타스알파,"[단독] [2027 9월모평 실채점 배치표] 대성학원, 서울대 의예 표점 414점...","인서울 의대 합격을 위해선 408점 이상이어야 할 것으로 분석된다. 의대에 이어 의약계열을 살펴보면, 치대는 서울대가 409점으로 가장 높고 조선대 406점, 연대 405점 순이다. 약대는 서울대가 405점으로 가장 높고...",2026-09-29 11:08,https://www.veritas-a.com/news/articleView.html?idxno=629820,https://www.veritas-a.com/news/articleView.html?idxno=629820
고려대학교,베리타스알파,"[단독] [2027 9월모평 실채점 배치표] 대성학원, 서울대 의예 표점 414점...","이어 연세대/가톨릭대 의예가 각 413점, 성균관대 의예가 411점, 고려대/울산대 의예가 각 410점인 것으로... /사진=베리타스알파DB 대학 지원가능점수.. 자연 서울대 의예 414점, 인문 이대 의예(인문) 405점 '톱...",2026-09-29 11:08,https://www.veritas-a.com/news/articleView.html?idxno=629820,https://www.veritas-a.com/news/articleView.html?idxno=629820
고려대학교,스포츠서울,“눈물 나려고 해” 영탁 등장하자 노래교실 뒤집어졌다…어머님들 ‘...,"영탁은 오는 10월 3~5일 서울 고려대 화정체육관에서 ‘TAK SHOW5’의 포문을 연다. 이후 24~25일 전주, 11월 28~29일 대구, 12월 19~20일 인천, 내년 1월 16~17일 부산으로 이어진다.",2026-09-29 11:07,https://www.sportsseoul.com/news/read/1638204?ref=naver,https://m.entertain.naver.com/article/468/0001269391
연세대학교,파이낸셜뉴스,"신한금융, 한·일 금융협력 확대...기후·디지털금융 협력 모색","연세대학교 환경금융대학원과 한국녹색금융포럼이 주관하고 신한금융이 후원한 이번 컨퍼런스에는 국내외 대학 및 연구기관, 금융당국, 아시아개발은행 등 주요 기관 관계자들이 참석해 △기후전환 금융정책...",2026-09-29 11:05,https://www.fnnews.com/news/202609290931548369,https://n.news.naver.com/mnews/article/014/0005582173?sid=101
연세대학교,뉴스웍스,"대웅제약, 산·학·병 잇는 '첨단바이오의약품 제조소' 송도 개소","28일 열린 개소식에는 보건복지부, 인천경제자유구역청, 범부처재생의료기술개발사업단, 연세대학교 등... 아울러 송도 바이오 클러스터가 보유한 연구·의료 인프라를 활용해 지역 내 대학·연구기관·의료기관과 기업...",2026-09-29 11:04,https://www.newsworks.co.kr/news/articleView.html?idxno=854997,https://www.newsworks.co.kr/news/articleView.html?idxno=854997
고려대학교,비욘드포스트,"큐엔스마트, 질문하는 AI 토론 플랫폼 '다빈치큐' 출시",김 대표는 미국 하버드대학교를 거쳐 컬럼비아대에서 교육학 석사 학위를 받았다. 귀국 후 교사 대상 창의·융합교육 강의와 교육 프로그램 개발 등을 진행했으며 고려대학교 교육대학원 겸임교수로 창의성 계발 관련...,2026-09-29 11:04,http://www.beyondpost.co.kr/view.php?ud=202609291057423584be44c0aacd_30,http://www.beyondpost.co.kr/view.php?ud=202609291057423584be44c0aacd_30
연세대학교,점프볼,"[KBL 개막 D-4] “드래프트, 한 달만 앞당기면 안 되는 거죠?” 주목해야...","대학 최고의 스코어러 중 한 명이다. 올 시즌 평균 17.5점 4.5리바운드 4.5어시스트, 3점슛 성공률 41.5%(39/94)를 기록하며 앞서 언급한 자원들을 위협할 로터리픽 후보로 꼽힌다. 볼 핸들러가 필요한 팀에는 연세대...",2026-09-29 11:03,https://m.sports.naver.com/basketball/article/065/0000302147,https://m.sports.naver.com/basketball/article/065/0000302147
고려대학교,점프볼,"[KBL 개막 D-4] “드래프트, 한 달만 앞당기면 안 되는 거죠?” 주목해야...",여러 선수가 1순위 후보로 언급되는 가운데 가장 강력한 후보는 여전히 고려대 4학년 이동근이다.... 이후에도 꾸준히 성장해 지금은 대학 최고의 공격력을 자랑한다. 빠른 스피드를 활용한 돌파 등 개인 공격...,2026-09-29 11:03,https://m.sports.naver.com/basketball/article/065/0000302147,https://m.sports.naver.com/basketball/article/065/0000302147
연세대학교,이사이언스,"대웅제약, 송도에 첨단바이오 제조소 구축...연구·임상 연결 거점 확보",대웅제약은 28일 인천 송도 연세대학교 국제캠퍼스에 첨단바이오의약품 제조소를 신설하고 개소식을 열었다.... 송도 바이오 클러스터의 연구·의료 인프라를 활용한 산·학·연·병(기업·대학·연구기관·병원) 협력도...,2026-09-29 11:02,https://www.e-science.co.kr/news/articleView.html?idxno=136266,https://www.e-science.co.kr/news/articleView.html?idxno=136266
연세대학교,포스인사이트,"신한금융, 한·일 '전환금융' 협력 나선다…790조 기후금융 시장 대응","연세대학교 환경금융대학원과 한국녹색금융포럼이 주관하고 신한금융이 후원한 이번 컨퍼런스는 '아시아의 신뢰할 수 있는 기후금융 인프라 구축'을 주제로 열렸다. 국내외 대학과 연구기관, 금융당국, 아시아개발은행...",2026-09-29 11:02,http://www.4th.kr/news/articleView.html?idxno=2118819,http://www.4th.kr/news/articleView.html?idxno=2118819
연세대학교,에너지경제,"[똑똑한소비] 매일유업, CJ제일제당, 빙그레, 오리온, KT&G, 교촌치킨, 본...",'매일 도파민 충전소'는 대학 축제 현장에서 매일유업의 다양한 브랜드와 제품을 체험할 수 있도록 꾸민 공간이다. 지난 22일 연세대학교 신촌캠퍼스에서 첫 행사를 진행했으며 다음달 1~2일 한양대학교 서울캠퍼스...,2026-09-29 11:00,https://www.ekn.kr/web/view.php?key=20260929020549798,https://www.ekn.kr/web/view.php?key=20260929020549798
서울대학교,아시아경제,"[파워K우먼]""극심한 통제 등 교제폭력 전조증상…다 살릴 수 있던 사건...","▶허민숙 국회입법조사처 입법조사관은 미국 오하이오주립대학교에서 여성학 박사 학위를 받았으며, 서울대학교 여성연구소 선임연구원과 이화여자대학교 한국여성연구소 연구교수를 거쳤다. 현재 국회입법조사처...",2026-09-29 11:00,https://view.asiae.co.kr/article/2026092814164411334,https://n.news.naver.com/mnews/article/277/0005822059?sid=100
서울대학교,연합뉴스,"전남광주시 산업경제부시장, 강명수 전 산자부 상임위원 임명","전남 나주 출신인 강 부시장은 서울대 경제학과 학사, 서울대 행정대학원 석사, 미국 미주리주립대 박사 학위를 취득했으며 1992년 행시 35회로 공직에 입문했다. 지식경제부에서 수출입과장·바이오나노과장...",2026-09-29 11:00,https://www.yna.co.kr/view/AKR20260929077900054?input=1195m,https://n.news.naver.com/mnews/article/001/0016342985?sid=102
서울대학교,충청리뷰,"배일권 신임 세종부시장 ""행정수도 특별법 연내 통과 최우선""",1972년 서울 출생인 배 부시장은 서울대학교 사회학과를 졸업하고 서울대와 미국 시라큐스대학교 대학원에서 행정학 석사학위를 받았다. 42회 행정고시에 합격해 1999년 공직에 입문했다. 행정안전부 인공지능정부실 초대...,2026-09-29 11:00,https://www.ccreview.co.kr/news/articleView.html?idxno=358657,https://www.ccreview.co.kr/news/articleView.html?idxno=358657
고려대학교,중부일보,[건강칼럼] 우리 아이 아토피 제대로 관리하려면,기본적인 치료만으로 증상이 충분히 조절되지 않거나 중등도 이상에서는 생물학적제제 등을 고려할 수 있다.... 치료와 생활습관을 이어간다면 충분히 안정적으로 관리할 수 있다. 손상욱 고려대 안산병원 피부과 교수,2026-09-29 10:58,https://www.joongboo.com/news/articleView.html?idxno=363737941,https://www.joongboo.com/news/articleView.html?idxno=363737941
서울대학교,일요서울,"고동진 의원 ""AI 전력 수요 대응 위해 원전 역할 확대해야""… 원자력 국...",고동진 국민의힘 의원(서울 강남구 병). [사진=고동진 의원실] 인공지능(AI) 산업 확산으로 데이터센터 등에서... 발제는 주한규 서울대학교 원자핵공학과 교수가 맡는다. 이어 이유호 서울대학교 원자핵공학과 교수와...,2026-09-29 10:58,https://www.ilyoseoul.co.kr/news/articleView.html?idxno=523088,https://www.ilyoseoul.co.kr/news/articleView.html?idxno=523088
연세대학교,법률저널,[이창현 교수의 형사교실] 최근 형사소송법 주요 판례(16),"재판과 상소, 재심과 비상상고, 집행 ​이창현 한국외국어대학교 법학전문대학원 교수 1. 사후적으로 형법... 연세대 법대 졸업, 서울북부·제천·부산·수원지검 검사 법무법인 세인 대표변호사 이용호 게이트 특검...",2026-09-29 10:58,http://www.lec.co.kr/news/articleView.html?idxno=752784,http://www.lec.co.kr/news/articleView.html?idxno=752784
연세대학교,뷰어스,"[유통갤러리] 매일유업, 대학 축제 체험형 부스 ‘매일 도파민 충전소’...",‘매일 도파민 충전소’는 학업과 취업 준비로 지친 대학생들의 일상에 건강하고 즐거운 자극을 선물한다는 콘셉트로 기획된 체험 공간이다. 지난 9월22일 연세대학교 신촌 캠퍼스 축제 현장에서 첫 선을 보인 부스...,2026-09-29 10:58,https://theviewers.co.kr/View.aspx?No=4244433,https://theviewers.co.kr/View.aspx?No=4244433
고려대학교,현대불교신문,"정선 정암사, 가을 산사에서 인문학과 국악의 만남","고려대학교에서 문화 및 사회심리학 박사학위를 받은 한 교수는 방송과 강연을 통해 심리학을 대중에게 알기 쉽게 전달해 왔다. 이번 강연에서는 인간의 기억이 어떻게 왜곡되고 재구성되는지, 우리가 바라보는 세상이...",2026-09-29 10:58,https://www.hyunbulnews.com/news/articleView.html?idxno=505486,https://www.hyunbulnews.com/news/articleView.html?idxno=505486
연세대학교,매일신문,"[속보] 최민희, '암살자(들)' 허진호 감독 국감 출석 추진에 ""국회가 영...",허진호 감독은 1963년 전북 전주 출생으로 연세대학교 철학과를 졸업하고 한국영화아카데미 9기를 수료했다. 1998년 '8월의 크리스마스'로 장편 데뷔해 '봄날은 간다' '외출' '행복' 등으로 한국 멜로영화를 대표하는...,2026-09-29 10:57,https://www.imaeil.com/page/view/2026092910532575924,https://n.news.naver.com/mnews/article/088/0001031101?sid=100
고려대학교,중부일보,"추석에 불어난 체중, 급하게 빼려고 마세요","권영근 고려대학교 안암병원 비만대사센터 교수는 ""추석에는 평소보다 다양한 음식을 접하고 식사량이 늘어날 수 있지만, 많이 먹었다는 죄책감 때문에 연휴 전후로 굶는 방식의 체중 조절을 반복할 필요는 없다""며...",2026-09-29 10:56,https://www.joongboo.com/news/articleView.html?idxno=363737942,https://www.joongboo.com/news/articleView.html?idxno=363737942
서울대학교,뉴스핌,윤종규 전 KB 회장 현업 복귀?…차기 은행연합회장 레이스 관심,"1955년 전남 나주 출생인 그는 광주상고와 성균관대학교, 서울대학교를 거쳐 외환은행에서 금융권 경력을 시작했다. 공인회계사 합격 이후에는 삼일회계법인으로 옮겨 부대표까지 지냈다. 2002년 재무전략기획본부장...",2026-09-29 10:56,https://www.newspim.com/news/view/20260929000413,https://www.newspim.com/news/view/20260929000413
연세대학교,로이슈,"KT에스테이트, 청년안심주택 ‘리마크빌 마포’ 499세대 공급","경의선숲길과 망원한강공원 등 여가 공간도 가깝고, 서강대·연세대·이화여대·홍익대 등 주요 대학이 인접해 청년층 주거 수요를 폭넓게 수용할 수 있는 입지다. 주택형은 1룸과 1.5룸 위주다. 1룸은 실사용 면적 약...",2026-09-29 10:54,http://www.lawissue.co.kr/view.php?ud=20260929105118985967191f6c6e_12,http://www.lawissue.co.kr/view.php?ud=20260929105118985967191f6c6e_12
연세대학교,EBN 산업경제,"기업·대학·병원 생태계 잇는다…대웅제약, '첨단바이오의약품 제조소...",29일 대웅제약에 따르면 인천 송도 연세대학교 국제캠퍼스 내에 위치한 바이오 제조소는 글로벌 스탠다드... 송도 바이오 클러스터가 보유한 연구·의료 인프라를 활용해 지역 내 대학·연구기관·의료기관과 산·학·연·병...,2026-09-29 10:54,https://www.ebn.co.kr/news/articleView.html?idxno=1725982,https://www.ebn.co.kr/news/articleView.html?idxno=1725982
연세대학교,넥스트데일리,"매일유업, 대학 축제서 체험형 부스 '매일 도파민 충전소' 운영…Z세대...",매일유업은 서울 주요 대학의 축제 현장을 직접 찾아가 학생들이 여러 브랜드와 제품을 재미있게 접해 볼 수 있는 자리를 마련했다. 지난 9월 22일 연세대 신촌캠퍼스 축제에서 처음 문을 열어 학생들의 큰 호응을 얻었고...,2026-09-29 10:54,https://www.nextdaily.co.kr/news/articleView.html?idxno=253420,https://www.nextdaily.co.kr/news/articleView.html?idxno=253420
서울대학교,파이낸셜뉴스,"지평법정책연구소, '에너지 전환기의 법정책 과제' 세미나 [로펌소식]","이날 조홍종 단국대학교 경제학과 교수는 '에너지 전환기의 국내 전력산업의 구조적 문제점 및 개선 방향'을... 제안한 박현준 서울대학교 학생(대표/법학전문대학원), 박수환(에너지시스템공학부) 학생팀에게 돌아갔다.",2026-09-29 10:53,https://www.fnnews.com/news/202609291007288360,https://n.news.naver.com/mnews/article/014/0005582157?sid=102
고려대학교,조선일보,"웅진IT, 말레이시아 유학생 교류회 개최… 글로벌 IT 인재 확보 나서","올해는 고려대, 성균관대, 연세대, 한양대 등 4개 대학에서 정보시스템, 데이터, 컴퓨터, 소프트웨어 등을 전공하는 유학생 21명이 참여했다. 참가자들은 웅진의 본부별 주요 사업과 말레이시아 법인에 대한 소개를 듣고...",2026-09-29 10:50,https://edu.chosun.com/site/data/html_dir/2026/09/29/2026092980068.html,https://edu.chosun.com/site/data/html_dir/2026/09/29/2026092980068.html
연세대학교,조선일보,"웅진IT, 말레이시아 유학생 교류회 개최… 글로벌 IT 인재 확보 나서","올해는 고려대, 성균관대, 연세대, 한양대 등 4개 대학에서 정보시스템, 데이터, 컴퓨터, 소프트웨어 등을 전공하는 유학생 21명이 참여했다. 참가자들은 웅진의 본부별 주요 사업과 말레이시아 법인에 대한 소개를 듣고...",2026-09-29 10:50,https://edu.chosun.com/site/data/html_dir/2026/09/29/2026092980068.html,https://edu.chosun.com/site/data/html_dir/2026/09/29/2026092980068.html
연세대학교,글로벌이코노믹,"신한금융, 한·일 금융협력 컨퍼런스 기후·디지털금융 논의","이번 컨퍼런스는 연세대학교 환경금융대학원과 한국녹색금융포럼이 주관하고 신한금융이 후원했다. 국내외 대학과 연구기관, 금융당국, 아시아개발은행(ADB) 등 관계자들이 참석해 기후전환 금융정책과 디지털금융 혁신...",2026-09-29 10:50,https://www.g-enews.com/view.php?ud=202609290904469741bb91c46fcd_1,https://www.g-enews.com/view.php?ud=202609290904469741bb91c46fcd_1
연세대학교,토요경제,[산업계 소식] KT&G 프랑스 면세박람회 참가…웅진IT 15명 채용·코라솔...,"웅진IT는 국내 대학에 재학 중인 말레이시아 유학생을 대상으로 교류회를 열었다. 올해 행사에는 고려대와 성균관대, 연세대, 한양대에서 정보시스템과 데이터, 컴퓨터, 소프트웨어 등을 전공하는 유학생 21명이...",2026-09-29 10:50,https://sateconomy.co.kr/news/view/1065576751754912,https://sateconomy.co.kr/news/view/1065576751754912
연세대학교,파이낸셜뉴스,"웅진, 국내 유학생을 해외 현지 법인 전력으로","이날 행사에는 고려대, 성균관대, 연세대, 한양대 등 국내 4개 대학에서 정보시스템, 데이터, 컴퓨터, 소프트웨어 등을 전공하는 말레이시아 유학생 21명이 참가했다. 참가자들은 웅진의 본부별 주요 사업과 말레이시아...",2026-09-29 10:50,https://www.fnnews.com/news/202609291048135729,https://n.news.naver.com/mnews/article/014/0005582154?sid=102
서울대학교,KBS,"KBS, ‘청년세대 양성평등’ 국회 정책 포럼 개최","오늘(29일) 오전 국회 의원회관에서 이석원 서울대학교 행정대학원 교수의 발제로 진행된 포럼을 통해 참석자들은 청년세대의 양성평등 인식 변화와 젠더갈등을 분석하고, 갈등 완화 및 사회 통합 방안 등을...",2026-09-29 10:50,https://news.kbs.co.kr/news/pc/view/view.do?ncd=8673558&ref=A,https://n.news.naver.com/mnews/article/056/0012264795?sid=100
고려대학교,파이낸셜뉴스,"웅진, 국내 유학생을 해외 현지 법인 전력으로","이날 행사에는 고려대, 성균관대, 연세대, 한양대 등 국내 4개 대학에서 정보시스템, 데이터, 컴퓨터, 소프트웨어 등을 전공하는 말레이시아 유학생 21명이 참가했다. 참가자들은 웅진의 본부별 주요 사업과 말레이시아...",2026-09-29 10:50,https://www.fnnews.com/news/202609291048135729,https://n.news.naver.com/mnews/article/014/0005582154?sid=102
고려대학교,토요경제,[산업계 소식] KT&G 프랑스 면세박람회 참가…웅진IT 15명 채용·코라솔...,"웅진IT는 국내 대학에 재학 중인 말레이시아 유학생을 대상으로 교류회를 열었다. 올해 행사에는 고려대와 성균관대, 연세대, 한양대에서 정보시스템과 데이터, 컴퓨터, 소프트웨어 등을 전공하는 유학생 21명이...",2026-09-29 10:50,https://sateconomy.co.kr/news/view/1065576751754912,https://sateconomy.co.kr/news/view/1065576751754912
연세대학교,파이낸셜투데이,"대웅제약, 송도 시대 본격 개막…산·학·연·병 잇는 '첨단바이오의약...","인천 송도 연세대학교 국제캠퍼스 내에 자리 잡은 바이오 제조소는 글로벌 스탠다드에 부합하는 무균 제조... 특히 송도 바이오 클러스터가 지닌 우수한 연구·의료 인프라를 적극 활용해 지역 내 대학, 연구소, 병원과...",2026-09-29 10:48,http://www.ftoday.co.kr/news/articleView.html?idxno=366250,http://www.ftoday.co.kr/news/articleView.html?idxno=366250
연세대학교,주간한국,"고려대·연세대, 내달 2~3일 '2026 연고전' 개최",사진=고려대  고려대와 연세대가 오는 10월 2~3일 '2026 정기 연고전'을 개최한다고 29일 밝혔다. 양교 정기전은 주최교에 따라 명칭이 달라진다. 올해는 고려대가 주최교로 '연고전'이 정식 명칭이고 연세대가 주최할...,2026-09-29 10:48,https://weekly.hankooki.com/news/articleView.html?idxno=7186346,https://weekly.hankooki.com/news/articleView.html?idxno=7186346
서울대학교,이코노텔링,[권능오 노무사의 노동법률 이야기] (97) 직원을 '죄인'으로 만드는 이유,이코노텔링 권능오 편집위원(노무사) ■이코노텔링 권능오 편집위원(노무사)■ 서울대학교를 졸업 후 중앙일보 인사팀장 등을 역임하는 등 20년 이상 인사·노무 업무를 수행했다. 현재는 율탑노무사사무소(서울강남)...,2026-09-29 10:48,http://www.econotelling.com/news/articleView.html?idxno=21363,http://www.econotelling.com/news/articleView.html?idxno=21363
고려대학교,주간한국,"고려대·연세대, 내달 2~3일 '2026 연고전' 개최",사진=고려대  고려대와 연세대가 오는 10월 2~3일 '2026 정기 연고전'을 개최한다고 29일 밝혔다. 양교 정기전은 주최교에 따라 명칭이 달라진다. 올해는 고려대가 주최교로 '연고전'이 정식 명칭이고 연세대가 주최할...,2026-09-29 10:48,https://weekly.hankooki.com/news/articleView.html?idxno=7186346,https://weekly.hankooki.com/news/articleView.html?idxno=7186346
서울대학교,투데이에너지,[입찰정보] 9월 29일자,발주처: 서울대학교 마감일: 2026/10/06 10:00 ◆프라임홀 환경개선공사 전기공사 발주처: 전남대학교 마감일: 2026/10/07 10:00 ◆정보통신실 노후 무정전전원장치(UPS) 교체 전기공사 발주처: 전북특별자치도...,2026-09-29 10:48,https://www.todayenergy.kr/news/articleView.html?idxno=303579,https://www.todayenergy.kr/news/articleView.html?idxno=303579
고려대학교,전자신문,"K-컬처콘텐츠산업협회, 'K-콘텐츠 STO 최고경영자과정' 개설","정운찬 전 국무총리를 비롯해 김형중 전 고려대 교수, 우정권 단국대 교수, 김재욱 열매컴퍼니 대표, 정현경 뮤직카우 대표, 금융·증권·법률·기술 분야 전문가 등이 강사진으로 참여할 예정이다. 특히 단순 강의보다...",2026-09-29 10:48,https://www.etnews.com/20260929000132,https://n.news.naver.com/mnews/article/030/0003470630?sid=101
연세대학교,기호일보,"한층 깊어진 울림, 두 번째 무대에 오른다",정한결 상임지휘자의 지휘로 한국예술종합학교 음악원 기악과 교수인 바이올리니스트 이지혜와 연세대학교 음악대학 관현악과 교수인 첼리스트 문태국이 협연한다. 두 연주자와 청소년 단원들이 맞출 세대를 아우르는...,2026-09-29 10:46,https://www.kihoilbo.co.kr/news/articleView.html?idxno=3036045,https://www.kihoilbo.co.kr/news/articleView.html?idxno=3036045
연세대학교,메디파나뉴스,자가치유 하이드로젤로 모낭 재생…동물실험서 확인,"중앙대학교병원 성형외과 강신혁 교수, 연세대학교 화공생명공학과 고원건 교수, 중앙대병원 피부과 김범준 교수 연구팀은 모낭 재생을 위한 자가치유 하이드로젤 기반의 모듈형 인공피부 제작 기술을 개발했다고...",2026-09-29 10:46,https://www.medipana.com/news/articleView.html?idxno=418410,https://www.medipana.com/news/articleView.html?idxno=418410
서울대학교,경남도민일보,[새 얼굴] 한국전기연구원장에 강상희 명지대 교수,"강 신임 원장은 서울대학교에서 전기공학 학·석·박사 학위를 받았다. 이후 1994년 명지대학교 전기전자공학부 교수로 교단에 섰고, 차세대 전력기술연구센터 소장 등을 수행했다. 그는 대한전기학회 전력기술 부문회...",2026-09-29 10:46,https://www.idomin.com/news/articleView.html?idxno=2015847,https://www.idomin.com/news/articleView.html?idxno=2015847
고려대학교,MBN,"이재정 문체위원장, ‘K-엔터 산업 발전 저해요소와 극복방안' 정책세미...","세미나는 고려대학교 법학전문대학원 안효질 교수가 좌장을 맡아 두 개 세션으로 진행됩니다. 제... 제 2세션에서는 강형구 한양대학교 교수가 발제를 맡고, 박형준 한국연예매니지먼트협회 이사, 정경석 법무법인 리우...",2026-09-29 10:45,http://mbn.mk.co.kr/pages/news/newsView.php?category=mbn00006&news_seq_no=5221996,https://n.news.naver.com/mnews/article/057/0001971167?sid=100
연세대학교,서울파이낸스,"[은행브리핑] KB국민은행, 카카오와 디지털자산 시장 발전 논의 외","연세대 환경금융대학원과 한국녹색금융포럼이 주관하고 신한금융이 후원한 이번 행사에는 국내외 대학과 연구기관, 금융당국, 아시아개발은행 등 관계자들이 참석했다. 참석자들은 기후전환 금융정책과 디지털금융...",2026-09-29 10:45,https://www.seoulfn.com/news/articleView.html?idxno=638875,https://www.seoulfn.com/news/articleView.html?idxno=638875
연세대학교,의학신문,국내 연구진 탈모치료 '모낭 재생 기술' 개발,"중앙대병원(원장 이재성)은 최근 성형외과 강신혁 교수팀(피부과 김범준 교수, 연세대 화공생명공학과 고원건 교수)이 자가치유(self-healing) 하이드로젤을 활용한 모듈형 인공피부를 제작해 모낭 형성에 필요한...",2026-09-29 10:44,https://www.bosa.co.kr/news/articleView.html?idxno=3012936,https://www.bosa.co.kr/news/articleView.html?idxno=3012936
서울대학교,수원일보,"아주대병원, 체내 분해 신경 치료 무선 전자약 개발","아주대병원 재활의학과 현정근 교수는 서울대학교 재료공학부 강승균 교수팀과 공동연구를 통해 체내에서 분해되는 무선 전자약을 3D 프린팅으로 제작하고, 동물실험에서 말초신경 자극과 기능 회복 가능성을...",2026-09-29 10:42,https://www.suwonilbo.kr/view.html?id=L2609291035511682,https://www.suwonilbo.kr/view.html?id=L2609291035511682
연세대학교,이투데이,61주년 맞은 연고전…고려대 1승 앞선 채 내달 ‘맞대결’,29일 대학가에 따르면 고려대와 연세대는 다음 달 2일부터 3일까지 서울 잠실과 목동 일대에서 ‘2026 정기 고려대학교·연세대학교 친선경기대회’를 개최한다. 올해 정기전에서는 야구·농구·빙구(아이스하키)·럭비...,2026-09-29 10:42,https://www.etoday.co.kr/news/view/2630295,https://www.etoday.co.kr/news/view/2630295
연세대학교,팝콘뉴스,"신한금융, 한·일 기후·디지털 금융 협력 방안 논의","연세대학교 환경금융대학원과 한국녹색금융포럼이 주관하고 신한금융이 후원한 이번 컨퍼런스에는 국내외 대학 및 연구기관, 금융당국, 아시아개발은행 등 주요 기관 관계자들이 참석해 ▲기후전환 금융정책...",2026-09-29 10:42,http://www.popcornnews.net/news/articleView.html?idxno=134292,http://www.popcornnews.net/news/articleView.html?idxno=134292
연세대학교,이투데이,"대웅제약, 인천 송도 ‘첨단바이오의약품 제조소’ 개소",인천 송도 연세대학교 국제캠퍼스 내에 위치한 바이오 제조소는 글로벌 스탠다드 수준의 무균 제조 및... 또한 송도 바이오 클러스터가 보유한 연구·의료 인프라를 활용해 지역 내 대학·연구기관·의료기관과 산·학·연·병...,2026-09-29 10:42,https://www.etoday.co.kr/news/view/2630286,https://www.etoday.co.kr/news/view/2630286
고려대학교,이투데이,61주년 맞은 연고전…고려대 1승 앞선 채 내달 ‘맞대결’,연세대학교의 정기전이 다음 달 열린다. 지난해 고려대가 종합우승을 차지하며 팽팽했던 역대 전적에서 한발 앞선 가운데 올해 승부에서 연세대가 다시 균형을 맞출지 관심이 쏠린다. 29일 대학가에 따르면 고려대와...,2026-09-29 10:42,https://www.etoday.co.kr/news/view/2630295,https://www.etoday.co.kr/news/view/2630295
연세대학교,이뉴스투데이,"신한금융, 한일간 전환금융 분야 등 협력 방안 논의","이번 컨퍼런스는 연세대학교 환경금융대학원과 한국녹색금융포럼이 주관하고 신한금융이 후원했다. 이 자리에는 국내외 대학 및 연구기관, 금융당국, 아시아개발은행 등 주요 기관 관계자들이 참석해 △기후전환...",2026-09-29 10:41,http://www.enewstoday.co.kr/news/articleView.html?idxno=2474984,http://www.enewstoday.co.kr/news/articleView.html?idxno=2474984
서울대학교,메디칼타임즈,"이지케어텍, 공공병원 정보 AI 클라우드 과제 주관기관 선정","서울의료원이 참여한다. 주관기관인 이지케어텍을 필두로 퍼즐에이아이, 인프메딕스, 휴이노, 비트컴퓨터, 플랜잇스퀘어, 한국아이티컨설팅, 엔에이치엔클라우드 등 7개 사가 컨소시엄을 구성했다. 서울대학교병원과...",2026-09-29 10:40,https://www.medicaltimes.com/Main/News/NewsView.html?ID=1170916&ref=naverpc,https://www.medicaltimes.com/Main/News/NewsView.html?ID=1170916&ref=naverpc
연세대학교,톱스타뉴스,"안젤리나 졸리 딸 자하라, 父 브래드 피트 완전 손절…성 지웠다",대학교 클럽 입회식에서도 '피트'를 제외했다. 또 지난 5월 심리학 학사 학위 수여식에서도 '자하라 말리 졸리'로 소개됐다. 안젤리나 졸리와 브래드 피트 자녀들의 '피트 성 지우기'는 계속 이어지고 있다. 최근 연세대학교...,2026-09-29 10:40,https://www.topstarnews.net/news/articleView.html?idxno=16226519,https://www.topstarnews.net/news/articleView.html?idxno=16226519
연세대학교,스마트경제,"대웅제약, 송도에 첨단바이오의약품 제조소 구축…줄기·면역세포 임상...",대웅제약은 연세대학교 국제캠퍼스에 '첨단바이오의약품 제조소'를 신설하고 지난 28일 개소식을 열었다고... 송도 지역 대학·연구기관·의료기관과의 산·학·연·병 오픈이노베이션도 강화할 방침이다. 박성수 대웅제약...,2026-09-29 10:40,http://www.dailysmart.co.kr/news/articleView.html?idxno=130308,http://www.dailysmart.co.kr/news/articleView.html?idxno=130308
연세대학교,TV조선,"대웅제약, 송도 시대 개막…'첨단바이오의약품 제조소' 개소",인천 송도 연세대학교 국제캠퍼스 내에 위치한 바이오 제조소는 글로벌 스탠다드 수준의 무균 제조 및... 또한 송도 바이오 클러스터가 보유한 연구·의료 인프라를 활용해 지역 내 대학·연구기관·의료기관과 산·학·연·병...,2026-09-29 10:39,https://news.tvchosun.com/site/data/html_dir/2026/09/29/2026092990089.html,https://n.news.naver.com/mnews/article/448/0000641996?sid=102
서울대학교,국제뉴스,"강동구, 2028~29 대입개편안 설명회 10월 개최","김 교사는 서울대, 고려대, 건국대 대입 전형 자문위원으로 활동한 경험을 바탕으로 2028~2029학년도 대입 개편안의 핵심 구조와 변화된 평가 방식을 심도 있게 다룰 예정이다. 이어 변화하는 입시 환경에서 주목할 점...",2026-09-29 10:38,https://www.gukjenews.com/news/articleView.html?idxno=3707887,https://www.gukjenews.com/news/articleView.html?idxno=3707887
서울대학교,한국일보,도쿄대 첫 여성 총장 탄생… 교직원 투표 2위에도 이례적 결정,서울대가 아직 여성 총장을 배출하지 못한 것과 대조적이다. 29일 일본 아사히신문 등에 따르면 도쿄대는 전날 후지이 데루오(62) 총장의 임기 만료에 따른 차기 총장 선출 절차를 진행해 후지가키 유코(64) 도쿄대 대학원...,2026-09-29 10:38,https://www.hankookilbo.com/news/article/A2026092909190005114?did=NA,https://n.news.naver.com/mnews/article/469/0000956525?sid=104
고려대학교,국제뉴스,"강동구, 2028~29 대입개편안 설명회 10월 개최","김 교사는 서울대, 고려대, 건국대 대입 전형 자문위원으로 활동한 경험을 바탕으로 2028~2029학년도 대입 개편안의 핵심 구조와 변화된 평가 방식을 심도 있게 다룰 예정이다. 이어 변화하는 입시 환경에서 주목할 점...",2026-09-29 10:38,https://www.gukjenews.com/news/articleView.html?idxno=3707887,https://www.gukjenews.com/news/articleView.html?idxno=3707887
연세대학교,CNB저널,"매일유업, 가을 축제 시즌 맞아 대학생과 소통","지친 대학생의 일상에 '건강하고 즐거운 자극을 선물한다'는 콘셉트로 기획된 체험 공간이다. 지난 22일 연세대학교 신촌 캠퍼스 축제 현장에서 부스를 선보였고, 다음달 1~2일 한양대학교 서울 캠퍼스 축제 현장을...",2026-09-29 10:36,https://www.cnbizm.com/news/articleView.html?idxno=316450,https://www.cnbizm.com/news/articleView.html?idxno=316450
고려대학교,CNB저널,"고려대·연세대, 10월 2~3일 '2026 정기 연고전' 개최",문화경제 CNB저널 | CNB저널 | 씨앤비저널 고려대학교와 연세대학교가 오는 10월 2일부터 3일까지 이틀간 '2026 정기 고려대학교·연세대학교 친선경기대회'를 개최한다. 올해 61주년을 맞는 정기전은 2일 오전 10시...,2026-09-29 10:36,https://www.cnbizm.com/news/articleView.html?idxno=316454,https://www.cnbizm.com/news/articleView.html?idxno=316454
연세대학교,CNB저널,"고려대·연세대, 10월 2~3일 '2026 정기 연고전' 개최",문화경제 CNB저널 | CNB저널 | 씨앤비저널 고려대학교와 연세대학교가 오는 10월 2일부터 3일까지 이틀간 '2026 정기 고려대학교·연세대학교 친선경기대회'를 개최한다. 올해 61주년을 맞는 정기전은 2일 오전 10시...,2026-09-29 10:36,https://www.cnbizm.com/news/articleView.html?idxno=316454,https://www.cnbizm.com/news/articleView.html?idxno=316454
연세대학교,MTN 머니투데이방송,"박성수 대웅제약 대표 ""송도서 첨단재생의료 상용화 기반 마련""",대웅제약은 28일 인천 송도 연세대학교 국제캠퍼스 내 위치한 '첨단바이오의약품 제조소' 개소식을 열고... 또한 송도 바이오 클러스터가 보유한 연구·의료 인프라를 활용해 지역 내 대학·연구기관·의료기관과 산·학·연...,2026-09-29 10:36,https://news.mtn.co.kr/news-detail/2026092910295551821,https://news.mtn.co.kr/news-detail/2026092910295551821
연세대학교,스마트비즈엔,"대웅제약, 송도에 임상용 세포치료제 제조거점 구축","29일 업계에 따르면 대웅제약은 지난 28일 인천 송도 연세대 국제캠퍼스에서 '첨단바이오의약품 제조소... 송도에 밀집한 대학과 연구기관, 병원과도 공동 연구 및 임상 협력을 추진할 계획이다. 해외에서는 인도네시아를...",2026-09-29 10:36,https://www.smartbizn.com/news/articleView.html?idxno=155071,https://www.smartbizn.com/news/articleView.html?idxno=155071
연세대학교,머니투데이,"대웅제약, 송도 첨단바이오의약품 제조소 개소…연내 허가 추진",송도에 자리 잡은 대학·연구기관·의료기관과의 협력도 확대한다. 대웅제약은 연세대학교 국제캠퍼스에 제조소를 구축한 것을 계기로 지역 내 연구·의료 인프라를 활용해 연구와 임상을 연계할 계획이다. 용인과 송도를...,2026-09-29 10:35,https://www.mt.co.kr/thebio/2026/09/29/2026092910100696987,https://n.news.naver.com/mnews/article/008/0005419527?sid=101
연세대학교,연합뉴스,화이자의학상에 장보근·김중선·김동욱 교수,"위암 발생 기전·심방세동 치료·파킨슨병 세포치료 연구 공로 제24회 화이자의학상 수상자로 장보근 제주대 교수, 김중선·김동욱 연세대 교수가 선정됐다고 한국화이자제약이 29일 밝혔다. 기초의학상을 받는 장 교수는...",2026-09-29 10:35,https://www.yna.co.kr/view/AKR20260929066100017?input=1195m,https://n.news.naver.com/mnews/article/001/0016342855?sid=101
연세대학교,데일리안,서울대 ‘AI반도체 혁신연구소’ 개소…산학협력 인재 양성,"정부는 2025년 연세대학교와 성균관대학교를 선정한 데 이어 2026년 한양대학교와 서울대학교를 추가 선정해... 혁신연구소는 국내 대·중소기업과 팹리스(반도체 설계 전문기업), 대학 등이 참여하는 산·학 협력을...",2026-09-29 10:32,https://www.dailian.co.kr/news/view/1695137/?sc=Naver,https://n.news.naver.com/mnews/article/119/0003137317?sid=105
연세대학교,파이낸셜포스트,"대웅제약, 송도에 첨단바이오 제조거점 설립","제조소가 들어선 연세대학교 국제캠퍼스를 비롯해 송도에는 대학과 연구기관, 의료기관, 바이오 기업이 모여 있어 산·학·연·병 공동연구와 임상 협력을 추진하기에 유리하다는 판단이다. 대웅제약은 앞으로 송도 내...",2026-09-29 10:32,https://www.financialpost.co.kr/news/articleView.html?idxno=277740,https://www.financialpost.co.kr/news/articleView.html?idxno=277740
서울대학교,데일리안,서울대 ‘AI반도체 혁신연구소’ 개소…산학협력 인재 양성,정부는 2025년 연세대학교와 성균관대학교를 선정한 데 이어 2026년 한양대학교와 서울대학교를 추가 선정해 AI반도체 분야 산·학 협력 기반의 핵심인재 양성 범위를 확대하고 있다. 혁신연구소는 국내 대·중소기업과...,2026-09-29 10:32,https://www.dailian.co.kr/news/view/1695137/?sc=Naver,https://n.news.naver.com/mnews/article/119/0003137317?sid=105
서울대학교,이데일리,서울대 AI반도체 혁신연구소 개소…소장에 ‘사피온 초대 CEO’ 류수정,"서울대학교가 AI 반도체 기술과 인재를 함께 키우는 ‘AI반도체 혁신연구소’를 열었다. NPU... 기업 연구진과 대학 교수, 석·박사생이 함께 연구과제를 수행하는 방식이다. 류 소장은 삼성전자에서 삼성종합기술원과...",2026-09-29 10:32,https://www.edaily.co.kr/News/Read?newsId=03263606645585040&mediaCodeNo=257&utm_source=naver&utm_medium=referral&utm_campaign=news_syndication&utm_content=original_article,https://n.news.naver.com/mnews/article/018/0006376871?sid=105
서울대학교,헤럴드경제,VIP 티타임 화두는 ‘반도체’·즉석 러브콜도…휴머노이드 ‘하트’ 손...,29일 포럼이 개최된 서울 중구 신라호텔 다이너스티홀 VIP 리셉션에서는 공식 행사에 앞서 주요 참석자들이... 이재욱 서울대학교 AI연구원 원장 등이 참석했다. 내빈들의 주요 화두는 포럼의 주요 의제인 ‘반도체’와...,2026-09-29 10:32,https://biz.heraldcorp.com/article/10887262?ref=naver,https://n.news.naver.com/mnews/article/016/0002703001?sid=101
연세대학교,매일경제,"과기정통부, 서울대에 ‘AI반도체 혁신연구소’ ...NPU 연구 필수화",정부는 지난해 연세대와 성균관대를 선정한 데 이어 올해 한양대와 서울대를 추가했다. 서울대는 4번째 거점 대학이다. 서울대 혁신연구소는 산업계 경력 20년 이상의 류수정 소장을 중심으로 5개 연구센터를 꾸렸다....,2026-09-29 10:31,https://www.mk.co.kr/article/12163447,https://n.news.naver.com/mnews/article/009/0005741186?sid=105
서울대학교,매일경제,"과기정통부, 서울대에 ‘AI반도체 혁신연구소’ ...NPU 연구 필수화",과학기술정보통신부가 서울대에 ‘인공지능(AI)반도체 혁신연구소’를 열고 향후 6년간 석·박사급 인재 110명 이상을 양성한다. 과기정통부는 정보통신기획평가원(IITP)과 함께 29일 서울대 반도체공동연구소에서...,2026-09-29 10:31,https://www.mk.co.kr/article/12163447,https://n.news.naver.com/mnews/article/009/0005741186?sid=105
서울대학교,헤럴드경제,"과기정통부, 서울대 ‘AI 반도체 혁신연구소’ 개소…석·박사 110명 양성...","정부는 지난해 연세대학교와 성균관대학교를 선정한 데 이어, 올해 한양대학교와 서울대학교를 추가로 선정해 AI 반도체 분야의 핵심 인재를 폭넓게 양성하고 있다. 과기정통부는 연구소의 목적으로 국내 대·중소기업...",2026-09-29 10:31,https://biz.heraldcorp.com/article/10886985?ref=naver,https://n.news.naver.com/mnews/article/016/0002702996?sid=105
연세대학교,헤럴드경제,"과기정통부, 서울대 ‘AI 반도체 혁신연구소’ 개소…석·박사 110명 양성...","연세대학교와 성균관대학교를 선정한 데 이어, 올해 한양대학교와 서울대학교를 추가로 선정해 AI 반도체 분야의 핵심 인재를 폭넓게 양성하고 있다. 과기정통부는 연구소의 목적으로 국내 대·중소기업, 팹리스, 대학...",2026-09-29 10:31,https://biz.heraldcorp.com/article/10886985?ref=naver,https://n.news.naver.com/mnews/article/016/0002702996?sid=105
연세대학교,뉴시스,서울대 'AI반도체 혁신연구소' 개소…6년간 석·박사 110명 키운다,이날 행사에는 김준기 서울대 기획부총장과 혁신연구소장을 맡은 류수정 교수 등 교직원·대학원생을... 정부는 지난해 연세대학교와 성균관대학교를 선정한 데 이어 올해 한양대학교와 서울대학교를 새로 추가했다....,2026-09-29 10:30,https://www.newsis.com/view/NISX20260929_0003806522,https://n.news.naver.com/mnews/article/003/0014219896?sid=105
서울대학교,연합뉴스,서울대 AI반도체 혁신연구소 출범…석·박사 110명 키운다,지원 서울대학교에 차세대 인공지능(AI) 반도체 기술 개발과 전문인재 양성을 위한 산·학 협력 거점이 문을 열었다. 과학기술정보통신부는 29일 정보통신기획평가원(IITP)과 함께 서울대 반도체공동연구소에서...,2026-09-29 10:30,https://www.yna.co.kr/view/AKR20260928113300017?input=1195m,https://n.news.naver.com/mnews/article/001/0016342819?sid=105
서울대학교,뉴스웍스,"과기부, 서울대에 'AI반도체 혁신연구소' 개소…6년간 20억 투입해 석·...",정부가 서울대학교에 'AI반도체 혁신연구소'를 열고 6년간 석·박사급 인재 110명 이상을 키우는 국산 AI... 과학기술정보통신부는 정보통신기획평가원(IITP)과 함께 서울대 반도체공동연구소에서 개소식을 29일...,2026-09-29 10:30,https://www.newsworks.co.kr/news/articleView.html?idxno=854941,https://www.newsworks.co.kr/news/articleView.html?idxno=854941
서울대학교,아시아경제,"정부, 서울대에 AI반도체 혁신연구소 개소…기술개발·인재양성 나선다",과학기술정보통신부는 정보통신기획평가원(IITP)과 함께 서울대학교 반도체공동연구소에서 'AI반도체... 정부는 2025년 연세대와 성균관대를 선정한 데 이어 올해 한양대와 서울대를 추가 선정했다. 서울대...,2026-09-29 10:30,https://view.asiae.co.kr/article/2026092909225978307,https://n.news.naver.com/mnews/article/277/0005822021?sid=105
서울대학교,신아일보,"'AI반도체 혁신연구소' 개소…6년간 110억 투자, 석·박사 110명 육성",정부는 지난해 연세대학교와 성균관대학교를 선정한 데 이어 올해 한양대학교와 서울대학교를 추가로 선정함으로써 AI반도체 분야 산·학 협력 기반 핵심인재를 폭넓게 양성하고 있다. 혁신연구소는 국내 대·중소기업...,2026-09-29 10:30,https://www.shinailbo.co.kr/news/articleView.html?idxno=5066701,https://www.shinailbo.co.kr/news/articleView.html?idxno=5066701
연세대학교,EBN 산업경제,서울대 AI반도체 혁신연구소 개소…산학 협력 통해 핵심인재 양성,"및 대학원생, 과기정통부 이도규 정보통신정책실장, IITP 신준우 전략기획본부장, AI반도체 산업계 관계자 등... 정부는 2025년 연세대학교와 성균관대학교를 혁신연구소로 선정한 데 이어, 올해 한양대학교와...",2026-09-29 10:30,https://www.ebn.co.kr/news/articleView.html?idxno=1725853,https://www.ebn.co.kr/news/articleView.html?idxno=1725853
서울대학교,KBS,서울대에 ‘AI반도체 혁신연구소’ 개소…6년간 석·박사 110명 양성,차세대 인공지능 반도체 기술을 연구하고 산업 현장에 필요한 전문 인력을 양성하는 ‘AI반도체 혁신연구소’가 서울대학교에 문을 열었습니다. 과학기술정보통신부는 오늘(29일) 서울대 반도체공동연구소에서...,2026-09-29 10:30,https://news.kbs.co.kr/news/pc/view/view.do?ncd=8673554&ref=A,https://n.news.naver.com/mnews/article/056/0012264726?sid=105
서울대학교,EBN 산업경제,서울대 AI반도체 혁신연구소 개소…산학 협력 통해 핵심인재 양성,"정부는 2025년 연세대학교와 성균관대학교를 혁신연구소로 선정한 데 이어, 올해 한양대학교와 서울대학교를 추가로 선정했다. 이를 통해 AI반도체 분야의 산·학 협력 기반 핵심인재 양성 체계를 확대하고 있다....",2026-09-29 10:30,https://www.ebn.co.kr/news/articleView.html?idxno=1725853,https://www.ebn.co.kr/news/articleView.html?idxno=1725853
서울대학교,파이낸셜포스트,"과기정통부, AI 반도체 인재 육성…서울대 혁신연구소 개소",과학기술정보통신부와 정보통신기획평가원은 29일 서울대학교 반도체공동연구소에서 '인공지능(AI) 반도체... 정부는 지난해 연세대·성균관대에 이어 올해 한양대·서울대를 추가 선정했다. 혁신연구소는 산업 현장...,2026-09-29 10:30,https://www.financialpost.co.kr/news/articleView.html?idxno=277656,https://www.financialpost.co.kr/news/articleView.html?idxno=277656
서울대학교,뉴시스,서울대 'AI반도체 혁신연구소' 개소…6년간 석·박사 110명 키운다,정부는 지난해 연세대학교와 성균관대학교를 선정한 데 이어 올해 한양대학교와 서울대학교를 새로 추가했다. 이를 통해 AI 반도체 분야에서 산·학 협력을 토대로 한 핵심 인재 양성 기반을 확대한다는 계획이다....,2026-09-29 10:30,https://www.newsis.com/view/NISX20260929_0003806522,https://n.news.naver.com/mnews/article/003/0014219896?sid=105
연세대학교,연합뉴스,서울대 AI반도체 혁신연구소 출범…석·박사 110명 키운다,"LG전자·퓨리오사AI 등 참여해 산학 공동연구 정부, 최장 6년간 연평균 20억원 지원 서울대학교에 차세대... 정부는 지난해 연세대·성균관대를 선정한 데 이어 올해 한양대와 서울대를 추가로 선정해 AI반도체 분야...",2026-09-29 10:30,https://www.yna.co.kr/view/AKR20260928113300017?input=1195m,https://n.news.naver.com/mnews/article/001/0016342819?sid=105
연세대학교,파이낸셜포스트,"과기정통부, AI 반도체 인재 육성…서울대 혁신연구소 개소",과학기술정보통신부와 정보통신기획평가원은 29일 서울대학교 반도체공동연구소에서 '인공지능(AI) 반도체... 정부는 지난해 연세대·성균관대에 이어 올해 한양대·서울대를 추가 선정했다. 혁신연구소는 산업 현장...,2026-09-29 10:30,https://www.financialpost.co.kr/news/articleView.html?idxno=277656,https://www.financialpost.co.kr/news/articleView.html?idxno=277656
서울대학교,뉴스1,서울대에 'AI반도체 혁신연구소' 개소…6년 간 연 20억 지원,"정부는 2025년 연세대학교와 성균관대학교를 혁신연구소 사업 대학으로 선정한 데 이어 올해 한양대학교와 서울대를 추가로 선정했다. 혁신연구소는 국내 대·중소기업, 팹리스(반도체 설계 전문기업), 대학 등 산·학...",2026-09-29 10:30,https://www.news1.kr/it-science/general-it/6304218,https://n.news.naver.com/mnews/article/421/0009197176?sid=105
연세대학교,뉴스1,서울대에 'AI반도체 혁신연구소' 개소…6년 간 연 20억 지원,"정부는 2025년 연세대학교와 성균관대학교를 혁신연구소 사업 대학으로 선정한 데 이어 올해 한양대학교와 서울대를 추가로 선정했다. 혁신연구소는 국내 대·중소기업, 팹리스(반도체 설계 전문기업), 대학 등 산·학...",2026-09-29 10:30,https://www.news1.kr/it-science/general-it/6304218,https://n.news.naver.com/mnews/article/421/0009197176?sid=105
연세대학교,신아일보,"'AI반도체 혁신연구소' 개소…6년간 110억 투자, 석·박사 110명 육성","연세대학교와 성균관대학교를 선정한 데 이어 올해 한양대학교와 서울대학교를 추가로 선정함으로써 AI반도체 분야 산·학 협력 기반 핵심인재를 폭넓게 양성하고 있다. 혁신연구소는 국내 대·중소기업, 팹리스, 대학...",2026-09-29 10:30,https://www.shinailbo.co.kr/news/articleView.html?idxno=5066701,https://www.shinailbo.co.kr/news/articleView.html?idxno=5066701
연세대학교,뉴스드림,"매일유업, 대학 축제서 '도파민 충전소' 운영… Z세대 사로잡는다","매일유업이 가을 대학 축제 시즌을 맞아 20대 소비자와의 접점을 확대하기 위해 오프라인 체험형 팝업... 지난 9월 22일 연세대학교 신촌 캠퍼스 축제에서 첫선을 보였으며, 오는 10월 1일부터 2일까지 이틀간 한양대학교...",2026-09-29 10:30,http://www.newsdream.kr/news/articleView.html?idxno=119018,http://www.newsdream.kr/news/articleView.html?idxno=119018
연세대학교,뉴스웍스,"과기부, 서울대에 'AI반도체 혁신연구소' 개소…6년간 20억 투입해 석·...","정부가 서울대학교에 'AI반도체 혁신연구소'를 열고 6년간 석·박사급 인재 110명 이상을 키우는 국산 AI... 과기부는 당시 성균관대, 연세대를 먼저 선정했고, 두 대학은 각각 6년간 110억원 안팎의 정부 지원을 받는다....",2026-09-29 10:30,https://www.newsworks.co.kr/news/articleView.html?idxno=854941,https://www.newsworks.co.kr/news/articleView.html?idxno=854941
연세대학교,아시아경제,"정부, 서울대에 AI반도체 혁신연구소 개소…기술개발·인재양성 나선다",과학기술정보통신부는 정보통신기획평가원(IITP)과 함께 서울대학교 반도체공동연구소에서 'AI반도체... 정부는 2025년 연세대와 성균관대를 선정한 데 이어 올해 한양대와 서울대를 추가 선정했다. 서울대...,2026-09-29 10:30,https://view.asiae.co.kr/article/2026092909225978307,https://n.news.naver.com/mnews/article/277/0005822021?sid=105
서울대학교,디지털투데이,서울대 'AI반도체 혁신연구소' 출범…석·박사 110명 양성,"과기정통부는 지난해 연세대학교와 성균관대학교를 혁신연구소로 선정한 데 이어 올해 한양대학교와 서울대학교를 추가 선정했다. 혁신연구소는 대기업과 중소기업, 팹리스, 대학 등이 참여하는 산학 협력을...",2026-09-29 10:30,https://www.digitaltoday.co.kr/news/articleView.html?idxno=703243,https://www.digitaltoday.co.kr/news/articleView.html?idxno=703243
연세대학교,SBS,"[취재파일] ""자폐 아이들 치료해서 뭐 하냐""는 질문에 대하여","아이가 만 2살이 되기 전부터 지역 아동발달지원센터를 시작으로 대학병원 소아정신과에 이르기까지... 분야에 따라 접근법이 다를 수 있겠지만, 행동치료(ABA)의 관점에서 정경미 연세대 심리학과 교수는 '자폐...",2026-09-29 10:30,https://news.sbs.co.kr/news/endPage.do?news_id=N1008773270&plink=ORI&cooper=NAVER,https://n.news.naver.com/mnews/article/055/0001391793?sid=102
연세대학교,디지털투데이,서울대 'AI반도체 혁신연구소' 출범…석·박사 110명 양성,"과기정통부는 지난해 연세대학교와 성균관대학교를 혁신연구소로 선정한 데 이어 올해 한양대학교와 서울대학교를 추가 선정했다. 혁신연구소는 대기업과 중소기업, 팹리스, 대학 등이 참여하는 산학 협력을...",2026-09-29 10:30,https://www.digitaltoday.co.kr/news/articleView.html?idxno=703243,https://www.digitaltoday.co.kr/news/articleView.html?idxno=703243
고려대학교,한국일보,"""폐암 수술은 폐 보존이 관건... 영상·로봇 기술로 정교하게 암만 도려...",안산시 고려대 안산병원에서 만난 황진욱 심장혈관흉부외과 교수는 “초기 폐암은 환자의 상태에 따라 폐의 일부만 절제하는 수술을 고려할 수 있다”며 “특히 고령이거나 폐 기능이 떨어진 환자는 정상 폐를 최대한...,2026-09-29 10:30,https://www.hankookilbo.com/news/article/A2026092813100005548?did=NA,https://n.news.naver.com/mnews/article/469/0000956524?sid=103
서울대학교,중앙이코노미뉴스,'나주 글로벌 에너지포럼 2026' 30일 개막…노벨화학상 오마르 야기 참여,"영국 차세대 상용 핵융합 실증 프로젝트에 참여하고 있는 하워드 윌슨 박사가 기조발표를 맡고 노승정 단국대학교 교수, 황용석 서울대학교 교수, 양형렬 K-문샷 프로젝트 PD 등이 핵융합 기술의 현주소와 상용화...",2026-09-29 10:28,https://www.joongangenews.com/news/articleView.html?idxno=551154,https://www.joongangenews.com/news/articleView.html?idxno=551154
연세대학교,여성소비자신문,"금융권, 여자아마추어 골프선수권대회 30일 개막·'한일 금융협력 컨퍼...","연세대학교 환경금융대학원과 한국녹색금융포럼이 주관하고 신한금융이 후원한 이번 컨퍼런스에는 국내외 대학 및 연구기관, 금융당국, 아시아개발은행 등 주요 기관 관계자들이 참석해 기후전환 금융정책...",2026-09-29 10:28,http://www.wsobi.com/news/articleView.html?idxno=318872,http://www.wsobi.com/news/articleView.html?idxno=318872
연세대학교,포인트데일리,"신한금융, 한·일 금융협력 콘퍼런스서 기후금융·디지털금융 논의","이번 행사는 연세대학교 환경금융대학원과 한국녹색금융포럼이 공동 주관하고 신한금융이 후원했다. 행사에는 국내외 대학과 연구기관, 금융당국, 아시아개발은행(ADB) 관계자 등이 참석해 기후전환 금융정책과...",2026-09-29 10:28,https://www.pointdaily.co.kr/news/articleView.html?idxno=320650,https://www.pointdaily.co.kr/news/articleView.html?idxno=320650
연세대학교,위클리오늘,"[위클리오늘] 하이트진로, 매일유업(9.29)","▲매일유업 매일유업은 가을 대학 축제 시즌을 맞아 체험형 이벤트 부스 '매일 도파민 충전소'를 운영한다. 지난 22일 연세대학교 신촌캠퍼스에서 첫 행사를 진행했으며, 다음 달 1일부터 2일까지 한양대학교...",2026-09-29 10:28,http://www.weeklytoday.com/news/articleView.html?idxno=796151,http://www.weeklytoday.com/news/articleView.html?idxno=796151
서울대학교,더리포트,"노벨상 석학·핵융합 권위자, 나주에 모인다","나주시는 전남광주통합특별시, 한국에너지공과대학교(KENTECH)와 공동 주최하고 녹색에너지연구원이... 이어 노승정 단국대 교수, 황용석 서울대 교수, 양형렬 K-문샷 프로젝트 PD, 윤병태 나주시장이 핵융합 기술의...",2026-09-29 10:28,https://www.thereport.co.kr/news/articleView.html?idxno=91814,https://www.thereport.co.kr/news/articleView.html?idxno=91814
연세대학교,파이낸셜리뷰,"대웅제약, 용인-송도 잇는 '첨단바이오의약품 제조소' 신설",/사진=대웅제약 대웅제약(대표 박성수·이창재)이 인천 송도 연세대학교 국제캠퍼스 내에 '첨단바이오의약품... 또한 송도 바이오 클러스터가 보유한 연구·의료 인프라를 활용해 지역 내 대학·연구기관·의료기관과 산·학...,2026-09-29 10:28,http://www.financialreview.co.kr/news/articleView.html?idxno=45136,http://www.financialreview.co.kr/news/articleView.html?idxno=45136
고려대학교,뉴스1,"ETRI, 의료용 휴머노이드 로봇 '나미.아이'로 국제 디자인상 수상","이번 연구에는 ETRI 안지훈 석사후연구원과 동지연 박사를 비롯해 ㈜뉴로메카 이준호 박사와 엄진용 매니저, 고려대학교 CO Design Lab 연구진이 참여했다. ETRI 대경권연구본부 지능로봇시스템연구실 동지연 박사는...",2026-09-29 10:28,https://www.news1.kr/local/daejeon-chungnam/6304248,https://n.news.naver.com/mnews/article/421/0009197167?sid=102
고려대학교,데일리안,"서울 강동구, 2028~2029학년도 대입개편안 설명회 개최","김 교사는 서울대, 고려대, 건국대 대입 전형 자문위원으로 활동한 경험을 바탕으로 2028~2029 대입개편안의 핵심 구조와 변화된 평가 방식, 그리고 학생에게 유리한 고교 선택 방법과 입시 준비 전략을 심도 있게...",2026-09-29 10:26,https://www.dailian.co.kr/news/view/1695519/?sc=Naver,https://n.news.naver.com/mnews/article/119/0003137313?sid=102
서울대학교,데일리안,"서울 강동구, 2028~2029학년도 대입개편안 설명회 개최","서울 강동구(구청장 이수희)가 10월27일 강동아트센터 대극장 한강에서 2028~2029학년도 대입개편안 설명회를... 김 교사는 서울대, 고려대, 건국대 대입 전형 자문위원으로 활동한 경험을 바탕으로 2028~2029 대입개편안의...",2026-09-29 10:26,https://www.dailian.co.kr/news/view/1695519/?sc=Naver,https://n.news.naver.com/mnews/article/119/0003137313?sid=102
연세대학교,메디파나뉴스,'제24회 화이자의학상'에 장보근·김중선·김동욱 교수,"대한민국의학한림원은 한국화이자제약이 후원하는 '제24회 화이자의학상' 수상자로 기초의학상에 장보근 제주대학교 의과대학 병리학교실 교수, 임상의학상에 김중선 연세대학교 의과대학 심장내과 교수, 중개의학상에...",2026-09-29 10:26,https://www.medipana.com/news/articleView.html?idxno=418399,https://www.medipana.com/news/articleView.html?idxno=418399
연세대학교,한스경제,"대웅제약, 송도에 '바이오 허브'…연구서 임상까지","대웅제약이 28일 인천 송도 연세대학교 국제캠퍼스에서 첨단바이오의약품 제조소 개소식을 개최했다.... 송도 바이오 클러스터 내 대학과 연구기관, 의료기관과의 협력도 강화한다. 산·학·연·병 오픈이노베이션을 통해...",2026-09-29 10:26,http://www.hansbiz.co.kr/news/articleView.html?idxno=868621,http://www.hansbiz.co.kr/news/articleView.html?idxno=868621
연세대학교,메디칼트리뷴,제24회 화이자의학상에 장보근·김중선·김동욱 교수,"제24회 화이자의학상 기초의학상 수상자로 제주대의대 장보근 교수, 임상의학상에는 연세대의대 김중선 교수, 중개의학상에 김동욱 교수가 선정됐다. 장보근 교수는 위 장상피화생의 아형별 생물학적 특성과 위암...",2026-09-29 10:24,http://www.medical-tribune.co.kr/news/articleView.html?idxno=215291,http://www.medical-tribune.co.kr/news/articleView.html?idxno=215291
연세대학교,비즈니스플러스,[잘먹잘살+]매일유업·빙그레·농심·하이트진로·대상웰라이프·아웃백...,매일유업은 서울 주요 대학 축제 현장에 직접 찾아가 Z세대 고객들이 매일유업의 다양한 브랜드와 제품을 유쾌하게 경험할 수 있는 장을 마련했다. 지난 22일 연세대학교 신촌 캠퍼스 축제 현장에서 첫 선을 보인 부스...,2026-09-29 10:24,https://www.businessplus.kr/news/articleView.html?idxno=117398,https://www.businessplus.kr/news/articleView.html?idxno=117398
연세대학교,FORBESKOREA,2026 대한민국 AI 50,연세대에서 전기전자공학을 전공한 김 대표는 대학원에서 3차원 환경 인식·매핑을 연구했다. LiDAR(라이다)·카메라·레이더를 통합 보정하는 캘리브레이션(Calibration)과 디지털트윈 시뮬레이션이 핵심이다....,2026-09-29 10:24,https://www.forbeskorea.co.kr/news/articleView.html?idxno=402573,https://www.forbeskorea.co.kr/news/articleView.html?idxno=402573
연세대학교,기호일보,"[아시안게임] AG 3대3 농구 우승 구민교 ""프로에서도 좋은 모습 보여드리...",구민교를 비롯해 이동근(고려대)·이주영·김승우(이상 연세대)가 팀을 이룬 한국은 지난 25일 일본 나고야 긴조후토역 광장 특설 코트에서 열린 대회 남자 3대3 농구 결승전에서 카타르를 19-10으로 꺾고 우승을...,2026-09-29 10:24,https://www.kihoilbo.co.kr/news/articleView.html?idxno=3036042,https://www.kihoilbo.co.kr/news/articleView.html?idxno=3036042
서울대학교,BIZHANKOOK,신약 허가 늦어지나…안팎 돌발변수 터진 에이비엘바이오 이상훈 대표 ...,"이상훈 에이비엘바이오 대표는 29일 서울 관악구 서울대 호암교수회관에서 열린 SNU-바이오데이2026에 앞서 기자와 만나 ABL001의 향후 FDA 허가 전략과 관련해 ""파트너사가 다시 자료를 정리해 11월 경 허가 신청 자료를...",2026-09-29 10:24,https://bizhankook.com/articles/ablbio-abl001-fda-meeting-outlook.html,https://bizhankook.com/articles/ablbio-abl001-fda-meeting-outlook.html
서울대학교,FORBESKOREA,2026 대한민국 AI 50,크립토랩은 서울대 수리과학부 천정희 교수가 세운 동형암호 기반 AI 보안 기업이다. KAIST에서... 최재순 서울아산병원 의공학연구소장과 김영학 교수가 창업한 엘엔로보틱스는 심혈관 중재시술 로봇...,2026-09-29 10:24,https://www.forbeskorea.co.kr/news/articleView.html?idxno=402573,https://www.forbeskorea.co.kr/news/articleView.html?idxno=402573
고려대학교,기호일보,"[아시안게임] AG 3대3 농구 우승 구민교 ""프로에서도 좋은 모습 보여드리...",구민교를 비롯해 이동근(고려대)·이주영·김승우(이상 연세대)가 팀을 이룬 한국은 지난 25일 일본 나고야 긴조후토역 광장 특설 코트에서 열린 대회 남자 3대3 농구 결승전에서 카타르를 19-10으로 꺾고 우승을...,2026-09-29 10:24,https://www.kihoilbo.co.kr/news/articleView.html?idxno=3036042,https://www.kihoilbo.co.kr/news/articleView.html?idxno=3036042
고려대학교,FORBESKOREA,반드시 마주할 예상 밖 위기 네 가지,꾸까는 핀란드어로 '꽃'이라는 뜻이다. 고려대 산업공학과 졸업 후 아모레퍼시픽과 독일계 IT 인큐베이터 기업 로켓인터넷 등을 거쳤다. 포브스코리아(Forbes Korea) = 박춘화 꾸까(kukka) 대표,2026-09-29 10:24,https://www.forbeskorea.co.kr/news/articleView.html?idxno=402551,https://www.forbeskorea.co.kr/news/articleView.html?idxno=402551
연세대학교,디스커버리뉴스,"인천시립청소년교향악단, 두 악기·두 거장의 선율 잇는다",한국예술종합학교 음악원 기악과 교수인 이지혜와 연세대 음악대학 관현악과 교수인 문태국은 정상급 연주자이면서 후학 양성에도 힘쓰고 있다. 청소년 단원들과 두 연주자가 만들어내는 세대 간 음악적 호흡은 이번...,2026-09-29 10:22,https://www.discoverynews.kr/news/articleView.html?idxno=1102758,https://www.discoverynews.kr/news/articleView.html?idxno=1102758
서울대학교,엑스포츠뉴스,"신동엽 딸 서울대·박명수 딸 한예종…유재석♥나경은 고1 아들은? ""공부...",신동엽의 딸이 서울대에 진학한 데 이어 박명수의 딸도 한예종에 합격하면서 유재석 아들의 진로에도... 앞서 신동엽과 선혜윤 MBC PD의 딸 지효 양 역시 올해 서울대학교 체육교육과에 입학해 화제가 됐다. 선화예중과...,2026-09-29 10:22,https://www.xportsnews.com/article/2201758,https://m.entertain.naver.com/article/311/0002063085
연세대학교,엑스포츠뉴스,"신동엽 딸 서울대·박명수 딸 한예종…유재석♥나경은 고1 아들은? ""공부...","한국예술종합학교 무용원과 서울대학교 사범대학 체육교육과에 동시에 합격했으며 서울대를 선택, 서울대... 엄마 연세대 나왔다. 기가 막히다. 수재다"", ""형수님 영문과. 기가 막히다. 지호도 영어 진짜 잘한다....",2026-09-29 10:22,https://www.xportsnews.com/article/2201758,https://m.entertain.naver.com/article/311/0002063085
연세대학교,비욘드포스트,"신한금융, 日 금융기관과 기후·디지털 금융 협력 확대","연세대학교 환경금융대학원과 한국녹색금융포럼이 주관하고 신한금융이 후원한 이번 행사에는 국내외 대학·연구기관과 금융당국, 아시아개발은행 등 주요 기관 관계자들이 참석했다. 참석자들은 기후전환 금융정책과...",2026-09-29 10:22,http://www.beyondpost.co.kr/view.php?ud=202609291017402839be44c0aacd_30,http://www.beyondpost.co.kr/view.php?ud=202609291017402839be44c0aacd_30
연세대학교,ONEWS,"매일유업, 가을 대학 축제 현장서 Z세대 소통 박차…'매일 도파민 충전...","지난 9월 22일 연세대학교 신촌 캠퍼스 축제에서 첫 부스 운영을 진행한 데 이어, 오는 10월 1일부터 2일까지 양일간 한양대학교 서울 캠퍼스 축제 현장에서도 부스를 운영할 예정이다. 부스 현장에서는 대학생들이 참여할...",2026-09-29 10:22,https://www.onews.tv/news/articleView.html?idxno=288056,https://www.onews.tv/news/articleView.html?idxno=288056
서울대학교,아주경제,인공태양 들어서는 나주에 세계 에너지 석학들 집결,"이어 노승정 단국대학교 교수, 황용석 서울대학교 교수, 양형렬 K-문샷 프로젝트 PD, 윤병태 나주시장이 참여해 핵융합 기술의 현재와 상용화 가능성, 산업 생태계 조성 방향을 논의한다. 윤병태 시장은...",2026-09-29 10:20,https://www.ajunews.com/view/20260929100256941,https://www.ajunews.com/view/20260929100256941
연세대학교,이데일리,"‘대흥·공덕역 더블 역세권’ 리마크빌 마포, 내달 초 공급","여의도 업무지구와 광화문 업무지구, 공덕·용산 등 서울 주요 업무 권역으로 편리하게 이동할 수 있으며 인근에는 서강대·연세대·이화여대·홍익대 등 주요 대학이 인접해 있다. 주택형은 원룸과 1.5룸 위주로...",2026-09-29 10:20,https://www.edaily.co.kr/News/Read?newsId=03207846645585040&mediaCodeNo=257&utm_source=naver&utm_medium=referral&utm_campaign=news_syndication&utm_content=original_article,https://n.news.naver.com/mnews/article/018/0006376858?sid=101
연세대학교,데일리한국,"대웅제약, 송도 첨단바이오 제조소 개소…줄기·면역세포 생산기반 확보","지역 대학·연구기관·의료기관과의 산·학·연·병 협력도 확대할 예정이다. 이날 개소식에는 보건복지부, 인천경제자유구역청, 범부처재생의료기술개발사업단, 연세대학교 등 관계자 30여명이 참석했다. 박성수 대웅제약...",2026-09-29 10:20,https://daily.hankooki.com/news/articleView.html?idxno=1410299,https://daily.hankooki.com/news/articleView.html?idxno=1410299
서울대학교,헤럴드경제,"“AI 시대 ‘속도가 방향’…韓, ‘풀스택 국가’ 도약 골든타임”[헤럴...","“AI 시대, 한국은 지금 갈림길에 서 있습니다” 이재욱 서울대학교 AI연구원 원장은 29일 서울 중구 서울신라호텔에서 열린 ‘헤럴드 기업포럼 2026’ 기조강연에서 한국이 인공지능(AI) 산업의 일부를 공급하는 데 머물지...",2026-09-29 10:19,https://biz.heraldcorp.com/article/10887231?ref=naver,https://n.news.naver.com/mnews/article/016/0002702988?sid=101
연세대학교,연합뉴스,"대웅제약, 송도에 첨단바이오의약품 제조소 신설","바이오 제조소는 송도 연세대 국제캠퍼스 안에 들어섰으며, 글로벌 표준 수준의 무균 제조·품질관리... 또 송도 바이오 클러스터가 보유한 연구·의료 인프라를 활용해 지역 내 대학, 연구기관, 의료기관 등과 오픈...",2026-09-29 10:19,https://www.yna.co.kr/view/AKR20260929058200017?input=1195m,https://n.news.naver.com/mnews/article/001/0016342756?sid=101
고려대학교,파이낸셜뉴스,"""엣취, 감기일까 비염일까?""...코가 먼저 가을 탄다 [헬스톡]","신재민 고려대 안암병원 이비인후과 교수는 ""알레르기 비염은 감기와 증상이 비슷해 대수롭지 않게 넘기거나... 면역치료를 고려할 수 있다. 생활환경 관리도 중요하다. 집먼지진드기가 원인이라면 침구류를 청결히 하고...",2026-09-29 10:18,https://www.fnnews.com/news/202609290939221581,https://n.news.naver.com/mnews/article/014/0005582105?sid=103
서울대학교,연합뉴스,나주 글로벌 에너지포럼 30∼10월1일 에너지공대서 개최,"이어 노승정 단국대학교 교수, 황용석 서울대학교 교수, 양형렬 K-문샷 프로젝트 PD, 윤병태 나주시장 등이 참여해 핵융합 기술의 현재와 상용화 가능성, 산업 생태계 조성 방향 등을 논의한다. 둘째날인 10월 1일...",2026-09-29 10:17,https://www.yna.co.kr/view/AKR20260929057100054?input=1195m,https://n.news.naver.com/mnews/article/001/0016342748?sid=102
연세대학교,뉴시스,"대웅제약 ""송도 첨단바이오의약품 제조소 신설""","이날 열린 개소식에는 보건복지부, 인천경제자유구역청, 범부처재생의료기술개발사업단, 연세대학교 등... 아울러 송도 바이오 클러스터가 보유한 연구·의료 인프라를 활용해 지역 내 대학·연구기관·의료기관과 산·학...",2026-09-29 10:16,https://www.newsis.com/view/NISX20260929_0003806630,https://n.news.naver.com/mnews/article/003/0014219838?sid=102
연세대학교,파이낸스투데이,"매일유업, 대학 축제서 Z세대 공략···체험형 부스 운영",운영하며 대학생 고객 접점을 넓힌다. 매일유업은 지난 22일 연세대학교 신촌캠퍼스 축제에서 '매일 도파민 충전소'를 운영한 데 이어 내달 1일부터 2일까지 한양대학교 서울캠퍼스 축제에 참여한다고 29일 밝혔다....,2026-09-29 10:16,http://www.finomy.com/news/articleView.html?idxno=262457,http://www.finomy.com/news/articleView.html?idxno=262457
연세대학교,초이스경제,"신한금융그룹, 한·일 기후-디지털 금융 협력 모색…전환금융 '눈길'","연세대 환경금융대학원과 한국녹색금융포럼이 주관하고 신한금융이 후원한 이번 행사에는 국내외 대학·연구기관, 금융당국, 아시아개발은행 등 주요 기관 관계자들이 참석했다. 참석자들은 기후전환 금융정책과...",2026-09-29 10:16,http://www.choicenews.co.kr/news/articleView.html?idxno=171789,http://www.choicenews.co.kr/news/articleView.html?idxno=171789
연세대학교,스마트경제,"매일유업, 대학 축제서 Z세대 만난다…'도파민 충전소' 운영",매일유업은 대학생들이 자사 브랜드와 제품을 직접 경험할 수 있는 체험 부스 '매일 도파민 충전소'를 운영한다고 29일 밝혔다. 지난 22일 연세대학교 신촌캠퍼스에 이어 내달 1~2일 한양대학교 서울캠퍼스 축제에서...,2026-09-29 10:16,http://www.dailysmart.co.kr/news/articleView.html?idxno=130300,http://www.dailysmart.co.kr/news/articleView.html?idxno=130300
연세대학교,퍼블릭뉴스,"신한금융,한·일 금융협력 강화…기후·디지털금융 새 기회 모색","이번 콘퍼런스는 연세대학교 환경금융대학원과 한국녹색금융포럼이 주관하고 신한금융이 후원했다. 국내외 대학과 연구기관, 금융당국, 아시아개발은행(ADB) 등 주요 기관 관계자들이 참석해 기후전환 금융정책과...",2026-09-29 10:16,https://www.public25.com/news/articleView.html?idxno=55518,https://www.public25.com/news/articleView.html?idxno=55518
서울대학교,NC,나무 정교하게 맞춘 백제 집수지…충주 장미산성서 드러난 성곽 기술,"권오영 서울대학교 교수의 '한성기 백제의 중원 진출과 그 의미' 기조강연을 시작으로 최근 발굴조사의... 주제발표가 끝난 뒤에는 성정용 충북대학교 교수가 좌장을 맡아 목조 집수지의 구조와 성격, 축조기술과 기능...",2026-09-29 10:16,https://www.nc.press/news/articleView.html?idxno=627393,https://www.nc.press/news/articleView.html?idxno=627393
서울대학교,의협신문,손상된 신경 치료 후 몸 속 분해 '무선 전자약' 나온다,"현정근 아주대병원 재활의학과 교수(왼쪽)와 강승균 서울대학교 재료공학부 교수. 환자의 신경 크기와... 현정근 아주의대 교수(아주대병원 재활의학과), 강승균 서울대학교 재료공학부 교수 공동연구팀은 체내에서...",2026-09-29 10:16,http://www.doctorsnews.co.kr/news/articleView.html?idxno=166520,http://www.doctorsnews.co.kr/news/articleView.html?idxno=166520
서울대학교,데일리포스트,"오비고, 143억 규모 국책과제 합류…차량용 AI 에이전트 플랫폼 개발 추...","주관기관인 LG전자를 포함해 오비고, 딥인사이트, 옵트에이아이, 솔루션링크, 서울대학교, 중앙대학교가 컨소시엄을 구성한 이번 프로젝트는 총 연구비 약 143억 원 규모로 2029년 12월까지 42개월간 진행된다....",2026-09-29 10:16,https://www.thedailypost.kr/news/articleView.html?idxno=115898,https://www.thedailypost.kr/news/articleView.html?idxno=115898
서울대학교,동아일보,"기업마다 다른 문제, 맞춤형 소프트웨어로 푼다…‘버터소프트’","서울과학기술대학교는 초기창업패키지 창업 기업을 지원합니다. IT동아는 서울과학기술대학교와 함께 유망... 키움증권, 사조푸디스트, 서울대학교병원 등 다양한 기업·기관의 서비스를 개발하고 운영하며 경험을...",2026-09-29 10:16,https://it.donga.com/109610/,https://it.donga.com/109610/
연세대학교,KOREAITTIMES,"대웅제약, 송도에 첨단바이오 제조 거점… 연구 성과 임상 연결 속도","대웅제약이 28일 인천 송도 연세대학교 국제캠퍼스에서 '첨단바이오의약품 제조소 개소식'을 개최했다... 대웅제약은 제조소를 중심으로 인근 대학과 연구기관, 의료기관과의 협력을 확대해 산·학·연·병 연계 모델을...",2026-09-29 10:16,https://www.koreaittimes.com/news/articleView.html?idxno=157596,https://www.koreaittimes.com/news/articleView.html?idxno=157596
연세대학교,동아일보,"기업마다 다른 문제, 맞춤형 소프트웨어로 푼다…‘버터소프트’","서울과학기술대학교는 초기창업패키지 창업 기업을 지원합니다. IT동아는 서울과학기술대학교와 함께 유망... 현재 해당 솔루션은 연세대학교 의료·대학원 환경에서 실제 사용 단계에 진입했으며, 향후 학회와...",2026-09-29 10:16,https://it.donga.com/109610/,https://it.donga.com/109610/
연세대학교,e의료정보,"대웅제약, 첨단바이오의약품 임상 생산체계 구축","대웅제약은 인천 송도 연세대학교 국제캠퍼스에 첨단바이오의약품 제조소를 구축하고 지난 28일 개소식을... 제조시설은 대학과 병원, 연구기관이 밀집한 바이오 클러스터 내에 위치해 있어 임상연구 수행과 공동 연구를...",2026-09-29 10:16,http://www.kmedinfo.co.kr/news/articleView.html?idxno=97926,http://www.kmedinfo.co.kr/news/articleView.html?idxno=97926
연세대학교,더팩트,"대웅제약, '첨단바이오의약품 제조소' 개소…송도 시대 열었다",인천 송도 연세대학교 국제캠퍼스 내에 위치한 바이오 제조소는 글로벌 스탠다드 수준의 무균 제조 및... 또한 송도 바이오 클러스터가 보유한 연구·의료 인프라를 활용해 지역 내 대학·연구기관·의료기관과 산·학·연...,2026-09-29 10:15,https://news.tf.co.kr/read/economy/2370589.htm,https://n.news.naver.com/mnews/article/629/0000537551?sid=101
고려대학교,연합뉴스,워터밤 속초 지역경제 효과 톡톡…공연 후 체류·심야 소비 증가,29일 속초시에 따르면 고려대학교 디지털 혁신연구센터와 함께 이동통신 빅데이터를 분석한 결과 지난달 22일 한화리조트 설악 쏘라노 야외부지에서 열린 워터밤 행사 당일 분석 대상 지역 방문객은 2만3천981명으로...,2026-09-29 10:14,https://www.yna.co.kr/view/AKR20260929059100062?input=1195m,https://n.news.naver.com/mnews/article/001/0016342725?sid=102
서울대학교,메디칼트리뷴,신경손상 치료 후 체내 분해 무선전자약 개발,아주대병원 재활의학과 현정근 교수팀과 서울대 재료공학부 강승균 교수팀은 3D 프린팅으로 신경 맞춤형 장치를 만들 수 있다는 연구결과를 재료과학 분야 국제학술지(Advanced Functional Materials)에 발표했다. 3D 프린팅으로...,2026-09-29 10:14,http://www.medical-tribune.co.kr/news/articleView.html?idxno=215290,http://www.medical-tribune.co.kr/news/articleView.html?idxno=215290
서울대학교,뉴스워커,"나주시, '글로벌 에너지포럼 2026'... 세계 석학 모여 미래 신산업 논의","이어 단국대학교 노승정 교수, 서울대학교 황용석 교수, K-문샷 프로젝트 양형렬 PD, 그리고 윤병태 나주시장이 패널로 참석해 핵융합 기술의 현 단계와 상용화 가능성, 클러스터 중심의 산업 생태계 육성 방향을 놓고...",2026-09-29 10:14,https://www.newsworker.co.kr/news/articleView.html?idxno=506261,https://www.newsworker.co.kr/news/articleView.html?idxno=506261
연세대학교,투데이경제,"신한금융, 한·일 금융협력 컨퍼런스서 기후·디지털 금융 협력 논의","이번 컨퍼런스는 ‘아시아의 신뢰할 수 있는 기후금융 인프라 구축’을 주제로 연세대학교 환경금융대학원과 한국녹색금융포럼이 주관하고 신한금융이 후원했다. 행사에는 국내외 대학과 연구기관, 금융당국...",2026-09-29 10:14,https://www.todayeconomic.com/news/article.html?no=32264,https://www.todayeconomic.com/news/article.html?no=32264
서울대학교,이데일리,배터리·외부 전선 없이 신경 자극…치료 뒤 분해되는 전자약 개발,"아주대병원 재활의학과 현정근 교수는 서울대학교 재료공학부 강승균 교수팀과 공동연구를 통해 체내에서 분해되는 무선 전자약을 3D 프린팅으로 제작하고, 동물실험에서 말초신경 자극과 기능 회복 가능성을...",2026-09-29 10:13,https://www.edaily.co.kr/News/Read?newsId=03168486645585040&mediaCodeNo=257&utm_source=naver&utm_medium=referral&utm_campaign=news_syndication&utm_content=original_article,https://n.news.naver.com/mnews/article/018/0006376847?sid=102
고려대학교,뉴스핌,"""즐거움 가득한 세종서 1박2일""…세종시, 관광객 이벤트","세종대왕 도안은 (사)세종대왕기념사업회, 김종서 장군의 일화를 담은 '야연사준도' 도안은 고려대학교 박물관의 이미지 사용 협조를 받아 제작됐다. 참여를 원하는 관광객은 먼저 세종시에 등록·신고된 숙박시설에서...",2026-09-29 10:12,https://www.newspim.com/news/view/20260929000305,https://www.newspim.com/news/view/20260929000305
고려대학교,강원도민일보,강릉지역 주요기관단체장 속속 임명,"고 이사장은 강릉 출신으로 성덕초, 경포중, 강릉고, 고려대 법과대를 졸업했다. 그 동안 강릉시 갈등조정위원장, 강릉범죄피해자센터 이사장, 강릉경찰서 경찰발전위원장, 강릉교도소 교정협의회장, 강릉고 총동창회장...",2026-09-29 10:12,https://www.kado.net/news/articleView.html?idxno=2075310,https://n.news.naver.com/mnews/article/654/0000202868?sid=102
연세대학교,아시아타임즈,"KT에스테이트, '리마크빌 마포' 공급…청년·신혼부부 주거 지원","주변에는 경의선숲길과 망원한강공원 등이 있으며 서강대, 연세대, 이화여대, 홍익대 등 대학도 인접해 있다. 주택형은 1룸과 1.5룸 중심으로 구성됐다. 1룸은 전용면적 30.04㎡와 40.16㎡, 1.5룸은 53.89㎡ 규모다. 1.5룸에는...",2026-09-29 10:12,https://www.asiatime.co.kr/article/20260929500063,https://www.asiatime.co.kr/article/20260929500063
서울대학교,폴리뉴스,"노벨화학상 오마르 야기, 나주에 온다… 30일 '글로벌 에너지포럼' 개막","단국대학교 교수, 황용석 서울대학교 교수, 양형렬 K-문샷 프로젝트 PD, 윤병태 나주시장이 함께 핵융합 기술의 상용화 가능성과 산업 생태계 조성 방향을 짚는다. 윤병태 시장은 '인공태양으로 바뀌는 나주의 미래'를...",2026-09-29 10:11,https://www.polinews.co.kr/news/articleView.html?idxno=744289,https://www.polinews.co.kr/news/articleView.html?idxno=744289
연세대학교,AP신문,"신한금융, 日과 기후·디지털 협력 논의…전환금융 전략 공유",연세대학교 환경금융대학원과 한국녹색금융포럼이 주관하고 신한금융이 후원한 이번 컨퍼런스에는 국내외 대학과 연구기관을 비롯해 양국 금융당국과 아시아개발은행(ADB) 등 주요 기관 관계자들이 참석했다....,2026-09-29 10:10,https://www.apnews.kr/news/articleView.html?idxno=3051571,https://www.apnews.kr/news/articleView.html?idxno=3051571
서울대학교,시민의소리,"박용갑 의원 ""암 환자 상경 진료 심각""…지역 완결적 암 치료체계 구축...","서울대학교병원, 삼성서울병원, 서울아산병원, 신촌세브란스병원, 서울성모병원 등 서울 주요 5개... 이어 ""정부가 국립대학교병원을 중심으로 지역 완결적 암 치료 기반을 갖출 수 있도록 지원해야 한다""며 ""10대 암...",2026-09-29 10:10,https://www.siminsori.com/news/articleView.html?idxno=401764,https://www.siminsori.com/news/articleView.html?idxno=401764
서울대학교,와이드경제,"""9모 '물영어' 수능선 어려워질 듯""…거세진 '사탐런'에 대학별 유불리...",사탐 응시자들이 서울대 인문계열 교차 지원을 염두에 두고 제2외국어에 응시하는 경향이 뚜렷해졌기 때문이다. 여기에 졸업생 등 'N수생' 비중이 전체 응시자의 약 25%를 차지하며 상위권 경쟁이 한층 치열해질...,2026-09-29 10:10,https://www.widedaily.com/news/articleView.html?idxno=301553,https://www.widedaily.com/news/articleView.html?idxno=301553
연세대학교,데일리팜,"대웅제약, 용인 연구·송도 생산 잇는다…바이오 제조소 개소","박성수 대웅제약 대표 대웅제약은 인천 송도 연세대학교 국제캠퍼스에 첨단바이오의약품 제조소를 신설하고... 송도 바이오 클러스터에 위치한 대학과 연구기관, 의료기관 등과 산·학·연·병 오픈이노베이션 협력을...",2026-09-29 10:10,https://new.dailypharm.com/user/news/342893?REFERER=NP,https://new.dailypharm.com/user/news/342893?REFERER=NP
연세대학교,경향신문,호서대 연구실 안전관리 ‘두각’···정부 우수연구실 신규·재인증,"이번 인증 명단에는 호서대를 비롯해 이화여대, 연세대, 인하대 등 대학과 삼성바이오로직스, 현대자동차, SK하이닉스 등 기업 연구실이 포함됐다. 인증 심사는 안전관리 시스템과 안전활동 수준, 안전관리 관계자의...",2026-09-29 10:09,https://www.khan.co.kr/article/202609291009001,https://n.news.naver.com/mnews/article/032/0003473027?sid=102
고려대학교,충북일보,일·휴식 동시에… '블레저' 관광객 세종으로 오세요,"세종대왕 도안은 (사)세종대왕기념사업회로부터, 김종서 장군의 일화를 그린 야연사준도 도안은 고려대학교 박물관으로부터 이미지 사용을 협조받아 완성도를 높였다. 참여를 원하는 관광객은 먼저 세종시에 등록...",2026-09-29 10:08,https://www.inews365.com/news/article.html?no=937434,https://www.inews365.com/news/article.html?no=937434
연세대학교,팜뉴스,"복지위, 구글·강남언니 등 증인·참고인 48명 채택","오는 10월 8일 보건복지부 감사에는 권영희 대한약사회 회장, 금기창 연세대학교 의무부총장 겸 의료원장... 학계에서는 김보영 영남대학교 교수, 이원영 중앙대학교 교수, 전근배 대구대학교 외래교수가, 산업계에서는...",2026-09-29 10:08,https://www.pharmnews.com/news/articleView.html?idxno=306561,https://www.pharmnews.com/news/articleView.html?idxno=306561
서울대학교,조선비즈,"남성역 역세권 개발 움직임, ‘남성역 헤르니티’ 공급","차량 10분대 거리에는 반포·강남 학원가가 위치하며, 서울대·중앙대·숭실대 등 주요 대학군도 가깝다. 생활 인프라는 이수·사당 일대 상업시설을 이용할 수 있으며 까치산공원과 국립서울현충원 등이 인근에 위치한다....",2026-09-29 10:08,https://biz.chosun.com/industry/business_info/2026/09/29/33TJRW3FSZHYFJRT5NEBXJ4Z4M/?utm_source=naver&utm_medium=original&utm_campaign=biz,https://n.news.naver.com/mnews/article/366/0001194949?sid=101
연세대학교,뉴스클레임,대웅제약 송도 첨단바이오의약품 제조소 개소,"대웅제약,이창재,박성수 대웅제약이 28일 인천 송도 연세대학교 국제캠퍼스에서 '첨단바이오의약품 제조소... 대웅제약 제공 대웅제약(대표 박성수, 이창재)이 인천 송도 연세대학교 국제캠퍼스 내에 '첨단바이오의약품...",2026-09-29 10:08,https://www.newsclaim.co.kr/news/articleView.html?idxno=3076726,https://www.newsclaim.co.kr/news/articleView.html?idxno=3076726
연세대학교,MTN 머니투데이방송,"[글로컬픽]이적·존박 무대에 시가 흐른다...연세대 미래캠퍼스, 첫 '아...","말했다.연세아트위크가 만들고 싶은 것도 그런 경험이다. 지역 주민이 대학에 들어와 호숫길을 걷고, 책을 읽고, 음악을 듣고, 마음에 드는 곳에 앉아 잠시 머물다 돌아가는 하루.연세대 미래캠퍼스는 다음 달 5일까지...",2026-09-29 10:06,https://news.mtn.co.kr/news-detail/2026092908515868893,https://news.mtn.co.kr/news-detail/2026092908515868893
서울대학교,금강일보,"이지케어텍 주가, 급등세... 왜?",국립중앙의료원과 서울의료원은 이번 사업에서 핵심 실증기관으로 참여한다. 이지케어텍을 비롯해... 서울대학교병원과 전국지방의료원연합회는 자문기관으로 사업에 참여한다. 이번 과제는 특정 병원에 HIS를...,2026-09-29 10:06,https://www.ggilbo.com/news/articleView.html?idxno=1184018,https://www.ggilbo.com/news/articleView.html?idxno=1184018
연세대학교,메디소비자뉴스,"대웅제약, 인천 송도에 '첨단바이오약 제조소' 개소 ...연내 가동",인천 송도 연세대학교 국제캠퍼스 내 위치한 해당 제조소는 무균 제조 및 품질관리 시스템을 갖췄으며... 아울러 송도 바이오 클러스터의 인프라를 활용해 대학·연구기관·병원과의 '산·학·연·병' 협력을 확대하고...,2026-09-29 10:04,http://www.medisobizanews.com/news/articleView.html?idxno=142646,http://www.medisobizanews.com/news/articleView.html?idxno=142646
연세대학교,뉴스더원,"대웅제약, 송도 바이오 제조소 개소...첨단재생의료 상용화 기반 마련",인천 송도 연세대학교 국제캠퍼스 내에 위치한 바이오 제조소는 글로벌 스탠다드 수준의 무균 제조 및... 또 송도 바이오 클러스터가 보유한 연구·의료 인프라를 활용해 지역 내 대학·연구기관·의료기관과 산·학·연·병...,2026-09-29 10:04,https://thetracker.co.kr/View.aspx?No=4244422,https://thetracker.co.kr/View.aspx?No=4244422
연세대학교,싱글리스트,매일유업 '매일 도파민 충전소' 운영→동아제약 '젤파민 충전소' 진행,지난 9월 22일 연세대학교 신촌캠퍼스 행사를 마쳤으며 10월 1일부터 2일까지 한양대학교 서울캠퍼스 축제에서 부스를 운영한다. 대학 축제 현장에서 다양한 브랜드와 제품을 직접 체험할 수 있도록 구성했다. 부스...,2026-09-29 10:04,https://www.slist.kr/news/articleView.html?idxno=769522,https://www.slist.kr/news/articleView.html?idxno=769522
서울대학교,뉴데일리,"""국제법 따랐다""는 정부 … '전쟁포로' vs '대한민국 국민' 왜 못 밝히나...",오양신 서울대 연구자는 지난해 12월 '인도법논총'에서 한국 헌법상 북한 주민을 우리 국민으로 보는 것과 국제법상 남북한의 지위는 구분된다고 분석했다. 국제법상 한국은 북한과 별개의 국가이자 러시아-우크라이나...,2026-09-29 10:02,https://www.newdaily.co.kr/site/data/html/2026/09/28/2026092800113.html,https://www.newdaily.co.kr/site/data/html/2026/09/28/2026092800113.html
연세대학교,프레스나인,"대웅제약, 송도 바이오 제조소 가동 준비…줄기세포·면역세포 생산","대웅제약은 28일 인천 송도 연세대학교 국제캠퍼스에 마련한 첨단바이오의약품 제조소 개소식을 열었다고... 대웅제약은 지역 대학과 연구기관, 의료기관 등과 오픈이노베이션을 확대하고 연구 결과가 임상 및 치료 단계로...",2026-09-29 10:02,http://www.press9.kr/news/articleView.html?idxno=83402,http://www.press9.kr/news/articleView.html?idxno=83402
연세대학교,위클리오늘,[금융권 소식] 신한금융ㆍ하나은행ㆍ우리다문화장학재단(9.29),지난 28일 서울 여의도 금융투자협회에서 열린 이번 행사는 '아시아의 신뢰할 수 있는 기후금융 인프라 구축'을 주제로 연세대학교 환경금융대학원과 한국녹색금융포럼이 주관하고 신한금융이 후원했다. 국내외 대학...,2026-09-29 10:02,http://www.weeklytoday.com/news/articleView.html?idxno=796144,http://www.weeklytoday.com/news/articleView.html?idxno=796144
연세대학교,EBN 산업경제,"신한금융, 한·일 기후·디지털금융 협력 논의","연세대학교 환경금융대학원과 한국녹색금융포럼이 주관하고 신한금융이 후원한 이번 행사에는 국내외 대학과 연구기관, 금융당국, 아시아개발은행 등 주요 기관 관계자들이 참석했다. 참석자들은 기후전환 금융정책과...",2026-09-29 10:02,https://www.ebn.co.kr/news/articleView.html?idxno=1725961,https://www.ebn.co.kr/news/articleView.html?idxno=1725961
연세대학교,테크홀릭,"신한금융, '한·일 금융협력 컨퍼런스'서 기후·디지털 금융 논의",신한금융그룹(회장 진옥동)은 지난 28일 서울 여의도 한국금융투자협회에서 연세대학교 환경금융대학원과 한국녹색금융포럼이 주관하고 신한금융이 후원한 '한ㆍ일 금융협력 컨퍼런스'서 '아시아의 신뢰할 수 있는...,2026-09-29 10:02,http://www.techholic.co.kr/news/articleView.html?idxno=223061,http://www.techholic.co.kr/news/articleView.html?idxno=223061
연세대학교,e대한경제,"호서대 연구실 2곳, 과기정통부 ‘안전관리 우수연구실’ 인증","한국산림식물정유은행 신규 인증·대체독성연구실 재인증 호서대학교 연구실 2곳이 과학기술정보통신부의... 이번 인증 명단에는 호서대를 비롯해 이화여대와 연세대, 인하대 등 대학과 삼성바이오로직스, 현대자동차...",2026-09-29 10:02,https://www.dnews.co.kr/uhtml/view.jsp?idxno=202609290951385370666,https://www.dnews.co.kr/uhtml/view.jsp?idxno=202609290951385370666
서울대학교,여성신문,"남양주시, 학부모 진로·입시 특강…서울대 교수 등 참여","신종호 서울대 교수, 이경상 전 카이스트 교수, 김민식 연세대 교수가 각각 강연한다. 참가 신청은 10월 1일부터 선착순으로 받는다. 남양주시 초·중·고교 학부모를 포함해 관심 있는 시민은 누구나 신청할 수 있으며...",2026-09-29 10:01,https://www.womennews.co.kr/news/articleView.html?idxno=282692,https://n.news.naver.com/mnews/article/310/0000140366?sid=102
연세대학교,지디넷코리아,복지위 국감도 '플랫폼' 이슈…강남언니·구글·닥터나우 등 증인 신청,이외에도 ▲금기창 연세대학교 의무부총장 겸 의료원장(송도 세브란스병원 건립 관련) ▲김지예 엘림요양원 대표(요양원 매각 시 권리금 거래 문제 등) ▲손동국 똑똑플란트치과 대표 원장(반복 중대 의료사고 발생 및...,2026-09-29 10:01,https://zdnet.co.kr/view/?no=20260929094705,https://n.news.naver.com/mnews/article/092/0002439067?sid=105
연세대학교,여성신문,"남양주시, 학부모 진로·입시 특강…서울대 교수 등 참여","신종호 서울대 교수, 이경상 전 카이스트 교수, 김민식 연세대 교수가 각각 강연한다. 참가 신청은 10월 1일부터 선착순으로 받는다. 남양주시 초·중·고교 학부모를 포함해 관심 있는 시민은 누구나 신청할 수 있으며...",2026-09-29 10:01,https://www.womennews.co.kr/news/articleView.html?idxno=282692,https://n.news.naver.com/mnews/article/310/0000140366?sid=102
서울대학교,중앙일보,"코코랩, ‘경인지구 대학 테니스 연맹전’ 공식 스폰서 참여",서울대학교 테니스부가 주관하고 651명의 선수가 참가한 이번 대회에서 코코랩은 테니스 종목의 특성에 맞게 경기 상황별 맞춤 케어를 지원하는3단계 스포츠 루틴을 선보였다. 경기 전 체온을 올리고 운동 효율을...,2026-09-29 10:00,https://www.joongang.co.kr/article/25465537,https://n.news.naver.com/mnews/article/025/0003554419?sid=103
서울대학교,비욘드포스트,'2026 관악강감찬축제' 10월 16일 개막…다이나믹 듀오 등 '청년 드림 콘...,"서울대 '바운스 팩토리', 서울시립대 '트루츠', 서울예술대 '웨이브', 숙명여대 'BSL', 성균관대 'SMC' 등 5개 대학 힙합 동아리가 무대에 오른다. 이어 2022년 한국 힙합 어워즈에서 올해의 신인 아티스트를 수상한 래퍼 신스...",2026-09-29 10:00,http://www.beyondpost.co.kr/view.php?ud=20260929095324365392e75d13a3_30,http://www.beyondpost.co.kr/view.php?ud=20260929095324365392e75d13a3_30
연세대학교,조선일보,"탈모 치료, ‘심는 것’ 넘어 ‘새 모낭 재생’ 가능성 열렸다",중앙대학교병원은 피부과 김범준·성형외과 강신혁 교수와 연세대학교 화공생명공학과 고원건 교수 연구팀이 자가치유 하이드로젤을 활용한 모듈형 인공 피부 제작 기술을 개발했다고 29일 밝혔다. 모낭은 털을 만들고...,2026-09-29 10:00,https://health.chosun.com/site/data/html_dir/2026/09/29/2026092901412.html,https://n.news.naver.com/mnews/article/346/0000116646?sid=004
고려대학교,전국매일신문,"은평구, '성불사의 밤' 속 고려 건축 되살린다","'디지털로 되살린 고려 건축: 황해도 성불사 극락전' 전시물 은평역사한옥박물관과 한국건축역사학회가 지난 6월 체결한 업무협약에 따른 협력사업으로 고려대학교 건축문화유산연구실, ㈜위즈코어, 단한옥 등이...",2026-09-29 10:00,https://www.jeonmae.co.kr/news/articleView.html?idxno=1297031,https://www.jeonmae.co.kr/news/articleView.html?idxno=1297031
서울대학교,헤럴드경제,“추격형 성장 모델은 이제 끝…AI 선도 국가로 패러다임 대전환” [헤...,고문과 서울대학교 AI연구원 원장인 이재욱 서울대 컴퓨터공학부 교수가 각각 맡았다.... 권석준 성균관대학교 공과대학 부학장은 “메모리 슈퍼사이클은 무조건적 낙관을 허락하지 않는다”며 “메모리·시스템...,2026-09-29 09:59,https://biz.heraldcorp.com/article/10887181?ref=naver,https://n.news.naver.com/mnews/article/016/0002702966?sid=101
연세대학교,대학저널,"연고전 61주년, 올해 10월 2~3일 잠실·목동서 열린다","사진=고려대 제공  고려대학교와 연세대학교가 정기전을 통해 오랜 시간 이어온 양교의 우정이 올해... 대표적인 대학 스포츠 축제다. 양교 총학생회는 본 경기를 전후해 전야제, 헌혈 정기전 등 다양한 행사를 통해...",2026-09-29 09:58,https://dhnews.co.kr/news/view/1065572046777448,https://dhnews.co.kr/news/view/1065572046777448
연세대학교,메디소비자뉴스,제24회 화이자의학상 수상자…장보근·김중선·김동욱 교수,"대한민국의학한림원과 한국화이자제약은 '제24회 화이자의학상' 수상자로 장보근 제주대학교 의과대학 교수, 김중선 연세대학교 의과대학 교수, 김동욱 연세대학교 의과대학 교수를 선정했다고 29일 밝혔다....",2026-09-29 09:58,http://www.medisobizanews.com/news/articleView.html?idxno=142639,http://www.medisobizanews.com/news/articleView.html?idxno=142639
연세대학교,KOREAITTIMES,"신한금융, 한·일 금융권과 기후·디지털금융 협력 논의","연세대학교 환경금융대학원과 한국녹색금융포럼이 주관하고 신한금융이 후원한 이번 행사에는 국내외 대학과 연구기관, 금융당국, 아시아개발은행(ADB) 등 관계자들이 참석했다. 참석자들은 기후변화 대응 과정에서 필요한...",2026-09-29 09:58,https://www.koreaittimes.com/news/articleView.html?idxno=157590,https://www.koreaittimes.com/news/articleView.html?idxno=157590
연세대학교,파이낸셜뉴스,대학 축제로 간 매일유업.. '매일 도파민 충전소'로 20대 사로 잡는다,매일 도파민 충전소는 학업과 취업 준비로 지친 대학생들의 일상에 건강하고 즐거운 자극을 선물한다는 콘셉트로 기획된 체험 공간이다. 지난 22일 연세대 신촌 캠퍼스 축제 현장에서 첫 선을 보인 부스는 학생들의...,2026-09-29 09:58,https://www.fnnews.com/news/202609290954184534,https://n.news.naver.com/mnews/article/014/0005582076?sid=101
고려대학교,대학저널,"연고전 61주년, 올해 10월 2~3일 잠실·목동서 열린다","사진=고려대 제공  고려대학교와 연세대학교가 정기전을 통해 오랜 시간 이어온 양교의 우정이 올해... 대표적인 대학 스포츠 축제다. 양교 총학생회는 본 경기를 전후해 전야제, 헌혈 정기전 등 다양한 행사를 통해...",2026-09-29 09:58,https://dhnews.co.kr/news/view/1065572046777448,https://dhnews.co.kr/news/view/1065572046777448
연세대학교,라이센스뉴스,"매일유업·더후, 대학가·백화점서 제품 체험 행사 진행","매일유업은 대학 축제에서, LG생활건강의 더후는 백화점에서 각각 행사를 진행한다. 매일유업은 10월 1~2일 서울 한양대학교 축제 현장에서 '매일 도파민 충전소' 부스를 운영한다고 29일 밝혔다. 앞서 9월 22일에는 연세대...",2026-09-29 09:56,https://www.lcnews.co.kr/news/articleView.html?idxno=208939,https://www.lcnews.co.kr/news/articleView.html?idxno=208939
고려대학교,스포츠경향,"영탁, 노래교실 일일 강사 깜짝 서프라이즈!","‘TAK SHOW5’는 오는 10월 3일부터 5일까지 서울 고려대학교 화정체육관에서 포문을 열며, 서울 공연을 시작으로 10월 24~25일 전주, 11월 28~29일 대구, 12월 19~20일 인천, 내년 1월 16~17일 부산으로 이어진다.",2026-09-29 09:56,https://sports.khan.co.kr/article/202609290955003?pt=nv,https://m.entertain.naver.com/article/144/0001140998
연세대학교,이데일리,"god 손호영, '솔로 데뷔 20주년' 맞아 컴백",손호영은 지난 3월 연세대 백주년기념관 콘서트홀에서 솔로 팬미팅 ‘아워스’(HOurs)를 개최했다. 5월에는 에버랜드 서문주차장에서 god의 데뷔 1만일 기념 테마파크 프로젝트 팬 콘서트로 관객들과 만났다.,2026-09-29 09:55,https://www.edaily.co.kr/News/Read?newsId=03086486645585040&mediaCodeNo=257&utm_source=naver&utm_medium=referral&utm_campaign=news_syndication&utm_content=original_article,https://m.entertain.naver.com/article/018/0006376824
서울대학교,서울신문,김영훈 경기도의원 “지역 직업계고등학교와 지역 산업계의 유기적인 연...,"경기도의회 교육기획위원회 김영훈 의원(더불어민주당, 시흥3)은 지난 28일 서울대학교 시흥캠퍼스 교육협력동 101호에서 열린 경기도시흥교육지원청 시흥직업교육협의회 운영 회의에 참석해 협의회 위원 위촉장을 받았다....",2026-09-29 09:55,https://www.seoul.co.kr/news/publicnews/local_govern/kyungki_do/2026/09/29/20260929500039?wlog_tag3=naver,https://n.news.naver.com/mnews/article/081/0003684281?sid=102
연세대학교,조선일보,'K-성적표' 너머 /,◎ 판소리에 매료돼 영국에서 건너온 서울대학교 국악과 교수 안나 예이츠 ◎ 스리랑카에서 출가해 북한산 국녕사 주지가 된 봉연 스님 ◎ 이상 문학을 사랑하고 한국에 주짓수를 들여온 연세대학교 교수 존 프랭클...,2026-09-29 09:54,http://topclass.chosun.com/news/articleView.html?idxno=36815,http://topclass.chosun.com/news/articleView.html?idxno=36815
연세대학교,라이센스뉴스,"신한금융, 한·일 금융협력 확대…기후금융·디지털자산 머리 맞댄다",연세대학교 환경금융대학원과 한국녹색금융포럼이 주관하고 신한금융이 후원한 이번 행사는 '아시아의 신뢰할 수 있는 기후금융 인프라 구축'을 주제로 열렸다. 컨퍼런스에는 한국과 일본의 대학·연구기관을 비롯해...,2026-09-29 09:54,https://www.lcnews.co.kr/news/articleView.html?idxno=208935,https://www.lcnews.co.kr/news/articleView.html?idxno=208935
연세대학교,뉴스락,"매일유업, 대학 축제서 '도파민 충전소' 운영…Z세대 접점 확대",22일 연세대학교 신촌캠퍼스 축제에서 첫 행사를 진행한 데 이어 오는 10월 1일부터 2일까지 한양대학교 서울캠퍼스 축제에도 참여한다고 밝혔다. '매일 도파민 충전소'는 학업과 취업 준비 등으로 지친 대학생들에게...,2026-09-29 09:54,http://www.newslock.co.kr/news/articleView.html?idxno=137052,http://www.newslock.co.kr/news/articleView.html?idxno=137052
서울대학교,조선일보,'K-성적표' 너머 /,◎ 판소리에 매료돼 영국에서 건너온 서울대학교 국악과 교수 안나 예이츠 ◎ 스리랑카에서 출가해 북한산 국녕사 주지가 된 봉연 스님 ◎ 이상 문학을 사랑하고 한국에 주짓수를 들여온 연세대학교 교수 존 프랭클...,2026-09-29 09:54,http://topclass.chosun.com/news/articleView.html?idxno=36815,http://topclass.chosun.com/news/articleView.html?idxno=36815
서울대학교,데일리메디,"﻿아주대병원·서울대, 체내 분해형 무선 전자약 개발","아주대병원 재활의학과 현정근 교수는 서울대학교 재료공학부 강승균 교수팀과의 공동연구를 통해 3D 프린팅 기술을 활용, 체내 분해형 무선 전자약을 제작하고 동물실험에서 기능 회복 효과를 확인했다고 29일 밝혔다....",2026-09-29 09:52,https://www.dailymedi.com/news/news_view.php?wr_id=940915,https://www.dailymedi.com/news/news_view.php?wr_id=940915
연세대학교,뉴스드림,"신한금융, 한·일 금융협력 포럼서 '기후·디지털 금융 인프라' 모색","연세대학교 환경금융대학원과 한국녹색금융포럼이 주관하고 신한금융이 후원한 이번 행사에는 국내외 학계와 연구기관을 비롯해 금융당국, 아시아개발은행(ADB) 등 주요 정책·국제기구 관계자들이 참석했다. 참석자들은...",2026-09-29 09:52,http://www.newsdream.kr/news/articleView.html?idxno=119005,http://www.newsdream.kr/news/articleView.html?idxno=119005
연세대학교,파이낸셜투데이,"웅진IT, 말레이시아 유학생 교류회 3년 연속 개최","올해는 고려대, 성균관대, 연세대, 한양대 등 4개 대학에서 정보시스템, 데이터, 컴퓨터, 소프트웨어 등을 전공하는 유학생 21명이 참여했다. 교류회는 실제 채용 성과로도 이어지고 있다. 지난 3년간 교류회 참가자 60명...",2026-09-29 09:52,http://www.ftoday.co.kr/news/articleView.html?idxno=366234,http://www.ftoday.co.kr/news/articleView.html?idxno=366234
연세대학교,이사이언스,"신한금융, 일본과 '탄소금융·디지털자산' 잇는다…스테이블코인 실증서...","연세대학교 환경금융대학원과 한국녹색금융포럼이 주관한 행사에는 한국과 일본 금융당국을 비롯해 금융회사, 연구기관, 아시아개발은행(ADB) 관계자 등이 참석했다. 논의의 한 축은 기업의 탄소 감축에 필요한 자금을...",2026-09-29 09:52,https://www.e-science.co.kr/news/articleView.html?idxno=136223,https://www.e-science.co.kr/news/articleView.html?idxno=136223
연세대학교,데일리벳,한·중 실험동물학회 협력 구체화…젊은 연구자 교류·공동연구 추진,"이사장(연세대학교 의과대학 교수), 강병철 감사(서울대학교 의과대학 교수), 유대영 국제위원회 간사(서울대학교 수의과대학 교수), 정행등 학술위원(한양대학교 분자생명과학과 교수), 성영훈...",2026-09-29 09:52,https://www.dailyvet.co.kr/news/laboratory-animal/298630,https://www.dailyvet.co.kr/news/laboratory-animal/298630
고려대학교,파이낸셜투데이,"웅진IT, 말레이시아 유학생 교류회 3년 연속 개최","올해는 고려대, 성균관대, 연세대, 한양대 등 4개 대학에서 정보시스템, 데이터, 컴퓨터, 소프트웨어 등을 전공하는 유학생 21명이 참여했다. 교류회는 실제 채용 성과로도 이어지고 있다. 지난 3년간 교류회 참가자 60명...",2026-09-29 09:52,http://www.ftoday.co.kr/news/articleView.html?idxno=366234,http://www.ftoday.co.kr/news/articleView.html?idxno=366234
서울대학교,데일리벳,한·중 실험동물학회 협력 구체화…젊은 연구자 교류·공동연구 추진,"감사(서울대학교 의과대학 교수), 유대영 국제위원회 간사(서울대학교 수의과대학 교수), 정행등 학술위원(한양대학교 분자생명과학과 교수), 성영훈 전산위원장(울산대학교 의과대학/서울아산병원...",2026-09-29 09:52,https://www.dailyvet.co.kr/news/laboratory-animal/298630,https://www.dailyvet.co.kr/news/laboratory-animal/298630
고려대학교,코리아헬스로그,항암제·B형 간염 치료제 원료 친환경 생산하는 기술 개발,고려대학교 생명과학대학 식품공학과 및 대학원 융합생명공학과 김경헌 교수팀과 경북대학교 식품공학부 김동현 교수는 D-리보오스를 약품 원료인 L-리보오스로 98% 이상 바꾸는 데 성공했다고 밝혔다. 당 분자는...,2026-09-29 09:50,https://www.koreahealthlog.com/news/articleView.html?idxno=59202,https://www.koreahealthlog.com/news/articleView.html?idxno=59202
서울대학교,베리타스알파,[신간산책] '아이 마음 멍들지 않게' - 92세 정신과 의사 이근후의 부모...,"서울대어린이병원 소아청소년정신과 김붕년 교수는 원로 정신의학자의 경험에서 우러난 부모의 지혜에 주목했다. '4~7세보다 중요한 시기는 없습니다'의 저자 이임숙 소장은 ""이 책은 지혜로운 어른이 건네는 가장 따뜻한...",2026-09-29 09:50,https://www.veritas-a.com/news/articleView.html?idxno=629781,https://www.veritas-a.com/news/articleView.html?idxno=629781
고려대학교,파이낸셜뉴스,"'100년 라이벌' 연고전, 내달 2·3일 서울 잠실·목동 일대서 개최",고려대학교와 연세대학교의 스포츠 라이벌전인 '2026 정기 고려대학교·연세대학교 친선경기대회(연고전)'가 오는 10월 2일과 3일 양일간 서울 잠실과 목동 일대에서 열린다. 올해 대회는 역대 상대 전적의 균형이 깨진...,2026-09-29 09:49,https://www.fnnews.com/news/202609290947257858,https://n.news.naver.com/mnews/article/014/0005582065?sid=102
연세대학교,디지털데일리,"신한금융, 한·일 기후·디지털 금융 협력 모색","이번 컨퍼런스는 ‘아시아의 신뢰할 수 있는 기후금융 인프라 구축’을 주제로 열렸으며, 연세대학교 환경금융대학원과 한국녹색금융포럼이 주관했다. 컨퍼런스에는 국내외 대학 및 연구기관, 금융당국, 아시아개발은행...",2026-09-29 09:49,https://www.ddaily.co.kr/page/view/2026092909484104283,https://n.news.naver.com/mnews/article/138/0002242925?sid=101
연세대학교,파이낸셜뉴스,"'100년 라이벌' 연고전, 내달 2·3일 서울 잠실·목동 일대서 개최",고려대학교와 연세대학교의 스포츠 라이벌전인 '2026 정기 고려대학교·연세대학교 친선경기대회(연고전)'가 오는 10월 2일과 3일 양일간 서울 잠실과 목동 일대에서 열린다. 올해 대회는 역대 상대 전적의 균형이 깨진...,2026-09-29 09:49,https://www.fnnews.com/news/202609290947257858,https://n.news.naver.com/mnews/article/014/0005582065?sid=102
연세대학교,뉴스프리존,"﻿신한금융, 한·일 금융협력 컨퍼런스서 기후·디지털 금융 논의","연세대학교 환경금융대학원과 한국녹색금융포럼이 주관하고 신한금융이 후원한 이번 컨퍼런스에는 국내외 대학 및 연구기관, 금융당국, 아시아개발은행 등 주요 기관 관계자들이 참석해 기후전환 금융정책, 디지털금융...",2026-09-29 09:48,https://www.newsfreezone.co.kr/news/articleView.html?idxno=711370,https://www.newsfreezone.co.kr/news/articleView.html?idxno=711370
연세대학교,뉴스인사이드,"신한금융, 한·일 금융협력 컨퍼런스서 기후·디지털금융 논의","연세대학교 환경금융대학원과 한국녹색금융포럼이 주관하고 신한금융이 후원한 행사에는 국내외 대학 및 연구기관, 금융당국, 아시아개발은행 관계자 등이 참석했다. 참석자들은 기후전환 금융정책과 디지털금융 혁신...",2026-09-29 09:48,https://www.newsinside.kr/news/articleView.html?idxno=5012033,https://www.newsinside.kr/news/articleView.html?idxno=5012033
연세대학교,머니투데이,"장보근·김중선·김동욱 교수, '화이자의학상' 수상","기초의학상은 장보근 제주대학교 의과대학 병리학교실 교수, 임상의학상은 김중선 연세대학교 의과대학 내과학교실 김중선 교수, 중개의학상은 김동욱 연세대학교 의과대학 생리학교실 교수가 각각 수상자로 선정됐다....",2026-09-29 09:47,https://www.mt.co.kr/thebio/2026/09/29/2026092909470257884,https://n.news.naver.com/mnews/article/008/0005419458?sid=101
연세대학교,국제뉴스,"신한금융그룹, 한·일 금융협력 컨퍼런스 개최...기후금융 인프라 논의","이 행사는 연세대학교 환경금융대학원과 한국녹색금융포럼이 주관하고 신한금융그룹이 후원했으며, 아시아개발은행을 비롯한 국내외 대학, 연구기관, 금융당국 등 다양한 주요 기관 관계자들이 참석했다. 참석자들은...",2026-09-29 09:46,https://www.gukjenews.com/news/articleView.html?idxno=3707837,https://www.gukjenews.com/news/articleView.html?idxno=3707837
연세대학교,이지경제,"웅진, 말레이시아 IT 인재 확보 속도…유학생 교류회 3년째",올해 교류회에는 고려대·성균관대·연세대·한양대 등 4개 대학에서 정보시스템·데이터·컴퓨터·소프트웨어 등을 전공하는 말레이시아 유학생 21명이 참여했다. 참가자들은 웅진 본부별 주요 사업과 말레이시아 법인의...,2026-09-29 09:46,https://www.ezyeconomy.com/news/articleView.html?idxno=240227,https://www.ezyeconomy.com/news/articleView.html?idxno=240227
연세대학교,뉴스클레임,신한금융 한일 금융협력 컨퍼런스 기후 디지털 논의,"연세대학교 환경금융대학원과 한국녹색금융포럼이 주관하고 신한금융이 후원한 이번 행사에는 국내외 대학, 연구기관, 금융당국, 아시아개발은행 등 주요 관계자들이 참석했습니다. 신한금융은 '아시아 기후·디지털...",2026-09-29 09:46,https://www.newsclaim.co.kr/news/articleView.html?idxno=3076711,https://www.newsclaim.co.kr/news/articleView.html?idxno=3076711
연세대학교,뉴스클레임,웅진 말레이시아 유학생 교류회 개최 글로벌 인재 확보,"올해 행사에는 고려대, 성균관대, 연세대, 한양대 등 4개 대학에서 정보시스템, 데이터, 컴퓨터, 소프트웨어 등을 전공하는 말레이시아 유학생 21명이 참여했습니다. 참가자들은 웅진의 주요 사업과 말레이시아 법인...",2026-09-29 09:46,https://www.newsclaim.co.kr/news/articleView.html?idxno=3076717,https://www.newsclaim.co.kr/news/articleView.html?idxno=3076717
고려대학교,뉴스클레임,웅진 말레이시아 유학생 교류회 개최 글로벌 인재 확보,"올해 행사에는 고려대, 성균관대, 연세대, 한양대 등 4개 대학에서 정보시스템, 데이터, 컴퓨터, 소프트웨어 등을 전공하는 말레이시아 유학생 21명이 참여했습니다. 참가자들은 웅진의 주요 사업과 말레이시아 법인...",2026-09-29 09:46,https://www.newsclaim.co.kr/news/articleView.html?idxno=3076717,https://www.newsclaim.co.kr/news/articleView.html?idxno=3076717
고려대학교,이지경제,"웅진, 말레이시아 IT 인재 확보 속도…유학생 교류회 3년째",올해 교류회에는 고려대·성균관대·연세대·한양대 등 4개 대학에서 정보시스템·데이터·컴퓨터·소프트웨어 등을 전공하는 말레이시아 유학생 21명이 참여했다. 참가자들은 웅진 본부별 주요 사업과 말레이시아 법인의...,2026-09-29 09:46,https://www.ezyeconomy.com/news/articleView.html?idxno=240227,https://www.ezyeconomy.com/news/articleView.html?idxno=240227
연세대학교,뉴스더원,"신한금융그룹,‘한·일 금융협력 컨퍼런스’에서 기후·디지털 금융 논...","연세대학교 환경금융대학원과 한국녹색금융포럼이 주관하고 신한금융이 후원한 이번 컨퍼런스에는 국내외 대학 및 연구기관, 금융당국, 아시아개발은행 등 주요 기관 관계자들이 참석해 ▲기후전환 금융정책...",2026-09-29 09:45,https://thetracker.co.kr/View.aspx?No=4244389,https://thetracker.co.kr/View.aspx?No=4244389
서울대학교,와이드경제,"오비고, 차세대 AI-SDV 표준 플랫폼 국책과제 합류…LG전자 등과 143억 규...","산업통상부 산하 한국산업기술기획평가원(KEIT)이 주관하는 이번 프로젝트는 주관기관인 LG전자를 필두로 오비고와 딥인사이트, 옵트에이아이, 솔루션링크, 서울대, 중앙대 등이 컨소시엄을 꾸렸다. 총 143억 원의...",2026-09-29 09:44,https://www.widedaily.com/news/articleView.html?idxno=301542,https://www.widedaily.com/news/articleView.html?idxno=301542
서울대학교,지디넷코리아,"국가유산청 국립중원문화유산연구소, 충주 장미산성 목조 집수지 학술대...","행사는 권오영 서울대학교 교수의 '한성기 백제의 중원 진출과 그 의미' 기조강연으로 시작한다. 이어... 최향선(국립문화유산연구원), 김석현(문화기업 예건), 손수원(경일대학교), 서정욱(충북대학교), 김도연...",2026-09-29 09:44,https://zdnet.co.kr/view/?no=20260929094409,https://n.news.naver.com/mnews/article/092/0002439057?sid=103
고려대학교,독서신문,"﻿AI 시대에 필요한 힘, 회복탄력성",교육계의 멘토로 불리는 고려대학교 조벽 석좌교수 역시 인성과 회복탄력성의 중요성을 역설한 바 있습니다.... 연세대학교 김주환 교수는 그의 저서 『회복탄력성』에서 이 개념을 체계적으로 풀어냅니다. 그는...,2026-09-29 09:44,https://www.readersnews.com/news/articleView.html?idxno=200701,https://www.readersnews.com/news/articleView.html?idxno=200701
연세대학교,우먼타임스,"신한금융, 한·일 전환금융 협력 논의…양국 금융당국 수장 참석","이번 컨퍼런스는 연세대학교 환경금융대학원과 한국녹색금융포럼이 주관하고 신한금융이 후원했다. 국내외 대학·연구기관, 금융당국, 아시아개발은행 등 주요 기관 관계자들이 참석해 ▲기후전환 금융정책 ▲디지털금융...",2026-09-29 09:44,https://www.womentimes.co.kr/news/articleView.html?idxno=106557,https://www.womentimes.co.kr/news/articleView.html?idxno=106557
연세대학교,위키리크스한국,"화이자의학상, 장보근·김중선·김동욱 교수 선정","한국화이자는 29일 '제24회 화이자 의학상' 수상자로 장보근 제주대 교수(사진), 김중선 연세대 교수, 김동욱 연세대 교수를 선정했다고 밝혔다. 기초의학상 수상자인 장보근 교수(병리학교실)는 위 장상피화생의 아형별...",2026-09-29 09:44,http://www.wikileaks-kr.org/news/articleView.html?idxno=192564,http://www.wikileaks-kr.org/news/articleView.html?idxno=192564
연세대학교,독서신문,"﻿AI 시대에 필요한 힘, 회복탄력성",교육계의 멘토로 불리는 고려대학교 조벽 석좌교수 역시 인성과 회복탄력성의 중요성을 역설한 바 있습니다.... 연세대학교 김주환 교수는 그의 저서 『회복탄력성』에서 이 개념을 체계적으로 풀어냅니다. 그는...,2026-09-29 09:44,https://www.readersnews.com/news/articleView.html?idxno=200701,https://www.readersnews.com/news/articleView.html?idxno=200701
연세대학교,중앙이코노미뉴스,"""기후·디지털 금융 논의""…신한금융, 한일 협력 컨퍼런스 개최","연세대학교 환경금융대학원과 한국녹색금융포럼이 주관하고 신한금융이 후원한 이번 컨퍼런스에는 국내외 대학 및 연구기관, 금융당국, 아시아개발은행 등 주요 기관 관계자들이 참석해 △기후전환 금융정책...",2026-09-29 09:44,https://www.joongangenews.com/news/articleView.html?idxno=551131,https://www.joongangenews.com/news/articleView.html?idxno=551131
연세대학교,뉴스1,"웅진, 말레이시아 유학생 교류회…3년간 15명 현지 채용","올해 교류회에는 고려대와 성균관대, 연세대, 한양대 등 4개 대학에서 정보시스템·데이터·컴퓨터·소프트웨어 등을 전공하는 말레이시아 유학생 21명이 참여했다. 참가자들은 웅진의 본부별 주요 사업과 말레이시아...",2026-09-29 09:43,https://www.news1.kr/society/education/6304163,https://n.news.naver.com/mnews/article/421/0009196948?sid=102
고려대학교,아시아경제,"""복잡한 의료 휴머노이드도 쉽게"" ETRI, IDEA 본상 수상","NAMI.I 개발에는 ETRI 안지훈 석사후연구원과 동지연 박사, ㈜뉴로메카 이준호 박사와 엄진용 매니저, 고려대 CO Design Lab 연구팀이 참여했다. 동지연 ETRI 대경권연구본부 지능로봇시스템연구실 박사는 ""휴머노이드...",2026-09-29 09:43,https://view.asiae.co.kr/article/2026092909432116664,https://n.news.naver.com/mnews/article/277/0005821939?sid=102
고려대학교,뉴스1,'워터밤' 끝나도 속초 안 떠났다…외지인 10명 중 6명 더 체류,속초시는 고려대학교 디지털혁신연구센터와 함께 지난 8월 22일 한화리조트 설악 쏘라노 야외부지에서 열린 '워터밤 속초 2026'의 이동통신 빅데이터를 분석한 결과 이같이 나타났다고 29일 밝혔다. 분석 결과 행사 당일...,2026-09-29 09:43,https://www.news1.kr/local/kangwon/6304151,https://n.news.naver.com/mnews/article/421/0009196945?sid=102
고려대학교,뉴스1,"웅진, 말레이시아 유학생 교류회…3년간 15명 현지 채용","올해 교류회에는 고려대와 성균관대, 연세대, 한양대 등 4개 대학에서 정보시스템·데이터·컴퓨터·소프트웨어 등을 전공하는 말레이시아 유학생 21명이 참여했다. 참가자들은 웅진의 본부별 주요 사업과 말레이시아...",2026-09-29 09:43,https://www.news1.kr/society/education/6304163,https://n.news.naver.com/mnews/article/421/0009196948?sid=102
고려대학교,한국면세뉴스,"웅진, 말레이시아 IT 인재 확보 나선다…15명 현지 채용","사진=웅진 제공 올해 행사에는 고려대와 성균관대, 연세대, 한양대 등 4개 대학에서 정보시스템·데이터·컴퓨터·소프트웨어 등을 전공하는 말레이시아 유학생 21명이 참가했다. 참가자들은 웅진의 주요 사업과...",2026-09-29 09:42,http://www.kdfnews.com/news/articleView.html?idxno=188572,http://www.kdfnews.com/news/articleView.html?idxno=188572
연세대학교,디지털투데이,"신한금융, 한·일 금융협력 확대…전환금융·디지털자산 논의","이번 컨퍼런스는 '아시아의 신뢰할 수 있는 기후금융 인프라 구축'을 주제로 연세대학교 환경금융대학원과 한국녹색금융포럼이 주관하고 신한금융이 후원했다. 행사에는 국내외 대학과 연구기관, 금융당국...",2026-09-29 09:42,https://www.digitaltoday.co.kr/news/articleView.html?idxno=703445,https://www.digitaltoday.co.kr/news/articleView.html?idxno=703445
연세대학교,1코노미뉴스,"신한금융, 한·일 금융협력 참여…기후·디지털금융 해법 모색","이번 행사는 연세대학교 환경금융대학원과 한국녹색금융포럼이 주관하고 신한금융이 후원했다. 금일 행사에는 정상혁 신한은행장과 이찬진 금융감독원장. 이토 유타카 일본 금융청장, 황성엽 한국금융투자협회장 등이...",2026-09-29 09:42,https://www.1conomynews.co.kr/news/articleView.html?idxno=50601,https://www.1conomynews.co.kr/news/articleView.html?idxno=50601
연세대학교,한국면세뉴스,"웅진, 말레이시아 IT 인재 확보 나선다…15명 현지 채용","사진=웅진 제공 올해 행사에는 고려대와 성균관대, 연세대, 한양대 등 4개 대학에서 정보시스템·데이터·컴퓨터·소프트웨어 등을 전공하는 말레이시아 유학생 21명이 참가했다. 참가자들은 웅진의 주요 사업과...",2026-09-29 09:42,http://www.kdfnews.com/news/articleView.html?idxno=188572,http://www.kdfnews.com/news/articleView.html?idxno=188572
연세대학교,헤럴드경제,공덕 생활권에 499가구 청년안심주택…‘리마크빌 마포’ 나온다,"인근에는 서강대와 연세대, 이화여대, 홍익대 등이 있다. 경의선숲길과 망원한강공원 등도 가까이 있다. 주택형은 1룸과 1.5룸을 중심으로 구성됐다. 1룸은 30.04㎡(이하 전용면적)와 40.16㎡, 1.5룸은 53.89㎡ 규모다. 1....",2026-09-29 09:41,https://biz.heraldcorp.com/article/10887119?ref=naver,https://n.news.naver.com/mnews/article/016/0002702942?sid=101
연세대학교,뉴시스,"KT에스테이트, 청년안심주택 '리마크빌 마포' 499세대 공급",서강대·연세대·이화여대·홍익대 등 주요 대학이 인접해 대학생을 비롯한 청년층의 주거 수요를 폭넓게 수용할 수 있는 입지를 갖췄다. 주택형은 1룸과 1.5룸 위주로 구성됐다. 1룸은 실사용 면적 기준 약 9.1평...,2026-09-29 09:41,https://www.newsis.com/view/NISX20260929_0003806516,https://n.news.naver.com/mnews/article/003/0014219687?sid=101
서울대학교,굿모닝충청,[교수논단] 지역의사제는 어떤 의사를 뽑고 기를 것인가?,지역의사제 도입을 서울대·연세대·고려대의 미충원과 의대 쏠림에 연결하는 입시 분석도 나온다. 학생 이동은 고등교육의 중요한 문제다. 여기에 지역 주민의 질문도 더해져야 한다. 이번에 선발할 학생들은 앞으로 우리...,2026-09-29 09:40,https://www.goodmorningcc.com/news/articleView.html?idxno=453063,https://www.goodmorningcc.com/news/articleView.html?idxno=453063
고려대학교,굿모닝충청,[교수논단] 지역의사제는 어떤 의사를 뽑고 기를 것인가?,첫 수시모집에서 점검해야 할 지원자의 역량과 대학의 책임 2027학년도 지역의사제 첫 수시모집에 지원자가... 지역의사제 도입을 서울대·연세대·고려대의 미충원과 의대 쏠림에 연결하는 입시 분석도 나온다. 학생 이동은...,2026-09-29 09:40,https://www.goodmorningcc.com/news/articleView.html?idxno=453063,https://www.goodmorningcc.com/news/articleView.html?idxno=453063
고려대학교,머니투데이,웅진 '말레이시아 유학생 교류회' 개최…주요 대학 유학생 21명 참여,올해는 고려대·성균관대·연세대·한양대 등 4개 대학에서 정보시스템·데이터·컴퓨터·소프트웨어 등을 전공하는 유학생 21명이 참여했다. 참가자들은 웅진의 본부별 주요 사업과 말레이시아 법인에 대한 소개를 듣고...,2026-09-29 09:40,https://www.mt.co.kr/policy/2026/09/29/2026092909310976126,https://n.news.naver.com/mnews/article/008/0005419452?sid=102
연세대학교,굿모닝충청,[교수논단] 지역의사제는 어떤 의사를 뽑고 기를 것인가?,첫 수시모집에서 점검해야 할 지원자의 역량과 대학의 책임 2027학년도 지역의사제 첫 수시모집에 지원자가... 지역의사제 도입을 서울대·연세대·고려대의 미충원과 의대 쏠림에 연결하는 입시 분석도 나온다. 학생 이동은...,2026-09-29 09:40,https://www.goodmorningcc.com/news/articleView.html?idxno=453063,https://www.goodmorningcc.com/news/articleView.html?idxno=453063
연세대학교,머니투데이,웅진 '말레이시아 유학생 교류회' 개최…주요 대학 유학생 21명 참여,올해는 고려대·성균관대·연세대·한양대 등 4개 대학에서 정보시스템·데이터·컴퓨터·소프트웨어 등을 전공하는 유학생 21명이 참여했다. 참가자들은 웅진의 본부별 주요 사업과 말레이시아 법인에 대한 소개를 듣고...,2026-09-29 09:40,https://www.mt.co.kr/policy/2026/09/29/2026092909310976126,https://n.news.naver.com/mnews/article/008/0005419452?sid=102
연세대학교,화이트페이퍼,"신한금융, 한·일 컨퍼런스서 기후·디지털 금융 논의","연세대 환경금융대학원과 한국녹색금융포럼이 주관하고 신한금융이 후원했다. 컨퍼런스에는 국내외 대학·연구기관, 금융당국, 아시아개발은행 등 주요 기관 관계자들이 참석해 기후전환 금융정책, 디지털금융 혁신...",2026-09-29 09:40,http://www.whitepaper.co.kr/news/articleView.html?idxno=267271,http://www.whitepaper.co.kr/news/articleView.html?idxno=267271
고려대학교,한국대학신문,2026 정기 연고전 10월 2~3일 잠실·목동에서 열려,"연세대학교·고려대학교 친선경기대회(이하 연고전)를 개최한다. ※ 2026년 주최교 : 고려대학교(연세대가... 대표적인 대학 스포츠 축제다. 양교 총학생회는 본 경기를 전후해 전야제, 헌혈 정기전 등 다양한 행사를...",2026-09-29 09:38,https://news.unn.net/news/articleView.html?idxno=597981,https://news.unn.net/news/articleView.html?idxno=597981
서울대학교,코메디닷컴,"셀비온, 전립선암 방사성의약품 '포큐보타이드 사테트라세탄' 국내 임상...",임상시험은 대한민국에서 서울대학교병원 외 다기관에서 실시된다. 일차 목적은 mCRPC 시험대상자에서 최적지지/표준요법(BSC/SoC) 대비 BSC/SoC와 Lutetium(177Lu) DGUL 병용요법의 방사선학적 무진행 생존(rPFS)을...,2026-09-29 09:38,https://kormedi.com/?p=2874504,https://n.news.naver.com/mnews/article/296/0000105353?sid=101
서울대학교,조선일보,"""집값 잡겠다는 망상에 빠진 정부가 국민 뒤통수 쳤다""…서울대 교수, ...",더불어민주당 김민석 대표는 최근 서울대 김경민 교수를 서울시장 후보로 언급한 바 있다. ◇ “다주택 중과는 찬성…1주택자 증세는 원복해야” 김 교수는 정부의 세제 개편안에 대해 “다가구 다주택자에 대한 중과와...,2026-09-29 09:38,https://realty.chosun.com/site/data/html_dir/2026/09/29/2026092901251.html,https://realty.chosun.com/site/data/html_dir/2026/09/29/2026092901251.html
서울대학교,의학신문,신경 치료하고 몸속에서 분해되는 '무선 전자약' 개발,"아주대병원 재활의학과 현정근 교수는 서울대학교 재료공학부 강승균 교수팀과 공동연구를 통해 체내에서 분해되는 무선 전자약을 3D 프린팅으로 제작하고, 동물실험에서 말초신경 자극과 기능 회복 가능성을...",2026-09-29 09:38,https://www.bosa.co.kr/news/articleView.html?idxno=3012927,https://www.bosa.co.kr/news/articleView.html?idxno=3012927
연세대학교,글로벌경제신문,"신한금융,'한·일 금융협력 컨퍼런스'서 기후·디지털 금융 논의","신한금융에 따르면 연세대학교 환경금융대학원과 한국녹색금융포럼이 주관하고 신한금융이 후원한 이번 컨퍼런스에는 국내외 대학 및 연구기관, 금융당국, 아시아개발은행 등 주요 기관 관계자들이 참석해 ▲기후전환...",2026-09-29 09:38,https://www.getnews.co.kr/news/articleView.html?idxno=882026,https://www.getnews.co.kr/news/articleView.html?idxno=882026
연세대학교,한국대학신문,2026 정기 연고전 10월 2~3일 잠실·목동에서 열려,"※ 2026년 주최교 : 고려대학교(연세대가 주최교일 경우 고연전, 고려대가 주최교일 경우 연고전) 연세대와... 대표적인 대학 스포츠 축제다. 양교 총학생회는 본 경기를 전후해 전야제, 헌혈 정기전 등 다양한 행사를...",2026-09-29 09:38,https://news.unn.net/news/articleView.html?idxno=597981,https://news.unn.net/news/articleView.html?idxno=597981
연세대학교,뉴스맵,"신한금융, 한·일 금융협력 컨퍼런스 열어…기후금융·디지털혁신 논의","이번 컨퍼런스는 연세대학교 환경금융대학원과 한국녹색금융포럼이 주관하고 신한금융그룹이 후원했으며 국내외 대학 및 연구기관, 금융당국, 아시아개발은행 등 주요 기관 관계자들이 참석했다. 참석자들은 기후전환...",2026-09-29 09:36,https://www.newsmap.co.kr/news/articleView.html?idxno=3586,https://www.newsmap.co.kr/news/articleView.html?idxno=3586
고려대학교,전자신문,ETRI 의료보조 휴머노이드 인터페이스 '세계 3대 디자인상' 수상 쾌거,"NAMI.I 개발에는 동지연 ETRI 대경권연구본부 지능로봇시스템연구실 박사와 안지훈 석사후연구원, 뉴로메카의 이준호 박사 및 엄진용 매니저, 고려대 CO 디자인랩 연구진이 참여했다. 연구진은 NAMI가 향후 병원에서...",2026-09-29 09:36,https://www.etnews.com/20260929000044,https://n.news.naver.com/mnews/article/030/0003470563?sid=105
서울대학교,메디칼타임즈,산·학·연·병 손잡은 '시스템 보건의료 AI 포럼' 출범,"한국인공지능협회와 대한디지털헬스학회는 오는 10월 2일 오후 2시 서울 여의도 글래드호텔 2층 Project Room... 이사장(서울대학교 교수)이 위원장을, 윤경식 한국인공지능협회 고문(경희대학교 교수)이 부위원장을 맡아...",2026-09-29 09:36,https://www.medicaltimes.com/Main/News/NewsView.html?ID=1170911&ref=naverpc,https://www.medicaltimes.com/Main/News/NewsView.html?ID=1170911&ref=naverpc
연세대학교,팝콘뉴스,"축제부터 K치킨 체험까지...유통·식품업계, 고객 접점 넓힌다",학업과 취업 준비로 바쁜 대학생들에게 즐거운 경험을 제공한다는 콘셉트로 지난 9월 22일 연세대학교 신촌 캠퍼스에서 첫 행사를 진행했으며 오는 10월 1일부터 2일까지 한양대학교 서울캠퍼스 축제에서도 운영한다....,2026-09-29 09:36,http://www.popcornnews.net/news/articleView.html?idxno=134274,http://www.popcornnews.net/news/articleView.html?idxno=134274
서울대학교,메디칼업저버,신경 치료하고 사라지는 '무선 전자약' 개발,아주대병원 현정근 교수(재활의학과)는 서울대 재료공학부 강승균 교수팀과 공동연구를 통해 체내에서 분해되는 무선 전자약을 3D 프린팅으로 제작하고 동물실험에서 말초신경 자극과 기능 회복 가능성을 확인했다. 최근...,2026-09-29 09:34,https://www.monews.co.kr/news/articleView.html?idxno=414193,https://www.monews.co.kr/news/articleView.html?idxno=414193
서울대학교,한국경제,"이지케어텍 컨소시엄, 360억 규모 ‘공공 병원정보 AI 클라우드 개발·검...",이지케어텍에 따르면 이번 사업에는 국립중앙의료원과 서울의료원이 핵심 실증 대상 기관으로 참여하고... 사업수행을 위해 서울대학교병원과 전국지방의료원연합회가 자문기관으로 참여한다. 이번 과제는 특정...,2026-09-29 09:34,https://www.hankyung.com/article/202609291121i,https://n.news.naver.com/mnews/article/015/0005336993?sid=105
고려대학교,글로벌이코노믹,"'밤을 잊은 워터밤'...속초, 공연 끝나도 '체류' 많아, 야간 상권 활력","속초시는 고려대학교 디지털혁신연구센터와 함께 지난 8월 22일 한화리조트 설악 쏘라노 야외부지에서 개최된 워터밤 행사 전후의 이동통신 빅데이터를 분석했다. 그 결과, 행사 당일 방문객 2만 3,981명 중 외지인이 85.2...",2026-09-29 09:34,https://www.g-enews.com/view.php?ud=20260929091947572120ae620e86_1,https://www.g-enews.com/view.php?ud=20260929091947572120ae620e86_1
서울대학교,뉴스1,라벨 왈츠부터 프로코피예프 소나타 8번까지…피아니스트 양민제 독주회,"16일 서울 예술의전당 리사이틀홀에서 개최한다. 이번 공연은 라벨, 스크리아빈, 프로코피예프의... 모스크바 차이콥스키 음악원과 동 대학원 최고연주자과정을 마쳤고 서울대 음악대학 석사학위를...",2026-09-29 09:33,https://www.news1.kr/life-culture/performance-exhibition/6303850,https://n.news.naver.com/mnews/article/421/0009196901?sid=103
서울대학교,뉴스1,우리가 보는 세상이 진실한가…정선 정암사 인문학 콘서트,한민은 고려대에서 문화 및 사회심리학 박사학위를 받았고 서울대 행복연구센터 선임연구원을 지냈다. 한민은 뇌과학과 문화심리학의 사례를 바탕으로 인간의 기억과 인식의 객관성을 풀어낼 예정이다. 방송과 유튜브...,2026-09-29 09:33,https://www.news1.kr/life-culture/performance-exhibition/6303852,https://n.news.naver.com/mnews/article/421/0009196902?sid=103
서울대학교,뉴시스,조선 전기 인사동 모습 복원…서울역사박물관 학술대회,"전봉희 서울대 교수의 '인사도시유적전시관의 조성과 의미', 양현모 수도문물연구원 부장의 '인사동 유적이 발굴 성과', 옥영정 한국학중앙연구원 교수의 '인사동 출토 금속활자의 인쇄문화사적 가치', 박혜림 서울역사...",2026-09-29 09:33,https://www.newsis.com/view/NISX20260929_0003806472,https://n.news.naver.com/mnews/article/003/0014219665?sid=103
고려대학교,뉴스1,우리가 보는 세상이 진실한가…정선 정암사 인문학 콘서트,한민은 고려대에서 문화 및 사회심리학 박사학위를 받았고 서울대 행복연구센터 선임연구원을 지냈다. 한민은 뇌과학과 문화심리학의 사례를 바탕으로 인간의 기억과 인식의 객관성을 풀어낼 예정이다. 방송과 유튜브...,2026-09-29 09:33,https://www.news1.kr/life-culture/performance-exhibition/6303852,https://n.news.naver.com/mnews/article/421/0009196902?sid=103
연세대학교,연합뉴스,"신한금융 ""한일 금융기관 협력해 기후·디지털 금융 기회 모색""","'아시아의 신뢰할 수 있는 기후금융 인프라 구축'을 주제로 열린 이번 행사는 연세대 환경금융대학원과 한국녹색금융포럼 등이 주관했다. 콘퍼런스에서는 국내외 대학과 연구기관, 금융당국, 아시아개발은행 등의...",2026-09-29 09:33,https://www.yna.co.kr/view/AKR20260929037400002?input=1195m,https://n.news.naver.com/mnews/article/001/0016342552?sid=101
연세대학교,한국블록체인뉴스,"신한금융,‘한·일 금융협력 컨퍼런스’ 기후·디지털 금융 논의","[사진=신한금융그룹] 연세대학교 환경금융대학원과 한국녹색금융포럼이 주관하고 신한금융이 후원한 이번 컨퍼런스에는 국내외 대학 및 연구기관, 금융당국, 아시아개발은행 등 주요 기관 관계자들이 참석했다....",2026-09-29 09:32,https://hbnpress.com/news/view/1065572958198456,https://hbnpress.com/news/view/1065572958198456
서울대학교,한국강사신문,"경상국립대학교, 이상림 박사 초청 '인구변화가 바꾸는 나의 삶' 특강…...",경상국립대학교가 급변하는 인구구조에 대응하고 지역사회 돌봄 역량을 높이기 위한 전문가 특강을... 22일 서울대학교 인구정책연구센터 이상림 박사를 초청해 '인구변화가 바꾸는 나의 삶'을 주제로 특강을 개최했다고...,2026-09-29 09:30,https://www.lecturernews.com/news/articleView.html?idxno=211240,https://www.lecturernews.com/news/articleView.html?idxno=211240
고려대학교,뉴스티앤티,"고려대·연세대, 10월 2~3일 61주년 정기전 개최",고려대학교와 연세대학교가 오는 10월 2일부터 3일까지 이틀간 '2026 정기 고려대학교·연세대학교... 올해로 61주년을 맞은 정기전은 양교 학생들이 모교를 응원하며 교류하는 대학 스포츠 행사로 자리 잡았다. 양교...,2026-09-29 09:28,https://www.newstnt.com/news/articleView.html?idxno=720485,https://www.newstnt.com/news/articleView.html?idxno=720485
연세대학교,뉴스티앤티,"고려대·연세대, 10월 2~3일 61주년 정기전 개최",고려대학교와 연세대학교가 오는 10월 2일부터 3일까지 이틀간 '2026 정기 고려대학교·연세대학교... 올해로 61주년을 맞은 정기전은 양교 학생들이 모교를 응원하며 교류하는 대학 스포츠 행사로 자리 잡았다. 양교...,2026-09-29 09:28,https://www.newstnt.com/news/articleView.html?idxno=720485,https://www.newstnt.com/news/articleView.html?idxno=720485
연세대학교,뉴스로드,"한·일 금융 협력 물꼬…신한금융, 컨퍼런스 후원으로 미래 금융 영토 ...","연세대학교 환경금융대학원과 한국녹색금융포럼이 주관하고 신한금융이 후원한 이번 컨퍼런스에는 국내외 대학 및 연구기관, 금융당국, 아시아개발은행 등 주요 기관 관계자들이 참석해 ▲기후전환 금융정책...",2026-09-29 09:28,http://www.newsroad.co.kr/news/articleView.html?idxno=64998,http://www.newsroad.co.kr/news/articleView.html?idxno=64998
고려대학교,문화일보,“24.57㎢ 현장이 집무실… 도시정비를 돌봄·창업·복지로 이어갈 것”...,출생 △고려대 정책대학원 도시 및 지방행정학과 △2·3대 성북구의회 의원 △더불어민주당 중앙당 사무부총장 △문재인 대통령 후보 서울 조직본부장 △민주당 서울시당 자치분권위원장 △서울 도심관광협의회 회장...,2026-09-29 09:27,https://www.munhwa.com/article/11620073?ref=naver,https://n.news.naver.com/mnews/article/021/0002821790?sid=102
서울대학교,KOREAJOONGANGDAILY,Chuseok moonlight hidden by rain clouds (KOR),"조선시대 관학은 성균관, 서울 4학, 지방 관청소재지 향교가 전부였는데, 평민과... 20년 전 ‘서울대 폐교론’을 외쳤던 운동권 정치인들은 이제 ‘서울대 10개 만들기’...",2026-09-29 09:26,https://www.koreajoongangdaily.com/bilingual-news/chuseok-moonlight-hidden-by-rain-clouds-kor/12895612,https://n.news.naver.com/mnews/article/640/0000094788?sid=110
연세대학교,디지털타임스,"신한금융, 한·일 기후금융 협력 잇는다…탄소시장·디지털자산 논의","연세대 환경금융대학원과 한국녹색금융포럼이 주관한 이번 행사에는 국내외 대학과 연구기관, 금융당국, 아시아개발은행(ADB) 등 주요 기관 관계자들이 참석했다. 이들은 기후전환 금융정책과 탄소시장, 디지털금융 혁신...",2026-09-29 09:25,https://www.dt.co.kr/article/12086294?ref=naver,https://n.news.naver.com/mnews/article/029/0003050333?sid=101
서울대학교,파이낸셜포스트,"오비고, LG전자 주도 차량용 AI 플랫폼 국책과제 참여...가격 수혜 기대...","LG전자가 주관기관을 맡고 오비고를 비롯해 딥인사이트, 옵트에이아이, 솔루션링크, 서울대학교, 중앙대학교가 컨소시엄에 참여한다. 컨소시엄은 차량 내부 카메라와 음성 등 다양한 데이터를 활용하는 멀티모달 AI를...",2026-09-29 09:24,https://www.financialpost.co.kr/news/articleView.html?idxno=277703,https://www.financialpost.co.kr/news/articleView.html?idxno=277703
고려대학교,bnt뉴스,"이즈나, 스포티파이 누적 스트리밍 2억 회 돌파","이즈나는 최근 가천대학교, 한서대학교, 여주대학교, 경희대학교 국제캠퍼스를 뜨겁게 달궜으며 고려대학교, 동덕여자대학교, 전주대학교, 명지전문대학, 경상국립대학교, 한신대학교 등 다양한 축제 무대 역시...",2026-09-29 09:24,https://www.bntnews.co.kr/article/view/bnt202609290115,https://www.bntnews.co.kr/article/view/bnt202609290115
연세대학교,파이낸스투데이,"신한금융, 한·일 기후·디지털금융 협력 방안 논의","연세대학교 환경금융대학원과 한국녹색금융포럼이 주관하고 신한금융이 후원한 이번 행사에는 국내외 대학과 연구기관, 금융당국, 아시아개발은행 등 주요 기관 관계자들이 참석했다. 참석자들은 기후전환 금융정책과...",2026-09-29 09:22,http://www.finomy.com/news/articleView.html?idxno=262448,http://www.finomy.com/news/articleView.html?idxno=262448
서울대학교,이투데이,고동진 “AI 시대 전력수요 대응 시급”…국회서 원전 정책 토론회,토론회 발제는 주한규 서울대학교 원자핵공학과 교수이자 전 한국원자력연구원장이 맡는다. 주 교수는 AI 시대 전력 수요 증가에 대응하기 위한 원자력 정책 방향을 제시할 예정이다. 지정 토론에는 이유호 서울대...,2026-09-29 09:22,https://www.etoday.co.kr/news/view/2630202,https://www.etoday.co.kr/news/view/2630202
연세대학교,아주경제,"신한금융, 한·일 금융협력 컨퍼런스서 전환금융·디지털자산 논의","긴밀히 협력해 기후·디지털 금융 분야의 지속 가능한 발전과 새로운 사업 기회를 모색해 나가겠다""고 말했다. 한편, 이번 컨퍼런스는 연세대학교 환경금융대학원과 한국녹색금융포럼이 주관하고 신한금융이 후원했다.",2026-09-29 09:22,https://www.ajunews.com/view/20260929091633769,https://www.ajunews.com/view/20260929091633769
연세대학교,더페어,"기후·디지털 자산 시장 표준 세운다…신한금융, 한·일 협력 선도",연세대학교 환경금융대학원과 한국녹색금융포럼이 주관하고 신한금융이 후원한 이번 행사에는 국내외 대학과 연구기관 및 금융당국과 아시아개발은행 등 주요 기관 관계자들이 다수 참석했다. 참석자들은 기후전환...,2026-09-29 09:22,https://www.thefairnews.co.kr/news/articleView.html?idxno=89219,https://www.thefairnews.co.kr/news/articleView.html?idxno=89219
연세대학교,문화일보,노동부 ‘연대 행정학과 출신 전성시대’[소소한 복도통신],"고용노동부 내 연세대 행정학과 출신 공무원들이 전성시대를 맞이하고 있다. 행정 부처 내 연·고대 출신 비율이 엇비슷한 경우가 많은데, 노동부에서는 연세대가 고려대를 압도하고 있다. 29일 관가에 따르면, 권창준...",2026-09-29 09:22,https://www.munhwa.com/article/11620067?ref=naver,https://n.news.naver.com/mnews/article/021/0002821784?sid=102
연세대학교,청년일보,"[닥터 김덕규의 건강과 재생의학]  기미는 피부의 문제가 아니다, ...",글 / 김덕규(닥터킨베인 병원장) ㈜ 제론셀베인 대표이사 닥터킨베인 피부과의원 대표원장 연세대 세브란스병원 전문의 대한 피부 레이저 학회 공보이사 연세대 세브란스 에스테틱연구회 정회원 PDRN 항염재생치의학연구회...,2026-09-29 09:22,https://www.youthdaily.co.kr/news/article.html?no=227701,https://www.youthdaily.co.kr/news/article.html?no=227701
고려대학교,노컷뉴스,'워터밤 속초' 공연 끝나도 머물렀다…체류시간·심야 매출 모두 늘어,"속초시가 고려대학교 디지털혁신연구센터와 함께 이동통신 빅데이터를 분석한 결과, 행사 당일 분석 대상 지역의 방문객은 2만 3981명으로 나타났다. 이 가운데 외지인은 2만 422명으로 전체의 85.2%를 차지했다. 외지인 중...",2026-09-29 09:22,https://www.nocutnews.co.kr/news/6584185?utm_source=naver&utm_medium=article&utm_campaign=20260929092146,https://n.news.naver.com/mnews/article/079/0004193631?sid=102
고려대학교,문화일보,노동부 ‘연대 행정학과 출신 전성시대’[소소한 복도통신],"행정 부처 내 연·고대 출신 비율이 엇비슷한 경우가 많은데, 노동부에서는 연세대가 고려대를 압도하고 있다. 29일 관가에 따르면, 권창준 노동부 차관, 홍경의 노동부 산업안전보건정책실장 등 연대 행정학과 출신들이...",2026-09-29 09:22,https://www.munhwa.com/article/11620067?ref=naver,https://n.news.naver.com/mnews/article/021/0002821784?sid=102
연세대학교,메디소비자뉴스,"윈레브에어, 국내 21개 의료기관 DC 통과…처방 기반 확대","DC를 통과한 기관에는 서울대학교병원과 분당서울대학교병원, 삼성서울병원, 서울아산병원, 연세대 신촌세브란스병원, 가톨릭대학교 서울성모병원 등 수도권 주요 상급종합병원이 포함됐다. 이와 함께...",2026-09-29 09:20,http://www.medisobizanews.com/news/articleView.html?idxno=142638,http://www.medisobizanews.com/news/articleView.html?idxno=142638
연세대학교,데일리한국,"신한금융, '한·일 금융협력 컨퍼런스'…기후·디지털 금융 논의","29일 신한금융에 따르면 이번 컨퍼런스는 연세대학교 환경금융대학원과 한국녹색금융포럼이 주관하고 신한금융이 후원했다. 행사에는 국내외 대학, 연구기관, 금융당국, 아시아개발은행(ADB) 등 주요 기관 관계자들이...",2026-09-29 09:20,https://daily.hankooki.com/news/articleView.html?idxno=1410266,https://daily.hankooki.com/news/articleView.html?idxno=1410266
서울대학교,메디소비자뉴스,"윈레브에어, 국내 21개 의료기관 DC 통과…처방 기반 확대","DC를 통과한 기관에는 서울대학교병원과 분당서울대학교병원, 삼성서울병원, 서울아산병원, 연세대 신촌세브란스병원, 가톨릭대학교 서울성모병원 등 수도권 주요 상급종합병원이 포함됐다. 이와 함께...",2026-09-29 09:20,http://www.medisobizanews.com/news/articleView.html?idxno=142638,http://www.medisobizanews.com/news/articleView.html?idxno=142638
연세대학교,조세일보,"신한금융, 한·일 금융협력 무대서 기후·디지털 금융 논의","이번 행사는 연세대학교 환경금융대학원과 한국녹색금융포럼이 공동 주관했으며, '아시아의 신뢰할 수 있는 기후금융 인프라 구축'을 주제로 열렸다. 행사에는 양국 금융당국과 금융회사, 연구기관, 아시아개발은행(ADB)...",2026-09-29 09:19,http://www.joseilbo.com/news/news_read.php?uid=576475&class=51&grp=,https://n.news.naver.com/mnews/article/123/0002390956?sid=101
연세대학교,글로벌에픽,"신한금융, 한·일 손잡고 '기후·디지털' 금융 영토 넓힌다",지난 28일 서울 여의도 한국금융투자협회에서는 연세대학교 환경금융대학원과 한국녹색금융포럼이 주관하고 신한금융이 후원한 ‘아시아의 신뢰할 수 있는 기후금융 인프라 구축’ 컨퍼런스가 열렸다. 이번 행사에는...,2026-09-29 09:18,http://www.globalepic.co.kr/view.php?ud=202609290911425717cc35ccc5c_29,http://www.globalepic.co.kr/view.php?ud=202609290911425717cc35ccc5c_29
서울대학교,엑스포츠뉴스,"정은표 '서울대생' 아들, 40kg 뺀 근황…""100kg 넘었는데 군대에서 빼고...",배우 정은표가 서울대학교에 재학 중인 아들 정지웅의 다이어트 근황을 전했다. 29일 방송된 KBS 1TV... 특히 정은표의 아들은 지난 2022년 서울대학교에 합격해 화제를 모으기도 했다. 또 래퍼로 활동하고 있는 아들에...,2026-09-29 09:17,https://www.xportsnews.com/article/2201757,https://m.entertain.naver.com/article/311/0002063068
연세대학교,아시아경제,"신한금융, 한·일 금융협력 참여…기후·디지털금융 논의","연세대학교 환경금융대학원과 한국녹색금융포럼이 주관하고 신한금융이 후원한 이번 콘퍼런스에는 국내외 대학 및 연구기관, 금융당국, 아시아개발은행 등 주요 기관 관계자들이 참석했다. 이들은 기후전환 금융정책...",2026-09-29 09:17,https://view.asiae.co.kr/article/2026092909172419825,https://n.news.naver.com/mnews/article/277/0005821902?sid=101
연세대학교,경인매일,"인천시립청소년교향악단, 제2회 정기연주회 '이음'...브람스·드보르자...",한국예술종합학교 음악원 기악과 교수인 바이올리니스트 이지혜와 연세대학교 음악대학 관현악과 교수인 첼리스트 문태국이 협연한다. 두 독주 악기가 오케스트라와 함께 호흡하는 브람스의 '이중협주곡'을 프로그램...,2026-09-29 09:16,https://www.kmaeil.com/news/articleView.html?idxno=652944,https://www.kmaeil.com/news/articleView.html?idxno=652944
연세대학교,파이낸셜투데이,"신한금융, 한·일 금융협력 컨퍼런스 개최…기후·디지털 금융 논의","연세대학교 환경금융대학원과 한국녹색금융포럼이 주관하고 신한금융이 후원한 이번 행사에는 국내외 대학과 연구기관, 금융당국, 아시아개발은행 등 주요 기관 관계자들이 참석했다. 기후전환 금융정책과 디지털금융...",2026-09-29 09:16,http://www.ftoday.co.kr/news/articleView.html?idxno=366225,http://www.ftoday.co.kr/news/articleView.html?idxno=366225
서울대학교,불교신문,"인도 요가, 고전 수행론부터 현대 심신치료까지 조명","인도철학회·한국요가학회·서울대 아시아연구소 남아시아센터는 10월 17일 오전 10시 서울대 아시아연구소... (김승효, 서울불교대학원대) 발표 후에는 한국요가학회 시상식과 종합토론이 이어진다. 종합토론에는 곽미자...",2026-09-29 09:16,http://www.ibulgyo.com/news/articleView.html?idxno=442670,http://www.ibulgyo.com/news/articleView.html?idxno=442670
고려대학교,톱스타뉴스,"izna, 스포티파이 2억·유튜브 뮤직 4억 스트리밍 돌파","고려대학교, 동덕여자대학교, 전주대학교, 명지전문대학, 경상국립대학교, 한신대학교 축제에 참석할 계획으로, 공연 현장에서 학생 관객들과 만남을 이어갈 전망이다. 이처럼 izna는 글로벌 음원 플랫폼에서...",2026-09-29 09:14,https://www.topstarnews.net/news/articleView.html?idxno=16226378,https://www.topstarnews.net/news/articleView.html?idxno=16226378
연세대학교,프레스나인,"신한금융지주, 한·일 금융협력 무대서 기후·디지털금융 해법 모색","연세대학교 환경금융대학원과 한국녹색금융포럼이 주관하고 신한금융이 후원한 이번 컨퍼런스에는 국내외 대학과 연구기관, 금융당국, 아시아개발은행 등 관계자들이 참석했다. 참석자들은 기후전환 금융정책과...",2026-09-29 09:14,http://www.press9.kr/news/articleView.html?idxno=83382,http://www.press9.kr/news/articleView.html?idxno=83382
고려대학교,베리타스알파,고려대/연세대 2026 정기 연고전 10월2~3일 개최.. '잠실/목동서 5개 종목...,"고려대와 연세대가 10월2일부터 3일까지 이틀간 '2026 정기 고려대학교/연세대학교 친선경기대회'를 연다.... 정기전은 승패를 넘어 양교 학생들이 함께 모교를 응원하며 젊음과 열정, 화합을 나누는 대표적인 대학...",2026-09-29 09:14,https://www.veritas-a.com/news/articleView.html?idxno=629756,https://www.veritas-a.com/news/articleView.html?idxno=629756
연세대학교,베리타스알파,고려대/연세대 2026 정기 연고전 10월2~3일 개최.. '잠실/목동서 5개 종목...,"고려대와 연세대가 10월2일부터 3일까지 이틀간 '2026 정기 고려대학교/연세대학교 친선경기대회'를 연다.... 정기전은 승패를 넘어 양교 학생들이 함께 모교를 응원하며 젊음과 열정, 화합을 나누는 대표적인 대학...",2026-09-29 09:14,https://www.veritas-a.com/news/articleView.html?idxno=629756,https://www.veritas-a.com/news/articleView.html?idxno=629756
고려대학교,이데일리,“서클·키발리스와 스테이블코인 논의”…오늘 민주당 토론회,"이어 황석진 동국대 국제정보보호대학원 교수를 좌장으로 유원규 금융위원회 사무관, 이정두 금융연구원... 이후 류혁선 카이스트 교수를 좌장으로 조용민 고려대 경영학부 교수, 정상훈 전북은행 부행장, 안병남...",2026-09-29 09:11,https://www.edaily.co.kr/News/Read?newsId=02932326645585040&mediaCodeNo=257&utm_source=naver&utm_medium=referral&utm_campaign=news_syndication&utm_content=original_article,https://n.news.naver.com/mnews/article/018/0006376787?sid=101
연세대학교,팝콘뉴스,'2026 정기 연고전' 개최...10월 2~3일 잠실·목동에서 열려,"고려대학교·연세대학교 친선경기대회'를 개최한다고 29일 밝혔다. 올해 61주년을 맞이하는 정기전은 10월... 대표적인 대학 스포츠 축제다. 양교 총학생회는 본 경기를 전후해 전야제, 헌혈 정기전 등 다양한 행사를...",2026-09-29 09:10,http://www.popcornnews.net/news/articleView.html?idxno=134262,http://www.popcornnews.net/news/articleView.html?idxno=134262
서울대학교,CNB저널,"관악문화재단, '2026 관악강감찬축제'에서 청년예술인의 창작과 교류 지...","무대에는 서울대학교 '바운스 팩토리', 서울시립대학교 'Tru-Hz(트루츠)', 서울예술대학교 '웨이브', 숙명여자대학교 'BSL', 성균관대학교 'SMC' 등 서울 소재 5개 대학 힙합 동아리가 참여한다. 이어 강렬한 에너지와...",2026-09-29 09:10,https://www.cnbizm.com/news/articleView.html?idxno=316423,https://www.cnbizm.com/news/articleView.html?idxno=316423
고려대학교,팝콘뉴스,'2026 정기 연고전' 개최...10월 2~3일 잠실·목동에서 열려,"정기 고려대학교·연세대학교 친선경기대회'를 개최한다고 29일 밝혔다. 올해 61주년을 맞이하는 정기전은... 대표적인 대학 스포츠 축제다. 양교 총학생회는 본 경기를 전후해 전야제, 헌혈 정기전 등 다양한 행사를...",2026-09-29 09:10,http://www.popcornnews.net/news/articleView.html?idxno=134262,http://www.popcornnews.net/news/articleView.html?idxno=134262
고려대학교,매일일보,"웅진, 말레이시아 유학생 교류회 3년째…참가자 15명 현지 법인 채용","웅진(대표 이수영)은 국내 4개 대학에 재학 중인 말레이시아 유학생 21명과 '말레이시아 유학생 교류회'를 열었다고 29일 밝혔다. 올해 참석자는 고려대, 성균관대, 연세대, 한양대에서 정보시스템·데이터·컴퓨터...",2026-09-29 09:10,https://www.m-i.kr/news/articleView.html?idxno=1418826,https://www.m-i.kr/news/articleView.html?idxno=1418826
연세대학교,스포츠한국,"신한금융, 日 금융권과 전환금융·디지털자산 협력 논의",연세대 환경금융대학원과 한국녹색금융포럼이 주관하고 신한금융이 후원한 이번 행사에서는 탄소시장과 디지털금융 발전 방안 등이 논의됐다. 신한금융은 패널토론에서 그룹 전환금융 추진 전략과 디지털자산 관련...,2026-09-29 09:10,https://sports.hankooki.com/news/articleView.html?idxno=6940721,https://sports.hankooki.com/news/articleView.html?idxno=6940721
연세대학교,매일일보,"웅진, 말레이시아 유학생 교류회 3년째…참가자 15명 현지 법인 채용","웅진(대표 이수영)은 국내 4개 대학에 재학 중인 말레이시아 유학생 21명과 '말레이시아 유학생 교류회'를 열었다고 29일 밝혔다. 올해 참석자는 고려대, 성균관대, 연세대, 한양대에서 정보시스템·데이터·컴퓨터...",2026-09-29 09:10,https://www.m-i.kr/news/articleView.html?idxno=1418826,https://www.m-i.kr/news/articleView.html?idxno=1418826
서울대학교,뉴시스,한성기 백제는 왜 중원에 진출했을까…충주 장미산성 학술대회,"권오영 서울대 교수가 '한성기 백제의 중원 진출과 그 의미'를 주제로 기조강연을 한다. '충주 장미산성 6차 발굴조사의 성과와 의의', '충주 장미산성 목곽시설의 특수성과 고고학적 가치', '충주 장미산성 목조시설...",2026-09-29 09:10,https://www.newsis.com/view/NISX20260929_0003806379,https://n.news.naver.com/mnews/article/003/0014219523?sid=103
고려대학교,NC,"영탁, 노래교실 일일 강사로 등장","첫 공연은 10월 3일부터 5일까지 서울 고려대학교 화정체육관에서 열린다. 이후 10월 24~25일 전주, 11월 28~29일 대구, 12월 19~20일 인천, 내년 1월 16~17일 부산에서 공연을 이어갈 예정이다. 뉴스컬처 이준섭",2026-09-29 09:09,https://www.nc.press/news/articleView.html?idxno=627378,https://www.nc.press/news/articleView.html?idxno=627378
서울대학교,국제뉴스,'청년 드림 콘서트' 16일 개막…다이나믹 듀오·신스 뜬다,"이 콘서트에는 서울대 '바운스 팩토리', 서울시립대 'Tru-Hz', 서울예대 '웨이브', 숙명여대 'BSL', 성균관대 'SMC' 등 5개 대학 힙합 동아리가 무대에 오르고, 래퍼 신스가 공연한다. 이어 다이나믹 듀오가 히트곡 무대를...",2026-09-29 09:08,https://www.gukjenews.com/news/articleView.html?idxno=3707688,https://www.gukjenews.com/news/articleView.html?idxno=3707688
연세대학교,전자신문,"신한금융, 한·일 기후·디지털 금융 협력 모색…컨퍼런스 후원",신한금융은 지난 28일 서울 여의도 한국금융투자협회에서 연세대학교 환경금융대학원과 한국녹색금융포럼이 주관하고 자사가 후원한 컨퍼런스를 개최했다. '아시아의 신뢰할 수 있는 기후금융 인프라 구축'을 주제로 열린...,2026-09-29 09:06,https://www.etnews.com/20260929000022,https://n.news.naver.com/mnews/article/030/0003470543?sid=101
서울대학교,뉴스핌,"오비고, 143억 규모 '멀티모달 AI' 국책과제 참여","회사에 따르면 이번 과제는 LG전자를 주관기관으로 오비고, 딥인사이트, 옵트에이아이, 솔루션링크, 서울대학교, 중앙대학교가 컨소시엄을 구성해 참여한다. 총 연구개발비는 약 143억원 규모로 오는 2029년 12월까지...",2026-09-29 09:05,https://www.newspim.com/news/view/20260929000092,https://www.newspim.com/news/view/20260929000092
서울대학교,아이뉴스24,"이지케어텍 컨소시엄, 363억 '공공병원 AI 클라우드 HIS' 실증 사업 따냈...",실증은 국립중앙의료원과 서울의료원에서 한다. 컨소시엄에는 이지케어텍을 포함해 모두 8개사가... 서울대학교병원과 전국지방의료원연합회는 자문기관으로 참여한다. 사업의 핵심은 '표준모델'이다. 특정 병원...,2026-09-29 09:05,http://www.inews24.com/view/2009723,https://n.news.naver.com/mnews/article/031/0001061757?sid=101
고려대학교,파이낸셜뉴스,"국내서 키운 IT인재 해외법인으로…웅진, 말레이시아 인재 확보","올해 행사에는 고려대와 성균관대, 연세대, 한양대 등 4개 대학에서 정보시스템과 데이터, 컴퓨터, 소프트웨어 등을 전공하는 말레이시아 유학생 21명이 참여했다. 참가자들은 웅진의 주요 IT 사업과 말레이시아 법인...",2026-09-29 09:03,https://www.fnnews.com/news/202609290856562305,https://n.news.naver.com/mnews/article/014/0005582017?sid=101
연세대학교,파이낸셜뉴스,"국내서 키운 IT인재 해외법인으로…웅진, 말레이시아 인재 확보","올해 행사에는 고려대와 성균관대, 연세대, 한양대 등 4개 대학에서 정보시스템과 데이터, 컴퓨터, 소프트웨어 등을 전공하는 말레이시아 유학생 21명이 참여했다. 참가자들은 웅진의 주요 IT 사업과 말레이시아 법인...",2026-09-29 09:03,https://www.fnnews.com/news/202609290856562305,https://n.news.naver.com/mnews/article/014/0005582017?sid=101
연세대학교,주간한국,"신한금융, 한·일 금융협력 논의…기후·디지털금융 협력 확대","연세대학교 환경금융대학원과 한국녹색금융포럼이 주관하고 신한금융이 후원한 이번 행사는 '아시아의 신뢰할 수 있는 기후금융 인프라 구축'을 주제로 열렸다. 국내외 대학과 연구기관, 금융당국, 아시아개발은행 등...",2026-09-29 09:02,https://weekly.hankooki.com/news/articleView.html?idxno=7186302,https://weekly.hankooki.com/news/articleView.html?idxno=7186302
연세대학교,인천투데이,"인천시립청소년교향악단, 10월 31일 인천문화예술회관서 2회 정기연주회",바이올리니스트 이지혜(한국예술종합학교 음악원 기악과 교수)와 첼리스트 문태국(연세대학교 음악대학 관현악과 교수)이 협연자로 나선다. 정상급 연주자이자 후학을 양성하는 두 거장과 청소년 단원들이 세대를...,2026-09-29 09:02,https://www.incheontoday.com/news/articleView.html?idxno=324230,https://www.incheontoday.com/news/articleView.html?idxno=324230
고려대학교,뉴스프리존,"2025년 노벨화학상 스스무 기타가와 석좌교수, 고려대 'NIF'서 특강",교토대 특훈교수이자 지난 2025년 12월 고려대 KU-KIST융합대학원 석좌교수에 임용된 기타가와 교수는 다공성 금속-유기 골격체(MOF/PCP) 연구를 개척한 세계적 화학자다. 금속-유기 골격체(MOF)·다공성 배위 고분자...,2026-09-29 09:02,https://www.newsfreezone.co.kr/news/articleView.html?idxno=711336,https://www.newsfreezone.co.kr/news/articleView.html?idxno=711336
고려대학교,쿠키뉴스,"‘의료진 돕는 로봇’… ETRI ‘나미.아이’, 세계 3대 디자인상 ‘IDEA ...","NAMI.I 개발에는 안지훈 ETRI 석사후연구원과 동지연 박사, 이준호 뉴로메카 박사와 엄진용 매니저, 고려대 CO... “계명대학교 동산병원 실증을 통해 실제 의료현장에 도움이 되는 기술로 고도화하겠다”고 말했다.",2026-09-29 09:00,https://www.kukinews.com/article/view/kuk202609290015,https://www.kukinews.com/article/view/kuk202609290015
서울대학교,에듀동아,"[AI동행 프로젝트-해커톤 시리즈 ② | 목소리 편] ""인지에서 행동까지, ...","10일 서울에서 '피지컬 AI 해커톤'을 열었다. 두 차례의 해커톤을 마친 뒤 서울대학교 성취평가위원회가 참가 학생과 교사를 대상으로 만족도 조사를 진행했다. 특히 학생들을 지도한 교사들의 평가는 4.72점, 동료...",2026-09-29 09:00,https://edu.donga.com/news/articleView.html?idxno=112270,https://edu.donga.com/news/articleView.html?idxno=112270
서울대학교,아시아경제,"장미산성 목조 집수지, 다각도로 살핀다","기조 강연에선 권오영 서울대 교수가 '한성기 백제의 중원 진출과 그 의미'를 이야기한다. 이어지는 발표에선 '충주 장미산성 6차 발굴조사의 성과와 의의', '충주 장미산성 목곽시설의 특수성과 고고학적 가치', '충주...",2026-09-29 09:00,https://view.asiae.co.kr/article/2026092900205655457,https://n.news.naver.com/mnews/article/277/0005821876?sid=103
연세대학교,경상일보,'이대역 마포 프론티어' 647가구 규모 계획…2차 임차인 모집,"이화여자대학교와 서강대학교를 비롯해 연세대학교, 홍익대학교 등 서울 서북권 주요 대학들도 인접해 있다. 인근 지역에서는 교통망 확충 및 역세권 개발이 추진되는 중이다. 새절역과 서울대입구역을 잇는 서부선...",2026-09-29 09:00,https://www.ksilbo.co.kr/news/articleView.html?idxno=1068340,https://www.ksilbo.co.kr/news/articleView.html?idxno=1068340
서울대학교,IMWOOD,나무와 꽃이 있는 창 141 - 아마란스,"박사·시인 서울대학교 1976년 임산가공학과 입학, 1988년 농학박사 학위 취득(목질재료학 분야). 국립산림과학원에서 1985년~2017년 연구직 공무원 근무(임업연구관 정년퇴직). 평생을 나무와 접하며 목재 가공...",2026-09-29 09:00,https://www.imwood.co.kr/news/articleView.html?idxno=41882,https://www.imwood.co.kr/news/articleView.html?idxno=41882
서울대학교,뉴스엔,"정은표 “서울대 子 정지웅, 힙합 음악 한다고‥뭘 하든 반대 안 한다”...","정은표가 서울대학교에 재학 중인 아들의 미래에 대해 ""뭘 하든 반대 안 한다""고 밝혔다. 정은표는 9월 29일 방송된 KBS 1TV '아침마당'에 출연해 서울대생 장남 정지웅의 근황을 전�다. 정지웅은 어린 시절 '스타주니어쇼...",2026-09-29 08:58,https://www.newsen.com/news_view.php?uid=202609290856246710,https://m.entertain.naver.com/article/609/0001173316
고려대학교,노컷뉴스,"'日 팬들도 반했다' 女 피겨 김유성 ""韓 선수 쉽지 않다""는 2연속 우승,...","김유성은 쇼트 프로그램에서는 율리아 자우터(루마니아·64.03점), 이해인(고려대·63.12점) 등에 이은 4위였다. 그러나 프리 스케이팅에서 이들을 뒤집으며 이해인(190.55점)을 12.15점 차로 제치고 금메달을 목에 걸었다....",2026-09-29 08:57,https://www.nocutnews.co.kr/news/6584155?utm_source=naver&utm_medium=article&utm_campaign=20260929085644,https://m.sports.naver.com/general/article/079/0004193611
고려대학교,OSEN,"영탁, 노래교실 깜짝 등판에 어머님들 '눈물'","노래교실 서프라이즈부터 음방 1위까지 뜨거운 기세를 입증한 영탁은 오는 10월 3일부터 5일까지 서울 고려대학교 화정체육관에서 단독 콘서트 ‘TAK SHOW5’의 포문을 연다. 이후 전주, 대구, 인천, 부산으로 전국투어를...",2026-09-29 08:57,http://www.osen.co.kr/article/G1112883940,https://m.entertain.naver.com/article/109/0005614714
서울대학교,신아일보,"강동구, 2028~2029 대입 개편안·고교 선택 설명회 개최",서울 강동구가 대입 제도 변화에 대비해 학생과 학부모를 대상으로 입시 제도부터 고교 선택까지 아우르는... 강연은 서울대·고려대·건국대 대입 전형 자문위원으로 활동한 김원석 인천하늘고등학교 교사가 맡는다. 김...,2026-09-29 08:54,https://www.shinailbo.co.kr/news/articleView.html?idxno=5066634,https://www.shinailbo.co.kr/news/articleView.html?idxno=5066634
고려대학교,신아일보,"강동구, 2028~2029 대입 개편안·고교 선택 설명회 개최",강연은 서울대·고려대·건국대 대입 전형 자문위원으로 활동한 김원석 인천하늘고등학교 교사가 맡는다. 김 교사는 진학 지도 경험을 바탕으로 2028~2029학년도 대입 개편안의 주요 내용과 달라지는 평가 방식을 설명할...,2026-09-29 08:54,https://www.shinailbo.co.kr/news/articleView.html?idxno=5066634,https://www.shinailbo.co.kr/news/articleView.html?idxno=5066634
서울대학교,뉴스엔,"정은표 “서울대 子 지웅, 군대서 40kg 감량→제대 후 요요 왔다”는데...","해당 방송에서 정은표는 서울대학교에 재학 중인 아들 정지웅에 대해 ""지웅이가 군대 가기 전에 100kg이 넘었는데, 가서 3~40kg을 빼고 나왔다""라고 말해 놀라움을 자아냈다. 이어 ""고등학교 때 건강이 걱정돼서 '살 좀...",2026-09-29 08:53,https://www.newsen.com/news_view.php?uid=202609290819116710,https://m.entertain.naver.com/article/609/0001173315
서울대학교,조이뉴스24,"'아침마당' 정은표 ""서울대 복학한 아들 지웅, 軍서 40kg 다이어트""","'아침마당' 방송 화면 갈무리 [사진=KBS] 이날 정은표는 서울대학교에 재학 중인 아들 정지웅의 근황을 공개했다. 정은표는 ""지웅이가 군대 가기 전에 몸무게 100kg가 넘었는데 30~40kg를 빼고 나왔다""며 ""본인이 의지가...",2026-09-29 08:48,http://www.joynews24.com/view/2009712,http://www.joynews24.com/view/2009712
고려대학교,스포츠서울,"워터밤 속초 2026, 체류형 관광콘텐츠 효과 입증했다!","속초시가 고려대학교 디지털혁신연구센터와 함께 이동통신 빅데이터를 분석한 결과, 행사 당일 분석 대상 지역의 방문객은 2만 3,981명으로 나타났다. 이 가운데 외지인은 2만 422명으로 전체의 85.2%를 차지했다. 외지인 중...",2026-09-29 08:48,https://www.sportsseoul.com/news/read/1638150?ref=naver,https://n.news.naver.com/mnews/article/468/0001269335?sid=102
고려대학교,헤럴드경제,고대생만 찾던 안암동에 ‘28층 펜트하우스’ 들어선다 [부동산360],대학가라는 특성을 반영해 청년 창업센터와 공유 오피스로 공공시설을 채웠다. 이같은 변화는 안암동의... 재학생만 약 3만명인 고려대학교를 배후에 둔 상권이 10년 동안 정체돼있단 뜻이다. 주거와 상업시설 역시 기존...,2026-09-29 08:46,https://biz.heraldcorp.com/article/10886975?ref=naver,https://n.news.naver.com/mnews/article/016/0002702891?sid=101
서울대학교,약업신문,"셀비온, 'Lutetium(177Lu) DGUL' 전립선암 환자 임상3상 IND 승인","(신청 6월 30일)임상은 150명을 대상으로 다기관(서울대학교병원 외)에서 진행될 예정이다. 임상시험 기간은  임상시험심사위원회(IRB) 승인일로부터 약 36개월(임상시험대상자 등록 상황 따라 변경)로, 예상...",2026-09-29 08:46,https://www.yakup.com/news/index.html?mode=view&cat=12&nid=333055,https://www.yakup.com/news/index.html?mode=view&cat=12&nid=333055
고려대학교,핀포인트뉴스,"웅진, 말레이시아 IT 인재 발굴 교류회 3년째...글로벌 인재 확보","올해 교류회에는 고려대, 성균관대, 연세대, 한양대 등 국내 4개 대학에서 정보시스템과 데이터, 컴퓨터, 소프트웨어 등을 전공하는 말레이시아 유학생 21명이 참여했다. 참가자들은 웅진의 본부별 주요 사업과...",2026-09-29 08:44,https://www.pinpointnews.co.kr/news/articleView.html?idxno=490962,https://www.pinpointnews.co.kr/news/articleView.html?idxno=490962
연세대학교,핀포인트뉴스,"웅진, 말레이시아 IT 인재 발굴 교류회 3년째...글로벌 인재 확보","올해 교류회에는 고려대, 성균관대, 연세대, 한양대 등 국내 4개 대학에서 정보시스템과 데이터, 컴퓨터, 소프트웨어 등을 전공하는 말레이시아 유학생 21명이 참여했다. 참가자들은 웅진의 본부별 주요 사업과...",2026-09-29 08:44,https://www.pinpointnews.co.kr/news/articleView.html?idxno=490962,https://www.pinpointnews.co.kr/news/articleView.html?idxno=490962
연세대학교,더벨,"[더벨]플랜에이치벤처스, 61억 오픈이노베이션펀드 만든다","원 대표는 연세대기술지주, 부산연합기술지주 등을 거쳤다. 벤처투자 생태계 전반에 이해도가 높다는 평가를 받는다. 또 펀드의 핵심 운용인력으로 한재윤 팀장과 김솔균 선임심사역이 참여한다. 이번 조합의...",2026-09-29 08:42,https://www.thebell.co.kr/free/content/ArticleView.asp?key=202609040829083740105265,https://www.thebell.co.kr/free/content/ArticleView.asp?key=202609040829083740105265
연세대학교,데이터뉴스,"IT서비스 업계, 제조 RX 주도권 경쟁 불붙었다","4월에는 카이스트·연세대와 피지컬 AI 모델 공동 개발에 나섰다. 관련 업계에 따르면, RX 경쟁은 여러 종류의 로봇과 생산설비, 기존 제조 시스템을 얼마나 효율적으로 연결하고 통합 운영할 수 있느냐가 관건이다....",2026-09-29 08:42,http://www.datanews.co.kr/news/article.html?no=146643,http://www.datanews.co.kr/news/article.html?no=146643
연세대학교,마이데일리,"""아빠 완전히 지웠다""… 브래드 피트, '연세대 장남' 이어 셋째 딸에게...",연세대 출신으로 잘 알려진 첫째 매덕스(25)는 개인적인 사유를 들어 이달 초 성에서 '피트'를 공식 삭제했다. 여동생 샤일로(20) 역시 2024년 5월 18번째 생일에 개명 신청서를 제출한 뒤 법적으로 '샤일로 졸리(Shiloh...,2026-09-29 08:37,https://www.mydaily.co.kr/page/view/2026092908363652867,https://m.entertain.naver.com/article/117/0004110029
고려대학교,매일경제,“지선이 얘기 편하게 하자”…매년 기일에 아버님 찾아뵙는 개콘 22기,"고려대학교 교육학과 출신인 박지선은 2007년 KBS 22기 공채 개그맨으로 발탁되어 연예계에 데뷔했다. 이후 KBS2 ‘개그콘서트’를 비롯해 여러 예능프로그램에서 활약했으며 영화 제작발표회, 아이돌 쇼케이스 등 다양한...",2026-09-29 08:33,https://www.mk.co.kr/article/12163357,https://n.news.naver.com/mnews/article/009/0005741108?sid=103
고려대학교,이뉴스투데이,고려대 '제12회 NIF' 개최···노벨화학상 수상자 스스무 기타가와 교수...,이날 행사는 기타가와 교수의 고려대 KU-KIST융합대학원 석좌교수 임용을 기념하는 행사이기도 하다. 다공성 금속-유기 골격체(MOF/PCP) 연구를 개척한 세계적 화학자 기타가와 교수는 금속-유기 골격체(MOF)...,2026-09-29 08:30,http://www.enewstoday.co.kr/news/articleView.html?idxno=2474763,http://www.enewstoday.co.kr/news/articleView.html?idxno=2474763
고려대학교,여성소비자신문,"건국대, 가헌신도재단 1억1천만원 장학금 기부받아...태양전지 비가역적...",교수(고려대) 등 국내 각 분야 전문 연구진이 공동으로 참여했다. 건국대학교 학생창업팀 '도전(Dojeon)'이 서울시 주최로 지난 9월 9일부터 10일까지 양일간 동대문디자인플라자(DDP)에서 열린 글로벌 스타트업 축제 'Try...,2026-09-29 08:30,http://www.wsobi.com/news/articleView.html?idxno=318854,http://www.wsobi.com/news/articleView.html?idxno=318854
연세대학교,스마트투데이,[부고] 신홍순(전 LG패션 대표)씨 별세,"부친상, 정윤희씨 시부상, 김영수(아모레퍼시픽 고문)·채원석(에이온코리아 상무)·김신씨 장인상 = 27일 오전 10시 50분, 연세대 용인장례식장 특실, 발인 30일 오전 7시. ☎ 031-678-7600",2026-09-29 08:30,https://www.smarttoday.co.kr/ko-kr/articles/112046,https://www.smarttoday.co.kr/ko-kr/articles/112046
서울대학교,여성소비자신문,"건국대, 가헌신도재단 1억1천만원 장학금 기부받아...태양전지 비가역적...","교수(서울대), 김동회 교수(고려대) 등 국내 각 분야 전문 연구진이 공동으로 참여했다. 건국대학교 학생창업팀 '도전(Dojeon)'이 서울시 주최로 지난 9월 9일부터 10일까지 양일간 동대문디자인플라자(DDP)에서 열린...",2026-09-29 08:30,http://www.wsobi.com/news/articleView.html?idxno=318854,http://www.wsobi.com/news/articleView.html?idxno=318854
고려대학교,스타데일리뉴스,"영탁, 노래교실 일일 강사로 깜짝 등장…수강생들과 특별한 시간","영탁은 음원 활동에 이어 단독 콘서트 'TAK SHOW5'를 개최한다. 서울 공연은 10월 3일부터 5일까지 고려대학교 화정체육관에서 열리며, 이후 전주, 대구, 인천, 부산 등에서 공연을 이어갈 예정이다. [스타데일리뉴스=]",2026-09-29 08:26,https://www.stardailynews.co.kr/news/articleView.html?idxno=550794,https://www.stardailynews.co.kr/news/articleView.html?idxno=550794
서울대학교,팍스경제TV,"오비고, AI-SDV 국책과제 공동개발기관 선정…""온디바이스 AI 운용기술 ...","LG전자가 주관기관을 맡고 오비고와 딥인사이트, 옵트에이아이, 솔루션링크, 서울대학교, 중앙대학교가 참여하며, 총 연구개발비는 약 143억원 규모로 2029년 12월까지 42개월간 진행됩니다. 이번 과제는 차량 내부...",2026-09-29 08:24,http://www.paxetv.com/news/articleView.html?idxno=282862,http://www.paxetv.com/news/articleView.html?idxno=282862
고려대학교,bnt뉴스,"영탁, 노래교실 일일 강사 변신",수강생들과 만난 모습은 ‘누군가에겐 아이돌인 사나이’에서 볼 수 있다. 영탁은 10월 3일부터 5일까지 서울 고려대학교 화정체육관에서 단독 콘서트 ‘탁 쇼5’를 열고 전국 투어를 시작한다. 사진제공=어비스컴퍼니,2026-09-29 08:24,https://www.bntnews.co.kr/article/view/bnt202609290074,https://www.bntnews.co.kr/article/view/bnt202609290074
서울대학교,한스경제,"김도영 카카오X 대표 내정자, CA협의체 공동의장 선임",김도영 CA협의체 공동 의장 겸 카카오X 대표 내정자./카카오 | 서울=한스경제 석주원 기자 | 카카오그룹이... ▲ 김도영 카카오 CA협의체 공동 의장 이력 -1975년 생 - 서울대학교 항공우주공학과 학사 - 서울대학교...,2026-09-29 08:22,http://www.hansbiz.co.kr/news/articleView.html?idxno=868568,http://www.hansbiz.co.kr/news/articleView.html?idxno=868568
서울대학교,뉴시스,"오비고, 멀티모달 AI 모델 운용 기술 개발 국책과제 참여","주관기관인 LG전자를 중심으로 오비고와 딥인사이트, 옵트에이아이, 솔루션링크, 서울대, 중앙대가 컨소시엄을 구성해 참여한다. 총 연구개발비는 143억원 규모로 오는 2029년 12월까지 총 42개월간 공동 개발을...",2026-09-29 08:20,https://www.newsis.com/view/NISX20260929_0003806243,https://n.news.naver.com/mnews/article/003/0014219436?sid=101
고려대학교,시원의소리,"영탁, 노래 교실 일일 강사 변신…어머님들의 슈퍼 아이돌 탁","‘TAK SHOW5’는 오는 10월 3일부터 5일까지 서울 고려대학교 화정체육관에서 포문을 열며, 서울 공연을 시작으로 10월 24~25일 전주, 11월 28~29일 대구, 12월 19~20일 인천, 내년 1월 16~17일 부산으로 이어진다.",2026-09-29 08:16,https://swtvnews.com/news/newsview.php?ncode=1065568182369171,https://swtvnews.com/news/newsview.php?ncode=1065568182369171
서울대학교,약업신문,[약식동원] 북미 원주민의 소화불량 해결법 아그리모니,또 서울대학교 연구팀이 항산화 작용을 매개로 한 아그리모니의 신경 보호 효과에 대한 연구결과를 공개한 사례도 있다. 유럽에서는 차로 활용아직은 아그리모니를 활용한 제품들이 활발하게 출시되고 있지는 않다....,2026-09-29 08:16,https://www.yakup.com/news/index.html?mode=view&cat=12&nid=333050,https://www.yakup.com/news/index.html?mode=view&cat=12&nid=333050
고려대학교,지피코리아,"영탁, 뉴욕 화상수업인 줄 알았는데…노래교실 나타나자 ""눈물 나려고 ...","영탁은 오는 10월 3일부터 5일까지 서울 고려대학교 화정체육관에서 단독 콘서트 'TAK SHOW5'를 시작한다. 이후 전주, 대구, 인천, 부산에서 공연을 이어간다. /지피코리아 , 사진=어비스컴퍼니",2026-09-29 08:10,https://www.gpkorea.com/news/articleView.html?idxno=147086,https://www.gpkorea.com/news/articleView.html?idxno=147086
고려대학교,더벨,[더벨][Board Match up | 아모레퍼시픽 vs LG생활건강] 오너 경영 vs 전문...,"김재환 이사(고려대 경영대 교수)가 이사회 의장을, 이상철 이사(이화여대 경영대 교수)가 감사위원장을, 이승윤 이사(건국대 경영대 교수)가 독립이사후보추천위원장을, 이우영 이사(서울대 법학전문대학원 교수)가...",2026-09-29 08:08,https://www.thebell.co.kr/free/content/ArticleView.asp?key=202609211426399440108565,https://www.thebell.co.kr/free/content/ArticleView.asp?key=202609211426399440108565
서울대학교,더벨,[더벨][Board Match up | 아모레퍼시픽 vs LG생활건강] 오너 경영 vs 전문...,"조성진 이사(서울대 경제학부 교수)는 독립이사후보추천위원장, 안희준 이사(성균관대 경영학과 교수)는... 이사(서울대 법학전문대학원 교수)가 내부거래위원장을 맡고 있다. LG생활건강은 오너 일가가 이사회에...",2026-09-29 08:08,https://www.thebell.co.kr/free/content/ArticleView.asp?key=202609211426399440108565,https://www.thebell.co.kr/free/content/ArticleView.asp?key=202609211426399440108565
연세대학교,더벨,[더벨][Board Match up | 아모레퍼시픽 vs LG생활건강] 오너 경영 vs 전문...,"서 회장은 아모레퍼시픽그룹 오너 2세로, 연세대 경영학과와 미국 코넬대 경영대학원을 거쳐 2006년부터 대표이사를 맡고 있다. 이사회 의장도 겸임한다. 2006년 6월 사내이사로도 최초 선임돼 20년 넘게 이사직을...",2026-09-29 08:08,https://www.thebell.co.kr/free/content/ArticleView.asp?key=202609211426399440108565,https://www.thebell.co.kr/free/content/ArticleView.asp?key=202609211426399440108565
서울대학교,아시아경제,"오비고, 143억원 규모 멀티모달 AI 국책과제 참여","29일 오비고에 따르면 이번 과제는 주관기관인 LG전자를 필두로 오비고와 딥인사이트, 옵트에이아이, 솔루션링크, 서울대학교, 중앙대학교가 컨소시엄을 구성한다. 총 연구개발비는 약 143억 원 규모로 2029년 12월까지...",2026-09-29 08:07,https://view.asiae.co.kr/article/2026092908075219008,https://n.news.naver.com/mnews/article/277/0005821832?sid=101
고려대학교,싱글리스트,"영탁, 노래교실 깜짝 등장에 눈물바다…'슈퍼 아이돌' 인기 입증","영탁은 오는 10월 3일부터 5일까지 서울 고려대학교 화정체육관에서 단독 콘서트 'TAK SHOW5'를 개최한다. 이후 전주, 대구, 인천, 부산 등에서 전국투어를 이어갈 예정이다.",2026-09-29 08:04,https://www.slist.kr/news/articleView.html?idxno=769445,https://www.slist.kr/news/articleView.html?idxno=769445
연세대학교,딜사이트,"스틱인베 펀딩 총괄 박기수 전 본부장, 독립 자문사 설립","박 대표는 1971년생으로 연세대 사회학과를 졸업하고 동대학원에서 MBA를 마쳤다. 삼성생명에서 대체투자 업무를 맡은 뒤 도이치운용과 나틱시스, 바클레이즈 등 글로벌 금융회사를 거쳤다. 이후 스틱인베스트먼트에...",2026-09-29 08:02,https://dealsite.co.kr/articles/169372,https://dealsite.co.kr/articles/169372
고려대학교,시사포커스,"강동구, 10월 27일 '2028~2029 대입 개편안' 설명회 개최",강연은 서울대·고려대·건국대 대입 전형 자문위원으로 활동한 김원석 인천하늘고 교사가 맡는다. 강연 후에는 학생과 학부모를 대상으로 입시 관련 질의응답도 진행한다. 참가 신청은 30일 오전 10시부터 교육포털...,2026-09-29 08:00,http://www.sisafocus.co.kr/news/articleView.html?idxno=365529,http://www.sisafocus.co.kr/news/articleView.html?idxno=365529
서울대학교,시사포커스,"강동구, 10월 27일 '2028~2029 대입 개편안' 설명회 개최",(사진 = 강동구청) 서울 강동구가 변화하는 대입 제도에 대비해 학생과 학부모를 위한 입시 설명회를 연다.... 강연은 서울대·고려대·건국대 대입 전형 자문위원으로 활동한 김원석 인천하늘고 교사가 맡는다. 강연...,2026-09-29 08:00,http://www.sisafocus.co.kr/news/articleView.html?idxno=365529,http://www.sisafocus.co.kr/news/articleView.html?idxno=365529
서울대학교,IT비즈뉴스,국내외 AI석학 한국에 집결…'AI4Sci 코리아 2026' 개최,과학기술정보통신부는 27일부터 내달 1일까지 닷새간 서울 용산구 드래곤시티호텔에서 제1회 'AI4Sci Korea 2026... 교수와 서울대학교 석차옥 교수가 조직위원회 공동위원장을 맡았다. 한국물리학회와 대한화학회 등 각...,2026-09-29 08:00,https://www.itbiznews.com/news/articleView.html?idxno=226429,https://www.itbiznews.com/news/articleView.html?idxno=226429
고려대학교,조선일보,세상을 바꾸는 MZ세대 여성 CEO들 ①,"(FINDA) 고려대 서어서문학과를 졸업한 이혜민 대표는 네 번의 창업 경험을 가진 '연쇄 창업가'다. 2015년... 대학 졸업 후 편집숍 '프로덕트'를 열어 10년 가까이 패션업에 몸담았고, 이후 유아인 등과 아티스트 집단...",2026-09-29 08:00,http://woman.chosun.com/news/articleView.html?idxno=126614,http://woman.chosun.com/news/articleView.html?idxno=126614
연세대학교,스포츠경향,god 아닌 ‘손호영’으로 돌아온다,손호영은 올해 3월 서울 연세대학교 백주년기념관 콘서트홀에서 단독 팬미팅 ‘아워스’(HOurs)를 열었다. 지난 5월에는 god 데뷔 1만일을 기념한 ‘하늘색 풍선 위크’에 참여했다. 행사 기간 김태우와 결성한...,2026-09-29 07:56,https://sports.khan.co.kr/article/202609290756003?pt=nv,https://m.entertain.naver.com/article/144/0001140958
연세대학교,스타데일리뉴스,"손호영, 솔로 데뷔 20주년 프로젝트 시작…10월 14일 'Go Around' 발표","지난 3월에는 서울 연세대학교 백주년기념관 콘서트홀에서 솔로 팬미팅 'HOurs(아워스)'를 개최했으며, 5월에는 god 데뷔 10,000일을 기념한 '하늘색 풍선 위크'에 참여했다. 손호영은 이번 신곡 'Go Around'를 시작으로...",2026-09-29 07:56,https://www.stardailynews.co.kr/news/articleView.html?idxno=550791,https://www.stardailynews.co.kr/news/articleView.html?idxno=550791
연세대학교,스포츠경향,"손호영, 솔로 데뷔 20주년 맞아 5년 만에 솔로 싱글 ‘고 어라운드’ 발...",올해 3월에는 서울 연세대학교 백주년기념관 콘서트홀에서 2026 솔로 팬미팅 ‘아워스(HOurs)’를 열고 팬들과 특별한 시간을 보낸다. 손호영이 5년 만에 선보이는 신곡 ‘고 어라운드’는 다음 달 14일 오후 6시 각종...,2026-09-29 07:53,https://sports.khan.co.kr/article/202609290752003?pt=nv,https://m.entertain.naver.com/article/144/0001140956
서울대학교,CBC뉴스,"[속보] 셀비온, 전립선암 치료제 '177Lu-DGUL' 국내 임상 3상 시험계획 승...",이번 임상시험은 서울대학교병원 등 국내 다기관에서 전이성 거세저항성 전립선암 환자 150명을 대상으로 진행된다. 이번 임상 3상은 최적지지·표준요법(BSC/SoC)과 해당 요법에 177Lu-DGUL을 추가한 병용요법의...,2026-09-29 07:52,https://www.cbci.co.kr/news/articleView.html?idxno=610582,https://www.cbci.co.kr/news/articleView.html?idxno=610582
연세대학교,조이뉴스24,"'솔로 20주년' 손호영, 10월 14일 가요계 컴백(공식)","올해 3월 서울 연세대학교 백주년기념관 콘서트홀에서 2026 솔로 팬미팅 'HOurs'를 개최했으며, 지난 5월에는 대규모 테마파크 프로젝트를 통해 팬콘서트를 마쳤다. 신곡 'Go Around'는 10월 14일 오후 6시 각종 온라인...",2026-09-29 07:50,http://www.joynews24.com/view/2009689,http://www.joynews24.com/view/2009689
고려대학교,헬스경향,"열나고 기침하는데…독감일까, 코로나19일까","고려대구로병원 감염내과 윤진구 교수는 ""특히 고위험군에게 예방접종은 감염 자체를 막는 것뿐 아니라 감염되더라도 증상이 심해지거나 폐렴·입원으로 이어질 위험을 낮추는 데 의미가 있다""며 ""독감과 코로나19...",2026-09-29 07:50,https://www.k-health.com/news/articleView.html?idxno=101398,https://www.k-health.com/news/articleView.html?idxno=101398
고려대학교,CCDAILYNEWS,세종시 체류관광 자개명함집 이벤트,"세종대왕기념사업회와 고려대학교 박물관의 이미지 사용 협조를 거쳐 제작한 관광홍보물품으로, 세종의 역사문화 자산과 도시 이미지를 함께 담았다. 명함집은 10월 200개, 11월 100개 등 모두 300개를 마련했다. 매월 준비...",2026-09-29 07:48,https://www.ccdailynews.com/news/articleView.html?idxno=2443382,https://www.ccdailynews.com/news/articleView.html?idxno=2443382
연세대학교,시원의소리,"손호영, 솔로 20주년 프로젝트 본격 시작…10월 14일 신곡 '고 어라운드...","올해 3월에는 서울 연세대학교 백주년기념관 콘서트홀에서 2026 솔로 팬미팅 'HOurs (아워스)'를 열고 팬들과 특별한 시간을 보냈다. 이어 지난 5월 god 데뷔 10,000일을 맞아 대규모 테마파크 프로젝트 '하늘색 풍선...",2026-09-29 07:44,https://swtvnews.com/news/newsview.php?ncode=1065564363839561,https://swtvnews.com/news/newsview.php?ncode=1065564363839561
서울대학교,비욘드포스트,"서울역사박물관, 인사도시유적전시관 개관기념 학술대회 개최",서울역사박물관이 30일 오후 2시 박물관 시청각실에서 인사도시유적전시관 개관기념 학술대회... 학술대회에서는 전봉희 서울대학교 건축학과 교수가 '인사도시유적전시관의 조성과 의미'를 주제로 유구 현장 보존...,2026-09-29 07:44,http://www.beyondpost.co.kr/view.php?ud=20260929074213324446a9e4dd7f_30,http://www.beyondpost.co.kr/view.php?ud=20260929074213324446a9e4dd7f_30
고려대학교,보안뉴스,[배종찬의 보안 빅데이터] 가족애 악용해 침투해 들어오는 AI 피싱,"[글_ 배종찬 인사이트케이 연구소장] 연세대 정치외교학과를 졸업하고 서울대 국제대학원에서 석사 학위를 받았다. 고려대 행정학과 박사과정을 수료했다. 이 외에 미국, 일본, 홍콩 등에서 연구 경험을 가지고 있다. 주된...",2026-09-29 07:40,https://www.boannews.com/news/articleView.html?idxno=146067,https://www.boannews.com/news/articleView.html?idxno=146067
연세대학교,보안뉴스,[배종찬의 보안 빅데이터] 가족애 악용해 침투해 들어오는 AI 피싱,"[글_ 배종찬 인사이트케이 연구소장] 연세대 정치외교학과를 졸업하고 서울대 국제대학원에서 석사 학위를 받았다. 고려대 행정학과 박사과정을 수료했다. 이 외에 미국, 일본, 홍콩 등에서 연구 경험을 가지고 있다. 주된...",2026-09-29 07:40,https://www.boannews.com/news/articleView.html?idxno=146067,https://www.boannews.com/news/articleView.html?idxno=146067
서울대학교,보안뉴스,[배종찬의 보안 빅데이터] 가족애 악용해 침투해 들어오는 AI 피싱,"[글_ 배종찬 인사이트케이 연구소장] 연세대 정치외교학과를 졸업하고 서울대 국제대학원에서 석사 학위를 받았다. 고려대 행정학과 박사과정을 수료했다. 이 외에 미국, 일본, 홍콩 등에서 연구 경험을 가지고 있다. 주된...",2026-09-29 07:40,https://www.boannews.com/news/articleView.html?idxno=146067,https://www.boannews.com/news/articleView.html?idxno=146067
서울대학교,매일신문,"진중권 ""'암살자(들)', 배우들이 똥 밟은 사건"" 혹평…이동진은 ★★★",◆'디 워''부러진 화살''명량'도 거침없이 평가 진중권 교수는 서울대에서 미학을 전공하고 '미학 오디세이... 방식에서 '서울의 봄'이 연상된다는 평가도 나왔다. '암살자(들)' 제작사 하이브미디어코프가 '내부자들'과...,2026-09-29 07:38,https://www.imaeil.com/page/view/2026092907375013926,https://n.news.naver.com/mnews/article/088/0001031066?sid=103
서울대학교,시민일보,"성남시, 10월1일 기후위기·건강도시 심포지엄","서울대 보건대학원 교수는 ‘기후변화와 건강: 도시환경과 적응’을 발표한다. 이어 강은정 순천향대학교... 손창우 연세대 보건행정학부 교수, 김성아 서울연구원 포용도시연구실 연구위원, 신지영 한국보건사회연구원...",2026-09-29 07:30,https://www.siminilbo.co.kr/news/newsview.php?ncode=1160279919391507,https://www.siminilbo.co.kr/news/newsview.php?ncode=1160279919391507
서울대학교,서울경제,“반도체 이후는 양자기술... 인재 양성 시급해”,한정훈 성균관대 물리학과 교수는 28일 경기도 수원시 성균관대 양자정보연구지원센터에서 진행한 서울경... 버클리대학교에서 연구원을 지낸 이론물리학자다. 국내 대표 원로 사학자인 고(故) 한영우 서울대...,2026-09-29 07:30,https://www.sedaily.com/article/20095602?ref=naver,https://n.news.naver.com/mnews/article/011/0004666217?sid=102
연세대학교,시민일보,"성남시, 10월1일 기후위기·건강도시 심포지엄","보건대학원 교수는 ‘기후변화와 건강: 도시환경과 적응’을 발표한다. 이어 강은정 순천향대학교... 손창우 연세대 보건행정학부 교수, 김성아 서울연구원 포용도시연구실 연구위원, 신지영 한국보건사회연구원...",2026-09-29 07:30,https://www.siminilbo.co.kr/news/newsview.php?ncode=1160279919391507,https://www.siminilbo.co.kr/news/newsview.php?ncode=1160279919391507
서울대학교,법률신문,【오늘의 법조】 2026년 9월 29일,"2시, 서울 신림동 서울대 근대법학교육백주년기념관 최종길홀 ▷ 법무법인 광장, '중수청·공소청·특사경 시대의 수사 구조 및 실무는 어떻게 변할 것인가' 형사그룹 고객초청세미나 -오후 3시, 서울 소공동 한진빌딩...",2026-09-29 07:30,https://www.lawtimes.co.kr/news/articleView.html?idxno=227029,https://www.lawtimes.co.kr/news/articleView.html?idxno=227029
고려대학교,뉴스티앤티,"세종시, 숙박·관광명소 인증 시 명함집 증정","한편 이번 행사는 출장과 여가를 결합한 '블레저' 관광과 체류형 관광을 늘리기 위해 마련됐으며 명함집의 세종대왕 이미지는 세종대왕기념사업회, 김종서 장군의 일화를 담은 야연사준도는 고려대학교박물관의 협조를...",2026-09-29 07:22,https://www.newstnt.com/news/articleView.html?idxno=720477,https://www.newstnt.com/news/articleView.html?idxno=720477
서울대학교,글로벌E,"카카오, 김도영 CA협의체 공동의장 선임···투톱 체제 전환","신임 김도영 공동의장은 1975년생으로 서울대학교 항공우주공학과를 졸업하고 동 대학원 경영전문대학원(MBA)을 마쳤다. 삼성SDS 선임컨설턴트, 삼성증권 IB본부 이사, 코오롱모빌리티그룹 최고재무책임자(CFO)를 역임한...",2026-09-29 07:18,https://www.globale.co.kr/news/articleView.html?idxno=40682,https://www.globale.co.kr/news/articleView.html?idxno=40682
서울대학교,MBC,노조원 콕 집어내서‥'쎈수학' 대표의 두 얼굴,"[홍범준/좋은책신사고 대표 (지난 2022년 11월)] ""젊은이들에게 그들만의 꿈을 찾아주고, 행복의 진정한 의미를 가르쳐주고, 자유를 호흡하게…"" 올해 초에는 모교인 서울대에 1천억 원의 발전기금도 선뜻 내놨습니다....",2026-09-29 07:13,https://imnews.imbc.com/replay/2026/nwtoday/article/6854663_37012.html,https://n.news.naver.com/mnews/article/214/0001526285?sid=102
고려대학교,문화일보,"강동구 “대입개편안 설명회, 다음 달 27일 개최”…고교 선택부터 대입...",강연은 서울대·고려대·건국대 대입 전형 자문위원으로 활동한 김원석 인천하늘고 교사가 맡는다. 김 교사는 풍부한 진학 지도 경험을 바탕으로 2028~2029학년도 대입 개편안의 핵심 구조와 변화된 평가 방식의 내용을...,2026-09-29 07:10,https://www.munhwa.com/article/11620031?ref=naver,https://n.news.naver.com/mnews/article/021/0002821748?sid=102
연세대학교,bnt뉴스,"손호영, 솔로 20주년 맞아 신곡",지난 3월에는 서울 연세대학교 백주년기념관 콘서트홀에서 솔로 팬미팅 ‘아워스’를 열었다. 5월에는 ‘하늘색 풍선 위크’를 통해 god와 호우 팬콘서트에 참여했다. 손호영의 새 디지털 싱글 ‘고 어라운드’는...,2026-09-29 07:10,https://www.bntnews.co.kr/article/view/bnt202609290020,https://www.bntnews.co.kr/article/view/bnt202609290020
서울대학교,문화일보,"강동구 “대입개편안 설명회, 다음 달 27일 개최”…고교 선택부터 대입...",서울 강동구는 다음 달 27일 강동아트센터 대극장 한강에서 학생과 학부모에게 맞춤형 입시 전략을... 강연은 서울대·고려대·건국대 대입 전형 자문위원으로 활동한 김원석 인천하늘고 교사가 맡는다. 김 교사는 풍부한...,2026-09-29 07:10,https://www.munhwa.com/article/11620031?ref=naver,https://n.news.naver.com/mnews/article/021/0002821748?sid=102
연세대학교,세이프타임즈,"[오늘의 주요일정·29일] 성평등부, 디지털성범죄 대응 국제 콘퍼런스",AI중심대학-AX대학원 공동 출범식(연세대학교) ▲ 박인규 혁신본부장 15:30 27년 기초연구 R&D 예산안... (충남대학교) 16:20 대전체육 정책간담회(대전사회혁신센터) ▲ 김상욱 울산시장 09:00 시정 현안 정책 협의...,2026-09-29 07:04,https://www.safetimes.co.kr/news/articleView.html?idxno=246061,https://www.safetimes.co.kr/news/articleView.html?idxno=246061
서울대학교,뉴데일리,"김성중 제24대 인천시 행정부시장 취임... ""민선9기 시정목표 실현 보좌...","제주에서 태어난 김 부시장은 제주 오현고, 연세대 행정학과를 졸업하고 서울대 행정대학원에서 행정학 석사, 영국 엑시터대에서 공공정책학 석사 학위를 받았다. 행시 39회로 공직에 입문해 행정안전부 조직정책관...",2026-09-29 07:02,https://ic.newdaily.co.kr/site/data/html/2026/09/29/2026092900015.html,https://ic.newdaily.co.kr/site/data/html/2026/09/29/2026092900015.html
서울대학교,비즈니스포스트,[Who Is ?] 김대현 흥국화재 대표이사,"◆ 경영활동의 공과 김대현 흥국생명 대표이사(맨오른쪽)가 2025년 9월19일 서울 종로구 흥국생명 본사에서... 이화여자대학교 경영대학 부교수, 홍석철 서울대학교 경제학부 교수, 안광원 연세대학교 산업공학과...",2026-09-29 07:02,https://www.businesspost.co.kr/BP?command=article_view&num=447066,https://www.businesspost.co.kr/BP?command=article_view&num=447066
고려대학교,비즈니스포스트,[Who Is ?] 김남호 DB그룹 명예회장,"정채웅 전 보험개발원 원장, 전선애 중앙대학교국제대학원 학장, 박세민 고려대학교 법학전문대학원 교수, 이현승 LHS자산운용 회장, 민수아 서울투자진흥재단 인사위원회 위원이 독립이사로 있다. 이사회...",2026-09-29 07:02,https://www.businesspost.co.kr/BP?command=article_view&num=446161,https://www.businesspost.co.kr/BP?command=article_view&num=446161
서울대학교,더벨,"[더벨][대기업 문화재단의 진화] LS, 구평회 가문이 세운 그룹 유일 공익...",1951년 서울대학교 정치학과를 졸업한 뒤 락희화학공업(현 LG화학) 지배인으로 입사했다. 불모지였던 한국 중화학공업과 에너지 산업의 기틀을 다진 인물로 꼽힌다. 호남정유(현 GS칼텍스)와 여수에너지(현 E1) 설립을...,2026-09-29 07:02,https://www.thebell.co.kr/free/content/ArticleView.asp?key=202609221223192040104184,https://www.thebell.co.kr/free/content/ArticleView.asp?key=202609221223192040104184
고려대학교,딜사이트,"고려대기술지주, AUM 1000억 가시권…VC 전환 속도",고려대기술지주는 최근 ‘고려대 대학창업 제5호 벤처투자조합’을 결성했다. 한국과학기술연구원(KIST) 등과 함께 대학 및 정부출연연구기관이 보유한 원천기술을 사업화하는 100억원 규모의 딥테크 펀드 결성도...,2026-09-29 07:02,https://dealsite.co.kr/articles/169580,https://dealsite.co.kr/articles/169580
연세대학교,톱스타뉴스,"손호영, 솔로 데뷔 20주년에 5년 만의 신곡 ""Go Around"" 컴백","올해 3월에도 서울 연세대학교 백주년기념관 콘서트홀에서 2026 솔로 팬미팅 'HOurs (아워스)'를 개최해 팬들과 시간을 보냈고, 이 같은 정기적인 만남을 통해 현장 무대 경험을 이어가고 있다. 그는 그룹 활동에서도...",2026-09-29 07:02,https://www.topstarnews.net/news/articleView.html?idxno=16226221,https://www.topstarnews.net/news/articleView.html?idxno=16226221
연세대학교,연합인포맥스,[오늘 재경부 등 경제부처 일정],2) ▲14:30 차관 바이오 전문가 간담회(판교) [과학기술정보통신부] ▲10:00 부총리 본부장 국무회의 ▲15:00 부총리 AI중심대학-AX대학원 공동 출범식(연세대학교) ▲15:30 본부장 기초연구 R&D 예산안 간담회...,2026-09-29 07:02,https://news.einfomax.co.kr/news/articleView.html?idxno=4436782,https://news.einfomax.co.kr/news/articleView.html?idxno=4436782
연세대학교,비즈니스포스트,[Who Is ?] 김대현 흥국화재 대표이사,"김대현과 설성엽 전무가 사내이사로 이사회에 포함됐고 이진국 법무법인 화우 변호사, 한승엽 이화여자대학교 경영대학 부교수, 홍석철 서울대학교 경제학부 교수, 안광원 연세대학교 산업공학과 부교수가...",2026-09-29 07:02,https://www.businesspost.co.kr/BP?command=article_view&num=447066,https://www.businesspost.co.kr/BP?command=article_view&num=447066
연세대학교,뉴데일리,"김성중 제24대 인천시 행정부시장 취임... ""민선9기 시정목표 실현 보좌...","제주에서 태어난 김 부시장은 제주 오현고, 연세대 행정학과를 졸업하고 서울대 행정대학원에서 행정학 석사, 영국 엑시터대에서 공공정책학 석사 학위를 받았다. 행시 39회로 공직에 입문해 행정안전부 조직정책관...",2026-09-29 07:02,https://ic.newdaily.co.kr/site/data/html/2026/09/29/2026092900015.html,https://ic.newdaily.co.kr/site/data/html/2026/09/29/2026092900015.html
고려대학교,비즈니스포스트,[Who Is ?] 구본삼 자이에스앤디 대표이사,대구고등학교와 고려대학교 경영학과를 졸업했다. GS건설에 입사해 경영혁신팀장과 환경사업담당... 등을 고려해 법 위반 가능성은 낮다고 바라봤다. 지연기간이 1년을 넘지 않았고 그밖의 행위제한 규정 위반이...,2026-09-29 07:02,https://www.businesspost.co.kr/BP?command=article_view&num=448116,https://www.businesspost.co.kr/BP?command=article_view&num=448116
고려대학교,연합뉴스,[프로농구개막] ①아시안게임 금메달 신바람 타고…개천절 '팁오프',"이동근(고려대), 구민교(성균관대)가 모두 11월 신인 드래프트에 참가해 프로로 데뷔할 예정이라 리그에... 등도 고려해야 해 셈법이 달라졌다. 지난 시즌 평균 21.8점, 9.2리바운드를 올리며 활약한 헨리 엘런슨에 다른...",2026-09-29 07:00,https://www.yna.co.kr/view/AKR20260928079300007?input=1195m,https://m.sports.naver.com/basketball/article/001/0016342305
고려대학교,연합뉴스,[우분투칼럼] 아프리카의 산업구조 전환 전략과 한·아프리카 협력 방안,"▲ 서상현 박사 현 고려대학교 아프리카센터 연구위원, 한국외국어대학교 겸임교수, 현 외교부 정책자문위원, 포스코경영연구원 수석연구원 역임, 남아프리카공화국 남아공대학(UNISA) 정치학 박사, '아프리카 이해...",2026-09-29 07:00,https://www.yna.co.kr/view/AKR20260918131200898?input=1195m,https://n.news.naver.com/mnews/article/001/0016342307?sid=101
서울대학교,서울이코노미뉴스,"아홉이 좋은 까닭, 아홉이 부르는 노래, 토브(טוב)","서희정(hopesuh@gmail.com) 학력: 예원학교, 서울예술고등학교 졸업 서울대학교 음악대학 기악과 피아노 전공 학사(B.A.) 서울대학교 음악대학 대학원 석사(M.A.) 미국 샌프란시스코 컨서바토리 음악대학원(SFCM) 석사(M.M., 연주...",2026-09-29 07:00,http://www.seouleconews.com/news/articleView.html?idxno=93987,http://www.seouleconews.com/news/articleView.html?idxno=93987
서울대학교,KBS,"세금으로 운영되는 쪽방촌·고시원? 주거 급여의 배신, 끊어낼 수 있을...","서울대 조우리·김부열 연구진이 2024년 학술지 ‘국토계획’에 발표한 논문「최저주거기준 설정에 대한 비판적 고찰: 서울시 관악구 반지하·옥탑방·고시원 사례를 중심으로」는 서울 관악구 반지하 40곳, 옥탑방 30곳...",2026-09-29 07:00,https://news.kbs.co.kr/news/pc/view/view.do?ncd=8673337&ref=A,https://n.news.naver.com/mnews/article/056/0012264614?sid=101
서울대학교,이뉴스투데이,"울진군, 황일순 서울대 명예교수 초청 '제39회 목요특강' 연다",이번 강연은 국내 원자핵공학 분야의 최고 권위자로 꼽히는 황일순 서울대학교 원자핵공학과 명예교수를 초청해 진행된다.현재 경상북도 K-과학자로 위촉되어 활동 중인 황일순 교수는 국내외 주요 학술 및 에너지 정책...,2026-09-29 07:00,http://www.enewstoday.co.kr/news/articleView.html?idxno=2474752,http://www.enewstoday.co.kr/news/articleView.html?idxno=2474752
연세대학교,뉴스1,"수능 전 논술고사 이번 주 시작…""기출 중심으로 막판 대비해야""","연세대 미래캠퍼스(16일) △을지대(16~17일) △단국대(자연, 17일·인문, 18일) △상명대(인문, 30일·자연, 31일)가, 11월에는 △서경대(1일)가 논술고사를 치른다. 논술고사가 다가오면서 대치동 학원가와 온라인에서도 대학별...",2026-09-29 07:00,https://www.news1.kr/society/education/6303652,https://n.news.naver.com/mnews/article/421/0009196630?sid=102
연세대학교,연합뉴스,[프로농구개막] ①아시안게임 금메달 신바람 타고…개천절 '팁오프',"한국은 아시안게임 3대3 남자 농구에서도 우승을 차지했는데, 이 대표팀에서 뛴 이주영, 김승우(이상 연세대), 이동근(고려대), 구민교(성균관대)가 모두 11월 신인 드래프트에 참가해 프로로 데뷔할 예정이라 리그에...",2026-09-29 07:00,https://www.yna.co.kr/view/AKR20260928079300007?input=1195m,https://m.sports.naver.com/basketball/article/001/0016342305
서울대학교,KBS,세계가 주목한 ‘출산율 반등’…주인공은 30대,"[이상림/서울대학교 인구정책연구센터 책임연구원 : ""중산층의 삶을 세워 놓고 나서 시작하려고 하는 경향 때문에 혼인과 출산이 늦어지는 경향은 여전히 강하게 있습니다.""] 인구 유지를 위한 출산율은 2.1명. 0.9...",2026-09-29 06:46,https://news.kbs.co.kr/news/pc/view/view.do?ncd=8673324&ref=A,https://n.news.naver.com/mnews/article/056/0012264620?sid=101
서울대학교,뉴스1,"""불닭·신라면 들고 파리로""…K-푸드 기업들, 유럽 바이어 잡는다","문정훈 서울대 농경제사회학부 교수는 한국을 대표하는 주요 연사로 참여해 식품산업과 소비 트렌드에 대한 인사이트를 공유할 예정이다. 업계 관계자는 ""유럽은 시장 규모가 큰 데다 식품 기준과 소비자 눈높이가 높은...",2026-09-29 06:45,https://www.news1.kr/industry/distribution/6303477,https://n.news.naver.com/mnews/article/421/0009196627?sid=101
고려대학교,매일노동뉴스,[부고] 권혁 고려대 노동대학원 교수 빙모상,빈소: 명품장례문화원(경북 영주시) 발인 : 9월30일(수) 전화: 054-634-4444,2026-09-29 06:34,https://www.labortoday.co.kr/news/articleView.html?idxno=236976,https://www.labortoday.co.kr/news/articleView.html?idxno=236976
서울대학교,국민일보,‘한달 70만원’… 전세 사라진 서울 대학가 원룸촌 월세 급등,부동산 정보 플랫폼 다방에 따르면 지난 7월 서울 주요 10개 대학 인근 원룸의 월세와 관리비를 합한... 상승폭은 서울대 인근이 가장 컸다. 서울대 인근 원룸의 월세·관리비 합계는 지난해 50만1000원에서 올해...,2026-09-29 06:33,https://www.kmib.co.kr/article/view.asp?arcid=9000018041&cp=nv,https://n.news.naver.com/mnews/article/005/0001875558?sid=101
연세대학교,국민일보,‘한달 70만원’… 전세 사라진 서울 대학가 원룸촌 월세 급등,"대학별로는 이화여대 인근 원룸의 월세·관리비 합계가 87만원으로 가장 높았다. 연세대(75만8000원), 한국외대(75만5000원)가 뒤를 이었다. 상승폭은 서울대 인근이 가장 컸다. 서울대 인근 원룸의 월세·관리비...",2026-09-29 06:33,https://www.kmib.co.kr/article/view.asp?arcid=9000018041&cp=nv,https://n.news.naver.com/mnews/article/005/0001875558?sid=101
고려대학교,서울경제,[단독] 재판소원 넉 달 만에 8100만원 유럽行…108쪽 보고서엔 “연구 필...,"차진아 고려대 법학전문대학원 교수는 “재판소원이 폭주할 것이라는 점과 헌재가 이에 대응할 능력이 부족하다는 점은 시행 전부터 분명히 경고했던 부분”이라며 적법요건과 사전심사 절차, 인력·조직 등을 미리...",2026-09-29 06:31,https://www.sedaily.com/article/20095822?ref=naver,https://n.news.naver.com/mnews/article/011/0004666193?sid=102
고려대학교,THE-BIZ,[THE CEO] 김남정 동원그룹 회장,김남정 동원그룹 회장 경영 타임라인 •1973년 김재철 동원그룹 명예회장 차남으로 출생 •1990년대 고려대학교 사회학과 졸업 후 동원 입사 •2000년대 미국 미시간대학교 MBA 수료…동원F&B·동원산업·동원시스템즈 주요...,2026-09-29 06:30,http://www.the-biz.co.kr/news/articleView.html?idxno=728017,http://www.the-biz.co.kr/news/articleView.html?idxno=728017
고려대학교,의학신문,"""이재명 정부, 45만 고혈압·당뇨 노인 환자 지원 끊는다"" 사업 개편에 ...","이원영 중앙대학교 의과대학 예방의학교실 교수(광명시 고혈압·당뇨병 등록교육센터장)와 기명 고려대학... 기 교수는 ""일차의료기관 사업의 기존 경험을 고려하면 일차의료 혁신 시범사업 역시 성공을 가정해 다른...",2026-09-29 06:30,https://www.bosa.co.kr/news/articleView.html?idxno=3012899,https://www.bosa.co.kr/news/articleView.html?idxno=3012899
연세대학교,조선일보,"""읽지도 않는 항목 나열 그만… 소비자에 정보제공 중단 권한"" [동의, 하...","""읽지도 않는 동의 항목만 계속 늘리는 게 소비자에게 무슨 도움이 될까요."" 김범수 연세대 정보대학원 교수에게 '개인신용정보 동의제도'의 한계를 묻자 이같이 반문했다. 많이 보여준다고 소비자가 더 잘 알게 되는 것은...",2026-09-29 06:30,https://it.chosun.com/news/articleView.html?idxno=2023092170810,https://it.chosun.com/news/articleView.html?idxno=2023092170810
서울대학교,조선일보,"""읽지도 않는 항목 나열 그만… 소비자에 정보제공 중단 권한"" [동의, 하...","규제를 더 만드는 것 자체보다 실제로 효과가 있는지를 따져가며 제도를 만들어야 한다."" ☞김범수 교수는 서울대 경영학과와 대학원을 졸업하고 미국 텍사스대 오스틴에서 정보시스템 박사학위를 받았다. 2002년부터...",2026-09-29 06:30,https://it.chosun.com/news/articleView.html?idxno=2023092170810,https://it.chosun.com/news/articleView.html?idxno=2023092170810
서울대학교,뉴스1,반도체 성과급은 어디서 오는가[박선영의 경제 인사이트],"박선영 동국대 경제학과 교수는 서울대 경제학과를 졸업하고 미국 예일대에서 경제학 박사학위를 받은 거시·금융 경제학자다. 금융위원회, 금융감독원, 한국은행 등 주요 경제·금융 정책기관의 위원회와 자문기구에서...",2026-09-29 06:30,https://www.news1.kr/industry/general-industry/6303647,https://n.news.naver.com/mnews/article/421/0009196616?sid=110
고려대학교,e대한경제,재생에너지 과전압… 가을철 ‘블랙아웃’ 우려,"주성관 고려대 교수는 “주파수ㆍ전압 불안정과 유연성ㆍ관성 부족은 먼 미래가 아니라 이미 발생하고 있는 문제”라며 “주파수 조정에 머물러 있는 보조서비스를 관성과 전압 지원, 램핑까지 상품으로 세분화하고...",2026-09-29 06:22,https://www.dnews.co.kr/uhtml/view.jsp?idxno=202609281124412430535,https://www.dnews.co.kr/uhtml/view.jsp?idxno=202609281124412430535
고려대학교,소비자가 만드는 신문,"[디지털 난민 보고서 ③] ""말씀을 이해하지 못했습니다""…'저지능' AI 챗...","최병호 고려대 AI연구소 교수는 ""AI 알고리즘의 수준은 점차 높아지고 있지만, 사용자의 질문이나 표현... 김시월 건국대학교 소비자학과 교수는 ""아직은 AI 도입 등 디지털 전환 과도기 단계로 보인다""라며 ""소비자의...",2026-09-29 06:20,http://www.consumernews.co.kr/news/articleView.html?idxno=764283,http://www.consumernews.co.kr/news/articleView.html?idxno=764283
고려대학교,뉴스1,"검찰청 문 닫고 공소청 출범, '사법통제' 역할 시험대","차진아 고려대 법학전문대학원 교수는 ""남은 검사들이 열심히 하더라도 수사권이 없는 상황에서 뭘 어떻게... 사건 적체 상황, 공판 부담 등 공소청 검사의 직무수행에 필요한 인원을 고려하면 오히려 검사 증원이...",2026-09-29 06:10,https://www.news1.kr/society/court-prosecution/6301252,https://n.news.naver.com/mnews/article/421/0009196607?sid=102
연세대학교,세계일보,AI 시대 ‘도시 미래와 안전’ 머리 맞댄다,"글로벌 CDO 포럼에선 국내외 주요 도시의 CDO, 이정훈 연세대 교수 등 유관 기관 관계자들이 AI를 통한 도시... 스마트 라이프 콘퍼런스는 패트릭 J 맥거번 재단과 미국 매사추세츠공대(MIT) 등 대학과 연구 기관...",2026-09-29 06:04,https://www.segye.com/newsView/20260928518621?OutUrl=naver,https://n.news.naver.com/mnews/article/022/0004162527?sid=102
서울대학교,세계일보,국민 10명 중 4명만 “통일 필요해”,연합뉴스 서울대학교 통일평화연구원은 29일 서울대 국제대학원에서 ‘2026 통일의식조사’ 결과를 발표한다고 28일 밝혔다. 이번 조사는 한국갤럽에 의뢰해 7월1∼26일 조사원이 직접 방문하는 면접조사 방식으로...,2026-09-29 06:03,https://www.segye.com/newsView/20260928517582?OutUrl=naver,https://n.news.naver.com/mnews/article/022/0004162515?sid=102
서울대학교,세계일보,"권오남 과학기술단체총연합회 회장 “과총, 정책 평가 넘어 의제 선도하...",지난 22일 서울 강남구 한국과학기술회관에서 만난 권오남 한국과학기술단체총연합회 회장은 과총 창립... 인디애나대학교 수학 박사 ●서울대학교 수학교육과 교수 ●제12대 한국여성과학기술단체총연합회 회장...,2026-09-29 06:03,https://www.segye.com/newsView/20260928513157?OutUrl=naver,https://n.news.naver.com/mnews/article/022/0004162513?sid=101
서울대학교,딜사이트,"[VC 스토브리그] 파트너스인베, 박세광 전 티인베 팀장 영입…ICT 투자 ...",박 심사역은 서강대학교에서 경영학을 전공하고 서울대학교 대학원에서 국제경영학 석사 학위를 받았다. 이후 미래에셋대우 베이징법인과 딜로이트안진회계법인을 거치며 금융과 컨설팅 분야에서 경력을 쌓았다. VC...,2026-09-29 06:02,https://dealsite.co.kr/articles/169591,https://dealsite.co.kr/articles/169591
연세대학교,이투데이,수도권 집값 두 자릿수 상승 지역 4배 늘었다…성북·광명 '껑충',본지 자문위원인 고준석 연세대학교 상남경영원 교수는 “전셋값 상승과 고가 주택 대출 규제가 계속되면 상대적으로 가격 부담이 낮은 서울 외곽과 경기 주요 지역으로 수요가 이동하는 흐름은 내년에도 이어질...,2026-09-29 06:02,https://www.etoday.co.kr/news/view/2629926,https://www.etoday.co.kr/news/view/2629926
연세대학교,의학신문,"환자·의료현장 ""정부, 잘되던 고혈압·당뇨 사업 왜 흔드나""","김춘배 연세대학교 원주의과대학 교수 겸 홍천군 고혈압·당뇨병 등록교육센터장은 ""저희가 3500원을 확보하기 위해 국회까지 온 게 아니다""라며 고당사업 개편이 지역사회 만성질환 관리 인프라 전반의 문제라고...",2026-09-29 06:02,https://www.bosa.co.kr/news/articleView.html?idxno=3012901,https://www.bosa.co.kr/news/articleView.html?idxno=3012901
서울대학교,조선일보,"""강남엔 없는 매력""…'제2의 성수동'과 3기 신도시 투자 지도","결합되면서 서울의 중심이 세 개에서 두 개로 바뀌고 있다”고 말했다. 김 박사는 서울대 규장각 HK(인문한국) 교수 등을 지낸 역사학자·도시문헌학자로, '우리는 어디서 살아야 하는가' 등의 저서로도 유명하다. 최근에는...",2026-09-29 06:02,https://realty.chosun.com/site/data/html_dir/2026/09/28/2026092802899.html,https://realty.chosun.com/site/data/html_dir/2026/09/28/2026092802899.html
서울대학교,아주경제,[박승준 지피지기] 트럼프와 시진핑은 韓半島에 대해 무슨 대화를 나눴...,차관보를 서울로 보내 박정희 대통령에게 회담 내용을 설명했다. 조선일보 1972년 3월 3일자 1면 기사에... 필진 주요 약력 ▷서울대 중문과 졸 ▷고려대 국제정치학 박사 ▷조선일보 초대 베이징 특파원 ▷인천대...,2026-09-29 06:02,https://www.ajunews.com/view/20260928073104708,https://www.ajunews.com/view/20260928073104708
서울대학교,뉴시스,물영어·사탐런 변수로…난도 변화·대학별 유불리 점검해야,"그는 이를 사탐 선택자들이 서울대 인문계열 지원을 고려하는 움직임과 연결해 분석했다. 탐구 선택 변화가 지원 계열과 준비 과목에도 영향을 줄 수 있다는 것이다. 남은 기간 학습은 취약 과목을 보완할지, 강점...",2026-09-29 06:02,https://www.newsis.com/view/NISX20260928_0003805694,https://n.news.naver.com/mnews/article/003/0014219355?sid=102
연세대학교,아주경제,"[한기호 칼럼]서부전선 DMZ 폭발 사건, 정쟁에 가려진 것들",국가를 위해 위험한 현장에서 임무를 수행하는 군인의 안전이 있어야 한다. 한기호 필자 주요 이력 ▷아주대 아주통일연구소 교수(연구실장) ▷연세대 통일학 박사 ▷통일부 과장(서기관) ▷(사)북한연구학회 대외협력위원장,2026-09-29 06:02,https://www.ajunews.com/view/20260928074242716,https://www.ajunews.com/view/20260928074242716
고려대학교,이투데이,[논현광장-윤은기의 X경영] AI 혁명시대에 더 필요해진 심리학,"고려대학교가 2021년 문과대학 소속 심리학과를 독립시켜 단과대학 수준의 심리학부로 전환한 것도 상징적인 변화다. 오늘날 심리학은 뇌과학, 인공지능, 데이터과학, 사용자 경험(UX), 조직행동 등 다양한 분야와...",2026-09-29 06:02,https://www.etoday.co.kr/news/view/2630059,https://www.etoday.co.kr/news/view/2630059
고려대학교,아주경제,[박승준 지피지기] 트럼프와 시진핑은 韓半島에 대해 무슨 대화를 나눴...,이 문서를 필자는 2002년 11월 미국 국무부 IVP(International Visitor Program)로 초청돼 조지 워싱턴 대학을... 필진 주요 약력 ▷서울대 중문과 졸 ▷고려대 국제정치학 박사 ▷조선일보 초대 베이징 특파원 ▷인천대...,2026-09-29 06:02,https://www.ajunews.com/view/20260928073104708,https://www.ajunews.com/view/20260928073104708
연세대학교,뉴스1,"고유가 대응에 나랏돈 21조원…GDP 대비 0.7%, OECD 최고 수준","김정식 연세대 경제학부 교수는 ""지원 규모가 크기는 하지만 원유를 전량 수입하고 환율도 불안정해 물가가 높아질 가능성이 큰 상황""이라며 ""고유가 지원을 통해 물가를 낮추는 것은 맞는 정책""이라고 말했다....",2026-09-29 06:00,https://www.news1.kr/economy/trend/6303241,https://n.news.naver.com/mnews/article/421/0009196572?sid=101
서울대학교,뉴시스,농지은행에 땅 파는 4명 중 3명 고령농…세대교체 관건은 '규모 확대',"김한호 서울대 농경제사회학부 교수는 ""농지은행이 관리할 수 있는 면적을 늘려가야 한다""며 ""정부가 중간에서 농지를 집적해 놓고 경험 등 다양한 기준에 따라 우선순위를 정해 배분하는 역할을 해야 한다""고...",2026-09-29 06:00,https://www.newsis.com/view/NISX20260928_0003805971,https://n.news.naver.com/mnews/article/003/0014219321?sid=101
고려대학교,뉴스1,"김열홍 유한양행 사장 ""제2의 렉라자, 연내 기대…신약개발 확대할 것""",1995년부터 고려대 의과대학 종양혈액내과 교수로 재직하며 암 연구와 임상 분야에서 활동했다. 2023년 3월 유한양행 R&D본부장 사장으로 취임했으며 같은 해 5월 R&D 총괄 사장에 올랐다. 현재 유한양행의 신약 연구개발...,2026-09-29 06:00,https://www.news1.kr/bio/pharmaceutical-bio/6303054,https://n.news.naver.com/mnews/article/421/0009196577?sid=102
연세대학교,뉴시스,전세 씨 마른 대학가…직장인까지 몰리며 원룸 월세 '껑충',"대학별로는 이화여대 인근 원룸의 월세·관리비 합계가 87만원으로 가장 높았다. 연세대(75만8000원), 한국외대(75만5000원)가 뒤를 이었다. 상승폭은 서울대 인근이 가장 컸다. 서울대 인근 원룸의 월세·관리비 합계는...",2026-09-29 06:00,https://www.newsis.com/view/NISX20260928_0003805557,https://n.news.naver.com/mnews/article/003/0014219339?sid=101
고려대학교,연합뉴스,[이런말저런글] 사람들 / 빨리들 / 사과·배 들,"1. 국립국어원, 『외국인을 위한 한국어 문법2(용법 편)』, 2010 2. 온라인가나다 상세보기 띄어쓰기- https://www.korean.go.kr/front/onlineQna/onlineQnaView.do?mn_id=&qna_seq=323515&pageIndex=1 3. 표준국어대사전 4. 고려대한국어대사전",2026-09-29 05:55,https://www.yna.co.kr/view/AKR20260921091900546?input=1195m,https://n.news.naver.com/mnews/article/001/0016342242?sid=103
서울대학교,머니투데이,"[알림]""軍 에너지 전환도 '안보' 과제""…태양광·수소·원자력 모두 쓴다","""민간 차원의 에너지 비즈니스를 넘어 에너지 안보 분야까지 지평을 넓힌다."" 다음달 28~30일 서울 삼성동... 대학교 등과 차세대 에너지 협력을 위한 다자간 MOU(양해각서)를 체결한다. 포럼에서는 윤순진 서울대학교...",2026-09-29 05:50,https://www.mt.co.kr/industry/2026/09/29/2026092814403621581,https://n.news.naver.com/mnews/article/008/0005419366?sid=101
서울대학교,파이낸셜뉴스,"""80kg 넘었던 시절 있었다"" 이영아가 밝힌 다이어트 경험 [헬스톡]","분당서울대학교병원 비만대사센터는 체중만으로 비만 여부를 판단하기 어렵다며 체질량지수(BMI)와 체지방... 서울아산병원 질환백과는 나이가 들면서 근육의 양과 근력, 근 기능이 감소할 수 있다고 밝히고 있다....",2026-09-29 05:40,https://www.fnnews.com/news/202609282327342783,https://n.news.naver.com/mnews/article/014/0005581940?sid=103
서울대학교,이투데이,기업 품으면 직접 뛴다…김기현 케이엘앤파트너스 대표의 '땀 흘리는 금...,김 대표는 서울대학교 경제학과를 졸업하고 서울대 행정대학원에서 석사 학위를 받은 뒤 행정고시 44회로 공직에 입문했다. 기획재정부 사무관을 거쳐 PEF 업계로 자리를 옮겼다. 스틱인베스트먼트...,2026-09-29 05:30,https://www.etoday.co.kr/news/view/2629852,https://www.etoday.co.kr/news/view/2629852
서울대학교,중앙일보,"[국민을 향하는 보건복지] AI 기본의료, 지역 현장 안착 위해 인력·데이...","한국보건산업진흥원 한국보건산업진흥원과 대한민국의학한림원은 지난 16일 서울대학교병원 암연구소 이건희홀에서 ‘AI 기본의료, 지역에서 어떻게 작동시킬 것인가’를 주제로 공동포럼을 성황리에 개최했다. 서준범...",2026-09-29 05:30,https://www.joongang.co.kr/article/25465459,https://n.news.naver.com/mnews/article/025/0003554392?sid=102
연세대학교,메디칼타임즈,고혈압·당뇨병 의료비 지원 철회 놓고 센터 vs 정부 논리 팽팽,"김춘배 전국 고당등록관리사업 공동대책협의회 대표(연세대 원주의과대학·홍천군 고혈압·당뇨병 등록교육센터)는 28일 국회 정책토론회에 참석해 ""지원 중단 여부를 둘러싼 미시적 논쟁을 넘어, 노인환자의 의료이용과...",2026-09-29 05:30,https://www.medicaltimes.com/Main/News/NewsView.html?ID=1170908&ref=naverpc,https://www.medicaltimes.com/Main/News/NewsView.html?ID=1170908&ref=naverpc
서울대학교,머니투데이,"""저궤도 산업혁명, 한국이 갈 길은""…'K-우주포럼'서 머리 맞댄다","머니투데이 스타트업 미디어 플랫폼 '유니콘팩토리'는 오는 10월28일 오후 2~5시 서울 삼성동 코엑스 B홀... 'K-우주포럼' 의장을 맡고 있는 이복직 서울대 항공우주공학과 교수는 ""이번 포럼은 급변하는 글로벌 저궤도...",2026-09-29 05:30,https://www.mt.co.kr/future/2026/09/29/2026092815271755485,https://n.news.naver.com/mnews/article/008/0005419362?sid=101
서울대학교,부산일보,"[사설] 양산 부산대 유휴부지에 AX단지, 더 이상 방치 안 된다","부산대가 정부의 ‘서울대 10개 만들기(S-TEN) 프로젝트’에 선정되면서 ‘산업AX연구캠퍼스’를 추진하고, 양산시가 이를 지원하는 태스크포스(TF)를 꾸린 것이다. 양산캠퍼스는 부지(110만㎡)의 절반인 54만여㎡가 장기간...",2026-09-29 05:12,https://www.busan.com/view/busan/view.php?code=2026092818120489254,https://n.news.naver.com/mnews/article/082/0001400241?sid=110
서울대학교,SIDAE,김정일도 사과했는데…'암살자(들)'이 쏘아올린 낡은 음모론,서울 장충동 국립극장. 광복절 기념식 연단에 박정희 당시 대통령과 영부인 육영수 여사가 올랐다. 박 대통령이 경축사를 낭독하는 순간 총성이 울렸다. 귀빈석에 앉아 있던 육 여사가 쓰러졌다. 총탄을 맞은 그는 서울대...,2026-09-29 05:10,https://www.sidae.com/article/2026092815493212095,https://n.news.naver.com/mnews/article/417/0001159445?sid=100
고려대학교,비건뉴스,식은 밥 다시 데우면 부드러워지는 까닭,"고려대학교의 2007년 석사학위 연구는 냉장 보관한 쌀밥을 전자레인지·증기 등으로 재가열했을 때 호화도와 수분 보유 특성이 달라지는 것을 확인했다. 연구 결과는 실험 조건에 따른 변화로, 밥의 수분량과 재가열 방식에...",2026-09-29 05:08,https://www.vegannews.co.kr/news/article.html?no=389239,https://www.vegannews.co.kr/news/article.html?no=389239
서울대학교,서울신문,"LG, 맞춤형 AI 교육으로 인재 육성 확대","캠프도 서울대와 함께 운영하고 있다. 청소년들이 일상 속 문제를 AI로 해결하는 과정을 경험하도록 하고, 교육과 멘토링을 통해 AI 활용 역량을 키우도록 지원한다. 또 ‘LG디스커버리랩 서울·부산’을 통해...",2026-09-29 05:04,https://www.seoul.co.kr/news/economy/industry/2026/09/29/20260929021001?wlog_tag3=naver,https://n.news.naver.com/mnews/article/081/0003684194?sid=101
서울대학교,서울신문,"관악 곳곳이 무대로… 깊어가는 가을 정취, 문화예술에 흠뻑","어울림축제도 서울 관악구는 문화의 달 10월을 맞아 별빛내린천, 구청 광장, 샤로수길 등 곳곳이 무대로... 다음 달 2일 오후 1시 구청 광장에서는 서울대 개교 80주년을 기념한 예술 주간을 맞아 서울대 ‘브런치 클래식’...",2026-09-29 05:04,https://www.seoul.co.kr/news/publicnews/seoul_local/enjoy_seoul/2026/09/29/20260929019003?wlog_tag3=naver,https://n.news.naver.com/mnews/article/081/0003684187?sid=102
서울대학교,서울신문,‘노조원 불이익 혐의’ 좋은책신사고 대표 재판행,"이후 서울남부지청은 지난해 5월과 올해 4월 홍 대표를 기소 의견으로 서울남부지검에 송치했다. 좋은책신사고는 올해 1월 서울대에 10년간 총 1000억원을 기부하겠다고 밝혔는데, 정작 직원들에게는 경영 환경 악화를...",2026-09-29 05:03,https://www.seoul.co.kr/news/society/accident/2026/09/29/20260929010002?wlog_tag3=naver,https://n.news.naver.com/mnews/article/081/0003684156?sid=102
서울대학교,서울경제,[오세정 칼럼] 국립대 무상 교육에 지방 사립대 위태롭다,"교육 분야에서는 지역 거점국립대학을 서울대 수준으로 육성하는 ‘서울대 10개 만들기’ 정책이 시작됐으며... 그런데 과연 지금 지방 국립대학교에서 무상 교육을 하면, 우수한 학생들이 수도권 대학 진학을 포기하고...",2026-09-29 05:01,https://www.sedaily.com/article/20095562?ref=naver,https://n.news.naver.com/mnews/article/011/0004666155?sid=110
연세대학교,뉴시스,[오늘의 주요일정]과기정통부·방미통위·개보위(9월29일 화요일),"심지혜 윤현성 기자 =  ▲류제명 2차관, AI중심대학-AX대학원 공동 출범식(15:00, 연세대학교) ▲박인규 본부장, ‘27년 기초연구 R&D 예산안 간담회(15:30, 그레이츠 숭례)...",2026-09-29 05:00,https://www.newsis.com/view/NISX20260928_0003805901,https://n.news.naver.com/mnews/article/003/0014219295?sid=105
고려대학교,매경헬스,"""심장이 쿵, 검사할 땐 정상?""…반복되는 두근거림 그냥 넘기지 마세요","심재민 고려대 안암병원 순환기내과 교수는 ""부정맥은 종류가 매우 다양하고 각각의 위험성과 치료 방법도 다르기 때문에 증상만으로 판단해서는 안 된다""며 ""두근거림이나 어지럼증이 반복되거나 실신이 동반된다면...",2026-09-29 05:00,http://www.mkhealth.co.kr/news/articleView.html?idxno=80194,http://www.mkhealth.co.kr/news/articleView.html?idxno=80194
연세대학교,중앙일보,[단독] 반도체 산단 물 대야 하는데…4년간 하수 재이용 4% 찔끔↑,"조원철 연세대 토목공학과 명예교수는 “하수 재이용시설은 위치 선정과 부지 확보, 설계·시공을 거쳐야 해 상당한 시간이 걸린다”며 “서두르지 말고 기본계획부터 다시 검토해 연차별로 추진해야 한다”고...",2026-09-29 05:00,https://www.joongang.co.kr/article/25465445,https://n.news.naver.com/mnews/article/025/0003554378?sid=101
연세대학교,에너지경제,[패트롤] 인천시-인천시의회-인천시교육청-인천신용보증재단,"화교 가족의 인천 정착기를 담은 '가족의 탄생', 소래습지생태공원 갈대밭과 하늘정원 코스모스를 소개하는 '사계절 투어', 영흥도 포도를 다룬 '인천의 맛', 연세대 국제캠퍼스 중어중문학과 학생이 전하는 '글로벌...",2026-09-29 04:56,https://www.ekn.kr/web/view.php?key=20260929028189687,https://www.ekn.kr/web/view.php?key=20260929028189687
고려대학교,이데일리,담합 자진신고해도 '전액 감면' 없다…처분시효도 최대 15년으로 연장,이황 고려대 법학전문대학원 교수는 “주요국 연구 사례를 보면 리니언시는 신고자에게 주어지는 혜택이 크고 예측 가능할수록 활성화되는 경향이 있다”며 “조사 전후를 나눠 감면 수준을 달리하면 자진신고 유인이...,2026-09-29 04:42,https://www.edaily.co.kr/News/Read?newsId=01633446645585040&mediaCodeNo=257&utm_source=naver&utm_medium=referral&utm_campaign=news_syndication&utm_content=original_article,https://n.news.naver.com/mnews/article/018/0006376677?sid=101
고려대학교,동아일보,[부고]백점늠 별세 外,"◇백점늠 씨 별세·권혁 고려대 노동대학원 교수 장모상=28일 경북 영주 명품장례문화원, 발인 30일 오전 10시 반 054-634-4444 ◇손수복 씨 별세·임성복 롯데지주 커뮤니케이션실장 모친상=28일 서울아산병원...",2026-09-29 04:34,https://www.donga.com/news/People/article/all/20260929/134747973/2,https://n.news.naver.com/mnews/article/020/0003751242?sid=102
연세대학교,동아일보,급증하는 AI 데이터센터… ‘전력망 병목’ 변수 급부상,한국 메가 프로젝트 구상에도 시사점을 준다는 평가가 나온다. 한순구 연세대 경제학과 교수는 “미국보다 자원도 부족하고 발전시설에 대한 국민 정서도 부정적이라 전력 공급이 더 빠듯한 처지”라고 우려했다.,2026-09-29 04:33,https://www.donga.com/news/Economy/article/all/20260929/134748520/2,https://n.news.naver.com/mnews/article/020/0003751220?sid=101
서울대학교,동아일보,아시안게임 12년 만의 남녀 농구 동반 金… 수면 지킨 베스트슬립,서 대표는 국가대표 선수단을 상대로 수면 특강과 컨설팅을 이어왔고 서울 삼성 썬더스 농구단에서는 공식... 서울대 경영학과를 졸업하고 2012년 ‘바른수면연구소’를 세워 수면 코칭과 강연을 이어온 그는 국가대표...,2026-09-29 04:32,https://www.donga.com/news/Economy/article/all/20260928/134742637/2,https://n.news.naver.com/mnews/article/020/0003751211?sid=101
연세대학교,한국일보,"[단독] ""면접서 백수로 보일까 무서워요""… 대학 졸업유예자 4년 새 45% ...","자료에 따르면 최근 5년간 졸업유예제도(학사학위취득 유예)를 운영해온 서울 4년제 대학 8곳(건국대 동국대 서강대 연세대 이화여대 중앙대 한양대 홍익대)의 졸업유예 신청자는 2022년 4,825명에서 올해 7,020명(4월 기준)...",2026-09-29 04:31,https://www.hankookilbo.com/news/article/A2026092815480003991?did=NA,https://n.news.naver.com/mnews/article/469/0000956476?sid=102
고려대학교,한국일보,"[단독] ""면접서 백수로 보일까 무서워요""… 대학 졸업유예자 4년 새 45% ...","교사가 아닌 다른 직종 취업을 고려하고 있는 그는 ""면접관이 졸업 이후 취업 준비 기간이 길어지면 안 좋게... 만드는 대학도 늘고 있다. 경희대는 올해, 고려대와 숭실대는 지난해 처음 제도를 만들었다. 과거에는 일부...",2026-09-29 04:31,https://www.hankookilbo.com/news/article/A2026092815480003991?did=NA,https://n.news.naver.com/mnews/article/469/0000956476?sid=102
서울대학교,한국일보,"[단독] ""면접서 백수로 보일까 무서워요""… 대학 졸업유예자 4년 새 45% ...",자료에 따르면 최근 5년간 졸업유예제도(학사학위취득 유예)를 운영해온 서울 4년제 대학 8곳(건국대 동국대... 별도의 졸업유예제도가 없는 서울대도 정규 학기를 넘기고 최소학점(1~3학점)만 수강하는 학부생이 올해...,2026-09-29 04:31,https://www.hankookilbo.com/news/article/A2026092815480003991?did=NA,https://n.news.naver.com/mnews/article/469/0000956476?sid=102
연세대학교,머니투데이,"난임 지원 늘리자, 슬쩍 비급여 시술비 올렸다","대상이 아닌 다른 경제주체에게 돌아가는 현상을 의미한다. 김정식 연세대 경제학부 명예교수는 ""정부가 보조금을 줄 때는 가격을 안 올리도록 하는 등 조건을 명확히 해 세수가 낭비되지 않도록 해야 한다""고 지적했다.",2026-09-29 04:10,https://www.mt.co.kr/thebio/2026/09/29/2026092819575691781,https://n.news.naver.com/mnews/article/008/0005419349?sid=101
서울대학교,머니투데이,수학 천재들이 이끄는 AI 시대[딥 포인트],양즈린(34)은 고등학교 때 중국 정보올림피아드에서 금메달을 받았으며 칭화대학교 컴퓨터학과를 수석... 한국에서는 올림피아드 출신보다 과학고와 카이스트·서울대 출신의 수학 천재들이 눈에 띈다. 가장 먼저...,2026-09-29 04:00,https://www.mt.co.kr/opinion/2026/09/29/2026092815434949509,https://n.news.naver.com/mnews/article/008/0005419341?sid=110
서울대학교,전남일보,나주시 영산강 야외 음악회에 '포레스텔라' 온다,"국립오페라단과 서울시오페라단 등에서 '라 트라비아타', '토스카', '마술피리', '라보엠' 등 다양한 오페라의 주역으로 활동해왔다. 이호철은 서울대학교 음악대학 성악과와 독일 함부르크 국립음대를 졸업하고, 독일...",2026-09-29 03:50,https://www.jnilbo.com/news/articleView.html?idxno=90000069247,https://www.jnilbo.com/news/articleView.html?idxno=90000069247
서울대학교,국민일보,불교권 역파송 콘퍼런스 열린다,서울대 국제학생사역회의(ISMC·의장 권요한 선교사)는 다음 달 2일 서울 관악구 서울대에서 ‘불교권 역파송 운동’을 주제로 ‘2026 가을 ISMC 콘퍼런스’를 연다고 28일 밝혔다. 이주민선교훈련학교(MMTS)과 공동...,2026-09-29 03:08,https://www.kmib.co.kr/article/view.asp?arcid=9000018028&cp=nv,https://n.news.naver.com/mnews/article/005/0001875547?sid=103
고려대학교,스포츠경향,izna(이즈나) 日 정식 데뷔 이어 첫 콘서트 투어까지 글로벌 광폭 행보,"izna는 가천대학교, 한서대학교, 여주대학교에 이어 경희대학교 국제캠퍼스, 고려대학교, 동덕여자대학교, 전주대학교, 명지전문대학 등 다양한 캠퍼스 무대에 오를 예정이다. izna는 오는 10월 9일 타이베이, 10월...",2026-09-29 02:22,https://sports.khan.co.kr/article/202609290221003?pt=nv,https://m.entertain.naver.com/article/144/0001140927
고려대학교,국민일보,"슈퍼 박테리아 17개 우선 대응 순위, 국내 최초로 나왔다","고려대 안암병원 감염내과 김정연·윤영경 교수와 강원대 약대 유수연 교수팀은 국가 항생제 내성감시자료와 5개 대학병원 임상자료, 체계적 문헌 고찰, 다양한 전문가 의견을 결합하고 발생률과 원내 사망 위험...",2026-09-29 02:17,https://www.kmib.co.kr/article/view.asp?arcid=9000018016&cp=nv,https://n.news.naver.com/mnews/article/005/0001875535?sid=103
고려대학교,국민일보,“격리실 부족 슈퍼 박테리아 차단 한계… 새 항생제 과감한 투자를”,"고려대안암병원 감염내과 윤영경(사진) 교수는 28일 “이런 환자가 많이 발생하는 요양병원, 요양시설에서는 감시배양 검사나 관리 급여가 충분치 않아 다제내성균 전파를 실질적으로 막지 못하고 있다”고 말했다....",2026-09-29 02:16,https://www.kmib.co.kr/article/view.asp?arcid=9000018014&cp=nv,https://n.news.naver.com/mnews/article/005/0001875533?sid=103
연세대학교,국민일보,[특별기고] 혁신적인 암 치료제 국내 생산 시동… 급여·치료 인프라도...,부담을 고려한 건보 급여 논의도 속도를 내야 한다. 이런 기반이 마련될 때 방사성 리간드 치료는 선택지가 제한된 환자에게 실질적인 치료 기회로 자리 잡을 수 있을 것이다. 유영훈 대한핵의학회 회장(연세대 의대 교수),2026-09-29 02:06,https://www.kmib.co.kr/article/view.asp?arcid=9000018009&cp=nv,https://n.news.naver.com/mnews/article/005/0001875528?sid=103
연세대학교,스포탈코리아,"""아시안게임 금메달?...기쁨은 잠시 내려놔야죠"" 다음 챕터 '정기전 승리...","이주영, 김승우(연세대), 이동근(고려대), 구민교(성균관대)로 이뤄진 이번 대표팀은 아시안게임 금메달에 앞서 열린 U23 월드컵에서 미국을 꺾는 파란을 일으키며 세계 무대에서도 확실한 경쟁력을 입증했다. 이주영은...",2026-09-29 01:00,https://www.sportalkorea.com/news/articleView.html?idxno=2025052909553573205,https://m.sports.naver.com/basketball/article/139/0002253772
고려대학교,스포탈코리아,"""아시안게임 금메달?...기쁨은 잠시 내려놔야죠"" 다음 챕터 '정기전 승리...","이주영, 김승우(연세대), 이동근(고려대), 구민교(성균관대)로 이뤄진 이번 대표팀은 아시안게임 금메달에... 아시안게임 금메달이라는 큰 목표를 이룬 이주영은 이제 고려대와의 숙명의 '정기전'을 눈앞에 두고 있다....",2026-09-29 01:00,https://www.sportalkorea.com/news/articleView.html?idxno=2025052909553573205,https://m.sports.naver.com/basketball/article/139/0002253772
연세대학교,조선일보,사업 실패했는데 병원비까지… 빚더미 내몰린 고령층,양준모 연세대 교수는 “은퇴 후 근로 소득이 끊긴 고령층 상당수가 경기 침체와 고금리 충격을 고스란히 받고 있다”며 “소상공인 체감 경기가 부진한 만큼 자영업에 종사하는 고령층 파산은 앞으로도 늘어날...,2026-09-29 00:51,https://www.chosun.com/economy/economy_general/2026/09/29/YZHUM6YSXVBKLH6777RVVRAKDI/?utm_source=naver&utm_medium=referral&utm_campaign=naver-news,https://n.news.naver.com/mnews/article/023/0004000935?sid=101
서울대학교,연합뉴스TV,"""통일 필요"" 국민 39% 그쳐…""현재가 좋다"" 역대 최고치",서울대학교 평화통일연구원은 이러한 내용이 담긴 '2026 통일의식 조사' 결과 발표회를 오늘(29일) 연다고 밝혔습니다. 조사 결과에 따르면 통일이 '필요하다'라는 응답은 39%로 지난해보다 2.1%포인트 떨어졌지만...,2026-09-29 00:37,http://www.yonhapnewstv.co.kr/news/MYH20260929003702wDX,https://n.news.naver.com/mnews/article/422/0000910571?sid=102
서울대학교,RIGHTKNOW,[부고] 주기윤 리더스컴·아트피버 대표 부친상,"▲주봉노 씨(전 경기도 교원단체연합회장) 별세, 주기윤 리더스컴·아트피버 대표 부친상 = 28일, 서울대학교병원 장례식장 5호실, 발인 30일 오전 9시, 1차 장지 벽제 서울시립승화원, 2차 장지 포천 혜화동성당 묘지.",2026-09-29 00:36,http://www.rightknow.co.kr/news/articleView.html?idxno=34834,http://www.rightknow.co.kr/news/articleView.html?idxno=34834
서울대학교,조선일보,“제주서 배우고 연구하며 정착하는 ‘AI 거점대학’ 목표”,양덕순 제주대학교 총장 인터뷰 AI 교육·연구·창업 잇는 혁신 생태계 지역 산업 연계해 인재 정착 기반... -최근 정부가 발표한 ‘서울대 10개 만들기’ 패키지 사업에 대해 반발이 크다. 제주대 입장은? “이번 결과를...,2026-09-29 00:31,https://www.chosun.com/special/special_section/2026/09/29/OMW6AVEHURH2LKHJENVWL2S6VU/?utm_source=naver&utm_medium=referral&utm_campaign=naver-news,https://n.news.naver.com/mnews/article/023/0004000851?sid=004
서울대학교,조선일보,“AI시대에도 교육은 사람 중심… 질문하고 생각하는 교실 만들것”,김 교육감은 부산고를 나와 서울대 사회학과를 졸업했다. 부산대 사범대학 교수로 재직하며 부산경남민주화교수협의회에서도 활동했다. 그는 “교육에는 진보나 보수가 따로 있을 수 없다”며 “저를 지지한 분이나...,2026-09-29 00:31,https://www.chosun.com/special/special_section/2026/09/29/5O3IBUN7MRGFTAUQKSLGD2VJHQ/?utm_source=naver&utm_medium=referral&utm_campaign=naver-news,https://n.news.naver.com/mnews/article/023/0004000852?sid=004
연세대학교,강원일보,강원경찰청 공공안전부장에 백남익⋯경찰청 치안상황관리관에 영월 출...,"백 신임 부장은 충남 천안 출신으로 천안중앙고와 한국방송통신대 법학과, 연세대 행정대학원(경찰사법행정)을 졸업했다. 1992년 순경 공채로 경찰에 입직해 서울경찰청 인사계장, 충남경찰청 홍보담당관...",2026-09-29 00:22,https://www.kwnews.co.kr/article/20260928501065,https://n.news.naver.com/mnews/article/087/0001220854?sid=102
서울대학교,중앙일보,"[송호근의 세사필담] 묻고 싶다, ‘니들이 대학을 알아?’","조선시대 관학은 성균관, 서울 4학, 지방 관청소재지 향교가 전부였는데, 평민과 양반 유지들이 사재를... 20년 전 ‘서울대 폐교론’을 외쳤던 운동권 정치인들은 이제 ‘서울대 10개 만들기’로 의기양양하다. 이렇게...",2026-09-29 00:20,https://www.joongang.co.kr/article/25465403,https://n.news.naver.com/mnews/article/025/0003554348?sid=110
연세대학교,국민일보,에너지 수급 불안에 세계는 ‘수소’ 확대하는데 한국만 ‘축소’,문일 연세대 교수는 지난 21일 한국공학한림원 2026 수소경제 대토론회에서 “단기적인 여건 변화에 흔들리지 않는 일관된 정책으로 산업계의 투자와 혁신을 뒷받침해야 한다”고 말했다.,2026-09-29 00:19,https://www.kmib.co.kr/article/view.asp?arcid=9000017974&cp=nv,https://n.news.naver.com/mnews/article/005/0001875500?sid=101
서울대학교,국제뉴스,국어 어렵고 영어 쉬웠다… '사탐 쏠림'에 과탐 응시자 반토막 난 9월 모...,최상위권 지원 양상에 주요 변수로 작용할 전망이다. 특히 서울대학교 자연계열처럼 과학탐구 2과목 응시를 필수 요건으로 지정한 대학이나 학과의 경우 지원자 층의 구조적 변화가 불가피할 것으로 보인다.,2026-09-29 00:16,https://www.gukjenews.com/news/articleView.html?idxno=3707392,https://www.gukjenews.com/news/articleView.html?idxno=3707392
서울대학교,광주드림,버스 멀수록 살찐다! 대중교통망이 가른 건강 명암,광주 남구는 걷기실천율이 76.8%로 서울 중랑구에 이어 전국에서 두 번째로 높았고 비만율은 29.4%에 그쳤다.... 서울대학교 보건대학원 윤난희·권순만 연구팀이 2011~2012년 지역사회건강조사 성인 33만 7136명을 분석한...,2026-09-29 00:12,http://www.gjdream.com/news/articleView.html?idxno=673018,http://www.gjdream.com/news/articleView.html?idxno=673018
서울대학교,뉴스프리존,"전북 추석 민심, '계획'보다 삶의 변화를 물었다",올해 9월 교육부가 '서울대 10개 만들기' 첫 패키지 지원대학으로 부산대·전남대·충남대를 발표하면서 전북대는 명단에 들지 못했다. 도민에게 이 결과는 개별 공모의 성패를 넘어 전북이 국가 성장 전략과 인재 양성...,2026-09-29 00:12,https://www.newsfreezone.co.kr/news/articleView.html?idxno=711321,https://www.newsfreezone.co.kr/news/articleView.html?idxno=711321
연세대학교,강원일보,연세대 미래캠 첫 개방형 문화예술축제 ‘연세아트위크’,"연세대 미래캠퍼스 첫 개방형 문화예술축제인 ‘연세아트위크’가 28일 개막해 다음달 5일까지 이어진다. 연세대 미래캠퍼스는 대학이 보유한 문화·예술 자원을 지역사회와 공유, 대학과 시민이 함께하는 참여형 문화...",2026-09-29 00:08,https://www.kwnews.co.kr/article/20260928500340,https://n.news.naver.com/mnews/article/087/0001220845?sid=102
연세대학교,강원도민일보,경찰청 경무관 인사 단행…강원청 공공안전부장에 백남익,"천안중앙고와 한국방송대 법학과를 졸업하고 연세대 행정대학원에서 경찰사법행정 석사 학위를 받았다. 또 충남경찰청 홍보담당관, 천안동남경찰서장, 서울수서경찰서장, 경찰청 교통안전과장, 경기남부경찰청 경무부장...",2026-09-29 00:08,https://www.kado.net/news/articleView.html?idxno=2075258,https://n.news.naver.com/mnews/article/654/0000202822?sid=102
고려대학교,강원일보,(사)강릉시자원봉사센터 이사장에 고광록 변호사 임명,"고 변호사는 강릉고, 고려대 법학과를 졸업했으며 제34회 사법시험에 합격, 사법연수원(24기)을 거쳐 1995년 강릉에서 변호사를 개업해 현재 법무법인 율곡 대표변호사로 활동중이다. 강릉시 갈등조정위원장...",2026-09-29 00:06,https://www.kwnews.co.kr/article/20260928501158,https://n.news.naver.com/mnews/article/087/0001220809?sid=102
고려대학교,강원도민일보,[새의자] 고광록 강릉시자원봉사센터 이사장,"고 이사장은 강릉 출신으로 성덕초, 경포중, 강릉고, 고려대 법과대를 졸업했다. 그 동안 강릉시 갈등조정위원장, 강릉범죄피해자센터 이사장, 강릉경찰서 경찰발전위원장, 강릉교도소 교정협의회장, 강릉고 총동창회장...",2026-09-29 00:05,https://www.kado.net/news/articleView.html?idxno=2075180,https://n.news.naver.com/mnews/article/654/0000202745?sid=102
서울대학교,경상일보,부산대 양캠 유휴부지 산업·연구·AI 복합혁신공간화,경남 양산시가 부산대학교의 서울대 10개 만들기(S-TEN) 프로젝트 선정에 발맞춰 부산대 양산캠퍼스 유휴부지를 동남권 산업·연구·AI 혁신을 선도하는 거점으로 조성하기 위해 본격 나섰다. 부산대 양산캠퍼스 유휴부지는...,2026-09-29 00:02,https://www.ksilbo.co.kr/news/articleView.html?idxno=1068382,https://www.ksilbo.co.kr/news/articleView.html?idxno=1068382
연세대학교,아주경제,"토큰 값 뚝…""AI 에이전트 '통제 이탈' 늘 수 있다""","조성배 연세대 컴퓨터학과 교수도 ""AI가 스스로 탈출하거나 자의식을 갖고 행동하는 것은 아니다""며 ""취약점을 찾으라는 목표와 외부 시스템에 접근할 수 있는 권한이 주어지면 목표 달성을 위해 여러 방법을...",2026-09-29 00:02,https://www.ajunews.com/view/20260928151620142,https://www.ajunews.com/view/20260928151620142
연세대학교,경상일보,[김용언의 건강강좌(21)]근감소증(sarcopenia),"김형석 연세대 교수는 105세를 건강하게 살며 요즘은 자신의 체험적 건강 강의를 하고 있다. 그는 이런 양질의 단백질에 곁들여 근육까지 영양을 운반하는 혈관과 뼈와 근육의 활동을 돕는 포타슘과 산화질소, 항산화제가...",2026-09-29 00:02,https://www.ksilbo.co.kr/news/articleView.html?idxno=1068347,https://www.ksilbo.co.kr/news/articleView.html?idxno=1068347
연세대학교,전자신문,[정보통신 미래모임 30년] 현 회장 임춘성 연세대 교수 “확실한 미래 ...,"세상 모든 기회는 'See the unseen.'에서 성취한다. 불확실한 미래를 확실히 보기는 어렵지만, 그것을 생각하고 준비하는 모임은 확실하다. 당신도 확실한 미래모임에 관심을 가져볼 이유다. 임춘성 연세대 산업공학과 교수",2026-09-29 00:01,https://www.etnews.com/20260928000155,https://n.news.naver.com/mnews/article/030/0003470508?sid=105
서울대학교,뉴시스,"이병훈 산업인력공단 이사장, 24억4600만원 신고…건물 36억[재산공개]",주요 재산은 본인과 배우자 명의의 서울 강남구 청담동에 위치한 목화아파트와 장남 명의의 서울 용산구... 서울대 사회학과를 졸업하고 미국 코넬대에서 노사관계학 석·박사 학위를 받은 후 중앙대 사회학과...,2026-09-29 00:00,https://www.newsis.com/view/NISX20260928_0003805455,https://n.news.naver.com/mnews/article/003/0014219225?sid=102
서울대학교,뉴시스,"""아파트값 10년 새 3배, 생활물가 2배…부동산이 청년 월급 뺏어간다""",24일 유튜브 채널 '언더스탠딩:세상의 모든 지식'에 출연한 김태유 서울대 명예교수는 청년 불행의 뿌리로 주거 문제와 부동산 불로소득을 꼽았다. 그는 예전과 달리 지금의 청년들은 내 집 마련은 물론 미래에 대한 희망을...,2026-09-29 00:00,https://www.newsis.com/view/NISX20260928_0003804840,https://n.news.naver.com/mnews/article/003/0014219240?sid=101
서울대학교,뉴스핌,"[재산공개] 이병훈 산업인력공단 이사장, 재산 24억4577만원 신고","이병훈 한국산업인력공단 이사장이 서울 강남 청담동 아파트를 포함한 본인과 배우자, 장남 등 가족... 그는 서울대 사회학과를 졸업한 이후 미국 코넬대학교에서 노사관계학 석·박사 학위를 취득했고...",2026-09-29 00:00,https://www.newspim.com/news/view/20260928000707,https://www.newspim.com/news/view/20260928000707
고려대학교,스포츠경향,"온앤오프(ONF), 日 팬미팅 ‘어텀 피크닉’ 성황리에 마무리",온앤오프는 오는 10월 17일 서울 성북구의 고려대학교 화정체육관에서 열리는 ‘HEARTBEAT BY DUDUDO 2026’(‘하트비트 바이 두두두’) 무대에 올라 국내 팬들과 만남을 이어갈 예정이다.,2026-09-28 23:58,https://sports.khan.co.kr/article/202609282357013?pt=nv,https://m.entertain.naver.com/article/144/0001140917
서울대학교,제주매일,'서울대 10개 만들기' 재도전 기회 주어져야,교육부가 이달 초 발표한 2026년 '서울대 10개 만들기' 패키지 지원대학에 제주대학교가 제외된 데 따른 여진이 이어지고 있다. '서울대 10개 만들기'는 단순히 지방 국립대에 예산을 더 주는 사업이 아니다. 거점국립대를...,2026-09-28 23:56,https://www.jejumaeil.net/news/articleView.html?idxno=405066,https://www.jejumaeil.net/news/articleView.html?idxno=405066
연세대학교,AP신문,"섹타나인, 새 수장에 '카카오페이 COO' 한순욱…AI·플랫폼 전환 이끈다","1974년생인 한 대표는 연세대학교 경영학과를 졸업한 뒤 경영전략과 사업 운영, 재무기획을 거쳐 디지털 플랫폼 경영까지 경험한 전략·플랫폼 전문가다. 특히 2017년 카카오페이에 합류한 뒤 약 9년간 경영기획팀장과...",2026-09-28 23:40,https://www.apnews.kr/news/articleView.html?idxno=3051566,https://www.apnews.kr/news/articleView.html?idxno=3051566
서울대학교,에너지경제,[패트롤] 나주시,"소프라노 김은경은 서울대학교 음악대학 성악과와 이탈리아 로시니 국립음악원을 거쳐 국내외 무대에서... 테너 이호철은 서울대학교 음악대학 성악과와 독일 함부르크 국립음대를 졸업한 뒤 뮌헨, 만하임, 다름슈타트...",2026-09-28 23:36,https://www.ekn.kr/web/view.php?key=20260928029449620,https://www.ekn.kr/web/view.php?key=20260928029449620
서울대학교,NTODAY,[완벽한 날들⑮｜장형진의 여정] 김치찌개가 그리운 삶…암을 지나 다시...,"서울대학교 심리학 연구진이 정리한 '한국어 감정단어'를 토대로, 인터뷰이가 자신의 경험을 가장 잘 나타낸다고 직접 선택한 감정단어를 따라 이들이 암을 마주하고 치료를 견디며 겪은 내면의 변화를 살펴본다. 이와 함께...",2026-09-28 23:30,https://www.ntoday.co.kr/news/articleView.html?idxno=129353,https://www.ntoday.co.kr/news/articleView.html?idxno=129353
서울대학교,YTN,"국민 39%만 ""통일 필요""...""현재가 좋다"" 역대 최고 [앵커리포트]","서울대학교 통일평화연구원의 올해 통일의식조사 결과인데요. 통일이 '필요하다'는 응답은 39%, '필요하지 않다'는 응답은 32.2%로 나타났습니다. 조사를 시작한 2007년과 비교하면 통일이 '필요하다'는 응답은 지속적으로...",2026-09-28 23:27,https://www.ytn.co.kr/_ln/0103_202609282327339939,https://n.news.naver.com/mnews/article/052/0002412155?sid=102
서울대학교,안동MBC,R]업체 선정부터 시추까지.. 대왕고래 사업 '총체적 부실',"◀ INT ▶최경식/서울대 지구환경과학부 교수 ""실제보다 좀 과대 평가된 부분에 대해서 내부에서 충분한 교차 검증이 없이 시추 계획이 진행이 됐고, 또 그게 굉장히 빠른 속도로 진행이 된 것이 문제다 이렇게 지적을...",2026-09-28 23:18,http://andongmbc.co.kr/adboard/NewsView84986,http://andongmbc.co.kr/adboard/NewsView84986
서울대학교,MBC,"""노조원 콕 집어 최하등급""‥좋은책신사고 대표의 '두 얼굴'","[홍범준/좋은책신사고 대표 (지난 2022년 11월)] ""젊은이들에게 그들만의 꿈을 찾아주고, 행복의 진정한 의미를 가르쳐주고, 자유를 호흡하게…"" 올해 초에는 모교인 서울대에 1천억 원의 발전기금도 선뜻 내놨습니다....",2026-09-28 23:08,https://imnews.imbc.com/replay/2026/nwdesk/article/6854604_37004.html,https://n.news.naver.com/mnews/article/214/0001526231?sid=102
연세대학교,동아일보,[신문과 놀자!/어린이과학동아 별별과학백과]독감은 ‘변신의 귀재’…...,예병일 연세대 원주의대 교수는 2009년 한국에서 크게 유행한 독감 ‘신종플루’를 예로 들며 “그해 미리 준비한 백신에는 신종플루 항원이 들어 있지 않아 예방 효과가 없었다”고 설명했습니다. 같은 감염병이지만...,2026-09-28 23:01,https://www.donga.com/news/Opinion/article/all/20260928/134746787/2,https://n.news.naver.com/mnews/article/020/0003751139?sid=110
고려대학교,미디어펜,"""가을 북촌, 선율로 물든다"" 제14회 북촌우리음악제","주민과 대학생이 참여하는 체험형 프로그램까지 폭넓은 라인업을 선보인다. 공원과 한옥, 미술관... 고려대 국악연구회의 '북촌국악클럽'과 어린 소리꾼 이승빈·최이정의 '북촌 라이징' 무대가 차세대 국악인들의 기량을...",2026-09-28 22:48,https://www.mediapen.com/news/view/1126467,https://www.mediapen.com/news/view/1126467
서울대학교,공감신문,"젊은 세대의 통일 무관심, 역대 최고 수준의 남북 분단 지지율","서울대학교 통일평화연구원은 이번 조사 결과를 발표했다. 한국갤럽에 의뢰해 실시된 이번 조사는 만 19세부터 74세까지의 성인 남녀 1,200명을 대상으로 진행되었다. 조사 방식은 조사원이 직접 방문하여 면접하는...",2026-09-28 22:40,https://www.gokorea.kr/news/articleView.html?idxno=879876,https://www.gokorea.kr/news/articleView.html?idxno=879876
서울대학교,인더스트리뉴스,"경상국립대, 세계로 뻗은 인재·지역 돌봄·전고체전지 연구 성과",앵커사업단 지역리빙랩이 운영하는 대학 부설 가상복지관 '커뮤니티 e-복지관'은 지난 22일 서울대 인구정책연구센터 이상림 박사를 초청해 '인구변화가 바꾸는 나의 삶'을 주제로 돌봄전문가 양성 특강을 열었다. 이...,2026-09-28 22:20,https://www.industrynews.co.kr/news/articleView.html?idxno=86649,https://www.industrynews.co.kr/news/articleView.html?idxno=86649
서울대학교,G1TV,신임 행정부지사에 홍천 출신 김영수 의정관 내정,"다음 달 1일 취임하는 김 행정부지사는 홍천중과 춘천고, 서울대 사회교육학과를 졸업했으며, 행정고시에 합격해 행자부 장관 비서실장과 청와대 의전비서관실 선임행정관 등을 지냈습니다. 한편 내일(29일) 이임하는...",2026-09-28 22:16,https://www.g1tv.co.kr/news?mid=1_207_6&newsid=349070,https://www.g1tv.co.kr/news?mid=1_207_6&newsid=349070
서울대학교,아주경제,신임 한국원자력연구원장에 정우식 세종대 교수,세종대학교 양자원자력공학과 교수가 한국원자력연구원 원장으로 선임됐다. 국가과학기술연구회(NST)는 28일 열린 제 249회 임시이사회에서 정 교수를 신임 원장으로 선임했다고 밝혔다. 정 원장은 서울대학교...,2026-09-28 22:16,https://www.ajunews.com/view/20260928221040186,https://www.ajunews.com/view/20260928221040186
서울대학교,아주경제,"강상희 명지대 교수, 한국전기연구원 신임 원장 선임",대학교 전기전자공학부 교수가 한국전기연구원 원장으로 선임됐다. 국가과학기술연구회(NST)는 28일 열린 제 249회 임시이사회에서 강 교수를 한국전기연구원 원장으로 선임했다고 밝혔다. 강 원장은 서울대학...,2026-09-28 22:12,https://www.ajunews.com/view/20260928220913185,https://www.ajunews.com/view/20260928220913185
고려대학교,지디넷코리아,"KISA, '디지털 시대 학술경연 대회' 첫 시행","후원 기관은 고려대학교 법학전문대학원, 김•장 법률사무소, 로앤컴퍼니, 리앤목 특허법인, 법무법인(유) 세종, 법무법인(유) 율촌, 법무법인(유) 지평, 법무법인(유한) 태평양, 법학전문대학원협의회...",2026-09-28 22:05,https://zdnet.co.kr/view/?no=20260928220417,https://n.news.naver.com/mnews/article/092/0002439028?sid=105
서울대학교,KBS,경북 국립의대 신설…이번에는 될까?,"그런 점에 많이 호소했고요.""] 지역 정치권도 서울대 10개 만들기 사업에서 경북대가 제외되는 등 'TK 홀대'가 계속될 경우 좌시하지 않겠다며 정부를 압박하고 있습니다. [이인선/국회 교육위원회/국민의힘 : ""교육이라든지...",2026-09-28 22:03,https://news.kbs.co.kr/news/pc/view/view.do?ncd=8673162&ref=A,https://n.news.naver.com/mnews/article/056/0012264488?sid=102
서울대학교,JTV전주방송,"""다음엔 전북"" 약속만···후속 조치는 '감감'","2차, 3차 메가 프로젝트와 이른바 '서울대 10개 만들기' 사업에서도 전북이 포함될 것이라는 말만 반복하고... '서울대 10개 만들기' 프로젝트도 상황은 비슷합니다. 전북대가 이미 탈락한 가운데 다시 기회를 얻을 수...",2026-09-28 21:54,https://jtv.co.kr/news/article.php?id=71342,https://jtv.co.kr/news/article.php?id=71342
고려대학교,한경매거진,[서원대학교 2026년 창업도약패키지 선정기업] 줄기세포 유래 엑소좀(Ex...,"창업 초기에는 건국대학교 기술지주와 고려대학교 기술지주의 투자를 받았습니다. 국내 주요 두 대학 기술지주가 동시에 투자에 참여한 사례는 흔치 않으며, 이는 스템엑소원 기술의 학문적 기반을 대외적으로...",2026-09-28 21:54,https://magazine.hankyung.com/job-joy/article/202609280484d,https://magazine.hankyung.com/job-joy/article/202609280484d
서울대학교,지디넷코리아,"MS·메타, 한국서 AI와 프라이버시 논의","개인정보보호위원회(개인정보위)는 29일 서울 양재 엘타워에서 '글로벌 AI 프라이버시 포럼(Global AI Privacy... 임용 서울대 교수와 캐나다·스페인 개인정보 감독기구, 마이크로소프트 등이 참여해 프라이버시에...",2026-09-28 21:49,https://zdnet.co.kr/view/?no=20260928214826,https://n.news.naver.com/mnews/article/092/0002439026?sid=105
서울대학교,뉴스메이커,"전남테크노파크 지원 기업, 인도네시아서 에너지 자립형 정수시설 구축...","전남TP는 해외협력사업(ODA) 발굴, 해외지원사업협의회 운영, 서울대 IEPP(국제에너지정책과정) 개도국 공무원 네트워크 활용 등을 통해 지역 기업의 해외 진출을 지원하고 있다고 설명했다.",2026-09-28 21:44,http://www.newsmaker.or.kr/news/articleView.html?idxno=183261,http://www.newsmaker.or.kr/news/articleView.html?idxno=183261
서울대학교,ULSANPRESS,"부산대 양산캠퍼스, 동남권 AI·산업 혁신 거점 육성","28일 양산시는 부산대학교가 '서울대 10개 만들기(S-TEN) 프로젝트'에 선정됨에 따라 양산캠퍼스 유휴부지를 활용한 혁신공간 조성에 본격 나선다고 밝혔다. 부산대 양산캠퍼스 유휴부지는 약 54만㎡ 규모로, 현재...",2026-09-28 21:42,https://www.ulsanpress.net/news/articleView.html?idxno=583786,https://www.ulsanpress.net/news/articleView.html?idxno=583786
서울대학교,경향신문,K우주산업 성패 가를 ‘재사용발사체’ 전략…‘실증 로켓’ 없이 괜찮...,서울대 항공우주공학과에서 학사·석사를 마친 후 미국 일리노이주립대(UIUC)에서 박사 학위를 받았다. 건국대 교수로 재직하다 2023년 정년 퇴임한 뒤 명예교수직을 맡고 있다. 한국연구재단 우주단장으로 근무하며 KSLV...,2026-09-28 21:39,https://www.khan.co.kr/article/202609282139005,https://n.news.naver.com/mnews/article/032/0003472942?sid=105
연세대학교,컨슈머타임스,"성남시, 미래 먹거리 '마이스' 키우고 기후위기 속 '건강도시' 해법 찾는...",먼저 김호 서울대학교 보건대학원 교수가 첫 발제자로 단상에 올라 '기후변화와 건강: 도시환경과 적응'을... 종합토론은 변병설 인하대학교 행정학과 교수가 좌장을 맡아 이끈다. 패널로는 손창우 연세대학교...,2026-09-28 21:38,https://www.cstimes.com/news/articleView.html?idxno=722128,https://www.cstimes.com/news/articleView.html?idxno=722128
서울대학교,컨슈머타임스,"성남시, 미래 먹거리 '마이스' 키우고 기후위기 속 '건강도시' 해법 찾는...","먼저 김호 서울대학교 보건대학원 교수가 첫 발제자로 단상에 올라 '기후변화와 건강: 도시환경과 적응'을... 패널로는 손창우 연세대학교 보건행정학부 교수, 김성아 서울연구원 포용도시연구실 연구위원, 신지영...",2026-09-28 21:38,https://www.cstimes.com/news/articleView.html?idxno=722128,https://www.cstimes.com/news/articleView.html?idxno=722128
고려대학교,CNB뉴스,"보이지 않는 노년 통증, AI로 수치화…가천대 75억 프로젝트","가천대학교 의과대학 가천통증연구소 박철규 교수 연구팀은 보건복지부와 한국보건산업진흥원 K... 가천대가 주관하는 이번 연구에는 서울아산병원과 대구경북과학기술원, 고려대, ㈜오랩바이오 등이 공동으로...",2026-09-28 21:34,https://www.cnbnews.com/news/articleView.html?idxno=1017292,https://www.cnbnews.com/news/articleView.html?idxno=1017292
연세대학교,CNB뉴스,"기후위기를 시민 건강 의제로…성남시, '건강도시' 해법 모색","김호 서울대학교 보건대학원 교수는 '기후변화와 건강: 도시환경과 적응'을 주제로 기후위기가 건강에... 이어 변병설 인하대학교 행정학과 교수를 좌장으로 손창우 연세대학교 교수, 김성아 서울연구원 연구위원, 신지영...",2026-09-28 21:32,https://www.cnbnews.com/news/articleView.html?idxno=1017306,https://www.cnbnews.com/news/articleView.html?idxno=1017306
서울대학교,CNB뉴스,"기후위기를 시민 건강 의제로…성남시, '건강도시' 해법 모색","김호 서울대학교 보건대학원 교수는 '기후변화와 건강: 도시환경과 적응'을 주제로 기후위기가 건강에... 이어 변병설 인하대학교 행정학과 교수를 좌장으로 손창우 연세대학교 교수, 김성아 서울연구원 연구위원, 신지영...",2026-09-28 21:32,https://www.cnbnews.com/news/articleView.html?idxno=1017306,https://www.cnbnews.com/news/articleView.html?idxno=1017306
서울대학교,한국금융신문,"한국지역정보개발원, 신임 원장에 우정민 전 KT 부사장 선임",우 신임 원장은 서울대학교 산업공학과를 졸업하고 한국과학기술원(KAIST)에서 경영학 석사학위를 취득했다. KT에서는 차세대시스템개발단장과 KOS서비스단장 등을 거쳤다. 이후 KT DS 대표이사 사장과 KT 부사장을...,2026-09-28 21:26,https://www.fntimes.com/html/view.php?ud=20260928212212786b372994c95_18,https://www.fntimes.com/html/view.php?ud=20260928212212786b372994c95_18
서울대학교,대구신문,K-로봇기업 '유럽 진출' 체코와 맞손,"한국로봇산업진흥원이 28일 체코 프라하 공과대학교(CTU) 산하 체코 정보학, 로봇공학 및 사이버네틱스... 한국전자기술연구원, 서울대학교, 화승알앤에이, 한국로봇산업진흥원과 프라하공대는 AI 기반 로봇 운영...",2026-09-28 21:24,https://www.idaegu.co.kr/news/articleView.html?idxno=560878,https://www.idaegu.co.kr/news/articleView.html?idxno=560878
서울대학교,조선일보,서울대생 70% “은퇴 후 국민연금 수령 못 믿어”,3줄 요약 ㆍ서울대생 69.7% 국민연금 수령 불신 ㆍ신·구 연금 분리안 49.9% 찬성 ㆍ의무 가입 연령 59세→64세 연장 제안 서울대 학생 10명 중 7명은 은퇴 후 국민연금을 받을 수 있다는 사실을 신뢰하지 않는 것으로...,2026-09-28 21:16,https://www.chosun.com/national/welfare-medical/2026/09/28/IOXSREB52RA4FEEPNX6APERLOQ/?utm_source=naver&utm_medium=referral&utm_campaign=naver-news,https://n.news.naver.com/mnews/article/023/0004000811?sid=102
고려대학교,머니투데이,무신사·강남언니·위버스…해킹사고 모두 '이곳'이 뚫렸다,"임종인 고려대 정보보호대학원 교수는 ""에이전틱 AI(인공지능) 시대로 넘어가는 과정에서 API를 활용한 정보 이동이 늘어날 수밖에 없고 보안사고의 위험성도 증가하고 있다""며 ""개인정보를 다루는 기업 역시 API를...",2026-09-28 21:15,https://www.mt.co.kr/tech/2026/09/28/2026092810440149574,https://n.news.naver.com/mnews/article/008/0005419298?sid=105
서울대학교,대구신문,"국민의힘 경북도당 위원장 김형동 의원 ""차기 총선·대선에 젊은 도당위...",최근 경북대가 '서울대 10개 만들기'에서 배제된 것과 더불어 정부의 미래대응기금 신설과 지방교부세 개편도 문제다. 지방이 써야 할 돈주머니를 중앙정부가 다시 틀어쥐겠다는 것이어서 지방자치 30년 역사를 거스르는...,2026-09-28 21:14,https://www.idaegu.co.kr/news/articleView.html?idxno=560852,https://www.idaegu.co.kr/news/articleView.html?idxno=560852
서울대학교,데일리시큐,'K-시큐리티' 해외 진출 속도…국제공동 R&D로 수출·고객 확보,"한국정보보호산업협회(KISIA, 회장 김진수)가 정보통신기획평가원(IITP)과 함께 지난 16일 서울드래곤시티... 미국 시장을 겨냥한 크립토랩 컨소시엄에는 서울대 산학협력단, 미국 캘리포니아대 샌프란시스코(UCSF)...",2026-09-28 21:12,https://www.dailysecu.com/news/articleView.html?idxno=208624,https://www.dailysecu.com/news/articleView.html?idxno=208624
서울대학교,경남신문,"부산대 양산캠퍼스, 산업·연구 거점 만든다","양산시는 부산대학교의 ‘서울대 10개 만들기(S-TEN) 프로젝트’ 선정에 발맞춰, 부산대 양산캠퍼스 유휴부지를 동남권 산업·연구·AI 혁신을 선도하는 거점으로 조성하기 위한 대응에 본격 나선다. 부산대 양산캠퍼스...",2026-09-28 21:12,https://www.knnews.co.kr/news/articleView.php?idxno=1551748,https://www.knnews.co.kr/news/articleView.php?idxno=1551748
서울대학교,폴리뉴스,"윤영석 연금특위 위원장, ""모수개혁 넘어 구조개혁 본격화""",구인회 서울대 교수가 좌장을 맡은 토론회에서 양재진 연세대 교수와 김학주 동국대 교수가 주제발표를... 전 서울대 총학생회장 직무대행과 복지부·재경부·기획예산처 실무진이 참여했다. 오 대표는 국민연금 가입기간...,2026-09-28 21:00,https://www.polinews.co.kr/news/articleView.html?idxno=744268,https://www.polinews.co.kr/news/articleView.html?idxno=744268
연세대학교,폴리뉴스,"윤영석 연금특위 위원장, ""모수개혁 넘어 구조개혁 본격화""",구인회 서울대 교수가 좌장을 맡은 토론회에서 양재진 연세대 교수와 김학주 동국대 교수가 주제발표를 했다. 양 교수는 현행 부분적립형 확정급여(DB) 체계의 기본 틀을 유지하되 기금운용의 독립성과 수익률을 높이고...,2026-09-28 21:00,https://www.polinews.co.kr/news/articleView.html?idxno=744268,https://www.polinews.co.kr/news/articleView.html?idxno=744268
서울대학교,이데일리,"""통일 필요"" 63.8%→39%…'통일 인식' 20년 만에 완전히 변했다",서울대학교 정문. (사진=연합뉴스) 통일이 필요하다는 인식을 가진 국민이 10명 중 4명에도 미치지 못하는... 서울대학교 통일평화연구원은 28일 이같은 내용을 담은 ‘2026 통일의식조사’ 보고서를 발표했다. 오는...,2026-09-28 20:46,https://www.edaily.co.kr/News/Read?newsId=04742886645584712&mediaCodeNo=257&utm_source=naver&utm_medium=referral&utm_campaign=news_syndication&utm_content=original_article,https://n.news.naver.com/mnews/article/018/0006376616?sid=100
서울대학교,포항MBC,업체 선정부터 시추까지.. 대왕고래 사업 '총체적 부실',"◀ INT ▶최경식/서울대 지구환경과학부 교수 ""실제보다 좀 과대 평가된 부분에 대해서 내부에서 충분한 교차 검증이 없이 시추 계획이 진행이 됐고, 또 그게 굉장히 빠른 속도로 진행이 된 것이 문제다 이렇게 지적을...",2026-09-28 20:42,http://www.phmbc.co.kr/www/news/desk_news?idx=204731&mode=view,http://www.phmbc.co.kr/www/news/desk_news?idx=204731&mode=view
서울대학교,매일경제,"카카오, CA협의체 공동의장 체제로…김도영 카카오X 대표 내정자 선임","김 내정자는 1975년생으로 서울대 항공우주공학과와 서울대 경영전문대학원을 졸업했다. 이후 삼성SDS와 삼성증권, 코오롱모빌리티그룹 최고재무책임자(CFO)를 거쳤고 지난해 카카오그룹에 합류해 카카오인베스트먼트...",2026-09-28 20:38,https://www.mk.co.kr/article/12163110,https://n.news.naver.com/mnews/article/009/0005741050?sid=101
서울대학교,파이낸셜뉴스,"""통일 안 해도 된다"" 인식 늘어…'현재대로' 31.5% 최고치",서울대학교 통일평화연구원은 28일 '2026 통일의식조사' 결과를 오는 29일 발표한다고 밝혔다. 조사는 한국갤럽이 지난 7월 1~26일 전국 17개 시도에 거주하는 만 19~74세 성인 남녀 1200명을 직접 방문해 면접하는...,2026-09-28 20:32,https://www.fnnews.com/news/202609282021448142,https://n.news.naver.com/mnews/article/014/0005581897?sid=102
서울대학교,경향신문,[서영채의 인 / 문학 현장]절정 이후를 살기,| 서영채 서울대 교수·문학평론가 역사가 보여주는 건 어떤 흐름도 직선적인 것은 존재할 수 없다는... 서울대학교 아시아 언어문명학부 및 비교문학 협동과정 교수로 재직 중이다. 1994년 계간 ‘문학동네’를 창간하여...,2026-09-28 20:32,https://www.khan.co.kr/article/202609282032005,https://n.news.naver.com/mnews/article/032/0003472909?sid=110
서울대학교,경인일보,[참성단] 베트남 아닌 비엣남,"역대 수상자는 베트남 삼성전자의 통역사로, 서울대에 진학하기도 했다. 베트남에서 한국어는 꿈을 향해 오르는 사다리이자 세계로 나가는 문이다. “베트남이 아니라 비엣남입니다. 정확히 불러 주세요.” 한국에...",2026-09-28 20:30,https://www.kyeongin.com/article/1771646,https://www.kyeongin.com/article/1771646
서울대학교,이데일리,"[미리보는 이데일리 신문]""美적자 방치하는 트럼프, 韓수출·금리까지 ...","받아 -서울대기술지주, 딥테크 ‘바이스트라타’ 투자 △함께 성장하는 삼성전자 -지역 中企3600곳 ‘스마트공장 구축’ 지원…AI로 제조 혁신 넓힌다 -주거 넘어 취업까지…자립준비청년 홀로서기 돕는 ‘든든한...",2026-09-28 20:29,https://www.edaily.co.kr/News/Read?newsId=04670726645584712&mediaCodeNo=257&utm_source=naver&utm_medium=referral&utm_campaign=news_syndication&utm_content=original_article,https://n.news.naver.com/mnews/article/018/0006376612?sid=102
서울대학교,한겨레,"삶을 바꾼 책들, 삶을 완성한 책들…그 숲에서 거닐다","한가지 덧붙이자면, 이 시기에 내가 서울대학교에 재직했다는 것도 도움이 되었다. 일반인은 쉽게 출입할 수 없는 서울대 규장각 도서관에 들어가 그간 제호로만 알고 있었던 ‘우주설’의 전문을 찾아내어 복사할 수...",2026-09-28 20:28,https://www.hani.co.kr/arti/opinion/column/1279861.html,https://n.news.naver.com/mnews/article/028/0002825028?sid=110
서울대학교,전자신문,"NST, 전기연·원자력연 신임 원장 선임","강상희 신임 전기연 원장은 서울대에서 1985년 전기공학 학사, 1987년 전기공학 석사, 1993년 전기공학... 정우식 신임 원자력연 원장은 서울대에서 1987년 원자핵공학 학사, 한국과학기술원(KAIST)에서 1989년 원자력공학...",2026-09-28 20:20,https://www.etnews.com/20260928000393,https://n.news.naver.com/mnews/article/030/0003470498?sid=105
연세대학교,한경매거진,책만 읽는 곳은 옛말…색다른 시설 갖춘 대학도서관,국내 대학도서관을 살펴봤다. 책 없는 도서관에서 콘텐츠를 만들다…고려대 CJ Creator Library 고려대학교... XR부터 콘텐츠 촬영까지…연세대 연세·삼성 학술정보관 연세대학교 연세·삼성 학술정보관은 층별로 서로...,2026-09-28 20:18,https://magazine.hankyung.com/job-joy/article/202609277521d,https://magazine.hankyung.com/job-joy/article/202609277521d
고려대학교,한경매거진,책만 읽는 곳은 옛말…색다른 시설 갖춘 대학도서관,국내 대학도서관을 살펴봤다. 책 없는 도서관에서 콘텐츠를 만들다…고려대 CJ Creator Library 고려대학교... XR부터 콘텐츠 촬영까지…연세대 연세·삼성 학술정보관 연세대학교 연세·삼성 학술정보관은 층별로 서로...,2026-09-28 20:18,https://magazine.hankyung.com/job-joy/article/202609277521d,https://magazine.hankyung.com/job-joy/article/202609277521d
서울대학교,한경매거진,책만 읽는 곳은 옛말…색다른 시설 갖춘 대학도서관,책 없는 도서관에서 콘텐츠를 만들다…고려대 CJ Creator Library 고려대학교 중앙광장 지하 1층에는 일반적인... 공부하다 옥상정원으로…서울대 중앙도서관 관정관 서울대학교 중앙도서관 관정관에서는 학습 목적에...,2026-09-28 20:18,https://magazine.hankyung.com/job-joy/article/202609277521d,https://magazine.hankyung.com/job-joy/article/202609277521d
연세대학교,세계일보,[부고] 신홍순씨 별세 외,"장인상=27일 연세대 용인장례식장 발인 30일 오전 7시 (031)678-7600 ▲양백현씨 별세, 양우성(신포일레콤 소장)·우종(뉴젠스 선임)·영득·대화·지영씨 부친상, 김선영·김진희씨 시부상, 정동휘(피알본 대표이사)...",2026-09-28 20:16,https://www.segye.com/newsView/20260928514835?OutUrl=naver,https://n.news.naver.com/mnews/article/022/0004162423?sid=102
서울대학교,OSEN,신동엽→박명수 딸까지..父끼 물려받은 ‘예체능 2세’ 명문대 합격 [핫...,"2007년생인 신지효 양은 5세 때 발레를 시작해 선화예중과 선화예고에서 전공을 이어왔으며, 올해 서울대학교 체육교육과에 입학했다. 특히 서울대뿐 아니라 한국예술종합학교 무용원에도 합격한 것으로 알려져 눈길을...",2026-09-28 20:15,http://www.osen.co.kr/article/G1112883602,https://m.entertain.naver.com/article/109/0005614391
고려대학교,AI타임스,"과기부, 국대 AI 중단설 일축...""현 구조로는 프런티어 역부족"" 지적도","최병호 고려대 AI연구소 교수는 ""국가 단위 AI 개발에 기업 간 경쟁 방식은 애초에 적합하지 않았다""며... 이어 ""대학·산업계 겸업은 제도적으로 열려 있으나 실제 사례는 드물다""며 ""세제 혜택, 병역 특례 등 연구자가...",2026-09-28 20:14,https://www.aitimes.com/news/articleView.html?idxno=215733,https://www.aitimes.com/news/articleView.html?idxno=215733
서울대학교,ㅍㅍㅅㅅ,"39%만 ""통일 필요""…""현재대로가 좋다"" 31.5% 역대 최고",서울대학교 통일평화연구원은 오는 29일 '2026 통일의식조사' 결과를 발표한다고 28일 밝혔다. 조사는 한국갤럽에 의뢰해 지난 7월 1일부터 26일까지 전국 17개 시도에 거주하는 만 19∼74세 성인 남녀 1200명을...,2026-09-28 20:12,https://www.ppss.kr/news/articleView.html?idxno=312826,https://www.ppss.kr/news/articleView.html?idxno=312826
고려대학교,서울신문,"학계 동북아역사재단, 한국학중앙연구원, 한국고전번역원 통합 반발","한국고대사학회, 역사학회, 한국고전번역학회 등 85개 학회와 연구소는 28일 서울 성북구 고려대에서 기자회견을 열어 동북아역사재단과 한국학중앙연구원, 한국고전번역원을 통합하려는 정부 계획에 반대하는 성명을...",2026-09-28 20:12,https://www.seoul.co.kr/news/life/scholaship/2026/09/28/20260928500252?wlog_tag3=naver,https://n.news.naver.com/mnews/article/081/0003684117?sid=103
연세대학교,디지털타임스,[9월28일 부고종합] 신홍순(전 LG패션 대표)씨 별세 외,"50분, 연세대 용인장례식장 특실, 발인 30일 오전 7시. (031)678-7600 ▲ 서옥례(향년 96세)씨 별세, 노재영씨... (051)636-4444 ▲ 이유경씨 별세, 조정원(세계태권도연맹 총재)씨 부인상 = 27일, 강동경희대학교병원...",2026-09-28 20:10,https://www.dt.co.kr/article/12086261?ref=naver,https://n.news.naver.com/mnews/article/029/0003050296?sid=102
서울대학교,소비자금융신문,"‘음력 2월과 8월 상정일(上丁日)’ 지켜온 석전(釋奠) 봉행일, 더 이상...","성균관대학교 유학과 교수로 재임하던 지난 1995년에 작성하여 한국민족문화대백과사전에 등록한 석전에... (사진=서울대학교 규장각 홈페이지) 홍위병들이 공묘의 성화비를 잡아당겨 끌어내리고(왼쪽), 공림 대성문의...",2026-09-28 20:08,https://www.cfnews.kr/news/article.html?no=112371,https://www.cfnews.kr/news/article.html?no=112371
서울대학교,매일경제,"北적대감 역대 최고 … 국민 39%만 ""통일 필요""",서울대 통일의식조사 결과 북한 정권과 대화하거나 타협하기 어렵다고 생각하는 국민이 10명 중 8명에 육박한다는 조사 결과가 나왔다. 반면 통일이 필요하다는 응답은 40%에도 미치지 못했다. 28일 서울대...,2026-09-28 20:05,https://www.mk.co.kr/article/12163069,https://n.news.naver.com/mnews/article/009/0005741044?sid=100
서울대학교,톱스타뉴스,"효민, 리허설 앞두고 탄탄 체력 관리…강렬 등에 드러난 무대 준비","남편은 1979년 11월 11일생으로, 서울대학교를 졸업하고 금융권에서 활동 중인 것으로 알려져 있다. 효민은 평소 사회관계망 서비스를 활발히 활용하며 일상과 무대 비하인드를 자주 공유해 왔다. 사진 중심의 게시물은...",2026-09-28 20:02,https://www.topstarnews.net/news/articleView.html?idxno=16225754,https://www.topstarnews.net/news/articleView.html?idxno=16225754
서울대학교,세계일보,"“기술 유출은 국익과 직결… 檢 개혁, 이념에 매몰돼선 안 돼” [검찰청...",서울대 기계항공공학부를 졸업하고 변리사로 일하던 그는 법학전문대학원 진학 후 대형로펌 변호사를 거쳐 2017년 검사가 됐다. 2021년 수원지검 방위사업·산업기술범죄수사부를 거쳐 2024년부터 서울중앙지검...,2026-09-28 20:02,https://www.segye.com/newsView/20260928514660?OutUrl=naver,https://n.news.naver.com/mnews/article/022/0004162418?sid=102
서울대학교,JTBC,전기차 '전 세계 최저가' 된 한국…소비자 챙겨야 할 포인트는?,[서승우/서울대 지능형자동차IT연구센터장 : 중국에서 생산된 거는 일단 미국으로 수출이 안 되니까. 유럽으로 가는 것들도 관세를 높인다든지 쿼터제를 적용하려고 그러는 경향들이 좀 있어서… 밀어내기 식으로...,2026-09-28 19:58,https://news.jtbc.co.kr/article/NB12320353?influxDiv=NAVER,https://n.news.naver.com/mnews/article/437/0000513102?sid=101
서울대학교,조선일보,"원자력硏 원장에 정우식, 전기硏 원장에 강상희 선임","정우식 신임 원장은 서울대 원자핵공학과를 졸업하고 KAIST에서 원자력공학 석·박사 학위를 받았다. 2002년부터 한국원자력연구원에서 12년간 재직했고, 2014년 세종대 교수로 부임했다. 강상희 신임 원장은 서울대에서...",2026-09-28 19:55,https://www.chosun.com/economy/science/2026/09/28/NY7WRN4XDVGKRN7KRKEMB2XEH4/?utm_source=naver&utm_medium=referral&utm_campaign=naver-news,https://n.news.naver.com/mnews/article/023/0004000805?sid=105
고려대학교,KJDAILY,“슬기로운 교우 관계로 학교폭력 예방해요”,"아주대학교 교수를 초청해 ‘2026학년도 학교폭력 예방 소통 라이브’를 개최한다. 이번 행사는 학생, 학부모... 조선미 교수는 고려대 심리학과, 동대학 대학원 심리학 박사 과정을 거쳤으며 현재 아주대 의과대학...",2026-09-28 19:52,http://www.kjdaily.com/article.php?aid=1790592555687796033,http://www.kjdaily.com/article.php?aid=1790592555687796033
서울대학교,경남일보,부산대 양산캠퍼스 유휴부지에 산업·연구·창업 혁신거점 조성,"양산시는 부산대학교 양산캠퍼스 유휴부지를 동남권 산업·연구·창업 등이 어우러진 혁신거점으로... 시는 부산대의 '서울대 10개 만들기(S-TEN) 프로젝트'와 공간혁신 구역 사업을 연계해 유휴부지를 연구와 산업, 창업...",2026-09-28 19:46,https://www.gnnews.co.kr/news/articleView.html?idxno=646385,https://www.gnnews.co.kr/news/articleView.html?idxno=646385
연세대학교,국제신문,“금융위 경험·네트워크로 부산 금융생태계 강화”,"강화될 수 있도록 끝까지 노력하겠다”고 힘줘 말했다. 이 금융창업정책관은 1973년생으로 연세대 행정학과를 졸업, 행정고시 44회로 공직에 입문했다. 금융위 금융산업국 보험과장, 금융혁신과장 등 주요 보직을 역임했다.",2026-09-28 19:45,http://www.kookje.co.kr/news2011/asp/newsbody.asp?code=0200&key=20260929.22017008889,https://n.news.naver.com/mnews/article/658/0000156869?sid=101
연세대학교,아시아투데이,이대로면 2070년 월소득 절반 국민연금 낼 판…구조개혁 목소리,"◇전문가 ""국고 사전 투입하고 기금 수익 높이자"" VS ""국민 노후 외생변수에 맡길 수 없어""이날 토론회에서는 연금 재정 안정을 위한 구체적인 구조개혁 방식과 기금 투입 방안을 두고 양재진 연세대 교수와 김학주 동국대...",2026-09-28 19:44,https://www.asiatoday.co.kr/kn/view.php?key=20260928010009870,https://www.asiatoday.co.kr/kn/view.php?key=20260928010009870
서울대학교,아시아투데이,이대로면 2070년 월소득 절반 국민연금 낼 판…구조개혁 목소리,특히 2024년 기준 10대 이하 청년층은 연금 지출이 정점에 달하는 2078년에 본인 소득의 무려 43.2%를 비용률로 부담하게 되는 심각한 위기를 맞이할 것으로도 추정됐다.토론에 참여한 박준섭 전 서울대 총학생회장...,2026-09-28 19:44,https://www.asiatoday.co.kr/kn/view.php?key=20260928010009870,https://www.asiatoday.co.kr/kn/view.php?key=20260928010009870
연세대학교,이투데이,"“전환금융, 미래 탄소가격·상환능력까지 따져야”…한일 전문가 제언","28일 서울 여의도 금융투자협회에서 연세대 환경금융대학원 주최로 열린 ‘한일 금융협력 콘퍼런스 2026’에서는 전환금융과 탄소시장, 디지털금융을 중심으로 양국 간 금융협력 방안이 논의됐다. 이 가운데 전환금융...",2026-09-28 19:42,https://www.etoday.co.kr/news/view/2629985,https://www.etoday.co.kr/news/view/2629985
서울대학교,광주일보,"전남대, 2028년 정원 300명 규모 ‘첨단융합대학’ 설립",‘서울대 10개 만들기’의 첫 지원 대상으로 선정된 전남대가 호남권 반도체·미래에너지 산업 인재를... 별도로 2026~2029년 400억원을 들여 목포대·순천대·광주과학기술원(GIST)·한국에너지공과대학교(KENTECH) 등과...,2026-09-28 19:32,http://www.kwangju.co.kr/article.php?aid=1790591400803769021,http://www.kwangju.co.kr/article.php?aid=1790591400803769021
연세대학교,바이라인네트워크,"리미니스트리트, 연세의료원 SAP ERP에 유지보수 제공","연세의료원은 세브란스병원, 강남세브란스병원, 용인세브란스병원을 비롯해 연세대학교 의과대학·치과대학·간호대학을 운영하는 국내 대표 의료기관이다. 중입자치료센터를 도입하는 등 첨단 의료기술을...",2026-09-28 19:28,https://byline.network/?p=9004111222621435,https://byline.network/?p=9004111222621435
연세대학교,충청데일리,국내 사립대 적립금 12조원 중 5조는 10년 내 쓸 계획 없다,"이어 이화여대 6천713억원, 고려대 4천784억원, 수원대 4천397억원, 성균관대 4천124억원, 연세대 4천47억원, 계명대 3천45억원 등의 순으로 적립금이 많았다. 한병도 의원은 ""적립금은 학생과 대학의 미래를 위해 쌓아...",2026-09-28 19:26,https://www.ccdn.co.kr/news/articleView.html?idxno=1102120,https://www.ccdn.co.kr/news/articleView.html?idxno=1102120
고려대학교,충청데일리,국내 사립대 적립금 12조원 중 5조는 10년 내 쓸 계획 없다,"이어 이화여대 6천713억원, 고려대 4천784억원, 수원대 4천397억원, 성균관대 4천124억원, 연세대 4천47억원, 계명대 3천45억원 등의 순으로 적립금이 많았다. 한병도 의원은 ""적립금은 학생과 대학의 미래를 위해 쌓아...",2026-09-28 19:26,https://www.ccdn.co.kr/news/articleView.html?idxno=1102120,https://www.ccdn.co.kr/news/articleView.html?idxno=1102120
서울대학교,충청데일리,기획처 기조실장에 충북 단양 출신 정향우 심의관,"단양에서 태어나 충주고와 서울대 인류학과를 나와 행정고시 40회로 공직에 입문한 정 실장은 옛 기획재정부에서 정책기획관과 공공정책총괄과장, 공공제도기획과장, 재무경영과장, 경영혁신과장, 발행관리과장...",2026-09-28 19:26,https://www.ccdn.co.kr/news/articleView.html?idxno=1102128,https://www.ccdn.co.kr/news/articleView.html?idxno=1102128
서울대학교,NEWSTOWN,"양산시, 부산대 양산캠퍼스 54만㎡ 혁신거점 조성 시동",양산시청/사진=김국진 기자 양산시가 부산대학교의 서울대 10개 만들기 프로젝트인 S-TEN 선정을 계기로 양산캠퍼스 유휴부지 활성화에 본격적으로 나선다. 약 54만㎡에 달하는 대규모 부지를 단순한 대학시설 확충 공간이...,2026-09-28 19:21,http://www.newstown.co.kr/news/articleView.html?idxno=717012,http://www.newstown.co.kr/news/articleView.html?idxno=717012
연세대학교,연합뉴스,[게시판] 연세대 언더우드 선교상에 김완일·김용대 선교사,▲ 연세대는 제26회 언더우드 선교상 수상자로 김완일·김용대 선교사를 선정하고 내달 12일 시상식을 연다고 28일 밝혔다. 김완일 선교사는 인도네시아 자카르타의 한인교회 '주님의교회'에서 교육과 사회봉사 사역...,2026-09-28 19:20,https://www.yna.co.kr/view/AKR20260928155700004?input=1195m,https://n.news.naver.com/mnews/article/001/0016341876?sid=102
서울대학교,대경일보,"대구대 영재교육원, 2027학년도 AI·융합·외국어 영재 신입생 모집","대구대 제공 대구대학교 글로벌브릿지 영재교육원이 10월 16일부터 '2027학년도 AI, 융합, 외국어 영재과정... 수료생들은 영재고·과학고·국제고 진학을 비롯해 서울대, KAIST, POSTECH, DGIST 등 유수 대학의 과학 및 AI SW...",2026-09-28 19:20,https://www.dkilbo.com/news/articleView.html?idxno=555643,https://www.dkilbo.com/news/articleView.html?idxno=555643
서울대학교,대경일보,"울진군, 황일순 교수 초청'제39회 목요특강'개최","울진군(군수 황이주)은 오는 10월 8일 목요일 오후 5시 울진군청 대회의실에서 경상북도 K-과학자 특강과 연계해 황일순 서울대학교 원자핵공학과 명예교수를 초청하고, '에너지, 경제, 환경 그리고 울진의 미래'를 주제로...",2026-09-28 19:20,https://www.dkilbo.com/news/articleView.html?idxno=555595,https://www.dkilbo.com/news/articleView.html?idxno=555595
고려대학교,경인일보,[인천·경기 경찰청 경무관 프로필] 함영욱 경기남부청 광역수사단장,"동국대 경찰행정학과를 졸업하고 고려대 정보보호대학원에서 정보보호 박사학위를 받았다. 경찰청 사이버수사기획과장, 서울 방배경찰서장, 국가수사본부 디지털포렌식센터장·사이버범죄수사과장 등을 역임했다....",2026-09-28 19:14,https://www.kyeongin.com/article/1771613,https://www.kyeongin.com/article/1771613
서울대학교,GOLFHANKOOK,[방민준의 골프세상] 골프에도 오르가슴이 있다?,"*칼럼니스트 방민준: 서울대에서 국문학을 전공했고, 한국일보에 입사해 30여 년간 언론인으로 활동했다. 30대 후반 골프와 조우, 밀림 같은 골프의 무궁무진한 세계를 탐험하며 다양한 골프 책을 집필했다. 그에게 골프와...",2026-09-28 19:10,https://golfhankook.hankooki.com/news/articleView.html?idxno=20022040,https://golfhankook.hankooki.com/news/articleView.html?idxno=20022040
서울대학교,법률신문,"한중법학회, 수교 34주년 학술대회… AI·국경 간 데이터 법제 논의",한중법학회(회장 강영수)는 2026년 10월 17일 오후 12시 30분부터 6시까지 서울 만리동 프레지던트호텔 19층... 고학수 서울대 로스쿨 교수(전 개인정보보호위원장)는 '프라이버시와 AI 이노베이션: 양분법적 시각을 넘어'를...,2026-09-28 19:10,https://www.lawtimes.co.kr/news/articleView.html?idxno=226963,https://www.lawtimes.co.kr/news/articleView.html?idxno=226963
서울대학교,국제신문,"부산대 양산캠 유휴부지, 양산시도 나섰다…개발 TF 꾸려 대응",‘서울대 10개 만들기(S-TEN) 프로젝트’에 부산대학교가 선정됨에 따라 경남 양산시가 범부서 TF를 구성하고 양산캠퍼스 유휴부지를 동남권 산업·AI 혁신 거점으로 육성하기 위한 본격 대응에 나섰다. 양산시는...,2026-09-28 19:09,http://www.kookje.co.kr/news2011/asp/newsbody.asp?code=0300&key=20260929.22008009139,https://n.news.naver.com/mnews/article/658/0000156841?sid=102
서울대학교,파이낸셜뉴스,"""AI 주가, 실적보단 심리 따라 움직여… 불확실성이 최대 적"" [한미재무...","■ 김화균 교수는 서울대 경제학과를 거쳐 미국 시카고대에서 경제학 박사학위를 받았고, 현재 텍사스 A&M대 메이즈경영대학의 석좌교수이다. 불확실성·모호성하에서 자산가격 결정과 투자자·은행·정책당국·경영자...",2026-09-28 19:07,https://www.fnnews.com/news/202609281905484847,https://n.news.naver.com/mnews/article/014/0005581865?sid=004
서울대학교,더퍼스트미디어,"보라매병원 박성배 교수팀, 척추 MRI 분석 AI 연구로 '우리 학술상' 수상",서울대학교병원운영 서울특별시보라매병원은 신경외과 박성배 교수 연구팀이 대한척추신경외과학회 '우리 학술상'을 수상했다고 28일 밝혔다. 박 교수 연구팀은 지난 17일부터 19일까지 서울 용산구...,2026-09-28 19:06,http://www.thefirstmedia.net/news/articleView.html?idxno=209631,http://www.thefirstmedia.net/news/articleView.html?idxno=209631
서울대학교,동아사이언스,전기연·원자력연 신임 원장에 강상희·정우식,강상희 신임 전기연 원장은 서울대학교에서 전기공학 학사와 석·박사 학위를 취득했다. 1994년 명지대학교 전기전자공학부 교수로 부임한 이후 차세대전력기술연구센터 소장 등을 수행했고 대한전기학회...,2026-09-28 19:05,https://www.dongascience.com/news/view/80089,https://n.news.naver.com/mnews/article/584/0000039477?sid=105
서울대학교,광주일보,‘동료작가 소설읽기’ 32회차 민혜숙 작가의 장편 ‘몽유도원’,"소설집으로 ‘서울대 시지푸스’, ‘황강 가는 길’ 등과 장편소설로 ‘세브란스 병원 이야기’ , ‘돌아온 배’ 등을 펴냈다. 현재 기독간호대에 출강하고 있으며 광주 새길교회를 개척해 다음 세대를 준비하고 있다.",2026-09-28 19:02,http://www.kwangju.co.kr/article.php?aid=1790589600803754026,http://www.kwangju.co.kr/article.php?aid=1790589600803754026
연세대학교,광주일보,‘동료작가 소설읽기’ 32회차 민혜숙 작가의 장편 ‘몽유도원’,"비단 바탕에 1m가 넘는 크기의 그림으로 안타깝게도 일본덴리대학에 소장돼 있다. 자연의 웅장함, 도원의... 한편 민 작가는 연세대 불문과에서 박사학위를, 전남대 국문과에서 박사학위를 받았으며 전남대, 호남신학대에서...",2026-09-28 19:02,http://www.kwangju.co.kr/article.php?aid=1790589600803754026,http://www.kwangju.co.kr/article.php?aid=1790589600803754026
연세대학교,NTODAY,"국가철도공단 정진혁 이사장, 철도 중심 '교통 혁신' 나선다",정 이사장은 연세대학교 도시공학과 교수로 재직하며 대한교통학회장과 국가교통위원회 위원 등을 역임한 교통계획 분야 전문가다. 철도망 확충과 시설 관리가 본연의 임무인 국가철도공단 수장 자리에 건설·토목...,2026-09-28 19:00,https://www.ntoday.co.kr/news/articleView.html?idxno=129695,https://www.ntoday.co.kr/news/articleView.html?idxno=129695
서울대학교,제민일보,제주경찰청 신임 차장에 이승열 경무관 임명,"경찰대학교 행정학과(10기)를 졸업하며 1994년 3월 1일 경찰에 입문했다. 이후 서울대학교 행정대학원에서... 이후 2023년 2월 경찰청 치안상황관리팀장, 2023년 7월 서울청 노원경찰서장, 2024년 8월 경찰청...",2026-09-28 18:52,https://www.jemin.com/news/articleView.html?idxno=843528,https://www.jemin.com/news/articleView.html?idxno=843528
서울대학교,삼다일보,잇따르는 '제주 홀대론' 정부에 강력히 따져야,"제주대학교가 정부의 '서울대 10개 만들기' 정책에서 탈락했다. 제주대는 지난달 교육부에 '서울대 10개 만들기' 정책 일환인 국가거점국립대 패키지 지원사업 추진 계획서를 제출했지만 최근 부산대, 전남대, 충남대가...",2026-09-28 18:50,http://www.samdailbo.com/news/articleView.html?idxno=270747,http://www.samdailbo.com/news/articleView.html?idxno=270747
고려대학교,메디컬월드뉴스,"[9월 28일 병원계 이모저모①]고려대안암, 동산, 삼육서울, 의정부을지...","◆고려대안암병원, 권역응급의료센터 소아응급실 개소…전담전문의 3명 충원 고려대학교 안암병원(병원장... ◆동산병원, 심방세동 펄스장 절제술 500례 달성 계명대학교 동산병원 심장내과 부정맥팀(박형섭·황종민...",2026-09-28 18:50,https://medicalworldnews.co.kr/news/view.php?idx=1510977506,https://medicalworldnews.co.kr/news/view.php?idx=1510977506
서울대학교,한국경제,"""대학 합창단서 만나 음성인식 AI 회사 창업했죠""","◇사라지는 말, 데이터로 붙잡다 두 사람은 서울대 합창단에서 2003년 처음 만났다. 서울대 경제학부 02학번인 조 대표는 베이스로, 전기전자공학부 03학번인 이 대표는 테너로 활약했다. 이 대표는 전공을 살려 공연...",2026-09-28 18:50,https://www.hankyung.com/article/2026092802261,https://n.news.naver.com/mnews/article/015/0005336844?sid=102
서울대학교,골프저널,법무법인(유한) 율촌 우창록 명예회장의 일과 골프 : 골프는 소통과 이...,"이후 버클리 대학으로 옮기기 전에 서울대 법대 선배인 당시 외환은행 시애틀 지점장님의 주선으로 고급... 서울대 법학과 졸업 후 16회 사법시험에 합격해 사법연수원을 6기로 수료하고, 해군 법무관으로 군 복무를...",2026-09-28 18:48,https://www.golfjournal.co.kr/news/articleView.html?idxno=10987,https://www.golfjournal.co.kr/news/articleView.html?idxno=10987
연세대학교,한겨레,9월29일 궂긴 소식,"◆ 신홍순(전 엘지패션 대표이사)씨 별세: 남혜숙씨 남편, 년수 수화 수혜 수현 수경씨 부친=27일 오전 10시50분 경기 연세대 용인병원. 발인 30일 오전 7시. (031)678-7600. ◆ 양백현씨 별세: 우성(신포일레콤...",2026-09-28 18:48,https://www.hani.co.kr/arti/society/obituary/1279841.html,https://n.news.naver.com/mnews/article/028/0002825008?sid=102
연세대학교,한국경제,신홍순 前 LG패션 사장 별세…향년 85세,"고인은 경기고와 연세대 정외과를 졸업하고 1966년 ㈜럭키(현 LG화학)에 입사했다. 수출부장, 독일 함부르크 지사장 등을 거쳐 1991~1999년 LG상사·LG패션 사장을 지냈다. 1995년 반도패션이 LG패션으로 사명을 바꿀...",2026-09-28 18:46,https://www.hankyung.com/article/2026092802191,https://n.news.naver.com/mnews/article/015/0005336839?sid=102
연세대학교,스포츠조선,"""신규 당뇨병 초기 중증도·악화 속도, 췌장암 발생 위험 신호""","연세대 세브란스병원 소화기내과 정문재 교수와 내분비내과 이민영 교수, 의대 예방의학교실 장성인 교수, 연구지원부 유민희 연구원은 신규 발생 당뇨병의 초기 중증도와 단기간의 진행 양상이 췌장암 발생 위험과...",2026-09-28 18:46,https://www.sportschosun.com/life/2026-09-28/202609280100189360012473,https://n.news.naver.com/mnews/article/076/0004450478?sid=102
서울대학교,베이비뉴스,"[건강뉴스] 마포구, 김난도 교수 초청 '마음의 트렌드를 읽다' 강연 外",ⓒ마포구 서울 마포구는 10월 13일 마포중앙도서관에서 김난도 서울대학교 소비자학과 명예교수 초청 강연 '마음의 트렌드를 읽다'를 개최한다고 28일 밝혔다. 이번 강연은 10월 10일 '세계 정신건강의 날'을 기념해...,2026-09-28 18:44,https://www.ibabynews.com/news/articleView.html?idxno=154810,https://www.ibabynews.com/news/articleView.html?idxno=154810
고려대학교,서울경제,[단독]재판소원 해법 찾는다며 유럽 간 헌재…보고서는 ‘맹탕’,"차진아 고려대 법학전문대학원 교수는 “재판소원이 폭주할 것이라는 점과 헌재가 이에 대응할 능력이 부족하다는 점은 시행 전부터 분명히 경고했던 부분”이라며 적법 요건과 사전 심사 절차, 인력·조직 등을 먼저...",2026-09-28 18:44,https://www.sedaily.com/article/20095767?ref=naver,https://n.news.naver.com/mnews/article/011/0004666106?sid=102
고려대학교,전북도민일보,이지성 전북도 행정부지사 취임,"고창 출신인 그는 전주고, 고려대, 한국개발연구원(KDI) 부설 국제정책대학원을 나왔고 전주시 덕진구청장, 전북자치도 문화체육관광국장, 전북자치도의회 의회사무처장, 행정안전부 정책기획관 등을 지냈다.",2026-09-28 18:43,https://sjbnews.com/news/news.php?number=888785,https://sjbnews.com/news/news.php?number=888785
서울대학교,충북일보,충북대-교통대 통합 실패 책임 물어야,정부의 서울대 10개 만들기 사업에서도 탈락했기 때문이다. 지역 정치권과 연대를 호소하고 있지만 쉽지 않다. 통합 실패의 지점이 어딘가부터 찾아야 한다. 분명히 통합합의서라는 약속이 있었다. 그런데 충북대의 총장...,2026-09-28 18:40,http://www.inews365.com/news/article.html?no=937362,http://www.inews365.com/news/article.html?no=937362
연세대학교,비즈트리뷴,"상미당 섹타나인, 한순욱 신임 대표이사 선임","1974년생인 한 대표는 연세대 경영학과를 졸업한 뒤 경영전략과 사업운영, 재무, 디지털 플랫폼 분야에서 폭넓은 경험을 쌓은 경영 전문가다. 액센츄어에서 제조·유통·소비재·서비스 산업 부문 이사를 역임하며...",2026-09-28 18:40,http://www.biztribune.co.kr/news/articleView.html?idxno=359656,http://www.biztribune.co.kr/news/articleView.html?idxno=359656
서울대학교,헬로디디,원자력연 정우식·전기연 강상희 교수···신임 원장 선임,"전기연의 강상희 신임 원장은 서울대학교에서 1985년 전기공학 학사, 1987년 전기공학 석사, 1993년 전기공학 박사를 취득했다. 1994년 명지대학교 전기전자공학부 교수로 부임한 이후 차세대전력기술연구센터 소장...",2026-09-28 18:40,http://www.hellodd.com/news/articleView.html?idxno=113312,http://www.hellodd.com/news/articleView.html?idxno=113312
서울대학교,헬로디디,"""과학자가 AI와 함께 연구한다""···세계 석학 韓 집결",9월 27일부터 10월 1일까지 서울에서 '과학기술 AI'를 주제로 논문 220여편이 발표된다. 국제학술대회 'AI4Sci... 석차옥 서울대 화학부 교수는 AI를 활용한 화학·분자과학 연구 사례를 소개한다. 토마스 자카리아 AMD...,2026-09-28 18:40,http://www.hellodd.com/news/articleView.html?idxno=113316,http://www.hellodd.com/news/articleView.html?idxno=113316
서울대학교,부산일보,“동남권 AX 혁신 허브로” 부산대 양산캠 개발 탄력,최근 ‘서울대 10개 만들기’(S-TEN 프로젝트) 사업에 선정된 부산대학교가 양산캠퍼스 유휴부지에 ‘전략산업 AX연구캠퍼스’ 추진 계획을 밝힌 가운데 양산시도 태스크포스(TF)를 구성해 본격적으로 지원에 나섰다....,2026-09-28 18:38,https://www.busan.com/view/busan/view.php?code=2026092818353546736,https://n.news.naver.com/mnews/article/082/0001400223?sid=102
서울대학교,매일경제,“북한과 대화 어렵다” 역대 최고치…“통일 필요” 39%에 그쳐,서울대 통일평화연구원 ‘2026 통일의식조사’ ‘비핵화 불신’ 90.4%·‘北 통일의지 無’ 83.3% 북한 정권과... 28일 서울대 통일평화연구원의 ‘2026 통일의식조사’에 따르면 북한 정권을 향해 부정적 인식을 가진...,2026-09-28 18:36,https://www.mk.co.kr/article/12163014,https://n.news.naver.com/mnews/article/009/0005741030?sid=100
서울대학교,전남매일,화순전남대병원 ‘지역완결형 암 의료체계’ 구축 속도,"분당서울대학교병원(총괄연구책임자 김재용 의생명연구원장)을 비롯해 삼성서울병원, 국립암센터, 은평성모병원, 부산대학교병원 등이 함께하는 컨소시엄을 통해 대규모 암 의료데이터를 활용한 디지털헬스 기술...",2026-09-28 18:36,http://www.jndn.com/article.php?aid=1790587987440386014,http://www.jndn.com/article.php?aid=1790587987440386014
서울대학교,데일리굿뉴스,"[신간] 한국교회와 일본교회, '함께 걷는 선교'의 길을 묻다","홍석표 목사는 서울대학교와 장로회신학대학원, 트리니티 복음주의 신학대학원에서 공부했으며 현재 블레싱재팬 상임대표와 에브리데이처치 담임목사를 맡고 있다. 저자가 책을 통해 던지는 질문은 분명하다. 선교지에서...",2026-09-28 18:34,https://www.goodnews1.com/news/articleView.html?idxno=464624,https://www.goodnews1.com/news/articleView.html?idxno=464624
서울대학교,한국일보,"'통일 필요하다'는 국민 5명 중 겨우 2명…""현재가 좋다"" 역대 최고","28일 서울대 통일평화연구원의 '2026 통일의식조사' 결과에 따르면 통일이 '필요하다'는 응답은 39.0%로... 다만 서울대 통일평화연구원은 ""이는 일반적인 핵 보유에 대한 찬반을 물어본 결과로, 비용이나 외교적...",2026-09-28 18:33,https://www.hankookilbo.com/news/article/A2026092817360001439?did=NA,https://n.news.naver.com/mnews/article/469/0000956430?sid=102
고려대학교,오토데일리,"'출신대학 제한' 논란 한화에어로, 임원 서울대 출신 17명 최다·SKY 30%","한편, 한화에어로스페이스는 최근 내부 경력직 채용 지침에 서울·판교 근무자의 경우 서울대·연세대·고려대 등을 포함한 국내 11개 대학 출신을 대상으로 하고, 해외 대학은 세계대학 순위 100위 이내로 제한하는 내부...",2026-09-28 18:32,https://www.autodaily.co.kr/news/articleView.html?idxno=600751,https://www.autodaily.co.kr/news/articleView.html?idxno=600751
서울대학교,오토데일리,"'출신대학 제한' 논란 한화에어로, 임원 서울대 출신 17명 최다·SKY 30%","한편, 한화에어로스페이스는 최근 내부 경력직 채용 지침에 서울·판교 근무자의 경우 서울대·연세대·고려대 등을 포함한 국내 11개 대학 출신을 대상으로 하고, 해외 대학은 세계대학 순위 100위 이내로 제한하는 내부...",2026-09-28 18:32,https://www.autodaily.co.kr/news/articleView.html?idxno=600751,https://www.autodaily.co.kr/news/articleView.html?idxno=600751
연세대학교,오토데일리,"'출신대학 제한' 논란 한화에어로, 임원 서울대 출신 17명 최다·SKY 30%","한편, 한화에어로스페이스는 최근 내부 경력직 채용 지침에 서울·판교 근무자의 경우 서울대·연세대·고려대 등을 포함한 국내 11개 대학 출신을 대상으로 하고, 해외 대학은 세계대학 순위 100위 이내로 제한하는 내부...",2026-09-28 18:32,https://www.autodaily.co.kr/news/articleView.html?idxno=600751,https://www.autodaily.co.kr/news/articleView.html?idxno=600751
연세대학교,디지털타임스,“사전 국고투입”·“자동 재정 안정장치 도입”…연금개혁 토론회 개...,양재진 연세대학교 교수는 28일 국회에서 토론회 발제를 맡아 “현행 부분적립형 확정급여(DB) 연금체계의... 김학주 동국대학교 교수도 발제를 통해 “장기적인 연금 제도의 근본적 체질개선을 위해 기대여명과 재정상황을...,2026-09-28 18:32,https://www.dt.co.kr/article/12086244?ref=naver,https://n.news.naver.com/mnews/article/029/0003050282?sid=100
서울대학교,뉴스티앤티,"충남대병원, 한국형 ARPA-H 'Agentic AI' 의료현장 실증","주관연구개발기관은 서울대학교병원이며 충남대학교병원을 비롯해 강원대학교병원, 경북대학교병원, 건국대학교병원, 전북대학교병원, ㈜아크릴, 인프메딕스 주식회사가 공동연구개발기관으로 참여한다....",2026-09-28 18:32,https://www.newstnt.com/news/articleView.html?idxno=720436,https://www.newstnt.com/news/articleView.html?idxno=720436
서울대학교,디지털타임스,“사전 국고투입”·“자동 재정 안정장치 도입”…연금개혁 토론회 개...,"양재진 연세대학교 교수는 28일 국회에서 토론회 발제를 맡아 “현행 부분적립형 확정급여(DB) 연금체계의... 박준섭 전 서울대학교 총학생회장 직무대행은 “청년 세대가 의제 설정과 대안 설계, 검증 과정에 실질적으로...",2026-09-28 18:32,https://www.dt.co.kr/article/12086244?ref=naver,https://n.news.naver.com/mnews/article/029/0003050282?sid=100
서울대학교,STARTUPTODAY,"[현장] ""韓증시, 규칙 바꿨다면 행동도 변해야""…국내외 투자전문가 쓴...","조명현 고려대학교 경영대학 교수가 좌장을 맡아 자본시장 개혁의 성과와 향후 과제를 논의했다. ■ 제도 마련 넘어 '실행'으로…""이사회가 전체 주주 이익 살펴야"" 정준혁 서울대학교 법학전문대학원 교수는 지난 1년간...",2026-09-28 18:30,https://www.startuptoday.co.kr/news/articleView.html?idxno=814335,https://www.startuptoday.co.kr/news/articleView.html?idxno=814335
고려대학교,STARTUPTODAY,"[현장] ""韓증시, 규칙 바꿨다면 행동도 변해야""…국내외 투자전문가 쓴...","조명현 고려대학교 경영대학 교수가 좌장을 맡아 자본시장 개혁의 성과와 향후 과제를 논의했다. ■ 제도 마련 넘어 '실행'으로…""이사회가 전체 주주 이익 살펴야"" 정준혁 서울대학교 법학전문대학원 교수는 지난 1년간...",2026-09-28 18:30,https://www.startuptoday.co.kr/news/articleView.html?idxno=814335,https://www.startuptoday.co.kr/news/articleView.html?idxno=814335
서울대학교,이코노미톡뉴스,[분석] '금테크+IP'로 넓어진 게임 굿즈… 디아블로 금메달 '완판' 무슨...,"넥슨 관계자는 28일 이코노미톡뉴스에 ""메이플스토리는 2023년 한국조폐공사와의 협업으로 기념 메달을 한정 수량 발행했다""라며 ""판매 수익금 중 1억 원을 '서울대학교병원 넥슨어린이통합케어센터'에 기부했다""라고...",2026-09-28 18:28,http://www.economytalk.kr/news/articleView.html?idxno=424377,http://www.economytalk.kr/news/articleView.html?idxno=424377
연세대학교,지디넷코리아,"청소년 SNS·AI 과몰입 막으려면…""플랫폼 설계부터 안전하게""",이번 토론회는 상윤모 연세대 언론홍보영상학부 교수와 김나정 국회입법조사처 조사관보가 각각 발제를... AI 통제 문제 대두되나…서비스 특성별로 다른 규제 필요 이날 토론에서 윤영호 서울대학교 가정의학과 교수는...,2026-09-28 18:27,https://zdnet.co.kr/view/?no=20260928174826,https://n.news.naver.com/mnews/article/092/0002439014?sid=105
서울대학교,지디넷코리아,"청소년 SNS·AI 과몰입 막으려면…""플랫폼 설계부터 안전하게""","박정하·한지아 국민의힘 국회의원, 한국소비자연맹, 한국정보통신법학회는 28일 서울 영등포구... AI 통제 문제 대두되나…서비스 특성별로 다른 규제 필요 이날 토론에서 윤영호 서울대학교 가정의학과 교수는 사회가...",2026-09-28 18:27,https://zdnet.co.kr/view/?no=20260928174826,https://n.news.naver.com/mnews/article/092/0002439014?sid=105
서울대학교,조세일보,국민 39%만 “통일 필요”…“현재대로가 좋다” 역대 최고,28일 서울대 통일평화연구원의 '2026 통일의식조사'에 따르면 통일이 필요하다는 응답은 39.0%로 지난해 41.1%보다 2.1%p 낮아졌다. 2024년 36.9%에 이어 역대 두 번째로 낮은 수치다. 통일이 필요하지 않다는 응답은...,2026-09-28 18:26,http://www.joseilbo.com/news/news_read.php?uid=576453&class=32&grp=,https://n.news.naver.com/mnews/article/123/0002390937?sid=100
연세대학교,데일리포스트,"연세의료원, SAP ERP 시스템 안정적 운영 위해 리미니스트리트 택했다","연세의료원은 절감된 IT 예산을 의료 AI, 스마트병원, 디지털 헬스 플랫폼 구축 등 핵심 미래 사업에 집중 투입할 방침이다. 연세대학교의료원 디지털헬스실장은 ""유지보수 비용을 대폭 절감함과 동시에 신속한 기술...",2026-09-28 18:26,https://www.thedailypost.kr/news/articleView.html?idxno=115863,https://www.thedailypost.kr/news/articleView.html?idxno=115863
연세대학교,보안뉴스,"윤영석 위원장 ""연금개혁, 늦출 수 없는 국가적 과제""",양재진 연세대 교수는 국민연금 기금 고갈을 방치하는 부과식 구조 대신 일정 규모 기금을 유지하며... 청년 세대 대표로 나선 박준섭 전 서울대학교 총학생회 직무대행은 기성세대 중심의 일방향적 논의 구조를 꼬집었다....,2026-09-28 18:24,https://www.boannews.com/news/articleView.html?idxno=146064,https://www.boannews.com/news/articleView.html?idxno=146064
서울대학교,굿모닝경제,"대학생 선배들이 전하는 AI 활용 탐구법...와이즈교육, 'GAAT 서포터즈' ...","이러한 고민을 해결해 주기 위해 교육전문기업 '와이즈교육'이 서울대와 한양대 재학생 10명으로 구성된... 서울대학교 경영대학에 재학 중인 김연지 서포터즈는 ""고교 시절 막연하고 고민스러웠던 입시와 탐구 과정의...",2026-09-28 18:24,https://www.goodkyung.com/news/articleView.html?idxno=291795,https://www.goodkyung.com/news/articleView.html?idxno=291795
서울대학교,보안뉴스,"윤영석 위원장 ""연금개혁, 늦출 수 없는 국가적 과제""","청년 세대 대표로 나선 박준섭 전 서울대학교 총학생회 직무대행은 기성세대 중심의 일방향적 논의 구조를 꼬집었다. 최근 자체 설문조사를 인용해 응답자 69.7%가 국민연금 수령을 불신하고 있으며, 신구 연금 분리에...",2026-09-28 18:24,https://www.boannews.com/news/articleView.html?idxno=146064,https://www.boannews.com/news/articleView.html?idxno=146064
고려대학교,루키,"구민교의 금빛 복귀 바라본 김상준 감독 ""나도 아시안게임에서는 못 따...",성균관대학교는 28일 건국대학교 글로컬캠퍼스 체육관에서 열린 2026 KUSF 대학농구 U-리그 건국대학교와의... 아무래도 남아있는 경기들이 단국대와 고려대인데 두 팀 모두 끈질긴 학교다. 특히 고려대는 2위 싸움을 해야...,2026-09-28 18:21,http://www.rookie.co.kr/news/articleView.html?idxno=127420,https://m.sports.naver.com/basketball/article/398/0000103032
서울대학교,메트로신문,'정신건강복지' 한일 협력 20년 기념 심포지엄 10월15일 개최,"서울대학교 일본연구소는 청주정신건강센터와 공동으로 '정신건강복지 한일협력 20년: '당사자연구' 교류를 중심으로' 란 제목의 학술회의 및 당사자연구 교류회를 오는 10월15,16일 이틀간 서울 관악구 서울대학교...",2026-09-28 18:20,http://www.metroseoul.co.kr/article/20260928500589,http://www.metroseoul.co.kr/article/20260928500589
서울대학교,충청데일리,"충남대병원, 한국형 ARPA-H '헬스케어 Agentic AI' 공동연구기관 선정","주관연구개발기관은 서울대학교병원이며 충남대학교병원을 비롯해 강원대학교병원, 경북대학교병원, 건국대학교병원, 전북대학교병원, ㈜아크릴, 인프메딕스 주식회사가 공동연구개발기관으로 참여한다....",2026-09-28 18:20,https://www.ccdn.co.kr/news/articleView.html?idxno=1102080,https://www.ccdn.co.kr/news/articleView.html?idxno=1102080
고려대학교,스포츠조선,"고려대 안암병원, 권역응급의료센터 소아응급실 개소…소아응급진료 전...","특히 소아는 성인과 질환의 양상이나 증상 표현, 치료 과정이 다른 경우가 많아 연령과 상태를 고려한 세심한 진료가 중요하다. 이에 고려대 안암병원은 소아응급환자 전담전문의를 중심으로 초기 응급진료를 강화하고...",2026-09-28 18:19,https://www.sportschosun.com/life/2026-09-28/202609280100189250012465,https://n.news.naver.com/mnews/article/076/0004450473?sid=102
고려대학교,전남매일,망국의 설움 달랜 판소리 뒷이야기,"이태화 고려대학교 한국학연구소 연구교수(판소리학회 부회장)가 강의와 해설을 맡고 남원시립국악단 임현빈 악장과 김윤선 상임단원, 국가무형유산 판소리고법 이수자인 공도순이 무대에 올라 ‘춘향가’ 중...",2026-09-28 18:16,http://www.jndn.com/article.php?aid=1790586738440372115,http://www.jndn.com/article.php?aid=1790586738440372115
서울대학교,한국경제,"[단독] 서울대, 평창캠퍼스에 그린바이오 '씨' 뿌린다",서울대가 평창캠퍼스(사진)에 그린바이오 기업 재직자를 대상으로 한 대학원 계약학과를 신설한다. 농생명 분야 연구 인프라를 활용해 산업 현장에서 필요한 전문인력을 양성하기 위해서다. 28일 대학가에 따르면 서울대...,2026-09-28 18:13,https://www.hankyung.com/article/2026092802091,https://n.news.naver.com/mnews/article/015/0005336810?sid=102
연세대학교,뉴스웍스,"섹타나인, 한순욱 대표 선임…디지털·AI 기반 사업 경쟁력 강화","한 대표이사는 1974년생으로 연세대학교 경영학과를 졸업했으며 KPMG 컨설팅 매니저, 액센츄어 이사, 쿠팡 글로벌 FP&A 담당 등 폭넓은 경험을 쌓은 경영·재무 전문가다. 2017년 카카오페이에 합류해 2022년부터...",2026-09-28 18:12,https://www.newsworks.co.kr/news/articleView.html?idxno=854969,https://www.newsworks.co.kr/news/articleView.html?idxno=854969
연세대학교,디지털데일리,[부고] 신홍순 씨(전 LG패션 대표) 별세,"부친상, 정윤희 씨 시부상, 김영수(아모레퍼시픽 고문)·최원석 씨(에이원코리아 상무) 장인상 = 27일 오전 10시 50분, 연세대 용인세브란스병원 장례식장 특실, 발인 30일 오전 7시, 장지 충남 서천군 선영. 031-678-7600.",2026-09-28 18:08,https://www.ddaily.co.kr/page/view/2026092817193127772,https://n.news.naver.com/mnews/article/138/0002242878?sid=105
서울대학교,남도일보,브람스 낭만 완성할 바이올린·피아노의 대화,이번 연주회에는 서울예고와 서울대 음대를 거쳐 독일 하노버 국립음대 석사를 졸업한 피아니스트 김혜안이 합을 맞춘다. 국내외 유수 콩쿠르를 석권하고 현재 광주예중·창의예중·계원예중에서 후학을 양성 중인...,2026-09-28 18:08,https://www.namdonews.com/news/articleView.html?idxno=924617,https://www.namdonews.com/news/articleView.html?idxno=924617
고려대학교,FETV,[일양약품 재도약] ④'구관이 명관' 오너 3세 체제 힘 싣는다,고려대를 졸업하고 고려대 대학원에서 식품공학 석사과정을 마쳤으며 일양약품에서 43년간 근무했다. OTC사업본부 총괄본부장을 거쳐 현재는 생활건강사업본부를 맡고 있다. 구 전무의 합류로 사내이사들의 업무...,2026-09-28 18:06,https://www.fetv.co.kr/news/articleView.html?idxno=310846,https://www.fetv.co.kr/news/articleView.html?idxno=310846
서울대학교,조선비즈,"“규칙은 늘 그 자리에 있어야”…해외 큰손들, 韓 자본시장 정책 일관...","정준혁 서울대 법학전문대학원 교수는 이날 토론에서 “외국인 투자자들을 만나면 이런 제도 개선이 계속될 것 같으냐, 아니면 일시적인 것이냐는 질문을 많이 받는다”고 말했다. 그는 국내 개인투자자가 1500만명에...",2026-09-28 18:05,https://biz.chosun.com/stock/stock_general/2026/09/28/EMKQ4X6WY5EPPPXCYDNRTIAERQ/?utm_source=naver&utm_medium=original&utm_campaign=biz,https://n.news.naver.com/mnews/article/366/0001194841?sid=101
서울대학교,세계일보,“통일 필요없다” 돌아선 2030…“현재대로가 좋다” 역대 최고,서울대 통일의식조사…통일 필요성 39% 최저 / 자체 핵무장 찬성 61% 급등 대한민국 국민 10명 중 4명만이... 연합뉴스 서울대학교 통일평화연구원이 29일 발표를 앞두고 공개한 ‘2026 통일의식조사’ 결과에 따르면...,2026-09-28 18:02,https://www.segye.com/newsView/20260928515653?OutUrl=naver,https://n.news.naver.com/mnews/article/022/0004162373?sid=100
서울대학교,MBN,"""통일 필요하다""는 국민 39%뿐…""분단 유지"" 31.5% 역대 최고",서울대학교 통일평화연구원은 오늘(28일) 한국갤럽에 의뢰해 실시한 ‘2026 통일의식조사’ 결과를 발표했습니다. 통일이 ‘필요하다’는 응답은 39.0%로 지난해 41.1%보다 2.1%포인트 하락했습니다. 이는 2024년 36.9...,2026-09-28 18:01,http://mbn.mk.co.kr/pages/news/newsView.php?category=mbn00006&news_seq_no=5221861,https://n.news.naver.com/mnews/article/057/0001971048?sid=100
고려대학교,K스피릿,전통 음악과 연희극의 매력 뽐내는 무대 다채,고려대학교 국악연구회의 '북촌국악클럽'에서는 국악을 전공하지 않은 대학생들이 자발적으로 익혀온 음악을 북촌 거리에서 들려준다. 은덕문화원에서는 판소리의 미래를 이끌 어린 소리꾼 이승빈과 최이정이 한자리에...,2026-09-28 18:00,http://www.ikoreanspirit.com/news/articleView.html?idxno=87467,http://www.ikoreanspirit.com/news/articleView.html?idxno=87467
서울대학교,로이슈,"국내 연구진, 원자·빛 상호작용 계량화 이론 개발","28일 한국연구재단에 따르면 서울대 박남규·유선규 교수와 서울시립대 박현희 교수 연구팀은 원자와 빛의 결합 상태를 그래프로 표현하고, 약한 결합부터 매우 강한 결합까지 연속적으로 분석할 수 있는 수학적 방법을...",2026-09-28 18:00,http://www.lawissue.co.kr/view.php?ud=202609281758009262f4ab64559d_12,http://www.lawissue.co.kr/view.php?ud=202609281758009262f4ab64559d_12
서울대학교,세이프타임즈,지역정보개발원 원장에 우정민 전 KT 부사장,"우정민 원장은 서울대 산업공학과를 졸업하고 한국과학기술원에서 경영학 석사학위를 취득했다. 우 원장은 KT에서 차세대시스템개발단장, KOS서비스단장 등을 거쳐 KT DS 대표이사 사장과 KT 부사장을 역임했다. 주요...",2026-09-28 18:00,https://www.safetimes.co.kr/news/articleView.html?idxno=246055,https://www.safetimes.co.kr/news/articleView.html?idxno=246055
서울대학교,경남도민신문,"부산대 양산캠퍼스, 동남권 산업·AI 혁신 거점 육성","양산시는 부산대학교의 '서울대 10개 만들기(S-TEN) 프로젝트' 선정에 발맞춰, 부산대 양산캠퍼스 유휴부지를 동남권 산업·연구·AI 혁신을 선도하는 거점으로 조성하기 위한 대응에 본격 나선다. 부산대 양산캠퍼스...",2026-09-28 17:58,http://www.gndomin.com/news/articleView.html?idxno=490891,http://www.gndomin.com/news/articleView.html?idxno=490891
연세대학교,한국경제,"""국민연금 이대로면 20대 이하가 최대 피해…재정안정장치 도입해야""","이날 발제자로 나선 양재진 연세대 행정학과 교수는 “생산가능인구의 세금에 의존해 연금을 지급하는 국민연금, 기초연금은 저출생·고령화가 진행될수록 지속가능하지 않다”며 “국민연금 수급 개시연령은 2046년까지...",2026-09-28 17:56,https://www.hankyung.com/article/2026092801911,https://n.news.naver.com/mnews/article/015/0005336786?sid=101
고려대학교,경기신문,[프로필] 함영욱 경기남부경찰청 광역수사단장,"함 신임 단장은 1968년 전북 출생으로 동국대학교 경찰행정학과를 졸업하고 고려대학교 정보보호대학원에서 정보보호 박사학위를 받았다. 1995년 경찰간부후보생 43기로 경찰에 입문했으며, 2018년 총경에 이어 2025년...",2026-09-28 17:54,https://www.kgnews.co.kr/news/article.html?no=913235,https://www.kgnews.co.kr/news/article.html?no=913235
서울대학교,SR타임스,"윤영석 국회 연금특위 위원장, 연금 구조개혁 정책토론회 개최",구인회 서울대학교 교수가 좌장을 맡고 양재진 연세대학교 교수와 김학주 동국대학교 교수가 발제했다. 연금 전문가와 보건복지부·재정경제부·기획예산처 관계자 등이 토론에 참여했다. 토론에서는 국민연금의 장기...,2026-09-28 17:54,http://www.srtimes.kr/news/articleView.html?idxno=213413,http://www.srtimes.kr/news/articleView.html?idxno=213413
연세대학교,SR타임스,"윤영석 국회 연금특위 위원장, 연금 구조개혁 정책토론회 개최",구인회 서울대학교 교수가 좌장을 맡고 양재진 연세대학교 교수와 김학주 동국대학교 교수가 발제했다. 연금 전문가와 보건복지부·재정경제부·기획예산처 관계자 등이 토론에 참여했다. 토론에서는 국민연금의 장기...,2026-09-28 17:54,http://www.srtimes.kr/news/articleView.html?idxno=213413,http://www.srtimes.kr/news/articleView.html?idxno=213413
연세대학교,메트로신문,"윤영석 연금특위 위원장 ""지속가능한 연금 제도 만드는 것이 구조개혁 ...","토론회 좌장은 구인회 서울대학교 교수가 맡았으며, 양재진 연세대학교 교수와 김학주 동국대학교 교수가 주제발표에 나섰다. 지정토론에는 오건호 내가만드는복지국가 공동대표, 윤석명 한국보건사회연구원...",2026-09-28 17:52,http://www.metroseoul.co.kr/article/20260928500569,http://www.metroseoul.co.kr/article/20260928500569
서울대학교,프레시안,진보·보수 대북 불안감 역전…'통일 대신 분단 그대로' 응답 역대 최고,28일 서울대학교 통일평화연구원은 오는 29일 발표할 '2026 통일의식조사' 결과에서 이 같은 내용이... 서울대 통일평화연구원이 관련 조사를 처음 시작한 2007년의 '필요하지 않다'는 응답률은 15.1%였다. 이 때...,2026-09-28 17:52,https://www.pressian.com/pages/articles/2026092817495422741?utm_source=naver&utm_medium=search,https://n.news.naver.com/mnews/article/002/0002458534?sid=100
서울대학교,메트로신문,"윤영석 연금특위 위원장 ""지속가능한 연금 제도 만드는 것이 구조개혁 ...","윤 의원은 이날 오후 서울 여의도 국회 의원회관 제1소회의실에서 열린 '지속가능하고 공정한 연금제도를... 토론회 좌장은 구인회 서울대학교 교수가 맡았으며, 양재진 연세대학교 교수와 김학주 동국대학교 교수가...",2026-09-28 17:52,http://www.metroseoul.co.kr/article/20260928500569,http://www.metroseoul.co.kr/article/20260928500569
서울대학교,시사저널,"[인천24시] 인천시, '2028 G20 정상회의' 유치전 나서","그는 연세대 행정학과를 졸업한 뒤 서울대와 영국 엑시터대에서 각각 행정학 석사 학위를 취득했다. 김 부시장은 별도의 취임식을 생략하고, 곧바로 주요 시정 업무보고를 받는 등 본격적인 공식 업무에 돌입했다....",2026-09-28 17:51,https://www.sisajournal.com/news/articleView.html?idxno=388465,https://n.news.naver.com/mnews/article/586/0000139001?sid=102
서울대학교,이뉴스투데이,빛으로 계산하는 컴퓨터 개발 원리 밝혔다,박남규·유선규 서울대 전기정보공학부 교수 연구진은 박현희 서울시립대 전자전기컴퓨터공학부 교수 연구팀과 공동으로 원자와 빛의 상호작용을 연결망으로 해석하는 '자기(磁氣) 그래프' 이론을 정립했다고 28일...,2026-09-28 17:51,http://www.enewstoday.co.kr/news/articleView.html?idxno=2474787,http://www.enewstoday.co.kr/news/articleView.html?idxno=2474787
연세대학교,시사저널,"[인천24시] 인천시, '2028 G20 정상회의' 유치전 나서","그는 연세대 행정학과를 졸업한 뒤 서울대와 영국 엑시터대에서 각각 행정학 석사 학위를 취득했다. 김 부시장은 별도의 취임식을 생략하고, 곧바로 주요 시정 업무보고를 받는 등 본격적인 공식 업무에 돌입했다....",2026-09-28 17:51,https://www.sisajournal.com/news/articleView.html?idxno=388465,https://n.news.naver.com/mnews/article/586/0000139001?sid=102
서울대학교,데일리한국,국민 39%만 '통일 필요' 공감…2030은 20%대 불과,28일 연합뉴스에 따르면 서울대학교 통일평화연구원은 '2026 통일의식조사' 결과를 발표했다. 조사 결과 통일이 '필요하다'는 응답은 39%로 지난해 41.1%보다 2.1%포인트 하락했다. 반면 통일이 '필요하지 않다'는...,2026-09-28 17:50,https://daily.hankooki.com/news/articleView.html?idxno=1410148,https://daily.hankooki.com/news/articleView.html?idxno=1410148
서울대학교,데일리한국,"충남대병원, 'CHAIN' 공동연구개발기관 선정","주관연구개발기관은 서울대학교병원이며 충남대병원을 비롯해 강원대학교병원, 경북대학교병원, 건국대학교병원, 전북대학교병원, ㈜아크릴, 인프메딕스 주식회사가 공동연구개발기관으로 참여하며...",2026-09-28 17:50,https://daily.hankooki.com/news/articleView.html?idxno=1410084,https://daily.hankooki.com/news/articleView.html?idxno=1410084
서울대학교,매일경제,[단독] 국책연구기관 이름이 아깝다…AI환각 받아적고 “문제없음”,서울대도 지난 7월부터 낮은 신뢰도를 이유로 GPT킬러를 통한 AI 부정행위 적발을 중단했다. 경인사 등 일부 국책연구기관은 △AI 부정사용에 대한 현행 대응책 △AI 탐지 결과 부정사용 정황이 확인될 경우 조치...,2026-09-28 17:49,https://www.mk.co.kr/article/12162989,https://n.news.naver.com/mnews/article/009/0005741012?sid=100
연세대학교,매일경제,"""국민연금에 반도체 초과세수 활용을 … 초기 투입땐 복리효과 극대화""","양재진 연세대 행정학과 교수는 발제를 통해 국민연금 기금이 고갈되기 전에 국고를 미리 투입하고 미래대응기금을 기초연금 재정으로 활용하자고 제안했다. 양 교수는 ""초기에 대규모 자본을 집중 투입하면 국민연금...",2026-09-28 17:48,https://www.mk.co.kr/article/12162976,https://n.news.naver.com/mnews/article/009/0005741002?sid=101
고려대학교,대전일보,정부 '교육혁신선도지역' 경쟁 본격화…충청권 거머쥘까,"세종은 고려대 세종캠퍼스·세종테크노파크 등과 협력체계를 꾸렸다. 충남은 천안을 제외한 14개 시군이 공모를 준비한다. 당진은 지역산업 맞춤형 인재 양성, 논산은 소규모학교 혁신과 지역 대학·특화산업 연계 등...",2026-09-28 17:47,https://www.daejonilbo.com/news/articleView.html?idxno=2303807,https://n.news.naver.com/mnews/article/656/0000187971?sid=102
고려대학교,한국일보,"AI 위험 공감대 넘어 실제 통제로… ""기존 고위험 기술 체계에서 해법을...",이상근 고려대 인공지능학과 교수는 “자기 제품을 신뢰할 수 있다 해도 완벽하게 믿을 수는 없다”며 독립적인 안전·신뢰성 평가의 필요성을 강조했다. 국제 규제가 민간기업을 통제할 수 있겠느냐는 회의론도 있다....,2026-09-28 17:47,https://www.hankookilbo.com/news/article/A2026092816230002602?did=NA,https://n.news.naver.com/mnews/article/469/0000956420?sid=105
서울대학교,매일경제,이상기 아시아엔 발행인  북토크 29일 프레스센터,"이상기 아시아엔 발행인(전 한국기자협회장)이 29일 오후 3시 서울 중구 한국프레스센터 20층 프레스클럽에서... 대사를 지낸 홍진욱 고려대 연구위원의 강평, 이상묵 서울대 교수의 2027 지구과학올림픽 소개가 이어진다.",2026-09-28 17:46,https://www.mk.co.kr/article/12162953,https://n.news.naver.com/mnews/article/024/0000108545?sid=102
연세대학교,MTN 머니투데이방송,의료AI 핵심 열쇠 '디지털헬스케어법'…4년 표류에도 찬반 팽팽,[박유랑 / 연세대 교수: 핀란드든 유럽이든 여러 국가를 보면 이런 데이터 활용에 관련된 관련된 법이 이미 만들어서 적용해서 성과를 보여주는 데도 있어서 사실 한국 입장에서는 조금 늦은 편이기도 하고 이번에는 꼭...,2026-09-28 17:46,https://news.mtn.co.kr/news-detail/2026092815573380395,https://news.mtn.co.kr/news-detail/2026092815573380395
고려대학교,더퍼스트미디어,"고려대 안암병원, 소아응급진료 체계 강화…권역응급센터 내 소아응급실...","기획실장 고려대학교 안암병원이 소아응급환자 진료체계를 강화하기 위해 권역응급의료센터 내... 소아응급실은 권역응급의료센터 내에서 소아환자의 연령과 상태를 고려한 응급진료를 제공하고, 필요한 경우...",2026-09-28 17:46,http://www.thefirstmedia.net/news/articleView.html?idxno=209622,http://www.thefirstmedia.net/news/articleView.html?idxno=209622
고려대학교,매일경제,이상기 아시아엔 발행인  북토크 29일 프레스센터,"행사에서는 책 소개에 이어 인도·베트남·시리아·이란·튀르키예·우즈베키스탄·네팔 등에서 온 참석자들의 현지 이야기, 이집트·싱가포르 대사를 지낸 홍진욱 고려대 연구위원의 강평, 이상묵 서울대 교수의 2027...",2026-09-28 17:46,https://www.mk.co.kr/article/12162953,https://n.news.naver.com/mnews/article/024/0000108545?sid=102
연세대학교,매일경제,"[매경이코노미스트] 조사방해엔 채찍, 협조엔 당근","조사협조 감경을 단순한 특혜로 볼 것이 아니라 법 집행의 효율성을 높이는 장치로 본다면, 감경을 줄이는 것이 과연 최적의 선택인지 고민이 필요하다. [김형배 법무법인 율촌 고문, 연세대 법무·경제대학원 겸임교수]",2026-09-28 17:46,https://www.mk.co.kr/article/12162952,https://n.news.naver.com/mnews/article/009/0005740984?sid=110
서울대학교,인터뷰365,"피아니스트 정상욱, 내달 3일 독주회...슈베르트·뒤티외 작품 한 무대에","피아니스트 정상욱은 예원학교를 거쳐 서울예고에 입학한 직후 만 16세에 오스트리아 빈으로 유학, 빈... 독일 자브뤼켄 국립음대에서 피아노 최고연주자과정과 실내악 석사과정을 복수 전공했으며, 귀국 후 서울대...",2026-09-28 17:42,http://www.interview365.com/news/articleView.html?idxno=112162,http://www.interview365.com/news/articleView.html?idxno=112162
서울대학교,전북일보,"국감 D-7…전북 의원 10명, ‘현안 릴레이’로 정부 답변 끌어낼까",교육위원회와 운영위원장을 맡은 한병도 의원은 전북대의 ‘서울대 10개 만들기’ 후속 선정과 대통령실의 3대 메가프로젝트 후속 투자계획을 각각 확인할 수 있다. 재정경제기획위원회 이춘석 의원은 새만금·피지컬AI...,2026-09-28 17:42,https://www.jjan.kr/article/20260928500461,https://www.jjan.kr/article/20260928500461
서울대학교,파이낸스투데이,"카카오, 인적분할 앞두고 공동의장 체제···김도영 합류",김도영 내정자는 1975년생으로 서울대 항공우주공학과를 졸업하고 서울대 경영전문대학원에서 MBA를 취득했다. 삼성SDS와 삼성증권을 거쳐 코오롱모빌리티그룹 최고재무책임자(CFO)를 지냈다. 지난해부터...,2026-09-28 17:42,http://www.finomy.com/news/articleView.html?idxno=262383,http://www.finomy.com/news/articleView.html?idxno=262383
서울대학교,제민일보,[사설] 정책 불신 자초한 '서울대 10개 만들기',제주대학교가 정부의 서울대 10개 만들기 패키지 지원사업에서 제외되자 후폭풍이 만만치 않다. 정부는 지역 균형 성장 정책 일환으로 제주대를 포함한 지방거점국립대 9개교를 서울대 수준의 경쟁력을 갖춘 대학으로...,2026-09-28 17:42,https://www.jemin.com/news/articleView.html?idxno=843509,https://www.jemin.com/news/articleView.html?idxno=843509
서울대학교,뉴시스,대금·가야금 두 악기로 비워낸 영산회상…이결 '가즌회상',"대금 연주가 이결은 서울대 국악과 및 동 대학원 석·박사 과정을 마치고 국가무형유산 종묘제례악과 대금정악, 서울시무형유산 삼현육각 이수자로 활동 중이다. 공연은 오는 10월 1일 오후 7시 30분 서울 서초동...",2026-09-28 17:42,https://www.newsis.com/view/NISX20260928_0003805864,https://n.news.naver.com/mnews/article/003/0014218763?sid=103
연세대학교,NC,[뉴컬 MICE] 아시아 큐레이터 서울 집결… '공동체·영성·이주'로 동시...,"철학자 한병철, 나카지마 다카히로 도쿄대 동양문화연구소 교수, 김현미 연세대 문화인류학과 교수가 기조연사로 나선다. 나카지마 교수는 중국철학과 동아시아 비교철학, 세계철학을 연구해 온 학자다. 동아시아...",2026-09-28 17:40,https://www.nc.press/news/articleView.html?idxno=627333,https://www.nc.press/news/articleView.html?idxno=627333
서울대학교,서울경제,文정부 220조 뉴딜…줄줄이 좌초,한국재정학회장을 지낸 홍종호 서울대 환경대학원장은 “우리나라는 정권이 바뀔 때마다 이전 정부 사업의 연속성이 떨어지는 문제가 반복돼왔다”며 “과거 정부가 추진한 사업이라고 일괄적으로 중단하기보다 성과와...,2026-09-28 17:40,https://www.sedaily.com/article/20095694?ref=naver,https://n.news.naver.com/mnews/article/011/0004666057?sid=101
연세대학교,중앙일보,"연세대, 에너지·기후·환경 국제심포지엄 ‘YGIS2026’ 개최","행사에는 이원용 연세대 연구부총장과 홍종일 G-램프 사업단장, 최형준 G-FRIS 연구원장, 권상훈 이과대학장을 비롯해 체코 과학아카데미 물리학연구소, 미국 UCLA·신시내티대, 독일 슈투트가르트대, 중국 지린대...",2026-09-28 17:40,https://www.joongang.co.kr/article/25465291,https://n.news.naver.com/mnews/article/025/0003554246?sid=102
고려대학교,팝콘뉴스,"고려대, '제12회 Next Intelligence Forum] 개최..스스무 기타가와 석좌교...","특히, 이날은 기타가와 교수의 고려대 KU-KIST융합대학원 석좌교수 임용을 기념하는 행사이기도 하다. 한편, 다공성 금속-유기 골격체(MOF/PCP) 연구를 개척한 세계적 화학자 기타가와 교수는 금속-유기...",2026-09-28 17:40,http://www.popcornnews.net/news/articleView.html?idxno=134232,http://www.popcornnews.net/news/articleView.html?idxno=134232
연세대학교,스마트비즈엔,섹타나인 새 수장에 카카오페이 COO 출신 한순욱···'AI 플랫폼 기업'...,"1974년생인 한 대표는 연세대학교 경영학과를 졸업한 뒤 컨설팅과 이커머스, 핀테크 업계를 두루 거쳤다. 2007년부터 베어링포인트·KPMG 컨설팅에서 매니저로 근무했으며 2011년 액센츄어로 자리를 옮겨 제조·유통...",2026-09-28 17:40,https://www.smartbizn.com/news/articleView.html?idxno=155005,https://www.smartbizn.com/news/articleView.html?idxno=155005
서울대학교,서울신문,"박상현 경기도의원, 차세대융합기술연구원 출연금 형평성 문제 제기..기...","관련 자료에서는 경기연구원은 정책연구, 경기도경제과학진흥원은 기업지원, 경기테크노파크는 중소기업 기술고도화 등을 주요 기능으로 하는 반면, 차세대융합기술연구원은 서울대의 연구역량과 경기도의 산업...",2026-09-28 17:39,https://www.seoul.co.kr/news/publicnews/local_govern/kyungki_do/2026/09/28/20260928500227?wlog_tag3=naver,https://n.news.naver.com/mnews/article/081/0003684087?sid=102
서울대학교,뉴시스,"삼일PwC ""이사 '몰랐다'해도 면책 안돼…내부통제 작동해야""","정준혁 서울대 법학전문대학원 교수가 '이사의 법적 책임, 알고 대비하기'를 주제로 기고했다. 정 교수는 기고문에서 이사가 직접 업무를 수행하거나 이사회 안건을 검토·결정할 때 '경영판단의 원칙'에 유의해야 한다고...",2026-09-28 17:38,https://www.newsis.com/view/NISX20260928_0003805899,https://n.news.naver.com/mnews/article/003/0014218752?sid=101
서울대학교,메트로신문,"'AI활용 학습법, 대학생 선배에게 물어봐'… 와이즈교육, 서포터즈 출범","서울·한양대생 10명, 학습경험 GAAT프로그램 통해 전수 생성형 AI 활용·교과연계 탐구 방법 등 전파하는... 와이즈교육은 28일 서울대학교와 한양대학교 등의 재학생 10명을 'GAAT 대학생 서포터즈'로 선발하고 본격적인...",2026-09-28 17:38,http://www.metroseoul.co.kr/article/20260928500552,http://www.metroseoul.co.kr/article/20260928500552
연세대학교,동아사이언스,"한국에 손내민 佛 양자컴 기업…""아시아 제조·연구 거점으로""","KAIST 양자대학원에 교육과정을 제공해 인력 양성에도 기여한다는 방침이다. 또 한국생명공학연구원과는... 이외에도 한국표준과학연구원, 서울대, 연세대 등이 국내 협력기관으로 지목됐다. 현재 3명인 콴델라코리아...",2026-09-28 17:37,https://www.dongascience.com/news/view/80079,https://n.news.naver.com/mnews/article/584/0000039476?sid=105
서울대학교,동아사이언스,"한국에 손내민 佛 양자컴 기업…""아시아 제조·연구 거점으로""","최근 서울시가 양자컴퓨팅 클러스터로 선정되면서 제조·시스템 분야까지 포함하는 방향으로 협력 내용을 구체화하고 있다""고 말했다. 이외에도 한국표준과학연구원, 서울대, 연세대 등이 국내 협력기관으로...",2026-09-28 17:37,https://www.dongascience.com/news/view/80079,https://n.news.naver.com/mnews/article/584/0000039476?sid=105
연세대학교,아이티데일리,"[AI 브리프] ""아시아 산업계 AI 도입 가속…인력 역량·전문지식 부족 과...","리미니스트리트, 연세의료원 SAP ERP 유지보수 지원 리미니스트리트는 연세대학교의료원이 SAP ERP 시스템의 안정적인 운영과 IT 투자 효율성 강화를 위해 '리미니 서포트'를 도입했다고 28일 밝혔다. 연세의료원은 SAP ECC 6....",2026-09-28 17:36,https://www.itdaily.kr/news/articleView.html?idxno=241851,https://www.itdaily.kr/news/articleView.html?idxno=241851
서울대학교,이데일리,원자력연 원장에 정우식 교수···전기연 원장에 강상희 교수 선임,(사진=국가과학기술연구회) 정우식 원자력연 원장은 서울대에서 원자핵공학 학사를 받으누디 KAIST에서... 강상희 전기연 원장은 서울대에서 전기공학 학·석·박사 학위를 취득했다. 1994년 명지대 전기전자공학부...,2026-09-28 17:35,https://www.edaily.co.kr/News/Read?newsId=03926166645584712&mediaCodeNo=257&utm_source=naver&utm_medium=referral&utm_campaign=news_syndication&utm_content=original_article,https://n.news.naver.com/mnews/article/018/0006376548?sid=105
연세대학교,뉴스투데이,[오늘의 부고 : 9월 28일] 신홍순(전 LG패션 대표이사·제19대 예술의전...,"50분, 연세대 용인장례식장 특실, 발인 30일 오전 7시. ☎ 031-678-7600 ▲ 조정원(세계태권도연맹 총재)씨 부인 이유경씨 별세 = 27일, 강동경희대학교병원 장례식장 12호실, 발인 30일 오전 7시. ☎ 02-440-8800...",2026-09-28 17:34,https://www.news2day.co.kr/article/20260928500258,https://www.news2day.co.kr/article/20260928500258
서울대학교,머니투데이,"매직에꼴, S 그룹사 PM 대상 협업 AI 적용 교육 'AI4PM' 성료",이번 교육은 서울대학교 공과대학 EPM(엔지니어링프로젝트매니지먼트) 과정과 엔에프엔(NFN)이 협력해 추진한 기업 맞춤형 프로그램이다. 매직에꼴은 AI4PM의 △교육 설계 △강의 △실습 △멘토링을 맡아...,2026-09-28 17:34,https://www.mt.co.kr/industry/2026/09/28/2026092815020169062,https://n.news.naver.com/mnews/article/008/0005419239?sid=101
고려대학교,톱데일리,"상상인그룹, 일상에서 ESG 실천 이어간다",고려대 연구팀 조사에 따르면 지원 뒤 이동 독립성이 13.5%에서 93.5%로 높아진 것으로 나타났다. 아카데미상상인 음악교육과 상상휠하모니 오케스트라는 이동 지원에 그치지 않고 아이들이 무대에 서서 자신감과...,2026-09-28 17:34,https://www.topdaily.kr/articles/112120,https://www.topdaily.kr/articles/112120
고려대학교,더팩트,이지성 전북도 행정부지사 취임…이원택 지사와 10여년 만에 '한솥밥',"이 부지사는 전북 고창 출신으로 전주고와 고려대 행정학과를 졸업했다. 지방고시 4회로 공직에 입문한 뒤 전주시 덕진구청장, 전북도 문화체육관광국장, 전북도의회 사무처장 등을 지냈다. 이후 국무조정실...",2026-09-28 17:33,https://news.tf.co.kr/read/national/2370397.htm,https://n.news.naver.com/mnews/article/629/0000537394?sid=102
고려대학교,전자신문,"'잊지 못할 추억'…온앤오프, 日 팬미팅 성황리 마무리","앞으로도 좋은 음악과 무대로 보답하겠다""고 소감을 전했다. 한편 온앤오프는 오는 10월 17일 서울 고려대학교 화정체육관에서 열리는 'HEARTBEAT BY DUDUDO 2026' 무대에 올라 국내 팬들과 만남을 이어갈 예정이다.",2026-09-28 17:33,https://www.etnews.com/20260928000377,https://n.news.naver.com/mnews/article/030/0003470483?sid=103
서울대학교,한국원자력신문,한국원자력연구원 신임 원장 정우식 세종대 교수 선임,국가과학기술연구회(이사장 김영식)는 28일 개최한 제249회 임시 이사회에서 정우식 세종대학교 양자원자력공학과 교수를 한국원자력연구원 원장으로 선임했다고 밝혔다. 정우식 신임 원장은 서울대학...,2026-09-28 17:32,http://www.knpnews.com/news/articleView.html?idxno=34578,http://www.knpnews.com/news/articleView.html?idxno=34578
연세대학교,이코노미톡뉴스,"[주목 e-제약] 100년 유한양행's 국산 R&D 저력…""안티푸라민·레바넥스...","행사에는 조욱제 대표이사, 김열홍 R&D 총괄 사장, 물질 발굴을 주도한 제노스코 고종성 박사, 임상 연구를 이끈 연세대 세브란스병원 조병철 교수, J&J Korea 크리스챤 사장 및 글로벌 임원진 등이 참석했다. 행사는...",2026-09-28 17:30,http://www.economytalk.kr/news/articleView.html?idxno=424378,http://www.economytalk.kr/news/articleView.html?idxno=424378
서울대학교,매일일보,"남양주시, '자녀를 위한 N개의 지혜' 학부모 특강 운영","강연은 10월 22일과 26일, 27일 총 3회에 걸쳐 진행되며 신종호 서울대 교수, 이경상 전 카이스트 교수, 김민식 연세대 교수가 연사로 나선다. 참가 신청은 10월 1일부터 정원 마감 시까지 받는다. 관내 초·중·고 학부모를...",2026-09-28 17:30,https://www.m-i.kr/news/articleView.html?idxno=1418643,https://www.m-i.kr/news/articleView.html?idxno=1418643
서울대학교,코메디닷컴,“‘공부 잘하는 약’ 따로 없다”⋯ADHD 치료제 오남용 주의,"해당 작품에서 현민 엄마는 아들을 서울대 의대에 보내기 위해 학업에 지나치게 개입하다가 온라인을 통해 ADHD 치료제를 구하게 된다. '공부 잘하는 약', '집중력을 높여주는 약'으로 소개받은 약을 복용한 현민은...",2026-09-28 17:30,https://kormedi.com/?p=2874370,https://n.news.naver.com/mnews/article/296/0000105336?sid=103
연세대학교,매일일보,"남양주시, '자녀를 위한 N개의 지혜' 학부모 특강 운영","강연은 10월 22일과 26일, 27일 총 3회에 걸쳐 진행되며 신종호 서울대 교수, 이경상 전 카이스트 교수, 김민식 연세대 교수가 연사로 나선다. 참가 신청은 10월 1일부터 정원 마감 시까지 받는다. 관내 초·중·고 학부모를...",2026-09-28 17:30,https://www.m-i.kr/news/articleView.html?idxno=1418643,https://www.m-i.kr/news/articleView.html?idxno=1418643
고려대학교,MHN스포츠,"스카이입시교육학원, 연세대·중앙대 등 10월 파이널 논술특강 모집","기출문제와 대학별 유형을 활용해 실전 문제풀이와 첨삭을 진행하고, 시험을 앞둔 수험생들이 답안 작성 과정과 주요 출제 유형을 점검할 수 있도록 할 예정이다. 의약학계열 논술 과정도 운영한다. 고려대(세종)...",2026-09-28 17:30,https://www.mhns.co.kr/news/articleView.html?idxno=761972,https://www.mhns.co.kr/news/articleView.html?idxno=761972
연세대학교,MHN스포츠,"스카이입시교육학원, 연세대·중앙대 등 10월 파이널 논술특강 모집","과학논술은 유홍선 과학논술팀장을 중심으로 연세대 통합·과학논술을 비롯해 경희대, 아주대, 경북대 등 대학별 전형에 맞춰 생명과학·화학·물리학 논술을 대비한다. 인문계열은 노환기 논술원장팀, 사회·상경계열은...",2026-09-28 17:30,https://www.mhns.co.kr/news/articleView.html?idxno=761972,https://www.mhns.co.kr/news/articleView.html?idxno=761972
연세대학교,뉴스핌,생산인구1명 노인 1명 부양 시대 온다…퇴직연금 준공적연금화 '시급',"양재진 연세대 행정학과 교수가 발표한 내용에 따르면, 2022년 생산연령인구 4.1명은 노인 1명을 부양한다. 그러나 46년 뒤인 2072년 생산연령인구 1명이 부양해야 하는 노인은 1명이다. 전문가들은 우리나라 국민연금 체계가...",2026-09-28 17:30,https://www.newspim.com/news/view/20260928001031,https://www.newspim.com/news/view/20260928001031
고려대학교,JTBC,"""18년 전 규제가 아직도""…'방송 소유 규제 개선' 한 목소리","방식이 고려돼야 한다”고 말했습니다. 고려대 미디어학부 이헌율 교수는 ""방송산업과 공공성은 대치 개념이 아닌 동반 관계로 보고 방송법 개정을 추진해야 한다""며 ""국내 기업들이 이미 글로벌 기업과 경쟁 중인 만큼...",2026-09-28 17:26,https://news.jtbc.co.kr/article/NB12320355?influxDiv=NAVER,https://n.news.naver.com/mnews/article/437/0000513070?sid=100
서울대학교,경남도민일보,경남 암환자 절반 이상 지역 밖에서 수술…자체충족률 44.6%,"이른바 서울 '빅5 병원'인 서울대학교병원, 삼성서울병원, 서울아산병원, 세브란스병원, 서울성모병원에서... 박 의원은 환자와 가족의 부담을 덜도록 국립대학교병원을 중심으로 지역에서 암 진단과 치료를 받을 수...",2026-09-28 17:26,https://www.idomin.com/news/articleView.html?idxno=2015806,https://www.idomin.com/news/articleView.html?idxno=2015806
연세대학교,투데이코리아,"[투코현장] 본격화된 연금 구조개혁 논의···전문가들 ""사전국고투입...","투데이코리아=이기봉 기자 | ""기금이 고갈되지 않기 위해 사전 국고를 투입하고, 운용수익률 상한선을 높이고, 수급개시연령을 상향할 필요가 있다"" 양재진 연세대 행정학과 교수는 28일 국회 의원회관에서 열린...",2026-09-28 17:26,https://www.todaykorea.co.kr/news/articleView.html?idxno=406559,https://www.todaykorea.co.kr/news/articleView.html?idxno=406559
고려대학교,불교신문,'맑고 향기로운 무소유 근본도량'에서 문화외교 펼쳐진다,"문화예술계와 의료계에서는 최종태 조각가, 김종화 갤러리 대표, 최소은 가나아트 관계자, 준초이 사진작가 부부, 장영미 스페이스 노멀 관장, 문봉선 화백 부부, 김창덕 고려대학교병원 교수, 김혜진 고려대학교병원...",2026-09-28 17:22,http://www.ibulgyo.com/news/articleView.html?idxno=442661,http://www.ibulgyo.com/news/articleView.html?idxno=442661
서울대학교,부산일보,"NST, 강상희 전기연구원장·정우식 원자력연구원장 선임","원장은 서울대학교에서 1987년 원자핵공학 학사, 한국과학기술원(KAIST)에서 1989년 원자력공학 석사, 1993년 원자력공학 박사를 취득했다. 한국원자력연구원 책임연구원으로 근무했으며, 2014년 세종대학교...",2026-09-28 17:22,https://www.busan.com/view/busan/view.php?code=2026092817014755216,https://n.news.naver.com/mnews/article/082/0001400174?sid=101
서울대학교,뉴스웍스,"""자본효율성·주주환원 개선해야""…민관 합동 자본시장 선진화 로드맵 ...","28일 금융위원회와 한국거래소는 서울 중구 더그랜드롯데 서울에서 '코리아 프리미엄 위크 2026'을 개최했다.... 정준혁 서울대학교 법학전문대학원 교수는 ""이사의 충실 의무 도입 이후 계열사 간 조직 개편의 경우...",2026-09-28 17:20,https://www.newsworks.co.kr/news/articleView.html?idxno=854954,https://www.newsworks.co.kr/news/articleView.html?idxno=854954
서울대학교,경기일보,통일 필요성 공감 ‘역대 최저’…2030세대 ‘거부감’ 뚜렷,서울대학교 통일평화연구원은 28일 이 같은 내용을 담은 ‘2026 통일의식조사’ 결과를 발표했다. 이번 조사는 한국갤럽에 의뢰해 지난 7월부터 26일까지 전국 성인 남녀 1천 200명을 대상으로 방문 면접조사...,2026-09-28 17:20,https://www.kyeonggi.com/article/20260928580520,https://n.news.naver.com/mnews/article/666/0000125199?sid=102
서울대학교,교수신문,원자력연구원장에 정우식 교수·전기연구원장에 강상희 교수 발탁,정우식 신임 원장은 서울대 원자핵공학과를 졸업한 뒤 한국과학기술원(KAIST)에서 원자력공학 석·박사... 강상희 신임 원장은 서울대 전기공학과를 졸업하고 동 대학원에서 전기공학 석·박사 학위를 받았다. 1994년...,2026-09-28 17:20,https://www.kyosu.net/news/articleView.html?idxno=210747,https://www.kyosu.net/news/articleView.html?idxno=210747
고려대학교,교수신문,"""기관 전문성·정체성 말살 졸속 개혁""… 학계, 한중연·고전번역원·동...","한국고대사학회, 역사학회, 한국고전번역학회, 한국서지학회 등 국내외 85개 학회 및 연구소는 28일 서울 성북구 고려대 문과대학에서 기자회견을 열고 동북아역사재단, 한국학중앙연구원, 한국고전번역원을 통합하려는...",2026-09-28 17:20,https://www.kyosu.net/news/articleView.html?idxno=210744,https://www.kyosu.net/news/articleView.html?idxno=210744
서울대학교,머니투데이,"팀 뮤직스케이프, 10월 30일 국립아시아문화전당서 '치유의 밤' 공연","최인은 서울대 음악대학을 졸업하고 벨기에와 독일에서 수학했다. 현재 팀 뮤직스케이프 총감독으로 한국의 전통과 자연, 동시대의 삶에서 출발한 창작음악을 선보이고 있다. 이번 공연은 관객이 음악과 이미지...",2026-09-28 17:18,https://www.mt.co.kr/industry/2026/09/28/2026092813382742035,https://n.news.naver.com/mnews/article/008/0005419221?sid=101
서울대학교,중도일보,"[풍경소리] 장동혁, 대권 주자인가?","장동혁 대표는 1969년 충남 보령에서 태어나 서울대 사범대 불어교육과를 나왔고, 행정고시와 사법시험 모두... /강병호 배재대학교 미디어콘텐츠학과 교수 ※이 글은 해당 필자의 개인적인 의견으로 중도일보의 편집...",2026-09-28 17:18,https://www.joongdo.co.kr/web/view.php?key=20260928010008074,https://www.joongdo.co.kr/web/view.php?key=20260928010008074
연세대학교,한국강사신문,"인천시, 바이오·반도체·UAM 미래산업 조명…중국어 소식지 '인천지창...",연세대학교 국제캠퍼스 중어중문학과 학생이 전하는 중국 관련 이야기를 담은 '글로벌 리포트'도 마련해 산업·경제 분야뿐 아니라 인천의 문화와 시민들의 일상을 함께 살펴볼 수 있도록 했다. 독자들이 직접 참여할 수...,2026-09-28 17:16,https://www.lecturernews.com/news/articleView.html?idxno=211243,https://www.lecturernews.com/news/articleView.html?idxno=211243
서울대학교,메디파나뉴스,수술 일정부터 환자확인까지…'Agentic AI' 병원 업무에 적용,"충남대학교병원은 보건복지부와 한국보건산업진흥원이 추진하는 '2026년 한국형 ARPA-H 프로젝트'의... 서울대학교병원이 연구를 주관하며 충남대병원과 강원대병원, 경북대병원, 건국대병원, 전북대병원, 아크릴...",2026-09-28 17:16,https://www.medipana.com/news/articleView.html?idxno=418356,https://www.medipana.com/news/articleView.html?idxno=418356
서울대학교,뉴스1,"인공지능협회·디지털헬스학회, 시스템 보건의료 AI 포럼 출범 맞손",한국인공지능협회와 대한디지털헬스학회는 다음 달 2일 오후 서울 글래드호텔 여의도에서 '시스템 보건의료 AI 포럼 발대식'을 연 뒤 포럼을 출범한다고 28일 밝혔다. 학회 부이사장을 맡고 있는 김현정 서울대 치과대학...,2026-09-28 17:15,https://www.news1.kr/bio/healthcare/6303604,https://n.news.naver.com/mnews/article/421/0009196021?sid=103
서울대학교,아시아경제,"화순전남대병원, 342억 규모 국가 R&D사업 참여","분당서울대학교병원(총괄연구책임자 김재용 의생명연구원장)을 비롯해 삼성서울병원, 국립암센터, 은평성모병원, 부산대학교병원 등이 함께하는 컨소시엄을 통해 대규모 암 의료데이터를 활용한 디지털헬스 기술...",2026-09-28 17:15,https://view.asiae.co.kr/article/2026092816535425390,https://n.news.naver.com/mnews/article/277/0005821699?sid=102
서울대학교,연합뉴스,통일 필요하다는 국민 39% 불과…'현재대로가 좋다' 역대 최고(종합),6%…자체 핵무장 찬성도 역대 최고 (서울=연합뉴스) 윤민혁 기자 = 통일이 필요하다고 생각하는 국민이... 서울대학교 통일평화연구원은 오는 29일 '2026 통일의식조사' 결과를 발표한다고 28일 밝혔다. 이번 조사는...,2026-09-28 17:12,https://www.yna.co.kr/view/AKR20260928111351004?input=1195m,https://n.news.naver.com/mnews/article/001/0016341627?sid=102
서울대학교,중앙일보,[단독] 육영수 보좌 비서관 “‘암살자들’ 朴악마화…상영금지 가처분...,"74년 8월 15일 문세광의 총탄을 맞고 서울대 병원에 실려 온 육 여사의 심폐소생을 위해 발목을 부여잡다가, 사실상의 임종을 지켜본 사람이 김 전 비서관이다. 당시 34세 청년이었다. 이 인터뷰는 중앙일보 홈과 유튜브의...",2026-09-28 17:11,https://www.joongang.co.kr/article/25465278,https://n.news.naver.com/mnews/article/025/0003554237?sid=100
서울대학교,경북일보,"황일순 서울대 명예교수, 울진서 AI 시대 원전도시 미래 강연","""AI 시대를 맞아 급변하는 세계 에너지 시장에서 국내 최대 원전 운영 지역인 울진은 어떤 기회를 잡아야 할까"" 울진군은 오는 10월 8일 오후 5시 군청 대회의실에서 황일순 서울대학교 원자핵공학과 명예교수를 초청해...",2026-09-28 17:10,https://www.kyongbuk.co.kr/news/articleView.html?idxno=4085578,https://www.kyongbuk.co.kr/news/articleView.html?idxno=4085578
서울대학교,디지털데일리,"한국지역정보개발원, 신임 원장에 우정민 前 KT 부사장 취임","우정민 신임 원장은 서울대학교 산업공학과를 졸업하고 한국과학기술원(KAIST)에서 경영학 석사학위를 취득했다. 이후 KT에서 차세대시스템개발단장, KOS서비스단장 등을 거쳐 KT DS 대표이사 사장과 KT 부사장을...",2026-09-28 17:10,https://www.ddaily.co.kr/page/view/2026092817003646753,https://n.news.naver.com/mnews/article/138/0002242869?sid=105
고려대학교,주간한국,"고려대, 노벨화학상 기타가와 석좌교수 임용 기념 특강",행사에서는 고려대 KU-KIST융합대학원 석좌교수로 새로 임용된 스스무 기타가와 교수(Susumu Kitagawa·교토대 특훈교수)가 '지속가능하고 건강한 미래를 위한 분자 공간 설계'를 주제로 강연한다. 기타가와 교수는...,2026-09-28 17:10,https://weekly.hankooki.com/news/articleView.html?idxno=7186247,https://weekly.hankooki.com/news/articleView.html?idxno=7186247
서울대학교,더팩트,"박용갑 민주당 의원 ""암 고치려 서울로…수술 및 상경 진료 심각""","이밖에 서울대학교병원, 삼성서울병원, 서울아산병원, 신촌세브란스병원, 서울성모병원 등 서울 '빅5... 국립대학교병원을 중심으로 지역 완결적 암 치료 기반을 갖출 수 있도록 지원하고 10대 암 수술 자체 충족률이...",2026-09-28 17:10,https://news.tf.co.kr/read/national/2370381.htm,https://n.news.naver.com/mnews/article/629/0000537380?sid=102
서울대학교,매일경제,"""될성부른 기업 20년 동행 … 한국판 구글 육성""",서울로보틱스에는 BMW를 소개해 상용 계약 체결을 도왔다. 자동차 제조공정 자동화 기술을 보유한 클레로보틱스에는 현대자동차 납품 실적을 토대로 일본 종합상사를 연결해 고객 접점을 넓혔다. 이달 30일에는 서울대...,2026-09-28 17:09,https://www.mk.co.kr/article/12162840,https://n.news.naver.com/mnews/article/009/0005740897?sid=101
연세대학교,매일경제,[부음] 손수복씨 별세 외,"(에이온코리아 상무) 김신씨 장인상=27일 연세대 용인장례식장, 발인 30일 오전 7시. (031)678-7600 ▲이유경씨 별세, 조정원씨(세계태권도연맹 총재) 배우자상=27일 강동경희대병원, 발인 30일 오전 7시. (02)440-8800",2026-09-28 17:09,https://www.mk.co.kr/article/12162846,https://n.news.naver.com/mnews/article/009/0005740902?sid=102
연세대학교,이데일리,국민연금 구조개혁 2라운드…'국고 선투입' vs '자동조정장치',양재진 연세대 행정학과 교수는 국민연금을 ‘부분적립형 확정급여 방식’으로 전환하는 방안을 제안했다. 국고를 미리 투입해 적립기금이 고갈되지 않도록 하고 보험료 수입과 기금 운용수익을 함께 연금 지급...,2026-09-28 17:09,https://www.edaily.co.kr/News/Read?newsId=03811366645584712&mediaCodeNo=257&utm_source=naver&utm_medium=referral&utm_campaign=news_syndication&utm_content=original_article,https://n.news.naver.com/mnews/article/018/0006376531?sid=100
연세대학교,NTODAY,중수청·공소청 출범 임박…수장 공백에 인력도 '미완'인 채 개문발차?,"연세대 법학전문대학원 한상훈 교수는 본보와의 통화에서 ""공소청은 대검찰청 차장검사 등이 직무를 대행할 수 있는 대안이 있는 반면 중수청은 초대 청장의 역할이 상대적으로 크다는 점에서 수장 공백이 더 큰 문제가...",2026-09-28 17:06,https://www.ntoday.co.kr/news/articleView.html?idxno=129694,https://www.ntoday.co.kr/news/articleView.html?idxno=129694
고려대학교,메트로신문,"美국방부-앤트로픽, AI 사용조건 충돌…법원 ""앤트로픽 배제 적법""","최병호 고려대 휴먼인스파이어드AI연구원 교수는 ""큰 틀에서 보면 선출된 권력의 결정이 중요하냐, 민간 기업의 윤리가 중요하냐의 문제""라며 ""민주주의에서는 통상 선출된 권력의 판단을 따르는 게 맞지만, 그 권력이...",2026-09-28 17:06,http://www.metroseoul.co.kr/article/20260928500546,http://www.metroseoul.co.kr/article/20260928500546
서울대학교,매일경제,출연연 원장 다 채웠다...원자력연·전기연 원장에 정우식·강상희,서울대 원자핵공학과를 졸업하고 KAIST에서 원자력공학 석사와 박사 학위를 취득했다. 2002년부터 12년간... 서울대 전기공학과에서 학·석·박사 학위를 모두 취득했다. 박사 취득 이후 명지대에서만 줄곧 연구해온 정통...,2026-09-28 17:05,https://www.mk.co.kr/article/12162835,https://n.news.naver.com/mnews/article/009/0005740893?sid=105
서울대학교,이투뉴스,전기연구원장에 강상희 교수·원자력연구원장에 정우식 교수,"강 신임 전기연구원장은 서울대에서 전기공학으로 학사와 석사, 박사학위를 취득한 뒤 1994년 명지대... 정우식 신임 원자력연구원장은 서울대 원자핵공학과를 졸업하고 카이스트에서 원자력공학으로 석사와 박사학위를...",2026-09-28 17:04,http://www.e2news.com/news/articleView.html?idxno=334625,http://www.e2news.com/news/articleView.html?idxno=334625
서울대학교,디지털타임스,원자력연 원장에 정우식·전기연 원장에 강상희 선임,두 기관 모두 대학교수 출신 외부 인사가 새 원장이 됐다. 국가과학기술연구회(NST)는 28일 임시 이사회를... 정 신임 원장은 서울대 원자핵공학과를 졸업하고 KAIST에서 원자력공학 석·박사 학위를 받은 확률론적...,2026-09-28 17:04,https://www.dt.co.kr/article/12086213?ref=naver,https://n.news.naver.com/mnews/article/029/0003050255?sid=105
서울대학교,경북신문,통일 필요하다는 국민 39% 불과…'현재대로가 좋다' 역대 최고,특히 20·30대에서는 통일이 필요하다는 응답이 20%대에 그쳐 통일에 대한 젊은 세대의 거리감이 두드러졌다.서울대학교 통일평화연구원은 오는 29일 '2026 통일의식조사' 결과를 발표한다고 28일 밝혔다. 이번 조사는...,2026-09-28 17:04,https://www.kbsm.net/news/view.php?idx=535813,https://www.kbsm.net/news/view.php?idx=535813
서울대학교,AITIMES,"개인정보위, AI 혁신 이끌 글로벌 프라이버시 가드레일 설계...글로벌 A...","행사 이미지 개인정보보호위원회(위원장 송경희, 이하 '개인정보위')는 29일, 서울 양재 엘타워에서... 임용 서울대 교수와 캐나다·스페인 개인정보 감독기구, 마이크로소프트 등이 참여해 프라이버시에 대한...",2026-09-28 17:04,https://www.aitimes.kr/news/articleView.html?idxno=42089,https://www.aitimes.kr/news/articleView.html?idxno=42089
고려대학교,메디게이트뉴스,"고려대 안암병원, 권역응급의료센터 내 소아응급실 개소","고려대학교 안암병원이 소아응급환자 전담전문의 충원과 진료과 연계 강화를 통해 소아응급진료 역량 강화에... 소아는 성인과 질환 양상이나 증상 표현, 치료 과정이 달라 연령과 상태를 고려한 진료가 중요하다는 점에서...",2026-09-28 17:04,https://www.medigatenews.com/news/445846683,https://www.medigatenews.com/news/445846683
고려대학교,MHN스포츠,"온앤오프, 日 팬심 제대로 잡았다…팬미팅 '어텀 피크닉' 마무리",일본 팬들과 만남을 마친 온앤오프는 국내 무대로 발걸음을 옮긴다. 오는 10월 17일 서울 성북구 고려대학교 화정체육관에서 열리는 'HEARTBEAT BY DUDUDO 2026'(하트비트 바이 두두두)에 출연해 팬들과 만날 예정이다.,2026-09-28 17:04,https://mhnse.com/news/articleView.html?idxno=1561740,https://m.entertain.naver.com/article/445/0000468845
고려대학교,연합뉴스,"성일종 ""서울권 육군 학군단 절반, 올해 배출 장교 10명 미만""","대령급 단장 직위를 둔 주요 대학 학군단에서도 임관 인원은 한 자릿수에 머물렀다. 한양대(편제 3명·임관 6명), 중앙대(편제 3명·임관 7명), 고려대(편제 4명·임관 8명), 동국대(편제 3명·임관 9명) 등 4개 학군단은 총...",2026-09-28 17:04,https://www.yna.co.kr/view/AKR20260928126400001?input=1195m,https://n.news.naver.com/mnews/article/001/0016341612?sid=100
연세대학교,e대한경제,강진모 아이티센그룹 회장 “당구를 세상과 연결”…산업·기술·국제화...,아주대 물리학과와 연세대 공학대학원을 졸업한 강 후보는 한국IT서비스산업협회장과 한국정보처리학회장 등을 역임한 IT·경영 전문가다. 특히 아이티센그룹 계열사 아이티센클로잇은 1986년 서울아시안게임부터 2026년...,2026-09-28 17:02,https://www.dnews.co.kr/uhtml/view.jsp?idxno=202609281643169120615,https://www.dnews.co.kr/uhtml/view.jsp?idxno=202609281643169120615
고려대학교,브릿지경제,"가천대 의대, 75억 규모 ‘한국형 ARPA-H’ 선정…고령층 통증 잡는다","가천대 의과대학 연구진이 고령층의 만성통증을 객관적으로 측정하고 치료까지 연결하는 차세대... DGIST는 스마트패치를 활용한 분자표지자 검출 기술과 EEG 기반 AI Pain Index 개발을, 고려대는 고령자 특성을 고려한...",2026-09-28 17:02,https://www.viva100.com/article/20260928501187,https://www.viva100.com/article/20260928501187
연세대학교,전자신문,[정보통신 미래모임]공공 AI 전환 본격화…업계 “민간 역할·보안 기준...,지난 22일 서울 서대문구 연세대학교 신촌캠퍼스에서 열린 '정보통신의 미래를 생각하는 모임'에서는... 임춘성 정보통신 미래모임 회장(연세대 교수)는 “기업과 일반 국민도 공개 정보를 활용해 행정서비스 아이디어를...,2026-09-28 17:01,https://www.etnews.com/20260928000184,https://n.news.naver.com/mnews/article/030/0003470473?sid=105
서울대학교,NC,[전통의 진실을 찾아서] 김치는 원래 빨갰다?… 고추 없던 조선의 김치,"세계김치연구소 연구진은 지난해 서울대 규장각한국학연구원 학술지에 조선시대 농서 속 백채가 틀림없는... 1800년대 후반 개성 일대에서는 개성배추가 개량됐고, 1900년대 초반 서울배추 종자도 육성됐다. 개량종...",2026-09-28 17:00,https://www.nc.press/news/articleView.html?idxno=627290,https://www.nc.press/news/articleView.html?idxno=627290
연세대학교,머니투데이,"난임 치료도…정부가 지원하면 ""가격 올려 세금 빼먹기""","아닌 다른 경제 주체에게 돌아가는 현상을 의미한다. 김정식 연세대 경제학부 명예교수는 ""정부가 보조금 줄 때는 가격을 안 올리도록 하는 등으로 조건을 명확히 해 세수가 낭비되지 않도록 해야 한다""고 말했다.",2026-09-28 17:00,https://www.mt.co.kr/thebio/2026/09/29/2026092816291488993,https://n.news.naver.com/mnews/article/008/0005419205?sid=101
연세대학교,세이프타임즈,[부고종합·28일] 김동연 부광약품 전 회장 별세 등,"50분, 연세대 용인장례식장 특실, 발인 30일 오전 7시. ☎ 031-678-7600 ■ 노병우 프라임경제 부장 조모상... 강동경희대학교병원 장례식장 12호실, 발인 30일 오전 7시. ☎ 02-440-8800 ■ 정동휘 피알본 대표 장인상...",2026-09-28 17:00,https://www.safetimes.co.kr/news/articleView.html?idxno=246051,https://www.safetimes.co.kr/news/articleView.html?idxno=246051
연세대학교,중앙일보,"“반도체 초과세수 100조, 국민연금에” 제안에 정부 “다른 분야 쓸 돈...","28일 국회 연금개혁특별위원회 윤영석 위원장과 여야 간사인 오기형·안상훈 의원이 마련한 연금개혁 정책토론회에서 발제를 맡은 양재진 연세대 교수는 “기금이 고갈되지 않고, 운용수익금을 계속 낳을 수 있게 하자는...",2026-09-28 17:00,https://www.joongang.co.kr/article/25465280,https://n.news.naver.com/mnews/article/025/0003554232?sid=102
서울대학교,데일리안,"자본시장 개혁, 외국인이 한목소리로 우려하는 대목은","정준혁 서울대 교수는 28일 더그랜드롯데 서울에서 '자본시장 개혁 방안'을 주제로 진행된 '코리아 프리미엄 위크(Korea Premium Weeks 2026)' 첫 번째 세션 토론자로 참석해 ""상법 개정으로 주주 충실 의무가 도입된 점에 대해...",2026-09-28 16:59,https://www.dailian.co.kr/news/view/1695156/?sc=Naver,https://n.news.naver.com/mnews/article/119/0003137035?sid=101
서울대학교,인더스트리뉴스,"[현장] ""국민연금 모수개혁 넘어 구조개혁으로""…재정안정·세대형평 해...","구인회 서울대학교 교수가 좌장을 맡고 양재진 연세대학교 교수와 김학주 동국대학교 교수가 주제발표에 나섰다. 윤 위원장은 인사말을 통해 ""지난해 국민연금 모수개혁 이후 이제는 국민연금의 지속가능성을 높이고...",2026-09-28 16:58,https://www.industrynews.co.kr/news/articleView.html?idxno=86632,https://www.industrynews.co.kr/news/articleView.html?idxno=86632
연세대학교,인더스트리뉴스,"[현장] ""국민연금 모수개혁 넘어 구조개혁으로""…재정안정·세대형평 해...","구인회 서울대학교 교수가 좌장을 맡고 양재진 연세대학교 교수와 김학주 동국대학교 교수가 주제발표에 나섰다. 윤 위원장은 인사말을 통해 ""지난해 국민연금 모수개혁 이후 이제는 국민연금의 지속가능성을 높이고...",2026-09-28 16:58,https://www.industrynews.co.kr/news/articleView.html?idxno=86632,https://www.industrynews.co.kr/news/articleView.html?idxno=86632
서울대학교,대전일보,"한국원자력연구원장 정우식 교수, 한국전기연구원장 강상희 교수","그는 서울대 원자핵공학 학사, 카이스트 원자력공학 석사에 이어 1993년 원자력공학 박사를 했다. 강상희... 그는 서울대에서 전기공학 학사, 석사, 박사 학위를 했다. 정 신임 한국원자력연구원장과 강 신임...",2026-09-28 16:57,https://www.daejonilbo.com/news/articleView.html?idxno=2303797,https://n.news.naver.com/mnews/article/656/0000187949?sid=101
고려대학교,포인트데일리,"고대안암병원, '권역응급의료센터 소아응급실' 개소","한승범 고대안암병원장은 ""권역응급의료센터 소아응급실 개소를 통해 소아응급환자 전담전문의를 충원하고 진료체계를 한층 강화함으로써 고려대학교 안암병원의 소아응급진료 역량이 더욱 향상될 것으로 기대한다""며...",2026-09-28 16:56,https://www.pointdaily.co.kr/news/articleView.html?idxno=320600,https://www.pointdaily.co.kr/news/articleView.html?idxno=320600
고려대학교,매일신문,"""대북정책 수세적 입장, 비장한 결심 필요""…전문가 대북 기조 재정립 ...","유호열 고려대 명예교수는 ""2015년 목함지뢰 사건이라는 사전 경험이 있었다. 그것만 잘 살렸어도 북한에 할 말은 하면서 우리의 입장과 장병들에 대한 신뢰를 보여줬을 것""이라며 ""안보실과 국방부, 통일부 등 관련 부처가...",2026-09-28 16:56,https://www.imaeil.com/page/view/2026092816523593657,https://n.news.naver.com/mnews/article/088/0001031003?sid=100
연세대학교,이투데이,[부음] 신홍순(전 LG패션 대표) 씨 별세,"(LG전자 실장) 씨 부친상, 정윤희 씨 시부상, 김영수(아모레퍼시픽 고문)·최원석(에이원코리아 상무) 씨 장인상 = 27일, 연세대 용인세브란스병원 장례식장 특실, 발인 30일 오전 7시. 장지 충남 서천군 선영. 031-678-7600",2026-09-28 16:56,https://www.etoday.co.kr/news/view/2630016,https://www.etoday.co.kr/news/view/2630016
서울대학교,kbc광주방송,"국민 10명 중 4명만 ""통일 필요""…""현상 유지 좋다"" 역대 최고",서울대학교 통일평화연구원은 29일 공개할 '2026 통일의식조사'에서 이 같은 결과가 나왔다고 28일... 서울대 통일평화연구원은 29일 학술회의를 열어 주요 조사 결과와 북한·통일 인식 변화에 대한 심층 분석을...,2026-09-28 16:55,https://www.ikbc.co.kr/article/view/kbc202609280043,https://n.news.naver.com/mnews/article/660/0000118029?sid=102
고려대학교,뉴시스,"""K-엔터 산업 보호"" 이재정 의원, 29일 정책세미나",세미나는 안효질 고려대학교 법학전문대학원 교수가 좌장을 맡아 2개 세션으로 진행된다. 1세션에서는... 2세션에서는 강형구 한양대학교 교수가 '사이버렉카에 의한 명예훼손이 K-엔터산업에 미치는 경제적 효과와...,2026-09-28 16:54,https://www.newsis.com/view/NISX20260928_0003805804,https://n.news.naver.com/mnews/article/003/0014218611?sid=102
연세대학교,국민일보,에너지 위기에 수소 띄우는 세계…한국은 지원 축소,문일 연세대 교수는 지난 21일 한국공학한림원 2026 수소경제 대토론회에서 “단기적인 여건 변화에 흔들리지 않는 일관된 정책으로 산업계의 투자와 혁신을 뒷받침해야 한다”고 말했다.,2026-09-28 16:54,https://www.kmib.co.kr/article/view.asp?arcid=9000017830&cp=nv,https://n.news.naver.com/mnews/article/005/0001875411?sid=101
서울대학교,서울경제,원자력硏·전기硏 신임 원장에 정우식·강상희 선임,"1964년생인 정 신임 원장은 1987년 서울대 원자핵공학과를 졸업한 뒤 한국과학기술원(KAIST)에서 원자력공학... 1962년생인 강 신임 원장은 서울대에서 전기공학 학사 및 석사, 박사 학위를 취득했다. 1994년 명지대...",2026-09-28 16:54,https://www.sedaily.com/article/20095665?ref=naver,https://n.news.naver.com/mnews/article/011/0004666031?sid=101
서울대학교,핀포인트뉴스,원자력연구원장에 정우식 교수…전기연구원장 강상희,정 신임 원장은 서울대 원자핵공학과를 졸업한 뒤 한국과학기술원(KAIST)에서 원자력공학 석사와 박사... 강 신임 원장은 서울대 전기공학과를 졸업하고 같은 대학에서 전기공학 석·박사 학위를 받았다. 1994년 명지대...,2026-09-28 16:54,https://www.pinpointnews.co.kr/news/articleView.html?idxno=490884,https://www.pinpointnews.co.kr/news/articleView.html?idxno=490884
고려대학교,경기신문,[프로필]신인 함영욱 경기남부청 광역수사단장…사이버·과사 경험 갖춰,"함 광수단장은 전북 출신으로 동국대학교 경찰행정학과를 졸업하고 고려대학교 정보보호대학원에서 정보보호 박사학위를 받았다. 1995년 경찰간부후보생 43기로 경찰에 입문했으며, 2018년 총경에 이어 지난해 2월...",2026-09-28 16:52,https://www.kgnews.co.kr/news/article.html?no=913209,https://www.kgnews.co.kr/news/article.html?no=913209
연세대학교,비즈니스포스트,"SPC그룹 계열 섹타나인 새 대표에 한순욱, 카카오페이 운영총괄 역임",한 대표는 연세대학교 경영학과를 졸업한 뒤 베어링포인트와 KPMG에서 컨설팅 매니저로 근무했다. 액센츄어에서는 제조·유통·소비재·서비스 산업 담당 이사를 맡아 경영전략 및 업무절차 혁신 컨설팅을...,2026-09-28 16:52,https://www.businesspost.co.kr/BP?command=article_view&num=448093,https://www.businesspost.co.kr/BP?command=article_view&num=448093
서울대학교,이데일리,"""AI도 ‘안전벨트’ 달자""…청소년 SNS·챗봇 차단 대신 안전설계로",28일 서울 여의도 국회의원회관에서 열린 ‘청소년에게 안전한 디지털 환경은 누구의 책임인가’... 윤영호 서울대 가정의학과 교수는 SNS·AI 과몰입을 청소년 정신건강 문제로 보고 중독적 설계에 대한 플랫폼 책임을...,2026-09-28 16:50,https://www.edaily.co.kr/News/Read?newsId=03703126645584712&mediaCodeNo=257&utm_source=naver&utm_medium=referral&utm_campaign=news_syndication&utm_content=original_article,https://n.news.naver.com/mnews/article/018/0006376510?sid=105
연세대학교,이데일리,"""AI도 ‘안전벨트’ 달자""…청소년 SNS·챗봇 차단 대신 안전설계로",28일 서울 여의도 국회의원회관에서 열린 ‘청소년에게 안전한 디지털 환경은 누구의 책임인가’ 토론회에서 상윤모 연세대 언론홍보영상학부 교수와 김나정 국회입법조사처 조사관보는 각각 청소년 SNS와 AI 이용...,2026-09-28 16:50,https://www.edaily.co.kr/News/Read?newsId=03703126645584712&mediaCodeNo=257&utm_source=naver&utm_medium=referral&utm_campaign=news_syndication&utm_content=original_article,https://n.news.naver.com/mnews/article/018/0006376510?sid=105
서울대학교,중앙이코노미뉴스,"""통일 필요"" 39%뿐...분단 상태 유지 선호 '역대 최고'",서울대학교 통일평화연구원은 오는 29일 학술회의를 열어 이 같은 내용의 '2026 통일의식조사' 결과를... 통일의식조사 결과발표회 포스터 [사진=서울대] 연구원은 다만 자체 핵무장 문항은 일반적인 핵 보유 찬반을...,2026-09-28 16:50,https://www.joongangenews.com/news/articleView.html?idxno=550986,https://www.joongangenews.com/news/articleView.html?idxno=550986
서울대학교,기호일보,하남 신장고 역사심화 탐구 동아리 '사유' 유적 답사 등 체험 활동 활발,하남 신장고등학교 역사심화 탐구 동아리 '사유(史惟)'가 교육부와 서울대 역사교육지원센터가 추진하는 역사교육 활성화 사업 지원을 받아 역사 탐구 활동을 활발히 펼치고 있어 지역사회의 주목을 받고...,2026-09-28 16:50,https://www.kihoilbo.co.kr/news/articleView.html?idxno=3035994,https://www.kihoilbo.co.kr/news/articleView.html?idxno=3035994
연세대학교,바이오타임즈,"휴머닉스, 세브란스 재활의학과 홍준택 교수 사내이사 선임… 피지컬 A...",홍 교수는 연세대학교 의과대학을 졸업하고 신촌세브란스병원 재활의학과 전공의와 연세대학교 의과대학 임상강사를 거쳐 현재 연세대학교 의과대학 임상조교수로 재직하고 있다. 특히 웨어러블 로봇을 활용한...,2026-09-28 16:48,https://www.biotimes.co.kr/news/articleView.html?idxno=34762,https://www.biotimes.co.kr/news/articleView.html?idxno=34762
연세대학교,한국대학신문,"한림대 진주희 교수, 치매 조기진단·신경심리평가 표준화 공로 대통령...","한림대학교(총장 최양희) 심리학과 진주희 교수가 지난 21일 과학기술컨벤션센터 국제회의실에서 열린... 진 교수는 1999년 연세대 심리학과에서 임상심리 전공으로 석사학위를, 2011년 같은 대학에서 박사학위를...",2026-09-28 16:48,https://news.unn.net/news/articleView.html?idxno=597966,https://news.unn.net/news/articleView.html?idxno=597966
서울대학교,아시아경제,전기연·원자력연 새 수장에 강상희·정우식 교수,한국전기연구원(KERI)과 한국원자력연구원(KAERI)의 새 수장으로 강상희 명지대학교 교수와 정우식... 강 신임 원장은 1962년생으로 서울대 전기공학과를 졸업하고 같은 대학에서 석·박사 학위를 받았다. 1994년부터...,2026-09-28 16:47,https://view.asiae.co.kr/article/2026092816470077779,https://n.news.naver.com/mnews/article/277/0005821691?sid=105
서울대학교,에너지경제,정우식 원자력연구원장·강상희 전기연구원장 선임,"강상희 신임 원장은 서울대학교에서 1985년 전기공학 학사, 1987년 전기공학 석사, 1993년 전기공학 박사를 취득했다. 1994년 명지대학교 전기전자공학부 교수로 부임한 이후 차세대전력기술연구센터 소장 등을...",2026-09-28 16:46,https://www.ekn.kr/web/view.php?key=20260928027239582,https://www.ekn.kr/web/view.php?key=20260928027239582
서울대학교,SR타임스,"나주영산강축제, 포레스텔라·정상급 성악가 무대 펼친다","국립오페라단과 서울시오페라단 등에서 '라 트라비아타', '토스카', '마술피리', '라보엠' 등의 주역으로 활동했다. 테너 이호철은 서울대학교 음악대학 성악과와 독일 함부르크 국립음대를 졸업한 뒤 뮌헨과 만하임...",2026-09-28 16:46,http://www.srtimes.kr/news/articleView.html?idxno=213393,http://www.srtimes.kr/news/articleView.html?idxno=213393
서울대학교,연합뉴스,"배일권 세종시 행정부시장 취임…""성과 내고 증명하는 자리""","배 부시장은 서울대 사회학과를 졸업하고 제42회 행정고시에 합격, 1999년부터 공직 생활을 시작해 행정안전부 글로벌전자정부과장, 혁신기획과장, 기획재정담당관, 인공지능정부기반국장 등을 거쳤다. 또 대통령비서실...",2026-09-28 16:44,https://www.yna.co.kr/view/AKR20260928134500063?input=1195m,https://n.news.naver.com/mnews/article/001/0016341527?sid=102
서울대학교,TJB대전방송,통일 필요 10명 중 4명 그쳐…'분단 현상태가 좋다' 역대 최고,"서울대학교 통일평화연구원은 '통일의식조사 20년: 멀어진 통일의 꿈, 익숙해진 분단 현실'을 주제로 '2026... 등에 대한 심화 분석이 발표되고, 전문가 종합토론도 진행될 예정입니다. (사진=서울대 통일평화연구원)",2026-09-28 16:44,https://www.tjb.co.kr/news05/bodo/view/id/104152,https://www.tjb.co.kr/news05/bodo/view/id/104152
서울대학교,국민일보,“통일 필요하다” 39%…“현재대로가 좋다” 31.5% 역대 최고,서울대학교 통일평화연구원은 28일 한국갤럽에 의뢰해 실시한 ‘2026 통일의식조사’ 결과를 발표했다. 통일이 ‘필요하다’는 응답은 39.0%로 지난해 41.1%보다 2.1% 포인트 떨어졌다. 2024년 36.9%에 이어 역대 두...,2026-09-28 16:43,https://www.kmib.co.kr/article/view.asp?arcid=9000017822&cp=nv,https://n.news.naver.com/mnews/article/005/0001875407?sid=100
연세대학교,BBS NEWS,"강원특별자치도, 서영준 영월의료원장 임명장 수여식 개최","서 원장은 영남대학교를 졸업하고 서울대학교 보건대학원에서 보건학 석사학위를, 미국 아이오와대학교에서 병원·보건행정 박사학위를 취득했습니다. 이후 가톨릭대병원 행정처장과 삼척의료원장, 연세대학교...",2026-09-28 16:42,https://news.bbsi.co.kr/news/articleView.html?idxno=4109004,https://news.bbsi.co.kr/news/articleView.html?idxno=4109004
서울대학교,BBS NEWS,"강원특별자치도, 서영준 영월의료원장 임명장 수여식 개최","서 원장은 영남대학교를 졸업하고 서울대학교 보건대학원에서 보건학 석사학위를, 미국 아이오와대학교에서 병원·보건행정 박사학위를 취득했습니다. 이후 가톨릭대병원 행정처장과 삼척의료원장, 연세대학교...",2026-09-28 16:42,https://news.bbsi.co.kr/news/articleView.html?idxno=4109004,https://news.bbsi.co.kr/news/articleView.html?idxno=4109004
서울대학교,경북신문,"혼돈과 탐욕의 시대, '비우면 보인다'…최용민, '노자 도덕경' 오늘의 삶...","최용민 저자는 서울대학교에서 보건학 석사학위를 받았으며 부산대학교 대학원 심리학과 박사과정을... 현재 서울벤처대학원대학교 연구교수로 활동하고 있으며 대진대학교 특임교수, 위덕대학교 사회복지대학원장을...",2026-09-28 16:42,https://www.kbsm.net/news/view.php?idx=535714,https://www.kbsm.net/news/view.php?idx=535714
서울대학교,GAMETOC,"카카오, CA협의체 공동의장에 김도영 '카카오X 대표 내정자'",김도영 카카오 CA협의체 공동 의장 이력 -1975년 생 - 서울대학교 항공우주공학과 학사 - 서울대학교 경영전문대학원 석사(MBA) - 삼성SDS 선임컨설턴트 (2001 ~ 2004) - 삼성증권 IB본부 이사 (2007 ~ 2022) - 코오롱모빌리티그룹...,2026-09-28 16:42,https://www.gametoc.co.kr/news/articleView.html?idxno=111816,https://www.gametoc.co.kr/news/articleView.html?idxno=111816
연세대학교,아주경제,"여야, 연금 구조개혁 논의 '시동'…""한국형 재정안정장치 도입 시급""",양재진 연세대 교수는 국민연금 보험료율을 13%로 유지하되 기금 고갈을 전제로 하지 않는 '부분적립형 확정급여(DB)' 방식으로 전환할 것을 제안했다. 기금운용 수익률을 높이고 국고를 사전에 투입해 국민연금 기금을...,2026-09-28 16:40,https://www.ajunews.com/view/20260928150416110,https://www.ajunews.com/view/20260928150416110
고려대학교,중도일보,이윤홍 세종시 부교육감 부임,"이 신임 부교육감은 배화여자고등학교, 고려대학교를 졸업했으며 행정고시 44회에 합격해 2001년 공직에 입문했다. 교육부 창조행정담당관과 혁신행정담당관, 운영지원과장, 장관실 비서실장, 부경대 사무국장, 교육부...",2026-09-28 16:38,https://www.joongdo.co.kr/web/view.php?key=20260928010008460,https://www.joongdo.co.kr/web/view.php?key=20260928010008460
서울대학교,전기신문,한국원자력연구원 새 수장에 정우식 세종대 교수,정우식 세종대학교 양자원자력공학과 교수가 한국원자력연구원 신임 원장으로 선임됐다.... 정 신임 원장은 서울대학교 원자핵공학과를 졸업한 뒤 한국과학기술원(KAIST)에서 원자력공학 석·박사 학위를...,2026-09-28 16:38,https://www.electimes.com/news/articleView.html?idxno=372861,https://www.electimes.com/news/articleView.html?idxno=372861
서울대학교,핀포인트뉴스,"우정민 신임 지역정보개발원장 취임...""지방정부 디지털 인프라 신속 지...","우 신임 원장은 서울대학교 산업공학과를 졸업한 뒤 한국과학기술원(KAIST)에서 경영학 석사학위를 취득했다. KT에서는 차세대시스템개발단장과 KOS서비스단장 등을 지냈으며, 이후 KT DS 대표이사 사장과 KT 부사장을...",2026-09-28 16:36,https://www.pinpointnews.co.kr/news/articleView.html?idxno=490869,https://www.pinpointnews.co.kr/news/articleView.html?idxno=490869
연세대학교,파이낸셜뉴스,"이찬진 금감원장, 한일 금융협력 컨퍼런스 참석","28일 서울 여의도 금융투자협회 불스홀에서 열린 한일 금융협력 컨퍼런스에서 후지모토 마모루 SBI 솔라나 글로벌 대표(왼쪽부터), 현석 연세대학교 교수, 유광열 녹색금융포럼 대표, 이토 유타카 일본 금융청장, 이찬진...",2026-09-28 16:35,https://www.fnnews.com/news/202609281612102371,https://n.news.naver.com/mnews/article/014/0005581746?sid=101
서울대학교,뉴스경남,"경상국립대, 돌봄전문가 양성특강 개최",경상국립대 앵커사업단 지역리빙랩(진주시)이 운영하는 대학 부설 가상복지관 '커뮤니티 e-복지관'은 지난 22일 서울대 인구정책연구센터 이상림 박사를 초청해 '인구변화가 바꾸는 나의 삶'을 주제로 강연을 진행했다....,2026-09-28 16:34,https://www.newsgn.com/news/articleView.html?idxno=576437,https://www.newsgn.com/news/articleView.html?idxno=576437
고려대학교,보건뉴스,"고대구로병원 김용엽 교수, 갑상선학회 학술대회서 '우수 연제상' 수상","김 교수는 고려대학교 구로병원 정신건강의학과 이승훈 교수, 고려대학교 의과대학 암연구소 박찬미 교수와 함께 갑상선 수술을 기존 절개 방법으로 시행한 환자들과 내시경 또는 로봇으로 시행한...",2026-09-28 16:34,http://www.bokuennews.com/news/article.html?no=284792,http://www.bokuennews.com/news/article.html?no=284792
고려대학교,보건뉴스,"고대안암병원, 소아응급진료 역량 강화","고려대학교 안암병원이 소아응급환자에 대한 전문 진료체계를 강화하고 나섰다. 고려대학교 안암병원(병원장... 소아는 성인과 달리 질환의 양상이나 증상 표현, 치료 과정 등이 다를 수 있어 연령과 상태를 고려한 세심한...",2026-09-28 16:32,http://www.bokuennews.com/news/article.html?no=284791,http://www.bokuennews.com/news/article.html?no=284791
서울대학교,동아일보,서울대도 취업난 신음…올해 600명 넘게 졸업 미뤘다,올해 600명 넘는 서울대생이 추가 학기를 등록한 것으로 집계됐다. 최근 5년 사이 가장 높은 수치다. 28일 국회 교육위원회 소속 국민의힘 정성국 의원이 서울대로부터 받은 자료에 따르면 올해 1학기에 3학점 이하로...,2026-09-28 16:30,https://www.donga.com/news/Society/article/all/20260928/134744811/1,https://n.news.naver.com/mnews/article/020/0003751065?sid=102
서울대학교,BEOPBO,고전 수행부터 현대 요가테라피까지…인도 요가 '몸과 마음' 조명,인도철학회(회장 심재관)·한국요가학회(회장 곽미자)·서울대 아시아연구소 남아시아센터(센터장 강성용)는... 김승효(서울불교대학원대) 연구자가 '정서·행동 문제 청소년의 신체증상 및 정서적 안정에 대한...,2026-09-28 16:30,https://www.beopbo.com/news/articleView.html?idxno=338002,https://www.beopbo.com/news/articleView.html?idxno=338002
서울대학교,조선일보,"다큐멘터리 | 한국 현대사의 결정적 순간들 ⑥ 朴正熙 저격, 陸英修 피...","이날 저녁 7시께 陸 여사는 서울대 병원에서 운명하였다. 하루 종일 추적추적 내리던 비는 이 무렵 그치고 서울의 서쪽 하늘에 새빨간 노을이 들었다. 온 세상을 붉게 물들이려는 듯한 진한 핏빛이었다. ""나는 자칼이다...",2026-09-28 16:30,https://monthly.chosun.com/news/articleView.html?idxno=71537,https://monthly.chosun.com/news/articleView.html?idxno=71537
고려대학교,경북매일,“건강이 허락하는 날까지 나눔과 봉사 이어가겠다”,"△그동안 여러 분야에서 대구지방경찰청 시민감찰위원장, 제2대 대구광역시파크골프협회 회장, 영남일보 CEO아카데미 총동창회 자문위원, 민주평화통일자문회의 부회장, 국제로타리 GSE 위원장, 고려대학교 경영대학...",2026-09-28 16:28,https://www.kbmaeil.com/article/20260928500281,https://www.kbmaeil.com/article/20260928500281
서울대학교,뉴스핌,"금융당국, '코리아 프리미엄' 위해 장기 투자 기반 확대 나선다","'한국 자본시장의 질적 성장을 위한 제언' 패널토론에는 정준혁 서울대학교 법학전문대학원 교수, 이동섭... '기업지배구조 개선과 코리아 프리미엄으로의 도약' 패널토론에는 안수현 한국외국어대학교...",2026-09-28 16:25,https://www.newspim.com/news/view/20260928000917,https://www.newspim.com/news/view/20260928000917
고려대학교,MBN,미중 정상회담 마무리…국빈 만찬서 중국 기업인 없어,"▶ 인터뷰(☎) : 이신화 / 고려대학교 정치외교학과 교수 - ""중국 정부는 자국 기업이 미국 정부의 추가 제재의 표적이 되거나 외교적 들러리가 되는 것을 별로 원치 않았을 것이고…미국은 여전히 세계의 첨단 기술...",2026-09-28 16:24,http://mbnmoney.mbn.co.kr/news/view?news_no=MM1005927674,http://mbnmoney.mbn.co.kr/news/view?news_no=MM1005927674
고려대학교,MBN,미 30년물 국채금리 5.5% 돌파…한국도 금리 상승 압력,"▶ 인터뷰(☎) : 강성진 / 고려대 경제학과 교수 - ""저는 고금리 구조는 좀 상당히 갈 것 같아요. 중동 전쟁이 빠르게 해소되지 않고 지속되고 있고, 그렇기 때문에 유가가 하락하지 않고 있거든요. 이자율 정책은 경제...",2026-09-28 16:24,http://mbnmoney.mbn.co.kr/news/view?news_no=MM1005927675,http://mbnmoney.mbn.co.kr/news/view?news_no=MM1005927675
서울대학교,BBS NEWS,신임 제주경찰청 차장에 이승열 경무관,"경북 칠곡 출신인 이 신임 차장은 1971년생으로, 대구 달성고등학교와 경찰대학교 행정학과와 서울대 행정대학원을 졸업했습니다. 이 차장은 경찰대 10기로 1994년 경찰에 입직해 서울경찰청 노원경찰서장, 경찰청...",2026-09-28 16:22,https://news.bbsi.co.kr/news/articleView.html?idxno=4108929,https://news.bbsi.co.kr/news/articleView.html?idxno=4108929
서울대학교,투어코리아,"카카오, 김도영 CA협의체 공동의장 선임…인적분할 준비 본격화","김 내정자는 1975년생으로 서울대 항공우주공학과를 졸업하고 서울대 경영전문대학원에서 석사 학위를 받았다. 삼성SDS 선임컨설턴트, 삼성증권 IB본부를 거쳐 코오롱모빌리티그룹 최고재무책임자(CFO)를 역임했다....",2026-09-28 16:22,https://www.tournews21.com/news/articleView.html?idxno=144402,https://www.tournews21.com/news/articleView.html?idxno=144402
연세대학교,중앙일보,"연세대, 10월 12일 제26회 ‘언더우드 선교상’ 시상식",연세대학교 언더우드기념사업회는 10월 12일 교내 루스채플 예배실에서 ‘제26회 언더우드 선교상’ 시상식을 개최한다. 올해 수상자로는 김완일 선교사와 김용대 선교사가 선정됐다. 언더우드 선교상은 연세대를 창립한...,2026-09-28 16:20,https://www.joongang.co.kr/article/25465265,https://n.news.naver.com/mnews/article/025/0003554218?sid=102
연세대학교,잡포스트,"한화에어로스페이스, '연령·특정대학' 채용조건 논란…'대표사과·책임...","한화에어로스페이스는 최근 공개된 일부 채용 공고의 지원 자격란에 경력직 채용 시 '1980년생 이하'를 연령 기준으로 제시하고, 서울·판교 근무자의 경우 서울대·연세대·고려대 등 11개 대학과 세계대학순위 100위권 이내...",2026-09-28 16:20,https://www.job-post.co.kr/news/articleView.html?idxno=229408,https://www.job-post.co.kr/news/articleView.html?idxno=229408
고려대학교,에너지데일리,김선기 한국도시가스협회 상근부회장 퇴임…KTL 원장으로 새 출발,김 부회장은 고려대학교 사회학과를 졸업하고 미국 카네기멜론대학교에서 정보통신기술학 석사 학위를 받았다. 제41회 행정고시에 합격해 공직에 입문한 뒤 지식경제부 산업환경과장과 산업통상자원부 홍보지원팀장...,2026-09-28 16:20,https://www.energydaily.co.kr/news/articleView.html?idxno=203631,https://www.energydaily.co.kr/news/articleView.html?idxno=203631
고려대학교,잡포스트,"한화에어로스페이스, '연령·특정대학' 채용조건 논란…'대표사과·책임...","한화에어로스페이스는 최근 공개된 일부 채용 공고의 지원 자격란에 경력직 채용 시 '1980년생 이하'를 연령 기준으로 제시하고, 서울·판교 근무자의 경우 서울대·연세대·고려대 등 11개 대학과 세계대학순위 100위권 이내...",2026-09-28 16:20,https://www.job-post.co.kr/news/articleView.html?idxno=229408,https://www.job-post.co.kr/news/articleView.html?idxno=229408
서울대학교,잡포스트,"한화에어로스페이스, '연령·특정대학' 채용조건 논란…'대표사과·책임...","한화에어로스페이스는 최근 공개된 일부 채용 공고의 지원 자격란에 경력직 채용 시 '1980년생 이하'를 연령 기준으로 제시하고, 서울·판교 근무자의 경우 서울대·연세대·고려대 등 11개 대학과 세계대학순위 100위권 이내...",2026-09-28 16:20,https://www.job-post.co.kr/news/articleView.html?idxno=229408,https://www.job-post.co.kr/news/articleView.html?idxno=229408
서울대학교,후생신보,"화순전남대병원, 대형 국책 R&D 사업 잇따라 참여","분당서울대학교병원(총괄연구책임자 김재용 의생명연구원장)을 비롯해 삼성서울병원, 국립암센터, 은평성모병원, 부산대학교병원 등이 함께하는 컨소시엄을 통해 대규모 암 의료데이터를 활용한 디지털헬스 기술...",2026-09-28 16:20,http://www.whosaeng.com/174005,http://www.whosaeng.com/174005
서울대학교,디지털타임스,AI와 과학기술 융합의 미래는?…세계 석학 모여 논의,과학기술정보통신부는 27일 서울 용산구 드래곤시티호텔에서 ‘제1회 AI4Sci 코리아 2026 국제학술대회’... 기조 강연에서는 학술대회 공동조직위원장인 석차옥 서울대 화학부 교수가 화학·분자과학과 AI 융합연구...,2026-09-28 16:19,https://www.dt.co.kr/article/12086194?ref=naver,https://n.news.naver.com/mnews/article/029/0003050237?sid=105
연세대학교,한국일보,"""한국과 프랑스, 양자컴퓨터 선두국가 되자"" 프랑스 양자컴퓨터 업체 콴...","미 고등국방과학연구소(DARPA), 프랑스 방위사업청(DGA), 미 인공지능(AI) 반도체 업체 엔비디아, 프랑스 통신업체 오랑주, 영국 자동차 및 항공업체 롤스로이스 등과 협력하고 있으며 한국의 카이스트, 서울대, 연세대...",2026-09-28 16:18,https://www.hankookilbo.com/news/article/A2026092816030002797?did=NA,https://n.news.naver.com/mnews/article/469/0000956384?sid=105
고려대학교,쿠키뉴스,"고려대안암병원, 소아응급실 개소…전담전문의 3명 배치","쿠키뉴스=배준열 기자 | 고려대안암병원이 소아응급환자를 전담하는 진료공간을 마련하고 전문인력과 병상을... 소아는 성인과 질환 양상과 증상 표현, 치료 과정이 다른 만큼 연령과 상태를 고려한 진료가 필요하다....",2026-09-28 16:18,https://www.kukinews.com/article/view/kuk202609280187,https://www.kukinews.com/article/view/kuk202609280187
서울대학교,한국일보,"""한국과 프랑스, 양자컴퓨터 선두국가 되자"" 프랑스 양자컴퓨터 업체 콴...","콴델라는 28일 서울 종로의 센트로폴리스에서 기자간담회를 갖고 앞으로 2년 동안 전략적 제휴를 맺을... 카이스트, 서울대, 연세대 등과도 협력 중이다. 창업자인 소마스키 대표는 ""실험실 차원의 연구가 아니라 양자...",2026-09-28 16:18,https://www.hankookilbo.com/news/article/A2026092816030002797?did=NA,https://n.news.naver.com/mnews/article/469/0000956384?sid=105
서울대학교,CCDAILYNEWS,충남대병원 의료 인공지능 에이전트 현장 실증,"▲ 충남대학교병원 전경. 병원은 한국형 ARPA-H 프로젝트의 헬스케어 인공지능 에이전트 연결 플랫폼 개발... 서울대학교병원이 연구를 총괄하고 충남대병원과 강원대병원, 경북대병원, 건국대병원, 전북대병원, 기업...",2026-09-28 16:16,https://www.ccdailynews.com/news/articleView.html?idxno=2443314,https://www.ccdailynews.com/news/articleView.html?idxno=2443314
서울대학교,연합뉴스,원자력연구원장에 정우식 교수·전기연구원장에 강상희 교수,정 신임 원장은 서울대 원자핵공학과를 졸업하고 한국과학기술원(KAIST)에서 원자력공학 석·박사 학위를... 강 신임 원장은 서울대 전기공학과를 졸업하고 동 대학에서 전기공학 석·박사 학위를 받았다. 1994년 명지대...,2026-09-28 16:15,https://www.yna.co.kr/view/AKR20260928126700017?input=1195m,https://n.news.naver.com/mnews/article/001/0016341442?sid=105
서울대학교,국세신문,'금융 AI시대의 소비자 권리와 금융회사 책임' 토론회 개최,토론회에서는 서울대학교 법학전문대학원 정순섭 교수와 하나금융연구소 정희수 소장이 각각 ▲금융 AI... 한양대학교 법학전문대학원 교수 등이 참여해 금융권 AI 도입의 중대한 과제와 보완책 등에 대한 논의를...,2026-09-28 16:14,http://www.intn.co.kr/news/articleView.html?idxno=2053675,http://www.intn.co.kr/news/articleView.html?idxno=2053675
연세대학교,이데일리,오늘의 부고 종합,"50분, 연세대 용인장례식장 특실, 발인 30일 오전 7시. 031-678-7600. △양백현 씨 별세, 양우성(신포일레콤... △이유경 씨 별세, 조정원(세계태권도연맹 총재) 씨 부인상 = 27일, 강동경희대학교병원 장례식장...",2026-09-28 16:11,https://www.edaily.co.kr/News/Read?newsId=03529286645584712&mediaCodeNo=257&utm_source=naver&utm_medium=referral&utm_campaign=news_syndication&utm_content=original_article,https://n.news.naver.com/mnews/article/018/0006376477?sid=102
서울대학교,프레시안,"2026 나주영산강축제, 10월 10일 '문라이트 심포니' 개최","김은경은 서울대학교 음악대학 성악과와 이탈리아 로시니 국립음악원을 졸업했으며, KBS 신인음악제 입상과 이탈리아 페스카라 국제콩쿠르 우승 등을 거쳐 국내외 무대에서 실력을 인정받았다. 테너 이호철은 서울대학...",2026-09-28 16:10,https://www.pressian.com/pages/articles/2026092815541277464?utm_source=naver&utm_medium=search,https://n.news.naver.com/mnews/article/002/0002458514?sid=102
연세대학교,MHN스포츠,"""회식 때 취한 척 메소드 연기""…전현무, 20년 직장인 '노하우'→차 문 ...","연세대학교 영어영문학과를 졸업한 뒤 2006년 KBS 32기 공채 아나운서로 입사해 방송 활동을 시작했다. 이후 프리랜서 방송인으로 전향해 예능, 교양, 시사 프로그램과 각종 시상식 및 특집 방송에서 MC로 활약하며 대중적인...",2026-09-28 16:10,https://mhnse.com/news/articleView.html?idxno=1561658,https://m.entertain.naver.com/article/445/0000468830
서울대학교,토요경제,"중앙대 예술대학원 예술경영학과, 30주년 맞아 AI·문화기술 중심으로 ...",KAIST 김재철AI [중앙대학교 예술대학원 예술경영학과] 박진호 교수는 KAIST 김재철AI대학원 초빙교수로 활동하며 디지털 헤리티지와 AI 콘텐츠 제작 분야를 연구해왔다. KAIST 문화기술연구소와 서울대학교 융합기술원...,2026-09-28 16:10,http://sateconomy.co.kr/news/view/1065596254765765,http://sateconomy.co.kr/news/view/1065596254765765
서울대학교,뉴시스,"신임 원자력연구원장 정우식, 전기연구원장 강상희",정우식 신임 원자력연구원장은 서울대 원자핵공학과를 졸업하고 KAIST에서 원자력공학 석사와 박사 학위를... 강상희 신임 전기연구원장은 서울대 전기공학과를 졸업하고 같은 대학에서 석사와 박사 학위를 취득했다....,2026-09-28 16:08,https://www.newsis.com/view/NISX20260928_0003805662,https://n.news.naver.com/mnews/article/003/0014218459?sid=102
서울대학교,이투데이,"""자본시장 프리미엄, 이사회 변화와 소통에 달렸다"" [코리아프리미엄위...",28일 더그랜드롯데 서울에서 열린 '코리아 프리미엄 위크 2026' 패널토론에서 전문가들은 한국 자본시장의 질적 성장을 위한 핵심 과제로 '제도의 현장 안착과 실효성 확보'를 꼽았다. 정준혁 서울대 법학전문대학원 교수는...,2026-09-28 16:08,https://www.etoday.co.kr/news/view/2629941,https://www.etoday.co.kr/news/view/2629941
서울대학교,신아일보,"울진군, 황일순 서울대 명예교수 초청 '에너지·울진 미래' 특강",경북 울진군은 오는 10월8일 오후 5시 군청 대회의실에서 황일순 서울대학교 원자핵공학과 명예교수를 초청해 제39회 목요특강을 개최한다고 28일 밝혔다. 경상북도 K-과학자 특강과 연계해 마련된 이번 강연은 '에너지...,2026-09-28 16:08,https://www.shinailbo.co.kr/news/articleView.html?idxno=5066484,https://www.shinailbo.co.kr/news/articleView.html?idxno=5066484
고려대학교,후생신보,"김용엽 고대 구로병원 교수, 갑상선학회 ‘우수 연제상’ 수상",김용엽 고려대학교 구로병원 유방내분비외과 교수가 지난달 개최된 ‘2026 대한갑상선학회 추계학술대회’에서 ‘우수 연제상’을 수상했다. 는 ‘최소 침습 갑상선 수술과 수술 후 신경정신과적 질환 간의 연관성...,2026-09-28 16:08,http://www.whosaeng.com/174003,http://www.whosaeng.com/174003
서울대학교,한국경제,"신한라이프, 독거노인에 살가운 안부 전화…서울대와 수목원 생태 복원","서울 중구청, 서울중구장애인복지관, 한국전력공사와 함께 추진하는 ‘거리 아트갤러리’ 사업이... 환경 분야에서는 서울대학교와 함께하는 안양수목원 생태복원 사업이 대표적이다. 신한라이프는 2028년까지 총...",2026-09-28 16:06,https://www.hankyung.com/article/2026092884951,https://n.news.naver.com/mnews/article/015/0005336686?sid=101
서울대학교,KOREAITTIMES,"SPC, 파리바게뜨 미국 300호점 넘어 수익화 속도…현지 생산기반도 구축",서울대학교 연구진과 공동연구를 통해 한국 전통 누룩과 김치에서 제빵용 토종 효모와 유산균을 발굴했으며 관련 기술을 실제 제품에 적용하고 있다. 2019년에는 토종 효모와 유산균을 활용한 발효종 '상미종'을...,2026-09-28 16:06,https://www.koreaittimes.com/news/articleView.html?idxno=157578,https://www.koreaittimes.com/news/articleView.html?idxno=157578
고려대학교,SIDAE,"""대법원장은 재제청 수용하되 그 방법은 자율로""","반면 차진아 고려대 법학전문대학원 교수는 대통령의 재제청 요구가 헌법 정신을 훼손하는 권한 남용이라고 지적했다. 차 교수는 ""대법원장에게 제청권을 준 취지는 삼권분립에 따른 사법 독립과 법원 수장의 전문성을...",2026-09-28 16:06,https://www.sidae.com/article/2026092815103284091,https://n.news.naver.com/mnews/article/417/0001159425?sid=102
고려대학교,의협신문,"""근골격계 질환 치료, 낙소졸·오보덴스 역할은""","대한척추신경외과학회 추계 학술대회에서 최일 한림대학교 동탄성심병원 교수(왼쪽)와 함창화 고려대학교... 함께 고려해야 하는 만큼, 낙소졸은 임상근거를 갖춘 치료 옵션으로 활용될 수 있다""고 말했다. 19일 조찬...",2026-09-28 16:06,http://www.doctorsnews.co.kr/news/articleView.html?idxno=166505,http://www.doctorsnews.co.kr/news/articleView.html?idxno=166505
서울대학교,아시아타임즈,"중부권, 10대 암 수술 자체 충족률 35%…암 '상경 진료' 심각","서울대학교병원, 삼성서울병원, 서울아산병원, 신촌세브란스병원, 서울성모병원 등 서울 주요 빅5... 박용갑 의원은 ""정부가 국립대학교병원을 중심으로 지역 완결적 암 치료 기반을 갖출 수 있도록 지원하고 10대...",2026-09-28 16:06,https://www.asiatime.co.kr/article/20260928500364,https://www.asiatime.co.kr/article/20260928500364
서울대학교,SIDAE,"""대법원장은 재제청 수용하되 그 방법은 자율로""","한인섭 서울대 법학전문대학원 명예교수는 ""이번 사태를 기관 간 힘겨루기로 볼 것이 아니라 수평적 상호 견제가 가능하도록 제도 전반을 재설계해야 한다""고 짚었다. 한 명예교수는 ""대통령과 대법원장이 대법관 추천에...",2026-09-28 16:06,https://www.sidae.com/article/2026092815103284091,https://n.news.naver.com/mnews/article/417/0001159425?sid=102
연세대학교,메트로신문,[부음]-9월 28일,"10시50분, 연세대 용인장례식장 특실, 발인 30일 오전 7시, 031-678-7600. ▲양백현(향년 87세)씨 별세, 양우성... ▲이유경씨 별세, 조정원(세계태권도연맹 총재)씨 부인상 = 27일, 강동경희대학교병원 장례식장 12호실...",2026-09-28 16:06,http://www.metroseoul.co.kr/article/20260928500483,http://www.metroseoul.co.kr/article/20260928500483
서울대학교,노컷뉴스,한국원자력연구원 원장에 정우식 세종대 교수 선임,국가과학기술연구회(NST)는 28일 개최한 제249회 임시이사회에서 정우식 세종대학교 양자원자력공학과 교수를 한국원자력연구원 원장으로 선임했다고 밝혔다. NST에 따르면 정우식 신임 원장은 서울대학교에서...,2026-09-28 16:05,https://www.nocutnews.co.kr/news/6583926?utm_source=naver&utm_medium=article&utm_campaign=20260928040436,https://n.news.naver.com/mnews/article/079/0004193436?sid=102
연세대학교,광주일보,홍어잡이 문순득의 ‘표류기’ 통해 섬과 바다 역사 조명하다,"연세대 정치외교학과를 졸업한 김 박사는 UC 버클리 공공정책대학원 석사, MIT 정치학 박사 학위를 받았다. 아산정책연구원 여론계량분석센터장 등을 거쳐 방송을 통해 국제정세와 세계사를 대중과 공유하고 있다. JTBC...",2026-09-28 16:04,http://www.kwangju.co.kr/article.php?aid=1790578826803735007,http://www.kwangju.co.kr/article.php?aid=1790578826803735007
서울대학교,한국경제,"한국서부발전, 자립준비청년 돕는 캠프 열어 심리 안정·인간관계 형성...",행사에는 서부발전 임직원 10여 명과 이재열 서울대 사회학과 교수 등이 참여했다. 자립준비청년은 아동복지시설이나 위탁가정에서 보호받다가 만 18세 이후 보호가 끝나 홀로서기에 나서는 청년을 뜻한다....,2026-09-28 16:04,https://www.hankyung.com/article/2026092885081,https://n.news.naver.com/mnews/article/015/0005336684?sid=101
서울대학교,머니투데이,한국원자력연구원 신임 원장에 정우식 세종대 양자원자력공학과 교수,"정 신임 원장은 1987년 서울대에서 원자핵공학 학사를, 1989년 KAIST(카이스트)에서 원자력공학 석사 학위를 취득한 후 1993년 동 대학원에서 원자력공학 박사를 취득했다. 이후 원자력연 책임연구원으로 근무하다...",2026-09-28 16:04,https://www.mt.co.kr/tech/2026/09/28/2026092815592612014,https://n.news.naver.com/mnews/article/008/0005419160?sid=105
연세대학교,디일렉,"리미니스트리트, 연세의료원 SAP ERP 유지보수 지원","세브란스병원, 강남세브란스병원, 용인세브란스병원을 비롯해 연세대학교 의과대학·치과대학·간호대학을 운영하는 연세의료원은 SAP ECC 6.0 EHP7(HR·Payroll 포함)을 행정정보시스템(MIS)의 기반으로 운영하고 있으며...",2026-09-28 16:02,https://www.thelec.kr/news/articleView.html?idxno=62827,https://www.thelec.kr/news/articleView.html?idxno=62827
고려대학교,데일리시큐,"'트러스트404' 29일 결선, 디지털자산 탈취 막을 기술 겨룬다","안암145와 고려대학교 블록체인 학회 블록체인밸리가 공동 주최하며, 코리아블록체인위크 2026 기간에 진행된다. 기술 심사를 통과한 4개 팀이 개발 결과를 발표한다. 대회는 이용자가 지갑에서 거래를 승인하기 전에...",2026-09-28 16:02,https://www.dailysecu.com/news/articleView.html?idxno=208617,https://www.dailysecu.com/news/articleView.html?idxno=208617
서울대학교,머니투데이,한국전기연구원 신임 원장에 강상희 명지대 전기전자공학부 교수,"강 신임원장은 1985년 서울대에서 전기공학 학사를, 1987년 전기공학 석사를 취득했다. 1993년 동 대학원 전기공학 박사 취득 후 1994년 명지대 전기전자공학부 교수로 부임했다. 이후 차세대전력기술연구센터 소장...",2026-09-28 16:02,https://www.mt.co.kr/tech/2026/09/28/2026092815530942670,https://n.news.naver.com/mnews/article/008/0005419159?sid=105
서울대학교,연합인포맥스,"'반도체 황금기' 맞은 코스피…글로벌 IB ""주주환원 확대할 적기""","28일 위니 콴 캐피탈그룹 최고투자책임자(PIO)는 더그랜드롯데 서울 2층 국제컨퍼런스장에서 열린... 정준혁 서울대학교 법학전문대학원 교수는 ""(자본시장 선진화는) 법, 제도 측면에서는 몇 가지 남았지만 거의 완비됐다...",2026-09-28 16:02,https://news.einfomax.co.kr/news/articleView.html?idxno=4436728,https://news.einfomax.co.kr/news/articleView.html?idxno=4436728
서울대학교,전자신문,"[ET단상]누가 고르고, 무엇으로 검증하는가",다음 60년에는 과학의 내용뿐 아니라 과학하는 방식도 다시 설계해야 한다. 그 변화의 출발점은 정책 문서가 아니라 연구 현장이어야 한다. 권오남 한국과학기술단체총연합회 회장·서울대 수학교육과 교수,2026-09-28 16:01,https://www.etnews.com/20260928000177,https://n.news.naver.com/mnews/article/030/0003470447?sid=110
고려대학교,국민일보,"은퇴 후 4년, 4600매에 담은 로마서…“문서전도에 쓰이길”",제주 출신인 좌 목사는 고려대 경영학과를 졸업한 뒤 외환은행과 동부그룹에서 근무했다. 호주로 이민해 시드니 호주장로교신학대학(PTC)을 졸업하고 목사 안수를 받았다. 이후 시드니에서 한인교회를 개척해 14년간...,2026-09-28 16:00,https://www.kmib.co.kr/article/view.asp?arcid=9000017789&cp=nv,https://n.news.naver.com/mnews/article/005/0001875384?sid=103
고려대학교,동아일보,"고려대 세종산학협력단, 스마트 IoT·AI 융합 결실…교육 성황리 마무리",고려대학교 세종캠퍼스 산학협력단이 디지털 신기술 인재를 기르기 위한 ‘2026년도 ICT이노베이션스퀘어... 아래 고려대 세종캠퍼스가 운영을 맡았다. 세종 지역 내 정보통신기술 분야에서 즉시 현장에 투입할 수 있는...,2026-09-28 16:00,https://www.donga.com/news/Economy/article/all/20260928/134744668/1,https://n.news.naver.com/mnews/article/020/0003751048?sid=101
서울대학교,에너지경제,금융위 “레버리지 아닌 실적으로”…저PBR 기업 명단 공표·베어허그 ...,"정준혁 서울대 법학전문대학원 교수는 “법 제도는 상당 부분 완비됐다""며 “지금부터는 시장과 투자자, 경영자의 시간""이라고 말했다. 정 교수는 개인투자자가 1500만명에 이르는 만큼 투자자 보호가 정치·사회적...",2026-09-28 16:00,https://www.ekn.kr/web/view.php?key=20260928020469538,https://www.ekn.kr/web/view.php?key=20260928020469538
서울대학교,서울경제,"NST, 정우식 한국원자력연구원 신임 원장 선임","국가과학기술연구회(NST)는 28일 제249회 임시이사회를 개최, 정우식 세종대학교 양자원자력공학과 교수를 한국원자력연구원 원장으로 선임했다고 밝혔다. 신임 정 원장은 서울대학교에서 1987년 원자핵공학 학사...",2026-09-28 16:00,https://www.sedaily.com/article/20095635?ref=naver,https://n.news.naver.com/mnews/article/011/0004666010?sid=102
서울대학교,CNB저널,"마포구, 김난도 서울대학교 명예교수가 마포구민과 함께 미래의 마음 건...",김난도 서울대학교 명예교수가 마포구민과 함께 미래의 마음 건강 트렌드를 짚는다. 마포구(구청장 유동균)는 10월 13일 개최되는 김난도 서울대학교 소비자학과 명예교수 초청 강연 '마음의 트렌드를 읽다'에 참여할...,2026-09-28 16:00,https://www.cnbizm.com/news/articleView.html?idxno=316371,https://www.cnbizm.com/news/articleView.html?idxno=316371
서울대학교,뉴시안,[현장] '코리아 디스카운트' 손본다…금융기관 장기자금·코스닥·레버리...,"28일 서울 중구 더그랜드롯데 서울에서 열린 '코리아 프리미엄 위크 2026'에서 자본시장 개혁 방안을 주제로... 정준영 서울대학교 법학전문대학원 교수는 ""지금부터는 시장과 투자자, 경영자의 시간이 온 것""이라며 법...",2026-09-28 15:58,http://www.newsian.co.kr/news/articleView.html?idxno=96102,http://www.newsian.co.kr/news/articleView.html?idxno=96102
서울대학교,디트뉴스24,"배일권 신임 세종시 부시장 ""행정수도 특별법 연내 통과 최우선""",1972년 서울 출생인 배 부시장은 서울대 사회학과를 졸업하고 서울대와 미국 시라큐스대학교 대학원에서 행정학 석사학위를 받았다. 제42회 행정고시에 합격해 1999년 공직에 입문했다. 이후 행정안전부 글로벌전자정부과장...,2026-09-28 15:58,http://www.dtnews24.com/news/articleView.html?idxno=815583,http://www.dtnews24.com/news/articleView.html?idxno=815583
서울대학교,경북일보,"대구대 영재교육원, AI·융합·외국어 신입생 105명 선발","대구대학교 글로벌브릿지 영재교육원이 지역의 창의융합형 미래 인재를 발굴·육성하기 위해 2027학년도... 및 서울대, KAIST, POSTECH, DGIST 등 주요 대학의 과학·AI SW 융복합 학과에 다수 진학하는 성과를 거두고 있다....",2026-09-28 15:56,https://www.kyongbuk.co.kr/news/articleView.html?idxno=4085528,https://www.kyongbuk.co.kr/news/articleView.html?idxno=4085528
서울대학교,연합뉴스,서영준 영월의료원장 연임…경영 적자 개선 등 성과 인정받아,"영남대를 졸업한 서 원장은 서울대 보건대학원에서 보건학 석사, 미국 아이오와대에서 병원 및 보건행정 박사학위를 받았다. 가톨릭대 성바오로병원 행정처장과 삼척의료원장, 연세대 미래캠퍼스 보건행정학부 교수...",2026-09-28 15:55,https://www.yna.co.kr/view/AKR20260928120500062?input=1195m,https://n.news.naver.com/mnews/article/001/0016341326?sid=102
연세대학교,연합뉴스,서영준 영월의료원장 연임…경영 적자 개선 등 성과 인정받아,"영남대를 졸업한 서 원장은 서울대 보건대학원에서 보건학 석사, 미국 아이오와대에서 병원 및 보건행정 박사학위를 받았다. 가톨릭대 성바오로병원 행정처장과 삼척의료원장, 연세대 미래캠퍼스 보건행정학부 교수...",2026-09-28 15:55,https://www.yna.co.kr/view/AKR20260928120500062?input=1195m,https://n.news.naver.com/mnews/article/001/0016341326?sid=102
연세대학교,데일리굿뉴스,"재한몽골인 320명 한자리에…""다음 세대에 믿음의 유산을""","신한대 심리학과 푸렙수렝 교수는 한국생활에서 경험하는 스트레스와 이를 건강하게 극복하는 방법을 나눴으며, 연세대 생명공학 분야 엥흐타이왕 연구교수는 전공 선택과 대학생활을 주제로 다음세대의 진로에...",2026-09-28 15:54,https://www.goodnews1.com/news/articleView.html?idxno=464620,https://www.goodnews1.com/news/articleView.html?idxno=464620
연세대학교,프레스나인,한화에어로스페이스 '1980년생 이하·11개 대학' 채용 논란…대표 사과...,"서울·판교 근무자는 서울대·연세대·고려대 등을 포함한 국내 11개 대학 출신을 대상으로 하고, 해외 대학은 QS 세계대학순위 100위권 이내를 기준으로 삼은 것으로 보도됐다. 대전·보은·창원 등 지방 사업장에는 지역...",2026-09-28 15:52,http://www.press9.kr/news/articleView.html?idxno=83350,http://www.press9.kr/news/articleView.html?idxno=83350
연세대학교,뉴시스,2026 한·일 금융협력 콘퍼런스,"왼쪽부터 현석 연세대 교수, 유광열 녹색금융포럼 대표, 이토 유타카 일본 금융청장, 이찬진 금감원장, 황성엽 금융투자협회 회장, 정상혁 신한은행장, 김세완 자본시장연구원 원장, 정유신 디지털경제금융연구원...",2026-09-28 15:52,https://www.newsis.com/view/NISI20260928_0021463104,https://n.news.naver.com/mnews/article/003/0014218377?sid=104
서울대학교,프레스나인,한화에어로스페이스 '1980년생 이하·11개 대학' 채용 논란…대표 사과...,"서울·판교 근무자는 서울대·연세대·고려대 등을 포함한 국내 11개 대학 출신을 대상으로 하고, 해외 대학은 QS 세계대학순위 100위권 이내를 기준으로 삼은 것으로 보도됐다. 대전·보은·창원 등 지방 사업장에는 지역...",2026-09-28 15:52,http://www.press9.kr/news/articleView.html?idxno=83350,http://www.press9.kr/news/articleView.html?idxno=83350
고려대학교,프레스나인,한화에어로스페이스 '1980년생 이하·11개 대학' 채용 논란…대표 사과...,"연령대를 고려한다는 이유로 '1980년생 이하'를 기준으로 제시하고, 연령 기준을 필수적으로 충족하도록 하는 내용이 담겼다. 출신 대학에 대한 내부 기준도 있었다. 서울·판교 근무자는 서울대·연세대·고려대 등을...",2026-09-28 15:52,http://www.press9.kr/news/articleView.html?idxno=83350,http://www.press9.kr/news/articleView.html?idxno=83350
서울대학교,조선일보,"카카오, CA협의체 공동의장에 김도영… 인적분할 준비",김 내정자는 1975년생으로 서울대 항공우주공학과를 졸업한 뒤 같은 학교 경영전문대학원에서 석사(MBA) 학위를 받았다. 삼성SDS 선임컨설턴트를 거쳐 2007년부터 2022년까지 삼성증권 IB본부에서 근무했다. 이후...,2026-09-28 15:51,https://www.chosun.com/economy/tech_it/2026/09/28/JJUOZKUSABFNVC5AUW7MX5WLHI/?utm_source=naver&utm_medium=referral&utm_campaign=naver-news,https://n.news.naver.com/mnews/article/023/0004000762?sid=105
연세대학교,뉴시스,"국힘 ""정부, 연금개혁안 조속히 국회에 제출해야…미뤄선 안 돼""","또한 구인회 서울대 사회복지학과 교수, 양재진 연세대 행정학과 교수, 김학주 동국대 교수, 오건호 내가만드는복지국가 공동대표, 윤석명 보건사회연구원 명예연구위원, 박준섭 전 서울대 총학생회장 직무대행과 정부...",2026-09-28 15:49,https://www.newsis.com/view/NISX20260928_0003805619,https://n.news.naver.com/mnews/article/003/0014218363?sid=100
서울대학교,뉴시스,"국힘 ""정부, 연금개혁안 조속히 국회에 제출해야…미뤄선 안 돼""","또한 구인회 서울대 사회복지학과 교수, 양재진 연세대 행정학과 교수, 김학주 동국대 교수, 오건호 내가만드는복지국가 공동대표, 윤석명 보건사회연구원 명예연구위원, 박준섭 전 서울대 총학생회장 직무대행과 정부...",2026-09-28 15:49,https://www.newsis.com/view/NISX20260928_0003805619,https://n.news.naver.com/mnews/article/003/0014218363?sid=100
연세대학교,잡포스트,"세종사이버대 경영학과, KAIST 경영 석학 초청 특강 릴레이 진행","연세대학교에서 학사·석사·박사를 마치고 미국 펜실베이니아주립대학교 경영대학원(MBA)을 이수했다. 영국 애버딘대학교 교수와 미국 조지메이슨대학교 석좌교수, KAIST 해외캠퍼스를 통괄하는 G-School 초대원장을...",2026-09-28 15:48,https://www.job-post.co.kr/news/articleView.html?idxno=229490,https://www.job-post.co.kr/news/articleView.html?idxno=229490
서울대학교,뉴시스,"GIST부설 AI영재학교, 미래인재 교육 첫 담론 연다","첫 번째 세션에서는 'Post-AI 시대, 영재학교의 지향점은 어디인가'를 주제로 염재호 태재대학교 총장이... 두 번째 세션에서는 'Post-AI 시대의 영재를 어떻게 육성할 것인가'를 주제로 백민경 서울대학교 생명과학부...",2026-09-28 15:47,https://www.newsis.com/view/NISX20260928_0003805626,https://n.news.naver.com/mnews/article/003/0014218357?sid=102
고려대학교,여성신문,"수원시, ‘혐오의 시대, 어떻게 존엄하게 살것인가’… 시민 인권 아카...","10월 21일에는 최호근 고려대 사학과 교수가 '혐오의 언어, 차별의 자연화'를 주제로 혐오와 차별의 사회적 배경을 짚는다. 27일에는 박한희 무지개행동 공동대표인 변호사가 성소수자 등 사회적 소수자에 대한 편견과...",2026-09-28 15:47,https://www.womennews.co.kr/news/articleView.html?idxno=282665,https://n.news.naver.com/mnews/article/310/0000140350?sid=102
연세대학교,여성신문,"수원시, ‘혐오의 시대, 어떻게 존엄하게 살것인가’… 시민 인권 아카...","12일에는 조문영 연세대 문화인류학과 교수가 지역과 주거지, 계급과 빈곤이 결합해 발생하는 불평등을 분석한다. 마지막 강연인 11월 18일에는 이라영 작가가 '가능한 연대: 존엄을 지키기 위한 우리의 대응'을 주제로...",2026-09-28 15:47,https://www.womennews.co.kr/news/articleView.html?idxno=282665,https://n.news.naver.com/mnews/article/310/0000140350?sid=102
서울대학교,매일일보,9월 모평 국어 어렵고 수학·영어 쉬웠다… 수학 만점자 2741명,"이투스에듀는 제2외국어·한문 성적에 등급별 감점을 적용하는 서울대 인문계열 지원 등을 고려한 수험생 선택이 영향을 미친 것으로 분석했다. 김병진 이투스 교육평가연구소장은 ""9월 모평에서는 국어와...",2026-09-28 15:46,https://www.m-i.kr/news/articleView.html?idxno=1418620,https://www.m-i.kr/news/articleView.html?idxno=1418620
서울대학교,뉴스1,충남대병원 한국형 ARPA-H 프로젝트 공동연구개발기관 선정,"주관연구개발기관은 서울대학교병원이며, 충남대학교병원을 비롯해 강원대학교병원, 경북대학교병원, 건국대학교병원, 전북대학교병원, ㈜아크릴, 인프메딕스 주식회사가 공동연구개발기관으로 참여한다....",2026-09-28 15:46,https://www.news1.kr/local/daejeon-chungnam/6303463,https://n.news.naver.com/mnews/article/421/0009195772?sid=102
서울대학교,바이오타임즈,"온코크로스, 오믹스 분석 'Neo Omics' 사업 본격화…""2~3주 내 분석","의료·학술 분야에서는 국립암센터, 화순전남대학교병원, 삼성서울병원, 서울대학교병원과 경희대학교, 연세대학교 등으로 적용 범위를 넓혀가고 있다. 온코크로스는 분석 서비스 확대와 함께 오믹스 데이터를...",2026-09-28 15:46,https://www.biotimes.co.kr/news/articleView.html?idxno=34749,https://www.biotimes.co.kr/news/articleView.html?idxno=34749
고려대학교,뉴시스,"건정연, 개원 20주년 세미나…AI·스마트건설 미래 비전 모색",이어 건정연 제4대 원장을 지낸 박상우 전 국토교통부 장관(고려대 공학대학원 석좌교수)이 'AI로 건설산업의 날개를 달자'를 주제로 기조강연에 나선다. 세미나에선 박선구 경제금융연구실장이 '건설시장 변화에 따른...,2026-09-28 15:46,https://www.newsis.com/view/NISX20260928_0003805629,https://n.news.naver.com/mnews/article/003/0014218356?sid=101
연세대학교,바이오타임즈,"온코크로스, 오믹스 분석 'Neo Omics' 사업 본격화…""2~3주 내 분석","연구기관, 대학 등으로 고객 기반을 확대하고 있다. Neo Omics는 오믹스 데이터를 생산하는 데 그치지 않고... 경희대학교, 연세대학교 등으로 적용 범위를 넓혀가고 있다. 온코크로스는 분석 서비스 확대와 함께...",2026-09-28 15:46,https://www.biotimes.co.kr/news/articleView.html?idxno=34749,https://www.biotimes.co.kr/news/articleView.html?idxno=34749
고려대학교,뉴시스,"고려대, '노벨화학상 수상자' 기타가와 스스무 교수 초청 특강",특히 기타가와 교수가 고려대 KU-한국과학기술연구원(KIST)융합대학원 석좌교수로 임용된 것을 기념해 의미를 더한다. 다공성 금속-유기 골격체(MOF/PCP)를 개발한 세계적 화학자 기타가와 교수는 오마르 M. 야기 미국 UC...,2026-09-28 15:45,https://www.newsis.com/view/NISX20260928_0003805514,https://n.news.naver.com/mnews/article/003/0014218341?sid=102
서울대학교,CNB뉴스,포레스텔라가 나주에 뜬다…영산강서 펼쳐지는 '문라이트 심포니',"국립오페라단과 서울시오페라단 등에서 '라 트라비아타', '토스카', '마술피리', '라보엠' 등 다양한 오페라의 주역으로 활약하며 섬세한 표현력과 풍부한 성량을 선보여 왔다. 테너 이호철은 서울대학교 음악대학...",2026-09-28 15:44,https://www.cnbnews.com/news/articleView.html?idxno=1017265,https://www.cnbnews.com/news/articleView.html?idxno=1017265
서울대학교,한국대학신문,"""SKY 말고 의대갈래요""… 지난 5년간 중도탈락 1만 명 ↑","(사진= 한국대학신문 DB)  서울대·연세대·고려대(이하 서연고)의 최근 5년 간 중도탈락 학생 수가 1만... 대학별로 살펴보면 2025년 서울대 375명, 연세대 801명, 고려대 836명이 중도탈락했다. 2025년 서연고 중도탈락...",2026-09-28 15:44,https://news.unn.net/news/articleView.html?idxno=597964,https://news.unn.net/news/articleView.html?idxno=597964
서울대학교,파이낸셜포스트,"'IB·재무통' 김도영, 카카오 CA협의체 공동의장 선임…인적 분할 속도","1975년생인 김 신임 공동 의장은 서울대 항공우주공학과, 서울대 경영전문대학원(MBA)을 졸업한 뒤 삼성SDS를 거쳐 2007년부터 2022년까지 삼성증권 IB본부 이사로 15년간 자본 시장을 누빈 딜 메이커다. 특히 2022년부터...",2026-09-28 15:44,https://www.financialpost.co.kr/news/articleView.html?idxno=277624,https://www.financialpost.co.kr/news/articleView.html?idxno=277624
고려대학교,한국대학신문,"""SKY 말고 의대갈래요""… 지난 5년간 중도탈락 1만 명 ↑","(사진= 한국대학신문 DB)  서울대·연세대·고려대(이하 서연고)의 최근 5년 간 중도탈락 학생 수가 1만 명을 넘어섰다. 지역의사제 도입으로 의대 모집정원이 확대되면서, 지방에서 서연고에 입학한 학생들의...",2026-09-28 15:44,https://news.unn.net/news/articleView.html?idxno=597964,https://news.unn.net/news/articleView.html?idxno=597964
연세대학교,한국대학신문,"""SKY 말고 의대갈래요""… 지난 5년간 중도탈락 1만 명 ↑","(사진= 한국대학신문 DB)  서울대·연세대·고려대(이하 서연고)의 최근 5년 간 중도탈락 학생 수가 1만 명을 넘어섰다. 지역의사제 도입으로 의대 모집정원이 확대되면서, 지방에서 서연고에 입학한 학생들의...",2026-09-28 15:44,https://news.unn.net/news/articleView.html?idxno=597964,https://news.unn.net/news/articleView.html?idxno=597964
서울대학교,데일리한국,"나주영산강축제, 포레스텔라·성악가 총 출동",소프라노 김은경은 서울대 성악과와 이탈리아 로시니 국립음악원을 졸업하고 국립오페라단 등의 주역으로 활약해 온 실력파 성악가다. 테너 이호철 역시 서울대와 독일 함부르크 국립음대를 거쳐 독일 주요...,2026-09-28 15:42,https://daily.hankooki.com/news/articleView.html?idxno=1410070,https://daily.hankooki.com/news/articleView.html?idxno=1410070
고려대학교,이데일리,"선관위 특검, '선거 부실관리 등 의혹' 노태악 출국금지 연장","또 지난 22일 디지털 포렌식 역량 강화를 위해 이상진 고려대 정보보호대학원 교수, 원유집 한국과학기술원 전기및전자공학부 교수, 김기범 성균관대 과학수사학과 교수, 이병영 서울대 전기정보공학부 교수 등 자문위원...",2026-09-28 15:41,https://www.edaily.co.kr/News/Read?newsId=03384966645584712&mediaCodeNo=257&utm_source=naver&utm_medium=referral&utm_campaign=news_syndication&utm_content=original_article,https://n.news.naver.com/mnews/article/018/0006376445?sid=102
서울대학교,이데일리,"선관위 특검, '선거 부실관리 등 의혹' 노태악 출국금지 연장","노태악 전 중앙선관위원장이 지난 7월 1일 서울 여의도 국회에서 열린 제9회 전국동시지방선거 투표용지... 교수, 김기범 성균관대 과학수사학과 교수, 이병영 서울대 전기정보공학부 교수 등 자문위원 4명을 위촉했다.",2026-09-28 15:41,https://www.edaily.co.kr/News/Read?newsId=03384966645584712&mediaCodeNo=257&utm_source=naver&utm_medium=referral&utm_campaign=news_syndication&utm_content=original_article,https://n.news.naver.com/mnews/article/018/0006376445?sid=102
서울대학교,프레시안,경영 적자 개선 성과 입증한 서영준 영월의료원장 '연임',"서 원장은 영남대학교를 졸업하고 서울대학교 보건대학원에서 보건학 석사학위를, 미국 아이오와대학교에서 병원 및 보건행정 박사학위를 받았다. 가톨릭대병원 행정처장, 삼척의료원장, 연세대학교 미래캠퍼스...",2026-09-28 15:41,https://www.pressian.com/pages/articles/2026092815304063167?utm_source=naver&utm_medium=search,https://n.news.naver.com/mnews/article/002/0002458496?sid=102
연세대학교,프레시안,경영 적자 개선 성과 입증한 서영준 영월의료원장 '연임',"서 원장은 영남대학교를 졸업하고 서울대학교 보건대학원에서 보건학 석사학위를, 미국 아이오와대학교에서 병원 및 보건행정 박사학위를 받았다. 가톨릭대병원 행정처장, 삼척의료원장, 연세대학교 미래캠퍼스...",2026-09-28 15:41,https://www.pressian.com/pages/articles/2026092815304063167?utm_source=naver&utm_medium=search,https://n.news.naver.com/mnews/article/002/0002458496?sid=102
고려대학교,더퍼블릭,연세대·고려대도 접수번호로 지원자 수 유추…경쟁률 비공개 무슨 소용,국회 교육위원회 김희정 위원장(국민의힘·부산 연제구)이 한국대학교육협의회를 통해 확인한 결과... 연세대·고려대·한양대 등 서울 소재 대학 30곳이 포함됐다. 부산대·인천대·충북대·제주대 등 국립대도 25곳에...,2026-09-28 15:40,https://www.thepublic.kr/news/articleView.html?idxno=320238,https://www.thepublic.kr/news/articleView.html?idxno=320238
서울대학교,폴리뉴스,"""영산강 달빛 아래 포레스텔라""… 나주영산강축제 토요일 밤, 성악가 2명...","국립오페라단과 서울시오페라단 무대에서 '라 트라비아타', '토스카', '마술피리', '라보엠'의 주역을 맡아 왔다. 이호철은 서울대학교 음악대학 성악과와 독일 함부르크 국립음대를 거쳐 뮌헨, 만하임, 다름슈타트 등 독일...",2026-09-28 15:40,https://www.polinews.co.kr/news/articleView.html?idxno=744220,https://www.polinews.co.kr/news/articleView.html?idxno=744220
서울대학교,한겨레,"북 적대감·미 회의감 여파…“통일 불가능” 여론 39%, “핵무장 찬성...","서울대학교 통일평화연구원(연구원)의 ‘2026 통일의식조사’ 요약문을 28일 보면, ‘통일이 언제쯤... 김범수 서울대 통일평화연구원장은 “북한의 ‘적대적 두 국가’ 정책이 가시화하면서 불신·위협·통일...",2026-09-28 15:40,https://www.hani.co.kr/arti/society/society_general/1279782.html,https://n.news.naver.com/mnews/article/028/0002824951?sid=102
서울대학교,시민일보,"관악구, 10월31일 과학예술융합놀이터 개최","예술체험존에서는 서울대학교 미술교육과 동아리와 함께하는 탁본·레진 딥아트 체험을 할 수 있으며, 액팅체험존에서는 스포츠 리듬 트레이닝과 중앙대학교 국궁 동아리 '쏜살'의 국궁 체험 등이 진행된다. 올해 새롭게...",2026-09-28 15:40,https://www.siminilbo.co.kr/news/newsview.php?ncode=1160288196988865,https://www.siminilbo.co.kr/news/newsview.php?ncode=1160288196988865
연세대학교,더퍼블릭,연세대·고려대도 접수번호로 지원자 수 유추…경쟁률 비공개 무슨 소용,국회 교육위원회 김희정 위원장(국민의힘·부산 연제구)이 한국대학교육협의회를 통해 확인한 결과... 연세대·고려대 등 서울 30곳…국립대도 25곳 포함 이 같은 구조는 일부 대학에 그치지 않았다. 연세대·고려대...,2026-09-28 15:40,https://www.thepublic.kr/news/articleView.html?idxno=320238,https://www.thepublic.kr/news/articleView.html?idxno=320238
연세대학교,더퍼블릭,수천억 쌓아놓고 3년 내 쓸 돈은 '0원'…사립대 적립금의 민낯,"반면 홍익대는 기말추정잔액의 60%, 이화여대는 53%, 연세대는 52%를 3년 이내 사용 구간에 배정했다. 대학별 적립 목적과 사업 일정에 차이가 있더라도, 돈을 쌓아두는 기간과 활용 계획에서 상당한 격차가 드러난...",2026-09-28 15:40,https://www.thepublic.kr/news/articleView.html?idxno=320235,https://www.thepublic.kr/news/articleView.html?idxno=320235
서울대학교,한국경제,"한국지역정보개발원장에 우정민 前 KT 부사장…""AI 지방시대 열겠다""","우 원장은 서울대 산업공학과를 졸업하고 한국과학기술원(KAIST)에서 경영학 석사학위를 받았다. KT에서... 격차를 해소하고 국민이 체감할 수 있는 안전하고 편리한 AI 지방시대를 여는 데 힘쓰겠다""고 강조했다. 서울=",2026-09-28 15:39,https://www.hankyung.com/article/202609289734h,https://n.news.naver.com/mnews/article/015/0005336647?sid=102
연세대학교,지디넷코리아,"연세의료원, SAP ERP 유지보수 파트너로 리미니스트리트 선정","(사진=리미니스트리트) 연세의료원은 세브란스병원, 강남세브란스병원, 용인세브란스병원과 연세대학교 의과대학·치과대학·간호대학을 운영하는 국내 대표 의료기관이다. 최근에는 의료 AI, 빅데이터, 스마트병원...",2026-09-28 15:38,https://zdnet.co.kr/view/?no=20260928153648,https://n.news.naver.com/mnews/article/092/0002438978?sid=105
고려대학교,더퍼블릭,[김상은 문화칼럼] 하나의 완결은 언제나 새로운 탄생,"- 김상은 문화평론가 약력 ▲도서 '공감자본', '살아지는 예술', '사표 한 장, 그리고 문화가 다시 즐거워 졌다' 저자 ▲고려대학교 문화콘텐츠학과 박사 수료 ▲충북대학교 세종국가정책대학원 정책학 석사 ▲중앙대학교...",2026-09-28 15:38,https://www.thepublic.kr/news/articleView.html?idxno=320273,https://www.thepublic.kr/news/articleView.html?idxno=320273
서울대학교,뉴스워커,"나주시, '가을밤의 클래식'... 10월 10일 영산강축제서 품격 선율 선사","김은경은 서울대학교 음악대학 성악과와 이탈리아 로시니 국립음악원을 거쳤으며, KBS 신인음악제 입상과 이탈리아 페스카라 국제콩쿠르 우승으로 국내외 음악계의 주목을 받았다. 국립오페라단과 서울시오페라단...",2026-09-28 15:38,https://www.newsworker.co.kr/news/articleView.html?idxno=506159,https://www.newsworker.co.kr/news/articleView.html?idxno=506159
서울대학교,에듀동아,'볶음밥 오케스트라' 전석 매진…어린이 참여형 음악극 성황,서울대학교 및 해외 음악대학에서 수학하고 주요 오케스트라와 전문 연주단체에서 활동해온 연주자들이 참여해 어린이 공연에서 실연을 선보였다. 관객 참여를 적극 이끌어낸 점도 흥행 요인으로 꼽혔다. 어린이...,2026-09-28 15:38,https://edu.donga.com/news/articleView.html?idxno=112295,https://edu.donga.com/news/articleView.html?idxno=112295
서울대학교,불교닷컴,정암사 인문학콘서트 '우리가 보는 세상은 진실한가',"한민은 고려대에서 문화 및 사회심리학 박사학위를 받고 서울대 행복연구센터 선임연구원 등을 역임했다. tvN '어쩌다 어른', CBS '세상을 바꾸는 시간 15분' 등 방송과 유튜브를 통해 대중에게 심리학을 전해왔다....",2026-09-28 15:36,http://www.bulkyo21.com/news/articleView.html?idxno=65132,http://www.bulkyo21.com/news/articleView.html?idxno=65132
고려대학교,메디칼타임즈,"한미약품, 낙소졸·오보덴스 활용 근골격계 치료 전략 제시","함께 고려해야 하는 만큼, 낙소졸은 임상근거를 갖춘 치료 옵션으로 활용될 수 있다""고 말했다.이틀 뒤 열린 19일 조찬 세션에서는 함창화 고려대 구로병원 척추신경외과 교수가 'Efficacy & Safety from a Global Phase 3...",2026-09-28 15:36,https://www.medicaltimes.com/Main/News/NewsView.html?ID=1170903&ref=naverpc,https://www.medicaltimes.com/Main/News/NewsView.html?ID=1170903&ref=naverpc
고려대학교,불교닷컴,정암사 인문학콘서트 '우리가 보는 세상은 진실한가',"한민은 고려대에서 문화 및 사회심리학 박사학위를 받고 서울대 행복연구센터 선임연구원 등을 역임했다. tvN '어쩌다 어른', CBS '세상을 바꾸는 시간 15분' 등 방송과 유튜브를 통해 대중에게 심리학을 전해왔다....",2026-09-28 15:36,http://www.bulkyo21.com/news/articleView.html?idxno=65132,http://www.bulkyo21.com/news/articleView.html?idxno=65132
고려대학교,메가경제,"소아응급 골든타임 사수…고대안암, '전담의 3명·병상 4개' 마련",고려대학교 안암병원이 권역응급의료센터 내 소아응급진료 체계를 강화한다. 소아응급환자를 전담할... 소아는 같은 질환이라도 성인과 증상이나 치료 과정이 다를 수 있어 연령과 상태를 고려한 응급진료가 필요하다....,2026-09-28 15:36,https://www.megaeconomy.co.kr/news/newsview.php?ncode=1065594646120528,https://www.megaeconomy.co.kr/news/newsview.php?ncode=1065594646120528
고려대학교,경향신문,"“동북아재단·한중연·고전번역원 통합 반대”···학계, 교육부 통합...","역사학회, 한국고대사학회, 한국고전번역학회 등 85개 학회와 연구소는 28일 서울 성북구 고려대 문과대학에서 기자회견을 열어 세 기관을 통합하려는 정부 계획을 철회하라고 촉구했다. 이들은 “세 기관은 설립 목적과...",2026-09-28 15:33,https://www.khan.co.kr/article/202609281533001,https://n.news.naver.com/mnews/article/032/0003472842?sid=103
고려대학교,JTBC,"""학술기관인데 효율만 앞세운 통합 반대""…교육부 산하기관 통합안에 반...","일체 고려 없이 추진돼 차세대 연구자 양성의 기반을 위협하고 있다""라고 우려했습니다. 학계 반발도... 한국고대사학회, 역사학회, 한국고전번역학회, 한국서지학회 등 85개 학회와 연구소도 오늘(28일) 고려대 문과대학에...",2026-09-28 15:33,https://news.jtbc.co.kr/article/NB12320306?influxDiv=NAVER,https://n.news.naver.com/mnews/article/437/0000513041?sid=102
서울대학교,중앙일보,“50세 넘고 이 음식 끊었다” 치매 명의 꼭 지키는 뇌 건강법,"(63) 서울대 의대 교수는 이런 통념에 정면으로 맞선다. 그는 치매를 조기에 발견하고, 적극적으로... “50세 넘은 뒤 이 음식은 끊었다.” 30년 넘게 알츠하이머병을 연구한 묵인희 서울대 의대 교수가 자신의...",2026-09-28 15:33,https://www.joongang.co.kr/article/25465248,https://n.news.naver.com/mnews/article/025/0003554203?sid=103
연세대학교,이투데이,연금 구조개혁 본격화…전문가들 “수급연령 조정·자동조정장치 논의...,양재진 연세대 행정학과 교수는 2070년 생산가능인구인 15~64세 비율이 46.1%로 줄고 65세 이상 인구는 46.4%까지 늘어날 것으로 전망했다. 2072년에는 생산가능인구보다 부양해야 할 노인 인구가 많아질 것으로 내다봤다. 양...,2026-09-28 15:32,https://www.etoday.co.kr/news/view/2629956,https://www.etoday.co.kr/news/view/2629956
서울대학교,DANDINEWS,"경상국립대, '인구변화가 바꾸는 나의 삶' 주제로 돌봄전문가 양성 특강...",경상국립대 앵커사업단 지역리빙랩(진주시) '커뮤니티 e-복지관'이 9월 22일 서울대 인구정책연구센터... (화) 서울대 인구정책연구센터 이상림 박사를 초청해 '인구변화가 바꾸는 나의 삶'을 주제로 강연을 진행했다....,2026-09-28 15:32,http://www.dandinews.com/news/articleView.html?idxno=17625,http://www.dandinews.com/news/articleView.html?idxno=17625
서울대학교,서울신문,"가을 맞은 관악구, 구청 광장·별빛내린천이 공연장으로 변신","서울 관악구는 문화의 달 10월을 맞아 별빛내린천, 구청 광장, 샤로수길 등 곳곳이 무대로 바뀌는 문화행사를... 다음 달 2일 오후 1시 구청 광장에서는 서울대 개교 80주년을 기념한 예술 주간을 맞아 서울대 ‘브런치...",2026-09-28 15:31,https://www.seoul.co.kr/news/publicnews/seoul_local/news_seoul/2026/09/28/20260928500166?wlog_tag3=naver,https://n.news.naver.com/mnews/article/081/0003684024?sid=102
연세대학교,위클리오늘,"[위클리오늘] 강원도, 고성 화진포에 글로벌 휴양관광지 조성 위한 대규...","서 원장은 영남대학교를 졸업하고 서울대학교 보건대학원에서 보건학 석사학위 취득 후 미국 아이오와대학교에서 병원 및 보건행정 박사학위를 취득하였으며, 카톨릭대병원 행정처장, 삼척의료원장, 연세대학교...",2026-09-28 15:30,http://www.weeklytoday.com/news/articleView.html?idxno=796060,http://www.weeklytoday.com/news/articleView.html?idxno=796060
서울대학교,SR타임스,"카카오, CA협의체 공동의장에 김도영 카카오X 대표 내정자 선임","김 내정자는 서울대 항공우주공학과를 졸업하고 서울대학교 경영전문대학원에서 경영학석사(MBA) 학위를 받았으며, 이후 삼성SDS 선임컨설턴트와 삼성증권 투자은행(IB)본부 이사, 코오롱모빌리티그룹 최고재무책임자...",2026-09-28 15:30,http://www.srtimes.kr/news/articleView.html?idxno=213380,http://www.srtimes.kr/news/articleView.html?idxno=213380
서울대학교,위클리오늘,"[위클리오늘] 강원도, 고성 화진포에 글로벌 휴양관광지 조성 위한 대규...","서 원장은 영남대학교를 졸업하고 서울대학교 보건대학원에서 보건학 석사학위 취득 후 미국 아이오와대학교에서 병원 및 보건행정 박사학위를 취득하였으며, 카톨릭대병원 행정처장, 삼척의료원장, 연세대학교...",2026-09-28 15:30,http://www.weeklytoday.com/news/articleView.html?idxno=796060,http://www.weeklytoday.com/news/articleView.html?idxno=796060
서울대학교,전국매일신문,"나주시, 영산강 달빛 수놓을 '문라이트 심포니' 10월 10일 개최","국립오페라단과 서울시오페라단 등에서 '라 트라비아타', '토스카', '마술피리', '라보엠' 등 주요 오페라의 주역으로 활동하며 섬세한 표현력과 풍부한 성량을 선보여 왔다. 테너 이호철은 서울대학교 음악대학 성악과와...",2026-09-28 15:30,https://www.jeonmae.co.kr/news/articleView.html?idxno=1296926,https://www.jeonmae.co.kr/news/articleView.html?idxno=1296926
고려대학교,뉴스1,"건정연, 내달 1일 개원 20주년 세미나…박상우 전 장관 AI 기조강연",이어 건정연 제4대 원장을 역임한 박상우 전 국토교통부 장관(고려대학교 공학대학원 석좌교수)이 'AI로 건설산업의 날개를 달자'를 주제로 기조강연을 진행한다. 박 석좌교수는 AI의 발전이 건설산업에 가져올 변화와...,2026-09-28 15:30,https://www.news1.kr/realestate/general/6303427,https://n.news.naver.com/mnews/article/421/0009195688?sid=101
서울대학교,ABC뉴스,10월 16일 양민제 피아노 독주회,"양민제는 모스크바 차이콥스키 음악원 부속 영재음악학교(Central Music School)를 우등생으로 졸업하고, 모스크바 차이콥스키 음악원과 동 대학원 최고연주자과정을 마쳤으며, 서울대학교 음악대학에서...",2026-09-28 15:28,https://www.abcn.kr/news/articleView.html?idxno=92417,https://www.abcn.kr/news/articleView.html?idxno=92417
서울대학교,CNB뉴스,"울진군, 황일순 교수 초청 특강···미래 에너지 비전 모색","경북 울진군은 다음달 8일 오후 5시 울진군청 대회의실에서 경북도 K-과학자 특강과 연계해 황일순 서울대학교 원자핵공학과 명예교수를 초청하고 '에너지, 경제, 환경 그리고 울진의 미래'를 주제로 제39회 목요특강을...",2026-09-28 15:28,https://www.cnbnews.com/news/articleView.html?idxno=1017257,https://www.cnbnews.com/news/articleView.html?idxno=1017257
고려대학교,메디코파마뉴스,"고려대 안암병원, 소아응급진료 체계 강화…전담전문의·전용병상 확충",고려대학교 안암병원이 소아응급환자 전담전문의를 확충하고 전용병상을 마련하며 소아응급진료 체계를... 고려대학교 안암병원은 최근 권역응급의료센터 내 소아응급실을 개소하고 개소기념식을 개최했다고 28일 밝혔다....,2026-09-28 15:28,https://www.medicopharma.co.kr/news/articleView.html?idxno=69663,https://www.medicopharma.co.kr/news/articleView.html?idxno=69663
고려대학교,파이낸셜뉴스,"선관위 특검, 노태악 전 선관위원장 출국금지 연장",특검은 압수물 분석 등에도 속도를 내고 있다. 지난 22일 이상진 고려대 정보보호대학원 교수 등 디지털 포렌식 전문가를 수사자문위원으로 위촉해 포렌식 관련 자문을 받기로 했다.,2026-09-28 15:26,https://www.fnnews.com/news/202609281514012776,https://n.news.naver.com/mnews/article/014/0005581697?sid=102
고려대학교,기호일보,함영욱 경기남부경찰청 광역수사단장,"전북 출신인 함 신임 단장은 동국대 경찰행정학과, 고려대 정보보호대학원 정보보호 박사를 졸업해 1995년 경위(간부후보 43기)로 입문했다. 충남청 수사과장, 전북 장수경찰서장, 경찰청 사이버수사기획과장, 서울...",2026-09-28 15:26,https://www.kihoilbo.co.kr/news/articleView.html?idxno=3035957,https://www.kihoilbo.co.kr/news/articleView.html?idxno=3035957
고려대학교,기호일보,"수리고 김유성, ISU 챌린저 시리즈 제34회 네펠라 메모리얼 우승","김유성은 27일(현지시간) 슬로바키아 브라티슬라바에서 열린 대회 여자 싱글 피겨스케이팅에서 총점 202.70점을 기록, 이해인(고려대190.55점)과 올리비아 랭옐로바(슬로바키아182.99점)를 여유있게 따돌리고...",2026-09-28 15:26,https://www.kihoilbo.co.kr/news/articleView.html?idxno=3035952,https://www.kihoilbo.co.kr/news/articleView.html?idxno=3035952
서울대학교,아시아경제,"증시 변동성 경고한 금융위 ""고빈도 매매, 규율방안 검토 중""","변제호 금융위원회 자본시장국장은 28일 더그랜드롯데 서울에서 열린 국내 최대 자본시장 기업설명(IR) 행사... 정준혁 서울대 법학전문대학원 교수는 ""여러 제도가 나왔으니 이제는 연성규범을 통해 관행을 만들어야...",2026-09-28 15:25,https://view.asiae.co.kr/article/2026092815255227716,https://n.news.naver.com/mnews/article/277/0005821623?sid=101
고려대학교,뉴시스,"선관위 특검, 노태악 전 중앙선관위원장 출국금지 연장","한편 특검은 지난 22일 디지털 포렌식 역량 강화를 위해 이상진 고려대 정보보호대학원 교수, 원유집 한국과학기술원 전기및전자공학부 교수, 김기범 성균관대 과학수사학과 교수, 이병영 서울대 전기정보공학부 교수 등...",2026-09-28 15:25,https://www.newsis.com/view/NISX20260928_0003805544,https://n.news.naver.com/mnews/article/003/0014218246?sid=102
서울대학교,뉴시스,"선관위 특검, 노태악 전 중앙선관위원장 출국금지 연장","사건을 넘겨받은 특검은 6·3 지방선거 당시 서울 송파, 강남 등 일부 투표소에서 발생한 투표용지 부족... 교수, 김기범 성균관대 과학수사학과 교수, 이병영 서울대 전기정보공학부 교수 등 자문위원 4명을 위촉했다.",2026-09-28 15:25,https://www.newsis.com/view/NISX20260928_0003805544,https://n.news.naver.com/mnews/article/003/0014218246?sid=102
고려대학교,뉴스1,경쟁률 숨겨도 접수번호 보면 안다…대학 143곳서 우회 확인 가능,28일 국회 교육위원회 김희정 위원장(국민의힘·부산 연제구)이 한국대학교육협의회를 통해 전국 일반대학의... 조사 대상 대학 중에서는 연세대·고려대·한양대 등 서울 소재 대학 30곳과 부산대·인천대·충북대·제주대...,2026-09-28 15:24,https://www.news1.kr/society/education/6303404,https://n.news.naver.com/mnews/article/421/0009195650?sid=102
고려대학교,뉴스티앤티,"고려대, 노벨화학상 수상자 기타가와 교수 초청 '제12회 NIF' 개최","노벨상 수상자와 사회 각 분야의 주요 인사를 초청해 강연을 진행하며, 이번 행사는 기타가와 교수의 고려대 KU-KIST융합대학원 석좌교수 임용을 기념하는 자리이기도 하다. 기타가와 교수는 금속-유기 골격체...",2026-09-28 15:24,https://www.newstnt.com/news/articleView.html?idxno=720316,https://www.newstnt.com/news/articleView.html?idxno=720316
연세대학교,한국금융신문,안산·인천·부산 대학가 아파트 신고가…공통점 살펴보니,"대학원 45개교와 기타 47개교를 제외한 일반·교육·전문대학은 324개교로, 이들 대학에서 근무하는... 주변에는 연세대학교와 이화여자대학교, 서강대학교, 홍익대학교 등이 있으며 지하철 2·5호선 충정로역과...",2026-09-28 15:24,https://www.fntimes.com/html/view.php?ud=202609281518559561048b718333_18,https://www.fntimes.com/html/view.php?ud=202609281518559561048b718333_18
연세대학교,뉴스1,경쟁률 숨겨도 접수번호 보면 안다…대학 143곳서 우회 확인 가능,28일 국회 교육위원회 김희정 위원장(국민의힘·부산 연제구)이 한국대학교육협의회를 통해 전국 일반대학의... 조사 대상 대학 중에서는 연세대·고려대·한양대 등 서울 소재 대학 30곳과 부산대·인천대·충북대·제주대...,2026-09-28 15:24,https://www.news1.kr/society/education/6303404,https://n.news.naver.com/mnews/article/421/0009195650?sid=102
서울대학교,뉴스웨이,"""레버리지 아닌 기업 실적으로""…금융당국, 자본시장 체질 개선 박차[코...","변제호 금융위원회 자본시장국장은 28일 서울 중구 더그랜드롯데 서울에서 열린 '코리아 프리미엄 위크 2026... 정준혁 서울대 법학전문대학원 교수는 ""지금부터는 시장과 투자자 그리고 경영자의 시간이 온 게 아닌가...",2026-09-28 15:24,https://www.newsway.co.kr/news/view?ud=2026092815052115691,https://www.newsway.co.kr/news/view?ud=2026092815052115691
서울대학교,뉴스클레임,[농협 인사 전망]① 강호동 수사 속 자리 바뀐 수뇌부… 연말 인사 앞둔...,"후임으로 들어온 김주양은 1967년생으로 서울대 농학과를 졸업했고 1992년 농협중앙회에 입사했다. 이후... 건국대 축산학과를 졸업한 뒤 농협은행 서울강북사업부장과 디지털 관련 부행장, 농협금융 디지털금융부문 등을...",2026-09-28 15:22,https://www.newsclaim.co.kr/news/articleView.html?idxno=3076647,https://www.newsclaim.co.kr/news/articleView.html?idxno=3076647
서울대학교,뉴스티앤티,"건국대 연구팀, 우주 양성자에 의한 페로브스카이트 태양전지 손상 원인...",건국대학교는 이만종 교수 연구팀이 우주 양성자 조사에 따른 페로브스카이트 태양전지의 비가역적 손상... 이번 연구에는 건국대 이만종 교수를 비롯해 변장원·윤성필 연구원과 성균관대·경북대·서울대·고려대...,2026-09-28 15:22,https://www.newstnt.com/news/articleView.html?idxno=720312,https://www.newstnt.com/news/articleView.html?idxno=720312
서울대학교,중부매일,"한국신문윤리위, 오는 10월 1일 제2회 저널리즘 윤리포럼 개최","한국신문윤리위원회는 10월 1일 오후 2시 서울 한국프레스센터 19층 기자회견장에서 '2026 제2회 저널리즘 윤리... 이준웅 서울대 언론정보학과 교수, 김희원 한국일보 뉴스스탠다드실장, 최성진 한겨레신문 미디어본부...",2026-09-28 15:22,https://www.jbnews.com/news/articleView.html?idxno=1512376,https://www.jbnews.com/news/articleView.html?idxno=1512376
고려대학교,경기신문,“추석 후 2kg 쪘다고 굶으시나요?”… 명절 체중 변화의 오해와 비만 관...,권영근 ​고려대학교 안암병원 비만대사센터 교수는 “명절 음식을 무조건 피하거나 많이 먹었다는 죄책감... 직후 늘어난 체중 때문에 조급하게 굶거나 식사량을 과도하게 줄일 필요는 없다. (사진=​고려대학교 안암병원),2026-09-28 15:22,https://www.kgnews.co.kr/news/article.html?no=913083,https://www.kgnews.co.kr/news/article.html?no=913083
고려대학교,뉴스티앤티,"건국대 연구팀, 우주 양성자에 의한 페로브스카이트 태양전지 손상 원인...",조사량을 고려해 차폐막의 두께와 구조를 설계할 수 있는 근거를 마련했다는 설명이다. 이번 연구에는 건국대 이만종 교수를 비롯해 변장원·윤성필 연구원과 성균관대·경북대·서울대·고려대 연구진이 공동으로...,2026-09-28 15:22,https://www.newstnt.com/news/articleView.html?idxno=720312,https://www.newstnt.com/news/articleView.html?idxno=720312
연세대학교,뉴스클레임,[농협 인사 전망]① 강호동 수사 속 자리 바뀐 수뇌부… 연말 인사 앞둔...,"송 대표는 연세대를 졸업하고 1990년 농협에 입사해 농작물보험과 보험자산관리 업무를 시작으로 상품고객, 마케팅, 법인영업, 고객지원 등을 거쳤다. 농협손해보험 출범 이후 회사 내부에서 대표까지 올라온 첫 사례다....",2026-09-28 15:22,https://www.newsclaim.co.kr/news/articleView.html?idxno=3076647,https://www.newsclaim.co.kr/news/articleView.html?idxno=3076647
고려대학교,농민신문,"“먹을땐 좋았는데”…‘기름기 좔좔’ 추석음식에 늘어난 몸무게, ‘원...",2020년 부산교육대학교 체육학과 연구팀이 대학생 76명을 대상으로 추석 명절 전후 체성분을 측정하자... 권영근 고려대안암병원 비만대사센터 교수는 “명절 음식을 무조건 피하거나 많이 먹었다는 죄책감 때문에 연휴...,2026-09-28 15:21,https://www.nongmin.com/article/20260928500210,https://n.news.naver.com/mnews/article/662/0000105146?sid=103
고려대학교,MTN 머니투데이방송,"율촌 ""집단소송 '옵트아웃' 방식, 자기결정권·재판청구권 침해 우려""","계인국 고려대 행정전문대학원 교수는 “형사처벌과 과징금, 행정규제에 집단소송까지 더해지면 기업 부담이 커질 수 있다”며 “공적 제재와 구제가 가능한 영역까지 집단소송을 확대할 필요가 있는지 살펴봐야 한다”...",2026-09-28 15:20,https://news.mtn.co.kr/news-detail/2026092815072073697,https://news.mtn.co.kr/news-detail/2026092815072073697
고려대학교,스타뉴스,"이즈나, 화제성 제대로..日 정식 데뷔→첫 콘서트 투어까지","이즈나는 가천대학교, 한서대학교, 여주대학교에 이어 경희대학교 국제캠퍼스, 고려대학교, 동덕여자대학교, 전주대학교, 명지전문대학 등 다양한 캠퍼스 무대에 오를 예정이다. 한편, 이즈나는 오는 10월 9일...",2026-09-28 15:19,https://www.starnewskorea.com/music/2026/09/28/2026092814551522051,https://m.entertain.naver.com/article/108/0003474168
고려대학교,EBN 산업경제,"고려대 안암병원, 소아응급실 개소…전담전문의·전용병상 확충",고려대학교 안암병원이 소아응급환자에 대한 진료 인프라와 전문인력을 확충하고 소아응급의료 역량 강화에... 권역응급의료센터 내에 마련된 소아응급실에서는 소아환자의 연령과 상태 등을 고려한 응급진료가 이뤄진다....,2026-09-28 15:18,https://www.ebn.co.kr/news/articleView.html?idxno=1725860,https://www.ebn.co.kr/news/articleView.html?idxno=1725860
서울대학교,프라임경제,"대구대 글로벌브릿지 영재교육원, 미래형 인재 105명 모집","대학 교수진과 현직 교사들이 교육에 참여해 학생들의 적성과 역량에 맞춘 프로그램을 제공하는 것이 특징이다. 교육원 측에 따르면 그동안 과정을 마친 학생들은 영재고와 과학고, 국제고 등으로 진학했으며, 서울대...",2026-09-28 15:18,http://www.newsprime.co.kr/news/article.html?no=749091,http://www.newsprime.co.kr/news/article.html?no=749091
서울대학교,노컷뉴스,전북대 총장 선거 '지분 갈등'…총추위 구성 난항,"제20대 전북대학교 총장 선거를 두고 전북대가 '총장임용후보자 추천위원회' 구성에 난항을 겪고 있다. 구성... 총장 출마 예정자 A씨는 ""'서울대 10개 만들기' 탈락 등 대학의 미래를 걱정하고 토론할 시기에 이 같은 지분...",2026-09-28 15:18,https://www.nocutnews.co.kr/news/6583876?utm_source=naver&utm_medium=article&utm_campaign=20260928031736,https://n.news.naver.com/mnews/article/079/0004193404?sid=102
서울대학교,기호일보,[문화광장] 인천 책 이야기(2)-한글 초보자를 위한 안내서 언문초보(諺...,장면은 1899년 서울에서 태어났지만 어릴 때 인천으로 와 사립박문학교와 인천공립심상학교(축현초등학교)... 둘째인 장발(張勃)은 화가 중 최초로 미국에 유학하고 해방 후 초대 서울대 미대학장을 지냈다. 가톨릭...,2026-09-28 15:16,https://www.kihoilbo.co.kr/news/articleView.html?idxno=3035910,https://www.kihoilbo.co.kr/news/articleView.html?idxno=3035910
연세대학교,TECHNOA,"리미니스트리트 연세의료원 SAP ERP 유지보수 지원, 업그레이드 없이 안...","1885년 우리나라 최초의 서양식 의료기관인 광혜원서 출발한 연세의료원은 세브란스병원, 강남세브란스병원, 용인세브란스병원과 연세대학교 의과대학 치과대학 간호대학을 아우르는 국내 대표 의료 연구...",2026-09-28 15:16,http://www.technoa.co.kr/news/articleView.html?idxno=101436,http://www.technoa.co.kr/news/articleView.html?idxno=101436
서울대학교,ㅍㅍㅅㅅ,"중앙대 예술경영학과, 30주년 맞아 AI 시대 교육혁신 본격화","중앙대학교 예술대학원(원장 이길우) 예술경영학과가 학과 개설 30주년과 함께 AI 시대를 맞이하는... KAIST 문화기술연구소와 서울대학교 융합기술원, GIST 등을 거쳤으며 AI 영화 연출 작업도 이어오고 있다. 박 교수는...",2026-09-28 15:15,https://www.ppss.kr/news/articleView.html?idxno=312759,https://www.ppss.kr/news/articleView.html?idxno=312759
서울대학교,디지털타임스,대학생 선배들이 알려주는 AI 탐구 공부법… ‘GAAT 서포터즈’ 떴다,질문에 서울대와 한양대 재학생들이 직접 답을 들려준다. 자신들이 고교 시절 실제로 했던 탐구 활동과... 와이즈교육은 서울대와 한양대 재학생 등 10명을 ‘GAAT 대학생 서포터즈’로 선발해 본격적인 활동에...,2026-09-28 15:14,https://www.dt.co.kr/article/12086147?ref=naver,https://n.news.naver.com/mnews/article/029/0003050191?sid=102
고려대학교,티브이데일리,"이즈나, 日 차트→서울 첫 콘서트까지…글로벌 행보 본격화","가천대학교, 한서대학교, 여주대학교를 비롯해 경희대학교 국제캠퍼스, 고려대학교, 동덕여자대학교, 전주대학교, 명지전문대학 등에서 공연을 앞두고 있다. 첫 콘서트 투어는 오는 10월 9일 타이베이를 시작으로...",2026-09-28 15:13,http://www.tvdaily.co.kr/read.php3?aid=17905757201803745010,https://m.entertain.naver.com/article/440/0000046920
서울대학교,뉴시스,"양산시 ""부산대 캠퍼스 유휴부지 54만㎡, 혁신공간으로""",경남 양산시는 부산대학교의 ‘서울대 10개 만들기(S-TEN)’ 프로젝트 선정에 발맞춰 양산캠퍼스 유휴부지를 동남권 산업·연구·AI 혁신 거점으로 조성하기 위한 대응에 본격 나섰다고 28일 밝혔다. 시는 단순한 부지...,2026-09-28 15:12,https://www.newsis.com/view/NISX20260928_0003805532,https://n.news.naver.com/mnews/article/003/0014218179?sid=102
연세대학교,국제뉴스,"남양주시, '학부모 특강' 참가자 모집, 신종호·이경상·김민식 교수 강...","강연은 10월 22일, 10월 26일, 10월 27일 세 차례에 걸쳐 진행되며, 신종호 서울대 교수, 이경상 전 카이스트 교수, 김민식 연세대 교수가 연사로 참여한다. 신청은 남양주시 인재육성지원센터 누리집에서 가능하며, 관내...",2026-09-28 15:10,https://www.gukjenews.com/news/articleView.html?idxno=3707262,https://www.gukjenews.com/news/articleView.html?idxno=3707262
고려대학교,이투데이,"고려대, 노벨화학상 수상자 스스무 기타가와 교수 초청 강연",이번 행사는 기타가와 교수의 고려대 KU-KIST융합대학원 석좌교수 임용을 기념하는 자리이기도 하다. 기타가와 교수는 다공성 금속-유기 골격체(MOF)와 다공성 배위 고분자(PCP) 연구를 개척한 화학자다. MOF를 개발하고...,2026-09-28 15:10,https://www.etoday.co.kr/news/view/2629940,https://www.etoday.co.kr/news/view/2629940
서울대학교,국제뉴스,"남양주시, '학부모 특강' 참가자 모집, 신종호·이경상·김민식 교수 강...","강연은 10월 22일, 10월 26일, 10월 27일 세 차례에 걸쳐 진행되며, 신종호 서울대 교수, 이경상 전 카이스트 교수, 김민식 연세대 교수가 연사로 참여한다. 신청은 남양주시 인재육성지원센터 누리집에서 가능하며, 관내...",2026-09-28 15:10,https://www.gukjenews.com/news/articleView.html?idxno=3707262,https://www.gukjenews.com/news/articleView.html?idxno=3707262
서울대학교,데일리안,의료진 판단 더한 AI…척수 MRI 분석 정확도 높였다,박성배 서울대학교병원운영 서울특별시보라매병원 신경외과 교수 연구팀이 인공지능(AI)을 활용해 척수 자기공명영상(MRI) 분석 정확도를 높인 연구로 대한척추신경외과학회 ‘우리 학술상’을 수상했다. 28일...,2026-09-28 15:06,https://www.dailian.co.kr/news/view/1695116/?sc=Naver,https://n.news.naver.com/mnews/article/119/0003136973?sid=103
서울대학교,굿모닝충청,"충남대병원, 의료 AI 국가과제 참여","충남대학교병원(병원장 복수경)이 의료현장에 'Agentic AI'를 적용하는 국가 연구개발 사업에 참여한다.... 서울대학교병원이 주관하며 충남대병원을 비롯해 강원대병원, 경북대병원, 건국대병원, 전북대병원과 관련...",2026-09-28 15:06,https://www.goodmorningcc.com/news/articleView.html?idxno=453008,https://www.goodmorningcc.com/news/articleView.html?idxno=453008
서울대학교,한국강사신문,"도봉구, 홍정기·정세희 교수 초청 장수 근육과건강한 달리기 '내 몸 사...","홍정기 교수는 현재 차의과학대학교 스포츠의학대학원장으로 활동하고 있으며, 운동과학 및 스포츠 재활... 정세희 교수는 서울대학교 의과대학 재활의학교실 교수이자 서울특별시보라매병원 재활의학과장으로...",2026-09-28 15:06,https://www.lecturernews.com/news/articleView.html?idxno=211181,https://www.lecturernews.com/news/articleView.html?idxno=211181
서울대학교,뉴스웨이,"대우건설, '주택통' 전용수 건축부문 지휘봉 2년...도시정비 '6조 클럽'...","지난 22일 마감한 서울 양천구 목동신시가지8단지 재건축 시공사 선정 입찰에는 대우건설만 참여했다.... 1970년생인 전 본부장은 서울대를 졸업한 뒤 대우건설에서 주택건축사업3팀장, 주택건축사업실장...",2026-09-28 15:06,https://www.newsway.co.kr/news/view?ud=2026092813055256646,https://www.newsway.co.kr/news/view?ud=2026092813055256646
고려대학교,서울신문,고려대 안암병원 권역응급의료센터 소아응급실 개소,"특히 소아는 성인과 질환의 양상이나 증상 표현, 치료 과정이 다른 경우가 많아 연령과 상태를 고려한 세심한 진료가 중요하다. 이에 고려대 안암병원은 소아응급환자 전담전문의를 중심으로 초기 응급진료를 강화하고...",2026-09-28 15:06,https://www.seoul.co.kr/news/society/health-welfare/2026/09/28/20260928500154?wlog_tag3=naver,https://n.news.naver.com/mnews/article/081/0003684011?sid=102
고려대학교,교수신문,대학 연구가 지역 산업으로…고려대 세종 이상만 교수 '앵커 리더' 영예,이상만 교수는 고려대 교원창업기업인 ㈜씨큐립톤 대표를 겸임하며 대학의 연구성과를 산업 현장과 연계해 AI 기반 기술사업화와 지역인재 양성을 추진해 왔다. 이 교수는 AI 기반 'Privacy-Safe' 기술사업화와 지산학연...,2026-09-28 15:06,https://www.kyosu.net/news/articleView.html?idxno=210737,https://www.kyosu.net/news/articleView.html?idxno=210737
서울대학교,경인매일,"박상현 경기도의원, 차세대융합기술연구원 위탁사업 의존 예산구조 점검",관련 자료는 연구원이 서울대학교의 연구 역량과 경기도의 산업·공공 수요를 연결하는 융합 연구개발과 현장 실증을 주요 기능으로 한다고 설명했다. 박 의원은 기관마다 설립 목적과 기능이 달라 출연금 규모만 단순...,2026-09-28 15:06,https://www.kmaeil.com/news/articleView.html?idxno=652910,https://www.kmaeil.com/news/articleView.html?idxno=652910
연세대학교,아이뉴스24,"섹타나인, 신임대표에 한순욱 전 카카오페이 COO 선임",1974년생인 한 신임 대표는 연세대 경영학과를 졸업한 뒤 액센츄어에서 제조·유통·소비재·서비스 산업 부문 이사를 지내며 경영전략과 프로세스 혁신(PI) 컨설팅을 담당했다. 이후 쿠팡에서 재무기획 업무를 맡았다....,2026-09-28 15:06,http://www.inews24.com/view/2009525,https://n.news.naver.com/mnews/article/031/0001061596?sid=101
연세대학교,로이슈,대학가 배후수요가 집값 견인…전국 캠퍼스 인근 신고가 행진,"연세대·이화여대·서강대·홍익대 등 주요 대학이 밀집해 있고, 지하철 2·5호선 충정로역이 단지 내로 직통 연결돼 시청역 2분, 광화문역·공덕역 3분, 여의나루역 7분 등 주요 업무지구를 10분 내로 이동할 수 있다....",2026-09-28 15:06,http://www.lawissue.co.kr/view.php?ud=20260928150350481567191f6c6e_12,http://www.lawissue.co.kr/view.php?ud=20260928150350481567191f6c6e_12
서울대학교,아주경제,"9월 모평 '사탐런' 현실화…과탐 1등급 '뚝', 자연계 입시 지각변동 예고","com 2027학년도 대학수학능력시험 9월 모의평가 시행일인 2일 서울 송파구 방산고등학교에서 수험생이... 요구하는 서울대 등 자연계 최상위권 모집단위의 지원 구도에 적지 않은 변수가 될 수 있다""고 분석했다....",2026-09-28 15:06,https://www.ajunews.com/view/20260928150056092,https://www.ajunews.com/view/20260928150056092
서울대학교,베리타스알파,'서울대도 로스쿨 취준 허덕' 서울대 2026 1학기 규정학기 초과 624명 '역...,연일 이어지는 취업난 속 국내 최고 학부인 서울대도 예외없이 취업준비에 박차를 가하고 있는 것으로 나타났다. 졸업학점 요건을 충족했음에도 추가 학기 등록을 통해 학점을 이수한 서울대생은 올해 1학기 기준...,2026-09-28 15:06,https://www.veritas-a.com/news/articleView.html?idxno=629653,https://www.veritas-a.com/news/articleView.html?idxno=629653
고려대학교,데일리안,"고대 안암병원, '소아응급진료' 강화…전담전문의·전용병상 확충",고려대학교 안암병원이 소아응급환자 전담 의료진과 병상을 확충하며 소아 응급진료 역량 강화에 나섰다. 28일 고려대 안암병원에 따르면 병원은 최근 권역응급의료센터 내 소아응급실을 개소하고 본격적인 운영에...,2026-09-28 15:05,https://www.dailian.co.kr/news/view/1695119/?sc=Naver,https://n.news.naver.com/mnews/article/119/0003136970?sid=103
서울대학교,교수신문,"81.8% ""남한과 북한은 별개 국가""…20·30대 통일 인식 더 낮아져",2007년부터 지난 20년간 「통일의식조사」를 수행하는 서울대 통일평화연구원(원장 김범수)이 「2026... 1시 서울대 국제대학원 국제회의실(140동 4층)에서 열린다. 사전신청(https://docs.google.com/forms/d/e...,2026-09-28 15:04,https://www.kyosu.net/news/articleView.html?idxno=210725,https://www.kyosu.net/news/articleView.html?idxno=210725
서울대학교,스트레이트뉴스,"'금융 AI 시대, 책임은 누가?'…소비자 권리·책임 국회 토론회 개최",정순섭 서울대학교 법학전문대학원 교수는 '금융 AI 시대의 혁신과 책임 - 금융회사의 새로운 책무'를 주제로... 한양대학교 법학전문대학원 교수 등이 금융권 AI 도입에 따른 과제와 제도적 보완책을 논의한다. 박 의원은...,2026-09-28 15:04,https://www.straightnews.co.kr/news/articleView.html?idxno=312060,https://www.straightnews.co.kr/news/articleView.html?idxno=312060
서울대학교,경북도민일보,"울진군, 황일순 교수 초청 '제39회 목요특강' 개최","울진군은 10월 8일 오후 5시 군청 대회의실에서 황일순 서울대학교 원자핵공학과 명예교수를 초청해 '에너지, 경제, 환경 그리고 울진의 미래'를 주제로 '제39회 목요특강'을 개최한다고 28일 밝혔다. 이번 특강은 경상북도 K...",2026-09-28 15:02,https://www.hidomin.com/news/articleView.html?idxno=722792,https://www.hidomin.com/news/articleView.html?idxno=722792
서울대학교,e대한경제,"카카오, CA협의체 공동 의장에 카카오X 대표 내정자 선임","한편 김 내정자는 1975년생으로 서울대 항공우주공학과를 졸업하고 같은 대학 경영전문대학원에서 석사 학위를 받았다. 이후 삼성SDS 경영컨설턴트를 거쳐 삼성증권 IB본부 이사, 코오롱모빌리티그룹 최고재무책임자...",2026-09-28 15:02,https://www.dnews.co.kr/uhtml/view.jsp?idxno=202609281110058960526,https://www.dnews.co.kr/uhtml/view.jsp?idxno=202609281110058960526
서울대학교,데일리한국,"SKT, 독파모·모두의 AI 프로젝트 고도화…기술 격차 벌린다","최근에도 구체적인 연구 목표를 공유하고, 효율적인 협업을 위해 서울대학교와 카이스트(KAIST) 연구실, 컨소시엄 협력기관에 연구제안서를 발송해 협력을 제안했다. SKT 정예팀은 ""이번 차수에도 모든 참여기관이...",2026-09-28 15:00,https://daily.hankooki.com/news/articleView.html?idxno=1410019,https://daily.hankooki.com/news/articleView.html?idxno=1410019
고려대학교,에너지경제,[신간도서 출간] ‘머니 트렌드 2027’·‘레버리지 ETF 사용설명서’·...,저자는 채권 투자에서 금리 전망을 정확하게 맞히는 데 한계가 있는 만큼 전망이 빗나갈 가능성까지 고려한... 저자는 고려대학교 경영학과와 미국 카네기멜론대학교 테퍼 경영대학원(MBA)을 거쳤으며 현재...,2026-09-28 15:00,https://www.ekn.kr/web/view.php?key=20260928027399481,https://www.ekn.kr/web/view.php?key=20260928027399481
서울대학교,메디게이트뉴스,"보라매병원 박성배 교수팀, 대한척추신경외과학회 ‘우리 학술상’ 수상",서울대학교병원운영 서울특별시보라매병원 신경외과 박성배 교수 연구팀이 ‘2026년 제40차 대한척추신경외과학회 정기학술대회’에서 기초연구 부문 ‘우리 학술상’을 수상했다고 28일 밝혔다....,2026-09-28 15:00,https://www.medigatenews.com/news/1506945177,https://www.medigatenews.com/news/1506945177
서울대학교,머니투데이,"리옵스, 시리즈A 1차 40억원 투자유치… ""조선소 3D 공간 인프라 구축""",이 같은 기술력과 현장 실증 성과를 바탕으로 서울대학교의 혁신 스타트업 액셀러레이팅 프로그램인 '2025 SNU 빅 스케일업'(SNU Big Scale-up)에 선발됐다. 아울러 리옵스는 지난 8월 산업통상자원부 산하...,2026-09-28 15:00,https://www.mt.co.kr/future/2026/09/29/2026092813205127550,https://n.news.naver.com/mnews/article/008/0005419108?sid=101
고려대학교,한국대학신문,"가천대 의대 박철규 교수팀, 보건복지부 '한국형 ARPA-H 프로젝트' 선정","가천대학교(총장 이길여) 의과대학 가천통증연구소 박철규 교수 연구팀이 보건복지부와... 이번 연구에는 가천대를 주관기관으로 ㈜오랩바이오, 서울아산병원, 대구경북과학기술원, 고려대학교가 공동연구기관으로...",2026-09-28 15:00,https://news.unn.net/news/articleView.html?idxno=597953,https://news.unn.net/news/articleView.html?idxno=597953
고려대학교,파이낸셜리뷰,"수능 D-50…메가스터디교육, 수험생·학부모가 해야 할 5가지 소개","지원대학의 수준이 달라질 수 있다는 것이다. 수능 영역별 가중치를 고려해 학습하라는 주문과 관련해서는... 예컨대 고려대 교과전형(학교추천)은 3개 영역 등급 합 7, 종합전형(학업우수)은 4개 영역 등급 합 8, 서강대...",2026-09-28 15:00,http://www.financialreview.co.kr/news/articleView.html?idxno=45115,http://www.financialreview.co.kr/news/articleView.html?idxno=45115
서울대학교,경남도민일보,"양산시, 부산대 양산캠퍼스 활용 속도 낸다",양산시가 부산대학교 양산캠퍼스 유휴 터를 동남권 산업·연구·인공지능(AI) 혁신을 선도하는 거점으로... 무엇보다 최근 부산대가 정부 '서울대 10개 만들기(S-TEN) 프로젝트' 거점국립대학으로 선정된 데 이어 현재 추진...,2026-09-28 15:00,https://www.idomin.com/news/articleView.html?idxno=2015781,https://www.idomin.com/news/articleView.html?idxno=2015781
고려대학교,아시아타임즈,[대학 뉴스브리핑] 동국대·고려대·성신여대,동국대학교가 콜롬비아 ITM시립대와 MOU를 맺고 중남미 지역과의 학술 협력을 확대한다. 고려대학교가... 기타가와 교수의 고려대 KU-KIST융합대학원 석좌교수 임용을 기념하는 자리이기도 하다. 고려대 NIF는 노벨상...,2026-09-28 14:58,https://www.asiatime.co.kr/article/20260928500320,https://www.asiatime.co.kr/article/20260928500320
서울대학교,프레시안,"울진군, 황일순 교수 초청 목요특강…원자력·에너지 미래 특강",원자력 산업이 지역 경제와 주민 생활에 미친 영향과 향후 발전 방향 모색 경북 울진군은 오는 10월 8일 오후 5시 군청 대회의실에서 황일순 서울대학교 원자핵공학과 명예교수를 초청해 제39회 목요특강을 개최한다....,2026-09-28 14:58,https://www.pressian.com/pages/articles/2026092813592176383?utm_source=naver&utm_medium=search,https://n.news.naver.com/mnews/article/002/0002458474?sid=102
고려대학교,메디파나뉴스,"고대안암병원, 권역응급의료센터 내 '소아응급실' 신설","한승범 고려대 안암병원장은 ""소아응급 전담전문의 충원과 진료 체계 고도화를 통해 아이들이 가장 안전하고 신속하게 최선의 진료를 받을 수 있는 환경이 조성됐다""며 ""응급실 단계의 처치에 그치지 않고...",2026-09-28 14:58,https://www.medipana.com/news/articleView.html?idxno=418336,https://www.medipana.com/news/articleView.html?idxno=418336
연세대학교,블로터,"아이티센 강진모, 당구연맹 회장에 도전한 이유 '40년 스포츠 IT'",강 후보는 아주대 물리학과와 연세대 공학대학원을 졸업했으며 2005년 아이티센 대표이사를 맡았다. 이후 아이티센그룹 총괄회장을 거쳐 현재 아이티센글로벌 회장을 맡고 있다. 한국IT서비스산업협회 회장과...,2026-09-28 14:57,https://www.bloter.net/news/articleView.html?idxno=674507,https://n.news.naver.com/mnews/article/293/0000090949?sid=105
서울대학교,국제뉴스,"울진군, 제39회 목요특강 개최…AI 시대·원자력 산업 영향 다룬다","이번 특강에는 황일순 서울대학교 원자핵공학과 명예교수가 초청돼 '에너지, 경제, 환경 그리고 울진의 미래'를 주제로 강연을 진행한다. 황일순 교수는 국내 원자핵공학 분야에서 권위를 인정받고 있으며, 경상북도 K...",2026-09-28 14:56,https://www.gukjenews.com/news/articleView.html?idxno=3707124,https://www.gukjenews.com/news/articleView.html?idxno=3707124
고려대학교,바이오타임즈,"한미약품, 척추신경외과학회서 낙소졸·오보덴스 임상 근거 제시","함께 고려해야 하는 만큼 임상 근거를 갖춘 치료 옵션으로 활용될 수 있다""고 말했다. 19일 조찬 세션에서는 고려대학교 구로병원 척추신경외과 함창화 교수가 'Efficacy & Safety from a Global Phase 3 Trial including...",2026-09-28 14:56,https://www.biotimes.co.kr/news/articleView.html?idxno=34742,https://www.biotimes.co.kr/news/articleView.html?idxno=34742
서울대학교,조선비즈,북한 불신 역대 최고… 국민 3명 중 1명 “통일 없이 지금이 낫다”,서울대 통일평화연구원 ‘2026 통일의식조사’ 北과 대화·타협 불가능 78.3%… 통일 필요성은 39% 美... 28일 서울대 통일평화연구원이 발표한 ‘2026 통일의식조사’에 따르면 북한 정권과 대화·타협이 불가능하다는...,2026-09-28 14:56,https://biz.chosun.com/topics/topics_social/2026/09/28/K7MPLPMG2RAKDEFLG2SYB77DPE/?utm_source=naver&utm_medium=original&utm_campaign=biz,https://n.news.naver.com/mnews/article/366/0001194777?sid=102
고려대학교,뉴스프리존,"신한은행 임추위, 은행장 후보 첫 추천 나선다",1961년생인 윤 위원장은 고려대 법대를 나와 서울고등법원장 등을 지낸 법률 전문가로 올해 3월 합류했다. 선임 일정도 윤곽이 잡혔다. 신한은행 임추위는 다음달 중 은행장 후보와 자격요건을 지주에 전달한다. 자경위는...,2026-09-28 14:54,https://www.newsfreezone.co.kr/news/articleView.html?idxno=711252,https://www.newsfreezone.co.kr/news/articleView.html?idxno=711252
고려대학교,아주경제,"""산전 진단부터 출생 후 수술까지""… 서울아산병원, '태아심장센터' 개...",고려대학교 안암병원은 최근 '고려대학교 안암병원 권역응급의료센터 소아응급실'을 개소했다. 이에 따라 소아응급환자 전담전문의 3명을 충원하고 소아환자를 위한 4개의 전용 병상을 운영하며 소아응급진료 전문성...,2026-09-28 14:54,https://www.ajunews.com/view/20260928143606992,https://www.ajunews.com/view/20260928143606992
연세대학교,TV조선,연세대 언더우드 선교상에 김완일·김용대 선교사,연세대학교 언더우드기념사업회가 제26회 언더우드 선교상 수상자로 김완일 선교사와 김용대 선교사를 선정했다. 시상식은 10월 12일 연세대 루스채플 예배실에서 열린다. 언더우드 선교상은 연세대를 창립한 호레이스...,2026-09-28 14:52,https://news.tvchosun.com/site/data/html_dir/2026/09/28/2026092890128.html,https://n.news.naver.com/mnews/article/448/0000641845?sid=101
서울대학교,메디게이트뉴스,"화순전남대병원, 342억 원 규모 국가 R&D 2건 참여","분당서울대학교병원 김재용 의생명연구원장이 총괄연구책임자를 맡고, 삼성서울병원, 국립암센터, 은평성모병원, 부산대학교병원 등이 함께한다. 화순전남대병원 호흡기내과 오형주 교수가 연구를 담당하며, 대규모...",2026-09-28 14:52,https://www.medigatenews.com/news/2245826480,https://www.medigatenews.com/news/2245826480
연세대학교,파이낸셜뉴스,연세대 '한국형 횡단보도 그늘막' 도쿄서 실증 실험,"연세대학교 기후적응 리빙랩 연구사업단은 일본 도쿄도 시나가와구, 현지 건축설계사무소 Open A와 함께 오는... 연세대 연구단은 이번 실험을 통해 그늘막 설치 전후의 온도 변화와 보행자 이동 특성, 시민 체감 만족도...",2026-09-28 14:51,https://www.fnnews.com/news/202609281449455902,https://n.news.naver.com/mnews/article/014/0005581675?sid=102
연세대학교,위클리오늘,"[위클리오늘] 남양주시, '2026년 진건문화축제' 성황리 마무리…주민 9천...","신종호 서울대 교수, 이경상 전 카이스트 교수, 김민식 연세대 교수가 연사로 나선다. 신청은 10월 1일부터 정원 마감 시까지 가능하다. 관내 초·중·고 학부모를 비롯해 관심 있는 시민 누구나 남양주시...",2026-09-28 14:50,http://www.weeklytoday.com/news/articleView.html?idxno=796052,http://www.weeklytoday.com/news/articleView.html?idxno=796052
서울대학교,위클리오늘,"[위클리오늘] 남양주시, '2026년 진건문화축제' 성황리 마무리…주민 9천...","신종호 서울대 교수, 이경상 전 카이스트 교수, 김민식 연세대 교수가 연사로 나선다. 신청은 10월 1일부터 정원 마감 시까지 가능하다. 관내 초·중·고 학부모를 비롯해 관심 있는 시민 누구나 남양주시...",2026-09-28 14:50,http://www.weeklytoday.com/news/articleView.html?idxno=796052,http://www.weeklytoday.com/news/articleView.html?idxno=796052
연세대학교,프라임경제,"섹타나인, 카카오페이 출신 한순욱 대표 선임…AI·플랫폼 사업 강화","한 대표는 1974년생으로 연세대학교 경영학과를 졸업했다. 액센츄어에서 제조·유통·소비재·서비스 산업 담당 이사를 맡아 경영전략과 업무 프로세스 혁신 컨설팅을 수행했으며, 이후 쿠팡에서 재무기획 업무를...",2026-09-28 14:48,http://www.newsprime.co.kr/news/article.html?no=749090,http://www.newsprime.co.kr/news/article.html?no=749090
서울대학교,시사오늘,채용문 여는 유통업계…인재 모시기 '변주곡',"특히 롯데이노베이트와 롯데건설은 자연어·시각·음성 처리 등 AI 관련 전문 인력을 채용하고, 서울대... 지난 21일 서울 올리페페 광화문점에서 열린 행사에는 하반기 대졸 신입사원 공개채용 지원자 약 50명이...",2026-09-28 14:46,https://www.sisaon.co.kr/news/articleView.html?idxno=204735,https://www.sisaon.co.kr/news/articleView.html?idxno=204735
연세대학교,시사오늘,채용문 여는 유통업계…인재 모시기 '변주곡',"특히 롯데이노베이트와 롯데건설은 자연어·시각·음성 처리 등 AI 관련 전문 인력을 채용하고, 서울대·연세대·고려대·성균관대·서강대·UNIST 등 12개 대학에서 채용설명회를 진행했다. 신세계그룹은 채용 절차를...",2026-09-28 14:46,https://www.sisaon.co.kr/news/articleView.html?idxno=204735,https://www.sisaon.co.kr/news/articleView.html?idxno=204735
연세대학교,이코노믹포스트,서울서 AI 시대 도시의 미래 논의…SLW 2026 국제 포럼·컨퍼런스 18개 개...,"연세대 이정훈 교수, 독일 카를스루에시 알베르트 코이플라인 부시장, 이탈리아 나폴리 프란체스코... 신동준 연세대 교수, 황보제민 KAIST 교수 겸 라이온로보틱스 대표, 남창모 로브로스 부대표, Aoi Fukawa 갤봇...",2026-09-28 14:46,http://www.efnews.co.kr/news/articleView.html?idxno=132686,http://www.efnews.co.kr/news/articleView.html?idxno=132686
고려대학교,시사오늘,채용문 여는 유통업계…인재 모시기 '변주곡',"특히 롯데이노베이트와 롯데건설은 자연어·시각·음성 처리 등 AI 관련 전문 인력을 채용하고, 서울대·연세대·고려대·성균관대·서강대·UNIST 등 12개 대학에서 채용설명회를 진행했다. 신세계그룹은 채용 절차를...",2026-09-28 14:46,https://www.sisaon.co.kr/news/articleView.html?idxno=204735,https://www.sisaon.co.kr/news/articleView.html?idxno=204735
서울대학교,디지털타임스,"CPTPP 가입, 제조업 생산효과 연 6조대…농림수산 8500억 감소 보완책 절...",김한호 서울대 농경제사회학부 교수는 디지털타임스와의 통화에서 “농업계는 과거 FTA 체결 과정에서 피해보상 차원으로 약속했던 상생기금 등이 기대만큼 이행되지 않으면서 불신이 쌓여 있다”며 “이번에는...,2026-09-28 14:44,https://www.dt.co.kr/article/12086142?ref=naver,https://n.news.naver.com/mnews/article/029/0003050186?sid=101
서울대학교,공감신문,"위캔캠프, 9월 30일까지 2027 겨울방학캠프 '슈퍼 얼리버드' 신청 접수","한국진로개발원(대표 이원석)이 주관하는 서울대캠프 위캔캠프가 2027년 겨울방학캠프 참가자를 모집하는... 이번 캠프는 서울대학교 출신 공신 멘토진과 함께 과목별 공부 방법부터 시간 관리, 목표 설정과 실천...",2026-09-28 14:44,https://www.gokorea.kr/news/articleView.html?idxno=879833,https://www.gokorea.kr/news/articleView.html?idxno=879833
서울대학교,지디넷코리아,개발원 신임 원장에 민간 ICT 전문가...우정민 전 KT부사장 취임,"우 신임 원장은 서울대학교 산업공학과를 졸업하고 한국과학기술원(KAIST)에서 경영학 석사학위를 취득했다. KT에서 차세대시스템개발단장, KOS서비스단장 등을 거쳐 KT DS 대표이사 사장과 KT 부사장을 역임했다. 개발원...",2026-09-28 14:43,https://zdnet.co.kr/view/?no=20260928144207,https://n.news.naver.com/mnews/article/092/0002438965?sid=105
연세대학교,파이낸셜뉴스,"연세대, 해외 봉사·교육 이끈 김완일·김용대 선교사에 '언더우드 선교...",연세대학교가 인도네시아와 인도 등 해외 현지에서 오랜 기간 교육과 지역사회 개발에 헌신해 온 현지 활동가 2명을 올해 '언더우드 선교상' 수상자로 선정했다. 연세대 언더우드기념사업회는 제26회 언더우드 선교상...,2026-09-28 14:42,https://www.fnnews.com/news/202609281440280545,https://n.news.naver.com/mnews/article/014/0005581667?sid=102
고려대학교,주간한국,"세종시교육청, 이윤홍 전 인공지능인재지원국장 부교육감에 임명","이윤홍 부교육감은 배화여자고등학교와 고려대학교를 졸업했으며, 2001년 행정고시 44회 합격을 통해 공직에 들어섰다. 이후 교육부 내에서 창조행정담당관, 혁신행정담당관, 운영지원과장, 장관실 비서실장 등 다양한...",2026-09-28 14:40,https://weekly.hankooki.com/news/articleView.html?idxno=7186177,https://weekly.hankooki.com/news/articleView.html?idxno=7186177
서울대학교,K스피릿,악기를 덜어내니 선율이 선명해졌다…이결의 《가즌회상》,"대금 연주자 이결은 국립국악고등학교와 서울대학교 음악대학 국악과를 졸업하고 서울대학교 음악대학 대학원에서 석·박사과정을 마쳤다. 국가무형유산 종묘제례악과 대금정악, 서울특별시무형유산 삼현육각...",2026-09-28 14:40,http://www.ikoreanspirit.com/news/articleView.html?idxno=87462,http://www.ikoreanspirit.com/news/articleView.html?idxno=87462
고려대학교,파이낸셜뉴스,"고려대, 노벨화학상 기타가와 교수 초청 강연…10월 1일 NIF 개최",이 자리는 기타가와 교수의 고려대 KU-KIST융합대학원 석좌교수 임용을 기념하는 자리이기도 하다. 고려대는 10월1일 교내 대강당 김양현홀에서 기타가와 교수를 연사로 제12회 '넥스트 인텔리전스 포럼(NIF)'을 연다고...,2026-09-28 14:39,https://www.fnnews.com/news/202609281434206740,https://n.news.naver.com/mnews/article/014/0005581663?sid=102
서울대학교,여성소비자신문,"재계, 문화·예술 사회공헌 사업 전개","및 서울에서 클래식 공연 '한화클래식 2026'을 개최한다. 현대차 정몽구 재단은 오는 10월 7일부터 10일까지... 김영민 서울대학교 교수, 이낙준 작가, 작가이자 뮤지션 요조가 참여해 자신만의 속도로 길을 만들어온...",2026-09-28 14:38,http://www.wsobi.com/news/articleView.html?idxno=318824,http://www.wsobi.com/news/articleView.html?idxno=318824
서울대학교,한국일보,AI가 바꿀 과학 연구의 미래는... 19개국 600명 연구자 서울서 논의,과학기술정보통신부는 27일부터 10월 1일까지 닷새간 서울 용산구 드래곤시티호텔에서 제1회 '과학을... 임경태 한국과학기술원(KAIST·카이스트) 문화기술대학원 교수와 석차옥 서울대 화학부 교수가 조직위원회...,2026-09-28 14:38,https://www.hankookilbo.com/news/article/A2026092812370001773?did=NA,https://n.news.naver.com/mnews/article/469/0000956341?sid=105
고려대학교,e의료정보,"한미약품, 척추신경외과학회서 낙소졸·오보덴스 임상 근거 공개",함께 고려해야 한다는 점이 강조됐다. 한림대학교 동탄성심병원 최일 교수는 17일 런천 심포지엄에서 'A... 고려대학교 구로병원 함창화 교수는 19일 조찬 세션에서 'Efficacy & Safety from a Global Phase 3 Trial including...,2026-09-28 14:36,http://www.kmedinfo.co.kr/news/articleView.html?idxno=97909,http://www.kmedinfo.co.kr/news/articleView.html?idxno=97909
서울대학교,SIDAE,[성남 소식] 내달1일 기후위기 대응 심포지엄 개최,"첫 번째 발제자로 나서는 김호 서울대학교 보건대학원 교수는 '기후변화와 건강: 도시환경과 적응'을 주제로... 손창우 연세대학교 보건행정학부 교수, 김성아 서울연구원 포용도시연구실 연구위원, 신지영...",2026-09-28 14:33,https://www.sidae.com/article/2026092809480459752,https://n.news.naver.com/mnews/article/417/0001159402?sid=102
연세대학교,SIDAE,[성남 소식] 내달1일 기후위기 대응 심포지엄 개최,첫 번째 발제자로 나서는 김호 서울대학교 보건대학원 교수는 '기후변화와 건강: 도시환경과 적응'을 주제로... 주제발표 이후 변병설 인하대학교 행정학과 교수가 좌장을 맡아 지정토론을 진행한다. 손창우 연세대학교...,2026-09-28 14:33,https://www.sidae.com/article/2026092809480459752,https://n.news.naver.com/mnews/article/417/0001159402?sid=102
서울대학교,연합뉴스,"'마음의 트렌드를 읽다'…마포구, 내달 13일 김난도 교수 특강",서울 마포구(구청장 유동균)는 세계 정신건강의 날(10월 10일)에 즈음해 10월13일 마포중앙도서관에서 김난도 서울대학교 소비자학과 명예교수를 초청해 강연을 연다고 28일 밝혔다. 강연은 '마음의 트렌드를 읽다'를...,2026-09-28 14:32,https://www.yna.co.kr/view/AKR20260928099700004?input=1195m,https://n.news.naver.com/mnews/article/001/0016340921?sid=102
고려대학교,뉴시스,"내년 세수 194조 '반짝' 급증, 이후 3%대 둔화…지출은 매년 5~9%↑","강성진 고려대 경제학과 교수는 ""내년과 같은 세수 증가 흐름이 지속될 수 있는지가 우려된다""며 ""지출 감소는 정치적으로 매우 어렵기 때문에 세수 전망이 실현되지 않으면 대규모 국가부채가 누적될 가능성이...",2026-09-28 14:31,https://www.newsis.com/view/NISX20260928_0003804960,https://n.news.naver.com/mnews/article/003/0014217984?sid=101
연세대학교,에듀동아,"연세대, 일본 도쿄서 한국형 횡단보도 그늘막 실증 실험","연세대학교(총장 윤동섭) 기후적응 리빙랩 연구사업단(연구책임자 양준석 정치외교학과 교수)은 일본 도쿄도 시나가와구, 일본 건축설계사무소 Open A와 함께 9월 30일(수)부터 10월 7일(수)까지 오이마치역 서쪽 출구 일대 두...",2026-09-28 14:30,https://edu.donga.com/news/articleView.html?idxno=112282,https://edu.donga.com/news/articleView.html?idxno=112282
서울대학교,브릿지경제,"탈북민 급감, 북한경제 ‘자료절벽’",이 같은 변화로 서울대 통일평화연구원이 2009년부터 매년 실시했던 직행탈북자 대상 조사는 2020년을 끝으로 중단됐다. 2024년 조사가 재개됐지만 최근 탈북자 중심의 기존 표집이 어려워지면서 국내 정착 탈북민...,2026-09-28 14:30,https://www.viva100.com/article/20260928500677,https://www.viva100.com/article/20260928500677
연세대학교,이데일리,"“양자컴퓨터도 한국서 만든다”…佛 콴델라, 삼성·SK와 ‘양자칩 제조...","연세대, 한국생명공학연구원, 한국표준과학연구원 등과도 협력하고 있다. 서울시와의 약 800억원 규모 투자... 개발, 대학과의 연구개발 협력 등을 포괄하는 방안을 검토할 것”이라고 말했다. 한국 인력도 확대한다....",2026-09-28 14:29,https://www.edaily.co.kr/News/Read?newsId=03106166645584712&mediaCodeNo=257&utm_source=naver&utm_medium=referral&utm_campaign=news_syndication&utm_content=original_article,https://n.news.naver.com/mnews/article/018/0006376382?sid=105
고려대학교,연합뉴스,"역사학계, 교육부 소관 3개 연구기관 통합 반대 성명서 발표","28일 서울 성북구 고려대에서 김성중 한국한문교육학회장(왼쪽부터), 송양섭 조선시대사학회 전 회장, 이영호 성균관대학교 대동문화연구원장, 송혁기 고려대 글로벌인문학연구원장, 김용찬 역사학회 총무이사, 이향배...",2026-09-28 14:29,https://www.yna.co.kr/view/PYH20260928140800013?input=1196m,https://n.news.naver.com/mnews/article/001/0016340903?sid=102
서울대학교,이데일리,"“양자컴퓨터도 한국서 만든다”…佛 콴델라, 삼성·SK와 ‘양자칩 제조...","서울대·KAIST와 공동개발…서울시 800억원 협력도 구체화 국내 연구기관과의 협력도 진행 중이다. 콴델라는 서울대 반도체공동연구소(ISRC)와 반도체 공정 기반 광자 양자컴퓨터 공동개발을 진행하고 있으며, KAIST와는...",2026-09-28 14:29,https://www.edaily.co.kr/News/Read?newsId=03106166645584712&mediaCodeNo=257&utm_source=naver&utm_medium=referral&utm_campaign=news_syndication&utm_content=original_article,https://n.news.naver.com/mnews/article/018/0006376382?sid=105
서울대학교,농민신문,기획처 기획조정실장에 정향우 사회예산심의관 임명,1969년생인 정 실장은 서울대학교 인류학과를 졸업하고 동 대학원 행정학 석사학위를 받은 뒤 행정고시 40회로 공직에 입문했다. 기획재정부에서 사회예산심의관과 정책기획관·공공정책총괄과장·공공제도기획과장을...,2026-09-28 14:29,https://www.nongmin.com/article/20260928500280,https://n.news.naver.com/mnews/article/662/0000105132?sid=100
고려대학교,연합뉴스,'교육부 소관 3개 연구기관 통합 철회하라',"28일 서울 성북구 고려대에서 김성중 한국한문교육학회장(왼쪽부터), 송양섭 조선시대사학회 전 회장, 이영호 성균관대학교 대동문화연구원장, 송혁기 고려대 글로벌인문학연구원장, 김용찬 역사학회 총무이사...",2026-09-28 14:28,https://www.yna.co.kr/view/PYH20260928140500013?input=1196m,https://n.news.naver.com/mnews/article/001/0016340900?sid=102
고려대학교,연합뉴스,역사학계 '교육부 소관 3개 연구기관 통합 반대',"28일 서울 성북구 고려대에서 김성중 한국한문교육학회장(왼쪽부터), 송양섭 조선시대사학회 전 회장, 이영호 성균관대학교 대동문화연구원장, 송혁기 고려대 글로벌인문학연구원장, 김용찬 역사학회 총무이사, 이향배...",2026-09-28 14:28,https://www.yna.co.kr/view/PYH20260928140300013?input=1196m,https://n.news.naver.com/mnews/article/001/0016340899?sid=102
고려대학교,대학저널,"가천대 박철규 교수팀, ‘한국형 ARPA-H 프로젝트’ 선정","가천대학교 의과대학 가천통증연구소 박철규(사진) 교수 연구팀이 보건복지부와 한국보건산업진흥원 K... 이번 연구에는 가천대를 주관기관으로 ㈜오랩바이오, 서울아산병원, 대구경북과학기술원, 고려대학교가...",2026-09-28 14:28,https://dhnews.co.kr/news/view/1065590233708075,https://dhnews.co.kr/news/view/1065590233708075
고려대학교,월드코리안뉴스,[이계송칼럼] 가수 돌리 파튼 타계에 조기를 단 미국,"얼마나 훌륭한 문화인가. 우리도 본받아 볼 만하다. 필자소개 이계송/재미수필가, 전 세인트루이스한인회장 광주일고, 고려대정치외교학과졸업 저서: (에세이집)",2026-09-28 14:28,http://www.worldkorean.net/news/articleView.html?idxno=57857,http://www.worldkorean.net/news/articleView.html?idxno=57857
서울대학교,신아일보,"시흥교육지원청, 유아 'PLAY-RAS 수업나눔 한마당'…지역자원 놀이교육...","시흥교육지원청은 28일부터 다음 달 2일까지 5일간 서울대학교 시흥캠퍼스에서 관내 유치원 교원을 대상으로 '2026 시흥 유아 PLAY-RAS 수업나눔 한마당'을 개최한다고 밝혔다. '함께 하시흥! 놀이로 읽고, 표현하고, 움직이며...",2026-09-28 14:26,https://www.shinailbo.co.kr/news/articleView.html?idxno=5066398,https://www.shinailbo.co.kr/news/articleView.html?idxno=5066398
서울대학교,브레이크뉴스,"울진군, 황일순 서울대 명예교수 초청 ‘제39회 목요특강’ 개최",울진군은 오는 10월 8일 오후 5시 군청 대회의실에서 황일순 서울대학교 원자핵공학과 명예교수를 초청해 제39회 목요특강을 연다고 밝혔다. 이번 강연은 경상북도 K...,2026-09-28 14:26,http://www.breaknews.com/1239342,http://www.breaknews.com/1239342
연세대학교,에듀동아,"연세대, 제26회 언더우드 선교상 시상식 개최",연세대학교 언더우드기념사업회(회장 윤동섭)는 오는 10월 12일(월) 루스채플 예배실에서 '제26회 언더우드 선교상' 시상식을 개최한다. 언더우드 선교상은 연세대를 창립한 호레이스 그랜트 언더우드(Horace Grant Underwood...,2026-09-28 14:26,https://edu.donga.com/news/articleView.html?idxno=112279,https://edu.donga.com/news/articleView.html?idxno=112279
고려대학교,더팩트,세종시교육청. 신임 부교육감에 이윤홍 전 교육부 인공지능인재지원국...,이 신임 부교육감은 배화여자고등학교와 고려대학교를 졸업한 뒤 행정고시 44회에 합격해 2001년 공직에... 또 부경대학교 사무국장과 중앙교육연수원장을 거쳐 교육부 인공지능인재지원국장을 맡는 등 교육행정과 조직...,2026-09-28 14:25,https://news.tf.co.kr/read/national/2369999.htm,https://n.news.naver.com/mnews/article/629/0000537275?sid=102
서울대학교,프라임경제,"울진군, 에너지·경제·환경 전문가에게 듣는다","울진군은 오는 10월8일 오후 5시 군청 대회의실에서 황일순 서울대학교 원자핵공학과 명예교수를 초청해 제39회 목요특강을 진행한다. 이번 행사는 경상북도 K-과학자 특강과 연계해 마련됐으며, 원자력과 에너지 분야의...",2026-09-28 14:24,http://www.newsprime.co.kr/news/article.html?no=749062,http://www.newsprime.co.kr/news/article.html?no=749062
고려대학교,마이데일리,"이즈나, 9월 브랜드평판 순위 11위…무려 62계단 껑충!","기세를 이어 izna는 가천대, 한서대, 여주대를 비롯해 경희대(국제), 고려대, 동덕여대, 전주대, 명지전문대 등 주요 대학 축제 러브콜을 싹쓸이하며 다양한 캠퍼스 무대에 오를 예정이다. 한편, izna는 오는 10월...",2026-09-28 14:24,https://www.mydaily.co.kr/page/view/2026092814181304007,https://m.entertain.naver.com/article/117/0004109780
연세대학교,스포츠동아,[한국스포츠레저·스포츠동아 공동기획] 개막 앞둔 2026~2027 KBL 시즌 판...,"손유찬(한양대), 심주언(고려대) 등 얼리 참가자들이 적지 않다. 대학 졸업 예정자인 이채영, 이해솔(이상 연세대) 등도 알짜배기라는 평가다. 시즌 도중 합류할 재능 있는 신인들이 리그를 풍성하게 해줄 전망이다.",2026-09-28 14:23,https://sports.donga.com/sports/article/all/20260928/134741633/1,https://m.sports.naver.com/basketball/article/382/0001296060
고려대학교,스포츠동아,[한국스포츠레저·스포츠동아 공동기획] 개막 앞둔 2026~2027 KBL 시즌 판...,"이들 이외에도 손유찬(한양대), 심주언(고려대) 등 얼리 참가자들이 적지 않다. 대학 졸업 예정자인 이채영, 이해솔(이상 연세대) 등도 알짜배기라는 평가다. 시즌 도중 합류할 재능 있는 신인들이 리그를 풍성하게...",2026-09-28 14:23,https://sports.donga.com/sports/article/all/20260928/134741633/1,https://m.sports.naver.com/basketball/article/382/0001296060
서울대학교,이데일리,"서울대기술지주, AI 스타트업 '바이스트라타'에 시드 투자",서울대학교기술지주가 특정 제조사의 반도체 칩에 의존하지 않고 다양한 칩에서 인공지능(AI) 모델을 구동하는 데 필요한 크로스플랫폼 소프트웨어 스타트업에 시드투자를 단행했다. 28일 서울대기술지주는 로봇이나...,2026-09-28 14:23,https://www.edaily.co.kr/News/Read?newsId=03086486645584712&mediaCodeNo=257&utm_source=naver&utm_medium=referral&utm_campaign=news_syndication&utm_content=original_article,https://n.news.naver.com/mnews/article/018/0006376378?sid=101
연세대학교,공무원수험신문,"대치동 멘토스학원 수능 전 논술특강, 수능 후 파이널 논술 모집중","▲사진 제공: 멘토스학원 대치동 멘토스학원이 수능 전에 논술시험을 보는 연세대, 홍익대, 단국대 수리... 9개 대학 약술형 논술도 예약 중에 있다. 멘토스학원은 소수정예 재수학원으로 이번 여름방학 썸머스쿨까지...",2026-09-28 14:22,https://www.gosiweek.com/article/1065590309695670,https://www.gosiweek.com/article/1065590309695670
고려대학교,공무원수험신문,"대치동 멘토스학원 수능 전 논술특강, 수능 후 파이널 논술 모집중","1주차 고려대,성균관대 2주차 중앙대,한양대 3주차 인하대, 아주대가 치러진다. 약술형 논술도 진행하는데 국어, 수학을 치르는 가천대, 국민대를 비롯하여 수학만 보는 고대 세종까지 9개 대학 약술형 논술도 예약 중에...",2026-09-28 14:22,https://www.gosiweek.com/article/1065590309695670,https://www.gosiweek.com/article/1065590309695670
연세대학교,노컷뉴스,강원경찰청 신임 공공안전부장에 백남익 경무관,"백 부장은 충남 천안 출신으로 천안 중앙고와 한국방송대 법학과, 연세대 행정대학원 경찰사법행정 석사를 마쳤다. 일반 공채 출신으로 서울청 인사계장, 충남청 홍보담당관, 서울청 1기동단장, 서울수서경찰서장, 서울청...",2026-09-28 14:21,https://www.nocutnews.co.kr/news/6583823?utm_source=naver&utm_medium=article&utm_campaign=20260928022035,https://n.news.naver.com/mnews/article/079/0004193360?sid=102
연세대학교,전자신문,"강진모 아이티센 회장, 대한당구연맹 회장 출마... “AI·데이터로 당구...",강 후보는 아주대 물리학과와 연세대 공학대학원(공학경영 석사)을 졸업했다. 2005년 아이티센 대표이사를 맡은 뒤 아이티센그룹 총괄회장을 거쳐 현재 아이티센글로벌 회장을 맡고 있다. 한국IT서비스산업협회 5대...,2026-09-28 14:21,https://www.etnews.com/20260928000305,https://n.news.naver.com/mnews/article/030/0003470394?sid=105
연세대학교,머니투데이,"온코크로스, '네오오믹스' 사업 성장 본격화…""고객 기반 확대 성과""","연구기관, 대학 등으로 고객 기반을 강화했다. 온코크로스는 다수의 국내 주요 제약·바이오 기업과 정부 연구기관에 이어 국립암센터와 화순전남대학교병원, 삼성서울병원, 서울대학교병원, 경희대학교, 연세대학교...",2026-09-28 14:19,https://www.mt.co.kr/thebio/2026/09/28/2026092814174473207,https://n.news.naver.com/mnews/article/008/0005419074?sid=101
서울대학교,머니투데이,"온코크로스, '네오오믹스' 사업 성장 본격화…""고객 기반 확대 성과""","온코크로스는 다수의 국내 주요 제약·바이오 기업과 정부 연구기관에 이어 국립암센터와 화순전남대학교병원, 삼성서울병원, 서울대학교병원, 경희대학교, 연세대학교 등으로 네오오믹스 공급 분야를 본격적으로...",2026-09-28 14:19,https://www.mt.co.kr/thebio/2026/09/28/2026092814174473207,https://n.news.naver.com/mnews/article/008/0005419074?sid=101
연세대학교,기호일보,인천 첨단·미래산업 중국에 알린다…'인천지창' 가을호 발간,"화교 가족의 인천 정착기 '가족의 탄생'과 소래습지 생태공원 갈대밭과 하늘정원 코스모스 풍경을 소개하는 '사계절 투어', 영흥도 포도를 조명한 '인천의 맛', 연세대 국제캠퍼스 중어중문학과 학생의 '글로벌 리포트...",2026-09-28 14:18,https://www.kihoilbo.co.kr/news/articleView.html?idxno=3035936,https://www.kihoilbo.co.kr/news/articleView.html?idxno=3035936
서울대학교,SR타임스,"한국지역정보개발원, 우정민 신임 원장 취임",우 신임 원장은 서울대학교 산업공학과를 졸업하고 한국과학기술원(KAIST)에서 경영학 석사학위를 취득했다. KT에서 차세대시스템개발단장과 KOS서비스단장 등을 거쳐 KT DS 대표이사 사장과 KT 부사장을 역임했다. 우...,2026-09-28 14:18,http://www.srtimes.kr/news/articleView.html?idxno=213366,http://www.srtimes.kr/news/articleView.html?idxno=213366
고려대학교,IKLD,"대한건설정책연구원, 개원 20주년 기념식 및 세미나 개최… 전문건설 미...","이어, 건정연의 제4대 원장을 역임한 박상우 前 국토교통부 장관(고려대학교 공학대학원 석좌교수)이 'AI로 건설산업의 날개를 달자'를 주제로 앞으로 기조강연을 진행한다. 박상우 석좌교수는 AI의 발전이 건설산업에...",2026-09-28 14:16,http://www.ikld.kr/news/articleView.html?idxno=341404,http://www.ikld.kr/news/articleView.html?idxno=341404
고려대학교,MCNEWS,"건설정책연구원, 개원 20주년 기념식 연다",이어 건정연의 제4대 원장을 역임한 박상우 전 국토교통부 장관(고려대학교 공학대학원 석좌교수)이 ‘AI로 건설산업의 날개를 달자’를 주제로 앞으로 기조강연을 진행한다. 박상우 석좌교수는 AI의 발전이 건설산업에...,2026-09-28 14:16,http://mcnews.co.kr/86711,http://mcnews.co.kr/86711
연세대학교,빌리어즈,"'기호 2번' 강진모 대한당구연맹 회장 후보, '당구, 세상과 연결하다' 4...","강 후보는 아주대학교 물리학과와 연세대학교 공학대학원에서 공학경영 석사학위를 받았으며, 2005년 아이티센 대표이사를 맡은 뒤 아이티센그룹 총괄회장을 거쳐 현재 아이티센글로벌 회장을 맡고 있다....",2026-09-28 14:16,https://www.thebilliards.kr/news/articleView.html?idxno=32016,https://www.thebilliards.kr/news/articleView.html?idxno=32016
서울대학교,브레이크뉴스,"대구대 글로벌브릿지 영재교육원, 2027학년도 영재 105명 모집","대구대학교 글로벌브릿지 영재교육원이 2027학년도 영재교육 대상자 105명을... 교육원 측은 “그동안 수료생들이 영재고, 과학고, 국제고는 물론 서울대, KAIST, POSTECH...",2026-09-28 14:16,http://www.breaknews.com/1239333,http://www.breaknews.com/1239333
고려대학교,연합뉴스TV,'지속 가능한 미디어 생태계와 규제 혁신' 세미나 30일 개최,"이어지는 종합토론에서는 고려대학교 이헌율 교수가 좌장을 맡으며, 정보통신정책연구원 곽동균 박사, 법무법인 세종 김건훈 수석전문위원, 선문대학교 김용희 교수, 한국외국어대학교 지성욱 교수, 순천향대학교...",2026-09-28 14:13,http://www.yonhapnewstv.co.kr/news/AKR20260928141257FzS,https://n.news.naver.com/mnews/article/422/0000910378?sid=102
서울대학교,연합뉴스TV,'지속 가능한 미디어 생태계와 규제 혁신' 세미나 30일 개최,"한국방송학회(학회장 강재원 교수, 동국대학교)는 한국IPTV방송협회, 한국케이블TV방송협회, kt skylife와... 서울대학교 홍종윤 교수가 ‘K-미디어 생태계의 기간 미디어 플랫폼으로서 유료방송’을 주제로 첫 발제를 맡고...",2026-09-28 14:13,http://www.yonhapnewstv.co.kr/news/AKR20260928141257FzS,https://n.news.naver.com/mnews/article/422/0000910378?sid=102
고려대학교,주간한국,"금융위·거래소, '코리아 프리미엄 위크 2026' 개막…3주간 IR 대장정",이어 위니 콴 캐피탈그룹 PIO가 글로벌 투자자 시각에서 본 한국 자본시장 선진화 정책을 평가하는 특별연설을 했고 조명현 고려대 경영대학 교수가 좌장을 맡아 '한국 자본시장의 질적 성장을 위한 제언'을 주제로...,2026-09-28 14:12,https://weekly.hankooki.com/news/articleView.html?idxno=7186173,https://weekly.hankooki.com/news/articleView.html?idxno=7186173
서울대학교,주간한국,"금융위·거래소, '코리아 프리미엄 위크 2026' 개막…3주간 IR 대장정",28일 서울 중구 더그랜드롯데 서울에서 열린 '코리아 프리미엄 위크 2026' 개막식에서 이억원 금융위원장과... 금융산업실장·정준혁 서울대 법학전문대학원 교수·오크트리캐피탈·뱅가드...,2026-09-28 14:12,https://weekly.hankooki.com/news/articleView.html?idxno=7186173,https://weekly.hankooki.com/news/articleView.html?idxno=7186173
서울대학교,뉴스1,"관악구의 가을, 공연·축제로 물든다…""샤로수길부터 별빛내린천까지""","서울 관악구는 다음 달 별빛내린천과 관악구청 광장, 샤로수길 등에서 공연과 축제를 개최한다고 28일... 다음 달 2일에는 관악구청 광장에서 서울대 개교 80주년 기념 예술주간 프로그램인 '브런치 클래식' 오케스트라...",2026-09-28 14:11,https://www.news1.kr/local/moi/6303277,https://n.news.naver.com/mnews/article/421/0009195356?sid=102
서울대학교,NC,1830년대 슈만의 피아노 어법 해부… 안화영 작곡가 시리즈,"피아니스트 안화영이 내달 4일 서울 예술의전당 리사이틀홀에서 독주회 '작곡가 시리즈 IV-Robert... 현재 서울대학교, 경희대학교, 숙명여자대학교에 출강 중이다. 뉴스컬처 이상완",2026-09-28 14:10,https://www.nc.press/news/articleView.html?idxno=627331,https://www.nc.press/news/articleView.html?idxno=627331
서울대학교,아시아타임즈,[28일 울진군] ‘제39회 목요 특강’ 개최 등,"사진=울진군 울진군은 오는 10월8일 군청 대회의실에서 경상북도 K-과학자 특강과 연계해 황일순 서울대학교 원자핵공학과 명예교수를 초청하고, '에너지, 경제, 환경 그리고 울진의 미래'를 주제로 제39회 목요 특강을...",2026-09-28 14:08,https://www.asiatime.co.kr/article/20260928500269,https://www.asiatime.co.kr/article/20260928500269
서울대학교,쿠키뉴스,"카카오, 인적분할 앞두고 ‘투톱 체제’…김도영 CA협의체 공동 의장 확...",김 공동의장은 서울대 항공우주공학과를 졸업하고 서울대 경영전문대학원에서 석사학위를 받았다. 삼성SDS 선임컨설턴트와 삼성증권 IB본부 이사를 거쳐 코오롱모빌리티그룹 최고재무책임자(CFO)를 지냈다. 지난해부터는...,2026-09-28 14:08,https://www.kukinews.com/article/view/kuk202609280132,https://www.kukinews.com/article/view/kuk202609280132
고려대학교,뉴스1,"노벨화학상 기타가와 교수, 고려대서 특강…'분자 공간 설계' 조명",이번 행사는 기타가와 교수의 고려대 KU-KIST융합대학원 석좌교수 임용을 기념하는 자리이기도 하다. NIF는 고려대가 개교 120주년 기념사업의 하나로 노벨상 수상자와 사회 저명인사를 초청해 진행하는 학술행사다.,2026-09-28 14:06,https://www.news1.kr/society/education/6303263,https://n.news.naver.com/mnews/article/421/0009195344?sid=102
고려대학교,후생신보,"우리아이들병원, 추석 맞아 꽃송이버섯 120박스 기부","고려대의료원 교류협력 우리아이들의료재단 우리아이들병원(이사장 정성관, 병원장 백정현)이 추석을 맞아 지역사회와 따뜻한 마음을 나누기 위해 구로구 관내 기관에 꽃송이버섯 120박스를 기부했다. 이번 기부는...",2026-09-28 14:06,http://www.whosaeng.com/173996,http://www.whosaeng.com/173996
연세대학교,시사저널e,"佛양자컴 콴델라, 우리나라 아시아 양자칩 생산 거점 낙점","콴델라는 하반기 서울시와 양자컴퓨팅 인프라, 금융·산업 분야 활용 사례 개발, 서울대·연세대와의... 소마스키 CEO는 국내 대학 등 연구기관과의 협력에 대해 ""이미 매우 실질적인 교류를 하고 있다""고 설명했다. KAIST와...",2026-09-28 14:04,https://www.sisajournal-e.com/news/articleView.html?idxno=423969,https://www.sisajournal-e.com/news/articleView.html?idxno=423969
서울대학교,시사저널e,"佛양자컴 콴델라, 우리나라 아시아 양자칩 생산 거점 낙점","콴델라는 하반기 서울시와 양자컴퓨팅 인프라, 금융·산업 분야 활용 사례 개발, 서울대·연세대와의 연구개발 협력을 모두 아우르는 방향으로 논의를 이어갈 예정이다. ◇ KAIST, 전자부품 개발…프랑스에서 시험...",2026-09-28 14:04,https://www.sisajournal-e.com/news/articleView.html?idxno=423969,https://www.sisajournal-e.com/news/articleView.html?idxno=423969
서울대학교,데일리안,"서울 마포구, 정신건강의 날 맞아 김난도 교수 초청 강연·캠페인 개최","서울 마포구(구청장 유동균)는 10월13일 마포중앙도서관 6층 마중홀에서 김난도 서울대학교 소비자학과 명예교수를 초청해 '2027, 마음의 트렌드를 읽다'를 주제로 강연을 개최한다고 28일 밝혔다. 이번 행사는 '세계...",2026-09-28 14:02,https://www.dailian.co.kr/news/view/1695067/?sc=Naver,https://n.news.naver.com/mnews/article/119/0003136927?sid=102
고려대학교,오마이뉴스,"""AI로 변호사 자체가 없어지지는 않을 거예요""","""내길이다 싶었다"" 민 변호사는 고려대 경영학을 나와 해병대 ROTC 장교로 복무했다. 전역 후 광고대행사에서... 이게 내 길이다 싶은 생각이 들었어요."" 그 후 건국대학교 법학전문대학원을 거쳐 변호사가 됐다. 법조인이...",2026-09-28 14:01,https://www.ohmynews.com/NWS_Web/View/at_pg.aspx?CNTN_CD=A0003270109&CMPT_CD=P0010&utm_source=naver&utm_medium=newsearch&utm_campaign=naver_news,https://n.news.naver.com/mnews/article/047/0002530468?sid=102
서울대학교,빅데이터뉴스,"카카오, 인적분할 앞두고 김도영 CA협의체 공동의장 선임","김도영 내정자는 1975년생으로 서울대 항공우주공학과를 졸업하고 서울대 경영전문대학원에서 MBA를 취득했다. 2001년부터 2004년까지 삼성SDS 선임컨설턴트로 근무했으며, 2007년부터 2022년까지 삼성증권 IB본부 이사를...",2026-09-28 14:00,https://www.thebigdata.co.kr/view.php?ud=2026092812455275860ecbf9426b_23,https://www.thebigdata.co.kr/view.php?ud=2026092812455275860ecbf9426b_23
서울대학교,머니투데이,"""AI칩 바뀌어도 문제없다"" 바이스트라타, 서울대기술지주 투자유치","바이스트라타가 서울대기술지주로부터 시드 투자를 유치했다고 28일 밝혔다. 투자금액은 비공개다.... 펄어비스, 넷마블 등에서 GPU 렌더링을 연구한 박한길 CTO (최고기술책임자)와 삼성테크윈, 서울대 정밀기계연구소...",2026-09-28 14:00,https://www.mt.co.kr/future/2026/09/28/2026092809535995816,https://n.news.naver.com/mnews/article/008/0005419054?sid=101
서울대학교,한국강사신문,"부평도서관, 황호성 서울대 교수와 함께하는 '인간과 우주' 길 위의 인문...",강연에는 서울대학교 물리천문학부 황호성 교수가 참여한다. 황 교수는 현대 천문학의 주요 성과와 우주에... 특히 강연에 그치지 않고 서울대학교 천문대를 직접 찾아 실제 천체를 관측하는 탐방 프로그램도 마련해...,2026-09-28 14:00,https://www.lecturernews.com/news/articleView.html?idxno=211199,https://www.lecturernews.com/news/articleView.html?idxno=211199
연세대학교,뉴시스,"""연금개혁, 20대 불리…현실적 자동안정장치 도입해야""",양재진 연세대 행정학과 교수는 2070년이 되면 생산가능인구인 15~64세 비율이 46.1%로 줄고 65세 이상 노인 인구는 46.4%로 증가할 것으로 전망했다. 또 2072년에는 생산가능인구보다 부양을 해야 할 노인 인구가 더 많아지는...,2026-09-28 14:00,https://www.newsis.com/view/NISX20260928_0003805110,https://n.news.naver.com/mnews/article/003/0014217854?sid=102
연세대학교,포스인사이트,"상미당홀딩스, AI 사업 확대..섹타나인 새 대표에 카카오페이 출신","1974년생으로 연세대 경영학과를 졸업했다. 섹타나인은 상미당홀딩스 계열의 마케팅·AI·정보기술(IT) 전문기업이다. 통합 멤버십 '해피포인트'의 IT·마케팅 플랫폼을 운영하고, 커머스와 배달, 모바일상품권, 결제...",2026-09-28 14:00,http://www.4th.kr/news/articleView.html?idxno=2118757,http://www.4th.kr/news/articleView.html?idxno=2118757
고려대학교,CNB저널,"고려대, 노벨화학상 수상자 스스무 기타가와 교수 초청 NIF 개최","이번 행사는 기타가와 교수의 고려대 KU-KIST융합대학원 석좌교수 임용을 기념해 마련됐다. 기타가와 교수는 다공성 금속-유기 골격체(MOF)와 다공성 배위 고분자(PCP) 연구를 개척한 화학자로, 오마르 M. 야기 UC...",2026-09-28 14:00,https://www.cnbizm.com/news/articleView.html?idxno=316357,https://www.cnbizm.com/news/articleView.html?idxno=316357
고려대학교,대구일보,"[전진문의 즐거운 독서] 『노비에서 양반으로, 그 머나먼 여정』","『노비에서 양반으로,그 머나먼 여정』 (권내현 지음/ 역사비평사/ 204쪽/ 2014) 이 책의 저자 권내현은 고려대... 사람은 아무도 없을 것 같다고 시니컬하게 말한다. 전진문 대구독서포럼 이사·전 대구가톨릭대학교 교수",2026-09-28 14:00,https://www.idaegu.com/news/articleView.html?idxno=665922,https://www.idaegu.com/news/articleView.html?idxno=665922
서울대학교,중도일보,충청권 암 환자들 수도권 병원 진료·수술 쏠림 뚜렷,"여기에 서울대학교병원과 삼성서울병원, 서울아산병원, 신촌세브란스병원, 서울성모병원 등 이른바 '빅5 병원'에서 암 진료를 받은 비수도권 환자 비율은 모두 30%를 넘었는데, 5개 권역 중에서는 중부권 암 환자...",2026-09-28 13:58,https://www.joongdo.co.kr/web/view.php?key=20260928010008368,https://www.joongdo.co.kr/web/view.php?key=20260928010008368
연세대학교,전자신문,[부음] 신홍순(전 LG패션 대표)씨 별세,"별세, 남혜숙씨 남편상, 신년수·수화·수혜·수현·수경씨 부친상, 정윤희씨 시부상, 김영수(아모레퍼시픽 고문)·채원석(에이온코리아 상무)·김신씨 장인상=28일, 연세대 용인장례식장 특실, 발인 30일. (031)678-7600",2026-09-28 13:58,https://www.etnews.com/20260928000283,https://n.news.naver.com/mnews/article/030/0003470376?sid=102
고려대학교,충청리뷰,"세종시교육청, 이윤홍 부교육감 부임","이 부교육감은 배화여자고등학교와 고려대학교를 졸업하고 행정고시 44회에 합격해 2001년 공직에 입문했다. 교육부 창조행정담당관, 혁신행정담당관, 운영지원과장, 장관실 비서실장, 부경대 사무국장...",2026-09-28 13:58,https://www.ccreview.co.kr/news/articleView.html?idxno=358568,https://www.ccreview.co.kr/news/articleView.html?idxno=358568
서울대학교,연합뉴스,"부산대 양산캠퍼스 유휴부지, 산업·연구 혁신거점으로 조성한다",도시계획 규제 완화 특례구역…부시장 단장 9개 분야 범부서 TF 구성 경남 양산시는 부산대학교 양산캠퍼스... 시는 부산대의 '서울대 10개 만들기(S-TEN) 프로젝트'와 공간혁신 구역 사업을 연계해 유휴부지를 연구와 산업...,2026-09-28 13:56,https://www.yna.co.kr/view/AKR20260928090900052?input=1195m,https://n.news.naver.com/mnews/article/001/0016340750?sid=102
서울대학교,뉴스제주,[인사] 제주경찰청 차장에 이승열 경무관,"대구 달성고등학교와 경찰대학교 행정학과를 졸업하고 서울대학교 행정대학원에서 석사 학위를 받았다. 주요 경력으로는 경북경찰청 성주경찰서장과 호주 시드니 해외주재관, 경찰청 치안상황관리팀장, 서울경찰청...",2026-09-28 13:52,https://www.newsjeju.net/news/articleView.html?idxno=426327,https://www.newsjeju.net/news/articleView.html?idxno=426327
고려대학교,JTBC,"[단독] 선관위 특검, 노태악 전 선관위원장 출국금지...투표용지 부족사...",특검은 지난주 디지털 포렌식 역량 강화를 위해 이상진 고려대 정보보호대학원 교수 등 자문위원 4명을 충원하는 등 인력을 보충하고 있습니다. 추석 연휴 기간에도 대부분 수사팀이 출근해 의혹 규명에 매진한 것으로...,2026-09-28 13:49,https://news.jtbc.co.kr/article/NB12320279?influxDiv=NAVER,https://n.news.naver.com/mnews/article/437/0000513014?sid=102
고려대학교,조선일보,"서연고, 5년간 1만736명 중도탈락…지난해 64.5% 자연계","대학별로 보면 지난해 고려대가 836명으로 가장 많았고, 연세대 801명, 서울대 375명 순이었다. 대학알리미 공시가 시작된 2007년 이후 2020년까지는 세 대학의 연간 중도탈락자가 대체로 1000명대였다. 이 기간 가장...",2026-09-28 13:48,https://edu.chosun.com/site/data/html_dir/2026/09/28/2026092880119.html,https://edu.chosun.com/site/data/html_dir/2026/09/28/2026092880119.html
연세대학교,쿠키뉴스,상미당 섹타나인 새 수장에 한순욱 전 카카오페이 COO…AI·플랫폼 힘준...,1974년생인 한 신임 대표는 연세대학교 경영학과를 졸업한 뒤 글로벌 컨설팅 기업 액센츄어에서 제조·유통·소비재 산업 부문 이사로 근무했다. 당시 기업 경영전략 수립과 프로세스 혁신(PI) 업무를 담당했다. 이후...,2026-09-28 13:48,https://www.kukinews.com/article/view/kuk202609280121,https://www.kukinews.com/article/view/kuk202609280121
서울대학교,조선일보,"서연고, 5년간 1만736명 중도탈락…지난해 64.5% 자연계","장희주 기자 | 서울대와 연세대, 고려대에서 최근 5년간 1만명이 넘는 학생이 중도탈락한 것으로... 2026년 8월 29일 대학알리미에 공시된 대학별 중도탈락자 자료를 분석한 결과, 2021년부터 2025년까지 서울대...",2026-09-28 13:48,https://edu.chosun.com/site/data/html_dir/2026/09/28/2026092880119.html,https://edu.chosun.com/site/data/html_dir/2026/09/28/2026092880119.html
연세대학교,조선일보,"서연고, 5년간 1만736명 중도탈락…지난해 64.5% 자연계","대학별로 보면 지난해 고려대가 836명으로 가장 많았고, 연세대 801명, 서울대 375명 순이었다. 대학알리미 공시가 시작된 2007년 이후 2020년까지는 세 대학의 연간 중도탈락자가 대체로 1000명대였다. 이 기간 가장...",2026-09-28 13:48,https://edu.chosun.com/site/data/html_dir/2026/09/28/2026092880119.html,https://edu.chosun.com/site/data/html_dir/2026/09/28/2026092880119.html
연세대학교,블로터,"상미당 섹타나인, 신임 대표에 한순욱 전 카카오페이 COO 선임",1974년생으로 연세대학교 경영학과를 졸업했으며 BearingPoint와 KPMG에서 컨설팅 매니저를 역임했다. 이후 액센츄어 제조·유통·소비재·서비스 산업 부문 이사로 활동하며 경영전략 수립과 프로세스 혁신(PI) 컨설팅을...,2026-09-28 13:47,https://www.bloter.net/news/articleView.html?idxno=674498,https://n.news.naver.com/mnews/article/293/0000090942?sid=101
고려대학교,SBS Biz,"유한양행, 차기 CEO 고심…유한맨 vs. 외부 영입",김열홍 유한양행R&D 총괄사장 반면 김열홍 사장은 고려대 의대 교수 출신으로 2023년 유한양행에 영입된 외부 R&D 전문가입니다. 렉라자를 비롯한 신약 연구개발을 이끌면서 유한양행의 R&D 경쟁력 강화에 무게를...,2026-09-28 13:47,https://biz.sbs.co.kr/article_hub/20000336959?division=NAVER,https://n.news.naver.com/mnews/article/374/0000535089?sid=101
서울대학교,HUFFINGTONPOST,"인적분할 앞둔 카카오 CA협의체 김도영-정신아 공동 의장 체제로, 해체...",김 공동 의장은 1975년생으로 서울대 항공우주공학과를 졸업하고 같은 대학 경영전문대학원에서 경영학석사(MBA)를 받았다. 삼성SDS 선임컨설턴트로 사회생활을 시작해 삼성증권 IB본부에서 이사를 지냈다. 2022년부터...,2026-09-28 13:46,https://www.huffingtonpost.kr/article/260794,https://www.huffingtonpost.kr/article/260794
서울대학교,조선일보,‘사탐런 후폭풍’… 9월 모평 과탐 1등급 인원 42% 줄었다,이는 특히 서울대 자연계열 모집단위와 같이 과학탐구 2과목 응시를 요구하는 대학·모집단위에 큰 변수가 될 수 있다. 과탐 상위등급 인원 규모가 줄어들면서 지원자 풀이 달라질 수 있기 때문이다. 과탐...,2026-09-28 13:46,https://edu.chosun.com/site/data/html_dir/2026/09/28/2026092880118.html,https://edu.chosun.com/site/data/html_dir/2026/09/28/2026092880118.html
서울대학교,디지털타임스,"우정민 전 KT 부사장, 한국지역정보개발원장 취임","서울대 산업공학과를 졸업하고 한국과학기술원(KAIST)에서 경영학 석사학위를 취득했다. KLID는 우 원장이 IT분야 전문성과 전문경영 경험을 바탕으로 정보시스템 운영 안정성을 높이고, 지방정부의 AI전환(AX) 혁신...",2026-09-28 13:44,https://www.dt.co.kr/article/12086122?ref=naver,https://n.news.naver.com/mnews/article/029/0003050168?sid=105
고려대학교,파이낸셜포스트,"고려대 안암병원, 소아응급실 개소",고려대 안암병원은 권역응급의료센터 내 소아응급실을 개소하고 소아응급환자 전담전문의 3명을 충원했다고... 병원은 소아 전용 4병상을 운영하며 환자의 연령과 상태를 고려한 응급진료를 제공한다. 전담전문의가 초기...,2026-09-28 13:44,https://www.financialpost.co.kr/news/articleView.html?idxno=277579,https://www.financialpost.co.kr/news/articleView.html?idxno=277579
서울대학교,이데일리,"건국대, 우주 양성자 견디는 태양전지 설계 제시","연구는 성균관대, 경북대, 서울대, 고려대 등과 공동으로 진행됐다. 다결정 페로브스카이트 태양전지는 가볍고 유연하며 방사선에 대한 내구성이 뛰어나다. 이에 기존 위성용 전원과 우주 태양광 발전에 주로 사용되는...",2026-09-28 13:41,https://www.edaily.co.kr/News/Read?newsId=02974966645584712&mediaCodeNo=257&utm_source=naver&utm_medium=referral&utm_campaign=news_syndication&utm_content=original_article,https://n.news.naver.com/mnews/article/018/0006376351?sid=102
고려대학교,이데일리,"건국대, 우주 양성자 견디는 태양전지 설계 제시","연구는 성균관대, 경북대, 서울대, 고려대 등과 공동으로 진행됐다. 다결정 페로브스카이트 태양전지는 가볍고 유연하며 방사선에 대한 내구성이 뛰어나다. 이에 기존 위성용 전원과 우주 태양광 발전에 주로 사용되는...",2026-09-28 13:41,https://www.edaily.co.kr/News/Read?newsId=02974966645584712&mediaCodeNo=257&utm_source=naver&utm_medium=referral&utm_campaign=news_syndication&utm_content=original_article,https://n.news.naver.com/mnews/article/018/0006376351?sid=102
서울대학교,충청뉴스,"한국연구재단, 원자-빛 상호작용 계량화한 '자기 그래프 이론' 소개",한국연구재단은 서울대 박남규·유선규 교수와 서울시립대 박현희 교수 연구팀이 원자-빛 상호작용을 하나의 숫자로 계량화할 수 있는 자기 그래프 이론을 개발했다고 28일 밝혔다. 기존에는 원자 하나와 빛의 상호작용을...,2026-09-28 13:40,http://www.ccnnews.co.kr/news/articleView.html?idxno=415471,http://www.ccnnews.co.kr/news/articleView.html?idxno=415471
서울대학교,뉴스클레임,[HD현대 인사 전망]② 사장단 아래 80명도 움직였다… 합병 뒤 달라진 자...,"김광우는 서울대를 나왔고 런던지사장을 지내는 등 해외에서 근무한 경험이 있다. HD현대중공업에서 전무 7명이 한꺼번에 나왔지만 맡아온 일은 엔진과 시운전, 해외업무 등으로 나뉘었다. HD한국조선해양에서는...",2026-09-28 13:40,https://www.newsclaim.co.kr/news/articleView.html?idxno=3076620,https://www.newsclaim.co.kr/news/articleView.html?idxno=3076620
서울대학교,바이오타임즈,"캠프테라퓨틱스 최형운 연구원, 유럽펩타이드심포지엄 'Best Poster Award' 수...","펩타이드 기반 신약개발 기업 캠프테라퓨틱스(CAMP Therapeutics, 대표 유재훈)는 최형운 연구원(서울대학교 자연과학대학 화학부 박사과정)이 지난 6일부터 11일까지 오스트리아 비엔나에서 열린 제38회...",2026-09-28 13:38,https://www.biotimes.co.kr/news/articleView.html?idxno=34735,https://www.biotimes.co.kr/news/articleView.html?idxno=34735
연세대학교,아주경제,,"com ▲ 이유경씨 별세, 조정원씨(세계태권도연맹 총재) 부인상 = 27일, 강동경희대학교병원... 수화·수현·수경·수혜씨 부친상 = 28일 오전, 연세대 용인장례식장 특실, 발인 30일 오전 7시. ☎ 031-678-7600",2026-09-28 13:36,https://www.ajunews.com/view/20260928133501771,https://www.ajunews.com/view/20260928133501771
서울대학교,천지일보,카카오 CA협의체 공동의장에 김도영 카카오X 대표 내정,1975년생인 김 내정자는 서울대학교 항공우주공학과를 졸업한 뒤 동 대학원 경영전문대학원(MBA)에서 석사 학위를 취득했다. 이후 2001년 삼성SDS 선임컨설턴트로 업계에 첫발을 디디며 IT와 비즈니스 컨설팅 역량을 쌓았다....,2026-09-28 13:36,https://www.newscj.com/news/articleView.html?idxno=3436057,https://www.newscj.com/news/articleView.html?idxno=3436057
고려대학교,스포츠한국,"엔시티 위시, 미니 4집 '아이 스파이' 신곡 '러버 보이' 트레일러 눈길",한편 엔시트 위시는 오는 10월 10~11일 양일간 서울 고려대학교 화정체육관에서 네 번째 미니앨범 발매 기념 오프라인 이벤트 '아이 스파이 유(I SPY YOU)'를 개최하고 온라인에서 펼쳐진 '위시 랜드'를 실제 공간으로...,2026-09-28 13:36,https://sports.hankooki.com/news/articleView.html?idxno=6940645,https://sports.hankooki.com/news/articleView.html?idxno=6940645
서울대학교,이로운넷,"'공문에 사유 없다'...조희대, 재제청거부 국감 통해 얘기할 것",윤진수 서울대 명예교수는 사유 없이 거부할 수 있다면 대통령 의중의 인물이 아닌 한 모두 거부할 수 있어 대법원장의 제청이 무의미해진다고 짚었다. 문서주의 논거에도 무게가 실린다. 청와대는 브리핑에서 제청 절차의...,2026-09-28 13:34,https://www.eroun.net/news/articleView.html?idxno=91076,https://www.eroun.net/news/articleView.html?idxno=91076
서울대학교,뉴스핌,"[정국진단] 장윤미 ""한동훈, 검증 빙자한 폭력…기소계획서 SNS 게재는 ...","◆프로필 -1980년생(서울) -숭의여고, 서울대 철학과, 이화여대 법학전문대학원 -언론중재위원회 위원, 한국여성변호사회 공보이사 -더불어민주당 제22대 국회의원 선거 총선기획단 위원, 더불어민주당 법률부위원장, CBS...",2026-09-28 13:34,https://www.newspim.com/news/view/20260928000697,https://www.newspim.com/news/view/20260928000697
서울대학교,에이블뉴스,"인권위, 29일 '발달장애인 의료 이용 실태 진단·제도개선 모색' 토론회...",국가인권위원회(이하 인권위)가 김예지·서미화 의원과 함께 오는 29일 오후 2시 서울 여의도 이룸센터... 이번 토론회에서는 김승섭 교수(서울대학교 보건대학원 환경보건학과)가 발달장애인 의료 이용 실태조사 진행...,2026-09-28 13:32,https://www.ablenews.co.kr/news/articleView.html?idxno=233551,https://www.ablenews.co.kr/news/articleView.html?idxno=233551
서울대학교,브릿지경제,"부산대 양산캠퍼스, 동남권 산업·AI 거점으로",양산시는 부산대학교의 ‘서울대 10개 만들기(S-TEN) 프로젝트’ 선정에 맞춰 부산대 양산캠퍼스 유휴부지를 동남권 산업·연구·AI 혁신 거점으로 조성하는 대응에 나섰다고 28일 밝혔다. S-TEN 프로젝트는 교육부가...,2026-09-28 13:30,https://www.viva100.com/article/20260928500652,https://www.viva100.com/article/20260928500652
서울대학교,뉴스로드,"성남시, 기후위기 대응과 연구로 미래도시 청사진 제시","심포지엄에서는 김호 서울대학교 보건대학원 교수가 '기후변화와 건강: 도시환경과 적응'을, 강은정... 손창우 연세대학교 보건행정학부 교수, 김성아 서울연구원 포용도시연구실 연구위원, 신지영 한국보건사회연구원...",2026-09-28 13:30,http://www.newsroad.co.kr/news/articleView.html?idxno=64940,http://www.newsroad.co.kr/news/articleView.html?idxno=64940
고려대학교,연합뉴스,"학계 ""동북아재단·한중연·고전번역원 통합 반대""…철회 촉구","한국고대사학회, 역사학회, 한국고전번역학회, 한국서지학회 등 85개 학회와 연구소는 28일 서울 성북구 고려대 문과대학에서 기자회견을 열어 동북아역사재단과 한국학중앙연구원, 한국고전번역원을 통합하려는 정부...",2026-09-28 13:30,https://www.yna.co.kr/view/AKR20260928079800005?input=1195m,https://n.news.naver.com/mnews/article/001/0016340672?sid=103
연세대학교,뉴스로드,"성남시, 기후위기 대응과 연구로 미래도시 청사진 제시","심포지엄에서는 김호 서울대학교 보건대학원 교수가 '기후변화와 건강: 도시환경과 적응'을, 강은정... 주제발표 후에는 변병설 인하대학교 행정학과 교수가 좌장을 맡아 지정토론이 진행된다. 손창우 연세대학교...",2026-09-28 13:30,http://www.newsroad.co.kr/news/articleView.html?idxno=64940,http://www.newsroad.co.kr/news/articleView.html?idxno=64940
서울대학교,파이낸셜뉴스,"한국지역정보개발원, 우정민 신임 원장 취임…""지방정부 디지털 전환 이...","우 신임 원장은 서울대학교 산업공학과를 졸업하고 한국과학기술원(KAIST)에서 경영학 석사학위를 받았다. 이어 KT에서 차세대시스템개발단장과 KOS서비스단장을 거쳐 IT 전문 계열사인 KT DS 대표이사 사장, KT 부사장을...",2026-09-28 13:28,https://www.fnnews.com/news/202609281324119656,https://n.news.naver.com/mnews/article/014/0005581603?sid=102
고려대학교,베리타스알파,고려대 노벨화학상 수상자 기타가와 교수 초청 강연.. '제12회 NIF 개최',이번 포럼은 기타가와 교수의 고려대 KU-KIST융합대학원 석좌교수 임용을 기념하는 자리도 겸한다. 기타가와 교수는 다공성 금속-유기 골격체(MOF/PCP) 연구 분야를 개척한 화학자다. 금속-유기 골격체(MOF)와...,2026-09-28 13:28,https://www.veritas-a.com/news/articleView.html?idxno=629655,https://www.veritas-a.com/news/articleView.html?idxno=629655
서울대학교,에듀동아,"2027 수시 면접, 학생부에서 어떤 질문이 나올까 서류 기반 면접 대비 3...","또한 학생부 기반 면접의 빈출 질문 변화와 서울대·연세대·고려대 제시문 기반 면접의 핵심 유형, 메디컬 MMI 대학별 기출 유형 및 대비법 등을 다룬다. 2027학년도 수시 면접을 앞둔 수험생이라면 자신의 학생부와 지원...",2026-09-28 13:24,https://edu.donga.com/news/articleView.html?idxno=112272,https://edu.donga.com/news/articleView.html?idxno=112272
연세대학교,에듀동아,"2027 수시 면접, 학생부에서 어떤 질문이 나올까 서류 기반 면접 대비 3...","또한 학생부 기반 면접의 빈출 질문 변화와 서울대·연세대·고려대 제시문 기반 면접의 핵심 유형, 메디컬 MMI 대학별 기출 유형 및 대비법 등을 다룬다. 2027학년도 수시 면접을 앞둔 수험생이라면 자신의 학생부와 지원...",2026-09-28 13:24,https://edu.donga.com/news/articleView.html?idxno=112272,https://edu.donga.com/news/articleView.html?idxno=112272
고려대학교,에듀동아,"2027 수시 면접, 학생부에서 어떤 질문이 나올까 서류 기반 면접 대비 3...","또한 학생부 기반 면접의 빈출 질문 변화와 서울대·연세대·고려대 제시문 기반 면접의 핵심 유형, 메디컬 MMI 대학별 기출 유형 및 대비법 등을 다룬다. 2027학년도 수시 면접을 앞둔 수험생이라면 자신의 학생부와 지원...",2026-09-28 13:24,https://edu.donga.com/news/articleView.html?idxno=112272,https://edu.donga.com/news/articleView.html?idxno=112272
서울대학교,NC,"장윤화, '봄' 소나타와 '하바네즈' 사이 네 작품","장윤화는 예원학교, 서울예술고등학교, 서울대학교 음악대학 졸업 후 독일 쾰른 음악무용대학 아헨캠퍼스(HfMT Köln, Standort Aachen)에서 석사 과정을 수료했다. 독일 아헨 필하모니커(Sinfonieorchester...",2026-09-28 13:20,https://www.nc.press/news/articleView.html?idxno=627330,https://www.nc.press/news/articleView.html?idxno=627330
서울대학교,동아일보,"[스타트업人] 물리AI로 타이어 데이터 활용도 높인다, 반프 AI 개발자 이...","그는 서울대학교 기계항공공학부에서 학·석·박사 학위를 받았습니다. 주 연구 분야는 물리 및 데이터 융합을 통한 기계 시스템 상태 진단, 거동 예측입니다. 졸업 후 2023년 LG에너지솔루션에 입사해 약 3년간 알고리즘...",2026-09-28 13:18,https://it.donga.com/109606/,https://it.donga.com/109606/
고려대학교,국제신문,[시민기자]AI로 정보 찾기보다 생각·판단의 힘 중요,"이순영 고려대학교 국어교육과 교수는 기조 강연에서 ‘학생 독자는 누구이고, 어떻게 변화하고 있는가’를 주제로 학생들의 읽기 환경과 특성의 변화를 설명했다. 우리나라 학생들의 국제학업성취도 평가(PISA) 2025년...",2026-09-28 13:15,http://www.kookje.co.kr/news2011/asp/newsbody.asp?code=8800&key=20260928.99099008800,https://n.news.naver.com/mnews/article/658/0000156796?sid=110
고려대학교,서울경제TV,"SKT, 전국 7개 캠퍼스 찾는다…진로상담·AI 서비스 체험 지원",△충남대학교 △충북대학교 △전남대학교 △대구대학교 △육군부사관학교 △서울시립대학교... 올해 대학생을 서비스 개선 과정에 직접 참여시켜 온 흐름과도 이어진다. 회사는 지난 3~5월 서울대·고려대·부산대...,2026-09-28 13:12,https://www.sentv.co.kr/article/view/sentv202609280081,https://www.sentv.co.kr/article/view/sentv202609280081
연세대학교,팝콘뉴스,"섹타나인, 카카오페이 COO 출신 한순욱 대표 선임...플랫폼·AI 사업 강화",한 대표는 1974년생으로 연세대학교 경영학과를 졸업했다. 2007년부터 2011년까지 BearingPoint/KPMG에서 컨설팅 매니저로 근무했으며 2011년부터 2016년까지 액센츄어 제조·유통·소비재·서비스 산업 담당 이사를 지냈다....,2026-09-28 13:12,http://www.popcornnews.net/news/articleView.html?idxno=134191,http://www.popcornnews.net/news/articleView.html?idxno=134191
서울대학교,서울경제TV,"SKT, 전국 7개 캠퍼스 찾는다…진로상담·AI 서비스 체험 지원","△충남대학교 △충북대학교 △전남대학교 △대구대학교 △육군부사관학교 △서울시립대학교... 회사는 지난 3~5월 서울대·고려대·부산대 학생들과 ‘CX 캠퍼스’ 시즌1을 운영했고, 6월부터는 고용노동부 ‘미래내일...",2026-09-28 13:12,https://www.sentv.co.kr/article/view/sentv202609280081,https://www.sentv.co.kr/article/view/sentv202609280081
서울대학교,메가경제,"9월 모평 국어 최고점 75명…영어 1등급 15.54%, 영역별 난이도 격차",연구소는 이 같은 변화에 서울대 인문계열 지원을 고려한 수험생들의 선택이 반영됐을 가능성이 있다고 분석했다. 서울대 인문계열 지원에 필요한 제2외국어·한문 응시 요건을 고려한 움직임이라는 진단이다....,2026-09-28 13:12,https://www.megaeconomy.co.kr/news/newsview.php?ncode=1065586024114416,https://www.megaeconomy.co.kr/news/newsview.php?ncode=1065586024114416
고려대학교,스포츠서울,"이즈나, 화제성 제대로 탔다! 일본 정식 데뷔→첫 콘서트 투어까지","가천대학교, 한서대학교, 여주대학교 무대에 오른 데 이어 경희대학교 국제캠퍼스, 고려대학교, 동덕여자대학교, 전주대학교, 명지전문대학 등에서도 공연할 예정이다. 해외 투어 일정도 본격화된다. 이즈나는...",2026-09-28 13:12,https://www.sportsseoul.com/news/read/1637954?ref=naver,https://m.entertain.naver.com/article/468/0001269131
서울대학교,CNB저널,"관악구, '과학예술융합놀이터:별빛내린천 플레이스트리트(PlayStreet)'에 참...",문화경제 | CNB저널 | 씨앤비저널 서울 관악구(구청장 박준희)는 오는 10월 31일 별빛내린천 수변무대 일대에서... 서울대학교 미술교육과 동아리와 함께하는 탁본·레진 딥아트 체험 ▲스포츠 리듬 트레이닝 ▲중앙대학교...,2026-09-28 13:06,https://www.cnbizm.com/news/articleView.html?idxno=316340,https://www.cnbizm.com/news/articleView.html?idxno=316340
서울대학교,CNB저널,"관악구, 별빛내린천에서 구청 광장, 샤로수길과 마을 곳곳까지 풍성한 ...",문화경제 | CNB저널 | 씨앤비저널 서울 관악구(구청장 박준희)가 문화의 달 10월을 맞아 주민들의 일상에... ▲별빛내린천 특별공연 '떠 있는 거리' ▲서울대학교 예술주간 '브런치 클래식' 오케스트라 공연 ▲샤로수길...,2026-09-28 13:06,https://www.cnbizm.com/news/articleView.html?idxno=316339,https://www.cnbizm.com/news/articleView.html?idxno=316339
고려대학교,메디소비자뉴스,"""'오보덴스, 3상서 오리지널 대비 동등한 유효성·안전성 확인""",이어 19일 조찬 세션에서는 고려대 구로병원 함창화 교수가 데노수맙 바이오시밀러인 오보덴스의 글로벌 3상 임상 데이터를 제시했다. 한국인이 포함된 이번 다국적 3상 연구에서 오보덴스는 오리지널 의약품 대비...,2026-09-28 13:06,http://www.medisobizanews.com/news/articleView.html?idxno=142615,http://www.medisobizanews.com/news/articleView.html?idxno=142615
서울대학교,이코노믹리뷰,"모빌린트, LG전자·두산로보틱스·대동 AI 트랙터에 '국산 AI칩' 심는다","대동과 계열사를 포함해 14개 산학연 기관이 참여하며, 과제는 농작업 로봇(대동로보틱스·레인보우로보틱스 등), AI 반도체(모빌린트·한국전자기술연구원), 자율 농작업 AI(모비루스·서울대 등) 세 갈래로 나뉜다....",2026-09-28 13:04,https://www.econovill.com/news/articleView.html?idxno=751996,https://www.econovill.com/news/articleView.html?idxno=751996
서울대학교,데일리한국,"우정민 전 KT 부사장, 지역정보개발원 신임 원장 취임",지역정보개발원은 28일 서울 상암동 본원 KLID홀에서 우정민 원장의 취임식을 진행했다. 우정민 신임 원장은 서울대 산업공학과를 졸업하고 한국과학기술원(KAIST)에서 경영학 석사학위를 취득했다. 우 원장은 KT에서...,2026-09-28 13:04,https://daily.hankooki.com/news/articleView.html?idxno=1409946,https://daily.hankooki.com/news/articleView.html?idxno=1409946
고려대학교,후생신보,"고대 안암병원, 소아 응급진료 역량 강화",고려대학교 안암병원(병원장 한승범)이 최근 ‘고려대학교 안암병원 권역응급의료센터 소아응급실’을 개소했다. 이번 소아응급실 개소는 전담 의료인력과 병상을 확충하면서 진료와과 유기적인 연계 시스템을 구축...,2026-09-28 13:04,http://www.whosaeng.com/173993,http://www.whosaeng.com/173993
서울대학교,내일신문,정답 없는 교육문제 국감 예고,‘서울대 10개 만들기’ 등 교육부 주요 정책도 도마 위에 오른다. 교육부는 1일 부산대·전남대·충남대를 서울대 10개 만들기 우선 지원 대학(패키지 지원 대학)으로 선정했다. 선정 대학에는 올해 학교당 약 700억 원...,2026-09-28 13:02,https://www.naeil.com/news/read/603477?ref=naver,https://www.naeil.com/news/read/603477?ref=naver
서울대학교,한국대학신문,"서울대‧서울시립대 연구진 ""양자 세계 속 원자-빛 상호작용에서 거대한...",28일 한국연구재단(이사장 홍원화)에 따르면 서울대 박남규‧유선규 교수와 서울시립대 박현희 교수 연구팀이 그동안 구간마다 서로 다른 방식으로 설명해 오던 원자-빛 상호작용을 하나의 숫자로 계량화할 수 있는 자기...,2026-09-28 12:58,https://news.unn.net/news/articleView.html?idxno=597946,https://news.unn.net/news/articleView.html?idxno=597946
서울대학교,뉴스클레임,[HD현대 인사 전망]① 정기선이 앉힌 사장단… 1년 안 돼 첫 교체,"서울대에서 학사부터 박사까지 마쳤고 1992년 현대중공업에 입사했다. 중앙기술원장과 HD한국조선해양... 서울대를 졸업한 뒤 1993년 현대중공업에 입사해 설계와 기술, 조선소 운영을 모두 경험했다. HD현대미포는 당시...",2026-09-28 12:56,https://www.newsclaim.co.kr/news/articleView.html?idxno=3076609,https://www.newsclaim.co.kr/news/articleView.html?idxno=3076609
연세대학교,뉴스클레임,[HD현대 인사 전망]① 정기선이 앉힌 사장단… 1년 안 돼 첫 교체,연세대 경제학과를 졸업하고 미국 스탠퍼드대에서 MBA 과정을 마쳤다. 승진은 빨랐다. 2021년 사장이 된 뒤... 연세대를 졸업한 문 사장은 지난해 부사장에서 사장으로 올라서면서 통합 법인의 첫 대표로 낙점됐다. 문...,2026-09-28 12:56,https://www.newsclaim.co.kr/news/articleView.html?idxno=3076609,https://www.newsclaim.co.kr/news/articleView.html?idxno=3076609
서울대학교,베리타스알파,'1인2기 교육의 힘' 하나고 남자농구 서울시교육감배 2연패.. 선수 출신...,"하나고 농구부가 2026 서울시교육감배 학교스포츠클럽 농구대회 결승에서 우승을 거머쥐었다. 지난해 9전... 가장 최근인 2026대입에서는 28명의 서울대 합격자를 배출했다. 수시22명, 정시6명으로, 이 가운데 재학생은 24명...",2026-09-28 12:56,https://www.veritas-a.com/news/articleView.html?idxno=629642,https://www.veritas-a.com/news/articleView.html?idxno=629642
고려대학교,메디코파마뉴스,"한미약품, '낙소졸·오보덴스' 임상 근거 공유…근골격계 치료 전략 제...","함께 고려해야 하는 만큼, 낙소졸은 임상근거를 갖춘 치료 옵션으로 활용될 수 있다""고 말했다. 19일 조찬 세션에서는 고려대학교 구로병원 척추신경외과 함창화 교수가 한국인이 포함된 오보덴스 글로벌 3상 임상...",2026-09-28 12:56,https://www.medicopharma.co.kr/news/articleView.html?idxno=69659,https://www.medicopharma.co.kr/news/articleView.html?idxno=69659
고려대학교,뉴스클레임,[HD현대 인사 전망]① 정기선이 앉힌 사장단… 1년 안 돼 첫 교체,고려대 출신으로 지난해 부사장에서 사장으로 승진했고 올해 3월 대표이사에도 선임됐다. 합병 뒤 두... 고려대를 졸업했고 미국 노스웨스턴대에서 석사 과정을 마쳤다. 외부에서 데려온 뒤 신사업과 경영기획을 맡기고...,2026-09-28 12:56,https://www.newsclaim.co.kr/news/articleView.html?idxno=3076609,https://www.newsclaim.co.kr/news/articleView.html?idxno=3076609
서울대학교,아시아경제,"""양자 핵심 '원자-빛 상호작용'에서 거대 연결망 발견""",한국연구재단은 서울대 박남규·유선규 교수와 서울시립대 박현희 교수 연구팀이 '원자-빛' 사이의 상호작용을 숫자로 계량화한 '자기 그래프(magnetic graph)' 이론을 개발했다고 28일 밝혔다. 원자와 빛이 에너지를 주고받는...,2026-09-28 12:54,https://view.asiae.co.kr/article/2026092812542127771,https://n.news.naver.com/mnews/article/277/0005821535?sid=102
서울대학교,노컷뉴스,"홍천 출신 김영수 행안부 의정관, 강원도 행정부지사 내정","김 의정관은 홍천중과 춘천고, 서울대 사회교육학과를 졸업했으며 행정고시에 합격해 행자부 중앙공무원교육원 기획협력과장, 미래정보학과장, 행자부 장관 비서실장, 공공서비스혁신과장, 청와대 의전비서관실...",2026-09-28 12:50,https://www.nocutnews.co.kr/news/6583776?utm_source=naver&utm_medium=article&utm_campaign=20260928124935,https://n.news.naver.com/mnews/article/079/0004193329?sid=102
고려대학교,한국대학신문,"한국연구재단, 나노‧소재단장에 김수영 고려대 교수 선임",한국연구재단(이사장 홍원화)은 2026년 9월 28일자로 국가전략연구본부 나노‧소재단장에 고려대학교 신소재공학부 김수영 교수를 선임했다고 밝혔다. 김 단장은 정부에서 위탁받은 나노‧소재단 소관 분야 지원 사업의...,2026-09-28 12:50,https://news.unn.net/news/articleView.html?idxno=597942,https://news.unn.net/news/articleView.html?idxno=597942
고려대학교,크리스천투데이,호남기독교역사문화연구소 설립감사예배 드려,"호남기독교역사문화연구소는 한선미 소장(전 고려대 교수, 인증전문퍼실리데이터CPF)이 맡아 연구소의 실무와 연구 사역을 이끌며, 백윤영 목사(광주청사교회 담임목사)가 이사장으로 연구소의 설립과 운영 전반을...",2026-09-28 12:44,https://www.christiantoday.co.kr/news/377601,https://www.christiantoday.co.kr/news/377601
고려대학교,마이데일리,"고대 안암병원, 권역응급의료센터 소아응급실 개소","고려대학교 안암병원이 소아응급환자 진료 역량 강화를 위해 권역응급의료센터 내 소아응급실을 개소했다.... 소아환자는 성인과 질환 양상이나 증상 표현, 치료 과정에서 차이가 있는 만큼 연령과 상태를 고려한 전문적인...",2026-09-28 12:43,https://www.mydaily.co.kr/page/view/2026092812425319100,https://n.news.naver.com/mnews/article/117/0004109753?sid=102
서울대학교,EBS,'서연고' 중도탈락 5년간 1만 명 넘어,"서울대와 연세대, 고려대를 다니다 중도탈락한 학생이 최근 5년간 1만 명을 넘어선 것으로 나타났습니다.... 5%는 자연계 학생이었으며, 종로학원은 이들 가운데 상당수가 의대나 서울대 등에 다시 진학한 것으로...",2026-09-28 12:42,http://news.ebs.co.kr/ebsnews/allView/60773224/N,http://news.ebs.co.kr/ebsnews/allView/60773224/N
서울대학교,LIVEBIZ,"카카오, 인적분할 앞두고 '투톱' 체제로…김도영 카카오X 대표 내정자 C...",김 내정자는 서울대 항공우주공학과를 졸업하고 같은 대학 경영전문대학원에서 MBA를 받았다. 삼성SDS 선임컨설턴트로 경력을 시작한 그는 코오롱모빌리티그룹 CFO를 역임했다. 2025년부터는 카카오인베스트먼트...,2026-09-28 12:42,https://www.livebiz.today/news/articleView.html?idxno=205151,https://www.livebiz.today/news/articleView.html?idxno=205151
고려대학교,EBS,'서연고' 중도탈락 5년간 1만 명 넘어,"서울대와 연세대, 고려대를 다니다 중도탈락한 학생이 최근 5년간 1만 명을 넘어선 것으로 나타났습니다. 종로학원이 대학알리미 공시자료를 분석한 결과, 2021년부터 지난해까지 세 대학의 중도탈락자는 모두 1만...",2026-09-28 12:42,http://news.ebs.co.kr/ebsnews/allView/60773224/N,http://news.ebs.co.kr/ebsnews/allView/60773224/N
연세대학교,EBS,'서연고' 중도탈락 5년간 1만 명 넘어,"서울대와 연세대, 고려대를 다니다 중도탈락한 학생이 최근 5년간 1만 명을 넘어선 것으로 나타났습니다. 종로학원이 대학알리미 공시자료를 분석한 결과, 2021년부터 지난해까지 세 대학의 중도탈락자는 모두 1만...",2026-09-28 12:42,http://news.ebs.co.kr/ebsnews/allView/60773224/N,http://news.ebs.co.kr/ebsnews/allView/60773224/N
서울대학교,MOOKAS,[임태희의 태권도 다시 묻다①] 태권도는 어떻게 '발차기의 무예'가 되...,임태희 국기원 태권도연구소장(용인대 교수)용인대 체육학과를 졸업하고 서울대에서 체육학(스포츠심리학) 석·박사 학위를 받았다. 태권도 8단의 경기인 출신으로 대한태권도협회 연구분과 부위원장...,2026-09-28 12:34,https://mookas.com/news/20138,https://mookas.com/news/20138
서울대학교,KOREAITTIMES,"코웨이, 매트리스에 수면 분석 기술 더했다…비렉스 슬립테크 사업 확대","서울대학교병원 정기영 교수의 자문을 바탕으로 유형별 수면 관리 가이드를 마련해 사용자가 생활 속에서... 코웨이는 지난 2월 서울리빙디자인페어에서 스트레칭 모션베드 R시리즈, 안마 매트리스 M시리즈, 수면센서...",2026-09-28 12:34,https://www.koreaittimes.com/news/articleView.html?idxno=157559,https://www.koreaittimes.com/news/articleView.html?idxno=157559
고려대학교,후생신보,"한미약품, NSC 2026서 낙소졸·오보덴스 임상 근거 제시","한림대학교 동탄성심병원 최일 교수(왼쪽)와 고려대학교 구로병원 함창화 교수가 발표를 진행하고 있다.... 함께 고려해야 하는 만큼, 낙소졸은 임상근거를 갖춘 치료 옵션으로 활용될 수 있다”고 말했다. 조찬...",2026-09-28 12:24,http://www.whosaeng.com/173989,http://www.whosaeng.com/173989
연세대학교,일요서울,"보험료 인상만으로는 한계…반도체 초과세수, 연금·건보 재원 활용 논...",공적연금 개혁 - 양재진 연세대 교수 국민연금 보험료율을 올리는 것만으로 연금재정의 지속가능성을 확보할... 양재진 연세대 교수는 '부분적립형 확정급여(DB)' 방식으로 국민연금의 재정구조를 전환할 것을 제안했다....,2026-09-28 12:22,https://www.ilyoseoul.co.kr/news/articleView.html?idxno=523029,https://www.ilyoseoul.co.kr/news/articleView.html?idxno=523029
연세대학교,뉴스드림,"섹타나인, '카카오 출신' 한순욱 대표 선임…""디지털 혁신 가속""","1974년생인 한순욱 신임 대표는 연세대학교 경영학과를 졸업하고 글로벌 컨설팅 펌과 대형 테크 기업을 거치며 경영전략, 사업 운영, 재무, 디지털 플랫폼 전반을 두루 섭렵한 전문경영인이다. 베어링포인트(BearingPoint)...",2026-09-28 12:18,http://www.newsdream.kr/news/articleView.html?idxno=118946,http://www.newsdream.kr/news/articleView.html?idxno=118946
서울대학교,플래텀,"카카오 인적분할 앞두고 그룹 공동 의장 체제로, 김도영 카카오X 대표 내...","김 내정자는 1975년생으로, 서울대 항공우주공학과를 졸업하고 같은 대학 경영전문대학원에서 석사(MBA) 학위를 받았다. 삼성SDS 컨설턴트, 삼성증권 IB본부 이사, 코오롱모빌리티그룹 최고재무책임자(CFO)를 거쳐...",2026-09-28 12:16,https://platum.kr/archives/295249,https://platum.kr/archives/295249
서울대학교,오피니언뉴스,"카카오, 인적분할 체제 구축 잰걸음...CA협의체 공동 의장에 김도영 카...",1975년생인 김 내정자는 서울대학교 항공우주공학과를 졸업하고 동 대학원 경영전문대학원(MBA) 석사 학위를 취득했다. 이후 삼성SDS 선임컨설턴트와 삼성증권 IB본부 이사를 거쳐 코오롱모빌리티그룹 최고재무책임자(CFO)...,2026-09-28 12:14,http://www.opinionnews.co.kr/news/articleView.html?idxno=144933,http://www.opinionnews.co.kr/news/articleView.html?idxno=144933
고려대학교,충남일보,"세종시교육청, 신임 이윤홍 부교육감 부임","역임하며 교육행정과 조직운영 분야에서 폭넓은 경험을 쌓았다. 이 부교육감은 배화여자고등학교와 고려대학교를 졸업했으며, 교육부 주요 부서를 거치며 교육정책과 행정 전반에 대한 전문성을 갖춘 것으로 평가된다.",2026-09-28 12:14,http://www.chungnamilbo.co.kr/news/articleView.html?idxno=911902,http://www.chungnamilbo.co.kr/news/articleView.html?idxno=911902
고려대학교,충청타임즈,"전국대학노동조합 고려대학교 2지부 직무대행 체제, 새달 중 '지부장 선...",▲ 고려대학교 세종캠퍼스 정문 전국대학노동조합 고려대학교 세종캠퍼스 2지부가 일달 1일부터 지부장의 공석으로 직무대행 체제로 운영중인 가운데 이르면 다음달 새로운 지부장이 선출될 전망이다. 그간 고려대학교...,2026-09-28 12:14,http://www.cctimes.kr/news/articleView.html?idxno=929533,http://www.cctimes.kr/news/articleView.html?idxno=929533
연세대학교,천지일보,세계 도시 리더 서울 집결… AI가 바꿀 '도시의 내일' 논의,"신동준 연세대 교수와 황보제민 KAIST 교수 겸 라이온로보틱스 대표, 남창모 로브로스 부대표, 아오이... MIT와 케임브리지대, 프라운호퍼 IESE, 헨트대 등 국내외 연구기관과 대학 전문가들이 참여한다. 'AI가 바꾸는 일상...",2026-09-28 12:14,https://www.newscj.com/news/articleView.html?idxno=3436026,https://www.newscj.com/news/articleView.html?idxno=3436026
서울대학교,워크투데이,"카카오, CA협의체 공동의장에 김도영 카카오X 대표 내정자 … 인적분할...",김도영 신임 CA협의체 공동의장은 서울대학교 항공우주공학과를 졸업하고 서울대 경영전문대학원에서 MBA를 취득했다. 2001년 삼성SDS에서 선임컨설턴트로 사회생활을 시작한 뒤 삼성증권 IB본부에서 이사를 지냈다. 이후...,2026-09-28 12:12,http://www.worktoday.co.kr/news/articleView.html?idxno=89779,http://www.worktoday.co.kr/news/articleView.html?idxno=89779
고려대학교,청년의사,"고대안암병원, 소아응급실 개소…전담전문의 3명 충원","고려대안암병원이 권역응급의료센터 내 소아응급실을 개소하고 소아응급환자 진료체계를 강화한다.... 소아는 성인과 질환 양상이나 증상 표현, 치료 과정 등이 다른 만큼 연령과 상태를 고려한 세심한 응급진료가...",2026-09-28 12:10,http://www.docdocdoc.co.kr/news/articleView.html?idxno=3043085,http://www.docdocdoc.co.kr/news/articleView.html?idxno=3043085
서울대학교,미디어워치,[법조인 문학관] 가을 엽서 21 – 주광일,1979년 서울대학교 대학원에서 법학박사 학위를 취득했다. 2006년에는 미국 노스웨스턴대학교 로스쿨을... 서울지방검찰청 북부지청 차장검사로 있던 1989년 9월 18일부터 나흘간 홍콩에서 열린 아시아지역법률가회의에...,2026-09-28 12:06,https://www.mediawatch.kr/news/article.html?no=261181,https://www.mediawatch.kr/news/article.html?no=261181
서울대학교,미디어워치,[법조인 문학관] 가을 엽서 20 – 주광일,1979년 서울대학교 대학원에서 법학박사 학위를 취득했다. 2006년에는 미국 노스웨스턴대학교 로스쿨을... 서울지방검찰청 북부지청 차장검사로 있던 1989년 9월 18일부터 나흘간 홍콩에서 열린 아시아지역법률가회의에...,2026-09-28 12:06,https://www.mediawatch.kr/news/article.html?no=261180,https://www.mediawatch.kr/news/article.html?no=261180
연세대학교,데일리한국,"섹타나인, 한순욱 신임 대표 선임…멤버십·커머스·플랫폼 사업 강화",한 대표는 1974년생으로 연세대학교 경영학과를 졸업했다. 액센츄어에서 제조·유통·소비재·서비스 산업 담당 이사를 맡아 경영전략과 프로세스 혁신(PI) 컨설팅을 수행했다. 이후 쿠팡에서 글로벌 오퍼레이션...,2026-09-28 12:06,https://daily.hankooki.com/news/articleView.html?idxno=1409932,https://daily.hankooki.com/news/articleView.html?idxno=1409932
서울대학교,한국경제,"'북한 피로감' 최고치…""통일보다 현재가 낫다""","“통일보다 현재가 낫다”…북한 불신·피로감 최고조 서울대 통일평화연구원은 28일 이같은 내용을 담은... 서울대는 이를 토대로 29일 '통일의식조사 20년: 멀어진 통일의 꿈, 익숙해진 분단 현실'을 주제로 학술...",2026-09-28 12:05,https://www.hankyung.com/article/202609289028i,https://n.news.naver.com/mnews/article/015/0005336566?sid=100
고려대학교,문화일보,K-팝·웹툰도 ‘투자자산’ 된다…‘K-콘텐츠 토큰증권’ 과정 개설,"정운찬 전 국무총리와 김형중 전 고려대 교수, 정현경 뮤직카우 대표, 김재욱 열매컴퍼니 대표, 이선지 김앤장 변호사, 신희진 교보증권 이사 등 금융·콘텐츠·법률 분야 관계자들이 강사진으로 참여할 예정이다. 단순...",2026-09-28 12:05,https://www.munhwa.com/article/11619869?ref=naver,https://n.news.naver.com/mnews/article/021/0002821587?sid=103
서울대학교,노컷뉴스,"개인정보위, 글로벌 AI 프라이버시 가드레일 논의…29일 국제포럼",개인정보위는 오는 29일 서울 양재 엘타워에서 '글로벌 AI 프라이버시 포럼(Global AI Privacy Forum)'을... 송 위원장과 스테파노 프라타 메타 프라이버시 정책 부사장이 발제하고 서울대와 캐나다·스페인 개인정보...,2026-09-28 12:04,https://www.nocutnews.co.kr/news/6583767?utm_source=naver&utm_medium=article&utm_campaign=20260928120334,https://n.news.naver.com/mnews/article/079/0004193322?sid=103
서울대학교,위키트리,"오유경 과학자 남편 천종식, 직업·나이 화제인 이유","천종식은 서울대 미생물학과를 졸업했다. 이후 영국 뉴캐슬대학교에서 세균학 박사 학위를 받았고, 한국으로 돌아온 뒤에는 서울대 자연과학대학 생명과학부 교수로 20년간 재직했다. 교수로 일하던 시절 천종식은...",2026-09-28 12:02,https://www.wikitree.co.kr/articles/1162413,https://www.wikitree.co.kr/articles/1162413
서울대학교,이데일리,전범재판이 외면한 전시 성폭력…위안부부터 가자까지,종로구 정부서울청사에서 성평등가족부에 설치된 현판. (사진=연합뉴스) 성평등가족부와... 컨퍼런스는 양현아 서울대 명예교수의 ‘방법으로서의 일본군 위안부 문제’ 기조연설을 시작으로 2개 세션으로 진행된다....,2026-09-28 12:02,https://www.edaily.co.kr/News/Read?newsId=02755206645584712&mediaCodeNo=257&utm_source=naver&utm_medium=referral&utm_campaign=news_syndication&utm_content=original_article,https://n.news.naver.com/mnews/article/018/0006376294?sid=102
서울대학교,전자신문,우정민 KLID 신임 원장 “서비스 안정성·사용자 대응력이 본업…원장은...,"우 신임 원장은 서울대 산업공학과를 졸업하고 한국과학기술원(KAIST)에서 경영학 석사학위를 취득했다. KT에서 차세대시스템개발단장, KOS서비스단장 등을 거쳐 KT DS 대표이사 사장과 KT 부사장을 역임했다. 주요 IT시스템...",2026-09-28 12:02,https://www.etnews.com/20260928000207,https://n.news.naver.com/mnews/article/030/0003470303?sid=105
서울대학교,전자신문,원자·빛 상호작용 속 거대 연결망 발견…양자컴퓨터·광 AI 응용 기대,한국연구재단은 박남규·유선규 서울대 교수와 박현희 서울시립대 교수 공동연구팀이 원자와 빛의 상호작용을 하나의 수치로 계량화하는 '자기 그래프(magnetic graph)' 이론을 개발했다고 28일 밝혔다. 원자와 빛이 에너지를...,2026-09-28 12:01,https://www.etnews.com/20260928000097,https://n.news.naver.com/mnews/article/030/0003470299?sid=105
서울대학교,헤럴드경제,"“원자 하나에 거대한 ‘신경망’ 숨어있었다”…韓 연구진, 양자세계 ...",한국연구재단은 서울대 박남규·유선규 교수와 서울시립대 박현희 교수 연구팀이 원자와 빛의 복잡한 상호작용을 하나의 틀로 설명하는 ‘자기 그래프(magnetic graph)’ 이론을 개발했다고 28일 밝혔다. 원자와 빛이 서로...,2026-09-28 12:01,https://biz.heraldcorp.com/article/10886063?ref=naver,https://n.news.naver.com/mnews/article/016/0002702587?sid=105
연세대학교,파이낸셜뉴스,"국평 21억, 한달 집값 4% 폭등...실화냐? 더 싼 곳으로 '우르르'","33% 등을 기록했다. 화성시 동탄구와 수원시 장안구, 군포시 등도 2% 이상 올랐다. 고준석 연세대 교수는 ""전월세 가격이 계속 오르는 가운데 서울 외곽과 경기 남부권으로 풍선효과가 더 강해지고 있다""고 전했다.",2026-09-28 12:01,https://www.fnnews.com/news/202609281112147579,https://n.news.naver.com/mnews/article/014/0005581580?sid=101
서울대학교,한국경제,"""연초 대신 전자담배로 바꾼 흡연자, 심혈관질환 위험 19% 낮다""","서울대학교 의과대학·서울대학교병원 공동연구진이 국민건강보험공단 건강검진 자료를 활용해 흡연 행태 변화에 따른 실제 심혈관질환 발생 위험을 대규모로 비교한 결과, 전자담배 전환은 일반담배 지속 흡연보다...",2026-09-28 12:01,https://www.hankyung.com/article/202609288682i,https://n.news.naver.com/mnews/article/015/0005336564?sid=105
서울대학교,동아사이언스,"원자·빛 상호작용, 지하철 노선도처럼…양자컴 원리 해석 틀 제시",한국연구재단은 박남규·유선규 서울대 교수와 박현희 서울시립대 교수팀이 세기에 따른 원자와 빛의 상호작용을 하나의 기준으로 해석할 수 있는 '자기 그래프 이론'을 개발했다고 28일 밝혔다. 연구결과는 26일(현지시간)...,2026-09-28 12:01,https://www.dongascience.com/news/view/80076,https://n.news.naver.com/mnews/article/584/0000039469?sid=105
서울대학교,연합뉴스,전범재판서 다루지 못한 전시 성폭력…성평등부 콘퍼런스 개최,성평등가족부와 한국여성인권진흥원은 다음 달 1일 서울 중구 포스트타워에서 '2026 일본군 '위안부' 문제... 행사는 양현아 서울대 명예교수의 '방법으로서의 일본군 위안부 문제' 기조연설을 시작으로 2000년...,2026-09-28 12:00,https://www.yna.co.kr/view/AKR20260928054500530?input=1195m,https://n.news.naver.com/mnews/article/001/0016340467?sid=102
고려대학교,토큰포스트,디지털자산 해킹 방어 기술 겨룬다... KBW 2026 '트러스트404' 개최,"심사위원은 이중희 고려대 정보보호대학원 교수, 심준식 안암145 대표, 블록체인 보안 기업 서틱(CertiK)의 조셉(Joseph)이다. 총상금은 400만 원이며, 행사는 오후 5시 30분부터 10시까지 진행된다. 행사 참관은 루마...",2026-09-28 12:00,https://www.tokenpost.kr/news/blockchain/414910,https://www.tokenpost.kr/news/blockchain/414910
서울대학교,뉴시스,"""내 정보 다 읽는 AI?""…세계 규제당국·빅테크 서울서 머리 맞댄다","전 세계 인공지능(AI) 개인정보 감독기구와 주요 기업 관계자들이 서울에 모인다. AI 기술 개발과 서비스... 임용 서울대 법학전문대학원 교수가 좌장을 맡고 캐나다·스페인 개인정보 감독기구, 마이크로소프트 관계자...",2026-09-28 12:00,https://www.newsis.com/view/NISX20260928_0003804800,https://n.news.naver.com/mnews/article/003/0014217492?sid=105
서울대학교,디지털데일리,"'글로벌 AI 프라이버시 포럼' 개최…정부, 해외 감독기구·빅테크와 머리...","개인정보보호위원회는 29일 서울 양재 엘타워에서 국내외 정부·국제기구·산업계·학계 전문가들이... 이어 임용 서울대 교수와 캐나다·스페인 감독기구, 마이크로소프트 등이 토론에 참여한다. 두 번째 세션에서는...",2026-09-28 12:00,https://www.ddaily.co.kr/page/view/2026092809125156712,https://n.news.naver.com/mnews/article/138/0002242811?sid=105
서울대학교,머니투데이,"전범재판이 놓친 전시 성폭력…정부, 위안부 문제 국제 논의 연다","성평등부는 한국여성인권진흥원, 일본군 '위안부' 문제연구소와 다음달 1일 오후 1시 서울 중구 포스트타워... 콘퍼런스는 양현아 서울대학교 명예교수의 '방법으로서의 일본군 위안부 문제' 기조연설을 시작으로 2개...",2026-09-28 12:00,https://www.mt.co.kr/policy/2026/09/28/2026092810363110347,https://n.news.naver.com/mnews/article/008/0005419010?sid=102
서울대학교,뉴시스,"전범재판이 놓친 전시 성폭력…'위안부' 문제, 젠더 관점서 재조명","콘퍼런스는 양현아 서울대학교 명예교수의 '방법으로서의 일본군 위안부 문제' 기조연설을 시작으로 2개... 후지메 유키 오사카대학교 명예교수가 여성국제전범법정의 성과와 한계를 발표하고, 이상희 민주사회를 위한...",2026-09-28 12:00,https://www.newsis.com/view/NISX20260928_0003804862,https://n.news.naver.com/mnews/article/003/0014217484?sid=102
서울대학교,뉴스1,설명 어려웠던 양자 세계 속 원자-빛 상호작용 '규칙' 찾았다,한국연구재단은 서울대 박남규·유선규 교수와 서울시립대 박현희 교수 연구팀이 그동안 구간마다 서로 다른 방식으로 설명해 오던 원자-빛 상호작용을 하나의 숫자로 계량화할 수 있는 자기 그래프 이론을 개발했다고...,2026-09-28 12:00,https://www.news1.kr/local/daejeon-chungnam/6302968,https://n.news.naver.com/mnews/article/421/0009195035?sid=102
서울대학교,뉴스1,"인권위, 발달장애인 의료 이용 실태 토론회…제도개선 논의","국가인권위원회(인권위)는 오는 29일 오후 2시 서울 영등포구 이룸센터 이룸홀에서 발달장애인의 의료 이용... 토론회에서는 김승섭 서울대 보건대학원 교수가 조사 진행 경과를 설명하고, 김 교수와 김란영 서울대...",2026-09-28 12:00,https://www.news1.kr/society/general-society/6302842,https://n.news.naver.com/mnews/article/421/0009195023?sid=102
서울대학교,뉴스핌,전범재판이 놓친 전시 성폭력 다시 본다…'위안부' 국제 콘퍼런스,행사는 다음 달 1일 오후 1시 서울 중구 포스트타워에서 열린다. '전범재판의 젠더 공백과 그 이후-일본군... [AI 일러스트=챗GPT] 양현아 서울대학교 명예교수의 기조연설을 시작으로 두 개 세션이 진행된다. 1부에서는...,2026-09-28 12:00,https://www.newspim.com/news/view/20260928000308,https://www.newspim.com/news/view/20260928000308
서울대학교,의학신문,"국내 4대병원, 8대 전문분야 세계 10위권","최근 뉴스위크가 발표한 올해 세계 최고 전문 병원 순위에 따르면 서울 아산병원, 서울대학교 병원, 세브란스 병원, 삼성서울병원이 여러 전문 분야에 걸쳐 10위 안에 꼽혔다. 이는 전문가 추천, 품질 지표, 환자...",2026-09-28 12:00,https://www.bosa.co.kr/news/articleView.html?idxno=3012669,https://www.bosa.co.kr/news/articleView.html?idxno=3012669
고려대학교,메디컬투데이,"한미약품, '낙소졸·오보덴스' 임상 근거 공개…근골격계 치료 전략 제...",학술대회 첫날 열린 런천 심포지엄에서는 최일 한림대학교 동탄성심병원 교수가 'A New Paradigm for Multi... 19일 조찬 세션에서 함창화 고려대학교 구로병원 척추신경외과 교수는 'Efficacy & Safety from a Global Phase 3 Trial...,2026-09-28 11:58,https://www.mdtoday.co.kr/news/articleView.html?idxno=616508,https://www.mdtoday.co.kr/news/articleView.html?idxno=616508
고려대학교,데일리팜,"코로나 백신 3상 고배…1300억 조달한 셀리드, 주인 바뀐다",셀리드는 서울대학교 약학대학 교수인 강창율 대표가 2006년 설립한 바이오벤처다. 독자적인... 고려대학교의료기술지주가 지분 37%를 보유한 최대주주다. 병원정보시스템 개발과 의료데이터 교환·운영이 주요...,2026-09-28 11:58,https://www.dailypharm.com/user/news/342858?REFERER=NP,https://www.dailypharm.com/user/news/342858?REFERER=NP
고려대학교,베리타스알파,건국대 이만종 교수팀 우주 양성자에 의한 태양전지 비가역적 손상 원인...,"근지구 궤도에서 큰 비중을 차지하는 10~200keV 양성자에 대해서는 침투 깊이를 고려해 태양전지... 정현석/박남규 성균관대 교수와 이상욱 경북대 교수, 이진욱 서울대 교수, 김동회 고려대 교수 등 국내 각 분야...",2026-09-28 11:58,https://www.veritas-a.com/news/articleView.html?idxno=629636,https://www.veritas-a.com/news/articleView.html?idxno=629636
서울대학교,데일리팜,"코로나 백신 3상 고배…1300억 조달한 셀리드, 주인 바뀐다",셀리드는 서울대학교 약학대학 교수인 강창율 대표가 2006년 설립한 바이오벤처다. 독자적인... 고려대학교의료기술지주가 지분 37%를 보유한 최대주주다. 병원정보시스템 개발과 의료데이터 교환·운영이 주요...,2026-09-28 11:58,https://www.dailypharm.com/user/news/342858?REFERER=NP,https://www.dailypharm.com/user/news/342858?REFERER=NP
서울대학교,베리타스알파,건국대 이만종 교수팀 우주 양성자에 의한 태양전지 비가역적 손상 원인...,"정현석/박남규 성균관대 교수와 이상욱 경북대 교수, 이진욱 서울대 교수, 김동회 고려대 교수 등 국내 각 분야 연구진도 공동으로 참여했다. 이만종 교수 /사진=건국대 제공 ▲교육전문신문 베리타스알파...",2026-09-28 11:58,https://www.veritas-a.com/news/articleView.html?idxno=629636,https://www.veritas-a.com/news/articleView.html?idxno=629636
연세대학교,이데일리,"섹타나인, 한순욱 전 카카오페이 COO 대표 선임…AI 사업 강화",한 대표는 1974년생으로 연세대학교 경영학과를 졸업했다. 베어링포인트·KPMG 컨설팅 매니저를 거쳐 액센츄어에서 제조·유통·소비재·서비스 산업 담당 이사로 경영전략과 프로세스 혁신 컨설팅을 수행했다. 이후...,2026-09-28 11:56,https://www.edaily.co.kr/News/Read?newsId=02738806645584712&mediaCodeNo=257&utm_source=naver&utm_medium=referral&utm_campaign=news_syndication&utm_content=original_article,https://n.news.naver.com/mnews/article/018/0006376289?sid=101
고려대학교,ABC뉴스,"권력이 국민을 배신할 때, 최후에 무엇이 남는가",심재우는 1933년 강릉에서 태어나 고려대학교 법과대학과 대학원에서 법학을 공부한 뒤 독일 빌레펠트대학교에서 「저항권과 인간의 존엄」으로 박사학위를 받았다. 1974년부터 고려대 법과대학에서 법철학과 형사법을...,2026-09-28 11:56,https://www.abcn.kr/news/articleView.html?idxno=92341,https://www.abcn.kr/news/articleView.html?idxno=92341
서울대학교,오마이뉴스,개 산책만 시키는 줄 알았는데 사람을 구했다,"2022년, 서울 강동구 암사시장 인근. 길가에 세워진 트럭 아래 한 남성이 쓰러져 있었다. 차가 움직였다면... 당시 서울대 사회복지학과 교수는 기고문 '지역사회와 자원봉사'에서 자원봉사를 주민의 공동체 의식을 높이고...",2026-09-28 11:56,https://www.ohmynews.com/NWS_Web/View/at_pg.aspx?CNTN_CD=A0003269887&CMPT_CD=P0010&utm_source=naver&utm_medium=newsearch&utm_campaign=naver_news,https://n.news.naver.com/mnews/article/047/0002530444?sid=102
고려대학교,메디파나뉴스,"한미약품, '낙소졸·오보덴스' 근골격계 임상 근거 공유","함께 고려해야 하는 만큼, 낙소졸은 임상근거를 갖춘 치료 옵션으로 활용될 수 있다""고 말했다. 19일 조찬 세션에서는 함창화 고려대학교 구로병원 척추신경외과 교수가 'Efficacy & Safety from a Global Phase 3 Trial...",2026-09-28 11:54,https://www.medipana.com/news/articleView.html?idxno=418330,https://www.medipana.com/news/articleView.html?idxno=418330
서울대학교,의학신문,중부권 암 수술 자체충족률 35%...지역 암환자 '상경 진료' 여전,"자료에 따르면 서울대학교병원, 삼성서울병원, 서울아산병원, 신촌세브란스병원, 서울성모병원 등... 이어 ""정부가 국립대학교병원을 중심으로 지역 완결적 암 치료 기반을 갖출 수 있도록 지원하고, 10대 암 수술...",2026-09-28 11:50,https://www.bosa.co.kr/news/articleView.html?idxno=3012871,https://www.bosa.co.kr/news/articleView.html?idxno=3012871
서울대학교,프레시안,AI·스마트도시 인재 키울 대학 4곳 공모…전북 대학 도전 여부 주목,"최근 전북대학교가 정부의 ‘서울대 10개 만들기’ 패키지 지원대학 선정에서 제외된 가운데, 이번 공모에 전북 대학이 참여할지 관심이 쏠린다. 국토부가 밝힌 ‘AI·스마트도시 혁신인재육성 사업’ 공모 내용을 보면...",2026-09-28 11:50,https://www.pressian.com/pages/articles/2026092811215626626?utm_source=naver&utm_medium=search,https://n.news.naver.com/mnews/article/002/0002458424?sid=102
고려대학교,쿠키뉴스,"이윤홍 전 교육부 인공지능인재지원국장, 세종시교육청 부교육감 부임","이 부교육감은 배화여자고등학교, 고려대학교를 졸업하였으며, 행정고시 44회에 합격해 2001년에 공직에 입문했다. 이후 교육부 창조행정담당관, 혁신행정담당관, 운영지원과장, 장관실 비서실장, 부경대 사무국장...",2026-09-28 11:46,https://www.kukinews.com/article/view/kuk202609280087,https://www.kukinews.com/article/view/kuk202609280087
고려대학교,한국대학신문,"건국대 이만종 교수팀, '극한 우주 환경에서 태양전지 비가역적 손상' ...","건국대학교 이만종 교수(화학과, 첨단결정소재/소자연구센터장) 연구팀이 우주 양성자 조사로 발생하는... 교수(고려대) 등 국내 각 분야 전문 연구진이 공동으로 참여했다. ※논문명: Verification and Mitigation of...",2026-09-28 11:44,https://news.unn.net/news/articleView.html?idxno=597945,https://news.unn.net/news/articleView.html?idxno=597945
서울대학교,한국대학신문,"건국대 이만종 교수팀, '극한 우주 환경에서 태양전지 비가역적 손상' ...","건국대학교 이만종 교수(화학과, 첨단결정소재/소자연구센터장) 연구팀이 우주 양성자 조사로 발생하는... 교수(서울대), 김동회 교수(고려대) 등 국내 각 분야 전문 연구진이 공동으로 참여했다. ※논문명...",2026-09-28 11:44,https://news.unn.net/news/articleView.html?idxno=597945,https://news.unn.net/news/articleView.html?idxno=597945
고려대학교,뉴시스,"피겨 김유성·이해인, 네펠라 메모리얼 금·은 석권…트리플악셀 착지 ...",이해인(고려대) 역시 트리플악셀 착지에 성공했다. 김유성은 27일(현지 시간) 슬로바키아 브라티슬라바에서 열린 국제빙상경기연맹(ISU) 챌린저 시리즈 네펠라 메모리얼 여자 싱글 프리스케이팅에서 기술점수(TES) 76....,2026-09-28 11:43,https://www.newsis.com/view/NISX20260928_0003805057,https://m.sports.naver.com/general/article/003/0014217448
서울대학교,데일리스포츠한국,"'KT 출신 디지털 혁신 전문가' 우정민, 지역정보개발원 새 수장…AI 지방...",우 신임 원장은 서울대학교 산업공학과를 졸업한 뒤 한국과학기술원(KAIST)에서 경영학 석사학위를 취득했다. 이후 KT에서 차세대시스템개발단장과 KOS서비스단장 등을 거쳤으며 KT DS 대표이사 사장과 KT 부사장을...,2026-09-28 11:42,https://www.dailysportshankook.co.kr/news/articleView.html?idxno=433943,https://www.dailysportshankook.co.kr/news/articleView.html?idxno=433943
서울대학교,아시아경제,"우정민 전 KT 부사장, 한국지역정보개발원장 취임…""AI 지방시대 역량 ...",우 신임 원장은 서울대학교 산업공학과를 졸업하고 한국과학기술원(KAIST)에서 경영학 석사학위를 취득했다. KT에서 차세대시스템개발단장과 KOS서비스단장 등을 거쳐 KT DS 대표이사 사장과 KT 부사장을 역임했다. 주요...,2026-09-28 11:41,https://view.asiae.co.kr/article/2026092811414859420,https://n.news.naver.com/mnews/article/277/0005821513?sid=101
연세대학교,더팩트,"섹타나인, 한순욱 신임 대표 선임…디지털·AI 전환 속도",한 신임 대표는 1974년생으로 연세대학교 경영학과를 졸업했다. 액센츄어에서 제조·유통·소비재·서비스 산업 담당 이사를 지내며 경영전략 및 프로세스 혁신(PI) 컨설팅을 수행했다. 이후 쿠팡에서 글로벌 운영...,2026-09-28 11:41,https://news.tf.co.kr/read/economy/2370140.htm,https://n.news.naver.com/mnews/article/629/0000537199?sid=101
서울대학교,EBN 산업경제,"'판단은 AI, 책임은 누가?'…금융AI시대 소비자 권리와 금융사 책임 토론...",토론회에서는 서울대학교 법학전문대학원 정순섭 교수와 하나금융연구소 정희수 소장이 각각 ▲금융 AI... 한양대학교 법학전문대학원 교수 등이 참여해 금융권 AI 도입의 중대한 과제와 보완책 등에 대한 논의를...,2026-09-28 11:40,https://www.ebn.co.kr/news/articleView.html?idxno=1725812,https://www.ebn.co.kr/news/articleView.html?idxno=1725812
연세대학교,디지털데일리,"강진모 아이티센그룹 회장, 대한당구연맹 회장 선거 출마",강진모 후보는 아주대 물리학과와 연세대 공학대학원을 졸업했다. 2005년 아이티센 대표이사를 맡은 뒤 아이티센그룹 총괄회장을 거쳐 현재 아이티센글로벌 회장을 맡고 있다. 한국IT서비스산업협회(ITSA) 5대 회장과...,2026-09-28 11:38,https://www.ddaily.co.kr/page/view/2026092811290437770,https://n.news.naver.com/mnews/article/138/0002242805?sid=105
서울대학교,뉴스워치,[최유경의 알쏭달쏭 일본 264] 패자를 향한 찬미: 헤이케 이야기,"■ 프로필 이화여자대학교 졸업 오사카부립대학원 박사학위 취득 서울대, 성균관대 등 다수 대학에서 강의 서울대인문학연구원, 명지대 연구교수, 학술교수 ※ 외부인사 원고는 본지의 편집방향과 일치하지 않을 수...",2026-09-28 11:38,http://www.newswatch.kr/news/articleView.html?idxno=81305,http://www.newswatch.kr/news/articleView.html?idxno=81305
서울대학교,뉴스워치,[워치칼럼] 국경은 인류의 종말이 아니다,■ 약력 서울대학교 법과대학 공법학과 졸업 성균관대학교 대학원 문화학 박사학위 취득 서울시 영등포구청 인권위원회 위원 사)서울시 아동공공생활 지원센터 운영위원 전)동덕여자대학교 교양대학 교수,2026-09-28 11:38,http://www.newswatch.kr/news/articleView.html?idxno=81304,http://www.newswatch.kr/news/articleView.html?idxno=81304
서울대학교,한국일보,노조 가입했다고 인사평가 최하점…홍범준 좋은책신사고 대표 불구속 기...,"검찰은 홍 대표가 서울지방노동위원회의 구제 명령을 이행하지 않은 사실도 포함해 기소했다. 홍 대표는 올해 1월 서울대에 1,000억 원을 기부했지만, 직원들에게 폭언을 하고 사내 이메일과 메신저 등을 열람할 수 있는...",2026-09-28 11:37,https://www.hankookilbo.com/news/article/A2026092810470004518?did=NA,https://n.news.naver.com/mnews/article/469/0000956301?sid=102
고려대학교,팜뉴스,"한미약품, 척추신경외과학회서 '낙소졸·오보덴스' 3상 임상 데이터 공...",17일 심포지엄에서는 최일 한림대학교 동탄성심병원 교수가 발표를 맡아 낙소졸의 요통 적응증 3상 임상... 이어 19일 세션에서는 함창화 고려대 구로병원 척추신경외과 교수가 데노수맙 성분 바이오시밀러인...,2026-09-28 11:36,https://www.pharmnews.com/news/articleView.html?idxno=306542,https://www.pharmnews.com/news/articleView.html?idxno=306542
연세대학교,워크투데이,섹타나인 새 수장에 한순욱 전 카카오페이 COO 선임 … AI·데이터로 플...,"한 신임 대표는 1974년생으로 연세대학교 경영학과를 졸업했다. 2007년부터 2011년까지 베어링포인트와 KPMG에서 컨설팅 매니저로 근무했으며, 2011년부터 2016년까지 액센츄어 제조·유통·소비재·서비스 산업 담당 이사를...",2026-09-28 11:36,http://www.worktoday.co.kr/news/articleView.html?idxno=89776,http://www.worktoday.co.kr/news/articleView.html?idxno=89776
서울대학교,한국정경신문,"'지원 결실' 전남TP, 현진기업·해표산업 '에너지 자립형 정수시설 구축...",전남TP는 ▲해외협력사업(ODA) 발굴 ▲해외지원사업협의회 운영 ▲서울대 IEPP(국제에너지정책과정) 개도국 공무원 네트워크 활용이라는 3개 축을 전략적으로 가동해 지역 기업들이 해외 진출을 위해 밀착 지원하고...,2026-09-28 11:36,https://kpenews.com/View.aspx?No=4242968,https://kpenews.com/View.aspx?No=4242968
서울대학교,한국강사신문,AI가 과학 연구의 새로운 동료로…'AI4Sci 코리아 2026' 서울서 첫 개최,과학기술정보통신부는 지난 27일부터 오는 10월 1일까지 서울 용산구 드래곤시티호텔에서 제1회 'AI4Sci... 기조강연에는 공동조직위원장인 석차옥 서울대 교수가 나서 AI가 실제 연구 현장에서 만들어내고 있는 성과를...,2026-09-28 11:36,https://www.lecturernews.com/news/articleView.html?idxno=211232,https://www.lecturernews.com/news/articleView.html?idxno=211232
서울대학교,블로터,"카카오, CA협의체 공동 의장에 김도영 카카오X 대표 내정자 선임",1975년생인 김 내정자는 서울대학교 항공우주공학과를 졸업한 뒤 서울대 경영학석사(MBA)를 취득했다. 2001년에는 삼성SDS에서 선임 컨설턴트로 일하며 정보기술(IT) 이해도를 쌓은 뒤 2007년 삼성증권으로 자리를 옮겨 M...,2026-09-28 11:35,https://www.bloter.net/news/articleView.html?idxno=674487,https://n.news.naver.com/mnews/article/293/0000090937?sid=105
서울대학교,헤럴드경제,베트남 천재소녀 “남들과 다른 길 가고 싶어요”,"하버드·예일대 등 미국 아이비리그와 서울대 등 국내외 명문대 대신 최종적으로 KAIST를 선택했다. 지앙 학생은 헤럴드경제와 인터뷰에서 세계적 수준의 교육·연구환경과 대학·산업 간 긴밀한 연계, 영어 강의 등이...",2026-09-28 11:32,https://biz.heraldcorp.com/article/10886050?ref=naver,https://n.news.naver.com/mnews/article/016/0002702539?sid=105
연세대학교,뉴시스,"상미당 섹타나인, 카카오페이 출신 한순욱 신임 대표이사 선임","1974년 생인 한순욱 신임 대표이사는 연세대 경영학과 졸업 후 경영전략과 사업운영, 재무, 디지털 플랫폼 분야에서 폭넓은 경험을 쌓은 경영 전문가다. 액센츄어에서 제조·유통·소비재·서비스 산업 부문 이사를...",2026-09-28 11:31,https://www.newsis.com/view/NISX20260928_0003805194,https://n.news.naver.com/mnews/article/003/0014217384?sid=101
서울대학교,인사이트,"오유경 아나운서 ""매일 남편 얼굴 보며 행복... 얼굴 뜯어먹고 산다는 ...","남편 천종식 교수는 오 아나운서보다 3살 많은 59세로, 서울대학교에서 20년간 교수직을 수행한 과학자다. 천 교수는 방송에서 점잖은 인상으로 출연진의 주목을 받았다. 천 교수는 ""생방송 출연이 처음""이라며 ""굉장히...",2026-09-28 11:30,https://www.insight.co.kr/news/575525,https://www.insight.co.kr/news/575525
서울대학교,쿠키뉴스,양산 부산대 ‘서울대 10개 만들기’ 복합 혁신공간 된다,쿠키뉴스=신정윤 기자 | 양산시는 부산대학교 양산캠퍼스가 ‘서울대 10개 만들기 프로젝트’ 핵심 지역으로 추진됨에 따라 단순 대학부지 개발을 넘어 복합 혁신공간으로 발전시킬 계획이다. 양산시는 부산대 유휴부지...,2026-09-28 11:30,https://www.kukinews.com/article/view/kuk202609280085,https://www.kukinews.com/article/view/kuk202609280085
서울대학교,연합뉴스,기획예산처 기조실장에 정향우 사회예산심의관,"정 신임 기조실장은 서울대 인류학과를 졸업하고 행정고시 40회로 공직에 입문했다. 구 기획재정부에서 정책기획관과 공공정책총괄과장, 공공제도기획과장, 재무경영과장, 경영혁신과장, 발행관리과장, 재정정보과장을...",2026-09-28 11:30,https://www.yna.co.kr/view/AKR20260928074200002?input=1195m,https://n.news.naver.com/mnews/article/001/0016340291?sid=101
연세대학교,비즈니스포스트,"[부음] 강경훈 장인, 김동연, 신홍순 외","△신홍순(전 LG패션 대표이사·제19대 예술의전당 사장)씨 별세, 남혜숙 남편상, 신년수·신수화·신수현·신수경·신수혜 부친상 = 28일 오전, 빈소 경기 용인시 연세대 용인장례식장 특실, 발인 30일 오전 7시...",2026-09-28 11:28,https://www.businesspost.co.kr/BP?command=article_view&num=448047,https://www.businesspost.co.kr/BP?command=article_view&num=448047
서울대학교,직썰,지방 암 환자 10명 중 6명 '원정 수술'···중부권 자체 치료율 35% '전국...,지역 내 치료 인프라 부족은 고스란히 '빅5(서울대·삼성서울·서울아산·세브란스·서울성모)' 등 서울 대형병원 쏠림으로 이어졌다. 이들 5대 대형병원에서 암 진료를 받은 환자 중 비수도권 거주자 비율은 예외 없이...,2026-09-28 11:28,https://www.ziksir.com/news/articleView.html?idxno=147571,https://www.ziksir.com/news/articleView.html?idxno=147571
연세대학교,한국경제,"섹타나인, 한순욱 신임 대표 선임…""디지털·AI 플랫폼 전환 가속""",한순욱 신임 대표는 1974년생으로 연세대 경영학과를 졸업한 뒤 글로벌 컨설팅 기업 액센츄어에서 제조·유통·소비재 산업 부문 이사를 맡아 경영전략과 프로세스 혁신(PI)을 이끌었다. 이후 이커머스 기업 쿠팡에서...,2026-09-28 11:27,https://www.hankyung.com/article/202609288770g,https://n.news.naver.com/mnews/article/015/0005336553?sid=101
서울대학교,굿모닝충청,"서울대·시립대, 양자 세계 속 원자·빛 상호작용에서 거대한 연결망 발...",한국연구재단은 서울대 박남규·유선규 교수와 서울시립대 박현희 교수 연구팀이 그동안 구간마다 서로 다른 방식으로 설명해 오던 원자-빛 상호작용을 하나의 숫자로 계량화할 수 있는 자기 그래프 이론을 개발했다고...,2026-09-28 11:26,https://www.goodmorningcc.com/news/articleView.html?idxno=452997,https://www.goodmorningcc.com/news/articleView.html?idxno=452997
고려대학교,EBN 산업경제,디지털자산 해킹 막는다…'TRUST404' 29일 개최,"심사위원은 이중희 고려대 정보보호대학원 교수와 심준식 안암145 대표, 블록체인 보안 기업 서틱(CertiK)의 조셉(Joseph) 등으로 구성됐다. 총상금은 400만원으로 행사는 29일 오후 5시30분부터 오후 10시까지...",2026-09-28 11:24,https://www.ebn.co.kr/news/articleView.html?idxno=1725805,https://www.ebn.co.kr/news/articleView.html?idxno=1725805
연세대학교,디지틀조선일보,"섹타나인, 한순욱 전 카카오페이 COO 신임 대표 선임","한 대표는 연세대 경영학과를 졸업한 뒤 액센츄어에서 제조·유통·소비재·서비스 산업의 경영전략과 프로세스 혁신 컨설팅을 담당했다. 이후 쿠팡에서 글로벌 사업 재무기획(FP&A)을 맡았으며, 2017년 카카오페이에...",2026-09-28 11:24,http://digitalchosun.dizzo.com/site/data/html_dir/2026/09/28/2026092880090.html,http://digitalchosun.dizzo.com/site/data/html_dir/2026/09/28/2026092880090.html
연세대학교,더밸류뉴스,[더밸류 브리핑] 오늘의 손해보험 소식…현대해상·KB손해보험,"염재호 태재대학교 총장, 장용석 연세대학교 교수, 엄윤미 아산나눔재단 이사장, 김성준 국민대학교 교수, 서현선 루트임팩트 이사, 정진우 ACG 컨설팅 대표가 참여한다. 정경선 현대해상 CSO는 “프로젝트 트레일마크를...",2026-09-28 11:24,http://www.thevaluenews.co.kr/news/view.php?idx=201888,http://www.thevaluenews.co.kr/news/view.php?idx=201888
서울대학교,헤럴드경제,“보고 안 돼 몰랐다” 면책 안돼… 삼일PwC “의사결정 문서화·내부통...,"이번 호에는 정준혁 서울대 법학전문대학원 교수가 ‘이사의 법적 책임, 알고 대비하기’를 주제로 기고해 이사의 주요 의무와 실무적 대응 방안을 제시했다. 정 교수는 기고문에서 이사가 안건을 검토·결정할 때...",2026-09-28 11:24,https://biz.heraldcorp.com/article/10885994?ref=naver,https://n.news.naver.com/mnews/article/016/0002702498?sid=101
고려대학교,전자신문,"“옵트아웃 집단소송, 위헌 소지·기업 부담 우려”... 율촌 세미나서 ...","피해자 구제라는 제도 취지는 필요하지만 재판청구권과 자기결정권, 기업 방어권 등을 함께 고려해야 한다는... 계인국 고려대 행정전문대학원 교수는 행정규제와 형사처벌, 과징금 등이 이미 작동하는 분야까지 집단소송...",2026-09-28 11:23,https://www.etnews.com/20260928000191,https://n.news.naver.com/mnews/article/030/0003470281?sid=105
고려대학교,머니투데이,예약·결제하는 '뮤즈' 돌풍에…韓 '모두의 AI' 시험대,"이성엽 고려대 기술경영전문대학원 교수는 ""실행형 AI가 이용자에게 직접 검색하고 구매하는 것보다 훨씬 편리해야 하고 이용자의 의도를 정확히 파악해 실행한다는 신뢰성도 중요하다""고 했다. 기존 플랫폼과의...",2026-09-28 11:22,https://www.mt.co.kr/tech/2026/09/28/2026092810395583214,https://n.news.naver.com/mnews/article/008/0005418979?sid=105
서울대학교,파이낸셜뉴스,단체교섭 거부·노조원 인사 불이익…좋은책신사고 대표 재판행,"서울남부지검 형사6부(전철호 부장검사)는 지난 23일 홍범준 좋은책신사고 대표를 노동조합 및... 한편 홍 대표는 지난 1월 서울대에 1000억원을 기부하기로 약정했으나, 부당노동행위 사안이 불거지면서 '두 얼굴의 대표...",2026-09-28 11:22,https://www.fnnews.com/news/202609281028011655,https://n.news.naver.com/mnews/article/014/0005581558?sid=102
고려대학교,직썰,"고대안암병원, 권역응급센터 소아응급실 개소···""소아 전담의 3명 충...","고려대학교 안암병원 권역응급의료센터 소아응급실 개소식에 참석한 한승범 고대 안암병원장(가운데) 등 의료진. [고대 안암병원] 소아청소년과 의료 공백과 야간·휴일 응급실 대란 우려가 이어지는 가운데, 고려대학교...",2026-09-28 11:20,https://www.ziksir.com/news/articleView.html?idxno=147570,https://www.ziksir.com/news/articleView.html?idxno=147570
서울대학교,쿠키뉴스,"대구대 영재교육원, 2027학년도 AI·융합·외국어 신입생 모집","쿠키뉴스=최태욱 기자 | 대구대학교 글로벌브릿지 영재교육원이 오는 10월 16일부터 2027학년도 AI·융합... 수료생들은 영재고·과학고·국제고에 진학했으며, 서울대와 KAIST, POSTECH, DGIST 등의 과학·AI 소프트웨어...",2026-09-28 11:20,https://www.kukinews.com/article/view/kuk202609280079,https://www.kukinews.com/article/view/kuk202609280079
고려대학교,헤럴드경제,고대안암병원 권역응급의료센터 ‘소아응급실’ 개소,"고려대학교 안암병원(병원장 한승범)이 ‘고려대학교 안암병원 권역응급의료센터 소아응급실’을 개소하고... 상태를 고려한 세심한 진료가 중요해 소아응급환자 전담전문의를 중심으로 초기 응급진료를 강화하고, 필요한...",2026-09-28 11:18,https://biz.heraldcorp.com/article/10885965?ref=naver,https://n.news.naver.com/mnews/article/016/0002702483?sid=101
연세대학교,BBS NEWS,"""AI 시대, 도시의 미래는 ?""...SLW 2026 국제포럼 10월 6일 개막","포럼에는 이정훈 연세대 정보대학원 교수, 독일 카를스루에시 '알베르트 코이플라인' 부시장, 이탈리아 나폴리 '프란체스코 세네제' 국제관계대사 등 주요 도시 관계자들이 참여해 각 도시의 AI·디지털 정책과...",2026-09-28 11:16,https://news.bbsi.co.kr/news/articleView.html?idxno=4108644,https://news.bbsi.co.kr/news/articleView.html?idxno=4108644
연세대학교,뉴스1,세계 도시·AI 전문가 300명 서울 집결…미래도시 해법 논의,"매사추세츠공과대학교(MIT), 케임브리지대 등 국내외 전문가 300여 명이 참여한다. 포럼 규모도 커졌다.... 신동준 연세대 교수와 황보제민 KAIST 교수 겸 라이온로보틱스 대표 등 국내외 산·학·연 전문가들이 참여해...",2026-09-28 11:15,https://www.news1.kr/local/moi/6302890,https://n.news.naver.com/mnews/article/421/0009194830?sid=102
서울대학교,톱스타뉴스,"오유경 ""과학자 남편 얼굴 보며 매일 행복"" 애정 고백","주변에 얼굴을 뜯어먹고 산다고 말할 정도""라고 말하며 애정을 전했다. 서울대학교에서 20년간 교수로 재직한 천 교수는 ""이런 생방송 출연은 처음이라 굉장히 떨린다""며 긴장된 소감을 밝혔다.",2026-09-28 11:14,https://www.topstarnews.net/news/articleView.html?idxno=16222010,https://www.topstarnews.net/news/articleView.html?idxno=16222010
서울대학교,전남일보,"""지역완결형 암 치료 체계 구축""…화순전남대병원, AI 연구 착수","화순전남대병원에서는 호흡기내과 오형주 교수가 연구를 맡고, 분당서울대학교병원(총괄연구책임자 김재용 의생명연구원장), 삼성서울병원, 국립암센터, 은평성모병원, 부산대학교병원 등과 함께 대규모 암...",2026-09-28 11:14,https://www.jnilbo.com/news/articleView.html?idxno=90000069097,https://www.jnilbo.com/news/articleView.html?idxno=90000069097
고려대학교,주간한국,"고대안암병원, 권역응급의료센터 소아응급실 개소","병원측은 ""특히 소아는 성인과 질환의 양상이나 증상 표현, 치료 과정이 다른 경우가 많아 연령과 상태를 고려한 세심한 진료가 중요하다""며 ""고려대학교 안암병원은 소아응급환자 전담전문의를 중심으로 초기 응급진료를...",2026-09-28 11:14,https://weekly.hankooki.com/news/articleView.html?idxno=7186124,https://weekly.hankooki.com/news/articleView.html?idxno=7186124
고려대학교,메디칼업저버,"[동정] 김용엽 교수, 우수 연제상 수상",고려대학교 구로병원 김용엽 교수(유방내분비외과)는 지난 8월 열린 2026 대한갑상선학회 추계학술대회에서 우수 연제상을 수상했다. 김용엽 교수는 '최소 침습 갑상선 수술과 수술 후 신경정신과적 질환...,2026-09-28 11:14,https://www.monews.co.kr/news/articleView.html?idxno=414172,https://www.monews.co.kr/news/articleView.html?idxno=414172
서울대학교,세계비즈,"카카오 CA협의체, 정신아-김도영 공동의장 체제로","1975년생 신임 김 대표 내정자는 서울대 항공우주공학과 및 서울대 경영전문대학원 석사 출신으로, 삼성SDS 선임컨설턴트, 삼성증권 IB본부 이사, 코오롱모빌리티그룹 최고재무책임자(CFO)를 역임했다. 카카오...",2026-09-28 11:12,http://www.segyebiz.com/newsView/20260928506937?OutUrl=naver,http://www.segyebiz.com/newsView/20260928506937?OutUrl=naver
서울대학교,연합인포맥스,"카카오, CA협의체 공동의장으로 김도영 카카오X 대표 내정",김도영 의장은 1975년생으로 서울대학교 항공우주공학과를 졸업한 뒤 같은 학교 경영전문대학원에서 석사 학위를 받았다. 지난해부터 카카오인베스트먼트 대표이사 겸 카카오 CA협의체 그룹투자전략실장을 맡으며...,2026-09-28 11:12,https://news.einfomax.co.kr/news/articleView.html?idxno=4436669,https://news.einfomax.co.kr/news/articleView.html?idxno=4436669
고려대학교,연합뉴스,"고대 안암병원, 권역응급의료센터 소아응급실 문 열어",고려대학교 안암병원은 권역응급의료센터 소아응급실을 열고 소아 응급환자 진료를 위한 역량을 강화한다고 28일 밝혔다. 고대 안암병원은 소아응급환자 전담전문의 3명을 충원하고 소아환자를 위한 4개의 전용 병상을...,2026-09-28 11:12,https://www.yna.co.kr/view/AKR20260928069000530?input=1195m,https://n.news.naver.com/mnews/article/001/0016340204?sid=102
서울대학교,아시아경제,"카카오, CA협의체 공동의장에 김도영 카카오X 대표 내정자","김 대표는 서울대 항공우주공학과를 졸업했고, 동 경영전문대학원에서 석사(MBA) 학위를 취득했다. 2001년 삼성SDS에서 선임컨설턴트로 일한 뒤 삼성증권으로 자리를 옮겨 IB본부 이사를 맡았다. 2022년부터 지난해까지는...",2026-09-28 11:11,https://view.asiae.co.kr/article/2026092811113195406,https://n.news.naver.com/mnews/article/277/0005821478?sid=105
서울대학교,뉴스드림,"수면 측정부터 습관 교정까지…코웨이, '비렉스 슬립 싱크' 매트리스 출...","최근 7일간의 데이터를 종합해 개인의 수면 상태를 5가지 유형으로 분류하며, 서울대학교병원 신경과 정기영 교수의 의학적 자문을 토대로 유형별 맞춤형 수면 개선 실천 가이드를 제안한다. 이번 신제품은 수면 측정의...",2026-09-28 11:10,http://www.newsdream.kr/news/articleView.html?idxno=118942,http://www.newsdream.kr/news/articleView.html?idxno=118942
서울대학교,머니투데이,"지평법정책연구소, '에너지 전환기의 법정책 과제' 세미나 개최","조홍종 단국대학교 경제학과 교수가 '에너지 전환기의 국내 전력산업의 구조적 문제점 및 개선 방향'을... 주제로 제안한 박현준 서울대학교 학생(대표/법학전문대학원), 박수환(에너지시스템공학부) 학생팀에게 돌아갔다.",2026-09-28 11:10,https://www.mt.co.kr/society/2026/09/28/2026092810140462276,https://n.news.naver.com/mnews/article/008/0005418960?sid=102
서울대학교,정보통신신문,"콴델라, 한국서 광양자컴퓨팅 제조 생태계 구축…""FTQC로 간다""","그는 ""서울시와는 컴퓨팅 분야뿐만 아니라 금융이나 산업계의 유즈케이스를 개발하는 방향으로 협력이 이뤄질 수 있다""며 ""서울대학교 등 대학과의 협력을 포함해 보다 포괄적인 프로젝트로 발전할 수 있을 것""이라고...",2026-09-28 11:10,https://www.koit.co.kr/news/articleView.html?idxno=209235,https://www.koit.co.kr/news/articleView.html?idxno=209235
고려대학교,뉴스프리존,"고대안암병원, 권역응급의료센터 소아응급실 개소...진료 역량 강화","고대안암병원이 지난 9일 '고려대학교 안암병원 권역응급의료센터 소아응급실'을 개소해 소아응급환자... 특히 소아는 성인과 질환의 양상이나 증상 표현, 치료 과정이 다른 경우가 많아 연령과 상태를 고려한 세심한...",2026-09-28 11:08,https://www.newsfreezone.co.kr/news/articleView.html?idxno=711195,https://www.newsfreezone.co.kr/news/articleView.html?idxno=711195
서울대학교,뉴시안,"카카오, CA협의체 공동 의장에 김도영…인적분할 대비 체제 강화","1975년생인 김 신임 공동 의장은 서울대 항공우주공학과를 졸업하고 서울대 경영전문대학원(MBA)에서 석사학위를 취득했다. 삼성SDS 선임컨설턴트를 거쳐 삼성증권 IB본부 이사, 코오롱모빌리티그룹 최고재무책임자(CFO)를...",2026-09-28 11:08,http://www.newsian.co.kr/news/articleView.html?idxno=96091,http://www.newsian.co.kr/news/articleView.html?idxno=96091
연세대학교,메디컬투데이,"""나이도 대학도 제한?""…한화에어로, 채용 가이드 논란 결국 사과","논란이 된 내부 가이드라인에는 경력직 채용 시 '1980년생 이하'를 연령 기준으로 제시하고, 서울 및 판교 근무자의 경우 서울대·연세대·고려대 등을 포함한 국내 11개 대학 출신자를 대상으로 한정하는 내용이 담긴 것으로...",2026-09-28 11:06,https://www.mdtoday.co.kr/news/articleView.html?idxno=616480,https://www.mdtoday.co.kr/news/articleView.html?idxno=616480
연세대학교,스마트비즈엔,학생만 찾는 줄 알았는데···교직원·직장인까지 몰리는 대학가 주거...,"연세대학교, 이화여자대학교, 서강대학교, 홍익대학교 등이 인근에 있고 서울역과 충정로역을 통해 도심 접근성을 확보할 수 있다. 대학 구성원의 주거수요와 함께 광화문·시청 등 도심 업무지구의 직장인 수요를...",2026-09-28 11:06,https://www.smartbizn.com/news/articleView.html?idxno=154934,https://www.smartbizn.com/news/articleView.html?idxno=154934
고려대학교,메디컬투데이,"""나이도 대학도 제한?""…한화에어로, 채용 가이드 논란 결국 사과","논란이 된 내부 가이드라인에는 경력직 채용 시 '1980년생 이하'를 연령 기준으로 제시하고, 서울 및 판교 근무자의 경우 서울대·연세대·고려대 등을 포함한 국내 11개 대학 출신자를 대상으로 한정하는 내용이 담긴 것으로...",2026-09-28 11:06,https://www.mdtoday.co.kr/news/articleView.html?idxno=616480,https://www.mdtoday.co.kr/news/articleView.html?idxno=616480
고려대학교,뉴데일리경제,"'자본 8억' 휴니버스글로벌, 셀리드 최대주주 오른다 … 투자금은 EB로 ...","최대주주는 지분 37%를 가진 고려대학교의료기술지주다. 업계 한 관계자는 ""휴니버스글로벌의 자산보다 투자금이 큰 상황에서 EB 인수자가 사실상 인수대금의 자금 공급자가 되는 구조""라며 ""누가 어떤 조건으로...",2026-09-28 11:06,https://biz.newdaily.co.kr/site/data/html/2026/09/28/2026092800105.html,https://biz.newdaily.co.kr/site/data/html/2026/09/28/2026092800105.html
서울대학교,비즈니스포스트,"카카오X 대표 내정자 김도영, 인적분할 앞두고 CA협의체 공동의장 맡아","1975년생인 김도영 신임 공동의장은 서울대 항공우주공학과와 서울대 경영전문대학원(MBA)을 거쳐 삼성증권 IB본부 이사, 코오롱모빌리티그룹 CFO를 지낸 기업 투자·재무 전략 전문가다. 지난 2025년...",2026-09-28 11:06,https://www.businesspost.co.kr/BP?command=article_view&num=448040,https://www.businesspost.co.kr/BP?command=article_view&num=448040
서울대학교,메디컬투데이,"""나이도 대학도 제한?""…한화에어로, 채용 가이드 논란 결국 사과","논란이 된 내부 가이드라인에는 경력직 채용 시 '1980년생 이하'를 연령 기준으로 제시하고, 서울 및 판교 근무자의 경우 서울대·연세대·고려대 등을 포함한 국내 11개 대학 출신자를 대상으로 한정하는 내용이 담긴 것으로...",2026-09-28 11:06,https://www.mdtoday.co.kr/news/articleView.html?idxno=616480,https://www.mdtoday.co.kr/news/articleView.html?idxno=616480
서울대학교,직썰,"카카오, 인적분할 앞두고 김도영 카카오X 대표 내정자 CA협의체 공동의...","1975년생인 김도영 공동의장은 서울대학교 항공우주공학과를 졸업하고 서울대학교 경영전문대학원에서 석사(MBA) 학위를 받았다. 2001년부터 2004년까지 삼성SDS에서 선임컨설턴트로 근무했으며, 2007년부터 2022년까지...",2026-09-28 11:04,https://www.ziksir.com/news/articleView.html?idxno=147565,https://www.ziksir.com/news/articleView.html?idxno=147565
서울대학교,이코노믹리뷰,"카카오 인적분할 앞두고 공동의장 체제 가동 ""김도영 내정자 합류""",1975년생인 그는 서울대학교 항공우주공학과를 졸업하고 같은 대학 경영전문대학원에서 MBA를 마쳤다. 2001년부터 2004년까지 삼성SDS에서 선임컨설턴트로 일했고 2007년부터 2022년까지는 삼성증권 IB본부 이사를 지냈다....,2026-09-28 11:04,https://www.econovill.com/news/articleView.html?idxno=752017,https://www.econovill.com/news/articleView.html?idxno=752017
서울대학교,아시아투데이,"부산대 양산캠퍼스 54만㎡ 유휴부지 개발 시동…양산시, 범부서 TF 가동",아시아투데이 이철우 기자 = 경남 양산시가 약 54만㎡에 달하는 부산대학교 양산캠퍼스 유휴부지를 동남권 산업·연구·AI 혁신거점으로 조성하기 위해 범부서 대응체계를 가동한다.양산시는 부산대의 '서울대 10개 만들기...,2026-09-28 11:04,https://www.asiatoday.co.kr/kn/view.php?key=20260928010009579,https://www.asiatoday.co.kr/kn/view.php?key=20260928010009579
서울대학교,데일리안,"서울 관악구, 10월 문화의 달 맞아 다양한 문화행사 개최",서울 관악구(구청장 박준희)가 9월과 10월에 걸쳐 구 전역에서 다양한 문화행사를 개최해 주민들에게 새로운... 서울대학교는 개교 80주년을 맞아 10월2일 13시 관악구청 광장에서 '브런치 클래식' 오케스트라 공연을...,2026-09-28 11:03,https://www.dailian.co.kr/news/view/1694948/?sc=Naver,https://n.news.naver.com/mnews/article/119/0003136823?sid=102
서울대학교,전남일보,"""인간과 자연의 공존 지혜 제시""…호남대, 교양아카데미 개최","생태학자 최재천 이화여자대학교 교수가 인공지능(AI)이 인간의 삶과 사회를 빠르게 바꾸는 시대, 인간과... 한편, 두 번째 강연은 오는 10월13일 서울대학교 김헌 교수를 초청해 '인공지능이 채울 수 없는 결핍, 고전의...",2026-09-28 11:03,https://www.jnilbo.com/news/articleView.html?idxno=90000069099,https://www.jnilbo.com/news/articleView.html?idxno=90000069099
서울대학교,더팩트,"카카오, 컨트롤타워 투톱으로…정신아·김도영 공동의장 체제",김도영 신임 의장은 1975년생으로 서울대 항공우주공학과를 졸업하고 같은 학교 대학원에서 경영학 석사를 마쳤다. 삼성SDS 선임컨설턴트와 삼성증권 투자은행 부문 이사를 거쳐 코오롱모빌리티그룹 최고재무책임자를...,2026-09-28 11:01,https://news.tf.co.kr/read/economy/2370085.htm,https://n.news.naver.com/mnews/article/629/0000537146?sid=105
서울대학교,공무원수험신문,[최창호 변호사의 법조단상] 피의사실공표죄,"최창호 변호사 서울대 사법학과 학·석사 출신으로 1989년 31회 사법시험에 합격했다. 사법연수원, 군법무관을 거쳐 1995년에 검사로 임용되어 공안, 기획, 특수, 강력, 의료, 식품, 환경, 외국인범죄, 산업안전, 명예훼손...",2026-09-28 11:00,https://www.gosiweek.com/article/1065578198211646,https://www.gosiweek.com/article/1065578198211646
고려대학교,엑스포츠뉴스,"""제2의 김호령 되려나"" 사령탑도 기대만발…육성선수→방출→재입단, 우...",고려대 졸업 후 2017년 NC에 육성선수로 입단한 천재환은 이듬해 2군에서 타율 0.375로 활약하던 중 손목 부상을 당했다. 이후 팀에서 방출된 천재환은 사회복무요원으로 병역을 마치고 팀에 다시 입단했다. 2022년 FA로...,2026-09-28 11:00,https://www.xportsnews.com/article/2201330,https://m.sports.naver.com/kbaseball/article/311/0002062671
서울대학교,아시아경제,기획처 기조실장에 정향우 사회예산심의관 임명,"서울대 인류학과를 졸업하고 같은 대학에서 행정학 석사 학위를 받았다. 영국 엑시터대에서는 정치학 박사 과정을 수료했다. 기획처와 전신인 기획재정부에서 사회예산심의관, 정책기획관을, 통계청 기획조정관 등을...",2026-09-28 10:59,https://view.asiae.co.kr/article/2026092810590619516,https://n.news.naver.com/mnews/article/277/0005821462?sid=101
서울대학교,충남일보,"[의료 칼럼] 통증 너머, 다시 일상으로…정확한 진단에서 시작되는 관절...",김 대표원장은 충남대학교병원에서 정형외과 전문의 과정을 거친 뒤 관절 질환과 외상 환자를 진료해 왔으며... 영상의학과 박주영 원장은 서울대 교수로 근무한 경험을 바탕으로 영상검사와 관련한 진료를 담당하며...,2026-09-28 10:58,http://www.chungnamilbo.co.kr/news/articleView.html?idxno=911870,http://www.chungnamilbo.co.kr/news/articleView.html?idxno=911870
서울대학교,서울신문,김성중 인천시 행정부시장 취임…4개월 공백 해소,"목표가 차질 없이 실현될 수 있도록 성심껏 보좌하겠다”고 밝혔다. 1967년생인 김 부시장은 연세대 행정학과를 졸업한 뒤 서울대 행정대학원에서 행정학 석사, 영국 엑서터대에서 공공행정학 석사 학위를 받았다.",2026-09-28 10:58,https://www.seoul.co.kr/news/publicnews/2026/09/28/20260928500058?wlog_tag3=naver,https://n.news.naver.com/mnews/article/081/0003683909?sid=100
연세대학교,서울신문,김성중 인천시 행정부시장 취임…4개월 공백 해소,"목표가 차질 없이 실현될 수 있도록 성심껏 보좌하겠다”고 밝혔다. 1967년생인 김 부시장은 연세대 행정학과를 졸업한 뒤 서울대 행정대학원에서 행정학 석사, 영국 엑서터대에서 공공행정학 석사 학위를 받았다.",2026-09-28 10:58,https://www.seoul.co.kr/news/publicnews/2026/09/28/20260928500058?wlog_tag3=naver,https://n.news.naver.com/mnews/article/081/0003683909?sid=100
고려대학교,프레시안,이지성 전북자치도 행정부지사 취임…“원팀 행정으로 체감 성과 창출”,1975년 전북 고창에서 태어난 이 부지사는 전주고와 고려대 행정학과를 졸업하고 KDI 국제정책대학원에서 공공정책학 석사학위를 취득했다. 1999년 지방고시 4회(행정고시 42회)로 공직에 입문한 그는 전주시 덕진구청장...,2026-09-28 10:57,https://www.pressian.com/pages/articles/2026092810554109180?utm_source=naver&utm_medium=search,https://n.news.naver.com/mnews/article/002/0002458397?sid=102
연세대학교,이코노믹포스트,"서울투자진흥재단, 10월 '서울투자서밋' 개최…글로벌 투자자·기업 연...","분야별 프로그램에는 퓨처플레이, 연세대 앵커사업단, 전북경제통상진흥원, 시그나이트, 유진투자증권, 서울핀테크랩 등이 협력기관으로 참여한다. 투자자와 기업 간 1대1 만남도 마련된다. 행사 전용 투자 매칭...",2026-09-28 10:56,http://www.efnews.co.kr/news/articleView.html?idxno=132669,http://www.efnews.co.kr/news/articleView.html?idxno=132669
서울대학교,인천일보,"성남시, MICE·건강도시·친환경·노인복지 '4대 맞춤 시정' 속도","서울대 김호 교수, 순천향대 강은정 교수, 성남시정연구원 배채영 연구위원이 발제자로 나서 기후 적응과 건강영향평가, 도시 회복력을 조명한다. 이와 함께 시청 앞 여수 상권을 '다회용기 특화지구'로 지정해...",2026-09-28 10:56,https://www.incheonilbo.com/news/articleView.html?idxno=1332938,https://www.incheonilbo.com/news/articleView.html?idxno=1332938
서울대학교,플래텀,"로봇·자율주행 AI를 여러 제조사 칩에서 돌리는 소프트웨어, 바이스트...",서울대학교기술지주가 로봇과 자율주행 기기의 AI를 여러 제조사의 칩에서 돌릴 수 있게 하는... 김형규 공동대표는 삼성테크윈과 서울대 정밀기계연구소에서 기기 내장형 소프트웨어와 AI를 다뤘다. 로봇과...,2026-09-28 10:56,https://platum.kr/archives/295235,https://platum.kr/archives/295235
고려대학교,메디칼타임즈,"고대안암병원, 소아 응급진료 역량 강화에 박차","고려대학교 안암병원이 소아응급환자 진료를 위한 역량강화에 박차를 가하고 있다. 고려대 안암병원은... 특히 소아는 성인과 질환의 양상이나 증상 표현, 치료 과정이 다른 경우가 많아 연령과 상태를 고려한 세심한...",2026-09-28 10:56,https://www.medicaltimes.com/Main/News/NewsView.html?ID=1170895&ref=naverpc,https://www.medicaltimes.com/Main/News/NewsView.html?ID=1170895&ref=naverpc
서울대학교,공감신문,"전남대, '서울대 10개 만들기'로 지역 경제 활력 찾는다","교육부 장관이 전남대학교를 방문해 '서울대 10개 만들기' 사업의 일환으로 주요 프로그램을 점검하고, 지역 발전을 위한 협력 방안을 논의한다. 이번 방문은 전남대가 추진 중인 패키지 지원대학 사업의 실행 계획을...",2026-09-28 10:54,https://www.gokorea.kr/news/articleView.html?idxno=879810,https://www.gokorea.kr/news/articleView.html?idxno=879810
고려대학교,더파워,사립대 적립금 12.2조 ‘사상 최대’…5.2조는 10년 뒤에나 쓴다,"6819억원, 고려대 4627억원, 수원대 4247억원 등이 뒤를 이었다. 적립금을 100억원 이상 보유하고 있으면서도 3년 안에 사용할 계획을 한 푼도 잡지 않은 대학은 모두 26곳으로 나타났다. 대학들이 적립금을 어디에...",2026-09-28 10:54,https://www.thepowernews.co.kr/view.php?ud=202609281051551767de3f0aa1be_7,https://www.thepowernews.co.kr/view.php?ud=202609281051551767de3f0aa1be_7
연세대학교,더파워,사립대 적립금 12.2조 ‘사상 최대’…5.2조는 10년 뒤에나 쓴다,"대학별 적립금 규모 자체도 상당했다. 홍익대의 2025회계연도 결산 적립금은 8562억원으로 가장 많았고 연세대 7615억원, 이화여대 6819억원, 고려대 4627억원, 수원대 4247억원 등이 뒤를 이었다. 적립금을 100억원 이상...",2026-09-28 10:54,https://www.thepowernews.co.kr/view.php?ud=202609281051551767de3f0aa1be_7,https://www.thepowernews.co.kr/view.php?ud=202609281051551767de3f0aa1be_7
서울대학교,이투데이,[인터뷰] “출연금에 기대지 않는다”…박훈기 대표가 바꾼 부산연합기...,"서울대 경영학과를 졸업한 그는 한국IBM에서 글로벌 서비스 업무를 맡았고, GS홈쇼핑 정보전략부문장(CIO)을 거쳐 BNK금융지주 디지털·IT 총괄부사장을 지냈다. 기업의 시스템을 만들고 디지털 전환을 이끌었던 경험을...",2026-09-28 10:54,https://www.etoday.co.kr/news/view/2629603,https://www.etoday.co.kr/news/view/2629603
서울대학교,한국경제,"카카오, CA협의체 공동의장에 김도영…인적분할 준비 본격화",김 내정자는 1975년생으로 서울대 항공우주공학과를 졸업하고 서울대 경영전문대학원에서 석사(MBA) 학위를 받았다. 삼성SDS 선임컨설턴트를 거쳐 2007년부터 2022년까지 삼성증권 IB본부에서 근무했다. 이후...,2026-09-28 10:53,https://www.hankyung.com/article/202609288948g,https://n.news.naver.com/mnews/article/015/0005336535?sid=105
서울대학교,아시아타임즈,[28일 서울 마포구] 김난도 교수 초청 강연 참여자 모집 등,서울 마포구는 10월 13일 개최되는 김난도 서울대학교 소비자학과 명예교수 초청 강연 ‘마음의 트렌드를 읽다’에 참여할 구민을 선착순 모집한다. 10월 10일 ‘세계 정신건강의 날’을 기념해 열리는 이번 강연은...,2026-09-28 10:52,https://www.asiatime.co.kr/article/20260928500130,https://www.asiatime.co.kr/article/20260928500130
서울대학교,뉴스웨이,"카카오, 인적분할 앞두고 CA협의체 공동의장 체제로…정신아·김도영 투...",김 내정자는 1975년생으로 서울대학교 항공우주공학과를 졸업하고 서울대 경영전문대학원에서 경영학 석사(MBA) 학위를 받았다. 2001년 삼성SDS 선임컨설턴트로 경력을 시작해 2007년부터 2022년까지 삼성증권 IB본부 이사로...,2026-09-28 10:50,https://www.newsway.co.kr/news/view?ud=2026092810440432057,https://www.newsway.co.kr/news/view?ud=2026092810440432057
서울대학교,이데일리,"두 얼굴의 대표님…`노조 탄압` 신사고 대표, 불구속 기소","(사진= 서울대) 노동조합과의 단체교섭을 거부하고, 조합원들을 포상에서 제외하거나 불리한 인사평가로 연봉을 동결한 혐의를 받는 좋은책신사고 대표가 재판에 넘겨졌다. 서울남부지검 형사6부(부장검사 전철호)는...",2026-09-28 10:50,https://www.edaily.co.kr/News/Read?newsId=02542006645584712&mediaCodeNo=257&utm_source=naver&utm_medium=referral&utm_campaign=news_syndication&utm_content=original_article,https://n.news.naver.com/mnews/article/018/0006376240?sid=102
서울대학교,베이비타임즈,[변요한목사 시론] 성령의 열매와 그리스도인의 삶,축복을 다 받아 누리게 하시길 예수님 이름으로 기도합니다.  - 경찰청교회 시무 - 극동방송 운영위원 - 민주평화통일자문회의 자문위원 - 대한민국국가조찬기도회 경찰자문위원 - 서울대학교 동창회 이사,2026-09-28 10:50,http://www.babytimes.co.kr/news/articleView.html?idxno=74222,http://www.babytimes.co.kr/news/articleView.html?idxno=74222
고려대학교,뉴스1,"이지성 전북도 행정부지사 취임…""원팀·속도·현장 중심 행정 구현""","전북 고창 출생의 이 부지사는 전주고와 고려대 행정학과를 졸업하고 KDI 국제정책대학원에서 석사(공공정책학) 학위를 받았다. 지난 1999년 지방고시 4회(행정고시 42회)를 통해 공직에 입문한 뒤 전주시 덕진구청장, 전북도...",2026-09-28 10:50,https://www.news1.kr/local/jeonbuk/6303007,https://n.news.naver.com/mnews/article/421/0009194717?sid=102
고려대학교,이데일리,"고려대 안암병원, 소아응급진료 역량 강화에 박차","특히 소아는 성인과 질환의 양상이나 증상 표현, 치료 과정이 다른 경우가 많아 연령과 상태를 고려한 세심한 진료가 중요하다. 이에 고려대학교 안암병원은 소아응급환자 전담전문의를 중심으로 초기 응급진료를 강화하고...",2026-09-28 10:49,https://www.edaily.co.kr/News/Read?newsId=02532166645584712&mediaCodeNo=257&utm_source=naver&utm_medium=referral&utm_campaign=news_syndication&utm_content=original_article,https://n.news.naver.com/mnews/article/018/0006376238?sid=102
서울대학교,아주경제,"""통일 불필요·분단 선호"" 역대 최고…北 정권 불신 78% 달하지만 '실용...","서울대 통일평화연구원, '2026 통일의식조사' 발표…통일 필요 39.0% vs 불필요 32.2% 北 핵 포기 불가 90.4... 이어 황지환 서울시립대 국제관계학과 교수는 ‘북한의 국가성과 한반도 두 국가론 인식’ 발표에서 국민 81.8...",2026-09-28 10:48,https://www.ajunews.com/view/20260928103635343,https://www.ajunews.com/view/20260928103635343
서울대학교,디지털투데이,'AI 과학자' 한자리에...AI4Sci 코리아 2026 개최,"과학기술정보통신부는 27일부터 10월 1일까지 서울 용산구 드래곤시티호텔에서 'AI4Sci 코리아 2026... 기조강연에는 석차옥 서울대 화학부 교수와 토마스 자카리아 AMD 수석부사장, 임우형 LG AI연구원 공동원장 등이...",2026-09-28 10:48,https://www.digitaltoday.co.kr/news/articleView.html?idxno=703122,https://www.digitaltoday.co.kr/news/articleView.html?idxno=703122
서울대학교,한국경제,김성중 인천시 신임 행정부시장 취임,"서울대 행정학 석사 출신이며, 영국의 엑시터대에서 공공행정학 석사과정을 마쳤다. 김성중 신임 행정부시장은 별도의 취임식을 생략하고, 임용장을 받은 후 곧바로 시정 업무보고를 받는 등 공식 업무에 들어갔다. 김성중...",2026-09-28 10:48,https://www.hankyung.com/article/202609288873h,https://n.news.naver.com/mnews/article/015/0005336529?sid=102
연세대학교,한국경제,김성중 인천시 신임 행정부시장 취임,"제주 오현고와 연세대 행정학과를 졸업했다. 서울대 행정학 석사 출신이며, 영국의 엑시터대에서 공공행정학 석사과정을 마쳤다. 김성중 신임 행정부시장은 별도의 취임식을 생략하고, 임용장을 받은 후 곧바로 시정...",2026-09-28 10:48,https://www.hankyung.com/article/202609288873h,https://n.news.naver.com/mnews/article/015/0005336529?sid=102
서울대학교,조세일보,[신간] 돈의 역류 2027년 경제전망,"서울대학교 대학원 재학 시절 서울대학교 경영연구소에서 연구원으로 산업과 기업경영을 연구했다.... 현재 한국경제산업연구원 경제연구실장으로서 실물경제를 연구하고 있으며, 한양대학교에서 겸임교수로 재직하며...",2026-09-28 10:47,http://www.joseilbo.com/news/news_read.php?uid=576405&class=18&grp=,https://n.news.naver.com/mnews/article/123/0002390889?sid=101
고려대학교,파이낸셜뉴스,"온앤오프, 도쿄 팬미팅 성료…아시아 팬들과 밀착 소통",단순히 같은 공연을 반복하기보다 현지 팬들을 고려한 곡과 구성을 더하면서 아시아 팬들과의 접점을... 한편 온앤오프는 오는 10월 17일 서울 고려대학교 화정체육관에서 열리는 'HEARTBEAT BY DUDUDO 2026(하트비트...,2026-09-28 10:46,https://www.fnnews.com/news/202609281043444252,https://m.entertain.naver.com/article/014/0005581513
고려대학교,테크M,"""옵트아웃 집단소송, 위헌 소지 크다""...집단소송 확대 앞두고 전문가들...","박종현 한양대 법학전문대학원 교수와 계인국 고려대 행정전문대학원 교수, 표정률 율촌 변호사 등은 토론자로 참여했다. 김소연 전북대 교수는 현재 국회에 발의된 집단소송 관련 법안을 비교하며 옵트인과 옵트아웃...",2026-09-28 10:44,https://www.techm.kr/news/articleView.html?idxno=155605,https://www.techm.kr/news/articleView.html?idxno=155605
고려대학교,BBS NEWS,"건정연, 개원 20주년 기념식-세미나 개최...건설산업 새로운 20년 논한다",기조강연은 건정연의 제4대 원장을 역임한 박상우 전 국토교통부 장관(고려대학교 공학대학원 석좌교수)이 'AI로 건설산업의 날개를 달자'를 주제로 진행합니다. 박상우 석좌교수는 AI의 발전이 건설산업에 가져올 변화와...,2026-09-28 10:44,https://news.bbsi.co.kr/news/articleView.html?idxno=4108844,https://news.bbsi.co.kr/news/articleView.html?idxno=4108844
서울대학교,마켓뉴스,"""AI의 미래""...AI4Sci Korea 2026 국제학술대회 서울서 개막","전문가들이 서울에 모였다. 과학기술정보통신부(과기정통부)는 지난 27일부터 10월 1일까지 서울 용산구... 석차옥 서울대 교수가 공동조직위원장을 맡았다. 아울러 한국물리학회, 대한화학회, 생화학분자생물학회...",2026-09-28 10:44,http://www.marketnews.co.kr/news/articleView.html?idxno=74267,http://www.marketnews.co.kr/news/articleView.html?idxno=74267
고려대학교,크리스천투데이,감신대 변선환 학술행사 사태: 진리의 둑을 지키는 거룩한 용기,최근 감리교신학대학교에서 일어난 변선환 전 학장 기념 학술행사 사태와 이를 둘러싼 논란은... D) 심리학자·칼럼니스트 서울 중랑구 은혜제일교회 예수교장로회 국제연합총회 UPCA 심리학 박사로 서울 한영신대와 고려대...,2026-09-28 10:42,https://www.christiantoday.co.kr/news/377597,https://www.christiantoday.co.kr/news/377597
서울대학교,국민일보,"檢, 노조 교섭 거부한 좋은책신사고 대표 불구속 기소",서울지노위가 이후 내린 조합원에 대한 구제 명령도 좋은책신사고 측은 이행하지 않았다. 홍 대표는 지난 1월 서울대에 1000억원 기부 약정을 한 뒤 반복적인 부당노동행위가 드러나 ‘오염된 기부’ 논란에 휩싸인 바...,2026-09-28 10:41,https://www.kmib.co.kr/article/view.asp?arcid=9000017717&cp=nv,https://n.news.naver.com/mnews/article/005/0001875329?sid=102
서울대학교,포인트데일리,폭염·기후변화에 도시가 답한다... 성남시 '건강도시' 정책 모색,"첫 번째 발제자로는 김호 서울대학교 보건대학원 교수가 나선다. 김 교수는 '기후변화와 건강: 도시환경과... 변병설 인하대학교 행정학과 교수가 좌장을 맡고 손창우 연세대학교 보건행정학부 교수, 김성아 서울연구원...",2026-09-28 10:40,https://www.pointdaily.co.kr/news/articleView.html?idxno=320483,https://www.pointdaily.co.kr/news/articleView.html?idxno=320483
연세대학교,포인트데일리,폭염·기후변화에 도시가 답한다... 성남시 '건강도시' 정책 모색,"첫 번째 발제자로는 김호 서울대학교 보건대학원 교수가 나선다. 김 교수는 '기후변화와 건강: 도시환경과... 변병설 인하대학교 행정학과 교수가 좌장을 맡고 손창우 연세대학교 보건행정학부 교수, 김성아 서울연구원...",2026-09-28 10:40,https://www.pointdaily.co.kr/news/articleView.html?idxno=320483,https://www.pointdaily.co.kr/news/articleView.html?idxno=320483
연세대학교,데이터넷,"리미니스트리트, 연세의료원에 SAP ERP 유지보수 지원",리미니스트리트가 연세대학교의료원의 SAP 전사적자원관리(ERP) 시스템 유지보수를 지원한다고 28일 밝혔다. 연세의료원은 SAP ERP의 안정적인 운영과 IT 투자 효율성 강화를 위해 리미니스트리트의 '리미니 서포트...,2026-09-28 10:40,https://www.datanet.co.kr/news/articleView.html?idxno=214726,https://www.datanet.co.kr/news/articleView.html?idxno=214726
고려대학교,국제뉴스,"[인사] 세종특별자치시교육청, 이윤홍 부교육감 28일자로 부임","이윤홍 부교육감은 배화여자고등학교, 고려대학교를 졸업했다. 행정고시 44회에 합격해 교육부 창조행정담당관, 혁신행정담당관, 운영지원과장, 장관실 비서실장, 부경대 사무국장, 중앙교육연수원장, 교육부...",2026-09-28 10:40,https://www.gukjenews.com/news/articleView.html?idxno=3706859,https://www.gukjenews.com/news/articleView.html?idxno=3706859
고려대학교,브레이크뉴스,전북자치도 '이지성 행정부지사' 취임,신임 이지성 행정부지사는 고창 출신으로 전주고와 고려대학교를 졸업했으며 지방고시 4회(행정고시 42회)로 공직에 입문했다. 전주시 덕진구청장ㆍ전주시장...,2026-09-28 10:38,http://www.breaknews.com/1239230,http://www.breaknews.com/1239230
서울대학교,브레이크뉴스,부산대 양산캠퍼스 54만㎡ 활용 본격화…양산시 범부서 TF 가동,부산대학교 양산캠퍼스 유휴부지 약 54만㎡를 연구·산업·창업 기능이 결합된... 양산시는 부산대가 ‘서울대 10개 만들기(S-TEN) 프로젝트’에 선정된 것을 계기로...,2026-09-28 10:38,http://www.breaknews.com/1239236,http://www.breaknews.com/1239236
고려대학교,브레이크뉴스,"김탄허 스님, 중국분열 예언...“일본 열도 침몰도 예언했는데...”",스님은 당시 서울 고려대 옆 개운사 주변에 있는 작은 사찰에 주석(住錫)했었다.... 중앙대학교 명예교수인 장화수 박사가 생전의 탄허 스님과 나눈 대담을 바탕으로...,2026-09-28 10:36,http://www.breaknews.com/1239240,http://www.breaknews.com/1239240
서울대학교,ㅍㅍㅅㅅ,원자-빛 상호작용 계량화할 자기 그래프 이론 개발,한국연구재단(이사장 홍원화)은 서울대 박남규·유선규 교수와 서울시립대 박현희 교수팀이 그동안 구간마다 서로 다른 방식으로 설명해 오던 원자-빛 상호작용을 하나의 숫자로 계량화할 수있는 자기 그래프 이론을...,2026-09-28 10:36,https://www.ppss.kr/news/articleView.html?idxno=312651,https://www.ppss.kr/news/articleView.html?idxno=312651
서울대학교,뉴시스,"마포구, 김난도 교수 마음건강 강연…참가자 선착순 모집",마포구는 김난도 서울대 소비자학과 명예교수의 마음건강 강연 참가자를 선착순 모집한다고 28일 밝혔다. 김 교수의 '마음의 트렌드를 읽다' 강연은 다음달 13일 오전 10시부터 낮 12시까지 마포중앙도서관 6층 마중홀에서...,2026-09-28 10:34,https://www.newsis.com/view/NISX20260928_0003805025,https://n.news.naver.com/mnews/article/003/0014217020?sid=102
고려대학교,주간한국,"김용엽 고대구로병원 교수, 대한갑상선학회 우수연제상 수상","김 교수는 이승훈 정신건강의학과 교수, 박찬미 고려대 의과대학 암연구소 교수와 함께 갑상선 수술을 기존 절개 방법으로 시행한 환자들과 내시경 또는 로봇으로 시행한 환자들의 수술 방법에 따른 수술 후 정신건강...",2026-09-28 10:34,https://weekly.hankooki.com/news/articleView.html?idxno=7186111,https://weekly.hankooki.com/news/articleView.html?idxno=7186111
서울대학교,머니투데이,AI가 바꿀 과학기술 연구의 미래…국내 첫 'AI4SCi' 포럼 개최,과학기술정보통신부는 27일부터 다음 달 1일까지 서울 용산구 드래곤시티호텔에서 제1회 'AI4Sci Korea 2026... 임경태 KAIST(카이스트) 교수와 석차옥 서울대 교수가 조직위원회 공동위원장을 맡으며 한국물리학회...,2026-09-28 10:32,https://www.mt.co.kr/tech/2026/09/28/2026092807473894209,https://n.news.naver.com/mnews/article/008/0005418930?sid=105
서울대학교,뉴스엔,"피는 못 속여! 신동엽 박명수 딸, 서울대→한예종 진학…탄탄대로 ‘엘...","신동엽 박명수 딸, 서울대→한예종 합격…탄탄대로 엘리트 코스 방송인 신동엽과 박명수가 엘리트 코스를... 아이가 대학교에 좀 붙었으면 하는 바람이야. 오늘이 아이 수시 발표 나는 날""이라고 하기도 했다. 민서 양은...",2026-09-28 10:31,https://www.newsen.com/news_view.php?uid=202609280901562310,https://m.entertain.naver.com/article/609/0001172961
연세대학교,스포츠서울,"곰팡이 지하방 살면서도 ‘아파트 한채값’ 기부…최수종, 89세 모친과 ...","빈소는 서울 연세대학교 신촌세브란스병원 장례식장 특1호실에 마련됐다. 최수종은 아내 하희라를 비롯한 가족들과 빈소를 지키며 조문객을 맞고 있다. 발인은 29일 오전 8시, 장지는 용인로뎀파크다. 빈소에는 연예계...",2026-09-28 10:31,https://www.sportsseoul.com/news/read/1637896?ref=naver,https://m.entertain.naver.com/article/468/0001269075
연세대학교,데이터뉴스,"강진모 아이티센그룹 회장, 대한당구연맹 회장 도전…4대 공약 제시","강 후보는 아주대 물리학과와 연세대 공학대학원을 졸업했으며, 현재 아이티센글로벌 회장을 맡고 있다. 한국IT서비스산업협회 회장과 한국정보처리학회장을 역임했다. 아이티센그룹 계열사 아이티센클로잇은 1986...",2026-09-28 10:30,http://www.datanews.co.kr/news/article.html?no=146656,http://www.datanews.co.kr/news/article.html?no=146656
서울대학교,뉴시스,[프로필] 정향우 기획처 기조실장…예산·공공정책 두루 거친 기획통,서울대 인류학과를 졸업하고 같은 대학에서 행정학 석사 학위를 받았다. 영국 엑시터대에서는 정치학 박사... ◇프로필 ▲1969년생(57세) ▲행시 40회 ▲서울대 인류학 ▲서울대 행정학 석사 ▲영국 엑시터대 정치학 박사...,2026-09-28 10:30,https://www.newsis.com/view/NISX20260928_0003804982,https://n.news.naver.com/mnews/article/003/0014216984?sid=101
연세대학교,경인매일,"인천시, 중문소식지 '인천지창' 가을호 발간...경제도시 성장상 조명","화교 가족의 인천 정착기를 담은 '가족의 탄생', 소래습지생태공원 갈대밭과 하늘정원 코스모스 풍경을 소개하는 '사계절 투어', 영흥도 포도를 다룬 '인천의 맛', 연세대학교 국제캠퍼스 중어중문학과 학생이 전하는 중국...",2026-09-28 10:28,https://www.kmaeil.com/news/articleView.html?idxno=652855,https://www.kmaeil.com/news/articleView.html?idxno=652855
고려대학교,CBC뉴스,[입시 리포트] 간판보다 의대…최상위권 자연계 대학생들의 '의대 재도...,"연세대, 고려대에서 중도에 학업을 그만둔 학생 수가 1만 명을 넘어선 것으로 집계됐다. 종로학원이 27일 발표한 대학알리미 공시자료 분석에 따르면, 2021년부터 지난해까지 이들 세 대학에서 중도탈락한 학생은...",2026-09-28 10:26,https://www.cbci.co.kr/news/articleView.html?idxno=610203,https://www.cbci.co.kr/news/articleView.html?idxno=610203
연세대학교,CBC뉴스,[입시 리포트] 간판보다 의대…최상위권 자연계 대학생들의 '의대 재도...,"서울대, 연세대, 고려대에서 중도에 학업을 그만둔 학생 수가 1만 명을 넘어선 것으로 집계됐다. 종로학원이 27일 발표한 대학알리미 공시자료 분석에 따르면, 2021년부터 지난해까지 이들 세 대학에서...",2026-09-28 10:26,https://www.cbci.co.kr/news/articleView.html?idxno=610203,https://www.cbci.co.kr/news/articleView.html?idxno=610203
서울대학교,CBC뉴스,[입시 리포트] 간판보다 의대…최상위권 자연계 대학생들의 '의대 재도...,"'의대 열풍'에 흔들리는 명문대 이공계…4년 연속 자퇴생 2천 명 웃돌아  최근 5년 동안 서울대, 연세대... 지난해 기준으로 고려대의 중도탈락자가 836명으로 가장 많았고, 연세대가 801명, 서울대가 375명으로 뒤를...",2026-09-28 10:26,https://www.cbci.co.kr/news/articleView.html?idxno=610203,https://www.cbci.co.kr/news/articleView.html?idxno=610203
서울대학교,파이낸셜포스트,"박성훈 의원, '금융 AI 시대 소비자 권리와 금융회사 책임' 토론회 개최",발제자로는 정순섭 서울대학교 법학전문대학원 교수와 정희수 하나금융연구소 소장이 나선다. 정 교수는... 한양대학교 법학전문대학원 교수 등이 참여해 금융권 AI 도입에 따른 과제와 보완책을 논의한다. 박 의원은...,2026-09-28 10:24,https://www.financialpost.co.kr/news/articleView.html?idxno=277512,https://www.financialpost.co.kr/news/articleView.html?idxno=277512
서울대학교,충청뉴스,"""중부권, 10대 암 수술 자체 충족률 전국 '꼴찌'""","이와 함께 서울대학교병원, 삼성서울병원, 서울아산병원, 신촌세브란스병원, 서울성모병원 등 서울 빅5... 이어 박 의원은 ""정부가 국립대학교병원을 중심으로 지역 완결적 암 치료 기반을 갖출 수 있도록 지원하고...",2026-09-28 10:24,http://www.ccnnews.co.kr/news/articleView.html?idxno=415469,http://www.ccnnews.co.kr/news/articleView.html?idxno=415469
고려대학교,아이뉴스24,"법무법인 율촌, '집단소송 법제화 과정 쟁점과 기업 대응전략' 세미나 ...","계인국 고려대 행정전문대학원 교수, 표정률 율촌 변호사가 토론자로 나섰다. 세미나 참석자들은 제22대... 문제를 고려해 소송허가 요건의 문턱이 높아질 가능성이 크다고 전망했다. 박 교수는 ""현재의 논의가 과학적...",2026-09-28 10:22,http://www.inews24.com/view/2009356,https://n.news.naver.com/mnews/article/031/0001061452?sid=102
서울대학교,오토데일리,"[이사람] ""당장 양산 어려워도 게임에는 남아야""⋯""배터리 기술 주도권...","또, 서울대학교와 공동 배터리연구센터에서 전고체와 리튬메탈 배터리 연구를 진행중이며 미국 솔리드파워 등 외부 업체와의 협력도 이어가고 있다. 전고체 배터리 자체를 대규모로 생산하는게 아니라 그룹에서...",2026-09-28 10:20,https://www.autodaily.co.kr/news/articleView.html?idxno=600727,https://www.autodaily.co.kr/news/articleView.html?idxno=600727
고려대학교,약업신문,"루다큐어 ""RCI001, 안구건조증 2상 진입…200명서 유효성 검증 목표""",고려대학교 안암병원 김동현 교수도 연구진으로 참여한다. 루다큐어는 전안부 전문의들과 협력해... 항염증과 항산화 작용을 동시에 활용하면서 스테로이드성 치료제에서 고려해야 하는 안압 상승 부담을 낮출...,2026-09-28 10:20,https://www.yakup.com/news/index.html?mode=view&cat=12&nid=333008,https://www.yakup.com/news/index.html?mode=view&cat=12&nid=333008
고려대학교,메디칼타임즈,"고대구로병원 김용엽 교수, 갑상선학회 우수 연제상","김 교수는 고려대학교 구로병원 정신건강의학과 이승훈 교수, 고려대학교 의과대학 암연구소 박찬미 교수와 함께 갑상선 수술을 기존 절개 방법으로 시행한 환자들과 내시경 또는 로봇으로 시행한...",2026-09-28 10:20,https://www.medicaltimes.com/Main/News/InformView.html?ID=11363&ref=naverpc,https://www.medicaltimes.com/Main/News/InformView.html?ID=11363&ref=naverpc
고려대학교,한국강사신문,"고려대학교 세종캠퍼스 이상만 교수, 2026년 상반기 '앵커 리더' 선정…...","대학 교원과 직원, 학생을 비롯해 기관·기업 임직원, 지역앵커센터 직원 등이 대상이며, 사업 성과와... 종합적으로 고려해 이뤄졌다. 이상만 교수는 ""이번 선정은 대학이 지원한 교원창업의 성과뿐 아니라 대학...",2026-09-28 10:20,https://www.lecturernews.com/news/articleView.html?idxno=211212,https://www.lecturernews.com/news/articleView.html?idxno=211212
서울대학교,경인매일,"인천시, 김성중 제24대 행정부시장 취임...민선9기 시정 합류","김 부시장은 연세대학교 행정학과를 졸업하고 서울대학교 행정대학원에서 행정학 석사, 영국 엑서터대학교에서 공공행정학 석사 학위를 받았다. 행정안전부 기획재정담당관과 조직기획과장, 경제조직과장, 조직진단과장...",2026-09-28 10:20,https://www.kmaeil.com/news/articleView.html?idxno=652849,https://www.kmaeil.com/news/articleView.html?idxno=652849
연세대학교,경인매일,"인천시, 김성중 제24대 행정부시장 취임...민선9기 시정 합류","김 부시장은 연세대학교 행정학과를 졸업하고 서울대학교 행정대학원에서 행정학 석사, 영국 엑서터대학교에서 공공행정학 석사 학위를 받았다. 행정안전부 기획재정담당관과 조직기획과장, 경제조직과장, 조직진단과장...",2026-09-28 10:20,https://www.kmaeil.com/news/articleView.html?idxno=652849,https://www.kmaeil.com/news/articleView.html?idxno=652849
연세대학교,연합뉴스TV,[뉴스초점] 지뢰 사고 현장조사 돌입…北포로 송환 ‘진실공방’,"관련 내용들, 봉영식 연세대 객원교수와 함께 이야기 나눠보겠습니다.  지난주 경기 파주 서부전선 비무장지대에서 발생한 지뢰 폭발 사고와 관련해 우리 군과 유엔군사령부가 어제 현장 조사를 실시했는데요. 사고...",2026-09-28 10:18,http://www.yonhapnewstv.co.kr/news/MYH20260928101618ZJW,https://n.news.naver.com/mnews/article/422/0000910279?sid=100
고려대학교,보안뉴스,"""딥페이크·스팸 막을 묘수 찾는다""... KISA '디지털 시대의 법' 경연대...","대회 후원기관으로는 고려대학교 법학전문대학원, 김·장 법률사무소, 법무법인 세종, 법무법인 율촌 등 주요 로펌과 학회가 대거 참여했다. 수상 논문은 논문집으로 발간돼 관계 기관에 배포되며 수상자 명단과...",2026-09-28 10:18,https://www.boannews.com/news/articleView.html?idxno=146050,https://www.boannews.com/news/articleView.html?idxno=146050
서울대학교,글로벌이코노믹,"카페 컵 다회용 제공 재사용...성남시, '다회용기 특화지구' 시범 운영","김호 서울대학교 보건대학원 교수는 '기후변화와 건강: 도시환경과 적응'을 주제로 기후변화가 건강에... 손창우 연세대학교 보건행정학부 교수와 김성아 서울연구원 포용도시연구실 연구위원, 신지영...",2026-09-28 10:16,https://www.g-enews.com/view.php?ud=2026092809384523708fbfc802b3_1,https://www.g-enews.com/view.php?ud=2026092809384523708fbfc802b3_1
서울대학교,아시아경제,"[단독] ""법 위에 공무원 있다?"" 담당자가 '안 돼' 하면 끝…68년 묵은 '이...","이에 단체는 행정소송을 제기했고, 사건을 맡은 서울행정법원 재판부가 원고 측의 위헌법률심판제청 신청을... 이동진 서울대 법학전문대학원 교수는 ""인가주의는 행정청의 재량을 배제할 뿐 시스템적으로는 허가주의의...",2026-09-28 10:16,https://view.asiae.co.kr/article/2026092217481922440,https://n.news.naver.com/mnews/article/277/0005821426?sid=102
연세대학교,글로벌이코노믹,"카페 컵 다회용 제공 재사용...성남시, '다회용기 특화지구' 시범 운영",김호 서울대학교 보건대학원 교수는 '기후변화와 건강: 도시환경과 적응'을 주제로 기후변화가 건강에... 주제발표 후에는 변병설 인하대학교 행정학과 교수를 좌장으로 토론이 진행된다. 손창우 연세대학교...,2026-09-28 10:16,https://www.g-enews.com/view.php?ud=2026092809384523708fbfc802b3_1,https://www.g-enews.com/view.php?ud=2026092809384523708fbfc802b3_1
고려대학교,연합뉴스,"이지성 전북도 신임 행정부지사 취임…""지역 성장 기틀 다질 것""","고창 출생인 그는 전주고와 고려대를 졸업했으며 지방고시(4회)를 통해 공직에 입문한 뒤 전주시 덕진구청장, 도 문화체육관광국장, 행정안전부 조직진단과장과 정책기획관 등을 역임했다.",2026-09-28 10:15,https://www.yna.co.kr/view/AKR20260928051600055?input=1195m,https://n.news.naver.com/mnews/article/001/0016339963?sid=102
연세대학교,한국경제,"유학생 30만 시대, 대학가 건물의 가치는 어떻게 달라질까?",인근 연세대학교 국제캠퍼스 학생들까지 더해지면서 외식·쇼핑·여가수요의 주요 수용처 역할을 합니다. 서울의 전통적인 대학가에서는 학생 증가가 원룸과 골목상권 수요로 비교적 넓게 퍼질 수 있습니다. 송도에서는...,2026-09-28 10:13,https://www.hankyung.com/article/202609234280O,https://n.news.naver.com/mnews/article/015/0005336510?sid=101
연세대학교,강원일보,강원경찰청 공공안전부장에 백남익⋯경무관 전보 인사,"백남익 부장은 천안중앙고를 졸업하고 한국방송대 법학과, 연세대 행정대학원(경찰사법행정)을 졸업했다. 1992년 경찰에 입문직해 서울경찰청 인사계장, 충남경찰청 홍보담당관, 천안동남경찰서장, 서울 수서경찰서장...",2026-09-28 10:13,https://www.kwnews.co.kr/article/20260928500196,https://n.news.naver.com/mnews/article/087/0001220599?sid=102
서울대학교,잡포스트,"관악의 10월, 거리 전체가 무대 된다…별빛내린천부터 샤로수길까지 '문...","서울 관악구가 문화의 달 10월을 맞아 별빛내린천과 관악구청 광장, 샤로수길, 지역 마을 곳곳을 공연과... 서울대학교는 개교 80주년 기념 예술주간 프로그램의 하나로 이날 오후 1시 관악구청 광장에서 '브런치 클래식...",2026-09-28 10:12,https://www.job-post.co.kr/news/articleView.html?idxno=229271,https://www.job-post.co.kr/news/articleView.html?idxno=229271
연세대학교,매일경제,김성중 제24대 인천시 행정부시장 취임,"제주에서 태어난 김 부시장은 제주 오현고, 연세대 행정학과를 졸업하고 서울대 행정대학원에서 행정학 석사, 영국 엑시터대에서 공공정책학 석사 학위를 받았다. 행시 39회로 공직에 입문해 행정안전부 조직정책관...",2026-09-28 10:11,https://www.mk.co.kr/article/12162427,https://n.news.naver.com/mnews/article/009/0005740600?sid=100
연세대학교,파이낸셜뉴스,"""대학 품은 단지가 대세""...대학 인근 아파트 신고가 행진",대학교 인근에 위치한 아파트들이 교직원과 학생 등 풍부한 배후수요를 등에 업고 매매시장에서 강세를... 자이S&D는 서울 중구 중림동에 연세대·이화여대 등 주요 명문 대학가와 인접한 '충정로역자이르네'(총...,2026-09-28 10:11,https://www.fnnews.com/news/202609280952069017,https://n.news.naver.com/mnews/article/014/0005581463?sid=101
서울대학교,매일경제,김성중 제24대 인천시 행정부시장 취임,"제주에서 태어난 김 부시장은 제주 오현고, 연세대 행정학과를 졸업하고 서울대 행정대학원에서 행정학 석사, 영국 엑시터대에서 공공정책학 석사 학위를 받았다. 행시 39회로 공직에 입문해 행정안전부 조직정책관...",2026-09-28 10:11,https://www.mk.co.kr/article/12162427,https://n.news.naver.com/mnews/article/009/0005740600?sid=100
서울대학교,한국강사신문,[엄정식의 아웅다웅 우주 이야기] 우주망원경의 수명은 누가 결정할까?,"서울대학교에서 국제정치(안보) 박사를 취득하고, 공군사관학교 항공우주정책전략학과에서 교수로서 미래전, 국가안보를 가르치고 있다. 한국우주안보학회 상임이사로도 활동하며 활발한 우주 교육과 강연을 이어가고...",2026-09-28 10:10,https://www.lecturernews.com/news/articleView.html?idxno=211191,https://www.lecturernews.com/news/articleView.html?idxno=211191
고려대학교,브릿지경제,"고려대 세종캠퍼스 이상만 교수, 앵커 리더 선정","이상만 교수는 고려대 교원창업기업 ㈜씨큐립톤을 통해 대학의 연구 성과를 산업 현장에 적용하며, AI 기반... 선정 대상은 앵커사업에 참여해 뛰어난 성과를 낸 대학 교원, 직원, 학생, 관련 기관 및 기업 관계자 등이다....",2026-09-28 10:10,https://www.viva100.com/article/20260928500358,https://www.viva100.com/article/20260928500358
서울대학교,인더스트리뉴스,AI 연구인력 소속 비중 중국이 미국 앞서…KAIST 기관 순위 3위,"서울대는 20위에 이름을 올렸다. 2025년 순위에서는 베이징대와 칭화대가 각각 1위와 2위를 차지했다. KAIST에 이어 상하이교통대가 4위, 미국 매사추세츠공대(MIT)가 5위, 스탠퍼드대가 6위였고, 2022년 1위였던...",2026-09-28 10:08,https://www.industrynews.co.kr/news/articleView.html?idxno=86592,https://www.industrynews.co.kr/news/articleView.html?idxno=86592
서울대학교,조세일보,"삼일PwC ""이사의 ‘몰랐다’는 항변 면책 안돼…내부통제 작동해야""","이번 호에는 정준혁 서울대 법학전문대학원 교수가 '이사의 법적 책임, 알고 대비하기'를 주제로 기고해, 이사가 부담하는 주요 의무와 책임을 정리하고 실무적 대응 방안을 제시했다. 기고문은 이사가 직접 업무를...",2026-09-28 10:06,http://www.joseilbo.com/news/news_read.php?uid=576396&class=10&grp=,https://n.news.naver.com/mnews/article/123/0002390880?sid=101
연세대학교,디지털데일리,"연세의료원, SAP ERP 유지보수 리미니스트리트로 전환…비용 50% 절감 기...",연세대학교의료원이 SAP 전사적자원관리(ERP) 시스템 유지보수를 리미니스트리트의 제3자 지원 서비스로... 리미니스트리트는 연세의료원이 SAP ERP 유지보수 서비스 ‘리미니 서포트’를 도입했다고 28일 밝혔다....,2026-09-28 10:05,https://www.ddaily.co.kr/page/view/2026092810021367211,https://n.news.naver.com/mnews/article/138/0002242780?sid=105
서울대학교,데일리안,과학기술과 인공지능의 결합…‘제1회 AI4Sci Korea’ 개막,과학기술과 인공지능(AI) 융합 연구를 다루는 국내 첫 과학기술 AI 분야 국제학술대회가 서울에서 열린다.... 석차옥 서울대학교 교수가 조직위원회 공동위원장을 맡았다. 한국물리학회와 대한화학회 등 11개...,2026-09-28 10:03,https://www.dailian.co.kr/news/view/1694223/?sc=Naver,https://n.news.naver.com/mnews/article/119/0003136750?sid=105
서울대학교,벤처스퀘어,"서울대기술지주, 엔비디아 밖에서도 로봇 AI 돌린다…바이스트라타 투자",서울대학교기술지주가 여러 종류의 GPU에서 AI 모델과 센서 데이터를 처리하는 크로스플랫폼 소프트웨어 스타트업 바이스트라타에 투자했다. 서울대학교기술지주는...,2026-09-28 10:03,https://www.venturesquare.net/1116329/,https://www.venturesquare.net/1116329/
연세대학교,잡포스트,"베테랑스에듀, SAT 상담부터 등록까지 학부모 확인 순서 공개","2011년 설립돼 재외국민·국제학교 학생을 대상으로 SAT·AP·TOEFL과 미국 대학 입시, 재외국민 특별전형... 학생은 연세대에 입학했으며 ""합격하고 나서 추천도 했다""고 말했다. 이번 인터뷰는 학생과 학부모가 함께 응했으며...",2026-09-28 10:02,https://www.job-post.co.kr/news/articleView.html?idxno=229265,https://www.job-post.co.kr/news/articleView.html?idxno=229265
서울대학교,전자신문,“AI 기반 과학기술 연구 미래 논의”…제1회 AI4Sci 코리아 개막,닷새간 서울 용산구 서울드래곤시티에서 '제1회 AI4Sci 코리아 2026'을 개최한다고 28일 밝혔다. 과학기술 AI... 기조 강연에서는 석차옥 서울대 화학부 교수 겸 갤럭스 대표는 화학·분자과학과 AI의 융합연구를 선도...,2026-09-28 10:01,https://www.etnews.com/20260928000105,https://n.news.naver.com/mnews/article/030/0003470224?sid=105
서울대학교,지디넷코리아,19개국 600여 명 모여 '과학기술+AI' 논의,과학기술정보통신부는 27일부터 10월 1일까지 닷새간 서울 용산구 드래곤시티호텔에서 제1회 'AI4Sci Korea... (사진=ETRI) 기조강연은 석차옥 서울대 화학부 교수가 화학·분자과학과 AI의 융합 연구 사례를 공개한다. 또...,2026-09-28 10:01,https://zdnet.co.kr/view/?no=20260926153037,https://n.news.naver.com/mnews/article/092/0002438895?sid=105
서울대학교,연합뉴스,[AI픽] AI가 과학 연구에 참여한다…'AI4Sci 코리아' 첫 개최,"19개국 연구자·산업계 전문가 600여 명 서울 집결 자율형 연구 에이전트·AI 기반 과학적 발견 논의... 기조 강연에서는 학술대회 공동조직위원장인 석차옥 서울대 교수가 AI가 연구 현장에서 만드는 성과를, 토마스...",2026-09-28 10:00,https://www.yna.co.kr/view/AKR20260927054000017?input=1195m,https://n.news.naver.com/mnews/article/001/0016339899?sid=105
서울대학교,ㅍㅍㅅㅅ,충청권 10대 암 수술 자체 충족 35.3%,"또한, 서울대학교병원, 삼성서울병원, 서울아산병원, 신촌세브란스병원, 서울성모병원 등 서울 빅5... 국립대학교병원을 중심으로 지역 완결적 암 치료 기반을 갖출 수 있도록 지원하고, 10대 암 수술 자체 충족률이...",2026-09-28 10:00,https://www.ppss.kr/news/articleView.html?idxno=312639,https://www.ppss.kr/news/articleView.html?idxno=312639
연세대학교,여성경제신문,"[손흥철 더봄] 신강의 영혼 천산, 천산의 진주 천지","연세대학교(원주) 겸임교수, 한국국제대학교 교수, 안양대학교 교양대학 교수(학장), 중국 남경대학 철학계 방문학자 및 율곡학회 회장을 역임했으며 현재 중국 산동성 태산학술원 객좌교수로 활동하고 있다. 저서로...",2026-09-28 10:00,https://www.womaneconomy.co.kr/news/articleView.html?idxno=257919,https://www.womaneconomy.co.kr/news/articleView.html?idxno=257919
고려대학교,에너지경제,"[주목! 이기업] 레이메드, 암 찾아가는 ‘표적물질’에 방사선 싣는다","서울대병원·고려대 안암병원·분당서울대병원이 RayVision(Y-90) 구매를 완료했으며, 글로벌 의료기기 기업들과 공동 판매도 협의하고 있다. 정희순 기자 hsjung@ekn.kr 검증된 펩타이드·항체 활용해 방사성 항암제로 ‘Ray...",2026-09-28 10:00,https://www.ekn.kr/web/view.php?key=20260928026138702,https://www.ekn.kr/web/view.php?key=20260928026138702
고려대학교,보건뉴스,"우리아이들병원, 추석 맞아 지역사회에 꽃송이버섯 120박스 기부",고려대학교의료원 교류협력 우리아이들의료재단 우리아이들병원(이사장 정성관·병원장 백정현)은 구로구 관내 기관에 꽃송이버섯 120박스를 기부했다고 23일 밝혔다. 이번 기부는 추석을 앞두고 지역 내 도움이 필요한...,2026-09-28 09:58,http://www.bokuennews.com/news/article.html?no=284759,http://www.bokuennews.com/news/article.html?no=284759
연세대학교,이넷뉴스,"마포구 대흥동 '이대역 마포 프론티어', 2차 임차인 모집","이화여자대학교와 서강대학교를 비롯해 연세대학교, 홍익대학교 등도 인접해 있다. 현대백화점 신촌점과 대형마트, 전통시장 등 생활편의시설을 이용할 수 있으며 세브란스병원 등 의료시설도 주변에 자리한다. 신촌...",2026-09-28 09:58,https://www.enetnews.co.kr/news/articleView.html?idxno=54773,https://www.enetnews.co.kr/news/articleView.html?idxno=54773
서울대학교,뉴스프리존,변화하는 양산시∙∙∙산학연 혁신부터 쾌적한 산책로,"부산대 양산캠퍼스, 동남권 산업∙AI 혁신 거점 육성= 양산시가 부산대학교의 '서울대 10개 만들기(S-TEN) 프로젝트' 선정에 발맞춰, 부산대 양산캠퍼스 유휴 부지를 동남권 산업∙연구∙AI 혁신을 선도하는 거점으로...",2026-09-28 09:56,https://www.newsfreezone.co.kr/news/articleView.html?idxno=711163,https://www.newsfreezone.co.kr/news/articleView.html?idxno=711163
서울대학교,패션비즈,[인터뷰] 토머신 허머스톤 나이키 디렉터 “‘문슈’로 헤리티지와 혁신...,"서울대학교 제1파워플랜트에서 진행한 전시는 문슈의 탄생 과정에서 출발해, 완성품 이면의 프로토타입과... 노팅엄 트렌트 대학교에서 패션 마케팅, 바잉 및 디자인을 공부했으며 다양한 글로벌 풋웨어 및 제품 경험을...",2026-09-28 09:56,https://www.fashionbiz.co.kr/article/229799,https://www.fashionbiz.co.kr/article/229799
서울대학교,대학저널,"호남대 교양아카데미, 최재천 교수 초청 AI 시대 ‘공존’ 특강","호남대학교가 AI 시대 필요한 인문학적 성찰과 삶의 지혜를 지역사회와 나누기 위해 신설한... 두 번째 강연은 오는 10월 13일 서울대 김헌 교수를 초청해 ‘인공지능이 채울 수 없는 결핍, 고전의 지혜’를 주제로...",2026-09-28 09:54,https://dhnews.co.kr/news/view/1065572610648569,https://dhnews.co.kr/news/view/1065572610648569
고려대학교,스포츠서울,"온앤오프, 日 팬미팅 ‘어텀 피크닉’ 성료","한편, 일본 팬미팅을 성공적으로 마친 온앤오프는 오는 10월 17일 서울 성북구 고려대학교 화정체육관에서 개최되는 ‘하트비트 바이 두두두 2026(HEARTBEAT BY DUDUDO 2026)’ 무대에 올라 국내 팬들과의 만남을...",2026-09-28 09:53,https://www.sportsseoul.com/news/read/1637882?ref=naver,https://m.entertain.naver.com/article/468/0001269063
고려대학교,CBC뉴스,[정부家] 이재명 대통령 ㉝ㅣ 美·멕시코 순방 마치고 귀국…외교 성과...,"강유정 청와대 수석대변인은 ""소수자 및 사회적 약자의 인권 보호 등 대법원 본연의 역할을 고려해도 대법원... 차진아 고려대 로스쿨 교수는 대통령이 임명권을 갖고 있지만 합당한 이유를 제시해야 하며, 남은 후보...",2026-09-28 09:50,https://www.cbci.co.kr/news/articleView.html?idxno=610306,https://www.cbci.co.kr/news/articleView.html?idxno=610306
연세대학교,주간한국,"연세대, 26회 언더우드 선교상 시상식…김완일·김용대 선교사 수상자 ...",사진=연세대  연세대 언더우드기념사업회는 내달 12일 루스채플 예배실에서 '제26회 언더우드 선교상' 시상식을 개최한다고 28일 밝혔다. 이 상은 연세대 창립자 호레이스 그랜트 언더우드(1859~1916)·릴리어스 호튼...,2026-09-28 09:50,https://weekly.hankooki.com/news/articleView.html?idxno=7186084,https://weekly.hankooki.com/news/articleView.html?idxno=7186084
연세대학교,MBN,초등학교 코앞에 '홀덤펍' 버젓이…'19금' 표시도 미부착,대부분이 지하철 2호선 신촌역에서 연세대삼거리로 이어지는 도로 인근과 홍대입구역 근처에 몰려 있었습니다. 성동구가 3곳으로 세 번째로 많았고 동대문·은평·노원·관악구에 각 1곳 있는 것으로 집계됐습니다....,2026-09-28 09:49,http://mbn.mk.co.kr/pages/news/newsView.php?category=mbn00009&news_seq_no=5221723,https://n.news.naver.com/mnews/article/057/0001970979?sid=102
서울대학교,서울신문,"메디아크, 베트남 K-BRAND 엑스포서 MOF 기반 두피관리 브랜드 ‘더마모...","김세나 대표는 석사과정부터 약 19년간 MOF를 연구한 연구자로, 서울대학교에서 박사학위를 받은 뒤... 한편, 메디아크는 서원대학교가 운영하는 ‘2026년 창업도약패키지(일반형)’에 선정되었다. 창업도약패키지...",2026-09-28 09:48,https://www.seoul.co.kr/news/economy/2026/09/28/20260928500028?wlog_tag3=naver,https://n.news.naver.com/mnews/article/081/0003683879?sid=101
서울대학교,뉴스클레임,[포스코 인사 전망]② 사장 아래 임원들 9개월… 승진 뒤 맡긴 일은 어디...,"1970년생인 엄 원장은 서울대 박사 출신으로 연구기획그룹장과 포스코홀딩스 미래기술전략, 그룹기술전략... 2025년 4월 경기 광명 신안산선 제5-2공구 붕괴사고로 작업자 1명이 숨졌고 같은 해 12월 서울 여의도 제4...",2026-09-28 09:48,https://www.newsclaim.co.kr/news/articleView.html?idxno=3076584,https://www.newsclaim.co.kr/news/articleView.html?idxno=3076584
고려대학교,파이낸셜뉴스,"수능 D-50 ""반복적으로 틀리는 내용과 문제 유형 집중 공부가 효과적""","지원 대학의 수준이 달라질 수 있다""고 덧붙였다. 메가스터디교육 자료에 따르면 고려대 교과전형(학교추천)... 남 소장은 ""반영 비율이 높은 과목의 성적 향상 가능성을 고려해 학습 시간을 배분하고, 해당 과목을...",2026-09-28 09:46,https://www.fnnews.com/news/202609280945169132,https://n.news.naver.com/mnews/article/014/0005581433?sid=102
연세대학교,스포츠서울,"“4년 전 과오 반성” 돈스파이크, 출소 후 요식업 복귀… ‘마약 기부...","연세대 작곡과 출신인 돈스파이크는 1996년 밴드 포지션(Position)의 객원 키보디스트로 가요계에 입문했다. 이후 김범수의 ‘보고 싶다’, 브라운 아이즈의 ‘가지마 가지마’, 엑소의 ‘12월의 기적’ 등을 편곡하며...",2026-09-28 09:43,https://www.sportsseoul.com/news/read/1637876?ref=naver,https://m.entertain.naver.com/article/468/0001269058
서울대학교,파이낸셜뉴스,30개 도시 3만㎞ 답사…현직 영사가 다시 쓴 중국 동북,"이근 중앙대 석좌교수 겸 서울대 명예교수, 이규형 전 주중·주러시아 대사, 홍기원 국회 한중의원연맹 사무총장, 박주봉 인천상공회의소 회장 등도 추천사를 실었다. 한국콘텐츠진흥원 한승훈 상임감사는 동북 3성에서...",2026-09-28 09:41,https://www.fnnews.com/news/202609280935083388,https://n.news.naver.com/mnews/article/014/0005581424?sid=103
연세대학교,이뉴스투데이,"성남시, 건강도시 심포지엄 개최···기후위기 대응",첫 번째 발제는 김호 서울대학교 보건대학원 교수가 맡아 '기후변화와 건강: 도시환경과 적응'을 주제로... 주제 발표 이후에는 변병설 인하대학교 행정학과 교수가 좌장을 맡아 종합토론을 진행한다. 손창우 연세대학교...,2026-09-28 09:40,http://www.enewstoday.co.kr/news/articleView.html?idxno=2474462,http://www.enewstoday.co.kr/news/articleView.html?idxno=2474462
서울대학교,이뉴스투데이,"성남시, 건강도시 심포지엄 개최···기후위기 대응","첫 번째 발제는 김호 서울대학교 보건대학원 교수가 맡아 '기후변화와 건강: 도시환경과 적응'을 주제로... 손창우 연세대학교 보건행정학부 교수, 김성아 서울연구원 포용도시연구실 연구위원, 신지영...",2026-09-28 09:40,http://www.enewstoday.co.kr/news/articleView.html?idxno=2474462,http://www.enewstoday.co.kr/news/articleView.html?idxno=2474462
서울대학교,신소재경제신문,"에너지연, 정학근 제20대 원장 취임","정학근 원장은 전남대학교에서 전기공학 학사, GIST에서 메카트로닉스공학 석사, 서울대학교에서 기계항공공학 박사 학위를 취득했다. 1998년 한국에너지기술연구원에 입사한 이후 에너지효율연구본부장을 역임했으며...",2026-09-28 09:40,http://amenews.kr/news/view.php?idx=68123,http://amenews.kr/news/view.php?idx=68123
연세대학교,스마트비즈엔,[김형일의 입시컨설팅] (247) 현 고2 2028학년도 입시전략,"서울대와 연세대 등 주요 대학도 이미 2028학년도 입시를 앞두고 전공 연계 과목 선택 안내 또는 가이드라인을 별도로 공개하고 있다. 서울대는 2025년부터 2028학년도 전공 연계 과목 선택 안내를 제시했고, 연세대 역시...",2026-09-28 09:38,https://www.smartbizn.com/news/articleView.html?idxno=154894,https://www.smartbizn.com/news/articleView.html?idxno=154894
서울대학교,스마트비즈엔,[김형일의 입시컨설팅] (247) 현 고2 2028학년도 입시전략,"서울대와 연세대 등 주요 대학도 이미 2028학년도 입시를 앞두고 전공 연계 과목 선택 안내 또는 가이드라인을 별도로 공개하고 있다. 서울대는 2025년부터 2028학년도 전공 연계 과목 선택 안내를 제시했고, 연세대 역시...",2026-09-28 09:38,https://www.smartbizn.com/news/articleView.html?idxno=154894,https://www.smartbizn.com/news/articleView.html?idxno=154894
서울대학교,베리타스알파,[포토] 국립공주사대부고 제15회 충남 학생 창의수학 탐구대회 수상,"8명의 서울대 합격자를 배출했다. 최상위권 격전지인 의대에만 13명이 합격했다. 이밖에 약대 7명, 치대 1명, 수의대 1명 등 의약계열 합격 실적은 22명에 달한다. 2026대입자원인 고3 재적인원 154명 기준으로 서울대...",2026-09-28 09:38,https://www.veritas-a.com/news/articleView.html?idxno=629536,https://www.veritas-a.com/news/articleView.html?idxno=629536
서울대학교,KOREAJOONGANGDAILY,Broken windows in Yeouido (KOR),여의도의 깨진 유리창 김은미 서울대 언론정보학과 교수 사회과학에서 깨진 유리창 이론이라는 이름으로 널리 알려진 개념이 있다. 동네에 깨진 유리창 하나를 그대로...,2026-09-28 09:37,https://www.koreajoongangdaily.com/bilingual-news/broken-windows-in-yeouido-kor/12893482,https://n.news.naver.com/mnews/article/640/0000094737?sid=110
서울대학교,연합뉴스,"최교진, 전남대 찾아 '서울대 10개 만들기' 사업 점검",반도체·에너지 인재양성·산학연 협력 방안 논의 최교진 교육부 장관이 28일 오후 전남대학교를 찾아 학교 및 산업계 관계자들과 간담회를 연다고 교육부가 밝혔다. 이번 방문은 전남대의 '서울대 10개 만들기' 패키지...,2026-09-28 09:37,https://www.yna.co.kr/view/AKR20260928036500530?input=1195m,https://n.news.naver.com/mnews/article/001/0016339768?sid=102
서울대학교,BBS NEWS,"임미애 ""조희대, 국민 볼모로 대통령 향해 몽니 부리는 것 아닌가""","그렇지만 서울대 10개 만들기 프로젝트에서도 빠지셨다고요. 그래서 지금 TK에서 최근에 지지율도 별로 그렇게... 라는 요구를 하고 있는 거고, 저희가 대표적으로 영양군의 경우는 서울의 강남하고 비교했을 때 제때...",2026-09-28 09:36,https://news.bbsi.co.kr/news/articleView.html?idxno=4108787,https://news.bbsi.co.kr/news/articleView.html?idxno=4108787
서울대학교,데일리한국,"마포구, 김난도 교수 초청 마음건강 강연 개최",사진=마포구 제공 서울 마포구가 김난도 서울대학교 소비자학과 명예교수를 초청해 마음건강을 주제로 한 강연을 열고 참가자를 선착순 모집한다고 28일 밝혔다. 이번 강연은 '세계 정신건강의 날'을 기념해 정신건강에...,2026-09-28 09:34,https://daily.hankooki.com/news/articleView.html?idxno=1409819,https://daily.hankooki.com/news/articleView.html?idxno=1409819
서울대학교,충남일보,"[충남일보-대전교육청 다문화 공동캠페인⑥] 대전교육청, 이주배경·북...","서울스카이, 아쿠아리움 등을 방문해 역사·문화·관광 콘텐츠를 체험하고 대학로 소극장에서는 연극 관람과 배우와의 커튼콜 토크쇼를 통해 공연예술 분야의 직업 세계를 접했다. 캠프에 참가한 한 학생은 ""서울대 멘토...",2026-09-28 09:34,http://www.chungnamilbo.co.kr/news/articleView.html?idxno=911780,http://www.chungnamilbo.co.kr/news/articleView.html?idxno=911780
서울대학교,아시아경제,"""이사들 '몰랐다' 항변 면책 안돼…내부 통제 필요""",정준혁 서울대 법학전문대학원 교수는 이번 호 기고문을 통해 이사가 부담하는 주요 의무와 책임을 정리하고 실무적 대응 방안을 제시했다. 정 교수는 이사가 직접 업무를 수행하거나 이사회 안건을 검토·결정할 때...,2026-09-28 09:34,https://view.asiae.co.kr/article/2026092809344822305,https://n.news.naver.com/mnews/article/277/0005821388?sid=101
서울대학교,파이낸스투데이,스타벅스 '마이 스타 커피' 캠페인 시작,캠페인 첫날인 28일에는 이동형 트레일러 '스:벅차'가 서울 노원구 시립중계노인전문요양원을 찾아... 지난 8월에는 서울대치과병원점 수익금 일부로 조성한 1억원을 취약계층 장애인 치과 치료비로 전달했다. 해당...,2026-09-28 09:34,http://www.finomy.com/news/articleView.html?idxno=262350,http://www.finomy.com/news/articleView.html?idxno=262350
서울대학교,NC,[전통N] 줄풍류 합주 대신 두 악기…이결이 고른 '가즌회상'의 여백,"국립국악고등학교와 서울대학교 음악대학 국악과를 졸업했고 서울대학교 음악대학 대학원을 마친 뒤 박사과정을 수료했다. 국가무형유산 종묘제례악과 대금정악, 서울특별시무형유산 삼현육각 이수자다. 정악과...",2026-09-28 09:34,https://www.nc.press/news/articleView.html?idxno=627286,https://www.nc.press/news/articleView.html?idxno=627286
서울대학교,TBC대구방송,"사라진 기후위기 보고서...기후부 ""지자체 책임""","[홍종호 / 서울대 환경대학원 교수 ""심지어 대학에서도 학생들 시험 성적 채점한 결과를 5년씩 보관하게 되어 있는데 보고서를 폐기합니까. 기후부 역시도 저는 무책임하고 무능한 것으로 이거 국민 세금으로 다 하는 그런...",2026-09-28 09:32,https://www.tbc.co.kr/news/view?pno=20260915142101AE05615&id=211484,https://www.tbc.co.kr/news/view?pno=20260915142101AE05615&id=211484
고려대학교,인터뷰365,"NAWA 기업, 부산 벡스코 '기후산업국제박람회(WCE)'서 신제품 공개",신제품인 일회용컵 스마트 쓰레기통 세로형 제품 '버티컵'은 오는 9월 30일~10월 2일 킨텍스에서 개최되는 '2026 산학연협력 EXPO 고려대학교 부스'에서 추가적인 고객 피드백을 받을 예정이다.,2026-09-28 09:30,http://www.interview365.com/news/articleView.html?idxno=112158,http://www.interview365.com/news/articleView.html?idxno=112158
고려대학교,불교신문,[부고]이민성 한국학중앙연구원 박사 별세…향년 44세,이민성 박사는 동국대 대학원에서 불교학 석사학위를 취득한 뒤 독일 보훔루르대학교(Ruhr-Universität Bochum)... 빈소는 서울 성북구 고려대로 73 고려대 안암병원 장례식장 101호에 마련됐다. 발인은 9월 29일 오전...,2026-09-28 09:30,http://www.ibulgyo.com/news/articleView.html?idxno=442638,http://www.ibulgyo.com/news/articleView.html?idxno=442638
서울대학교,연합뉴스,관악구 곳곳서 가을 문화행사…별빛내린천서 '떠있는 거리' 공연,"10월 2일 서울대 '브런치 클래식' 공연…3일엔 '샤로수길 클럽데이' 서울 관악구(구청장 박준희)는 문화의 달 10월을 맞아 별빛내린천, 구청 광장, 샤로수길 등 곳곳에서 다양한 문화행사를 마련한다고 28일 밝혔다. 먼저...",2026-09-28 09:29,https://www.yna.co.kr/view/AKR20260928035600004?input=1195m,https://n.news.naver.com/mnews/article/001/0016339741?sid=102
서울대학교,핸드메이커,박영사 『국가 영토론』 출간,"대구대학교 일본어일본학과 교수, 최효원 한국형사법무정책연구원 부연구위원, 윤대현 FM그룹 회장 겸 한국헌법학연구소 고문, 조기환 에머티바이오 대표이사, 김준호 전 서울대학교 국가재정연구센터 연구원 등 10명이...",2026-09-28 09:26,https://www.handmk.com/news/articleView.html?idxno=43131,https://www.handmk.com/news/articleView.html?idxno=43131
고려대학교,핸드메이커,박영사 『국가 영토론』 출간,"강원대학교 법학전문대학원 교수, 최장근 대구대학교 일본어일본학과 교수, 최효원 한국형사법무정책연구원... 정동은 고려대학교 국제법연구센터 고문은 ""본서가 앞으로 국가 영토론에 대한 학술적 논의뿐 아니라...",2026-09-28 09:26,https://www.handmk.com/news/articleView.html?idxno=43131,https://www.handmk.com/news/articleView.html?idxno=43131
서울대학교,아시아타임즈,[28일 성남시] 마이스산업 성과지표 마련 등,"김호 서울대학교 보건대학원 교수는 ‘기후변화와 건강: 도시환경과 적응’을 주제로 기후변화가 건강에... 손창우 연세대학교 보건행정학부 교수, 김성아 서울연구원 포용도시연구실 연구위원, 신지영...",2026-09-28 09:26,https://www.asiatime.co.kr/article/20260928500057,https://www.asiatime.co.kr/article/20260928500057
연세대학교,아시아타임즈,[28일 성남시] 마이스산업 성과지표 마련 등,김호 서울대학교 보건대학원 교수는 ‘기후변화와 건강: 도시환경과 적응’을 주제로 기후변화가 건강에... 주제발표 이후에는 변병설 인하대학교 행정학과 교수가 좌장을 맡아 지정토론을 진행한다. 손창우 연세대학교...,2026-09-28 09:26,https://www.asiatime.co.kr/article/20260928500057,https://www.asiatime.co.kr/article/20260928500057
서울대학교,TV리포트,"'음주 논란→6년 만 복귀' 男가수, 생방 중 '방귀 소동' 터졌다…본인도...",서울대학교 치과대학을 중퇴하고 중앙대학교 연극학과에 편입한 이력도 화제가 됐다. 이후에는 드라마 ‘궁’과 ‘로맨스가 필요해’ 등에 이름을 올리며 배우로 활동 범위를 넓혔다. 사생활 문제로 구설에 오른 적도...,2026-09-28 09:25,https://www.tvreport.co.kr/entertainment/article/1078735/,https://m.entertain.naver.com/article/213/0001402651
고려대학교,문화일보,“대구 경제 63%가 전통 제조업 의존… AI 접목한 대개조 매진할 것”[민...,“단순히 정치적 고려에 의해서 행해진 프로젝트라고 생각한다. 그렇지만 여러 여건을 만들면 기회는 온다.... 계성고 △고려대 경영학과 △제25회 행정고시 합격 △미국 오리건대 대학원 경제학 석사 △제20·21·22대...,2026-09-28 09:25,https://www.munhwa.com/article/11619752?ref=naver,https://n.news.naver.com/mnews/article/021/0002821473?sid=102
서울대학교,파이낸셜뉴스,"서울대기술지주, 'GPU 종속 낮출' AI SW에 베팅 [fn마켓워치]","서울대학교기술지주가 인공지능(AI) 반도체 종류에 관계없이 구동할 수 있는 크로스플랫폼 소프트웨어(SW)... 28일 차인환 서울대기술지주 대표는 ""글로벌 AI 시장에서 특정 반도체 칩 독점에 따른 비용 부담을 줄이고자...",2026-09-28 09:22,https://www.fnnews.com/news/202609280816024297,https://n.news.naver.com/mnews/article/014/0005581398?sid=101
연세대학교,TV리포트,"'국민 배우' 최수종, 모친상 비보 속…이병헌·김혜수·변요한 등 연예...","유족은 연세대학교 신촌세브란스 장례식장에 빈소를 마련했으며 26일 오후부터 조객들을 맞이했다. 영정 앞에는 이병헌, 김혜수, 변요한 등 동료 배우들이 보낸 근조화환이 놓였고, 주상욱-차예련 부부, 박하선-류수영...",2026-09-28 09:21,https://www.tvreport.co.kr/entertainment/article/1078731/,https://m.entertain.naver.com/article/213/0001402649
연세대학교,인천in,인천시 행정부시장에 김성중 경기도 행정1부지사,"그는 제주 오현고와 연세대 행정학과를 나와 행정고시 39회로 공직을 시작해 행정자치부 장관 비서실장... 김 부시장은 서울대 행정대학원에서 행정학 석사, 영국 엑시터 대학에서 공공행정학 석사 학위를 받은 학구파다....",2026-09-28 09:20,http://www.incheonin.com/news/articleView.html?idxno=121068,http://www.incheonin.com/news/articleView.html?idxno=121068
서울대학교,인천in,인천시 행정부시장에 김성중 경기도 행정1부지사,"김 부시장은 서울대 행정대학원에서 행정학 석사, 영국 엑시터 대학에서 공공행정학 석사 학위를 받은 학구파다. 김성중 행정부시장은 3개월가량 행정부시장이 공백이었던 점을 고려해 이날 박찬대 시장으로부터...",2026-09-28 09:20,http://www.incheonin.com/news/articleView.html?idxno=121068,http://www.incheonin.com/news/articleView.html?idxno=121068
연세대학교,국제뉴스,"인천시, 中文'인천지창' 2026년 가을호 발간","화교 가족의 인천 정착기, 소래습지생태공원과 하늘정원 코스모스, 영흥도 포도, 연세대 국제캠퍼스 학생의 중국 이야기 등도 포함됐다. 독자 참여형 퀴즈 이벤트가 마련됐으며, 추첨을 통해 3명에게 상품이 증정된다....",2026-09-28 09:20,https://www.gukjenews.com/news/articleView.html?idxno=3706748,https://www.gukjenews.com/news/articleView.html?idxno=3706748
서울대학교,TV리포트,"""억지 음모론→고인 모독""…홍혜걸, '암살자(들)' 역사 왜곡 논란에 직...","홍혜걸은 서울대 의과대학 선후배로 만난 의사 겸 방송인 여에스더와 1994년 결혼해 슬하에 두 아들을 두고 있다. / 사진= 영화 '암살자(들)', SBS '동상이몽2-너는 내 운명', KBS 2TV '옥탑방의 문제아들'",2026-09-28 09:18,https://www.tvreport.co.kr/entertainment/article/1078726/,https://m.entertain.naver.com/article/213/0001402647
연세대학교,뉴시스,"[성남소식]시, 노인복지시설 16곳 위험요인 사전 확인 등","김호 서울대학교 보건대학원 교수가 '기후변화와 건강: 도시환경과 적응'을 주제로 기후변화가 건강에... 인하대학교 행정학과 교수가 좌장을 맡아 손창우 연세대학교 보건행정학부 교수, 김성아 서울연구원...",2026-09-28 09:18,https://www.newsis.com/view/NISX20260928_0003804561,https://n.news.naver.com/mnews/article/003/0014216650?sid=102
서울대학교,뉴시스,"[성남소식]시, 노인복지시설 16곳 위험요인 사전 확인 등","김호 서울대학교 보건대학원 교수가 '기후변화와 건강: 도시환경과 적응'을 주제로 기후변화가 건강에... 연세대학교 보건행정학부 교수, 김성아 서울연구원 포용도시연구실 연구위원, 신지영 한국보건사회연구원...",2026-09-28 09:18,https://www.newsis.com/view/NISX20260928_0003804561,https://n.news.naver.com/mnews/article/003/0014216650?sid=102
서울대학교,한국대학신문,"멀어진 통일의 꿈, 익숙해진 분단 현실","인식(서울시립대 국제관계학과 황지환 교수)을 주제로 심화 분석 내용을 발표하고, 이선우 서울대 정치외교학부 교수와 김필국 MBC 논설위원의 토론이 있을 예정이다. 3부에서는 △박명규(서울대 통일평화연구원...",2026-09-28 09:18,https://news.unn.net/news/articleView.html?idxno=597919,https://news.unn.net/news/articleView.html?idxno=597919
고려대학교,bnt뉴스,"‘日 정식 데뷔’ 이즈나, 브랜드평판 62계단 상승","이즈나는 가천대학교, 한서대학교, 여주대학교에 이어 경희대학교 국제캠퍼스, 고려대학교, 동덕여자대학교, 전주대학교, 명지전문대학 등 다양한 캠퍼스 무대에 오를 예정이다. 한편 이즈나는 오는 10월 9일...",2026-09-28 09:16,https://www.bntnews.co.kr/article/view/bnt202609280115,https://www.bntnews.co.kr/article/view/bnt202609280115
고려대학교,바이오타임즈,"엔도로보틱스, 미래에셋증권 IPO 대표주관사 우선협상대상자 선정…2028...","엔도로보틱스는 김병곤 대표와 고려대학교 홍대희 교수 연구팀이 2012년부터 과학기술정보통신부와... 김병곤 엔도로보틱스 대표는 ""기술개발과 상용화 과정에서 시장의 요구를 고려해 온 결과 더 큰 성과로 이어질 수...",2026-09-28 09:16,https://www.biotimes.co.kr/news/articleView.html?idxno=34716,https://www.biotimes.co.kr/news/articleView.html?idxno=34716
고려대학교,일간스포츠,"온앤오프, 도쿄서 ‘어텀 피크닉’…日 퓨즈와 이틀간 만났다",앞으로도 좋은 음악과 무대로 보답하겠다”고 전했다. 온앤오프는 오는 10월 17일 서울 성북구 고려대학교 화정체육관에서 열리는 ‘하트비트 바이 두두두 2026’ 무대에 올라 국내 팬들과 만난다. 유화연 기자,2026-09-28 09:15,https://isplus.com/article/view/isp202609280050,https://m.entertain.naver.com/article/241/0003532585
서울대학교,메디칼업저버,"[동정] 박성배 교수팀, 척추 기초연구 부분 우리 학술상 수상",서울대학교병원운영 서울특별시보라매병원 박성배 교수(신경외과) 연구팀이 지난 17일부터 19일까지 드래곤시티에서 열린 제40차 대한척추신경외과학회 정기학술대회에서 기초연구 부문 우리 학술상을...,2026-09-28 09:14,https://www.monews.co.kr/news/articleView.html?idxno=414163,https://www.monews.co.kr/news/articleView.html?idxno=414163
고려대학교,톱스타뉴스,"izna, ""브랜드평판 62계단 상승""…첫 콘서트 투어까지 글로벌 행보","izna는 가천대학교, 한서대학교, 여주대학교 무대에 선 데 이어 경희대학교 국제캠퍼스, 고려대학교, 동덕여자대학교, 전주대학교, 명지전문대학 등 여러 캠퍼스 공연을 통해 학생 관객과도 만나고 있다. 이와 같은...",2026-09-28 09:14,https://www.topstarnews.net/news/articleView.html?idxno=16221796,https://www.topstarnews.net/news/articleView.html?idxno=16221796
서울대학교,UPKOREANEWS,"추석 연휴 끝, 월요일 일상 복귀…'명절 후유증' 어떻게 극복할까","분당서울대학교병원 건강상식 코너에서는 명절증후군을 명절 기간 스트레스와 생활 변화 등에 따라 나타나는... 서울아산병원 건강TV는 수면이 부족하거나 질이 떨어지면 낮 동안 졸림과 집중력·기억력 저하, 감정 변화...",2026-09-28 09:12,https://www.upkoreanews.kr/news/articleView.html?idxno=100410,https://www.upkoreanews.kr/news/articleView.html?idxno=100410
연세대학교,JTBC,"20GB 요금제 비교해보니…""서울 통신비 세계 최고 수준""",[김정식/연세대 경제학부 교수 : 공급적인 측면에도 독과점 문제가 있고 수요도 굉장히 강하기 때문에 수요가 많기 때문에 가격을 높여도 그 쓰지 않을 수가 없다…] 통신사들의 담합 구조를 다시 들여다봐야 한다는...,2026-09-28 09:12,https://news.jtbc.co.kr/article/NB12320195?influxDiv=NAVER,https://n.news.naver.com/mnews/article/437/0000512954?sid=101
서울대학교,이뉴스투데이,"광주시문화재단, 브람스 대표 명곡으로 채우는 가을 클래식 무대 선보여",음악대학교에서 지휘를 전공했다. 바이올린 협연자로는 모스크바 차이콥스키 국립음악원 박사학위를 취득하고 모스크바 'Classical Heritage' 국제콩쿠르 등에서 1위를 차지한 김혜령이 나선다. 비올라 협연에는 서울대학교...,2026-09-28 09:10,http://www.enewstoday.co.kr/news/articleView.html?idxno=2474532,http://www.enewstoday.co.kr/news/articleView.html?idxno=2474532
고려대학교,CBC뉴스,"[정국 파장] 출구 없는 '네 탓' 공방…사법부 독립 원칙인가, 정무적 무...","차진아 고려대 로스쿨 교수는 대통령이 임명권을 갖지만 합당한 사유를 제시해야 하며, 남은 후보 중 제청을 요구하는 것은 제청권 침해로 볼 수 있다고 설명했다. 관행적으로 사법부와 행정부가 협의로 인선을...",2026-09-28 09:10,https://www.cbci.co.kr/news/articleView.html?idxno=610171,https://www.cbci.co.kr/news/articleView.html?idxno=610171
연세대학교,퍼블릭뉴스,[부고] 은형석씨(참씨큐리티 대표) 모친상,"△ 유명자씨(광림교회 권사) 별세, 은형주·형민·형석씨(참씨큐리티 대표) 모친상 = 27일, 연세대 신촌세브란스병원 장례식장 9호실, 발인 29일 오전 6시 20분, 장지 하늘문추모공원, (02)2227-7500 노혁진 객원기자",2026-09-28 09:06,https://www.public25.com/news/articleView.html?idxno=55414,https://www.public25.com/news/articleView.html?idxno=55414
연세대학교,에이빙뉴스,"트라운드, KIMES BUSAN 2026서 비착용 청각보조 의자 'SoundXR Chair' 선보...","공인시험인증센터 평가에서 청각과 촉각의 실시간 연동을 통해 미디어 몰입도가 16.78% 향상된 것으로 확인됐으며, 연세대학교 원주세브란스기독병원 사용적합성 형성평가에서 전 과업 작업 성공률 100%, 만족도 92....",2026-09-28 09:04,https://kr.aving.net/news/articleView.html?idxno=1814774,https://kr.aving.net/news/articleView.html?idxno=1814774
서울대학교,뉴스1,"최교진, 전남대 찾아 '서울대 10개' 점검…서남권 인재 양성 논의",최교진 교육부 장관이 '서울대 10개 만들기' 우선 지원 대학 중 1곳인 전남대학교의 사업 추진 계획을 점검하고 서남권 인재 양성 방안을 논의한다. 최 장관은 28일 패키지 지원대학으로 선정된 전남대를 방문해 대학...,2026-09-28 09:03,https://www.news1.kr/society/education/6302749,https://n.news.naver.com/mnews/article/421/0009194315?sid=102
고려대학교,영남일보,[특성화고 특집]대구소프트웨어마이스터고…실리콘밸리 IT기업 취업자 ...,취업 후 고려대·성균관대·경북대 등 소프트웨어 관련 학과에 재직자 특별전형으로 진학하는 길도 열려 있다. 김유경 대구SW마이스터고 교장 학교는 교육부 직업계고 재구조화 지원 사업에 선정돼 2028학년도...,2026-09-28 09:02,https://www.yeongnam.com/web/view.php?key=20260927023510330,https://www.yeongnam.com/web/view.php?key=20260927023510330
서울대학교,중앙일보,"“통일 필요” 39%, “현재가 좋다” 31.5%…서울대, 통일의식 조사","서울대학교 통일평화연구원은 9월 29일 서울대 국제대학원에서 ‘통일의식조사 20년: 멀어진 통일의 꿈, 익숙해진 분단 현실’을 주제로 ‘2026 통일의식조사’ 결과를 발표한다. 연구원은 2007년부터 통일과 북한...",2026-09-28 09:00,https://www.joongang.co.kr/article/25465149,https://n.news.naver.com/mnews/article/025/0003554120?sid=102
연세대학교,바스켓코리아,[나고야 AG] “교수님 저희 금메달 따왔습니다!” 복귀하자마자 적으로...,"5x5 대표팀 형들이 각자의 소속팀으로 복귀했듯, 사상 첫 금메달을 일궈낸 이주영, 김승우(연세대), 이동근(고려대), 구민교(성균관대) 등 ‘대학생 4인방’ 역시 각자의 소속 대학으로 돌아간다. 올해 초 소집을 시작으로...",2026-09-28 09:00,https://basketkorea.com/news/newsview.php?ncode=1065540843965895,https://m.sports.naver.com/basketball/article/351/0000088404
연세대학교,비즈니스포스트,[김민정 기자의 '코스뽀'] '적외선영상센서' 아이쓰리시스템 주가 반등...,1960년 태어나 연세대학교 전자공학과를 졸업한 뒤 한국과학기술원(KAIST)에서 전자공학 석사와 박사학위를 받았다. 1996년 현대전자(현 SK하이닉스)에서 선임연구원으로 일하다 1998년 회사를 나와 한꿈엔지니어링을...,2026-09-28 09:00,https://www.businesspost.co.kr/BP?command=article_view&num=447980,https://www.businesspost.co.kr/BP?command=article_view&num=447980
고려대학교,바스켓코리아,[나고야 AG] “교수님 저희 금메달 따왔습니다!” 복귀하자마자 적으로...,"5x5 대표팀 형들이 각자의 소속팀으로 복귀했듯, 사상 첫 금메달을 일궈낸 이주영, 김승우(연세대), 이동근(고려대), 구민교(성균관대) 등 ‘대학생 4인방’ 역시 각자의 소속 대학으로 돌아간다. 올해 초 소집을 시작으로...",2026-09-28 09:00,https://basketkorea.com/news/newsview.php?ncode=1065540843965895,https://m.sports.naver.com/basketball/article/351/0000088404
서울대학교,국제뉴스,"관악구, 10월 31일 '플레이스트리트' 개최","서울대학교 미술교육과 동아리와 함께하는 탁본·레진 딥아트 체험, 스포츠 리듬 트레이닝, 중앙대학교 국궁... 이외에도 서울 지역 대학 동아리와 학부모 공동체가 화장품·향수 만들기, 꽃 장식, 양말목 공예 등 다양한...",2026-09-28 08:56,https://www.gukjenews.com/news/articleView.html?idxno=3706590,https://www.gukjenews.com/news/articleView.html?idxno=3706590
서울대학교,약업신문,"DIA Korea, ‘RMP Forum’ 10월23일 개최…글로벌 규제·RWD 활용 전략 논...","이화여자대학교, 카카오헬스케어, 모더나코리아, 셀타스퀘어 전문가들이 발표한다.이어지는... 프로그램 위원장을 맡은 신주영 서울대학교 약학대학 교수는 “RMP는 실제 진료현장에서 축적되는...",2026-09-28 08:56,https://www.yakup.com/news/index.html?mode=view&cat=12&nid=332986,https://www.yakup.com/news/index.html?mode=view&cat=12&nid=332986
서울대학교,한국강사신문,"[강원국의 인생독서] ""좋은 책의 기준은 바로 오래 살아남은 책이다.""","칼럼니스트 프로필 강원국 칼럼니스트는 서울대학교 외교학과를 졸업했고, 2000년부터 2008년까지 대통령비서실 공보수석실 행정관, 연설비서관으로 재직했다. 2004년 홍조근정훈장을 수상했다. 쉰 살까지 기업...",2026-09-28 08:56,https://www.lecturernews.com/news/articleView.html?idxno=211168,https://www.lecturernews.com/news/articleView.html?idxno=211168
연세대학교,매일일보,"성남시, '2026년 건강도시 심포지엄' 개최…기후위기·도시 회복력 논의...",김호 서울대학교 보건대학원 교수는 '기후변화와 건강: 도시환경과 적응'을 주제로 기후변화가 건강에... 발표 이후에는 변병설 인하대학교 행정학과 교수가 좌장을 맡아 지정토론을 진행한다. 손창우 연세대학교...,2026-09-28 08:54,https://www.m-i.kr/news/articleView.html?idxno=1418209,https://www.m-i.kr/news/articleView.html?idxno=1418209
서울대학교,매일일보,"성남시, '2026년 건강도시 심포지엄' 개최…기후위기·도시 회복력 논의...","김호 서울대학교 보건대학원 교수는 '기후변화와 건강: 도시환경과 적응'을 주제로 기후변화가 건강에... 손창우 연세대학교 보건행정학부 교수와 김성아 서울연구원 포용도시연구실 연구위원, 신지영 한국보건사회연구원...",2026-09-28 08:54,https://www.m-i.kr/news/articleView.html?idxno=1418209,https://www.m-i.kr/news/articleView.html?idxno=1418209
연세대학교,매일경제,"최수종·하희라 모친상, 유독 부부들이 함께했다…주상욱·차예련부터",최수종은 지난 25일 모친 이숙경 씨를 떠나보낸 뒤 하희라와 함께 연세대학교 신촌세브란스 장례식장에 마련된 빈소를 지키며 조문객을 맞고 있다. 연예계 대표 잉꼬부부로 오랜 시간 사랑받아온 최수종·하희라 부부의...,2026-09-28 08:51,https://www.mk.co.kr/article/12162264,https://m.entertain.naver.com/article/410/0001141456
서울대학교,디스커버리뉴스,"성남시, 건강도시 심포지엄 개최…기후변화 건강영향·적응정책 논의","첫 발표는 김호 서울대학교 보건대학원 교수가 맡아 기후변화에 따른 건강 영향을 짚고 도시가 마련해야 할... 손창우 연세대학교 교수와 김성아 서울연구원 연구위원, 신지영 한국보건사회연구원 부연구위원이 참여해...",2026-09-28 08:50,https://www.discoverynews.kr/news/articleView.html?idxno=1102613,https://www.discoverynews.kr/news/articleView.html?idxno=1102613
연세대학교,디스커버리뉴스,"성남시, 건강도시 심포지엄 개최…기후변화 건강영향·적응정책 논의",첫 발표는 김호 서울대학교 보건대학원 교수가 맡아 기후변화에 따른 건강 영향을 짚고 도시가 마련해야 할... 주제 발표 뒤에는 변병설 인하대학교 행정학과 교수가 좌장을 맡아 전문가 토론을 진행한다. 손창우 연세대학...,2026-09-28 08:50,https://www.discoverynews.kr/news/articleView.html?idxno=1102613,https://www.discoverynews.kr/news/articleView.html?idxno=1102613
연세대학교,뉴스1,[부고] 은형석 씨(참씨큐리티 대표) 모친상,"■ 유명자 씨(광림교회 권사) 별세, 은형주·형민·형석 씨(참씨큐리티 대표) 모친상 = 27일, 연세대 신촌세브란스병원 장례식장 9호실, 발인 29일 오전 6시 20분, 장지 하늘문추모공원. (02)2227-7500 * 부고 게재...",2026-09-28 08:49,https://www.news1.kr/it-science/security-hacking/6302717,https://n.news.naver.com/mnews/article/421/0009194270?sid=102
서울대학교,르몽드 디플로마티크,[나연수의 투자칼럼] 주가는 이익과 할인율로 매겨집니다 — 집보다 쉽...,"* 나연수 칼럼니스트는 서울대학교 국제경제학과를 졸업한 뒤 대기업과 공기업에서 전략기획과 재무관리 업무를 담당했습니다. 이후 사모펀드 운용사에서 투자심의와 딜 소싱, 리스크 관리 경험을 쌓았으며, 2021년...",2026-09-28 08:44,https://www.ilemonde.com/news/articleView.html?idxno=30681,https://www.ilemonde.com/news/articleView.html?idxno=30681
연세대학교,스타뉴스,"""럭비 하면 연·고대 갈 수 있어요"" 한국 럭비 지도자의 '웃픈' 한마디....","현재 국내에서 럭비부를 운영하는 주요 대학은 고려대와 연세대, 경희대, 단국대 정도다. 김 감독은 지난달... 이후 대학 진학에는 어떤 도움이 되는지를 먼저 보는 경우도 있다""고 말했다. 심지어 ""대학교에 가면 럭비는...",2026-09-28 08:41,https://www.starnewskorea.com/sports/2026/09/28/2026092715410041240,https://m.sports.naver.com/general/article/108/0003473996
고려대학교,스타뉴스,"""럭비 하면 연·고대 갈 수 있어요"" 한국 럭비 지도자의 '웃픈' 한마디....","현재 국내에서 럭비부를 운영하는 주요 대학은 고려대와 연세대, 경희대, 단국대 정도다. 김 감독은 지난달... 이후 대학 진학에는 어떤 도움이 되는지를 먼저 보는 경우도 있다""고 말했다. 심지어 ""대학교에 가면 럭비는...",2026-09-28 08:41,https://www.starnewskorea.com/sports/2026/09/28/2026092715410041240,https://m.sports.naver.com/general/article/108/0003473996
서울대학교,이투뉴스,"정학근 에기硏 신임원장 ""탄소중립 위한 수직도약""",1973년 생인 신임 정학근 원장은 전남대학교 전기공학 학사(1996년)와 GIST 메카트로닉스공학 석사를 거쳐 서울대학교에서 기계항공공학 박사학위(2013년)를 취득했다. 1998년 에너지기술연구원에 입사한 이후 주로 효율...,2026-09-28 08:40,http://www.e2news.com/news/articleView.html?idxno=334596,http://www.e2news.com/news/articleView.html?idxno=334596
서울대학교,비즈워크,"COPD 3제 흡입제 '브레즈트리', 종합병원 처방권 넓힌다",28일 관련 업계에 따르면 브레즈트리 에어로스피어(부데소니드·글리코피로니움·포르모테롤)는 최근 서울대학교병원과 신촌세브란스병원 등 상급종합병원 약사위원회(DC)를 통과했다. 지난 9월 보험급여가...,2026-09-28 08:40,https://www.bizwork.co.kr/news/articleView.html?idxno=419432,https://www.bizwork.co.kr/news/articleView.html?idxno=419432
서울대학교,이투데이,"삼일PwC ""이사의 '몰랐다'는 항변 면책 안돼…내부통제 작동해야""","이번 호에는 정준혁 서울대 법학전문대학원 교수가 ‘이사의 법적 책임, 알고 대비하기’를 주제로 기고해, 이사가 부담하는 주요 의무와 책임을 정리하고 실무적 대응 방안을 제시했다. 기고문은 이사가 직접 업무를...",2026-09-28 08:40,https://www.etoday.co.kr/news/view/2629666,https://www.etoday.co.kr/news/view/2629666
고려대학교,톱스타뉴스,"온앤오프, 日 팬들과 '어텀 피크닉'에서 가까이 만난 이유",일본 일정을 마무리한 온앤오프는 국내 무대로 발걸음을 옮긴다. 온앤오프는 오는 10월 17일 서울 성북구 고려대학교 화정체육관에서 열리는 'HEARTBEAT BY DUDUDO 2026'에 출연해 국내 팬들과 다시 만날 예정이다.,2026-09-28 08:38,https://www.topstarnews.net/news/articleView.html?idxno=16221748,https://www.topstarnews.net/news/articleView.html?idxno=16221748
연세대학교,헤모필리아라이프,"연세대 세브란스병원-인천 퍼스트병원, '급성기-회복기 재활 연계' 진료...","상급종합병원인 연세대학교 세브란스병원과 공식 진료협력 협약을 체결하고, 본격적인 '수술-회복기 재활... 내에서 대학병원급 수술 경과를 온전히 이해하고 이어받을 병원을 찾기 어려웠기 때문이다. 이번...",2026-09-28 08:36,https://www.hemophilia.co.kr/news/articleView.html?idxno=44591,https://www.hemophilia.co.kr/news/articleView.html?idxno=44591
고려대학교,의학신문,"우리아이들병원, 지역사회에 꽃송이버섯 120박스 기부","고려대학교의료원 교류협력 우리아이들의료재단 우리아이들병원(이사장 정성관, 병원장 백정현)이 추석을 맞아 지역사회와 따뜻한 마음을 나누기 위해 구로구 관내 기관에 꽃송이버섯 120박스를 기부했다고 23일 밝혔다....",2026-09-28 08:36,https://www.bosa.co.kr/news/articleView.html?idxno=3012818,https://www.bosa.co.kr/news/articleView.html?idxno=3012818
서울대학교,국제뉴스,"오유경 아나운서 ""3살 연상 남편 얼굴 보며 매일 행복""","오 아나운서보다 3살 연상인 천종식 교수는 점잖은 모습으로 출연진의 시선을 끌었다. 서울대학교에서 20년간 교수로 재직한 천 교수는 ""이런 생방송 출연은 처음이라 굉장히 떨린다""며 긴장된 소감을 밝혔다.",2026-09-28 08:36,https://www.gukjenews.com/news/articleView.html?idxno=3706708,https://www.gukjenews.com/news/articleView.html?idxno=3706708
서울대학교,아시아엔,[오늘의 신문] 대미투자 확정 지연·서울 전셋값 상승…DMZ 폭발 조사와...,뿌연 대기 너머로 서울의 한 아파트 단지가 겹겹이 보인다. 지난달 서울 아파트 평균 전세가격은 2년 전보다... 최근 5년간 ‘SKY’ 대학 중도탈락 1만736명2021년부터 2025년까지 서울대·고려대·연세대 중도탈락 학생이...,2026-09-28 08:32,http://kor.theasian.asia/archives/416807,http://kor.theasian.asia/archives/416807
연세대학교,아시아엔,[오늘의 신문] 대미투자 확정 지연·서울 전셋값 상승…DMZ 폭발 조사와...,폭발물의 종류와 매설 경위는 현장조사 결과를 통해 확인해야 한다.최근 5년간 ‘SKY’ 대학 중도탈락 1만736명2021년부터 2025년까지 서울대·고려대·연세대 중도탈락 학생이 1만736명으로 집계됐다. 종로학원은 의학계열...,2026-09-28 08:32,http://kor.theasian.asia/archives/416807,http://kor.theasian.asia/archives/416807
고려대학교,아시아엔,[오늘의 신문] 대미투자 확정 지연·서울 전셋값 상승…DMZ 폭발 조사와...,폭발물의 종류와 매설 경위는 현장조사 결과를 통해 확인해야 한다.최근 5년간 ‘SKY’ 대학 중도탈락 1만736명2021년부터 2025년까지 서울대·고려대·연세대 중도탈락 학생이 1만736명으로 집계됐다. 종로학원은 의학계열...,2026-09-28 08:32,http://kor.theasian.asia/archives/416807,http://kor.theasian.asia/archives/416807
고려대학교,브릿지경제,세종시교육청 이윤홍 부교육감 28일 취임,"고려대학교를 졸업하고, 2001년 행정고시 44회에 합격하며 공직에 입문했다. 그는 교육부에서 창조행정담당관, 혁신행정담당관, 운영지원과장, 장관실 비서실장 등 다양한 직책을 맡아왔으며, 부경대학교 사무국장...",2026-09-28 08:30,https://www.viva100.com/article/20260928500058,https://www.viva100.com/article/20260928500058
서울대학교,한국블록체인뉴스,"마포구, 세계 정신건강의 날 맞아 김난도 교수 강연",서울 마포구가 세계 정신건강의 날을 맞아 구민들이 마음건강을 돌아볼 수 있는 강연을 마련한다. 마포구는 내달 13일 김난도 서울대학교 소비자학과 명예교수를 초청해 ‘마음의 트렌드를 읽다’를 주제로 강연을...,2026-09-28 08:30,https://hbnpress.com/news/view/1065569071834818,https://hbnpress.com/news/view/1065569071834818
연세대학교,YTN,"청와대 ""우크라, '북한 포로' 거짓말...사과하라"" [뉴스UP]",■ 진행 : 조진혁 앵커 ■ 출연 : 봉영식 연세대 국제대학원 객원교수 * 아래 텍스트는 실제 방송 내용과 차이가 있을 수 있으니 보다 정확한 내용은 방송으로 확인하시기 바랍니다. 인용 시 [YTN 뉴스UP] 명시해주시기...,2026-09-28 08:30,https://www.ytn.co.kr/_ln/0101_202609280830238285,https://n.news.naver.com/mnews/article/052/0002411742?sid=100
서울대학교,이데일리,"서울대기술지주, 바이스트라타 투자...피지컬AI SW 지원",서울대학교기술지주가 로봇·자율주행차 등 피지컬 AI에 필요한 소프트웨어 스타트업 바이스트라타에... 서울대기술지주는 바이스트라타에 시드 투자를 진행했다고 28일 밝혔다. 투자 금액은 공개하지 않았다....,2026-09-28 08:24,https://www.edaily.co.kr/News/Read?newsId=02066406645584712&mediaCodeNo=257&utm_source=naver&utm_medium=referral&utm_campaign=news_syndication&utm_content=original_article,https://n.news.naver.com/mnews/article/018/0006376121?sid=105
고려대학교,bnt뉴스,"온앤오프, 일본 팬미팅 마무리",“언제나 변함없이 응원해 주시는 팬분들께 감사드린다”고 전했다. 온앤오프는 오는 10월 17일 서울 고려대학교 화정체육관에서 열리는 ‘하트비트 바이 두두두 2026’ 무대에 오른다. 사진제공=케이아이엔터테인먼트,2026-09-28 08:24,https://www.bntnews.co.kr/article/view/bnt202609280077,https://www.bntnews.co.kr/article/view/bnt202609280077
서울대학교,스타뉴스,"""영화 '암살자(들) 불편, 고인 모독""..홍혜걸, 공개 저격",해당 작품은 개봉 후 4일 만에 100만 관객을 넘어섰다. 한편 홍혜걸은 서울대 의과대학 선후배로 만난 의사 겸 방송인 여에스더와 1994년 결혼해 슬하에 두 아들을 두고 있다.,2026-09-28 08:24,https://www.starnewskorea.com/star/2026/09/28/2026092808033624275,https://m.entertain.naver.com/article/108/0003473991
서울대학교,e대한경제,"[부산ㆍ경남 대학 브리핑 모음(9월28일)] 경상국립대, 외국인 유학생 10...","이번 대회는 지난 17일부터 19일까지 서울과학기술대학교 주관으로 서울과학기술대와 육사화랑구장 등에서... 국립부경대는 예선에서 방송통신대학교를 5대 0, 강원대학교를 3대 1, 서울대학교를 2대 0으로 차례로 꺾으며...",2026-09-28 08:22,https://www.dnews.co.kr/uhtml/view.jsp?idxno=202609251118376500376,https://www.dnews.co.kr/uhtml/view.jsp?idxno=202609251118376500376
고려대학교,스타데일리뉴스,"[S이슈] 영탁, 3년의 기다림 끝에 만든 'GOGO', 그리고 '꺾어'가 보여준...",다음 장면은 10월 3일부터 5일까지 서울 고려대학교 화정체육관에서 열리는 단독 콘서트 'TAK SHOW5'다. 서울 공연 이후 전주·대구·인천·부산으로 전국투어가 이어진다. 음악방송에서 시작된 '꺾어'의 에너지가 이제는...,2026-09-28 08:20,https://www.stardailynews.co.kr/news/articleView.html?idxno=550729,https://www.stardailynews.co.kr/news/articleView.html?idxno=550729
고려대학교,신아일보,"김희정 국회 교육위원장, 수시모집 대학 143곳, 접수번호로 지원 인원 유...",국회 교육위원회 김희정 위원장(국민의힘·부산 연제구)이 한국대학교육협의회를 통해 전국 일반대학... 김 위원장에 따르면 해당 대학에는 연세대·고려대·한양대 등 서울 소재 대학 30곳과 부산대·인천대·충북대 등...,2026-09-28 08:16,https://www.shinailbo.co.kr/news/articleView.html?idxno=5066136,https://www.shinailbo.co.kr/news/articleView.html?idxno=5066136
연세대학교,신아일보,"김희정 국회 교육위원장, 수시모집 대학 143곳, 접수번호로 지원 인원 유...",국회 교육위원회 김희정 위원장(국민의힘·부산 연제구)이 한국대학교육협의회를 통해 전국 일반대학... 김 위원장에 따르면 해당 대학에는 연세대·고려대·한양대 등 서울 소재 대학 30곳과 부산대·인천대·충북대 등...,2026-09-28 08:16,https://www.shinailbo.co.kr/news/articleView.html?idxno=5066136,https://www.shinailbo.co.kr/news/articleView.html?idxno=5066136
서울대학교,톱스타뉴스,"김신록, 우아한 트위드 자태…FW 캠페인 화보로 물들인 존재감",서울대학교 사회과학대학 지리학과를 졸업한 김신록은 한양대학교 대학원 연극영화학 과정과 한국예술종합학교 연극원 연기과 예술전문사 과정을 거치며 이론과 실기를 두루 갖춘 배우로 성장했다. 유도 공인 3단...,2026-09-28 08:16,https://www.topstarnews.net/news/articleView.html?idxno=16221709,https://www.topstarnews.net/news/articleView.html?idxno=16221709
고려대학교,싱글리스트,"온앤오프, 日 도쿄 팬미팅 성료…'Open The Door' 일본어 무대",일본 팬들과의 만남을 마친 온앤오프는 국내 무대로 활동을 이어간다. 오는 10월 17일 서울 성북구 고려대학교 화정체육관에서 개최되는 'HEARTBEAT BY DUDUDO 2026'에 출연해 팬들과 만날 예정이다.,2026-09-28 08:10,https://www.slist.kr/news/articleView.html?idxno=769142,https://www.slist.kr/news/articleView.html?idxno=769142
서울대학교,물류신문,"로지스올그룹, 유통 혁신에 대응하는 피지컬 인터넷의 비전 논의","이번 세미나는 서울대학교 경영대학 박성호 교수를 초청해 '유통 혁신의 시대, LAPI의 기회와 과제'를 주제로 진행됐으며, 약 100명의 KCCLO 회원사 관계자가 온라인으로 참석했다. 유통산업의 변화가 물류 운영 방식에...",2026-09-28 08:06,https://www.klnews.co.kr/news/articleView.html?idxno=322851,https://www.klnews.co.kr/news/articleView.html?idxno=322851
연세대학교,조선일보,“걸음걸이 이상해” 나이 탓인 줄 알았는데… ‘치료 가능한 치매’,"의심되는 변화가 나타났다면 너무 늦기 전에 확인하는 것이 중요하다."" 장원석 교수는… 연세대 의대를 졸업하고 동 대학원에서 석·박사 학위를 취득했다. 세브란스병원에서 수련한 뒤 캐나다 토론토대 부설 아동병원(The...",2026-09-28 08:01,https://health.chosun.com/site/data/html_dir/2026/09/23/2026092302984.html,https://n.news.naver.com/mnews/article/346/0000116582?sid=103
연세대학교,건강다이제스트,[2026년 희망가]악성 흑색종 4기 진단받은 한주영 씨가 사는 법,인터넷 검색을 하고 수소문을 해서 겨우 알아낸 것은 연세대 세브란스병원 신상준 교수가 점막 악성 흑색종의 권위자라는 거였다. 2025년 4월 14일 세브란스병원에서 PET-CT를 포함한 정밀 검사를 진행했던 이유다. 검사...,2026-09-28 08:00,https://www.ikunkang.com/news/articleView.html?idxno=51432,https://www.ikunkang.com/news/articleView.html?idxno=51432
고려대학교,한국경제,[단독] 적립금 12조 쌓아두고도…손실 두려워 '2% 예금'에 방치한 사립대,다만 2008년 말 글로벌 금융위기를 거치며 대학 법인은 투자 손실에 대한 불안이 커졌다. 고려대 재단인 고려중앙학원은 2012년 이사회 심의와 의결 절차를 거치지 않고 490억원의 유동자산을 고위험 파생상품에...,2026-09-28 08:00,https://www.hankyung.com/article/2026092776431,https://n.news.naver.com/mnews/article/015/0005336437?sid=100
서울대학교,여성경제신문,"[김성재 칼럼] 비트코인, 버틸 수 있을까? 운명을 좌우할 연준의 긴축 패...",김성재 퍼먼대학교 경영학과 교수 서울대 경제학과를 졸업한 후 종합금융회사에서 외환딜러 및 국제투자 업무를 담당했다. IMF 외환위기 당시 예금보험공사로 전직해 적기 정리부와 비서실에서 근무했다. 2005년...,2026-09-28 08:00,https://www.womaneconomy.co.kr/news/articleView.html?idxno=259108,https://www.womaneconomy.co.kr/news/articleView.html?idxno=259108
