대학,언론사,기사 제목,기사 요약,발행시각,언론사 링크,네이버 링크
고려대학교,메디칼타임즈,"고대구로병원 김용엽 교수, 갑상선학회 우수 연제상","김 교수는 고려대학교 구로병원 정신건강의학과 이승훈 교수, 고려대학교 의과대학 암연구소 박찬미 교수와 함께 갑상선 수술을 기존 절개 방법으로 시행한 환자들과 내시경 또는 로봇으로 시행한...",2026-09-28 10:20,https://www.medicaltimes.com/Main/News/InformView.html?ID=11363&ref=naverpc,https://www.medicaltimes.com/Main/News/InformView.html?ID=11363&ref=naverpc
고려대학교,약업신문,"루다큐어 ""RCI001, 안구건조증 2상 진입…200명서 유효성 검증 목표""",고려대학교 안암병원 김동현 교수도 연구진으로 참여한다. 루다큐어는 전안부 전문의들과 협력해... 항염증과 항산화 작용을 동시에 활용하면서 스테로이드성 치료제에서 고려해야 하는 안압 상승 부담을 낮출...,2026-09-28 10:20,https://www.yakup.com/news/index.html?mode=view&cat=12&nid=333008,https://www.yakup.com/news/index.html?mode=view&cat=12&nid=333008
서울대학교,AUTODAILY,"[이사람] ""당장 양산 어려워도 게임에는 남아야""⋯""배터리 기술 주도권...","또, 서울대학교와 공동 배터리연구센터에서 전고체와 리튬메탈 배터리 연구를 진행중이며 미국 솔리드파워 등 외부 업체와의 협력도 이어가고 있다. 전고체 배터리 자체를 대규모로 생산하는게 아니라 그룹에서...",2026-09-28 10:20,https://www.autodaily.co.kr/news/articleView.html?idxno=600727,https://www.autodaily.co.kr/news/articleView.html?idxno=600727
서울대학교,KMAEIL,"인천시, 김성중 제24대 행정부시장 취임...민선9기 시정 합류","김 부시장은 연세대학교 행정학과를 졸업하고 서울대학교 행정대학원에서 행정학 석사, 영국 엑서터대학교에서 공공행정학 석사 학위를 받았다. 행정안전부 기획재정담당관과 조직기획과장, 경제조직과장, 조직진단과장...",2026-09-28 10:20,https://www.kmaeil.com/news/articleView.html?idxno=652849,https://www.kmaeil.com/news/articleView.html?idxno=652849
고려대학교,한국강사신문,"고려대학교 세종캠퍼스 이상만 교수, 2026년 상반기 '앵커 리더' 선정…...","대학 교원과 직원, 학생을 비롯해 기관·기업 임직원, 지역앵커센터 직원 등이 대상이며, 사업 성과와... 종합적으로 고려해 이뤄졌다. 이상만 교수는 ""이번 선정은 대학이 지원한 교원창업의 성과뿐 아니라 대학...",2026-09-28 10:20,https://www.lecturernews.com/news/articleView.html?idxno=211212,https://www.lecturernews.com/news/articleView.html?idxno=211212
연세대학교,KMAEIL,"인천시, 김성중 제24대 행정부시장 취임...민선9기 시정 합류","김 부시장은 연세대학교 행정학과를 졸업하고 서울대학교 행정대학원에서 행정학 석사, 영국 엑서터대학교에서 공공행정학 석사 학위를 받았다. 행정안전부 기획재정담당관과 조직기획과장, 경제조직과장, 조직진단과장...",2026-09-28 10:20,https://www.kmaeil.com/news/articleView.html?idxno=652849,https://www.kmaeil.com/news/articleView.html?idxno=652849
연세대학교,스마트투데이,"강진모 아이티센그룹 회장, 대한당구연맹 회장 선거 출마",강진모 후보는 아주대학교 물리학과와 연세대학교 공학대학원(공학경영 석사)을 졸업했다. 2005년 아이티센 대표이사를 맡은 뒤 아이티센그룹 총괄회장을 거쳐 현재 아이티센글로벌 회장을 맡고 있다....,2026-09-28 10:18,https://www.smarttoday.co.kr/ko-kr/articles/112015,https://www.smarttoday.co.kr/ko-kr/articles/112015
연세대학교,연합뉴스TV,[뉴스초점] 지뢰 사고 현장조사 돌입…北포로 송환 ‘진실공방’,"관련 내용들, 봉영식 연세대 객원교수와 함께 이야기 나눠보겠습니다.  지난주 경기 파주 서부전선 비무장지대에서 발생한 지뢰 폭발 사고와 관련해 우리 군과 유엔군사령부가 어제 현장 조사를 실시했는데요. 사고...",2026-09-28 10:18,http://www.yonhapnewstv.co.kr/news/MYH20260928101618ZJW,https://n.news.naver.com/mnews/article/422/0000910279?sid=100
고려대학교,BOANNEWS,"""딥페이크·스팸 막을 묘수 찾는다""... KISA '디지털 시대의 법' 경연대...","대회 후원기관으로는 고려대학교 법학전문대학원, 김·장 법률사무소, 법무법인 세종, 법무법인 율촌 등 주요 로펌과 학회가 대거 참여했다. 수상 논문은 논문집으로 발간돼 관계 기관에 배포되며 수상자 명단과...",2026-09-28 10:18,https://www.boannews.com/news/articleView.html?idxno=146050,https://www.boannews.com/news/articleView.html?idxno=146050
서울대학교,아시아경제,[단독]68년간 꿈쩍 않던 '이 법' 드디어 바뀌나…정부 의견서 곧 제출,"이에 단체는 행정소송을 제기했고, 사건을 맡은 서울행정법원 재판부가 원고 측의 위헌법률심판제청 신청을... 이동진 서울대 법학전문대학원 교수는 ""인가주의는 행정청의 재량을 배제할 뿐 시스템적으로는 허가주의의...",2026-09-28 10:16,https://view.asiae.co.kr/article/2026092217481922440,https://n.news.naver.com/mnews/article/277/0005821426?sid=102
서울대학교,글로벌이코노믹,"카페 컵 다회용 제공 재사용...성남시, '다회용기 특화지구' 시범 운영","김호 서울대학교 보건대학원 교수는 '기후변화와 건강: 도시환경과 적응'을 주제로 기후변화가 건강에... 손창우 연세대학교 보건행정학부 교수와 김성아 서울연구원 포용도시연구실 연구위원, 신지영...",2026-09-28 10:16,https://www.g-enews.com/view.php?ud=2026092809384523708fbfc802b3_1,https://www.g-enews.com/view.php?ud=2026092809384523708fbfc802b3_1
연세대학교,글로벌이코노믹,"카페 컵 다회용 제공 재사용...성남시, '다회용기 특화지구' 시범 운영",김호 서울대학교 보건대학원 교수는 '기후변화와 건강: 도시환경과 적응'을 주제로 기후변화가 건강에... 주제발표 후에는 변병설 인하대학교 행정학과 교수를 좌장으로 토론이 진행된다. 손창우 연세대학교...,2026-09-28 10:16,https://www.g-enews.com/view.php?ud=2026092809384523708fbfc802b3_1,https://www.g-enews.com/view.php?ud=2026092809384523708fbfc802b3_1
고려대학교,연합뉴스,"이지성 전북도 신임 행정부지사 취임…""지역 성장 기틀 다질 것""","고창 출생인 그는 전주고와 고려대를 졸업했으며 지방고시(4회)를 통해 공직에 입문한 뒤 전주시 덕진구청장, 도 문화체육관광국장, 행정안전부 조직진단과장과 정책기획관 등을 역임했다.",2026-09-28 10:15,https://www.yna.co.kr/view/AKR20260928051600055?input=1195m,https://n.news.naver.com/mnews/article/001/0016339963?sid=102
연세대학교,강원일보,강원경찰청 공공안전부장에 백남익⋯경무관 전보 인사,"백남익 부장은 천안중앙고를 졸업하고 한국방송대 법학과, 연세대 행정대학원(경찰사법행정)을 졸업했다. 1992년 경찰에 입문직해 서울경찰청 인사계장, 충남경찰청 홍보담당관, 천안동남경찰서장, 서울 수서경찰서장...",2026-09-28 10:13,https://www.kwnews.co.kr/article/20260928500196,https://n.news.naver.com/mnews/article/087/0001220599?sid=102
연세대학교,한국경제,"유학생 30만 시대, 대학가 건물의 가치는 어떻게 달라질까?",인근 연세대학교 국제캠퍼스 학생들까지 더해지면서 외식·쇼핑·여가수요의 주요 수용처 역할을 합니다. 서울의 전통적인 대학가에서는 학생 증가가 원룸과 골목상권 수요로 비교적 넓게 퍼질 수 있습니다. 송도에서는...,2026-09-28 10:13,https://www.hankyung.com/article/202609234280O,https://n.news.naver.com/mnews/article/015/0005336510?sid=101
서울대학교,JOB-POST,"관악의 10월, 거리 전체가 무대 된다…별빛내린천부터 샤로수길까지 '문...","서울 관악구가 문화의 달 10월을 맞아 별빛내린천과 관악구청 광장, 샤로수길, 지역 마을 곳곳을 공연과... 서울대학교는 개교 80주년 기념 예술주간 프로그램의 하나로 이날 오후 1시 관악구청 광장에서 '브런치 클래식...",2026-09-28 10:12,https://www.job-post.co.kr/news/articleView.html?idxno=229271,https://www.job-post.co.kr/news/articleView.html?idxno=229271
연세대학교,파이낸셜뉴스,"""대학 품은 단지가 대세""...대학 인근 아파트 신고가 행진",대학교 인근에 위치한 아파트들이 교직원과 학생 등 풍부한 배후수요를 등에 업고 매매시장에서 강세를... 자이S&D는 서울 중구 중림동에 연세대·이화여대 등 주요 명문 대학가와 인접한 '충정로역자이르네'(총...,2026-09-28 10:11,https://www.fnnews.com/news/202609280952069017,https://n.news.naver.com/mnews/article/014/0005581463?sid=101
연세대학교,매일경제,김성중 제24대 인천시 행정부시장 취임,"제주에서 태어난 김 부시장은 제주 오현고, 연세대 행정학과를 졸업하고 서울대 행정대학원에서 행정학 석사, 영국 엑시터대에서 공공정책학 석사 학위를 받았다. 행시 39회로 공직에 입문해 행정안전부 조직정책관...",2026-09-28 10:11,https://www.mk.co.kr/article/12162427,https://n.news.naver.com/mnews/article/009/0005740600?sid=100
서울대학교,매일경제,김성중 제24대 인천시 행정부시장 취임,"제주에서 태어난 김 부시장은 제주 오현고, 연세대 행정학과를 졸업하고 서울대 행정대학원에서 행정학 석사, 영국 엑시터대에서 공공정책학 석사 학위를 받았다. 행시 39회로 공직에 입문해 행정안전부 조직정책관...",2026-09-28 10:11,https://www.mk.co.kr/article/12162427,https://n.news.naver.com/mnews/article/009/0005740600?sid=100
고려대학교,브릿지경제,"고려대 세종캠퍼스 이상만 교수, 앵커 리더 선정","이상만 교수는 고려대 교원창업기업 ㈜씨큐립톤을 통해 대학의 연구 성과를 산업 현장에 적용하며, AI 기반... 선정 대상은 앵커사업에 참여해 뛰어난 성과를 낸 대학 교원, 직원, 학생, 관련 기관 및 기업 관계자 등이다....",2026-09-28 10:10,https://www.viva100.com/article/20260928500358,https://www.viva100.com/article/20260928500358
연세대학교,PUBLIC25,[부고] 신홍순(전 LG패션 대표)씨 별세,"△ 신홍순(전 LG패션 대표이사·제19대 예술의전당 사장·향년 85세)씨 별세, 남혜숙씨 남편상, 신년수·신수화·신수현·신수경·신수혜씨 부친상 = 28일 오전, 연세대 용인장례식장 특실, 발인 30일 오전 7시...",2026-09-28 10:10,https://www.public25.com/news/articleView.html?idxno=55428,https://www.public25.com/news/articleView.html?idxno=55428
서울대학교,한국강사신문,[엄정식의 아웅다웅 우주 이야기] 우주망원경의 수명은 누가 결정할까?,"서울대학교에서 국제정치(안보) 박사를 취득하고, 공군사관학교 항공우주정책전략학과에서 교수로서 미래전, 국가안보를 가르치고 있다. 한국우주안보학회 상임이사로도 활동하며 활발한 우주 교육과 강연을 이어가고...",2026-09-28 10:10,https://www.lecturernews.com/news/articleView.html?idxno=211191,https://www.lecturernews.com/news/articleView.html?idxno=211191
서울대학교,INDUSTRYNEWS,AI 연구인력 소속 비중 중국이 미국 앞서…KAIST 기관 순위 3위,"서울대는 20위에 이름을 올렸다. 2025년 순위에서는 베이징대와 칭화대가 각각 1위와 2위를 차지했다. KAIST에 이어 상하이교통대가 4위, 미국 매사추세츠공대(MIT)가 5위, 스탠퍼드대가 6위였고, 2022년 1위였던...",2026-09-28 10:08,https://www.industrynews.co.kr/news/articleView.html?idxno=86592,https://www.industrynews.co.kr/news/articleView.html?idxno=86592
서울대학교,JOSEILBO,"삼일PwC ""이사의 ‘몰랐다’는 항변 면책 안돼…내부통제 작동해야""","이번 호에는 정준혁 서울대 법학전문대학원 교수가 '이사의 법적 책임, 알고 대비하기'를 주제로 기고해, 이사가 부담하는 주요 의무와 책임을 정리하고 실무적 대응 방안을 제시했다. 기고문은 이사가 직접 업무를...",2026-09-28 10:06,http://www.joseilbo.com/news/news_read.php?uid=576396&class=10&grp=,https://n.news.naver.com/mnews/article/123/0002390880?sid=101
연세대학교,디지털데일리,"연세의료원, SAP ERP 유지보수 리미니스트리트로 전환…비용 50% 절감 기...",연세대학교의료원이 SAP 전사적자원관리(ERP) 시스템 유지보수를 리미니스트리트의 제3자 지원 서비스로... 리미니스트리트는 연세의료원이 SAP ERP 유지보수 서비스 ‘리미니 서포트’를 도입했다고 28일 밝혔다....,2026-09-28 10:05,https://www.ddaily.co.kr/page/view/2026092810021367211,https://n.news.naver.com/mnews/article/138/0002242780?sid=105
서울대학교,VENTURESQUARE,"서울대기술지주, 엔비디아 밖에서도 로봇 AI 돌린다…바이스트라타 투자",서울대학교기술지주가 여러 종류의 GPU에서 AI 모델과 센서 데이터를 처리하는 크로스플랫폼 소프트웨어 스타트업 바이스트라타에 투자했다. 서울대학교기술지주는...,2026-09-28 10:03,https://www.venturesquare.net/1116329/,https://www.venturesquare.net/1116329/
서울대학교,데일리안,과학기술과 인공지능의 결합…‘제1회 AI4Sci Korea’ 개막,과학기술과 인공지능(AI) 융합 연구를 다루는 국내 첫 과학기술 AI 분야 국제학술대회가 서울에서 열린다.... 석차옥 서울대학교 교수가 조직위원회 공동위원장을 맡았다. 한국물리학회와 대한화학회 등 11개...,2026-09-28 10:03,https://www.dailian.co.kr/news/view/1694223/?sc=Naver,https://n.news.naver.com/mnews/article/119/0003136750?sid=105
연세대학교,JOB-POST,"베테랑스에듀, SAT 상담부터 등록까지 학부모 확인 순서 공개","2011년 설립돼 재외국민·국제학교 학생을 대상으로 SAT·AP·TOEFL과 미국 대학 입시, 재외국민 특별전형... 학생은 연세대에 입학했으며 ""합격하고 나서 추천도 했다""고 말했다. 이번 인터뷰는 학생과 학부모가 함께 응했으며...",2026-09-28 10:02,https://www.job-post.co.kr/news/articleView.html?idxno=229265,https://www.job-post.co.kr/news/articleView.html?idxno=229265
서울대학교,지디넷코리아,19개국 600여 명 모여 '과학기술+AI' 논의,과학기술정보통신부는 27일부터 10월 1일까지 닷새간 서울 용산구 드래곤시티호텔에서 제1회 'AI4Sci Korea... (사진=ETRI) 기조강연은 석차옥 서울대 화학부 교수가 화학·분자과학과 AI의 융합 연구 사례를 공개한다. 또...,2026-09-28 10:01,https://zdnet.co.kr/view/?no=20260926153037,https://n.news.naver.com/mnews/article/092/0002438895?sid=105
서울대학교,전자신문,"“AI 기반 과학기술 연구 미래 논의”, 서울서 국제학술 대회 개최",닷새간 서울 용산구 서울드래곤시티에서 '제1회 AI4Sci 코리아 2026'을 개최한다. 과학기술 AI 분야에서 국내... 석차옥 서울대 화학부 교수 겸 갤럭스 대표는 화학·분자과학과 AI의 융합연구를 선도 사례로 제시하며 AI가...,2026-09-28 10:01,https://www.etnews.com/20260928000105,https://n.news.naver.com/mnews/article/030/0003470224?sid=105
고려대학교,에너지경제,"[주목! 이기업] 레이메드, 암 찾아가는 ‘표적물질’에 방사선 싣는다","서울대병원·고려대 안암병원·분당서울대병원이 RayVision(Y-90) 구매를 완료했으며, 글로벌 의료기기 기업들과 공동 판매도 협의하고 있다. 정희순 기자 hsjung@ekn.kr 검증된 펩타이드·항체 활용해 방사성 항암제로 ‘Ray...",2026-09-28 10:00,https://www.ekn.kr/web/view.php?key=20260928026138702,https://www.ekn.kr/web/view.php?key=20260928026138702
서울대학교,연합뉴스,[AI픽] AI가 과학 연구에 참여한다…'AI4Sci 코리아' 첫 개최,"19개국 연구자·산업계 전문가 600여 명 서울 집결 자율형 연구 에이전트·AI 기반 과학적 발견 논의... 기조 강연에서는 학술대회 공동조직위원장인 석차옥 서울대 교수가 AI가 연구 현장에서 만드는 성과를, 토마스...",2026-09-28 10:00,https://www.yna.co.kr/view/AKR20260927054000017?input=1195m,https://n.news.naver.com/mnews/article/001/0016339899?sid=105
서울대학교,PPSS,충청권 10대 암 수술 자체 충족 35.3%,"또한, 서울대학교병원, 삼성서울병원, 서울아산병원, 신촌세브란스병원, 서울성모병원 등 서울 빅5... 국립대학교병원을 중심으로 지역 완결적 암 치료 기반을 갖출 수 있도록 지원하고, 10대 암 수술 자체 충족률이...",2026-09-28 10:00,https://www.ppss.kr/news/articleView.html?idxno=312639,https://www.ppss.kr/news/articleView.html?idxno=312639
연세대학교,WOMANECONOMY,"[손흥철 더봄] 신강의 영혼 천산, 천산의 진주 천지","연세대학교(원주) 겸임교수, 한국국제대학교 교수, 안양대학교 교양대학 교수(학장), 중국 남경대학 철학계 방문학자 및 율곡학회 회장을 역임했으며 현재 중국 산동성 태산학술원 객좌교수로 활동하고 있다. 저서로...",2026-09-28 10:00,https://www.womaneconomy.co.kr/news/articleView.html?idxno=257919,https://www.womaneconomy.co.kr/news/articleView.html?idxno=257919
연세대학교,ENETNEWS,"마포구 대흥동 '이대역 마포 프론티어', 2차 임차인 모집","이화여자대학교와 서강대학교를 비롯해 연세대학교, 홍익대학교 등도 인접해 있다. 현대백화점 신촌점과 대형마트, 전통시장 등 생활편의시설을 이용할 수 있으며 세브란스병원 등 의료시설도 주변에 자리한다. 신촌...",2026-09-28 09:58,https://www.enetnews.co.kr/news/articleView.html?idxno=54773,https://www.enetnews.co.kr/news/articleView.html?idxno=54773
고려대학교,보건뉴스,"우리아이들병원, 추석 맞아 지역사회에 꽃송이버섯 120박스 기부",고려대학교의료원 교류협력 우리아이들의료재단 우리아이들병원(이사장 정성관·병원장 백정현)은 구로구 관내 기관에 꽃송이버섯 120박스를 기부했다고 23일 밝혔다. 이번 기부는 추석을 앞두고 지역 내 도움이 필요한...,2026-09-28 09:58,http://www.bokuennews.com/news/article.html?no=284759,http://www.bokuennews.com/news/article.html?no=284759
서울대학교,뉴스프리존,변화하는 양산시∙∙∙산학연 혁신부터 쾌적한 산책로,"부산대 양산캠퍼스, 동남권 산업∙AI 혁신 거점 육성= 양산시가 부산대학교의 '서울대 10개 만들기(S-TEN) 프로젝트' 선정에 발맞춰, 부산대 양산캠퍼스 유휴 부지를 동남권 산업∙연구∙AI 혁신을 선도하는 거점으로...",2026-09-28 09:56,https://www.newsfreezone.co.kr/news/articleView.html?idxno=711163,https://www.newsfreezone.co.kr/news/articleView.html?idxno=711163
서울대학교,FASHIONBIZ,[인터뷰] 토머신 허머스톤 나이키 디렉터 “‘문슈’로 헤리티지와 혁신...,"서울대학교 제1파워플랜트에서 진행한 전시는 문슈의 탄생 과정에서 출발해, 완성품 이면의 프로토타입과... 노팅엄 트렌트 대학교에서 패션 마케팅, 바잉 및 디자인을 공부했으며 다양한 글로벌 풋웨어 및 제품 경험을...",2026-09-28 09:56,https://www.fashionbiz.co.kr/article/229799,https://www.fashionbiz.co.kr/article/229799
서울대학교,대학저널,"호남대 교양아카데미, 최재천 교수 초청 AI 시대 ‘공존’ 특강","호남대학교가 AI 시대 필요한 인문학적 성찰과 삶의 지혜를 지역사회와 나누기 위해 신설한... 두 번째 강연은 오는 10월 13일 서울대 김헌 교수를 초청해 ‘인공지능이 채울 수 없는 결핍, 고전의 지혜’를 주제로...",2026-09-28 09:54,https://dhnews.co.kr/news/view/1065572610648569,https://dhnews.co.kr/news/view/1065572610648569
고려대학교,스포츠서울,"온앤오프, 日 팬미팅 ‘어텀 피크닉’ 성료","한편, 일본 팬미팅을 성공적으로 마친 온앤오프는 오는 10월 17일 서울 성북구 고려대학교 화정체육관에서 개최되는 ‘하트비트 바이 두두두 2026(HEARTBEAT BY DUDUDO 2026)’ 무대에 올라 국내 팬들과의 만남을...",2026-09-28 09:53,https://www.sportsseoul.com/news/read/1637882?ref=naver,https://m.entertain.naver.com/article/468/0001269063
고려대학교,CBCI,[정부家] 이재명 대통령 ㉝ㅣ 美·멕시코 순방 마치고 귀국…외교 성과...,"강유정 청와대 수석대변인은 ""소수자 및 사회적 약자의 인권 보호 등 대법원 본연의 역할을 고려해도 대법원... 차진아 고려대 로스쿨 교수는 대통령이 임명권을 갖고 있지만 합당한 이유를 제시해야 하며, 남은 후보...",2026-09-28 09:50,https://www.cbci.co.kr/news/articleView.html?idxno=610306,https://www.cbci.co.kr/news/articleView.html?idxno=610306
연세대학교,주간한국,"연세대, 26회 언더우드 선교상 시상식…김완일·김용대 선교사 수상자 ...",사진=연세대  연세대 언더우드기념사업회는 내달 12일 루스채플 예배실에서 '제26회 언더우드 선교상' 시상식을 개최한다고 28일 밝혔다. 이 상은 연세대 창립자 호레이스 그랜트 언더우드(1859~1916)·릴리어스 호튼...,2026-09-28 09:50,https://weekly.hankooki.com/news/articleView.html?idxno=7186084,https://weekly.hankooki.com/news/articleView.html?idxno=7186084
연세대학교,MBN,초등학교 코앞에 '홀덤펍' 버젓이…'19금' 표시도 미부착,대부분이 지하철 2호선 신촌역에서 연세대삼거리로 이어지는 도로 인근과 홍대입구역 근처에 몰려 있었습니다. 성동구가 3곳으로 세 번째로 많았고 동대문·은평·노원·관악구에 각 1곳 있는 것으로 집계됐습니다....,2026-09-28 09:49,http://mbn.mk.co.kr/pages/news/newsView.php?category=mbn00009&news_seq_no=5221723,https://n.news.naver.com/mnews/article/057/0001970979?sid=102
서울대학교,서울신문,"메디아크, 베트남 K-BRAND 엑스포서 MOF 기반 두피관리 브랜드 ‘더마모...","김세나 대표는 석사과정부터 약 19년간 MOF를 연구한 연구자로, 서울대학교에서 박사학위를 받은 뒤... 한편, 메디아크는 서원대학교가 운영하는 ‘2026년 창업도약패키지(일반형)’에 선정되었다. 창업도약패키지...",2026-09-28 09:48,https://www.seoul.co.kr/news/economy/2026/09/28/20260928500028?wlog_tag3=naver,https://n.news.naver.com/mnews/article/081/0003683879?sid=101
서울대학교,NEWSCLAIM,[포스코 인사 전망]② 사장 아래 임원들 9개월… 승진 뒤 맡긴 일은 어디...,"1970년생인 엄 원장은 서울대 박사 출신으로 연구기획그룹장과 포스코홀딩스 미래기술전략, 그룹기술전략... 2025년 4월 경기 광명 신안산선 제5-2공구 붕괴사고로 작업자 1명이 숨졌고 같은 해 12월 서울 여의도 제4...",2026-09-28 09:48,https://www.newsclaim.co.kr/news/articleView.html?idxno=3076584,https://www.newsclaim.co.kr/news/articleView.html?idxno=3076584
고려대학교,파이낸셜뉴스,"수능 D-50 ""반복적으로 틀리는 내용과 문제 유형 집중 공부가 효과적""","지원 대학의 수준이 달라질 수 있다""고 덧붙였다. 메가스터디교육 자료에 따르면 고려대 교과전형(학교추천)... 남 소장은 ""반영 비율이 높은 과목의 성적 향상 가능성을 고려해 학습 시간을 배분하고, 해당 과목을...",2026-09-28 09:46,https://www.fnnews.com/news/202609280945169132,https://n.news.naver.com/mnews/article/014/0005581433?sid=102
연세대학교,스포츠서울,"“4년 전 과오 반성” 돈스파이크, 출소 후 요식업 복귀… ‘마약 기부...","연세대 작곡과 출신인 돈스파이크는 1996년 밴드 포지션(Position)의 객원 키보디스트로 가요계에 입문했다. 이후 김범수의 ‘보고 싶다’, 브라운 아이즈의 ‘가지마 가지마’, 엑소의 ‘12월의 기적’ 등을 편곡하며...",2026-09-28 09:43,https://www.sportsseoul.com/news/read/1637876?ref=naver,https://m.entertain.naver.com/article/468/0001269058
서울대학교,파이낸셜뉴스,30개 도시 3만㎞ 답사…현직 영사가 다시 쓴 중국 동북,"이근 중앙대 석좌교수 겸 서울대 명예교수, 이규형 전 주중·주러시아 대사, 홍기원 국회 한중의원연맹 사무총장, 박주봉 인천상공회의소 회장 등도 추천사를 실었다. 한국콘텐츠진흥원 한승훈 상임감사는 동북 3성에서...",2026-09-28 09:41,https://www.fnnews.com/news/202609280935083388,https://n.news.naver.com/mnews/article/014/0005581424?sid=103
연세대학교,이뉴스투데이,"성남시, 건강도시 심포지엄 개최···기후위기 대응",첫 번째 발제는 김호 서울대학교 보건대학원 교수가 맡아 '기후변화와 건강: 도시환경과 적응'을 주제로... 주제 발표 이후에는 변병설 인하대학교 행정학과 교수가 좌장을 맡아 종합토론을 진행한다. 손창우 연세대학교...,2026-09-28 09:40,http://www.enewstoday.co.kr/news/articleView.html?idxno=2474462,http://www.enewstoday.co.kr/news/articleView.html?idxno=2474462
서울대학교,AMENEWS,"에너지연, 정학근 제20대 원장 취임","정학근 원장은 전남대학교에서 전기공학 학사, GIST에서 메카트로닉스공학 석사, 서울대학교에서 기계항공공학 박사 학위를 취득했다. 1998년 한국에너지기술연구원에 입사한 이후 에너지효율연구본부장을 역임했으며...",2026-09-28 09:40,http://amenews.kr/news/view.php?idx=68123,http://amenews.kr/news/view.php?idx=68123
서울대학교,이뉴스투데이,"성남시, 건강도시 심포지엄 개최···기후위기 대응","첫 번째 발제는 김호 서울대학교 보건대학원 교수가 맡아 '기후변화와 건강: 도시환경과 적응'을 주제로... 손창우 연세대학교 보건행정학부 교수, 김성아 서울연구원 포용도시연구실 연구위원, 신지영...",2026-09-28 09:40,http://www.enewstoday.co.kr/news/articleView.html?idxno=2474462,http://www.enewstoday.co.kr/news/articleView.html?idxno=2474462
서울대학교,베리타스알파,[포토] 국립공주사대부고 제15회 충남 학생 창의수학 탐구대회 수상,"8명의 서울대 합격자를 배출했다. 최상위권 격전지인 의대에만 13명이 합격했다. 이밖에 약대 7명, 치대 1명, 수의대 1명 등 의약계열 합격 실적은 22명에 달한다. 2026대입자원인 고3 재적인원 154명 기준으로 서울대...",2026-09-28 09:38,https://www.veritas-a.com/news/articleView.html?idxno=629536,https://www.veritas-a.com/news/articleView.html?idxno=629536
연세대학교,SMARTBIZN,[김형일의 입시컨설팅] (247) 현 고2 2028학년도 입시전략,"서울대와 연세대 등 주요 대학도 이미 2028학년도 입시를 앞두고 전공 연계 과목 선택 안내 또는 가이드라인을 별도로 공개하고 있다. 서울대는 2025년부터 2028학년도 전공 연계 과목 선택 안내를 제시했고, 연세대 역시...",2026-09-28 09:38,https://www.smartbizn.com/news/articleView.html?idxno=154894,https://www.smartbizn.com/news/articleView.html?idxno=154894
서울대학교,SMARTBIZN,[김형일의 입시컨설팅] (247) 현 고2 2028학년도 입시전략,"서울대와 연세대 등 주요 대학도 이미 2028학년도 입시를 앞두고 전공 연계 과목 선택 안내 또는 가이드라인을 별도로 공개하고 있다. 서울대는 2025년부터 2028학년도 전공 연계 과목 선택 안내를 제시했고, 연세대 역시...",2026-09-28 09:38,https://www.smartbizn.com/news/articleView.html?idxno=154894,https://www.smartbizn.com/news/articleView.html?idxno=154894
서울대학교,연합뉴스,"최교진, 전남대 찾아 '서울대 10개 만들기' 사업 점검",반도체·에너지 인재양성·산학연 협력 방안 논의 최교진 교육부 장관이 28일 오후 전남대학교를 찾아 학교 및 산업계 관계자들과 간담회를 연다고 교육부가 밝혔다. 이번 방문은 전남대의 '서울대 10개 만들기' 패키지...,2026-09-28 09:37,https://www.yna.co.kr/view/AKR20260928036500530?input=1195m,https://n.news.naver.com/mnews/article/001/0016339768?sid=102
서울대학교,KOREAJOONGANGDAILY,Broken windows in Yeouido (KOR),여의도의 깨진 유리창 김은미 서울대 언론정보학과 교수 사회과학에서 깨진 유리창 이론이라는 이름으로 널리 알려진 개념이 있다. 동네에 깨진 유리창 하나를 그대로...,2026-09-28 09:37,https://www.koreajoongangdaily.com/bilingual-news/broken-windows-in-yeouido-kor/12893482,https://n.news.naver.com/mnews/article/640/0000094737?sid=110
서울대학교,BBS NEWS,"임미애 ""조희대, 국민 볼모로 대통령 향해 몽니 부리는 것 아닌가""","그렇지만 서울대 10개 만들기 프로젝트에서도 빠지셨다고요. 그래서 지금 TK에서 최근에 지지율도 별로 그렇게... 라는 요구를 하고 있는 거고, 저희가 대표적으로 영양군의 경우는 서울의 강남하고 비교했을 때 제때...",2026-09-28 09:36,https://news.bbsi.co.kr/news/articleView.html?idxno=4108787,https://news.bbsi.co.kr/news/articleView.html?idxno=4108787
서울대학교,아시아경제,"""이사들 '몰랐다' 항변 면책 안돼…내부 통제 필요""",정준혁 서울대 법학전문대학원 교수는 이번 호 기고문을 통해 이사가 부담하는 주요 의무와 책임을 정리하고 실무적 대응 방안을 제시했다. 정 교수는 이사가 직접 업무를 수행하거나 이사회 안건을 검토·결정할 때...,2026-09-28 09:34,https://view.asiae.co.kr/article/2026092809344822305,https://n.news.naver.com/mnews/article/277/0005821388?sid=101
서울대학교,DAILY,"마포구, 김난도 교수 초청 마음건강 강연 개최",사진=마포구 제공 서울 마포구가 김난도 서울대학교 소비자학과 명예교수를 초청해 마음건강을 주제로 한 강연을 열고 참가자를 선착순 모집한다고 28일 밝혔다. 이번 강연은 '세계 정신건강의 날'을 기념해 정신건강에...,2026-09-28 09:34,https://daily.hankooki.com/news/articleView.html?idxno=1409819,https://daily.hankooki.com/news/articleView.html?idxno=1409819
서울대학교,CHUNGNAMILBO,"[충남일보-대전교육청 다문화 공동캠페인⑥] 대전교육청, 이주배경·북...","서울스카이, 아쿠아리움 등을 방문해 역사·문화·관광 콘텐츠를 체험하고 대학로 소극장에서는 연극 관람과 배우와의 커튼콜 토크쇼를 통해 공연예술 분야의 직업 세계를 접했다. 캠프에 참가한 한 학생은 ""서울대 멘토...",2026-09-28 09:34,http://www.chungnamilbo.co.kr/news/articleView.html?idxno=911780,http://www.chungnamilbo.co.kr/news/articleView.html?idxno=911780
서울대학교,FINOMY,스타벅스 '마이 스타 커피' 캠페인 시작,캠페인 첫날인 28일에는 이동형 트레일러 '스:벅차'가 서울 노원구 시립중계노인전문요양원을 찾아... 지난 8월에는 서울대치과병원점 수익금 일부로 조성한 1억원을 취약계층 장애인 치과 치료비로 전달했다. 해당...,2026-09-28 09:34,http://www.finomy.com/news/articleView.html?idxno=262350,http://www.finomy.com/news/articleView.html?idxno=262350
서울대학교,NC,[전통N] 줄풍류 합주 대신 두 악기…이결이 고른 '가즌회상'의 여백,"국립국악고등학교와 서울대학교 음악대학 국악과를 졸업했고 서울대학교 음악대학 대학원을 마친 뒤 박사과정을 수료했다. 국가무형유산 종묘제례악과 대금정악, 서울특별시무형유산 삼현육각 이수자다. 정악과...",2026-09-28 09:34,https://www.nc.press/news/articleView.html?idxno=627286,https://www.nc.press/news/articleView.html?idxno=627286
서울대학교,TBC,"사라진 기후위기 보고서...기후부 ""지자체 책임""","[홍종호 / 서울대 환경대학원 교수 ""심지어 대학에서도 학생들 시험 성적 채점한 결과를 5년씩 보관하게 되어 있는데 보고서를 폐기합니까. 기후부 역시도 저는 무책임하고 무능한 것으로 이거 국민 세금으로 다 하는 그런...",2026-09-28 09:32,https://www.tbc.co.kr/news/view?pno=20260915142101AE05615&id=211484,https://www.tbc.co.kr/news/view?pno=20260915142101AE05615&id=211484
고려대학교,IBULGYO,[부고]이민성 한국학중앙연구원 박사 별세…향년 44세,이민성 박사는 동국대 대학원에서 불교학 석사학위를 취득한 뒤 독일 보훔루르대학교(Ruhr-Universität Bochum)... 빈소는 서울 성북구 고려대로 73 고려대 안암병원 장례식장 101호에 마련됐다. 발인은 9월 29일 오전...,2026-09-28 09:30,http://www.ibulgyo.com/news/articleView.html?idxno=442638,http://www.ibulgyo.com/news/articleView.html?idxno=442638
고려대학교,INTERVIEW365,"NAWA 기업, 부산 벡스코 '기후산업국제박람회(WCE)'서 신제품 공개",신제품인 일회용컵 스마트 쓰레기통 세로형 제품 '버티컵'은 오는 9월 30일~10월 2일 킨텍스에서 개최되는 '2026 산학연협력 EXPO 고려대학교 부스'에서 추가적인 고객 피드백을 받을 예정이다.,2026-09-28 09:30,http://www.interview365.com/news/articleView.html?idxno=112158,http://www.interview365.com/news/articleView.html?idxno=112158
서울대학교,연합뉴스,관악구 곳곳서 가을 문화행사…별빛내린천서 '떠있는 거리' 공연,"10월 2일 서울대 '브런치 클래식' 공연…3일엔 '샤로수길 클럽데이' 서울 관악구(구청장 박준희)는 문화의 달 10월을 맞아 별빛내린천, 구청 광장, 샤로수길 등 곳곳에서 다양한 문화행사를 마련한다고 28일 밝혔다. 먼저...",2026-09-28 09:29,https://www.yna.co.kr/view/AKR20260928035600004?input=1195m,https://n.news.naver.com/mnews/article/001/0016339741?sid=102
연세대학교,아시아타임즈,[28일 성남시] 마이스산업 성과지표 마련 등,김호 서울대학교 보건대학원 교수는 ‘기후변화와 건강: 도시환경과 적응’을 주제로 기후변화가 건강에... 주제발표 이후에는 변병설 인하대학교 행정학과 교수가 좌장을 맡아 지정토론을 진행한다. 손창우 연세대학교...,2026-09-28 09:26,https://www.asiatime.co.kr/article/20260928500057,https://www.asiatime.co.kr/article/20260928500057
고려대학교,HANDMK,박영사 『국가 영토론』 출간,"강원대학교 법학전문대학원 교수, 최장근 대구대학교 일본어일본학과 교수, 최효원 한국형사법무정책연구원... 정동은 고려대학교 국제법연구센터 고문은 ""본서가 앞으로 국가 영토론에 대한 학술적 논의뿐 아니라...",2026-09-28 09:26,https://www.handmk.com/news/articleView.html?idxno=43131,https://www.handmk.com/news/articleView.html?idxno=43131
서울대학교,아시아타임즈,[28일 성남시] 마이스산업 성과지표 마련 등,"김호 서울대학교 보건대학원 교수는 ‘기후변화와 건강: 도시환경과 적응’을 주제로 기후변화가 건강에... 손창우 연세대학교 보건행정학부 교수, 김성아 서울연구원 포용도시연구실 연구위원, 신지영...",2026-09-28 09:26,https://www.asiatime.co.kr/article/20260928500057,https://www.asiatime.co.kr/article/20260928500057
서울대학교,HANDMK,박영사 『국가 영토론』 출간,"대구대학교 일본어일본학과 교수, 최효원 한국형사법무정책연구원 부연구위원, 윤대현 FM그룹 회장 겸 한국헌법학연구소 고문, 조기환 에머티바이오 대표이사, 김준호 전 서울대학교 국가재정연구센터 연구원 등 10명이...",2026-09-28 09:26,https://www.handmk.com/news/articleView.html?idxno=43131,https://www.handmk.com/news/articleView.html?idxno=43131
서울대학교,TV리포트,"'음주 논란→6년 만 복귀' 男가수, 생방 중 '방귀 소동' 터졌다…본인도...",서울대학교 치과대학을 중퇴하고 중앙대학교 연극학과에 편입한 이력도 화제가 됐다. 이후에는 드라마 ‘궁’과 ‘로맨스가 필요해’ 등에 이름을 올리며 배우로 활동 범위를 넓혔다. 사생활 문제로 구설에 오른 적도...,2026-09-28 09:25,https://www.tvreport.co.kr/entertainment/article/1078735/,https://m.entertain.naver.com/article/213/0001402651
고려대학교,문화일보,“대구 경제 63%가 전통 제조업 의존… AI 접목한 대개조 매진할 것”[민...,“단순히 정치적 고려에 의해서 행해진 프로젝트라고 생각한다. 그렇지만 여러 여건을 만들면 기회는 온다.... 계성고 △고려대 경영학과 △제25회 행정고시 합격 △미국 오리건대 대학원 경제학 석사 △제20·21·22대...,2026-09-28 09:25,https://www.munhwa.com/article/11619752?ref=naver,https://n.news.naver.com/mnews/article/021/0002821473?sid=102
서울대학교,파이낸셜뉴스,"서울대기술지주, 'GPU 종속 낮출' AI SW에 베팅 [fn마켓워치]","서울대학교기술지주가 인공지능(AI) 반도체 종류에 관계없이 구동할 수 있는 크로스플랫폼 소프트웨어(SW)... 28일 차인환 서울대기술지주 대표는 ""글로벌 AI 시장에서 특정 반도체 칩 독점에 따른 비용 부담을 줄이고자...",2026-09-28 09:22,https://www.fnnews.com/news/202609280816024297,https://n.news.naver.com/mnews/article/014/0005581398?sid=101
연세대학교,TV리포트,"'국민 배우' 최수종, 모친상 비보 속…이병헌·김혜수·변요한 등 연예...","유족은 연세대학교 신촌세브란스 장례식장에 빈소를 마련했으며 26일 오후부터 조객들을 맞이했다. 영정 앞에는 이병헌, 김혜수, 변요한 등 동료 배우들이 보낸 근조화환이 놓였고, 주상욱-차예련 부부, 박하선-류수영...",2026-09-28 09:21,https://www.tvreport.co.kr/entertainment/article/1078731/,https://m.entertain.naver.com/article/213/0001402649
서울대학교,INCHEONIN,인천시 행정부시장에 김성중 경기도 행정1부지사,"김 부시장은 서울대 행정대학원에서 행정학 석사, 영국 엑시터 대학에서 공공행정학 석사 학위를 받은 학구파다. 김성중 행정부시장은 3개월가량 행정부시장이 공백이었던 점을 고려해 이날 박찬대 시장으로부터...",2026-09-28 09:20,http://www.incheonin.com/news/articleView.html?idxno=121068,http://www.incheonin.com/news/articleView.html?idxno=121068
연세대학교,INCHEONIN,인천시 행정부시장에 김성중 경기도 행정1부지사,"그는 제주 오현고와 연세대 행정학과를 나와 행정고시 39회로 공직을 시작해 행정자치부 장관 비서실장... 김 부시장은 서울대 행정대학원에서 행정학 석사, 영국 엑시터 대학에서 공공행정학 석사 학위를 받은 학구파다....",2026-09-28 09:20,http://www.incheonin.com/news/articleView.html?idxno=121068,http://www.incheonin.com/news/articleView.html?idxno=121068
연세대학교,국제뉴스,"인천시, 中文'인천지창' 2026년 가을호 발간","화교 가족의 인천 정착기, 소래습지생태공원과 하늘정원 코스모스, 영흥도 포도, 연세대 국제캠퍼스 학생의 중국 이야기 등도 포함됐다. 독자 참여형 퀴즈 이벤트가 마련됐으며, 추첨을 통해 3명에게 상품이 증정된다....",2026-09-28 09:20,https://www.gukjenews.com/news/articleView.html?idxno=3706748,https://www.gukjenews.com/news/articleView.html?idxno=3706748
연세대학교,뉴시스,"[성남소식]시, 노인복지시설 16곳 위험요인 사전 확인 등","김호 서울대학교 보건대학원 교수가 '기후변화와 건강: 도시환경과 적응'을 주제로 기후변화가 건강에... 인하대학교 행정학과 교수가 좌장을 맡아 손창우 연세대학교 보건행정학부 교수, 김성아 서울연구원...",2026-09-28 09:18,https://www.newsis.com/view/NISX20260928_0003804561,https://n.news.naver.com/mnews/article/003/0014216650?sid=102
서울대학교,뉴시스,"[성남소식]시, 노인복지시설 16곳 위험요인 사전 확인 등","김호 서울대학교 보건대학원 교수가 '기후변화와 건강: 도시환경과 적응'을 주제로 기후변화가 건강에... 연세대학교 보건행정학부 교수, 김성아 서울연구원 포용도시연구실 연구위원, 신지영 한국보건사회연구원...",2026-09-28 09:18,https://www.newsis.com/view/NISX20260928_0003804561,https://n.news.naver.com/mnews/article/003/0014216650?sid=102
서울대학교,TV리포트,"""억지 음모론→고인 모독""…홍혜걸, '암살자(들)' 역사 왜곡 논란에 직...","홍혜걸은 서울대 의과대학 선후배로 만난 의사 겸 방송인 여에스더와 1994년 결혼해 슬하에 두 아들을 두고 있다. / 사진= 영화 '암살자(들)', SBS '동상이몽2-너는 내 운명', KBS 2TV '옥탑방의 문제아들'",2026-09-28 09:18,https://www.tvreport.co.kr/entertainment/article/1078726/,https://m.entertain.naver.com/article/213/0001402647
서울대학교,한국대학신문,"멀어진 통일의 꿈, 익숙해진 분단 현실","인식(서울시립대 국제관계학과 황지환 교수)을 주제로 심화 분석 내용을 발표하고, 이선우 서울대 정치외교학부 교수와 김필국 MBC 논설위원의 토론이 있을 예정이다. 3부에서는 △박명규(서울대 통일평화연구원...",2026-09-28 09:18,https://news.unn.net/news/articleView.html?idxno=597919,https://news.unn.net/news/articleView.html?idxno=597919
고려대학교,바이오타임즈,"엔도로보틱스, 미래에셋증권 IPO 대표주관사 우선협상대상자 선정…2028...","엔도로보틱스는 김병곤 대표와 고려대학교 홍대희 교수 연구팀이 2012년부터 과학기술정보통신부와... 김병곤 엔도로보틱스 대표는 ""기술개발과 상용화 과정에서 시장의 요구를 고려해 온 결과 더 큰 성과로 이어질 수...",2026-09-28 09:16,https://www.biotimes.co.kr/news/articleView.html?idxno=34716,https://www.biotimes.co.kr/news/articleView.html?idxno=34716
고려대학교,BNTNEWS,"‘日 정식 데뷔’ 이즈나, 브랜드평판 62계단 상승","이즈나는 가천대학교, 한서대학교, 여주대학교에 이어 경희대학교 국제캠퍼스, 고려대학교, 동덕여자대학교, 전주대학교, 명지전문대학 등 다양한 캠퍼스 무대에 오를 예정이다. 한편 이즈나는 오는 10월 9일...",2026-09-28 09:16,https://www.bntnews.co.kr/article/view/bnt202609280115,https://www.bntnews.co.kr/article/view/bnt202609280115
고려대학교,일간스포츠,"온앤오프, 도쿄서 ‘어텀 피크닉’…日 퓨즈와 이틀간 만났다",앞으로도 좋은 음악과 무대로 보답하겠다”고 전했다. 온앤오프는 오는 10월 17일 서울 성북구 고려대학교 화정체육관에서 열리는 ‘하트비트 바이 두두두 2026’ 무대에 올라 국내 팬들과 만난다. 유화연 기자,2026-09-28 09:15,https://isplus.com/article/view/isp202609280050,https://m.entertain.naver.com/article/241/0003532585
서울대학교,MONEWS,"[동정] 박성배 교수팀, 척추 기초연구 부분 우리 학술상 수상",서울대학교병원운영 서울특별시보라매병원 박성배 교수(신경외과) 연구팀이 지난 17일부터 19일까지 드래곤시티에서 열린 제40차 대한척추신경외과학회 정기학술대회에서 기초연구 부문 우리 학술상을...,2026-09-28 09:14,https://www.monews.co.kr/news/articleView.html?idxno=414163,https://www.monews.co.kr/news/articleView.html?idxno=414163
고려대학교,톱스타뉴스,"izna, ""브랜드평판 62계단 상승""…첫 콘서트 투어까지 글로벌 행보","izna는 가천대학교, 한서대학교, 여주대학교 무대에 선 데 이어 경희대학교 국제캠퍼스, 고려대학교, 동덕여자대학교, 전주대학교, 명지전문대학 등 여러 캠퍼스 공연을 통해 학생 관객과도 만나고 있다. 이와 같은...",2026-09-28 09:14,https://www.topstarnews.net/news/articleView.html?idxno=16221796,https://www.topstarnews.net/news/articleView.html?idxno=16221796
연세대학교,JTBC,"20GB 요금제 비교해보니…""서울 통신비 세계 최고 수준""",[김정식/연세대 경제학부 교수 : 공급적인 측면에도 독과점 문제가 있고 수요도 굉장히 강하기 때문에 수요가 많기 때문에 가격을 높여도 그 쓰지 않을 수가 없다…] 통신사들의 담합 구조를 다시 들여다봐야 한다는...,2026-09-28 09:12,https://news.jtbc.co.kr/article/NB12320195?influxDiv=NAVER,https://n.news.naver.com/mnews/article/437/0000512954?sid=101
서울대학교,UPKOREANEWS,"추석 연휴 끝, 월요일 일상 복귀…'명절 후유증' 어떻게 극복할까","분당서울대학교병원 건강상식 코너에서는 명절증후군을 명절 기간 스트레스와 생활 변화 등에 따라 나타나는... 서울아산병원 건강TV는 수면이 부족하거나 질이 떨어지면 낮 동안 졸림과 집중력·기억력 저하, 감정 변화...",2026-09-28 09:12,https://www.upkoreanews.kr/news/articleView.html?idxno=100410,https://www.upkoreanews.kr/news/articleView.html?idxno=100410
고려대학교,CBCI,"[정국 파장] 출구 없는 '네 탓' 공방…사법부 독립 원칙인가, 정무적 무...","차진아 고려대 로스쿨 교수는 대통령이 임명권을 갖지만 합당한 사유를 제시해야 하며, 남은 후보 중 제청을 요구하는 것은 제청권 침해로 볼 수 있다고 설명했다. 관행적으로 사법부와 행정부가 협의로 인선을...",2026-09-28 09:10,https://www.cbci.co.kr/news/articleView.html?idxno=610171,https://www.cbci.co.kr/news/articleView.html?idxno=610171
연세대학교,PUBLIC25,[부고] 은형석씨(참씨큐리티 대표) 모친상,"△ 유명자씨(광림교회 권사) 별세, 은형주·형민·형석씨(참씨큐리티 대표) 모친상 = 27일, 연세대 신촌세브란스병원 장례식장 9호실, 발인 29일 오전 6시 20분, 장지 하늘문추모공원, (02)2227-7500 노혁진 객원기자",2026-09-28 09:06,https://www.public25.com/news/articleView.html?idxno=55414,https://www.public25.com/news/articleView.html?idxno=55414
연세대학교,KR,"트라운드, KIMES BUSAN 2026서 비착용 청각보조 의자 'SoundXR Chair' 선보...","공인시험인증센터 평가에서 청각과 촉각의 실시간 연동을 통해 미디어 몰입도가 16.78% 향상된 것으로 확인됐으며, 연세대학교 원주세브란스기독병원 사용적합성 형성평가에서 전 과업 작업 성공률 100%, 만족도 92....",2026-09-28 09:04,https://kr.aving.net/news/articleView.html?idxno=1814774,https://kr.aving.net/news/articleView.html?idxno=1814774
서울대학교,뉴스1,"최교진, 전남대 찾아 '서울대 10개' 점검…서남권 인재 양성 논의",최교진 교육부 장관이 '서울대 10개 만들기' 우선 지원 대학 중 1곳인 전남대학교의 사업 추진 계획을 점검하고 서남권 인재 양성 방안을 논의한다. 최 장관은 28일 패키지 지원대학으로 선정된 전남대를 방문해 대학...,2026-09-28 09:03,https://www.news1.kr/society/education/6302749,https://n.news.naver.com/mnews/article/421/0009194315?sid=102
고려대학교,영남일보,[특성화고 특집]대구소프트웨어마이스터고…실리콘밸리 IT기업 취업자 ...,취업 후 고려대·성균관대·경북대 등 소프트웨어 관련 학과에 재직자 특별전형으로 진학하는 길도 열려 있다. 김유경 대구SW마이스터고 교장 학교는 교육부 직업계고 재구조화 지원 사업에 선정돼 2028학년도...,2026-09-28 09:02,https://www.yeongnam.com/web/view.php?key=20260927023510330,https://www.yeongnam.com/web/view.php?key=20260927023510330
서울대학교,중앙일보,"“통일 필요” 39%, “현재가 좋다” 31.5%…서울대, 통일의식 조사","서울대학교 통일평화연구원은 9월 29일 서울대 국제대학원에서 ‘통일의식조사 20년: 멀어진 통일의 꿈, 익숙해진 분단 현실’을 주제로 ‘2026 통일의식조사’ 결과를 발표한다. 연구원은 2007년부터 통일과 북한...",2026-09-28 09:00,https://www.joongang.co.kr/article/25465149,https://n.news.naver.com/mnews/article/025/0003554120?sid=102
고려대학교,바스켓코리아,[나고야 AG] “교수님 저희 금메달 따왔습니다!” 복귀하자마자 적으로...,"5x5 대표팀 형들이 각자의 소속팀으로 복귀했듯, 사상 첫 금메달을 일궈낸 이주영, 김승우(연세대), 이동근(고려대), 구민교(성균관대) 등 ‘대학생 4인방’ 역시 각자의 소속 대학으로 돌아간다. 올해 초 소집을 시작으로...",2026-09-28 09:00,https://basketkorea.com/news/newsview.php?ncode=1065540843965895,https://m.sports.naver.com/basketball/article/351/0000088404
연세대학교,바스켓코리아,[나고야 AG] “교수님 저희 금메달 따왔습니다!” 복귀하자마자 적으로...,"5x5 대표팀 형들이 각자의 소속팀으로 복귀했듯, 사상 첫 금메달을 일궈낸 이주영, 김승우(연세대), 이동근(고려대), 구민교(성균관대) 등 ‘대학생 4인방’ 역시 각자의 소속 대학으로 돌아간다. 올해 초 소집을 시작으로...",2026-09-28 09:00,https://basketkorea.com/news/newsview.php?ncode=1065540843965895,https://m.sports.naver.com/basketball/article/351/0000088404
연세대학교,BUSINESSPOST,[김민정 기자의 '코스뽀'] '적외선영상센서' 아이쓰리시스템 주가 반등...,1960년 태어나 연세대학교 전자공학과를 졸업한 뒤 한국과학기술원(KAIST)에서 전자공학 석사와 박사학위를 받았다. 1996년 현대전자(현 SK하이닉스)에서 선임연구원으로 일하다 1998년 회사를 나와 한꿈엔지니어링을...,2026-09-28 09:00,https://www.businesspost.co.kr/BP?command=article_view&num=447980,https://www.businesspost.co.kr/BP?command=article_view&num=447980
서울대학교,국제뉴스,"관악구, 10월 31일 '플레이스트리트' 개최","서울대학교 미술교육과 동아리와 함께하는 탁본·레진 딥아트 체험, 스포츠 리듬 트레이닝, 중앙대학교 국궁... 이외에도 서울 지역 대학 동아리와 학부모 공동체가 화장품·향수 만들기, 꽃 장식, 양말목 공예 등 다양한...",2026-09-28 08:56,https://www.gukjenews.com/news/articleView.html?idxno=3706590,https://www.gukjenews.com/news/articleView.html?idxno=3706590
서울대학교,약업신문,"DIA Korea, ‘RMP Forum’ 10월23일 개최…글로벌 규제·RWD 활용 전략 논...","이화여자대학교, 카카오헬스케어, 모더나코리아, 셀타스퀘어 전문가들이 발표한다.이어지는... 프로그램 위원장을 맡은 신주영 서울대학교 약학대학 교수는 “RMP는 실제 진료현장에서 축적되는...",2026-09-28 08:56,https://www.yakup.com/news/index.html?mode=view&cat=12&nid=332986,https://www.yakup.com/news/index.html?mode=view&cat=12&nid=332986
서울대학교,한국강사신문,"[강원국의 인생독서] ""좋은 책의 기준은 바로 오래 살아남은 책이다.""","칼럼니스트 프로필 강원국 칼럼니스트는 서울대학교 외교학과를 졸업했고, 2000년부터 2008년까지 대통령비서실 공보수석실 행정관, 연설비서관으로 재직했다. 2004년 홍조근정훈장을 수상했다. 쉰 살까지 기업...",2026-09-28 08:56,https://www.lecturernews.com/news/articleView.html?idxno=211168,https://www.lecturernews.com/news/articleView.html?idxno=211168
연세대학교,매일일보,"성남시, '2026년 건강도시 심포지엄' 개최…기후위기·도시 회복력 논의...",김호 서울대학교 보건대학원 교수는 '기후변화와 건강: 도시환경과 적응'을 주제로 기후변화가 건강에... 발표 이후에는 변병설 인하대학교 행정학과 교수가 좌장을 맡아 지정토론을 진행한다. 손창우 연세대학교...,2026-09-28 08:54,https://www.m-i.kr/news/articleView.html?idxno=1418209,https://www.m-i.kr/news/articleView.html?idxno=1418209
서울대학교,매일일보,"성남시, '2026년 건강도시 심포지엄' 개최…기후위기·도시 회복력 논의...","김호 서울대학교 보건대학원 교수는 '기후변화와 건강: 도시환경과 적응'을 주제로 기후변화가 건강에... 손창우 연세대학교 보건행정학부 교수와 김성아 서울연구원 포용도시연구실 연구위원, 신지영 한국보건사회연구원...",2026-09-28 08:54,https://www.m-i.kr/news/articleView.html?idxno=1418209,https://www.m-i.kr/news/articleView.html?idxno=1418209
연세대학교,매일경제,"최수종·하희라 모친상, 유독 부부들이 함께했다…주상욱·차예련부터",최수종은 지난 25일 모친 이숙경 씨를 떠나보낸 뒤 하희라와 함께 연세대학교 신촌세브란스 장례식장에 마련된 빈소를 지키며 조문객을 맞고 있다. 연예계 대표 잉꼬부부로 오랜 시간 사랑받아온 최수종·하희라 부부의...,2026-09-28 08:51,https://www.mk.co.kr/article/12162264,https://m.entertain.naver.com/article/410/0001141456
연세대학교,DISCOVERYNEWS,"성남시, 건강도시 심포지엄 개최…기후변화 건강영향·적응정책 논의",첫 발표는 김호 서울대학교 보건대학원 교수가 맡아 기후변화에 따른 건강 영향을 짚고 도시가 마련해야 할... 주제 발표 뒤에는 변병설 인하대학교 행정학과 교수가 좌장을 맡아 전문가 토론을 진행한다. 손창우 연세대학...,2026-09-28 08:50,https://www.discoverynews.kr/news/articleView.html?idxno=1102613,https://www.discoverynews.kr/news/articleView.html?idxno=1102613
서울대학교,DISCOVERYNEWS,"성남시, 건강도시 심포지엄 개최…기후변화 건강영향·적응정책 논의","첫 발표는 김호 서울대학교 보건대학원 교수가 맡아 기후변화에 따른 건강 영향을 짚고 도시가 마련해야 할... 손창우 연세대학교 교수와 김성아 서울연구원 연구위원, 신지영 한국보건사회연구원 부연구위원이 참여해...",2026-09-28 08:50,https://www.discoverynews.kr/news/articleView.html?idxno=1102613,https://www.discoverynews.kr/news/articleView.html?idxno=1102613
연세대학교,뉴스1,[부고] 은형석 씨(참씨큐리티 대표) 모친상,"■ 유명자 씨(광림교회 권사) 별세, 은형주·형민·형석 씨(참씨큐리티 대표) 모친상 = 27일, 연세대 신촌세브란스병원 장례식장 9호실, 발인 29일 오전 6시 20분, 장지 하늘문추모공원. (02)2227-7500 * 부고 게재...",2026-09-28 08:49,https://www.news1.kr/it-science/security-hacking/6302717,https://n.news.naver.com/mnews/article/421/0009194270?sid=102
서울대학교,ILEMONDE,[나연수의 투자칼럼] 주가는 이익과 할인율로 매겨집니다 — 집보다 쉽...,"* 나연수 칼럼니스트는 서울대학교 국제경제학과를 졸업한 뒤 대기업과 공기업에서 전략기획과 재무관리 업무를 담당했습니다. 이후 사모펀드 운용사에서 투자심의와 딜 소싱, 리스크 관리 경험을 쌓았으며, 2021년...",2026-09-28 08:44,https://www.ilemonde.com/news/articleView.html?idxno=30681,https://www.ilemonde.com/news/articleView.html?idxno=30681
연세대학교,스타뉴스,"""럭비 하면 연·고대 갈 수 있어요"" 한국 럭비 지도자의 '웃픈' 한마디....","현재 국내에서 럭비부를 운영하는 주요 대학은 고려대와 연세대, 경희대, 단국대 정도다. 김 감독은 지난달... 이후 대학 진학에는 어떤 도움이 되는지를 먼저 보는 경우도 있다""고 말했다. 심지어 ""대학교에 가면 럭비는...",2026-09-28 08:41,https://www.starnewskorea.com/sports/2026/09/28/2026092715410041240,https://m.sports.naver.com/general/article/108/0003473996
고려대학교,스타뉴스,"""럭비 하면 연·고대 갈 수 있어요"" 한국 럭비 지도자의 '웃픈' 한마디....","현재 국내에서 럭비부를 운영하는 주요 대학은 고려대와 연세대, 경희대, 단국대 정도다. 김 감독은 지난달... 이후 대학 진학에는 어떤 도움이 되는지를 먼저 보는 경우도 있다""고 말했다. 심지어 ""대학교에 가면 럭비는...",2026-09-28 08:41,https://www.starnewskorea.com/sports/2026/09/28/2026092715410041240,https://m.sports.naver.com/general/article/108/0003473996
서울대학교,이투데이,"삼일PwC ""이사의 '몰랐다'는 항변 면책 안돼…내부통제 작동해야""","이번 호에는 정준혁 서울대 법학전문대학원 교수가 ‘이사의 법적 책임, 알고 대비하기’를 주제로 기고해, 이사가 부담하는 주요 의무와 책임을 정리하고 실무적 대응 방안을 제시했다. 기고문은 이사가 직접 업무를...",2026-09-28 08:40,https://www.etoday.co.kr/news/view/2629666,https://www.etoday.co.kr/news/view/2629666
서울대학교,BIZWORK,"COPD 3제 흡입제 '브레즈트리', 종합병원 처방권 넓힌다",28일 관련 업계에 따르면 브레즈트리 에어로스피어(부데소니드·글리코피로니움·포르모테롤)는 최근 서울대학교병원과 신촌세브란스병원 등 상급종합병원 약사위원회(DC)를 통과했다. 지난 9월 보험급여가...,2026-09-28 08:40,https://www.bizwork.co.kr/news/articleView.html?idxno=419432,https://www.bizwork.co.kr/news/articleView.html?idxno=419432
서울대학교,E2NEWS,"정학근 에기硏 신임원장 ""탄소중립 위한 수직도약""",1973년 생인 신임 정학근 원장은 전남대학교 전기공학 학사(1996년)와 GIST 메카트로닉스공학 석사를 거쳐 서울대학교에서 기계항공공학 박사학위(2013년)를 취득했다. 1998년 에너지기술연구원에 입사한 이후 주로 효율...,2026-09-28 08:40,http://www.e2news.com/news/articleView.html?idxno=334596,http://www.e2news.com/news/articleView.html?idxno=334596
고려대학교,톱스타뉴스,"온앤오프, 日 팬들과 '어텀 피크닉'에서 가까이 만난 이유",일본 일정을 마무리한 온앤오프는 국내 무대로 발걸음을 옮긴다. 온앤오프는 오는 10월 17일 서울 성북구 고려대학교 화정체육관에서 열리는 'HEARTBEAT BY DUDUDO 2026'에 출연해 국내 팬들과 다시 만날 예정이다.,2026-09-28 08:38,https://www.topstarnews.net/news/articleView.html?idxno=16221748,https://www.topstarnews.net/news/articleView.html?idxno=16221748
고려대학교,의학신문,"우리아이들병원, 지역사회에 꽃송이버섯 120박스 기부","고려대학교의료원 교류협력 우리아이들의료재단 우리아이들병원(이사장 정성관, 병원장 백정현)이 추석을 맞아 지역사회와 따뜻한 마음을 나누기 위해 구로구 관내 기관에 꽃송이버섯 120박스를 기부했다고 23일 밝혔다....",2026-09-28 08:36,https://www.bosa.co.kr/news/articleView.html?idxno=3012818,https://www.bosa.co.kr/news/articleView.html?idxno=3012818
서울대학교,국제뉴스,"오유경 아나운서 ""3살 연상 남편 얼굴 보며 매일 행복""","오 아나운서보다 3살 연상인 천종식 교수는 점잖은 모습으로 출연진의 시선을 끌었다. 서울대학교에서 20년간 교수로 재직한 천 교수는 ""이런 생방송 출연은 처음이라 굉장히 떨린다""며 긴장된 소감을 밝혔다.",2026-09-28 08:36,https://www.gukjenews.com/news/articleView.html?idxno=3706708,https://www.gukjenews.com/news/articleView.html?idxno=3706708
연세대학교,HEMOPHILIA,"연세대 세브란스병원-인천 퍼스트병원, '급성기-회복기 재활 연계' 진료...","상급종합병원인 연세대학교 세브란스병원과 공식 진료협력 협약을 체결하고, 본격적인 '수술-회복기 재활... 내에서 대학병원급 수술 경과를 온전히 이해하고 이어받을 병원을 찾기 어려웠기 때문이다. 이번...",2026-09-28 08:36,https://www.hemophilia.co.kr/news/articleView.html?idxno=44591,https://www.hemophilia.co.kr/news/articleView.html?idxno=44591
서울대학교,KOR,[오늘의 신문] 대미투자 확정 지연·서울 전셋값 상승…DMZ 폭발 조사와...,뿌연 대기 너머로 서울의 한 아파트 단지가 겹겹이 보인다. 지난달 서울 아파트 평균 전세가격은 2년 전보다... 최근 5년간 ‘SKY’ 대학 중도탈락 1만736명2021년부터 2025년까지 서울대·고려대·연세대 중도탈락 학생이...,2026-09-28 08:32,http://kor.theasian.asia/archives/416807,http://kor.theasian.asia/archives/416807
연세대학교,KOR,[오늘의 신문] 대미투자 확정 지연·서울 전셋값 상승…DMZ 폭발 조사와...,폭발물의 종류와 매설 경위는 현장조사 결과를 통해 확인해야 한다.최근 5년간 ‘SKY’ 대학 중도탈락 1만736명2021년부터 2025년까지 서울대·고려대·연세대 중도탈락 학생이 1만736명으로 집계됐다. 종로학원은 의학계열...,2026-09-28 08:32,http://kor.theasian.asia/archives/416807,http://kor.theasian.asia/archives/416807
고려대학교,KOR,[오늘의 신문] 대미투자 확정 지연·서울 전셋값 상승…DMZ 폭발 조사와...,폭발물의 종류와 매설 경위는 현장조사 결과를 통해 확인해야 한다.최근 5년간 ‘SKY’ 대학 중도탈락 1만736명2021년부터 2025년까지 서울대·고려대·연세대 중도탈락 학생이 1만736명으로 집계됐다. 종로학원은 의학계열...,2026-09-28 08:32,http://kor.theasian.asia/archives/416807,http://kor.theasian.asia/archives/416807
고려대학교,브릿지경제,세종시교육청 이윤홍 부교육감 28일 취임,"고려대학교를 졸업하고, 2001년 행정고시 44회에 합격하며 공직에 입문했다. 그는 교육부에서 창조행정담당관, 혁신행정담당관, 운영지원과장, 장관실 비서실장 등 다양한 직책을 맡아왔으며, 부경대학교 사무국장...",2026-09-28 08:30,https://www.viva100.com/article/20260928500058,https://www.viva100.com/article/20260928500058
연세대학교,YTN,"청와대 ""우크라, '북한 포로' 거짓말...사과하라"" [뉴스UP]",■ 진행 : 조진혁 앵커 ■ 출연 : 봉영식 연세대 국제대학원 객원교수 * 아래 텍스트는 실제 방송 내용과 차이가 있을 수 있으니 보다 정확한 내용은 방송으로 확인하시기 바랍니다. 인용 시 [YTN 뉴스UP] 명시해주시기...,2026-09-28 08:30,https://www.ytn.co.kr/_ln/0101_202609280830238285,https://n.news.naver.com/mnews/article/052/0002411742?sid=100
서울대학교,HBNPRESS,"마포구, 세계 정신건강의 날 맞아 김난도 교수 강연",서울 마포구가 세계 정신건강의 날을 맞아 구민들이 마음건강을 돌아볼 수 있는 강연을 마련한다. 마포구는 내달 13일 김난도 서울대학교 소비자학과 명예교수를 초청해 ‘마음의 트렌드를 읽다’를 주제로 강연을...,2026-09-28 08:30,https://hbnpress.com/news/view/1065569071834818,https://hbnpress.com/news/view/1065569071834818
서울대학교,이데일리,"서울대기술지주, AI 소프트웨어 스타트업 ‘바이스트라타’ 투자",서울대학교기술지주가 로봇과 자율주행차 등에 들어가는 AI 소프트웨어 스타트업 바이스트라타에 투자했다. 서울대기술지주는 바이스트라타에 신규 투자를 진행했다고 28일 밝혔다. 투자 규모는 공개하지 않았다....,2026-09-28 08:24,https://www.edaily.co.kr/News/Read?newsId=02066406645584712&mediaCodeNo=257&utm_source=naver&utm_medium=referral&utm_campaign=news_syndication&utm_content=original_article,https://n.news.naver.com/mnews/article/018/0006376121?sid=105
서울대학교,스타뉴스,"""영화 '암살자(들) 불편, 고인 모독""..홍혜걸, 공개 저격",해당 작품은 개봉 후 4일 만에 100만 관객을 넘어섰다. 한편 홍혜걸은 서울대 의과대학 선후배로 만난 의사 겸 방송인 여에스더와 1994년 결혼해 슬하에 두 아들을 두고 있다.,2026-09-28 08:24,https://www.starnewskorea.com/star/2026/09/28/2026092808033624275,https://m.entertain.naver.com/article/108/0003473991
고려대학교,BNTNEWS,"온앤오프, 일본 팬미팅 마무리",“언제나 변함없이 응원해 주시는 팬분들께 감사드린다”고 전했다. 온앤오프는 오는 10월 17일 서울 고려대학교 화정체육관에서 열리는 ‘하트비트 바이 두두두 2026’ 무대에 오른다. 사진제공=케이아이엔터테인먼트,2026-09-28 08:24,https://www.bntnews.co.kr/article/view/bnt202609280077,https://www.bntnews.co.kr/article/view/bnt202609280077
서울대학교,DNEWS,"[부산ㆍ경남 대학 브리핑 모음(9월28일)] 경상국립대, 외국인 유학생 10...","이번 대회는 지난 17일부터 19일까지 서울과학기술대학교 주관으로 서울과학기술대와 육사화랑구장 등에서... 국립부경대는 예선에서 방송통신대학교를 5대 0, 강원대학교를 3대 1, 서울대학교를 2대 0으로 차례로 꺾으며...",2026-09-28 08:22,https://www.dnews.co.kr/uhtml/view.jsp?idxno=202609251118376500376,https://www.dnews.co.kr/uhtml/view.jsp?idxno=202609251118376500376
고려대학교,STARDAILYNEWS,"[S이슈] 영탁, 3년의 기다림 끝에 만든 'GOGO', 그리고 '꺾어'가 보여준...",다음 장면은 10월 3일부터 5일까지 서울 고려대학교 화정체육관에서 열리는 단독 콘서트 'TAK SHOW5'다. 서울 공연 이후 전주·대구·인천·부산으로 전국투어가 이어진다. 음악방송에서 시작된 '꺾어'의 에너지가 이제는...,2026-09-28 08:20,https://www.stardailynews.co.kr/news/articleView.html?idxno=550729,https://www.stardailynews.co.kr/news/articleView.html?idxno=550729
서울대학교,톱스타뉴스,"김신록, 우아한 트위드 자태…FW 캠페인 화보로 물들인 존재감",서울대학교 사회과학대학 지리학과를 졸업한 김신록은 한양대학교 대학원 연극영화학 과정과 한국예술종합학교 연극원 연기과 예술전문사 과정을 거치며 이론과 실기를 두루 갖춘 배우로 성장했다. 유도 공인 3단...,2026-09-28 08:16,https://www.topstarnews.net/news/articleView.html?idxno=16221709,https://www.topstarnews.net/news/articleView.html?idxno=16221709
고려대학교,신아일보,"김희정 국회 교육위원장, 수시모집 대학 143곳, 접수번호로 지원 인원 유...",국회 교육위원회 김희정 위원장(국민의힘·부산 연제구)이 한국대학교육협의회를 통해 전국 일반대학... 김 위원장에 따르면 해당 대학에는 연세대·고려대·한양대 등 서울 소재 대학 30곳과 부산대·인천대·충북대 등...,2026-09-28 08:16,https://www.shinailbo.co.kr/news/articleView.html?idxno=5066136,https://www.shinailbo.co.kr/news/articleView.html?idxno=5066136
연세대학교,신아일보,"김희정 국회 교육위원장, 수시모집 대학 143곳, 접수번호로 지원 인원 유...",국회 교육위원회 김희정 위원장(국민의힘·부산 연제구)이 한국대학교육협의회를 통해 전국 일반대학... 김 위원장에 따르면 해당 대학에는 연세대·고려대·한양대 등 서울 소재 대학 30곳과 부산대·인천대·충북대 등...,2026-09-28 08:16,https://www.shinailbo.co.kr/news/articleView.html?idxno=5066136,https://www.shinailbo.co.kr/news/articleView.html?idxno=5066136
고려대학교,SLIST,"온앤오프, 日 도쿄 팬미팅 성료…'Open The Door' 일본어 무대",일본 팬들과의 만남을 마친 온앤오프는 국내 무대로 활동을 이어간다. 오는 10월 17일 서울 성북구 고려대학교 화정체육관에서 개최되는 'HEARTBEAT BY DUDUDO 2026'에 출연해 팬들과 만날 예정이다.,2026-09-28 08:10,https://www.slist.kr/news/articleView.html?idxno=769142,https://www.slist.kr/news/articleView.html?idxno=769142
서울대학교,KLNEWS,"로지스올그룹, 유통 혁신에 대응하는 피지컬 인터넷의 비전 논의","이번 세미나는 서울대학교 경영대학 박성호 교수를 초청해 '유통 혁신의 시대, LAPI의 기회와 과제'를 주제로 진행됐으며, 약 100명의 KCCLO 회원사 관계자가 온라인으로 참석했다. 유통산업의 변화가 물류 운영 방식에...",2026-09-28 08:06,https://www.klnews.co.kr/news/articleView.html?idxno=322851,https://www.klnews.co.kr/news/articleView.html?idxno=322851
연세대학교,조선일보,“걸음걸이 이상해” 나이 탓인 줄 알았는데… ‘치료 가능한 치매’,"의심되는 변화가 나타났다면 너무 늦기 전에 확인하는 것이 중요하다."" 장원석 교수는… 연세대 의대를 졸업하고 동 대학원에서 석·박사 학위를 취득했다. 세브란스병원에서 수련한 뒤 캐나다 토론토대 부설 아동병원(The...",2026-09-28 08:01,https://health.chosun.com/site/data/html_dir/2026/09/23/2026092302984.html,https://n.news.naver.com/mnews/article/346/0000116582?sid=103
고려대학교,한국경제,[단독] 적립금 12조 쌓아두고도…손실 두려워 '2% 예금'에 방치한 사립대,다만 2008년 말 글로벌 금융위기를 거치며 대학 법인은 투자 손실에 대한 불안이 커졌다. 고려대 재단인 고려중앙학원은 2012년 이사회 심의와 의결 절차를 거치지 않고 490억원의 유동자산을 고위험 파생상품에...,2026-09-28 08:00,https://www.hankyung.com/article/2026092776431,https://n.news.naver.com/mnews/article/015/0005336437?sid=100
연세대학교,IKUNKANG,[2026년 희망가]악성 흑색종 4기 진단받은 한주영 씨가 사는 법,인터넷 검색을 하고 수소문을 해서 겨우 알아낸 것은 연세대 세브란스병원 신상준 교수가 점막 악성 흑색종의 권위자라는 거였다. 2025년 4월 14일 세브란스병원에서 PET-CT를 포함한 정밀 검사를 진행했던 이유다. 검사...,2026-09-28 08:00,https://www.ikunkang.com/news/articleView.html?idxno=51432,https://www.ikunkang.com/news/articleView.html?idxno=51432
서울대학교,WOMANECONOMY,"[김성재 칼럼] 비트코인, 버틸 수 있을까? 운명을 좌우할 연준의 긴축 패...",김성재 퍼먼대학교 경영학과 교수 서울대 경제학과를 졸업한 후 종합금융회사에서 외환딜러 및 국제투자 업무를 담당했다. IMF 외환위기 당시 예금보험공사로 전직해 적기 정리부와 비서실에서 근무했다. 2005년...,2026-09-28 08:00,https://www.womaneconomy.co.kr/news/articleView.html?idxno=259108,https://www.womaneconomy.co.kr/news/articleView.html?idxno=259108
서울대학교,NEWSWELL,"'SBI 협력 확대' 교보생명, 지분구조 변화에 쏠리는 눈 [조수연의 그래...","/출처=교보생명 신창재 회장은 신용호 교보생명 창업주의 장남으로, 경기고등학교를 나와 서울대 의대 박사 출신인 대표적 재벌 금수저 엘리트라고 할 수 있다. 그는 서울대 의과대학 교수까지 지내다가 1996년 43세...",2026-09-28 07:56,http://www.newswell.co.kr/news/articleView.html?idxno=22206,http://www.newswell.co.kr/news/articleView.html?idxno=22206
서울대학교,핀포인트뉴스,독자 문턱 낮추고 작가 몫 늘리고…네이버웹툰이 키운 '한국 만화 생태...,유병준 서울대학교 경영대학 교수와 이재환 충남대학교 경상대학 교수팀이 진행한 '2023년 한국 창작 생태계 기여 효과' 연구에 따르면 네이버웹툰이 2023년 한 해 한국 경제에 미친 경제적 파급효과는 약 4조3522억원으로...,2026-09-28 07:56,https://www.pinpointnews.co.kr/news/articleView.html?idxno=490012,https://www.pinpointnews.co.kr/news/articleView.html?idxno=490012
고려대학교,오마이뉴스,[손병관의 뉴스프레소] 씁쓸한 뒷맛 남긴 북한군 포로들의 한국행,측면을 고려하여 비공개에 합의하고 송환 절차를 진행했다고 한다. 성기홍은 우크라이나 정부에 공식적인... 광주 출신으로 대동고와 고려대 법학과를 졸업한 임현은 검찰 재직 당시 대검 공안 1·2과장과 서울중앙지검...,2026-09-28 07:46,https://www.ohmynews.com/NWS_Web/View/at_pg.aspx?CNTN_CD=A0003270802&CMPT_CD=P0010&utm_source=naver&utm_medium=newsearch&utm_campaign=naver_news,https://n.news.naver.com/mnews/article/047/0002530394?sid=102
연세대학교,헤럴드경제,‘새벽 5시 쓰러진 부모’ ‘억대 슈퍼카 몰던 코인사기범’… 서대문구...,서대문구에는 감리교신학대·경기대·디지털서울문화예술대·명지대·명지전문대·서울여자간호대·연세대·이화여대·추계예술대 등 9개 대학이 자리하고 있는데 전국 기초자치단체 중 가장 많은 대학이 밀집해 있다....,2026-09-28 07:46,https://biz.heraldcorp.com/article/10885492?ref=naver,https://n.news.naver.com/mnews/article/016/0002702303?sid=102
고려대학교,스타뉴스,'군필' 베테랑부터 '19세' 막내까지... '12년 만의 韓 농구 金' 새역사 숨...,"고려대 시절 대표팀에 발탁됐던 포인트가드 문유현은 신인답지 않게 안정적인 경기 운영을 펼쳤다. 조별리그 인도네시아전에서 10득점 8어시스트를 올린 데 이어, 한일 결승전에서도 9분간 코트를 지키며 수비와 리딩을...",2026-09-28 07:32,https://www.starnewskorea.com/sports/2026/09/28/2026092209501581332,https://m.sports.naver.com/basketball/article/108/0003473970
서울대학교,에듀동아,서연고 중도탈락자 5년간 1만명 넘어…의대 재입학 추정,"서울대·연세대·고려대를 다니다가 중도탈락한 학생이 5년간 1만 명이 넘는 것으로 나타났다. 27일 종로학원이 27일 대학알리미 공시자료를 분석한 결과, 2021년부터 2025년까지 서울대·연세대·고려대의...",2026-09-28 07:24,https://edu.donga.com/news/articleView.html?idxno=112262,https://edu.donga.com/news/articleView.html?idxno=112262
연세대학교,에듀동아,서연고 중도탈락자 5년간 1만명 넘어…의대 재입학 추정,"27일 종로학원이 27일 대학알리미 공시자료를 분석한 결과, 2021년부터 2025년까지 서울대·연세대·고려대의 중도탈락자는 모두 1만736명이다. 연도별로는 2021년 1971명, 2022년 2131명, 2023년 2126명, 2024년 2496명, 2025년...",2026-09-28 07:24,https://edu.donga.com/news/articleView.html?idxno=112262,https://edu.donga.com/news/articleView.html?idxno=112262
고려대학교,에듀동아,서연고 중도탈락자 5년간 1만명 넘어…의대 재입학 추정,"서울대 자유전공학부 11명, 경영학과 8명, 경제학부 4명, 연세대 언더우드학부 38명, 글로벌인재학부 31명, 경영계열 25명, 고려대 경영학과 48명, 경제학과 24명, 미디어학부 17명이다. 지난해 3개 대학의 전체...",2026-09-28 07:24,https://edu.donga.com/news/articleView.html?idxno=112262,https://edu.donga.com/news/articleView.html?idxno=112262
서울대학교,DAILYT,토익에 밀렸지만 살아남았다…텝스는 왜 사라지지 않았나,"""요즘도 텝스(TEPS)를 준비하는 사람이 있나요"", ""서울대 가려면 텝스 준비해야죠"" 한때 취업 준비생들... 텝스는 1999년 서울대학교 언어교육원이 개발한 영어능력 평가시험이다. 국내 환경에 맞는 영어 평가 체계를...",2026-09-28 07:24,https://www.dailyt.co.kr/newsView/dlt202609280004,https://www.dailyt.co.kr/newsView/dlt202609280004
서울대학교,비욘드포스트,"성남시, ‘기업 성장·시민 건강’ 두 축으로 도시경쟁력 높인다","김호 서울대학교 보건대학원 교수가 ‘기후변화와 건강: 도시환경과 적응’을 주제로 첫 발제에 나서며... 이어 변병설 인하대학교 교수를 좌장으로 손창우 연세대학교 교수, 김성아 서울연구원 연구위원, 신지영...",2026-09-28 07:22,http://www.beyondpost.co.kr/view.php?ud=2026092807101874244c878f8fa1_30,http://www.beyondpost.co.kr/view.php?ud=2026092807101874244c878f8fa1_30
연세대학교,비욘드포스트,"성남시, ‘기업 성장·시민 건강’ 두 축으로 도시경쟁력 높인다","김호 서울대학교 보건대학원 교수가 ‘기후변화와 건강: 도시환경과 적응’을 주제로 첫 발제에 나서며... 이어 변병설 인하대학교 교수를 좌장으로 손창우 연세대학교 교수, 김성아 서울연구원 연구위원, 신지영...",2026-09-28 07:22,http://www.beyondpost.co.kr/view.php?ud=2026092807101874244c878f8fa1_30,http://www.beyondpost.co.kr/view.php?ud=2026092807101874244c878f8fa1_30
고려대학교,스포츠동아,걸그룹 여행에 경찰 출동한 사연 “싸우는 줄 알고 신고” (아는 형님),한편 프로미스나인은 지난 4일부터 6일까지 서울 성북구 고려대학교 화정체육관에서 ‘2026 프로미스나인 아시아 투어 ‘투모로우 글로우.’ 인 서울’(‘2026 fromis_9 ASIA TOUR ’TOMORROW GLOW.‘ IN SEOUL’)을 개최했다. 오는...,2026-09-28 07:19,https://sports.donga.com/ent/article/all/20260928/134740733/1,https://m.entertain.naver.com/article/382/0001295935
서울대학교,ABCN,"두보, 관리 꿈꾸며 과거에 낙방하면서도 굴욕적 구직 활동","문학』 서울대출판문화원/ 다카시마 도시오(2003), 이원규 역 『이백, 두보를 만나다』 심산/ 백형찬(2015) 『예술가를 꿈꾸는 젊은이에게』 태학사 [백형찬 교수는 수필가로 제물포고, 고려대를 졸업하고 서울예술대학에서...",2026-09-28 07:16,https://www.abcn.kr/news/articleView.html?idxno=92385,https://www.abcn.kr/news/articleView.html?idxno=92385
고려대학교,ABCN,"두보, 관리 꿈꾸며 과거에 낙방하면서도 굴욕적 구직 활동","제물포고, 고려대를 졸업하고 서울예술대학에서 예술가를 꿈꾸는 학생들을 가르치다가 정년퇴직했다. 문화 예술과 관련해 지은 책으로는 , , <예술혼을 찾아서...",2026-09-28 07:16,https://www.abcn.kr/news/articleView.html?idxno=92385,https://www.abcn.kr/news/articleView.html?idxno=92385
서울대학교,JTBC,"국민 10명 중 4명 ""통일 불가능""…""전쟁 나면 미국이 도울 것"" 61.2%","어제(27일) 중앙일보가 서울대 통일평화연구원의 올해 통일의식조사를 인용해 보도한 내용에 따르면 통일이 가능한 시기를 묻는 물음에 응답자 39.1%는 ""통일이 불가능하다""고 답했습니다. 통일이 이뤄지기까지 30년...",2026-09-28 07:05,https://news.jtbc.co.kr/article/NB12320189?influxDiv=NAVER,https://n.news.naver.com/mnews/article/437/0000512926?sid=100
서울대학교,DEALSITE,"[스테이블코인 시대] 서상민 카이아 의장 ""누가 발행하든, 원화코인 해...","◆서상민 의장은 서울대학교 컴퓨터공학부에서 학사 및 박사 학위를 취득했다. 2013년부터 SK플래닛에서 대규모 분산 시스템 연구원으로 재직하다, 2018년 7월 카카오의 블록체인 계열사 그라운드X의 플랫폼 부문 총괄로...",2026-09-28 07:02,https://dealsite.co.kr/articles/169422,https://dealsite.co.kr/articles/169422
서울대학교,EINFOMAX,[이번주 재정경제부 등 경제부처 일정],간담회(서울대학교) *10월2일(금) -특이일정 없음 [방송미디어통신위원회] *9월28일(월) -특이일정 없음 *9월29일(화) ▲10:00 위원장 국무회의(서울) *9월30일(수) -특이일정 없음 *10월1일(목) ▲09:00 부위원장...,2026-09-28 07:02,https://news.einfomax.co.kr/news/articleView.html?idxno=4436590,https://news.einfomax.co.kr/news/articleView.html?idxno=4436590
연세대학교,EINFOMAX,[이번주 재정경제부 등 경제부처 일정],AI중심대학-AX대학원 공동 출범식(연세대학교) ▲15:30 본부장 기초연구 R&D 예산안 간담회(그레이츠... (서울대학교) *10월2일(금) -특이일정 없음 [방송미디어통신위원회] *9월28일(월) -특이일정 없음 *9월29일...,2026-09-28 07:02,https://news.einfomax.co.kr/news/articleView.html?idxno=4436590,https://news.einfomax.co.kr/news/articleView.html?idxno=4436590
연세대학교,BUSINESSPOST,[Who Is ?] 장호성 단국대학교 법인 이사장,미국 오리건주립대학교 대학원에서 전자공학 석사학위와 박사학위를 받았다. 한양대학교에서... 충남도는 당초 연세대학교병원과 위탁 운영을 협의해왔다. 다만 경영상 이유로 위탁운영을 거절한 연세대병원 대신...,2026-09-28 07:00,https://www.businesspost.co.kr/BP?command=article_view&num=447927,https://www.businesspost.co.kr/BP?command=article_view&num=447927
연세대학교,FUTURECHOSUN,2인분의 삶 짊어진 영케어러…지원금 넘어 ‘독박 간병’ 끊어낼 제도 ...,최영준 연세대학교 행정학과 교수는 “영케어러 문제가 두드러지는 사회일수록 공적 돌봄 체계가 충분하지 않거나 가족이 돌봄을 책임져야 한다는 규범이 강한 경우가 많다”며 “돌봄이 필요한 가족들에 돌봄을...,2026-09-28 07:00,https://futurechosun.com/?p=161075,https://futurechosun.com/?p=161075
고려대학교,톱스타뉴스,"""전 세대를 아우르는""…영탁 콘서트 'TAK SHOW5' 대구 공연, 오늘(28일) 티...","서울 공연은 고려대학교 화정체육관에서 열린다. 이어 10월 24일-25일 전주 한국소리문화의전당 야외공연장에서 팬들을 만난다. 11월 28일-29일 대구 공연 후 12월 19일-20일 인천, 2027년 1월 16일-17일 부산으로...",2026-09-28 07:00,https://www.topstarnews.net/news/articleView.html?idxno=16219895,https://www.topstarnews.net/news/articleView.html?idxno=16219895
고려대학교,ECONOTELLING,[김성희의 역사갈피] 간신의 대명사 명나라 '위충현',"2008년엔 고려대학교 언론학부 초빙교수로 강단에 선 이후 2014년까지 7년 간 숙명여자대학교 미디어학부 겸임교수로 미디어 글쓰기를 강의했다. 네이버, 프레시안, 국민은행 인문학사이트, 아시아경제신문, 중앙일보...",2026-09-28 07:00,http://www.econotelling.com/news/articleView.html?idxno=21360,http://www.econotelling.com/news/articleView.html?idxno=21360
고려대학교,연합뉴스,[아프리카 녹색전환] ④'광물주권' 앞세운 자원국들…한국의 그린 파트...,"서상현 고려대 아시아·아프리카개발협력센터 연구위원은 짐바브웨와 콩고민주공화국(DRC)... 함께 고려해야 한다고 지적했다. 그는 현지 가공의 경제성이 비교적 높은 분야로 DRC와 잠비아의 구리·코발트, 짐바브웨의 리튬...",2026-09-28 07:00,https://www.yna.co.kr/view/AKR20260911059200898?input=1195m,https://n.news.naver.com/mnews/article/001/0016339529?sid=101
서울대학교,대전일보,"[대일논단] 민주적 결정, 다시 묻는 명분은 어디에 있는가",최근 지역의 중요 현안이었던 충남대학교와 국립공주대학교의 통합안이 대학공동체의 투표에 부쳐졌다.... 현 정부는 '5극3특'과 '서울대 10개 만들기'를 통해 국가거점국립대학을 교육·연구·산업을 연결하는...,2026-09-28 07:00,https://www.daejonilbo.com/news/articleView.html?idxno=2303596,https://n.news.naver.com/mnews/article/656/0000187902?sid=110
서울대학교,BUSINESSPOST,[Who Is ?] 안와르 알 히즈아지 에쓰오일 대표이사,"△장애인과 함께 하는 '감동의 마라톤' 15년째 후원 에쓰오일은 2026년 6월14일 서울 마포구 본사에서... 국민대학교 경영학부 교수, 강진아 서울대학교 기술경영경제정책대학원 교수가 독립이사를 맡고 있다. 이사회...",2026-09-28 07:00,https://www.businesspost.co.kr/BP?command=article_view&num=445463,https://www.businesspost.co.kr/BP?command=article_view&num=445463
서울대학교,머니투데이,"검사비 3만원도 못 냈는데...""장례 치를 돈 없어"" 가족 있어도 혼자였다","상속받을 재산이 있는 자녀들만 돌아가시기 직전에 부모를 찾는 경우가 많습니다."" 무연고 사망자 증가와 관련한 서이종 서울대 사회학과 교수의 진단이다. 초고령화와 1인 가구 증가에 따른 자연스런 현상으로만 보기는...",2026-09-28 07:00,https://www.mt.co.kr/politics/2026/09/28/2026092718315780861,https://n.news.naver.com/mnews/article/008/0005418797?sid=100
서울대학교,텐아시아,"연예인 금수저는 다르네…신동엽 딸은 서울대·박명수 딸은 한예종, 무...",앞서 신동엽도 발레를 전공한 딸 신지효 양의 서울대학교 합격 소식을 전해 화제를 모았다. 신지효 양은 5세 때 발레를 시작해 선화예중과 선화예고에서 전공을 이어왔다. 올해 서울대학교 체육교육과에 입학하면서...,2026-09-28 07:00,https://www.tenasia.co.kr/article/2026092772504,https://m.entertain.naver.com/article/312/0000777716
고려대학교,머니투데이,"검사비 3만원도 못 냈는데...""장례 치를 돈 없어"" 가족 있어도 혼자였다","윤인진 고려대 사회학과 교수는 ""대부분 경제력이 없는 부모를 자녀가 돌보지 못하거나 방치하는 경우가... 서 교수는 ""사회공동체 약화와 구조적 원인을 고려하면 이런 현상은 더욱 심화할 가능성이 크다""고 했다. 윤...",2026-09-28 07:00,https://www.mt.co.kr/politics/2026/09/28/2026092718315780861,https://n.news.naver.com/mnews/article/008/0005418797?sid=100
연세대학교,CHRISTIANTODAY,"“이주민들 자녀교육 고민, 건강한 다문화 신앙인 양육으로”",교수(연세대 신촌캠퍼스 생명공학과)가 ‘전공 선택과 대학생활’을 전하는 등 선배 몽골인들이 강연했다. 또 『죽기엔 너무 젊고 살기엔 너무 가난하다』의 저자 김남순 소장(목회자은퇴준비연구소)은 ‘크리스천의...,2026-09-28 06:54,https://www.christiantoday.co.kr/news/377595,https://www.christiantoday.co.kr/news/377595
서울대학교,문화일보,"김난도 교수, 마포구민 만난다…‘마음의 트렌드’ 짚는다",‘트렌드 코리아’ 시리즈로 잘 알려진 김난도 서울대 소비자학과 명예교수가 마포구민을 만나 현대인의 마음건강과 미래 트렌드를 짚는다. 마포구는 다음 달 13일 마포중앙도서관 6층 마중홀에서 김 교수를 초청해...,2026-09-28 06:52,https://www.munhwa.com/article/11619692?ref=naver,https://n.news.naver.com/mnews/article/021/0002821412?sid=102
서울대학교,문화일보,"관악구, 서울대와 함께하는 ‘별빛원정대’ 모집…“과학·예술 융합 체...",서울 관악구(구청장 박준희)는 다음 달 31일 별빛내린천 수변무대 일대에서 여는 ‘과학예술융합놀이터... 박 구청장은 “이번 행사는 서울대 등 대학 교육 자원을 활용해 지역 청소년들에게 다양한 체험 기회를...,2026-09-28 06:47,https://www.munhwa.com/article/11619686?ref=naver,https://n.news.naver.com/mnews/article/021/0002821406?sid=102
연세대학교,QUEEN,"전문가 70% ""추가 부동산 대책 필요"" ... 최우선 과제는 '전월세시장 안...","박합수 건국대 부동산대학원 겸임교수는 ""과도한 세금 중과는 전월세가격으로 전가하는 등 시장 불안을... ◆설문 대상 전문가 20인 고종완 한국자산관리연구원 원장, 고준석 연세대 상남경영원 교수, 김규정...",2026-09-28 06:36,http://www.queen.co.kr/news/articleView.html?idxno=463888,http://www.queen.co.kr/news/articleView.html?idxno=463888
서울대학교,LABORTODAY,K-직업교육 세계와 나눈다,"최근 젠슨 황 엔비디아 최고경영자가 서울대를 찾아 ""요즘엔 K가 붙으면 큰 인기를 끈다""며 ""나를 K-젠슨이라 불러달라""고 말해 학생들의 환호를 받았다. 이는 'K'가 단순한 국가 표기를 넘어 창의성, 역동성, 미래 가능성을...",2026-09-28 06:34,https://www.labortoday.co.kr/news/articleView.html?idxno=236954,https://www.labortoday.co.kr/news/articleView.html?idxno=236954
서울대학교,KBS,“AI 시대에 필요한 것은요”…베트남 한국어 말하기 대회,"[레 투이 짱/2023년 수상자 : ""참가자들과의 교류, 그리고 선생님과 심사위원들의 진심 어린 조언이 서울대 진학과 한국을 향한 여정의 출발점이 되었습니다.""] 이번 대회 수상자들에게도 6개월의 한국 유학 기회가...",2026-09-28 06:33,https://news.kbs.co.kr/news/pc/view/view.do?ncd=8672279&ref=A,https://n.news.naver.com/mnews/article/056/0012263861?sid=104
고려대학교,매일신문,"SW 기획·개발 전 과정 참여…대구SW마이스터고, 실리콘밸리 취업자 역...","졸업 후에는 취업한 뒤 대학에 진학하는 경로가 열려 있다. 고려대·성균관대·경북대 등 소프트웨어 관련 학과의 재직자 특별전형으로 도전할 수 있다. 김유경 교장은 ""높은 취업률과 실리콘밸리 취업 성과는 학교의...",2026-09-28 06:31,https://www.imaeil.com/page/view/2026092419061712495,https://n.news.naver.com/mnews/article/088/0001030831?sid=102
고려대학교,서울경제,"“대학 기부금도 부익부 빈익빈”…연세대 1곳 , 사립대 109개와 맞먹어",연세대에 이어 고려대가 지난해 755억원의 기부금을 모금해 전체 사립대 중 2위를 기록했으며 성균관대가... 통해 대학 기부금 자체를 늘려야 한다고 주장한다. 실제 한국대학교육협회가 자체 분석한 결과에 따르면 이...,2026-09-28 06:31,https://www.sedaily.com/article/20095284?ref=naver,https://n.news.naver.com/mnews/article/011/0004665774?sid=102
연세대학교,서울경제,"“대학 기부금도 부익부 빈익빈”…연세대 1곳 , 사립대 109개와 맞먹어",지난해 연세대 한 곳이 모금한 기부금이 국내 109개 사립대학이 받은 기부금 전체 규모와 맞먹는 것으로... 통해 대학 기부금 자체를 늘려야 한다고 주장한다. 실제 한국대학교육협회가 자체 분석한 결과에 따르면 이...,2026-09-28 06:31,https://www.sedaily.com/article/20095284?ref=naver,https://n.news.naver.com/mnews/article/011/0004665774?sid=102
서울대학교,서울경제,"“대학 기부금도 부익부 빈익빈”…연세대 1곳 , 사립대 109개와 맞먹어",특히 서울 소재 주요 사립대나 유명 의대를 보유한 대학으로의 기부금 쏠림 현상으로 대학간 기부금 ‘부익부 빈익빈’ 현상이 심해지는 모습이다. 정부가 ‘서울대 10개 만들기’ 정책과 ‘지역 국립대 무상등록금’...,2026-09-28 06:31,https://www.sedaily.com/article/20095284?ref=naver,https://n.news.naver.com/mnews/article/011/0004665774?sid=102
연세대학교,ABCN,추억의 농구 경기,"대학 초년 시절, 태릉 육사 코트에서 전국 법학도 대항 농구대회가 열렸는데 결승에서 홈팀 육사를 꺾고... [조광권 필자는 고려대 법학과 학사, 연세대 도시행정학 석사, 한국학중앙연구원 정치학 박사이다. 1973년...",2026-09-28 06:30,https://www.abcn.kr/news/articleView.html?idxno=92382,https://www.abcn.kr/news/articleView.html?idxno=92382
서울대학교,ABCN,"김윤미, 외로운 개인을 일상의 장소로 끌어내는 '가벼운 공동체'",이에 대해 공석기 서울대 아시아연구소 연구교수는 이렇게 말한다. 우리가 꿈꾸는 지역공동체는 연줄에 기초한 강한 유대감을 가진 전통적인 공동체로 돌아가는 것을 의미하지 않는다. 가벼운 공동체(light...,2026-09-28 06:30,https://www.abcn.kr/news/articleView.html?idxno=92363,https://www.abcn.kr/news/articleView.html?idxno=92363
연세대학교,ABCN,"허효순 시인, 독일서 한영 시집 『먼 안부』 출간","[오봉옥 시인은 광주광역시에서 태어나 연세대 대학원에서 수학했다. 1985년 『창작과 비평』으로 등단했다.... 한송문학상을 수상했다. 현재 서울디지털대학교 교수, 문예지 『문학의 오늘』 편집인을 맡고 있다.]",2026-09-28 06:30,https://www.abcn.kr/news/articleView.html?idxno=92361,https://www.abcn.kr/news/articleView.html?idxno=92361
고려대학교,ABCN,추억의 농구 경기,"대학 초년 시절, 태릉 육사 코트에서 전국 법학도 대항 농구대회가 열렸는데 결승에서 홈팀 육사를 꺾고... [조광권 필자는 고려대 법학과 학사, 연세대 도시행정학 석사, 한국학중앙연구원 정치학 박사이다. 1973년...",2026-09-28 06:30,https://www.abcn.kr/news/articleView.html?idxno=92382,https://www.abcn.kr/news/articleView.html?idxno=92382
서울대학교,매일경제,“내가 그 주식을 대체 왜 샀을까”…오답노트의 고수가 찍은 미래 10년...,"했습니다.” 서울대 경영학과에 진학한 뒤 그의 투자 인생을 결정적으로 바꾼 것은 1997년 외환위기였다.... 그때 우연히 찾은 곳이 서울대 투자연구회(SMIC)였다. 이곳에서 황성환 타임폴리오자산운용 대표, 강성부 KCGI...",2026-09-28 06:28,https://www.mk.co.kr/article/12162187,https://n.news.naver.com/mnews/article/009/0005740494?sid=101
서울대학교,DNEWS,"정유 4사, 역래깅 파고 넘어 냉각시장ㆍ윤활기유 새활로","HD현대오일뱅크는 액침냉각 제품 ‘엑스티어 E-쿨링 플루이드’를 2025~2028년까지 4년간 네이버클라우드에 공급하는 계약을 맺고, 서울대ㆍ한국세라믹기술원과 교차 검증을 이어가고 있다. 다만 업계 관계자는...",2026-09-28 06:22,https://www.dnews.co.kr/uhtml/view.jsp?idxno=202609231642288520332,https://www.dnews.co.kr/uhtml/view.jsp?idxno=202609231642288520332
서울대학교,뉴스1,"[단독] 취업난에 서울대생도 졸업 미뤘다…""'초과 학기생' 600명 넘어""","취업난이 이어지면서 서울대에서도 정규 학기를 넘긴 뒤 1~3학점만 수강하는 학부생이 올해 1학기 600명을 넘어섰다. 최근 5년 새 가장 많은 규모로, 서울대 한 학년 입학 규모의 약 16%에 해당하는 수준이다....",2026-09-28 06:20,https://www.news1.kr/society/education/6302374,https://n.news.naver.com/mnews/article/421/0009194093?sid=102
고려대학교,GREENED,세종시교육청 새 부교육감에 'AI 정책통' 이윤홍…교육부 25년 경력,"배화여자고등학교와 고려대학교를 거쳤으며 행정고시 44회에 합격해 2001년 4월 9일 공직에 들어왔다. 공직 입문부터 이번 부임까지 약 25년 5개월 동안 교육부 본부와 대학, 교육연수기관을 오가며 교육행정...",2026-09-28 06:14,https://www.greened.kr/news/articleView.html?idxno=350821,https://www.greened.kr/news/articleView.html?idxno=350821
서울대학교,머니투데이,공학도·개발자 출신 증권사 대표…서비스 혁신 주도,◇약력 △1977년 출생 △서울대 전기공학부 학사 △미국 스탠퍼드대 경영과학·공학 및 전기공학 석사 △동 대학원 전기공학 박사 △네이버 SW 엔지니어 △인텔 수석연구원 △맥킨지앤드컴퍼니 팀장 △삼성전자 부장...,2026-09-28 06:10,https://www.mt.co.kr/stock/2026/09/28/2026092315322795282,https://n.news.naver.com/mnews/article/008/0005418789?sid=101
연세대학교,일간스포츠,[나고야 2026] 김영범·노엘진·황서현...나고야 흔든 '라이징 스타',AG 사상 처음으로 남자 3대3 농구에서 금메달을 획득한 이동근(고려대) 이주영·김승우(이상 연세대) 구민교(성균관대)도 한국 농구 기대주다. 네 선수 모두 올해 열리는 KBL 신인 드래프트에 참가한다. 육상 여자...,2026-09-28 06:10,https://isplus.com/article/view/isp202609270091,https://m.sports.naver.com/general/article/241/0003532534
고려대학교,일간스포츠,[나고야 2026] 김영범·노엘진·황서현...나고야 흔든 '라이징 스타',AG 사상 처음으로 남자 3대3 농구에서 금메달을 획득한 이동근(고려대) 이주영·김승우(이상 연세대) 구민교(성균관대)도 한국 농구 기대주다. 네 선수 모두 올해 열리는 KBL 신인 드래프트에 참가한다. 육상 여자...,2026-09-28 06:10,https://isplus.com/article/view/isp202609270091,https://m.sports.naver.com/general/article/241/0003532534
연세대학교,이데일리,"""AI시대, '사람 손길' 명품 된다…편의와 바꾼 '사고 외주화' 경고""",임일 연세대 AI미래혁신센터장(경영학과 교수)이 지난 21일 연세대 신촌캠퍼스에서 이데일리와 인터뷰를... 그는 노동 대체 과정에서 발생하는 사회적 진통에 대해선 “미국 대학생들 사이에서 본인들이 AI를 쓰면서도...,2026-09-28 06:09,https://www.edaily.co.kr/News/Read?newsId=01649846645584712&mediaCodeNo=257&utm_source=naver&utm_medium=referral&utm_campaign=news_syndication&utm_content=original_article,https://n.news.naver.com/mnews/article/018/0006376079?sid=105
서울대학교,세계일보,"한화에어로, ‘학력·나이 제한’ 경력채용 지침 사과","한화에어로스페이스에 따르면, 인사담당자가 지난달 경력직 공개채용 전에 서울·판교 근무지의 경우 서울대와 연세대, 고려대 등 국내 11개 대학이나 세계대학순위 100위권 해외 대학 출신에 1980년생 이하를 채용 기준으로...",2026-09-28 06:02,https://www.segye.com/newsView/20260927509742?OutUrl=naver,https://n.news.naver.com/mnews/article/022/0004162176?sid=101
서울대학교,이투데이,"[시론] 치유농업, 이제 과학에서 산업으로","이투데이=김창길 서울대 농업생명과학대학 특임교수·스마트치유산업포럼 원장 | 고령화와 만성질환, 우울과 스트레스, 번아웃과 사회적 고립이 우리 사회의 일상이 되고 있다. 병이 생긴 뒤 치료하는 것만으로는...",2026-09-28 06:02,https://www.etoday.co.kr/news/view/2629571,https://www.etoday.co.kr/news/view/2629571
고려대학교,세계일보,"한화에어로, ‘학력·나이 제한’ 경력채용 지침 사과","한화에어로스페이스에 따르면, 인사담당자가 지난달 경력직 공개채용 전에 서울·판교 근무지의 경우 서울대와 연세대, 고려대 등 국내 11개 대학이나 세계대학순위 100위권 해외 대학 출신에 1980년생 이하를 채용 기준으로...",2026-09-28 06:02,https://www.segye.com/newsView/20260927509742?OutUrl=naver,https://n.news.naver.com/mnews/article/022/0004162176?sid=101
고려대학교,의학신문,"""소아청소년 안심진료 최적 모델 정립하겠다""",대학병원급 교육·수련·연구 활동 활발 또한 우리아이들병원은 지역 중소병원의 역량을 넘어서 대학병원급에 버금가는 교육·수련·연구 기능도 수행하고 있다. 지난 4월 소청과 전문병원으로는 처음으로 고려대학교의료...,2026-09-28 06:02,https://www.bosa.co.kr/news/articleView.html?idxno=3012808,https://www.bosa.co.kr/news/articleView.html?idxno=3012808
연세대학교,세계일보,"한화에어로, ‘학력·나이 제한’ 경력채용 지침 사과","한화에어로스페이스에 따르면, 인사담당자가 지난달 경력직 공개채용 전에 서울·판교 근무지의 경우 서울대와 연세대, 고려대 등 국내 11개 대학이나 세계대학순위 100위권 해외 대학 출신에 1980년생 이하를 채용 기준으로...",2026-09-28 06:02,https://www.segye.com/newsView/20260927509742?OutUrl=naver,https://n.news.naver.com/mnews/article/022/0004162176?sid=101
연세대학교,조선일보,"""신촌역 1분인데 보증금 30만원""…주 45만원에 사는 9평 오피스텔","☞이사·출장·여행갈 때 잠깐 머물 집 고민 끝…수수료 부담없는 단단홈즈 주변에는 연세대와 서강대, 이화여대, 홍익대 등 대학가가 밀집해 있다. 연세대까지는 도보 약 10분 거리라고 호스트는 설명했다. 최소...",2026-09-28 06:02,https://realty.chosun.com/site/data/html_dir/2026/09/24/2026092401715.html,https://realty.chosun.com/site/data/html_dir/2026/09/24/2026092401715.html
서울대학교,SKYEDAILY,[리더가 사는 곳] 신약개발 승부사가 이끄는 명인제약… 유쾌·상쾌·통...,새로운 성장 전략을 짜는 이 대표의 보금자리는 서울 송파구 오금동의 가락우창아파트다. 5호선 개롱역과... 1960년생으로 대전고를 거쳐 1982년 서울대 화학교육과를 졸업했으며 1989년 KAIST에서 화학 박사학위를...,2026-09-28 06:02,https://m.skyedaily.com/news_view.html?ID=312076,https://m.skyedaily.com/news_view.html?ID=312076
서울대학교,쿠키뉴스,"바이브코딩 시대, ‘문제를 보는 눈’이 경쟁력이다 [유재은의 정책디자...",대학 교육도 이러한 변화에 주목해야 한다. 새로운 AI 도구와 프로그램을 가르치는 것은 필요하다. 그러나... 일자리위원회 위원 전 서울특별시 청년정책네트워크 정책평가단 고문 서울대학교 행정대학원 정책학 박사,2026-09-28 06:02,https://www.kukinews.com/article/view/kuk202609270035,https://www.kukinews.com/article/view/kuk202609270035
서울대학교,아시아투데이,[특파원 시선] 한국어라는 사다리의 다음 칸,"2023년 중고교 부문 수상자는 서울대에서 공부하고, 2024년 수상자는 우리 대사관에서 일하고 있다. 지난해 수상자 두 명은 이화여대에서 어학연수를 받고 있다. 이들에게 한국어는 한 칸씩 딛고 올라선 사다리였다. 올해...",2026-09-28 06:02,https://www.asiatoday.co.kr/kn/view.php?key=20260927010009356,https://www.asiatoday.co.kr/kn/view.php?key=20260927010009356
서울대학교,연합뉴스,"[삶] ""대학병원내 교수 급여차 2배이상…MRI등 처방 많으면 급여상승""","1964년 서울에서 태어난 김 교수는 서울대 의대를 최우등으로 졸업하고 같은 대학에서 의학 박사 학위를 받았다. 서울대 병원 종양내과 전공의, 류마티스 내과 전임의를 거쳐 2000년부터 한림대 성심병원 교수(류마티스...",2026-09-28 06:01,https://www.yna.co.kr/view/AKR20260927034200546?input=1195m,https://n.news.naver.com/mnews/article/001/0016339502?sid=102
서울대학교,조선비즈,[인터뷰] 송기헌 과방위원장 “‘티빙 개인정보 유출’ 과방위 차원서 ...,"우수 과학기술 인재를 확보하기 위한 과감한 투자도 필요하다.” ☞송기헌은 누구 강원 원주에서 태어나 원주고와 서울대 법대를 졸업했다. 1986년 제28회 사법시험에 합격한 뒤 서울중앙지검과 대구지검, 인천지검...",2026-09-28 06:01,https://biz.chosun.com/policy/politics/assembly/2026/09/28/A5HITXGSBBHRJLSK7WV4QLQQ6A/?utm_source=naver&utm_medium=original&utm_campaign=biz,https://n.news.naver.com/mnews/article/366/0001194614?sid=100
서울대학교,파이낸셜뉴스,"""1년 내내 칼 갈았다""...베트남 한국학 명문대들이 9월만 기다리는 이유...",대상 수장자인 레 득 틴 하노이대학교 한국어학과 학생은 인공지능(AI) 시대에 필요한 가치로 '인간의 공감과... 2023년 중고교 부문 수상자인 레 투이 짱씨는 현재 서울대학교에서 학업을 이어가고 있습니다. 대회 수상으로...,2026-09-28 06:01,https://www.fnnews.com/news/202609272347510259,https://n.news.naver.com/mnews/article/014/0005581313?sid=102
연세대학교,연합뉴스,"학교 200ｍ내 홀덤펍 전국 20곳…모두 서울, 신촌·홍대 집중",대부분이 지하철 2호선 신촌역에서 연세대삼거리로 이어지는 도로 인근과 홍대입구역 근처에 몰려 있었다. 성동구가 3곳으로 세 번째로 많았고 동대문·은평·노원·관악구에 각 1곳 있는 것으로 집계됐다. 홀덤펍은 술을...,2026-09-28 06:01,https://www.yna.co.kr/view/AKR20260924043200530?input=1195m,https://n.news.naver.com/mnews/article/001/0016339499?sid=102
서울대학교,아주경제,"[이학노 칼럼] 대미 투자의 '상업적 합리성', 금과옥조인가?",일이 또 발생하면 어쩌나 하는 걱정이 기우이기를 바라는 마음 간절하다. 이학노 필진 주요 이력 △서울대 경제학과 △텍사스대 오스틴캠퍼스 경제학 박사 △통상교섭민간자문위원회 위원장 △케이더블유 경제연구소 대표,2026-09-28 06:00,https://www.ajunews.com/view/20260927063438480,https://www.ajunews.com/view/20260927063438480
서울대학교,영남일보,"[박종문의 캠퍼스 오디세이] 일본 대학 10곳 세계 100위 내 진입, 왜 실...",박종문 논설위원 일본판 서울대 10개 만들기는 2013년 일본 아베 정부의 '일본재흥전략(日本再興?略)'에서... 대학 교원의 업무 가운데 연구시간 비중도 2002년 47.5%에서 2008년 36.1%로 낮아졌다. 교육과 대학 운영에 쓰는...,2026-09-28 06:00,https://www.yeongnam.com/web/view.php?key=20260927026320843,https://www.yeongnam.com/web/view.php?key=20260927026320843
연세대학교,SIDAE,[시대의창/김상근]놀란 감독의 오디세이에 놀람 II,"김상근 연세대 명예교수는 미국 프린스턴 신학대학원에서 박사학위를 받았으며 연세대 신과대학장, 연합신학대학원장을 역임했다. 그리스 로마 철학, 르네상스 연구의 권위자로 다양한 저서와 강연으로 널리 알려져...",2026-09-28 06:00,https://www.sidae.com/article/2026092314151675067,https://n.news.naver.com/mnews/article/417/0001159326?sid=110
고려대학교,메디파나뉴스,"[기고] AI 의료기기, 인공지능기본법 의무 별도로 지켜야 할까","|기고| 최미연 대표변호사(법률사무소 파나케이아) - 사법시험 제55회 합격, 사법연수원 제45기 수료 - 고려대학교 법과대학 학사 및 일반대학원 석사(행정법 전공) - 대한의료데이터협회 상임이사 - 한국보건의료정보원...",2026-09-28 06:00,https://www.medipana.com/news/articleView.html?idxno=418286,https://www.medipana.com/news/articleView.html?idxno=418286
서울대학교,NEWSWATCH,"[박수진의 금융人] 메리츠증권 장원재의 2막, '56만 고객' 잡고…'모음'...","장 대표는 서울대에서 수학 학사·석사 학위를, 미국 미네소타 대학(University of Minnesota)에서 수학 박사 학위를 취득했다. 이후 삼성증권 Capital Market본부 운용담당 상무를 거친 그는 메리츠금융그룹 내에서...",2026-09-28 06:00,http://www.newswatch.kr/news/articleView.html?idxno=81299,http://www.newswatch.kr/news/articleView.html?idxno=81299
서울대학교,이투데이,[알립니다] '2027 테크 퀘스트'가 대한민국 AI의 미래를 엽니다,이투데이는 창립 20주년을 맞아 10월 22일 서울 여의도 중소기업중앙회 KBIZ홀에서 ‘2027 테크 퀘스트(TECH... 이어 장병탁 서울대학교 컴퓨터공학부 교수가 '피지컬 AI의 거장이 그리는 2027 로보틱스 생태계'를 주제로...,2026-09-28 06:00,https://www.etoday.co.kr/news/view/2628621,https://www.etoday.co.kr/news/view/2628621
서울대학교,약사공론,"[인터뷰]""최선을 다하는 게 당연한 삶이었습니다""",서울대 약대 약학과를 수석 졸업한 뒤 미국 아이오와주립대에서 생화학·생물리학 박사학위를 받았다. 이후 국립보건안전연구원 보건연구관을 거쳐 1995년 덕성여대 약대 교수로 자리를 옮겼다. 연구자로서 오랫동안...,2026-09-28 05:56,https://www.kpanews.co.kr/news/articleView.html?idxno=544844,https://www.kpanews.co.kr/news/articleView.html?idxno=544844
서울대학교,서울신문,"“김혜수·엄정화, 애 안 낳아서 안 늙는다” 진짜?…출산한 여성, 몸에...",영상에는 백지연이 제작진과 함께 서울 종로구 서순라길에 위치한 유명 타코 가게를 방문한 모습이 담겼다.... 서울대 의대 교수 “출산 안 하면 덜 늙고 오래 산다” 주장 지난해 온라인 커뮤니티에서는 유성호 서울대...,2026-09-28 05:56,https://www.seoul.co.kr/news/life/health-news/2026/09/27/20260927500099?wlog_tag3=naver,https://n.news.naver.com/mnews/article/081/0003683849?sid=103
서울대학교,약사공론,[일반의약품] '부비동염·중이염' 약을 권하지 않아야 할 때,"Otolaryngol Head Neck Surg. 2016;154(1S):S1-S41. 10) 서울대학교병원 의학정보. 급성 부비동염. 11) Sahi D, Nguyen H, Callender KD. Mastoiditis. In: StatPearls. Treasure Island (FL): StatPearls Publishing; 2023.",2026-09-28 05:52,https://www.kpanews.co.kr/news/articleView.html?idxno=544576,https://www.kpanews.co.kr/news/articleView.html?idxno=544576
고려대학교,내일신문,"고려대·경북대, 흔한 당으로 항암제 원료 만든다",고려대는 생명과학대학 김경헌 교수팀과 경북대 식품공학부 김동현 교수팀이 자연에 흔한 ‘D-리보오스’를 의약품 원료로 쓰이는 ‘L-리보오스’로 98% 이상 바꾸는 데 성공했다고 27일 밝혔다. 리보오스는 당의 한...,2026-09-28 05:50,https://www.naeil.com/news/read/603435?ref=naver,https://www.naeil.com/news/read/603435?ref=naver
서울대학교,메디칼타임즈,"""15년 헬스케어 노하우… AI·지역사회 잇는 플랫폼으로""",대한디지털헬스학회 김현정 이사장(서울대 치과병원 마취통증의학과)과 이성환 국제이사(분당차병원 외과)... 연세대학교 미래캠퍼스로 본사를 전격 이전했습니다. 헬스케어의 무게중심이 점차 병원을 넘어 지역사회와...,2026-09-28 05:30,https://www.medicaltimes.com/Main/News/NewsView.html?ID=1170831&ref=naverpc,https://www.medicaltimes.com/Main/News/NewsView.html?ID=1170831&ref=naverpc
연세대학교,메디칼타임즈,"""15년 헬스케어 노하우… AI·지역사회 잇는 플랫폼으로""","위치한 연세대학교 미래캠퍼스로 본사를 전격 이전했습니다. 헬스케어의 무게중심이 점차 병원을 넘어... - 강원도의 '원주 AI 헬스케어 글로벌 혁신 특구 사업'의 주요 사업자로서, 연세대학교 미래캠퍼스 내 디지털...",2026-09-28 05:30,https://www.medicaltimes.com/Main/News/NewsView.html?ID=1170831&ref=naverpc,https://www.medicaltimes.com/Main/News/NewsView.html?ID=1170831&ref=naverpc
서울대학교,서울신문,[데스크 시각] 부부는 법정에서도 서로의 동료인가,"둘은 동갑내기이자 서울대 법대 88학번 동기로 알려졌다. 백 판사는 캄보디아 크메르루즈 특별재판소 국제재판관을 지낸 국제 형사법 전문가다. 백 판사는 현재 서울고법에 재직 중인데, 해당 재판부 사건이 대법원에...",2026-09-28 05:11,https://www.seoul.co.kr/news/editOpinion/column/journalist-viewpoint/2026/09/28/20260928027004?wlog_tag3=naver,https://n.news.naver.com/mnews/article/081/0003683844?sid=110
연세대학교,세계일보,100억 자산가 황현희가 예능을 등질 수밖에 없었던 이유,"세계일보 자료사진 서울시 은평구에서 태어난 황현희는 관동대학교에서 법학과 행정학을 전공한 뒤, 2004년... 연세대학교 경제대학원 기업경제 석사과정에 진학해 경제와 금융의 구조를 바닥부터 파기 시작했고, 철저한...",2026-09-28 05:09,https://www.segye.com/newsView/20260722516437?OutUrl=naver,https://n.news.naver.com/mnews/article/022/0004162164?sid=103
연세대학교,뉴스1,"다음 카드는 '전월세 안정'…전문가 70% ""추가 대책 필요""","박합수 건국대 부동산대학원 겸임교수는 ""과도한 세금 중과는 전월세가격으로 전가하는 등 시장 불안을... ◆설문 대상 전문가 20인 고종완 한국자산관리연구원 원장, 고준석 연세대 상남경영원 교수, 김규정...",2026-09-28 05:05,https://www.news1.kr/realestate/general/6300209,https://n.news.naver.com/mnews/article/421/0009194033?sid=101
연세대학교,서울신문,"AI시대, 지식인의 자리는 어디인가 [모종린의 문화로 읽는 AI시대]",보스턴칼리지 연구원 제프리 산젠바커의 분석에 따르면 챗GPT 출시 이후 55세 이상 대학교원이 1년 안에... 더 많은 지식을 가진 사람이 아니라 철학을 가지고 현장에 서는 사람이다. 모종린 연세대 국제학대학원 명예교수,2026-09-28 05:04,https://www.seoul.co.kr/news/editOpinion/opinion/MoJongryn-AI/2026/09/28/20260928025001?wlog_tag3=naver,https://n.news.naver.com/mnews/article/081/0003683820?sid=110
서울대학교,서울신문,“삶을 더 사랑하기 위해 죽음의 방식 치열하게 논의해야” [월요인터뷰...,"지난 22일 서울 관악구 서울대 의대 강의실에서 만난 법의학자 유성호(54) 교수는 “우리는 흔히 죽음을 병원이라는 공간에 격리하고 외면하지만, 사(死)는 생(生)의 연장선이자 마침표”라며 죽음을 올바르게 마주해야...",2026-09-28 05:03,https://www.seoul.co.kr/news/plan/monday-interview/2026/09/28/20260928016001?wlog_tag3=naver,https://n.news.naver.com/mnews/article/081/0003683795?sid=102
서울대학교,글로벌이코노믹,[K금융 리더] 임종룡號 자산관리·기업금융 '레벨 업'… 비은행·자본 동...,"서울대 연계 교육을 통해 AI·데이터 전문인력 50명을 양성하고, 2029년 완공을 목표로 8500억 원 규모의 ‘AI 디지털 유니버스’ 건립도 추진하고 있다. 시장 평가도 달라졌다. 임 회장이 취임 첫해인 2023년 9월 자사주...",2026-09-28 05:02,https://www.g-enews.com/view.php?ud=202609231322513922e30fcb1ba8_1,https://www.g-enews.com/view.php?ud=202609231322513922e30fcb1ba8_1
고려대학교,이투데이,접속 막아도 '새 주소'로 다시 활동…텔레그램 추적도 한계 [K콘텐츠 방...,"정윤경 고려대학교 법학연구원 학술연구교수는 “기존 차단조치를 우회하는 후속 사이트에 신속히 대응할 수 있는 절차를 마련하여야 한다”며 “도메인 등록기관, 호스팅업체, 검색·광고·결제사업자 등 인터넷...",2026-09-28 05:00,https://www.etoday.co.kr/news/view/2628802,https://www.etoday.co.kr/news/view/2628802
서울대학교,뉴시스,AI가 해체한 음악의 영토…그래도 '인간의 서사'는 남는다,문화산업 사회학자인 고윤화 서울대 한류연구센터 연구원은 대중이 AI 음악 앞에서 느끼는 이질감의 근원으로 '서사(Narrative)'의 부재를 꼽는다. 방탄소년단의 음악이 전 세계 청자들의 심장을 울린 까닭은 일곱...,2026-09-28 05:00,https://www.newsis.com/view/NISX20260922_0003800467,https://m.entertain.naver.com/article/003/0014216380
서울대학교,동아일보,[단독]“온실가스 감축 기술투자 기업 지원” 목적인데…렌터카 업계에...,홍종호 서울대 환경대학원 교수는 “이른바 ‘기후 테크’를 지원하는 것은 정책 목표에 부합하지만 렌터카 업계가 CCUS의 4배에 이르는 지원을 받는 것은 납득하기 어렵다”고 꼬집었다. ● 감축 계획만 내도 지원...,2026-09-28 04:34,https://www.donga.com/news/Society/article/all/20260927/134739515/2,https://n.news.naver.com/mnews/article/020/0003750928?sid=102
고려대학교,동아일보,[단독]중수청장 후보 이어 차장도 檢출신 검토,"광주 출신으로 대동고와 고려대 법학과를 졸업한 임 변호사는 검찰 재직 당시 노동과 공안, 중대재해 사건 등을 전담한 대표적인 ‘공안통’이다. 대검 공안 1·2과장과 서울중앙지검 공안부장을 두루 지냈다. 대검...",2026-09-28 04:32,https://www.donga.com/news/Society/article/all/20260928/134739502/2,https://n.news.naver.com/mnews/article/020/0003750883?sid=102
고려대학교,동아일보,반도체 호황에 올해 초과세수 85조… 미래기금 200조 넘을듯,김태일 고려대 행정학과 교수는 “평상시보다 늘어난 세수를 기금으로 적립해 필요한 데 쓰는 건 적절하지만 국회 심사 등을 기존처럼 유지해야 정부가 재량으로 지출을 늘리는 것을 방지할 수 있다”고 지적했다.,2026-09-28 04:32,https://www.donga.com/news/Economy/article/all/20260928/134739505/2,https://n.news.naver.com/mnews/article/020/0003750882?sid=101
고려대학교,한국일보,구한말의 교훈으로 보는 AI시대의 빛과 그림자 [헌법학자의 눈으로 본 ...,"개항에 따른 위험성을 알고 적절하게 대응했다면, 쇄국정책의 폐해를 피할 수 있었을 것이라는 역사의 교훈을 되새겨야 할 때다. 장영수 진화위 상임위원·고려대 명예교수",2026-09-28 04:31,https://www.hankookilbo.com/news/article/A2026092312590003764?did=NA,https://n.news.naver.com/mnews/article/469/0000956244?sid=110
연세대학교,동아일보,서울 아파트값 85주째 올라 ‘역대 최장’ 타이… 전월세도 동반상승,고준석 연세대 상남경영원 교수는 “신규 입주 물량이 적은 상황에서 토허구역 지정으로 실거주 의무가 부여되다 보니 매물 부족으로 인한 전월세 가격 상승이 이어지고 있다”고 했다.,2026-09-28 04:31,https://www.donga.com/news/Economy/article/all/20260928/134739694/2,https://n.news.naver.com/mnews/article/020/0003750871?sid=101
서울대학교,한국일보,"40년 전 민중을 향했던 판화가의 고민, '집단적 흥'의 경지에 오르다",서울 종로구 평창동에 있는 서울시립 미술아카이브는 오윤의 예술에 대한 이해를 깊게 하는 소장자료... 서울대 조소과 재학 시절 홍명희 소설 '임꺽정' 속 우직한 인물 '개도치'를 자처하며 판각에 대한 집념과 민중의...,2026-09-28 04:31,https://www.hankookilbo.com/news/article/A2026092213360003092?did=NA,https://n.news.naver.com/mnews/article/469/0000956233?sid=103
서울대학교,한국일보,칠순 할머니 두고 세 살 손자가 '가족 대표'… 없애는 데 꼬박 50년 걸린...,"김광억 서울대 인류학과 교수는 ""중국과 일본 역시 유교문화권이지만 호주제가 사라졌다""고 강조했다. 호주제 폐지가 곧 가족과 사회질서의 해체로 이어진다는 주장은 성립하기 어렵다는 취지다. 한경혜 서울대...",2026-09-28 04:31,https://www.hankookilbo.com/news/article/A2026092211090003925?did=NA,https://n.news.naver.com/mnews/article/469/0000956242?sid=102
서울대학교,한국일보,"'오운완'과 '런태기', 우리 스포츠가 제 말을 갖기 시작했다  [인문산책...","오운완도 런태기도 보통 사람이 제 몸의 뜻을 펴려고 지은 말이다. 다가오는 한글날, 세종대왕께 감사할 체육적 이유 하나가 여기에 있다. 최의창 서울대 체육교육과 교수",2026-09-28 04:30,https://www.hankookilbo.com/news/article/A2026092309320005847?did=NA,https://n.news.naver.com/mnews/article/469/0000956224?sid=110
고려대학교,머니투데이,"""잠시 기다려주시면..."" 상담사 연결까지 1시간, '요금 폭탄' 터진다?","이성엽 고려대학교 교수는 ""이동통신요금은 계속 인하됐는데 부가통화요금은 몇 년째 그대로""라면서 ""전화 부가통화 대가는 신고제 방식으로 돼 있어 정부가 손대지 못하는데 고객의 숨은 요금부담도 확인할 필요가...",2026-09-28 04:17,https://www.mt.co.kr/tech/2026/09/28/2026092719251515929,https://n.news.naver.com/mnews/article/008/0005418766?sid=105
서울대학교,NONGMIN,"어지럽고 눈앞 캄캄…갑작스러운 실신, 조심해야 하는 이유","최서영 부산대학교 신경과 교수는 유튜브 건강 채널을 통해 “심장성 실신의 경우 전조증상 없이 갑자기... ◇도움말=질병관리청, 서울대학교병원 건강은 행복의 기본이자 최고의 자산입니다. 하지만 나이가 들수록 점점...",2026-09-28 04:00,https://www.nongmin.com/article/20260921500238,https://n.news.naver.com/mnews/article/662/0000105120?sid=103
서울대학교,국민일보,묶어도 오르고 풀면 더 오르고… ‘토허제 덫’에 걸린 정부,지난해 10·15 대책 이후 서울 전역과 경기 주요 지역을 토지거래허가구역으로 묶은 지 1년을 앞두고 있지만... 보고서를 쓴 문소현 서울대 국토문제연구소 연구원은 “토허제가 단기적인 거래 억제 수단으로 기능할 수...,2026-09-28 02:07,https://www.kmib.co.kr/article/view.asp?arcid=9000017633&cp=nv,https://n.news.naver.com/mnews/article/005/0001875264?sid=101
고려대학교,뉴스티앤티,"세종시교육청, 이윤홍(李侖泓) 부교육감 부임","이윤홍 부교육감은 배화여자고등학교·고려대학교를 졸업했으며, 행정고시 44회에 합격해 지난 2001년 공직에 입문한 후 교육부 창조행정담당관·혁신행정담당관·운영지원과장·장관 비서실장·부경대 사무국장...",2026-09-28 02:00,https://www.newstnt.com/news/articleView.html?idxno=720231,https://www.newstnt.com/news/articleView.html?idxno=720231
서울대학교,국민일보,김지훈 英길드홀 첫 한국인 교수 임용… “한국 가곡 선택과목 개설 방...,"서울대 성악과와 이탈리아 밀라노 베르디 국립음악원을 졸업한 김 교수는 오스트리아 페루초 탈리아비니 콩쿠르, 이탈리아 루이지 일리카 콩쿠르 등 유럽 유수의 국제 성악 콩쿠르에서 1위를 차지했고 유럽 주요 오페라...",2026-09-28 01:25,https://www.kmib.co.kr/article/view.asp?arcid=9000017630&cp=nv,https://n.news.naver.com/mnews/article/005/0001875262?sid=103
고려대학교,조선일보,“위암 직행열차” 피해야 할 습관 세 가지,최근 고려대 안암병원 위장관외과 이인영 교수가 유튜브 채널 ‘건나물TV’를 통해 “위암은 좋다는 음식만으로 막는 병이 아니다”라며 위 건강을 해치는 생활 습관들을 소개했다. 위 건강을 위해 평소 피해야 하는...,2026-09-28 01:01,https://health.chosun.com/site/data/html_dir/2026/09/23/2026092303300.html,https://n.news.naver.com/mnews/article/346/0000116573?sid=103
연세대학교,조선일보,"독박육아 대신 일터… 30대 후반 女고용, 이대남 제쳤다","20대 후반 여성 고용률도 작년부터 2년 연속 하락하고 있다. 김정식 연세대 교수는 “20대 후반의 취업난이 장기화할 경우 결혼, 출산도 연쇄적으로 늦어지면서 또 다른 사회 문제를 낳을 수 있다”고 말했다.",2026-09-28 00:49,https://www.chosun.com/economy/economy_general/2026/09/28/77OXJ5KTKRBAVH3RSK5W7ZGJQM/?utm_source=naver&utm_medium=referral&utm_campaign=naver-news,https://n.news.naver.com/mnews/article/023/0004000669?sid=101
서울대학교,조선일보,“해운대보다 부캉이” 추석 연휴 46만명 몰렸다,곽금주 서울대 심리학과 명예교수는 “대전 오월드를 탈출했던 늑대 ‘늑구’에 사람들이 열광했듯 인간은 야생동물의 자유로움을 통해 대리 만족을 느끼는 감정이 있다”고 했다. 부캉이는 곧 먼 바다로 돌아갈...,2026-09-28 00:47,https://www.chosun.com/national/regional/2026/09/28/HQSLDGBIYFCQNDLIXTLBPRVEYI/?utm_source=naver&utm_medium=referral&utm_campaign=naver-news,https://n.news.naver.com/mnews/article/023/0004000663?sid=102
고려대학교,조선일보,취업 자소서 대신 서술형 문답 40개… 온라인 인터뷰까지,김성희 고려대 노동대학원 교수는 “기업들이 구직자를 다각도로 검증해야 할 책임을 구직자에게 전가하는 건 아닌지 고민해볼 필요가 있다”고 했다. 실제 취업 준비생이 서류 전형에 통과하기는 갈수록 어려워지고...,2026-09-28 00:47,https://www.chosun.com/national/national_general/2026/09/28/ERLELRRJM5FNVBHAF7IYBUHQF4/?utm_source=naver&utm_medium=referral&utm_campaign=naver-news,https://n.news.naver.com/mnews/article/023/0004000665?sid=102
고려대학교,국민일보,[글로벌 포커스] 파병하지 않으면 안전한가,언제 가는가. 어디까지 할 것인가. 어떻게 우리 장병과 선원을 지킬 것인가.’ 이러한 질문에 분명히 답할 수 있을 때 비로소 호르무즈 파병은 대한민국의 선택이 된다. 마영삼 전 주이스라엘대사·고려대 아연 연구위원,2026-09-28 00:34,https://www.kmib.co.kr/article/view.asp?arcid=9000017603&cp=nv,https://n.news.naver.com/mnews/article/005/0001875241?sid=110
고려대학교,주간조선,"""1980년생 이하·11개 대학만""…한화에어로, 채용 가이드라인 결국 사과","논란이 된 내부 가이드라인에는 경력직 채용 시 '1980년생 이하'를 연령 기준으로 제시하고, 서울·판교 근무자의 경우 서울대·연세대·고려대 등을 포함한 국내 11개 대학 출신자를 대상으로 하는 내용이 담긴 것으로...",2026-09-28 00:30,http://weekly.chosun.com/news/articleView.html?idxno=55649,https://n.news.naver.com/mnews/article/053/0000061818?sid=102
서울대학교,주간조선,"""1980년생 이하·11개 대학만""…한화에어로, 채용 가이드라인 결국 사과","논란이 된 내부 가이드라인에는 경력직 채용 시 '1980년생 이하'를 연령 기준으로 제시하고, 서울·판교 근무자의 경우 서울대·연세대·고려대 등을 포함한 국내 11개 대학 출신자를 대상으로 하는 내용이 담긴 것으로...",2026-09-28 00:30,http://weekly.chosun.com/news/articleView.html?idxno=55649,https://n.news.naver.com/mnews/article/053/0000061818?sid=102
연세대학교,주간조선,"""1980년생 이하·11개 대학만""…한화에어로, 채용 가이드라인 결국 사과","논란이 된 내부 가이드라인에는 경력직 채용 시 '1980년생 이하'를 연령 기준으로 제시하고, 서울·판교 근무자의 경우 서울대·연세대·고려대 등을 포함한 국내 11개 대학 출신자를 대상으로 하는 내용이 담긴 것으로...",2026-09-28 00:30,http://weekly.chosun.com/news/articleView.html?idxno=55649,https://n.news.naver.com/mnews/article/053/0000061818?sid=102
서울대학교,GOLFJOURNAL,음악과 함께 하는 골프 이야기 : 코트의 전설 이종경 선수와의 라운드,"김동섭 성악가 서울대학교 음대 성악과 졸업. 뮌헨 음대 가곡과 오페라와 최고 연주자 과정 졸업. 뮌헨(ARD)... 대한배구협회 전무이사로 한국 배구를 위한 배구 행정도 했으며, 현재는 경기대학교 교수로 후학들을 양성하고...",2026-09-28 00:30,https://www.golfjournal.co.kr/news/articleView.html?idxno=11072,https://www.golfjournal.co.kr/news/articleView.html?idxno=11072
서울대학교,중앙일보,"[서경호의 시선] 주병기호 공정위 1년, 빛과 그림자","책에서 이 챕터를 쓴 사람은 주병기 당시 서울대 경제학부 교수, 지금의 공정거래위원장이다. 환경·사회·지배구조를 뜻하는 ESG 경영을 한국이 잘하면 국가와 기업의 가치를 높일 수 있음을 강조하기 위해 현실을 더...",2026-09-28 00:18,https://www.joongang.co.kr/article/25465100,https://n.news.naver.com/mnews/article/025/0003554078?sid=110
연세대학교,강원도민일보,강원청년경제인연합회 'AI·양자기술' 산업 현장 활용 모색,"이날 강연을 맡은 김평식 연세대 겸임교수는 ""양자컴퓨터가 내 사업과 무슨 관계가 있을까?""라는 화두로 강의를 시작했다. 김 교수는 배송지 100곳의 최단 경로를 찾는 사례를 들어 양자컴퓨팅이 물류 등 산업 현장에...",2026-09-28 00:08,https://www.kado.net/news/articleView.html?idxno=2075019,https://n.news.naver.com/mnews/article/654/0000202611?sid=101
연세대학교,강원도민일보,연세대 미래캠 헌혈릴레이 1위 선정,대한적십자사 강원도혈액원은 22일 연세대 미래캠퍼스에서 '대학 헌혈릴레이' 우수 참여대학 1위(최우수)로 선정된 연세대학교 미래캠퍼스에 표창을 전달했다.,2026-09-28 00:08,https://www.kado.net/news/articleView.html?idxno=2074999,https://n.news.naver.com/mnews/article/654/0000202591?sid=102
연세대학교,강원일보,수능 코앞 ‘수시 올인’은 금물 ‘수능 성적’이 당락 좌우,"2027학년도 기준 도내 의과대학 4곳(가톨릭관동대, 강원대, 연세대 미래캠퍼스, 한림대)은 지역의사제 선발인원 63명 전원에 수능 최저학력기준을 적용한다. 강원대 치의예과·약학과·수의학과, 상지대 한의예과 등을...",2026-09-28 00:07,https://www.kwnews.co.kr/article/20260927500544,https://n.news.naver.com/mnews/article/087/0001220543?sid=102
서울대학교,강원도민일보,평창형 소규모 학교 혁신 모델 만든다,"평창교육지원청은 22일 교육지원청 대회의실에서 심재국 군수, 이창열 군의장과 군의원, 이정균 도의원, 군내 각급 학교 교장과 학교운영위원장, 서울대 그린바이오기술원·군이장연합회·군번영회장 관계자와 주민 등이...",2026-09-28 00:07,https://www.kado.net/news/articleView.html?idxno=2074972,https://n.news.naver.com/mnews/article/654/0000202566?sid=102
서울대학교,강원도민일보,"""국가책임 유효기간 없다…과거사재단 설립 피해회복 온힘""",송 위원장과의 인터뷰는 지난 18일 강원대학교 미래광장에서 진행됐다. 주요 내용을 싣는다. -제3기 진실... 출생 △서울 충암고·서울대 공법학과 졸업 △제34기 사법연수원 수료 △법무법인 덕수 변호사 △민주사회를 위한...,2026-09-28 00:05,https://www.kado.net/news/articleView.html?idxno=2074943,https://n.news.naver.com/mnews/article/654/0000202537?sid=100
고려대학교,강원일보,"김영수 의정관, 신임 행정부지사 내정…여중협 부지사는 국민생명위 기...","여 부지사는 원주 대성고와 고려대를 졸업했으며 행정고시로 공직에 입문해 행안부 윤리담당관, 청와대 의전행정관, 행안부 법무담당관, 인천광역시 기획조정실장, 행안부 차세대지방재정 세입정보화추진단장 등을...",2026-09-28 00:03,https://www.kwnews.co.kr/article/20260927501016,https://n.news.naver.com/mnews/article/087/0001220525?sid=100
서울대학교,강원일보,"김영수 의정관, 신임 행정부지사 내정…여중협 부지사는 국민생명위 기...","김 의정관은 홍천중과 춘천고, 서울대 사회교육학과를 졸업했으며 행정고시에 합격해 행자부 중앙공무원교육원 기획협력과장, 미래정보학과장, 행자부 장관 비서실장, 공공서비스혁신과장, 청와대 의전비서관실...",2026-09-28 00:03,https://www.kwnews.co.kr/article/20260927501016,https://n.news.naver.com/mnews/article/087/0001220525?sid=100
서울대학교,FNTIMES,“증권사 65% 디지털자산 정규조직 구축”…미래·신한 ‘앞장’,"올해 3월 합류한 최인수 부서장은 서울대 경제학부를 졸업하고 약 20년간 블록체인과 핀테크 분야에서... 정 본부장은 연세대학교 컴퓨터과학을 전공했으며, 대신증권과 KB증권, KB국민은행, 카카오페이...",2026-09-28 00:02,https://www.fntimes.com/html/view.php?ud=202609231728515691dd55077bc2_18,https://www.fntimes.com/html/view.php?ud=202609231728515691dd55077bc2_18
서울대학교,KSILBO,국공립 중심 공공의료정책 울산 소외,특히 울산대학교 의과대학도 지역 자체를 교육 자원으로 활용하는 등 의학교육을 다방면으로 확대하고 있어... 성균관대·울산대·서울대 등 이른바 '빅5' 연계 의대가 첨단진료와 의료산업 등에서 독특한 위상을 갖는 만큼...,2026-09-28 00:02,https://www.ksilbo.co.kr/news/articleView.html?idxno=1068295,https://www.ksilbo.co.kr/news/articleView.html?idxno=1068295
고려대학교,FNTIMES,“증권사 65% 디지털자산 정규조직 구축”…미래·신한 ‘앞장’,"정 본부장은 연세대학교 컴퓨터과학을 전공했으며, 대신증권과 KB증권, KB국민은행, 카카오페이... 고려대 법학과 출신으로 리테일 전략팀장과 본부장 등을 거친 김 본부장을 중심으로 디지털자산 금융상품의 구현...",2026-09-28 00:02,https://www.fntimes.com/html/view.php?ud=202609231728515691dd55077bc2_18,https://www.fntimes.com/html/view.php?ud=202609231728515691dd55077bc2_18
연세대학교,FNTIMES,“증권사 65% 디지털자산 정규조직 구축”…미래·신한 ‘앞장’,"연세대 신소재공학과를 졸업한 뒤 자산운용사와 증권사에서 주식운용과 부동산 대체투자 업무를 거쳤으며... 정 본부장은 연세대학교 컴퓨터과학을 전공했으며, 대신증권과 KB증권, KB국민은행, 카카오페이...",2026-09-28 00:02,https://www.fntimes.com/html/view.php?ud=202609231728515691dd55077bc2_18,https://www.fntimes.com/html/view.php?ud=202609231728515691dd55077bc2_18
서울대학교,교수신문,"""호메로스 다음은 셰익스피어""...숭배 대신 비평으로 읽은 대문호","서울대 영어교육과를 나와 미국 위스콘신대(밀워키)에서 새뮤얼 존슨 연구로 박사학위를 받았고, 한국영어영문학회장과 국제비교문학회 부회장을 지냈다. 1985년 『포스트모더니즘』을 번역해 국내에 포스트모더니즘...",2026-09-27 23:18,https://www.kyosu.net/news/articleView.html?idxno=210724,https://www.kyosu.net/news/articleView.html?idxno=210724
연세대학교,교수신문,"""호메로스 다음은 셰익스피어""...숭배 대신 비평으로 읽은 대문호","그는 30여 년간 대학에서 비평과 이론을 가르치며 ""영문학 비평의 역사는 바로 셰익스피어 비평의 역사와... 윤민우 연세대 명예교수(전 한국영어영문학회장)는 추천사에서 ""18세기 영국 신고전주의 대가 새뮤얼 존슨이...",2026-09-27 23:18,https://www.kyosu.net/news/articleView.html?idxno=210724,https://www.kyosu.net/news/articleView.html?idxno=210724
고려대학교,점프볼,“예전엔 그냥 봤는데…” 동국대 유정원이 프로농구 관중석에서 유심...,"프로의 기운을 가득 담은 그의 시선은 이제 대학리그 막바지로 향한다. 직전 경기에서 대어 고려대를 꺾고... 유정원은 ""대학교 4년의 마지막 홈 경기다. 꼭 승리로 마무리 짓고 싶다. 건국대도 마찬가지로 우리가 1학기 때...",2026-09-27 23:13,https://m.sports.naver.com/basketball/article/065/0000302128,https://m.sports.naver.com/basketball/article/065/0000302128
고려대학교,서울경제,“한국 농구 22번 누구야? 배우인 줄”…금메달 따고 더 난리 난 204㎝ 선...,"여준석은 고교 시절 호주 NBA 글로벌 아카데미에서 생활했고, 고려대에 진학한 뒤 2022년 해외 진출을 선언했다. 2023년에는 미국 대학농구 명문 곤자가대에 합류했고 이후 더 많은 출전 기회를 얻기 위해 시애틀대로...",2026-09-27 23:08,https://www.sedaily.com/article/20095316?ref=naver,https://n.news.naver.com/mnews/article/011/0004665728?sid=104
서울대학교,TOURNEWS21,"세종시, 'AI 행정 전문가' 배일권 행정부시장 취임…스마트 행정수도에...",배 신임 행정부시장은 1972년 서울 출생으로 서울대학교 사회학과를 졸업한 뒤 서울대 대학원과 미국 시라큐스대학교 대학원에서 행정학 석사학위를 취득했다. 1999년 제42회 행정고시에 합격하면서 공직에 입문한 이후...,2026-09-27 23:02,https://www.tournews21.com/news/articleView.html?idxno=144325,https://www.tournews21.com/news/articleView.html?idxno=144325
연세대학교,뉴스웍스,"호남 반도체, 석 달 새 입지·전력·용수 '첫 단추'…남은 관문은?","같은 날 광주상공회의소에서 열린 국제포럼에서 이순형 동신대학교 교수는 ""에너지자립은 조건부로... 이호근 전 연세대 교수는 최근 광주테크노파크에서 열린 (사)에너지밸리포럼 강연에서 전남광주 지역의 전력...",2026-09-27 22:52,https://www.newsworks.co.kr/news/articleView.html?idxno=854830,https://www.newsworks.co.kr/news/articleView.html?idxno=854830
서울대학교,메디컬월드뉴스,"질병청·보사연, 코로나19 사회대응 돌아보는 포럼 개최","질병관리청(청장 임승관)이 한국보건사회연구원(원장 신영석)과 함께 지난 21일 서울 명동 코트야드... 홍석철 서울대 교수가 맡았다. 거리두기가 사회·경제 전반에 미친 영향을 살펴보고, 향후 감염병 위기에서 방역...",2026-09-27 22:30,https://medicalworldnews.co.kr/news/view.php?idx=1510977480,https://medicalworldnews.co.kr/news/view.php?idx=1510977480
서울대학교,헤럴드경제,"“5수생, 합창단, 포기하려던 때 잡은 기회”…K-저음 3인방의 인생 역...",서울대 성악과를 다닌 바리톤 김건(30). 졸업 후 날이면 날마다 유학 경비로 계산기를 두드렸다. 아무리... 최근 서울 서초동 국립오페라단 연습실에서 마주한 세 사람은 “국립오페라스튜디오는 인생의 가장 큰...,2026-09-27 22:19,https://biz.heraldcorp.com/article/10885425?ref=naver,https://n.news.naver.com/mnews/article/016/0002702253?sid=103
서울대학교,YTN,5년간 'SKY대' 1만 명 떠났다...60%가 자연계,"서울대와 연세대, 고려대를 다니다가 그만둔 학생이 지난 5년 동안 만 명이 넘고, 이 가운데 60% 이상은... [기자] 지난 2021년부터 5년 동안 서울대와 연세대, 고려대 학생 가운데 '중도탈락자'는 1만7백여 명에...",2026-09-27 22:19,https://www.ytn.co.kr/_ln/0103_202609272219106047,https://n.news.naver.com/mnews/article/052/0002411674?sid=102
연세대학교,YTN,5년간 'SKY대' 1만 명 떠났다...60%가 자연계,위해 대학을 떠난 사례가 상당수 있었던 것으로 추정했습니다. 2027학년도부터 지역의사제 도입에 따른 의대 모집인원 확대가 예정돼 있어 이 같은 흐름에 더욱 영향을 미칠 것으로 보입니다. 특히 서울대와 연세대...,2026-09-27 22:19,https://www.ytn.co.kr/_ln/0103_202609272219106047,https://n.news.naver.com/mnews/article/052/0002411674?sid=102
고려대학교,YTN,5년간 'SKY대' 1만 명 떠났다...60%가 자연계,"서울대와 연세대, 고려대를 다니다가 그만둔 학생이 지난 5년 동안 만 명이 넘고, 이 가운데 60% 이상은... 종로학원 측은 상위권 자연계열 학생들의 경우 의학계열 재입학을 위해 대학을 떠난 사례가 상당수 있었던...",2026-09-27 22:19,https://www.ytn.co.kr/_ln/0103_202609272219106047,https://n.news.naver.com/mnews/article/052/0002411674?sid=102
연세대학교,세계일보,[김정식칼럼] 경상수지 흑자와 네덜란드병,김정식 연세대 경제학부 명예교수 자산가격 버블 붕괴로 인한 금융위기 위험도 높인다. 대규모의 경상수지... 미치는 충격을 최소화하는 데 통화 및 외환정책의 초점을 둘 필요가 있다. 김정식 연세대 경제학부 명예교수,2026-09-27 21:59,https://www.segye.com/newsView/20260927507593?OutUrl=naver,https://n.news.naver.com/mnews/article/022/0004162139?sid=110
서울대학교,KBS,"주베트남 한국 대사관, 제5회 한국어말하기대회 개최","또 2023년 중고등부 수상자인 레 투이 짱씨는 수상을 통해 얻은 한국 여행을 계기로 한국 유학을 위해 노력, 현재 서울대 언론정보학과에 재학 중입니다. 2024년 수상자인 쩐 투 떰씨는 한국대사관에서 근무하며 한국과...",2026-09-27 21:55,https://news.kbs.co.kr/news/pc/view/view.do?ncd=8672182&ref=A,https://n.news.naver.com/mnews/article/056/0012263756?sid=104
고려대학교,MHNS,"대입 수시 경쟁률, 접수번호로 샜다…부산대 등 143개 대학서 확인 가능","국회 교육위원장인 국민의힘 김희정 의원(부산 연제구)이 한국대학교육협의회를 통해 확인한 결과, 전국... 해당 대학에는 연세대·고려대·한양대 등 서울 소재 대학 30곳과 부산대·인천대·충북대·제주대 등 국립대...",2026-09-27 21:44,https://www.mhns.co.kr/news/articleView.html?idxno=761809,https://www.mhns.co.kr/news/articleView.html?idxno=761809
연세대학교,MHNS,"대입 수시 경쟁률, 접수번호로 샜다…부산대 등 143개 대학서 확인 가능","국회 교육위원장인 국민의힘 김희정 의원(부산 연제구)이 한국대학교육협의회를 통해 확인한 결과, 전국... 해당 대학에는 연세대·고려대·한양대 등 서울 소재 대학 30곳과 부산대·인천대·충북대·제주대 등 국립대...",2026-09-27 21:44,https://www.mhns.co.kr/news/articleView.html?idxno=761809,https://www.mhns.co.kr/news/articleView.html?idxno=761809
서울대학교,GNMAEIL,"한화에어로 대표이사 사과 ""채용 가이드라인 개인 일탈""","회사는 지난달 말 작성한 문건에서 수도권 근무자의 경우 서울대 등을 포함한 11개 대학, 해외대학의 경우 세계대학순위 100위 이내로 한정 채용한다는 원칙을 내부적으로 세운 의혹을 받아 논란을 일으킨 바 있다....",2026-09-27 21:42,http://www.gnmaeil.com/news/articleView.html?idxno=595456,http://www.gnmaeil.com/news/articleView.html?idxno=595456
서울대학교,IDAEGU,"""농지 전수조사?…내 재산도 마음대로 못 하나""","지역 국회의원들은 이재명 정부의 광주군공항 이전과 경북대의 '지역 서울대 10개 만들기' 탈락 등 TK지역 소외에 대한 불만이 쏟아졌다고 전했다. 김정재(경북 포항시북구) 의원은 ""지역 경제가 어렵다보니 이재명 대통령...",2026-09-27 21:14,https://www.idaegu.co.kr/news/articleView.html?idxno=560710,https://www.idaegu.co.kr/news/articleView.html?idxno=560710
서울대학교,연합뉴스,"주베트남 韓대사관, 제5회 한국어말하기대회 개최","역대 수상자들, 삼성전자·대사관 근무, 서울대 진학도 박진형 특파원 = 주베트남 한국대사관은 '2026... 현재 서울대 언론정보학과에 재학 중이다. 2024년 수상자인 쩐 투 떰씨는 한국대사관에서 근무하며 한국과 베트남을...",2026-09-27 20:54,https://www.yna.co.kr/view/AKR20260927052400084?input=1195m,https://n.news.naver.com/mnews/article/001/0016339110?sid=104
서울대학교,세계일보,차기 은행연합회장 윤종규·윤종원·박종복 ‘3파전’,"김광수 전 은행연합회장과 같은 서울대 경제학과·행시 27회 출신으로, 재정경제부·기획재정부 요직을 두루 거쳤다. 문재인정부 시절 청와대 경제수석을 지냈고 2020∼22년 IBK기업은행장을 역임했다. SC제일은행장(2015...",2026-09-27 20:47,https://www.segye.com/newsView/20260927508153?OutUrl=naver,https://n.news.naver.com/mnews/article/022/0004162131?sid=101
고려대학교,세계일보,韓농구 ‘황금세대’ 만리장성·후지산 넘었다 [2026 아이치 나고야 아...,"이주영, 김승우(이상 연세대), 이동근(고려대), 구민교(성균관대)로 구성된 한국 남자 3대3 농구 대표팀은 지난 25일 일본 나고야 긴조후토역 광장 특설 코트에서 열린 결승전에서 카타르를 19-10으로 꺾고 이 종목 사상...",2026-09-27 20:42,http://www.segye.com/newsView/20260927508378?OutUrl=naver,https://n.news.naver.com/mnews/article/022/0004162130?sid=104
연세대학교,세계일보,韓농구 ‘황금세대’ 만리장성·후지산 넘었다 [2026 아이치 나고야 아...,"이주영, 김승우(이상 연세대), 이동근(고려대), 구민교(성균관대)로 구성된 한국 남자 3대3 농구 대표팀은 지난 25일 일본 나고야 긴조후토역 광장 특설 코트에서 열린 결승전에서 카타르를 19-10으로 꺾고 이 종목 사상...",2026-09-27 20:42,http://www.segye.com/newsView/20260927508378?OutUrl=naver,https://n.news.naver.com/mnews/article/022/0004162130?sid=104
고려대학교,뉴데일리,이윤홍 신임 세종교육청 부교육감 28일 부임,"이 신임 부교육감은 배화여자고등학교와 고려대학교를 졸업하고 행정고시 44회에 합격해 2001년 공직에 입문했다. 이후 교육부 창조행정담당관과 혁신행정담당관, 운영지원과장, 장관실 비서실장, 부경대 사무국장...",2026-09-27 20:34,https://cc.newdaily.co.kr/site/data/html/2026/09/27/2026092700062.html,https://cc.newdaily.co.kr/site/data/html/2026/09/27/2026092700062.html
고려대학교,스포츠동아,"“미래형 암 치료 플랫폼” 고려대 구로병원, ‘새암병원’ 짓는다","고려대 구로병원이 최근 새암병원 기공식을 열고, 중증질환 중심의 진료체계 도약을 위한 마스터플랜 2단계... 민병욱 고려대 구로병원장은 “새암병원 기공은 ‘생명과 존엄을 지키는 공간 진화’의 첫걸음”이라며...",2026-09-27 20:22,https://sports.donga.com/life/article/all/20260927/134735471/1,https://n.news.naver.com/mnews/article/382/0001295905?sid=103
서울대학교,스포츠경향,이상기 아시아엔 발행인 ‘왜 다시 아시아인가’ 북토크···29일 프레스...,아시아의 현재를 조명한 신간 서적에 대한 북토크가 서울 프레스센터에서 열린다. 이상기 아시아엔 발행인... 이상묵 서울대 교수는 ‘2027 지구과학올림픽’을 소개한다. 이상기 발행인은 한국기자협회장(2002~05)을...,2026-09-27 20:10,https://sports.khan.co.kr/article/202609272009013?pt=nv,https://n.news.naver.com/mnews/article/144/0001140680?sid=103
고려대학교,스포츠경향,이상기 아시아엔 발행인 ‘왜 다시 아시아인가’ 북토크···29일 프레스...,이집트와 싱가포르 주재 대사를 지낸 홍진욱 고려대 중동이슬람센터 연구위원 강평도 마련이 된다. 이상묵 서울대 교수는 ‘2027 지구과학올림픽’을 소개한다. 이상기 발행인은 한국기자협회장(2002~05)을 역임했으며...,2026-09-27 20:10,https://sports.khan.co.kr/article/202609272009013?pt=nv,https://n.news.naver.com/mnews/article/144/0001140680?sid=103
고려대학교,뉴스1,"영탁, 신곡 '꺾어'로 '뮤직뱅크' 1위 ""생각도 못해…팬들 덕분""","지상파 음악방송 1위를 차지하며 막강한 저력을 입증한 영탁은 오는 10월 3일부터 5일까지 서울 고려대학교 화정체육관에서 단독 콘서트 '탁 쇼5'(TAK SHOW5)를 개최하고 전주, 대구, 인천, 부산 등 전국 투어에 나선다....",2026-09-27 20:09,https://www.news1.kr/entertain/celebrity-topic/6302516,https://m.entertain.naver.com/article/421/0009193765
서울대학교,서울신문,“부캉이 보며 다시 웃어”… 일상 속 힐링 ‘동물 팬덤’,"서울에서 3년째 취업을 준비 중인 김모(29)씨도 추석 연휴 홀로 부산을 찾아 부캉이를 봤다. 김씨는 “불안한... 곽금주 서울대 심리학과 명예교수는 “학교와 취업, 직장 등에서 끊임없이 비교·평가받는 사람들이...",2026-09-27 20:06,https://www.seoul.co.kr/news/society/2026/09/28/20260928010008?wlog_tag3=naver,https://n.news.naver.com/mnews/article/081/0003683755?sid=102
서울대학교,이뉴스투데이,"""AI 대체 불가한 인간의 깊은 감성""···오주리 가톨릭관동대 교수, 제...",문학평론가인 장경렬 서울대 명예교수(영문과)는 '장미릉'을 두고 현실적 존재 장미를 넘어 영원한 본질인... 문학평론가 신범순 서울대 명예교수(국문과)는 해설을 통해 이 시집이 김소월 특유 '한'과 영혼의 세계를 잇고...,2026-09-27 20:02,http://www.enewstoday.co.kr/news/articleView.html?idxno=2474379,http://www.enewstoday.co.kr/news/articleView.html?idxno=2474379
연세대학교,조선일보,미리 보는 《topclass》 10월호 / 스페셜 이슈 ‘한국이 좋아서’,▲판소리에 매료돼 영국에서 건너온 서울대학교 국악과 교수 안나 예이츠 ▲스리랑카에서 출가해 북한산 국녕사 주지가 된 봉연 스님 ▲이상 문학을 사랑하고 한국에 주짓수를 들여온 연세대학교 교수 존 프랭클...,2026-09-27 20:00,http://topclass.chosun.com/news/articleView.html?idxno=36823,http://topclass.chosun.com/news/articleView.html?idxno=36823
서울대학교,조선일보,미리 보는 《topclass》 10월호 / 스페셜 이슈 ‘한국이 좋아서’,▲판소리에 매료돼 영국에서 건너온 서울대학교 국악과 교수 안나 예이츠 ▲스리랑카에서 출가해 북한산 국녕사 주지가 된 봉연 스님 ▲이상 문학을 사랑하고 한국에 주짓수를 들여온 연세대학교 교수 존 프랭클...,2026-09-27 20:00,http://topclass.chosun.com/news/articleView.html?idxno=36823,http://topclass.chosun.com/news/articleView.html?idxno=36823
고려대학교,경향신문,대학생·초보 감독 뭉쳐 첫 금메달…‘3 대 3 농구’ 불모지의 기적,"이주영(22)과 김승우(21·이상 연세대), 이동근(23·고려대), 구민교(21·성균관대) 등 평균 나이 21.7세 대학생들... 배 감독은 26일 귀국한 뒤 “선수 차출에 응해준 대학교 감독들, 대표팀 실전 경험을 위해 스파링을 해준...",2026-09-27 19:57,https://www.khan.co.kr/article/202609271957015,https://n.news.naver.com/mnews/article/032/0003472678?sid=104
연세대학교,경향신문,대학생·초보 감독 뭉쳐 첫 금메달…‘3 대 3 농구’ 불모지의 기적,"금메달을 대학생 4총사가 따냈다. 이주영(22)과 김승우(21·이상 연세대), 이동근(23·고려대), 구민교(21... 배 감독은 26일 귀국한 뒤 “선수 차출에 응해준 대학교 감독들, 대표팀 실전 경험을 위해 스파링을 해준 국내...",2026-09-27 19:57,https://www.khan.co.kr/article/202609271957015,https://n.news.naver.com/mnews/article/032/0003472678?sid=104
연세대학교,경인일보,김성중 인천시 행정부시장 부임… 예산 편성 업무 총괄,"김성중 부시장은 제주 출생으로 오현고, 연세대 행정학과를 졸업했다. 행정고시 39회로 공직에 입문했다. 경기도 행정1부지사, 제주특별자치도 행정부지사, 행정안전부 재난대응정책관, 조직정책관, 정부혁신기획관 등을...",2026-09-27 19:54,https://www.kyeongin.com/article/1771548,https://www.kyeongin.com/article/1771548
연세대학교,세계일보,전공의 복귀에도… 피부과는 일반의 늘어,한 대학병원에서 의료진이 이동하고 있다. 뉴스1 27일 의료계에 따르면 이상규 연세대 의대 예방의학교실 교수 연구팀은 건강보험심사평가원 빅데이터를 토대로 ‘전공의 집단사직 전후 일반의 분포 변화’를...,2026-09-27 19:52,https://www.segye.com/newsView/20260927508240?OutUrl=naver,https://n.news.naver.com/mnews/article/022/0004162116?sid=102
서울대학교,YTN,"""회복 불가능"" 섬뜩한 연구 결과...인류가 모르는 사실 [자막뉴스]",[국종성 / 서울대 지구환경과학부 교수 : 굉장히 비선형 시스템이라 그런 거고요. / 탁자에 이제 어떤 물컵이 있으면 걔를 옮긴단 말이죠. 이 포인트에서 넘어가게 되면 확 떨어지잖아요. 현재 시점에서 티핑 포인트가...,2026-09-27 19:44,https://www.ytn.co.kr/_ln/0134_202609271944022299,https://n.news.naver.com/mnews/article/052/0002411631?sid=105
고려대학교,경인일보,"농구 코트, 한국이 점령했다","이주영, 김승우(이상 연세대), 이동근(고려대), 구민교(성균관대) 등 대학생 4인조로 이뤄진 남자 3대3 농구 대표팀(감독·배길태)은 지난 25일 카타르를 제압하며 이 종목에서 첫 금메달을 따냈다. 김정은(부산 BNK 썸)...",2026-09-27 19:28,https://www.kyeongin.com/article/1771536,https://www.kyeongin.com/article/1771536
연세대학교,경인일보,"농구 코트, 한국이 점령했다","이주영, 김승우(이상 연세대), 이동근(고려대), 구민교(성균관대) 등 대학생 4인조로 이뤄진 남자 3대3 농구 대표팀(감독·배길태)은 지난 25일 카타르를 제압하며 이 종목에서 첫 금메달을 따냈다. 김정은(부산 BNK 썸)...",2026-09-27 19:28,https://www.kyeongin.com/article/1771536,https://www.kyeongin.com/article/1771536
고려대학교,엑스포츠뉴스,연세대-고려대의 e스포츠 한판 승부…SOOP '2026 사이버 정기전' 개최,"'사이버 정기전'은 연세대학교와 고려대학교 학생들이 e스포츠를 통해 교류하는 대학 친선 대회다. 올해는 연세대학교 e스포츠 동아리 연겜과 고려대학교 게임 동아리 디럭스(DELUXE)가 주최하고, GGA가 주관하며...",2026-09-27 19:19,https://www.xportsnews.com/article/2200985,https://m.sports.naver.com/esports/article/311/0002062373
연세대학교,엑스포츠뉴스,연세대-고려대의 e스포츠 한판 승부…SOOP '2026 사이버 정기전' 개최,"'사이버 정기전'은 연세대학교와 고려대학교 학생들이 e스포츠를 통해 교류하는 대학 친선 대회다. 올해는 연세대학교 e스포츠 동아리 연겜과 고려대학교 게임 동아리 디럭스(DELUXE)가 주최하고, GGA가 주관하며...",2026-09-27 19:19,https://www.xportsnews.com/article/2200985,https://m.sports.naver.com/esports/article/311/0002062373
서울대학교,GGMEDINEWS,"[기류] 의료 AX 기반 '디지털헬스케어법' 제정안, 국회 우려 속 계속심사...",서준범 울산대 의과대학 서울아산병원 교수(국가인공지능전략위원회 과학분과 의료소그룹장)는... 김옥주 서울대 의과대학 인문학교실 교수(국가생명윤리위원회 위원장)는 '디지털헬스케어법(안) 심의제도의 변화'를...,2026-09-27 19:18,http://www.ggmedinews.com/news/articleView.html?idxno=6877,http://www.ggmedinews.com/news/articleView.html?idxno=6877
연세대학교,JTBC,뉴욕·런던 보다 비싼 '한국 통신비'…전문가가 본 원인은,[김정식/연세대 경제학부 교수 : 공급적인 측면에도 독과점 문제가 있고 수요도 굉장히 강하기 때문에 수요가 많기 때문에 가격을 높여도 그 쓰지 않을 수가 없다…] 통신사들의 담합 구조를 다시 들여다봐야 한다는...,2026-09-27 19:14,https://news.jtbc.co.kr/article/NB12320162?influxDiv=NAVER,https://n.news.naver.com/mnews/article/437/0000512904?sid=101
연세대학교,중부매일,한국경비협회 회관에 의원 입주…경비협회 회원·경비 종사자 우대 혜택,"피부·줄기세포 진료는 동아인 대표원장이, 안과 진료는 연세대학교 의학박사 출신 안과전문의 김은우 대표원장이 맡는다. 우대 대상은 한국경비협회 회원사 대표와 임직원이다. 경비원, 경비지도사, 직원 가족도...",2026-09-27 19:02,https://www.jbnews.com/news/articleView.html?idxno=1512313,https://www.jbnews.com/news/articleView.html?idxno=1512313
고려대학교,국민일보,"“독감 백신 작년엔 폐기, 올핸 태부족”",정재훈 고려대의대 예방의학교실 교수는 “코로나19 이후 감염병 주기가 흔들리는 건 한국뿐 아니라 전 세계적인 추세”라며 “백신 접종 일정은 전 세계가 비슷한 일정대로 움직여 크게 조정하긴 어렵지만 백신의 생산...,2026-09-27 18:56,https://www.kmib.co.kr/article/view.asp?arcid=9000017534&cp=nv,https://n.news.naver.com/mnews/article/005/0001875204?sid=102
연세대학교,국민일보,SKY대 5년간 1만명 그만둬… 지역의사제에 올해 더 늘 듯,연세대를 다니다가 학교를 떠난 학생이 최근 5년 동안 1만명을 넘어선 것으로 나타났다. 주로 자연계열에서 중도탈락자가 발생해 의대 쏠림 현상이 영향을 끼친 것으로 풀이된다. 종로학원이 27일 대학알리미...,2026-09-27 18:49,https://www.kmib.co.kr/article/view.asp?arcid=9000017531&cp=nv,https://n.news.naver.com/mnews/article/005/0001875201?sid=102
고려대학교,국민일보,SKY대 5년간 1만명 그만둬… 지역의사제에 올해 더 늘 듯,"서울대, 고려대, 연세대를 다니다가 학교를 떠난 학생이 최근 5년 동안 1만명을 넘어선 것으로... 종로학원이 27일 대학알리미 공시자료를 분석한 결과 2021년부터 지난해까지 세 대학의 중도탈락자는 총...",2026-09-27 18:49,https://www.kmib.co.kr/article/view.asp?arcid=9000017531&cp=nv,https://n.news.naver.com/mnews/article/005/0001875201?sid=102
서울대학교,국민일보,SKY대 5년간 1만명 그만둬… 지역의사제에 올해 더 늘 듯,"서울대, 고려대, 연세대를 다니다가 학교를 떠난 학생이 최근 5년 동안 1만명을 넘어선 것으로... 서울대에서는 전기정보공학부 26명, 첨단융합학부 26명, 생명과학부 18명 등이다. 연세대의 경우 공학계열 132명...",2026-09-27 18:49,https://www.kmib.co.kr/article/view.asp?arcid=9000017531&cp=nv,https://n.news.naver.com/mnews/article/005/0001875201?sid=102
고려대학교,GPKOREA,'꺾어'로 뮤직뱅크 1위 거머쥔 영탁 음반 차트 이어 지상파 음방까지 접...,"음방 1위로 기세를 올린 영탁은 오는 10월 3일부터 5일까지 서울 고려대학교 화정체육관에서 단독 콘서트 'TAK SHOW5'를 열고 전주, 대구, 인천, 부산으로 이어지는 전국투어의 화려한 막을 올린다. /지피코리아 , 사진...",2026-09-27 18:46,https://www.gpkorea.com/news/articleView.html?idxno=147053,https://www.gpkorea.com/news/articleView.html?idxno=147053
연세대학교,INCHEONILBO,경기도비 30%로 낮추면 시·군 재정은 허리 휜다,"양준모 연세대 경제학과 교수는 ""재정 상황이 어렵다고 해서 도비를 일률적으로 줄이기보다 어떤 사업을 줄였을 때 주민에게 미치는 영향과 재정 절감 효과를 함께 따져봐야 한다""며 ""각 지자체의 재정 상황과 사업 여건이...",2026-09-27 18:26,https://www.incheonilbo.com/news/articleView.html?idxno=1332905,https://www.incheonilbo.com/news/articleView.html?idxno=1332905
서울대학교,CCDN,충북대·교통대 통합 끝내 좌초되나,양 대학 교수·직원·학생 대표로 구성된 통합추진대표단은 최근 통합 논의를 중단하기로 결정했다. 양... 충북대는 이달 초 발표된 국립대학 육성사업 패키지인 이른바 '서울대 10개 만들기' 선도대학 추가 선정에서도...,2026-09-27 18:24,https://www.ccdn.co.kr/news/articleView.html?idxno=1101885,https://www.ccdn.co.kr/news/articleView.html?idxno=1101885
연세대학교,국제신문,"K-농구 황금시대…남녀 동반 우승, 3대3도 첫 金(종합)","여기에 3대3 농구 대표팀 남자부(이주영·김승우(연세대), 이동근(고려대), 구민교(성균관대))는 프로가 아닌 가능성 높은 대학 선수로 팀을 꾸리고 각종 국제 대회에 참가하며 조직력을 다진 뒤 성과를 낸 것이어서 한국...",2026-09-27 18:23,http://www.kookje.co.kr/news2011/asp/newsbody.asp?code=0600&key=20260928.22018008698,https://n.news.naver.com/mnews/article/658/0000156744?sid=104
고려대학교,국제신문,"K-농구 황금시대…남녀 동반 우승, 3대3도 첫 金(종합)","여기에 3대3 농구 대표팀 남자부(이주영·김승우(연세대), 이동근(고려대), 구민교(성균관대))는 프로가 아닌 가능성 높은 대학 선수로 팀을 꾸리고 각종 국제 대회에 참가하며 조직력을 다진 뒤 성과를 낸 것이어서 한국...",2026-09-27 18:23,http://www.kookje.co.kr/news2011/asp/newsbody.asp?code=0600&key=20260928.22018008698,https://n.news.naver.com/mnews/article/658/0000156744?sid=104
서울대학교,한겨레,9월28일 알림,"행사에서는 책 소개에 이어 인도·베트남·시리아·이란·튀르키예·우즈베키스탄·네팔 등에서 온 참석자들의 현지 이야기, 이집트·싱가포르 대사를 지낸 홍진욱 고려대 연구위원의 강평, 이상묵 서울대 교수의 2027...",2026-09-27 18:20,https://www.hani.co.kr/arti/society/ngo/1279634.html,https://n.news.naver.com/mnews/article/028/0002824821?sid=102
고려대학교,한겨레,9월28일 알림,"행사에서는 책 소개에 이어 인도·베트남·시리아·이란·튀르키예·우즈베키스탄·네팔 등에서 온 참석자들의 현지 이야기, 이집트·싱가포르 대사를 지낸 홍진욱 고려대 연구위원의 강평, 이상묵 서울대 교수의 2027...",2026-09-27 18:20,https://www.hani.co.kr/arti/society/ngo/1279634.html,https://n.news.naver.com/mnews/article/028/0002824821?sid=102
연세대학교,한겨레,9월28일 궂긴 소식,7시 연세대세브란스병원. 발인 29일 오전 7시20분. (02)2227-7500. ◆ 유명자(광림교회 권사)씨 별세: 은형주 형민 형석(참씨큐리티 대표)씨 모친=27일 오전 1시50분 연세대세브란스병원. 발인 29일 오전 6시20분. (02)...,2026-09-27 18:20,https://www.hani.co.kr/arti/society/obituary/1279633.html,https://n.news.naver.com/mnews/article/028/0002824820?sid=102
고려대학교,파이낸셜뉴스,"中 HBM의 추격… ""韓과 기술격차 2년뿐""[반도체 호황의 그림자]","신창환 고려대 전기전자공학부 교수는 ""HBM 기술격차는 2년 내외 수준까지 와 있다""고 평가했다. HBM의... 김용석 가천대 반도체대학 석좌교수와 백서인 한양대 글로벌문화통상학부 교수는 HBM 기술격차를 3년으로...",2026-09-27 18:13,https://www.fnnews.com/news/202609271810599126,https://n.news.naver.com/mnews/article/014/0005581243?sid=101
연세대학교,KPINEWS,"하종목 행안부 예방정책국장, 28일 경기도 행정1부지사 취임","[경기도 제공] 1971년생인 신임 하종목 행정1부지사는 경남 거창 출신으로 부산 동천고와 연세대학교 행정학과를 졸업했으며, 행시 42회에 합격해 1999년 공직생활을 시작했다. 하 부지사는 행안부 지방세정정책과장...",2026-09-27 18:09,https://www.kpinews.kr/newsView/1065602673321894,https://www.kpinews.kr/newsView/1065602673321894
서울대학교,DOMIN,전북 정치권 정기국회 현안 해결 성과 내야,"정부의 2차 공공기관 이전 추진에 맞춰 전북의 전략산업을 도약시킬 알짜 기관을 유치해야 하고, 남원 국립의전원 설립, 전북대의 '서울대 10개 만들기' 추가 지정, 제3금융중심지 지정 등 굵직한 과제들이 산적해 있다....",2026-09-27 18:04,http://www.domin.co.kr/news/articleView.html?idxno=1570103,http://www.domin.co.kr/news/articleView.html?idxno=1570103
고려대학교,동아일보,반도체 호황에 올해 초과세수 85조…미래기금 200조 넘을듯,김태일 고려대 행정학과 교수는 “평상시보다 늘어난 세수를 기금으로 적립해 필요한 데 쓰는 건 적절하지만 국회 심사 등을 기존처럼 유지해야 정부가 재량으로 지출을 늘리는 것을 방지할 수 있다”고 지적했다.,2026-09-27 18:01,https://www.donga.com/news/Economy/article/all/20260927/134737634/1,https://n.news.naver.com/mnews/article/020/0003750798?sid=101
고려대학교,전북일보,이지성 전북도 행정부지사 28일 취임,"고창 출생인 이 행정부지사는 전주고와 고려대학교를 졸업하고 지방고시 4회(행정고시 42회)로 공직에 입문, 전주시 덕진구청장, 전주시장 비서실장, 도의회 사무처장, 행정안전부 정책기획관 등을 역임했다. /백세종...",2026-09-27 18:00,https://www.jjan.kr/article/20260927500091,https://www.jjan.kr/article/20260927500091
연세대학교,가톨릭평화방송,야구선수 박용택의 성공비결,"물론 그가 대학생이던 2001년에 경기하는 모습을 잠깐 보아서 대충 유망주로만 알고 있었다. 그런데 나는... 원주고등학교와 연세대학교를 졸업했다. 1992년 OB 베어스에 입단 후, 두산 베어스와 SK 와이번스를 거쳐 2010년...",2026-09-27 18:00,https://news.cpbc.co.kr/article/1175848?division=NAVER,https://news.cpbc.co.kr/article/1175848?division=NAVER
서울대학교,JEMIN,추석 제주 밥상머리 화두 '물가·안전',다만 일각에서는 최근 지방 공항을 중심으로 한 지역관광 활성화 정책과 서울대 10개 만들기 등 정부 정책에서 제주가 제외되면서 정부가 제주를 홀대하고 있다는 여론도 적지 않아 이 같은 문제를 해소하기 위해 제주도와...,2026-09-27 17:56,https://www.jemin.com/news/articleView.html?idxno=843457,https://www.jemin.com/news/articleView.html?idxno=843457
서울대학교,전북도민일보,"한병도 의원, “등록 카드납부 사립대 참여 유도책 시급”","2026년 카드납부 이용은 △충남대(1,224명) △충북대(536명) △건국대(404명) △국립창원대(399명) △경상국립대(304명) △서울교대(295명) 순이었고, 분할납부는 △서울대(5,608명) △전북대(2,532명) △충남대(2...",2026-09-27 17:52,https://sjbnews.com/news/news.php?number=888663,https://sjbnews.com/news/news.php?number=888663
연세대학교,위키트리,최근 5년간 서울대·연세대·고려대서 무려 1만명이 넘게 학업을 중도 포...,"지난해 기준 대학별 중도탈락자 규모는 고려대가 836명으로 가장 많았고, 연세대가 801명, 서울대학교가 375명으로 그 뒤를 이었다. 계열 및 학과별 이탈 집중 현상 지난해 발생한 중도탈락자를 전공 계열별로 분류하면...",2026-09-27 17:46,https://www.wikitree.co.kr/articles/1162289,https://www.wikitree.co.kr/articles/1162289
서울대학교,위키트리,최근 5년간 서울대·연세대·고려대서 무려 1만명이 넘게 학업을 중도 포...,서울대·연세대·고려대 등 이른바 스카이(SKY) 대학에서 2021년부터 지난해까지 5년간 중도에 학업을 포기한... 일각에서는 국가 핵심 인재 양성을 목적으로 설립된 특수 대학교마저 의대 블랙홀 현상에 잠식되면서...,2026-09-27 17:46,https://www.wikitree.co.kr/articles/1162289,https://www.wikitree.co.kr/articles/1162289
고려대학교,위키트리,최근 5년간 서울대·연세대·고려대서 무려 1만명이 넘게 학업을 중도 포...,"지난해 기준 대학별 중도탈락자 규모는 고려대가 836명으로 가장 많았고, 연세대가 801명, 서울대학교가... 비중을 고려할 때 의학계열을 겨냥한 재수 및 반수 이동은 여전히 대학 입시 지형의 핵심 변수로 작용하고...",2026-09-27 17:46,https://www.wikitree.co.kr/articles/1162289,https://www.wikitree.co.kr/articles/1162289
연세대학교,한겨레,전공의 대거 복귀했지만…‘피부과 일반의’ 의정갈등 전보다 1.8배 많아,27일 박준영·이상규 연세대 의과대학 예방의학교실 교수는 최근 대한의학회 학술지인 대한의학회지(JKMS)에 이 같은 내용을 담은 ‘2024~2025 의료위기 기간 한국 일반의 분포 변화’ 연구 결과를 발표했다....,2026-09-27 17:44,https://www.hani.co.kr/arti/society/health/1279627.html,https://n.news.naver.com/mnews/article/028/0002824814?sid=102
연세대학교,서울경제,무작정 지출 늘리면 물가 자극…“경기 확장땐 속도조절 나서야”,김정식 연세대 경제학부 명예교수는 “통화 긴축으로 내수가 크게 위축될 때는 재정이 보완적인 역할을 할 필요도 있지만 지금은 금리를 큰 폭으로 올려야 할 상황은 아니라고 본다”며 “이런 상황에서 재정까지...,2026-09-27 17:41,https://www.sedaily.com/article/20095244?ref=naver,https://n.news.naver.com/mnews/article/011/0004665680?sid=101
고려대학교,파이낸셜뉴스,美 압박 속 中 따라붙어… K반도체 정부·기업 '원팀' 대응을[반도체 호...,"김용석 가천대 반도체대학 석좌교수도 용인 반도체 클러스터를 예정대로, 가능하면 조기에 완성할 수 있도록... 신창환 고려대 전기전자공학부 교수는 ""국내에 첨단 공장을 먼저 지을 여건이 중요하다""며 ""송전망과 용수...",2026-09-27 17:41,https://www.fnnews.com/news/202609271739394027,https://n.news.naver.com/mnews/article/014/0005581175?sid=101
연세대학교,GNDOMIN,윤영석 의원 '연금제도 구조개혁' 정책토론회 개최,"주제발표에는 양재진 연세대학교 교수와 김학주 동국대학교 교수가 나서 연금 구조개혁의 주요 쟁점과 향후 과제를 발표한다. 지정토론에는 민간 전문가와 청년세대, 정부 관계자가 함께 참여한다. 오건호...",2026-09-27 17:40,http://www.gndomin.com/news/articleView.html?idxno=490747,http://www.gndomin.com/news/articleView.html?idxno=490747
서울대학교,GNDOMIN,윤영석 의원 '연금제도 구조개혁' 정책토론회 개최,토론회 좌장은 구인회 서울대학교 교수가 맡는다. 주제발표에는 양재진 연세대학교 교수와 김학주 동국대학교 교수가 나서 연금 구조개혁의 주요 쟁점과 향후 과제를 발표한다. 지정토론에는 민간 전문가와 청년세대...,2026-09-27 17:40,http://www.gndomin.com/news/articleView.html?idxno=490747,http://www.gndomin.com/news/articleView.html?idxno=490747
연세대학교,강원도민일보,"서연고 5년간 1만명 중도탈락…""지방 의대 재입학 늘 수도""","지난해 대학별 중도탈락자는 고려대가 836명으로 가장 많았고 연세대 801명, 서울대 375명 순이었다. 자연계에서는 서울대 전기정보공학부와 첨단융합학부에서 각각 26명, 생명과학부에서 18명이 중도탈락했다....",2026-09-27 17:39,https://www.kado.net/news/articleView.html?idxno=2074920,https://n.news.naver.com/mnews/article/654/0000202509?sid=102
고려대학교,강원도민일보,"서연고 5년간 1만명 중도탈락…""지방 의대 재입학 늘 수도""","지난해 대학별 중도탈락자는 고려대가 836명으로 가장 많았고 연세대 801명, 서울대 375명 순이었다. 자연계에서는 서울대 전기정보공학부와 첨단융합학부에서 각각 26명, 생명과학부에서 18명이 중도탈락했다....",2026-09-27 17:39,https://www.kado.net/news/articleView.html?idxno=2074920,https://n.news.naver.com/mnews/article/654/0000202509?sid=102
서울대학교,강원도민일보,"서연고 5년간 1만명 중도탈락…""지방 의대 재입학 늘 수도""",서울대·연세대·고려대에서 최근 5년간 학교를 중도에 그만둔 학생이 1만명을 넘어선 것으로... 27일 종로학원이 대학알리미 공시자료를 분석한 결과 2021년부터 2025년까지 서울대·연세대·고려대 중도탈락자는...,2026-09-27 17:39,https://www.kado.net/news/articleView.html?idxno=2074920,https://n.news.naver.com/mnews/article/654/0000202509?sid=102
고려대학교,GNDOMIN,계간지 '시와비평' 2026 가을호 선보였다,"고형진 평론가는 고려대학교 국어교육과 명예교수로 1988년 '현대시학'으로 평론을 시작해 비평집 '시인의 샘', '또 하나의 실재', '백석 시 바로 읽기', '백석시를 읽는다는 것', '백석시의 물명고-백석시어 분류사전...",2026-09-27 17:38,http://www.gndomin.com/news/articleView.html?idxno=490836,http://www.gndomin.com/news/articleView.html?idxno=490836
서울대학교,GNDOMIN,진주 코리아 색소폰 콰이어 '마을음악 상설무대' 개최,"이번 사업은 서울대 및 한국예술종합학교 출신의 진주 지역 청년들로 구성된 국내 유일의 색소폰 전문 청년예술단체 '코리아 색소폰 콰이어(대표 최한울)'가 주관한다. 대한민국국제관악제, 제주국제관악제...",2026-09-27 17:38,http://www.gndomin.com/news/articleView.html?idxno=490827,http://www.gndomin.com/news/articleView.html?idxno=490827
서울대학교,GNDOMIN,양산상공회의소 서울대 김영민 교수 초청 CEO 조찬세미나,가운데 서울대학교 정치외교학부 김영민 교수를 초청해 CEO 조찬세미나를 개최했다. /양산상공회의소 양산상공회의소(회장 박창현)는 지난 22일 회원기업 대표 및 기관장 등 120여명이 참석한 가운데 서울대학교...,2026-09-27 17:38,http://www.gndomin.com/news/articleView.html?idxno=490791,http://www.gndomin.com/news/articleView.html?idxno=490791
서울대학교,연합뉴스,[동정] 이상기 아시아엔 발행인 '왜 다시 아시아인가' 북토크,"등에서 온 참석자들의 현지 이야기, 이집트·싱가포르 대사를 지낸 홍진욱 고려대 연구위원의 강평, 이상묵 서울대 교수의 2027 지구과학올림픽 소개가 이어진다. (서울=연합뉴스)",2026-09-27 17:36,https://www.yna.co.kr/view/AKR20260927041900505?input=1195m,https://n.news.naver.com/mnews/article/001/0016338840?sid=102
고려대학교,연합뉴스,[동정] 이상기 아시아엔 발행인 '왜 다시 아시아인가' 북토크,"행사에서는 책 소개에 이어 인도·베트남·시리아·이란·튀르키예·우즈베키스탄·네팔 등에서 온 참석자들의 현지 이야기, 이집트·싱가포르 대사를 지낸 홍진욱 고려대 연구위원의 강평, 이상묵 서울대 교수의 2027...",2026-09-27 17:36,https://www.yna.co.kr/view/AKR20260927041900505?input=1195m,https://n.news.naver.com/mnews/article/001/0016338840?sid=102
서울대학교,중앙일보,서울대·고대·성대 B 이상 100% 육박…챗GPT 출시 이후 눈에 띄는 학점...,"27일 중앙일보가 대학알리미 공시 자료를 토대로 서울대·연세대·고려대 등 서울 시내 9개 대학과 부산대·전남대·충남대 등 지방 거점 국립대 9개 대학의 졸업생 성적을 분석한 결과, 백분율로 환산한 졸업생...",2026-09-27 17:31,https://www.joongang.co.kr/article/25465015,https://n.news.naver.com/mnews/article/025/0003553994?sid=102
고려대학교,중앙일보,서울대·고대·성대 B 이상 100% 육박…챗GPT 출시 이후 눈에 띄는 학점...,"27일 중앙일보가 대학알리미 공시 자료를 토대로 서울대·연세대·고려대 등 서울 시내 9개 대학과 부산대·전남대·충남대 등 지방 거점 국립대 9개 대학의 졸업생 성적을 분석한 결과, 백분율로 환산한 졸업생...",2026-09-27 17:31,https://www.joongang.co.kr/article/25465015,https://n.news.naver.com/mnews/article/025/0003553994?sid=102
연세대학교,중앙일보,서울대·고대·성대 B 이상 100% 육박…챗GPT 출시 이후 눈에 띄는 학점...,"27일 중앙일보가 대학알리미 공시 자료를 토대로 서울대·연세대·고려대 등 서울 시내 9개 대학과 부산대·전남대·충남대 등 지방 거점 국립대 9개 대학의 졸업생 성적을 분석한 결과, 백분율로 환산한 졸업생...",2026-09-27 17:31,https://www.joongang.co.kr/article/25465015,https://n.news.naver.com/mnews/article/025/0003553994?sid=102
연세대학교,대전일보,"""SKY보다 지역 의대로""… 서·연·고 중도탈락 5년 새 1만 명 넘어",서울대·연세대·고려대 등 이른바 'SKY' 대학에서 최근 5년간 1만 명이 넘는 학생이 학교를 떠난 것으로 나타났다. 중도탈락자 10명 중 6명 이상이 자연계열에 몰려 있어 의대 선호 현상이 이탈에 영향을 미친...,2026-09-27 17:29,https://www.daejonilbo.com/news/articleView.html?idxno=2303624,https://n.news.naver.com/mnews/article/656/0000187879?sid=102
고려대학교,대전일보,"""SKY보다 지역 의대로""… 서·연·고 중도탈락 5년 새 1만 명 넘어",서울대·연세대·고려대 등 이른바 'SKY' 대학에서 최근 5년간 1만 명이 넘는 학생이 학교를 떠난 것으로 나타났다. 중도탈락자 10명 중 6명 이상이 자연계열에 몰려 있어 의대 선호 현상이 이탈에 영향을 미친...,2026-09-27 17:29,https://www.daejonilbo.com/news/articleView.html?idxno=2303624,https://n.news.naver.com/mnews/article/656/0000187879?sid=102
서울대학교,대전일보,"""SKY보다 지역 의대로""… 서·연·고 중도탈락 5년 새 1만 명 넘어","서울대·연세대·고려대 등 이른바 'SKY' 대학에서 최근 5년간 1만 명이 넘는 학생이 학교를 떠난 것으로... 있다""며 ""서울대·연세대·고려대에 재학 중인 지방권 학생 가운데 지역 의대 진학을 위해 재입학을...",2026-09-27 17:29,https://www.daejonilbo.com/news/articleView.html?idxno=2303624,https://n.news.naver.com/mnews/article/656/0000187879?sid=102
고려대학교,MBC,"영탁, '꺾어'로 멈출 수 없는 상승세 ""영블스 고마워""","'TAK SHOW5'는 오는 10월 3일부터 5일까지 서울 고려대학교 화정체육관에서 개최되며, 서울 공연을 시작으로 10월 24~25일 전주, 11월 28~29일 대구, 12월 19~20일 인천, 내년 1월 16~17일 부산으로 이어진다.",2026-09-27 17:26,http://enews.imbc.com/News/RetrieveNewsInfo/519360,https://m.entertain.naver.com/article/408/0000322553
연세대학교,스포츠조선,"'충격' 중국이 금메달 0개, 한국은 金 75% 싹쓸이...세상에 어떻게 이런...","이주영과 김승우(이상 연세대), 이동근(고려대), 구민교(성균관대)가 고르게 활약하며 상대를 제압했다. 김정은(BNK) 최예슬(삼성생명) 허유정(신한은행) 송윤하(KB)로 꾸린 한국 여자 3X3 대표팀은 25일 일본의 긴조후토역...",2026-09-27 17:25,https://www.sportschosun.com/sports-news/2026-09-27/202609270100180780011926,https://m.sports.naver.com/basketball/article/076/0004450115
고려대학교,스포츠조선,"'충격' 중국이 금메달 0개, 한국은 金 75% 싹쓸이...세상에 어떻게 이런...","이주영과 김승우(이상 연세대), 이동근(고려대), 구민교(성균관대)가 고르게 활약하며 상대를 제압했다. 김정은(BNK) 최예슬(삼성생명) 허유정(신한은행) 송윤하(KB)로 꾸린 한국 여자 3X3 대표팀은 25일 일본의 긴조후토역...",2026-09-27 17:25,https://www.sportschosun.com/sports-news/2026-09-27/202609270100180780011926,https://m.sports.naver.com/basketball/article/076/0004450115
서울대학교,YTN,서울대 다닐 바에 떠나겠다...심상치 않은 지방행? [자막뉴스],"지난 2021년부터 5년 동안 서울대와 연세대, 고려대 학생 가운데 '중도탈락자'는 1만7백여 명에... 특히 서울대와 연세대, 고려대에 재학 중인 지방권 학생 가운데 지역의대 진학을 위해 재입학을 선택하는 사례가...",2026-09-27 17:23,https://www.ytn.co.kr/_ln/0134_202609271723257561,https://n.news.naver.com/mnews/article/052/0002411613?sid=102
고려대학교,YTN,서울대 다닐 바에 떠나겠다...심상치 않은 지방행? [자막뉴스],"지난 2021년부터 5년 동안 서울대와 연세대, 고려대 학생 가운데 '중도탈락자'는 1만7백여 명에... 종로학원 측은 상위권 자연계열 학생들의 경우 의학계열 재입학을 위해 대학을 떠난 사례가 상당수 있었던 것으로...",2026-09-27 17:23,https://www.ytn.co.kr/_ln/0134_202609271723257561,https://n.news.naver.com/mnews/article/052/0002411613?sid=102
연세대학교,YTN,서울대 다닐 바에 떠나겠다...심상치 않은 지방행? [자막뉴스],대학을 떠난 사례가 상당수 있었던 것으로 추정했습니다. 2027학년도부터 지역의사제 도입에 따른 의대 모집인원 확대가 예정돼 있어 이 같은 흐름에 더욱 영향을 미칠 것으로 보입니다. 특히 서울대와 연세대...,2026-09-27 17:23,https://www.ytn.co.kr/_ln/0134_202609271723257561,https://n.news.naver.com/mnews/article/052/0002411613?sid=102
고려대학교,MEDIAPEN,"영탁, ‘뮤직뱅크’ 결방에도 1위…“모두 영블스 덕분”","한편, 영탁은 오는 10월 3~5일 서울 고려대학교 화정체육관에서 단독 콘서트 ‘탁 쇼5(TAK SHOW5)’를 개최한다. 이후 전주, 대구, 인천, 부산에서 전국투어를 이어간다.",2026-09-27 17:22,https://www.mediapen.com/news/view/1126171,https://www.mediapen.com/news/view/1126171
고려대학교,한국경제,"[단독] ""의대 말고 공대 갈래요""…반도체 호황에 '반전'",고려대 서강대 성균관대 연세대 한양대 등 5개 대학 반도체 계약학과 지원자는 5992명으로 전년 대비 19.4% 증가해 역대 최대치를 기록했다. 평균 경쟁률도 28.53 대 1로 역대 최고였다. 백 의원은 “AI와 반도체 산업의...,2026-09-27 17:20,https://www.hankyung.com/article/2026092776031,https://n.news.naver.com/mnews/article/015/0005336330?sid=102
연세대학교,한국경제,"[단독] ""의대 말고 공대 갈래요""…반도체 호황에 '반전'",고려대 서강대 성균관대 연세대 한양대 등 5개 대학 반도체 계약학과 지원자는 5992명으로 전년 대비 19.4% 증가해 역대 최대치를 기록했다. 평균 경쟁률도 28.53 대 1로 역대 최고였다. 백 의원은 “AI와 반도체 산업의...,2026-09-27 17:20,https://www.hankyung.com/article/2026092776031,https://n.news.naver.com/mnews/article/015/0005336330?sid=102
서울대학교,한국경제,학교 재정 수조원 늘린다는 서울대 총장 예비 후보들,서울대 차기 총장 후보들이 교육·연구 투자를 뒷받침할 수조원대 재정 확충 방안을 공약으로 내걸었다.... 27일 서울대 총장 예비 후보 4명의 발전계획서와 소견 발표회 발언 등에 따르면 최해천 기계공학부 교수는 기업...,2026-09-27 17:18,https://www.hankyung.com/article/2026092776061,https://n.news.naver.com/mnews/article/015/0005336326?sid=102
서울대학교,IKOREANSPIRIT,"서랍은 사회, 작은 새는 우리…정해윤이 그린 관계의 풍경","정해윤은 2008년 서울대학교 미술대학 동양화과를 졸업했다. 주요 개인전으로 2026년 《보이는 것 너머》, 갤더스 갤러리, 서울; 2024년 《평화를 살 수 있다면》, 화이트스톤 갤러리, 서울; 《본성의 여정》...",2026-09-27 17:18,http://www.ikoreanspirit.com/news/articleView.html?idxno=87449,http://www.ikoreanspirit.com/news/articleView.html?idxno=87449
고려대학교,서울경제,[단독] 대학 기부금도 ‘부익부 빈익빈’…상위 10곳이 절반 차지,"27일 서울경제신문이 대학알리미에 공시된 154개 사립대 기부금 자료를 분석한 결과 연세대가 지난해 모금한 기부금은 1215억 원으로 전년보다 377억 원 증가했다. 고려대가 755억 원으로 2위, 성균관대가 381억 원으로...",2026-09-27 17:16,https://www.sedaily.com/article/20095207?ref=naver,https://n.news.naver.com/mnews/article/011/0004665648?sid=102
연세대학교,서울경제,[단독] 대학 기부금도 ‘부익부 빈익빈’…상위 10곳이 절반 차지,지난해 연세대 한 곳이 모금한 기부금이 국내 109개 사립대학의 기부금 합계와 맞먹는 것으로 나타났다. 서울 소재 주요 사립대와 유명 의대를 보유한 대학에 기부금이 몰리면서 대학 간 ‘부익부 빈익빈’ 현상도...,2026-09-27 17:16,https://www.sedaily.com/article/20095207?ref=naver,https://n.news.naver.com/mnews/article/011/0004665648?sid=102
서울대학교,서울경제,이병래 “남동산단에 뷰티·소부장 접목…미래산업 거점으로”,이 구청장은 27일 서울경제신문과의 인터뷰에서 “공약 이행률이나 사업 개수 같은 숫자보다 구민들이... 전북 전주 출신으로 서울대 농공학과를 졸업한 뒤 1988년 만석동 대우중공업 연구원으로 인천에 첫발을 디뎠다....,2026-09-27 17:11,https://www.sedaily.com/article/20095200?ref=naver,https://n.news.naver.com/mnews/article/011/0004665641?sid=102
고려대학교,CCDAILYNEWS,교육행정과 AI 인재정책 거친 이윤홍 부교육감,"교육부 핵심 보직과 대학 사무국, 중앙교육연수원장을 거치며 쌓은 행정 경험이 세종교육의 정책 실행력과... 이 부교육감은 배화여자고와 고려대를 졸업한 뒤 행정고시 44회로 2001년 공직에 들어섰다. 교육부...",2026-09-27 17:10,https://www.ccdailynews.com/news/articleView.html?idxno=2443105,https://www.ccdailynews.com/news/articleView.html?idxno=2443105
고려대학교,뉴시스,"'왜 다시 아시아인가'…이상기, 29일 신간 북토크","등에서 온 언론인, 교수, 사업가 등이 현지 이야기를 들려준다. 이집트·싱가포르 대사를 지낸 홍진욱 고려대 중동이슬람센터 연구위원의 강평도 이어진다. 이상묵 서울대 교수는 2027 지구과학올림픽을 소개한다.",2026-09-27 17:09,https://www.newsis.com/view/NISX20260927_0003804350,https://n.news.naver.com/mnews/article/003/0014215942?sid=103
서울대학교,뉴시스,"'왜 다시 아시아인가'…이상기, 29일 신간 북토크",신간 북토크는 29일 오후 3시 서울 중구 한국프레스센터에서 열린다. 한국기자협회장을 지낸 이 발행인은... 고려대 중동이슬람센터 연구위원의 강평도 이어진다. 이상묵 서울대 교수는 2027 지구과학올림픽을 소개한다.,2026-09-27 17:09,https://www.newsis.com/view/NISX20260927_0003804350,https://n.news.naver.com/mnews/article/003/0014215942?sid=103
연세대학교,한국경제,"""수도권 전세, 연말까지 3% 이상 강세…집값도 밀어올릴 것""",고준석 연세대 상남경영원 교수는 “주택 공급이 부족한 상황에서 실거주 의무 강화와 비거주 1주택자 세 부담 증가로 전세 매물이 줄어 전셋값 상승이 매매가 상승으로 이어지고 있다”고 분석했다. 남혁우 우리은행...,2026-09-27 17:03,https://www.hankyung.com/article/2026092776081,https://n.news.naver.com/mnews/article/015/0005336306?sid=101
고려대학교,굿모닝충청,[인사] 신임 세종교육청 부교육감에 이윤홍씨,"신임 이 부교육감은 배화여고와 고려대를 졸업했고, 행정고시 44회에 합격해 2001년에 공직에 입문한 후 교육부 혁신행정담당관, 운영지원과장, 중앙교육연수원장, 인공지능인재지원국장 등 주요 보직을 두루 역임했다.",2026-09-27 17:02,https://www.goodmorningcc.com/news/articleView.html?idxno=452958,https://www.goodmorningcc.com/news/articleView.html?idxno=452958
서울대학교,전북일보,[사설] 대전환 성과 없으면 매서운 심판 뒤따를 것,또 야심차게 도전했던 전북대는 서울대 10개 만들기 교육부 사업에서 탈락했다. 커다란 상실감과 박탈감을 맛본 사업들이다. 지난 2월 27일 발표된 현대차그룹의 새만금 9조원 투자와 최근의 피지컬 AI 실증도시 선정...,2026-09-27 17:00,https://www.jjan.kr/article/20260927500264,https://www.jjan.kr/article/20260927500264
고려대학교,JEONMIN,"이지성 행안부 정책기획관, 전북자치도 행정부지사 발령","한편 이 신임 부지사는 전주고와 고려대 행정학과를 졸업했다. 전북도 성과관리과장과 문화체육관광국장, 전북도의회 사무처장을 지냈으며, 행정안전부 주민과장·국민참여혁신과장·조직진단과장, 지방자치인재개발원...",2026-09-27 17:00,http://www.jeonmin.co.kr/news/articleView.html?idxno=447631,http://www.jeonmin.co.kr/news/articleView.html?idxno=447631
연세대학교,매일경제,"""지방이라도 의대가 낫지"" SKY대, 5년간 1만명 떠나","종로학원은 이 같은 현상의 배경으로 재학 중인 대학보다 의대 등 선호도가 높은 대학·학과로 이동하려는 수요를 꼽았다. 임성호 종로학원 대표는 ""서울대·연세대·고려대에 재학 중인 지방권 학생 가운데...",2026-09-27 16:58,https://www.mk.co.kr/article/12162036,https://n.news.naver.com/mnews/article/009/0005740388?sid=102
서울대학교,매일경제,"""지방이라도 의대가 낫지"" SKY대, 5년간 1만명 떠나",자연계 중도탈락은 65% 이른바 'SKY'로 불리는 서울대·연세대·고려대에서 최근 5년간 1만명 넘는... 종로학원이 27일 대학알리미 공시자료를 분석한 결과에 따르면 2021년부터 지난해까지 서울대·연세대...,2026-09-27 16:58,https://www.mk.co.kr/article/12162036,https://n.news.naver.com/mnews/article/009/0005740388?sid=102
고려대학교,매일경제,"""지방이라도 의대가 낫지"" SKY대, 5년간 1만명 떠나","종로학원은 이 같은 현상의 배경으로 재학 중인 대학보다 의대 등 선호도가 높은 대학·학과로 이동하려는 수요를 꼽았다. 임성호 종로학원 대표는 ""서울대·연세대·고려대에 재학 중인 지방권 학생 가운데...",2026-09-27 16:58,https://www.mk.co.kr/article/12162036,https://n.news.naver.com/mnews/article/009/0005740388?sid=102
서울대학교,SAMDAILBO,"""국가거점국립대학 육성·지역혁신 기회 공정 보장해야""","지난 23일 제주도청에서 위성곤 제주도지사(가운데)와 송영훈 제주도의회 의장(왼쪽), 양덕순 제주대학교 총장이 '서울대 10개 만들기'(S-10) 패키지 지원사업 미선정과 관련해 공동 입장문을 발표하고 있다. <제주도 제공...",2026-09-27 16:56,http://www.samdailbo.com/news/articleView.html?idxno=270692,http://www.samdailbo.com/news/articleView.html?idxno=270692
서울대학교,NEWSGN,정치보다 민생…경남 추석 밥상엔 '의료·대학·집값' 올랐다,정부가 이른바 '서울대 10개 만들기'로 불리는 주요 거점대학 육성 사업의 1차 지원 대상으로 부산대·전남대... 서울·수도권에서는 집값과 대출 문제가 뜨거운 현안이지만 부산·울산·경남의 체감경기는 사뭇 다르다. 같은...,2026-09-27 16:54,https://www.newsgn.com/news/articleView.html?idxno=576278,https://www.newsgn.com/news/articleView.html?idxno=576278
연세대학교,동아일보,서울 아파트값 85주 연속 17.5% 올랐다…‘역대 최장’ 상승,고준석 연세대 상남경영원 교수는 “신규 입주 물량이 적은 상황에서 토허구역 지정으로 실거주 의무가 부여되다 보니 매물 부족으로 인한 전월세 가격 상승이 이어지고 있다”고 했다.,2026-09-27 16:50,https://www.donga.com/news/Economy/article/all/20260927/134737526/1,https://n.news.naver.com/mnews/article/020/0003750790?sid=101
연세대학교,경인일보,인천시 행정부시장에 김성중 경기도 행정1부지사 취임,"김성중 부시장은 제주 출생으로 오현고, 연세대 행정학과를 졸업했다. 행정고시 39회로 공직에 입문했다. 경기도 행정1부지사, 제주특별자치도 행정부지사, 행정안전부 재난대응정책관, 조직정책관, 정부혁신기획관 등을...",2026-09-27 16:48,https://www.kyeongin.com/article/1771510,https://www.kyeongin.com/article/1771510
연세대학교,BUSINESSPOST,"[부음] 김대원 장모, 최수종 모친, 이정선 부인 외","서울 연세대학교 신촌세브란스 장례식장 특1호실, 발인 29일 오전 8시, (02)2227-7500. △이재준(전 조선대... 조선대학교병원 장례식장 2호실, 발인 28일 오전 9시30분, (062)220-3352. △노석규씨 별세, 김기호(SBS Biz...",2026-09-27 16:48,https://www.businesspost.co.kr/BP?command=article_view&num=448008,https://www.businesspost.co.kr/BP?command=article_view&num=448008
고려대학교,디지털타임스,"유한양행, 대표·의장 의견 불합치에 차기 리더 안갯속",반면 김 사장은 고려대 의대 종양혈액내과 교수 출신으로 조 대표가 2023년 R&D 총괄사장 자리를 신설하면서 영입한 인물이다. 김 사장이 차기 대표에 내정되면 신입사원부터 시작한 유한맨이 대표가 되는 관행이 깨지게...,2026-09-27 16:47,https://www.dt.co.kr/article/12085984?ref=naver,https://n.news.naver.com/mnews/article/029/0003050026?sid=105
연세대학교,KIHOILBO,[모두가 행복한 경기교육 대전환] 찾아가는 교육감실로 소통 나선 경기...,"2부에서는 조벽 고려대학교 석좌교수가 'AI시대, 인성이 실력이다'를 주제로 강연했다. 조 교수는 ""AI시대는... 강연자로는 김현철 연세대학교 교수가 강연자로 나섰다. 김 교수는 AI시대에는 지식 암기보다 공감·신체...",2026-09-27 16:42,https://www.kihoilbo.co.kr/news/articleView.html?idxno=3035842,https://www.kihoilbo.co.kr/news/articleView.html?idxno=3035842
고려대학교,KIHOILBO,[모두가 행복한 경기교육 대전환] 찾아가는 교육감실로 소통 나선 경기...,"2부에서는 조벽 고려대학교 석좌교수가 'AI시대, 인성이 실력이다'를 주제로 강연했다. 조 교수는 ""AI시대는... 강연자로는 김현철 연세대학교 교수가 강연자로 나섰다. 김 교수는 AI시대에는 지식 암기보다 공감·신체...",2026-09-27 16:42,https://www.kihoilbo.co.kr/news/articleView.html?idxno=3035842,https://www.kihoilbo.co.kr/news/articleView.html?idxno=3035842
연세대학교,국제신문,"[2026 국감 브리핑] 김희정 ""'대입 원서 접수번호로 경쟁률 유추 가능' ...",특히 연세대와 고려대 한양대 등 서울 소재 대학 30곳뿐만 아니라 부산대와 인천대 충북대 제주대 등 국립대 25곳도 포함됐다. 서울과학기술대학교 경희대 전남대 등 이번 수시모집 원서접수 전산 장애 당시 구제신청을...,2026-09-27 16:39,http://www.kookje.co.kr/news2011/asp/newsbody.asp?code=0100&key=20260927.99099008662,https://n.news.naver.com/mnews/article/658/0000156687?sid=100
고려대학교,국제신문,"[2026 국감 브리핑] 김희정 ""'대입 원서 접수번호로 경쟁률 유추 가능' ...",특히 연세대와 고려대 한양대 등 서울 소재 대학 30곳뿐만 아니라 부산대와 인천대 충북대 제주대 등 국립대 25곳도 포함됐다. 서울과학기술대학교 경희대 전남대 등 이번 수시모집 원서접수 전산 장애 당시 구제신청을...,2026-09-27 16:39,http://www.kookje.co.kr/news2011/asp/newsbody.asp?code=0100&key=20260927.99099008662,https://n.news.naver.com/mnews/article/658/0000156687?sid=100
서울대학교,INDUSTRYNEWS,"경상국립대, 균형발전 촉구·우주기술 사업화·글로벌 교류 강화",서울대 10개 만들기 전면 재검토 촉구…거점국립대 균형 지원 요구 경상국립대 교수회와 총동문회는 지난 17일 성명을 발표하고 정부의 서울대 10개 만들기 정책에 대한 전면 재검토와 경상국립대 추가 선정을 촉구했다....,2026-09-27 16:38,https://www.industrynews.co.kr/news/articleView.html?idxno=86585,https://www.industrynews.co.kr/news/articleView.html?idxno=86585
고려대학교,IKOREANSPIRIT,'뚱뚱한 로미오를 사랑한 줄리엣'과 함께 '인간의 등급화'를 묻다,"오광욱 작가는 중앙대학교 예술대학원에서 연극을, 고려대학교 대학원에서 희곡을 전공했다. 현재 극작가와 연출가로 활동하면서 배우 교육과 연극 창작을 병행한다. 수원대학교, 대진대학교, 안양예술고등학교...",2026-09-27 16:38,http://www.ikoreanspirit.com/news/articleView.html?idxno=87448,http://www.ikoreanspirit.com/news/articleView.html?idxno=87448
연세대학교,경북신문,전공의 집단사직·복귀 그후…'피부과 일반의' 시장만 커져,"진료과목을 피부과로 신고한 의원에서 근무하는 일반의는 의정갈등 이전에는 571명이었으나, 올해 3월에는 1022명에 달했다.27일 의료계에 따르면 이상규 연세대 의대 예방의학교실 교수가 건강보험심사평가원...",2026-09-27 16:38,https://www.kbsm.net/news/view.php?idx=535582,https://www.kbsm.net/news/view.php?idx=535582
고려대학교,SIDAE,"""11개 대학에 80년생 이하"" 경력채용 지침 사과",서울·판교 근무자는 서울대·연세대·고려대 등 국내 11개 대학 출신이나 QS 세계대학평가 100위권 이내 해외 대학 출신으로 대상을 한정했다. 지방 사업장은 인근 거점 국립대와 세계 200위권 이내 해외 대학 출신까지...,2026-09-27 16:35,https://www.sidae.com/article/2026092716210053788,https://n.news.naver.com/mnews/article/417/0001159316?sid=101
고려대학교,뉴시스,"""金 따더니 얼굴까지 화제""…204㎝ 여준석, 영어까지 유창",여준석은 고등학교 시절 호주 NBA 글로벌 아카데미에서 생활한 뒤 고려대를 거쳐 미국으로 건너갔다. 2023년 곤자가대에 합류했고 이후 시애틀대로 옮겨 NCAA 무대에서 뛰었다. 처음부터 영어가 익숙했던 것은 아니다. 미국...,2026-09-27 16:35,https://www.newsis.com/view/NISX20260927_0003804252,https://n.news.naver.com/mnews/article/003/0014215879?sid=104
서울대학교,SIDAE,"""11개 대학에 80년생 이하"" 경력채용 지침 사과",서울·판교 근무자는 서울대·연세대·고려대 등 국내 11개 대학 출신이나 QS 세계대학평가 100위권 이내 해외 대학 출신으로 대상을 한정했다. 지방 사업장은 인근 거점 국립대와 세계 200위권 이내 해외 대학 출신까지...,2026-09-27 16:35,https://www.sidae.com/article/2026092716210053788,https://n.news.naver.com/mnews/article/417/0001159316?sid=101
연세대학교,SIDAE,"""11개 대학에 80년생 이하"" 경력채용 지침 사과",서울·판교 근무자는 서울대·연세대·고려대 등 국내 11개 대학 출신이나 QS 세계대학평가 100위권 이내 해외 대학 출신으로 대상을 한정했다. 지방 사업장은 인근 거점 국립대와 세계 200위권 이내 해외 대학 출신까지...,2026-09-27 16:35,https://www.sidae.com/article/2026092716210053788,https://n.news.naver.com/mnews/article/417/0001159316?sid=101
연세대학교,KGNEWS,"하종목 행안부 예방정책국장, 경기도 행정1부지사 취임","하 신임 행정1부지사는 1971년 경남 거창 출신으로 부산 동천고와 연세대 행정학과를 졸업했다. 행정고시 42회로 1999년 공직에 입문해 경상남도 기획조정실장, 창원특례시 제1부시장, 행정안전부 지방재정국장 등을...",2026-09-27 16:32,https://www.kgnews.co.kr/news/article.html?no=913063,https://www.kgnews.co.kr/news/article.html?no=913063
서울대학교,아이뉴스24,"인천시, 신임 행정부시장에 김성중 임명…28일 취임",김 신임 부시장은 연세대 행정학과를 졸업하고 서울대 행정대학원과 영국 엑서터대에서 각각 행정학 석사... 서울대를 졸업한 지 과장은 대통령비서실 국정상황실 근무를 거쳐 행안부 자연재난대응과장 등을 맡았다....,2026-09-27 16:28,http://www.inews24.com/view/2009099,https://n.news.naver.com/mnews/article/031/0001061346?sid=102
연세대학교,아이뉴스24,"인천시, 신임 행정부시장에 김성중 임명…28일 취임","김 신임 부시장은 연세대 행정학과를 졸업하고 서울대 행정대학원과 영국 엑서터대에서 각각 행정학 석사 학위를 받았다. 1995년 제39회 행정고시에 합격해 공직에 입문한 후 행정자치부 기획재정담당관, 대통령비서실...",2026-09-27 16:28,http://www.inews24.com/view/2009099,https://n.news.naver.com/mnews/article/031/0001061346?sid=102
연세대학교,중부일보,"김성중 인천시 행정부시장, 민선 9기 출범 100일 앞두고 첫 출근","김 부시장은 연세대 행정학과를 졸업하고 제39회 행정고시로 공직에 들어선 뒤 행안부 조직정책관, 대통령비서실 선임행정관, 제주도 행정부지사 등을 지냈다. 신임 기획조정실장에는 지용구 행정안전부 교부세과장이...",2026-09-27 16:24,https://www.joongboo.com/news/articleView.html?idxno=363737778,https://www.joongboo.com/news/articleView.html?idxno=363737778
고려대학교,서울경제,입시 경쟁에 자퇴 주춤…4년제 신입생 중도탈락률 8.7%,"지난해 이들 15개 대학의 평균 중도 탈락률은 9.3%로 전년(10.9%)보다 1.6%포인트 하락했다. 고려대 서울캠퍼스는 11.7%에서 7.9%로 3.8%포인트 내려 감소 폭이 가장 컸다. 중앙대는 3.5%포인트, 성균관대는 3.0%포인트...",2026-09-27 16:24,https://www.sedaily.com/article/20095194?ref=naver,https://n.news.naver.com/mnews/article/011/0004665636?sid=102
고려대학교,IDAEGU,"서울대, 연고대 중도탈락 5년간 1만명이상, 의대 재입학 가능성 높아","연세대는 언더우드학부 38명, 글로벌인재학부 31명, 경영계열 25명이고 고려대에서는 경영학과 48명, 경제학과 24명, 미디어학부 17명이다. 작년 3개 대학 중도탈락자의 64.5%(1천297명)는 자연계이고 인문계는 32.5...",2026-09-27 16:24,https://www.idaegu.co.kr/news/articleView.html?idxno=560697,https://www.idaegu.co.kr/news/articleView.html?idxno=560697
서울대학교,서울경제,입시 경쟁에 자퇴 주춤…4년제 신입생 중도탈락률 8.7%,서울대는 5.2%로 15개 대학 가운데 가장 낮았다. 지난해 이들 15개 대학의 평균 중도 탈락률은 9.3%로 전년(10.9%)보다 1.6%포인트 하락했다. 고려대 서울캠퍼스는 11.7%에서 7.9%로 3.8%포인트 내려 감소 폭이 가장 컸다....,2026-09-27 16:24,https://www.sedaily.com/article/20095194?ref=naver,https://n.news.naver.com/mnews/article/011/0004665636?sid=102
서울대학교,IDAEGU,"서울대, 연고대 중도탈락 5년간 1만명이상, 의대 재입학 가능성 높아",서울대·연세대·고려대를 다니다가 중도탈락한 학생이 5년간 1만명이 넘는 것으로 나타났다. 특히... 종로학원이 27일 대학알리미 공시자료를 분석한 결과에 따르면 2021년부터 작년까지 서울대·연세대...,2026-09-27 16:24,https://www.idaegu.co.kr/news/articleView.html?idxno=560697,https://www.idaegu.co.kr/news/articleView.html?idxno=560697
연세대학교,서울경제,입시 경쟁에 자퇴 주춤…4년제 신입생 중도탈락률 8.7%,"중앙대는 3.5%포인트, 성균관대는 3.0%포인트, 연세대는 2.9%포인트 각각 하락했다. 반면 서강대는 11.4%에서 12.4%로 1.0%포인트 상승했다. 전체 4년제 일반대학의 신입생 중도 탈락률도 전년보다 낮아졌다. 신입생...",2026-09-27 16:24,https://www.sedaily.com/article/20095194?ref=naver,https://n.news.naver.com/mnews/article/011/0004665636?sid=102
연세대학교,IDAEGU,"서울대, 연고대 중도탈락 5년간 1만명이상, 의대 재입학 가능성 높아","종로학원이 27일 대학알리미 공시자료를 분석한 결과에 따르면 2021년부터 작년까지 서울대·연세대·고려대의 중도탈락자는 모두 1만736명이다. 2021년 1천971명에서 2022년 2천131명, 2023년 2천126명, 2024명...",2026-09-27 16:24,https://www.idaegu.co.kr/news/articleView.html?idxno=560697,https://www.idaegu.co.kr/news/articleView.html?idxno=560697
서울대학교,중부일보,"김성중 인천시 행정부시장, 민선 9기 출범 100일 앞두고 첫 출근","지 내정자는 서울대를 나와 제45회 행정고시에 합격했으며, 청와대 국정상황실과 행안부 교부세과장을 거친 대표적인 지방재정 전문가다. 이번 인선은 민선 9기 출범 직후 가동된 재정예산개혁 태스크포스(TF)의 후속...",2026-09-27 16:24,https://www.joongboo.com/news/articleView.html?idxno=363737778,https://www.joongboo.com/news/articleView.html?idxno=363737778
서울대학교,KYONGBUK,"TK 추석 민심, 여야 엇갈린 진단…공통 화두는 민생 회복",박 위원장은 추석 이후 대구로페이 발행 규모를 확대해 '1조원 시대'를 열기 위한 활동과 정부의 '서울대 10개 만들기' 정책의 추가 선정과 공공기관 이전에 힘을 쏟겠다고 밝혔다. 오는 30일 예정된 예산정책협의회를 통해...,2026-09-27 16:22,https://www.kyongbuk.co.kr/news/articleView.html?idxno=4085429,https://www.kyongbuk.co.kr/news/articleView.html?idxno=4085429
서울대학교,노컷뉴스,김지훈 영국 길드홀 음악연극학교 교수로…한국인 첫 임용,"그는 서울대 성악과를 수석 졸업하고, 이탈리아 밀라노 주세페 베르디 음악원을 최우수 성적으로 조기 졸업하는 등 엘리트 코스를 밟아왔다. 그는 2010년 오스트리아 페루초 탈리아비니 콩쿠르와 같은 해 이탈리아...",2026-09-27 16:20,https://www.nocutnews.co.kr/news/6583462?utm_source=naver&utm_medium=article&utm_campaign=20260927041924,https://n.news.naver.com/mnews/article/079/0004193093?sid=103
서울대학교,매일경제,"""향후 10년 韓·美에 큰 기회 … 전력기기·조방원·로봇株 주목""",""" 서울대 경영학과에 진학한 뒤 그의 투자 인생을 결정적으로 바꾼 것은 1997년 외환위기였다. 군복무를... 그때 우연히 찾은 곳이 서울대 투자연구회(SMIC)였다. 이곳에서 황성환 타임폴리오자산운용 대표, 강성부 KCGI 대표...",2026-09-27 16:13,https://www.mk.co.kr/article/12161939,https://n.news.naver.com/mnews/article/009/0005740314?sid=102
연세대학교,매일경제,[단독] 최수종 모친상 빈소에 이병헌·김혜수·변요한 위로 이어져,"최수종은 하희라와 함께 연세대학교 신촌세브란스 장례식장에 마련된 빈소를 지키며 26일 오후 1시부터 조문객을 맞고 있는 것으로 알려졌다. 연예계 동료들도 최수종의 슬픔을 함께 나누고 있다. 이병헌, 김혜수...",2026-09-27 16:11,https://www.mk.co.kr/article/12161938,https://m.entertain.naver.com/article/410/0001141394
연세대학교,GGILBO,수시접수 '경쟁률 비공개' 무색…143개 대학 접수번호로 지원자 수 짐작...,"국회 교육위원회 소속 국민의힘 김희정 의원이 한국대학교육협의회를 통해 확인한 결과, 전국 일반대학... 접수번호를 통해 지원 현황을 파악할 수 있는 대학에는 연세대·고려대·한양대 등 서울 소재 대학 30곳뿐만...",2026-09-27 16:06,https://www.ggilbo.com/news/articleView.html?idxno=1183743,https://www.ggilbo.com/news/articleView.html?idxno=1183743
고려대학교,GGILBO,수시접수 '경쟁률 비공개' 무색…143개 대학 접수번호로 지원자 수 짐작...,"국회 교육위원회 소속 국민의힘 김희정 의원이 한국대학교육협의회를 통해 확인한 결과, 전국 일반대학... 접수번호를 통해 지원 현황을 파악할 수 있는 대학에는 연세대·고려대·한양대 등 서울 소재 대학 30곳뿐만...",2026-09-27 16:06,https://www.ggilbo.com/news/articleView.html?idxno=1183743,https://www.ggilbo.com/news/articleView.html?idxno=1183743
서울대학교,전자신문,[ET시론]AI 속도조절의 필요성과 실현가능성,"이성엽 고려대 기술경영전문대학원 교수·한국정보통신법학회장 dysylee@korea.ac.kr 〈필자〉고려대 법학과, 서울대 행정대학원, 미국 미네소타대 로스쿨을 졸업한 후 미국 뉴욕주 변호사 자격을 취득했고, 서울대에서...",2026-09-27 16:01,https://www.etnews.com/20260927000059,https://n.news.naver.com/mnews/article/030/0003470089?sid=105
고려대학교,전자신문,[ET시론]AI 속도조절의 필요성과 실현가능성,"이런 상황을 고려하면 속도조절론에는 설득력이 있다. 재귀적 자기개선이 본격화하면 AI 발전 속도가... 이성엽 고려대 기술경영전문대학원 교수·한국정보통신법학회장 dysylee@korea.ac.kr 〈필자〉고려대 법학과, 서울대...",2026-09-27 16:01,https://www.etnews.com/20260927000059,https://n.news.naver.com/mnews/article/030/0003470089?sid=105
서울대학교,한국일보,"AI 핫라인 가동키로 한 미중… ""한국도 '평가·검증국' 노려야""","윤성로 서울대 전기정보공학부 교수는 27일 ""미중이 AI를 놓고 패권 경쟁을 하면서도 이 부분에서는 이해관계가 맞아떨어진다""며 ""AI 안전 문제가 민간 기업의 모델 성능이나 윤리 문제를 넘어 국가 간 위험관리 이슈로...",2026-09-27 16:00,https://www.hankookilbo.com/news/article/A2026092715170002821?did=NA,https://n.news.naver.com/mnews/article/469/0000956164?sid=101
서울대학교,DAILYT,명절은 끝났는데 피로는 남았다…‘명절 후유증’ 일상 복귀가 중요,"분당서울대학교병원은 과식과 불규칙한 식사, 자극적인 음식이 위에 부담을 줄 수 있다고 설명한다. 식사... 분당서울대학교병원 역시 과도한 음주가 수면장애와 불안감 등을 유발할 수 있다고 지적한다. '가족을 만난 뒤 더...",2026-09-27 16:00,https://www.dailyt.co.kr/newsView/dlt202609270002,https://www.dailyt.co.kr/newsView/dlt202609270002
서울대학교,SIDAE,추석 연휴 32만명 홀린 '부캉이'…북항 못 떠나는 이유,"곽금주 서울대 심리학과 교수는 ""동물을 가족처럼 대하는 인식이 야생동물에게까지 옮겨가 공포의 대상이 될 수 있는 상어에게도 친근감을 느끼는 것""이라며 ""수족관의 상어와 달리 바다에서 들어와 곧 떠날 야생...",2026-09-27 15:57,https://www.sidae.com/article/2026092714063030332,https://n.news.naver.com/mnews/article/417/0001159315?sid=102
고려대학교,국제뉴스,"영탁, 결방에도 음악방송 '1위'...""영블스 덕분입니다""","'탁 쇼5'는 오는 10월 3일부터 5일까지 서울 고려대학교 화정체육관에서 개최되며, 서울 공연을 시작으로 10월 24~25일 전주, 11월 28~29일 대구, 12월 19~20일 인천, 내년 1월 16~17일 부산으로 이어진다.",2026-09-27 15:56,https://www.gukjenews.com/news/articleView.html?idxno=3706477,https://www.gukjenews.com/news/articleView.html?idxno=3706477
고려대학교,BZERONEWS,"이윤홍 전 교육부 국장, 28일 '세종시 부교육감' 부임","27일 세종시교육청에 따르면, 이 부교육감은 배화여자고등학교와 고려대학교를 졸업했다. 그는 이어... 부경대학교 사무국장과 중앙교육연수원장도 지냈다. 한편 이 부교육감은 지난해 12월부터 교육부...",2026-09-27 15:40,https://www.bzeronews.com/news/articleView.html?idxno=823126,https://www.bzeronews.com/news/articleView.html?idxno=823126
서울대학교,JEMIN,"""차라리 지방 의대"" 서연고 중도탈락 5년 새 1만명 넘어",서울대·연세대·고려대(서연고) 재학생 중 중도에 학교를 떠난 인원이 최근 5년간 1만명을 넘어선 것으로... 27일 종로학원이 대학알리미 공시자료를 분석한 결과에 따르면 2021년부터 지난해까지 서울대·연세대...,2026-09-27 15:38,https://www.jemin.com/news/articleView.html?idxno=843441,https://www.jemin.com/news/articleView.html?idxno=843441
고려대학교,JEMIN,"""차라리 지방 의대"" 서연고 중도탈락 5년 새 1만명 넘어","27일 종로학원이 대학알리미 공시자료를 분석한 결과에 따르면 2021년부터 지난해까지 서울대·연세대·고려대의 중도탈락자는 모두 1만736명으로 집계됐다. 연도별로 보면 2021년 1971명에서 2022년 2131명, 2023년...",2026-09-27 15:38,https://www.jemin.com/news/articleView.html?idxno=843441,https://www.jemin.com/news/articleView.html?idxno=843441
연세대학교,JEMIN,"""차라리 지방 의대"" 서연고 중도탈락 5년 새 1만명 넘어","27일 종로학원이 대학알리미 공시자료를 분석한 결과에 따르면 2021년부터 지난해까지 서울대·연세대·고려대의 중도탈락자는 모두 1만736명으로 집계됐다. 연도별로 보면 2021년 1971명에서 2022년 2131명, 2023년...",2026-09-27 15:38,https://www.jemin.com/news/articleView.html?idxno=843441,https://www.jemin.com/news/articleView.html?idxno=843441
서울대학교,CCDN,대학 기숙사비 카드납부 도입률 3년째 15% 안팎 제자리,"2026년 카드납부 이용 사례는 충남대(1천224명), 충북대(536명), 건국대(404명), 국립창원대(399명), 경상국립대(304명), 서울교대(295명) 순이었으며, 분할납부는 서울대(5천608명), 전북대(2천532명), 충남대(2천89명)...",2026-09-27 15:36,https://www.ccdn.co.kr/news/articleView.html?idxno=1101823,https://www.ccdn.co.kr/news/articleView.html?idxno=1101823
연세대학교,데일리메디,﻿의정사태 사직 전공의들 '피부과 일반의' 선택,연세대학교 의과대학 예방의학교실 이상규 교수는 최근 대한의학회지(JKMS)에 전공의 집단사직 전후 일반의 분포 변화를 분석한 결과를 발표했다. 앞서 2024년 2월 윤석열 정부가 의과대학 정원을 2000명...,2026-09-27 15:28,https://www.dailymedi.com/news/news_view.php?wr_id=940866,https://www.dailymedi.com/news/news_view.php?wr_id=940866
고려대학교,NONGMIN,“연휴 끝났는데 왜 이렇게 피곤하지?”…명절 후유증 줄이는 법,"한규만 고려대학교 안암병원 정신건강의학과 교수는 “명절에는 평소와 다른 일정과 생활환경이 이어지면서... 것이 중요하다”고 말했다. ◇도움말=보건복지부 국립정신건강센터, 고려대학교 안암병원, 서울아산병원",2026-09-27 15:28,https://www.nongmin.com/article/20260927500017,https://n.news.naver.com/mnews/article/662/0000105116?sid=103
연세대학교,강원일보,[포토뉴스]2026 강원청년경제인연합회 청년포럼,퍼포먼스룸에서 ‘2026 (사)강원청년경제인연합회 청년포럼’을 개최했다. ‘AI·양자기술로 여는 강원의 새로운 성장’을 주제로 열린 이번 포럼에서는 김평식 연세대 겸임교수(교육학박사)가 강연을 진행했다.,2026-09-27 15:22,https://www.kwnews.co.kr/article/20260927501041,https://n.news.naver.com/mnews/article/087/0001220480?sid=101
고려대학교,INEWS365,이윤홍 신임 세종시부교육감 부임,"27일 시교육청에 따르면 이 신임 부교육감은 배화여고와 고려대를 졸업하고, 2001년 행정고시 44회로 공직에 입문했다. 이후 교육부 창조행정담당관, 혁신행정담당관, 운영지원과장, 장관실 비서실장, 부경대 사무국장...",2026-09-27 15:18,https://www.inews365.com/news/article.html?no=937260,https://www.inews365.com/news/article.html?no=937260
고려대학교,매일신문,의대 진학 영향…SKY 중도탈락 5년간 1만명 넘어,"지난해 대학별 중도탈락자는 고려대가 836명으로 가장 많았고 연세대 801명, 서울대 375명 순이었다. 자연계 학과별로는 서울대에서 전기정보공학부와 첨단융합학부가 각각 26명으로 가장 많았고 생명과학부가...",2026-09-27 15:18,https://www.imaeil.com/page/view/2026092715170673782,https://n.news.naver.com/mnews/article/088/0001030771?sid=102
서울대학교,매일신문,의대 진학 영향…SKY 중도탈락 5년간 1만명 넘어,"서울대·연세대·고려대를 다니다가 중도탈락한 학생이 최근 5년간 1만명을 넘어선 것으로 나타났다.... 종로학원이 27일 대학알리미 공시자료를 분석한 결과, 2021년부터 지난해까지 서울대·연세대·고려대의...",2026-09-27 15:18,https://www.imaeil.com/page/view/2026092715170673782,https://n.news.naver.com/mnews/article/088/0001030771?sid=102
연세대학교,매일신문,의대 진학 영향…SKY 중도탈락 5년간 1만명 넘어,"지난해 대학별 중도탈락자는 고려대가 836명으로 가장 많았고 연세대 801명, 서울대 375명 순이었다. 자연계 학과별로는 서울대에서 전기정보공학부와 첨단융합학부가 각각 26명으로 가장 많았고 생명과학부가...",2026-09-27 15:18,https://www.imaeil.com/page/view/2026092715170673782,https://n.news.naver.com/mnews/article/088/0001030771?sid=102
고려대학교,매일신문,"한화에어로 이부환 대표 ""나이·학력 채용 제한, 있어선 안 될 일"" 공식...","지난 8월 말 작성된 이 지침에는 인력 구조의 고령화와 적체를 막기 위해 직급별 연령대를 고려하도록 하면서... 서울·판교 근무자는 서울대·연세대·고려대 등 국내 11개 대학 출신을 대상으로 하고, 해외 대학은 QS...",2026-09-27 15:16,https://www.imaeil.com/page/view/2026092713092530320,https://n.news.naver.com/mnews/article/088/0001030766?sid=101
서울대학교,매일신문,"한화에어로 이부환 대표 ""나이·학력 채용 제한, 있어선 안 될 일"" 공식...","서울·판교 근무자는 서울대·연세대·고려대 등 국내 11개 대학 출신을 대상으로 하고, 해외 대학은 QS 세계대학 순위 100위권 이내로 제한했다. 고용노동부는 16일 한화에어로스페이스가 경력 사원 채용을 실시하면서 연령과...",2026-09-27 15:16,https://www.imaeil.com/page/view/2026092713092530320,https://n.news.naver.com/mnews/article/088/0001030766?sid=101
연세대학교,매일신문,"한화에어로 이부환 대표 ""나이·학력 채용 제한, 있어선 안 될 일"" 공식...","서울·판교 근무자는 서울대·연세대·고려대 등 국내 11개 대학 출신을 대상으로 하고, 해외 대학은 QS 세계대학 순위 100위권 이내로 제한했다. 고용노동부는 16일 한화에어로스페이스가 경력 사원 채용을 실시하면서 연령과...",2026-09-27 15:16,https://www.imaeil.com/page/view/2026092713092530320,https://n.news.naver.com/mnews/article/088/0001030766?sid=101
연세대학교,머니투데이,"3주 약값이 1000만원...""두 돌 아이 두고 죽을까 무섭다"" 30대 엄마 호소","장혁재 연세대학교 세브란스병원 심장내과 교수는 ""폐동맥고혈압 치료에서 폐이식은 결국 최후의 수단""이라며 ""이식을 기다리는 환자들은 더 쓸 수 있는 치료제도 없지만 공여자 또한 부족하기 때문에 대기 기간동안...",2026-09-27 15:15,https://www.mt.co.kr/thebio/2026/09/27/2026092715024180115,https://n.news.naver.com/mnews/article/008/0005418688?sid=101
서울대학교,메디게이트뉴스,"[미래 헬스케어 트렌드] 김지혜 HIMSS 한국지사장 ""의료AI 성과, 환자 치...","한국에서는 서울대학교병원과 서울아산병원이 참여한다. 싱가포르에서는 싱가포르 국립대학교병원(National University Hospital, NUH)과 싱가포르 보건서비스(SingHealth)가 참여하고, 대만에서는 국립대만대학병원(National...",2026-09-27 15:14,https://www.medigatenews.com/news/98014586,https://www.medigatenews.com/news/98014586
서울대학교,GGILBO,서연고 중도탈락 5년간 1만 명 이상…의학계열 등 재입학 추정,대학인 서울대·연세대·고려대를 다니다 중도탈락한 학생이 최근 5년간 1만 명이 넘는 것으로 나타났다. 27일 종로학원에 따르면 대학알리미 공시자료를 분석한 결과 2021년부터 지난해까지 서울대·연세대...,2026-09-27 15:14,https://www.ggilbo.com/news/articleView.html?idxno=1183690,https://www.ggilbo.com/news/articleView.html?idxno=1183690
고려대학교,GGILBO,서연고 중도탈락 5년간 1만 명 이상…의학계열 등 재입학 추정,사진 = 종로학원 국내 최상위권 대학인 서울대·연세대·고려대를 다니다 중도탈락한 학생이 최근 5년간 1만 명이 넘는 것으로 나타났다. 27일 종로학원에 따르면 대학알리미 공시자료를 분석한 결과 2021년부터...,2026-09-27 15:14,https://www.ggilbo.com/news/articleView.html?idxno=1183690,https://www.ggilbo.com/news/articleView.html?idxno=1183690
연세대학교,GGILBO,서연고 중도탈락 5년간 1만 명 이상…의학계열 등 재입학 추정,사진 = 종로학원 국내 최상위권 대학인 서울대·연세대·고려대를 다니다 중도탈락한 학생이 최근 5년간 1만 명이 넘는 것으로 나타났다. 27일 종로학원에 따르면 대학알리미 공시자료를 분석한 결과 2021년부터...,2026-09-27 15:14,https://www.ggilbo.com/news/articleView.html?idxno=1183690,https://www.ggilbo.com/news/articleView.html?idxno=1183690
고려대학교,GGILBO,이윤홍 세종시 부교육감 부임,"세종시교육청에 따르면 28일 취임하는 이 부교육감은 배화여자고등학교, 고려대학교를 졸업했으며 행정고시 44회에 합격해 2001년 공직에 입문한 후 교육부 창조행정담당관, 혁신행정담당관, 운영지원과장, 장관실...",2026-09-27 15:14,https://www.ggilbo.com/news/articleView.html?idxno=1183706,https://www.ggilbo.com/news/articleView.html?idxno=1183706
고려대학교,경향신문,“테스 형~ 철학과가 다시 뜬다는데 왜 그래?”···AI 시대 ‘질문하는...,"최근 수시모집 결과 주요 대학에서 철학과가 경쟁률 상위권을 차지했고, 대학 교육 현장에서도 철학의... 철학과 인기는 대학입시에서도 나타난다. 2027학년도 대입 수시모집에서 서울대·고려대·연세대 모두 철학과가...",2026-09-27 15:13,https://www.khan.co.kr/article/202609271513011,https://n.news.naver.com/mnews/article/032/0003472626?sid=102
서울대학교,경향신문,“테스 형~ 철학과가 다시 뜬다는데 왜 그래?”···AI 시대 ‘질문하는...,"최근 수시모집 결과 주요 대학에서 철학과가 경쟁률 상위권을 차지했고, 대학 교육 현장에서도 철학의... 2027학년도 대입 수시모집에서 서울대·고려대·연세대 모두 철학과가 인문계열 학과 중 경쟁률 상위권에...",2026-09-27 15:13,https://www.khan.co.kr/article/202609271513011,https://n.news.naver.com/mnews/article/032/0003472626?sid=102
연세대학교,경향신문,“테스 형~ 철학과가 다시 뜬다는데 왜 그래?”···AI 시대 ‘질문하는...,"최근 수시모집 결과 주요 대학에서 철학과가 경쟁률 상위권을 차지했고, 대학 교육 현장에서도 철학의... 철학과 인기는 대학입시에서도 나타난다. 2027학년도 대입 수시모집에서 서울대·고려대·연세대 모두 철학과가...",2026-09-27 15:13,https://www.khan.co.kr/article/202609271513011,https://n.news.naver.com/mnews/article/032/0003472626?sid=102
연세대학교,뉴스1,북한군 포로 면담 주선한 '지한파'…새 주한 우크라대사에 내정,2000~2001년 연세대 한국어학당에서 한국어를 배운 뒤 2002년부터 2006년까지 주한 우크라이나대사관에서 아타셰와 3등서기관으로 근무했다. 이후 우크라이나 총리실에서도 동북아 국가들과의 협력을 담당했다. 외교관에서...,2026-09-27 15:10,https://www.news1.kr/diplomacy/defense-diplomacy/6302348,https://n.news.naver.com/mnews/article/421/0009193461?sid=100
고려대학교,한스경제,"[인터뷰] '金 캡틴' 이승현 ""농구 인기 많아지길""","고려대 재학 중이던 2014 인천 아시안게임 때 대표팀에 뽑히지 못한 게 특히 아쉬웠다. 당시 수개월 동안 대표팀 합숙 훈련에 참여했지만, 대회 직전 최종 명단에서는 탈락했다. 이듬해인 2015년 처음 태극마크를 단...",2026-09-27 15:04,http://www.hansbiz.co.kr/news/articleView.html?idxno=868184,http://www.hansbiz.co.kr/news/articleView.html?idxno=868184
연세대학교,스포츠경향,"정식리그도, 전문 지도자도, 전문 선수도 없는데…‘맨땅에 금메달 헤딩...","금메달을 대학생 4총사가 따냈다. 이주영(22)과 김승우(21·이상 연세대), 이동근(23·고려대), 구민교(21... 배 감독은 26일 귀국한 뒤 “선수 차출에 응해준 대학교 감독들, 대표팀 실전경험을 위해 스파링을 해준 국내...",2026-09-27 14:58,https://sports.khan.co.kr/article/202609271457003?pt=nv,https://m.sports.naver.com/basketball/article/144/0001140627
연세대학교,워크투데이,"SOOP, 28일 연세대·고려대 '2026 사이버 정기전' 개최","연세대학교와 고려대학교 학생들이 e스포츠로 맞붙는 '2026 사이버 정기전'이 오는 28일 오후 2시 상암 SOOP... SOOP은 대학생들이 선수와 방송 제작, 콘텐츠 기획 등 e스포츠 관련 분야를 경험할 수 있도록 대학 e스포츠...",2026-09-27 14:58,http://www.worktoday.co.kr/news/articleView.html?idxno=89755,http://www.worktoday.co.kr/news/articleView.html?idxno=89755
고려대학교,스포츠경향,"정식리그도, 전문 지도자도, 전문 선수도 없는데…‘맨땅에 금메달 헤딩...","이주영(22)과 김승우(21·이상 연세대), 이동근(23·고려대), 구민교(21·성균관대) 등 평균 나이 21.7세 대학생들... 배 감독은 26일 귀국한 뒤 “선수 차출에 응해준 대학교 감독들, 대표팀 실전경험을 위해 스파링을 해준...",2026-09-27 14:58,https://sports.khan.co.kr/article/202609271457003?pt=nv,https://m.sports.naver.com/basketball/article/144/0001140627
고려대학교,워크투데이,"SOOP, 28일 연세대·고려대 '2026 사이버 정기전' 개최","연세대학교와 고려대학교 학생들이 e스포츠로 맞붙는 '2026 사이버 정기전'이 오는 28일 오후 2시 상암 SOOP... SOOP은 대학생들이 선수와 방송 제작, 콘텐츠 기획 등 e스포츠 관련 분야를 경험할 수 있도록 대학 e스포츠...",2026-09-27 14:58,http://www.worktoday.co.kr/news/articleView.html?idxno=89755,http://www.worktoday.co.kr/news/articleView.html?idxno=89755
연세대학교,JTBC,의정 갈등 그 후...'피부과 일반의'만 늘었다,"이상규 연세대의대 예방의학교실 교수가 건강보험심사평가원 데이터를 토대로 분석한 결과, 피부과 의원에서 일하는 일반의는 올해 3월 기준 1022명이었습니다. 의·정 갈등 이전에는 571명이었는데 약 1.8배로 늘어난...",2026-09-27 14:56,https://news.jtbc.co.kr/article/NB12320148?influxDiv=NAVER,https://n.news.naver.com/mnews/article/437/0000512884?sid=102
고려대학교,부산일보,"예상치 못했던 농구 전성시대, ‘황금기’ 연 한국 농구 [여기는 나고야...","구민교(성균관대), 김승우(연세대), 이동근(고려대), 이주영(연세대) 등 20대 초반으로 팀을 구성한 남자 대표팀은 결승에서 신들린 듯한 외곽포로 평균 신장 2m의 카타르를 넘어 섰다. 이들은 한국 아시안게임 통산...",2026-09-27 14:55,https://www.busan.com/view/busan/view.php?code=2026092714415761963,https://n.news.naver.com/mnews/article/082/0001399975?sid=104
연세대학교,부산일보,"예상치 못했던 농구 전성시대, ‘황금기’ 연 한국 농구 [여기는 나고야...","구민교(성균관대), 김승우(연세대), 이동근(고려대), 이주영(연세대) 등 20대 초반으로 팀을 구성한 남자 대표팀은 결승에서 신들린 듯한 외곽포로 평균 신장 2m의 카타르를 넘어 섰다. 이들은 한국 아시안게임 통산...",2026-09-27 14:55,https://www.busan.com/view/busan/view.php?code=2026092714415761963,https://n.news.naver.com/mnews/article/082/0001399975?sid=104
고려대학교,NGETNEWS,유한양행 차기 대표 인선 임박…내부 승진 관례 갈림길,고려대 의대 교수로 오랫동안 활동한 뒤 2023년 유한양행에 합류해 R&D 분야를 총괄하고 있다. 김 사장이... 유한양행이 통상 3월 중순 주주총회를 열었다는 점을 고려해 업계에서는 9월 중 차기 대표가 결정될 것이라는...,2026-09-27 14:54,https://www.ngetnews.com/news/articleView.html?idxno=553716,https://www.ngetnews.com/news/articleView.html?idxno=553716
연세대학교,메디컬투데이,전공의 집단사직·복귀 이후 '피부과 일반의' 급증…571명→1022명,이상규 연세대 의대 예방의학교실 교수팀은 2022년 12월부터 2026년 3월까지 건강보험심사평가원 데이터를 토대로 전공의 집단사직 전후 일반의 분포 변화를 분석했다. 연구 결과는 지난달 발간된 대한의학회지...,2026-09-27 14:54,https://www.mdtoday.co.kr/news/articleView.html?idxno=616412,https://www.mdtoday.co.kr/news/articleView.html?idxno=616412
고려대학교,CCTIMES,세종시교육청 부교육감에 교육부 이윤홍 국장 부임,"이윤홍 부교육감은 고려대학교를 졸업하고 행정고시 44회에 합격해 2001년에 공직에 입문한 후 교육부 창조행정담당관, 혁신행정담당관, 운영지원과장, 장관실 비서실장, 부경대 사무국장, 중앙교육연수원장...",2026-09-27 14:52,http://www.cctimes.kr/news/articleView.html?idxno=929406,http://www.cctimes.kr/news/articleView.html?idxno=929406
서울대학교,위키트리,비교가 오히려 기회?…삶의 가치를 10배 끌어올리는 '3가지' 질문,내적인 고유 가치 대신 외부의 기준점에 의존할 때 우리의 심리적 안정성은 쉽게 무너진다.서울대학교 엄성우 교수의 유학 시절 경험은 이러한 상대평가의 심리적 오류를 단적으로 보여준다. 유학 초기 그는 상대적인 영어...,2026-09-27 14:52,https://www.wikitree.co.kr/articles/1159423,https://www.wikitree.co.kr/articles/1159423
서울대학교,YOUTHDAILY,"한화에어로 경력직 채용 논란 일파만파…이부환 대표, 공식 사과","서울과 판교 근무자의 경우 서울대·연세대·고려대 등 11개 대학 졸업생을 기준으로 삼았으며, 해외 대학 졸업자는 세계 대학순위(QS) 100위권 이내 학교만 채용 대상에 포함하는 내용이 담겼다. 근무지에 따라 대학 기준을...",2026-09-27 14:48,https://www.youthdaily.co.kr/news/article.html?no=227622,https://www.youthdaily.co.kr/news/article.html?no=227622
연세대학교,YOUTHDAILY,"한화에어로 경력직 채용 논란 일파만파…이부환 대표, 공식 사과","서울과 판교 근무자의 경우 서울대·연세대·고려대 등 11개 대학 졸업생을 기준으로 삼았으며, 해외 대학 졸업자는 세계 대학순위(QS) 100위권 이내 학교만 채용 대상에 포함하는 내용이 담겼다. 근무지에 따라 대학 기준을...",2026-09-27 14:48,https://www.youthdaily.co.kr/news/article.html?no=227622,https://www.youthdaily.co.kr/news/article.html?no=227622
고려대학교,YOUTHDAILY,"한화에어로 경력직 채용 논란 일파만파…이부환 대표, 공식 사과","지난달 말 작성된 지침에는 “인력구조 고령화, 적체를 막기 위해 직급 대비 연령대를 고려해 선발한다”는... 서울과 판교 근무자의 경우 서울대·연세대·고려대 등 11개 대학 졸업생을 기준으로 삼았으며, 해외 대학...",2026-09-27 14:48,https://www.youthdaily.co.kr/news/article.html?no=227622,https://www.youthdaily.co.kr/news/article.html?no=227622
고려대학교,루키,"""형들 보면서 배울게요"" 동국대 5연승 상승세 주역→프로 진출 앞두고 ...","특히 최근 난적 고려대를 상대로 원정에서 승리를 거두기도 했다. 여름에 다녀왔던 중국 전지훈련의 효과도 보고 있다. 우성희는 ""우리의 단점을 많이 보완하기 위해 노력했다. 그게 경기에서 잘 나왔던 듯하다""라며...",2026-09-27 14:48,http://www.rookie.co.kr/news/articleView.html?idxno=127359,https://m.sports.naver.com/basketball/article/398/0000102994
서울대학교,대전일보,충남대·공주대 통합신청서 제출 기한 연장…재논의 시간 확보,"특히 충남대는 공주대와의 통합을 기반으로 '서울대 10개 만들기' 사업에 선정된 만큼 통합 논의를 이어갈 필요성이 크다. 결국 추가로 확보된 3개월 동안 통합 재추진 방식을 결정짓고, 구성원들의 우려와 반대를 얼마나...",2026-09-27 14:40,https://www.daejonilbo.com/news/articleView.html?idxno=2303592,https://n.news.naver.com/mnews/article/656/0000187864?sid=102
서울대학교,중앙일보,[단독] “통일 불가능” 39.1% 역대 최고…“북한과 타협 불가” 78%,"27일 중앙일보가 확인한 서울대 통일평화연구원의 올해 통일의식조사에 따르면 통일이 가능한 시기를 묻는... 서울대 통일평가연구원은 지난 2007년부터 해마다 통일과 북한에 대한 인식, 정부의 대북정책에 대한 평가와...",2026-09-27 14:38,https://www.joongang.co.kr/article/25464976,https://n.news.naver.com/mnews/article/025/0003553957?sid=102
서울대학교,뉴스1,"'서울대 10개 만들기' 탈락 후폭풍…전북대 교수·학생·동문 ""납득 못해...","교육부는 지난 1일 정부서울청사에서 '2026년 서울대 10개 만들기' 패키지 지원대학으로 부산대학교와 전남대학교, 충남대학교를 선정했다. 선정된 대학에는 연 700억 원, 5년간 3500억 원가량의 대규모 재정 지원이 집중된다....",2026-09-27 14:29,https://www.news1.kr/local/jeonbuk/6302334,https://n.news.naver.com/mnews/article/421/0009193410?sid=102
연세대학교,국민일보,대입 경쟁률 감췄는데…접수번호로 지원 규모 추정,김 의원실이 한국대학교육협의회를 통해 확인한 결과다. 이는 응답 대학의 86.7%에 해당한다. 자료를 내지... 조사에서 지원 규모를 추정할 수 있는 것으로 분류된 대학에는 연세대·고려대·한양대 등 서울 소재 대학 30곳과...,2026-09-27 14:21,https://www.kmib.co.kr/article/view.asp?arcid=9000017459&cp=nv,https://n.news.naver.com/mnews/article/005/0001875154?sid=102
고려대학교,국민일보,대입 경쟁률 감췄는데…접수번호로 지원 규모 추정,김 의원실이 한국대학교육협의회를 통해 확인한 결과다. 이는 응답 대학의 86.7%에 해당한다. 자료를 내지... 조사에서 지원 규모를 추정할 수 있는 것으로 분류된 대학에는 연세대·고려대·한양대 등 서울 소재 대학 30곳과...,2026-09-27 14:21,https://www.kmib.co.kr/article/view.asp?arcid=9000017459&cp=nv,https://n.news.naver.com/mnews/article/005/0001875154?sid=102
서울대학교,NTODAY,[완벽한 날들⑬｜정선우의 여정] 1억 빚과 희귀암의 벼랑 끝… '암환자...,"서울대학교 심리학 연구진이 정리한 '한국어 감정단어'를 토대로, 인터뷰이가 자신의 경험을 가장 잘 나타낸다고 직접 선택한 감정단어를 따라 이들이 암을 마주하고 치료를 견디며 겪은 내면의 변화를 살펴본다. 이와...",2026-09-27 14:20,https://www.ntoday.co.kr/news/articleView.html?idxno=129350,https://www.ntoday.co.kr/news/articleView.html?idxno=129350
고려대학교,스포츠동아,"‘금3·동1’ AG서 역대급 성적 거둔 한국 농구, 재도약 발판 마련했다","우승의 주역 이주영(22), 김승우(21·이상 연세대), 이동근(23·고려대), 구민교(21·성균관대)는 11월 20일 열릴 2026 KBL 신인드래프트를 통해 프로에 데뷔한다. 전병준 감독(52)이 이끄는 여자 대표팀도 같은 날 열린...",2026-09-27 14:19,https://sports.donga.com/sports/article/all/20260927/134736596/1,https://m.sports.naver.com/basketball/article/382/0001295864
연세대학교,스포츠동아,"‘금3·동1’ AG서 역대급 성적 거둔 한국 농구, 재도약 발판 마련했다","우승의 주역 이주영(22), 김승우(21·이상 연세대), 이동근(23·고려대), 구민교(21·성균관대)는 11월 20일 열릴 2026 KBL 신인드래프트를 통해 프로에 데뷔한다. 전병준 감독(52)이 이끄는 여자 대표팀도 같은 날 열린...",2026-09-27 14:19,https://sports.donga.com/sports/article/all/20260927/134736596/1,https://m.sports.naver.com/basketball/article/382/0001295864
서울대학교,아주경제,"한화에어로, '경력직 채용 가이드라인' 논란 사과…""공정한 기회 훼손""","해당 가이드라인에는 서울과 판교 근무자의 경우 서울대 등 11개 대학 졸업생을 대상으로 하고, 연령은 1980년생 이하로 제한하는 내용이 담긴 것으로 알려졌다. 한화에어로스페이스 사과문.[사진=한화에어로스페이스...",2026-09-27 14:16,https://www.ajunews.com/view/20260927140425914,https://www.ajunews.com/view/20260927140425914
고려대학교,스포츠경향,"QWER, ‘소년만화’ 주인공 변신…스페셜 클립 공개","QWER은 지난 12-13일 서울 고려대학교 화정체육관에서 두 번째 투어 ‘락케이션: 로켓 런치(ROCKATION : ROCKET LAUNCH!!)’의 성공적인 포문을 열었다. 이들은 10월 10~11일 타이베이, 10월 13일 후쿠오카, 10월 15일 오사카...",2026-09-27 14:16,https://sports.khan.co.kr/article/202609271415003?pt=nv,https://m.entertain.naver.com/article/144/0001140620
고려대학교,스포츠서울,金 땄는데 얼굴이 더 난리…204㎝ 여준석 “서강준 보여”→영어까지 술...,"고등학교 시절 호주 NBA 글로벌 아카데미에서 생활했고, 고려대 진학 후에는 다시 미국행을 선택했다. 2023년 미국 대학농구 명문 곤자가대에 합류한 뒤 시애틀대로 옮겨 NCAA 무대에서 뛰었다. 영어 실력도 흥미롭다. 지금은...",2026-09-27 14:12,https://www.sportsseoul.com/news/read/1637740?ref=naver,https://m.entertain.naver.com/article/468/0001268922
고려대학교,NEWSTOMATO,'재제청 거부' 조희대 버티기…해결책 없는 청와대,"조 대법원장이 발표한 입장의 내용과 시기, 방식 등을 고려할 때 정치적 행보라는 비판 목소리가 큽니다. 먼저 이 대통령의 재제청 요청이 헌법적 근거가 없다는 조 대법원장 주장에 대해 김선택 고려대 법학전문대학원...",2026-09-27 14:06,http://www.newstomato.com/ReadNews.aspx?no=1314778&inflow=N,http://www.newstomato.com/ReadNews.aspx?no=1314778&inflow=N
서울대학교,NEWSTOMATO,"(사모펀드 민낯)①홈플러스, 1.2조 배당·3.3조 자산매각…MBK식 LBO 실체","박상인 서울대 행정대학원 교수는 ""채무자도 노동자도 일반 소비자도 아닌, 대주주가 경영 실패에 대한 책임을 가장 무겁게 질 수 있도록 관리와 채무조정 협상이 이루어져야 한다""고 했습니다. 이어 ""미국이나 일본과...",2026-09-27 14:04,http://www.newstomato.com/ReadNews.aspx?no=1314658&inflow=N,http://www.newstomato.com/ReadNews.aspx?no=1314658&inflow=N
연세대학교,아시아경제,"""혹시 우리 집 앞 피부과도?""…그 많던 '사직 전공의' 어디로 갔을까",27일 의료계에 따르면 이상규 연세대 의대 예방의학교실 교수가 건강보험심사평가원 데이터를 토대로 전공의 집단사직 전후 일반의 분포 변화를 분석한 결과 이러한 경향이 확인됐다. 연구 결과는...,2026-09-27 14:03,https://view.asiae.co.kr/article/2026092713592491884,https://n.news.naver.com/mnews/article/277/0005821150?sid=102
서울대학교,전자신문,[특별인터뷰]이정구 국립광주과학관장 “과학관은 과학기술과 국민의 삶...,○이정구 국립광주과학관장은… 이정구 관장은 서울대학교에서 지질학(고생물학)을 전공해 석·박사... 국립중앙과학관에서 공직을 시작한 이 관장은 20여 년간 국립과천과학관 과장과 국립서울과학관장...,2026-09-27 14:01,https://www.etnews.com/20260921000443,https://n.news.naver.com/mnews/article/030/0003470071?sid=105
고려대학교,스포츠조선,"영탁, '꺾어' 제대로 통했다…'뮤뱅' 결방에도 1위","영탁은 10월 3일부터 5일까지 서울 고려대학교 화정 체육관, 10월 24~25일 전주, 11월 28~29일 대구, 12월 19~20일 인천, 2027년 1월 16~17일 부산에서 단독 콘서트 '탁 쇼5'를 개최한다.",2026-09-27 14:00,https://www.sportschosun.com/entertainment/2026-09-27/202609270100178650011796,https://m.entertain.naver.com/article/076/0004450037
연세대학교,JOONGDO,"""배움의 꿈에 힘 보탠다"", 서산로타리클럽, 장학금 980만원 전달","서산로타리클럽은 최근 관명 장학금과 클럽 장학금을 마련해 대학생과 중·고등학생 등 장학생들에게... 윤정구 관명 장학금은 연세대학교 학생에게 100만원, 가복현 관명 장학금은 인하대학교 학생에게 100만원, 유장곤...",2026-09-27 13:54,https://www.joongdo.co.kr/web/view.php?key=20260927010008061,https://www.joongdo.co.kr/web/view.php?key=20260927010008061
연세대학교,한국경제,"부동산 전문가 99% ""연말까지 서울 전셋값 더 오른다""","고준석 연세대 상남경영원 교수는 “주택 공급이 부족한 가운데 실거주 의무, 비거주 1주택자 세 부담 증가 등으로 전세 매물이 감소하면서 전셋값 상승이 매매가격 상승으로 이어지고 있다”고 설명했다. 남혁우...",2026-09-27 13:50,https://www.hankyung.com/article/202609277380i,https://n.news.naver.com/mnews/article/015/0005336251?sid=101
고려대학교,DENTALNEWS,"고대안암병원 구강외과, KADR 학술경연 ‘두각’",장인서·김재연 전공의 1·3위…타액선 질환 연구 성과 인정  고려대학교안암병원(이하 고대안암병원) 구강악안면외과 장인서 전공의(3년차)와 김재연 전공의(2년차)가 지난 9월 5일 열린 ‘제45차...,2026-09-27 13:44,https://www.dentalnews.or.kr/news/article.html?no=48269,https://www.dentalnews.or.kr/news/article.html?no=48269
고려대학교,매일신문,[아시안게임] 추석을 금빛으로 물들인 장한 태극전사들,"이주영, 김승우(이상 연세대), 이동근(고려대), 구민교(성균관대) 등 대학생 선수들로만 꾸려진 한국 남자 3대3 농구팀은 25일 일본 나고야 긴조후토역 광장 특설 코트에서 열린 결승전에서 카타르를 19대10으로 꺾고...",2026-09-27 13:42,https://www.imaeil.com/page/view/2026092713411697780,https://n.news.naver.com/mnews/article/088/0001030723?sid=104
연세대학교,매일신문,[아시안게임] 추석을 금빛으로 물들인 장한 태극전사들,"이주영, 김승우(이상 연세대), 이동근(고려대), 구민교(성균관대) 등 대학생 선수들로만 꾸려진 한국 남자 3대3 농구팀은 25일 일본 나고야 긴조후토역 광장 특설 코트에서 열린 결승전에서 카타르를 19대10으로 꺾고...",2026-09-27 13:42,https://www.imaeil.com/page/view/2026092713411697780,https://n.news.naver.com/mnews/article/088/0001030723?sid=104
고려대학교,TV리포트,"""1위 생각지도 못해"" 영탁, '꺾어'로 '뮤직뱅크' 정상 등극","‘TAK SHOW5’는 오는 10월 3일부터 5일까지 서울 고려대학교 화정체육관에서 개최되며, 서울 공연을 시작으로 10월 24~25일 전주, 11월 28~29일 대구, 12월 19~20일 인천, 내년 1월 16~17일 부산으로 이어진다. 영탁은 가수 활동...",2026-09-27 13:41,https://www.tvreport.co.kr/music/article/1078596/,https://m.entertain.naver.com/article/213/0001402585
연세대학교,디지털데일리,"한화에어로 이부환 대표, ‘경력직 채용 지침’ 사과…책임자 징계·재...",서울·판교 등 수도권 근무자는 서울대·연세대·고려대 등을 포함한 국내 11개 대학 출신을 대상으로 하고 해외 대학의 경우 세계대학순위 100위권 이내라는 기준이 제시됐다. 지방 사업장은 지역 거점 국립대와 해외 대학...,2026-09-27 13:38,https://www.ddaily.co.kr/page/view/2026092713365024306,https://n.news.naver.com/mnews/article/138/0002242744?sid=101
고려대학교,디지털데일리,"한화에어로 이부환 대표, ‘경력직 채용 지침’ 사과…책임자 징계·재...",회사의 내부 지침에는 인력 구조의 고령화와 적체를 막기 위해 직급에 맞는 연령대를 고려한다는 내용과 함께 출신대학에 대한 기준 등이 포함된 것으로 알려졌다. 서울·판교 등 수도권 근무자는 서울대·연세대·고려대...,2026-09-27 13:38,https://www.ddaily.co.kr/page/view/2026092713365024306,https://n.news.naver.com/mnews/article/138/0002242744?sid=101
서울대학교,디지털데일리,"한화에어로 이부환 대표, ‘경력직 채용 지침’ 사과…책임자 징계·재...",서울·판교 등 수도권 근무자는 서울대·연세대·고려대 등을 포함한 국내 11개 대학 출신을 대상으로 하고 해외 대학의 경우 세계대학순위 100위권 이내라는 기준이 제시됐다. 지방 사업장은 지역 거점 국립대와 해외 대학...,2026-09-27 13:38,https://www.ddaily.co.kr/page/view/2026092713365024306,https://n.news.naver.com/mnews/article/138/0002242744?sid=101
연세대학교,HIDOMIN,"SKY 떠나는 학생들, 최근 5년간 1만명 돌파","서울대와 연세대, 고려대 등 국내 최상위권 대학을 다니다가 중도에 학교를 떠난 학생이 최근 5년간 1만명을 넘어선 것으로 집계됐다. 27일 종로학원이 대학알리미 공시자료를 분석한 결과에 따르면, 지난...",2026-09-27 13:36,https://www.hidomin.com/news/articleView.html?idxno=722624,https://www.hidomin.com/news/articleView.html?idxno=722624
연세대학교,인사이트,SKY 중도탈락 5년간 1만736명... 공학·생명과학 학생들이 많이 떠났다,"지난해 기준 대학별로는 고려대가 836명으로 가장 많았고 연세대 801명, 서울대 375명 순으로 나타났다. 자연계열 이탈이 압도적이다. 지난해 3개 대학 중도탈락자 중 자연계열이 1297명으로 전체의 64.5%를...",2026-09-27 13:36,https://www.insight.co.kr/news/575399,https://www.insight.co.kr/news/575399
고려대학교,인사이트,SKY 중도탈락 5년간 1만736명... 공학·생명과학 학생들이 많이 떠났다,"지난해 기준 대학별로는 고려대가 836명으로 가장 많았고 연세대 801명, 서울대 375명 순으로 나타났다. 자연계열 이탈이 압도적이다. 지난해 3개 대학 중도탈락자 중 자연계열이 1297명으로 전체의 64.5%를...",2026-09-27 13:36,https://www.insight.co.kr/news/575399,https://www.insight.co.kr/news/575399
고려대학교,스포츠서울,“농구 국대들 비주얼 보고 뽑나?” 금메달 여준석…‘서강준·안효섭 ...,"고려대에 진학했던 여준석은 2022년 해외 진출을 선언했고, 이듬해 미국 대학농구 명문 곤자가대에 합류했다. 이후 더 많은 출전 시간을 위해 시애틀대로 옮겼다. 2025-2026시즌에는 34경기에 모두 선발 출전해 평균 12득점...",2026-09-27 13:36,https://www.sportsseoul.com/news/read/1637731?ref=naver,https://m.sports.naver.com/basketball/article/468/0001268914
서울대학교,HIDOMIN,"SKY 떠나는 학생들, 최근 5년간 1만명 돌파","서울대와 연세대, 고려대 등 국내 최상위권 대학을 다니다가 중도에 학교를 떠난 학생이 최근 5년간... 27일 종로학원이 대학알리미 공시자료를 분석한 결과에 따르면, 지난 2021년부터 2025년까지 서울대와 연세대...",2026-09-27 13:36,https://www.hidomin.com/news/articleView.html?idxno=722624,https://www.hidomin.com/news/articleView.html?idxno=722624
서울대학교,인사이트,SKY 중도탈락 5년간 1만736명... 공학·생명과학 학생들이 많이 떠났다,"해마다 2000명 안팎이 서울대·연세대·고려대에 합격하고도 학교를 떠나고 있다는 의미다. 27일... 지난해 기준 대학별로는 고려대가 836명으로 가장 많았고 연세대 801명, 서울대 375명 순으로 나타났다. 자연계열...",2026-09-27 13:36,https://www.insight.co.kr/news/575399,https://www.insight.co.kr/news/575399
서울대학교,강원도민일보,평창교육지원청 교육혁신선도지역 공모 본격 도전,"평창교육지원청은 22일 교육지원청 대회의실에서 심재국 군수, 이창열 군의장과 군의원, 이정균 도의원, 군내 각급 학교 교장과 학교운영위원장, 서울대 그린바이오기술원·군이장연합회·군번영회장 관계자와 주민 등이...",2026-09-27 13:36,https://www.kado.net/news/articleView.html?idxno=2074863,https://n.news.naver.com/mnews/article/654/0000202462?sid=102
고려대학교,HIDOMIN,"SKY 떠나는 학생들, 최근 5년간 1만명 돌파","서울대와 연세대, 고려대 등 국내 최상위권 대학을 다니다가 중도에 학교를 떠난 학생이 최근 5년간 1만명을 넘어선 것으로 집계됐다. 27일 종로학원이 대학알리미 공시자료를 분석한 결과에 따르면, 지난...",2026-09-27 13:36,https://www.hidomin.com/news/articleView.html?idxno=722624,https://www.hidomin.com/news/articleView.html?idxno=722624
고려대학교,아시아타임즈,"한화에어로스페이스, '나이·학벌 차별' 채용 가이드라인 논란에 공식 ...",해당 문건에 따르면 서울·판교 근무자의 경우 서울대·연세대·고려대 등 국내 11개 주요 대학이나 세계 대학 순위 100위권 이내 해외 대학 출신으로 자격을 한정했다. 지방 사업장은 거점 국립대와 세계 200위권 해외...,2026-09-27 13:34,https://www.asiatime.co.kr/article/20260927500058,https://www.asiatime.co.kr/article/20260927500058
서울대학교,아시아타임즈,"한화에어로스페이스, '나이·학벌 차별' 채용 가이드라인 논란에 공식 ...",해당 문건에 따르면 서울·판교 근무자의 경우 서울대·연세대·고려대 등 국내 11개 주요 대학이나 세계 대학 순위 100위권 이내 해외 대학 출신으로 자격을 한정했다. 지방 사업장은 거점 국립대와 세계 200위권 해외...,2026-09-27 13:34,https://www.asiatime.co.kr/article/20260927500058,https://www.asiatime.co.kr/article/20260927500058
연세대학교,아시아타임즈,"한화에어로스페이스, '나이·학벌 차별' 채용 가이드라인 논란에 공식 ...",해당 문건에 따르면 서울·판교 근무자의 경우 서울대·연세대·고려대 등 국내 11개 주요 대학이나 세계 대학 순위 100위권 이내 해외 대학 출신으로 자격을 한정했다. 지방 사업장은 거점 국립대와 세계 200위권 해외...,2026-09-27 13:34,https://www.asiatime.co.kr/article/20260927500058,https://www.asiatime.co.kr/article/20260927500058
서울대학교,파이낸셜뉴스,"""SKY 떠나 의대로?""…중도탈락 65% 자연계, 5년간 1만명 넘어","서울대·연세대·고려대에서 최근 5년간 1만명이 넘는 학생이 학교를 떠난 것으로 나타났다. 지난해에도... 27일 종로학원이 지난 8월 29일 대학알리미에 공시된 대학별 중도탈락자 수를 분석한 결과, 서울대...",2026-09-27 13:32,https://www.fnnews.com/news/202609271317270975,https://n.news.naver.com/mnews/article/014/0005581109?sid=102
서울대학교,WEBECONOMY,"LG유플러스, 강남 '틈' AI 아트 플랫폼으로 전환…팝업 넘어 신진작가 키...","'팝업에서 AI 아트 플랫폼으로' LG유플러스가 서울 강남역 복합문화공간 'U+일상비일상의틈'을 팝업스토어... 프리즈, 서울대학교, 홍익대학교 등과 작가 발굴·전시·멘토링 프로그램을 추진한다. 2027년 1분기에는...",2026-09-27 13:32,https://www.webeconomy.co.kr/news/articleView.html?idxno=2317416,https://www.webeconomy.co.kr/news/articleView.html?idxno=2317416
연세대학교,세계일보,"[단독] 북한군 포로 송환 공개 논란 우크라, ‘지한파’ 인사 주한대사...",2001년 연세대에서 한국어를 공부한 뒤 2002∼2006년 주한 우크라이나대사관에서 3등서기관으로 근무했다. 이후 키로보흐라드주 주지사 등을 거쳐 국회의원이 됐으며 현재 한·우크라이나 의원친선그룹 공동회장을 맡고...,2026-09-27 13:32,https://www.segye.com/newsView/20260927506117?OutUrl=naver,https://n.news.naver.com/mnews/article/022/0004162059?sid=100
연세대학교,파이낸셜뉴스,"""SKY 떠나 의대로?""…중도탈락 65% 자연계, 5년간 1만명 넘어","27일 종로학원이 지난 8월 29일 대학알리미에 공시된 대학별 중도탈락자 수를 분석한 결과, 서울대·연세대·고려대의 최근 5년간 중도탈락자는 모두 1만736명으로 집계됐다. 연도별로는 2021년 1971명, 2022년 2131명...",2026-09-27 13:32,https://www.fnnews.com/news/202609271317270975,https://n.news.naver.com/mnews/article/014/0005581109?sid=102
고려대학교,파이낸셜뉴스,"""SKY 떠나 의대로?""…중도탈락 65% 자연계, 5년간 1만명 넘어","27일 종로학원이 지난 8월 29일 대학알리미에 공시된 대학별 중도탈락자 수를 분석한 결과, 서울대·연세대·고려대의 최근 5년간 중도탈락자는 모두 1만736명으로 집계됐다. 연도별로는 2021년 1971명, 2022년 2131명...",2026-09-27 13:32,https://www.fnnews.com/news/202609271317270975,https://n.news.naver.com/mnews/article/014/0005581109?sid=102
서울대학교,이코노미스트,"1만736명 'SKY' 붙고도 포기, 왜?…""의대 갈게요"" 입시업계 분석 나왔다","서울대·연세대·고려대(SKY)를 다니다가 자퇴 등으로 학업을 중단한 중도탈락 학생이 최근 5년간 1만... 27일 종로학원이 대학알리미 공시자료를 분석한 결과에 따르면, 2021년부터 2025년까지 최근 5년간 서울대...",2026-09-27 13:31,https://economist.co.kr/article/view/ecn202609270008,https://n.news.naver.com/mnews/article/243/0000103576?sid=101
연세대학교,이코노미스트,"1만736명 'SKY' 붙고도 포기, 왜?…""의대 갈게요"" 입시업계 분석 나왔다","지난해 대학별 중도탈락자는 고려대가 836명으로 가장 많았고 연세대 801명, 서울대 375명 순이었다. 계열별로는 자연계열 학생의 이탈이 압도적이었다. 지난해 3개 대학 전체 중도탈락자 중 자연계열은 1,297명으로...",2026-09-27 13:31,https://economist.co.kr/article/view/ecn202609270008,https://n.news.naver.com/mnews/article/243/0000103576?sid=101
고려대학교,이코노미스트,"1만736명 'SKY' 붙고도 포기, 왜?…""의대 갈게요"" 입시업계 분석 나왔다","지난해 대학별 중도탈락자는 고려대가 836명으로 가장 많았고 연세대 801명, 서울대 375명 순이었다. 계열별로는 자연계열 학생의 이탈이 압도적이었다. 지난해 3개 대학 전체 중도탈락자 중 자연계열은 1,297명으로...",2026-09-27 13:31,https://economist.co.kr/article/view/ecn202609270008,https://n.news.naver.com/mnews/article/243/0000103576?sid=101
고려대학교,대전일보,세종교육청 신임 부교육감에 이윤홍 전 교육부 국장,"이 부교육감은 배화여자고등학교와 고려대학교를 졸업한 뒤 행정고시 44회에 합격해 2001년 공직에... 2022년에는 부경대학교 사무국장으로 자리를 옮겼으며, 2024년 중앙교육연수원장을 거쳐 2025년 12월부터...",2026-09-27 13:26,https://www.daejonilbo.com/news/articleView.html?idxno=2303573,https://n.news.naver.com/mnews/article/656/0000187853?sid=102
연세대학교,이투데이,대곡에 9400가구 추가 공급⋯고양 ‘베드타운’ 탈피 다시 시험대,"고준석 연세대 상남경영원 교수는 ""대곡역은 GTX-A와 3호선이 만나는 곳으로 강남 접근성이 상당히 좋아졌다""며 ""베드타운 성격이 있더라도 서울의 주거 수요를 분산시키는 역할은 할 수 있을 것으로 보인다""고 전망했다....",2026-09-27 13:22,https://www.etoday.co.kr/news/view/2628587,https://www.etoday.co.kr/news/view/2628587
서울대학교,브릿지경제,"[브릿지 칼럼] “의대 광풍, 이제는 바뀌나?”","27학년도 대학입시 수시모집 경쟁률 분석 결과 서울대·연세대·고려대 의과대학 지원자는 전년 대비 11.3%가... 이것이 새로운 변화를 지속시키는 힘이다. 이기일 서울시립대 도시보건대학원장, 전 복지부차관",2026-09-27 13:20,https://www.viva100.com/article/20260920500048,https://www.viva100.com/article/20260920500048
연세대학교,브릿지경제,"[브릿지 칼럼] “의대 광풍, 이제는 바뀌나?”","27학년도 대학입시 수시모집 경쟁률 분석 결과 서울대·연세대·고려대 의과대학 지원자는 전년 대비 11.3%가 감소했지만, 삼성전자, SK하이닉스로 취업이 보장되는 5개 반도체 계약학과(고려대 서강대 성균관대 연세대...",2026-09-27 13:20,https://www.viva100.com/article/20260920500048,https://www.viva100.com/article/20260920500048
고려대학교,브릿지경제,"[브릿지 칼럼] “의대 광풍, 이제는 바뀌나?”",27학년도 대학입시 수시모집 경쟁률 분석 결과 서울대·연세대·고려대 의과대학 지원자는 전년 대비 11.3%가... 정책은 선의로 하는 것이 아니라 인간의 본성인 경제적 이익을 고려해야 한다고 한다. 정부는 반도체...,2026-09-27 13:20,https://www.viva100.com/article/20260920500048,https://www.viva100.com/article/20260920500048
고려대학교,매일경제,“SKY보다는 의대”…지난 5년간 SKY 중도탈락생 만명넘어,"종로학원이 27일 대학알리미 공시자료를 분석한 결과에 따르면 2021년부터 지난해까지 서울대·연세대·고려대의 중도탈락자는 총 1만736명으로 집계됐다. 연도별로는 2021년 1971명, 2022년 2131명, 2023년 2126명...",2026-09-27 13:15,https://www.mk.co.kr/article/12161844,https://n.news.naver.com/mnews/article/009/0005740250?sid=102
연세대학교,매일경제,“SKY보다는 의대”…지난 5년간 SKY 중도탈락생 만명넘어,"종로학원이 27일 대학알리미 공시자료를 분석한 결과에 따르면 2021년부터 지난해까지 서울대·연세대·고려대의 중도탈락자는 총 1만736명으로 집계됐다. 연도별로는 2021년 1971명, 2022년 2131명, 2023년 2126명...",2026-09-27 13:15,https://www.mk.co.kr/article/12161844,https://n.news.naver.com/mnews/article/009/0005740250?sid=102
서울대학교,매일경제,“SKY보다는 의대”…지난 5년간 SKY 중도탈락생 만명넘어,"종로학원, 최근 5년 중도탈락자 집계 자연계 비중 64.5%…의대 등 지원 이른바 ‘SKY’로 불리는 서울대... 종로학원이 27일 대학알리미 공시자료를 분석한 결과에 따르면 2021년부터 지난해까지 서울대·연세대...",2026-09-27 13:15,https://www.mk.co.kr/article/12161844,https://n.news.naver.com/mnews/article/009/0005740250?sid=102
서울대학교,강원일보,자연의 상처 딛고 피어난 회복의 희망… 김대영개인전,서울대 회화과를 졸업한 김작가는 평창비엔날레 운영위원장 등을 역임하며 오랜 기간 독창적인 조형 세계를 구축해 온 지역 대표 중견 화가다. 그는 오랜 시간 천착해 온 ‘순환’ 테마를 바탕으로 자연의 응축된 에너지를...,2026-09-27 13:10,https://www.kwnews.co.kr/article/20260927500423,https://n.news.naver.com/mnews/article/087/0001220448?sid=102
고려대학교,메트로신문,"서연고 자연계 중도탈락, 인문계의 2배…""의대 쏠림 여파""","고려대에서는 생명과학대학 44명, 생명공학부 43명, 전기전자공학부 36명 등이 중도탈락했다. 인문계열에서는 대학별로 경영·경제 등 주요 상경계열을 중심으로 중도탈락자가 발생했다. 고려대 경영학과가...",2026-09-27 13:08,http://www.metroseoul.co.kr/article/20260927500113,http://www.metroseoul.co.kr/article/20260927500113
고려대학교,뉴스1,세종교육청 신임 부교육감에 이윤홍 교육부 국장…28일 부임,"이 신임 부교육감은 배화여고와 고려대를 졸업하고, 2001년 행정고시 44회로 공직에 입문했다. 이후 교육부 창조행정담당관, 혁신행정담당관, 운영지원과장, 장관실 비서실장, 부경대 사무국장, 중앙교육연수원장...",2026-09-27 13:08,https://www.news1.kr/local/sejong-chungbuk/6302294,https://n.news.naver.com/mnews/article/421/0009193311?sid=102
연세대학교,메트로신문,"서연고 자연계 중도탈락, 인문계의 2배…""의대 쏠림 여파""","서연고 중도탈락자수./종로학원 대학별 전체 중도탈락자는 고려대 836명, 연세대 801명, 서울대 375명 순으로 나타났다. 세부 학과별로는 연세대 공학계열에서 중도탈락자가 132명으로 가장 많았다. 이어 연세대...",2026-09-27 13:08,http://www.metroseoul.co.kr/article/20260927500113,http://www.metroseoul.co.kr/article/20260927500113
서울대학교,메트로신문,"서연고 자연계 중도탈락, 인문계의 2배…""의대 쏠림 여파""",/종로학원 서울대·연세대·고려대(서연고)에서 중도 탈락한 학생 중 자연계열 비중이 인문계열의 약... 종로학원은 서울 상위권 대학 자연계열 학생들의 중도탈락 증가 배경으로 의대 정원 확대에 따른...,2026-09-27 13:08,http://www.metroseoul.co.kr/article/20260927500113,http://www.metroseoul.co.kr/article/20260927500113
고려대학교,매일일보,"K-수출 반도체 쏠림 심화…""제2·3 수출축 키워야""","최병호 고려대 AI연구소 교수는 메모리 수요가 데이터센터 밖으로 확산할 가능성에 주목했다. 최 교수는 ""AI 메모리시장은 아직 개화 단계""라며 ""현재는 데이터센터가 중심이지만 앞으로 휴대전화와 피지컬 AI, 모빌리티...",2026-09-27 13:00,https://www.m-i.kr/news/articleView.html?idxno=1417489,https://www.m-i.kr/news/articleView.html?idxno=1417489
서울대학교,경남도민일보,진주 예술인과 어르신이 펼치는 음악 앙상블,서울대와 한국예술종합학교 출신 진주지역 청년들로 구성된 국내 유일의 색소폰 전문 청년예술단체 '코리아 색소폰 콰이어'는 10월 2일 오전 10시 30분 진주 숲속재활어르신학교에서 '마을음악 상설무대 - 숲속에서...,2026-09-27 13:00,https://www.idomin.com/news/articleView.html?idxno=2015717,https://www.idomin.com/news/articleView.html?idxno=2015717
서울대학교,이데일리,"베이스 김지훈, 英 길드홀 음악연극학교 교수 임용…한국인 최초","서울대 성악과를 수석으로 졸업한 김지훈은 이탈리아 밀라노 주세페 베르디 음악원을 최우수 성적으로... 웨일스 내셔널 오페라와 이스라엘 오페라 등 유럽 주요 무대에서 공연했고 런던 필하모닉 오케스트라, 서울시립...",2026-09-27 12:49,https://www.edaily.co.kr/News/Read?newsId=01502246645584384&mediaCodeNo=257&utm_source=naver&utm_medium=referral&utm_campaign=news_syndication&utm_content=original_article,https://n.news.naver.com/mnews/article/018/0006375881?sid=103
고려대학교,JTBC,"영탁 '꺾어'로 지상파 음악방송 1위 “생각지도 못해, 영블스 덕분”","영탁은 단독 콘서트 'TAK SHOW5'로 앨범의 열기를 이어간다. 내달 3일부터 5일까지 서울 고려대학교 화정체육관에서 개최된다. 서울 공연을 시작으로 전주, 대구, 인천, 부산 공연을 펼친다.",2026-09-27 12:41,https://news.jtbc.co.kr/article/NB12320139?influxDiv=NAVER,https://m.entertain.naver.com/article/437/0000512876
연세대학교,KOOKBANG,"서구 열강, 단 한 발자국도 밟지 못한… 바다에 솟구친 천연 요새",필자 이내주는 육군사관학교 군사사학과 명예교수이자 한국군사문제연구원 객원연구위원으로 영국 근현대사와 군사사를 전공했다. 현재 연세대학교 사학과 객원교수로 활동하고 있다.,2026-09-27 12:26,https://kookbang.dema.mil.kr/newsWeb/20260928/1/ATCE_CTGR_0020010027/view.do,https://kookbang.dema.mil.kr/newsWeb/20260928/1/ATCE_CTGR_0020010027/view.do
서울대학교,ATSTAR1,"박명수, 신동엽 이어 '무용 전공 딸' 자랑…한예종 수시 합격","2008년생 박명수의 딸에 앞서 신동엽 선혜윤 부부도 지난해 딸의 대학교 입학 소식을 자랑한 바 있다. 신동엽 딸은 2007년생으로 선화예중, 선화예고를 졸업해 서울대학교 체육교육과, 한예종 무용원 발레 전공으로 모두...",2026-09-27 12:23,http://www.atstar1.com/news/articleView.html?idxno=6039003,https://m.entertain.naver.com/article/415/0000052260
연세대학교,JOSEILBO,"전공의 복귀했지만…피부과 일반의 571명→1022명, 정형외과도 2배","27일 이상규 연세대 의대 예방의학교실 교수 연구팀이 최근 대한의학회 국제학술지(JKMS)에 게재한 연구에 따르면, 건강보험심사평가원 의료기관 통계를 분석한 결과 2026년 3월 기준 피부과 의원에 근무하는...",2026-09-27 12:21,http://www.joseilbo.com/news/news_read.php?uid=576370&class=33&grp=,https://n.news.naver.com/mnews/article/123/0002390855?sid=102
서울대학교,중앙일보,노벨문학상 D-11…하루키와 찬쉐 외에 하버드 석학은 두 작가 꼽았다,최근 서울대 서어서문학과 교수에서 정년퇴임한 클라우디아 마시아스는 중앙일보에 “파격적이고 혁신적인 문체와 장르를 넘나드는 글쓰기가 그녀의 비판적인 시선과 결합되면서 평단의 주목을 끌었다”고 설명했다....,2026-09-27 12:06,https://www.joongang.co.kr/article/25464951,https://n.news.naver.com/mnews/article/025/0003553936?sid=103
서울대학교,한국경제TV,"""서울대도 그만둡니다""…SKY 매년 2천명 떠나는 이유",서울대·연세대·고려대를 다니다 중도에 그만둔 학생이 5년간 1만명이 넘는 것으로 나타났다. 종로학원이 27일 대학알리미 공시자료를 분석한 결과에 따르면 2021년부터 작년까지 서울대·연세대·고려대의...,2026-09-27 12:06,http://www.wowtv.co.kr/NewsCenter/News/Read?articleId=A202609270030&t=NN,https://n.news.naver.com/mnews/article/215/0001267272?sid=102
고려대학교,한국경제TV,"""서울대도 그만둡니다""…SKY 매년 2천명 떠나는 이유","종로학원이 27일 대학알리미 공시자료를 분석한 결과에 따르면 2021년부터 작년까지 서울대·연세대·고려대의 중도탈락자는 모두 1만736명이다. 2021년 1천971명에서 2022년 2천131명, 2023년 2천126명, 2024명...",2026-09-27 12:06,http://www.wowtv.co.kr/NewsCenter/News/Read?articleId=A202609270030&t=NN,https://n.news.naver.com/mnews/article/215/0001267272?sid=102
연세대학교,한국경제TV,"""서울대도 그만둡니다""…SKY 매년 2천명 떠나는 이유","종로학원이 27일 대학알리미 공시자료를 분석한 결과에 따르면 2021년부터 작년까지 서울대·연세대·고려대의 중도탈락자는 모두 1만736명이다. 2021년 1천971명에서 2022년 2천131명, 2023년 2천126명, 2024명...",2026-09-27 12:06,http://www.wowtv.co.kr/NewsCenter/News/Read?articleId=A202609270030&t=NN,https://n.news.naver.com/mnews/article/215/0001267272?sid=102
서울대학교,CHUNGNAMILBO,기숙사비 카드납부 대학 15% 그쳐… 대전 사립대 9곳 가상계좌,"충남대학교 학생생활관 전경. 사진은 충남대 홈페이지 갈무리. 기숙사비 목돈 부담을 덜기 위해... 304명, 서울교대 295명 등 순이었다. 분할납부는 서울대 5608명, 전북대 2532명, 충남대 2089명 등에 이용자가...",2026-09-27 12:02,http://www.chungnamilbo.co.kr/news/articleView.html?idxno=911734,http://www.chungnamilbo.co.kr/news/articleView.html?idxno=911734
서울대학교,전자신문,"'포켓몬고 매각' 나이언틱, 공간지능 기반 피지컬 AI 확산…韓 협업 시...",조 수 대표는 “한국은 오랜 제조 강국 역사와 하드웨어·소프트웨어에서도 강점이 있고 KAIST·서울대 소속 훌륭한 연구진 등 차세대 인재가 양성되고 있다”며 “초기 AI 혁명이 언어였다면 물리적 이해가 필요한...,2026-09-27 12:01,https://www.etnews.com/20260927000055,https://n.news.naver.com/mnews/article/030/0003470049?sid=105
서울대학교,조선일보,공주 드레스 입고 수어 인사… 베트남서 터진 ‘한국어 열전’,"대한민국대사배 한국어 말하기대회 가보니… 94개 기관 참가 역대 최대 역대 수상자 서울대·삼성전자... 2022년 수상자 하 투 호아이는 현재 삼성전자에서 통역 업무를 하고 있고, 2023년 수상자 레 투이 짱은 서울대...",2026-09-27 12:01,https://www.chosun.com/international/international_general/2026/09/27/PYYFN4GDG5DBRN3ZSWAQF4RVGQ/?utm_source=naver&utm_medium=referral&utm_campaign=naver-news,https://n.news.naver.com/mnews/article/023/0004000536?sid=104
고려대학교,스포츠동아,"영탁 ‘꺾어’, ‘뮤직뱅크’ K-차트 1위…결방 속 정상 등극","서울 공연은 오는 10월 3일부터 5일까지 고려대학교 화정체육관에서 열리며, 이후 전주(10월 24~25일), 대구(11월 28~29일), 인천(12월 19~20일), 부산(내년 1월 16~17일) 순으로 전국 5개 도시 일정을 이어간다.",2026-09-27 12:01,https://sports.donga.com/ent/article/all/20260927/134736309/1,https://m.entertain.naver.com/article/382/0001295851
서울대학교,CHUNGNAMILBO,세종시 배일권 행정부시장 취임,배일권 신임 행정부시장은 1972년 서울 출생으로 서울대학교 사회학과를 졸업하고 서울대와 미국 시라큐스대학교 대학원에서 행정학 석사학위를 취득했다. 그는 제42회 행정고시에 합격해 1999년 공직 입문 후 행정안전부...,2026-09-27 11:58,http://www.chungnamilbo.co.kr/news/articleView.html?idxno=911755,http://www.chungnamilbo.co.kr/news/articleView.html?idxno=911755
서울대학교,뉴시스,"베이스 김지훈, 한국인 첫 英 길드홀 음악연극학교 교수됐다","서울대 성악과를 수석으로 졸업한 김지훈은 오스트리아 페루초 탈리아비니 국제콩쿠르와 이탈리아 줄리오... 웨일스 내셔널 오페라와 이스라엘 오페라 등 유럽 주요 무대에 올랐고, 런던 필하모닉 오케스트라와 서울시...",2026-09-27 11:55,https://www.newsis.com/view/NISX20260927_0003804163,https://n.news.naver.com/mnews/article/003/0014215347?sid=103
연세대학교,베타뉴스,"[김찬 칼럼] 연세대 학생부종합전형 국제인재, 면접관이 없는 면접","연세대 국제인재 전형의 면접장에는 면접관이 없다. 지원자는 영어로 된 제시문 두 편을 8분 동안 읽고... 같은 단과대학에 이름이 비슷한 전형이 하나 더 있다. 그쪽은 영어 제시문을 읽되 답변은 한국어로 하고, 출제...",2026-09-27 11:54,https://www.betanews.net/article/view/beta202609160094,https://www.betanews.net/article/view/beta202609160094
서울대학교,DOMIN,"2026 미주총연의 밤' 행사 성료, 서정일 회장 긴밀 연대 강조.","서정일 미주한인회총연합회 제31대 총회장 기조연설에 나선 김범수 서울대 통일평화연구원장은 ""여러분은 민간외교관""이라며, ""한 자리에서 뵙게 돼 기쁘다""고 말한 뒤, 실질적 투표권에 대해 설명했다. 김 원장은 ""여러...",2026-09-27 11:52,http://www.domin.co.kr/news/articleView.html?idxno=1570056,http://www.domin.co.kr/news/articleView.html?idxno=1570056
서울대학교,SLIST,"베이스 김지훈, 한국인 첫 英길드홀 음악연극학교 교수 임용",서울대 성악과를 수석으로 졸업한 김지훈은 이탈리아 밀라노 주세페 베르디 음악원(Conservatorio Giuseppe Verdi)을 최우수 성적으로 조기 졸업한 뒤 주로 영국과 유럽에서 활동하고 있는 성악가다. 김지훈은...,2026-09-27 11:46,https://www.slist.kr/news/articleView.html?idxno=768999,https://www.slist.kr/news/articleView.html?idxno=768999
서울대학교,DENTALNEWS,"부산대치전원, 2026 종합학술대회 성료","임플란트·보철·근관·AI 영상진단 등 폭넓은 주제 다뤄 부산대학교치의학전문대학원(원장 김성식·이하... 학술대회에는 부산대치전원은 물론이고 서울대치의학대학원, 경희치대, 강원치대 등 교수진과 개원의 등 총...",2026-09-27 11:44,https://www.dentalnews.or.kr/news/article.html?no=48249,https://www.dentalnews.or.kr/news/article.html?no=48249
고려대학교,스포츠월드,"영탁, ‘꺾어’로 ‘뮤직뱅크’ 1위…팬들에게 가장 먼저 전한 말은?","‘TAK SHOW5’는 오는 10월 3일부터 5일까지 서울 고려대학교 화정체육관에서 열린다. 이후 10월 24~25일 전주, 11월 28~29일 대구, 12월 19~20일 인천, 내년 1월 16~17일 부산에서 공연을 이어간다.",2026-09-27 11:42,https://www.sportsworldi.com/newsView/20260927504837,https://m.entertain.naver.com/article/396/0000756399
서울대학교,국민일보,최재천 교수가 바라본 ‘AI 시대 공존’… 29일 호남대서 강연,"두 번째 강연은 오는 10월 13일 서울대학교 김헌 교수를 초청해 ‘인공지능이 채울 수 없는 결핍, 고전의 지혜’를 주제로 진행된다. 같은 달 27일 열리는 세 번째 강연에선 경희대학교 염운옥 교수가 ‘다양성이 힘이...",2026-09-27 11:28,https://www.kmib.co.kr/article/view.asp?arcid=9000017422&cp=nv,https://n.news.naver.com/mnews/article/005/0001875130?sid=102
연세대학교,NEWS2DAY,"[취준생을 위하여(315)] 한전KPS, 고장 전에 ‘AI 예측정비’ 지향…필요...","2026년 4월에는 한국남부발전·연세대학교와 다양한 발전설비에 적용할 수 있는 범용 AI 이상탐지 모델 개발에 착수했다. 남부발전은 실제 운전 데이터와 실증환경, 연세대는 AI 알고리즘, 한전KPS는 고장 분석과 정비...",2026-09-27 11:24,https://www.news2day.co.kr/article/20260923500013,https://www.news2day.co.kr/article/20260923500013
연세대학교,조선비즈,전공의 집단 사직 후 ‘피부과 일반의’ 급증…의정갈등에 의료인력 변...,"27일 의료계에 따르면 이상규 연세대 의대 예방의학교실 교수가 건강보험심사평가원 자료를 활용해 전공의 집단사직 전후 일반의 분포를 분석한 결과, 이 같은 변화가 확인됐다. 연구 결과는 대한의학회지...",2026-09-27 11:22,https://biz.chosun.com/science-chosun/medicine-health/2026/09/27/LUXJO6OB7JBIRGJO7QWZGPGMKI/?utm_source=naver&utm_medium=original&utm_campaign=biz,https://n.news.naver.com/mnews/article/366/0001194553?sid=105
고려대학교,스포츠서울,"‘뮤뱅’ 1위 영탁 “영블스 고마워요, 덕분입니다”","음악방송 정상에 오른 영탁은 단독 콘서트 ‘탁 쇼5(TAK SHOW5)’로 열기를 이어간다. 이번 전국투어는 오는 10월 3일부터 5일까지 서울 고려대학교 화정체육관에서 시작해 전주, 대구, 인천, 부산으로 이어진다.",2026-09-27 11:19,https://www.sportsseoul.com/news/read/1637710?ref=naver,https://m.entertain.naver.com/article/468/0001268889
고려대학교,PPSS,[의학칼럼] 당뇨병은 어떻게 우리몸에 찾아오는가,"고려대학교 안산병원 내분비내과 이다영 교수는 한 매체 인터뷰에서 ""인슐린 저항성은 쉽게 말해... 국내 연구로는 아주대학병원 내분비대사내과 김대중 교수·하경화 연구조교수팀이 국민건강보험공단 코호트...",2026-09-27 11:16,https://www.ppss.kr/news/articleView.html?idxno=312540,https://www.ppss.kr/news/articleView.html?idxno=312540
고려대학교,아시아경제,"""SKY 타이틀보단 의사, 지방의대라도 갈래요""…1만 명 짐 쌌다","최근 5년간 서울대·연세대·고려대, 이른바 'SKY 대학'에 다니다가 중도탈락한 학생이 1만명이 넘는 것으로 나타났다. 27일 종로학원 분석 결과에 따르면 2021년부터 작년까지 서울대·연세대·고려대의...",2026-09-27 11:11,https://view.asiae.co.kr/article/2026092711080624226,https://n.news.naver.com/mnews/article/277/0005821104?sid=102
서울대학교,아시아경제,"""SKY 타이틀보단 의사, 지방의대라도 갈래요""…1만 명 짐 쌌다","최근 5년간 서울대·연세대·고려대, 이른바 'SKY 대학'에 다니다가 중도탈락한 학생이 1만명이 넘는 것으로 나타났다. 27일 종로학원 분석 결과에 따르면 2021년부터 작년까지 서울대·연세대·고려대의...",2026-09-27 11:11,https://view.asiae.co.kr/article/2026092711080624226,https://n.news.naver.com/mnews/article/277/0005821104?sid=102
연세대학교,아시아경제,"""SKY 타이틀보단 의사, 지방의대라도 갈래요""…1만 명 짐 쌌다","최근 5년간 서울대·연세대·고려대, 이른바 'SKY 대학'에 다니다가 중도탈락한 학생이 1만명이 넘는 것으로 나타났다. 27일 종로학원 분석 결과에 따르면 2021년부터 작년까지 서울대·연세대·고려대의...",2026-09-27 11:11,https://view.asiae.co.kr/article/2026092711080624226,https://n.news.naver.com/mnews/article/277/0005821104?sid=102
서울대학교,연합뉴스,"베이스 김지훈, 한국인 첫 英 길드홀 음악연극학교 교수 임용",서울대 성악과를 수석으로 졸업한 김지훈은 이탈리아 밀라노 주세페 베르디 음악원(Conservatorio Giuseppe Verdi)을 최우수 성적으로 조기 졸업한 뒤 주로 영국과 유럽에서 활동하고 있는 성악가다. 김지훈은...,2026-09-27 11:10,https://www.yna.co.kr/view/AKR20260927021700005?input=1195m,https://n.news.naver.com/mnews/article/001/0016338099?sid=103
연세대학교,머니투데이,"""서울대도 그만둔다""…의대 가려고 SKY 5년간 1만명 떠났다","최근 5년간 서울대·연세대·고려대 등 이른바 'SKY 대학'에 다니다 중도 탈락한 학생이 1만명을 넘어선 것으로 나타났다. 지난해 이들 3개 대학 중도탈락자 중 5명 중 3명 이상은 자연계열 학생으로, 상위권 대학...",2026-09-27 11:07,https://www.mt.co.kr/policy/2026/09/27/2026092709534182085,https://n.news.naver.com/mnews/article/008/0005418634?sid=102
서울대학교,머니투데이,"""서울대도 그만둔다""…의대 가려고 SKY 5년간 1만명 떠났다",최근 5년간 서울대·연세대·고려대 등 이른바 'SKY 대학'에 다니다 중도 탈락한 학생이 1만명을 넘어선... 27일 종로학원이 대학알리미 대학별 중도 탈락자 공시자료를 분석한 결과에 따르면 2021~2025년 서울대...,2026-09-27 11:07,https://www.mt.co.kr/policy/2026/09/27/2026092709534182085,https://n.news.naver.com/mnews/article/008/0005418634?sid=102
고려대학교,머니투데이,"""서울대도 그만둔다""…의대 가려고 SKY 5년간 1만명 떠났다","최근 5년간 서울대·연세대·고려대 등 이른바 'SKY 대학'에 다니다 중도 탈락한 학생이 1만명을 넘어선 것으로 나타났다. 지난해 이들 3개 대학 중도탈락자 중 5명 중 3명 이상은 자연계열 학생으로, 상위권 대학...",2026-09-27 11:07,https://www.mt.co.kr/policy/2026/09/27/2026092709534182085,https://n.news.naver.com/mnews/article/008/0005418634?sid=102
고려대학교,스포티비뉴스,"영탁, 결방 '뮤직뱅크'서 정상 등극 ""생각지도 못했던 음악방송 1위""","오는 10월 3일부터 5일까지 서울 고려대학교 화정체육관에서 개최되는 서울 공연을 시작으로 10월 24~25일 전주, 11월 28~29일 대구, 12월 19~20일 인천, 내년 1월 16~17일 부산으로 이어진다.",2026-09-27 11:06,https://www.spotvnews.co.kr/news/articleView.html?idxno=1009798,https://m.entertain.naver.com/article/477/0000630162
서울대학교,KBS,종로학원 “서울대·연대·고대 다니다 그만둔 학생 5년간 만 명 넘어”,"학교별로 중도탈락자 규모를 보면 고려대학교가 836명으로 가장 많았고, 연세대가 801명, 서울대가 375명이었다고 설명했습니다. 또 자연계 비중이 매년 60% 이상을 차지해 높게 나타났다고 밝혔습니다. 종로학원은...",2026-09-27 11:04,https://news.kbs.co.kr/news/pc/view/view.do?ncd=8672046&ref=A,https://n.news.naver.com/mnews/article/056/0012263659?sid=102
연세대학교,TJB,'SKY' 다니다 만 학생 5년간 1만736명...의대로 재입학?,"고대 로고 서울 주요 3개 대학의 강의실이 해마다 2천 석씩 비어가고 있습니다. 서울대와 연세대, 고려대를 다니다 학교를 떠난 중도탈락 학생이 최근 5년간 1만736명으로 집계됐습니다. 종로학원이 27일...",2026-09-27 11:04,https://www.tjb.co.kr/news05/bodo/view/id/104094,https://www.tjb.co.kr/news05/bodo/view/id/104094
고려대학교,KBS,종로학원 “서울대·연대·고대 다니다 그만둔 학생 5년간 만 명 넘어”,"종로학원은 대학알리미 공시 자료를 분석해, 2021년부터 지난해까지 5년 동안 서울대와 연세대·고려대 학생 가운데 ‘중도탈락자’가 모두 1만 736명으로 나타났다고 오늘(27일) 밝혔습니다. 중도탈락자는 학교에...",2026-09-27 11:04,https://news.kbs.co.kr/news/pc/view/view.do?ncd=8672046&ref=A,https://n.news.naver.com/mnews/article/056/0012263659?sid=102
고려대학교,TJB,'SKY' 다니다 만 학생 5년간 1만736명...의대로 재입학?,"고대 로고 서울 주요 3개 대학의 강의실이 해마다 2천 석씩 비어가고 있습니다. 서울대와 연세대, 고려대를 다니다 학교를 떠난 중도탈락 학생이 최근 5년간 1만736명으로 집계됐습니다. 종로학원이 27일...",2026-09-27 11:04,https://www.tjb.co.kr/news05/bodo/view/id/104094,https://www.tjb.co.kr/news05/bodo/view/id/104094
연세대학교,KBS,종로학원 “서울대·연대·고대 다니다 그만둔 학생 5년간 만 명 넘어”,"종로학원은 대학알리미 공시 자료를 분석해, 2021년부터 지난해까지 5년 동안 서울대와 연세대·고려대... 학교별로 중도탈락자 규모를 보면 고려대학교가 836명으로 가장 많았고, 연세대가 801명, 서울대가...",2026-09-27 11:04,https://news.kbs.co.kr/news/pc/view/view.do?ncd=8672046&ref=A,https://n.news.naver.com/mnews/article/056/0012263659?sid=102
서울대학교,TJB,'SKY' 다니다 만 학생 5년간 1만736명...의대로 재입학?,"2025년 이탈 2천12명 중 자연계 64.5%, 의대·상위권 재입학 추정 2027학년도 지역의사제 도입 시 지방 출신 이탈 확대 전망 서울대.연대.고대 로고 서울 주요 3개 대학의 강의실이 해마다 2천 석씩 비어가고 있습니다....",2026-09-27 11:04,https://www.tjb.co.kr/news05/bodo/view/id/104094,https://www.tjb.co.kr/news05/bodo/view/id/104094
연세대학교,중앙일보,"“서울대도 그만둔다”…‘SKY’ 뛰쳐나간 학생 1만명, 무슨 일","지난해 대학별 중도 탈락자는 고려대가 836명으로 가장 많았다. 연세대 801명, 서울대 375명이 뒤를 이었다. 계열별로는 자연계열 학생의 이탈이 두드러졌다. 지난해 3개 대학 중도 탈락자 가운데 자연계열은...",2026-09-27 11:02,https://www.joongang.co.kr/article/25464943,https://n.news.naver.com/mnews/article/025/0003553929?sid=102
연세대학교,NEWSGN,"함안문화예술회관, 9월 하우스콘서트 선보여","비브라폰 연주자 우리는 예원학교와 서울예술고등학교, 연세대학교 음악대학 및 동 대학원을 졸업했으며, 대한민국 타악기 콩쿠르 최우수상 등 주요 콩쿠르에서 수상했다. 또 서울시립교향악단, 한경아르떼(arte)...",2026-09-27 11:02,https://www.newsgn.com/news/articleView.html?idxno=576026,https://www.newsgn.com/news/articleView.html?idxno=576026
서울대학교,중앙일보,"“서울대도 그만둔다”…‘SKY’ 뛰쳐나간 학생 1만명, 무슨 일",2021~2025년 중도탈락자 1만736명…종로학원 “의학계열 재입학 등 영향” 서울대·연세대·고려대에서... 27일 종로학원이 대학알리미의 대학별 중도 탈락자 공시자료를 분석한 결과 2021~2025년 서울대·연세대...,2026-09-27 11:02,https://www.joongang.co.kr/article/25464943,https://n.news.naver.com/mnews/article/025/0003553929?sid=102
고려대학교,중앙일보,"“서울대도 그만둔다”…‘SKY’ 뛰쳐나간 학생 1만명, 무슨 일","지난해 대학별 중도 탈락자는 고려대가 836명으로 가장 많았다. 연세대 801명, 서울대 375명이 뒤를 이었다. 계열별로는 자연계열 학생의 이탈이 두드러졌다. 지난해 3개 대학 중도 탈락자 가운데 자연계열은...",2026-09-27 11:02,https://www.joongang.co.kr/article/25464943,https://n.news.naver.com/mnews/article/025/0003553929?sid=102
고려대학교,노컷뉴스,"영탁 '꺾어' 지상파 음악방송 깜짝 1위…""생각도 못했다""","영탁은 다음달 3일부터 5일까지 서울 고려대학교 화정체육관에서 단독 콘서트 'TAK SHOW5'를 연다. 이 콘서트는 다음달 24~25일 전주, 11월 28~29일 대구, 12월 19~20일 인천, 내년 1월 16~17일 부산으로 이어진다.",2026-09-27 11:01,https://www.nocutnews.co.kr/news/6583392?utm_source=naver&utm_medium=article&utm_campaign=20260927110021,https://m.entertain.naver.com/article/079/0004193034
고려대학교,NBNTV,'아크메르 동탄' 10월 분양 예정…1808세대 대단지 조성,동탄지역에서는 대형 의료시설 건립도 추진되고 있다. 고려대학교 의료원은 지난 3월 동탄을 제4병원 입지로 확정했다. 계획에 따르면 고려대 동탄병원은 700병상 규모의 종합병원으로 추진된다.,2026-09-27 11:00,https://www.nbntv.co.kr/news/articleView.html?idxno=4025274,https://www.nbntv.co.kr/news/articleView.html?idxno=4025274
연세대학교,LIVESNEWS,"인천 바이오, 생산기지 넘어 ‘혁신·사업화 허브’로…산학연관 연계 ...","이날 주제발표를 맡은 남궁완 연세대학교 약학과 교수는 인천이 이미 확보한 대규모 바이오 생산기반을... 김재춘 인천테크노파크 바이오탄소제로본부 바이오센터장, 박경민 인천대학교 생명공학부 교수, 이재선...",2026-09-27 10:56,https://www.livesnews.com/news/article.html?no=64522,https://www.livesnews.com/news/article.html?no=64522
고려대학교,IKOREANSPIRIT,이야기를 담은 풍성한 우리 소리의 향연,"강의와 해설은 현재 고려대 한국학연구소 연구교수로 재직 중이며 판소리학회 부회장을 겸하고 있는 이태화... 김원균명칭평양음악대학을 졸업했다. 금강산가극단 민족관현악단 악장을 역임했으며, 2016년 '2.16예술상...",2026-09-27 10:56,http://www.ikoreanspirit.com/news/articleView.html?idxno=87445,http://www.ikoreanspirit.com/news/articleView.html?idxno=87445
고려대학교,NAMDONEWS,"광주동부교육지원청, 조선미 교수 초청 '학교폭력 예방 소통 라이브'","조 교수는 고려대학교 심리학과와 동 대학원에서 심리학을 전공했으며, 현재 아주대학교 의과대학 정신건강의학과에서 후학을 양성하고 있다. 한국임상심리학회 전문가 수련위원회 위원장과 한국심리학회 회원 등으로...",2026-09-27 10:50,https://www.namdonews.com/news/articleView.html?idxno=924436,https://www.namdonews.com/news/articleView.html?idxno=924436
서울대학교,이데일리,AI 인재 77% 국내에 남았다…KAIST 글로벌 3위,"KAIST는 이번 AI 연구자 소속기관 순위에서 3위까지 올라섰고 서울대도 20위에 진입했다. 하지만 세계... 서울대도 21.7점으로 20위에 올랐다. 21위 마이크로소프트(20.9점), 22위 프린스턴대(20.4점), 23위 하버드대(20....",2026-09-27 10:43,https://www.edaily.co.kr/News/Read?newsId=01357926645584384&mediaCodeNo=257&utm_source=naver&utm_medium=referral&utm_campaign=news_syndication&utm_content=original_article,https://n.news.naver.com/mnews/article/018/0006375839?sid=105
연세대학교,매일경제,“서울대 들어갔지만 미련 없이 관둡니다”…서연고 중도탈락자 매년 2...,"특히 연세대·고려대 등 상위권 대학 자연계 학생이 서울대 또는 의학계열로 이동하거나, 서울대 자연계 학생이 의대 진학을 위해 재입학을 선택하는 흐름이 있을 수 있다는 분석이다. 이들 3개 대학의...",2026-09-27 10:41,https://www.mk.co.kr/article/12161802,https://n.news.naver.com/mnews/article/009/0005740215?sid=102
서울대학교,매일경제,“서울대 들어갔지만 미련 없이 관둡니다”…서연고 중도탈락자 매년 2...,서울대·연세대·고려대에 입학하고도 학교를 떠나는 학생이 매년 2000명 안팎에 달하는 것으로... 27일 종로학원이 대학알리미 공시자료를 분석한 결과 2021~2025년 서울대·연세대·고려대의 중도탈락자는 총...,2026-09-27 10:41,https://www.mk.co.kr/article/12161802,https://n.news.naver.com/mnews/article/009/0005740215?sid=102
고려대학교,매일경제,“서울대 들어갔지만 미련 없이 관둡니다”…서연고 중도탈락자 매년 2...,"특히 연세대·고려대 등 상위권 대학 자연계 학생이 서울대 또는 의학계열로 이동하거나, 서울대 자연계 학생이 의대 진학을 위해 재입학을 선택하는 흐름이 있을 수 있다는 분석이다. 이들 3개 대학의...",2026-09-27 10:41,https://www.mk.co.kr/article/12161802,https://n.news.naver.com/mnews/article/009/0005740215?sid=102
고려대학교,MHNSE,"""생각지도 못한 결과""… 영탁, '뮤직뱅크' K차트 1위→지상파 정상 차지...","이번 공연은 오는 10월 3일부터 5일까지 서울 고려대학교 화정체육관에서 열리며, 10월 24~25일 전주, 11월 28~29일 대구, 12월 19~20일 인천을 거쳐 내년 1월 16~17일 부산으로 이어진다. 1983년생으로 올해 43세인 영탁은...",2026-09-27 10:39,https://mhnse.com/news/articleView.html?idxno=1560608,https://m.entertain.naver.com/article/445/0000468621
고려대학교,헤럴드경제,"‘서울대, 연·고대 붙어도 의대 가려 자퇴합니다’ 중도탈락 5년간 1만...","연세대는 언더우드학부 38명, 글로벌인재학부 31명, 경영계열 25명이고 고려대에서는 경영학과 48명, 경제학과 24명, 미디어학부 17명이다. 작년 3개 대학 중도탈락자의 64.5%(1297명)는 자연계이고 인문계는 32.5...",2026-09-27 10:37,https://biz.heraldcorp.com/article/10885150?ref=naver,https://n.news.naver.com/mnews/article/016/0002702135?sid=102
연세대학교,헤럴드경제,"‘서울대, 연·고대 붙어도 의대 가려 자퇴합니다’ 중도탈락 5년간 1만...","종로학원이 27일 대학알리미 공시자료를 분석한 결과에 따르면 2021년부터 작년까지 서울대·연세대·고려대의 중도탈락자는 모두 1만736명이다. 2021년 1971명에서 2022년 2131명, 2023년 2천126명, 2024명 2496명으로...",2026-09-27 10:37,https://biz.heraldcorp.com/article/10885150?ref=naver,https://n.news.naver.com/mnews/article/016/0002702135?sid=102
서울대학교,헤럴드경제,"‘서울대, 연·고대 붙어도 의대 가려 자퇴합니다’ 중도탈락 5년간 1만...",서울대·연세대·고려대를 다니다가 중도탈락한 학생이 5년간 1만명이 넘는 것으로 나타났다. 종로학원이 27일 대학알리미 공시자료를 분석한 결과에 따르면 2021년부터 작년까지 서울대·연세대·고려대의...,2026-09-27 10:37,https://biz.heraldcorp.com/article/10885150?ref=naver,https://n.news.naver.com/mnews/article/016/0002702135?sid=102
고려대학교,스포츠조선,"이러니까 모두 이현중, 이현중, 이현중 외친다...후배들 '롤모델' 선언에...","26일 일본 나고야에 마련된 코리아하우스에서 열린 2026년 아이치-나고야 아시안게임 메달리스트 기자회견, 이주영과 김승우(이상 연세대), 이동근(고려대), 구민교(성균관대)까지 네 명의 3X3 대표팀 선수들은 롤모델로...",2026-09-27 10:35,https://www.sportschosun.com/sports-news/2026-09-27/202609270100176450011651,https://m.sports.naver.com/basketball/article/076/0004449986
연세대학교,스포츠조선,"이러니까 모두 이현중, 이현중, 이현중 외친다...후배들 '롤모델' 선언에...","26일 일본 나고야에 마련된 코리아하우스에서 열린 2026년 아이치-나고야 아시안게임 메달리스트 기자회견, 이주영과 김승우(이상 연세대), 이동근(고려대), 구민교(성균관대)까지 네 명의 3X3 대표팀 선수들은 롤모델로...",2026-09-27 10:35,https://www.sportschosun.com/sports-news/2026-09-27/202609270100176450011651,https://m.sports.naver.com/basketball/article/076/0004449986
고려대학교,NC,"영탁, '꺾어'로 '뮤직뱅크' 1위...""영블스 덕분""","영탁의 단독 콘서트 'TAK SHOW5'는 오는 10월 3일부터 5일까지 서울 고려대학교 화정체육관에서 열린다. 이후 10월 24~25일 전주, 11월 28~29일 대구, 12월 19~20일 인천, 2027년 1월 16~17일 부산에서 공연을 이어간다. 한편...",2026-09-27 10:32,https://www.nc.press/news/articleView.html?idxno=627248,https://www.nc.press/news/articleView.html?idxno=627248
고려대학교,텐아시아,"아이돌 점령 시대에 이게 무슨 일…영탁, 지상파 음악방송 1위→결방 아...","영탁은 오는 10월 3일부터 5일까지 서울 고려대학교 화정체육관에서 단독 콘서트 'TAK SHOW5'를 개최한다. 이후 10월 24~25일 전주, 11월 28~29일 대구, 12월 19~20일 인천, 내년 1월 16~17일 부산에서 공연을 이어간다.",2026-09-27 10:30,https://www.tenasia.co.kr/article/2026092771994,https://m.entertain.naver.com/article/312/0000777664
고려대학교,한국경제,"""전기료 年 2억 아낀다""…고려대, 연구실 758곳 전수진단","고려대 현송SDG연구소가 교내 공과대학 연구실의 전력 사용 데이터를 분석한 결과, 별도의 설비 투자 없이 운영 방식만 개선해도 전력 사용량을 최대 10.9% 줄일 수 있는 것으로 나타났다. 연간 약 2억원의 전기요금을...",2026-09-27 10:29,https://www.hankyung.com/article/202609277211i,https://n.news.naver.com/mnews/article/015/0005336222?sid=102
고려대학교,스포츠서울,"“생각지도 못했다” 영탁, ‘꺾어’로 ‘뮤직뱅크’ 1위…37만 장 이어...","음원과 음반, 방송까지 존재감을 확장한 영탁은 오는 10월 3일부터 5일까지 서울 고려대 화정체육관에서 ‘TAK SHOW5’의 포문을 연다. 이후 전주, 대구, 인천, 부산으로 전국투어를 이어간다.",2026-09-27 10:26,https://www.sportsseoul.com/news/read/1637697?ref=naver,https://m.entertain.naver.com/article/468/0001268881
연세대학교,서울경제,5년간 ‘SKY대’ 1만명 떠났다…중도탈락 60%가 자연계,"최근 5년간 서울대·연세대·고려대 등 이른바 ‘SKY 대학’에 다니다 중도 탈락한 학생이 1만 명을 넘어선 것으로 나타났다. 지난해 이들 3개 대학 중도탈락자 10명 중 6명 이상은 자연계열 학생으로, 상당수가...",2026-09-27 10:14,https://www.sedaily.com/article/20095118?ref=naver,https://n.news.naver.com/mnews/article/011/0004665570?sid=102
서울대학교,서울경제,5년간 ‘SKY대’ 1만명 떠났다…중도탈락 60%가 자연계,최근 5년간 서울대·연세대·고려대 등 이른바 ‘SKY 대학’에 다니다 중도 탈락한 학생이 1만 명을 넘어선... 27일 종로학원 분석 결과에 따르면 최근 5년간 서울대·연세대·고려대에서 중도 탈락한 학생은 총...,2026-09-27 10:14,https://www.sedaily.com/article/20095118?ref=naver,https://n.news.naver.com/mnews/article/011/0004665570?sid=102
고려대학교,서울경제,5년간 ‘SKY대’ 1만명 떠났다…중도탈락 60%가 자연계,"최근 5년간 서울대·연세대·고려대 등 이른바 ‘SKY 대학’에 다니다 중도 탈락한 학생이 1만 명을 넘어선 것으로 나타났다. 지난해 이들 3개 대학 중도탈락자 10명 중 6명 이상은 자연계열 학생으로, 상당수가...",2026-09-27 10:14,https://www.sedaily.com/article/20095118?ref=naver,https://n.news.naver.com/mnews/article/011/0004665570?sid=102
서울대학교,연합뉴스,서연고 중도탈락 5년간 1만명 넘어…의대 재입학 등 추정,"전망"" 서울대·연세대·고려대를 다니다가 중도탈락한 학생이 5년간 1만명이 넘는 것으로 나타났다. 종로학원이 27일 대학알리미 공시자료를 분석한 결과에 따르면 2021년부터 작년까지 서울대·연세대·고려대의...",2026-09-27 10:12,https://www.yna.co.kr/view/AKR20260927017600530?input=1195m,https://n.news.naver.com/mnews/article/001/0016337977?sid=102
연세대학교,연합뉴스,서연고 중도탈락 5년간 1만명 넘어…의대 재입학 등 추정,"종로학원이 27일 대학알리미 공시자료를 분석한 결과에 따르면 2021년부터 작년까지 서울대·연세대·고려대의 중도탈락자는 모두 1만736명이다. 2021년 1천971명에서 2022년 2천131명, 2023년 2천126명, 2024명...",2026-09-27 10:12,https://www.yna.co.kr/view/AKR20260927017600530?input=1195m,https://n.news.naver.com/mnews/article/001/0016337977?sid=102
고려대학교,연합뉴스,서연고 중도탈락 5년간 1만명 넘어…의대 재입학 등 추정,"연세대는 언더우드학부 38명, 글로벌인재학부 31명, 경영계열 25명이고 고려대에서는 경영학과 48명, 경제학과 24명, 미디어학부 17명이다. 작년 3개 대학 중도탈락자의 64.5%(1천297명)는 자연계이고 인문계는 32.5...",2026-09-27 10:12,https://www.yna.co.kr/view/AKR20260927017600530?input=1195m,https://n.news.naver.com/mnews/article/001/0016337977?sid=102
고려대학교,문화일보,‘꺾어’로 ‘뮤직뱅크’ 1위…“생각지도 못했다”,"한편 영탁의 단독 콘서트 ‘TAK SHOW5’는 오는 10월 3일부터 5일까지 서울 고려대학교 화정체육관에서 개최된다. 이후 10월 24~25일 전주, 11월 28~29일 대구, 12월 19~20일 인천, 내년 1월 16~17일 부산으로 이어진다.",2026-09-27 10:11,https://www.munhwa.com/article/11619591?ref=naver,https://m.entertain.naver.com/article/021/0002821312
고려대학교,스타뉴스,"영탁, '꺾어'로 '뮤직뱅크' 1위 등극..""모두 영블스 덕분""","'TAK SHOW5'는 오는 10월 3일부터 5일까지 서울 고려대학교 화정체육관에서 개최되며, 서울 공연을 시작으로 10월 24~25일 전주, 11월 28~29일 대구, 12월 19~20일 인천, 내년 1월 16~17일 부산으로 이어진다.",2026-09-27 10:10,https://www.starnewskorea.com/music/2026/09/27/2026092710003211721,https://m.entertain.naver.com/article/108/0003473818
서울대학교,JEJUSORI,"""웃으며 간다"" 생의 마지막 집에서 보낸 말기 환자의 미소","# 16년 투병 끝 찾아온 마지막, 병원 대신 '집'을 택했다 서울에서 건설업에 종사해 온 고인은 2007년 제주에... 서울대 고령사회연구단이 2019년 실시한 조사를 보면 국내에서 가장 선호하는 임종 장소는 집(37.7%)이지만...",2026-09-27 10:08,https://www.jejusori.net/news/articleView.html?idxno=506672,https://www.jejusori.net/news/articleView.html?idxno=506672
서울대학교,아시아경제,"""스마트폰 내려놓자”""…경기교육청 '폰프리' 캠페인에 1만명 참여",이부진 호텔신라 사장의 아들 임동현 군이 올해 서울대 합격 후 입시 관련 특강에서 자신의 중·고교 시절 경험을 소개한 것이 대표적이다. 임 군은 당시 스마트폰과 게임을 끊은 것이 집중력과 몰입에 도움이 됐다고...,2026-09-27 10:03,https://view.asiae.co.kr/article/2026092709585234791,https://n.news.naver.com/mnews/article/277/0005821091?sid=102
서울대학교,서울경제,점심값 아끼다가 뼈 건강 ‘흔들’… 런치플레이션이 부른 영양 적자 [...,연골보강환의 효과는 자생한방병원 척추관절연구소와 서울대 약대 천연물과학연구소의 공동 연구를 통해 과학적으로 입증됐다. SCI(E)급 국제학술지 ‘BMC 보완대체의학저널(BMC Complementary & Alternative Medicine)’에 게재된...,2026-09-27 10:01,https://www.sedaily.com/article/20094373?ref=naver,https://n.news.naver.com/mnews/article/011/0004665564?sid=101
고려대학교,머니투데이,"1588 콜센터 ""잠깐 기다리세요""하더니 전화요금 '폭탄' 왜?","이성엽 고려대학교 교수는 ""이동통신요금은 계속 인하돼왔는데 부가통화요금은 몇년째 그대로""라면서 ""전화부가대가는 신고제 방식으로 돼 있어 정부가 손대지 못하는데, 고객들의 숨은 요금 부담도 확인할 필요가...",2026-09-27 10:00,https://www.mt.co.kr/tech/2026/09/28/2026092208204461789,https://n.news.naver.com/mnews/article/008/0005418615?sid=105
고려대학교,서울신문,추석 지나 2㎏ 쪘다고?…“전부 지방 아니다” 위고비 찾기 전 알아둘 ...,권영근 고려대 안암병원 비만대사센터 교수도 명절 전후 체중 증가에 놀라 식사를 거르거나 극단적으로 섭취량을 줄이는 방식은 피해야 한다고 조언했다. 우선 평소 식사와 활동 패턴으로 돌아간 뒤 며칠간 몸무게...,2026-09-27 10:00,https://nownews.seoul.co.kr/news/newsView.php?id=20260927601002&wlog_tag3=naver,https://n.news.naver.com/mnews/article/081/0003683667?sid=103
서울대학교,CCTIMES,세종시 행정부시장에 행정안전부 배일권 국장 부임,배일권 신임 행정부시장은 1972년 서울 출생으로 서울대 사회학과를 졸업하고 서울대 및 미국 시라큐스대학교 대학원에서 행정학 석사학위를 취득했다. 제42회 행정고시에 합격해 1999년 공직에 입문 후 행정안전부 글로...,2026-09-27 09:58,http://www.cctimes.kr/news/articleView.html?idxno=929301,http://www.cctimes.kr/news/articleView.html?idxno=929301
서울대학교,미디어파인,"UN 김정훈, 가족과 라이브 방송 중 '뿡'-범인 누구?","서울대학교 치과대학을 중퇴한 뒤 중앙대학교 연극학과로 편입한 독특한 이력으로도 유명하다. 이후 '궁', '로맨스가 필요해' 등에 출연하며 배우로 활동 영역을 넓혔다. 다만 화려한 전성기 이후 사생활 논란도 있었다....",2026-09-27 09:56,https://www.mediafine.co.kr/news/articleView.html?idxno=90948,https://www.mediafine.co.kr/news/articleView.html?idxno=90948
서울대학교,서울경제,점심값 아끼려다 뼈 건강도 ‘흔들’…런치플레이션의 그늘[일터 일침],자생한방병원 척추관절연구소와 서울대 약대 천연물과학연구소의 공동 연구에서는 연골보강환이 뼈를 생성하는 조골세포의 분화와 성숙도를 높이고 골다공증 유발 인자를 억제하는 것으로 나타났다. 해당 연구...,2026-09-27 09:56,https://www.sedaily.com/article/20095113?ref=naver,https://n.news.naver.com/mnews/article/011/0004665563?sid=103
고려대학교,스트레이트뉴스,올해 남는 세금 50조 이상…내년 미래대응기금 200조 훌쩍,지난 14일 고려대 대강당에서 강연한 박홍근 기획예산처 장관. [사진=연합뉴스] 올해 정부가 당초 예상보다 50조원 이상 많은 세금을 거둘 것으로 전망되면서 내년 신설되는 미래대응기금 규모도 200조원을 넘어설...,2026-09-27 09:52,https://www.straightnews.co.kr/news/articleView.html?idxno=311983,https://www.straightnews.co.kr/news/articleView.html?idxno=311983
서울대학교,아주경제,"수원시, 김훈동 위원장 오프너 2,290점 기증받아 상설 전시","김훈동 위원장(82)은 수원 출신으로 수원북중·농고, 서울대 농대, 중앙대 대학원을 졸업한 후 농협대 교수를 지냈다. 농민신문 편집국장, 농협경기지역본부장, 대한적십자사 경기도지사 회장, 수원문인협회 회장...",2026-09-27 09:42,https://www.ajunews.com/view/20260927084931498,https://www.ajunews.com/view/20260927084931498
연세대학교,점프볼,[2026 AG] 더 큰 선수가 되어야 하는 이주영 “현중이 형과 같이 뛸날 위...,대한민국 3x3 남자농구 대표팀의 금메달 획득에 앞장 선 이주영(연세대4)이 더 큰 미래를 바라봤다. 프로... 대학 최고의 유망주라 불리는 이들은 이번 아시안게임 금메달로 군 면제 병역 혜택까지 얻어내면서 주가가...,2026-09-27 09:40,https://m.sports.naver.com/basketball/article/065/0000302077,https://m.sports.naver.com/basketball/article/065/0000302077
연세대학교,브릿지경제,인천 바이오 ‘생산 초격차’ 굳혔지만…이젠 혁신·사업화가 승부처,"남궁완 연세대 약학과 교수는 이날 미국 주요 바이오 클러스터와 중국의 산업 육성전략 등을 분석하며 인천... 이에 따라 인천도 기존 생산기반과 연구개발 기능을 별개로 운영하기보다 연구기관과 대학, 기업, 투자기관...",2026-09-27 09:40,https://www.viva100.com/article/20260927500124,https://www.viva100.com/article/20260927500124
연세대학교,채널A,"최수종, 추석 당일 모친상⋯아내 하희라와 빈소 지켜",모친 이숙경 씨가 올해 89세 나이로 추석 당일이던 25일 별세했습니다. 빈소는 서울 연세대학교 신촌세브란스병원 장례식장에 마련됐습니다. 발인은 오는 29일 오전 8시로 장지는 용인 로뎀파크(용인평온의숲)입니다.,2026-09-27 09:39,https://www.ichannela.com/news/main/news_detailPage.do?publishId=000000552356,https://n.news.naver.com/mnews/article/449/0000362116?sid=102
고려대학교,OSEN,영탁 “생각지도 못한 음악방송 1위…영블스 고마워요!” 감격,"한편, '뮤직뱅크' 1위로 기세를 올린 영탁은 오는 10월 3일부터 5일까지 서울 고려대학교 화정체육관에서 단독 콘서트 'TAK SHOW5' 서울 공연을 개최하며 전국투어 포문을 연다. 이후 전주, 대구, 인천, 부산 등 전국 각지...",2026-09-27 09:38,http://www.osen.co.kr/article/G1112882650,https://m.entertain.naver.com/article/109/0005613446
고려대학교,스포츠경향,"영탁, ‘뮤직뱅크’ 결방에도 1위 등극…“영블스 고마워요”","‘탁 쇼5’는 오는 10월 3일부터 5일까지 서울 고려대학교 화정체육관에서 개최되며, 서울 공연을 시작으로 10월 24~25일 전주, 11월 28~29일 대구, 12월 19~20일 인천, 내년 1월 16~17일 부산으로 이어진다.",2026-09-27 09:31,https://sports.khan.co.kr/article/202609270930003?pt=nv,https://m.entertain.naver.com/article/144/0001140553
고려대학교,머니투데이,"웃으며 일 잘하고 퇴근하면 방전…""번아웃인 줄"" 직장인 앓는 이 병","진단을 고려한다. 우울증 치료는 증상의 정도와 지속 기간, 개인 건강 상태에 따라 다르다. 상담과 인지행동치료 등 정신 치료를 시행할 수 있고 필요시 항우울제를 비롯한 약물치료를 병행한다. 최원석 고려대학교...",2026-09-27 09:27,https://www.mt.co.kr/thebio/2026/09/27/2026092216030847261,https://n.news.naver.com/mnews/article/008/0005418607?sid=103
연세대학교,주간조선,"""서울대도 그만둔다""…SKY 5년간 1만명 떠났다, 왜","27일 종로학원이 대학알리미 공시자료를 분석한 결과, 2021~2025년 서울대·연세대·고려대 중도탈락자는 모두 1만736명으로 집계됐다. 연도별로는 2021년 1971명에서 2022년 2131명으로 처음 2000명을 넘어섰다. 이후 2023년...",2026-09-27 09:25,http://weekly.chosun.com/news/articleView.html?idxno=55635,https://n.news.naver.com/mnews/article/053/0000061804?sid=102
서울대학교,주간조선,"""서울대도 그만둔다""…SKY 5년간 1만명 떠났다, 왜","서울대·연세대·고려대에서 최근 5년간 학교를 중도에 그만둔 학생이 1만명을 넘어선 것으로 나타났다.... 27일 종로학원이 대학알리미 공시자료를 분석한 결과, 2021~2025년 서울대·연세대·고려대 중도탈락자는...",2026-09-27 09:25,http://weekly.chosun.com/news/articleView.html?idxno=55635,https://n.news.naver.com/mnews/article/053/0000061804?sid=102
고려대학교,주간조선,"""서울대도 그만둔다""…SKY 5년간 1만명 떠났다, 왜","27일 종로학원이 대학알리미 공시자료를 분석한 결과, 2021~2025년 서울대·연세대·고려대 중도탈락자는 모두 1만736명으로 집계됐다. 연도별로는 2021년 1971명에서 2022년 2131명으로 처음 2000명을 넘어섰다. 이후 2023년...",2026-09-27 09:25,http://weekly.chosun.com/news/articleView.html?idxno=55635,https://n.news.naver.com/mnews/article/053/0000061804?sid=102
고려대학교,MHNSE,"이채영, 해외서 경찰 신고 당한 사연…""현지인들이 말투로 오해"" ('아는...","한편 프로미스나인은 지난 4일부터 6일까지 서울 고려대학교 화정체육관에서 '2026 프로미스나인 아시아 투어 투모로우 글로우 인 서울'를 개최하고 팬들을 만났다. 이어지는 아시아 투어 일정은 10월부터 대만과 일본, 홍콩...",2026-09-27 09:23,https://mhnse.com/news/articleView.html?idxno=1560553,https://m.entertain.naver.com/article/445/0000468607
고려대학교,STARDAILYNEWS,"영탁, '꺾어'로 '뮤직뱅크' 1위…정규 3집 'GOGO' 음반 차트도 강세","영탁은 오는 10월 3일부터 5일까지 서울 고려대학교 화정체육관에서 단독 콘서트 'TAK SHOW5'를 개최한다. 서울 공연 이후 10월 24~25일 전주, 11월 28~29일 대구, 12월 19~20일 인천, 2027년 1월 16~17일 부산에서 전국투어를...",2026-09-27 09:22,https://www.stardailynews.co.kr/news/articleView.html?idxno=550724,https://www.stardailynews.co.kr/news/articleView.html?idxno=550724
고려대학교,스포츠서울,"“신인인데 뭔가 달랐다” 영탁, 19년 동료가 밝힌 남달랐던 아우라…터...","영탁은 음원과 방송 활동에 이어 단독 콘서트로 열기를 이어간다. ‘TAK SHOW5’는 오는 10월 3일부터 5일까지 서울 고려대 화정체육관에서 열리며, 전주·대구·인천·부산으로 전국투어를 이어간다.",2026-09-27 09:21,https://www.sportsseoul.com/news/read/1637677?ref=naver,https://m.entertain.naver.com/article/468/0001268867
고려대학교,BNTNEWS,"영탁, ‘꺾어’로 뮤직뱅크 1위 차지",초동 37만 장 돌파와 주간 음반 차트 석권에 이어 지상파 1위까지 안은 영탁은 오는 10월 3일 서울 고려대학교 화정체육관을 시작으로 단독 콘서트 ‘TAK SHOW5’ 전국투어를 펼친다. 영탁의 1위 소식이 전해진...,2026-09-27 09:20,https://www.bntnews.co.kr/article/view/bnt202609270025,https://www.bntnews.co.kr/article/view/bnt202609270025
고려대학교,톱스타뉴스,"영탁, ""생각지도 못한 음악방송 1위""…'꺾어'로 차트·투어 동시 질주","단독 콘서트 'TAK SHOW5'는 10월 3일부터 5일까지 서울 고려대학교 화정체육관에서 먼저 펼쳐진다. 이후 10월 24일부터 25일까지 전주, 11월 28일부터 29일까지 대구, 12월 19일부터 20일까지 인천, 2027년 1월 16일부터...",2026-09-27 09:20,https://www.topstarnews.net/news/articleView.html?idxno=16218488,https://www.topstarnews.net/news/articleView.html?idxno=16218488
서울대학교,주간경향,"“한국 학생들은 어떻게 공부도, 놀기도 열심히 하나”···베트남 천재...",서울대학교와 베트남 대기업 빈그룹이 설립한 빈대학 등으로부터 장학금 제안을 받았지만 그의 선택은... 많은 서울보다는 KAIST에서 온전히 공부에 집중할 수 있을 것 같다”고 말했다. 이어 “새로운 교육 환경에서...,2026-09-27 09:17,https://weekly.khan.co.kr/article/202609270917001,https://n.news.naver.com/mnews/article/033/0000052405?sid=102
고려대학교,GOKOREA,"[인사] 퍼블릭뉴스통신, 김태혁 신임 대표 선임",김태혁 신임 대표는 한국외국어대학교 영어과를 졸업하고 성균관대학교 언론정보대학원과 고려대학교 최고경영자과정(AMP) 82기를 수료했다. 한국일보 엘르와 일요신문에서 취재 기자로 활동한 뒤 매일일보 산업국장을...,2026-09-27 09:16,https://www.gokorea.kr/news/articleView.html?idxno=879751,https://www.gokorea.kr/news/articleView.html?idxno=879751
고려대학교,전남일보,대법관 인선 놓고 靑·대법원 정면충돌…출구 안 보인다,"이에 대법원이 박순영 고법판사를 제안했지만 청와대에서는 이재명 정부 첫 대법관이라는 상징성을 고려해... 차진아 고려대 로스쿨 교수는 ""임명권이 제청권에 구속되지 않기 때문에 대통령이 거부할 수는 있지만 합당한...",2026-09-27 09:13,https://www.jnilbo.com/news/articleView.html?idxno=90000068829,https://www.jnilbo.com/news/articleView.html?idxno=90000068829
서울대학교,DEALSITE,[대표님은 휴학 중] [알레프랩] 마인크래프트로 영어 배운다...23살 한관...,"챗GPT 충격에 서울대 컴공 휴학…‘알레프키즈’로 YC F25 선발 “시대를 정의하기 위해서는 아이들을... 이후 한성과학고를 거쳐 서울대학교 컴퓨터공학과에 진학했고, 스타트업 인턴십으로 실전 경험을 쌓을 무렵...",2026-09-27 09:12,https://dealsite.co.kr/articles/169629,https://dealsite.co.kr/articles/169629
서울대학교,미디어파인,"[칼럼] 의사의 진료 중 신체 접촉, 의료행위인가 강제추행인가?? (대법원...","변호사] 서울대학교 졸업 47회 사법시험 합격, 제37기 사법연수원 수료 한국토지주택공사 고문변호사 옥션 고문변호사 현대해상화재보험 고문변호사 대한자산관리실무학회 부회장 대한행정사협회 고문변호사 서울법률학원...",2026-09-27 09:08,https://www.mediafine.co.kr/news/articleView.html?idxno=90937,https://www.mediafine.co.kr/news/articleView.html?idxno=90937
연세대학교,SBS,전공의 집단 사직·복귀 겪으며 '피부과 일반의' 급증,이상규 연세대 의대 예방의학교실 교수팀이 2022년 12월부터 2026년 3월까지의 건강보험심사평가원 데이터를 토대로 전공의 집단사직 전후 일반의 분포 변화를 분석한 결과 이런 경향이 확인됐습니다. 이 연구...,2026-09-27 09:02,https://news.sbs.co.kr/news/endPage.do?news_id=N1008771254&plink=ORI&cooper=NAVER,https://n.news.naver.com/mnews/article/055/0001391270?sid=102
서울대학교,한겨레,이 대통령 ‘사법 리스크’가 가라앉지 않는 이유,"당시 김기현 나경원 주진우 등 주로 서울대 나온 판검사 출신 의원들이 그런 주장을 했습니다. 지금 장동혁 대표, 정점식 원내대표도 서울대 나온 판검사 출신입니다. 법조인들은 기본적으로 기득권 세력에 가깝습니다....",2026-09-27 09:02,https://www.hani.co.kr/arti/politics/politics_general/1279548.html,https://n.news.naver.com/mnews/article/028/0002824738?sid=100
서울대학교,조선일보,냉장고부터 칫솔까지 모두 ‘AI’…가전시장에 번지는 ‘AI 워싱’ 피로...,서울대 연구진이 올해 공개한 연구에서 실제 AI 기능이 없는 안마의자를 ‘AI 안마의자’라고 광고하자 20대 소비자의 구매 의도는 기존 2.56점(5점 만점)이었다가 3.14점으로 높아졌습니다. 제품 성능 평가도 2.74점에서...,2026-09-27 09:01,https://www.chosun.com/economy/tech_it/2026/09/27/ORENNKQENZE45EGOOLEW6EA7UA/?utm_source=naver&utm_medium=referral&utm_campaign=naver-news,https://n.news.naver.com/mnews/article/023/0004000511?sid=105
연세대학교,한국일보,"한국 농구, 금 3개·동 1개로 '전 종목 메달'... 침체기 끝, 중흥기 활짝","구민교(21·성균관대), 김승우(21·연세대), 이동근(23·고려대), 이주영(22·연세대) 등 대학생 4인방으로 구성된 대표팀은 결승에서 신들린 듯한 외곽포를 앞세워 평균 신장 2m의 카타르를 19-10으로 완파했다. 지난 두...",2026-09-27 09:00,https://www.hankookilbo.com/news/article/A2026092708490001705?did=NA,https://n.news.naver.com/mnews/article/469/0000956088?sid=104
고려대학교,한국일보,"한국 농구, 금 3개·동 1개로 '전 종목 메달'... 침체기 끝, 중흥기 활짝","구민교(21·성균관대), 김승우(21·연세대), 이동근(23·고려대), 이주영(22·연세대) 등 대학생 4인방으로 구성된 대표팀은 결승에서 신들린 듯한 외곽포를 앞세워 평균 신장 2m의 카타르를 19-10으로 완파했다. 지난 두...",2026-09-27 09:00,https://www.hankookilbo.com/news/article/A2026092708490001705?did=NA,https://n.news.naver.com/mnews/article/469/0000956088?sid=104
서울대학교,아이뉴스24,"""사람이 없다""…건설기계업계, 완전 무인화보다 '작업 보조' 먼저",23일 HD건설기계 반기보고서에 따르면 회사는 서울대학교와 '휠로더 운전자 어시스트(Assist) 기술'을 개발하고 있다. 숙련도가 낮은 작업자도 장비를 보다 쉽게 운용하고 일정한 작업 품질을 낼 수 있도록 돕는 기술이다....,2026-09-27 09:00,http://www.inews24.com/view/2008935,https://n.news.naver.com/mnews/article/031/0001061294?sid=101
서울대학교,동아일보,‘SKY’ 다니다 그만둔 학생 5년간 1만명…지역의사제 도입 후 늘어날 가...,"최근 5년간 이른바 ‘SKY대학’으로 불리는 서울대·연세대·고려대에서 중도탈락자가 1만736명 발생한... 27일 종로학원이 대학알리미 대학별 중도 탈락자 공시자료를 분석한 결과에 따르면, 2021~2025년 서울대...",2026-09-27 08:56,https://www.donga.com/news/Society/article/all/20260927/134735602/1,https://n.news.naver.com/mnews/article/020/0003750745?sid=102
연세대학교,동아일보,‘SKY’ 다니다 그만둔 학생 5년간 1만명…지역의사제 도입 후 늘어날 가...,"대학별로는 고려대 836명, 연세대 801명, 서울대 375명 순이었다. 지난해 중도 탈락자의 64.5%인 1297명은 자연계열이었다. 인문계열은 654명(32.5%), 예체능계열은 61명(3.0%)이었다. 자연계열에서는 서울대의 경우...",2026-09-27 08:56,https://www.donga.com/news/Society/article/all/20260927/134735602/1,https://n.news.naver.com/mnews/article/020/0003750745?sid=102
고려대학교,동아일보,‘SKY’ 다니다 그만둔 학생 5년간 1만명…지역의사제 도입 후 늘어날 가...,"대학별로는 고려대 836명, 연세대 801명, 서울대 375명 순이었다. 지난해 중도 탈락자의 64.5%인 1297명은 자연계열이었다. 인문계열은 654명(32.5%), 예체능계열은 61명(3.0%)이었다. 자연계열에서는 서울대의 경우...",2026-09-27 08:56,https://www.donga.com/news/Society/article/all/20260927/134735602/1,https://n.news.naver.com/mnews/article/020/0003750745?sid=102
고려대학교,스포츠경향,"‘아는 형님’ 프로미스나인 송하영·이채영·백지헌, 입담 대방출","한편, 프로미스나인은 지난 4일부터 6일까지 서울 성북구 고려대학교 화정체육관에서 ‘2026 프로미스나인 아시아 투어 ’투모로우 글로우.‘ 인 서울’(‘2026 fromis_9 ASIA TOUR ’TOMORROW GLOW.‘ IN SEOUL’)을 개최했다. 서울...",2026-09-27 08:40,https://sports.khan.co.kr/article/202609270839003?pt=nv,https://m.entertain.naver.com/article/144/0001140539
서울대학교,EROUN,"[이 사람, 이 소설] ⑤ 김형진 ""빽판 혁명""","건물 평당, 서울에서 인구밀도가 가장 높다는 저 곳은 미행자를 따돌리기 에 적합한 장소다. 건물 외벽에... - 그건 아니고 서울대 근처 신림동, 봉천동 레코드방에 가는거야 하마터면 내가 시위 주동을 했던 대학교에...",2026-09-27 08:36,https://www.eroun.net/news/articleView.html?idxno=90511,https://www.eroun.net/news/articleView.html?idxno=90511
고려대학교,TFMEDIA,[여행칼럼] 가고 싶은 태봉국 철원의 자연과 역사,"궁예와 태봉국의 도읍, 철원 궁예는 국호를 고려(고구려·901), 마진(904), 태봉(911) 등으로 계속 바꾸었다.... 석사, 고려대 통계학석사, 리버풀대 MBA, 경희대 의과학박사수료, 서강대 경영과학박사 [두루미와 철새]...",2026-09-27 08:32,https://www.tfmedia.co.kr/news/article.html?no=207145,https://www.tfmedia.co.kr/news/article.html?no=207145
고려대학교,이데일리,"명절 후 피로와 무기력, 명절증후군 어떻게 예방할까?",고려대학교 안암병원 정신건강의학과 한규만 교수는 “명절에는 평소와 다른 일정과 생활환경이 이어지면서 신체적인 피로뿐 아니라 심리적인 피로도 쌓일 수 있다”며 “명절을 즐겁게 보내야 한다는 생각에...,2026-09-27 08:31,https://www.edaily.co.kr/News/Read?newsId=01177526645584384&mediaCodeNo=257&utm_source=naver&utm_medium=referral&utm_campaign=news_syndication&utm_content=original_article,https://n.news.naver.com/mnews/article/018/0006375788?sid=102
고려대학교,이데일리,"""SKY 다닐 바에 의대 갈래요""…심상치 않은 탈출 상황","지난해 중도탈락자를 대학별로 보면 고려대가 836명으로 가장 많았다. 이어 연세대 801명, 서울대 375명으로 뒤를 이었다. 최근 5년간 누적 중도탈락자는 고려대 4524명, 연세대 4099명, 서울대 2113명이었다....",2026-09-27 08:22,https://www.edaily.co.kr/News/Read?newsId=01167686645584384&mediaCodeNo=257&utm_source=naver&utm_medium=referral&utm_campaign=news_syndication&utm_content=original_article,https://n.news.naver.com/mnews/article/018/0006375785?sid=102
연세대학교,이데일리,"""SKY 다닐 바에 의대 갈래요""…심상치 않은 탈출 상황",(사진=연합뉴스) 연간 2000명이 넘는 서연고 학생들이 중도탈락하는 것은 이들이 의대나 기존에 재학 중인 대학보다 상위권 대학으로 이탈하기 때문으로 풀이된다. 서울대와 연세대·고려대의 일부 자연계열...,2026-09-27 08:22,https://www.edaily.co.kr/News/Read?newsId=01167686645584384&mediaCodeNo=257&utm_source=naver&utm_medium=referral&utm_campaign=news_syndication&utm_content=original_article,https://n.news.naver.com/mnews/article/018/0006375785?sid=102
서울대학교,이데일리,"""SKY 다닐 바에 의대 갈래요""…심상치 않은 탈출 상황","서울대에서는 자유전공학부 11명, 경영학과 8명 등이 학교를 떠났다. 서울시 내 한 의과대학의 모습. (사진=연합뉴스) 연간 2000명이 넘는 서연고 학생들이 중도탈락하는 것은 이들이 의대나 기존에 재학 중인...",2026-09-27 08:22,https://www.edaily.co.kr/News/Read?newsId=01167686645584384&mediaCodeNo=257&utm_source=naver&utm_medium=referral&utm_campaign=news_syndication&utm_content=original_article,https://n.news.naver.com/mnews/article/018/0006375785?sid=102
연세대학교,한국경제,"서울대 붙었는데 ""미련 없어요""…SKY 학생 1만명 떠난 이유","지난해 대학별 중도 탈락자는 고려대가 836명으로 가장 많았다. 연세대가 801명, 서울대가 375명으로 뒤를 이었다. 지난해 중도 탈락자 가운데 자연계열은 1297명으로 전체의 64.5%를 차지했다. 인문계열은 654명(32.5...",2026-09-27 08:21,https://www.hankyung.com/article/2026092770407,https://n.news.naver.com/mnews/article/015/0005336207?sid=102
서울대학교,한국경제,"서울대 붙었는데 ""미련 없어요""…SKY 학생 1만명 떠난 이유","서울대·연세대·고려대에서 최근 5년간 1만명이 넘는 학생이 중도 탈락한 것으로 나타났다. 특히 지난해... 27일 종로학원이 대학알리미의 대학별 중도 탈락자 공시자료를 분석한 결과, 2021~2025년 서울대·연세대...",2026-09-27 08:21,https://www.hankyung.com/article/2026092770407,https://n.news.naver.com/mnews/article/015/0005336207?sid=102
고려대학교,한국경제,"서울대 붙었는데 ""미련 없어요""…SKY 학생 1만명 떠난 이유","지난해 대학별 중도 탈락자는 고려대가 836명으로 가장 많았다. 연세대가 801명, 서울대가 375명으로 뒤를 이었다. 지난해 중도 탈락자 가운데 자연계열은 1297명으로 전체의 64.5%를 차지했다. 인문계열은 654명(32.5...",2026-09-27 08:21,https://www.hankyung.com/article/2026092770407,https://n.news.naver.com/mnews/article/015/0005336207?sid=102
고려대학교,국제뉴스,"프로미스나인 송하영, 기상캐스터 변신…사투리 도전기에 웃음꽃","한편, 프로미스나인은 4일부터 6일까지 서울 성북구 고려대학교 화정체육관에서 '2026 프로미스나인 아시아 투어 '투모로우 글로우.' 인 서울'을 개최했다. 서울 공연을 마친 후, 10월부터 대만, 일본, 홍콩 등 아시아...",2026-09-27 08:20,https://www.gukjenews.com/news/articleView.html?idxno=3706316,https://www.gukjenews.com/news/articleView.html?idxno=3706316
서울대학교,더퍼블릭,'보는 안경'에서 '답 알려주는 안경'으로…AI 글라스 악용 속 규제 공백,지난 4월 서울대가 주관한 텝스(TEPS) 시험에서는 생성형 AI 기능이 탑재된 스마트안경을 착용한 20대 수험생이 적발됐다. 시험 도중 안경을 자주 만지는 모습을 이상하게 여긴 감독관이 시험 종료 후 기기를 확인하면서...,2026-09-27 08:20,https://www.thepublic.kr/news/articleView.html?idxno=320124,https://www.thepublic.kr/news/articleView.html?idxno=320124
고려대학교,STARDAILYNEWS,"'프로미스나인' 송하영·이채영·백지헌, '아는 형님'서 사투리·역사 이...","한편 프로미스나인은 지난 4일부터 6일까지 서울 성북구 고려대학교 화정체육관에서 '2026 fromis_9 ASIA TOUR 'TOMORROW GLOW.' IN SEOUL'을 개최했다. 서울 공연을 마친 프로미스나인은 오는 10월부터 대만, 일본, 홍콩 등 아시아...",2026-09-27 08:16,https://www.stardailynews.co.kr/news/articleView.html?idxno=550723,https://www.stardailynews.co.kr/news/articleView.html?idxno=550723
연세대학교,이코노미스트,"글램, ‘대한민국 매력 리포트’ 공개…이용자 데이터상 외모 1위 연세...","글램에 따르면 남녀 이용자를 합산한 ‘상위 외모’ 비율이 가장 높게 나타난 대학은 연세대학교로 10.1%를 기록했다. 한양대학교가 10.0%로 0.1%포인트 차이로 뒤를 이었으며 경희대학교 9.7%, 서울대학교 9.4%, 성균관대학교...",2026-09-27 08:01,https://economist.co.kr/article/view/ecn202609230060,https://n.news.naver.com/mnews/article/243/0000103562?sid=101
연세대학교,노컷뉴스,"""SKY 버리고 의대 간다""…대학 뛰쳐나간 학생 1만 명 넘어","지난해 대학별 중도탈락자는 서울대 375명, 연세대 801명, 고려대 836명이었다. 계열별로는 자연계가 1297명으로 전체의 64.5%를 차지했다. 인문계는 654명(32.5%), 예체능계는 61명(3.0%)이었다. 자연계에서는 서울대...",2026-09-27 08:01,https://www.nocutnews.co.kr/news/6582808?utm_source=naver&utm_medium=article&utm_campaign=20260927080020,https://n.news.naver.com/mnews/article/079/0004192992?sid=102
고려대학교,텐아시아,"""싸우는 줄 알고 경찰 신고""…포항 출신 이채영, 여행 중 사투리 해프닝...",한편 프로미스나인은 지난 4일부터 6일까지 서울 성북구 고려대학교 화정체육관에서 '2026 프로미스나인 아시아 투어 '투모로우 글로우.' 인 서울'('2026 fromis_9 ASIA TOUR 'TOMORROW GLOW.' IN SEOUL')을 개최했다. 서울 공연을...,2026-09-27 08:01,https://www.tenasia.co.kr/article/2026092769984,https://m.entertain.naver.com/article/312/0000777656
고려대학교,노컷뉴스,"""SKY 버리고 의대 간다""…대학 뛰쳐나간 학생 1만 명 넘어","지난해 대학별 중도탈락자는 서울대 375명, 연세대 801명, 고려대 836명이었다. 계열별로는 자연계가 1297명으로 전체의 64.5%를 차지했다. 인문계는 654명(32.5%), 예체능계는 61명(3.0%)이었다. 자연계에서는 서울대...",2026-09-27 08:01,https://www.nocutnews.co.kr/news/6582808?utm_source=naver&utm_medium=article&utm_campaign=20260927080020,https://n.news.naver.com/mnews/article/079/0004192992?sid=102
고려대학교,이코노미스트,"글램, ‘대한민국 매력 리포트’ 공개…이용자 데이터상 외모 1위 연세...",0% 뒤이어 -실제 호감 선택은 여성 이용자 고려대 남성·남성 이용자 한양대 여성에 집중 러브테크 기업... 글램에 따르면 남녀 이용자를 합산한 ‘상위 외모’ 비율이 가장 높게 나타난 대학은 연세대학교로 10.1%를...,2026-09-27 08:01,https://economist.co.kr/article/view/ecn202609230060,https://n.news.naver.com/mnews/article/243/0000103562?sid=101
서울대학교,노컷뉴스,"""SKY 버리고 의대 간다""…대학 뛰쳐나간 학생 1만 명 넘어","서울대·연세대·고려대에서 자퇴와 미등록, 미복학 등으로 학교를 떠난 학생이 1만명을 넘어선 것으로 나타났다. 특히 중도탈락자의 60% 이상이 자연계열에 집중됐다. 27일 종로학원에 따르면 지난해 서울대...",2026-09-27 08:01,https://www.nocutnews.co.kr/news/6582808?utm_source=naver&utm_medium=article&utm_campaign=20260927080020,https://n.news.naver.com/mnews/article/079/0004192992?sid=102
서울대학교,이코노미스트,"글램, ‘대한민국 매력 리포트’ 공개…이용자 데이터상 외모 1위 연세...","한양대학교가 10.0%로 0.1%포인트 차이로 뒤를 이었으며 경희대학교 9.7%, 서울대학교 9.4%, 성균관대학교 9.2% 순으로 나타났다. 성별로 구분하면 결과에 차이가 있었다. 남성 이용자 가운데서는 연세대학교가 9.4%로 가장 높은...",2026-09-27 08:01,https://economist.co.kr/article/view/ecn202609230060,https://n.news.naver.com/mnews/article/243/0000103562?sid=101
서울대학교,뉴스1,SKY 다니다 그만둔 학생 5년 새 1만 명 돌파…결국 의대행?,"서울대·연세대·고려대에서 최근 5년간 1만 736명이 중도 탈락한 것으로 나타났다. 지난해에도 2012명이... 27일 종로학원이 대학알리미 대학별 중도 탈락자 공시자료를 분석한 결과에 따르면, 2021~2025년 서울대...",2026-09-27 08:00,https://www.news1.kr/society/education/6300068,https://n.news.naver.com/mnews/article/421/0009192951?sid=102
연세대학교,뉴스1,신입생 100명 중 9명 대학 떠났다…서울 주요대 중도탈락률 1위 어디,"15개 대학의 평균 중도 탈락률은 9.3%로 전년 10.9%보다 1.6%포인트 하락했다. 고려대(서울)는 11.7%에서 7.9%로 3.8%포인트 떨어져 감소 폭이 가장 컸다. 중앙대(3.5%포인트), 성균관대(3.0%포인트), 연세대(2.9%포인트) 등도...",2026-09-27 08:00,https://www.news1.kr/society/education/6299877,https://n.news.naver.com/mnews/article/421/0009192952?sid=102
연세대학교,뉴시스,"""SKY도 성에 안 차""…최근 5년간 1만736명 중도탈락","최근 5년간 이른바 'SKY대학'으로 불리는 서울대·연세대·고려대에서 중도탈락자가 1만736명 발생한 것으로 나타났다. 지난해 중도탈락자 중 5명 중 3명 이상은 자연계열 학생으로, 상위권 대학·학과나 의학계열로...",2026-09-27 08:00,https://www.newsis.com/view/NISX20260922_0003800822,https://n.news.naver.com/mnews/article/003/0014215035?sid=102
연세대학교,이투데이,'SKY' 중도탈락 5년간 1만명 넘었다…지난해 2012명 학교 떠나,"27일 종로학원이 대학알리미에 공시된 대학별 중도탈락자 수를 분석한 결과, 2021~2025년 서울대·연세대·고려대 중도탈락자는 총 1만736명으로 집계됐다. 연도별로 보면 2021년 1971명에서 2022년 2131명으로 처음...",2026-09-27 08:00,https://www.etoday.co.kr/news/view/2629253,https://www.etoday.co.kr/news/view/2629253
서울대학교,뉴스1,신입생 100명 중 9명 대학 떠났다…서울 주요대 중도탈락률 1위 어디,서울대는 5.2%로 15개 대학 가운데 가장 낮았다. 15개 대학의 평균 중도 탈락률은 9.3%로 전년 10.9%보다 1.6%포인트 하락했다. 고려대(서울)는 11.7%에서 7.9%로 3.8%포인트 떨어져 감소 폭이 가장 컸다. 중앙대(3.5%포인트)...,2026-09-27 08:00,https://www.news1.kr/society/education/6299877,https://n.news.naver.com/mnews/article/421/0009192952?sid=102
서울대학교,뉴시스,"""SKY도 성에 안 차""…최근 5년간 1만736명 중도탈락","최근 5년간 이른바 'SKY대학'으로 불리는 서울대·연세대·고려대에서 중도탈락자가 1만736명 발생한... 27일 종로학원이 대학알리미의 대학별 중도탈락자 수 공시자료를 분석한 결과, 최근 5년간 서울대·연세대...",2026-09-27 08:00,https://www.newsis.com/view/NISX20260922_0003800822,https://n.news.naver.com/mnews/article/003/0014215035?sid=102
고려대학교,뉴스1,신입생 100명 중 9명 대학 떠났다…서울 주요대 중도탈락률 1위 어디,"15개 대학의 평균 중도 탈락률은 9.3%로 전년 10.9%보다 1.6%포인트 하락했다. 고려대(서울)는 11.7%에서 7.9%로 3.8%포인트 떨어져 감소 폭이 가장 컸다. 중앙대(3.5%포인트), 성균관대(3.0%포인트), 연세대(2.9%포인트) 등도...",2026-09-27 08:00,https://www.news1.kr/society/education/6299877,https://n.news.naver.com/mnews/article/421/0009192952?sid=102
고려대학교,뉴스1,SKY 다니다 그만둔 학생 5년 새 1만 명 돌파…결국 의대행?,"대학별로는 고려대 836명, 연세대 801명, 서울대 375명 순이었다. 지난해 중도 탈락자의 64.5%인 1297명은 자연계열이었다. 인문계열은 654명(32.5%), 예체능계열은 61명(3.0%)이었다. 자연계열에서는 공학·생명 관련...",2026-09-27 08:00,https://www.news1.kr/society/education/6300068,https://n.news.naver.com/mnews/article/421/0009192951?sid=102
고려대학교,이투데이,'SKY' 중도탈락 5년간 1만명 넘었다…지난해 2012명 학교 떠나,"대학별로는 지난해 고려대가 836명으로 가장 많았다. 이어 연세대 801명, 서울대 375명 순이었다. 최근 5년간 누적 중도탈락자도 고려대가 4524명으로 가장 많았고 연세대 4099명, 서울대 2113명이었다. 특히 자연계열...",2026-09-27 08:00,https://www.etoday.co.kr/news/view/2629253,https://www.etoday.co.kr/news/view/2629253
고려대학교,뉴시스,"""SKY도 성에 안 차""…최근 5년간 1만736명 중도탈락","최근 5년간 이른바 'SKY대학'으로 불리는 서울대·연세대·고려대에서 중도탈락자가 1만736명 발생한 것으로 나타났다. 지난해 중도탈락자 중 5명 중 3명 이상은 자연계열 학생으로, 상위권 대학·학과나 의학계열로...",2026-09-27 08:00,https://www.newsis.com/view/NISX20260922_0003800822,https://n.news.naver.com/mnews/article/003/0014215035?sid=102
서울대학교,INCHEONTODAY,"[연재] 네덜란드 뺨치는 강화도 간척의 역사, 인천 강화 선두포 축언 시...","48, 서울대학교 규장각한국학연구원, 2009 양선아, 〈조선 후기 서해연안 간척의 기술적 과정과 개간의 정치〉, 《쌀·삶·문명연구》 4, 전북대학교 인문한국 쌀·삶·문명연구원, 2010 양선아, 〈조선 후기 대규모 간척지...",2026-09-27 08:00,https://www.incheontoday.com/news/articleView.html?idxno=324024,https://www.incheontoday.com/news/articleView.html?idxno=324024
서울대학교,이투데이,'SKY' 중도탈락 5년간 1만명 넘었다…지난해 2012명 학교 떠나,"5%로 가장 많아 “의대·상위권 대학 재입학 추정”…지역의사제 도입에 올해 더 늘 수도 서울대... 27일 종로학원이 대학알리미에 공시된 대학별 중도탈락자 수를 분석한 결과, 2021~2025년 서울대·연세대·고려대...",2026-09-27 08:00,https://www.etoday.co.kr/news/view/2629253,https://www.etoday.co.kr/news/view/2629253
연세대학교,뉴스1,SKY 다니다 그만둔 학생 5년 새 1만 명 돌파…결국 의대행?,"대학별로는 고려대 836명, 연세대 801명, 서울대 375명 순이었다. 지난해 중도 탈락자의 64.5%인 1297명은 자연계열이었다. 인문계열은 654명(32.5%), 예체능계열은 61명(3.0%)이었다. 자연계열에서는 공학·생명 관련...",2026-09-27 08:00,https://www.news1.kr/society/education/6300068,https://n.news.naver.com/mnews/article/421/0009192951?sid=102
연세대학교,뉴스1,휴전 기대에도 유가 100달러대…중동 공급 정상화 내년 2분기 전망,"김정식 연세대 경제학부 교수는 ""전쟁이 상당히 지속될 가능성이 높아 고유가도 장기화될 가능성이 있다""며 ""중동 정세도 쉽게 안정될 가능성이 낮기 때문에 전쟁이 끝나기 전까지 변동성이 큰 상황이 이어질 수 있다...",2026-09-27 07:45,https://www.news1.kr/economy/trend/6301975,https://n.news.naver.com/mnews/article/421/0009192947?sid=101
서울대학교,스포츠서울,"‘서울대 치대 출신’ 김정훈, 46세에 이 얼굴?…라이브 방송 중 방귀 ‘...","서울대학교 치과대학을 중퇴한 뒤 중앙대학교 연극학과로 편입한 이력으로도 화제를 모았다. 이후 드라마 ‘궁’, ‘로맨스가 필요해’ 등에 출연하며 배우로 활동했다. 한편 김정훈은 과거 사생활 논란을 겪었다....",2026-09-27 07:39,https://www.sportsseoul.com/news/read/1637652?ref=naver,https://m.entertain.naver.com/article/468/0001268841
고려대학교,데일리메디,"""일본에는 한국형 요양병원이 없다"" 진위는…",고려대학교 고령사회연구원 김도훈 교수는 최근 열린 대한요양병원협회 2026 추계 학술세미나에서 ‘일본 만성기 병상체계 실증’이라는 제하 강연을 통해 이 같은 주장을 폈다. 김도훈 교수는 최근 정부가 요양병원...,2026-09-27 07:34,https://www.dailymedi.com/news/news_view.php?wr_id=940652,https://www.dailymedi.com/news/news_view.php?wr_id=940652
서울대학교,국민일보,"[단독] 베이스 김지훈, 한국인 최초 英 명문 길드홀 음악연극학교 교수...","서울대 성악과와 이탈리아 밀라노 베르디 국립음악원을 졸업한 김 교수는 오스트리아 페루초 탈리아비니 콩쿠르, 이탈리아 루이지 일리카 콩쿠르 등 유럽 유수의 국제 성악 콩쿠르에서 1위를 차지하며 두각을 나타냈다....",2026-09-27 07:32,https://www.kmib.co.kr/article/view.asp?arcid=9000017378&cp=nv,https://n.news.naver.com/mnews/article/005/0001875106?sid=103
서울대학교,머니투데이,"""받을 재산 없잖아"" 부모와 연 끊는다…무연고 사망 급증 이유","상속받을 재산이 있는 자녀들만 돌아가시기 직전에 부모를 찾는 경우가 많습니다."" 무연고 사망자 증가와 관련한 서이종 서울대 사회학과 교수의 진단이다. 초고령화와 1인 가구 증가에 따른 자연스런 현상으로만 보기는...",2026-09-27 07:15,https://www.mt.co.kr/politics/2026/09/27/2026092121093058503,https://n.news.naver.com/mnews/article/008/0005418580?sid=100
고려대학교,머니투데이,"""받을 재산 없잖아"" 부모와 연 끊는다…무연고 사망 급증 이유","윤인진 고려대 사회학과 교수는 ""대부분 경제력이 없는 부모를 자녀가 돌보지 못하거나 방치하는 경우가... 서 교수는 ""사회공동체 약화와 구조적 원인을 고려하면 이런 현상은 더욱 심화할 가능성이 크다""고 했다. 윤...",2026-09-27 07:15,https://www.mt.co.kr/politics/2026/09/27/2026092121093058503,https://n.news.naver.com/mnews/article/008/0005418580?sid=100
고려대학교,스포츠동아,"프로미스나인 이채영, 사투리 때문에 해외서 경찰 출동 “싸우는 줄 알...","한편 프로미스나인은 4일부터 6일까지 서울 고려대학교 화정체육관에서 ‘2026 프로미스나인 아시아 투어 ‘투모로우 글로우.’ 인 서울’을 열었다. 10월부터 대만, 일본, 홍콩 등으로 투어를 이어간다.",2026-09-27 07:15,https://sports.donga.com/ent/article/all/20260927/134735316/1,https://m.entertain.naver.com/article/382/0001295815
고려대학교,BNTNEWS,"‘아는 형님’ 안동, 프로미스나인 활약","한편, 프로미스나인은 지난 4일부터 6일까지 서울 성북구 고려대학교 화정체육관에서 '2026 프로미스나인 아시아 투어 '투모로우 글로우.' 인 서울'('2026 fromis_9 ASIA TOUR 'TOMORROW GLOW.' IN SEOUL')을 개최했다. 서울 공연을...",2026-09-27 07:14,https://www.bntnews.co.kr/article/view/bnt202609270007,https://www.bntnews.co.kr/article/view/bnt202609270007
서울대학교,뉴스1,수시 먹통·서울대 10개·서논술형·교부금…교육위 국감 쟁점 쏟아진다,"추석 연휴 직전 불거진 2027학년도 수시모집 원서접수 시스템 장애 후폭풍, 형평성 논란에 휩싸인 '서울대... '서울대 10개 만들기'도 주요 현안이다. 9개 거점국립대를 서울대 수준으로 키워 지역 활성화와 청년 정주에...",2026-09-27 07:10,https://www.news1.kr/society/education/6300459,https://n.news.naver.com/mnews/article/421/0009192923?sid=102
고려대학교,연합뉴스,"李대통령 순방 중 ""재제청 불가"" 입장…靑 허찌른 조희대 앞날은","이에 대법원이 박순영 고법판사를 제안했으나, 청와대에선 이재명 정부 첫 대법관이란 상징성을 고려해... 차진아 고려대 로스쿨 교수는 ""임명권이 제청권에 구속되지 않기 때문에 대통령이 거부할 수는 있지만 합당한...",2026-09-27 07:10,https://www.yna.co.kr/view/AKR20260925035100004?input=1195m,https://n.news.naver.com/mnews/article/001/0016337817?sid=102
고려대학교,톱스타뉴스,"프로미스나인 송하영·이채영·백지헌, 사투리·역사 사랑으로 안동 웃...","지난 4일부터 6일까지 서울 성북구 고려대학교 화정체육관에서 '2026 프로미스나인 아시아 투어 '투모로우 글로우.' 인 서울'을 열고 무대를 선보였다. 서울 공연을 마친 프로미스나인은 10월부터 대만, 일본, 홍콩 등 아시아...",2026-09-27 07:04,https://www.topstarnews.net/news/articleView.html?idxno=16218410,https://www.topstarnews.net/news/articleView.html?idxno=16218410
서울대학교,법률신문,(이번주 법조 일정) 9월 28일~10월 2일,"2시, 서울 신림동 서울대 근대법학교육백주년기념관 최종길홀) -법무법인 광장, '중수청·공소청·특사경 시대의 수사 구조 및 실무는 어떻게 변할 것인가' 형사그룹 고객초청세미나(오후 3시, 서울 소공동 한진빌딩...",2026-09-27 07:00,https://www.lawtimes.co.kr/news/articleView.html?idxno=226906,https://www.lawtimes.co.kr/news/articleView.html?idxno=226906
서울대학교,SISAJOURNAL-E,"인벤테라, MRI 조영제 허가 시동···내년 하반기 목표",이번 임상은 어깨관절 질환이 있거나 의심돼 MR관절조영술이 필요한 환자 85명을 대상으로 분당서울대학교병원 등 국내 상급종합병원 8곳에서 진행했다. 동일 환자의 비조영 MRI와 INV-002 투여 후 MR관절조영술 영상을...,2026-09-27 07:00,https://www.sisajournal-e.com/news/articleView.html?idxno=423941,https://www.sisajournal-e.com/news/articleView.html?idxno=423941
서울대학교,조선일보,스마트 수업 돕고 생태 교육까지…교실로 간 삼성·LG,2010년 시작된 이 프로그램은 서울대와 한국외대 등 주요 교육기관과 협력해 매년 초·중학생 450여명을 교육해 왔다. 부모 나라의 언어 구사력 향상과 문화·과학 역량 강화에 집중해 지난해까지 배출한 누적 수료생은...,2026-09-27 07:00,https://it.chosun.com/news/articleView.html?idxno=2023092170621,https://it.chosun.com/news/articleView.html?idxno=2023092170621
서울대학교,매일신문,"서울대 총장 후보 4명, 임기 중 1조~10조 재정 공약…학생복지 수혜 규모...",서울대 제29대 총장 선거 예비후보 4명이 임기 4년간 최소 1조원에서 최대 10조원의 재정을 확충하겠다고 공약했다. 서울대 올해 예산안 총세입 1조2천억원과 맞먹거나 이를 웃도는 목표치다. 지난 17일 서울대...,2026-09-27 06:50,https://www.imaeil.com/page/view/2026092706465684375,https://n.news.naver.com/mnews/article/088/0001030667?sid=102
고려대학교,지디넷코리아,[1분건강] ‘명절증후군’ 평소 생활패턴으로 서서히 회복해야,한규만 고려대학교 안암병원 정신건강의학과 교수는 “명절에는 평소와 다른 일정과 생활환경이 이어지면서 신체적인 피로뿐 아니라 심리적인 피로도 쌓일 수 있다”며 “명절 전후로 일시적인 피로감이나 스트레스를...,2026-09-27 06:45,https://zdnet.co.kr/view/?no=20260924220908,https://n.news.naver.com/mnews/article/092/0002438807?sid=103
서울대학교,매일신문,"만성콩팥병 34만명, 추석 과일 칼륨 5.5 넘으면 부정맥 4.8배",분당서울대학교병원 신장내과 연구팀이 2017년 발표한 입원환자 분석에서는 칼륨이 5.5mEq/L를 넘은 환자의... ◆ 배 171mg·단감 149mg·사과 95mg… 껍질과 씨부터 버린다 강동경희대학교병원이 2017년 정리한 과일 100g당...,2026-09-27 06:32,https://www.imaeil.com/page/view/2026092618582448922,https://n.news.naver.com/mnews/article/088/0001030655?sid=102
서울대학교,매일신문,혈압약 두 알 몰아먹자 혈압 80mmHg… 복약오류 4년새 879건,서울대학교 간호대학이 2018년 만성질환자 의약품 복용 1만3천590건을 분석한 조사에서 환자의 30%는 약을 제때 먹지 않았다. 당뇨병 환자의 70%는 복용을 잊어 처방대로 먹지 못한다고 답했다. ◆ 혈압 80mmHg·혈당 50mg/dL...,2026-09-27 06:31,https://www.imaeil.com/page/view/2026092618594983294,https://n.news.naver.com/mnews/article/088/0001030653?sid=102
고려대학교,서울경제,중수청 개청 ‘닷새’ 남았는데…수장 ‘공백’·인원은 부족[안현덕의...,차진아 고려대 법학전문대학원 교수는 “한 검사실에 미제 사건이 500건이 넘고 있는 게 현실”이라며 “검찰개혁과 함께 특별검사 출범에 따른 검사 파견 등으로 민생 사건 수사가 사실상 중단되는 등 수사 공백은...,2026-09-27 06:30,https://www.sedaily.com/article/20095075?ref=naver,https://n.news.naver.com/mnews/article/011/0004665536?sid=102
연세대학교,연합뉴스,전공의 집단사직·복귀 그후…'피부과 일반의' 시장만 팽창,27일 의료계에 따르면 이상규 연세대 의대 예방의학교실 교수가 건강보험심사평가원 데이터를 토대로 전공의 집단사직 전후 일반의 분포 변화를 분석한 결과 이러한 경향이 확인됐다. 앞서 2024년 2월 당시...,2026-09-27 06:03,https://www.yna.co.kr/view/AKR20260923183300530?input=1195m,https://n.news.naver.com/mnews/article/001/0016337751?sid=102
연세대학교,조선비즈,파킨슨병 신약 ‘새판’…얀 르쿤·SK바이오팜도 뛰어들었다,국가신약개발사업 지원과제로 선정돼 현재 연세대 세브란스병원에서 1상이 진행되고 있다. 이 단백질을 활용해 파킨슨병을 보다 정확하게 진단하려는 기술도 발전하고 있다. 뇌척수액에서 비정상적으로 뭉치기...,2026-09-27 06:02,https://biz.chosun.com/science-chosun/bio/2026/09/27/HZPA6SBUEJGQXDRHDISTOGN2DI/?utm_source=naver&utm_medium=original&utm_campaign=biz,https://n.news.naver.com/mnews/article/366/0001194512?sid=101
고려대학교,조선비즈,“세탁물 개고 야채 써는 영상 삽니다”… 로봇 업계는 지금 ‘데이터 ...,최병호 고려대 AI연구소 교수는 “데이터는 많으면 많을수록 좋은데 국내에서는 규제로 인해 데이터를 확보하기 어렵기 때문에 민간에서 사고 파는 경우가 많다”며 “가사노동 로봇의 기술 개발 난이도가 가장 높은데...,2026-09-27 06:02,https://biz.chosun.com/industry/company/2026/09/27/5J7HOE43F5FJJOIMTSB5CJPOC4/?utm_source=naver&utm_medium=original&utm_campaign=biz,https://n.news.naver.com/mnews/article/366/0001194514?sid=101
서울대학교,세계일보,아이 교육 걱정에 세종행 망설이지만…서울대 진학률 전국 2위 [100투더...,서울대 및 한국교육개발원 제공 “서울대 진학 서울 이어 2위…2021년에는 1위도” 그래서 본 기자가 데이터를 직접 분석해보기로 했다. 서울대에 정보공개를 청구한 ‘신입생의 출신 지역 현황’과 한국교육개발원...,2026-09-27 06:02,https://www.segye.com/newsView/20260926506472?OutUrl=naver,https://n.news.naver.com/mnews/article/022/0004161999?sid=102
서울대학교,중앙일보,"“서른살, 20일만에 뇌 바꿨다” 국어 7등급→서울대치대 간 비법",더중앙플러스에서 서울대 합격생들의 비법을 소개합니다. 국어 7등급→리트 첫 만점자…33세 서울치대생 ‘뇌 바꾼 법’ 고3 때 수능 국어 7등급. 반에서 10등 안에도 들어본 적이 없었다. 축구와 PC방에 빠져 지냈고...,2026-09-27 06:00,https://www.joongang.co.kr/article/25464923,https://n.news.naver.com/mnews/article/025/0003553912?sid=102
연세대학교,뉴시스,"117년 역사 장수막걸리, Z세대와 통한다…유병창의 '전통 혁신'[이주의 ...","서울장수는 지난해 11월 한양대 광고홍보학과 학술제 '콤마(COMMAH)'의 공식 후원사로 참여해 200여 명의 학생들과 약 6개월간의 산학 협력 프로젝트를 진행했고, 올해 3월에는 연세대 실전마케팅 학회 '오퍼스(OPUS)'와도...",2026-09-27 06:00,https://www.newsis.com/view/NISX20260923_0003801685,https://n.news.naver.com/mnews/article/003/0014214984?sid=101
연세대학교,중앙일보,"“서른살, 20일만에 뇌 바꿨다” 국어 7등급→서울대치대 간 비법",결국 대학 진학을 포기하고 사업에 뛰어들었다. 그랬던 이진우(33)씨가 2026학년도 수능에서 전 과목... 서울대·연세대·고려대·가톨릭대·성균관대·중앙대 의대에 모두 합격한 이주안(22)씨. 그는 흔히 떠올리는...,2026-09-27 06:00,https://www.joongang.co.kr/article/25464923,https://n.news.naver.com/mnews/article/025/0003553912?sid=102
서울대학교,중앙일보,"‘예산 1.2조’ 서울대, 예산서 11쪽뿐…3500억 부산대 518쪽이었다",매년 1조원 넘는 예산이 투입되는 서울대의 재정 운영이 ‘깜깜이’라는 지적이 제기됐다. 여느 국립대와는... 27일 국회 교육위원회 소속 백승아 더불어민주당 의원이 서울대 홈페이지에 공개된 ‘2026학년도 서울대...,2026-09-27 06:00,https://www.joongang.co.kr/article/25464921,https://n.news.naver.com/mnews/article/025/0003553909?sid=102
서울대학교,연합뉴스,"""수조원 재정확보"" 말잔치 서울대 총장선거…학생복지는 소외",영향 서울대학교 차기 총장 자리를 놓고 경쟁하는 후보들이 수조원대 재정 확충과 교수·교직원 처우 개선을 앞다퉈 약속하면서 실현 가능성을 둘러싼 의문이 제기된다. 27일 서울대 총장 예비 후보자들의 발전계획서와...,2026-09-27 06:00,https://www.yna.co.kr/view/AKR20260923152100004?input=1195m,https://n.news.naver.com/mnews/article/001/0016337733?sid=102
고려대학교,중앙일보,"‘예산 1.2조’ 서울대, 예산서 11쪽뿐…3500억 부산대 518쪽이었다",예산 9515억원의 고려대(사립)는 185쪽(215쪽) 분량의 예산서를 공개하고 있다. 서울대의 예산 공개 내역이... 서울대는 ‘서울대학교 설립·운영에 관한 법률(서울대법)’에 근거해 2012년 국립대학에서 국립대학법인으로...,2026-09-27 06:00,https://www.joongang.co.kr/article/25464921,https://n.news.naver.com/mnews/article/025/0003553909?sid=102
서울대학교,뉴시스,"토허제 풀었더니 3㎞까지 집값 올랐다…""안정 효과는 단기적""",이 보고서는 문소현 서울대 국토문제연구소 연구원이 서울 잠삼대청(잠실·삼성·대치·청담동) 일대의 토허제 해제와 재지정으로 인한 구역 내부와 외부 최단 직선거리(12㎞ 이내)별 서울 아파트 단지의 2024년...,2026-09-27 06:00,https://www.newsis.com/view/NISX20260915_0003790914,https://n.news.naver.com/mnews/article/003/0014214986?sid=101
서울대학교,중앙일보,"“꼭 말해줘야 알아?”…설거지 한 남편, 아내가 열받은 이유","식세기 사라” 서울대 심리학 교수의 비결 https://www.joongang.co.kr/article/25347530 ④집안일에도 회사앱 써라, 부부 ‘설거지 논쟁’ 끝내는 법 https://www.joongang.co.kr/article/25206053 ⑤첫마디 이렇게 꺼내야 한다…행복한...",2026-09-27 06:00,https://www.joongang.co.kr/article/25464914,https://n.news.naver.com/mnews/article/025/0003553907?sid=102
고려대학교,중앙일보,"“서른살, 20일만에 뇌 바꿨다” 국어 7등급→서울대치대 간 비법",결국 대학 진학을 포기하고 사업에 뛰어들었다. 그랬던 이진우(33)씨가 2026학년도 수능에서 전 과목... 서울대·연세대·고려대·가톨릭대·성균관대·중앙대 의대에 모두 합격한 이주안(22)씨. 그는 흔히 떠올리는...,2026-09-27 06:00,https://www.joongang.co.kr/article/25464923,https://n.news.naver.com/mnews/article/025/0003553912?sid=102
연세대학교,뉴스1,"지방 분양 더 나빠지는데 미분양은 그대로?…""신규 공급도 줄어""","서진형 광운대학교 부동산법무학과 교수도 ""사업비 조달이 어려우면 공급대책은 무용지물""이라고 지적했다. ◆설문 대상 전문가 20인 고종완 한국자산관리연구원 원장, 고준석 연세대 상남경영원 교수, 김규정...",2026-09-27 05:05,https://www.news1.kr/realestate/general/6300661,https://n.news.naver.com/mnews/article/421/0009192853?sid=101
서울대학교,노컷뉴스,"""번호표 뽑았더니 이미 120번"" 네팔이 연 기후재난 배상의 시대[기후로...",한국의 대표 기후경제학자 서울대 환경대학원 홍종호 교수와 함께합니다. 매주 목/금 오후 9시 업로드됩니다.... ■ 방송 : 유튜브 CBS 경제연구실 '기후로운 경제생활' ■ 진행 : 홍종호 서울대 환경대학원 교수 ■ 대담...,2026-09-27 05:01,https://www.nocutnews.co.kr/news/6583282?utm_source=naver&utm_medium=article&utm_campaign=20260927050020,https://n.news.naver.com/mnews/article/079/0004192987?sid=101
서울대학교,머니투데이,"""꺼지지 않는 인공태양 만든다""…24시간 핵융합 발전소 승부수","최근에는 블루포인트파트너스, 서울대기술지주, 컴퍼니케이파트너스로부터 약 23억원 규모의 시드투자를... 이후 서울대 학부에서 물리학을 전공하고 대학원에서 원자핵공학을 공부하며 핵융합 연구를 이어갔다. 특히...",2026-09-27 05:00,https://www.mt.co.kr/future/2026/09/27/2026090310351669868,https://n.news.naver.com/mnews/article/008/0005418540?sid=101
서울대학교,연합뉴스,"[동포의 창] ""260만 미주 동포 하나로""…서울서 '미주총연의 밤'","앞두고 서울에 모여 미주 한인사회의 결속을 다지고 차세대 정체성 확립과 재외동포 권익 확대를 위해 힘을... 김범수 서울대 통일평화연구원장은 기조연설에서 재외국민 참정권 보장을 강조했다. 김 원장은 ""우편투표...",2026-09-27 04:59,https://www.yna.co.kr/view/AKR20260926047500371?input=1195m,https://n.news.naver.com/mnews/article/001/0016337704?sid=100
연세대학교,스타뉴스,"""끝없이 도전해라, 멋있다"" NBA 선배 하승진 한마디에 이현중 '뭉클'... ...","(이상 연세대), 이동근(고려대)으로 구성된 한국 남자 3대3 농구대표팀은 이번 아시안게임에서 사상 첫 금메달을 따낸 뒤 자신들의 롤모델로 이현중을 꼽았다. 구민교, 김승우, 이주영, 이동근은 모두 대학생으로 프로 무대...",2026-09-27 04:34,https://www.starnewskorea.com/sports/2026/09/27/2026092614445617034,https://m.sports.naver.com/basketball/article/108/0003473779
고려대학교,스타뉴스,"""끝없이 도전해라, 멋있다"" NBA 선배 하승진 한마디에 이현중 '뭉클'... ...","이동근(고려대)으로 구성된 한국 남자 3대3 농구대표팀은 이번 아시안게임에서 사상 첫 금메달을 따낸 뒤 자신들의 롤모델로 이현중을 꼽았다. 구민교, 김승우, 이주영, 이동근은 모두 대학생으로 프로 무대 진출을 위해...",2026-09-27 04:34,https://www.starnewskorea.com/sports/2026/09/27/2026092614445617034,https://m.sports.naver.com/basketball/article/108/0003473779
고려대학교,SPORTALKOREA,"""AG 금메달 원동력은 가족같은 원 팀...프로 입성 전 마지막 정기전에서...","팀 동료 이주영(연세대), 이동근(고려대), 구민교(성균관대)와 시상대에 오른 김승우는 금메달을 받고... 끝으로 김승우는 연세대를 떠나기 전 마지막으로 열리는 고려대와의 정기전에서 반드시 승리하겠다고 다짐했다....",2026-09-27 02:08,https://www.sportalkorea.com/news/articleView.html?idxno=2025052909553568699,https://m.sports.naver.com/basketball/article/139/0002253689
연세대학교,SPORTALKOREA,"""AG 금메달 원동력은 가족같은 원 팀...프로 입성 전 마지막 정기전에서...","2026 아이치·나고야 아시안게임 3X3 농구 종목에서 사상 첫 금메달을 이끈 김승우(연세대)가 우승의 비결로... 팀 동료 이주영(연세대), 이동근(고려대), 구민교(성균관대)와 시상대에 오른 김승우는 금메달을 받고 애국가를...",2026-09-27 02:08,https://www.sportalkorea.com/news/articleView.html?idxno=2025052909553568699,https://m.sports.naver.com/basketball/article/139/0002253689
고려대학교,스포츠조선,"""태도 자체가 다르다"" '사상 첫 금메달' 3대3 남자 농구 선수들의 롤모...",3대3 농구에서 처음으로 아시아 정상에 선 대학생 기대주들에게 영감을 준 선수는 5대5 대표팀의 '에이스' 이현중(포틀랜드)이었다. 남자 3대3 농구 대표팀의 주장 이동근(고려대)은 26일 일본 나고야에 마련된...,2026-09-27 01:24,https://www.sportschosun.com/sports-news/2026-09-27/202609270100175640011605,https://m.sports.naver.com/basketball/article/076/0004449920
연세대학교,스포츠조선,"""태도 자체가 다르다"" '사상 첫 금메달' 3대3 남자 농구 선수들의 롤모...","3대3 농구에서 처음으로 아시아 정상에 선 대학생 기대주들에게 영감을 준 선수는 5대5 대표팀의 '에이스... 김승우(연세대)는 ""이현중 선수가 국가대표팀에서 뛰는 것을 보고 자세가 남다르다고 느껴서 배워야겠다고...",2026-09-27 01:24,https://www.sportschosun.com/sports-news/2026-09-27/202609270100175640011605,https://m.sports.naver.com/basketball/article/076/0004449920
고려대학교,뉴시스,"""쉬었는데 더 피곤하네""…명절증후군 해결법은?","한규만 고려대학교 안암병원 정신건강의학과 교수는 ""명절에는 평소와 다른 일정과 생활환경이 이어지면서 신체적인 피로뿐 아니라 심리적인 피로도 쌓일 수 있다""고 말했다. 이어 ""명절을 즐겁게 보내야 한다는 생각에...",2026-09-27 01:01,https://www.newsis.com/view/NISX20260923_0003802157,https://n.news.naver.com/mnews/article/003/0014214929?sid=102
서울대학교,엑스포츠뉴스,신동엽 딸은 서울대·박명수 딸은 한예종…'무용 엘리트' 2세들 명문대 ...,"양의 서울대학교 합격으로 많은 축하를 받은 바 있다. 2007년생인 신지효 양은 5세 때부터 발레를 배우기 시작해 선화예중과 선화예고에서 발레를 전공했으며, 올해 서울대학교 체육교육과에 입학했다. 서울대 독어교육과...",2026-09-27 00:10,https://www.xportsnews.com/article/2200752,https://m.entertain.naver.com/article/311/0002062128
고려대학교,더팩트,'수능 수학 만점' AI 안경 어쩌나…반입금지·응시제한은 한계,"대학교 입학시험 중 AI 안경을 쓰고 시험을 본 응시생이 적발돼 0점 처리됐다. 중국의 화난농업대학에서... 최병호 고려대 AI연구소 교수는 ""시험장에 들어서기 전 통신 모듈이나 특수 렌즈, 카메라 등의 탑재 여부를...",2026-09-27 00:01,https://news.tf.co.kr/read/life/2369816.htm,https://n.news.naver.com/mnews/article/629/0000536922?sid=102
고려대학교,NEWSCLAIM,영탁 컴백과 동시에 정상,"이번 앨범으로 자신만의 음악 색깔을 보여준 영탁은 오는 10월 3일부터 5일까지 서울 고려대학교 화정체육관에서 단독 콘서트 '탁쇼5'를 엽니다. 이후 전주, 대구, 인천, 부산에서 전국투어를 이어갑니다. 무대 위...",2026-09-27 00:00,https://www.newsclaim.co.kr/news/articleView.html?idxno=3076487,https://www.newsclaim.co.kr/news/articleView.html?idxno=3076487
서울대학교,BULKWANG,[빛으로 온 비로자나불] 삼신불: 법신·보신·화신-법신이 청정해서 넓...,"목경찬 서울대학교를 졸업하고 동국대학교 대학원 불교학과에서 유식불교전공으로 박사과정을 수료했다. 동국역경원 사업에 참여했으며, 현재 여러 불교대학에서 불교 교리 및 불교 문화를 강의하고 있다. 저서로는...",2026-09-27 00:00,http://www.bulkwang.co.kr/news/articleView.html?idxno=40625,http://www.bulkwang.co.kr/news/articleView.html?idxno=40625
고려대학교,전남일보,임영웅 행사비 1억 추정 '업계 최고'…김호중은 5천만원,"함께 고려대학교의료원에 총 2억원을 기부했다. 이 가운데 임영웅이 부담한 금액은 1억원이며, 기부는 팬클럽 '영웅시대' 이름으로 이뤄졌다. 기부금은 고려대 안암병원, 구로병원, 안산병원에서 치료받는 저소득...",2026-09-27 00:00,https://www.jnilbo.com/news/articleView.html?idxno=90000068801,https://www.jnilbo.com/news/articleView.html?idxno=90000068801
서울대학교,아시아투데이,'과거와 현재의 대화' 조계종 강남 봉은사,"아시아투데이 황의중 기자 = 서울 강남구 삼성동 일대는 코엑스몰·무역센터 등 고층 빌딩이 늘어선 21세기... 이 때문에 서울대 아시아연구소 남아시아센터장 강성용 교수는 ""전통을 현대화하는 연구에 가장 적합한...",2026-09-26 23:54,https://www.asiatoday.co.kr/kn/view.php?key=20260926010009170,https://www.asiatoday.co.kr/kn/view.php?key=20260926010009170
연세대학교,MBC,"최수종, 추석 당일 모친상…하희라 시모상 비보",고인의 빈소는 서울 연세대학교 신촌세브란스 장례식장 특1호실에 마련됐으며 발인은 오는 29일 오전 8시에 엄수된다. 최수종은 아내인 배우 하희라를 비롯한 유가족들과 함께 깊은 슬픔 속에서 빈소를 지키고 있다....,2026-09-26 22:01,http://enews.imbc.com/News/RetrieveNewsInfo/519310,https://m.entertain.naver.com/article/408/0000322513
서울대학교,DONGPONEWS,"""30년 안에 한국계 美 대통령 나올 것""…미주 한인사회, 서울서 '화합·...",""" 추석 명절 다음 날인 26일 오후 5시 서울 서대문구 홍은동 스위스그랜드호텔. 미국 전역에서 모국을 찾은... 김범수 서울대 통일평화연구원장 기조연설, 고상구 세계한인총연합회장, 심상만 세계한인총연합회 명예회장...",2026-09-26 21:50,https://www.dongponews.net/news/articleView.html?idxno=60767,https://www.dongponews.net/news/articleView.html?idxno=60767
서울대학교,연합뉴스,"[K스토리] K-신스틸러를 만나다…황석정 ""연기가 제일 고통스러웠어요""","K-신스틸러를 만나다…황석정 ""연기가 제일 고통스러웠어요"" 피리 전공한 서울대 음대생서 배우로…""한 편의 연극 보고 무작정 극단 찾아가"" 배우 황석정(55)은 처음부터 배우를 꿈꾸지 않았다. 서울대 음대에서 피리를...",2026-09-26 21:49,https://www.yna.co.kr/view/MYH20260926009600371?input=1197m,https://n.news.naver.com/mnews/article/001/0016337540?sid=161
연세대학교,TVDAILY,"'논란' 설민석, 대학원 재졸업 후 '아는 형님' 등장 [TV나우]","앞서 설민석은 연세대학교 교육대학원 역사교육학 석사 출신으로, 역사 강사 및 각종 역사 예능 프로그램에서 활약했다. 하지만 지난 2020년 대학원 석사 논문 표절 논란이 일었다. 이에 그는 ""논문을 작성하면서 연구를...",2026-09-26 21:30,http://www.tvdaily.co.kr/read.php3?aid=17904254821803513002,https://m.entertain.naver.com/article/440/0000046694
서울대학교,이데일리,서울대생이 감명 깊게 읽은 책…‘소유냐 존재냐’·‘댄스댄스댄스’...,서울대에 입학한 학생들은 학창 시절 어떤 책을 읽고 감명을 받았을까. 23일 서울대 입학본부 웹진 ‘아로리’에 따르면 올해 서울대 신입생들은 에리히 프롬의 ‘소유나 존재냐’. 무라카이 하루키의 ‘댄스 댄스 댄스’...,2026-09-26 21:02,https://www.edaily.co.kr/News/Read?newsId=02282886645584056&mediaCodeNo=257&utm_source=naver&utm_medium=referral&utm_campaign=news_syndication&utm_content=original_article,https://n.news.naver.com/mnews/article/018/0006375750?sid=102
연세대학교,핀포인트뉴스,[9월 26일 부고종합] 김대원(울산경찰청 교통과장)씨 장모상 외,"25일, 연세대학교 신촌세브란스 장례식장 특1호실(26일 오후 1시부터 조문 가능), 발인 29일 오전 8시... 조선대학교병원 장례식장 2호실, 발인 28일 오전 9시 30분. ■ 062-220-3352 ▪ 김기호(SBS Biz 보도제작부 부장)...",2026-09-26 20:28,https://www.pinpointnews.co.kr/news/articleView.html?idxno=490434,https://www.pinpointnews.co.kr/news/articleView.html?idxno=490434
연세대학교,스타뉴스,'모친상' 최수종 울컥하게 만든 사진...'대조영 배우 일동' 근조 화환 놓...,"1993년 배우 하희라와 결혼해 슬하에 1남 1녀를 두고 있다. 최수종 모친의 빈소는 서울 연세대학교 신촌세브란스 장례식장 특 1호실에 마련됐다. 발인은 오는 29일 오전 8시이며 장지는 용인평온의숲, 용인로뎀파크다.",2026-09-26 20:16,https://www.starnewskorea.com/star/2026/09/26/2026092619531624235,https://m.entertain.naver.com/article/108/0003473734
서울대학교,세계일보,"허영인 회장, 11년 집념으로 찾은 ‘토종효모’…파리바게뜨 빵의 맛을...",이에 SPC는 2005년 식품생명공학연구소를 설립하고 서울대학교 연구진과 함께 한국의 자연과 전통식품에서 제빵에 적합한 미생물을 찾는 연구에 착수했다. 단기간 성과보다는 장기간 연구를 통해 제빵의 근간이 되는...,2026-09-26 20:03,https://www.segye.com/newsView/20260923513156?OutUrl=naver,https://n.news.naver.com/mnews/article/022/0004161963?sid=101
연세대학교,스타뉴스,"""이현중이 롤모델""→정작 본인은 ""영광이지만, 나를 넘어서라""... AG 금메...","하지만 저를 넘어섰으면 좋겠어요."" 구민교(성균관대), 김승우, 이주영(이상 연세대), 이동근(고려대)으로... 금메달을 합작한 구민교, 김승우, 이주영, 이동근은 모두 대학생으로 프로 무대 입성을 위해 신인 드래프트를...",2026-09-26 19:12,https://www.starnewskorea.com/sports/2026/09/26/2026092618412554849,https://m.sports.naver.com/basketball/article/108/0003473714
고려대학교,스타뉴스,"""이현중이 롤모델""→정작 본인은 ""영광이지만, 나를 넘어서라""... AG 금메...","하지만 저를 넘어섰으면 좋겠어요."" 구민교(성균관대), 김승우, 이주영(이상 연세대), 이동근(고려대)으로... 금메달을 합작한 구민교, 김승우, 이주영, 이동근은 모두 대학생으로 프로 무대 입성을 위해 신인 드래프트를...",2026-09-26 19:12,https://www.starnewskorea.com/sports/2026/09/26/2026092618412554849,https://m.sports.naver.com/basketball/article/108/0003473714
고려대학교,헤럴드경제,‘연·고대 갈 바에’ 특혜 줄여도 91.6대 1 찍었다…그들이 경찰대를 가...,"지난 45년간 경찰 중간 간부를 배출해 온 경찰대학. 그 사이 사회적, 정치적 환경은 달라지고 수사 구조도... 연세대·고려대 자연계열 진학을 고려하던 한 재수생은 재수 과정에서 희망 진로를 법조계로 바꾼 뒤 경찰대에...",2026-09-26 18:46,https://biz.heraldcorp.com/article/10884288?ref=naver,https://n.news.naver.com/mnews/article/016/0002702040?sid=102
연세대학교,헤럴드경제,‘연·고대 갈 바에’ 특혜 줄여도 91.6대 1 찍었다…그들이 경찰대를 가...,입시업계에서는 최근 경찰대 합격권을 과거처럼 서울대·연세대·고려대 최상위권과 직접 비교하기보다는 서강대·성균관대·한양대 등 상위권 대학 지원자층과 상당 부분 겹치는 것으로 보고 있다. 경찰 조직...,2026-09-26 18:46,https://biz.heraldcorp.com/article/10884288?ref=naver,https://n.news.naver.com/mnews/article/016/0002702040?sid=102
서울대학교,헤럴드경제,‘연·고대 갈 바에’ 특혜 줄여도 91.6대 1 찍었다…그들이 경찰대를 가...,입시업계에서는 최근 경찰대 합격권을 과거처럼 서울대·연세대·고려대 최상위권과 직접 비교하기보다는... 과거 서울대나 연·고대 합격권 학생들이 경찰대를 택하는 사례가 많았지만 병역 혜택 폐지와 경찰대 개혁...,2026-09-26 18:46,https://biz.heraldcorp.com/article/10884288?ref=naver,https://n.news.naver.com/mnews/article/016/0002702040?sid=102
서울대학교,한국강사신문,"[강원국의 인생독서] ""독서의 절반은 책 고르기다."" 책은 어떻게 고를까...","칼럼니스트 프로필 강원국 칼럼니스트는 서울대학교 외교학과를 졸업했고, 2000년부터 2008년까지 대통령비서실 공보수석실 행정관, 연설비서관으로 재직했다. 2004년 홍조근정훈장을 수상했다. 쉰 살까지 기업 회장비서실과...",2026-09-26 18:04,https://www.lecturernews.com/news/articleView.html?idxno=211166,https://www.lecturernews.com/news/articleView.html?idxno=211166
연세대학교,오마이뉴스,223cm 넘어선 한국 여자농구... 32년 전 '기적'을 기억하십니까,조승연은 학교에 농구부가 없어 농구를 제대로 배우지 못하다가 고려대학교에 입학한 뒤 농구단에 들어갔다. 그런데 1965년 고연전에서 이 신출내기 농구 선수는 기적을 경험한다. 당시 연세대학교 농구팀에는 한국...,2026-09-26 18:01,https://www.ohmynews.com/NWS_Web/View/at_pg.aspx?CNTN_CD=A0003270425&CMPT_CD=P0010&utm_source=naver&utm_medium=newsearch&utm_campaign=naver_news,https://n.news.naver.com/mnews/article/047/0002530324?sid=103
고려대학교,오마이뉴스,223cm 넘어선 한국 여자농구... 32년 전 '기적'을 기억하십니까,조승연은 학교에 농구부가 없어 농구를 제대로 배우지 못하다가 고려대학교에 입학한 뒤 농구단에 들어갔다. 그런데 1965년 고연전에서 이 신출내기 농구 선수는 기적을 경험한다. 당시 연세대학교 농구팀에는 한국...,2026-09-26 18:01,https://www.ohmynews.com/NWS_Web/View/at_pg.aspx?CNTN_CD=A0003270425&CMPT_CD=P0010&utm_source=naver&utm_medium=newsearch&utm_campaign=naver_news,https://n.news.naver.com/mnews/article/047/0002530324?sid=103
고려대학교,스포츠서울,女피겨 이해인 4년만 트리플악셀 가동…네펠라 메모리얼 쇼트 2위,"한국 피겨 여자 싱글의 이해인(고려대)이 국제빙상경기연맹(ISU) 챌린저 시리즈인 제31회 네펠라 메모리얼... 한편, 남자 싱글 쇼트프로그램에 출전한 차영현(고려대·62.35점)도 점프 실수가 지속하면서 15위에...",2026-09-26 17:39,https://www.sportsseoul.com/news/read/1637616?ref=naver,https://m.sports.naver.com/general/article/468/0001268804
고려대학교,MEDIAPEN,영탁 “지난 6년은 성장기”…정규 3집 ‘고고’ 작업기 공개,"한편, 영탁은 오는 10월 3~5일 서울 고려대학교 화정체육관에서 단독 콘서트 ‘탁 쇼5(TAK SHOW5)’를 개최한다. 이후 전주, 대구, 인천, 부산에서 전국투어를 이어간다.",2026-09-26 17:32,https://www.mediapen.com/news/view/1126129,https://www.mediapen.com/news/view/1126129
서울대학교,VEGANNEWS,"코웨이·서울대, 음식물 분해 균주 기술 이전",2023년부터 발굴 연구…미생물형 처리기에 적용 코웨이와 서울대학교가 음식물쓰레기 분해에 활용할 혼합... 코웨이와 서울대는 2023년부터 음식물처리기에 적합한 미생물 균종을 찾는 산학협력 연구를 진행해왔다....,2026-09-26 17:18,https://www.vegannews.co.kr/news/article.html?no=388098,https://www.vegannews.co.kr/news/article.html?no=388098
고려대학교,위키트리,"추석에 1∼2㎏ 살쪘다고 굶지 않아도 되는 이유, 알고 보니…","이와 관련해 권영근 고려대 안암병원 비만대사센터 교수는 연합뉴스에 ""추석에는 평소보다 다양한 음식을... 권영근 고려대 안암병원 비만대사센터 교수는 연합뉴스에 ""추석에는 평소보다 다양한 음식을 접해 식사량이...",2026-09-26 17:10,https://www.wikitree.co.kr/articles/1162146,https://www.wikitree.co.kr/articles/1162146
고려대학교,프라임경제,[스타트업 법률 가이드] 개정 개인정보 보호법 시행과 기업의 대응 과제,기한 내에 통지하지 않으면 과징금 산정 과정에서 가중될 수 있다는 점도 함께 고려해야 한다. 72시간은... 강송욱 법무법인 디엘지 변호사 고려대학교 법학과 졸업 / 중앙대학교 법학전문대학원 졸업,2026-09-26 17:08,http://www.newsprime.co.kr/news/article.html?no=748979,http://www.newsprime.co.kr/news/article.html?no=748979
서울대학교,매일경제,"“이부진 아들도 3년간 단절”…초중고생 1만명 참가, ‘폰프리 100일의...","많은 서울대 합격생을 배출했다. 화성고는 20년 전부터 학교 안에서는 물론 취침 시간에도 학생들의 휴대전화를 보관하는 이른바 ‘폰프리’ 정책을 운영해왔다. 화성고는 올해 서울대 합격자 44명을 배출했고, 이...",2026-09-26 17:05,https://www.mk.co.kr/article/12161661,https://n.news.naver.com/mnews/article/009/0005740120?sid=102
서울대학교,DENTALNEWS,제6회 MINEC학술상 대상은 이원진 교수,"이날 이사회에서는 MINEC학술상 대상 이원진 교수(서울대치의학대학원), 금상 박원서 교수(연세치대)를 최종 수상자로 선정했다. MINEC학술상은 디지털 논문 여부에 대한 사전심사와 논문별 JCR 및 IF 점수 등을 바탕으로...",2026-09-26 16:42,https://www.dentalnews.or.kr/news/article.html?no=48278,https://www.dentalnews.or.kr/news/article.html?no=48278
서울대학교,kbc광주방송,"최교진 장관 ""'호남 반도체' 전남대, 실리콘밸리 '스탠퍼드'처럼...李 정...","◐유재광 앵커: 장관님 페이스북 보니까 '대한민국의 지역성장을 견인할 국가대표 거점 국립대학, 서울대... 그게 현행이 그걸 막는 규제가 있으면 그거 많이 해결을 해야 되겠죠 ◐유재광 앵커: 이게 이름이 서울대 10개...",2026-09-26 16:42,https://www.ikbc.co.kr/article/view/kbc202609260024,https://n.news.naver.com/mnews/article/660/0000117928?sid=100
서울대학교,SAFETIMES,이사장 3명 거쳐도 7년 휴진 … 보훈공단 뭐했나,양봉민 전 이사장은 서울대 보건대학원 교수와 대학원장을 지낸 전문가다. 감신 전 이사장은 경북대 의대 예방의학교실 교수와 경북대병원 기획조정실장 등을 지낸 의료전문가다. 윤종진 전 이사장은 행정고시...,2026-09-26 16:40,https://www.safetimes.co.kr/news/articleView.html?idxno=246014,https://www.safetimes.co.kr/news/articleView.html?idxno=246014
연세대학교,스포티비뉴스,"""母 사람 못 알아보신다"" 눈물 흘렸던 최수종 모친상…파란만장 가족사...","빈소가 서울 연세대학교 신촌세브란스 장례식장 특1호실에 마련된 가운데, 최수종 하희라 부부를 비롯해 최수종 누나의 남편인 가수이자 목회자인 조하문, 그 아들인 배우 조태관 등 가족들이 상주로 이름을 올렸다....",2026-09-26 16:34,https://www.spotvnews.co.kr/news/articleView.html?idxno=1009713,https://m.entertain.naver.com/article/477/0000630074
서울대학교,문화일보,강훈식 사의 표명에 與 서울시장 보궐 후보군 요동? “민심 악화” 딜레...,사진엔 찍히지 않았지만 부동산 전문가인 김경민 서울대 환경대학원 교수와 김진애 전 의원(국가건축정책위원장)의 이름도 있었던 것으로 전해졌다. 민주당 내에선 지난 6·3 지방선거 서울시장 후보 경선에 나섰던 박주민...,2026-09-26 16:14,https://www.munhwa.com/article/11619537?ref=naver,https://n.news.naver.com/mnews/article/021/0002821258?sid=100
고려대학교,경향신문,독감 유행 시기 왜 빨라졌을까···코로나19가 흔든 독감 유행 공식,정재훈 고려대 의대 예방의학교실 교수는 “실제로 학계에서도 전 세계적으로 백신 스케줄링을 다시... WHO는 남·북반구의 독감 유행 시기가 약 반년 차이가 나는 점을 고려해 매년 2월과 9월 두 차례 다음 시즌 백신에...,2026-09-26 16:12,https://www.khan.co.kr/article/202609261612001,https://n.news.naver.com/mnews/article/032/0003472530?sid=102
서울대학교,컨슈머타임스,"건보공단, 김지영 신임 건강보험연구원장 임명",김지영 신임 원장은 예방의학과 전문의 출신으로 서울대학교에서 보건학 석사와 의학 박사 학위를 취득했다. 이후 20여 년간 보건의료 현장과 연구 기관을 두루 거치며 정책과 임상을 아우르는 폭넓은 전문성을 축적해...,2026-09-26 16:10,https://www.cstimes.com/news/articleView.html?idxno=721982,https://www.cstimes.com/news/articleView.html?idxno=721982
서울대학교,NC,죽음에서 구원으로… 정다슬이 읊는 낭만주의 피아노 문헌,"정다슬은 서울대학교 음악대학 재학 중 도독하여 하노버 음악연극미디어대학(HMTMH)... 현재 경희대학교, 예원학교, 서울예술고등학교 출강 및 프랑스 뮤지칼타(Musicalta) 음악캠프 교수진...",2026-09-26 16:08,https://www.nc.press/news/articleView.html?idxno=627239,https://www.nc.press/news/articleView.html?idxno=627239
서울대학교,TV리포트,"'주진모♥' 민혜연, 168cm·48kg 몸매로 12세 아동복 착용…""길이가 좀 짧...",서울대 의대 출신인 민혜연은 2019년 11세 연상의 배우 주진모와 백년가약을 맺었다. 두 사람은 평소 함께 골프 라운딩을 즐기는 다정한 일상을 자주 공유해 연예계 대표 잉꼬부부로 불린다. 과거 방송에서 2세 계획에...,2026-09-26 16:08,https://www.tvreport.co.kr/entertainment/article/1078431/,https://m.entertain.naver.com/article/213/0001402503
연세대학교,MHNSE,"""母는 내 삶의 버팀목""…최수종, 모친상 비보 속 과거 발언 '먹먹'","한편, 최수종은 아내인 배우 하희라를 비롯한 가족과 함께 상주에 이름을 올렸으며, 빈소는 서울 연세대학교 신촌세브란스병원 장례식장 특1호실에 마련됐다. 발인은 오는 29일 오전 8시에 엄수된다. 장지는 용인...",2026-09-26 16:03,https://mhnse.com/news/articleView.html?idxno=1560292,https://m.entertain.naver.com/article/445/0000468555
고려대학교,뉴시스,"다시 트리플 악셀 시도…피겨 이해인, 네펠라 메모리얼 쇼트 2위",한국 피겨스케이팅 여자 싱글의 이해인(고려대)이 국제빙상경기연맹(ISU) 챌린저 시리즈 네펠라 메모리얼... 82점으로 10위에 올랐다. 남자 싱글 쇼트프로그램에 나선 차영현(고려대)은 62.35점으로 15위에 머물렀다.,2026-09-26 16:01,https://www.newsis.com/view/NISX20260926_0003803813,https://m.sports.naver.com/general/article/003/0014214404
고려대학교,광주일보,"나라 잃은 마음 달랜 판소리, 해설로 만난다",강의와 해설은 이태화 고려대학교 한국학연구소 연구교수가 맡는다. 이 교수는 판소리의 역사와 소리꾼들의 이야기를 관객들이 이해하기 쉽게 설명할 예정이다. 무대에는 남원시립국악단 임현빈 악장과 김윤선 상임단원이...,2026-09-26 15:48,http://www.kwangju.co.kr/article.php?aid=1790398579803668007,http://www.kwangju.co.kr/article.php?aid=1790398579803668007
서울대학교,RCAST,"iM금융 황병우 회장, 추석 전통시장 장보기 동참 外","시연과 서울대 로보틱스 연구소 박종우 교수의 강연 등을 통해 피지컬 AI 기술에 대한 참석자들의 이해도를 높일 수 있었다. 박상진 한국산업은행 회장은 ""피지컬 AI를 통해 제조업의 패러다임이 공정 전체의 지능화로...",2026-09-26 15:44,https://www.rcast.co.kr/news/articleView.html?idxno=31717,https://www.rcast.co.kr/news/articleView.html?idxno=31717
고려대학교,뉴스핌,"피겨 이해인, 네펠라 메모리얼 쇼트 2위…4년 만의 트리플 악셀 연기",한국 피겨스케이팅 여자 싱글 이해인(고려대)이 국제빙상경기연맹(ISU) 챌린저 시리즈 네펠라 메모리얼... 82점으로 10위에 올랐다. 남자 싱글 쇼트프로그램에 나선 차영현(고려대)은 62.35점으로 15위에 자리했다.,2026-09-26 15:44,https://www.newspim.com/news/view/20260926000098,https://www.newspim.com/news/view/20260926000098
서울대학교,NTODAY,[완벽한 날들⑪｜박송아의 여정] 남의 몫까지 살아내던 삶...암이 가르쳐...,"서울대학교 심리학 연구진이 정리한 '한국어 감정단어'를 토대로, 인터뷰이가 자신의 경험을 가장 잘 나타낸다고 직접 선택한 감정단어를 따라 이들이 암을 마주하고 치료를 견디며 겪은 내면의 변화를 살펴본다. 이와...",2026-09-26 15:40,https://www.ntoday.co.kr/news/articleView.html?idxno=129347,https://www.ntoday.co.kr/news/articleView.html?idxno=129347
연세대학교,파이낸셜뉴스,[부고] 배우 최수종씨 모친상 외,"▲이숙경씨 별세·최수종씨(배우)모친상·하희라씨(배우)시모상·조하문씨(가수, 사랑의빛공동체교회 담임목사)빙모상·조태관씨(배우)외조모상 = 25일, 연세대학교 신촌세브란스 장례식장(26일 오후 1시부터...",2026-09-26 15:30,https://www.fnnews.com/news/202609261528206633,https://n.news.naver.com/mnews/article/014/0005580974?sid=102
고려대학교,톱스타뉴스,"0.91점 차 추격전…피겨 이해인, 네펠라 쇼트 2위 출발","고려대 소속인 차영현은 점프에서 난조를 보이면서 기술 구성 상 계획했던 점수를 채우지 못했고, 총점 62.35점에 그쳐 15위에 머물렀다. 점프 실수 탓에 상위권과 격차가 벌어진 만큼, 프리스케이팅에서의 만회 여부가...",2026-09-26 15:08,https://www.topstarnews.net/news/articleView.html?idxno=16215783,https://www.topstarnews.net/news/articleView.html?idxno=16215783
고려대학교,전남일보,"""이현중 형처럼 되고 싶어요""…첫 금메달 일군 '대학생 3대3'의 꿈","주인공은 아직 프로 무대를 밟지 않은 대학생 선수들이다. 이동근(고려대), 김승우·이주영(연세대), 구민교... 체력·수비 능력 종합적으로 고려해 선수 선발 이번 금메달은 선수 선발부터 남다른 선택에서 시작됐다....",2026-09-26 15:04,https://www.jnilbo.com/news/articleView.html?idxno=90000068763,https://www.jnilbo.com/news/articleView.html?idxno=90000068763
연세대학교,전남일보,"""이현중 형처럼 되고 싶어요""…첫 금메달 일군 '대학생 3대3'의 꿈","주인공은 아직 프로 무대를 밟지 않은 대학생 선수들이다. 이동근(고려대), 김승우·이주영(연세대), 구민교(성균관대)는 25일 일본 나고야 긴조후토역 광장 특설 코트에서 열린 2026 아이치·나고야 아시안게임 남자 3대3...",2026-09-26 15:04,https://www.jnilbo.com/news/articleView.html?idxno=90000068763,https://www.jnilbo.com/news/articleView.html?idxno=90000068763
고려대학교,연합뉴스,"트리플 악셀 꺼낸 피겨 이해인, 네펠라 메모리얼 쇼트 2위","김유성 4위·윤서진 10위…남자 싱글 차영현은 15위 한국 피겨 여자 싱글 이해인(고려대)이... 한편, 남자 싱글 쇼트프로그램에 출전한 차영현(고려대·62.35점)도 점프 난조 속에 15위에 그쳤다.",2026-09-26 14:59,https://www.yna.co.kr/view/AKR20260926033100007?input=1195m,https://m.sports.naver.com/general/article/001/0016337103
서울대학교,OSEN,"'주진모♥' 민혜연, 48kg 몸무게 덕분에 아동복 입는다..""치마 좀 짧아""...","서울대학교 의과대학을 졸업한 민혜연은 MBC ‘기분 좋은 날’ 등 아침 교양 방송에 자주 출연하며 뛰어난 미모로 ‘의사계 김태희’라는 수식어를 얻어 화제를 모았다. 지난 2019년 주진모와 결혼했으며, 여러 방송...",2026-09-26 14:54,http://www.osen.co.kr/article/G1112882229,https://m.entertain.naver.com/article/109/0005613044
서울대학교,TTLNEWS,"제론셀베인, 70억 원 규모 치주질환 하이드로겔 국책과제 주관기관 선정","이번 연구에는 국내 치의학 임상 분야의 최고 권위 기관인 서울대학교치과병원이 공동 연구 기관으로 참여해... 서울대학교치과병원은 실제 구강 임상 환경을 가정한 유효성 평가와 세포 독성, 조직 재생 메커니즘을...",2026-09-26 14:50,http://www.ttlnews.com/news/articleView.html?idxno=3147040,http://www.ttlnews.com/news/articleView.html?idxno=3147040
연세대학교,스포츠동아,한국 역대 800번째 하계 AG 금메달 주인공은 3X3 남자농구…“추석 연휴...,"3X3 남자농구 국가대표 이동근(23·고려대), 구민교(21·성균관대), 이주영(22), 김승우(21·이상 연세대)이 한국 선수단의 역대 800번째 하계 아시안게임 금메달을 수확했다. 배길태 감독(51)이 이끄는 대표팀은 25일 일본...",2026-09-26 14:47,https://sports.donga.com/sports/article/all/20260926/134734263/1,https://m.sports.naver.com/basketball/article/382/0001295776
고려대학교,스포츠동아,한국 역대 800번째 하계 AG 금메달 주인공은 3X3 남자농구…“추석 연휴...,"3X3 남자농구 국가대표 이동근(23·고려대), 구민교(21·성균관대), 이주영(22), 김승우(21·이상 연세대)이 한국 선수단의 역대 800번째 하계 아시안게임 금메달을 수확했다. 배길태 감독(51)이 이끄는 대표팀은 25일 일본...",2026-09-26 14:47,https://sports.donga.com/sports/article/all/20260926/134734263/1,https://m.sports.naver.com/basketball/article/382/0001295776
연세대학교,SLIST,"AG 3대3 농구 첫 金 주역들 ""이현중 형 본받고 싶어요""","3대3 농구에서 처음으로 아시아 정상에 선 대학생 기대주들은 미국프로농구(NBA)에 도전하는 5대5 대표팀의... 김승우(연세대)는 ""이현중 선수가 국가대표팀에서 뛰는 것을 보고 자세가 남다르다고 느껴서 배워야겠다고...",2026-09-26 14:36,https://www.slist.kr/news/articleView.html?idxno=768870,https://www.slist.kr/news/articleView.html?idxno=768870
고려대학교,SLIST,"AG 3대3 농구 첫 金 주역들 ""이현중 형 본받고 싶어요""",3대3 농구에서 처음으로 아시아 정상에 선 대학생 기대주들은 미국프로농구(NBA)에 도전하는 5대5 대표팀의 '에이스' 이현중을 공통된 우상으로 꼽았다. 남자 3대3 농구 대표팀 주장 이동근(고려대)은 26일 일본 나고야에...,2026-09-26 14:36,https://www.slist.kr/news/articleView.html?idxno=768870,https://www.slist.kr/news/articleView.html?idxno=768870
서울대학교,위키트리,서울대 의대 교수가 말하는 '주변인 중 사이코패스 10초만에 파악하는 ...,법의학자인 유성호 서울대 의과대학 법의학교실 교수(국립과학수사연구원 촉탁 법의관)가 자신의 유튜브 채널 '유성호의 데맨톡'에 올린 '우리 주변에 은밀히 숨어있는 독성 인간' 영상에서 더글러스 전 대법관의 사례로...,2026-09-26 14:36,https://www.wikitree.co.kr/articles/1161409,https://www.wikitree.co.kr/articles/1161409
연세대학교,BRAINMEDIA,뇌 면역 균형 회복을 통한 알츠하이머병 치료 새로운 길 제시,"성균관대학교(총장 유지범)는 글로벌바이오메디컬공학과 서민아 교수 연구팀은 바이오 기업 아임뉴런 및 연세대 의대 권호근 교수 연구팀과 손잡고, 알츠하이머병 동물 모델에서 뇌 속 면역 단백질을 조절해 손상된...",2026-09-26 14:30,http://www.brainmedia.co.kr/BrainScience/25642,http://www.brainmedia.co.kr/BrainScience/25642
연세대학교,BRAINMEDIA,MRI·뇌파 결합해 뇌 신경 활동 위치 추정하는 AI 개발,연세대학교(총장 윤동섭) 이과대학 수학계산학부(계산과학공학) 윤경호 교수팀은 개인의 뇌 구조를 보여주는 MRI와 뇌파(이하 EEG)를 결합해 뇌 신경활동이 발생한 위치를 실시간으로 추정하는 AI(인공지능)...,2026-09-26 14:30,http://www.brainmedia.co.kr/BrainScience/25640,http://www.brainmedia.co.kr/BrainScience/25640
서울대학교,BRAINMEDIA,"[어수경의 미술치료 이야기 28편] 중독의 반대말, '연결'","한국융합예술심리상담학회 상임이사, 학술위원을 맡고 있고, 서울대, 경희대, 차의과학대 출강 중이며, 저서로 『멈추는 연습』이 있다. 브레인 118호 https://www.brainmedia.co.kr",2026-09-26 14:30,http://www.brainmedia.co.kr/Insight/25645,http://www.brainmedia.co.kr/Insight/25645
서울대학교,BRAINMEDIA,[기획 특집] 뇌를 아는 것에서 활용하는 것으로…'브레인 리부트' 저자...,(글로벌사이버대학교 뇌교육학과 교수)은 AI를 ‘인류가 처음 마주한 거대하고 정교한 거울’에 비유했다.... 강 원장은 과거 서울대학교 교수로 재직하며 뇌파진동 명상과 만성통증을 연구한 경험을 바탕으로 명상...,2026-09-26 14:30,http://www.brainmedia.co.kr/BrainTraining/25644,http://www.brainmedia.co.kr/BrainTraining/25644
연세대학교,NEWSQ,[부고] 최수종(배우)씨 모친상,"▲ 이숙경(향년 89세)씨 별세, 최수종(배우)씨 모친상, 하희라(배우)씨 시모상, 조하문(가수, 사랑의빛공동체교회 담임목사)씨 장모상, 조태관(배우)씨 외조모상 = 25일, 연세대학교 신촌세브란스 장례식장 특1호실...",2026-09-26 14:24,https://www.newsq.co.kr/news/articleView.html?idxno=500257,https://www.newsq.co.kr/news/articleView.html?idxno=500257
연세대학교,GLOBALE,[부고] 최수종(배우) 씨 모친상,"이숙경(향년 89세)씨 별세, 최수종(배우)씨 모친상, 하희라(배우)씨 시모상, 조하문(가수, 사랑의빛공동체교회 담임목사)씨 장모상, 조태관(배우)씨 외조모상 = 25일, 연세대학교 신촌세브란스 장례식장 특1호실...",2026-09-26 14:22,https://www.globale.co.kr/news/articleView.html?idxno=40627,https://www.globale.co.kr/news/articleView.html?idxno=40627
고려대학교,아이뉴스24,"SOOP, 연세대-고려대 e스포츠 대항전 '2026 사이버 정기전' 28일 진행",사이버 정기전은 연세대학교와 고려대학교 학생들이 e스포츠를 통해 교류하는 대학 친선 대회다. 올해는 연세대학교 e스포츠 동아리 '연겜'과 고려대학교 게임 동아리 '디럭스(DELUXE)'가 주최하고 GGA가 주관하며 SOOP이...,2026-09-26 14:17,http://www.inews24.com/view/2009123,https://m.sports.naver.com/esports/article/031/0001061261
연세대학교,아이뉴스24,"SOOP, 연세대-고려대 e스포츠 대항전 '2026 사이버 정기전' 28일 진행",사이버 정기전은 연세대학교와 고려대학교 학생들이 e스포츠를 통해 교류하는 대학 친선 대회다. 올해는 연세대학교 e스포츠 동아리 '연겜'과 고려대학교 게임 동아리 '디럭스(DELUXE)'가 주최하고 GGA가 주관하며 SOOP이...,2026-09-26 14:17,http://www.inews24.com/view/2009123,https://m.sports.naver.com/esports/article/031/0001061261
연세대학교,한국일보,대학생 넷이 함께 오른 정상…3대3 농구의 ‘금빛 순간들’ [사진잇슈],"이주영·김승우(이상 연세대), 이동근(고려대), 구민교(성균관대) 등 네 명 모두 대학생이었다. 한국은 참가국 16개 팀 가운데 12번 시드로 대회를 시작했다. 조별리그에서 태국과 일본, 싱가포르를 차례로 꺾은 뒤...",2026-09-26 14:08,https://www.hankookilbo.com/news/article/A2026092610210003854?did=NA,https://n.news.naver.com/mnews/article/469/0000956046?sid=104
고려대학교,한국일보,대학생 넷이 함께 오른 정상…3대3 농구의 ‘금빛 순간들’ [사진잇슈],"이주영·김승우(이상 연세대), 이동근(고려대), 구민교(성균관대) 등 네 명 모두 대학생이었다. 한국은 참가국 16개 팀 가운데 12번 시드로 대회를 시작했다. 조별리그에서 태국과 일본, 싱가포르를 차례로 꺾은 뒤...",2026-09-26 14:08,https://www.hankookilbo.com/news/article/A2026092610210003854?did=NA,https://n.news.naver.com/mnews/article/469/0000956046?sid=104
고려대학교,아시아투데이,"지난해엔 사법개혁, 이번엔 대법관…사법부·국회 다시 '정면충돌'","대법관 공백 장기화로 주요 사건의 심리와 전원합의체 운영에도 부담이 커질 수 있다는 우려가 나오는 이유다.김선택 고려대 법학전문대학원 명예교수는 ""이대로 대법관 공백이 유지된다면 대법관 한 명이 매년 담당하는...",2026-09-26 14:02,https://www.asiatoday.co.kr/kn/view.php?key=20260926010009116,https://www.asiatoday.co.kr/kn/view.php?key=20260926010009116
고려대학교,이데일리,불법촬영물은 잡고 합의한 성인물은?…‘포르노 규제’ 논란,경희대학교 학생회관 총학생회 게시판에 딥페이크 성착취물 문제에 대한 학생들의 학우들의 관심을... 박경신 고려대 법학전문대학원 교수는 “표현의 자유는 피해를 발생시킬 명백하고 현존한 위험이 있는 경우에만...,2026-09-26 14:02,https://www.edaily.co.kr/News/Read?newsId=02046726645584056&mediaCodeNo=257&utm_source=naver&utm_medium=referral&utm_campaign=news_syndication&utm_content=original_article,https://n.news.naver.com/mnews/article/018/0006375687?sid=102
서울대학교,한국일보,강남 잠겼을 때가 최악 아니었다고? '환경위기시계' 언제 가장 나빴나,"특히 2024년 여름은 폭염과 서울 강남 일대 침수를 일으킨 재난급 호우가 동시에 있었다. 재난은... 윤순진 서울대 환경대학원장은 ""환경 문제에 대한 우리 사회의 높아진 위기의식이 일시적 경고에 그치지 않고...",2026-09-26 14:00,https://www.hankookilbo.com/news/article/A2026092215470005601?did=NA,https://n.news.naver.com/mnews/article/469/0000956044?sid=103
서울대학교,중앙이코노미뉴스,"한국, 사상 첫 'ICJ 재판관' 배출 도전…11월 백진현 전 ITLOS 소장 당선...",|중앙이코노미뉴스 김영철 기자|ICJ 재판관 선거에 입후보한 백진현 서울대 명예교수. [사진=연합]  한국이... 소장(서울대 명예교수)이 나섰다. 백 전 소장은 풍부한 국제 사법 경험과 높은 지명도가 최대 강점으로...,2026-09-26 13:54,https://www.joongangenews.com/news/articleView.html?idxno=550622,https://www.joongangenews.com/news/articleView.html?idxno=550622
연세대학교,JTBC,"최수종, 추석 당일 모친상…하희라 시모상","빈소는 서울 연세대학교 신촌세브란스 장례식장 특1호실에 마련됐으며, 발인은 오는 29일 오전 8시 엄수된다. 장지는 용인평온의숲을 거쳐 용인로뎀파크로 향할 예정이다.",2026-09-26 13:46,https://news.jtbc.co.kr/article/NB12320080?influxDiv=NAVER,https://m.entertain.naver.com/article/437/0000512818
서울대학교,JEJUMAEIL,"제주대 S-10 탈락…제주 ""평가 기준 밝혀라""","제주대학교가 정부의 '서울대 10개 만들기(S-10)' 국가거점국립대 패키지 지원사업에서 제외되면서 제주도와 제주도의회, 제주대가 공동 대응에 나섰다. 제주대의 미선정을 계기로 제주의 산업·연구 기반과 인구구조 등...",2026-09-26 13:44,https://www.jejumaeil.net/news/articleView.html?idxno=405008,https://www.jejumaeil.net/news/articleView.html?idxno=405008
연세대학교,텐아시아,"'70억 대박난 CEO' 김소영, 늦둥이 앞에선 엄마 미소…그림 같은 가족 근...","오상진과 김소영은 연세대학교 동문으로 오상진은 경영학, 김소영은 사회학을 졸업했다. 김소영은 현재 다양한 브랜드를 운영하는 사업가로 바쁜 나날을 보내고 있으며 특히 최근 유명 투자회사로부터 70억 투자까지 받게...",2026-09-26 13:41,https://www.tenasia.co.kr/article/2026092664654,https://m.entertain.naver.com/article/312/0000777602
고려대학교,세계일보,프로도 아닌 대학생 4명…한국 3대3 농구에 첫 금을 안겼다 [아시안게임...,"이주영(연세대), 김승우(연세대), 이동근(고려대), 구민교(성균관대) 등 대학생 4명으로 팀을 꾸렸다. 배... 배 감독은 “10분 안에 40분 뛰는 것과 같은 에너지를 쏟아내야 한다”며 “선수들의 기량을 고려한 것은 물론...",2026-09-26 13:38,http://www.segye.com/newsView/20260926504786?OutUrl=naver,https://m.sports.naver.com/basketball/article/022/0004161914
연세대학교,세계일보,프로도 아닌 대학생 4명…한국 3대3 농구에 첫 금을 안겼다 [아시안게임...,"이주영(연세대), 김승우(연세대), 이동근(고려대), 구민교(성균관대) 등 대학생 4명으로 팀을 꾸렸다. 배 감독은 프로 선수 대신 이 조합을 선택했다. 결승에서 한국은 평균 신장 2ｍ에 달하는 카타르와 맞섰다. 한국은...",2026-09-26 13:38,http://www.segye.com/newsView/20260926504786?OutUrl=naver,https://m.sports.naver.com/basketball/article/022/0004161914
연세대학교,머니투데이,"최수종, 추석 당일(25일) 모친상…하희라 시모상·조태관 외조모상","빈소는 서울 연세대학교 신촌세브란스병원 장례식장 특1호실에 마련됐다. 조문은 이날 오후 1시부터 받고 있다. 최수종·하희라 부부를 비롯한 유족은 슬픔 속에서 빈소를 지키고 있다. 발인은 오는 29일 오전 8시, 장지는...",2026-09-26 13:22,https://www.mt.co.kr/society/2026/09/26/2026092613173918862,https://n.news.naver.com/mnews/article/008/0005418488?sid=102
연세대학교,일간스포츠,추석에 어머니 떠나보낸 최수종…과거 방송서 쏟은 눈물 재조명,"거란 전쟁'을 통해 연기대상을 수상한 바 있다. 한편 고인의 빈소는 서울 연세대학교 신촌세브란스 장례식장 특1호실에 마련됐으며, 발인은 오는 29일 오전 8시에 엄수된다. 장지는 용인평온의숲·용인로뎀파크다.",2026-09-26 13:22,https://isplus.com/article/view/isp202609260009,https://m.entertain.naver.com/article/241/0003532370
연세대학교,TV리포트,"최수종, 모친상 비보 속…먹먹한 가족사도 재소환 ""母는 내 삶의 가장 큰...",고인의 빈소는 서울 연세대학교 신촌세브란스병원 장례식장 특1호실에 마련됐으며 발인은 오는 29일 오전 8시에 엄수된다. 장지는 용인평온의숲과 용인로뎀파크다. 안타까운 비보가 전해지면서 평소 남다른 효심을...,2026-09-26 13:21,https://www.tvreport.co.kr/entertainment/article/1078379/,https://m.entertain.naver.com/article/213/0001402478
연세대학교,일간스포츠,"최수종, 추석 당일 모친상 슬픔…아내 하희라와 빈소 지켜","고인의 빈소는 서울 연세대학교 신촌세브란스 장례식장 특1호실에 마련됐으며, 조문은 26일 오후 1시부터 가능하다. 발인은 오는 29일 오전 8시 엄수되며, 장지는 용인평온의숲·용인로뎀파크다.",2026-09-26 13:09,https://isplus.com/article/view/isp202609260008,https://m.entertain.naver.com/article/241/0003532369
연세대학교,경인일보,대한민국 바이오 ‘혁신 거점’ 꿈꾸는 인천 송도바이오클러스터,"정부 지원 아래 지난해 11월 연세대 송도국제캠퍼스 안에 문을 연 ‘바이오공정인력양성센터(K-나이버트)... 오는 2028년 말 준공될 K-바이오 랩허브는 연세대학교 국제캠퍼스 부지에 지하 1층~지상 9층, 연면적 2만375...",2026-09-26 13:08,https://www.kyeongin.com/article/1771492,https://www.kyeongin.com/article/1771492
고려대학교,글로벌경제신문,"추석 앞두고 '체중 폭탄' 걱정...전문가 ""굶기보다 일상 복귀가 먼저""","고려대학교 안암병원 비만대사센터 권영근 교수는 ""추석에는 평소보다 다양한 음식을 접하고 식사량이 늘어날 수 있지만, 명절 음식을 무조건 피하거나 많이 먹었다는 죄책감 때문에 연휴 전후로 굶는 방식의 체중 조절을...",2026-09-26 13:08,https://www.getnews.co.kr/news/articleView.html?idxno=881828,https://www.getnews.co.kr/news/articleView.html?idxno=881828
서울대학교,국민일보,북극항로부터 AI까지…부산R&D주간 내달 1일 개막,"첫날 기조강연은 김태유 서울대 명예교수가 맡는다. ‘북극항로 시대, 부산의 미래’를 주제로 강연한다. 김성근 포항공대 총장은 초청강연에서 ‘AI 시대 국가와 지역의 기술혁신과 인재 확보’를 다룬다. 산업별 기술...",2026-09-26 13:02,https://www.kmib.co.kr/article/view.asp?arcid=9000017327&cp=nv,https://n.news.naver.com/mnews/article/005/0001875071?sid=102
서울대학교,INCHEONTODAY,[가을 특집] 가을의 음유시인 이동원과 '향수',당시 서울대학교 교수이자 테너인 박인수는 국립오페라단 단장에 내정됐으나 이동원과 '향수'를 발표하고 대중가요를 불렀다는 비난으로 국립오페라단장직을 포기하는 상황에 이르렀다. 지금의 시선으로 보면...,2026-09-26 13:00,https://www.incheontoday.com/news/articleView.html?idxno=324141,https://www.incheontoday.com/news/articleView.html?idxno=324141
연세대학교,조이뉴스24,"최수종, 추석 당일 모친상 비보⋯하희라 시모상·조하문 장모상","빈소는 연세대학교 신촌세브란스 장례식장 특 1호실이다. 발인은 29일 오전 8시이며, 장지는 용인로뎀파크로 정해졌다. 한편 최수종은 지난 24일과 25일 KBS '2026 K-가곡 슈퍼스타'로 시청자들을 만났다. 현재 '한국인의...",2026-09-26 12:58,http://www.joynews24.com/view/2009116,http://www.joynews24.com/view/2009116
연세대학교,스포츠서울,"“어머니 생각나” 최수종, 모친상 소식…오열 장면 ‘재조명’","내편’ ‘고려 거란 전쟁’ 등에 출연하며 대중에 이름을 알렸다. 최수종 모친의 빈소는 서울 연세대학교 신촌세브란스 장례식장 특 1호실에 마련됐다. 발인은 오는 29일 오전 8시에 엄수되며, 장지는 용인 로뎀파크다.",2026-09-26 12:51,https://www.sportsseoul.com/news/read/1637590?ref=naver,https://m.entertain.naver.com/article/468/0001268778
연세대학교,한스경제,"군산 출신 이정현, 나고야서 태극마크 달고 아시아 정상",군산고에서 보여준 경쟁력은 연세대로 이어졌다. 대학 무대에서도 성장세를 이어간 이정현은 2018년 대학 1학년으로 대학농구리그 챔피언결정전 MVP에 선정되며 자신의 이름을 다시 한번 각인시켰다. 그리고 대학을...,2026-09-26 12:42,http://www.hansbiz.co.kr/news/articleView.html?idxno=868103,http://www.hansbiz.co.kr/news/articleView.html?idxno=868103
고려대학교,스포츠조선,"""롤모델은 이현중!"" '사상 첫 금메달' 사고친 3X3 농구 대학생 대표들, ...",3대3 농구에서 처음으로 아시아 정상에 선 대학생 기대주들에게 영감을 준 선수는 5대5 대표팀의 '에이스' 이현중(포틀랜드)이었다. 남자 3대3 농구 대표팀의 주장 이동근(고려대)은 26일 일본 나고야에 마련된...,2026-09-26 12:34,https://www.sportschosun.com/sports-news/2026-09-26/202609260100172920011384,https://m.sports.naver.com/basketball/article/076/0004449771
연세대학교,스포츠조선,"""롤모델은 이현중!"" '사상 첫 금메달' 사고친 3X3 농구 대학생 대표들, ...","3대3 농구에서 처음으로 아시아 정상에 선 대학생 기대주들에게 영감을 준 선수는 5대5 대표팀의 '에이스... 김승우(연세대)는 ""이현중 선수가 국가대표팀에서 뛰는 것을 보고 자세가 남다르다고 느껴서 배워야겠다고...",2026-09-26 12:34,https://www.sportschosun.com/sports-news/2026-09-26/202609260100172920011384,https://m.sports.naver.com/basketball/article/076/0004449771
고려대학교,한겨레,3대3 남자농구 우승 주역들 “이현중 선수처럼 되고 싶다”,3대3 농구 대표팀 주장 이동근(고려대)은 26일 일본 나고야의 코리아하우스에서 열린 2026 아이치·나고야... 하지만 이번에 처음으로 프로 선수가 아닌 대학생으로 팀을 구성하면서 정상을 차지했다. 배길태 감독은...,2026-09-26 12:28,https://www.hani.co.kr/arti/sports/sportstemp/asiangame/1279509.html,https://n.news.naver.com/mnews/article/028/0002824699?sid=104
연세대학교,한겨레,3대3 남자농구 우승 주역들 “이현중 선수처럼 되고 싶다”,김승우(연세대)는 “이현중 선수가 국가대표팀에서 뛰는 것을 보고 자세가 남다르다고 느꼈다. 경기장... 하지만 이번에 처음으로 프로 선수가 아닌 대학생으로 팀을 구성하면서 정상을 차지했다. 배길태 감독은 “프로...,2026-09-26 12:28,https://www.hani.co.kr/arti/sports/sportstemp/asiangame/1279509.html,https://n.news.naver.com/mnews/article/028/0002824699?sid=104
연세대학교,스타뉴스,'이현중·이현중 또 이현중' 새 역사 쓴 3대3 남자농구 선수들 '롤모델 ...,2026 아이치·나고야(일본) 아시안게임에서 한국농구 사상 처음 3대3(3X3) 남자농구 금메달을 합작한 이들은 모두 20대 초반의 '대학생'들이다. 이주영(22)과 김승우(21·이상 연세대) 이동근(23·고려대) 구민교(21·성균관대)가...,2026-09-26 12:13,https://www.starnewskorea.com/sports/2026/09/26/2026092609254066102,https://m.sports.naver.com/basketball/article/108/0003473670
고려대학교,스타뉴스,'이현중·이현중 또 이현중' 새 역사 쓴 3대3 남자농구 선수들 '롤모델 ...,2026 아이치·나고야(일본) 아시안게임에서 한국농구 사상 처음 3대3(3X3) 남자농구 금메달을 합작한 이들은 모두 20대 초반의 '대학생'들이다. 이주영(22)과 김승우(21·이상 연세대) 이동근(23·고려대) 구민교(21·성균관대)가...,2026-09-26 12:13,https://www.starnewskorea.com/sports/2026/09/26/2026092609254066102,https://m.sports.naver.com/basketball/article/108/0003473670
연세대학교,뉴시스,"최수종, 추석 당일 모친상 비보…하희라 시모상","빈소는 서울 연세대학교 신촌세브란스병원 장례식장 특1호실에 마련됐다. 조문은 이날 오후 1시부터 가능하다. 최수종·하희라 부부를 비롯한 유족은 슬픔 속에서 빈소를 지키고 있다. 발인은 오는 29일 오전 8시, 장지는...",2026-09-26 12:10,https://www.newsis.com/view/NISX20260926_0003803743,https://m.entertain.naver.com/article/003/0014214220
연세대학교,미디어파인,"최수종 모친상, 지난해 요양 병원 모셨다더니","고인의 빈소는 서울 연세대학교 신촌세브란스 장례식장 특1호실에 마련됐으며, 발인은 오는 29일 오전 8시 엄수된다. 장지는 용인 로뎀파크다. 최수종과 아내 하희라를 비롯한 유가족들은 상주로 이름을 올리고 슬픔...",2026-09-26 12:10,https://www.mediafine.co.kr/news/articleView.html?idxno=90900,https://www.mediafine.co.kr/news/articleView.html?idxno=90900
고려대학교,스포츠서울,‘행사비 1억?’ 받은건 몰라도 낸 건 안다…임영웅의 또 다른 1억원,"지난 6월 생일을 맞아 소속사와 함께 고려대의료원에 전달한 2억원 가운데 임영웅이 부담한 금액이다.... 한편, 지난 6월 16일 임영웅은 생일을 맞아 소속사 물고기뮤직과 함께 고려대학교의료원에 총 2억원을 기부했다....",2026-09-26 12:05,https://www.sportsseoul.com/news/read/1637581?ref=naver,https://m.entertain.naver.com/article/468/0001268770
연세대학교,BNTNEWS,"최수종, 추석 당일 모친상 비보",고인의 빈소는 서울 연세대학교 신촌세브란스 장례식장 특1호실에 마련됐다. 최수종과 하희라를 비롯한 유족들이 상주로 이름을 올리고 고인의 마지막 길을 함께하고 있다. 조문은 26일 오후 1시부터 가능하며...,2026-09-26 12:04,https://www.bntnews.co.kr/article/view/bnt202609260092,https://www.bntnews.co.kr/article/view/bnt202609260092
서울대학교,PPSS,"[이동구 기획특집] 황우석 사태 20년, 무너진 과학 신화와 봉인된 방송...",당시 서울의 인터넷 독립언론 e조은뉴스를 통해 황우석 사태를 함께 취재했던 이동구 기자의 시각에서 20년 전의 논란과 그 이후의 기록을 되짚어본다. 국민적 영웅에서 논문 조작의 중심으로 2005년 황우석 서울대 교수...,2026-09-26 12:04,https://www.ppss.kr/news/articleView.html?idxno=312500,https://www.ppss.kr/news/articleView.html?idxno=312500
연세대학교,한국일보,"3대3 농구 사상 첫 금메달 주역들 ""이현중 형 닮고 싶어요""","김승우(연세대)는 ""이현중 선수가 국가대표팀에서 뛰는 것을 보고 자세가 남다르다고 느껴서 배워야겠다고... 한국은 이번에 처음으로 프로 선수가 아닌 대학생 4명으로 팀을 꾸려 일을 냈다. 배 감독은 “3x3은 짧은...",2026-09-26 12:03,https://www.hankookilbo.com/news/article/A2026092611570004127?did=NA,https://n.news.naver.com/mnews/article/469/0000956033?sid=104
고려대학교,한국일보,"3대3 농구 사상 첫 금메달 주역들 ""이현중 형 닮고 싶어요""",남자 3x3 농구 대표팀 주장 이동근(고려대)은 26일 일본 나고야에 마련된 코리아하우스에서 열린 2026 아이치... 한국은 이번에 처음으로 프로 선수가 아닌 대학생 4명으로 팀을 꾸려 일을 냈다. 배 감독은 “3x3은 짧은...,2026-09-26 12:03,https://www.hankookilbo.com/news/article/A2026092611570004127?did=NA,https://n.news.naver.com/mnews/article/469/0000956033?sid=104
서울대학교,NEWSJEJU,[기자수첩] '서울대 10개' 첫발부터 3대 6…남은 대학 키울 설계 있나,"정부가 '서울대 10개 만들기' 첫 패키지 지원대학 3곳을 선정해 집중지원에 들어갔지만, 제주대를 비롯한... 거점국립대학교수회연합회는 지난 17일 '5극3특 국가균형발전의 원칙으로 돌아가라'는 공동성명을 내고 제주대를...",2026-09-26 11:58,https://www.newsjeju.net/news/articleView.html?idxno=426305,https://www.newsjeju.net/news/articleView.html?idxno=426305
연세대학교,뉴시스,"'韓 800번째 금메달' 3대3 남자 농구 ""롤모델 이현중""[나고야AG]","구민교(성균관대), 김승우, 이주영(이상 연세대), 이동근(고려대)으로 구성된 3대3 남자 농구 대표팀은 26일... 이어 ""3대3은 대학 선수들이다. 프로에서 선발할 수 있었지만 좋은 조합이라고 생각해 뽑게 됐다""며 ""한국...",2026-09-26 11:52,https://www.newsis.com/view/NISX20260926_0003803698,https://n.news.naver.com/mnews/article/003/0014214209?sid=104
고려대학교,뉴시스,"'韓 800번째 금메달' 3대3 남자 농구 ""롤모델 이현중""[나고야AG]","구민교(성균관대), 김승우, 이주영(이상 연세대), 이동근(고려대)으로 구성된 3대3 남자 농구 대표팀은 26일... 이어 ""3대3은 대학 선수들이다. 프로에서 선발할 수 있었지만 좋은 조합이라고 생각해 뽑게 됐다""며 ""한국...",2026-09-26 11:52,https://www.newsis.com/view/NISX20260926_0003803698,https://n.news.naver.com/mnews/article/003/0014214209?sid=104
고려대학교,헤럴드경제,3대3 농구 사상 첫 금메달 주역들 “우리의 롤모델은 이현중”,아시안게임 3대3 농구에서 사상 처음으로 정상에 오른 대학생 기대주들이 공통된 롤모델로 5대5 대표팀의 ‘에이스’ 이현중을 꼽았다. 남자 3대3 농구 대표팀 주장 이동근(고려대)은 26일 일본 나고야 코리아하우스에서...,2026-09-26 11:45,https://biz.heraldcorp.com/article/10884842?ref=naver,https://n.news.naver.com/mnews/article/016/0002701990?sid=104
연세대학교,헤럴드경제,3대3 농구 사상 첫 금메달 주역들 “우리의 롤모델은 이현중”,아시안게임 3대3 농구에서 사상 처음으로 정상에 오른 대학생 기대주들이 공통된 롤모델로 5대5 대표팀의... 김승우(연세대)는 “이현중 선수가 국가대표팀에서 뛰는 것을 보고 자세가 남다르다고 느껴서 배워야겠다고...,2026-09-26 11:45,https://biz.heraldcorp.com/article/10884842?ref=naver,https://n.news.naver.com/mnews/article/016/0002701990?sid=104
서울대학교,엑스포츠뉴스,"'주진모♥' 민혜연, 41살에 12살 아동복 입고 라운딩 ""치마 길이 좀 짧아...","서울대학교 의과대학을 졸업한 뒤 피부과 클리닉을 운영하며 다양한 방송에 출연해 시청자들에게 의학 정보를 전달하고 있다. SNS로도 각종 의학 정보는 물론, 남편 주진모와의 일상을 공개하며 누리꾼과 소통을...",2026-09-26 11:44,https://www.xportsnews.com/article/2200480,https://m.entertain.naver.com/article/311/0002061796
서울대학교,위키트리,"영화 '암살자(들)' 등장, 문세광(문태광)은 누구?",당시 서울 장충동 국립극장에서는 제29주년 광복절 경축식이 열리고 있었으며 박정희 대통령이 단상에서... 육 여사는 곧바로 서울대학교 병원으로 이송돼 응급 수술을 받았으나 안타깝게도 당일 오후 사망했다.영화...,2026-09-26 11:44,https://www.wikitree.co.kr/articles/1162094,https://www.wikitree.co.kr/articles/1162094
서울대학교,뉴스핌,[부고] 유영실(서울시청 여자축구단 감독)씨 모친상,"▲ 이금재씨 별세, 유영실(서울시청 여자축구단 감독)씨 모친상 = 별세: 24일 = 빈소: 분당서울대학교병원장례식장 12호실 = 발인: 26일 오전 5시 = 연락처: 031-787-1500",2026-09-26 11:43,https://www.newspim.com/news/view/20260926000067,https://www.newspim.com/news/view/20260926000067
고려대학교,스포츠서울,“결과로 과정을 증명” ‘배길태와 들개들’ 첫 ‘金’ 3X3 농구 대표팀...,"대표팀은 이주영, 김승우(이상 연세대), 이동근(고려대), 구민교(성균관대)로 구성돼 있다. 대표팀은 26일... 이주영은 “모두 대학생 선수고 학교가 다르다. 소집해 운동하는 것이 쉽지 않았다”라며 “또 5X5와 3X3을...",2026-09-26 11:43,https://www.sportsseoul.com/news/read/1637577?ref=naver,https://m.sports.naver.com/basketball/article/468/0001268766
연세대학교,스포츠서울,“결과로 과정을 증명” ‘배길태와 들개들’ 첫 ‘金’ 3X3 농구 대표팀...,"대표팀은 이주영, 김승우(이상 연세대), 이동근(고려대), 구민교(성균관대)로 구성돼 있다. 대표팀은 26일... 이주영은 “모두 대학생 선수고 학교가 다르다. 소집해 운동하는 것이 쉽지 않았다”라며 “또 5X5와 3X3을...",2026-09-26 11:43,https://www.sportsseoul.com/news/read/1637577?ref=naver,https://m.sports.naver.com/basketball/article/468/0001268766
고려대학교,연합뉴스,"[아시안게임] 3대3 농구 사상 첫 우승 주역들 ""이현중 형 본받고 싶어요...",선 대학생 기대주들은 미국프로농구(NBA)에 도전하는 5대5 대표팀의 '에이스' 이현중을 공통된 우상으로 꼽았다. 남자 3대3 농구 대표팀 주장 이동근(고려대)은 26일 일본 나고야에 마련된 코리아하우스에서 열린 2026...,2026-09-26 11:38,https://www.yna.co.kr/view/AKR20260926026000007?input=1195m,https://n.news.naver.com/mnews/article/001/0016336879?sid=104
연세대학교,연합뉴스,"[아시안게임] 3대3 농구 사상 첫 우승 주역들 ""이현중 형 본받고 싶어요...","선 대학생 기대주들은 미국프로농구(NBA)에 도전하는 5대5 대표팀의 '에이스' 이현중을 공통된 우상으로... 김승우(연세대)는 ""이현중 선수가 국가대표팀에서 뛰는 것을 보고 자세가 남다르다고 느껴서 배워야겠다고...",2026-09-26 11:38,https://www.yna.co.kr/view/AKR20260926026000007?input=1195m,https://n.news.naver.com/mnews/article/001/0016336879?sid=104
연세대학교,텐아시아,"[공식] 최수종, 추석 당일 모친상 비보…하희라와 빈소 지켜",빈소는 서울 연세대학교 신촌세브란스 장례식장 특 1호실에 마련됐다. 최수종과 하희라를 비롯한 유족들이 빈소를 지키고 있는 것으로 알려졌다. 조문은 26일 오후 1시부터 가능하다. 발인은 오는 29일 오전 8시에...,2026-09-26 11:36,https://www.tenasia.co.kr/article/2026092665004,https://m.entertain.naver.com/article/312/0000777593
연세대학교,스포츠서울,"추석 하루전엔 “웃다 울다”…최수종·하희라, 한가위에 전해진 비보 ...",이번에는 아내와 함께 어머니의 마지막 길을 배웅하게 됐다. 고인의 빈소는 서울 연세대학교 신촌세브란스병원 장례식장 특1호실에 마련됐다. 발인은 오는 29일 오전 8시이며 장지는 용인평온의숲을 거쳐 용인로뎀파크다.,2026-09-26 11:30,https://www.sportsseoul.com/news/read/1637573?ref=naver,https://m.entertain.naver.com/article/468/0001268762
연세대학교,한국일보,"배우 최수종, 모친상… 하희라 시모상","고인의 빈소는 서울 연세대학교 신촌세브란스 장례식장 특1호실에 마련됐으며, 발인은 오는 29일 오전 8시 엄수된다. 장지는 용인 로뎀파크다. 최수종과 그의 아내 배우 하희라를 비롯한 유가족들은 상주로 이름을...",2026-09-26 11:29,https://www.hankookilbo.com/news/article/A2026092610110002094?did=NA,https://m.entertain.naver.com/article/469/0000956029
서울대학교,데일리안,"한국, 사상 첫 ICJ 재판관 도전…아시아 '3파전'",현재 서울대 명예교수이자 국립외교원 국제법센터 고문을 맡고 있다. 국제법학술원(IDI)의 유일한 한국인 종신회원이기도 하다. 다만 첫 한국인 ICJ 재판관 배출까지는 치열한 경쟁을 넘어야 한다. 오는 11월3일 열릴...,2026-09-26 11:29,https://www.dailian.co.kr/news/view/1694555/?sc=Naver,https://n.news.naver.com/mnews/article/119/0003136430?sid=100
연세대학교,SKYEDAILY,한국 농구 전성기 맞이하나… 남자 3대3 농구 사상 첫 금메달,"김승우와 이주영(이상 연세대), 구민교(성균관대), 이동근(고려대)로 구성된 한국 대표팀은 25일 일본 나고야 긴조후토역 광장 특설 코트에서 열린 2026 아이치·나고야 아시안게임 3대3 남자 농구 결승전에서 카타르를...",2026-09-26 11:24,https://m.skyedaily.com/news_view.html?ID=312054,https://m.skyedaily.com/news_view.html?ID=312054
서울대학교,GOLFHANKOOK,[방민준의 골프세상] 골프의 먹이사슬,"*칼럼니스트 방민준: 서울대에서 국문학을 전공했고, 한국일보에 입사해 30여 년간 언론인으로 활동했다. 30대 후반 골프와 조우, 밀림 같은 골프의 무궁무진한 세계를 탐험하며 다양한 골프 책을 집필했다. 그에게 골프와...",2026-09-26 11:24,https://golfhankook.hankooki.com/news/articleView.html?idxno=20022004,https://golfhankook.hankooki.com/news/articleView.html?idxno=20022004
고려대학교,SKYEDAILY,한국 농구 전성기 맞이하나… 남자 3대3 농구 사상 첫 금메달,"김승우와 이주영(이상 연세대), 구민교(성균관대), 이동근(고려대)로 구성된 한국 대표팀은 25일 일본 나고야 긴조후토역 광장 특설 코트에서 열린 2026 아이치·나고야 아시안게임 3대3 남자 농구 결승전에서 카타르를...",2026-09-26 11:24,https://m.skyedaily.com/news_view.html?ID=312054,https://m.skyedaily.com/news_view.html?ID=312054
연세대학교,스포츠경향,최수종 모친상·하희라 시모상·조하문 장모상…추석 연휴 깊은 슬픔,"빈소는 서울 연세대학교 신촌세브란스병원 장례식장 특1호실에 마련됐다. 조문은 26일 오후 1시부터 가능하며, 최수종·하희라 부부를 비롯한 유족들은 깊은 슬픔 속에 빈소를 지키며 장례 절차를 준비 중이다. 발인은...",2026-09-26 11:18,https://sports.khan.co.kr/article/202609261117003?pt=nv,https://m.entertain.naver.com/article/144/0001140483
연세대학교,IDAEGU,"라포엠 정민성, 생일 맞아 팬들에게 특별한 선물....자작곡 '애프터라이...","연세대에서 성악을 전공한 바리톤 정민성은 국립오페라단 성악콩쿠르 대상, KBS한전음악콩쿠르 남자 성악 부문 금상, 대구성악콩쿠르 대상 등 주요 성악콩쿠르에서 수상하며 탄탄한 기량을 인정받았다. 지난해...",2026-09-26 11:18,https://www.idaegu.co.kr/news/articleView.html?idxno=560663,https://www.idaegu.co.kr/news/articleView.html?idxno=560663
연세대학교,스포츠경향,‘금빛 사고’ 친 3x3 들개들… “우리의 롤 모델은 이현중”,대학생 신분으로 값진 성과를 일궈낸 선수들도 자부심을 감추지 않았다. 이주영(22·연세대)은 “각자 소속 학교가 달라 함께 훈련하는 과정이 쉽지만은 않았다. 원래 5대5 농구를 하던 선수들이라 룰과 공인구가 다른...,2026-09-26 11:16,https://sports.khan.co.kr/article/202609261115003?pt=nv,https://m.sports.naver.com/basketball/article/144/0001140482
고려대학교,중앙일보,“이현중처럼 될래요” 3X3 농구 깜짝 金 따낸 대학생들,"이주영, 김승우(이상 연세대), 이동근(고려대), 구민교(성균관대)로 구성된 3X3 농구대표팀은 지난 25일... 프로 선수 없이 대학생 선수로 3x3 농구대표팀을 꾸린 배길태 감독은 ""3X3 농구는 5대5 농구보다 코트 길이가 짧아...",2026-09-26 11:14,https://www.joongang.co.kr/article/25464860,https://m.sports.naver.com/basketball/article/025/0003553851
고려대학교,위키트리,"과일, 더이상 식초로 씻지 마세요…'이것'으로 씻어야 식중독균 99.999% ...",기사 이해를 돕기 위해 AI툴로 생성한 자료사진.고려대학교 이민석 교수 연구팀은 레몬·라임·깔라만시 등... 감귤류 추출물과 발효주정 활용고려대 이민석 교수 연구팀 제공연구팀은 감귤류 추출물에 포함된 유기산이...,2026-09-26 11:14,https://www.wikitree.co.kr/articles/1162095,https://www.wikitree.co.kr/articles/1162095
연세대학교,중앙일보,“이현중처럼 될래요” 3X3 농구 깜짝 金 따낸 대학생들,"이주영, 김승우(이상 연세대), 이동근(고려대), 구민교(성균관대)로 구성된 3X3 농구대표팀은 지난 25일... 프로 선수 없이 대학생 선수로 3x3 농구대표팀을 꾸린 배길태 감독은 ""3X3 농구는 5대5 농구보다 코트 길이가 짧아...",2026-09-26 11:14,https://www.joongang.co.kr/article/25464860,https://m.sports.naver.com/basketball/article/025/0003553851
연세대학교,STARNEWSK,"최수종, 추석 당일 모친상 비보...하희라 시모상","빈소는 서울 서대문구 연세대학교 신촌세브란스 장례식장 특1호실에 마련됐다. 최수종, 하희라를 비롯한 유족들이 상주로 이름을 올리고 슬픔 속 빈소를 지키고 있는 것으로 알려졌다. 조문은 이날 오후 1시부터...",2026-09-26 11:10,http://www.starnewsk.com/news/articleView.html?idxno=59356,http://www.starnewsk.com/news/articleView.html?idxno=59356
연세대학교,매일경제,"최수종, 추석 당일 모친상 비보…하희라는 시모상",고인의 빈소는 서울 연세대학교 신촌세브란스병원 장례식장 특1호실에 마련됐다. 최수종과 아내 하희라를 비롯한 유족들은 상주로 이름을 올리고 슬픔 속 빈소를 지키고 있다. 조문은 26일 오후 1시부터 가능하며...,2026-09-26 11:08,https://www.mk.co.kr/article/12161588,https://m.entertain.naver.com/article/009/0005740079
서울대학교,한국경제,靑-대법원 갈등 중심에 선 김민기 판사 누구길래,부산고법과 수원고법에서 고법판사로 근무한 뒤 현재 서울고법에서 재판을 맡고 있다. 전문 분야는 노동법이다. 서울대 대학원에서 노동법으로 석·박사 학위를 받았고 2007~2011년과 2014년 이후 중앙노동위원회 심판 담당...,2026-09-26 11:08,https://www.hankyung.com/article/202609255905i,https://n.news.naver.com/mnews/article/015/0005336128?sid=102
서울대학교,헤럴드경제,음악처럼 듣다 보면 집…귀경길 동반자 ‘오디오북’,"추석을 맞아 명절의 의미를 생각해보고 싶다면 김영민 서울대 교수의 ‘아침에는 죽음을 생각하는 것이 좋다’도 선택지다. kt 밀리의 서재에 공개된 이 오디오북은 지난 10여 년간 일상과 사회, 학교와 학생, 영화와...",2026-09-26 11:07,https://biz.heraldcorp.com/article/10884824?ref=naver,https://n.news.naver.com/mnews/article/016/0002701983?sid=103
연세대학교,뉴스1,"3x3 농구도 '황금 세대'…""이현중 같은 선수 되고 싶어요""[AG]","이주영, 김승우(이상 연세대), 이동근(고려대), 구민교(성균관대)로 구성된 3x3 농구대표팀은 지난 25일... 프로 선수 없이 대학생 선수로 3x3 농구대표팀을 꾸린 배 감독은 ""3x3 농구는 5x5 농구보다 코트 길이가 짧아...",2026-09-26 11:05,https://www.news1.kr/sports/general-sport/6301874,https://n.news.naver.com/mnews/article/421/0009192180?sid=104
고려대학교,뉴스1,"3x3 농구도 '황금 세대'…""이현중 같은 선수 되고 싶어요""[AG]","이주영, 김승우(이상 연세대), 이동근(고려대), 구민교(성균관대)로 구성된 3x3 농구대표팀은 지난 25일... 프로 선수 없이 대학생 선수로 3x3 농구대표팀을 꾸린 배 감독은 ""3x3 농구는 5x5 농구보다 코트 길이가 짧아...",2026-09-26 11:05,https://www.news1.kr/sports/general-sport/6301874,https://n.news.naver.com/mnews/article/421/0009192180?sid=104
고려대학교,연합뉴스TV,'메가특구 노동특례' 사회적 대화 시동…노사 입장 팽팽,"고려대 법학전문대학원 교수> ""정부의 어떤 노동 정책 전반으로 확대해서 논의해야 될 이슈인 거죠, 지금 논의는. 그런 방향으로 가는 것이 지금으로서는 매우 좀 절실한 개혁 방향이라고 봐야 되지 않겠느냐....",2026-09-26 11:04,http://www.yonhapnewstv.co.kr/news/MYH20260926110316nyy,https://n.news.naver.com/mnews/article/422/0000909785?sid=102
서울대학교,이데일리,"메지온, 신장병 신약에 별도 ‘가격표’…美법인 세워 M&A까지 노린다",김용철 서울대학교병원 신장내과 임상부교수는 “ADPKD 연구에서 가장 중요한 두 지표는 물혹의 크기와 신장 기능”이라며 이번 시험에서 두 지표가 모두 개선된 점에 의미를 부여했다. 장기 안전성 자료도 회사가...,2026-09-26 11:02,https://www.edaily.co.kr/News/Read?newsId=01931926645584056&mediaCodeNo=257&utm_source=naver&utm_medium=referral&utm_campaign=news_syndication&utm_content=original_article,https://n.news.naver.com/mnews/article/018/0006375655?sid=101
서울대학교,서울신문,아리아에서 가곡까지…길병민의 10년을 만나는 ‘가을밤콘서트’,13일 서울 예술의전당 콘서트홀이다. 서울신문이 주최하는 ‘2026 가을밤콘서트’에서 그는 소프라노 황수미... 서울대 선배인 황수미를 두고 “학생 시절부터 많은 동료와 함께 동경했던 존재”라고 한 그는 이번 듀엣...,2026-09-26 11:01,https://www.seoul.co.kr/news/life/performance/2026/09/25/20260925500080?wlog_tag3=naver,https://n.news.naver.com/mnews/article/081/0003683590?sid=103
서울대학교,서울신문,노동 현장서 청라 개발·수도권매립지까지…활동 반경 넓히는 이용우,"공장에서 법정으로, 국회로 전북 완주 출신인 이 의원은 서울대 수학교육과를 졸업한 뒤 비정규직 문제에 관심을 두고 자동차 생산공장 사내하청 노동자로 들어가 5년 넘게 일했다. 2017년 직장 내 불공정 관행 등을...",2026-09-26 11:01,https://www.seoul.co.kr/news/politics/2026/09/25/20260925500081?wlog_tag3=naver,https://n.news.naver.com/mnews/article/081/0003683591?sid=100
연세대학교,CELUVMEDIA,"최수종, 추석 당일 모친상…아내 하희라와 슬픔 속 빈소 지켜",고인의 빈소는 서울 연세대학교 신촌세브란스 장례식장 특1호실에 마련됐다. 최수종과 아내 하희라를 비롯한 유족들이 상주로 빈소를 지키며 고인의 마지막 길을 함께하고 있다. 조문은 26일 오후 1시부터 가능하며...,2026-09-26 10:58,http://www.celuvmedia.com/article.php?aid=1790387534528278006,http://www.celuvmedia.com/article.php?aid=1790387534528278006
연세대학교,STARDAILYNEWS,"최수종 모친상ㆍ하희라 시모상…향년 89세, 25일 별세","빈소는 서울 연세대학교 신촌세브란스 장례식장 특1호실에 마련됐다. 조문은 26일 오후 1시부터 가능하다.  발인은 오는 29일 오전 8시이며, 장지는 용인평온의숲과 용인로뎀파크로 알려졌다.",2026-09-26 10:56,https://www.stardailynews.co.kr/news/articleView.html?idxno=550722,https://www.stardailynews.co.kr/news/articleView.html?idxno=550722
연세대학교,스포츠동아,"최수종, 추석 당일 모친상…하희라와 슬픔 속 빈소 지켜",고인의 빈소는 서울 연세대학교 신촌세브란스병원 장례식장 특1호실에 마련됐다. 최수종과 아내 하희라를 비롯한 유족들은 상주로 이름을 올리고 슬픔 속 빈소를 지키고 있다. 조문은 26일 오후 1시부터 가능하며...,2026-09-26 10:56,https://sports.donga.com/ent/article/all/20260926/134733943/1,https://m.entertain.naver.com/article/382/0001295758
연세대학교,TV리포트,"최수종, 추석 당일 모친상 비보…하희라는 시모상 [공식]","고인의 빈소는 서울 연세대학교 신촌세브란스병원 장례식장 특1호실에 마련됐다. 조문은 26일 오후 1시부터 가능하며, 발인은 오는 29일 오전 8시에 엄수된다. 장지는 용인평온의숲과 용인로뎀파크다. 최수종은 1987년...",2026-09-26 10:54,https://www.tvreport.co.kr/breaking/article/1078343/,https://m.entertain.naver.com/article/213/0001402462
고려대학교,JTBC,"""제일 성장한건 춤 실력"" 영탁 직접 밝힌 'GOGO' 제작 과정","내달 3일부터 5일까지 서울 고려대학교 화정체육관에서 개최되며, 이후 24일과 25일 전주, 11월 28일과 29일 대구, 12월 19일과 20일 인천, 2027년 1월 16일과 17일 부산으로 이어진다.",2026-09-26 10:51,https://news.jtbc.co.kr/article/NB12320069?influxDiv=NAVER,https://m.entertain.naver.com/article/437/0000512807
서울대학교,세계일보,"민혜연, 12세 아동복 입고 골프장으로",마음에 들었던 디자인을 포기하지 않고 자신만의 방식으로 코디해 착용한 모습이었다. 한편 민혜연은 서울대학교 의과대학을 졸업한 가정의학과 전문의다. 2019년 배우 주진모와 결혼했다.,2026-09-26 10:51,https://www.segye.com/newsView/20260926503437?OutUrl=naver,https://m.entertain.naver.com/article/022/0004161897
연세대학교,스포티비뉴스,추석 당일에…최수종 모친상 '비보'→하희라 시모상-조하문 장모상[공식...,"빈소는 서울 연세대학교 신촌세브란스 장례식장 특1호실에 마련됐다. 최수종 하희라 부부를 비롯해 최수종 누나의 남편인 가수이자 목회자인 조하문, 그 아들인 배우 조태관 등 가족들이 상주로 이름을 올렸다....",2026-09-26 10:48,https://www.spotvnews.co.kr/news/articleView.html?idxno=1009673,https://m.entertain.naver.com/article/477/0000630037
연세대학교,인사이트,"최수종, 추석 당일 모친상 비보... 하희라 시모상","故이숙경 씨의 빈소는 서울 연세대학교 신촌세브란스 장례식장 특 1호실에 설치됐으며, 발인식은 29일 오전 8시에 진행된다. 고인은 로뎀파크에 안장될 예정이다. 최수종은 지난해 11월 MBN 개국 30주년 특별기획 3부작...",2026-09-26 10:46,https://www.insight.co.kr/news/575305,https://www.insight.co.kr/news/575305
연세대학교,매일신문,통풍환자 55만명 중 2040 남성이 48%… 증가율 1위는 20대,연세대 강남세브란스병원이 지난 8월 낸 의학 리포트에 담긴 내용이다. 밤사이 관절이 붉게 부어오르고... 대학병원 류마티스내과 연구팀이 지난 16일 공개한 분석을 보면 젊은 통풍 환자의 심방세동 발생 위험은...,2026-09-26 10:46,https://www.imaeil.com/page/view/2026092610405823035,https://n.news.naver.com/mnews/article/088/0001030618?sid=103
고려대학교,JTBC,세계는 지금 '청소년 안티 SNS' 도입 중…한국도 법제화 시동,[이성엽 고려대 기술법정책센터장] 인간의 존엄성을 가지고 인간으로 존재의 의미를 가지고 살기 위해서는 최소한으로 필요한 조치들인 것 같아요. 국가가 이제 SNS나 AI의 부작용에 대해서 어떤 정책적인 조치를...,2026-09-26 10:44,https://news.jtbc.co.kr/article/NB12320068?influxDiv=NAVER,https://n.news.naver.com/mnews/article/437/0000512806?sid=104
연세대학교,노컷뉴스,배우 최수종 모친상 비보…하희라 시모상,빈소는 서울 연세대학교 신촌세브란스 장례식장 특 1호실에 마련됐다. 조문은 이날 오후 1시부터 가능하다. 최수종 부부 등 유족은 슬픔 속에서 조문 등 장례 절차를 준비 중인 것으로 전해졌다. 발인은 오는 29일 오전...,2026-09-26 10:42,https://www.nocutnews.co.kr/news/6583294?utm_source=naver&utm_medium=article&utm_campaign=20260926104109,https://m.entertain.naver.com/article/079/0004192947
연세대학교,텐아시아,"'15kg 감량'하더니 퍼에 파묻혔네…'33세' 박규영, 어딘가 달라진 분위기","데뷔 후에는 예쁘게 옷도 입고 싶고 화면에 좀 더 명확하게 보이면 좋을 때가 있어서 다이어트를 했다""고 설명했다. 한편 1993년생인 박규영은 33세이며 연세대학교를 졸업했다. 박규영은 넷플릭스 영화 '사마귀'에 출연한다.",2026-09-26 10:41,https://www.tenasia.co.kr/article/2026092663854,https://m.entertain.naver.com/article/312/0000777585
연세대학교,경향신문,"오늘의부고-배우 최수종씨 모친상·하희라씨 시모상, 가수 조하문씨 장...","■이숙경씨 별세, 최수종(배우)씨 모친상, 하희라(배우)씨 시모상, 조하문(가수, 사랑의빛공동체교회 담임목사)씨 장모상, 조태관(배우)씨 외조모상=25일 연세대학교 신촌세브란스. 발인 29일 (02)2227-7500",2026-09-26 10:40,https://www.khan.co.kr/article/202609261040001,https://n.news.naver.com/mnews/article/032/0003472509?sid=102
연세대학교,PUBLIC25,[부고] 최수종씨(배우) 모친상,"△ 이숙경씨(향년 89세) 별세, 최수종씨(배우) 모친상, 하희라씨(배우) 시모상, 조하문씨(가수·사랑의빛공동체교회 담임목사) 장모상, 조태관씨(배우) 외조모상 = 25일, 연세대학교 신촌세브란스 장례식장 특1호실...",2026-09-26 10:38,https://www.public25.com/news/articleView.html?idxno=55370,https://www.public25.com/news/articleView.html?idxno=55370
연세대학교,엑스포츠뉴스,"""어머니 요양병원에 계셔"" 최수종, 추석날 모친상 비보…하희라 시모상","고인의 빈소는 서울 연세대학교 신촌세브란스 장례식장 특 1호실에 마련됐다. 발인은 오는 29일 오전 8시, 장지는 로뎀파크다. 지난해 11월 방송된 MBN 개국 30주년 특별기획 3부작 '퍼즐트립'에 출연했던 최수종은...",2026-09-26 10:38,https://www.xportsnews.com/article/2200459,https://m.entertain.naver.com/article/311/0002061776
연세대학교,위키트리,최수종 모친상 비보… 가슴 찢어지는 소식 전해졌다,신촌세브란스에 빈소 마련… 오는 29일 오전 발인 고인의 빈소는 서울 서대문구 연세대학교 신촌세브란스병원 장례식장 특1호실에 마련됐다. 조문객은 오는 26일 오후 1시부터 빈소를 찾을 수 있다. 발인은 오는 29일...,2026-09-26 10:38,https://www.wikitree.co.kr/articles/1162091,https://www.wikitree.co.kr/articles/1162091
연세대학교,OSEN,"최수종, 추석 당일 모친상 비보..하희라 시모상","최수종은 슬픔 속에 아내 하희라 등 유족들과 함께 장례 절차를 진행 중인 것으로 알려졌으며, 고인의 빈소는 서울 연세대학교 신촌세브란스 장례식장 특 1호실에 마련됐다. 조문은 26일 오후 1시부터 가능하며...",2026-09-26 10:37,http://www.osen.co.kr/article/G1112882152,https://m.entertain.naver.com/article/109/0005612962
고려대학교,MHNSE,"영탁 ""발등 물집 터져 찢어져도 촬영 강행""…3년 만에 정규앨범 '치열한...","오는 10월 3일부터 5일까지 서울 고려대학교 화정체육관에서 열리는 공연을 시작으로, 10월 24~25일 전주, 11월 28~29일 대구, 12월 19~20일 인천, 그리고 내년 1월 16~17일 부산에서 순차적으로 공연을 진행한다. 2007년 싱글...",2026-09-26 10:36,https://mhnse.com/news/articleView.html?idxno=1560100,https://m.entertain.naver.com/article/445/0000468524
연세대학교,헤럴드경제,"최수종, 추석 당일 ‘모친상’…하희라 ‘시모상’",고인의 빈소는 서울 연세대학교 신촌세브란스 장례식장 특1호실에 마련됐다. 최수종과 하희라는 가족들과 함께 슬픔 속 빈소를 지키고 있는 것으로 전해졌다. 조문은 26일 오후 1시부터 가능하다. 발인은 오는 29일...,2026-09-26 10:34,https://biz.heraldcorp.com/article/10884809?ref=naver,https://m.entertain.naver.com/article/016/0002701972
서울대학교,파이낸셜뉴스,"국제사법재판소, 첫 韓 재판관 나올까···아시아 '3파전'",현재는 서울대 명예교수이자 국립외교원 국제법센터 고문을 맡고 있다. 국제법학술원(IDI)의 유일한 한국인 종신회원이기도 하다. 다만 결과를 예단하기는 쉽지 않다. 규정상 지역별 의석이 정해져 있지는 않지만...,2026-09-26 10:31,https://www.fnnews.com/news/202609260954379188,https://n.news.naver.com/mnews/article/014/0005580931?sid=104
연세대학교,엑스포츠뉴스,롯데 3인방 없었으면 더 벼랑 끝이었다…김진욱·최준용 무실점+윤동희...,그때와 지금 다른 건 도하 대회 때는 아마추어 선수 1명(연세대 정민혁)을 최종 엔트리에 포함시킨 것뿐이다. 프로 선수들이 직장 생활과 야구를 병행하는 이들에게 완패한 것 자체가 굴욕이다. 한국 야구 역사상...,2026-09-26 10:30,https://www.xportsnews.com/article/2200460,https://m.sports.naver.com/kbaseball/article/311/0002061774
고려대학교,스포츠월드,영탁 ‘GOGO’ 코멘터리 공개…19년 인연 지광민 프로듀서와 작업 비하...,"단독 콘서트 'TAK SHOW5'는 오는 10월 3일부터 5일까지 서울 고려대학교 화정체육관에서 포문을 연다. 이후 10월 24일과 25일 전주, 11월 28일과 29일 대구, 12월 19일과 20일 인천, 내년 1월 16일과 17일 부산으로 투어 열기를...",2026-09-26 10:26,https://www.sportsworldi.com/newsView/20260926503767,https://m.entertain.naver.com/article/396/0000756336
서울대학교,SBS,첫 ICJ 재판관 도전하는 한국…'아시아 1석' 놓고 3파전,▲ ICJ 재판관 선거에 입후보한 백진현 서울대 명예교수 한국이 오는 11월 국제사법재판소 ICJ 재판관... 현재 서울대 명예교수이자 국립외교원 국제법센터 고문이며 국제법학술원 IDI의 유일한 한국인 종신회원이기도...,2026-09-26 10:25,https://news.sbs.co.kr/news/endPage.do?news_id=N1008770601&plink=ORI&cooper=NAVER,https://n.news.naver.com/mnews/article/055/0001391165?sid=100
연세대학교,아시아경제,[부고]최수종(배우)씨 모친상,"▲이숙경(향년 89세)씨 별세, 최수종(배우)씨 모친상, 하희라(배우)씨 시모상, 조하문(가수, 사랑의빛공동체교회 담임목사)씨 장모상, 조태관(배우)씨 외조모상 = 25일, 연세대학교 신촌세브란스 장례식장 특1호실...",2026-09-26 10:25,https://view.asiae.co.kr/article/2026092610251133323,https://n.news.naver.com/mnews/article/277/0005820958?sid=102
연세대학교,MHNSE,"""요양병원 계신다"" 눈물 보였는데…최수종 모친, 25일 모친상 비보","고인의 빈소는 서울 연세대학교 신촌세브란스 장례식장 특 1호실에 마련됐다. 발인은 오는 29일 오전 8시, 장지는 로뎀파크다. 지난해 최수종은 MBN 개국 30주년 특별기획 3부작 ‘퍼즐트립’에 출연해 ""어머님이 아프셔서...",2026-09-26 10:20,https://mhnse.com/news/articleView.html?idxno=1560085,https://m.entertain.naver.com/article/445/0000468520
서울대학교,아주경제,"한국, 사상 첫 ICJ 재판관 도전…11월 선거서 8개국 경쟁",아시아 1석 두고는 요르단·싱가포르와 '3파전' 아주경제=장수영 기자 swimming@ajunews.com 백진현 서울대... 현재 서울대 명예교수와 국립외교원 국제법센터 고문을 맡고 있으며 국제법학술원(IDI) 종신회원인 유일한...,2026-09-26 10:16,https://www.ajunews.com/view/20260926100452699,https://www.ajunews.com/view/20260926100452699
연세대학교,톱스타뉴스,"배우 최수종, 25일 모친상 비보…하희라 시모상","고인의 빈소는 서울 연세대학교 신촌세브란스 장례식장 특 1호실이다. 조문은 오늘(26일) 오후 1시부터 가능하다. 발인은 오는 29일 오전 8시이며, 장지는 용인평온의숲, 용인로뎀파크. 배우 최수종은 지난 1987년 KBS...",2026-09-26 10:14,https://www.topstarnews.net/news/articleView.html?idxno=16215486,https://www.topstarnews.net/news/articleView.html?idxno=16215486
연세대학교,스포츠조선,"[공식] 최수종, 추석 당일 25일 모친상 비보..하희라 시모상","빈소는 서울 연세대학교 신촌세브란스 장례식장 특1호실에 마련됐다. 최수종과 하희라를 비롯한 유족들이 상주로 이름을 올리고 고인의 마지막 길을 함께하고 있다. 조문은 26일 오후 1시부터 가능하며, 발인은 오는...",2026-09-26 10:12,https://www.sportschosun.com/entertainment/2026-09-26/202609260100172360011346,https://m.entertain.naver.com/article/076/0004449743
연세대학교,TVDAILY,"최수종, 모친상 당했다…아내 하희라와 장례 절차 진행",고인의 빈소는 서울 연세대학교 신촌세브란스 장례식장에 마련됐다. 발인은 오는 29일 오전 8시이며 장지는 용인로뎀파크다. 한편 최수종은 1987년 KBS 드라마 '사랑이 꽃피는 나무'로 데뷔으며 드라마 '태조 왕건...,2026-09-26 10:11,http://www.tvdaily.co.kr/read.php3?aid=17903848171803494002,https://m.entertain.naver.com/article/440/0000046675
서울대학교,미디어파인,"주진모♥ 민혜연, 168cm인데 아동복 입고 골프장 등장","서울대 의대 출신 가정의학과 전문의인 민혜연은 2019년 11세 연상의 배우 주진모와 결혼했다. 의사로서의 전문적인 이미지와 함께 유튜브를 통해 일상과 부부 생활, 자기관리 등을 공개하며 대중과 소통하고 있다.",2026-09-26 10:10,https://www.mediafine.co.kr/news/articleView.html?idxno=90887,https://www.mediafine.co.kr/news/articleView.html?idxno=90887
연세대학교,DEALSITETV,"[만나보니] [신한자산운용] 천기훈 ETF컨설팅팀장 ""연금 ETF, '왜'보다 '어...",성균관대학교 법학과를 졸업하고 연세대학교에서 경영학 석사(MBA) 학위를 받았다. 삼성자산운용 KODEX ETF 컨설팅팀을 거쳐 현재 신한자산운용에서 SOL ETF 컨설팅팀을 이끌고 있다. 오랜 기간 ETF 시장과 투자자를 접해온...,2026-09-26 10:08,https://news.dealsitetv.com/articles/176295,https://news.dealsitetv.com/articles/176295
연세대학교,뉴스엔,"최수종, 추석 당일 25일 모친상 비보…아내 하희라 시모상",고인의 빈소는 서울 연세대학교 신촌세브란스 장례식장 특 1호실에 마련됐다. 최수종과 하희라가 상주에 이름을 올렸다. 발인은 오는 29일 오전 엄수된다. 장지는 로뎀파크다. 한편 최수종은 지난 1993년 하희라와 결혼...,2026-09-26 10:04,https://www.newsen.com/news_view.php?uid=202609260949110310,https://m.entertain.naver.com/article/609/0001172594
서울대학교,이데일리,안철수와 V3…의사에서 벤처사업가로(상) [韓IT열전]③,1980년 서울대 의대에 입학했고 1991년 의학박사 학위를 받았다. 서울대 의대 조교를 거쳐 단국대 의대... 서울올림픽 개막 석 달을 앞둔 1988년 6월 프로그램 하나가 만들어졌다. 안철수는 의학도답게 이름을 백신(Vaccine)...,2026-09-26 10:03,https://www.edaily.co.kr/News/Read?newsId=01866326645584056&mediaCodeNo=257&utm_source=naver&utm_medium=referral&utm_campaign=news_syndication&utm_content=original_article,https://n.news.naver.com/mnews/article/018/0006375638?sid=105
연세대학교,이데일리,최수종 모친상·하희라 시모상…슬픔 속 빈소 지켜,고인의 빈소는 서울 서대문구 연세대학교 신촌세브란스 장례식장 특1호실에 마련됐다. 최수종과 하희라는 가족들과 함께 슬픔 속 빈소를 지키고 있는 것으로 전해졌다. 조문은 26일 오후 1시부터 가능하다. 발인은...,2026-09-26 10:03,https://www.edaily.co.kr/News/Read?newsId=01869606645584056&mediaCodeNo=257&utm_source=naver&utm_medium=referral&utm_campaign=news_syndication&utm_content=original_article,https://m.entertain.naver.com/article/018/0006375639
서울대학교,이데일리,"하이퍼리퀴드, 거래소가 자체 블록체인으로 진화하다",△1960년 부산 출생 △서강대 경영학 학사 △서울대 대학원 경영학(회계학) 석사 △고려대 대학원 법학(조세법) 박사 및 경영학(회계학) 박사 △성균관대 국정전문대학원 행정학 박사과정 수료 △가톨릭대...,2026-09-26 10:02,https://www.edaily.co.kr/News/Read?newsId=01863046645584056&mediaCodeNo=257&utm_source=naver&utm_medium=referral&utm_campaign=news_syndication&utm_content=original_article,https://n.news.naver.com/mnews/article/018/0006375637?sid=101
고려대학교,이데일리,"하이퍼리퀴드, 거래소가 자체 블록체인으로 진화하다",△1960년 부산 출생 △서강대 경영학 학사 △서울대 대학원 경영학(회계학) 석사 △고려대 대학원 법학(조세법) 박사 및 경영학(회계학) 박사 △성균관대 국정전문대학원 행정학 박사과정 수료 △가톨릭대...,2026-09-26 10:02,https://www.edaily.co.kr/News/Read?newsId=01863046645584056&mediaCodeNo=257&utm_source=naver&utm_medium=referral&utm_campaign=news_syndication&utm_content=original_article,https://n.news.naver.com/mnews/article/018/0006375637?sid=101
연세대학교,SLIST,"최수종, 25일 모친상…하희라와 빈소 지켜","고인의 빈소는 서울 연세대학교 신촌세브란스 장례식장 특1호실에 마련됐다. 조문은 26일 오후 1시부터 가능하며, 발인은 오는 29일 오전 8시다. 장지는 용인평온의숲을 거쳐 용인로뎀파크다. 최수종은 1987년 KBS...",2026-09-26 10:02,https://www.slist.kr/news/articleView.html?idxno=768858,https://www.slist.kr/news/articleView.html?idxno=768858
서울대학교,노컷뉴스,정부 공식 4·3추가진상조사 보고서 초안 보완작업 막바지,"제주대학교 사회학과 교수가 조사 분야별로 작성한다. 당초 지난달까지 보완작업을 끝내고 이달부터... 검토위원은 정용욱 서울대 국사학과 교수, 정병준 이화여대 사학과 교수 등 3명이다. 익명을 요구한 한...",2026-09-26 10:02,https://www.nocutnews.co.kr/news/6582009?utm_source=naver&utm_medium=article&utm_campaign=20260926100109,https://n.news.naver.com/mnews/article/079/0004192943?sid=102
고려대학교,오마이뉴스,"한국 남자 3대3 농구, 아시안게임 첫 금…대학생 4인방의 쾌거","이번 대표팀은 이주영과 김승우(이상 연세대), 이동근(고려대), 구민교(성균관대)로 구성됐다. 모두 대학 무대에서 뛰는 선수들이다. 프로농구의 이름값이나 풍부한 경험을 앞세운 대표팀과는 다른 구성으로 아시아...",2026-09-26 10:01,https://www.ohmynews.com/NWS_Web/View/at_pg.aspx?CNTN_CD=A0003270423&CMPT_CD=P0010&utm_source=naver&utm_medium=newsearch&utm_campaign=naver_news,https://m.sports.naver.com/basketball/article/047/0002530284
연세대학교,오마이뉴스,"한국 남자 3대3 농구, 아시안게임 첫 금…대학생 4인방의 쾌거","이번 대표팀은 이주영과 김승우(이상 연세대), 이동근(고려대), 구민교(성균관대)로 구성됐다. 모두 대학 무대에서 뛰는 선수들이다. 프로농구의 이름값이나 풍부한 경험을 앞세운 대표팀과는 다른 구성으로 아시아...",2026-09-26 10:01,https://www.ohmynews.com/NWS_Web/View/at_pg.aspx?CNTN_CD=A0003270423&CMPT_CD=P0010&utm_source=naver&utm_medium=newsearch&utm_campaign=naver_news,https://m.sports.naver.com/basketball/article/047/0002530284
고려대학교,머니투데이,"다카이치가 이끄는 일본, 다시 전범국 될까…극우가 노리는 것","위안부 등 일본군의 수탈로 인한 피해 문제와 독도를 둘러싼 갈등, 일본 역사문화에 대해 관심을 갖고 글을 써왔다. 세종대와 고려대에서 교편을 잡고 후학을 길러내고 있다. ◇극우의 신화 일본, 책이라는신화, 2만 2000원.",2026-09-26 10:00,https://www.mt.co.kr/culture/2026/09/26/2026092309181014037,https://n.news.naver.com/mnews/article/008/0005418473?sid=103
연세대학교,스포츠월드,“건강정보 보호하면서 AI 연구에 활용”…디지털헬스케어법 제정 논의,"정형선 연세대 명예교수는 주요국의 보건의료데이터 활용과 관리체계를 소개하고 국내 제도에 주는... 발표자들과 조민규 지디넷코리아 기자, 조동찬 한양대학교 교수, 김민정 보건복지부 의료정보정책과장이 참여해 ‘AI...",2026-09-26 10:00,https://www.sportsworldi.com/newsView/20260926503385,https://n.news.naver.com/mnews/article/396/0000756332?sid=103
연세대학교,마이데일리,"[공식] 최수종, 추석 당일 모친상…하희라 시모상",연세대학교 신촌장례식장 홈페이지에 따르면 상주로는 최수종과 하희라를 비롯한 유족들이 이름을 올렸다. 고인의 빈소는 서울 연세대학교 신촌세브란스 장례식장 특1호실에 마련됐다. 조문은 26일 오후 1시부터...,2026-09-26 09:59,https://www.mydaily.co.kr/page/view/2026092609573672773,https://m.entertain.naver.com/article/117/0004109231
서울대학교,한국경제,하버드·예일 대신 KAIST 택한 베트남 천재 소녀…이유 알고보니,"하버드·예일대 등 미국 아이비리그와 서울대 등 국내외 명문대 대신 최종적으로 KAIST를 택했다. 세계적 수준의 교육·연구 환경과 대학·산업 간 긴밀한 연계, 영어 강의 등이 선택에 영향을 미쳤다. 입학 후 학교생활에...",2026-09-26 09:58,https://www.hankyung.com/article/2026092663887,https://n.news.naver.com/mnews/article/015/0005336119?sid=104
고려대학교,오마이뉴스,한국 농구 전성 시대...남자 3대3 농구 사상 첫 금메달,"김승우와 이주영(이상 연세대), 구민교(성균관대), 이동근(고려대)로 구성된 한국 대표팀은 25일 일본... 국가대표 트라이아웃과 진천선수촌 훈련을 거쳐 최종 4명이 선발됐으며, 평균 나이는 21.7세에 불과한 대학생...",2026-09-26 09:56,https://www.ohmynews.com/NWS_Web/View/at_pg.aspx?CNTN_CD=A0003270424&CMPT_CD=P0010&utm_source=naver&utm_medium=newsearch&utm_campaign=naver_news,https://m.sports.naver.com/basketball/article/047/0002530282
연세대학교,오마이뉴스,한국 농구 전성 시대...남자 3대3 농구 사상 첫 금메달,"김승우와 이주영(이상 연세대), 구민교(성균관대), 이동근(고려대)로 구성된 한국 대표팀은 25일 일본... 국가대표 트라이아웃과 진천선수촌 훈련을 거쳐 최종 4명이 선발됐으며, 평균 나이는 21.7세에 불과한 대학생...",2026-09-26 09:56,https://www.ohmynews.com/NWS_Web/View/at_pg.aspx?CNTN_CD=A0003270424&CMPT_CD=P0010&utm_source=naver&utm_medium=newsearch&utm_campaign=naver_news,https://m.sports.naver.com/basketball/article/047/0002530282
연세대학교,스포츠서울,"최수종, 25일 모친상…아내 하희라 시모상","고인의 빈소는 서울 연세대학교 신촌세브란스 장례식장 특 1호실에 마련됐다. 발인은 오는 29일 오전 8시 엄수되며, 장지는 로뎀파크다. 최수종은 지난 1987년 KBS 드라마 ‘사랑이 꽃피는 나무’로 데뷔했다. 이후...",2026-09-26 09:55,https://www.sportsseoul.com/news/read/1637566?ref=naver,https://m.entertain.naver.com/article/468/0001268755
고려대학교,중부매일,"황서현, 40년 만의 평균대 金…카누 조광희·김효빈 2관왕",이동근(고려대)·이주영(연세대)·김승우(연세대)·구민교(성균관대)로 구성된 대표팀은 대회 기간 출전국 가운데 가장 높은 평균 20.8점을 올렸다. 6경기 중 4경기를 제한 시간 전에 21점을 먼저 득점해 조기에 경기를...,2026-09-26 09:54,https://www.jbnews.com/news/articleView.html?idxno=1512239,https://www.jbnews.com/news/articleView.html?idxno=1512239
연세대학교,중부매일,"황서현, 40년 만의 평균대 金…카누 조광희·김효빈 2관왕",이동근(고려대)·이주영(연세대)·김승우(연세대)·구민교(성균관대)로 구성된 대표팀은 대회 기간 출전국 가운데 가장 높은 평균 20.8점을 올렸다. 6경기 중 4경기를 제한 시간 전에 21점을 먼저 득점해 조기에 경기를...,2026-09-26 09:54,https://www.jbnews.com/news/articleView.html?idxno=1512239,https://www.jbnews.com/news/articleView.html?idxno=1512239
서울대학교,SBS Biz,첫 ICJ 재판관 도전하는 한국…아시아 1석 놓고 3파전,"현재 서울대 명예교수이자 국립외교원 국제법센터 고문이며 국제법학술원(IDI)의 유일한 한국인 종신회원이기도 합니다. 외교부는 후보자 개인의 역량이나 개별 국가의 의사뿐 아니라 지역별 경쟁 구도, 실제 투표...",2026-09-26 09:51,https://biz.sbs.co.kr/article_hub/20000336759?division=NAVER,https://n.news.naver.com/mnews/article/374/0000534854?sid=101
서울대학교,ABCN,금속과 빛의 조형 언어...권용래 개인전 ''BECOMING',"서울대학교와 같은 대학원에서 서양화를 전공한 권용래는 동아미술상과 중앙미술대전 장려상 등을 받았다. 작품은 국립현대미술관과 서울시립미술관, 대구미술관 등 국내외 기관에 소장돼 있다. 이번에 열리는 'BECOMING...",2026-09-26 09:50,https://www.abcn.kr/news/articleView.html?idxno=92334,https://www.abcn.kr/news/articleView.html?idxno=92334
연세대학교,스타뉴스,"[공식]최수종, 추석 당일 모친상 비보..하희라 시모상 슬픔","고인의 빈소는 서울 연세대학교 신촌세브란스 장례식장 특 1호실에 마련됐다. 조문은 26일 오후 1시부터 가능하다. 발인은 오는 29일 오전 8시이며, 장지는 용인평온의숲, 용인로뎀파크다. 한편, 최수종은 1987년 KBS...",2026-09-26 09:47,https://www.starnewskorea.com/star/2026/09/26/2026092609411894993,https://m.entertain.naver.com/article/108/0003473653
연세대학교,IZE,"최수종, 9월 25일 모친상 큰 슬픔...9월 29일 발인","고인의 빈소는 서울 연세대학교 신촌세브란스 장례식장 특 1호실이다. 조문은 26일 오후 1시부터 가능하다. 발인은 오는 29일 오전 8시이며, 장지는 용인평온의숲, 용인로뎀파크다. 한편, 최수종은 1987년 KBS 드라마...",2026-09-26 09:38,https://www.ize.co.kr/news/articleView.html?idxno=81091,https://m.entertain.naver.com/article/465/0000019933
서울대학교,연합뉴스,첫 ICJ 재판관 도전하는 한국…'아시아 1석' 놓고 3파전(종합),"현재 서울대 명예교수이자 국립외교원 국제법센터 고문이며 국제법학술원(IDI)의 유일한 한국인 종신회원이기도 하다. 외교부는 후보자 개인의 역량이나 개별 국가의 의사뿐 아니라 지역별 경쟁 구도, 실제 투표...",2026-09-26 09:37,https://www.yna.co.kr/view/AKR20260923098351504?input=1195m,https://n.news.naver.com/mnews/article/001/0016336804?sid=100
서울대학교,동아일보,바쁜 일상 식탁도 바뀐다…주목받는 ‘데스크 다이닝’ 시장,"서울대학교 푸드비즈니스연구실과 오픈서베이가 발표한 ‘푸드 트렌드 2026’ 보고서에 따르면, 국내 소비자의 일상 식단 내 샌드위치 섭취 순위는 2년 전 12위에서 최근 1년 새 9위로 상승했다. 샐러드 역시 15위에서...",2026-09-26 09:34,https://www.donga.com/news/Economy/article/all/20260926/134733825/1,https://n.news.naver.com/mnews/article/020/0003750701?sid=101
고려대학교,이데일리,배에 불룩한 덩어리 방치했다간 ... 장 괴사까지 부르는 ‘탈장’ 주의,"고려대학교 구로병원 대장항문외과 봉준우 교수의 도움말로 탈장의 원인과 증상, 치료 및 예방법에 대해... 종합적으로 고려해 치료 방법을 결정한다. 탈장의 근본적인 치료는 수술로, 빠져나온 장이나 조직을 원래 위치로...",2026-09-26 09:28,https://www.edaily.co.kr/News/Read?newsId=01800726645584056&mediaCodeNo=257&utm_source=naver&utm_medium=referral&utm_campaign=news_syndication&utm_content=original_article,https://n.news.naver.com/mnews/article/018/0006375622?sid=102
고려대학교,이투데이,"영탁, ‘GOGO’ 코멘터리 ‘꺾어’ 비하인드 공개",참여하며 업그레이드된 뮤지션으로서의 역량을 과시했다. 한편 방송과 유튜브를 넘나들며 '꺾어' 열풍을 이끌고 있는 영탁은 10월 3일부터 5일까지 서울 고려대학교 화정체육관에서 단독 콘서트 ‘TAK SHOW5’를 개최한다.,2026-09-26 09:14,https://enter.etoday.co.kr/news/view/302924,https://enter.etoday.co.kr/news/view/302924
고려대학교,NC,"영탁, 'GOGO'로 증명한 6년 성장...37만 장 판매→'TAK SHOW5' 출격","영탁은 오는 10월 3일부터 5일까지 서울 고려대학교 화정체육관에서 'TAK SHOW5' 전국투어의 첫 공연을 연다. 서울 공연 이후에는 10월 24~25일 전주, 11월 28~29일 대구, 12월 19~20일 인천, 2027년 1월 16~17일 부산으로 투어를...",2026-09-26 09:12,https://www.nc.press/news/articleView.html?idxno=627211,https://www.nc.press/news/articleView.html?idxno=627211
고려대학교,톱스타뉴스,"영탁 ""지난 6년은 성장기""‥정규 3집 'GOGO' 코멘터리로 작업 비화 풀었...","단독 콘서트 'TAK SHOW5'는 10월 3일부터 5일까지 서울 고려대학교 화정체육관 공연으로 시작해, 10월 24~25일 전주, 11월 28~29일 대구, 12월 19~20일 인천, 2027년 1월 16~17일 부산으로 이어지는 전국투어 일정이 예정돼 있다.",2026-09-26 09:08,https://www.topstarnews.net/news/articleView.html?idxno=16215445,https://www.topstarnews.net/news/articleView.html?idxno=16215445
고려대학교,BNTNEWS,"영탁, ‘GOGO’ 초동 37만장","영탁은 오는 10월 3일부터 5일까지 서울 고려대학교 화정체육관에서 단독 콘서트 ‘TAK SHOW5’를 개최한다. 이후 전주, 대구, 인천, 부산으로 전국투어를 이어간다. 사진제공=어비스컴퍼니",2026-09-26 09:08,https://www.bntnews.co.kr/article/view/bnt202609260070,https://www.bntnews.co.kr/article/view/bnt202609260070
고려대학교,스포츠동아,영탁 “지난 6년은 박영탁의 성장기”…‘꺾어’ 위해 물집 터져도 연습,"‘TAK SHOW5’는 오는 10월 3일부터 5일까지 서울 고려대학교 화정체육관에서 막을 올린다. 이후 전주, 대구, 인천을 거쳐 내년 1월 부산까지 전국투어를 이어갈 예정이다. 사진제공=어비스컴퍼니",2026-09-26 09:07,https://sports.donga.com/ent/article/all/20260926/134733775/1,https://m.entertain.naver.com/article/382/0001295745
고려대학교,GPKOREA,발등 부상 투혼부터 솔직 비하인드까지 영탁 정규 3집 '고고' 코멘터리...,"초동 판매량 37만 장 돌파와 주간 음반 차트 1위, 숏폼 챌린지 열풍으로 거침없는 대세 행보를 달리고 있는 영탁은 오는 10월 3일부터 서울 고려대학교 화정체육관에서 단독 콘서트 'TAK SHOW5'를 열고 전국투어에...",2026-09-26 09:06,https://www.gpkorea.com/news/articleView.html?idxno=147036,https://www.gpkorea.com/news/articleView.html?idxno=147036
서울대학교,MTN 머니투데이방송,서울대 정시 교과평가 40%·고려대 교과 20%…'자퇴 후 정시 올인' 신중...,"서울대는 일반전형(의과, 수의과 제외) 기준 1단계서 수능만으로 3배수 인원을 선출한 뒤 2단계에서 수능 60%, 교과역량평가 40%로 선발한다. 고려대 교과우수전형(의학과 제외)은 수능 80%, 학생부교과 20%로 선별한다....",2026-09-26 09:04,https://news.mtn.co.kr/news-detail/2026092320214375492,https://news.mtn.co.kr/news-detail/2026092320214375492
고려대학교,MTN 머니투데이방송,서울대 정시 교과평가 40%·고려대 교과 20%…'자퇴 후 정시 올인' 신중...,"주요 대학이 대폭 늘어난다. 서울대는 일반전형(의과, 수의과 제외) 기준 1단계서 수능만으로 3배수 인원을 선출한 뒤 2단계에서 수능 60%, 교과역량평가 40%로 선발한다. 고려대 교과우수전형(의학과 제외)은 수능 80...",2026-09-26 09:04,https://news.mtn.co.kr/news-detail/2026092320214375492,https://news.mtn.co.kr/news-detail/2026092320214375492
연세대학교,스포츠월드,까지고 쓸려도 일어난 3x3 男…배길태 감독 “좀 상하더라도 의연하게 ...,"이주영, 김승우(이상 연세대), 이동근(고려대), 구민교(성균관대)로 이뤄진 대표팀은 포디움 가장 높은 곳에... 5대5 농구를 배운 대학생들에게 3x3의 특성과 전술을 가르쳐야 했다. 밤낮 없이 부지런하게 매진했다. 그리곤...",2026-09-26 09:02,https://www.sportsworldi.com/newsView/20260926500945,https://m.sports.naver.com/basketball/article/396/0000756328
고려대학교,스포츠월드,까지고 쓸려도 일어난 3x3 男…배길태 감독 “좀 상하더라도 의연하게 ...,"이주영, 김승우(이상 연세대), 이동근(고려대), 구민교(성균관대)로 이뤄진 대표팀은 포디움 가장 높은 곳에... 5대5 농구를 배운 대학생들에게 3x3의 특성과 전술을 가르쳐야 했다. 밤낮 없이 부지런하게 매진했다. 그리곤...",2026-09-26 09:02,https://www.sportsworldi.com/newsView/20260926500945,https://m.sports.naver.com/basketball/article/396/0000756328
연세대학교,한국경제,"""부산 호텔 예약해줘"" 맡겼는데…왜 여기만? '찜찜하네' [홍민성의 테토...",보고서를 집필한 최윤정 연세대 경제학부 교수와 유민희 한국경제연구원 연구위원은 먼저 생성형 AI가 답변을 제공하는 데 그치지 않고 실제 행동을 수행하는 '검색 에이전트'로 진화하고 있다고 분석했습니다. 예전...,2026-09-26 09:01,https://www.hankyung.com/article/202609170171g,https://n.news.naver.com/mnews/article/015/0005336112?sid=105
고려대학교,서울경제,"삼성SDS·네이버, 공공 이어 국방 AX서도 격돌하나 [빛이나는비즈]",회사는 올해 7월 고려대학교 C5ISRT융합연구센터와 전장 분야 핵심기술 연구 및 KCCS 사업 공동 추진을 위한 업무협약을 체결한 바 있다. KCCS에 탑재될 AI 플랫폼을 개발하는 사업 수주전에서 네이버클라우드는...,2026-09-26 09:01,https://www.sedaily.com/article/20094861?ref=naver,https://n.news.naver.com/mnews/article/011/0004665437?sid=105
서울대학교,뉴시스,"""언니, 살아만 있길""…이산가족에 추석은 '더 슬픈 시간'","살아 있기를 바라죠."" 추석을 앞둔 지난 17일 서울 종로구 이북5도청. 이산가족 1세대 최달자(가명·79)씨는... 김범수 서울대학교 통일평화연구원 원장은 ""민간 교류 추진 방향도 더 활성화되고 확대돼야 한다""며 ""현 정부는...",2026-09-26 09:00,https://www.newsis.com/view/NISX20260922_0003800530,https://n.news.naver.com/mnews/article/003/0014214020?sid=102
서울대학교,한경매거진,"SKY와 의대, 달라진 AI 시대 인재 선별법[서평]","내신 5등급제, 고교학점제, 통합형 수능, 학생부 정성평가 강화, 서울대 SNU 역량평가 면접과 의대 MMI로... 실제로 서울대·연세대·고려대를 비롯한 상위권 대학은 정답을 찾는 기술보다 제시된 문제를 해석하고 자신의...",2026-09-26 08:38,https://magazine.hankyung.com/business/article/202609167180b,https://n.news.naver.com/mnews/article/050/0000111322?sid=101
고려대학교,한경매거진,"SKY와 의대, 달라진 AI 시대 인재 선별법[서평]",실제로 서울대·연세대·고려대를 비롯한 상위권 대학은 정답을 찾는 기술보다 제시된 문제를 해석하고 자신의 논리를 만들어내는 능력을 점점 더 중요하게 평가하고 있다. 저자의 주장이 설득력을 갖는 것은 그가...,2026-09-26 08:38,https://magazine.hankyung.com/business/article/202609167180b,https://n.news.naver.com/mnews/article/050/0000111322?sid=101
연세대학교,한경매거진,"SKY와 의대, 달라진 AI 시대 인재 선별법[서평]",실제로 서울대·연세대·고려대를 비롯한 상위권 대학은 정답을 찾는 기술보다 제시된 문제를 해석하고 자신의 논리를 만들어내는 능력을 점점 더 중요하게 평가하고 있다. 저자의 주장이 설득력을 갖는 것은 그가...,2026-09-26 08:38,https://magazine.hankyung.com/business/article/202609167180b,https://n.news.naver.com/mnews/article/050/0000111322?sid=101
연세대학교,ECONOMYTALK,"[주목 e-요양] 프리미엄 요양시장, 서울·수도권 10여 곳…""대기업 본격...","또한 인근에 연세대학교 용인세브란스병원 등 대형 의료기관이 위치해 있다. KB골든라이프케어는 송파 '위례 빌리지', 서초 '서초 빌리지'를 운영하며 도심 접근성과 강남권 의료 인프라를 강점으로 내세운다. 분당의...",2026-09-26 08:22,http://www.economytalk.kr/news/articleView.html?idxno=424290,http://www.economytalk.kr/news/articleView.html?idxno=424290
서울대학교,이데일리,휴가 사유를 묻지 마세요[최기훈의 외국기업 생존기],"■최기훈 이사 = 서울대학교 경영학과를 졸업하고 하나은행, 미래에셋증권, 피델리티자산운용, 신한BNP파리바자산운용, SC제일은행 등 금융권에서 30여 년을 근무하고 지금은 국내 최대 체험학습 플랫폼 아자스쿨에서...",2026-09-26 08:11,https://www.edaily.co.kr/News/Read?newsId=01771206645584056&mediaCodeNo=257&utm_source=naver&utm_medium=referral&utm_campaign=news_syndication&utm_content=original_article,https://n.news.naver.com/mnews/article/018/0006375614?sid=110
서울대학교,매일신문,AI 안경으로 성관계 몰카·시험 부정행위…규제는 뒷북,"4월 서울대가 주관한 텝스(TEPS) 시험에서 생성형 AI 기능이 탑재된 스마트안경을 착용한 20대 수험생이... 호주 매쿼리대학교 사이버보안허브 책임자인 달리 카파르 교수는 ""AI 글라스는 마치 스토커를 얼굴에 쓰고 있는...",2026-09-26 08:04,https://www.imaeil.com/page/view/2026092608012751096,https://n.news.naver.com/mnews/article/088/0001030602?sid=102
서울대학교,뉴데일리경제,[단독] 李정부 위원회 585곳에 2750억 편성했는데 … 263곳 상반기 '대면...,"이와 관련 박상인 서울대 행정대학원 교수는 ""공공기관 통폐합 논의가 이뤄지는 상황에서 불필요한 정부 위원회도 이번 기회에 폐지를 논의해야 한다. 각 부처 차원에서 1차 점검을 하고 총리실 차원에서 2차 점검을...",2026-09-26 08:02,https://biz.newdaily.co.kr/site/data/html/2026/09/25/2026092500056.html,https://biz.newdaily.co.kr/site/data/html/2026/09/25/2026092500056.html
서울대학교,EINFOMAX,[다음주 재정경제부 등 경제부처 일정],간담회(서울대학교) *10월2일(금) -특이일정 없음 [방송미디어통신위원회] *9월28일(월) -특이일정 없음 *9월29일(화) ▲10:00 위원장 국무회의(서울) *9월30일(수) -특이일정 없음 *10월1일(목) ▲09:00 부위원장...,2026-09-26 08:02,https://news.einfomax.co.kr/news/articleView.html?idxno=4436522,https://news.einfomax.co.kr/news/articleView.html?idxno=4436522
연세대학교,EINFOMAX,[다음주 재정경제부 등 경제부처 일정],AI중심대학-AX대학원 공동 출범식(연세대학교) ▲15:30 본부장 기초연구 R&D 예산안 간담회(그레이츠... (서울대학교) *10월2일(금) -특이일정 없음 [방송미디어통신위원회] *9월28일(월) -특이일정 없음 *9월29일...,2026-09-26 08:02,https://news.einfomax.co.kr/news/articleView.html?idxno=4436522,https://news.einfomax.co.kr/news/articleView.html?idxno=4436522
서울대학교,데일리안,"[추석 민심 르포] ""이재명이 뭘 잘했나"" ""국민의힘은 뭐하노""…한숨만 ...","대구 서구 내당동 주민인 권모(남성·30대)씨도 ""대구는 서울이랑 다르게 부동산 가격이 계속 떨어져서 집을... 되고, 서울대 만들기도 안 된다고 하니 대구 사는 사람으로는 '대놓고 지역 차별이 아니냐'는 생각이 들...",2026-09-26 08:01,https://www.dailian.co.kr/news/view/1694486/?sc=Naver,https://n.news.naver.com/mnews/article/119/0003136396?sid=100
서울대학교,서울경제,[人터뷰+] “모리스 창의 40년 리더십…대만 반도체 토대 닦았다”,이은호 고려대 경제기술안보연구원 경제안보센터장은 최근 서울 성북구 연구실에서 진행한... 이 센터장은 서울대 기계설계학과를 졸업하고 미국 조지아 공대에서 기계공학 박사 학위를 받은 공학자이다....,2026-09-26 08:01,https://www.sedaily.com/article/20094031?ref=naver,https://n.news.naver.com/mnews/article/011/0004665424?sid=102
고려대학교,서울경제,[人터뷰+] “모리스 창의 40년 리더십…대만 반도체 토대 닦았다”,이은호 고려대 경제기술안보연구원 경제안보센터장은 최근 서울 성북구 연구실에서 진행한 서울경제신문과의 인터뷰에서 “대만 반도체 산업의 중심에는 40년 장기집권한 모리스 창의 ‘칩 리더십’이 있었다”고...,2026-09-26 08:01,https://www.sedaily.com/article/20094031?ref=naver,https://n.news.naver.com/mnews/article/011/0004665424?sid=102
서울대학교,INCHEONTODAY,[천연기념물] 옹진 백령도 진촌리 맨틀포획암 분포지,"현장 심사를 맡은 김수진 서울대학교 교수와 원종관 강원대학교 교수는 세 곳을 둘러본 뒤 진촌리 동쪽 하늬해변의 현무암 지대를 찾았다. 두 사람은 감람암 덩어리의 크기와 빛깔, 분포 규모가 국내에서 가장...",2026-09-26 08:00,https://www.incheontoday.com/news/articleView.html?idxno=323945,https://www.incheontoday.com/news/articleView.html?idxno=323945
서울대학교,WORLDKOREAN,[아! 대한민국-260] 스코필드 박사,이후 27세 때인 1916년 연세대학교의 전신인 세브란스 의학전문학교 초청으로 한국에 왔다. 낯선 땅이었지만... 서울대학교 수의학과 초빙교수로 온 것이다. 늦었지만. 대한민국 정부는 그가 소천하기 바로 전에야 그에게...,2026-09-26 07:52,http://www.worldkorean.net/news/articleView.html?idxno=57849,http://www.worldkorean.net/news/articleView.html?idxno=57849
연세대학교,WORLDKOREAN,[아! 대한민국-260] 스코필드 박사,그는 캐나다로 이주해서 토론토대학에서 박사학위를 받았다. 이후 27세 때인 1916년 연세대학교의 전신인... 서울대학교 수의학과 초빙교수로 온 것이다. 늦었지만. 대한민국 정부는 그가 소천하기 바로 전에야 그에게...,2026-09-26 07:52,http://www.worldkorean.net/news/articleView.html?idxno=57849,http://www.worldkorean.net/news/articleView.html?idxno=57849
서울대학교,머니투데이,"그 눈이 향한 곳, 전부 다 찍혔다...성관계까지 '몰카', AI 안경 부작용","지난 4월 서울대가 주관한 텝스(TEPS) 시험에서 생성형 AI 기능이 탑재된 스마트안경을 착용한 20대 수험생이... 호주 매쿼리대학교의 사이버보안허브 책임자인 달리 카파르 교수는 ""아직 많은 국가에서 스마트안경 관련...",2026-09-26 07:45,https://www.mt.co.kr/society/2026/09/26/2026092214462015296,https://n.news.naver.com/mnews/article/008/0005418439?sid=102
서울대학교,데일리메디,"""진료 편중 수련 중단, 전공의 교육 다각화 시급""",최근 김태현·이민정·이승희 서울대학교 의과대학 의학교육학교실 교수 연구팀은 한국의학교육학회지(KJME)에 발표한 논문을 통해 전공의 117명을 대상으로 진행한 교육 요구도 조사 결과를 공개했다. 이번 조사는 인턴...,2026-09-26 07:20,https://www.dailymedi.com/news/news_view.php?wr_id=940760,https://www.dailymedi.com/news/news_view.php?wr_id=940760
연세대학교,SISAJOURNAL-E,"SKY 출신 30%, 지방대는 11%···5대 증권사 임원 출신대학 보니","미래에셋증권의 김미섭 부회장은 서울대에서 경제학을 전공했고, 허선호 부회장은 조선대에 이어 연세대 대학원에서 경제학을 배웠다. 허선호 부회장은 5대 증권사 CEO 중 유일하게 지방대를 나왔다. NH투자증권의...",2026-09-26 07:10,https://www.sisajournal-e.com/news/articleView.html?idxno=423874,https://www.sisajournal-e.com/news/articleView.html?idxno=423874
고려대학교,SISAJOURNAL-E,"SKY 출신 30%, 지방대는 11%···5대 증권사 임원 출신대학 보니","자본 규모를 기준으로 상위인 5개 증권사의 현직 임원 중 서울대, 고려대, 연세대 등 이른바 'SKY' 출신의... 증권사 임원들 중 학사나 석사·박사 학위를 취득한 대학을 모두 고려하면 SKY 출신 비중이 더욱 커진다. 다만...",2026-09-26 07:10,https://www.sisajournal-e.com/news/articleView.html?idxno=423874,https://www.sisajournal-e.com/news/articleView.html?idxno=423874
서울대학교,SISAJOURNAL-E,"SKY 출신 30%, 지방대는 11%···5대 증권사 임원 출신대학 보니","자본 규모를 기준으로 상위인 5개 증권사의 현직 임원 중 서울대, 고려대, 연세대 등 이른바 'SKY' 출신의 비중이 30%를 초과한 것으로 나타났다. 서울, 수도권 소재 대학을 제외한 지방대 출신은 비교적 적은 11%에...",2026-09-26 07:10,https://www.sisajournal-e.com/news/articleView.html?idxno=423874,https://www.sisajournal-e.com/news/articleView.html?idxno=423874
연세대학교,동아일보,"4분기 아파트 입주 4.4만채, 38% 급감…서울은 6분의 1 토막",고준석 연세대학교 상남경영원 교수는 “착공 물량이 줄어들어 입주 물량 감소세는 한동안 지속될 것”이라며 “신축 입주가 줄어들며 희소성이 더 커지는 만큼 전월세 등 가격 강세가 이어질 수 있다”고...,2026-09-26 07:01,https://www.donga.com/news/Economy/article/all/20260923/134719447/1,https://n.news.naver.com/mnews/article/020/0003750692?sid=101
서울대학교,서울경제,유엔 가입 35년 마지막 문턱…韓 첫 ICJ 재판관 도전,백 후보는 현재 서울대 명예교수와 국립외교원 국제법센터 고문으로 활동하고 있다. 세계적 권위의 국제법 학술단체인 국제법학술원(IDI)의 유일한 한국인 종신회원이기도 하다. 이처럼 학계뿐 아니라 국제재판...,2026-09-26 07:01,https://www.sedaily.com/article/20094710?ref=naver,https://n.news.naver.com/mnews/article/011/0004665416?sid=100
고려대학교,동아일보,집을 샀느냐 안 샀느냐…‘90년대생’ 계급을 갈랐다,"학창시절 사당오락(4시간자면 붙고 5시간 자면 떨어진다) 정신으로 공부해 이른바 SKY(서울대·연세대·고려대) 대학 중 하나에 들어간 그는, 대학시절 내내 학업과 아르바이트·과외를 병행했다. 만 26세가 되던 해인...",2026-09-26 07:01,https://www.donga.com/news/Society/article/all/20260923/134553505/1,https://n.news.naver.com/mnews/article/020/0003750693?sid=102
고려대학교,주간동아,"골다공증 약, 우유와 같이 먹으면 안 돼요","의사가 처방을 낼 때는 항생제 농도가 일정 시간 동안 충분히 유지되도록 환자 체중 등을 고려해 정량을... 이광렬 교수는… KAIST 화학과 학사, 일리노이 주립대 화학과 박사학위를 취득하고 2003년부터 고려대 화학과 교수로...",2026-09-26 07:01,https://weekly.donga.com/3/all/11/6392344/1,https://n.news.naver.com/mnews/article/037/0000038890?sid=105
연세대학교,동아일보,집을 샀느냐 안 샀느냐…‘90년대생’ 계급을 갈랐다,"학창시절 사당오락(4시간자면 붙고 5시간 자면 떨어진다) 정신으로 공부해 이른바 SKY(서울대·연세대·고려대) 대학 중 하나에 들어간 그는, 대학시절 내내 학업과 아르바이트·과외를 병행했다. 만 26세가 되던 해인...",2026-09-26 07:01,https://www.donga.com/news/Society/article/all/20260923/134553505/1,https://n.news.naver.com/mnews/article/020/0003750693?sid=102
서울대학교,동아일보,강훈식 사의 표명에…與 서울시장 보궐 후보군 다시 주목,"서울시장 후보군으로 재등장했다. 김 대표는 수첩에 강 실장 외에도 우원식 전 국회의장, 정청래 전 대표, 김현종 전 통상교섭본부장 등을 써놨다고 밝혔다. 또 사진엔 찍히지 않았지만 부동산 전문가인 김경민 서울대...",2026-09-26 07:01,https://www.donga.com/news/Politics/article/all/20260923/134729236/1,https://n.news.naver.com/mnews/article/020/0003750684?sid=100
서울대학교,동아일보,집을 샀느냐 안 샀느냐…‘90년대생’ 계급을 갈랐다,학창시절 사당오락(4시간자면 붙고 5시간 자면 떨어진다) 정신으로 공부해 이른바 SKY(서울대·연세대... 이 씨는 신혼집으로 서울 내 ‘3급지’로 꼽히는 지역의 반전세로 들어간 자기 처지를 돌아본다. ‘나랑 아내도...,2026-09-26 07:01,https://www.donga.com/news/Society/article/all/20260923/134553505/1,https://n.news.naver.com/mnews/article/020/0003750693?sid=102
고려대학교,조선일보,100만명이 긁고 또 긁는다… 아이부터 성인까지 괴로운 '아토피' [건강I...,"손상욱 고려대 안산병원 피부과 교수는 ""아토피피부염에서 중요한 것은 아이에게 가려움을 참으라고 하는 것이 아니라 가렵지 않도록 제대로 치료하고 관리해주는 것""이라며 ""최근 생물학적제제나 JAK 억제제 등...",2026-09-26 07:00,https://it.chosun.com/news/articleView.html?idxno=2023092170080,https://it.chosun.com/news/articleView.html?idxno=2023092170080
서울대학교,지디넷코리아,추석 연휴에 굳은 머리 식혀볼까…가볍게 뇌 깨우는 캐주얼 게임 3선,"서울대 의대 연구팀을 비롯한 뇌공학 전문가들이 머리를 맞대고 설계한 두뇌 안티에이징 솔루션을 담아냈다. '오늘두호두' 기억력, 집중력, 언어능력, 시공간능력, 실행능력 등 5가지 핵심 영역을 자극하는 귀여운...",2026-09-26 06:30,https://zdnet.co.kr/view/?no=20260924135329,https://n.news.naver.com/mnews/article/092/0002438766?sid=105
서울대학교,스포츠조선,"'주진모♥' 민혜연, 키 168cm인데 12세 아동복 소화 ""소매·치마 길이 짧...",앞서 민혜연은 키 168cm에 48kg대의 체중을 고등학교 때부터 꾸준히 유지하고 있다고 밝힌 바 있다.다. 한편 민혜연은 서울대 의대 출신 가정의학과 전문의로 2019년 11세 연상의 배우 주진모와 결혼했다.,2026-09-26 06:27,https://www.sportschosun.com/entertainment/2026-09-26/202609260100171740011294,https://m.entertain.naver.com/article/076/0004449714
연세대학교,뉴스1,"""월세 더 오른다"" 전문가 한목소리…'전세의 월세화'도 가속","고준석 연세대 상남경영원 교수는 ""입주 물량 감소로 서울 내 월세 매물이 부족하다""며 ""대출 규제로... 부동산대학원 겸임교수, 서정렬 영산대 부동산학과 교수, 서진형 광운대 부동산법무학과 교수, 송승현 도시와경제...",2026-09-26 06:05,https://www.news1.kr/realestate/general/6300249,https://n.news.naver.com/mnews/article/421/0009191969?sid=101
연세대학교,NEWS2DAY,[김연수의 식탁이야기(102)] 명절만 되면 무기력한 5060 남성들,김연수 프로필 ▶ 연세대학교 아동가족학 학사 / 前 문화일보 의학전문기자 / 연세대학교 생활환경대학원 외식산업 고위자과정 강사 / 저서로 ‘4주간의 음식치료 고혈압’ ‘4주간의 음식치료 당뇨병’ ‘내 아이를 위한...,2026-09-26 06:02,https://www.news2day.co.kr/article/20260923500145,https://www.news2day.co.kr/article/20260923500145
연세대학교,이데일리,"‘3전4기’ 진양곤 HLB그룹 의장, 세 번 고배 끝에 美 FDA 신약 품다[화...",◇진양곤 HLB그룹 이사회 의장 약력 △1966년 부산광역시 출생 △1990년 원광대학교 법학과 졸업 △1993년 연세대학교 대학원 경제학 석사 △1991~1994년 부산은행 근무 △1994~1998년 평화은행 근무 △2004년 골든라이트...,2026-09-26 06:02,https://www.edaily.co.kr/News/Read?newsId=01554726645584056&mediaCodeNo=257&utm_source=naver&utm_medium=referral&utm_campaign=news_syndication&utm_content=original_article,https://n.news.naver.com/mnews/article/018/0006375588?sid=105
고려대학교,FNTIMES,50대 직장인의 고민(7) 지금 나의 경쟁력 [홍석환의 커리어 멘토링],"사업, 제품이나 서비스, 시장과 경쟁사를 고려한 전사적 의사결정을 한다. □ 2. 최근 3년 안에 내가 주도하여... [필자 홍석환은] 고려대에서 경영학을 공부했고 인사조직 박사과정을 마쳤다. 삼성 비서실과...",2026-09-26 06:02,https://www.fntimes.com/html/view.php?ud=202609231545573912c1c16452b0_18,https://www.fntimes.com/html/view.php?ud=202609231545573912c1c16452b0_18
서울대학교,아주경제,[기획] 거점국립대 통합 '연쇄 좌초'…벼랑 끝 내몰린 충청권 대학가 '패...,com 충남대학교 총동창회는 지난 18일 '갈등을 넘어 소통과 통합으로 충남대의 담대한 미래를 함께 열어야... 이른바 '서울대 10개 만들기' 선도대학 추가 선정에서도 탈락의 고배를 마셨다. 교통대에서는 총장 사퇴 요구가...,2026-09-26 06:02,https://www.ajunews.com/view/20260925180405239,https://www.ajunews.com/view/20260925180405239
연세대학교,중앙일보,연대 앞 식당들 3년도 못 버텼다…그 뒤엔 ‘메뚜기 대학생’,지난 11일 중앙대학교가 위치한 서울 동작구 흑석동. 정문 인근은 개강을 맞아 방학 때보다 오가는 학생이... 중앙대가 위치한 흑석동이 3.4년으로 가장 길었고 연세대 상권인 신촌동은 2.9년으로 가장 짧았다. 대학가...,2026-09-26 06:00,https://www.joongang.co.kr/article/25464827,https://n.news.naver.com/mnews/article/025/0003553821?sid=102
연세대학교,뉴시스,전세난에 주거 불안 커지자…생애최초 매수 43% 급증[벼랑 끝 세입자③...,"고준석 연세대 경영전문대학원 상남경영원 교수는 ""토지거래허가구역 지정, 비거주 1주택자 과세 강화 방침 등이 겹치면서 전세 매물은 줄어들고 가격은 올라가고 있다""며 ""전세 가격이 너무 비싸다보니 전세금을...",2026-09-26 06:00,https://www.newsis.com/view/NISX20260923_0003802554,https://n.news.naver.com/mnews/article/003/0014213949?sid=101
고려대학교,이투데이,추석 연휴 뒤 피로·무기력⋯명절증후군 예방법은?[명절 e건강~쏙],한규만 고려대학교 안암병원 정신건강의학과 교수는 “명절에는 평소와 다른 일정과 생활환경이 이어지면서 신체적인 피로뿐 아니라 심리적인 피로도 쌓일 수 있다”며 “명절을 즐겁게 보내야 한다는 생각에...,2026-09-26 06:00,https://www.etoday.co.kr/news/view/2628809,https://www.etoday.co.kr/news/view/2628809
고려대학교,중앙일보,연대 앞 식당들 3년도 못 버텼다…그 뒤엔 ‘메뚜기 대학생’,"지난 11일 중앙대학교가 위치한 서울 동작구 흑석동. 정문 인근은 개강을 맞아 방학 때보다 오가는 학생이... 각 대학 커뮤니티 등에 따르면 올해 들어 고려대 ‘영철버거’, 연세대 ‘훼드라라면’ 등 수십년간 학생들을...",2026-09-26 06:00,https://www.joongang.co.kr/article/25464827,https://n.news.naver.com/mnews/article/025/0003553821?sid=102
연세대학교,법률신문,"[포럼] 예비 법조인의 실력, 경연대회에서 키우자",연세대 로스쿨팀은 2025년 제15회 모의 국제상사중재 경연대회에서 준우승을 비롯해 최우수변론상과... 한동대 국제법률대학원팀 역시 2026년 제24회 적십자 국제인도법 모의재판 아시아·태평양지역대회에서...,2026-09-26 05:16,https://www.lawtimes.co.kr/news/articleView.html?idxno=226830,https://www.lawtimes.co.kr/news/articleView.html?idxno=226830
서울대학교,법률신문,[안경환 회고록] 판탈롱 디자이너 '조세핀 조'… 귀국한 어머니는 유명...,얼치기 법대생 서울법대생. 1960~70년대 대한민국 국민 누구나 부러워하는 청년 신분이었다. 장래가 절반쯤은... 폭탄의 뇌관을 터뜨린 것이다. 안경환 명예교수(서울대 로스쿨)·전 국가인권위원회 위원장,2026-09-26 05:02,https://www.lawtimes.co.kr/news/articleView.html?idxno=226669,https://www.lawtimes.co.kr/news/articleView.html?idxno=226669
서울대학교,노컷뉴스,'감원전' 기조서 선회?…원전 공론화 급물살[기후로운 경제생활],한국의 대표 기후경제학자 서울대 환경대학원 홍종호 교수와 함께합니다. 매주 목/금 오후 9시 업로드됩니다.... ■ 방송 : 유튜브 CBS 경제연구실 '기후로운 경제생활' ■ 진행 : 홍종호 서울대 환경대학원 교수 ■ 대담...,2026-09-26 05:02,https://www.nocutnews.co.kr/news/6583271?utm_source=naver&utm_medium=article&utm_campaign=20260926093508,https://n.news.naver.com/mnews/article/079/0004192928?sid=103
고려대학교,스포츠경향,"영탁, 차트2관왕·유튜브·SNS까지 인기 몰이 ‘GOGO’!···3집 ‘GOGO’...","오는 10월 3일부터 5일까지 서울 고려대학교 화정체육관에서 개최하는 단독 콘서트 ‘TAK SHOW5’를 통해 전국투어의 포문을 열며, 10월 24~25일 전주, 11월 28~29일 대구, 12월 19~20일 인천, 내년 1월 16~17일 부산에서...",2026-09-26 04:41,https://sports.khan.co.kr/article/202609260440003?pt=nv,https://m.entertain.naver.com/article/144/0001140440
고려대학교,NEWSQ,"카누·기계체조·농구, 한가위 효자종목 [2026 아시안게임]","이주영, 김승우(이상 연세대), 이동근(고려대), 구민교(성균관대)로 구성된 3X3 남자 대표팀은 나고야... 아시아 정상에 오르면서 병역 특례(군 면제)를 받은 평균 나이 21.7세의 대학생 4인은 올해 열릴 KBL 신인선수...",2026-09-26 02:46,https://www.newsq.co.kr/news/articleView.html?idxno=500256,https://www.newsq.co.kr/news/articleView.html?idxno=500256
연세대학교,NEWSQ,"카누·기계체조·농구, 한가위 효자종목 [2026 아시안게임]","이주영, 김승우(이상 연세대), 이동근(고려대), 구민교(성균관대)로 구성된 3X3 남자 대표팀은 나고야... 아시아 정상에 오르면서 병역 특례(군 면제)를 받은 평균 나이 21.7세의 대학생 4인은 올해 열릴 KBL 신인선수...",2026-09-26 02:46,https://www.newsq.co.kr/news/articleView.html?idxno=500256,https://www.newsq.co.kr/news/articleView.html?idxno=500256
서울대학교,뉴시스,"""AI 속도 조절론 속에 숨은 의도 있다""…서울대 교수가 본 빅테크의 셈...","윤성로 서울대학교 전기정보공학부 교수는 최근 SBS 인터뷰에서 AI 속도조절론에 대해 ""전력 질주를 해온 기업들이 실적이나 투자 부담 등 여러 이유로 천천히 달려보자고 하는 의도적인 발언일 가능성이 크다""고...",2026-09-26 00:43,https://www.newsis.com/view/NISX20260922_0003799948,https://n.news.naver.com/mnews/article/003/0014213839?sid=101
고려대학교,스포츠조선,"""대한민국 만세! 남자 농구 '美친' 금빛 겹경사"" 이현중 이어 3X3도 금메...","이주영(22) 김승우(21·이상 연세대) 이동근(23·고려대) 구민교(21·성균관대)의 평균 나이는 21.7세. 아직 프로 무대도 밟지 않은 대학생이다. 평균 신장 2ｍ의 카타르에 7.5cm 작았지만, '거인 군단'을 무너뜨리고 정상에...",2026-09-26 00:30,https://www.sportschosun.com/basketball/2026-09-25/202609250100171210011260,https://m.sports.naver.com/basketball/article/076/0004449698
연세대학교,스포츠조선,"""대한민국 만세! 남자 농구 '美친' 금빛 겹경사"" 이현중 이어 3X3도 금메...","이주영(22) 김승우(21·이상 연세대) 이동근(23·고려대) 구민교(21·성균관대)의 평균 나이는 21.7세. 아직 프로 무대도 밟지 않은 대학생이다. 평균 신장 2ｍ의 카타르에 7.5cm 작았지만, '거인 군단'을 무너뜨리고 정상에...",2026-09-26 00:30,https://www.sportschosun.com/basketball/2026-09-25/202609250100171210011260,https://m.sports.naver.com/basketball/article/076/0004449698
고려대학교,더팩트,"재판소원 반년, '4심제'는 일단 기우…첫 취소 결정이 시험대","차진아 고려대 법학전문대학원 교수는 ""재판소원은 법원의 확정재판을 대상으로 하는 만큼 대부분 대법원 판결을 두고 헌재와 대법원이 판단을 달리하는 문제가 될 것""이라며 ""헌재는 대법원도 납득할 수 있고 국민...",2026-09-26 00:01,https://news.tf.co.kr/read/life/2369729.htm,https://n.news.naver.com/mnews/article/629/0000536857?sid=102
서울대학교,YTN,'1.5℃ 붕괴' 코앞...온도 낮춰도 바다는 돌아오지 않는다,[국종성 / 서울대 지구환경과학부 교수 : 굉장히 비선형 시스템이라 그런 거고요. / 탁자에 이제 어떤 물컵이 있으면 걔를 옮긴단 말이죠. 이 포인트에서 넘어가게 되면 확 떨어지잖아요. 현재 시점에서 티핑 포인트가...,2026-09-25 23:33,https://www.ytn.co.kr/_ln/0108_202609252333321156,https://n.news.naver.com/mnews/article/052/0002411198?sid=103
연세대학교,MANIAREPORT,"'대학생 4인조가 해냈다' 남자 3대3 농구, 카타르 19-10 꺾고 AG 사상 첫...","이번 대표팀은 처음으로 프로 대신 대학 선수로 꾸려졌다. 트라이아웃과 진천선수촌 훈련을 거쳐 이주영, 김승우(이상 연세대), 이동근(고려대), 구민교(성균관대)가 최종 선발됐다. 2024년부터 팀을 맡은 배 감독의...",2026-09-25 23:15,https://www.maniareport.com/view.php?ud=202609252148449772dad9f33a29_19,https://m.sports.naver.com/basketball/article/425/0000208363
고려대학교,MANIAREPORT,"'대학생 4인조가 해냈다' 남자 3대3 농구, 카타르 19-10 꺾고 AG 사상 첫...","이번 대표팀은 처음으로 프로 대신 대학 선수로 꾸려졌다. 트라이아웃과 진천선수촌 훈련을 거쳐 이주영, 김승우(이상 연세대), 이동근(고려대), 구민교(성균관대)가 최종 선발됐다. 2024년부터 팀을 맡은 배 감독의...",2026-09-25 23:15,https://www.maniareport.com/view.php?ud=202609252148449772dad9f33a29_19,https://m.sports.naver.com/basketball/article/425/0000208363
서울대학교,MEDIAWATCH,[법조인 문학관] 가을 엽서 19 – 주광일,1979년 서울대학교 대학원에서 법학박사 학위를 취득했다. 2006년에는 미국 노스웨스턴대학교 로스쿨을... 서울지방검찰청 북부지청 차장검사로 있던 1989년 9월 18일부터 나흘간 홍콩에서 열린 아시아지역법률가회의에...,2026-09-25 23:14,https://www.mediawatch.kr/news/article.html?no=261173,https://www.mediawatch.kr/news/article.html?no=261173
서울대학교,MEDIAWATCH,[법조인 문학관] 가을 엽서 18 – 주광일,1979년 서울대학교 대학원에서 법학박사 학위를 취득했다. 2006년에는 미국 노스웨스턴대학교 로스쿨을... 서울지방검찰청 북부지청 차장검사로 있던 1989년 9월 18일부터 나흘간 홍콩에서 열린 아시아지역법률가회의에...,2026-09-25 23:12,https://www.mediawatch.kr/news/article.html?no=261172,https://www.mediawatch.kr/news/article.html?no=261172
연세대학교,STNSPORTS,"[2026 AG] 남자농구, AG서 3대3 경기까지 '금빛 슛' 쾌거","특히 지난 두 대회 당시엔 프로 선수들이 출전했음에도 이루지 못한 쾌거를 아마추어 대학생 선수들이 해내면서 의미를 더했다. 이주영, 김승우(이상 연세대), 이동근(고려대), 구민교(성균관대)의 4인조로 이뤄진 한국...",2026-09-25 23:03,https://www.stnsports.co.kr/news/articleView.html?idxno=323256,https://m.sports.naver.com/basketball/article/450/0000154473
고려대학교,STNSPORTS,"[2026 AG] 남자농구, AG서 3대3 경기까지 '금빛 슛' 쾌거","특히 지난 두 대회 당시엔 프로 선수들이 출전했음에도 이루지 못한 쾌거를 아마추어 대학생 선수들이 해내면서 의미를 더했다. 이주영, 김승우(이상 연세대), 이동근(고려대), 구민교(성균관대)의 4인조로 이뤄진 한국...",2026-09-25 23:03,https://www.stnsports.co.kr/news/articleView.html?idxno=323256,https://m.sports.naver.com/basketball/article/450/0000154473
고려대학교,SMARTBIZN,"[아시안게임] 프로 아닌 대학생들이 일군 역사, 남자 3대3 농구 금메달 ...","프로선수들도 아니고 대학생 4명이 이룬 이 종목 첫 금메달의 쾌거였다. 배길태 감독이 이끄는 한국 3대3... 이주영, 김승우(이상 연세대), 이동근(고려대), 구민교(성균관대)로 구성된 한국 3대3 대표팀은 결승에서...",2026-09-25 22:54,https://www.smartbizn.com/news/articleView.html?idxno=154853,https://www.smartbizn.com/news/articleView.html?idxno=154853
연세대학교,SMARTBIZN,"[아시안게임] 프로 아닌 대학생들이 일군 역사, 남자 3대3 농구 금메달 ...","프로선수들도 아니고 대학생 4명이 이룬 이 종목 첫 금메달의 쾌거였다. 배길태 감독이 이끄는 한국 3대3... 이주영, 김승우(이상 연세대), 이동근(고려대), 구민교(성균관대)로 구성된 한국 3대3 대표팀은 결승에서...",2026-09-25 22:54,https://www.smartbizn.com/news/articleView.html?idxno=154853,https://www.smartbizn.com/news/articleView.html?idxno=154853
연세대학교,뉴시스,"남자 3대3 농구, 韓선수단 역대 800번째 금메달…카약 2인승도 우승[나고...","지난 4월 국제농구연맹(FIBA) 3대3 아시아컵에서 준우승을 합작했던 이주영, 김승우(이상 연세대), 이동근(고려대), 구민교(성균관대)는 한국의 3대3 농구 새 역사를 작성했다. 배길태호는 종목 최초 아시안게임...",2026-09-25 22:54,https://www.newsis.com/view/NISX20260925_0003803520,https://n.news.naver.com/mnews/article/003/0014213815?sid=104
고려대학교,뉴시스,"남자 3대3 농구, 韓선수단 역대 800번째 금메달…카약 2인승도 우승[나고...","지난 4월 국제농구연맹(FIBA) 3대3 아시아컵에서 준우승을 합작했던 이주영, 김승우(이상 연세대), 이동근(고려대), 구민교(성균관대)는 한국의 3대3 농구 새 역사를 작성했다. 배길태호는 종목 최초 아시안게임...",2026-09-25 22:54,https://www.newsis.com/view/NISX20260925_0003803520,https://n.news.naver.com/mnews/article/003/0014213815?sid=104
연세대학교,매일일보,"3대3 남자농구, 카타르 꺾고 역대 첫 AG 금메달","이주영, 김승우(이상 연세대), 이동근(고려대), 구민교(성균관대)로 구성된 한국은 11-6으로 앞서던 경기 종료 1분 29초 전, 이동근과 이주영의 외곽포가 연달아 터지며 15-7로 단숨에 달아나 승기를 굳혔다. 이날...",2026-09-25 22:38,https://www.m-i.kr/news/articleView.html?idxno=1418053,https://www.m-i.kr/news/articleView.html?idxno=1418053
고려대학교,매일일보,"3대3 남자농구, 카타르 꺾고 역대 첫 AG 금메달","이주영, 김승우(이상 연세대), 이동근(고려대), 구민교(성균관대)로 구성된 한국은 11-6으로 앞서던 경기 종료 1분 29초 전, 이동근과 이주영의 외곽포가 연달아 터지며 15-7로 단숨에 달아나 승기를 굳혔다. 이날...",2026-09-25 22:38,https://www.m-i.kr/news/articleView.html?idxno=1418053,https://www.m-i.kr/news/articleView.html?idxno=1418053
서울대학교,경남일보,"양산상공회의소 ""서울대 김영민 교수 CEO 조찬세미나"" 개최",양산상공회의소(회장 박창현)는 지난 22일 회원기업 대표 및 기관장 등 120여 명이 참석한 가운데 서울대 정치외교학부 김영민 교수를 초청해 '인공지능 시대에 공부란 무엇인가'를 주제로 CEO 조찬세미나를 개최했다. 김...,2026-09-25 22:26,https://www.gnnews.co.kr/news/articleView.html?idxno=646212,https://www.gnnews.co.kr/news/articleView.html?idxno=646212
고려대학교,뉴시스,3대3 농구 사상 첫 금메달 감격…형님들 이어 아우들도 해냈다[나고야A...,"이주영, 김승우(이상 연세대), 이동근(고려대), 구민교(성균관대) 등 대학생 4인조로 이뤄진 3대3 대표팀이 2026 아이치·나고야 아시안게임에서 사상 첫 금메달을 일궜다. 배길태 감독이 이끄는 남자 3대3 농구 대표팀은...",2026-09-25 22:19,https://www.newsis.com/view/NISX20260925_0003803558,https://n.news.naver.com/mnews/article/003/0014213782?sid=104
연세대학교,뉴시스,3대3 농구 사상 첫 금메달 감격…형님들 이어 아우들도 해냈다[나고야A...,"이주영, 김승우(이상 연세대), 이동근(고려대), 구민교(성균관대) 등 대학생 4인조로 이뤄진 3대3 대표팀이 2026 아이치·나고야 아시안게임에서 사상 첫 금메달을 일궜다. 배길태 감독이 이끄는 남자 3대3 농구 대표팀은...",2026-09-25 22:19,https://www.newsis.com/view/NISX20260925_0003803558,https://n.news.naver.com/mnews/article/003/0014213782?sid=104
서울대학교,kbc광주방송,"""지역대학 혁신해 지방소멸 막는다""...최교진 교육부 장관에게 듣는다",실제로 '서울대 10개 만들기'에 선정된 전남대와 부산대 등에 패키지 형태로 5년간 해마다 700억 원을 지원합니다. 이를 통해 서남권 반도체 프로젝트를 비롯해 융합 연구와 지역인재 육성의 중심 역할을 맡기고 지역...,2026-09-25 22:14,https://www.ikbc.co.kr/article/view/kbc202609250040,https://n.news.naver.com/mnews/article/660/0000117898?sid=100
연세대학교,NEWSCJ,"[아시안게임] 3대3 남자농구 사상 첫 금메달 쾌거… 대학생 4인조, 우승...","이주영, 김승우(이상 연세대), 이동근(고려대), 구민교(성균관대)가 나선 한국은 평균 신장 2ｍ의 카타르를 상대로 압도적인 경기력을 뽐냈다. 이주영은 2점 슛 3개 포함 9점으로 양 팀 통틀어 최다 득점을 올리며...",2026-09-25 21:54,https://www.newscj.com/news/articleView.html?idxno=3435613,https://www.newscj.com/news/articleView.html?idxno=3435613
고려대학교,NEWSCJ,"[아시안게임] 3대3 남자농구 사상 첫 금메달 쾌거… 대학생 4인조, 우승...","이주영, 김승우(이상 연세대), 이동근(고려대), 구민교(성균관대)가 나선 한국은 평균 신장 2ｍ의 카타르를 상대로 압도적인 경기력을 뽐냈다. 이주영은 2점 슛 3개 포함 9점으로 양 팀 통틀어 최다 득점을 올리며...",2026-09-25 21:54,https://www.newscj.com/news/articleView.html?idxno=3435613,https://www.newscj.com/news/articleView.html?idxno=3435613
연세대학교,전남일보,"한국 3대3 남자 농구 대표팀, 아시안게임 사상 첫 금메달","대표팀은 배길태 감독 지휘 아래 이주영·김승우(이상 연세대), 이동근(고려대), 구민교(성균관대) 등 대학생 선수들로 구성됐다. 한국은 평균 신장 2m에 달하는 카타르를 상대로 빠른 공격과 외곽슛을 앞세워 경기를...",2026-09-25 21:42,https://www.jnilbo.com/news/articleView.html?idxno=90000068681,https://www.jnilbo.com/news/articleView.html?idxno=90000068681
고려대학교,전남일보,"한국 3대3 남자 농구 대표팀, 아시안게임 사상 첫 금메달","대표팀은 배길태 감독 지휘 아래 이주영·김승우(이상 연세대), 이동근(고려대), 구민교(성균관대) 등 대학생 선수들로 구성됐다. 한국은 평균 신장 2m에 달하는 카타르를 상대로 빠른 공격과 외곽슛을 앞세워 경기를...",2026-09-25 21:42,https://www.jnilbo.com/news/articleView.html?idxno=90000068681,https://www.jnilbo.com/news/articleView.html?idxno=90000068681
고려대학교,경향신문,"평균 21.7세 대학생 4명, 프로 한 명 없이 아시아 제패…한국 3대3 농구...","이번 금메달은 프로 선수가 아닌 대학생 4명이 일궜다는 점에서 더욱 의미가 컸다. 이주영, 김승우(이상 연세대), 이동근(고려대), 구민교(성균관대)로 구성된 대표팀의 평균 나이는 21.7세다. 네 선수 모두 아직 프로...",2026-09-25 21:32,https://www.khan.co.kr/article/202609252132001,https://n.news.naver.com/mnews/article/032/0003472490?sid=104
연세대학교,경향신문,"평균 21.7세 대학생 4명, 프로 한 명 없이 아시아 제패…한국 3대3 농구...","이번 금메달은 프로 선수가 아닌 대학생 4명이 일궜다는 점에서 더욱 의미가 컸다. 이주영, 김승우(이상 연세대), 이동근(고려대), 구민교(성균관대)로 구성된 대표팀의 평균 나이는 21.7세다. 네 선수 모두 아직 프로...",2026-09-25 21:32,https://www.khan.co.kr/article/202609252132001,https://n.news.naver.com/mnews/article/032/0003472490?sid=104
연세대학교,스포티비뉴스,"男 금메달→女 결승진출→3대3 농구도 최정상 올랐다! 사상 첫 우승, 한...","프로가 아닌 대학 선수들이 만들어낸 성과였다. 한국은 트라이아웃을 통해 대표팀 명단을 꾸린 뒤... 이주영, 김승우(이상 연세대), 이동근(고려대), 구민교(성균관대)로 구성된 대표팀은 올해 4월 열린 국제농구연맹...",2026-09-25 21:18,https://www.spotvnews.co.kr/news/articleView.html?idxno=1009616,https://m.sports.naver.com/basketball/article/477/0000629982
연세대학교,헤럴드경제,"3대3 남자농구, 아시안게임 사상 첫 금메달…결승서 카타르 19-10 제압","대표팀은 이주영(22), 김승우(21·이상 연세대), 이동근(23·고려대), 구민교(21·성균관대) 등 프로 무대를 밟지 않은 대학생 4명으로 꾸려졌다. 평균 나이는 21.7세다. 결승 상대 카타르의 평균 신장은 2m로, 한국보다 7.5...",2026-09-25 21:18,https://biz.heraldcorp.com/article/10884690?ref=naver,https://n.news.naver.com/mnews/article/016/0002701899?sid=104
고려대학교,스포티비뉴스,"男 금메달→女 결승진출→3대3 농구도 최정상 올랐다! 사상 첫 우승, 한...","프로가 아닌 대학 선수들이 만들어낸 성과였다. 한국은 트라이아웃을 통해 대표팀 명단을 꾸린 뒤... 이주영, 김승우(이상 연세대), 이동근(고려대), 구민교(성균관대)로 구성된 대표팀은 올해 4월 열린 국제농구연맹...",2026-09-25 21:18,https://www.spotvnews.co.kr/news/articleView.html?idxno=1009616,https://m.sports.naver.com/basketball/article/477/0000629982
고려대학교,헤럴드경제,"3대3 남자농구, 아시안게임 사상 첫 금메달…결승서 카타르 19-10 제압","대표팀은 이주영(22), 김승우(21·이상 연세대), 이동근(23·고려대), 구민교(21·성균관대) 등 프로 무대를 밟지 않은 대학생 4명으로 꾸려졌다. 평균 나이는 21.7세다. 결승 상대 카타르의 평균 신장은 2m로, 한국보다 7.5...",2026-09-25 21:18,https://biz.heraldcorp.com/article/10884690?ref=naver,https://n.news.naver.com/mnews/article/016/0002701899?sid=104
고려대학교,뉴시스,"남자 3대3 농구, 사상 첫 金 ""누구보다 열심히 했다고 자부해""(종합2보)...","지난 4월 국제농구연맹(FIBA) 3대3 아시아컵에서 준우승을 합작했던 이주영, 김승우(이상 연세대), 이동근(고려대), 구민교(성균관대)는 한국의 3대3 농구 새 역사를 작성했다. 이주영이 9점을 쏘며 팀 승리에 앞장섰다....",2026-09-25 21:15,https://www.newsis.com/view/NISX20260925_0003803553,https://n.news.naver.com/mnews/article/003/0014213747?sid=104
연세대학교,뉴시스,"남자 3대3 농구, 사상 첫 金 ""누구보다 열심히 했다고 자부해""(종합2보)...","지난 4월 국제농구연맹(FIBA) 3대3 아시아컵에서 준우승을 합작했던 이주영, 김승우(이상 연세대), 이동근(고려대), 구민교(성균관대)는 한국의 3대3 농구 새 역사를 작성했다. 이주영이 9점을 쏘며 팀 승리에 앞장섰다....",2026-09-25 21:15,https://www.newsis.com/view/NISX20260925_0003803553,https://n.news.naver.com/mnews/article/003/0014213747?sid=104
고려대학교,DAILYSPORTSHANKOOK,"[아시안게임] 3대3 남자농구, 카타르 꺾고 사상 첫 金…한국 '통산 800호...","프로선수 대신 대학 무대를 누비는 유망주들로 구성된 '젊은 피 4인조'의 파격적인 선택이 결실을 맺었다. 이주영, 김승우(이상 연세대), 이동근(고려대), 구민교(성균관대)로 구성된 대표팀은 배길태 감독의 철저한...",2026-09-25 21:08,https://www.dailysportshankook.co.kr/news/articleView.html?idxno=433862,https://www.dailysportshankook.co.kr/news/articleView.html?idxno=433862
연세대학교,DAILYSPORTSHANKOOK,"[아시안게임] 3대3 남자농구, 카타르 꺾고 사상 첫 金…한국 '통산 800호...","프로선수 대신 대학 무대를 누비는 유망주들로 구성된 '젊은 피 4인조'의 파격적인 선택이 결실을 맺었다. 이주영, 김승우(이상 연세대), 이동근(고려대), 구민교(성균관대)로 구성된 대표팀은 배길태 감독의 철저한...",2026-09-25 21:08,https://www.dailysportshankook.co.kr/news/articleView.html?idxno=433862,https://www.dailysportshankook.co.kr/news/articleView.html?idxno=433862
고려대학교,매일경제,‘명절증후군’ 걱정이라면...수면 리듬부터 챙겨야,"한규만 고려대 안암병원 정신건강의학과 교수는 “명절 전후로 일시적인 피로감이나 스트레스를 느끼는 것은 자연스러운 반응일 수 있다”면서도 “연휴가 끝난 뒤에도 우울감이나 불안, 수면 문제 등이 지속되거나...",2026-09-25 21:01,https://www.mk.co.kr/article/12159355,https://n.news.naver.com/mnews/article/024/0000108485?sid=101
고려대학교,SPORTALKOREA,"이정현·유기상 이어 이주영·김승우도 일냈다! 韓 3X3 남자농구, 사상 ...","이동근(고려대), 구민교(성균관대), 이주영·김승우(이하 연세대)로 이뤄진 이번 대표팀은 한국에서 열린... 선수 선발 트라이아웃을 진행했고, 4명의 선수는 대학 리그에 출전하지 않고 3X3 농구에 집중하며 빠르게...",2026-09-25 21:01,https://www.sportalkorea.com/news/articleView.html?idxno=2025052909553567657,https://m.sports.naver.com/basketball/article/139/0002253655
연세대학교,SPORTALKOREA,"이정현·유기상 이어 이주영·김승우도 일냈다! 韓 3X3 남자농구, 사상 ...","이동근(고려대), 구민교(성균관대), 이주영·김승우(이하 연세대)로 이뤄진 이번 대표팀은 한국에서 열린... 선수 선발 트라이아웃을 진행했고, 4명의 선수는 대학 리그에 출전하지 않고 3X3 농구에 집중하며 빠르게...",2026-09-25 21:01,https://www.sportalkorea.com/news/articleView.html?idxno=2025052909553567657,https://m.sports.naver.com/basketball/article/139/0002253655
고려대학교,파이낸셜뉴스,"""평균 2m 중동 거인들을 대학생 4명이 박살 냈다"" 韓 3대3 농구, 사상 첫...","하지만 이주영, 김승우(이상 연세대), 이동근(고려대), 구민교(성균관대)로 똘똘 뭉친 '대학생 어벤져스'에게 높이의 열세는 아무런 장애물이 되지 못했다. 승부처는 11-6으로 앞서가던 경기 종료 1분 29초 전이었다....",2026-09-25 20:59,https://www.fnnews.com/news/202609252055141822,https://n.news.naver.com/mnews/article/014/0005580857?sid=104
연세대학교,파이낸셜뉴스,"""평균 2m 중동 거인들을 대학생 4명이 박살 냈다"" 韓 3대3 농구, 사상 첫...","하지만 이주영, 김승우(이상 연세대), 이동근(고려대), 구민교(성균관대)로 똘똘 뭉친 '대학생 어벤져스'에게 높이의 열세는 아무런 장애물이 되지 못했다. 승부처는 11-6으로 앞서가던 경기 종료 1분 29초 전이었다....",2026-09-25 20:59,https://www.fnnews.com/news/202609252055141822,https://n.news.naver.com/mnews/article/014/0005580857?sid=104
연세대학교,연합뉴스,"[아시안게임] ""형들처럼 우리도""…3대3 농구 '청춘 4인조'가 쓴 금빛 드...","이주영(22), 김승우(이상 연세대·21), 이동근(고려대·23), 구민교(성균관대·21) 등 대학생 선수들로만 꾸려진 한국은 카타르에 비해 평균 신장이 7.5cm 작았지만, 그 대신 두려움 없는 투지와 패기로 체격의 한계를 지워냈다....",2026-09-25 20:58,https://www.yna.co.kr/view/AKR20260925044300007?input=1195m,https://n.news.naver.com/mnews/article/001/0016336350?sid=104
연세대학교,경북매일,"대학생 4총사 ‘금빛 슛’…한국 3X3 농구, 사상 첫 아시아 정상","주인공은 이주영·김승우(이상 연세대), 이동근(고려대), 구민교(성균관대) 등 대학생 4인방이었다. 결승에서도 한국의 공격력은 거침없었다. 5-4에서 이주영의 자유투를 시작으로 연속 득점을 몰아쳐 9-4까지 달아났다....",2026-09-25 20:58,https://www.kbmaeil.com/article/20260925500112,https://www.kbmaeil.com/article/20260925500112
고려대학교,스포츠월드,"이동근·이주영·김승우·구민교, 3x3 金 “우리 콘셉트 ‘말도 안 되기...","사진=AG 조직위원회 제공 대학생들의 패기가 정상에 닿았다. 이주영, 김승우(이상 연세대), 이동근(고려대)... 이주영은 “과정이 어려웠다기보단 대학교 4학년이면 다 겪어야 할 과정이라고 생각했다. 그 와중에 정말...",2026-09-25 20:58,https://www.sportsworldi.com/newsView/20260925508368,https://m.sports.naver.com/basketball/article/396/0000756313
연세대학교,스포츠월드,"이동근·이주영·김승우·구민교, 3x3 金 “우리 콘셉트 ‘말도 안 되기...","사진=AG 조직위원회 제공 대학생들의 패기가 정상에 닿았다. 이주영, 김승우(이상 연세대), 이동근(고려대)... 이주영은 “과정이 어려웠다기보단 대학교 4학년이면 다 겪어야 할 과정이라고 생각했다. 그 와중에 정말...",2026-09-25 20:58,https://www.sportsworldi.com/newsView/20260925508368,https://m.sports.naver.com/basketball/article/396/0000756313
고려대학교,연합뉴스,"[아시안게임] ""형들처럼 우리도""…3대3 농구 '청춘 4인조'가 쓴 금빛 드...","이주영(22), 김승우(이상 연세대·21), 이동근(고려대·23), 구민교(성균관대·21) 등 대학생 선수들로만 꾸려진 한국은 카타르에 비해 평균 신장이 7.5cm 작았지만, 그 대신 두려움 없는 투지와 패기로 체격의 한계를 지워냈다....",2026-09-25 20:58,https://www.yna.co.kr/view/AKR20260925044300007?input=1195m,https://n.news.naver.com/mnews/article/001/0016336350?sid=104
고려대학교,경북매일,"대학생 4총사 ‘금빛 슛’…한국 3X3 농구, 사상 첫 아시아 정상","주인공은 이주영·김승우(이상 연세대), 이동근(고려대), 구민교(성균관대) 등 대학생 4인방이었다. 결승에서도 한국의 공격력은 거침없었다. 5-4에서 이주영의 자유투를 시작으로 연속 득점을 몰아쳐 9-4까지 달아났다....",2026-09-25 20:58,https://www.kbmaeil.com/article/20260925500112,https://www.kbmaeil.com/article/20260925500112
연세대학교,아시아경제,"[나고야AG]한국 남자 3대3 농구, 사상 첫 금…카타르 19-10 제압","이주영·김승우(이상 연세대), 이동근(고려대), 구민교(성균관대)로 구성된 한국은 평균 신장 2ｍ의 카타르를 상대로 경기 내내 주도권을 잡았다. 11-6으로 앞선 경기 종료 1분29초 전 이동근과 이주영의 외곽포가...",2026-09-25 20:53,https://view.asiae.co.kr/article/2026092520533395590,https://n.news.naver.com/mnews/article/277/0005820911?sid=104
고려대학교,아시아경제,"[나고야AG]한국 남자 3대3 농구, 사상 첫 금…카타르 19-10 제압","이주영·김승우(이상 연세대), 이동근(고려대), 구민교(성균관대)로 구성된 한국은 평균 신장 2ｍ의 카타르를 상대로 경기 내내 주도권을 잡았다. 11-6으로 앞선 경기 종료 1분29초 전 이동근과 이주영의 외곽포가...",2026-09-25 20:53,https://view.asiae.co.kr/article/2026092520533395590,https://n.news.naver.com/mnews/article/277/0005820911?sid=104
연세대학교,데일리안,마줄스호 이어 3대3 농구도 AG 금메달…한국 농구 겹경사,"이주영, 김승우(이상 연세대), 이동근(고려대), 구민교(성균관대) 등 대학 농구 특급 유망주들로 구성된 대표팀은 올해 4월 국제농구연맹(FIBA) 3대3 아시아컵 준우승을 합작했고, 지난달 FIBA 유스 네이션스리그 중앙...",2026-09-25 20:52,https://www.dailian.co.kr/news/view/1694508/?sc=Naver,https://n.news.naver.com/mnews/article/119/0003136362?sid=104
고려대학교,데일리안,마줄스호 이어 3대3 농구도 AG 금메달…한국 농구 겹경사,"이주영, 김승우(이상 연세대), 이동근(고려대), 구민교(성균관대) 등 대학 농구 특급 유망주들로 구성된 대표팀은 올해 4월 국제농구연맹(FIBA) 3대3 아시아컵 준우승을 합작했고, 지난달 FIBA 유스 네이션스리그 중앙...",2026-09-25 20:52,https://www.dailian.co.kr/news/view/1694508/?sc=Naver,https://n.news.naver.com/mnews/article/119/0003136362?sid=104
연세대학교,미디어파인,"한국 3대3 남자 농구, 카타르 꺾고 사상 첫 아시안게임 금메달","이주영과 김승우(이상 연세대), 이동근(고려대), 구민교(성균관대)로 구성된 대표팀은 평균 신장 2ｍ의 카타르를 상대로 경기 주도권을 놓치지 않았다. 승부처에서는 외곽포가 빛났다. 한국은 11-6으로 앞선 경기 종료...",2026-09-25 20:48,https://www.mediafine.co.kr/news/articleView.html?idxno=90836,https://www.mediafine.co.kr/news/articleView.html?idxno=90836
고려대학교,미디어파인,"한국 3대3 남자 농구, 카타르 꺾고 사상 첫 아시안게임 금메달","이주영과 김승우(이상 연세대), 이동근(고려대), 구민교(성균관대)로 구성된 대표팀은 평균 신장 2ｍ의 카타르를 상대로 경기 주도권을 놓치지 않았다. 승부처에서는 외곽포가 빛났다. 한국은 11-6으로 앞선 경기 종료...",2026-09-25 20:48,https://www.mediafine.co.kr/news/articleView.html?idxno=90836,https://www.mediafine.co.kr/news/articleView.html?idxno=90836
고려대학교,뉴스1,아우들도 해냈다…男 농구 '금빛 배턴' 이어받은 대학생 4인방[AG],"무엇보다 이번 금메달이 특별한 것은 프로 선수 한 명 없이 대학생들만으로 이뤄냈다는 점이다. 주인공은 이주영·김승우(이상 연세대), 이동근(고려대), 구민교(성균관대)다. 한국 농구의 미래를 책임질 유망주 4명이...",2026-09-25 20:44,https://www.news1.kr/sports/basketball/6301748,https://n.news.naver.com/mnews/article/421/0009191747?sid=104
연세대학교,뉴스1,아우들도 해냈다…男 농구 '금빛 배턴' 이어받은 대학생 4인방[AG],"무엇보다 이번 금메달이 특별한 것은 프로 선수 한 명 없이 대학생들만으로 이뤄냈다는 점이다. 주인공은 이주영·김승우(이상 연세대), 이동근(고려대), 구민교(성균관대)다. 한국 농구의 미래를 책임질 유망주 4명이...",2026-09-25 20:44,https://www.news1.kr/sports/basketball/6301748,https://n.news.naver.com/mnews/article/421/0009191747?sid=104
연세대학교,글로벌이코노믹,"한국 남자 3대3 농구, 아시안게임 첫 금메달…‘대학생 4인조’ 새 역사","이번 대표팀은 앞선 대회와 달리 프로 선수가 아닌 대학 선수들로 꾸려졌다. 이주영·김승우(이상 연세대), 이동근(고려대), 구민교(성균관대)가 최종 4인으로 선발돼 국제대회를 치르며 호흡을 맞췄다. 대표팀은 올해...",2026-09-25 20:40,https://www.g-enews.com/view.php?ud=202609252039073797740eacf404_1,https://www.g-enews.com/view.php?ud=202609252039073797740eacf404_1
고려대학교,글로벌이코노믹,"한국 남자 3대3 농구, 아시안게임 첫 금메달…‘대학생 4인조’ 새 역사","이번 대표팀은 앞선 대회와 달리 프로 선수가 아닌 대학 선수들로 꾸려졌다. 이주영·김승우(이상 연세대), 이동근(고려대), 구민교(성균관대)가 최종 4인으로 선발돼 국제대회를 치르며 호흡을 맞췄다. 대표팀은 올해...",2026-09-25 20:40,https://www.g-enews.com/view.php?ud=202609252039073797740eacf404_1,https://www.g-enews.com/view.php?ud=202609252039073797740eacf404_1
고려대학교,kbc광주방송,"[아시안게임]한국 3대3 남자농구, 아시안게임 사상 첫 금메달 쾌거","이주영, 김승우(이상 연세대), 이동근(고려대), 구민교(성균관대)로 구성된 한국은 이날 평균 신장 2ｍ의 카타르를 상대로 압도적인 화력을 뽐냈습니다. 11-6으로 앞서던 경기 종료 1분 29초 전, 이동근과 이주영의...",2026-09-25 20:38,https://www.ikbc.co.kr/article/view/kbc202609250035,https://n.news.naver.com/mnews/article/660/0000117893?sid=104
연세대학교,kbc광주방송,"[아시안게임]한국 3대3 남자농구, 아시안게임 사상 첫 금메달 쾌거","이주영, 김승우(이상 연세대), 이동근(고려대), 구민교(성균관대)로 구성된 한국은 이날 평균 신장 2ｍ의 카타르를 상대로 압도적인 화력을 뽐냈습니다. 11-6으로 앞서던 경기 종료 1분 29초 전, 이동근과 이주영의...",2026-09-25 20:38,https://www.ikbc.co.kr/article/view/kbc202609250035,https://n.news.naver.com/mnews/article/660/0000117893?sid=104
연세대학교,매일경제,"한국 3대3 남자 농구, 카타르 제압하고 AG 첫 금메달","이주영, 김승우(이상 연세대), 이동근(고려대), 구민교(성균관대)가 힘을 합친 한국은 금메달을 목에 걸며 한국 3대3 농구의 새역사를 썼다. 네 선수는 이날 카타르를 압도하는 모습을 보여줬다. 기선 제압에 성공한...",2026-09-25 20:37,https://www.mk.co.kr/article/12161456,https://n.news.naver.com/mnews/article/009/0005740025?sid=104
고려대학교,매일경제,"한국 3대3 남자 농구, 카타르 제압하고 AG 첫 금메달","이주영, 김승우(이상 연세대), 이동근(고려대), 구민교(성균관대)가 힘을 합친 한국은 금메달을 목에 걸며 한국 3대3 농구의 새역사를 썼다. 네 선수는 이날 카타르를 압도하는 모습을 보여줬다. 기선 제압에 성공한...",2026-09-25 20:37,https://www.mk.co.kr/article/12161456,https://n.news.naver.com/mnews/article/009/0005740025?sid=104
연세대학교,서울신문,남자 농구 3X3 사상 첫 우승! 카타르 꺾고 800번째 金 주인공 됐다,"이주영, 김승우(이상 연세대), 이동근(고려대), 구민교(성균관대)로 구성된 한국은 조별리그에서 태국, 일본, 싱가포르를 연거푸 격파하며 토너먼트에 진출했다. 8강에서는 중국을 22-13, 4강에서는 필리핀을 21-9로...",2026-09-25 20:34,https://www.seoul.co.kr/news/sport/Asiangame2026-aichi-nagoya/2026/09/25/20260925500076?wlog_tag3=naver,https://n.news.naver.com/mnews/article/081/0003683541?sid=104
고려대학교,서울신문,남자 농구 3X3 사상 첫 우승! 카타르 꺾고 800번째 金 주인공 됐다,"이주영, 김승우(이상 연세대), 이동근(고려대), 구민교(성균관대)로 구성된 한국은 조별리그에서 태국, 일본, 싱가포르를 연거푸 격파하며 토너먼트에 진출했다. 8강에서는 중국을 22-13, 4강에서는 필리핀을 21-9로...",2026-09-25 20:34,https://www.seoul.co.kr/news/sport/Asiangame2026-aichi-nagoya/2026/09/25/20260925500076?wlog_tag3=naver,https://n.news.naver.com/mnews/article/081/0003683541?sid=104
고려대학교,KBS,‘농구 전성시대’ 남자 3대3 농구도 금메달…사상 첫 정상 쾌거,"이주영과 김승우(이상 연세대), 이동근(고려대), 구민교(성균관대)로 구성된 한국은 이날 평균 신장 2ｍ에 달하는 카타르를 상대로 압도적인 화력을 뽐냈습니다. 11 대 6으로 앞서던 경기 종료 1분 29초 전, 이동근과...",2026-09-25 20:32,https://news.kbs.co.kr/news/pc/view/view.do?ncd=8671647&ref=A,https://n.news.naver.com/mnews/article/056/0012263349?sid=104
연세대학교,KBS,‘농구 전성시대’ 남자 3대3 농구도 금메달…사상 첫 정상 쾌거,"이주영과 김승우(이상 연세대), 이동근(고려대), 구민교(성균관대)로 구성된 한국은 이날 평균 신장 2ｍ에 달하는 카타르를 상대로 압도적인 화력을 뽐냈습니다. 11 대 6으로 앞서던 경기 종료 1분 29초 전, 이동근과...",2026-09-25 20:32,https://news.kbs.co.kr/news/pc/view/view.do?ncd=8671647&ref=A,https://n.news.naver.com/mnews/article/056/0012263349?sid=104
고려대학교,스포츠서울,한국 농구 ‘경사’ 났다! 3X3 농구 ‘사상 첫’ 금메달 쾌거…韓 AG 통...,"이주영, 김승우(이상 연세대), 이동근(고려대), 구민교(성균관대)로 구성된 한국은 이날 평균 신장 2ｍ의 카타르를 상대로 압도적인 화력을 뽐냈다. 이주영은 2점슛 3개를 포함해 양 팀 통틀어 최다인 9점을 몰아치며...",2026-09-25 20:31,https://www.sportsseoul.com/news/read/1637526?ref=naver,https://m.sports.naver.com/basketball/article/468/0001268716
연세대학교,스포츠서울,한국 농구 ‘경사’ 났다! 3X3 농구 ‘사상 첫’ 금메달 쾌거…韓 AG 통...,"이주영, 김승우(이상 연세대), 이동근(고려대), 구민교(성균관대)로 구성된 한국은 이날 평균 신장 2ｍ의 카타르를 상대로 압도적인 화력을 뽐냈다. 이주영은 2점슛 3개를 포함해 양 팀 통틀어 최다인 9점을 몰아치며...",2026-09-25 20:31,https://www.sportsseoul.com/news/read/1637526?ref=naver,https://m.sports.naver.com/basketball/article/468/0001268716
고려대학교,이데일리,"‘2m 장신군단’ 넘었다… 한국 3대3 농구, 사상 첫 AG 금메달","사진=연합뉴스 이주영·김승우(이상 연세대), 이동근(고려대), 구민교(성균관대) 등 대학 선수 4명이 힘을 모아 이룬 우승이다. 한국은 3대3 농구가 아시안게임 정식 종목으로 처음 채택된 2018 자카르타·팔렘방...",2026-09-25 20:30,https://www.edaily.co.kr/News/Read?newsId=02538726645583728&mediaCodeNo=257&utm_source=naver&utm_medium=referral&utm_campaign=news_syndication&utm_content=original_article,https://n.news.naver.com/mnews/article/018/0006375556?sid=104
연세대학교,한겨레,대학생 네 명이 완성한 청춘 드라마…한국 남자 3대3 농구 사상 첫 금,"이번에 처음으로 프로 선수가 아닌 대학 선수를 내세웠는데 ‘청춘’들이 ‘금빛 슛’을 던졌다. 김승우(21)와 이주영(22·이상 연세대), 구민교(21·성균관대), 이동근(23·고려대)으로 구성된 대표팀은 올해 1월부터...",2026-09-25 20:30,https://www.hani.co.kr/arti/sports/sportstemp/asiangame/1279477.html,https://n.news.naver.com/mnews/article/028/0002824667?sid=104
연세대학교,이데일리,"‘2m 장신군단’ 넘었다… 한국 3대3 농구, 사상 첫 AG 금메달","사진=연합뉴스 이주영·김승우(이상 연세대), 이동근(고려대), 구민교(성균관대) 등 대학 선수 4명이 힘을 모아 이룬 우승이다. 한국은 3대3 농구가 아시안게임 정식 종목으로 처음 채택된 2018 자카르타·팔렘방...",2026-09-25 20:30,https://www.edaily.co.kr/News/Read?newsId=02538726645583728&mediaCodeNo=257&utm_source=naver&utm_medium=referral&utm_campaign=news_syndication&utm_content=original_article,https://n.news.naver.com/mnews/article/018/0006375556?sid=104
고려대학교,한겨레,대학생 네 명이 완성한 청춘 드라마…한국 남자 3대3 농구 사상 첫 금,"김승우(21)와 이주영(22·이상 연세대), 구민교(21·성균관대), 이동근(23·고려대)으로 구성된 대표팀은 올해 1월부터 호흡을 맞췄다. 모두 대학 농구팀에서 맞붙는 에이스들인데, 한팀이 된 뒤 아시아컵 은메달...",2026-09-25 20:30,https://www.hani.co.kr/arti/sports/sportstemp/asiangame/1279477.html,https://n.news.naver.com/mnews/article/028/0002824667?sid=104
연세대학교,스포츠경향,"대학생으로 구성된 남자 3대3 농구, AG 사상 첫 금메달···한국 농구 ‘...","앞선 두 대회와 달리 이번에 한국 3대3 농구 대표팀은 처음으로 프로 선수가 아닌 대학 선수를 내세워... 이주영, 김승우(이상 연세대), 이동근(고려대), 구민교(성균관대)로 뭉친 대표팀은 올해 4월 국제농구연맹(FIBA)...",2026-09-25 20:29,https://sports.khan.co.kr/article/202609252028003?pt=nv,https://m.sports.naver.com/basketball/article/144/0001140421
고려대학교,스포츠경향,"대학생으로 구성된 남자 3대3 농구, AG 사상 첫 금메달···한국 농구 ‘...","앞선 두 대회와 달리 이번에 한국 3대3 농구 대표팀은 처음으로 프로 선수가 아닌 대학 선수를 내세워... 이주영, 김승우(이상 연세대), 이동근(고려대), 구민교(성균관대)로 뭉친 대표팀은 올해 4월 국제농구연맹(FIBA)...",2026-09-25 20:29,https://sports.khan.co.kr/article/202609252028003?pt=nv,https://m.sports.naver.com/basketball/article/144/0001140421
고려대학교,톱스타뉴스,"[아시안게임] 3대3 농구 한국, 카타르 꺾고 첫 금…통산 800호","○ 2018년 은메달 넘어 마침내 첫 정상 배길태 감독이 이끄는 대표팀은 이주영·김승우(이상 연세대), 이동근(고려대), 구민교(성균관대)로 이번 대회에 나섰다. 한국 남자 3대3 농구가 아시안게임 정상에 오른 것은...",2026-09-25 20:28,https://www.topstarnews.net/news/articleView.html?idxno=16213024,https://www.topstarnews.net/news/articleView.html?idxno=16213024
연세대학교,톱스타뉴스,"[아시안게임] 3대3 농구 한국, 카타르 꺾고 첫 금…통산 800호","○ 2018년 은메달 넘어 마침내 첫 정상 배길태 감독이 이끄는 대표팀은 이주영·김승우(이상 연세대), 이동근(고려대), 구민교(성균관대)로 이번 대회에 나섰다. 한국 남자 3대3 농구가 아시안게임 정상에 오른 것은...",2026-09-25 20:28,https://www.topstarnews.net/news/articleView.html?idxno=16213024,https://www.topstarnews.net/news/articleView.html?idxno=16213024
서울대학교,아시아경제,"""한국 학생들은 대체 어떻게?""…SAT 만점 베트남 천재가 KAIST 와서 놀란...","서울대와 KAIST의 장학금 제안 가운데 최종적으로 KAIST를 선택했다. 앞서 베트남 대기업 빈그룹이 설립한 빈대학, 한국의 서울대학교로 등으로부터 전액 장학금 제안을 받았지만 지앙 학생은 KAIST 컴퓨터공학과를...",2026-09-25 20:23,https://view.asiae.co.kr/article/2026092520181754524,https://n.news.naver.com/mnews/article/277/0005820909?sid=102
연세대학교,조선일보,"프로 없이 대학생으로만… 3x3 男농구, 6전 전승으로 첫 금메달","3줄 요약 ㆍ한국 3대3 농구 첫 아시안게임 금메달 ㆍ대학 선수단 6전 전승, 카타르 19-10 제압 ㆍ여자팀 사상... 연세대 듀오인 이주영과 김승우가 각각 9점과 5점을 꽂으며 승리를 견인했다. 이동근(고려대)과 구민교...",2026-09-25 20:22,https://www.chosun.com/sports/sports_special/2026/09/25/2HRMHIRI6RCIJDFVEIWRSMMYHM/?utm_source=naver&utm_medium=referral&utm_campaign=naver-news,https://n.news.naver.com/mnews/article/023/0004000410?sid=104
연세대학교,뉴시스,"남자 3대3 농구, 카타르 꺾고 사상 첫 금메달…여자부는 銅(종합)[나고야...","지난 4월 국제농구연맹(FIBA) 3대3 아시아컵에서 준우승을 합작했던 이주영, 김승우(이상 연세대), 이동근(고려대), 구민교(성균관대)는 한국의 3대3 농구 새 역사를 작성했다. 이주영이 9점을 쏘며 팀 승리에 앞장섰다....",2026-09-25 20:22,https://www.newsis.com/view/NISX20260925_0003803536,https://n.news.naver.com/mnews/article/003/0014213695?sid=104
고려대학교,조선일보,"프로 없이 대학생으로만… 3x3 男농구, 6전 전승으로 첫 금메달","3줄 요약 ㆍ한국 3대3 농구 첫 아시안게임 금메달 ㆍ대학 선수단 6전 전승, 카타르 19-10 제압 ㆍ여자팀 사상... 이동근(고려대)과 구민교(성균관대) 역시 3점과 2점을 내며 힘을 보탰다. 카타르는 4강에서 난적 이란을...",2026-09-25 20:22,https://www.chosun.com/sports/sports_special/2026/09/25/2HRMHIRI6RCIJDFVEIWRSMMYHM/?utm_source=naver&utm_medium=referral&utm_campaign=naver-news,https://n.news.naver.com/mnews/article/023/0004000410?sid=104
고려대학교,NEWSTOWN,안산시 추석 연휴 314명 비상근무…응급실 7곳 24시간 운영,"근로복지공단 안산병원과 사랑의병원, 동안산병원, 고려대학교 안산병원, 한도병원, 단원병원, 클래스병원 등 7곳은 24시간 응급진료체계를 유지한다. 연휴 중 문을 여는 병·의원과 약국 정보는 양 보건소와 시청...",2026-09-25 20:22,http://www.newstown.co.kr/news/articleView.html?idxno=716864,http://www.newstown.co.kr/news/articleView.html?idxno=716864
고려대학교,뉴시스,"남자 3대3 농구, 카타르 꺾고 사상 첫 금메달…여자부는 銅(종합)[나고야...","지난 4월 국제농구연맹(FIBA) 3대3 아시아컵에서 준우승을 합작했던 이주영, 김승우(이상 연세대), 이동근(고려대), 구민교(성균관대)는 한국의 3대3 농구 새 역사를 작성했다. 이주영이 9점을 쏘며 팀 승리에 앞장섰다....",2026-09-25 20:22,https://www.newsis.com/view/NISX20260925_0003803536,https://n.news.naver.com/mnews/article/003/0014213695?sid=104
연세대학교,일간스포츠,"[나고야 2026]한 번도 안 졌다…韓 3대3 농구, AG 첫 金 ‘완벽한 대관식...","이주영·김승우(이상 연세대), 이동근(고려대), 구민교(성균관대) 등 대학 선수 4명으로 구성된 한국은 이번 대회에서 한 번도 지지 않고 정상까지 올랐다. 조별리그에서 태국, 일본, 싱가포르를 차례로 꺾은 한국은...",2026-09-25 20:21,https://isplus.com/article/view/isp202609250048,https://m.sports.naver.com/basketball/article/241/0003532344
연세대학교,뉴스핌,"[2026AG] 남자 3x3 농구, 결승전서 카타르 완파…전승으로 사상 첫 金","이주영(연세대)이 9점을 몰아치며 우승의 선봉에 섰고 김승우(연세대)가 5점 4리바운드, 이동근(고려대)이 3점 6리바운드로 힘을 보탰다. 구민교(성균관대) 역시 궂은일을 도맡으며 승리에 기여했다. 초반부터...",2026-09-25 20:21,https://www.newspim.com/news/view/20260925000151,https://www.newspim.com/news/view/20260925000151
고려대학교,일간스포츠,"[나고야 2026]한 번도 안 졌다…韓 3대3 농구, AG 첫 金 ‘완벽한 대관식...","이주영·김승우(이상 연세대), 이동근(고려대), 구민교(성균관대) 등 대학 선수 4명으로 구성된 한국은 이번 대회에서 한 번도 지지 않고 정상까지 올랐다. 조별리그에서 태국, 일본, 싱가포르를 차례로 꺾은 한국은...",2026-09-25 20:21,https://isplus.com/article/view/isp202609250048,https://m.sports.naver.com/basketball/article/241/0003532344
고려대학교,뉴스핌,"[2026AG] 남자 3x3 농구, 결승전서 카타르 완파…전승으로 사상 첫 金","이주영(연세대)이 9점을 몰아치며 우승의 선봉에 섰고 김승우(연세대)가 5점 4리바운드, 이동근(고려대)이 3점 6리바운드로 힘을 보탰다. 구민교(성균관대) 역시 궂은일을 도맡으며 승리에 기여했다. 초반부터...",2026-09-25 20:21,https://www.newspim.com/news/view/20260925000151,https://www.newspim.com/news/view/20260925000151
연세대학교,아주경제,[아이치·나고야 AG] 한국 남자 3X3 농구 새 역사…카타르 꺾고 AG 사상 ...,"이주영·김승우(이상 연세대), 이동근(고려대), 구민교(성균관대)로 구성된 '대학생 4인방'이 마지막 경기에서도 매서운 공격력을 보여줬다. 출발부터 한국이 주도권을 잡았다. 이주영이 골밑을 공략하며 먼저...",2026-09-25 20:20,https://www.ajunews.com/view/20260925201308385,https://www.ajunews.com/view/20260925201308385
연세대학교,쿠키뉴스,"한국 3대3 남자농구, 카타르 꺾고 AG 사상 첫 금메달 쾌거 [아시안게임]","아닌 대학 선수들이었다. 트라이아웃을 통해 예비 명단을 구성한 대표팀은 진천선수촌에서 훈련을 거쳐 최종 4인을 선발했다. 멤버는 이주영, 김승우(이상 연세대), 이동근(고려대), 구민교(성균관대)로 구성했고...",2026-09-25 20:20,https://www.kukinews.com/article/view/kuk202609250035,https://www.kukinews.com/article/view/kuk202609250035
고려대학교,쿠키뉴스,"한국 3대3 남자농구, 카타르 꺾고 AG 사상 첫 금메달 쾌거 [아시안게임]","아닌 대학 선수들이었다. 트라이아웃을 통해 예비 명단을 구성한 대표팀은 진천선수촌에서 훈련을 거쳐 최종 4인을 선발했다. 멤버는 이주영, 김승우(이상 연세대), 이동근(고려대), 구민교(성균관대)로 구성했고...",2026-09-25 20:20,https://www.kukinews.com/article/view/kuk202609250035,https://www.kukinews.com/article/view/kuk202609250035
고려대학교,아주경제,[아이치·나고야 AG] 한국 남자 3X3 농구 새 역사…카타르 꺾고 AG 사상 ...,"이주영·김승우(이상 연세대), 이동근(고려대), 구민교(성균관대)로 구성된 '대학생 4인방'이 마지막 경기에서도 매서운 공격력을 보여줬다. 출발부터 한국이 주도권을 잡았다. 이주영이 골밑을 공략하며 먼저...",2026-09-25 20:20,https://www.ajunews.com/view/20260925201308385,https://www.ajunews.com/view/20260925201308385
연세대학교,연합뉴스,"[아시안게임] 3대3 농구도 사상 첫 金 쐈다…형들도, 아우들도 '황금세...","프로 대신 나선 '대학생 4인조', 압도적 화력으로 사상 첫 우승 합작 5대5 대표팀 12년 만의 우승 이어 3대3도... 이주영, 김승우(이상 연세대), 이동근(고려대), 구민교(성균관대)로 뭉친 대표팀은 올해 4월 국제농구연맹...",2026-09-25 20:19,https://www.yna.co.kr/view/AKR20260925043400007?input=1195m,https://n.news.naver.com/mnews/article/001/0016336296?sid=104
고려대학교,연합뉴스,"[아시안게임] 3대3 농구도 사상 첫 金 쐈다…형들도, 아우들도 '황금세...","프로 대신 나선 '대학생 4인조', 압도적 화력으로 사상 첫 우승 합작 5대5 대표팀 12년 만의 우승 이어 3대3도... 이주영, 김승우(이상 연세대), 이동근(고려대), 구민교(성균관대)로 뭉친 대표팀은 올해 4월 국제농구연맹...",2026-09-25 20:19,https://www.yna.co.kr/view/AKR20260925043400007?input=1195m,https://n.news.naver.com/mnews/article/001/0016336296?sid=104
고려대학교,강원도민일보,"[아시안게임] 한국 3대3 남자농구, 아시안게임 사상 첫 금메달 쾌거","이주영·김승우(이상 연세대), 이동근(고려대), 구민교(성균관대)로 구성된 한국은 평균 신장 2m에 달하는 카타르를 상대로 빠른 공격과 정확한 외곽슛을 앞세워 주도권을 잡았다. 11-6으로 앞서던 한국은 경기 종료...",2026-09-25 20:16,https://www.kado.net/news/articleView.html?idxno=2074781,https://n.news.naver.com/mnews/article/654/0000202389?sid=104
연세대학교,강원도민일보,"[아시안게임] 한국 3대3 남자농구, 아시안게임 사상 첫 금메달 쾌거","이주영·김승우(이상 연세대), 이동근(고려대), 구민교(성균관대)로 구성된 한국은 평균 신장 2m에 달하는 카타르를 상대로 빠른 공격과 정확한 외곽슛을 앞세워 주도권을 잡았다. 11-6으로 앞서던 한국은 경기 종료...",2026-09-25 20:16,https://www.kado.net/news/articleView.html?idxno=2074781,https://n.news.naver.com/mnews/article/654/0000202389?sid=104
연세대학교,연합뉴스,"[아시안게임] '금빛 기운' 이어받은 韓3대3 남자농구, 역대 첫 금메달(종...","이주영, 김승우(이상 연세대), 이동근(고려대), 구민교(성균관대)로 구성된 한국은 이날 평균 신장 2ｍ의 카타르를 상대로 압도적인 화력을 뽐냈다. 11-6으로 앞서던 경기 종료 1분 29초 전, 이동근과 이주영의 외곽포가...",2026-09-25 20:15,https://www.yna.co.kr/view/AKR20260925042551007?input=1195m,https://n.news.naver.com/mnews/article/001/0016336285?sid=104
고려대학교,연합뉴스,"[아시안게임] '금빛 기운' 이어받은 韓3대3 남자농구, 역대 첫 금메달(종...","이주영, 김승우(이상 연세대), 이동근(고려대), 구민교(성균관대)로 구성된 한국은 이날 평균 신장 2ｍ의 카타르를 상대로 압도적인 화력을 뽐냈다. 11-6으로 앞서던 경기 종료 1분 29초 전, 이동근과 이주영의 외곽포가...",2026-09-25 20:15,https://www.yna.co.kr/view/AKR20260925042551007?input=1195m,https://n.news.naver.com/mnews/article/001/0016336285?sid=104
고려대학교,4TH,[아시안게임] 남자 3대3 농구 금메달..AG 첫 정상 정복,"이주영·김승우(이상 연세대), 이동근(고려대), 구민교(성균관대)로 구성된 대표팀은 조별리그에서 태국과 일본, 싱가포르를 연달아 꺾었다. 8강에서는 중국을 22-13, 준결승에서는 필리핀을 21-9로 제압하며 결승에...",2026-09-25 20:14,http://www.4th.kr/news/articleView.html?idxno=2118691,http://www.4th.kr/news/articleView.html?idxno=2118691
연세대학교,4TH,[아시안게임] 남자 3대3 농구 금메달..AG 첫 정상 정복,"이주영·김승우(이상 연세대), 이동근(고려대), 구민교(성균관대)로 구성된 대표팀은 조별리그에서 태국과 일본, 싱가포르를 연달아 꺾었다. 8강에서는 중국을 22-13, 준결승에서는 필리핀을 21-9로 제압하며 결승에...",2026-09-25 20:14,http://www.4th.kr/news/articleView.html?idxno=2118691,http://www.4th.kr/news/articleView.html?idxno=2118691
고려대학교,SLIST,"한국 남자 3대3 농구, 카타르 꺾고 사상 첫 아시안게임 금메달","이번 대표팀은 이주영·김승우(이상 연세대), 이동근(고려대), 구민교(성균관대) 등 대학 선수들로 구성됐다. 조별리그에서 태국과 일본, 싱가포르를 모두 꺾고 토너먼트에 오른 뒤 8강에서는 중국을 22-13...",2026-09-25 20:12,https://www.slist.kr/news/articleView.html?idxno=768780,https://www.slist.kr/news/articleView.html?idxno=768780
고려대학교,이투데이,"남자 3대3 농구, 카타르 꺾고 사상 첫 금메달 [아시안게임]","한국은 이번 대회에서 이주영·김승우(연세대), 이동근(고려대), 구민교(성균관대) 등 대학생 선수 4명으로 대표팀을 꾸렸다. 2018 자카르타·팔렘방과 2022 항저우 대회에서 프로 선수들을 중심으로 출전했던 것과 달리...",2026-09-25 20:12,https://www.etoday.co.kr/news/view/2629383,https://www.etoday.co.kr/news/view/2629383
연세대학교,SLIST,"한국 남자 3대3 농구, 카타르 꺾고 사상 첫 아시안게임 금메달","이번 대표팀은 이주영·김승우(이상 연세대), 이동근(고려대), 구민교(성균관대) 등 대학 선수들로 구성됐다. 조별리그에서 태국과 일본, 싱가포르를 모두 꺾고 토너먼트에 오른 뒤 8강에서는 중국을 22-13...",2026-09-25 20:12,https://www.slist.kr/news/articleView.html?idxno=768780,https://www.slist.kr/news/articleView.html?idxno=768780
연세대학교,이투데이,"남자 3대3 농구, 카타르 꺾고 사상 첫 금메달 [아시안게임]","한국은 이번 대회에서 이주영·김승우(연세대), 이동근(고려대), 구민교(성균관대) 등 대학생 선수 4명으로 대표팀을 꾸렸다. 2018 자카르타·팔렘방과 2022 항저우 대회에서 프로 선수들을 중심으로 출전했던 것과 달리...",2026-09-25 20:12,https://www.etoday.co.kr/news/view/2629383,https://www.etoday.co.kr/news/view/2629383
고려대학교,HIDOMIN,[아시안게임] 한국 3대3 남자농구 사상 첫 金… 통산 800번째 금메달,"이번 대표팀은 지난 4월 국제농구연맹(FIBA) 3대3 아시아컵 준우승을 이끈 이주영·김승우(이상 연세대), 이동근(고려대), 구민교(성균관대)가 다시 호흡을 맞춰 최종 정상까지 올랐다. 한국 여자 3대3 농구 대표팀은...",2026-09-25 20:10,https://www.hidomin.com/news/articleView.html?idxno=722584,https://www.hidomin.com/news/articleView.html?idxno=722584
연세대학교,HIDOMIN,[아시안게임] 한국 3대3 남자농구 사상 첫 金… 통산 800번째 금메달,"이번 대표팀은 지난 4월 국제농구연맹(FIBA) 3대3 아시아컵 준우승을 이끈 이주영·김승우(이상 연세대), 이동근(고려대), 구민교(성균관대)가 다시 호흡을 맞춰 최종 정상까지 올랐다. 한국 여자 3대3 농구 대표팀은...",2026-09-25 20:10,https://www.hidomin.com/news/articleView.html?idxno=722584,https://www.hidomin.com/news/articleView.html?idxno=722584
고려대학교,스포츠조선,'미쳤다' 韓 남자 3X3 농구 대형 사고 발생! 한국 역대 최초 금메달 쾌거...,"대학 선수들로 구성된 이번 대회 남자 3대 3 농구 대표팀은 이주영과 김승우(이상 연세대), 이동근(고려대), 구민교(성균관대)가 고르게 활약하며 상대를 제압했다. 결승 상대인 카타르 또한 난적이었다. 조별리그에서...",2026-09-25 20:05,https://www.sportschosun.com/sports-news/2026-09-25/202609250100170580011211,https://m.sports.naver.com/basketball/article/076/0004449661
고려대학교,노컷뉴스,[속보]대학생 4인방 사고 쳤다…아시안게임 첫 3대3 농구 금메달,"이주영과 김승우(이상 연세대), 이동근(고려대), 구민교(성균관대) 등 대학 최고의 선수들로 아시안게임 금메달 사냥에 나섰다. 대학생 4인방은 아시안게임 3대3 농구 첫 금메달을 가져왔다. 2점슛에서 우위를...",2026-09-25 20:05,https://www.nocutnews.co.kr/news/6583256?utm_source=naver&utm_medium=article&utm_campaign=20260925080402,https://n.news.naver.com/mnews/article/079/0004192900?sid=104
연세대학교,스포츠조선,'미쳤다' 韓 남자 3X3 농구 대형 사고 발생! 한국 역대 최초 금메달 쾌거...,"대학 선수들로 구성된 이번 대회 남자 3대 3 농구 대표팀은 이주영과 김승우(이상 연세대), 이동근(고려대), 구민교(성균관대)가 고르게 활약하며 상대를 제압했다. 결승 상대인 카타르 또한 난적이었다. 조별리그에서...",2026-09-25 20:05,https://www.sportschosun.com/sports-news/2026-09-25/202609250100170580011211,https://m.sports.naver.com/basketball/article/076/0004449661
연세대학교,노컷뉴스,[속보]대학생 4인방 사고 쳤다…아시안게임 첫 3대3 농구 금메달,"이주영과 김승우(이상 연세대), 이동근(고려대), 구민교(성균관대) 등 대학 최고의 선수들로 아시안게임 금메달 사냥에 나섰다. 대학생 4인방은 아시안게임 3대3 농구 첫 금메달을 가져왔다. 2점슛에서 우위를...",2026-09-25 20:05,https://www.nocutnews.co.kr/news/6583256?utm_source=naver&utm_medium=article&utm_campaign=20260925080402,https://n.news.naver.com/mnews/article/079/0004192900?sid=104
연세대학교,중앙일보,"한국 3대3 남자 농구, 아시안게임 사상 첫 금메달 일궜다",대학 선수를 내세웠는데도 8년 만에 결승에 올라 처음으로 정상에 섰다. 한국 농구는 앞서 남자 대표팀이 12년 만의 금메달을 목에 건 데 이어 3대3 농구까지 제패해 겹경사를 맞게 됐다. 이주영·김승우(이상 연세대)...,2026-09-25 20:03,https://www.joongang.co.kr/article/25464793,https://n.news.naver.com/mnews/article/025/0003553793?sid=104
고려대학교,중앙일보,"한국 3대3 남자 농구, 아시안게임 사상 첫 금메달 일궜다",이번 대회에선 앞선 두 대회와 달리 프로가 아닌 대학 선수를 내세웠는데도 8년 만에 결승에 올라... 이주영·김승우(이상 연세대)·이동근(고려대)·구민교(성균관대)로 구성된 한국은 이날 평균 신장 2ｍ의 카타르를...,2026-09-25 20:03,https://www.joongang.co.kr/article/25464793,https://n.news.naver.com/mnews/article/025/0003553793?sid=104
연세대학교,바스켓코리아,"[나고야 AG] “어디서 보나요” 발만 굴린 팬들… 3x3 농구, 사상 첫 金...","이주영, 김승우(이상 연세대), 이동근(고려대), 구민교(성균관대) 등 대학생 4인방으로 구성된 대표팀은 올해 네이션스리그 STOP 1, 2 우승에 이어 FIBA 3x3 아시아컵 준우승을 차지하며 일찍이 강력한 금메달 후보로...",2026-09-25 20:01,https://basketkorea.com/news/newsview.php?ncode=1065609818130776,https://m.sports.naver.com/basketball/article/351/0000088371
고려대학교,바스켓코리아,"[나고야 AG] “어디서 보나요” 발만 굴린 팬들… 3x3 농구, 사상 첫 金...","이주영, 김승우(이상 연세대), 이동근(고려대), 구민교(성균관대) 등 대학생 4인방으로 구성된 대표팀은 올해 네이션스리그 STOP 1, 2 우승에 이어 FIBA 3x3 아시아컵 준우승을 차지하며 일찍이 강력한 금메달 후보로...",2026-09-25 20:01,https://basketkorea.com/news/newsview.php?ncode=1065609818130776,https://m.sports.naver.com/basketball/article/351/0000088371
고려대학교,경기일보,3x3 남자농구 카타르 19-10 완파…사상 첫 AG 금메달,"이주영, 김승우(이상 연세대), 이동근(고려대), 구민교(성균관대)로 구성된 한국은 이날 평균 신장 2ｍ의 카타르를 상대로 압도적인 실력을 뽐냈다. 11-6으로 앞서던 경기 종료 1분 29초 전, 이동근과 이주영의 외곽포가...",2026-09-25 20:00,https://www.kyeonggi.com/article/20260925580145,https://n.news.naver.com/mnews/article/666/0000124908?sid=104
연세대학교,경기일보,3x3 남자농구 카타르 19-10 완파…사상 첫 AG 금메달,"이주영, 김승우(이상 연세대), 이동근(고려대), 구민교(성균관대)로 구성된 한국은 이날 평균 신장 2ｍ의 카타르를 상대로 압도적인 실력을 뽐냈다. 11-6으로 앞서던 경기 종료 1분 29초 전, 이동근과 이주영의 외곽포가...",2026-09-25 20:00,https://www.kyeonggi.com/article/20260925580145,https://n.news.naver.com/mnews/article/666/0000124908?sid=104
고려대학교,텐아시아,"DJ석 복귀한 웬디, 가을 전어 같이 먹으러 가고 싶은 여자 가수 1위 [TEN...",앨범 발매에 앞서 서울 고려대학교 화정체육관에서 열린 팬 콘서트 'A Day in Red & Velvet'도 추가 공연까지 전석 매진됐다. 웬디는 2024년 8월부터 SBS 파워FM '웬디의 영스트리트' DJ로 청취자들과 만나고 있다. 2위는 그룹...,2026-09-25 20:00,https://www.tenasia.co.kr/article/2026092338374,https://m.entertain.naver.com/article/312/0000777526
연세대학교,매일경제,"[속보] 한국 3대3 남자농구, 아시안게임 사상 첫 금메달 쾌거","이주영(22), 김승우(이상 연세대·21), 이동근(고려대·23), 구민교(성균관대·21) 등 대학생 선수들로만 꾸려진 한국은 카타르에 비해 평균 신장이 7.5cm 작았지만, 그 대신 두려움 없는 투지와 패기로 체격의 한계를...",2026-09-25 19:59,https://www.mk.co.kr/article/12161442,https://n.news.naver.com/mnews/article/009/0005740023?sid=104
고려대학교,매일경제,"[속보] 한국 3대3 남자농구, 아시안게임 사상 첫 금메달 쾌거","이주영(22), 김승우(이상 연세대·21), 이동근(고려대·23), 구민교(성균관대·21) 등 대학생 선수들로만 꾸려진 한국은 카타르에 비해 평균 신장이 7.5cm 작았지만, 그 대신 두려움 없는 투지와 패기로 체격의 한계를...",2026-09-25 19:59,https://www.mk.co.kr/article/12161442,https://n.news.naver.com/mnews/article/009/0005740023?sid=104
고려대학교,헤럴드경제,3대3 농구도 아시안게임 첫 金…대학생 4인조가 일냈다,"대학 5대5 무대에서 에이스로 뛰는 선수들의 개인기에, 2024년 부임 이후 3대3 농구를 파고든 배 감독의 분석력이 더해지며 ‘드림팀’이 만들어졌다. 이주영·김승우(연세대), 이동근(고려대), 구민교(성균관대)로...",2026-09-25 19:58,https://biz.heraldcorp.com/article/10884674?ref=naver,https://n.news.naver.com/mnews/article/016/0002701893?sid=104
연세대학교,헤럴드경제,3대3 농구도 아시안게임 첫 金…대학생 4인조가 일냈다,"대학 5대5 무대에서 에이스로 뛰는 선수들의 개인기에, 2024년 부임 이후 3대3 농구를 파고든 배 감독의 분석력이 더해지며 ‘드림팀’이 만들어졌다. 이주영·김승우(연세대), 이동근(고려대), 구민교(성균관대)로...",2026-09-25 19:58,https://biz.heraldcorp.com/article/10884674?ref=naver,https://n.news.naver.com/mnews/article/016/0002701893?sid=104
서울대학교,OBSNEWS,국가정원 경쟁 개막…하남 미사섬 등 치열,[조진경 / 서울대 환경설계학과 교수: 국가에서 인증을 하기 때문에 특별한 지위를 부여받고 재원도... [임영순 / 경기도 하남시: 서울이나 수도권 근교에서도 여기를 많이 방문해요. 저 또한 친구들 데리고 오면 1순위가...,2026-09-25 19:58,https://www.obsnews.co.kr/news/articleView.html?idxno=1538642,https://www.obsnews.co.kr/news/articleView.html?idxno=1538642
연세대학교,국민일보,"3수 끝 정상…韓 3대3 농구, 사상 첫 아시안게임 金","김승우와 이주영(이상 연세대), 구민교(성균관대), 이동근(고려대)로 구성된 대표팀은 25일 일본 나고야 긴조후토역 광장 특설 코트에서 열린 2026 아이치·나고야 아시안게임 결승전에서 카타르를 19대 10으로 꺾고...",2026-09-25 19:55,https://www.kmib.co.kr/article/view.asp?arcid=9000017260&cp=nv,https://n.news.naver.com/mnews/article/005/0001875026?sid=104
고려대학교,국민일보,"3수 끝 정상…韓 3대3 농구, 사상 첫 아시안게임 金","김승우와 이주영(이상 연세대), 구민교(성균관대), 이동근(고려대)로 구성된 대표팀은 25일 일본 나고야 긴조후토역 광장 특설 코트에서 열린 2026 아이치·나고야 아시안게임 결승전에서 카타르를 19대 10으로 꺾고...",2026-09-25 19:55,https://www.kmib.co.kr/article/view.asp?arcid=9000017260&cp=nv,https://n.news.naver.com/mnews/article/005/0001875026?sid=104
서울대학교,오마이뉴스,"""'5공 설계' 허화평 재산 2000억 이상, 검찰이 환수하기로 했다""","ⓒ 권우성 서울중앙지검 범죄수익환수부(부장검사 소정수)가 '쓰리허'(허화평, 허삼수, 허문도)의... 18을 폄훼해온 '새역사국민운동'(공동대표 이영훈 전 서울대 교수)이 공동으로 주최한 '5.18 민주화운동의 재조명...",2026-09-25 19:06,https://www.ohmynews.com/NWS_Web/View/at_pg.aspx?CNTN_CD=A0003269282&CMPT_CD=P0010&utm_source=naver&utm_medium=newsearch&utm_campaign=naver_news,https://n.news.naver.com/mnews/article/047/0002530271?sid=102
연세대학교,매일경제,"전문가 4인 ""내집마련 적기는 연휴 직후 … 한강벨트 노려볼만""","이에 매일경제신문은 추석 연휴를 앞두고 이주현 지지옥션 전문위원, 고준석 연세대 상남경영원 교수... 추석 이후 부동산 시장 전망에 대해 고준석 연세대 상남경영원 교수는 ""거래세를 낮추면 다주택자들이 세 부담 없이...",2026-09-25 18:07,https://www.mk.co.kr/article/12161396,https://n.news.naver.com/mnews/article/009/0005739995?sid=101
고려대학교,뉴데일리,"저명 헌법학자 일갈 ""후보 문제 아닌 '사전 협의' 트집 … 대통령과 사...",""" 차진아 고려대학교 법학전문대학원 교수는 25일 뉴데일리와 인터뷰에서 청와대의 대법관 후보 재제청... 차 교수는 사법부 독립과 전문성을 고려하면 대법원장의 제청권은 최대한 존중돼야 하며, 사전 협의 부재를 이유로...",2026-09-25 18:00,https://www.newdaily.co.kr/site/data/html/2026/09/23/2026092300174.html,https://www.newdaily.co.kr/site/data/html/2026/09/23/2026092300174.html
고려대학교,SBS,[똑소리톡] 삼성전자·SK하이닉스 현직자들이 원하는 신입의 '진짜 스펙...,"서울대·고려대 응답자는 100%였어요."" 블라인드가 취업 상담에 나선 대학생들을 대상으로 진행한 설문조사에서 나온 결과입니다. 취준생들은 예전과 전혀 다른 눈으로 취업 시장을 바라보고 있습니다. ""AI 등장...",2026-09-25 18:00,https://news.sbs.co.kr/news/endPage.do?news_id=N1008767736&plink=ORI&cooper=NAVER,https://n.news.naver.com/mnews/article/055/0001391074?sid=101
서울대학교,SBS,[똑소리톡] 삼성전자·SK하이닉스 현직자들이 원하는 신입의 '진짜 스펙...,"서울대·고려대 응답자는 100%였어요."" 블라인드가 취업 상담에 나선 대학생들을 대상으로 진행한 설문조사에서 나온 결과입니다. 취준생들은 예전과 전혀 다른 눈으로 취업 시장을 바라보고 있습니다. ""AI 등장...",2026-09-25 18:00,https://news.sbs.co.kr/news/endPage.do?news_id=N1008767736&plink=ORI&cooper=NAVER,https://n.news.naver.com/mnews/article/055/0001391074?sid=101
서울대학교,오마이뉴스,"빗물관리 종주국 한국, 지금 해야 할 일은?","서울대학교를 비롯하여, 대한상하수도학회, 한국수자원학회, 한국물환경학회, 대한환경공학회, 한국지하수토양환경학회, 응용생태공학회, 적정기술학회 등 여러 학술단체가 뜻을 같이했다. 한국물포럼...",2026-09-25 17:51,https://www.ohmynews.com/NWS_Web/View/at_pg.aspx?CNTN_CD=A0003270047&CMPT_CD=P0010&utm_source=naver&utm_medium=newsearch&utm_campaign=naver_news,https://n.news.naver.com/mnews/article/047/0002530264?sid=102
서울대학교,헤럴드경제,"“하버드·예일대, 서울대 장학금도 거절” KAIST로 온 베트남 천재소녀...","하버드·예일대 등 미국 아이비리그와 서울대 등 국내외 명문대 대신 최종적으로 KAIST를 선택했다. 지앙 학생은 헤럴드경제와 인터뷰에서 세계적 수준의 교육·연구환경과 대학·산업 간 긴밀한 연계, 영어 강의 등이...",2026-09-25 17:40,https://biz.heraldcorp.com/article/10884624?ref=naver,https://n.news.naver.com/mnews/article/016/0002701874?sid=105
고려대학교,톱스타뉴스,"프로미스나인 송하영, 골목에서 포근 미소…日 데뷔·투어로 바쁜 행보","컴백 주간 동안 음악방송 무대와 예능 출연을 병행하며 여름 시즌 존재감을 키웠고, 9월 4일부터 6일까지 서울 고려대학교 화정체육관에서 아시아 투어 '2026 fromis_9 ASIA TOUR TOMORROW GLOW. IN SEOUL'을 열어 'flover...",2026-09-25 17:28,https://www.topstarnews.net/news/articleView.html?idxno=16212689,https://www.topstarnews.net/news/articleView.html?idxno=16212689
서울대학교,WOLYO,"점심 손님 잡아라…카페, 식사 한 끼 경쟁 돌입","서울대학교 푸드비즈니스랩과 오픈서베이가 분석한 '푸드 트렌드 2026'에 따르면, 한국인의 일상식 메뉴 가운데 샌드위치는 과거 2년간 취식 빈도 12위에서 9위로, 샐러드는 15위에서 13위로 각각 상승했다. 과거에는 주로...",2026-09-25 17:24,https://www.wolyo.co.kr/news/articleView.html?idxno=318265,https://www.wolyo.co.kr/news/articleView.html?idxno=318265
고려대학교,한국강사신문,"고려대학교·SK, 첨단분야 글로벌 인재 양성…'SK Global Scholarship' 3기 ...",고려대학교(총장 김동원)는 지난 9월 18일 고려대 대학원 중앙도서관에서 'SK Global Scholarship Program(이하 SK GSP) 3기 장학증서 수여식'을 개최했다고 밝혔다. SK GSP는 고려대와 SK가 우수한 외국인 대학원생을 선발해...,2026-09-25 17:20,https://www.lecturernews.com/news/articleView.html?idxno=211131,https://www.lecturernews.com/news/articleView.html?idxno=211131
고려대학교,세계일보,"남자 3대3 농구, 8년 만에 결승…사상 첫 금메달 정조준 [아시안게임]","이번 대표팀은 대학생 4명으로 꾸려졌다. 이주영과 김승우(이상 연세대), 이동근(고려대), 구민교(성균관대)는 올해 4월 열린 국제농구연맹(FIBA) 3대3 아시아컵에서도 함께 뛰어 준우승을 합작했다. 한국은 이날 오후...",2026-09-25 17:09,http://www.segye.com/newsView/20260925507047?OutUrl=naver,https://n.news.naver.com/mnews/article/022/0004161799?sid=104
연세대학교,세계일보,"남자 3대3 농구, 8년 만에 결승…사상 첫 금메달 정조준 [아시안게임]","이번 대표팀은 대학생 4명으로 꾸려졌다. 이주영과 김승우(이상 연세대), 이동근(고려대), 구민교(성균관대)는 올해 4월 열린 국제농구연맹(FIBA) 3대3 아시아컵에서도 함께 뛰어 준우승을 합작했다. 한국은 이날 오후...",2026-09-25 17:09,http://www.segye.com/newsView/20260925507047?OutUrl=naver,https://n.news.naver.com/mnews/article/022/0004161799?sid=104
서울대학교,DEALSITE,"연휴 이후 집값, 금리 부담에도 공급절벽 변수…""지역별 차별화""",◆강남 넘어 ‘대서울 역삼각권’…업무지구·철도망 주목 김경민 서울대 도시계획학과 교수는 연휴 이후 서울 주택시장에서 강남권과 강북 외곽 지역의 흐름이 엇갈릴 가능성에 주목했다. 강남권은 최근 주택담보대출...,2026-09-25 17:06,https://dealsite.co.kr/articles/169624,https://dealsite.co.kr/articles/169624
서울대학교,신동아,‘민주당의 한동훈’ 될까…김민석 앞에 놓인 세 개의 산,"06%나 득표했고, 32만여 명이 참여한 서울·경기에서 김민석 대표에게 1207표밖에 지지 않았다. 호남 반도체... 이에 ‘민주 진영’의 ‘거두’라는 백낙청 서울대 명예교수는 “수준 떨어졌다, 바닥을 드러냈다”며 유...",2026-09-25 17:01,https://shindonga.donga.com/3/all/13/6397078/1,https://n.news.naver.com/mnews/article/262/0000019718?sid=100
고려대학교,DAILY,HVAC 판 키우는 삼성·LG…전문인력 육성 '집중',"이 교육장은 다양한 설치 환경을 고려한 실운전 교육 시스템을 갖췄다. 삼성전자는 교번식‧축열식... 스웨덴 왕립공과대학·룰레오공과대학, 고려대 등 국내외 대학과의 산학협력도 진행 중이다. LG전자가 지난 6월...",2026-09-25 17:00,https://daily.hankooki.com/news/articleView.html?idxno=1407348,https://daily.hankooki.com/news/articleView.html?idxno=1407348
연세대학교,스포츠월드,"“코트에서 죽겠다” 겁 없는 대딩들, 사상 첫 金 도전…男 3x3 대표팀,...","한국 대학생들의 아시아 제패 여정은 순조롭다. 이주영, 김승우(이상 연세대), 이동근(고려대), 구민교(성균관대)로 구성된 대표팀은 약 1년간 쉴 틈 없는 시간을 보냈다. 대학리그, 대학 생활을 병행하면서도...",2026-09-25 16:54,https://www.sportsworldi.com/newsView/20260925506995,https://m.sports.naver.com/basketball/article/396/0000756298
고려대학교,스포츠월드,"“코트에서 죽겠다” 겁 없는 대딩들, 사상 첫 金 도전…男 3x3 대표팀,...","한국 대학생들의 아시아 제패 여정은 순조롭다. 이주영, 김승우(이상 연세대), 이동근(고려대), 구민교(성균관대)로 구성된 대표팀은 약 1년간 쉴 틈 없는 시간을 보냈다. 대학리그, 대학 생활을 병행하면서도...",2026-09-25 16:54,https://www.sportsworldi.com/newsView/20260925506995,https://m.sports.naver.com/basketball/article/396/0000756298
고려대학교,스포츠서울,"5대5는 이미 金→3X3 동생들도 ‘사고’ 친다…男농구 3X3 대표팀, 카타...",배길태 감독이 이끄는 3X3 남자농구 대표팀은 이번에 이주영 김승우(이상 연세대) 이동근(고려대) 구민교(성균관대)까지 4명으로 구성했다. 모두 대학 선수다. 4월 국제농구연맹(FIBA) 3X3 아시아컵 준우승 차지한...,2026-09-25 16:48,https://www.sportsseoul.com/news/read/1637499?ref=naver,https://m.sports.naver.com/basketball/article/468/0001268689
연세대학교,스포츠서울,"5대5는 이미 金→3X3 동생들도 ‘사고’ 친다…男농구 3X3 대표팀, 카타...",배길태 감독이 이끄는 3X3 남자농구 대표팀은 이번에 이주영 김승우(이상 연세대) 이동근(고려대) 구민교(성균관대)까지 4명으로 구성했다. 모두 대학 선수다. 4월 국제농구연맹(FIBA) 3X3 아시아컵 준우승 차지한...,2026-09-25 16:48,https://www.sportsseoul.com/news/read/1637499?ref=naver,https://m.sports.naver.com/basketball/article/468/0001268689
서울대학교,경인일보,정조의 ‘신도시’ 수원 화성… 200년 전 양반들도 ‘알박기’ 했다,분당동 외 8개 동으로 구성된 분당 신도시는 서울과 가깝다는 장점에도 1976년 시행된 ‘성남시 남단녹지... 조선 계획 농업의 상징이었던 수원에 건국 후 농촌진흥청·서울대 농대가 자리 잡은 건 자연스러운 일이었다....,2026-09-25 16:44,https://www.kyeongin.com/article/1771479,https://www.kyeongin.com/article/1771479
연세대학교,스타뉴스,"대학생 4명이 일냈다! 한국 3x3 농구 결승 진출... ""39초 만에 5-0, 韓의 ...","한국은 이번 대회에 프로선수 없이 대학생 4명으로 나섰다. 이주영과 김승우(이상 연세대), 이동근(고려대), 구민교(성균관대)가 태극마크를 달았다. 이들은 이미 지난 4월 국제농구연맹(FIBA) 3대3 아시아컵에서...",2026-09-25 16:44,https://www.starnewskorea.com/sports/2026/09/25/2026092515311812160,https://m.sports.naver.com/basketball/article/108/0003473520
고려대학교,스타뉴스,"대학생 4명이 일냈다! 한국 3x3 농구 결승 진출... ""39초 만에 5-0, 韓의 ...","한국은 이번 대회에 프로선수 없이 대학생 4명으로 나섰다. 이주영과 김승우(이상 연세대), 이동근(고려대), 구민교(성균관대)가 태극마크를 달았다. 이들은 이미 지난 4월 국제농구연맹(FIBA) 3대3 아시아컵에서...",2026-09-25 16:44,https://www.starnewskorea.com/sports/2026/09/25/2026092515311812160,https://m.sports.naver.com/basketball/article/108/0003473520
연세대학교,BNTNEWS,"남자 3대3 농구, 8년 만에 결승행… 첫 金 도전 (아시안게임)","한국은 올해 4월 국제농구연맹(FIBA) 3대3 아시아컵에서 준우승을 합작한 이주영, 김승우(이상 연세대), 이동근(고려대), 구민교(성균관대)가 호흡을 맞춰 사상 첫 금메달을 노린다. 결승전은 오후 7시 30분 열릴...",2026-09-25 16:14,https://www.bntnews.co.kr/article/view/bnt202609250141,https://www.bntnews.co.kr/article/view/bnt202609250141
고려대학교,BNTNEWS,"남자 3대3 농구, 8년 만에 결승행… 첫 金 도전 (아시안게임)","한국은 올해 4월 국제농구연맹(FIBA) 3대3 아시아컵에서 준우승을 합작한 이주영, 김승우(이상 연세대), 이동근(고려대), 구민교(성균관대)가 호흡을 맞춰 사상 첫 금메달을 노린다. 결승전은 오후 7시 30분 열릴...",2026-09-25 16:14,https://www.bntnews.co.kr/article/view/bnt202609250141,https://www.bntnews.co.kr/article/view/bnt202609250141
서울대학교,NONGMIN,"결혼 전 내 재산, 헤어질 땐 어떻게 되나…최태원-노소영 이혼소송으로...",박창환 변호사는 서울대 법학과를 졸업하고 제47회 사법시험에 합격한 뒤 현재 법무법인(유) 원의 구성원 변호사로 활동하고 있다. 민사 분쟁부터 기업 법무까지 폭넓은 실무 역량을 갖춘 그는 한국원자력환경공단...,2026-09-25 16:01,https://www.nongmin.com/article/20260921500244,https://n.news.naver.com/mnews/article/662/0000105084?sid=102
서울대학교,뉴시스,"""강남 집값 위축, 강북은 고점 미회복에 상승 여지""…서울대 교수의 내...",허준희 인턴 기자 = 강남 등 고가 주택 시장이 위축되는 상황에서 내년 서울 집값이 지역과 가격대에 따라 엇갈릴 것이라는 전문가의 전망이 나왔다. 김경민 서울대 도시계획학과 교수는 최근 MBC 라디오 '박정호의 손에...,2026-09-25 16:00,https://www.newsis.com/view/NISX20260922_0003799856,https://n.news.naver.com/mnews/article/003/0014213493?sid=101
서울대학교,한국일보,판사·변호사도 별점으로 평가… 법조인 리뷰 사이트에 엇갈린 시선,"서이종 서울대 사회학과 교수는 ""정치인들이 연일 강조하는 사법부, 법조계 불신 메시지가 일반 사람들에게까지 전파된 영향으로 볼 수 있다""며 ""예전에는 시민들이 기득권과 권위에 무조건 복종하는 경향이 있었지만...",2026-09-25 16:00,https://www.hankookilbo.com/news/article/A2026092315080004221?did=NA,https://n.news.naver.com/mnews/article/469/0000955976?sid=102
연세대학교,마이데일리,'김승우 8득점' 한국 3X3 남자농구 사상 첫 '금메달' 도전! 필리핀 21-9로...,한국은 김승우(연세대)가 8득점을 올리며 승리를 견인했다. 3X3 남자농구가 결승 무대에 오른 것은 2018 자카르타-팔렘방 아시안게임 이후 8년 만의 성과다. 당시 한국은 중국에 밀려 은메달을 가져왔다. 첫 금메달에...,2026-09-25 15:49,https://www.mydaily.co.kr/page/view/2026092515342556680,https://m.sports.naver.com/basketball/article/117/0004109128
연세대학교,더퍼블릭,[단독]가수 장한별 첫콘서트 29일 티켓링크에서 티켓팅 진행 예정,"연세대학교 대강당에서 진행된 지난 첫 팬미팅 당시에는 티켓 오픈 1분 만에 전석이 매진되며 놀라운 티켓... 공연은 세종대학교 대양홀에서 열리며, 현재 좌석 규모는 총 2,029석이다. 소속사가 전체 좌석을 공개할지는...",2026-09-25 15:48,https://www.thepublic.kr/news/articleView.html?idxno=320103,https://www.thepublic.kr/news/articleView.html?idxno=320103
고려대학교,루키,韓 AG 금메달 형제 한일전 5일 만에 코트에서 적으로 격돌... 1순위 브라...,고려대 시절 이후 오랜만에 같은 팀에서 한솥밥을 먹은 두 선수는 다시 KBL 무대에서 양보 없는 승부를 펼쳐야 한다. 문정현은 재치 있는 농담과 함께 승부욕을 보였고 문유현 또한 경기에서 이기겠다는 의지를 드러냈다....,2026-09-25 15:33,http://www.rookie.co.kr/news/articleView.html?idxno=127270,https://m.sports.naver.com/basketball/article/398/0000102935
고려대학교,이투데이,"남자 3대3 농구, 필리핀 꺾고 결승행⋯첫 금메달 도전 [아시안게임]","이주영·김승우(이상 연세대), 이동근(고려대), 구민교(성균관대)로 구성된 대표팀은 조별리그 3경기를 모두 이긴 뒤 8강에서 중국을 22-13으로 제압했다. 준결승에서도 초반부터 격차를 벌리며 결승행 티켓을...",2026-09-25 15:32,https://www.etoday.co.kr/news/view/2629363,https://www.etoday.co.kr/news/view/2629363
연세대학교,이투데이,"남자 3대3 농구, 필리핀 꺾고 결승행⋯첫 금메달 도전 [아시안게임]","이주영·김승우(이상 연세대), 이동근(고려대), 구민교(성균관대)로 구성된 대표팀은 조별리그 3경기를 모두 이긴 뒤 8강에서 중국을 22-13으로 제압했다. 준결승에서도 초반부터 격차를 벌리며 결승행 티켓을...",2026-09-25 15:32,https://www.etoday.co.kr/news/view/2629363,https://www.etoday.co.kr/news/view/2629363
고려대학교,톱스타뉴스,"[아시안게임] 3대3 농구 한국, 필리핀 21-9 완파…오후 7시30분 첫 금 도...","대표팀은 이주영·김승우(이상 연세대), 이동근(고려대), 구민교(성균관대)로 구성됐다. 네 선수는 올해 4월 국제농구연맹(FIBA) 3대3 아시아컵에서도 함께 뛰어 준우승을 차지했다. 이번 대회에서도 조별리그를 3전...",2026-09-25 15:26,https://www.topstarnews.net/news/articleView.html?idxno=16212634,https://www.topstarnews.net/news/articleView.html?idxno=16212634
연세대학교,톱스타뉴스,"[아시안게임] 3대3 농구 한국, 필리핀 21-9 완파…오후 7시30분 첫 금 도...","대표팀은 이주영·김승우(이상 연세대), 이동근(고려대), 구민교(성균관대)로 구성됐다. 네 선수는 올해 4월 국제농구연맹(FIBA) 3대3 아시아컵에서도 함께 뛰어 준우승을 차지했다. 이번 대회에서도 조별리그를 3전...",2026-09-25 15:26,https://www.topstarnews.net/news/articleView.html?idxno=16212634,https://www.topstarnews.net/news/articleView.html?idxno=16212634
연세대학교,뉴시스,"여자 3대3 농구, 4강 한일전 완패…남자부는 카타르와 결승(종합)[나고야...","김승우(연세대)가 8점을 쏘며 팀 승리에 앞장섰다. 한국은 시작부터 상대를 압박해 점수 차를 벌였고, 흐름을 경기 종료 직전까지 유지하며 13점 차 승리를 거뒀다. 한국이 사상 첫 금메달을 노리는 결승전은 잠시 후인...",2026-09-25 15:24,https://www.newsis.com/view/NISX20260925_0003803424,https://m.sports.naver.com/basketball/article/003/0014213469
고려대학교,전자신문,"과일, 레몬즙·소주에 5분 담갔더니…식중독균 99.999% 제거",25일 이민석 고려대 교수 연구팀에 따르면 감귤류 추출물과 발효주정을 활용해 과일 표면의 식중독균을 99.999% 이상 제거할 수 있는 천연 유래 살균·세정제가 개발됐다. 이번 연구는 농촌진흥청 연구과제의 일환으로...,2026-09-25 15:22,https://www.etnews.com/20260925000035,https://n.news.naver.com/mnews/article/030/0003469904?sid=103
연세대학교,매일경제,"한국 3대3 남자 농구, 필리핀 제압하고 결승행…첫 금메달 정조준","이번 대회에서는 이주영, 김승우(이상 연세대), 이동근(고려대), 구민교(성균관대)가 한 팀을 이뤘다. 하나로 똘똘 뭉쳐 결승에 진출한 한국은 금메달을 놓고 카타르-이란전 승자와 격돌한다. 한국 3대3 남자 농구...",2026-09-25 15:19,https://www.mk.co.kr/article/12161352,https://n.news.naver.com/mnews/article/009/0005739973?sid=104
고려대학교,매일경제,"한국 3대3 남자 농구, 필리핀 제압하고 결승행…첫 금메달 정조준","이번 대회에서는 이주영, 김승우(이상 연세대), 이동근(고려대), 구민교(성균관대)가 한 팀을 이뤘다. 하나로 똘똘 뭉쳐 결승에 진출한 한국은 금메달을 놓고 카타르-이란전 승자와 격돌한다. 한국 3대3 남자 농구...",2026-09-25 15:19,https://www.mk.co.kr/article/12161352,https://n.news.naver.com/mnews/article/009/0005739973?sid=104
연세대학교,아주경제,"[아이치·나고야 AG] 남자 3대3 농구, 필리핀 이기고 결승...첫 금메달 도...","한국은 올해 4월 국제농구연맹(FIBA) 3대3 아시아컵에서 준우승을 차지한 이주영, 김승우(이상 연세대), 이동근(고려대), 구민교(성균관대)가 호흡을 맞춰 사상 첫 금메달을 노린다. 결승전은 오후 7시 30분에 열릴...",2026-09-25 15:04,https://www.ajunews.com/view/20260925145656081,https://www.ajunews.com/view/20260925145656081
고려대학교,아주경제,"[아이치·나고야 AG] 남자 3대3 농구, 필리핀 이기고 결승...첫 금메달 도...","한국은 올해 4월 국제농구연맹(FIBA) 3대3 아시아컵에서 준우승을 차지한 이주영, 김승우(이상 연세대), 이동근(고려대), 구민교(성균관대)가 호흡을 맞춰 사상 첫 금메달을 노린다. 결승전은 오후 7시 30분에 열릴...",2026-09-25 15:04,https://www.ajunews.com/view/20260925145656081,https://www.ajunews.com/view/20260925145656081
연세대학교,쿠키뉴스,"‘첫 금메달까지 한 걸음’…한국 남자 3대3 농구, 필리핀 완파하고 결...","올해 4월 국제농구연맹(FIBA) 3대3 아시아컵 준우승을 함께했던 이주영, 김승우(이상 연세대), 이동근(고려대), 구민교(성균관대)가 이번에도 결승행을 합작했다. 준결승은 초반부터 한국의 흐름이었다. 이주영과...",2026-09-25 15:00,https://www.kukinews.com/article/view/kuk202609250022,https://www.kukinews.com/article/view/kuk202609250022
연세대학교,비즈워치,"[AI 열폭주 잡는 K산업]下 ""기름에 서버 풍덩""…정유 4사 꽂힌 새 먹거리","아울러 서울대학교 AI 연구실과 한국세라믹기술원 등 공공·학계 연구 인프라로 실증 전선을 넓히며... 조형희 연세대 기계공학과 명예특임교수는 ""마이크로소프트(MS)와 인텔 등 글로벌 빅테크 기업들이 액침냉각...",2026-09-25 15:00,https://news.bizwatch.co.kr/article/industry/2026/09/22/0044,https://n.news.naver.com/mnews/article/648/0000051068?sid=101
서울대학교,비즈워치,"[AI 열폭주 잡는 K산업]下 ""기름에 서버 풍덩""…정유 4사 꽂힌 새 먹거리",아울러 서울대학교 AI 연구실과 한국세라믹기술원 등 공공·학계 연구 인프라로 실증 전선을 넓히며 호환성 검증에 주력하는 모습이다. 천수답 체질 바꿀 '새 무기' 정유 4사가 데이터센터 냉각유 시장에 사활을 거는...,2026-09-25 15:00,https://news.bizwatch.co.kr/article/industry/2026/09/22/0044,https://n.news.naver.com/mnews/article/648/0000051068?sid=101
고려대학교,쿠키뉴스,"‘첫 금메달까지 한 걸음’…한국 남자 3대3 농구, 필리핀 완파하고 결...","올해 4월 국제농구연맹(FIBA) 3대3 아시아컵 준우승을 함께했던 이주영, 김승우(이상 연세대), 이동근(고려대), 구민교(성균관대)가 이번에도 결승행을 합작했다. 준결승은 초반부터 한국의 흐름이었다. 이주영과...",2026-09-25 15:00,https://www.kukinews.com/article/view/kuk202609250022,https://www.kukinews.com/article/view/kuk202609250022
연세대학교,스포티비뉴스,"'대학생 4명'이 사고쳤다! 3x3 농구 대표팀, 필리핀 21-9 '셧아웃' 대파...","한국은 이주영, 김승우(이상 연세대), 이동근(고려대), 구민교(성균관대) 등 대학생 4명으로 대표팀을 꾸렸다. 지난 4월 국제농구연맹(FIBA) 3x3 아시안컵에서 준우승을 차지했던 멤버들이 아시안게임에서도 돌풍을...",2026-09-25 14:58,https://www.spotvnews.co.kr/news/articleView.html?idxno=1009558,https://m.sports.naver.com/basketball/article/477/0000629932
고려대학교,스포티비뉴스,"'대학생 4명'이 사고쳤다! 3x3 농구 대표팀, 필리핀 21-9 '셧아웃' 대파...","한국은 이주영, 김승우(이상 연세대), 이동근(고려대), 구민교(성균관대) 등 대학생 4명으로 대표팀을 꾸렸다. 지난 4월 국제농구연맹(FIBA) 3x3 아시안컵에서 준우승을 차지했던 멤버들이 아시안게임에서도 돌풍을...",2026-09-25 14:58,https://www.spotvnews.co.kr/news/articleView.html?idxno=1009558,https://m.sports.naver.com/basketball/article/477/0000629932
고려대학교,서울신문,"남자 3대3 농구, 필리핀 잡고 결승 진출…8년 만에 금 도전","이주영과 김승우(이상 연세대), 이동근(고려대), 구민교(성균관대)로 구성된 대표팀은 조별리그 3경기를 모두 승리로 장식한 뒤 8강에서 중국을 22-13으로 제압했다. 이어 준결승에서도 일방적인 경기를 펼치며 결승행...",2026-09-25 14:55,https://www.seoul.co.kr/news/sport/Asiangame2026-aichi-nagoya/2026/09/25/20260925500054?wlog_tag3=naver,https://n.news.naver.com/mnews/article/081/0003683513?sid=104
연세대학교,서울신문,"남자 3대3 농구, 필리핀 잡고 결승 진출…8년 만에 금 도전","이주영과 김승우(이상 연세대), 이동근(고려대), 구민교(성균관대)로 구성된 대표팀은 조별리그 3경기를 모두 승리로 장식한 뒤 8강에서 중국을 22-13으로 제압했다. 이어 준결승에서도 일방적인 경기를 펼치며 결승행...",2026-09-25 14:55,https://www.seoul.co.kr/news/sport/Asiangame2026-aichi-nagoya/2026/09/25/20260925500054?wlog_tag3=naver,https://n.news.naver.com/mnews/article/081/0003683513?sid=104
연세대학교,중앙일보,"남자 3대3 농구, 8년 만에 AG 결승 진출…첫 금메달 도전",지난 4월 국제농구연맹(FIBA) 3대3 아시아컵에서 준우승을 합작한 이주영·김승우(이상 연세대)·이동근(고려대)·구민교(성균관대)가 호흡을 맞춰 아시아 정상을 노린다. 한국은 이주영과 김승우의 연속 2점 슛으로...,2026-09-25 14:54,https://www.joongang.co.kr/article/25464764,https://n.news.naver.com/mnews/article/025/0003553769?sid=104
고려대학교,중앙일보,"남자 3대3 농구, 8년 만에 AG 결승 진출…첫 금메달 도전",지난 4월 국제농구연맹(FIBA) 3대3 아시아컵에서 준우승을 합작한 이주영·김승우(이상 연세대)·이동근(고려대)·구민교(성균관대)가 호흡을 맞춰 아시아 정상을 노린다. 한국은 이주영과 김승우의 연속 2점 슛으로...,2026-09-25 14:54,https://www.joongang.co.kr/article/25464764,https://n.news.naver.com/mnews/article/025/0003553769?sid=104
연세대학교,SBS,"남자 3대3 농구, 필리핀 꺾고 결승 진출…첫 금메달 도전 [AG 영상]","한국은 올해 4월 국제농구연맹(FIBA) 3대3 아시아컵에서 준우승을 합작한 이주영, 김승우(이상 연세대), 이동근(고려대), 구민교(성균관대)가 호흡을 맞춰 사상 첫 금메달을 노립니다. 결승전은 오후 7시 30분 열릴...",2026-09-25 14:38,https://news.sbs.co.kr/news/endPage.do?news_id=N1008769960&plink=ORI&cooper=NAVER,https://n.news.naver.com/mnews/article/055/0001391049?sid=104
고려대학교,SBS,"남자 3대3 농구, 필리핀 꺾고 결승 진출…첫 금메달 도전 [AG 영상]","한국은 올해 4월 국제농구연맹(FIBA) 3대3 아시아컵에서 준우승을 합작한 이주영, 김승우(이상 연세대), 이동근(고려대), 구민교(성균관대)가 호흡을 맞춰 사상 첫 금메달을 노립니다. 결승전은 오후 7시 30분 열릴...",2026-09-25 14:38,https://news.sbs.co.kr/news/endPage.do?news_id=N1008769960&plink=ORI&cooper=NAVER,https://n.news.naver.com/mnews/article/055/0001391049?sid=104
연세대학교,파이낸셜뉴스,"남자 3대3 농구, 필리핀 꺾고 결승 진출…첫 금메달 도전 [나고야 AG]","올해 4월 국제농구연맹(FIBA) 3대3 아시아컵에서 준우승을 합작한 이주영·김승우(이상 연세대), 이동근(고려대), 구민교(성균관대)가 다시 호흡을 맞춰 사상 첫 금메달을 노린다. 결승전은 이날 오후 7시 30분 열린다....",2026-09-25 14:37,https://www.fnnews.com/news/202609251430242363,https://n.news.naver.com/mnews/article/014/0005580825?sid=104
고려대학교,파이낸셜뉴스,"남자 3대3 농구, 필리핀 꺾고 결승 진출…첫 금메달 도전 [나고야 AG]","올해 4월 국제농구연맹(FIBA) 3대3 아시아컵에서 준우승을 합작한 이주영·김승우(이상 연세대), 이동근(고려대), 구민교(성균관대)가 다시 호흡을 맞춰 사상 첫 금메달을 노린다. 결승전은 이날 오후 7시 30분 열린다....",2026-09-25 14:37,https://www.fnnews.com/news/202609251430242363,https://n.news.naver.com/mnews/article/014/0005580825?sid=104
연세대학교,파이낸셜뉴스,"""1분 20초 만에 게임 끝"" 필리핀 21-9 압도 韓 3대3 농구, 사상 첫 금메달...","이주영, 김승우(이상 연세대), 이동근(고려대), 구민교(성균관대) 등 대학생 4인방으로 구성된 이번 대표팀은 지난 4월 국제농구연맹(FIBA) 3대3 아시아컵 준우승의 기세를 나고야에서도 고스란히 이어갔다. 준결승전...",2026-09-25 14:36,https://www.fnnews.com/news/202609251432484031,https://n.news.naver.com/mnews/article/014/0005580824?sid=104
연세대학교,미디어파인,"한국 남자 3대3 농구, 필리핀 완파…8년 만에 AG 결승 진출","이번 대표팀에는 올해 4월 국제농구연맹(FIBA) 3대3 아시아컵 준우승을 합작한 이주영, 김승우(이상 연세대), 이동근(고려대), 구민교(성균관대)가 출전했다. 준결승에서는 경기 초반부터 한국의 화력이 돋보였다....",2026-09-25 14:36,https://www.mediafine.co.kr/news/articleView.html?idxno=90833,https://www.mediafine.co.kr/news/articleView.html?idxno=90833
고려대학교,미디어파인,"한국 남자 3대3 농구, 필리핀 완파…8년 만에 AG 결승 진출","이번 대표팀에는 올해 4월 국제농구연맹(FIBA) 3대3 아시아컵 준우승을 합작한 이주영, 김승우(이상 연세대), 이동근(고려대), 구민교(성균관대)가 출전했다. 준결승에서는 경기 초반부터 한국의 화력이 돋보였다....",2026-09-25 14:36,https://www.mediafine.co.kr/news/articleView.html?idxno=90833,https://www.mediafine.co.kr/news/articleView.html?idxno=90833
고려대학교,파이낸셜뉴스,"""1분 20초 만에 게임 끝"" 필리핀 21-9 압도 韓 3대3 농구, 사상 첫 금메달...","이주영, 김승우(이상 연세대), 이동근(고려대), 구민교(성균관대) 등 대학생 4인방으로 구성된 이번 대표팀은 지난 4월 국제농구연맹(FIBA) 3대3 아시아컵 준우승의 기세를 나고야에서도 고스란히 이어갔다. 준결승전...",2026-09-25 14:36,https://www.fnnews.com/news/202609251432484031,https://n.news.naver.com/mnews/article/014/0005580824?sid=104
고려대학교,전남일보,"남자 3X3 농구, 필리핀 완파하고 결승…첫 금메달 도전","대표팀은 올해 4월 국제농구연맹(FIBA) 3X3 아시아컵 준우승을 합작한 이주영·김승우(이상 연세대), 이동근(고려대), 구민교(성균관대)로 구성됐다. 준결승에서는 경기 초반부터 한국이 주도권을 잡았다. 이주영과...",2026-09-25 14:31,https://www.jnilbo.com/news/articleView.html?idxno=90000068651,https://www.jnilbo.com/news/articleView.html?idxno=90000068651
연세대학교,전남일보,"남자 3X3 농구, 필리핀 완파하고 결승…첫 금메달 도전","대표팀은 올해 4월 국제농구연맹(FIBA) 3X3 아시아컵 준우승을 합작한 이주영·김승우(이상 연세대), 이동근(고려대), 구민교(성균관대)로 구성됐다. 준결승에서는 경기 초반부터 한국이 주도권을 잡았다. 이주영과...",2026-09-25 14:31,https://www.jnilbo.com/news/articleView.html?idxno=90000068651,https://www.jnilbo.com/news/articleView.html?idxno=90000068651
고려대학교,뉴스핌,"[2026AG] '김승우 폭발' 남자 3x3 농구, 필리핀 꺾고 8년 만에 결승 진출","올해 4월 국제농구연맹(FIBA) 3x3 아시아컵에서 준우승을 합작한 이주영, 김승우(이상 연세대), 이동근(고려대), 구민교(성균관대)가 다시 한번 완벽한 호흡을 자랑했다. 김승우가 8점 3리바운드로 최다 득점을 올렸고...",2026-09-25 14:30,https://www.newspim.com/news/view/20260925000122,https://www.newspim.com/news/view/20260925000122
연세대학교,뉴스핌,"[2026AG] '김승우 폭발' 남자 3x3 농구, 필리핀 꺾고 8년 만에 결승 진출","올해 4월 국제농구연맹(FIBA) 3x3 아시아컵에서 준우승을 합작한 이주영, 김승우(이상 연세대), 이동근(고려대), 구민교(성균관대)가 다시 한번 완벽한 호흡을 자랑했다. 김승우가 8점 3리바운드로 최다 득점을 올렸고...",2026-09-25 14:30,https://www.newspim.com/news/view/20260925000122,https://www.newspim.com/news/view/20260925000122
고려대학교,스포츠조선,"대한민국 3X3 농구 대형 사고 쳤다! 한국 역대 최초 금메달 보인다, 8년...","대학 선수들로 구성된 이번 대회 남자 3대 3 농구 대표팀은 이주영과 김승우(이상 연세대), 이동근(고려대), 구민교(성균관대)가 고르게 활약하며 상대를 제압했다. 4강 상대인 필리핀 또한 조별리그에서 전승, 이후...",2026-09-25 14:25,https://www.sportschosun.com/sports-news/2026-09-25/202609250100169380011124,https://m.sports.naver.com/basketball/article/076/0004449615
서울대학교,세계일보,"“호남엔 반도체 주고, 우리는 패싱”… TK서 李 지지율 8% 급락",정부의 서울대 10개 만들기 프로젝트에선 경북대가 제외되는 등 TK소외론이 확산하면서 반발의 목소리도... 전국국공립대학교수노동조합 또한 선별 지원이 국립대 간 새로운 서열을 고착화하고 탈락 대학에 낙인을 찍을...,2026-09-25 14:25,https://www.segye.com/newsView/20260925506094?OutUrl=naver,https://n.news.naver.com/mnews/article/022/0004161774?sid=100
연세대학교,스포츠조선,"대한민국 3X3 농구 대형 사고 쳤다! 한국 역대 최초 금메달 보인다, 8년...","대학 선수들로 구성된 이번 대회 남자 3대 3 농구 대표팀은 이주영과 김승우(이상 연세대), 이동근(고려대), 구민교(성균관대)가 고르게 활약하며 상대를 제압했다. 4강 상대인 필리핀 또한 조별리그에서 전승, 이후...",2026-09-25 14:25,https://www.sportschosun.com/sports-news/2026-09-25/202609250100169380011124,https://m.sports.naver.com/basketball/article/076/0004449615
연세대학교,연합뉴스,"[아시안게임] 남자 3대3 농구, 필리핀 꺾고 결승 진출…첫 금메달 도전","한국은 올해 4월 국제농구연맹(FIBA) 3대3 아시아컵에서 준우승을 합작한 이주영, 김승우(이상 연세대), 이동근(고려대), 구민교(성균관대)가 호흡을 맞춰 사상 첫 금메달을 노린다. 결승전은 오후 7시 30분 열릴...",2026-09-25 14:22,https://www.yna.co.kr/view/AKR20260925030100007?input=1195m,https://n.news.naver.com/mnews/article/001/0016335916?sid=104
고려대학교,연합뉴스,"[아시안게임] 남자 3대3 농구, 필리핀 꺾고 결승 진출…첫 금메달 도전","한국은 올해 4월 국제농구연맹(FIBA) 3대3 아시아컵에서 준우승을 합작한 이주영, 김승우(이상 연세대), 이동근(고려대), 구민교(성균관대)가 호흡을 맞춰 사상 첫 금메달을 노린다. 결승전은 오후 7시 30분 열릴...",2026-09-25 14:22,https://www.yna.co.kr/view/AKR20260925030100007?input=1195m,https://n.news.naver.com/mnews/article/001/0016335916?sid=104
서울대학교,NTODAY,"[완벽한 날들⑨｜강동섭의 여정] 정상만 좇던 쇼호스트, 내리막에서 평...","서울대학교 심리학 연구진이 정리한 '한국어 감정단어'를 토대로, 인터뷰이가 자신의 경험을 가장 잘 나타낸다고 직접 선택한 감정단어를 따라 이들이 암을 마주하고 치료를 견디며 겪은 내면의 변화를 살펴본다. 이와 함께...",2026-09-25 14:20,https://www.ntoday.co.kr/news/articleView.html?idxno=129345,https://www.ntoday.co.kr/news/articleView.html?idxno=129345
연세대학교,오마이뉴스,기름냄새 대신 왕릉 숲으로… 추석 연휴에 이어진 부부의 버킷리스트,"딸네 가족은 시부모님을 모시고 강원도 정선으로 여행을 떠났고, 대학원 실험실을 비울 수 없다는 아들은... ⓒ 홍영미 능 외에도 임진왜란 때 시신을 잃어 신주만 모신 순회세자의 순창원, 연세대 경내에서 옮겨온...",2026-09-25 14:06,https://www.ohmynews.com/NWS_Web/View/at_pg.aspx?CNTN_CD=A0003270252&CMPT_CD=P0010&utm_source=naver&utm_medium=newsearch&utm_campaign=naver_news,https://n.news.naver.com/mnews/article/047/0002530240?sid=103
서울대학교,영남일보,[공연장에서 만난 사람] “생물다양성 무너지면 팬데믹은 반복된다”…...,"서울대 생명과학부 교수, 이화여대 에코과학부 석좌교수, 초대 국립생태원장, 유엔 생물다양성협약 의장 등을 역임하며 생명의 소중함을 꾸준히 강조해 온 인물이다. 지난 16일 대구 아양아트센터에서 열린 '2026 인문학과...",2026-09-25 14:02,https://www.yeongnam.com/web/view.php?key=20260925029470558,https://www.yeongnam.com/web/view.php?key=20260925029470558
서울대학교,READERSNEWS,원칙이 있는 부모는 흔들리지 않는다,방송인 홍진경이 자신의 유튜브 채널 '공부왕찐천재'에서 서울대학교를 방문해 그곳 학생들을 인터뷰했다. 홍진경은 평소 공부에 관해 궁금했던 점들을 학생들에게 물었다. 그리고 공통된 한 가지 사실을 발견했다....,2026-09-25 14:00,https://www.readersnews.com/news/articleView.html?idxno=200690,https://www.readersnews.com/news/articleView.html?idxno=200690
고려대학교,뉴시스,학벌 벽 허문 SK하이닉스…현직들의 출신 학교·스펙은 어느 정도?,"그는 ""고려대학교 이공계 출신이며 학점은 3.9였다""며 ""다른 회사에서 근무한 경험은 없다. 입사 전... 19년차 반도체 개발 직무 직원은 지방대학교 출신이라고 밝혔다. 입사 과정에서 학벌이 어느 정도 중요할 수 있다고...",2026-09-25 13:35,https://www.newsis.com/view/NISX20260923_0003801492,https://n.news.naver.com/mnews/article/003/0014213390?sid=101
고려대학교,K-HEALTH,신선해 보여도 방심 금물…과일 표면 식중독균 잡는 '5분 세정법' 개발,고려대학교 이민석 교수 연구팀은 레몬·라임·깔라만시 등 감귤류 과일 추출물과 발효주정을 활용한 살균·세정 조성물을 개발하고 대표적인 식중독균인 리스테리아 모노사이토제네스와 살모넬라균을 대상으로...,2026-09-25 13:34,https://www.k-health.com/news/articleView.html?idxno=101368,https://www.k-health.com/news/articleView.html?idxno=101368
서울대학교,ABCN,[ABC뉴스 이 책] 현역 애니메이터 에릭 오 첫 창작집 '천사의 위스키',"서양화를 전공하고 서울대 영화과 석사를 거쳐 UCLA에서 공부한 그는 세계적인 애니메이션 스튜디오 픽사(Pixar)에서 활동했다. 「몬스터 대학교」, 「도리를 찾아서」 제작에 참여했고, 단편 애니메이션 「오페라」로...",2026-09-25 12:46,https://www.abcn.kr/news/articleView.html?idxno=92332,https://www.abcn.kr/news/articleView.html?idxno=92332
서울대학교,뉴데일리,한병도 국회의원 “기숙사비 카드납부 확대 위해 사립대 참여 대책 필요...,"2026년 대학별 카드납부 이용자는 충남대가 1,224명으로 가장 많았으며, 충북대 536명, 건국대 404명, 국립창원대 399명, 경상국립대 304명, 서울교대 295명 등이 뒤를 이었고, 분할납부 이용자는 서울대가 5608명으로...",2026-09-25 12:44,https://gj.newdaily.co.kr/site/data/html/2026/09/24/2026092400032.html,https://gj.newdaily.co.kr/site/data/html/2026/09/24/2026092400032.html
고려대학교,아주경제,"2028 대입 수시 'N수생 제한' 늘어…""성취도·교과세특이 합격 가른다""","수시 N수생 지원 불가 2.5배 껑충…""9등급 N수생 갈 곳 잃어“ 서울대, 연세대, 고려대 등 주요 10개 대학의... 불확실성에 대한 불안감 탓에 '합격 가능성이 높은 대학·전형을 더 고려했다(안정 지원)'는 응답이 58.1%로...",2026-09-25 12:02,https://www.ajunews.com/view/20260925104537789,https://www.ajunews.com/view/20260925104537789
서울대학교,아주경제,"2028 대입 수시 'N수생 제한' 늘어…""성취도·교과세특이 합격 가른다""","com 지난 6일 서울 강남종로학원에서 열린 '2027 수시대학 최종 결정 특집 파이널 설명회'를 찾은... 수시 N수생 지원 불가 2.5배 껑충…""9등급 N수생 갈 곳 잃어“ 서울대, 연세대, 고려대 등 주요 10개 대학의 2028학년도...",2026-09-25 12:02,https://www.ajunews.com/view/20260925104537789,https://www.ajunews.com/view/20260925104537789
서울대학교,아주경제,대학교 기숙사비 카드결제 '유명무실'…100명 중 2명도 안 쓴다,"분할납부 역시 서울대(5608명), 전북대(2532명), 충남대(2089명) 등 국·공립대 쏠림 현상이 뚜렷했다. 한병도 의원은 ""기숙사비 분할 납부와 카드 납부를 촉진하는 고등교육법 개정안이 통과됐음에도 현장...",2026-09-25 12:02,https://www.ajunews.com/view/20260925114354840,https://www.ajunews.com/view/20260925114354840
연세대학교,아주경제,"2028 대입 수시 'N수생 제한' 늘어…""성취도·교과세특이 합격 가른다""","수시 N수생 지원 불가 2.5배 껑충…""9등급 N수생 갈 곳 잃어“ 서울대, 연세대, 고려대 등 주요 10개 대학의 2028학년도 전형계획을 분석한 결과에 따르면, 수시 전형에서 N수생 지원이 아예 불가능한 전형의 선발 인원이...",2026-09-25 12:02,https://www.ajunews.com/view/20260925104537789,https://www.ajunews.com/view/20260925104537789
고려대학교,뉴시스,노란봉투법 소송 나선 기업들…법원 판단에 교섭 희비 교차,"또 전국플랜트건설노조가 포스코와 교섭을 진행해 온 점 등을 고려해 별도 교섭단위로 분리할 필요가 있다고... 박지순 고려대 법학전문대학원 교수는 ""기업 입장에서는 한번 교섭에 응하고 단체협약까지 체결하면 그것이...",2026-09-25 12:00,https://www.newsis.com/view/NISX20260921_0003798532,https://n.news.naver.com/mnews/article/003/0014213331?sid=102
고려대학교,오마이뉴스,"남여 '첫 동반 4강' 3대 3 농구... ""죽을 각오로 결승까지 뛰겠다""","""성인 대표팀 베테랑 형들 보며 감동"" 대학 선수들로 구성된 이번 대회 남자 3대 3 농구 대표팀. 구민교(성균관대)와 김승우(연세대), 그리고 이동근(고려대)와 이주영(연세대)로 구성된 대표팀은 예선에서 압도적인...",2026-09-25 11:46,https://www.ohmynews.com/NWS_Web/View/at_pg.aspx?CNTN_CD=A0003270256&CMPT_CD=P0010&utm_source=naver&utm_medium=newsearch&utm_campaign=naver_news,https://m.sports.naver.com/basketball/article/047/0002530231
연세대학교,오마이뉴스,"남여 '첫 동반 4강' 3대 3 농구... ""죽을 각오로 결승까지 뛰겠다""","""성인 대표팀 베테랑 형들 보며 감동"" 대학 선수들로 구성된 이번 대회 남자 3대 3 농구 대표팀. 구민교(성균관대)와 김승우(연세대), 그리고 이동근(고려대)와 이주영(연세대)로 구성된 대표팀은 예선에서 압도적인...",2026-09-25 11:46,https://www.ohmynews.com/NWS_Web/View/at_pg.aspx?CNTN_CD=A0003270256&CMPT_CD=P0010&utm_source=naver&utm_medium=newsearch&utm_campaign=naver_news,https://m.sports.naver.com/basketball/article/047/0002530231
서울대학교,VOP,뿌리 깊은 현대차 ‘옵션질’ 또 아반떼 주차 보조 옵션 넣으려면 834만...,"이봉의 서울대 법학전문대학원 교수는 끼워팔기보다 상위 개념인 거래강제에서 소비자 선택권 제한을 규정하고 있는 만큼, 심사지침 개정 이후에도 끼워팔기의 위법성 판단에서 소비자 선택권 제한이 고려 대상에서...",2026-09-25 11:44,https://vop.co.kr/A00001696839.html,https://vop.co.kr/A00001696839.html
고려대학교,파이낸셜뉴스,"명절 체중 폭탄?...""음식 먹었다고 죄책감 갖지 마세요""","권영근 고려대 안암병원 비만대사센터 교수는 ""추석에는 평소보다 다양한 음식을 접하고 식사량이 늘어날 수 있지만, 명절 음식을 무조건 피하거나 많이 먹었다는 죄책감 때문에 연휴 전후로 굶는 방식의 체중 조절을...",2026-09-25 11:40,https://www.fnnews.com/news/202609251135568921,https://n.news.naver.com/mnews/article/014/0005580794?sid=103
고려대학교,톱스타뉴스,[아시안게임] 남자 3대3 농구 이주영·김승우 출격…필리핀과 준결승,고려대 소속 이동근은 5점을 넣는 동시에 무려 13개의 리바운드를 잡았다. 3×3에서는 수비 리바운드를 잡은... 이번 남자 대표팀은 이주영·김승우·이동근·구민교 등 대학 선수 네 명으로 구성됐다. 이들은...,2026-09-25 11:28,https://www.topstarnews.net/news/articleView.html?idxno=16212420,https://www.topstarnews.net/news/articleView.html?idxno=16212420
연세대학교,톱스타뉴스,[아시안게임] 남자 3대3 농구 이주영·김승우 출격…필리핀과 준결승,"함께 연세대에서 뛰고 있어 서로의 움직임에 익숙하다는 점도 장점이다. ○ 구민교까지 4명, 4월부터 그대로 호흡 구민교는 성균관대 소속이다. 이번 남자 대표팀은 이주영·김승우·이동근·구민교 등 대학 선수 네...",2026-09-25 11:28,https://www.topstarnews.net/news/articleView.html?idxno=16212420,https://www.topstarnews.net/news/articleView.html?idxno=16212420
고려대학교,이데일리,개인정보 다른 회사 넘기면 항상 동의 받아야 하나[주목! 개인정보 판례...,종합적으로 고려해야 한다고 보았다. 특히 개인정보를 이용할 필요가 있는 사람이 실질적으로 누구인지를... 졸업 △성균관대학교 법학전문대학원 석사 졸업 △고려대학교 정보보호대학원 박사과정 수료 △前김앤장...,2026-09-25 11:00,https://www.edaily.co.kr/News/Read?newsId=01820406645583728&mediaCodeNo=257&utm_source=naver&utm_medium=referral&utm_campaign=news_syndication&utm_content=original_article,https://n.news.naver.com/mnews/article/018/0006375468?sid=102
서울대학교,TJB,해양쓰레기·우주의약품·반도체 실증까지…누리호에 실리는 15개 임무,"GBSAT은 경기북과학고 동문들이 대학 1학년 때 팀을 꾸려 개발을 시작한 위성으로, 현재 DGIST와 KAIST, GIST, 한국항공대, 서울대 학생들이 참여하고 있습니다. 위성은 저궤도에서 지구 자기장과 정렬된 고에너지 양성자를...",2026-09-25 10:54,https://www.tjb.co.kr/news05/bodo/view/id/104057,https://www.tjb.co.kr/news05/bodo/view/id/104057
서울대학교,세계일보,왕조와 전쟁만 좇지 않았다…사회·경제·사상으로 다시 읽는 한국사,김태웅·박평식·추명엽·김성현/삼영사/3만8000원 서울대학교 사범대학 역사교육과 교수진인 김태웅·박평식·추명엽·김성현 교수가 함께 쓴 ‘새로운 한국통사’는 한국사를 정치적 사건의 나열이 아니라 사회·경제·사상...,2026-09-25 10:53,https://www.segye.com/newsView/20260925504794?OutUrl=naver,https://n.news.naver.com/mnews/article/022/0004161743?sid=103
서울대학교,미디어파인,김앤장 출신 박민철 개업식에 비·박해진까지 '화려한 인맥',"박민철은 서울대 법대 출신으로 2002년 제44회 사법시험에 합격한 뒤 사법연수원 34기를 수료했다. 2009년부터 김앤장법률사무소에서 근무한 그는 독립 후 ""4명을 선발해 훈남 로펌을 만들어서 시작하려 한다""는 포부까지...",2026-09-25 10:32,https://www.mediafine.co.kr/news/articleView.html?idxno=90803,https://www.mediafine.co.kr/news/articleView.html?idxno=90803
연세대학교,브릿지경제,"지역인재 정책 ‘사각지대’…여야, 후속 입법 추진","청년의 수도권 이동이 대학 진학보다 취업 과정에서 두드러지는 것으로 나타난 가운데, 현행 지역인재 정책의... 브리프를 작성한 한준 연세대학교 사회학과 교수는 “지방의 경제적 기회가 확대되지 않는 한 청년의 수도권...",2026-09-25 10:18,https://www.viva100.com/article/20260805500673,https://www.viva100.com/article/20260805500673
서울대학교,아시아경제,'산업혁명 뛰어넘는 AI혁명 시대' 국회에 맡겨진 숙제[AI룰메이커],"안철수 의원도 ""대학 교수가 기업 임원을 겸하거나 직접 창업할 수 있도록 관련 규제를 완화하는 등 산학 간 이동을 유연하게 해야 한다""며 ""최근 서울대 교수와 삼성전자 임원을 겸직하는 첫 사례가 나왔다고 들었는데...",2026-09-25 10:00,https://view.asiae.co.kr/article/2026092316153288935,https://n.news.naver.com/mnews/article/277/0005820840?sid=100
연세대학교,ASIAA,"현대해상, '프로젝트 트레일마크' 공개...SK 협력해 청년 미래역량 지원","또한 염재호 태재대 총장, 장용석 연세대 교수, 엄윤미 아산나눔재단 이사장 등 교육·사회혁신·HR 분야 전문가 6명으로 구성된 자문위원단이 생태계 전문성을 뒷받침한다. 정경선 현대해상 최고지속가능책임자(CSO)는...",2026-09-25 10:00,https://www.asiaa.co.kr/news/articleView.html?idxno=264042,https://www.asiaa.co.kr/news/articleView.html?idxno=264042
서울대학교,전자신문,배일권 신임 세종시 행정부시장 28일 취임…AI 스마트 행정수도 조성 힘...,배 신임 부시장은 1972년 서울 출생으로 서울대 사회학과를 졸업하고 서울대와 미국 시라큐스대학교 대학원에서 각각 행정학 석사학위를 취득했다. 1999년 제42회 행정고시에 합격해 공직에 입문한 뒤 행정안전부...,2026-09-25 09:57,https://www.etnews.com/20260925000005,https://n.news.naver.com/mnews/article/030/0003469874?sid=102
서울대학교,NEWSROAD,"10년 만에 매출 4.5배·수출 3배…코스맥스, '세계 1위 초격차 플랫폼' ...","코스맥스는 서울대, 포스텍, 하버드대, 도쿄대, 푸단대 등 국내외 27개 대학·연구기관과 공동 연구를 진행해 지난해까지 158억원을 투자하고 264건의 프로젝트를 수행했다. 이를 통해 기초·응용 연구에서 축적한...",2026-09-25 09:46,http://www.newsroad.co.kr/news/articleView.html?idxno=64881,http://www.newsroad.co.kr/news/articleView.html?idxno=64881
고려대학교,서울신문,고려대 구로병원 새암병원 기공식…“미래형 암 치료 플랫폼 구축”,"이날 기공식에는 학교법인 고려중앙학원 김재호 이사장, 고려대 김동원 총장, 윤을식 의무부총장 겸 의료원장, 편성범 의과대학장, 한승범 안암병원장, 민병욱 구로병원장, 서동훈 안산병원장, 전임 의무부총장 및...",2026-09-25 09:43,https://www.seoul.co.kr/news/society/health-welfare/2026/09/25/20260925500019?wlog_tag3=naver,https://n.news.naver.com/mnews/article/081/0003683464?sid=102
서울대학교,한국일보,"제70회 미스코리아 수상자 5인, 5색 꿈과 한가위 인사",우서윤(22·서울경기인천 선·터프츠대 파인아트 전공)이 그리고 있는 미래는 한국의 문화와 예술을 세계에... 노향(20·서울대 국악과)에게는 ‘예(藝)’라는 이름이 더욱 각별하다. 여섯 살 때 친할머니의 영향을 받아...,2026-09-25 09:42,https://www.hankookilbo.com/news/article/A2026092421530002639?did=NA,https://m.entertain.naver.com/article/469/0000955939
연세대학교,한국일보,"제70회 미스코리아 수상자 5인, 5색 꿈과 한가위 인사",이민솔(21·연세대 언더우드국제대 경제학)은 아름다움을 바라보는 생각을 전했다. “아름다움은 결국... 여섯 살 때 친할머니의 영향을 받아 가야금을 시작한 그는 현재 서울대학교 국악과에서 공부하고 있는 국가무형유산...,2026-09-25 09:42,https://www.hankookilbo.com/news/article/A2026092421530002639?did=NA,https://m.entertain.naver.com/article/469/0000955939
연세대학교,뉴스핌,"함안문화예술회관, 비브라폰과 피아노 하우스콘서트","비브라폰 연주자 우리는 예원학교와 서울예술고등학교, 연세대학교 음악대학 및 동 대학원을 졸업했다. 대한민국 타악기 콩쿠르 최우수상 등을 받았으며 서울시립교향악단, 한경아르떼필하모닉...",2026-09-25 09:40,https://www.newspim.com/news/view/20260925000067,https://www.newspim.com/news/view/20260925000067
서울대학교,연합뉴스,누리호에 실린 국산 위성 15기…우주서 어떤 임무 맡나,"GBSAT은 경기북과학고 동문이 대학 1학년 때 팀을 결성해 만든 위성으로, 이상훈 대구경북과학기술원(DGIST) 학생을 비롯해 KAIST, 광주과학기술원(GIST), 한국항공대, 서울대 재학생들이 각자 곳곳에 흩어져 있음에도...",2026-09-25 09:33,https://www.yna.co.kr/view/AKR20260923128400017?input=1195m,https://n.news.naver.com/mnews/article/001/0016335639?sid=105
서울대학교,BNTNEWS,[한국화가 김현정이 그린 한국의 초상 ㉜] 연휴를 끝내고 참았던 숨을 ...,"거쳐 서울대학교에서 경영학과·동양화과 학사와 동양화과 석사·박사 학위를 취득했다. 김현정 작가는 현대... 김현정 화가의 작품은 초·중·고 교과서 31종에 수록되어 있으며, 현재 서울시 홍보대사로 활동하고 있다....",2026-09-25 09:26,https://www.bntnews.co.kr/article/view/bnt202609230233,https://www.bntnews.co.kr/article/view/bnt202609230233
고려대학교,팍스경제TV,[추석 의료상식] '명절 살'만 걱정하다 놓치는 것...대사질환 관리 중요,▲(좌) 고려대 안암병원 권영근 교수 (우) 서울성모병원 이준엽 교수 추석 명절만 되면 기름진 음식과 각종... 고려대 안암병원 권영근 교수는 명절 전후 체중이 늘었다고 해서 연휴 전후로 굶거나 극단적으로 식사량을...,2026-09-25 09:12,http://www.paxetv.com/news/articleView.html?idxno=282751,http://www.paxetv.com/news/articleView.html?idxno=282751
서울대학교,한국일보,"미스코리아 '예' 노향 ""할머니 뒤이어 가야금 인간문화재 되고파"" [추석...",제70회 미스코리아 예(藝) 노향(20·서울대 국악과)의 꿈은 분명하다. 여섯 살 때 친할머니의 영향을 받아 가야금을 시작한 그는 현재 서울대학교 국악과에서 공부하고 있는 국가무형유산 이수자다. 할머니가 평생 지켜온...,2026-09-25 09:08,https://www.hankookilbo.com/news/article/A2026092508570005995?did=NA,https://m.entertain.naver.com/article/469/0000955933
연세대학교,한국일보,"미스코리아 '미' 이민솔 ""아름다움은 사람을 대하는 태도에서 시작"" [추...","제70회 미스코리아 선발대회에서 미(美)에 오른 이민솔(21·연세대 언더우드국제대 경제학 전공)은 수상 이후 고마운 이들에게 인사를 전하고, 밀려 있던 공부를 다시 시작했다. 동시에 미스코리아라는 이름으로 어떤 일을 할...",2026-09-25 09:07,https://www.hankookilbo.com/news/article/A2026092421210001515?did=NA,https://m.entertain.naver.com/article/469/0000955932
고려대학교,헤럴드경제,동탄 도심에 새 주거단지…‘아크메르 동탄’ 10월 분양,고려대학교 의료원은 지난 3월 동탄을 제4병원 입지로 최종 확정하고 수도권 남부를 아우르는 융복합 메디컬 허브를 구축하겠다고 밝혔다. ‘고려대 동탄병원’은 총 700병상 규모의 종합병원으로 추진되고 있다. 반송동의...,2026-09-25 09:01,https://biz.heraldcorp.com/article/10882303?ref=naver,https://n.news.naver.com/mnews/article/016/0002701800?sid=101
연세대학교,WOMANECONOMY,[김공필 칼럼] 가을 햇빛과 비타민D,"김공필 의학저널리스트 연세대학교 정치외교학과를 졸업했고, 조선일보 출판국 기자, 조선일보 행복플러스 섹션 편집장, 월간  편집장, ㈜헬스조선 취재본부장을 지냈다. 현재 의학저널리스트로 활동...",2026-09-25 09:00,https://www.womaneconomy.co.kr/news/articleView.html?idxno=258999,https://www.womaneconomy.co.kr/news/articleView.html?idxno=258999
고려대학교,더퍼블릭,"40년 '유한맨'이냐, 의대 교수 출신이냐…유한양행 차기 사장 누구?","김 사장은 고려대 의대 교수로 활동하다 2023년 합류했다. 이 본부장은 1986년 입사해 영업기획부장과 약품사업본부장 등을 거쳤다. 유 본부장도 1994년 입사해 30년 넘게 근무했다. 연구개발과 경영관리, 의약품 사업을 각각...",2026-09-25 09:00,https://www.thepublic.kr/news/articleView.html?idxno=320038,https://www.thepublic.kr/news/articleView.html?idxno=320038
서울대학교,머니투데이,李정부 경제팀 장관으로 다시 뭉친 '경제정책국 3인방',"서울대 경제학과(89학번)를 졸업한 후 행정고시 36회로 공직에 입문했고, 주로 재경부의 거시경제 분야에서 경력을 쌓았다. 이 부총리는 과장 시절 재경부 경제정책국 소속의 자금시장과장, 경제분석과장, 종합정책과장을...",2026-09-25 09:00,https://www.mt.co.kr/economy/2026/09/25/2026092309455982717,https://n.news.naver.com/mnews/article/008/0005418294?sid=101
서울대학교,HAPT,세 개의 길로 엮어낸 단지의 섬세한 풍경,"글∙사진=엄 호 정 l 서울대학교에서 지리교육과 조경학을 전공하고 생태조경학 석사학위를 취득했다. 건설회사 조경부서에서 설계･견적･시공 업무를 수행했으며, 『아파트, 조경으로 읽다』의 저자다. 콘텐츠 기획자...",2026-09-25 09:00,https://www.hapt.co.kr/news/articleView.html?idxno=169539,https://www.hapt.co.kr/news/articleView.html?idxno=169539
서울대학교,서울경제TV,"SKT, 추석에도 AI 개발 속도…‘A.X K3’·‘모두의 AI’ 고도화",서울대와 카이스트 등 컨소시엄 참여 기관의 전문성을 활용해 A.X K3 개발과 연계한 공동 연구도 추진할 계획이다. SK텔레콤은 다음 달 베타 출시 예정인 ‘모두의 AI’의 성능 검증과 고도화 작업도 추석 연휴 동안...,2026-09-25 08:58,https://www.sentv.co.kr/article/view/sentv202609250005,https://www.sentv.co.kr/article/view/sentv202609250005
고려대학교,TFMEDIA,[전문가 칼럼] 2026년 하반기 달라지는 노동관계법령 점검,[프로필] 백정숙 이산HR그룹 부대표/공인노무사 • 지방공기업평가원 평가위원 • 여성가족부 가족친화인증 심사위원 • 가족친화지원센터 컨설턴트 • 성균관대학교 법학학사/ 고려대학교 대학원 법학석사 2026년...,2026-09-25 08:32,https://www.tfmedia.co.kr/news/article.html?no=207409,https://www.tfmedia.co.kr/news/article.html?no=207409
서울대학교,E-PLATFORM,3대 메가프로젝트로 전력수요 폭증…높아지는 'Firm Power'의 중요성,"서울대학교 심형진 교수는 3대 메가프로젝트의 일환인 '호남 반도체 클러스터'의 전력 공급을 위해... 이와 관련해 서울과학기술대학교 유승훈 교수는 ""전남 반도체 클러스터의 본격적인 가동연도가 2034~2035년인데, 그...",2026-09-25 08:14,http://www.e-platform.net/news/articleView.html?idxno=105696,http://www.e-platform.net/news/articleView.html?idxno=105696
서울대학교,뉴스1,생수 나르고 통역하고…'코트 밖 선수들'이 만든 춘천 태권도 무대,"서울대학교에 재학 중인 이집트 국적의 가다 엘젠드 씨는 아랍어권과 영어권 선수단을 맡아 대기실과 경기장 입구, 숙소 로비를 오가며 엿새 동안 선수들을 도왔다. 언어와 국적은 달랐지만 경기 직전 선수들의 표정은...",2026-09-25 08:11,https://www.news1.kr/local/kangwon/6300780,https://n.news.naver.com/mnews/article/421/0009191119?sid=102
고려대학교,코메디닷컴,“추석에 늘어난 체중 모두 ‘살’일까”⋯명절 맞춤 체중 관리법,"고려대 안암병원 비만대사센터 권영근 교수는 23일 ""추석 음식을 무조건 피하거나 많이 먹었다는 죄책감... 약물이나 비만대사수술은 비만 정도와 동반 질환 등을 고려해 의료진과 장기적인 치료 계획을 세워 결정해야 한다.",2026-09-25 08:03,https://kormedi.com/?p=2872840,https://n.news.naver.com/mnews/article/296/0000105242?sid=103
고려대학교,조이뉴스24,[2026 가을 JOY트레킹] 단풍 따라 걷고 기부하자⋯'따뜻한 한 걸음',"이번 행사는 조이뉴스24가 주최하고 (사)고려대학교 산악회, 아이뉴스24가 공동 주관하며, 사람과 산... ▶ 행사명: 제14회 희망찾기 등산 · 트레킹 교실 ▶ 주 최: 조이뉴스24 ▶ 주 관: (사)고려대학교 산악회, 아이뉴스24...",2026-09-25 08:02,http://www.joynews24.com/view/2008238,http://www.joynews24.com/view/2008238
고려대학교,동아사이언스,"'명절증후군' 예방?…""갈비찜·낮잠 자제해야""","한규만 고려대 안암병원 정신건강의학과 한규만 교수는 ""명절 전후로 일시적인 피로감이나 스트레스를 느끼는 것은 자연스러운 반응일 수 있지만 연휴가 끝난 뒤에도 우울감이나 불안, 수면 문제 등이 지속돼 일상생활에...",2026-09-25 08:01,https://www.dongascience.com/news/view/80042,https://n.news.naver.com/mnews/article/584/0000039448?sid=103
연세대학교,연합뉴스,"[4만달러 눈 앞] ④ 반도체 중심 성장에 격차 심화…""신산업 육성해야""","서울에서 대학교에 다니고 있는 대학생 지모(23) 씨도 ""주변만 봐도 취업에 성공한 사람이 1∼2년 전에 비해 확... 김정식 연세대 경제학부 명예교수는 ""수출이 반도체에 편중돼 있기 때문에 반도체가 고꾸라지면 한국...",2026-09-25 08:00,https://www.yna.co.kr/view/AKR20260921161200004?input=1195m,https://n.news.naver.com/mnews/article/001/0016335537?sid=102
서울대학교,머니투데이,"남은 생 두 달, 아들은 말 못했지만…아버지는 이미 알았던 '마지막 병...",전국 '빅5'(서울아산·삼성서울·세브란스·서울성모·서울대) 병원을 찾은 비수도권 환자 1인당 평균 진료비는 약 341만원(2024년 기준)에 달했다. 임씨가 입원한 서울 북부병원 호스피스 병동의 올해 1인당 평균 진료비는...,2026-09-25 08:00,https://www.mt.co.kr/policy/2026/09/25/2026092311374537765,https://n.news.naver.com/mnews/article/008/0005418275?sid=102
서울대학교,데일리안,"두나무, 글로벌 ‘코인 큰손’ 서울로 모은다","두나무는 오는 29일 서울 광진구 그랜드 워커힐 서울에서 ‘업비트 인스티튜셔널 서밋(UIS)’을 개최한다고... 이종섭 서울대학교 경영대학 교수가 좌장을 맡고 최원석 두나무 해외사업총괄, 엄태성 하나금융지주 상무 겸...",2026-09-25 08:00,https://www.dailian.co.kr/news/view/1693685/?sc=Naver,https://n.news.naver.com/mnews/article/119/0003136280?sid=101
서울대학교,비즈월드,[부고] 유영실(서울시청 아마조네스 여자축구단 감독)씨 모친상,"▲이금재씨 별세, 유영실(서울시청 아마조네스 여자축구단 감독)씨 모친상 = 24일, 빈소 분당서울대학교병원장례식장 12호실, 발인 26일 오전 5시.",2026-09-25 07:42,http://www.bizwnews.com/news/articleView.html?idxno=147332,http://www.bizwnews.com/news/articleView.html?idxno=147332
고려대학교,한국강사신문,"고려대학교 정호상·유용상 교수팀, AI 피부 패치로 땀 속 약물 추적…...","고려대 바이오의공학부 정호상 교수, 유용상 교수, 공동 제 1저자 박로운, 허보유, 최세진 [사진출처... 파악할 수 있다는 점에서 향후 개인별 약물 반응을 고려한 정밀 의료 분야에서도 활용 가능성이 기대된다.",2026-09-25 07:36,https://www.lecturernews.com/news/articleView.html?idxno=211130,https://www.lecturernews.com/news/articleView.html?idxno=211130
서울대학교,연합뉴스,"SKT, 추석에도 AI 개발 이어간다…차세대 모델·서비스 투트랙","A.X K2 개발 과정에서 축적한 데이터의 활용 방안과 서울대, 카이스트 및 컨소시엄 협력 기관과의 공동 연구도 구체화하고 있다. 제안된 연구 과제는 조만간 참여기관별 전문성을 바탕으로 A.X K3 개발과 연계한 공동...",2026-09-25 07:33,https://www.yna.co.kr/view/AKR20260923084700017?input=1195m,https://n.news.naver.com/mnews/article/001/0016335510?sid=105
연세대학교,파이낸셜뉴스,AI에 생각까지 맡겼다면…추석에 펼쳐볼 인문서 3권 [fn 북브리핑],홍진기 연세대 교수의 '사고외주'(어크로스)는 AI 시대 인간의 사고와 판단을 들여다본다. AI가 일상적인 도구가 된 상황에서 생각하는 과정까지 맡길 때 무엇을 잃을 수 있는지 묻는다. 출발점은 저자가 강의실에서 마주한...,2026-09-25 07:31,https://www.fnnews.com/news/202609250504554687,https://n.news.naver.com/mnews/article/014/0005580748?sid=103
고려대학교,조이뉴스24,"QWER, 한복 곱게 차려입고 추석 인사 ""보름달처럼 풍성하게""","QWER은 지난 12~13일 서울 고려대학교 화정체육관에서 두 번째 투어 'QWER 2nd TOUR 'ROCKATION : ROCKET LAUNCH!!''를 성황리에 개최했다. 이후 QWER은 10월 10~11일 타이베이, 10월 13일 후쿠오카, 10월 15일 오사카, 10월 17일...",2026-09-25 07:26,http://www.joynews24.com/view/2009031,http://www.joynews24.com/view/2009031
서울대학교,CBCI,[정치家] 전재수 부산시장 ㅣ '해양수도 부산' 밑그림…북항·신공항·관...,"대학 인재 양성에 대한 질의에는 부산대가 '서울대 10개 만들기' 지원 대상에 선정돼 5년간 5500억원을 지원받고, 대기업 계약학과 신설이 이뤄지고 있다고 설명했다. 대학 지원 방식에 대해서는 집중과 분산의 필요성을...",2026-09-25 07:20,https://www.cbci.co.kr/news/articleView.html?idxno=609665,https://www.cbci.co.kr/news/articleView.html?idxno=609665
서울대학교,연합뉴스,"코스맥스, 10년간 매출 4.5배·수출 3배…R&D 투자 12배 확대","서울대와 포스텍, 하버드대, 도쿄대, 푸단대 등 국내외 27개 대학·기관과 공동 연구를 진행해 지난해까지 158억원을 투자하고 264건의 프로젝트를 수행했다. 코스맥스그룹 관계자는 ""이경수 회장의 장기적 혜안과...",2026-09-25 07:01,https://www.yna.co.kr/view/AKR20260924031700030?input=1195m,https://n.news.naver.com/mnews/article/001/0016335483?sid=101
고려대학교,NEWSROAD,"유한양행, 60년 '순혈 CEO' 관례 깨지나…차기 사장 인선에 쏠린 눈","김 사장은 고려대학교 의과대학 교수로 오랜 기간 재직한 뒤 2023년 유한양행에 합류했다. 의사 출신으로... 유한양행은 과거 CEO 선임 패턴을 고려할 때, 차기 대표를 정식 취임 1년 전쯤 총괄부사장급으로 올려 '예비 CEO...",2026-09-25 07:00,http://www.newsroad.co.kr/news/articleView.html?idxno=64871,http://www.newsroad.co.kr/news/articleView.html?idxno=64871
연세대학교,연합뉴스,"[추석 밖 청년] ② ""한국에도 절대적 빈곤 있더라…노숙위기 청년 많아...","실제로 아름다운재단이 송아영 연세대 사회복지학과 교수 연구팀에 의뢰해 만 18∼34세 노숙 위기 청년 187명을 조사한 결과 이들의 73%가 한 달 소득이 100만원 이하라고 답했다. 주요 지출은 식비(37.4％), 주거비(36.4...",2026-09-25 07:00,https://www.yna.co.kr/view/AKR20260924048500004?input=1195m,https://n.news.naver.com/mnews/article/001/0016335466?sid=102
연세대학교,VEGANNEWS,"수강정정·철회 차이, 성적표 표기는 대학마다 달라","평점 반영 기준도 해당 대학·과정의 학사 공지에서 확인하는 것이 정확하다. 연세대 일반대학원은 2026학년도 2학기 안내에서 철회 과목을 다른 과목으로 대체할 수 없고, 신청 과목이 최소 1과목 이상 남아야 한다고 밝혔다.",2026-09-25 06:56,https://www.vegannews.co.kr/news/article.html?no=387428,https://www.vegannews.co.kr/news/article.html?no=387428
서울대학교,ABCN,래빗 R1부터 Tiiny AI까지 - 휴대형 AI 기기의 미래,"박사는 서울대학교 산업공학과에서 학사 및 석사학위를 취득하고, Oracle, HP, Applied Materials, SAP 등 글로벌 IT 기업에서 30여 년간 컨설턴트와 임원으로 활동했다. 2022년 단국대학교에서 인공지능 기반 소프트웨어...",2026-09-25 06:30,https://www.abcn.kr/news/articleView.html?idxno=92308,https://www.abcn.kr/news/articleView.html?idxno=92308
고려대학교,쿠키뉴스,독감 조기 유행에 코로나 입원도 증가…추석 연휴 감염 주의,윤진구 고려대구로병원 감염내과 교수는 “손 씻기와 마스크 착용 같은 생활수칙은 감염 위험을 낮추는 데 필요하지만 이것만으로 모든 감염을 막을 수는 없다”며 “예방접종은 감염 가능성과 감염 후 중증·입원...,2026-09-25 06:02,https://www.kukinews.com/article/view/kuk202609180143,https://www.kukinews.com/article/view/kuk202609180143
서울대학교,쿠키뉴스,"추석에도 ‘국감 모드’…여야, 민생 현안 발굴전","교육부는 지난 1일 이른바 ‘서울대 10개 만들기’ 사업의 첫 패키지 지원대학으로 부산대·전남대·충남대를 선정했다. 선정 과정과 평가 기준, 지원 대상에서 제외된 다른 거점국립대와의 형평성 등이 국감에서 검증...",2026-09-25 06:02,https://www.kukinews.com/article/view/kuk202609140169,https://www.kukinews.com/article/view/kuk202609140169
연세대학교,헤럴드경제,"“기억도 하고 연산도 한다”…삼성·SK, 다음달 글로벌 반도체 학회서...",삼성전자는 UC샌디에이고·연세대·엔비디아 등의 연구진과 함께 참여한 ‘AMMA(A Multi-Chiplet Memory-Centric Architecture)’를 소개한다. AMMA는 고대역폭메모리(HBM)를 중심으로 연산을 처리하는 가속기 구조다. 이 역시...,2026-09-25 06:01,https://biz.heraldcorp.com/article/10883675?ref=naver,https://n.news.naver.com/mnews/article/016/0002701766?sid=105
고려대학교,가톨릭평화방송,엄마 수험생 (01),"글 _ 정점길 (세례자 요한, 의정부교구 복음화학교 교장) 고려대학교 교육대학원에서 국어교육을 전공, 38년 동안 교직 생활을 했다. 2006년 3월 「한국수필」에 등단, 수필 동호회 ‘모닥불’ 동인으로 활동하고 있다....",2026-09-25 06:00,https://news.cpbc.co.kr/article/1175842?division=NAVER,https://news.cpbc.co.kr/article/1175842?division=NAVER
고려대학교,한스경제,추석에 찐 살 어쩌나…'급찐급빠' 관리법,"권영근 고려대 안암병원 비만대사센터 교수는 ""명절 음식을 무조건 피하거나 많이 먹었다는 죄책감 때문에 연휴 전후로 굶는 방식의 체중 조절을 반복할 필요는 없다""며 ""연휴가 끝난 뒤 평소 식사와 활동 패턴으로...",2026-09-25 06:00,http://www.hansbiz.co.kr/news/articleView.html?idxno=867859,http://www.hansbiz.co.kr/news/articleView.html?idxno=867859
서울대학교,중앙일보,“부모님 24점 넘으면 위험” 추석에 꼭 해야할 ‘치매 테스트’,묵인희 서울대 의대 교수는 “이 설문은 주관적 인지장애를 객관적으로 평가하는 방법으로 치매의 조기 진단을 상당히 더 앞당길 수도 있을 것으로 기대된다”고 말했다. (계속) 이 설문에서 24점 이상을...,2026-09-25 06:00,https://www.joongang.co.kr/article/25464723,https://n.news.naver.com/mnews/article/025/0003553728?sid=103
서울대학교,뉴스엔,"박민철, 유재석에도 영업하더니‥새 로펌 개업에 비 박해진 화려한 인맥...","한편 박민철은 서울대 법대 출신으로 2002년 44회 사법시험에 합격했다. 2005년 사법연수원 34기를 수료하며 변호사 자격을 취득, 2009년부터 국내 최대 로펌 김앤장법률사무소에서 일해 왔다. 지난 2024년 JTBC 예능 '아는...",2026-09-25 05:48,https://www.newsen.com/news_view.php?uid=202609242018406110,https://m.entertain.naver.com/article/609/0001172357
연세대학교,뉴스1,"전문가 70% ""서울 전셋값 2% 이상 오른다""…매물은 13% 감소","박합수 건국대학교 부동산대학원 겸임교수는 ""(서울 일대) 입주물량 부족·대출규제, 세금 증가를 전월세... ◆설문 대상 전문가 20인 고종완 한국자산관리연구원 원장, 고준석 연세대 상남경영원 교수, 김규정...",2026-09-25 05:05,https://www.news1.kr/realestate/general/6300460,https://n.news.naver.com/mnews/article/421/0009190957?sid=101
고려대학교,파이낸셜포스트,"[안병익의 노포기행]  노사부가 만드는 최고의 잡채밥 성지, 보문 '안동...",▲상호: 안동반점 ▲주소: 서울 성북구 고려대로1길 35-1 ▲식신 별등급: 2스타 ▲영업시간: 현재 휴업 중(~12월... 이사 2012~2019년 중앙대학교 산업창업경영대학원 겸임교수 2010~2017년 건국대학교 정보통신대학원 겸임교수,2026-09-25 05:00,https://www.financialpost.co.kr/news/articleView.html?idxno=277306,https://www.financialpost.co.kr/news/articleView.html?idxno=277306
연세대학교,VEGANNEWS,“결제했는데 접수된 걸까?”…대학 원서 접수번호 확인,"연세대 2026학년도 서울캠퍼스 수시 합격자 조회 페이지는 성명과 생년월일 외에 원서 접수 때 부여된 수험번호를 입력하도록 안내했다. 결제 뒤에는 접수 내역에서 대학명과 전형, 모집단위가 맞는지 살피고 접수번호가...",2026-09-25 04:26,https://www.vegannews.co.kr/news/article.html?no=387355,https://www.vegannews.co.kr/news/article.html?no=387355
고려대학교,데일리안,쉬어도 피곤한 명절…'명절증후군' 막으려면[한가위 건강톡],한규만 고려대학교 안암병원 정신건강의학과 교수는 “명절에는 평소와 다른 일정과 생활환경이 이어지면서 신체적인 피로뿐 아니라 심리적인 피로도 쌓일 수 있다”며 “명절을 즐겁게 보내야 한다는 생각에...,2026-09-25 04:00,https://www.dailian.co.kr/news/view/1693600/?sc=Naver,https://n.news.naver.com/mnews/article/119/0003136256?sid=103
서울대학교,NEWS2DAY,"[돈 버는 탄소 중립 (41)] 섹터 커플링, 에너지 부문의 경계 허무는 탈탄...","[정리=최봉 산업경제 전문기자] ◀ 유종민(Yu, Jongmin) ▶ 미국 일리노이대 응용경제학 박사 / 서울대학교 경제학 학사 / 홍익대학교 경제학부 교수 / 미국 포틀랜드 주립대 겸임교수 / 환경부 배출권 할당심의위원회 위원...",2026-09-25 00:30,https://www.news2day.co.kr/article/20260924500083,https://www.news2day.co.kr/article/20260924500083
연세대학교,서울경제,"에스컬레이터 탈 때 ‘한 줄 서기냐, 두 줄 서기냐’…정부가 내린 결론...",행안부는 지난달 29일 연세대학교 백양누리에서 국민 200여 명과 전문가가 참여한 가운데 열린 ‘에스컬레이터 안전 이용 문화 개선’ 모두의 토론회 결과를 바탕으로 이런 내용의 후속 조치를 추진한다고 23일 밝혔다....,2026-09-24 23:01,https://www.sedaily.com/article/20094894?ref=naver,https://n.news.naver.com/mnews/article/011/0004665256?sid=102
연세대학교,문화일보,"‘남들 쉬는 추석, 누군가는 등급을 올린다’…추석연휴도 학원으로 ‘...",서울 멘토스학원도 연세대·홍익대·단국대 등 대학별 논술 대비 수업을 비롯해 수리·인문·약술형 논술 특강을 편성했다. 입시업계에서는 추석 연휴가 수능과 대학별 고사를 앞두고 장시간 집중학습을 할 수 있는...,2026-09-24 22:45,https://www.munhwa.com/article/11619390?ref=naver,https://n.news.naver.com/mnews/article/021/0002821111?sid=102
고려대학교,TV조선,"'연이틀 입장문' 조희대 연휴에 '숙고'…내란특수본에 법조계 ""사법부 ...","차진아 / 고려대 법학전문대학원 교수 ""대법원장이 그렇게 반복적으로 수사를 왜 받아야 하는지에 대해서 납득하기가 어렵고요. 사법부를 이런 식으로 탄압해도 되는 것인가"" 국민의힘 정점식 원내대표는 ""내란 특수본 구성...",2026-09-24 22:45,https://news.tvchosun.com/site/data/html_dir/2026/09/24/2026092490179.html,https://n.news.naver.com/mnews/article/448/0000641329?sid=102
서울대학교,베타뉴스,기숙사비 카드로 낸 학생 1.7%뿐…대학 3곳 중 2곳 카드·분할납부 실적...,"카드납부는 충남대 1224명, 충북대 536명, 건국대 404명 등이 많았고, 분할납부는 서울대 5608명, 전북대 2532명, 충남대 2089명 등의 순이었다. 한 의원은 “청년의 목돈 부담을 덜기 위해 대학별 학칙 개정과 이행...",2026-09-24 21:56,https://www.betanews.net/article/view/beta202609240016,https://www.betanews.net/article/view/beta202609240016
고려대학교,토큰포스트,"신현송 “인구구조, 잠재성장률·균형금리 좌우”","신관호 고려대 경제학과 교수는 자동화와 AI가 고령 노동자의 생산성을 보완할 수 있지만, 인적자본과 조직 역량이 함께 갖춰져야 효과가 나타난다고 설명했다. 관련 발표 내용은 연합인포맥스 보도로...",2026-09-24 21:40,https://www.tokenpost.kr/news/economy/413533,https://www.tokenpost.kr/news/economy/413533
연세대학교,FNTODAY,"김희정 의원 ""경쟁률 가려도 접수번호 보면 안다""…수시 지원정보 유추...","국회 교육위원회 김희정 위원장(국민의힘·부산 연제구)이 한국대학교육협의회를 통해 확인한 결과, 전국... 조사 대상에는 연세대·고려대·한양대 등 서울 소재 대학 30곳이 포함됐다. 부산대·인천대·충북대·제주대 등...",2026-09-24 21:40,https://www.fntoday.co.kr/news/articleView.html?idxno=393873,https://www.fntoday.co.kr/news/articleView.html?idxno=393873
고려대학교,FNTODAY,"김희정 의원 ""경쟁률 가려도 접수번호 보면 안다""…수시 지원정보 유추...","국회 교육위원회 김희정 위원장(국민의힘·부산 연제구)이 한국대학교육협의회를 통해 확인한 결과, 전국... 조사 대상에는 연세대·고려대·한양대 등 서울 소재 대학 30곳이 포함됐다. 부산대·인천대·충북대·제주대 등...",2026-09-24 21:40,https://www.fntoday.co.kr/news/articleView.html?idxno=393873,https://www.fntoday.co.kr/news/articleView.html?idxno=393873
연세대학교,스포츠월드,[AG하이라이트] 여자 3대3 농구 4강 새역사… 남자도 中 완파하고 동반...,"이주영과 김승우(이상 연세대), 이동근(고려대), 구민교(성균관대)가 고르게 힘을 냈다. 중반까지 이어진 접전을 화력으로 깨뜨렸다. 한국은 경기 종료 3분30여초를 남기고 10-10으로 맞섰지만 이후 이주영의 돌파...",2026-09-24 21:08,https://www.sportsworldi.com/newsView/20260924509075,https://m.sports.naver.com/basketball/article/396/0000756254
고려대학교,스포츠월드,[AG하이라이트] 여자 3대3 농구 4강 새역사… 남자도 中 완파하고 동반...,"이주영과 김승우(이상 연세대), 이동근(고려대), 구민교(성균관대)가 고르게 힘을 냈다. 중반까지 이어진 접전을 화력으로 깨뜨렸다. 한국은 경기 종료 3분30여초를 남기고 10-10으로 맞섰지만 이후 이주영의 돌파...",2026-09-24 21:08,https://www.sportsworldi.com/newsView/20260924509075,https://m.sports.naver.com/basketball/article/396/0000756254
서울대학교,스포츠월드,[부고] 유영실(서울시청 감독)씨 모친상,"▲이금재씨 별세, 유영실(서울시청 여자축구단 감독)씨 모친상= 24일, 분당서울대학교병원장례식장 12호실, 발인 26일 오전 5시, 장지 용인평온의 숲·고흥하늘공원, 031-787-1500",2026-09-24 20:59,https://www.sportsworldi.com/newsView/20260924509071,https://m.sports.naver.com/kfootball/article/396/0000756253
서울대학교,뉴시스,[부고]유영실(여자실업축구 서울시청 감독)씨 모친상,"▲이금재씨 별세, 유영실(여자실업축구 서울시청 감독)씨 모친상 = 24일, 분당서울대학교병원 장례식장 12호실, 발인 26일 오전 5시",2026-09-24 20:34,https://www.newsis.com/view/NISX20260924_0003803143,https://n.news.naver.com/mnews/article/003/0014212559?sid=102
연세대학교,스포츠조선,"한국 남녀 3대3 농구 대표팀, 나란히 준결승 진출...메달 도전 청신호","올해 4월 국제농구연맹(FIBA) 3대3 아시아컵에서 준우승을 합작한 이주영, 김승우(이상 연세대), 이동근(고려대), 구민교(성균관대)가 그대로 출전한 한국은 조별리그에서 3연승을 달렸고, 8강전에서 중국까지 꺾으며...",2026-09-24 20:28,https://www.sportschosun.com/sports-news/2026-09-24/202609240100166320010899,https://m.sports.naver.com/basketball/article/076/0004449443
고려대학교,스포츠조선,"한국 남녀 3대3 농구 대표팀, 나란히 준결승 진출...메달 도전 청신호","올해 4월 국제농구연맹(FIBA) 3대3 아시아컵에서 준우승을 합작한 이주영, 김승우(이상 연세대), 이동근(고려대), 구민교(성균관대)가 그대로 출전한 한국은 조별리그에서 3연승을 달렸고, 8강전에서 중국까지 꺾으며...",2026-09-24 20:28,https://www.sportschosun.com/sports-news/2026-09-24/202609240100166320010899,https://m.sports.naver.com/basketball/article/076/0004449443
연세대학교,머니투데이,"김익수 전 부장검사, 법무법인 베이시스에서 새출발","김 전 부장검사는 부산 대동고, 연세대 법학과 출신이다. 2006년 의정부지검 고양지청에서 검사 생활을 시작했다. 이후 서울중앙지검 특수3부, 경제범죄형사부, 반부패강력1부 검사, 대검찰청 디지털수사과장, 감사원...",2026-09-24 20:22,https://www.mt.co.kr/society/2026/09/24/2026092420171842717,https://n.news.naver.com/mnews/article/008/0005418212?sid=102
고려대학교,SLIST,"남녀 3대3 농구 대표팀, 나란히 AG 준결승 진출","올해 4월 국제농구연맹(FIBA) 3대3 아시아컵에서 준우승을 합작한 이주영, 김승우(이상 연세대), 이동근(고려대), 구민교(성균관대)가 그대로 출전한 한국은 조별리그에서 3연승을 달렸고, 8강전에서도 기세를...",2026-09-24 20:10,https://www.slist.kr/news/articleView.html?idxno=768642,https://www.slist.kr/news/articleView.html?idxno=768642
연세대학교,SLIST,"남녀 3대3 농구 대표팀, 나란히 AG 준결승 진출","올해 4월 국제농구연맹(FIBA) 3대3 아시아컵에서 준우승을 합작한 이주영, 김승우(이상 연세대), 이동근(고려대), 구민교(성균관대)가 그대로 출전한 한국은 조별리그에서 3연승을 달렸고, 8강전에서도 기세를...",2026-09-24 20:10,https://www.slist.kr/news/articleView.html?idxno=768642,https://www.slist.kr/news/articleView.html?idxno=768642
서울대학교,스포츠조선,[부음]유영실 서울시청 여자축구단 감독 모친상,"유영실씨(서울시청 여자축구단 감독) 모친상=24일, 분당서울대학교병원장례식장 12호실, 발인 26일 오전 5시. 031-787-1500.",2026-09-24 20:09,https://www.sportschosun.com/football/2026-09-24/202609240100166180010887,https://m.sports.naver.com/kfootball/article/076/0004449431
고려대학교,톱스타뉴스,"프로미스나인 백지헌, 한복 자태로 담은 고요한 순간…글로우 미 활동 ...",아울러 프로미스나인은 9월 초 서울 고려대학교 화정체육관에서 '2026 프로미스나인 아시아 투어 TOMORROW GLOW.'의 포문을 열며 아시아 투어를 시작했다. 서울 공연에서 백지헌은 유닛 곡 'Cold Blood'를 비롯한...,2026-09-24 20:06,https://www.topstarnews.net/news/articleView.html?idxno=16211755,https://www.topstarnews.net/news/articleView.html?idxno=16211755
서울대학교,BREAKNEWS,김춘옥-김민석 ‘민주화 투쟁 가문(家門)'이 보여준...“추석명절의 훈...,김춘옥 의장은 셋째 아들(김민석 전 서울대 총학생회장·현 정치인)이 민주화... 1980년대 김민석 대표가 서울대 총학생회장(전학련 의장)으로서 학생운동을 이끌다...,2026-09-24 20:06,http://www.breaknews.com/1239101,http://www.breaknews.com/1239101
고려대학교,연합뉴스,"[아시안게임] 남녀 3대3 농구 대표팀, 나란히 준결승 진출","올해 4월 국제농구연맹(FIBA) 3대3 아시아컵에서 준우승을 합작한 이주영, 김승우(이상 연세대), 이동근(고려대), 구민교(성균관대)가 그대로 출전한 한국은 조별리그에서 3연승을 달렸고, 8강전에서도 기세를...",2026-09-24 20:05,https://www.yna.co.kr/view/AKR20260924049300007?input=1195m,https://n.news.naver.com/mnews/article/001/0016335070?sid=104
연세대학교,연합뉴스,"[아시안게임] 남녀 3대3 농구 대표팀, 나란히 준결승 진출","올해 4월 국제농구연맹(FIBA) 3대3 아시아컵에서 준우승을 합작한 이주영, 김승우(이상 연세대), 이동근(고려대), 구민교(성균관대)가 그대로 출전한 한국은 조별리그에서 3연승을 달렸고, 8강전에서도 기세를...",2026-09-24 20:05,https://www.yna.co.kr/view/AKR20260924049300007?input=1195m,https://n.news.naver.com/mnews/article/001/0016335070?sid=104
고려대학교,이뉴스투데이,"안산시, 추석 연휴 종합대책 운영… 10개 분야 314명 비상근무",또한 근로복지공단 안산병원·사랑의병원·동안산병원 등 상록구 3곳과 고려대학교 안산병원·한도병원·단원병원·클래스병원 등 단원구 4곳을 포함한 안산 지역 7개 응급실 운영 의료기관은 연휴 기간 24시간...,2026-09-24 20:00,http://www.enewstoday.co.kr/news/articleView.html?idxno=2474284,http://www.enewstoday.co.kr/news/articleView.html?idxno=2474284
서울대학교,매일경제,카드 소비로 본 병원 이용…내과 최다·성형외과 급증,"서울아산병원, 세브란스병원, 삼성서울병원, 서울대학교병원(분당), 가톨랙대 서울성모병원 등 수도권 15 대형병원의 이용고객을 본석한 결과 경기도 거주자(34.0%)와 서울 거주자(16.0%)가 절반을 차지했다. 나머지...",2026-09-24 19:46,https://www.mk.co.kr/article/12161000,https://n.news.naver.com/mnews/article/009/0005739860?sid=101
고려대학교,헤럴드경제,"‘아버지, 자퇴하고 정시올인 할래요’…학교 떠난 1만명 신중론 나왔다...",고려대 일반전형은 의학과와 사이버국방학과를 제외하고 수능 100%로 선발한다. 서강대 일반전형과 성균관대 일반형·특화형도 수능 100% 전형이다. 같은 대학도 전형별 평가 방식이 다른 만큼 목표 전형을 구분해...,2026-09-24 19:43,https://biz.heraldcorp.com/article/10884316?ref=naver,https://n.news.naver.com/mnews/article/016/0002701725?sid=102
연세대학교,헤럴드경제,"‘아버지, 자퇴하고 정시올인 할래요’…학교 떠난 1만명 신중론 나왔다...","내신 부담을 피해 자퇴한 뒤 대학수학능력시험에만 집중하려는 입시 전략에 신중해야 한다는 입시업계의... 연세대 일반전형은 의예과를 제외하고 수능 90%와 서류평가 10%를 반영하며, 교과학습과 출결 등을...",2026-09-24 19:43,https://biz.heraldcorp.com/article/10884316?ref=naver,https://n.news.naver.com/mnews/article/016/0002701725?sid=102
서울대학교,헤럴드경제,"‘아버지, 자퇴하고 정시올인 할래요’…학교 떠난 1만명 신중론 나왔다...",우선 서울 최상위권 대학의 정시모집에서 학교 생활기록부 평가는 존재한다. 서울대는 2028학년도 정시 일반전형에서 의과대학과 수의과대학을 제외하고 1단계에서 수능 성적만으로 모집인원의 3배수를 선발한다....,2026-09-24 19:43,https://biz.heraldcorp.com/article/10884316?ref=naver,https://n.news.naver.com/mnews/article/016/0002701725?sid=102
서울대학교,PUBLIC25,[부고] 유영실씨(WK리그 서울시청 감독) 모친상,"△ 이금재씨 별세, 유영실씨(WK리그 서울시청 감독) 모친상 = 24일, 분당서울대학교병원 장례식장 12호실, 발인 26일 오전 5시, 장지 용인평온의 숲, (031)787-1500. 노혁진 객원기자",2026-09-24 19:20,https://www.public25.com/news/articleView.html?idxno=55363,https://www.public25.com/news/articleView.html?idxno=55363
서울대학교,뉴스1,[부고] 유영실 씨(WK리그 서울시청 감독) 모친상,"■이금재 씨 별세, 유영실 씨(WK리그 서울시청 감독) 모친상 = 24일, 분당서울대학교병원 장례식장 12호실, 발인 26일 오전 5시, 장지 용인평온의 숲, (031)787-1500. * 부고 게재 문의는 카톡 뉴스1제보, 이메일...",2026-09-24 19:02,https://www.news1.kr/sports/soccer/6301335,https://n.news.naver.com/mnews/article/421/0009190561?sid=102
서울대학교,BNTNEWS,"김동영 원장, 장각당에서 만난 맛과 건강 이야기 [포토]",23일 서울 신사동의 닭요리 전문점 ‘장각당’을 찾았다. ‘이방인의 식탁’ 세 번째 여정에는 배우 예지원과 레어피부과 김동영 대표원장도 함께해 네 사람이 특별한 식탁을 완성했다. 서울대학교 출신 피부과...,2026-09-24 18:16,https://www.bntnews.co.kr/article/view/bnt202609240162,https://www.bntnews.co.kr/article/view/bnt202609240162
서울대학교,BNTNEWS,"김동영 레어피부과 원장, ‘이방인의 식탁’ 함께해 [포토]",23일 서울 신사동의 닭요리 전문점 ‘장각당’을 찾았다. ‘이방인의 식탁’ 세 번째 여정에는 배우 예지원과 레어피부과 김동영 대표원장도 함께해 네 사람이 특별한 식탁을 완성했다. 서울대학교 출신 피부과...,2026-09-24 18:14,https://www.bntnews.co.kr/article/view/bnt202609240161,https://www.bntnews.co.kr/article/view/bnt202609240161
서울대학교,미디어오늘,'가장 신뢰하는 프로그램 1위' 뉴스공장은 이제 지상파?,"이준웅 서울대 언론정보학과 교수는 지난해 발표한  논문에서 ""모두가... 이준웅 교수는 '동아일보'와 '서울의소리'를 예로 들었다. 오랫동안 주류 언론으로 지위를 유지했기에 같은...",2026-09-24 18:05,https://www.mediatoday.co.kr/news/articleView.html?idxno=337342,https://n.news.naver.com/mnews/article/006/0000137903?sid=102
고려대학교,한겨레,"조희대의 헌법 오독과 모독, ‘사법부 정치화’ 위험한 선택 [논썰]",‘제청’의 사전적 의미는 “어떤 안건을 제시하여 결정하여 달라고 청구함”(표준국어대사전) 또는 “어떤 사람을 추천하여 임명해 줄 것을 윗사람이나 공식 기구에 정식으로 요청함”(고려대한국어대사전)입니다....,2026-09-24 18:02,https://www.hani.co.kr/arti/politics/politics_general/1279406.html,https://n.news.naver.com/mnews/article/028/0002824596?sid=100
연세대학교,오마이뉴스,'이해찬의 사람'에서 세종 정치의 주역으로,"부산 출신인 그는 고3 때 부마민주항쟁의 현장을 생생히 목격했고, 학교의 만류에도 학생운동을 하겠다는 생각으로 연세대학교 사학과에 진학했다. 대학 시절 을 접하며 급속한 경제 성장 뒤에...",2026-09-24 18:01,https://www.ohmynews.com/NWS_Web/View/at_pg.aspx?CNTN_CD=A0003270188&CMPT_CD=P0010&utm_source=naver&utm_medium=newsearch&utm_campaign=naver_news,https://n.news.naver.com/mnews/article/047/0002530197?sid=100
서울대학교,텐아시아,"'1000억 건물주 딸' 신슬기, 안경으로 가려도 미모 못 숨겨…어딘가 달...",한편 1998년생인 신슬기는 28세로 서울 강남구 신사역에 있는 대형 성형외과 원장의 딸인 것으로 알려졌다. 해당 성형외과 매매가는 1000억원으로 알려져 있다. 서울대학교 피아노 전공인 신슬기는 넷플릭스 '솔로지옥2'에...,2026-09-24 18:01,https://www.tenasia.co.kr/article/2026092451264,https://m.entertain.naver.com/article/312/0000777436
서울대학교,VENTURESQUARE,[안변의 스타트업 법률 노트] 계약서에 사인했다고 끝이 아니다…캐시워...,서울중앙지방법원 제31민사부는 2026년 9월 10일 캐시워크애즈가 박수근 엔비티... 안희철 대표변호사는 포항공과대학교 물리학과와 서울대학교 법학전문대학원을...,2026-09-24 17:56,https://www.venturesquare.net/1115997/,https://www.venturesquare.net/1115997/
서울대학교,NTODAY,[완벽한 날들⑦ | 박준희의 여정] 메달보다 소중해진 삶의 호흡…암을 ...,"서울대학교 심리학 연구진이 정리한 '한국어 감정단어'를 토대로, 인터뷰이가 자신의 경험을 가장 잘... 한때 서울 대표로 전국대회에 나가 메달을 따던 선수였던 그에게 수영은 늘 기록과 속도의 세계였다. 남보다 빨라야...",2026-09-24 17:46,https://www.ntoday.co.kr/news/articleView.html?idxno=129343,https://www.ntoday.co.kr/news/articleView.html?idxno=129343
서울대학교,TJB,기숙사비 카드납부 대학 15%뿐…충남대 이용자는 전국 최다,"현금 분할납부에서도 충남대는 2천89명으로 서울대 5천608명, 전북대 2천532명에 이어 이용자가 세 번째로 많았습니다. 국립공주대에서도 628명이 분할납부를 이용했습니다. 한병도 의원은 ""청년의 목돈 부담을...",2026-09-24 17:44,https://www.tjb.co.kr/news05/bodo/view/id/104039,https://www.tjb.co.kr/news05/bodo/view/id/104039
연세대학교,글로벌경제신문,"[금융zip] 우리은행, 신보·기보와 청년 창업기업에 2000억원 금융지원 ...","프로젝트의 방향성과 전문성을 높이기 위해 교육, HR, 사회혁신 분야 전문가 6인으로 자문위원단을 구성했으며, 염재호 태재대학교 총장, 장용석 연세대학교 교수, 엄윤미 아산나눔재단 이사장, 김성준 국민대학교 교수...",2026-09-24 17:34,https://www.getnews.co.kr/news/articleView.html?idxno=881778,https://www.getnews.co.kr/news/articleView.html?idxno=881778
고려대학교,스포츠조선,"""이번 추석엔 살 안 찌고 싶은데…"" 체중 감량 현실적인 방법은?","고려대학교 안암병원 비만대사센터 권영근 교수는 ""추석에는 평소보다 다양한 음식을 접하고 식사량이 늘어날 수 있지만, 명절 음식을 무조건 피하거나 많이 먹었다는 죄책감 때문에 연휴 전후로 굶는 방식의 체중 조절을...",2026-09-24 17:24,https://www.sportschosun.com/life/2026-09-24/202609240100163750010712,https://n.news.naver.com/mnews/article/076/0004449401?sid=102
연세대학교,스포츠경향,"KT의 꾸준한 ‘로컬보이 픽’+연고 지역 야구 기부, 지역내 야구 발전 선...","이승원을 비롯해 8라운드 투수 조영우(유신고-연세대), 11라운드 내야수 이지효(장안고)가 KT 유니폼을... 올해도 유신고는 5명, 유신고 출신 대학 선수 2명을 배출하며 전국구 야구 명문으로 자리를 굳건히 했다. 장안고...",2026-09-24 16:39,https://sports.khan.co.kr/article/202609241638003?pt=nv,https://m.sports.naver.com/kbaseball/article/144/0001140278
연세대학교,서울신문,“호남 전력 자급률 210%...분산전력망 최적지”,"이호근 전 연세대 교수는 최근 광주테크노파크에서 열린 (사)에너지밸리포럼 주제 강연에서 “‘전력이... 이어 GIST(광주과학기술원)·전남대·전북대 등 지역 거점 대학과 연계한 R＆D 투자를 확대하고, 주거·교육...",2026-09-24 16:31,https://www.seoul.co.kr/news/society/2026/09/24/20260924500076?wlog_tag3=naver,https://n.news.naver.com/mnews/article/081/0003683410?sid=102
서울대학교,DYNEWS,"청주대, 윤건영 충북교육감 초청 명사특강",윤 교육감은 청주고와 서울대 사범대학 윤리교육과와 동 대학원을 졸업한 뒤 서울대에서 교육학 박사학위를 받았다. 청주교대 총장과 충북교원단체총연합회 회장 등을 역임하고 현재 충북도교육감과 국가교육위원회...,2026-09-24 16:24,https://www.dynews.co.kr/news/articleView.html?idxno=867146,https://www.dynews.co.kr/news/articleView.html?idxno=867146
서울대학교,뉴데일리,어떻게 이런《무혈 명예혁명》가능했을까? … 뜨거운 열정과 냉정한 절...,"첫 번째 리듬, 서울대생 박종철 군이 남영동 대공 분실에서 고문을 받다가 숨진 사태. 당국은 이것을... 1987년 7월 초 서울에서 열린 학술회의에 그가 참석했습니다. 나는 그를 그의 숙소 하얏트 호텔에서 만나...",2026-09-24 15:50,https://www.newdaily.co.kr/site/data/html/2026/09/24/2026092400038.html,https://www.newdaily.co.kr/site/data/html/2026/09/24/2026092400038.html
연세대학교,KIHOILBO,경기도 신임 행정1부지사에 하종목 행안부 예방정책국장,"하 부지사는 경남도 거창 출신으로 부산 동천고와 연세대 행정학과를 졸업했다. 행시 42회 출신으로 경남도 기획조정실장, 창원시 제1부시장, 행안부 지방재정국장 등을 역임했다. 도 관계자는 ""하 신임 부지사는...",2026-09-24 15:50,https://www.kihoilbo.co.kr/news/articleView.html?idxno=3035734,https://www.kihoilbo.co.kr/news/articleView.html?idxno=3035734
서울대학교,지디넷코리아,[신간] '칩노믹스'...TSMC 신화 뒤 숨겨진 대만 60년 성공 전략 분석,"저자 이은호는 서울대에서 기계설계를 전공하고 석사 학위를 받은 뒤, 문교부 국비 장학생으로 선발돼 미국... ""(김태윤, 한양대학교 정책과학대학 교수, (전)한국규제학회장) ◆ 책 속의 문장들 ""부처 간 칸막이, 관료...",2026-09-24 15:49,https://zdnet.co.kr/view/?no=20260924154858,https://n.news.naver.com/mnews/article/092/0002438723?sid=105
고려대학교,지디넷코리아,[신간] '칩노믹스'...TSMC 신화 뒤 숨겨진 대만 60년 성공 전략 분석,"현재는 고려대 경제기술안보연구원 경제안보센터장을 맡고 있다. 칩노믹스 저자 이은호 '세상을 지배하는... ""(김태윤, 한양대학교 정책과학대학 교수, (전)한국규제학회장) ◆ 책 속의 문장들 ""부처 간 칸막이, 관료...",2026-09-24 15:49,https://zdnet.co.kr/view/?no=20260924154858,https://n.news.naver.com/mnews/article/092/0002438723?sid=105
연세대학교,뉴스엔,"GD 장원영과 친분 인증 ‘대림 4세’ 이주영, Y대 여신 되나? 교환학생 ...","유학하기) 연세 교환학생의 캠퍼스룩""이라는 글과 함께 여러 장의 사진들을 게재했다. 공개된 사진에는 연세대학교 캠퍼스를 누비는 이주영의 모습이 담겼다. 자신이 해당 대학교 교환학생이 됐다는 소식을 알린...",2026-09-24 15:34,https://www.newsen.com/news_view.php?uid=202609241525041910,https://m.entertain.naver.com/article/609/0001172292
고려대학교,스포츠경향,"인형 같은 QWER, 국중박 소장각","QWER은 또한 지난 12~13일 서울 고려대학교 화정체육관에서 두 번째 투어 ‘QWER 2nd TOUR ’ROCKATION : ROCKET LAUNCH!!‘’를 성황리에 개최했다. 이후 QWER은 10월 10~11일 타이베이, 10월 13일 후쿠오카, 10월 15일 오사카, 10월...",2026-09-24 15:33,https://sports.khan.co.kr/article/202609241532003?pt=nv,https://m.entertain.naver.com/article/144/0001140272
고려대학교,매일경제,"QWER, 단아한 한복 자태 “행복한 일 가득한 추석 되시길”","QWER은 또한 지난 12~13일 서울 고려대학교 화정체육관에서 두 번째 투어 ‘QWER 2nd TOUR ’ROCKATION : ROCKET LAUNCH!!‘’를 성황리에 개최했다. 이후 QWER은 10월 10~11일 타이베이, 10월 13일 후쿠오카, 10월 15일 오사카, 10월...",2026-09-24 15:31,https://www.mk.co.kr/article/12160905,https://m.entertain.naver.com/article/410/0001141123
고려대학교,SBS Biz,대법관 제청 갈등 헌법재판소로 가나? 쟁점은?,"차진아 고려대 로스쿨 교수는 ""대법원장의 제청권이 대통령의 임명권을 구속한다고 볼 수는 없다""며 ""대통령이 대법원장 제청을 거부할 수는 있다""고 설명했습니다. 그렇다면 쟁점은 대통령에게 임명권이 인정된다고...",2026-09-24 15:28,https://biz.sbs.co.kr/article_hub/20000336665?division=NAVER,https://n.news.naver.com/mnews/article/374/0000534735?sid=101
고려대학교,스포츠조선,"'명절증후군' 예방 수칙…""과식·과음은 피하고 낮잠은 짧게""","고려대학교 안암병원 정신건강의학과 한규만 교수는 ""명절에는 평소와 다른 일정과 생활환경이 이어지면서 신체적인 피로뿐 아니라 심리적인 피로도 쌓일 수 있다""며 ""명절을 즐겁게 보내야 한다는 생각에 무리하기보다...",2026-09-24 15:25,https://www.sportschosun.com/life/2026-09-24/202609240100163780010714,https://n.news.naver.com/mnews/article/076/0004449383?sid=102
고려대학교,신아일보,"김희정 교육위원장, 대학 수시 접수번호로 지원 규모 유추 가능…응답 ...",대학이 상당수에 이르는 것으로 나타났다. 24일 국회 교육위원장인 국민의힘 김희정 의원이 한국대학교육협... 접수번호로 지원 규모를 추정할 수 있는 대학에는 연세대·고려대·한양대 등 서울 소재 대학 30곳과 부산대...,2026-09-24 15:24,https://www.shinailbo.co.kr/news/articleView.html?idxno=5065639,https://www.shinailbo.co.kr/news/articleView.html?idxno=5065639
연세대학교,신아일보,"김희정 교육위원장, 대학 수시 접수번호로 지원 규모 유추 가능…응답 ...",대학이 상당수에 이르는 것으로 나타났다. 24일 국회 교육위원장인 국민의힘 김희정 의원이 한국대학교육협... 접수번호로 지원 규모를 추정할 수 있는 대학에는 연세대·고려대·한양대 등 서울 소재 대학 30곳과 부산대...,2026-09-24 15:24,https://www.shinailbo.co.kr/news/articleView.html?idxno=5065639,https://www.shinailbo.co.kr/news/articleView.html?idxno=5065639
연세대학교,조선일보,독립문역 도보 3분 10평 단독주택…침대 4개 갖춘 투룸 단기임대,"연세대학교와 세브란스병원이 약 10분, 홍대입구역이 약 20분 걸린다. 보증금은 30만원은 퇴실 후 돌려받으며 1주 임대료는 95만원이다. 관리비 5만원에 청소비 6만원을 더하면 1주 실부담금은 106만원이다. 최소 계약...",2026-09-24 15:22,https://realty.chosun.com/site/data/html_dir/2026/09/24/2026092401621.html,https://realty.chosun.com/site/data/html_dir/2026/09/24/2026092401621.html
서울대학교,INEWS365,세종시 행정부시장에 배일권 행안부 인공지능정부기반국장 부임,"24일 시에 따르면 배 신임 행정부시장은 1972년 서울 출생으로 서울대 사회학과를 졸업하고 서울대 및 미국 시라큐스대학교 대학원에서 행정학 석사학위를 취득했다. 제42회 행정고시에 합격,  1999년 공직에 입문 후...",2026-09-24 15:18,https://www.inews365.com/news/article.html?no=937077,https://www.inews365.com/news/article.html?no=937077
서울대학교,경향신문,기숙사비 카드 결제 3년째 ‘10%대’···사립대 도입률 9.1%,"특히 분할 납부 이용자는 서울대 5608명, 전북대 2532명, 충남대 2089명 등 주요 거점 국립대에 집중됐다. 사립대 가운데서는 건국대와 중앙대 등 일부 대학을 제외하면 이용 실적이 미미했다. 한병도 의원은...",2026-09-24 15:09,https://www.khan.co.kr/article/202609241509001,https://n.news.naver.com/mnews/article/032/0003472401?sid=102
서울대학교,톱스타뉴스,"신슬기, 안경 쓴 길거리 비주얼…도심 일상 속 청량 매력","신슬기는 1998년 3월 3일 서울 강남구에서 태어난 배우로, 전국춘향선발대회에서 진(眞)에 입상하며 대중에게... 해 서울대학교 음악대학 기악과 피아노전공에서 학사 학위를 취득하며 졸업했다. 초등학교와 중학교...",2026-09-24 15:06,https://www.topstarnews.net/news/articleView.html?idxno=16211419,https://www.topstarnews.net/news/articleView.html?idxno=16211419
서울대학교,경기일보,추석 연휴 갑자기 아프다면?…문 여는 병원부터 소아응급까지 '총정리'...,"권역모자의료센터는 고위험 분만과 신생아 응급상황에 24시간 대응하는 통합치료기관으로, 도내에는 분당서울대학교병원과 국민건강보험공단 일산병원, 고려대학교 안산병원, 아주대학교병원 등 4곳이 운영되고 있다....",2026-09-24 15:02,https://www.kyeonggi.com/article/20260923580049,https://n.news.naver.com/mnews/article/666/0000124826?sid=102
고려대학교,경기일보,추석 연휴 갑자기 아프다면?…문 여는 병원부터 소아응급까지 '총정리'...,"권역모자의료센터는 고위험 분만과 신생아 응급상황에 24시간 대응하는 통합치료기관으로, 도내에는 분당서울대학교병원과 국민건강보험공단 일산병원, 고려대학교 안산병원, 아주대학교병원 등 4곳이 운영되고 있다....",2026-09-24 15:02,https://www.kyeonggi.com/article/20260923580049,https://n.news.naver.com/mnews/article/666/0000124826?sid=102
서울대학교,서울경제,‘교수 연봉 3억·자산 10조’…서울대 총장 후보 4인 공약은,"서울대는 22일 서울 관악구 서울대 관악캠퍼스에서 총장 예비후보자 소견 발표회를 열었다. 총장추천위원회는 지난 9일 지원자 12명 중 강준호 체육교육과 교수, 김현철 국제대학원 교수, 이재영 영어영문학과 교수...",2026-09-24 15:01,https://www.sedaily.com/article/20094833?ref=naver,https://n.news.naver.com/mnews/article/011/0004665217?sid=102
고려대학교,BREAKNEWS,QWER “보름달처럼 풍성하고 행복한 일들 가득하길”..따뜻한 추석 인사,또한 QWER은 지난 12~13일 서울 고려대학교 화정체육관에서 두 번째 투어 'QWER 2nd TOUR 'ROCKATION : ROCKET LAUNCH!!''를 성황리에 개최했다. 특히 QWER은 오는 10월 10~11일 타이베이...,2026-09-24 14:58,http://www.breaknews.com/1239091,http://www.breaknews.com/1239091
서울대학교,00NEWS,[李 지지율 반등 키워드 셋] ③흐트러진 내각 과제,정부는 이병태 전 부위원장의 후임으로 지난달 7일 김태유 서울대 공대 명예교수를 공식 위촉하며 수습에 나섰으나 잇따른 외부 인사들의 잡음과 이탈은 정권의 통합 동력을 크게 약화시켰다. 이처럼 도덕성과 전문성에...,2026-09-24 14:54,http://www.00news.co.kr/news/articleView.html?idxno=106812,http://www.00news.co.kr/news/articleView.html?idxno=106812
연세대학교,지디넷코리아,[신간] '클루'...대기업 CEO 지낸 1세대 데이터 전문가의 30년 통찰 담아,이화여자대학교에서 통계학을 전공하고 서울대학교에서 통계학 석사학위를 받은 뒤 박사과정을 수료했다. 연세대학교에서 디지털경영 박사학위를 받았다. SCIE급 학술지에 제1저자로 논문을 발표했다. 빅데이터 분야...,2026-09-24 14:34,https://zdnet.co.kr/view/?no=20260924143351,https://n.news.naver.com/mnews/article/092/0002438721?sid=105
서울대학교,지디넷코리아,[신간] '클루'...대기업 CEO 지낸 1세대 데이터 전문가의 30년 통찰 담아,이화여자대학교에서 통계학을 전공하고 서울대학교에서 통계학 석사학위를 받은 뒤 박사과정을 수료했다. 연세대학교에서 디지털경영 박사학위를 받았다. SCIE급 학술지에 제1저자로 논문을 발표했다. 빅데이터 분야...,2026-09-24 14:34,https://zdnet.co.kr/view/?no=20260924143351,https://n.news.naver.com/mnews/article/092/0002438721?sid=105
연세대학교,GOKOREA,"걱정을 없애려 말고, 평온을 회복하는 힘을 키워라","""이 문제만 해결되면 마음이 편할 텐데."" 자녀가 대학에 합격하면, 중요한 계약이 성사되면, 건강검진 결과가... 연세대 언론홍보영상학부의 김주환 교수는 이를 '마음근력'의 관점에서 설명한다. 두려움과 분노에 휩쓸리지...",2026-09-24 14:32,https://www.gokorea.kr/news/articleView.html?idxno=879665,https://www.gokorea.kr/news/articleView.html?idxno=879665
고려대학교,STOO,"QWER, 단아한 한복 자태로 추석 인사 ""행복한 일 가득하길""",아울러 QWER은 지난 12~13일 서울 고려대학교 화정체육관에서 펼쳐진 두 번째 투어 'QWER 2nd TOUR 'ROCKATION : ROCKET LAUNCH!!''를 성공적으로 마쳤다. 열기를 이어 받아 오는 10월 10~11일 타이베이를 시작으로 10월 13일...,2026-09-24 14:32,http://www.stoo.com/article.php?aid=109041113855,http://www.stoo.com/article.php?aid=109041113855
고려대학교,TVDAILY,"QWER, '소년만화' 이어 추석 인사까지…한복 입고 단아한 자태",한편 QWER은 지난 12일부터 13일까지 서울 고려대학교 화정체육관에서 두 번째 투어 '록케이션 : 로켓 런치!!(QWER 2nd TOUR 'ROCKATION : ROCKET LAUNCH!!')'의 시작을 알렸다. QWER은 오는 10월 10일과 11일 타이베이를 시작으로...,2026-09-24 14:23,http://www.tvdaily.co.kr/read.php3?aid=17902271911803420010,https://m.entertain.naver.com/article/440/0000046596
서울대학교,국제신문,"국립부경대, 교육부장관배 전국 국·공립대학교 교직원 축구대회 ‘3연...","이번 대회는 지난 17일부터 19일까지 서울과학기술대학교 주관으로 서울과학기술대와 육사화랑구장 등에서... 국립부경대는 예선에서 방송통신대학교를 5대 0, 강원대학교를 3대 1, 서울대학교를 2대 0으로 차례로...",2026-09-24 14:14,http://www.kookje.co.kr/news2011/asp/newsbody.asp?code=0300&key=20260923.99099008021,https://n.news.naver.com/mnews/article/658/0000156575?sid=102
고려대학교,OSEN,"QWER, 단아한 한복 자태..""보름달처럼 풍성하고 행복한 일 가득하시길""",지난 12~13일 서울 고려대학교 화정체육관에서 두 번째 투어 'QWER 2nd TOUR 'ROCKATION : ROCKET LAUNCH!!''를 성황리에 개최한 QWER은 지난 21일 스페셜 싱글 '소년만화 & 피카레스크'를 발매했다. /elnino8919@osen.co.kr 사진...,2026-09-24 14:14,http://www.osen.co.kr/article/G1112881218,https://m.entertain.naver.com/article/109/0005612057
고려대학교,데일리안,‘공룡 부처’ 된 행안부…거대 수사 권력 통제할 수 있나[미리보는 국...,"차진아 고려대 법학전문대학원 교수는 언론 인터뷰를 통해 “수사기관에 대한 정치적 통제는 민주주의 근간을 흔드는 일로, 철저히 배제되어야 한다”고 지적하며 제도적 독립성의 확보를 강조한 바 있다. 이와 함께...",2026-09-24 14:00,https://www.dailian.co.kr/news/view/1694338/?sc=Naver,https://n.news.naver.com/mnews/article/119/0003136207?sid=102
연세대학교,경기일보,9천만원 들여 대토론 벌였는데…에스컬레이터 ‘두 줄 서기’ 캠페인 중...,"앞서 행안부는 8월 29일 서울 연세대학교 백양누리에서 국민 200여 명과 전문가들이 참석한 ‘에스컬레이터 안전 이용 문화 개선 모두의 토론회’를 개최했다. 토론회 전후 두 차례 실시된 설문조사 결과, 참가자들의 안전...",2026-09-24 13:59,https://www.kyeonggi.com/article/20260924580083,https://n.news.naver.com/mnews/article/666/0000124822?sid=102
고려대학교,스타뉴스,"QWER, 한복 입고 훈훈한 추석 인사..""보름달처럼 풍성하고 행복한 일 가...","QWER은 또한 지난 12~13일 서울 고려대학교 화정체육관에서 두 번째 투어 'QWER 2nd TOUR 'ROCKATION : ROCKET LAUNCH!!''를 성황리에 개최했다. 이후 QWER은 10월 10~11일 타이베이, 10월 13일 후쿠오카, 10월 15일 오사카, 10월 17일...",2026-09-24 13:59,https://www.starnewskorea.com/music/2026/09/24/2026092413570094023,https://m.entertain.naver.com/article/108/0003473239
고려대학교,스포츠서울,"‘글로벌 밴드’ QWER, 단아한 한복 자태…“행복한 한가위 되세요”",국내를 넘어 글로벌 무대로 영역을 넓히고 있는 QWER은 지난 12~13일 서울 고려대학교 화정체육관에서 두 번째 투어 ‘큐더블유이알 세컨드 투어 록케이션 : 로켓 런치(QWER 2nd TOUR ‘ROCKATION : ROCKET LAUNCH!!’)’를...,2026-09-24 13:55,https://www.sportsseoul.com/news/read/1637364?ref=naver,https://m.entertain.naver.com/article/468/0001268558
서울대학교,아주경제,[AI국가대전환=김병민 서울관광재단 대표이사] AI가 서울을 하나의 관광...,"서울대 공학연구원 연수연구원, 경희대 행정학과 겸임·객원교수, 서울시 정무부시장을 지냈으며, 서울을 글로벌 톱3 도시로 만들기 위한 'G3 서울플랜' 기획위원회 공동위원장을 맡았다. 9월 14일 서울관광재단 대표이사에...",2026-09-24 13:46,https://www.ajunews.com/view/20260923091540991,https://www.ajunews.com/view/20260923091540991
고려대학교,BNTNEWS,"QWER, 단아한 한복 자태 추석 인사","QWER은 또한 지난 12~13일 서울 고려대학교 화정체육관에서 두 번째 투어 ‘QWER 2nd TOUR ‘ROCKATION : ROCKET LAUNCH!!’’를 성황리에 개최했다. 이후 QWER은 10월 10~11일 타이베이, 10월 13일 후쿠오카, 10월 15일 오사카, 10월...",2026-09-24 13:44,https://www.bntnews.co.kr/article/view/bnt202609240144,https://www.bntnews.co.kr/article/view/bnt202609240144
고려대학교,톱스타뉴스,"QWER, ""보름달처럼 풍성하고 행복하길""…추석 인사와 글로벌 투어 행보","QWER은 지난 12~13일 서울 고려대학교 화정체육관에서 두 번째 투어 'QWER 2nd TOUR 'ROCKATION : ROCKET LAUNCH!!''를 열고 관객들을 직접 찾았다. 스페셜 싱글 발매와 맞물린 공연으로, 신보와 투어를 잇는 활동 흐름을...",2026-09-24 13:36,https://www.topstarnews.net/news/articleView.html?idxno=16211253,https://www.topstarnews.net/news/articleView.html?idxno=16211253
고려대학교,연합뉴스,유한양행 60년 인사 관례 깨지나…차기 사장에 관심,김 사장은 오랫동안 고려대 의대 교수로 활동하다 2023년 유한양행에 합류했다. 의료 분야 전문성을 바탕으로 R&D 분야를 총괄하고 있다. 이 본부장과 유 본부장은 유한양행 순혈 인사다. 이 본부장은 1986년 유한양행에...,2026-09-24 13:30,https://www.yna.co.kr/view/AKR20260923079700017?input=1195m,https://n.news.naver.com/mnews/article/001/0016334703?sid=101
연세대학교,컨슈머타임스,"건보공단, '청렴실천추진단' 출범 및 '보건의료 인재양성' MOU 체결",□ 연세원주의과대학과 '보건의료 인재양성' MOU 체결 강청희 국민건강보험공단 이사장(오른쪽)은 김장영 연세대학교 원주의과대학 학장(왼쪽)과 보건의료 인재양성을 위한 업무협약을 체결했다. 건보공단이 연세대학교...,2026-09-24 13:28,https://www.cstimes.com/news/articleView.html?idxno=721941,https://www.cstimes.com/news/articleView.html?idxno=721941
서울대학교,동아일보,유재윤 에너자이 CTO “엣지 AI는 양자화 넘어 풀스택 최적화 향할 것”,"(CTO)는 서울대학교 전기·정보공학부에서 박사 학위를 수료했으며, AI 및 딥러닝, 기계학습 분야를 연구하는 윤성로 서울대 교수의 AI 랩 출신이다. 유재윤 CTO는 “당초 창업에 대한 생각은 없었지만 다른 연구실 소속...",2026-09-24 13:08,https://it.donga.com/109600/,https://it.donga.com/109600/
고려대학교,WOMANECONOMY,[양선주 더봄] 외젠 기유빅의 '가죽이 벗겨진 소',net 양선주 시인·작가 고려대학교 대학원에서 응용언어학 박사 과정을 수료했으며 대산창작기금을 수혜하며 문단에 데뷔해 시집 를 출간했다. 건강 문제로 인한 긴 공백기 끝에 2025년 시집 <열렬한 심혈관...,2026-09-24 13:00,https://www.womaneconomy.co.kr/news/articleView.html?idxno=258234,https://www.womaneconomy.co.kr/news/articleView.html?idxno=258234
연세대학교,FTODAY,"SOOP, 연세대-고려대 e스포츠 대항전 '사이버 정기전' 개최",사이버 정기전은 연세대학교와 고려대학교 학생들이 e스포츠를 통해 교류하는 대학 친선 대회다. 올해는 연세대학교 e스포츠 동아리 '연겜'과 고려대학교 게임 동아리 '디럭스(DELUXE)'가 주최하고 GGA가 주관하며 SOOP이...,2026-09-24 12:50,http://www.ftoday.co.kr/news/articleView.html?idxno=366079,http://www.ftoday.co.kr/news/articleView.html?idxno=366079
고려대학교,FTODAY,"SOOP, 연세대-고려대 e스포츠 대항전 '사이버 정기전' 개최",사이버 정기전은 연세대학교와 고려대학교 학생들이 e스포츠를 통해 교류하는 대학 친선 대회다. 올해는 연세대학교 e스포츠 동아리 '연겜'과 고려대학교 게임 동아리 '디럭스(DELUXE)'가 주최하고 GGA가 주관하며 SOOP이...,2026-09-24 12:50,http://www.ftoday.co.kr/news/articleView.html?idxno=366079,http://www.ftoday.co.kr/news/articleView.html?idxno=366079
서울대학교,JUNGLE,[디자인정글 포커스 인터뷰] “우리는 질문을 디자인했습니다” — 서울...,"그런데 달력이 단순히 날짜를 알려주는 도구가 아니라, 매달 하나의 질문을 던지는 매체가 된다면 어떨까.서울대학교 총동창회가 기획한 2027년 캘린더는 바로 여기서 출발한다. 주제는 서울대학교가 미래를 향해 던지는...",2026-09-24 12:38,https://www.jungle.co.kr/magazine/207081,https://www.jungle.co.kr/magazine/207081
서울대학교,톱스타뉴스,"스트레이키즈 필릭스, 페라리 루체 앞 여유 한 컷…새 싱글 활동 잇는 ...","15일 생일에 맞춰 삼성서울병원과 서울대학교 어린이병원에 각각 1억 원을 전달해 소아·청소년 암 환자와 경제적으로 어려운 가정의 소아 환자 치료비 지원에 힘을 보탰고, 국제단체 북스인터내셔널과...",2026-09-24 12:38,https://www.topstarnews.net/news/articleView.html?idxno=16211085,https://www.topstarnews.net/news/articleView.html?idxno=16211085
서울대학교,NEWS2DAY,[N2 롱폼] 조영태 교수 “인구감소는 정해진 미래…변화를 기회로”,조영태 서울대학교 보건대학원 교수는 22일 한국생산성본부(KPC) 강연에서 국내 인구가 장기적으로 크게 감소하더라도 이를 곧바로 경제 쇠퇴로 연결해서는 안 된다고 강조했다. 수도권 집중과 청년층 감소가 이어질 경우...,2026-09-24 12:30,https://www.news2day.co.kr/article/20260924500069,https://www.news2day.co.kr/article/20260924500069
고려대학교,더퍼스트미디어,"고려대 안산병원 최주훈 전공의, 아시아·태평양 간학회 국제학술상 수...","▲고려대 안산병원 가정의학과 최주훈 전공의 고려대학교 안산병원 가정의학과 최주훈 전공의가... 함께 고려할 필요가 있음을 확인했다""며 ""앞으로도 환자의 생활습관과 질병 위험을 함께 살피며 실제 진료에...",2026-09-24 12:18,http://www.thefirstmedia.net/news/articleView.html?idxno=209519,http://www.thefirstmedia.net/news/articleView.html?idxno=209519
연세대학교,INCHEONIN,다큐멘터리 〈대마밭의 목사님〉에 출연하는 김성복 목사,"토크 (1시간) → 저녁식사 장소: 충무로역 지하1층 역사(충무로영상센터 오!재미동) 주최: 의료대마 HEMP 합법화 시민모임, 한국칸나비노이드협회 주관: 연세대학교 기독학생회 동문모임 문의: 장진원 (010-5373-0757)",2026-09-24 12:16,http://www.incheonin.com/news/articleView.html?idxno=121043,http://www.incheonin.com/news/articleView.html?idxno=121043
고려대학교,국제뉴스,"""접수번호만 봐도 경쟁률 보인다""…대입 수시 '편법 접수' 논란",국회 교육위원회 김희정 위원장(국민의힘·부산 연제구)이 한국대학교육협의회를 통해 전국 일반대학의... 조사 대상에는 연세대·고려대·한양대 등 서울 소재 대학 30곳과 부산대·인천대·충북대·제주대 등 국립대...,2026-09-24 12:00,https://www.gukjenews.com/news/articleView.html?idxno=3705413,https://www.gukjenews.com/news/articleView.html?idxno=3705413
연세대학교,국제뉴스,"""접수번호만 봐도 경쟁률 보인다""…대입 수시 '편법 접수' 논란",국회 교육위원회 김희정 위원장(국민의힘·부산 연제구)이 한국대학교육협의회를 통해 전국 일반대학의... 조사 대상에는 연세대·고려대·한양대 등 서울 소재 대학 30곳과 부산대·인천대·충북대·제주대 등 국립대...,2026-09-24 12:00,https://www.gukjenews.com/news/articleView.html?idxno=3705413,https://www.gukjenews.com/news/articleView.html?idxno=3705413
고려대학교,MBC,"영탁, ‘GOGO’ 초동 판매량 37만 장 달성…전국투어 고고",제외한 11곡의 작사·작곡·편곡에 영탁이 참여해 자신의 음악적 역량을 담아냈다. 오는 10월 3일부터 5일까지 서울 고려대학교 화정체육관에서 개최하는 단독 콘서트 ‘TAK SHOW5’를 통해 전국투어의 포문을 연다.,2026-09-24 11:41,http://enews.imbc.com/News/RetrieveNewsInfo/519177,https://m.entertain.naver.com/article/408/0000322388
고려대학교,지디넷코리아,[신간] 인공지능의 법과 정책...각계 전문가 34명 저술,(인하대학교) CHAPTER 03 리걸테크(LegalTech) 정종구 대표 변호사(법무법인 로반) CHAPTER 04 생성형 AI와 AI커버곡 정원준 수석연구위원[법무법인(유) 광장] CHAPTER 05 인공지능과 행정 계인국 교수(고려대학교 행정전문대학원)...,2026-09-24 11:40,https://zdnet.co.kr/view/?no=20260924113916,https://n.news.naver.com/mnews/article/092/0002438719?sid=105
연세대학교,지디넷코리아,[신간] 인공지능의 법과 정책...각계 전문가 34명 저술,(동아대학교) CHAPTER 10 인공지능과 노동법 권오성 교수(연세대학교) CHAPTER 11 인공지능과 금융법 이정수... (고려대학교 행정전문대학원) CHAPTER 06 인공지능과 불법정보 하주영 변호사(스캐터랩) CHAPTER 07 군사적...,2026-09-24 11:40,https://zdnet.co.kr/view/?no=20260924113916,https://n.news.naver.com/mnews/article/092/0002438719?sid=105
서울대학교,지디넷코리아,[신간] 인공지능의 법과 정책...각계 전문가 34명 저술,(연세대학교) CHAPTER 11 인공지능과 금융법 이정수 교수(서울대학교) CHAPTER 12 인공지능과 형사법 신혜진 부장검사(서울남부지방검찰청) CHAPTER 13 인공지능과 국제통상 채은선 수석연구원(한국지능정보사회진흥원)...,2026-09-24 11:40,https://zdnet.co.kr/view/?no=20260924113916,https://n.news.naver.com/mnews/article/092/0002438719?sid=105
연세대학교,한국일보,"""당뇨병 진단 후 치료 강도 빠르게 높였다면 췌장 건강 함께 살펴야""","24일 세브란스병원에 따르면 정문재 소화기내과 교수, 이민영 내분비내과 교수와 장성인 연세대 의대 예방의학교실 교수 연구팀은 국민건강보험공단 자료를 활용해 2005~2019년 제2형 당뇨병을 진단받은 40세 이상 성인...",2026-09-24 11:30,https://www.hankookilbo.com/news/article/A2026092215090003308?did=NA,https://n.news.naver.com/mnews/article/469/0000955865?sid=103
서울대학교,NEWSROAD,"수능 D-50, '남양주김미연기숙학원' 첫 가맹점 개원…취약점 복구·실전...","기존 김미연기숙학원에서는 검정고시 출신 이○렬 학생이 수능 8등급에서 1등급으로 성적을 끌어올려 서울대에 합격한 사례를 비롯해, 서울 주요 대학 합격생 210명 이상을 배출한 바 있다. 남양주점은 신규 개원한 만큼...",2026-09-24 11:30,http://www.newsroad.co.kr/news/articleView.html?idxno=64843,http://www.newsroad.co.kr/news/articleView.html?idxno=64843
서울대학교,KOREADAILY,“물건 구했습니다”…막혔던 박찬호 미국행 뚫렸다,곧장 다시 서울행 비행기에 몸을 실었다. 박 차관이 병무를 담당하던 친한 관료에게 한인사회의 상황을... 당시로서는 그것만으로도 의미가 컸다.” ━ ◆이영송 회장 평안북도 태천 출생(1943) 서울대 치과대학 졸업...,2026-09-24 11:24,https://www.koreadaily.com/article/20260923192352210,https://www.koreadaily.com/article/20260923192352210
고려대학교,점프볼,[26슬램게임] “실패해도 한 번 더 해보자” 동료의 득점길을 여는 ‘2m...,우성희는 강호 고려대를 상대로 거둔 두 차례 승리에도 힘을 보탰다. 올해는 골밑을 지키는 데 더해 외곽... 처음에는 선발을 예상하지 못했지만 대학의 내로라하는 선수들과 함께 훈련하며 또 하나의 자극을 얻었다....,2026-09-24 11:03,https://m.sports.naver.com/basketball/article/065/0000301887,https://m.sports.naver.com/basketball/article/065/0000301887
연세대학교,헤럴드경제,"지드래곤·대성과 친분 인증하더니…‘대림 4세’ 이주영, 연대생 됐다",그는 자신이 교환학생으로 다니게 된 연세대학교 법과대학 건물을 비롯해 캠퍼스 곳곳의 사진을... 이주영은 앞서 조지타운 대학교 로스쿨에 입학해 법학을 공부하고 있다. 이번에 교환학생을 통해 연세대학교...,2026-09-24 11:01,https://biz.heraldcorp.com/article/10883904?ref=naver,https://m.entertain.naver.com/article/016/0002701629
서울대학교,중앙일보,"교수·직원·학생 ‘표 반영 비율’ 다툼…전북대, 차기 총장 선거 일정...",전국국공립대학교수회연합회 회장이기도 한 한상욱 회장은 “학생도 중요한 대학 구성원으로서 일정한... 서울대 10개 만들기 등 과제 산적…후보 7명 거론 전북대가 마주한 외부 환경은 녹록지 않다. 전북대는 지난 1일...,2026-09-24 11:00,https://www.joongang.co.kr/article/25464639,https://n.news.naver.com/mnews/article/025/0003553662?sid=102
고려대학교,디지털데일리,추석 연휴 갑자기 아프다면?…서울 병의원·약국 6189곳 문 연다 [헬스&...,"권역응급의료센터는 서울대학교병원, 고려대학교안암병원, 고려대학교구로병원, 서울아산병원, 한양대학교병원, 가톨릭대학교서울성모병원, 삼성서울병원 등 7곳이다. 지역응급의료센터로는 강북삼성병원...",2026-09-24 11:00,https://www.ddaily.co.kr/page/view/2026092316132535663,https://n.news.naver.com/mnews/article/138/0002242628?sid=103
서울대학교,디지털데일리,추석 연휴 갑자기 아프다면?…서울 병의원·약국 6189곳 문 연다 [헬스&...,"권역응급의료센터는 서울대학교병원, 고려대학교안암병원, 고려대학교구로병원, 서울아산병원, 한양대학교병원, 가톨릭대학교서울성모병원, 삼성서울병원 등 7곳이다. 지역응급의료센터로는 강북삼성병원...",2026-09-24 11:00,https://www.ddaily.co.kr/page/view/2026092316132535663,https://n.news.naver.com/mnews/article/138/0002242628?sid=103
연세대학교,아시아경제,공정위 10월 2차 조직개편 초읽기…신설 국장·상임위원 '하마평' 무성,김 과장은 연세대 경제학부 교수 출신이다. 여기에 지난 4월 공정거래법 개정에 따라 공정위 위원 수가 9명에서 11명으로 늘어나면서 공석이 된 상임위원 한 자리의 인선 결과도 조만간 윤곽을 드러낼 전망이다. 주...,2026-09-24 11:00,https://view.asiae.co.kr/article/2026092313571062178,https://n.news.naver.com/mnews/article/277/0005820735?sid=101
연세대학교,디지털데일리,추석 연휴 갑자기 아프다면?…서울 병의원·약국 6189곳 문 연다 [헬스&...,"국립중앙의료원, 연세대학교세브란스병원, 서울의료원, 이화여자대학교목동병원, 보라매병원... 아이들소아청소년과의원, 연세이문소아청소년과의원, 장스소아청소년과의원, 미래소아청소년과의원...",2026-09-24 11:00,https://www.ddaily.co.kr/page/view/2026092316132535663,https://n.news.naver.com/mnews/article/138/0002242628?sid=103
연세대학교,VEGANNEWS,"강남케이안과, 10월 6일 개원…권영아·권오웅 부녀 진료",미국 캘리포니아대학교 샌디에이고(UCSD) 연수를 거쳐 국내외 안과학회 활동에도 참여했다. 권오웅 원장은 연세대학교 의과대학 명예교수로 세브란스 안·이비인후과병원장과 누네안과병원장을 역임했다....,2026-09-24 10:56,https://www.vegannews.co.kr/news/article.html?no=387056,https://www.vegannews.co.kr/news/article.html?no=387056
고려대학교,메디게이트뉴스,"고려대 의대, 과기부 기초연구사업 23개 과제 선정","고려대학교 의과대학이 과학기술정보통신부 2026년도 기초연구사업 2차 신규과제에 총 23개 과제가 선정됐다고 23일 밝혔다. 이번 선정으로 확보한 연구비는 약 38억 원이다. 선정된 과제는 기본연구 A 9개, 기본연구 B...",2026-09-24 10:56,https://www.medigatenews.com/news/2569643839,https://www.medigatenews.com/news/2569643839
고려대학교,노컷뉴스,"""수시접수 일반대학 143곳, 수험번호로 실제 경쟁률 유추 가능""","24일 국회 교육위원회 위원장인 국민의힘 김희정 의원이 한국대학교육협의회를 통해 분석한 결과, 자료를... 이들 대학에는 연세대와 고려대, 한양대 등 서울 소재 대학 30개교뿐만 아니라 부산대와 인천대, 충북대...",2026-09-24 10:41,https://www.nocutnews.co.kr/news/6583037?utm_source=naver&utm_medium=article&utm_campaign=20260924104045,https://n.news.naver.com/mnews/article/079/0004192715?sid=102
연세대학교,노컷뉴스,"""수시접수 일반대학 143곳, 수험번호로 실제 경쟁률 유추 가능""","24일 국회 교육위원회 위원장인 국민의힘 김희정 의원이 한국대학교육협의회를 통해 분석한 결과, 자료를... 이들 대학에는 연세대와 고려대, 한양대 등 서울 소재 대학 30개교뿐만 아니라 부산대와 인천대, 충북대...",2026-09-24 10:41,https://www.nocutnews.co.kr/news/6583037?utm_source=naver&utm_medium=article&utm_campaign=20260924104045,https://n.news.naver.com/mnews/article/079/0004192715?sid=102
고려대학교,FTODAY,검열 논란 낳던 국가 심의 수술대…플랫폼에 '차단 책임' 얹는다,"◆연세대 상윤모 교수 ""사업자 규모별 차등 의무 부여해야"" 발제에 나선 상윤모 연세대학교... 장선미 참여연대 공익법센터 운영위원, 박경신 고려대학교 법학전문대학원 교수, 김보라미 디케 입법정책연구원 이사, 손지원...",2026-09-24 10:38,http://www.ftoday.co.kr/news/articleView.html?idxno=366069,http://www.ftoday.co.kr/news/articleView.html?idxno=366069
연세대학교,FTODAY,검열 논란 낳던 국가 심의 수술대…플랫폼에 '차단 책임' 얹는다,"◆연세대 상윤모 교수 ""사업자 규모별 차등 의무 부여해야"" 발제에 나선 상윤모 연세대학교... 장선미 참여연대 공익법센터 운영위원, 박경신 고려대학교 법학전문대학원 교수, 김보라미 디케 입법정책연구원 이사, 손지원...",2026-09-24 10:38,http://www.ftoday.co.kr/news/articleView.html?idxno=366069,http://www.ftoday.co.kr/news/articleView.html?idxno=366069
고려대학교,GPKOREA,초동 37만 장 돌파에 차트 1위 석권 영탁 정규 3집 '고고'로 거침없는 흥...,수록곡 11곡의 작사·작곡·편곡에 직접 참여해 완성도를 높인 영탁은 방송 3사 음악방송 출연에 이어 오는 10월 3일부터 5일까지 서울 고려대학교 화정체육관에서 단독 콘서트 'TAK SHOW5'를 열고 전국투어에 돌입한다....,2026-09-24 10:34,https://www.gpkorea.com/news/articleView.html?idxno=147021,https://www.gpkorea.com/news/articleView.html?idxno=147021
서울대학교,아시아경제,"[단독] ""목돈 부담 완화"" 기숙사비 카드납부 도입 실적 15% 수준…사립대...",올해 카드납부 이용이 가장 많은 대학은 ▲충남대(1224명) ▲충북대(536명) ▲건국대(404명) ▲국립창원대(399명) ▲경상국립대(304명) ▲서울교대(295명) 순이었다. 분할납부는 ▲서울대(5608명) ▲전북대(2532명)...,2026-09-24 10:30,https://view.asiae.co.kr/article/2026092217551180786,https://n.news.naver.com/mnews/article/277/0005820725?sid=100
고려대학교,OSEN,"영탁, 정규 3집 ‘GOGO’ 초동 판매량 37만장 달성…주간 음반차트 1위","영탁은 오는 10월 3일부터 5일까지 서울 고려대학교 화정체육관에서 단독 콘서트 ‘TAK SHOW5’를 개최하며 전국투어의 포문을 연다. 이후 10월 24일과 25일 전주를 시작으로 11월 28일과 29일 대구, 12월 19일과 20일...",2026-09-24 10:13,http://www.osen.co.kr/article/G1112881092,https://m.entertain.naver.com/article/109/0005611931
연세대학교,OPINIONNEWS,"[김창덕의 미래항공교통] 서울 UAM, 이제 '서비스'를 검증할 때","연세대학교 공과대학 공학연구원 교수, 동대학원 산학협력원 부원장을 거쳐 현재 남서울대학교 대학원 빅데이터콘텐츠융합학과 교수로 재직 중이다. 저서로는 'UAM(도심항공교통) AAM(첨단항공교통) 과학기술과 운용'이...",2026-09-24 10:10,http://www.opinionnews.co.kr/news/articleView.html?idxno=144862,http://www.opinionnews.co.kr/news/articleView.html?idxno=144862
고려대학교,스포츠서울,영탁 ‘GOGO’ 제대로 터졌다…초동 37만 장에 음반 차트 2관왕,"단독 콘서트 시리즈 ‘TAK SHOW5’는 10월 3일부터 5일까지 서울 고려대학교 화정체육관에서 시작된다. 이후 10월 24~25일 전주, 11월 28~29일 대구, 12월 19~20일 인천, 내년 1월 16~17일 부산으로 이어진다.",2026-09-24 10:10,https://www.sportsseoul.com/news/read/1637346?ref=naver,https://m.entertain.naver.com/article/468/0001268540
연세대학교,NGONEWS,"""대입 원서접수 과정에서 접수번호로 경쟁률 유추···제도 개선 필요...","24일 국회 교육위원회 김희정 위원장(국민의힘)이 한국대학교육협의회(이하 대교협)으로부터 자료를... 143개 대학에는 고려대, 연세대, 한양대 등 서울 소재 대학 30개교뿐만 아니라 부산대와 인천대, 충북대, 제주대 등...",2026-09-24 10:08,https://www.ngonews.kr/news/articleView.html?idxno=239198,https://www.ngonews.kr/news/articleView.html?idxno=239198
고려대학교,NGONEWS,"""대입 원서접수 과정에서 접수번호로 경쟁률 유추···제도 개선 필요...","24일 국회 교육위원회 김희정 위원장(국민의힘)이 한국대학교육협의회(이하 대교협)으로부터 자료를... 143개 대학에는 고려대, 연세대, 한양대 등 서울 소재 대학 30개교뿐만 아니라 부산대와 인천대, 충북대, 제주대 등...",2026-09-24 10:08,https://www.ngonews.kr/news/articleView.html?idxno=239198,https://www.ngonews.kr/news/articleView.html?idxno=239198
고려대학교,JEJUSORI,시대에 항거한 한 가문의 100년...국경 넘어 이어진 기억과 명예,조선인의 힘으로 대학을 세우자는 민립대학 설립운동이 전국적으로 확산되던 시기에는 제주 지역에 조직된... 당시 고려대학교에서 의학을 공부하던 허경민 씨 역시 아버지의 사망과 형의 석방운동을 계기로 학업을...,2026-09-24 10:04,https://www.jejusori.net/news/articleView.html?idxno=506763,https://www.jejusori.net/news/articleView.html?idxno=506763
서울대학교,EZYECONOMY,[창간기획] 반도체가 끌고 AI가 바꾼다…2027 한국경제 성장의 조건,장병탁 서울대 교수 겸 인공지능연구원 원장은 한국이 초거대 AI 모델 자체로 미국 빅테크와 정면 경쟁하기보다 AI를 제조업 현장에 적용하는 전략에서 경쟁력을 찾을 수 있다는 취지의 견해를 제시해 왔다. 한국은...,2026-09-24 10:00,https://www.ezyeconomy.com/news/articleView.html?idxno=240152,https://www.ezyeconomy.com/news/articleView.html?idxno=240152
서울대학교,GPKOREA,"한국노벨과학포럼, 제2대 화학연구원장에 KAIST 이상엽 특훈교수 위촉","정관에 따라 기존 학술원 정회원인 임지순(물리양자), 황승진(인공지능), 신희섭(생명과학), 현택환(서울대/IBS), 김필립(하버드대), 남궁근(과학정책) 교수 등 내로라하는 석학들이 만장일치로 찬성표를 던졌다. 그야말로...",2026-09-24 10:00,https://www.gpkorea.com/news/articleView.html?idxno=147007,https://www.gpkorea.com/news/articleView.html?idxno=147007
서울대학교,CONSUMERNEWS,"허영인 회장, 11년 뚝심으로 찾은 토종효모...파리바게뜨 '파란라벨' 성...",식품생명공학연구소는 2020년부터 4년간 핀란드 헬싱키대학교와 산학공동연구를 진행해 통곡물 빵의 거친... 사진=상미당홀딩스이에 허 회장은 지난 2005년 식품생명공학연구소를 설립하고 서울대학교 연구진과 함께...,2026-09-24 10:00,http://www.consumernews.co.kr/news/articleView.html?idxno=764528,http://www.consumernews.co.kr/news/articleView.html?idxno=764528
고려대학교,일간스포츠,"가을엔 밴드, 밴드는 루시…‘아일랜드’는 더 커진다 [RE스타]","오는 10월 23일부터 25일까지 서울 고려대학교 화정체육관에서 앙코르 공연을 연 뒤 11월에는 홍콩과 싱가포르, 방콕으로 향한다. 서울에서 출발한 섬이 어느새 여러 도시를 품었다. 루시가 좋은 노래와 공연으로 넓혀온...",2026-09-24 10:00,https://isplus.com/article/view/isp202609220079,https://m.entertain.naver.com/article/241/0003532227
서울대학교,KBS,“제주 소외될 수밖에…” 서울대 10개 만들기 발표 ‘후폭풍’,,2026-09-24 09:57,https://news.kbs.co.kr/news/pc/view/view.do?ncd=8671060&ref=A,https://n.news.naver.com/mnews/article/056/0012262919?sid=102
서울대학교,한경매거진,초대형 로펌 탄생한다...업계 지각변동 예고[로펌 라운지],동인은 9월 14일 서울 강남구 대치동 섬유센터빌딩에서 합병 추진을 위한 양해각서(MOU)를 체결하고 공식... 정 변호사는 전남고와 서울대 해양학과를 졸업했다. 2002년 제44회 사법시험과 제46회 행정고시에 합격한 뒤...,2026-09-24 09:45,https://magazine.hankyung.com/business/article/202609170183b,https://n.news.naver.com/mnews/article/050/0000111289?sid=101
연세대학교,더퍼블릭,"현대해상, 청년 사회문제 해결 경험 채용과 연결한다","염재호 태재대학교 총장, 장용석 연세대 교수, 엄윤미 아산나눔재단 이사장, 김성준 국민대 교수, 서현선 루트임팩트 이사, 정진우 ACG컨설팅 대표가 참여한다. 청년들이 사회문제 해결 과정에서 얻은 경험은 문제를...",2026-09-24 09:44,https://www.thepublic.kr/news/articleView.html?idxno=319864,https://www.thepublic.kr/news/articleView.html?idxno=319864
연세대학교,스타뉴스,"'1차지명 폐지돼도 지원은 계속' KT가 뿌린 씨앗, 수원을 KBO리그 산실로...","1라운드 전체 5순위로 유신고 좌완 이승원(18)을 지명했고, 8라운드에서는 유신고를 졸업하고 연세대로... 재학생 5명에 유신고 출신 대학 선수 2명까지 무려 7명이 프로 구단의 선택을 받았다. 장안고에서도 이지효가...",2026-09-24 09:43,https://www.starnewskorea.com/sports/2026/09/24/2026092407584869194,https://m.sports.naver.com/kbaseball/article/108/0003473207
고려대학교,마이데일리,"'육성선수 입단→방출→재입단' 사연 많은 32세 외야수 드디어 터졌다,...",대전신흥초-공주중-화순고-고려대를 졸업하고 2017년 육성선수로 공룡 군단에 합류했다. 입단 당시엔 내야수였다. 이후 외야로 전향했다. 부상으로 시즌아웃 되기도 했다. 방출 당한 뒤 군 복무 후 2021년 재입단했다....,2026-09-24 09:41,https://www.mydaily.co.kr/page/view/2026092400252111579,https://m.sports.naver.com/kbaseball/article/117/0004108866
서울대학교,이뉴스투데이,"청주대, 윤건영 충북교육감 초청 명사 특강 개최···""AI 전환 시대의 ...","청주대학교(총장 김윤배)는 23일 2026학년도 2학기 명사 초청 특강 '글로벌 시대, 창조와 도전' 강사로 윤건영... 윤 교육감은 청주고와 서울대 윤리교육과를 졸업하고 충북교육감, 전국시도교육감협의회 부회장 등을 맡고...",2026-09-24 09:40,http://www.enewstoday.co.kr/news/articleView.html?idxno=2474186,http://www.enewstoday.co.kr/news/articleView.html?idxno=2474186
연세대학교,국제뉴스,"이종석 ""중증중복 뇌병변장애인 정책 사각지대""…돌봄 부담 해소","천춘경 연세대 재활학교장은 지정 토론에서 특수학교 졸업 후 중증장애인이 사회적으로 고립되기 쉬운 점을 들어, 지역사회 내 생활 거점 공간 마련과 학교 및 지자체 간 학생 정보 연계 체계 구축의 필요성을 강조했다....",2026-09-24 09:26,https://www.gukjenews.com/news/articleView.html?idxno=3705321,https://www.gukjenews.com/news/articleView.html?idxno=3705321
고려대학교,MHNS,수시 접수번호만 봐도 경쟁률 나온다…전국 143개 대학서 확인,"한국대학교육협의회에서 제출받은 자료에 따르면, 조사 대상 일반대학 197곳 가운데 165곳이 회신했다. 이 중 143곳에서 접수번호를 통해 지원 인원을 파악할 수 있는 것으로 조사됐다. 연세대·고려대·한양대 등 서울...",2026-09-24 09:26,https://www.mhns.co.kr/news/articleView.html?idxno=761679,https://www.mhns.co.kr/news/articleView.html?idxno=761679
연세대학교,MHNS,수시 접수번호만 봐도 경쟁률 나온다…전국 143개 대학서 확인,"한국대학교육협의회에서 제출받은 자료에 따르면, 조사 대상 일반대학 197곳 가운데 165곳이 회신했다. 이 중 143곳에서 접수번호를 통해 지원 인원을 파악할 수 있는 것으로 조사됐다. 연세대·고려대·한양대 등 서울...",2026-09-24 09:26,https://www.mhns.co.kr/news/articleView.html?idxno=761679,https://www.mhns.co.kr/news/articleView.html?idxno=761679
서울대학교,핀포인트뉴스,집값 담합 신고 600건 넘어…94건 수사의뢰,서울 관악구 서울대 부근 부동산 중개업소에 원룸 임대 안내문이 붙어 있는 모습. 사진=연합뉴스. 최근 집값 담합 관련 신고가 600건을 넘어선 가운데 전체 신고의 상당수가 서울·경기·인천 등 수도권에 집중된 것으로...,2026-09-24 09:24,https://www.pinpointnews.co.kr/news/articleView.html?idxno=490144,https://www.pinpointnews.co.kr/news/articleView.html?idxno=490144
고려대학교,CHRISTIANTODAY,"‘北=주적’ 말 못하는 국방장관, 지뢰 사고까지… ‘꼿꼿장수’ 그리운...","최원호 박사(Ph.D) 심리학자·칼럼니스트 서울 중랑구 은혜제일교회 예수교장로회 국제연합총회 UPCA 심리학 박사로 서울 한영신대와 고려대에서 겸임교수로 활동했습니다. 『열등감을 도구로 쓰신 예수』, 『열등감, 예수를...",2026-09-24 09:24,https://www.christiantoday.co.kr/news/377564,https://www.christiantoday.co.kr/news/377564
고려대학교,톱스타뉴스,"영탁, 정규 3집 'GOGO'로 초동 37만 장·차트 2관왕","10월 3일부터 5일까지 서울 고려대학교 화정체육관 공연을 시작으로, 10월 24~25일 전주, 11월 28~29일 대구, 12월 19~20일 인천, 2027년 1월 16~17일 부산에서 전국투어 일정을 진행한다.",2026-09-24 09:24,https://www.topstarnews.net/news/articleView.html?idxno=16210899,https://www.topstarnews.net/news/articleView.html?idxno=16210899
고려대학교,이투데이,"영탁 ‘고고’, 음반 1위+챌린지 열풍 막강한 화력 입증",한편 지상파 3사 음악방송 무대를 성공적으로 마친 영탁은 오는 10월 3일부터 5일까지 서울 고려대학교 화정체육관에서 단독 콘서트 ‘TAK SHOW5’를 개최하고 본격적인 전국투어에 나선다.,2026-09-24 09:24,https://enter.etoday.co.kr/news/view/302857,https://enter.etoday.co.kr/news/view/302857
고려대학교,BNTNEWS,"영탁, 정규 3집 ‘GOGO’ 초동 37만 장 돌파 음반 차트 1위","10월 3일부터 5일까지 서울 고려대학교 화정체육관 공연을 시작으로 전주(10월), 대구(11월), 인천(12월), 부산(내년 1월)에서 팬들과 만날 예정이다. 사진 제공 : 어비스컴퍼니",2026-09-24 09:22,https://www.bntnews.co.kr/article/view/bnt202609240096,https://www.bntnews.co.kr/article/view/bnt202609240096
서울대학교,헤럴드경제,“우리 청장님 너무 훌륭해요”…직원과 주민의 신뢰 받는 류경기 중랑...,"류 청장은 서울대 정치학과를 졸업하고 행정고시를 거쳐 서울시에 입직했다. 대변인과 행정국장, 기획조정실장, 행정1부시장을 지낸 뒤 민선 7기 중랑구청장에 당선돼 민선 9기까지 3선 구청장을 맡고 있다. 서울시에서...",2026-09-24 09:21,https://biz.heraldcorp.com/article/10884001?ref=naver,https://n.news.naver.com/mnews/article/016/0002701602?sid=102
연세대학교,점프볼,"‘25어시스트-1실책 ATO 무려 25’ 이채형, 연세대 안정감이 달라졌다","연세대는 대학농구리그에서 1학기 동안 상위 4팀만 만나면 패배를 당했다. 전력이 불안정했다. 이를 보여주듯 1학기 동안 15경기에서 평균 78.2점을 올리고, 상대에게 74.9점을 허용했다. 득점력이 들쭉날쭉했다....",2026-09-24 09:15,https://m.sports.naver.com/basketball/article/065/0000301884,https://m.sports.naver.com/basketball/article/065/0000301884
고려대학교,점프볼,"‘25어시스트-1실책 ATO 무려 25’ 이채형, 연세대 안정감이 달라졌다",12승 7패로 5위인 연세대는 10월 2일 고려대와 정기전을 치른 뒤 10월 6일 중앙대와 마지막 대학농구리그 경기를 갖는다. 이채형의 복귀로 안정감을 찾은 연세대는 꼭 잡아야 하는 2경기에서 승리라는 희망을...,2026-09-24 09:15,https://m.sports.naver.com/basketball/article/065/0000301884,https://m.sports.naver.com/basketball/article/065/0000301884
서울대학교,세계일보,대통령은 대법관 임명권자인데…‘재제청’은 왜 다른 문제인가 [장혜진...,서울시 서초구 대법원 내 국기게양대에 태극기와 법원 깃발이 바람에 휘날리고 있다. 뉴스1 이를 두고 법원... (윤진수 서울대 명예교수)는 이유에서다. 대통령이 제청된 후보자의 임명을 거부할 수 있는 시점이 제청...,2026-09-24 09:12,https://www.segye.com/newsView/20260924502782?OutUrl=naver,https://n.news.naver.com/mnews/article/022/0004161548?sid=102
서울대학교,NTODAY,[추석의 재구성上] '대가족·차례'에서 '개인시간·휴식'으로…달라지는...,"지난 14일 서울 중구 서울도서관 외벽 서울꿈새김판에 추석 관련된 문구가 보이고 있다. [사진제공=뉴시스]... 서울대 인류학과 박한선 교수는 본보에 ""복지·보험·노동시장 등이 과거 친족이 담당했던 역할을 대신하고...",2026-09-24 09:10,https://www.ntoday.co.kr/news/articleView.html?idxno=129562,https://www.ntoday.co.kr/news/articleView.html?idxno=129562
연세대학교,MEDIAPEN,"로봇의 두뇌·신경망 노린다…통신3사, 피지컬AI 공략","지난달 연세대학교와 자사 5G망, 연세대의 AI-RAN 시험망을 연동해 기기가 두 망 사이를 이동할 때 무선 환경에 따라 적합한 네트워크를 자동으로 선택하고 연결을 유지하는지 확인했다. 소비자와 맞닿는 영역에서는...",2026-09-24 09:06,https://www.mediapen.com/news/view/1125918,https://www.mediapen.com/news/view/1125918
서울대학교,메트로신문,"수능만 잘 보면 된다?…2028 정시, 학생부가 변수로","서울대·고려대·연세대·한양대 등 정시서 학생부 반영 일반고 1학년 자퇴생 1만명 넘었지만…""5등급제 영향 단정 어려워"" 2027학년도 대학수학능력시험 9월 모의평가 시행일인 2일 오전 서울 마포구 서울여고에서...",2026-09-24 09:02,http://www.metroseoul.co.kr/article/20260923500081,http://www.metroseoul.co.kr/article/20260923500081
연세대학교,메트로신문,"수능만 잘 보면 된다?…2028 정시, 학생부가 변수로","23일 이투스 교육평가연구소가 교육부 자료와 주요 대학의 2028학년도 입학전형 시행계획을 분석한 결과 서울대와 고려대, 연세대, 한양대 등 주요 대학이 정시모집 일부 전형에서 학생부를 평가에 활용한다. 특히...",2026-09-24 09:02,http://www.metroseoul.co.kr/article/20260923500081,http://www.metroseoul.co.kr/article/20260923500081
고려대학교,메트로신문,"수능만 잘 보면 된다?…2028 정시, 학생부가 변수로","23일 이투스 교육평가연구소가 교육부 자료와 주요 대학의 2028학년도 입학전형 시행계획을 분석한 결과 서울대와 고려대, 연세대, 한양대 등 주요 대학이 정시모집 일부 전형에서 학생부를 평가에 활용한다. 특히...",2026-09-24 09:02,http://www.metroseoul.co.kr/article/20260923500081,http://www.metroseoul.co.kr/article/20260923500081
서울대학교,NEWSPENGUIN,"의성산불로 97% 소실된 숲, 1년만에 살아난 비결은?","그린피스 서울사무소와 생명다양성재단 등이 21일 경북 의성군 고운사에서 '자연복원 프로젝트 1주년... 서울대 생명과학부 연구팀이 자연복원지·인공복원지·자연림 아홉 곳에서 조사한 결과, 1차년도에만 403종 14만 1...",2026-09-24 09:00,https://www.newspenguin.com/news/articleView.html?idxno=22211,https://www.newspenguin.com/news/articleView.html?idxno=22211
연세대학교,IMWOOD,"풍경으로 넓힌 집, 비선목장 L하우스","건축가 | 연세대학교 건축공학과 졸업, 동경대학교 건축학과에서 석사학위를 받고, 현재 P1건축사사무소 소장, 서울과학기술대학교 건축학과 겸임교수, ㈔저탄소사회를지향하는목조건축협회 이사로 활동 중이다....",2026-09-24 09:00,https://www.imwood.co.kr/news/articleView.html?idxno=41890,https://www.imwood.co.kr/news/articleView.html?idxno=41890
연세대학교,바스켓코리아,[나고야 AG] “우승 아니면 의미 없다”… ‘들개 정신’으로 무장한 이...,"이주영(연세대)이 예선 전승을 견인했다. 이주영은 대표팀에서 가장 공을 많이 다루는 선수다. 예선 3경기... 한편, 3x3 대표팀 선수 전원은 이번 KBL 드래프트에 출사표를 던진 대학 선수들이다. 프로 진출을 앞두고...",2026-09-24 09:00,https://basketkorea.com/news/newsview.php?ncode=1065541916104253,https://m.sports.naver.com/basketball/article/351/0000088339
연세대학교,디지털타임스,대입 전략 히든카드 ‘농어촌특별전형’ 이점 품은 ‘쌍용 더 플래티넘...,농어촌특별전형은 상대적으로 교육 인프라가 부족한 읍·면 지역 학생들이 불이익을 받지 않도록 대학이... 전원 기숙사 체제로 운영되는 양서고는 2020년부터 2026년까지 최근 7년 동안 서울대·연세대·고려대 합격자만...,2026-09-24 09:00,https://www.dt.co.kr/article/12085672?ref=naver,https://n.news.naver.com/mnews/article/029/0003049728?sid=101
서울대학교,디지털타임스,대입 전략 히든카드 ‘농어촌특별전형’ 이점 품은 ‘쌍용 더 플래티넘...,"전원 기숙사 체제로 운영되는 양서고는 2020년부터 2026년까지 최근 7년 동안 서울대·연세대·고려대... 신팔당대교 개통 및 국도 6호선 6차로 확장(2027년 상반기 예정), 서울양평고속도로(계획) 추진 등의 교통 호재도...",2026-09-24 09:00,https://www.dt.co.kr/article/12085672?ref=naver,https://n.news.naver.com/mnews/article/029/0003049728?sid=101
고려대학교,디지털타임스,대입 전략 히든카드 ‘농어촌특별전형’ 이점 품은 ‘쌍용 더 플래티넘...,농어촌특별전형은 상대적으로 교육 인프라가 부족한 읍·면 지역 학생들이 불이익을 받지 않도록 대학이... 전원 기숙사 체제로 운영되는 양서고는 2020년부터 2026년까지 최근 7년 동안 서울대·연세대·고려대 합격자만...,2026-09-24 09:00,https://www.dt.co.kr/article/12085672?ref=naver,https://n.news.naver.com/mnews/article/029/0003049728?sid=101
서울대학교,뉴데일리경제,"수익률 1위 '하나로 TDF' 김석환 NH운용 부장 ""AI 랠리 숨고르기 … 中 추...","김 부장은 서울대 컴퓨터공학과를 졸업하고 KAIST 금융전문대학원에서 MBA를 마쳤다. 2007년 알파자산운용에서 IPO와 절대수익 전략을 운용하며 자산운용업계에 발을 들였고, 2012년부터 신한자산운용 솔루션팀에서...",2026-09-24 09:00,https://biz.newdaily.co.kr/site/data/html/2026/09/23/2026092300116.html,https://biz.newdaily.co.kr/site/data/html/2026/09/23/2026092300116.html
연세대학교,CFNEWS,"대학 143곳, 원서번호로 지원 규모 노출…수험생 정보 격차 우려","이번 조사에는 연세대와 고려대, 한양대 등 서울 소재 대학 30곳이 포함됐다. 부산대와 인천대, 충북대... 한국대학교육협의회는 대학마다 번호 부여 방식이 달라 일률적으로 관리하기 어렵다는 입장이다. 경쟁률 확인을...",2026-09-24 08:58,https://www.cfnews.kr/news/article.html?no=112315,https://www.cfnews.kr/news/article.html?no=112315
고려대학교,CFNEWS,"대학 143곳, 원서번호로 지원 규모 노출…수험생 정보 격차 우려","이번 조사에는 연세대와 고려대, 한양대 등 서울 소재 대학 30곳이 포함됐다. 부산대와 인천대, 충북대... 한국대학교육협의회는 대학마다 번호 부여 방식이 달라 일률적으로 관리하기 어렵다는 입장이다. 경쟁률 확인을...",2026-09-24 08:58,https://www.cfnews.kr/news/article.html?no=112315,https://www.cfnews.kr/news/article.html?no=112315
서울대학교,KOREAHEALTHLOG,"항문 출혈, 선홍색 피는 '치질'이고 검붉은색 피는 '대장암'이다?","보라매병원 대장항문외과 신루미 교수는 유튜브 채널 '서울대 보라매병원'에서 ""보통 선홍색 피가 나오면 치질, 검붉은색 피가 나오면 대장암이라는 이야기가 있기는 한데, 이것은 검증된 기준이 아니다""라며 ""치질과...",2026-09-24 08:48,https://www.koreahealthlog.com/news/articleView.html?idxno=59127,https://www.koreahealthlog.com/news/articleView.html?idxno=59127
서울대학교,CFNEWS,[영상 돋보기] 장형우 교수 “에페가 근손실 막는다? 절대 안 믿어…10만...,분당서울대학교병원 심장혈관흉부외과 장형우 교수는 23일 세계일보 유튜브 채널에 공개된 ‘의사소통’... 분당서울대학교병원 심장혈관흉부외과 장형우 교수가 23일 공개된 세계일보 유튜브 ‘의사소통’ 16회에서 국산...,2026-09-24 08:44,https://www.cfnews.kr/news/article.html?no=112313,https://www.cfnews.kr/news/article.html?no=112313
서울대학교,중부매일,"윤건영 충북교육감, 청주대 특강서 ""AI 전환 시대, 실용학력이 답""",윤 교육감은 청주고등학교와 서울대학교 사범대학 윤리교육과 및 동 대학원을 졸업하고 서울대에서 교육학 박사학위를 받았다. 청주교육대학교 총장과 충북교원단체총연합회 회장 등을 역임했으며 현재 충북도교육감과...,2026-09-24 08:42,https://www.jbnews.com/news/articleView.html?idxno=1512213,https://www.jbnews.com/news/articleView.html?idxno=1512213
연세대학교,이뉴스투데이,"[고려대 소식] 고려대, '코리아타임스 우수대학랭킹' 2년 연속 종합 1위...",고려대학교(총장 김동원)가 코리아타임스(Korea Times) 주관 우수대학랭킹 2027(Korea Times University Rankings 2027)... ▲권태경 연세대 정보대학원 교수(AI 보안연구회 회장)의 'AI 기술패권과 안보 방어선: 한국의 공급망 주권...,2026-09-24 08:40,http://www.enewstoday.co.kr/news/articleView.html?idxno=2474161,http://www.enewstoday.co.kr/news/articleView.html?idxno=2474161
고려대학교,이뉴스투데이,"[고려대 소식] 고려대, '코리아타임스 우수대학랭킹' 2년 연속 종합 1위...","◇ 항암제 원료, 흔한 당으로 98% 만들었다···'효소 4종 이어달리기' 세계 첫 실증 고려대학교 생명과학대학 식품공학과 및 대학원 융합생명공학과 김경헌 교수팀과 경북대학교 식품공학부 김동현 교수는 D...",2026-09-24 08:40,http://www.enewstoday.co.kr/news/articleView.html?idxno=2474161,http://www.enewstoday.co.kr/news/articleView.html?idxno=2474161
서울대학교,이뉴스투데이,"[고려대 소식] 고려대, '코리아타임스 우수대학랭킹' 2년 연속 종합 1위...","확보전략' ▲김상배 서울대 교수(정보세계정치학회장)의 '기술, 규범, 제도의 재편과 한국의 전략적 선택' 발제가 이어진다. 토론에는 남성욱 숙명여자대학교 석좌교수, 임종인 김앤장 고문(전 대통령 사이버특보...",2026-09-24 08:40,http://www.enewstoday.co.kr/news/articleView.html?idxno=2474161,http://www.enewstoday.co.kr/news/articleView.html?idxno=2474161
연세대학교,베타뉴스,"[최주영의 입시 해부] 연세대 국제형 면접, 영어가 아니라 '읽는 힘'을 ...",연세대학교 언더우드국제대학(UIC)은 인문·사회 계열인 HASS와 융합과학공학 계열인 ISE로 나뉜다. 학생부종합전형 국제형은 두 계열을 국제계열 하나로 묶어 선발한다. 영어로 수업하는 학부다 보니 학부모 상담에서...,2026-09-24 08:36,https://www.betanews.net/article/view/beta202609160095,https://www.betanews.net/article/view/beta202609160095
서울대학교,THEPOWERNEWS,지방대 무너지면 일자리도 줄어든다…“거점국립대 중심 권역 재편 필요...,서울대·연세대·고려대를 제외한 수도권 주요 7개 대학의 고용주 평판 48.0과 비교해도 상당한 격차가 나타났다. 다만 산업연구원은 모든 지방대학을 같은 수준으로 보기는 어렵다고 짚었다. 과거 노동시장 성과를...,2026-09-24 08:32,https://www.thepowernews.co.kr/view.php?ud=202609231048113700de3f0aa1be_7,https://www.thepowernews.co.kr/view.php?ud=202609231048113700de3f0aa1be_7
고려대학교,THEPOWERNEWS,지방대 무너지면 일자리도 줄어든다…“거점국립대 중심 권역 재편 필요...,서울대·연세대·고려대를 제외한 수도권 주요 7개 대학의 고용주 평판 48.0과 비교해도 상당한 격차가 나타났다. 다만 산업연구원은 모든 지방대학을 같은 수준으로 보기는 어렵다고 짚었다. 과거 노동시장 성과를...,2026-09-24 08:32,https://www.thepowernews.co.kr/view.php?ud=202609231048113700de3f0aa1be_7,https://www.thepowernews.co.kr/view.php?ud=202609231048113700de3f0aa1be_7
연세대학교,THEPOWERNEWS,지방대 무너지면 일자리도 줄어든다…“거점국립대 중심 권역 재편 필요...,서울대·연세대·고려대를 제외한 수도권 주요 7개 대학의 고용주 평판 48.0과 비교해도 상당한 격차가 나타났다. 다만 산업연구원은 모든 지방대학을 같은 수준으로 보기는 어렵다고 짚었다. 과거 노동시장 성과를...,2026-09-24 08:32,https://www.thepowernews.co.kr/view.php?ud=202609231048113700de3f0aa1be_7,https://www.thepowernews.co.kr/view.php?ud=202609231048113700de3f0aa1be_7
연세대학교,한국경제,"""어느 아파트 사세요?""…70억 집값이 만든 '新인맥'에 술렁 [시장톡]",입주민들이 각자 자기 단지를 응원하면서 연세대와 고려대의 정기 교류전을 빗댄 ‘아파트 연고전’이라는 표현도 등장했습니다. 학연을 상징하던 교류전의 형태가 아파트를 중심으로 재현된 셈입니다. 아파트를 매개로...,2026-09-24 08:28,https://www.hankyung.com/article/2026092190856,https://n.news.naver.com/mnews/article/015/0005335853?sid=101
고려대학교,한국경제,"""어느 아파트 사세요?""…70억 집값이 만든 '新인맥'에 술렁 [시장톡]",입주민들이 각자 자기 단지를 응원하면서 연세대와 고려대의 정기 교류전을 빗댄 ‘아파트 연고전’이라는 표현도 등장했습니다. 학연을 상징하던 교류전의 형태가 아파트를 중심으로 재현된 셈입니다. 아파트를 매개로...,2026-09-24 08:28,https://www.hankyung.com/article/2026092190856,https://n.news.naver.com/mnews/article/015/0005335853?sid=101
서울대학교,IKLD,[부고] 장철구(유신 부사장)씨 모친상,㈜유신 업무부 장철구 부사장 모친상 ■ 고 인 : 안삼노 님(2026년 9월 23일 별세) ■ 빈 소 : 분당서울대학교병원 장례식장 9호실 ■ 발 인 : 2026년 9월 25일(금) ■ 장 지 : 이천 에덴낙원,2026-09-24 08:26,http://www.ikld.kr/news/articleView.html?idxno=341340,http://www.ikld.kr/news/articleView.html?idxno=341340
서울대학교,NEWSCLAIM,[포스코 인사 전망]① 임원 16% 내보내고 CEO는 남겼다… 올해는 유임 이...,임원인사 서울 강남구 포스코센터 전경. 사진=포스코 포스코그룹은 올해 말 2027년 정기 임원인사를 앞두고... 서울대에서 조선공학을 전공하고 미국 MIT에서 조선공학 박사 학위를 받았다. 포항산업과학연구원에서...,2026-09-24 08:24,https://www.newsclaim.co.kr/news/articleView.html?idxno=3076499,https://www.newsclaim.co.kr/news/articleView.html?idxno=3076499
연세대학교,NEWSCLAIM,[포스코 인사 전망]① 임원 16% 내보내고 CEO는 남겼다… 올해는 유임 이...,"1968년생인 최영 이사장은 연세대 영어영문학과를 졸업하고 포스코인터내셔널 대외협력그룹장과 포스코 커뮤니케이션실장, 포스코인재창조원 글로벌리더십센터장을 거쳤다. 기업시민과 사회공헌 업무를 맡아온 경력을...",2026-09-24 08:24,https://www.newsclaim.co.kr/news/articleView.html?idxno=3076499,https://www.newsclaim.co.kr/news/articleView.html?idxno=3076499
서울대학교,한국강사신문,"[강원국의 인생독서] ""좋은 독서는 산을 오르는 것처럼 단계가 있다""","칼럼니스트 프로필 강원국 칼럼니스트는 서울대학교 외교학과를 졸업했고, 2000년부터 2008년까지 대통령비서실 공보수석실 행정관, 연설비서관으로 재직했다. 2004년 홍조근정훈장을 수상했다. 쉰 살까지 기업...",2026-09-24 08:16,https://www.lecturernews.com/news/articleView.html?idxno=210906,https://www.lecturernews.com/news/articleView.html?idxno=210906
고려대학교,KBS,‘비상풀림’ 원양에서는 제외?…안전 ‘빈틈’,"[김인현/고려대학교 명예교수/해상법 전공 : ""선박안전법에 그런 내용이 들어가서 반드시 장치해야 한다고 해야 선주한테 의무가 부과되는 거죠. 해양수산부의 몫이죠.""] 해양수산부는 이번 사고를 계기로 기존 예인선은...",2026-09-24 08:09,https://news.kbs.co.kr/news/pc/view/view.do?ncd=8670949&ref=A,https://n.news.naver.com/mnews/article/056/0012262824?sid=102
서울대학교,세계일보,‘서울대 10개 만들기’ 탈락 반발… 제주도·도의회·제주대 “제주 소...,"이른바 ‘서울대 10개 만들기’의 패키지 지원대학에 부산대 등 3개 대학교를 최종 선정한 가운데 제주대 탈락과 관련해 제주도와 제주도의회, 제주대학교가 공동 대응에 나섰다. 위성곤(사진 가운데) 제주지사와 송영훈...",2026-09-24 08:08,https://www.segye.com/newsView/20260923512688?OutUrl=naver,https://n.news.naver.com/mnews/article/022/0004161534?sid=102
고려대학교,뉴데일리경제,"""고용 늘었다는데 우리는 다른 세상"" … 청년들의 '깍두기 추석'","이종선 고려대 노동대학원 교수는 ""국내에서 점차 양질의 일자리가 부족해 청년들의 삶의 질이 악화하고 소득이 줄고 있다""며 ""AI 시대에 실효성 있는 고용 정책과 우리 산업의 체질을 바꿀 구조개혁 방안을 다각도로...",2026-09-24 08:02,https://biz.newdaily.co.kr/site/data/html/2026/09/23/2026092300324.html,https://biz.newdaily.co.kr/site/data/html/2026/09/23/2026092300324.html
연세대학교,연합뉴스,"""수시접수 일반대학 73％, 수험번호로 실제 경쟁률 유추 가능""","24일 국회 교육위원회 위원장인 국민의힘 김희정 의원이 한국대학교육협의회를 통해 분석한 결과, 자료를... 이들 대학에는 연세대와 고려대, 한양대 등 서울 소재 대학 30개교뿐만 아니라 부산대와 인천대, 충북대...",2026-09-24 08:00,https://www.yna.co.kr/view/AKR20260923185700001?input=1195m,https://n.news.naver.com/mnews/article/001/0016334307?sid=102
연세대학교,뉴스1,수능 두 달 전 추석 연휴…새 진도보다 '약점 보완'부터,수능 전에 논술고사를 치르는 대학에 지원한 수험생의 경우 대학별 기출문제와 채점 기준을 확인하며 짧은 기간 논술 준비에 집중해야 한다. 연세대·서울시립대·홍익대 등이 수능 전 논술고사를 실시할 예정이다. 또...,2026-09-24 08:00,https://www.news1.kr/society/education/6300292,https://n.news.naver.com/mnews/article/421/0009189967?sid=102
서울대학교,SRTIMES,[추석기획] 반도체 강국 한국…장비 해외 의존도 더 늘어난 까닭,"이종호 서울대 전기전자공학부 교수는 ""중국은 일부 성능이나 검증이 부족한 장비도 자국산을 사용할 수밖에 없는 환경인 반면, 국내 반도체 기업은 수율과 생산성을 고려해 충분히 검증된 장비를 선택하고 있다는...",2026-09-24 08:00,http://www.srtimes.kr/news/articleView.html?idxno=212720,http://www.srtimes.kr/news/articleView.html?idxno=212720
고려대학교,연합뉴스,"""수시접수 일반대학 73％, 수험번호로 실제 경쟁률 유추 가능""","24일 국회 교육위원회 위원장인 국민의힘 김희정 의원이 한국대학교육협의회를 통해 분석한 결과, 자료를... 이들 대학에는 연세대와 고려대, 한양대 등 서울 소재 대학 30개교뿐만 아니라 부산대와 인천대, 충북대...",2026-09-24 08:00,https://www.yna.co.kr/view/AKR20260923185700001?input=1195m,https://n.news.naver.com/mnews/article/001/0016334307?sid=102
고려대학교,SBS,"100알 계산대 올리자…복약지도 없이 ""일시불로?""",[이성우/고려대 안암병원 응급의학과 교수 : (수면유도제 과다 복용 시) 가장 치명적인 부작용은 심장 부정맥입니다. 곧장 심정지로 이어질 수 있습니다. (슈도에페드린 함유 일반의약품은) 환각 등 오남용 목적으로 쓰이는...,2026-09-24 07:49,https://news.sbs.co.kr/news/endPage.do?news_id=N1008768626&plink=ORI&cooper=NAVER,https://n.news.naver.com/mnews/article/055/0001390833?sid=102
고려대학교,DAILYSECU,"[김승주 교수 칼럼] 국가 사이버복원력, 어디서부터 시작해야 하나","정책의 출발점은 ""무엇을 새로 만들 것인가?""가 아니라 ""공격을 받아도 국가가 반드시 해야 할 무엇을 끝까지 해낼 것인가?""를 정하는 것​이어야 한다. [글. 김승주 고려대학교 정보보호대학원 교수]",2026-09-24 07:44,https://www.dailysecu.com/news/articleView.html?idxno=208591,https://www.dailysecu.com/news/articleView.html?idxno=208591
서울대학교,이데일리,"""억대 성과급 '그들만의 잔치' 아닌 기부로 연결하라""",(사진=김태형 기자) ■이인용 이사장은… △1957년 경북 안동 △중앙고 △서울대 동양사학과 △2002~2003년 미국 하버드대 니만 펠로우(Nieman Fellow) △MBC 보도국 기자·뉴스데스크 앵커·보도국 부국장 △숙명여대 언론정보학부...,2026-09-24 07:32,https://www.edaily.co.kr/News/Read?newsId=01754806645583400&mediaCodeNo=257&utm_source=naver&utm_medium=referral&utm_campaign=news_syndication&utm_content=original_article,https://n.news.naver.com/mnews/article/018/0006375232?sid=103
서울대학교,NEWSVERSE,"자폐는 왜 생기나…부모 탓 아닌데, 발견과 지원 책임은 왜 가족 몫인가","서울대 농학과를 거쳐 연세대 대학원 경제학과에서 경제학을 전공한 뒤 9년간 한국신용정보에서 기업 평가·금융VAN업무를 수행했고, 서울대 농생대 창업보육센터에서 3년간 보육매니저로 창업보육 업무를 했다. 현재...",2026-09-24 07:20,https://www.newsverse.kr/news/articleView.html?idxno=11472,https://www.newsverse.kr/news/articleView.html?idxno=11472
연세대학교,NEWSVERSE,"자폐는 왜 생기나…부모 탓 아닌데, 발견과 지원 책임은 왜 가족 몫인가","서울대 농학과를 거쳐 연세대 대학원 경제학과에서 경제학을 전공한 뒤 9년간 한국신용정보에서 기업 평가·금융VAN업무를 수행했고, 서울대 농생대 창업보육센터에서 3년간 보육매니저로 창업보육 업무를 했다. 현재...",2026-09-24 07:20,https://www.newsverse.kr/news/articleView.html?idxno=11472,https://www.newsverse.kr/news/articleView.html?idxno=11472
서울대학교,FNTIMES,"[프로필] ‘기업금융 외길’ 김경호 부행장, 6년 만의 씨티은행 새 수장...",1968년생인 김경호 내정자는 서울대 국제경제학과를 졸업한 뒤 삼성물산에서 경영관리 업무를 맡았고 미국 매사추세츠공대(MIT)에서 MBA를 마쳤다. 맥킨지앤컴퍼니 컨설턴트를 거쳐 2001년 씨티은행 서울지점...,2026-09-24 07:02,https://www.fntimes.com/html/view.php?ud=2026092312241080675e6e69892f_18,https://www.fntimes.com/html/view.php?ud=2026092312241080675e6e69892f_18
서울대학교,헤럴드경제,"“신입도 1.4억 보너스” 마이크론, 韓·대만 대학 훑으며 인재쟁탈전 ...",고려대·서울대·한양대를 찾아 채용 설명회를 진행한 바 있다. 대만을 넘어 삼성전자·SK하이닉스의 안방에서 공격적인 행보를 이어가는 중이다. 마이크론은 이달 21일부터 국립대만대학교를 시작으로 다음달까지 대만...,2026-09-24 07:01,https://biz.heraldcorp.com/article/10883196?ref=naver,https://n.news.naver.com/mnews/article/016/0002701555?sid=101
연세대학교,연합뉴스,[추석 밖 청년] ① 낮엔 도서관 밤엔 찜질방…몸 누일 곳 없는 청춘,아름다운재단이 송아영 연세대 사회복지학과 교수 연구팀에 의뢰해 재단 지원을 받는 만 18∼34세 노숙위기 청년 187명을 조사한 결과 73%가 한 달 소득이 100만원 이하로 나타났다. 응답자들의 주요 지출 항목은 식비(37.4...,2026-09-24 07:00,https://www.yna.co.kr/view/AKR20260923110600004?input=1195m,https://n.news.naver.com/mnews/article/001/0016334237?sid=102
연세대학교,뉴시스,K자 양극화 해법 찾을까…집값·물가 안정도 숙제 [이형일호 출범②],"김정식 연세대 경제학과 명예교수는 ""반도체 호황의 성과가 관련 기업과 근로자에게 집중되면서 비반도체 업종과의 소득 격차가 커지고 있다""며 ""반도체 산업이 수도권에 집중된 만큼 서울·수도권과 지방 간 불균형도...",2026-09-24 07:00,https://www.newsis.com/view/NISX20260924_0003802799,https://n.news.naver.com/mnews/article/003/0014211886?sid=101
고려대학교,뉴스핌,"[핌in수원] 이틀 연속 홈런포 NC 천재환, 연패탈출 공신 '우뚝'…주전까...",[사진=NC 다이노스] 2026.09.23 willowdy@newspim.com 1994년생인 천재환은 고려대 졸업 후 2017년에 NC 육성선수로 프로에 입단했다. 이후 한 차례 방출의 아픔도 겪었던 천재환은 지난 2022시즌 1군 데뷔 후 백업으로...,2026-09-24 06:43,https://www.newspim.com/news/view/20260923001129,https://www.newspim.com/news/view/20260923001129
고려대학교,파이낸셜뉴스,노화 줄기세포 '회춘'…5분 물리자극으로 기능 되살려 [언박싱 연구실],대학 연구실에서는 지금 이 순간에도 우리 삶을 바꿀 놀라운 발견들이 쏟아지고 있습니다. 다만 '논문'이라는... 건국대학교 조쌍구 교수와 고려대학교 정아람 교수 공동연구팀이 약물이나 유전자 조작 없이 물리적인...,2026-09-24 06:31,https://www.fnnews.com/news/202609231425418704,https://n.news.naver.com/mnews/article/014/0005580580?sid=105
연세대학교,ABCN,설희관 대기자(大記者)를 보내며,"[조광권 필자는 고려대 법학과 학사, 연세대 도시행정학 석사, 한국학중앙연구원 정치학 박사이다. 1973년 행정고등고시 합격 이후 서대문구청장, 서울시 보사환경국장, 교통국장, 공보관 등을 역임했다. 청계천 복원 사업 때...",2026-09-24 06:30,https://www.abcn.kr/news/articleView.html?idxno=92310,https://www.abcn.kr/news/articleView.html?idxno=92310
고려대학교,ABCN,설희관 대기자(大記者)를 보내며,"[조광권 필자는 고려대 법학과 학사, 연세대 도시행정학 석사, 한국학중앙연구원 정치학 박사이다. 1973년 행정고등고시 합격 이후 서대문구청장, 서울시 보사환경국장, 교통국장, 공보관 등을 역임했다. 청계천 복원 사업 때...",2026-09-24 06:30,https://www.abcn.kr/news/articleView.html?idxno=92310,https://www.abcn.kr/news/articleView.html?idxno=92310
서울대학교,스포츠조선,"'깜짝 은메달' 박지희, 'MZ'에 'T'가 더해지니 '솔직+유쾌 그 자체'...""공...","""공부 못해서 펜싱 시작했어요."" 깜짝 은메달의 주인공 '무명 검사' 박지희(서울특별시청)는 유쾌했다.... 아빠가 내가 공부를 잘하는 줄 알고, 감독님한테 '얘는 서울대 가야한다' 그러셨다. 감독님이 1학기 성적을...",2026-09-24 06:25,https://www.sportschosun.com/sports-news/2026-09-24/202609240100163060010676,https://m.sports.naver.com/general/article/076/0004449290
서울대학교,SIDAE,[시대포커스]24일 만에 미룬 농지 처분…또 설익은 정책,"임정빈 서울대 농경제사회학부 교수는 ""가짜 농민이나 불법 투기를 잡겠다는 목적에 치중한 나머지 농지 상속인들이 범법자로 몰리고, 농지 거래가 얼어붙으면서 지역 농협의 부실 우려까지 커졌다""며 ""처음부터 충분한...",2026-09-24 06:10,https://www.sidae.com/article/2026092313202023057,https://n.news.naver.com/mnews/article/417/0001159206?sid=101
고려대학교,세계일보,"[법조브리핑] 檢, ‘SM 시세조종’ 의혹 카카오 김범수 2심도 징역 15년...","특검팀이 전날 위촉한 디지털 포렌식 전문수사자문위원은 이상진 고려대 정보보호대학원 교수, 원유집 한국과학기술원 전기및전자공학부 교수, 김기범 성균관대 과학수사학과 교수, 이병영 서울대 전기정보공학부...",2026-09-24 06:04,https://www.segye.com/newsView/20260923515609?OutUrl=naver,https://n.news.naver.com/mnews/article/022/0004161503?sid=102
서울대학교,세계일보,"[법조브리핑] 檢, ‘SM 시세조종’ 의혹 카카오 김범수 2심도 징역 15년...","연합뉴스 ◆檢, ‘SM 시세조종’ 의혹 카카오 김범수 2심도 징역 15년 구형…11월20일 선고 검찰은 23일 서울고... 이병영 서울대 전기정보공학부 교수다. 특검팀은 이들이 디지털 포렌식과 정보보안 분야에서 오랜 기간...",2026-09-24 06:04,https://www.segye.com/newsView/20260923515609?OutUrl=naver,https://n.news.naver.com/mnews/article/022/0004161503?sid=102
고려대학교,점프볼,"[매거진] ‘성공 보장됐다고?’ 프로 직행이라는 달콤한 유혹, 그 명과 ...","주희정 고려대 감독 또한 신중하게 접근할 필요가 있다는 견해를 남겼다. “나도 이른 나이에 프로에서... 1, 2년 이내에 가능성을 못 보여주면 대학 졸업 후 입단한 선배들에게 밀릴 수 있다는 것도 고려해야 한다.”...",2026-09-24 06:03,https://m.sports.naver.com/basketball/article/065/0000301880,https://m.sports.naver.com/basketball/article/065/0000301880
연세대학교,아주경제,[김상철 칼럼] 파국으로 치닫는 세계…'중견 국가'들의 새로운 생존 연...,김상철 필자 주요 이력 △연세대 경제대학원 국제경제학 석사 △Business School Netherlands 경영학 박사 △KOTRA(1983~2014년) 베이징·도쿄·LA 무역관장 △동서울대 중국비즈니스학과 교수,2026-09-24 06:02,https://www.ajunews.com/view/20260923175718388,https://www.ajunews.com/view/20260923175718388
연세대학교,국민일보,“식사는 하셨나요?”… 추석 연휴 어르신 곁 지키는 ‘효자 AI’,네이버와 연세대 연구진은 지난해 서비스가 창출한 사회적 가치를 약 340억원으로 추산했다. 통신사들도 AI를 활용한 고령층 안부 확인 서비스를 확대하고 있다. SK텔레콤은 AI 스피커 ‘누구(NUGU)’를 활용한 돌봄...,2026-09-24 06:02,https://www.kmib.co.kr/article/view.asp?arcid=9000017092&cp=nv,https://n.news.naver.com/mnews/article/005/0001874918?sid=101
서울대학교,아주경제,[김형준의 Indonesia Story] '르바란' 명절 보내기,필자 주요 이력 ▷서울대 인류학과(학사·석사 수료) ▷호주국립대학(박사) ▷강원대 문화인류학과 교수 ▷전 강원대 사회과학원 원장 ▷전 한국동남아학회 회장 ▷인도네시아 팟자드자란 대학 객원교수,2026-09-24 06:02,https://www.ajunews.com/view/20260923182616423,https://www.ajunews.com/view/20260923182616423
고려대학교,이투데이,평행선 달리는 대법관 인선…조희대 ‘제청 의무’ 쟁점,차진아 고려대 법학전문대학원 교수는 대법원장 제청에는 구속력이 없어 대통령이 제청된 후보자를 받아들이지 않을 수 있다고 봤다. 다만 임명권 역시 제청권보다 우위에 있는 것은 아니라며 “두 권한은 상호 대등한...,2026-09-24 06:02,https://www.etoday.co.kr/news/view/2629177,https://www.etoday.co.kr/news/view/2629177
서울대학교,전자신문,[추천 도서] 일하는 인간… AI 격변에도 '일의 본질'은 사라지지 않는다,"저자 이서담은 서울대학교 법과대학을 졸업하고 IT·문화콘텐츠 사업가, 정무직 공무원, NGO 활동가 등 다양한 분야에서 일했다. 서로 다른 직업을 거치며 품게 된 '인간은 왜 일하는가'라는 질문이 이 책의 출발점이 됐다.",2026-09-24 06:01,https://www.etnews.com/20260922000411,https://n.news.naver.com/mnews/article/030/0003469805?sid=101
고려대학교,FNTIMES,50대 직장인의 고민(6) 버틸 것인가? 비켜줄 것인가? [홍석환의 커리어...,[필자 홍석환은] 고려대에서 경영학을 공부했고 인사조직 박사과정을 마쳤다. 삼성 비서실과 삼성경제연구소 수석연구원으로 일했고 GS칼텍스 인사기획·조직문화팀장을 거쳐 임원이 되어 KT&G 인재개발원장을 맡았다....,2026-09-24 06:00,https://www.fntimes.com/html/view.php?ud=202609231355325903c1c16452b0_18,https://www.fntimes.com/html/view.php?ud=202609231355325903c1c16452b0_18
고려대학교,뉴스1,"""의사가 환자 손 잡고 옆 진료실로""…20년 인연 잇는 암병원의 비결 [K-...","서울 구로구에 위치한 고려대구로병원 암병원의 진료실 문을 열면 다른 대형 병원과는 조금 다른 풍경이... "" 고려대의 역사가 120년을 넘어선 것처럼 오 원장은 고대구로병원 암병원이 100년, 500년 동안 지속될 올바른 암...",2026-09-24 06:00,https://www.news1.kr/bio/general/6300438,https://n.news.naver.com/mnews/article/421/0009189877?sid=105
연세대학교,SPORTS,"'20년만 득점' 태국 야구, 17점차 패배 속 값진 한 점[AG 야구]",2006년 도하 아시안게임에서 태국은 7회말 유일한 아마추어 선수였던 정민혁(연세대)을 상대로 3루타를 때려내며 1점을 뽑았다. 이후 8회 한국이 추가 득점하며 12-1 콜드게임 승리를 거뒀다. 당시 기록한 1점이 태국의...,2026-09-24 06:00,https://sports.hankooki.com/news/articleView.html?idxno=6940344,https://sports.hankooki.com/news/articleView.html?idxno=6940344
고려대학교,중앙일보,“비선출이 선 넘었다”…조희대 겨냥한 與의 ‘선출 만능주의’,차진아 고려대 법학전문대학원 교수는 “사법부를 직접 선출하지 않도록 둔 것 자체가 다수가 원하는 대로만 흘러가는 것을 막기 위한 헌법적 장치”라며 “선출 권력과 임명 권력은 대등하게 나란히 서 있는 것이지...,2026-09-24 06:00,https://www.joongang.co.kr/article/25464603,https://n.news.naver.com/mnews/article/025/0003553631?sid=100
서울대학교,영남일보,[인터뷰] 이인선 “길고 무거웠던 1년…TK 정치 ‘결속선’ 역할 하겠다...,경북대의 '서울대 10개 만들기' 사업 탈락 등 TK패싱은 이어지고 있다. 그렇지만 이런 식으로 갈라치기를... 나 역시 한 주도 빼놓지 않고 대구와 서울을 오가려고 했다. 대구 현안은 경북과 떼어놓고 생각하기 어려운 만큼...,2026-09-24 06:00,https://www.yeongnam.com/web/view.php?key=20260923029559725,https://www.yeongnam.com/web/view.php?key=20260923029559725
고려대학교,VEGANNEWS,"학술지 논문과 학위논문, 발행 절차와 검색 경로","심사에 통과한 뒤에는 최종 원문과 서지정보를 대학 시스템에 제출하는 절차가 이어질 수 있다. 고려대학교 도서관의 dCollection 안내에는 메타정보 입력, 저작권·이용허락 설정, 원문 파일 제출과 확인 과정이 제시돼...",2026-09-24 05:42,https://www.vegannews.co.kr/news/article.html?no=386982,https://www.vegannews.co.kr/news/article.html?no=386982
고려대학교,스포츠월드,"[AG이슈] 남녀 나란히 3연승…한국 3대3 농구, 조 1위로 동반 8강 직행","대학생들로 구성된 남자 대표팀에서는 이동근(고려대)이 싱가포르를 상대로 7점 3리바운드를 기록했고, 이주영(연세대)이 5점 4리바운드로 힘을 보탰다. 구민교(성균관대), 김승우(연세대)도 함께 출전하고 있다....",2026-09-24 05:29,https://www.sportsworldi.com/newsView/20260924501475,https://m.sports.naver.com/basketball/article/396/0000756180
연세대학교,스포츠월드,"[AG이슈] 남녀 나란히 3연승…한국 3대3 농구, 조 1위로 동반 8강 직행","대학생들로 구성된 남자 대표팀에서는 이동근(고려대)이 싱가포르를 상대로 7점 3리바운드를 기록했고, 이주영(연세대)이 5점 4리바운드로 힘을 보탰다. 구민교(성균관대), 김승우(연세대)도 함께 출전하고 있다....",2026-09-24 05:29,https://www.sportsworldi.com/newsView/20260924501475,https://m.sports.naver.com/basketball/article/396/0000756180
연세대학교,이데일리,추석 이후에도 집값 ‘평탄화’ 지속…강남 쉬고 외곽·경기 뛴다,박합수 건국대 부동산대학원 겸임교수도 “서울 외곽의 상승 흐름이 경기와 인천까지 확산할 것으로 본다”... 고준석 연세대 상남경영원 주임교수는 “추석 이후 갑자기 공급이 늘어날 상황이 아닌 만큼 지금의 흐름이...,2026-09-24 05:13,https://www.edaily.co.kr/News/Read?newsId=01439926645583400&mediaCodeNo=257&utm_source=naver&utm_medium=referral&utm_campaign=news_syndication&utm_content=original_article,https://n.news.naver.com/mnews/article/018/0006375207?sid=101
서울대학교,뉴스1,"송석준 ""외교안보 해방 전후 비견 위기…韓美 신뢰 회복 절실""",△1964년 경기 이천 출생 △서울대 국제경제학과 △제34회 행정고시 합격 △서울지방국토관리청장 △대통령비서실 행정관 △국민의힘 정책위원회 부의장 △제21대 국회 전반기 국토교통위원회 간사 △제22대 국회...,2026-09-24 05:10,https://www.news1.kr/politics/assembly/6300946,https://n.news.naver.com/mnews/article/421/0009189854?sid=102
연세대학교,뉴스1,"집값 오르는데 거래는 줄어든다…전문가 45% ""매매 감소""","고준석 연세대 상남경영원 교수는 ""임대료 상승은 전월세 매물 부족에 따른 당연한 결과""라며 ""전월세 가격... 박합수 건국대 부동산대학원 겸임교수는 ""강남권의 상승세 둔화 속 외곽 중저가 지역의 상승세는 강화될 것...",2026-09-24 05:05,https://www.news1.kr/realestate/general/6300112,https://n.news.naver.com/mnews/article/421/0009189851?sid=101
서울대학교,NEWS2DAY,추석 연휴 문 여는 병원·약국 어디?,"서울 병·의원·약국 6189곳 운영...응급실 74곳은 24시간 진료 120·119 전화하면 연휴 중 이용 가능한 병원·약국... 응급·중증환자는 서울대학교병원 등 권역·지역응급의료센터 31곳과 지역응급의료기관 20곳, 응급실 운영...",2026-09-24 05:02,https://www.news2day.co.kr/article/20260923500125,https://www.news2day.co.kr/article/20260923500125
고려대학교,서울신문,‘대학도시 성북’ 주민 삶 업그레이드 [현장 행정],"행사는 구와 지역 대학 간 협력체계를 공식화하고 청년과 지역이 공존하는 ‘대학도시 성북’ 조성을 위해 위해 마련됐다. 협약식에는 이 구청장을 비롯해 김동원 고려대 총장, 정승렬 국민대 총장, 임세진 동덕여대 총장...",2026-09-24 05:02,https://www.seoul.co.kr/news/publicnews/seoul_local/place_seoul/2026/09/24/20260924019001?wlog_tag3=naver,https://n.news.naver.com/mnews/article/081/0003683249?sid=102
서울대학교,주간조선,[전국의 박물관: 서울] 구치감에서 옛 골목까지… 서울 100년이 한 건물...,"지금의 서울과학기술대학교 터에는 1941년 경성제국대학 이공학부가 들어섰는데, 광복 뒤에는 1980년까지 서울대학교 공과대학이 그 건물을 썼다. 현재 육군사관학교가 쓰는 땅에는 일제 때 육군 지원병훈련소가 있었다....",2026-09-24 05:00,http://weekly.chosun.com/news/articleView.html?idxno=55418,https://n.news.naver.com/mnews/article/053/0000061744?sid=103
고려대학교,NONGMIN,뇌졸중·심정지 부르는 ‘부정맥’…부모님 만나면 ‘맥박’ 체크해보...,심재민 고려대 안암병원 순환기내과 교수는 “부정맥은 종류가 매우 다양하기 때문에 증상만으로 판단해서는 안된다”며 “두근거림이나 어지럼증이 반복되거나 실신이 동반된다면 심전도 검사 등을 통해 정확한 원인을...,2026-09-24 05:00,https://www.nongmin.com/article/20260923500305,https://n.news.naver.com/mnews/article/662/0000105045?sid=102
연세대학교,글로벌이코노믹,"두산로보틱스, 상반기 영업손실 265억에 권영민 신임 대표 선임","연세대 공학과 일리노이대 회계학 석사 출신으로, 전임 대표의 사임에 따라 구원투수로 등판했다. 상반기 실적과 적자 확대 배경 두산로보틱스의 2026년 상반기 연결 기준 매출은 329억 7000만 원으로 전년 동기 대비 236...",2026-09-24 04:34,https://www.g-enews.com/view.php?ud=2026092404281816692bd56fbc3c_1,https://www.g-enews.com/view.php?ud=2026092404281816692bd56fbc3c_1
고려대학교,OSEN,"배움에는 끝이 없고, 나눔에는 대가가 없다…강봉규 전 코치가 보여주는...",2024년을 마지막으로 삼성을 떠난 그는 현재 경희대학교 테크노경영대학원 스포츠경영학과 석사 과정을 밟고... 경남고와 고려대를 거쳐 2000년 프로 무대에 뛰어들어 두산 베어스와 삼성에서 뛰었다. 특히 2009년 삼성...,2026-09-24 03:31,http://www.osen.co.kr/article/G1112880962,https://m.sports.naver.com/kbaseball/article/109/0005611831
고려대학교,MHNS,"[박근종 칼럼] 세전 소득 평등도 1위의 역설, 재분배 꼴찌가 던지는 한...","강성진 고려대 경제학과 교수가 예리하게 지적했듯, 한국은 시장소득 자체의 형평성은 뛰어나지만, 정부의 사회 안전망과 연금제도가 대상층에 부합하지 않는 것이 근본적인 문제다. 보편적 복지가 지나치게 일찍...",2026-09-24 02:34,https://www.mhns.co.kr/news/articleView.html?idxno=761666,https://www.mhns.co.kr/news/articleView.html?idxno=761666
서울대학교,국민일보,"오랜만에 쉼표, 마음엔 느낌표 새겨볼까","그는 서울대 국어교육과 교수를, 교토대 교수를 지냈다. 서울대에서는 한국어로, 교토대에서는 일본어로 강의했다. 이 책에는 번역자가 없다. 저자가 처음부터 끝까지 한국어로 썼기 때문이다. 인류에게 국경이라는 개념이...",2026-09-24 02:06,https://www.kmib.co.kr/article/view.asp?arcid=9000017069&cp=nv,https://n.news.naver.com/mnews/article/005/0001874896?sid=103
서울대학교,동아일보,[부고]권영웅 별세 外,"장인상=23일 경기 구리시 원진녹색병원, 발인 25일 낮 12시 031-552-5119 ◇최옥선 씨 별세·신영기 서울대 시흥캠퍼스 본부장(에이비온 대표이사) 모친상=22일 삼성서울병원, 발인 24일 오전 11시 15분 02-3410-3151",2026-09-24 01:43,https://www.donga.com/news/People/article/all/20260923/134729851/2,https://n.news.naver.com/mnews/article/020/0003750557?sid=102
서울대학교,동아일보,"씨티은행장 김경호 부행장 추천, 기업금융 전문가… 주총서 선임","김 부행장은 서울대 국제경제학과를 졸업하고 미국 매사추세츠공대(MIT)에서 경영학 석사 학위를 받았다. 삼성물산, 맥킨지를 거쳐 2001년 씨티은행 서울지점에 입사했다. 이후 대기업금융부장, 금융기관본부장을 거쳐...",2026-09-24 01:42,https://www.donga.com/news/Economy/article/all/20260923/134729943/2,https://n.news.naver.com/mnews/article/020/0003750517?sid=101
고려대학교,YTN,가위바위보 이기는 로봇손...'인공 뇌' 반도체 개발,[박관영 / 고려대 KU-KIST융합대학원 연구원 : 하부에는 나노 다공성 층을 만들어 장기 기억하는 특성을 만들게 되었고 상부층의 치밀한 박막을 사용해 휘발성으로 신호를 내는 뉴런의 특성을 구현하게 되었습니다.]...,2026-09-24 00:59,https://www.ytn.co.kr/_ln/0105_202609240059120342,https://n.news.naver.com/mnews/article/052/0002410752?sid=105
고려대학교,조선일보,“세종 때 장애인이 정승도… 옛날이 더 차별 없어”,정창권 교수 ‘한국 장애사’ 출간 “고려시대엔 장애인 도우미 있어… 근대 이후 서구화 영향으로 배척... (성균관대학교출판부)를 쓴 정창권(59·사진) 고려대 문화창의학부 교수의 말은 전혀 다르다. “본래 한반도에는...,2026-09-24 00:43,https://www.chosun.com/culture-life/relion-academia/2026/09/24/N5IGYK5ERRFIBJCHFDRCMZJ3K4/?utm_source=naver&utm_medium=referral&utm_campaign=naver-news,https://n.news.naver.com/mnews/article/023/0004000197?sid=103
고려대학교,조선일보,[플라자] 고려대학교 통일융합연구원과 보다나은미래를위한 반기문재단...,▲ 고려대학교 통일융합연구원과 보다나은미래를위한 반기문재단은 29일 고려대 백주년기념삼성관에서 ‘질서 이후의 질서: 국제안보의 재편과 한반도 평화’ 공동 심포지엄을 연다고 23일 밝혔다.,2026-09-24 00:42,https://www.chosun.com/national/people/2026/09/24/6Q7JG3EJWJDGHL2ABY3R57QAQE/?utm_source=naver&utm_medium=referral&utm_campaign=naver-news,https://n.news.naver.com/mnews/article/023/0004000191?sid=102
연세대학교,국민일보,[여의도포럼] 국정감사로 멈춰버린 대한민국 시계,지금처럼 국가 시스템을 마비시키고 기업 경영을 위축시키는 국감은 민의의 대변이 아닌 권력의 갑질일 뿐이다. 국회가 바로 서야 한다. 그래야 행정부가 바로 서고 국민의 삶이 편안해진다. 박희준 연세대 산업공학과 교수,2026-09-24 00:38,https://www.kmib.co.kr/article/view.asp?arcid=9000017046&cp=nv,https://n.news.naver.com/mnews/article/005/0001874880?sid=110
서울대학교,NEWS2DAY,"[미네르바의 눈] 물류단상(物流斷想): 물류업, 물동량은 늘어도 돈은 안...",[정리=최봉 산업경제 전문기자] ◀ 김승한(Seunghan Kim) ▶ 서울대 산업공학 박사 / (주)JNDK 본부장 / 경기대 SW경영대학 겸직교수 / (전) 전국화물자동차운송사업연합회 단장 / (전) (주)화물맨 부사장 / (전) (주)포테닛 사장...,2026-09-24 00:32,https://www.news2day.co.kr/article/20260923500255,https://www.news2day.co.kr/article/20260923500255
서울대학교,중앙일보,[중앙시평] 여의도의 깨진 유리창,보면서 무엇이 보상받고 무엇이 허용되는지를 깨우친다. 반칙이 스펙이 되고 성공의 문법으로 고착되는 사회는 생각만 해도 끔찍하다. 여의도의 깨진 유리창을 언제까지 방치할 것인가. 김은미 서울대 언론정보학과 교수,2026-09-24 00:22,https://www.joongang.co.kr/article/25464584,https://n.news.naver.com/mnews/article/025/0003553620?sid=110
서울대학교,중앙일보,[김형구의 이슈진단] “호르무즈 파병 불가피하겠지만 영·프와 보조 맞...,차태서 서울대 정치외교학부 교수를 지난 17일 만나 한·미 동맹의 현주소를 진단하고 미래를 조망했다. 이후... 생각한다.” ◆이상현=서울대 외교학과를 졸업하고 미국 일리노이대에서 정치학 박사 학위를 받았다....,2026-09-24 00:16,https://www.joongang.co.kr/article/25464580,https://n.news.naver.com/mnews/article/025/0003553616?sid=110
서울대학교,중앙일보,"[이수화의 마켓 나우] 자율주행, 지방소멸 되돌릴 첫 단추",밤 9시면 닫히는 읍내에 다시 길을 여는 일이다. 자율주행이 바꿔야 할 것은 운전 방식이 아니라 이동의 자유다. 이수화 서울대 빅데이터혁신융합대학연구교수·법무법인 디엘지AI센터장,2026-09-24 00:06,https://www.joongang.co.kr/article/25464575,https://n.news.naver.com/mnews/article/025/0003553611?sid=110
서울대학교,중앙일보,금융 회장 부른 금감원장…‘이너서클 인사’ 경고,이 원장은 23일 오전 7시30분 서울 여의도 금감원 본원에 은행연합회장과 8대 은행지주(KB·신한·하나·우리... 기업 지배구조 전문가인 김우진 서울대 경영전문대학원 교수는 “자회사 지분 전량을 보유하기도 하는...,2026-09-24 00:01,https://www.joongang.co.kr/article/25464547,https://n.news.naver.com/mnews/article/025/0003553586?sid=101
서울대학교,KDPRESS,"플루티스트 문록선, 생상스와 국악의 경계 넘는 무대 펼친다","한편, 문록선은 서울대학교 음악대학과 대학원을 졸업하고 오스트리아 빈 국립음악원과 미국 오벌린대학 등에서 수학했다. 서울시립교향악단과 코리안심포니오케스트라 등에서 활동했으며 현재 세종대학교 미래교육원...",2026-09-23 23:48,https://www.kdpress.co.kr/news/articleView.html?idxno=208892,https://www.kdpress.co.kr/news/articleView.html?idxno=208892
연세대학교,KDPRESS,"현대해상, 청년 현장경험 채용 경쟁력으로 잇는다","또한 염재호 태재대학교 총장, 장용석 연세대학교 교수, 엄윤미 아산나눔재단 이사장 등 교육과 HR, 사회혁신 분야 전문가 6명이 자문위원으로 참여한다. 정경선 현대해상 CSO는 ""더 많은 청년에게 양질의 경험을 제공하고...",2026-09-23 23:44,https://www.kdpress.co.kr/news/articleView.html?idxno=208890,https://www.kdpress.co.kr/news/articleView.html?idxno=208890
고려대학교,전자신문,"[도산아카데미] 항우연 김현옥 연구원, '우주경제와 새로운 기회' 강연","스마트포럼은 1996년 백두권 고려대 명예교수(당시 도산아카데미연구원 기획위원장, 도산아카데미 제3대 원장)의 제안으로 '한국 정보화 사회 지도자 포럼'이라는 이름으로 발족해 30년간 정보화·IT 분야의 주요 이슈를...",2026-09-23 23:36,https://www.etnews.com/20260923000197,https://n.news.naver.com/mnews/article/030/0003469793?sid=105
서울대학교,여성신문,문소리·이봉련의 ‘에너미’...뮤지컬 ‘식스’ 3년 만 귀환,"서울시극단 연극 '에너미' 서울시극단이 헨리크 입센의 『민중의 적』을 재해석한 연극 '에너미'를 10월... 김헌 서울대 교수, 주원준 연구원 등이 참여해 국립극단이 준비 중인 신화 소재 공연 4편과 연계해 무대에...",2026-09-23 23:32,https://www.womennews.co.kr/news/articleView.html?idxno=282517,https://n.news.naver.com/mnews/article/310/0000140270?sid=103
서울대학교,이투데이,"[종합] '유퀴즈' 신현준, 남미 역주행 근황 공개…다음주 '무협' 강소라...","한편 다음 주 '유퀴즈'에는 KBO 드래프트 전체 1순위 부산고 하현승, 동물행동학자 이원영 서울대 교수, 국립중앙박물관 분장놀이 대상 수상자, 무협 일타강사로 돌아온 배우 강소라가 출연한다.",2026-09-23 23:24,https://enter.etoday.co.kr/news/view/302844,https://enter.etoday.co.kr/news/view/302844
서울대학교,매일일보,"한국씨티은행, 차기 행장에 '기업금융통' 김경호 부행장","1968년생인 김 부행장은 서울대 국제경제학과, 미국 매사추세츠공대 경영전문대학원(MBA)을 졸업했다. 2001년 한국씨티은행에 입행한 뒤 대기업금융부장, 금융기관본부장 등을 거쳐 2021년 2월부터 기업금융그룹 부행장을...",2026-09-23 23:20,https://www.m-i.kr/news/articleView.html?idxno=1417858,https://www.m-i.kr/news/articleView.html?idxno=1417858
고려대학교,메디컬월드뉴스,"[9월 23일 병원계 이모저모③]고려대의대, 경희의료원, 삼육서울, 서울...","◆고려대 의대, 과기정통부 기초연구사업 23개 과제 선정…연구비 38억 원 확보 고려대학교 의과대학 교수진이 과학기술정보통신부의 2026년도 기초연구사업 2차 신규과제에 선정돼 총 23개 과제에서 약 38억 원의...",2026-09-23 23:10,https://medicalworldnews.co.kr/news/view.php?idx=1510977432,https://medicalworldnews.co.kr/news/view.php?idx=1510977432
연세대학교,여성신문,공동체·영성·이주...아시아 큐레이터들이 말하는 ‘아시아의 오늘’,"철학자이자 문화이론가인 한병철, 동아시아 철학 전문가인 나카지마 다카히로 도쿄대 동양문화연구소 교수, 젠더·이주·돌봄 문제를 연구해 온 김현미 연세대 문화인류학과 교수가 기조강연을 맡는다. 이어 참여...",2026-09-23 23:04,https://www.womennews.co.kr/news/articleView.html?idxno=282574,https://n.news.naver.com/mnews/article/310/0000140267?sid=103
서울대학교,문화일보,김근식 “조희대의 제청권 묵살 이유는 군기잡기”,김근식 경남대 정치외교학과 석좌교수(국민의힘 서울 송파병 당협위원장)는 최근 청와대와 조희대 대법원장... 이어 김 교수는 “서울대총장은 총장추천위에서 후보 3명을 추리고 서울대이사회 투표로 최종 1명을...,2026-09-23 23:04,https://www.munhwa.com/article/11619301?ref=naver,https://n.news.naver.com/mnews/article/021/0002821022?sid=100
서울대학교,JIBS,"'서울대 10개 만들기' 제외..""후속 지원책 내놔야""",제주의 유일한 국가거점국립대학인 제주대학교가 정부의 이른바 '서울대 10개 만들기' 사업 우선 지원 대상에서 빠졌습니다. 산업과 연구 기반이 상대적으로 취약한 섬 지역에 다른 지역과 같은 경쟁 잣대를 적용하는 게...,2026-09-23 23:04,https://www.jibs.co.kr/news/replay/viewNewsReplayDetail/2026092318053829328?feed=na,https://n.news.naver.com/mnews/article/661/0000083793?sid=102
고려대학교,세계일보,"은행, 사이버 위협 고도화에도 정보보호 투자 줄여","권헌영 고려대학교 정보보호대학원 교수는 “AI 투자를 늘린 다음에 정보보호 투자가 뒤이어 올라가는 경향이 있는 것은 사실이지만, 가장 좋은 것은 정보보호 투자를 강화하면서 IT 투자를 늘리는 것”이라며...",2026-09-23 23:02,https://www.segye.com/newsView/20260923510915?OutUrl=naver,https://n.news.naver.com/mnews/article/022/0004161444?sid=101
연세대학교,YOUNGNONG,"AI 시대 농업 연구인재 키운다…농진청·농학계, 대학원생·신진연구자","농촌진흥청과 농학계는 대학원생과 신진 연구자가 연구 현장을 직접 경험하고 필요한 역량을 논의하는 교류... 1부에서는 김남주 연세대학교 인공지능(AI)혁신연구원 에듀테크센터장이 'AI 시대, 미래 연구자에게 필요한...",2026-09-23 22:56,https://www.youngnong.co.kr/news/articleView.html?idxno=70467,https://www.youngnong.co.kr/news/articleView.html?idxno=70467
서울대학교,CCNNEWS,"세종시, 'AI 행정 전문가' 배일권 행정부시장 28일 취임","1972년 서울 출생인 배 신임 부시장은 서울대학교 사회학과를 졸업하고 서울대 및 미국 시라큐스대학교 대학원에서 행정학 석사학위를 취득했다. 1999년 제42회 행정고시에 합격하며 공직에 입문한 이후, 행정안전부...",2026-09-23 22:50,http://www.ccnnews.co.kr/news/articleView.html?idxno=415444,http://www.ccnnews.co.kr/news/articleView.html?idxno=415444
서울대학교,컨슈머타임스,"성남시, 2027년 생활임금 1만2900원 확정·민관협력 통합돌봄 확대",특히 이날 회의에는 임재영 경기도남부 지역장애인보건의료센터장(분당서울대학교병원 재활의학과 교수)이 참석해 장애인의 재활 치료 및 전문 의료 인프라를 지역사회 돌봄 체계와 유기적으로 결합하는 방안을...,2026-09-23 22:42,https://www.cstimes.com/news/articleView.html?idxno=721906,https://www.cstimes.com/news/articleView.html?idxno=721906
연세대학교,중부일보,인천시 행정 지휘체계 곧 완성...행부 김성중·기조 지용구 내정,"김 내정자는 연세대 행정학과를 졸업하고 1995년 제39회 행정고시로 공직에 들어섰다. 행안부 조직정책관, 재난대응정책관, 청와대 인사비서관실 선임행정관을 거쳤으며 제주도 행정부지사와 경기도 행정1부지사를...",2026-09-23 22:40,https://www.joongboo.com/news/articleView.html?idxno=363737699,https://www.joongboo.com/news/articleView.html?idxno=363737699
서울대학교,중부일보,인천시 행정 지휘체계 곧 완성...행부 김성중·기조 지용구 내정,"서울대 출신으로 2001년 제45회 행정고시에 합격한 지 내정자는 행안부 자연재난대응과장, 청와대 국정상황실을 거쳐 교부세과장을 맡아온 지방재정 전문가다. 시는 지방교부세 산정과 배분 구조를 잘 아는 지 내정자가...",2026-09-23 22:40,https://www.joongboo.com/news/articleView.html?idxno=363737699,https://www.joongboo.com/news/articleView.html?idxno=363737699
서울대학교,YOUNGNONG,"""유통단계 줄인다고 농산물 제값 받나""…농업계, 가격결정력 강화 요구",안병일 서울대학교 농업자원경제학과 교수가 토론에 참여했다. 토론자들은 급변하는 농산물 유통환경에 대응하기 위해 산지의 거래 역량을 높이고 도매시장과 공판장의 기능을 강화할 필요가 있다고 의견을 모았다....,2026-09-23 22:40,https://www.youngnong.co.kr/news/articleView.html?idxno=70525,https://www.youngnong.co.kr/news/articleView.html?idxno=70525
연세대학교,비즈월드,"현대해상, '프로젝트 트레일마크' 공개","염재호 태재대학교 총장, 장용석 연세대학교 교수, 엄윤미 아산나눔재단 이사장, 김성준 국민대학교 교수, 서현선 루트임팩트 이사, 정진우 ACG 컨설팅 대표가 참여한다. 프로젝트 트레일마크를 제안한 정경선 현대해상 CSO...",2026-09-23 22:36,http://www.bizwnews.com/news/articleView.html?idxno=147268,http://www.bizwnews.com/news/articleView.html?idxno=147268
연세대학교,뉴스1,"'유퀴즈' 신현준, 테니스 유망주→운명처럼 '하야시' 합격","이에 신현준은 연세대 체육교육학과로 진학했지만, 1990년 임권택 감독의 영화 '장군의 아들'에서 일본인 주먹패 우두머리 '하야시' 역으로 데뷔해 화제를 모았다. 신현준은 영화광이었던 부모님을 따라 어린 시절부터...",2026-09-23 22:29,https://www.news1.kr/entertain/broadcast-tv/6300879,https://m.entertain.naver.com/article/421/0009189759
서울대학교,디지털타임스,김근식 “대법관 제청 묵살 이재명…‘재판관 미임명’ 한덕수는 내란특...,"김근식 국민의힘 서울 송파병 당협위원장(경남대 정치외교학과 석좌교수)은 23일 SNS를 통해 “2024년 12·3... 서울대학교 총장 임명 절차에도 빗댔다. 그는 “(법령상) 총장추천위에서 후보 3명 추리고, 서울대이사회 투표로...",2026-09-23 22:28,https://www.dt.co.kr/article/12085684?ref=naver,https://n.news.naver.com/mnews/article/029/0003049712?sid=100
연세대학교,THESCOOP,나폴레옹부터 히틀러까지… 마키아벨리의 흔적들 [이지은의 신간],"""프리드리히 2세는 어쩌면 마키아벨리의 가장 완벽한 제자일지도 모른다."" 김상근 연세대 명예교수는 저서 「나는 군주론에 반대한다, 그러나」에서 ""「안티 마키아벨」을 통해 「군주론」을 가장 꼼꼼하고 통렬하게...",2026-09-23 22:18,https://www.thescoop.co.kr/news/articleView.html?idxno=311703,https://n.news.naver.com/mnews/article/665/0000008217?sid=103
고려대학교,뉴스핌,[2026AG] 한국 3X3 농구 남자 대표팀 3연승…남녀 나란히 조 1위로 8강 직...,"이날 싱가포르전에서는 이동근(고려대)이 7득점 3리바운드 2블록슛으로 공격을 이끌었다. 이주영(연세대)도 5득점 4리바운드로 힘을 보탰다. 남자 대표팀은 이동근과 이주영을 비롯해 김승우(연세대), 구민교...",2026-09-23 22:17,https://www.newspim.com/news/view/20260923001115,https://www.newspim.com/news/view/20260923001115
연세대학교,뉴스핌,[2026AG] 한국 3X3 농구 남자 대표팀 3연승…남녀 나란히 조 1위로 8강 직...,"이주영(연세대)도 5득점 4리바운드로 힘을 보탰다. 남자 대표팀은 이동근과 이주영을 비롯해 김승우(연세대), 구민교(성균관대)로 구성됐다. 이들은 지난 4월 국제농구연맹(FIBA) 3X3 아시아컵에서 준우승을...",2026-09-23 22:17,https://www.newspim.com/news/view/20260923001115,https://www.newspim.com/news/view/20260923001115
고려대학교,SLIST,"'3전 전승' 남자 3대3 농구, 조 1위로 8강 직행","특히 올해 4월 국제농구연맹(FIBA) 3대3 아시아컵 준우승을 합작한 이주영, 김승우(이상 연세대), 이동근(고려대), 구민교(성균관대)가 그대로 호흡을 맞추고 있어 강력한 메달 후보로 점쳐진다. 이들은 지난달 FIBA...",2026-09-23 22:16,https://www.slist.kr/news/articleView.html?idxno=768515,https://www.slist.kr/news/articleView.html?idxno=768515
연세대학교,SLIST,"'3전 전승' 남자 3대3 농구, 조 1위로 8강 직행","특히 올해 4월 국제농구연맹(FIBA) 3대3 아시아컵 준우승을 합작한 이주영, 김승우(이상 연세대), 이동근(고려대), 구민교(성균관대)가 그대로 호흡을 맞추고 있어 강력한 메달 후보로 점쳐진다. 이들은 지난달 FIBA...",2026-09-23 22:16,https://www.slist.kr/news/articleView.html?idxno=768515,https://www.slist.kr/news/articleView.html?idxno=768515
서울대학교,JEJUMBC,"""서울대 10개 만들기 제주대 탈락 이유 설명하라""","제주도와 제주도의회, 제주대가 정부의 서울대 10개 만들기 사업에서 제주대가 탈락한 것과 관련해... 이재명 대통령의 공약인 서울대 10개 만들기에는 부산대와 전남대, 충남대 등 3곳이 선정됐는데 탈락한 국립대들은...",2026-09-23 22:12,https://jejumbc.com/NewsArticle/864123,https://jejumbc.com/NewsArticle/864123
고려대학교,메디컬월드뉴스,"[9월 23일 병원계 이모저모②]국립암센터, 고려대구로, 의정부을지대병...","◆고려대구로병원 개방형실험실, 구로구의사회와 지역의료 혁신 업무협약 체결 고려대학교 구로병원... ◆의정부을지대병원-미8군 제65의무여단, 의료협력 강화 논의 의정부을지대학교병원(병원장 송현)이 지난 22일...",2026-09-23 22:10,https://medicalworldnews.co.kr/news/view.php?idx=1510977431,https://medicalworldnews.co.kr/news/view.php?idx=1510977431
서울대학교,TJB,"[8뉴스 초대석]""KTX·SRT 통합부터 추석 수송까지""..김태승 코레일 사장...","지금까지 김태승 코레일 사장과 이야기 나눠봤습니다. 사장님, 오늘 나와주셔서 감사합니다. ----------- 김태승 1961년생 서울대 경제학과 경기개발연구원 부원장 인하대 아태물류학부 교수 제12대 한국철도공사 사장",2026-09-23 22:04,https://www.tjb.co.kr/news05/bodo/view/id/104011,https://www.tjb.co.kr/news05/bodo/view/id/104011
서울대학교,MBCCB,'3년을 끌어오더니' 사실상 통합 무산,충북대는 내년에 서울대 10대 만들기 선도 대학 추가 선정에도 어려움이 예상됩니다. 통합 무산은 한동안 학교 경쟁력에도 상당한 악영향을 줄 것으로 우려됩니다. MBC뉴스 신병관입니다.,2026-09-23 22:04,http://news.mbccb.co.kr/home/sub.php?menukey=61&mod=view&RECEIVE_DATE=20260923&SEQUENCE=3735,http://news.mbccb.co.kr/home/sub.php?menukey=61&mod=view&RECEIVE_DATE=20260923&SEQUENCE=3735
연세대학교,한스경제,"한국 남자 3대3 농구, 나고야 아시안게임 8강 직행","지난 4월 FIBA 3대3 아시아컵 준우승을 합작했던 이주영, 김승우(이상 연세대), 이동근(고려대), 구민교(성균관대)가 다시 손을 맞잡아 강력한 우승 후보로 평가받는다. 대표팀은 지난달 FIBA 유스 네이션스리그 종합...",2026-09-23 22:00,http://www.hansbiz.co.kr/news/articleView.html?idxno=867955,http://www.hansbiz.co.kr/news/articleView.html?idxno=867955
서울대학교,스포츠조선,"""와, 제 개인전 첫 성적이에요"" 공부 못해서 은메달까지 딴 '천상T' 박지...","""와, 제 개인전 첫 성적이에요!"" 깜짝 은메달의 주인공 '무명 검사' 박지희(서울특별시청)의 미소였다.... 아빠가 내가 공부를 잘하는 줄 알고, 감독님한테 '얘는 서울대 가야한다' 그러셨다. 감독님이 1학기 성적을 아빠한테...",2026-09-23 22:00,https://www.sportschosun.com/sports-news/2026-09-23/202609230100162150010608,https://m.sports.naver.com/general/article/076/0004449245
고려대학교,SBS,"수면유도제 100알 달라는데 ""여기요""…경악한 실태",[이성우/고려대 안암병원 응급의학과 교수 : (수면유도제 과다 복용 시) 가장 치명적인 부작용은 심장 부정맥입니다. 곧장 심정지로 이어질 수 있습니다. (슈도에페드린 함유 일반의약품은) 환각 등 오남용 목적으로 쓰이는...,2026-09-23 22:00,https://news.sbs.co.kr/news/endPage.do?news_id=N1008768347&plink=ORI&cooper=NAVER,https://n.news.naver.com/mnews/article/055/0001390762?sid=102
고려대학교,한스경제,"한국 남자 3대3 농구, 나고야 아시안게임 8강 직행","지난 4월 FIBA 3대3 아시아컵 준우승을 합작했던 이주영, 김승우(이상 연세대), 이동근(고려대), 구민교(성균관대)가 다시 손을 맞잡아 강력한 우승 후보로 평가받는다. 대표팀은 지난달 FIBA 유스 네이션스리그 종합...",2026-09-23 22:00,http://www.hansbiz.co.kr/news/articleView.html?idxno=867955,http://www.hansbiz.co.kr/news/articleView.html?idxno=867955
고려대학교,SBS,"'3전 전승' 남자 3대3 농구, 조 1위로 8강행","특히 올해 4월 국제농구연맹(FIBA) 3대3 아시아컵 준우승을 합작한 이주영, 김승우(이상 연세대), 이동근(고려대), 구민교(성균관대)가 그대로 호흡을 맞추고 있어 강력한 메달 후보로 점쳐집니다. 이들은 지난달 FIBA...",2026-09-23 21:59,https://news.sbs.co.kr/news/endPage.do?news_id=N1008768415&plink=ORI&cooper=NAVER,https://n.news.naver.com/mnews/article/055/0001390760?sid=104
연세대학교,SBS,"'3전 전승' 남자 3대3 농구, 조 1위로 8강행","특히 올해 4월 국제농구연맹(FIBA) 3대3 아시아컵 준우승을 합작한 이주영, 김승우(이상 연세대), 이동근(고려대), 구민교(성균관대)가 그대로 호흡을 맞추고 있어 강력한 메달 후보로 점쳐집니다. 이들은 지난달 FIBA...",2026-09-23 21:59,https://news.sbs.co.kr/news/endPage.do?news_id=N1008768415&plink=ORI&cooper=NAVER,https://n.news.naver.com/mnews/article/055/0001390760?sid=104
연세대학교,HELLOT,"루닛 스코프 활용 난치암 연구, 세계 최고 권위 'Nature Medicine' 게재","이번 논문은 연세대학교 의과대학 이충근 교수 연구팀이 주도한 HER2 양성 진행성 담도암 1차 치료 임상시험 결과로, 루닛 연구진이 공동저자로 참여해 AI 기반 전체 슬라이드 이미지(WSI) 분석과 바이오마커 분석을...",2026-09-23 21:58,https://www.hellot.net/news/article.html?no=115115,https://www.hellot.net/news/article.html?no=115115
서울대학교,영남일보,"K-로봇, 유럽시장 진출 본격화…체코에 협력거점 개소","지난 21일(현지시각) 체코 프라하 공과대학교 산하 연구소에서 열린 '한-체코 첨단로봇산업 협력센터... 한국전자기술연구원, 서울대, 화승알앤에이, 한국로봇산업진흥원과 프라하공대는 AI 기반 로봇 운영...",2026-09-23 21:56,https://www.yeongnam.com/web/view.php?key=20260923021000424,https://www.yeongnam.com/web/view.php?key=20260923021000424
연세대학교,KBS,말랑이·왁뿌볼 일부 제품서 유해 물질…전자레인지 ‘금물’,"[윤진하/연세대 의대 예방의학교실 교수 : ""프탈레이트는 갖고 놀면 안 되고 손으로 만져서도 안 돼요. 손을 씻는다고 되는 게 아니에요. 이건 (피부에) 흡수가 돼요.""] 촉감을 더 부드럽게 하려고 전자레인지로 데우는 것도...",2026-09-23 21:56,https://news.kbs.co.kr/news/pc/view/view.do?ncd=8670673&ref=A,https://n.news.naver.com/mnews/article/056/0012262625?sid=101
고려대학교,KBS,새 예인선도 ‘예외’…원양 예인선 안전 사각,"[김인현/고려대학교 명예교수/해상법 전공 : ""선박안전법에 그런 내용이 들어가서 반드시 장치해야 한다고 해야 선주한테 의무가 부과되는 거죠. 해양수산부의 몫이죠.""] 해양수산부는 이번 사고를 계기로 기존 예인선은...",2026-09-23 21:54,https://news.kbs.co.kr/news/pc/view/view.do?ncd=8670668&ref=A,https://n.news.naver.com/mnews/article/056/0012262615?sid=102
연세대학교,KOREAREPORT,"현대해상, 청년 현장 경험 기록하는 '프로젝트 트레일마크' 공개","염재호 태재대학교 총장, 장용석 연세대학교 교수, 엄윤미 아산나눔재단 이사장, 김성준 국민대학교 교수, 서현선 루트임팩트 이사, 정진우 ACG 컨설팅 대표 등 6명이 참여한다. 현대해상은 청년의 활동 기록을 기업이 채용...",2026-09-23 21:48,https://www.koreareport.co.kr/news/articleView.html?idxno=53230,https://www.koreareport.co.kr/news/articleView.html?idxno=53230
서울대학교,스포츠경향,샤로수길 공실상가가 전시장으로! ‘새삶스런 예술 전파사’ 팝업 전시...,서울문화재단 자치구협력형 문화예술교육 지원사업에 3년 연속 선정이된 지역 기반 창작교육 프로그램이... 이번 프로그램은 서울대학교 문화예술원과 기획 단계부터 협력해 지역 주민의 창작 활동과 대학의 문화예술...,2026-09-23 21:32,https://sports.khan.co.kr/article/202609232131003?pt=nv,https://n.news.naver.com/mnews/article/144/0001140191?sid=103
연세대학교,연합뉴스,"[아시안게임] '3전 전승' 남자 3대3 농구, 조 1위로 8강 직행","특히 올해 4월 국제농구연맹(FIBA) 3대3 아시아컵 준우승을 합작한 이주영, 김승우(이상 연세대), 이동근(고려대), 구민교(성균관대)가 그대로 호흡을 맞추고 있어 강력한 메달 후보로 점쳐진다. 이들은 지난달 FIBA...",2026-09-23 21:26,https://www.yna.co.kr/view/AKR20260923194800007?input=1195m,https://n.news.naver.com/mnews/article/001/0016333973?sid=104
고려대학교,연합뉴스,"[아시안게임] '3전 전승' 남자 3대3 농구, 조 1위로 8강 직행","특히 올해 4월 국제농구연맹(FIBA) 3대3 아시아컵 준우승을 합작한 이주영, 김승우(이상 연세대), 이동근(고려대), 구민교(성균관대)가 그대로 호흡을 맞추고 있어 강력한 메달 후보로 점쳐진다. 이들은 지난달 FIBA...",2026-09-23 21:26,https://www.yna.co.kr/view/AKR20260923194800007?input=1195m,https://n.news.naver.com/mnews/article/001/0016333973?sid=104
고려대학교,SBS,"""임명권이 최우선"" vs ""거부 사유 밝혔어야""","[차진아/고려대 로스쿨 교수 : 구체적인 사유를 들어줘야, 그러면 이 사람이 왜 적합하지 않은가 하는 것을 알 수 있지 않겠습니까? 그래야 다른 적합한 사람을 재제청 할 수가 있게 되겠죠.] 전문가들은 이번 갈등이 교착...",2026-09-23 21:23,https://news.sbs.co.kr/news/endPage.do?news_id=N1008768332&plink=ORI&cooper=NAVER,https://n.news.naver.com/mnews/article/055/0001390749?sid=102
서울대학교,세계일보,[사이언스프리즘] 내 편일수록 가차 없이 검증하라,서울대 법대 교수이자 진보·개혁 진영의 대표적 아이콘이었던 그는 문재인정부의 핵심 개혁 과제를 이끌 적임자로 꼽혔다. 그러나 자녀 입시 비리와 논문 저자 등재 등 이른바 ‘부모 찬스’ 의혹이 불거졌을 때 초기 검증...,2026-09-23 21:22,https://www.segye.com/newsView/20260923510526?OutUrl=naver,https://n.news.naver.com/mnews/article/022/0004161429?sid=110
연세대학교,세계일보,"[김형배의공정과효율] 정원과 정글 사이, 경제분석의 섬세한 손",김형배 법무법인 율촌 고문 연세대 법무·경제대학원 겸임교수 그러나 시야를 넓히면 다른 그림이 보인다. 중간재 가격이 오르면 이를 사들이는 대기업의 원가가 올라간다. 대기업은 처음엔 비용 상승을 흡수하려 애쓸...,2026-09-23 21:21,https://www.segye.com/newsView/20260923510523?OutUrl=naver,https://n.news.naver.com/mnews/article/022/0004161426?sid=110
고려대학교,POLINEWS,"[베스트단체장 인터뷰] 최대호 안양시장② ""새로운 대한민국이 펼쳐지는...","* 최대호 시장은 1958년 전남 해남 출신으로 연세대학교 문학사, 한국방송통신대학교 경제학사, 고려대학교 교육대학원 교육학 석사, 동 대학원 박사 학위를 받았다. 2010년 제5회 전국동시지방선거에서 안양시장에 처음...",2026-09-23 21:16,https://www.polinews.co.kr/news/articleView.html?idxno=744016,https://www.polinews.co.kr/news/articleView.html?idxno=744016
서울대학교,POLINEWS,"[베스트단체장 인터뷰] 최대호 안양시장② ""새로운 대한민국이 펼쳐지는...","인텐스퀘어, 서울대 연계 AI 융합 혁신 클러스터 등을 기반으로 미래 먹거리와 청년 일자리를 창출한다는... * 최대호 시장은 1958년 전남 해남 출신으로 연세대학교 문학사, 한국방송통신대학교 경제학사, 고려대학교...",2026-09-23 21:16,https://www.polinews.co.kr/news/articleView.html?idxno=744016,https://www.polinews.co.kr/news/articleView.html?idxno=744016
연세대학교,POLINEWS,"[베스트단체장 인터뷰] 최대호 안양시장② ""새로운 대한민국이 펼쳐지는...","* 최대호 시장은 1958년 전남 해남 출신으로 연세대학교 문학사, 한국방송통신대학교 경제학사, 고려대학교 교육대학원 교육학 석사, 동 대학원 박사 학위를 받았다. 2010년 제5회 전국동시지방선거에서 안양시장에 처음...",2026-09-23 21:16,https://www.polinews.co.kr/news/articleView.html?idxno=744016,https://www.polinews.co.kr/news/articleView.html?idxno=744016
고려대학교,메디컬월드뉴스,"[9월 23일 병원계 이모저모①]고려대구로, 서울대어린이, 서울성모, 원자...","이날 기공식에는 학교법인 고려중앙학원 김재호 이사장, 고려대학교 김동원 총장, 윤을식 의무부총장 겸 의료원장, 편성범 의과대학장, 한승범 안암병원장, 민병욱 구로병원장, 서동훈 안산병원장, 전임 의무부총장 및...",2026-09-23 21:10,https://medicalworldnews.co.kr/news/view.php?idx=1510977430,https://medicalworldnews.co.kr/news/view.php?idx=1510977430
서울대학교,메디컬월드뉴스,"[9월 23일 병원계 이모저모①]고려대구로, 서울대어린이, 서울성모, 원자...","◆고려대구로병원, 새암병원 기공식 개최…2029년 말 완공 목표 고려대학교 구로병원(병원장 민병욱)이 지난... ◆서울대어린이병원, ‘제16회 척수이형성증 공개강좌’ 개최 서울대어린이병원 척수이형성증 클리닉팀이...",2026-09-23 21:10,https://medicalworldnews.co.kr/news/view.php?idx=1510977430,https://medicalworldnews.co.kr/news/view.php?idx=1510977430
고려대학교,뉴시스,"3대3 농구, 남녀 동반 8강 직행…조별리그 3전 전승(종합)[나고야AG]","배 감독은 구민교(성균관대), 김승우, 이주영(이상 연세대), 이동근(고려대) 등 대학생 선수들로 이번 대회에 참가했다. 이날 싱가포르전에선 이동근이 7점 3리바운드, 이주영이 5점 4리바운드를 기록하며 맹활약했다....",2026-09-23 21:09,https://www.newsis.com/view/NISX20260923_0003802700,https://n.news.naver.com/mnews/article/003/0014211710?sid=104
연세대학교,뉴시스,"3대3 농구, 남녀 동반 8강 직행…조별리그 3전 전승(종합)[나고야AG]","배 감독은 구민교(성균관대), 김승우, 이주영(이상 연세대), 이동근(고려대) 등 대학생 선수들로 이번 대회에 참가했다. 이날 싱가포르전에선 이동근이 7점 3리바운드, 이주영이 5점 4리바운드를 기록하며 맹활약했다....",2026-09-23 21:09,https://www.newsis.com/view/NISX20260923_0003802700,https://n.news.naver.com/mnews/article/003/0014211710?sid=104
서울대학교,NTODAY,[완벽한 날들⑤｜조시형의 여정] 암 진단 뒤 찾아온 해방감…병원복 벗...,"서울대학교 심리학 연구진이 정리한 '한국어 감정단어'를 토대로, 인터뷰이가 자신의 경험을 가장 잘 나타낸다고 직접 선택한 감정단어를 따라 이들이 암을 마주하고 치료를 견디며 겪은 내면의 변화를 살펴본다. 이와 함께...",2026-09-23 21:06,https://www.ntoday.co.kr/news/articleView.html?idxno=129341,https://www.ntoday.co.kr/news/articleView.html?idxno=129341
서울대학교,MBCEG,"인류 '보편적 이동권' 위해 자율주행 차량으로 지구 15바퀴, 'SUM' 분석",경기도 시흥시에 위치한 서울대학교 시흥캠퍼스 미래모빌리티동. 취재진이 방문한 날 자율주행 전문업체 'SUM' 회사의 직원들이 직접 대형 버스부터 승합차량까지 다양한 차량을 자율주행 차량으로 개조하는 작업에...,2026-09-23 20:32,https://www.mbceg.co.kr/post/140433,https://www.mbceg.co.kr/post/140433
고려대학교,스포티비뉴스,'깜짝 은메달' 박지희 연필 대신 칼 잡은 사연 “얘 공부 못하니까 운동...,"박지희는 “아빠가 서울대, 고려대 같은 곳에 가야 한다고 하실 때 감독님이 제 1학기 성적표를 아빠에게 보여드렸다”며 “‘얘 공부 못하니까 운동해야 한다’고 하셨다. 그때부터 바로 펜싱장으로 향했다”고 웃었다....",2026-09-23 20:29,https://www.spotvnews.co.kr/news/articleView.html?idxno=1009266,https://m.sports.naver.com/general/article/477/0000629650
서울대학교,스포티비뉴스,'깜짝 은메달' 박지희 연필 대신 칼 잡은 사연 “얘 공부 못하니까 운동...,"박지희는 “아빠가 서울대, 고려대 같은 곳에 가야 한다고 하실 때 감독님이 제 1학기 성적표를 아빠에게 보여드렸다”며 “‘얘 공부 못하니까 운동해야 한다’고 하셨다. 그때부터 바로 펜싱장으로 향했다”고 웃었다....",2026-09-23 20:29,https://www.spotvnews.co.kr/news/articleView.html?idxno=1009266,https://m.sports.naver.com/general/article/477/0000629650
서울대학교,톱스타뉴스,"신슬기, 붉은 레인부츠와 농장 일상…자연 속 근황","여담으로는 예원학교와 서울예술고등학교에서 음악을 전공하고, 서울대학교 음악대학 기악과 피아노 전공으로 학사를 취득한 이력이 알려져 있다. 서울대학교 후기 학위수여식에 참석해 졸업한 뒤에는 영화 '거미집...",2026-09-23 20:22,https://www.topstarnews.net/news/articleView.html?idxno=16209830,https://www.topstarnews.net/news/articleView.html?idxno=16209830
서울대학교,E-PLATFORM,에너지기술연구원 정학근 원장 취임… 탄소중립 기술 도약 이끈다,"정학근 원장은 전남대학교에서 1996년 전기공학 학사, GIST에서 1998년 메카트로닉스공학 석사, 서울대학교에서 2013년 기계항공공학 박사 학위를 취득했다. 지난 1998년 에너지연에 입사한 이후 에너지효율연구본부장을...",2026-09-23 20:22,http://www.e-platform.net/news/articleView.html?idxno=105681,http://www.e-platform.net/news/articleView.html?idxno=105681
서울대학교,FTODAY,"안 보이는 걸 보고 안 들리는 걸 듣는 법, 답은 현미경과 제미나이","이 작가는 23일 오후 서울 종로구 당 갤러리에서 열린 언론공개회에서 ""2021년 사비나미술관에서... 당시 그는 '생기를 그 코에 불어넣다The Breath of Life'전에서 서울대학교 생명과학 연구소와 협력해 자신의 DNA 염기 서열...",2026-09-23 20:22,http://www.ftoday.co.kr/news/articleView.html?idxno=366075,http://www.ftoday.co.kr/news/articleView.html?idxno=366075
고려대학교,머니투데이,비싼 AI 모델이면 다 좋을까…대학생 창업팀이 찾은 '가성비' 해법,앱토는 고려대 컴퓨터학과에 재학 중인 강동혁 대표를 비롯한 대학생 3명이 'AI·SW(소프트웨어) 마에스트로' 17기 과정에서 창업했다. 세 사람은 AI 서비스를 개발하며 모델을 고를 근거가 성능 점수뿐이라는 한계에...,2026-09-23 20:15,https://www.mt.co.kr/future/2026/09/23/2026092316470562301,https://n.news.naver.com/mnews/article/008/0005418037?sid=101
서울대학교,글로벌경제신문,"경기도서관, 청년 '관계 형성' 프로젝트... 성격별 맞춤 콘텐츠 '명랑한...",'명랑한 은둔자' 프로그램은 29일 김은영 서울대학교 의과대학 정신과 전문의와 고립·은둔 청년이 참여하는 온라인 강연으로 시작한다. 이후 10월 매주 화요일에는 감정과 경험을 표현하는 글쓰기 온라인 교육이...,2026-09-23 20:06,https://www.getnews.co.kr/news/articleView.html?idxno=881754,https://www.getnews.co.kr/news/articleView.html?idxno=881754
고려대학교,SAFETYNEWS,과일 식중독균 99.999% 줄이는 천연 세척법 개발,"김예진 고려대 이민석 교수 연구실 석사과정생은 ""소비자들이 화학물질에 대한 거부감을 가질 수 있다는 점을 고려해 식품에 사용해도 문제가 없는 것으로 인증된 물질을 바탕으로 세척 조성물을 개발했다""며...",2026-09-23 19:58,https://www.safetynews.co.kr/news/articleView.html?idxno=250735,https://www.safetynews.co.kr/news/articleView.html?idxno=250735
서울대학교,OSEN,"'건물주 딸' 신슬기, 아기 돼지보다 더 깜찍한 미소는 무엇","한편 신슬기는 넷플릭스 연애 예능 '솔로지옥2'에 출연하며 얼굴을 알렸으며, 서울대 피아노 전공에다 부친은 한 성형외과 원장으로, 건물 매매가가 1,000억이 넘는 것으로 알려졌다. 또한 신슬기는 이후 배우 데뷔를...",2026-09-23 19:55,http://www.osen.co.kr/article/G1112880853,https://m.entertain.naver.com/article/109/0005611730
서울대학교,이데일리,[미리보는 이데일리 신문]부동산 정책 낙제점…66% “집값 안 잡힐 것”,"△1면 -부동산 정책 낙제점…66% “집값 안 잡힐 것” -‘서울대 10개’ 성공 열쇠 “기업인을 강단에... 증가 -서울숲 인근에 49층 주상복합 건립 △증권 -외풍 견뎌낸 삼성닉스, 조정때 나눠 담아라 -“기관자금 운용...",2026-09-23 19:53,https://www.edaily.co.kr/News/Read?newsId=04772406645583072&mediaCodeNo=257&utm_source=naver&utm_medium=referral&utm_campaign=news_syndication&utm_content=original_article,https://n.news.naver.com/mnews/article/018/0006375156?sid=102
고려대학교,K-HEALTH,"우리아이들병원, 추석 맞아 지역사회 온기 선물…꽃송이버섯 120박스 기...",고려대학교의료원 교류협력 우리아이들의료재단 우리아이들병원은 추석을 맞아 지역사회와 따뜻한 마음을 나누기 위해 구로구 관내 기관에 꽃송이버섯 120박스를 기부했다고 밝혔다. 우리아이들의료재단 정성관...,2026-09-23 19:50,https://www.k-health.com/news/articleView.html?idxno=101354,https://www.k-health.com/news/articleView.html?idxno=101354
연세대학교,아주경제,"""불법정보 관리 책임을 플랫폼에""…국회서 한국형 온라인안전법 논의 진...","상윤모 연세대 언론홍보영상학부 교수는 디지털 성범죄물, 혐오 표현, 마약 관련 불법 정보가 폭증하고 있는 가운데 현행 정보통신망법상으로 대응하기 어려워지고 있다고 설명했다. 상 교수는 ""지난 2013년에서 2022년 사이...",2026-09-23 19:36,https://www.ajunews.com/view/20260923155301113,https://www.ajunews.com/view/20260923155301113
서울대학교,조선일보,"깜짝 銀 박지희 “공부 잘하는 줄 알고 운동 말렸던 아빠, 성적표 보시...","“아빠가 서울대, 고대 이런 데 가야 한다고 할 때 감독님이 1학기 성적표를 아빠에게 보여드렸다. 그때부터 바로 펜싱장으로 향하게 됐다”며 웃었다. 세계 랭킹 23위 박지희는 23일 아이치 나고야 아시안게임 여자...",2026-09-23 19:34,https://www.chosun.com/sports/sports_special/2026/09/23/VRSUSFNBERD3PIGMI7JKNILIII/?utm_source=naver&utm_medium=referral&utm_campaign=naver-news,https://n.news.naver.com/mnews/article/023/0004000134?sid=104
연세대학교,GOODNEWS1,"교회도 AI 시대…어디까지, 어떻게 활용할 것인가","정대경 연세대 교수는 AI가 목회자의 관계적·종교적 역할까지 대신하는 방향으로 활용될 경우 신앙의 의미가 훼손될 수 있다고 우려했다. 정 교수는 ""인공지능에게 관계적인, 종교적인 역할과 기능들을...",2026-09-23 19:30,https://www.goodnews1.com/news/articleView.html?idxno=464562,https://www.goodnews1.com/news/articleView.html?idxno=464562
연세대학교,INCHEONILBO,하종목 신임 경기도 행정1부지사 28일 취임,23일 인천일보 취재를 종합하면 1971년생인 하 신임 부지사는 경남 거창 출신으로 부산 동천고와 연세대학교 행정학과를 졸업했다. 제42회 행정고시에 합격해 1999년 공직에 입문했으며 경남도 기획조정실장과 창원시...,2026-09-23 19:28,https://www.incheonilbo.com/news/articleView.html?idxno=1332824,https://www.incheonilbo.com/news/articleView.html?idxno=1332824
연세대학교,국제뉴스,"한국문화예술위원회·일본 문화청, '아시안 아트 라운드테이블' 서울 개...","한병철, 나카지마 다카히로(도쿄대 동양문화연구소 교수), 김현미(연세대학교 문화인류학과 교수)가 기조강연을 맡는다. 이어 AAR 참여 큐레이터들이 공동체, 영성, 이주에 관한 연구 결과를 발표하고, 각 지역의...",2026-09-23 19:18,https://www.gukjenews.com/news/articleView.html?idxno=3705018,https://www.gukjenews.com/news/articleView.html?idxno=3705018
서울대학교,SAFETIMES,"한국씨티은행, 차기 행장에 '김경호' 기업금융그룹 부행장 단독 추천",1968년생인 김 부행장은 서울대 국제경제학과를 졸업하고 미국 매사추세츠공대(MIT) 슬론경영대학원에서 MBA를 취득했다. 2001년 한국씨티은행에 입행한 뒤 대기업금융부장과 금융기관본부장 등을 지냈다. 2021년...,2026-09-23 19:16,https://www.safetimes.co.kr/news/articleView.html?idxno=245998,https://www.safetimes.co.kr/news/articleView.html?idxno=245998
연세대학교,중부일보,"'지방재정통' 하종목, 경기도 행정1부지사로…28일 취임","1971년생인 하 신임 부지사는 연세대학교 행정학과를 졸업하고 제42회 행정고시에 합격해 공직에 입문했다. 행정안전부에서 지방재정국장과 차세대지방재정세입정보화추진단장, 예방정책국장 등 주요 보직을 거쳤으며...",2026-09-23 19:00,https://www.joongboo.com/news/articleView.html?idxno=363737697,https://www.joongboo.com/news/articleView.html?idxno=363737697
고려대학교,SBS Biz,[집중진단] 반도체는 속도전인데 ‘주52시간’에 발목 잡혔다…‘민노...,"■ 경제현장 오늘 '집중진단' - 윤동열 건국대 경영학과 교수, 안종기 고려대 노동문제연구소 연구교수 주요... 윤동열 건국대 경영학과 교수, 안종기 고려대 노동문제연구소 연구교수 모셨습니다. Q. 정부가 호남 반도체...",2026-09-23 18:48,https://biz.sbs.co.kr/article_hub/20000335938?division=NAVER,https://n.news.naver.com/mnews/article/374/0000534666?sid=101
서울대학교,INCHEONILBO,인천시 행정부시장에 김성중 부지사 임명…3개월여 공백 해소,김 부시장은 연세대 행정학과를 졸업하고 서울대에서 행정학 석사 학위를 받았다. 1995년 제39회 행정고시에... 서울대를 졸업한 지 과장은 대통령비서실 국정상황실 근무를 거쳐 행안부 자연재난대응과장 등을 맡았다. 시...,2026-09-23 18:46,https://www.incheonilbo.com/news/articleView.html?idxno=1332822,https://www.incheonilbo.com/news/articleView.html?idxno=1332822
연세대학교,INCHEONILBO,인천시 행정부시장에 김성중 부지사 임명…3개월여 공백 해소,"김 부시장은 연세대 행정학과를 졸업하고 서울대에서 행정학 석사 학위를 받았다. 1995년 제39회 행정고시에 합격한 그는 공직에 입문해 행정자치부 기획재정담당관, 대통령비서실 인사비서관실 선임행정관, 행정안전부...",2026-09-23 18:46,https://www.incheonilbo.com/news/articleView.html?idxno=1332822,https://www.incheonilbo.com/news/articleView.html?idxno=1332822
서울대학교,헤럴드경제,“직장은 구했냐” 친척들의 오지랖…‘부산까지 만원’ 반값 대학 버스...,"서울대에서 대구까지 향하는 우등버스 요금은 9800원, 부산행 일반버스는 1만200원 수준 등으로 책정됐다. 서울 경부 고속버스터미널 출발 기준 이용 가격보다 최대 절반가량 싸다. 연휴마다 반복되는 KTX ‘귀성 표 구하기...",2026-09-23 18:46,https://biz.heraldcorp.com/article/10883794?ref=naver,https://n.news.naver.com/mnews/article/016/0002701520?sid=102
연세대학교,엑스포츠뉴스,"'대림그룹 4세' 이주영, 연세대 교환학생 됐다…지성까지 완벽 [★해시...","여기에 길게 늘어뜨린 머리와 생기 있는 메이크업으로 상큼한 대학생 분위기를 더했다. 이주영은 현재 조지타운대학교 로스쿨에서 법학을 전공하고 있으며, 교환학생으로 연세대학교 로스쿨에서 수학 중인 것으로 보인다....",2026-09-23 18:37,https://www.xportsnews.com/article/2199512,https://m.entertain.naver.com/article/311/0002060808
서울대학교,POLINEWS,"입는 로봇, 렌털 타고 일상으로…코웨이가 바꾸는 웨어러블 시장","박주연 서울대학교 의류학과 교수는 ""웨어러블 로봇을 실제로 활용하기 위해서는 '웨어러빌리티'라는... 서울대 기계공학과 조규진 교수도 박 교수의 연구를 두고 ""공학자들이 개념 설계한 웨어러블 로봇을 의류학 지식을...",2026-09-23 18:32,https://www.polinews.co.kr/news/articleView.html?idxno=744002,https://www.polinews.co.kr/news/articleView.html?idxno=744002
연세대학교,GAMEVU,"[e스포츠 종합] 컴투스, SWC2026 유럽 컵 개최 소식 외","'사이버 정기전'은 연세대학교와 고려대학교 학생들이 e스포츠를 통해 교류하는 대학 친선 대회다. 올해는 연세대학교 e스포츠 동아리 '연겜'과 고려대학교 게임 동아리 '디럭스(DELUXE)'가 주최하고, GGA가...",2026-09-23 18:24,https://www.gamevu.co.kr/news/articleView.html?idxno=61037,https://www.gamevu.co.kr/news/articleView.html?idxno=61037
고려대학교,GAMEVU,"[e스포츠 종합] 컴투스, SWC2026 유럽 컵 개최 소식 외","'사이버 정기전'은 연세대학교와 고려대학교 학생들이 e스포츠를 통해 교류하는 대학 친선 대회다. 올해는 연세대학교 e스포츠 동아리 '연겜'과 고려대학교 게임 동아리 '디럭스(DELUXE)'가 주최하고, GGA가...",2026-09-23 18:24,https://www.gamevu.co.kr/news/articleView.html?idxno=61037,https://www.gamevu.co.kr/news/articleView.html?idxno=61037
연세대학교,IFM,인천시 행정부시장 4개월 공백 해소...김성중 28일 취임,김 부지사는 1967년 제주 출생으로 연세대 행정학과를 졸업하고 서울대 행정대학원에서 행정학 석사 학위를 받았다. 영국 엑서터대학교에서도 공공행정학 석사 과정을 마쳤다. 공직에서는 행정자치부 장관 비서실장을...,2026-09-23 18:22,https://news.ifm.kr/news/articleView.html?idxno=480161,https://news.ifm.kr/news/articleView.html?idxno=480161
서울대학교,IFM,인천시 행정부시장 4개월 공백 해소...김성중 28일 취임,김 부지사는 1967년 제주 출생으로 연세대 행정학과를 졸업하고 서울대 행정대학원에서 행정학 석사 학위를 받았다. 영국 엑서터대학교에서도 공공행정학 석사 과정을 마쳤다. 공직에서는 행정자치부 장관 비서실장을...,2026-09-23 18:22,https://news.ifm.kr/news/articleView.html?idxno=480161,https://news.ifm.kr/news/articleView.html?idxno=480161
연세대학교,JOSEILBO,에스컬레이터 ‘두줄 서기’ 캠페인 접는다…“걷거나 뛰지 마세요”,행정안전부는 지난달 29일 연세대 백양누리에서 국민 200여 명과 전문가가 참여한 가운데 열린 '에스컬레이터 안전 이용 문화 개선' 모두의 토론회 결과를 토대로 이 같은 후속 조치를 추진한다고 23일 밝혔다. 이에 따라...,2026-09-23 18:21,http://www.joseilbo.com/news/news_read.php?uid=576316&class=33&grp=,https://n.news.naver.com/mnews/article/123/0002390808?sid=102
연세대학교,IBABYNEWS,"[건강뉴스] 음식은 적당히, 산책은 틈틈이… 추석연휴 건강수칙은? 外","연세대학교 치과대학 최성환 교정과학교실 교수, 차재국 치주과학교실 교수, 만갈 웃커시 구강생물학교실 교수와 연세대 화공생명공학과 홍진기 교수, 미국 매사추세츠공과대학교(MIT) 기계공학과 조반니 트라베르소...",2026-09-23 18:20,https://www.ibabynews.com/news/articleView.html?idxno=154759,https://www.ibabynews.com/news/articleView.html?idxno=154759
연세대학교,경기일보,"경기도 행정1부지사, 하종목 행안부 예방정책국장 28일자 임명","도에 따르면 1971년생인 하종목 신임 행정1부지사는 경남도 거창 출신으로 부산 동천고와 연세대 행정학과를 졸업했다. 행시 42회 출신으로 경남도 기획조정실장, 창원시 제1부시장, 행안부 지방재정국장 등을 역임했다....",2026-09-23 18:20,https://www.kyeonggi.com/article/20260923580356,https://n.news.naver.com/mnews/article/666/0000124769?sid=102
고려대학교,DATANET,"앱토, AI 비용 지출 폭주 방지 서비스 출시",앱토는 고려대 컴퓨터학과에 재학 중인 강동혁 대표 등 대학생 3명이 창업한 팀이다. 과학기술정보통신부와 정보통신기획평가원이 주관하는 AI·SW 마에스트로 17기 과정에서 AI 서비스를 개발하다 모델을 고를 근거가...,2026-09-23 18:16,https://www.datanet.co.kr/news/articleView.html?idxno=214704,https://www.datanet.co.kr/news/articleView.html?idxno=214704
연세대학교,국민일보,대학 문 활짝 열고 시민과 문화로 만난다…제1회 연세아트위크,원주 시민과 대학 구성원이 함께 즐기는 개방형 문화예술축제 ‘연세아트위크(Yonsei Arts Week)’가 오는 28일부터 다음 달5일까지 연세대학교 미래캠퍼스에서 열린다. 올해 처음 열리는 연세아트위크는 대학이 보유한 문화...,2026-09-23 18:07,https://www.kmib.co.kr/article/view.asp?arcid=9000016989&cp=nv,https://n.news.naver.com/mnews/article/005/0001874846?sid=102
서울대학교,서울경제TV,"세종시, ‘AI행정 전문가’ 배일권 부시장 28일 취임","1972년생으로 서울대 사회학과를 졸업하고 서울대와 미국 시라큐스대 대학원에서 행정학 석사학위를 받았다. 제42회 행정고시에 합격해 1999년 공직에 입문했으며, 행안부 글로벌전자정부과장과 혁신기획과장...",2026-09-23 18:06,https://www.sentv.co.kr/article/view/sentv202609230164,https://www.sentv.co.kr/article/view/sentv202609230164
고려대학교,더퍼블릭,"이정현 검찰총장 대행 첫 출근길 ""공소취소, 진상조사 결과 봐야""...서정...",이 차장은 1968년 전남 나주에서 태어나 나주 영산포상업고와 고려대 법학과를 졸업했다. 1995년 사법시험에 합격해 사법연수원 27기를 수료했다. 2018년 광주지검 부장검사 시절 전두환 전 대통령을 5·18 민주화운동 관련...,2026-09-23 18:04,https://www.thepublic.kr/news/articleView.html?idxno=319924,https://www.thepublic.kr/news/articleView.html?idxno=319924
고려대학교,NEWSCLAIM,[롯데 인사 전망]② 사장 아래 139명 승진 그 후… 임재철은 이사회 의장...,인하대 컴퓨터공학과를 졸업하고 고려대에서 인공지능 석사를 받은 오 상무보는 GIST 박사과정을 밟아왔다.... 고려대 국어국문학과를 나온 1979년생 신길선 상무보는 타임빌라스 수원점을 이끌고 있다. 같은 해 태어나...,2026-09-23 18:02,https://www.newsclaim.co.kr/news/articleView.html?idxno=3076434,https://www.newsclaim.co.kr/news/articleView.html?idxno=3076434
서울대학교,국제신문,"[사설] 부산대·부산교대 통합, 구체적 로드맵부터 마련하라",‘서울대 10개 만들기’ ‘지방 국립대 등록금 면제’ 등 중앙정부의 정책적 지원이 이어지고 있다. 이 기회를 확실하게 잡아 부산대가 거점 대학으로 발돋움하려면 부산교대와의 통합이 매끄럽게 완성되어야 한다. 두...,2026-09-23 18:02,http://www.kookje.co.kr/news2011/asp/newsbody.asp?code=1700&key=20260924.22019008278,https://n.news.naver.com/mnews/article/658/0000156532?sid=110
연세대학교,NEWSCLAIM,[롯데 인사 전망]② 사장 아래 139명 승진 그 후… 임재철은 이사회 의장...,1972년생인 추 대표는 연세대 체육교육학과를 졸업하고 GS리테일에서 상품과 유통 업무를 경험했다. 이후... 1974년생으로 연세대에서 화학공학 석사 학위를 받은 이 상무는 PC마케팅부문장을 맡고 있다. 첨단소재는 올해...,2026-09-23 18:02,https://www.newsclaim.co.kr/news/articleView.html?idxno=3076434,https://www.newsclaim.co.kr/news/articleView.html?idxno=3076434
서울대학교,신동아,"역사가 된 호텔, 네덜란드 헤이그 이준열사기념관을 가다",서울에서 출발해 부산항에서 배를 타고 러시아 블라디보스토크에 도착해 그곳에서 이상설을 만나 함께... 서울대 총동창회가 서울대 법과대의 모태인 한성법관양성소 제1회 졸업생으로 대한제국의 독립과 세계평화를...,2026-09-23 18:01,https://shindonga.donga.com/3/all/13/6392014/1,https://n.news.naver.com/mnews/article/262/0000019714?sid=102
고려대학교,지디넷코리아,"김수영 고려대 교수, NRF 나노·소재단장에","석, 박사 학위 및 박사후과정을 모두 동 대학원에서 획득하고 수행했다. 또 미국 조지아공과대학교에서 화학 전공으로 박사후과정을 수행했다. 중앙대 화학공학과 교수를 거쳐 2019년부터 고려대 교수로 재직해왔다.",2026-09-23 17:59,https://zdnet.co.kr/view/?no=20260923172340,https://n.news.naver.com/mnews/article/092/0002438677?sid=105
서울대학교,뉴스1,한일월드컵 전 '화장실 문화 개선 운동'…신중식 전 의원 별세,1940년 전남 고흥에서 태어난 고인은 경기고와 서울대 정치외교학과를 졸업했다. 중앙일보·한국일보... 빈소는 서울성모병원 장례식장 22호실(24일 오전 9시부터 21호실로 이동)에 마련했다. 발인은 25일 오전 6시...,2026-09-23 17:55,https://www.news1.kr/politics/general-politics/6300871,https://n.news.naver.com/mnews/article/421/0009189463?sid=102
서울대학교,IDAEGU,"[대구논단] 서울대 10개 만들기의 함정, 진짜 해법은 '교수 교류'","택해서라도 서울행을 택한다. 이런 흐름 속에서 ""서울대를 10개 만들자""는 파격적 제안이 등장했다. 지역거점... 서울 주요 대학 교수진의 상당수가 특정 대학 출신으로 채워지는 '순혈주의' 구조 속에서, 우수한 연구자는...",2026-09-23 17:54,https://www.idaegu.co.kr/news/articleView.html?idxno=560579,https://www.idaegu.co.kr/news/articleView.html?idxno=560579
서울대학교,조선일보,다산의 단간잔묵(斷簡殘墨)〈10〉다산의 선문답식 승려 시교육,"제가 마침 내일 서울 올라갈 일이 있어, 책을 가져갈 테니 제가 묵는 선원으로 오셔서 촬영하세요."" 다음 날... 뿐만 아니라 서울대 규장각에 소장된 신헌(申櫶·1810~1884)의 《금당기주(琴堂記珠)》에도 다산의 불교 관련...",2026-09-23 17:52,https://monthly.chosun.com/news/articleView.html?idxno=71513,https://monthly.chosun.com/news/articleView.html?idxno=71513
고려대학교,국민일보,“중립성 훼손” vs “통제 필요”… 행안부 중수국 검토설 ‘갑론을박...,김상현 고려대 법학전문대학원 교수는 “검찰의 수사기능을 대신할 중수청의 성공 여부는 어느 정도의 중립성·독립성을 확보하느냐에 달려 있다”며 “정치적 외압에서 자유로울 수 없는 행안부가 중수국을 통해 수사를...,2026-09-23 17:51,https://www.kmib.co.kr/article/view.asp?arcid=9000016974&cp=nv,https://n.news.naver.com/mnews/article/005/0001874832?sid=102
고려대학교,톱스타뉴스,"영탁 콘서트 'TAK SHOW5', 서울→부산 일정 보니…대구 공연 예매 언제 ...",서울 공연은 고려대학교 화정체육관에서 열린다. 이어 10월 24일-25일 전주 한국소리문화의전당 야외공연장에서 팬들을 만난다. 11월 28일-29일에는 대구 엑스코에서 공연이 예정돼 있다. 대구 공연 예매는 오는 28일...,2026-09-23 17:50,https://www.topstarnews.net/news/articleView.html?idxno=16209451,https://www.topstarnews.net/news/articleView.html?idxno=16209451
서울대학교,THEREPORT,"대법관 제청 갈등, 결국 헌법재판소로","노태악 전 대법관 후임으로 대법관후보추천위원회는 올해 1월 김민기·박순영 서울고법 고법판사, 윤성식... 서울대 법대 76학번 동문 27명은 성명을 통해 대통령의 임명권은 대법원장이 적법하게 제청한 후보를 대상으로...",2026-09-23 17:50,https://www.thereport.co.kr/news/articleView.html?idxno=91735,https://www.thereport.co.kr/news/articleView.html?idxno=91735
서울대학교,CNB저널,"관악구, '2026 관악S밸리 성장 지원 강연회'가 100여 명의 참여 속에 성...","문화경제 | CNB저널 | 씨앤비저널 서울 관악구(구청장 박준희)가 관내 스타트업과 예비창업자의 실무 역량... 세계적인 창업중심지를 만들고자 하는 정책이다. 'S'는 START‑UP, STAR, 서울대 등 다중적인 의미를 함축하고 있다.",2026-09-23 17:48,https://www.cnbizm.com/news/articleView.html?idxno=316191,https://www.cnbizm.com/news/articleView.html?idxno=316191
서울대학교,JIBS,"'악덕 고용주' 의혹에 국힘 김민수 ""추석 끝나고 법적 조치""","뉴스타파는 해당 기사에서 ""김 최고위원이 창업한 건물 관리·청소 용역업체 태원비엠씨가 서울대학교 어린이병원 청소 노동자들을 탄압해 지난 2014년 국회 국정감사 대상이 됐던 사실이 취재 결과 확인됐다""고...",2026-09-23 17:44,https://www.jibs.co.kr/news/articles/articlesDetail/65810?feed=na,https://n.news.naver.com/mnews/article/661/0000083771?sid=100
연세대학교,후생신보,"노원을지대병원, ‘심혈관 석학’ 장양수 교수 영입","차미래의학연구원 초대원장과 차의과학대학교 의학전문대학원 원장을 역임했으며, 포항공과대학교 생명공학연구센터와 연세대학교 전기전자공학과 겸직교수로 활동하며 의학·생명과학·공학을 접목한 융합연구에도...",2026-09-23 17:44,http://www.whosaeng.com/173969,http://www.whosaeng.com/173969
연세대학교,INTN,"AI 시대 청년 경험 ""스펙 넘어 미래역량으로""…현대해상, 프로젝트 트레...","염재호 태재대학교 총장, 장용석 연세대학교 교수, 엄윤미 아산나눔재단 이사장, 김성준 국민대학교 교수, 서현선 루트임팩트 이사, 정진우 ACG컨설팅 대표가 참여하고 있다. 정경선 현대해상 CSO(최고지속가능책임자)는...",2026-09-23 17:42,http://www.intn.co.kr/news/articleView.html?idxno=2053643,http://www.intn.co.kr/news/articleView.html?idxno=2053643
서울대학교,MBN,한국씨티은행장에 '기업금융통' 김경호 부행장…6년 만에 교체,"김 부행장은 1968년생으로 서울대 국제경제학과, 미국 매사추세츠공대 경영전문대학원(MBA)을 졸업했습니다. 이후 2001년 한국씨티은행에 입행해 금융기업영업본부장 등을 거쳐 2021년부터 기업금융그룹을 이끌어왔고...",2026-09-23 17:42,http://mbnmoney.mbn.co.kr/news/view?news_no=MM1005926619,http://mbnmoney.mbn.co.kr/news/view?news_no=MM1005926619
서울대학교,SLOWNEWS,"'모두의 지하철', 안내표지 붙이는 평범한 일이 누군가의 꿈인 이유",휠체어를 타는 지민이와 가끔 가던 서울고속터미널역 3호선과 7호선 환승 구간에서 리프트가 고장 났다.... 실제로 서울대 보건대학원 김승섭 교수 연구에 따르면 휠체어 이용 보행 장애인은 접근이 안 되는 곳이 많기...,2026-09-23 17:38,https://slownews.kr/163408,https://slownews.kr/163408
고려대학교,SBS Biz,靑-사법부 대법관 제청 정면충돌 갈등...헌법재판소가 판단할까?,"차진아 고려대 로스쿨 교수는 ""대법원장의 제청권이 대통령의 임명권을 구속한다고 볼 수는 없다""며 ""대통령이 대법원장 제청을 거부할 수는 있다""고 설명했습니다. 헌법연구관 출신 김진한 변호사도 ""헌법재판관 임명과...",2026-09-23 17:37,https://biz.sbs.co.kr/article_hub/20000336588?division=NAVER,https://n.news.naver.com/mnews/article/374/0000534652?sid=103
연세대학교,머니투데이,"서울교통공사·4개 대학·에스엘더블유랩, 공공데이터 활용 교육·연구...","서울교통공사와 경기대학교, 동국대학교, 세종대학교, 연세대학교, 에스엘더블유랩이 지하철 공공데이터를... 서울교통공사의 현장 과제에 대학의 교육·연구 역량을 접목해 지하철 이용 과정의 개선 과제를 발굴하고 해결...",2026-09-23 17:36,https://www.mt.co.kr/industry/2026/09/23/2026092312130986703,https://n.news.naver.com/mnews/article/008/0005418008?sid=101
서울대학교,NEWSJEJU,"제주축산농협, 2026년 여성 및 청년 축산인 양성교육 입학식 개최","발현(서울대학교 김현진 연구교수) 등을 주제로 강의가 진행된다. 천창수 조합장은 ""여성 및 청년 축산인 육성을 목표로 약 5주간의 일정으로 축산 기술 전문강의와 한우떡갈비 만들기 행사 등 다채로운 교육 프로그램을...",2026-09-23 17:34,https://www.newsjeju.net/news/articleView.html?idxno=426278,https://www.newsjeju.net/news/articleView.html?idxno=426278
서울대학교,CNB뉴스,"부산대, YK스틸 부지 활용 '푸드테크 클러스터 구축 정책토론회' 개최","부산대학교가 서부산 YK스틸 이전 예정 부지를 활용한 '부산 스마트 푸드포트' 조성과 K-Food 수출 혁신 전략을... 이어 ""'서울대 10개 만들기'가 지향하는 지역과 대학의 동반성장은 이러한 구체적인 현장에서 실현돼야 한다...",2026-09-23 17:32,https://www.cnbnews.com/news/articleView.html?idxno=1017148,https://www.cnbnews.com/news/articleView.html?idxno=1017148
연세대학교,텐아시아,"""사과해"" 요구받은 김호영, 입 열까…90분 동안 관객 앞에서 이야기 나...","김호영은 지난 22일 자신의 인스타그램에 ""우리 11월 29일에 연세대학교 대극장에서 만나요!""라는 문구와 함께 여러 장의 사진을 게재했다. 공개된 사진들 속에는 김호영이 오는 11월 29일 열릴 예정인 자신의 첫 번째...",2026-09-23 17:30,https://www.tenasia.co.kr/article/2026092335184,https://m.entertain.naver.com/article/312/0000777344
고려대학교,뉴스1,"""재제청 근거부터"" 조희대, 靑에 공 넘겼지만…""갈등 근본 해결 요원""","차진아 고려대 법학전문대학원 교수도 ""대통령과 대법원장 중 어느 한쪽이 입장을 철회하지 않는 한 현 교착 상태는 지속될 수밖에 없는 상황""이라며 ""대법관 공석 장기화는 불가피하다""고 진단했다. 제청권과 임명권을...",2026-09-23 17:30,https://www.news1.kr/society/court-prosecution/6300647,https://n.news.naver.com/mnews/article/421/0009189410?sid=102
서울대학교,LEC,제8회 법학경시대회 대상에 정헌욱·김영진…제9회부터 '상시 응시' 전환,"인하대학교 법학전문대학원 재학생과 김영진 KAIST 산업및시스템공학과 재학생이 대상을 받았다. 대상... 이서현(서울대 영어교육과 재학) 등 5명이 받았다. 이 가운데 김OO 학생은 헌법 부문 은상, 이서현 학생은 형법...",2026-09-23 17:26,http://www.lec.co.kr/news/articleView.html?idxno=752771,http://www.lec.co.kr/news/articleView.html?idxno=752771
고려대학교,LEC,제8회 법학경시대회 대상에 정헌욱·김영진…제9회부터 '상시 응시' 전환,"인하대학교 법학전문대학원 재학생과 김영진 KAIST 산업및시스템공학과 재학생이 대상을 받았다. 대상... 우수상은 김OO(고려대 사학과 재학), 이지원(성신여대 법학과 재학), 정다연(한국외대 융합인재학부 재학), 신진우...",2026-09-23 17:26,http://www.lec.co.kr/news/articleView.html?idxno=752771,http://www.lec.co.kr/news/articleView.html?idxno=752771
서울대학교,매일경제,한국씨티은행 수장 교체…김경호 차기 행장 내정,"1968년생인 김 부행장은 서울대 국제경제학과, 미국 매사추세츠공대 경영전문대학원(MBA)을 졸업했다. 이후 2001년 한국씨티은행에 입행해 금융기업영업본부장 등을 거쳐 2021년부터 기업금융그룹을 이끌어왔다. 그는...",2026-09-23 17:22,https://www.mk.co.kr/article/12160563,https://n.news.naver.com/mnews/article/009/0005739669?sid=101
연세대학교,에너지경제,"[보험사 풍향계] 현대해상, AI시대 청년 미래인재 육성 나서 外","염재호 태재대 총장, 장용석 연세대 교수, 엄윤미 아산나눔재단 이사장, 정진우 ACG컨설팅 대표 등 6인은 자문위원으로서 참여한다. 현대해상은 SK와 파트너십을 맺고 구상 단계에서부터 문제의식을 공유했다고 설명했다....",2026-09-23 17:20,https://www.ekn.kr/web/view.php?key=20260923028458738,https://www.ekn.kr/web/view.php?key=20260923028458738
서울대학교,경기일보,"인천시 행정부시장 ‘넉 달 공석’ 끝…김성중 경기도 부지사, 28일 취임...","제주 출신인 김 부지사는 연세대 행정학과와 서울대 행정대학원 행정학 석사를 거쳐 영국 엑서터대에서 공공행정학 석사학위를 받았다. 김 부지사는 행정안전부에서 조직정책관과 재난대응정책관, 정부혁신기획관 등을...",2026-09-23 17:19,https://www.kyeonggi.com/article/20260923580343,https://n.news.naver.com/mnews/article/666/0000124763?sid=102
연세대학교,경기일보,"인천시 행정부시장 ‘넉 달 공석’ 끝…김성중 경기도 부지사, 28일 취임...","제주 출신인 김 부지사는 연세대 행정학과와 서울대 행정대학원 행정학 석사를 거쳐 영국 엑서터대에서 공공행정학 석사학위를 받았다. 김 부지사는 행정안전부에서 조직정책관과 재난대응정책관, 정부혁신기획관 등을...",2026-09-23 17:19,https://www.kyeonggi.com/article/20260923580343,https://n.news.naver.com/mnews/article/666/0000124763?sid=102
서울대학교,NEWSCHAM,"합의하면 형을 깎는다, 아리셀에서 11년이 줄었다","것”」 서울경제 · 09/23 함께 볼 기사 「[전문] 이 대통령, 유엔서 공급망 안정 위한 ‘건설적 기여국 연대’... 서울대 로스쿨 교수 성폭력 공동대책위원회가 연대성명을 내어 이것이 책임 있는 행정인지 물었다. 8년을...",2026-09-23 17:14,https://newscham.net/articles/117232,https://newscham.net/articles/117232
고려대학교,연합뉴스,대법관 제청 갈등 헌법재판소가 풀까…제청권-임명권 경계가 쟁점,"차진아 고려대 로스쿨 교수는 ""대법원장의 제청권이 대통령의 임명권을 구속한다고 볼 수는 없다""며 ""대통령이 대법원장 제청을 거부할 수는 있다""고 설명했다. 헌법연구관 출신 김진한 변호사도 ""헌법재판관 임명과 달리...",2026-09-23 17:14,https://www.yna.co.kr/view/AKR20260923166900004?input=1195m,https://n.news.naver.com/mnews/article/001/0016333477?sid=102
서울대학교,이데일리,"""대학이 인재 키우고, 기업이 인재 끌어들이는 선순환 구축""",(사진=충남대) 충남대가 이재명 정부의 ‘서울대 10개 만들기 프로젝트’에 선정되면서 대한민국 신성장 거점으로 도약할 발판을 마련했다. 이번 선정에 따라 충남대는 브랜드 단과대·융합연구원 지원(5년간 연간 약...,2026-09-23 17:13,https://www.edaily.co.kr/News/Read?newsId=04224646645583072&mediaCodeNo=257&utm_source=naver&utm_medium=referral&utm_campaign=news_syndication&utm_content=original_article,https://n.news.naver.com/mnews/article/018/0006375105?sid=102
서울대학교,이데일리,韓 로봇기업 유럽 진출 돕는다…체코 실증거점 개소,"한국로봇산업진흥원은 지난 21일 체코 프라하공과대학교(CTU) 산하 체코 정보학·로봇공학·사이버네틱스... 한국전자기술연구원과 서울대학교, 화승알앤에이, 한국로봇산업진흥원, 프라하공대는 AI 기반 로봇 운영...",2026-09-23 17:13,https://www.edaily.co.kr/News/Read?newsId=04231206645583072&mediaCodeNo=257&utm_source=naver&utm_medium=referral&utm_campaign=news_syndication&utm_content=original_article,https://n.news.naver.com/mnews/article/018/0006375107?sid=105
서울대학교,이데일리,외부 전문가 막는 '이중소속' 금지 없애고 정부지원기간 늘려야,대부분이 고액 연봉자인 산업계 전문가가 현직을 유지한 채 대학 교원으로 활동하려면 ‘이중 소속’이 가능해야 해서다. 특히 서울대 10개 만들기 사업 선정 대학들이 신설 예정인 브랜드단과대학·특성화융합연구원의...,2026-09-23 17:13,https://www.edaily.co.kr/News/Read?newsId=04227926645583072&mediaCodeNo=257&utm_source=naver&utm_medium=referral&utm_campaign=news_syndication&utm_content=original_article,https://n.news.naver.com/mnews/article/018/0006375106?sid=102
서울대학교,ECONOVILL,한국씨티은행 차기 행장 후보에 김경호 부행장,"김 후보는 1968년생으로 서울대 국제경제학과를 졸업한 뒤 미국 매사추세츠공대(MIT)에서 경영학 석사(MBA) 학위를 취득했다. 삼성물산과 맥킨지앤드컴퍼니에서 근무했으며, 2001년 한국씨티은행에 입행했다. 이후에는...",2026-09-23 17:10,https://www.econovill.com/news/articleView.html?idxno=751767,https://www.econovill.com/news/articleView.html?idxno=751767
고려대학교,서울경제,올해 13곳 구축한다더니…설계도 못끝낸 재해복구체계,김형중 고려대 정보보호대학원 교수는 “AI에 예산이 집중되면서 DR 투자가 소홀해질 수 있다”며 “DR을 단순한 사후 복구 수단이 아니라 행정 서비스의 연속성을 유지하기 위한 필수 기반시설로 보고 신속한 투자가...,2026-09-23 17:09,https://www.sedaily.com/article/20094641?ref=naver,https://n.news.naver.com/mnews/article/011/0004665031?sid=102
서울대학교,국제뉴스,"윤건영 충북교육감, 청주대 명사 특강 'AI 시대 실력 충북교육' 강조","윤 교육감은 청주고등학교와 서울대학교 사범대학 윤리교육과 및 동 대학원을 졸업하고, 서울대학교에서 교육학 박사학위를 받았다. 청주교육대학교 총장, 충북교원단체총연합회 회장 등을 역임했으며, 현재...",2026-09-23 17:08,https://www.gukjenews.com/news/articleView.html?idxno=3704886,https://www.gukjenews.com/news/articleView.html?idxno=3704886
서울대학교,디지털타임스,"국산 AI 서버 매니코어소프트 dg5W, MLPerf GPU 4장급 처리량 1위","매니코어소프트는 서울대 슈퍼컴퓨터 ‘천둥’ 연구 성과를 바탕으로 워크스테이션 스케일의 GPU 서버 ‘딥가젯’ 시리즈를 대학·연구소·기업 등 180곳 이상에 공급해왔으며, 2020년에는 액체냉각 시스템...",2026-09-23 17:02,https://www.dt.co.kr/article/12085662?ref=naver,https://n.news.naver.com/mnews/article/029/0003049697?sid=105
고려대학교,IROBOTNEWS,"인하대 A.I.M팀, '호반 K-과학인재 아카데미 대학생 프로젝트' 1위 수상","인하대학교 원종훈 전기전자공학부 교수가 지도하는 학생 연구팀 A.I.M팀이 '스마트 단지 실외 자율주행... 서울대, 고려대, 광주과학기술원(GIST) 등 국내 주요 대학 학생들이 참여해 미래 과학기술 분야의 연구...",2026-09-23 17:02,https://www.irobotnews.com/news/articleView.html?idxno=48672,https://www.irobotnews.com/news/articleView.html?idxno=48672
연세대학교,MBN,"이 대통령이 직접 전한 트럼프와의 회담…""더욱 깊어진 신뢰"" [짤e몽땅]","이번 결정은 지난달 연세대학교에서 국민 200여 명과 전문가가 참여한 토론회 결과를 반영한 겁니다. 토론에서는 실제 이용 현장에서 한 줄 서기와 두 줄 서기가 비슷하게 나타나고, 에스컬레이터 위를 걸을 경우 설비에...",2026-09-23 17:02,http://mbn.mk.co.kr/pages/news/newsView.php?category=mbn00009&news_seq_no=5221170,https://n.news.naver.com/mnews/article/057/0001970524?sid=102
서울대학교,IROBOTNEWS,"인하대 A.I.M팀, '호반 K-과학인재 아카데미 대학생 프로젝트' 1위 수상","인하대학교 원종훈 전기전자공학부 교수가 지도하는 학생 연구팀 A.I.M팀이 '스마트 단지 실외 자율주행... 서울대, 고려대, 광주과학기술원(GIST) 등 국내 주요 대학 학생들이 참여해 미래 과학기술 분야의 연구...",2026-09-23 17:02,https://www.irobotnews.com/news/articleView.html?idxno=48672,https://www.irobotnews.com/news/articleView.html?idxno=48672
고려대학교,신동아,"“지도자 지시는 옳다”는 與 범시론(汎是論), 민주주의의 주적","최장집 고려대 명예교수는 1987년 이후 우리 정치사에 등장한 ‘5년 단임제’를 “집정관주의”라는 용어로... 후일 권한 남용, 직권남용의 시시비비를 고려해 말을 바꾼 거라는 의심을 사고 있다. 여기서 ‘정부’가...",2026-09-23 17:01,https://shindonga.donga.com/3/all/13/6396343/1,https://n.news.naver.com/mnews/article/262/0000019713?sid=100
서울대학교,KMEDINFO,암 생존자 식생활 더 건강하지만…젊어서 암 겪으면 고령기 '역전',순천향대학교서울병원 가정의학과 백수아 교수와 분당서울대학교병원 가정의학과 배우경 교수 연구팀은 2019~2021년 국민건강영양조사에 참여한 30세 이상 성인 8706명을 분석해 이 같은 결과를 확인했다. 분석...,2026-09-23 17:00,http://www.kmedinfo.co.kr/news/articleView.html?idxno=97886,http://www.kmedinfo.co.kr/news/articleView.html?idxno=97886
서울대학교,KR,"피직스에이아이, 2026 서울AI로봇쇼서 시설관리 자동화 '모듈형 시설관...","또한 ""서울대학교기술지주 시드 투자 유치, TIPS와 NVIDIA 협업 프로그램 선정 등을 바탕으로 사업 고도화와 후속 성장 기반을 마련하겠다""라고 전했다. 한편, 서울특별시와 서울경제진흥원이 주최하는 '2026...",2026-09-23 16:58,https://kr.aving.net/news/articleView.html?idxno=1814718,https://kr.aving.net/news/articleView.html?idxno=1814718
연세대학교,BUSINESSPOST,"이환주 KB국민은행장 연임에 변수 많다, 금감원장 이찬진 '엄포'에 은행...","현재 국민은행 사외이사는 김성진 미래에셋자산운용 고문, 이정숙 전 삼성증권 준법감시인, 윤대희 연세대학교 경영대학 교수, 연태훈 한국금융연구원 선임연구위원, 정윤경 성균관대학교 소프트웨어융합대학 교수 등...",2026-09-23 16:58,https://www.businesspost.co.kr/BP?command=article_view&num=447979,https://www.businesspost.co.kr/BP?command=article_view&num=447979
연세대학교,SRTIMES,"SOOP, 연세대·고려대 e스포츠 대항전 '2026 사이버 정기전' 개최","'사이버 정기전'은 연세대학교와 고려대학교 학생들이 e스포츠를 통해 교류하는 대학 친선 대회다. 올해는 연세대학교 e스포츠 동아리 '연겜'과 고려대학교 게임 동아리 '디럭스'가 주최하고, GGA가 주관하며 SOOP이...",2026-09-23 16:58,http://www.srtimes.kr/news/articleView.html?idxno=213267,http://www.srtimes.kr/news/articleView.html?idxno=213267
고려대학교,SRTIMES,"SOOP, 연세대·고려대 e스포츠 대항전 '2026 사이버 정기전' 개최","'사이버 정기전'은 연세대학교와 고려대학교 학생들이 e스포츠를 통해 교류하는 대학 친선 대회다. 올해는 연세대학교 e스포츠 동아리 '연겜'과 고려대학교 게임 동아리 '디럭스'가 주최하고, GGA가 주관하며 SOOP이...",2026-09-23 16:58,http://www.srtimes.kr/news/articleView.html?idxno=213267,http://www.srtimes.kr/news/articleView.html?idxno=213267
서울대학교,NEWSWORKER,"세종시, 행안부 인공지능기반국장 거친 배일권 신임 행정부시장 28일 취...",배 신임 부시장은 1972년 서울 출생으로 서울대학교 사회학과를 졸업한 뒤 동 대학원 행정학 석사와 미국 시라큐스대학교 대학원 행정학 석사 학위를 차례로 취득하며 정책 전문성을 탄탄히 다졌다. 지난 1999년 제42회...,2026-09-23 16:56,https://www.newsworker.co.kr/news/articleView.html?idxno=505934,https://www.newsworker.co.kr/news/articleView.html?idxno=505934
서울대학교,MHNSE,"""육십 인생 가장 평화로운 추석""...홍혜걸, ♥ 여에스더 우울증 호전→...","약을 바꾸고 남편이 내려오면서 처음으로 나쁜 사고가 없어졌다""면서 남편과의 생활이 회복에 도움이 됐다고 밝혔다. 서울대학교 의과대학 선후배 사이인 홍혜걸과 여에스더는 1994년 결혼했으며, 슬하에 두 아들을 두고 있다.",2026-09-23 16:55,https://mhnse.com/news/articleView.html?idxno=1558578,https://m.entertain.naver.com/article/445/0000468222
연세대학교,디지털데일리,AI시대 ‘온라인안전’ 기준 방향은?…서비스 기업 책임 넓어지나,상윤모 연세대학교 언론홍보영상학부 교수는 23일 국회의원회관에서 열린 ‘한국형 온라인안전법 입법 방향과 쟁점: 시민사회의 관점’ 토론회에서 기존 행정기관 중심 통신심의 체계를 서비스 기업 책임 중심으로 전환할...,2026-09-23 16:52,https://www.ddaily.co.kr/page/view/2026092316231507623,https://n.news.naver.com/mnews/article/138/0002242582?sid=105
서울대학교,MDILBO,"[기획] “그늘을 도시 기본권으로”··· 전남광주, 제도화 급물살","서울대 연구팀은 “언론 보도가 민간단체의 조사로 이어지고, 또 조사에서 나온 데이터를 행정에 공유하는 흐름은 서울에서는 아직 찾기 어려운 모습”이라고 제안 배경을 밝혔다. 앞서 본보는 ‘폭염 재난 시대, 햇볕...",2026-09-23 16:42,http://www.mdilbo.com/detail/c3QycN/759079,http://www.mdilbo.com/detail/c3QycN/759079
연세대학교,JOONGDO,[대전노인신문] 詩 한 편 편지 한 장,영어영문학과와 연세대학교 연합신학 대학원 기독교 교육과를 졸업하고 미당 서정주 시인과 박재삼 시인의 추천으로 등단하였으며 대전대학교 석좌교수다. 한국의 여성 크리스찬 시인을 택하라고 한다면 이해인 시인과...,2026-09-23 16:40,https://www.joongdo.co.kr/web/view.php?key=20260923010007646,https://www.joongdo.co.kr/web/view.php?key=20260923010007646
서울대학교,아주경제,"선관위 특검, 디지털 포렌식 자문위원 4명 위촉","이상진 고려대 정보보호대학원 교수, 원유집 한국과학기술원 전기및전자공학부 교수, 김기범 성균관대 과학수사학과 교수, 이병영 서울대 전기정보공학부 교수다. 특검팀은 이들이 디지털 포렌식과 정보보안 분야에서...",2026-09-23 16:40,https://www.ajunews.com/view/20260923163249220,https://www.ajunews.com/view/20260923163249220
고려대학교,아주경제,"선관위 특검, 디지털 포렌식 자문위원 4명 위촉","이상진 고려대 정보보호대학원 교수, 원유집 한국과학기술원 전기및전자공학부 교수, 김기범 성균관대 과학수사학과 교수, 이병영 서울대 전기정보공학부 교수다. 특검팀은 이들이 디지털 포렌식과 정보보안 분야에서...",2026-09-23 16:40,https://www.ajunews.com/view/20260923163249220,https://www.ajunews.com/view/20260923163249220
서울대학교,디지털데일리,"매니코어소프트, 국제AI 성능 평가 등재","매니코어소프트는 서울대 슈퍼컴퓨터 '천둥'의 연구 성과에서 출발한 기업이다. GPU 서버 '딥가젯' 시리즈를 대학·연구소·기업 등 180곳 이상의 고객사에 공급해왔고, 2020년에는 액체냉각 시스템 특허를...",2026-09-23 16:37,https://www.ddaily.co.kr/page/view/2026092316100979792,https://n.news.naver.com/mnews/article/138/0002242580?sid=105
고려대학교,ITDAILY,AI가 쪼갠 플랫폼 기능…'통제력' 중심 규율론 부상,"(왼쪽부터) 이경선 정보통신정책연구원(KISDI) 박사, 선지원 한양대 법학전문대학원 교수, 조영기 한국인터넷기업협회 사무총장, 김용환 네이버 Agenda Relations 리더, 황혜선 김앤장 법률사무소 변호사, 이성엽 고려대 교수...",2026-09-23 16:36,https://www.itdaily.kr/news/articleView.html?idxno=241829,https://www.itdaily.kr/news/articleView.html?idxno=241829
서울대학교,더팩트,배일권 신임 세종시 행정부시장 28일 취임,배 신임 행정부시장은 1972년 서울 출생으로 서울대 사회학과를 졸업하고 서울대와 미국 시라큐스대학교 대학원에서 행정학 석사학위를 취득했다. 제42회 행정고시에 합격해 1999년 공직에 입문한 뒤 행정안전부...,2026-09-23 16:35,https://news.tf.co.kr/read/national/2369492.htm,https://n.news.naver.com/mnews/article/629/0000536656?sid=102
서울대학교,SISAWEEK,"두나무, 글로벌 정책·금융 리더와 디지털 금융 미래 그린다","두나무는 오는 29일 서울 광진구에 위치한 그랜드 워커힐 서울에서 '업비트 인스티튜셔널 서밋(Upbit... 이종섭 서울대학교 경영대학 교수를 좌장으로 최원석 두나무 해외사업총괄(CGBO, Chief Global Business Officer)...",2026-09-23 16:34,https://www.sisaweek.com/news/articleView.html?idxno=238068,https://www.sisaweek.com/news/articleView.html?idxno=238068
서울대학교,한국경제,신중식 前 민주당 의원 별세,"향년 85세. 전남 고흥에서 태어난 고인은 경기고, 서울대 정치외교학과를 졸업했다. 중앙일보·한국일보 기자를 거쳐 시사저널 대표, 국정홍보처장을 거쳐 2004~2008년 17대 의원을 지냈다.",2026-09-23 16:32,https://www.hankyung.com/article/2026092340411,https://n.news.naver.com/mnews/article/015/0005335731?sid=102
서울대학교,KTV,"이 대통령, 대북 대화 재개·북미대화 발판 마련 약속 [외신에 비친 한...","SCMP / 9.22 서울대, 졸업사진에 딥페이크 방지 기술 도입 다음 소식입니다. 눈에는 거의 보이지 않는 미세한 픽셀로 딥페이크 범죄를 막는 새로운 기술이 서울대 졸업앨범에 도입됐습니다. 졸업사진이 음란물 등에...",2026-09-23 16:30,https://www.ktv.go.kr/content/view?content_id=761514,https://www.ktv.go.kr/content/view?content_id=761514
연세대학교,팝콘뉴스,"게임업계, 추석 이벤트부터 글로벌 CBT까지…4분기 이용자 접점 확대","연세대학교와 고려대학교 학생들이 오버워치와 발로란트, 리그 오브 레전드(LoL) 등 3개 종목에서 맞붙는 대학 친선 e스포츠 대회다. 이번 대회에서는 학생들이 선수로 출전하는 데 그치지 않고 MC와 작가, 인터뷰어...",2026-09-23 16:30,http://www.popcornnews.net/news/articleView.html?idxno=134082,http://www.popcornnews.net/news/articleView.html?idxno=134082
고려대학교,팝콘뉴스,"게임업계, 추석 이벤트부터 글로벌 CBT까지…4분기 이용자 접점 확대","연세대학교와 고려대학교 학생들이 오버워치와 발로란트, 리그 오브 레전드(LoL) 등 3개 종목에서 맞붙는 대학 친선 e스포츠 대회다. 이번 대회에서는 학생들이 선수로 출전하는 데 그치지 않고 MC와 작가, 인터뷰어...",2026-09-23 16:30,http://www.popcornnews.net/news/articleView.html?idxno=134082,http://www.popcornnews.net/news/articleView.html?idxno=134082
고려대학교,연합뉴스,"[게시판] 고려대·반기문재단, '국제안보의 재편과 한반도 평화' 심포지...",▲ 고려대학교 통일융합연구원과 보다나은미래를위한 반기문재단은 오는 29일 오후 고려대 백주년기념관에서 '질서 이후의 질서: 국제안보의 재편과 한반도 평화' 공동 심포지엄을 연다고 23일 밝혔다. 제1세션 '지정학적...,2026-09-23 16:30,https://www.yna.co.kr/view/AKR20260923160500004?input=1195m,https://n.news.naver.com/mnews/article/001/0016333374?sid=102
서울대학교,한국경제,정학근 신임 에너지연구원장 취임,"정 원장은 전남대 전기공학 학사, GIST 메카트로닉스공학 석사, 서울대 기계항공공학 박사 학위를 받았다. 1998년 에너지연구원에 입사해 에너지효율연구본부장 등을 지냈다. 정 원장은 전날 취임식에서 “국가 온실가스...",2026-09-23 16:29,https://www.hankyung.com/article/2026092340431,https://n.news.naver.com/mnews/article/015/0005335726?sid=105
서울대학교,한국경제,[부고] 최순철 씨 별세 外,"고은미씨 시모상, 장재준 서울탁주제조협회장 장모상=22일 삼성서울병원 발인 24일 오전6시45분 ▶최옥선씨 별세, 신영기 서울대 시흥캠퍼스 본부장 모친상=22일 삼성서울병원 발인 24일 오전11시15분 02-3410-3151",2026-09-23 16:27,https://www.hankyung.com/article/2026092341001,https://n.news.naver.com/mnews/article/015/0005335723?sid=102
서울대학교,메트로신문,"부경대 교직원 축구클럽, 국공립대 축구대회 ‘3연패’","대회는 서울과학기술대학교 주관으로 서울과학기술대와 육사화랑구장 등에서 열렸다. 전국 19개 국... 국립부경대는 예선에서 방송통신대학교를 5대 0, 강원대학교를 3대 1, 서울대학교를 2대 0으로 꺾고 본선에...",2026-09-23 16:24,http://www.metroseoul.co.kr/article/20260923500156,http://www.metroseoul.co.kr/article/20260923500156
서울대학교,SIDAE,"'산업수도' 울산, 청년은 떠난다…""노동 경직성 풀어야""","79명, 서울 6.70명으로 수도권 3곳이 유입 상위를 차지했다. 순이동률은 1000명당 전입자에서 전출자를 뺀... 익명을 요구한 서울대 교수는 ""미국 등 해외 선진국은 4차 산업혁명 변화에 맞춰 재빠르게 변화하는데...",2026-09-23 16:22,https://www.sidae.com/article/2026092314431991851,https://n.news.naver.com/mnews/article/417/0001159181?sid=100
고려대학교,한국경제,'재제청 거부' 또 밝힌 조희대…李 '내란특수본' 꺼내,차진아 고려대 법학전문대학원 교수는 “손봉기 대법관 후보자(대구지방법원 부장판사)가 결격 사유가 없는데도 절차를 문제 삼아 반려했다면 ‘코드 인사’를 통해 사법부에 영향력을 행사하려는 의도로 보일 수밖에...,2026-09-23 16:21,https://www.hankyung.com/article/2026092339961,https://n.news.naver.com/mnews/article/015/0005335712?sid=100
고려대학교,전남일보,"추석 음식에 체중 걱정된다면… ""연휴 전후 무리한 절식보다 평소대로""","권영근 고려대 안암병원 비만대사센터 교수는 ""음식을 무조건 피하거나 많이 먹었다는 죄책감 때문에 연휴 전후에 굶는 방식의 체중 조절을 반복할 필요는 없다""며 ""연휴가 끝난 뒤에는 평소의 식사와 활동 패턴으로...",2026-09-23 16:20,https://www.jnilbo.com/news/articleView.html?idxno=90000068489,https://www.jnilbo.com/news/articleView.html?idxno=90000068489
서울대학교,한국경제,차기 한국씨티은행장에 김경호,김 후보는 1968년생으로 서울대 국제경제학과를 졸업하고 미국 매사추세츠공대(MIT)에서 경영학 석사(MBA)를 받았다. 1992년 삼성물산에 입사한 뒤 2000년 맥킨지앤드컴퍼니 컨설턴트를 거쳐 2001년 씨티은행 서울지점...,2026-09-23 16:19,https://www.hankyung.com/article/2026092340311,https://n.news.naver.com/mnews/article/015/0005335708?sid=101
서울대학교,위키트리,직원 연차휴가미사용수당까지 떼먹었다고?... 폭로보도에 등장한 국회의...,"김 최고위원은 ""강력한 시스템을 구성해 놓았다면 이 사업체가 내가 일하지 않아도 소득을 발생시키는 중요한 시스템으로 작동해 줄 수 있다""고 했다.뉴스타파에 따르면 태원비엠씨는 2014년 3월 서울 종로구 서울대학교...",2026-09-23 16:18,https://www.wikitree.co.kr/articles/1161689,https://www.wikitree.co.kr/articles/1161689
서울대학교,한스경제,전북대 총동창회 '서울대 10개' 평가 기준 공개 촉구,전북대학교 전경./전북대 | 전주=한스경제 이인호 기자 | 전북대학교 총동창회가 서울대 10개 만들기 사업 평가 결과 공개와 후속 선정 계획 마련을 정부에 요구했다. 전북대 총동창회는 22일 성명을 내고 정부가 전북대의...,2026-09-23 16:18,http://www.hansbiz.co.kr/news/articleView.html?idxno=867899,http://www.hansbiz.co.kr/news/articleView.html?idxno=867899
고려대학교,로이슈,"고려대 구로병원 개방형실험실, 구로구의사회와 업무협약",고려대학교 구로병원 개방형실험실 김치경 운영사업단장은 “이번 협약은 대학병원의 임상 전문성과 개방형실험실이 보유한 혁신기업 네트워크를 지역 의료현장과 연결하는 의미 있는 출발점”이라며 “구로구의사회와...,2026-09-23 16:16,http://www.lawissue.co.kr/view.php?ud=202609231614282288f4ab64559d_12,http://www.lawissue.co.kr/view.php?ud=202609231614282288f4ab64559d_12
서울대학교,중앙일보,"금융지주 회장 소집한 금감원장, ‘이너서클 인사’ 정조준",“계파·친소 매몰 않고 능력 있는 CEO 선별해야” 이 원장은 23일 오전 7시30분 서울 여의도 금감원 본원에... 기업 지배구조 전문가인 김우진 서울대 경영전문대학원 교수는 “자회사 지분 전량을 보유하기도 하는...,2026-09-23 16:13,https://www.joongang.co.kr/article/25464476,https://n.news.naver.com/mnews/article/025/0003553521?sid=101
고려대학교,인사이트,명절 음식 먹고 2~3㎏ 쪘다고 굶지 마세요... 전문가 조언 들어보니,"23일 고려대안암병원에 따르면 명절 기간 동안 송편과 전, 갈비찜, 잡채 같은 고열량 음식을 평소보다 많이... 심한 비만이나 당뇨병, 수면무호흡증, 지방간질환 등이 동반된 경우 비만대사수술을 고려할 수 있다. 수술...",2026-09-23 16:12,https://www.insight.co.kr/news/575050,https://www.insight.co.kr/news/575050
서울대학교,SISAJOURNAL-E,통합 동아제약 대표 누가 맡나···김민영·백상환 '투톱 체제' 가능성...,1972년생인 김 대표는 1999년 서울대학교 경영학과를 졸업한 후 2006년 동아제약 경영관리팀장으로 입사했다. 이후 동아쏘시오홀딩스 경영기획실장과 동아에스티 사장 및 대표를 거쳐 2024년 7월부터 지주사 경영을...,2026-09-23 16:10,https://www.sisajournal-e.com/news/articleView.html?idxno=423935,https://www.sisajournal-e.com/news/articleView.html?idxno=423935
서울대학교,IKUNKANG,사랑니 통증 없으면 괜찮을까? 증상 없어도 검진 필요한 이유,[글 |  서울저스트치과 전문의 조규장 원장] 서울저스트치과 전문의 조규장 원장 ㆍ현)서울한양대학교병원 치과 구강악안면외과 외래교수 ㆍ서울 한양대학교병원 인턴/구강악안면외과 레지던트 수료 ㆍ서울대학교...,2026-09-23 16:10,https://www.ikunkang.com/news/articleView.html?idxno=51575,https://www.ikunkang.com/news/articleView.html?idxno=51575
서울대학교,KIHOILBO,민선9기 박찬대 인천시정…김성중 행정부시장·지용구 기조실장 내정,서울 출신인 지 과장은 청량고와 서울대를 졸업하고 2001년 제45회 행정고시에 합격했다. 지방소비세 도입과 코로나19 대응 부처 협업 업무에 참여했으며 대통령비서실 국정상황실과 행안부 자연재난대응과장을 거쳐...,2026-09-23 16:08,https://www.kihoilbo.co.kr/news/articleView.html?idxno=3035690,https://www.kihoilbo.co.kr/news/articleView.html?idxno=3035690
연세대학교,KIHOILBO,민선9기 박찬대 인천시정…김성중 행정부시장·지용구 기조실장 내정,"김 부지사는 연세대 행정학과를 졸업하고 서울대에서 행정학 석사학위를 받았다. 1995년 제39회 행정고시로 공직에 입문해 행정자치부 장관 비서실장, 대통령비서실 인사비서관실 선임행정관, 행안부 조직정책관...",2026-09-23 16:08,https://www.kihoilbo.co.kr/news/articleView.html?idxno=3035690,https://www.kihoilbo.co.kr/news/articleView.html?idxno=3035690
고려대학교,국민일보,심민철 신임 전남광주시교육청 제2부교육감 28일 부임,"반포고와 고려대 한국사학과를 졸업하고, 펜실베니아주립대 교육행정학과에서 석사학위를 받았다. 1997년 행정고시 40회로 공직에 입문해 교육부에서 인재정책기획관, 대학학술정책관, 지방교육자치과장, 교육부장관...",2026-09-23 16:06,https://www.kmib.co.kr/article/view.asp?arcid=9000016934&cp=nv,https://n.news.naver.com/mnews/article/005/0001874803?sid=102
서울대학교,프라임경제,배일권 신임 세종시 행정부시장 28일 취임…AI 행정 경험 주목,"배 신임 행정부시장은 1972년 서울 출생으로 서울대학교 사회학과를 졸업한 뒤 서울대와 미국 시라큐스대학교 대학원에서 행정학 석사학위를 취득했다. 제42회 행정고시에 합격해 1999년 공직에 입문했으며, 행정안전부...",2026-09-23 16:04,http://www.newsprime.co.kr/news/article.html?no=748922,http://www.newsprime.co.kr/news/article.html?no=748922
고려대학교,로이슈,"고려대 구로병원 연구팀, 대한척추신경외과학회 학술상 수상",고려대학교 구로병원은 신경외과 이승훈·김은상 교수 연구팀이 지난 17일 열린 ‘2026년 제40차 대한척추신경외과학회 정기학술대회’에서 ‘나누리 학술상 우수상’을 수상했다고 23일 밝혔다. 연구팀은 ‘척수 경막내...,2026-09-23 16:04,http://www.lawissue.co.kr/view.php?ud=202609231602144631f4ab64559d_12,http://www.lawissue.co.kr/view.php?ud=202609231602144631f4ab64559d_12
서울대학교,매일경제,데이터센터 '열과의 전쟁' 정유사도 가세,SK엔무브와 LG전자는 23일 서울 종로구 SK서린빌딩에서 차세대 열관리 기술 공동 개발을 위한 업무협약(MOU)을... 서울대 AI 연구실과 한국세라믹기술원 AI 융합연구단 등에 냉각유를 공급하며 서버와 냉각유 간 호환성과...,2026-09-23 16:03,https://www.mk.co.kr/article/12160478,https://n.news.naver.com/mnews/article/009/0005739604?sid=101
서울대학교,인더뉴스,"부산대, YK스틸 7만 평 부지에 푸드테크 클러스터 구상",기자ㅣ부산대학교는 지난 18일 부산 사하구 신평장림산업단지관리공단에서 ‘푸드테크 클러스터 포트... 또한 최 총장은 “‘서울대 10개 만들기’가 지향하는 지역과 대학의 동반성장은 이러한 구체적인 현장에서...,2026-09-23 16:02,https://www.inthenews.co.kr/news/article.html?no=92338,https://www.inthenews.co.kr/news/article.html?no=92338
연세대학교,굿모닝충청,"AI로봇학과 신설 앞둔 서원대, 원주 소상공인복합지원센터와 협약","이어 ""기존 연세대학교 미래캠퍼스와 원주시 소공인복합지원센터의 교육협력 기반에 서원대학교가 함께 참여함으로써 기관별 교육자원과 산업 네트워크를 연계할 수 있게 됐다는 점에서도 의미가 크다""고 밝혔다. 한편...",2026-09-23 16:02,https://www.goodmorningcc.com/news/articleView.html?idxno=452887,https://www.goodmorningcc.com/news/articleView.html?idxno=452887
연세대학교,뉴스핌,수원시 '2026년 수원시민 인권 아카데미' 참가자 모집,"2회차(10월 21일)는 최호근 고려대학교 사학과 교수의 강연이다. '혐오의 언어, 차별의 자연화'를 주제로... 5회차(11월 12일)는 조문영 연세대학교 문화인류학과 교수가 '정당한 분배, 부당한 낙인'을 주제로 지역, 주거지...",2026-09-23 16:02,https://www.newspim.com/news/view/20260923000756,https://www.newspim.com/news/view/20260923000756
고려대학교,뉴스핌,수원시 '2026년 수원시민 인권 아카데미' 참가자 모집,"2회차(10월 21일)는 최호근 고려대학교 사학과 교수의 강연이다. '혐오의 언어, 차별의 자연화'를 주제로... 5회차(11월 12일)는 조문영 연세대학교 문화인류학과 교수가 '정당한 분배, 부당한 낙인'을 주제로 지역, 주거지...",2026-09-23 16:02,https://www.newspim.com/news/view/20260923000756,https://www.newspim.com/news/view/20260923000756
고려대학교,로이슈,"한국연구재단, 나노·소재단장에 김수영 교수 선임",한국연구재단은 오는 28일자로 국가전략연구본부 나노·소재단장에 김수영 고려대학교 신소재공학부 교수를 선임한다고 23일 밝혔다. 김수영 신임 단장은 정부가 위탁한 나노·소재단 소관 분야 지원사업의 평가...,2026-09-23 16:02,http://www.lawissue.co.kr/view.php?ud=202609231601327908f4ab64559d_12,http://www.lawissue.co.kr/view.php?ud=202609231601327908f4ab64559d_12
서울대학교,BNTNEWS,[bnt K-뷰티 리더｜박의훈①] “화장품은 피부에 닿는 과학”…연구자 ...,서울대학교 화학과와 동 대학원에서 연구를 시작한 그는 아모레퍼시픽 선임연구원을 거쳐 원료·연구개발·제조·브랜드 사업까지 화장품 산업 전반을 경험했다. 연구의 깊이를 더하기 위해 중앙대학교 의과대학에서...,2026-09-23 16:00,https://www.bntnews.co.kr/article/view/bnt202609230260,https://www.bntnews.co.kr/article/view/bnt202609230260
연세대학교,MEDIAPEN,"현대해상, 청년 미래인재 육성 ‘프로젝트 트레일마크’ 공개","또 프로젝트의 방향성과 전문성을 높이기 위해 교육, HR, 사회혁신 분야 전문가 6인으로 자문위원단을 구성했으며, 염재호 태재대학교 총장, 장용석 연세대학교 교수, 엄윤미 아산나눔재단 이사장, 김성준 국민대학교 교수...",2026-09-23 15:56,https://www.mediapen.com/news/view/1125803,https://www.mediapen.com/news/view/1125803
서울대학교,BZERONEWS,배일권 세종시 행정부시장 28일 취임…'AI 정부' 업무 이끌어,"23일 세종시에 따르면, 배 신임 부시장은 1972년 서울 출생으로 서울대 사회학과를 졸업했다. 이후 서울대 행정대학원과 미국 시라큐스대학교 행정대학원에서 각각 행정학 석사학위를 받았다. 제42회 행정고시에...",2026-09-23 15:54,https://www.bzeronews.com/news/articleView.html?idxno=823086,https://www.bzeronews.com/news/articleView.html?idxno=823086
서울대학교,비즈워치,"한국씨티은행, 차기 행장에 김경호 기업금융그룹 부행장","김 부행장은 서울대 국제경제학과를 졸업하고 미국 매사추세츠공대(MIT)에서 경영학 석사 학위를 받았다. 삼성물산, 맥킨지를 거쳐 2001년 씨티은행 서울지점 기업금융심사역으로 입사했다. 이후 대기업금융부장...",2026-09-23 15:51,https://news.bizwatch.co.kr/article/finance/2026/09/23/0043,https://n.news.naver.com/mnews/article/648/0000051036?sid=101
고려대학교,동아사이언스,"[사이언스게시판] 원자력연, 안전한 방사성 폐이온교환수지 처분 기술 ...","김수영 고려대 신소재공학부 교수를 선임했다고 23일 밝혔다. 김수영 단장은 포스텍에서 신소재공학 학사·석사·박사 학위를 취득하고 미국 조지아공대 박사후연구원, 시카고대 방문학자 등을 거쳐 2019년부터 고려대...",2026-09-23 15:49,https://www.dongascience.com/news/view/80057,https://n.news.naver.com/mnews/article/584/0000039436?sid=105
서울대학교,WORLDKOREAN,"김제우 전 카이스트 초빙교수, 영문판 '서울의 부상: 한국의 빈곤에서 ...","이종환 기자 카이스트 초빙교수를 지낸 김제우 박사가 신간 '서울의 부상: 한국의 빈곤에서 풍요로의... 서울대 전자공학과를 졸업하고 카이스트에서 석사, 박사를 이수한 김제우 박사는 삼성전자 엔지니어...",2026-09-23 15:48,http://www.worldkorean.net/news/articleView.html?idxno=57836,http://www.worldkorean.net/news/articleView.html?idxno=57836
서울대학교,이데일리,"국산 AI 서버, 글로벌 서버 제쳤다…‘액체냉각’으로 MLPerf 1위",매니코어소프트는 서울대 슈퍼컴퓨터 ‘천둥’ 개발 경험을 바탕으로 AI·고성능컴퓨팅(HPC)용 GPU 서버를 개발해왔다. ‘딥가젯’ 시리즈를 대학·연구소·기업 등 180곳 이상에 공급했으며 2020년에는...,2026-09-23 15:46,https://www.edaily.co.kr/News/Read?newsId=03919606645583072&mediaCodeNo=257&utm_source=naver&utm_medium=referral&utm_campaign=news_syndication&utm_content=original_article,https://n.news.naver.com/mnews/article/018/0006375056?sid=105
서울대학교,약업신문,"‘약의 날’의 제정, 중단, 부활 및 법정화의 역사","제정, 중단, 부활, 법정화의 과정을 거쳐온 약의 날의 진화 과정은 대한민국 약계 발전의 이정표(里程標)라 할 수 있을 것이다. 심창구 교수(서울대 명예교수)는 서울대 약학대학 교수와...",2026-09-23 15:44,https://www.yakup.com/pharmplus/index.html?mode=view&cat=132&cat2=452&nid=3000133471,https://www.yakup.com/pharmplus/index.html?mode=view&cat=132&cat2=452&nid=3000133471
고려대학교,동아일보,"고려사이버대 학생 2명, ‘2026 KU AI 포럼’ 창의 포스터세션 특별상","‘AI 네이티브 인재가 여는 대학 혁신의 새로운 패러다임’을 주제로 대학 교육과 미래 진로, 청년 창업에서의 AI 활용 방안 등이 논의됐다. 포럼은 고려대와 고려사이버대 구성원을 포함해 전공과 관계없이 AI에...",2026-09-23 15:44,https://www.donga.com/news/Society/article/all/20260923/134726697/1,https://n.news.naver.com/mnews/article/020/0003750427?sid=102
서울대학교,DNEWS,[부고] 정철구(유신 업무부 부사장)씨 모친상,"▲안삼노씨 별세, 정철구(유신 업무부 부사장)씨 모친상= 23일, 분당서울대학교병원 장례식장 9호실, 발인 25일.",2026-09-23 15:42,https://www.dnews.co.kr/uhtml/view.jsp?idxno=202609231520321860318,https://www.dnews.co.kr/uhtml/view.jsp?idxno=202609231520321860318
고려대학교,NEWS2DAY,[김찬희의 방방곡곡 이야기(64)] 시간을 따라 걷는 ‘대구 중구 골목투...,김찬희 프로필 ▶ 고려대학교 산업공학 학사 / 한양사이버대학원 MBA 경영학 석사 / 前 메타넷디지털(대우정보시스템) 프로그래머 / 前 MIT경영과정보기술 선임컨설턴트 / 前 한국생산성본부 본부장 / 現 남동가족센터...,2026-09-23 15:42,https://www.news2day.co.kr/article/20260923500105,https://www.news2day.co.kr/article/20260923500105
서울대학교,대전일보,배일권 세종시 행정부시장 28일 취임...스마트 행정수도 '새동력',"1972년 서울에서 태어난 배 신임 부시장은 서울대 사회학과를 졸업한 뒤 서울대와 미국 시러큐스대학교 대학원에서 행정학 석사학위를 취득했다. 제42회 행정고시에 합격해 1999년 공직에 입문했으며, 행안부...",2026-09-23 15:42,https://www.daejonilbo.com/news/articleView.html?idxno=2303216,https://n.news.naver.com/mnews/article/656/0000187663?sid=102
고려대학교,CHUNGNAMILBO,"연구재단, 나노·소재단장에 김수영 고려대 교수 선임",고려대학교 신소재공학부 김수영 교수.  국가전략연구본부 나노·소재단을 이끌 신임 단장에 김수영 고려대학교 신소재공학부 교수가 선임됐다. 한국연구재단은 오는 28일 자로 국가전략연구본부 나노·소재단장에 김...,2026-09-23 15:40,http://www.chungnamilbo.co.kr/news/articleView.html?idxno=911672,http://www.chungnamilbo.co.kr/news/articleView.html?idxno=911672
고려대학교,INDUSTRYNEWS,"독성물질 없이 상온서 뚝딱…고려대·경북대, 항암제 핵심 원료 '녹색 생...",고려대학교 생명과학대학 식품공학과 김경헌 교수 연구팀과 경북대학교 식품공학부 김동현 교수 연구팀은 자연계에 풍부한 일반 당(D-리보오스)의 효소 반응만을 이용해 고부가가치 의약품 원료인 'L-리보오스'로 98...,2026-09-23 15:38,https://www.industrynews.co.kr/news/articleView.html?idxno=86521,https://www.industrynews.co.kr/news/articleView.html?idxno=86521
고려대학교,GAMEFOCUS,"""옵트아웃 집단소송, 위헌 소지 크다"" 법무법인 율촌, '집단 소송 법제...","계인국 고려대 행정전문대학원 교수, 표정률 율촌 변호사가 토론자로 나섰다. 참석자들은 제22대 국회에서... 문제를 고려해 소송허가 요건의 문턱이 높아질 가능성이 크다고 전망했다. 박 교수는 “현재의 논의가 과학적...",2026-09-23 15:38,https://gamefocus.co.kr/detail.php?number=179411,https://gamefocus.co.kr/detail.php?number=179411
고려대학교,NAMDONEWS,전남광주통합특별시교육청 심민철 신임 제2부교육감 28일 부임,"심 신임 부교육감은 고려대학교 한국사학과를 졸업하고 미국 펜실베이니아 주립대학교에서 교육행정학 석사 학위를 취득했다. 1997년 행정고시 40회로 공직에 입문한 그는 교육부 장관 비서실장, 지방교육자치과장...",2026-09-23 15:38,https://www.namdonews.com/news/articleView.html?idxno=924348,https://www.namdonews.com/news/articleView.html?idxno=924348
서울대학교,이뉴스투데이,[국립부경대 소식] 취업지원 유공 장관 표창,"이번 대회에는 전국 19개 국·공립대학교 교직원 축구팀에서 600여 명이 참가했다. 국립부경대는 예선에서 방송통신대, 강원대, 서울대를 차례로 꺾고 본선에 진출했으며, 8강에서 공주대, 준결승에서 경상국립대를...",2026-09-23 15:35,http://www.enewstoday.co.kr/news/articleView.html?idxno=2474027,http://www.enewstoday.co.kr/news/articleView.html?idxno=2474027
고려대학교,베리타스알파,"2027로스쿨 원서접수 28일 개시.. 경쟁률, 변시합격률, 출신대학까지 '잣...","대학별로 보면 서울대가 150명으로 가장 많다. 고려대, 연세대, 성균관대, 경북대, 부산대, 전남대가 120명씩으로 뒤를 잇는다. 한양대, 이화여대, 충남대는 100명씩이다. 동아대와 전북대는 80명, 영남대와...",2026-09-23 15:34,https://www.veritas-a.com/news/articleView.html?idxno=629387,https://www.veritas-a.com/news/articleView.html?idxno=629387
서울대학교,베리타스알파,"2027로스쿨 원서접수 28일 개시.. 경쟁률, 변시합격률, 출신대학까지 '잣...","고려대, 연세대, 이화여대, 서울대, 성균관대, 한양대 등 서울 상위권 6개교는 3년 내내 20~25위에 머물렀다. 상위권 로스쿨은 LEET 고득점자가 스스로 걸러 지원하기 때문에 경쟁률이 낮게 나온다. 경쟁률...",2026-09-23 15:34,https://www.veritas-a.com/news/articleView.html?idxno=629387,https://www.veritas-a.com/news/articleView.html?idxno=629387
연세대학교,베리타스알파,"2027로스쿨 원서접수 28일 개시.. 경쟁률, 변시합격률, 출신대학까지 '잣...",학부성적이 강점이라면 학부성적 실질반영비율이 38.5%로 가장 높은 연세대를 눈여겨볼 만하다. 신입생 출신대학도 참고할 만한 잣대다. 신입생 57.5%가 SKY 출신일 만큼 쏠림은 여전하다. 서울대 출신이...,2026-09-23 15:34,https://www.veritas-a.com/news/articleView.html?idxno=629387,https://www.veritas-a.com/news/articleView.html?idxno=629387
연세대학교,GAMEFOCUS,"연고전? 고연전? SOOP, 연세대-고려대 e스포츠 대항전 '2026 사이버 정기...","‘사이버 정기전’은 연세대학교와 고려대학교 학생들이 e스포츠를 통해 교류하는 대학 친선 대회다. 올해는 연세대학교 e스포츠 동아리 ‘연겜’과 고려대학교 게임 동아리 ‘디럭스(DELUXE)’가 주최하고, GGA가...",2026-09-23 15:34,https://gamefocus.co.kr/detail.php?number=179407,https://gamefocus.co.kr/detail.php?number=179407
고려대학교,GAMEFOCUS,"연고전? 고연전? SOOP, 연세대-고려대 e스포츠 대항전 '2026 사이버 정기...","‘사이버 정기전’은 연세대학교와 고려대학교 학생들이 e스포츠를 통해 교류하는 대학 친선 대회다. 올해는 연세대학교 e스포츠 동아리 ‘연겜’과 고려대학교 게임 동아리 ‘디럭스(DELUXE)’가 주최하고, GGA가...",2026-09-23 15:34,https://gamefocus.co.kr/detail.php?number=179407,https://gamefocus.co.kr/detail.php?number=179407
서울대학교,지디넷코리아,"정학근 에너지연 원장 ""0→1만드는 '수직적 도약' 이룰 것""","정 신임 원장은 GIST와 서울대에서 메카트로닉스공학과 기계항공공학 전공 석, 박사 학위를 각각 취득했다. 1998년 에너지연에 들어가 에너지효율연구본부장 등을 지냈다. 과기정통부 한계도전 R&D위원회 기획위원...",2026-09-23 15:33,https://zdnet.co.kr/view/?no=20260923140926,https://n.news.naver.com/mnews/article/092/0002438655?sid=105
서울대학교,노컷뉴스,경북대 '서울대 10개' 탈락 후폭풍…지역사회 후속 선정 총력,"이재명 정부의 국정과제인 '서울대 10개 만들기 사업'에 탈락한 경북대가 조직 쇄신에 나서며 후속 사업... 이는 서울대 10개 만들기 사업 탈락에 따른 문책 및 조직 쇄신 차원의 인사로 풀이된다. 경북대 관계자는 ""사업...",2026-09-23 15:31,https://www.nocutnews.co.kr/news/6582825?utm_source=naver&utm_medium=article&utm_campaign=20260923033035,https://n.news.naver.com/mnews/article/079/0004192581?sid=102
고려대학교,ECONOVILL,추석 귀성길엔 영탁…'GOGO' 12곡 들으며 달린다,"영탁은 10월 3~5일 서울 고려대학교 화정체육관에서 단독 콘서트 'TAK SHOW5'를 연다. 이후 10월 24~25일 전주, 11월 28~29일 대구, 12월 19~20일 인천, 2027년 1월 16~17일 부산에서 공연한다.",2026-09-23 15:30,https://www.econovill.com/news/articleView.html?idxno=751741,https://www.econovill.com/news/articleView.html?idxno=751741
연세대학교,SAFETYNEWS,"""에스컬레이터 위에서 걸으면 유지보수 지연 등 문제 발생할 수 있어""","행정안전부가 지난달 29일 연세대학교 백양누리에서 국민 200여 명과 관련 전문가가 참여한 가운데 '에스컬레이터 안전 이용 문화 개선'을 주제로 개최한 토론회서 한국승강기대학교 의 허윤섭 교수는 ""에스컬레이터 위에서...",2026-09-23 15:28,https://www.safetynews.co.kr/news/articleView.html?idxno=250730,https://www.safetynews.co.kr/news/articleView.html?idxno=250730
서울대학교,DAILY,세종시 배일권 신임 행정부시장 28일 취임...시정 5기 역점사업 탄력 기...,배일권 신임 행정부시장은 1972년 서울 출생으로 서울대 사회학과를 졸업하고 서울대 및 미국 시라큐스대학교 대학원에서 행정학 석사학위를 취득했으며 공직에는 제42회 행정고시에 합격해 1999년 입문했다. 이후...,2026-09-23 15:26,https://daily.hankooki.com/news/articleView.html?idxno=1409503,https://daily.hankooki.com/news/articleView.html?idxno=1409503
고려대학교,스포츠월드,e스포츠 연고전…SOOP '2026 사이버 정기전' 개최,"사이버 정기전은 양교 학생들이 e스포츠로 교류하는 대학 친선 대회다. 올해는 연세대 e스포츠 동아리 '연겜'과 고려대 게임 동아리 '디럭스(DELUXE)'가 주최한다. 종목은 오버워치, 발로란트, 리그 오브 레전드(LoL) 세...",2026-09-23 15:24,https://www.sportsworldi.com/newsView/20260923513259,https://n.news.naver.com/mnews/article/396/0000756150?sid=105
연세대학교,스포츠월드,e스포츠 연고전…SOOP '2026 사이버 정기전' 개최,"사이버 정기전은 양교 학생들이 e스포츠로 교류하는 대학 친선 대회다. 올해는 연세대 e스포츠 동아리 '연겜'과 고려대 게임 동아리 '디럭스(DELUXE)'가 주최한다. 종목은 오버워치, 발로란트, 리그 오브 레전드(LoL) 세...",2026-09-23 15:24,https://www.sportsworldi.com/newsView/20260923513259,https://n.news.naver.com/mnews/article/396/0000756150?sid=105
서울대학교,BREAKNEWS,제9회 '한일 한가위축제 in 니가타 2026' (채수정 소리단 – 아리랑 연곡...,"서울대학교 미술대학 동양화과에서 익힌 시각적 감각을 바탕으로 국악 공연 기획이라는 새로운 길을 개척하고 있는 그는, 전통예술에 담긴 소리와 이미지, 공간과...",2026-09-23 15:18,http://www.breaknews.com/1238889,http://www.breaknews.com/1238889
고려대학교,DISCOVERYNEWS,"서울시의회 이민옥 행정자치위원장, '서울 자원봉사 컨퍼런스' 참석… ...","주제발표 1이선미 서울여자대학교 교수""왜 지금, 미래세대에게 봉사 경험인가"" (자원봉사의 교육적 의미와... 오지혜(고려대 연구교수), 최주일(SK행복나눔재단 본부장) 청년봉사, 학교봉사, 대학협력, 기업사회공헌 관점의...",2026-09-23 15:16,https://www.discoverynews.kr/news/articleView.html?idxno=1102523,https://www.discoverynews.kr/news/articleView.html?idxno=1102523
서울대학교,SEOULECONEWS,한국씨티은행 차기 행장에 '기업금융전문 '김경호 부행장,"1968년생인 김 부행장은 서울대 국제경제학과, 미국 매사추세츠공대 경영전문대학원(MBA)을 졸업했다. 2001년 한국씨티은행에 입행한 뒤 대기업금융부장, 금융기관본부장 등을 거쳐 2021년 2월부터 기업금융그룹 부행장을...",2026-09-23 15:16,http://www.seouleconews.com/news/articleView.html?idxno=93945,http://www.seouleconews.com/news/articleView.html?idxno=93945
연세대학교,이데일리,"행안부, ""두 줄 서기보다 안전수칙""…에스컬레이터 문화 바꾼다",윤호중 행정안전부 장관이 서울 서대문구 연세대학교 백양누리에서 열린 에스컬레이터 안전 이용 방안을 논의하는 '모두의 토론회'에 참석해 인사말을 하고 있다. (사진=행정안전부) 행정안전부는 지난달 29일 연세대학교...,2026-09-23 15:15,https://www.edaily.co.kr/News/Read?newsId=03778566645583072&mediaCodeNo=257&utm_source=naver&utm_medium=referral&utm_campaign=news_syndication&utm_content=original_article,https://n.news.naver.com/mnews/article/018/0006375027?sid=102
서울대학교,뉴스핌,배일권 세종시 신임 행정부시장 28일 취임…AI·디지털 행정 강화,[사진=세종시] 2026.09.23 vincent977@newspim.com 1972년 서울에서 태어난 배 신임 행정부시장은 서울대학교 사회학과를 졸업한 뒤 서울대학교와 미국 시러큐스대학교 대학원에서 각각 행정학 석사학위를 취득했다. 제42회...,2026-09-23 15:14,https://www.newspim.com/news/view/20260923000855,https://www.newspim.com/news/view/20260923000855
서울대학교,CNB뉴스,"국립부경대, 전국 국·공립대 교직원 축구대회 '3연패'","서울과학기술대와 육사화랑구장 등에서 개최됐으며, 전국 19개 국·공립대 교직원 축구팀에서 600여 명이 참가해 열띤 경쟁을 펼쳤다. 국립부경대는 예선에서 방송통신대학교를 5대 0, 강원대학교를 3대 1, 서울대학교를...",2026-09-23 15:14,https://www.cnbnews.com/news/articleView.html?idxno=1017108,https://www.cnbnews.com/news/articleView.html?idxno=1017108
서울대학교,매일신문,"김위상 의원 ""고령 운수종사자, 예방 중심 안전관리체계 필요""","이날 발제에 나선 김혜원 서울대학교 교통안전·공학연구실 박사는 현행 자격유지검사가 주기 간 공백과 실제 도로 상황을 반영하는 데 한계가 있다고 지적했으며, 이영철 전국개인택시공제조합 대구지부장은 대구 지역...",2026-09-23 15:13,https://www.imaeil.com/page/view/2026092315114656981,https://n.news.naver.com/mnews/article/088/0001030339?sid=100
연세대학교,DAILYESPORTS,"숲, 연세대-고려대 '2026 사이버 정기전' 연다",사이버 정기전은 연세대학교와 고려대학교 학생들이 e스포츠를 통해 교류하는 대학 친선 대회다. 올해는 연세대학교 e스포츠 동아리 '연겜'과 고려대학교 게임 동아리 '디럭스'가 주최한다. 이번 대회에서는 오버워치...,2026-09-23 15:12,http://www.dailyesports.com/view.php?ud=20260923150715957774bcc1e038_27,https://m.sports.naver.com/esports/article/347/0000195843
고려대학교,DAILYESPORTS,"숲, 연세대-고려대 '2026 사이버 정기전' 연다",사이버 정기전은 연세대학교와 고려대학교 학생들이 e스포츠를 통해 교류하는 대학 친선 대회다. 올해는 연세대학교 e스포츠 동아리 '연겜'과 고려대학교 게임 동아리 '디럭스'가 주최한다. 이번 대회에서는 오버워치...,2026-09-23 15:12,http://www.dailyesports.com/view.php?ud=20260923150715957774bcc1e038_27,https://m.sports.naver.com/esports/article/347/0000195843
연세대학교,SBS,"정부, 에스컬레이터 '두 줄 서기' 캠페인 중단…3대 안전수칙 강화",행안부는 지난달 29일 연세대학교 백양누리에서 국민 200여 명과 전문가가 참여한 가운데 열린 '에스컬레이터 안전 이용 문화 개선' 모두의 토론회 결과를 바탕으로 이런 내용의 후속 조치를 추진한다고 밝혔습니다....,2026-09-23 15:11,https://news.sbs.co.kr/news/endPage.do?news_id=N1008767957&plink=ORI&cooper=NAVER,https://n.news.naver.com/mnews/article/055/0001390660?sid=102
서울대학교,CHUNGNAMILBO,정학근 제20대 한국에너지기술연구원장 취임,"정 원장은 전남대학교에서 전기공학 학사, 광주과학기술원(GIST)에서 메카트로닉스공학 석사, 서울대학교에서 기계항공공학 박사 학위를 취득했다. 1998년 에너지연에 입사한 뒤 에너지효율연구본부장을 역임했으며...",2026-09-23 15:10,http://www.chungnamilbo.co.kr/news/articleView.html?idxno=911649,http://www.chungnamilbo.co.kr/news/articleView.html?idxno=911649
서울대학교,인더뉴스,"국립부경대, 교육부장관배 교직원 축구대회 사상 첫 3연패","서울과학기술대학교가 주관한 이번 대회는 서울과학기술대와 육사화랑구장 등에서 진행됐습니다. 전국... 국립부경대는 예선 첫 경기에서 방송통신대학교를 5대 0으로 꺾은 뒤 강원대학교를 3대 1, 서울대학교를 2대...",2026-09-23 15:10,https://www.inthenews.co.kr/news/article.html?no=92330,https://www.inthenews.co.kr/news/article.html?no=92330
고려대학교,메디파나뉴스,"고려의대, 과기부 기초연구사업 23개 과제 선정…38억 확보","고려의대는 과학기술정보통신부가 주관하는 '2026년도 기초연구사업 2차 신규과제'에 대거 선정되며 총... 편성범 고려대 의과대학장은 ""이번 성과는 우리 의과대학이 인공지능(AI), 정밀의료, 바이오헬스, 신약개발 등 미래...",2026-09-23 15:10,https://www.medipana.com/news/articleView.html?idxno=418209,https://www.medipana.com/news/articleView.html?idxno=418209
고려대학교,베타뉴스,"SOOP, 연세대-고려대 e스포츠 대항전 2026 사이버 정기전 진행","'사이버 정기전'은 연세대학교와 고려대학교 학생들이 e스포츠를 통해 교류하는 대학 친선 대회다. 올해는 연세대학교 e스포츠 동아리 '연겜'과 고려대학교 게임 동아리 '디럭스'가 주최하고, GGA가 주관하며 SOOP이...",2026-09-23 15:10,https://www.betanews.net/article/view/beta202609230068,https://www.betanews.net/article/view/beta202609230068
연세대학교,베타뉴스,"SOOP, 연세대-고려대 e스포츠 대항전 2026 사이버 정기전 진행","'사이버 정기전'은 연세대학교와 고려대학교 학생들이 e스포츠를 통해 교류하는 대학 친선 대회다. 올해는 연세대학교 e스포츠 동아리 '연겜'과 고려대학교 게임 동아리 '디럭스'가 주최하고, GGA가 주관하며 SOOP이...",2026-09-23 15:10,https://www.betanews.net/article/view/beta202609230068,https://www.betanews.net/article/view/beta202609230068
서울대학교,디지털타임스,정학근 신임 에기연 원장 “탄소중립 넘어 위대한 기관 만들겠다”,"한편 정 원장은 전남대 전기공학과를 졸업하고, 광주과학기술원(GIST) 메카트로닉스공학 석사, 서울대 기계항공공학 박사를 받았다. 1988년 에기연에 입사한 이후 에너지효율연구본부장, 과기정통부 한계도전 R&D위원회...",2026-09-23 15:09,https://www.dt.co.kr/article/12085644?ref=naver,https://n.news.naver.com/mnews/article/029/0003049680?sid=105
연세대학교,머니투데이,"'대림 4세' 이주영, 美 로스쿨 떠나 연대생 됐다…""자국에서 유학""","다닐 연세대학교 법과대학 건물 앞에서 포즈를 취하고 있다. 흰색 블라우스에 청바지, 긴 웨이브 헤어스타일로 화사한 캠퍼스룩을 선보였다. 이주영은 미국 조지타운 대학교에서 국제경영학을 전공했다. 2024년...",2026-09-23 15:09,https://www.mt.co.kr/entertainment/2026/09/23/2026092314283091279,https://m.entertain.naver.com/article/008/0005417925
서울대학교,디지털데일리,한국 씨티은행장 후보에 김경호 기업금융그룹 부행장,1968년생인 김 부행장은 서울대 국제경제학과를 졸업하고 미국 매사추세츠공대(MIT)에서 경영학 석사(MBA)를 받았다. 삼성물산과 맥킨지앤드컴퍼니를 거쳐 2001년 한국씨티은행에 입행했다. 이후 대기업금융부장과...,2026-09-23 15:07,https://www.ddaily.co.kr/page/view/2026092315040474396,https://n.news.naver.com/mnews/article/138/0002242570?sid=101
서울대학교,CCDAILYNEWS,세종시 시정5기 이끌 인공지능 행정전문가 배일권,배 부시장은 서울대학교 사회학과를 졸업한 뒤 서울대학교와 미국 시라큐스대학교 대학원에서 행정학 석사학위를 받았다. 1999년 행정고시를 거쳐 공직에 들어온 뒤 행정안전부에서 전자정부·정부혁신·공공데이터...,2026-09-23 15:06,https://www.ccdailynews.com/news/articleView.html?idxno=2442867,https://www.ccdailynews.com/news/articleView.html?idxno=2442867
고려대학교,연합뉴스,전남광주시교육청 심민철 신임 2부교육감 28일 부임,"심 부교육감은 고려대 한국사학과를 졸업하고 미국 펜실베이니아 주립대에서 교육행정학 석사 학위를 받았다. 1997년 행정고시 40회로 공직에 입문해 교육부 장관 비서실장, 지방교육자치과장, 인재정책기획관...",2026-09-23 15:06,https://www.yna.co.kr/view/AKR20260923126300054?input=1195m,https://n.news.naver.com/mnews/article/001/0016333064?sid=102
서울대학교,동아일보,"한국씨티은행, 김경호 기업금융그룹 부행장 차기 행장 추천","김 부행장은 서울대 국제경제학과를 졸업하고 미국 매사추세츠공대(MIT)에서 경영학 석사 학위를 받았다. 삼성물산, 맥킨지를 거쳐 2001년 씨티은행 서울지점에 입사했다. 이후 대기업금융부장, 금융기관본부장을 거쳐...",2026-09-23 15:05,https://www.donga.com/news/People/article/all/20260923/134726958/1,https://n.news.naver.com/mnews/article/020/0003750411?sid=102
연세대학교,KPINEWS,"'쉬었음 청년' 68만명 시대…현대해상, 청년 경험 기록 나선다","왼쪽부터 지동섭 SK 수펙스추구협의회 SV위원장, 염재호 태재대학교 총장, 정경선 현대해상 CSO. [현대해상... 염재호 태재대 총장과 장용석 연세대 교수, 엄윤미 아산나눔재단 이사장, 김성준 국민대 교수, 서현선...",2026-09-23 15:04,https://www.kpinews.kr/newsView/1065591882890504,https://www.kpinews.kr/newsView/1065591882890504
연세대학교,KFENEWS,"현대해상, 청년 미래인재 '트레일마크' 공개","염재호 태재대학교 총장, 장용석 연세대학교 교수, 엄윤미 아산나눔재단 이사장, 김성준 국민대학교 교수, 서현선 루트임팩트 이사, 정진우 ACG 컨설팅 대표가 참여한다. 정경선 현대해상 CSO(최고지속가능책임자)는...",2026-09-23 15:02,https://www.kfenews.co.kr/news/articleView.html?idxno=665225,https://www.kfenews.co.kr/news/articleView.html?idxno=665225
서울대학교,DGMBC,대구문화방송 9월 시청자위원회 열어,아울러 시사 프로그램 '시사온'에서 다룬 '서울대 10개 만들기'와 관련해 단순한 '지역 패싱' 문제를 넘어 정부 정책의 근본적 의미와 지역 대학의 실태를 다각도로 분석해 활로를 모색해 줄 것을 당부했습니다.,2026-09-23 15:02,https://dgmbc.com/NewsArticle/864044,https://n.news.naver.com/mnews/article/657/0000055632?sid=102
고려대학교,한국일보,"'정면 충돌' 조희대·청와대, 퇴로가 막혔다... ""헌재 가도 출구 안 보여...","반면 차진아 고려대 법학전문대학원 교수는 ""재제청 요구에 '기존 후보 중 제청'이라는 조건을 붙인 것은 제청권 침해""라고 지적했다. 뚜렷한 기준과 선례가 없는 상황에서, 두 권한의 경계를 헌재가 직접...",2026-09-23 15:02,https://www.hankookilbo.com/news/article/A2026092312390003945?did=NA,https://n.news.naver.com/mnews/article/469/0000955751?sid=102
연세대학교,GAMEMECA,"SOOP, 연고대 옵치·발로·롤 e스포츠 대항전 28일 개최","이번 사이버 정기전은 연세대학교 e스포츠 동아리 연겜과 고려대학교 게임 동아리 디럭스가 주최하고 젠지글로벌아카데미가 주관하며, SOOP은 방송 제작을 맡는다. 대학 친선 대회로 기획된 이번 행사는 오후 2시...",2026-09-23 15:01,https://www.gamemeca.com/mv.php?inflow=naver&gid=1780975,https://n.news.naver.com/mnews/article/356/0000086153?sid=004
고려대학교,GAMEMECA,"SOOP, 연고대 옵치·발로·롤 e스포츠 대항전 28일 개최","이번 사이버 정기전은 연세대학교 e스포츠 동아리 연겜과 고려대학교 게임 동아리 디럭스가 주최하고 젠지글로벌아카데미가 주관하며, SOOP은 방송 제작을 맡는다. 대학 친선 대회로 기획된 이번 행사는 오후 2시...",2026-09-23 15:01,https://www.gamemeca.com/mv.php?inflow=naver&gid=1780975,https://n.news.naver.com/mnews/article/356/0000086153?sid=004
고려대학교,헤럴드경제,현대차 노조 “정년연장이 최고 성과”…취업규칙 특례도 무력화,"박지순 고려대 법학전문대학원 교수는 “현대차 노조가 미리 대못을 박아 놓은 것”이라며 기업들이 임금피크제 확대 대신 직무급제 도입이나 고령 근로자의 직무 재배치, 근로시간 조정, 희망퇴직 등 방식으로 비용...",2026-09-23 15:01,https://biz.heraldcorp.com/article/10882943?ref=naver,https://n.news.naver.com/mnews/article/016/0002701467?sid=101
고려대학교,MONEWS,"[동정] 이승훈·김은상 교수팀, 나누리 학술상 우수상 수상",고려대학교 구로병원 이승훈·김은상 교수(신경외과)팀은 17일 열린 2026년 제40차 대한척추신경외과학회 정기학술대회에서 나누리 학술상 우수상을 수상했다. 연구팀은 '척수 경막내 수외 종양 수술 후 발생하는 요폐...,2026-09-23 15:00,https://www.monews.co.kr/news/articleView.html?idxno=414149,https://www.monews.co.kr/news/articleView.html?idxno=414149
연세대학교,SEOULTIMES,"현대해상, 청년 경험 기록하는 ‘프로젝트 트레일마크’ 공개","염재호 태재대학교 총장, 장용석 연세대학교 교수, 엄윤미 아산나눔재단 이사장, 김성준 국민대학교 교수, 서현선 루트임팩트 이사, 정진우 ACG 컨설팅 대표가 참여한다. 프로젝트를 제안한 현대해상 정경선 CSO...",2026-09-23 14:59,https://www.seoultimes.news/news/article.html?no=2000100222,https://www.seoultimes.news/news/article.html?no=2000100222
연세대학교,SISACAST,"현대해상-SK, 맞손 잡고 AI시대 청년 인재 육성...'프로젝트 트레일마크...","염재호 태재대학교 총장, 장용석 연세대학교 교수, 엄윤미 아산나눔재단 이사장, 김성준 국민대학교 교수, 서현선 루트임팩트 이사, 정진우 ACG 컨설팅 대표가 참여한다. 프로젝트 트레일마크를 제안한 현대해상 정경선 CSO...",2026-09-23 14:58,http://www.sisacast.kr/news/articleView.html?idxno=100388,http://www.sisacast.kr/news/articleView.html?idxno=100388
연세대학교,한국경제TV,혈세 '9천만원' 들여 '한 줄 or 두 줄' 따졌는데…결론은 '원점',23일 행정안전부에 따르면 지난달 29일 연세대 백양누리에서 '에스컬레이터 안전 이용 문화 개선'을 주제로 제2회 '모두의 토론회'가 열렸다. '모두의 토론회'는 국민이 직접 토론에 참여해 공감할 수 있는 정책 방향을...,2026-09-23 14:58,http://www.wowtv.co.kr/NewsCenter/News/Read?articleId=A202609230127&t=NN,https://n.news.naver.com/mnews/article/215/0001267030?sid=102
연세대학교,THISISGAME,"GGA, SOOP과 연세대·고려대 e스포츠 대항전 '2026 사이버 정기전' 진행","‘사이버 정기전’은 연세대학교와 고려대학교 학생들이 e스포츠를 통해 교류하는 대학 친선 대회다. GGA의 국내 대학 e스포츠 동아리 협력체 ‘Gen.G University(젠지 유니버시티, 이하 GGU)’에 소속된 연세대학교...",2026-09-23 14:58,https://www.thisisgame.com/articles/430386,https://www.thisisgame.com/articles/430386
연세대학교,전남일보,에스컬레이터 '한 줄·두 줄' 숙의했지만… 정부 결론은 '3대 수칙',행정안전부는 지난달 29일 연세대 백양누리에서 국민 200여명과 전문가가 참여한 가운데 '에스컬레이터 안전 이용 문화 개선'을 주제로 제2회 '모두의 토론회'를 개최했다. '모두의 토론회'는 국민이 직접 정책 방향을...,2026-09-23 14:58,https://www.jnilbo.com/news/articleView.html?idxno=90000068436,https://www.jnilbo.com/news/articleView.html?idxno=90000068436
서울대학교,WOMANECONOMY,"[김현우의 돌보다] 방문요양 4시간, 부모님 혼자 계실 때는?···지켜야...",이상훈 CM병원 원장 서울대학교병원 정형외과 전공의 미국 New York Columbia University Medical center임상강사 건국대학교병원 정형외과 교수 카이스트 기계공학과 교수 *여성경제신문 기사는 기자 또는 외부 필자가 작성 후 AI를...,2026-09-23 14:58,https://www.womaneconomy.co.kr/news/articleView.html?idxno=259007,https://www.womaneconomy.co.kr/news/articleView.html?idxno=259007
고려대학교,THISISGAME,"GGA, SOOP과 연세대·고려대 e스포츠 대항전 '2026 사이버 정기전' 진행","‘사이버 정기전’은 연세대학교와 고려대학교 학생들이 e스포츠를 통해 교류하는 대학 친선 대회다. GGA의 국내 대학 e스포츠 동아리 협력체 ‘Gen.G University(젠지 유니버시티, 이하 GGU)’에 소속된 연세대학교...",2026-09-23 14:58,https://www.thisisgame.com/articles/430386,https://www.thisisgame.com/articles/430386
연세대학교,NEWSIAN,"현대해상, 청년 현장 경험 채용에 잇는다…'프로젝트 트레일마크' 추진","또한, 프로젝트의 방향성과 전문성을 높이기 위해 교육, HR, 사회혁신 분야 전문가 6인으로 자문위원단을 구성했으며, 염재호 태재대학교 총장, 장용석 연세대학교 교수, 엄윤미 아산나눔재단 이사장, 김성준 국민대학교...",2026-09-23 14:56,http://www.newsian.co.kr/news/articleView.html?idxno=95926,http://www.newsian.co.kr/news/articleView.html?idxno=95926
서울대학교,이데일리,"""서울대 10개 만들기가 국가균형발전 성패 좌우할 것""",“서울대 10개 만들기 프로젝트가 지역균형발전이라는 정책목표에 도달할 수 있으려면 일자리 창출과 인재가... 김형남 부산대 기획처장은 “외부 산업계 전문가가 대학 강단에서 학생들을 가르칠 수 있어야 대학 교육이...,2026-09-23 14:54,https://www.edaily.co.kr/News/Read?newsId=03719526645583072&mediaCodeNo=257&utm_source=naver&utm_medium=referral&utm_campaign=news_syndication&utm_content=original_article,https://n.news.naver.com/mnews/article/018/0006375012?sid=102
연세대학교,FINANCIALREVIEW,[오늘의 보험] 현대해상·AXA손해보험·AIA생명,"또한, 프로젝트의 방향성과 전문성을 높이기 위해 교육, HR, 사회혁신 분야 전문가 6인으로 자문위원단을 구성했으며, 염재호 태재대학교 총장, 장용석 연세대학교 교수, 엄윤미 아산나눔재단 이사장, 김성준...",2026-09-23 14:52,http://www.financialreview.co.kr/news/articleView.html?idxno=45081,http://www.financialreview.co.kr/news/articleView.html?idxno=45081
서울대학교,DIGITALCHOSUN,"모니터코퍼레이션, 유방초음파 AI 싱가포르 첫 상용 공급…창이종합병...",싱가포르 등 아세안(ASEAN) 지역 의료진 대상으로 열린 행사에서 분당서울대학교병원 영상의학과 김선미 교수는 ‘자동유방초음파의 임상 활용: 축적된 경험과 향후 방향’을 주제로 실제 임상에서...,2026-09-23 14:52,http://digitalchosun.dizzo.com/site/data/html_dir/2026/09/23/2026092380162.html,http://digitalchosun.dizzo.com/site/data/html_dir/2026/09/23/2026092380162.html
연세대학교,스마트투데이,"SOOP, '2026 사이버 정기전' 진행","‘사이버 정기전’은 연세대학교와 고려대학교 학생들이 e스포츠를 통해 교류하는 대학 친선 대회다. 올해는 연세대학교 e스포츠 동아리 ‘연겜’과 고려대학교 게임 동아리 ‘디럭스(DELUXE)’가 주최하고, GGA가...",2026-09-23 14:50,https://www.smarttoday.co.kr/ko-kr/articles/111973,https://www.smarttoday.co.kr/ko-kr/articles/111973
연세대학교,NEWSCLAIM,[롯데 인사 전망]① 1년 만에 움직인 CEO들… 신유열은 바이오·한일 식...,"1971년생인 황 부사장은 충남고와 연세대 화학공학과를 졸업하고 같은 대학에서 석사학위를 받은 뒤 1996년 호남석유화학 연구소에서 경력을 시작했으며, KP케미칼 원료 기획·구매를 거쳐 롯데케미칼에서는 올레핀과...",2026-09-23 14:50,https://www.newsclaim.co.kr/news/articleView.html?idxno=3076383,https://www.newsclaim.co.kr/news/articleView.html?idxno=3076383
고려대학교,의학신문,"엘앤씨바이오 '메가카티', 4년 장기 임상 확보…아시아 시장 공략",고려대학교 장기모 교수는 'Beyond Microfracture: The Emerging Role of MegaCarti in Knee Cartilage Regeneration'을 주제로... 현재 동종신경이식재 '메가너브 프라임(MegaNerve Prime)'은 국내 주요 대학병원 40여 곳에 공급돼 정형외과와...,2026-09-23 14:50,https://www.bosa.co.kr/news/articleView.html?idxno=3012781,https://www.bosa.co.kr/news/articleView.html?idxno=3012781
고려대학교,스마트투데이,"SOOP, '2026 사이버 정기전' 진행","‘사이버 정기전’은 연세대학교와 고려대학교 학생들이 e스포츠를 통해 교류하는 대학 친선 대회다. 올해는 연세대학교 e스포츠 동아리 ‘연겜’과 고려대학교 게임 동아리 ‘디럭스(DELUXE)’가 주최하고, GGA가...",2026-09-23 14:50,https://www.smarttoday.co.kr/ko-kr/articles/111973,https://www.smarttoday.co.kr/ko-kr/articles/111973
고려대학교,NEWSCLAIM,[롯데 인사 전망]① 1년 만에 움직인 CEO들… 신유열은 바이오·한일 식...,1971년생인 황 부사장은 충남고와 연세대 화학공학과를 졸업하고 같은 대학에서 석사학위를 받은 뒤 1996년... 대신고와 고려대 화학공학과를 졸업하고 KAIST에서 고분자공학 석·박사학위를 받은 뒤 1991년...,2026-09-23 14:50,https://www.newsclaim.co.kr/news/articleView.html?idxno=3076383,https://www.newsclaim.co.kr/news/articleView.html?idxno=3076383
연세대학교,GAMECHOSUN,"연세대·고려대, e스포츠로 맞붙는다…GGA·SOOP ‘2026 사이버 정기전’...","‘사이버 정기전’은 연세대학교와 고려대학교 학생들이 e스포츠를 통해 교류하는 대학 친선 대회다. GGA가 운영하는 국내 대학 e스포츠 동아리 협력체 ‘젠지 유니버시티(Gen.G University, GGU)’ 소속 연세대학교...",2026-09-23 14:48,https://www.gamechosun.co.kr/webzine/article/view.php?no=225677,https://www.gamechosun.co.kr/webzine/article/view.php?no=225677
고려대학교,GAMECHOSUN,"연세대·고려대, e스포츠로 맞붙는다…GGA·SOOP ‘2026 사이버 정기전’...","‘사이버 정기전’은 연세대학교와 고려대학교 학생들이 e스포츠를 통해 교류하는 대학 친선 대회다. GGA가 운영하는 국내 대학 e스포츠 동아리 협력체 ‘젠지 유니버시티(Gen.G University, GGU)’ 소속 연세대학교...",2026-09-23 14:48,https://www.gamechosun.co.kr/webzine/article/view.php?no=225677,https://www.gamechosun.co.kr/webzine/article/view.php?no=225677
고려대학교,NEWSQUEST,4대 금융지주 회장 인사에 얽힌 4색(色) 평행이론,"2대 어윤대 회장은 고려대 총장과 국가브랜드위원장을 지낸 학계 출신, 3대 임영록 회장은 재정경제부 차관을 거친 관료 출신이다. 흐름이 바뀐 것은 윤종규 전 회장부터다. 윤 전 회장은 KB금융 최고재무책임자(CFO)와...",2026-09-23 14:48,https://www.newsquest.co.kr/news/articleView.html?idxno=301556,https://www.newsquest.co.kr/news/articleView.html?idxno=301556
고려대학교,중앙일보,“조희대 최후의 수단 꺼낸 것”…세 번의 타협안 번번이 좌절됐다,차진아 고려대 로스쿨 교수는 “결국 청와대는 본인이 원하는 사람을 제청하라고 요구하는 것이라 대법원이 받아들일 수 없었을 것”이라며 “대통령과 대법원장이 강 대 강으로 충돌하는 국면에 도달해 대법관 인선...,2026-09-23 14:48,https://www.joongang.co.kr/article/25464449,https://n.news.naver.com/mnews/article/025/0003553494?sid=102
고려대학교,뉴데일리경제,한달 빨리 온 독감에 폭음·과식까지 … 추석 건강 '3대 복병' 주의,"권영근 고려대 안암병원 비만대사센터 교수는 ""명절 음식을 무조건 피하거나 많이 먹었다는 죄책감 때문에 연휴 전후로 굶는 방식의 체중 조절을 반복할 필요는 없다""며 ""연휴가 끝난 뒤 평소 식사와 활동 패턴으로...",2026-09-23 14:46,https://biz.newdaily.co.kr/site/data/html/2026/09/23/2026092300254.html,https://biz.newdaily.co.kr/site/data/html/2026/09/23/2026092300254.html
서울대학교,TV리포트,"홍혜걸, 여에스더 '우울증' 호전되자 남긴 글…""이런 모습 처음, 육십 인...","두 사람은 서울대 의대 선후배로 만나 1994년 부부의 연을 맺었으며 슬하에 두 아들을 뒀다. 여에스더는 연 매출 3,000억 원대 건강기능식품 회사를 이끄는 CEO이기도 하다. / 사진= 홍혜걸",2026-09-23 14:42,https://www.tvreport.co.kr/entertainment/article/1077795/,https://m.entertain.naver.com/article/213/0001402200
서울대학교,뉴스핌,씨티은행 차기 행장에 김경호 부행장,"김 부행장은 서울대 국제경제학과를 졸업하고 2001년 씨티은행에 입행해 대기업금융부장, 금융기업영업본부장 등 기업 금융 분야 요직을 거쳤다. 2021년부터는 부행장으로 승진, 은행의 기업 금융 업무를 총괄했다....",2026-09-23 14:41,https://www.newspim.com/news/view/20260923000799,https://www.newspim.com/news/view/20260923000799
연세대학교,AFLNEWS,AI 시대 농업 연구인재 양성 방안 논의,"농진청은 지난 17일 본청 농업과학도서관에서 전국농학계대학장협의회(농대협), 한국농식품생명과학협회... 1부에서는 김남주 연세대 AI혁신연구원 에듀테크센터장이 'AI 시대, 미래 연구자에게 필요한 역량'을 주제로...",2026-09-23 14:40,https://www.aflnews.co.kr/news/articleView.html?idxno=328866,https://www.aflnews.co.kr/news/articleView.html?idxno=328866
연세대학교,중앙일보,"서울교통공사, 공공데이터 활용 ‘산·학 협력’ 추진",서울교통공사(이하 공사)가 공공데이터의 활용도를 높이고 데이터 기반 문제해결 사례를 발굴하기 위해 대학... 공사는 9월 14일 공사 4층 대회의실에서 경기대학교·동국대학교·세종대학교·연세대학교...,2026-09-23 14:40,https://www.joongang.co.kr/article/25464447,https://n.news.naver.com/mnews/article/025/0003553492?sid=101
연세대학교,FOMOS,"SOOP, 고려대·연세대 e스포츠 대항전 ‘사이버 정기전’ 28일 개최",SOOP은 오는 28일 상암 SOOP 콜로세움에서 젠지글로벌아카데미와 함께 연세대학교와 고려대학교 학생들이... SOOP은 전문 인력과 방송 제작 시스템을 지원해 대학생들이 e스포츠 산업을 현장에서 경험할 수 있도록 도울...,2026-09-23 14:40,https://www.fomos.kr/redirect/news_view?news_cate_id=39&entry_id=156179,https://m.sports.naver.com/esports/article/236/0000257165
연세대학교,THEBILLIARDS,"SOOP, 연세대-고려대 e스포츠 대항전 '2026 사이버 정기전' 진행",연세대학교와 고려대학교 학생들이 e스포츠 종목으로 맞붙는 대학 대항전이 열린다. SOOP(각자 대표이사 최영우·이민원)은 오는 28일 오후 2시 서울 상암 SOOP 콜로세움에서 젠지글로벌아카데미(Gen.G Global Academy·GGA)와...,2026-09-23 14:40,https://www.thebilliards.kr/news/articleView.html?idxno=31999,https://www.thebilliards.kr/news/articleView.html?idxno=31999
연세대학교,연합뉴스,9천만원 들여 200명 숙의했는데…에스컬레이터 대책은 '안전수칙',23일 행안부에 따르면 지난달 29일 연세대 백양누리에서는 국민 200여명과 전문가가 참여한 가운데 '에스컬레이터 안전 이용 문화 개선'을 주제로 제2회 '모두의 토론회'가 열렸다. 모두의 토론회는 국민이 공감하는 더...,2026-09-23 14:40,https://www.yna.co.kr/view/AKR20260923122400530?input=1195m,https://n.news.naver.com/mnews/article/001/0016333002?sid=102
고려대학교,FOMOS,"SOOP, 고려대·연세대 e스포츠 대항전 ‘사이버 정기전’ 28일 개최",SOOP은 오는 28일 상암 SOOP 콜로세움에서 젠지글로벌아카데미와 함께 연세대학교와 고려대학교 학생들이... SOOP은 전문 인력과 방송 제작 시스템을 지원해 대학생들이 e스포츠 산업을 현장에서 경험할 수 있도록 도울...,2026-09-23 14:40,https://www.fomos.kr/redirect/news_view?news_cate_id=39&entry_id=156179,https://m.sports.naver.com/esports/article/236/0000257165
고려대학교,THEBILLIARDS,"SOOP, 연세대-고려대 e스포츠 대항전 '2026 사이버 정기전' 진행",연세대학교와 고려대학교 학생들이 e스포츠 종목으로 맞붙는 대학 대항전이 열린다. SOOP(각자 대표이사 최영우·이민원)은 오는 28일 오후 2시 서울 상암 SOOP 콜로세움에서 젠지글로벌아카데미(Gen.G Global Academy·GGA)와...,2026-09-23 14:40,https://www.thebilliards.kr/news/articleView.html?idxno=31999,https://www.thebilliards.kr/news/articleView.html?idxno=31999
서울대학교,스포츠경향,"‘임수빈과 결별설’ 박희선, 서울대 일상…수수해도 장원영급 미모","박희선은 제68회 미스코리아 선(善) 출신으로, 미국 카네기멜런대학교에서 정보시스템을 전공했다. 현재 서울대학교 방문학생으로 한국에 머물고 있으며, 서울대에서 1년간 수업을 들은 뒤 마지막 학기는 미국으로 돌아가...",2026-09-23 14:39,https://sports.khan.co.kr/article/202609231438003?pt=nv,https://m.entertain.naver.com/article/144/0001140098
연세대학교,여성소비자신문,"삼성물산, 래미안 단지에 AI 웰니스 솔루션 '웰피'·자율주행 주차로봇...",'웰피 마인드'는 연세대 권수영 교수의 상담 기법을 학습한 AI 모델이 탑재되어 AI와 대화하면서 마음 속 어려움과 스트레스를 관리하는 상담과 개인 맞춤형 명상 콘텐츠를 제공한다. 또한 전용 모바일 앱 '웰피'를 통해...,2026-09-23 14:38,http://www.wsobi.com/news/articleView.html?idxno=318746,http://www.wsobi.com/news/articleView.html?idxno=318746
서울대학교,INDUSTRYNEWS,전남TP 해외 실증 지원 성과… 인도네시아 '에너지 자립형 정수시설' 착...,△ 해외협력사업(ODA) 발굴 △해외지원사업협의회 운영 △서울대 IEPP(국제에너지정책과정) 개도국 공무원 네트워크 활용 등 3개 축을 기반으로 지역기업의 해외 프로젝트 발굴과 사업화를 지원하는 방식이다. 전남TP...,2026-09-23 14:36,https://www.industrynews.co.kr/news/articleView.html?idxno=86524,https://www.industrynews.co.kr/news/articleView.html?idxno=86524
고려대학교,로이슈,SOOP 대학 간 e스포츠 대항전 방송 제작 및 행사 개최 지원,"SOOP이 젠지글로벌아카데미와 협력해 연세대학교 및 고려대학교 학생 참여형 e스포츠 대회 2026 사이버... 각 대학 게임 동아리가 주최를 맡았으며, 양교 학생들은 선수 출전 외에 진행, 해설, 방송 제작 등 행사 운영 과정...",2026-09-23 14:34,http://www.lawissue.co.kr/view.php?ud=20260923143320131204ead0791_12,http://www.lawissue.co.kr/view.php?ud=20260923143320131204ead0791_12
연세대학교,로이슈,SOOP 대학 간 e스포츠 대항전 방송 제작 및 행사 개최 지원,"SOOP이 젠지글로벌아카데미와 협력해 연세대학교 및 고려대학교 학생 참여형 e스포츠 대회 2026 사이버... 각 대학 게임 동아리가 주최를 맡았으며, 양교 학생들은 선수 출전 외에 진행, 해설, 방송 제작 등 행사 운영 과정...",2026-09-23 14:34,http://www.lawissue.co.kr/view.php?ud=20260923143320131204ead0791_12,http://www.lawissue.co.kr/view.php?ud=20260923143320131204ead0791_12
서울대학교,KOREAHEALTHLOG,척수이형성증 환자 발관리 핵심 '발 매일 살피고 눌리지 않는 습관을',서울대어린이병원 척수이형성증 클리닉팀은 최근 제16회 척수이형성증 공개강좌를 열고 '발 관리는 어떻게... 이와 관련 서울대어린이병원 소아재활의학과 현성은 교수는 약해진 근육을 보완해 발 모양을 유지하는 보조기...,2026-09-23 14:34,https://www.koreahealthlog.com/news/articleView.html?idxno=59156,https://www.koreahealthlog.com/news/articleView.html?idxno=59156
고려대학교,뉴스티앤티,"고려대 연구팀, D-리보오스로 항암제 핵심 원료 친환경 생산",고려대는 생명과학대학 식품공학과 및 대학원 융합생명공학과 김경헌 교수팀이 경북대학교 식품공학부 김동현 교수와 함께 효소 반응만으로 D-리보오스를 L-리보오스로 전환하는 데 성공했다고 23일 밝혔다....,2026-09-23 14:32,https://www.newstnt.com/news/articleView.html?idxno=719925,https://www.newstnt.com/news/articleView.html?idxno=719925
고려대학교,뉴스티앤티,"고려대, 코리아타임스 우수대학랭킹 2년 연속 종합 1위","김동원 고려대 총장은 ""코리아타임스 우수대학랭킹에서 올해도 1위에 오른 것은 글로벌 캠퍼스를 목표로 교육과 연구, 학생 지원 전반에서 국제화를 꾸준히 추진한 구성원 모두의 노력 덕분""이라며 ""외국인 학생과...",2026-09-23 14:32,https://www.newstnt.com/news/articleView.html?idxno=719924,https://www.newstnt.com/news/articleView.html?idxno=719924
고려대학교,데일리메디,"""메가카티 시술 4년 뒤에도 통증·기능 개선 유지""",고려대학교 장기모 교수는 ‘Beyond Microfracture: The Emerging Role of MegaCarti in Knee Cartilage Regeneration’을 주제로 메가카티를 활용한 무릎 연골 재생 치료와 4년 추적 결과를 발표했다. 단기적인 연골 재생 효과를 넘어...,2026-09-23 14:32,https://www.dailymedi.com/news/news_view.php?wr_id=940833,https://www.dailymedi.com/news/news_view.php?wr_id=940833
서울대학교,WEEKLYTODAY,"[위클리오늘] 경기도, 인공지능·디지털트윈으로 고병원성 조류인플루엔...","회의에는 경기도, 농림축산검역본부, 화성시·평택시, ㈜미소정보기술, 메인아이티, 빅밸류, 전남대학교... 이어 다음 강연자인 서울대학교 사회학과 김홍중 교수가 '함께 살아가는 연결의 문법'을 주제로 지속 가능한...",2026-09-23 14:32,http://www.weeklytoday.com/news/articleView.html?idxno=795844,http://www.weeklytoday.com/news/articleView.html?idxno=795844
서울대학교,WIDEDAILY,"""출발선 다른데 같은 잣대 대나""…제주대 '서울대 10개 만들기' 탈락에...","정부의 핵심 고등교육 정책인 '서울대 10개 만들기(S-10)' 지원 대상에서 제주대학교가 최종 고배를 마시자 제주 지역사회가 거세게 반발하고 나섰다. 제주도정과 지방의회, 대학 수장이 한자리에 모여 균형발전 취지에...",2026-09-23 14:32,https://www.widedaily.com/news/articleView.html?idxno=301461,https://www.widedaily.com/news/articleView.html?idxno=301461
고려대학교,뉴스1,특권과 신체 조건이 만든 불평등…오광욱 네 번째 희곡집,"오광욱은 중앙대학교 예술대학원에서 연극을, 고려대학교 대학원에서 희곡을 전공했다. 제6회 윤대성희곡상을 받았으며 '덕혜옹주', '유관순 9월의 노래', '사법살인 59', '17번' 등을 선보였다. △ '인간등급 C'/ 오광욱 지음...",2026-09-23 14:32,https://www.news1.kr/life-culture/book/6300461,https://n.news.naver.com/mnews/article/421/0009189052?sid=103
서울대학교,이뉴스투데이,"[기고] '서울대 10개 만들기(S10)', 경상국립대학교가 반드시 포함돼야 ...",이러한 학내 구성원들의 절박한 호소에 서울과 수도권을 비롯해 진주·창원 등 전국 각지에서 활약 중인 경상국립대학교 23만 동문들 역시 강력한 지지와 연대의 뜻을 모으고 있다. '서울대 10개 만들기'는 단순한 지역...,2026-09-23 14:30,http://www.enewstoday.co.kr/news/articleView.html?idxno=2473982,http://www.enewstoday.co.kr/news/articleView.html?idxno=2473982
연세대학교,IBABYNEWS,"[나눔 트렌드] 월드비전, 추석 앞두고 식생활취약아동 490명에 명절 특식...",연세대학교에서 신학과 아동가족학을 전공한 노은지 기상캐스터는 2009년부터 KBS 기상캐스터로 활동하며 뉴스와 기상 프로그램 등을 통해 기상정보를 전달해왔다. 한편 사랑의열매 '나눔리더'는 개인이 1년 이내 100만원...,2026-09-23 14:30,https://www.ibabynews.com/news/articleView.html?idxno=154761,https://www.ibabynews.com/news/articleView.html?idxno=154761
연세대학교,국민일보,소환사 협곡에서 ‘사이버 연고전’ 열린다,사이버 정기전은 두 대학의 학생들이 e스포츠를 통해 교류하는 대학 친선 대회다. 올해는 연세대 e스포츠 동아리 ‘연겜’과 고려대 게임 동아리 ‘디럭스’가 주최하고 젠지 글로벌 아카데미(GGA)가 주관한다. 이번...,2026-09-23 14:29,https://www.kmib.co.kr/article/view.asp?arcid=9000016887&cp=nv,https://m.sports.naver.com/esports/article/005/0001874773
고려대학교,국민일보,소환사 협곡에서 ‘사이버 연고전’ 열린다,사이버 정기전은 두 대학의 학생들이 e스포츠를 통해 교류하는 대학 친선 대회다. 올해는 연세대 e스포츠 동아리 ‘연겜’과 고려대 게임 동아리 ‘디럭스’가 주최하고 젠지 글로벌 아카데미(GGA)가 주관한다. 이번...,2026-09-23 14:29,https://www.kmib.co.kr/article/view.asp?arcid=9000016887&cp=nv,https://m.sports.naver.com/esports/article/005/0001874773
서울대학교,조선일보,서울대 정시 교과평가 40%·고려대 교과 20%… ‘자퇴 후 정시 올인’ 신...,"그 인원이 의대 정원보다도 적을 것으로 추산된다는 점을 감안하면, 1등급 아니면 인서울 어렵다는 것은 실제 데이터와는 거리가 있다. ◇ 정시로 도망가도 내신에서 완전히 자유로워지진 않는다 2028학년도 대입부터는...",2026-09-23 14:28,https://edu.chosun.com/site/data/html_dir/2026/09/23/2026092380144.html,https://edu.chosun.com/site/data/html_dir/2026/09/23/2026092380144.html
고려대학교,조선일보,서울대 정시 교과평가 40%·고려대 교과 20%… ‘자퇴 후 정시 올인’ 신...,"반영하는 대학이 늘어난다. 수능 성적만으로 뽑던 전형이 점점 줄고, 정시 안에서도 학생부의 비중이 새로 생기거나 커지는 대학이 여럿이다. 정시는 어차피 수능 점수만 본다는 전제 자체가 흔들리고 있는 셈이다....",2026-09-23 14:28,https://edu.chosun.com/site/data/html_dir/2026/09/23/2026092380144.html,https://edu.chosun.com/site/data/html_dir/2026/09/23/2026092380144.html
서울대학교,HELLOT,한·체코 첨단 로봇 협력센터 개소...공동 R&D 및 유럽 현장 실증 ‘가속...,이 시설은 체코프라하공과대학교(CTU) 산하 체코 정보학·로봇공학·사이버네틱스 연구소(CIIRC)에... 해당 과제에는 KIRIA·CTU·한국전자기술연구원(KETI)·서울대학교·화승알앤에이 등이 참여한다. 더불어...,2026-09-23 14:26,https://www.hellot.net/news/article.html?no=115112,https://www.hellot.net/news/article.html?no=115112
연세대학교,KHGAMES,"연세대 vs 고려대, e스포츠로 맞붙는다…SOOP '2026 사이버 정기전' 진행",함께 연세대학교와 고려대학교 학생들이 참여하는 '2026 사이버 정기전'을 개최한다고 밝혔다. 사이버 정기전은 양교 학생들이 e스포츠를 통해 교류하는 대학 친선 대회다. 올해 대회는 연세대 e스포츠 동아리 '연겜...,2026-09-23 14:24,https://www.khgames.co.kr/news/articleView.html?idxno=308779,https://www.khgames.co.kr/news/articleView.html?idxno=308779
연세대학교,IBABYNEWS,"[청소년뉴스] 농어촌청소년육성재단, 최순영 신임 이사장 취임 外","청소년의 대학 진학을 지원하기 위해 '2026 학교 밖 청소년 맞춤형 진학 컨설팅'을 운영한다. 서울시교육청은... 발제에서는 상윤모 연세대 교수가 '청소년 SNS 이용제한 이슈와 과제', 김나정 국회입법조사처 조사관이...",2026-09-23 14:24,https://www.ibabynews.com/news/articleView.html?idxno=154749,https://www.ibabynews.com/news/articleView.html?idxno=154749
서울대학교,IBABYNEWS,"[청소년뉴스] 농어촌청소년육성재단, 최순영 신임 이사장 취임 外","◇ 서울특별시교육청, 학교 밖 청소년 맞춤형 진학 컨설팅 개선 서울특별시교육청이 학교 밖 청소년의 대학... 이어 이성엽 고려대 교수 겸 한국정보통신법정책학회장을 좌장으로 윤영호 서울대 가정의학과 교수, 조영기...",2026-09-23 14:24,https://www.ibabynews.com/news/articleView.html?idxno=154749,https://www.ibabynews.com/news/articleView.html?idxno=154749
고려대학교,KHGAMES,"연세대 vs 고려대, e스포츠로 맞붙는다…SOOP '2026 사이버 정기전' 진행",연세대학교와 고려대학교 학생들이 참여하는 '2026 사이버 정기전'을 개최한다고 밝혔다. 사이버 정기전은 양교 학생들이 e스포츠를 통해 교류하는 대학 친선 대회다. 올해 대회는 연세대 e스포츠 동아리 '연겜'과...,2026-09-23 14:24,https://www.khgames.co.kr/news/articleView.html?idxno=308779,https://www.khgames.co.kr/news/articleView.html?idxno=308779
고려대학교,IDAEGU,영탁과 함께 달린다…정규 3집 전곡 담은 '드라이브 플레이리스트',"한편 영탁은 다음 달 3~5일 서울 고려대학교 화정체육관에서 단독 콘서트 'TAK SHOW5'를 열고 전국투어에 나선다. 이후 전주(10월 24~25일)와 대구(11월 28~29일), 인천(12월 19~20일), 부산(내년 1월 16~17일)에서 공연을...",2026-09-23 14:24,https://www.idaegu.co.kr/news/articleView.html?idxno=560521,https://www.idaegu.co.kr/news/articleView.html?idxno=560521
고려대학교,IBABYNEWS,"[청소년뉴스] 농어촌청소년육성재단, 최순영 신임 이사장 취임 外","학생별 성적과 희망 대학을 고려해 가나다군 조합과 합격 가능성을 종합적으로 검토하고 정시 지원전략을... 이어 이성엽 고려대 교수 겸 한국정보통신법정책학회장을 좌장으로 윤영호 서울대 가정의학과 교수, 조영기...",2026-09-23 14:24,https://www.ibabynews.com/news/articleView.html?idxno=154749,https://www.ibabynews.com/news/articleView.html?idxno=154749
연세대학교,서울경제,"정부, 에스컬레이터 ‘두줄서기’ 캠페인 중단",행안부는 지난달 29일 연세대 백양누리에서 열린 ‘에스컬레이터 안전 이용 문화 개선’을 주제로 한 모두의 토론회 결과 이러한 내용을 담은 후속 조치를 추진한다고 23일 밝혔다. 행안부는 토론회에서 모인 국민 의견을...,2026-09-23 14:22,https://www.sedaily.com/article/20094503?ref=naver,https://n.news.naver.com/mnews/article/011/0004664962?sid=102
연세대학교,연합뉴스TV,"""치대생 반바지 죄송""…""의사 윤리"" vs ""반성문은 심해""",연세대학교 치과대학 학생들이 복장 규정을 어겼다는 이유로 쓴 손글씨 반성문이 강의실에 게시된 장면이... 대학교 온라인 커뮤니티에서는 연대 치과대학에서 복장 규정을 안 지켰다고 선배들이 화장실로 끌고 가서...,2026-09-23 14:20,http://www.yonhapnewstv.co.kr/news/AKR20260923141958UzS,https://n.news.naver.com/mnews/article/422/0000909100?sid=102
서울대학교,글로벌에픽,"""기업금융 DNA 잇는다""…한국씨티, 김경호 차기 행장 지목","'기업금융 수장=CEO' 성공 공식 재확인…전문성 중심 체질개선 김경호 후보자는 서울대 국제경제학과와 미국 매사추세츠공대(MIT) 경영전문대학원(MBA)을 거쳐 씨티은행에 입행한 뒤 대기업금융부장, 금융기관본부장 등...",2026-09-23 14:20,http://www.globalepic.co.kr/view.php?ud=202609231415143017cc35ccc5c_29,http://www.globalepic.co.kr/view.php?ud=202609231415143017cc35ccc5c_29
서울대학교,HEADLINEJEJU,"제주도·도의회·제주대 ""'서울대 10개 만들기' 미선정, '평가 기준' 공...","제주특별자치도와 제주특별자치도의회, 제주대학교가 '서울대 10개 만들기'(S-10) 패키지 지원사업에 제주대가 선정되지 못한 것과 관련해 공동 대응에 나섰다. 세 기관은 23일 오전 11시 30분 제주도청 기자실에서 공동...",2026-09-23 14:18,https://www.headlinejeju.co.kr/news/articleView.html?idxno=599513,https://www.headlinejeju.co.kr/news/articleView.html?idxno=599513
서울대학교,교수신문,[교수초빙] 서울대학교 간호대학 2026학년도 제2차 교수채용 공고,대학 홈페이지 바로가기 >,2026-09-23 14:16,https://www.kyosu.net/news/articleView.html?idxno=210711,https://www.kyosu.net/news/articleView.html?idxno=210711
서울대학교,JEJUSORI,"'서울대 10개' 탈락 제주대, 공동전선 폈지만 막막","정부가 추진하는 대학 지원 사업, 일명 '서울대 10개 만들기'에 제주대가 탈락했다. 제주대 총장과 제주도지사... 해당 사업은 수도권을 제외한 거점 국립대학교 9곳 가운데 3곳을 선정하는 내용이다. 학교 한 곳당 5년간 최대...",2026-09-23 14:14,https://www.jejusori.net/news/articleView.html?idxno=506842,https://www.jejusori.net/news/articleView.html?idxno=506842
연세대학교,중앙이코노미뉴스,"""청년 경험, 미래역량으로""…현대해상, 미래인재 육성 '트레일마크' 공...","또한 프로젝트의 방향성과 전문성을 높이기 위해 교육, HR, 사회혁신 분야 전문가 6인으로 자문위원단을 구성했으며, 염재호 태재대학교 총장, 장용석 연세대학교 교수, 엄윤미 아산나눔재단 이사장, 김성준 국민대학교...",2026-09-23 14:14,https://www.joongangenews.com/news/articleView.html?idxno=550377,https://www.joongangenews.com/news/articleView.html?idxno=550377
연세대학교,00NEWS,"[김용신의 산책] 1인 가구 시대, 더 즐거운 추석 만들기",명절이 1인 가구 시대에 맞는 새로운 공동체의 명절로 다시 태어날 수 있도록 우리 모두가 애쓸 일이다.  연세대학교 행정학과 연세민주동우회원 녹화공작 진실규명위원회원 협동조합 은빛기획 기획위원,2026-09-23 14:14,http://www.00news.co.kr/news/articleView.html?idxno=106796,http://www.00news.co.kr/news/articleView.html?idxno=106796
연세대학교,신아일보,"연세대 미래캠퍼스, 강원 '대학 헌혈릴레이' 최우수 대학 선정",강원특별자치도혈액원은 지난 22일 연세대학교 미래캠퍼스를 찾아 2026년 1학기 도내 대학을 대상으로 진행한 대학 헌혈릴레이 최우수 기관 표창을 전달했다. 이날 전달식에서는 최우수 기관 선정을 기념하는 폼보드와 함께...,2026-09-23 14:14,https://www.shinailbo.co.kr/news/articleView.html?idxno=5065573,https://www.shinailbo.co.kr/news/articleView.html?idxno=5065573
연세대학교,뉴스1,AI 시대 의료데이터 활용 본격화…'디지털헬스케어법' 제정 속도,이어 정형선 연세대 명예교수는 '보건의료데이터 활용 거버넌스의 국제동향과 시사점'을 주제로 주요국의 활용 및 거버넌스 사례를 살펴보고 국내 디지털헬스케어법의 주요 쟁점에 대해 말했다. 박유랑 연세대 교수는...,2026-09-23 14:14,https://www.news1.kr/bio/welfare-medical/6300417,https://n.news.naver.com/mnews/article/421/0009189006?sid=105
고려대학교,이데일리,추석 뒤 1~2kg 늘었다면…급한 단식 대신 식사·활동 패턴 회복,"고려대학교 안암병원 비만대사센터 권영근 교수는 “추석에는 평소보다 다양한 음식을 접하고 식사량이 늘어날 수 있지만, 명절 음식을 무조건 피하거나 많이 먹었다는 죄책감 때문에 연휴 전후로 굶는 방식의 체중...",2026-09-23 14:13,https://www.edaily.co.kr/News/Read?newsId=03558806645583072&mediaCodeNo=257&utm_source=naver&utm_medium=referral&utm_campaign=news_syndication&utm_content=original_article,https://n.news.naver.com/mnews/article/018/0006374975?sid=102
서울대학교,M-JOONGANG,[연재소설] 물로 씌어진 이름,"이끌고 서울 경무대와 진해 별장을 오가면서, 한국을 찾아오는 중요한 인사들을 만나야 했다. 지난 3월에 만... 1967년 서울대 상과대학 졸업. 1987년 소설  발표. 이후 50여 권의 저술을 펴냄. 최근에는 소설",2026-09-23 14:10,https://www.m-joongang.com/news/articleView.html?idxno=403120,https://www.m-joongang.com/news/articleView.html?idxno=403120
연세대학교,마이데일리,"'대림 4세' 이주영, 美 로스쿨 떠나 연대 다닌다…재벌家도 캠퍼스선 청...","이주영은 23일 자신의 계정에 ""studying abroad in my own country(내 나라에서 유학 중)""라며 ""연세 교환학생의... 조지타운대학교를 졸업한 뒤 현재 조지타운 로스쿨에 재학 중이다. 그런 이주영이 연세대학교 법과대학...",2026-09-23 14:10,https://www.mydaily.co.kr/page/view/2026092313510430225,https://m.entertain.naver.com/article/117/0004108531
고려대학교,CNB뉴스,"전남광주시교육청, 심민철 신임 제2부교육감 부임","심 부교육감은 오는 28일부터 공식 업무를 시작한다. 한편 서울 출신인 심민철 부교육감은 서울 반포고등학교 졸업하고 고려대학교 한국사학과 학사, 미국 펜실베니아주립대학교 교육대학원 교육행정학 석사과정을 마쳤다.",2026-09-23 14:08,https://www.cnbnews.com/news/articleView.html?idxno=1017105,https://www.cnbnews.com/news/articleView.html?idxno=1017105
서울대학교,파이낸셜뉴스,"최대 2900억 S-10서 제주대 제외… 제주도·도의회·대학 ""평가기준 공개...","학교당 5년간 최대 2900억원이 투입되는 정부의 '서울대 10개 만들기(S-10)' 패키지 지원대학에서 제주대학교가 제외되자 제주도와 제주도의회, 제주대가 정부에 평가기준 공개와 후속지원 대책을 공동 요구했다....",2026-09-23 14:08,https://www.fnnews.com/news/202609231353500823,https://n.news.naver.com/mnews/article/014/0005580347?sid=102
연세대학교,OSEN,"'대림 4세' 이주영, 美로스쿨 다니더니..연대생 됐다 ""자국에서 유학""","이주영은 앞서 조지타운 대학교 로스쿨에 입학해 법학을 공부하고 있다. 하지만 교환학생을 통해 연세대학교 로스쿨에서 유학 아닌 유학생활을 하게 된 것으로 보인다. 이에 이주영은 ""연세 교환학생의 캠퍼스룩...",2026-09-23 14:08,http://www.osen.co.kr/article/G1112880699,https://m.entertain.naver.com/article/109/0005611553
서울대학교,매일일보,"로지스올그룹, LAPI 세미나 개최… 유통 변화 대응 물류자원 공유 방안...","서울대학교 경영대학 박성호 교수가 발표를 맡았으며, KCCLO 회원사 관계자 약 100명이 온라인으로 참석했다. 피지컬 인터넷은 기업별로 운영하는 운송수단과 창고, 물류장비 등을 표준화된 체계를 통해 연결하고...",2026-09-23 14:06,https://www.m-i.kr/news/articleView.html?idxno=1417828,https://www.m-i.kr/news/articleView.html?idxno=1417828
서울대학교,글로벌경제신문,"한국씨티은행, 6년 만에 행장 교체…'기업금융통' 김경호 부행장 내정","1968년생인 김경호 후보는 서울대 국제경제학과, 미국 매사추세츠공대 경영전문대학원(MBA)을 졸업했다. 삼성물산 경영관리와 맥킨지 앤 컴퍼니 컨설턴트를 거쳐 2001년 한국씨티은행에 첫 발을 들였다. 김경호 후보는 약...",2026-09-23 14:06,https://www.getnews.co.kr/news/articleView.html?idxno=881685,https://www.getnews.co.kr/news/articleView.html?idxno=881685
서울대학교,BZERONEWS,'1조4867억' 충북교육 2기 공약 공개…49개 과제에 4년 투자,"한편 윤건영 교육감은 서울대 윤리교육과와 동 대학원을 졸업하고 서울대 교육학 박사학위를 취득했으며, 청주교육대학교 교수와 학생처장·교무처장을 거쳐 제18대 총장을 역임했다. 충북교원단체총연합회 회장...",2026-09-23 14:04,https://www.bzeronews.com/news/articleView.html?idxno=823079,https://www.bzeronews.com/news/articleView.html?idxno=823079
연세대학교,뉴시스,"대림 4세 이주영, 연대생 됐다…캠퍼스룩 눈길","연세대학교 서울캠퍼스에서 모습을 드러냈다. 이주영은 23일 소셜미디어에 ""내 나라에서 하는 유학. 연세... 이후 2024년 조지타운 대학교 법학대학원에 장학생으로 합격해 로스쿨에 재학 중이다. 그는 최근 연세대학교에서...",2026-09-23 14:02,https://www.newsis.com/view/NISX20260923_0003802087,https://m.entertain.naver.com/article/003/0014210865
연세대학교,연합뉴스TV,"정부, 에스컬레이터 '두 줄 서기' 캠페인 중단…대신 '안전' 강조",행안부는 지난달 29일 연세대학교 백양누리에서 국민 200여 명과 전문가가 참여한 가운데 열린 '에스컬레이터 안전 이용 문화 개선' 모두의 토론회 결과를 바탕으로 이런 내용의 후속 조치를 추진한다고 밝혔습니다....,2026-09-23 14:01,http://www.yonhapnewstv.co.kr/news/AKR20260923140045vGP,https://n.news.naver.com/mnews/article/422/0000909090?sid=102
연세대학교,주간조선,에스컬레이터 '두 줄 서기' 결국 접는다…정부가 정한 새 원칙은,행정안전부는 지난달 29일 연세대 백양누리에서 국민 200여명과 전문가가 참여한 가운데 열린 '에스컬레이터 안전 이용 문화 개선' 모두의 토론회 결과를 바탕으로 이 같은 후속 조치를 추진한다고 23일 밝혔다. 행안부는...,2026-09-23 14:00,http://weekly.chosun.com/news/articleView.html?idxno=55566,https://n.news.naver.com/mnews/article/053/0000061732?sid=102
고려대학교,IROBOTNEWS,"엔도로보틱스, IPO 시동…미래에셋증권 대표주관사 우선협상자 선정","엔도로보틱스는 김병곤 대표와 고려대 홍대희 교수 연구팀이 2012년부터 과학기술정보통신부·한국연구재단... 김병곤 엔도로보틱스 대표는 ""최고의 기술력을 보유하고 있으면서도 항상 시장의 반응을 최우선으로 고려...",2026-09-23 14:00,https://www.irobotnews.com/news/articleView.html?idxno=48662,https://www.irobotnews.com/news/articleView.html?idxno=48662
고려대학교,이투데이,테슬라·웨이모가 연 자율주행 시대⋯현대차의 ‘아트리아 AI’ 승부수,"한국에서도 1990년대 초 대학 연구진을 중심으로 무인자동차 실험이 시작됐다. 한민홍 당시 고려대 교수 연구팀은 1992년 교내에서 무인차를 공개하고 1993년 일반도로, 1995년 고속도로에서 시험주행을 진행했다. 이후...",2026-09-23 14:00,https://www.etoday.co.kr/news/view/2627497,https://www.etoday.co.kr/news/view/2627497
서울대학교,THE-BIZ,씨티은행 차기 행장에 김경호… 3회 연속 '기업금융 수장' 승계 공식,◆ 25년 정통 '씨티맨'… 기업영업·전략·리스크 두루 거쳐 1968년생인 김 부행장은 서울대 국제경제학과를... 2004년 11월 한미은행과 씨티은행 서울지점 통합으로 출범한 한국씨티은행은 22년간 하영구·박진회·유명순 등...,2026-09-23 14:00,http://www.the-biz.co.kr/news/articleView.html?idxno=728338,http://www.the-biz.co.kr/news/articleView.html?idxno=728338
서울대학교,약업신문,[부음] 신영기(서울대학교 시흥캠퍼스 본부장·에이비온 대표이사) 모친...,"신영균·신영세·신영기(서울대학교 시흥캠퍼스 본부장·에이비온 대표이사)·신영미씨 모친상, 최윤라씨 시모상, 정삼기씨 장모상△빈소: 삼성서울병원 장례식장 20호실△발인: 24일 오전 11시△장지: 서울추모공원...",2026-09-23 13:58,https://www.yakup.com/news/index.html?mode=view&cat=meet&cat2=35&nid=1700148929,https://www.yakup.com/news/index.html?mode=view&cat=meet&cat2=35&nid=1700148929
서울대학교,연합뉴스,"제주도·도의회·제주대 ""'서울대 10개 만들기' 제주 소외 안돼""","거점 국립대 지원 미선정 공동 대응…평가기준 공개·후속지원 촉구 제주도와 제주도의회, 제주대학교가 정부의 '서울대 10개 만들기' 지원사업에서 제주대가 제외된 데 대해 공동 대응에 나섰다. 위성곤 제주지사와...",2026-09-23 13:56,https://www.yna.co.kr/view/AKR20260923110400056?input=1195m,https://n.news.naver.com/mnews/article/001/0016332783?sid=102
연세대학교,한국강사신문,"대치동 수학학원 더원, 예비 고1 상위권 준비 '공통수학1 성취도 평가' ...","2026학년도 입시에서도 서울대 간호학과, 고려대 공과대학, 고려대 국어교육학과, 연세대 경영학과, 성균관대 에너지학과, 한양대 경영학과 등에 합격생을 배출한 바 있다. 합격생들은 모두 중학교 때부터 고등학교까지...",2026-09-23 13:56,https://www.lecturernews.com/news/articleView.html?idxno=211063,https://www.lecturernews.com/news/articleView.html?idxno=211063
고려대학교,한국강사신문,"대치동 수학학원 더원, 예비 고1 상위권 준비 '공통수학1 성취도 평가' ...","2026학년도 입시에서도 서울대 간호학과, 고려대 공과대학, 고려대 국어교육학과, 연세대 경영학과, 성균관대 에너지학과, 한양대 경영학과 등에 합격생을 배출한 바 있다. 합격생들은 모두 중학교 때부터 고등학교까지...",2026-09-23 13:56,https://www.lecturernews.com/news/articleView.html?idxno=211063,https://www.lecturernews.com/news/articleView.html?idxno=211063
서울대학교,한국강사신문,"대치동 수학학원 더원, 예비 고1 상위권 준비 '공통수학1 성취도 평가' ...","그 결과 휘문고, 단대부고, 숙명여고, 중산고, 서울세종고 등으로 진학한 뒤 목표한 내신 성과를 거둔 바... 2026학년도 입시에서도 서울대 간호학과, 고려대 공과대학, 고려대 국어교육학과, 연세대 경영학과, 성균관대...",2026-09-23 13:56,https://www.lecturernews.com/news/articleView.html?idxno=211063,https://www.lecturernews.com/news/articleView.html?idxno=211063
서울대학교,CATHOLICNEWS,팔레스타인 그리스도인과 정착민 식민주의 신학,"이찬수 서강대학교 종교학과에서 박사학위를 받았고, 강남대학교 교수, 서울대학교 통일평화연구원 HK연구교수, 보훈교육연구원장 등을 지냈다. 『인간은 신의 암호』, 『평화와 평화들』, 『사회는 왜...",2026-09-23 13:56,https://www.catholicnews.co.kr/news/articleView.html?idxno=35405,https://www.catholicnews.co.kr/news/articleView.html?idxno=35405
서울대학교,서울경제,씨티은행장에 김경호 기업금융 부행장,김 후보는 1968년생으로 서울대 국제경제학과와 미국 매사추세츠공대(MIT) 경영전문대학원(MBA)을 졸업했다. 삼성물산과 맥킨지앤드컴퍼니를 거쳐 2001년 씨티은행에 입사했다. 기업금융심사역과 대기업금융부장...,2026-09-23 13:52,https://www.sedaily.com/article/20094486?ref=naver,https://n.news.naver.com/mnews/article/011/0004664953?sid=101
서울대학교,한겨레,“제주대는 왜 빼?”…‘서울대 10개 만들기’ 탈락 반발,"‘서울대 10개 만들기’ 패키지 지원 사업에서 탈락한 제주대학교와 제주도가 정부를 향해 평가 기준을 공개하고 후속 지원 대책을 마련하라고 요구했다. 위성곤 제주도지사, 송영훈 제주도의회 의장, 양덕순 제주대...",2026-09-23 13:52,https://www.hani.co.kr/arti/area/jeju/1279241.html,https://n.news.naver.com/mnews/article/028/0002824404?sid=102
서울대학교,서울경제TV,[부고] 신영기(서울대학교 시흥캠퍼스 본부장·에이비온 대표이사)씨 모...,"▲ 최옥선 씨 별세, 신영기 씨(서울대 시흥캠퍼스 본부장) 모친상 = 22일, 삼성서울병원 장례식장 20호실, 발인 24일 오전 11시 15분, 장지 제주 선영.",2026-09-23 13:52,https://www.sentv.co.kr/article/view/sentv202609230129,https://www.sentv.co.kr/article/view/sentv202609230129
서울대학교,머니투데이,[부고] 신영기(서울대학교 시흥캠퍼스 본부장·에이비온 대표)씨 모친상,"■최옥선(향년 91세)씨 별세, 신상범씨 부인상, 신영균·신영세·신영기(서울대학교 시흥캠퍼스 본부장·에이비온 대표)·신영미씨 모친상, 최윤라씨 시모상, 정삼기씨 장모상= 삼성서울병원 장례식장 20호실, 발인...",2026-09-23 13:50,https://www.mt.co.kr/society/2026/09/23/2026092313222263423,https://n.news.naver.com/mnews/article/008/0005417885?sid=102
서울대학교,헬로디디,"정학근 에너지연 원장 ""연구 관행 바꾸고 창의·도전 연구 키울 것""","전남대학교에서 전기공학 학사, GIST에서 메카트로닉스공학 석사, 서울대학교에서 기계항공공학 박사 학위를 받았다. 에너지연 에너지효율연구본부장을 지냈으며 과학기술정보통신부 한계도전 R&D위원회 기획위원...",2026-09-23 13:50,http://www.hellodd.com/news/articleView.html?idxno=113284,http://www.hellodd.com/news/articleView.html?idxno=113284
고려대학교,뉴시스,"안산시, 추석 연휴 안전·의료·교통 등 '314명 비상근무'","의료 분야에서는 상록수·단원보건소를 중심으로 비상진료대책 상황실을 운영하며, 근로복지공단 안산병원·사랑의병원·동안산병원 등 상록구 3곳과 고려대학교 안산병원·한도병원·단원병원·클래스병원 등 단원구...",2026-09-23 13:46,https://www.newsis.com/view/NISX20260923_0003802097,https://n.news.naver.com/mnews/article/003/0014210789?sid=102
서울대학교,NEWSIAN,한국씨티은행 차기 행장에 김경호 부행장…6년 만에 교체,1968년생인 김 후보자는 서울대 국제경제학과와 미국 매사추세츠공대(MIT) 경영전문대학원(MBA)을 졸업했다. 2001년 한국씨티은행에 입행해 대기업금융부장과 금융기업영업본부장 등을 거쳤다. 2021년 2월부터...,2026-09-23 13:46,http://www.newsian.co.kr/news/articleView.html?idxno=95918,http://www.newsian.co.kr/news/articleView.html?idxno=95918
연세대학교,텐아시아,"'대림 4세' 이주영, 美 로스쿨 떠나 연대생 됐다…""자국에서 유학하기""...","현재 미국 조지타운대학교 로스쿨에서 법학을 공부 중인 이주영은 교환학생 프로그램을 통해 연세대에서 학업을 이어가는 것으로 알려졌다. 미국이 아닌 한국에서 대학 생활을 보내게 된 그는 직접 ""자국에서 유학하기...",2026-09-23 13:45,https://www.tenasia.co.kr/article/2026092334664,https://m.entertain.naver.com/article/312/0000777294
서울대학교,이투데이,[부음] 신영기(서울대학교 시흥캠퍼스 본부장ㆍ에이비온 대표이사)씨 모...,"이투데이=설경진 기자 | ▲최옥선 씨 별세, 신상범씨 부인상, 신영균ㆍ신영세ㆍ신영기(서울대학교 시흥캠퍼스 본부장ㆍ에이비온 대표이사)ㆍ신영미씨 모친상, 최윤라씨 시모상, 정삼기씨 장모상 = 삼성서울병원...",2026-09-23 13:40,https://www.etoday.co.kr/news/view/2629118,https://www.etoday.co.kr/news/view/2629118
서울대학교,IFM,"구자은의 'AI 경영' 5년…LS그룹, 사업 성과로 승부한다",오후에는 윤송이 PVP 대표와 윤성로 서울대 교수 등 전문가들이 참여해 피지컬 AI 시대의 제조업 변화와 AI 사업화 전략을 논의했다. LS그룹은 앞으로도 퓨처데이에서 발굴한 기술과 혁신 사례를 계열사 전반으로...,2026-09-23 13:40,https://news.ifm.kr/news/articleView.html?idxno=480122,https://news.ifm.kr/news/articleView.html?idxno=480122
서울대학교,NEWSJEJU,"제주대 빠진 '서울대 10개'…제주 ""평가기준 공개·후속지원 촉구""","정부의 '서울대 10개 만들기' 첫 패키지 지원 대상에서 제주대학교가 제외되자 제주도와 제주도의회, 제주대가 평가기준 공개와 미선정 대학에 대한 후속 지원을 한목소리로 요구했다. 위성곤 제주도지사와 송영훈...",2026-09-23 13:40,https://www.newsjeju.net/news/articleView.html?idxno=426259,https://www.newsjeju.net/news/articleView.html?idxno=426259
서울대학교,YOUTHDAILY,한국씨티은행 차기 행장 김경호 부행장 낙점...기업금융 중심 전략 ‘방...,"1968년생인 김 부행장은 서울대 국제경제학과를 졸업하고 미국 매사추세츠공대(MIT)에서 경영전문대학원(MBA)을 마쳤다. 2001년 한국씨티은행에 입행한 이후 대기업금융부장, 금융기관본부장 등을 거쳤으며 2021년 2월부터...",2026-09-23 13:40,https://www.youthdaily.co.kr/news/article.html?no=227573,https://www.youthdaily.co.kr/news/article.html?no=227573
서울대학교,로이슈,"[기획시리즈 ②] 무심코 올린 그 이미지 | 개 얼굴 합성은 무죄, 두꺼비...",서울 강남구에서 종합보험대리점을 운영하며 유튜브 보험 방송을 진행하던 피고인은 모욕과 정보통신망법... 서울대 법학전문대학원이 주관하는 학봉상 제9회 법학논문 부문 대상 수상작인 천시훈의 논문은...,2026-09-23 13:38,http://www.lawissue.co.kr/view.php?ud=202609231324296483204ead0791_12,http://www.lawissue.co.kr/view.php?ud=202609231324296483204ead0791_12
고려대학교,TBS,"[변상욱쇼] 이승로 성북구청장 ""강북횡단선 민선9기때까지는 착공""",텐데 대학으로 읊으면 쉽죠. 고려대부터 시작을 해서 쭉 올라가면서 성신여대도 있을 것이고 ▲ 국민대... 관내에 있는 대학교 8개 대학 총장님들 뵙시다. 8개 대학 총학생회에 한번 모이십시오. 학생회들 모이시오. 여기서...,2026-09-23 13:38,http://tbs.seoul.kr/news/newsView.do?typ_800=7&idx_800=3538340&seq_800=20531234,http://tbs.seoul.kr/news/newsView.do?typ_800=7&idx_800=3538340&seq_800=20531234
연세대학교,DENTALNEWS,"연세대치과병원 등 6개 기관, 의료기기 글로벌 진출 협력","협약에는 강남세브란스병원, 삼성서울병원, 아주대학교병원, 연세대치과병원, 서울아산병원, 전북대학교병원이 참여했다. ‘글로벌 혁신의료기술 실증지원센터’는 미국·유럽 등 주요 해외시장에서 의료기기 규제가...",2026-09-23 13:36,https://www.dentalnews.or.kr/news/article.html?no=48240,https://www.dentalnews.or.kr/news/article.html?no=48240
고려대학교,팝콘뉴스,"""항암제 원료, 흔한 당으로 98% 만들었다""...고려대 연구팀, '효소 4종 이...",고려대학교(총장 김동원) 생명과학대학 식품공학과 및 대학원 융합생명공학과 김경헌 교수팀과 경북대학교 식품공학부 김동현 교수는 D-리보오스를 약품 원료인 L-리보오스로 98% 이상 바꾸는 데 성공했다고 23일...,2026-09-23 13:34,http://www.popcornnews.net/news/articleView.html?idxno=134065,http://www.popcornnews.net/news/articleView.html?idxno=134065
서울대학교,PUBLIC25,[부고] 신영기씨(서울대 시흥캠퍼스 본부장) 모친상,"△ 최옥선씨 별세, 신영기씨(서울대 시흥캠퍼스 본부장) 모친상 = 22일, 삼성서울병원 장례식장 20호실, 발인 24일 오전 11시 15분, 장지 제주 선영, (02)3410-3151 노혁진 객원기자",2026-09-23 13:32,https://www.public25.com/news/articleView.html?idxno=55313,https://www.public25.com/news/articleView.html?idxno=55313
고려대학교,PUBLIC25,[부고] 권영진씨(호텔뉴브 대표) 모친상,"△ 홍선자씨 별세, 권태석씨 부인상, 권영진(호텔뉴브 대표·고려대 문과대 교우회장)·은정씨(은정유치원 원장) 모친상, 고은미씨 시모상, 장재준씨(서울탁주제조협회장) 장모상 = 22일, 삼성서울병원 장례식장...",2026-09-23 13:32,https://www.public25.com/news/articleView.html?idxno=55312,https://www.public25.com/news/articleView.html?idxno=55312
서울대학교,베리타스알파,[단독] 서울대 2028수시 일반 '역량평가 면접' 예시문항 12종 공개.. 교과...,2028학년 서울대 수시 일반전형 면접은 어떻게 출제될까. 서울대는 23일 '2028학년도 수시모집 일반전형 면접 대비 예시 문항'을 공개했다. 앞서 2028학년 입학전형 주요사항과 수시 일반전형 역량평가 면접을 영상으로 안내한...,2026-09-23 13:30,https://www.veritas-a.com/news/articleView.html?idxno=629460,https://www.veritas-a.com/news/articleView.html?idxno=629460
서울대학교,스마트경제,"""중동발 위기부터 AI 기술패권까지""… 고려대·반기문재단, 한반도 평화...","고려대학교(총장 김동원) 통일융합연구원이 '보다나은미래를위한 반기문재단'과 함께 오는 29일 오후 2시... 김상배 서울대 교수가 '기술, 규범, 제도의 재편과 한국의 전략적 선택'을 발표한다. 토론에는 남성욱 숙명여대...",2026-09-23 13:28,http://www.dailysmart.co.kr/news/articleView.html?idxno=130229,http://www.dailysmart.co.kr/news/articleView.html?idxno=130229
연세대학교,스마트경제,"""중동발 위기부터 AI 기술패권까지""… 고려대·반기문재단, 한반도 평화...","고려대학교(총장 김동원) 통일융합연구원이 '보다나은미래를위한 반기문재단'과 함께 오는 29일 오후 2시... 권태경 연세대 정보대학원 교수가 'AI 기술패권과 안보 방어선: 한국의 공급망 주권 확보전략'을, 김상배 서울대...",2026-09-23 13:28,http://www.dailysmart.co.kr/news/articleView.html?idxno=130229,http://www.dailysmart.co.kr/news/articleView.html?idxno=130229
고려대학교,스마트경제,"""중동발 위기부터 AI 기술패권까지""… 고려대·반기문재단, 한반도 평화...","'질서 이후의 질서: 국제안보의 재편과 한반도 평화'를 주제로 열리는 이번 심포지엄은 고려대 통일선도대학사업단의 후원으로 기획됐다. 양 기관은 지난 2023년 제1차(한미동맹), 2024년 제2차(북핵 위기), 2025년 제3차...",2026-09-23 13:28,http://www.dailysmart.co.kr/news/articleView.html?idxno=130229,http://www.dailysmart.co.kr/news/articleView.html?idxno=130229
서울대학교,조선일보,‘서울대 10개 만들기’ 탈락에… 제주 “선정 기준 공개하라” 반발,"3줄 요약 ㆍ제주도·의회·제주대 공동 기자회견 열고 후속 대책 요구 ㆍ첫 패키지 지원 대학 부산대·전남대·충남대 3곳 선정 ㆍ미선정 대학 지속적 성장 기회 보장 촉구 제주도와 제주도의회, 제주대학교가 ‘서울대 10개...",2026-09-23 13:27,https://www.chosun.com/national/regional/2026/09/23/6DQ3F2EVB5AN7I6GUUPROUU5WI/?utm_source=naver&utm_medium=referral&utm_campaign=naver-news,https://n.news.naver.com/mnews/article/023/0004000086?sid=102
고려대학교,베리타스알파,고려대-경북대 공동연구팀 흔한 당으로 항암제 원료 친환경 합성.. '효소...,"(왼쪽부터) 고려대 생명과학대학 식품공학과 및 대학원 융합생명공학과 김경헌 교수(교신저자), 경북대 식품공학부 김동현 교수(공동 교신저자),고려대 대학원 융합생명공학과 이자현 박사과정(제1저자)...",2026-09-23 13:24,https://www.veritas-a.com/news/articleView.html?idxno=629461,https://www.veritas-a.com/news/articleView.html?idxno=629461
고려대학교,디지털투데이,"한국연구재단, 신임 나노·소재단장에 김수영 고려대 교수",한국연구재단은 국가전략연구본부 나노·소재단장에 김수영 고려대학교 신소재공학부 교수를 선임했다. [사진: 한국연구재단] 한국연구재단은 국가전략연구본부 나노·소재단장에 김수영 고려대학교 신소재공학부...,2026-09-23 13:24,https://www.digitaltoday.co.kr/news/articleView.html?idxno=702761,https://www.digitaltoday.co.kr/news/articleView.html?idxno=702761
서울대학교,TENNIS,[김종석의 그라운드] '브리지 대국' 중국으로 향하는 K브리지…대학생 ...,"한국 선수단에는 임장혁(동국대), 조현재(원주한라대), 김이래(동국대), 송예진(서울대), 주희원(동국대), 박현준(전북 유스 국가대표) 등이 이름을 올렸습니다. 이들의 국제무대 도전에는 불과 몇 달 전 시작된 대학...",2026-09-23 13:22,https://www.tennis.co.kr/news/articleView.html?idxno=53837,https://m.sports.naver.com/general/article/481/0000014296
고려대학교,TENNIS,[김종석의 그라운드] '브리지 대국' 중국으로 향하는 K브리지…대학생 ...,"한국브리지협회는 올해 5, 6월 고려대, 연세대 등 대학가를 찾아 브리지 홍보에 나섰습니다. 이후 7, 8월 두 달 동안 대학생들을 대상으로 집중 훈련을 진행했고 16명가량이 꾸준히 참가했습니다. 선발전을 거쳐 국제무대에...",2026-09-23 13:22,https://www.tennis.co.kr/news/articleView.html?idxno=53837,https://m.sports.naver.com/general/article/481/0000014296
연세대학교,TENNIS,[김종석의 그라운드] '브리지 대국' 중국으로 향하는 K브리지…대학생 ...,"한국브리지협회는 올해 5, 6월 고려대, 연세대 등 대학가를 찾아 브리지 홍보에 나섰습니다. 이후 7, 8월 두 달 동안 대학생들을 대상으로 집중 훈련을 진행했고 16명가량이 꾸준히 참가했습니다. 선발전을 거쳐 국제무대에...",2026-09-23 13:22,https://www.tennis.co.kr/news/articleView.html?idxno=53837,https://m.sports.naver.com/general/article/481/0000014296
고려대학교,이데일리,오늘의 부고 종합,"032-651-0444 △홍선자 씨 별세, 권태석 씨 부인상, 권영진(호텔뉴브 대표·고려대 문과대 교우회장)·은정 씨(은정유치원 원장) 모친상, 고은미 씨 시모상, 장재준 씨(서울탁주제조협회장) 장모상 = 22일...",2026-09-23 13:21,https://www.edaily.co.kr/News/Read?newsId=03417766645583072&mediaCodeNo=257&utm_source=naver&utm_medium=referral&utm_campaign=news_syndication&utm_content=original_article,https://n.news.naver.com/mnews/article/018/0006374939?sid=102
서울대학교,이데일리,오늘의 부고 종합,"02-3410-3151 △최옥선 씨 별세, 신영기 씨(서울대 시흥캠퍼스 본부장) 모친상 = 22일, 삼성서울병원 장례식장 20호실, 발인 24일 오전 11시 15분, 장지 제주 선영. 02-3410-3151",2026-09-23 13:21,https://www.edaily.co.kr/News/Read?newsId=03417766645583072&mediaCodeNo=257&utm_source=naver&utm_medium=referral&utm_campaign=news_syndication&utm_content=original_article,https://n.news.naver.com/mnews/article/018/0006374939?sid=102
서울대학교,GOSIWEEK,"디스에이블드·서울정석치과, 발달장애 예술가 작품 도입… 의료 환경 ...","이번 협업은 서울정석치과가 지향하는 환자 중심 진료 방침과 맥을 같이한다. 김진석 대표원장은 서울대학교 치과대학·치의학대학원을 졸업하고 서울대학교 치과병원 종합진료실에서 근무했으며, 하희찬 원장 역시 동...",2026-09-23 13:20,https://www.gosiweek.com/article/1065586575261499,https://www.gosiweek.com/article/1065586575261499
연세대학교,이투데이,"정부, 에스컬레이터 '두줄서기' 캠페인 중단…안전 수칙 강화",행안부는 지난달 29일 연세대학교 백양누리에서 국민 200여 명과 전문가가 참여한 가운데 열린 '에스컬레이터 안전 이용 문화 개선' 모두의 토론회 결과를 바탕으로 이런 내용의 후속 조치를 추진한다고 23일 밝혔다....,2026-09-23 13:18,https://www.etoday.co.kr/news/view/2629101,https://www.etoday.co.kr/news/view/2629101
서울대학교,GOSIWEEK,[최창호 변호사의 법조단상] 면책특권,"최창호 변호사 서울대 사법학과 학·석사 출신으로 1989년 31회 사법시험에 합격했다. 사법연수원, 군법무관을 거쳐 1995년에 검사로 임용되어 공안, 기획, 특수, 강력, 의료, 식품, 환경, 외국인범죄, 산업안전, 명예훼손...",2026-09-23 13:16,https://www.gosiweek.com/article/1065586218407651,https://www.gosiweek.com/article/1065586218407651
서울대학교,RAONNEWS,스타도 예외 없다...결혼 후 시댁서 전 부치는 K-며느리들,10살 연상 서울대 출신 금융인과 결혼한 효민은 첫 명절 때 그냥 (몸만) 오라는 시어머니의 이야기를 듣고 형님에게 물어 따로 전을 부쳐갔다고 회상했다. 고소영은 그런 효민을 칭찬하며 자신 역시 결혼 후 맞은 첫 명절에...,2026-09-23 13:14,https://www.raonnews.com/news/article.html?no=61377,https://www.raonnews.com/news/article.html?no=61377
고려대학교,CHIEFEXE,"[석학의 서재] 제국의 물길에서 읽는 역사 ‘대운하 시대, 세상을 연결...","조영현 고려대 역사교육과 교수의 ‘대운하 시대, 세상을 연결한 부의 통로’는 이러한 15세기 중국의 해금 정책과 21 세기 일대일로에 대한 해답을 명쾌하게 제시한다. 그리고 수운(水運)이 확립된 1415년부터 1784년까지...",2026-09-23 13:12,https://www.chiefexe.com/news/ArticleView.asp?listId=NTA0NXx8bGltaXRfZmFsc2Ug,https://www.chiefexe.com/news/ArticleView.asp?listId=NTA0NXx8bGltaXRfZmFsc2Ug
서울대학교,LGHELLOVISION,"[자막뉴스] 부산대 수시 대박, 그러나 취업 문제는?","정부의 서울대 10개 만들기 첫 지원 대학으로 부산대학교가 선정되고 수시모집 경쟁률도 껑충 뛰어올랐지만, 보도 이후 시청자들의 반응은 기대와 우려가 교차했습니다. ""있던 기업도 떠난다"" ""결국 졸업하면 서울로 취업할...",2026-09-23 13:12,http://news.lghellovision.net/news/articleView.html?idxno=556171,http://news.lghellovision.net/news/articleView.html?idxno=556171
서울대학교,CHIEFEXE,"[스타트업을 가다] 카메라 14대가 빚어낸 계산대의 진화, 파인더스에이...","VCO가 도입된 베이커리 뚜주류(위)와 일본 니세코 리조트 레스토랑(아래) 사람과 AI가 함께 일하는 조직 파인더스에이아이는 카이스트와 서울대 출신을 비롯한 비전 AI 연구 인력, 엔지니어와 다양한 분야의 리테일 및 B2B...",2026-09-23 13:12,https://www.chiefexe.com/news/ArticleView.asp?listId=NTAzOHx8bGltaXRfZmFsc2Ug,https://www.chiefexe.com/news/ArticleView.asp?listId=NTAzOHx8bGltaXRfZmFsc2Ug
고려대학교,CHIEFEXE,[이동훈 법무법인 바른 총괄대표변호사] 법률은 사업의 마지막 아닌 시...,"1968년 生 / 고려대 법과대학 / 1991 제33회 사법시험 합격 / 1994 사법연수원 제23기 수료 / 1994~1997 공군법무관 / 1997~2004 대전지방법원, 수원지방법원 판사 / 2004~2005 미국 미시간대 연수 / 2005~2007 서울중앙지방법원, 서울고...",2026-09-23 13:12,https://www.chiefexe.com/news/ArticleView.asp?listId=NTAzMXx8bGltaXRfZmFsc2Ug,https://www.chiefexe.com/news/ArticleView.asp?listId=NTAzMXx8bGltaXRfZmFsc2Ug
서울대학교,JEJUDOMIN,"제주대학교, 정부 S-10 사업 미선정 '날벼락'","제주대학교가 정부가 추진중인 '서울대 10개 만들기'(S-10) 패키지 지원사업에 선정되지 못하자 제주도, 제주도의회와 공동 대응에 나섰다. 제주도와 제주도의회, 제주대는 23일 제주도청 기자실에서 공동 입장문을 발표하고...",2026-09-23 13:12,https://www.jejudomin.co.kr/news/articleView.html?idxno=400575,https://www.jejudomin.co.kr/news/articleView.html?idxno=400575
연세대학교,파이낸셜뉴스,"현대해상, 청년 미래역량 키운다… '프로젝트 트레일마크' 첫선","여기에 대학생 사회혁신 활동 지원 단체인 인액터스와 점프가 현장 연계를 담당한다. 전문성을 더할 자문위원단에는 염재호 태재대학교 총장, 장용석 연세대학교 교수, 엄윤미 아산나눔재단 이사장, 김성준 국민대학교...",2026-09-23 13:11,https://www.fnnews.com/news/202609231304453194,https://n.news.naver.com/mnews/article/014/0005580297?sid=101
서울대학교,서울신문,"“왜 제주대는 빠졌나”… 제주도·도의회·제주대, ‘서울대 10개 만들...","‘서울대 10개 만들기’(S-10) 패키지 지원사업에서 제주대학교가 제외되자 제주도와 제주도의회, 제주대가 공동 대응에 나섰다. 3개 기관은 정부에 평가 기준과 절차를 공개하고, 제주처럼 지리적·산업적 특수성을 가진...",2026-09-23 13:10,https://www.seoul.co.kr/news/society/2026/09/23/20260923500123?wlog_tag3=naver,https://n.news.naver.com/mnews/article/081/0003683060?sid=102
서울대학교,DENTALNEWS,"초고령사회 통합돌봄 6개월, 치과는 어디에 있나?","서울시치과의사회(회장 신동열)는 지난 7월 ‘돌봄통합특별위원회(위원장 조은영)’의 출범을 알렸다.... 건보재정 기반 수가 설계, ‘방문치과진료’ 시범사업 서둘러야 발제에 나선 고홍섭 교수(서울대치의학대학원)...",2026-09-23 13:10,https://www.dentalnews.or.kr/news/article.html?no=48282,https://www.dentalnews.or.kr/news/article.html?no=48282
서울대학교,AFLNEWS,농경연 원장 후보 3배수 압축...국승용·박준기·박경철,"국승용 선임연구위원은 서울대 농경제학과에서 박사학위를 받은 후 2008년 농경연 부연구위원으로 농경연... 박경철 연구위원은 서울대에서 농경제사회학 석사, 베이징대 사회학 박사 학위를 받았으며 2003~2007년 농경연...",2026-09-23 13:08,https://www.aflnews.co.kr/news/articleView.html?idxno=328851,https://www.aflnews.co.kr/news/articleView.html?idxno=328851
고려대학교,조선비즈,국정원이 일원화하는 공공 클라우드 보안 검증… 국내 “역차별” 해외...,함께 고려해야 한다”고 했다. 공공 클라우드 시장은 그동안 CSAP 중 등급을 확보한 국내 사업자가 주도해... 김승주 고려대 정보보호대학원 교수는 이번 개편이 글로벌 스탠더드와 괴리가 있다고 봤다. 김 교수는...,2026-09-23 13:07,https://biz.chosun.com/it-science/ict/2026/09/23/3GRSHWIAJ5CNTOJZ75EERTA2NM/?utm_source=naver&utm_medium=original&utm_campaign=biz,https://n.news.naver.com/mnews/article/366/0001194191?sid=105
서울대학교,한경매거진,차기 씨티은행장에 김경호 부행장 내정...6년 만에 수장 바뀐다,"김 부행장은 기업금융 전문가로, 서울대 국제경제학과를 졸업하고 미국 매사추세츠공대(MIT)에서 경영학 석사(MBA) 학위를 취득했다. 1992년 삼성물산 입사, 2000년 맥킨지앤드컴퍼니 컨설턴트, 2001년 씨티은행 서울지점...",2026-09-23 13:06,https://magazine.hankyung.com/money/article/202609233393c,https://magazine.hankyung.com/money/article/202609233393c
서울대학교,FARMNMARKET,"팜한농, 도심형팜이 만드는 새로운 도시문화 모색","이수연 서울시립대학교 교수는 ‘정원도시에서 도심형팜으로, 자연-기술-사람을 연결하는 새로운 도시... 이어진 ‘공공 정책·R&D’ 세션에서는 김세훈 서울대학교 교수가 ‘도심형팜, 도시, 라이프스타일’을 주제로...",2026-09-23 13:06,https://www.farmnmarket.com/news/article.html?no=27952,https://www.farmnmarket.com/news/article.html?no=27952
연세대학교,뉴스웨이,"주택 편중 벗어나는 금호건설, 도심복합·첨단산업·에너지로 수주 다각...","인천 송도국제도시 연세대 국제캠퍼스 내에 지하 3층~지상 13층, 연면적 14만5000㎡ 규모로 조성되며 2028년 준공을 목표로 한다. 금호건설은 현재 원주세브란스기독병원 새병원(2272억원)을 시공 중이고 원주연세의료원...",2026-09-23 13:06,https://www.newsway.co.kr/news/view?ud=2026092312575957759,https://www.newsway.co.kr/news/view?ud=2026092312575957759
서울대학교,CCNNEWS,"에너지연, 제20대 정학근 원장 취임...""소모적 관행 깨고 수직적 도약""","전남대 전기공학 학사, 광주과학기술원 석사를 거쳐 서울대에서 기계항공공학 박사 학위를 받은 정 원장은 1998년 입사 후 에너지효율연구본부장을 역임했다. 과학기술정보통신부 한계도전 연구개발위원회 기획위원...",2026-09-23 13:02,http://www.ccnnews.co.kr/news/articleView.html?idxno=415415,http://www.ccnnews.co.kr/news/articleView.html?idxno=415415
고려대학교,CCNNEWS,"한국연구재단, 김수영 신임 나노·소재단장 선임","조지아공과대학교와 포스텍에서 후속연구원(Post Doc.)을 거쳐 시카고대학교 방문학자로 활동했으며, 중앙대학교 화학공학과 교수 및 고려대학교 신소재공학부 교수를 지내며 학술 역량을 쌓아왔다. 학계와 연구...",2026-09-23 13:02,http://www.ccnnews.co.kr/news/articleView.html?idxno=415419,http://www.ccnnews.co.kr/news/articleView.html?idxno=415419
서울대학교,뉴스1,[부고] 신영기 씨(서울대 시흥캠퍼스 본부장) 모친상,"■ 최옥선 씨 별세, 신영기 씨(서울대 시흥캠퍼스 본부장·에이비온 대표이사) 모친상 = 22일, 삼성서울병원 장례식장 20호실, 발인 24일 오전 11시 15분, 장지 제주시 조천읍 선영. (02)3410-3151 * 부고 게재 문의는...",2026-09-23 13:00,https://www.news1.kr/society/education/6300316,https://n.news.naver.com/mnews/article/421/0009188835?sid=102
고려대학교,뉴스1,[부고] 권영진 씨(호텔뉴브 대표) 모친상,"■ 홍선자 씨 별세, 권태석 씨 부인상, 권영진(호텔뉴브 대표·고려대 문과대 교우회장)·은정 씨(은정유치원 원장) 모친상, 고은미 씨 시모상, 장재준 씨(서울탁주제조협회장) 장모상 = 22일, 삼성서울병원 장례식장...",2026-09-23 12:57,https://www.news1.kr/society/general-society/6300313,https://n.news.naver.com/mnews/article/421/0009188817?sid=102
연세대학교,스포티비뉴스,"'대림 4세' 이주영, 연대생 됐다…미모부터 지성까지 ""자국에서 유학하...","이주영이 연세대 교환학생이 됐다. 이주영은 23일 자신의 SNS에 '자국에서 유학하기. 연세 교환학생의... 이주영은 현재 조지타운 대학교 로스쿨에서 법학을 전공하고 있으나, 이번 교환학생 기회를 통해 연세대 로스쿨에...",2026-09-23 12:57,https://www.spotvnews.co.kr/news/articleView.html?idxno=1009170,https://m.entertain.naver.com/article/477/0000629573
서울대학교,FPN119,"종로소방서, 펌뷸런스대원 응급처치 기본소생술 교육","교육에는 펌뷸런스 대원과 운전원이 참여했으며 서울대학교병원 응급의학과 전문의 김윤직, 응급구조사 최명재ㆍ서지원이 강사로 나서 현장 대응에 필요한 이론과 실습 교육을 진행했다. 주요 교육 내용은 기본소생술을...",2026-09-23 12:56,http://fpn119.co.kr/257138,http://fpn119.co.kr/257138
서울대학교,매일신문,"김근식 ""李, 국가 멈춰 세웠다…자신 입맛 22명 대법관 인사 위한 '군기...","김근식 국민의힘 서울 송파병 당협위원장이 대법관 후보 재제청을 둘러싼 이재명 대통령과 조희대... 이어 서울대 총장 선출 절차를 예로 들며 대통령의 임명권은 후보 선출·제청 뒤 이뤄지는 ""최종의 형식적 승인절차...",2026-09-23 12:54,https://www.imaeil.com/page/view/2026092312530682786,https://n.news.naver.com/mnews/article/088/0001030266?sid=100
고려대학교,HITNEWS,"엘앤씨바이오 ""메가카티, 환자 평가서 통증 49→12.6 감소 효과""",행사에서는 장기모 고려대학교 교수가 'Beyond Microfracture: The Emerging Role of MegaCarti in Knee Cartilage Regeneration'을 주제로 메가카티를 활용한 무릎 연골 재생 치료와 4년간의 추적 결과를 발표했다. 연구진은...,2026-09-23 12:54,https://www.hitnews.co.kr/news/articleView.html?idxno=79381,https://www.hitnews.co.kr/news/articleView.html?idxno=79381
서울대학교,뉴스핌,"[정국진단] 윤상현 ""조희대, 李대통령이 퇴임 뒤 대비한 '명픽 대법원' ...","◆프로필 -1962년생(충남 청양) -영등포고, 서울대 경제학 학사, 조지타운대 외교대학원 외교학 석사, 조지워싱턴대 국제정치대학원 정치학 박사 -제18·19·20·21·22대 국회의원(인천 동·미추홀을), 국민의힘 인천 동구...",2026-09-23 12:51,https://www.newspim.com/news/view/20260923000650,https://www.newspim.com/news/view/20260923000650
연세대학교,뉴시스,"3대3 여자 농구, 싱가포르 격파…3전 전승·8강 직행[나고야AG]","구민교(성균관대), 김승우, 이주영(이상 연세대), 이동근(고려대) 등 대학생 선수들로 구성된 3대3 남자 농구는 자카르타·팔렘방 대회에서 은메달을 수확한 바 있다．",2026-09-23 12:47,https://www.newsis.com/view/NISX20260923_0003801936,https://n.news.naver.com/mnews/article/003/0014210644?sid=104
고려대학교,뉴시스,"3대3 여자 농구, 싱가포르 격파…3전 전승·8강 직행[나고야AG]","구민교(성균관대), 김승우, 이주영(이상 연세대), 이동근(고려대) 등 대학생 선수들로 구성된 3대3 남자 농구는 자카르타·팔렘방 대회에서 은메달을 수확한 바 있다．",2026-09-23 12:47,https://www.newsis.com/view/NISX20260923_0003801936,https://n.news.naver.com/mnews/article/003/0014210644?sid=104
서울대학교,MEDIAWATCH,[법조인 문학관] 가을 엽서 17 – 주광일,1979년 서울대학교 대학원에서 법학박사 학위를 취득했다. 2006년에는 미국 노스웨스턴대학교 로스쿨을... 서울지방검찰청 북부지청 차장검사로 있던 1989년 9월 18일부터 나흘간 홍콩에서 열린 아시아지역법률가회의에...,2026-09-23 12:44,https://www.mediawatch.kr/news/article.html?no=261165,https://www.mediawatch.kr/news/article.html?no=261165
연세대학교,EBS,몸집 키운 '무전공'…엇갈린 성적표,"지난해 정시에서도 서울대와 연세대, 고려대 등 주요 대학의 일부 무전공 모집단위에서 등록 포기가 늘었습니다. 인터뷰: 조만기 교사 / 경기 남양주다산고등학교 ""무전공 (경쟁률이) 전반적으로 떨어진 건 맞아요....",2026-09-23 12:40,http://news.ebs.co.kr/ebsnews/allView/60772057/N,http://news.ebs.co.kr/ebsnews/allView/60772057/N
고려대학교,EBS,몸집 키운 '무전공'…엇갈린 성적표,"지난해 정시에서도 서울대와 연세대, 고려대 등 주요 대학의 일부 무전공 모집단위에서 등록 포기가 늘었습니다. 인터뷰: 조만기 교사 / 경기 남양주다산고등학교 ""무전공 (경쟁률이) 전반적으로 떨어진 건 맞아요....",2026-09-23 12:40,http://news.ebs.co.kr/ebsnews/allView/60772057/N,http://news.ebs.co.kr/ebsnews/allView/60772057/N
서울대학교,EDUPRESS,"김진효 용산고 교장 ""장학금 100억 .. 4만 여 동문과 명문 전통 이어갈 ...","학문의 용산이란 명성에 걸맞게 5회 졸업생 전유방 선배가 서울대 전체 수석에 올랐다. 22회 졸업생들은 당해... ""용산고는 한때 서울 5대 공립으로 불리며 명성을 날렸지만 강남 개발로 주변 인구가 빠져나가면서 위기를...",2026-09-23 12:40,https://www.edupress.kr/news/articleView.html?idxno=30481,https://www.edupress.kr/news/articleView.html?idxno=30481
서울대학교,매일신문,"로봇산업진흥원, 체코에 협력거점…유럽 진출 교두보","한국전자기술연구원과 서울대, 화승알앤에이, 진흥원, 프라하공대는 인공지능(AI) 기반 로봇 운영 플랫폼과 원격관제·디지털트윈 기술을 개발하고 체코 제조현장에서 검증할 계획이다. 산업용 모바일 휴머노이드...",2026-09-23 12:40,https://www.imaeil.com/page/view/2026092312393257117,https://n.news.naver.com/mnews/article/088/0001030263?sid=101
고려대학교,EDUPRESS,"김진효 용산고 교장 ""장학금 100억 .. 4만 여 동문과 명문 전통 이어갈 ...","22회 졸업생들은 당해 연도에만 서울대 102명, 고려대 66명, 연세대 77명에 합격했다. 이후에도 4년제 대학에 100여 명 이상 합격하는 등 지금까지 최고의 명문고로 4만여 동문을 배출했다."" - 용산고의 강점으로 꼽히는 것이...",2026-09-23 12:40,https://www.edupress.kr/news/articleView.html?idxno=30481,https://www.edupress.kr/news/articleView.html?idxno=30481
고려대학교,메디칼타임즈,내시경 수술로봇 기업 엔도로보틱스 IPO 본격 시동,"엔도로보틱스는 김병곤 대표와 고려대 홍대희 교수 연구팀이 2012년부터 과학기술정보통신부·한국연구재단... 김병곤 엔도로보틱스 대표는 ""최고의 기술력을 보유하고 있으면서도 항상 시장의 반응을 최우선으로 고려...",2026-09-23 12:40,https://www.medicaltimes.com/Main/News/NewsView.html?ID=1170864&ref=naverpc,https://www.medicaltimes.com/Main/News/NewsView.html?ID=1170864&ref=naverpc
연세대학교,EDUPRESS,"김진효 용산고 교장 ""장학금 100억 .. 4만 여 동문과 명문 전통 이어갈 ...","22회 졸업생들은 당해 연도에만 서울대 102명, 고려대 66명, 연세대 77명에 합격했다. 이후에도 4년제 대학에 100여 명 이상 합격하는 등 지금까지 최고의 명문고로 4만여 동문을 배출했다."" - 용산고의 강점으로 꼽히는 것이...",2026-09-23 12:40,https://www.edupress.kr/news/articleView.html?idxno=30481,https://www.edupress.kr/news/articleView.html?idxno=30481
서울대학교,EBS,몸집 키운 '무전공'…엇갈린 성적표,"올해 수시에서는 서울대와 서울시립대 등 일부 주요 대학의 무전공 모집 경쟁률이 지난해보다 낮아졌습니다. 지난해 정시에서도 서울대와 연세대, 고려대 등 주요 대학의 일부 무전공 모집단위에서 등록 포기가...",2026-09-23 12:40,http://news.ebs.co.kr/ebsnews/allView/60772057/N,http://news.ebs.co.kr/ebsnews/allView/60772057/N
서울대학교,법률신문,"이재근 율촌 변호사, '아시아 지역 분쟁해결 우수 변호사 50인' 선정","반포고와 서울대 법대를 나온 이 변호사는 1996년 제38회 사법시험에 합격했다. 서울지법 판사, 서울고법 판사, 대구지법 부장판사, 대법원 재판연구관 등으로 17년간 법관으로 재직했다. 2019년 변호사로 개업해...",2026-09-23 12:38,https://www.lawtimes.co.kr/news/articleView.html?idxno=226862,https://www.lawtimes.co.kr/news/articleView.html?idxno=226862
서울대학교,스포츠경향,"‘김다현 공개 비판’ 심수봉, 조카 손주 손태진도 방송에서 나무랐다","손태진은 서울대 성악과를 졸업한 바리톤 성악가 겸 트로트 가수로, 2022년 MBN ‘불타는 트롯맨’에서 우승을 차지했다. 심수봉과는 이모할머니와 조카 손주의 관계로 알려졌다.",2026-09-23 12:36,https://sports.khan.co.kr/article/202609231235003?pt=nv,https://m.entertain.naver.com/article/144/0001140072
연세대학교,DOCTORSNEWS,"""시장에 맡겨진 의사 공급, 필요한 곳보다 선택받는 곳으로""","이상규 연세대 융합보건의료대학원 교수(바이오헬스산업학과), 박준영 대한전공의협의회 정책이사(연세의대 예방의학교실) 연구팀은 최근 '2024~2025년 의료위기 기간 한국 일반의 분포 변화' 연구 결과를...",2026-09-23 12:26,http://www.doctorsnews.co.kr/news/articleView.html?idxno=166487,http://www.doctorsnews.co.kr/news/articleView.html?idxno=166487
연세대학교,GOODKYUNG,"[금융 이모저모] 하나은행, 청소년 대상 AI 게임 창작대회 개최","또 프로젝트의 방향성과 전문성을 높이기 위해 교육, HR, 사회혁신 분야 전문가 6인으로 자문위원단을 구성했으며, 염재호 태재대학교 총장, 장용석 연세대 교수, 엄윤미 아산나눔재단 이사장, 김성준 국민대 교수, 서현선...",2026-09-23 12:24,https://www.goodkyung.com/news/articleView.html?idxno=291726,https://www.goodkyung.com/news/articleView.html?idxno=291726
고려대학교,MHNSE,"영탁, 3년 만에 정규 앨범→지상파 3사 휩쓸었다…전곡 플레이 '35분' 콘...","화제성에 힘입어 영탁은 오는 10월 3일부터 5일까지 서울 고려대학교 화정체육관에서 단독 콘서트 'TAK SHOW5'를 개최한다. 이어 10월 24~25일 전주, 11월 28~29일 대구, 12월 19~20일 인천, 내년 1월 16~17일 부산에서...",2026-09-23 12:23,https://mhnse.com/news/articleView.html?idxno=1558261,https://m.entertain.naver.com/article/445/0000468169
서울대학교,MHNSE,"'김다현 저격' 심수봉, '조카 손주' 손태진에게도 쓴소리 '따끔'…""고난...","손태진은 서울대학교 성악과를 졸업한 베이스 바리톤 성악가 겸 트로트 가수로, 2022년 MBN '불타는 트롯맨'에서 최종 우승을 차지하며 스타덤에 올랐다. 심수봉과는 이모할머니와 조카-손주 관계다.",2026-09-23 12:20,https://mhnse.com/news/articleView.html?idxno=1558239,https://m.entertain.naver.com/article/445/0000468167
서울대학교,MEDIAJEJU,"""국가거점국립대 대한 정부의 지원, 공정하게 선정됐는가?""","정부의 서울대 10개 만들기 정책 일환으로 추진되는 '국가거점국립대 패키지 지원사업'에 제주대가 탈락하고... 국가거점국립대 패키지 지원사업은 정부의 '서울대 10개 만들기 정책'의 일환으로 추진되는 것으로, 수도권의...",2026-09-23 12:20,https://www.mediajeju.com/news/articleView.html?idxno=366437,https://www.mediajeju.com/news/articleView.html?idxno=366437
서울대학교,GREENED,[셀리드 줌업] 강창율 대표의 결단…오너십 포기하고 'R&D 승부수'①,"눈에 띄는 점은 잇딴 유상증자에도 불구하고, 핵심 파이프라인의 상용화에 성공하지 못한 서울대 약학대 주축 경영진이 고려대학교기술지주(고려대지주)가 설립한 회사에 경영권을 넘긴다는 점이다. 새 최대주주...",2026-09-23 12:19,https://www.greened.kr/news/articleView.html?idxno=350636,https://www.greened.kr/news/articleView.html?idxno=350636
고려대학교,GREENED,[셀리드 줌업] 강창율 대표의 결단…오너십 포기하고 'R&D 승부수'①,"경영진이 고려대학교기술지주(고려대지주)가 설립한 회사에 경영권을 넘긴다는 점이다. 새 최대주주... 기존 강 대표 지분율 등을 고려하면 30억~50억원 수준이 될 것으로 보인다. 셀리드 측은 규모에 대해 ""공시사항...",2026-09-23 12:19,https://www.greened.kr/news/articleView.html?idxno=350636,https://www.greened.kr/news/articleView.html?idxno=350636
연세대학교,서울신문,"정부, 에스컬레이터 ‘두 줄 서기’ 캠페인 중단",행정안전부는 지난달 29일 연세대학교 백양누리에서 국민 200여 명과 전문가가 참여한 가운데 열린... 허윤섭 한국승강기대학교 교수는 에스컬레이터 위에서 걸으면 발판에 전해지는 충격이 커져 설비에 무리가 간다고...,2026-09-23 12:16,https://www.seoul.co.kr/news/society/2026/09/23/20260923500112?wlog_tag3=naver,https://n.news.naver.com/mnews/article/081/0003683050?sid=102
서울대학교,베리타스알파,고려대 통일융합연구원 반기문재단과 제4차 공동 심포지엄 개최.. '질서...,"권태경 연세대 정보대학원 교수(AI 보안연구회 회장)가 'AI 기술패권과 안보 방어선: 한국의 공급망 주권 확보전략'을, 김상배 서울대 교수(정보세계정치학회장)가 '기술, 규범, 제도의 재편과 한국의 전략적 선택'을...",2026-09-23 12:12,https://www.veritas-a.com/news/articleView.html?idxno=629400,https://www.veritas-a.com/news/articleView.html?idxno=629400
서울대학교,뉴데일리경제,한국씨티은행 6년 만에 수장 교체 … 25년 ‘씨티맨’ 김경호 낙점,"1968년생인 김 후보는 서울대 국제경제학과를 졸업하고, 미국 매사추세츠공과대학(MIT) 경영전문대학원(MBA)을 마쳤다. 2001년 한국씨티은행 입행 후 대기업금융부장, 금융기관본부장 등을 역임했으며 2021년 2월부터...",2026-09-23 12:12,https://biz.newdaily.co.kr/site/data/html/2026/09/23/2026092300195.html,https://biz.newdaily.co.kr/site/data/html/2026/09/23/2026092300195.html
연세대학교,베리타스알파,고려대 통일융합연구원 반기문재단과 제4차 공동 심포지엄 개최.. '질서...,"권태경 연세대 정보대학원 교수(AI 보안연구회 회장)가 'AI 기술패권과 안보 방어선: 한국의 공급망 주권 확보전략'을, 김상배 서울대 교수(정보세계정치학회장)가 '기술, 규범, 제도의 재편과 한국의 전략적 선택'을...",2026-09-23 12:12,https://www.veritas-a.com/news/articleView.html?idxno=629400,https://www.veritas-a.com/news/articleView.html?idxno=629400
고려대학교,베리타스알파,고려대 통일융합연구원 반기문재단과 제4차 공동 심포지엄 개최.. '질서...,고려대 통일선도대학사업단이 후원한다. 행사는 김동원 고려대 총장의 환영사로 시작한다. 이어 반기문 제8대 UN 사무총장이 기조강연자로 나서 '격변하는 국제질서에서 대한민국의 역할' 등을 주제로 통찰을 공유한다....,2026-09-23 12:12,https://www.veritas-a.com/news/articleView.html?idxno=629400,https://www.veritas-a.com/news/articleView.html?idxno=629400
연세대학교,한국경제,"다 같은 전자담배인 줄 알았는데…""디스크 위험 천차만별""",연세대학교 의과대학과 국민건강보험공단 일산병원 공동연구팀은 국민건강보험공단 건강검진 및 청구자료를 활용해 성인 326만5293명의 척추 디스크 질환 발생 위험을 분석한 결과를 국제학술지 ‘더 스파인 저널(The Spine...,2026-09-23 12:11,https://www.hankyung.com/article/202609232721i,https://n.news.naver.com/mnews/article/015/0005335582?sid=105
서울대학교,의학신문,"서울대어린이병원, 척수이형성증 환아 '발 관리' 교육",서울대어린이병원이 척수이형성증 환아와 가족들이 일상에서 겪는 발 변형과 상처 관리의 어려움을 덜기 위한 교육의 장을 마련했다. 서울대어린이병원 척수이형성증 클리닉팀은 최근 환자와 보호자를 대상으로 '제16회...,2026-09-23 12:10,https://www.bosa.co.kr/news/articleView.html?idxno=3012773,https://www.bosa.co.kr/news/articleView.html?idxno=3012773
고려대학교,베리타스알파,고려대 코리아타임스 우수대학랭킹 2027서 2년 연속 종합 1위.. '교육/연...,"김동원 총장은 ""코리아타임스 우수대학랭킹에서 고려대가 올해도 1위에 오른 것은 글로벌 캠퍼스를 목표로 삼아 교육과 연구, 학생 지원 전반에서 국제화를 꾸준히 추진한 구성원 모두의 노력 덕분""이라고 말했다....",2026-09-23 12:10,https://www.veritas-a.com/news/articleView.html?idxno=629398,https://www.veritas-a.com/news/articleView.html?idxno=629398
서울대학교,뉴시스,"'서울대 10개 만들기' 제주대 탈락…""후속지원 제시하라""","제주대학교가 정부의 '서울대 10개 만들기'(S-10) 패키지 지원사업에 선정되지 못한 가운데 제주도와 도의회, 제주대가 ""정부가 미선정 대학에 대한 지원 시기와 규모, 후속 지원 방향을 조속히 제시해야 한다""고 촉구했다....",2026-09-23 12:09,https://www.newsis.com/view/NISX20260923_0003801964,https://n.news.naver.com/mnews/article/003/0014210476?sid=102
서울대학교,약사공론,'세계의 약상자' 뉴저지에 가다…동국대 약대생들의 Rutgers 탐방기,"이번 프로그램에는 동국대학교를 비롯하여 서울대학교, 성균관대학교, 이화여자대학교 등 4개 약학대학의 학생들이 참여하였으며, 프로그램은 미국 약학대학의 교육과 연구, 임상 및 제약산업 현장을 두루 경험할 수...",2026-09-23 12:08,https://www.kpanews.co.kr/news/articleView.html?idxno=544626,https://www.kpanews.co.kr/news/articleView.html?idxno=544626
서울대학교,오마이뉴스,"이재명 정부 1년, 학교가 기다린 교육개혁은 어디에?",'서울대 10개 만들기'처럼 눈길을 끄는 구상은 있었다. 교육의 지역 격차를 줄이겠다는 방향에도 공감한다.... 교육부와 한국대학교육협의회는 전산 기록을 심사해 354건의 접수를 최종 구제했다. 피해를 구제한 것은 필요한...,2026-09-23 12:06,https://www.ohmynews.com/NWS_Web/View/at_pg.aspx?CNTN_CD=A0003269905&CMPT_CD=P0010&utm_source=naver&utm_medium=newsearch&utm_campaign=naver_news,https://n.news.naver.com/mnews/article/047/0002530083?sid=102
서울대학교,LIVEBIZ,한국씨티은행 차기 행장 후보에 '기업금융통' 김경호 부행장,"김 부행장은 1968년생으로 서울대 국제경제학과, 미국 매사추세츠공대(MIT) 경영전문대학원(MBA)을 졸업했다. 2001년 한국씨티은행에 입행한 뒤 대기업금융부장, 금융기관본부장 등을 거쳐 2021년 2월부터 기업금융그룹...",2026-09-23 12:00,https://www.livebiz.today/news/articleView.html?idxno=205093,https://www.livebiz.today/news/articleView.html?idxno=205093
연세대학교,국제뉴스,"서원대-원주시 소공인복합지원센터, AI·로봇 인재 양성 맞손","이번 협력은 대학의 AI·로봇 교육 역량과 지역 산업계의 요구를 접목해, 학생들이 산업 현장에서 필요로... 이어 ""연세대학교 미래캠퍼스, 원주시 소공인복합지원센터와의 기존 협력 기반에 서원대학교가 더해지면서...",2026-09-23 11:56,https://www.gukjenews.com/news/articleView.html?idxno=3704530,https://www.gukjenews.com/news/articleView.html?idxno=3704530
서울대학교,매일일보,"이투스에듀 ""2028학년도 정시, 학생부 반영… 자퇴 후 수능 집중 신중해...","서울대 일반전형은 의과대와 수의과대를 제외한 모집단위에서 1단계 수능 성적으로 3배수를 선발한 뒤, 2단계에서 수능 60%와 교과역량평가 40%를 반영할 계획이다. 교과역량평가에서는 교과학습발달상황과 출결상황...",2026-09-23 11:56,https://www.m-i.kr/news/articleView.html?idxno=1417817,https://www.m-i.kr/news/articleView.html?idxno=1417817
연세대학교,매일일보,"이투스에듀 ""2028학년도 정시, 학생부 반영… 자퇴 후 수능 집중 신중해...","사진= 이투스에듀 교육평가연구소 제공 매일일보 = 이지완 기자  |  2028학년도 대학입시에서 주요 대학의... 서강대 지역균형전형은 수능 80%, 학생부교과 10%, 출결 10%를 반영하며, 연세대 일반전형은 의예과를...",2026-09-23 11:56,https://www.m-i.kr/news/articleView.html?idxno=1417817,https://www.m-i.kr/news/articleView.html?idxno=1417817
연세대학교,중앙일보,"에스컬레이터 한줄? 두줄?...정부, 두줄서기 접고 ‘이것’ 택했다",행정안전부는 지난달 29일 서울 서대문구 연세대에서 국민 200여 명과 전문가들이 참여한 ‘모두의 토론회: 에스컬레이터 어떻게 타야 안전할까’에서 나온 의견과 결과를 토대로 이 같은 후속 조치를 추진한다고 23일...,2026-09-23 11:56,https://www.joongang.co.kr/article/25464407,https://n.news.naver.com/mnews/article/025/0003553453?sid=102
고려대학교,매일일보,"이투스에듀 ""2028학년도 정시, 학생부 반영… 자퇴 후 수능 집중 신중해...",점도 고려해야 한다고 설명했다. 특히 2028학년도에는 주요 대학의 일부 정시 전형에서 학생부 평가를... 고려대 교과우수전형은 의학과를 제외하고 수능 80%와 학생부교과 20%를 반영한다. 서강대 지역균형전형은...,2026-09-23 11:56,https://www.m-i.kr/news/articleView.html?idxno=1417817,https://www.m-i.kr/news/articleView.html?idxno=1417817
고려대학교,스포츠조선,"가슴이 '쿵', 두근거림부터 어지럼증·실신까지…부정맥이 보내는 신호","고려대학교 안암병원 순환기내과 심재민 교수는 ""부정맥은 종류가 매우 다양하고 각각의 위험성과 치료방법도 다르기 때문에 증상만으로 판단해서는 안된다며 ""두근거림이나 어지럼증이 반복되거나 실신이 동반된다면...",2026-09-23 11:55,https://www.sportschosun.com/life/2026-09-23/202609230100158380010323,https://n.news.naver.com/mnews/article/076/0004449063?sid=102
연세대학교,스마트경제,"""AI에 일자리 뺏기고 쉴 바엔…"" 현대해상·SK, 68만 '쉬었음 청년' 일으...","자문단에는 염재호 태재대학교 총장을 비롯해 장용석 연세대학교 교수, 엄윤미 아산나눔재단 이사장, 김성준 국민대학교 교수, 서현선 루트임팩트 이사, 정진우 ACG 컨설팅 대표가 이름을 올리고 정교한 가이드라인을...",2026-09-23 11:50,http://www.dailysmart.co.kr/news/articleView.html?idxno=130219,http://www.dailysmart.co.kr/news/articleView.html?idxno=130219
서울대학교,M-ECONOMYNEWS,"에너지연, 제 20대 원장에 정학근 전 산업부 본부장 취임","이후 2013년 서울대에서 기계항공공학 박사 학위를 취득했다. 1998년 에너지연에 입사한 뒤 에너지효율연구본부장을 비롯해 과학기술정보통신부 한계도전 R&D 위원회 기획위원, 산업통상자원부 에너지효율개선위원회...",2026-09-23 11:50,https://www.m-economynews.com/news/article.html?no=71009,https://www.m-economynews.com/news/article.html?no=71009
서울대학교,뉴스1,"제주대, '서울대 10개 만들기' 제외…""평가 기준 공개하라""","제주도와 제주도의회, 제주대학교가 '서울대 10개 만들기'(S-10) 패키지 지원사업에서 제주대가 선정되지 않은 것과 관련해 ""평가의 구체적인 기준과 절차를 공개하라""며 유감을 표했다. 위성곤 제주지사와 송영훈...",2026-09-23 11:48,https://www.news1.kr/local/jeju/6300252,https://n.news.naver.com/mnews/article/421/0009188636?sid=102
연세대학교,머니투데이,"정부, 에스컬레이터 두줄 서기 안한다…대신 '손잡이 잡기', '뛰지 않기...","행정안전부는 지난달 29일 연세대 백양누리에서 국민 200여명과 전문가가 참여한 '모두의 토론회' 결과를 반영해 에스컬레이터 안전 이용 문화 개선 후속 조치를 추진한다고 23일 밝혔다. 행안부 관계자는 ""정부가 그동안...",2026-09-23 11:46,https://www.mt.co.kr/policy/2026/09/23/2026092310543145923,https://n.news.naver.com/mnews/article/008/0005417850?sid=102
고려대학교,문화일보,"檢 폐지 직전 ‘친여 검사’ 중용, 이것도 공소취소 포석 아닌가[사설]","전남 나주 출신으로 영산포상고와 고려대 법대를 졸업한 이 차장은 친여 성향 검사로 분류돼온 데다, 지난 4월 더불어민주당 주도의 조작기소 국정조사 특위에 출석해 수원지검의 쌍방울 불법 대북 송금 수사와 관련해...",2026-09-23 11:46,https://www.munhwa.com/article/11619253?ref=naver,https://n.news.naver.com/mnews/article/021/0002820974?sid=110
서울대학교,조선비즈,한국씨티은행 차기 행장에 김경호 부행장… 6년 만에 교체,"1968년생인 김 부행장은 서울대 국제경제학과, 미국 매사추세츠공대 경영전문대학원(MBA)을 졸업했다. 2001년 한국씨티은행에 입행한 뒤 대기업금융부장, 금융기관본부장 등을 거쳐 2021년 2월부터 기업금융그룹 부행장을...",2026-09-23 11:46,https://biz.chosun.com/stock/finance/2026/09/23/I6SHJFH6NBFETPCSQIT6NI4Q64/?utm_source=naver&utm_medium=original&utm_campaign=biz,https://n.news.naver.com/mnews/article/366/0001194181?sid=101
서울대학교,국제뉴스,"탕화쿵푸마라탕, 서울 관악구 '낙성대점' 신규 오픈",탕화쿵푸마라탕이 서울 관악구 봉천동에 '낙성대점'을 새롭게 오픈했다고 밝혔다. 지난 9월 21일 문을 연 낙성대점은 하철 2호선 낙성대역 인근 남부순환로 대로변 1층에 위치해 있다. 매장 주변에는 서울대학교와 인근...,2026-09-23 11:44,https://www.gukjenews.com/news/articleView.html?idxno=3704510,https://www.gukjenews.com/news/articleView.html?idxno=3704510
연세대학교,ZIKSIR,"현대해상, 청년 사회문제 해결 경험 '채용 역량'으로 연결","염재호 태재대학교 총장과 장용석 연세대학교 교수, 엄윤미 아산나눔재단 이사장, 김성준 국민대학교 교수, 서현선 루트임팩트 이사, 정진우 ACG컨설팅 대표가 참여한다. 정경선 현대해상 최고지속가능책임자(CSO)는 ""더...",2026-09-23 11:40,https://www.ziksir.com/news/articleView.html?idxno=147421,https://www.ziksir.com/news/articleView.html?idxno=147421
서울대학교,문화일보,시정돼야 할 ‘듯하다’ 판결[뉴스와 시각],지난 5월 서울대 여론조사에서 사법부 신뢰도는 19%로 1년 전(38%)보다 뚝 떨어졌다. 법원이 중심을 잡지 못하고... 지난 7월 오세훈 서울시장에 대한 정치자금법 위반 1심 판결이 대표적이다. 판결 선고문을 분석했더니...,2026-09-23 11:40,https://www.munhwa.com/article/11619241?ref=naver,https://n.news.naver.com/mnews/article/021/0002820963?sid=110
고려대학교,SBS,"추석에 1∼2kg 쪘다고 굶지 마세요…""체지방 아닐 수도""","권영근 고려대 안암병원 비만대사센터 교수는 ""추석에는 평소보다 다양한 음식을 접해 식사량이 늘어날 수 있지만, 음식을 무조건 피하거나 많이 먹었다는 죄책감 때문에 연휴 전후에 굶는 방식의 체중 조절을 반복할...",2026-09-23 11:37,https://news.sbs.co.kr/news/endPage.do?news_id=N1008767611&plink=ORI&cooper=NAVER,https://n.news.naver.com/mnews/article/055/0001390606?sid=102
고려대학교,이데일리,"엘앤씨바이오, 무릎 연골 재생 의료기기 ‘메가카티’ 임상 결과 공개…...",고려대학교 장기모 교수는 ‘Beyond Microfracture: The Emerging Role of MegaCarti in Knee Cartilage Regeneration’을... 동종신경이식재 ‘메가너브 프라임(MegaNerve Prime)’은 국내 주요 대학병원 40여 곳에 도입돼 정형외과와...,2026-09-23 11:34,https://www.edaily.co.kr/News/Read?newsId=03260326645583072&mediaCodeNo=257&utm_source=naver&utm_medium=referral&utm_campaign=news_syndication&utm_content=original_article,https://n.news.naver.com/mnews/article/018/0006374900?sid=101
서울대학교,CONSUMERNEWS,차기 한국씨티은행장 후보에 김경호 부행장... 기업금융 DNA 강화,"김 부행장은 1968년생으로 서울대 국제경제학과 졸업 후 미국 MIT 경영전문대학원(MBA)을 마쳤다. 삼성물산, 맥킨지앤컴퍼니를 거쳐 2001년 씨티은행 입사 이후 대기업금융부장, 금융기관영업본부장을 거쳐 현재...",2026-09-23 11:34,http://www.consumernews.co.kr/news/articleView.html?idxno=764619,http://www.consumernews.co.kr/news/articleView.html?idxno=764619
연세대학교,NEWSWORKER,"한국문화예술위원회, 한일 협력 '아시안 아트 라운드테이블' 개최","세계적인 문화이론가이자 철학자인 한병철을 필두로 동아시아 철학 분야의 석학인 나카지마 다카히로 도쿄대 교수, 젠더와 돌봄 문제를 천착해 온 문화인류학자 김현미 연세대 교수가 기조강연자로 강단에 오른다....",2026-09-23 11:32,https://www.newsworker.co.kr/news/articleView.html?idxno=505830,https://www.newsworker.co.kr/news/articleView.html?idxno=505830
고려대학교,보건뉴스,"고대구로병원 이승훈·김은상 교수 연구팀, '나누리 학술상 우수상' 수...","고려대학교 구로병원 신경외과 이승훈, 김은상 교수 고려대학교 구로병원 신경외과 이승훈·김은상 교수 연구팀이 지난 17일 개최된 '2026년 제40차 대한척추신경외과학회 정기학술대회'에서 '나누리...",2026-09-23 11:32,http://www.bokuennews.com/news/article.html?no=284707,http://www.bokuennews.com/news/article.html?no=284707
연세대학교,파이낸셜포스트,"이력서 한 줄에 그쳤던 사회문제 해결 경험…현대해상, 채용 연계 길 연...","염재호 태재대 총장과 장용석 연세대 교수, 엄윤미 아산나눔재단 이사장 등이 참여한다. 현대해상은 SK와 함께 다른 기업들의 프로젝트 참여 및 협력 방안도 논의하고 있다. 향후 기업과 사회혁신 기관, 학계 등으로 협력...",2026-09-23 11:32,https://www.financialpost.co.kr/news/articleView.html?idxno=277189,https://www.financialpost.co.kr/news/articleView.html?idxno=277189
서울대학교,DATANET,"제론셀베인, KEIT 국가 R&D 과제 선정 ··· 서울대치과병원과 치주질환...","제론셀베인은 서울대학교치과병원과 공동으로 연구개발에 착수할 예정이다. 연구는 2026년 하반기부터... 개발하고, 서울대학교치과병원과 의료 현장에서의 적용 가능성을 검토할 계획이다. 회사 측에 따르면 과제...",2026-09-23 11:30,https://www.datanet.co.kr/news/articleView.html?idxno=214685,https://www.datanet.co.kr/news/articleView.html?idxno=214685
서울대학교,조선비즈,"선관위 특검, 디지털 포렌식 전문가 4명 수사자문위원 위촉","특검이 전날 위촉한 디지털 포렌식 전문수사자문위원은 이상진 고려대 정보보호대학원 교수, 원유집 한국과학기술원 전기및전자공학부 교수, 김기범 성균관대 과학수사학과 교수, 이병영 서울대 전기정보공학부 교수...",2026-09-23 11:29,https://biz.chosun.com/topics/law_firm/2026/09/23/HDR37NHIXBENZMJWVGUFXAJJYI/?utm_source=naver&utm_medium=original&utm_campaign=biz,https://n.news.naver.com/mnews/article/366/0001194173?sid=102
고려대학교,조선비즈,"선관위 특검, 디지털 포렌식 전문가 4명 수사자문위원 위촉","특검이 전날 위촉한 디지털 포렌식 전문수사자문위원은 이상진 고려대 정보보호대학원 교수, 원유집 한국과학기술원 전기및전자공학부 교수, 김기범 성균관대 과학수사학과 교수, 이병영 서울대 전기정보공학부 교수...",2026-09-23 11:29,https://biz.chosun.com/topics/law_firm/2026/09/23/HDR37NHIXBENZMJWVGUFXAJJYI/?utm_source=naver&utm_medium=original&utm_campaign=biz,https://n.news.naver.com/mnews/article/366/0001194173?sid=102
연세대학교,MBN,"""두 줄 서기 대신 손잡이 잡기""…에스컬레이터 안전 정책 바뀐다",행안부는 지난달 29일 연세대학교 백양누리에서 국민 200여 명과 전문가가 참여한 가운데 열린 '에스컬레이터 안전 이용 문화 개선' 모두의 토론회 결과를 바탕으로 이런 내용의 후속 조치를 추진한다고 오늘(23일)...,2026-09-23 11:29,http://mbn.mk.co.kr/pages/news/newsView.php?category=mbn00009&news_seq_no=5221090,https://n.news.naver.com/mnews/article/057/0001970469?sid=102
연세대학교,경향신문,정부 “‘에스컬레이터 두 줄 서기’ 캠페인 중단”···대신 ‘3대 안...,행정안전부는 지난달 29일 연세대 백양누리에서 국민 200여명과 전문가가 참여한 가운데 열린 ‘에스컬레이터 안전 이용 문화 개선’ 모두의 토론회 결과를 바탕으로 이런 내용의 후속 조치를 추진한다고 23일 밝혔다....,2026-09-23 11:27,https://www.khan.co.kr/article/202609231127001,https://n.news.naver.com/mnews/article/032/0003472211?sid=102
고려대학교,GGILBO,"한국연구재단, 나노·소재단장에 김수영 고려대 교수 선임","나노·소재단장에 고려대학교 신소재공학부 김수영 교수를 선임했다. 김수영단장은 포항공대(POSTECH)에서 신소재공학 학사·석사·박사 학위를 받으며 2009년부터 2019년까지 중앙대 화학공학과 교수, 현재 고려대...",2026-09-23 11:26,https://www.ggilbo.com/news/articleView.html?idxno=1183498,https://www.ggilbo.com/news/articleView.html?idxno=1183498
연세대학교,문화일보,‘그들만의 특강! 6시간에 180만원’…연휴 ‘고액 의대 면접 특강’ 성...,특히 서울대·연세대·고려대 등의 제시문 면접과 의대 MMI는 학부모들 사이에서 사교육 의존도가 높은... 고교 내신이 9등급제에서 5등급제로 바뀌면 일부 대학이 면접을 통해 학생 선발 변별력을 확보하려 시도할 수...,2026-09-23 11:26,https://www.munhwa.com/article/11619207?ref=naver,https://n.news.naver.com/mnews/article/021/0002820930?sid=102
서울대학교,문화일보,‘그들만의 특강! 6시간에 180만원’…연휴 ‘고액 의대 면접 특강’ 성...,2027학년도 대입 수시 면접 전형을 앞두고 서울 학원가에서 고가 특강이 기승을 부리고 있다. 일부... 특히 서울대·연세대·고려대 등의 제시문 면접과 의대 MMI는 학부모들 사이에서 사교육 의존도가 높은 영역으로...,2026-09-23 11:26,https://www.munhwa.com/article/11619207?ref=naver,https://n.news.naver.com/mnews/article/021/0002820930?sid=102
고려대학교,문화일보,‘그들만의 특강! 6시간에 180만원’…연휴 ‘고액 의대 면접 특강’ 성...,특히 서울대·연세대·고려대 등의 제시문 면접과 의대 MMI는 학부모들 사이에서 사교육 의존도가 높은... 고교 내신이 9등급제에서 5등급제로 바뀌면 일부 대학이 면접을 통해 학생 선발 변별력을 확보하려 시도할 수...,2026-09-23 11:26,https://www.munhwa.com/article/11619207?ref=naver,https://n.news.naver.com/mnews/article/021/0002820930?sid=102
서울대학교,머니투데이,"6년 만에 바뀌는 씨티은행장…'기업금융통' 김경호, 성장·소매금융 정...","서울대학교 국제경제학과를 졸업하고 미국 매사추세츠공대(MIT)에서 경영학 석사(MBA) 학위를 취득했다. 1992년 삼성물산 경영관리 부문에서 사회생활을 시작해 맥킨지앤컴퍼니 컨설턴트를 거쳤으며, 2001년 씨티은행 서울...",2026-09-23 11:25,https://www.mt.co.kr/finance/2026/09/23/2026092310305642337,https://n.news.naver.com/mnews/article/008/0005417838?sid=101
서울대학교,DENTALNEWS,진정요법·생활치수치료 최신 임상 공유,10일 서울대치과병원 한화홀에서 2026년 제2차 학술집담회를 개최했다. 이날 학술집담회에는 153명이 등록해 치과 진정요법과 생활치수치료를 주제로 최신 임상 지견을 공유했다. 첫 번째 강연은 감명환 교수(서울대치과...,2026-09-23 11:24,https://www.dentalnews.or.kr/news/article.html?no=48288,https://www.dentalnews.or.kr/news/article.html?no=48288
연세대학교,DIGITALCHOSUN,"건강 측정부터 AI 예측까지…삼성물산, 아파트에 ‘웰니스’ 심는다",웰피 마인드에는 연세대학교 권수영 교수의 상담 기법을 학습한 AI 모델이 적용됐다. 이용자는 AI와 대화하거나 명상 콘텐츠를 이용할 수 있다. 웰피 푸드에서는 식품을 구매할 수 있다. 주거공간 외에 건설 현장에서도...,2026-09-23 11:24,http://digitalchosun.dizzo.com/site/data/html_dir/2026/09/23/2026092380076.html,http://digitalchosun.dizzo.com/site/data/html_dir/2026/09/23/2026092380076.html
연세대학교,한경매거진,"자인연구소, 9월 생각산책 성료… ""AI 시대, 인간 사유의 힘은 질문""","1부는 김형철 연세대학교 명예교수가, 2부는 최원호 자인연구소 대표와 이형우 마이다스그룹 회장이 연사로... 다음 생각산책은 11월 7일 토요일 '삶을 건너간 사람들의 이야기'를 주제로 열리며, 이지선 이화여자대학교...",2026-09-23 11:23,https://magazine.hankyung.com/business/article/202609233255b,https://n.news.naver.com/mnews/article/050/0000111265?sid=101
연세대학교,WIDEDAILY,"루닛 AI 플랫폼, 난치성 담도암 표적치료 효과 입증…'네이처 메디슨' 실...","이번 임상은 연세대 의대 이충근 교수 연구팀이 주도했으며, 루닛 연구진은 공동저자로 이름을 올려 AI... 이충근 연세대 의대 교수는 추가 검증이 필요하지만 AI를 통한 정밀 치료 효과 예측은 미래 정밀의료가...",2026-09-23 11:22,https://www.widedaily.com/news/articleView.html?idxno=301449,https://www.widedaily.com/news/articleView.html?idxno=301449
연세대학교,파이낸셜뉴스,"에스컬레이터 '두 줄 서기' 강제로 안한다…행안부 ""안전 이용 중심 전...",행정안전부는 지난 9월29일 연세대 백양누리에서 국민 200여 명과 전문가가 참여한 '에스컬레이터 안전 이용 문화 개선' 토론회를 열고 이 같은 후속 조치를 추진한다고 23일 밝혔다. 행안부는 이에 따라 제1차 승강기...,2026-09-23 11:21,https://www.fnnews.com/news/202609231113479550,https://n.news.naver.com/mnews/article/014/0005580261?sid=100
고려대학교,연합뉴스,"추석에 1∼2㎏ 쪘다고 굶지 마세요…""체지방 아닐 수도""","권영근 고려대 안암병원 비만대사센터 교수는 ""추석에는 평소보다 다양한 음식을 접해 식사량이 늘어날 수 있지만, 음식을 무조건 피하거나 많이 먹었다는 죄책감 때문에 연휴 전후에 굶는 방식의 체중 조절을 반복할...",2026-09-23 11:21,https://www.yna.co.kr/view/AKR20260923080000530?input=1195m,https://n.news.naver.com/mnews/article/001/0016332158?sid=102
서울대학교,헤럴드경제,"“서울대·엔비디아, 피지컬 AI 공동연구 과제 구체화 단계”",(사진) 서울대학교 AI연구원장은 23일 헤럴드경제와의 인터뷰에서 “서울대와 엔비디아 양측 연구진이 직접... 이 원장은 오는 29일 서울 중구 신라호텔에서 열리는 ‘헤럴드 기업포럼 2026’의 기조연사로 나서 ‘대한민국...,2026-09-23 11:20,https://biz.heraldcorp.com/article/10883279?ref=naver,https://n.news.naver.com/mnews/article/016/0002701365?sid=101
고려대학교,교수신문,"한국연구재단, 나노·소재단장에 고려대 김수영 교수 선임",한국연구재단(이사장 홍원화)은 9월 28일자로 국가전략연구본부 나노·소재단장에 김수영 고려대 신소재공학부 교수를 선임했다고 밝혔다. 김수영 단장은 정부에서 위탁받은 나노·소재단 소관분야 지원사업의...,2026-09-23 11:20,https://www.kyosu.net/news/articleView.html?idxno=210692,https://www.kyosu.net/news/articleView.html?idxno=210692
고려대학교,교수신문,"서경대, 성북구와 '대학도시 성북' 비전 선포…관내 7개 대학 모두 참여","이번 협약에는 성북구 관내 대학인 서경대(총장 김범준), 고려대, 국민대, 동덕여대, 성신여대, 한국예술종합학교, 한성대가 모두 참여했다. 선포식에서 성북구와 7개 대학은 ""지역과 대학의 연결로 미래를 여는, 대학도시...",2026-09-23 11:20,https://www.kyosu.net/news/articleView.html?idxno=210691,https://www.kyosu.net/news/articleView.html?idxno=210691
고려대학교,DAILYPHARM,"엘앤씨바이오 메가카티, 4년 뒤 통증 49→13 감소",고려대학교 장기모 교수는 메가카티와 미세천공술을 함께 시행한 환자 40명의 4년 추적 결과를 발표했다. 해당 연구는 국제학술지 ‘Scientific Reports’에 게재됐다. 환자가 평가한 통증 점수(VAS)는 수술 전 49....,2026-09-23 11:18,https://www.dailypharm.com/user/news/342819?REFERER=NP,https://www.dailypharm.com/user/news/342819?REFERER=NP
연세대학교,SBS Biz,이제 에스컬레이터 '두줄서기' 안해요…속도보다 '안전',행안부는 지난달 29일 연세대학교 백양누리에서 국민 200여 명과 전문가가 참여한 가운데 열린 '에스컬레이터 안전 이용 문화 개선' 모두의 토론회 결과를 바탕으로 이런 내용의 후속 조치를 추진한다고 23일 밝혔습니다....,2026-09-23 11:18,https://biz.sbs.co.kr/article_hub/20000336458?division=NAVER,https://n.news.naver.com/mnews/article/374/0000534550?sid=104
고려대학교,톱스타뉴스,"영탁, ""당신을 사로잡을 단 하나의 콘서트""…'탁쇼5' 포스터→SF 영화 주...",'탁쇼5'는 오는 10월 3일부터 5일까지 사흘간 고려대학교 화정체육관에서 매일 오후 3시 관객과 만난다. 120분 동안 음악과 추억을 따라 함께 걷는 여정은 서울에서 첫 페이지를 펼친 뒤 전주·대구·인천으로 발걸음을 옮겨...,2026-09-23 11:18,https://www.topstarnews.net/news/articleView.html?idxno=16208465,https://www.topstarnews.net/news/articleView.html?idxno=16208465
연세대학교,매일신문,"에스컬레이터 한줄서기? 두줄서기?…결국 ""정답 없다, 자율로""",◆한 줄도 두 줄도 현실에선 비슷 행안부는 지난 8월 29일 연세대학교에서 국민 200여 명과 전문가가 참여한 '에스컬레이터 안전 이용 문화 개선' 토론회를 열고 이용 방식과 사고 원인 등을 논의했다. 전문가들은 실제...,2026-09-23 11:18,https://www.imaeil.com/page/view/2026092311170234561,https://n.news.naver.com/mnews/article/088/0001030251?sid=102
연세대학교,아시아경제,"에스컬레이터 두줄 서기 캠페인 없어진다…""비켜달라"" 요구는 X","이번 결정은 지난달 29일 연세대 백양누리에서 열린 '에스컬레이터 안전 이용 문화 개선' 모두의 토론회... 허윤섭 한국승강기대학교 교수는 ""에스컬레이터 위에서 걷는 행위는 발판에 충격을 주어 설비에 무리를 줄 수...",2026-09-23 11:17,https://view.asiae.co.kr/article/2026092311170574678,https://n.news.naver.com/mnews/article/277/0005820463?sid=102
고려대학교,TV조선,"선관위 특검, 포렌식 자문위원 4명 위촉…""수사 신뢰성 제고""","특검팀이 전날(22일) 위촉한 디지털 포렌식 전문수사자문위원은 이상진 고려대 정보보호대학원 교수, 원유집... 이 특검은 특검보 인선에서도 디지털 포렌식에 대한 이해도를 우선 고려하겠다는 뜻을 밝힌 바 있다.",2026-09-23 11:16,https://news.tvchosun.com/site/data/html_dir/2026/09/23/2026092390106.html,https://n.news.naver.com/mnews/article/448/0000641040?sid=102
고려대학교,팝콘뉴스,"고려대, '코리아타임스 우수대학랭킹' 2년 연속 종합 1위","김동원 총장은 ""코리아타임스 우수대학랭킹에서 고려대가 올해도 1위에 오른 것은 글로벌 캠퍼스를 목표로 삼아 교육과 연구, 학생 지원 전반에서 국제화를 꾸준히 추진한 구성원 모두의 노력 덕분""이라며 ""외국인...",2026-09-23 11:16,http://www.popcornnews.net/news/articleView.html?idxno=134056,http://www.popcornnews.net/news/articleView.html?idxno=134056
서울대학교,TV조선,"선관위 특검, 포렌식 자문위원 4명 위촉…""수사 신뢰성 제고""","특검팀이 전날(22일) 위촉한 디지털 포렌식 전문수사자문위원은 이상진 고려대 정보보호대학원 교수, 원유집 한국과학기술원 전기및전자공학부 교수, 김기범 성균관대 과학수사학과 교수, 이병영 서울대 전기정보공학부...",2026-09-23 11:16,https://news.tvchosun.com/site/data/html_dir/2026/09/23/2026092390106.html,https://n.news.naver.com/mnews/article/448/0000641040?sid=102
서울대학교,전남일보,선관위 서버 확보한 특검…디지털포렌식 전문가 4명 합류,"특검팀이 전날 위촉한 디지털 포렌식 전문수사자문위원은 이상진 고려대 정보보호대학원 교수, 원유집 한국과학기술원 전기및전자공학부 교수, 김기범 성균관대 과학수사학과 교수, 이병영 서울대 전기정보공학부...",2026-09-23 11:14,https://www.jnilbo.com/news/articleView.html?idxno=90000068321,https://www.jnilbo.com/news/articleView.html?idxno=90000068321
서울대학교,주간한국,"고려대·반기문재단, '국제안보 재편과 한반도 평화' 주제로 공동 심포...","국립외교원·국방대·연세대·서울대 등 안보·기술 분야 전문가들이 발표와 토론에 참여한다. 양 기관은 2023년 한미동맹을 시작으로 북핵 위기, 트럼프 2.0 시대를 잇달아 다뤄온 데 이어 이번 심포지엄에서 국제안보...",2026-09-23 11:14,https://weekly.hankooki.com/news/articleView.html?idxno=7185834,https://weekly.hankooki.com/news/articleView.html?idxno=7185834
서울대학교,더팩트,"선관위 특검, 포렌식 전문가 4명 자문위원 위촉…""수사 객관성 제고""",위촉된 자문위원은 △이상진 고려대학교 정보보호대학원 교수 △원유집 한국과학기술원 전기및전자공학부 교수 △김기범 성균관대학교 과학수사학과 교수 △이병영 서울대학교 전기정보공학부 교수다. 특검팀은...,2026-09-23 11:14,https://news.tf.co.kr/read/life/2369302.htm,https://n.news.naver.com/mnews/article/629/0000536531?sid=102
연세대학교,팍스경제TV,"루닛, '루닛 스코프' 활용한 담도암 연구 결과 세계 최고 권위 'Nature Med...",이번 논문은 연세대학교 의과대학 이충근 교수 연구팀이 주도한 HER2 양성 진행성 담도암 1차 치료 임상시험 결과를 담았습니다. 루닛 연구진은 공동저자로서 AI 기반 전체 슬라이드 이미지(WSI) 분석과...,2026-09-23 11:14,http://www.paxetv.com/news/articleView.html?idxno=282663,http://www.paxetv.com/news/articleView.html?idxno=282663
고려대학교,주간한국,"고려대·반기문재단, '국제안보 재편과 한반도 평화' 주제로 공동 심포...",사진=고려대  고려대 통일융합연구원과 반기문재단은 오는 29일 오후 2시 고려대 백주년기념삼성관 국제원격회의실에서 '질서 이후의 질서: 국제안보의 재편과 한반도 평화'를 주제로 제4차 공동 심포지엄을 개최한다고...,2026-09-23 11:14,https://weekly.hankooki.com/news/articleView.html?idxno=7185834,https://weekly.hankooki.com/news/articleView.html?idxno=7185834
연세대학교,주간한국,"고려대·반기문재단, '국제안보 재편과 한반도 평화' 주제로 공동 심포...","국립외교원·국방대·연세대·서울대 등 안보·기술 분야 전문가들이 발표와 토론에 참여한다. 양 기관은 2023년 한미동맹을 시작으로 북핵 위기, 트럼프 2.0 시대를 잇달아 다뤄온 데 이어 이번 심포지엄에서 국제안보...",2026-09-23 11:14,https://weekly.hankooki.com/news/articleView.html?idxno=7185834,https://weekly.hankooki.com/news/articleView.html?idxno=7185834
고려대학교,더팩트,"선관위 특검, 포렌식 전문가 4명 자문위원 위촉…""수사 객관성 제고""",위촉된 자문위원은 △이상진 고려대학교 정보보호대학원 교수 △원유집 한국과학기술원 전기및전자공학부 교수 △김기범 성균관대학교 과학수사학과 교수 △이병영 서울대학교 전기정보공학부 교수다. 특검팀은...,2026-09-23 11:14,https://news.tf.co.kr/read/life/2369302.htm,https://n.news.naver.com/mnews/article/629/0000536531?sid=102
고려대학교,전남일보,선관위 서버 확보한 특검…디지털포렌식 전문가 4명 합류,"특검팀이 전날 위촉한 디지털 포렌식 전문수사자문위원은 이상진 고려대 정보보호대학원 교수, 원유집... 앞서 특검보 인선에서도 디지털 포렌식에 대한 이해도를 우선 고려하겠다는 뜻을 밝혔다. 특검팀은 6·3 지방선거...",2026-09-23 11:14,https://www.jnilbo.com/news/articleView.html?idxno=90000068321,https://www.jnilbo.com/news/articleView.html?idxno=90000068321
연세대학교,헤럴드경제,"현대해상, SK와 손잡고 청년 미래인재 육성","교육·HR·사회혁신 분야 전문가 6인으로 구성됐으며 염재호 태재대 총장, 장용석 연세대 교수, 엄윤미 아산나눔재단 이사장, 김성준 국민대 교수, 서현선 루트임팩트 이사, 정진우 ACG 컨설팅 대표가 참여한다. 프로젝트를...",2026-09-23 11:12,https://biz.heraldcorp.com/article/10883235?ref=naver,https://n.news.naver.com/mnews/article/016/0002701333?sid=101
서울대학교,쿠키뉴스,“추격형 연구 넘어 탄소중립 도약”… 정학근 에너지연 원장 취임,"정 원장은 1996년 전남대에서 전기공학 학사, 1998년 광주과학기술원(GIST)에서 메카트로닉스공학 석사, 2013년 서울대에서 기계항공공학 박사학위를 받았다. 1998년 에너지연에 입사해 에너지효율연구본부장을 역임했고...",2026-09-23 11:12,https://www.kukinews.com/article/view/kuk202609230081,https://www.kukinews.com/article/view/kuk202609230081
서울대학교,OBSNEWS,"선관위 특검, 포렌식 전문가 4명 자문위원 위촉","고려대 이상진·한국과학기술원 원유집·성균관대 김기범·서울대 이병영 교수가 참여하며, 압수수색으로 확보한 선관위 내부 서버 자료 등의 분석을 지원합니다. 특검팀은 디지털 증거에 대한 전문적 자문을 통해 수사의...",2026-09-23 11:12,https://www.obsnews.co.kr/news/articleView.html?idxno=1538438,https://www.obsnews.co.kr/news/articleView.html?idxno=1538438
고려대학교,OBSNEWS,"선관위 특검, 포렌식 전문가 4명 자문위원 위촉","고려대 이상진·한국과학기술원 원유집·성균관대 김기범·서울대 이병영 교수가 참여하며, 압수수색으로 확보한 선관위 내부 서버 자료 등의 분석을 지원합니다. 특검팀은 디지털 증거에 대한 전문적 자문을 통해 수사의...",2026-09-23 11:12,https://www.obsnews.co.kr/news/articleView.html?idxno=1538438,https://www.obsnews.co.kr/news/articleView.html?idxno=1538438
서울대학교,뉴스티앤티,"고려대·반기문재단, '질서 이후의 질서' 심포지엄 개최...한반도 평화 ...","고려대학교 통일융합연구원과 보다나은미래를위한 반기문재단이 국제안보 질서 변화와 한반도 평화의... 김상배 서울대 교수는 '기술, 규범, 제도의 재편과 한국의 전략적 선택'을 중심으로 변화하는 국제 환경에서의 대응...",2026-09-23 11:10,https://www.newstnt.com/news/articleView.html?idxno=719892,https://www.newstnt.com/news/articleView.html?idxno=719892
고려대학교,뉴스티앤티,"고려대·반기문재단, '질서 이후의 질서' 심포지엄 개최...한반도 평화 ...",고려대 통일선도대학사업단이 후원한다. 김동원 고려대 총장의 환영사로 시작되는 행사는 반기문 전 유엔 사무총장의 기조강연으로 이어진다. 반 전 총장은 '격변하는 국제질서에서 대한민국의 역할'을 주제로...,2026-09-23 11:10,https://www.newstnt.com/news/articleView.html?idxno=719892,https://www.newstnt.com/news/articleView.html?idxno=719892
연세대학교,뉴스티앤티,"고려대·반기문재단, '질서 이후의 질서' 심포지엄 개최...한반도 평화 ...",고려대학교 통일융합연구원과 보다나은미래를위한 반기문재단이 국제안보 질서 변화와 한반도 평화의... 권태경 연세대 정보대학원 교수는 'AI 기술패권과 안보 방어선: 한국의 공급망 주권 확보전략'을 통해 기술 경쟁에...,2026-09-23 11:10,https://www.newstnt.com/news/articleView.html?idxno=719892,https://www.newstnt.com/news/articleView.html?idxno=719892
연세대학교,세계일보,"행안부, ‘에스컬레이터 두 줄 서기’ 추진 안 한다… “자율적 문화 정...",윤호중 행정안전부 장관이 지난 8월29일 서울 연세대학교 백양누리에서 에스컬레이터의 안전한 이용 방안을 논의하는 '모두의 토론회'에 참석하여 인사말을 하고 있다. 행정안전부 제공 행안부는 “일률적 두 줄 서기...,2026-09-23 11:08,https://www.segye.com/newsView/20260923507488?OutUrl=naver,https://n.news.naver.com/mnews/article/022/0004161312?sid=102
서울대학교,GGILBO,"한국에너지기술연구원, 제20대 정학근 원장 공식 취임","정학근 원장은 전남대학교에서 1996년 전기공학 학사, GIST에서 1998년 메카트로닉스공학 석사, 서울대학교에서 2013년 기계항공공학 박사 학위를 취득했다. 1998년 에너지연에 입사한 이후 에너지효율연구본부장을...",2026-09-23 11:08,https://www.ggilbo.com/news/articleView.html?idxno=1183490,https://www.ggilbo.com/news/articleView.html?idxno=1183490
고려대학교,노컷뉴스,"서정욱 ""李-조희대 충돌, 해법은 권한쟁의심판밖에 없어""[뉴스연구소]","그래서 이걸 고려해서 이런 입장을 낸 것 같다, 이렇게 좀 해석을 하더라고요. ◇ 박성태> 일단 절차에 문제가... 오늘 언론 보도를 보면 차진아 고려대 로스쿨 교수님이 말씀했는데 이분은 굳이 얘기하면 지난번에 우리가...",2026-09-23 11:08,https://www.nocutnews.co.kr/news/6582596?utm_source=naver&utm_medium=article&utm_campaign=20260923110733,https://n.news.naver.com/mnews/article/079/0004192443?sid=100
연세대학교,주간한국,"연세대, 부커상 작가 데이먼 갤것 대담 ""익숙한 인식 부수는 것이 문학...","사진=연세대  연세대 문과대학 인문예술진흥사업단은 2021년 부커상 수상 작가 데이먼 갤것(Damon Galgut)을 초청해 지난 14일 특별 대담을 진행했다고 23일 밝혔다. 갤것은 '굿 닥터'(2003), '낯선 방에서'(2010)로 두 차례...",2026-09-23 11:06,https://weekly.hankooki.com/news/articleView.html?idxno=7185830,https://weekly.hankooki.com/news/articleView.html?idxno=7185830
고려대학교,주간한국,"이승훈·김은상 고대구로병원 교수팀, 대한척추신경외과학회 우수상","이승훈(왼쪽), 김은상 고려대학교 구로병원 신경외과 교수. 사진=고대구로병원  고려대학교 구로병원은 이승훈·김은상 신경외과 교수 연구팀이 지난 17일 열린 '2026년 제40차 대한척추신경외과학회 정기학술대회'에서...",2026-09-23 11:06,https://weekly.hankooki.com/news/articleView.html?idxno=7185828,https://weekly.hankooki.com/news/articleView.html?idxno=7185828
연세대학교,WELFARENEWS,"노은지 KBS 기상캐스터, 꾸준한 정기 기부로 서울 사랑의열매 '나눔리더...","연세대학교에서 신학과 아동가족학을 전공한 노은지 씨는 2009년부터 KBS 기상캐스터로 활동하며 다양한 뉴스와 기상 프로그램을 통해 시청자들에게 기상정보를 전달해 왔다. 한편, 사랑의열매 '나눔리더'는 개인이 1년...",2026-09-23 11:06,https://www.welfarenews.net/news/articleView.html?idxno=211572,https://www.welfarenews.net/news/articleView.html?idxno=211572
연세대학교,MONEYSTORM,"현대해상, 청년 현장 경험 채용 연계…'프로젝트 트레일마크' 공개","염재호 태재대학교 총장, 장용석 연세대학교 교수, 엄윤미 아산나눔재단 이사장, 김성준 국민대학교 교수, 서현선 루트임팩트 이사, 정진우 ACG 컨설팅 대표가 참여한다. 정경선 현대해상 CSO는 ""청년들이 현장에서 쌓은...",2026-09-23 11:05,https://www.moneystorm.kr/news/articleView.html?idxno=6733,https://www.moneystorm.kr/news/articleView.html?idxno=6733
연세대학교,뉴스1,내신 5등급제에도 '자퇴 후 정시' 신중해야…서울대 교과평가 40%,"20%, 연세대 일반전형은 수능 90%와 서류 10%를 반영한다. 한양대 일반전형도 수능 90%와 학생부종합평가 10%로 선발한다. 김병진 이투스 교육평가연구소장은 ""내신 5등급제만을 이유로 자퇴를 결정하기보다 목표 대학이...",2026-09-23 11:05,https://www.news1.kr/society/education/6300164,https://n.news.naver.com/mnews/article/421/0009188391?sid=102
서울대학교,뉴스1,내신 5등급제에도 '자퇴 후 정시' 신중해야…서울대 교과평가 40%,"서울대 일반전형(의대·수의대 제외)은 1단계에서 수능 100%로 3배수를 선발한 뒤 2단계에서 수능 60%와 교과역량평가 40%를 반영한다. 고려대 교과우수전형(의학과 제외)은 수능 80%와 학생부교과 20%, 연세대 일반전형은...",2026-09-23 11:05,https://www.news1.kr/society/education/6300164,https://n.news.naver.com/mnews/article/421/0009188391?sid=102
고려대학교,뉴스1,내신 5등급제에도 '자퇴 후 정시' 신중해야…서울대 교과평가 40%,"2028학년도 대입 정시에서 학생부를 반영하는 대학도 늘어나는 만큼 자퇴 뒤 수능에만 집중하는 선택은... 고려대 교과우수전형(의학과 제외)은 수능 80%와 학생부교과 20%, 연세대 일반전형은 수능 90%와 서류 10%를...",2026-09-23 11:05,https://www.news1.kr/society/education/6300164,https://n.news.naver.com/mnews/article/421/0009188391?sid=102
고려대학교,SUWONILBO,"‘혐오의 시대, 어떻게 존엄하게 살 것인가’…‘수원시민 인권 아카데...","2회차(10월 21일)는 최호근 고려대학교 사학과 교수의 강연이다. ‘혐오의 언어, 차별의 자연화’를 주제로 혐오와 차별의 사회적·사상적 배경을 짚는다. 인원이 마감될 때까지 참가 신청을 받는다. 회차별로 신청할...",2026-09-23 11:04,https://www.suwonilbo.kr/news/articleView.html?idxno=318428,https://www.suwonilbo.kr/news/articleView.html?idxno=318428
연세대학교,CONSUMERNEWS,"현대해상, 청년 사회문제 해결 경험 미래역량으로…SK와 '트레일마크' 추...","염재호 태재대학교 총장, 장용석 연세대학교 교수, 엄윤미 아산나눔재단 이사장, 김성준 국민대학교 교수... 지난 7월 열린 국내대회에는 전국 26개 대학 학생과 교수 등 약 1000명이 참여했다. [소비자가만드는신문=]",2026-09-23 11:02,http://www.consumernews.co.kr/news/articleView.html?idxno=764595,http://www.consumernews.co.kr/news/articleView.html?idxno=764595
서울대학교,아시아경제,[홍석철의 경제진단] '등록금 0원'이라는 착시… 고등교육의 질적 혁신...,"나아가 지방 거점대의 위상을 높여 '서울대 10개 만들기'라는 국정과제를 뒷받침하겠다는 계산도 깔려 있다.... 지방 국립대의 연간 학비는 서울 주요 사립대의 절반 수준에 불과하며, 국가장학금 덕에 체감 학비는 이미...",2026-09-23 11:02,https://view.asiae.co.kr/article/2026092110245581982,https://n.news.naver.com/mnews/article/277/0005820447?sid=110
연세대학교,뉴시스,"현대해상, 청년 경험을 미래역량으로…'프로젝트 트레일마크' 추진","염재호 태재대학교 총장, 장용석 연세대학교 교수, 엄윤미 아산나눔재단 이사장, 김성준 국민대학교 교수, 서현선 루트임팩트 이사, 정진우 ACG 컨설팅 대표가 참여한다. 정경선 현대해상 최고지속가능책임자(CSO)는...",2026-09-23 11:01,https://www.newsis.com/view/NISX20260923_0003801783,https://n.news.naver.com/mnews/article/003/0014210176?sid=101
고려대학교,뉴스1,"""추석 뒤 2㎏ 늘었다고 굶지 마세요""…체지방 아닐 수도",23일 고려대안암병원에 따르면 명절에는 전과 갈비찜·잡채·송편 등 열량이 높은 음식을 평소보다 자주... 심한 비만이나 당뇨병·수면무호흡증·지방간질환 등이 동반됐다면 비만대사수술도 고려할 수 있다. 수술 후에도...,2026-09-23 11:01,https://www.news1.kr/bio/welfare-medical/6300120,https://n.news.naver.com/mnews/article/421/0009188373?sid=105
서울대학교,조선일보,"딘딘, “코팩하면 모공 넓어진다”… 정말?","서울대 의대 연구진이 남녀 60명의 얼굴 모공, 피지 분비량, 피부 탄력 등을 측정한 결과 피지 분비량이 많을수록 모공이 큰 경향을 보였다. 여러 변수 중 모공 크기와 가장 강하게 연관된 요인도 피지 분비량이었다....",2026-09-23 11:01,https://health.chosun.com/site/data/html_dir/2026/09/23/2026092301238.html,https://n.news.naver.com/mnews/article/346/0000116427?sid=103
서울대학교,노컷뉴스,"정학근 에너지연 원장 취임…""수직적 도약 통해 탄소중립 실현""","23일 에너지연에 따르면 정 원장은 전남대학교에서 1996년 전기공학 학사, GIST에서 1998년 메카트로닉스공학 석사, 서울대학교에서 2013년 기계항공공학 박사 학위를 취득했다. 1998년 에너지연에 입사한 이후...",2026-09-23 11:00,https://www.nocutnews.co.kr/news/6582584?utm_source=naver&utm_medium=article&utm_campaign=20260923105933,https://n.news.naver.com/mnews/article/079/0004192434?sid=102
연세대학교,뉴스핌,에스컬레이터 '두 줄 서기' 캠페인 안 한다…손잡이 잡기 등 3대 안전수...,행정안전부는 지난달 29일 연세대학교 백양누리에서 국민 200여명과 관련 전문가가 참여한 가운데... 허윤섭 한국승강기대학교 교수는 에스컬레이터 위에서 걸을 경우 발판에 전달되는 충격이 커져 설비에 무리가 갈 수...,2026-09-23 11:00,https://www.newspim.com/news/view/20260923000464,https://www.newspim.com/news/view/20260923000464
연세대학교,PUBLIC25,에스컬레이터 두 줄 서기 캠페인 종료…자율 준수로 가닥,지난 8월 연세대학교 백양누리에서 열린 모두의 토론회에서 안전한 에스컬레이터 이용 문화의 필요성에... 에스컬레이터 모두의 토론회는 지난 8월 29일 연세대학교 백양누리에서 국민 200여 명과 관련 전문가가 참여한...,2026-09-23 11:00,https://www.public25.com/news/articleView.html?idxno=55302,https://www.public25.com/news/articleView.html?idxno=55302
연세대학교,뉴시스,에스컬레이터 '두줄 서기' 강제 안한다…안전이용 조성,행정안전부는 지난달 29일 연세대 백양누리에서 국민 200명 및 전문가와 함께 '에스컬레이터 안전 이용 문화... 허윤섭 한국승강기대학교 교수는 에스컬레이터 위에서 걸으면 발판에 전해지는 충격이 커져 설비에 무리가...,2026-09-23 11:00,https://www.newsis.com/view/NISX20260923_0003801611,https://n.news.naver.com/mnews/article/003/0014210150?sid=102
고려대학교,SIDAE,"안산시, 추석 연휴 종합상황실 24시간 운영","7개 응급실 운영 의료기관은 24시간 비상진료를 유지한다. 24시간 응급실 운영 기관은 상록구의 근로복지공단 안산병원·사랑의병원·동안산병원, 단원구의 고려대학교 안산병원·한도병원·단원병원·클래스병원 등이다.",2026-09-23 11:00,https://www.sidae.com/article/2026092310404390283,https://n.news.naver.com/mnews/article/417/0001159133?sid=102
서울대학교,디지털타임스,한일월드컵 전 ‘화장실 문화 개선운동’…신중식 전 의원 별세,"언론인 출신 신중식(申仲植) 전 국회의원이 23일 오전 8시 14분 서울 강북삼성병원에서 85세를 일기로 세상을 떠났다고 유족이 전했다. 전남 고흥에서 태어난 고인은 경기고, 서울대 정치외교학과를 졸업한 뒤...",2026-09-23 10:59,https://www.dt.co.kr/article/12085607?ref=naver,https://n.news.naver.com/mnews/article/029/0003049642?sid=102
고려대학교,이데일리,"선관위 특검, 디지털 포렌식 전문수사자문위원 4명 위촉","위촉된 자문위원은 이상진 고려대학교 정보보호대학원 교수, 원유집 한국과학기술원 전기및전자공학부 교수, 김기범 성균관대학교 과학수사학과 교수, 이병영 서울대학교 전기정보공학부 교수다. 특검팀은 “디지털...",2026-09-23 10:58,https://www.edaily.co.kr/News/Read?newsId=03106166645583072&mediaCodeNo=257&utm_source=naver&utm_medium=referral&utm_campaign=news_syndication&utm_content=original_article,https://n.news.naver.com/mnews/article/018/0006374862?sid=102
서울대학교,베리타스알파,"배재고 '2027입학설명회' 안내.. 1차 '내달 17일', 2차 '11월13일'","/ 사진=배재고 제공 서울 광역자사고 배재고는 140년 이상의 역사를 지닌 학교로 국내 사학 중에서 가장... 배재고는 2026대입에서 31명의 서울대 합격자를 배출했다. 2024대입 23명, 2025대입 27명, 2026대입 31명의 추이로...",2026-09-23 10:58,https://www.veritas-a.com/news/articleView.html?idxno=629326,https://www.veritas-a.com/news/articleView.html?idxno=629326
서울대학교,이데일리,"선관위 특검, 디지털 포렌식 전문수사자문위원 4명 위촉","위촉된 자문위원은 이상진 고려대학교 정보보호대학원 교수, 원유집 한국과학기술원 전기및전자공학부 교수, 김기범 성균관대학교 과학수사학과 교수, 이병영 서울대학교 전기정보공학부 교수다. 특검팀은 “디지털...",2026-09-23 10:58,https://www.edaily.co.kr/News/Read?newsId=03106166645583072&mediaCodeNo=257&utm_source=naver&utm_medium=referral&utm_campaign=news_syndication&utm_content=original_article,https://n.news.naver.com/mnews/article/018/0006374862?sid=102
서울대학교,M-JOONGANG,잠과 깸 사이에서 발견한 행복으로 가는 마음 쓰는 법,"김환영 서울대 외교학과와 스탠퍼드대(중남미학 석사, 정치학 박사)에서 공부했다. 중앙일보에서 심의실장과 논설위원 등을 역임했다. 서강대·한경대·단국대 등에서 강단에 섰다. 지은 책으로 <뭐부터 읽어야 할지...",2026-09-23 10:58,https://www.m-joongang.com/news/articleView.html?idxno=403114,https://www.m-joongang.com/news/articleView.html?idxno=403114
서울대학교,베리타스알파,양서고 2027 3차 입학설명회 '내달 31일'..12일부터 신청,"/사진=양서고 제공 경기 양평군 소재 비평준화 일반고인 양서고는 매년 서울대 합격실적 10명 이상을... 가장 최근인 2026대입에서 수시 4명, 정시 10명 등 14명의 서울대 합격자를 배출했다. ▲교육전문신문...",2026-09-23 10:58,https://www.veritas-a.com/news/articleView.html?idxno=629359,https://www.veritas-a.com/news/articleView.html?idxno=629359
고려대학교,머니투데이,안산시 추석 연휴 '행정 공백 제로'…314명 비상근무,"고려대학교 안산병원, 근로복지공단 안산병원, 한도병원 등 관내 7개 응급의료기관은 연휴 내내 24시간 정상 운영되며, 문 여는 병·의원과 약국 정보는 시청 및 보건소를 통해 안내받을 수 있다. 시민 불편이 잦은...",2026-09-23 10:57,https://www.mt.co.kr/policy/2026/09/23/2026092310445715057,https://n.news.naver.com/mnews/article/008/0005417821?sid=102
고려대학교,쿠키뉴스,"김수영 고려대 교수, 연구재단 나노·소재단장 선임",쿠키뉴스=이재형 기자 | 한국연구재단은 국가전략연구본부 나노·소재단장에 김수영 고려대 신소재공학부... 이 기간 미국 시카고대 화학과 방문학자를 지냈다. 2019년부터 고려대 신소재공학부 교수로 재직 중이다.,2026-09-23 10:56,https://www.kukinews.com/article/view/kuk202609230072,https://www.kukinews.com/article/view/kuk202609230072
서울대학교,NONGMIN,농경연 차기 원장 후보 3명 압축,"서울대학교에서 농경제사회학 석사학위를 받은 뒤 박사과정을 수료했으며, 중국 베이징대학교에서 사회학 박사학위를 받았다. 2003~2007년에는 농경연에서 연구원과 전문연구원으로 근무해 농경연과도 인연이 있다. 이후...",2026-09-23 10:56,https://www.nongmin.com/article/20260923500101,https://n.news.naver.com/mnews/article/662/0000104976?sid=102
서울대학교,뉴스핌,"내달 7일 막 오르는 복지위 국감…국립대병원, 소관부처 이관 후 첫 검증",복지부는 국립대병원을 수도권 빅5 병원(서울대·서울아산·세브란스·삼성서울·서울성모) 수준까지 육성해 국민이 사는 곳에서 질 높은 진료를 받을 수 있도록 할 예정이다. 그러나 지역의 경우 의료진 인력 부족 등이...,2026-09-23 10:54,https://www.newspim.com/news/view/20260923000400,https://www.newspim.com/news/view/20260923000400
서울대학교,팜뉴스,"길리어드 코리아, 창립 15주년 간담회 개최… 국내 임상·사업 경과 공유","이어 열린 패널토론에서는 반준우 서울아산병원 임상시험센터 소장, 이경훈 서울대학교병원 혈액종양내과 교수, 김승환 신나는센터 상임이사, 최재연 대표가 참석해 헬스케어 과제를 논의했다. 전문가들은 글로벌...",2026-09-23 10:54,https://www.pharmnews.com/news/articleView.html?idxno=306507,https://www.pharmnews.com/news/articleView.html?idxno=306507
연세대학교,CNB저널,"한국문화예술위원회, 일본 문화청과 협력 서울 예술가의집에서 '아시안...","철학자이자 문화이론가인 한병철, 동아시아 철학 전문가 나카지마 다카히로(도쿄대 동양문화연구소 교수),  젠더·이주·돌봄 문제를 연구해 온 문화인류학자 김현미(연세대학교 문화인류학과 교수)의 기조강연을...",2026-09-23 10:54,https://www.cnbizm.com/news/articleView.html?idxno=316142,https://www.cnbizm.com/news/articleView.html?idxno=316142
연세대학교,이데일리,"현대해상, 청년 현장경험 기록·수치화해 취업 연결한다","염재호 태재대학교 총장, 장용석 연세대학교 교수, 엄윤미 아산나눔재단 이사장, 김성준 국민대학교 교수, 서현선 루트임팩트 이사, 정진우 ACG 컨설팅 대표가 참여한다. 정경선 현대해상 최고지속가능책임자(CSO)는 “더...",2026-09-23 10:53,https://www.edaily.co.kr/News/Read?newsId=03083206645583072&mediaCodeNo=257&utm_source=naver&utm_medium=referral&utm_campaign=news_syndication&utm_content=original_article,https://n.news.naver.com/mnews/article/018/0006374856?sid=101
고려대학교,주간한국,"고려대 의대, 과기정통부 기초연구 23개 과제 선정",사진=고대의과대학  고려대학교 의과대학은 고려대 의대 교수진이 과학기술정보통신부가 추진하는 2026년도 기초연구사업 2차 신규과제에 선정돼 총 23개 과제에서 약 38억 원의 연구비를 확보했다고 23일 밝혔다. 이번...,2026-09-23 10:52,https://weekly.hankooki.com/news/articleView.html?idxno=7185820,https://weekly.hankooki.com/news/articleView.html?idxno=7185820
서울대학교,DAILYVET,"송치용 대한수의사회 정무부회장, 사회민주당 당대표 당선","사회민주당은 22일(월) 제2기 사회민주당 전국동시당직선거 개표 결과를 공고하고, 송치용 후보의 당대표 선출 소식을 알렸다.서울대학교 수의과대학을 졸업한 송치용 대표는 사회민주당 창당을 이끌었고, 사회민주당...",2026-09-23 10:52,https://www.dailyvet.co.kr/news/policy/298091,https://www.dailyvet.co.kr/news/policy/298091
서울대학교,BOANNEWS,"[단독] 포스코, 삼성, 현대 연구원 개인정보 유출 정황... ""한국재료부식...","또 한국과학기술원(KAIST), 포항공과대학교(POSTECH), 서울대학교 등에 소속된 교수들의 개인정보도 포함됐다. 각 사별로 수십명의 개인정보를 가지고 있다는 주장이다. 공격자는 전체 데이터베이스 제공을 조건으로 500달러...",2026-09-23 10:52,https://www.boannews.com/news/articleView.html?idxno=146014,https://www.boannews.com/news/articleView.html?idxno=146014
연세대학교,WONYESANUP,"농진청, 미래 농업 이끌 인재 양성 … 학계와 머리 맞대",이승돈 농촌진흥청장은 지난 17일 전북 전주시 농촌진흥청에서 열린 제15회 농촌진흥청-전국농학계대학장협... 1부 공동 학술 토론회에서는 연세대학교 김남주 인공지능(AI)혁신연구원 에듀테크센터장이 '인공지능(AI) 시대...,2026-09-23 10:50,http://www.wonyesanup.co.kr/news/articleView.html?idxno=65900,http://www.wonyesanup.co.kr/news/articleView.html?idxno=65900
연세대학교,이뉴스투데이,"현대해상, 청년 미래인재 육성 '프로젝트 트레일마크' 공개","자문위원단에는 염재호 태재대학교 총장, 장용석 연세대학교 교수, 엄윤미 아산나눔재단 이사장, 김성준 국민대학교 교수, 서현선 루트임팩트 이사, 정진우 ACG 컨설팅 대표가 참여한다. 프로젝트 트레일마크를 제안한...",2026-09-23 10:49,http://www.enewstoday.co.kr/news/articleView.html?idxno=2473873,http://www.enewstoday.co.kr/news/articleView.html?idxno=2473873
연세대학교,지디넷코리아,"자인연구소 생각산책 개최…""AI 시대 인간 경쟁력은 질문하고 성찰하는...","행사는 김형철 연세대학교 명예교수의 강연과 최원호 자인연구소 대표, 이형우 마이다스그룹 회장이 참여한... 이지선 이화여자대학교 교수와 신미영 마이다스인 대표가 연사로 참여한다. 이 회장은 ""불확실성이 커질수록...",2026-09-23 10:49,https://zdnet.co.kr/view/?no=20260923104828,https://n.news.naver.com/mnews/article/092/0002438623?sid=105
고려대학교,뉴시스,"선관위 특검, 디지털 포렌식 역량 강화…전문위원 4명 위촉","이상진 고려대 정보보호대학원 교수, 원유집 한국과학기술원 전기및전자공학부 교수, 김기범 성균관대 과학수사학과 교수, 이병영 서울대 전기정보공학부 교수가 대상에 포함됐다. 특검팀은 ""디지털 포렌식, 정보 보안...",2026-09-23 10:49,https://www.newsis.com/view/NISX20260923_0003801765,https://n.news.naver.com/mnews/article/003/0014210111?sid=102
고려대학교,KOREAHEALTHLOG,고대구로병원 새 암병원 첫 삽…오는 2029년 말 완공,"기공식에는 학교법인 고려중앙학원 김재호 이사장, 고려대 김동원 총장, 윤을식 의무부총장 겸 의료원장, 편성범 의과대학장, 한승범 안암병원장, 민병욱 구로병원장, 서동훈 안산병원장, 전임 의무부총장 및 구로병원장...",2026-09-23 10:48,https://www.koreahealthlog.com/news/articleView.html?idxno=59152,https://www.koreahealthlog.com/news/articleView.html?idxno=59152
고려대학교,NEWSTOMATO,추석 건강관리·명절증후군 예방 위해 “너무 풀어지지 마세요”,"권영근 고려대 안암병원 비만대사센터 교수는 “명절 음식을 피하거나 과식했다는 죄책감 때문에 연휴... 한규만 고려대 안암병원 정신건강의학과 교수는 “연휴가 끝난 뒤에도 우울감이나 불안, 수면 문제 등이...",2026-09-23 10:48,http://www.newstomato.com/ReadNews.aspx?no=1314668&inflow=N,http://www.newstomato.com/ReadNews.aspx?no=1314668&inflow=N
고려대학교,뉴스1,"선관위 특검, '디지털 포렌식 전문수사자문위원' 4명 위촉",특검에 따르면 자문위원으로는 △이상진 고려대 정보보호대학원 교수 △원유집 한국과학기술원 전기및전자공학부 교수 △김기범 성균관대 과학수사학과 교수 △이병영 서울대 전기정보공학부 교수가 위촉됐다. 특검은...,2026-09-23 10:48,https://www.news1.kr/society/court-prosecution/6300121,https://n.news.naver.com/mnews/article/421/0009188318?sid=102
연세대학교,DAILY,"현대해상, AI시대 청년 미래인재 육성 '프로젝트 트레일마크' 공개","또한, 프로젝트의 방향성과 전문성을 높이기 위해 교육, HR, 사회혁신 분야 전문가 6인으로 자문위원단을 구성했으며, 염재호 태재대학교 총장, 장용석 연세대학교 교수, 엄윤미 아산나눔재단 이사장, 김성준 국민대학교...",2026-09-23 10:44,https://daily.hankooki.com/news/articleView.html?idxno=1409366,https://daily.hankooki.com/news/articleView.html?idxno=1409366
연세대학교,아주경제,아르코·日 문화청 '아시안 아트 라운드테이블' 서울 개최,"철학자이자 문화이론가인 한병철, 동아시아 철학 전문가 나카지마 다카히로 도쿄대 동양문화연구소 교수,  젠더·이주·돌봄 문제를 연구해 온 문화인류학자 김현미 연세대학교 문화인류학과 교수의 기조강연으로...",2026-09-23 10:44,https://www.ajunews.com/view/20260923103823306,https://www.ajunews.com/view/20260923103823306
연세대학교,BIOSPECTATOR,"루닛, 'AI 바이오마커' 담도암 임상 ""네이처메디슨 게재""",이에 따라 이번 연구에서 이충근 연세대의대 교수팀 주도하에 HER2 양성 진행성 담도암 환자 40명을... 이충근 연세대의대 교수는 “AI 기반 디지털병리 분석은 기존 HER2 면역염색 병리 분석법보다 치료 효과를 더...,2026-09-23 10:44,https://www.biospectator.com/view/news_view.php?varAtcId=29899,https://www.biospectator.com/view/news_view.php?varAtcId=29899
고려대학교,충청리뷰,"고려대 세종캠, '메디힐 유임순 정원 조성' 기념식",권오섭 회장이 고려대학교 세종캠퍼스의 학생 복지와 대학 발전을 위해 향후 4년간 매년 5억 원씩 20억 원을 기부하기로 약정한 것을 계기로 마련됐다. 권오섭 회장은 지속적인 기부를 통해 고려대학교 세종캠퍼스의...,2026-09-23 10:44,https://www.ccreview.co.kr/news/articleView.html?idxno=358414,https://www.ccreview.co.kr/news/articleView.html?idxno=358414
연세대학교,M-JOONGANG,"포용의 인도, 히말라야에서 만난 '미니 이스라엘'","연세대 정치외교학과를 졸업하고 서울방송(SBS) 기자로 일하다가 1994년 일본 마쓰시타정경숙 15기로 입숙해 5년 과정을 마치는 동안 125개 나라를 순회했다. 조지워싱턴대학 E-Politics 프로젝트 디렉터, 일본경제산업성...",2026-09-23 10:42,https://www.m-joongang.com/news/articleView.html?idxno=403112,https://www.m-joongang.com/news/articleView.html?idxno=403112
고려대학교,BBS NEWS,[인사]한국연구재단 국가전략연구본부 나노-소재단장 김수영,"나노·소재단장에 고려대 신소재공학부 김수영 교수를 선임했다고 밝혔습니다. 김수영 단장은 1976년생으로 POSTECH에서 학사, 석사, 박사 학위를 취득했으며 중앙대 교수를 거쳐 현재 고려대 교수로 재직중입니다.",2026-09-23 10:40,https://news.bbsi.co.kr/news/articleView.html?idxno=4108363,https://news.bbsi.co.kr/news/articleView.html?idxno=4108363
연세대학교,4TH,"'이력 한 줄' 그친 청년 경험…현대해상·SK, '채용 역량'으로 잇는다","염재호 태재대학교 총장과 장용석 연세대학교 교수, 엄윤미 아산나눔재단 이사장, 김성준 국민대학교 교수, 서현선 루트임팩트 이사, 정진우 ACG 컨설팅 대표 등이 참여한다. 프로젝트를 제안한 정경선 현대해상...",2026-09-23 10:38,http://www.4th.kr/news/articleView.html?idxno=2118617,http://www.4th.kr/news/articleView.html?idxno=2118617
연세대학교,JEONMAE,"정연화 성남시의회 부의장, 수소 기반 미래형 도시교통 전환 방안 모색","이날 토론회는 연세대학교 문일 교수가 좌장을 맡았으며 카이스트 경영공학부 김상원 교수가 발제자로 나섰다. 토론에는 이임철 SK이노베이션 E&S 부사장, 이용주 아주대학교 교수, 박상욱 제로쿨투어 대표가 참여해 성남시...",2026-09-23 10:38,https://www.jeonmae.co.kr/news/articleView.html?idxno=1296226,https://www.jeonmae.co.kr/news/articleView.html?idxno=1296226
연세대학교,M-JOONGANG,모두 놓고 떠나며 '위대함'을 남긴 거인,"세브란스의학전문학교장 올리버 에이비슨이 유일한에게 연의전문학교 상과(오늘날 연세대 경영대학) 교수직을, 일한의 아내 호미리에게는 세브란스병원 소아과 과장직을 제의했기 때문이다. 하지만 그는 교수직을...",2026-09-23 10:38,https://www.m-joongang.com/news/articleView.html?idxno=403111,https://www.m-joongang.com/news/articleView.html?idxno=403111
연세대학교,IKLD,"서울교통공사, 대학·민간과 공공데이터 활용 확대… 도시문제 해결 나...","(사진제공 : 서울교통공사) 서울교통공사가 대학·민간 전문기관과 손잡고 공공데이터를 활용한 도시문제 해결과 신규 서비스 발굴에 나선다. 서울교통공사는 지난 14일 경기대학교, 동국대학교, 세종대학교, 연세대학교...",2026-09-23 10:36,http://www.ikld.kr/news/articleView.html?idxno=341295,http://www.ikld.kr/news/articleView.html?idxno=341295
고려대학교,ECONOVILL,뮤지컬 '엘리자벳' 장르 통합 1위…루시(LUCY) 앙코르 콘서트 2위 [9월 2...,루시(LUCY) 9TH CONCERT: ISLAND [서울 (앵콜)] - 대중음악 - 2026.10.23 ~ 2026.10.25 - 서울 - 고려대학교... 이창섭 단독 콘서트: Unknown - 대중음악 - 2026.10.16 ~ 2026.10.18 - 서울 - 경희대학교 평화의전당 14....,2026-09-23 10:36,https://www.econovill.com/news/articleView.html?idxno=751681,https://www.econovill.com/news/articleView.html?idxno=751681
고려대학교,메디컬투데이,"고려대 구로병원 이승훈·김은상 교수팀, 대한척추신경외과학회 학술상",고려대학교 구로병원 신경외과 이승훈·김은상 교수 연구팀이 척수종양 환자의 수술 후 요폐 발생과 위험인자를 분석한 연구로 대한척추신경외과학회 학술상을 받았다. 고려대 구로병원은 연구팀이 지난...,2026-09-23 10:34,https://www.mdtoday.co.kr/news/articleView.html?idxno=616203,https://www.mdtoday.co.kr/news/articleView.html?idxno=616203
고려대학교,에듀동아,"서경대, 성북구·관내 7개 대학과 '대학도시 성북' 비전 선포…상생협력...","서울 성북구가 21일 구청에서 관내 7개 대학과 함께 '대학도시 성북' 비전 선포식을 열고, 지역과 대학이 상생하는 협력체계를 구축하는 업무협약(MOU)을 체결했다. 서경대학교(총장 김범준)를 비롯해 고려대·국민대...",2026-09-23 10:32,https://edu.donga.com/news/articleView.html?idxno=112247,https://edu.donga.com/news/articleView.html?idxno=112247
고려대학교,이데일리,"엘앤씨바이오, 메가카티 4년 장기추적 데이터 발표","고려대학교 장기모 교수는 'Beyond Microfracture: The Emerging Role of MegaCarti in Knee Cartilage Regeneration'을 주제로... 동종신경이식재 '메가너브 프라임(MegaNerve Prime)'은 국내 주요 대학병원 40여 곳에 도입됐으며, '메가누보...",2026-09-23 10:31,https://www.edaily.co.kr/News/Read?newsId=03011046645583072&mediaCodeNo=257&utm_source=naver&utm_medium=referral&utm_campaign=news_syndication&utm_content=original_article,https://n.news.naver.com/mnews/article/018/0006374839?sid=101
연세대학교,HELLOT,"리드텍 제리 량 사장 “AI 컴퓨팅 성능, 기업 생산성으로 연결해야”",특히 연세대학교 미래캠퍼스처럼 의료와 과학기술 분야의 역량을 갖춘 대학이 지역에 있다는 점을 눈여겨봤다. 대만의 반도체 산업이 성장한 배경을 이야기할 때 신주 과학단지와 주변 대학의 역할을 빼놓을 수 없다....,2026-09-23 10:30,https://www.hellot.net/news/article.html?no=115101,https://www.hellot.net/news/article.html?no=115101
연세대학교,BUSINESSPLUS,"[금융권 이모저모]KB자산운용, 'KB온국민TDF 2055' 5년 수익률 1위 外","염재호 태재대학교 총장, 장용석 연세대학교 교수, 엄윤미 아산나눔재단 이사장, 김성준 국민대학교 교수, 서현선 루트임팩트 이사, 정진우 ACG 컨설팅 대표가 참여한다. 그래픽=카카오페이증권 ◇카카오페이증권...",2026-09-23 10:30,https://www.businessplus.kr/news/articleView.html?idxno=117286,https://www.businessplus.kr/news/articleView.html?idxno=117286
고려대학교,연합뉴스,"남도국악원, 30일 '해설이 있는 풍류음악회'",강의와 해설은 한국예술종합학교 강사를 역임하고 현재 고려대학교 한국학연구소 연구교수로 재직 중이며 판소리학회 부회장을 겸하고 있는 이태화 교수가 맡는다. 또 남원시립국악단 임현빈 악장과 김윤선 상임단원...,2026-09-23 10:27,https://www.yna.co.kr/view/AKR20260923070900054?input=1195m,https://n.news.naver.com/mnews/article/001/0016331838?sid=103
고려대학교,OSEN,"영탁, 누구나 들으면 흥 폭발…‘GOGO’ 제대로 즐기는 꿀팁","오는 10월 3일부터 5일까지 서울 고려대학교 화정체육관에서 단독 콘서트 ‘TAK SHOW5’를 개최하며 전국투어의 시작을 알린다. ‘TAK SHOW5’는 서울 공연을 시작으로 10월 24~25일 전주, 11월 28~29일 대구, 12월 19~20일...",2026-09-23 10:27,http://www.osen.co.kr/article/G1112880490,https://m.entertain.naver.com/article/109/0005611345
연세대학교,이투데이,"루닛, AI로 담도암 치료효과 예측…네이처 메디슨 게재",이번 논문은 이충근 연세대학 의과대학 교수팀이 주도한 HER2 양성 진행성 담도암 1차 치료 임상시험 결과다. 루닛 연구진은 공동저자로서 AI 기반 전체 슬라이드 이미지 분석과 바이오마커 분석을 맡았으며 해당...,2026-09-23 10:24,https://www.etoday.co.kr/news/view/2628974,https://www.etoday.co.kr/news/view/2628974
연세대학교,KOREAHEALTHLOG,뇌 면역 균형 회복 통한 알츠하이머병 치료 원리 규명,"성균관대학교 글로벌바이오메디컬공학과 서민아 교수 연구팀이 바이오 기업 아임뉴런 및 연세대 의대 권호근 교수 연구팀과 손잡고, 알츠하이머병 동물 모델에서 뇌 속 면역 단백질을 조절해 손상된 뇌 면역 환경을...",2026-09-23 10:24,https://www.koreahealthlog.com/news/articleView.html?idxno=59149,https://www.koreahealthlog.com/news/articleView.html?idxno=59149
연세대학교,E-SCIENCE,"서울교통공사, 공공데이터 178종 대학 프로젝트로…도시문제 해법 찾는...","| 이코노미사이언스 정연재 기자 | 서울교통공사가 개방한 지하철 공공데이터가 대학생들의 도시문제 해결... 서울교통공사는 경기대학교·동국대학교·세종대학교·연세대학교, 데이터 전문기업 에스엘더블유랩과...",2026-09-23 10:24,https://www.e-science.co.kr/news/articleView.html?idxno=136033,https://www.e-science.co.kr/news/articleView.html?idxno=136033
연세대학교,MJMEDI,"""한의학 변명해야 하는 시대…과학의학의 외곽 지키고 있어""","한국의학역사에 대한 통사는 연세대학교에서 나온 것이 가장 최신이고, 그 이전에는 1960년대에 서울대학교 의과대학 김두종 박사가 쓴 책이 있다. 모두 기념비적인 저서지만, 다분히 서양의학의 관점에서 한국의...",2026-09-23 10:24,http://www.mjmedi.com/news/articleView.html?idxno=63174,http://www.mjmedi.com/news/articleView.html?idxno=63174
고려대학교,뉴스핌,"엘앤씨바이오, 메가카티 4년 임상 공개",고려대학교 장기모 교수는 'Beyond Microfracture: The Emerging Role of MegaCarti in Knee Cartilage Regeneration'을 주제로 메가카티를 활용한 무릎 연골 재생 치료와 4년 추적 결과를 발표했다. 사진은 지난 10일부터 12일까지...,2026-09-23 10:24,https://www.newspim.com/news/view/20260923000355,https://www.newspim.com/news/view/20260923000355
연세대학교,M-JOONGANG,조선의 억불정책과 1895년 종교 자유의 전말,"30년 전 출근길, 신촌에서 연세대 쪽으로 가는 지름길을 이용한 적이 있다. 큰길에서 신촌장로교회 골목으로... 연세대에서 박사 학위를 받았고, 2016년 연세대 국어국문학과에서 정년 퇴임했다. 과  같은...",2026-09-23 10:20,https://www.m-joongang.com/news/articleView.html?idxno=403101,https://www.m-joongang.com/news/articleView.html?idxno=403101
고려대학교,THETRACKER,"'미래에셋 투자' 엔도로보틱스, 2028년 IPO 시동",엔도로보틱스는 김병곤 대표와 고려대 홍대희 교수 연구팀이 2012년부터 과학기술정보통신부·한국연구재단 지원으로 개발해 온 유연 내시경 수술로봇 원천기술을 기술이전받아 2019년 설립한 의료로봇 기업이다....,2026-09-23 10:16,https://thetracker.co.kr/View.aspx?No=4239595,https://thetracker.co.kr/View.aspx?No=4239595
고려대학교,브릿지경제,"안산시, 추석 연휴 종합대책 가동…314명 비상근무",특히 근로복지공단 안산병원·사랑의병원·동안산병원 등 상록구 3곳과 고려대학교 안산병원·한도병원·단원병원·클래스병원 등 단원구 4곳 등 지역 7개 응급실 운영 의료기관은 연휴 동안 24시간 비상진료체계를...,2026-09-23 10:16,https://www.viva100.com/article/20260923500283,https://www.viva100.com/article/20260923500283
연세대학교,더팩트,"현대해상, SK와 손잡고 AI 청년 미래인재 육성 추진","염재호 태재대학교 총장, 장용석 연세대학교 교수, 엄윤미 아산나눔재단 이사장, 김성준 국민대학교 교수, 서현선 루트임팩트 이사, 정진우 ACG 컨설팅 대표가 참여한다. 정경선 현대해상 최고지속가능책임자(CSO)는...",2026-09-23 10:14,https://news.tf.co.kr/read/economy/2369283.htm,https://n.news.naver.com/mnews/article/629/0000536495?sid=101
고려대학교,쿠키뉴스,"추석 뒤 늘어난 체중, 모두 지방은 아니다…“굶기보다 일상 복귀”",비만대사수술은 고도비만이거나 당뇨병·수면무호흡증·지방간질환 등이 동반된 환자에게 고려할 수 있다.... 권영근 고려대안암병원 비만대사센터 교수는 “명절 음식을 무조건 피하거나 많이 먹었다는 죄책감 때문에...,2026-09-23 10:12,https://www.kukinews.com/article/view/kuk202609230049,https://www.kukinews.com/article/view/kuk202609230049
고려대학교,대학저널,"서경대, 성북구·관내 7개 대학과 상생협력 MOU",사진=서경대 제공  서경대학교를 비롯해 고려대·국민대·동덕여대·성신여대·한국예술종합학교·한성대 등 성북구 소재 대학들이 교육·연구·문화 자원과 지역 인프라를 연결하는 구체적 협력 방향을 공유했다. 서울...,2026-09-23 10:12,https://dhnews.co.kr/news/view/1065571619392492,https://dhnews.co.kr/news/view/1065571619392492
연세대학교,스타뉴스,'좌완 선발+ML 거포' KT가 원한 그림 그대로... '슬라이더 우완 원톱' 2R...,"(22·연세대), 김단(18·휘문고), 안우석(18·경남고), 이지효(18·장안고)까지 11명을 지명했다. 부족한 좌완과... 올해 드래프트에서는 대학 선수 22명이 이름을 불렸다. 하지만 KT는 대학 투수를 무작정 늘리지 않았다. 이미...",2026-09-23 10:12,https://www.starnewskorea.com/sports/2026/09/23/2026092308595049309,https://m.sports.naver.com/kbaseball/article/108/0003472867
고려대학교,라포르시안,"포레스트요양병원, 재활의학과 전영순 진료원장 초빙…암 요양병원 맞춤...","전영순 진료원장은 고려대학교 의과대학을 졸업하고 동 대학원에서 재활의학과 과정을 거쳤으며, 고려대학교 의과대학 외래교수와 지안재활의학과 및 지안메디 스포츠클리닉 대표원장 등을 역임했다. 대외적으로는...",2026-09-23 10:10,https://www.rapportian.com/news/articleView.html?idxno=240702,https://www.rapportian.com/news/articleView.html?idxno=240702
고려대학교,CNB저널,"고려대-반기문재단, 국제안보 재편과 한반도 평화 논의","이번 심포지엄은 '질서 이후의 질서: 국제안보의 재편과 한반도 평화'를 주제로, 고려대 통일선도대학사업... 토론에는 남성욱 숙명여자대학교 석좌교수, 임종인 김앤장 고문(전 대통령 사이버특보, 고려대 명예교수)...",2026-09-23 10:10,https://www.cnbizm.com/news/articleView.html?idxno=316113,https://www.cnbizm.com/news/articleView.html?idxno=316113
연세대학교,한국경제TV,"루닛 “AI 플랫폼 활용 난치암 연구, 국제 학술지 게재”",이번 논문은 연세대학교 의과대학 이충근 교수 연구팀이 주도한 HER2 양성 진행성 담도암 1차 치료 임상시험 결과를 담았다. 루닛 연구진은 공동저자로서 AI 기반 전체 슬라이드 이미지 분석과 바이오마커 분석을...,2026-09-23 10:10,http://www.wowtv.co.kr/NewsCenter/News/Read?articleId=A202609230032&t=NN,https://n.news.naver.com/mnews/article/215/0001266982?sid=101
연세대학교,CNB저널,"고려대-반기문재단, 국제안보 재편과 한반도 평화 논의",문화경제 | CNB저널 | 씨앤비저널 고려대학교(총장 김동원) 통일융합연구원(원장 이신화)이... △권태경 연세대 정보대학원 교수(AI 보안연구회 회장)의 'AI 기술패권과 안보 방어선: 한국의 공급망 주권 확보전략...,2026-09-23 10:10,https://www.cnbizm.com/news/articleView.html?idxno=316113,https://www.cnbizm.com/news/articleView.html?idxno=316113
연세대학교,바스켓코리아,"연세대의 골밑을 든든하게 지킨 홍상민, ""수비는 자신감과 자존감이다""",연세대는 22일 연세대학교 체육관에서 열린 2026 KUSF 대학농구 U-리그 남대부 정규리그 경기에서 상명대에 99... 대학교 4학년으로 마지막 학기를 보내고 있는 홍상민이다. 그리고 가장 중요한 KBL 신인 드래프트도 앞두고...,2026-09-23 10:06,https://basketkorea.com/news/newsview.php?ncode=1065575119945187,https://m.sports.naver.com/basketball/article/351/0000088327
고려대학교,글로벌경제신문,"[BIO톡]랩지노믹스, 수익성 중심 체질 개선 본격화 外 아폴론·엘앤씨바...","고려대학교 장기모 교수가 발표한 연구는 메가카티와 미세천공술을 병행한 환자 40명을 대상으로 MRI 기반 연골 재생 상태와 통증, 무릎 기능을 4년간 전향적으로 추적한 결과물이다. MRI 평가 지표인 MOCART 총점은...",2026-09-23 10:06,https://www.getnews.co.kr/news/articleView.html?idxno=881649,https://www.getnews.co.kr/news/articleView.html?idxno=881649
고려대학교,PLATUM,"비싼 AI 모델이 값을 할까, 대학생 창업팀 앱토의 검증 서비스",앱토는 고려대 컴퓨터학과에 재학 중인 강동혁 대표를 포함한 대학생 3명이 만든 팀이다. 과학기술정보통신부와 정보통신기획평가원이 주관하는 AI·SW 마에스트로 17기 과정에서 AI 서비스를 개발하다 모델을 고를...,2026-09-23 10:06,https://platum.kr/archives/295148,https://platum.kr/archives/295148
고려대학교,컨슈머타임스,"엘앤씨바이오, APKASS서 메가카티 4년 데이터 발표",장기모 고려대학교 교수는 이날 'Beyond Microfracture: The Emerging Role of MegaCarti in Knee Cartilage Regeneration'을... 동종신경이식재 '메가너브 프라임(MegaNerve Prime)'은 국내 주요 대학병원 40여 곳에 도입돼 정형외과와...,2026-09-23 10:04,https://www.cstimes.com/news/articleView.html?idxno=721821,https://www.cstimes.com/news/articleView.html?idxno=721821
연세대학교,NEWS2DAY,[송방원 칼럼] ‘2026 드론 기술전’ 실패가 보여준 국방 드론의 민낯,"◀송방원 프로필▶ 법무법인 율촌 수석전문위원, 우리방산연구회 회장, 건국대학교 방위사업학과 겸임교수, 연세대학교 방위산업혁신공학과 객원교수, 한국방위산업학회 편집위원 /안보전문기자 /안보전문기자",2026-09-23 10:04,https://www.news2day.co.kr/article/20260923500162,https://www.news2day.co.kr/article/20260923500162
고려대학교,주간한국,"최주훈 고대안산병원 전공의, 아태간학회 연구상 수상",최주훈 고려대 안산병원 가정의학과 전공의. 사진=고대안산병원  고려대학교 안산병원은 최주훈 가정의학과 전공의가 지난 18일부터 19일까지 일본 구마모토에서 열린 '2026 아시아·태평양 간학회...,2026-09-23 10:04,https://weekly.hankooki.com/news/articleView.html?idxno=7185771,https://weekly.hankooki.com/news/articleView.html?idxno=7185771
연세대학교,메트로신문,"수원특례시, '혐오와 차별' 주제 시민 인권 아카데미 운영","11월 12일에는 조문영 연세대 교수가 지역·주거지·계급·빈곤이 결합한 불평등과 차별 문제를, 11월 18일에는 이라영 작가가 혐오와 차별에 대응하고 존엄을 지키기 위한 연대와 실천 방안을 시민들과 논의한다. 참가...",2026-09-23 10:04,http://www.metroseoul.co.kr/article/20260923500042,http://www.metroseoul.co.kr/article/20260923500042
고려대학교,메트로신문,"수원특례시, '혐오와 차별' 주제 시민 인권 아카데미 운영","10월 21일에는 최호근 고려대 교수가 '혐오의 언어, 차별의 자연화'를 주제로 혐오와 차별의 사회적·사상적 배경을 짚는다. 10월 27일에는 박한희 변호사가 소수자에 대한 편견과 제도적 차별을, 11월 5일에는 김도현...",2026-09-23 10:04,http://www.metroseoul.co.kr/article/20260923500042,http://www.metroseoul.co.kr/article/20260923500042
연세대학교,연합뉴스,"[바이오스냅] 유한양행, 프로바이오틱스 '엘레나 듀얼' 출시",연세대 의대팀은 HER2 양성 진행성 담도암 1차 치료 임상시험 결과를 학술지에 발표했고 루닛 연구진은 공동저자로 AI 기반 전체 슬라이드 이미지(WSI) 분석과 바이오마커 분석을 맡았다.,2026-09-23 10:04,https://www.yna.co.kr/view/AKR20260923056200017?input=1195m,https://n.news.naver.com/mnews/article/001/0016331744?sid=101
연세대학교,조선비즈,"中 일조강철, 반덤핑 철강 관세 우회해 韓 침투… 업계는 “성능 우려”...","민동준 연세대 신소재공학과 명예특임교수는 “수요자가 성능 검증까지 마치고 제품을 사용하는 것이면 모르겠지만, 중국 업체들이 비정상적인 가격으로 시장에 침투해 시장을 교란하는 것이라면 문제가 된다”...",2026-09-23 10:01,https://biz.chosun.com/industry/company/2026/09/23/Q2C7EYVJNBB53BJMKT7QUMWFSI/?utm_source=naver&utm_medium=original&utm_campaign=biz,https://n.news.naver.com/mnews/article/366/0001194133?sid=101
고려대학교,스포츠조선,영탁 조수석 타볼까…팬들과 신보 '고고' 드라이브,"오는 10월 3일부터 5일까지 서울 고려대학교 화정체육관에서 단독 콘서트 '탁 쇼5(TAK SHOW5)'를 열고 전국투어의 포문을 연다. 이후 10월 24~25일 전주, 11월 28~29일 대구, 12월 19~20일 인천, 내년 1월 16~17일 부산에서...",2026-09-23 10:00,https://www.sportschosun.com/entertainment/2026-09-23/202609230100158940010372,https://m.entertain.naver.com/article/076/0004449026
연세대학교,DIGITALCHOSUN,"AI로 HER2 양성 담도암 반응률 2배 차이 포착…루닛, ‘네이처 메디슨’...",이번 연구는 연세대학교 의과대학 이충근 교수 연구팀이 주도한 다기관 오픈 라벨(공개) 1b/2상 임상시험 ‘HERBOT’이다. 2023년 5월부터 2024년 12월까지 국내 12개 의료기관에서 HER2 양성 절제 불가능 진행성 담도암...,2026-09-23 09:58,http://digitalchosun.dizzo.com/site/data/html_dir/2026/09/23/2026092380037.html,http://digitalchosun.dizzo.com/site/data/html_dir/2026/09/23/2026092380037.html
연세대학교,HITNEWS,"K-NIBRT, 개량신약 허가자료 작성 전문가 교육생 모집 중",관련 질의응답과 종합토론도 이어진다. 교육은 연세대학교 국제캠퍼스 바이오공정인력양성센터에서 대면 형태로 진행되며 대학교 졸업자 혹은 제약 관련 학과 8학기 이상 이수했을 경우 신청 가능하다.,2026-09-23 09:56,https://www.hitnews.co.kr/news/articleView.html?idxno=79378,https://www.hitnews.co.kr/news/articleView.html?idxno=79378
고려대학교,NC,"차 안에서 35분 완주...영탁, 'GOGO' 제대로 즐기는 법","영탁은 오는 10월 3일부터 5일까지 서울 고려대학교 화정체육관에서 단독 콘서트 'TAK SHOW5'를 열고 전국투어에 나선다. 서울 공연 이후에는 10월 24~25일 전주, 11월 28~29일 대구, 12월 19~20일 인천, 2027년 1월 16~17일...",2026-09-23 09:54,https://www.nc.press/news/articleView.html?idxno=627077,https://www.nc.press/news/articleView.html?idxno=627077
연세대학교,팝콘뉴스,"현대해상, SK 손잡고 청년 미래인재 육성","또한, 프로젝트의 방향성과 전문성을 높이기 위해 교육, HR, 사회혁신 분야 전문가 6인으로 자문위원단을 구성했으며, 염재호 태재대학교 총장, 장용석 연세대학교 교수, 엄윤미 아산나눔재단 이사장, 김성준 국민대학교...",2026-09-23 09:54,http://www.popcornnews.net/news/articleView.html?idxno=134013,http://www.popcornnews.net/news/articleView.html?idxno=134013
고려대학교,ATSTAR1,"""운전대만 잡으면 자동 재생"" 영탁, '꺾어'로 흥행 가속","영탁은 타이틀곡 '꺾어'로 음악방송 활동을 이어가는 가운데 오는 10월 3~5일 서울 고려대학교 화정체육관에서 단독 콘서트 'TAK SHOW5'를 개최한다. 이후 전주, 대구, 인천, 부산으로 전국투어를 이어간다. (사진...",2026-09-23 09:52,http://www.atstar1.com/news/articleView.html?idxno=6038941,https://m.entertain.naver.com/article/415/0000052201
연세대학교,이데일리,"자퇴로 ‘내신 리셋’ 실효 다하나…상위권 대학, 정시에도 학생부 반영",(사진=뉴시스) 23일 이투스에 따르면 현 고2 학생이 응시하게 될 2028학년도 대입부터는 고려대·서강대·서울대·성균관대·연세대·한양대 등 상위권 대학들이 정시에서도 학생부를 반영한다. 고려대는 정시...,2026-09-23 09:50,https://www.edaily.co.kr/News/Read?newsId=02876566645583072&mediaCodeNo=257&utm_source=naver&utm_medium=referral&utm_campaign=news_syndication&utm_content=original_article,https://n.news.naver.com/mnews/article/018/0006374806?sid=102
고려대학교,이데일리,"자퇴로 ‘내신 리셋’ 실효 다하나…상위권 대학, 정시에도 학생부 반영",(사진=뉴시스) 23일 이투스에 따르면 현 고2 학생이 응시하게 될 2028학년도 대입부터는 고려대·서강대·서울대·성균관대·연세대·한양대 등 상위권 대학들이 정시에서도 학생부를 반영한다. 고려대는 정시...,2026-09-23 09:50,https://www.edaily.co.kr/News/Read?newsId=02876566645583072&mediaCodeNo=257&utm_source=naver&utm_medium=referral&utm_campaign=news_syndication&utm_content=original_article,https://n.news.naver.com/mnews/article/018/0006374806?sid=102
고려대학교,보건뉴스,고려대구로병원 새암병원 첫 삽…2029년 말 완공,"이날 기공식에는 김재호 고려중앙학원 이사장, 김동원 고려대학교 총장, 윤을식 의무부총장 겸 의료원장, 편성범 의과대학장, 한승범 고려대 안암병원장, 민병욱 구로병원장, 서동훈 안산병원장과 전임 의무부총장 및...",2026-09-23 09:50,http://www.bokuennews.com/news/article.html?no=284680,http://www.bokuennews.com/news/article.html?no=284680
연세대학교,파이낸셜뉴스,AI 시대 의료데이터 활용 놓고 법·제도 정비 필요성 제기,정형선 연세대 명예교수와 박유랑 연세대 교수는 주요국의 보건의료데이터 거버넌스 사례를 소개하며 국내 제도 설계 방향을 제시했다. 패널토론에서는 의료데이터 활용 확대에 따른 개인정보 보호와 책임 문제가 주요...,2026-09-23 09:49,https://www.fnnews.com/news/202609230935097856,https://n.news.naver.com/mnews/article/014/0005580148?sid=103
고려대학교,SWTVNEWS,"영탁, 정규 3집 ‘고고’ 제대로 즐기는 꿀팁 공개","한편, 영탁은 오는 10월 3일부터 5일까지 서울 고려대학교 화정체육관에서 단독 콘서트 ‘TAK SHOW5’를 개최하며 전국투어의 포문을 연다. 이후 10월 24~25일 전주, 11월 28~29일 대구, 12월 19~20일 인천, 내년 1월 16~17일...",2026-09-23 09:46,https://www.swtvnews.com/news/newsview.php?ncode=1065572813358653,https://www.swtvnews.com/news/newsview.php?ncode=1065572813358653
연세대학교,아주경제,"""5등급제 탓에 상위권 자퇴?"" 대거 이탈은 '낭설'…주요대 2028 정시도 '...","[사진=연합뉴스] 고교 내신 5등급제 도입으로 등급 구분이 모호해지자, 내신을 포기하고 대학수학능력시험... 연세대는 일반전형에서 수능 90%와 서류(교과학습발달상황 및 출결 등 정성평가) 10%를 합산하며, 한양대...",2026-09-23 09:46,https://www.ajunews.com/view/20260923094015085,https://www.ajunews.com/view/20260923094015085
고려대학교,CBCI,"영탁, 정규 3집 'GOGO' 드라이브 플레이리스트 공개… 차트 1위 기세 이...","지상파 음악 방송 활동을 성공적으로 마친 그는 오는 10월 3일부터 5일까지 서울 고려대학교 화정체육관에서 열리는 단독 콘서트 'TAK SHOW5'를 시작으로 전주, 대구, 인천, 부산 등 전국투어에 돌입할 예정이다....",2026-09-23 09:46,https://www.cbci.co.kr/news/articleView.html?idxno=609314,https://www.cbci.co.kr/news/articleView.html?idxno=609314
고려대학교,에듀동아,서울대 정시 교과평가 40%·고려대 교과 20%… '자퇴 후 정시 올인' 신중...,"반영하는 대학이 늘어난다. 수능 성적만으로 뽑던 전형이 점점 줄고, 정시 안에서도 학생부의 비중이 새로 생기거나 커지는 대학이 여럿이다. 정시는 어차피 수능 점수만 본다는 전제 자체가 흔들리고 있는 셈이다....",2026-09-23 09:46,https://edu.donga.com/news/articleView.html?idxno=112233,https://edu.donga.com/news/articleView.html?idxno=112233
고려대학교,아주경제,"""5등급제 탓에 상위권 자퇴?"" 대거 이탈은 '낭설'…주요대 2028 정시도 '...","[사진=연합뉴스] 고교 내신 5등급제 도입으로 등급 구분이 모호해지자, 내신을 포기하고 대학수학능력시험... 고려대 역시 교과우수전형에서 수능 80%에 학생부교과 성적을 20% 반영해 합격자를 가린다. 연세대는...",2026-09-23 09:46,https://www.ajunews.com/view/20260923094015085,https://www.ajunews.com/view/20260923094015085
고려대학교,주간한국,"서경대, 성북구·관내 7개 대학과 상생협력 업무협약",서경대를 비롯해 고려대·국민대·동덕여대·성신여대·한국예술종합학교·한성대 등 성북구 소재 대학이 모두 참여해 교육·연구·문화 자원과 지역 인프라를 잇는 협력 방향을 공유했다. 이번 협약의 핵심은 △지역...,2026-09-23 09:46,https://weekly.hankooki.com/news/articleView.html?idxno=7185754,https://weekly.hankooki.com/news/articleView.html?idxno=7185754
고려대학교,메디파나뉴스,"엘앤씨바이오, 메가카티 4년 임상 공개…콘메드와 아시아 공략",고려대학교 장기모 교수는 'Beyond Microfracture: The Emerging Role of MegaCarti in Knee Cartilage Regeneration'을 주제로... 동종신경이식재 '메가너브 프라임(MegaNerve Prime)'은 국내 주요 대학병원 40여 곳에 도입돼 정형외과와...,2026-09-23 09:46,https://www.medipana.com/news/articleView.html?idxno=418184,https://www.medipana.com/news/articleView.html?idxno=418184
고려대학교,보건뉴스,"고대안산병원 최주훈 전공의, 'International Travel Award' 수상","고려대학교 안산병원 가정의학과 최주훈 전공의가 지난 9월 18일부터 19일까지 일본 구마모토에서... 함께 고려할 필요가 있음을 확인했다""며 ""앞으로도 환자의 생활습관과 질병 위험을 함께 살피며 실제...",2026-09-23 09:42,http://www.bokuennews.com/news/article.html?no=284672,http://www.bokuennews.com/news/article.html?no=284672
고려대학교,CCDAILYNEWS,메디힐 유임순 정원에 새긴 세종캠퍼스 기부의 뜻,어머니의 이름을 담은 공간에 대학 발전과 학생 복지를 향한 후원의 뜻이 더해졌다. 고려대학교 세종캠퍼스는 최근 학생회관 남측 '메디힐 유임순 정원'에서 정원 조성 기념식을 열었다. 행사에는 고려대학교 김동원...,2026-09-23 09:40,https://www.ccdailynews.com/news/articleView.html?idxno=2442811,https://www.ccdailynews.com/news/articleView.html?idxno=2442811
고려대학교,이데일리,"고대 구로병원, 새암병원 착공…2029년 말 완공 목표","이날 기공식에는 학교법인 고려중앙학원 김재호 이사장, 고려대학교 김동원 총장, 윤을식 의무부총장 겸 의료원장, 편성범 의과대학장, 한승범 안암병원장, 민병욱 구로병원장, 서동훈 안산병원장, 전임 의무부총장 및...",2026-09-23 09:40,https://www.edaily.co.kr/News/Read?newsId=02847046645583072&mediaCodeNo=257&utm_source=naver&utm_medium=referral&utm_campaign=news_syndication&utm_content=original_article,https://n.news.naver.com/mnews/article/018/0006374800?sid=102
연세대학교,ZIKSIR,"서울교통공사, 대학·전문기관과 손잡고 공공데이터 기반 '산·학 협력'...","서울교통공사가 경기대학교, 동국대학교, 세종대학교, 연세대학교 4개 대학과 공공데이터를 활용한 프로젝트를 추진한다. [서울교통공사]  서울교통공사가 경기대학교, 동국대학교, 세종대학교, 연세대학교 4개 대학과...",2026-09-23 09:38,https://www.ziksir.com/news/articleView.html?idxno=147387,https://www.ziksir.com/news/articleView.html?idxno=147387
고려대학교,MONEWS,"[동정] 최주훈 전공의,  'International Travel Award' 수상","고려대학교 안산병원 최주훈 전공의(가정의학과)가 18일, 19일 일본 구마모토에서 열린 2026 아시아... 함께 고려할 필요가 있음을 확인했다""며 ""앞으로도 환자의 생활습관과 질병 위험을 함께 살피며 실제...",2026-09-23 09:36,https://www.monews.co.kr/news/articleView.html?idxno=414135,https://www.monews.co.kr/news/articleView.html?idxno=414135
연세대학교,LCNEWS,"현대해상, 청년 '사회문제 해결 경험' 채용까지 잇는다…'트레일마크' ...","염재호 태재대학교 총장, 장용석 연세대학교 교수, 엄윤미 아산나눔재단 이사장, 김성준 국민대학교 교수, 서현선 루트임팩트 이사, 정진우 ACG 컨설팅 대표가 참여한다. 정경선 현대해상 CSO는 ""프로젝트 트레일마크를 통해...",2026-09-23 09:36,https://www.lcnews.co.kr/news/articleView.html?idxno=208781,https://www.lcnews.co.kr/news/articleView.html?idxno=208781
고려대학교,톱스타뉴스,"영탁, ""다 왔다!"" 외친 드라이브 영상으로 정규 3집 'GOGO' 함께 달렸다","'TAK SHOW5'는 10월 3일부터 5일까지 서울 고려대학교 화정체육관에서 시작해 순차적으로 지방 도시로 이어진다. 서울 공연 이후 10월 24~25일 전주, 11월 28~29일 대구, 12월 19~20일 인천, 내년 1월 16~17일 부산에서 공연이...",2026-09-23 09:34,https://www.topstarnews.net/news/articleView.html?idxno=16208231,https://www.topstarnews.net/news/articleView.html?idxno=16208231
고려대학교,뉴스프리존,"고려대-반기문재단, '국제안보 재편·한반도 평화' 공동 심포지엄 연다",고려대 통일선도대학사업단의 후원으로 열리는 이번 제4차 심포지엄은 '질서 이후의 질서: 국제안보의 재편과 한반도 평화'를 주제로 격변하는 국제안보 질서 속 한반도 평화의 조건을 모색한다. 개회식은 김동원 고려대...,2026-09-23 09:34,https://www.newsfreezone.co.kr/news/articleView.html?idxno=710880,https://www.newsfreezone.co.kr/news/articleView.html?idxno=710880
연세대학교,뉴스프리존,"고려대-반기문재단, '국제안보 재편·한반도 평화' 공동 심포지엄 연다",제2세션에서는 '기술패권 시대의 글로벌 거버넌스 재편과 한국의 전략'을 주제로 ▲권태경 연세대 정보대학원 교수(AI 보안연구회 회장)의 'AI 기술패권과 안보 방어선: 한국의 공급망 주권 확보전략' ▲김상배 서울대...,2026-09-23 09:34,https://www.newsfreezone.co.kr/news/articleView.html?idxno=710880,https://www.newsfreezone.co.kr/news/articleView.html?idxno=710880
고려대학교,한국경제,"고려대 세종캠퍼스, 메디힐 유임순 정원 조성",권오섭 회장이 고려대 세종캠퍼스의 학생 복지와 대학 발전을 위해 향후 4년간 매년 5억원씩 총 20억원을 추가로 기부하기로 약정한 것을 계기로 마련했다. 권 회장은 지속적인 기부를 통해 고려대 세종캠퍼스의 교육환경...,2026-09-23 09:33,https://www.hankyung.com/article/202609232736h,https://n.news.naver.com/mnews/article/015/0005335519?sid=102
고려대학교,뉴스1,"고대구로병원 새 암병원 첫 삽…""정밀 암 치료 새 기준 만든다""","이날 행사에는 김재호 고려중앙학원 이사장, 김동원 고려대학교 총장, 윤을식 의무부총장 겸 의료원장, 민병욱 구로병원장, 이인영 더불어민주당 의원, 장인홍 구로구청장 등 200여 명이 참석했다. 새 암병원은 연면적 3만...",2026-09-23 09:33,https://www.news1.kr/bio/general/6299880,https://n.news.naver.com/mnews/article/421/0009188059?sid=105
고려대학교,스포츠서울,"“다 왔다!” 영탁, 운전하며 ‘GOGO’ 12곡 완주…난리 난 ‘드라이브...","영탁은 오는 10월 3~5일 서울 고려대 화정체육관에서 단독 콘서트 ‘TAK SHOW5’를 개최한다. 서울을 시작으로 전주, 대구, 인천, 부산으로 이어지는 전국투어로 팬들과 만날 예정이다.",2026-09-23 09:32,https://www.sportsseoul.com/news/read/1637198?ref=naver,https://m.entertain.naver.com/article/468/0001268389
연세대학교,여성소비자신문,금융권 '하나원픽Cup 청소년 AI 게임 창작대회' 개최·미래인재 육성 '프...,"또 프로젝트의 방향성과 전문성을 높이기 위해 교육, HR, 사회혁신 분야 전문가 6인으로 자문위원단을 구성했으며, 염재호 태재대학교 총장, 장용석 연세대학교 교수, 엄윤미 아산나눔재단 이사장, 김성준 국민대학교...",2026-09-23 09:32,http://www.wsobi.com/news/articleView.html?idxno=318710,http://www.wsobi.com/news/articleView.html?idxno=318710
고려대학교,BNTNEWS,"영탁, ‘GOGO’ 전곡 듣기 꿀팁 공개",영탁의 전국투어 첫 포문을 열 서울 단독 콘서트 ‘TAK SHOW5’의 행사일시는 10월 3일 토요일부터 5일 월요일까지 고려대학교 화정체육관에서 진행된다. 사진 제공 : 어비스컴퍼니,2026-09-23 09:30,https://www.bntnews.co.kr/article/view/bnt202609230134,https://www.bntnews.co.kr/article/view/bnt202609230134
연세대학교,문화일보,“수익에 눈 멀어 위험한 레버리지 ETF 판매… 韓 ‘금융문맹’ 증거”...,"연세대 경제학과 재학 중 미국으로 건너간 그는 뉴욕대(NYU)에서 회계학을 전공한 뒤 미국 회계법인 KPMG의... ■ 존리 ‘존리의 부자학교’ 대표는 △1958년 인천시 출생 △연세대 경제학과 중퇴, 뉴욕대 회계학과 학사...",2026-09-23 09:30,https://www.munhwa.com/article/11619132?ref=naver,https://n.news.naver.com/mnews/article/021/0002820859?sid=101
고려대학교,KOREAJOONGANGDAILY,The long road to restoring the rule of law (KOR),"법치는 어떻게 지켜지는가 이재승 고려대학교 국제학부 교수·일민국제관계연구원장 법치는 무너질 때도 법의 얼굴을 하고 온다. 정원 변경, 기관의 신설과 폐지...",2026-09-23 09:30,https://www.koreajoongangdaily.com/bilingual-news/the-long-road-to-restoring-the-rule-of-law-kor/12888996,https://n.news.naver.com/mnews/article/640/0000094619?sid=110
연세대학교,CHOICENEWS,"현대해상, AI시대 청년인재 육성 프로젝트 공개...SK와 '맞손'","또한, 프로젝트의 방향성과 전문성을 높이기 위해 교육, HR, 사회혁신 분야 전문가 6인으로 자문위원단을 구성했으며, 염재호 태재대학교 총장, 장용석 연세대 교수, 엄윤미 아산나눔재단 이사장, 김성준 국민대 교수...",2026-09-23 09:30,http://www.choicenews.co.kr/news/articleView.html?idxno=171636,http://www.choicenews.co.kr/news/articleView.html?idxno=171636
연세대학교,THEPOWERNEWS,"이력서 한 줄로 끝났던 청년 경험…현대해상·SK, ‘트레일마크’로 기...","염재호 태재대학교 총장과 장용석 연세대학교 교수, 엄윤미 아산나눔재단 이사장, 김성준 국민대학교 교수, 서현선 루트임팩트 이사, 정진우 ACG 컨설팅 대표 등 6명이 참여한다. 현대해상은 자문위원단과 협력기관을 통해...",2026-09-23 09:28,https://www.thepowernews.co.kr/view.php?ud=202609230927164320de3f0aa1be_7,https://www.thepowernews.co.kr/view.php?ud=202609230927164320de3f0aa1be_7
연세대학교,에듀동아,2027 대입 수능 영역별 고득점 전략 및 의대·의학계열 합격 입시 컨설팅,"수험생마다 지원 대학은 다르지만 서울 소재 주요 대학들은 교과전형에서 건국대, 동국대 등 일부 대학을 제외하고 수능 최저학력기준을 적용한다. 학생부종합전형에서도 서울대, 연세대, 고려대 학업우수전형, 한양대...",2026-09-23 09:28,https://edu.donga.com/news/articleView.html?idxno=112228,https://edu.donga.com/news/articleView.html?idxno=112228
고려대학교,이투데이,"영탁 ‘꺾어’ 흥 부스터, 드라이브 플레이리스트","기록하며 주간 음반 차트 1위에 올랐고, 주간 월드 차트에서도 2위를 차지하는 저력을 보였다. 한편 영탁은 오는 10월 3일부터 5일까지 서울 고려대학교 화정체육관에서 단독 콘서트 ‘TAK SHOW5’를 개최한다.",2026-09-23 09:28,https://enter.etoday.co.kr/news/view/302811,https://enter.etoday.co.kr/news/view/302811
고려대학교,에듀동아,2027 대입 수능 영역별 고득점 전략 및 의대·의학계열 합격 입시 컨설팅,"수험생마다 지원 대학은 다르지만 서울 소재 주요 대학들은 교과전형에서 건국대, 동국대 등 일부 대학을 제외하고 수능 최저학력기준을 적용한다. 학생부종합전형에서도 서울대, 연세대, 고려대 학업우수전형, 한양대...",2026-09-23 09:28,https://edu.donga.com/news/articleView.html?idxno=112228,https://edu.donga.com/news/articleView.html?idxno=112228
연세대학교,CNB저널,"현대해상, AI 시대 청년 미래인재 육성 '프로젝트 트레일마크' 공개","염재호 태재대학교 총장과 장용석 연세대학교 교수, 엄윤미 아산나눔재단 이사장, 김성준 국민대학교 교수, 서현선 루트임팩트 이사, 정진우 ACG 컨설팅 대표가 참여한다. 정경선 현대해상 CSO는 ""프로젝트 트레일마크를...",2026-09-23 09:26,https://www.cnbizm.com/news/articleView.html?idxno=316092,https://www.cnbizm.com/news/articleView.html?idxno=316092
연세대학교,KOREAJOONGANGDAILY,"AI is an opportunity, not a disaster, for humanities graduates (KOR)","AI의 등장은 문과에 재앙이 아니라 호기다 정과리 문학평론가·연세대 명예교수... (『대학(大學)』), 문과 학문은 개별적 지식이 아니라, 종합적 지식임을 알 수가 있다....",2026-09-23 09:25,https://www.koreajoongangdaily.com/bilingual-news/ai-is-an-opportunity-not-a-disaster-for-humanities-graduates-kor/12888898,https://n.news.naver.com/mnews/article/640/0000094616?sid=110
연세대학교,포인트데일리,"현대해상, '프로젝트 트레일마크' 공개...'쉬었음 청년' 문제 해결 실마...","또한 프로젝트의 방향성과 전문성을 높이기 위해 교육, HR, 사회혁신 분야 전문가 6인으로 자문위원단을 구성했으며 염재호 태재대학교 총장, 장용석 연세대학교 교수, 엄윤미 아산나눔재단 이사장, 김성준 국민대학교...",2026-09-23 09:24,https://www.pointdaily.co.kr/news/articleView.html?idxno=320317,https://www.pointdaily.co.kr/news/articleView.html?idxno=320317
고려대학교,메디소비자뉴스,"고려대 안산병원 최주훈 전공의, 아시아·태평양 간학회 'International Trav...","고려대학교 안산병원 가정의학과 최주훈 전공의가 지난 18일부터 19일까지 일본 구마모토에서 열린... 함께 고려할 필요가 있음을 확인했다""며 ""앞으로도 환자의 생활습관과 질병 위험을 함께 살피며 실제...",2026-09-23 09:24,http://www.medisobizanews.com/news/articleView.html?idxno=142542,http://www.medisobizanews.com/news/articleView.html?idxno=142542
고려대학교,GPKOREA,"영탁, 차 안에서 'GOGO' 전곡 들었다…35분 '드라이브 플레이리스트' 공...","영탁은 오는 10월 3일부터 5일까지 서울 고려대학교 화정체육관에서 단독 콘서트 'TAK SHOW5'를 개최한다. 서울 공연을 시작으로 10월 24~25일 전주, 11월 28~29일 대구, 12월 19~20일 인천, 내년 1월 16~17일 부산에서...",2026-09-23 09:24,https://www.gpkorea.com/news/articleView.html?idxno=146993,https://www.gpkorea.com/news/articleView.html?idxno=146993
고려대학교,STARDAILYNEWS,"영탁, 정규 3집 'GOGO' 전곡 담은 드라이브 콘텐츠 공개…앨범 활동 이어...","영탁은 오는 10월 3일부터 5일까지 서울 고려대학교 화정체육관에서 단독 콘서트 'TAK SHOW5'를 개최한다. 서울 공연을 시작으로 전주, 대구, 인천, 부산으로 이어지는 전국투어 일정이다. 전주 공연은 10월 24~25일...",2026-09-23 09:24,https://www.stardailynews.co.kr/news/articleView.html?idxno=550653,https://www.stardailynews.co.kr/news/articleView.html?idxno=550653
연세대학교,THEVIEWERS,"멕시카나, 추석 앞두고 수원 장애인복지관서 ‘치킨원정대’","지난해에는 연세대학교와 이화여대 등의 헌혈 현장을 찾았으며, 올해도 대학 헌혈 캠페인과 삼성EA 헌혈 행사 등에 참여했다. 최근에는 서울대학교 헌혈 현장을 찾아 헌혈 참여자들을 대상으로 치킨을 제공했다. 임직원뿐...",2026-09-23 09:22,https://theviewers.co.kr/View.aspx?No=4239474,https://theviewers.co.kr/View.aspx?No=4239474
연세대학교,문화일보,"‘대체 왜 못잡나’…대전에서도 복면 바바리맨, 5개월째 검거 난항",한편 서울에서는 서대문구 안산과 연세대학교 일대에서 복면을 쓴 채 나체로 여성을 성추행하는 일명 ‘복면나체남’을 3개월 넘게 용의자 특정을 못하고 있다. 용의자는 지난 6월과 7월에 이어 8월 19일 밤에도 연세대...,2026-09-23 09:22,https://www.munhwa.com/article/11619130?ref=naver,https://n.news.naver.com/mnews/article/021/0002820857?sid=102
고려대학교,국민일보,"마동훈 교수, 성경번역선교회 이사장 취임","마동훈 신임 이사장은 고려대 신문방송학과를 졸업하고 영국 리즈대학에서 박사학위를 받았으며, 고려대 미래전략실장과 YTN 이사회 의장 등을 역임한 미디어 분야 전문가다. 2022년부터 GBT 이사로 섬겨온 마...",2026-09-23 09:22,https://www.kmib.co.kr/article/view.asp?arcid=9000016793&cp=nv,https://n.news.naver.com/mnews/article/005/0001874709?sid=103
연세대학교,여성소비자신문,"기업들, 기부금 지원-금융교육-봉사활동-인재육성 사회공헌 실천","또한 프로젝트의 방향성과 전문성을 높이기 위해 교육, HR, 사회혁신 분야 전문가 6인으로 자문위원단을 구성했으며, 염재호 태재대학교 총장, 장용석 연세대학교 교수, 엄윤미 아산나눔재단 이사장, 김성준 국민대학교...",2026-09-23 09:20,http://www.wsobi.com/news/articleView.html?idxno=318711,http://www.wsobi.com/news/articleView.html?idxno=318711
연세대학교,팝콘뉴스,"""국제안보의 재편과 한반도 평화를 논한다""...고려대-반기문재단, 공동...",고려대학교(총장 김동원)는 통일융합연구원(원장 이신화)이 보다나은미래를위한 반기문재단(이사장 반기문)... ▲권태경 연세대 정보대학원 교수(AI 보안연구회 회장)의 'AI 기술패권과 안보 방어선: 한국의 공급망 주권...,2026-09-23 09:20,http://www.popcornnews.net/news/articleView.html?idxno=133990,http://www.popcornnews.net/news/articleView.html?idxno=133990
고려대학교,뉴스프리존,"고려대, 한국어·영어 지원 차세대 검색 모델 'KURE-v2' 공개",고려대 컴퓨터학과 임희석 교수가 이끄는 NLP&AI 연구실·HIAI 연구원이 지난 8월 29일 한국어와 영어를... NLP&AI 연구실과 HIAI 연구원은 2023년 6월 국내 대학 최초로 한국어 특화 거대언어모델(LLM) '구름(KULLM)...,2026-09-23 09:20,https://www.newsfreezone.co.kr/news/articleView.html?idxno=710868,https://www.newsfreezone.co.kr/news/articleView.html?idxno=710868
고려대학교,팝콘뉴스,"""국제안보의 재편과 한반도 평화를 논한다""...고려대-반기문재단, 공동...","심포지엄은 고려대 통일선도대학사업단의 후원으로 격변하는 국제안보 질서 속 한반도 평화의 조건을... 토론에는 남성욱 숙명여자대학교 석좌교수, 임종인 김앤장 고문(전 대통령 사이버특보, 고려대 명예교수), 장상식...",2026-09-23 09:20,http://www.popcornnews.net/news/articleView.html?idxno=133990,http://www.popcornnews.net/news/articleView.html?idxno=133990
연세대학교,글로벌에픽,"""청년 경험을 채용 자산으로""…현대해상, 미래인재 육성 '시동'","아울러 염재호 태재대학교 총장, 장용석 연세대학교 교수, 엄윤미 아산나눔재단 이사장 등 교육·HR·사회혁신 분야 전문가 6인으로 구성된 자문위원단을 발족해 평가 기준의 전문성을 확보했다. 프로젝트를 직접 제안한...",2026-09-23 09:18,http://www.globalepic.co.kr/view.php?ud=2026092309131234537cc35ccc5c_29,http://www.globalepic.co.kr/view.php?ud=2026092309131234537cc35ccc5c_29
연세대학교,NEWSCLAIM,"[LG 인사 전망]② 백승태는 HS 첫해, 김태훈은 AI클라우드… 부사장·전...",연세대 전기공학과를 졸업하고 같은 대학원에서 경영학 석사를 받은 1975년생 김태훈 AI클라우드사업부장은 IBM코리아 상무와 델테크놀로지스 그룹 부사장을 거쳐 2019년 LG CNS에 합류했다. 이후 클라우드사업담당과...,2026-09-23 09:18,https://www.newsclaim.co.kr/news/articleView.html?idxno=3076361,https://www.newsclaim.co.kr/news/articleView.html?idxno=3076361
연세대학교,화이트페이퍼,"현대해상, 청년 인재육성 프로그램 마련‥문제해결 경험 '미래 역량'으...","프로젝트의 방향성과 전문성을 높이기 위해 교육, HR, 사회혁신 분야 전문가 6인으로 자문위원단을 구성했으며, 염재호 태재대학교 총장, 장용석 연세대학교 교수, 엄윤미 아산나눔재단 이사장, 김성준 국민대학교 교수...",2026-09-23 09:14,http://www.whitepaper.co.kr/news/articleView.html?idxno=267177,http://www.whitepaper.co.kr/news/articleView.html?idxno=267177
고려대학교,메가경제,"정시도 학생부 영향 확대…이투스, 자퇴 후 수능 올인 신중론",고려대는 의학과를 제외한 교과우수전형에서 수능 80%와 학생부교과 20%를 반영한다. 다만 의학과와 사이버국방학과를 제외한 일반전형은 수능 100%로 선발해 같은 대학에서도 전형에 따라 평가 방식이 다르다. 연세대는...,2026-09-23 09:12,https://www.megaeconomy.co.kr/news/newsview.php?ncode=1065571707029132,https://www.megaeconomy.co.kr/news/newsview.php?ncode=1065571707029132
연세대학교,메가경제,"정시도 학생부 영향 확대…이투스, 자퇴 후 수능 올인 신중론",다만 의학과와 사이버국방학과를 제외한 일반전형은 수능 100%로 선발해 같은 대학에서도 전형에 따라 평가 방식이 다르다. 연세대는 의예과를 제외한 일반전형에서 수능 90%와 서류평가 10%를 반영하며...,2026-09-23 09:12,https://www.megaeconomy.co.kr/news/newsview.php?ncode=1065571707029132,https://www.megaeconomy.co.kr/news/newsview.php?ncode=1065571707029132
연세대학교,DAILY,"루닛, AI 활용 난치암 연구 '네이처 메디슨' 게재",이번 연구는 이충근 연세대 의과대학 교수 연구팀이 수행한 HER2 양성 진행성 담도암 1차 치료 임상시험 결과다. 해당 연구에서 루닛 연구진은 AI 기반 전체 슬라이드 이미지 분석과 바이오마커 분석을 맡았다....,2026-09-23 09:10,https://daily.hankooki.com/news/articleView.html?idxno=1409248,https://daily.hankooki.com/news/articleView.html?idxno=1409248
고려대학교,THEVALUENEWS,[현장] 'AI 전쟁' 이미 시작됐는데…韓 플랫폼 “규제만으론 살아남기 ...,"한양대학교 법학전문대학원 교수가 ‘플랫폼 산업의 규제 현안과 개선 방안’을 주제로 각각 발제했고... 이성엽 고려대 교수·한국정보통신법학회장, 황용석 건국대 교수·정보통신정책학회장, 박성식 놀유니버스...",2026-09-23 09:10,http://www.thevaluenews.co.kr/news/view.php?idx=201841,http://www.thevaluenews.co.kr/news/view.php?idx=201841
연세대학교,KOREAITTIMES,"""스펙보다 경험""… 현대해상, 청년의 사회혁신 활동을 미래역량으로 연...","교육과 HR, 사회혁신 분야 전문가 6명이 참여하며 염재호 태재대학교 총장, 장용석 연세대학교 교수, 엄윤미 아산나눔재단 이사장, 김성준 국민대학교 교수, 서현선 루트임팩트 이사, 정진우 ACG 컨설팅 대표가 이름을...",2026-09-23 09:10,https://www.koreaittimes.com/news/articleView.html?idxno=157464,https://www.koreaittimes.com/news/articleView.html?idxno=157464
연세대학교,FTODAY,"현대해상, 청년 경험·역량 기록하는 '프로젝트 트레일마크' 공개","아울러 프로젝트의 방향성과 전문성을 높이기 위해 교육, HR, 사회혁신 분야 전문가 6인으로 자문위원단을 구성했으며, 염재호 태재대학교 총장, 장용석 연세대학교 교수, 엄윤미 아산나눔재단 이사장, 김성준 국민대학교...",2026-09-23 09:08,http://www.ftoday.co.kr/news/articleView.html?idxno=366023,http://www.ftoday.co.kr/news/articleView.html?idxno=366023
연세대학교,CBCI,"루닛, AI 기반 '루닛 스코프' 활용 HER2 양성 담도암 연구 성과 네이처 ...","본 연구는 연세대학교 의과대학 이충근 교수 연구팀이 주도하고, 루닛 연구진이 공동저자로 참여했다. 연구에서는 HER2 양성 진행성 담도암 환자 40명을 대상으로 임상시험이 진행됐다. 표준 화학요법인 젬시타빈과...",2026-09-23 09:08,https://www.cbci.co.kr/news/articleView.html?idxno=609262,https://www.cbci.co.kr/news/articleView.html?idxno=609262
고려대학교,베리타스알파,고려대 통일융합연구원 반기문재단과 29일 제4차 공동 심포지엄.. '질서...,"'질서 이후의 질서: 국제안보의 재편과 한반도 평화'를 주제로 한 이번 심포지엄은 요동치는 국제안보 질서 속에서 한반도 평화를 위한 조건과 전략을 짚어보고자 기획됐으며, 고려대 통일선도대학사업단이 후원한다....",2026-09-23 09:06,https://www.veritas-a.com/news/articleView.html?idxno=629330,https://www.veritas-a.com/news/articleView.html?idxno=629330
연세대학교,베리타스알파,고려대 통일융합연구원 반기문재단과 29일 제4차 공동 심포지엄.. '질서...,"권태경 연세대 정보대학원 교수(AI 보안연구회 회장)가 'AI 기술패권과 안보 방어선: 한국의 공급망 주권 확보전략'을, 김상배 서울대 교수(정보세계정치학회장)가 '기술, 규범, 제도의 재편과 한국의 전략적 선택'을...",2026-09-23 09:06,https://www.veritas-a.com/news/articleView.html?idxno=629330,https://www.veritas-a.com/news/articleView.html?idxno=629330
연세대학교,THETRACKER,"현대해상, 청년 경험을 채용 역량으로…‘프로젝트 트레일마크’ 공개","염재호 태재대학교 총장, 장용석 연세대학교 교수, 엄윤미 아산나눔재단 이사장, 김성준 국민대학교 교수, 서현선 루트임팩트 이사, 정진우 ACG 컨설팅 대표 등 6명이 참여한다. 현대해상은 향후 기업과 사회혁신기관...",2026-09-23 09:00,https://thetracker.co.kr/View.aspx?No=4239447,https://thetracker.co.kr/View.aspx?No=4239447
연세대학교,의학신문,"예후 나쁜 'HER2 양성 담도암', AI가 표적치료 새 길 연다",23일 루닛은 자사 AI 바이오마커 플랫폼 '루닛 스코프'를 활용해 HER2 양성 진행성 담도암의 치료 효과를 분석한 연세대 의과대학 이충근 교수팀의 임상 연구가 피인용지수(IF) 52.5를 기록하는 세계적 의학 학술지 '네이처...,2026-09-23 09:00,https://www.bosa.co.kr/news/articleView.html?idxno=3012732,https://www.bosa.co.kr/news/articleView.html?idxno=3012732
연세대학교,에듀동아,"'이대역 마포 프론티어', 647세대 규모 2차 임차인 모집","주변에는 연세대학교와 이화여자대학교, 서강대학교, 홍익대학교 등이 자리하고 있으며 초·중·고교를 비롯한 교육시설도 인근에 분포해 있다. 생활편의시설로는 현대백화점 신촌점과 대형마트, 전통시장 등이 있으며...",2026-09-23 09:00,https://edu.donga.com/news/articleView.html?idxno=112176,https://edu.donga.com/news/articleView.html?idxno=112176
연세대학교,머니투데이,"루닛 ""AI 플랫폼 '루닛 스코프' 활용 담도암 연구, 네이처매디슨 게재""",이번 논문은 이충근 연세대 의과대학 교수팀이 주도한 HER2 양성 진행성 담도암 1차 치료 임상시험 결과를 담았다. 루닛 연구진은 공동 저자로서 AI 기반 전체 슬라이드 이미지(WSI) 분석과 바이오마커 분석을 맡았다....,2026-09-23 08:59,https://www.mt.co.kr/thebio/2026/09/23/2026092308560998693,https://n.news.naver.com/mnews/article/008/0005417705?sid=101
연세대학교,뉴스핌,"서울대·고려대 정시도 학생부 본다…""내신 5등급제 자퇴 신중해야""","특히 2028학년도 대입부터 서울대·고려대 등 주요 대학이 정시모집에서도 학생부 교과와 출결, 학교생활을... 연세대는 수능 90%와 서류 10%, 한양대는 수능 90%와 학생부종합평가 10%를 반영한다. 서강대 지역균형전형도...",2026-09-23 08:59,https://www.newspim.com/news/view/20260923000178,https://www.newspim.com/news/view/20260923000178
고려대학교,뉴스핌,"서울대·고려대 정시도 학생부 본다…""내신 5등급제 자퇴 신중해야""","특히 2028학년도 대입부터 서울대·고려대 등 주요 대학이 정시모집에서도 학생부 교과와 출결, 학교생활을 반영하는 만큼 자퇴를 단순한 입시 전략으로 선택하는 데 신중해야 한다는 지적이다. 23일 이투스...",2026-09-23 08:59,https://www.newspim.com/news/view/20260923000178,https://www.newspim.com/news/view/20260923000178
연세대학교,한스경제,"루닛, 담도암 치료효과 AI로 분석…국제학술지 게재",이번 연구는 이충근 연세대학교 의과대학 교수팀이 주도한 HER2 양성 진행성 담도암 1차 치료 임상시험을 기반으로 한다. 루닛 연구진은 논문 공동저자로 참여해 전체 슬라이드 이미지(WSI)를 분석하고 바이오마커를...,2026-09-23 08:52,http://www.hansbiz.co.kr/news/articleView.html?idxno=867726,http://www.hansbiz.co.kr/news/articleView.html?idxno=867726
고려대학교,데일리안,"고대 구로병원, 암 치료 역량 한곳에…'새 암병원' 2029년 완공","행사에는 김재호 고려중앙학원 이사장과 김동원 고려대 총장, 윤을식 고려대 의무부총장 겸 의료원장, 한승범 안암병원장, 민병욱 구로병원장, 서동훈 안산병원장 등 내외빈 200여명이 참석했다. 새 암병원은 연면적...",2026-09-23 08:52,https://www.dailian.co.kr/news/view/1693878/?sc=Naver,https://n.news.naver.com/mnews/article/119/0003135837?sid=103
연세대학교,메가경제,"현대해상, 청년 사회문제 해결 경험 ‘미래역량’으로 연결","염재호 태재대학교 총장과 장용석 연세대학교 교수, 엄윤미 아산나눔재단 이사장, 김성준 국민대학교 교수, 서현선 루트임팩트 이사, 정진우 ACG 컨설팅 대표가 참여한다. 프로젝트를 제안한 정경선 현대해상...",2026-09-23 08:52,https://www.megaeconomy.co.kr/news/newsview.php?ncode=1065569651400318,https://www.megaeconomy.co.kr/news/newsview.php?ncode=1065569651400318
고려대학교,에너지경제,"추석 명절, 장거리 운전 목·허리 통증 조심…독감 확산 주의해야","고려대 안암병원 정신건강의학과 한규만 교수는 “명절을 즐겁게 보내야 한다는 생각에 무리하기보다 자신의 컨디션을 살피면서 충분한 휴식 시간을 갖고, 필요할 때는 일정이나 활동을 적절히 조절하는 것이 중요하다...",2026-09-23 08:50,https://www.ekn.kr/web/view.php?key=20260923021227729,https://www.ekn.kr/web/view.php?key=20260923021227729
고려대학교,교수신문,"가신의 두려움이 물러난 자리, '맘카페 삼신상'이 들어서다","조왕과 측신의 갈등을 고려해 부엌과 측간을 멀리 떨어뜨리는 것은 부엌의 위생을 지키게 했고, 성주의... 이경화 고려대 민족문화연구원 연구교수 고려대 수학과를 졸업하고 국어국문학과에서 석사·박사 학위를 받았다....",2026-09-23 08:50,https://www.kyosu.net/news/articleView.html?idxno=210581,https://www.kyosu.net/news/articleView.html?idxno=210581
연세대학교,헤럴드경제,"현대해상, 청년 현장경험을 ‘미래역량’으로 잇는다…‘프로젝트 트레...","교육·HR·사회혁신 분야 전문가 6인으로 구성됐으며 염재호 태재대학교 총장, 장용석 연세대학교 교수, 엄윤미 아산나눔재단 이사장, 김성준 국민대학교 교수, 서현선 루트임팩트 이사, 정진우 ACG 컨설팅 대표가...",2026-09-23 08:47,https://biz.heraldcorp.com/article/10882860?ref=naver,https://n.news.naver.com/mnews/article/016/0002701195?sid=101
고려대학교,GOKOREA,"박영사, '국가 영토론' 출간","'국가 영토론'은 박선영 진실화해를위한과거사정리위원회 위원장(전), 최재목 영남대학교 철학과 교수... 정동은 고려대학교 국제법연구센터 고문은 ""본서가 앞으로 국가 영토론에 대한 학술적 논의뿐 아니라 복잡다기한...",2026-09-23 08:46,https://www.gokorea.kr/news/articleView.html?idxno=879363,https://www.gokorea.kr/news/articleView.html?idxno=879363
연세대학교,컨슈머타임스,"현대해상, 청년층 사회문제 해결 경험 잇는 '프로젝트 트레일마크' 공개","염재호 태재대학교 총장과 장용석 연세대학교 교수, 엄윤미 아산나눔재단 이사장, 김성준 국민대학교 교수, 서현선 루트임팩트 이사, 정진우 ACG컨설팅 대표가 자문위원으로 참여한다. 프로젝트 트레일마크를 제안한...",2026-09-23 08:44,https://www.cstimes.com/news/articleView.html?idxno=721793,https://www.cstimes.com/news/articleView.html?idxno=721793
연세대학교,브릿지경제,"현대해상, 청년 사회문제 해결 경험을 채용 기회로 잇는다","염재호 태재대학교 총장, 장용석 연세대학교 교수, 엄윤미 아산나눔재단 이사장, 김성준 국민대학교 교수, 서현선 루트임팩트 이사, 정진우 ACG컨설팅 대표가 사업 방향과 전문성 강화를 지원한다. 프로젝트를 제안한...",2026-09-23 08:42,https://www.viva100.com/article/20260923500078,https://www.viva100.com/article/20260923500078
고려대학교,뉴스프리존,"최주훈 고대안산병원 전공의, 아시아·태평양 간학회 'International Travel ...",이번 연구에는 고려대 안산병원 가정의학과 김도훈 교수와 박주현 교수가 공동 교신저자로... 함께 고려할 필요가 있음을 확인했다. 앞으로도 환자의 생활습관과 질병 위험을 함께 살피며 실제 진료에...,2026-09-23 08:42,https://www.newsfreezone.co.kr/news/articleView.html?idxno=710853,https://www.newsfreezone.co.kr/news/articleView.html?idxno=710853
고려대학교,E2NEWS,"스카이입시교육학원, 중앙대(창의형)·연세대 추석·개천절 인문·수리...","서초방배원에서 대학별 소수정예 방식으로 진행되며, 수험생별 답안 작성 과정과 취약점을 고려한 1:1 맞춤형... 수능 전 논술뿐 아니라 고려대(세종), 성균관대, 한양대 등 주요 대학을 대상으로 한 현장 및 실시간...",2026-09-23 08:40,http://www.e2news.com/news/articleView.html?idxno=334535,http://www.e2news.com/news/articleView.html?idxno=334535
연세대학교,E2NEWS,"스카이입시교육학원, 중앙대(창의형)·연세대 추석·개천절 인문·수리...","스카이입시교육학원이 2027학년도 중앙대(창의형), 연세대 등 주요 대학 논술전형을 준비하는 고3·재수생·N수생을 대상으로 추석 및 개천절 연휴 기간 인문·수리논술 1:1 온·오프라인 특강을 운영한다. 대치동과 사당동에...",2026-09-23 08:40,http://www.e2news.com/news/articleView.html?idxno=334535,http://www.e2news.com/news/articleView.html?idxno=334535
연세대학교,서울경제,"루닛 스코프 활용 난치암 연구, 의학 학술지 ‘네이처 메디슨’ 게재",이번 논문은 연세대 의과대학 이충근 교수 연구팀이 주도한 HER2 양성 진행성 담도암 1차 치료 임상시험 결과를 담았다. 루닛 연구진은 공동저자로서 AI 기반 전체 슬라이드 이미지(WSI) 분석과 바이오마커 분석을...,2026-09-23 08:40,https://www.sedaily.com/article/20094297?ref=naver,https://n.news.naver.com/mnews/article/011/0004664823?sid=103
연세대학교,뉴시스,"""AI 활용""…루닛, 표적치료 반응 예측가능성 확인",이번 논문은 연세대학교 의과대학 이충근 교수 연구팀이 주도한 HER2 양성 진행성 담도암 1차 치료 임상시험 결과를 담았다. 루닛 연구진은 공동저자로 참여해 AI 기반 전체 슬라이드 이미지(WSI) 분석과 바이오마커...,2026-09-23 08:40,https://www.newsis.com/view/NISX20260923_0003801315,https://n.news.naver.com/mnews/article/003/0014209612?sid=102
연세대학교,한국경제,"루닛, AI 활용 난치암 연구 ‘네이처 메디슨’ 게재",이번 논문은 이충근 연세대학교 의과대학 교수 연구팀이 주도한 HER2 양성 진행성 담도암 1차 치료 임상시험 결과를 담았다. 루닛 연구진은 공동저자로서 AI 기반 전체 슬라이드 이미지(WSI) 분석과 바이오마커...,2026-09-23 08:36,https://www.hankyung.com/article/202609232488i,https://n.news.naver.com/mnews/article/015/0005335480?sid=105
고려대학교,더벨,"[더벨][THE NEXT] ""주주 충실의무 확대, 이사회 경영 위축 우려""","사회는 이승환 고려대 로스쿨 교수가 맡았다. 개정 상법 제382조의3은 이사가 회사 및 주주를 위해 직무를... 그는 ""이사가 회사와 지배주주, 비지배주주는 물론이고 근로자와 환경, 채권자까지 고려해야 한다면...",2026-09-23 08:32,https://www.thebell.co.kr/free/content/ArticleView.asp?key=202609221400098960105288,https://www.thebell.co.kr/free/content/ArticleView.asp?key=202609221400098960105288
고려대학교,더벨,"[더벨][THE NEXT] 경영판단 원칙 성문화 논쟁…""획일적 면책은 위험""","함부르크 대학·옥스포드 대학 교수, 조현덕 김·장 법률사무소 변호사가 차례로 발표한 뒤 토론에 나섰다. 사회는 조명현 고려대 교수가 맡았다. 발표 이후 이어진 질의응답과 토론에서는 경영판단의 원칙을 법률에...",2026-09-23 08:32,https://www.thebell.co.kr/free/content/ArticleView.asp?key=202609221415152440105222,https://www.thebell.co.kr/free/content/ArticleView.asp?key=202609221415152440105222
고려대학교,여성소비자신문,건국대 '하계 엘리트 프로그램' 운영...'제102회 도쿄 인터내셔널 기프...,또한 고려대학교 연구팀과 함께 줄기세포 기능을 회복시키는 미세유체 기술을 개발했다. 건국대학교 대학일자리플러스사업단은 하반기 채용을 준비하는 학생들의 취업 경쟁력을 강화하고 '엘리트' 인재를 양성하기...,2026-09-23 08:30,http://www.wsobi.com/news/articleView.html?idxno=318700,http://www.wsobi.com/news/articleView.html?idxno=318700
연세대학교,바이오타임즈,"루닛, HER2 양성 담도암 AI 분석 연구 네이처 메디슨 게재…치료반응 연...","이번 연구는 연세대학교 의과대학 이충근 교수 연구팀이 주도한 HER2 양성 진행성 담도암 1차 치료 임상시험 결과를 분석한 것으로, 루닛 연구진은 공동저자로 참여해 AI 기반 전체 슬라이드 이미지(Whole Slide Image...",2026-09-23 08:30,https://www.biotimes.co.kr/news/articleView.html?idxno=34704,https://www.biotimes.co.kr/news/articleView.html?idxno=34704
연세대학교,메디게이트뉴스,"루닛, HER2 양성 담도암 AI 연구 '네이처 메디슨' 게재",이번 논문은 연세대학교 의과대학 이충근 교수 연구팀이 주도한 HER2 양성 진행성 담도암 1차 치료 임상시험 결과를 담았다. 루닛 연구진은 공동 저자로서 AI 기반 전체 슬라이드 이미지(WSI) 분석과 바이오마커...,2026-09-23 08:20,https://www.medigatenews.com/news/2297234086,https://www.medigatenews.com/news/2297234086
고려대학교,이뉴스투데이,"[고려대 소식] 고려대-오하이오주립대, '리튬-텔루륨 전지' 수명 늘려 외",고려대학교(총장 김동원) 화공생명공학과/배터리-스마트팩토리학과 유승호 교수 연구팀과 미국 오하이오주립대학교 화학생물공학과 권상일 교수 연구팀이 공동으로 리튬-텔루륨 전지의 성능 저하 원인을 밝히고...,2026-09-23 08:20,http://www.enewstoday.co.kr/news/articleView.html?idxno=2473457,http://www.enewstoday.co.kr/news/articleView.html?idxno=2473457
연세대학교,더벨,"[더벨][이사회 분석] 에스텍시스템, 상장 앞두고 독립이사 과반 채워",경남경찰청장을 거쳐 2020년 8월 부산경찰청장을 지냈으며 연세대 언론홍보대학원에서 석사학위를 받았다. 에스텍시스템은 1998년 에스원 보안사업부에서 분사한 인력경비 업체다. 경비업은 경비업법에 따라 시...,2026-09-23 08:18,https://www.thebell.co.kr/free/content/ArticleView.asp?key=202609172055384960103571,https://www.thebell.co.kr/free/content/ArticleView.asp?key=202609172055384960103571
연세대학교,더벨,"[더벨][그룹 & 보드] 현대그룹 이사회, 오너는 무벡스에만...겸직 이사 ...","독립이사인 김경우 EKK파트너스 대표, 박용석 연세대학교 교수, 최병철 충북대학교 부교수는 감사위원을 겸한다. 현정은 회장은 사내이사이자 이사회 의장으로 22년 넘게 재직 중이다. 2023년 쉰들러 손해배상금을...",2026-09-23 08:18,https://www.thebell.co.kr/free/content/ArticleView.asp?key=202609172129437840102162,https://www.thebell.co.kr/free/content/ArticleView.asp?key=202609172129437840102162
연세대학교,IKUNKANG,"신규 당뇨병, 치료 강도·악화 속도가 췌장암 위험 신호","연세대 세브란스병원 소화기내과 정문재 교수와 내분비내과 이민영 교수, 연세의대 예방의학교실 장성인 교수, 연구지원부 유민희 연구원 연구팀은 신규 발생 당뇨병의 초기 중증도와 단기간의 진행 양상이 췌장암...",2026-09-23 08:16,https://www.ikunkang.com/news/articleView.html?idxno=51567,https://www.ikunkang.com/news/articleView.html?idxno=51567
고려대학교,스포츠조선,고려대 구로병원 새암병원 기공식 개최…미래형 암 치료 플랫폼 구축 목...,"이날 기공식에는 학교법인 고려중앙학원 김재호 이사장, 고려대 김동원 총장, 윤을식 의무부총장 겸 의료원장, 편성범 의과대학장, 한승범 안암병원장, 민병욱 구로병원장, 서동훈 안산병원장, 전임 의무부총장 및...",2026-09-23 08:16,https://www.sportschosun.com/life/2026-09-23/202609230100158460010328,https://n.news.naver.com/mnews/article/076/0004448997?sid=102
고려대학교,여성소비자신문,"세종대, 조덕래 작가 기획초대전 개최...'AI 기술경영 DBA' 신설...외국 ...","세종대학교 경영전문대학원은 2027학년도부터 'AI 기술경영 DBA(Doctor of Business Administration)'를 신설하고... 본대학 명예교수 등이 강연자로 참여했다. 이승하 중앙대 명예교수와 김응교 숙명여대 교수, 오형엽 고려대 교수...",2026-09-23 08:14,http://www.wsobi.com/news/articleView.html?idxno=318701,http://www.wsobi.com/news/articleView.html?idxno=318701
연세대학교,뉴스1,"루닛 스코프 활용 난치암 연구, 세계 최고 권위 '네이처 메디슨' 게재",이번 논문은 이충근 연세대 의대 교수 연구팀이 주도한 HER2 양성 진행성 담도암 1차 치료 임상시험 결과를 담았다. 루닛 연구진은 공동저자로서 AI 기반 전체 슬라이드 이미지 분석과 바이오마커 분석을 맡았으며...,2026-09-23 08:12,https://www.news1.kr/bio/pharmaceutical-bio/6299718,https://n.news.naver.com/mnews/article/421/0009187844?sid=103
연세대학교,이투데이,"일반고 1학년 자퇴생 첫 1만명…“정시도 학생부 본다, ‘수능 올인’ ...","이투데이=손현경 기자 | 2025년 자퇴생 1만6명…5년 새 64% 증가 서울대 교과평가 40%·고려대 교과 20%…연세... 연세대 일반전형은 의예과를 제외하고 수능 90%와 서류 10%를 반영하며, 교과학습발달상황과 출결 등을...",2026-09-23 08:10,https://www.etoday.co.kr/news/view/2628860,https://www.etoday.co.kr/news/view/2628860
고려대학교,이투데이,"일반고 1학년 자퇴생 첫 1만명…“정시도 학생부 본다, ‘수능 올인’ ...",2028학년도 대입부터 서울대와 고려대 등 주요 대학이 정시에서도 학생부를 반영하는 만큼 학교를 떠나 수능에만 집중하는 전략의 위험성이 커졌다는 것이다. 23일 이투스 교육평가연구소가 교육부 자료를 분석한...,2026-09-23 08:10,https://www.etoday.co.kr/news/view/2628860,https://www.etoday.co.kr/news/view/2628860
고려대학교,TV조선,"고심 끝에 '사법 독립' 선택…법조계 ""대법관 공석 장기화할듯""","차진아 / 고려대 법학전문대학원 교수 ""양쪽이 타협의 여지없이 이렇게 강대강으로 부딪히는 것이 과연 대통령과 대법원장 그리고 국민을 위해서 어떤 도움이 되겠는가."" 200일 넘게 공석 상태인 노태악 전 대법관 후임을...",2026-09-23 08:10,https://news.tvchosun.com/site/data/html_dir/2026/09/23/2026092390036.html,https://n.news.naver.com/mnews/article/448/0000640989?sid=102
연세대학교,핀포인트뉴스,"루닛, HER2 양성 담도암 연구 '네이처 메디슨' 게재",23일 업계에 따르면 이번 논문은 연세대학교 의과대학 이충근 교수 연구팀이 주도한 HER2 양성 진행성 담도암 1차 치료 임상시험 결과를 담았다. 루닛 연구진은 공동저자로 참여해 AI 기반 전체 슬라이드 이미지(WSI)...,2026-09-23 08:08,https://www.pinpointnews.co.kr/news/articleView.html?idxno=489803,https://www.pinpointnews.co.kr/news/articleView.html?idxno=489803
연세대학교,점프볼,건국대 PO 진출 확정…남자대학 PO 진출 8팀 정해졌다,"한양대는 22일 한양대학교 올림픽체육관에서 열린 2026 KUSF 대학농구 U-리그 홈 경기에서 성균관대에게 48... 중앙대의 1위 확정이 유력한 가운데 성균관대, 고려대, 경희대, 연세대, 동국대, 단국대, 건국대는 최종 순위...",2026-09-23 07:41,https://m.sports.naver.com/basketball/article/065/0000301864,https://m.sports.naver.com/basketball/article/065/0000301864
고려대학교,점프볼,건국대 PO 진출 확정…남자대학 PO 진출 8팀 정해졌다,"한양대는 22일 한양대학교 올림픽체육관에서 열린 2026 KUSF 대학농구 U-리그 홈 경기에서 성균관대에게 48... 중앙대의 1위 확정이 유력한 가운데 성균관대, 고려대, 경희대, 연세대, 동국대, 단국대, 건국대는 최종 순위...",2026-09-23 07:41,https://m.sports.naver.com/basketball/article/065/0000301864,https://m.sports.naver.com/basketball/article/065/0000301864
고려대학교,SLOWNEWS,"사업 전망 불확실한 미국 발전소 투자, 한국이 100% 돈 대고 이익은 반반...",차진아(고려대 교수)는 “대통령이 임명을 거부할 때는 합당한 이유를 제시해야 한다”고 지적했다. 다음... 대만 정치대학 조사에서는 통일을 지지한다는 답변이 8%에 그쳤다. 알렉산더 황(전 국민당 국제사무부 책임자)...,2026-09-23 07:40,https://slownews.kr/166796,https://slownews.kr/166796
연세대학교,메디게이트뉴스,"최윤영 순천향대 부천병원 교수, 대한위암학회 국제학술대회 최우수 연...","순천향대학교 부천병원 위장관외과 최윤영 교수가 9월 17~19일 열린 대한위암학회 국제학술대회 'KINGCA WEEK... 교수, 연세대학교 의과대학 신수진 교수가 함께 참여했다. 연구팀은 조직 속 세포의 위치와 유전자 발현을...",2026-09-23 07:30,https://www.medigatenews.com/news/2140210705,https://www.medigatenews.com/news/2140210705
고려대학교,메디게이트뉴스,"고려대의료원, 존스홉킨스·텍사스 메디컬 센터와 잇단 협력","국내 대학·병원·연구기관 간 기술사업화 협력을 이끌고 있다. 김학준 고려대 의학연구처장은 ""우수한 연구성과가 실제 의료현장에서 활용되고 사업화로 이어지려면 기술개발 초기부터 연구·임상·투자·사업화...",2026-09-23 07:30,https://www.medigatenews.com/news/2698807140,https://www.medigatenews.com/news/2698807140
연세대학교,메디게이트뉴스,"연세의대 구성욱 교수, 대한척추신경외과학회 회장 취임","한편, 구성욱 회장은 연세대학교 의과대학 신경외과학교실 교수로 척추 분야의 진료·연구·교육을 수행해 왔다. 연세의료원 대외협력처장과 강남세브란스병원장을 역임했으며 현재 대한의용생체공학회 회장...",2026-09-23 07:30,https://www.medigatenews.com/news/2454822543,https://www.medigatenews.com/news/2454822543
고려대학교,JASM,"검찰 '술렁', '공소취소' 메시지?...'대북송금 수사 사과' 친여 이정현 ...","전남 나주에서 태어나 고려대를 졸업한 이 고검장은 1998년 서울지검 북부지청 검사로 임관했다. 문재인 정부... 그의 그간 행보를 고려할 때 ""이재명 대통령 사건 공소취소를 위한 포석""이란 시각이 적지 않다. 이 고검장은...",2026-09-23 07:20,https://www.jasm.co.kr/news/articleView.html?idxno=317863,https://www.jasm.co.kr/news/articleView.html?idxno=317863
고려대학교,오마이뉴스,[손병관의 뉴스프레소] 대검 차장에 '쌍방울 송금 수사' 사과한 검찰 간...,"전남 나주 출신의 이정현은 고려대 법대를 졸업하고 1998년 서울북부지검 검사로 임관했다. 문재인 정부... 이헌환 아주대 법학전문대학원 교수는 ""현행 헌법상 대통령의 임명권과 대법원장의 제청권은 대법원장과...",2026-09-23 07:11,https://www.ohmynews.com/NWS_Web/View/at_pg.aspx?CNTN_CD=A0003269846&CMPT_CD=P0010&utm_source=naver&utm_medium=newsearch&utm_campaign=naver_news,https://n.news.naver.com/mnews/article/047/0002530014?sid=102
연세대학교,후생신보,신규 당뇨환자 악화 빠를수록 췌장암 위험 26.5배,"연세대 세브란스병원 소화기내과 정문재 교수와 내분비내과 이민영 교수, 의대 예방의학교실 장성인 교수, 연구지원부 유민희 연구원 연구팀은 신규 발생 당뇨병의 초기 중증도와 단기간의 치료 진행 양상이 췌장암...",2026-09-23 07:04,http://www.whosaeng.com/sub_read.html?uid=173947&section=sc4,http://www.whosaeng.com/sub_read.html?uid=173947&section=sc4
연세대학교,BUSINESSPOST,[Who Is ?] 강청희 국민건강보험공단 이사장,"연세대학교 의과대학 흉부외과학교실 외래교수와 혜민병원 진료부장 겸 흉부외과 과장을 지냈다. 2004년 연세서울의원을 개원했다. 이후 서울 광진구의사회 보험이사와 총무이사, 서울특별시의사회...",2026-09-23 07:02,https://www.businesspost.co.kr/BP?command=article_view&num=447870,https://www.businesspost.co.kr/BP?command=article_view&num=447870
연세대학교,BUSINESSPOST,[Who Is ?] 조원영 동덕여자대학교 법인 이사장,서울 경복고등학교와 연세대학교 경영학과를 졸업했다. 동덕여자대학교 교수로 들어와 기획실장과 부총장을 거쳐 1996년 총장에 올랐다. 2015년부터 동덕학원 이사장을 맡고 있다. 민주평통 자문위원과 한국대학총장협...,2026-09-23 07:02,https://www.businesspost.co.kr/BP?command=article_view&num=447624,https://www.businesspost.co.kr/BP?command=article_view&num=447624
고려대학교,KOR,[책의 재발견] 이수봉 '시대정신의 배신'…좌우의 ‘사상 감옥’을 깨려...,"1982년 고려대 4·15 유인물 사건으로 1년간 복역한 뒤 인천지역 공장에서 용접공과 프레스공, 주물공으로 일했다. 병원노련과 현총련, 금속연맹을 거쳐 민주노총 정책연구원장을 지내며 30여 년을 노동운동 현장에서 보냈다....",2026-09-23 07:02,http://kor.theasian.asia/archives/416331,http://kor.theasian.asia/archives/416331
고려대학교,아이뉴스24,총장 없이 78년 마감...'檢 마지막 지휘봉' 잡은 이정현[여의뷰],"나주 영산포상고와 고려대 법학과를 졸업하고 제37회 사법시험에 합격했다. 사법연수원을 27기로 수료한 뒤 서울 북부지검에서 검사 생활을 시작했다. 이른바 공안통으로 광주지검 공안부장, 대구지검 공안부장 검사를...",2026-09-23 07:01,http://www.inews24.com/view/2008545,https://n.news.naver.com/mnews/article/031/0001060825?sid=102
고려대학교,ELECTIMES,"강병구 시험인증산업 발전포럼 총괄위원장 ""시험인증은 산업의 보조수단...",포럼의 초대 총괄위원장을 맡은 강병구 고려대학교 교수는 우리 산업의 새로운 성장동력을 견인하는... ▲시험인증 산업 발전포럼 초대 총괄위원장 ▲고려대학교 표준·지식학과 명예교수 ▲산업표준심의회 위원장 ▲2025...,2026-09-23 07:00,https://www.electimes.com/news/articleView.html?idxno=372657,https://www.electimes.com/news/articleView.html?idxno=372657
고려대학교,CHRISTIANTODAY,"GBT성경번역선교회, 마동훈 이사장 취임… “목적·협력·도전으로 나아...","마동훈 신임 이사장 “사랑·협력·도전으로 사명 감당” 제5대 이사장으로 취임한 마동훈 신임 이사장은 고려대학교 미디어학부에서 38년간 재직한 후 명예교수로 추대됐으며, YTN 이사회 의장 등을 역임하고 2022년부터...",2026-09-23 06:40,https://www.christiantoday.co.kr/news/377549,https://www.christiantoday.co.kr/news/377549
연세대학교,LABORTODAY,"[개정 노조법 집담회-공항·지하철·대학 청소노동자] ""'진짜 사장' 만날...","▲ 공공운수노조가 지난 5월 21일 오후 연세대 공학관 앞에서 '대학 청소·경비·시설·주차노동자 전국집중 결의대회'를 열었다. ""대화하라고 만든 법인데 선택지는 다시 파업뿐"" 사회: 원청교섭이...",2026-09-23 06:34,https://www.labortoday.co.kr/news/articleView.html?idxno=236922,https://www.labortoday.co.kr/news/articleView.html?idxno=236922
고려대학교,EPJ,"발전공기업 통합, 전력시장 경쟁구조 재편 '촉각'",주성관 고려대 교수가 발전공기업 통합에 따른 전력시장 영향을 설명하고 있다. 통합 발전사 공급 비중 32.7%··· 시장지배력 관리 필요 주성관 고려대 교수는 국내 전력시장이 재생에너지 확대와 송전망 제약 심화로...,2026-09-23 06:24,http://www.epj.co.kr/news/articleView.html?idxno=39452,http://www.epj.co.kr/news/articleView.html?idxno=39452
고려대학교,DNEWS,“발전 5社 합치면 민간부문 투자 위축 우려”,"주성관 고려대 교수는 “발전 5사 없이도 필요한 물량을 확보할 수 있는지 평가하고, 입찰가격과 가용용량을 검증하는 장치가 필요하다”고 했다. 특히 민간 발전사의 투자 위축이 가장 우려되는 대목이다. 판매 부문을...",2026-09-23 06:22,https://www.dnews.co.kr/uhtml/view.jsp?idxno=202609221229151500137,https://www.dnews.co.kr/uhtml/view.jsp?idxno=202609221229151500137
연세대학교,HITNEWS,"한국 임상시험 건수 늘었는데, 순위는 4위→8위 하락, 왜?","대형 대학병원에 우수한 연구자들이 포진해 있어 항암제 임상시험이 활발하게 진행되고 있기 때문""라고... 서울대학교병원이 약 334건으로 가장 많았다. 이어 연세대학교병원, 연세대학교 세브란스병원, 삼성서울병원...",2026-09-23 06:12,https://www.hitnews.co.kr/news/articleView.html?idxno=79355,https://www.hitnews.co.kr/news/articleView.html?idxno=79355
연세대학교,메트로신문,[CEO와칭]현장 경영으로 사업 체질 바꾼 이우현…OCI 글로벌 확장 가속,"서강대학교 화학공학과를 졸업한 뒤 미국 펜실베이니아대학교 와튼스쿨에서 경영학석사(MBA) 과정을... 연세대학교와 KAIST 등 외부 교육기관과 연계해 재무와 전략, 마케팅 교육을 진행했으며 지금까지 수백명의...",2026-09-23 06:02,http://www.metroseoul.co.kr/article/20260922500496,http://www.metroseoul.co.kr/article/20260922500496
고려대학교,아주경제,[박병환 칼럼]  통합 국책연구기관.. 역사 왜곡에 제대로 대응해야,심지어 재단은 모 미국 대학에 거액의 돈을 주고 상고사의 최대 쟁점 중 하나인 ‘한군현(漢郡縣)’에 관한... 필자 주요 이력 ▷고려대 법대 법학과 ▷영국 옥스퍼드대 외교관 연수과정 수료 ▷주우즈베키스탄 공사...,2026-09-23 06:02,https://www.ajunews.com/view/20260921223208412,https://www.ajunews.com/view/20260921223208412
연세대학교,NEWSTOMATO,(시론)한국군 파병 요청의 절박한 사정,"있는데 어디로, 어떤 전력을, 어떻게 안전하게 파병한단 말인가? 애초에 군사적 검토 자체가 불가능한 상황이다. 아무리 미국의 압력이 거세고 집요하다 한들, 아닌 것은 아닌 것이다. 김종대 연세대 통일연구원 객원교수",2026-09-23 06:02,http://www.newstomato.com/ReadNews.aspx?no=1314523&inflow=N,http://www.newstomato.com/ReadNews.aspx?no=1314523&inflow=N
연세대학교,조선비즈,서울 대학가 월세 62만원인데… 월 26만원 행복기숙사 늘린다,서울 대학가 원룸의 월세와 관리비가 한 달 평균 70만원을 넘었다. 정부는 대학생이 월 26만원가량에 거주할... 고준석 연세대 상남경영원 교수는 “정부가 민간 주택을 매입해 청년주택으로 공급하기보다 민간이...,2026-09-23 06:01,https://biz.chosun.com/real_estate/real_estate_general/2026/09/23/TIYMAIP5KBABDE7FQF6HFQXB3Q/?utm_source=naver&utm_medium=original&utm_campaign=biz,https://n.news.naver.com/mnews/article/366/0001194073?sid=101
고려대학교,서울경제,李“北 핵무기 축적 후 수출 나설 수도…그때가 정말 위험한 순간”,러시아·중국과 밀착하며 달라진 북한의 대외 위상을 고려할 때 실질적 핵무기·ICBM 억제를 위해 대북 제재... 이규정 고려대 평화와민주주의연구소 연구교수는 “결국 핵동결 이후 감축과 폐기로 이어지는 과정에서...,2026-09-23 06:01,https://www.sedaily.com/article/20093997?ref=naver,https://n.news.naver.com/mnews/article/011/0004664763?sid=100
연세대학교,파이낸셜포스트,"장영근 카카오페이손보 대표, 보험 진단으로 장기보험 '한 수 더'…흑자...",연세대 경영학과를 졸업하고 미국 매사추세츠공과대(MIT)에서 경영학 석사(MBA)를 취득했다. 이후 보스턴컨설팅그룹(BCG) 파트너와 글로벌 인슈어테크 기업 볼트테크 한국 대표를 거쳐 2023년 7월 카카오페이손보 대표로...,2026-09-23 06:00,https://www.financialpost.co.kr/news/articleView.html?idxno=277067,https://www.financialpost.co.kr/news/articleView.html?idxno=277067
연세대학교,이투데이,"16년 만에 다시 움직이는 회현역 엘리베이터…중구, ‘익숙한 불편’ 끝...",☞ 김길성 구청장은… △1966년 전북특별자치도 부안군 출생 △서울 중구 광희초‧동북중‧성동고 졸업 △연세대학교 행정대학원 행정학 석사 △국회의원 보좌관 △이명박 대통령실 행정관 △용인도시공사 사장...,2026-09-23 06:00,https://www.etoday.co.kr/news/view/2628605,https://www.etoday.co.kr/news/view/2628605
연세대학교,머니투데이,"""한 번 해볼래요?""...교수가 '위안부 피해' 질문한 여학생에 막말 [뉴스...","기자들에게 ""하버드대학 총장도 (램지어 교수의 논문)을 학문적 자유라고 했다""며 항변했다. 램지어 교수는 '태평양 전쟁에서의 매춘 계약'이란 논문에서 위안부가 자발적 매춘부라 주장한 바 있다. 반면 연세대...",2026-09-23 06:00,https://www.mt.co.kr/society/2026/09/23/2026092214140749285,https://n.news.naver.com/mnews/article/008/0005417654?sid=102
고려대학교,경향신문,"[논설위원의 단도직입]“데이터센터 계획, 절반이 허수일 듯…AI용 전력...","고려대 전자공학과 재학 시절부터 30년 넘게 환경운동가로 살아왔다. 화력발전소, 핵발전소, 핵폐기장, 송전탑 문제로 싸우는 지역주민들과 연대운동을 펼쳤다. 국가에너지위원회 사용후핵연료 태스크포스(TF) 위원과...",2026-09-23 06:00,https://www.khan.co.kr/article/202609230600015,https://n.news.naver.com/mnews/article/032/0003472165?sid=110
연세대학교,MONEWS,"""이상지질혈증 LDL-C 치료, '더 일찍, 더 오래'로 변화""","연세대학교 세브란스병원 김병극 교수(심장내과)는 제약바이오기자단 인터뷰에서 ""현재 이상지질혈증 치료에서 가장 중요한 목표는 환자 위험도에 맞는 LDL-콜레스테롤 목표를 가능한 조기에 달성해 장기간...",2026-09-23 05:58,https://www.monews.co.kr/news/articleView.html?idxno=414047,https://www.monews.co.kr/news/articleView.html?idxno=414047
고려대학교,조선일보,"사관학교 통폐합, 제3의 대안도 검토해야-워랩 넥서스 천종웅 대표","천종웅(千宗熊) 1970년생, 육군사관학교(49기), 고려대 경영학 석사, 영국 킹스칼리지 런던(King's College London) 전쟁학 석사, 광운대 공학박사/ 육군 보병 지휘관 참모, 육군사관학교 교수, 육군 중령 전역, 광운대·연성대...",2026-09-23 05:52,https://monthly.chosun.com/news/articleView.html?idxno=71501,https://monthly.chosun.com/news/articleView.html?idxno=71501
고려대학교,이데일리,"靑·대법원, 대법관 재제청 갈등 전면전…대법관 인선 장기교착 국면",김선택 고려대 법학전문대학원 교수는 “제청권은 본질적으로 인사 임명 절차의 일부이자 대통령의 임명권 안에 포섭되는 권한”이라며 “대통령이 특정 후보를 임명할 의사가 없는데 국회로 동의안을 보낼 수는 없다....,2026-09-23 05:37,https://www.edaily.co.kr/News/Read?newsId=01958166645583072&mediaCodeNo=257&utm_source=naver&utm_medium=referral&utm_campaign=news_syndication&utm_content=original_article,https://n.news.naver.com/mnews/article/018/0006374676?sid=102
고려대학교,SIDAE,[시대리포트]AI 3강 도약 관건은 생태계 활성화,"최병호 고려대 AI연구소 교수는 공공·보안 등 특수 목적 영역에 쓰일 수준의 소버린 AI 확보를 보완책으로... 이재성 중앙대학교 AI학과 교수는 ""AI 시장 자체를 활성화해야 한다""며 ""인프라 역시 산업 생태계가 커져야...",2026-09-23 05:30,https://www.sidae.com/article/2026092112313839306,https://n.news.naver.com/mnews/article/417/0001159082?sid=101
연세대학교,이데일리,“공급 확대만으론 부족…전월세 안정 위해 정책 전반 재검토해야”,박합수 건국대 부동산대학원 겸임교수는 22일 이데일리와의 통화에서 “(전월세 시장이 위축된) 가장 결정적... 고준석 연세대 상남경영원 주임교수는 “임대사업자 물건이 매매 거래가 되면 실거주로 바뀌지 않느냐”며...,2026-09-23 05:11,https://www.edaily.co.kr/News/Read?newsId=01761366645583072&mediaCodeNo=257&utm_source=naver&utm_medium=referral&utm_campaign=news_syndication&utm_content=original_article,https://n.news.naver.com/mnews/article/018/0006374667?sid=101
고려대학교,서울신문,“美가 표준 주도” “기업이 감당해야”… 이번엔 AI 책임론 충돌,이성엽 고려대 기술경영전문대학원 교수는 “미국의 빅테크들이 안전 기준을 높게 설정할 경우 국내 기업들은 그 기준을 맞추기 위해 개발이 더뎌지는 ‘사다리 걷어차기’ 효과가 발생할 수 있다”고 지적했다....,2026-09-23 05:02,https://www.seoul.co.kr/news/economy/industry/2026/09/23/20260923008001?wlog_tag3=naver,https://n.news.naver.com/mnews/article/081/0003682888?sid=101
고려대학교,서울신문,대검 차장에 ‘대북송금 수사 사과’ 이정현,이 신임 차장은 전남 나주에서 태어나 고려대를 졸업했다. 광주지검 부장검사였던 2018년 전두환 전 대통령을 5·18 민주화운동 관련 사자명예훼손 혐의로 불구속기소했다. 2020년 서울중앙지검 1차장으로 한동훈 당시...,2026-09-23 05:01,https://www.seoul.co.kr/news/society/law/2026/09/23/20260923006005?wlog_tag3=naver,https://n.news.naver.com/mnews/article/081/0003682884?sid=102
고려대학교,CBCI,"대기업 '1980년생 이하' 채용 기준 논란…고용부 ""연령 제한 법 위반""","이 기업은 인력 구조의 고령화와 적체를 방지한다는 취지로 경력사원 채용 시 연령 조건을 '1980년생 이하'로 설정하고, 근무지별로 서울대·연세대·고려대 등 11개 대학 졸업자만 선발하도록 내부 지침을 마련한 것으로...",2026-09-23 05:00,https://www.cbci.co.kr/news/articleView.html?idxno=608862,https://www.cbci.co.kr/news/articleView.html?idxno=608862
고려대학교,중앙일보,"[단독] 초유의 ‘재제청 요구 거부’ 입장문, 조희대가 직접 썼다",법조계에선 조 대법원장이 추천위 재구성을 고려하고 있다는 분석이 대다수였다. 지난 한 달 동안 조... (차진아 고려대 로스쿨 교수)는 입장이 갈린다. “헌재가 적극적으로 판단해야” 이 대통령이 헌법적 근거를 보완해...,2026-09-23 05:00,https://www.joongang.co.kr/article/25464301,https://n.news.naver.com/mnews/article/025/0003553367?sid=102
연세대학교,중앙일보,시험도 면접도 ‘AI 커닝’…구글·앤트로픽마저 “채용 땐 사용금지”...,"익명을 요구한 한 대학 관계자는 “서울대·연세대 AI 부정행위가 터지면서 부랴부랴 대응책을 만들고 있지만, 지필고사 도입이나 전자기기 사용 금지 정도에 그치는 정도”라며 “AI를 완전히 막을 수 없어 학습과...",2026-09-23 05:00,https://www.joongang.co.kr/article/25464299,https://n.news.naver.com/mnews/article/025/0003553371?sid=102
연세대학교,CBCI,"대기업 '1980년생 이하' 채용 기준 논란…고용부 ""연령 제한 법 위반""","이 기업은 인력 구조의 고령화와 적체를 방지한다는 취지로 경력사원 채용 시 연령 조건을 '1980년생 이하'로 설정하고, 근무지별로 서울대·연세대·고려대 등 11개 대학 졸업자만 선발하도록 내부 지침을 마련한 것으로...",2026-09-23 05:00,https://www.cbci.co.kr/news/articleView.html?idxno=608862,https://www.cbci.co.kr/news/articleView.html?idxno=608862
연세대학교,뉴시스,"""취업 문턱 높은데 여긴 다르네""…글로벌 인기에 K-뷰티 채용시장 '훈풍...","에이피알은 채용 기간 연세대와 한양대, 고려대, 성균관대 등 서울 주요 7개 대학을 직접 방문하는 '캠퍼스 리크루팅'도 진행했다. 6월 발간한 지속가능경영보고서에서는 '글로벌 인재 확보'를 기업의 중대 이슈 중...",2026-09-23 05:00,https://www.newsis.com/view/NISX20260922_0003800872,https://n.news.naver.com/mnews/article/003/0014209383?sid=101
고려대학교,뉴시스,"""취업 문턱 높은데 여긴 다르네""…글로벌 인기에 K-뷰티 채용시장 '훈풍...","에이피알은 채용 기간 연세대와 한양대, 고려대, 성균관대 등 서울 주요 7개 대학을 직접 방문하는 '캠퍼스 리크루팅'도 진행했다. 6월 발간한 지속가능경영보고서에서는 '글로벌 인재 확보'를 기업의 중대 이슈 중...",2026-09-23 05:00,https://www.newsis.com/view/NISX20260922_0003800872,https://n.news.naver.com/mnews/article/003/0014209383?sid=101
고려대학교,동아일보,[알립니다]워코노미 시대: AI·안보·에너지가 만드는 새로운 질서,"이코노믹스 회장(미래학자), 양기욱 산업통상부 산업자원안보실장, 문정빈 고려대 교수, 김지현 SK AI위원회 부사장 ● 문의: 070-7703-9670, chairsforum@ichannela.com ● 홈페이지: www.ichannela.com/chairsforum.do",2026-09-23 04:36,https://www.donga.com/news/Economy/article/all/20260923/134723646/2,https://n.news.naver.com/mnews/article/020/0003750299?sid=101
고려대학교,동아일보,‘檢총장 대행’ 대검차장에 이정현,"전남 나주 출신인 이 고검장은 고려대 법학과를 졸업한 뒤 1998년 서울지검 북부지청 검사로 임관했다. 이후 대검 공공수사부장, 기획조정부장 등을 거쳤다. 이 고검장은 문재인 정부에서 검사장으로 승진했지만 윤석열...",2026-09-23 04:36,https://www.donga.com/news/Society/article/all/20260923/134723406/2,https://n.news.naver.com/mnews/article/020/0003750308?sid=102
고려대학교,동아일보,"답하는 AI서 일하는 AI로… ‘개인비서’ 앱, 챗GPT 제쳐",최병호 고려대 휴먼인스파이어드 AI 연구원 연구교수는 “일상의 복잡한 일을 대신 해줄 ‘AI 비서’에 대한 잠재적인 수요가 기술 발전에 따라 본격적으로 드러나고 있다”며 “다만 AI 에이전트는 개인화된 정보를...,2026-09-23 04:35,https://www.donga.com/news/Economy/article/all/20260923/134724064/2,https://n.news.naver.com/mnews/article/020/0003750284?sid=101
고려대학교,동아일보,[부고]김정욱 별세 外,"씨 별세·권태석 씨 부인상·영진 호텔뉴브 대표(고려대 문과대 교우회장) 은정 은정유치원 원장 모친상·장재준 서울탁주제조협회 회장 장모상·고은미 시모상=22일 삼성서울병원, 발인 24일 오전 7시 02-3410-3151",2026-09-23 04:33,https://www.donga.com/news/People/article/all/20260923/134723491/2,https://n.news.naver.com/mnews/article/020/0003750237?sid=102
연세대학교,동아일보,"남성 전립선 고민, 농진청 공동 개발 ‘참당귀황기추출물’로 잡는다",연세대 세브란스병원 비뇨의학과 연구팀이 진행한 임상 데이터는 2025년 SCIE급 국제 표준 학술지인 ‘Investigative and Clinical Urology’에 게재되며 세계적인 공신력을 인정받았다. 연구진은 전립선 비대로 인한 배뇨 불편을...,2026-09-23 04:32,https://www.donga.com/news/Health/article/all/20260922/134713990/2,https://n.news.naver.com/mnews/article/020/0003750207?sid=103
고려대학교,동아일보,"암 진단-수술-관리 한곳에… 고려대 구로병원, ‘새암병원’ 짓는다",고려대 구로병원이 2029년 말 완공을 목표로 ‘새암병원’ 건립에 나선다. 단순히 암 진료 공간을 늘리는 데... 새암병원 건립은 고려대 구로병원이 2019년부터 추진해 온 ‘중증 환자 치료 중심 병원 구조 재편’의 2단계...,2026-09-23 04:32,https://www.donga.com/news/Health/article/all/20260922/134714429/2,https://n.news.naver.com/mnews/article/020/0003750208?sid=103
고려대학교,동아일보,"“암병원 경쟁력은 크기가 아닌, 한 환자를 위한 협진에 있다”",환자 한 명을 위해 여러 진료과가 얼마나 잘 협력하고 그 환자에게 가장 적절한 치료법을 찾아주느냐가 경쟁력이라고 생각한다.” 민병욱 고려대 구로병원장은 2029년 말 완공 예정인 새암병원의 차별점으로 ‘진료...,2026-09-23 04:32,https://www.donga.com/news/Health/article/all/20260922/134714424/2,https://n.news.naver.com/mnews/article/020/0003750209?sid=103
고려대학교,한국일보,"장관 없이 총장 대행에 '친여' 이정현 앉힌 李 대통령…""공소취소 메시...","전남 나주에서 태어나 고려대를 졸업한 이 고검장은 1998년 서울지검 북부지청 검사로 임관했다. 문재인 정부... 그의 그간 행보를 고려할 때 ""이재명 대통령 사건 공소취소를 위한 포석""이란 시각이 적지 않다. 이 고검장은...",2026-09-23 04:31,https://www.hankookilbo.com/news/article/A2026092215070003371?did=NA,https://n.news.naver.com/mnews/article/469/0000955649?sid=102
고려대학교,한겨레,“위성정당은 세이렌의 유혹…새 통합정당으로 꼭 원내 복귀할 것”,"1983년 고려대 경영학과를 졸업한 뒤 서울상공회의소에 입사해 “기업 이익을 조직하고 대변하는 일”을 했다. 1987년 대한상의 노조 설립에 참여하며 노동운동에 눈을 떴고, 1996년 노동법 개악 저지 투쟁을 경험한 뒤에는...",2026-09-23 04:02,https://www.hani.co.kr/arti/politics/assembly/1279161.html,https://n.news.naver.com/mnews/article/028/0002824342?sid=100
고려대학교,더퍼스트미디어,"고려대의료원, 존스홉킨스·텍사스 메디컬 센터와 바이오·의료기술 협...",고려대의료원은 한국특허전략개발원 IP-TLO 얼라이언스의 글로벌 마케팅 분과장과 한국보건산업진흥원 H+TLO 네트워크 주도기관으로서 국내 대학·병원·연구기관 간 기술사업화 협력을 추진하고 있다. 앞으로 해외...,2026-09-23 01:46,http://www.thefirstmedia.net/news/articleView.html?idxno=209427,http://www.thefirstmedia.net/news/articleView.html?idxno=209427
고려대학교,더퍼스트미디어,"고려대 구로병원, 새암병원 기공식 첫삽…""2029년 말 완공 목표로 중증...","이날 행사에는 김재호 고려중앙학원 이사장, 김동원 고려대 총장, 윤을식 고려대 의무부총장 겸 의료원장, 편성범 의과대학장, 한승범 안암병원장, 민병욱 구로병원장, 서동훈 안산병원장과 전임 의무부총장 및...",2026-09-23 01:46,http://www.thefirstmedia.net/news/articleView.html?idxno=209435,http://www.thefirstmedia.net/news/articleView.html?idxno=209435
고려대학교,더퍼스트미디어,"고려대 안암병원 윤승주 교수, 캄보디아 왕립 모니사라폰 훈장 수훈",▲고려대 안암병원 윤승주 교수 고려대학교 안암병원 마취통증의학과 윤승주 교수가 캄보디아 보건의료 발전에 기여한 공로로 캄보디아 왕립 모니사라폰 훈장(Royal Order of Monisaraphon)을 받았다. 고려대 안암병원은...,2026-09-23 01:46,http://www.thefirstmedia.net/news/articleView.html?idxno=209428,http://www.thefirstmedia.net/news/articleView.html?idxno=209428
고려대학교,더퍼스트미디어,"고려대 보건대학원, 의료·산업·정책 잇는 헬스케어퓨처포럼 5기 출범",고려대 보건대학원은 지난 15일 고려대의료원 청담 고영캠퍼스에서 '최고위과정 헬스케어퓨처포럼 제5기 입학식'을 개최했다고 23일 밝혔다. 입학식에는 안형진 고려대 보건대학원장과 김영훈·김철중 헬스케어퓨처포럼...,2026-09-23 01:46,http://www.thefirstmedia.net/news/articleView.html?idxno=209431,http://www.thefirstmedia.net/news/articleView.html?idxno=209431
고려대학교,조선일보,조희대 “재제청 없다” 배수진... 靑요구 수용땐 ‘꼭두각시’ 우려,이와 관련해 차진아 고려대 교수는 “사법부 수장에 대한 존중과 제청권의 취지를 고려하면 대통령이 특별한 결격 사유가 없는 후보자를 거부할 때는 국민을 설득할 만한 합당한 이유를 제시해야 한다”고 말했다. 조...,2026-09-23 00:56,https://www.chosun.com/national/court_law/2026/09/23/76WDN46WURCSLAFJAJFUM6NOSY/?utm_source=naver&utm_medium=referral&utm_campaign=naver-news,https://n.news.naver.com/mnews/article/023/0004000031?sid=102
고려대학교,조선일보,‘대북송금 수사’ 사과했던 이정현… 李 공소취소 위한 포석인가,"이 신임 대검 차장은 전남광주 나주 출신으로, 영산포상고와 고려대 법대를 졸업했다. 문재인 정부 시절인 2020년 서울중앙지검 1차장으로 있으면서 한동훈(현 무소속 의원) 당시 검사장이 연루된 ‘채널A 사건’ 수사를...",2026-09-23 00:54,https://www.chosun.com/national/court_law/2026/09/23/KWZJZDFXVJGCXKC72JFGOLPZOI/?utm_source=naver&utm_medium=referral&utm_campaign=naver-news,https://n.news.naver.com/mnews/article/023/0004000028?sid=102
고려대학교,조선일보,"중국 vs 필리핀 ‘남중국해 갈등’, 휴양 도시 세부로 번졌다",이신화 고려대 정치외교학과 교수는 “아무것도 하지 않는 것보다는 중국이 ‘대만과 필리핀이 협력하고 있다’고 의식하도록 만드는 것이 필리핀에 반드시 나쁜 것은 아니다”라며 “중국으로서도 이를 의식해 행동...,2026-09-23 00:46,https://www.chosun.com/international/asia/2026/09/23/M5IP4NKL6NGCPK7NKCZNNVE6MY/?utm_source=naver&utm_medium=referral&utm_campaign=naver-news,https://n.news.naver.com/mnews/article/023/0004000011?sid=104
연세대학교,동아일보,고금리 한파에… 이자도 못갚는 한계기업 역대최대,"김정식 연세대 경제학부 명예교수는 “금리가 높아지면 기업의 이자 부담이 늘어나면서 재무 위험이 발생할 가능성이 커지고, 투자도 위축되며 경기 침체로 이어질 수도 있다”고 말했다. ● 한은의...",2026-09-23 00:32,https://www.donga.com/news/Economy/article/all/20260922/134722269/2,https://n.news.naver.com/mnews/article/020/0003750199?sid=101
고려대학교,중앙일보,[중앙시평] 법치는 어떻게 지켜지는가,"사법을 손보는 권력은 개혁을 말하지만 그 대가는 정권이 아니라 국가가 치른다. 그 비용은 아주 오래, 천천히 돌아온다. 이재승 고려대학교 국제학부 교수·일민국제관계연구원장",2026-09-23 00:20,https://www.joongang.co.kr/article/25464268,https://n.news.naver.com/mnews/article/025/0003553344?sid=110
고려대학교,중앙일보,[조민근의 경제를 묻다] “고금리의 귀환…재정투자도 선택과 집중을”,A : “잠재성장률이 갈수록 떨어지고 있다는 걸 고려하면 방향성은 맞다. 국가가 전략산업 투자를 주도하는... 있다.” ◆안동현=고려대 경영학과를 졸업하고 미국 뉴욕대에서 경제학 박사학위를 받았다. 2003년부터 서울대...,2026-09-23 00:14,https://www.joongang.co.kr/article/25464261,https://n.news.naver.com/mnews/article/025/0003553337?sid=110
연세대학교,중앙일보,[정과리의 AI와 함께하는 인문여행] AI의 등장은 문과에 재앙이 아니라...,"(『대학(大學)』), 문과 학문은 개별적 지식이 아니라, 종합적 지식임을 알 수가 있다. 즉 문과 학문은 여러... ‘별 헤는 밤’)이니, ‘문송’이 아니라 ‘문랑(文郎)’의 시대가 올지니라. 정과리 문학평론가·연세대 명예교수",2026-09-23 00:12,https://www.joongang.co.kr/article/25464259,https://n.news.naver.com/mnews/article/025/0003553336?sid=110
연세대학교,강원도민일보,국민건강보험공단 업무협약,국민건강보험공단(이사장 강청희)과 연세대 원주의과대학(학장 김장영)은 22일 원주 소재 공단 본부에서 공동연구 체계를 구축하기 위한 업무협약을 체결했다.,2026-09-23 00:09,https://www.kado.net/news/articleView.html?idxno=2074619,https://n.news.naver.com/mnews/article/654/0000202244?sid=102
연세대학교,강원도민일보,추석 연휴 강원권역 응급의료기관 25곳 정상 운영,"국군춘천병원, 인성병원, 강원대병원, 한림대춘천성심병원, 성지병원, 연세대원주세브란스기독병원, 원주의료원, 강릉아산병원, 강릉의료원, 근로복지공단동해병원, 동해동인병원, 근로복지공단태백병원, 온재병원...",2026-09-23 00:08,https://www.kado.net/news/articleView.html?idxno=2074602,https://n.news.naver.com/mnews/article/654/0000202227?sid=102
고려대학교,국민일보,[이도경의 에듀 서치] 입시 개혁한다면 ‘수만휘’ 정도 아는 교육 장관...,"수시 접수 시스템 먹통 사태 후폭풍 마감 연장 때 대학 17곳 경쟁률 공개 누군가는 ‘오픈북’ 시험을 치른... 종로학원에 따르면 서울대, 고려대, 연세대의 경우 마지막으로 경쟁률이 공개되고 원서접수가 끝난 3시간...",2026-09-23 00:07,https://www.kmib.co.kr/article/view.asp?arcid=9000016694&cp=nv,https://n.news.naver.com/mnews/article/005/0001874632?sid=102
연세대학교,강원일보,원주시·대학 지역 발전에 맞손,"하연섭 연세대 미래캠퍼스 부총장, 김응권 한라대 총장, 권민수 한국폴리텍대학 원주캠퍼스 학장 등이 참석한 가운데 열렸다. 지난 4월 ‘시 대학 협력 및 지원에 관한 조례’가 제정된 뒤 처음으로 열린 이날 회의에서...",2026-09-23 00:07,https://www.kwnews.co.kr/article/20260922500885,https://n.news.naver.com/mnews/article/087/0001220165?sid=102
연세대학교,국민일보,[이도경의 에듀 서치] 입시 개혁한다면 ‘수만휘’ 정도 아는 교육 장관...,"수시 접수 시스템 먹통 사태 후폭풍 마감 연장 때 대학 17곳 경쟁률 공개 누군가는 ‘오픈북’ 시험을 치른... 종로학원에 따르면 서울대, 고려대, 연세대의 경우 마지막으로 경쟁률이 공개되고 원서접수가 끝난 3시간...",2026-09-23 00:07,https://www.kmib.co.kr/article/view.asp?arcid=9000016694&cp=nv,https://n.news.naver.com/mnews/article/005/0001874632?sid=102
연세대학교,중앙일보,『나는 죽을 때까지 재미있게…』 이근후 이화여대 명예교수 별세,"청소년·부모·노년을 위한 상담 및 교육에 여생을 바쳤다. 유족은 아내 이 교수와 자녀 명현·장욱·영주·은채씨 등이다. 빈소는 연세대 신촌장례식장 특1호실, 발인은 24일 오전 6시, 장지는 서울시립승화원. 02-2227-7500.",2026-09-23 00:01,https://www.joongang.co.kr/article/25464219,https://n.news.naver.com/mnews/article/025/0003553293?sid=103
연세대학교,바이오타임즈,"한미약품, 아모잘탄 성분 조합 임상근거 공개…로사르탄군 신규 통풍 위...","이번 연구 책임자인 연세대학교 용인세브란스병원 심장내과 배성아 교수는 ""최근 현대인의 식생활 변화 등으로 요산 관리의 중요성이 더욱 커지고 있다""며 ""고혈압 환자에서 고요산혈증이 동반될 수 있는 만큼...",2026-09-23 00:00,https://www.biotimes.co.kr/news/articleView.html?idxno=34700,https://www.biotimes.co.kr/news/articleView.html?idxno=34700
연세대학교,WOLYO,"거래 줄어도 투자는 계속...빗썸, '거래소 2위' 넘어 플랫폼 체질 바꾼다","빗썸은 이달 연세대학교 축제에 참여한 데 이어 21~22일 경희대·서울시립대·한국외대 3개 대학 연합 축제 'TROIKA'에도 참여하는 등 대학생과의 오프라인 접점을 확대하고 있다. 28~30일 경희대 국제캠퍼스, 29일부터 다음...",2026-09-23 00:00,https://www.wolyo.co.kr/news/articleView.html?idxno=318164,https://www.wolyo.co.kr/news/articleView.html?idxno=318164
연세대학교,더팩트,"[아시안게임] 3x3 남자 농구, 태국·일본 잡고 D조 선두","태국전에서는 김승우(연세대)가 8점, 이주영(연세대)이 6점을 올리며 승리를 이끌었다. 일본전에서는 이주영이 9점을 넣었고 김승우가 6점을 보탰다. 한국은 오는 23일 오후 8시10분 싱가포르와 조별리그 최종...",2026-09-22 23:36,https://news.tf.co.kr/read/sports/2369183.htm,https://n.news.naver.com/mnews/article/629/0000536405?sid=104
연세대학교,매일일보,"정연화 성남시의회 부의장, 수소교통 전환 토론회","토론회는 문일 연세대학교 교수가 좌장을 맡고 김상원 카이스트 경영공학부 교수가 발제했다. 이임철 SK E&S 부사장, 이용주 아주대학교 연구교수, 박상욱 제로쿨투어 대표가 토론자로 참여했다. 김상원 교수는 수소연료의...",2026-09-22 23:28,https://www.m-i.kr/news/articleView.html?idxno=1417630,https://www.m-i.kr/news/articleView.html?idxno=1417630
고려대학교,뉴시스,"3대3 남자 농구, 태국 이어 개최국 일본 꺾고 2연승 질주[나고야AG]","배 감독은 구민교(성균관대), 김승우, 이주영(이상 연세대), 이동근(고려대) 등 대학생 선수들로 이번 대회에 참가했다. 이날 태국전에선 김승우가 8점, 일본전에선 이주영이 9점을 터뜨리면서 승리를 선사했다....",2026-09-22 23:00,https://www.newsis.com/view/NISX20260922_0003801068,https://n.news.naver.com/mnews/article/003/0014209273?sid=104
연세대학교,뉴시스,"3대3 남자 농구, 태국 이어 개최국 일본 꺾고 2연승 질주[나고야AG]","배 감독은 구민교(성균관대), 김승우, 이주영(이상 연세대), 이동근(고려대) 등 대학생 선수들로 이번 대회에 참가했다. 이날 태국전에선 김승우가 8점, 일본전에선 이주영이 9점을 터뜨리면서 승리를 선사했다....",2026-09-22 23:00,https://www.newsis.com/view/NISX20260922_0003801068,https://n.news.naver.com/mnews/article/003/0014209273?sid=104
연세대학교,문화일보,[이슈]반바지 입어 죄송합니다?…자필 반성문 쓴 연세대 치대생,"연세대 치과대학 학생들이 반바지를 입는 등 교내 복장 규정을 지키지 않았다는 이유로 손글씨 반성문을 작성하고, 해당 반성문이 강의실에 공개 게시된 사실이 알려져 논란이 일고 있다. 22일 연합뉴스에 따르면 지난달...",2026-09-22 22:24,https://www.munhwa.com/article/11619036?ref=naver,https://n.news.naver.com/mnews/article/021/0002820763?sid=102
연세대학교,KOREAHEALTHLOG,"당뇨병 초기 중증도와 단기 진행 양상, '췌장암' 발생과 연관","이와 관련, 연세대 세브란스병원 소화기내과 정문재 교수와 내분비내과 이민영 교수, 의대 예방의학교실... 연세대 세브란스병원 소화기내과 정문재 교수는 ""이번 연구를 통해 신규 발생 당뇨병 초기 중증도와 단기간...",2026-09-22 22:10,https://www.koreahealthlog.com/news/articleView.html?idxno=59141,https://www.koreahealthlog.com/news/articleView.html?idxno=59141
연세대학교,주간조선,연세대 치대서 반바지 입었다가 '자필 반성문'…강의실서 공개까지,연세대학교 치과대학에서 복장 규정을 어긴 학생들에게 자필 반성문을 작성하게 한 뒤 이를 강의실에 게시한 사실이 알려지면서 논란이 일고 있다. 21일 연세대 학보사 연세춘추 등에 따르면 최근 연세대 치대 학생 3명이...,2026-09-22 22:05,http://weekly.chosun.com/news/articleView.html?idxno=55540,https://n.news.naver.com/mnews/article/053/0000061704?sid=102
연세대학교,NEWSJEJU,"제주대 박웅 교수, 10월 2일 아라뮤즈홀서 독창회",서울예술고등학교와 연세대학교 성악과를 졸업한 뒤 오스트리아 잘츠부르크 모차르테움 국립음악대학교... 현재 제주대 예술디자인대학 음악학부에서 후학을 양성하며 교육과 연주 활동을 병행하고 있다. 이번...,2026-09-22 21:56,https://www.newsjeju.net/news/articleView.html?idxno=426251,https://www.newsjeju.net/news/articleView.html?idxno=426251
고려대학교,아주경제,"[아이치·나고야 AG] 男 3X3 농구, 쾌조의 2연승…'홈팀' 일본 격파","특히 이주영·김승우(이상 연세대), 이동근(고려대), 구민교(성균관대)는 올해 4월 열린 국제농구연맹(FIBA) 3X3 아시아컵에서 준우승을 합작한 바 있어 기대를 모은다. 한편 대표팀은 오는 23일 싱가포르와 조별리그...",2026-09-22 21:56,https://www.ajunews.com/view/20260922214508498,https://www.ajunews.com/view/20260922214508498
연세대학교,아주경제,"[아이치·나고야 AG] 男 3X3 농구, 쾌조의 2연승…'홈팀' 일본 격파","특히 이주영·김승우(이상 연세대), 이동근(고려대), 구민교(성균관대)는 올해 4월 열린 국제농구연맹(FIBA) 3X3 아시아컵에서 준우승을 합작한 바 있어 기대를 모은다. 한편 대표팀은 오는 23일 싱가포르와 조별리그...",2026-09-22 21:56,https://www.ajunews.com/view/20260922214508498,https://www.ajunews.com/view/20260922214508498
고려대학교,영남일보,[주목! 이기업] 눈 한번 깜빡에 몸·마음까지…산업안전 ‘미래’ 만든...,"VR과 PC환경을 모두 지원하며, 고려대 구로병원에서 교육 프로그램으로 활용되고 있다. 현재 회사의 매출을 뒷받침하는 주력 제품으로 꼽힌다. 구미정신건강복지센터와 협업으로 탄생한 비대면 상담예약 프로그램...",2026-09-22 21:40,https://www.yeongnam.com/web/view.php?key=20260922029379678,https://www.yeongnam.com/web/view.php?key=20260922029379678
연세대학교,연합뉴스,"[아시안게임] 남자 3대3 농구, 상쾌한 출발…한일전 등 조별리그 2연승","올해 4월 국제농구연맹(FIBA) 3대3 아시아컵에서 준우승을 합작한 이주영, 김승우(이상 연세대), 이동근(고려대), 구민교(성균관대)가 그대로 호흡을 맞추는 남자부에서 특히 가능성이 높게 점쳐진다. 이들은...",2026-09-22 21:38,https://www.yna.co.kr/view/AKR20260922195100007?input=1195m,https://n.news.naver.com/mnews/article/001/0016331118?sid=104
고려대학교,연합뉴스,"[아시안게임] 남자 3대3 농구, 상쾌한 출발…한일전 등 조별리그 2연승","올해 4월 국제농구연맹(FIBA) 3대3 아시아컵에서 준우승을 합작한 이주영, 김승우(이상 연세대), 이동근(고려대), 구민교(성균관대)가 그대로 호흡을 맞추는 남자부에서 특히 가능성이 높게 점쳐진다. 이들은...",2026-09-22 21:38,https://www.yna.co.kr/view/AKR20260922195100007?input=1195m,https://n.news.naver.com/mnews/article/001/0016331118?sid=104
연세대학교,점프볼,"[2026 AG] ‘연전 연승’ 이주영·김승우 날았다, 3x3 男대표팀, 金 향한...","이동근, 이주영, 김승우, 구민교 등 대학 최고의 선수들로 구성된 대표팀은 태국을 상대로 첫 경기를... 첫 경기를 맞이한 대표팀은 연세대 듀오 이주영과 김승우가 동반 활약하며 승리를 거뒀다. 이주영(6점 2점슛 2개)...",2026-09-22 21:35,https://m.sports.naver.com/basketball/article/065/0000301859,https://m.sports.naver.com/basketball/article/065/0000301859
고려대학교,뉴데일리경제,"고려대 경영대학, QS MBA 평가 독보적 국내 1위 … 글로벌 MBA '투자 대비...",한편 고려대 경영대학은 미국 세계경영대학협회(AACSB)와 유럽경영대학협의회(EFMD)가 운영하는 경영교육 인증을 모두 보유하고 있다. 또한 국내 대학 중 유일하게 세계 33개 경영대학이 참여하는 ‘CEMS 글로벌...,2026-09-22 21:14,https://biz.newdaily.co.kr/site/data/html/2026/09/22/2026092200359.html,https://biz.newdaily.co.kr/site/data/html/2026/09/22/2026092200359.html
고려대학교,매일경제,"추석 명절, 건강하게 보내려면...‘명절증후군’ 예방 수칙","한규만 고려대 안암병원 정신건강의학과 교수는 “명절 전후로 일시적인 피로감이나 스트레스를 느끼는 것은 자연스러운 반응일 수 있다”면서도 “연휴가 끝난 뒤에도 우울감이나 불안, 수면 문제 등이 지속되거나...",2026-09-22 21:01,https://www.mk.co.kr/article/12156544,https://n.news.naver.com/mnews/article/024/0000108419?sid=101
고려대학교,연합뉴스,靑-사법부 '대법관 제청' 정면충돌 양상…공석 장기화하나(종합),"차진아 고려대 로스쿨 교수는 ""대법원장이 제청한 후보에 대해 어떤 문제를 제기하면서 '부적법하니 다시 제청해달라'는 것이면 모르겠지만 왜 손 후보자 임명을 거부하는지 아무런 근거가 없지 않으냐""며 ""의문이 들...",2026-09-22 20:52,https://www.yna.co.kr/view/AKR20260922151551004?input=1195m,https://n.news.naver.com/mnews/article/001/0016331068?sid=102
고려대학교,메디컬월드뉴스,"[9월 22일 병원계 이모저모②]경상국립대, 고려대구로, 중앙대광명병원...","◆경상국립대병원, 상급종합병원 구조전환 지원사업 진료협력병원 간담회 개최 경상국립대학교병원(병원장... 19일 고려대학교 구로병원을 시작으로 10월 22일까지 전국 7개 주요 대학 및 종합병원에서 순차적으로...",2026-09-22 20:40,https://medicalworldnews.co.kr/news/view.php?idx=1510977406,https://medicalworldnews.co.kr/news/view.php?idx=1510977406
고려대학교,동아일보,검찰총장 대행에 이정현 수원고검장,"전남 나주 출신인 이 고검장은 고려대 법학과를 졸업한 뒤 1998년 서울지검 북부지청 검사로 임관했다. 이후 서울중앙지검 1차장검사와 대검 공공수사부장, 기획조정부장 등을 거쳤다. 이 고검장은 문재인 정부에서...",2026-09-22 20:17,https://www.donga.com/news/Society/article/all/20260922/134719822/1,https://n.news.naver.com/mnews/article/020/0003750150?sid=102
고려대학교,전자신문,고대구로병원 '새암병원' 기공식…“중증질환 대응 고도화”,"이날 기공식에는 학교법인 고려중앙학원 김재호 이사장, 고려대 김동원 총장, 윤을식 의무부총장 겸 의료원장, 편성범 의과대학장, 한승범 안암병원장, 민병욱 구로병원장, 서동훈 안산병원장, 전임 의무부총장 및...",2026-09-22 20:10,https://www.etnews.com/20260922000505,https://n.news.naver.com/mnews/article/030/0003469559?sid=105
연세대학교,경인일보,"수원북중SBC, KBO 신인드래프트 6명 배출","이 밖에 조범규(단국대), 조영우(연세대), 박시후(야탑고)가 각각 LG 트윈스(7라운드 전체 70순위), kt wiz(8라운드 전체 75순위), NC(10라운드 전체 96순위)에 지명됐다. 이들을 지도한 윤영보 수원북중SBC 감독은 “선수들이...",2026-09-22 19:58,https://www.kyeongin.com/article/1771381,https://www.kyeongin.com/article/1771381
고려대학교,아주경제,[통신망 세대교체] 3G 망 유지·5G SA 확대 병행…통신업계 비용부담↑,"이성엽 고려대 기술경영전문대학원 전임교수는 ""국내에서는 3G 종료 과정에서 이용자가 4G·5G로 충분히 전환할 수 있는지 엄격하게 살피다 보니 다른 나라보다 시간이 오래 걸리는 것으로 보인다""며 ""이용자 보호에...",2026-09-22 19:58,https://www.ajunews.com/view/20260921152045219,https://www.ajunews.com/view/20260921152045219
고려대학교,K-HEALTH,"고려대구로병원, 새암병원 첫 삽…""미래형 암 치료 플랫폼 구축 목표""","이날 기공식에는 김재호 고려중앙학원 이사장, 김동원 고려대 총장, 윤을식 의무부총장 겸 의료원장, 편성범 의과대학장, 한승범 안암병원장, 민병욱 구로병원장, 서동훈 안산병원장을 비롯해 이인영 국회의원, 장인홍...",2026-09-22 19:54,https://www.k-health.com/news/articleView.html?idxno=101338,https://www.k-health.com/news/articleView.html?idxno=101338
연세대학교,채널A,“반바지 입어 죄송”…연대 치대생 복장 규정 논란,"이 특히 실습을 들은 것이 아니라 그냥 단순히 수업을 들으러 온 건데."" [김율희 / 연세대 대학원생] ""등교할 때 복장은 학생 자유라고 생각을 하고."" 논란이 커지자 학교 측은 ""학생들과 소통해 복장 규정을 바꿔나갈 예정...",2026-09-22 19:45,https://www.ichannela.com/news/main/news_detailPage.do?publishId=000000551830,https://n.news.naver.com/mnews/article/449/0000361738?sid=102
연세대학교,MBN,"""반바지 입었다고 반성문""…연세대 치대의 황당한 복장 규정",연세대 치과대학이 복장 규정을 어긴 학생들에게 반성문을 작성하도록 한 겁니다. ▶ 인터뷰 : 연세대학교... 영상취재 : 김래범 기자 영상편집 : 한남선 그래픽 : 전성현 화면출처 : 연세대학교 '연세춘추',2026-09-22 19:41,http://www.mbn.co.kr/pages/news/newsView.php?news_seq_no=5220958,https://n.news.naver.com/mnews/article/057/0001970359?sid=102
고려대학교,메디컬월드뉴스,"[9월 22일 병원계 이모저모①]강남성심병원, 고려대의료원, 대구가톨릭...","◆고려대의료원, 존스홉킨스·텍사스 메디컬센터와 잇단 협력 고려대학교의료원(의무부총장 겸... 대구가톨릭대학교의료원 의과대학 해부학교실(지도교수 허미선)의 학생 주도 연구가 국제학술대회 발표와...",2026-09-22 19:40,https://medicalworldnews.co.kr/news/view.php?idx=1510977405,https://medicalworldnews.co.kr/news/view.php?idx=1510977405
고려대학교,GGILBO,"[주식마감] '퀄컴 NPU서 로봇 AI 최적화' 노타 상한가... 셀리드, 더블유...",휴니버스글로벌은 지난 2017년 고려대학교의료원 산하 정밀의료사업단에서 출범한 기업으로 고려대학교의료기술지주가 지분 37%를 보유하고 있다. 한편 셀리드는 항암면역치료백신과 감염병 예방백신을 개발하는...,2026-09-22 19:40,https://www.ggilbo.com/news/articleView.html?idxno=1183438,https://www.ggilbo.com/news/articleView.html?idxno=1183438
연세대학교,중앙일보,『나는 죽을 때까지 재미있게 살고 싶다』 이근후 교수 91세 별세,"76세에 고려사이버대학교 문화학과를 최고령 졸업하기도 했다. 최근 오른쪽 눈도 잘 보이지 않게 됐지만... 빈소는 연세대 신촌장례식장 특1호실이다. 입관은 23일 오전 10시, 발인은 24일 오전 6시, 장지는...",2026-09-22 19:17,https://www.joongang.co.kr/article/25464170,https://n.news.naver.com/mnews/article/025/0003553256?sid=103
연세대학교,이데일리,"""대통령 의중 견제 시스템 필요…복수 검증·국가인재위 신설해야""",임도빈 서울대 행정대학원 교수는 청와대 밖에 별도의 국가인재위원회를 설치하는 방안을 제안했다. 임... 이종수 연세대 행정학과 교수는 현행 시스템과 절차 자체보다 실제 운용이 중요하다고 지적했다. 이 교수는...,2026-09-22 19:13,https://www.edaily.co.kr/News/Read?newsId=05064326645582744&mediaCodeNo=257&utm_source=naver&utm_medium=referral&utm_campaign=news_syndication&utm_content=original_article,https://n.news.naver.com/mnews/article/018/0006374581?sid=100
고려대학교,머니투데이,"튜링, 대학생 맞춤 AI 'GPAI' 신기능 출시…자료정리부터 발표까지","이를 통해 서울대, 고려대, 성균관대 등 국내 25개 이상 대학 학생들은 자료를 따로 내려받을 필요 없이 앱에서 바로 활용할 수 있도록 할 방침이다. 신지은·김지윤 튜링 공동대표는 ""전공과 상관없이 모든 대학생에게...",2026-09-22 19:00,https://www.mt.co.kr/future/2026/09/22/2026092208501118750,https://n.news.naver.com/mnews/article/008/0005417548?sid=101
연세대학교,점프볼,"'2쿼터 10점' 게임체인저로 나선 연세대 장혁준 ""리바운드 가담과 속공...","연세대는 22일 연세대 신촌캠퍼스 체육관에서 열린 2026 KUSF 대학농구 U-리그 상명대와의 맞대결에서 99-58로 승리했다. 연세대는 7명의 선수가 두 자릿수 득점을 기록하는 등 고른 활약을 펼친 가운데, 장혁준도 존재감을...",2026-09-22 18:57,https://m.sports.naver.com/basketball/article/065/0000301857,https://m.sports.naver.com/basketball/article/065/0000301857
연세대학교,이뉴스투데이,"서울교통공사, 대학·민간 손잡고 공공데이터 활용 넓힌다","대학 및 민간 전문기관과 손잡고 공공데이터를 활용한 사회·도시문제 해결과 새로운 서비스 발굴에 나선다. 서울교통공사는 ""지난 14일 공사 4층 대회의실에서 경기대학교, 동국대학교, 세종대학교, 연세대학교 및...",2026-09-22 18:55,http://www.enewstoday.co.kr/news/articleView.html?idxno=2473692,http://www.enewstoday.co.kr/news/articleView.html?idxno=2473692
고려대학교,세계일보,검찰총장 대행에 이정현… 법무부 “공소청 출범 준비” [검찰청 폐지],이 신임 차장은 전남 나주에서 태어나 고려대를 졸업하고 사법시험을 통과한 뒤 1998년 서울지검 북부지청(현 서울북부지검) 검사로 임관했다. 광주지검 부장검사였던 2018년에는 전두환 전 대통령을 5·18 민주화운동 관련...,2026-09-22 18:55,https://www.segye.com/newsView/20260922516200?OutUrl=naver,https://n.news.naver.com/mnews/article/022/0004161145?sid=102
연세대학교,EBS,[입시의 정석] 합격 가르는 수시 면접…준비 전략은?,"윤상형 교사 / 서울 영동고등학교 제시문 기반면접을 실시하는 대학은 주로 상위권 대학입니다. 서울대 일반전형, 연세대 활동우수형, 국제형 등, 고려대 계열적합형, 성균관대 과학인재전형, 한양대 공과대학의 면접형...",2026-09-22 18:54,http://news.ebs.co.kr/ebsnews/allView/60771788/N,http://news.ebs.co.kr/ebsnews/allView/60771788/N
고려대학교,EBS,[입시의 정석] 합격 가르는 수시 면접…준비 전략은?,"서울대 일반전형, 연세대 활동우수형, 국제형 등, 고려대 계열적합형, 성균관대 과학인재전형, 한양대 공과대학의 면접형 등이 제시문 기반면접을 실시합니다. 제시문 기반 면접은 일정 준비 시간 동안 주어진 제시문과...",2026-09-22 18:54,http://news.ebs.co.kr/ebsnews/allView/60771788/N,http://news.ebs.co.kr/ebsnews/allView/60771788/N
연세대학교,MHNSE,"'옥장판 악연' 옥주현·김호영, 같은 날 다른 행보→각자 전해진 '공연'...","그는 오는 11월 29일 연세대학교 대극장에서 진행되는 토크 콘서트 'HOLIDAY : 나, 그리고 사람' 포스터를 공개하며 ""우리 11월 29일에 연세대학교 대극장에서 만나자""라는 문구를 덧붙였다. 김호영에 따르면 해당 공연은...",2026-09-22 18:52,https://mhnse.com/news/articleView.html?idxno=1557574,https://m.entertain.naver.com/article/445/0000468038
고려대학교,메디칼타임즈,"고대구로 '새암병원' 기공식, 미래형 플랫폼 구축 목표","학교법인 고려중앙학원 김재호 이사장, 고려대학교 김동원 총장, 윤을식 의무부총장 겸 의료원장, 편성범 의과대학장, 한승범 안암병원장, 민병욱 구로병원장, 서동훈 안산병원장, 전임 의무부총장 및 구로병원장...",2026-09-22 18:50,https://www.medicaltimes.com/Main/News/NewsView.html?ID=1170852&ref=naverpc,https://www.medicaltimes.com/Main/News/NewsView.html?ID=1170852&ref=naverpc
연세대학교,점프볼,'기록보다는 팀 승리' 이채형의 시선은 이미 정기전을 향해 있었다,"연세대학교가 18일 홈경기에서 상명대학교를 99-58로 대파했다. 41점차 대승 속에 눈에 띈 이름은 바로 이채형이었다. 10득점 8리바운드 10어시스트, 트리플더블에 단 두 개 모자란 기록을 남겼지만, 정작 본인은 경기가 끝날...",2026-09-22 18:41,https://m.sports.naver.com/basketball/article/065/0000301856,https://m.sports.naver.com/basketball/article/065/0000301856
연세대학교,ECONOVILL,"재정경제부 자문단, 딥엑스 현장 방문…""피지컬 AI·온디바이스 시장 커...","박영선 위원장을 비롯해 김성수 연세대 공과대학 특임교수(부위원장), 김정호 KAIST 전기및전자공학부 교수(반도체 분과위원장), 차정훈 전 ㈜카이스트홀딩스 대표이사(총괄간사·반도체 분과위원), 김녹원 딥엑스 대표...",2026-09-22 18:34,https://www.econovill.com/news/articleView.html?idxno=751609,https://www.econovill.com/news/articleView.html?idxno=751609
고려대학교,점프볼,"'4연승' 조동현 감독이 밝힌 연세대 상승세의 비결 ""훈련량, 그리고 이채...",조동현 감독이 이끄는 연세대는 22일 연세대 신촌캠퍼스 체육관에서 열린 2026 KUSF 대학농구 U-리그... 1학기에 고려대에 2번 다 패배했다. 달라진 모습으로 후반기를 준비했기 때문에 정기전에서는 다를 것이다. 정기전을...,2026-09-22 18:32,https://m.sports.naver.com/basketball/article/065/0000301855,https://m.sports.naver.com/basketball/article/065/0000301855
고려대학교,마이데일리,"고려대 구로병원, ‘새암병원’ 첫삽…중증·난치암 치료 허브로 도약","이날 기공식에는 김재호 학교법인 고려중앙학원 이사장, 김동원 고려대학교 총장, 윤을식 의무부총장 겸 의료원장, 민병욱 구로병원장과 유관 기관 관계자 등 200여명이 참석했다. 새암병원은 연면적 약 3만458㎡, 지하 9층...",2026-09-22 18:32,https://www.mydaily.co.kr/page/view/2026092218315062116,https://n.news.naver.com/mnews/article/117/0004108196?sid=102
연세대학교,점프볼,"'4연승' 조동현 감독이 밝힌 연세대 상승세의 비결 ""훈련량, 그리고 이채...",조동현 감독이 이끄는 연세대는 22일 연세대 신촌캠퍼스 체육관에서 열린 2026 KUSF 대학농구 U-리그 상명대와의 맞대결에서 99-58로 승리했다. 연세대는 이날 승리로 4연승과 함께 2학기 전승 행진을 달렸다. 경기 후 조동현...,2026-09-22 18:32,https://m.sports.naver.com/basketball/article/065/0000301855,https://m.sports.naver.com/basketball/article/065/0000301855
연세대학교,TV리포트,"'데뷔 35년 차' 유재석, 사상 첫 녹화 펑크 속 걱정 봇물→지켜온 철학...",1991년 KBS 대학개그제로 데뷔한 이래 유재석이 건강상의 이유로 방송 당일 예정된 녹화를 취소하거나 구멍을... 유재석은 지난 2024년 2월 방송된 tvN '유 퀴즈 온 더 블럭'에서 연세대학교 심리학과 이동귀 교수와 '미루기...,2026-09-22 18:31,https://www.tvreport.co.kr/star/article/1077618/,https://m.entertain.naver.com/article/213/0001402117
고려대학교,스포티비뉴스,"""'믿듣탁' 진가 입증했다""…영탁, '꺾어'로 지상파 음악방송 접수 '화려...","영탁은 오는 10월 3일부터 5일까지 사흘간 서울 화정동 고려대학교 화정체육관에서 단독 콘서트 ‘탁쇼5’를 벌인다. 전국투어의 포문을 열게 될 이번 ‘탁쇼5’ 서울 공연을 시작으로 10월 24~25일 전주, 11월 28~29일 대구...",2026-09-22 18:30,https://www.spotvnews.co.kr/news/articleView.html?idxno=1009042,https://m.entertain.naver.com/article/477/0000629453
고려대학교,GGILBO,"영탁, '꺾어'로 지상파 3사 접수... 전국투어로 열기 잇는다","한편 영탁은 오는 10월 3~5일 서울 고려대학교 화정체육관에서 단독 콘서트 'TAK SHOW5'를 열고 전국투어에 돌입한다. 이후 전주(10월 24~25일), 대구(11월 28~29일), 인천(12월 19~20일), 부산(내년 1월 16~17일)으로 무대를...",2026-09-22 18:30,https://www.ggilbo.com/news/articleView.html?idxno=1183444,https://www.ggilbo.com/news/articleView.html?idxno=1183444
연세대학교,매일경제,“미·일 금리 더 간다…포트폴리오 재구성할 때” [딥 머니 토크],"백 이코노미스트는 연세대 화학공학과를 졸업하고 회계사 자격증을 취득한 뒤 현재는 환율 분석가로 일하고 있다. 다음은 일문일답. -단도직입적으로 물으면, 외환시장의 움직임은 예측이 가능한가. 지금까지 시장을...",2026-09-22 18:28,https://www.mk.co.kr/article/12159721,https://n.news.naver.com/mnews/article/009/0005739223?sid=101
고려대학교,메디파나뉴스,"고대구로병원, '미래형 암 치료 플랫폼' 새암병원 기공식 개최","이날 행사에는 학교법인 고려중앙학원 김재호 이사장, 고려대학교 김동원 총장, 윤을식 의무부총장 겸... 조성해 대학과 의료원이 사회에 더 크게 기여하는 기반이 되길 바란다""고 강조했다. 윤을식 의무부총장 겸...",2026-09-22 18:28,https://www.medipana.com/news/articleView.html?idxno=418158,https://www.medipana.com/news/articleView.html?idxno=418158
연세대학교,파이낸셜뉴스,"5% 족쇄 풀린 등록임대 ""시세대로""… 전세 수억씩 뛸 판 [부동산 아토즈...","고준석 연세대 교수는 ""부정적인 여론도 적지 않지만 임대사업자의 대표 순기능이 전월세 가격 안정에 크게 기여하고 있는 것""이라며 ""이 같은 순기능은 계약갱신청구권보다 더 강력하다""고 말했다. 이어 ""특히...",2026-09-22 18:27,https://www.fnnews.com/news/202609221825297948,https://n.news.naver.com/mnews/article/014/0005579864?sid=101
연세대학교,SBS Biz,"고기는 이마트, 과일은 롯데마트…막판 반값 할인전",[김정식 / 연세대 경제학부 명예교수 : 한정된 물량에 대해서는 조금 가격이 낮아질 수 있지만 전반적으로 소비자가 체감하는 물가가 낮아진다 보기에는 어려울 것 같습니다. 에너지 가격이나 환율이 내려가야 생산...,2026-09-22 18:26,https://biz.sbs.co.kr/article_hub/20000336333?division=NAVER,https://n.news.naver.com/mnews/article/374/0000534461?sid=101
연세대학교,GGILBO,"조슈아 레드먼, 12년 만에 한국 온다… 이번엔 '쿼텟'",공연 기획사 플러스히치에 따르면 조슈아 레드먼은 오는 10월 23일 오후 7시 30분 서울 연세대학교... 레드먼은 미국 하버드대학교를 졸업하고 예일대학교 로스쿨 진학을 앞두고 있던 지난 1991년 텔로니어스 멍크 국제...,2026-09-22 18:26,https://www.ggilbo.com/news/articleView.html?idxno=1182544,https://www.ggilbo.com/news/articleView.html?idxno=1182544
고려대학교,서울경제,李 북핵 중단→축소→폐기 구상...“핵보유 인정 우려”,북한이 체제 유지를 위한 억지력 확보를 넘어 핵무기를 확산시키는 상황까지 고려해야 한다는 의미다.... 이규정 고려대 평화와민주주의연구소 연구교수는 “핵동결 이후 감축과 폐기로 이어지는 과정에서 검증과 상응...,2026-09-22 18:25,https://www.sedaily.com/article/20094199?ref=naver,https://n.news.naver.com/mnews/article/011/0004664691?sid=100
고려대학교,서울신문,‘AI 책임론’으로 번진 속도조절론…베선트 美 장관·오픈AI·나라별 엇...,이성엽 고려대 기술경영전문대학원 교수는 “미국의 빅테크들이 안전 기준을 높게 설정할 경우 국내 기업들은 그 기준을 맞추기 위해 개발이 더뎌지는 ‘사다리 걷어차기’ 효과가 발생할 수 있다”고 지적했다. 국제...,2026-09-22 18:18,https://www.seoul.co.kr/news/economy/industry/2026/09/22/20260922500286?wlog_tag3=naver,https://n.news.naver.com/mnews/article/081/0003682832?sid=101
고려대학교,강원도민일보,"김태하 전 도경제협력관, '로펌 전문위원'으로 활동 재개","김 전 협력관은 서울 출신으로 경문고와 고려대 언론대학원 석사과정을 수료하고 대통령비서실 뉴미디어정책비서관실 과장, 한국인터넷신문협회 전문위원 등을 역임했다. 특히 김진태 전 지사가 제20·21대 국회의원으로...",2026-09-22 18:18,https://www.kado.net/news/articleView.html?idxno=2074510,https://n.news.naver.com/mnews/article/654/0000202133?sid=100
고려대학교,NAMDONEWS,신임 대검 차장에 나주 출신 이정현…검찰총장 직무대행,이 신임 차장은 나주 출신으로 고려대를 졸업한 뒤 1998년 서울지검 북부지청(현 서울북부지검)에서 검사 생활을 시작했다. 광주지검 형사3부장이던 2018년 전두환 전 대통령을 5·18 민주화운동 희생자에 대한...,2026-09-22 18:16,https://www.namdonews.com/news/articleView.html?idxno=924303,https://www.namdonews.com/news/articleView.html?idxno=924303
연세대학교,점프볼,"'7명 두 자릿수 득점' 연세대, 상명대 꺾고 4연승 질주...2학기 전승 행...","연세대는 22일 연세대 신촌캠퍼스 체육관에서 열린 2026 KUSF 대학농구 U-리그 상명대와의 맞대결에서 99-58로 승리했다. 4연승을 질주한 연세대는 12승(7패)을 기록, 5위를 유지했다. 연세대는 홍상민(19점 5리바운드)이...",2026-09-22 18:15,https://m.sports.naver.com/basketball/article/065/0000301852,https://m.sports.naver.com/basketball/article/065/0000301852
고려대학교,메디파나뉴스,"고려대의료원, 美 존스홉킨스·TMC 연속 초청…파트너링 진행",고려대의료원은 이달 미국 '존스홉킨스 테크놀로지 벤처스(JHTV)' 및 '텍사스 메디컬 센터(TMC)'의 주요... 지난 4일 고려대 메디사이언스파크에서 개최된 '2026 Korea-JHTV Bio Partnering Day'에서는 존스홉킨스대와 한국 기업...,2026-09-22 18:10,https://www.medipana.com/news/articleView.html?idxno=418156,https://www.medipana.com/news/articleView.html?idxno=418156
연세대학교,더팩트,"행안부, '사회적 가치 확산·제도화' 정책 포럼","이후 진행된 토론에서는 서울과학기술대학교 남궁근 교수가 좌장을 맡았으며 연세대학교 최영준 교수, 이희숙 변호사, 한국사회가치연대기금 장지연 사무총장, 전국 사회연대경제 지방정부협의회 김영식 사무국장...",2026-09-22 18:08,https://news.tf.co.kr/read/life/2369134.htm,https://n.news.naver.com/mnews/article/629/0000536386?sid=102
고려대학교,PPSS,"고려대 안암병원, O형 환자에 A형 수혈 사망 ""심정지 CPR 상태서 있었던...","고려대학교 안암병원이 잘못된 수혈을 받은 뒤 사망한 환자에 대한 입장을 밝혔다. 고려대 안암병원 측은 22일 PPSS와 전화통화에서 오수혈 환자 사망 사건에 대해 ""심정지로 인해 응급실로 급하게 CPR을 하면서 오신...",2026-09-22 18:06,https://www.ppss.kr/news/articleView.html?idxno=312175,https://www.ppss.kr/news/articleView.html?idxno=312175
고려대학교,DAILYSECU,"한국정보보호학회 해양사이버보안연구회, '능동적 사이버보안 워크숍 2...","한국정보보호학회 해양사이버보안연구회와 서울과학기술대학교 4단계 BK21 능동적 사이버보안... 이어 고려대학교 임종인 명예교수가 'AX, Agentic AI Economy & Cybersecurity'를 주제로 초청강연을 진행한다....",2026-09-22 18:04,https://www.dailysecu.com/news/articleView.html?idxno=208577,https://www.dailysecu.com/news/articleView.html?idxno=208577
연세대학교,루키,"'19점 5리바운드' 연세대 홍상민 ""수비는 내 자신감과 자존감""",연세대학교는 22일 연세대학교 신촌캠퍼스에서 열린 2026 KUSF 대학농구 U-리그 상명대학교와의 경기에서 99-58로 이겼다. 연세대는 이날 승리로 12승 7패를 기록하며 5위를 지켰다. 연세대 센터 홍상민은 이날 16분 49초 동안...,2026-09-22 18:03,http://www.rookie.co.kr/news/articleView.html?idxno=127163,https://m.sports.naver.com/basketball/article/398/0000102856
고려대학교,서울경제,"[단독] 구글, 엔비디아 GPU 독점 구도에 도전…빅테크 AI 인프라 격전지...",최신 제품인 TPU v8의 전력 소모 대 학습 성능은 전작 대비 약 3배 높아졌으며 추론 성능은 약 1.8배 높다.... 최병호 고려대 AI연구소 교수는 “피지컬 AI 시대까지 대비해야 하는 만큼 연산 자원은 많을수록 좋다”...,2026-09-22 18:01,https://www.sedaily.com/article/20094163?ref=naver,https://n.news.naver.com/mnews/article/011/0004664665?sid=105
고려대학교,텐아시아,"웬디, DJ석 비우고도…추석 부모님께 소개하고 싶은 女 가수 1위 [TEN차트...",앨범 발매에 앞서 서울 고려대학교 화정체육관에서 열린 팬 콘서트 'A Day in Red & Velvet'도 추가 공연까지 전석 매진됐다. 웬디는 2024년 8월부터 SBS 파워FM '웬디의 영스트리트' DJ로 청취자들과 만나고 있다. 지난 21일과...,2026-09-22 18:00,https://www.tenasia.co.kr/article/2026092202924,https://m.entertain.naver.com/article/312/0000777190
고려대학교,뉴시스,"대검차장 임명 이정현 수원고검장 ""더 나은 미래위해 힘 다하겠다""","한편 전남 나주 출신인 이 고검장은 나주 영산포상업고등학교와 고려대 학교 법학과를 졸업한 뒤 서울지방검찰청 북부지청 검사를 시작으로 대검찰청 감찰2과장, 서울중앙지방검찰청 제1차장, 대검찰청 공공수사부장...",2026-09-22 18:00,https://www.newsis.com/view/NISX20260922_0003800942,https://n.news.naver.com/mnews/article/003/0014208889?sid=102
고려대학교,HYUNBULNEWS,"청와대 직원들, 연화사서 청년들에 따뜻한 '밥심' 나눔","김보영 학생(22·고려대 식품자원경제학과)도 ""어른들이 청년들에게 꾸준히 관심을 가져주고 있다는 생각에... 연화사 주지 묘장 스님도 ""추석을 앞두고 청와대 자원봉사단이 대학생들을 위해 직접 봉사에 나서줘 감사하다...",2026-09-22 18:00,https://www.hyunbulnews.com/news/articleView.html?idxno=505445,https://www.hyunbulnews.com/news/articleView.html?idxno=505445
고려대학교,디지털데일리,미디어 빅뱅 속 낡은 방송 소유규제 손본다…28일 전문가 토론 개최,"이어 홍원식 동덕여자대학교 교수를 좌장으로 김용희 선문대학교 교수, 박석철 컬쳐미디어랩 전문위원, 이기훈 방송미디어통신위원회 지상파방송정책과장, 이남표 용인대학교 객원교수, 이헌율 고려대학교 교수가 토론에...",2026-09-22 17:57,https://www.ddaily.co.kr/page/view/2026092217414164104,https://n.news.naver.com/mnews/article/138/0002242460?sid=105
고려대학교,교수신문,세대·교육·AI…일상의 질문을 사회학으로 다시 보다,"김수한 고려대 교수는 'AI 시대의 일과 조직'을 통해 인공지능이 일하는 방식과 조직의 모습을 어떻게 바꿀 수 있는지 살펴봤고, 전준 카이스트 교수는 '인공지능은 미래를 예측하는가?'를 주제로 AI의 예측 가능성과...",2026-09-22 17:56,https://www.kyosu.net/news/articleView.html?idxno=210683,https://www.kyosu.net/news/articleView.html?idxno=210683
연세대학교,중앙일보,"연세대·옥스퍼드대 엑서터 칼리지, 학술교류협정 갱신",연세대학교가 영국 옥스퍼드대학교 엑서터 칼리지(Exeter College)와 학술교류협정을 갱신했다. 이에 따라... 양측은 연세대 국제하계대학(YISS)을 통한 옥스퍼드대 학생들의 연세대 방문 등 양방향 학생 교류 확대...,2026-09-22 17:55,https://www.joongang.co.kr/article/25464158,https://n.news.naver.com/mnews/article/025/0003553245?sid=102
연세대학교,메디칼트리뷴,연세의대 구성욱 교수 대한척추신경외과학회장,"연세대의대 신경외과학교실 구성욱 교수가 제40차 대한척추신경외과학회 정기학술대회에서 신임 회장으로 취임했으며, 임기는 1년이다. 구 신임 회장은 회원 중심의 학술 발전, 차세대 연구자 양성, 그리고 국민이 신뢰할...",2026-09-22 17:54,http://www.medical-tribune.co.kr/news/articleView.html?idxno=215255,http://www.medical-tribune.co.kr/news/articleView.html?idxno=215255
연세대학교,바스켓코리아,"[대학리그] 3쿼터 폭발한 연세대, 상명대 추격 뿌치리며 승리 ... 성균관...",연세대는 22일 연세대학교 체육관에서 열린 2026 KUSF 대학농구 U-리그 남대부 정규리그 경기에서 상명대에 99-58로 승리했다. 이날 경기 승리로 후반기 전승을 이어갔다. 연세대는 이채형의 3점슛으로 본격적으로 경기...,2026-09-22 17:54,https://basketkorea.com/news/newsview.php?ncode=1065603006275766,https://m.sports.naver.com/basketball/article/351/0000088319
고려대학교,바스켓코리아,"[대학리그] 3쿼터 폭발한 연세대, 상명대 추격 뿌치리며 승리 ... 성균관...",연세대는 22일 연세대학교 체육관에서 열린 2026 KUSF 대학농구 U-리그 남대부 정규리그 경기에서 상명대에 99... 이날 경기 승리로 2위 고려대와 격차를 줄이는 데 성공했다. 사진 제공 = 한국대학농구연맹(KUBF),2026-09-22 17:54,https://basketkorea.com/news/newsview.php?ncode=1065603006275766,https://m.sports.naver.com/basketball/article/351/0000088319
연세대학교,루키,"제공권 우위 앞세운 연세대, 상명대에 41점차 대승",연세대학교는 22일 연세대학교 신촌캠퍼스에서 열린 2026 KUSF 대학농구 U-리그 상명대학교와의 경기에서 99-58로 이겼다. 연세대는 이날 승리로 12승 7패를 기록하며 5위를 지켰다. 상명대는 3승 16패가 됐다. 순위는...,2026-09-22 17:53,http://www.rookie.co.kr/news/articleView.html?idxno=127161,https://m.sports.naver.com/basketball/article/398/0000102854
고려대학교,이데일리,“자발적 李 공소취소할 듯”…이정현 총장대행 임명에 檢 내부 반발,한편 이 차장은 전남 나주 출신으로 영산포상고와 고려대 법학과를 졸업했다. 제37회 사법시험에 합격한 뒤 1998년 서울지검 북부지청에서 검사 생활을 시작했다. 대검 감찰2과장과 서울중앙지검 여성아동범죄조사부장...,2026-09-22 17:53,https://www.edaily.co.kr/News/Read?newsId=04674006645582744&mediaCodeNo=257&utm_source=naver&utm_medium=referral&utm_campaign=news_syndication&utm_content=original_article,https://n.news.naver.com/mnews/article/018/0006374537?sid=102
연세대학교,포인트데일리,"건보공단-연세대 원주의과대학, 보건의료 인재양성 업무협약",국민건강보험공단은 22일 공단 본부에서 연세대학교 원주의과대학(학장 김장영)과 보건의료 인재양성을 위한 업무협약을 체결했다. 사진=국민건강보험공단  국민건강보험공단과 연세대학교 원주의과대학이 보건의료 인재...,2026-09-22 17:52,https://www.pointdaily.co.kr/news/articleView.html?idxno=320287,https://www.pointdaily.co.kr/news/articleView.html?idxno=320287
고려대학교,보건뉴스,"고대구로병원-강릉의료원, 지역의료 발전 업무협약 체결","고려대학교 구로병원(병원장 민병욱)은 지난 18일 고려대학교 구로병원에서 강릉의료원과 지역의료 발전을 위한 업무협약(MOU)을 체결했다. 이날 협약식에는 고려대학교 구로병원 민병욱 병원장, 조금준 연구부원장, 최안나...",2026-09-22 17:50,http://www.bokuennews.com/news/article.html?no=284655,http://www.bokuennews.com/news/article.html?no=284655
고려대학교,이데일리,"셀리드, 휴니버스글로벌에 경영권 넘긴다…100억원 유증","최대주주는 지분 37%를 보유한 고려대학교의료기술지주이며 이상헌 대표가 회사를 이끌고 있다. 지난해 휴니버스글로벌의 매출액은 34억원, 당기순손실은 30억원이었다. 지난해 말 기준 자산총계는 89억원, 부채총계는...",2026-09-22 17:45,https://www.edaily.co.kr/News/Read?newsId=04641206645582744&mediaCodeNo=257&utm_source=naver&utm_medium=referral&utm_campaign=news_syndication&utm_content=original_article,https://n.news.naver.com/mnews/article/018/0006374531?sid=101
연세대학교,스포티비뉴스,"한국 브리지 U-26 국가대표, 하이난 아시아선수권 출격…대학 브리지 성...","동국대와 원주한라대에서 시작된 대학 브리지의 기반이 서울대, 고려대, 연세대, 중앙대 등 여러 대학으로 확산하면서 국내 대학 스포츠의 새로운 영역으로 자리 잡아가고 있다. 협회는 U-26 아시아선수권과 FISU...",2026-09-22 17:44,https://www.spotvnews.co.kr/news/articleView.html?idxno=1009024,https://m.sports.naver.com/general/article/477/0000629444
고려대학교,보건뉴스,"고대의료원, 국내 바이오·의료기술 美 진출 지원 확대",고려대의료원은 한국특허전략개발원 IP-TLO 얼라이언스의 글로벌 마케팅 분과장이자 한국보건산업진흥원 H+TLO 네트워크의 주도기관으로서 국내 대학·병원·연구기관 간 기술사업화 협력을 이끌고 있다....,2026-09-22 17:44,http://www.bokuennews.com/news/article.html?no=284652,http://www.bokuennews.com/news/article.html?no=284652
고려대학교,스포티비뉴스,"한국 브리지 U-26 국가대표, 하이난 아시아선수권 출격…대학 브리지 성...","동국대와 원주한라대에서 시작된 대학 브리지의 기반이 서울대, 고려대, 연세대, 중앙대 등 여러 대학으로 확산하면서 국내 대학 스포츠의 새로운 영역으로 자리 잡아가고 있다. 협회는 U-26 아시아선수권과 FISU...",2026-09-22 17:44,https://www.spotvnews.co.kr/news/articleView.html?idxno=1009024,https://m.sports.naver.com/general/article/477/0000629444
연세대학교,매일경제,세제개편안이 불안 키워 78%… 공급대책 실효성에 의문 70%,"▶설문에 참여해 주신 분들(가나다순) 강은현 법무법인 명도 경매연구소장, 고준석 연세대 교수, 구명완 엠디엠플러스 대표, 권대중 한성대 일반대학원 석좌교수, 권영선 신한은행 팀장, 김규정 한국투자증권...",2026-09-22 17:43,https://www.mk.co.kr/article/12159635,https://n.news.naver.com/mnews/article/009/0005739162?sid=101
연세대학교,매일경제,"""집 사려면 올해 안에 … 한강벨트 유망, 청약보다 기존주택""","▶설문에 참여해 주신 분들(가나다순) 강은현 법무법인 명도 경매연구소장, 고준석 연세대 교수, 구명완 엠디엠플러스 대표, 권대중 한성대 일반대학원 석좌교수, 권영선 신한은행 팀장, 김규정 한국투자증권...",2026-09-22 17:43,https://www.mk.co.kr/article/12159636,https://n.news.naver.com/mnews/article/009/0005739163?sid=101
고려대학교,JNDN,"""명당보다 중요한 생활 속 풍수 지혜, 건강·행운 부른다""",성균관대학교 경영학과를 졸업한 고 회장은 고려대학교 생명환경과학대학원 환경생태공학과에서 조경학 석사학위를 취득하고 같은 대학원 환경생태공학과 환경설계 및 조경학 박사과정을 수료했다. 대통령정책실...,2026-09-22 17:42,http://www.jndn.com/article.php?aid=1790066329440128018,http://www.jndn.com/article.php?aid=1790066329440128018
고려대학교,한국대학신문,"성북구·관내 7개 대학, '대학도시 성북' 비전 선포… 상생협력 MOU","(사진=서경대)  서울 성북구가 21일 구청에서 관내 7개 대학과 함께 '대학도시 성북' 비전 선포식을 열고, 지역과 대학이 상생하는 협력체계를 구축하는 업무협약(MOU)을 체결했다. 서경대학교(총장 김범준)를 비롯해 고려대...",2026-09-22 17:40,https://news.unn.net/news/articleView.html?idxno=597889,https://news.unn.net/news/articleView.html?idxno=597889
연세대학교,강원도민일보,"원주 지역대학 ""공동 창업 공간·출입국사무소 설치"" 요구","원주시는 22일 시청에서 강원대 원주캠퍼스, 경동대, 상지대, 연세대 미래캠퍼스, 한라대, 한국폴리텍대학 원주캠퍼스 등 6개 대학 총장·부총장이 참석한 가운데 대학발전협의회 간담회를 열고 대학 현안과 지역 상생...",2026-09-22 17:39,https://www.kado.net/news/articleView.html?idxno=2074497,https://n.news.naver.com/mnews/article/654/0000202123?sid=102
고려대학교,NEWS2DAY,"[명동백작들의 영화 이야 ㊱] 볼수록 흥미로운 박인환의 시대, 찬란하고...",고려대학교 사학과 학사 / 前 연합뉴스 기자 / 前 YTN 기자 / 前    영화 전문 기자 및 편집장 / 前 부산국제영화제 집행위원 / 前 제천국제음악영화제 집행위원장 / 前 부산 동의대학교 영화과...,2026-09-22 17:38,https://www.news2day.co.kr/article/20260922500267,https://www.news2day.co.kr/article/20260922500267
고려대학교,뉴스티앤티,"고려대, 한국어·영어 검색 모델 'KURE-v2' 공개",고려대학교는 컴퓨터학과 임희석 교수가 이끄는 NLP&AI 연구실과 Human Inspired AI 연구원(HIAI 연구원)이... 실제 서비스 환경을 고려한 효율성도 높였다. 검색 정확도를 유지하면서 데이터 저장에 필요한 용량을...,2026-09-22 17:38,https://www.newstnt.com/news/articleView.html?idxno=719757,https://www.newstnt.com/news/articleView.html?idxno=719757
고려대학교,조선일보,"[병원계 이모저모] 인하대병원, 호흡기·소아 분야 국내 TOP5 外","■ 고려대 구로병원-강릉의료원, 지역의료 협력 고려대 구로병원과 강릉의료원이 지역의료 발전을 위한 업무협약을 체결했다. 양 기관은 환자 의뢰·회송 및 전원 등 진료 연계를 비롯해 중증·전문진료가 필요한 지역...",2026-09-22 17:38,https://health.chosun.com/site/data/html_dir/2026/09/22/2026092203131.html,https://n.news.naver.com/mnews/article/346/0000116395?sid=103
고려대학교,뉴스티앤티,"고려대 경영대학, QS 글로벌 MBA 평가 국내 1위","유승원 고려대 경영대학장은 ""Global MBA와 경영자 대상 MBA를 비롯해 대학원 과정 전반에서 경쟁력을 인정받았다""며 ""120년간 축적한 교육 인프라와 글로벌 네트워크를 기반으로 AI 시대 산업 현장이 요구하는...",2026-09-22 17:36,https://www.newstnt.com/news/articleView.html?idxno=719753,https://www.newstnt.com/news/articleView.html?idxno=719753
고려대학교,TVDAILY,"QWER, '청량 맛집'의 귀환…극한의 벅참 '소년만화' [가요공감]",한편 QWER은 지난 12일부터 13일까지 서울 고려대학교 화정체육관에서 두 번째 투어 '록케이션 : 로켓 런치!!(QWER 2nd TOUR 'ROCKATION : ROCKET LAUNCH!!')'의 시작을 알렸다. QWER은 오는 10월 10일과 11일 타이베이를 시작으로 10월...,2026-09-22 17:35,http://www.tvdaily.co.kr/read.php3?aid=17900658521803234010,https://m.entertain.naver.com/article/440/0000046417
고려대학교,INCHEONIN,"살아 있는 매체, 틸란드시아 - 낯선 식물에서 시작된 질문","단국대학교 서양화과 졸업, 고려대학교 교육대학원 졸업, 단국대학교에서 미술학 박사학위를 받았다. 인천아트플랫폼, 아트센터 예술의 시간, 소마미술관, 금호미술관 등에서 개인전을 개최했으며, 국내외 주요 기획전에...",2026-09-22 17:30,http://www.incheonin.com/news/articleView.html?idxno=121009,http://www.incheonin.com/news/articleView.html?idxno=121009
고려대학교,교수신문,"""K-문화 세계화하려면 전문성 키워야""…79개 학술단체, 교육부 3개 연구...","송혁기 고려대 한문학과 교수는 ""정부가 진정으로 한국학 발전과 K-문화의 세계화를 도모한다면, 각 기관의 전문성을 강화하는 지원책을 마련해야 한다""며 ""통합 계획이 철회될 때까지 집단 대응을 이어갈 것""이라고...",2026-09-22 17:28,https://www.kyosu.net/news/articleView.html?idxno=210680,https://www.kyosu.net/news/articleView.html?idxno=210680
연세대학교,로이슈,"건보공단·연세대 원주의대, 보건의료 인재양성 협약",국민건강보험공단은 22일 공단 본부에서 연세대학교 원주의과대학과 보건의료 인재양성을 위한 업무협약을 체결했다고 밝혔다. 이번 협약은 양 기관이 보유한 자원을 연계해 의과대학생의 건강보험 제도에 대한 이해를...,2026-09-22 17:28,http://www.lawissue.co.kr/view.php?ud=202609221727229601f4ab64559d_12,http://www.lawissue.co.kr/view.php?ud=202609221727229601f4ab64559d_12
연세대학교,베리타스알파,[2027의대잣대] 뉴스위크 세계 특화 병원 13개 분야 순위.. 서울아산 6개...,연세대 대학병원인 세브란스병원은 정형외과에서 세계 6위를 기록했다. 이어 신경외과(15위) 산부인과(49위)까지 더해 3개 분야 국내 톱을 지켰다. 세브란스병원은 2005년 국내 최초로 로봇수술을 도입한 이래 2013년...,2026-09-22 17:22,https://www.veritas-a.com/news/articleView.html?idxno=629287,https://www.veritas-a.com/news/articleView.html?idxno=629287
고려대학교,베리타스알파,[2027의대잣대] 뉴스위크 세계 특화 병원 13개 분야 순위.. 서울아산 6개...,"법적으로 대학병원은 아니지만 울산대와 교육 협력 관계를 맺고 있다. 병원 부지 내 울산대 의대가 있어... 이어 강남세브란스병원과 분당서울대병원 각 9개, 고려대안암병원 6개, 아주대병원과 고려대구로병원 각 5개...",2026-09-22 17:22,https://www.veritas-a.com/news/articleView.html?idxno=629287,https://www.veritas-a.com/news/articleView.html?idxno=629287
고려대학교,NEWSCLAIM,[현대차 인사 전망]② 지성원은 그룹 브랜드까지… 새 임원들 올해 말 ...,"김광평 부사장은 1969년생으로 고려대 출신이다. 현대건설을 거쳤고 현대제철 재경본부장에서... 김명식 상무는 1973년생·경북대 석사로 봉형강제품개발실장, 김세진 상무는 1974년생·고려대 출신으로 인천...",2026-09-22 17:18,https://www.newsclaim.co.kr/news/articleView.html?idxno=3076262,https://www.newsclaim.co.kr/news/articleView.html?idxno=3076262
연세대학교,NEWSCLAIM,[현대차 인사 전망]② 지성원은 그룹 브랜드까지… 새 임원들 올해 말 ...,"김성민 전무는 1972년생으로 연세대 석사 출신이다. 산업강재영업사업부장에서 영업본부장으로 올라섰다.... 이인기는 1967년생·서울대 건축학 학사로 건축주택사업본부장, 이상배는 1968년생·연세대 기계공학 학사로...",2026-09-22 17:18,https://www.newsclaim.co.kr/news/articleView.html?idxno=3076262,https://www.newsclaim.co.kr/news/articleView.html?idxno=3076262
고려대학교,POLINEWS,"법무부, 신임 대검찰청 차장에 이정현 수원고검장…검찰총장 직무대행...",영산포상업고와 고려대 법학과를 졸업했다. 1995년 제37회 사법시험에 합격하고 사법연수원 27기를 수료한 뒤... ▲1968년생 ▲전남 나주 ▲나주 영산포상업고·고려대 법학과 ▲사법시험 37회·사법연수원 27기 ▲서울지검...,2026-09-22 17:14,https://www.polinews.co.kr/news/articleView.html?idxno=743873,https://www.polinews.co.kr/news/articleView.html?idxno=743873
고려대학교,이뉴스투데이,"생산성본부 ""인구 감소도 경영 데이터""···기업 미래전략 해법 제시",이날 강연자로 나선 조영태 서울대학교 보건대학원 교수는 저출산·고령화와 인구 감소를 단순한 위기로... 조 교수는 고려대학교 사회학과를 졸업하고 미국 텍사스대학교 오스틴캠퍼스에서 사회학 석사와 인구학...,2026-09-22 17:10,http://www.enewstoday.co.kr/news/articleView.html?idxno=2473541,http://www.enewstoday.co.kr/news/articleView.html?idxno=2473541
연세대학교,팍스경제TV,"연세의대 구성욱 교수, 대한척추신경외과학회 회장 취임...""올바른 척추...","▲구성욱 교수, 대한척추신경외과학회 회장 취임 연세대학교 의과대학 신경외과학교실 구성욱 교수가 제40차 대한척추신경외과학회 정기학술대회에서 대한척추신경외과학회 회장에 취임했습니다. 구성욱 신임 회장은...",2026-09-22 17:10,http://www.paxetv.com/news/articleView.html?idxno=282584,http://www.paxetv.com/news/articleView.html?idxno=282584
연세대학교,쿠키뉴스,당뇨 치료 6개월 새 강화됐다면…췌장암 위험 신호 가능성,"세브란스병원 소화기내과 정문재 교수와 내분비내과 이민영 교수, 연세대 의대 예방의학교실 장성인 교수, 연구지원부 유민희 연구원은 신규 발생 당뇨병의 초기 중증도와 단기간 진행 양상에 따른 췌장암 발생...",2026-09-22 17:08,https://www.kukinews.com/article/view/kuk202609220103,https://www.kukinews.com/article/view/kuk202609220103
고려대학교,동아일보,"메타 ‘뮤즈’, 챗봇 넘어 AI 개인비서로 진화…챗GPT 제치고 앱스토어...",최병호 고려대 휴먼인스파이어드 AI 연구원 연구교수는 “일상의 복잡한 일을 대신해줄 ‘AI 비서’에 대한 잠재적인 수요가 기술 발전에 따라 본격적으로 드러나고 있다”며 “다만 AI 에이전트는 개인화된 정보를...,2026-09-22 17:07,https://www.donga.com/news/Economy/article/all/20260922/134717928/1,https://n.news.naver.com/mnews/article/020/0003750116?sid=101
고려대학교,스포츠월드,"고대의료원, 존스홉킨스·TMC와 국내 바이오기업 미국 진출 지원",고대의료원은 지난 4일과 17일 서울 성북구 고려대 메디사이언스파크에서 각각 ‘2026 코리아-JHTV 바이오... 김학준 고려대 의학연구처장은 “연구 성과가 의료현장에서 활용되고 사업화로 이어지려면 기술개발 초기부터...,2026-09-22 17:06,https://www.sportsworldi.com/newsView/20260922516349,https://n.news.naver.com/mnews/article/396/0000756026?sid=103
고려대학교,전자신문,[창간기획]안형준 국가데이터처장 “AI 경쟁력은 데이터…'한국형 DB' 만...,"○안형준 국가데이터처장은… 고려대 경제학과를 졸업하고 행정고시 40회로 공직에 입문해 통계청 경제통계국장, 통계데이터허브국장, 통계정책국장, 통계청 차장 등 주요 보직을 거치며 경제통계와 데이터 정책...",2026-09-22 17:01,https://www.etnews.com/20260909000335,https://n.news.naver.com/mnews/article/030/0003469522?sid=100
연세대학교,뉴스핌,"정부 정책에 '사회적 가치' 제도화 추진…행안부, 사회적 가치 확산·제...","이어진 토론에서는 남궁근 서울과학기술대학교 교수가 좌장을 맡고 최영준 연세대학교 교수, 이희숙 변호사, 장지연 한국사회가치연대기금 사무총장, 김영식 전국 사회연대경제 지방정부협의회 사무국장, 이병철 행안부...",2026-09-22 17:00,https://www.newspim.com/news/view/20260922000393,https://www.newspim.com/news/view/20260922000393
연세대학교,뉴스1,"윤호중 ""사회적가치기본법 제정 힘쓸 것""…공공정책에 사회적 가치 반영","이어 남궁근 서울과학기술대 교수를 좌장으로 최영준 연세대 교수, 이희숙 변호사, 장지연 한국사회가치연대기금 사무총장, 김영식 전국 사회연대경제 지방정부협의회 사무국장, 이병철 행안부 참여혁신국장 등이 제도화...",2026-09-22 17:00,https://www.news1.kr/local/moi/6298315,https://n.news.naver.com/mnews/article/421/0009187067?sid=102
고려대학교,TAXTIMES,[프로필]국세청 과장급 전보자(1명),이규성 서울지방국세청 조사3국 조사3과장 ▷1982년 ▷경기 양평 ▷대일외고 ▷고려대 ▷행시54회 ▷서울청 조사2국 ▷국세청 국제조세관리관 상호합의담당관실 ▷통영세무서장 ▷국세공무원교육원...,2026-09-22 16:58,https://www.taxtimes.co.kr/news/article.html?no=277007,https://www.taxtimes.co.kr/news/article.html?no=277007
고려대학교,이데일리,이정현 임명에 구자현 檢총장 대행 퇴임식…비공개 진행,이 차장은 전남 나주 출신으로 영산포상고와 고려대 법학과를 졸업했다. 제37회 사법시험에 합격한 뒤 1998년 서울지검 북부지청에서 검사 생활을 시작했다. 대검 감찰2과장과 서울중앙지검 여성아동범죄조사부장...,2026-09-22 16:58,https://www.edaily.co.kr/News/Read?newsId=04457526645582744&mediaCodeNo=257&utm_source=naver&utm_medium=referral&utm_campaign=news_syndication&utm_content=original_article,https://n.news.naver.com/mnews/article/018/0006374498?sid=102
고려대학교,파이낸셜포스트,"윤승주 고대 안암병원 교수, 캄보디아 의료인력 교육 기여...왕립훈장 수...","윤승주 고려대학교 안암병원 마취통증의학과 교수가 캄보디아 암 의료체계 구축과 현지 의료인력 양성에 기여한 공로로 왕립 모니사라폰 훈장(Royal Order of Monisaraphon)을 받았다. 22일 고려대 안암병원에 따르면, 왕립...",2026-09-22 16:56,https://www.financialpost.co.kr/news/articleView.html?idxno=277120,https://www.financialpost.co.kr/news/articleView.html?idxno=277120
고려대학교,INTN,[프로필] 이규성 서울지방국세청 조사3국 조사3과장,"이 과장은 1982년 서울 출신으로 고려대학교를 졸업하고 행정고시 54회로 공직에 입문, 국세청과 인연을 맺었다. 서대구세무서 운영지원과장, 남양주세무서 재산세1과장, 국세청 징세5팀장, 서울청 조사2국 조사관리과...",2026-09-22 16:54,http://www.intn.co.kr/news/articleView.html?idxno=2053599,http://www.intn.co.kr/news/articleView.html?idxno=2053599
고려대학교,연합뉴스,"""덜 치명적·더 쏴야할 수도""…경찰 도입추진 '저위험 권총' 효과는","김남렬 고려대 구로병원 응급중환자외상외과 교수는 ""서혜부 인근 혈관은 피부에서 2㎝ 정도 깊이에 있어 탄환이 5㎝ 들어가면 혈관이 손상될 수 있다""며 ""저위험권총이니 안전하다고 생각해 피격자를 괜찮을 것이라고...",2026-09-22 16:54,https://www.yna.co.kr/view/AKR20260922163600004?input=1195m,https://n.news.naver.com/mnews/article/001/0016330453?sid=102
고려대학교,DOCTORSNEWS,'2026 CMAAO 서울총회'가 한국 의료에 남긴 과제,"안덕선 대한의사협회 의료정책연구원장(고려대 의대 명예교수) 아시아·오세아니아의사회 연맹(Confederation of Medical Associations in Asia and Oceania, CMAAO) 총회가 9월 2∼4일까지 2박 3일간 서울에서 성료됐다. CMAAO는...",2026-09-22 16:52,http://www.doctorsnews.co.kr/news/articleView.html?idxno=166413,http://www.doctorsnews.co.kr/news/articleView.html?idxno=166413
고려대학교,KSILBO,"울산과학대학교 여자축구부 U-20 여자 월드컵 12년 만의 8강 견인,, 대표...","울산과학대학교 소속으로, 단일 대학 가운데 가장 많았다. 한국은 C조에서 프랑스와 1대1로 비기고 가나에... 대학교는 준결승에서 강원도립대학교를 승부차기 끝에 4대2로 꺾고 결승에 올랐다. 결승 상대인 고려대학...",2026-09-22 16:52,https://www.ksilbo.co.kr/news/articleView.html?idxno=1068050,https://www.ksilbo.co.kr/news/articleView.html?idxno=1068050
고려대학교,뉴스1,"""대북송금 수사, 잘못"" 이정현 대검 차장에…""공소취소 포석"" 술렁",이 고검장은 전남 나주 출신으로 고려대 법학과를 졸업하고 제37회 사법시험에 합격한 뒤 검사로 임관했다. 광주지검 부장검사였던 2018년 전두환 전 대통령을 5·18 민주화운동 관련 사자명예훼손 혐의로 불구속 기소했다....,2026-09-22 16:45,https://www.news1.kr/society/court-prosecution/6299280,https://n.news.naver.com/mnews/article/421/0009187015?sid=102
연세대학교,팍스경제TV,"세브란스병원, '당뇨병' 초기 중증도·단기간 진행 양상 따라 췌장암 위...","연세대 세브란스병원 소화기내과 정문재 교수와 내분비내과 이민영 교수, 의대 예방의학교실 장성인 교수, 연구지원부 유민희 연구원은 신규 발생 당뇨병의 초기 중증도와 단기간의 진행 양상이 췌장암 발생 위험과...",2026-09-22 16:44,http://www.paxetv.com/news/articleView.html?idxno=282581,http://www.paxetv.com/news/articleView.html?idxno=282581
고려대학교,아시아경제,민간발전사는 죽음의 코스?…'한국발전' 출범에 전력시장 요동,"주성관 고려대학교 전기전자공학부 교수는 ""2025년 한국전력 전력 구입량을 기준으로 발전 5사의 통합... 전우영 서울과학기술대학교 에너지정책학과 교수는 ""발전 공기업의 통합은 전체 발전량의 30~40%를 감당하는 거대...",2026-09-22 16:44,https://view.asiae.co.kr/article/2026092216444162480,https://n.news.naver.com/mnews/article/277/0005820085?sid=101
고려대학교,조선일보,"튜링 GPAI, 대학생 대상 AI 기능 3종 추가…문제생성·자료관리·PPT 제작...","현재 서울대학교와 고려대학교, 성균관대학교 등을 포함해 국내 25개 이상 대학에서 사용하는 강의 포털을 지원하고 있으며, 지원 범위를 확대할 계획이다. 신지은·김지윤 튜링 공동대표는 “강의자료 정리부터 시험...",2026-09-22 16:40,https://edu.chosun.com/site/data/html_dir/2026/09/22/2026092280174.html,https://edu.chosun.com/site/data/html_dir/2026/09/22/2026092280174.html
연세대학교,베리타스알파,"[단독][2027정시] 39개 의대 984명 모집 '7명 감소'.. 역대 최대 N수생, 개...","때문에 지원 단계서부터 면접에 자신 없는 수험생은 합격 불확실성이 존재하는 비율 반영 대학 대신, 결격 여부 판단 대학으로 몰리는 경향이 있다. 가톨릭대 아주대 연세대 한림대는 면접점수를 총점에 반영한다....",2026-09-22 16:38,https://www.veritas-a.com/news/articleView.html?idxno=629284,https://www.veritas-a.com/news/articleView.html?idxno=629284
고려대학교,베리타스알파,"[단독][2027정시] 39개 의대 984명 모집 '7명 감소'.. 역대 최대 N수생, 개...",반영하는 대학이 늘어나고 있다. 올해 학생부를 반영하는 의대는 서울대 고려대 부산대 연세대 중앙대... 같은 모집군 대학에는 복수지원할 수 없지만 대학별고사 준비와 이동계획을 고려해 일정을 확인할 필요가...,2026-09-22 16:38,https://www.veritas-a.com/news/articleView.html?idxno=629284,https://www.veritas-a.com/news/articleView.html?idxno=629284
연세대학교,팜뉴스,"한미약품, ESC 2026서 '아모잘탄' 성분 코호트 연구 공개","연구 책임자인 배성아 연세대학교 용인세브란스병원 심장내과 교수는 ""고혈압 환자의 상당수에서 고요산혈증이 동반되는 만큼 혈압 치료 시 요산 수치 관리가 병행돼야 한다""라며 ""로사르탄과 암로디핀...",2026-09-22 16:34,https://www.pharmnews.com/news/articleView.html?idxno=306487,https://www.pharmnews.com/news/articleView.html?idxno=306487
연세대학교,파이낸셜뉴스,"연대생, 내년부터 매년 15명 옥스퍼드대서 여름 수업 듣는다",오는 2027년부터 연세대학교 재학생 매년 최대 15명이 영국 옥스퍼드대학교 엑서터 칼리지(Exeter College) 하계... 2010년 이후 지금까지 옥스퍼드대 학생 약 25명이 연세대의 국제하계대학(YISS) 및 국제동계대학(WAY)에...,2026-09-22 16:34,https://www.fnnews.com/news/202609221632442475,https://n.news.naver.com/mnews/article/014/0005579811?sid=102
고려대학교,주간한국,"고려대 경영대학, QS 글로벌 MBA 국내 1위…ROI 세계 9위",사진=고려대  고려대 경영대학이 글로벌 대학평가기관 QS(Quacquarelli Symonds)가 발표한 '2027 QS 글로벌 MBA 평가'에서 전 세계 424개 프로그램 가운데 75위(아시아 11위)로 국내 1위를 차지했다고 22일 밝혔다....,2026-09-22 16:34,https://weekly.hankooki.com/news/articleView.html?idxno=7185660,https://weekly.hankooki.com/news/articleView.html?idxno=7185660
고려대학교,TODAYENERGY,5개 발전공기업 통합 우려 목소리 나와,"이날 세미나에서 김윤경 이화여대 교수가 '일본의 도소매 전력시장 개방', 주성관 고려대 교수가 '국내... 먼저 조홍종 단국대학교 교수는 ""발전사 통합은 경제성을 뒷전으로 하고 재생에너지 확대를 위해 발전공기업을...",2026-09-22 16:30,https://www.todayenergy.kr/news/articleView.html?idxno=303425,https://www.todayenergy.kr/news/articleView.html?idxno=303425
연세대학교,SRTIMES,"위고비·마운자로 사용 후 실명?…의료계 ""인과관계 불분명""","미국서 NAION 발생 환자, 제조사 상대 소송…관련 연구 결과 엇갈려 차봉수 연세의대 내분비내과 교수... 차봉수 연세대 의과대학 내분비내과 교수는 ""GLP-1계열 비만치료제와 NAION 간 직접적인 인과관계가 있다고 보기는...",2026-09-22 16:30,http://www.srtimes.kr/news/articleView.html?idxno=213123,http://www.srtimes.kr/news/articleView.html?idxno=213123
연세대학교,FNTODAY,병원도 'AI 도입' 넘어 '업무 전환' 시대로…반복 업무 줄이고 환자경험...,"연세대학교에서 보건학 석사, 한양대학교에서 경영학 박사 학위를 받았으며 의료광고, 온라인 입소문, 환자경험, 병원 경영 분야를 연구해 왔다. 현재 호인을 운영하며 병원 경영컨설팅과 마케팅, 조직교육 및 대학...",2026-09-22 16:30,https://www.fntoday.co.kr/news/articleView.html?idxno=393706,https://www.fntoday.co.kr/news/articleView.html?idxno=393706
연세대학교,아주경제,[갈 곳 없는 세입자] 2000가구 단지에 전세 1건…이사 포기하는 세입자...,고준석 연세대 상남경영원 교수는 “실거주 요건과 토지거래허가구역 지정 등 영향으로 전월세로 공급될 수 있는 매물 자체가 줄어들고 있다”며 “등록임대사업자의 임대기간 종료도 전세 물량 감소에 영향을 미치고...,2026-09-22 16:24,https://www.ajunews.com/view/20260922152755480,https://www.ajunews.com/view/20260922152755480
연세대학교,파이낸셜뉴스,"숭실대 동아리 '두루', 수도권 대학 창업 워크숍서 우수상","숭실대학교 학생 창업동아리 '두루(DURU)'가 수도권 주요 대학이 참가한 창업 경진대회에서 디자인권에... 아주대, 연세대, 이화여대 등 수도권 14개 대학에서 총 27개 창업동아리가 참여했다. 행사 기간 참가자들은 창업...",2026-09-22 16:24,https://www.fnnews.com/news/202609221622405677,https://n.news.naver.com/mnews/article/014/0005579803?sid=102
연세대학교,메디파나뉴스,"한미약품 '아모잘탄' 성분 병용요법, 통풍 위험 감소 연관성 확인","배성아 연세대학교 용인세브란스병원 심장내과 교수는 ""이번 연구에서 로사르탄·암로디핀 병용요법은 주요 심혈관 사건 위험을 유의하게 낮추는 동시에 비교된 ARB·암로디핀 병용요법 가운데 유일하게 복용 중단군...",2026-09-22 16:20,https://www.medipana.com/news/articleView.html?idxno=418143,https://www.medipana.com/news/articleView.html?idxno=418143
연세대학교,CNB뉴스,"기업은행, 군인·군무원 ·군인 가족 위한 'IBK 패밀리콘' 성료","연세대학교 대학원 신학 석사 및 박사 학위를 받았다. 주로 부모 교육과 가족, 중년과 노년의 삶에 대해 강의하면서 소통 전문가로 활동하고 있다. 현재 숭실사이버대학교 특임교수로 일하고 있고 한국노인상담센터...",2026-09-22 16:20,https://www.cnbnews.com/news/articleView.html?idxno=1016955,https://www.cnbnews.com/news/articleView.html?idxno=1016955
연세대학교,메디칼타임즈,"한미 아모잘탄, 고혈압 치료 넘어 통풍 위험도 낮춘다","주요 심혈관 사건(MACE) 위험은 로사르탄을 포함한 모든 ARB 병용군에서 낮아졌다.연세대학교... 연구 책임자인 연세대 용인세브란스병원 심장내과 배성아 교수는 ""최근 현대인의 식생활 변화 등으로 요산 관리의...",2026-09-22 16:20,https://www.medicaltimes.com/Main/News/NewsView.html?ID=1170845&ref=naverpc,https://www.medicaltimes.com/Main/News/NewsView.html?ID=1170845&ref=naverpc
고려대학교,KYONGBUK,청송 인재양성원 17년…교육 때문에 떠나는 가구 줄인다,"수도권 대학 29명, 대구·경북권 38명, 기타 지역 대학 20명이다. 2026학년도에는 고려대와 경희대, 경북대, 부산대 등을 포함해 16명의 합격자를 배출했다. 하지만 인재양성원의 역할을 대학 합격자 수만으로 평가하기는...",2026-09-22 16:16,https://www.kyongbuk.co.kr/news/articleView.html?idxno=4085154,https://www.kyongbuk.co.kr/news/articleView.html?idxno=4085154
고려대학교,EPNC,"튜링, 대학생 AI 앱 'GPAI' 기능 확대…문제생성·AI 드라이브·PPT 추가","튜링에 따르면 현재 서울대학교와 고려대학교, 성균관대학교 등을 포함해 국내 25개 이상 대학에서 사용하는 강의 포털을 지원하고 있으며 지원 범위를 계속해서 넓힐 계획이다. 신지은·김지윤 튜링 공동대표는 ""이번...",2026-09-22 16:16,https://www.epnc.co.kr/news/articleView.html?idxno=407305,https://www.epnc.co.kr/news/articleView.html?idxno=407305
고려대학교,전북일보,[기고] ‘환경 피지컬 AI’는 전북이 가야 할 길,"그러함에도 정동영 국회의원의 노력으로 ‘피지컬 AI 거점’ 지정(2025.8.)과 1조 원 예산 확보, 예타 면제의 성과로 전북대를 중심으로 네이버, 리벨리온, SK텔레콤, 카이스트, 고려대가 협업한 궤도 위에 전북과 현대차의...",2026-09-22 16:14,https://www.jjan.kr/article/20260915500596,https://www.jjan.kr/article/20260915500596
연세대학교,강원도민일보,"""아픈 아이 돌보는 부모 힘냈으면""...추석 연휴 25개 병원 응급실 운영","국군춘천병원, 인성병원, 강원대병원, 한림대춘천성심병원, 성지병원, 연세대원주세브란스기독병원, 원주의료원, 강릉아산병원, 강릉의료원, 근로복지공단동해병원, 동해동인병원, 근로복지공단태백병원, 온재병원...",2026-09-22 16:14,https://www.kado.net/news/articleView.html?idxno=2074428,https://n.news.naver.com/mnews/article/654/0000202081?sid=102
고려대학교,ELECTIMES,"발전 5社 합쳐 33% 공룡?…""경쟁 소멸, 독점 회귀할 판""","주성관 고려대 교수는 ""단순히 시장점유율이 많다고 해서 시장지배력을 행사한다고 말할 수 없다""며 특정 시간과 지역에서 통합 발전사를 대체할 사업자가 있는지를 따져야 한다고 말했다. 시장지배력 여부는 점유율...",2026-09-22 16:14,https://www.electimes.com/news/articleView.html?idxno=372749,https://www.electimes.com/news/articleView.html?idxno=372749
연세대학교,서울경제,"“‘연세대 치대생’ 본분 망각하고 반바지 입어, 부끄럽다”…반성문...","연세대학교 치과대학에서 반바지를 입고 등교했다는 이유로 학생들이 손글씨 반성문을 작성하고, 이 반성문이 강의실에 게시된 사실이 알려져 논란이 일고 있다. 반바지 입었다고 “큰 결격사유” 21일 연합뉴스...",2026-09-22 16:13,https://www.sedaily.com/article/20094070?ref=naver,https://n.news.naver.com/mnews/article/011/0004664590?sid=102
고려대학교,TV리포트,"개구기 착용한 '스펀지' 실험맨, 영탁이었다…""무명시절 장민호와 함께...","지상파 음악방송 무대를 성공적으로 마친 영탁은 오는 10월 3일부터 5일까지 서울 고려대학교 화정체육관에서 단독 콘서트 'TAK SHOW5'를 개최하며 전주, 대구, 인천, 부산으로 이어지는 전국투어로 팬들과 반가운 만남을...",2026-09-22 16:13,https://www.tvreport.co.kr/entertainment/article/1077541/,https://m.entertain.naver.com/article/213/0001402087
고려대학교,연합뉴스,해법 못찾는 대법관 제청 갈등…내년 6월 조희대 퇴임까지 이어지나,"차진아 고려대 로스쿨 교수는 ""대법원장이 제청한 후보에 대해 어떤 문제를 제기하면서 '부적법하니 다시 제청해달라'는 것이면 모르겠지만 왜 손 후보자 임명을 거부하는지 아무런 근거가 없지 않으냐""며 ""의문이 들...",2026-09-22 16:12,https://www.yna.co.kr/view/AKR20260922151500004?input=1195m,https://n.news.naver.com/mnews/article/001/0016330275?sid=102
연세대학교,DOCTORSTIMES,[병원계 소식] 9월 22일,"■국제성모병원-한전 서인천지사, 추석 맞아 의료취약계층 지원 가톨릭관동대학교 국제성모병원(의료원장... 정문재 연세대 세브란스병원(원장 이강영) 소화기내과 교수와 이민영 내분비내과 교수, 장성인 의대...",2026-09-22 16:10,http://www.doctorstimes.com/news/articleView.html?idxno=240121,http://www.doctorstimes.com/news/articleView.html?idxno=240121
연세대학교,NEWSCJ,병뚜껑 1200개가 마라톤 메달로… 청년들이 바꾼 서울 캠퍼스,연세대 농땡이팀은 대학 축제에서 병 385개와 병뚜껑 288개를 별도로 수거했다. 모은 병뚜껑은 키링으로 다시 제작했다. 한양대 한가지팀은 교내에 의류 기부함을 운영하고 의류 나눔 행사를 진행했다. 축제에서 사용한...,2026-09-22 16:10,https://www.newscj.com/news/articleView.html?idxno=3434843,https://www.newscj.com/news/articleView.html?idxno=3434843
연세대학교,DOCTORSTIMES,[오늘의 인사 및 동정] 9월 22일,"연세대학교 의과대학을 졸업하고 동 대학원에서 의학석사와 의학박사 학위를 취득했다. 이후 연세의대... 단국대학교 조직재생공학연구소(ITERN, 원장 김해원)와 협업한 뒤 연구를 수행했다. 연구팀은 은-세리아...",2026-09-22 16:10,http://www.doctorstimes.com/news/articleView.html?idxno=240122,http://www.doctorstimes.com/news/articleView.html?idxno=240122
연세대학교,DAILYPHARM,"""아모잘탄 성분 병용군, 12만8천명 분석 통풍 위험 감소""",연구 책임자인 배성아 연세대학교 용인세브란스병원 심장내과 교수는 “고혈압 치료 과정에서 요산 수치를 주의 깊게 살펴볼 필요가 있다”며 “이번 연구에서 로사르탄·암로디핀 병용요법은 주요 심혈관 사건 위험...,2026-09-22 16:10,https://www.dailypharm.com/user/news/342793?REFERER=NP,https://www.dailypharm.com/user/news/342793?REFERER=NP
고려대학교,DOCTORSTIMES,[오늘의 인사 및 동정] 9월 22일,"장 교수는 연세대학교 의과대학을 졸업하고 동 대학원에서 의학석사와 의학박사 학위를 취득했다. 이후... ■윤승주 고려대 안암병원 교수, 캄보디아 왕립 모니사라폰 훈장 수훈 윤승주 고려대 안암병원...",2026-09-22 16:10,http://www.doctorstimes.com/news/articleView.html?idxno=240122,http://www.doctorstimes.com/news/articleView.html?idxno=240122
고려대학교,NEWSCJ,병뚜껑 1200개가 마라톤 메달로… 청년들이 바꾼 서울 캠퍼스,참여 대학은 건국대·고려대·동국대·서울대·서울여대·연세대·광운대·숙명여대·한양대·국민대·성신여대·세종대·서울과학기술대·이화여대 등이며 관악구 지역 청년팀도 참여했다. 이번 활동에서 눈에 띄는...,2026-09-22 16:10,https://www.newscj.com/news/articleView.html?idxno=3434843,https://www.newscj.com/news/articleView.html?idxno=3434843
고려대학교,DOCTORSTIMES,[병원계 소식] 9월 22일,"19일 고려대 구로병원을 시작으로 10월22일까지 전국 7개 주요 대학 및 종합병원에서 순차적으로 진행된다.... ■국제성모병원-한전 서인천지사, 추석 맞아 의료취약계층 지원 가톨릭관동대학교 국제성모병원(의료원장 겸...",2026-09-22 16:10,http://www.doctorstimes.com/news/articleView.html?idxno=240121,http://www.doctorstimes.com/news/articleView.html?idxno=240121
연세대학교,매일경제,잔뇨감에 야간뇨까지 … 중장년 배뇨 고민에 주목받는 특허 신소재,연세대 세브란스병원 비뇨의학과 연구팀은 전립선 비대로 배뇨 불편을 겪는 중장년 남성 84명을 대상으로 참당귀황기추출복합물과 위약을 12주 동안 섭취하도록 한 뒤 변화를 살펴봤다. 시험 결과...,2026-09-22 16:07,https://www.mk.co.kr/article/12159462,https://n.news.naver.com/mnews/article/009/0005739043?sid=103
고려대학교,전자신문,"김현호 서울성모병원 교수 “소아 채혈 부담 줄이는 AI, 3년 내 의료기기...",이번 연구 제1저자는 서울아산병원 마취통증의학과 박주현 전공의와 고려대 의대 조채은 학생이다. 김 교수는 “전공의와 학생에게 의사과학자로 갈 기회를 주고 싶었다”며 “초기값을 함께 상의하고 분석까지 직접...,2026-09-22 16:01,https://www.etnews.com/20260922000368,https://n.news.naver.com/mnews/article/030/0003469488?sid=105
고려대학교,TV조선,"고려대의료원, 존스홉킨스·TMC 손잡고 K-바이오 美 진출 돕는다",고려대학교의료원이 국내 바이오·의료기술의 미국 진출을 지원하기 위해 존스홉킨스 테크놀로지 벤처스(JHTV) 및 텍사스 메디컬 센터(TMC) 등 현지 의료혁신기관과 협력을 확대하고 있다. 고려대의료원은 지난 4일과...,2026-09-22 16:00,https://news.tvchosun.com/site/data/html_dir/2026/09/22/2026092290183.html,https://n.news.naver.com/mnews/article/448/0000640871?sid=102
고려대학교,한스경제,"고려대의료원, 美존스홉킨스·TMC와 글로벌 사업화 맞손",고려대의료원은 한국특허전략개발원 IP-TLO 얼라이언스의 글로벌 마케팅 분과장이자 한국보건산업진흥원 H+TLO 네트워크 주도기관으로 국내 대학·병원·연구기관 간 기술사업화 협력을 추진하고 있다. 이번...,2026-09-22 16:00,http://www.hansbiz.co.kr/news/articleView.html?idxno=867565,http://www.hansbiz.co.kr/news/articleView.html?idxno=867565
연세대학교,메디소비자뉴스,"""아모잘탄 병용요법, 심혈관보호에 통풍발생 위험도 낮춰""","연구 책임자인 배성아 연세대 용인세브란스병원 심장내과 교수는 ""고혈압 환자의 25% 이상에서 고요산혈증이 동반될 수 있다""며 ""로사르탄/암로디핀 병용요법은 심혈관 위험을 낮추는 동시에 요산 배설 촉진 기전을...",2026-09-22 15:56,http://www.medisobizanews.com/news/articleView.html?idxno=142519,http://www.medisobizanews.com/news/articleView.html?idxno=142519
고려대학교,TV조선,"검찰총장 직무대행에 이정현 임명…""차질 없는 공소청 출범 준비""",전남 나주 출신인 이 차장검사는 나주 영산포상업고등학교와 고려대 법학과를 졸업했다. 이 신임 차장은 광주지검 부장검사 시절인 2018년 전두환 전 대통령을 5·18 관련 사자명예훼손 혐의로 불구속 기소한 바 있다....,2026-09-22 15:54,https://news.tvchosun.com/site/data/html_dir/2026/09/22/2026092290172.html,https://n.news.naver.com/mnews/article/448/0000640860?sid=102
고려대학교,일간스포츠,"영탁, 정규 3집 ‘고고’ 음악방송 성공적 마무리… 0월 전국투어 포문","음악방송을 성공적으로 마친 영탁은 오는 10월 3일부터 5일까지 서울 고려대학교 화정체육관에서 단독 콘서트 ‘탁쇼5’를 개최하고 전주, 대구, 인천, 부산으로 이어지는 전국투어에 돌입한다.",2026-09-22 15:53,https://isplus.com/article/view/isp202609220174,https://m.entertain.naver.com/article/241/0003532069
연세대학교,뉴스1,"""호남 반도체 클러스터, 에너지 민주주의·균형발전 모델 돼야""",이호근 전 연세대 교수는 22일 광주테크노파크에서 열린 (사)에너지밸리포럼에서 '호남 반도체: 에너지... 지역 대학 연계 R&D 및 주거·교육·의료·문화 인프라 과감한 투자) △자생적 경쟁력 확보(보조금 의존 탈피 및...,2026-09-22 15:52,https://www.news1.kr/local/gwangju-jeonnam/6299167,https://n.news.naver.com/mnews/article/421/0009186796?sid=102
고려대학교,블로터,"[여의도 CEO 20년]⑳ 유진증권, 물러났다 돌아온 오너 유창수","1963년생으로 고려대 사회학과를 졸업하고 미국 노던일리노이대에서 경영학 석사를 마쳤다. 영양제과와 이순산업 대표, 유진기업 사장, 고려시멘트 부회장을 거쳤다. 경영 기반은 그룹 계열사가 보유한 지분이다....",2026-09-22 15:52,https://www.bloter.net/news/articleView.html?idxno=674239,https://n.news.naver.com/mnews/article/293/0000090811?sid=101
연세대학교,CCDAILYNEWS,"충주의료원-원주세브란스, '원격중환자실' 공식 운영","보건복지부가 공모한 이번 사업에 연세대학교 원주세브란스기독병원이 거점병원으로, 충주의료원과 원주의료원이 협력병원으로 참여한다. 충북도와 강원도가 함께 권역 간 공공의료 협력체계를 구축하게 된다. 특히...",2026-09-22 15:52,https://www.ccdailynews.com/news/articleView.html?idxno=2442668,https://www.ccdailynews.com/news/articleView.html?idxno=2442668
연세대학교,전자신문,이호근 연세대 교수 “호남 반도체 안정적 전력 공급 위해 CFE 믹스 완성...,이호근 연세대학교 교수를 초청해 '호남 반도체 : 에너지 민주주의를 넘어 지역균형발전의 모델로'를... 지역 대학 연계 연구개발(R&D) 및 주거·교육·의료·문화 인프라에 대한 과감한 투자 △자생적 경쟁력 확보...,2026-09-22 15:51,https://www.etnews.com/20260922000424,https://n.news.naver.com/mnews/article/030/0003469467?sid=102
고려대학교,마이데일리,"고려대의료원, 美 존스홉킨스·텍사스 메디컬 센터와 바이오 기술사업화...",고려대학교의료원은 국내 바이오·의료기술의 해외 진출을 지원하기 위해 미국 주요 의료혁신기관과의 협력을 확대하고 있다고 22일 밝혔다. 고려대의료원은 이달 미국 존스홉킨스 테크놀로지 벤처스(JHTV)와 텍사스...,2026-09-22 15:51,https://www.mydaily.co.kr/page/view/2026092215500101053,https://n.news.naver.com/mnews/article/117/0004108124?sid=102
고려대학교,SEOULECONEWS,대검 차장에 이정현 수원고검장…검찰총장 직무대행,"이 대검 차장은 전남 나주 출생으로 고려대 법학과를 졸업하고 1998년 검사 생활을 시작했다. 대검 감찰2과장, 법무부 감찰담당관, 서울서부지검 차장, 서울중앙지검 1차장, 대검 공공수사부장 등을 역임했다. 2020년...",2026-09-22 15:50,http://www.seouleconews.com/news/articleView.html?idxno=93924,http://www.seouleconews.com/news/articleView.html?idxno=93924
연세대학교,한국일보,빚이 빚을 불렀다… 다중채무 자영업자 연체율 12.7%로 치솟아,"김정식 연세대 경제학부 교수는 ""자영업자 대출은 가계대출과 중복돼 있는 경우가 많다""며 ""오프라인에서 온라인 구매로 시장 구조가 바뀌는 가운데 금리 상승까지 겹치면서 부담이 커지고 있다""고 말했다.",2026-09-22 15:48,https://www.hankookilbo.com/news/article/A2026092208410002186?did=NA,https://n.news.naver.com/mnews/article/469/0000955543?sid=101
연세대학교,M-JOONGANG,현장에서 찾아보는 '프롬프트 백과사전',"이동근 삼정KPMG 디지털본부장·AI센터장을 비롯해 최정혜 연세대 경영대 교수, 김여립 UNIST 경영과학부 교수 등 학계와 컨설팅 현장의 전문가들이 참여했다. AI 전략과 생성형 AI 도입, 소비자 행동과 디지털 마케팅...",2026-09-22 15:48,https://www.m-joongang.com/news/articleView.html?idxno=403090,https://www.m-joongang.com/news/articleView.html?idxno=403090
고려대학교,더팩트,유한양행 차기 대표 각축…신약 개발 적임자 찾기 장고,이에 따라 이번에도 매년 3월 정기 주주총회 일정을 고려해 이달 초 차기 대표 선임설이 제기됐다.... 2023년 유한양행에 합류한 김열홍 사장은 고려대 의대 교수 출신으로 R&D 전문가다. 후보 중 외부 출신으로 분류되고...,2026-09-22 15:47,https://news.tf.co.kr/read/economy/2368985.htm,https://n.news.naver.com/mnews/article/629/0000536296?sid=101
고려대학교,강원일보,[포토뉴스]강릉의료원·고려대 구로병원 업무협약,강릉의료원(원장:최안나)은 지난 18일 고려대 구로병원(병원장:민병욱)과 지역의료 발전을 위한 업무협약을 체결했다.,2026-09-22 15:45,https://www.kwnews.co.kr/article/20260922501359,https://n.news.naver.com/mnews/article/087/0001220013?sid=102
고려대학교,뉴시스,"울산과학대 여자축구부, FIFA U-20 여자 월드컵 8강 견인",울산과학대학교 여자축구부 선수들이 2026 FIFA U-20 여자 월드컵에서 한국 대표팀의 12년 만의 8강 진출에... 전국여자축구선수권대회 대학부에서 준우승을 차지했다. 결승에서 고려대에 0대2로 뒤진 상황에서 이하은의...,2026-09-22 15:40,https://www.newsis.com/view/NISX20260922_0003800589,https://n.news.naver.com/mnews/article/003/0014208404?sid=102
고려대학교,이데일리,"고려대 보건대학원, 헬스케어퓨처포럼 제5기 입학식 개최","입학식에는 안형진 고려대 보건대학원장을 비롯해 김영훈·김철중 헬스케어퓨처포럼 공동대표, 이민우 부대표 등 주요 관계자와 입학생 등 총 20여 명이 참석했다. 고려대학교 보건대학원 최고위과정 헬스케어퓨처포럼은...",2026-09-22 15:39,https://www.edaily.co.kr/News/Read?newsId=04139366645582744&mediaCodeNo=257&utm_source=naver&utm_medium=referral&utm_campaign=news_syndication&utm_content=original_article,https://n.news.naver.com/mnews/article/018/0006374435?sid=102
연세대학교,SAMDAILBO,제주대 박웅 교수 독창회 내달 2일 아라뮤즈홀,"박 교수는 서울예고와 연세대학교 성악과를 졸업한 후 오스트리아 모짜르테움 국립음악대학교에서 수학했다. 부산시립교향악단, 제주도립교향악단, 서울내셔널심포니오케스트라 등과 협연했고 오페라 '마적...",2026-09-22 15:36,http://www.samdailbo.com/news/articleView.html?idxno=270611,http://www.samdailbo.com/news/articleView.html?idxno=270611
고려대학교,JTBC,'방송 소유·겸영 규제' 개선 방안 논의…28일 토론회 개최,"이어 동덕여대 홍원식 교수를 좌장으로 선문대 김용희 교수, 컬쳐미디어랩 박석철 전문위원, 방송미디어통신위원회 지상파방송정책과 이기훈 과장, 용인대 이남표 객원교수, 고려대 이헌율 교수가 토론에 참여해...",2026-09-22 15:33,https://news.jtbc.co.kr/article/NB12319588?influxDiv=NAVER,https://n.news.naver.com/mnews/article/437/0000512332?sid=100
고려대학교,E-PLATFORM,"""재생에너지 급증으로 전력계통 혼란 가중…유연성 자원 가치 인정받아...","고려대학교 주성관 교수가 발제를 진행하고 있다. ""변동성이 강한 재생에너지의 급증으로 전력계통의... 단국대학교 조홍종 교수는 통합발전공기업이 재생에너지 투자에 집중하게 될 경우 이를 구매하는 한전의 부채...",2026-09-22 15:30,http://www.e-platform.net/news/articleView.html?idxno=105618,http://www.e-platform.net/news/articleView.html?idxno=105618
고려대학교,VENTURESQUARE,"튜링, 기출문제 넣으면 예상문제 만든다…GPAI 대학생 학업 전 과정으로...","튜링에 따르면 현재 서울대와 고려대, 성균관대를 비롯해 국내 25개 이상 대학에서 사용하는 강의 포털을 지원하며 적용 대학을 추가할 예정이다. 강의 포털에서 자료를 가져와 AI 드라이브에 정리하고 이를 시험 준비와...",2026-09-22 15:29,https://www.venturesquare.net/1115869/,https://www.venturesquare.net/1115869/
고려대학교,루키,"""아직 더 보여드릴 것이 많습니다"" 재활 막바지 단계 돌입한 동국대 김...","동국대학교가 21일 고려대 서울캠퍼스 화정체육관에서 열린 2026 KUSF 대학농구 U-리그 고려대학교와의 원정 경기에서 68-61로 승리했다. 이날 승리로 9승 9패, 5할 승률을 맞춘 동국대는 최소한 6위 자리를 확보했다. 이날...",2026-09-22 15:27,http://www.rookie.co.kr/news/articleView.html?idxno=127155,https://m.sports.naver.com/basketball/article/398/0000102849
고려대학교,베리타스알파,고려대 임희석 교수팀 한국어/영어 지원 검색모델 'KURE-v2' 공개.. '초경...,고려대 컴퓨터학과 임희석 교수가 이끄는 NLP&AI 연구실과 Human Inspired AI 연구원(HIAI 연구원)이 한국어와... NLP&AI 연구실과 HIAI 연구원은 2023년6월 국내 대학 최초로 한국어 특화 거대언어모델(LLM) '구름(KULLM)'을...,2026-09-22 15:26,https://www.veritas-a.com/news/articleView.html?idxno=629246,https://www.veritas-a.com/news/articleView.html?idxno=629246
연세대학교,IBABYNEWS,"선천성모반 제거 수술, 언제 하는 게 좋을까","*칼럼니스트 전영우는 신사 백점성형외과 원장으로, 연세대학교 의과대학을 졸업하고 연세대학교 세브란스병원 성형외과 전문의 및 의학박사 학위를 취득했다. 연세대학교 성형외과 임상조교수와 가천대학교 길병원...",2026-09-22 15:24,https://www.ibabynews.com/news/articleView.html?idxno=154738,https://www.ibabynews.com/news/articleView.html?idxno=154738
연세대학교,더벨,"[더벨][한국파파존스는 지금] 후발주자의 반전, 피자헛 넘어 '업계 2위'...",창업주 서창우 회장은 연세대 경영학과를 졸업하고 미국 마이애미대에서 경영학 석사 과정을 마친 뒤 부친 서병식 회장이 운영하던 벽지 제조사 동남갈포공업에서 경영 수업을 받았다. 1980년대 후반부터 전무와...,2026-09-22 15:22,https://www.thebell.co.kr/free/content/ArticleView.asp?key=202609171511380480106484,https://www.thebell.co.kr/free/content/ArticleView.asp?key=202609171511380480106484
연세대학교,서울경제TV,건보공단-연세원주의대 손잡았다…‘건강보험 빅데이터·의료인재’ 산...,국민건강보험공단과 연세대학교 원주의과대학이 건강보험 빅데이터와 의학 분야 교육·연구 역량을 결합해... 공단이 축적한 건강보험 데이터를 연세원주의대의 임상·연구 역량과 연계해 보건의료 분야 연구 기반을...,2026-09-22 15:18,https://www.sentv.co.kr/article/view/sentv202609220177,https://www.sentv.co.kr/article/view/sentv202609220177
고려대학교,포인트데일리,"고려대의료원, 존스홉킨스·텍사스 메디컬센터와 K- 바이오 미국 진출 ...","고려대의료원은 한국특허전략개발원 IP-TLO 얼라이언스의 글로벌 마케팅 분과장이자 한국보건산업진흥원 H+TLO 네트워크의 주도기관이다. 국내 대학·병원·연구기관 간 기술사업화 협력을 이끌어왔으며, 이번...",2026-09-22 15:18,https://www.pointdaily.co.kr/news/articleView.html?idxno=320253,https://www.pointdaily.co.kr/news/articleView.html?idxno=320253
연세대학교,M-JOONGANG,"""정치 외풍 심했던 드라마 '모래시계' 주 4회 내보내며 한 달여 만에 끝...","연세대 재학 시절 연극에 빠진 이후 평생을 드라마, 연극 연출과 기획에 몸담았던 그의 파란만장한... ""대학 2학년 때 친구 따라 대학 연극반에 갔다가 인생의 행로가 바뀌었다. 어려서부터 여성국극, 악극, 서커스...",2026-09-22 15:16,https://www.m-joongang.com/news/articleView.html?idxno=403088,https://www.m-joongang.com/news/articleView.html?idxno=403088
고려대학교,팝콘뉴스,"""몸집은 작게, 검색은 더 정확하게""…고려대 연구팀, 한국어 차세대 검...","고려대학교(총장 김동원)는 컴퓨터학과 임희석 교수가 이끄는 NLP&AI 연구실과 Human Inspired AI 연구원... 한편, NLP&AI 연구실과 HIAI 연구원은 2023년 6월 국내 대학 최초로 한국어 특화 거대언어모델(LLM) '구름...",2026-09-22 15:12,http://www.popcornnews.net/news/articleView.html?idxno=133892,http://www.popcornnews.net/news/articleView.html?idxno=133892
연세대학교,TJB,"""두꺼워도 리튬이온은 빠르게""…고용량 배터리 막던 장벽 낮췄다","연구에는 서울대학교와 연세대학교, Thermo Fisher Scientific Korea가 참여했습니다. ◆ 두꺼운 전극의 '리튬 교통체증' 해결 전극을 두껍게 만들면 같은 면적에 더 많은 활물질을 담을 수 있어 고에너지밀도 배터리 제작에...",2026-09-22 15:10,https://www.tjb.co.kr/news05/bodo/view/id/103948,https://www.tjb.co.kr/news05/bodo/view/id/103948
고려대학교,시사저널,李 출국하자 침묵 깬 조희대…'재제청 거부' 정면 충돌,"반면 차진아 고려대 법학전문대학원 교수는 대법원장 제청권은 대통령의 제왕적 권한을 견제하는 수단으로 발전해 왔다며, 아무런 결격 사유가 없는 후보자에 대해 재제청을 요구한 것은 헌법상 근거가 없다는 입장이다....",2026-09-22 15:10,https://www.sisajournal.com/news/articleView.html?idxno=388101,https://n.news.naver.com/mnews/article/586/0000138769?sid=102
고려대학교,루키,"의아했던 양종윤의 파울 아웃, 손에 꼽을 명승부에 남은 한 가지 의문점",21일 고려대 서울캠퍼스 화정체육관에서 열린 2026 KUSF 대학농구 U-리그 고려대학교와의 동국대학교의 경기가 펼쳐졌다. 이날 승부는 68-61로 동국대의 승리. 고려대가 시종일관 앞서나가며 승기를 잡는 듯 했지만 동국대는...,2026-09-22 15:10,http://www.rookie.co.kr/news/articleView.html?idxno=127154,https://m.sports.naver.com/basketball/article/398/0000102848
연세대학교,지디넷코리아,"대학 AI 기술, 기업 현장으로…4개 대학 45개 기술 공개","한국과학기술원(KAIST), 고려대, 포스텍, 연세대 등 4개 참여대학 41개 연구실이 지난 1년간 거둔 연구 성과 가운데 산업 현장에 적용할 수 있는 AI 기술 45건을 시연한다. 국가AI연구거점은 10월 6일 서울 서초 AICT에서...",2026-09-22 15:06,https://zdnet.co.kr/view/?no=20260922150542,https://n.news.naver.com/mnews/article/092/0002438479?sid=105
고려대학교,지디넷코리아,"대학 AI 기술, 기업 현장으로…4개 대학 45개 기술 공개","한국과학기술원(KAIST), 고려대, 포스텍, 연세대 등 4개 참여대학 41개 연구실이 지난 1년간 거둔 연구 성과 가운데 산업 현장에 적용할 수 있는 AI 기술 45건을 시연한다. 국가AI연구거점은 10월 6일 서울 서초 AICT에서...",2026-09-22 15:06,https://zdnet.co.kr/view/?no=20260922150542,https://n.news.naver.com/mnews/article/092/0002438479?sid=105
연세대학교,스타뉴스,'10번째에도 157㎞ 원석이 남았다' LG는 왜 즉시 전력보다 '천장'을 봤나...,"장충고 졸업 당시와 대학 2학년 얼리드래프트에서 두 차례 프로 지명을 받지 못했지만, 연세대에서 자신의 몸과 플레이를 완전히 바꿨다. 공격형 포수지만, 2루 팝 타임도 평균 1.9초에 수비 기본기도 나쁘지 않다. LG...",2026-09-22 15:03,https://www.starnewskorea.com/sports/2026/09/22/2026092212335846613,https://m.sports.naver.com/kbaseball/article/108/0003472572
고려대학교,동아일보,"전쟁·AI 패권 시대, 한반도 평화의 길은…고려대·반기문재단 심포지엄","이후 남성욱 숙명여자대학교 석좌교수, 임종인 전 대통령 사이버특보, 장상식 국제무역통상연구원장이 참여하는 토론이 이어진다. 이번 심포지엄은 고려대학교 통일선도대학사업단이 후원한다 두 기관은 매년 공동...",2026-09-22 15:01,https://www.donga.com/news/People/article/all/20260922/134719245/2,https://n.news.naver.com/mnews/article/020/0003750057?sid=102
연세대학교,동아일보,"전쟁·AI 패권 시대, 한반도 평화의 길은…고려대·반기문재단 심포지엄","권태경 연세대 정보대학원 교수와 김상배 서울대 교수가 AI 기술패권과 공급망 주권, 기술·규범·제도 변화에 따른 한국의 전략적 선택을 각각 발표한다. 이후 남성욱 숙명여자대학교 석좌교수, 임종인 전 대통령...",2026-09-22 15:01,https://www.donga.com/news/People/article/all/20260922/134719245/2,https://n.news.naver.com/mnews/article/020/0003750057?sid=102
고려대학교,스마트경제,"""MS·알리바바 대형 AI 꺾었다""… 고려대, 차세대 한국어 검색 AI 'KURE-v2...",고려대학교(총장 김동원)는 임희석 컴퓨터학과 교수가 이끄는 NLP&AI 연구실과 Human Inspired AI 연구원(HIAI... 고려대 연구팀이 선보인 KURE-v2는 기존 문서 전체를 단일 벡터로 압축해 비교하던 방식(KURE-v1)에서 탈피해...,2026-09-22 15:00,http://www.dailysmart.co.kr/news/articleView.html?idxno=130171,http://www.dailysmart.co.kr/news/articleView.html?idxno=130171
고려대학교,지디넷코리아,방송 소유·겸영 규제 손질 논의장 열린다,"함께 고려한 제도 개선 방향이 주요 논의 대상이다. 이종관 법무법인 세종 수석전문위원은 ‘새로운 미디어... 용인대학교 객원교수, 이헌율 고려대학교 교수가 참여한다. 이번 행사는 디지털산업정책연구소가 주최하고...",2026-09-22 14:54,https://zdnet.co.kr/view/?no=20260922145319,https://n.news.naver.com/mnews/article/092/0002438472?sid=105
연세대학교,매일경제,"혈당이 유독 안 잡힌다면? 약 안 듣는 당뇨, 췌장암 위험 20배 넘어","22일 세브란스병원에 따르면 정문재 소화기내과 교수와 이민영 내분비내과 교수, 장성인 연세대 의대 예방의학교실 교수, 유민희 연세대 의대 연구지원부 연구원은 새롭게 발생한 당뇨병의 초기 중증도와 단기간의 진행...",2026-09-22 14:52,https://www.mk.co.kr/article/12159336,https://n.news.naver.com/mnews/article/009/0005738957?sid=103
고려대학교,WIDEDAILY,"[특징주] 셀리드, 100억 규모 3자배정 유증 결정에 '上'…최대주주 변경...","출범한 기업으로, 고려대학교의료기술지주가 지분 37%를 보유하고 있다. 셀리드 측은 경영 목적 달성을 위해 투자자의 납입 능력과 가능 시기, 투자의향 등을 종합적으로 고려해 대상자를 선정했다고 밝혔다.",2026-09-22 14:46,https://www.widedaily.com/news/articleView.html?idxno=301403,https://www.widedaily.com/news/articleView.html?idxno=301403
연세대학교,보건뉴스,"순천향대부천병원 최윤영 교수, 대한위암학회 국제학술대회 '최우수 연...","이번 연구에는 순천향대 부천병원 윤진아·김희경·조인 교수, 서울대 치의학대학원 김기태 교수, 연세대학교 의과대학 신수진 교수가 함께 참여했다. 종양 조직 전체의 평균적인 유전자 발현을 살펴보는 기존 분석...",2026-09-22 14:46,http://www.bokuennews.com/news/article.html?no=284632,http://www.bokuennews.com/news/article.html?no=284632
고려대학교,마이데일리,[MD포커스] ‘중앙대·법률·금융·회계’…입김 세진 신한은행 임추위...,"윤준 사외이사는 고려대 법학과 출신으로 수원지방법원장, 광주고등법원장, 서울고등법원장을 지낸 법률가다. 올해 3월 사외이사로 선임된 뒤 임추위 위원장과 소비자보호위원회 위원장을 맡고 있다. 박상규 사외이사는...",2026-09-22 14:45,https://www.mydaily.co.kr/page/view/2026092214153931041,https://n.news.naver.com/mnews/article/117/0004108105?sid=103
연세대학교,아이뉴스24,"로보티즈 김병수 ""휴머노이드, 스마트폰처럼 다양한 기능 담는 플랫폼 ...","앞서 로보티즈는 서울대와 연세대, 서울과학기술대, 가천대 등 4개 대학 팀에 자체 휴머노이드 ‘AI... 것만으로 대학교 동아리 학생들이 한 달 만에 퍼포먼스를 만들어 보였다""며 ""완벽하지 않은 동작도 있었지만...",2026-09-22 14:44,http://www.inews24.com/view/2008363,https://n.news.naver.com/mnews/article/031/0001060656?sid=101
고려대학교,LAWTV,대검 차장에 이정현 수원고검장... 공소청 출범 열흘 앞두고 공백 메워,"이정현 차장검사는 전남 나주 출신으로 고려대 법학과를 졸업하고 사법시험(37회)에 합격해 1998년 서울지검 북부지청(현 서울북부지검) 검사로 임관했다. 대검 감찰2과장, 법무부 감찰담당관, 서울중앙지검 1차장검사...",2026-09-22 14:44,https://www.lawtv.kr/news/articleView.html?idxno=61002,https://www.lawtv.kr/news/articleView.html?idxno=61002
연세대학교,CCNNEWS,"화학연, 건식 전극 '리튬 병목' 해결","한국화학연구원 문산·석정돈 박사 연구팀은 서울대, 연세대, 서모피셔사이언티픽코리아와 함께 흑연질화탄소(g-C3N4)를 양극 첨가제로 적용해 전해액 젖음성을 향상시키고 이온 이동 저항을 크게 줄인 건식 후막...",2026-09-22 14:42,http://www.ccnnews.co.kr/news/articleView.html?idxno=415329,http://www.ccnnews.co.kr/news/articleView.html?idxno=415329
고려대학교,서울신문,"고려대 경영대학, QS 글로벌 MBA 평가 ‘국내 1위’","한편 고려대 경영대학은 미국 AACSB, 유럽 EQUIS 인증을 모두 보유하고 있으며, 국내 대학 중 유일하게 세계 명문 비즈니스스쿨 연합체인 ‘CEMS 글로벌 얼라이언스’ 정회원교로 활동 중이다.",2026-09-22 14:40,https://www.seoul.co.kr/news/society/2026/09/22/20260922500176?wlog_tag3=naver,https://n.news.naver.com/mnews/article/081/0003682729?sid=102
연세대학교,보건뉴스,"신규 당뇨병, 초기 중증도·악화 속도가 췌장암 위험 신호","연세대 세브란스병원 소화기내과 정문재 교수와 내분비내과 이민영 교수, 의대 예방의학교실 장성인 교수, 연구지원부 유민희 연구원은 신규 발생 당뇨병의 초기 중증도와 단기간의 진행 양상이 췌장암 발생 위험과...",2026-09-22 14:38,http://www.bokuennews.com/news/article.html?no=284628,http://www.bokuennews.com/news/article.html?no=284628
고려대학교,이투데이,구자현 대검찰청 차장 후임에 이정현 수원고검장...검찰총장 직무대행,이정현 신임 차장은 전남 나주에서 태어나 고려대학교를 졸업하고 사법시험을 통과한 뒤 1998년 서울지검 북부지청(현 서울북부지검) 검사로 임관했다. 광주지검 부장검사였던 2018년에는 전두환 전 대통령을 5·18...,2026-09-22 14:38,https://www.etoday.co.kr/news/view/2628603,https://www.etoday.co.kr/news/view/2628603
연세대학교,뉴스엔,“민폐 싫어 신속 결정” 유재석 얼마나 아프길래‥데뷔 첫 녹화 펑크 ...,"유재석은 지난 2024년 2월 '유 퀴즈 온 더 블럭'에서 연세대학교 심리학과 이동귀 교수와 함께 '미루기 습관'에 대해 이야기를 나눴다. 유재석은 ""성격 자체가 닥치는 걸 너무 스트레스받는다. 미루는 게 있긴 있다....",2026-09-22 14:37,https://www.newsen.com/news_view.php?uid=202609221422255710,https://m.entertain.naver.com/article/609/0001171656
연세대학교,연합뉴스TV,"[사건현장] 심수봉, '손녀뻘' 김다현에 공개 망신 후폭풍","연세대 치과대학 학생들이 복장 규정을 지키지 않았다는 이유로 쓴 반성문이 강의실에 게시됐다고요?  설사 규정에 대해 합의가 됐다고 하더라도, 어긴 학생들에게 반성문을 쓰게 하고, 또 그 반성문을 다른...",2026-09-22 14:36,http://www.yonhapnewstv.co.kr/news/MYH20260922143431wF1,https://n.news.naver.com/mnews/article/422/0000908710?sid=102
연세대학교,CCDN,"충주의료원, 10월부터 '원격중환자실' 가동",충북 충주의료원(원장 윤창규)이 연세대학교 원주세브란스기독병원과 손잡고 원격으로 중환자를 관리하는 '원격중환자실(e-ICU) 협력 네트워크 사업'을 다음달부터 정식 운영한다. 보건복지부 공모사업으로 추진되는 이번...,2026-09-22 14:34,https://www.ccdn.co.kr/news/articleView.html?idxno=1101455,https://www.ccdn.co.kr/news/articleView.html?idxno=1101455
고려대학교,KOREAHEALTHLOG,땀 한 방울로 체내 약물 추적하는 'AI 피부 패치' 개발,"고려대학교 바이오의공학부 정호상·유용상 교수 공동연구팀이 피를 뽑지 않고도 피부의 얇은 패치 하나로, 체내 약물 농도와 분해 시점을 땀으로 정밀 추적하는 기술이 개발했다고 밝혔다. 연구팀은 성인 10명을...",2026-09-22 14:34,https://www.koreahealthlog.com/news/articleView.html?idxno=59131,https://www.koreahealthlog.com/news/articleView.html?idxno=59131
연세대학교,서울경제TV,"당뇨 진단 초기 경구약 치료군, 췌장암 위험 4.32배","연세대 세브란스병원 정문재 소화기내과 교수와 이민영 내분비내과 교수, 장성인 의대 예방의학교실 교수, 유민희 연구지원부 연구원 연구팀은 신규 발생 당뇨병의 초기 중증도와 단기간 진행 양상이 췌장암 발생...",2026-09-22 14:32,https://www.sentv.co.kr/article/view/sentv202609220142,https://www.sentv.co.kr/article/view/sentv202609220142
연세대학교,메디컬투데이,"신규 당뇨병, 치료 강도 높을수록 췌장암 위험 증가","연세대 세브란스병원 소화기내과 정문재 교수와 내분비내과 이민영 교수, 의대 예방의학교실 장성인 교수, 연구지원부 유민희 연구원은 신규 발생 당뇨병의 초기 중증도와 단기간의 진행 양상이 췌장암 발생 위험과...",2026-09-22 14:30,https://www.mdtoday.co.kr/news/articleView.html?idxno=615912,https://www.mdtoday.co.kr/news/articleView.html?idxno=615912
연세대학교,에듀동아,"[윤한울의 입시 큐레이팅] '4세 고시' 규제보다 시급한 것, 요동치는 대...","영유아 사교육 광풍의 이면에는 결국 갈피를 잡지 못하고 요동치는 대한민국의 대학 입시 제도가 자리하고 있기 때문이다. 전교 243등에서 연세대 합격까지, 선행학습 없이 증명한 '성장'의 기록 필자는 남들이 한 번에...",2026-09-22 14:26,https://edu.donga.com/news/articleView.html?idxno=112210,https://edu.donga.com/news/articleView.html?idxno=112210
고려대학교,포인트데일리,"고려대 보건대학원, 헬스케어퓨처포럼 5기 입학식","입학식에는 안형진 고려대 보건대학원장을 비롯해 김영훈·김철중 헬스케어퓨처포럼 공동대표, 이민우 부대표 등 관계자와 입학생 등 총 20여 명이 참석했다. 헬스케어퓨처포럼은 인공지능과 디지털 기술 발전, 초고령사회...",2026-09-22 14:26,https://www.pointdaily.co.kr/news/articleView.html?idxno=320236,https://www.pointdaily.co.kr/news/articleView.html?idxno=320236
연세대학교,일간스포츠,"110명 중 유일 2009년생 17세 막내, 어떻게 드래프트 참가해 LG에 뽑혔나...","또한 올 시즌 포수 랭킹 1위(3라운드 김동주 연세대)라고 생각하는 한 명을 보강했다. 중간 라운드에서는 외야수를 보강했는데, 전략대로 잘 이루어졌다""고 평가했다. 이어 ""전체적으로 포수 2명 지명과 외야수...",2026-09-22 14:25,https://isplus.com/article/view/isp202609220141,https://m.sports.naver.com/kbaseball/article/241/0003532050
연세대학교,HOUSINGHERALD,"염리4구역 재개발사업, 조합설립인가…사업 본궤도","최고 35층 아파트 12개동, 총 1천120가구를 건립할 계획이다. 구역은 지하철 2호선 이대역과 신촌로·대흥로를 이용하기 편리하고 한서초와 숭문중·고, 이화여대·연세대·서강대, 아현시장과 신촌 상권 등이 인접해 있다.",2026-09-22 14:24,https://www.housingherald.co.kr/news/articleView.html?idxno=63010,https://www.housingherald.co.kr/news/articleView.html?idxno=63010
고려대학교,이데일리,"고려대, 차세대 배터리 ‘리튬-텔루륨 전지’ 수명 저하 원인 규명","고려대 배터리-스마트팩토리학과 최효열 석박사통합과정, 화공생명공학과 김미현 박사, 텍사스A&M대학교 이치호 박사후연구원(이상 공동 제1저자), 고려대 화공생명공학과 유승호 교수, 미국 오하이오주립대 권상일 교수...",2026-09-22 14:23,https://www.edaily.co.kr/News/Read?newsId=03850726645582744&mediaCodeNo=257&utm_source=naver&utm_medium=referral&utm_campaign=news_syndication&utm_content=original_article,https://n.news.naver.com/mnews/article/018/0006374366?sid=102
연세대학교,SBS,"""'치대생답게 입기'가 뭔데""…반바지 입었다고 반성문 쓰게 한 연대 치...","연세대 치과대학에서 복장 규정을 위반했다는 이유로 학생이 쓴 반성문이 강의실에 공개 게시돼 논란이 일고 있습니다. 연세대 치대 소속 한 학생이 작성한 반성문에는 ""날씨가 덥다는 안일한 생각에 반바지를 착용하고...",2026-09-22 14:22,https://news.sbs.co.kr/news/endPage.do?news_id=N1008765627&plink=ORI&cooper=NAVER,https://n.news.naver.com/mnews/article/055/0001390332?sid=102
고려대학교,에듀동아,"고려대 ""경영대학, QS 글로벌 MBA 평가 국내 1위""","고려대 경영대학은 미국 AACSB와 유럽 EQUIS 인증을 모두 보유하고 있으며, 국내 대학 중 유일하게 세계 명문 비즈니스스쿨 연합체인 'CEMS 글로벌 얼라이언스' 정회원교로 참여하고 있다.",2026-09-22 14:22,https://edu.donga.com/news/articleView.html?idxno=112208,https://edu.donga.com/news/articleView.html?idxno=112208
고려대학교,IKOREANSPIRIT,'탐험 vs 통치' 지도를 만든 두 시선…고지도로 조명한 울릉도‧독도,"심정보 서원대학교 교수는 '동북아역사재단 소장 서양 고지도의 현황과 연구성과', 김종근 재단 한일연구소... 라운드테이블에는 1부 발표자와 토론자를 포함 오민주 영등포아트스퀘어 센터장, 염운옥 고려대학교 강사...",2026-09-22 14:20,http://www.ikoreanspirit.com/news/articleView.html?idxno=87410,http://www.ikoreanspirit.com/news/articleView.html?idxno=87410
고려대학교,주간한국,"고려대 보건대학원, 헬스케어퓨처포럼 5기 운영",사진=고대의과대학  고려대학교 보건대학원은 지난 15일 고려대학교의료원 청담 고영캠퍼스에서 '최고위과정 헬스케어퓨처포럼 제5기 입학식'을 진행했다고 22일 밝혔다. 고려대학교 보건대학원 최고위과정...,2026-09-22 14:18,https://weekly.hankooki.com/news/articleView.html?idxno=7185602,https://weekly.hankooki.com/news/articleView.html?idxno=7185602
연세대학교,ESGECONOMY,"[건강칼럼] 녹내장수술 결정시기, '안압·순응도·진행 속도' 중요",최근 연세대 의대 녹내장 연구팀이 발표한 연구에 따르면 중증 녹내장 수술 후 시력 예후를 가르는 결정적 요인은 수술 방법이 아닌 수술 후 초기 안압 변화인 것으로 나타났다. 어떤 수술을 받느냐보다 수술 후 안압이...,2026-09-22 14:14,https://www.esgeconomy.com/news/articleView.html?idxno=16814,https://www.esgeconomy.com/news/articleView.html?idxno=16814
고려대학교,LEGALTIMES,대검 차장에 이정현 수원고검장 발령,"이 대검 차장은 전남 나주 출신으로 고려대 법과대학을 졸업하고 제37회 사법시험에 합격, 30년 가까이 검찰에서 재직했다. 서울중앙지검 1차장, 대검 공공수사부장 등 검찰 내 요직을 거쳤다. ◇대검 차장에 임명된...",2026-09-22 14:12,http://www.legaltimes.co.kr/news/articleView.html?idxno=96129,http://www.legaltimes.co.kr/news/articleView.html?idxno=96129
고려대학교,코리아쉬핑가제트,‘스웨덴의 이유있는 추락’ 톤세가 불러온 해운국 흥망성쇠,이어진 토론에서 김인현 고려대 명예교수는 횡재세와 비슷한 제도를 도입한 프랑스 사례를 벤치마킹해 톤세를 영구화하면서 선사가 받은 혜택을 사회에 환원하는 기부금 제도를 마련하는 방안이 필요하다고 조언했다....,2026-09-22 14:10,https://www.ksg.co.kr/news/main_newsView.jsp?pNum=148072,https://www.ksg.co.kr/news/main_newsView.jsp?pNum=148072
고려대학교,스마트경제,"""MBA 들어갔더니 연봉이 껑충""… 고려대 MBA, 서울대 꺾고 국내 1위 싹쓸...",현재 고려대 경영대학은 세계 최고 권위의 경영교육 인증인 미국 AACSB와 유럽 EQUIS를 모두 보유하고 있으며 국내 대학 중에서는 유일하게 세계 명문 비즈니스스쿨 연합체인 'CEMS 글로벌 얼라이언스' 정회원교로...,2026-09-22 14:10,http://www.dailysmart.co.kr/news/articleView.html?idxno=130159,http://www.dailysmart.co.kr/news/articleView.html?idxno=130159
고려대학교,중앙이코노미뉴스,대검찰청 차장에 이정현 수원고검장 임명,"이 신임 차장은 전남 나주 출신으로 고려대 법학과를 졸업하고 1998년 검사로 임관했다. 2018년 광주지검 부장검사 때 전두환 전 대통령을 5·18 민주화운동 관련 사자명예훼손 혐의로 불구속 기소했으며, 2020년 검사장...",2026-09-22 14:10,https://www.joongangenews.com/news/articleView.html?idxno=550089,https://www.joongangenews.com/news/articleView.html?idxno=550089
고려대학교,내일신문,대검 차장에 이정현 수원고검장,이 신임 차장은 전남 나주에서 태어나 고려대를 졸업하고 사법시험을 통과한 뒤 1998년 서울지검 북부지청(현 서울북부지검) 검사로 임관했다. 광주지검 부장검사였던 2018년에는 전두환 전 대통령을 5.18 민주화운동 관련...,2026-09-22 14:10,https://www.naeil.com/news/read/603215?ref=naver,https://www.naeil.com/news/read/603215?ref=naver
고려대학교,뉴스티앤티,"고려대, 리튬-텔루륨 전지 수명 저하 원인 규명…성능 9배 향상",고려대는 화공생명공학과·배터리-스마트팩토리학과 유승호 교수 연구팀이 미국 오하이오주립대학교 화학생물공학과 권상일 교수 연구팀과 공동으로 리튬-텔루륨 전지의 충·방전 과정에서 발생하는 복잡한...,2026-09-22 14:06,https://www.newstnt.com/news/articleView.html?idxno=719697,https://www.newstnt.com/news/articleView.html?idxno=719697
고려대학교,MBN,"디지털산업정책연구소, 방송 소유·겸영 규제 개선 토론회 28일 개최","이어 홍원식 교수(동덕여자대학교)를 좌장으로, 김용희 교수(선문대학교), 박석철 전문위원(컬쳐미디어랩), 이기훈 과장(방송미디어통신위원회 지상파방송정책과), 이남표 객원교수(용인대학교), 이헌율 교수(고려대학교)...",2026-09-22 14:02,http://mbn.mk.co.kr/pages/news/newsView.php?category=mbn00003&news_seq_no=5220862,https://n.news.naver.com/mnews/article/057/0001970277?sid=101
고려대학교,보건뉴스,"고대안암병원 윤승주 교수, 캄보디아 왕립 모니사라폰 훈장 수훈",고려대학교 안암병원 마취통증의학과 윤승주 교수가 캄보디아 보건의료 발전에 기여한 공로를 인정받아... 윤 교수는 고려대학교 안암병원과 캄보디아 측의 보건의료 협력을 바탕으로 루앙메병원이 암 전문...,2026-09-22 14:00,http://www.bokuennews.com/news/article.html?no=284616,http://www.bokuennews.com/news/article.html?no=284616
고려대학교,루키,"쐐기 3점포에 사령탑도 두 주먹 불끈! 한재혁의 맹활약 속 동국대, 고려...","동국대학교가 21일 고려대 서울캠퍼스 화정체육관에서 열린 2026 KUSF 대학농구 U-리그 고려대학교와의 원정 경기에서 68-61로 승리했다. 이날 승리로 9승 9패, 5할 승률을 맞춘 동국대는 최소한 6위 자리를 확보했다. 이날...",2026-09-22 13:57,http://www.rookie.co.kr/news/articleView.html?idxno=127150,https://m.sports.naver.com/basketball/article/398/0000102847
고려대학교,충청리뷰,AI 잘 쓰는 학생 넘어 '책임 있게 판단하는 인재'로…충북형 AI교육 밑그...,'문제해결·AI 이해·데이터·협업·윤리' 5대 역량 이번 연구는 김자미 고려대 교수를 연구책임자로 한 연구진이 지난 4월부터 진행했다. 학생의 수준과 역량에 따라 배움이 이어질 수 있는 맞춤형 AI교육 체계를 마련하는...,2026-09-22 13:50,https://www.ccreview.co.kr/news/articleView.html?idxno=358307,https://www.ccreview.co.kr/news/articleView.html?idxno=358307
고려대학교,이데일리,"고려대의료원, 미국 의료혁신기관과 손잡고 바이오 해외 진출 가속화",고려대의료원은 한국특허전략개발원 IP-TLO 얼라이언스의 글로벌 마케팅 분과장이자 한국보건산업진흥원 H+TLO 네트워크의 주도기관으로서 국내 대학·병원·연구기관 간 기술사업화 협력을 이끌고 있다....,2026-09-22 13:49,https://www.edaily.co.kr/News/Read?newsId=03709686645582744&mediaCodeNo=257&utm_source=naver&utm_medium=referral&utm_campaign=news_syndication&utm_content=original_article,https://n.news.naver.com/mnews/article/018/0006374332?sid=102
연세대학교,뉴시스,"""반바지 입어 깊이 반성""…연세대 치대생 반성문, 강의실에 붙었다","김드보라 인턴 기자 = 연세대학교 치과대학 학생들이 반바지를 입는 등 교내 복장 규정을 지키지 않았다는... 네티즌들은 ""대학교인데 반성문을 내라고 하는 간섭을 누가 하는 것이냐"", ""진료실에서 입은 것도 아닌데 사복을...",2026-09-22 13:48,https://www.newsis.com/view/NISX20260922_0003800034,https://n.news.naver.com/mnews/article/003/0014207898?sid=102
고려대학교,전자신문,"[ET특징주]셀리드, 휴니버스글로벌 최대주주 변경 소식에 상승세",휴니버스글로벌은 2017년 국가전략 프로젝트를 계기로 고려대학교의료원 산하 정밀의료사업단에서 출범한 정밀의료 플랫폼 기업이다. 고려대학교의료기술지주가 37%의 지분을 보유하고 있다. 휴니버스글로벌이...,2026-09-22 13:47,https://www.etnews.com/20260922000305,https://n.news.naver.com/mnews/article/030/0003469364?sid=101
고려대학교,LGHELLOVISION,"합법 카지노 규제, 불법시장 부풀리나?","[정재희  고려대학교 상담심리학 박사] ""불법도박 규모는 제6차 실태 조사에서 95.9조 원으로 추산되었는데요.... [권선중 한국침례신학대학교 상담심리학과 교수] ""합법을 과도하게 규제하고 누르니까 불법으로 옮겨간...",2026-09-22 13:44,http://news.lghellovision.net/news/articleView.html?idxno=555978,http://news.lghellovision.net/news/articleView.html?idxno=555978
고려대학교,베리타스알파,고려대 경영대 QS 글로벌 MBA 평가 국내 1위.. 'ROI 부문 세계 9위',고려대 경영대학이 세계적 대학평가기관 QS(Quacquarelli Symonds)의 글로벌 MBA 평가에서 국내 1위에 올랐다. 학비와 기회비용 대비 졸업 후 소득 상승 성과를 뜻하는 '투자 대비 가치(ROI)' 부문은 세계 9위를...,2026-09-22 13:40,https://www.veritas-a.com/news/articleView.html?idxno=629218,https://www.veritas-a.com/news/articleView.html?idxno=629218
고려대학교,GGILBO,"""캠퍼스가 곧 축제장""…세종 청춘들, '울림'으로 하나 됐다","특히 고려대 세종캠퍼스, 홍익대 세종캠퍼스, 한국영상대학교, 한밭대, 충남대, 충북대 등 6개 대학 학생들이 축제 기획과 운영에 직접 참여하면서 대학 간 벽을 허물고 청년들이 축제의 주체로 나섰다는 점에서 의미를...",2026-09-22 13:40,https://www.ggilbo.com/news/articleView.html?idxno=1183314,https://www.ggilbo.com/news/articleView.html?idxno=1183314
고려대학교,MONEWS,"[동정] 윤승주 교수, 캄보디아 모니라폰 훈장 수훈",고려대학교 안암병원 윤승주 교수(마취통증의학과)가 캄보디아 보건의료 발전에 기여한 공로를 인정받아 캄보디아 왕립 모니사라폰 훈장을 수훈했다. 윤 교수는 캄보디아 왕립 암 병원인 루앙메병원(Luang Me Hospital)...,2026-09-22 13:38,https://www.monews.co.kr/news/articleView.html?idxno=414115,https://www.monews.co.kr/news/articleView.html?idxno=414115
고려대학교,팝콘뉴스,"고려대 경영대학, QS '글로벌 MBA 평가' 국내 1위 차지","한편, 고려대 경영대학은 미국 AACSB와 유럽 EQUIS 인증을 모두 보유하고 있으며, 국내 대학 중 유일하게 세계 명문 비즈니스스쿨 연합체인 'CEMS 글로벌 얼라이언스' 정회원교로 참여하고 있다.",2026-09-22 13:36,http://www.popcornnews.net/news/articleView.html?idxno=133862,http://www.popcornnews.net/news/articleView.html?idxno=133862
고려대학교,IMINJU,"대검 차장에 이정현 수원고검장…법무부 ""공소청 출범 준비""","전남 나주 출신인 이 차장검사는 나주 영산포상업고등학교와 고려대 법학과를 졸업했다. 서울지방검찰청 북부지청 검사로 검찰에 입문한 뒤 전주지검 군산지청과 인천지검, 법무부 형사법제과, 대전지검 등에서 검사로...",2026-09-22 13:34,http://www.iminju.net/news/articleView.html?idxno=169897,http://www.iminju.net/news/articleView.html?idxno=169897
고려대학교,SBS,대검찰청 신임 차장에 이정현 수원고검장…검찰총장 직무대행,이정현 신임 차장은 전남 나주에서 태어나 고려대를 졸업하고 사법시험을 통과한 뒤 1998년 서울지검 북부지청(현 서울북부지검) 검사로 임관했습니다. 광주지검 부장검사였던 2018년에는 전두환 전 대통령을 5·18...,2026-09-22 13:33,https://news.sbs.co.kr/news/endPage.do?news_id=N1008765802&plink=ORI&cooper=NAVER,https://n.news.naver.com/mnews/article/055/0001390320?sid=102
연세대학교,경향신문,당뇨병 진단 초기 중증도 높거나 빠르게 악화했다면···췌장암 발생 위...,"세브란스병원 소화기내과 정문재 교수와 내분비내과 이민영 교수, 연세대 의대 예방의학교실 장성인 교수, 연구지원부 유민희 연구원은 이 같은 내용의 연구를 국제학술지 ‘거트(Gut)’에 발표했다고 22일 밝혔다....",2026-09-22 13:32,https://www.khan.co.kr/article/202609221332001,https://n.news.naver.com/mnews/article/032/0003471983?sid=103
고려대학교,메디소비자뉴스,"윤승주 교수, 캄보디아 '왕립 모니사라폰 훈장' 받아","고려대안암병원은 윤승주 마취통증의학과 교수가 캄보디아 보건의료 발전에 기여한 공로로 캄보디아... 이에 루앙메병원 의료진은 고려대 안암병원에서 3개월간 임상 연수를 받았으며, 윤 교수는 지도교수로서...",2026-09-22 13:24,http://www.medisobizanews.com/news/articleView.html?idxno=142506,http://www.medisobizanews.com/news/articleView.html?idxno=142506
고려대학교,주간한국,"윤승주 고대안암병원 교수, 캄보디아 왕립 훈장 수훈",윤승주 고려대 안암병원 마취통증의학과 교수. 사진=고대안암병원  고려대학교 안암병원은 윤승주 마취통증의학과 교수가 캄보디아 보건의료 발전에 기여한 공로를 인정받아 캄보디아 왕립 모니사라폰 훈장을 받았다고...,2026-09-22 13:20,https://weekly.hankooki.com/news/articleView.html?idxno=7185583,https://weekly.hankooki.com/news/articleView.html?idxno=7185583
고려대학교,메디컬월드뉴스,독감·코로나19 동반 증가…추석 앞두고 고위험군 예방 비상,"고려대 구로병원이 소개한 질병청 표본감시 결과, 입원환자는 32주차 43명에서 35주차 162명으로 3주 사이... ◆“생활수칙만으론 부족”…예방접종 병행 권고 고려대 구로병원 감염내과 윤진구 교수는 손 씻기나...",2026-09-22 13:10,https://medicalworldnews.co.kr/news/view.php?idx=1510977377,https://medicalworldnews.co.kr/news/view.php?idx=1510977377
고려대학교,데일리안,대검찰청 차장에 이정현 수원고검장…검찰총장 직무 대행한다,이정현 신임 차장은 전남 나주에서 태어나 고려대를 졸업하고 사법시험을 통과한 뒤 1998년 서울지검 북부지청(현 서울북부지검) 검사로 임관했다. 광주지검 부장검사였던 2018년에는 전두환 전 대통령을 5·18 민주화운동...,2026-09-22 13:06,https://www.dailian.co.kr/news/view/1693527/?sc=Naver,https://n.news.naver.com/mnews/article/119/0003135551?sid=102
고려대학교,뉴스핌,[프로필] 이정현 신임 대검찰청 차장검사,이 검사장은 1968년생 전남 나주 출신으로 광주 영산포상업고와 고려대 법학과를 졸업했다. 1995년 37회... 다음은 이정현 신임 대검찰청 차장검사 프로필 ▲1968년생 ▲전남 나주 ▲나주 영산포상업고·고려대 법대...,2026-09-22 13:04,https://www.newspim.com/news/view/20260922000671,https://www.newspim.com/news/view/20260922000671
고려대학교,JEONMAE,"성북구, 대학 자원과 지역 현안 연결한다",성북구가 관내 7개 대학과 협력해 지역 현안 해결과 청년 정주를 위한 사업을 추진한다. 구는 최근 구청에서 고려대·국민대·동덕여대·서경대·성신여대·한국예술종합학교·한성대와 상생협력 업무협약을 맺고 '대학도시...,2026-09-22 13:00,https://www.jeonmae.co.kr/news/articleView.html?idxno=1295814,https://www.jeonmae.co.kr/news/articleView.html?idxno=1295814
고려대학교,SNMNEWS,"철강協 강관협의회, 제21회 강관산업발전세미나 참가 신청","이어 강관의 탄수중립 설계지침과 타소재 대비 경쟁력에 대해 고려대학교 주영규 교수가, 해외 CCUS강관적용 현황 및 실증 사업 동향을 한국 CCUS 추진단 이호섭 단장이 발표한다. 한편 이번 세미나의 참석은 https...",2026-09-22 12:58,http://www.snmnews.com/news/articleView.html?idxno=575074,http://www.snmnews.com/news/articleView.html?idxno=575074
고려대학교,한국대학신문,울산과학대 여자축구부 U-20 여자 월드컵 12년 만의 8강 견인,울산과학대학교(총장 조홍래)는 여자축구 국가대표팀 최종 엔트리 21명 중 6명이 선발돼 단일 대학... 결승 상대인 고려대에 전반에만 두 골을 내주며 0대2로 뒤졌으나 이하은이 후반 32분과 41분 연달아 골을 넣어...,2026-09-22 12:52,https://news.unn.net/news/articleView.html?idxno=597857,https://news.unn.net/news/articleView.html?idxno=597857
연세대학교,JEJUDOMIN,"제주대 테너 박웅 교수, 내달 2일 아라뮤즈홀 독창회",서울예고와 연세대학교 성악과를 졸업한 뒤 오스트리아 잘츠부르크 모차르테움 국립음악대학교에서... 현재 제주대 예술디자인대학 음악학부에서 후학 양성과 공연 활동을 병행하고 있다. 공연 문의는 제주대...,2026-09-22 12:52,https://www.jejudomin.co.kr/news/articleView.html?idxno=400493,https://www.jejudomin.co.kr/news/articleView.html?idxno=400493
연세대학교,아이뉴스24,"연세대 치대, 반바지 입었다고 자필 반성문 작성⋯강의실 게시판에 공개...",연세대학교 치과대학 학생들이 복장 규정 위반을 이유로 작성한 자필 반성문이 강의실에 게시돼 논란이 일고 있다. 22일 연세대 학보 연세춘추 등에 따르면 지난달 27일 연세대학교 치과대 학생 3명이 등교 시 반바지와...,2026-09-22 12:51,http://www.inews24.com/view/2008239,https://n.news.naver.com/mnews/article/031/0001060600?sid=102
고려대학교,뉴시스,"대검 차장에 이정현 수원고검장…대북송금 수사에 ""사과"" 이력(종합)","전남 나주 출신인 이 차장검사는 나주 영산포상업고등학교와 고려대 학교 법학과를 졸업했다. 이 차장검사는 서울지방검찰청 북부지청 검사로 임관해, 전주지방검찰청 군산지청 검사, 인천지방검찰청 검사, 법무부...",2026-09-22 12:50,https://www.newsis.com/view/NISX20260922_0003800163,https://n.news.naver.com/mnews/article/003/0014207703?sid=102
고려대학교,이투데이,"고려대의료원, 존스홉킨스·텍사스 메디컬 센터 등과 협력…미국 진출 ...",고려대의료원은 한국특허전략개발원 IP-TLO 얼라이언스의 글로벌 마케팅 분과장이자 한국보건산업진흥원 H+TLO 네트워크의 주도기관으로서 국내 대학·병원·연구기관 간 기술사업화 협력을 이끌고 있다....,2026-09-22 12:44,https://www.etoday.co.kr/news/view/2628518,https://www.etoday.co.kr/news/view/2628518
연세대학교,AMENEWS,"화학연, 두꺼운 배터리 전극 리튬이온 이동 개선…고용량화 길 열어","이번 연구에는 서울대학교, 연세대학교 및 Thermo Fisher Scientific Korea 등이 참여했다. 배터리 전극을 두껍게 만들면 같은 면적에서 집전체와 분리막 사용량을 줄이면서 활물질을 더 많이 담을 수 있어 에너지밀도를...",2026-09-22 12:44,http://amenews.kr/news/view.php?idx=68109,http://amenews.kr/news/view.php?idx=68109
연세대학교,CCTIMES,충주의료원 원격중환자실 협력네트워크 10월부터 정식 운영,"이번 사업은 보건복지부 공모사업으로 선정된 원격중환자실 협력네트워크사업의 일환으로, 연세대학교 원주세브란스기독병원을 거점병원으로 하고 충주의료원과 원주의료원이 협력병원으로 참여한다. 충청북도와...",2026-09-22 12:34,http://www.cctimes.kr/news/articleView.html?idxno=929055,http://www.cctimes.kr/news/articleView.html?idxno=929055
고려대학교,뉴스핌,대검 신임 차장에 이정현 수원고검장…'대행의 대행' 두 달여 만에 해소,"신임 이정현 대검 차장검사는 전남 나주 출신으로 고려대 법대를 졸업하고 1998년 검사생활을 시작했다. 대검 감찰2과장, 서울중앙지검 1차장검사 등을 거쳐 2020년 검사장으로 승진해 대검 공공수사부장을 지냈다. 2022년...",2026-09-22 12:31,https://www.newspim.com/news/view/20260922000676,https://www.newspim.com/news/view/20260922000676
고려대학교,신아일보,"이정현 수원고검장, 구자현 대검찰청 차장 후임 임명","이정현 신임 차장은 전남 나주 출생으로, 고려대 졸업 후 사법시험을 통과해 1998년 서울지검 북부지청(현 서울북부지검) 검사로 임관했다. 이후 광주지검 부장검사 시절인 2018년 전두환 전 대통령을 5·18 민주화운동 관련...",2026-09-22 12:24,https://www.shinailbo.co.kr/news/articleView.html?idxno=5065110,https://www.shinailbo.co.kr/news/articleView.html?idxno=5065110
연세대학교,동아사이언스,전극 리튬이온 병목현상 해결해 고용량 배터리 개선,"서울대 연세대 등 국내 대학과 글로벌 연구장비 업체인 써모 피셔 사이언티픽 코리아도 참여했다. 문 책임연구원은 ""0.5% 수준의 적은 첨가제로 전해액 젖음성과 이온 이동을 동시에 개선하고 첨가제의 양뿐 아니라 배치...",2026-09-22 12:23,https://www.dongascience.com/news/view/80026,https://n.news.naver.com/mnews/article/584/0000039421?sid=105
고려대학교,NGONEWS,"한국소비자연맹, 청소년 SNS·AI 중독에 플랫폼 책임 묻는다…국회서 '안...","토론은 이성엽 고려대학교 교수이자 한국정보통신법정책학회장이 좌장을 맡는다. 윤영호 서울대학교 가정의학과 교수, 조영기 인터넷기업협회 사무총장, 정지연 한국소비자연맹 사무총장, 천혜선...",2026-09-22 12:18,https://www.ngonews.kr/news/articleView.html?idxno=238995,https://www.ngonews.kr/news/articleView.html?idxno=238995
연세대학교,NGONEWS,"한국소비자연맹, 청소년 SNS·AI 중독에 플랫폼 책임 묻는다…국회서 '안...","상윤모 연세대학교 교수가 '청소년 SNS 이용제한 이슈와 과제'를, 김나정 국회입법조사처 조사관이 '청소년 AI 이용제한 이슈와 과제'를 주제로 각각 발표한다. 토론은 이성엽 고려대학교 교수이자...",2026-09-22 12:18,https://www.ngonews.kr/news/articleView.html?idxno=238995,https://www.ngonews.kr/news/articleView.html?idxno=238995
연세대학교,KTNEWS,'데님은 변화를 두려워하지 않는다',서울대학교·한양대학교·전북대학교·중앙대학교·한세대학교·홍익대학교·세종대학교·울산대학교·고려대학교·한국외국어대학교·연세대학교·숙명여자대학교·경기과학기술대학교 등 13개 대학 학생과 일반인이...,2026-09-22 12:10,http://www.ktnews.com/news/articleView.html?idxno=148780,http://www.ktnews.com/news/articleView.html?idxno=148780
고려대학교,KTNEWS,'데님은 변화를 두려워하지 않는다',서울대학교·한양대학교·전북대학교·중앙대학교·한세대학교·홍익대학교·세종대학교·울산대학교·고려대학교·한국외국어대학교·연세대학교·숙명여자대학교·경기과학기술대학교 등 13개 대학 학생과 일반인이...,2026-09-22 12:10,http://www.ktnews.com/news/articleView.html?idxno=148780,http://www.ktnews.com/news/articleView.html?idxno=148780
연세대학교,코메디닷컴,당뇨약 먹기 시작했는데 6개월 만에 인슐린까지⋯췌장암 위험 26배 높았...,"연세대 세브란스병원 소화기내과 정문재 교수와 내분비내과 이민영 교수, 연세대 의대 예방의학교실 장성인 교수, 연구지원부 유민희 연구원 등 연구팀은 신규 발생 당뇨병의 초기 중증도뿐 아니라 진단 직후...",2026-09-22 12:07,https://kormedi.com/?p=2871434,https://n.news.naver.com/mnews/article/296/0000105159?sid=103
고려대학교,뉴시스,대검 차장검사에 이정현 수원고검장…구자현 사의 표명 53일만,"전남 나주 출신인 이 차장검사는 나주 영산포상업고등학교와 고려대 학교 법학과를 졸업했다. 이 차장검사는 서울지방검찰청 북부지청 검사를 시작으로 대검찰청 감찰2과장, 서울중앙지방검찰청 제1차장, 대검찰청...",2026-09-22 12:05,https://www.newsis.com/view/NISX20260922_0003800119,https://n.news.naver.com/mnews/article/003/0014207533?sid=102
고려대학교,문화일보,검찰총장 대행에 ‘채널A사건 수사’ 이정현 수원고검장,"전남광주 나주 출신인 이 신임 차장은 고려대 법학과를 졸업하고 1995년 제37회 사법시험에 합격했다. 서울지검 북부지청 검사로 임관해 대검 감찰2과장, 법무부 감찰담당관 등을 거쳤다. 서울중앙지검 1차장 시절인...",2026-09-22 12:04,https://www.munhwa.com/article/11618924?ref=naver,https://n.news.naver.com/mnews/article/021/0002820651?sid=102
고려대학교,연합뉴스,구자현 대검찰청 차장 후임에 이정현 수원고검장,이정현 신임 차장은 전남 나주에서 태어나 고려대를 졸업하고 사법시험을 통과한 뒤 1998년 서울지검... ▲ 전남 나주(68) ▲ 고려대 법학과 ▲ 사법시험 합격(37회) ▲ 사법연수원 수료(27기) ▲ 서울지검 북부지청 검사...,2026-09-22 12:03,https://www.yna.co.kr/view/AKR20260922097100004?input=1195m,https://n.news.naver.com/mnews/article/001/0016329274?sid=102
고려대학교,더팩트,"대검 차장검사에 이정현 수원고검장…""공소청 출범 준비""",이 신임 차장은 1968년 전남 나주 출생으로 영산포상업고와 고려대 법학과를 졸업했다. 제37회 사법시험에 합격해 사법연수원을 27기로 수료한 뒤 1998년 서울지검 북부지청에서 검사 생활을 시작했다. 대검 감찰2과장과...,2026-09-22 12:01,https://news.tf.co.kr/read/life/2368861.htm,https://n.news.naver.com/mnews/article/629/0000536176?sid=102
고려대학교,아주경제,"법무부, 대검 차장검사에 이정현 수원고검장 임명","전남 나주 출신인 이 신임 차장은 나주 영산포상고와 고려대 법학과를 졸업했다. 문재인 정부 시절인 2020년 8월 검사장(대검 공공수사부장)으로 승진했으며, 같은 해 서울중앙지검 1차장검사 재직 당시 '채널A 검언 유착...",2026-09-22 12:00,https://www.ajunews.com/view/20260922113200635,https://www.ajunews.com/view/20260922113200635
연세대학교,쿠키뉴스,"[쿠키과학] ‘전기차 배터리 성능 높일 첨가제’… 화학연, 리튬 이동 막...","한편, 이번 연구는 서울대, 연세대, 써모피셔사이언티픽코리아 등이 참여했고, 연구결과는 지난달 11일... 이명환 선임연구원(화학연), 김은지(화학연), 김영수·박지영(Thermo Fisher Scientific Korea), 이상영(연세대))",2026-09-22 12:00,https://www.kukinews.com/article/view/kuk202609210115,https://www.kukinews.com/article/view/kuk202609210115
연세대학교,뉴스1,두꺼운 전극 속 '리튬이온 병목' 해결…대용량 배터리 길 연다,"한국화학연구원은 문산·석정돈 박사팀이 서울대학교, 연세대학교, 써모피셔 사이언티픽 코리아 연구진과 공동으로 흑연질화탄소(g-C₃N₄)를 양극 첨가제로 처음 적용한 건식 후막 양극 기술을 개발했다고 22일...",2026-09-22 12:00,https://www.news1.kr/local/daejeon-chungnam/6297296,https://n.news.naver.com/mnews/article/421/0009185823?sid=102
고려대학교,서울경제,대검 신임 차장에 이정현 수원고검장…검찰총장 직무대행 맡는다,"이 차장은 전남 나주 출생으로 나주 영산포상고와 고려대 법학과를 졸업했다. 1998년 검사 생활을 시작해 대검 감찰2과장, 법무부 감찰담당관, 서울서부지검 차장검사, 서울중앙지검 1차장검사, 대검 공공수사부장 등을...",2026-09-22 11:50,https://www.sedaily.com/article/20093897?ref=naver,https://n.news.naver.com/mnews/article/011/0004664462?sid=102
연세대학교,문화일보,노원·마포도 ‘월세 700만원’… 공급 급한데 정부 ‘세제규제’만 올...,고준석 연세대 상남경영원 주임교수는 “(고액 월세는) 전세 매물이 많이 줄고 전세가가 올라서 생기는 현상”이라며 “전세값이 너무 올라 현금흐름을 감안하면 돈을 묶어놓는 것 보다 월세 사는 게 낫다고...,2026-09-22 11:50,https://www.munhwa.com/article/11618890?ref=naver,https://n.news.naver.com/mnews/article/021/0002820618?sid=101
연세대학교,전자신문,"한·뉴 과학기술 협력, “작은 성공에서 시작해 더 큰 국제협력으로”","빅토리아대학교에서 개최됐다. 이번 세미나는 주뉴질랜드 대한민국대사관, 뉴질랜드 기업혁신고용부(MBIE)... 경희대와 연세대 연구진은 양자 과학기술 분야의 연구와 협력 가능성을 공유했다. 정병하 주뉴질랜드...",2026-09-22 11:49,https://www.etnews.com/20260922000262,https://n.news.naver.com/mnews/article/030/0003469320?sid=102
고려대학교,이데일리,공소청 전환 D-10 수장 공백 메운다…檢총장 직무대행 이정현,이 차장은 전남 나주 출신으로 영산포상고와 고려대 법학과를 졸업했다. 제37회 사법시험에 합격한 뒤 1998년 서울지검 북부지청에서 검사 생활을 시작했다. 대검 감찰2과장과 서울중앙지검 여성아동범죄조사부장...,2026-09-22 11:48,https://www.edaily.co.kr/News/Read?newsId=03499766645582744&mediaCodeNo=257&utm_source=naver&utm_medium=referral&utm_campaign=news_syndication&utm_content=original_article,https://n.news.naver.com/mnews/article/018/0006374274?sid=102
연세대학교,라포르시안,"연세대 의대 구성욱 교수, 대한척추신경외과학회 회장 취임",연세대학교 의과대학 신경외과학교실 구성욱 교수가 지난 19일 서울 드래곤시티에서 열린 제40차 대한척추신경외과학회 정기학술대회에서 대한척추신경외과학회 회장에 취임했다. 임기는 1년이다....,2026-09-22 11:48,https://www.rapportian.com/news/articleView.html?idxno=240669,https://www.rapportian.com/news/articleView.html?idxno=240669
연세대학교,JTBC,"'연대 치대생답게 입기' 논란…""반바지는 본분 망각"" '자필 반성문' 공개","연세대 치과대학 소속 한 학생이 쓴 반성문에는 ""부주의로 복장 규정을 위반한 점을 깊이 반성한다""는 내용이 담겼습니다. 또 ""단정한 복장은 의료인으로서 갖출 기본적 소양인데, 날씨가 덥다는 안일한 생각에...",2026-09-22 11:47,https://news.jtbc.co.kr/article/NB12319543?influxDiv=NAVER,https://n.news.naver.com/mnews/article/437/0000512287?sid=102
고려대학교,디지털타임스,새 검찰총장 대행에 ‘대북송금 수사 사과’ 이정현 수원고검장,"1968년생으로 전남 나주 출신인 이정현 차장검사는 나주 영산포상업고와 고려대 법대를 졸업했다. 사법연수원 27기로 1998년 서울지검 북부지청에서 검사 생활을 시작해, 전주지검 군산지청, 인천지검, 서울중앙지검...",2026-09-22 11:47,https://www.dt.co.kr/article/12085392?ref=naver,https://n.news.naver.com/mnews/article/029/0003049437?sid=102
고려대학교,후생신보,"고대 구로 개방형실험실, 구로구 의사회와 업무협약 체결","구로구의사회에서는 정성관 회장(우리아이들병원), 전숙현 사무국장, 양용제 총무이사(고려튼튼외과의원)... 김치경 고려대학교 구로병원 개방형실험실 운영사업단장은 “이번 협약은 대학병원의 임상 전문성과...",2026-09-22 11:40,http://www.whosaeng.com/173926,http://www.whosaeng.com/173926
고려대학교,스마트경제,"""수명 9배 늘리고 고속 충전까지""… 고려대·오하이오주립대, '꿈의 배터...",고려대학교(총장 김동원)는 유승호 화공생명공학과/배터리-스마트팩토리학과 교수 연구팀이 권상일 미국 오하이오주립대학교 화학생물공학과 교수 연구팀 공동 연구를 통해 차세대 '리튬-텔루륨 전지'의 성능 저하...,2026-09-22 11:38,http://www.dailysmart.co.kr/news/articleView.html?idxno=130154,http://www.dailysmart.co.kr/news/articleView.html?idxno=130154
연세대학교,문화일보,"서울시, 신축건물 재생열 설치비 최대 2억 5000만원 지원",연세대는 컨설팅을 통해 설치 후 9년이 지난 노후 히트펌프 4대를 신규 설비로 교체했다. 서울시는 이를 통해 지열 시스템 성능이 크게 개선됐다고 설명했다. 연세대 관계자는 “히트펌프 효율 개선으로 전반적인 에너지...,2026-09-22 11:37,https://www.munhwa.com/article/11618851?ref=naver,https://n.news.naver.com/mnews/article/021/0002820580?sid=102
고려대학교,한국경제,"법무부, 신임 대검찰청 차장에 이정현 수원고검장",이 차장은 전남 나주 출생으로 나주 영산포상고와 고려대 법학과를 졸업했다. 2020년 서울중앙지검 1차장검사 재직 시절엔 '채널A 검언유착' 의혹 수사 지휘를 하며 윤석열 당시 검찰총장과 갈등을 빚었다. 지난 4월엔...,2026-09-22 11:37,https://www.hankyung.com/article/202609220650i,https://n.news.naver.com/mnews/article/015/0005335098?sid=102
고려대학교,바스켓코리아,"[대학리그] 드래프트 앞둔 한재혁, “누구 하나 MVP로 꼽을 수 없어... 동...",동국대는 21일 고려대학교 화정체육관에서 열린 2026 KUSF 대학농구 U-리그 고려대와의 경기에서 68-61로 승리했다. 이날 승리로 동국대는 시즌 첫 5연승을 달성했다. 한재혁은 이날 38분 18초를 소화하며 팀 내에서 가장 많은...,2026-09-22 11:35,https://basketkorea.com/news/newsview.php?ncode=1065580427445675,https://m.sports.naver.com/basketball/article/351/0000088311
연세대학교,INSIGHTKOREA,연간 잇몸병 환자 1900만명 시대…50대 중·장년층 비중 높아,"연세대학교 치과대학병원과 공동으로 진행한 임상시험 결과 해당 제품을 6주간 사용한 군에서 잇몸 염증지수는 50.9%, 잇몸 출혈 빈도는 56.9% 감소한 것으로 확인됐다. 해당 제품은 잇몸질환 예방 가글제 소비자 만족도...",2026-09-22 11:34,https://www.insightkorea.co.kr/news/articleView.html?idxno=255177,https://www.insightkorea.co.kr/news/articleView.html?idxno=255177
고려대학교,4TH,"SK텔레콤, 고객 행동으로 '신뢰' 측정…상품·서비스 개선에 반영","각 분과는 신종원 전 소비자분쟁조정위원장, 김채연 고려대 심리학과 교수, 손정혜 법무법인 혜명 변호사, 김난도 서울대 명예교수가 맡는다. 고객자문단도 지난해 활동을 시작한 데 이어 3월 직장인·주부·대학생 등...",2026-09-22 11:34,http://www.4th.kr/news/articleView.html?idxno=2118536,http://www.4th.kr/news/articleView.html?idxno=2118536
고려대학교,아시아경제,"고려대의료원, 존스홉킨스·TMC와 잇단 협력",고려대학교의료원이 국내 바이오·의료기술의 미국 진출을 지원하기 위해 존스홉킨스 테크놀로지 벤처스(JHTV)와 텍사스 메디컬 센터(TMC) 등 미국 의료혁신기관과 협력을 확대하고 있다. 고려대의료원은 지난 4일과 17일...,2026-09-22 11:33,https://view.asiae.co.kr/article/2026092211332150285,https://n.news.naver.com/mnews/article/277/0005819833?sid=103
고려대학교,경기일보,"법무부, 대검 차장검사에 이정현 수원고검장…검찰총장 대행, 공소청 출...",한편 이 신임 차장은 전남 나주 출생으로 고려대를 졸업하고 사법시험을 통과해 1998년 서울지검 북부지청(현 서울북부지검) 검사로 임관했다. 2018년 광주지검 부장검사 재직 당시 전두환 전 대통령을 5·18 민주화운동...,2026-09-22 11:32,https://www.kyeonggi.com/article/20260922580144,https://n.news.naver.com/mnews/article/666/0000124513?sid=102
고려대학교,한국일보,"추석 귀성길 한 손 운전, 허리 망가진다… ""골반 비틀어 통증 유발""",한규만 고려대 안암병원 정신건강의학과 교수는 “명절에는 평소와 다른 일정과 생활 환경이 이어지면서 신체적인 피로뿐 아니라 심리적인 피로도 쌓일 수 있다”며 “연휴에도 평소의 취침·기상 시간을 크게 벗어나지...,2026-09-22 11:30,https://www.hankookilbo.com/news/article/A2026091814210000801?did=NA,https://n.news.naver.com/mnews/article/469/0000955476?sid=103
고려대학교,매일신문,"법무부 인사, 대검찰청 차장에 이정현 수원고검장(종합)","전남 나주 출신으로 영산포상업고와 고려대 법학과를 졸업했으며, 사법시험 37회·사법연수원 27기다. 1998년 검사 생활을 시작해 대검 감찰2과장, 법무부 감찰담당관, 서울서부지검 차장검사, 서울중앙지검 1차장검사...",2026-09-22 11:25,https://www.imaeil.com/page/view/2026092211243067850,https://n.news.naver.com/mnews/article/088/0001029949?sid=102
고려대학교,메트로신문,"[CEO와칭] 100년 유한양행을 글로벌 제약사로, 승풍파랑 조욱제 유한양...",◆30년 '유한맨' 1955년생인 조욱제 대표는 경남 마산고등학교와 고려대학교 농화학과를 졸업한 뒤 1987년...  ▲출생 -1955년 1월 2일 경남 마산 ▲학력 -1975년 마산고등학교 -1982년 고려대학교...,2026-09-22 11:22,http://www.metroseoul.co.kr/article/20260922500191,http://www.metroseoul.co.kr/article/20260922500191
고려대학교,스포츠경향,영탁 ‘꺾어’ 음악방송 다 꺾었다…챌린지 ‘붐’,"영탁은 오는 10월 3일부터 5일까지 사흘간 서울 고려대학교 화정체육관에서 단독 콘서트 ‘TAK SHOW5’를 개최하며 전국투어의 포문을 연다. ‘TAK SHOW5’는 서울 공연을 시작으로 10월 24~25일 전주, 11월 28~29일 대구, 12월 19...",2026-09-22 11:21,https://sports.khan.co.kr/article/202609221120003?pt=nv,https://m.entertain.naver.com/article/144/0001139757
고려대학교,주간한국,"고려대의료원, 존스홉킨스·TMC 연계 바이오기업 미국 진출 지원",사진=고려대의료원  고려대의료원은 이달 미국 존스홉킨스 테크놀로지 벤처스(JHTV)와 텍사스 메디컬 센터... 국내 대학·병원·연구기관 간 기술사업화 협력을 이끌고 있다. 앞으로는 해외 연구기관과 의료기관...,2026-09-22 11:18,https://weekly.hankooki.com/news/articleView.html?idxno=7185545,https://weekly.hankooki.com/news/articleView.html?idxno=7185545
연세대학교,스마트경제,"""AI로 디자인권 싹 쓸었다""… 숭실대 학생들, 14개 대학 뚫고 3위 대박","이번 워크숍은 정부의 창업중심대학 사업 일환으로 한양대학교 창업지원단이 주관한 'Startup CAMP:ON' 프로그램이다. 건국대, 광운대, 동국대, 서강대, 숙명여대, 숭실대, 아주대, 연세대, 이화여대 등 수도권 내 손꼽히는...",2026-09-22 11:16,http://www.dailysmart.co.kr/news/articleView.html?idxno=130149,http://www.dailysmart.co.kr/news/articleView.html?idxno=130149
고려대학교,뉴스1,"서울시, 청년 탄소중립 실천 성과 발표…대학생 등 190명 참여","대학생과 지역 청년들이 생활권에서 탄소중립을 직접 실천하는 서울시 '청년이 탄.탄.한 서울' 사업에... 고려대와 성신여대, 서울대 팀 등은 기숙사와 교내에 세제 리필스테이션을 시범 운영했다. 캠퍼스 밖에서도...",2026-09-22 11:15,https://www.news1.kr/local/seoul/6298385,https://n.news.naver.com/mnews/article/421/0009185657?sid=102
고려대학교,바스켓코리아,"[대학리그] ‘후반기 5연승’ 동국대, 고려대 우승 경쟁에 찬물... 중앙...","동국대는 21일 고려대학교 화정체육관에서 열린 2026 KUSF 대학농구 U-리그 남대부 경기에서 고려대를 68-61로 잡았다. 동국대는 이날 승리로 시즌 첫 5연승을 질주, 9승 9패로 5할 승률을 맞췄다. 반면 9연승을 달리던...",2026-09-22 11:13,https://basketkorea.com/news/newsview.php?ncode=1065579089195314,https://m.sports.naver.com/basketball/article/351/0000088309
연세대학교,에듀동아,"숭실대 창업동아리 '두루', 수도권 대학 창업동아리 연합워크숍 우수상","숭실대학교(총장 이윤재)는 학생 창업동아리 '두루(DURU)'가 9월 15일부터 16일까지 경기도 용인시 KB증권... 건국대, 광운대, 동국대, 서강대, 숙명여대, 숭실대, 아주대, 연세대, 이화여대 등 14개 대학 27개 창업동아리가...",2026-09-22 11:04,https://edu.donga.com/news/articleView.html?idxno=112190,https://edu.donga.com/news/articleView.html?idxno=112190
고려대학교,점프볼,"[26슬램게임] ‘대체 불가한 퍼즐 조각’을 꿈꾸는 코트 위의 사령탑, 중...","고려대와의 홈경기에 던진 3점슛 하나로 팀의 승리를 가져오기도 했으며 성균관대와의 맞대결에서는 19점... 자신의 장점이라고 생각했던 패스가 고등학교 땐 대학교, 대학교 때는 프로와의 맞대결을 통해 여러 번 벽에...",2026-09-22 11:03,https://m.sports.naver.com/basketball/article/065/0000301845,https://m.sports.naver.com/basketball/article/065/0000301845
연세대학교,에너지경제,[EE칼럼] 사라진 태풍 – 기후변화가 보낸 위장된 평화,"오지 않은 태풍에 안도할 것이 아니라, 그 부재가 불러올 숨은 위험까지 대비하는 통합적 안목이야말로 기후위기 시대를 살아가는 가장 지혜로운 방재의 시작이다. 유희동 연세대학교 대기과학과 특임교수/전 기상청장",2026-09-22 11:02,https://www.ekn.kr/web/view.php?key=20260921029019963,https://www.ekn.kr/web/view.php?key=20260921029019963
고려대학교,FUTURECHOSUN,대학의 미래를 묻다…‘임팩트 대학’의 가능성,"2025년 11월 준비위원회 발족을 시작으로 출범했으며, 현재 한양대, 고려대, 한동대 등 9개 대학 11개 캠퍼스가... 연구와 교육을 결합하고 개인이 가진 소질과 잠재력을 충분히 발휘하도록 하는 것이 대학 교육의 중요한...",2026-09-22 11:00,https://futurechosun.com/?p=161011,https://futurechosun.com/?p=161011
연세대학교,CNB뉴스,"'토지' 박경리 작가 탄생 100주년, 교보문고 광화문점에서 문학 그림전...","연세대 석좌교수, 토지문화재단 창립 이사, 호암재단 이사, 대통령 자문 새천년준비위원회 위원으로도 활동했다. 민주화 저항 시인인 김지하 시인이 사위인 것으로 잘 알려져 있다. (CNB뉴스=)",2026-09-22 11:00,https://www.cnbnews.com/news/articleView.html?idxno=1016891,https://www.cnbnews.com/news/articleView.html?idxno=1016891
고려대학교,NEWSCLAIM,[현대차 인사 전망]① 누가 빠지고 누가 채웠나… R&D·생산 수장 바꾼 ...,박 사장은 고려대에서 전기·전자·전파공학을 전공한 뒤 미국 펜실베이니아주립대에서 전기전자 석사와... 1965년생인 이 사장은 연세대 금속공학과를 졸업하고 같은 대학에서 경영학 석사학위를 받았다....,2026-09-22 10:54,https://www.newsclaim.co.kr/news/articleView.html?idxno=3076201,https://www.newsclaim.co.kr/news/articleView.html?idxno=3076201
고려대학교,아시아타임즈,"고려대학교 구로병원, 내달 19일 '제2회 당뇨발의 날' 행사 진행",대한당뇨발학회가 주최하는 이번 행사는 내달 19일 고려대학교 구로병원을 시작으로 내달 22일까지 전국 7개 주요 대학 및 종합병원에서 순차적으로 진행된다. 이번 행사는 '당뇨발의 조기 진단 및 예방'을 주제로...,2026-09-22 10:54,https://www.asiatime.co.kr/article/20260922500113,https://www.asiatime.co.kr/article/20260922500113
연세대학교,NEWSCLAIM,[현대차 인사 전망]① 누가 빠지고 누가 채웠나… R&D·생산 수장 바꾼 ...,"1965년생인 이 사장은 연세대 금속공학과를 졸업하고 같은 대학에서 경영학 석사학위를 받았다. 생산기술센터장과 연구개발본부장, 판재사업본부장, 생산본부장을 거쳤다. 현대차그룹은 30년 넘게 철강 분야에서 일하며...",2026-09-22 10:54,https://www.newsclaim.co.kr/news/articleView.html?idxno=3076201,https://www.newsclaim.co.kr/news/articleView.html?idxno=3076201
연세대학교,주간한국,"연세대, 옥스퍼드 엑서터 칼리지와 학술교류협정 갱신",사진=연세대  연세대 국제처는 지난 8일 영국 옥스퍼드대학교 엑서터 칼리지(Exeter College)와... 2010년 이후 옥스퍼드대 학생 약 25명이 연세대 국제하계대학(YISS) 및 국제동계대학(WAY)에 참가하는 등 양교 교류는...,2026-09-22 10:54,https://weekly.hankooki.com/news/articleView.html?idxno=7185536,https://weekly.hankooki.com/news/articleView.html?idxno=7185536
고려대학교,KFENEWS,"고려대·오하이오주립대, 배터리 수명 늘렸다","(왼쪽부터) 고려대 배터리-스마트팩토리학과 최효열 석박사통합과정, 화공생명공학과 김미현 박사, 텍사스A&M대학교 이치호 박사후연구원(이상 공동 제1저자)과 고려대 화공생명공학과 유승호 교수, 미국 오하이오주립대...",2026-09-22 10:52,https://www.kfenews.co.kr/news/articleView.html?idxno=665102,https://www.kfenews.co.kr/news/articleView.html?idxno=665102
연세대학교,코메디닷컴,"최윤영 순천향대 부천병원 교수, 대한위암학회 국제학술대회 ‘최우수...","이번 연구에는 순천향대 부천병원 윤진아·김희경·조인 교수, 서울대 치의학대학원 김기태 교수, 연세대 의대 신수진 교수가 함께 참여했다. 연구팀은 위암 조직 내 세포의 위치와 유전자 발현 정보를 동시에 분석하는...",2026-09-22 10:44,https://kormedi.com/?p=2871428,https://n.news.naver.com/mnews/article/296/0000105153?sid=103
연세대학교,머니투데이,"[단독]통일부, 북한인권 민간 사업 지원금 26억 일괄 삭감","통일부는 2022년 윤석열정부에서 장관 몫 이사 후보로 이정훈 연세대 교수, 김범수 세이브NK 대표 2명을 추천했다. 그러나 이재명정부 들어 새 후임자 추천은 없다는 것이다. 안 의원은 ""이재명정부 들어 정부사업에서...",2026-09-22 10:41,https://www.mt.co.kr/politics/2026/09/22/2026092210315073786,https://n.news.naver.com/mnews/article/008/0005417206?sid=100
연세대학교,뉴스핌,"숭실대 창업동아리 '두루', 수도권 대학 연합워크숍 우수상…AI 아이템...",창업중심대학 사업의 하나로 한양대학교 창업지원단이 주관한 'Startup CAMP' 프로그램이다. 숭실대학교는... 건국대와 광운대·동국대·서강대·숙명여대·숭실대·아주대·연세대·이화여대 등 수도권 14개 대학의 27개...,2026-09-22 10:37,https://www.newspim.com/news/view/20260922000468,https://www.newspim.com/news/view/20260922000468
고려대학교,연합뉴스,"성북구, 7개 대학과 상생협력 협약…'대학도시 성북' 비전 선포","구는 대학과의 협력사업을 종합 관리할 '대학 협력 전담 조직'을 신설하고, '대학 협력 실무 추진단'을 정기적으로 운영해 협력체계를 다져나갈 방침이다. 협약식에는 이승로 구청장, 김동원 고려대 총장, 정승렬 국민대...",2026-09-22 10:36,https://www.yna.co.kr/view/AKR20260922074200004?input=1195m,https://n.news.naver.com/mnews/article/001/0016328868?sid=102
고려대학교,MEDIAPEN,"영탁, ‘꺾어’로 지상파 3사 '성공적' 컴백…10월 전국투어 시작","한편, 영탁은 오는 10월 3~5일 서울 고려대학교 화정체육관에서 단독 콘서트 ‘탁쇼5(TAK SHOW5)’를 열고 전국투어를 시작한다. 공연에서는 정규 3집 신곡 무대를 선보일 예정이다. 서울에 이어 10월 24~25일 전주, 11월 28...",2026-09-22 10:36,https://www.mediapen.com/news/view/1125270,https://www.mediapen.com/news/view/1125270
연세대학교,ECONOVILL,도경수 콘서트 'DAY OFF' 장르 통합 1위…최강창민 콘서트 2위 [9월 21일 ...,미드나잇: 앤틀러스 [대학로] - 뮤지컬 - 2026.10.04 ~ 2026.11.15 - 서울 - 유니플렉스 1관(대극장)... 케플러(Kep1er) FAN-CON TOUR: RSVP: Respond our code - 대중음악 - 2026.11.07 ~ 2026.11.08 - 서울 - 연세대학...,2026-09-22 10:34,https://www.econovill.com/news/articleView.html?idxno=751514,https://www.econovill.com/news/articleView.html?idxno=751514
연세대학교,인사이트,반바지 입었다고 손글씨 반성문... 연세대 치대 강의실에 붙인 복장 규...,"연세대학교 치과대학이 복장 규정을 위반한 학생들에게 손글씨 반성문을 쓰게 한 뒤 이를 강의실에 공개 게시한 것으로 드러났다. 지난 21일 연세대 학보사 연세춘추 등의 보도에 따르면, 연세대 치대 학생이 작성한...",2026-09-22 10:34,https://www.insight.co.kr/news/574720,https://www.insight.co.kr/news/574720
연세대학교,MBN,"""연대 치대생답게 입을게요""…반바지 입었다고 '반성문'","연세대 치과대학 학생들이 복장 규정을 지키지 않았다는 이유로 쓴 손글씨 반성문이 강의실에 게시된 것으로 알려져 논란이 일고 있습니다. 연세대 치대 소속 한 학생이 쓴 반성문에는 ""부주의로 복장 규정을 위반하게 된...",2026-09-22 10:33,http://mbn.mk.co.kr/pages/news/newsView.php?category=mbn00009&news_seq_no=5220812,https://n.news.naver.com/mnews/article/057/0001970238?sid=102
연세대학교,뉴시스,췌장암 절반은 당뇨 동반…'이 경우' 위험 26배↑,"22일 의료계에 따르면 정문재 연세대 세브란스병원 소화기내과 교수와 이민영 내분비내과 교수, 장성인 연세의대 예방의학교실 교수, 유민희 연구지원부 연구원은 국민건강보험공단 자료를 활용해 2005년부터...",2026-09-22 10:31,https://www.newsis.com/view/NISX20260922_0003799878,https://n.news.naver.com/mnews/article/003/0014207095?sid=102
연세대학교,FETV,"[M&A 셈법-대한항공] ①아시아나 '흡수합병', 현대차와 달랐던 배경은",정승화 연세대 교수가 2004년 한국경영학회 학술지 'Korea Business Review'에 게재한 '현대자동차의 기아자동차 인수와 구조조정'에 따르면 현대차는 인수 초기 기아를 직할 경영한 뒤 수평 경영체제로 전환했다. 양사 대표가...,2026-09-22 10:28,https://www.fetv.co.kr/news/articleView.html?idxno=310644,https://www.fetv.co.kr/news/articleView.html?idxno=310644
연세대학교,대학저널,"숭실대 창업동아리 ‘두루', 수도권 대학 창업동아리 연합워크숍 ’우수...","수도권 대학 창업동아리 연합 워크숍’에서 숭실대학교 학생 창업동아리 ‘두루(DURU)’가 우수상(3위)을... 아주대, 연세대, 이화여대 등 14개 대학 27개 창업동아리가 참여했다. 행사에서는 창업 특강, 토크콘서트...",2026-09-22 10:24,https://dhnews.co.kr/news/view/1065575958071076,https://dhnews.co.kr/news/view/1065575958071076
고려대학교,CNB저널,"고려대-오하이오주립대, '리튬-텔루륨 전지' 수명 저하 원인 규명…성능...","고려대학교 화공생명공학과·배터리-스마트팩토리학과 유승호 교수 연구팀은 미국 오하이오주립대학교... 한편, 지난 18일 고려대학교는 SK와 교내 대학원 중앙도서관에서 'SK 글로벌 장학금 프로그램(SK GSP) 3기 장학증서...",2026-09-22 10:18,https://www.cnbizm.com/news/articleView.html?idxno=315884,https://www.cnbizm.com/news/articleView.html?idxno=315884
고려대학교,컨슈머타임스,"[특징주] 셀리드, 휴니버스글로벌 대상 유상증자 소식에 '상한가'",휴니버스글로벌은 지난 2017년 국가전략 프로젝트를 계기로 고려대학교의료원 산하 정밀의료사업단에서 출범했다. 현재 고려대학교의료기술지주가 지분 37%를 보유 중이다. 오는 11월 9일 유상증자 대금 납입이...,2026-09-22 10:16,https://www.cstimes.com/news/articleView.html?idxno=721673,https://www.cstimes.com/news/articleView.html?idxno=721673
연세대학교,메디칼타임즈,노원을지대병원 '심혈관 석학' 장양수 교수 영입,노원을지대학교병원은 국내 심혈관 분야의 대표적 석학이자 의료정책 전문가인 장양수 교수를 영입하고... 장 교수는 연세대학교 의과대학을 졸업하고 동 대학원에서 의학석사와 의학박사 학위를 취득했다. 이후...,2026-09-22 10:16,https://www.medicaltimes.com/Main/News/NewsView.html?ID=1170832&ref=naverpc,https://www.medicaltimes.com/Main/News/NewsView.html?ID=1170832&ref=naverpc
고려대학교,연합뉴스,"[신간] 한국 밥상은 어떻게 만들어졌나…'밥 국 찬, 한식의 탄생'","고려대 철학과 교수인 저자가 딱딱한 개념 대신 구체적인 질문에서 출발해 행복과 도덕, 정의, 전쟁, 안락사, 인공지능(AI) 등의 주제를 다루는 철학 입문서. 책은 일상에서 실제로 경험하는 상황을 통해 삶 속에서 철학의...",2026-09-22 10:12,https://www.yna.co.kr/view/AKR20260922064500005?input=1195m,https://n.news.naver.com/mnews/article/001/0016328734?sid=103
연세대학교,의학신문,신규 당뇨병 치료강도 높으면 췌장암 발생 위험 증가,"연세대 세브란스병원 소화기내과 정문재 교수와 내분비내과 이민영 교수, 의대 예방의학교실 장성인 교수, 연구지원부 유민희 연구원은 신규 발생 당뇨병의 초기 중증도와 단기간의 진행 양상이 췌장암 발생 위험과...",2026-09-22 10:12,https://www.bosa.co.kr/news/articleView.html?idxno=3012637,https://www.bosa.co.kr/news/articleView.html?idxno=3012637
연세대학교,K-HEALTH,"연세의대 구성욱 교수, 대한척추신경외과학회장 취임",한편 구성욱 신임 회장은 연세대학교 의과대학 신경외과학교실 교수로 척추 분야의 진료·연구·교육을 수행해왔다. 연세의료원 대외협력처장과 강남세브란스병원장을 역임했으며 현재 대한의용생체공학회 회장과...,2026-09-22 10:10,https://www.k-health.com/news/articleView.html?idxno=101312,https://www.k-health.com/news/articleView.html?idxno=101312
연세대학교,이데일리,반바지 입었다고 손글씨 반성문까지…연세대 치대 복장 규정 논란,연세대학교 치과대학이 복장 규정을 어긴 학생들에게 손글씨 반성문을 쓰게 하고 이를 강의실에 게시한 사실이 알려져 논란이 일고 있다. 지난 21일 연세대 학보사 연세춘추 등에 따르면 치대 소속 한 학생이 작성한...,2026-09-22 10:09,https://www.edaily.co.kr/News/Read?newsId=03102886645582744&mediaCodeNo=257&utm_source=naver&utm_medium=referral&utm_campaign=news_syndication&utm_content=original_article,https://n.news.naver.com/mnews/article/018/0006374183?sid=102
연세대학교,메디파나뉴스,"노원을지대병원, 장양수 교수 영입…심혈관 진료 강화","미국 클리블랜드 클리닉 심장내과에서 펠로우 과정을 수료한 뒤 연세의대 내과학교실 교수로 재직하며... 의학전문대학원 원장을 맡았으며, 포항공과대학교 생명공학연구센터와 연세대학교 전기전자공학과 겸직교수로...",2026-09-22 10:08,https://www.medipana.com/news/articleView.html?idxno=418106,https://www.medipana.com/news/articleView.html?idxno=418106
연세대학교,뉴시스,"순천향대 부천병원 최윤영, ‘KINGCA WEEK’ 최우수 연제상","연구에는 순천향대 부천병원 윤진아·김희경·조인 교수, 서울대학교 치의학대학원 김기태 교수, 연세대학교 의과대학 신수진 교수가 함께 참여했다. 연구팀은 조직 속 세포의 위치와 세포가 어떤 유전자를 발현하는지...",2026-09-22 10:08,https://www.newsis.com/view/NISX20260922_0003799793,https://n.news.naver.com/mnews/article/003/0014207020?sid=102
연세대학교,조선일보,신규 당뇨 진단 후 치료 빨라질수록… 췌장암 위험 26배 높아져,"연세대 세브란스병원 소화기내과 정문재 교수와 내분비내과 이민영 교수, 의대 예방의학교실 장성인 교수, 연구지원부 유민희 연구원은 신규 당뇨병의 초기 치료 강도와 이후 치료 변화가 췌장암 발생 위험과...",2026-09-22 10:08,https://health.chosun.com/site/data/html_dir/2026/09/22/2026092201199.html,https://n.news.naver.com/mnews/article/346/0000116365?sid=004
연세대학교,헤럴드경제,“안일한 생각으로”…반바지 입었다고 공개 반성문 쓰게 한 연세대 치...,22일 연세대 학보 연세춘추 등에 따르면 지난달 27일 이 학교치과대 학생 3명은 등교 시 반바지와 슬리퍼를 착용했다는 이유만으로 반성문을 작성했다. 치과대가 자체적으로 마련한 복장 규정을 위반한 데 따른 조치였다....,2026-09-22 10:08,https://biz.heraldcorp.com/article/10881688?ref=naver,https://n.news.naver.com/mnews/article/016/0002700717?sid=102
연세대학교,머니투데이,"""면역세포 접근 막는 구조 해독""…최윤영 순천향대 교수, 위암 지도 완성",순천향대학교 부천병원은 최윤영 위장관외과 교수가 지난 17~19일 열린 대한위암학회 국제학술대회 'KINGCA... 신수진 연세대 의과대학 교수가 공동 참여했다. 최 교수 연구팀은 조직의 평균적 유전자 발현 분석을 넘어...,2026-09-22 10:07,https://www.mt.co.kr/policy/2026/09/22/2026092209455066559,https://n.news.naver.com/mnews/article/008/0005417158?sid=102
연세대학교,한국대학신문,"숭실대 창업동아리 '두루', 수도권 대학 창업동아리 연합워크숍 우수상...","(사진=숭실대 제공)  숭실대학교(총장 이윤재)가 지난 15일부터 16일까지 열린 '2026수도권 대학 창업 동아리... 건국대, 광운대, 동국대, 서강대, 숙명여대, 숭실대, 아주대, 연세대, 이화여대 등 14개 대학 27개...",2026-09-22 10:06,https://news.unn.net/news/articleView.html?idxno=597845,https://news.unn.net/news/articleView.html?idxno=597845
고려대학교,OSEN,"영탁, ‘믿듣탁’ 진가 입증했다…‘꺾어’로 지상파 3사 음방 접수","오는 10월 3일부터 5일까지 사흘간 서울 고려대학교 화정체육관에서 단독 콘서트 ‘TAK SHOW5’를 개최하며 전국투어의 포문을 연다. ‘TAK SHOW5’는 서울 공연을 시작으로 10월 24~25일 전주, 11월 28~29일 대구, 12월 19~20일...",2026-09-22 10:06,http://www.osen.co.kr/article/G1112879902,https://m.entertain.naver.com/article/109/0005610773
고려대학교,점프볼,"리그 우승까지 1승 남겨놓은 중앙대 윤호영 감독, “찝찝한 우승은 안 ...",2026 대학농구 U-리그 건국대와 원정경기에서 85-57로 승리했다. 이날 승리로 중앙대는 16승 2패를 만들며 선두 자리를 수성했다. 같은 날 2위 고려대가 동국대에게 패하면서 정규리그 우승 매직넘버를 ‘3’에서 ‘1’로...,2026-09-22 10:04,https://m.sports.naver.com/basketball/article/065/0000301842,https://m.sports.naver.com/basketball/article/065/0000301842
연세대학교,데일리메디,"﻿연세사랑병원, '고관절 관절내시경센터' 개설",﻿﻿ 보건복지부 지정 관절 전문 연세사랑병원(고용곤 병원장)이 고관절 질환 치료 전문성을 강화하기 위해... 정재현 원장은 연세대학교 의과대학 출신으로 세브란스병원에서 전임의를 수료하고 이후 이대목동병원...,2026-09-22 10:02,https://www.dailymedi.com/news/news_view.php?wr_id=940766,https://www.dailymedi.com/news/news_view.php?wr_id=940766
연세대학교,메디파나뉴스,"구성욱 연세의대 교수, 대한척추신경외과학회 회장 취임",연세대학교 의과대학 신경외과학교실 구성욱 교수가 대한척추신경외과학회 신임 회장에 취임했다. 임기는... 구 회장은 연세의대 신경외과학교실 교수로 척추 분야 진료·연구·교육을 맡고 있다. 연세의료원...,2026-09-22 10:02,https://www.medipana.com/news/articleView.html?idxno=418104,https://www.medipana.com/news/articleView.html?idxno=418104
연세대학교,메디파나뉴스,새로 생긴 당뇨병 '빠른 악화'…췌장암 위험 신호,"연세대 세브란스병원 소화기내과 정문재 교수와 내분비내과 이민영 교수, 연세대 의대 예방의학교실 장성인 교수, 연구지원부 유민희 연구원은 신규 발생 당뇨병의 초기 중증도와 단기간의 진행 양상에 따른 췌장암...",2026-09-22 10:00,https://www.medipana.com/news/articleView.html?idxno=418103,https://www.medipana.com/news/articleView.html?idxno=418103
연세대학교,FETV,[김형기 교수의 고령화 이야기] AI 연령주의와 고령자 인권,연령주의는 노인만의 문제가 아니라 지금 노인의 인권을 위해 싸우는 사람은 사실 20~30년 뒤 자신의 인권을 위해 싸우고 있는 것은 아닐까. 김형기 연세대 경제대학원 겸임교수,2026-09-22 10:00,https://www.fetv.co.kr/news/articleView.html?idxno=310309,https://www.fetv.co.kr/news/articleView.html?idxno=310309
연세대학교,의학신문,"최윤영 순천향대 부천병원 교수, 위암학회 국제학술대회 '최우수 연제상...","초고해상도 공간 지도'를 주제로 연구 결과를 발표했다. 이번 연구에는 순천향대 부천병원 윤진아·김희경·조인 교수, 서울대 치의학대학원 김기태 교수, 연세대학교 의과대학 신수진 교수가 함께 참여했다.",2026-09-22 10:00,https://www.bosa.co.kr/news/articleView.html?idxno=3012634,https://www.bosa.co.kr/news/articleView.html?idxno=3012634
고려대학교,매일신문,"셀리드, 최대주주 변경 유상증자 결정 소식에 '상한가'","고려대학교의료기술지주가 지분 37%를 보유하고 있다. 회사는 경영목적 달성을 위해 투자자의 납입능력과 납입 가능 시기, 투자의향 등을 종합적으로 고려해 대상자를 선정했다고 밝혔다.",2026-09-22 09:59,https://www.imaeil.com/page/view/2026092209560689312,https://n.news.naver.com/mnews/article/088/0001029912?sid=101
고려대학교,글로벌이코노믹,"[특징주] 셀리드, 휴니버스글로벌 최대주주 변경 결정.. '상한가'",휴니버스글로벌은 2017년 국가전략 프로젝트를 통해 고려대학교의료원 산하 정밀의료사업단으로 출범한 정밀의료 플랫폼 기업이다. 고려대학교의료기술지주가 지분 37%를 보유하고 있다. 오는 11월 9일...,2026-09-22 09:58,https://www.g-enews.com/view.php?ud=20260922094744441144093b5d4e_1,https://www.g-enews.com/view.php?ud=20260922094744441144093b5d4e_1
고려대학교,뉴스프리존,"고려대, 차세대 '리튬-텔루륨 전지' 성능 저하 원인 규명",고려대는 유승호 화공생명공학과·배터리-스마트팩토리학과 교수 연구팀이 미국 오하이오주립대 권상일 화학생물공학과 교수 연구팀과 공동으로 리튬-텔루륨 전지의 성능 저하 원인을 밝히고 수명을 늘렸다고...,2026-09-22 09:56,https://www.newsfreezone.co.kr/news/articleView.html?idxno=710604,https://www.newsfreezone.co.kr/news/articleView.html?idxno=710604
연세대학교,아시아경제,"'1980년생 이하·SKY 출신'만 모셔요…대기업 채용 지침, 법적으로 괜찮...","특히 서울과 판교 근무자의 경우 서울대·연세대·고려대 등을 포함한 일부 대학 출신을 중심으로 선발하도록 하는 등 지역별 대학 기준까지 마련했던 것으로 전해졌다. 나이는 벌금, 학벌은 처벌조항 없어…기업 채용...",2026-09-22 09:55,https://view.asiae.co.kr/article/2026092209463340285,https://n.news.naver.com/mnews/article/277/0005819717?sid=102
고려대학교,아시아경제,"'1980년생 이하·SKY 출신'만 모셔요…대기업 채용 지침, 법적으로 괜찮...","특히 서울과 판교 근무자의 경우 서울대·연세대·고려대 등을 포함한 일부 대학 출신을 중심으로 선발하도록 하는 등 지역별 대학 기준까지 마련했던 것으로 전해졌다. 나이는 벌금, 학벌은 처벌조항 없어…기업 채용...",2026-09-22 09:55,https://view.asiae.co.kr/article/2026092209463340285,https://n.news.naver.com/mnews/article/277/0005819717?sid=102
고려대학교,뉴스핌,"이민옥 시의원, 자원봉사로 미래세대 성장 지원 방안…예산 확보 의지 ...","발제에서는 이선미 서울여자대학교 교수가 ""왜 지금, 미래세대에게 봉사 경험인가""를 주제로 자원봉사의... 오지혜 고려대학교 연구교수, 최주일 SK행복나눈재단 본부장이 각각 청년봉사, 학교봉사, 대학협력...",2026-09-22 09:50,https://www.newspim.com/news/view/20260922000358,https://www.newspim.com/news/view/20260922000358
고려대학교,GPKOREA,"영탁, 3년 만에 돌아왔다…'꺾어'로 지상파 3사 컴백","영탁은 오는 10월 3일부터 5일까지 서울 고려대학교 화정체육관에서 단독 콘서트 'TAK SHOW5'를 열고 전국투어를 시작한다. 서울 공연 이후 10월 24~25일 전주, 11월 28~29일 대구, 12월 19~20일 인천, 내년 1월 16~17일 부산에서...",2026-09-22 09:50,https://www.gpkorea.com/news/articleView.html?idxno=146947,https://www.gpkorea.com/news/articleView.html?idxno=146947
연세대학교,MONEWS,"[동정] 구성욱 교수, 대한척추신경외과학회 회장 취임","한편 구 신임 회장은 연세대학교 의과대학 신경외과학교실 교수로 척추 분야의 진료·연구·교육을 수행해 왔다. 연세의료원 대외협력처장과 강남세브란스병원장을 역임했으며, 현재 대한의용생체공학회 회장...",2026-09-22 09:50,https://www.monews.co.kr/news/articleView.html?idxno=414098,https://www.monews.co.kr/news/articleView.html?idxno=414098
고려대학교,뉴스1,조성칠 대전시의장 시도의회의장협의회 부회장 선임,"조 의장은 고려대 중어중문학과를 졸업했으며 한국민족예술인총연합 대전지회(대전민예총) 사무처장, 원도심문화예술인연대 공동대표를 지낸 뒤 10대 대전시의회 전반기 의장으로 추대됐다. 한편...",2026-09-22 09:46,https://www.news1.kr/local/daejeon-chungnam/6298457,https://n.news.naver.com/mnews/article/421/0009185317?sid=102
연세대학교,KMEDINFO,신규 당뇨병 빠르게 악화하면 췌장암 위험 신호,"연세대 세브란스병원 내분비내과 이민영 교수와 연구지원부 유민희 연구원, 의대 예방의학교실 장성인 교수, 소화기내과 정문재 교수 등이 참여한 연구팀은 국민건강보험공단 자료를 활용해 신규 제2형 당뇨병의...",2026-09-22 09:44,http://www.kmedinfo.co.kr/news/articleView.html?idxno=97853,http://www.kmedinfo.co.kr/news/articleView.html?idxno=97853
고려대학교,뉴시스,"조성칠 대전시의장, '시도의회의장협의회 부회장' 됐다","조 의장 고려대 중문과를 졸업했고 대전충남민주화운동계승사업회 이사, 대전민족예술인총연합 상임이사 등을 지냈으며 더민주대전혁신의회 상임대표와 홍범도장군기념사업회 대전모임 상임대표를 맡고 있다....",2026-09-22 09:42,https://www.newsis.com/view/NISX20260922_0003799699,https://n.news.naver.com/mnews/article/003/0014206887?sid=102
고려대학교,조선비즈,"[특징주] 셀리드, 휴니버스글로벌 최대주주 변경 소식에 ‘상한가’",휴니버스글로벌은 2017년 국가전략 프로젝트를 통해 고려대학교의료원 산하 정밀의료사업단으로 출범한 정밀의료 플랫폼 기업이다. 고려대학교의료기술지주가 지분 37%를 보유하고 있다. 오는 11월 9일...,2026-09-22 09:42,https://biz.chosun.com/stock/stock_general/2026/09/22/R3XUBGEUJNFLHJP2BHMATENXXE/?utm_source=naver&utm_medium=original&utm_campaign=biz,https://n.news.naver.com/mnews/article/366/0001193852?sid=101
연세대학교,팜뉴스,"연세사랑병원, 고관절 관절내시경센터 개설…정재현 센터장 위촉","정재현 원장은 연세대학교 의과대학 및 동 대학원을 졸업한 정형외과 전문의다. 연세사랑병원 정재현 센터장은 ""고관절은 체중을 지탱하고 움직임을 조절하는 관절로 통증이나 이상이 발생하면 진료를 통해 원인을 확인할...",2026-09-22 09:40,https://www.pharmnews.com/news/articleView.html?idxno=306467,https://www.pharmnews.com/news/articleView.html?idxno=306467
연세대학교,이데일리,"신규 당뇨병, 초기 중증도·악화 속도가 췌장암 발생 위험 신호","연세대 세브란스병원 소화기내과 정문재 교수와 내분비내과 이민영 교수, 의대 예방의학교실 장성인 교수, 연구지원부 유민희 연구원은 신규 발생 당뇨병의 초기 중증도와 단기간의 진행 양상이 췌장암 발생 위험과...",2026-09-22 09:40,https://www.edaily.co.kr/News/Read?newsId=02961846645582744&mediaCodeNo=257&utm_source=naver&utm_medium=referral&utm_campaign=news_syndication&utm_content=original_article,https://n.news.naver.com/mnews/article/018/0006374147?sid=102
연세대학교,스타뉴스,"""프로 첫 사인은 부모님께"" 9년째 이어진 KT의 특별한 전통... 올해는 '소...","(22·연세대), 9라운드 김단(18·휘문고), 10라운드 안우석(18·경남고), 11라운드 이지효(18·장안고)를 차례로 선택했다. 나도현 KT 단장은 ""사전에 검토했던 선수들을 예상대로 지명할 수 있어 전반적으로 만족스럽다""고...",2026-09-22 09:38,https://www.starnewskorea.com/sports/2026/09/22/2026092209314065459,https://m.sports.naver.com/kbaseball/article/108/0003472473
연세대학교,FNTODAY,서장훈의 '방송인 가치' 얼마일까…평가모형이 산출한 1850억원,보고서는 연세대학교와 사랑의열매 등에 대한 기부를 포함해 누적 기부액을 약 4억5000만원 이상으로 추산했다. 신뢰도는 10점 만점에 8.1점으로 평가했다. 보고서는 안정적인 방송 활동과 함께 과거 논란 등을...,2026-09-22 09:36,https://www.fntoday.co.kr/news/articleView.html?idxno=393621,https://www.fntoday.co.kr/news/articleView.html?idxno=393621
고려대학교,한국대학신문,"고려대, 차세대 고성능 배터리 '리튬-텔루륨 전지' 성능 저하 원인 찾았...","고려대 배터리-스마트팩토리학과 최효열 석박사통합과정, 화공생명공학과 김미현 박사, 텍사스A&M대학교 이치호 박사후연구원(이상 공동 제1저자)과 고려대 화공생명공학과 유승호 교수, 미국 오하이오주립대...",2026-09-22 09:36,https://news.unn.net/news/articleView.html?idxno=597836,https://news.unn.net/news/articleView.html?idxno=597836
고려대학교,CCDAILYNEWS,고려대 세종 신임교원 교외연구 도전 지원,"▲ 고려대학교 세종캠퍼스 세종산학협력단의 '6회 KUS New Challenger 설명회' 참석자들 새 연구실을 꾸린... 2026년 8월 정보공시 기준 전임교원 1인당 교외연구비는 1억6600만원으로 전국 종합대학 13위, 비수도권...",2026-09-22 09:36,https://www.ccdailynews.com/news/articleView.html?idxno=2442492,https://www.ccdailynews.com/news/articleView.html?idxno=2442492
연세대학교,YOUTHDAILY,"[닥터 김덕규의 건강과 재생의학]  폭염이 부르는 면역력 저하, 여...",글 / 김덕규(닥터킨베인 병원장) ㈜ 제론셀베인 대표이사 닥터킨베인 피부과의원 대표원장 연세대 세브란스병원 전문의 대한 피부 레이저 학회 공보이사 연세대 세브란스 에스테틱연구회 정회원 PDRN 항염재생치의학연구회...,2026-09-22 09:36,https://www.youthdaily.co.kr/news/article.html?no=227477,https://www.youthdaily.co.kr/news/article.html?no=227477
연세대학교,EROUN,"연세사랑병원, '고관절 관절내시경센터' 개설...전문진료 체계 강화","대퇴비구 충돌증후군·대퇴골두무혈성괴사 등 고관절 질환 진료 이로운넷 = 이수진 에디터 연세사랑병원이... 센터를 맡은 정 원장은 정형외과 전문의로, 연세대학교 의과대학을 졸업하고 같은 대학원에서 의학박사 학위를...",2026-09-22 09:34,https://www.eroun.net/news/articleView.html?idxno=90714,https://www.eroun.net/news/articleView.html?idxno=90714
연세대학교,INEWS365,"충주의료원, 중환자 진료에 '원격 협진'…10월 e-ICU 가동","원주세브란스기독병원과 실시간 모니터링, 지역 중환자 진료 대응력 강화 ［충북일보］ 충주의료원은 보건복지부 공모사업으로 선정된 원격중환자실(e-ICU) 협력 네트워크 사업에 따라 연세대 원주세브란스기독병원을...",2026-09-22 09:34,https://www.inews365.com/news/article.html?no=936845,https://www.inews365.com/news/article.html?no=936845
연세대학교,글로벌이코노믹,"김포 장기도서관, 서은국 교수 초청 '행복' 강연 10월 18일에",이번 행사의 주인공은 대한민국 대표 행복 연구자인 연세대학교 심리학과 서은국 교수다. 이번 특강은 '인간의 행복은 어디서 오는가'를 대주제로 열린다. 그간 우리가 가졌던 행복에 대한 막연한 환상이나 통념에서...,2026-09-22 09:34,https://www.g-enews.com/view.php?ud=20260922092922704720ae620e86_1,https://www.g-enews.com/view.php?ud=20260922092922704720ae620e86_1
연세대학교,CFNEWS,"[김종두 칼럼] 수능 전 인문논술, 한 편의 답안을 완성하는 힘",대학별 차이도 준비에 반영해야 한다. 연세대 서울캠퍼스는 영어 제시문이나 수리·통계자료가 포함될 수 있다고 안내한다. 지원 대학의 유형에 따라 글의 논리를 읽는 연습과 자료를 해석하는 연습을 배분해야 한다. 표와...,2026-09-22 09:32,https://www.cfnews.kr/news/article.html?no=112250,https://www.cfnews.kr/news/article.html?no=112250
연세대학교,메디칼트리뷴,"당뇨 초기 신속·고강도치료, 췌장암 위험↑","연세대 세브란스병원 소화기내과 정문재 교수, 내분비내과 이민영 교수, 의대 예방의학교실 장성인 교수 연구팀은 국민건강보험공단 데이터로 초기 치료 강도 및 속도와 췌장암 발생 위험의 관련성을 분석해 소화기학...",2026-09-22 09:32,http://www.medical-tribune.co.kr/news/articleView.html?idxno=215237,http://www.medical-tribune.co.kr/news/articleView.html?idxno=215237
연세대학교,TODAYENERGY,"""수소, 가능성 넘어 국가 에너지 생태계로 연결해야""","한국공학한림원 연세대학교 문일 교수의 사회로 진행됐다. 이번 대토론회는 국회·산·학·연에 공통적으로... 이날 토론을 이끈 연세대학교 문일 교수는 ""지금은 기후변화를 넘어 기후재난의 시대이며, 수소사회로의...",2026-09-22 09:32,https://www.todayenergy.kr/news/articleView.html?idxno=303366,https://www.todayenergy.kr/news/articleView.html?idxno=303366
연세대학교,헤럴드경제,"[의료계 동정]연세의대 구성욱 교수, 대한척추신경외과학회 회장 취임","구성욱 신임 회장은 연세대학교 의과대학 신경외과학교실 교수로 척추 분야의 진료·연구·교육을 수행해 왔다. 연세의료원 대외협력처장과 강남세브란스병원장을 역임했으며, 현재 대한의용생체공학회 회장...",2026-09-22 09:31,https://biz.heraldcorp.com/article/10881557?ref=naver,https://n.news.naver.com/mnews/article/016/0002700662?sid=101
연세대학교,베리타스알파,숭실대 창업동아리 '두루' 수도권 대학 창업동아리 연합 워크숍서 우수...,"건국대/광운대/동국대/서강대/숙명여대/숭실대/아주대/연세대/이화여대 등 14개 대학 27개 창업동아리가 참여했으며, 창업 특강과 토크콘서트, 전문가 멘토링, 창업동아리 간 네트워킹, 우수 창업동아리 선발을 위한 IR...",2026-09-22 09:26,https://www.veritas-a.com/news/articleView.html?idxno=629119,https://www.veritas-a.com/news/articleView.html?idxno=629119
고려대학교,팝콘뉴스,"고려대-오하이오주립대 연구팀, '리튬-텔루륨 전지' 성능 저하 원인 찾...",고려대학교(총장 김동원)는 화공생명공학과/배터리-스마트팩토리학과 유승호 교수 연구팀이 미국 오하이오주립대학교 화학생물공학과 권상일 교수 연구팀과 공동으로 '리튬-텔루륨 전지'의 성능 저하 원인을 밝히고...,2026-09-22 09:24,http://www.popcornnews.net/news/articleView.html?idxno=133793,http://www.popcornnews.net/news/articleView.html?idxno=133793
고려대학교,점프볼,"우승 멀어진 고려대, 연세대와 8강 격돌 가능성 생겼다",참고로 고려대는 성균관대에게도 지면 동국대와 경기에 이어 2연패를 당한다. 고려대가 홈앤드어웨이 방식의 대학농구리그에서 연패를 당한 건 2011년 3연패 이후 아직까지 없다. #사진_ 점프볼 DB,2026-09-22 09:23,https://m.sports.naver.com/basketball/article/065/0000301840,https://m.sports.naver.com/basketball/article/065/0000301840
연세대학교,점프볼,"우승 멀어진 고려대, 연세대와 8강 격돌 가능성 생겼다",이 경우 이미 5위를 확정한 연세대와 플레이오프 첫 판부터 맞붙는다. 고려대는 21일 고려대학교 화정체육관에서 열린 2026 KUSF 대학농구 U-리그 홈 경기에서 동국대에게 61-68로 일격을 당했다. 9연승을 질주하던...,2026-09-22 09:23,https://m.sports.naver.com/basketball/article/065/0000301840,https://m.sports.naver.com/basketball/article/065/0000301840
고려대학교,주간한국,"고대구로병원, 내달 19일 '당뇨발의 날' 건강강좌·무료검진",대한당뇨발학회가 주최하는 이번 행사는 내달 19일 고려대학교 구로병원을 시작으로 22일까지 전국 주요 대학병원과 종합병원 7곳에서 순차적으로 진행된다. 행사 첫날은 고려대학교 구로병원에서 ▲개회식 및 축사...,2026-09-22 09:22,https://weekly.hankooki.com/news/articleView.html?idxno=7185480,https://weekly.hankooki.com/news/articleView.html?idxno=7185480
고려대학교,문화일보,3×3농구·카바디 “우리도 있어요”… ‘신스틸러’ 꿈꾸는 태극전사들...,"이주영·김승우(이상 연세대), 이동근(고려대), 구민교(성균관대) 등 대학생 4명으로 꾸려진 남자 3대3 농구대표팀은 추석 당일 메달 획득에 도전한다. 네 선수는 지난 4월 국제농구연맹(FIBA) 3대3 아시아컵에서...",2026-09-22 09:18,https://www.munhwa.com/article/11618795?ref=naver,https://n.news.naver.com/mnews/article/021/0002820525?sid=104
연세대학교,문화일보,3×3농구·카바디 “우리도 있어요”… ‘신스틸러’ 꿈꾸는 태극전사들...,"이주영·김승우(이상 연세대), 이동근(고려대), 구민교(성균관대) 등 대학생 4명으로 꾸려진 남자 3대3 농구대표팀은 추석 당일 메달 획득에 도전한다. 네 선수는 지난 4월 국제농구연맹(FIBA) 3대3 아시아컵에서...",2026-09-22 09:18,https://www.munhwa.com/article/11618795?ref=naver,https://n.news.naver.com/mnews/article/021/0002820525?sid=104
고려대학교,베리타스알파,"고려대-오하이오주립대 공동연구팀, 리튬-텔루륨 전지 성능저하 원인 규...","(왼쪽부터) 고려대 배터리-스마트팩토리학과 최효열 석박사통합과정, 화공생명공학과 김미현 박사, 텍사스A&M대학교 이치호 박사후연구원(이상 공동 제1저자)과 고려대 화공생명공학과 유승호 교수, 미국...",2026-09-22 09:16,https://www.veritas-a.com/news/articleView.html?idxno=629109,https://www.veritas-a.com/news/articleView.html?idxno=629109
연세대학교,TV조선,반바지 입었다고 '손글씨 반성문'…연세대 치대 '강의실 공개' 시끌,연세대학교 치과대학에서 복장 규정을 어긴 학생들에게 반성문을 쓰게 한 뒤 이를 강의실에 공개 게시한 사실이 알려져 논란이 일고 있다. 언론 보도에 따르면 연세대 치대 소속 한 학생이 작성한 손글씨 반성문에는...,2026-09-22 09:11,https://news.tvchosun.com/site/data/html_dir/2026/09/22/2026092290059.html,https://n.news.naver.com/mnews/article/448/0000640749?sid=102
고려대학교,STARDAILYNEWS,"영탁, '꺾어'로 지상파 3사 음악방송 출연…정규 3집 활동 시작","영탁은 오는 10월 3일부터 5일까지 서울 고려대학교 화정체육관에서 단독 콘서트 'TAK SHOW5'를 개최한다. 이후 10월 24~25일 전주, 11월 28~29일 대구, 12월 19~20일 인천, 2027년 1월 16~17일 부산에서 공연을 이어갈 예정이다.",2026-09-22 09:10,https://www.stardailynews.co.kr/news/articleView.html?idxno=550574,https://www.stardailynews.co.kr/news/articleView.html?idxno=550574
고려대학교,MONEWS,[행사] 고대구로병원 제2회 당뇨발 날 행사 개최,대한당뇨발학회가 주최하는 이번 행사는 10월 19일 고려대학교 구로병원을 시작으로 10월 22일까지 전국 7개 주요 대학 및 종합병원에서 순차적으로 진행된다. 행사 첫날인 10월 19일 고려대학교 구로병원에서는 △개회식...,2026-09-22 09:04,https://www.monews.co.kr/news/articleView.html?idxno=414092,https://www.monews.co.kr/news/articleView.html?idxno=414092
고려대학교,톱스타뉴스,"영탁, 정규 3집 'GOGO'로 지상파 3사 휩쓸며 강렬 컴백 완성","영탁은 오는 10월 3일부터 5일까지 사흘 동안 서울 고려대학교 화정체육관에서 단독 콘서트 'TAK SHOW5'를 연다. 'TAK SHOW5'는 서울 공연 이후 10월 24일부터 25일까지 전주, 11월 28일부터 29일까지 대구, 12월 19일부터 20일까지...",2026-09-22 09:02,https://www.topstarnews.net/news/articleView.html?idxno=16206284,https://www.topstarnews.net/news/articleView.html?idxno=16206284
연세대학교,중부매일,"충주의료원, 원격중환자실 가동…지역 중환자 진료 안전망 넓힌다",22일 충청북도 충주의료원(원장 윤창규)에 따르면 연세대학교 원주세브란스기독병원과 연계한 원격중환자실(e-ICU) 협력 네트워크를 구축하고 오는 10월부터 정식 운영에 들어간다. 이번 사업은 보건복지부 공모사업으로...,2026-09-22 09:02,https://www.jbnews.com/news/articleView.html?idxno=1512064,https://www.jbnews.com/news/articleView.html?idxno=1512064
고려대학교,스포츠서울,"3년 만에 판 뒤흔든 싱어송라이터…영탁, 신곡 ‘꺾어’로 무대 장악","그는 오는 10월 3일부터 사흘 동안 서울 고려대학교 화정체육관에서 다섯 번째 단독 콘서트 ‘TAK SHOW5’의 막을 올린다. 이번 서울 일정을 시작으로 전주, 대구, 인천, 부산으로 이어지는 전국 순회공연을 통해 새 음반...",2026-09-22 09:02,https://www.sportsseoul.com/news/read/1636935?ref=naver,https://m.entertain.naver.com/article/468/0001268128
연세대학교,서울경제TV,"10년 거주 민간임대 ‘이대역 마포 프론티어’, 임대인 2차 모집 개시","반경 약 1㎞ 내에 초·중·고교가 밀집해 도보 학세권을 형성하고 있으며, 이화여대, 서강대, 연세대, 홍익대 등 명문 대학교가 인접해 있다. 현대백화점 신촌점과 대형마트, 신촌 세브란스병원 등 수준 높은 의료·문화...",2026-09-22 09:02,https://www.sentv.co.kr/article/view/sentv202609180118,https://www.sentv.co.kr/article/view/sentv202609180118
고려대학교,SISUNNEWS,"(주)더마인스트루먼트, '2026 IP나래 프로그램' 선정…AI·EMS 기술 고도...","이를 계기로 대학·병원·연구기관과 기술협력 논의를 확대하며 기술 고도화와 사업화 가능성을 구체화하고 있다. MEDITEK 행사 기간에는 가톨릭대학교, 가천대길병원, 차병원·차바이오 그룹, 고려대학교...",2026-09-22 09:00,http://www.sisunnews.co.kr/news/articleView.html?idxno=246426,http://www.sisunnews.co.kr/news/articleView.html?idxno=246426
고려대학교,SWTVNEWS,"영탁, ‘꺾어’로 지상파 3사 음악방송 접수…성공적 컴백","한편, 영탁은 오는 10월 3일부터 5일까지 사흘간 서울 고려대학교 화정체육관에서 단독 콘서트 ‘TAK SHOW5’를 개최하며 전국투어의 포문을 연다. ‘TAK SHOW5’는 서울 공연을 시작으로 10월 24~25일 전주, 11월 28~29일 대구...",2026-09-22 08:56,https://swtvnews.com/news/newsview.php?ncode=1065569888121974,https://swtvnews.com/news/newsview.php?ncode=1065569888121974
고려대학교,에너지경제,"고려대 구로병원, 10월 19일 ‘제2회 당뇨발의 날’ 행사","대한당뇨발학회가 주최하는 이번 행사는 고려대 구로병원을 시작으로 10월 22일까지 전국 7개 주요 대학 및 종합병원에서 순차적으로 진행된다. 의료진의 건강강좌, 전문의 1대1 맞춤형 질의응답이 이어진다....",2026-09-22 08:52,https://www.ekn.kr/web/view.php?key=20260922028517780,https://www.ekn.kr/web/view.php?key=20260922028517780
고려대학교,NC,"영탁, '꺾어'로 3년 만의 컴백...음악방송부터 콘서트까지","오는 10월 3일부터 5일까지 서울 고려대학교 화정체육관에서 'TAK SHOW5'를 열고 전국투어의 시작을 알린다. 이후 10월 24~25일 전주, 11월 28~29일 대구, 12월 19~20일 인천, 내년 1월 16~17일 부산에서 공연을 이어간다. 정규 3집...",2026-09-22 08:51,https://www.nc.press/news/articleView.html?idxno=626993,https://www.nc.press/news/articleView.html?idxno=626993
고려대학교,코리아쉬핑가제트,“보험가입도 안돼” 원자력선 상용화 갈길 멀다,9월9일 국회에서 열린 16회 해운·조선·물류 안전화포럼에서 김인현 고려대 명예교수는 제도적으로 원자력... 원자력 손해배상법의 국제 권위자인 박기갑 고려대 명예교수는 원자력 손해배상의 기본 원칙은 ▲원자력...,2026-09-22 08:50,https://www.ksg.co.kr/news/main_newsView.jsp?pNum=148071,https://www.ksg.co.kr/news/main_newsView.jsp?pNum=148071
고려대학교,이투데이,"영탁, ‘꺾어’ 음악방송 성공적 컴백→챌린지 열풍",‘꺾어’ 댄스 챌린지 역시 숏폼 플랫폼을 타고 대세 열풍을 일으키고 있다. 한편 영탁은 오는 10월 3일부터 5일까지 사흘간 서울 고려대학교 화정체육관에서 단독 콘서트 ‘TAK SHOW5’를 개최하고 전국투어에 나선다.,2026-09-22 08:46,https://enter.etoday.co.kr/news/view/302767,https://enter.etoday.co.kr/news/view/302767
연세대학교,매일신문,"""반바지 입어 깊이 반성""…연세대 치대생 반성문 공개 논란",연세대학교 치과대학에서 복장 규정을 어긴 학생들에게 손글씨 반성문을 쓰게 하고 이를 강의실에 게시한 사실이 알려졌다. 21일 연세대 학보사 연세춘추 등에 따르면 연세대 치대 소속 한 학생이 작성한 반성문에는...,2026-09-22 08:46,https://www.imaeil.com/page/view/2026092208430597665,https://n.news.naver.com/mnews/article/088/0001029890?sid=102
연세대학교,컨슈머타임스,클루,"저자인 김혜주는 이화여자대학교에서 통계학을 전공하고 서울대학교에서 통계학 석사, 연세대학교에서 디지털경영 박사학위를 받았다. 롯데멤버스 대표이사를 지냈으며 과학기술정보통신부 장관상과 산업포장을...",2026-09-22 08:46,https://www.cstimes.com/news/articleView.html?idxno=721629,https://www.cstimes.com/news/articleView.html?idxno=721629
고려대학교,쿠키뉴스,교육프로그램 확대·문화 활성화·인프라 개방…‘대학도시 성북’의 새...,쿠키뉴스=이소연 기자 | 서울 성북구가 관내 7개 대학과 함께 ‘대학도시 성북’ 조성하는 협력 체계를 구축했다. 성북구와 고려대·국민대·동덕여대·서경대·성신여대·한성대·한국예술종합학교(한예종)은 21일 오후 2시...,2026-09-22 08:46,https://www.kukinews.com/article/view/kuk202609220012,https://www.kukinews.com/article/view/kuk202609220012
고려대학교,BNTNEWS,"영탁, ‘꺾어’로 지상파 3사 접수","영탁은 오는 10월 3일부터 5일까지 서울 고려대학교 화정체육관에서 단독 콘서트 ‘TAK SHOW5’를 열고 전국투어에 돌입한다. 이후 10월 24~25일 전주, 11월 28~29일 대구, 12월 19~20일 인천, 내년 1월 16~17일 부산에서...",2026-09-22 08:38,https://www.bntnews.co.kr/article/view/bnt202609220101,https://www.bntnews.co.kr/article/view/bnt202609220101
고려대학교,SLIST,"영탁, '꺾어' 챌린지도 화제…더보이즈 에릭→엑소 세훈 등 참여","영탁은 오는 10월 3일부터 5일까지 서울 고려대학교 화정체육관에서 단독 콘서트 'TAK SHOW5'를 개최한다. 이후 10월 전주, 11월 대구, 12월 인천, 내년 1월 부산으로 전국투어를 이어갈 예정이다.",2026-09-22 08:34,https://www.slist.kr/news/articleView.html?idxno=767986,https://www.slist.kr/news/articleView.html?idxno=767986
고려대학교,EINFOMAX,"김우찬 코스닥시장위원장, 산은 사외이사 사임…'이해충돌' 우려",고려대 경영대학 교수인 그는 거래소 코스닥시장위원회의 추천을 받아 코스닥시장위원장에 신규 선임됐다. 임기는 2028년 7월까지 2년이다. 코스닥시장위원회는 코스닥시장 증권의 상장승인과 상장폐지를 결의하는 게...,2026-09-22 08:20,https://news.einfomax.co.kr/news/articleView.html?idxno=4436002,https://news.einfomax.co.kr/news/articleView.html?idxno=4436002
고려대학교,이뉴스투데이,"[고려대 소식] 고려대-SK, '첨단분야 글로벌 장학생' 지원 외",9월 18일 고려대 대학원 중앙도서관에서 'SK Global Scholarship Program(이하 SK GSP) 3기 장학증서 수여식'이 열렸다. SK GSP는 우수한 외국인 학생들을 첨단분야 인재로 양성하기 위한 고려대와 SK(SK하이닉스·SK텔레콤...,2026-09-22 08:20,http://www.enewstoday.co.kr/news/articleView.html?idxno=2472771,http://www.enewstoday.co.kr/news/articleView.html?idxno=2472771
고려대학교,문화일보,"‘대학도시 성북’, 구내 7개 대학과 업무협약 체결","이번 행사는 성북구와 지역 대학 간 협력체계를 공식화하고, 청년과 지역이 공존하는 대학도시 성북 조성을 위한 초석을 다지기 위해 마련됐다. 이날 협약식에는 이승로 성북구청장을 비롯해 김동원 고려대 총장, 정승렬...",2026-09-22 08:15,https://www.munhwa.com/article/11618766?ref=naver,https://n.news.naver.com/mnews/article/021/0002820496?sid=102
연세대학교,한국일보,"""반바지 입어 죄송"" 반성문까지… 연세대 치대 복장 규정 논란",연세대 치과대학 학생들이 단과대 자체 복장 규정을 지키지 않았다는 이유로 자필 반성문까지 쓴 것으로... 22일 연세대 학보 연세춘추 등에 따르면 지난달 27일 이 학교치과대 학생 3명은 등교 시 반바지와 슬리퍼를...,2026-09-22 08:09,https://www.hankookilbo.com/news/article/A2026092207330005260?did=NA,https://n.news.naver.com/mnews/article/469/0000955435?sid=102
연세대학교,조선일보,위험한 지시 100번 중 97번 시도… AI에 로봇을 맡겨도 될까,연세대·미국 스탠퍼드대·워싱턴대 공동 연구진은 지난해 ‘SAFEL’ 연구에서 942개 상황을 제시하고 AI 모델 13종이 어떤 행동 계획을 세우는지 평가했다. 연구진이 제시한 오류 사례에는 표백제가 묻은 걸레로 과일을...,2026-09-22 08:05,https://www.chosun.com/economy/tech_it/2026/09/22/JIYTMFNMY5DGBISMUX2V7L43PY/?utm_source=naver&utm_medium=referral&utm_campaign=naver-news,https://n.news.naver.com/mnews/article/023/0003999824?sid=105
고려대학교,WOMANECONOMY,[K-지능열전] ⑦ 데이터는 움직이기 싫다···HBM부터 K-멜로디까지,"고려대와 KAIST, LG화학, 숭실대 등도 연합학습 기반 AI 신약개발 연구에 참여하고 있다. 목표 가운데 하나는 ADMET 예측 AI 모델이다. ADMET은 신약 후보물질이 인체에서 흡수되고 분포·대사·배설되는 과정과 독성을 뜻한다....",2026-09-22 08:00,https://www.womaneconomy.co.kr/news/articleView.html?idxno=258952,https://www.womaneconomy.co.kr/news/articleView.html?idxno=258952
고려대학교,데일리안,"더마인스트루먼트, AI·생체신호 결합 웰니스 디바이스 시장 진출","이후 대학과 병원, 연구기관 등과 기술협력 논의를 이어가며 기술 개발과 사업화 가능성을 검토하고 있다. 행사에서는 가톨릭대학교, 가천대길병원, 차병원·차바이오 그룹, 고려대학교·한국과학기술연구원...",2026-09-22 08:00,https://www.dailian.co.kr/news/view/1692939/?sc=Naver,https://n.news.naver.com/mnews/article/119/0003135291?sid=105
연세대학교,CBCI,슬리퍼·반바지 금지에 자필 반성문 전시까지…'연대 치대' 과도한 복장...,"치대 측 교육 차원 조치 강조하며 복장 규정 개선 의사 밝혀 / 연세대 치과대학 학생 복장 규정 복장 지침에 반바지, 짧은 치마, 슬리퍼 착용 금지 포함/ 연세대학교 치과대학병원 [CBC뉴스] 연세대학교 치과대학에서 복장...",2026-09-22 08:00,https://www.cbci.co.kr/news/articleView.html?idxno=608796,https://www.cbci.co.kr/news/articleView.html?idxno=608796
연세대학교,시사저널,DB그룹 '왕좌' 흔드는 장녀의 역습…안갯속 빠진 2세 후계 구도,1973년생인 김 부회장은 서울예고와 연세대에서 음악을 전공한 뒤 결혼 후 주로 미국에 체류하며 오랫동안... 공석이 된 회장 자리는 김 창업회장의 대학 동문이자 오랜 최측근인 이수광 전 DB손해보험 사장이 채웠다....,2026-09-22 08:00,https://www.sisajournal.com/news/articleView.html?idxno=387491,https://n.news.naver.com/mnews/article/586/0000138703?sid=101
연세대학교,핀포인트뉴스,"동아제약 ""추석 부모님 구강건강 챙기세요""…검가드 관리법 제안","회사 측은 연세대학교 치과대학병원과 진행한 임상시험에서 6주 사용 후 잇몸 염증지수와 출혈 빈도가 각각 50.9%, 56.9% 감소한 결과를 확인했다고 설명했다. 동아제약은 추석을 앞두고 '검가드 센서티브 치약'과 '검가드...",2026-09-22 07:56,https://www.pinpointnews.co.kr/news/articleView.html?idxno=489353,https://www.pinpointnews.co.kr/news/articleView.html?idxno=489353
고려대학교,NEWSMP,"""문신 합법화는 규제 방식 전환, 위험의 직접 관리 체계 구축해야""","고려대학교 법학연구원 윤서영 박사는 최근 열린 대한의료법학회 월례학술발표회에서 '통상적 문신행위의... 또한 ""종사자의 대다수가 1인 샵을 운영하는 현실을 고려해 교차오염 방지 등 핵심 기준은 유지하되 물리적...",2026-09-22 07:44,http://www.newsmp.com/news/articleView.html?idxno=258269,http://www.newsmp.com/news/articleView.html?idxno=258269
고려대학교,중앙일보,병원에선 정상인데 자꾸 '쿵'…숨어 있는 부정맥 잡는 법,"고려대 안암병원 순환기내과 심재민 교수는 ""증상이 반복되면서 어지럼증이나 숨참, 가슴 답답함이... 증상이 드물다면 두근거림을 느꼈을 때 직접 작동시키는 사건기록 심전도를 고려한다. 스마트워치도 단서를 남기는 데...",2026-09-22 07:44,https://jhealthmedia.joins.com/news/articleView.html?idxno=33559,https://jhealthmedia.joins.com/news/articleView.html?idxno=33559
연세대학교,NEWSVERSE,"[기후위기-문명을 재설계하라 ②] 무너진 물의 질서...홍수와 가뭄, 하나...","서울대 농학과를 거쳐 연세대 대학원 경제학과에서 경제학을 전공한 뒤 9년간 한국신용정보에서 기업 평가·금융VAN업무를 수행했고, 서울대 농생대 창업보육센터에서 3년간 보육매니저로 창업보육 업무를 했다. 현재...",2026-09-22 07:34,https://www.newsverse.kr/news/articleView.html?idxno=11465,https://www.newsverse.kr/news/articleView.html?idxno=11465
고려대학교,서울경제,"“中 D램 맹추격에… 韓, 대만과 첨단 반도체 협력 필요성 커져”",이은호 고려대 경제기술안보연구원 경제안보센터장은 19일 서울 성북구 연구실에서 진행한 서울경제신문과의 인터뷰에서 “미국과 중국의 추격에 맞서 차세대 반도체 제조기술을 중심으로 한국과 대만이 협력에...,2026-09-22 07:30,https://www.sedaily.com/article/20093494?ref=naver,https://n.news.naver.com/mnews/article/011/0004664323?sid=102
연세대학교,디지털투데이,"통신 3사, '피지컬 AI' 선점 경쟁...로봇·제조 대공세",LG유플러스는 연세대와 5G망과 AI-RAN 시험망을 연동해 로봇이나 드론이 서로 다른 네트워크 사이를 이동해도 연결을 유지하는 기술을 검증했다. 피지컬 AI가 공장이나 물류센터를 넘어 다양한 공간에서 작동하려면 끊김...,2026-09-22 07:30,https://www.digitaltoday.co.kr/news/articleView.html?idxno=702102,https://www.digitaltoday.co.kr/news/articleView.html?idxno=702102
연세대학교,ABCN,AI 문명에 속지 말라,"[조광권 필자는 고려대 법학과 학사, 연세대 도시행정학 석사, 한국학중앙연구원 정치학 박사이다. 1973년 행정고등고시 합격 이후 서대문구청장, 서울시 보사환경국장, 교통국장, 공보관 등을 역임했다. 청계천 복원 사업...",2026-09-22 07:26,https://www.abcn.kr/news/articleView.html?idxno=92202,https://www.abcn.kr/news/articleView.html?idxno=92202
연세대학교,SBS,"""학생 본분 망각""…연대 치대에 뜻밖의 '반성문', 무슨 일","고등학교도 아니고요, 대학교에서 반바지, 슬리퍼는 안 된다는 복장 규정이 있다고 합니다. 그로 인해서... 규정 개선에 대해 학생들과 열린 자세로 대화해 볼 수 있다'고 밝혔습니다. (화면출처 : 연세대 치과대학 홈페이지)",2026-09-22 07:26,https://news.sbs.co.kr/news/endPage.do?news_id=N1008764742&plink=ORI&cooper=NAVER,https://n.news.naver.com/mnews/article/055/0001390214?sid=102
고려대학교,ABCN,AI 문명에 속지 말라,"[조광권 필자는 고려대 법학과 학사, 연세대 도시행정학 석사, 한국학중앙연구원 정치학 박사이다. 1973년 행정고등고시 합격 이후 서대문구청장, 서울시 보사환경국장, 교통국장, 공보관 등을 역임했다. 청계천 복원 사업...",2026-09-22 07:26,https://www.abcn.kr/news/articleView.html?idxno=92202,https://www.abcn.kr/news/articleView.html?idxno=92202
연세대학교,OSEN,"""10번째 순번이었는데 좋은 지명이었다"" 150km 파이어볼러 투수-포수 랭...","투수 2명을 먼저 지명한 LG는 3라운드에서 연세대 포수 김동주를 지명했다. 드래프트에 참가한 포수들... ▲3라운드= 김동주 (연세대, 포수, 우투우타) 2004년 10월 28일생 키 181cm 체중 93kg [2026시즌 성적] 22경기...",2026-09-22 07:14,http://www.osen.co.kr/article/G1112879841,https://m.sports.naver.com/kbaseball/article/109/0005610704
고려대학교,비즈워치,"[거버넌스워치] 미원 장손 김태준, 매출 1조 ‘홀딩스→에스씨’ 적통 ...","김 전무는 고려대 경영학과 출신이다. LG화학 고무·특수수지 사업부를 거쳐 2015년 미원에스씨 충주공장 생산팀장으로 입사, 경영수업에 들어갔다. 이어 구매 담당 임원, GLOBAL TS/D를 거쳐 2024년부터 영업 및...",2026-09-22 07:10,https://news.bizwatch.co.kr/article/governance/2026/09/18/0030,https://n.news.naver.com/mnews/article/648/0000050980?sid=101
연세대학교,파이낸셜뉴스,"'연대 치대생답게 입기' 뭐길래…""본분 망각한 채 등교했다"" 자필 반성...","연세대학교 치과대학 학생들이 복장 규정을 지키지 않았다는 이유로 자필 반성문을 작성해 강의실에 게시한 사실이 알려져 논란이 되고 있다. 21일 연합뉴스, 뉴스1 등에 따르면 최근 연세대 치대 강의실에는 치과대 학생이...",2026-09-22 06:51,https://www.fnnews.com/news/202609220637451719,https://n.news.naver.com/mnews/article/014/0005579333?sid=102
연세대학교,BNTNEWS,"연대 치대, 반바지 입었다고 반성문…강의실에 붙였다","연세대학교 치과대학 학생들이 복장 규정을 어겼다는 이유로 손글씨 반성문을 작성하고, 해당 반성문이 강의실에 게시된 사실이 알려지면서 논란이 일고 있다. 예비 의료인으로서 복장 지침이 필요하다는 취지와 별개로...",2026-09-22 06:46,https://www.bntnews.co.kr/article/view/bnt202609220012,https://www.bntnews.co.kr/article/view/bnt202609220012
연세대학교,LABORTODAY,김은철 건설근로자공제회 전무이사 취임,"김은철 전무이사는 연세대 정치외교학과를 졸업한 뒤 노동부 기획재정담당관과 국제협력관, 중앙노동위원회 상임위원 등을 역임했다. 김 전무이사는 취임사에서 ""열악한 건설 환경에서 일하는 건설노동자의 땀방울과...",2026-09-22 06:34,https://www.labortoday.co.kr/news/articleView.html?idxno=236909,https://www.labortoday.co.kr/news/articleView.html?idxno=236909
연세대학교,연합뉴스,[팩트체크] 채용 때 나이·학력 제한 무조건 금지? 사기업은 괜찮다?,"이 기업은 연령의 경우 '1980년생 이하'로 규정하고 근무지별로 출신 대학교도 제한한 가이드라인을 만들어... 해당 기업은 서울과 판교 근무자의 경우 서울대와 연세대, 고려대 등 국내 11개 대학 졸업생을 선발하도록 하는...",2026-09-22 06:30,https://www.yna.co.kr/view/AKR20260918082500518?input=1195m,https://n.news.naver.com/mnews/article/001/0016328165?sid=102
고려대학교,연합뉴스,[팩트체크] 채용 때 나이·학력 제한 무조건 금지? 사기업은 괜찮다?,"이 기업은 연령의 경우 '1980년생 이하'로 규정하고 근무지별로 출신 대학교도 제한한 가이드라인을 만들어... 해당 기업은 서울과 판교 근무자의 경우 서울대와 연세대, 고려대 등 국내 11개 대학 졸업생을 선발하도록 하는...",2026-09-22 06:30,https://www.yna.co.kr/view/AKR20260918082500518?input=1195m,https://n.news.naver.com/mnews/article/001/0016328165?sid=102
고려대학교,THE-BIZ,[THE CEO] 장민영 IBK기업은행장,"1964년생인 장 행장은 서울 대원고와 고려대 독어독문학과를 졸업하고 미국 펜실베이니아주립대 경영대학원에서 MBA 과정을 마쳤다. 1989년 입행 후 경영관리부 IR팀장, 여의도한국증권지점장, 자금운용부장...",2026-09-22 06:30,http://www.the-biz.co.kr/news/articleView.html?idxno=727207,http://www.the-biz.co.kr/news/articleView.html?idxno=727207
연세대학교,디지털투데이,"방미심위, 5개 분야 특별위원 45명 위촉","광고자문특별위원회에는 박성임 법무법인 지평 변호사, 손현미 부산대 간호대학 교수, 오세성 한림대... 상윤모 연세대 언론홍보영상학부 부교수, 홍주현 국민대 미디어광고학부 교수 등이 참여한다....",2026-09-22 06:18,https://www.digitaltoday.co.kr/news/articleView.html?idxno=702182,https://www.digitaltoday.co.kr/news/articleView.html?idxno=702182
고려대학교,APSK,수술실 벗어난 의료로봇…AI 입고 재활·돌봄까지 영역 확장,"국립재활원에 따르면 보행·상지·손 재활과 식사·이승 등을 지원하는 의료재활로봇은 현재 22종 152대가 대학병원 등 40개 기관에 보급돼 운영되고 있다. 서울대병원과 분당서울대병원, 고려대 안암병원, 국민건강보험...",2026-09-22 06:02,https://www.apsk.co.kr/news/articleView.html?idxno=540514,https://www.apsk.co.kr/news/articleView.html?idxno=540514
연세대학교,SBS,"""반바지 등교 뉘우쳐""…연대 치대생 복장규정 위반 반성문 공개 논란","▲ 연세대학교 깃발 연세대 치과대학 학생들이 복장 규정을 지키지 않았다는 이유로 쓴 손글씨 반성문이 강의실에 게시되는 일이 발생했습니다. 어제(21일) 언론 취재에 따르면, 연세대 치대 소속 한 학생이 쓴 반성문에는...",2026-09-22 05:59,https://news.sbs.co.kr/news/endPage.do?news_id=N1008764826&plink=ORI&cooper=NAVER,https://n.news.naver.com/mnews/article/055/0001390190?sid=102
연세대학교,약사공론,"나는 '신바로'야, 국산 4호 천연물신약 15년의 새 출발","구척·방풍 등 6가지 생약 성분으로 구성된 천연물의약품으로 개발됐고, 2008년부터 약 2년간 고려대 구로병원, 서울아산병원, 연세대 세브란스병원 등 8개 병원에서 골관절염 환자 200여명을 대상으로 임상시험도...",2026-09-22 05:56,https://www.kpanews.co.kr/news/articleView.html?idxno=544586,https://www.kpanews.co.kr/news/articleView.html?idxno=544586
연세대학교,스포츠조선,"10순위인데 ""원하는 선수들이 왔다."" 만족 자평. LG만 봤던 11명의 숨은...","▶3라운드=김동주 (연세대, 포수, 우투우타) 2004년 10월 28일생 키 1m81 체중 93kg 2026시즌 성적=22경기 타율 0.405 30안타 25타점 4홈런 장타율 0.649 구단평가=정확성과 파워를 갖춘 공격형 포수로, 힘 있는 스윙을...",2026-09-22 05:29,https://www.sportschosun.com/baseball/2026-09-22/202609220100149190009724,https://m.sports.naver.com/kbaseball/article/076/0004448559
연세대학교,조선일보,"[단독] 아이자립펀드 재정 부담, 1465억→2조6080억",양준모 연세대 교수는 “정책 목표가 분명하지 않은 채 보편적으로 지원하면 재정지출의 효율성이 떨어질 수 있다”며 “한번 시작하면 장기간 재정이 투입되는 만큼 정책 효과와 재정 지속가능성을 충분히 검증한...,2026-09-22 05:01,https://www.chosun.com/economy/economy_general/2026/09/22/WETD4V6VJBDQLD7XQLKUFLBXDQ/?utm_source=naver&utm_medium=referral&utm_campaign=naver-news,https://n.news.naver.com/mnews/article/023/0003999815?sid=101
연세대학교,신아일보,"[IT리더 열전-모빌리티②] 티맵모빌리티 이재환 ""데이터 확장, 포트폴리...",이 대표는 1974년생으로 연세대학교에서 컴퓨터과학과 학사와 카이스트(한국과확기술원)에서 경영공학 석사를 마친 엔지니어 출신 경영인이다. 2004년 SK경영경제연구소 정보통신연구실 수석연구원을 시작으로...,2026-09-22 05:00,https://www.shinailbo.co.kr/news/articleView.html?idxno=5063603,https://www.shinailbo.co.kr/news/articleView.html?idxno=5063603
연세대학교,동아일보,피 튀기는 나눔 경쟁… ‘헌혈 고연전’ 승자는,"다음 달 2, 3일 안암골 호랑이(고려대)와 신촌골 독수리(연세대)가 맞붙는 정기 고연전(연고전)이 열린다. 야구... 이지민 고려대 총학생회 중앙비상대책위원장과 황인서 연세대 총학생회 비상대책위원장은 “한 번의...",2026-09-22 04:35,https://www.donga.com/news/Culture/article/all/20260922/134714721/2,https://n.news.naver.com/mnews/article/020/0003749952?sid=103
연세대학교,뉴데일리,"겐트대 글로벌캠퍼스, ' 한·뉴질랜드 과학기술 협력 세미나 ' 개최…국...","뉴데일리 송원영 기자 = 겐트대학교 글로벌캠퍼스가 한국과 뉴질랜드 간 과학기술 협력을 국제공동연구로... 경희대, 연세대 연구진 및 뉴질랜드 정부·학계 관계자 60여 명이 참석해 활발한 논의를 펼쳤다. 뉴데일리...",2026-09-22 04:32,https://ic.newdaily.co.kr/site/data/html/2026/09/22/2026092200003.html,https://ic.newdaily.co.kr/site/data/html/2026/09/22/2026092200003.html
연세대학교,한국일보,강남엔 안 짓고 왜 우리 동네만? '깜깜이 착공'에 번진 데이터센터 공포,"최인천 연세대 건축공학과 겸임교수는 ""건축허가는 요건만 갖추면 지자체가 원칙적으로 내줘야 하는 기속행위""라며 ""착공신고 단계에서 민원을 이유로 보완을 요구할 수는 있지만, 짓기 전에 주민 의견을 듣는...",2026-09-22 04:31,https://www.hankookilbo.com/news/article/A2026090713220005464?did=NA,https://n.news.naver.com/mnews/article/469/0000955425?sid=102
연세대학교,조선일보,"‘36kg 감량’ 49세 여성, “당뇨병 전 단계 탈출 비결 ‘딱 한 가지’”...","허벅지 둘레 길이가 길수록 당뇨병 발병 위험이 낮다는 연세대 보건대학원 연구 결과도 있다. 허벅지 둘레가 1cm 줄어들 때마다 당뇨병 발병 가능성이 남성 9.3%, 여성 9.6%씩 증가했다. 미국 당뇨병 학회에서는 일주일에 2...",2026-09-22 03:01,https://health.chosun.com/site/data/html_dir/2026/09/21/2026092102430.html,https://n.news.naver.com/mnews/article/346/0000116355?sid=103
연세대학교,GGILBO,가을 원주 1만명이 걷는다… 15개국 참가 '국제걷기대회',"중앙공원둘레길과 마장공원, 무실과수원길, 연세대학교 미래캠퍼스 등을 통과한다. 코스는 5㎞, 10㎞, 20㎞, 30㎞로 구성된다. 양일 모두 30㎞ 코스는 오전 9시, 20㎞는 오전 10시, 5㎞와 10㎞는 오전 11시에 출발한다. 오는...",2026-09-22 02:30,https://www.ggilbo.com/news/articleView.html?idxno=1182510,https://www.ggilbo.com/news/articleView.html?idxno=1182510
연세대학교,조선일보,공공의료는 ‘의사 가뭄’… 피부과는 ‘일반의’ 몰려,"21일 이상규 연세대 의대 교수 연구팀은 대한의학회 국제 학술지(Journal of Korean Medical Science)에 이 같은 내용이 포함된 연구 결과를 발표했다. 이에 따르면, 대학병원 등 수련 병원에서 근무하는 전공의가 2023년 12월...",2026-09-22 00:53,https://www.chosun.com/national/welfare-medical/2026/09/22/YWH5Z7N34NBJXIJINEWD56CSVQ/?utm_source=naver&utm_medium=referral&utm_campaign=naver-news,https://n.news.naver.com/mnews/article/023/0003999806?sid=102
연세대학교,조선일보,[단독] 반년째 지원자 ‘0’… 서울마저 보건소 의사 구인난,"이용균 연세대 보건대학원 겸임교수는 “보건소 의사의 역할은 취약 계층, 만성 질환자 등 진료에 그치지 않고 감염병·재난 대응 등 행정 영역까지 그 폭이 넓다”며 “의료 수요는 팽창하는데, 공급이 부족하다 보니...",2026-09-22 00:53,https://www.chosun.com/national/welfare-medical/2026/09/22/ZBTJ4G4SDZARDPN62VCUIBCMUE/?utm_source=naver&utm_medium=referral&utm_campaign=naver-news,https://n.news.naver.com/mnews/article/023/0003999805?sid=102
연세대학교,국제뉴스,2027 KBO 신인 드래프트 전 라운드 결과 발표,"김동주(연세대, 포수)가 뒤를 이었다. 4라운드 지명은 키움 김정현(휘문고, 투수), 두산 이석영(동의과학대... 조영우(연세대, 투수), NC 마진혁(대구고, 투수), 삼성 원상윤(강릉영동대, 내야수), SSG 신동현...",2026-09-22 00:30,https://www.gukjenews.com/news/articleView.html?idxno=3702755,https://www.gukjenews.com/news/articleView.html?idxno=3702755
연세대학교,스포츠조선,"190㎝대 거구 파이어볼러 득세→1R부터 야수 집중…10팀10色 드래프트, ...","2R 우완 임영주(부산과기대)는 대학 무대 우승 MVP 출신으로 슬라이더, 체인지업 완성도가 높아 즉시 1군... 특히 3R 포수 김동주(연세대)는 장타력과 강한 어깨를 모두 갖춰 LG 안방의 장기적인 후계자로 큰 기대를...",2026-09-22 00:22,https://www.sportschosun.com/baseball/2026-09-21/202609220100148080009655,https://m.sports.naver.com/kbaseball/article/076/0004448533
연세대학교,VENTURESQUARE,"재정경제부 전략경제자문단, 딥엑스 찾았다…국산 AI 반도체 활용 인센...","현장에는 박영선 전략경제자문단 위원장을 비롯해 김성수 연세대 공과대학 특임교수, 김정호 KAIST 전기및전자공학부 교수, 차정훈 전 카이스트홀딩스 대표, 백준호 퓨리오사AI 대표, 김용기 과학기술정책연구원(STEPI)...",2026-09-22 00:10,https://www.venturesquare.net/1115674/,https://www.venturesquare.net/1115674/
연세대학교,스포츠조선,하이리스크 하이리턴? 아니면 넘치는 자신감…수원의 시선은 어디로 향...,투수) 4R : 최민상(마산용마고 내야수) 5R : 김동영(공주고 내야수) 6R : 김지민(성남고 투수) 7R : 최민영(야탑고 포수) 8R : 조영우(연세대 투수) 9R : 김 단(휘문고 투수) 10R : 안우석(경남고 내야수) 11R: 이지효(장안고 내야수),2026-09-22 00:10,https://www.sportschosun.com/baseball/2026-09-21/202609210100146430009523,https://m.sports.naver.com/kbaseball/article/076/0004448531
연세대학교,강원도민일보,영월의료원 서영준 원장 재임용,"한국보건의료관리연구원 수석연구원, 계명대 의대 전임강사, 삼척의료원장, 연세대 보건행정학부 교수 등을 역임했다. 이설화 기자 #재임용 #서영준 #영월의료원 #강원도 #보건대학원",2026-09-22 00:08,https://www.kado.net/news/articleView.html?idxno=2074307,https://n.news.naver.com/mnews/article/654/0000201986?sid=102
연세대학교,KSILBO,울산시 대외협력 실무자의 현장기록,"저자는 연세대학교 정치학 박사과정에서 정치제도와 정책 과정을 전공하고, 육군 학사장교 중대장으로 전역하며 리더십과 책임의 무게를 익혔다. 이후 2022년 울산시 개방형 직위 공모를 통해 서울본부 대외협력과장으로...",2026-09-22 00:02,https://www.ksilbo.co.kr/news/articleView.html?idxno=1067932,https://www.ksilbo.co.kr/news/articleView.html?idxno=1067932
연세대학교,서울경제,"“수소는 국가적 선택” 공학한림원, 수소경제 대토론회","문일 연세대 교수는 “수소 사회로 전환은 지속가능한 미래를 위해 반드시 가야 할 방향”이라며 “기술과 시장 현실을 반영한 장기 계획을 세우고, 일관된 정책으로 산업계의 투자와 혁신을 뒷받침해야 한다”고...",2026-09-21 23:37,https://www.sedaily.com/article/20093704?ref=naver,https://n.news.naver.com/mnews/article/011/0004664250?sid=101
연세대학교,TBS,"[2026 동터뷰] 정근식 교육감 ""10월부터 서울 3세 유치원비 추가 지원""","현재 저희들이 작년에 서울대학교, 연세대학교, 서울시립대학교 등과 협약을 맺어서 선생님들 연수도 하고 또 학생들 교육도 하고 그렇게 지금 진행하고 있고요. 옛 서울시 교육청 청사를 AI 교육센터로 만들기 위해서 지금...",2026-09-21 23:32,http://tbs.seoul.kr/news/newsView.do?typ_800=7&idx_800=3538319&seq_800=20531213,http://tbs.seoul.kr/news/newsView.do?typ_800=7&idx_800=3538319&seq_800=20531213
연세대학교,VENTURESQUARE,"디웨이브, 양자컴퓨팅 어디까지 쓰이나…서울서 제조·반도체·부산항 ...","조완기 LG CNS 컨설팅 매니저는 제조용 3D CT 이미징 개선 사례를, 박경덕 연세대학교 교수는 생성형 AI 워크플로 개선 가능성을 설명한다. 팡 포쉰 국립양명교통대학교 연구자는 반도체 제조 과정의 레티클 최적화를...",2026-09-21 23:12,https://www.venturesquare.net/1115583/,https://www.venturesquare.net/1115583/
연세대학교,마이데일리,"프로 첫 사인볼은 부모님께, 역시 낭만을 아는 구단…9년째 구단 전통 ...","조영우(연세대 투수) 9R : 김 단(휘문고 투수) 10R : 안우석(경남고 내야수) 11R : 이지효(장안고 내야수) 나도현 단장은 ""이번 드래프트에서 구단이 사전에 검토했던 선수들을 예상대로 지명할 수 있어 전반적으로...",2026-09-21 23:11,https://www.mydaily.co.kr/page/view/2026092122293500202,https://m.sports.naver.com/kbaseball/article/117/0004107876
연세대학교,머니투데이,"""반바지 등교 죄송"" 연대 치대생 반성문까지…복장 규정 보니 ""너무해""","대학교에서 지나치게 엄격한 복장 규정을 운영한다는 지적과 함께 반성문을 공개적으로 게시한 행태도 부적절하다는 비판의 목소리가 나온다. 연세대 재학생이 모인 대학 커뮤니티 에브리타임에는 ""의·치대가 평소...",2026-09-21 22:20,https://www.mt.co.kr/society/2026/09/21/2026092121551361182,https://n.news.naver.com/mnews/article/008/0005416983?sid=102
연세대학교,이데일리,“반바지는 치과대 학생 본분 망각”…연세대 치대 자필 반성문 논란,연세대 치과대학 학생들이 엄격한 복장 규정을 지키지 않아 자필 반성문을 써 강의실에 게시하는 일이 알려지며 논란이 일고 있다. 21일 연합뉴스에 따르면 최근 연세대 치과대 강의실에 소속 학생이 쓴 자필 반성문이...,2026-09-21 21:57,https://www.edaily.co.kr/News/Read?newsId=05251286645582416&mediaCodeNo=257&utm_source=naver&utm_medium=referral&utm_campaign=news_syndication&utm_content=original_article,https://n.news.naver.com/mnews/article/018/0006373957?sid=102
연세대학교,서울신문,"“치대생 본분 망각”…반바지 입었다고 ‘반성문’ 공개 게시, 이게 맞...",21일 연합뉴스 등에 따르면 최근 연세대 치과대학 강의실에는 복장 규정을 위반한 학생들이 작성한 것으로 보이는 자필 반성문이 게시됐다. 해당 반성문에는 “부주의로 복장 규정을 위반하게 된 점에 대해 깊이 반성한다”...,2026-09-21 21:34,https://www.seoul.co.kr/news/society/2026/09/21/20260921500382?wlog_tag3=naver,https://n.news.naver.com/mnews/article/081/0003682456?sid=102
연세대학교,컨슈머타임스,"한수원, 봄철 산불방지 유공기관 '국무총리 표창' 수상",한수원은 21일 행정안전부가 주관해 연세대학교 세브란스빌딩에서 진행된 '2026년 봄철 산불방지 유공 포상' 시상식에서 단체 부문 국무총리 기관표창을 수상했다. 이번 수훈의 배경에는 과거 재난 현장에서 축적된 현장...,2026-09-21 21:22,https://www.cstimes.com/news/articleView.html?idxno=721553,https://www.cstimes.com/news/articleView.html?idxno=721553
연세대학교,경향신문,‘수사 받을’ 상황 직면한 한동훈,한상훈 연세대 법학전문대학원 교수는 “한 의원이 법무부 장관을 할 때 보고받았거나 접근할 수 있었던 수사 기록을 지금 폭로했다면 공무상비밀누설죄로 처벌이 가능하다”고 말했다.,2026-09-21 21:20,https://www.khan.co.kr/article/202609212120005,https://n.news.naver.com/mnews/article/032/0003471888?sid=102
연세대학교,한국경제TV,반바지 등교했다가 '반성문'…연대 치대생 복장 규정 시끌,"연세대 치과대학 강의실에 복장 규정 위반을 뉘우치는 학생들의 손글씨 반성문이 게시된 사실이 알려졌다. 21일 연합뉴스 보도에 따르면 이 매체가 확인한 반성문 가운데 한 치대생의 글에는 ""부주의로 복장 규정을...",2026-09-21 21:08,http://www.wowtv.co.kr/NewsCenter/News/Read?articleId=A202609210242&t=NN,https://n.news.naver.com/mnews/article/215/0001266772?sid=004
연세대학교,SPOCHOO,"""윤예성이 10순위까지? 생각도 못 했는데"" 작년엔 양우진, 올해는 윤예성...","3라운드로 지명한 연세대 포수 김동주는 올 시즌 22경기 타율 0.405, 4홈런 25타점 장타율 0.649를 기록한 공격형 포수다. LG가 자체 평가에서 올 시즌 포수 랭킹 1위로 꼽은 선수이기도 하다. 백 팀장은 ""대학 선수라 고교...",2026-09-21 20:49,http://www.spochoo.com/news/articleView.html?idxno=130336,https://m.sports.naver.com/kbaseball/article/529/0000078642
연세대학교,뉴스1,"""치대생답게, 반바지·슬리퍼 금지"" 연세대 치대 자필 반성문 논란",이에 관해 일각에선 대학교에서 지나치게 엄격한 복장 규정을 운영한다는 지적과 더불어 반성문을 공개적으로 게시하는 행태가 지나쳤다는 주장이 나오고 있다. 연세대 재학생들이 모인 대학 커뮤니티 에브리타임에선...,2026-09-21 20:26,https://www.news1.kr/society/incident-accident/6298063,https://n.news.naver.com/mnews/article/421/0009184607?sid=102
연세대학교,경인일보,자체 재정혁신 수립… IFEZ 투자·개발계획 풀어야,"연세대 국제캠퍼스 내 8만5천900㎡ 부지에 지하 3층∼지상 13층, 800병상을 짓는 사업이다. 인천경제청과 연세대 등이 추산하는 건축비 부족분이 무려 3천억원에 달한다. 송도국제화복합단지개발(주) 개발이익금 중...",2026-09-21 20:24,https://www.kyeongin.com/article/1771309,https://www.kyeongin.com/article/1771309
연세대학교,부산일보,"대형산불 대응 유공…한수원, 산불방지 유공기관 ‘국무총리 표창’",한수원은 21일 연세대학교 세브란스빌딩에서 열린 행정안전부 주관 ‘2026년 봄철 산불방지 유공 포상’ 시상식에서 단체 부문 국무총리 기관표창을 수상했다고 밝혔다. 이번 수상은 2022년 울진 산불과 2025년 영남권...,2026-09-21 20:23,https://www.busan.com/view/busan/view.php?code=2026092120205047535,https://n.news.naver.com/mnews/article/082/0001399408?sid=101
연세대학교,엑스포츠뉴스,"""우리 전략대로 잘 이뤄졌다"" LG가 자평한 2027 드래프트→강속구 우완...",LG 트윈스가 2027 KBO 신인드래프트에서 강속구 우완 투수와 대학 최고 수준의 포수를 품는 등 포지션별로... 3라운드에서는 연세대 포수 김동주를 선택했다. LG가 이번 드래프트 포수 자원 가운데 가장 높게 평가한...,2026-09-21 20:00,https://www.xportsnews.com/article/2198316,https://m.sports.naver.com/kbaseball/article/311/0002059738
연세대학교,메디파나뉴스,유해균 막고 유익균 지킨다…'점막 모사' 생체재료 개발,"연세대학교 치과대학 최성환·차재국·만갈 웃커시 교수와 화공생명공학과 홍진기 교수, 미국 매사추세츠공과대학교(MIT) 기계공학과 조반니 트라베르소 교수, 성균관대학교 식품생명공학과 최우진 교수 공동연구팀은...",2026-09-21 19:54,https://www.medipana.com/news/articleView.html?idxno=418049,https://www.medipana.com/news/articleView.html?idxno=418049
연세대학교,SPOCHOO,"""이승원만 기다렸다"" 그런데 최지만까지? 사실상 1R 지명 두 번! KT 위즈...","출신별로는 고교 선수 9명, 대학 선수 1명, 퓨처스리그 울산 웨일즈 소속으로 트라이아웃을 거친 최지만... KT는 6라운드 성남고 투수 김지민, 7라운드 야탑고 포수 최민영, 8라운드 연세대 투수 조영우, 9라운드 휘문고...",2026-09-21 19:51,http://www.spochoo.com/news/articleView.html?idxno=130334,https://m.sports.naver.com/kbaseball/article/529/0000078640
연세대학교,BIZTRIBUNE,"한수원, 국가핵심시설 산불 대응력 인정… 국무총리 표창",한수원은 21일 서울 연세대학교 세브란스빌딩에서 열린 행정안전부 주관 '2026년 봄철 산불방지 유공 포상' 시상식에서 단체 부문 국무총리 기관표창을 받았다. 이번 수상에는 2022년 울진 산불과 2025년 영남권 대형산불...,2026-09-21 19:50,http://www.biztribune.co.kr/news/articleView.html?idxno=359427,http://www.biztribune.co.kr/news/articleView.html?idxno=359427
연세대학교,SLIST,"연대 치대생 복장규정 위반 반성문 공개 논란...""집단 괴롭힘"" ""미개해""",연세대 치과대학 학생들이 복장 규정을 지키지 않았다는 이유로 쓴 손글씨 반성문이 강의실에 게시되는 일이 발생했다. 기사 내용과 관계 없음/사진=유토이미지 21일 연합뉴스에 따르면 연세대 치대 소속 한 학생이 쓴...,2026-09-21 19:48,https://www.slist.kr/news/articleView.html?idxno=767877,https://www.slist.kr/news/articleView.html?idxno=767877
연세대학교,한국경제,반바지 입고 왔다고 '반성문'…연세대 치대 복장 규정 '시끌',"연세대학교 치과대학 학생들이 복장 규정을 지키지 않았다는 이유로 작성한 손글씨 반성문이 강의실에 게시됐다. 21일 연합뉴스에 따르면 연세대 치대 소속의 한 학생이 쓴 반성문에는 ""부주의로 복장 규정을 위반하게 된...",2026-09-21 19:47,https://www.hankyung.com/article/2026092191877,https://n.news.naver.com/mnews/article/015/0005334863?sid=102
연세대학교,DIGITALCHOSUN,"‘2026 에듀테크 코리아 페어’ 룸821, 국어 전문 AI ‘꾸거’ 제시… “...","룸821은 연세대학교 학부생들이 기숙사에서 창업한 기술 기업으로, 비정형 텍스트 분석 기술을 교육 실무... 회사는 대학생 대상 시험 예상 문항 생성 서비스를 거치며 일선 교육자들의 실질적인 자료 제작 수요를...",2026-09-21 19:40,http://digitalchosun.dizzo.com/site/data/html_dir/2026/09/21/2026092180186.html,http://digitalchosun.dizzo.com/site/data/html_dir/2026/09/21/2026092180186.html
연세대학교,세계일보,반바지 입고 등교했다는 이유로…연세대 치대 ‘손글씨 반성문’ 공개 ...,"날씨 더워 반바지 입었다가…강의실에 붙은 자필 반성문, 학생들 “집단 괴롭힘이냐” 거센 반발 연세대학교 치과대학 학생들이 복장 규정을 위반했다는 이유로 작성한 손글씨 반성문이 강의실에 공개 게시되면서 논란이...",2026-09-21 19:40,https://www.segye.com/newsView/20260921519115?OutUrl=naver,https://n.news.naver.com/mnews/article/022/0004160831?sid=102
연세대학교,스포츠서울,"이제 프로 선수, 첫 사인볼은 부모님께…KT, 9년째 이어온 구단 ‘전통...","8~11라운드는 연세대 투수 조영우-휘문고 투수 김단-경남고 내야수 안우석-장안고 내야수 이지효다. 나도현 단장은 ""구단이 사전에 검토한 선수들을 예상대로 지명할 수 있어 전반적으로 만족스럽다""고 운을 뗐다. 나...",2026-09-21 19:34,https://www.sportsseoul.com/news/read/1636870?ref=naver,https://m.sports.naver.com/kbaseball/article/468/0001268061
연세대학교,루키,"[홍천챌린저] ""북한-러시아 팀도 초청한다면..."" 3x3 발전 위한 끝없는 ...",최 위원장은 과거 연세대 사령탑으로 농구대잔치 시절 농구 인기 부흥을 이끌었고 프로 구단에서도 감독... 장소는 대학가를 고려하고 있다. 월드투어와는 별도로 서울에서 열리는 챌린저에 대해선 진지하게 생각하는...,2026-09-21 19:20,http://www.rookie.co.kr/news/articleView.html?idxno=127130,https://m.sports.naver.com/basketball/article/398/0000102832
연세대학교,중앙일보,"연세대 연구팀, MRI·뇌파 결합해 뇌 신경활동 위치 찾는 AI 개발",연세대학교 윤경호 수학계산학부 교수팀이 개인별 자기공명영상(MRI)과 뇌파(EEG)를 결합해 뇌 신경활동이... 이번 연구에는 피정훈·강다정 연세대 수학계산학부 석사과정생과 신민우 교수가 참여했다. 연구 결과는...,2026-09-21 19:20,https://www.joongang.co.kr/article/25463748,https://n.news.naver.com/mnews/article/025/0003552939?sid=105
연세대학교,경향신문,한동훈 ‘검찰 캐비닛 유출’ 경찰 수사 착수…유출 경로 밝힐 수 있을...,한상훈 연세대 법학전문대학원 교수는 “한 의원이 법무부 장관을 할 때 보고받았거나 접근할 수 있었던 수사 기록을 지금 폭로했다면 공무상비밀누설죄로 처벌이 가능하다”며 “개인정보에 해당하는 부분이 있다면...,2026-09-21 19:14,https://www.khan.co.kr/article/202609211914001,https://n.news.naver.com/mnews/article/032/0003471817?sid=102
연세대학교,중앙일보,“본분 망각하고 반바지 입었습니다”…연대 치대 반성문 논란,연세대 치과대학에서 복장 규정을 어긴 학생들에게 손글씨 반성문을 쓰게 한 뒤 이를 강의실에 게시한 사실이 알려졌다. 21일 연합뉴스에 따르면 연대 치대 재학생 A씨는 최근 “부주의로 복장 규정을 위반하게 된 점에 대해...,2026-09-21 19:04,https://www.joongang.co.kr/article/25463746,https://n.news.naver.com/mnews/article/025/0003552937?sid=102
연세대학교,노컷뉴스,"한수원, 대형산불 대응체계 강화…산불방지 유공 기관표창",한수원은 21일 연세대학교 세브란스빌딩에서 열린 행정안전부 주관 '2026년 봄철 산불방지 유공 포상' 시상식에서 단체 부문 국무총리 기관표창을 수상했다고 밝혔다. 이번 수상은 2022년 울진 산불과 2025년 영남권...,2026-09-21 18:54,https://www.nocutnews.co.kr/news/6581633?utm_source=naver&utm_medium=article&utm_campaign=20260921065323,https://n.news.naver.com/mnews/article/079/0004191783?sid=102
연세대학교,파이낸셜뉴스,재개발·재건축 구역 거래 20% 늘었다,"고준석 연세대학교 상남경영원 교수는 ""가격이 너무 높은 사업장은 진입할 수 있는 수요가 제한된다""며 ""상대적으로 거래할 만한 가격대가 형성된 정비사업지로 매수세가 유입된 것으로 볼 수 있다""고 말했다.",2026-09-21 18:53,https://www.fnnews.com/news/202609211851336379,https://n.news.naver.com/mnews/article/014/0005579228?sid=101
연세대학교,아시아경제,"'치대생답게 입기' 연대, 복장규정 위반에 반성문까지…""집단 괴롭힘이...","연세대 치과대학 학생이 반바지를 입었다는 이유로 작성한 손글씨 반성문이 강의실에 게시되는 일이 발생해 논란이 일고 있다. 21일 연합뉴스에 따르면 연세대 치대 소속의 한 학생이 쓴 반성문에는 ""부주의로 복장 규정을...",2026-09-21 18:50,https://view.asiae.co.kr/article/2026092118471055570,https://n.news.naver.com/mnews/article/277/0005819495?sid=102
연세대학교,EBN,"연세대 연구팀, 유해균만 억제하는 구강 염증 치료 소재 개발","21일 연세대학교 치과대학 최성환 교정과학교실 교수·차재국 치주과학교실 교수·만갈 웃커시 구강생물학교실 교수와 연세대 화공생명공학과 홍진기 교수, 미국 매사추세츠공과대학교(MIT) 기계공학과 조반니 트라베르소...",2026-09-21 18:44,https://www.ebn.co.kr/news/articleView.html?idxno=1725197,https://www.ebn.co.kr/news/articleView.html?idxno=1725197
연세대학교,DAILY,"한수원, 봄철 산불방지 유공 국무총리 기관 표창 수상",ⓒ한국수력원자력 제공  한국수력원자력은 21일 서울 남대문로 연세대학교 세브란스빌딩에서 열린 행정안전부 주관 '2026년 봄철 산불방지 유공 포상' 시상식에서 단체 부문 국무총리 기관 표창을 받았다. 이번 수상은...,2026-09-21 18:44,https://daily.hankooki.com/news/articleView.html?idxno=1408591,https://daily.hankooki.com/news/articleView.html?idxno=1408591
연세대학교,SPOCHOO,"1R에만 좌완이 4명...좌투수 강세, 야수 강세, 대학 강세 눈에 띈 2027 드...","고교 졸업 예정자 891명, 대학 졸업 예정자 326명, 얼리 드래프트 신청자 43명, 해외 및 기타 선수 20명 등... 2라운드에서 휘문고 투수 임호윤, 3라운드에서 연세대 포수 김동주를 확보한 LG는 10라운드에서는 이호준 NC...",2026-09-21 18:41,http://www.spochoo.com/news/articleView.html?idxno=130325,https://m.sports.naver.com/kbaseball/article/529/0000078631
연세대학교,연합뉴스,다석·함석헌 사상 연구 헌신…박재순 전 씨알사상연구소장 별세,"당시 교사, 대학생, 청년 신학도 등 6명이 기소돼 국가보안법 위반 등으로 실형 또는 집행유예의 유죄... 빈소는 서울 서대문구 연세대학교 신촌장례식장 8호실에 마련됐다. 유족으로는 아내 박경미 이화여대...",2026-09-21 18:40,https://www.yna.co.kr/view/AKR20260921171100005?input=1195m,https://n.news.naver.com/mnews/article/001/0016327625?sid=103
연세대학교,JOSEILBO,"이중교 ""배당 더 유도하려면 기업에게도 법인세 혜택 줘야"" [주주환원·...",이중교 연세대 법학전문대학원 교수는 우리나라 기업의 더 많은 배당을 유도하기 위해 고배당 기업에게 법인세를 깎아주는 정책이 필요하다고 주장했다. 또 자사주 소각 또한 배당과 마찬가지로 주주환원 정책의...,2026-09-21 18:36,http://www.joseilbo.com/news/news_read.php?uid=576144&class=7&grp=,https://n.news.naver.com/mnews/article/123/0002390641?sid=101
연세대학교,JOSEILBO,"""배당 촉진 위해 기업에도 稅혜택 필요…과세체계도 손봐야"" (종합) [주...","◆ ""주주만 깎아줘선 부족""…기업 법인세 혜택 제안 이중교 연세대학교 법학전문대학원 교수는 이중과세를... 오문성 경희대학교 경영대학원 교수는 정부가 기업가치를 직접 끌어올리려 하기보다 시장이 제 기능을 하도록...",2026-09-21 18:35,http://www.joseilbo.com/news/news_read.php?uid=576143&class=7&grp=,https://n.news.naver.com/mnews/article/123/0002390640?sid=101
연세대학교,한겨레,“내 안의 감각과 자세를 닦으며”…국궁에 ‘꽂힌’ 청년들,경기 남양주 천마정 소속 2년차 궁사 권지현(28)씨는 “대학가 국궁동아리의 활동이 눈에 띄게 활발해졌고... 연세대 국궁동아리 소속 김현서(26)씨는 “활시위를 당기면 활터 밖에서 받은 스트레스와 압박에서 잠시...,2026-09-21 18:30,https://www.hani.co.kr/arti/society/society_general/1278918.html,https://n.news.naver.com/mnews/article/028/0002824121?sid=102
연세대학교,마이데일리,"김현수·장성우 있는데 최지만까지?…KT 나도현 단장도 놀랐다 ""감독님...","조영우(연세대 투수) 9R : 김 단(휘문고 투수) 10R : 안우석(경남고 내야수) 11R: 이지효(장안고 내야수) 드래프트가 끝난 뒤 나도현 단장은 ""이번 드래프트에서 구단이 사전에 검토했던 선수들을 예상대로 지명할 수 있어...",2026-09-21 18:28,https://www.mydaily.co.kr/page/view/2026092117410311746,https://m.sports.naver.com/kbaseball/article/117/0004107795
연세대학교,연합뉴스,"""반바지 등교 뉘우쳐""…연대 치대생 복장규정 위반 반성문공개 논란",연대 치대 '치대생활에 적절한 학생 복장' 규정 둬…위반 학생 반성문 게시 연세대 치과대학 학생들이 복장 규정을 지키지 않았다는 이유로 쓴 손글씨 반성문이 강의실에 게시되는 일이 발생했다. 21일 연합뉴스 취재에...,2026-09-21 18:25,https://www.yna.co.kr/view/AKR20260921168600004?input=1195m,https://n.news.naver.com/mnews/article/001/0016327599?sid=102
연세대학교,LAWLEADER,"오병두 ""검찰개혁에 경로의존성…경찰, 수사와 행정 조직 분리해야""","한상훈 참여연대 사법감시센터 실행위원(연세대 법학전문대학원 교수), 김혜경 참여연대 사법감시센터 실행위원(계명대 경찰행정학과 교수), 오병두 참여연대 사법감시센터 실행위원(홍익대 법과대학 교수) 등이 참석했다.",2026-09-21 18:16,http://www.lawleader.co.kr/news/articleView.html?idxno=19998,http://www.lawleader.co.kr/news/articleView.html?idxno=19998
연세대학교,루키,"중앙대 유형우 ""홈에서 정규리그 우승 기쁨 누리고파""","KUSF 대학농구 U-리그 건국대학교와의 경기에서 85-57로 이겼다. 이날 승리한 중앙대는 16승 2패를 달리며 단독... 중앙대는 이제 동국대, 연세대와의 경기를 앞두고 있다. 현재 단독 선두를 기록중인 만큼 정규리그 우승이...",2026-09-21 18:13,http://www.rookie.co.kr/news/articleView.html?idxno=127127,https://m.sports.naver.com/basketball/article/398/0000102827
연세대학교,KYONGBUK,"한수원, AI 산불감시·합동 대응으로 국무총리 표창",한수원은 21일 서울 연세대학교 세브란스빌딩에서 열린 행정안전부 주관 '2026년 봄철 산불방지 유공 포상' 시상식에서 단체 부문 국무총리 기관표창을 수상했다고 밝혔다. 이번 수상은 지난 2022년 울진 대형산불과 2025년...,2026-09-21 18:08,https://www.kyongbuk.co.kr/news/articleView.html?idxno=4085078,https://www.kyongbuk.co.kr/news/articleView.html?idxno=4085078
연세대학교,한겨레,국가 차원 ‘AI 기본사회’ 비전·실행계획 세우자 [왜냐면],유종성 | 연세대 한국불평등연구랩 소장 이재명 정부는 인공지능(AI) 3대 강국 도약을 내걸고 데이터센터 건립과 독자 파운데이션 모델 개발 등에 속도전을 펼치는 한편 ‘인공지능 기본사회’ 실현을 언급하고 있다....,2026-09-21 18:02,https://www.hani.co.kr/arti/opinion/because/1278910.html,https://n.news.naver.com/mnews/article/028/0002824113?sid=110
연세대학교,브릿지경제,"재경부 전략경제자문단, 첫 방문지로 딥엑스 찾아 반도체분과 현장 회의","이날 현장 방문에는 박영선 전략경제자문단 위원장과 김성수 연세대학교 공과대학 특임교수(부위원장), 김정호 한국과학기술원 전기및전자공학부 교수(반도체 분과위원장), 김녹원 딥엑스 대표, 백준호 퓨리오사 AI...",2026-09-21 18:00,https://www.viva100.com/article/20260921501312,https://www.viva100.com/article/20260921501312
연세대학교,E2NEWS,"""정권 따라 흔들린 수소정책, 시장부터 만들어야""","이날 토론을 이끈 문일 연세대 교수는 ""수소사회로의 전환은 인류의 지속가능한 미래를 위해 반드시 나아가야 할 방향""이라며 ""수소사회는 단기간에 완성될 수 없는 만큼, 기술과 시장의 현실을 반영한 정교한 장기계획을...",2026-09-21 17:56,http://www.e2news.com/news/articleView.html?idxno=334472,http://www.e2news.com/news/articleView.html?idxno=334472
연세대학교,뉴스1,"""그린 수소만 된다는 '족쇄' 풀어야…해외 수소 도입도 불가피""","(KAIST), 연세대, KIST 등 학계, 에너지경제연구원, 한국표준과학연구원 등 연구기관 관계자들이 참석했다.... 이날 사회를 맡은 한국공학한림원 소속 문일 연세대 화공생명공학과 교수는 ""수소 사회로의 전환은 인류의 지속...",2026-09-21 17:55,https://www.news1.kr/industry/general-industry/6297917,https://n.news.naver.com/mnews/article/421/0009184320?sid=101
연세대학교,대전일보,"우송대, 2027 코리아타임스 국제화 우수대학 평가 '교육 분야' 전국 4위","최근 솔브릿지국제경영대학은 영국의 고등교육 평가기관인 QS가 발표한 '2027 QS 세계 MBA 순위'에서 고려대, 연세대, 성균관대에 이어 국내 4위를 기록하며 세계적 비즈니스 교육기관으로서의 입지를 공고한 바 있다....",2026-09-21 17:53,https://www.daejonilbo.com/news/articleView.html?idxno=2302784,https://n.news.naver.com/mnews/article/656/0000187459?sid=102
연세대학교,경인일보,"kt wiz, 전직 메이저리거 최지만 품었다","이밖에 kt는 3~11라운드까지 김지율(투수·충암고), 최민상(내야수·마산용마고), 김동영(내야수·공주고), 김지민(투수·성남고), 최민영(포수·야탑고), 조영우(투수·연세대), 김단(투수·휘문고), 안우석(내야수...",2026-09-21 17:52,https://www.kyeongin.com/article/1771278,https://www.kyeongin.com/article/1771278
연세대학교,노컷뉴스,현대차 수소 모빌리티 확대 속도내지만…충전소·공급망 늘려야,"문일 연세대 교수는 ""수소사회는 단기간에  완성될 수 없는 만큼, 기술과 시장의 현실을 반영한 정교한 장기계획을 수립 하고, 단기적인 여건 변화에 흔들리지 않는 일관된 정책으로 산업계의 투자 와 혁신을 뒷받침해야...",2026-09-21 17:49,https://www.nocutnews.co.kr/news/6581572?utm_source=naver&utm_medium=article&utm_campaign=20260921054823,https://n.news.naver.com/mnews/article/079/0004191745?sid=103
연세대학교,KMAEIL,"겐트대학교 글로벌캠퍼스, 한·뉴 과학기술 협력 세미나서 국제공동연구...","양국 연구기관과 대학, 산업계가 아시아·태평양 연구협력과 양자 과학기술, 호라이즌 유럽 등을 놓고 후속... 경희대학교와 연세대학교 연구진은 양자 과학기술 분야의 연구 현황과 양국 간 협력 가능성을 공유했다....",2026-09-21 17:46,https://www.kmaeil.com/news/articleView.html?idxno=652488,https://www.kmaeil.com/news/articleView.html?idxno=652488
연세대학교,HIDOMIN,"한동대, 구직자 대상 AI 실무교육…마케팅·UX·제조 현장 활용법 익혀",한동대학교 산학협력단은 지난 19일 교내 현동홀에서 구직자 15명을 대상으로 '2026 미래신산업 AI 실무인재... 연세대학교 김경외 융합인문사회과학부 교수가 강의를 맡아 시장과 고객을 이해하고 목적에 맞는 메시지와...,2026-09-21 17:46,https://www.hidomin.com/news/articleView.html?idxno=722171,https://www.hidomin.com/news/articleView.html?idxno=722171
연세대학교,엑스포츠뉴스,"'NYY 40억 거절' 하현승, 예상대로 전체 1순위 키움 입단 ""빨리 1군서 활...","올해 신인 드래프트 지명 대상자는 고교 졸업 예정자 891명, 대학교 졸업 예정자 326명, 얼리 드래프트... LG는 연세대 포수 김동주를 지명했다. 4라운드에서는 키움이 휘문고 투수 김정현, 두산은 동의과학대 투수...",2026-09-21 17:43,https://www.xportsnews.com/article/2198199,https://m.sports.naver.com/kbaseball/article/311/0002059612
연세대학교,매일경제,"""공공임대 체질개선은 긍정적 … 당장 전월세난 잡기엔 한계""","박합수 건국대부동산대학원 겸임교수는 ""공공임대가 일정 수준 이상 확보돼야 저소득층의 주거 안정은... 고준석 연세대 상남경영원 교수는 ""전세임대 23만가구는 민간에 이미 있는 전셋집을 정부가 대신 임차하는 방식인...",2026-09-21 17:43,https://www.mk.co.kr/article/12158508,https://n.news.naver.com/mnews/article/009/0005738536?sid=101
연세대학교,KGNEWS,"KT 위즈, 신인 드래프트 1R 수원 유신고 투수 이승원 지명…제2의 박영현...","조영우(연세대), 9라운드 투수 김단(서울 휘문고), 10라운드 내야수 안우석(경남고), 11라운드 내야수... 고교 졸업 예정자 891명을 비롯해 대학 졸업 예정자 326명, 얼리 드래프트 신청자 43명, 해외 아마추어 및 프로...",2026-09-21 17:38,https://www.kgnews.co.kr/news/article.html?no=912633,https://www.kgnews.co.kr/news/article.html?no=912633
연세대학교,TODAYENERGY,"한수원, 봄철 산불방지 유공 '국무총리 표창' 수상","한국수력원자력(사장 김회천, 이하 한수원)이 21일 연세대학교 세브란스빌딩에서 열린 행정안전부 주관 '2026년 봄철 산불방지 유공 포상' 시상식에서 단체 부문 국무총리 기관표창을 수상했다. 이번 수상은 2022년 울진...",2026-09-21 17:36,https://www.todayenergy.kr/news/articleView.html?idxno=303376,https://www.todayenergy.kr/news/articleView.html?idxno=303376
연세대학교,MBN,"국회·산학연 수소경제 해법 논의…""수소, 하나의 생태계로 연결해야""","문일 한국공학한림원 연세대학교 교수의 사회로 진행됐으며, 한국수소연합과 한국수소연료전지산업협회가... 문일 연세대학교 교수는 “지금은 기후변화를 넘어 기후 재난의 시대이며, 수소사회로의 전환은 인류의...",2026-09-21 17:34,http://mbnmoney.mbn.co.kr/news/view?news_no=MM1005925350,http://mbnmoney.mbn.co.kr/news/view?news_no=MM1005925350
연세대학교,바스켓코리아,"[나고야 AG] “조급해할 필요 없어” 태극마크를 바라보던 소년, 금메달...",유기상은 용산고와 연세대를 거치며 아마추어 무대에서 꾸준히 주목받았지만 유독 청소년 대표팀과는 인연이 닿지 않았다. 유기상이 처음 국가대표로 선발된 것은 프로 무대에 발을 디딘 후인 2024년. 이후 꾸준히...,2026-09-21 17:33,https://basketkorea.com/news/newsview.php?ncode=1065601146056920,https://m.sports.naver.com/basketball/article/351/0000088303
연세대학교,매일경제,"""기업이 문제해결 위해 찾는 지식플랫폼 될것""","경영학회 차차기 회장 당선 신현한 연세대 교수 산업·지역별 산학연구회 확대 현장 고민을 연구주제로 연결... 신 교수는 매일경제와의 인터뷰에서 ""기업 역시 대학의 연구 역량을 필요로 하지만 누구와 어떻게 협력해야...",2026-09-21 17:32,https://www.mk.co.kr/article/12158476,https://n.news.naver.com/mnews/article/009/0005738516?sid=102
연세대학교,KOREAHEALTHLOG,"연세사랑병원, '고관절 관절내시경센터' 개설…""전문화된 진료 제공""","보건복지부 지정 관절 전문 연세사랑병원(고용곤 병원장)이 퇴행성고관절염, 스포츠손상, 대퇴비구... 정재현 원장은 연세대 의과대학을 졸업하고 동 대학원에서 의학박사 학위를 받았다. 세브란스병원에서 전임의를...",2026-09-21 17:32,https://www.koreahealthlog.com/news/articleView.html?idxno=59117,https://www.koreahealthlog.com/news/articleView.html?idxno=59117
연세대학교,NEWSCLAIM,[SK 인사 전망]② 사장 아래 85명… 누가 더 큰 자리로 가나,"법학전문대학원을 거쳐 UCLA에서 LL.M. 과정을 밟았다. 한국 변호사와 미국 캘리포니아주 변호사 자격도... 연세대 출신 남주현 AX Offering본부장은 기술을 상품으로 만들어 고객에게 제안한다. 제조와 에너지, 기업...",2026-09-21 17:30,https://www.newsclaim.co.kr/news/articleView.html?idxno=3076123,https://www.newsclaim.co.kr/news/articleView.html?idxno=3076123
연세대학교,헤럴드경제,"“작은 성과부터 차곡차곡”… 한–뉴질랜드, 글로벌 과학기술 영토 넓...","그 중심에는 겐트대학교 글로벌캠퍼스 한태준 총장과 마린유겐트 코리아 박지혜 소장이 있다. 한 총장과... (KIST), 경희대, 연세대 연구진 및 뉴질랜드 정부·학계 관계자 60여 명이 집결해 활발한 논의를 펼쳤다.",2026-09-21 17:28,https://biz.heraldcorp.com/article/10881076?ref=naver,https://n.news.naver.com/mnews/article/016/0002700465?sid=102
연세대학교,뉴스핌,"수소업계 ""기술 있어도 시장 없다…정부가 공급 인프라 깔아야""","(앞줄 왼쪽부터) 문일 연세대 교수, 윤의준 한국공학한림원 회장, 김소희 국회의원, 이광재 국회예산결산특별위원장, 이종배 국회수소경제포럼 대표의원, 정태호 국회수소경제포럼 대표의원 등 참석자들이'제2회 수소경제...",2026-09-21 17:27,https://www.newspim.com/news/view/20260921001091,https://www.newspim.com/news/view/20260921001091
연세대학교,한국경제,"송도 세브란스병원 신축공사…금호건설, 우선협상자로 선정","금호건설이 연세대 의료원이 발주한 인천 연수구 송도세브란스병원 신축 공사 입찰에서 우선협상... 원주연세의료원 제2병원신축 공사도 수주해 착공을 앞두고 있다. 삼성전자 플랙트 한국공장, 킨텍스 주차복합빌딩...",2026-09-21 17:27,https://www.hankyung.com/article/2026092189051,https://n.news.naver.com/mnews/article/015/0005334747?sid=101
연세대학교,컨슈머타임스,한국 인체조직 ECM 바이오산업협회 공식 출범,"이 초대 회장은 25년 이상 임상 경험을 쌓아온 피부과 전문의로 연세대학교 의과대학 피부과학교실 주임교수와 세브란스병원 피부과장, 연세의대 피부생물학연구소장 등을 역임했다. 오랜 임상·연구 경험과 인체조직 및...",2026-09-21 17:26,https://www.cstimes.com/news/articleView.html?idxno=721550,https://www.cstimes.com/news/articleView.html?idxno=721550
연세대학교,스포츠월드,"[AG하이라이트] 접전 넘고 완승까지… 허유정 앞세운 여자 3대3 농구, 첫...","구민교(성균관대), 김승우, 이주영(이상 연세대), 이동근(고려대) 등 대학 선수 네 명으로 구성된 한국은 22일 태국과 일본을 차례로 만난다. 23일에는 싱가포르를 상대한다.",2026-09-21 17:23,https://www.sportsworldi.com/newsView/20260921517015,https://m.sports.naver.com/basketball/article/396/0000755943
연세대학교,SIDAE,"김용태 ""미래세대, 민주공화주의 헌법 공론의 장 필요""","새로운미래를위한청년변호사모임, 한국청년입법정책학회, 신촌 연합 토론 동아리 아우름(서강대·연세대... 토론은 박철언 서울대 행정대학원 박사과정이 좌장을 맡아 주제별 발표와 토론, 논평 순으로 진행됐다....",2026-09-21 17:19,https://www.sidae.com/article/2026092117040420418,https://n.news.naver.com/mnews/article/417/0001158938?sid=100
연세대학교,디지털타임스,"“韓 수소, AI 에너지 핵심으로…일관된 정책 우선돼야”","문일 연세대 교수는 “수소사회는 단기간에 완성될 수 없는 만큼, 기술과 시장의 현실을 반영한 정교한 장기계획을 수립헤야 한다”며 “단기적인 여건 변화에 흔들리지 않는 일관된 정책으로 산업계의 투자와 혁신을...",2026-09-21 17:14,https://www.dt.co.kr/article/12085241?ref=naver,https://n.news.naver.com/mnews/article/029/0003049287?sid=101
연세대학교,AMENEWS,"“수소사회 실현, 기술·시장 현실 반영 장기계획 必”",문일 연세대학교 교수는 “수소사회는 단기간에 완성될 수 없는 만큼 기술과 시장의 현실을 반영한 정교한 장기계획을 수립하고 단기적인 여건 변화에 흔들리지 않는 일관된 정책으로 산업계의 투자와 혁신을 뒷받침해야...,2026-09-21 17:10,http://amenews.kr/news/view.php?idx=68089,http://amenews.kr/news/view.php?idx=68089
연세대학교,베리타스알파,[2027의대잣대] 뉴스위크 특화병원 '암 치료' 종양학.. 삼성서울 세계5위...,의대생은 본과 과정에서 대학병원이나 교육협력병원을 중심으로 임상실습을 거친다. 특히 암 치료는... 연세대 세브란스병원은 지난해 세계22위에서 9계단 상승한 세계13위로 국내 톱4다. 국내 톱4 가운데 유일하게...,2026-09-21 17:06,https://www.veritas-a.com/news/articleView.html?idxno=629063,https://www.veritas-a.com/news/articleView.html?idxno=629063
연세대학교,뉴스웍스,[한수원 소식] 2026 학위논문 연구성과 콘퍼런스·봄철 산불방지 유공기...,◆봄철 산불방지 유공기관 '국무총리 표창' 수상 한국수력원자력이 21일 연세대학교 세브란스빌딩에서 열린 행정안전부 주관 '2026년 봄철 산불방지 유공 포상' 시상식에서 단체 부문 국무총리 기관표창을 수상했다. 이번...,2026-09-21 17:04,https://www.newsworks.co.kr/news/articleView.html?idxno=854469,https://www.newsworks.co.kr/news/articleView.html?idxno=854469
연세대학교,보건뉴스,"연세사랑병원, '고관절 관절내시경센터' 개설",연세사랑병원 정재현 고관절관절내시경센터장이 환자와 상담을 진행하고 있다 보건복지부 지정 관절 전문... 고관절 내시경센터를 이끄는 정재현 원장은 연세대학교 의과대학을 졸업하고 동 대학원에서 의학박사 학위를...,2026-09-21 17:04,http://www.bokuennews.com/news/article.html?no=284577,http://www.bokuennews.com/news/article.html?no=284577
연세대학교,베리타스알파,[알고보자] '서울권 의대 지원자 감소' 반도체 계약학과 선호 결과라고...,2018학년까지 논술을 실시하던 고려대가 폐지했고 연세대도 2020학년을 끝으로 의대 논술을 접었다.... 대학마다 수능 반영 비율이 다르고 의약계열로의 연쇄 이탈이 잦은 계약학과의 특성을 충분히 감안하지 않은 채...,2026-09-21 17:00,https://www.veritas-a.com/news/articleView.html?idxno=628969,https://www.veritas-a.com/news/articleView.html?idxno=628969
연세대학교,HIDOC,초·중학생 때 이사 자주 다닐수록 우울증 위험 높아진다,연세대학교 등 공동 연구팀은 국내 대규모 인구 데이터를 바탕으로 주거 환경의 변화가 자라나는 아이들에게 미치는 영향을 장기적으로 분석했다. 이번 연구는 아동·청소년기의 안정적인 주거 환경이 향후...,2026-09-21 17:00,https://news.hidoc.co.kr/news/articleView.html?idxno=67808,https://news.hidoc.co.kr/news/articleView.html?idxno=67808
연세대학교,베리타스알파,[단독] 지난해 25개 로스쿨 중도탈락률 3.27% '역대 최고'.. '반수 억제 ...,"대학알리미 법학전문대학원 '중도탈락 현황'에 따르면, 2025학년 25개 로스쿨 재적학생 6453명 가운데... 연세대는 전년 7명에서 17명으로, 고려대는 2명에서 8명으로 중도탈락 인원이 크게 늘었다. 상위...",2026-09-21 16:52,https://www.veritas-a.com/news/articleView.html?idxno=629021,https://www.veritas-a.com/news/articleView.html?idxno=629021
연세대학교,뉴스핌,"한수원, 봄철 산불방지 유공 국무총리 표창…원전 보호 성과 인정",한수원은 21일 서울 연세대학교 세브란스빌딩에서 열린 행정안전부 주관 '2026년 봄철 산불방지 유공 포상' 시상식에서 단체 부문 국무총리 기관표창을 수상했다고 밝혔다. 이번 수상은 지난 2022년 울진 산불과 2025년...,2026-09-21 16:50,https://www.newspim.com/news/view/20260921001065,https://www.newspim.com/news/view/20260921001065
