대학,언론사,기사 제목,기사 요약,발행시각,언론사 링크,네이버 링크
고려대학교,e대한경제,‘씨엘스톤 더 써밋 구로구청’ 10월 초 분양,"단지 인근에는 구로구청과 구로경찰서, 고려대 구로병원이 있으며 NC백화점과 이마트, 구로시장 등 생활편의시설도 자리한다. 동구로초와 구로중, 영림중, 구로고 등을 도보로 이용할 수 있고, 인근 도서관과...",2026-10-06 10:42,https://www.dnews.co.kr/uhtml/view.jsp?idxno=202610061031426030525,https://www.dnews.co.kr/uhtml/view.jsp?idxno=202610061031426030525
연세대학교,매일일보,"서울시, 서울건강총괄관에 김현철 연세대 교수 위촉","김현철 연세대 의과대학 교수를 위촉했다. 서울시는 비상근 민간 전문가 직인 서울건강총괄관에 김 교수를... 현재 연세대 인구와인재연구원장과 연세의료원 AI의료사업단 정책기획단장을 겸하고 있으며, 정부와 국제기구...",2026-10-06 10:42,https://www.m-i.kr/news/articleView.html?idxno=2002834,https://www.m-i.kr/news/articleView.html?idxno=2002834
서울대학교,한국대학신문,"""AI는 피할 수 없지만 필연적이지는 않다"" 대학교육 재설계 화두 던진 C...",(사진=라이너스)  지난달 18일 서울대학교 호암교수회관에서 'Canvas Day Korea 2026'이 생성형 AI가 대학교육의 필수 요소로 자리 잡는 가운데 기술 도입 자체보다 '어떻게 학생의 학습을 깊게 만들 것인가'에 초점을 맞춰...,2026-10-06 10:42,https://news.unn.net/news/articleView.html?idxno=598284,https://news.unn.net/news/articleView.html?idxno=598284
서울대학교,뉴스웍스,[부동산 나들이] LH '사진 공모전'-'기숙사형 전세 임대 확대'·대우 '싱...,"LH는 지난달 4일 서울대와 업무협약을 맺고 2030년까지 200호를 공급하기로 했으며, 이번 학기 30호를 우선 공급해 지난 1일부터 청년 60명이 입주했다. LH는 7일부터 500호 규모 전국 단위 '기숙사형 전세임대주택 공모'를...",2026-10-06 10:42,https://www.newsworks.co.kr/news/articleView.html?idxno=855636,https://www.newsworks.co.kr/news/articleView.html?idxno=855636
서울대학교,매일일보,"서울시, 서울건강총괄관에 김현철 연세대 교수 위촉","매일일보 = 이창희 선임기자   |  서울시가 시정 전반을 '시민 건강'의 관점에서 살피는 서울건강총괄관에... 연세대 경제학 석사와 서울대 보건학 석사를 거쳐 미국 컬럼비아대에서 경제학 박사 학위를 받았고, 코넬대...",2026-10-06 10:42,https://www.m-i.kr/news/articleView.html?idxno=2002834,https://www.m-i.kr/news/articleView.html?idxno=2002834
연세대학교,아시아타임즈,"네이버 분쟁조정센터, 소비자 피해 10건 중 8건 '구제'","최난설헌 연세대 교수, 이대호 성균관대 교수, 정지연 한국소비자연맹 사무총장이 네이버에 접수된 소비자 분쟁 데이터를 분석한 결과, 실제 피해 구제율이 83.6%로 피해구제 기능이 적절하게 작동하는 것으로 확인됐다....",2026-10-06 10:42,https://www.asiatime.co.kr/article/20261006500082,https://www.asiatime.co.kr/article/20261006500082
고려대학교,이코노믹리뷰,"카카오모빌리티, 고려대 C5ISRT연구원과 손잡고 유·무인 복합 관제 플랫...",카카오모빌리티(대표 류긍선)는 고려대학교 C5ISRT융합연구원과 '국방 인공지능(AI) 분야 상호발전을 위한... 상대인 고려대학교 C5ISRT융합연구원은 지휘·통제·통신·컴퓨터·사이버·정보·감시·정찰·표적처리가 통합된...,2026-10-06 10:40,https://www.econovill.com/news/articleView.html?idxno=752777,https://www.econovill.com/news/articleView.html?idxno=752777
고려대학교,뉴데일리경제,869개 보안항목 쌓아도 뚫렸다 … AI가 바꾼 금융권 해킹 '공격지도' [신...,"김승주 고려대 정보보호대학원 교수는 이번 사태와 관련해 공개한 글에서 ""중요한 것은 AI가 지금까지 존재하지 않았던 전혀 새로운 공격기법을 만들어냈다는 데 있지 않다""며 ""더 근본적인 변화는 공격의 속도와...",2026-10-06 10:40,https://biz.newdaily.co.kr/site/data/html/2026/10/06/2026100600092.html,https://biz.newdaily.co.kr/site/data/html/2026/10/06/2026100600092.html
서울대학교,중소기업신문,누리호에 실린 국산 위성 15기…어떤 임무 맡나,"GBSAT은 경기북과학고 동문이 대학 1학년 때 팀을 결성해 만든 위성으로, 이상훈 대구경북과학기술원(DGIST) 학생을 비롯해 KAIST, 광주과학기술원(GIST), 한국항공대, 서울대 재학생들이 각자 곳곳에 흩어져 있음에도...",2026-10-06 10:40,http://www.smedaily.co.kr/news/articleView.html?idxno=364179,http://www.smedaily.co.kr/news/articleView.html?idxno=364179
서울대학교,메디컬월드뉴스,"국립대병원 의사 회복세에도 정원보다 2,602명 부족","세종충남대학교병원(분원) 93.1%, 양산부산대학교병원 86.6%, 분당서울대학교병원 82.3%가 뒤를 이었다. 반면 경북대학교병원(본원)은 정원 705명에 현원 388명으로 충원율이 55.0%에 그쳐 가장 낮았다....",2026-10-06 10:40,https://medicalworldnews.co.kr/news/view.php?idx=1510977642,https://medicalworldnews.co.kr/news/view.php?idx=1510977642
연세대학교,아시아경제,'물고기는 어떻게 뭍으로 올라왔나'…'틱타알릭' 발견자 닐 슈빈 방한,한국과학기술한림원은 7일 오후 4시 서울 연세대 백양누리 그랜드볼룸에서 '제1회 한림원장 초청 특별강연'을 개최한다고 6일 밝혔다. 슈빈 원장은 '물고기는 왜 중요한가: 우리의 깊은 진화적 연결고리를 찾아서...,2026-10-06 10:39,https://view.asiae.co.kr/article/2026100610393482336,https://n.news.naver.com/mnews/article/277/0005824958?sid=105
고려대학교,아시아경제,AI發 해킹사고 줄줄이 터지는데 대응 체계 역부족,"이상근 고려대 정보보호대학원 교수는 ""AI가 빠른 속도로 발전하는데 반해 보안 전문 인력 양성은 중간 단계로 보여진다""며 ""기관뿐 아니라 학교나 연구소의 화이트해커를 함께 이용할 수 있는 방안이 필요할 것""이라고...",2026-10-06 10:39,https://view.asiae.co.kr/article/2026100609522541198,https://n.news.naver.com/mnews/article/277/0005824956?sid=105
고려대학교,서울경제,"카카오모빌리티, 고려대와 국방 AX 협력…유·무인 복합체계 개발",카카오모빌리티가 고려대학교와 손잡고 인공지능(AI) 기반 모빌리티 핵심 기술을 국방 분야에 접목한다. 카카오모빌리티는 6일 고려대학교 C5ISRT융합연구원과 ‘국방 AI 분야 상호발전을 위한 협력 양해각서(MOU)’를...,2026-10-06 10:38,https://www.sedaily.com/article/20098390?ref=naver,https://n.news.naver.com/mnews/article/011/0004668470?sid=105
연세대학교,메디파나뉴스,수술 전 8가지 정보로 '급성 신장 손상' 위험 예측,"연세대 세브란스병원 이식외과 이주한 교수와 신장내과 김형우 교수, 의대 의생명시스템정보학교실 유승찬·김선지 교수 연구팀은 전신마취 수술 환자의 데이터를 분석해 수술 전 8가지 정보만으로 수술 후 급성 신장...",2026-10-06 10:38,https://www.medipana.com/news/articleView.html?idxno=418795,https://www.medipana.com/news/articleView.html?idxno=418795
연세대학교,컨슈머타임스,"코람코, 사내 MBA 첫 결실…차세대 리더 15명 수료","한양대학교 대학원과 연계한 코람코 사내 MBA 과정 수료식. 컨슈머타임스=정용규 기자 | 코람코자산신탁과... 임원급에는 연세대학교 상남경영원 부동산 최고위 과정을, 실무급에는 한양대 연계 사내 MBA를 각각...",2026-10-06 10:38,https://www.cstimes.com/news/articleView.html?idxno=722963,https://www.cstimes.com/news/articleView.html?idxno=722963
고려대학교,보건뉴스,"고려대의료원-식품의약품안전평가원, 바이오헬스 제품화 맞손","고려대의료원 산하 안암·구로·안산 연구중심병원을 비롯해 고려대 의과대학 백신혁신센터, 개방형실험실, G밸리의료기기개발지원센터, 의료기기 사용적합성 시험센터 등 임상·연구 인프라도 연계한다. 이를 기반으로...",2026-10-06 10:38,http://www.bokuennews.com/news/article.html?no=285106,http://www.bokuennews.com/news/article.html?no=285106
고려대학교,STARTUPTODAY,[Weekly 제약&바이오] 차병원·차바이오그룹·동아제약·심평원,"이 상임감사는 1968년 서울 출생으로 고려대 간호학과를 졸업하고 단국대 법학 학사, 미국 서던캘리포니아대(USC) 법학 석사 학위를 받았다. 제40회 행정고시로 공직에 들어와 감사원 공공기관감사국 제1과장, 심의실장...",2026-10-06 10:36,https://www.startuptoday.co.kr/news/articleView.html?idxno=815030,https://www.startuptoday.co.kr/news/articleView.html?idxno=815030
연세대학교,내일신문,양병내 신임 KTC 원장 취임,"양 신임 원장은 대구성광고와 연세대 경제학과를 졸업하고 미국 미주리대 대학원에서 경제학 박사 학위를 취득했다. 행정고시 39회로 공직에 입문한 그는 청와대 대통령비서실 행정관, 산업통상자원부 수소경제정책관...",2026-10-06 10:36,https://www.naeil.com/news/read/604241?ref=naver,https://www.naeil.com/news/read/604241?ref=naver
연세대학교,이코노믹리뷰,"네이버 분쟁조정센터 피해 구제율 83.6% ""자율규제위 분석에서 확인""",이번 결론은 최난설헌 연세대 교수와 이대호 성균관대 교수 그리고 정지연 한국소비자연맹 사무총장이 맡은 연구에서 나왔다. 연구진은 네이버에 접수된 소비자 분쟁 데이터를 전수 분석한 뒤 외부 소비자상담 데이터와...,2026-10-06 10:36,https://www.econovill.com/news/articleView.html?idxno=752774,https://www.econovill.com/news/articleView.html?idxno=752774
고려대학교,이코노믹리뷰,"네이버 분쟁조정센터 피해 구제율 83.6% ""자율규제위 분석에서 확인""","자율규제위원회 위원장인 권헌영 고려대 교수는 ""외부에서 궁금해하던 분쟁 처리 문제를 위원회가 분쟁 전수 데이터로 직접 들여다보고 분석했다는 점에서 이번 연구는 큰 의미가 있다""고 말했다. 이어 ""분쟁을 줄이기...",2026-10-06 10:36,https://www.econovill.com/news/articleView.html?idxno=752774,https://www.econovill.com/news/articleView.html?idxno=752774
서울대학교,약사공론,"병원약사회, '2026 병원 약제부서 관리자 역량강화교육' 개최","(가톨릭대학교 서울성모병원 약제부장)의 '전문약사 수련 교육기관 운영 현황 및 지원 방향', 임정미 환자안전·질향상이사(서울대학교병원 조제과장)의 '5주기 인증 준비 및 수검사례'가 발표된다. 병원약사회는...",2026-10-06 10:36,https://www.kpanews.co.kr/news/articleView.html?idxno=545588,https://www.kpanews.co.kr/news/articleView.html?idxno=545588
서울대학교,노컷뉴스,"박범계 ""한동훈의 盧 언급, 盧 존경했다던 尹보다 못해""","충남대 거점 국립대 서울대 10개 만들기의 변형이죠. 충남대가 뽑혔는데 공주대와의 통합이 지금 불발됐어요, 1차적으로. 그 부분을 다시 점검해서 학내 여론을 통합 긍정적으로 그래야지 지금 거점 국립대 육성 프로젝트가...",2026-10-06 10:35,https://www.nocutnews.co.kr/news/6587348?utm_source=naver&utm_medium=article&utm_campaign=20261006103410,https://n.news.naver.com/mnews/article/079/0004195844?sid=100
서울대학교,아시아A,"LH, 기숙사형 전세임대 500호 공모...청년 주거지원 확대",LH는 지난달 4일 서울대학교와 업무협약을 맺고 2030년까지 기숙사형 전세임대주택 200호를 공급하기로 했다. 서울대학교의 노후 기숙사 재건축에 따른 대체 주거 공간을 마련하기 위한 것이다. 이번 학기에는 30호를 우선...,2026-10-06 10:34,https://www.asiaa.co.kr/news/articleView.html?idxno=265141,https://www.asiaa.co.kr/news/articleView.html?idxno=265141
고려대학교,BBS NEWS,"카카오모빌리티, 고려대와 국방 AI 분야 맞손","카카오모빌리티가 고려대학교 C5ISRT융합연구원과 '국방 인공지능 분야 상호발전을 위한 협력 양해각서'를... 고려대 C5ISRT융합연구원은 첨단 지휘통제 및 전장인식 체계 분야 전문 연구조직으로, 최근 국방부의 '국방 AX...",2026-10-06 10:34,https://news.bbsi.co.kr/news/articleView.html?idxno=4110426,https://news.bbsi.co.kr/news/articleView.html?idxno=4110426
고려대학교,이코노믹리뷰,뮤지컬 '드라큘라' 장르 통합 1위…'광화문연가' 2위 [10월 5일 공연 예...,29 - 서울 - 올림픽공원 KSPO DOME(체조경기장) 클로저 [대학로] - 연극 - 2026.09.15 ~ 2026.12.06 - 서울... 05 - 서울 - 고려대학교 화정체육관 주경기장 악뮤(AKMU) CONCERT: 소문의 낙원 (Paradise of Rumors)...,2026-10-06 10:34,https://www.econovill.com/news/articleView.html?idxno=752761,https://www.econovill.com/news/articleView.html?idxno=752761
고려대학교,포인트엔,"NHN클라우드, 'AI 페스타 2026' 참가…'FactoryX' 앞세워 AI 인프라 역량...",△ 고려대 C5ISRT융합연구업무협약 체결…국방 AX 및 클라우드 생태계 확장 한편 NHN클라우드는 고려대학교 C5ISRT융합연구원과 업무협약을 맺고 국방 AI 전환(AX) 지원 사업을 본격화한다. 회사는 고려대 연구원과...,2026-10-06 10:34,https://www.pointe.co.kr/news/articleView.html?idxno=85616,https://www.pointe.co.kr/news/articleView.html?idxno=85616
서울대학교,브레이크뉴스,류근일 전 조선일보 주필의 신문 패망선언? “재래식 언론은 실패했다!...,서울대학교 정치학과 재학 시절인 1957년 동인지에 쓴 글이 문제가 되어... 서울의 대중 교통망에서 신문을 읽는 독자가 없어졌다. 시내의 전철을 타 보면 알 수 있다....,2026-10-06 10:34,http://www.breaknews.com/1241064,http://www.breaknews.com/1241064
서울대학교,TV조선,"서울대생 60명 '역세권 신축' 입주…LH, 기숙사 200호 공급",서울대생 60명이 이달부터 한국토지주택공사(LH)가 마련한 역세권 신축 주택에서 생활을 시작했다. 노후 기숙사 재건축에 따른 주거 공백을 메우기 위해서다. LH는 서울대학교와 협력해 오는 2030년까지 기숙사형...,2026-10-06 10:32,https://news.tvchosun.com/site/data/html_dir/2026/10/06/2026100690072.html,https://n.news.naver.com/mnews/article/448/0000643252?sid=101
고려대학교,경인일보,[새얼굴] 양정열 제2대 경기고용노동청장 취임… “현장 중심 노동행정...,양 청장은 고려대학교 무역학과를 졸업한 뒤 영국 버밍엄대학교 대학원에서 사회정책학 석사학위를 받았다.... 양 청장은 산업과 고용 규모가 큰 경기지역 특성을 고려해 현장 중심의 고용노동 행정에 무게를 두겠다는...,2026-10-06 10:32,https://www.kyeongin.com/article/1772029,https://www.kyeongin.com/article/1772029
고려대학교,의사신문,"손장원 부천성모병원 교수, 운동신경·혈관 내피세포 통합한 3차원 인간...",이번 연구에는 한국과학기술연구원(KIST)과 고려대 기계공학부 연구진 등이 참여했다. 연구진은 3차원으로 배양한 인간 골격근에 운동신경세포와 혈관 내피세포를 통합한 마이크로칩 기반 시스템을 구축해 신경...,2026-10-06 10:32,http://www.doctorstimes.com/news/articleView.html?idxno=240312,http://www.doctorstimes.com/news/articleView.html?idxno=240312
고려대학교,매일경제,"국제ESG협회·고려대 ‘APBC 2026’ 개최, 바이오차 및 토양 자산화 모색",고려대 옥용식 교수와 이재혁 경영대학 교수가 공동대회장을 맡아 환경과학과 경영학을 접목한 학제 간 협력을 바탕으로 ‘토양 자산화(Soil as an Asset) : ESG 목표 달성을 위한 지속 가능한 바이오차 시장 개발과...,2026-10-06 10:31,https://www.mk.co.kr/article/12169024,https://n.news.naver.com/mnews/article/009/0005744338?sid=102
연세대학교,국제신문,국산 AI 반도체로 ‘한국형 피지컬 AI’ 구현 나선다,"고려대·동국대·세종대·연세대 산학협력단 등이 참여한다. 두 번째 과제인 ‘협동로봇·AI 기반 지능형... 과제 기간은 45개월로, 두산로보틱스가 주관기관을, 딥엑스, 세이지, 국립창원대학교 산학협력단이...",2026-10-06 10:30,http://www.kookje.co.kr/news2011/asp/newsbody.asp?code=0200&key=20261006.99099001296,https://n.news.naver.com/mnews/article/658/0000157586?sid=101
연세대학교,KBS,"경사노위, 인구구조 변화 대응 ‘일자리 6대 과제’ 도출…“12월 최종...","경사노위는 앞서 지난 8월, 9월 각각 연세대와 한국기술교육대학교에서 시민참여단과 숙의 토론회를 진행하며 권역 공론 절차를 밟았습니다. 오는 24일~25일에는 한국기술교육대학교에서 시민 대표 100명과 세부 의제...",2026-10-06 10:30,https://news.kbs.co.kr/news/pc/view/view.do?ncd=8678414&ref=A,https://n.news.naver.com/mnews/article/056/0012268326?sid=101
연세대학교,연합뉴스,시민이 선정한 일자리 공론화 주제는 세대 소통·지역일자리 등,지난 8월 30일 서울 연세대에서 수도권 시민참여단 대상 토론이 이뤄졌고 지난달 5일에는 충남 천안 한국기술교육대에서 비수도권 시민참여단의 숙의 토론이 실시됐다. 1·2차 숙의토론에는 총 277명이 참석해 의견을...,2026-10-06 10:30,https://www.yna.co.kr/view/AKR20261006057900530?input=1195m,https://n.news.naver.com/mnews/article/001/0016359013?sid=102
연세대학교,한국강사신문,"성균관대학교, AI중심대학 본격 출범… 'Human+AI' 미래 융합인재 양성",성균관대학교(총장 유지범)가 인공지능(AI)을 대학 교육 전반에 접목하는 'AI중심대학' 체계를 본격 가동하며 인간 중심의 미래 융합인재 양성에 나선다. 성균관대는 지난 9월 29일 연세대학교 백양누리홀에서 열린...,2026-10-06 10:30,https://www.lecturernews.com/news/articleView.html?idxno=211522,https://www.lecturernews.com/news/articleView.html?idxno=211522
연세대학교,헤럴드경제,“정년 연장보다 지역 일자리”…시민 74%가 꼽은 저출산 일자리 해법,특위는 지난 8월 30일 연세대와 9월 5일 한국기술교육대에서 숙의토론회를 열었다. 시민참여단 300명 중 277명이 참석해 전문가 설명을 듣고 토론했다. 참석률은 92.3%였다. 특위는 시민 의견 4600여건을 반영해...,2026-10-06 10:30,https://biz.heraldcorp.com/article/10893731?ref=naver,https://n.news.naver.com/mnews/article/016/0002705755?sid=101
고려대학교,국제신문,국산 AI 반도체로 ‘한국형 피지컬 AI’ 구현 나선다,"세이지, 고려대·동국대·세종대·연세대 산학협력단 등이 참여한다. 두 번째 과제인 ‘협동로봇·AI 기반... 과제 기간은 45개월로, 두산로보틱스가 주관기관을, 딥엑스, 세이지, 국립창원대학교 산학협력단이...",2026-10-06 10:30,http://www.kookje.co.kr/news2011/asp/newsbody.asp?code=0200&key=20261006.99099001296,https://n.news.naver.com/mnews/article/658/0000157586?sid=101
연세대학교,뉴시스,지역 일자리 창출·육아휴직 확산…경사노위 6대 과제 윤곽,"1차 숙의토론회는 지난 8월 30일 서울 연세대학교에서 수도권 시민참여단을 대상으로 열렸고, 2차 토론회는 지난달 5일 충남 천안 한국기술교육대학교에서 비수도권 시민참여단을 대상으로 진행됐다. 공론화추진단과...",2026-10-06 10:30,https://www.newsis.com/view/NISX20261006_0003814898,https://n.news.naver.com/mnews/article/003/0014234848?sid=102
연세대학교,헤럴드경제,망분리 완화 참여 금융사 뚫리자 2차 규제완화 대상 발표 전격 보류,"권태경 연세대 정보대학원 교수도 이번 사고를 “ODS(영업지원시스템)나 대출모집인용 서비스 등 외부 접점에서 인증·세션 관리 등 기본적인 보안 통제가 취약해, 정문은 잘 막았지만 쪽문은 제대로 막지 못한 사례”...",2026-10-06 10:29,https://biz.heraldcorp.com/article/10893903?ref=naver,https://n.news.naver.com/mnews/article/016/0002705752?sid=101
서울대학교,포스인사이트,"LH, '기숙사형 전세임대' 전국 확대..대학·지자체 500호 공모",포쓰저널 이현민 기자 이미지=LH 한국토지주택공사(LH)가 서울대학교와 운영을 시작한 '기숙사형... 부동산 플랫폼 다방에 따르면 올해 7월 서울 주요 10개 대학 인근 전용면적 33㎡ 이하 원룸의 평균 월세는 보증금...,2026-10-06 10:28,http://www.4th.kr/news/articleView.html?idxno=2119233,http://www.4th.kr/news/articleView.html?idxno=2119233
서울대학교,제민일보,공무원연금공단 김우호 신임 이사장 취임,"김우호 신임 이사장은 1963년생으로 서울대학교 독어독문학과를 졸업하고, 서울대 행정대학원 행정학 석사 및 서울시립대 행정학 박사 학위를 받았다. 김 이사장은 제37회 행정고시로 공직에 입문해 대통령비서실...",2026-10-06 10:28,https://www.jemin.com/news/articleView.html?idxno=843910,https://www.jemin.com/news/articleView.html?idxno=843910
연세대학교,뉴시스,"AI가 수술전 '이 정보' 알면…""급성 신손상 예측""","6일 의료계에 따르면 이주한 연세대 세브란스병원 이식외과 교수와 김형우 신장내과 교수, 유승찬·김선지 연세의대 의생명시스템정보학교실 교수 연구팀은 전신마취 수술 환자의 데이터를 분석해 수술 전 8가지...",2026-10-06 10:28,https://www.newsis.com/view/NISX20261006_0003815137,https://n.news.naver.com/mnews/article/003/0014234838?sid=102
연세대학교,연합뉴스,"[가요소식] 베이비몬스터, 23일 컴백…4개월 만에 신곡","▲ '귀멸의 칼날' 음악감독, 내달 첫 내한 공연 = 일본 애니메이션 '귀멸의 칼날' 음악감독인 카지우라 유키가 다음 달 22일 서울 연세대학교 대강당에서 첫 내한 공연 '프레셔스 피시즈'(precious pieces)를 연다고...",2026-10-06 10:28,https://www.yna.co.kr/view/AKR20261006063600005?input=1195m,https://n.news.naver.com/mnews/article/001/0016359005?sid=103
고려대학교,디지털타임스,"카카오모빌리티, 모빌리티 기술 기반 국방 AX 가속화",카카오모빌리티는 고려대학교 C5ISRT와 국방 AI 분야 상호발전을 위한 협력 양해각서(MOU)를 체결했다고 6일 밝혔다. 고려대학교 C5ISRT융합연구원은 지휘·통제·통신·컴퓨터·사이버·정보·감시·정찰·표적처리가 통합된...,2026-10-06 10:27,https://www.dt.co.kr/article/12087552?ref=naver,https://n.news.naver.com/mnews/article/029/0003051580?sid=105
고려대학교,중부일보,[새얼굴] 양정열 경기고용노동청장,"양 청장은 1970년 광주 출신으로, 고려대학교 무역학과와 버밍엄대학교(영국) 사회정책과 대학원을 졸업했다. 39회 행정고시로 공직에 입문한 양 청장은 광주지방고용노동청장, 서울지방노동위원회 상임위원 등을...",2026-10-06 10:26,https://www.joongboo.com/news/articleView.html?idxno=363738489,https://www.joongboo.com/news/articleView.html?idxno=363738489
연세대학교,중소기업뉴스,"""성장경로·잠재력에 따라 지원대상·방식 정교한 설계 필요""","이승훈 연세대 부교수는 성장성이 높은 기업과 정책지원 효과가 큰 기업이 반드시 일치하지 않는다는 점을 짚었다. 그는 ""사업·기업규모별 특성과 정책효과의 차이를 함께 고려한 지원대상 선정을 제안하고...",2026-10-06 10:26,http://www.kbiznews.co.kr/news/articleView.html?idxno=114915,http://www.kbiznews.co.kr/news/articleView.html?idxno=114915
고려대학교,한국정경신문,"카카오모빌리티, 드론·로봇 한곳서 통합 관제..고려대와 맞손",카카오모빌리티는 고려대학교 C5ISRT융합연구원과 국방 AI 분야 상호 발전을 위한 업무협약을 맺었다고 6일 발혔다. 고려대 C5ISRT융합연구원은 첨단 지휘통제와 감시정찰 체계를 연구하는 전문 기관이다. 서울 용산에...,2026-10-06 10:26,https://kpenews.com/View.aspx?No=4252716,https://kpenews.com/View.aspx?No=4252716
서울대학교,DAILYBRIEF,전남광주통합특별시 출범 100일 시민음악회,"백윤학은 서울대학교 전기공학부와 작곡과 지휘 전공을 졸업하고 미국 커티스음악원과 템플대학교에서 수학했으며 콘서트와 오페라 무대에서 활동해왔다. 클래식 해설가이자 피아니스트, 작가로 활동하는 안인모는...",2026-10-06 10:24,https://www.dailybrief.co.kr/news/articleView.html?idxno=6910,https://www.dailybrief.co.kr/news/articleView.html?idxno=6910
서울대학교,공무원수험신문,아이에게 그림책 어떻게 읽어줄까…서울광장서 9일 부모·아이 ‘가족책...,"행사가 서울광장에서 열린다. 서울시는 임산부의 날(10월 10일)을 하루 앞둔 9일 오후 5시 서울야외도서관... 신종호 서울대학교 교육학과 교수는 ‘읽는 아이, 가정에서의 문해력 교육’을 주제로 영유아기 독서 습관을...",2026-10-06 10:24,https://www.gosiweek.com/article/1065576059840281,https://www.gosiweek.com/article/1065576059840281
연세대학교,한국경제,"코람코, 부동산업계 첫 사내 MBA 결실…차세대 리더 15명 배출",코람코자산신탁과 코람코자산운용이 한양대 대학원과 연계해 운영한 사내 MBA 과정에서 첫 번째 수료생을... 코람코는 지난 7월 본부장급 인력을 대상으로 연세대 상남경영원 부동산 최고위 과정을 마쳤다. 임원급에는...,2026-10-06 10:23,https://www.hankyung.com/article/202610064905r,https://n.news.naver.com/mnews/article/015/0005339449?sid=101
고려대학교,지피코리아,"영탁, 서울서 '탁쇼5' 포문… 시간여행 콘셉트로 전국투어 시작","영탁은 지난 3일부터 5일까지 서울 고려대학교 화정체육관에서 '탁쇼5'를 개최했다. 이번 공연은 2022년 첫 단독 콘서트 이후 매년 이어온 브랜드 공연 '탁쇼(TAK SHOW)'의 다섯 번째 시즌으로, 시간여행을 콘셉트로...",2026-10-06 10:22,https://www.gpkorea.com/news/articleView.html?idxno=147314,https://www.gpkorea.com/news/articleView.html?idxno=147314
고려대학교,법률신문,(이번주 법조 일정) 10월 5일~9일,"태평양·고려대 법학전문대학원, '최근 데이터, AI법 이슈의 분석과 향후 과제' 세미나(오후 2시, 서울 공평동 태평양 25층 세미나실) △8일(목) -대법원 2부 선고(오전 10시, 제1호 법정) -서울고법, '내란우두머리 등...",2026-10-06 10:22,https://www.lawtimes.co.kr/news/articleView.html?idxno=227281,https://www.lawtimes.co.kr/news/articleView.html?idxno=227281
연세대학교,메디파나뉴스,"연세대 용인세브란스병원, 'BEYOND 심포지엄' 개최(10/31)",연세대학교 용인세브란스병원은 오는 31일 병원 4층 대강당에서 퇴행성뇌질환센터 주관으로 '2026 BEYOND... 이어 연세의대 김나영 교수는 정상압수두증 환자의 센서 기반 보행 분석을 발표한다. 연세의대 황준규 교수는...,2026-10-06 10:22,https://www.medipana.com/news/articleView.html?idxno=418786,https://www.medipana.com/news/articleView.html?idxno=418786
고려대학교,NC,"영탁, 'TAK SHOW5' 서울 공연 마무리...시간 여행으로 색다른 무대 완성",영탁은 지난 3일부터 5일까지 서울 고려대학교 화정체육관에서 '2026 YOUNGTAK CONCERT [TAK SHOW 5 : TAK TO THE FUTURE]... 무대 위 영탁은 시간 이동을 통해 대학 신입생이 된 인물로 등장했다. 노래 대회에 참가하고 첫사랑을...,2026-10-06 10:21,https://www.nc.press/news/articleView.html?idxno=627911,https://www.nc.press/news/articleView.html?idxno=627911
고려대학교,텐아시아,트와이스 11주년인데 단 750명…스타디움급 팬덤에 초미니 행사,"트와이스는 지난해 서울 고려대학교 화정체육관에서 데뷔 10주년 팬미팅 '2025 TWICE FANMEETING [10VE UNIVERSE]'를 열었지만, 당시에도 팬덤 규모에 비해 공연장이 작다는 반응이 나왔다. 좌석 수요가 이어지자 일부...",2026-10-06 10:21,https://www.tenasia.co.kr/article/2026100644834,https://m.entertain.naver.com/article/312/0000778802
서울대학교,서울경제,기보·서울대 기술지주 손잡았다…초기 스타트업 투자·대출 동시 지원,"■ 초기투자 협업: 기술보증기금과 서울대 기술지주가 6일 유망 스타트업 발굴·성장 지원 업무협약(MOU)을... 기보·서울대 기술지주, 유니콘 새싹 함께 키운다 - 핵심 요약: 기술보증기금과 서울대 기술지주가 초기...",2026-10-06 10:21,https://www.sedaily.com/article/20098357?ref=naver,https://n.news.naver.com/mnews/article/011/0004668440?sid=101
연세대학교,비즈니스포스트,"두산로보틱스, 국책과제 2건 수주로 '한국형 피지컬 AI' 구현 나서","이 과제는 54개월 동안 진행되며 두산로보틱스가 총괄주관기관을 맡고 에이딘로보틱스, 모빌린트, 한국전자기술연구원, 한국생산기술연구원, 세이지, 고려대·동국대·세종대·연세대 산학협력단 등이 참여한다. 두 번째...",2026-10-06 10:20,https://www.businesspost.co.kr/BP?command=article_view&num=448652,https://www.businesspost.co.kr/BP?command=article_view&num=448652
연세대학교,후생신보,[부고] 이상길 연세암병원장 부친상,이상길 연세암병원장의 부친 (故 이주유님)께서 6일 별세했다. ※ 빈소 : 연세대학교 신촌장례식장  8호실 대표전화 02-2227-7500 ※ 발인 : 2026년 10월 8일 10시 ※ 장지 :  곤지암 소망동산,2026-10-06 10:20,http://www.whosaeng.com/174192,http://www.whosaeng.com/174192
서울대학교,농업인신문,"위캔캠프, 2027 겨울방학캠프 '얼리버드' 신청 10월 31일까지 접수",사진=위캔캠프 제공 한국진로개발원(대표 이원석)이 주관하는 서울대캠프 위캔캠프가 2027년 겨울방학캠프... 사진=위캔캠프 제공 이를 위해 서울대학교 출신 공신 멘토진이 참여해 학생들과 다양한 학습 경험을...,2026-10-06 10:20,http://www.nongup.net/news/articleView.html?idxno=33802,http://www.nongup.net/news/articleView.html?idxno=33802
서울대학교,머니투데이,"LH, 서울대와 손잡고 '기숙사형 전세 임대' 확대…전국 500가구 공모",서울대학교와 협업해 2030년까지 200가구를 공급하고 전국 대학·지자체를 대상으로 500가구 규모 공모도... LH는 지난달 서울대와 업무협약을 맺고 2030년까지 200가구를 공급하기로 했다. 서울대 노후 기숙사 재건축에...,2026-10-06 10:20,https://www.mt.co.kr/estate/2026/10/06/2026100609290683769,https://n.news.naver.com/mnews/article/008/0005422382?sid=101
서울대학교,조선일보,[인터뷰] 경계인의 시선으로 보면 모든 게 흥미로워요 / 서울대학교 국...,"스코틀랜드 세인트앤드루스대학교에서 사회인류학을 전공한 뒤 런던대학교에서 정치학 석사과정을 마쳤다. 우연히 듣게 된 판소리에 매료되어 인류음악학으로 전공을 바꾸고, 만 31세인 2020년에 서울대 국악과 조교수가...",2026-10-06 10:20,http://topclass.chosun.com/news/articleView.html?idxno=36854,http://topclass.chosun.com/news/articleView.html?idxno=36854
연세대학교,비즈니스플러스,"두산로보틱스, 국산 AI 반도체 품은 협동로봇 개발...989억원 국책과제...","고려대·동국대·세종대·연세대 산학협력단 등이 참여한다. 두 번째 과제인 '협동로봇·AI 기반 지능형 용접... 두산로보틱스가 주관기관을 맡고 딥엑스, 세이지, 국립창원대학교 산학협력단이 공동연구기관으로...",2026-10-06 10:20,https://www.businessplus.kr/news/articleView.html?idxno=117724,https://www.businessplus.kr/news/articleView.html?idxno=117724
연세대학교,보건뉴스,"용인세브란스병원, 'BEYOND 심포지엄' 개최","연세대학교 용인세브란스병원(병원장 박진오)은 오는 31일 병원 4층 대강당에서 퇴행성뇌질환센터... 이어 연세의대 김나영 교수가 정상압수두증 환자의 센서 기반 보행 분석을, 연세의대 황준규 교수가 션트와...",2026-10-06 10:20,http://www.bokuennews.com/news/article.html?no=285097,http://www.bokuennews.com/news/article.html?no=285097
고려대학교,비즈니스포스트,"두산로보틱스, 국책과제 2건 수주로 '한국형 피지컬 AI' 구현 나서","이 과제는 54개월 동안 진행되며 두산로보틱스가 총괄주관기관을 맡고 에이딘로보틱스, 모빌린트, 한국전자기술연구원, 한국생산기술연구원, 세이지, 고려대·동국대·세종대·연세대 산학협력단 등이 참여한다. 두 번째...",2026-10-06 10:20,https://www.businesspost.co.kr/BP?command=article_view&num=448652,https://www.businesspost.co.kr/BP?command=article_view&num=448652
고려대학교,비즈니스플러스,"두산로보틱스, 국산 AI 반도체 품은 협동로봇 개발...989억원 국책과제...","세이지와 고려대·동국대·세종대·연세대 산학협력단 등이 참여한다. 두 번째 과제인 '협동로봇·AI 기반... 두산로보틱스가 주관기관을 맡고 딥엑스, 세이지, 국립창원대학교 산학협력단이 공동연구기관으로 참여한다....",2026-10-06 10:20,https://www.businessplus.kr/news/articleView.html?idxno=117724,https://www.businessplus.kr/news/articleView.html?idxno=117724
서울대학교,전자신문,[AI네이티브 교육 10월 일정] 지식 설계부터 에이전틱 엔터프라이즈까지...,서울대 HCI 박사이자 삼성SDS와 스타트업에서 실무 경험을 쌓은 전문가가 강연을 맡아 UX 설계와 AI 구현을 연결하는 방법을 소개한다. UX나 코딩을 전공하지 않은 참가자도 아이디어를 구체적인 서비스로...,2026-10-06 10:18,https://www.etnews.com/20261006000084,https://n.news.naver.com/mnews/article/030/0003472447?sid=105
고려대학교,OSEN,"영탁, ‘콘서트 황제’ 돌아왔다…K팝 아이돌 커버 트로트 무대까지 ‘...",영탁은 지난 3일부터 5일까지 서울 고려대학교 화정체육관에서 ‘2026 YOUNGTAK CONCERT [ TAK SHOW 5 : TAK TO THE... 이후 신입생으로 타임슬립한 영탁이 대학 노래 대회에 참가하고 첫사랑에 설레는 모습부터 아버지의...,2026-10-06 10:18,http://www.osen.co.kr/article/G1112888074,https://m.entertain.naver.com/article/109/0005618770
고려대학교,노컷뉴스,"김승주 ""AI 은행 해킹, 본격 공격 아닌 맛보기일 수도""[금융치료]","1 (07:00~09:00) ■ 진행 : 박성태 앵커 ■ 대담 : 고란 (경제전문기자), 김승주 (고려대 정보보호대학원 교수)... ◆ 고란> 지금 대학교에서 제일 취업 안 되는 과가 컴퓨터공학과라는 얘기가 있던데. ◆ 김승주> 요새...",2026-10-06 10:18,https://www.nocutnews.co.kr/news/6587326?utm_source=naver&utm_medium=article&utm_campaign=20261006101710,https://n.news.naver.com/mnews/article/079/0004195829?sid=102
연세대학교,뉴스핌,"이도희 시의원 ""AI시대 서울청년 공정 출발선 마련··· 시의회 책임있...","이번 토론회에는 고동진 국민의힘 국회의원을 비롯해 소프트웨어정책연구소·연세대학교·KAIST·스타트업얼라이언스 등 국내 주요 연구기관과 대학, 산업계를 대표하는 전문가들이 참석했다. 또한 서울시의원과...",2026-10-06 10:17,https://www.newspim.com/news/view/20261006000389,https://www.newspim.com/news/view/20261006000389
연세대학교,헤럴드뮤즈,"‘귀칼’ 음악감독 카지우라 유키, 11월 첫 내한..음악 여정 총망라",6일 주최사 아뮤즈와 알앤디컴퍼니에 따르면 카지우라 유키는 오는 11월 22일 서울 서대문구 연세대학교 대강당에서 ‘Yuki Kajiura LIVE vol.#22 ~precious pieces~ in Seoul SPECIAL SETLIST (카지우라 유키 라이브 vol.#22...,2026-10-06 10:17,https://www.heraldmuse.com/article/10893870?ref=naver,https://m.entertain.naver.com/article/112/0003809119
고려대학교,서울경제TV,"카카오모빌리티, 고려대와 국방 AI 맞손…배차·자율주행 접목",카카오모빌리티가 고려대학교와 배차·경로 최적화·자율주행·로봇 기술을 국방 분야에 접목한다. 드론과... 카카오모빌리티는 고려대 C5ISRT융합연구원과 국방 AI 분야 연구·사업 협력을 위한 양해각서(MOU)를...,2026-10-06 10:16,https://www.sentv.co.kr/article/view/sentv202610060063,https://www.sentv.co.kr/article/view/sentv202610060063
고려대학교,연합뉴스,"[AI픽] 카카오모빌리티 AI, 국방으로…드론·로봇 통합관제 추진",고려대와 국방 AI 협력…유·무인 복합관제 플랫폼 개발 AI 배차·경로 최적화 기술 접목…전문인력 양성도 협력 카카오모빌리티는 고려대학교 C5ISRT융합연구원과 국방 인공지능(AI) 분야 연구·사업 협력을 위한 업무협약...,2026-10-06 10:15,https://www.yna.co.kr/view/AKR20261006060300017?input=1195m,https://n.news.naver.com/mnews/article/001/0016358934?sid=105
연세대학교,디지틀조선TV,"네이버, 소비자 분쟁 대응 고도화...연락두절 등 제재 강화","네이버 이용자보호 및 자율규제위원회는 6일 최난설헌 연세대 교수, 이대호 성균관대 교수, 정지연 한국소비자연맹 사무총장이 네이버 소비자 분쟁 데이터를 전수 분석하고 외부 소비자상담 데이터와 교차 검토한 연구...",2026-10-06 10:14,https://www.dizzotv.com/site/data/html_dir/2026/10/06/2026100680027.html,https://www.dizzotv.com/site/data/html_dir/2026/10/06/2026100680027.html
연세대학교,강원도민일보,한국인 최초 유럽 오페라 무대 오른 메조소프라노 김청자 별세,"국내에서는 1973∼1978년 중앙대와 연세대 음대 성악과 교수로 재직했으며, 1994년부터 2010년까지 한국예술종합학교 성악과 교수로 후학을 양성했다. 정년퇴임 이후에는 아프리카 말라위에서 봉사활동을 이어갔다. 2022년...",2026-10-06 10:14,https://www.kado.net/news/articleView.html?idxno=2076588,https://n.news.naver.com/mnews/article/654/0000204012?sid=103
연세대학교,STARNEWSK,'韓 최초 유럽 오페라 무대' 김청자 전 교수 별세...향년 82세,"귀국 후에는 중앙대, 연세대, 한예종 교수를 역임하며 후학을 양성했다. 정년퇴임 후 아프리카 말라위에서 헌신적인 음악 봉사 활동을 이어가던 중 2022년 유방암 판정을 받고 한국으로 돌아와 투병해 왔다. 유족으로는...",2026-10-06 10:14,http://www.starnewsk.com/news/articleView.html?idxno=59634,http://www.starnewsk.com/news/articleView.html?idxno=59634
고려대학교,뉴시스,"양정열 경기노동청장 ""현장 중심 노·사 성장 기반 마련""","양 신임 청장은 광주 출신으로 고려대 무역학과를 졸업한 뒤 영국 버밍엄대학교 대학원에서 사회정책과 석사학위를 취득했다. 이후 1996년 행정고시 39회로 공직에 입문해 고용서비스정책과장, 공공기관노사관계과장...",2026-10-06 10:13,https://www.newsis.com/view/NISX20261006_0003815143,https://n.news.naver.com/mnews/article/003/0014234734?sid=102
고려대학교,포인트데일리,"고려대의료원·식품의약품안전평가원, 백신·의료기기 제품화 지원 협약","대상은 안암·구로·안산 연구중심병원과 고려대 의과대학 백신혁신센터다. 개방형실험실과 G밸리의료기기개발지원센터, 의료기기 사용적합성 시험센터도 포함된다. 두 기관은 통합 제품화 컨설팅도 매년 정기적으로...",2026-10-06 10:12,https://www.pointdaily.co.kr/news/articleView.html?idxno=321312,https://www.pointdaily.co.kr/news/articleView.html?idxno=321312
고려대학교,중소기업신문,"두산로보틱스, 국산 AI 반도체로 '한국형 피지컬 AI' 만든다","세이지, 고려대·동국대·세종대·연세대 산학협력단 등이 참여한다. 두 번째 과제인 '협동로봇·AI 기반... 과제 기간은 45개월로, 두산로보틱스가 주관기관을, 딥엑스, 세이지, 국립창원대학교 산학협력단이...",2026-10-06 10:12,http://www.smedaily.co.kr/news/articleView.html?idxno=364169,http://www.smedaily.co.kr/news/articleView.html?idxno=364169
연세대학교,중소기업신문,"두산로보틱스, 국산 AI 반도체로 '한국형 피지컬 AI' 만든다","고려대·동국대·세종대·연세대 산학협력단 등이 참여한다. 두 번째 과제인 '협동로봇·AI 기반 지능형 용접... 과제 기간은 45개월로, 두산로보틱스가 주관기관을, 딥엑스, 세이지, 국립창원대학교 산학협력단이...",2026-10-06 10:12,http://www.smedaily.co.kr/news/articleView.html?idxno=364169,http://www.smedaily.co.kr/news/articleView.html?idxno=364169
고려대학교,뉴데일리,"헌법상 제청권까지 국감 대상인가 … 헌법학자 ""국회 관여는 월권, 사법...","차진아 고려대학교 법학전문대학원 교수는 ""대법원장이 사법부 수장으로서 행사한 권한에 국회가 관여하는... 그동안 국회가 대법원장 대신 법원행정처장을 상대로 사법행정 현안을 질의해온 것도 이 같은 원칙을 고려한...",2026-10-06 10:10,https://www.newdaily.co.kr/site/data/html/2026/10/06/2026100600066.html,https://www.newdaily.co.kr/site/data/html/2026/10/06/2026100600066.html
고려대학교,인더뉴스,"두산로보틱스, 스스로 판단하는 협동로봇 개발…2031년 상용화 목표","세이지와 고려대·동국대·세종대·연세대 산학협력단 등이 참여합니다. 지능형 용접 과제는 협동로봇에... 과제 기간은 45개월이며 두산로보틱스가 주관하고 딥엑스, 세이지, 국립창원대학교 산학협력단이...",2026-10-06 10:10,https://www.inthenews.co.kr/news/article.html?no=92709,https://www.inthenews.co.kr/news/article.html?no=92709
연세대학교,인더뉴스,"두산로보틱스, 스스로 판단하는 협동로봇 개발…2031년 상용화 목표","고려대·동국대·세종대·연세대 산학협력단 등이 참여합니다. 지능형 용접 과제는 협동로봇에 AI와 디지털... 과제 기간은 45개월이며 두산로보틱스가 주관하고 딥엑스, 세이지, 국립창원대학교 산학협력단이...",2026-10-06 10:10,https://www.inthenews.co.kr/news/article.html?no=92709,https://www.inthenews.co.kr/news/article.html?no=92709
서울대학교,SIDAE,[시흥 소식] 기존 예산보다 1467억원 늘어난 올 3회 추경 편성,주요 사업 중 대도시 기반시설 확충 분야에는 △장현1초 학교복합시설 건립 93억원 △월곶 공유수면 매립 55억원 △배곧서울대학교병원 건립 지원 32억원 △매화역 건설사업 18억원 △양달천 하천개선사업 10억원...,2026-10-06 10:10,https://www.sidae.com/article/2026100609591814812,https://n.news.naver.com/mnews/article/417/0001160133?sid=102
연세대학교,보건뉴스,수술 전 8가지 정보로 '콩팥 손상' 위험 예측한다,"연세대 세브란스병원 이식외과 이주한 교수와 신장내과 김형우 교수, 의대 의생명시스템정보학교실 유승찬·김선지 교수 연구팀은 전신마취 수술 환자의 데이터를 분석해 수술 전 8가지 정보만으로 수술 후 급성...",2026-10-06 10:08,http://www.bokuennews.com/news/article.html?no=285090,http://www.bokuennews.com/news/article.html?no=285090
연세대학교,이데일리,네이버 소비자 분쟁 피해구제율 83.6%…“분류·예방체계 더 고도화”,"분석은 최난설헌 연세대 교수, 이대호 성균관대 교수, 정지연 한국소비자연맹 사무총장이 맡았다. 연구진은... 최난설헌 연세대 교수는 “네이버 데이터를 전수 분석하고 외부 소비자상담센터 데이터와 비교·검토한 결과...",2026-10-06 10:08,https://www.edaily.co.kr/News/Read?newsId=02997926645610296&mediaCodeNo=257&utm_source=naver&utm_medium=referral&utm_campaign=news_syndication&utm_content=original_article,https://n.news.naver.com/mnews/article/018/0006381811?sid=105
서울대학교,제주도민일보,제주대 건물 5동 중 1동 '40년 이상'…노후시설 관리 과제,"제주대학교 교육용 건물 180동 가운데 35동이 준공 후 40년을 넘은 것으로 나타났다. 전체의 19.4%로, 대학... 서울대는 24.0%, 경상국립대는 14.6%, 충남대는 13.6%로 집계됐다. 대학 건물은 오래될수록 보수가 필요한...",2026-10-06 10:08,https://www.jejudomin.co.kr/news/articleView.html?idxno=400906,https://www.jejudomin.co.kr/news/articleView.html?idxno=400906
서울대학교,화이트페이퍼,"LH, 대학가 '공공기숙사 전세임대' 확대…서울대 200가구·전국 500가구",대학교 인근이나 역세권 등 청년층 수요가 높은 지역의 주택을 LH가 전세로 우선 확보한 뒤 지자체나 대학 등 운영 기관을 거쳐 시세보다 저렴한 기숙사 형태로 제공하는 주거 지원 제도다. LH는 지난달 4일 서울대와...,2026-10-06 10:08,http://www.whitepaper.co.kr/news/articleView.html?idxno=267497,http://www.whitepaper.co.kr/news/articleView.html?idxno=267497
고려대학교,연합뉴스,신상옥·최은희 탄생 100주년 특별전…납북시기 작품 등 34편 상영,"동명 작품을 만든 배창호 감독은 같은 원작으로 신상옥 감독이 만든 '꿈'(1955)에 관해 이야기한다. 강연에는 조준형 영상자료원 사무국장, 박유희 고려대 교수, 함충범 한국영상대 교수 등이 나선다. 관람료는 무료.",2026-10-06 10:08,https://www.yna.co.kr/view/AKR20261006056900005?input=1195m,https://n.news.naver.com/mnews/article/001/0016358883?sid=103
고려대학교,뉴스1,"카카오모빌리티-고려대, 국방 AX 맞손…모빌리티 기술 접목",카카오모빌리티(424700)는 고려대 C5ISRT 융합연구원과 인공지능(AI) 기반 배차·라우팅·관제 등 모빌리티 기술을 국방 분야에 접목하기 위한 업무협약을 체결했다고 6일 밝혔다. 고려대학교 C5ISRT 융합연구원은 지휘...,2026-10-06 10:08,https://www.news1.kr/it-science/internet-platform/6311037,https://n.news.naver.com/mnews/article/421/0009210973?sid=105
고려대학교,이코노미스트,"카카오모빌리티, 고려대와 국방 AI 협력 MOU…유·무인 통합 관제 구축",카카오모빌리티는 고려대학교 C5ISRT융합연구원과 ‘국방 인공지능(AI) 분야 상호발전을 위한 협력 양해각서(MOU)’를 체결했다고 6일 밝혔다. 고려대학교 C5ISRT융합연구원은 첨단 지휘통제 및 전장인식 체계를 연구하는...,2026-10-06 10:08,https://economist.co.kr/article/view/ecn202610060013,https://n.news.naver.com/mnews/article/243/0000103892?sid=105
연세대학교,후생신보,수술 전 8가지 정보로 수술 후 ‘콩팥 손상’ 위험 예측,"연세대 세브란스병원 이식외과 이주한 교수, 신장내과 김형우 교수와 의대 의생명시스템정보학교실 유승찬·김선지 교수 연구팀은 전신마취 수술 환자의 임상 데이터를 분석해 수술 전 8가지 정보만으로 수술 후 급성...",2026-10-06 10:06,http://www.whosaeng.com/174190,http://www.whosaeng.com/174190
연세대학교,경북매일,네이버 소비자분쟁 피해구제율 83.6%…“판매자 연락 두절·거부가 주요...,"연구는 최난설헌 연세대 교수와 이대호 성균관대 교수, 정지연 한국소비자연맹 사무총장이 수행했다. 연구진은 네이버 내부 분쟁 데이터와 외부 소비자상담 데이터를 교차 검토했다. 연구진은 네이버가 2017년부터 운영한...",2026-10-06 10:06,https://www.kbmaeil.com/article/20261006500147,https://www.kbmaeil.com/article/20261006500147
서울대학교,플래텀,"[이달의 TIPS] 피매치, 코로로직, 로소타, 마젠트, 세미파워, 토스터즈,...",2021년 서울대학교 교원창업으로 설립된 피매치는 개인용 약물관리 앱 '필톡'과 돌봄기관용 AI 약물관리... 코로로직 심혈관 영상 AI 스타트업 코로로직이 서울대학교기술지주의 추천으로 팁스에 선정됐다. 코로로직은...,2026-10-06 10:06,https://platum.kr/archives/295560,https://platum.kr/archives/295560
서울대학교,국제뉴스,"전남광주통합특별시, 출범 100일 기념음악회 15일 개최","백윤학은 서울대학교 전기공학부와 작곡과(지휘 전공)를 졸업하고, 미국 커티스음악원과 템플대학교에서 수학했다. 콘서트와 오페라 무대에서 활동해 온 백윤학은 '춤추는 지휘자'로 알려져 있다. 무대에는...",2026-10-06 10:06,https://www.gukjenews.com/news/articleView.html?idxno=3713694,https://www.gukjenews.com/news/articleView.html?idxno=3713694
서울대학교,후생신보,사진 한 장으로 무릎부터 발목 변화까지 들여다본다,"이번 연구는 김우섭 교수가 제1저자로, 마디척병원 이승열 원장이 교신저자로 참여했으며, 분당서울대병... 한편, 김우섭 교수는 건국대학교병원 정형외과 족부족관절 센터에서 발목 관절염과 인공 발목 관절...",2026-10-06 10:06,http://www.whosaeng.com/174189,http://www.whosaeng.com/174189
서울대학교,소방방재신문,[기획] “경험을 넘어 데이터로 대한민국 구급의 내일을 그린다”… 국...,국립공주대학교대학원 응급구조학 박사학위 • 전 서울소방학교 근무 • 2025년 국립소방연구원 입직... • 반민기 •  연구원은 2025년 서울대학교병원에 연구용역을 의뢰해 앞으로 구급 분야 연구 설계를 위한 기획연구를...,2026-10-06 10:04,http://fpn119.co.kr/257532,http://fpn119.co.kr/257532
고려대학교,LIVEBIZ,"카카오모빌리티, 고려대와 맞손...국방 AI 분야 협력키로",카카오모빌리티는 고려대학교 C5ISRT융합연구원과 '국방 AI 분야 상호발전을 위한 협력 양해각서(MOU)'를 체결했다고 6일 밝혔다. 고려대 C5ISRT융합연구원은 첨단 지휘통제 및 전장인식 체계 연구를 수행하는 전문...,2026-10-06 10:04,https://www.livebiz.today/news/articleView.html?idxno=205358,https://www.livebiz.today/news/articleView.html?idxno=205358
연세대학교,이코노미스트,"네이버, 자율적 소비자 분쟁 조정 피해구제율 83.6%","이번 연구는 최난설헌 연세대 교수, 이대호 성균관대 교수, 정지연 한국소비자연맹 사무총장이 네이버 내부... 최난설헌 연세대 교수는 “네이버 데이터를 전수 분석하고 외부 데이터와 비교·검토한 결과 분쟁조정 기능이...",2026-10-06 10:03,https://economist.co.kr/article/view/ecn202610060011,https://n.news.naver.com/mnews/article/243/0000103890?sid=105
서울대학교,후생신보,"RET 표적치료제 레테브모, 급여 적용","삼성서울병원 혈액종양내과 안진석 교수는 ""이번 급여로 1차 치료부터 환자에게 맞는 표적치료를 권할 수... 서울대학교병원 내분비대사내과 박영주 교수는 ""특히 RET 점 돌연변이를 동반한 환자는 예후가 불량할 수...",2026-10-06 10:02,http://www.whosaeng.com/174186,http://www.whosaeng.com/174186
연세대학교,머니투데이,"두산로보틱스, '한국형 피지컬 AI' 구현 나선다…국책과제 2건 수주","두산로보틱스가 총괄주관기관을 맡고 에이딘로보틱스, 모빌린트, 한국전자기술연구원, 한국생산기술연구원, 세이지, 고려대·동국대·세종대·연세대 산학협력단 등이 참여한다. 두 번째 과제인 '협동로봇·AI 기반...",2026-10-06 10:01,https://www.mt.co.kr/industry/2026/10/06/2026100608521448232,https://n.news.naver.com/mnews/article/008/0005422354?sid=101
연세대학교,연합뉴스,'韓 최초 유럽무대 데뷔' 메조소프라노 김청자 별세…향년 82세,"1973∼1978년 중앙대와 연세대 음대 성악과 교수, 1994∼2010년 한국예술종합학교 성악과 교수로 재직했다. 정년퇴임 후 아프리카 말라위에서 봉사 활동을 이어가던 김 전 교수는 2022년 10월 유방암 2기 진단을 받았다....",2026-10-06 10:01,https://www.yna.co.kr/view/AKR20261006050600005?input=1195m,https://n.news.naver.com/mnews/article/001/0016358865?sid=103
연세대학교,지디넷코리아,"양병내 KTC 원장 ""세계적 경쟁력을 갖춘 글로벌 ITC 솔루션 리더로 도약...","한편, 양 원장은 대구 성광고와 연세대 경제학과를 졸업하고 행정고시 39회로 공직에 입문했다. 미국 미주리대학교 대학원에서 경제학 박사 학위를 취득했다. 지식경제부 정보통신과장, 산업통상자원부 철강화학과장...",2026-10-06 10:01,https://zdnet.co.kr/view/?no=20261006022543,https://n.news.naver.com/mnews/article/092/0002439893?sid=105
고려대학교,머니투데이,"두산로보틱스, '한국형 피지컬 AI' 구현 나선다…국책과제 2건 수주","두산로보틱스가 총괄주관기관을 맡고 에이딘로보틱스, 모빌린트, 한국전자기술연구원, 한국생산기술연구원, 세이지, 고려대·동국대·세종대·연세대 산학협력단 등이 참여한다. 두 번째 과제인 '협동로봇·AI 기반...",2026-10-06 10:01,https://www.mt.co.kr/industry/2026/10/06/2026100608521448232,https://n.news.naver.com/mnews/article/008/0005422354?sid=101
연세대학교,이뉴스투데이,"두산로보틱스, 989억원 규모 국책과제 따냈다···'피지컬 AI 로봇' 개발","고려대·동국대·세종대·연세대 산학협력단 등이 참여한다. 두 번째인 '협동로봇·AI 기반 지능형 용접... 두산로보틱스가 주관기관을 맡고 딥엑스, 세이지, 국립창원대학교 산학협력단이 공동연구기관으로 참여한다....",2026-10-06 10:00,http://www.enewstoday.co.kr/news/articleView.html?idxno=2477109,http://www.enewstoday.co.kr/news/articleView.html?idxno=2477109
고려대학교,연합뉴스,"네이버 소비자분쟁 피해구제율 83.6%…""구제기능 작동""","권헌영 네이버 자율규제위원장(고려대 교수)은 ""이번 연구는 위원회가 분쟁 전수 데이터를 직접 들여다보고 분석했다는 점에 큰 의미가 있다""며 분쟁 감소와 이용자 보호를 위한 활동을 지속하겠다고 밝혔다. 유봉석...",2026-10-06 10:00,https://www.yna.co.kr/view/AKR20261006055600017?input=1195m,https://n.news.naver.com/mnews/article/001/0016358864?sid=101
고려대학교,이뉴스투데이,"두산로보틱스, 989억원 규모 국책과제 따냈다···'피지컬 AI 로봇' 개발","세이지, 고려대·동국대·세종대·연세대 산학협력단 등이 참여한다. 두 번째인 '협동로봇·AI 기반 지능형... 두산로보틱스가 주관기관을 맡고 딥엑스, 세이지, 국립창원대학교 산학협력단이 공동연구기관으로 참여한다....",2026-10-06 10:00,http://www.enewstoday.co.kr/news/articleView.html?idxno=2477109,http://www.enewstoday.co.kr/news/articleView.html?idxno=2477109
연세대학교,충남일보,"'미래 교육 발전 논의'… 한밭대, 제4회 글로벌 교육혁신 심포지엄 성료","(사진제공=국립한밭대학교) 국립한밭대학교가 지난 2일, 국내외 대학의 교육혁신 사례를 공유하고 미래... 2부에서는 한밭대 권기석 학생처장이 좌장을 맡고, 연세대 김진국 객원교수와 한밭대 최종인 교수가 패널로...",2026-10-06 10:00,http://www.chungnamilbo.co.kr/news/articleView.html?idxno=913133,http://www.chungnamilbo.co.kr/news/articleView.html?idxno=913133
연세대학교,연합뉴스,"네이버 소비자분쟁 피해구제율 83.6%…""구제기능 작동""","이번 연구는 최난설헌 연세대 교수, 이대호 성균관대 교수, 정지연 한국소비자연맹 사무총장이 수행했다. 연구진은 네이버의 소비자 분쟁 데이터와 외부 소비자상담 데이터를 교차 검토했다. 연구진은 네이버가 2017년부터...",2026-10-06 10:00,https://www.yna.co.kr/view/AKR20261006055600017?input=1195m,https://n.news.naver.com/mnews/article/001/0016358864?sid=101
연세대학교,조선일보,"대교, 문화·예술 영역으로 나아간다… ‘별의 아이’ 체험형 팝업 운영",강여울 기자 | 대교가 지난 5일 연세대학교 미래캠퍼스에서 열린 ‘연세아트위크(Yonsei Arts Week)’에 참여해... 한편 올해 처음 열린 연세아트위크는 대학의 문화·예술 자원을 지역사회와 나누기 위해 마련된 시민 개방형...,2026-10-06 10:00,https://edu.chosun.com/site/data/html_dir/2026/10/06/2026100680032.html,https://edu.chosun.com/site/data/html_dir/2026/10/06/2026100680032.html
고려대학교,뉴스1,"김형근 수원중수청장 ""부패 수사 공백 발생 없도록 보완""","검사 출신 김형근 청장은 서울 선덕고, 고려대 법학과 출신으로 김건희 여사 국정농단·불법 선거개입 사건 등과 관련해 민중기 특검에서 특검보로 활동했다. 제39회 사법시험에 합격해 2002년 서울지검 검사를 시작으로...",2026-10-06 09:59,https://www.news1.kr/local/gyeonggi/6311026,https://n.news.naver.com/mnews/article/421/0009210918?sid=102
고려대학교,스포츠서울,"영탁, 작정하 ‘영블스’ 제대로 홀렸다…빅뱅→소녀시대까지 ‘트로트...",영탁은 지난 3~5일 서울 고려대 화정체육관에서 ‘2026 YOUNGTAK CONCERT [TAK SHOW 5 : TAK TO THE FUTHURE]’(이하 ‘TAK SHOW5’) 전국투어의 화려한 포문을 열었다. 공연장에는 팬덤 영탁앤블루스(영블스)의 파란 응원봉이 가득...,2026-10-06 09:58,https://www.sportsseoul.com/news/read/1639568?ref=naver,https://m.entertain.naver.com/article/468/0001270752
고려대학교,bnt뉴스,"영탁, 전국 투어 서울서 포문",지난 3일부터 5일까지 영탁은 서울 고려대학교 화정체육관에서 ‘2026 YOUNGTAK CONCERT ‘ TAK SHOW 5 : TAK TO THE... 신입생으로 타임 슬립한 영탁이 대학교 노래 대회에 참가하고 첫사랑에게 설레는가 하면 아버지의...,2026-10-06 09:58,https://www.bntnews.co.kr/article/view/bnt202610060178,https://www.bntnews.co.kr/article/view/bnt202610060178
고려대학교,이투데이,"네이버 소비자 분쟁 피해구제율 83.6%…“분류체계 세분화 필요""","네이버 자율규제위원회 위원장을 맡고 있는 권헌영 고려대 교수는 ""이번 연구는 외부에서 궁금증을 가지고 있던 분쟁 처리에 대해 위원회가 분쟁 전수 데이터를 들여다보고 분석했다는 점에 의미가 있다""고 말했다. 유봉석...",2026-10-06 09:58,https://www.etoday.co.kr/news/view/2632688,https://www.etoday.co.kr/news/view/2632688
서울대학교,SBS,서울건강총괄관에 '의사이자 경제학자' 김현철 연세대 교수,"서울시가 외부의 전문성과 시각을 시정에 활용하기 위해 위촉하는 비상근 민간 전문가로, 임기는 2년입니다. 김 건강총괄관은 연세대 의대를 졸업한 의사이자 경제학자입니다. 연세대 경제학 석사와 서울대 보건학 석사를...",2026-10-06 09:58,https://news.sbs.co.kr/news/endPage.do?news_id=N1008784364&plink=ORI&cooper=NAVER,https://n.news.naver.com/mnews/article/055/0001393376?sid=102
연세대학교,SBS,서울건강총괄관에 '의사이자 경제학자' 김현철 연세대 교수,▲ 서울건강총괄관으로 위촉된 김현철 연세대 의과대학 교수 서울시는 '서울건강총괄관'에 김현철 연세대 의과대학 교수를 위촉했다고 밝혔습니다. 서울건강총괄관은 서울시가 외부의 전문성과 시각을 시정에 활용하기...,2026-10-06 09:58,https://news.sbs.co.kr/news/endPage.do?news_id=N1008784364&plink=ORI&cooper=NAVER,https://n.news.naver.com/mnews/article/055/0001393376?sid=102
연세대학교,이투데이,"네이버 소비자 분쟁 피해구제율 83.6%…“분류체계 세분화 필요""","연구에는 최난설헌 연세대 교수, 이대호 성균관대 교수, 정지연 한국소비자연맹 사무총장이 참여했다. 연구진은 분쟁 대부분이 판매자의 연락 두절이나 처리 거부와 관련돼 있으며 상품군과 금액, 접수 경로 등에 따라...",2026-10-06 09:58,https://www.etoday.co.kr/news/view/2632688,https://www.etoday.co.kr/news/view/2632688
고려대학교,뉴스웍스,[IT라운지] 카카오 '매거진 곳곳 공주'·카모-고려대 'MOU'·네이버 '소비...,카카오가  공주 지역 가게의 이야기를 담은 '매거진 곳곳 공주'를 발간했고 카카오모빌리티가 고려대학교... 환경을 고려해 경량화된 온디바이스 AI 운영 환경을 구축했다. 포항함에 탑재된 후 정상 작동을 확인하고...,2026-10-06 09:56,https://www.newsworks.co.kr/news/articleView.html?idxno=855624,https://www.newsworks.co.kr/news/articleView.html?idxno=855624
연세대학교,뉴스웍스,[IT라운지] 카카오 '매거진 곳곳 공주'·카모-고려대 'MOU'·네이버 '소비...,카카오가  공주 지역 가게의 이야기를 담은 '매거진 곳곳 공주'를 발간했고 카카오모빌리티가 고려대학교... 최난설헌 연세대 교수 등 연구진이 네이버에 접수된 분쟁 데이터를 외부 소비자상담 데이터와 교차 검토한...,2026-10-06 09:56,https://www.newsworks.co.kr/news/articleView.html?idxno=855624,https://www.newsworks.co.kr/news/articleView.html?idxno=855624
연세대학교,메디칼트리뷴,수술 전 기본정보로 '급성 신장 손상' 예측 AI 개발,"연세대 세브란스병원 이식외과 이주한 교수, 신장내과 김형우 교수, 의대 의생명시스템정보학교실 유승찬·김선지 교수 연구팀은 전신마취로 1시간 이상 수술을 받은 성인 환자 18만 4,560명의 데이터로 AI 예측 모델을...",2026-10-06 09:52,http://www.medical-tribune.co.kr/news/articleView.html?idxno=215362,http://www.medical-tribune.co.kr/news/articleView.html?idxno=215362
서울대학교,데일리벳,IVSA 한국지부 19기 대표단 출범..“내년 7월 한국에서 콩그레스 개최”,"9월부터 활동하는 19기 FO 5명(건국대학교 박혜림, 건국대학교 홍휘영, 서울대학교 최재웅... 한국은 2007년에 IVSA에 가입했고, 2011년 제60차 IVSA 콩그레스와 2019년 제67차 IVSA 심포지엄을 서울·전주...",2026-10-06 09:52,https://www.dailyvet.co.kr/news/college/299442,https://www.dailyvet.co.kr/news/college/299442
서울대학교,데일리벳,"최민철 서울대 명예교수 1:1 지도, 오르바이오 초음파교육 11월 수강생 ...","수강생과 일정을 협의해 1:1 맞춤형 강의 및 실습을 하는 과정이다.심장완성반은 월요일, 복부완성반은 화요일, 소동물 실전완성반은 수요일에 진행된다.한편, 오르바이오 초음파교육은 30년 경력의 서울대학...",2026-10-06 09:52,https://www.dailyvet.co.kr/news/academy/299433,https://www.dailyvet.co.kr/news/academy/299433
고려대학교,디지털타임스,"두산로보틱스, AI칩·로봇 국책과제 2건 선정…총 989억원 규모","세이지, 고려대·동국대·세종대·연세대 산학협력단 등이 참여한다. ‘협동로봇·AI 기반 지능형 용접... 과제 기간은 45개월로 회사가 주관기관을, 딥엑스, 세이지, 국립창원대학교 산학협력단이 공동연구기관을 맡고...",2026-10-06 09:51,https://www.dt.co.kr/article/12087534?ref=naver,https://n.news.naver.com/mnews/article/029/0003051561?sid=101
연세대학교,디지털타임스,"두산로보틱스, AI칩·로봇 국책과제 2건 선정…총 989억원 규모","고려대·동국대·세종대·연세대 산학협력단 등이 참여한다. ‘협동로봇·AI 기반 지능형 용접 솔루션 기술... 과제 기간은 45개월로 회사가 주관기관을, 딥엑스, 세이지, 국립창원대학교 산학협력단이 공동연구기관을...",2026-10-06 09:51,https://www.dt.co.kr/article/12087534?ref=naver,https://n.news.naver.com/mnews/article/029/0003051561?sid=101
고려대학교,이데일리,"카카오모빌리티, AI 배차·관제 기술 국방에 적용…고려대와 ‘국방 AX’...",카카오모빌리티와 고려대학교의 ‘국방 인공지능(AI) 분야 상호발전을 위한 협력 양해각서(MOU)’ 체결식에서 류긍선(왼쪽) 카카오모빌리티 대표와 강석중 고려대학교 C5ISRT융합연구원장이 악수하고 있다.(사진...,2026-10-06 09:51,https://www.edaily.co.kr/News/Read?newsId=02915926645610296&mediaCodeNo=257&utm_source=naver&utm_medium=referral&utm_campaign=news_syndication&utm_content=original_article,https://n.news.naver.com/mnews/article/018/0006381790?sid=105
고려대학교,HANGYO,4년제대학 졸업생 절반 ‘A학점’… 인플레 심화,주요 대학에서 상승 폭이 더 가팔랐다. 경희대·고려대·서강대·서울대·서울시립대·성균관대·연세대·중앙대·한국외대·한양대 등 10개 대학 졸업자를 합산하면 백분율 점수 평균은 2021년 90.13점에서...,2026-10-06 09:50,https://www.hangyo.com/news/article.html?no=109554,https://www.hangyo.com/news/article.html?no=109554
연세대학교,충청리뷰,과학자의 눈에서 예술가의 시선으로…'보이지 않는 우주'를 말하다,"지웅배 박사는 연세대 천문우주학과에서 박사학위를 받고 은하천문학을 연구해온 천문학자로, 현재... 서울대에서 수학을, 연세대에서 영어영문학과 사회학을 공부한 안 평론가는 독립 큐레이터이자 문화평론가로...",2026-10-06 09:50,https://www.ccreview.co.kr/news/articleView.html?idxno=359175,https://www.ccreview.co.kr/news/articleView.html?idxno=359175
서울대학교,FIELDNEWS,"임병택 시흥시장 ""지역경제 살리고 시민 일상 지킬 것""…3차 추경 2조92...","시흥시가 장현1초 학교복합시설과 배곧서울대학교병원, 매화역 등 도시 기반시설 투자를 늘리고 기초연금... 월곶 공유수면 매립에는 55억원, 배곧서울대학교병원 건립 지원 32억원, 매화역 건설사업 18억원, 양달천...",2026-10-06 09:50,http://www.fieldnews.kr/news/articleView.html?idxno=32017,http://www.fieldnews.kr/news/articleView.html?idxno=32017
서울대학교,충청리뷰,과학자의 눈에서 예술가의 시선으로…'보이지 않는 우주'를 말하다,"서울대에서 수학을, 연세대에서 영어영문학과 사회학을 공부한 안 평론가는 독립 큐레이터이자 문화평론가로 활동하고 있다. 서로 다른 학문적 배경을 바탕으로 과학적 사고와 인문·예술적 사유가 만나는 지점을 짚었다....",2026-10-06 09:50,https://www.ccreview.co.kr/news/articleView.html?idxno=359175,https://www.ccreview.co.kr/news/articleView.html?idxno=359175
서울대학교,HANGYO,4년제대학 졸업생 절반 ‘A학점’… 인플레 심화,경희대·고려대·서강대·서울대·서울시립대·성균관대·연세대·중앙대·한국외대·한양대 등 10개 대학 졸업자를 합산하면 백분율 점수 평균은 2021년 90.13점에서 2025년 92.11점으로 올랐다. 90점 이상...,2026-10-06 09:50,https://www.hangyo.com/news/article.html?no=109554,https://www.hangyo.com/news/article.html?no=109554
연세대학교,HANGYO,4년제대학 졸업생 절반 ‘A학점’… 인플레 심화,경희대·고려대·서강대·서울대·서울시립대·성균관대·연세대·중앙대·한국외대·한양대 등 10개 대학 졸업자를 합산하면 백분율 점수 평균은 2021년 90.13점에서 2025년 92.11점으로 올랐다. 90점 이상...,2026-10-06 09:50,https://www.hangyo.com/news/article.html?no=109554,https://www.hangyo.com/news/article.html?no=109554
연세대학교,글로벌에픽,"두산로보틱스, 국산 AI 반도체로 '한국형 피지컬 AI' 구현","고려대·동국대·세종대·연세대 산학협력단 등 학계의 역량을 결집시켰다. 이는 한국형 피지컬 AI 구현을... 두산로보틱스는 주관기관을 맡고, 딥엑스, 세이지, 국립창원대학교 산학협력단이 공동연구기관으로 참여하며...",2026-10-06 09:48,http://www.globalepic.co.kr/view.php?ud=20261006094538903948439a4874_29,http://www.globalepic.co.kr/view.php?ud=20261006094538903948439a4874_29
연세대학교,한국금융신문,"코람코, 사내 MBA 첫 수료생 배출…인재 투자 강화",이번 사내 MBA는 한양대학교 대학원과 연계해 지난 6월부터 이달까지 진행됐다. 일반 경영학 교육보다... 지난 7월에는 각 부문 본부장급 인력을 대상으로 연세대학교 상남경영원 부동산 최고위 과정을 마쳤다....,2026-10-06 09:48,https://www.fntimes.com/html/view.php?ud=20261006094436944b372994c95_18,https://www.fntimes.com/html/view.php?ud=20261006094436944b372994c95_18
고려대학교,글로벌에픽,"두산로보틱스, 국산 AI 반도체로 '한국형 피지컬 AI' 구현","세이지, 고려대·동국대·세종대·연세대 산학협력단 등 학계의 역량을 결집시켰다. 이는 한국형 피지컬 AI... 두산로보틱스는 주관기관을 맡고, 딥엑스, 세이지, 국립창원대학교 산학협력단이 공동연구기관으로 참여하며...",2026-10-06 09:48,http://www.globalepic.co.kr/view.php?ud=20261006094538903948439a4874_29,http://www.globalepic.co.kr/view.php?ud=20261006094538903948439a4874_29
서울대학교,데일리안,"LH, 기숙사형 전세임대 확대…서울대에 2030년까지 200가구 공급",(지자체·대학교)을 통해 시세보다 저렴하게 기숙사 형태로 공급하는 유형이다. 일반 전세임대 사업 방식과... LH는 지난달 4일 서울대학교와 업무협약을 맺고 오는 2030년까지 기숙사형 전세임대주택 200가구를 공급한다....,2026-10-06 09:48,https://www.dailian.co.kr/news/view/1698016/?sc=Naver,https://n.news.naver.com/mnews/article/119/0003139619?sid=101
연세대학교,조선비즈,"두산로보틱스, 국산 반도체로 로봇 개발… 국책과제 2건 수주","고려대·동국대·세종대·연세대 산학협력단 등이 참여한다. ‘협동로봇·AI 기반 지능형 용접 설루션 기술... 해당 과제 기간은 45개월로, 주관기관 두산로보틱스와 딥엑스·세이지·국립창원대학교 산학협력단...",2026-10-06 09:47,https://biz.chosun.com/industry/company/2026/10/06/I5556JQWUZGP7JFTNRM4TAJLXI/?utm_source=naver&utm_medium=original&utm_campaign=biz,https://n.news.naver.com/mnews/article/366/0001196255?sid=101
고려대학교,조선비즈,"두산로보틱스, 국산 반도체로 로봇 개발… 국책과제 2건 수주","세이지, 고려대·동국대·세종대·연세대 산학협력단 등이 참여한다. ‘협동로봇·AI 기반 지능형 용접... 해당 과제 기간은 45개월로, 주관기관 두산로보틱스와 딥엑스·세이지·국립창원대학교 산학협력단...",2026-10-06 09:47,https://biz.chosun.com/industry/company/2026/10/06/I5556JQWUZGP7JFTNRM4TAJLXI/?utm_source=naver&utm_medium=original&utm_campaign=biz,https://n.news.naver.com/mnews/article/366/0001196255?sid=101
고려대학교,후생신보,폭언·부당지시 시달리는 간호사들…국회서 인권침해 대책 논의,2부 정책토론에서는 이주호 고려대학교 노동문제연구소 보건의료정책연구센터장이 좌장을 맡는다. 김정미 대한간호협회 간호노동개혁위원회 위원장 겸 경기도간호사회 회장은 ‘대한간호협회 의료기관 근무 간호사의...,2026-10-06 09:46,http://www.whosaeng.com/174185,http://www.whosaeng.com/174185
서울대학교,노컷뉴스,"김준일 ""주진우의 '북한상', 지만원의 '5.18 광수 1번' 떠올라""[뉴스연구...","2006년에는 서울 1945라는 KBS 드라마가 있었는데 이 여운형 암살의 배후에 이승만과 장택상 전 국무총리가... 이게 논쟁이 여러 가지가 있을 수 있는데 저는 어제 자에 나온 이준웅 교수, 경향신문에 썼는데 이준웅 서울대...",2026-10-06 09:46,https://www.nocutnews.co.kr/news/6587278?utm_source=naver&utm_medium=article&utm_campaign=20261006094809,https://n.news.naver.com/mnews/article/079/0004195791?sid=100
연세대학교,헤럴드경제,"양병내 전 무역위 상임위원, KTC 제6대 원장에 취임","양 신임 원장은 행정고시 39회 출신으로 연세대 경제학과를 졸업하고 미국 미주리대에서 경제학 박사학위를 받았다. 청와대 대통령비서실 행정관을 비롯해 산업통상자원부 자동차과장, 수소경제정책관, 통상차관보...",2026-10-06 09:45,https://biz.heraldcorp.com/article/10893769?ref=naver,https://n.news.naver.com/mnews/article/016/0002705700?sid=101
서울대학교,뉴시스,"첫 출근 홍종희 대구중수청장 ""조직 기틀 마련 최선""(종합)","홍 청장은 서울대 사법학과를 졸업했으며 사법연수원 29기다. 대구지검 형사2부장과 인천지검 2차장검사, 서울고검·대구고검 차장검사 등을 지냈으며 대한변협법률구조재단 감사로 활동하다 초대 대구중수청장에...",2026-10-06 09:44,https://www.newsis.com/view/NISX20261006_0003815036,https://n.news.naver.com/mnews/article/003/0014234618?sid=102
고려대학교,이투데이,"영탁, 콘서트 ‘TAK SHOW5’ 서울 공연 성황리 개최","영탁은 지난 3일부터 5일까지 서울 고려대학교 화정체육관에서 ‘2026 YOUNGTAK CONCERT [ TAK SHOW 5 : TAK TO THE... 이어 대학교 신입생으로 타임슬립해 첫사랑과 아버지의 진심을 깨닫는 서사를 ‘막걸리 한잔’, ‘니가...",2026-10-06 09:44,https://enter.etoday.co.kr/news/view/303339,https://enter.etoday.co.kr/news/view/303339
연세대학교,주간한국,"코람코, 사내 MBA 첫 수료생 배출…인재경영 성과",사진=코람코  코람코자산신탁·코람코자산운용(이하 코람코)이 한양대 대학원과 연계해 운영한 사내 MBA... 코람코는 앞서 지난 7월 본부장급을 대상으로 연세대 상남경영원 부동산 최고위 과정도 마무리하며 직급별...,2026-10-06 09:44,https://weekly.hankooki.com/news/articleView.html?idxno=7187492,https://weekly.hankooki.com/news/articleView.html?idxno=7187492
연세대학교,메가경제,"네이버, 소비자 분쟁 조정 시스템 긍정적 평가…""자율규제 노력 지속 이...","최난설헌 연세대 교수, 이대호 성균관대 교수, 정지연 한국소비자연맹 사무총장이 네이버에 접수된 소비자... 연구를 담당한 최난설헌 연세대 교수는 ""네이버 데이터를 전수 분석하고 외부 소비자상담센터의 데이터와 비교...",2026-10-06 09:44,https://www.megaeconomy.co.kr/news/newsview.php?ncode=1065573718229269,https://www.megaeconomy.co.kr/news/newsview.php?ncode=1065573718229269
고려대학교,헤럴드경제,"두산로보틱스, 국산 AI칩 기반 ‘피지컬 AI’ 개발…총 989억원 규모","에이딘로보틱스, 모빌린트, 한국전자기술연구원, 한국생산기술연구원, 세이지, 고려대·동국대·세종대... 딥엑스, 세이지, 국립창원대학교 산학협력단이 공동연구기관을 맡고 두산에너빌리티가 수요기업으로...",2026-10-06 09:44,https://biz.heraldcorp.com/article/10893767?ref=naver,https://n.news.naver.com/mnews/article/016/0002705698?sid=101
고려대학교,에듀동아,"GIST 환경·에너지공학과, 'AI+X' 융합인재 5인 국내·외 대학 교수로 잇...",이후 고려대학교와 캐나다 워털루대학교에서 AI에 환경시스템의 물리적 특성을 결합한 환경모델링 기술을... 특히 2025년부터 기후에너지환경부의 'AI-순환경제 클러스터링 특성화대학원 육성사업'(2025~2029년...,2026-10-06 09:44,https://edu.donga.com/news/articleView.html?idxno=112494,https://edu.donga.com/news/articleView.html?idxno=112494
고려대학교,메가경제,"네이버, 소비자 분쟁 조정 시스템 긍정적 평가…""자율규제 노력 지속 이...","네이버 자율규제위원회 위원장을 맡고 있는 권헌영 고려대 교수는 ""이번 연구는 외부에서 궁금증을 가지고 있던 분쟁 처리와 관련해 위원회가 분쟁 전수 데이터를 직접 들여다보고 분석했다는 점에 큰 의미가 있다”며...",2026-10-06 09:44,https://www.megaeconomy.co.kr/news/newsview.php?ncode=1065573718229269,https://www.megaeconomy.co.kr/news/newsview.php?ncode=1065573718229269
연세대학교,헤럴드경제,"두산로보틱스, 국산 AI칩 기반 ‘피지컬 AI’ 개발…총 989억원 규모","고려대·동국대·세종대·연세대 산학협력단 등이 참여한다. ‘협동로봇·AI 기반 지능형 용접 솔루션 기술... 딥엑스, 세이지, 국립창원대학교 산학협력단이 공동연구기관을 맡고 두산에너빌리티가 수요기업으로...",2026-10-06 09:44,https://biz.heraldcorp.com/article/10893767?ref=naver,https://n.news.naver.com/mnews/article/016/0002705698?sid=101
연세대학교,데일리안,네이버 소비자 분쟁 피해구제율 83.6%…자율규제 성과 확인,"이번 분석에는 최난설헌 연세대 교수와 이대호 성균관대 교수, 정지연 한국소비자연맹 사무총장이 참여했다. 연구진은 네이버가 2017년부터 운영해 온 분쟁조정센터의 피해구제 기능이 적절하게 작동하고 있다고 평가했다....",2026-10-06 09:43,https://www.dailian.co.kr/news/view/1698025/?sc=Naver,https://n.news.naver.com/mnews/article/119/0003139616?sid=105
서울대학교,뉴시스,"LH, 서울대와 '기숙사형 전세임대' 공급…""공공기숙사 활성화""","6일 LH에 따르면, LH는 지난달 4일 서울대학교와 업무협약을 체결하고 오는 2030년까지 기숙사형 전세임대주택... 지자체나 대학교 등 운영기관을 통해 시세보다 저렴하게 기숙사 형태로 공급하는 사업이다. 입주 희망자가...",2026-10-06 09:43,https://www.newsis.com/view/NISX20261006_0003814994,https://n.news.naver.com/mnews/article/003/0014234613?sid=101
연세대학교,에듀동아,"대교, '연세아트위크'서 '별의 아이' 체험형 팝업 운영",대교는 지난 5일 연세대학교 미래캠퍼스에서 열린 '연세아트위크(Yonsei Arts Week)'에 참여해 그림책 '별의 아이... 한편 올해 처음 열린 연세아트위크는 대학의 문화·예술 자원을 지역사회와 나누기 위해 마련된 시민...,2026-10-06 09:42,https://edu.donga.com/news/articleView.html?idxno=112493,https://edu.donga.com/news/articleView.html?idxno=112493
고려대학교,아주경제,"카카오모빌리티-고려대, 모빌리티 플랫폼 기술로 국방 AX 지원",고려대 C5ISRT융합연구원과 국방 AX 연구·사업 협력 MOU 체결 AI 배차·라우팅·자율주행·로봇 기술 국방에... 아주경제=안신혜 기자 doubletap@ajunews.com 카카오모빌리티와 고려대학교가 ‘국방 인공지능(AI) 분야 상호발전을...,2026-10-06 09:42,https://www.ajunews.com/view/20261006093709820,https://www.ajunews.com/view/20261006093709820
서울대학교,뉴스핌,"시흥시, 2조 922억원 규모 제3회 추경예산안 편성...시의회에 제출",사업별 주요 예산 반영 현황을 보면 대도시 기반 인프라 구축을 위해 ▲장현1초 학교복합시설 건립 93억 원 ▲월곶 공유수면 매립 55억 원 ▲배곧서울대학교병원 건립 지원 32억 원 ▲매화역 건설사업 18억 원...,2026-10-06 09:42,https://www.newspim.com/news/view/20261006000318,https://www.newspim.com/news/view/20261006000318
서울대학교,헤럴드경제,"LH, 대학생 주거난 해소 나선다…‘기숙사형 전세임대’ 500가구 공모",LH는 청년 주거지원을 강화하기 위해 전국 지방자치단체와 대학교를 대상으로 500가구 규모의 ‘기숙사형... 앞서 LH는 지난달 4일 서울대학교와 업무협약을 체결하고 오는 2030년까지 기숙사형 전세임대주택 총 200가구를...,2026-10-06 09:41,https://biz.heraldcorp.com/article/10893760?ref=naver,https://n.news.naver.com/mnews/article/016/0002705696?sid=101
연세대학교,뉴스드림,"두산로보틱스, 국산 AI 반도체로 '한국형 피지컬 AI' 구현 나선다","54개월간 진행되는 이 과제에는 에이딘로보틱스, 모빌린트, 한국전자기술연구원, 한국생산기술연구원, 세이지, 고려대·동국대·세종대·연세대 산학협력단 등이 공동 참여한다. 실제 생산 현장 2곳에서 72시간 연속...",2026-10-06 09:40,http://www.newsdream.kr/news/articleView.html?idxno=119413,http://www.newsdream.kr/news/articleView.html?idxno=119413
연세대학교,지디넷코리아,"두산로보틱스, 1000억원 국책과제 2건 수주","고려대·동국대·세종대·연세대 산학협력단 등이 참여한다. 두 번째 과제 '협동로봇·AI 기반 지능형 용접... 딥엑스, 세이지, 국립창원대학교 산학협력단이 공동연구기관을 맡는다. 두산에너빌리티가 수요기업이다....",2026-10-06 09:40,https://zdnet.co.kr/view/?no=20261006085025,https://n.news.naver.com/mnews/article/092/0002439885?sid=105
연세대학교,메트로신문,네이버 분쟁조정센터 피해 구제율 83.6%…“소비자 보호 실효성 확인”,"이번 분석에는 최난설헌 연세대 교수, 이대호 성균관대 교수, 정지연 한국소비자연맹 사무총장이 참여했다. 연구진은 네이버에 접수된 소비자 분쟁 데이터를 분석하고 외부 소비자상담 데이터와 교차 검토했다. 그 결과...",2026-10-06 09:40,http://www.metroseoul.co.kr/article/20261006500050,http://www.metroseoul.co.kr/article/20261006500050
고려대학교,뉴스드림,"두산로보틱스, 국산 AI 반도체로 '한국형 피지컬 AI' 구현 나선다","54개월간 진행되는 이 과제에는 에이딘로보틱스, 모빌린트, 한국전자기술연구원, 한국생산기술연구원, 세이지, 고려대·동국대·세종대·연세대 산학협력단 등이 공동 참여한다. 실제 생산 현장 2곳에서 72시간 연속...",2026-10-06 09:40,http://www.newsdream.kr/news/articleView.html?idxno=119413,http://www.newsdream.kr/news/articleView.html?idxno=119413
고려대학교,지디넷코리아,"두산로보틱스, 1000억원 국책과제 2건 수주","세이지, 고려대·동국대·세종대·연세대 산학협력단 등이 참여한다. 두 번째 과제 '협동로봇·AI 기반 지능형... 딥엑스, 세이지, 국립창원대학교 산학협력단이 공동연구기관을 맡는다. 두산에너빌리티가 수요기업이다....",2026-10-06 09:40,https://zdnet.co.kr/view/?no=20261006085025,https://n.news.naver.com/mnews/article/092/0002439885?sid=105
서울대학교,뉴스락,"LH, 서울대와 기숙사형 전세임대 공급... 전국 500호 공모",한국토지주택공사(이하 LH)가 서울대학교와 기숙사형 전세임대주택 200호 공급을 추진하고 전국 500호 규모... 지자체·대학교 등 운영기관을 통해 기숙사 형태로 공급하는 사업이다. 일반적인 전세임대와 달리 LH가...,2026-10-06 09:40,http://www.newslock.co.kr/news/articleView.html?idxno=137414,http://www.newslock.co.kr/news/articleView.html?idxno=137414
고려대학교,머니투데이,"카카오모빌리티, 국방 AX에 플랫폼 역량 이식…고려대와 맞손",위해 고려대와 협업에 나선다. 양측은 서울 용산에 구축하는 '군·산·학 협력센터' 사업에도 함께 참여하고 있다. 카카오모빌리티는 고려대 C5ISRT융합연구원과 '국방 AI 분야 상호발전을 위한 협력 양해각서(MOU)'를...,2026-10-06 09:39,https://www.mt.co.kr/tech/2026/10/06/2026100609103460267,https://n.news.naver.com/mnews/article/008/0005422329?sid=105
서울대학교,뉴스1,"홍종희 대구중수청장 ""물적·인적 인프라 부족…조직 기틀 마련에 최선...","정원은 223명이지만 실제 배치된 인원은 146명에 그쳐 충원율은 65.5%에 불과하다. 광주 전남여고와 서울대 사법학과를 졸업한 홍 청장은 사법연수원 29기로, 대구지검 부장검사와 서울고검 차장검사 등을 역임했다.",2026-10-06 09:39,https://www.news1.kr/local/daegu-gyeongbuk/6311003,https://n.news.naver.com/mnews/article/421/0009210830?sid=102
서울대학교,싱글리스트,"LH, 서울대와 기숙사형 전세임대 공급…공공기숙사 전국 확대",지자체·대학교 등 운영기관을 통해 시세보다 저렴하게 기숙사 형태로 공급하는 방식이다. 입주희망자가 직접 집을 구할 필요가 없으며 본인부담금 100만원을 제외한 전세보증금은 공공이 지원한다. LH는 9월 4일 서울대...,2026-10-06 09:38,https://www.slist.kr/news/articleView.html?idxno=771292,https://www.slist.kr/news/articleView.html?idxno=771292
연세대학교,파이낸셜뉴스,"네이버, 소비자 분쟁 83.6% 구제…예방체계 강화","분석에는 최난설헌 연세대 교수, 이대호 성균관대 교수, 정지연 한국소비자연맹 사무총장이 참여했다. 분쟁 해결을 어렵게 만드는 주요 요인으로는 판매자의 연락 두절이나 대응 거부 등이 꼽혔다. 다만 상품 가격과...",2026-10-06 09:38,https://www.fnnews.com/news/202610060924177692,https://n.news.naver.com/mnews/article/014/0005585295?sid=105
연세대학교,핸드메이커,"두산로보틱스, 피지컬 AI 국책과제 2건 수주... 차세대 로봇 개발","과제는 54개월간 진행되며, 두산로보틱스가 총괄 주관하고 에이딘로보틱스, 모빌린트, 한국전자기술연구원, 연세대 등이 참여한다. 두 번째 과제인 '협동로봇·AI 기반 지능형 용접 솔루션 기술 개발'은 AI와 디지털...",2026-10-06 09:38,https://www.handmk.com/news/articleView.html?idxno=43823,https://www.handmk.com/news/articleView.html?idxno=43823
연세대학교,헤럴드경제,"서울시, 서울건강총괄관에 김현철 연세대 의대 교수 위촉","김현철 연세대 의과대학 예방의학교실 교수를 위촉했다고 6일 밝혔다. 서울건강총괄관은 서울시가 외부의... 현재 연세대 인구와인재연구원장, 연세의료원 인공지능(AI)의료사업단 정책기획단장도 맡아 사람의 탄생과 죽음...",2026-10-06 09:37,https://biz.heraldcorp.com/article/10893747?ref=naver,https://n.news.naver.com/mnews/article/016/0002705692?sid=102
서울대학교,헤럴드경제,"서울시, 서울건강총괄관에 김현철 연세대 의대 교수 위촉","서울시는 다양한 정책을 ‘시민 건강’의 관점에서 살피고 새로운 정책 아이디어를 제안하는... 연세대 경제학 석사와 서울대 보건학 석사를 거쳐 미국 컬럼비아대에서 경제학 박사 학위를 받았고, 미국 코넬대 교수를...",2026-10-06 09:37,https://biz.heraldcorp.com/article/10893747?ref=naver,https://n.news.naver.com/mnews/article/016/0002705692?sid=102
고려대학교,MBC,연휴 마치면 보이스피싱?‥해킹 2차 피해 우려,"[이경호/고려대 정보보호대학원 교수] ""지금 보이스피싱이 정보의 특성에 따라서 만들어지고 있거든요. 지금 탈취된 계정들과 그 계정이 사용되는 업무 용도가 있지 않습니까? 그런 것들을 활용해서 공격 구조를 만들겠죠....",2026-10-06 09:37,https://imnews.imbc.com/replay/2026/nw930/article/6855955_36996.html,https://n.news.naver.com/mnews/article/214/0001527338?sid=101
연세대학교,서울신문,이도희 서울시의원 “AI시대 서울 청년의 공정한 출발선 마련… 서울시...,"이번 토론회에는 고동진 국민의힘 국회의원을 비롯해 소프트웨어정책연구소, 연세대학교, KAIST... 이와 함께 서울 소재 우수 대학과 첨단 기업, 연구기관, 창업공간 등 지역 자원을 밀접하게 연계해야 한다고 피력했다....",2026-10-06 09:37,https://www.seoul.co.kr/news/publicnews/local_govern/smc_movement/2026/10/06/20261006500033?wlog_tag3=naver,https://n.news.naver.com/mnews/article/081/0003686266?sid=102
연세대학교,파이낸셜뉴스,대교 '별의 아이' 디지털 팝업 가동…책 읽고 앱으로 체험,"대교는 지난 5일 연세대학교 미래캠퍼스 '연세아트위크' 현장에서 연세대 학생들이 직접 제작한 참여형 앱... 한편, 이번 팝업 부스가 운영된 연세아트위크는 대학의 문화 자원을 지역사회와 공유하기 위해 지난 9월...",2026-10-06 09:36,https://www.fnnews.com/news/202610060934490913,https://n.news.naver.com/mnews/article/014/0005585291?sid=102
연세대학교,티티엘뉴스,"조환복 전 대사, 유학생에게 '폐허에서 일어선 한국'을 가르치다","현재는 한국의 농촌 개발 모델을 연구하는 영남대학교 새마을대학원의... 이경준 서울대 명예교수는 10월 16일 산림 녹화를, 김준일 연세대 국제학대학원 객원교수는 11월...",2026-10-06 09:36,http://www.ttlnews.com/news/articleView.html?idxno=3147809,http://www.ttlnews.com/news/articleView.html?idxno=3147809
서울대학교,농수축산신문,"경북 고령군, 식물 엑소좀 거점 구축사업 본격 참여","포스텍, 서울대학교 병원, 연구기관과 참여기업 관계자들이 참석했다. 이날 행사는 식물 엑소좀 신규사업의... 포항공과대학교가 사업을 주관하며 식물 유래 엑소좀의 규격화와 생산체계 확립, 원료의약품 후보 소재...",2026-10-06 09:36,https://www.aflnews.co.kr/news/articleView.html?idxno=329262,https://www.aflnews.co.kr/news/articleView.html?idxno=329262
서울대학교,메트로신문,"LH, 대학생 기숙사형 전세임대 늘린다…전국 500호 공모",LH는 서울대 사례에 이어 7일부터 전국을 대상으로 500호 규모의 '기숙사형 전세임대주택 공모'를 시행한다. 신청 대상은 공고일 기준 전국 지방자치단체 또는 고등교육법에 따른 대학교다. 단독으로 신청하거나 2곳...,2026-10-06 09:36,http://www.metroseoul.co.kr/article/20261006500046,http://www.metroseoul.co.kr/article/20261006500046
서울대학교,티티엘뉴스,"조환복 전 대사, 유학생에게 '폐허에서 일어선 한국'을 가르치다",서울 명동의 한 강의실에서는 유학생들이 한 직업 외교관으로부터 한국이 폐허 속에서 어떻게 일어섰는지 듣는다.. 아카데미와 포럼 소개 선농문화포럼은 2010년 서울대...,2026-10-06 09:36,http://www.ttlnews.com/news/articleView.html?idxno=3147809,http://www.ttlnews.com/news/articleView.html?idxno=3147809
고려대학교,뉴시스,"""바이오헬스 성장""…식약처·고려대의료원 '맞손'",식품의약품안전처 소속 식품의약품안전평가원이 고려대학교의료원과 소규모 기업의 혁신 의료제품의 신속한 제품화 지원 등을 위해 협력에 나섰다. 평가원은 지난 1일 고려대학교의료원과 '바이오헬스 의료제품 분야...,2026-10-06 09:35,https://www.newsis.com/view/NISX20261006_0003814975,https://n.news.naver.com/mnews/article/003/0014234554?sid=102
연세대학교,후생신보,"용인세브란스병원, 퇴행성 뇌질환 ‘비약물 치료’ 집중 조명",연세대학교 용인세브란스병원(병원장 박진오)은 오는 31일 병원 4층 대강당에서 퇴행성뇌질환센터... 이어 연세의대 김나영 교수는 정상압수두증 환자의 센서 기반 보행 분석을 소개한다. 연세의대 황준규 교수는...,2026-10-06 09:34,http://www.whosaeng.com/174183,http://www.whosaeng.com/174183
연세대학교,의학신문,급성 신장 손상 위험 예측 AI 모델 개발,"연세대 세브란스병원 이식외과 이주한 교수와 신장내과 김형우 교수, 의대 의생명시스템정보학교실 유승찬·김선지 교수 연구팀은 전신마취 수술 환자의 데이터를 분석해 수술 전 8가지 정보만으로 수술 후 급성 신장...",2026-10-06 09:34,https://www.bosa.co.kr/news/articleView.html?idxno=3013319,https://www.bosa.co.kr/news/articleView.html?idxno=3013319
연세대학교,빅데이터뉴스,"이도희 서울시의원 ""청년 AI 사다리, 2027년 본예산 반드시 반영되도록...","이번 토론회에는 고동진 국민의힘 국회의원과 소프트웨어정책연구소, 연세대, 카이스트(KAIST), 스타트업얼라이언스 등 연구기관·대학·산업계 전문가들이 참석했다. 서울시의원과 청년정책네트워크 AI 정책 제안자 등도...",2026-10-06 09:34,https://www.thebigdata.co.kr/view.php?ud=202610060930534224bbceadc3c9_23,https://www.thebigdata.co.kr/view.php?ud=202610060930534224bbceadc3c9_23
연세대학교,데일리한국,"네이버, 소비자 분쟁 데이터 분석…실제 피해 구제율 83.6%","최난설헌 연세대 교수, 이대호 성균관대 교수, 정지연 한국소비자연맹 사무총장은 네이버에 접수된 소비자 분쟁 데이터를 분석하고 이를 외부 소비자상담 데이터와 교차 검토한 결과, 실제 피해 구제율이 83.6%를 기록한...",2026-10-06 09:34,https://daily.hankooki.com/news/articleView.html?idxno=1412149,https://daily.hankooki.com/news/articleView.html?idxno=1412149
연세대학교,e의료정보,"수술 후 신장 손상, 수술 전 8가지 정보로 예측","연세대 세브란스병원 이식외과 이주한 교수와 신장내과 김형우 교수, 연세의대 의생명시스템정보학교실 유승찬·김선지 교수 연구팀은 2006년부터 2022년까지 국내 두 상급종합병원에서 전신마취로 1시간 이상 수술받은...",2026-10-06 09:34,http://www.kmedinfo.co.kr/news/articleView.html?idxno=98038,http://www.kmedinfo.co.kr/news/articleView.html?idxno=98038
연세대학교,빅데이터뉴스,"두산로보틱스, 898억 원 규모 피지컬 AI 국책과제 2건 수주","고려대·동국대·세종대·연세대 산학협력단 등이 참여한다. 두 번째 과제인 ‘협동로봇·AI 기반 지능형... 과제 기간은 45개월로, 두산로보틱스가 주관기관을, 딥엑스, 세이지, 국립창원대학교 산학협력단이...",2026-10-06 09:34,https://www.thebigdata.co.kr/view.php?ud=20261006092714578570d99e4c8_23,https://www.thebigdata.co.kr/view.php?ud=20261006092714578570d99e4c8_23
고려대학교,싱글리스트,"영탁, 빅뱅→소녀시대 커버…전국투어 서울 공연부터 아이돌美 폭발",영탁은 지난 3일부터 5일까지 서울 고려대학교 화정체육관에서 '2026 YOUNGTAK CONCERT [TAK SHOW 5 : TAK TO THE... 정규 3집 타이틀곡 '꺾어'와 '폼미쳤다'를 연달아 선보이며 분위기를 끌어올린 그는 대학 신입생으로 돌아가...,2026-10-06 09:34,https://www.slist.kr/news/articleView.html?idxno=771290,https://www.slist.kr/news/articleView.html?idxno=771290
고려대학교,빅데이터뉴스,"두산로보틱스, 898억 원 규모 피지컬 AI 국책과제 2건 수주","세이지, 고려대·동국대·세종대·연세대 산학협력단 등이 참여한다. 두 번째 과제인 ‘협동로봇·AI 기반... 과제 기간은 45개월로, 두산로보틱스가 주관기관을, 딥엑스, 세이지, 국립창원대학교 산학협력단이...",2026-10-06 09:34,https://www.thebigdata.co.kr/view.php?ud=20261006092714578570d99e4c8_23,https://www.thebigdata.co.kr/view.php?ud=20261006092714578570d99e4c8_23
연세대학교,뉴스1,"네이버 소비자 분쟁 피해 규제율 83.6%…""조정 기능 실질 작동""","최난설헌 연세대 교수, 이대호 성균관대 교수, 정지연 한국소비자연맹 사무총장이 네이버에 접수된 소비자 분쟁 데이터를 분석하고 외부 소비자 상담 데이터와 교차 검토한 결과 이같이 분석됐다고 6일 밝혔다. 최 교수는...",2026-10-06 09:33,https://www.news1.kr/it-science/internet-platform/6310979,https://n.news.naver.com/mnews/article/421/0009210810?sid=105
고려대학교,뉴스1,"네이버 소비자 분쟁 피해 규제율 83.6%…""조정 기능 실질 작동""","네이버 자율규제위원회 위원장을 맡고 있는 권헌영 고려대 교수는 ""이번 연구는 외부에서 궁금증을 가지고 있던 분쟁 처리에 대해 위원회가 분쟁 전수 데이터를 들여다보고 분석했다는 점에 의미가 있다""고 말했다. 유봉석...",2026-10-06 09:33,https://www.news1.kr/it-science/internet-platform/6310979,https://n.news.naver.com/mnews/article/421/0009210810?sid=105
서울대학교,연합뉴스,"시흥시, 1천467억원 증액 3회 추경안 편성…""핵심사업 중점""","주요 세출 항목은 장현1초 학교복합시설 건립 93억원, 월곶 공유수면 매립 55억원, 배곧서울대학교병원 건립 지원 32억원, 매화역 건설사업 18억원 등이다. 아울러 민생경제 회복과 복지안전망 강화를 위해 기초연금...",2026-10-06 09:33,https://www.yna.co.kr/view/AKR20261006046900061?input=1195m,https://n.news.naver.com/mnews/article/001/0016358737?sid=100
연세대학교,아주경제,신임 '서울건강총괄관'에 '의사·경제학자' 김현철 연세대 교수 위촉,com 오세훈 서울시장이 6일 집무실에서 김현철 연세대학교 의과대학교수를 서울건강총괄관으로 위촉했다. [사진=서울시] 서울시는 '서울건강총괄관'에 김현철 연세대 의과대학 교수를 위촉했다고 6일 밝혔다....,2026-10-06 09:32,https://www.ajunews.com/view/20261006092848790,https://www.ajunews.com/view/20261006092848790
서울대학교,MCNEWS,"LH, 기숙사형 전세임대 공급 전국 확대",매일건설신문=조영관 기자 | 이강석 한국토지주택공사(LH)가 서울대학교와 협업해 ‘기숙사형 전세임대’... (지자체·대학교)을 통해 시세보다 저렴하게 기숙사 형태로 공급하는 유형이다. 통상적인 전세임대 사업...,2026-10-06 09:32,http://mcnews.co.kr/86755,http://mcnews.co.kr/86755
고려대학교,CBC뉴스,"카카오모빌리티-고려대, 국방 AI 협력 MOU…유무인 복합체계 전환 가속",카카오모빌리티와 고려대학교 C5ISRT융합연구원이 국방 인공지능(AI) 분야에서 협력하는 양해각서(MOU)를... 고려대학교 C5ISRT융합연구원은 지휘·통제·통신·컴퓨터·사이버·정보·감시·정찰·표적처리를 포함하는 첨단...,2026-10-06 09:32,https://www.cbci.co.kr/news/articleView.html?idxno=612626,https://www.cbci.co.kr/news/articleView.html?idxno=612626
서울대학교,아주경제,신임 '서울건강총괄관'에 '의사·경제학자' 김현철 연세대 교수 위촉,com 오세훈 서울시장이 6일 집무실에서 김현철 연세대학교 의과대학교수를 서울건강총괄관으로 위촉했다.... 연세대 경제학 석사와 서울대 보건학 석사를 거쳐 미국 컬럼비아대에서 경제학 박사 학위를 받았다. 미국...,2026-10-06 09:32,https://www.ajunews.com/view/20261006092848790,https://www.ajunews.com/view/20261006092848790
서울대학교,이데일리,“서울대 제쳤다”…졸업생 83%가 A인 ‘이 대학’,경희대·고려대·서강대·서울대·서울시립대·성균관대·연세대·중앙대·한국외대·한양대 등 10개 대학 졸업자를 합산하면 백분율 점수 평균은 2021년 90.13점에서 2025년 92.11점으로 전체 대학 평균보다 상승률이...,2026-10-06 09:31,https://www.edaily.co.kr/News/Read?newsId=02801126645610296&mediaCodeNo=257&utm_source=naver&utm_medium=referral&utm_campaign=news_syndication&utm_content=original_article,https://n.news.naver.com/mnews/article/018/0006381765?sid=102
고려대학교,이데일리,“서울대 제쳤다”…졸업생 83%가 A인 ‘이 대학’,"대학별 졸업자의 90점 이상 비율은 고려대가 83.4%로 가장 높았으며 연세대 80.6%, 서울대 80.3%, 성균관대 79.0% 순이다. 지역 간 학점 격차도 컸다. 서울 소재 대학 졸업생의 67.0%가 90점 이상인 반면 경북은 39.8%, 전남...",2026-10-06 09:31,https://www.edaily.co.kr/News/Read?newsId=02801126645610296&mediaCodeNo=257&utm_source=naver&utm_medium=referral&utm_campaign=news_syndication&utm_content=original_article,https://n.news.naver.com/mnews/article/018/0006381765?sid=102
연세대학교,이데일리,“서울대 제쳤다”…졸업생 83%가 A인 ‘이 대학’,경희대·고려대·서강대·서울대·서울시립대·성균관대·연세대·중앙대·한국외대·한양대 등 10개 대학 졸업자를 합산하면 백분율 점수 평균은 2021년 90.13점에서 2025년 92.11점으로 전체 대학 평균보다 상승률이...,2026-10-06 09:31,https://www.edaily.co.kr/News/Read?newsId=02801126645610296&mediaCodeNo=257&utm_source=naver&utm_medium=referral&utm_campaign=news_syndication&utm_content=original_article,https://n.news.naver.com/mnews/article/018/0006381765?sid=102
서울대학교,KBS,‘2026 세계경주포럼’ 8일 개막…‘APEC 경주 선언’ 잇는 문화 공동 번...,"피에르 루이지 사코 이탈리아 단눈치오 키에티 페스카라 대학교 교수가 ‘다극화된 글로벌 문화창조... 이어 이교구 서울대 교수 등이 참여해 인공지능 시대에서 창작자와 산업·제도의 공존 방안을 논의하고, 앤디 프랫...",2026-10-06 09:30,https://news.kbs.co.kr/news/pc/view/view.do?ncd=8678336&ref=A,https://n.news.naver.com/mnews/article/056/0012268250?sid=103
연세대학교,뉴시스,"네이버 자율규제위 ""소비자 분쟁 피해구제율 83.6%""","연구에는 최난설헌 연세대 교수, 이대호 성균관대 교수, 정지연 한국소비자연맹 사무총장이 참여했다. 연구진은 네이버가 2017년부터 운영한 분쟁조정센터가 소비자 피해 해결에 실질적인 역할을 하고 있으며...",2026-10-06 09:28,https://www.newsis.com/view/NISX20261006_0003814977,https://n.news.naver.com/mnews/article/003/0014234520?sid=105
서울대학교,스마트투데이,"""보증금 100만원에 역세권 산다""…LH·서울대, '기숙사형 전세' 첫선","|스마트투데이=김종현 기자| 한국토지주택공사(LH)가 서울대학교와 손잡고 대학생들의 주거비 부담을... 뒤, 대학교나 지방자치단체 등 운영기관을 통해 학생들에게 시세보다 낮은 가격의 기숙사 형태로 재임대하는 주거...",2026-10-06 09:28,https://www.smarttoday.co.kr/ko-kr/articles/112292,https://www.smarttoday.co.kr/ko-kr/articles/112292
서울대학교,파이낸셜뉴스,"LH, 청년 기숙사형 전세임대 확대…전국 500호 공모",서울대학교에 2030년까지 200호를 제공하는 데 이어 전국 지방자치단체와 대학을 대상으로 500호 규모의... 지방자치단체·대학교 등 운영기관을 통해 기숙사 형태로 공급하는 사업이다. 입주자는 시세보다 저렴하게...,2026-10-06 09:28,https://www.fnnews.com/news/202610060915536868,https://n.news.naver.com/mnews/article/014/0005585273?sid=101
연세대학교,오토데일리,"두산로보틱스, 국산 AI 반도체 탑재 '협동로봇' 개발","고려대·동국대·세종대·연세대 산학협력단 등이 참여한다. '협동로봇·AI 기반 지능형 용접 솔루션 기술... 두산로보틱스가 주관기관을 맡고 딥엑스, 세이지, 국립창원대학교 산학협력단이 공동연구기관으로 참여한다....",2026-10-06 09:28,https://www.autodaily.co.kr/news/articleView.html?idxno=600936,https://www.autodaily.co.kr/news/articleView.html?idxno=600936
고려대학교,뉴시스,"네이버 자율규제위 ""소비자 분쟁 피해구제율 83.6%""","권헌영 네이버 자율규제위원장(고려대 교수)은 ""이번 연구는 외부에서 궁금증을 가지고 있던 분쟁 처리와 관련해 위원회가 분쟁 전수 데이터를 직접 들여다보고 분석했다는 점에 큰 의미가 있다""고 말했다. 유봉석 네이버...",2026-10-06 09:28,https://www.newsis.com/view/NISX20261006_0003814977,https://n.news.naver.com/mnews/article/003/0014234520?sid=105
고려대학교,오토데일리,"두산로보틱스, 국산 AI 반도체 탑재 '협동로봇' 개발","세이지, 고려대·동국대·세종대·연세대 산학협력단 등이 참여한다. '협동로봇·AI 기반 지능형 용접 솔루션... 두산로보틱스가 주관기관을 맡고 딥엑스, 세이지, 국립창원대학교 산학협력단이 공동연구기관으로...",2026-10-06 09:28,https://www.autodaily.co.kr/news/articleView.html?idxno=600936,https://www.autodaily.co.kr/news/articleView.html?idxno=600936
서울대학교,약사공론,"한국릴리 레테브모, 10월부터 RET 폐암·갑상선 수질암 급여","삼성서울병원 혈액종양내과 안진석 교수는 ""2024년 기준 폐암은 국내 암 사망률 1위 질환이며, 그 중 RET... 서울대학교병원 내분비대사내과 박영주 교수는 ""갑상선암은 대체로 예후가 좋은 암으로 인식되지만, 진행...",2026-10-06 09:28,https://www.kpanews.co.kr/news/articleView.html?idxno=545570,https://www.kpanews.co.kr/news/articleView.html?idxno=545570
서울대학교,국민일보,"시흥시, 3회 추경 2조922억원…대도시 인프라·민생 지원 집중","대도시 기반시설 확충을 위한 주요 사업으로는 장현1초 학교복합시설 건립에 93억원을 비롯해 월곶 공유수면 매립 55억원, 배곧서울대학교병원 건립 지원 32억원, 매화역 건설사업 18억원, 양달천 하천개선사업 10억원...",2026-10-06 09:27,https://www.kmib.co.kr/article/view.asp?arcid=9000020093&cp=nv,https://n.news.naver.com/mnews/article/005/0001876942?sid=102
연세대학교,디지털투데이,"네이버, 소비자 분쟁 피해구제율 83.6%…""자율규제 개선 효과 확인""","이번 분석에는 최난설헌 연세대 교수, 이대호 성균관대 교수, 정지연 한국소비자연맹 사무총장이 참여했다.... 최난설헌 연세대 교수는 ""네이버의 분쟁조정 기능이 소비자분쟁 해결에 실질적으로 기능하고 있는 것으로...",2026-10-06 09:26,https://www.digitaltoday.co.kr/news/articleView.html?idxno=705057,https://www.digitaltoday.co.kr/news/articleView.html?idxno=705057
서울대학교,법률신문,제11회 유기천법률문화상에 이주원 고려대 로스쿨 교수,유기천교수기념사업재단(이사장 이영란)은 2026년 9월 29일 서울 신림동 서울대 근대법학교육백주년기념관에서 제11회 유기천법률문화상 시상식을 열고 이주원(사법연수원 21기) 고려대 로스쿨 교수에게 상을 수여했다....,2026-10-06 09:26,https://www.lawtimes.co.kr/news/articleView.html?idxno=227272,https://www.lawtimes.co.kr/news/articleView.html?idxno=227272
서울대학교,CNB저널,"[서울옥션 정태희 경매사의 작가 탐색] RM이 사랑한 화가, 윤형근","서울대에 입학하던 1947년 김환기는 미술대학 교수로 재직했고, 제적된 윤형근이 1954년 홍익대학교... 2018년 국립현대미술관 서울관 회고전은 이 변화를 대중에게 구체적으로 보여준 자리였다. 초기 드로잉과 회화...",2026-10-06 09:26,https://www.cnbizm.com/news/articleView.html?idxno=317105,https://www.cnbizm.com/news/articleView.html?idxno=317105
서울대학교,이데일리,"대학가 월세 부담에 ‘공공기숙사’ 늘린다…LH, 전국 500가구 공급",실제 서울대에서는 이 같은 방식의 공공기숙사가 운영되고 있다. LH는 지난달 4일 서울대와 업무협약을 맺고 2030년까지 기숙사형 전세임대주택 200가구를 공급하기로 했다. 서울대가 노후 기숙사 재건축을 추진하면서...,2026-10-06 09:26,https://www.edaily.co.kr/News/Read?newsId=02771606645610296&mediaCodeNo=257&utm_source=naver&utm_medium=referral&utm_campaign=news_syndication&utm_content=original_article,https://n.news.naver.com/mnews/article/018/0006381757?sid=101
고려대학교,파이낸셜포스트,"고려대의료원·식품의약품안전평가원, 바이오헬스 제품화 지원 협약","고려대의료원 산하 안암·구로·안산병원과 고려대 의과대학 백신혁신센터, 개방형실험실, G밸리의료기기개발지원센터, 의료기기 사용적합성 시험센터 등의 임상·연구 인프라도 연계할 예정이다. 윤을식 고려대...",2026-10-06 09:26,https://www.financialpost.co.kr/news/articleView.html?idxno=278780,https://www.financialpost.co.kr/news/articleView.html?idxno=278780
고려대학교,법률신문,제11회 유기천법률문화상에 이주원 고려대 로스쿨 교수,유기천교수기념사업재단(이사장 이영란)은 2026년 9월 29일 서울 신림동 서울대 근대법학교육백주년기념관에서 제11회 유기천법률문화상 시상식을 열고 이주원(사법연수원 21기) 고려대 로스쿨 교수에게 상을 수여했다....,2026-10-06 09:26,https://www.lawtimes.co.kr/news/articleView.html?idxno=227272,https://www.lawtimes.co.kr/news/articleView.html?idxno=227272
연세대학교,파이낸셜뉴스,수술 잘 끝났는데 신장이 왜?…수술 후 신장 손상 AI가 알려준다[헬스체...,연세대 세브란스병원 이식외과 이주한·신장내과 김형우·의대 의생명시스템정보학교실 유승찬·김선지 교수팀은 전신마취 수술 환자 데이터를 분석해 수술 전 8가지 정보만으로 수술 후 급성 신장 손상 위험을...,2026-10-06 09:25,https://www.fnnews.com/news/202610060915570873,https://n.news.naver.com/mnews/article/014/0005585270?sid=103
연세대학교,이데일리,수술 전 검사만으로 신장 합병증 위험 가린다…AI 모델 검증,"연세대 세브란스병원 이식외과 이주한 교수와 신장내과 김형우 교수, 의대 의생명시스템정보학교실 유승찬·김선지 교수 연구팀은 전신마취 수술 환자의 데이터를 분석해 수술 전 8가지 정보만으로 수술 후 급성 신장...",2026-10-06 09:24,https://www.edaily.co.kr/News/Read?newsId=02768326645610296&mediaCodeNo=257&utm_source=naver&utm_medium=referral&utm_campaign=news_syndication&utm_content=original_article,https://n.news.naver.com/mnews/article/018/0006381756?sid=102
연세대학교,펜앤드마이크,"서울시, '시민 건강' 자문할 서울건강총괄관에 김현철 교수 위촉",서울시는 시정 전반을 '시민 건강' 관점에서 살피는 서울건강총괄관에 김현철 연세대 의과대학 교수를 6일 위촉했다. 서울건강총괄관은 서울시가 외부 전문성을 시정에 활용하기 위해 위촉하는 비상근 민간 전문가로...,2026-10-06 09:24,https://www.pennmike.com/news/articleView.html?idxno=128993,https://www.pennmike.com/news/articleView.html?idxno=128993
서울대학교,전자신문,"씨엔티테크, 기보벤처캠프 19기 'AI 통합교육' 성료…AI·AGI 시대 스타트...","이어 신대은 서울대 빅데이터 혁신융합대학 교수는 'AI 시대, 기술 기반 스타트업 사업화 전략'을 주제로 강연을 진행했다. 빠르게 변화하는 AI 기술과 시장 환경 속에서 기술 기반 스타트업이 새로운 사업 기회를...",2026-10-06 09:23,https://www.etnews.com/20261006000029,https://n.news.naver.com/mnews/article/030/0003472401?sid=101
서울대학교,비즈니스플러스,"LH, 대학가 '기숙사형 전세임대' 확대…서울대 200가구·전국 500가구 공...","서울대학교와 연계하여 기숙사형 전세임대주택을 제공하고, 전국 지자체 및 대학을 대상으로 500가구 규모의 운영 기관 공모를 실시하며 공공기숙사 사업을 본격적으로 확대한다. 기숙사형 전세임대 사업은 대학교...",2026-10-06 09:22,https://www.businessplus.kr/news/articleView.html?idxno=117711,https://www.businessplus.kr/news/articleView.html?idxno=117711
연세대학교,e대한경제,[테크 NOW] 네이버ㆍ카카오ㆍ카카오모빌리티ㆍNHN클라우드,"최난설헌 연세대 교수, 이대호 성균관대 교수, 정지연 한국소비자연맹 사무총장이 네이버에 접수된... 고려대학교 C5ISRT융합연구원과 ‘국방 인공지능(AI) 분야 상호발전을 위한 협력 양해각서(MOU)’를 체결했다고 6일...",2026-10-06 09:22,https://www.dnews.co.kr/uhtml/view.jsp?idxno=202610060913514900494,https://www.dnews.co.kr/uhtml/view.jsp?idxno=202610060913514900494
연세대학교,문화일보,“난 언제나 중구 주민 편… 이번 4년은 노후 주거환경 개선에 속도”[...,전북 부안 출생 △서울 중구 광희초·동북중·성동고 △연세대 행정대학원 행정학 석사 △국회의원 보좌관 △대통령실 행정관 △용인도시공사 사장 △여의도연구원 데이터랩 센터장 △제10·11대(민선 제8·9기) 중구청장,2026-10-06 09:22,https://www.munhwa.com/article/11621537?ref=naver,https://n.news.naver.com/mnews/article/021/0002823201?sid=102
서울대학교,싱글리스트,한글날 제정 100주년…'우리말' 도서 판매량 11.2% 증가,"우리말 단어를 문화적 맥락과 함께 풀어낸 '인생에 단어드는 순간'이 뒤를 이었고, 나민애 서울대 교수가 교과서 속 문학 작품을 토대로 어휘와 글쓰기를 다룬 '나의 두 번째 교과서 X 나민애의 다시 만난 국어'가...",2026-10-06 09:22,https://www.slist.kr/news/articleView.html?idxno=771285,https://www.slist.kr/news/articleView.html?idxno=771285
서울대학교,e대한경제,[특별기고] 미국 원전 건설을 도약의 출발점으로,심형진 서울대 원자핵공학과 교수 마침내 한·미 양국은 한국형 원전 APR1400 2기를 포함해 미국 내 대형원전 8기 건설에 한국이 투자하는 원전 프레임워크에 합의했다. 1978년 웨스팅하우스가 지어준 고리 1호기로 원자력...,2026-10-06 09:22,https://www.dnews.co.kr/uhtml/view.jsp?idxno=202610051651261570456,https://www.dnews.co.kr/uhtml/view.jsp?idxno=202610051651261570456
고려대학교,e대한경제,[테크 NOW] 네이버ㆍ카카오ㆍ카카오모빌리티ㆍNHN클라우드,"▲카카오모빌리티-고려대, 모빌리티 플랫폼 기술로 국방 AX 가속화 나서 카카오모빌리티(대표 류긍선)는 고려대학교 C5ISRT융합연구원과 ‘국방 인공지능(AI) 분야 상호발전을 위한 협력 양해각서(MOU)’를 체결했다고...",2026-10-06 09:22,https://www.dnews.co.kr/uhtml/view.jsp?idxno=202610060913514900494,https://www.dnews.co.kr/uhtml/view.jsp?idxno=202610060913514900494
서울대학교,조선비즈,"LH, 공공기숙사 활성화 추진… 서울대 전세임대주택 200호 공급",서울대학교를 시작으로 전국 대학교의 기숙사형 전세임대 공급을 확대할 계획이다. LH는 공공기숙사 활성화를 통한 청년 주거지원 강화를 위해 7일부터 500호 규모 전국 단위 ‘기숙사형 전세임대주택 공모’를...,2026-10-06 09:21,https://biz.chosun.com/real_estate/real_estate_general/2026/10/06/DXMWFX43UBBFJBR6CDSLST3CAY/?utm_source=naver&utm_medium=original&utm_campaign=biz,https://n.news.naver.com/mnews/article/366/0001196235?sid=101
연세대학교,전자신문,네이버 분쟁조정 피해 구제율 83.6%…“분쟁 조정 실효성 확인”,"이번 보고서는 최난설헌 연세대 교수, 이대호 성균관대 교수, 정지연 한국소비자연맹 사무총장이 참여해... 최난설헌 연세대 교수는 “네이버의 분쟁조정 기능이 소비자 분쟁 해결에 실질적으로 기능하는 것으로...",2026-10-06 09:21,https://www.etnews.com/20261006000028,https://n.news.naver.com/mnews/article/030/0003472400?sid=101
서울대학교,뉴스더원,"LH, 대학가 ‘공공기숙사’ 늘린다…서울대 200호·전국 500호 공급",더트래커 박민정 기­자 mjp@thetracker.co.kr 더트래커 = 한국토지주택공사(LH)가 서울대학교와 손잡고 오는... LH는 지난달 4일 서울대학교와 업무협약을 체결하고 2030년까지 기숙사형 전세임대주택 200호를 공급하기로 했다....,2026-10-06 09:20,https://thetracker.co.kr/View.aspx?No=4252612,https://thetracker.co.kr/View.aspx?No=4252612
서울대학교,뉴스클레임,시흥시 2조922억원 규모 제3회 추경안 편성,"대도시 기반시설 확충 분야에는 장현1초 학교복합시설 건립 93억원, 월곶 공유수면 매립 55억원, 배곧서울대학교병원 건립 지원 32억원, 매화역 건설사업 18억원, 양달천 하천개선사업 10억원 등이 포함됐습니다....",2026-10-06 09:20,https://www.newsclaim.co.kr/news/articleView.html?idxno=3077447,https://www.newsclaim.co.kr/news/articleView.html?idxno=3077447
연세대학교,서울경제,18만명 수술 데이터 학습한 AI…신장 손상 위험 미리 찾는다,"연세대 세브란스병원 이식외과 이주한 교수와 신장내과 김형우 교수, 의대 의생명시스템정보학교실 유승찬·김선지 교수 연구팀은 전신마취 수술 환자 데이터를 토대로 급성 신장 손상 위험을 예측하는 AI 모델을...",2026-10-06 09:20,https://www.sedaily.com/article/20098319?ref=naver,https://n.news.naver.com/mnews/article/011/0004668412?sid=103
연세대학교,디지털타임스,서울시 건강총괄관에 김현철 연세대 의대 교수 위촉,"서울시는 ‘서울건강총괄관’에 김현철 연세대 의과대학 교수를 위촉했다고 6일 밝혔다. 서울건강총괄관은... 코넬대 교수를 거쳐 홍콩과학기술대 종신교수로 임용됐고, 연세대 인구와인재연구원장과 연세의료원...",2026-10-06 09:20,https://www.dt.co.kr/article/12087529?ref=naver,https://n.news.naver.com/mnews/article/029/0003051555?sid=102
고려대학교,파이낸셜투데이,"카카오모빌리티, 고려대와 국방 AX 연구·사업 협력",카카오모빌리티가 고려대학교 C5ISRT융합연구원과 '국방 인공지능(AI) 분야 상호발전을 위한 협력 양해각서(MOU)'를 체결했다고 6일 밝혔다. 고려대학교 C5ISRT융합연구원은 지휘·통제·통신·컴퓨터·사이버·정보·감시...,2026-10-06 09:20,http://www.ftoday.co.kr/news/articleView.html?idxno=366665,http://www.ftoday.co.kr/news/articleView.html?idxno=366665
서울대학교,디지털타임스,서울시 건강총괄관에 김현철 연세대 의대 교수 위촉,서울건강총괄관은 서울시가 외부의 전문성과 시각을 시정에 활용하기 위해 위촉하는 비상근 민간 전문가로 임기는 2년이다. 김 교수는 연세대 의대를 졸업한 뒤 연세대 경제학 석사와 서울대 보건학 석사를 거쳐 미국...,2026-10-06 09:20,https://www.dt.co.kr/article/12087529?ref=naver,https://n.news.naver.com/mnews/article/029/0003051555?sid=102
서울대학교,IKLD,"LH, 서울대에 기숙사형 전세임대 200가구 공급",한국토지주택공사(LH)가 서울대에 2030년까지 기숙사형 전세임대주택 200가구를 공급한다고 6일 밝혔다.... 이번 공급은 서울대의 노후 기숙사 재건축에 따른 재학생의 대체 주거 공간을 마련하기 위한 것이다. LH가...,2026-10-06 09:20,http://www.ikld.kr/news/articleView.html?idxno=341768,http://www.ikld.kr/news/articleView.html?idxno=341768
서울대학교,아시아타임즈,"LH, 대학생 주거 부담 낮춘다…공공기숙사 공급 확대",기숙사형 전세임대 500가구 공모…12월 대상자 선정 서울대와 2030년까지 200가구 공급…학생 주거 안정 지원... LH는 앞서 지난달 4일 서울대학교와 업무협약을 맺고 오는 2030년까지 기숙사형 전세임대주택 200가구를...,2026-10-06 09:18,https://www.asiatime.co.kr/article/20261006500026,https://www.asiatime.co.kr/article/20261006500026
고려대학교,이데일리,‘살아있는 권력’에 업무보고…중수청·공소청 '정치 중립성' 도마 위,차진아 고려대 법학전문대학원 교수도 수사기관 수장의 국무회의 참석 관행에 우려를 나타냈다. 차 교수는 “수사기관의 정치적 중립성과 독립성에 대한 신뢰가 확보돼야 국민에게 수사 결과의 공정성을 믿어 달라고 할 수...,2026-10-06 09:18,https://www.edaily.co.kr/News/Read?newsId=02748646645610296&mediaCodeNo=257&utm_source=naver&utm_medium=referral&utm_campaign=news_syndication&utm_content=original_article,https://n.news.naver.com/mnews/article/018/0006381750?sid=102
연세대학교,서울경제,서울건강총괄관에 김현철 연세대 교수 위촉…시정 전반 건강정책 자문,김 교수는 연세대 의과대학을 졸업한 의사이자 경제학자다. 연세대 경제학 석사와 서울대 보건학 석사를... 현재 연세대 인구와인재연구원 원장과 연세의료원 AI의료사업단 정책기획단장을 맡고 있다. 제8기 서울시...,2026-10-06 09:18,https://www.sedaily.com/article/20098317?ref=naver,https://n.news.naver.com/mnews/article/011/0004668410?sid=102
서울대학교,서울경제,서울건강총괄관에 김현철 연세대 교수 위촉…시정 전반 건강정책 자문,서울시는 신임 서울건강총괄관에 김현철 연세대학교 의과대학 교수를 위촉했다고 6일 밝혔다. 김 교수는... 연세대 경제학 석사와 서울대 보건학 석사를 거쳐 미국 컬럼비아대에서 경제학 박사 학위를 받았다. 미국 코넬대...,2026-10-06 09:18,https://www.sedaily.com/article/20098317?ref=naver,https://n.news.naver.com/mnews/article/011/0004668410?sid=102
서울대학교,더팩트,"시흥시, 2조 922억 원 규모 3회 추경 편성…민생·대도시 인프라에 집중","월곶 공유수면 매립 55억 원, 배곧서울대학교병원 건립 지원 32억 원, 매화역 건설사업 18억 원, 양달천 하천개선사업 10억 원도 편성했다. 민생 경제 회복과 복지안전망 강화에도 예산을 늘렸다. 기초연금 179억 원...",2026-10-06 09:17,https://news.tf.co.kr/read/national/2373069.htm,https://n.news.naver.com/mnews/article/629/0000539494?sid=102
고려대학교,더페어,"""AI 배차·자율주행을 국방으로""…카카오모빌리티, 고려대와 국방 AX 협...","카카오모빌리티는 고려대학교 C5ISRT융합연구원과 '국방 인공지능 분야 상호발전을 위한 업무협약(MOU)'을 체결했다고 6일 밝혔다. 이번 협약은 드론, 다족보행로봇, 무인지상차량(UGV) 등 유·무인 복합체계(MUM-T)가...",2026-10-06 09:16,https://www.thefairnews.co.kr/news/articleView.html?idxno=89839,https://www.thefairnews.co.kr/news/articleView.html?idxno=89839
서울대학교,이로운넷,[팩트로 본 외국인③] 외국인이 늘어나면 범죄도 늘어난다?,"노성훈 경찰대 교수는 서울 30개 행정동 주민 설문을 이용해 외국인과 범죄두려움의 관계를... 김지범 외, 「한국종합사회조사, 2003-2025 [누적자료]」, 성균관대학교 서베이리서치센터 생산, 서울대학교...",2026-10-06 09:16,https://www.eroun.net/news/articleView.html?idxno=90179,https://www.eroun.net/news/articleView.html?idxno=90179
연세대학교,미디어펜,"‘귀멸의 칼날’ 음악감독 카지우라 유키, 11월 첫 내한 공연 개최",주최사 아뮤즈와 알앤디컴퍼니는 6일 “카지우라 유키가 오는 11월 22일 서울 서대문구 연세대학교 대강당에서 ‘카지우라 유키 라이브 vol.#22 ~프레셔스 피시즈~ 인 서울 스페셜 세트리스트(Yuki Kajiura LIVE vol....,2026-10-06 09:16,https://www.mediapen.com/news/view/1127982,https://www.mediapen.com/news/view/1127982
연세대학교,이뉴스투데이,"이도희 서울시의원, ""청년 AI 사다리 다시 놓아야, 2027년 예산 반영 추...","이날 토론회에는 고동진 국민의힘 국회의원을 비롯해 소프트웨어정책연구소, 연세대학교, KAIST, 스타트업얼라이언스 등 연구기관·대학·산업계 전문가와 서울시의원, 청년정책네트워크 AI 정책 제안자 등이 참석했다....",2026-10-06 09:15,http://www.enewstoday.co.kr/news/articleView.html?idxno=2477146,http://www.enewstoday.co.kr/news/articleView.html?idxno=2477146
연세대학교,뉴스프리존,"네이버 분쟁조정 피해 구제율 83.6%···""평가 기준 세분화 필요""","이번 분석에는 최난설헌 연세대 교수, 이대호 성균관대 교수, 정지연 한국소비자연맹 사무총장이 참여했다.... 최난설헌 연세대 교수는 ""네이버 데이터를 전수 분석하고 외부 소비자상담센터 데이터와 비교한 결과...",2026-10-06 09:14,https://www.newsfreezone.co.kr/news/articleView.html?idxno=712362,https://www.newsfreezone.co.kr/news/articleView.html?idxno=712362
서울대학교,메디코파마뉴스,"RET 표적치료제 레테브모, 폐암·갑상선 수질암서 급여 적용","이번 급여 적용과 관련해 안진석 삼성서울병원 혈액종양내과 교수는 ""이번 급여는 그 오랜 공백을 메운... 박영주 서울대학교병원 내분비대사내과 교수는 ""진행·전이 단계의 갑상선 수질암은 치료가 쉽지 않은...",2026-10-06 09:14,https://www.medicopharma.co.kr/news/articleView.html?idxno=69739,https://www.medicopharma.co.kr/news/articleView.html?idxno=69739
서울대학교,이투데이,"우리말 책 판매 11.2%↑…예스24, 한글날 제정 100주년 기획전",나민애 서울대 교수가 고른 교과서 문학 작품으로 어휘와 실용 글쓰기 방법을 배우도록 구성했다. 기획전에서는 국어사전 편집자들의 작업 이야기도 소개한다. ‘보리 국어사전’의 김미혜 편집자와 ‘보리 국어...,2026-10-06 09:14,https://www.etoday.co.kr/news/view/2632627,https://www.etoday.co.kr/news/view/2632627
연세대학교,글로벌이코노믹,"두산로보틱스, 피지컬 AI 국책과제 2건 수주…총 989억 규모","고려대·동국대·세종대·연세대 산학협력단 등이 참여한다. 두 번째 과제인 '협동로봇·AI 기반 지능형 용접... 이 과제는 45개월 동안 진행되며, 두산로보틱스가 주관기관을, 딥엑스와 세이지, 국립창원대학교...",2026-10-06 09:12,https://www.g-enews.com/view.php?ud=202610060902233341139bf6e4b2_1,https://www.g-enews.com/view.php?ud=202610060902233341139bf6e4b2_1
서울대학교,연합뉴스,"LH, 서울대와 기숙사형 전세임대 공급…2030년까지 200가구",노후 기숙사 재건축 대체 주거…7일부터 전국 500가구 공모 한국토지주택공사(LH)가 서울대에 2030년까지 기숙사형 전세임대주택 200가구를 공급한다. LH는 서울대와 지난달 4일 이 같은 내용의 업무협약을 맺었다고 6일...,2026-10-06 09:12,https://www.yna.co.kr/view/AKR20261006037400003?input=1195m,https://n.news.naver.com/mnews/article/001/0016358628?sid=101
서울대학교,파이낸셜뉴스,서울건강총괄관에 김현철 연세대 의대 교수 위촉,"서울시가 시정 전반을 시민 건강의 관점에서 살피고 정책을 제안하는 서울건강총괄관에 김현철 연세대학교... 김 교수는 연세대 의대를 졸업한 뒤 연세대 경제학 석사와 서울대 보건학 석사, 미국 컬럼비아대 경제학 박사...",2026-10-06 09:12,https://www.fnnews.com/news/202610060908072751,https://n.news.naver.com/mnews/article/014/0005585257?sid=102
서울대학교,연합인포맥스,"LH, 기숙사형 전세임대 공급 확대…서울대 시작으로 전국 500호 공모","뒤 대학교와 지자체 등을 통해 시세보다 저렴하게 기숙사 형태로 공급하는 주택이다. 이번 협약에 따라 LH는 전세보증금을 지원하며, 서울대학교 운영기관인 '관악학생생활관'은 월세·임대료 등의 사용료 산정과...",2026-10-06 09:12,https://news.einfomax.co.kr/news/articleView.html?idxno=4437829,https://news.einfomax.co.kr/news/articleView.html?idxno=4437829
서울대학교,뉴스1,[국감브리핑] TK 서울대 신입생 216명…서울 강남구 한 곳보다도 적어,특히 대구와 경북을 합친 서울대 신입생 수가 서울 강남구 한 곳보다 적어 수도권과 비수도권 간 교육 격차가 두드러지고 있다는 평가다. 6일 국회 교육위원회 소속 한병도 더불어민주당 의원이 서울대로부터...,2026-10-06 09:12,https://www.news1.kr/local/daegu-gyeongbuk/6310918,https://n.news.naver.com/mnews/article/421/0009210707?sid=102
연세대학교,서울신문,"서대문구의회 이종석 행정복지위원장, “서대문형무소역사관 연구 용역...",또 1987년 6월 민주화항쟁의 상징인 연세대 이한열 열사와 1991년 민주화운동의 주역인 강경대 열사 등 관내 민주화 역사자원을 전수조사해 서대문형무소·독립공원·신촌·연세대·명지대를 잇는 가칭 ‘서대문 독립·민주...,2026-10-06 09:12,https://www.seoul.co.kr/news/publicnews/seoul_local/focus_seoul/2026/10/06/20261006500019?wlog_tag3=naver,https://n.news.naver.com/mnews/article/081/0003686254?sid=102
고려대학교,글로벌이코노믹,"두산로보틱스, 피지컬 AI 국책과제 2건 수주…총 989억 규모","세이지, 고려대·동국대·세종대·연세대 산학협력단 등이 참여한다. 두 번째 과제인 '협동로봇·AI 기반... 이 과제는 45개월 동안 진행되며, 두산로보틱스가 주관기관을, 딥엑스와 세이지, 국립창원대학교 산학협력단이...",2026-10-06 09:12,https://www.g-enews.com/view.php?ud=202610060902233341139bf6e4b2_1,https://www.g-enews.com/view.php?ud=202610060902233341139bf6e4b2_1
고려대학교,EBN 산업경제,"국산 AI칩 품은 협동로봇 나온다...두산로보틱스, '피지컬 AI' 개발","세이지와 고려대·동국대·세종대·연세대 산학협력단 등이 참여한다. ◆숙련공 용접 기술 AI로 학습...... 과제 기간은 45개월이며 딥엑스, 세이지, 국립창원대학교 산학협력단 등이 공동연구기관으로 참여한다. 박인원...",2026-10-06 09:12,https://www.ebn.co.kr/news/articleView.html?idxno=1726752,https://www.ebn.co.kr/news/articleView.html?idxno=1726752
고려대학교,디지털데일리,"""공격자보다 먼저 자산 찾아야""…금융보안, 방어의 범위를 다시 짤 때","김승주 고려대 정보보호대학원 교수도 페이스북을 통해 ""방어자가 자신의 전산 자산을 공격자보다 늦게... 금융서비스에서는 차단의 부작용도 고려해야 한다. 계정 정지나 시스템 격리가 정상 거래에 영향을 줄 수...",2026-10-06 09:12,https://www.ddaily.co.kr/page/view/2026100609105076040,https://n.news.naver.com/mnews/article/138/0002243686?sid=105
연세대학교,EBN 산업경제,"국산 AI칩 품은 협동로봇 나온다...두산로보틱스, '피지컬 AI' 개발","고려대·동국대·세종대·연세대 산학협력단 등이 참여한다. ◆숙련공 용접 기술 AI로 학습...원전서 실증 두... 과제 기간은 45개월이며 딥엑스, 세이지, 국립창원대학교 산학협력단 등이 공동연구기관으로 참여한다....",2026-10-06 09:12,https://www.ebn.co.kr/news/articleView.html?idxno=1726752,https://www.ebn.co.kr/news/articleView.html?idxno=1726752
연세대학교,파이낸셜뉴스,서울건강총괄관에 김현철 연세대 의대 교수 위촉,서울시가 시정 전반을 시민 건강의 관점에서 살피고 정책을 제안하는 서울건강총괄관에 김현철 연세대학교 의과대학 교수를 위촉했다.6일 서울시에 따르면 김 교수는 시정 주요 정책이 시민의 신체·정신·사회적 건강에...,2026-10-06 09:12,https://www.fnnews.com/news/202610060908072751,https://n.news.naver.com/mnews/article/014/0005585257?sid=102
서울대학교,코메디닷컴,서울건강총괄관에 ‘의사이자 경제학자’ 김현철 교수 위촉,서울대 보건학 석사를 거쳐 미국 컬럼비아대에서 경제학 박사 학위를 받았다. 미국 코넬대 교수를 지낸 뒤 홍콩과학기술대 종신교수로 임용되는 등 국제 경제학계에서 연구 역량을 인정받았다. 현재 김 교수는 제8기 서울...,2026-10-06 09:11,https://kormedi.com/?p=2879149,https://n.news.naver.com/mnews/article/296/0000105608?sid=103
연세대학교,코메디닷컴,서울건강총괄관에 ‘의사이자 경제학자’ 김현철 교수 위촉,서울시가 서울건강총괄관에 김현철 연세대 의대 교수를 위촉했다고 6일 밝혔다. 서울건강총괄관은 외부... 신임 건강총괄관인 김현철 교수는 연세대 의대를 졸업한 의사이자 경제학자다. 연세대 경제학 석사와 서울대...,2026-10-06 09:11,https://kormedi.com/?p=2879149,https://n.news.naver.com/mnews/article/296/0000105608?sid=103
서울대학교,전라일보,토끼와 자라가 펼치는 해학 한마당…김송 '미산제 수궁가',"김송은 서울대학교 음악대학 국악과를 졸업하고 전북대학교 대학원에서 국악을 공부했다. 안애란, 성우향, 박승희, 송순섭, 양기석에게 사사했으며 제20회 박동진 판소리명창·명고대회 명창부 대통령상을 수상했다. 현재...",2026-10-06 09:10,http://www.jeollailbo.com/news/articleView.html?idxno=812832,http://www.jeollailbo.com/news/articleView.html?idxno=812832
연세대학교,메디파나뉴스,"덴티스 '루이버튼', RCT서 각화치은 감소 억제 확인","RCT)으로, 연세대학교 치과대학 정의원 교수(책임 연구자)를 비롯해 임슬빈, 박승현, 박진영, 차재국 연구진, 보훈공단 중앙보훈병원 치주과 송영우 교수, 스위스 취리히대학교 치과의학센터 Daniel S. Thoma 및...",2026-10-06 09:10,https://www.medipana.com/news/articleView.html?idxno=418768,https://www.medipana.com/news/articleView.html?idxno=418768
서울대학교,메디컬투데이,한국릴리 '레테브모' 급여권 진입…RET 변이 폐암·갑상선 수질암 치료...,안진석 삼성서울병원 혈액종양내과 교수는 이번 급여 적용으로 RET 변이를 확인한 환자에게 1차 치료부터... 박영주 서울대학교병원 내분비대사내과 교수는 진행·전이 단계의 갑상선 수질암은 치료가 쉽지 않고...,2026-10-06 09:08,https://www.mdtoday.co.kr/news/articleView.html?idxno=617410,https://www.mdtoday.co.kr/news/articleView.html?idxno=617410
고려대학교,아주경제,"두산로보틱스, 피지컬 AI 국책과제 2건 수주","세이지, 고려대·동국대·세종대·연세대 산학협력단 등이 참여한다. 두 번째 '협동로봇·AI 기반 지능형... 두산로보틱스가 주관기관을 맡고 딥엑스, 세이지, 국립창원대학교 산학협력단이 공동연구기관으로 참여한다....",2026-10-06 09:08,https://www.ajunews.com/view/20261006085508612,https://www.ajunews.com/view/20261006085508612
연세대학교,아주경제,"두산로보틱스, 피지컬 AI 국책과제 2건 수주","고려대·동국대·세종대·연세대 산학협력단 등이 참여한다. 두 번째 '협동로봇·AI 기반 지능형 용접 솔루션... 두산로보틱스가 주관기관을 맡고 딥엑스, 세이지, 국립창원대학교 산학협력단이 공동연구기관으로...",2026-10-06 09:08,https://www.ajunews.com/view/20261006085508612,https://www.ajunews.com/view/20261006085508612
연세대학교,KBS,"‘귀멸의 칼날’ 음악감독 카지우라 유키, 11월 첫 내한 공연",주최사 아뮤즈와 알앤디컴퍼니에 따르면 카지우라 유키는 오는 11월 22일 서울 서대문구 연세대학교 대강당에서 ‘Yuki Kajiura LIVE vol.#22 ~precious pieces~ in Seoul SPECIAL SETLIST (카지우라 유키 라이브 vol.#22 ~프레셔스...,2026-10-06 09:08,https://kstar.kbs.co.kr/list_view.html?idx=411434,https://m.entertain.naver.com/article/438/0000081691
연세대학교,증권경제신문,"두산로보틱스, 989억원 규모···피지컬 AI 국책과제 수주","고려대·동국대·세종대·연세대 산학협력단 등이 참여한다. 두 번째 과제인 '협동로봇·AI 기반 지능형 용접... 과제 기간은 45개월로, 두산로보틱스가 주관기관을, 딥엑스, 세이지, 국립창원대학교 산학협력단이...",2026-10-06 09:08,http://www.koreastocknews.com/news/articleView.html?idxno=121585,http://www.koreastocknews.com/news/articleView.html?idxno=121585
서울대학교,전자신문,“UX 기획·DESIGN.md 설계·AI 구현 전 과정 1-day 워크숍” 10월 16일 개...,"전자신문인터넷은 오는 10월 16일 서울 위플레이스 강남2호점에서 'UX 기획·DESIGN.md 설계·AI 구현 전 과정 1... 박사는 서울대학교 융합과학기술대학원에서 UX·HCI 석사와 박사 학위를 취득했으며, 미국 워싱턴대학교...",2026-10-06 09:08,https://www.etnews.com/20261006000015,https://n.news.naver.com/mnews/article/030/0003472389?sid=105
고려대학교,증권경제신문,"두산로보틱스, 989억원 규모···피지컬 AI 국책과제 수주","세이지, 고려대·동국대·세종대·연세대 산학협력단 등이 참여한다. 두 번째 과제인 '협동로봇·AI 기반... 과제 기간은 45개월로, 두산로보틱스가 주관기관을, 딥엑스, 세이지, 국립창원대학교 산학협력단이...",2026-10-06 09:08,http://www.koreastocknews.com/news/articleView.html?idxno=121585,http://www.koreastocknews.com/news/articleView.html?idxno=121585
서울대학교,뉴시스,"시흥시, 2조922억원 규모 3차 추경안 제출…기정예산 대비 7.5%↑",주요 SOC 사업예산은 ▲장현1초 학교복합시설 건립 93억원 ▲월곶 공유수면 매립 55억원 ▲배곧서울대학교병원 건립 지원 32억원 ▲매화역 건설 18억원 ▲양달천 하천개선 10억원 등이다. 복지·민생 부문에서는...,2026-10-06 09:06,https://www.newsis.com/view/NISX20261006_0003814708,https://n.news.naver.com/mnews/article/003/0014234413?sid=102
서울대학교,매일일보,"시흥시, 2조922억원 규모 제3회 추경예산안 시의회에 제출",대도시 기반시설 확충 분야에는 △장현1초 학교복합시설 건립 93억원 △월곶 공유수면 매립 55억원 △배곧서울대학교병원 건립 지원 32억원을 반영했다. △매화역 건설사업 18억원 △양달천 하천개선사업 10억원 등도...,2026-10-06 09:06,https://www.m-i.kr/news/articleView.html?idxno=2002733,https://www.m-i.kr/news/articleView.html?idxno=2002733
서울대학교,뉴스제주,"[인터뷰] 양덕순 제주대 총장 ""관성 깨고 대학 체질 바꾸겠다""",정부의 '서울대 10개 만들기' 첫 패키지 지원에서 제주대가 제외된 데 대해서는 제주가 처한 산업적 여건을... 제주대 역시 사업계획의 실행 가능성을 높이고 기업이 대학 교육과 연구에 실질적으로 참여할 수 있는 구조를...,2026-10-06 09:06,https://www.newsjeju.net/news/articleView.html?idxno=426630,https://www.newsjeju.net/news/articleView.html?idxno=426630
고려대학교,뉴스1,"두산로보틱스, 국산 반도체로 '피지컬 AI' 개발…989억 국책과제 선정","세이지, 고려대·동국대·세종대·연세대 산학협력단 등이 참여한다. 두 번째 과제인 '협동로봇·AI 기반... 과제 기간은 45개월로 두산로보틱스가 주관기관을, 딥엑스·세이지·국립창원대학교 산학협력단이...",2026-10-06 09:05,https://www.news1.kr/industry/general-industry/6310891,https://n.news.naver.com/mnews/article/421/0009210674?sid=101
연세대학교,뉴스1,"두산로보틱스, 국산 반도체로 '피지컬 AI' 개발…989억 국책과제 선정","고려대·동국대·세종대·연세대 산학협력단 등이 참여한다. 두 번째 과제인 '협동로봇·AI 기반 지능형 용접... 과제 기간은 45개월로 두산로보틱스가 주관기관을, 딥엑스·세이지·국립창원대학교 산학협력단이...",2026-10-06 09:05,https://www.news1.kr/industry/general-industry/6310891,https://n.news.naver.com/mnews/article/421/0009210674?sid=101
서울대학교,EBN 산업경제,"LH, 서울대와 기숙사형 전세임대 공급…""실효성 높은 사업 확대""","(지자체·대학교)을 통해 시세보다 저렴하게 기숙사 형태로 공급하는 유형이다. 통상적인 전세임대 사업... LH는 지난달 4일 서울대학교와 업무협약을 맺고, 오는 2030년까지 기숙사형 전세임대주택 200호를 공급한다. 이번...",2026-10-06 09:04,https://www.ebn.co.kr/news/articleView.html?idxno=1726749,https://www.ebn.co.kr/news/articleView.html?idxno=1726749
고려대학교,데일리시큐,[김승주 교수 칼럼] 모르는 자산은 전수조사할 수 없다,못하면서 아무리 첨단 AI 보안기술을 도입하고 대규모 전수점검을 반복해도 사각지대는 남을 수밖에 없다. AI 시대의 사이버보안도 결국 정확한 자산 식별에서 시작한다. [글. 김승주 고려대학교 정보보호대학원 교수],2026-10-06 09:04,https://www.dailysecu.com/news/articleView.html?idxno=208735,https://www.dailysecu.com/news/articleView.html?idxno=208735
서울대학교,국제뉴스,서울광장서 '책멍하고 육아톡톡'…임산부·가족 100명 참여,"이어 신종호 서울대 교육학과 교수가 '읽는 아이, 가정에서의 문해력 교육'을 주제로 강연을 진행한다. '엄마 북(Book)돋움' 특별행사 카드뉴스 [사진제공=서울시] 강연에서는 영유아기 독서 습관 형성에 필요한 부모의...",2026-10-06 09:04,https://www.gukjenews.com/news/articleView.html?idxno=3713574,https://www.gukjenews.com/news/articleView.html?idxno=3713574
연세대학교,청년일보,[닥터 김덕규의 건강과 재생의학]  피부를 공격하고 장벽을 무너뜨...,글 / 김덕규(닥터킨베인 병원장) ㈜ 제론셀베인 대표이사 닥터킨베인 피부과의원 대표원장 연세대 세브란스병원 전문의 대한 피부 레이저 학회 공보이사 연세대 세브란스 에스테틱연구회 정회원 PDRN 항염재생치의학연구회...,2026-10-06 09:02,https://www.youthdaily.co.kr/news/article.html?no=227945,https://www.youthdaily.co.kr/news/article.html?no=227945
고려대학교,스마트투데이,[K-피지컬AI] ②삼성 밖에서도 통할까…레인보우로보틱스 '본체' 경쟁력...,"회사에 따르면 모바일 휴머노이드는 주로 대학과 정부 산하 연구소, 공공기관에 직판되며 국가 연구개발(R... 최병호 고려대 AI연구소 교수는 “랩(Lab) 수준의 접근을 하고 있는 상태이지 (로봇을) 실제 필드에서 접근하는...",2026-10-06 09:02,https://www.smarttoday.co.kr/ko-kr/articles/112258,https://www.smarttoday.co.kr/ko-kr/articles/112258
서울대학교,조선일보,"암 이후, 인지기능을 지켜라… ‘10분 걷기’의 힘 [아미랑]","서울대의대 박상민 교수팀은 2009~2015년 암 진단을 받고 3년 이상 생존한 성인 26만659명을 대상으로 운동의 치매 효과를 알아봤습니다. 연구팀은 검진 때 작성한 설문을 바탕으로 일주일간의 운동량을 계산해, 암 진단...",2026-10-06 09:01,https://health.chosun.com/site/data/html_dir/2026/10/02/2026100201128.html,https://n.news.naver.com/mnews/article/346/0000116944?sid=103
고려대학교,베리타스알파,[재수/반수 대신 편입 101] 2027편입 서류/면접 '주목'.. 필기와 병행해...,"고려대는 학업계획서를 면접 과정에서 활용했다. 표=김영편입 제공 학업계획서 '지원동기→학업→진로' 연결이 핵심 학업계획서 문항은 대학별로 차이가 있으나, 지원동기, 학업계획, 진로계획, 학업 외 활동 등을 묻는...",2026-10-06 09:00,https://www.veritas-a.com/news/articleView.html?idxno=630086,https://www.veritas-a.com/news/articleView.html?idxno=630086
연세대학교,뉴시스,"용인세브란스병원, 퇴행성 뇌질환 심포지엄 31일 개최",연세대학교 용인세브란스병원이 오는 31일 병원 4층 대강당에서 퇴행성뇌질환센터 주관으로 '2026 BEYOND 심포지엄'을 개최한다. 이번 심포지엄에서는 '약물치료를 넘어…퇴행성 뇌질환에서의 인지와 보행'을 주제로 최신...,2026-10-06 09:00,https://www.newsis.com/view/NISX20261006_0003814885,https://n.news.naver.com/mnews/article/003/0014234372?sid=102
연세대학교,베리타스알파,[재수/반수 대신 편입 101] 2027편입 서류/면접 '주목'.. 필기와 병행해...,주요대학 서류 반영.. 연세대/이화여대/중앙대 40% 대학별로 서류 반영 방식에는 차이가 있으나 대부분 최종 단계에서 반영하고 있다. 2026학년도 일반계열 기준 연세대/이화여대/중앙대는 2단계에서 서류를 40% 반영했다....,2026-10-06 09:00,https://www.veritas-a.com/news/articleView.html?idxno=630086,https://www.veritas-a.com/news/articleView.html?idxno=630086
서울대학교,데일리안,신임 서울건강총괄관에 '의사·경제학자' 김현철 연세대 교수 위촉,제안하는 서울건강총괄관에 김현철 연세대학교 의과대학 교수가 위촉됐다고 6일 밝혔다. 서울건강총괄관은... 연세대 경제학 석사와 서울대 보건학 석사를 거쳐 미국 컬럼비아대학교에서 경제학 박사 학위를 받았고...,2026-10-06 09:00,https://www.dailian.co.kr/news/view/1697992/?sc=Naver,https://n.news.naver.com/mnews/article/119/0003139592?sid=102
서울대학교,아시아경제,지주택 토지확보율 요건 95%→80% 완화…상반기 건축심의 접수 앞둔 '남...,"6월 말 기준 서울 지역주택조합 112곳 가운데 착공 단계에 진입한 곳은 11곳에 그친다. 서울 동작구 사당동... 차량 10분대 거리에는 반포·강남 학원가가 있고, 서울대·중앙대·숭실대 등 명문 대학군도 가까워 자녀 세대의...",2026-10-06 09:00,https://view.asiae.co.kr/article/2026100211142759988,https://n.news.naver.com/mnews/article/277/0005824798?sid=101
연세대학교,데일리안,신임 서울건강총괄관에 '의사·경제학자' 김현철 연세대 교수 위촉,"신임 건강총괄관인 김현철 교수는 연세대 의과대학을 졸업한 의사이자 경제학자다. 연세대 경제학 석사와 서울대 보건학 석사를 거쳐 미국 컬럼비아대학교에서 경제학 박사 학위를 받았고, 미국 코넬대학교 교수를 지낸...",2026-10-06 09:00,https://www.dailian.co.kr/news/view/1697992/?sc=Naver,https://n.news.naver.com/mnews/article/119/0003139592?sid=102
서울대학교,아시아경제,"서울시, 건강총괄관에 김현철 연세대 의대 교수 위촉","서울건강총괄관은 서울시가 외부의 전문성과 시각을 시정에 활용하기 위해 위촉하는 비상근 민간 전문가로, 임기는 2년이다. 김 건강총괄관은 연세대 의대를 졸업한 의사이자 경제학자다. 연세대 경제학 석사와 서울대...",2026-10-06 08:59,https://view.asiae.co.kr/article/2026100608595600409,https://n.news.naver.com/mnews/article/277/0005824806?sid=102
연세대학교,아시아경제,"서울시, 건강총괄관에 김현철 연세대 의대 교수 위촉","서울시는 서울건강총괄관에 김현철 연세대 의과대학 교수를 위촉했다고 6일 밝혔다. 서울건강총괄관은 서울시가 외부의 전문성과 시각을 시정에 활용하기 위해 위촉하는 비상근 민간 전문가로, 임기는 2년이다. 김...",2026-10-06 08:59,https://view.asiae.co.kr/article/2026100608595600409,https://n.news.naver.com/mnews/article/277/0005824806?sid=102
서울대학교,국제뉴스,"시흥시, 1,467억 늘어난 추경 편성…교육·의료 등 투자 확대","주요 편성 내역에는 장현1초 학교복합시설 건립 93억원, 월곶 공유수면 매립 55억원, 배곧서울대학교병원 건립 지원 32억원, 매화역 건설사업 18억원, 양달천 하천개선사업 10억원 등이 포함됐다. 이와 함께 기초연금...",2026-10-06 08:58,https://www.gukjenews.com/news/articleView.html?idxno=3713539,https://www.gukjenews.com/news/articleView.html?idxno=3713539
서울대학교,이투데이,"LH, 서울대에 기숙사형 전세임대 200가구 공급…전국 500가구 공모",이투데이=천상우 기자 | 한국토지주택공사(LH)가 대학생 등 청년 주거 안정을 위해 대학교에 기숙사형 전세임대 공급을 확대한다. LH는 서울대와 협력해 기숙사형 전세임대주택 200가구를 2030년까지 공급한다고 6일...,2026-10-06 08:58,https://www.etoday.co.kr/news/view/2632599,https://www.etoday.co.kr/news/view/2632599
고려대학교,뉴스1,"""연구실에 갇힌 혁신 제품 없앤다""…고려대의료원·식약평가원 맞손","의료원 산하 안암·구로·안산 연구중심병원과 고려대 의과대학 백신혁신센터, 개방형실험실, G밸리의료기기개발지원센터, 의료기기 사용 적합성 시험센터 등 임상·연구 인프라도 연계한다. 특히 혁신적인 바이오...",2026-10-06 08:57,https://www.news1.kr/bio/welfare-medical/6310887,https://n.news.naver.com/mnews/article/421/0009210646?sid=105
연세대학교,뉴데일리경제,"교육업계, 교실 밖 고객 접점 넓힌다 … 학원 지원부터 체험·장학금까...","지난 5일 연세대학교 미래캠퍼스에서 열린 ‘연세아트위크’에 참여해 그림책 ‘별의 아이’를 활용한 체험형 팝업을 운영했다. ‘마음을 선물하는 그림책’을 주제로 대교 도서 7종을 상황별로 추천하고, 연세대학교...",2026-10-06 08:56,https://biz.newdaily.co.kr/site/data/html/2026/10/06/2026100600036.html,https://biz.newdaily.co.kr/site/data/html/2026/10/06/2026100600036.html
서울대학교,베리타스알파,한일고 '중학생 대상' 교육과정/대입전략 설명회.. 22일 '선착순 100팀',매년 서울대를 비롯한 최상위권 대입에서 일반고 정상권을 호령하는 전국구 고교다. 일반고지만 전국단위로 신입생을 모집한다. 가장 최근인 2026대입에서 8명의 서울대 합격자를 배출했다. 의대합격은 47명으로...,2026-10-06 08:56,https://www.veritas-a.com/news/articleView.html?idxno=630557,https://www.veritas-a.com/news/articleView.html?idxno=630557
고려대학교,뉴시스,"고려대 한국어센터, 한글날 맞이 '한국어 주간' 페스티벌 개최",이예인 인턴 기자 = 고려대학교는 국제어학원 한국어센터가 6일부터 사흘간 서울 성북구 한국어교육관에서... 1986년 설립된 고려대 한국어센터는 지금까지 약 13만 명의 수료생을 배출했다. 올해는 캠퍼스 일대를 한국어...,2026-10-06 08:55,https://www.newsis.com/view/NISX20261002_0003813012,https://n.news.naver.com/mnews/article/003/0014234362?sid=102
서울대학교,한국대학신문,"서울대 연구진, 비만 치료의 새로운 가능성 제시",서울대학교 의학연구원 책임연구원 전양숙 명예교수 연구진과 수의학과 안지완 교수 연구진은 'UCP1 neddylation regulates white adipocyte browning through NIX-mediated mitophagy' 논문(제1저자 서울대 의과대학 의과학과 문건호...,2026-10-06 08:54,https://news.unn.net/news/articleView.html?idxno=598266,https://news.unn.net/news/articleView.html?idxno=598266
서울대학교,파이낸셜투데이,"LH, 기숙사형 전세임대 500호 공모…대학생 주거 부담 던다","대학교 등 운영기관을 통해 시세보다 저렴하게 기숙사 형태로 공급하는 방식이다. 입주 희망자가 직접 집을 구할 필요가 없고, 본인부담금 100만원을 제외한 전세보증금은 공공이 지원한다. LH는 지난 9월 4일 서울대학...",2026-10-06 08:54,http://www.ftoday.co.kr/news/articleView.html?idxno=366658,http://www.ftoday.co.kr/news/articleView.html?idxno=366658
연세대학교,매일일보,"대교, '별의 아이' 독서·디지털 체험 결합…연세아트위크 참여",대교는 지난 5일 연세대학교 미래캠퍼스에서 열린 '연세아트위크(Yonsei Arts Week)'에 참여해 그림책 '별의 아이... 한편 올해 처음 열린 연세아트위크는 대학의 문화·예술 자원을 지역사회와 공유하기 위해 마련된 시민...,2026-10-06 08:54,https://www.m-i.kr/news/articleView.html?idxno=2002746,https://www.m-i.kr/news/articleView.html?idxno=2002746
고려대학교,파이낸셜뉴스,"""허리 아파 갔는데 혈액암이라고?""...뼈가 보내는 SOS [헬스톡]","성화정 고려대 안산병원 혈액종양내과 교수는 ""다발골수종은 늦게 발견되는 경우가 많지만, 최근 치료제... 신중하게 고려한다. 성 교수는 ""다발골수종은 재발이 잦은 질환이지만 재발할 때마다 새로운 치료법으로...",2026-10-06 08:54,https://www.fnnews.com/news/202610060851122281,https://n.news.naver.com/mnews/article/014/0005585237?sid=103
서울대학교,이투데이,‘2026 세계경주포럼’ 8~9일 개최…경주선언 실천 방안 찾는다,"기조연설은 이탈리아 단눈치오 키에티 페스카라 대학교 피에르 루이지 사코 교수와 영국 런던시티... 같은 날 오후 ‘디지털·인공지능(AI)’에서는 서울대학교 이교구 교수 등이 창작자와 산업, 제도의 관계를 짚을...",2026-10-06 08:52,https://www.etoday.co.kr/news/view/2632586,https://www.etoday.co.kr/news/view/2632586
연세대학교,핀포인트뉴스,"두산로보틱스, 피지컬 AI 국책과제 2건 수주…협동로봇 지능화 속도","고려대·동국대·세종대·연세대 산학협력단 등이 참여한다. 두 번째 과제인 '협동로봇·AI 기반 지능형 용접... 두산로보틱스가 주관기관을 맡고 딥엑스, 세이지, 국립창원대학교 산학협력단이 공동연구기관으로...",2026-10-06 08:52,https://www.pinpointnews.co.kr/news/articleView.html?idxno=492805,https://www.pinpointnews.co.kr/news/articleView.html?idxno=492805
고려대학교,핀포인트뉴스,"두산로보틱스, 피지컬 AI 국책과제 2건 수주…협동로봇 지능화 속도","세이지, 고려대·동국대·세종대·연세대 산학협력단 등이 참여한다. 두 번째 과제인 '협동로봇·AI 기반... 두산로보틱스가 주관기관을 맡고 딥엑스, 세이지, 국립창원대학교 산학협력단이 공동연구기관으로 참여한다....",2026-10-06 08:52,https://www.pinpointnews.co.kr/news/articleView.html?idxno=492805,https://www.pinpointnews.co.kr/news/articleView.html?idxno=492805
연세대학교,뉴시스,"""책으로 소통""…대교, 연세아트위크서 부스 운영",대교는 강원 원주시 연세대 미래캠퍼스에서 열린 '연세아트위크(Yonsei Arts Week)'에서 팝업 부스를 운영했다고 6일 밝혔다. 이번 팝업은 대교 창립 50주년을 맞아 시민들에게 새로운 방식으로 이야기를 경험할 기회를...,2026-10-06 08:50,https://www.newsis.com/view/NISX20261006_0003814855,https://n.news.naver.com/mnews/article/003/0014234341?sid=101
연세대학교,중앙이코노미뉴스,"덴티스 '루이버튼', 임플란트 봉합시간 약 5배 단축…국제학술지 게재","연세대학교 치과대학 정의원 교수를 책임 연구자로 임슬빈·박승현·박진영·차재국 연구진과 중앙보훈병원 치주과 송영우 교수, 스위스 취리히대학교 치과의학센터 연구진 등이 참여했다. 연구진은 루이버튼을 이용한...",2026-10-06 08:48,https://www.joongangenews.com/news/articleView.html?idxno=552680,https://www.joongangenews.com/news/articleView.html?idxno=552680
서울대학교,한겨레,“제2 미나마타병 될라”… 구마모토에 엄습하는 트라우마,"PFAS 등 수처리 전문가인 최정권 서울대 교수(건설환경공학부)도 한겨레21의 질의에 “현재까지 진행된 독성 연구에 의하면 PFBS, PFBA, PFPeS와 같이 짧은 사슬 물질의 독성은 (일본에서 제조·수입이 금지된) PFOA와...",2026-10-06 08:46,https://h21.hani.co.kr/arti/society/environment/59994.html,https://n.news.naver.com/mnews/article/036/0000054277?sid=102
서울대학교,뉴스핌,서울건강총괄관에 '의사이자 경제학자' 김현철 교수…건강정책 다각화,"서울시는 서울건강총괄관에 김현철 연세대학교 의과대학 교수를 위촉했다고 6일 밝혔다. 시는 의학과... 연세대 경제학 석사와 서울대 보건학 석사를 거쳐 미국 컬럼비아대에서 경제학 박사 학위를 받았고, 미국 코넬대...",2026-10-06 08:45,https://www.newspim.com/news/view/20261006000169,https://www.newspim.com/news/view/20261006000169
연세대학교,뉴스핌,서울건강총괄관에 '의사이자 경제학자' 김현철 교수…건강정책 다각화,서울건강총괄관으로 위촉된 김현철 연세대 의과대학 교수 [사진=서울시] 신임 건강총괄관인 김 교수는 연세대 의과대학을 졸업한 의사이자 경제학자다. 연세대 경제학 석사와 서울대 보건학 석사를 거쳐 미국...,2026-10-06 08:45,https://www.newspim.com/news/view/20261006000169,https://www.newspim.com/news/view/20261006000169
서울대학교,KIZMOM,임산부의 날 앞두고 가족 독서 행사…서울시 '책멍하고 육아톡톡',"서울시가 임산부의 날을 앞두고 부모와 아이가 함께 그림책을 읽고, 가정에서 실천할 수 있는 문해력 교육... 신종호 서울대학교 교육학과 교수는 '읽는 아이, 가정에서의 문해력 교육'을 주제로 강연한다. 영유아기 독서...",2026-10-06 08:42,https://www.kizmom.com/news/articleView.html?idxno=113122,https://www.kizmom.com/news/articleView.html?idxno=113122
서울대학교,bnt뉴스,‘위대한 수업’ 시청자 평가 2회 연속 1위,"입자물리학자 김영기 시카고대 석좌교수, 나노과학자 현택환 서울대 석좌교수, 김경희 윌리엄앤메리대 교육심리학 교수를 비롯해 2025년 노벨경제학상 수상자 필리프 아기옹, 재닛 옐런 전 미국 재무부 장관...",2026-10-06 08:40,https://www.bntnews.co.kr/article/view/bnt202610060121,https://www.bntnews.co.kr/article/view/bnt202610060121
서울대학교,불교신문,"""인도 부상하는데 인도학·인도철학 관심가져야 한다""","인도철학과 1기인 조계종 원로의장 자광스님은 ""이제 다시 동국대학교도 인도철학과를 부활하여 세계 탑... 강성용 서울대 남아시아센터장은 연구자들이 인도학의 가치를 먼저 사회에 설득해야 한다는 과제를 던졌다....",2026-10-06 08:38,http://www.ibulgyo.com/news/articleView.html?idxno=442845,http://www.ibulgyo.com/news/articleView.html?idxno=442845
서울대학교,매일경제,[단독] 서울대 총장후보들 “조단위 재정확충” 공약…기부금 검증체계...,"미비 서울대 차기 총장 선거전에 나선 예비후보들이 기업 기부와 공동연구, 수익사업 확대 등을 통해... 6일 매일경제 취재를 종합하면 제29대 서울대 총장 선거에 나선 예비후보 4명은 기부금과 기업 협력, 수익사업 등을...",2026-10-06 08:35,https://www.mk.co.kr/article/12168849,https://n.news.naver.com/mnews/article/009/0005744233?sid=102
고려대학교,스포츠경향,"트와이스 11주년 대면행사, 단 750명만 추첨한다",트와이스는 지난해 10월 서울 고려대학교 화정체육관에서 데뷔 10주년 팬 미팅 ‘러브 유니버스’(10VE UNIVERSE)를 열었다. 티켓은 공식 팬클럽을 대상으로 한 선예매 단계에서 전석 매진됐다. 여기에 JYP는 그치지...,2026-10-06 08:35,https://sports.khan.co.kr/article/202610060835003?pt=nv,https://m.entertain.naver.com/article/144/0001142307
연세대학교,교수신문,기관 이름부터 문제…'국립한국어원' 어떻습니까?,대한민국의 거의 모든 대학에서 통상적으로 으뜸 학과의 자리를 차지하고 있는 '국어국문학과'의 문제는... 이기언  문화 비평가 전 연세대 불어불문학과 교수.  편집위원장과  편집위원을...,2026-10-06 08:34,https://www.kyosu.net/news/articleView.html?idxno=210896,https://www.kyosu.net/news/articleView.html?idxno=210896
연세대학교,TV조선,[아침에 한 장] 외국인 과거시험,내일은 서울 연세대 한국어 학당에서 유학생을 비롯해 외국인 근로자와 다문화 결혼 이민자도 참여하는 한글 백일장이 열리고요. 오는 8일 동국대학교에서는 한국어 교육원 재학생 1500여명이 참석하는 한글 백일장이...,2026-10-06 08:31,https://news.tvchosun.com/site/data/html_dir/2026/10/06/2026100690044.html,https://n.news.naver.com/mnews/article/448/0000643234?sid=102
서울대학교,서울이코노미뉴스,영화 《암살자(들)》을 보고,"서희정(hopesuh@gmail.com) 학력: 예원학교, 서울예술고등학교 졸업 서울대학교 음악대학 기악과 피아노 전공 학사(B.A.) 서울대학교 음악대학 대학원 석사(M.A.) 미국 샌프란시스코 컨서바토리 음악대학원(SFCM) 석사(M.M., 연주 및...",2026-10-06 08:30,http://www.seouleconews.com/news/articleView.html?idxno=94133,http://www.seouleconews.com/news/articleView.html?idxno=94133
고려대학교,매일신문,"김기대 부동산소비자보호기획단장 ""허위 매물, 공적장부 확인이 가장 중...",◆김기대 국토부 부동산소비자보호기획단장 경북 영천 출생 경산 무학고·고려대 경제학과 행정고시 42회 국토부 도시경제과장·대중교통과장·항공정책과장·도시정비기획과장·도로정책과장,2026-10-06 08:30,https://www.imaeil.com/page/view/2026100208382563862,https://n.news.naver.com/mnews/article/088/0001032432?sid=101
서울대학교,톱스타뉴스,"스트레이키즈 필릭스, 꽃 속에서 전한 여운…새 노래·선행까지 이어간...","그는 삼성서울병원과 서울대학교 어린이병원에 각각 1억 원씩을 전달해 소아·청소년 암 환자와 경제적으로 어려운 환아들의 치료비를 지원했고, 국제 단체 북스인터내셔널과 국내 유니세프 위원회에도 각각...",2026-10-06 08:30,https://www.topstarnews.net/news/articleView.html?idxno=16238942,https://www.topstarnews.net/news/articleView.html?idxno=16238942
연세대학교,블로터,"이앤인베, 'Co-GP' 없이 610억…민간 몫 혼자 채웠다","박 대표는 연세대 경영학과를 조기·우등 졸업하고 미국 공인회계사 자격을 땄다. 미래에셋자산운용과 NH아문디자산운용, 키움투자자산운용, 코레이트자산운용을 거치며 연기금과 조 단위 펀드를 굴렸다....",2026-10-06 08:30,https://www.bloter.net/news/articleView.html?idxno=674954,https://n.news.naver.com/mnews/article/293/0000091238?sid=101
고려대학교,MBN,한 곳 뚫리면 줄줄이?…산업계 보안 점검 나섰지만 추가 피해 우려,"▶ 인터뷰 : 임종인 / 고려대 정보보호대학원 명예교수 - ""누구도 안심할 수 없어요. 왜냐하면 AI는 우리의 모든 공격 방법과 방어 방법을 다 알고 있거든. 지금까지 하던 대로 하면 이건 필패예요."" AI 시대를 맞아 성능...",2026-10-06 08:29,http://www.mbn.co.kr/pages/news/newsView.php?news_seq_no=5223195,https://n.news.naver.com/mnews/article/057/0001972118?sid=101
서울대학교,신아일보,"시흥시, 2조922억원 규모 3차 추경 편성…성장 기반·민생에 초점","주요 기반시설 사업에는 장현1초 학교복합시설 건립 93억원을 비롯해 월곶 공유수면 매립 55억원, 배곧서울대학교병원 건립 지원 32억원, 매화역 건설 18억원, 양달천 하천개선 10억원 등이 반영됐다. 민생·복지...",2026-10-06 08:28,https://www.shinailbo.co.kr/news/articleView.html?idxno=5068811,https://www.shinailbo.co.kr/news/articleView.html?idxno=5068811
서울대학교,한국강사신문,"경상국립대학교 김건우 교수 참여 공동연구팀, '2026 가명정보 활용 경...","김건우 교수 [사진출처=경상국립대학교] 경상국립대학교(총장 권진회)는 환경산림과학부 김건우 교수가... 이번 연구팀은 국립산림과학원, 서울대학교, 한국임업진흥원 등이 함께 참여한 공동연구를 통해 실제 등산...",2026-10-06 08:26,https://www.lecturernews.com/news/articleView.html?idxno=211551,https://www.lecturernews.com/news/articleView.html?idxno=211551
서울대학교,이데일리,"“대통령이 잘못한 게 뭐 있나”…황석영, 여권 내홍에 쓴소리",백낙청 서울대 명예교수는 지난 8월 21일 ‘백낙청TV’에 올린 영상에서 8·17 더불어민주당 전당대회는 “대통령이 국정을 끌고 갈 힘을 무력화시키려는 대회”였다며 “이재명 대통령과 지지자들이 당내 반란을 진압한...,2026-10-06 08:25,https://www.edaily.co.kr/News/Read?newsId=02574806645610296&mediaCodeNo=257&utm_source=naver&utm_medium=referral&utm_campaign=news_syndication&utm_content=original_article,https://n.news.naver.com/mnews/article/018/0006381708?sid=100
고려대학교,e대한경제,"[부산ㆍ경남 대학 브리핑 모음(10월6일)] 국립창원대, 앵커사업 성과 경...",인제대학교(총장 전민현) 학생들이 고려대학교 학생들과 연합팀을 구성해 전국 규모의 반도체 기술경진대회에서 대상과 최우수상을 나란히 수상하는 성과를 거뒀다. 인제대는 차세대AI반도체특성화대학사업단 소속...,2026-10-06 08:22,https://www.dnews.co.kr/uhtml/view.jsp?idxno=202610031212364320382,https://www.dnews.co.kr/uhtml/view.jsp?idxno=202610031212364320382
연세대학교,톱스타뉴스,"카지우라 유키, 11월 서울 첫 내한…애니 명곡 스페셜 세트로 선보인다","카지우라 유키는 오는 11월 22일 서울 서대문구 연세대학교 대강당에서 국내 팬들을 직접 만나는 단독 공연을 준비했다. 이번 공연은 타이베이, 홍콩, 서울, 싱가포르를 잇는 아시아 투어 일정 가운데 하나다. 주최사...",2026-10-06 08:20,https://www.topstarnews.net/news/articleView.html?idxno=16238935,https://www.topstarnews.net/news/articleView.html?idxno=16238935
고려대학교,뉴스워커,"GIST, 'AI 융합 교육 결실'... 국내외 대학 교수 5명 대거 배출",정희원 박사는 고려대학교와 캐나다 워털루대학교를 거치며 환경시스템 고유의 물리적 역학 특성을... 특히 지난 2025년부터 기후에너지환경부 주관 'AI-순환경제 클러스터링 특성화대학원 육성사업'에 공식 선정돼...,2026-10-06 08:20,https://www.newsworker.co.kr/news/articleView.html?idxno=507164,https://www.newsworker.co.kr/news/articleView.html?idxno=507164
연세대학교,bnt뉴스,"‘귀멸의 칼날’ 카지우라 유키, 데뷔 33년 만에 첫 내한",6일 주최사 아뮤즈와 알앤디컴퍼니에 따르면 카지우라 유키는 오는 11월 22일 서울 연세대학교... 카지우라 유키의 첫 내한 공연은 오는 11월 22일 연세대학교 대강당에서 열리며 티켓 예매는 6일 오후 8시...,2026-10-06 08:16,https://www.bntnews.co.kr/article/view/bnt202610060088,https://www.bntnews.co.kr/article/view/bnt202610060088
고려대학교,전자신문,"GIST 환경·에너지공학과, 'AI+X' 융합인재 5인 국내·외 대학 교수 잇따...",이후 고려대학교와 캐나다 워털루대학교에서 AI에 환경시스템의 물리적 특성을 결합한 환경모델링 기술을... 특히 2025년부터 기후에너지환경부의 'AI-순환경제 클러스터링 특성화대학원 육성사업'(2025~2029년...,2026-10-06 08:11,https://www.etnews.com/20261006000006,https://n.news.naver.com/mnews/article/030/0003472378?sid=102
서울대학교,비욘드포스트,"시흥시, 2조922억 규모 3차 추경 편성…민생·대도시 인프라 집중","◇대도시 성장 기반 확충·민생안정에 재정 집중 주요 기반시설 사업에는 장현1초 학교복합시설 건립 93억원을 비롯해 월곶 공유수면 매립 55억원, 배곧서울대학교병원 건립 지원 32억원, 매화역 건설사업 18억원...",2026-10-06 08:10,http://www.beyondpost.co.kr/view.php?ud=2026100608022899494c878f8fa1_30,http://www.beyondpost.co.kr/view.php?ud=2026100608022899494c878f8fa1_30
서울대학교,연합뉴스,"경주 APEC서 확인한 문화 국제협력, 세계경주포럼으로 잇는다",피에르 루이지 사코 이탈리아 단눈치오 키에티 페스카라 대학교 교수가 '다극화된 글로벌 문화창조... 오후에는 '디지털·AI' 분과에서 이교구 서울대 교수 등이 참여해 AI 시대에서 창작자와 산업·제도의 공존 방안을...,2026-10-06 08:09,https://www.yna.co.kr/view/AKR20261006020500005?input=1195m,https://n.news.naver.com/mnews/article/001/0016358444?sid=103
연세대학교,공무원수험신문,제16회 변호사시험 원서접수 7일 시작…수기는 고려대서 응시,CBT 시험장은 전국 25개 법학전문대학원 소재 대학에 설치된다. 수도권은 건국대·경희대·고려대·서강대·서울대·서울시립대·성균관대·연세대·이화여대·중앙대·한국외대·한양대·아주대·인하대 등 14곳이다....,2026-10-06 08:06,https://www.gosiweek.com/article/1065564204794470,https://www.gosiweek.com/article/1065564204794470
서울대학교,공무원수험신문,제16회 변호사시험 원서접수 7일 시작…수기는 고려대서 응시,수도권은 건국대·경희대·고려대·서강대·서울대·서울시립대·성균관대·연세대·이화여대·중앙대·한국외대·한양대·아주대·인하대 등 14곳이다. 지방에서는 동아대·부산대·경북대·영남대·원광대·전남대·전북대...,2026-10-06 08:06,https://www.gosiweek.com/article/1065564204794470,https://www.gosiweek.com/article/1065564204794470
연세대학교,싱글리스트,"'귀멸의 칼날' 카지우라 유키, 33년 만에 첫 내한 공연",6일 주최사 아뮤즈와 알앤디컴퍼니에 따르면 카지우라 유키는 오는 11월 22일 서울 서대문구 연세대학교 대강당에서 'Yuki Kajiura LIVE vol.#22 ~precious pieces~ in Seoul SPECIAL SETLIST'을 개최한다. 이번 공연은...,2026-10-06 08:06,https://www.slist.kr/news/articleView.html?idxno=771217,https://www.slist.kr/news/articleView.html?idxno=771217
고려대학교,공무원수험신문,제16회 변호사시험 원서접수 7일 시작…수기는 고려대서 응시,CBT 시험장은 전국 25개 법학전문대학원 소재 대학에 설치된다. 수도권은 건국대·경희대·고려대·서강대·서울대·서울시립대·성균관대·연세대·이화여대·중앙대·한국외대·한양대·아주대·인하대 등 14곳이다....,2026-10-06 08:06,https://www.gosiweek.com/article/1065564204794470,https://www.gosiweek.com/article/1065564204794470
서울대학교,이투데이,"김현철 연세대 교수, 서울시 '건강총괄관' 위촉…“시민 삶의 질 높일 것...","이투데이=정용욱 기자 | 서울시는 6일 서울건강총괄관에 김현철 연세대 의과대학 교수를 위촉했다고 밝혔다.... 연세대 경제학 석사와 서울대 보건학 석사를 거쳐 미국 컬럼비아대에서 경제학 박사 학위를 받았고, 미국...",2026-10-06 08:02,https://www.etoday.co.kr/news/view/2632505,https://www.etoday.co.kr/news/view/2632505
고려대학교,더구루,"[대한민국 건설 리더십 해부] (3) GS건설, 젊은 리더십에 '30년 베테랑' ...","임원 출신 대학을 보면 중앙대가 5명으로 가장 많았다. 연세대·고려대가 각각 4명, 건국대·서울대·인하대가 각각 3명이었다. 성균관대·한양대·숭실대·한국외대가 각각 2명이었다. 전공별로는 건축·건축공학이 10명...",2026-10-06 08:02,https://www.theguru.co.kr/news/article.html?no=107374,https://www.theguru.co.kr/news/article.html?no=107374
고려대학교,딜사이트,[금융지주 임원 인사 전망] [KB금융] 은행장 이재근이 발탁한 '부행장 3...,1970년생으로 경북영주고와 중앙대 행정학과를 졸업한 뒤 고려대대학원에서 경영학 석사 학위를 받았다. 지주에서 시너지추진부장과 전략기획부장을 거쳐 2021년 국민은행으로 이동해 투자금융본부장을 역임했다. 2023년...,2026-10-06 08:02,https://dealsite.co.kr/articles/170008,https://dealsite.co.kr/articles/170008
서울대학교,더구루,"[대한민국 건설 리더십 해부] (3) GS건설, 젊은 리더십에 '30년 베테랑' ...","연세대·고려대가 각각 4명, 건국대·서울대·인하대가 각각 3명이었다. 성균관대·한양대·숭실대·한국외대가 각각 2명이었다. 전공별로는 건축·건축공학이 10명, 토목 계열이 8명이었다. 건축 및 토목 계열이 절반을...",2026-10-06 08:02,https://www.theguru.co.kr/news/article.html?no=107374,https://www.theguru.co.kr/news/article.html?no=107374
연세대학교,더구루,"[대한민국 건설 리더십 해부] (3) GS건설, 젊은 리더십에 '30년 베테랑' ...","임원 출신 대학을 보면 중앙대가 5명으로 가장 많았다. 연세대·고려대가 각각 4명, 건국대·서울대·인하대가 각각 3명이었다. 성균관대·한양대·숭실대·한국외대가 각각 2명이었다. 전공별로는 건축·건축공학이 10명...",2026-10-06 08:02,https://www.theguru.co.kr/news/article.html?no=107374,https://www.theguru.co.kr/news/article.html?no=107374
연세대학교,이투데이,"김현철 연세대 교수, 서울시 '건강총괄관' 위촉…“시민 삶의 질 높일 것...","이투데이=정용욱 기자 | 서울시는 6일 서울건강총괄관에 김현철 연세대 의과대학 교수를 위촉했다고 밝혔다. 이날 시는 김 교수 선임 배경에 대해 ""의학과 경제학을 아우르는 전문성과 국내외 정책 자문 경험을 바탕으로...",2026-10-06 08:02,https://www.etoday.co.kr/news/view/2632505,https://www.etoday.co.kr/news/view/2632505
서울대학교,문화일보,“반도체 상승장 2028년까지 간다…삼전·닉스 HBM 경쟁 치열” 반도체...,"1969년생인 노 대표는 서울대 경영학과를 졸업한 뒤 1995년 한화증권에서 애널리스트로 경력을 시작했다. 이후 신영증권과 LG투자증권, 한국투자증권을 거쳐 2009년 현대차증권에 합류했다. 반도체와 디스플레이 등...",2026-10-06 08:02,https://www.munhwa.com/article/11621511?ref=naver,https://n.news.naver.com/mnews/article/021/0002823175?sid=101
서울대학교,스포츠동아,"심소정, 하피스트 넘어 싱어송라이터로…“하프는 하나의 재료” [DA인터...","Q: 예원학교, 서울예고, 서울대, 이스트만 음대까지 정통 클래식 코스를 걸었다. 당시에도 지금처럼 직접 곡을 만들고 노래하는 자신을 상상했나? 제 안에 잠재적으로 그런 성향이 있었던 것 같다. 선생님들께 늘 ‘너...",2026-10-06 08:01,https://sports.donga.com/ent/article/all/20261006/134784757/2,https://m.entertain.naver.com/article/382/0001297309
연세대학교,이데일리,의사이자 경제학자 김현철…서울시 건강정책 밑그림 그린다,김현철 연세대 의과대학 교수가 위촉됐다. 의사이자 경제학자인 김 교수는 시정 전반이 시민 건강에 미치는... 현재 연세대 인구와인재연구원장과 연세의료원 AI의료사업단 정책기획단장을 맡고 있다. 서울시 인구·저출생...,2026-10-06 08:01,https://www.edaily.co.kr/News/Read?newsId=02519046645610296&mediaCodeNo=257&utm_source=naver&utm_medium=referral&utm_campaign=news_syndication&utm_content=original_article,https://n.news.naver.com/mnews/article/018/0006381693?sid=102
서울대학교,이데일리,의사이자 경제학자 김현철…서울시 건강정책 밑그림 그린다,"서울시의 정책을 시민 건강 관점에서 보고 정책 아이디어를 제안하는 서울건강총괄관에 김현철 연세대... 김 교수는 연세대 의과대학을 졸업하고, 같은 대학 경제학 석사와 서울대 보건학 석사, 미국 컬럼비아대 경제학...",2026-10-06 08:01,https://www.edaily.co.kr/News/Read?newsId=02519046645610296&mediaCodeNo=257&utm_source=naver&utm_medium=referral&utm_campaign=news_syndication&utm_content=original_article,https://n.news.naver.com/mnews/article/018/0006381693?sid=102
고려대학교,연합뉴스,[학술용병 후속] ② 교육부 조사 한계…명문대 '지표 부풀리기' 겉핥기...,해당 대학의 학술 성과가 맞느냐는 뜻이다. 교육부는 이런 '학술용병' 의심 연구자들 논문·피인용 수 등에 대해서는 실태조사를 하면서 손을 대지 않았다. 이를테면 고려대가 2023년 하반기부터 동시다발로 영입한...,2026-10-06 08:00,https://www.yna.co.kr/view/AKR20261003049900004?input=1195m,https://n.news.naver.com/mnews/article/001/0016358429?sid=102
서울대학교,아시아경제,APEC 성과 잇는 ‘세계경주포럼’ 8일 개막…문화로 공동번영 모색,"유럽연합(EU) 문화정책 설계자인 이탈리아 단눈치오 키에티 페스카라대학교 피에르 루이지 사코 교수는... 오후 '디지털·인공지능(AI)' 분과에서는 이교구 서울대 교수 등이 참여해 AI 시대에 창작자와 산업, 제도가 공존할...",2026-10-06 08:00,https://view.asiae.co.kr/article/2026100607225963918,https://n.news.naver.com/mnews/article/277/0005824737?sid=103
서울대학교,이뉴스투데이,"시흥시, 1,467억원 증액된 2조922억원 추경 편성",주요 사업을 보면 대도시 기반시설 확충을 위해 ▲장현1초 학교복합시설 건립 93억 원 ▲월곶 공유수면 매립 55억 원 ▲배곧서울대학교병원 건립 지원 32억 원 ▲매화역 건설사업 18억 원 ▲양달천 하천개선사업...,2026-10-06 08:00,http://www.enewstoday.co.kr/news/articleView.html?idxno=2477062,http://www.enewstoday.co.kr/news/articleView.html?idxno=2477062
서울대학교,연합뉴스,[학술용병 후속] ① 교육부 실태조사 결과는…대학에 사실상 '면죄부',조사 대상은 서울대·연세대·고려대·포항공대·성균관대·한양대·경희대·세종대·중앙대·이화여대·부산대·서강대·경북대다. 본래 외국 기관 소속이지만 2023년부터 지난해까지 이들 학교에도 적을 둔 연구자들...,2026-10-06 08:00,https://www.yna.co.kr/view/AKR20261003040000004?input=1195m,https://n.news.naver.com/mnews/article/001/0016358428?sid=102
서울대학교,머니투데이,서울시 건강총괄관에 김현철 연세대 교수…건강·교육·일자리 통합 자...,"서울시가 시정 전반을 시민 건강의 관점에서 살피는 '서울건강총괄관'에 김현철 연세대학교 의과대학 교수... 연세대 경제학 석사, 서울대 보건학 석사를 거쳐 미국 컬럼비아대에서 경제학 박사 학위를 받았다. 코넬대...",2026-10-06 08:00,https://www.mt.co.kr/policy/2026/10/06/2026100516430069988,https://n.news.naver.com/mnews/article/008/0005422271?sid=102
서울대학교,뉴스1,서울시 '건강 컨트롤타워'에 김현철 교수…정책 전반 건강 영향 살핀다,서울시가 시정 주요 정책이 시민의 신체·정신·사회적 건강에 미치는 영향을 종합적으로 살피는... 연세대 경제학 석사와 서울대 보건학 석사를 거쳐 미국 컬럼비아대에서 경제학 박사 학위를 받았다. 미국 코넬대 교수와...,2026-10-06 08:00,https://www.news1.kr/local/moi/6310429,https://n.news.naver.com/mnews/article/421/0009210520?sid=102
서울대학교,뉴시스,"서울시, 김현철 연세대 의대 교수 '서울건강총괄관' 위촉",서울시는 서울건강총괄관에 김현철 연세대 의과대학 교수를 위촉했다고 6일 밝혔다. 서울건강총괄관은 시정... 연세대 경제학 석사와 서울대 보건학 석사를 거쳐 2013년 미국 컬럼비아대에서 경제학 박사 학위를 받았다....,2026-10-06 08:00,https://www.newsis.com/view/NISX20261004_0003814054,https://n.news.naver.com/mnews/article/003/0014234266?sid=102
연세대학교,뉴스1,서울시 '건강 컨트롤타워'에 김현철 교수…정책 전반 건강 영향 살핀다,"김현철 연세대 의과대학 교수를 위촉했다. 서울시는 제2대 서울건강총괄관으로 김 교수를 위촉하고 시정... 현재 연세대 인구와인재연구원장과 연세대 의대 예방의학교실 교수, 연세의료원 AI의료사업단 정책기획단장을...",2026-10-06 08:00,https://www.news1.kr/local/moi/6310429,https://n.news.naver.com/mnews/article/421/0009210520?sid=102
연세대학교,뉴시스,"서울시, 김현철 연세대 의대 교수 '서울건강총괄관' 위촉",서울시는 서울건강총괄관에 김현철 연세대 의과대학 교수를 위촉했다고 6일 밝혔다. 서울건강총괄관은 시정... 현재 연세대 인구와인재연구원장과 연세의료원 인공지능(AI)의료사업단 정책기획단장을 맡고 있다....,2026-10-06 08:00,https://www.newsis.com/view/NISX20261004_0003814054,https://n.news.naver.com/mnews/article/003/0014234266?sid=102
고려대학교,연합뉴스,[학술용병 후속] ① 교육부 실태조사 결과는…대학에 사실상 '면죄부',6일 연합뉴스 취재에 따르면 교육부는 영국의 대학평가기관 QS(Quacquarelli Symonds) 세계대학평가 상위 13곳을 상대로 외국 연구자 활용 현황을 조사해 최근 결과 보고서를 냈다. 조사 대상은 서울대·연세대·고려대...,2026-10-06 08:00,https://www.yna.co.kr/view/AKR20261003040000004?input=1195m,https://n.news.naver.com/mnews/article/001/0016358428?sid=102
연세대학교,머니투데이,서울시 건강총괄관에 김현철 연세대 교수…건강·교육·일자리 통합 자...,"코넬대 교수와 홍콩과학기술대 종신교수를 지냈으며 현재 연세대 인구와인재연구원장과 의과대학 교수, 연세의료원 AI의료사업단 정책기획단장을 맡고 있다. 현재 서울시 명예시장으로 인구·저출생 분야에서 활동하고...",2026-10-06 08:00,https://www.mt.co.kr/policy/2026/10/06/2026100516430069988,https://n.news.naver.com/mnews/article/008/0005422271?sid=102
연세대학교,연합뉴스,[학술용병 후속] ① 교육부 실태조사 결과는…대학에 사실상 '면죄부',6일 연합뉴스 취재에 따르면 교육부는 영국의 대학평가기관 QS(Quacquarelli Symonds) 세계대학평가 상위 13곳을 상대로 외국 연구자 활용 현황을 조사해 최근 결과 보고서를 냈다. 조사 대상은 서울대·연세대·고려대...,2026-10-06 08:00,https://www.yna.co.kr/view/AKR20261003040000004?input=1195m,https://n.news.naver.com/mnews/article/001/0016358428?sid=102
연세대학교,연합뉴스,[학술용병 후속] ② 교육부 조사 한계…명문대 '지표 부풀리기' 겉핥기...,주요 대학의 '지표 부풀리기' 정황을 검증하는 작업이 빠진 것으로 파악됐다. 외부 연구자 채용 형태와 같은... 연세대의 경우 2017년부터 국내 교원과 공저가 아니더라도 소속처를 자교로 표기하면 논문 인센티브를...,2026-10-06 08:00,https://www.yna.co.kr/view/AKR20261003049900004?input=1195m,https://n.news.naver.com/mnews/article/001/0016358429?sid=102
고려대학교,공감신문,"[신간 서평] AI가 공장에 들어온 날, 더 중요해진 것은 사람의 '생각'이...",'현장형 컨설턴트' 모습 책 곳곳서 되살아나 오춘백은 고려대학교에서 금속공학을 공부하고 영국 워릭대학교에서 산업경영을 공부했다. 삼성과 LG 등 기업 현장에서 경영혁신과 품질혁신을 경험한 뒤 여러 산업의 기업과...,2026-10-06 07:58,https://www.gokorea.kr/news/articleView.html?idxno=880488,https://www.gokorea.kr/news/articleView.html?idxno=880488
서울대학교,브레이크뉴스,전남광주특별시 출범 100일 기념 시민음악회 ‘인투 더 뉴 월드’ 개최,"서울대학교 전기공학부와 작곡과(지휘 전공)라는 이색적인 이력을 거쳐 미국 커티스음악원과 템플대학교에서 정통 클래식 수련을 쌓은 백윤학은, 섬세한 리더십과...",2026-10-06 07:56,http://www.breaknews.com/1241023,http://www.breaknews.com/1241023
서울대학교,SBS,SNS 많이 할수록 더 외롭다?…연구 결과 보니,서울대 연구팀이 서울 사는 성인 3만 4천여 명을 대상으로 SNS 이용 방식과 외로움의 관계를 분석했습니다. 적극적으로 SNS를 이용하는 사람 가운데 30%는 외로움을 느낀다고 답해서 적극적이지 않은 이용자보다 비율이...,2026-10-06 07:49,https://news.sbs.co.kr/news/endPage.do?news_id=N1008783841&plink=ORI&cooper=NAVER,https://n.news.naver.com/mnews/article/055/0001393330?sid=102
연세대학교,MBN,4년제 대학 졸업생 절반이 'A학점'…학점 인플레 심화,학점 인플레이션 현상은 주요 상위권 대학에서 더 가파르게 나타났습니다. 서울대·연세대·고려대·서강대·성균관대·한양대·중앙대·경희대·서울시립대·한국외대 등 10개 대학 졸업자를 합산하면 백분율 점수...,2026-10-06 07:45,http://mbn.mk.co.kr/pages/news/newsView.php?category=mbn00009&news_seq_no=5223185,https://n.news.naver.com/mnews/article/057/0001972095?sid=102
서울대학교,MBN,4년제 대학 졸업생 절반이 'A학점'…학점 인플레 심화,서울대·연세대·고려대·서강대·성균관대·한양대·중앙대·경희대·서울시립대·한국외대 등 10개 대학 졸업자를 합산하면 백분율 점수 평균은 2021년 90.13점에서 2025년 92.11점으로 올랐습니다. 90점 이상 비율은 59....,2026-10-06 07:45,http://mbn.mk.co.kr/pages/news/newsView.php?category=mbn00009&news_seq_no=5223185,https://n.news.naver.com/mnews/article/057/0001972095?sid=102
고려대학교,MBN,4년제 대학 졸업생 절반이 'A학점'…학점 인플레 심화,학점 인플레이션 현상은 주요 상위권 대학에서 더 가파르게 나타났습니다. 서울대·연세대·고려대·서강대·성균관대·한양대·중앙대·경희대·서울시립대·한국외대 등 10개 대학 졸업자를 합산하면 백분율 점수...,2026-10-06 07:45,http://mbn.mk.co.kr/pages/news/newsView.php?category=mbn00009&news_seq_no=5223185,https://n.news.naver.com/mnews/article/057/0001972095?sid=102
고려대학교,KBS,“국가폭력 사라져야”…작가로 돌아온 전 구청장,[리포트] 1970~80년대 군사정권 시절 대학생들을 군에 입대시킨 뒤 사상 전향을 강요한 이른바 강제징집과... 소설에는 고려대 재학 중 강제징집을 당한 뒤 수감생활까지 했던 저자의 삶도 투영돼 있습니다. [김창현/전 울산...,2026-10-06 07:44,https://news.kbs.co.kr/news/pc/view/view.do?ncd=8678225&ref=A,https://n.news.naver.com/mnews/article/056/0012268314?sid=103
고려대학교,이투데이,AI 新계급사회⋯이젠 생존 격차까지 가른다 [기고],이투데이=김연진 기자 | 최병호 고려대 휴먼인스파이어드 AI연구원 연구교수 AI發 노동가치 증발 등... 그러나 이것은 부모의 재력과 대학의 예산이 뒷받침될 때만이 가능하다. 자본의 양극화는 취업의 불평등으로...,2026-10-06 07:42,https://www.etoday.co.kr/news/view/2629828,https://www.etoday.co.kr/news/view/2629828
고려대학교,슬로우뉴스,"“무책임한 극단주의자들 선동이 유행처럼 번지고 있다”, 대통령이 밤...",이상근(고려대 교수)은 “이번 사건은 기존 공격 기법의 ‘자동화’에 가깝다”며 “이제는 누구나 도구를... 박길성(고려대 교수)은 “서로 정면으로 마주 앉은 구조가 여야 대립을 키우고 행정부 견제라는 목적을...,2026-10-06 07:36,https://slownews.kr/167401,https://slownews.kr/167401
연세대학교,매일신문,4년제 대학 졸업생 절반이 A학점…5년 새 최상위권 1.8배 늘어,학점 인플레이션 현상은 주요 상위권 대학에서 더 가파르게 나타났다. 서울대·연세대·고려대·서강대·성균관대·한양대·중앙대·경희대·서울시립대·한국외대 등 10개 대학 졸업자를 합산하면 백분율 점수...,2026-10-06 07:20,https://www.imaeil.com/page/view/2026100607170335204,https://n.news.naver.com/mnews/article/088/0001032419?sid=102
서울대학교,매일신문,4년제 대학 졸업생 절반이 A학점…5년 새 최상위권 1.8배 늘어,서울대·연세대·고려대·서강대·성균관대·한양대·중앙대·경희대·서울시립대·한국외대 등 10개 대학 졸업자를 합산하면 백분율 점수 평균은 2021년 90.13점에서 2025년 92.11점으로 올랐다. 90점 이상 비율은 59.5...,2026-10-06 07:20,https://www.imaeil.com/page/view/2026100607170335204,https://n.news.naver.com/mnews/article/088/0001032419?sid=102
고려대학교,매일신문,4년제 대학 졸업생 절반이 A학점…5년 새 최상위권 1.8배 늘어,학점 인플레이션 현상은 주요 상위권 대학에서 더 가파르게 나타났다. 서울대·연세대·고려대·서강대·성균관대·한양대·중앙대·경희대·서울시립대·한국외대 등 10개 대학 졸업자를 합산하면 백분율 점수...,2026-10-06 07:20,https://www.imaeil.com/page/view/2026100607170335204,https://n.news.naver.com/mnews/article/088/0001032419?sid=102
고려대학교,뉴스에프씨,"일진글로벌 이동섭회장, 계열사서 무려 3250억 돌연 차입 왜?","이 창업주는 고려대 상대 졸업 후 한국전력에서 근무하다 35세에 사업에 뛰어들어 자수성가한 인물이다. 1978년 일진단조(현 일진베어링)을 설립하며 자동차부품업에 본격적으로 뛰어 들었다. 테이너부품, 섀시부품사업...",2026-10-06 07:10,http://www.newsfc.co.kr/news/articleView.html?idxno=81541,http://www.newsfc.co.kr/news/articleView.html?idxno=81541
연세대학교,문화일보,신임 KTC 원장에 양병내 전 무역위 상임위원,"연세대 경제학과를 졸업한 양 원장은 행정고시 39회로 공직에 입문했다. 미국 미주대 대학원에서 경제학 박사 학위를 취득하기도 했으며 청와대 대통령비서실 행정관, 산업통상자원부(현 산업통상부) 수소경제정책관...",2026-10-06 07:04,https://www.munhwa.com/article/11621218?ref=naver,https://n.news.naver.com/mnews/article/021/0002823147?sid=101
서울대학교,더벨,"[더벨][에코프로 사장단 인사] 최상운·김장우 지주사 공동 대표, BM으로...",송 대표는 서울대 경제학과를 졸업한 뒤 PwC컨설팅 F&PM 매니저와 액센츄어 파트너 등을 거친 컨설팅·전략 전문가다. 이후 삼성SDI에서 기획팀장(부사장)을 지냈다. 삼성SDI에서 배터리 사업 전략을 다룬 뒤 에코프로로...,2026-10-06 07:02,https://www.thebell.co.kr/free/content/ArticleView.asp?key=202610011555563720106361,https://www.thebell.co.kr/free/content/ArticleView.asp?key=202610011555563720106361
고려대학교,더벨,"[더벨][에코프로 사장단 인사] 최상운·김장우 지주사 공동 대표, BM으로...",최 사장은 헬싱키 경제경영대학원을 거쳐 국민은행에서 근무한 뒤 에코프로에 합류했다. 2016년부터... 고려대 경제학과를 졸업한 김 대표는 고려대에서 경영학 석사(EMBA)를 취득했다. SK이노베이션에서 재무실장을 지낸...,2026-10-06 07:02,https://www.thebell.co.kr/free/content/ArticleView.asp?key=202610011555563720106361,https://www.thebell.co.kr/free/content/ArticleView.asp?key=202610011555563720106361
고려대학교,세계일보,"은행, 정보유출 2만5000명 vs 0명… 결정적 차이는 이것 外 [한강로 경제...",김승주 고려대 정보보호대학원 교수는 “이번에 AI 도구가 사용됐으나 기상천외한 해킹은 아니었다”며 “그럼에도 뚫린 이유는 보안 대비에 게을렀던 전적들이 쌓여 만들어진 ‘보안 부채’ 때문”이라고 꼬집었다. 김...,2026-10-06 07:02,https://www.segye.com/newsView/20261005511752?OutUrl=naver,https://n.news.naver.com/mnews/article/022/0004164312?sid=101
서울대학교,한겨레,어머니는 집 창고에 총과 칼을 숨겨놓았을까 [금자⑭],"신원조회 때문이죠.” “그래서요?” “제가 서울 사촌 형 집에 묵으며 세 번 시험을 쳐서 서울대 공대를 갔어요. 그리고 7년 동안 죽기 아니면 까무러치기로 하버드 가려고 공부했는데, 발버둥 쳐도 해외 출국을 위한...",2026-10-06 07:02,https://www.hani.co.kr/arti/society/society_general/1281037.html,https://n.news.naver.com/mnews/article/028/0002826143?sid=102
고려대학교,뉴스1,제2차 세계대전 이후 영국의 아시아 외교사…기대와 능력의 간극,원태준은 고려대학교 역사연구소와 포항공과대학교 인문사회학부를 거쳐 울산과학기술원 인문학부에서 역사교육을 맡고 있다. 이 책은 냉전기 영국의 선택을 통해 제한된 자원 속에서 외교적 역할을 어떻게 설정할지...,2026-10-06 07:01,https://www.news1.kr/life-culture/book/6309692,https://n.news.naver.com/mnews/article/421/0009210490?sid=103
서울대학교,매일경제,"부동산 세제 개편의 효과 [이창희의 국가, 기업, 조세]","집에 관한 한 우리나라에서는, 적어도 서울에서는, 있던 집을 허물어야 집터가 생깁니다. 새 집 값이... 이창희 교수는 서울대 법학전문대학원 명예교수로 대학을 떠나고서는 법무법인 세종의 기업전략과 조세센터를...",2026-10-06 07:01,https://www.mk.co.kr/article/12168638,https://n.news.naver.com/mnews/article/009/0005744215?sid=102
연세대학교,서울경제,KTC 신임 원장에 양병내 전 무역위원회 상임위원,"양 원장은 연세대 경제학과를 졸업하고 미국 미주리대 대학원에서 경제학 박사 학위를 받았으며 행정고시 39회로 공직에 입문했다. 이후 청와대 대통령비서실 행정관, 산업통상자원부 수소경제정책관 및 통상차관보...",2026-10-06 07:01,https://www.sedaily.com/article/20097643?ref=naver,https://n.news.naver.com/mnews/article/011/0004668370?sid=101
서울대학교,비즈니스포스트,[Who Is ?] 신동우 SCK컴퍼니 대표이사,"서울 영동고등학교와 연세대학교 경영학과를 졸업했다. 미국 미시간 대학교 앤아버(Michigan-Ann Arbor)... "" (2026/08/06, 서울대치과병원에 취약계층 장애인의 구강 건강 증진을 위한 치과 치료비 지원금 1억 원을 전달하며)...",2026-10-06 07:00,https://www.businesspost.co.kr/BP?command=article_view&num=448010,https://www.businesspost.co.kr/BP?command=article_view&num=448010
서울대학교,뉴시스,AI가 공기처럼 스며든 사회…'트렌드 코리아 2027' 김난도 교수가 제시한...,"김난도 서울대학교 소비자학과 교수는 1일 '트렌드 코리아 2027' 출간을 맞아 진행된 발표에서 오는 2027년을 관통할 10대 소비 트렌드 키워드를 제시했다. 김 교수는 ""불과 2년 만에 인공지능이 공기 같은 존재가 됐다""며...",2026-10-06 07:00,https://www.newsis.com/view/NISX20261002_0003812135,https://n.news.naver.com/mnews/article/003/0014234242?sid=102
서울대학교,비즈니스포스트,[Who Is ?] 김태환 카카오게임즈 대표이사,연세대학교 정치외교학과를 졸업했다. 넥슨코리아에 입사한 뒤 성과관리팀장으로 일했다. 전략기획실장... 조동현 COO는 1982년생으로 서울대학교 전기정보공학부를 졸업한 이후 넥슨에서 10년 가까이 근무하며...,2026-10-06 07:00,https://www.businesspost.co.kr/BP?command=article_view&num=446889,https://www.businesspost.co.kr/BP?command=article_view&num=446889
서울대학교,머니투데이,"대학생은 뭘 사길래…""매출 확 갈린다"" 편의점들 캠퍼스 쟁탈전",주요 대학별 입점 현황을 살펴보면 서울대의 경우 세븐일레븐이 8개로 가장 많은 점포를 보유하고 있다.... 실제로 서울 소재 한 대학교에 입점한 GS25 점포에서는 학기 중 하루 평균 200개의 도시락이 판매되는 것으로...,2026-10-06 07:00,https://www.mt.co.kr/living/2026/10/06/2026100521124630318,https://n.news.naver.com/mnews/article/008/0005422264?sid=101
고려대학교,경향신문,"사주·정신과·보톡스, 이토록 불안한 쇼핑···왜 지금이 ‘춘추정병...","내비게이션으로 좌표 찍듯 대학원 과제, 자기계발, 아르바이트 등을 쳐내며 산다. 방향이 없더라도 일단... 강윤희·서지수·서혜원·이예은·임채민·전수현·정수연·조수민씨 및 고려대 크림슨 저널리즘랩과 협업했습니다.",2026-10-06 07:00,https://www.khan.co.kr/article/202610060700001,https://n.news.naver.com/mnews/article/032/0003474408?sid=102
고려대학교,이코노텔링,영화로 쓰는 세계 경제위기사(17)과잉생산 위기…'왓 위민 원트'(26)페트...,"------------------------------------------------------ 이재광 이코노텔링 대기자 ❙ 전 한양대 공공정책대학원 특임교수 ❙ 사회학(고려대)ㆍ행정학(경희대)박사 ❙ 경기연구원 선임연구위원, 뉴욕주립대 초빙연구위원...",2026-10-06 07:00,http://www.econotelling.com/news/articleView.html?idxno=21379,http://www.econotelling.com/news/articleView.html?idxno=21379
연세대학교,비즈니스포스트,[Who Is ?] 김영우 BC카드 대표이사 사장,연세대학교 화학공학과를 졸업했다. 미국 콜로라도광산대학교에서 화학공학 석사학위를 받았고 미국 펜실베이니아대학교 경영대학원에서...,2026-10-06 07:00,https://www.businesspost.co.kr/BP?command=article_view&num=447882,https://www.businesspost.co.kr/BP?command=article_view&num=447882
고려대학교,머니투데이,"대학생은 뭘 사길래…""매출 확 갈린다"" 편의점들 캠퍼스 쟁탈전",대학별 입점 현황을 살펴보면 서울대의 경우 세븐일레븐이 8개로 가장 많은 점포를 보유하고 있다. 고려대... 밥값은 아끼고 유행템엔 지갑 열고…대학 편의점에 드러난 Z세대 소비 대학교 내 편의점이 Z세대의 소비...,2026-10-06 07:00,https://www.mt.co.kr/living/2026/10/06/2026100521124630318,https://n.news.naver.com/mnews/article/008/0005422264?sid=101
고려대학교,이코노텔링,[김성희의 역사갈피] 문인 이규보의 '이중 플레이',고려 시대 이규보의 글은 당대의 여타 문인들이 중국 것을 흉내내기 바빴던 것과 달리 고려 고유의 문장을... 2008년엔 고려대학교 언론학부 초빙교수로 강단에 선 이후 2014년까지 7년 간 숙명여자대학교 미디어학부...,2026-10-06 07:00,http://www.econotelling.com/news/articleView.html?idxno=21402,http://www.econotelling.com/news/articleView.html?idxno=21402
연세대학교,비즈니스포스트,[Who Is ?] 신동우 SCK컴퍼니 대표이사,1975년생인 신동우는 서울 영동고등학교와 연세대학교 경영학과를 졸업하고 미국 미시간대학교 앤아버 경영대학원에서 MBA과정을 마쳤다. 2012년 신세계그룹 전략실 전략기회팀 부장으로 입사해 이마트 전략본부...,2026-10-06 07:00,https://www.businesspost.co.kr/BP?command=article_view&num=448010,https://www.businesspost.co.kr/BP?command=article_view&num=448010
연세대학교,비즈니스포스트,[Who Is ?] 안미정 부광약품 회장 겸 이사회 의장,1980년 중앙대학교 사범대학부속고등학교를 졸업했다. 1984년 연세대학교 생화학과를 졸업했다. 1988년 미국 일리노이주립대학교 대학원에서 미생물학 석사학위를 받았다. 1995년 미국 러시대학(Rush University)에서...,2026-10-06 07:00,https://www.businesspost.co.kr/BP?command=article_view&num=448622,https://www.businesspost.co.kr/BP?command=article_view&num=448622
연세대학교,파이낸셜뉴스,"양병내 KTC 신임 원장 취임 ""글로벌 시험인증 기관 도약""","행정고시 39회로 공직에 입문한 양 원장은 연세대 경제학과를 졸업하고 미국 미주리대 대학원에서 경제학 박사 학위를 받았다. 대통령비서실 행정관과 산업부 수소경제정책관, 통상차관보, 무역위원회 상임위원 등을...",2026-10-06 07:00,https://www.fnnews.com/news/202610021502270185,https://n.news.naver.com/mnews/article/014/0005585196?sid=101
연세대학교,비즈니스포스트,[Who Is ?] 김태환 카카오게임즈 대표이사,"연세대학교 정치외교학과를 졸업했다. 넥슨코리아에 입사한 뒤 성과관리팀장으로 일했다. 전략기획실장... 김태환을 비롯 이시우 공동대표가 사내이사로 있고 노정연 법률사무소 변호사, 오명전 숙명여자대학교...",2026-10-06 07:00,https://www.businesspost.co.kr/BP?command=article_view&num=446889,https://www.businesspost.co.kr/BP?command=article_view&num=446889
연세대학교,머니투데이,"대학생은 뭘 사길래…""매출 확 갈린다"" 편의점들 캠퍼스 쟁탈전",고려대 안암캠퍼스는 이마트24가 5개 점포로 가장 많고 연세대 신촌캠퍼스는 CU가 10개 점포를 운영하고... 밥값은 아끼고 유행템엔 지갑 열고…대학 편의점에 드러난 Z세대 소비 대학교 내 편의점이 Z세대의 소비 성향을...,2026-10-06 07:00,https://www.mt.co.kr/living/2026/10/06/2026100521124630318,https://n.news.naver.com/mnews/article/008/0005422264?sid=101
서울대학교,조세일보,"""지방 환자들의 '서울 원정진료', 사회적 비용 연간 1조7천억""","비수도권 국립대병원 사정이 서울 소재의 '빅5 대학병원'(서울아산·세브란스·서울성모·삼성서울·서울대)과 비교했을 때 열악하다는 진단도 나온다. 기관당 평균 병상수의 경우, 빅5 병원은 2109.4개였으나 비수도권...",2026-10-06 06:51,http://www.joseilbo.com/news/news_read.php?uid=576853&class=32&grp=,https://n.news.naver.com/mnews/article/123/0002391323?sid=100
고려대학교,에너지경제,"고려대 안암병원, 권역응급의료센터 ‘소아응급실’ 개소","고려대학교 안암병원(병원장 한승범)이 '고려대학교 안암병원 권역응급의료센터 소아응급실'을 열었다. 기존 소아응급진료실의 인프라를 기반으로 전담 의료인력과 병상, 진료체계를 체계적으로 보강해 소아응급진료의...",2026-10-06 06:48,https://www.ekn.kr/web/view.php?key=20261006024552441,https://www.ekn.kr/web/view.php?key=20261006024552441
연세대학교,매일노동뉴스,[단독-중대재해 리포트 ①] 2천641명 숨졌는데 경영책임자 대다수 풀려...,"권오성 연세대 법학전문대학원 교수는 ""중대재해처벌법 시행 뒤 양형은 종래 산업안전보건범죄의 관대한 양형관행에서 크게 벗어나지 못했는데, 양형기준안은 평균 선고형과 관행을 다시 출발점으로 삼았다""며...",2026-10-06 06:34,https://www.labortoday.co.kr/news/articleView.html?idxno=237059,https://www.labortoday.co.kr/news/articleView.html?idxno=237059
서울대학교,뉴스투데이,"[N2 포커스] 쇼핑몰 넘어 브라우저까지…네이버, 'AX 영토' 넓힌다",■ 판매자 성장단계 따라 달라진 지원…스마트스토어도 AX 전환 디커머스리포트2026 [사진 = 네이버] 서울대학교와 연세대학교 연구진이 공동으로 진행한 연구를 보면 판매자에게 필요한 지원은 사업 규모에 따라...,2026-10-06 06:22,https://www.news2day.co.kr/article/20261001500301,https://www.news2day.co.kr/article/20261001500301
연세대학교,뉴스투데이,"[N2 포커스] 쇼핑몰 넘어 브라우저까지…네이버, 'AX 영토' 넓힌다",■ 판매자 성장단계 따라 달라진 지원…스마트스토어도 AX 전환 디커머스리포트2026 [사진 = 네이버] 서울대학교와 연세대학교 연구진이 공동으로 진행한 연구를 보면 판매자에게 필요한 지원은 사업 규모에 따라...,2026-10-06 06:22,https://www.news2day.co.kr/article/20261001500301,https://www.news2day.co.kr/article/20261001500301
고려대학교,히트뉴스,"""전이성 유방암, HR·HER2 이분법 깨고 정밀의료 패러다임 전환""",는 고려대학교 안암병원 종양내과 김주원 교수를 만나 전이성 유방암의 치료 환경 변화와 1~2차... 개원가에 항암 치료 중인 환자가 내원했을 때 메인 치료에 지장이 가지 않도록 대학병원과 긴밀한 협력을...,2026-10-06 06:12,https://www.hitnews.co.kr/news/articleView.html?idxno=79629,https://www.hitnews.co.kr/news/articleView.html?idxno=79629
서울대학교,조선비즈,‘매일→주 1회→월 1회’ 비만약 시장서 퇴장한 ‘삭센다’...다음 승부...,GLP-1 연구 권위자인 최형진 서울대 의대 교수는 “장기지속형 주사제부터 경구제까지 다양한 형태의 비만 치료제가 개발되면 환자가 자신의 상황과 선호에 맞는 치료법을 선택할 수 있다”며 “제형이 다양해질수록...,2026-10-06 06:03,https://biz.chosun.com/science-chosun/bio/2026/10/06/MMZJPQAURFBOPLU4NCXWW2XBCY/?utm_source=naver&utm_medium=original&utm_campaign=biz,https://n.news.naver.com/mnews/article/366/0001196204?sid=101
서울대학교,조선일보,'미국이 보유세 폭탄 부동산 유토피아'라는 도그마에 빠진 하준경,"서울대와 미국 브라운대학교에서 공부를 했지만, 그의 전공은 혁신 성장론이다. 어설픈 이론으로 현실 경제를 재단하는 것은 학자들의 특권이다. 그러나 그는 이제 학자가 아닌 한국 경제를 좌우할 경제 사령탑이다. 현장...",2026-10-06 06:02,https://realty.chosun.com/site/data/html_dir/2026/10/02/2026100202289.html,https://realty.chosun.com/site/data/html_dir/2026/10/02/2026100202289.html
서울대학교,아주경제,[곽재원의 Now&Future] 산업통상 관료들의 2026년 가을,"필자 이력 ▷전 중앙일보 경제부국장, 도쿄특파원 ▷전 서울대 공과대학 초빙교수 ▷전 한양대 기술경영학 석좌교수 ▷전 경기도 경기과학기술진흥원 원장 ▷현 광주과기원 AI정책전략대학원 특임 교수, 가천대...",2026-10-06 06:02,https://www.ajunews.com/view/20261004160050007,https://www.ajunews.com/view/20261004160050007
서울대학교,이투데이,‘사람 중심 기업’ 새 기준 만든다⋯HXI 이끄는 석학들,이투데이=김재현 HXI연구소 사무국장 | 사람중심 경험 연구소-HXI(Human-centered eXperience Institute) 연구위원ㆍ심사위원장 소개 연구소장 김기찬 교수 ICSB 이사회 의장·가톨릭대 경영학과 명예교수 서울대 경영학 박사....,2026-10-06 06:02,https://www.etoday.co.kr/news/view/2632433,https://www.etoday.co.kr/news/view/2632433
서울대학교,머니투데이,"황각규 고문 ""토요타처럼...매일 하나씩 어제와 다른 오늘""",황 고문(전 롯데지주 부회장)은 지난 21일 서울 중구 한국프레스센터에서 열린 'GK인사이츠 고문과... 황 고문은 마산고와 서울대학교 화학공학과를 졸업하고 롯데케미칼의 전신인 호남석유화학에 입사했다. 이후 황 고문은...,2026-10-06 06:01,https://www.mt.co.kr/industry/2026/10/06/2026092717080696210,https://n.news.naver.com/mnews/article/008/0005422253?sid=101
연세대학교,ABC뉴스,[ABC뉴스 이 책] 노정숙의 『선물』,"[오봉옥 시인은 광주광역시에서 태어나 연세대 대학원에서 수학했다. 1985년 『창작과 비평』으로 등단했다.... 제1회 청해문학상 등을 수상했다. 현재 서울디지털대학교 교수, 문예지 『문학의 오늘』 편집인을 맡고 있다.]",2026-10-06 06:00,https://www.abcn.kr/news/articleView.html?idxno=92713,https://www.abcn.kr/news/articleView.html?idxno=92713
서울대학교,머니투데이,"황각규 고문 ""청년 창업가들, 화려함 보다 실리 추구해야""",황 고문(전 롯데지주 부회장)은 지난 21일 서울 중구 한국프레스센터에서 열린 'GK인사이츠 고문과... 마산고와 서울대 화학공학과를 졸업하고 롯데케미칼의 전신인 호남석유화학에 입사한 황 고문은 롯데그룹 정책본부...,2026-10-06 06:00,https://www.mt.co.kr/industry/2026/10/06/2026092310163079712,https://n.news.naver.com/mnews/article/008/0005422252?sid=101
서울대학교,경향신문,"춘추정병시대, 꿈을 묻다···장르만 청년 100명의 이야기[창간 80주년...","‘스카이’(서울대·연세대·고려대)를 다니는 마현우와, 특성화고를 졸업한 권병찬은 삶의 경로가 다르다.... 인서울 대학교를 갔다면 인생이 달라졌을 거라고 생각하지만, 다시 돌아가도 통학 가능한 지방 국립대에 갈...",2026-10-06 06:00,https://www.khan.co.kr/article/202610060600131,https://n.news.naver.com/mnews/article/032/0003474400?sid=102
서울대학교,뉴스1,임산부·아이 함께 '책멍'…서울광장서 가족 독서 한마당,"서울시는 임산부의 날을 하루 앞둔 오는 9일 오후 5시 서울광장 '책 읽는 서울광장'에서 '엄마 북(Book) 돋움... 신종호 서울대 교육학과 교수는 '읽는 아이, 가정에서의 문해력 교육'을 주제로 강연한다. 영유아기...",2026-10-06 06:00,https://www.news1.kr/local/moi/6310421,https://n.news.naver.com/mnews/article/421/0009210417?sid=102
연세대학교,ABC뉴스,남의 나라 종교전쟁에 끼어들지 말라,"[조광권 필자는 고려대 법학과 학사, 연세대 도시행정학 석사, 한국학중앙연구원 정치학 박사이다. 1973년 행정고등고시 합격 이후 서대문구청장, 서울시 보사환경국장, 교통국장, 공보관 등을 역임했다. 청계천 복원 사업 때...",2026-10-06 06:00,https://www.abcn.kr/news/articleView.html?idxno=92711,https://www.abcn.kr/news/articleView.html?idxno=92711
고려대학교,뉴스1,"AI가 '공짜 해킹' 불렀다…공기업·中企도 표적 ""쪽문 막아라""","김승주 고려대 정보보호대학원 교수는 ""우리가 무엇을 가지고 있는지부터 알아야 한다""며 ""대문만 굳게 지키면서 정작 어디 있는지도 모르는 쪽문들을 방치해서는 안 된다""고 강조했다. AI를 활용한 방어체계 구축도...",2026-10-06 06:00,https://www.news1.kr/it-science/security-hacking/6310586,https://n.news.naver.com/mnews/article/421/0009210432?sid=105
고려대학교,경향신문,"춘추정병시대, 꿈을 묻다···장르만 청년 100명의 이야기[창간 80주년...",나은 대학을 가겠다는 사람이 19명으로 가장 많았다. 전공·진로를 바꾸겠다는 사람은 12명이었다. 33명은 과거로 돌아가지 않겠다고 했다. 현재가 만족스러워서가 아니다. 국제중·국제고·스카이(서울대·고려대·연세대)...,2026-10-06 06:00,https://www.khan.co.kr/article/202610060600131,https://n.news.naver.com/mnews/article/032/0003474400?sid=102
고려대학교,ABC뉴스,남의 나라 종교전쟁에 끼어들지 말라,"[조광권 필자는 고려대 법학과 학사, 연세대 도시행정학 석사, 한국학중앙연구원 정치학 박사이다. 1973년 행정고등고시 합격 이후 서대문구청장, 서울시 보사환경국장, 교통국장, 공보관 등을 역임했다. 청계천 복원 사업 때...",2026-10-06 06:00,https://www.abcn.kr/news/articleView.html?idxno=92711,https://www.abcn.kr/news/articleView.html?idxno=92711
연세대학교,경향신문,"춘추정병시대, 꿈을 묻다···장르만 청년 100명의 이야기[창간 80주년...",나은 대학을 가겠다는 사람이 19명으로 가장 많았다. 전공·진로를 바꾸겠다는 사람은 12명이었다. 33명은 과거로 돌아가지 않겠다고 했다. 현재가 만족스러워서가 아니다. 국제중·국제고·스카이(서울대·고려대·연세대)...,2026-10-06 06:00,https://www.khan.co.kr/article/202610060600131,https://n.news.naver.com/mnews/article/032/0003474400?sid=102
서울대학교,테니스코리아,[김종석의 그라운드] 대학축제에서 국가대표까지…브리지로 만난 한·중...,"제1회 국제 대학교 브리지 교류전이 5일 서울 고려대 안암캠퍼스 미디어관 12층 시몬느룸에서 열렸습니다. 한국브리지협회에 따르면 국내에서 대학 브리지 교류전이 열린 것은 이번이 처음입니다. 서울대, 고려대, 연세대...",2026-10-06 05:56,https://www.tennis.co.kr/news/articleView.html?idxno=53952,https://m.sports.naver.com/general/article/481/0000014406
고려대학교,테니스코리아,[김종석의 그라운드] 대학축제에서 국가대표까지…브리지로 만난 한·중...,"제1회 국제 대학교 브리지 교류전이 5일 서울 고려대 안암캠퍼스 미디어관 12층 시몬느룸에서 열렸습니다. 한국브리지협회에 따르면 국내에서 대학 브리지 교류전이 열린 것은 이번이 처음입니다. 서울대, 고려대, 연세대...",2026-10-06 05:56,https://www.tennis.co.kr/news/articleView.html?idxno=53952,https://m.sports.naver.com/general/article/481/0000014406
연세대학교,테니스코리아,[김종석의 그라운드] 대학축제에서 국가대표까지…브리지로 만난 한·중...,"제1회 국제 대학교 브리지 교류전이 5일 서울 고려대 안암캠퍼스 미디어관 12층 시몬느룸에서 열렸습니다. 한국브리지협회에 따르면 국내에서 대학 브리지 교류전이 열린 것은 이번이 처음입니다. 서울대, 고려대, 연세대...",2026-10-06 05:56,https://www.tennis.co.kr/news/articleView.html?idxno=53952,https://m.sports.naver.com/general/article/481/0000014406
서울대학교,뉴스엔,"‘아들상’ 성현주 오열 “1000일 동안 의식 없던 子, 내가 눈 감겨줘”...","인세 전액인 약 1300만 원을 서울대 어린이병원에 기부했다. 신동엽은 ""지금 둘째 딸 낳아가지고 이렇게 그게 나는 첫째가 보내준 동생이라고 생각해. 거기에 관련된 책이야?""라고 물었다. 성현주는 ""그때 저희 아이가...",2026-10-06 05:55,https://www.newsen.com/news_view.php?uid=202610051156072310,https://m.entertain.naver.com/article/609/0001175608
서울대학교,연합뉴스TV,"""군대 안간다"" 경솔함에…'병역특혜 논란' 재점화","서울시 마포구> ""나라를 대표해서 국위 선양 하는 거에 대해서는 찬성인데…금메달 퍼포먼스나 뭐... 서울대 사회학과 교수> ""우리나라가 선진국도 됐고…병역 면제의 기준이 되는 성과들을 새롭게 좀...",2026-10-06 05:41,http://www.yonhapnewstv.co.kr/news/MYH20261006054054wXc,https://n.news.naver.com/mnews/article/422/0000912777?sid=102
연세대학교,ABC뉴스,명의 이두연이 바라본 『민족중흥 박정희』의 새로운 시각,"연세대학교 의과대학 흉부외과 주임교수와 강남세브란스병원 흉부외과장을 지냈고, 국내 최초의 폐 이식에 성공한 이력이 있다. 여든을 넘긴 저자가 자신이 살아온 시대를 돌아보며 박정희 대통령과 산업화의 역사를 한...",2026-10-06 05:32,https://www.abcn.kr/news/articleView.html?idxno=92720,https://www.abcn.kr/news/articleView.html?idxno=92720
고려대학교,이데일리,“‘몇만가구 공급’보다 중요한 건 입주…용산 주택공급 묘수는”,김세용 고려대 도시연구원장은… △1965년 전남광주 출생 △고려대 건축공학 학사 △서울대 환경대학원·미국 컬럼비아대 건축대학원 석사 △고려대 건축공학 박사 △고려대 건축학과 교수(현) △서울주택도시개발공사(SH)...,2026-10-06 05:25,https://www.edaily.co.kr/News/Read?newsId=01813846645610296&mediaCodeNo=257&utm_source=naver&utm_medium=referral&utm_campaign=news_syndication&utm_content=original_article,https://n.news.naver.com/mnews/article/018/0006381638?sid=101
서울대학교,이데일리,“‘몇만가구 공급’보다 중요한 건 입주…용산 주택공급 묘수는”,김세용 고려대 도시연구원장은… △1965년 전남광주 출생 △고려대 건축공학 학사 △서울대 환경대학원·미국 컬럼비아대 건축대학원 석사 △고려대 건축공학 박사 △고려대 건축학과 교수(현) △서울주택도시개발공사(SH)...,2026-10-06 05:25,https://www.edaily.co.kr/News/Read?newsId=01813846645610296&mediaCodeNo=257&utm_source=naver&utm_medium=referral&utm_campaign=news_syndication&utm_content=original_article,https://n.news.naver.com/mnews/article/018/0006381638?sid=101
고려대학교,이데일리,"""대학, 이제 '상아탑' 아냐…MIT처럼 구글·MS 캠퍼스에 들여야""",김세용 고려대 도시연구원장(건축학과 교수)은 대학 캠퍼스에 기업과 연구기관이 적극 들어올 수 있도록 교지 관련 규제를 완화해야 한다고 주장했다. 우리 대학이 더 이상 교육과 연구만을 위한 ‘상아탑’에...,2026-10-06 05:24,https://www.edaily.co.kr/News/Read?newsId=01807286645610296&mediaCodeNo=257&utm_source=naver&utm_medium=referral&utm_campaign=news_syndication&utm_content=original_article,https://n.news.naver.com/mnews/article/018/0006381637?sid=101
서울대학교,SBS Biz,대학 졸업생 절반이 ‘A학점’…상위권 대학은 얼마나 더 높았나,서울대·연세대·고려대·서강대·성균관대·한양대·중앙대·경희대·서울시립대·한국외대 등 10개 대학 졸업생의 평균 백분율 점수는 2021년 90.13점에서 지난해 92.11점으로 올랐습니다. 이들 대학의 90점 이상...,2026-10-06 05:22,https://biz.sbs.co.kr/article_hub/20000338309?division=NAVER,https://n.news.naver.com/mnews/article/374/0000536295?sid=101
연세대학교,SBS Biz,대학 졸업생 절반이 ‘A학점’…상위권 대학은 얼마나 더 높았나,상위권 대학에서는 고학점 쏠림 현상이 더 두드러졌습니다. 서울대·연세대·고려대·서강대·성균관대·한양대·중앙대·경희대·서울시립대·한국외대 등 10개 대학 졸업생의 평균 백분율 점수는 2021년 90.13점에서...,2026-10-06 05:22,https://biz.sbs.co.kr/article_hub/20000338309?division=NAVER,https://n.news.naver.com/mnews/article/374/0000536295?sid=101
고려대학교,SBS Biz,대학 졸업생 절반이 ‘A학점’…상위권 대학은 얼마나 더 높았나,상위권 대학에서는 고학점 쏠림 현상이 더 두드러졌습니다. 서울대·연세대·고려대·서강대·성균관대·한양대·중앙대·경희대·서울시립대·한국외대 등 10개 대학 졸업생의 평균 백분율 점수는 2021년 90.13점에서...,2026-10-06 05:22,https://biz.sbs.co.kr/article_hub/20000338309?division=NAVER,https://n.news.naver.com/mnews/article/374/0000536295?sid=101
연세대학교,e대한경제,"“스카우트 정신, AI시대 살아갈 기초체력…공감ㆍ배려ㆍ협동 익히죠”",현재 연세대 법학전문대학원 특임교수로도 활동 중이다. 스카우트와의 인연은 연맹 부총재를 거쳐 2024년 2월 제17대 총재 취임으로 이어졌다. 2023년 새만금 세계스카우트잼버리 파행 직후라 ‘독이 든 성배’로 불리던...,2026-10-06 05:20,https://www.dnews.co.kr/uhtml/view.jsp?idxno=202610021727403890366,https://www.dnews.co.kr/uhtml/view.jsp?idxno=202610021727403890366
서울대학교,서울신문,외로움 달래려 ‘SNS 일상 공개’… 외로움만 더 커진다,민경복 서울대 의과대학 예방의학교실 교수 연구팀은 최근 서울에 거주하는 성인 3만 4142명(평균 나이 52.3세)을 대상으로 ‘SNS 이용 행태와 외로움의 연관성을 분석한 결과’를 대한예방의학회 국제학술지...,2026-10-06 05:03,https://www.seoul.co.kr/news/society/2026/10/06/20261006010002?wlog_tag3=naver,https://n.news.naver.com/mnews/article/081/0003686170?sid=102
서울대학교,서울신문,"[기획] 재단 돈 1100억 끌어와 경영권 방어 시도… 조원태, 비판 여론에...","서울신문이 5일 금융감독원 공시 등을 분석한 결과 조 회장은 지난 7월 모친인 이명희 정석기업 고문에게서... 박상인 서울대 행정학과 교수는 “이런 형태의 지분 취득은 지배력 강화가 가장 큰 목적으로, ‘코리안...",2026-10-06 05:02,https://www.seoul.co.kr/news/economy/2026/10/06/20261006004002?wlog_tag3=naver,https://n.news.naver.com/mnews/article/081/0003686162?sid=101
서울대학교,서울신문,[자치광장] 기회의 사다리 복원을!,최근 교육부 자료를 토대로 한 분석에 따르면 서울대생 10명 중 8명의 가구 소득 인정액은 월 1000만원을 넘는... 높은 곳으로 올라갈 수 있는 도시. 그것이 ‘헌법도시 영등포’의 모습일 것이다. 조유진 서울 영등포구청장,2026-10-06 05:02,https://www.seoul.co.kr/news/editOpinion/opinion/local-government-news/2026/10/06/20261006025004?wlog_tag3=naver,https://n.news.naver.com/mnews/article/081/0003686153?sid=110
서울대학교,한겨레,한동훈의 이중잣대 [뉴스룸에서],그런데 취재해보니 해당 기업 사회공헌 담당 임원이 한 의원과 배우자의 서울대 법대 동문으로 친분이... 2023년 2월20일 서울경찰청 반부패수사대에서 조사를 받았다. 경찰의 질문은 의외의 내용에 집중됐다. 한 의원의 딸이...,2026-10-06 05:02,https://www.hani.co.kr/arti/opinion/column/1281030.html,https://n.news.naver.com/mnews/article/028/0002826136?sid=110
고려대학교,서울신문,[홍용진의 역사를 보는 눈] 17세기 세계정세와 나선정벌,조선과 달리 세계 5위의 군사 강국이고 세계정세에도 민감하다. 하지만 그런 만큼 파병에 대한 논의는 복잡한 세계정세에 대한 주도면밀한 파악을 바탕으로 신중하게 이루어져야 할 것이다. 홍용진 고려대 역사교육과 교수,2026-10-06 05:02,https://www.seoul.co.kr/news/editOpinion/opinion/history-hyj/2026/10/06/20261006026001?wlog_tag3=naver,https://n.news.naver.com/mnews/article/081/0003686154?sid=110
서울대학교,조선일보,"[단독] “내가 징역 2년? 판사 나와” 법정 난동, 2년만에 3배로","불신하는 기류가 확산하는 것도 영향을 미쳤다는 분석이다. 서울대 국가미래전략원이 실시한 설문조사에 따르면, 법원·사법부를 ‘신뢰한다’고 답한 응답자는 2025년 38%였지만 올해는 19%로 반토막이 났다.",2026-10-06 05:01,https://www.chosun.com/national/national_general/2026/10/06/66XJGNKX5NFJJPWGGWV2FTUC3M/?utm_source=naver&utm_medium=referral&utm_campaign=naver-news,https://n.news.naver.com/mnews/article/023/0004002264?sid=102
고려대학교,이투데이,“내 소득·대출한도까지 안다”…6만6000명 ‘2차 피해’ 비상 [구멍 난...,이성엽 고려대 기술경영전문대학원 교수는 “금융사는 고객 자산을 직접 관리하는 만큼 정보가 유출되면 계좌 탈취 등 금전적 2차 피해로 이어질 가능성이 있다”며 “보이스피싱도 결국 개인정보를 먼저 확보한 뒤...,2026-10-06 05:00,https://www.etoday.co.kr/news/view/2632459,https://www.etoday.co.kr/news/view/2632459
연세대학교,연합뉴스,"""4년제 대학 졸업생 절반 'A학점'…학점 인플레 5년 연속 심화""",학점 인플레이션 현상은 주요 상위권 대학에서 더 가파르게 나타났다. 서울대·연세대·고려대·서강대·성균관대·한양대·중앙대·경희대·서울시립대·한국외대 등 10개 대학 졸업자를 합산하면 백분율 점수...,2026-10-06 05:00,https://www.yna.co.kr/view/AKR20261005036600001?input=1195m,https://n.news.naver.com/mnews/article/001/0016358314?sid=100
연세대학교,이투데이,[단독] 대학 따라 ‘AI 접근권’ 갈렸다…전면 지원부터 미지원까지 '천...,연세대는 별도의 유료 AI 구독료 지원 없이 라이너(Liner)와의 협약을 통해 일부 기능을 제공한다. 강원대·제주대·충북대는 현재 학생 대상 유료 생성형 AI 구독을 지원하지 않고 있다. 지원 대학에서는 단순히 챗GPT...,2026-10-06 05:00,https://www.etoday.co.kr/news/view/2628447,https://www.etoday.co.kr/news/view/2628447
서울대학교,이투데이,“AI 쓰라면서 과제엔 어디까지?”…대학가 ‘AI 평가실험’ [AI 新계급...,"서울대는 AI를 적발하기보다 활용 기준을 세분화하는 쪽으로 평가 방식을 손보고 있다. 최근 정확도와 부작용 등을 이유로 생성형 AI 사용 여부를 판별하는 ‘GPT킬러’와의 제휴 계약을 종료하고, 컴퓨터공학부는 AI 활용...",2026-10-06 05:00,https://www.etoday.co.kr/news/view/2631457,https://www.etoday.co.kr/news/view/2631457
고려대학교,이투데이,[단독] 대학 따라 ‘AI 접근권’ 갈렸다…전면 지원부터 미지원까지 '천...,"5일 본지가 주요 대학 15곳과 지역 거점국립대 9곳 등 총 24곳의 생성형 AI 지원 현황을 조사한 결과, 재학생을 포함한 구성원에게 생성형 AI 서비스를 지원하는 대학은 14곳으로 파악됐다. 건국대·경희대·고려대·동국대...",2026-10-06 05:00,https://www.etoday.co.kr/news/view/2628447,https://www.etoday.co.kr/news/view/2628447
서울대학교,이투데이,[단독] 대학 따라 ‘AI 접근권’ 갈렸다…전면 지원부터 미지원까지 '천...,건국대·경희대·고려대·동국대·서강대·서울대·서울시립대·성균관대·숙명여대와 경상국립대·부산대·전남대·전북대·충남대 등이다. 한국외대와 경북대는 학생을 포함한 구성원 대상 서비스 도입을 추진 중이다....,2026-10-06 05:00,https://www.etoday.co.kr/news/view/2628447,https://www.etoday.co.kr/news/view/2628447
서울대학교,연합뉴스,"""4년제 대학 졸업생 절반 'A학점'…학점 인플레 5년 연속 심화""",서울대·연세대·고려대·서강대·성균관대·한양대·중앙대·경희대·서울시립대·한국외대 등 10개 대학 졸업자를 합산하면 백분율 점수 평균은 2021년 90.13점에서 2025년 92.11점으로 올랐다. 90점 이상 비율은 59.5...,2026-10-06 05:00,https://www.yna.co.kr/view/AKR20261005036600001?input=1195m,https://n.news.naver.com/mnews/article/001/0016358314?sid=100
고려대학교,연합뉴스,"""4년제 대학 졸업생 절반 'A학점'…학점 인플레 5년 연속 심화""",학점 인플레이션 현상은 주요 상위권 대학에서 더 가파르게 나타났다. 서울대·연세대·고려대·서강대·성균관대·한양대·중앙대·경희대·서울시립대·한국외대 등 10개 대학 졸업자를 합산하면 백분율 점수...,2026-10-06 05:00,https://www.yna.co.kr/view/AKR20261005036600001?input=1195m,https://n.news.naver.com/mnews/article/001/0016358314?sid=100
고려대학교,이투데이,AI 해킹 시대에 또 ‘전수점검’…금융당국 대응체계 시험대 [구멍 난 금...,이성엽 고려대 기술경영전문대학원 교수는 “현재 보안체계는 체크리스트를 바탕으로 특정 시점에 요건을 갖췄는지를 판정하는 방식”이라며 “사고가 난 뒤 미비점을 따지는 데 그치지 않고 상시적으로 모니터링하고...,2026-10-06 05:00,https://www.etoday.co.kr/news/view/2632465,https://www.etoday.co.kr/news/view/2632465
고려대학교,SIDAE,"해킹 1건에 6개 기관이 각개전투 대응…""사이버안보청 필요""","권헌영 고려대 정보보호대학원장은 5일 [시대]와의 통화에서 ""국가안보실이 컨트롤타워 역할을 맡고 있는데, 이를 뒷받침할 조직이 부족하고 대응 역량이 여러 기관에 분산돼 있다""고 진단했다. 전직 국정원 고위...",2026-10-06 05:00,https://www.sidae.com/article/2026100518233916529,https://n.news.naver.com/mnews/article/417/0001160098?sid=100
서울대학교,파이낸셜뉴스,"""밖에 나가는 것도 싫어해"" 태진아 아내 치매 투병 근황 [헬스톡]","분당서울대학교병원은 알츠하이머병의 인지기능개선제가 병의 진행 자체를 완전히 막지는 못하지만 경과를... 분당서울대학교병원 신경인지행동센터도 알츠하이머병 환자에게 우울감과 불안, 쉽게 화를 내는 증상, 망상...",2026-10-06 04:40,https://www.fnnews.com/news/202610052031584263,https://n.news.naver.com/mnews/article/014/0005585176?sid=103
고려대학교,동아일보,‘AI 지휘’ 금융권 해킹 규모-속도 과거와 달라… “방어도 AI로”,점을 고려할 때 AI가 본격적으로 동원되기 시작했다는 분석이 지배적이다. 전문가들은 이번 은행권 해킹이... 임종인 고려대 정보보호대학원 석좌교수는 “금융권까지 뚫리는 규모와 속도는 AI 외에는 설명이 안...,2026-10-06 04:35,https://www.donga.com/news/Economy/article/all/20261006/134789518/2,https://n.news.naver.com/mnews/article/020/0003752922?sid=101
연세대학교,동아일보,‘극한가뭄’에 대수력댐 발전량 반토막,조원철 연세대 토목환경공학과 교수는 “강수 패턴 자체가 ‘집중호우-장기가뭄’의 양극단으로 바뀌고 있다”며 “양수발전 등 극한기후와 상관없이 발전량을 유지할 수 있는 전원이 필요하다”고...,2026-10-06 04:35,https://www.donga.com/news/Society/article/all/20261005/134789412/2,https://n.news.naver.com/mnews/article/020/0003752926?sid=102
고려대학교,동아일보,"[단독]‘20대 직원’ 줄어든 대기업, 비중 20%도 깨졌다",‘첫 직장’의 중요성이 갈수록 커지면서 원하는 기업에 들어갈 때까지 취업을 미루거나 대학원과 전문자격시험 등으로 향하는 청년도 늘고 있기 때문이다. 이한상 고려대 경영대 교수는 “과거에는 중소...,2026-10-06 04:35,https://www.donga.com/news/Economy/article/all/20261006/134789545/2,https://n.news.naver.com/mnews/article/020/0003752920?sid=102
고려대학교,동아일보,AI가 키운 ‘해킹 속도전’… 상반기 하루 7건꼴 발생,임종인 고려대 정보보호대학원 석좌교수는 “단순히 속도가 빨라진 정도가 아니라 사람이 뛰는 것과 페라리가 달리는 것의 차이”라며 “금융기관을 동시다발적으로 타격한 이번 공격 양상은 곧 전 산업군으로 번질...,2026-10-06 04:35,https://www.donga.com/news/Economy/article/all/20261006/134789543/2,https://n.news.naver.com/mnews/article/020/0003752921?sid=101
서울대학교,동아일보,“지루함 못 견디는 인지적 얕음… 문해력 위기의 진짜 실체”,"한글문화연대(대표 이건범)는 ‘2026 한글문화 토론회―문해력과 어휘력’을 6일 오후 3시 서울 용산구... 이 밖에도 김슬옹 세종국어문화원 원장과 주지연 서울대 국어국문학과 교수, 박상규 전국국어교사모임 이사장...",2026-10-06 04:34,https://www.donga.com/news/Culture/article/all/20261006/134789227/2,https://n.news.naver.com/mnews/article/020/0003752901?sid=102
고려대학교,동아일보,“지루함 못 견디는 인지적 얕음… 문해력 위기의 진짜 실체”,‘한국인의 문해력 이해하기’(이순영 고려대 국어교육과 교수) ‘사고도구어 기반 상위언어 활동의 의의’(신명선 인하대 국어교육과 교수) 등의 발제가 이뤄질 예정이다. 한희정 서울항동초 교장은 토론문에서...,2026-10-06 04:34,https://www.donga.com/news/Culture/article/all/20261006/134789227/2,https://n.news.naver.com/mnews/article/020/0003752901?sid=102
고려대학교,동아일보,"“영화 암살자(들) 논란, 진영따라 달라지는 ‘공정’ 잣대에 불편”","“진영에 따라 잣대가 달라지는 걸 납득하기도 어렵고, 당혹스러움을 느낀다.” 법학전문대학원생 김태현... 이에 대해 김윤태 고려대 사회학과 교수는 “정치 양극화로 인해 자신이 지지하는 정당이나 가치에...",2026-10-06 04:34,https://www.donga.com/news/Society/article/all/20261005/134789848/2,https://n.news.naver.com/mnews/article/020/0003752887?sid=102
서울대학교,동아일보,"韓-日 대학생, 카드로 수싸움 ‘브리지’ 두뇌게임","한국브리지협회는 5일 서울 성북구 고려대 미디어관에서 국내 최초로 국제 대학 브리지 교류전을 열었다.... 이날 경기에서는 일본 대표 선수단이 우승했고, 서울대와 동국대 학생 등으로 구성된 아시아·태평양 브리지...",2026-10-06 04:33,https://www.donga.com/news/People/article/all/20261006/134789921/2,https://n.news.naver.com/mnews/article/020/0003752877?sid=102
연세대학교,동아일보,"韓-日 대학생, 카드로 수싸움 ‘브리지’ 두뇌게임","한국브리지협회는 5일 서울 성북구 고려대 미디어관에서 국내 최초로 국제 대학 브리지 교류전을 열었다. 브리지는 2명씩 한 팀을 이뤄 상대 팀과 트럼프 카드로 수싸움을 벌이는 게임이다. 이날 고려대와 연세대, 중앙대...",2026-10-06 04:33,https://www.donga.com/news/People/article/all/20261006/134789921/2,https://n.news.naver.com/mnews/article/020/0003752877?sid=102
고려대학교,동아일보,"韓-日 대학생, 카드로 수싸움 ‘브리지’ 두뇌게임","한국브리지협회는 5일 서울 성북구 고려대 미디어관에서 국내 최초로 국제 대학 브리지 교류전을 열었다. 브리지는 2명씩 한 팀을 이뤄 상대 팀과 트럼프 카드로 수싸움을 벌이는 게임이다. 이날 고려대와 연세대, 중앙대...",2026-10-06 04:33,https://www.donga.com/news/People/article/all/20261006/134789921/2,https://n.news.naver.com/mnews/article/020/0003752877?sid=102
연세대학교,국민일보,[오늘의 설교] 진짜 예배는 축도가 끝난 뒤 시작된다,예배만 드리는 것에서 지역사회를 섬기고 빛을 밝히는 교회가 되기를 노력하고 있습니다. 담임 김한원 목사는 서울장신대와 연세대 대학원을 거쳐 장신대 목회전문대학원에서 예배설교학으로 목회신학 박사를 취득했습니다.,2026-10-06 03:06,https://www.kmib.co.kr/article/view.asp?arcid=9000019987&cp=nv,https://n.news.naver.com/mnews/article/005/0001876908?sid=103
서울대학교,파이낸셜리뷰,"70년 폐교, 복합문화공간으로 진화… 산타포레 '갤러리봉화'","서울대 농대 원예학과를 졸업하고 수몰 지역이었던 청풍의 초등학교에서 교편을 잡았던 그의 아버지는, 평생 소백산 일대를 오르내리며 식물의 이름과 생태를 깊이 연구한 자연주의자였다. 권배경 관장의 아버지가 남긴...",2026-10-06 01:12,http://www.financialreview.co.kr/news/articleView.html?idxno=45291,http://www.financialreview.co.kr/news/articleView.html?idxno=45291
고려대학교,조선일보,"세계가 배우는 한국 위암 수술, 이어갈 젊은 의사가 없다","지역 대학병원 의사 늘려야"" 지난달 23일 오전 9시 서울 종로구 서울대병원 수술실. 로봇을 이용해 초기 위암... 박성수 고려대안암병원 위장관외과 교수는 “위암 수술의 난이도와 업무량을 반영한 별도의 수가 항목을...",2026-10-06 00:54,https://www.chosun.com/national/welfare-medical/2026/10/06/TEFRO4CCYRDG5FB26JGSKOXJTM/?utm_source=naver&utm_medium=referral&utm_campaign=naver-news,https://n.news.naver.com/mnews/article/023/0004002257?sid=102
고려대학교,조선일보,휴대폰 잠시 끄고… 교수님과 책 읽는 대학생들,"부총장은 “대학은 그간 강의로 전공 지식은 전달했지만, 학생들의 인간 됨됨이를 형성하는 데는 손을 놓고 있었다”며 “교수와 학생이 책을 함께 읽고 대화하는 과정이 빈자리를 채울 수 있을 것”이라고 했다. 고려대...",2026-10-06 00:47,https://www.chosun.com/national/education/2026/10/06/DUZWM6RPT5BHLK2R4D3FPEFURU/?utm_source=naver&utm_medium=referral&utm_campaign=naver-news,https://n.news.naver.com/mnews/article/023/0004002243?sid=102
연세대학교,조선일보,휴대폰 잠시 끄고… 교수님과 책 읽는 대학생들,송도 연세대 국제캠퍼스 종합관의 카페. 김학철 학부대학 교수와 신입생 4명이 미로슬라브 볼프 등이 쓴 ‘가치 있는 삶’을 읽으면서 이야기를 나누고 있었다. 이들이 주목한 대목은 젊은 건축가 알베르트 슈페어가...,2026-10-06 00:47,https://www.chosun.com/national/education/2026/10/06/DUZWM6RPT5BHLK2R4D3FPEFURU/?utm_source=naver&utm_medium=referral&utm_campaign=naver-news,https://n.news.naver.com/mnews/article/023/0004002243?sid=102
연세대학교,조선일보,"아이처럼 음악을 가지고 논다, 그것이 ‘재즈’","23일에는 서울 서대문구 연세대 백주년기념관 콘서트홀에서 미국 출신의 세계적 색소폰 거장 조슈아... 이 밖에 11일 서울 서대문구 연세대 대강당에서 일본 퓨전 재즈의 상징인 밴드 ‘티스퀘어’가, 11월 19·20일 서울...",2026-10-06 00:43,https://www.chosun.com/culture-life/culture_general/2026/10/06/DWRQNZOXV5FVBDHN36SA7TD6EI/?utm_source=naver&utm_medium=referral&utm_campaign=naver-news,https://n.news.naver.com/mnews/article/023/0004002225?sid=103
서울대학교,조선일보,[이번 주 뭐 볼까] 반백 년 연기 인생의 절정… 톰 크루즈의 ’10분' 롱...,"미국 화가 웨인 티보의 국내 첫 대규모 회고전이 서울 동대문디자인플라자(DDP)에서 열린다. 케이크와... 자랑인 서울대생 오빠가 휴학 뒤 ‘집돌이’가 됐는데, 지방대 치대에 입학해 집안 탈출을 꿈꾸는 여동생 눈엔...",2026-10-06 00:43,https://www.chosun.com/culture-life/culture_general/2026/10/06/7ES6UGZT7VHDNNYRJUSZYS4U3I/?utm_source=naver&utm_medium=referral&utm_campaign=naver-news,https://n.news.naver.com/mnews/article/023/0004002226?sid=103
서울대학교,조선일보,90년대 베스트셀러 ‘장자’… 91세에 결정판 낸 윤재근 교수,그러다가 ‘너는 중이 되지 말고 학자가 되라’는 고암(1899~1988) 스님의 가르침을 받고 서른 살에 서울대 영문과에 들어갔다. 학자가 돼 만해 한용운을 연구했고 문학평론가로도 유명해졌다. 그러다 이런 생각이 들었다....,2026-10-06 00:42,https://www.chosun.com/culture-life/relion-academia/2026/10/06/HWIVFWCIJJGFTDIHZVKFLH6P7Q/?utm_source=naver&utm_medium=referral&utm_campaign=naver-news,https://n.news.naver.com/mnews/article/023/0004002222?sid=103
고려대학교,조선일보,‘치매머니’부터 ‘양자역학’까지… 미래 경제 리스크·기회 종합 진...,12일 방송되는 머니 명강 시간에서는 채은미 고려대 물리학과 교수가 복잡하고 어려운 양자역학의 세계를 알기 쉽게 설명한다. 인공지능과 금융 암호 체계를 뒤바꿀 핵심 기술로 꼽히는 양자컴퓨터의 원리를 빛의 파동과...,2026-10-06 00:37,https://www.chosun.com/economy/money/2026/10/06/OB72K52NL5GDNPJL46GJHQOMWA/?utm_source=naver&utm_medium=referral&utm_campaign=naver-news,https://n.news.naver.com/mnews/article/023/0004002214?sid=101
서울대학교,더퍼스트미디어,"김우호 전 인사혁신처장, 제19대 공무원연금공단 이사장 취임","김 이사장은 1963년생으로 서울대학교 독어독문학과를 졸업하고 서울대 행정대학원에서 행정학 석사, 서울시립대에서 행정학 박사 학위를 받았다. 제37회 행정고시로 공직에 입문한 뒤 대통령비서실 인사비서관...",2026-10-06 00:18,http://www.thefirstmedia.net/news/articleView.html?idxno=210114,http://www.thefirstmedia.net/news/articleView.html?idxno=210114
서울대학교,중앙일보,[김상배의 퍼스펙티브] 대체 못할 제조 역량 키워 페이스메이커로 나서...,"AI 전략을 한 단계 더 발전시키고, 미·중 사이에서 대체 불가능한 입지를 확보하는 한편, AI와 인류의 미래도 함께 고민하는 페이스메이커로서 한국의 복합적인 역할을 기대해 본다. 김상배 서울대 정치외교학부 교수",2026-10-06 00:14,https://www.joongang.co.kr/article/25467318,https://n.news.naver.com/mnews/article/025/0003555904?sid=110
고려대학교,국민일보,니코틴 노출 많을수록 실명 질환 유병률 높아져,고려대안암병원 안과 김동현 교수팀이 2016~2021년 질병관리청 국민건강영양조사에 참여한 40세 이상 7780명을 분석한 결과 전자담배 단독 사용자는 비흡연자에 비해 니코틴 노출 수준이 현저하게 높은 것으로 나타났다....,2026-10-06 00:11,https://www.kmib.co.kr/article/view.asp?arcid=9000020002&cp=nv,https://n.news.naver.com/mnews/article/005/0001876870?sid=103
서울대학교,강원도민일보,[새의자] 최관병 중부지방고용노동청장,"최 청장은 서울대 지리학과를 졸업하고 행정고시 41회로 공직에 입문했다. 고용노동부 산재예방정책과장, 노사협력정책과장, 근로감독정책단장 등을 역임했다. 박재혁 기자 #최관병 #중부지방고용노동청장 #의자 #노사...",2026-10-06 00:09,https://www.kado.net/news/articleView.html?idxno=2076558,https://n.news.naver.com/mnews/article/654/0000203984?sid=102
고려대학교,강원도민일보,이수연 심평원 상임감사 취임,"이 감사는 서울 출신으로, 고려대 간호학과를 졸업하고 단국대 법학 학사, 서던캘리포니아대학교(USC) 법학 석사 학위를 받았다. 1996년 제40회 행정고시 합격 이후 1998년 감사원에서 공직을 시작했다. 감사원...",2026-10-06 00:09,https://www.kado.net/news/articleView.html?idxno=2076562,https://n.news.naver.com/mnews/article/654/0000203988?sid=102
서울대학교,강원도민일보,[화요시선] 강원은 왜 묻지 않는가,"'서울대 10개 만들기'의 첫 지원 대학으로 부산대·전남대·충남대가 선정됐다. 세 대학은 올해 대학당 약 700억... 서울대 등 선도 대학과 공동학위제를 추진해, 강원의 현장과 선도 대학의 역량을 잇는 교육과정을 함께...",2026-10-06 00:08,https://www.kado.net/news/articleView.html?idxno=2076525,https://n.news.naver.com/mnews/article/654/0000203955?sid=110
고려대학교,강원일보,[제21회 동곡상 수상자 - 교육학술 부문]김풍기 교수,"강원학 연구도 논문과 저술에 머물지 않고 대학 교양과목으로 연결해, 학생들이 자신이 발 딛고 있는 지역을... ■공적 및 프로필 강릉출신으로 강원대 국어교육과를 졸업하고, 고려대 대학원에서 석사·박사 학위를...",2026-10-06 00:07,https://www.kwnews.co.kr/article/20261005500233,https://n.news.naver.com/mnews/article/087/0001222063?sid=102
고려대학교,국민일보,개인정보 ‘상시 유출’의 시대… “불법정보 끝까지 추적해야”,김승주 고려대 정보보호대학원 교수는 “과거부터 형식적으로만 해오던 보안 대처들로 인해 궁극적인 보안... 방안도 고려할 만하다. 최소한 기업들이 정리하고 준비할 시간을 줘야 하는 것”이라고 설명했다. 이어...,2026-10-06 00:05,https://www.kmib.co.kr/article/view.asp?arcid=9000019995&cp=nv,https://n.news.naver.com/mnews/article/005/0001876865?sid=102
연세대학교,강원일보,우상호 지사 “물·바람·햇볕·수소 쥐고 있으면 강원도가 대한민국 호...,"연세대 총학생회장, 4선 국회의원, 더불어민주당 원내대표와 비상대책위원장, 청와대 정무수석까지 30여년간 강원도가 아닌 서울 정치의 한복판에서 활약한 그는 지금 ‘강원특별자치도지사’로 불린다. 그런 그가 취임...",2026-10-06 00:03,https://www.kwnews.co.kr/article/20261005500462,https://n.news.naver.com/mnews/article/087/0001222036?sid=100
서울대학교,강원일보,우상호 지사 “물·바람·햇볕·수소 쥐고 있으면 강원도가 대한민국 호...,"고향이 강원도인 제가 서울에서 생활하다 와서 보니 제 눈엔 다 보물로 보이는 거예요. 우리가 제일 잘할 수... 기업들 스스로 서울대, 연·고대 출신을 지방 공장에 썼더니 다 떠난다더라. 지역 인재는 지역을 안 떠난다는...",2026-10-06 00:03,https://www.kwnews.co.kr/article/20261005500462,https://n.news.naver.com/mnews/article/087/0001222036?sid=100
서울대학교,경상일보,[장성운의 울산인물 탐구(15)]김승욱 PD와 '가곡과 아리아'의 밤,"서울대 후배인 조영남은 유 사장이 서울에서 MBC에 근무할 때 자주 만나곤 했다. 유 사장은 이관 총장과 함께 울산대에 음대가 없는 것을 아쉽게 생각하면서 음대를 만들기 위해 노력했지만, 이 꿈은 이루지 못했다. 대신...",2026-10-06 00:02,https://www.ksilbo.co.kr/news/articleView.html?idxno=1068843,https://www.ksilbo.co.kr/news/articleView.html?idxno=1068843
연세대학교,한국금융신문,"화학에서 건설로…김영범, 코오롱글로벌 체질 개선 시험대 [인물 포커스...",◇ 코오롱 36년 ‘정통 코오롱맨’…소재·화학 거쳐 건설로 1965년생인 김 대표는 인천 선인고와 연세대 경영학과를 졸업한 뒤 1990년 코오롱 타이어코드사업부에 입사했다. 이후 그룹 구조조정본부와 코오롱아이넷...,2026-10-06 00:02,https://www.fntimes.com/html/view.php?ud=202610051139047645048b718333_18,https://www.fntimes.com/html/view.php?ud=202610051139047645048b718333_18
서울대학교,더팩트,"중수청, 개문발차 이어 '개점휴업' 우려…청장 공백인데 '친윤' 공방에 ...",본청과 서울청 청사는 서울 중구 르네스퀘어에 입주해 정비가 진행 중이며 일부 지방청은 임시청사나 민간... 전종민 중수청 차장은 과거 조국 전 법무부 장관의 서울대 파면 취소 소송과 이성윤 더불어민주당 의원의...,2026-10-06 00:01,https://news.tf.co.kr/read/life/2373027.htm,https://n.news.naver.com/mnews/article/629/0000539453?sid=102
고려대학교,중앙일보,[사랑방] 대신대 外,"중앙일보에서 정책사회부장과 사회부국장, 중앙SUNDAY 편집국장 대리, 논설위원 등을 거쳤다. ◆유기천교수기념사업재단은 이주원 고려대 법학전문대학원 교수가 유기천법률문화상을 수상했다고 지난 4일 전했다.",2026-10-06 00:01,https://www.joongang.co.kr/article/25467263,https://n.news.naver.com/mnews/article/025/0003555849?sid=102
서울대학교,중앙일보,‘AI와 인류지능’ 돋보여…달라지는 지능 개념도 고려를,▶김주형 서울대 정치외교학부 교수=‘재제청 없는 헌법 104조…이 틈 파고든 위헌논쟁’(24일자 2면)은... ▶오세정 위원장(전 서울대 총장)=테슬라 수리센터 문제를 짚은 기사(3일자 B1면)는 독자의 불편과 개선이 필요한...,2026-10-06 00:01,https://www.joongang.co.kr/article/25467272,https://n.news.naver.com/mnews/article/025/0003555858?sid=103
서울대학교,뉴시스,"""영양제, 돈만 날리는 경우 많아""…정형돈 유튜브 나온 서울대 교수의 ...","서울대학교병원 신경과 이승훈 교수가 영양제 섭취만으로 건강을 증진하려는 현대인들의 습관을 지적하며, 올바른 건강 관리의 본질은 '기본 생활습관 개선'에 있다고 밝혔다. 1일 유튜브 채널 '정형돈의 제목없음TV'에...",2026-10-06 00:00,https://www.newsis.com/view/NISX20261001_0003810775,https://n.news.naver.com/mnews/article/003/0014234128?sid=102
서울대학교,한국일보,지식인들이 왜 AI에만 발끈하고 나섰을까? [아침을 열며],"무엇이고 인간의 일이란 무엇인지, 그리고 “너무 나갔다”는 판단의 주체와 기준은 무엇이어야 하는지 AI는 우리에게, 그리고 특히 지식인들에게 예상치 못한 방식으로 질문하고 있다. 박종희 서울대 정치외교학부 교수",2026-10-06 00:00,https://www.hankookilbo.com/news/article/A2026100210580005609?did=NA,https://n.news.naver.com/mnews/article/469/0000957792?sid=110
고려대학교,로봇신문,'젊은 로봇 공학자' (93) 고려대 전기전자공학부 신희섭 교수,"2월 고려대학교 공과대학 기계공학과를 졸업하고 2015년 5월 미국 카네기멜론대에서 기계공학으로 석사, 2021년 5월 기계공학으로 박사학위를 받았다. 2021년 6월부터 2024년 5월까지 노스웨스턴대학교...",2026-10-05 22:42,https://www.irobotnews.com/news/articleView.html?idxno=48836,https://www.irobotnews.com/news/articleView.html?idxno=48836
서울대학교,세계일보,“SNS에 일상 공유할수록 외롭다”…60세 이상서 연관성 뚜렷,AP연합뉴스 5일 의료계에 따르면 민경복 서울대 의과대학 예방의학교실 교수 연구팀은 ‘2024년 서울서베이’에 참여한 서울 거주 성인 3만4142명(평균 연령 52.3세)의 SNS 이용 행태와 외로움의 연관성을 분석했다....,2026-10-05 22:02,https://www.segye.com/newsView/20261005508628?OutUrl=naver,https://n.news.naver.com/mnews/article/022/0004164237?sid=105
서울대학교,동아일보,"한일 대학생, 카드로 수싸움 ‘브리지’로 첫 교류전 펼쳐","한국브리지협회는 5일 서울 성북구 고려대 미디어관에서 국내 최초로 국제 대학 브리지 교류전을 열었다.... 이날 경기에서는 일본 대표 선수단이 우승했고, 서울대와 동국대 학생 등으로 구성된 아시아·태평양 브리지...",2026-10-05 21:38,https://www.donga.com/news/Society/article/all/20261005/134787231/1,https://n.news.naver.com/mnews/article/020/0003752800?sid=102
연세대학교,동아일보,"한일 대학생, 카드로 수싸움 ‘브리지’로 첫 교류전 펼쳐","한국브리지협회는 5일 서울 성북구 고려대 미디어관에서 국내 최초로 국제 대학 브리지 교류전을 열었다. 브리지는 2명씩 한 팀을 이뤄 상대 팀과 트럼프 카드로 수싸움을 벌이는 게임이다. 이날 고려대와 연세대, 중앙대...",2026-10-05 21:38,https://www.donga.com/news/Society/article/all/20261005/134787231/1,https://n.news.naver.com/mnews/article/020/0003752800?sid=102
고려대학교,동아일보,"한일 대학생, 카드로 수싸움 ‘브리지’로 첫 교류전 펼쳐","한국브리지협회는 5일 서울 성북구 고려대 미디어관에서 국내 최초로 국제 대학 브리지 교류전을 열었다. 브리지는 2명씩 한 팀을 이뤄 상대 팀과 트럼프 카드로 수싸움을 벌이는 게임이다. 이날 고려대와 연세대, 중앙대...",2026-10-05 21:38,https://www.donga.com/news/Society/article/all/20261005/134787231/1,https://n.news.naver.com/mnews/article/020/0003752800?sid=102
연세대학교,안동MBC,[R]대구 IB 고등학교 대입 성과 '성공적'…대한민국 교육 패러다임 바꿀...,"대구시 교육청에 따르면, 2024학년도부터 2026학년도까지 대학입시에서 대구 지역 IB 고등학생들이 연세대와 고려대 등 수도권 주요 대학과 경북대 등 지역 거점 국립대에 대거 합격했습니다. 2024년 첫 IB 졸업생을 배출한...",2026-10-05 21:32,http://andongmbc.co.kr/adboard/NewsView85101,http://andongmbc.co.kr/adboard/NewsView85101
고려대학교,안동MBC,[R]대구 IB 고등학교 대입 성과 '성공적'…대한민국 교육 패러다임 바꿀...,"대구시 교육청에 따르면, 2024학년도부터 2026학년도까지 대학입시에서 대구 지역 IB 고등학생들이 연세대와 고려대 등 수도권 주요 대학과 경북대 등 지역 거점 국립대에 대거 합격했습니다. 2024년 첫 IB 졸업생을 배출한...",2026-10-05 21:32,http://andongmbc.co.kr/adboard/NewsView85101,http://andongmbc.co.kr/adboard/NewsView85101
연세대학교,데일리한국,'한국인 최초 유럽 오페라 데뷔' 메조소프라노 김청자 선생 별세...향년...,귀국 후에는 중앙대·연세대·한예종에서 교수로 일하며 많은 제자를 길러냈다. 2010년 정년퇴임 이후에는 아프리카 말라위로 건너가 학교를 세우는 등 봉사 활동에 매진하며 현지 청소년들에게 음악으로 희망을 전했다....,2026-10-05 21:30,https://daily.hankooki.com/news/articleView.html?idxno=1412029,https://daily.hankooki.com/news/articleView.html?idxno=1412029
서울대학교,TV조선,"금융권 약한 고리 노린 중국산 AI, ARTEX 얼마나 위험?","천정희 / 서울대 수리학부 교수 겸 보안업체 대표 ""AI가 기술을 많이 가지고 있기 때문에 고급 지식을 가진 해커가 아니어도 해킹하는 부분도 큰 위험성…."" AI가 스스로 취약점을 찾아내다보니 공격 속도는 갈수록...",2026-10-05 21:29,https://news.tvchosun.com/site/data/html_dir/2026/10/05/2026100590139.html,https://n.news.naver.com/mnews/article/448/0000643188?sid=101
서울대학교,CCDAILYNEWS,SNS에 일상 적극 공유할수록 외로움 높아…60대 이상서 뚜렷,5일 의료계에 따르면 민경복 서울대 의과대학 예방의학교실 교수 연구팀은 '2024년 서울서베이'에 참여한 서울 거주 성인 3만4142명을 대상으로 SNS 이용과 외로움의 연관성을 분석했다. 전체 조사 대상자의 28.2%가...,2026-10-05 21:28,https://www.ccdailynews.com/news/articleView.html?idxno=2444621,https://www.ccdailynews.com/news/articleView.html?idxno=2444621
서울대학교,CCDAILYNEWS,"공주시, 8일 '기후위기 대응 역량강화 교육' 실시",강연에는 서울대학교 과학교육·생물 박사인 안주현 과학 커뮤니케이터가 초청돼 기후변화가 우리의 일상에 미치는 영향을 설명할 예정이다. 강의에는 봄꽃이 일찍 피고 늦가을까지 모기가 나타나는 현상을 비롯해 폭염...,2026-10-05 21:28,https://www.ccdailynews.com/news/articleView.html?idxno=2444612,https://www.ccdailynews.com/news/articleView.html?idxno=2444612
연세대학교,CCDAILYNEWS,현정은 현대그룹 회장 민선 9기 1호 충북도 명예도지사 위촉,"앞서 박기출 PG 오토모티브 회장과 김기문 중소기업중앙회장 이상철 강릉영동대 총장, 정창영 전 연세대 총장, 신학철 LG화학 부회장 등이 명예도지사로 위촉됐었다. /배명식기자",2026-10-05 21:28,https://www.ccdailynews.com/news/articleView.html?idxno=2444634,https://www.ccdailynews.com/news/articleView.html?idxno=2444634
서울대학교,대구신문,'피지컬 AI 챌린지' 9일 경북대서 개막,"특히 서울대와 KAIST, POSTECH 등 주요 대학 학생과 연구자들이 참가 신청했으며, 삼성전자 재직자도 일반인 자격으로 이름을 올렸다. 로봇팔을 활용해 기업 과제를 직접 해결하는 1분과에는 대구·경북에 사업장을 둔...",2026-10-05 21:24,https://www.idaegu.co.kr/news/articleView.html?idxno=561427,https://www.idaegu.co.kr/news/articleView.html?idxno=561427
고려대학교,경향신문,AI에 뒷문 털린 금융권…‘망분리’ 현행 보안체계 찬반 논쟁,"이상근 고려대 정보보호대학원 교수는 “이번 사건은 기존 공격 기법의 ‘자동화’에 가깝다”며 “예전이라면 (시차를 두고) 띄엄띄엄 벌어졌을 사건인데, 이제는 누구나 도구를 설치하기만 하면 국내 금융권 전체를 한...",2026-10-05 21:19,https://www.khan.co.kr/article/202610052119005,https://n.news.naver.com/mnews/article/032/0003474372?sid=101
서울대학교,광주드림,통합특별시 출범 100일 기념 '인투 더 뉴 월드' 시민음악회,백윤학은 서울대학교 전기공학부와 작곡과 지휘전공을 졸업한 뒤 미국 커티스음악원과 템플대학교에서 수학했으며 콘서트와 오페라 무대에서 활동해왔다. 무대에는 전남광주통합특별시립교향악단과...,2026-10-05 21:14,http://www.gjdream.com/news/articleView.html?idxno=673199,http://www.gjdream.com/news/articleView.html?idxno=673199
서울대학교,경향신문,늙어가는 대학 건물…전국 6동 중 1동이 지은 지 ‘40년 이상’,5일 국회 교육위원회 소속 한병도 더불어민주당 의원이 교육부에서 받은 전국 382개 대학 교육용 건물... 서울대는 1975년 관악캠퍼스 이전 무렵 지어진 건물이 한꺼번에 노후화하면서 50년 이상 된 건물만...,2026-10-05 21:09,https://www.khan.co.kr/article/202610052109025,https://n.news.naver.com/mnews/article/032/0003474368?sid=102
서울대학교,경향신문,병원·일터서 차별…HIV·에이즈 구분 않는 법안명도 현실과 괴리[창간...,김재왕 서울대 법학전문대학원 공익법률센터 교수는 “치료제가 없던 시절 남성 동성애자 혐오와 맞물려 만들어진 이 조항이 오늘날 감염 사실을 숨기게 만들고 조기 치료를 피하게 하는 역효과를 낳고 있다”고...,2026-10-05 21:08,https://www.khan.co.kr/article/202610052108005,https://n.news.naver.com/mnews/article/032/0003474364?sid=102
연세대학교,경향신문,병원·일터서 차별…HIV·에이즈 구분 않는 법안명도 현실과 괴리[창간...,김재왕 서울대 법학전문대학원 공익법률센터 교수는 “치료제가 없던 시절 남성 동성애자 혐오와 맞물려... 국내 최초로 HIV를 다룬 학술서 을 펴낸 서보경 연세대 문화인류학과 교수는 “현행법의 이름을...,2026-10-05 21:08,https://www.khan.co.kr/article/202610052108005,https://n.news.naver.com/mnews/article/032/0003474364?sid=102
서울대학교,TBC대구방송,"산적한 TK 현안...""국감서 돌파구 모색""","안 그렇다고 하면 지자체 간의 어떤 갈등이 분명히 있을 수 있다.""] 행정안전위 국감에서는 행정통합 문제가 핵심 의제로 다뤄질 예정이며, 교육위원회에서는 서울대 10개 만들기 사업의 TK 패싱 논란이 쟁점이 될 것으로...",2026-10-05 21:04,https://www.tbc.co.kr/news/view?pno=20260929164138AE06175&id=211745,https://www.tbc.co.kr/news/view?pno=20260929164138AE06175&id=211745
서울대학교,JTV전주방송,"한병도 ""전북 출신 서울대 신입생 급감""","전북 출신 서울대 신입생이 크게 줄고 있습니다. 더불어민주당 한병도 의원에 따르면, 전북 출신 서울대 신입생은 2021학년도 69명에서 2026학년도 42명으로 5년 만에 39.1% 줄었습니다. 반면, 같은 기간 서울대 신입생...",2026-10-05 20:58,https://jtv.co.kr/news/article.php?id=71446,https://jtv.co.kr/news/article.php?id=71446
고려대학교,대구MBC,"""대구 IB 고등학교 대입 성과 '성공적'""···대한민국 교육 패러다임 바...","대구시 교육청에 따르면, 2024학년도부터 2026학년도까지 대학 입시에서 대구 지역 IB 고등학생들이 연세대와 고려대 등 수도권 주요 대학과 경북대 등 지역 거점 국립대에 대거 합격했습니다. 2024년 첫 IB 졸업생을 배출한...",2026-10-05 20:50,https://dgmbc.com/NewsArticle/865226,https://n.news.naver.com/mnews/article/657/0000055980?sid=102
연세대학교,대구MBC,"""대구 IB 고등학교 대입 성과 '성공적'""···대한민국 교육 패러다임 바...","대구시 교육청에 따르면, 2024학년도부터 2026학년도까지 대학 입시에서 대구 지역 IB 고등학생들이 연세대와 고려대 등 수도권 주요 대학과 경북대 등 지역 거점 국립대에 대거 합격했습니다. 2024년 첫 IB 졸업생을 배출한...",2026-10-05 20:50,https://dgmbc.com/NewsArticle/865226,https://n.news.naver.com/mnews/article/657/0000055980?sid=102
서울대학교,내일신문,"건국대, 우주 방사선에 의한 태양전지 손상 원인 규명","건국대학교는 화학과 이만종 교수 연구팀이 양성자가 태양전지 내부에 전달하는 에너지의 양과 위치에 따라... 이번 연구에는 성균관대와 경북대, 서울대, 고려대 연구진이 공동 참여했다. 한국연구재단과...",2026-10-05 20:42,https://www.naeil.com/news/read/604194?ref=naver,https://www.naeil.com/news/read/604194?ref=naver
서울대학교,한겨레,[단독] 폭염으로 ‘열사병 치료’ 최소 4200명…후유장해 인정은 1건,황승식 서울대 보건대학원 교수(예방의학 전문의)는 “국내에는 열사병 생존자 추적 관찰이나 연구가 드물다”며 “(기저질환이 있는) 고령층 환자가 많다 보니 치료 뒤 증상이 열사병 때문인지 인과관계를 입증하기가...,2026-10-05 20:32,https://www.hani.co.kr/arti/area/area_general/1281023.html,https://n.news.naver.com/mnews/article/028/0002826129?sid=102
연세대학교,스포츠경향,"이예준, 1년 만의 단독 콘서트 매진으로 ‘티켓 파워’ 증명","오는 11월 14일과 15일 서울 서대문구 연세대학교 백주년기념관 콘서트홀에서 열리는 이예준의 2026 단독... 2026 이예준 단독 콘서트 ‘YE’STERDAY : The Timeless Voice’는 11월 14일 오후 6시, 15일 오후 4시 연세대학교...",2026-10-05 20:22,https://sports.khan.co.kr/article/202610052021003?pt=nv,https://m.entertain.naver.com/article/144/0001142261
고려대학교,지디넷코리아,"""해킹 비상 한국, 이제 시작""...보안전문가들 CSF 구축 등 해법 제시","김승주 고려대 정보보호대학원 교수 김 교수는 ""정부와 공공기관, 주요 기업이 보유한 서버와 네트워크 장비는 물론 사용 중인 소프트웨어와 버전, 패치 상태, 인터넷과 연결되는 모든 접점까지 제대로 식별해야 한다...",2026-10-05 20:18,https://zdnet.co.kr/view/?no=20261005201759,https://n.news.naver.com/mnews/article/092/0002439856?sid=105
연세대학교,MHN스포츠,"'복근 장착'해 돌아온 '32기 돌싱' 영수, 만난 지 3시간 만에 스킨십…첫...",5일 방송되는 KBS Joy·MBC에브리원 예능 프로그램 '계약결혼' 2회에서는 연세대학교 경제학과를 졸업한 공인회계사 최정현이 새로운 인연을 찾아 나서는 모습이 그려진다. 187cm의 장신인 최정현은 최근 보디 프로필 촬영을...,2026-10-05 20:17,https://mhnse.com/news/articleView.html?idxno=1575414,https://m.entertain.naver.com/article/445/0000472430
고려대학교,중앙일보,캠퍼스로 뻗어나가는 브리지…활기 넘친 국제 대학생 교류전,국내 최초의 브리지 캠퍼스 교류전인 제1회 국제 대학교 브리지 교류전이 5일 고려대 서울캠퍼스... 아직 대학생 선수들이 많지 않은 한국 브리지는 이 대회 출전을 위해 5월부터 주요 대학교를 찾아다니며 선수들을...,2026-10-05 20:14,https://www.joongang.co.kr/article/25467251,https://m.sports.naver.com/general/article/025/0003555840
서울대학교,중앙일보,캠퍼스로 뻗어나가는 브리지…활기 넘친 국제 대학생 교류전,"국내 최초의 브리지 캠퍼스 교류전인 제1회 국제 대학교 브리지 교류전이 5일 고려대 서울캠퍼스... 이날 대회장에는 서울대와 고려대, 연세대, 중앙대, 동국대, 원주한라대, 울산대 학생들과 일본의 교토대 학생들이...",2026-10-05 20:14,https://www.joongang.co.kr/article/25467251,https://m.sports.naver.com/general/article/025/0003555840
연세대학교,중앙일보,캠퍼스로 뻗어나가는 브리지…활기 넘친 국제 대학생 교류전,"아직 대학생 선수들이 많지 않은 한국 브리지는 이 대회 출전을 위해 5월부터 주요 대학교를 찾아다니며... 이날 대회장에는 서울대와 고려대, 연세대, 중앙대, 동국대, 원주한라대, 울산대 학생들과 일본의 교토대...",2026-10-05 20:14,https://www.joongang.co.kr/article/25467251,https://m.sports.naver.com/general/article/025/0003555840
고려대학교,광주일보,5·18 전국화·세계화 한창인데 ‘광주’로 한정 짓자는 국힘,광주지법은 2007년 1980년 10월 서울 고려대에서 ‘광주학살 진상규명’ 등을 요구하며 시위를 벌이다 연행·구금돼 처벌받은 당시 대학생들을 5·18 보상 대상자로 인정했다. 당시 보상심의위원회는 관련자의 범위를...,2026-10-05 20:10,http://www.kwangju.co.kr/article.php?aid=1791198300803966004,http://www.kwangju.co.kr/article.php?aid=1791198300803966004
서울대학교,엑스포츠뉴스,"성현주, 8살에 세상 떠난 아들 떠올리며 오열 ""1000일간 의식 없었다…...","이후 성현주는 병원에서 아들과 함께했던 1000일간의 기록을 엮은 에세이를 출간했으며, 인세 전액을 서울대학교어린이병원에 기부했다. 지난해 9월에는 둘째 딸을 품에 안았다. 성현주는 ""사실 동기들한테 저도 한 번도...",2026-10-05 20:09,https://www.xportsnews.com/article/2204287,https://m.entertain.naver.com/article/311/0002065543
고려대학교,JTBC,"""수백억 들인"" 은행 보안 어쩌다…'여기' 파고든 해커",[임종인/고려대 정보보호대학원 석좌교수 : 점검을 해도 AI가 나오기 전까지는 이 정도 하면 됐다고 그랬는데 AI가 나오면서 숨겨져 있는 취약점을 찾고 공격 방법도 생각해내고…] 금융당국도 이번 공격이 AI를 활용해...,2026-10-05 20:08,https://news.jtbc.co.kr/article/NB12321417?influxDiv=NAVER,https://n.news.naver.com/mnews/article/437/0000514175?sid=101
고려대학교,MBC,연휴 마치면 보이스피싱?‥금융권 해킹 2차 피해 우려,"[이경호/고려대 정보보호대학원 교수] ""지금 보이스피싱이 정보의 특성에 따라서 만들어지고 있거든요. 지금 탈취된 계정들과 그 계정이 사용되는 업무 용도가 있지 않습니까? 그런 것들을 활용해서 공격 구조를 만들겠죠....",2026-10-05 20:05,https://imnews.imbc.com/replay/2026/nwdesk/article/6855851_37004.html,https://n.news.naver.com/mnews/article/214/0001527243?sid=101
서울대학교,뉴데일리,누가 그들에게 '역사창작 면허'를 줬나 [문화 진지전 ③],"10·26사태를, '서울의 봄(2023)'에서 12·12사태를 다룬 흐름은 우연한 연속으로 보기 어렵다. 한 제작사가 한국... 1974년 10월 23일 동아일보가 서울대 농대생들의 시위 기사를 보도하자 중앙정보부가 편집국장과 기자들을...",2026-10-05 20:00,https://www.newdaily.co.kr/site/data/html/2026/10/05/2026100500083.html,https://www.newdaily.co.kr/site/data/html/2026/10/05/2026100500083.html
고려대학교,채널A,휴대전화 내려놓고 두뇌싸움…‘브리지’ 한일전,"[윤성원 / 울산대 학생] ""디지털을 안 보고 머리 두뇌를 계속 쓰면서 하는 게 굉장히 도움이 많이 될 것 같고 되게 새로운 취미라고 하기에도 되게 즐겁게."" 오늘 고려대에서 열린 국제 교류전선 한일 대학생 팀이...",2026-10-05 19:59,https://www.ichannela.com/news/main/news_detailPage.do?publishId=000000553681,https://n.news.naver.com/mnews/article/449/0000363072?sid=102
서울대학교,경기일보,[경기시론] 보혁갈등과 영화배우 수난,하지만 1974년 10월 동아일보의 ‘자유언론실천선언’은 서울대생들의 시위 기사를 실었다는 이유로 편집국장 등이 정보기관에 연행된 데 따른 저항이었다. 8·15 저격 사건과 직접적인 관련이 없었음에도 두 사건을 연결한...,2026-10-05 19:53,https://www.kyeonggi.com/article/20261005580336,https://n.news.naver.com/mnews/article/666/0000126151?sid=110
고려대학교,위클리오늘,"[위클리오늘] 경북도, 장상길 전 포항시 부시장 지난 1일, 경북환경연수...","장 원장은 포항 출신으로 대구고와 고려대학교 경제학과를 졸업한 뒤 1998년 행정고시에 합격해 공직생활을 시작했다. 이후 경북도 도청신도시본부장, 도청신도시본부장, 일자리민생본부장, 영천시 부시장, 경상북도...",2026-10-05 19:44,http://www.weeklytoday.com/news/articleView.html?idxno=796896,http://www.weeklytoday.com/news/articleView.html?idxno=796896
서울대학교,재외동포신문,서울대 '세계한인 통일평화 최고지도자과정' 총동문회 출범,서울대학교가 세계 각국 한인 지도자들을 연결하는 통일·평화 글로벌 네트워크 구축에 본격적으로 나섰다. 서울대학교 통일평화연구원(원장 김범수)은 10월 4일 서울대학교 관악캠퍼스 락구정 다목적홀에서 '세계한인...,2026-10-05 19:42,https://www.dongponews.net/news/articleView.html?idxno=60907,https://www.dongponews.net/news/articleView.html?idxno=60907
고려대학교,디지털타임스,[기획] 1200억 방벽도 ‘뻥’… AI에 허점 콕 찔린 ‘은행보안’,"김승주 고려대 정보보호대학원 교수는 “지난해 통신사 해킹 때 국가 차원의 전수조사 필요성을 강조했음에도 이뤄지지 않았다”며 “뚫린 곳은 전부 소홀히 관리된 사이트로, IT 자산 파악 자체가 잘 안 되고 있어...",2026-10-05 19:39,https://www.dt.co.kr/article/12087487?ref=naver,https://n.news.naver.com/mnews/article/029/0003051509?sid=105
서울대학교,GOLFHANKOOK,[방민준의 골프세상] 우승을 잊어야 우승이 온다: 윤이나의 경우,"*칼럼니스트 방민준: 서울대에서 국문학을 전공했고, 한국일보에 입사해 30여 년간 언론인으로 활동했다. 30대 후반 골프와 조우, 밀림 같은 골프의 무궁무진한 세계를 탐험하며 다양한 골프 책을 집필했다. 그에게 골프와...",2026-10-05 19:36,https://golfhankook.hankooki.com/news/articleView.html?idxno=20022144,https://golfhankook.hankooki.com/news/articleView.html?idxno=20022144
서울대학교,경남신문,"경상국립대 교수회장·총동문회장, 국회 앞 1인 시위","경상국립대 박상식 교수회장과 김택균 총동문회이 2일 국회 앞에서 정부의 '서울대 10개 만들기' 정책이 특정... 박 회장은 ""지역을 고사시키는 '서울대 10개 만들기' 정책을 원점에서 재검토하라""는 문구와 함께 선별 지원...",2026-10-05 19:06,https://www.knnews.co.kr/news/articleView.php?idxno=1552182,https://www.knnews.co.kr/news/articleView.php?idxno=1552182
서울대학교,EBS,2026 국정감사 '수시 먹통'·'서·논술형 수능' 쟁점,"대학 교육 분야에서는 이재명 정부의 교육 분야 주요 공약이었던 '서울대 10개 만들기'도 검증대에 오를 것이라고 입법조사처는 예측했습니다. 또, 이번 달 말 우리나라 교육정책의 장기 방향을 결정하는 '중장기...",2026-10-05 19:02,http://news.ebs.co.kr/ebsnews/allView/60775958/N,http://news.ebs.co.kr/ebsnews/allView/60775958/N
고려대학교,경인일보,[국회 토론회] 가정·교제 폭력 ‘예방 호루라기’… “법률적 구멍 메...,이 같은 맥락에서 관계성 범죄의 범위를 넓혀 보호막을 펼치면서도 실제 현장에서 이런 제도가 작동할 수 있도록 현실적인 고려가 필요하다는 주장도 나왔다. 고려대학교 법학연구원 강효원 전임 연구원은 “이별 통보...,2026-10-05 19:02,https://www.kyeongin.com/article/1771986,https://www.kyeongin.com/article/1771986
연세대학교,스포츠동아,새신랑 최정현 9kg 감량하고 확 달라졌네…초스피드 스킨십 눈길 (계약...,"최정현은 연세대학교 경제학과를 졸업한 공인회계사로, 서울 출신의 엘리트 면모와 의외의 인간미를 함께 보여줄 예정이다. 187cm의 큰 키에 보디 프로필 촬영을 위해 9kg을 감량한 달라진 모습도 공개한다. 현재 싱글인...",2026-10-05 19:01,https://sports.donga.com/ent/article/all/20261005/134787291/1,https://m.entertain.naver.com/article/382/0001297262
서울대학교,중앙일보,"“수능 44일, 늦지 않았다”…7등급→서울치대 간 남자의 비밀","합격 -2026년 서울대 치의학과 합격, 리트 시행 최초 만점 획득 고3 현역 수능 때 국어 7등급을 받은... 그리고 그는 8년 뒤 2026학년도 수능 전 과목 1등급, 전국 3등 성적으로 서울대 치대에 합격합니다. “활자를...",2026-10-05 18:57,https://www.joongang.co.kr/article/25467244,https://n.news.naver.com/mnews/article/025/0003555833?sid=102
고려대학교,중앙일보,"“수능 44일, 늦지 않았다”…7등급→서울치대 간 남자의 비밀","시작 -2024년 고려대 인문계열 합격 -2026년 서울대 치의학과 합격, 리트 시행 최초 만점 획득 고3 현역 수능 때 국어 7등급을 받은 이진우씨. 군 전역 후 치른 두 번의 수능도 결과는 참담했습니다. ‘죽을 때까지...",2026-10-05 18:57,https://www.joongang.co.kr/article/25467244,https://n.news.naver.com/mnews/article/025/0003555833?sid=102
서울대학교,한겨레,잘 알려지지 않은 저자가 쓴 책들이 내 학문에 큰 도움,"서울대 물리학과에서 30여년 교수로 일하다 퇴임하고, 지금은 충남 아산에서 살고 있다. 자유로운 사색을 통해 통합적 학문의 모습을 그려보는 ‘소요거사’로 지낸다. 물리학 말고도 과학이론의 구조와 성격, 생명의 이해...",2026-10-05 18:46,https://www.hani.co.kr/arti/opinion/column/1281011.html,https://n.news.naver.com/mnews/article/028/0002826117?sid=110
서울대학교,국민일보,학교 파고드는 AI… 문해력 갉아먹는 독? 교육 혁신의 약?,하민수 서울대 사범대 교수는 “세탁기가 나왔는데 손빨래 시절로 돌아가기는 어렵다. AI 활용을 꼭 나쁘게만 볼 필요는 없다. 예컨대 학생이 어떤 사안에 대해 토론해보고 싶은데 상대 토론자가 없을 경우 AI에...,2026-10-05 18:45,https://www.kmib.co.kr/article/view.asp?arcid=9000019951&cp=nv,https://n.news.naver.com/mnews/article/005/0001876833?sid=102
서울대학교,이데일리,"특정 신경세포 제어하고, 시각 회복 연구도···'광유전학' 개척자들 노...","현재 서울대(김성현 교수), MIT(전광훈 교수) 등이 교수로 재직하고 있어 한국과 인연도 깊다”고 설명했다. 한편, 노벨상은 스웨덴 발명가이자 사업자였던 알프레드 노벨의 “인류에 가장 큰 공헌을 한 사람들에게 상을...",2026-10-05 18:39,https://www.edaily.co.kr/News/Read?newsId=02817526645609968&mediaCodeNo=257&utm_source=naver&utm_medium=referral&utm_campaign=news_syndication&utm_content=original_article,https://n.news.naver.com/mnews/article/018/0006381363?sid=105
연세대학교,한겨레,10월6일 궂긴 소식,"◆ 손정영씨 별세: 김말순씨 남편, 동의(하나은행 전 지점장) 진이(대동세무고 교사)씨 부친, 조영진(대한항공 객실사무장)씨 시부, 김영수(와이티엔 보도제작국 시사제작팀장)씨 장인=5일 오전 3시37분 연세대...",2026-10-05 18:38,https://www.hani.co.kr/arti/society/obituary/1281008.html,https://n.news.naver.com/mnews/article/028/0002826113?sid=102
서울대학교,파이낸셜뉴스,고위 관료 '인사 병목' 심화… 금융위 부위원장 발탁 늦어지나,"이명박 정부시절 서울대 경제학과 교수였던 이창용 전 한국은행 총재가 부위원장에 임명된 바 있으며, 윤석열정부 시절에도 김소영 서울대 경제학과 교수가 금융위 부위원장으로 발탁된 전례가 있어 학계나 연구원...",2026-10-05 18:38,https://www.fnnews.com/news/202610051835284769,https://n.news.naver.com/mnews/article/014/0005585094?sid=101
서울대학교,한겨레,10월6일 알림,◇ 늦봄문익환기념사업회는 오는 24일 오후 4시 서울 문익환통일의 집에서 통일의집 기금마련... ◇ 서울대는 삼성미래기술육성재단과 오는 7일까지 경북 경주에서 양자컴퓨팅·차세대 반도체 등 양자물질 분야...,2026-10-05 18:38,https://www.hani.co.kr/arti/society/ngo/1281007.html,https://n.news.naver.com/mnews/article/028/0002826112?sid=102
서울대학교,로봇신문,"파이낸셜타임스 ""한·일 조선업계, 中 '조선업 패권'에 로봇 자동화로 ...","우종훈 서울대 조선해양공학과 교수는 FT에 ""중국이 한국과 일본보다 조선업에 로봇을 더욱 공격적이고... 우종훈 서울대 교수는 ""복잡한 작업에는 여전히 사람 손의 정교한 움직임이 요구된다""며 ""향후 5년 안에...",2026-10-05 18:36,https://www.irobotnews.com/news/articleView.html?idxno=48819,https://www.irobotnews.com/news/articleView.html?idxno=48819
서울대학교,부산일보,지방환자 ‘서울 원정진료’ 러시…사회경제적비용 연간 1조 7480억원,지역 거점 역할을 해야 할 지방 국립대병원은 서울 소재 5대 초대형 상급종합병원(서울아산병원·삼성서울병원·서울대학교병원·세브란스병원·가톨릭대학교 서울성모병원)인 ‘빅5 병원’과 비교해 턱없이...,2026-10-05 18:26,https://www.busan.com/view/busan/view.php?code=2026100516442525141,https://n.news.naver.com/mnews/article/082/0001401213?sid=101
고려대학교,TV조선,폭언에 부당 지시까지…6일 국회서 간호사 인권침해 대책 논의,2부 정책토론에서는 이주호 고려대학교 노동문제연구소 보건의료정책연구센터장이 좌장을 맡는다. 김정미 간호협회 간호노동개혁위원회 위원장 겸 경기도간호사회 회장이 ‘대한간호협회 의료기관 근무 간호사의...,2026-10-05 18:24,https://news.tvchosun.com/site/data/html_dir/2026/10/05/2026100590101.html,https://n.news.naver.com/mnews/article/448/0000643162?sid=102
고려대학교,파이낸셜뉴스,[기고] 한국 통상전략의 새로운 선택지 CPTPP,CPTPP는 그 중요한 축이 될 수 있다. 핵심은 가입 자체가 아니라 시장과 공급망을 다변화하고 새로운 통상규범 형성에 참여하면서 국내 피해 분야의 구조전환을 지원하는 것이다. 강문성 고려대 국제대학원 교수,2026-10-05 18:22,https://www.fnnews.com/news/202610051820425075,https://n.news.naver.com/mnews/article/014/0005585069?sid=110
서울대학교,대경일보,"고령군, 식물 엑소좀 거점 구축사업 참여","비전 선포식은 'Pohang Global Bio Forum 2026'과 연계해 경상북도와 포항시 주최, 포스텍 주관으로, 경상북도와 포항시를 비롯해 영천시·경산시·고령군·예천군, 한국연구재단, 포스텍, 서울대학교 병원, 연구기관 및...",2026-10-05 18:20,https://www.dkilbo.com/news/articleView.html?idxno=556303,https://www.dkilbo.com/news/articleView.html?idxno=556303
고려대학교,세계일보,2만5000건 대 0건… 해킹 피해 가른 건 ‘정보 분리·AI 방어’ [AI發 금...,김승주 고려대 정보보호대학원 교수는 “이번에 AI 도구가 사용됐으나 기상천외한 해킹은 아니었다”며 “그럼에도 뚫린 이유는 보안 대비에 게을렀던 전적들이 쌓여 만들어진 ‘보안 부채’ 때문”이라고 꼬집었다....,2026-10-05 18:17,https://www.segye.com/newsView/20261005508905?OutUrl=naver,https://n.news.naver.com/mnews/article/022/0004164193?sid=101
고려대학교,서울경제,‘FAIL’ 떠도 알아서 해킹 루트 개척…“공항·발전소도 이미 사정권”,이상근 고려대 인공지능보안연구소장은 “전력·국방 등 국가 핵심 인프라는 금융권보다 높은 수준의 보안 체계를 갖추고 있지만 미처 파악하지 못한 외부 접점이나 취약점이 존재할 수 있다”며 “미국도 4월 핵심...,2026-10-05 18:14,https://www.sedaily.com/article/20098229?ref=naver,https://n.news.naver.com/mnews/article/011/0004668300?sid=105
서울대학교,뉴데일리,전국 대학 건물 6동 중 1동 ‘40년 이상’…2035년엔 3동 중 1동,"전북 익산시을, 국회 교육위원회)이 교육부에서 제출받은 전국 382개 대학 교육용 건물 현황을 분석한... 전망됐고, 서울대는 1975년 관악캠퍼스 이전을 전후해 건립된 시설들이 동시에 50년을 맞으면서 현재 50년...",2026-10-05 18:12,https://gj.newdaily.co.kr/site/data/html/2026/10/05/2026100500045.html,https://gj.newdaily.co.kr/site/data/html/2026/10/05/2026100500045.html
고려대학교,경기일보,[새얼굴] 양정열 경기지방고용노동청장,"1970년생인 양 청장은 광주 출신으로 고려대 무역학과를 졸업한 후 1996년 행정고시 39회로 공직에 입문했다. 중부지방고용청 부천지청장, 공공노사정책관실 공공기관노사관계과장, 최저임금위원회 상임위원, 노동정책실...",2026-10-05 18:05,https://www.kyeonggi.com/article/20261005580229,https://n.news.naver.com/mnews/article/666/0000126137?sid=102
연세대학교,한국경제,'빚의 제국 빛을 잃다' 보도 인상적…고금리 위험요인 더 짚어달라,이날 회의에는 박병원 한경 독자위원회 위원장(전 한국경영자총협회 회장) 주재로 강태수(KAIST 금융전문대학원 초빙교수)·곽주영(연세대 경영대학 교수)·김도영(서강대 경제학부 교수)·김우경(SK이노베이션 PR실장)...,2026-10-05 18:04,https://www.hankyung.com/article/2026100536531,https://n.news.naver.com/mnews/article/015/0005339251?sid=102
서울대학교,경남도민신문,경상국립대 김건우 교수 공동 연구팀 '가명정보 활용 경진대회' 대상,(국립산림과학원·서울대·한국임업진흥원) '산림치유 정신건강팀'이 '2026 가명정보 활용 경진대회'에서... 시상식은 9월 30일 서울 서초구 엘타워에서 열렸다. 올해는 총 123개팀이 참가해 모두 20점이 시상됐으며...,2026-10-05 18:03,http://www.gndomin.com/news/articleView.html?idxno=491606,http://www.gndomin.com/news/articleView.html?idxno=491606
서울대학교,한국경제,"첫 민간인 출신 방산 단체장 ""싱크탱크 역할 강화""",5일 서울 도화동 방진회관에서 한 인터뷰에서 “방진회가 국내 방산의 연구기관 역할을 해야 한다”며... 서울대 법대 출신인 이 부회장은 행시 35회로 공직에 입문한 후 국방부와 국가보훈처 등에서 주요 보직을 맡았다. 이...,2026-10-05 18:02,https://www.hankyung.com/article/2026100537291,https://n.news.naver.com/mnews/article/015/0005339247?sid=101
연세대학교,연합뉴스TV,"[뉴스와이드] 합참 ""DMZ 폭발 지뢰, 北 매설로 최종 판단""","관련 소식, 차두현 아산정책연구원 부원장, 봉영식 연세대 객원교수, 두 분과 함께 짚어보겠습니다.  조금 전 합참이 DMZ 지뢰 폭발 사건 최종 조사 결과를 발표했습니다. 북한군 지뢰를 명확히 확인하였고...",2026-10-05 18:01,http://www.yonhapnewstv.co.kr/news/MYH20261005180010RsH,https://n.news.naver.com/mnews/article/422/0000912715?sid=100
서울대학교,충청타임즈,"[칼럼] ""2028 대입 이 손안에 있소이다""",서울대는 2028 고교학점제 대입의 안착을 위해서 2024년과 2025년에 대입정책포럼을 개최하고 자료집을... '역량 기반 대입'이라 할 만큼 '역량'을 정확히 이해 해야 서울대 대입전형 시행 계획을 이해하고 분석해서 서울대...,2026-10-05 17:58,http://www.cctimes.kr/news/articleView.html?idxno=930605,http://www.cctimes.kr/news/articleView.html?idxno=930605
서울대학교,서울경제,"트럼프·젤렌스키, 평화상 후보 포함…문학상엔 ‘중국의 카프카’ 찬쉐...",김의영 서울대 정치외교학부 교수는 세계정치학회(IPA) 전현직 회장 등 일부 정치학자가 올해 1월 대한민국 ‘시민 전체(Citizen Collective)’를 후보로 추천했다고 밝힌 바 있다. 오슬로평화연구소(PRIO)는 ‘세이브...,2026-10-05 17:58,https://www.sedaily.com/article/20098213?ref=naver,https://n.news.naver.com/mnews/article/011/0004668287?sid=104
서울대학교,경기일보,[새얼굴] 최관병 중부지방고용노동청장,"최 청장은 제주 대기고, 서울대 지리학과를 졸업했으며 제41회 행정고시에 합격해 공직에 입문했다. 고용노동부 산재예방정책과장과 노사협력정책과장, 서울고용센터 소장, 울산지방노동위원회 위원장 등을 거쳤으며...",2026-10-05 17:56,https://www.kyeonggi.com/article/20261005580227,https://n.news.naver.com/mnews/article/666/0000126134?sid=102
연세대학교,한겨레,지나친 풍요와 공짜 행운이 불러온 한바탕 소동,"평범한 일상, 정당한 대가를 치르고 얻은 작은 결실, 배려와 친절, 그리고 나눔과 섬김일 것입니다. 이 단순한 진리를 다시 한 번 되새겨 봅니다. 고광윤 연세대 영어영문학과 교수·슬로우 미러클 영어 그림책 박물관 대표",2026-10-05 17:56,https://www.hani.co.kr/arti/society/schooling/1280981.html,https://n.news.naver.com/mnews/article/028/0002826087?sid=102
서울대학교,서울신문,"재단 돈 1100억 끌어와 경영권 방어 시도…조원태, 비판 여론에 철회","서울신문이 5일 금융감독원 공시 등을 분석한 결과 조 회장은 지난 7월 모친인 이명희 정석기업 고문에게서... 박상인 서울대 행정학과 교수는 “이런 형태의 지분 취득은 지배력 강화가 가장 큰 목적으로, ‘코리안...",2026-10-05 17:54,https://www.seoul.co.kr/news/economy/2026/10/05/20261005500114?wlog_tag3=naver,https://n.news.naver.com/mnews/article/081/0003686123?sid=101
서울대학교,경북일보,"대구경북 중소기업계, 민주당에 신공항·반도체 클러스터 지원 요청",아울러 대구 주력 산업과 연계할 수 있는 반도체 클러스터 구축과 국가균형발전을 위한 2차 공공기관 이전 및 서울대 10개 만들기를 골자로 한 지방 국립대 지원 확대 필요성을 건의했다. 성태근 중기중앙회...,2026-10-05 17:52,https://www.kyongbuk.co.kr/news/articleView.html?idxno=4086286,https://www.kyongbuk.co.kr/news/articleView.html?idxno=4086286
고려대학교,서울경제,은행 전산엔 아직도 50년된 코볼…“망분리 규제 완화 서둘러야”,"이상근 고려대 정보보호대학원 스마트보안학부 교수는 “금융권은 그동안 망 분리를 중심으로 보안 체계를 구축해왔다”며 “큰 해자를 만들어 적의 침입을 막는 방식인데, 외부와 차단돼 있다는 믿음 때문에 내부...",2026-10-05 17:50,https://www.sedaily.com/article/20098202?ref=naver,https://n.news.naver.com/mnews/article/011/0004668276?sid=101
고려대학교,한국일보,"""부정인출 가능성은 제로""라지만…해커 손에 넘어간 금융사기 '무기'","김승주 고려대 정보보호대학원 교수는 ""서버와 네트워크 장비, 소프트웨어와 패치상태 등 모든 접점을 제대로 파악하고, 공격자가 노릴 수 있는 '쪽문'의 개수 자체를 줄여야 한다""고 말했다.",2026-10-05 17:40,https://www.hankookilbo.com/news/article/A2026100516020002977?did=NA,https://n.news.naver.com/mnews/article/469/0000957765?sid=101
고려대학교,매일경제,영업맨 돕는 AI 비서…카이스트·고대생 뭉친 ‘위드아웃’ 교육부장관...,행사는 대학·기업·연구기관·지역이 함께 만든 산학연 협력 성과와 정책을 전시·공유하기 위해 열렸다. 카이스트 전산학부에 재학중인 강지훈 군과 고려대에서 환경생태·경영학을 전공중인 임규민 군이 뭉친 이...,2026-10-05 17:38,https://www.mk.co.kr/article/12168634,https://n.news.naver.com/mnews/article/009/0005744169?sid=102
고려대학교,남도일보,"""3곳 분산보다 무안 민·군 겸용""…광주 군공항 조기 이전 대안 부상","첫 발제자로 나선 최영태 전남대학교 명예교수는 '광주 반도체 클러스터 조성을 위한 광주 군공항 조기 이전... 종합토론에는 김태곤 고려대학교 전자 및 정보공학과 교수와 임소연 남도일보 기자, 국무조정실...",2026-10-05 17:34,https://www.namdonews.com/news/articleView.html?idxno=925247,https://www.namdonews.com/news/articleView.html?idxno=925247
서울대학교,뉴스핌,"전남광주시, '통합 100일' 기념 시민음악회 개최",서울대학교 전기공학부와 작곡과(지휘 전공)를 졸업하고 미국 커티스음악원과 템플대학교에서 수학한 전문가다. 전남광주통합특별시립교향악단·목포시립교향악단·카메라타전남 단원으로 구성된...,2026-10-05 17:32,https://www.newspim.com/news/view/20261005000038,https://www.newspim.com/news/view/20261005000038
고려대학교,금강일보,'스디파' 10인 안무가 전국투어 콘서트 개최… 일정·티켓팅은?,"이번 전국투어는 오는 11월 21~22일 서울 고려대학교 화정체육관에서 열리는 공연을 시작으로 광주(11월 28일), 부산(12월 5일), 대전(12월 13일), 대구(12월 19일) 등 전국 5개 지역에서 총 10회 진행된다. 공연장은 광주...",2026-10-05 17:30,https://www.ggilbo.com/news/articleView.html?idxno=1184195,https://www.ggilbo.com/news/articleView.html?idxno=1184195
서울대학교,매일경제,[기고] '호황 달콤함' 뒤에 가려진 조선업의 미래,"그 모습은 어려운 시기가 찾아왔을 때 나타난다. 한국 조선업의 미래는 지금의 호황이 얼마나 오래 지속되느냐보다, 이 호황기 이후를 얼마나 철저히 준비하느냐에 달려 있다. [김용환 서울대 조선해양공학과 교수]",2026-10-05 17:19,https://www.mk.co.kr/article/12168564,https://n.news.naver.com/mnews/article/009/0005744114?sid=110
서울대학교,전남매일,"전남광주교육청, 최승복 전 부교육감 별세 애도","고인은 서울대학교 경영학과를 졸업하고 아주대학교에서 경영학 석사 학위를 받았으며 미국... 1996년 행정고시 39회로 공직에 입문한 뒤 목포대학교 사무국장, 서울교육청 기획조정실장, 교육부 역사교과서 국정화...",2026-10-05 17:18,http://www.jndn.com/article.php?aid=1791188060440686005,http://www.jndn.com/article.php?aid=1791188060440686005
서울대학교,아시아투데이,[지금 관악은] 서울대 R&D 품고 글로벌 도약…'관악S밸리 창업페스티벌...,"지난 1일과 3일 서울 관악구청에서 '2026 관악S밸리 창업페스티벌'이 개최됐다. 올해는 'Beyond Borders, Beyond... 박 구청장은 ""제가 바로 관악S밸리를 설계한 기획자""라며 ""'관악S밸리'는 서울대학교와 협력을 바탕으로 한...",2026-10-05 17:18,https://www.asiatoday.co.kr/kn/view.php?key=20261005010001134,https://www.asiatoday.co.kr/kn/view.php?key=20261005010001134
연세대학교,매일경제,[부음] 손정영씨 별세 외,"▲손정영씨 별세, 김말순씨 배우자상, 손동의 손진이씨 부친상, 조영진씨 시부상, 김영수씨(YTN 보도제작국 시사제작팀장) 장인상=5일 연세대 세브란스병원, 발인 7일 오전 8시. (02)2227-7500 ▲김초자씨 별세...",2026-10-05 17:05,https://www.mk.co.kr/article/12168543,https://n.news.naver.com/mnews/article/009/0005744099?sid=102
고려대학교,경향신문,"망분리했지만 ‘뒷문’ 못 막았다…‘보안 ABC’ 놓쳐, 망분리 완화론도...","이상근 고려대 정보보호대학원 교수는 “이번 사건은 기존 공격 기법의 ‘자동화’에 가깝다”며 “예전이라면 (시차를 두고)띄엄띄엄 벌어졌을 사건인데, 이제는 누구나 도구를 설치하기만 하면 국내 금융권 전체를 한...",2026-10-05 17:05,https://www.khan.co.kr/article/202610051705001,https://n.news.naver.com/mnews/article/032/0003474310?sid=101
서울대학교,중도일보,민선 9기 허태정號 100일…민생·경제 연착륙 호평,충남대도 이른바 '서울대 10개 만들기' 사업에 선정돼 향후 5년간 3500억 원을 지원받는다. 2027년도 정부예산안에는 대전 관련 국비 5조1043억 원이 반영되며 처음으로 5조 원 시대를 열었다. 도시철도 2호선 트램 건설비...,2026-10-05 17:04,https://www.joongdo.co.kr/web/view.php?key=20261005010000997,https://www.joongdo.co.kr/web/view.php?key=20261005010000997
서울대학교,매일신문,[매일춘추] 작은 미술관의 큰 질문,"연구실을 나와 산책하다 경북대학교 미술관의 '표준 사용법' 전시 제목 앞에서 걸음을 멈췄다. 대학 안에 번듯한 미술관이 있다는 것은 큰 축복이다. 서울대 미술관의 규모에는 미치지 못할지언정, 지역 거점...",2026-10-05 17:02,https://www.imaeil.com/page/view/2026100517010179545,https://n.news.naver.com/mnews/article/088/0001032371?sid=103
연세대학교,텐아시아,'나솔' 32기 영수 맞아?…9kg 감량→근육질 몸매로 '계약결혼' 출격,5일 방송되는 KBS Joy·MBC에브리원 '계약결혼'에는 연세대학교 경제학과를 졸업한 공인회계사 최정현이 출연한다. 187cm의 키를 가진 그는 보디 프로필 촬영을 위해 9kg을 감량한 모습으로 등장한다. 현재 싱글인 최정현은...,2026-10-05 17:01,https://www.tenasia.co.kr/article/2026100532764,https://m.entertain.naver.com/article/312/0000778725
서울대학교,국제신문,"윤이상국제음악콩쿠르, 차세대 피아니스트 23명 본선 진출 치열한 경연...","역대 피아노 부문 수상자로 ‘2009 리즈 콩쿠르’에서 우승한 소피아 굴리악(2008), 서울대학교 교수로 재직 중인 김다솔(2005), 한국예술종합학교 교수로 재직 중인 윤홍천(2008), ‘2022 반 클라이번 콩쿠르’에서...",2026-10-05 17:00,http://www.kookje.co.kr/news2011/asp/newsbody.asp?code=0300&key=20261005.99099001000,https://n.news.naver.com/mnews/article/658/0000157511?sid=102
연세대학교,경향신문,‘전파 방지’ 갇힌 에이즈예방법…‘돌봄 책무’로 전환해야,김재왕 서울대 법학전문대학원 공익법률센터 교수는 “치료제가 없던 시절 남성 동성애자 혐오와 맞물려... 국내 최초로 HIV를 다룬 학술서 을 펴낸 서보경 연세대 문화인류학과 교수는 “현행법의 이름을...,2026-10-05 17:00,https://www.khan.co.kr/article/202610051700011,https://n.news.naver.com/mnews/article/032/0003474307?sid=102
서울대학교,경향신문,‘전파 방지’ 갇힌 에이즈예방법…‘돌봄 책무’로 전환해야,김재왕 서울대 법학전문대학원 공익법률센터 교수는 “치료제가 없던 시절 남성 동성애자 혐오와 맞물려 만들어진 이 조항이 오늘날 감염 사실을 숨기게 만들고 조기 치료를 피하게 하는 역효과를 낳고 있다”고...,2026-10-05 17:00,https://www.khan.co.kr/article/202610051700011,https://n.news.naver.com/mnews/article/032/0003474307?sid=102
서울대학교,스포츠서울,韓 첫 과학상 숙원 풀까…‘페로브스카이트’ 박남규에 쏠린 눈,"하지만 과학계에서는 과거 이 명단에 선정되며 세계적 석학 반열에 오른 한국에너지공대 유룡 석좌교수, 성균관대 박남규 교수, 서울대 현택환 교수를 여전히 유력한 잠재적 후보군으로 꼽고 있다. 특히 올해는 세 명의...",2026-10-05 16:57,https://www.sportsseoul.com/news/read/1639458?ref=naver,https://n.news.naver.com/mnews/article/468/0001270637?sid=105
서울대학교,뉴스로드,김제지평선축제장 달군 전통 줄타기와 판소리·K-POP의 만남,국악 예술인 가정에서 성장한 그는 예술고등학교를 거쳐 서울대학교 국악과에서 전문적인 음악 교육을 받은 것으로 알려졌다. 홍 감독은 김유라에게 우리 전통 소리와 K-POP의 요소를 AI 음악 기술로 접목해 만든 곡을...,2026-10-05 16:52,http://www.newsroad.co.kr/news/articleView.html?idxno=65285,http://www.newsroad.co.kr/news/articleView.html?idxno=65285
서울대학교,한국경제,"대학 건물 6동 중 1동, 지은 지 40년 넘어","서울대는 1975년 관악캠퍼스 이전 무렵 지은 건물들이 노후화하면서 50년 이상 된 건물이 전체 441동 중 74동으로 집계됐다. 한 의원은 ""오래된 건물일수록 보수가 필요한 C등급 판정 비율이 크게 높아지는 만큼...",2026-10-05 16:51,https://www.hankyung.com/article/202610053584i,https://n.news.naver.com/mnews/article/015/0005339205?sid=100
고려대학교,YTN,"'보안 100점' 자신했던 은행...""정작 투자는 정체""","[임종인 / 고려대학교 정보보호대학원 명예교수 : 거기에 비례해 아마존이라든지 MS나 구글에서 제공하는 시큐리티 에이전트 서비스 솔루션들 있죠. 이제 그걸 쓸 수밖에 없고, 그러면 비싼 거죠. 투자액도 자동으로...",2026-10-05 16:48,https://www.ytn.co.kr/_ln/0102_202610051648502702,https://n.news.naver.com/mnews/article/052/0002414938?sid=101
서울대학교,서울경제,"기보·서울대 기술지주, 유니콘 새싹 함께 키운다",기술보증기금과 서울대 기술지주가 초기 스타트업 공동 투자 및 금융 지원을 위한 협업을 시작한다. 5일 벤처 투자 업계에 따르면 기술보증기금과 서울대 기술지주는 6일 유망 스타트업 발굴 및 성장 지원 관련 업무협약...,2026-10-05 16:33,https://www.sedaily.com/article/20098157?ref=naver,https://n.news.naver.com/mnews/article/011/0004668241?sid=101
서울대학교,서울신문,‘SNS 소통’의 역설…외로움 달래려 할수록 더 외로워진다,민경복 서울대 의과대학 예방의학교실 교수 연구팀은 최근 서울에 거주하는 성인 3만 4142명(평균 나이 52.3세)을 대상으로 ‘SNS 이용 행태와 외로움의 연관성을 분석한 결과’를 대한예방의학회 국제학술지...,2026-10-05 16:19,https://www.seoul.co.kr/news/society/2026/10/05/20261005500093?wlog_tag3=naver,https://n.news.naver.com/mnews/article/081/0003686101?sid=102
고려대학교,뉴시스,폭언에 시달리는 간호사들…대책마련 머리 맞댄다,이주호 고려대학교 노동문제연구소 보건의료정책연구센터장이 좌장을 맡는다. 김정미 간호협회 간호노동개혁위원회 위원장 겸 경기도간호사회 회장이 '대한간호협회 의료기관 근무 간호사의 근로환경 실태조사 결과'를...,2026-10-05 16:17,https://www.newsis.com/view/NISX20261005_0003814487,https://n.news.naver.com/mnews/article/003/0014233925?sid=102
서울대학교,경북신문,"SNS에 일상 적극 공유자, 외로움 더 느껴…60세 이상서 뚜렷하게 나타나",5일 의료계에 따르면 민경복 서울대 의과대학 예방의학교실 교수 연구팀은 '2024년 서울서베이'에 참여한 서울 거주 성인 3만4142명(평균 연령 52.3세)의 SNS 이용과 외로움의 연관성을 분석해 이러한 사실을...,2026-10-05 16:10,https://www.kbsm.net/news/view.php?idx=536481,https://www.kbsm.net/news/view.php?idx=536481
고려대학교,중앙일보,“집에 현금 쌓아둬야 하나”…금융권 AI 해킹에 시민들 공포,김승주 고려대 정보보호대학원 교수는 “실제로 공격에 아텍스만 사용됐는지 확인이 안 됐기 때문에... 마찰을 고려해야 하는 문제도 있다”고 설명했다. 공격 진입장벽 낮아져…“AI 아닌 허술한 관리가 문제” 이번...,2026-10-05 16:10,https://www.joongang.co.kr/article/25467208,https://n.news.naver.com/mnews/article/025/0003555801?sid=102
고려대학교,경북신문,은둔청년이 중년으로…'한국형 8050 경고등' 켜져,"김성희 고려대 노동전문대학원 교수는 ""보통 첫 직장에서 지속 가능한 일자리를 얻지 못하고 불안정한... 특히 이들의 부모 세대인 2차 베이비부머 세대(1964∼1974년생)가 은퇴를 앞둔 점을 고려하면 부모 세대의...",2026-10-05 16:10,https://www.kbsm.net/news/view.php?idx=536477,https://www.kbsm.net/news/view.php?idx=536477
연세대학교,금강일보,배재학당역사박물관 '아펜젤러 리더십 프로그램' 운영,"시대를 읽는 통찰, 세상을 바꾸는 혁신, 미래를 이끄는 리더를 핵심 테마로 구성했으며 정상화 전 공군참모총장, 임재원 국가공무원인재개발원 원장, 김용호 연세대 교수, 김형준 배재대 석좌교수, 안재홍 KAIST...",2026-10-05 16:08,https://www.ggilbo.com/news/articleView.html?idxno=1185178,https://www.ggilbo.com/news/articleView.html?idxno=1185178
서울대학교,금강일보,배재학당역사박물관 '아펜젤러 리더십 프로그램' 운영,"▲ 김욱 배재대 총장이 지난 1일 서울 정동 배재학당역사박물관에서 열린 '아펜젤러 리더십 프로그램'에서... 박소현 서울대 명예교수, 유동환 건국대 교수, 황성현 가천대 스타트업 칼리지 교수, 이동훈 김·장...",2026-10-05 16:08,https://www.ggilbo.com/news/articleView.html?idxno=1185178,https://www.ggilbo.com/news/articleView.html?idxno=1185178
서울대학교,경북일보,국립대 교수 비위 징계 359건…중징계 비율 43.7%,경북대학교에서 각종 비위로 징계를 받은 교수가 최근 5년여간 53명에 달했다. 이는 전국 주요 국립대 10곳 중 가장 많은 수준이다. 5일 국회 교육위원회 소속 정성국 의원(국민의힘)이 서울대를 비롯한 전국 9개...,2026-10-05 16:02,https://www.kyongbuk.co.kr/news/articleView.html?idxno=4086199,https://www.kyongbuk.co.kr/news/articleView.html?idxno=4086199
서울대학교,전자신문,"[기획]한국재료연구원, AI·데이터로 '예측하고 설계하는' 소재 연구시대...",산·학·연이 함께 그리는 ‘소재 AI’의 미래 KIMS는 올해 2월 서울대학교와 'KIMS-서울대 소재 AI 연구센터'를 출범하고 서울대의 기초 연구 역량과 KIMS의 응용·실증 인프라를 연결해 재료 전 분야의 소재·공정 설계 AI...,2026-10-05 16:01,https://www.etnews.com/20261004000023,https://n.news.naver.com/mnews/article/030/0003472327?sid=102
고려대학교,전자신문,"[ET시론] SNS 과몰입, 누가 어떻게 답해야 하는가",도입을 고려해야 한다. 그래야만 시장 상황이 다른 국내 플랫폼에게 크게 다가올 역효과를 줄이거나 막을 수... 박성호 한국인터넷기업협회 회장 shpark@kinternet.org 〈필자〉고려대 법학과를 졸업하고 국민대에서 법학 석사...,2026-10-05 16:01,https://www.etnews.com/20261005000034,https://n.news.naver.com/mnews/article/030/0003472323?sid=110
서울대학교,전북중앙신문,'응급실 뺑뺑이' 막을 민생법안 통과,특히 교육위원회 소속 한병도 의원이 2026학년도 서울대 최종등록자 중 수도권·강남 출신이 68.2%로 최다를 기록한 반면 호남권은 18.6%로 감소했다고 지적한 것은 묵직한 화두를 던진다. 이는 수도권 일극 체제가 지방...,2026-10-05 16:00,http://www.jjn.co.kr/news/articleView.html?idxno=1053763,http://www.jjn.co.kr/news/articleView.html?idxno=1053763
연세대학교,치과신문,점막 모사 생체재료 개발 ‘주목’,"연세치대-MIT 공동연구, 미생물 불균형 차단  연세대학교 치과대학과 미국 MIT대학 등 연구진이 미생물 불균형을 막아 염증 및 관련 질환을 예방할 수 있는 신재료를 개발해 화제다. 연세대학교 치과대학 최성환 교수와...",2026-10-05 15:48,https://www.dentalnews.or.kr/news/article.html?no=48299,https://www.dentalnews.or.kr/news/article.html?no=48299
연세대학교,헤럴드경제,"[오늘, 서울시의회] 김길영 국민의힘 대표의원 “청년 AI 지원, 본예산 ...",씨는 “대학생에게 월 3만원 안팎의 유료 구독료는 큰 장벽”이라며 공공이 청년들의 고성능 AI 접근 기회를 넓혀야 한다고 강조했다. 봉강호 소프트웨어정책연구소 선임연구원과 박정호 연세대 교수는 AI 확산으로...,2026-10-05 15:43,https://biz.heraldcorp.com/article/10893346?ref=naver,https://n.news.naver.com/mnews/article/016/0002705521?sid=100
서울대학교,대경일보,대구 AI·로봇 해커톤 'PAC 2026' 뜨거운 열기… 전국서 531명 몰렸다,"대구(62개 팀)와 경북(29개 팀) 지역 참가팀이 전체의 61.9%를 차지한 가운데 서울 23개 팀, 경기 13개 팀 등 수도권은 물론 부산·경남·전북 등 전국 주요 지역에서 도전장을 내밀었다. 서울대와 KAIST, POSTECH을 비롯한 주요...",2026-10-05 15:40,https://www.dkilbo.com/news/articleView.html?idxno=556189,https://www.dkilbo.com/news/articleView.html?idxno=556189
고려대학교,비즈워치,"[금융 AI해킹 위협]망분리 속도조절? ""정문만 지켰던게 문제""","김승주 고려대 정보보호대학원 교수는 ""과거부터 제대로 조치하지 않고 방치해놨던 것들이 지금 문제가 생기는 것""이라며 이를 '보안 부채'라고 표현했다. AI 공격이 빨라지면서 방치된 취약점이 더 쉽게 드러난다는...",2026-10-05 15:40,https://news.bizwatch.co.kr/article/finance/2026/10/05/0004,https://n.news.naver.com/mnews/article/648/0000051319?sid=101
연세대학교,대경일보,"대구콘서트하우스, 10월 '클래식 ON'으로 실내악의 정수 선보인다",연주자들은 서울대·연세대·커티스 음악원 등 국내외 명문대를 거쳐 교향악단 수석 및 대학 출강으로 활발히 활동 중인 실력파들이다. 이날 프로그램은 영국의 현대 작곡가 칼 젠킨스가 안드레아 팔라디오의 건축...,2026-10-05 15:40,https://www.dkilbo.com/news/articleView.html?idxno=556205,https://www.dkilbo.com/news/articleView.html?idxno=556205
서울대학교,대경일보,"대구콘서트하우스, 10월 '클래식 ON'으로 실내악의 정수 선보인다",연주자들은 서울대·연세대·커티스 음악원 등 국내외 명문대를 거쳐 교향악단 수석 및 대학 출강으로 활발히 활동 중인 실력파들이다. 이날 프로그램은 영국의 현대 작곡가 칼 젠킨스가 안드레아 팔라디오의 건축...,2026-10-05 15:40,https://www.dkilbo.com/news/articleView.html?idxno=556205,https://www.dkilbo.com/news/articleView.html?idxno=556205
연세대학교,NGO저널,"""무료표가 수만원에""…연고전 '암표' 기승, 학생들이 직접 '단속' 나섰다",연세대와 고려대의 정기 교류전인 연고전(고려대 주최)·고연전(연세대 주최)에서 암표 거래가 되풀이되면서... 29~30일 대학생 커뮤니티와 중고거래 플랫폼 등을 대상으로 암표 거래 단속을 진행했다. '무료 입장권'이...,2026-10-05 15:40,https://www.ngonews.kr/news/articleView.html?idxno=239861,https://www.ngonews.kr/news/articleView.html?idxno=239861
고려대학교,NGO저널,"""무료표가 수만원에""…연고전 '암표' 기승, 학생들이 직접 '단속' 나섰다",주관한 고려대 체육국은 경기 시작을 앞둔 지난달 29~30일 대학생 커뮤니티와 중고거래 플랫폼 등을 대상으로... 총학생회는 현장 혼란과 추가적인 학생 피해를 고려해 학교 측 결정에 대응했다는 입장이다. 암표 근절은...,2026-10-05 15:40,https://www.ngonews.kr/news/articleView.html?idxno=239861,https://www.ngonews.kr/news/articleView.html?idxno=239861
서울대학교,스포츠조선,화려한 K팝 무대 뒤 '돈과 권리'…산업 파헤친 '누가 K-POP을 소유하는가...,"고윤화 음악사회학자·서울대 한류연구센터 연구진, 구태언 법무법인 린 AI 산업 전문 그룹 총괄 변호사, 송준호 단국대학교 산학협력중점 교수, 전소연 법무법인 시우 변호사가 추천의 글을 통해 책의 의미를 전했다.",2026-10-05 15:36,https://www.sportschosun.com/entertainment/2026-10-05/202610050100033800002159,https://m.entertain.naver.com/article/076/0004453215
고려대학교,이데일리,1240억 보안 투자에도 정보 유출…금융권 ‘쪽문’ 보안 다시 점검,"김승주 고려대 정보보호대학원 교수는 “AI가 사용됐으니까 불가항력 아니냐고 하지만, 과거에 소홀히 했던 것이 AI로 인해서 드러난 것뿐”이라며 “인터넷과 연결된 시스템과 보안패치가 제대로 안 된 곳을...",2026-10-05 15:34,https://www.edaily.co.kr/News/Read?newsId=02328806645609968&mediaCodeNo=257&utm_source=naver&utm_medium=referral&utm_campaign=news_syndication&utm_content=original_article,https://n.news.naver.com/mnews/article/018/0006381245?sid=101
고려대학교,스카이데일리,월평균 3만5000원·2500만건 충전… 기후동행카드가 기록했다,"6호선 고려대역과 3호선 동대입구역, 2호선 이대역, 6호선 안암역이 뒤를 이으며 대학가 인근에서 높은 이용률을 보였다. 기후동행카드는 혜택이 단계적으로 확대됐다. 당초 6만2000원권(지하철·버스)과 6만5000원권...",2026-10-05 15:34,https://m.skyedaily.com/news_view.html?ID=312480,https://m.skyedaily.com/news_view.html?ID=312480
서울대학교,조선일보,"SNS 일상 공유, 남과 비교하면 더 외로웠다… 60세 이상 더 취약",서울대 의대 예방의학교실 민경복 교수 연구팀은 ‘2024년 서울서베이’에 참여한 만 20세 이상 서울 시민 3만4142명의 SNS 이용 행태와 외로움의 연관성을 분석해 최근 대한예방의학회 국제학술지(Journal of...,2026-10-05 15:31,https://www.chosun.com/national/welfare-medical/2026/10/05/XSOLIYF4XJB3XCGJ3LBBERWUTE/?utm_source=naver&utm_medium=referral&utm_campaign=naver-news,https://n.news.naver.com/mnews/article/023/0004002159?sid=102
서울대학교,경남도민일보,떠난 이들을 묻는 곳에서 산 자가 기억하는 공간으로 [홋카이도에서의...,"서울, 부산, 대구 등 대도시 권역의 공설 매장 묘지는 벌써 포화 상태이다. 그래서 공동묘지의 성격도 '새로... 서울대 건축공학과 학생이었던 그는 6.25 전쟁 때 통역병으로 징집된다. 김수근은 전쟁 중 부산으로 휴가를...",2026-10-05 15:26,https://www.idomin.com/news/articleView.html?idxno=2016289,https://www.idomin.com/news/articleView.html?idxno=2016289
서울대학교,한국강사신문,"[이영웅의 교육칼럼] AI 시대, 공부의 판을 바꿀 때입니다: '신체'와 '실...","서울대학교 천문학 학·석사 학위를 받고, 미국 메사츄세츠대학교에서 전파천문학 박사학위를 받았다. 1985년부터 2020년까지 한국천문연구원 대덕전파천문대에서 책임연구원 및 대덕전파천문대장을 역임했다. 충남대학교...",2026-10-05 15:24,https://www.lecturernews.com/news/articleView.html?idxno=211554,https://www.lecturernews.com/news/articleView.html?idxno=211554
고려대학교,보안뉴스,[배종찬의 보안 빅데이터] AI 해킹으로 무너진 금융권 보안,"[글_배종찬 인사이트케이 연구소장] 연세대 정치외교학과를 졸업하고 서울대 국제대학원에서 석사 학위를 받았다. 고려대 행정학과 박사과정을 수료했다. 이 외에 미국, 일본, 홍콩 등에서 연구 경험을 가지고 있다....",2026-10-05 15:14,https://www.boannews.com/news/articleView.html?idxno=146195,https://www.boannews.com/news/articleView.html?idxno=146195
연세대학교,보안뉴스,[배종찬의 보안 빅데이터] AI 해킹으로 무너진 금융권 보안,"[글_배종찬 인사이트케이 연구소장] 연세대 정치외교학과를 졸업하고 서울대 국제대학원에서 석사 학위를 받았다. 고려대 행정학과 박사과정을 수료했다. 이 외에 미국, 일본, 홍콩 등에서 연구 경험을 가지고 있다....",2026-10-05 15:14,https://www.boannews.com/news/articleView.html?idxno=146195,https://www.boannews.com/news/articleView.html?idxno=146195
서울대학교,보안뉴스,[배종찬의 보안 빅데이터] AI 해킹으로 무너진 금융권 보안,"[글_배종찬 인사이트케이 연구소장] 연세대 정치외교학과를 졸업하고 서울대 국제대학원에서 석사 학위를 받았다. 고려대 행정학과 박사과정을 수료했다. 이 외에 미국, 일본, 홍콩 등에서 연구 경험을 가지고 있다....",2026-10-05 15:14,https://www.boannews.com/news/articleView.html?idxno=146195,https://www.boannews.com/news/articleView.html?idxno=146195
서울대학교,매일경제,“왜 그렇게 X로 자기 일상을 알리나 했더니”…SNS 이용과 외로움의 연...,5일 의료계에 따르면 민경복 서울대 의과대학 예방의학교실 교수 연구팀은 ‘2024년 서울서베이’에 참여한 서울 거주 성인 3만4142명(평균 연령 52.3세)을 대상으로 SNS 이용 행태와 외로움의 연관성을 분석했다....,2026-10-05 15:12,https://www.mk.co.kr/article/12168415,https://n.news.naver.com/mnews/article/009/0005744018?sid=102
서울대학교,동양일보,현장체험학습 관광버스 2대 추돌,"청주 N중학교는 서울대로, Y중학교는 서울 롯데월드로 현장체험학습을 가고 있었다. 당시 N중학교는 1학년 120명이 버스 4대에, Y중학교는 3학년 208명이 버스 8대에 나눠 타고 서울로 향하던 길에 이 같은 사고를 당했다....",2026-10-05 14:57,https://www.dynews.co.kr/news/articleView.html?idxno=868222,https://www.dynews.co.kr/news/articleView.html?idxno=868222
서울대학교,오마이뉴스,"가자지구 집단학살 3년... ""이젠 추모·애도 아니라 분노할 시간""","▲  지난 3일, 새벽 공기를 가르며 충북 음성을 출발해 서울로 향했다. 보신각 앞에서 열린 '이스라엘의... 고려대, 동국대, 서울대, 숭실대, 이화여대 등 각 대학의 학생들은 채용 박람회에 참여한 집단 학살 공모 기업들을...",2026-10-05 14:56,https://www.ohmynews.com/NWS_Web/View/at_pg.aspx?CNTN_CD=A0003272793&CMPT_CD=P0010&utm_source=naver&utm_medium=newsearch&utm_campaign=naver_news,https://n.news.naver.com/mnews/article/047/0002531214?sid=102
고려대학교,오마이뉴스,"가자지구 집단학살 3년... ""이젠 추모·애도 아니라 분노할 시간""","학내에서 팔레스타인 연대 운동을 벌이고 있는 대학생들의 결연한 발언도 이어졌다. 고려대, 동국대, 서울대, 숭실대, 이화여대 등 각 대학의 학생들은 채용 박람회에 참여한 집단 학살 공모 기업들을 규탄하며, 학내...",2026-10-05 14:56,https://www.ohmynews.com/NWS_Web/View/at_pg.aspx?CNTN_CD=A0003272793&CMPT_CD=P0010&utm_source=naver&utm_medium=newsearch&utm_campaign=naver_news,https://n.news.naver.com/mnews/article/047/0002531214?sid=102
서울대학교,부산일보,[인터뷰] 계승균 국가지식재산위원장 “생성형 AI 발달로 지식재산권이...,"그동안 위원회 민간위원장은 삼성전자 부회장과 LS그룹 회장 출신 경영인, 서울대 법학전문대학원 교수, KAIST 전 총장 등 주로 대기업 경영인과 수도권 대학 교수들이 맡아 왔다. 지난 2일 서울 서초구의 한 카페에서 만난...",2026-10-05 14:48,https://www.busan.com/view/busan/view.php?code=2026100410520904172,https://n.news.naver.com/mnews/article/082/0001401146?sid=100
서울대학교,충북일보,"충북대, 노후 건물 30.2% 달해","382개 대학 교육용 건물 1만3천953동 현황을 분석한 결과 지은 지 40년이 넘은(1985년 이전 준공) 대학... 그다음은 전남대(29.9%), 부산대(25.2%), 경북대(22.8%), 서울대(21.9%), 전북대(21.8%), 강원대(20.1%), 제주대(19.4...",2026-10-05 14:44,https://www.inews365.com/news/article.html?no=938007,https://www.inews365.com/news/article.html?no=938007
서울대학교,메트로신문,"[인터뷰] 목대균 KCGI자산운용 대표 “AI 투자, 이제 돈 갚을 능력을 볼...",국내 1세대 해외펀드 매니저로 꼽히는 그는 서울대 경영학과를 졸업하고 대우증권 리서치센터에서 업계에 입문했다. 미래에셋자산운용 글로벌 운용본부장을 지내며 인사이트·글로벌그레이트컨슈머 등 대표 해외펀드를...,2026-10-05 14:32,http://www.metroseoul.co.kr/article/20261005500161,http://www.metroseoul.co.kr/article/20261005500161
서울대학교,메트로신문,교육위 국감 7일 시작…'유웨이 사태·문항 거래·사학비리' 도마에,"7일 교육부·국가교육위원회를 시작으로 12일 한국대학교육협의회(대교협) 등 공공·관계 기관, 14일 서울·경기·인천교육청, 16일 서울대 등 대학·대학병원, 20~21일 지방 교육청·국립대를 감사하고 23일 종합감사로...",2026-10-05 14:28,http://www.metroseoul.co.kr/article/20261005500155,http://www.metroseoul.co.kr/article/20261005500155
연세대학교,TV리포트,"32기 영수, 9kg 감량…예비 신부와 만난 지 3시간만 밀착 포즈 ('계약결...","최정현은 '나는 솔로' 32기 영수로 출연했던 인물로, 연세대학교 경제학과를 졸업한 공인회계사다. 출연 당시 막말과 정우성 닮은꼴로 화제가 됐다. 여전히 싱글이라는 최정현은 새로운 인연과의 만남에 대해 ""좀...",2026-10-05 14:27,https://www.tvreport.co.kr/broadcast/article/1080665/,https://m.entertain.naver.com/article/213/0001403519
서울대학교,충청데일리,"충남 공주시, 시민대상 기후위기 대응 역량강화 특강 개최",강연에는 중동고등학교 교사이자 서울대학교 과학교육·생물 박사인 안주현 과학 커뮤니케이터가 초청돼 기후변화가 생태계와 우리의 평범한 일상에 미치는 영향을 알기 쉽게 전달할 예정이다. 강의에는 봄꽃이 일찍...,2026-10-05 14:26,https://www.ccdn.co.kr/news/articleView.html?idxno=1103074,https://www.ccdn.co.kr/news/articleView.html?idxno=1103074
서울대학교,현대불교신문,불교 수행의 핵심 '지관'의 본질을 탐구하다,첫 발표자인 정준영 서울불교대학원대 교수는 '사마타와 위빠사나의 통합과 분리'를 통해 초기 경전의 지관... 안성두 전 서울대 교수는 '대승불교 수행도에서 샤마타와 비파샤나의 작용 방식'을 주제로 대승 유가행파의...,2026-10-05 14:26,https://www.hyunbulnews.com/news/articleView.html?idxno=505596,https://www.hyunbulnews.com/news/articleView.html?idxno=505596
고려대학교,매일일보,"한국도자재단·광주시, 조선 전기 관요·지방백자 가치 재조명","도예인과 관련 전문가·연구자·대학생·일반인 등 100여 명이 참석했다. 중부고고학회장인 강인욱 경희대... 김태홍 충북문화유산연구원 연구원은 '관요 설치 전후 충청도지역의 자기 기형 변화', 안세진 고려대 연구원은...",2026-10-05 14:22,https://www.m-i.kr/news/articleView.html?idxno=2002544,https://www.m-i.kr/news/articleView.html?idxno=2002544
서울대학교,한국경제,김성길·신수정·이경숙 등 원로 음악가들 한 무대에… 작곡가 백병동 ...,대한민국예술원은 오는 17일 오후 8시 서울 서초동 예술의전당 IBK기업은행챔버홀에서 정기연주회를 연다.... 서울대 음대 학장과 대한민국예술원 회장을 지낸 피아니스트 신수정이 바이올리니스트 김응수와 모차르트의...,2026-10-05 14:19,https://www.hankyung.com/article/202610042233i,https://n.news.naver.com/mnews/article/015/0005339166?sid=103
서울대학교,조선일보,오늘 저녁 노벨상 레이스 시작… 주요 후보는 누구?,"다만 과거 선정자 가운데 유룡 한국에너지공대 석좌교수, 박남규 성균관대 교수, 현택환 서울대 교수 등이 오랫동안 한국의 노벨상 후보군으로 거론돼 왔다. 유 교수는 미세한 구멍이 규칙적으로 뚫린 나노다공성 소재...",2026-10-05 14:10,https://www.chosun.com/economy/science/2026/10/05/YUL36IHHBFFXJCJHHI23FSNYYY/?utm_source=naver&utm_medium=referral&utm_campaign=naver-news,https://n.news.naver.com/mnews/article/023/0004002149?sid=105
서울대학교,경기신문,"가천대 스타트업칼리지, ‘2026 엔세이피아 콜로키움’ 첫 강연 개최","가천대학교 스타트업칼리지가 지난 2일 대학 AI관 6층 가천코코네스쿨에서 ‘본질을 묻고, 시대를 잇다’... 첫 강연에는 신형철 서울대학교 영어영문학과 교수가 연사로 나서 ‘AI 시대, 문학을 왜·어떻게 읽을...",2026-10-05 14:06,https://www.kgnews.co.kr/news/article.html?no=913923,https://www.kgnews.co.kr/news/article.html?no=913923
고려대학교,데일리시큐,"[김승주 교수 칼럼] AI 에이전트 시대의 사이버보안, 새로운 답보다 밀...",지금 필요한 것은 또 하나의 새로운 정책이 아니다. 이미 알고 있었지만 제대로 하지 않았던 기본을 국가 차원에서 다시 제대로 실행하는 것이다. [글. 김승주 고려대학교 정보보호대학원 교수],2026-10-05 14:00,https://www.dailysecu.com/news/articleView.html?idxno=208728,https://www.dailysecu.com/news/articleView.html?idxno=208728
연세대학교,매일신문,"이용민 연세대 교수 ""배터리는 미래 첨단산업 핵심…LMR 상용화 한발 앞...","그 핵심은 바로 배터리입니다."" 이용민 연세대학교 화학과 교수는 배터리 산업의 경쟁력이 전기차를 넘어 미래 첨단산업 전반의 성패와 직결될 것으로 내다봤다. 인공지능(AI) 시대 전동화가 산업 전반으로 확산하면서...",2026-10-05 13:58,https://www.imaeil.com/page/view/2026100512533369862,https://n.news.naver.com/mnews/article/088/0001032318?sid=101
서울대학교,한겨레,“SBS·민방은 공정방송 안 하나”…‘보도 독립성 반쪽’ 방송법에 반...,정영주 서울대 언론정보연구소 연구원은 “보도책임자 임명동의제는 언론사의 내적 자유를 보장하고 민주적 운영을 담보하는 최소한의 장치”라며 “각 언론사에 도입을 개별적으로 맡겨놓을 게 아니라 법으로 폭넓게...,2026-10-05 13:46,https://www.hani.co.kr/arti/society/media/1280935.html,https://n.news.naver.com/mnews/article/028/0002826041?sid=102
연세대학교,매일신문,"불안할 때 왜 가슴이 뛰나?, ""'몸의 신호' 측정, 한국판 척도 나왔다""",대구가톨릭대학교 심리학과 장진이 교수 연구팀이 이처럼 사람이 자신의 몸에서 일어나는 변화를 어떻게... 번역과 문화적 적합성을 검토하는 과정에는 뇌신경마취 분야 전문가인 민경태 연세대학교 의과대학 교수가...,2026-10-05 13:46,https://www.imaeil.com/page/view/2026100417194293752,https://n.news.naver.com/mnews/article/088/0001032311?sid=102
서울대학교,컨슈머타임스,"김우호 공무원연금공단 이사장 취임…""공직자 조력자 역할·사회적 책임...","학계 이력으로는 1963년생으로 서울대학교 독어독문학과를 졸업했으며 서울대학교 행정대학원에서 행정학 석사 학위를, 서울시립대학교에서 행정학 박사 학위를 취득했다. 공무원연금공단은 신임 이사장의 인사·행정...",2026-10-05 13:44,https://www.cstimes.com/news/articleView.html?idxno=722883,https://www.cstimes.com/news/articleView.html?idxno=722883
고려대학교,전자신문,[이슈플러스] 금융권서 현실화한 AI 해킹…전 산업 보안 '비상',"김승주 고려대 교수는 “AI를 활용한 취약점 분석 도구가 빠른 속도로 대중화되고, 공격자 역시 이러한 도구를 손쉽게 활용할 수 있게 되는 시대”라며 “성급한 결론을 내리기보다 어떻게 대응해야 할지를 논의하는...",2026-10-05 13:40,https://www.etnews.com/20261005000112,https://n.news.naver.com/mnews/article/030/0003472304?sid=105
서울대학교,매일경제,"“이재명 대통령이 뭘 잘못했나”…황석영 이어 백낙청까지, 힘 싣는 원...",백낙청 서울대 명예교수는 앞서 이재명 정부 출범을 두고 “변혁적 중도의 때가 왔다”고 평가했다. 다만 두... 앞서 백낙청 서울대 명예교수 역시 이재명 정부에 상당한 기대감을 나타냈다. 백 교수는 지난 8월 오마이TV...,2026-10-05 13:40,https://www.mk.co.kr/article/12168364,https://n.news.naver.com/mnews/article/009/0005743987?sid=100
연세대학교,NC,"색소폰을 위해 태어난 랩소디… 이준우, 드뷔시 정밀 해부","이준우는 연세대학교 음악대학 졸업 후 프랑스로 건너가 클라마르 앙리 뒤티외 음악원(CRD)... 현재 KIS 앙상블, 프로젝트 에스(PROJECT 'S') 멤버로 활동 중이며 경희대학교 및 전남대학교에 출강하고 있다....",2026-10-05 13:38,https://www.nc.press/news/articleView.html?idxno=627862,https://www.nc.press/news/articleView.html?idxno=627862
서울대학교,IUSM,"코리안챔버오케스트라, 울산상의 신축회관 준공 기념음악회","KCO는 1965년 서울바로크합주단으로 창단돼 올해 61주년을 맞은 국내 최장수 챔버오케스트라다. 1980년 김민... 공연을 이끄는 김민 음악감독은 국립교향악단 악장, KBS교향악단 초대 악장, 서울대 음대 학장...",2026-10-05 13:36,https://www.iusm.co.kr/news/articleView.html?idxno=1068711,https://www.iusm.co.kr/news/articleView.html?idxno=1068711
서울대학교,NC,바이올린이 노래가 되는 순간… 김대환이 고른 레거와 브람스,"김대환은 예원학교와 서울예고를 거쳐 서울대 음대에 장학생으로 입학했고, 미국 뉴잉글랜드 콘서바토리에서 석사학위, 뉴욕주립대 스토니브룩에서 박사학위를 취득했다. 미국 뉴욕 아티스트...",2026-10-05 13:33,https://www.nc.press/news/articleView.html?idxno=627861,https://www.nc.press/news/articleView.html?idxno=627861
고려대학교,매일일보,"장상길 경북환경연수원장 취임…""환경교육 가치 실현""","고려대학교 경제학과를 졸업하고 1998년 행정고시에 합격한 장 원장은 약 30년간 공직에 몸담았다. 경상북도 도청신도시본부장과 일자리민생본부장, 영천시 부시장, 경상북도 과학산업국장, 환동해지역본부...",2026-10-05 13:32,https://www.m-i.kr/news/articleView.html?idxno=2002501,https://www.m-i.kr/news/articleView.html?idxno=2002501
서울대학교,HUFFINGTONPOST,"""나만 빼고 다 행복해 보인다"" : SNS에 매일 일상을 공유하는 사람이 외...",민경복 서울대 의과대학 예방의학교실 교수 연구팀은 최근 '2024년 서울서베이'에 참여한 서울 거주 성인 3만4142명(평균 연령 52.3세)의 SNS 이용과 외로움의 연관성을 분석해 이런 사실을 확인했다고 5일 밝혔다. 이들...,2026-10-05 13:26,https://www.huffingtonpost.kr/article/260988,https://www.huffingtonpost.kr/article/260988
연세대학교,컨슈머타임스,"NIA, 'K-AI 네트워크 경쟁력 강화' 착수…3개 대학서 국산 AI-RAN·로봇 실...","주관기관인 ㈜뉴젠스를 필두로 서울대학교, 한국과학기술원(KAIST), 연세대학교, ㈜에이치에프알이 참여하는 단일 컨소시엄이 선정됐으며, 실증 작업은 2027년 12월까지 이어진다. 실증에 참여하는 3개 대학은...",2026-10-05 13:22,https://www.cstimes.com/news/articleView.html?idxno=722880,https://www.cstimes.com/news/articleView.html?idxno=722880
서울대학교,컨슈머타임스,"NIA, 'K-AI 네트워크 경쟁력 강화' 착수…3개 대학서 국산 AI-RAN·로봇 실...","주관기관인 ㈜뉴젠스를 필두로 서울대학교, 한국과학기술원(KAIST), 연세대학교, ㈜에이치에프알이 참여하는 단일 컨소시엄이 선정됐으며, 실증 작업은 2027년 12월까지 이어진다. 실증에 참여하는 3개 대학은...",2026-10-05 13:22,https://www.cstimes.com/news/articleView.html?idxno=722880,https://www.cstimes.com/news/articleView.html?idxno=722880
서울대학교,천지일보,"SNS에 일상 공유하는 사람들, 외로움 느끼는 비율 더 높다",5일 의료계에 따르면 민경복 서울대 의과대학 예방의학교실 교수 연구팀은 '2024년 서울 서베이'에 참여한 서울 거주 성인 3만 4142명의 응답을 토대로 SNS 이용 행태와 외로움의 관계를 분석했다. 조사 대상자의 평균...,2026-10-05 13:12,https://www.newscj.com/news/articleView.html?idxno=3437904,https://www.newscj.com/news/articleView.html?idxno=3437904
고려대학교,디지털데일리,"[AI 시대, 통신법을 다시 묻다㊦] ‘땜질’로 버틴 35년…길 잃은 정책 ...",이성엽 고려대 교수는 “과거 전기통신사업법 개편 논의에서는 기간통신과 부가통신의 구분을 폐지하는 방안까지 거론됐다”며 “설비 보유 여부만으로 규제 수준을 달리하는 것이 적절하지 않다는 문제의식에서...,2026-10-05 13:02,https://www.ddaily.co.kr/page/view/2026100208390073356,https://n.news.naver.com/mnews/article/138/0002243666?sid=105
연세대학교,시선뉴스,[카드뉴스] 통합형 수능에 내신 5등급제까지... 2028 대입 개편의 핵심과...,"2028학년도 대입부터 서울대, 고려대, 연세대, 한양대 등 주요 대학들이 정시 전형에서도 학생부(교과평가 및 출결 등)를 실질적으로 반영하기로 예고했기 때문이다. 서울 주요 대학 'N수생 지원 제한' 2028 대입...",2026-10-05 13:00,http://www.sisunnews.co.kr/news/articleView.html?idxno=247142,http://www.sisunnews.co.kr/news/articleView.html?idxno=247142
서울대학교,시선뉴스,[카드뉴스] 통합형 수능에 내신 5등급제까지... 2028 대입 개편의 핵심과...,"2028학년도 대입부터 서울대, 고려대, 연세대, 한양대 등 주요 대학들이 정시 전형에서도 학생부(교과평가 및 출결 등)를 실질적으로 반영하기로 예고했기 때문이다. 서울 주요 대학 'N수생 지원 제한' 2028 대입...",2026-10-05 13:00,http://www.sisunnews.co.kr/news/articleView.html?idxno=247142,http://www.sisunnews.co.kr/news/articleView.html?idxno=247142
고려대학교,시선뉴스,[카드뉴스] 통합형 수능에 내신 5등급제까지... 2028 대입 개편의 핵심과...,"2028학년도 대입부터 서울대, 고려대, 연세대, 한양대 등 주요 대학들이 정시 전형에서도 학생부(교과평가 및 출결 등)를 실질적으로 반영하기로 예고했기 때문이다. 서울 주요 대학 'N수생 지원 제한' 2028 대입...",2026-10-05 13:00,http://www.sisunnews.co.kr/news/articleView.html?idxno=247142,http://www.sisunnews.co.kr/news/articleView.html?idxno=247142
연세대학교,천지일보,농구의 계절이 돌아왔다… 아시안게임 금메달 신바람 이어질까,"대표팀에서 활약한 이주영, 김승우(이상 연세대), 이동근(고려대), 구민교(성균관대)가 모두 11월 신인 드래프트에 참가해 프로 무대에 데뷔할 예정이다. 이들의 가세로 프로농구 코트가 더욱 뜨거워질 전망이다....",2026-10-05 12:46,https://www.newscj.com/news/articleView.html?idxno=3437869,https://www.newscj.com/news/articleView.html?idxno=3437869
고려대학교,천지일보,농구의 계절이 돌아왔다… 아시안게임 금메달 신바람 이어질까,"대표팀에서 활약한 이주영, 김승우(이상 연세대), 이동근(고려대), 구민교(성균관대)가 모두 11월 신인... 함께 고려해야 한다. 원주 DB는 지난 시즌 평균 21.8점, 9.2리바운드를 올리며 맹활약한 헨리 엘런슨에 다른...",2026-10-05 12:46,https://www.newscj.com/news/articleView.html?idxno=3437869,https://www.newscj.com/news/articleView.html?idxno=3437869
서울대학교,대구일보,5조 로봇투자 앞둔 TK…'사람'이 산업 경쟁력 가른다,"대학교에서 열리는 '피지컬 AI 챌린지(PAC 2026)'에는 전국에서 147개 팀, 531명이 참가를 신청해 당초 목표(50개 팀)를 3배 가까이 웃돌았다. 무엇보다 우수 인재들의 참여 열기와 지역의 높은 비중이 눈길을 끈다. 서울대...",2026-10-05 12:40,https://www.idaegu.com/news/articleView.html?idxno=666066,https://www.idaegu.com/news/articleView.html?idxno=666066
서울대학교,인더스트리뉴스,"경상국립대, AI·데이터 융합 연구 성과…글로벌 현장서 과학치안까지",인더스트리뉴스 하용성 기자 경상국립대학교가 AI·딥테크 글로벌 연구역량 강화에서 가명정보를 활용한... 국립산림과학원·서울대·한국임업진흥원과 구성한 공동연구팀은 등산 앱 '트랭글'의 GPS 등산기록과...,2026-10-05 12:36,https://www.industrynews.co.kr/news/articleView.html?idxno=87012,https://www.industrynews.co.kr/news/articleView.html?idxno=87012
서울대학교,전라일보,"전남광주통합특별시, '출범 100일 시민음악회' 개최… 화합과 희망의 선...","서울대와 미국 커티스음악원, 템플대를 졸업한 백윤학 지휘자는 전남광주통합특별시립교향악단, 목포시립교향악단, 카메라타전남 단원들로 구성된 '전남광주연합오케스트라'와 함께 극적이고 섬세한 화합의 선율을...",2026-10-05 12:34,http://www.jeollailbo.com/news/articleView.html?idxno=812792,http://www.jeollailbo.com/news/articleView.html?idxno=812792
서울대학교,데일리굿뉴스,"""다음세대 살리려면 학교·캠퍼스로""…스쿨처치, 새로운 대안 될까","ⓒ데일리굿뉴스 최근 서울대학교에서는 '리바이브 캠퍼스 나우' 집회가 열렸고, 서울 동북부 지역에서는... 인하대학교는 기독인연합회를 중심으로 단과대학 별 기도모임을 이어가고 있다. 공강시간 강의실을 대여해 Q.T와...",2026-10-05 12:14,https://www.goodnews1.com/news/articleView.html?idxno=464736,https://www.goodnews1.com/news/articleView.html?idxno=464736
연세대학교,뉴스핌,"[AG 결산①] 金 40개 목표 달성 실패...효자 종목 주춤, 새 금맥 발견","이주영·김승우(이상 연세대), 이동근(고려대), 구민교(성균관대)가 결승에서 카타르를 19-10으로 꺾으며 한국의 아시안게임 남자 3X3 농구 사상 첫 금메달을 따냈다. 여자 3X3 대표팀도 동메달을 차지하는 성과를...",2026-10-05 12:13,https://www.newspim.com/news/view/20261005000015,https://www.newspim.com/news/view/20261005000015
고려대학교,뉴스핌,"[AG 결산①] 金 40개 목표 달성 실패...효자 종목 주춤, 새 금맥 발견","이주영·김승우(이상 연세대), 이동근(고려대), 구민교(성균관대)가 결승에서 카타르를 19-10으로 꺾으며 한국의 아시안게임 남자 3X3 농구 사상 첫 금메달을 따냈다. 여자 3X3 대표팀도 동메달을 차지하는 성과를...",2026-10-05 12:13,https://www.newspim.com/news/view/20261005000015,https://www.newspim.com/news/view/20261005000015
고려대학교,KOREATIMES,옥스포드 11년 연속 1위 독주… THE 2027 세계 대학 순위 발표,‘2027세계 대학 순위’가 지난달 30일 발표됐다. 전 세계 대학의 연구 실적과 혁신적인 아이디어 등을 고려... 올랐고 고려대는 128위를 기록했다. 일본 대학은 하락 조짐이 나타났다. 도쿄대학교와 교토대학교가...,2026-10-05 12:10,http://www.koreatimes.com/article/1632436,http://www.koreatimes.com/article/1632436
서울대학교,KOREATIMES,옥스포드 11년 연속 1위 독주… THE 2027 세계 대학 순위 발표,"한국 대학 중에서는 서울대(56위), 과기대(64위), 성균관대(68위), 연세대(80위) 등이 100위권에 올랐고 고려대는 128위를 기록했다. 일본 대학은 하락 조짐이 나타났다. 도쿄대학교와 교토대학교가 작년보다 각각 한 계단씩...",2026-10-05 12:10,http://www.koreatimes.com/article/1632436,http://www.koreatimes.com/article/1632436
연세대학교,KOREATIMES,옥스포드 11년 연속 1위 독주… THE 2027 세계 대학 순위 발표,"한국 대학 중에서는 서울대(56위), 과기대(64위), 성균관대(68위), 연세대(80위) 등이 100위권에 올랐고 고려대는 128위를 기록했다. 일본 대학은 하락 조짐이 나타났다. 도쿄대학교와 교토대학교가 작년보다 각각 한 계단씩...",2026-10-05 12:10,http://www.koreatimes.com/article/1632436,http://www.koreatimes.com/article/1632436
연세대학교,스포츠서울,"바프 찍은 32기 영수, ‘계약결혼’ 출격 “절박하다”",5일 오후 10시 30분 방송되는 KBS Joy‧MBC에브리원 ‘계약결혼’ 2회에서는 연세대학교 경제학과를 졸업한 공인회계사 최정현이 두 번째 새신랑으로 출격한다. 이날 여전히 싱글이라는 최정현은 새로운 인연과의 만남에...,2026-10-05 12:07,https://www.sportsseoul.com/news/read/1639399?ref=naver,https://m.entertain.naver.com/article/468/0001270584
서울대학교,오마이뉴스,"목판 민중예술 '오윤 작가' 40주기, 기념전시 눈길","ⓒ 이호 목판화로 민중운동에 영향을 미친 판화가 오윤 작가의 40주기 기념 전시가 지난 2일부터 서울 인사동... 연출가 채희완은 서울대 미학과를 나와 1970~80년대 탈춤 부흥운동과 마당극 운동을 이끌었고, 놀이패 한두레...",2026-10-05 12:06,https://www.ohmynews.com/NWS_Web/View/at_pg.aspx?CNTN_CD=A0003272661&CMPT_CD=P0010&utm_source=naver&utm_medium=newsearch&utm_campaign=naver_news,https://n.news.naver.com/mnews/article/047/0002531206?sid=103
서울대학교,베리타스알파,서울대 양자물질 국제학술회의 QMS 2026 국내 최초 개최,"서울대는 양자물질 분야의 국제학술심포지엄인 QMS 2026(Quantum Materials Synthesis 2026)을 10월 5일부터 7일까지... 올해는 서울대가 QMS를 국내 최초로 유치했으며, 삼성미래기술육성재단의 국제 학술교류 프로그램인...",2026-10-05 12:00,https://www.veritas-a.com/news/articleView.html?idxno=630363,https://www.veritas-a.com/news/articleView.html?idxno=630363
서울대학교,아시아경제,[르포]총성 멎은 펀치볼…철책 따라 식물 1840종을 기록하다,국립수목원은 서울대·목포대와 함께 북한 관속식물 목록을 정리해 2223종의 북한식물 체크리스트를 구축했다. 해외에 남아 있는 북한·북방계 식물을 다시 확보하는 시도도 하고 있다. 신 원장은 남북 관계가 풀려...,2026-10-05 12:00,https://view.asiae.co.kr/article/2026100415332138464,https://n.news.naver.com/mnews/article/277/0005824604?sid=105
연세대학교,뉴스엔,음담패설 16기 상철 이어 막말 논란 32기 영수 ‘계약결혼’ 새신랑 출...,"10월 5일 방송되는 KBS Joy‧MBC에브리원 ‘계약결혼’에 연세대학교 경제학과를 졸업한 공인회계사 최정현이 두 번째 신랑으로 등장한다. 32기 영수는 SBS Plus, ENA '나는 솔로' 돌싱특집에 출연해 인성 논란에 휩싸였던...",2026-10-05 11:57,https://www.newsen.com/news_view.php?uid=202610051151072410,https://m.entertain.naver.com/article/609/0001175535
연세대학교,뉴스민,[무비053] 부활하는 산하,"작업은 연세대학교 총학생회의 제작 후원 아래 ‘연세영화패’가 제작을 담당했다. 제작연도는 1986년, 그해... 극장 상영은 엄두도 못 내고 주로 대학 교내에서 공개하다 보니 상영본 반입부터 007 작전처럼 펼쳐졌던...",2026-10-05 11:54,https://www.newsmin.co.kr/news/137775/,https://www.newsmin.co.kr/news/137775/
서울대학교,파이낸셜뉴스,대학 건물 6동 중 1동 '40년 넘어'… 낡을수록 보수 필요 판정 비율 높아,서울대는 1975년 관악캠퍼스 이전 무렵 지은 건물이 한꺼번에 50년을 맞아 50년 넘은 건물만 74동이다. 광복 이전에 지은 건물이 지금도 강의실로 쓰이는 사례도 있다. 1942년 지은 서울과학기술대 다산관과...,2026-10-05 11:50,https://www.fnnews.com/news/202610051148116895,https://n.news.naver.com/mnews/article/014/0005584938?sid=102
연세대학교,bnt뉴스,"이예준, 1년 만의 단독 콘서트 전 회차 매진","오는 11월 14일과 15일 서울 연세대학교 백주년기념관 콘서트홀에서 열리는 이예준의 2026 단독 콘서트... 더 타임리스 보이스’는 11월 14일 오후 6시, 15일 오후 4시 연세대학교 백주년기념관 콘서트홀에서 개최된다.",2026-10-05 11:48,https://www.bntnews.co.kr/article/view/bnt202610050127,https://www.bntnews.co.kr/article/view/bnt202610050127
서울대학교,KBS,SNS에 일상 자주 올린다면…‘이것’ 의심해봐야? [이런뉴스],민경복 서울대 의과대학 예방의학교실 교수 연구팀은 '2024년 서울서베이'에 참여한 서울 거주 성인 3만 4천여 명의 SNS 이용과 외로움의 연관성을 분석해 이같은 사실을 확인했습니다. 연구진은 가족 또는 가족 이외의...,2026-10-05 11:43,https://news.kbs.co.kr/news/pc/view/view.do?ncd=8677870&ref=A,https://n.news.naver.com/mnews/article/056/0012267933?sid=121
서울대학교,뉴스경남,"경상국립대 김건우 교수 참여 공동 연구팀, '2026 가명정보 활용 경진대...",경상국립대(총장 권진회)는 환경산림과학부 김건우 교수가 참여한 공동연구팀(국립산림과학원·서울대... 시상식은 9월 30일 서울 서초구 엘타워에서 열렸다. 올해는 총 123개 팀이 참가해 모두 20점이 시상됐으며...,2026-10-05 11:42,https://www.newsgn.com/news/articleView.html?idxno=577448,https://www.newsgn.com/news/articleView.html?idxno=577448
고려대학교,데일리안,병원 부당지시에 환자 폭언까지…간호사 인권침해 대책 논의,국회의원들의 개회사와 신경림 대한간호협회 회장의 인사말에 이어 정책토론회에서는 이주호 고려대학교 노동문제연구소 보건의료정책연구센터장이 좌장을 맡는다. 김정미 간호협회 간호노동개혁위원회 위원장 겸...,2026-10-05 11:41,https://www.dailian.co.kr/news/view/1697870/?sc=Naver,https://n.news.naver.com/mnews/article/119/0003139464?sid=103
연세대학교,국제뉴스,"'계약결혼' 32기 영수, 확 달라진 모습...신부 정체는 국화?",그런 가운데 오늘 방송에서는 연세대학교 경제학과를 졸업한 공인회계사 최정현이 빈틈없는 서울 출신 엘리트이지만 의외의 인간미를 갖춘 두 번째 신랑으로 모습을 드러낸다. 특히 187cm의 큰 키를 가진 최정현은 보디...,2026-10-05 11:36,https://www.gukjenews.com/news/articleView.html?idxno=3713233,https://www.gukjenews.com/news/articleView.html?idxno=3713233
고려대학교,TFMEDIA,[전문가 칼럼] 먹고 마시는 즐거움의 유한함,"선택 •《적벽대전 이길 수밖에 없는 제갈량의 전략기획서》 ,《공부의 품격》 출간 •(현)SK그룹 내 마케팅 임원 •성균관대학교, EMBA 석사, 고려대학교 전기공학과 졸업 욕망은 끝이 없지만, 삶은 유한합니다. [사진=셔터스톡]",2026-10-05 11:36,https://www.tfmedia.co.kr/news/article.html?no=207657,https://www.tfmedia.co.kr/news/article.html?no=207657
서울대학교,뉴스1,"""남들은 행복한데""…남과 비교하는 SNS 이용자 '외로움' 더 느낀다",5일 대한예방의학회 국제학술지에 게재된 논문에 따르면 민경복 서울대 의과대학 예방의학교실 교수 연구팀은 '2024년 서울서베이'에 참여한 서울 거주 성인 3만 4142명의 SNS 이용 행태와 외로움의 연관성을...,2026-10-05 11:32,https://www.news1.kr/bio/welfare-medical/6310432,https://n.news.naver.com/mnews/article/421/0009209651?sid=105
연세대학교,OSEN,"이예준, 1년 만에 단콘 전석 매진..웰메이드 라이브 기대",소속사에 따르면 오는 11월 14일과 15일 서울 서대문구 연세대학교 백주년기념관 콘서트홀에서 열리는 이예준의 2026 단독 콘서트 ‘YE’STERDAY : The Timeless Voice (예스터데이 : 더 타임리스 보이스)’가 전석...,2026-10-05 11:32,http://www.osen.co.kr/article/G1112887676,https://m.entertain.naver.com/article/109/0005618376
고려대학교,JTBC,"금융권 해킹, 중국AI가 공격?…전문가 ""사람 해킹 추정도…관리 부실한...",[김승주 / 고려대 정보보호대학원 교수 (MBC '김종배의 시선집중')] 이 아르텍스라고 하는 도구가 여러 AI를 연결시킬 수가 있습니다. 그래서 기본적으로 앤트로픽의 클로드라든가 오픈AI 같은 것들은 기본으로 연결할 수...,2026-10-05 11:32,https://news.jtbc.co.kr/article/NB12321364?influxDiv=NAVER,https://n.news.naver.com/mnews/article/437/0000514092?sid=102
서울대학교,오마이뉴스,"검찰이 할 수 있었으나 하지 않은 일이 초래한 고통 [김종성의 '히, 스토...",이 드라마의 촬영지인 서울 종로구 대학로 학림다방은 학생들의 추억이 서린 곳이다. 서울대학교 문리대학이 이 부근에 있었을 때는 '서울대 문리대 제25강의실'로도 불렸다. ▲  우리나라 최고의 커피하우스 학림. 2009년...,2026-10-05 11:31,https://www.ohmynews.com/NWS_Web/View/at_pg.aspx?CNTN_CD=A0003271845&CMPT_CD=P0010&utm_source=naver&utm_medium=newsearch&utm_campaign=naver_news,https://n.news.naver.com/mnews/article/047/0002531198?sid=100
연세대학교,미디어오늘,KBS 대하사극 '문무' 방영일 확정… '고려거란전쟁'과 다르다?,"지난 4월24일 홈페이지에 공개된 'KBS 4월 시청자위원회 회의록'(4월16일 회의 진행)에 따르면 KBS드라마센터장은 ""관련 자문단은 연세대학교 교수님 중심으로 총 네 분 정도가 자문단으로 구성이 되어 있다""며 ""제가...",2026-10-05 11:28,https://www.mediatoday.co.kr/news/articleView.html?idxno=337529,https://n.news.naver.com/mnews/article/006/0000138058?sid=103
서울대학교,SIDAE,'SNS 자랑'의 역설?…'일상 공유' 60세 이상이 더 외롭다,5일 민경복 서울대 의과대학 예방의학교실 교수 연구팀은 '2024년 서울서베이'에 참여한 서울 거주 성인 3만4천142명(평균 연령 52.3세) SNS 이용과 외로움의 연관성을 분석했다. 이들 중 SNS를 이용하는 사람은 2만5천134명...,2026-10-05 11:25,https://www.sidae.com/article/2026100511170326476,https://n.news.naver.com/mnews/article/417/0001160059?sid=102
서울대학교,전남일보,전남광주시 '출범 100일 시민음악회' 연다,서울대학교 전기공학부와 작곡과(지휘 전공)를 졸업하고 미국 커티스음악원과 템플대학교에서 수학한 백윤학은 콘서트와 오페라를 아우르는 무대에서 활동해 온 지휘자다. 전남광주연합오케스트라 협연 이번...,2026-10-05 11:23,https://www.jnilbo.com/news/articleView.html?idxno=90000070911,https://www.jnilbo.com/news/articleView.html?idxno=90000070911
고려대학교,메디컬월드뉴스,의료 AI 실증 현장 점검…고려대 구로병원서 병원·기업 애로 청취,보건복지부(장관 정은경)와 한국보건의료정보원(원장 염민섭)이 지난 1일 고려대학교 구로병원을 방문해... ◆흉부 X-ray 예비판독·암 진단 정보 측정 시연 이번 방문에서는 고려대 구로병원에서 ㈜숨빗에이아이와...,2026-10-05 11:10,https://medicalworldnews.co.kr/news/view.php?idx=1510977635,https://medicalworldnews.co.kr/news/view.php?idx=1510977635
연세대학교,이투데이,"이예준, 단독 콘서트 전석 매진…공연 강자 입증",11월 14~15일 서울 서대문구 연세대학교 백주년기념관 콘서트홀에서 열리는 2026 이예준 단독 콘서트 ‘YE’STERDAY : The Timeless Voice(예스터데이 : 더 타임리스 보이스)’가 전 회차 매진을 기록했다. 2022년부터 매년...,2026-10-05 11:10,https://enter.etoday.co.kr/news/view/303314,https://enter.etoday.co.kr/news/view/303314
연세대학교,전자신문,KTC 6대 원장에 양병내 전 산업통상자원부 통상차관보 취임,"행정고시 39회로 공직에 입문한 양 원장은 연세대 경제학과를 졸업하고 미국 미주리대 대학원에서 경제학 박사 학위를 취득했다. 청와대 대통령비서실 행정관, 산업통상자원부 수소경제정책관, 통상차관보 등을 거쳐...",2026-10-05 11:01,https://www.etnews.com/20261004000027,https://n.news.naver.com/mnews/article/030/0003472268?sid=100
고려대학교,뉴시스,본안까지 갈까…'최저임금 취소' 12월 첫 변론,"등을 고려해 정한다'고 규정하고 있다. 황 변호사는 ""현재 소상공인들이 처한 현실을 감안할 때 헌법적... 박지순 고려대 법학전문대학원 교수는 ""법원에서 원고인 소공연의 주장을 인용하기가 논리적으로나...",2026-10-05 11:01,https://www.newsis.com/view/NISX20261002_0003812978,https://n.news.naver.com/mnews/article/003/0014233514?sid=101
서울대학교,에너지경제,"[EE칼럼] 전력 공기업 구조조정, 미래를 위한 투자와 혁신을 기대한다",허은녕 서울대학교 에너지시스템공학부 교수/ 전 세계에너지경제학회(IAEE) 부회장 지난 9월 3일 정부가'공공기관 기능개혁 추진 방안'을 발표하였다. 109개에 이르는 공공기관의 구조조정을 시작하겠다는 발표였다....,2026-10-05 11:00,https://www.ekn.kr/web/view.php?key=20261005028364701,https://www.ekn.kr/web/view.php?key=20261005028364701
연세대학교,MHN스포츠,"이예준, 1년 만의 단독 콘서트 전 회차 매진…'공연 강자' 저력 입증","이번 공연은 서울 서대문구 연세대학교 백주년기념관 콘서트홀에서 열린다. 이예준은 지난 2022년부터... 수 있으며, 단독 콘서트는 11월 14일 오후 6시와 15일 오후 4시 연세대학교 백주년기념관 콘서트홀에서 개최된다.",2026-10-05 10:57,https://mhnse.com/news/articleView.html?idxno=1575128,https://m.entertain.naver.com/article/445/0000472383
서울대학교,서울신문,"출범 100일 전남광주통합특별시, ‘시민음악회’로 새출발 기념",서울대학교 전기공학부와 작곡과(지휘 전공)를 졸업하고 미국 커티스음악원과 템플대학교에서 수학한 백 지휘자는 콘서트와 오페라를 아우르는 무대에서 활동해왔다. 이번 무대에서는...,2026-10-05 10:56,https://www.seoul.co.kr/news/life/2026/10/05/20261005500035?wlog_tag3=naver,https://n.news.naver.com/mnews/article/081/0003686041?sid=103
연세대학교,매일일보,"[전문가 기고] 글로벌탑10코리아, 강대국의 '글로벌전략' 필요한가","백우열 연세대 정치외교학과 교수   |  지난 며칠 우크라이나가 한반도에서 전쟁이 임박했다고 주장해서 화제가 되고 있다. ""응? 진짜?"", ""우크라이나가 왜 저런 소리를 해?""라는 반응이 대부분이고 실제로도 현 한반도...",2026-10-05 10:56,https://www.m-i.kr/news/articleView.html?idxno=2002563,https://www.m-i.kr/news/articleView.html?idxno=2002563
고려대학교,NC,"목숨 걸고 지킨 우리 글자, 이제 세계가 배운다...'한글, 100년의 편지'","고려대학교 남기춘 교수의 자문을 받아 진행한 실험에는 한글과 한자를 접한 경험이 없는 12개국 출신... 성균관대학교 한국어교육학과에는 케냐, 크로아티아, 태국, 몽골, 카자흐스탄, 인도네시아 등 여러 나라에서 온...",2026-10-05 10:55,https://www.nc.press/news/articleView.html?idxno=627765,https://www.nc.press/news/articleView.html?idxno=627765
연세대학교,톱스타뉴스,"이예준, 단독 콘서트 전석 매진으로 공연 강자 입증","이번 단독 콘서트는 11월 14일과 15일 서울 서대문구 연세대학교 백주년기념관 콘서트홀에서 열린다.... 2026 이예준 단독 콘서트 'YE'STERDAY : The Timeless Voice'는 11월 14일 오후 6시와 15일 오후 4시, 연세대학교...",2026-10-05 10:46,https://www.topstarnews.net/news/articleView.html?idxno=16238410,https://www.topstarnews.net/news/articleView.html?idxno=16238410
서울대학교,내일신문,"중국 동북, 과거 넘어 협력의 땅으로","강광문 서울대 법학전문대학원 교수는 “250여 년 전 박지원의 ‘열하일기’가 중국 북방에 대한 당대의 이해를 넓혀주었다면, 오늘날 압록강과 두만강 너머의 세계를 이해하기 위해서는 바로 이 책을 읽어야 할 것”...",2026-10-05 10:42,https://www.naeil.com/news/read/604151?ref=naver,https://www.naeil.com/news/read/604151?ref=naver
서울대학교,경향신문,"전국 대학 건물 6동 중 1동, 지은 지 40년 넘어…개축 없다면 10년 뒤엔...",5일 국회 교육위원회 소속 한병도 더불어민주당 의원이 교육부에서 제출받은 전국 382개 대학 교육용... 서울대는 1975년 관악캠퍼스 이전 무렵 지어진 건물이 한꺼번에 노후화하면서 50년 이상 된 건물만 74동에...,2026-10-05 10:36,https://www.khan.co.kr/article/202610051036001,https://n.news.naver.com/mnews/article/032/0003474245?sid=102
연세대학교,연합뉴스,연고전 암표 잡으려 학생들이 '함정수사'…학내선 단속방식 논란,구매자 가장해 현장 적발·20장 회수…개인정보 수집·공개에 반발 연세대와 고려대의 정기 교류전인 '연고전... 지난달 30일 대학 생활 플랫폼 '에브리타임'의 고려대 게시판에 올라온 '9/29 체육국 티켓 회수 절차의 위법성...,2026-10-05 10:32,https://www.yna.co.kr/view/AKR20261005022800004?input=1195m,https://n.news.naver.com/mnews/article/001/0016357425?sid=102
고려대학교,연합뉴스,연고전 암표 잡으려 학생들이 '함정수사'…학내선 단속방식 논란,지난달 30일 대학 생활 플랫폼 '에브리타임'의 고려대 게시판에 올라온 '9/29 체육국 티켓 회수 절차의 위법성 검토 및 피해 학우 공동 법적 대응 안내' 게시글은 100개가 넘는 공감을 얻으며 인기 글에 올랐다. 티켓 발급...,2026-10-05 10:32,https://www.yna.co.kr/view/AKR20261005022800004?input=1195m,https://n.news.naver.com/mnews/article/001/0016357425?sid=102
연세대학교,천지일보,"'계약결혼' 최정현, ""진짜 결혼할 수도""… 새 신부 만난 뒤 적극 변신",연세대학교 경제학과를 졸업한 최정현은 187cm의 큰 키에 보디 프로필 준비 과정에서 9kg을 감량한 모습으로 등장한다. 새로운 상대와의 만남을 앞둔 그는 현재도 싱글이라며 이전보다 결혼을 진지하게 생각하게 됐다고...,2026-10-05 10:30,https://www.newscj.com/news/articleView.html?idxno=3437870,https://www.newscj.com/news/articleView.html?idxno=3437870
연세대학교,엑스포츠뉴스,"32기 회계사 영수, SRT 승무원 국화와 '계약결혼'? 9kg 감량까지 ""절박해...",5일 방송하는 ‘계약결혼’ 2회에서는 연세대학교 경제학과를 졸업한 공인회계사 최정현이 빈틈없는 서울 출신 엘리트이지만 의외의 인간미를 갖춘 두 번째 신랑으로 모습을 드러낸다. '나는 솔로'에서 32기 영수로...,2026-10-05 10:30,https://www.xportsnews.com/article/2204227,https://m.entertain.naver.com/article/311/0002065490
연세대학교,아주경제,[이병종 칼럼] 카니 총리가 말하는 중견국 연대는 가능한가?,만에 하나 노벨 평화상이 카니 수상에게 돌아 간다면 이는 더할 수 없는 원군이 될 것이다. 필자 주요 이력 ▷연세대 언론정보학 박사 ▷AP통신 특파원 ▷뉴스위크 한국지국장 ▷서울외신기자클럽 회장,2026-10-05 10:30,https://www.ajunews.com/view/20261005101900298,https://www.ajunews.com/view/20261005101900298
서울대학교,연합뉴스,[연합뉴스 이 시각 헤드라인] - 10:30,5일 의료계에 따르면 민경복 서울대 의과대학 예방의학교실 교수 연구팀은 '2024년 서울서베이'에 참여한 서울 거주 성인 3만4천142명(평균 연령 52.3세)의 SNS 이용과 외로움의 연관성을 분석해 이러한 사실을...,2026-10-05 10:30,https://www.yna.co.kr/view/AKR20261005021200011?input=1195m,https://n.news.naver.com/mnews/article/001/0016357422?sid=101
서울대학교,DDANZI,[뉴공 아카이브]퍼니포: DMZ 정보 출처 해명 요구에… 한동훈 ‘고 노무...,그러면 이것 때문에 계속해서 물어보는데 이분이 당시 서울대 병원의 수술 집도의를 2017년에 만나가지고... ▷봉지욱 : 형님이 서울대 최종길 사건 아시죠?홍사훈 : 네.▷봉지욱 : 최종길 의문사 사건. 동생이잖아요. 친동생....,2026-10-05 10:30,http://www.ddanzi.com/896315450,http://www.ddanzi.com/896315450
고려대학교,SIDAE,"""AI 페라리급 해킹, AI로 막아야""…정교한 2차 공격도 우려","박근혜 정부 청와대 안보특별보좌관과 윤석열 정부 사이버특별보좌관을 지낸 임종인 고려대 정보보호대학원 석좌교수는 ""AI 공격을 개별 금융회사의 힘만으로 막기는 어렵다. 국가 차원의 대응과 미국 공조를 강화해야...",2026-10-05 10:22,https://www.sidae.com/article/2026100423160669954,https://n.news.naver.com/mnews/article/417/0001160047?sid=101
서울대학교,전자신문,"[반도체 라이징 스타]엑시나, 스스로 계산하는 메모리로 AI 인프라 비...",※[반도체 라이징 스타] 시리즈는 중소벤처기업부와 창업진흥원이 지원하는 '2026년 초격차 스타트업 프로젝트 (DIPS)' 프로젝트의 일환으로 서울대학교 시스템반도체산업진흥센터와 함께 진행합니다.,2026-10-05 10:21,https://www.etnews.com/20261005000055,https://n.news.naver.com/mnews/article/030/0003472249?sid=105
연세대학교,스포티비뉴스,"'나솔' 32기 막말 영수, 9kg 감량→확 달라진 비주얼…새 신부 보자 ""너...",5일 방송되는 KBS Joy·MBC에브리원 예능 '계약결혼'에서는 연세대학교 경제학과를 졸업한 공인회계사 최정현이 빈틈없는 서울 출신 엘리트이지만 의외의 인간미를 갖춘 두 번째 신랑으로 모습을 드러낸다. 특히 187cm의 큰...,2026-10-05 10:19,https://www.spotvnews.co.kr/news/articleView.html?idxno=1011361,https://m.entertain.naver.com/article/477/0000631547
서울대학교,아시아경제,"SNS에 일상 적극 공유하는 고령층…""외로움 더 느낀다""",5일 민경복 서울대 의과대학 예방의학교실 교수 연구진은 '2024년 서울서베이'에 참여한 서울 거주 성인 3만 4142명(평균 연령 52.3세)의 SNS 이용과 외로움의 연관성을 분석했다. 이들 가운데 SNS를 이용하는 사람은...,2026-10-05 10:11,https://view.asiae.co.kr/article/2026100509521660589,https://n.news.naver.com/mnews/article/277/0005824574?sid=102
고려대학교,뉴시스,"""비번 끝 숫자만 바꾸면 뚫린다""…금융 AI 해킹 '2차 피해' 막으려면[긴...","이상근 고려대 정보보호대학원 교수는 ""여러 공격을 분석해보면 아이디, 비밀번호가 유출됐더라도 2차 인증을 거치는 과정 때문에 로그인이 불가능하다""며 ""또 (해당 서비스) 보안 체계가 잘 갖춰져 있다면 공격자가 여러...",2026-10-05 10:07,https://www.newsis.com/view/NISX20261004_0003814078,https://n.news.naver.com/mnews/article/003/0014233434?sid=105
서울대학교,여성경제신문,"[김성재 칼럼] 코넬대 집단 성폭행 사건, 대학의 미래에 어떤 메시지를...",김성재 퍼먼대학교 경영학과 교수 서울대 경제학과를 졸업한 후 종합금융회사에서 외환딜러 및 국제투자 업무를 담당했다. IMF 외환위기 당시 예금보험공사로 전직해 적기 정리부와 비서실에서 근무했다. 2005년...,2026-10-05 10:06,https://www.womaneconomy.co.kr/news/articleView.html?idxno=259322,https://www.womaneconomy.co.kr/news/articleView.html?idxno=259322
서울대학교,매경헬스,항암방사선치료해도 남는 식도암…'종양 가장자리'에 단서,"서울대학교병원 방사선종양학과 장범섭·김학재 교수, 심장혈관흉부외과 나권중 교수, 병리과 이혜승 교수와 김병혁 전 서울특별시보라매병원 방사선종양학과 교수 공동 연구팀은 수술 전 항암방사선치료 후...",2026-10-05 10:00,http://www.mkhealth.co.kr/news/articleView.html?idxno=80328,http://www.mkhealth.co.kr/news/articleView.html?idxno=80328
고려대학교,주간조선,"""은행이 이렇게 쉽게 뚫린다고?""…금융사 7곳 덮친 'AI 해커'","김승주 고려대 정보보호대학원 교수는 뉴스1에 ""지금 필요한 것은 중국산 AI가 공격했다는 식의 성급한 결론이 아니다""라며 현재 함께 거론되는 은행 관련 사례 가운데 ARTEX나 AI와 무관한 사례도 섞여 있다고 지적했다....",2026-10-05 10:00,http://weekly.chosun.com/news/articleView.html?idxno=55883,https://n.news.naver.com/mnews/article/053/0000062008?sid=101
서울대학교,MHN스포츠,"노작홍사용문학관, '이상·윤동주 삶과 시세계' 집중 조명하는 문학특강...",1부에서는 대한민국예술원 회원이자 서울대학교 명예교수인 권영민 평론가가 연단에 올라 '슬픈 이상... 이어 2부에서는 김신정 평론가(한국방송통신대학교)가 '윤동주의 오래된 노트―원고노트에 담긴 시와 시인의 여정...,2026-10-05 10:00,https://www.mhns.co.kr/news/articleView.html?idxno=762716,https://www.mhns.co.kr/news/articleView.html?idxno=762716
고려대학교,MBC,"[시선집중] 김승주 ""금융권 해킹, 정문 아닌 관리 부실한 '쪽문' 뚫린 것...",https://www.youtube.com/watch?v=OvCQMUM8ovY ■ 방송 : MBC 라디오 표준FM 95.9MHz (07:05~08:30) ■ 진행 : 김종배 시사평론가 ■ 대담 : 김승주 고려대 정보보호대학원 교수 ☏ 진행자 > 제1금융권은 물론 제2금융권까지...,2026-10-05 09:55,https://n.news.naver.com/mnews/article/214/0001527193?sid=100,https://n.news.naver.com/mnews/article/214/0001527193?sid=100
연세대학교,MBC,"'계약결혼' 두 번째 새신랑 최정현, 환골탈태한 모습으로 등장 ""절박해...",그런 가운데 오늘 방송에서는 연세대학교 경제학과를 졸업한 공인회계사 최정현이 빈틈없는 서울 출신 엘리트이지만 의외의 인간미를 갖춘 두 번째 신랑으로 모습을 드러낸다. 특히 187cm의 큰 키를 가진 최정현은 보디...,2026-10-05 09:52,http://enews.imbc.com/News/RetrieveNewsInfo/520093,https://m.entertain.naver.com/article/408/0000323270
연세대학교,치과신문,서울대치과병원 인체유래물은행 심포지엄,"제5기 사업은 서울대치과병원을 주관기관으로, 연세대치과병원, 사과나무치과병원, 부산대치과병원 등 3개 기관이 협력은행으로 참여 중이다. 심포지엄에서는 송재민 교수(부산치대 구강악안면외과)가 연자로 나서...",2026-10-05 09:44,https://www.dentalnews.or.kr/news/article.html?no=48347,https://www.dentalnews.or.kr/news/article.html?no=48347
연세대학교,한경매거진,미국 주식시장이 하락하지 않는 이유… “변화가 돈이다” [조병문의 M...,"조병문 메디치투자일임 대표이사·연세대 경영학과 연구교수 대신경제연구소를 시작으로 NH투자 증권 기업분석부장, KB증권 리서치센 터장(상무), 유진투자증권 리서치센터장(전무)을 역임한 정통 베테랑...",2026-10-05 09:44,https://magazine.hankyung.com/business/article/202610017941b,https://n.news.naver.com/mnews/article/050/0000111638?sid=101
서울대학교,치과신문,서울대치과병원 인체유래물은행 심포지엄,"연구 성과 공유 및 참여기관 협력 강화  서울대치과병원(원장 김성균) 인체유래물은행이 지난 9월 18일... 제5기 사업은 서울대치과병원을 주관기관으로, 연세대치과병원, 사과나무치과병원, 부산대치과병원 등 3개...",2026-10-05 09:44,https://www.dentalnews.or.kr/news/article.html?no=48347,https://www.dentalnews.or.kr/news/article.html?no=48347
연세대학교,스포츠조선,"32기 돌싱 영수, 9kg 빼더니 자신감도 올랐나…3시간 만에 손 덥석(계약...",5일 방송되는 KBS Joy·MBC에브리원 '계약결혼' 2회에서는 연세대학교 경제학과를 졸업한 공인회계사 최정현이 두 번째 신랑으로 등장한다. 187cm의 큰 키를 자랑하는 최정현은 이날 보디 프로필 촬영을 위해 9kg을 감량한...,2026-10-05 09:32,https://www.sportschosun.com/entertainment/2026-10-05/202610050100030440001937,https://m.entertain.naver.com/article/076/0004453058
고려대학교,BBS NEWS,"서울시 기후동행카드, 2천500만건 충전...이달부터 기후동행 패스로 정...","기후동행카드의 이용이 가장 많았던 지하철역은 2호선 한양대역이며 6호선 고려대역과 3호선 동대입구역, 2호선 이대역, 6호선 안암역이 뒤를 이었습니다. 기후동행패스 도입에 따라 기존 기후동행카드의 정기권...",2026-10-05 09:30,https://news.bbsi.co.kr/news/articleView.html?idxno=4110296,https://news.bbsi.co.kr/news/articleView.html?idxno=4110296
고려대학교,경남도민일보,인제대 강규완·박용준 씨 '2026 STOB 리그' 대상·최우수상,인제대학교 학생들이 고려대학교 학생들과 연합팀을 구성해 전국 규모 반도체 기술경진대회에서 대상과 최우수상을 차지했다. 인제대 차세대AI반도체특성화대학사업단 소속 나노융합공학부 3학년 강규완 학생이...,2026-10-05 09:22,https://www.idomin.com/news/articleView.html?idxno=2016223,https://www.idomin.com/news/articleView.html?idxno=2016223
서울대학교,공감신문,SNS 공유가 외로움 키운다? 서울대 연구의 충격적 결과,"서울대 의과대학 예방의학교실의 연구팀이 서울에 거주하는 성인 34,142명을 대상으로 SNS 사용과 외로움의 관계를 분석한 결과, 이 같은 사실이 밝혀졌다. 연구 대상자들의 평균 연령은 52.3세였으며, 조사 대상 중 25...",2026-10-05 09:20,https://www.gokorea.kr/news/articleView.html?idxno=880422,https://www.gokorea.kr/news/articleView.html?idxno=880422
서울대학교,TBC대구방송,경북대 교수 5년간 53명 징계...'거점 국립대 최다',"경북대학교가 전국 거점 국립대 가운데 각종 비위로 징계를 받은 교수가 가장 많은 것으로 나타났습니다.... 53명으로 가장 많다고 밝혔습니다. 경북대 다음으로는 강원대 52건, 서울대 47건 순으로 집계됐습니다.",2026-10-05 09:18,https://www.tbc.co.kr/news/view?pno=20261004105632AE06372&id=211727,https://www.tbc.co.kr/news/view?pno=20261004105632AE06372&id=211727
고려대학교,뉴시스,"""7분 만에 뚫리면 7초 만에 막아야""…AI 해커 맞설 AI 보안체계 시급[긴...","이상근 고려대 AI보안연구소장은 담당자가 이메일로 주의를 당부한 뒤 대응하는 방식에서 벗어나 정보 공유와 대응을 자동화해야 한다며 ""공격이 기계 속도로 들어오는 만큼 방어도 기계 속도로 이뤄지도록 해야 한다...",2026-10-05 09:17,https://www.newsis.com/view/NISX20261004_0003814055,https://n.news.naver.com/mnews/article/003/0014233386?sid=105
고려대학교,스마트경제,"""피 안 뽑고 땀으로 약물 감시""… 고려대, 땀 속 약물·대사물질 추적 '...","고려대학교(총장 김동원)는 정호상·유용상 바이오의공학부 교수 공동연구팀이 피를 뽑지 않고 땀을 통해... 연구를 이끈 정호상 고려대 바이오의공학부 교수는 ""채혈의 고통이나 불편함 없이 피부 위에서 체내 약물...",2026-10-05 09:16,http://www.dailysmart.co.kr/news/articleView.html?idxno=130577,http://www.dailysmart.co.kr/news/articleView.html?idxno=130577
연세대학교,앳스타일,"'나솔' 32기 돌싱 영수, 재혼 신부 만난 지 3시간 만에 스킨십…너무 절...",5일 KBS Joy‧MBC에브리원 '계약결혼' 측에 따르면 연세대학교 경제학과를 졸업한 공인회계사 최정현이 등장한다. 최정현은 '나는솔로' 32기 돌싱특집에 영수로 출연했던 인물. 187cm 최정현은 '계약결혼'을 앞두고 9kg을...,2026-10-05 09:12,http://www.atstar1.com/news/articleView.html?idxno=6039231,https://m.entertain.naver.com/article/415/0000052460
서울대학교,이로운넷,[팩트로 본 외국인②] 외국인 노동자가 한국인의 임금을 끌어내린다?,"한국은행 김혜진 연구위원과 이철희 서울대 교수는 외국인 노동자의 학력·경력 등 특성을 고려해 유사한 내국인과 비교한 결과, 한국 노동시장에 진입한 초기 외국인의 임금이 내국인보다 17~29% 낮았고...",2026-10-05 09:10,https://www.eroun.net/news/articleView.html?idxno=90178,https://www.eroun.net/news/articleView.html?idxno=90178
고려대학교,이데일리,2466만건 충전한 기후동행카드…정기권 혜택 패스로 이어간다,"대학가에서도 이용이 활발했다. 기후동행카드 이용률이 가장 높은 지하철역은 한양대역이었고 고려대역, 동대입구역, 이대역, 안암역이 뒤를 이었다. 30일권 월별 이용자는 서비스 초기인 2024년 2월 약 58만명에서...",2026-10-05 09:08,https://www.edaily.co.kr/News/Read?newsId=01659686645609968&mediaCodeNo=257&utm_source=naver&utm_medium=referral&utm_campaign=news_syndication&utm_content=original_article,https://n.news.naver.com/mnews/article/018/0006381041?sid=102
고려대학교,퀸,"대법관 재제청, 청와대·대법원 간 갈등 … ""협의만이 답""","김선택 고려대 법학전문대학원 명예교수는 ""대법관 제청권과 임명권은 우열 관계는 아니다""라면서도 ""임명 절차 안에 제청 절차가 있는 것이어서 제청은 대통령의 인사 절차 중 한 파트""라고 설명했다. 이어 ""대법원장이...",2026-10-05 09:06,http://www.queen.co.kr/news/articleView.html?idxno=464271,http://www.queen.co.kr/news/articleView.html?idxno=464271
서울대학교,브레이크뉴스,"전남광주특별시교육청, 최승복 前 부교육감 별세에 깊은 애도","1996년 행정고시 39회로 공직에 입문한 고인은 서울대학교 경영학과를 졸업하고... 이후 목포대학교 사무국장, 서울특별시교육청 기획조정실장, 교육부 역사교과서...",2026-10-05 09:04,http://www.breaknews.com/1240957,http://www.breaknews.com/1240957
서울대학교,세계비즈,"큐비스트, 서울대 의학박사 이형훈 CTO 영입…뷰티 디바이스 R&D 체계 고...",이형훈 기술이사는 전자공학 및 임베디드 소프트웨어를 전공한 이후 서울대학교 의과대학 의과학과에서 영상의학·의학물리 분야를 연구해 의학박사 학위를 취득했다. 공학 기술과 의료 분야를 접목한 연구를...,2026-10-05 09:02,http://www.segyebiz.com/newsView/20261002512694?OutUrl=naver,http://www.segyebiz.com/newsView/20261002512694?OutUrl=naver
서울대학교,전자신문,"하이퍼코퍼레이션 자회사 큐비스트, 서울대 의학박사 출신 CTO 영입…뷰...",코스닥 상장사 하이퍼코퍼레이션의 자회사 큐비스트가 이형훈 서울대학교 의학박사를 기술이사(CTO)로... 이 기술이사는 전자공학과 임베디드 소프트웨어를 전공한 뒤 서울대학교 의과대학 의과학과에서 영상의학...,2026-10-05 09:01,https://www.etnews.com/20261002000209,https://n.news.naver.com/mnews/article/030/0003472219?sid=101
서울대학교,이뉴스투데이,[위기의 K섬유③] 전통 제조업서 첨단산업으로···돌파구는 '고부가 전...,"지난 8월 열린 '프리뷰 인 서울(PIS) 2026'에서도 이 같은 흐름이 두드러졌다. 참가 업체들은 기능과 용도를... 추호정 서울대학교 의류학과 교수는 ""국내 섬유기업들은 설비가 노후화된 상황에서 성과 역시 좋지 않은...",2026-10-05 09:00,http://www.enewstoday.co.kr/news/articleView.html?idxno=2476633,http://www.enewstoday.co.kr/news/articleView.html?idxno=2476633
고려대학교,스마트경제,"""영하 78도·독성 물질 싹 뺐다""… 고려대·경북대, 항암제 원료 세계 최...","고려대학교(총장 김동원) 김경헌 생명과학대학 식품공학과, 대학원 융합생명공학과 교수 연구팀과 김동현 경북대학교 식품공학부 교수 연구팀이 자연계에 풍부한 오른손 모양 당인 'D-리보오스'를 고가의 의약품...",2026-10-05 09:00,http://www.dailysmart.co.kr/news/articleView.html?idxno=130574,http://www.dailysmart.co.kr/news/articleView.html?idxno=130574
고려대학교,베리타스알파,대입캘린더 (26/10/09~),"일일대학생 체험 '너희랑' 9~12월 중 하루 ▲숭실대 2학기 캠퍼스투어 9/1(화)~12/4(금) ▲인하대... (일) ▲건국대 고려대 성균관대 숙명여대 숭실대 11/21(토)~22(일) ▲가톨릭대 의예/약학, 경희대...",2026-10-05 09:00,https://www.veritas-a.com/news/articleView.html?idxno=630539,https://www.veritas-a.com/news/articleView.html?idxno=630539
연세대학교,베리타스알파,대입캘린더 (26/10/09~),"일일대학생 체험 '너희랑' 9~12월 중 하루 ▲숭실대 2학기 캠퍼스투어 9/1(화)~12/4(금) ▲인하대... 일정 ▲연세대 10/10(토) ▲가톨릭대, 중앙대 10/11(일) ▲단국대 자연 10/17(토), 인문 10/18(일) ▲건국대...",2026-10-05 09:00,https://www.veritas-a.com/news/articleView.html?idxno=630539,https://www.veritas-a.com/news/articleView.html?idxno=630539
서울대학교,베리타스알파,대입캘린더 (26/10/09~),"(일) ▲서울대 11/27(금)~28(토), 12/4(금)~5(토) ▲숭실대 11/27(금)~28(토) ▲서울시립대 숙명여대 11/28(토)~29(일) ▲단국대 11/28(토)~29(일), 12/5(토)~6(일) ▲가톨릭대 경희대 건국대 중앙대 12/5(토)~6(일)...",2026-10-05 09:00,https://www.veritas-a.com/news/articleView.html?idxno=630539,https://www.veritas-a.com/news/articleView.html?idxno=630539
연세대학교,스타뉴스,"32기 영수 최정현, 바프 때문에 9kg 감량 후 등장..""절박하다""[계약결혼...",5일 오후 방송되는 KBS Joy·MBC에브리원 예능 프로그램 '계약결혼' 2회에서는 연세대학교 경제학과를 졸업한 공인회계사 최정현이 두 번째 신랑으로 등장한다. 187cm의 큰 키를 가진 최정현은 보디 프로필 촬영을 위해 9kg을...,2026-10-05 08:52,https://www.starnewskorea.com/broadcast-show/2026/10/05/2026100508354095265,https://m.entertain.naver.com/article/108/0003476010
서울대학교,교수신문,"한국인의 삶을 기억하는 순간…""좋은 광고는 물건만 팔지 않는다""",김병희 서원대 광고홍보학과 교수 서울대 졸업 후 한양대 광고홍보학과에서 광고학박사를 받았다. 한국광고학회 제24대 회장과 한국PR학회 제15대 회장을 지냈다. 저서로 『AI와 광고회사에서 일하기』(커뮤니케이션북스...,2026-10-05 08:50,https://www.kyosu.net/news/articleView.html?idxno=210893,https://www.kyosu.net/news/articleView.html?idxno=210893
서울대학교,뉴스웨이,AI 안전성도 '셀프 점검'에서 외부 검증으로…네카오 대응은,네이버는 ASF 2.0을 마련하는 과정에서 서울대 인공지능 정책 이니셔티브 등 외부 전문가의 자문을 받았고 AI 세이프티 센터와 서비스 조직·이사회가 역할을 나누는 3계층 관리·감독 체계도 마련했다. 카카오는 외부...,2026-10-05 08:50,https://www.newsway.co.kr/news/view?ud=2026100216155929399,https://www.newsway.co.kr/news/view?ud=2026100216155929399
서울대학교,교수신문,국가가 세운 대학에 국가가 등급을 매기는 현실,"2023년 정부와 지방자치단체가 서울대에 준 재정지원은 1조 3,212억 원이다. 서울대를 뺀 9개 거점국립대 평균은 4,558억 원으로 서울대의 3분의 1 남짓이고, 제주대와 견주면 다섯 배 차이가 난다. 38개 국공립대 전체...",2026-10-05 08:50,https://www.kyosu.net/news/articleView.html?idxno=210895,https://www.kyosu.net/news/articleView.html?idxno=210895
고려대학교,교수신문,"""대학에 내 자리는 없었다""…겉도는 무전공","내걸고 대학 문턱을 넘은 신입생들은 1년을 채 버티지 못하고 대학을 떠나고 있다. 교육부와 한국대학교육... 고려대 학부대학의 전체 중도탈락률은 3.85%였으나, 정시 다군 무전공(학부대학) 선발 단위만 떼어놓고 보면...",2026-10-05 08:46,https://www.kyosu.net/news/articleView.html?idxno=210841,https://www.kyosu.net/news/articleView.html?idxno=210841
연세대학교,OSEN,"'나솔' PD 신작, 방송 2주 만에 MC들도 의문..""시간 더 필요"" 분열 ('계약...","5일 방송되는 KBS Joy·MBC에브리원 '계약결혼'에서는 연세대학교 경제학과를 졸업한 공인회계사 최정현이 두 번째 신랑으로 출연한다. 187cm의 큰 키를 가진 최정현은 최근 보디 프로필 촬영을 위해 9kg을 감량, 훤칠한...",2026-10-05 08:34,http://www.osen.co.kr/article/G1112887623,https://m.entertain.naver.com/article/109/0005618325
고려대학교,뉴시스,수십년 된 보안망도 '1분 컷'…AI가 바꾼 해킹의 법칙[긴급진단-AI 해킹...,"이상근 고려대 AI보안연구소장은 ""이번 은행권 사고들은 허술한 지점에 AI를 이용해서 쉽게 찾아낸 양상에 더 가깝다""며 기존 취약점들을 빠르게 찾고·공격을 자동화한 사례로 분석했다. 병원·상수도까지 위협…근본...",2026-10-05 08:32,https://www.newsis.com/view/NISX20261004_0003814034,https://n.news.naver.com/mnews/article/003/0014233330?sid=105
서울대학교,서울경제,[人터뷰+] “100큐비트급 양자컴보다 오류정정 기술에 올인해야”,한정훈 성균관대 물리학과 교수는 최근 경기도 수원시 교내 양자정보연구지원센터에서 진행된 서울경제신... 버클리대학교에서 연구원을 지낸 이론물리학자다. 국내 대표 원로 사학자인 고(故) 한영우 서울대...,2026-10-05 08:31,https://www.sedaily.com/article/20098051?ref=naver,https://n.news.naver.com/mnews/article/011/0004668163?sid=102
연세대학교,싱글리스트,"'계약결혼' 최정현, 9kg 감량 후 두 번째 새신랑 등장",5일 방송되는 KBS Joy·MBC에브리원 '계약결혼' 2회에는 연세대학교 경제학과를 졸업한 공인회계사 최정현이 출연한다. 서울 출신 엘리트인 그는 빈틈없는 조건과 대비되는 인간적인 면모를 지닌 두 번째 신랑으로...,2026-10-05 08:18,https://www.slist.kr/news/articleView.html?idxno=771038,https://www.slist.kr/news/articleView.html?idxno=771038
연세대학교,bnt뉴스,‘계약결혼’ 32기 영수 등장,5일 방송되는 KBS Joy·MBC에브리원 ‘계약결혼’ 2회에서는 연세대학교 경제학과를 졸업한 공인회계사 최정현이 두 번째 신랑으로 등장한다. 187cm의 큰 키를 가진 최정현은 보디 프로필 촬영을 위해 9kg을 감량한 모습으로...,2026-10-05 08:06,https://www.bntnews.co.kr/article/view/bnt202610050052,https://www.bntnews.co.kr/article/view/bnt202610050052
연세대학교,JTBC,"""전문 해커 수준 공격"" 손쉽게…진화하는 'AI 해킹'",[김범수/연세대 정보대학원 교수 : 그전에는 이 정도는 해커도 귀찮아서 안 할 거야라고 했던 것들이 해킹하는 비용들이 낮아진 부분이 있거든요. 관습적으로 방어하던 방법 외에 점검을 전반적으로 계속해야 될 필요가...,2026-10-05 08:04,https://news.jtbc.co.kr/article/NB12321339?influxDiv=NAVER,https://n.news.naver.com/mnews/article/437/0000514060?sid=101
연세대학교,뉴시스,"""약만 팔던 시절은 끝났다""…제약사 선택 '이것'","아울러 최근에는 연세대학교 디지털헬스연구원(YIDH)과 디지털 헬스케어 서비스 개발을 위해 업무협약을 체결하는 등 영역을 넓히고 있다. 제약업계 관계자는 ""제약사들의 축적된 마케팅, 영업 경험은 디지털 헬스케어...",2026-10-05 08:01,https://www.newsis.com/view/NISX20261002_0003813014,https://n.news.naver.com/mnews/article/003/0014233324?sid=102
연세대학교,디지털데일리,"[AI 시대, 통신법을 다시 묻다㊤] ‘통신사 독박 투자’ 공식 흔들린다",김동구 연세대 교수는 “앞으로 로봇의 경쟁력은 개별 로봇 한 대가 얼마나 똑똑하냐뿐 아니라 여러 로봇이 각자 학습한 경험을 서로 얼마나 빠르게 교환하고 학습하느냐에 달릴 수 있다”며 “결국 로봇의 경쟁력을...,2026-10-05 08:01,https://www.ddaily.co.kr/page/view/2026100203300824312,https://n.news.naver.com/mnews/article/138/0002243640?sid=105
서울대학교,뉴데일리경제,담배 유해성분 공개 초읽기 … 정보 늘면 금연 효과도 커질까,"2023년 서울대 연구진은 인구 변화와 흡연율, 담배규제 정책 효과 등을 반영해 미래 흡연율을 추정하는 시뮬레이션 모델 ‘SimSmoke’를 활용해 정책별 영향을 분석했다. 제5차 국민건강증진종합계획이 제시한...",2026-10-05 08:00,https://biz.newdaily.co.kr/site/data/html/2026/10/02/2026100200081.html,https://biz.newdaily.co.kr/site/data/html/2026/10/02/2026100200081.html
서울대학교,인사이트코리아,"김동관 부회장 우주수송 승부수...한화, 재사용 발사체 기술 선점","김승조 서울대 항공우주공학과 명예교수는 ""매번 기체를 새로 만들어 쏘고 버리는 방식으로는 장사를 할 수 없다""며 ""국가 주도 사업에서 벗어나 민간 주도의 상업화로 가려면 발사 단가를 낮출 재사용 로켓 확보는 선택이...",2026-10-05 08:00,https://www.insightkorea.co.kr/news/articleView.html?idxno=255829,https://www.insightkorea.co.kr/news/articleView.html?idxno=255829
연세대학교,뉴시스,"연세대 '알몸 복면남' 석달 넘도록 못 잡아…""혼자 못 다니겠어""","이다솜 오영주 수습 기자 = 서울 서대문구 연세대 일대에서 나체 상태로 복면을 쓴 남성이 여성들을 연쇄... 대학원생 오선미(25)씨는 ""원래는 새벽이나 늦은 저녁에도 기숙사까지 걸어왔는데 사건 이후에는 될 수 있으면...",2026-10-05 08:00,https://www.newsis.com/view/NISX20261002_0003812876,https://n.news.naver.com/mnews/article/003/0014233314?sid=102
서울대학교,연합뉴스,"서울대, 양자물질 국제학술회의 'QMS' 국내 첫 개최…80여명 집결","서울대는 삼성미래기술육성재단과 함께 이날부터 7일까지 경주에서 양자물질 국제학술회의 'QMS 2026'을... 이번 학술회의의 조직위원장인 박제근 서울대 물리천문학부 교수는 ""이번 QMS의 한국 개최는 연구 역량을 세계...",2026-10-05 08:00,https://www.yna.co.kr/view/AKR20261004041200004?input=1195m,https://n.news.naver.com/mnews/article/001/0016357288?sid=102
서울대학교,한국대학신문,"서울대, 양자물질 국제학술회의 QMS 2026 국내 최초 개최","서울대학교는 양자물질 분야의 국제학술심포지엄인 QMS 2026(Quantum Materials Synthesis 2026)을 5일부터 7일까지... 올해는 서울대학교가 QMS를 국내 최초로 유치했으며, 삼성미래기술육성재단의 국제 학술교류...",2026-10-05 08:00,https://news.unn.net/news/articleView.html?idxno=598259,https://news.unn.net/news/articleView.html?idxno=598259
